race_id,race_number,race_name,surface,distance_m,weather,going,start_time,race_date,racecourse,finish_pos,waku,umaban,horse_id,horse_name,sex_age,kinryo,jockey_id,jockey_name,time,margin,passing_order,last_3f,odds_final,popularity,weight,trainer_id,trainer_name,owner_id,owner_name,prize,corner1_raw,corner1_rank,corner1_group_size,corner1_gap_len_est,corner1_is_leader,corner2_raw,corner2_rank,corner2_group_size,corner2_gap_len_est,corner2_is_leader,corner3_raw,corner3_rank,corner3_group_size,corner3_gap_len_est,corner3_is_leader,corner4_raw,corner4_rank,corner4_group_size,corner4_gap_len_est,corner4_is_leader,track_index,track_comment
201605050301,1,2歳未勝利,ダ,1600,晴,重,09:55,2016-11-12,東京,1,1,2,2014106238,カーネリアン,牝2,54,01096,大野拓弥,1:37.8,,1-1,37.1,15.2,4,480(0),01059,[東]加藤征弘,675030,林正道,500.0,,,,,,,,,,,"(*2,6)13(1,11,15)(7,9)(3,14)-5(4,8)12,10-16",1,2,0.0,True,"(*2,6)(1,13)11,15(3,9)(7,14)5,8(4,12)(10,16)",1,2,0.0,True,-20,
201605050301,1,2歳未勝利,ダ,1600,晴,重,09:55,2016-11-12,東京,2,3,6,2014105042,プレシャスクイン,牝2,54,00663,蛯名正義,1:38.2,2.1/2,2-2,37.4,5.1,2,474(+2),00408,[東]田中清隆,616800,フジワラ・ファーム,200.0,,,,,,,,,,,"(*2,6)13(1,11,15)(7,9)(3,14)-5(4,8)12,10-16",2,2,0.0,False,"(*2,6)(1,13)11,15(3,9)(7,14)5,8(4,12)(10,16)",2,2,0.0,False,-20,
201605050301,1,2歳未勝利,ダ,1600,晴,重,09:55,2016-11-12,東京,3,2,3,2014106264,ヨイマチグサ,牝2,54,00641,柴田善臣,1:38.5,1.3/4,9-7,37.2,50.4,9,456(0),01035,[東]佐藤吉勝,563002,片山博志,130.0,,,,,,,,,,,"(*2,6)13(1,11,15)(7,9)(3,14)-5(4,8)12,10-16",9,2,0.0,False,"(*2,6)(1,13)11,15(3,9)(7,14)5,8(4,12)(10,16)",7,2,1.5,False,-20,
201605050301,1,2歳未勝利,ダ,1600,晴,重,09:55,2016-11-12,東京,4,7,13,2014102967,シュティーア,牝2,54,01009,柴田大知,1:39.0,3,3-3,38.0,29.3,7,452(+12),01080,[東]清水英克,546800,サラブレッドクラブ・...,75.0,,,,,,,,,,,"(*2,6)13(1,11,15)(7,9)(3,14)-5(4,8)12,10-16",3,1,0.0,False,"(*2,6)(1,13)11,15(3,9)(7,14)5,8(4,12)(10,16)",3,2,0.0,False,-20,
201605050301,1,2歳未勝利,ダ,1600,晴,重,09:55,2016-11-12,東京,5,8,16,2014100612,ルートフォーミー,牝2,54,05243,柴山雄一,1:39.0,クビ,16-15,36.6,49.5,8,440(-4),01076,[東]小笠倫弘,041002,前田晋二,50.0,,,,,,,,,,,"(*2,6)13(1,11,15)(7,9)(3,14)-5(4,8)12,10-16",16,1,8.5,False,"(*2,6)(1,13)11,15(3,9)(7,14)5,8(4,12)(10,16)",15,2,3.0,False,-20,
201605050301,1,2歳未勝利,ダ,1600,晴,重,09:55,2016-11-12,東京,6,8,15,2014100982,ワガミヨニフル,牝2,54,01018,和田竜二,1:39.1,1/2,4-6,37.9,18.0,5,494(+2),01100,[東]松山将樹,149033,内田玄祥,,,,,,,,,,,,"(*2,6)13(1,11,15)(7,9)(3,14)-5(4,8)12,10-16",4,3,0.0,False,"(*2,6)(1,13)11,15(3,9)(7,14)5,8(4,12)(10,16)",6,1,1.5,False,-20,
201605050301,1,2歳未勝利,ダ,1600,晴,重,09:55,2016-11-12,東京,7,7,14,2014104539,ハンドレッドアーツ,牝2,51,01158,野中悠太,1:39.1,アタマ,9-9,37.5,5.5,3,464(0),00390,[東]池上昌弘,851009,岡田牧雄,,,,,,,,,,,,"(*2,6)13(1,11,15)(7,9)(3,14)-5(4,8)12,10-16",9,2,0.0,False,"(*2,6)(1,13)11,15(3,9)(7,14)5,8(4,12)(10,16)",9,2,1.5,False,-20,
201605050301,1,2歳未勝利,ダ,1600,晴,重,09:55,2016-11-12,東京,8,6,11,2014100744,ガクルックス,牝2,54,01092,津村明秀,1:39.3,1.1/4,4-5,38.2,393.1,16,416(0),00436,[東]堀井雅広,716800,ビッグレッドファーム,,,,,,,,,,,,"(*2,6)13(1,11,15)(7,9)(3,14)-5(4,8)12,10-16",4,3,0.0,False,"(*2,6)(1,13)11,15(3,9)(7,14)5,8(4,12)(10,16)",5,1,0.0,False,-20,
201605050301,1,2歳未勝利,ダ,1600,晴,重,09:55,2016-11-12,東京,9,3,5,2014105894,ミッキークルソラ,牝2,54,00660,横山典弘,1:39.3,ハナ,11-11,37.5,22.7,6,466(0),01115,[東]菊沢隆徳,441007,野田みづき,,,,,,,,,,,,"(*2,6)13(1,11,15)(7,9)(3,14)-5(4,8)12,10-16",11,1,3.5,False,"(*2,6)(1,13)11,15(3,9)(7,14)5,8(4,12)(10,16)",11,1,1.5,False,-20,
201605050301,1,2歳未勝利,ダ,1600,晴,重,09:55,2016-11-12,東京,10,1,1,2014102606,グラスノーブル,牝2,54,01043,北村宏司,1:39.5,1.1/4,4-3,38.5,59.2,10,438(-8),01012,[東]大江原哲,541800,半沢,,,,,,,,,,,,"(*2,6)13(1,11,15)(7,9)(3,14)-5(4,8)12,10-16",4,3,0.0,False,"(*2,6)(1,13)11,15(3,9)(7,14)5,8(4,12)(10,16)",3,2,0.0,False,-20,
201605050301,1,2歳未勝利,ダ,1600,晴,重,09:55,2016-11-12,東京,11,2,4,2014105115,セイソ,牝2,54,00726,岩部純二,1:39.6,1/2,12-13,37.6,179.5,13,404(+4),01125,[東]小野次郎,629800,ミルファーム,,,,,,,,,,,,"(*2,6)13(1,11,15)(7,9)(3,14)-5(4,8)12,10-16",12,2,3.5,False,"(*2,6)(1,13)11,15(3,9)(7,14)5,8(4,12)(10,16)",13,2,3.0,False,-20,
201605050301,1,2歳未勝利,ダ,1600,晴,重,09:55,2016-11-12,東京,12,5,9,2014105292,バブルウィズジョイ,牝2,54,05212,Ｍ．デム,1:39.6,アタマ,7-7,38.2,1.6,1,480(+4),01103,[東]尾関知人,226800,サンデーレーシング,,,,,,,,,,,,"(*2,6)13(1,11,15)(7,9)(3,14)-5(4,8)12,10-16",7,2,0.0,False,"(*2,6)(1,13)11,15(3,9)(7,14)5,8(4,12)(10,16)",7,2,1.5,False,-20,
201605050301,1,2歳未勝利,ダ,1600,晴,重,09:55,2016-11-12,東京,13,6,12,2014100286,コロリズム,牝2,54,01029,武士沢友,1:39.9,1.1/2,14-13,37.8,375.7,15,450(+6),01024,[東]萱野浩二,855030,田頭勇貴,,,,,,,,,,,,"(*2,6)13(1,11,15)(7,9)(3,14)-5(4,8)12,10-16",14,1,3.5,False,"(*2,6)(1,13)11,15(3,9)(7,14)5,8(4,12)(10,16)",13,2,3.0,False,-20,
201605050301,1,2歳未勝利,ダ,1600,晴,重,09:55,2016-11-12,東京,14,5,10,2014101807,レオフェアリー,牝2,54,01109,黛弘人,1:40.6,4,15-15,38.2,161.2,12,486(+2),01008,[東]杉浦宏昭,209800,レオ,,,,,,,,,,,,"(*2,6)13(1,11,15)(7,9)(3,14)-5(4,8)12,10-16",15,1,5.0,False,"(*2,6)(1,13)11,15(3,9)(7,14)5,8(4,12)(10,16)",15,2,3.0,False,-20,
201605050301,1,2歳未勝利,ダ,1600,晴,重,09:55,2016-11-12,東京,15,4,8,2014100682,ヴァッラータ,牝2,54,01085,松岡正海,1:41.2,3.1/2,12-12,39.3,290.1,14,408(+6),01024,[東]萱野浩二,546800,サラブレッドクラブ・...,,,,,,,,,,,,"(*2,6)13(1,11,15)(7,9)(3,14)-5(4,8)12,10-16",12,2,3.5,False,"(*2,6)(1,13)11,15(3,9)(7,14)5,8(4,12)(10,16)",12,1,3.0,False,-20,
201605050301,1,2歳未勝利,ダ,1600,晴,重,09:55,2016-11-12,東京,16,4,7,2014106488,キョウモバライロ,牝2,51,01161,菊沢一樹,1:41.3,クビ,7-9,39.7,130.5,11,428(0),01035,[東]佐藤吉勝,338006,江川伸夫,,,,,,,,,,,,"(*2,6)13(1,11,15)(7,9)(3,14)-5(4,8)12,10-16",7,2,0.0,False,"(*2,6)(1,13)11,15(3,9)(7,14)5,8(4,12)(10,16)",9,2,1.5,False,-20,
201605050302,2,2歳未勝利,ダ,1400,晴,重,10:25,2016-11-12,東京,1,2,3,2014103614,パルフェット,牡2,55,00726,岩部純二,1:26.1,,1-1,37.0,8.3,4,520(+8),01131,[東]蛯名利弘,629800,ミルファーム,500.0,,,,,,,,,,,"3(8,12,14)(4,7)(1,9,10)13(6,15)16(11,2)5",1,1,0.0,False,"3(8,12)4(7,14)1(9,10)(6,15)(13,2)(5,11)16",1,1,0.0,False,-20,
201605050302,2,2歳未勝利,ダ,1400,晴,重,10:25,2016-11-12,東京,2,1,2,2014106493,ビッグヒット,牡2,55,00422,内田博幸,1:26.3,1,14-12,36.1,9.0,5,482(+2),01020,[東]相沢郁,612030,小野建,200.0,,,,,,,,,,,"3(8,12,14)(4,7)(1,9,10)13(6,15)16(11,2)5",14,2,0.0,False,"3(8,12)4(7,14)1(9,10)(6,15)(13,2)(5,11)16",12,2,0.0,False,-20,
201605050302,2,2歳未勝利,ダ,1400,晴,重,10:25,2016-11-12,東京,3,2,4,2014104195,フォーティプリンス,牡2,52,01158,野中悠太,1:26.3,ハナ,5-4,36.9,266.0,12,472(+4),00405,[東]小西一男,067700,ホースアディクト,130.0,,,,,,,,,,,"3(8,12,14)(4,7)(1,9,10)13(6,15)16(11,2)5",5,2,0.0,False,"3(8,12)4(7,14)1(9,10)(6,15)(13,2)(5,11)16",4,1,0.0,False,-20,
201605050302,2,2歳未勝利,ダ,1400,晴,重,10:25,2016-11-12,東京,4,7,14,2014101868,アポロモンスター,牡2,55,01096,大野拓弥,1:26.5,1.1/4,2-5,37.0,3.0,2,490(+2),01051,[東]岩戸孝樹,033700,アポロサラブレッドク...,75.0,,,,,,,,,,,"3(8,12,14)(4,7)(1,9,10)13(6,15)16(11,2)5",2,3,0.0,False,"3(8,12)4(7,14)1(9,10)(6,15)(13,2)(5,11)16",5,2,0.0,False,-20,
201605050302,2,2歳未勝利,ダ,1400,晴,重,10:25,2016-11-12,東京,5,4,7,2014103807,ニシノキスミー,牝2,54,00733,吉田豊,1:26.5,アタマ,5-5,36.9,6.4,3,458(+8),01152,[東]竹内正洋,897009,西山茂行,50.0,,,,,,,,,,,"3(8,12,14)(4,7)(1,9,10)13(6,15)16(11,2)5",5,2,0.0,False,"3(8,12)4(7,14)1(9,10)(6,15)(13,2)(5,11)16",5,2,0.0,False,-20,
201605050302,2,2歳未勝利,ダ,1400,晴,重,10:25,2016-11-12,東京,6,5,9,2014102399,シゲルクロヒョウ,牡2,55,01018,和田竜二,1:26.9,2.1/2,7-8,37.1,64.9,8,462(+12),00383,[東]伊藤正徳,674004,森中蕃,,,,,,,,,,,,"3(8,12,14)(4,7)(1,9,10)13(6,15)16(11,2)5",7,3,0.0,False,"3(8,12)4(7,14)1(9,10)(6,15)(13,2)(5,11)16",8,2,0.0,False,-20,
201605050302,2,2歳未勝利,ダ,1400,晴,重,10:25,2016-11-12,東京,7,1,1,2014102546,テレグライド,牡2,55,00641,柴田善臣,1:27.0,クビ,7-7,37.3,173.1,10,444(+8),00409,[東]二ノ宮敬,059803,加藤ステーブル,,,,,,,,,,,,"3(8,12,14)(4,7)(1,9,10)13(6,15)16(11,2)5",7,3,0.0,False,"3(8,12)4(7,14)1(9,10)(6,15)(13,2)(5,11)16",7,1,0.0,False,-20,
201605050302,2,2歳未勝利,ダ,1400,晴,重,10:25,2016-11-12,東京,8,3,5,2014104690,セイウンカイヒメ,牝2,54,01075,田辺裕信,1:27.2,1.1/2,16-14,36.9,21.4,7,456(-14),01100,[東]松山将樹,897009,西山茂行,,,,,,,,,,,,"3(8,12,14)(4,7)(1,9,10)13(6,15)16(11,2)5",16,1,0.0,False,"3(8,12)4(7,14)1(9,10)(6,15)(13,2)(5,11)16",14,2,0.0,False,-20,
201605050302,2,2歳未勝利,ダ,1400,晴,重,10:25,2016-11-12,東京,9,4,8,2014109065,クリノナポレオン,牡2,55,01025,勝浦正樹,1:27.3,クビ,2-2,38.0,415.6,16,434(-4),01031,[東]伊藤伸一,970006,栗本博晴,,,,,,,,,,,,"3(8,12,14)(4,7)(1,9,10)13(6,15)16(11,2)5",2,3,0.0,False,"3(8,12)4(7,14)1(9,10)(6,15)(13,2)(5,11)16",2,2,0.0,False,-20,
201605050302,2,2歳未勝利,ダ,1400,晴,重,10:25,2016-11-12,東京,10,8,15,2014105024,カシノルーラー,牡2,55,01031,村田一誠,1:27.5,1.1/4,11-10,37.4,326.0,13,470(+6),00370,[東]二本柳俊,514009,柏木務,,,,,,,,,,,,"3(8,12,14)(4,7)(1,9,10)13(6,15)16(11,2)5",11,2,0.0,False,"3(8,12)4(7,14)1(9,10)(6,15)(13,2)(5,11)16",10,2,0.0,False,-20,
201605050302,2,2歳未勝利,ダ,1400,晴,重,10:25,2016-11-12,東京,11,5,10,2014100246,タケルブラック,牡2,54,01150,石川裕紀,1:27.6,1/2,7-8,37.8,9.3,6,462(-10),01150,[東]池上昌和,748009,森保彦,,,,,,,,,,,,"3(8,12,14)(4,7)(1,9,10)13(6,15)16(11,2)5",7,3,0.0,False,"3(8,12)4(7,14)1(9,10)(6,15)(13,2)(5,11)16",8,2,0.0,False,-20,
201605050302,2,2歳未勝利,ダ,1400,晴,重,10:25,2016-11-12,東京,12,3,6,2014109003,アルシュオール,牝2,54,01043,北村宏司,1:27.8,1.1/2,11-10,37.8,90.9,9,466(-8),01035,[東]佐藤吉勝,832008,平本敏夫,,,,,,,,,,,,"3(8,12,14)(4,7)(1,9,10)13(6,15)16(11,2)5",11,2,0.0,False,"3(8,12)4(7,14)1(9,10)(6,15)(13,2)(5,11)16",10,2,0.0,False,-20,
201605050302,2,2歳未勝利,ダ,1400,晴,重,10:25,2016-11-12,東京,13,6,12,2014105299,グリッタードリーム,牝2,54,01077,石橋脩,1:28.4,3.1/2,2-2,39.1,3.0,1,456(+2),01064,[東]武藤善則,415800,社台レースホース,,,,,,,,,,,,"3(8,12,14)(4,7)(1,9,10)13(6,15)16(11,2)5",2,3,0.0,False,"3(8,12)4(7,14)1(9,10)(6,15)(13,2)(5,11)16",2,2,0.0,False,-20,
201605050302,2,2歳未勝利,ダ,1400,晴,重,10:25,2016-11-12,東京,14,7,13,2014103914,コスモドナウ,牡2,55,01009,柴田大知,1:28.6,1.1/4,10-12,38.4,235.5,11,436(-4),01023,[東]伊藤圭三,716800,ビッグレッドファーム,,,,,,,,,,,,"3(8,12,14)(4,7)(1,9,10)13(6,15)16(11,2)5",10,1,0.0,False,"3(8,12)4(7,14)1(9,10)(6,15)(13,2)(5,11)16",12,2,0.0,False,-20,
201605050302,2,2歳未勝利,ダ,1400,晴,重,10:25,2016-11-12,東京,15,6,11,2014101608,フクタヌキ,牡2,55,01029,武士沢友,1:28.6,クビ,14-14,38.2,335.8,14,444(+18),01030,[東]星野忍,129005,桐谷茂,,,,,,,,,,,,"3(8,12,14)(4,7)(1,9,10)13(6,15)16(11,2)5",14,2,0.0,False,"3(8,12)4(7,14)1(9,10)(6,15)(13,2)(5,11)16",14,2,0.0,False,-20,
201605050302,2,2歳未勝利,ダ,1400,晴,重,10:25,2016-11-12,東京,16,8,16,2014102638,セイカリズヴェリオ,牡2,52,01161,菊沢一樹,1:28.7,クビ,13-16,38.2,353.0,15,466(+16),01125,[東]小野次郎,284008,久米大,,,,,,,,,,,,"3(8,12,14)(4,7)(1,9,10)13(6,15)16(11,2)5",13,1,0.0,False,"3(8,12)4(7,14)1(9,10)(6,15)(13,2)(5,11)16",16,1,0.0,False,-20,
201605050303,3,2歳未勝利,芝,1400,晴,稍重,10:55,2016-11-12,東京,1,4,8,2014104247,パストラル,牝2,54,05212,Ｍ．デム,1:23.6,,1-1,35.1,4.4,2,464(-4),00353,[東]和田正道,684030,岡田壮史,500.0,,,,,,,,,,,"(*8,10)(2,5,15)9(1,7,16)(3,11,14)(13,6,12)-4",1,2,0.0,True,"(*8,10)15(2,5)(9,16)(1,7,14)(3,11,12)13(6,4)",1,2,0.0,True,0,
201605050303,3,2歳未勝利,芝,1400,晴,稍重,10:55,2016-11-12,東京,2,8,16,2014100683,シュピールカルテ,牝2,54,01009,柴田大知,1:23.7,1/2,7-6,34.8,4.8,3,448(+4),01127,[東]栗田徹,546800,サラブレッドクラブ・...,200.0,,,,,,,,,,,"(*8,10)(2,5,15)9(1,7,16)(3,11,14)(13,6,12)-4",7,3,0.0,False,"(*8,10)15(2,5)(9,16)(1,7,14)(3,11,12)13(6,4)",6,2,0.0,False,0,
201605050303,3,2歳未勝利,芝,1400,晴,稍重,10:55,2016-11-12,東京,3,5,10,2014102319,ニシノアラモード,牝2,54,00733,吉田豊,1:23.7,アタマ,2-2,35.2,12.0,6,462(+4),01008,[東]杉浦宏昭,897009,西山茂行,130.0,,,,,,,,,,,"(*8,10)(2,5,15)9(1,7,16)(3,11,14)(13,6,12)-4",2,2,0.0,False,"(*8,10)15(2,5)(9,16)(1,7,14)(3,11,12)13(6,4)",2,2,0.0,False,0,
201605050303,3,2歳未勝利,芝,1400,晴,稍重,10:55,2016-11-12,東京,4,7,14,2014106004,シーソルティキッス,牝2,54,01043,北村宏司,1:23.7,クビ,10-8,34.6,11.9,5,418(-6),01145,[東]奥村武,708800,金子真人ホールディン...,75.0,,,,,,,,,,,"(*8,10)(2,5,15)9(1,7,16)(3,11,14)(13,6,12)-4",10,3,0.0,False,"(*8,10)15(2,5)(9,16)(1,7,14)(3,11,12)13(6,4)",8,3,0.0,False,0,
201605050303,3,2歳未勝利,芝,1400,晴,稍重,10:55,2016-11-12,東京,5,8,15,2014100690,パルクリール,牝2,54,01085,松岡正海,1:23.9,1.1/4,3-3,35.2,72.3,11,416(+8),01031,[東]伊藤伸一,546800,サラブレッドクラブ・...,50.0,,,,,,,,,,,"(*8,10)(2,5,15)9(1,7,16)(3,11,14)(13,6,12)-4",3,3,0.0,False,"(*8,10)15(2,5)(9,16)(1,7,14)(3,11,12)13(6,4)",3,1,0.0,False,0,
201605050303,3,2歳未勝利,芝,1400,晴,稍重,10:55,2016-11-12,東京,6,6,12,2014102658,ラブリイメッセージ,牝2,54,01092,津村明秀,1:24.0,クビ,13-11,34.6,34.5,9,458(+18),01026,[東]鈴木伸尋,250800,山王飯店,,,,,,,,,,,,"(*8,10)(2,5,15)9(1,7,16)(3,11,14)(13,6,12)-4",13,3,0.0,False,"(*8,10)15(2,5)(9,16)(1,7,14)(3,11,12)13(6,4)",11,3,0.0,False,0,
201605050303,3,2歳未勝利,芝,1400,晴,稍重,10:55,2016-11-12,東京,7,2,4,2014102262,ミスパイロ,牝2,54,00422,内田博幸,1:24.1,1/2,16-15,34.5,11.4,4,464(+2),00421,[東]浅野洋一,493006,村田哲朗,,,,,,,,,,,,"(*8,10)(2,5,15)9(1,7,16)(3,11,14)(13,6,12)-4",16,1,3.5,False,"(*8,10)15(2,5)(9,16)(1,7,14)(3,11,12)13(6,4)",15,2,0.0,False,0,
201605050303,3,2歳未勝利,芝,1400,晴,稍重,10:55,2016-11-12,東京,8,3,5,2014102205,アプト,牝2,54,05386,戸崎圭太,1:24.1,クビ,3-4,35.3,2.5,1,440(0),01118,[東]高柳瑞樹,003060,Ｈ．Ｈ．シェイク・モ...,,,,,,,,,,,,"(*8,10)(2,5,15)9(1,7,16)(3,11,14)(13,6,12)-4",3,3,0.0,False,"(*8,10)15(2,5)(9,16)(1,7,14)(3,11,12)13(6,4)",4,2,0.0,False,0,
201605050303,3,2歳未勝利,芝,1400,晴,稍重,10:55,2016-11-12,東京,9,6,11,2014104869,ベルベル,牝2,54,00689,江田照男,1:24.1,クビ,10-11,34.8,51.8,10,396(-4),01014,[東]高市圭二,629800,ミルファーム,,,,,,,,,,,,"(*8,10)(2,5,15)9(1,7,16)(3,11,14)(13,6,12)-4",10,3,0.0,False,"(*8,10)15(2,5)(9,16)(1,7,14)(3,11,12)13(6,4)",11,3,0.0,False,0,
201605050303,3,2歳未勝利,芝,1400,晴,稍重,10:55,2016-11-12,東京,10,4,7,2014101880,ジャンティーユ,牝2,54,01077,石橋脩,1:24.2,1/2,7-8,35.2,17.9,7,446(+6),00437,[東]南田美知,910006,伊達敏明,,,,,,,,,,,,"(*8,10)(2,5,15)9(1,7,16)(3,11,14)(13,6,12)-4",7,3,0.0,False,"(*8,10)15(2,5)(9,16)(1,7,14)(3,11,12)13(6,4)",8,3,0.0,False,0,
201605050303,3,2歳未勝利,芝,1400,晴,稍重,10:55,2016-11-12,東京,11,1,2,2014101954,メイスンラック,牝2,54,05243,柴山雄一,1:24.3,3/4,3-4,35.5,262.8,13,468(0),01051,[東]岩戸孝樹,380002,梅村浩,,,,,,,,,,,,"(*8,10)(2,5,15)9(1,7,16)(3,11,14)(13,6,12)-4",3,3,0.0,False,"(*8,10)15(2,5)(9,16)(1,7,14)(3,11,12)13(6,4)",4,2,0.0,False,0,
201605050303,3,2歳未勝利,芝,1400,晴,稍重,10:55,2016-11-12,東京,12,7,13,2014100753,コスモミュート,牝2,54,01096,大野拓弥,1:24.8,3,13-14,35.3,211.1,12,398(+4),01108,[東]矢野英一,716800,ビッグレッドファーム,,,,,,,,,,,,"(*8,10)(2,5,15)9(1,7,16)(3,11,14)(13,6,12)-4",13,3,0.0,False,"(*8,10)15(2,5)(9,16)(1,7,14)(3,11,12)13(6,4)",14,1,0.0,False,0,
201605050303,3,2歳未勝利,芝,1400,晴,稍重,10:55,2016-11-12,東京,13,3,6,2014105065,タキオンレイ,牝2,54,01029,武士沢友,1:25.3,3,13-15,35.7,267.8,14,464(+22),00383,[東]伊藤正徳,226006,小林博雄,,,,,,,,,,,,"(*8,10)(2,5,15)9(1,7,16)(3,11,14)(13,6,12)-4",13,3,0.0,False,"(*8,10)15(2,5)(9,16)(1,7,14)(3,11,12)13(6,4)",15,2,0.0,False,0,
201605050303,3,2歳未勝利,芝,1400,晴,稍重,10:55,2016-11-12,東京,14,5,9,2014103726,テルルフォレスト,牝2,51,01158,野中悠太,1:25.5,1.1/4,6-6,36.6,382.7,15,440(0),01152,[東]竹内正洋,912800,荻伏服部牧場,,,,,,,,,,,,"(*8,10)(2,5,15)9(1,7,16)(3,11,14)(13,6,12)-4",6,1,0.0,False,"(*8,10)15(2,5)(9,16)(1,7,14)(3,11,12)13(6,4)",6,2,0.0,False,0,
201605050303,3,2歳未勝利,芝,1400,晴,稍重,10:55,2016-11-12,東京,15,2,3,2014104191,ジーヴル,牝2,54,01109,黛弘人,1:25.7,1.1/4,10-11,36.4,407.6,16,426(-2),00353,[東]和田正道,716800,ビッグレッドファーム,,,,,,,,,,,,"(*8,10)(2,5,15)9(1,7,16)(3,11,14)(13,6,12)-4",10,3,0.0,False,"(*8,10)15(2,5)(9,16)(1,7,14)(3,11,12)13(6,4)",11,3,0.0,False,0,
201605050303,3,2歳未勝利,芝,1400,晴,稍重,10:55,2016-11-12,東京,16,1,1,2014102981,ナムラクロエ,牝2,54,01075,田辺裕信,1:26.2,3,7-8,37.2,33.1,8,422(0),00402,[東]谷原義明,945004,奈村信重,,,,,,,,,,,,"(*8,10)(2,5,15)9(1,7,16)(3,11,14)(13,6,12)-4",7,3,0.0,False,"(*8,10)15(2,5)(9,16)(1,7,14)(3,11,12)13(6,4)",8,3,0.0,False,0,
201605050304,4,2歳未勝利,芝,1800,晴,稍重,11:25,2016-11-12,東京,1,6,8,2014100222,ウインブライト,牡2,55,01085,松岡正海,1:49.2,,4-5-6,34.6,8.7,4,462(+14),01048,[東]畠山吉宏,494800,ウイン,500.0,,,,,,"10(3,12)(5,8)(1,7)(6,13)11(2,4)9",4,2,0.0,False,"(*10,4)-(3,12)(1,8)5(6,7)-(11,13)(2,9)",5,2,3.5,False,"10(3,4)(1,12)8,6(11,5)(13,7,9)-2",6,1,0.0,False,0,
201605050304,4,2歳未勝利,芝,1800,晴,稍重,11:25,2016-11-12,東京,2,4,4,2014100746,マイネルラプティス,牡2,55,01009,柴田大知,1:49.4,1.1/2,11-2-2,35.2,9.1,5,466(+12),00412,[東]高橋裕,546800,サラブレッドクラブ・...,200.0,,,,,,"10(3,12)(5,8)(1,7)(6,13)11(2,4)9",11,2,0.0,False,"(*10,4)-(3,12)(1,8)5(6,7)-(11,13)(2,9)",2,2,0.0,False,"10(3,4)(1,12)8,6(11,5)(13,7,9)-2",2,2,0.0,False,0,
201605050304,4,2歳未勝利,芝,1800,晴,稍重,11:25,2016-11-12,東京,3,3,3,2014105509,アルーフクライ,牡2,55,05212,Ｍ．デム,1:49.4,ハナ,2-3-2,35.1,2.2,1,462(+16),00420,[東]宗像義忠,415800,社台レースホース,130.0,,,,,,"10(3,12)(5,8)(1,7)(6,13)11(2,4)9",2,2,0.0,False,"(*10,4)-(3,12)(1,8)5(6,7)-(11,13)(2,9)",3,2,3.5,False,"10(3,4)(1,12)8,6(11,5)(13,7,9)-2",2,2,0.0,False,0,
201605050304,4,2歳未勝利,芝,1800,晴,稍重,11:25,2016-11-12,東京,4,4,5,2014105324,アルトリウス,牡2,55,00663,蛯名正義,1:49.6,1.1/4,4-7-8,34.6,6.5,3,468(+8),00386,[東]藤沢和雄,808800,Ｇ１レーシング,75.0,,,,,,"10(3,12)(5,8)(1,7)(6,13)11(2,4)9",4,2,0.0,False,"(*10,4)-(3,12)(1,8)5(6,7)-(11,13)(2,9)",7,1,3.5,False,"10(3,4)(1,12)8,6(11,5)(13,7,9)-2",8,2,1.5,False,0,
201605050304,4,2歳未勝利,芝,1800,晴,稍重,11:25,2016-11-12,東京,5,5,6,2014105460,オメガドラクロワ,牡2,55,05366,ムーア,1:50.0,2.1/2,8-8-7,35.2,3.6,2,462(+10),01070,[東]堀宣行,008803,原禮子,50.0,,,,,,"10(3,12)(5,8)(1,7)(6,13)11(2,4)9",8,2,0.0,False,"(*10,4)-(3,12)(1,8)5(6,7)-(11,13)(2,9)",8,2,3.5,False,"10(3,4)(1,12)8,6(11,5)(13,7,9)-2",7,1,1.5,False,0,
201605050304,4,2歳未勝利,芝,1800,晴,稍重,11:25,2016-11-12,東京,6,1,1,2014100699,アシュランス,牝2,54,05386,戸崎圭太,1:50.2,1.1/4,6-5-4,35.8,16.8,6,408(-8),00353,[東]和田正道,546800,サラブレッドクラブ・...,,,,,,,"10(3,12)(5,8)(1,7)(6,13)11(2,4)9",6,2,0.0,False,"(*10,4)-(3,12)(1,8)5(6,7)-(11,13)(2,9)",5,2,3.5,False,"10(3,4)(1,12)8,6(11,5)(13,7,9)-2",4,2,0.0,False,0,
201605050304,4,2歳未勝利,芝,1800,晴,稍重,11:25,2016-11-12,東京,7,6,9,2014105251,プレゼンス,牡2,55,00733,吉田豊,1:50.3,3/4,13-12-10,34.9,36.3,8,488(+2),00349,[東]尾形充弘,415800,社台レースホース,,,,,,,"10(3,12)(5,8)(1,7)(6,13)11(2,4)9",13,1,0.0,False,"(*10,4)-(3,12)(1,8)5(6,7)-(11,13)(2,9)",12,2,7.0,False,"10(3,4)(1,12)8,6(11,5)(13,7,9)-2",10,3,1.5,False,0,
201605050304,4,2歳未勝利,芝,1800,晴,稍重,11:25,2016-11-12,東京,8,8,12,2014100705,ピンキージョーンズ,牝2,54,01077,石橋脩,1:50.4,クビ,2-3-4,36.0,29.5,7,422(+8),01080,[東]清水英克,716800,ビッグレッドファーム,,,,,,,"10(3,12)(5,8)(1,7)(6,13)11(2,4)9",2,2,0.0,False,"(*10,4)-(3,12)(1,8)5(6,7)-(11,13)(2,9)",3,2,3.5,False,"10(3,4)(1,12)8,6(11,5)(13,7,9)-2",4,2,0.0,False,0,
201605050304,4,2歳未勝利,芝,1800,晴,稍重,11:25,2016-11-12,東京,9,7,11,2014105017,カレン,牝2,54,00689,江田照男,1:50.8,2.1/2,10-10-8,35.8,187.8,10,474(+4),01132,[東]金成貴史,629800,ミルファーム,,,,,,,"10(3,12)(5,8)(1,7)(6,13)11(2,4)9",10,1,0.0,False,"(*10,4)-(3,12)(1,8)5(6,7)-(11,13)(2,9)",10,2,7.0,False,"10(3,4)(1,12)8,6(11,5)(13,7,9)-2",8,2,1.5,False,0,
201605050304,4,2歳未勝利,芝,1800,晴,稍重,11:25,2016-11-12,東京,10,7,10,2014105095,ワンオブクインズ,牝2,54,01075,田辺裕信,1:51.0,1.1/4,1-1-1,36.9,44.2,9,472(0),00402,[東]谷原義明,149007,平岡茂樹,,,,,,,"10(3,12)(5,8)(1,7)(6,13)11(2,4)9",1,1,0.0,False,"(*10,4)-(3,12)(1,8)5(6,7)-(11,13)(2,9)",1,2,0.0,True,"10(3,4)(1,12)8,6(11,5)(13,7,9)-2",1,1,0.0,False,0,
201605050304,4,2歳未勝利,芝,1800,晴,稍重,11:25,2016-11-12,東京,11,5,7,2014106528,ジュンシュマリナイ,牡2,55,01096,大野拓弥,1:52.2,7,6-8-10,36.9,331.6,11,486(+6),00370,[東]二本柳俊,165033,河合純二,,,,,,,"10(3,12)(5,8)(1,7)(6,13)11(2,4)9",6,2,0.0,False,"(*10,4)-(3,12)(1,8)5(6,7)-(11,13)(2,9)",8,2,3.5,False,"10(3,4)(1,12)8,6(11,5)(13,7,9)-2",10,3,1.5,False,0,
201605050304,4,2歳未勝利,芝,1800,晴,稍重,11:25,2016-11-12,東京,12,8,13,2014101713,マジックトリック,牡2,55,01129,菅原隆一,1:52.2,クビ,8-10-10,36.8,407.8,12,494(-2),01089,[東]武市康男,270006,島川隆哉,,,,,,,"10(3,12)(5,8)(1,7)(6,13)11(2,4)9",8,2,0.0,False,"(*10,4)-(3,12)(1,8)5(6,7)-(11,13)(2,9)",10,2,7.0,False,"10(3,4)(1,12)8,6(11,5)(13,7,9)-2",10,3,1.5,False,0,
201605050304,4,2歳未勝利,芝,1800,晴,稍重,11:25,2016-11-12,東京,13,2,2,2014100110,オレンジポピー,牝2,54,00726,岩部純二,1:52.7,3,11-12-13,37.0,463.9,13,472(+6),01007,[東]柴田政人,855030,田頭勇貴,,,,,,,"10(3,12)(5,8)(1,7)(6,13)11(2,4)9",11,2,0.0,False,"(*10,4)-(3,12)(1,8)5(6,7)-(11,13)(2,9)",12,2,7.0,False,"10(3,4)(1,12)8,6(11,5)(13,7,9)-2",13,1,5.0,False,0,
201605050305,5,2歳新馬,芝,2000,晴,稍重,12:15,2016-11-12,東京,1,1,1,2014105432,ヴォルフトーン,牡2,55,01075,田辺裕信,2:04.0,,7-8-7,34.1,9.0,4,502(0),01068,[東]小島茂之,415800,社台レースホース,700.0,,,,,,"5,10(2,11)(6,8)(1,9)3,7,4",7,2,1.5,False,"5,10(2,11,8)(6,9)1(3,7)4",8,1,1.5,False,"5,10(2,11)(6,8)(1,9,7)(4,3)",7,3,1.5,False,0,
201605050305,5,2歳新馬,芝,2000,晴,稍重,12:15,2016-11-12,東京,2,5,5,2014105575,レッドミラベル,牝2,54,05212,Ｍ．デム,2:04.2,1.1/4,1-1-1,34.9,6.4,3,466(0),01103,[東]尾関知人,180800,東京ホースレーシング,280.0,,,,,,"5,10(2,11)(6,8)(1,9)3,7,4",1,1,0.0,False,"5,10(2,11,8)(6,9)1(3,7)4",1,1,0.0,False,"5,10(2,11)(6,8)(1,9,7)(4,3)",1,1,0.0,False,0,
201605050305,5,2歳新馬,芝,2000,晴,稍重,12:15,2016-11-12,東京,3,2,2,2014101854,スペリオルシチー,牡2,54,01150,石川裕紀,2:04.3,1/2,3-3-3,34.7,14.2,5,456(0),01020,[東]相沢郁,321800,友駿ホースクラブ,180.0,,,,,,"5,10(2,11)(6,8)(1,9)3,7,4",3,2,1.5,False,"5,10(2,11,8)(6,9)1(3,7)4",3,3,1.5,False,"5,10(2,11)(6,8)(1,9,7)(4,3)",3,2,1.5,False,0,
201605050305,5,2歳新馬,芝,2000,晴,稍重,12:15,2016-11-12,東京,4,8,10,2014100731,マイネルヴンシュ,牡2,55,01009,柴田大知,2:04.5,1.1/2,2-2-2,35.1,25.9,7,462(0),01094,[東]水野貴広,546800,サラブレッドクラブ・...,110.0,,,,,,"5,10(2,11)(6,8)(1,9)3,7,4",2,1,1.5,False,"5,10(2,11,8)(6,9)1(3,7)4",2,1,1.5,False,"5,10(2,11)(6,8)(1,9,7)(4,3)",2,1,1.5,False,0,
201605050305,5,2歳新馬,芝,2000,晴,稍重,12:15,2016-11-12,東京,5,6,6,2014102894,パリンジェネシス,牡2,55,05386,戸崎圭太,2:04.9,2.1/2,5-6-5,35.1,4.1,2,516(0),01110,[西]清水久詞,486800,キャロットファーム,70.0,,,,,,"5,10(2,11)(6,8)(1,9)3,7,4",5,2,1.5,False,"5,10(2,11,8)(6,9)1(3,7)4",6,2,1.5,False,"5,10(2,11)(6,8)(1,9,7)(4,3)",5,2,1.5,False,0,
201605050305,5,2歳新馬,芝,2000,晴,稍重,12:15,2016-11-12,東京,6,6,7,2014101820,ピンクスパイダー,牡2,52,01158,野中悠太,2:04.9,クビ,10-9-7,34.9,129.2,10,428(0),01143,[東]和田雄二,064700,ＨｉｍＲｏｃｋＲａｃ...,,,,,,,"5,10(2,11)(6,8)(1,9)3,7,4",10,1,3.0,False,"5,10(2,11,8)(6,9)1(3,7)4",9,2,1.5,False,"5,10(2,11)(6,8)(1,9,7)(4,3)",7,3,1.5,False,0,
201605050305,5,2歳新馬,芝,2000,晴,稍重,12:15,2016-11-12,東京,7,8,11,2014105974,サトノヴィクトリー,牡2,55,05366,ムーア,2:05.5,3.1/2,3-3-3,36.0,1.8,1,456(0),01070,[東]堀宣行,790031,里見治,,,,,,,"5,10(2,11)(6,8)(1,9)3,7,4",3,2,1.5,False,"5,10(2,11,8)(6,9)1(3,7)4",3,3,1.5,False,"5,10(2,11)(6,8)(1,9,7)(4,3)",3,2,1.5,False,0,
201605050305,5,2歳新馬,芝,2000,晴,稍重,12:15,2016-11-12,東京,8,7,9,2014102677,ラッシュワールド,牡2,55,00422,内田博幸,2:05.6,1/2,7-6-7,35.6,16.0,6,478(0),01106,[東]牧光二,555033,小林哲之,,,,,,,"5,10(2,11)(6,8)(1,9)3,7,4",7,2,1.5,False,"5,10(2,11,8)(6,9)1(3,7)4",6,2,1.5,False,"5,10(2,11)(6,8)(1,9,7)(4,3)",7,3,1.5,False,0,
201605050305,5,2歳新馬,芝,2000,晴,稍重,12:15,2016-11-12,東京,9,3,3,2014105274,ガクチカキッズ,牡2,55,01043,北村宏司,2:05.7,1/2,9-9-10,35.6,66.5,8,450(0),01012,[東]大江原哲,656033,菊地祐司,,,,,,,"5,10(2,11)(6,8)(1,9)3,7,4",9,1,1.5,False,"5,10(2,11,8)(6,9)1(3,7)4",9,2,1.5,False,"5,10(2,11)(6,8)(1,9,7)(4,3)",10,2,1.5,False,0,
201605050305,5,2歳新馬,芝,2000,晴,稍重,12:15,2016-11-12,東京,10,4,4,2014105924,コースタルブルー,牝2,54,05243,柴山雄一,2:05.8,3/4,11-11-10,35.7,89.4,9,454(0),01118,[東]高柳瑞樹,226800,サンデーレーシング,,,,,,,"5,10(2,11)(6,8)(1,9)3,7,4",11,1,4.5,False,"5,10(2,11,8)(6,9)1(3,7)4",11,1,1.5,False,"5,10(2,11)(6,8)(1,9,7)(4,3)",10,2,1.5,False,0,
201605050305,5,2歳新馬,芝,2000,晴,稍重,12:15,2016-11-12,東京,11,7,8,2014104736,サクラトップキング,牡2,55,00684,田中勝春,2:08.7,大,5-3-5,38.9,219.8,11,512(0),00420,[東]宗像義忠,018803,トップフェロウ,,,,,,,"5,10(2,11)(6,8)(1,9)3,7,4",5,2,1.5,False,"5,10(2,11,8)(6,9)1(3,7)4",3,3,1.5,False,"5,10(2,11)(6,8)(1,9,7)(4,3)",5,2,1.5,False,0,
201605050306,6,2歳新馬,ダ,1600,晴,重,12:45,2016-11-12,東京,1,3,4,2014105514,フォギーナイト,牡2,55,05366,ムーア,1:38.3,,4-3,36.9,1.3,1,478(0),01070,[東]堀宣行,708800,金子真人ホールディン...,700.0,,,,,,,,,,,"8(1,5)(4,12)10(2,9)(7,11,14)15=6=13   3",4,2,0.0,False,"8,5(1,4,12)(2,9,10)(7,11,14)15=6=13   3",3,3,1.5,False,-19,
201605050306,6,2歳新馬,ダ,1600,晴,重,12:45,2016-11-12,東京,2,7,12,2014101387,スギノエンプレス,牝2,54,01077,石橋脩,1:38.7,2.1/2,4-3,37.3,16.1,4,486(0),01086,[東]斎藤誠,053803,杉山忠国,280.0,,,,,,,,,,,"8(1,5)(4,12)10(2,9)(7,11,14)15=6=13   3",4,2,0.0,False,"8,5(1,4,12)(2,9,10)(7,11,14)15=6=13   3",3,3,1.5,False,-19,
201605050306,6,2歳新馬,ダ,1600,晴,重,12:45,2016-11-12,東京,3,8,15,2014104008,ブルーベック,牡2,55,01075,田辺裕信,1:38.7,クビ,12-12,36.7,39.0,8,486(0),00405,[東]小西一男,713005,田島榮二郎,180.0,,,,,,,,,,,"8(1,5)(4,12)10(2,9)(7,11,14)15=6=13   3",12,1,0.0,False,"8,5(1,4,12)(2,9,10)(7,11,14)15=6=13   3",12,1,1.5,False,-19,
201605050306,6,2歳新馬,ダ,1600,晴,重,12:45,2016-11-12,東京,4,3,5,2014100374,ジャックナイフ,牡2,55,00422,内田博幸,1:38.8,クビ,2-2,37.6,22.2,5,446(0),01111,[西]鈴木孝志,370008,岡浩二,110.0,,,,,,,,,,,"8(1,5)(4,12)10(2,9)(7,11,14)15=6=13   3",2,2,0.0,False,"8,5(1,4,12)(2,9,10)(7,11,14)15=6=13   3",2,1,1.5,False,-19,
201605050306,6,2歳新馬,ダ,1600,晴,重,12:45,2016-11-12,東京,5,4,7,2014105959,インハーフェイバー,牝2,54,05386,戸崎圭太,1:39.0,1.1/2,9-9,37.1,5.5,2,506(0),01105,[西]須貝尚介,506800,シルクレーシング,70.0,,,,,,,,,,,"8(1,5)(4,12)10(2,9)(7,11,14)15=6=13   3",9,3,0.0,False,"8,5(1,4,12)(2,9,10)(7,11,14)15=6=13   3",9,3,1.5,False,-19,
201605050306,6,2歳新馬,ダ,1600,晴,重,12:45,2016-11-12,東京,6,6,11,2014104103,マサキノテソーロ,牡2,55,01096,大野拓弥,1:39.6,3.1/2,9-9,37.7,14.1,3,516(0),01088,[東]高木登,980033,了徳寺健二,,,,,,,,,,,,"8(1,5)(4,12)10(2,9)(7,11,14)15=6=13   3",9,3,0.0,False,"8,5(1,4,12)(2,9,10)(7,11,14)15=6=13   3",9,3,1.5,False,-19,
201605050306,6,2歳新馬,ダ,1600,晴,重,12:45,2016-11-12,東京,7,6,10,2014101760,バトルオサンナ,牝2,54,01009,柴田大知,1:39.7,1/2,6-6,38.1,130.4,11,462(0),01109,[東]伊藤大士,394009,宮川秋信,,,,,,,,,,,,"8(1,5)(4,12)10(2,9)(7,11,14)15=6=13   3",6,1,0.0,False,"8,5(1,4,12)(2,9,10)(7,11,14)15=6=13   3",6,3,1.5,False,-19,
201605050306,6,2歳新馬,ダ,1600,晴,重,12:45,2016-11-12,東京,8,1,1,2014110046,レーヴァンドール,牝2,54,01018,和田竜二,1:40.2,3,2-3,38.9,35.3,7,478(0),01027,[東]田村康仁,866006,寺田寿男,,,,,,,,,,,,"8(1,5)(4,12)10(2,9)(7,11,14)15=6=13   3",2,2,0.0,False,"8,5(1,4,12)(2,9,10)(7,11,14)15=6=13   3",3,3,1.5,False,-19,
201605050306,6,2歳新馬,ダ,1600,晴,重,12:45,2016-11-12,東京,9,8,14,2014102611,キミノタイヨウ,牝2,54,00663,蛯名正義,1:40.3,1/2,9-9,38.5,52.8,9,432(0),00423,[東]上原博之,904008,平田友里恵,,,,,,,,,,,,"8(1,5)(4,12)10(2,9)(7,11,14)15=6=13   3",9,3,0.0,False,"8,5(1,4,12)(2,9,10)(7,11,14)15=6=13   3",9,3,1.5,False,-19,
201605050306,6,2歳新馬,ダ,1600,晴,重,12:45,2016-11-12,東京,10,5,9,2014104682,サクラエテルノ,牡2,55,01025,勝浦正樹,1:40.7,2.1/2,7-6,39.1,60.2,10,522(0),01103,[東]尾関知人,019800,さくらコマース,,,,,,,,,,,,"8(1,5)(4,12)10(2,9)(7,11,14)15=6=13   3",7,2,0.0,False,"8,5(1,4,12)(2,9,10)(7,11,14)15=6=13   3",6,3,1.5,False,-19,
201605050306,6,2歳新馬,ダ,1600,晴,重,12:45,2016-11-12,東京,11,4,6,2014102288,ペドラプレシオーザ,牡2,55,00689,江田照男,1:41.0,2,13-13,38.1,221.9,13,446(0),00415,[東]菅原泰夫,663007,内藤好江,,,,,,,,,,,,"8(1,5)(4,12)10(2,9)(7,11,14)15=6=13   3",13,1,6.0,False,"8,5(1,4,12)(2,9,10)(7,11,14)15=6=13   3",13,1,7.5,False,-19,
201605050306,6,2歳新馬,ダ,1600,晴,重,12:45,2016-11-12,東京,12,5,8,2014101003,アワードウイナー,牡2,55,00733,吉田豊,1:41.2,1,1-1,40.1,24.6,6,508(0),00405,[東]小西一男,040803,明栄商事,,,,,,,,,,,,"8(1,5)(4,12)10(2,9)(7,11,14)15=6=13   3",1,1,0.0,False,"8,5(1,4,12)(2,9,10)(7,11,14)15=6=13   3",1,1,0.0,False,-19,
201605050306,6,2歳新馬,ダ,1600,晴,重,12:45,2016-11-12,東京,13,2,2,2014104319,ウインアーカイヴス,牡2,55,01085,松岡正海,1:41.7,3,7-6,40.1,278.6,14,482(0),01048,[東]畠山吉宏,494800,ウイン,,,,,,,,,,,,"8(1,5)(4,12)10(2,9)(7,11,14)15=6=13   3",7,2,0.0,False,"8,5(1,4,12)(2,9,10)(7,11,14)15=6=13   3",6,3,1.5,False,-19,
201605050306,6,2歳新馬,ダ,1600,晴,重,12:45,2016-11-12,東京,14,7,13,2014109036,カシノビリーヴ,牝2,54,01031,村田一誠,1:57.0,大,14-14,46.8,321.9,15,476(0),00370,[東]二本柳俊,514009,柏木務,,,,,,,,,,,,"8(1,5)(4,12)10(2,9)(7,11,14)15=6=13   3",14,1,12.0,False,"8,5(1,4,12)(2,9,10)(7,11,14)15=6=13   3",14,1,13.5,False,-19,
201605050306,6,2歳新馬,ダ,1600,晴,重,12:45,2016-11-12,東京,中,2,3,2014104848,シゲルバッファロー,牡2,55,01029,武士沢友,,,,,181.2,12,514(0),01094,[東]水野貴広,674004,森中蕃,,,,,,,,,,,,"8(1,5)(4,12)10(2,9)(7,11,14)15=6=13   3",15,1,18.0,False,"8,5(1,4,12)(2,9,10)(7,11,14)15=6=13   3",15,1,19.5,False,-19,
201605050307,7,3歳以上1000万下,芝,2000,晴,稍重,13:15,2016-11-12,東京,1,8,8,2013106041,アップクォーク,牡3,55,05366,ムーア,2:00.8,,2-2-2,34.4,2.2,2,496(-2),01081,[東]中川公成,486800,キャロットファーム,"1,050.0",,,,,,"(*7,8)(4,5)2(6,9)3,1",2,2,0.0,False,"7,8(4,5,2)6(9,3)1",2,1,1.5,False,"(*7,8)(5,2)(4,6)3,9,1",2,2,0.0,False,-1,
201605050307,7,3歳以上1000万下,芝,2000,晴,稍重,13:15,2016-11-12,東京,2,3,3,2013103324,ハナズレジェンド,牡3,55,05386,戸崎圭太,2:00.9,3/4,8-7-7,34.1,1.7,1,450(-2),01075,[西]矢作芳人,553800,広尾レース,420.0,,,,,,"(*7,8)(4,5)2(6,9)3,1",8,1,0.0,False,"7,8(4,5,2)6(9,3)1",7,2,1.5,False,"(*7,8)(5,2)(4,6)3,9,1",7,1,0.0,False,-1,
201605050307,7,3歳以上1000万下,芝,2000,晴,稍重,13:15,2016-11-12,東京,3,1,1,2011102450,サウンドメモリー,牡5,57,00663,蛯名正義,2:01.5,3.1/2,9-9-9,34.5,18.8,4,488(0),00408,[東]田中清隆,399009,嶋田賢,260.0,,,,,,"(*7,8)(4,5)2(6,9)3,1",9,1,1.5,False,"7,8(4,5,2)6(9,3)1",9,1,1.5,False,"(*7,8)(5,2)(4,6)3,9,1",9,1,3.0,False,-1,
201605050307,7,3歳以上1000万下,芝,2000,晴,稍重,13:15,2016-11-12,東京,4,6,6,2011106405,ギブアンドテイク,セ5,57,00641,柴田善臣,2:01.5,クビ,6-6-5,34.8,14.2,3,482(+2),00409,[東]二ノ宮敬,399009,嶋田賢,160.0,,,,,,"(*7,8)(4,5)2(6,9)3,1",6,2,0.0,False,"7,8(4,5,2)6(9,3)1",6,1,1.5,False,"(*7,8)(5,2)(4,6)3,9,1",5,2,0.0,False,-1,
201605050307,7,3歳以上1000万下,芝,2000,晴,稍重,13:15,2016-11-12,東京,5,2,2,2011105520,メイショウキトラ,牡5,57,05243,柴山雄一,2:01.7,1.1/4,5-3-3,35.1,83.6,7,482(-8),01113,[西]牧浦充徳,523005,松本好雄,105.0,,,,,,"(*7,8)(4,5)2(6,9)3,1",5,1,0.0,False,"7,8(4,5,2)6(9,3)1",3,3,1.5,False,"(*7,8)(5,2)(4,6)3,9,1",3,2,0.0,False,-1,
201605050307,7,3歳以上1000万下,芝,2000,晴,稍重,13:15,2016-11-12,東京,6,5,5,2011103229,オンタケハート,牡5,57,00684,田中勝春,2:01.8,クビ,3-3-3,35.3,24.6,5,490(+6),01109,[東]伊藤大士,052009,宮原廣伸,,,,,,,"(*7,8)(4,5)2(6,9)3,1",3,2,0.0,False,"7,8(4,5,2)6(9,3)1",3,3,1.5,False,"(*7,8)(5,2)(4,6)3,9,1",3,2,0.0,False,-1,
201605050307,7,3歳以上1000万下,芝,2000,晴,稍重,13:15,2016-11-12,東京,7,8,9,2011103535,ベルプラージュ,牝5,55,00733,吉田豊,2:01.8,クビ,6-7-8,34.9,123.7,8,472(+2),00349,[東]尾形充弘,486800,キャロットファーム,,,,,,,"(*7,8)(4,5)2(6,9)3,1",6,2,0.0,False,"7,8(4,5,2)6(9,3)1",7,2,1.5,False,"(*7,8)(5,2)(4,6)3,9,1",8,1,1.5,False,-1,
201605050307,7,3歳以上1000万下,芝,2000,晴,稍重,13:15,2016-11-12,東京,8,4,4,2011105975,エリーフェアリー,牝5,55,01085,松岡正海,2:03.1,8,3-3-5,36.4,34.1,6,490(+2),00402,[東]谷原義明,012033,谷川正純,,,,,,,"(*7,8)(4,5)2(6,9)3,1",3,2,0.0,False,"7,8(4,5,2)6(9,3)1",3,3,1.5,False,"(*7,8)(5,2)(4,6)3,9,1",5,2,0.0,False,-1,
201605050307,7,3歳以上1000万下,芝,2000,晴,稍重,13:15,2016-11-12,東京,9,7,7,2010106460,クリノチョモラーリ,牝6,52,01161,菊沢一樹,2:03.5,2.1/2,1-1-1,37.1,153.9,9,502(+4),01036,[東]高橋義博,970006,栗本博晴,,,,,,,"(*7,8)(4,5)2(6,9)3,1",1,2,0.0,True,"7,8(4,5,2)6(9,3)1",1,1,0.0,False,"(*7,8)(5,2)(4,6)3,9,1",1,2,0.0,True,-1,
201605050308,8,3歳以上500万下,芝,1600,晴,稍重,13:45,2016-11-12,東京,1,6,11,2012101402,グレーターロンドン,牡4,57,01075,田辺裕信,1:34.8,,15-11,33.4,3.6,1,472(+4),01102,[東]大竹正博,514008,窪田康志,750.0,,,,,,,,,,,"(*12,13)(8,16)10(1,14,18)(2,4,15)(3,5,17)(9,11)7   6",15,2,0.0,False,"(*12,13)8(10,16)(1,18)14(4,15)(2,5,17,11)(3,9,7)   6",11,4,0.0,False,-1,
201605050308,8,3歳以上500万下,芝,1600,晴,稍重,13:45,2016-11-12,東京,2,8,17,2013103196,エンジニア,牡3,56,00641,柴田善臣,1:34.9,3/4,12-11,33.5,10.4,6,478(0),01106,[東]牧光二,361030,高嶋祐子,300.0,,,,,,,,,,,"(*12,13)(8,16)10(1,14,18)(2,4,15)(3,5,17)(9,11)7   6",12,3,0.0,False,"(*12,13)8(10,16)(1,18)14(4,15)(2,5,17,11)(3,9,7)   6",11,4,0.0,False,-1,
201605050308,8,3歳以上500万下,芝,1600,晴,稍重,13:45,2016-11-12,東京,3,8,18,2013101006,ショウナンアンセム,牡3,56,00663,蛯名正義,1:35.0,クビ,6-6,34.1,5.6,3,472(+6),01119,[東]田中剛,679800,湘南,190.0,,,,,,,,,,,"(*12,13)(8,16)10(1,14,18)(2,4,15)(3,5,17)(9,11)7   6",6,3,0.0,False,"(*12,13)8(10,16)(1,18)14(4,15)(2,5,17,11)(3,9,7)   6",6,2,0.0,False,-1,
201605050308,8,3歳以上500万下,芝,1600,晴,稍重,13:45,2016-11-12,東京,4,4,7,2013106148,ムーンクエイク,セ3,56,05386,戸崎圭太,1:35.1,3/4,17-15,33.5,3.9,2,502(+6),00386,[東]藤沢和雄,486800,キャロットファーム,110.0,,,,,,,,,,,"(*12,13)(8,16)10(1,14,18)(2,4,15)(3,5,17)(9,11)7   6",17,1,0.0,False,"(*12,13)8(10,16)(1,18)14(4,15)(2,5,17,11)(3,9,7)   6",15,3,0.0,False,-1,
201605050308,8,3歳以上500万下,芝,1600,晴,稍重,13:45,2016-11-12,東京,5,8,16,2012104115,レッドオルバース,牡4,56,01150,石川裕紀,1:35.1,ハナ,3-4,34.4,18.7,7,500(+2),00399,[東]国枝栄,180800,東京ホースレーシング,75.0,,,,,,,,,,,"(*12,13)(8,16)10(1,14,18)(2,4,15)(3,5,17)(9,11)7   6",3,2,0.0,False,"(*12,13)8(10,16)(1,18)14(4,15)(2,5,17,11)(3,9,7)   6",4,2,0.0,False,-1,
201605050308,8,3歳以上500万下,芝,1600,晴,稍重,13:45,2016-11-12,東京,6,3,5,2012103205,ムーンマジェスティ,牡4,54,01158,野中悠太,1:35.2,クビ,12-11,33.9,66.5,13,430(+8),00349,[東]尾形充弘,934006,伊東純一,,,,,,,,,,,,"(*12,13)(8,16)10(1,14,18)(2,4,15)(3,5,17)(9,11)7   6",12,3,0.0,False,"(*12,13)8(10,16)(1,18)14(4,15)(2,5,17,11)(3,9,7)   6",11,4,0.0,False,-1,
201605050308,8,3歳以上500万下,芝,1600,晴,稍重,13:45,2016-11-12,東京,7,5,10,2013105740,キングズミッション,牡3,56,00689,江田照男,1:35.3,1/2,5-4,34.6,43.5,11,466(+10),01088,[東]高木登,310007,吉田千津,,,,,,,,,,,,"(*12,13)(8,16)10(1,14,18)(2,4,15)(3,5,17)(9,11)7   6",5,1,0.0,False,"(*12,13)8(10,16)(1,18)14(4,15)(2,5,17,11)(3,9,7)   6",4,2,0.0,False,-1,
201605050308,8,3歳以上500万下,芝,1600,晴,稍重,13:45,2016-11-12,東京,8,6,12,2012105927,ナイアガラモンロー,牝4,55,01043,北村宏司,1:35.4,1/2,1-1,35.0,30.1,9,508(-10),00436,[東]堀井雅広,315006,塩田清,,,,,,,,,,,,"(*12,13)(8,16)10(1,14,18)(2,4,15)(3,5,17)(9,11)7   6",1,2,0.0,True,"(*12,13)8(10,16)(1,18)14(4,15)(2,5,17,11)(3,9,7)   6",1,2,0.0,True,-1,
201605050308,8,3歳以上500万下,芝,1600,晴,稍重,13:45,2016-11-12,東京,9,1,1,2012102070,コスモヨハネ,牡4,57,01009,柴田大知,1:35.4,ハナ,6-6,34.5,9.7,4,498(-6),00412,[東]高橋裕,716800,ビッグレッドファーム,,,,,,,,,,,,"(*12,13)(8,16)10(1,14,18)(2,4,15)(3,5,17)(9,11)7   6",6,3,0.0,False,"(*12,13)8(10,16)(1,18)14(4,15)(2,5,17,11)(3,9,7)   6",6,2,0.0,False,-1,
201605050308,8,3歳以上500万下,芝,1600,晴,稍重,13:45,2016-11-12,東京,10,7,14,2013103646,クインズサン,牡3,56,01018,和田竜二,1:35.6,1.1/4,6-8,34.6,61.4,12,454(+6),00353,[東]和田正道,896800,クイーンズ・ランチ,,,,,,,,,,,,"(*12,13)(8,16)10(1,14,18)(2,4,15)(3,5,17)(9,11)7   6",6,3,0.0,False,"(*12,13)8(10,16)(1,18)14(4,15)(2,5,17,11)(3,9,7)   6",8,1,0.0,False,-1,
201605050308,8,3歳以上500万下,芝,1600,晴,稍重,13:45,2016-11-12,東京,11,7,13,2013105547,アオイサンシャイン,牝3,54,01077,石橋脩,1:35.8,1.1/2,2-2,35.3,68.8,14,518(+4),01079,[東]古賀慎明,443033,新谷幸義,,,,,,,,,,,,"(*12,13)(8,16)10(1,14,18)(2,4,15)(3,5,17)(9,11)7   6",2,2,0.0,False,"(*12,13)8(10,16)(1,18)14(4,15)(2,5,17,11)(3,9,7)   6",2,2,0.0,False,-1,
201605050308,8,3歳以上500万下,芝,1600,晴,稍重,13:45,2016-11-12,東京,12,2,4,2011103485,クワトロガッツ,牡5,57,00684,田中勝春,1:35.8,クビ,9-9,34.6,39.1,10,456(+4),01109,[東]伊藤大士,021700,ザ・チャンピオンズ,,,,,,,,,,,,"(*12,13)(8,16)10(1,14,18)(2,4,15)(3,5,17)(9,11)7   6",9,3,0.0,False,"(*12,13)8(10,16)(1,18)14(4,15)(2,5,17,11)(3,9,7)   6",9,2,0.0,False,-1,
201605050308,8,3歳以上500万下,芝,1600,晴,稍重,13:45,2016-11-12,東京,13,7,15,2013100629,リンクス,牡3,56,00422,内田博幸,1:35.9,1/2,9-9,34.8,9.8,5,484(+26),00409,[東]二ノ宮敬,003060,Ｈ．Ｈ．シェイク・モ...,,,,,,,,,,,,"(*12,13)(8,16)10(1,14,18)(2,4,15)(3,5,17)(9,11)7   6",9,3,0.0,False,"(*12,13)8(10,16)(1,18)14(4,15)(2,5,17,11)(3,9,7)   6",9,2,0.0,False,-1,
201605050308,8,3歳以上500万下,芝,1600,晴,稍重,13:45,2016-11-12,東京,14,1,2,2011104419,アンプラグド,セ5,57,05366,ムーア,1:36.1,1,9-11,34.8,20.4,8,504(+4),01070,[東]堀宣行,063803,諸江幸祐,,,,,,,,,,,,"(*12,13)(8,16)10(1,14,18)(2,4,15)(3,5,17)(9,11)7   6",9,3,0.0,False,"(*12,13)8(10,16)(1,18)14(4,15)(2,5,17,11)(3,9,7)   6",11,4,0.0,False,-1,
201605050308,8,3歳以上500万下,芝,1600,晴,稍重,13:45,2016-11-12,東京,15,5,9,2013100484,サーストンアクセス,牡3,56,00733,吉田豊,1:36.1,ハナ,15-15,34.5,229.0,16,456(-4),01054,[東]戸田博文,157002,齊藤宣勝,,,,,,,,,,,,"(*12,13)(8,16)10(1,14,18)(2,4,15)(3,5,17)(9,11)7   6",15,2,0.0,False,"(*12,13)8(10,16)(1,18)14(4,15)(2,5,17,11)(3,9,7)   6",15,3,0.0,False,-1,
201605050308,8,3歳以上500万下,芝,1600,晴,稍重,13:45,2016-11-12,東京,16,4,8,2013104904,シャイニングアロー,牝3,54,01096,大野拓弥,1:36.4,1.3/4,3-3,35.8,126.3,15,456(+6),00408,[東]田中清隆,448009,矢野秀春,,,,,,,,,,,,"(*12,13)(8,16)10(1,14,18)(2,4,15)(3,5,17)(9,11)7   6",3,2,0.0,False,"(*12,13)8(10,16)(1,18)14(4,15)(2,5,17,11)(3,9,7)   6",3,1,0.0,False,-1,
201605050308,8,3歳以上500万下,芝,1600,晴,稍重,13:45,2016-11-12,東京,17,2,3,2012106134,シードパール,牝4,55,01025,勝浦正樹,1:36.6,1.1/4,12-15,35.0,312.1,17,430(-2),01141,[東]尾形和幸,441006,高嶋哲,,,,,,,,,,,,"(*12,13)(8,16)10(1,14,18)(2,4,15)(3,5,17)(9,11)7   6",12,3,0.0,False,"(*12,13)8(10,16)(1,18)14(4,15)(2,5,17,11)(3,9,7)   6",15,3,0.0,False,-1,
201605050308,8,3歳以上500万下,芝,1600,晴,稍重,13:45,2016-11-12,東京,取,3,6,2012104056,ウェルブレッド,牡4,57,05212,Ｍ．デム,,,,,---,,計不,01059,[東]加藤征弘,226800,サンデーレーシング,,,,,,,,,,,,"(*12,13)(8,16)10(1,14,18)(2,4,15)(3,5,17)(9,11)7   6",18,1,6.0,False,"(*12,13)8(10,16)(1,18)14(4,15)(2,5,17,11)(3,9,7)   6",18,1,6.0,False,-1,
201605050309,9,オキザリス賞(1勝),ダ,1400,晴,重,14:20,2016-11-12,東京,1,3,5,2014105136,シゲルコング,牡2,55,00422,内田博幸,1:23.9,,5-3,37.2,10.2,4,506(+4),01093,[東]松永康利,674004,森中蕃,"1,036.4",,,,,,,,,,,"15(3,6,12)5(1,9)2(10,16)(7,8,11)(4,13)-14",5,1,0.0,False,"(*15,12)(3,6,5)1(2,9)10(7,4)16,8,13(14,11)",3,3,0.0,False,-19,
201605050309,9,オキザリス賞(1勝),ダ,1400,晴,重,14:20,2016-11-12,東京,2,7,13,2014100080,シゲルベンガルトラ,牡2,55,05243,柴山雄一,1:23.9,ハナ,14-14,35.9,11.1,5,444(+4),01040,[西]服部利之,674004,森中蕃,410.4,,,,,,,,,,,"15(3,6,12)5(1,9)2(10,16)(7,8,11)(4,13)-14",14,2,0.0,False,"(*15,12)(3,6,5)1(2,9)10(7,4)16,8,13(14,11)",14,1,3.0,False,-19,
201605050309,9,オキザリス賞(1勝),ダ,1400,晴,重,14:20,2016-11-12,東京,3,2,3,2014101539,レッドオーガー,牡2,55,01043,北村宏司,1:23.9,ハナ,2-3,37.1,27.5,7,482(+2),00386,[東]藤沢和雄,180800,東京ホースレーシング,255.2,,,,,,,,,,,"15(3,6,12)5(1,9)2(10,16)(7,8,11)(4,13)-14",2,3,0.0,False,"(*15,12)(3,6,5)1(2,9)10(7,4)16,8,13(14,11)",3,3,0.0,False,-19,
201605050309,9,オキザリス賞(1勝),ダ,1400,晴,重,14:20,2016-11-12,東京,4,1,2,2014100370,グッドヒューマー,牡2,55,01025,勝浦正樹,1:24.0,3/4,8-7,36.8,20.4,6,464(+8),00412,[東]高橋裕,013803,ディアレストクラブ,150.0,,,,,,,,,,,"15(3,6,12)5(1,9)2(10,16)(7,8,11)(4,13)-14",8,1,0.0,False,"(*15,12)(3,6,5)1(2,9)10(7,4)16,8,13(14,11)",7,2,0.0,False,-19,
201605050309,9,オキザリス賞(1勝),ダ,1400,晴,重,14:20,2016-11-12,東京,5,5,10,2014101832,サザンボルケーノ,牡2,55,01085,松岡正海,1:24.1,クビ,9-9,36.7,46.9,9,472(+6),00425,[西]加用正,393002,南波壽,100.0,,,,,,,,,,,"15(3,6,12)5(1,9)2(10,16)(7,8,11)(4,13)-14",9,2,0.0,False,"(*15,12)(3,6,5)1(2,9)10(7,4)16,8,13(14,11)",9,1,0.0,False,-19,
201605050309,9,オキザリス賞(1勝),ダ,1400,晴,重,14:20,2016-11-12,東京,6,4,7,2014104427,ヴォーガ,牡2,55,01096,大野拓弥,1:24.3,1,11-10,36.8,48.4,11,448(0),01088,[東]高木登,798008,一村哲也,,,,,,,,,,,,"15(3,6,12)5(1,9)2(10,16)(7,8,11)(4,13)-14",11,3,0.0,False,"(*15,12)(3,6,5)1(2,9)10(7,4)16,8,13(14,11)",10,2,0.0,False,-19,
201605050309,9,オキザリス賞(1勝),ダ,1400,晴,重,14:20,2016-11-12,東京,7,2,4,2014104262,ファンヴィー,牡2,55,01075,田辺裕信,1:24.3,アタマ,14-10,36.7,50.6,12,516(-2),01133,[東]黒岩陽一,054006,猿田栄二,,,,,,,,,,,,"15(3,6,12)5(1,9)2(10,16)(7,8,11)(4,13)-14",14,2,0.0,False,"(*15,12)(3,6,5)1(2,9)10(7,4)16,8,13(14,11)",10,2,0.0,False,-19,
201605050309,9,オキザリス賞(1勝),ダ,1400,晴,重,14:20,2016-11-12,東京,8,1,1,2014102200,アフターバーナー,牡2,55,05386,戸崎圭太,1:24.4,1/2,6-6,37.5,8.2,3,502(+16),01023,[東]伊藤圭三,003060,Ｈ．Ｈ．シェイク・モ...,,,,,,,,,,,,"15(3,6,12)5(1,9)2(10,16)(7,8,11)(4,13)-14",6,2,0.0,False,"(*15,12)(3,6,5)1(2,9)10(7,4)16,8,13(14,11)",6,1,0.0,False,-19,
201605050309,9,オキザリス賞(1勝),ダ,1400,晴,重,14:20,2016-11-12,東京,9,6,12,2014102092,イナズママンボ,牝2,54,00663,蛯名正義,1:24.6,1.1/2,2-2,38.0,76.1,13,444(-4),00419,[西]松元茂樹,658002,小泉賢悟,,,,,,,,,,,,"15(3,6,12)5(1,9)2(10,16)(7,8,11)(4,13)-14",2,3,0.0,False,"(*15,12)(3,6,5)1(2,9)10(7,4)16,8,13(14,11)",2,2,0.0,False,-19,
201605050309,9,オキザリス賞(1勝),ダ,1400,晴,重,14:20,2016-11-12,東京,10,8,15,2014101677,アイルキャッチユー,牝2,54,01092,津村明秀,1:24.9,1.1/2,1-1,38.4,80.5,14,480(-16),01074,[東]奥平雅士,030803,コスモヴューファーム,,,,,,,,,,,,"15(3,6,12)5(1,9)2(10,16)(7,8,11)(4,13)-14",1,1,0.0,False,"(*15,12)(3,6,5)1(2,9)10(7,4)16,8,13(14,11)",1,2,0.0,True,-19,
201605050309,9,オキザリス賞(1勝),ダ,1400,晴,重,14:20,2016-11-12,東京,11,3,6,2014105416,マルカソレイユ,牝2,54,01018,和田竜二,1:25.2,1.3/4,2-3,38.5,1.8,1,456(-2),01128,[西]今野貞一,927033,日下部猛,,,,,,,,,,,,"15(3,6,12)5(1,9)2(10,16)(7,8,11)(4,13)-14",2,3,0.0,False,"(*15,12)(3,6,5)1(2,9)10(7,4)16,8,13(14,11)",3,3,0.0,False,-19,
201605050309,9,オキザリス賞(1勝),ダ,1400,晴,重,14:20,2016-11-12,東京,12,4,8,2014106130,バレーロ,牡2,55,05212,Ｍ．デム,1:25.5,2,11-13,37.7,5.9,2,472(+2),01117,[西]高野友和,506800,シルクレーシング,,,,,,,,,,,,"15(3,6,12)5(1,9)2(10,16)(7,8,11)(4,13)-14",11,3,0.0,False,"(*15,12)(3,6,5)1(2,9)10(7,4)16,8,13(14,11)",13,1,1.5,False,-19,
201605050309,9,オキザリス賞(1勝),ダ,1400,晴,重,14:20,2016-11-12,東京,13,7,14,2014106060,ハッピーランラン,牝2,54,01077,石橋脩,1:25.7,1.1/4,16-15,37.4,32.5,8,478(+2),01038,[東]手塚貴久,431002,馬場幸夫,,,,,,,,,,,,"15(3,6,12)5(1,9)2(10,16)(7,8,11)(4,13)-14",16,1,3.5,False,"(*15,12)(3,6,5)1(2,9)10(7,4)16,8,13(14,11)",15,2,3.0,False,-19,
201605050309,9,オキザリス賞(1勝),ダ,1400,晴,重,14:20,2016-11-12,東京,14,5,9,2014101231,ユニルドール,牝2,54,00641,柴田善臣,1:26.0,1.3/4,6-7,38.8,225.3,15,438(+2),00390,[東]池上昌弘,858800,大塚亮一,,,,,,,,,,,,"15(3,6,12)5(1,9)2(10,16)(7,8,11)(4,13)-14",6,2,0.0,False,"(*15,12)(3,6,5)1(2,9)10(7,4)16,8,13(14,11)",7,2,0.0,False,-19,
201605050309,9,オキザリス賞(1勝),ダ,1400,晴,重,14:20,2016-11-12,東京,15,6,11,2014101790,トウケイライデン,牡2,55,00733,吉田豊,1:28.0,大,11-15,39.8,47.5,10,496(+4),01110,[西]清水久詞,258006,木村信彦,,,,,,,,,,,,"15(3,6,12)5(1,9)2(10,16)(7,8,11)(4,13)-14",11,3,0.0,False,"(*15,12)(3,6,5)1(2,9)10(7,4)16,8,13(14,11)",15,2,3.0,False,-19,
201605050309,9,オキザリス賞(1勝),ダ,1400,晴,重,14:20,2016-11-12,東京,16,8,16,2014105087,セイプレジール,牡2,55,01158,野中悠太,1:28.0,ハナ,9-12,40.3,575.5,16,474(+10),00405,[東]小西一男,376008,金田成基,,,,,,,,,,,,"15(3,6,12)5(1,9)2(10,16)(7,8,11)(4,13)-14",9,2,0.0,False,"(*15,12)(3,6,5)1(2,9)10(7,4)16,8,13(14,11)",12,1,0.0,False,-19,
201605050310,10,三鷹特別(2勝),芝,1400,晴,良,14:55,2016-11-12,東京,1,4,8,2010105118,カシノピカチュウ,牡6,55,01085,松岡正海,1:22.1,,9-8,34.0,17.1,6,492(+2),01123,[西]牧田和弥,514009,柏木務,"1,539.9",,,,,,,,,,,"6-(9,16)17(1,12)(2,15)8(13,18)(3,5)7(10,14)(4,11)",9,1,3.5,False,"6,9-16(2,1,17)12(8,15)(3,13,18)(4,5,7,14)10,11",8,2,5.0,False,-1,雨の影響が残って前週よりも時計の掛かるコンディション。
201605050310,10,三鷹特別(2勝),芝,1400,晴,良,14:55,2016-11-12,東京,2,5,9,2013101358,アイファープリティ,牝3,52,01018,和田竜二,1:22.1,クビ,2-2,34.7,14.4,4,438(-2),01046,[西]鮫島一歩,119007,中島稔,611.4,,,,,,,,,,,"6-(9,16)17(1,12)(2,15)8(13,18)(3,5)7(10,14)(4,11)",2,2,3.5,False,"6,9-16(2,1,17)12(8,15)(3,13,18)(4,5,7,14)10,11",2,1,1.5,False,-1,雨の影響が残って前週よりも時計の掛かるコンディション。
201605050310,10,三鷹特別(2勝),芝,1400,晴,良,14:55,2016-11-12,東京,3,1,1,2011100647,オートクレール,牝5,52,01109,黛弘人,1:22.2,クビ,5-4,34.4,34.8,10,434(+4),01010,[東]中野栄治,851009,岡田牧雄,385.7,,,,,,,,,,,"6-(9,16)17(1,12)(2,15)8(13,18)(3,5)7(10,14)(4,11)",5,2,3.5,False,"6,9-16(2,1,17)12(8,15)(3,13,18)(4,5,7,14)10,11",4,3,5.0,False,-1,雨の影響が残って前週よりも時計の掛かるコンディション。
201605050310,10,三鷹特別(2勝),芝,1400,晴,良,14:55,2016-11-12,東京,4,1,2,2012100582,グレイトチャーター,牡4,57,05212,Ｍ．デム,1:22.3,1/2,7-4,34.4,4.5,2,482(+2),01046,[西]鮫島一歩,788800,ノースヒルズ,230.0,,,,,,,,,,,"6-(9,16)17(1,12)(2,15)8(13,18)(3,5)7(10,14)(4,11)",7,2,3.5,False,"6,9-16(2,1,17)12(8,15)(3,13,18)(4,5,7,14)10,11",4,3,5.0,False,-1,雨の影響が残って前週よりも時計の掛かるコンディション。
201605050310,10,三鷹特別(2勝),芝,1400,晴,良,14:55,2016-11-12,東京,5,7,15,2012104103,マリオーロ,牡4,57,05366,ムーア,1:22.3,クビ,7-8,34.1,2.1,1,500(+6),01086,[東]斎藤誠,857030,菊地剛,150.0,,,,,,,,,,,"6-(9,16)17(1,12)(2,15)8(13,18)(3,5)7(10,14)(4,11)",7,2,3.5,False,"6,9-16(2,1,17)12(8,15)(3,13,18)(4,5,7,14)10,11",8,2,5.0,False,-1,雨の影響が残って前週よりも時計の掛かるコンディション。
201605050310,10,三鷹特別(2勝),芝,1400,晴,良,14:55,2016-11-12,東京,6,8,17,2011105136,マイネルディアベル,牡5,55,01009,柴田大知,1:22.4,クビ,4-4,34.6,61.7,11,458(0),01124,[東]大和田成,546800,サラブレッドクラブ・...,,,,,,,,,,,,"6-(9,16)17(1,12)(2,15)8(13,18)(3,5)7(10,14)(4,11)",4,1,3.5,False,"6,9-16(2,1,17)12(8,15)(3,13,18)(4,5,7,14)10,11",4,3,5.0,False,-1,雨の影響が残って前週よりも時計の掛かるコンディション。
201605050310,10,三鷹特別(2勝),芝,1400,晴,良,14:55,2016-11-12,東京,7,6,12,2012105999,トーセンラーク,牝4,52,00660,横山典弘,1:22.4,アタマ,5-7,34.4,20.0,8,478(0),00415,[東]菅原泰夫,270006,島川隆哉,,,,,,,,,,,,"6-(9,16)17(1,12)(2,15)8(13,18)(3,5)7(10,14)(4,11)",5,2,3.5,False,"6,9-16(2,1,17)12(8,15)(3,13,18)(4,5,7,14)10,11",7,1,5.0,False,-1,雨の影響が残って前週よりも時計の掛かるコンディション。
201605050310,10,三鷹特別(2勝),芝,1400,晴,良,14:55,2016-11-12,東京,8,4,7,2013100928,ショコラーチ,牝3,52,01150,石川裕紀,1:22.4,クビ,14-13,33.8,16.8,5,462(-4),01020,[東]相沢郁,227007,高瀬真尚,,,,,,,,,,,,"6-(9,16)17(1,12)(2,15)8(13,18)(3,5)7(10,14)(4,11)",14,1,3.5,False,"6,9-16(2,1,17)12(8,15)(3,13,18)(4,5,7,14)10,11",13,4,5.0,False,-1,雨の影響が残って前週よりも時計の掛かるコンディション。
201605050310,10,三鷹特別(2勝),芝,1400,晴,良,14:55,2016-11-12,東京,9,8,18,2011104884,タカラジャンヌ,牝5,51,01161,菊沢一樹,1:22.4,ハナ,10-10,34.0,86.7,12,438(0),00435,[東]藤原辰雄,480007,村山義男,,,,,,,,,,,,"6-(9,16)17(1,12)(2,15)8(13,18)(3,5)7(10,14)(4,11)",10,2,3.5,False,"6,9-16(2,1,17)12(8,15)(3,13,18)(4,5,7,14)10,11",10,3,5.0,False,-1,雨の影響が残って前週よりも時計の掛かるコンディション。
201605050310,10,三鷹特別(2勝),芝,1400,晴,良,14:55,2016-11-12,東京,10,7,14,2012103669,ディスティンダリア,牝4,51,01029,武士沢友,1:22.6,1.1/4,15-13,34.0,281.1,18,472(+4),01103,[東]尾関知人,854800,ノルマンディーサラブ...,,,,,,,,,,,,"6-(9,16)17(1,12)(2,15)8(13,18)(3,5)7(10,14)(4,11)",15,2,3.5,False,"6,9-16(2,1,17)12(8,15)(3,13,18)(4,5,7,14)10,11",13,4,5.0,False,-1,雨の影響が残って前週よりも時計の掛かるコンディション。
201605050310,10,三鷹特別(2勝),芝,1400,晴,良,14:55,2016-11-12,東京,11,5,10,2009100706,リバティーホール,牝7,51,00689,江田照男,1:22.6,クビ,15-17,33.8,193.1,15,454(0),00436,[東]堀井雅広,029007,吉田好雄,,,,,,,,,,,,"6-(9,16)17(1,12)(2,15)8(13,18)(3,5)7(10,14)(4,11)",15,2,3.5,False,"6,9-16(2,1,17)12(8,15)(3,13,18)(4,5,7,14)10,11",17,1,5.0,False,-1,雨の影響が残って前週よりも時計の掛かるコンディション。
201605050310,10,三鷹特別(2勝),芝,1400,晴,良,14:55,2016-11-12,東京,12,3,5,2011105161,ジャズコンボ,牡5,53,01077,石橋脩,1:22.7,1/2,12-13,34.1,214.9,16,444(-4),01151,[西]斉藤崇史,684002,礒川正明,,,,,,,,,,,,"6-(9,16)17(1,12)(2,15)8(13,18)(3,5)7(10,14)(4,11)",12,2,3.5,False,"6,9-16(2,1,17)12(8,15)(3,13,18)(4,5,7,14)10,11",13,4,5.0,False,-1,雨の影響が残って前週よりも時計の掛かるコンディション。
201605050310,10,三鷹特別(2勝),芝,1400,晴,良,14:55,2016-11-12,東京,13,7,13,2012100411,フクノグローリア,牝4,51,00733,吉田豊,1:22.7,アタマ,10-10,34.3,158.4,13,464(-2),01008,[東]杉浦宏昭,159033,福島祐子,,,,,,,,,,,,"6-(9,16)17(1,12)(2,15)8(13,18)(3,5)7(10,14)(4,11)",10,2,3.5,False,"6,9-16(2,1,17)12(8,15)(3,13,18)(4,5,7,14)10,11",10,3,5.0,False,-1,雨の影響が残って前週よりも時計の掛かるコンディション。
201605050310,10,三鷹特別(2勝),芝,1400,晴,良,14:55,2016-11-12,東京,14,3,6,2011104888,タカラジェニファ,牝5,51,01158,野中悠太,1:22.8,クビ,1-1,35.6,269.8,17,474(0),00383,[東]伊藤正徳,480007,村山義男,,,,,,,,,,,,"6-(9,16)17(1,12)(2,15)8(13,18)(3,5)7(10,14)(4,11)",1,1,0.0,False,"6,9-16(2,1,17)12(8,15)(3,13,18)(4,5,7,14)10,11",1,1,0.0,False,-1,雨の影響が残って前週よりも時計の掛かるコンディション。
201605050310,10,三鷹特別(2勝),芝,1400,晴,良,14:55,2016-11-12,東京,15,8,16,2012103656,ジャストフォーユー,牡4,55,00641,柴田善臣,1:22.8,クビ,2-3,35.1,29.4,9,484(+2),01127,[東]栗田徹,854800,ノルマンディーサラブ...,,,,,,,,,,,,"6-(9,16)17(1,12)(2,15)8(13,18)(3,5)7(10,14)(4,11)",2,2,3.5,False,"6,9-16(2,1,17)12(8,15)(3,13,18)(4,5,7,14)10,11",3,1,5.0,False,-1,雨の影響が残って前週よりも時計の掛かるコンディション。
201605050310,10,三鷹特別(2勝),芝,1400,晴,良,14:55,2016-11-12,東京,16,6,11,2012102359,ビヨンジオール,牡4,57,05386,戸崎圭太,1:22.9,1/2,17-18,34.0,6.2,3,506(-2),01063,[東]的場均,675030,林正道,,,,,,,,,,,,"6-(9,16)17(1,12)(2,15)8(13,18)(3,5)7(10,14)(4,11)",17,2,3.5,False,"6,9-16(2,1,17)12(8,15)(3,13,18)(4,5,7,14)10,11",18,1,6.5,False,-1,雨の影響が残って前週よりも時計の掛かるコンディション。
201605050310,10,三鷹特別(2勝),芝,1400,晴,良,14:55,2016-11-12,東京,17,2,4,2009105512,キングクリチャン,牡7,52,00422,内田博幸,1:23.2,1.3/4,17-13,34.6,163.7,14,504(+2),01014,[東]高市圭二,970006,栗本博晴,,,,,,,,,,,,"6-(9,16)17(1,12)(2,15)8(13,18)(3,5)7(10,14)(4,11)",17,2,3.5,False,"6,9-16(2,1,17)12(8,15)(3,13,18)(4,5,7,14)10,11",13,4,5.0,False,-1,雨の影響が残って前週よりも時計の掛かるコンディション。
201605050310,10,三鷹特別(2勝),芝,1400,晴,良,14:55,2016-11-12,東京,18,2,3,2012106216,スマートプラネット,牝4,54,01075,田辺裕信,1:23.3,クビ,12-10,34.9,17.6,7,466(0),01143,[東]和田雄二,713005,田島榮二郎,,,,,,,,,,,,"6-(9,16)17(1,12)(2,15)8(13,18)(3,5)7(10,14)(4,11)",12,2,3.5,False,"6,9-16(2,1,17)12(8,15)(3,13,18)(4,5,7,14)10,11",10,3,5.0,False,-1,雨の影響が残って前週よりも時計の掛かるコンディション。
201605050311,11,第21回東京中日S杯武蔵野S(GIII),ダ,1600,晴,重,15:30,2016-11-12,東京,1,6,11,2010105768,タガノトネール,セ6,56,01075,田辺裕信,1:33.8,,1-1,35.5,36.6,8,498(+6),01046,[西]鮫島一歩,859002,八木良司,"3,858.1",,,,,,,,,,,"(10,*11)(7,12)(4,9)(2,13)(6,8,16)5(1,15)14,3",1,2,0.0,True,"11,10,7,12(2,9,13)(5,8,16)(6,4)15,1,14-3",1,1,0.0,False,-19,
201605050311,11,第21回東京中日S杯武蔵野S(GIII),ダ,1600,晴,重,15:30,2016-11-12,東京,2,4,8,2013106119,ゴールドドリーム,牡3,56,05212,Ｍ．デム,1:34.0,1.1/4,9-8,34.9,3.4,2,514(-4),01082,[西]平田修,790005,吉田勝己,"1,516.6",,,,,,,,,,,"(10,*11)(7,12)(4,9)(2,13)(6,8,16)5(1,15)14,3",9,3,0.0,False,"11,10,7,12(2,9,13)(5,8,16)(6,4)15,1,14-3",8,3,4.5,False,-19,
201605050311,11,第21回東京中日S杯武蔵野S(GIII),ダ,1600,晴,重,15:30,2016-11-12,東京,3,2,3,2012106056,カフジテイク,牡4,56,01092,津村明秀,1:34.2,1.1/2,16-16,34.2,13.7,6,484(0),01057,[西]湯窪幸雄,019004,加藤守,958.3,,,,,,,,,,,"(10,*11)(7,12)(4,9)(2,13)(6,8,16)5(1,15)14,3",16,1,1.5,False,"11,10,7,12(2,9,13)(5,8,16)(6,4)15,1,14-3",16,1,11.0,False,-19,
201605050311,11,第21回東京中日S杯武蔵野S(GIII),ダ,1600,晴,重,15:30,2016-11-12,東京,4,7,13,2011105960,キングズガード,牡5,56,00660,横山典弘,1:34.4,1,7-5,35.5,8.9,4,452(-4),01158,[西]寺島良,100800,日進牧場,570.0,,,,,,,,,,,"(10,*11)(7,12)(4,9)(2,13)(6,8,16)5(1,15)14,3",7,2,0.0,False,"11,10,7,12(2,9,13)(5,8,16)(6,4)15,1,14-3",5,3,4.5,False,-19,
201605050311,11,第21回東京中日S杯武蔵野S(GIII),ダ,1600,晴,重,15:30,2016-11-12,東京,5,5,10,2012110043,ドリームキラリ,牡4,56,01109,黛弘人,1:34.6,1.1/2,2-2,36.2,58.6,10,480(+6),01075,[西]矢作芳人,542800,ライオンレースホース,380.0,,,,,,,,,,,"(10,*11)(7,12)(4,9)(2,13)(6,8,16)5(1,15)14,3",2,2,0.0,False,"11,10,7,12(2,9,13)(5,8,16)(6,4)15,1,14-3",2,1,1.5,False,-19,
201605050311,11,第21回東京中日S杯武蔵野S(GIII),ダ,1600,晴,重,15:30,2016-11-12,東京,6,8,15,2010104029,ジェベルムーサ,牡6,56,05243,柴山雄一,1:34.7,クビ,13-13,35.3,132.3,14,562(+2),01102,[東]大竹正博,486800,キャロットファーム,,,,,,,,,,,,"(10,*11)(7,12)(4,9)(2,13)(6,8,16)5(1,15)14,3",13,2,0.0,False,"11,10,7,12(2,9,13)(5,8,16)(6,4)15,1,14-3",13,1,4.5,False,-19,
201605050311,11,第21回東京中日S杯武蔵野S(GIII),ダ,1600,晴,重,15:30,2016-11-12,東京,7,5,9,2012110091,モーニン,牡4,59,05386,戸崎圭太,1:34.8,1/2,5-5,35.9,2.5,1,526(+1),01022,[西]石坂正,431002,馬場幸夫,,,,,,,,,,,,"(10,*11)(7,12)(4,9)(2,13)(6,8,16)5(1,15)14,3",5,2,0.0,False,"11,10,7,12(2,9,13)(5,8,16)(6,4)15,1,14-3",5,3,4.5,False,-19,
201605050311,11,第21回東京中日S杯武蔵野S(GIII),ダ,1600,晴,重,15:30,2016-11-12,東京,8,1,2,2013101999,ロンドンタウン,牡3,55,01085,松岡正海,1:34.8,ハナ,7-5,35.9,67.9,11,506(-6),01123,[西]牧田和弥,768006,薪浦亨,,,,,,,,,,,,"(10,*11)(7,12)(4,9)(2,13)(6,8,16)5(1,15)14,3",7,2,0.0,False,"11,10,7,12(2,9,13)(5,8,16)(6,4)15,1,14-3",5,3,4.5,False,-19,
201605050311,11,第21回東京中日S杯武蔵野S(GIII),ダ,1600,晴,重,15:30,2016-11-12,東京,9,4,7,2012102452,ノボバカラ,牡4,57,05366,ムーア,1:34.8,ハナ,3-3,36.1,6.5,3,514(+6),01090,[東]天間昭一,978800,ＬＳ．Ｍ,,,,,,,,,,,,"(10,*11)(7,12)(4,9)(2,13)(6,8,16)5(1,15)14,3",3,2,0.0,False,"11,10,7,12(2,9,13)(5,8,16)(6,4)15,1,14-3",3,1,3.0,False,-19,
201605050311,11,第21回東京中日S杯武蔵野S(GIII),ダ,1600,晴,重,15:30,2016-11-12,東京,10,6,12,2012110084,ソルティコメント,牡4,56,00422,内田博幸,1:35.0,1.1/4,3-4,36.2,11.5,5,460(-2),00386,[東]藤沢和雄,208008,窪田芳郎,,,,,,,,,,,,"(10,*11)(7,12)(4,9)(2,13)(6,8,16)5(1,15)14,3",3,2,0.0,False,"11,10,7,12(2,9,13)(5,8,16)(6,4)15,1,14-3",4,1,4.5,False,-19,
201605050311,11,第21回東京中日S杯武蔵野S(GIII),ダ,1600,晴,重,15:30,2016-11-12,東京,11,3,6,2009105023,ブライトライン,牡7,56,01077,石橋脩,1:35.0,ハナ,9-11,35.8,99.3,13,528(+10),01046,[西]鮫島一歩,788800,ノースヒルズ,,,,,,,,,,,,"(10,*11)(7,12)(4,9)(2,13)(6,8,16)5(1,15)14,3",9,3,0.0,False,"11,10,7,12(2,9,13)(5,8,16)(6,4)15,1,14-3",11,2,4.5,False,-19,
201605050311,11,第21回東京中日S杯武蔵野S(GIII),ダ,1600,晴,重,15:30,2016-11-12,東京,12,2,4,2012106103,ブラゾンドゥリス,牡4,56,01150,石川裕紀,1:35.1,1/2,5-11,35.9,57.6,9,528(+18),01141,[東]尾形和幸,854800,ノルマンディーサラブ...,,,,,,,,,,,,"(10,*11)(7,12)(4,9)(2,13)(6,8,16)5(1,15)14,3",5,2,0.0,False,"11,10,7,12(2,9,13)(5,8,16)(6,4)15,1,14-3",11,2,4.5,False,-19,
201605050311,11,第21回東京中日S杯武蔵野S(GIII),ダ,1600,晴,重,15:30,2016-11-12,東京,13,3,5,2011102556,メイショウスミトモ,牡5,56,01018,和田竜二,1:35.2,1/2,12-8,36.1,28.8,7,472(0),01049,[西]南井克巳,523005,松本好雄,,,,,,,,,,,,"(10,*11)(7,12)(4,9)(2,13)(6,8,16)5(1,15)14,3",12,1,0.0,False,"11,10,7,12(2,9,13)(5,8,16)(6,4)15,1,14-3",8,3,4.5,False,-19,
201605050311,11,第21回東京中日S杯武蔵野S(GIII),ダ,1600,晴,重,15:30,2016-11-12,東京,14,8,16,2013104133,ディーズプラネット,牝3,53,01025,勝浦正樹,1:35.4,1.1/4,9-8,36.3,96.0,12,498(+8),00435,[東]藤原辰雄,970007,秋谷壽之,,,,,,,,,,,,"(10,*11)(7,12)(4,9)(2,13)(6,8,16)5(1,15)14,3",9,3,0.0,False,"11,10,7,12(2,9,13)(5,8,16)(6,4)15,1,14-3",8,3,4.5,False,-19,
201605050311,11,第21回東京中日S杯武蔵野S(GIII),ダ,1600,晴,重,15:30,2016-11-12,東京,15,7,14,2008100267,スズカセクレターボ,牡8,56,01043,北村宏司,1:35.9,3,15-15,36.2,546.8,16,476(-8),00362,[西]橋田満,382004,永井啓弍,,,,,,,,,,,,"(10,*11)(7,12)(4,9)(2,13)(6,8,16)5(1,15)14,3",15,1,0.0,False,"11,10,7,12(2,9,13)(5,8,16)(6,4)15,1,14-3",15,1,7.5,False,-19,
201605050311,11,第21回東京中日S杯武蔵野S(GIII),ダ,1600,晴,重,15:30,2016-11-12,東京,16,1,1,2009106697,ワイドバッハ,牡7,56,00663,蛯名正義,1:35.9,クビ,13-14,36.3,196.4,15,490(-4),01087,[西]庄野靖志,320030,幅田京子,,,,,,,,,,,,"(10,*11)(7,12)(4,9)(2,13)(6,8,16)5(1,15)14,3",13,2,0.0,False,"11,10,7,12(2,9,13)(5,8,16)(6,4)15,1,14-3",14,1,6.0,False,-19,
201605050312,12,3歳以上1000万下,ダ,1300,晴,重,16:05,2016-11-12,東京,1,5,10,2013100358,サトノファンタシー,牡3,56,05386,戸崎圭太,1:16.1,,9-8,35.6,2.8,2,482(+2),01011,[西]松田国英,790031,里見治,"1,050.0",,,,,,,,,,,"(*2,4)6(8,9)-(3,7)16,10-(1,12)-13(5,15)14-11",9,1,5.0,False,"(*2,4)6(3,9)(7,8)(1,10,16)12-(13,15)-5,14-11",8,3,0.0,False,-19,
201605050312,12,3歳以上1000万下,ダ,1300,晴,重,16:05,2016-11-12,東京,2,3,6,2012103724,ブルミラコロ,牡4,57,01019,秋山真一,1:16.2,1/2,3-3,36.1,2.1,1,514(+4),01058,[西]大久保龍,349033,高田秀信,420.0,,,,,,,,,,,"(*2,4)6(8,9)-(3,7)16,10-(1,12)-13(5,15)14-11",3,1,0.0,False,"(*2,4)6(3,9)(7,8)(1,10,16)12-(13,15)-5,14-11",3,1,0.0,False,-19,
201605050312,12,3歳以上1000万下,ダ,1300,晴,重,16:05,2016-11-12,東京,3,1,1,2011105075,ダウトレス,牡5,57,00689,江田照男,1:16.4,1.1/4,10-8,35.9,20.6,5,524(+12),01013,[東]小島太,788800,ノースヒルズ,260.0,,,,,,,,,,,"(*2,4)6(8,9)-(3,7)16,10-(1,12)-13(5,15)14-11",10,2,8.5,False,"(*2,4)6(3,9)(7,8)(1,10,16)12-(13,15)-5,14-11",8,3,0.0,False,-19,
201605050312,12,3歳以上1000万下,ダ,1300,晴,重,16:05,2016-11-12,東京,4,4,7,2012104259,ストロングトリトン,セ4,56,01150,石川裕紀,1:16.6,1.1/4,6-6,36.3,11.0,4,480(+12),01097,[東]鹿戸雄一,122009,村木篤,160.0,,,,,,,,,,,"(*2,4)6(8,9)-(3,7)16,10-(1,12)-13(5,15)14-11",6,2,3.5,False,"(*2,4)6(3,9)(7,8)(1,10,16)12-(13,15)-5,14-11",6,2,0.0,False,-19,
201605050312,12,3歳以上1000万下,ダ,1300,晴,重,16:05,2016-11-12,東京,5,3,5,2012101011,レンイングランド,牡4,57,01077,石橋脩,1:16.9,1.3/4,13-14,35.5,30.2,7,524(+8),01075,[西]矢作芳人,365030,田畑勝彦,105.0,,,,,,,,,,,"(*2,4)6(8,9)-(3,7)16,10-(1,12)-13(5,15)14-11",13,2,12.0,False,"(*2,4)6(3,9)(7,8)(1,10,16)12-(13,15)-5,14-11",14,1,7.0,False,-19,
201605050312,12,3歳以上1000万下,ダ,1300,晴,重,16:05,2016-11-12,東京,6,7,13,2011103929,スペシャルギフト,セ5,57,00422,内田博幸,1:17.0,クビ,12-12,36.0,41.3,10,492(-16),01105,[西]須貝尚介,506800,シルクレーシング,,,,,,,,,,,,"(*2,4)6(8,9)-(3,7)16,10-(1,12)-13(5,15)14-11",12,1,12.0,False,"(*2,4)6(3,9)(7,8)(1,10,16)12-(13,15)-5,14-11",12,2,3.5,False,-19,
201605050312,12,3歳以上1000万下,ダ,1300,晴,重,16:05,2016-11-12,東京,7,6,12,2013106262,カネノイロ,牡3,56,00641,柴田善臣,1:17.1,3/4,10-11,36.4,9.7,3,470(+10),01035,[東]佐藤吉勝,338006,江川伸夫,,,,,,,,,,,,"(*2,4)6(8,9)-(3,7)16,10-(1,12)-13(5,15)14-11",10,2,8.5,False,"(*2,4)6(3,9)(7,8)(1,10,16)12-(13,15)-5,14-11",11,1,0.0,False,-19,
201605050312,12,3歳以上1000万下,ダ,1300,晴,重,16:05,2016-11-12,東京,8,2,3,2011100591,カオール,牝5,55,01043,北村宏司,1:17.2,クビ,6-4,37.0,81.6,11,502(-22),01137,[西]中内田充,003060,Ｈ．Ｈ．シェイク・モ...,,,,,,,,,,,,"(*2,4)6(8,9)-(3,7)16,10-(1,12)-13(5,15)14-11",6,2,3.5,False,"(*2,4)6(3,9)(7,8)(1,10,16)12-(13,15)-5,14-11",4,2,0.0,False,-19,
201605050312,12,3歳以上1000万下,ダ,1300,晴,重,16:05,2016-11-12,東京,9,8,15,2012101466,イワヌガハナ,セ4,57,00660,横山典弘,1:17.2,アタマ,13-12,36.1,121.5,13,476(+4),01125,[東]小野次郎,243008,國分純,,,,,,,,,,,,"(*2,4)6(8,9)-(3,7)16,10-(1,12)-13(5,15)14-11",13,2,12.0,False,"(*2,4)6(3,9)(7,8)(1,10,16)12-(13,15)-5,14-11",12,2,3.5,False,-19,
201605050312,12,3歳以上1000万下,ダ,1300,晴,重,16:05,2016-11-12,東京,10,6,11,2011110065,ブルーミーフラワー,牡5,57,01031,村田一誠,1:17.2,クビ,16-16,35.0,139.6,14,490(-2),01048,[東]畠山吉宏,896800,クイーンズ・ランチ,,,,,,,,,,,,"(*2,4)6(8,9)-(3,7)16,10-(1,12)-13(5,15)14-11",16,1,15.5,False,"(*2,4)6(3,9)(7,8)(1,10,16)12-(13,15)-5,14-11",16,1,12.0,False,-19,
201605050312,12,3歳以上1000万下,ダ,1300,晴,重,16:05,2016-11-12,東京,11,7,14,2010103291,ダンディーレイ,牡6,57,00684,田中勝春,1:17.6,2.1/2,15-15,36.1,248.9,15,482(+10),00415,[東]菅原泰夫,599800,高木競走馬育成牧場,,,,,,,,,,,,"(*2,4)6(8,9)-(3,7)16,10-(1,12)-13(5,15)14-11",15,1,12.0,False,"(*2,4)6(3,9)(7,8)(1,10,16)12-(13,15)-5,14-11",15,1,8.5,False,-19,
201605050312,12,3歳以上1000万下,ダ,1300,晴,重,16:05,2016-11-12,東京,12,5,9,2011103635,チーフアセスメント,牡5,57,01075,田辺裕信,1:18.2,3.1/2,4-4,38.0,36.2,9,500(+4),00422,[西]五十嵐忠,415800,社台レースホース,,,,,,,,,,,,"(*2,4)6(8,9)-(3,7)16,10-(1,12)-13(5,15)14-11",4,2,0.0,False,"(*2,4)6(3,9)(7,8)(1,10,16)12-(13,15)-5,14-11",4,2,0.0,False,-19,
201605050312,12,3歳以上1000万下,ダ,1300,晴,重,16:05,2016-11-12,東京,13,4,8,2011104001,アイムユアドリーム,牝5,52,01158,野中悠太,1:18.4,1.1/4,4-6,38.1,34.6,8,454(+6),00438,[西]安田隆行,059700,ユアストーリー,,,,,,,,,,,,"(*2,4)6(8,9)-(3,7)16,10-(1,12)-13(5,15)14-11",4,2,0.0,False,"(*2,4)6(3,9)(7,8)(1,10,16)12-(13,15)-5,14-11",6,2,0.0,False,-19,
201605050312,12,3歳以上1000万下,ダ,1300,晴,重,16:05,2016-11-12,東京,14,8,16,2013103944,クリプトスコード,牝3,54,01025,勝浦正樹,1:18.5,3/4,8-8,38.0,116.2,12,492(-2),01112,[東]田島俊明,854800,ノルマンディーサラブ...,,,,,,,,,,,,"(*2,4)6(8,9)-(3,7)16,10-(1,12)-13(5,15)14-11",8,1,3.5,False,"(*2,4)6(3,9)(7,8)(1,10,16)12-(13,15)-5,14-11",8,3,0.0,False,-19,
201605050312,12,3歳以上1000万下,ダ,1300,晴,重,16:05,2016-11-12,東京,15,2,4,2011100887,スマートエビデンス,牡5,57,05243,柴山雄一,1:19.4,5,2-2,39.4,280.7,16,528(-10),00411,[西]浅見秀一,007803,大川徹,,,,,,,,,,,,"(*2,4)6(8,9)-(3,7)16,10-(1,12)-13(5,15)14-11",2,2,0.0,False,"(*2,4)6(3,9)(7,8)(1,10,16)12-(13,15)-5,14-11",2,2,0.0,False,-19,
201605050312,12,3歳以上1000万下,ダ,1300,晴,重,16:05,2016-11-12,東京,16,1,2,2012101540,テイクウォーニング,牝4,55,00663,蛯名正義,1:20.4,6,1-1,40.5,27.9,6,478(+2),01062,[西]藤岡健一,003060,Ｈ．Ｈ．シェイク・モ...,,,,,,,,,,,,"(*2,4)6(8,9)-(3,7)16,10-(1,12)-13(5,15)14-11",1,2,0.0,True,"(*2,4)6(3,9)(7,8)(1,10,16)12-(13,15)-5,14-11",1,2,0.0,True,-19,
201608050301,1,2歳未勝利,ダ,1400,晴,稍重,10:05,2016-11-12,京都,1,7,12,2014104081,キタノユーリン,牝2,54,01014,福永祐一,1:25.1,,1-1,37.4,31.3,6,482(+4),00356,[西]坂口正則,163002,北所直人,500.0,,,,,,,,,,,"12(2,5)13(7,8)(3,4)(6,14)11,1-(9,10)",1,1,0.0,False,"12,5(2,8)(7,13)4-(3,6)(1,11)(9,10,14)",1,1,0.0,False,-18,
201608050301,1,2歳未勝利,ダ,1400,晴,稍重,10:05,2016-11-12,京都,2,3,4,2014106448,アンデスクイーン,牝2,54,01116,藤岡康太,1:25.3,1.1/4,7-7,36.8,64.3,8,464(-4),01028,[西]西園正都,148800,グリーンファーム,200.0,,,,,,,,,,,"12(2,5)13(7,8)(3,4)(6,14)11,1-(9,10)",7,2,0.0,False,"12,5(2,8)(7,13)4-(3,6)(1,11)(9,10,14)",7,1,1.5,False,-18,
201608050301,1,2歳未勝利,ダ,1400,晴,稍重,10:05,2016-11-12,京都,3,5,8,2014103321,エイドローン,牝2,54,00732,幸英明,1:25.9,3.1/2,5-3,37.6,3.0,2,478(0),01111,[西]鈴木孝志,045803,カナヤマホールディン...,130.0,,,,,,,,,,,"12(2,5)13(7,8)(3,4)(6,14)11,1-(9,10)",5,2,0.0,False,"12,5(2,8)(7,13)4-(3,6)(1,11)(9,10,14)",3,2,1.5,False,-18,
201608050301,1,2歳未勝利,ダ,1400,晴,稍重,10:05,2016-11-12,京都,4,4,5,2014105654,フィルムフランセ,牝2,54,05339,ルメール,1:25.9,クビ,2-2,38.0,1.6,1,474(+2),01113,[西]牧浦充徳,758005,吉田照哉,75.0,,,,,,,,,,,"12(2,5)13(7,8)(3,4)(6,14)11,1-(9,10)",2,2,0.0,False,"12,5(2,8)(7,13)4-(3,6)(1,11)(9,10,14)",2,1,1.5,False,-18,
201608050301,1,2歳未勝利,ダ,1400,晴,稍重,10:05,2016-11-12,京都,5,1,1,2014100831,ヤサシサ,牝2,54,05115,シュタル,1:26.1,1.1/4,12-10,37.1,72.1,9,496(0),01146,[西]奥村豊,986033,佐久間拓士,50.0,,,,,,,,,,,"12(2,5)13(7,8)(3,4)(6,14)11,1-(9,10)",12,1,1.5,False,"12,5(2,8)(7,13)4-(3,6)(1,11)(9,10,14)",10,2,5.0,False,-18,
201608050301,1,2歳未勝利,ダ,1400,晴,稍重,10:05,2016-11-12,京都,6,5,7,2014100482,トウカイシュテルン,牝2,54,01124,国分恭介,1:26.2,クビ,5-5,38.0,12.5,3,478(+6),00419,[西]松元茂樹,695004,内村正則,,,,,,,,,,,,"12(2,5)13(7,8)(3,4)(6,14)11,1-(9,10)",5,2,0.0,False,"12,5(2,8)(7,13)4-(3,6)(1,11)(9,10,14)",5,2,1.5,False,-18,
201608050301,1,2歳未勝利,ダ,1400,晴,稍重,10:05,2016-11-12,京都,7,2,2,2014102639,ラガーユミリン,牝2,54,01032,池添謙一,1:26.3,3/4,2-3,38.4,18.2,5,446(0),01021,[西]池添兼雄,263005,奥村啓二,,,,,,,,,,,,"12(2,5)13(7,8)(3,4)(6,14)11,1-(9,10)",2,2,0.0,False,"12,5(2,8)(7,13)4-(3,6)(1,11)(9,10,14)",3,2,1.5,False,-18,
201608050301,1,2歳未勝利,ダ,1400,晴,稍重,10:05,2016-11-12,京都,8,3,3,2014101220,アプリリス,牝2,54,01126,松山弘平,1:27.1,5,7-8,38.7,86.9,10,430(-2),01138,[西]浜田多実,788800,ノースヒルズ,,,,,,,,,,,,"12(2,5)13(7,8)(3,4)(6,14)11,1-(9,10)",7,2,0.0,False,"12,5(2,8)(7,13)4-(3,6)(1,11)(9,10,14)",8,2,5.0,False,-18,
201608050301,1,2歳未勝利,ダ,1400,晴,稍重,10:05,2016-11-12,京都,9,8,13,2014104038,ガールズブランド,牝2,54,01037,太宰啓介,1:27.6,3,4-5,39.5,18.0,4,446(+12),00387,[西]目野哲也,318007,吉永清美,,,,,,,,,,,,"12(2,5)13(7,8)(3,4)(6,14)11,1-(9,10)",4,1,0.0,False,"12,5(2,8)(7,13)4-(3,6)(1,11)(9,10,14)",5,2,1.5,False,-18,
201608050301,1,2歳未勝利,ダ,1400,晴,稍重,10:05,2016-11-12,京都,10,6,9,2014100986,セレッソプレミオ,牝2,54,01130,高倉稜,1:27.8,1.1/4,13-12,38.5,349.9,14,438(+6),00419,[西]松元茂樹,372008,三宅勝俊,,,,,,,,,,,,"12(2,5)13(7,8)(3,4)(6,14)11,1-(9,10)",13,2,5.0,False,"12,5(2,8)(7,13)4-(3,6)(1,11)(9,10,14)",12,3,5.0,False,-18,
201608050301,1,2歳未勝利,ダ,1400,晴,稍重,10:05,2016-11-12,京都,11,6,10,2014103631,ローズクイーン,牝2,54,01015,古川吉洋,1:28.1,1.3/4,13-12,38.7,194.7,11,458(0),01033,[西]木原一良,542800,ライオンレースホース,,,,,,,,,,,,"12(2,5)13(7,8)(3,4)(6,14)11,1-(9,10)",13,2,5.0,False,"12,5(2,8)(7,13)4-(3,6)(1,11)(9,10,14)",12,3,5.0,False,-18,
201608050301,1,2歳未勝利,ダ,1400,晴,稍重,10:05,2016-11-12,京都,12,7,11,2014100961,ウェザビー,牝2,51,01160,荻野極,1:28.7,3.1/2,11-10,39.9,50.5,7,396(-2),00356,[西]坂口正則,950800,谷口牧場,,,,,,,,,,,,"12(2,5)13(7,8)(3,4)(6,14)11,1-(9,10)",11,1,0.0,False,"12,5(2,8)(7,13)4-(3,6)(1,11)(9,10,14)",10,2,5.0,False,-18,
201608050301,1,2歳未勝利,ダ,1400,晴,稍重,10:05,2016-11-12,京都,13,4,6,2014101629,プラネテス,牝2,54,05504,バルザロ,1:28.9,1.1/4,9-8,40.2,263.9,13,444(+12),00427,[西]森秀行,268008,小田吉男,,,,,,,,,,,,"12(2,5)13(7,8)(3,4)(6,14)11,1-(9,10)",9,2,0.0,False,"12,5(2,8)(7,13)4-(3,6)(1,11)(9,10,14)",8,2,5.0,False,-18,
201608050301,1,2歳未勝利,ダ,1400,晴,稍重,10:05,2016-11-12,京都,14,8,14,2014103622,メイショウシラサギ,牝2,54,01114,田中健,1:29.9,6,9-12,41.1,226.4,12,440(+2),01140,[西]石橋守,523005,松本好雄,,,,,,,,,,,,"12(2,5)13(7,8)(3,4)(6,14)11,1-(9,10)",9,2,0.0,False,"12,5(2,8)(7,13)4-(3,6)(1,11)(9,10,14)",12,3,5.0,False,-18,
201608050302,2,2歳未勝利,ダ,1800,晴,稍重,10:35,2016-11-12,京都,1,5,7,2014105503,サトノクリエション,牡2,55,01088,川田将雅,1:52.2,,1-1-1-1,38.3,5.1,2,506(+2),01011,[西]松田国英,790031,里見治,500.0,"7,8-13,12,1,5(3,11,14)-(2,6,9)10-4",1,1,0.0,False,"7-8-13(1,12,5)(3,11,14)-(2,6)9,10-4",1,1,0.0,False,"7-1,5(3,8,14)9,10-11(6,2)-12-13=4",1,1,0.0,False,"7-1-(3,5,9)10-14,2,11-8,6=12=13-4",1,1,0.0,False,-18,
201608050302,2,2歳未勝利,ダ,1800,晴,稍重,10:35,2016-11-12,京都,2,6,9,2014100510,タガノディグオ,牡2,55,01062,川島信二,1:52.2,クビ,10-12-7-3,36.9,2.3,1,528(+4),01018,[西]宮徹,859002,八木良司,200.0,"7,8-13,12,1,5(3,11,14)-(2,6,9)10-4",10,3,13.0,False,"7-8-13(1,12,5)(3,11,14)-(2,6)9,10-4",12,1,10.5,False,"7-1,5(3,8,14)9,10-11(6,2)-12-13=4",7,1,5.0,False,"7-1-(3,5,9)10-14,2,11-8,6=12=13-4",3,3,7.0,False,-18,
201608050302,2,2歳未勝利,ダ,1800,晴,稍重,10:35,2016-11-12,京都,3,1,1,2014101062,アウラマイスター,牡2,55,01125,国分優作,1:53.1,5,5-4-2-2,38.7,329.1,11,516(-8),01032,[西]大根田裕,370008,岡浩二,130.0,"7,8-13,12,1,5(3,11,14)-(2,6,9)10-4",5,1,8.0,False,"7-8-13(1,12,5)(3,11,14)-(2,6)9,10-4",4,3,7.0,False,"7-1,5(3,8,14)9,10-11(6,2)-12-13=4",2,1,3.5,False,"7-1-(3,5,9)10-14,2,11-8,6=12=13-4",2,1,3.5,False,-18,
201608050302,2,2歳未勝利,ダ,1800,晴,稍重,10:35,2016-11-12,京都,4,2,2,2014105063,サトノプライム,牡2,55,01015,古川吉洋,1:53.1,ハナ,10-10-10-8,37.4,10.6,6,482(+6),01049,[西]南井克巳,790031,里見治,75.0,"7,8-13,12,1,5(3,11,14)-(2,6,9)10-4",10,3,13.0,False,"7-8-13(1,12,5)(3,11,14)-(2,6)9,10-4",10,2,10.5,False,"7-1,5(3,8,14)9,10-11(6,2)-12-13=4",10,2,10.0,False,"7-1-(3,5,9)10-14,2,11-8,6=12=13-4",8,1,12.0,False,-18,
201608050302,2,2歳未勝利,ダ,1800,晴,稍重,10:35,2016-11-12,京都,5,6,10,2014102293,ナムラスパルタクス,牡2,55,01037,太宰啓介,1:53.3,1.1/4,13-13-8-6,37.9,6.8,4,456(+6),00387,[西]目野哲也,945004,奈村信重,50.0,"7,8-13,12,1,5(3,11,14)-(2,6,9)10-4",13,1,13.0,False,"7-8-13(1,12,5)(3,11,14)-(2,6)9,10-4",13,1,12.0,False,"7-1,5(3,8,14)9,10-11(6,2)-12-13=4",8,1,6.5,False,"7-1-(3,5,9)10-14,2,11-8,6=12=13-4",6,1,7.0,False,-18,
201608050302,2,2歳未勝利,ダ,1800,晴,稍重,10:35,2016-11-12,京都,6,4,5,2014106395,ワイドコマンダー,牡2,55,01116,藤岡康太,1:54.5,7,6-4-3-3,39.8,8.1,5,498(-4),00425,[西]加用正,320030,幅田京子,,"7,8-13,12,1,5(3,11,14)-(2,6,9)10-4",6,1,9.5,False,"7-8-13(1,12,5)(3,11,14)-(2,6)9,10-4",4,3,7.0,False,"7-1,5(3,8,14)9,10-11(6,2)-12-13=4",3,1,5.0,False,"7-1-(3,5,9)10-14,2,11-8,6=12=13-4",3,3,7.0,False,-18,
201608050302,2,2歳未勝利,ダ,1800,晴,稍重,10:35,2016-11-12,京都,7,3,3,2014101632,ダイヤグラム,牡2,55,00732,幸英明,1:54.6,1/2,7-7-4-3,39.8,252.1,10,502(+16),01042,[西]安達昭夫,268008,小田吉男,,"7,8-13,12,1,5(3,11,14)-(2,6,9)10-4",7,3,9.5,False,"7-8-13(1,12,5)(3,11,14)-(2,6)9,10-4",7,3,7.0,False,"7-1,5(3,8,14)9,10-11(6,2)-12-13=4",4,3,5.0,False,"7-1-(3,5,9)10-14,2,11-8,6=12=13-4",3,3,7.0,False,-18,
201608050302,2,2歳未勝利,ダ,1800,晴,稍重,10:35,2016-11-12,京都,8,7,11,2014104390,ライオネルカズマ,牡2,55,01014,福永祐一,1:54.9,1.3/4,7-7-9-9,39.4,5.4,3,526(0),01016,[西]西浦勝一,879800,雅苑興業,,"7,8-13,12,1,5(3,11,14)-(2,6,9)10-4",7,3,9.5,False,"7-8-13(1,12,5)(3,11,14)-(2,6)9,10-4",7,3,7.0,False,"7-1,5(3,8,14)9,10-11(6,2)-12-13=4",9,1,10.0,False,"7-1-(3,5,9)10-14,2,11-8,6=12=13-4",9,1,13.5,False,-18,
201608050302,2,2歳未勝利,ダ,1800,晴,稍重,10:35,2016-11-12,京都,9,4,6,2014100674,コスモオーリー,牡2,55,01130,高倉稜,1:54.9,アタマ,10-10-10-11,39.0,483.0,14,482(-4),01073,[西]宮本博,716800,ビッグレッドファーム,,"7,8-13,12,1,5(3,11,14)-(2,6,9)10-4",10,3,13.0,False,"7-8-13(1,12,5)(3,11,14)-(2,6)9,10-4",10,2,10.5,False,"7-1,5(3,8,14)9,10-11(6,2)-12-13=4",10,2,10.0,False,"7-1-(3,5,9)10-14,2,11-8,6=12=13-4",11,1,18.5,False,-18,
201608050302,2,2歳未勝利,ダ,1800,晴,稍重,10:35,2016-11-12,京都,10,8,14,2014103063,エイシンユニコーン,牡2,55,05203,岩田康誠,1:56.5,10,7-7-4-7,41.4,36.1,8,516(+8),00378,[西]沖芳夫,785800,栄進堂,,"7,8-13,12,1,5(3,11,14)-(2,6,9)10-4",7,3,9.5,False,"7-8-13(1,12,5)(3,11,14)-(2,6)9,10-4",7,3,7.0,False,"7-1,5(3,8,14)9,10-11(6,2)-12-13=4",4,3,5.0,False,"7-1-(3,5,9)10-14,2,11-8,6=12=13-4",7,1,10.5,False,-18,
201608050302,2,2歳未勝利,ダ,1800,晴,稍重,10:35,2016-11-12,京都,11,7,12,2014105728,アドレスマッチング,牡2,55,01010,柴田未崎,1:58.2,大,4-4-12-12,41.8,442.3,13,494(+18),01084,[西]梅田智之,461030,大迫基弘,,"7,8-13,12,1,5(3,11,14)-(2,6,9)10-4",4,1,6.5,False,"7-8-13(1,12,5)(3,11,14)-(2,6)9,10-4",4,3,7.0,False,"7-1,5(3,8,14)9,10-11(6,2)-12-13=4",12,1,13.5,False,"7-1-(3,5,9)10-14,2,11-8,6=12=13-4",12,1,24.5,False,-18,
201608050302,2,2歳未勝利,ダ,1800,晴,稍重,10:35,2016-11-12,京都,12,3,4,2014103982,ブルベアヘッジ,牡2,55,01034,酒井学,1:58.5,1.3/4,14-14-14-14,40.3,372.1,12,520(+8),01135,[西]高橋康之,843800,ブルアンドベア,,"7,8-13,12,1,5(3,11,14)-(2,6,9)10-4",14,1,16.5,False,"7-8-13(1,12,5)(3,11,14)-(2,6)9,10-4",14,1,15.5,False,"7-1,5(3,8,14)9,10-11(6,2)-12-13=4",14,1,23.0,False,"7-1-(3,5,9)10-14,2,11-8,6=12=13-4",14,1,34.0,False,-18,
201608050302,2,2歳未勝利,ダ,1800,晴,稍重,10:35,2016-11-12,京都,13,5,8,2014109091,アーチザスカイ,牡2,55,05115,シュタル,1:59.6,7,2-2-4-10,44.5,26.5,7,512(+4),00261,[西]中村均,148800,グリーンファーム,,"7,8-13,12,1,5(3,11,14)-(2,6,9)10-4",2,1,1.5,False,"7-8-13(1,12,5)(3,11,14)-(2,6)9,10-4",2,1,3.5,False,"7-1,5(3,8,14)9,10-11(6,2)-12-13=4",4,3,5.0,False,"7-1-(3,5,9)10-14,2,11-8,6=12=13-4",10,1,17.0,False,-18,
201608050302,2,2歳未勝利,ダ,1800,晴,稍重,10:35,2016-11-12,京都,14,8,13,2014110025,ヴェルディアーナ,牝2,54,05527,アッゼニ,2:01.1,9,3-3-13-13,44.2,101.5,9,456(+4),01039,[西]中竹和也,944030,加藤誠,,"7,8-13,12,1,5(3,11,14)-(2,6,9)10-4",3,1,5.0,False,"7-8-13(1,12,5)(3,11,14)-(2,6)9,10-4",3,1,7.0,False,"7-1,5(3,8,14)9,10-11(6,2)-12-13=4",13,1,17.0,False,"7-1-(3,5,9)10-14,2,11-8,6=12=13-4",13,1,30.5,False,-18,
201608050303,3,2歳未勝利,芝,1600,晴,良,11:05,2016-11-12,京都,1,2,2,2014104669,ヒロシゲグローリー,牡2,55,00732,幸英明,1:34.7,,1-1,35.8,22.5,8,484(+4),01078,[西]北出成人,267033,阿尾浩和,500.0,,,,,,,,,,,"2(8,12)(1,14)(4,13)(6,10)7,3(5,11)9",1,1,0.0,False,"2(8,12)(1,4,13,14)(6,7,10)3,5(9,11)",1,1,0.0,False,-5,やや速めの時計が出るレベルではあったが、雨の影響が残って、前週よりは時計が掛かっていた。
201608050303,3,2歳未勝利,芝,1600,晴,良,11:05,2016-11-12,京都,2,3,3,2014100838,ショウナンサニー,牡2,55,01115,浜中俊,1:35.1,2.1/2,11-11,35.3,24.7,9,486(+6),01105,[西]須貝尚介,331002,国本哲秀,200.0,,,,,,,,,,,"2(8,12)(1,14)(4,13)(6,10)7,3(5,11)9",11,1,1.5,False,"2(8,12)(1,4,13,14)(6,7,10)3,5(9,11)",11,1,0.0,False,-5,やや速めの時計が出るレベルではあったが、雨の影響が残って、前週よりは時計が掛かっていた。
201608050303,3,2歳未勝利,芝,1600,晴,良,11:05,2016-11-12,京都,3,8,13,2014100524,ナンヨーマーズ,牡2,55,05115,シュタル,1:35.1,ハナ,6-4,35.8,5.1,3,452(+4),01110,[西]清水久詞,512031,中村徳也,130.0,,,,,,,,,,,"2(8,12)(1,14)(4,13)(6,10)7,3(5,11)9",6,2,0.0,False,"2(8,12)(1,4,13,14)(6,7,10)3,5(9,11)",4,4,0.0,False,-5,やや速めの時計が出るレベルではあったが、雨の影響が残って、前週よりは時計が掛かっていた。
201608050303,3,2歳未勝利,芝,1600,晴,良,11:05,2016-11-12,京都,4,4,5,2014105360,アラハバード,牡2,55,01030,松田大作,1:35.2,3/4,12-12,35.4,11.7,5,428(+2),01071,[西]池江泰寿,808800,Ｇ１レーシング,75.0,,,,,,,,,,,"2(8,12)(1,14)(4,13)(6,10)7,3(5,11)9",12,2,1.5,False,"2(8,12)(1,4,13,14)(6,7,10)3,5(9,11)",12,1,1.5,False,-5,やや速めの時計が出るレベルではあったが、雨の影響が残って、前週よりは時計が掛かっていた。
201608050303,3,2歳未勝利,芝,1600,晴,良,11:05,2016-11-12,京都,5,7,12,2014105072,サンライズソウマ,牡2,55,05339,ルメール,1:35.4,1.1/4,2-2,36.3,2.9,1,480(+10),01072,[西]河内洋,306008,松岡隆雄,50.0,,,,,,,,,,,"2(8,12)(1,14)(4,13)(6,10)7,3(5,11)9",2,2,0.0,False,"2(8,12)(1,4,13,14)(6,7,10)3,5(9,11)",2,2,0.0,False,-5,やや速めの時計が出るレベルではあったが、雨の影響が残って、前週よりは時計が掛かっていた。
201608050303,3,2歳未勝利,芝,1600,晴,良,11:05,2016-11-12,京都,6,6,10,2014102286,アーケロンバイオ,牡2,55,01125,国分優作,1:35.5,1/2,8-8,36.0,7.5,4,484(+4),01016,[西]西浦勝一,930800,バイオ,,,,,,,,,,,,"2(8,12)(1,14)(4,13)(6,10)7,3(5,11)9",8,2,0.0,False,"2(8,12)(1,4,13,14)(6,7,10)3,5(9,11)",8,3,0.0,False,-5,やや速めの時計が出るレベルではあったが、雨の影響が残って、前週よりは時計が掛かっていた。
201608050303,3,2歳未勝利,芝,1600,晴,良,11:05,2016-11-12,京都,7,4,6,2014100169,キョウワベルナルド,牡2,55,01037,太宰啓介,1:35.6,クビ,8-8,36.1,120.6,12,446(-2),00429,[西]佐々木晶,763800,協和牧場,,,,,,,,,,,,"2(8,12)(1,14)(4,13)(6,10)7,3(5,11)9",8,2,0.0,False,"2(8,12)(1,4,13,14)(6,7,10)3,5(9,11)",8,3,0.0,False,-5,やや速めの時計が出るレベルではあったが、雨の影響が残って、前週よりは時計が掛かっていた。
201608050303,3,2歳未勝利,芝,1600,晴,良,11:05,2016-11-12,京都,8,7,11,2014101313,ケルビン,牡2,55,00894,小牧太,1:35.8,1.1/2,12-13,35.8,263.1,14,498(-4),01091,[西]羽月友彦,258033,野嶋祥二,,,,,,,,,,,,"2(8,12)(1,14)(4,13)(6,10)7,3(5,11)9",12,2,1.5,False,"2(8,12)(1,4,13,14)(6,7,10)3,5(9,11)",13,2,1.5,False,-5,やや速めの時計が出るレベルではあったが、雨の影響が残って、前週よりは時計が掛かっていた。
201608050303,3,2歳未勝利,芝,1600,晴,良,11:05,2016-11-12,京都,9,6,9,2014105378,アグネスローヤー,牡2,55,01130,高倉稜,1:36.0,1.1/4,14-13,36.0,150.6,13,456(+2),01073,[西]宮本博,560030,渡辺公美子,,,,,,,,,,,,"2(8,12)(1,14)(4,13)(6,10)7,3(5,11)9",14,1,1.5,False,"2(8,12)(1,4,13,14)(6,7,10)3,5(9,11)",13,2,1.5,False,-5,やや速めの時計が出るレベルではあったが、雨の影響が残って、前週よりは時計が掛かっていた。
201608050303,3,2歳未勝利,芝,1600,晴,良,11:05,2016-11-12,京都,10,5,7,2014103650,ミスティクィーン,牝2,54,05504,バルザロ,1:36.0,ハナ,10-8,36.4,61.1,10,398(-4),01151,[西]斉藤崇史,985033,阿部東亜子,,,,,,,,,,,,"2(8,12)(1,14)(4,13)(6,10)7,3(5,11)9",10,1,0.0,False,"2(8,12)(1,4,13,14)(6,7,10)3,5(9,11)",8,3,0.0,False,-5,やや速めの時計が出るレベルではあったが、雨の影響が残って、前週よりは時計が掛かっていた。
201608050303,3,2歳未勝利,芝,1600,晴,良,11:05,2016-11-12,京都,11,8,14,2014105451,ナリタシュウ,牡2,55,01126,松山弘平,1:36.1,1/2,4-4,36.9,22.1,7,500(-2),01155,[西]渡辺薫彦,712800,オースミ,,,,,,,,,,,,"2(8,12)(1,14)(4,13)(6,10)7,3(5,11)9",4,2,0.0,False,"2(8,12)(1,4,13,14)(6,7,10)3,5(9,11)",4,4,0.0,False,-5,やや速めの時計が出るレベルではあったが、雨の影響が残って、前週よりは時計が掛かっていた。
201608050303,3,2歳未勝利,芝,1600,晴,良,11:05,2016-11-12,京都,12,3,4,2014105848,サトノマサムネ,牡2,55,05527,アッゼニ,1:36.4,2,6-4,37.1,14.9,6,458(+2),01028,[西]西園正都,790031,里見治,,,,,,,,,,,,"2(8,12)(1,14)(4,13)(6,10)7,3(5,11)9",6,2,0.0,False,"2(8,12)(1,4,13,14)(6,7,10)3,5(9,11)",4,4,0.0,False,-5,やや速めの時計が出るレベルではあったが、雨の影響が残って、前週よりは時計が掛かっていた。
201608050303,3,2歳未勝利,芝,1600,晴,良,11:05,2016-11-12,京都,13,1,1,2014100517,タガノエクレール,牡2,55,05203,岩田康誠,1:36.5,1/2,4-4,37.3,97.3,11,450(+10),01111,[西]鈴木孝志,859002,八木良司,,,,,,,,,,,,"2(8,12)(1,14)(4,13)(6,10)7,3(5,11)9",4,2,0.0,False,"2(8,12)(1,4,13,14)(6,7,10)3,5(9,11)",4,4,0.0,False,-5,やや速めの時計が出るレベルではあったが、雨の影響が残って、前週よりは時計が掛かっていた。
201608050303,3,2歳未勝利,芝,1600,晴,良,11:05,2016-11-12,京都,14,5,8,2014100580,ハッピーマテリアル,牝2,54,00666,武豊,1:37.2,4,2-2,38.2,3.7,2,452(+2),00378,[西]沖芳夫,788800,ノースヒルズ,,,,,,,,,,,,"2(8,12)(1,14)(4,13)(6,10)7,3(5,11)9",2,2,0.0,False,"2(8,12)(1,4,13,14)(6,7,10)3,5(9,11)",2,2,0.0,False,-5,やや速めの時計が出るレベルではあったが、雨の影響が残って、前週よりは時計が掛かっていた。
201608050304,4,2歳未勝利,芝,1800,晴,良,11:35,2016-11-12,京都,1,5,5,2014104031,ハローユニコーン,牝2,51,01163,坂井瑠星,1:47.7,,5-5,34.8,5.8,3,440(0),01046,[西]鮫島一歩,888800,ＣＨＥＶＡＬＡＴＴＡ...,500.0,,,,,,,,,,,"3=2,11,7(5,10)(1,6,8)9-(12,4)",5,2,9.0,False,"3-2,11-7(5,10)(1,6,8)(12,9)4",5,2,8.5,False,-5,やや速めの時計が出るレベルではあったが、雨の影響が残って、前週よりは時計が掛かっていた。
201608050304,4,2歳未勝利,芝,1800,晴,良,11:35,2016-11-12,京都,2,8,12,2014103831,デュパルクカズマ,牡2,55,01014,福永祐一,1:48.0,1.3/4,11-10,34.5,12.1,6,426(+2),01016,[西]西浦勝一,879800,雅苑興業,200.0,,,,,,,,,,,"3=2,11,7(5,10)(1,6,8)9-(12,4)",11,2,12.5,False,"3-2,11-7(5,10)(1,6,8)(12,9)4",10,2,8.5,False,-5,やや速めの時計が出るレベルではあったが、雨の影響が残って、前週よりは時計が掛かっていた。
201608050304,4,2歳未勝利,芝,1800,晴,良,11:35,2016-11-12,京都,3,6,8,2014106056,スピリットソウル,牡2,55,01115,浜中俊,1:48.1,3/4,7-7,34.9,2.0,1,472(+6),01058,[西]大久保龍,252030,落合幸弘,130.0,,,,,,,,,,,"3=2,11,7(5,10)(1,6,8)9-(12,4)",7,3,9.0,False,"3-2,11-7(5,10)(1,6,8)(12,9)4",7,3,8.5,False,-5,やや速めの時計が出るレベルではあったが、雨の影響が残って、前週よりは時計が掛かっていた。
201608050304,4,2歳未勝利,芝,1800,晴,良,11:35,2016-11-12,京都,4,6,7,2014106210,アオイテソーロ,牝2,54,05339,ルメール,1:48.2,1/2,4-4,35.5,4.2,2,500(-10),01075,[西]矢作芳人,980033,了徳寺健二,75.0,,,,,,,,,,,"3=2,11,7(5,10)(1,6,8)9-(12,4)",4,1,9.0,False,"3-2,11-7(5,10)(1,6,8)(12,9)4",4,1,8.5,False,-5,やや速めの時計が出るレベルではあったが、雨の影響が残って、前週よりは時計が掛かっていた。
201608050304,4,2歳未勝利,芝,1800,晴,良,11:35,2016-11-12,京都,5,2,2,2014103208,バルベーラ,牝2,54,00732,幸英明,1:48.3,3/4,2-2,36.2,64.5,9,428(0),01155,[西]渡辺薫彦,045803,カナヤマホールディン...,50.0,,,,,,,,,,,"3=2,11,7(5,10)(1,6,8)9-(12,4)",2,1,6.0,False,"3-2,11-7(5,10)(1,6,8)(12,9)4",2,1,3.5,False,-5,やや速めの時計が出るレベルではあったが、雨の影響が残って、前週よりは時計が掛かっていた。
201608050304,4,2歳未勝利,芝,1800,晴,良,11:35,2016-11-12,京都,6,7,9,2014101748,リネンロマン,牝2,54,01126,松山弘平,1:48.3,クビ,10-10,34.9,11.0,5,404(-2),01003,[西]川村禎彦,851005,戸山光男,,,,,,,,,,,,"3=2,11,7(5,10)(1,6,8)9-(12,4)",10,1,9.0,False,"3-2,11-7(5,10)(1,6,8)(12,9)4",10,2,8.5,False,-5,やや速めの時計が出るレベルではあったが、雨の影響が残って、前週よりは時計が掛かっていた。
201608050304,4,2歳未勝利,芝,1800,晴,良,11:35,2016-11-12,京都,7,1,1,2014103933,アグネスリュウメ,牝2,54,05203,岩田康誠,1:48.4,3/4,7-7,35.2,202.4,12,466(+2),00395,[西]長浜博之,560030,渡辺公美子,,,,,,,,,,,,"3=2,11,7(5,10)(1,6,8)9-(12,4)",7,3,9.0,False,"3-2,11-7(5,10)(1,6,8)(12,9)4",7,3,8.5,False,-5,やや速めの時計が出るレベルではあったが、雨の影響が残って、前週よりは時計が掛かっていた。
201608050304,4,2歳未勝利,芝,1800,晴,良,11:35,2016-11-12,京都,8,3,3,2014104426,マイネルシルバリー,牡2,55,05504,バルザロ,1:48.5,クビ,1-1,37.0,81.6,11,502(0),01018,[西]宮徹,546800,サラブレッドクラブ・...,,,,,,,,,,,,"3=2,11,7(5,10)(1,6,8)9-(12,4)",1,1,0.0,False,"3-2,11-7(5,10)(1,6,8)(12,9)4",1,1,0.0,False,-5,やや速めの時計が出るレベルではあったが、雨の影響が残って、前週よりは時計が掛かっていた。
201608050304,4,2歳未勝利,芝,1800,晴,良,11:35,2016-11-12,京都,9,5,6,2014102453,シャドウブリランテ,牡2,55,01116,藤岡康太,1:48.6,1/2,7-7,35.4,58.7,8,492(-2),01062,[西]藤岡健一,308002,飯塚知一,,,,,,,,,,,,"3=2,11,7(5,10)(1,6,8)9-(12,4)",7,3,9.0,False,"3-2,11-7(5,10)(1,6,8)(12,9)4",7,3,8.5,False,-5,やや速めの時計が出るレベルではあったが、雨の影響が残って、前週よりは時計が掛かっていた。
201608050304,4,2歳未勝利,芝,1800,晴,良,11:35,2016-11-12,京都,10,4,4,2014100584,ライトオブピース,牡2,55,00666,武豊,1:48.8,1.1/2,11-12,35.2,10.0,4,470(-2),00429,[西]佐々木晶,041002,前田晋二,,,,,,,,,,,,"3=2,11,7(5,10)(1,6,8)9-(12,4)",11,2,12.5,False,"3-2,11-7(5,10)(1,6,8)(12,9)4",12,1,8.5,False,-5,やや速めの時計が出るレベルではあったが、雨の影響が残って、前週よりは時計が掛かっていた。
201608050304,4,2歳未勝利,芝,1800,晴,良,11:35,2016-11-12,京都,11,8,11,2014109041,フィールドステイ,牡2,55,01015,古川吉洋,1:48.9,クビ,3-3,36.5,51.2,7,500(0),01028,[西]西園正都,769009,地田勝三,,,,,,,,,,,,"3=2,11,7(5,10)(1,6,8)9-(12,4)",3,1,7.5,False,"3-2,11-7(5,10)(1,6,8)(12,9)4",3,1,5.0,False,-5,やや速めの時計が出るレベルではあったが、雨の影響が残って、前週よりは時計が掛かっていた。
201608050304,4,2歳未勝利,芝,1800,晴,良,11:35,2016-11-12,京都,12,7,10,2014104411,ロードゼスト,牡2,55,01032,池添謙一,1:49.2,1.3/4,5-5,36.3,73.6,10,474(+12),01120,[西]千田輝彦,170800,ロードホースクラブ,,,,,,,,,,,,"3=2,11,7(5,10)(1,6,8)9-(12,4)",5,2,9.0,False,"3-2,11-7(5,10)(1,6,8)(12,9)4",5,2,8.5,False,-5,やや速めの時計が出るレベルではあったが、雨の影響が残って、前週よりは時計が掛かっていた。
201608050305,5,2歳新馬,芝,1400,晴,良,12:25,2016-11-12,京都,1,4,8,2014105837,レイズアベール,牝2,54,01088,川田将雅,1:23.0,,2-2,35.5,1.7,1,456(0),01130,[西]吉村圭司,226800,サンデーレーシング,700.0,,,,,,,,,,,"7,8(4,13,14)6(3,12,18)5,9(2,15,17)16-1,11,10",2,1,1.5,False,"(*7,8)13(4,6,14)(3,5,12,18)(9,17)(2,15)16-1(10,11)",2,2,0.0,False,-5,やや速めの時計が出るレベルではあったが、雨の影響が残って、前週よりは時計が掛かっていた。
201608050305,5,2歳新馬,芝,1400,晴,良,12:25,2016-11-12,京都,2,5,9,2014106065,フラウティスタ,牝2,54,05527,アッゼニ,1:23.2,1.1/2,11-11,35.0,11.9,4,420(0),01137,[西]中内田充,506800,シルクレーシング,280.0,,,,,,,,,,,"7,8(4,13,14)6(3,12,18)5,9(2,15,17)16-1,11,10",11,1,3.0,False,"(*7,8)13(4,6,14)(3,5,12,18)(9,17)(2,15)16-1(10,11)",11,2,0.0,False,-5,やや速めの時計が出るレベルではあったが、雨の影響が残って、前週よりは時計が掛かっていた。
201608050305,5,2歳新馬,芝,1400,晴,良,12:25,2016-11-12,京都,3,7,15,2014102721,スズカヘルメス,牡2,55,01138,藤懸貴志,1:23.3,1/2,12-13,34.9,22.9,6,432(0),00361,[西]坪憲章,382004,永井啓弍,180.0,,,,,,,,,,,"7,8(4,13,14)6(3,12,18)5,9(2,15,17)16-1,11,10",12,3,3.0,False,"(*7,8)13(4,6,14)(3,5,12,18)(9,17)(2,15)16-1(10,11)",13,2,0.0,False,-5,やや速めの時計が出るレベルではあったが、雨の影響が残って、前週よりは時計が掛かっていた。
201608050305,5,2歳新馬,芝,1400,晴,良,12:25,2016-11-12,京都,4,8,18,2014100695,マイネルソノリティ,牡2,55,05504,バルザロ,1:23.5,1.1/4,7-7,35.6,29.6,8,444(0),01028,[西]西園正都,546800,サラブレッドクラブ・...,110.0,,,,,,,,,,,"7,8(4,13,14)6(3,12,18)5,9(2,15,17)16-1,11,10",7,3,1.5,False,"(*7,8)13(4,6,14)(3,5,12,18)(9,17)(2,15)16-1(10,11)",7,4,0.0,False,-5,やや速めの時計が出るレベルではあったが、雨の影響が残って、前週よりは時計が掛かっていた。
201608050305,5,2歳新馬,芝,1400,晴,良,12:25,2016-11-12,京都,5,1,2,2014105995,ハイレートクライム,牡2,55,05115,シュタル,1:23.5,クビ,12-13,35.2,5.2,2,474(0),01087,[西]庄野靖志,486800,キャロットファーム,70.0,,,,,,,,,,,"7,8(4,13,14)6(3,12,18)5,9(2,15,17)16-1,11,10",12,3,3.0,False,"(*7,8)13(4,6,14)(3,5,12,18)(9,17)(2,15)16-1(10,11)",13,2,0.0,False,-5,やや速めの時計が出るレベルではあったが、雨の影響が残って、前週よりは時計が掛かっていた。
201608050305,5,2歳新馬,芝,1400,晴,良,12:25,2016-11-12,京都,6,8,17,2014104339,タマモライトアップ,牡2,55,01032,池添謙一,1:23.7,1.1/4,12-11,35.5,27.6,7,466(0),01021,[西]池添兼雄,515800,タマモ,,,,,,,,,,,,"7,8(4,13,14)6(3,12,18)5,9(2,15,17)16-1,11,10",12,3,3.0,False,"(*7,8)13(4,6,14)(3,5,12,18)(9,17)(2,15)16-1(10,11)",11,2,0.0,False,-5,やや速めの時計が出るレベルではあったが、雨の影響が残って、前週よりは時計が掛かっていた。
201608050305,5,2歳新馬,芝,1400,晴,良,12:25,2016-11-12,京都,7,8,16,2014100805,クニサキカッシーニ,牝2,51,01160,荻野極,1:23.8,クビ,15-15,35.3,157.5,14,398(0),00434,[西]西橋豊治,629008,國島周夫,,,,,,,,,,,,"7,8(4,13,14)6(3,12,18)5,9(2,15,17)16-1,11,10",15,1,3.0,False,"(*7,8)13(4,6,14)(3,5,12,18)(9,17)(2,15)16-1(10,11)",15,1,0.0,False,-5,やや速めの時計が出るレベルではあったが、雨の影響が残って、前週よりは時計が掛かっていた。
201608050305,5,2歳新馬,芝,1400,晴,良,12:25,2016-11-12,京都,8,7,13,2014101967,ドナマコン,牝2,51,01163,坂井瑠星,1:23.9,3/4,3-3,36.3,63.5,11,460(0),00425,[西]加用正,440006,山田貢一,,,,,,,,,,,,"7,8(4,13,14)6(3,12,18)5,9(2,15,17)16-1,11,10",3,3,1.5,False,"(*7,8)13(4,6,14)(3,5,12,18)(9,17)(2,15)16-1(10,11)",3,1,0.0,False,-5,やや速めの時計が出るレベルではあったが、雨の影響が残って、前週よりは時計が掛かっていた。
201608050305,5,2歳新馬,芝,1400,晴,良,12:25,2016-11-12,京都,9,3,5,2014106472,コパノピエール,牡2,55,01014,福永祐一,1:23.9,クビ,10-7,35.9,8.4,3,468(0),01018,[西]宮徹,966007,小林祥晃,,,,,,,,,,,,"7,8(4,13,14)6(3,12,18)5,9(2,15,17)16-1,11,10",10,1,1.5,False,"(*7,8)13(4,6,14)(3,5,12,18)(9,17)(2,15)16-1(10,11)",7,4,0.0,False,-5,やや速めの時計が出るレベルではあったが、雨の影響が残って、前週よりは時計が掛かっていた。
201608050305,5,2歳新馬,芝,1400,晴,良,12:25,2016-11-12,京都,10,2,4,2014101843,マリノカーニバル,牝2,54,00732,幸英明,1:24.1,1.1/4,3-4,36.4,35.3,9,482(0),01032,[西]大根田裕,826800,クラウン,,,,,,,,,,,,"7,8(4,13,14)6(3,12,18)5,9(2,15,17)16-1,11,10",3,3,1.5,False,"(*7,8)13(4,6,14)(3,5,12,18)(9,17)(2,15)16-1(10,11)",4,3,0.0,False,-5,やや速めの時計が出るレベルではあったが、雨の影響が残って、前週よりは時計が掛かっていた。
201608050305,5,2歳新馬,芝,1400,晴,良,12:25,2016-11-12,京都,11,7,14,2014101585,ガーネットホープ,牝2,54,01034,酒井学,1:24.3,1.1/4,3-4,36.6,181.6,15,424(0),01091,[西]羽月友彦,306008,松岡隆雄,,,,,,,,,,,,"7,8(4,13,14)6(3,12,18)5,9(2,15,17)16-1,11,10",3,3,1.5,False,"(*7,8)13(4,6,14)(3,5,12,18)(9,17)(2,15)16-1(10,11)",4,3,0.0,False,-5,やや速めの時計が出るレベルではあったが、雨の影響が残って、前週よりは時計が掛かっていた。
201608050305,5,2歳新馬,芝,1400,晴,良,12:25,2016-11-12,京都,12,4,7,2014105843,アドマイヤホルン,牝2,54,01116,藤岡康太,1:24.5,1.1/4,1-1,37.1,44.2,10,402(0),01069,[西]中尾秀正,398002,近藤利一,,,,,,,,,,,,"7,8(4,13,14)6(3,12,18)5,9(2,15,17)16-1,11,10",1,1,0.0,False,"(*7,8)13(4,6,14)(3,5,12,18)(9,17)(2,15)16-1(10,11)",1,2,0.0,True,-5,やや速めの時計が出るレベルではあったが、雨の影響が残って、前週よりは時計が掛かっていた。
201608050305,5,2歳新馬,芝,1400,晴,良,12:25,2016-11-12,京都,13,2,3,2014100496,タガノマキアート,牝2,54,01124,国分恭介,1:24.5,クビ,7-7,36.6,146.5,13,438(0),01140,[西]石橋守,859002,八木良司,,,,,,,,,,,,"7,8(4,13,14)6(3,12,18)5,9(2,15,17)16-1,11,10",7,3,1.5,False,"(*7,8)13(4,6,14)(3,5,12,18)(9,17)(2,15)16-1(10,11)",7,4,0.0,False,-5,やや速めの時計が出るレベルではあったが、雨の影響が残って、前週よりは時計が掛かっていた。
201608050305,5,2歳新馬,芝,1400,晴,良,12:25,2016-11-12,京都,14,6,12,2014102975,デンコウアリオン,牡2,53,01147,城戸義政,1:24.6,3/4,7-7,36.7,256.4,16,470(0),01099,[西]本田優,484007,田中康弘,,,,,,,,,,,,"7,8(4,13,14)6(3,12,18)5,9(2,15,17)16-1,11,10",7,3,1.5,False,"(*7,8)13(4,6,14)(3,5,12,18)(9,17)(2,15)16-1(10,11)",7,4,0.0,False,-5,やや速めの時計が出るレベルではあったが、雨の影響が残って、前週よりは時計が掛かっていた。
201608050305,5,2歳新馬,芝,1400,晴,良,12:25,2016-11-12,京都,15,3,6,2014100300,スマートアレス,牡2,55,00666,武豊,1:24.7,1/2,6-4,36.9,15.3,5,510(0),01158,[西]寺島良,007803,大川徹,,,,,,,,,,,,"7,8(4,13,14)6(3,12,18)5,9(2,15,17)16-1,11,10",6,1,1.5,False,"(*7,8)13(4,6,14)(3,5,12,18)(9,17)(2,15)16-1(10,11)",4,3,0.0,False,-5,やや速めの時計が出るレベルではあったが、雨の影響が残って、前週よりは時計が掛かっていた。
201608050305,5,2歳新馬,芝,1400,晴,良,12:25,2016-11-12,京都,16,1,1,2014103166,サダムドミニック,牡2,55,01126,松山弘平,1:25.1,2.1/2,16-16,36.2,92.3,12,440(0),01082,[西]平田修,096007,大西定,,,,,,,,,,,,"7,8(4,13,14)6(3,12,18)5,9(2,15,17)16-1,11,10",16,1,6.5,False,"(*7,8)13(4,6,14)(3,5,12,18)(9,17)(2,15)16-1(10,11)",16,1,3.5,False,-5,やや速めの時計が出るレベルではあったが、雨の影響が残って、前週よりは時計が掛かっていた。
201608050305,5,2歳新馬,芝,1400,晴,良,12:25,2016-11-12,京都,17,6,11,2014104309,クラシコテーラー,牡2,55,01130,高倉稜,1:25.6,3,17-17,36.6,305.7,17,440(0),01142,[西]森田直行,730002,中西浩一,,,,,,,,,,,,"7,8(4,13,14)6(3,12,18)5,9(2,15,17)16-1,11,10",17,1,8.0,False,"(*7,8)13(4,6,14)(3,5,12,18)(9,17)(2,15)16-1(10,11)",17,2,3.5,False,-5,やや速めの時計が出るレベルではあったが、雨の影響が残って、前週よりは時計が掛かっていた。
201608050305,5,2歳新馬,芝,1400,晴,良,12:25,2016-11-12,京都,18,5,10,2014104491,グランリリー,牝2,54,00722,小林徹弥,1:26.5,5,18-17,37.4,358.1,18,420(0),00427,[西]森秀行,661030,飯田訓大,,,,,,,,,,,,"7,8(4,13,14)6(3,12,18)5,9(2,15,17)16-1,11,10",18,1,9.5,False,"(*7,8)13(4,6,14)(3,5,12,18)(9,17)(2,15)16-1(10,11)",17,2,3.5,False,-5,やや速めの時計が出るレベルではあったが、雨の影響が残って、前週よりは時計が掛かっていた。
201608050306,6,2歳新馬,ダ,1800,晴,良,12:55,2016-11-12,京都,1,5,9,2014105073,スペクター,牝2,54,01115,浜中俊,1:54.0,,7-7-8-6,38.0,6.3,3,488(0),01104,[西]笹田和秀,202033,川勝裕之,700.0,"(*2,4)11,13(1,7)(9,16)(3,10)(6,8)-12,15=14,5",7,2,1.5,False,"(*2,4)11(1,7,13)(9,10,16)-(3,8)6(12,15)=14-5",7,3,0.0,False,"(*2,4)(11,13)7(10,8)9(1,12,15)(3,6)-14,16=5",8,1,0.0,False,"(2,*4)(7,13,8)9,11(12,10)(3,15)6,14,1=16,5",6,1,0.0,False,-17,
201608050306,6,2歳新馬,ダ,1800,晴,良,12:55,2016-11-12,京都,2,4,7,2014106091,ダンサクドゥーロ,牡2,55,00700,四位洋文,1:54.2,1.1/2,5-4-5-3,38.4,8.4,5,498(0),01083,[西]松永昌博,790005,吉田勝己,280.0,"(*2,4)11,13(1,7)(9,16)(3,10)(6,8)-12,15=14,5",5,2,1.5,False,"(*2,4)11(1,7,13)(9,10,16)-(3,8)6(12,15)=14-5",4,3,0.0,False,"(*2,4)(11,13)7(10,8)9(1,12,15)(3,6)-14,16=5",5,1,0.0,False,"(2,*4)(7,13,8)9,11(12,10)(3,15)6,14,1=16,5",3,3,0.0,False,-17,
201608050306,6,2歳新馬,ダ,1800,晴,良,12:55,2016-11-12,京都,3,4,8,2014102157,テリトーリアル,牡2,55,00732,幸英明,1:54.4,1.1/4,11-10-6-3,38.4,3.6,1,468(0),01016,[西]西浦勝一,003060,Ｈ．Ｈ．シェイク・モ...,180.0,"(*2,4)11,13(1,7)(9,16)(3,10)(6,8)-12,15=14,5",11,2,1.5,False,"(*2,4)11(1,7,13)(9,10,16)-(3,8)6(12,15)=14-5",10,2,3.5,False,"(*2,4)(11,13)7(10,8)9(1,12,15)(3,6)-14,16=5",6,2,0.0,False,"(2,*4)(7,13,8)9,11(12,10)(3,15)6,14,1=16,5",3,3,0.0,False,-17,
201608050306,6,2歳新馬,ダ,1800,晴,良,12:55,2016-11-12,京都,4,2,4,2014104941,ディーエスアクシス,牡2,55,05339,ルメール,1:54.4,アタマ,2-2-2-1,38.9,5.3,2,482(0),01066,[西]岡田稲男,970007,秋谷壽之,110.0,"(*2,4)11,13(1,7)(9,16)(3,10)(6,8)-12,15=14,5",2,2,0.0,False,"(*2,4)11(1,7,13)(9,10,16)-(3,8)6(12,15)=14-5",2,2,0.0,False,"(*2,4)(11,13)7(10,8)9(1,12,15)(3,6)-14,16=5",2,2,0.0,False,"(2,*4)(7,13,8)9,11(12,10)(3,15)6,14,1=16,5",1,2,0.0,True,-17,
201608050306,6,2歳新馬,ダ,1800,晴,良,12:55,2016-11-12,京都,5,7,13,2014103690,サンライズチャージ,牡2,55,01126,松山弘平,1:55.4,6,4-4-3-3,39.6,15.5,7,498(0),01082,[西]平田修,306008,松岡隆雄,70.0,"(*2,4)11,13(1,7)(9,16)(3,10)(6,8)-12,15=14,5",4,1,1.5,False,"(*2,4)11(1,7,13)(9,10,16)-(3,8)6(12,15)=14-5",4,3,0.0,False,"(*2,4)(11,13)7(10,8)9(1,12,15)(3,6)-14,16=5",3,2,0.0,False,"(2,*4)(7,13,8)9,11(12,10)(3,15)6,14,1=16,5",3,3,0.0,False,-17,
201608050306,6,2歳新馬,ダ,1800,晴,良,12:55,2016-11-12,京都,6,6,12,2014104971,ヒデノエーデル,牝2,54,01010,柴田未崎,1:55.8,2.1/2,13-13-9-8,39.7,85.8,16,456(0),01084,[西]梅田智之,374009,大石秀夫,,"(*2,4)11,13(1,7)(9,16)(3,10)(6,8)-12,15=14,5",13,1,5.0,False,"(*2,4)11(1,7,13)(9,10,16)-(3,8)6(12,15)=14-5",13,2,3.5,False,"(*2,4)(11,13)7(10,8)9(1,12,15)(3,6)-14,16=5",9,3,0.0,False,"(2,*4)(7,13,8)9,11(12,10)(3,15)6,14,1=16,5",8,2,1.5,False,-17,
201608050306,6,2歳新馬,ダ,1800,晴,良,12:55,2016-11-12,京都,7,6,11,2014102570,モズカタクラ,牡2,52,01163,坂井瑠星,1:56.7,5,3-3-3-7,41.0,14.7,6,460(0),01136,[西]高橋亮,005803,キャピタル・システム,,"(*2,4)11,13(1,7)(9,16)(3,10)(6,8)-12,15=14,5",3,1,0.0,False,"(*2,4)11(1,7,13)(9,10,16)-(3,8)6(12,15)=14-5",3,1,0.0,False,"(*2,4)(11,13)7(10,8)9(1,12,15)(3,6)-14,16=5",3,2,0.0,False,"(2,*4)(7,13,8)9,11(12,10)(3,15)6,14,1=16,5",7,1,1.5,False,-17,
201608050306,6,2歳新馬,ダ,1800,晴,良,12:55,2016-11-12,京都,8,2,3,2014102330,メイショウモウコ,牡2,55,01125,国分優作,1:56.7,ハナ,9-10-12-10,40.4,22.6,8,474(0),01042,[西]安達昭夫,523005,松本好雄,,"(*2,4)11,13(1,7)(9,16)(3,10)(6,8)-12,15=14,5",9,2,1.5,False,"(*2,4)11(1,7,13)(9,10,16)-(3,8)6(12,15)=14-5",10,2,3.5,False,"(*2,4)(11,13)7(10,8)9(1,12,15)(3,6)-14,16=5",12,2,0.0,False,"(2,*4)(7,13,8)9,11(12,10)(3,15)6,14,1=16,5",10,2,1.5,False,-17,
201608050306,6,2歳新馬,ダ,1800,晴,良,12:55,2016-11-12,京都,9,1,2,2014100439,ブライトゴールド,牡2,55,01116,藤岡康太,1:56.8,3/4,1-1-1-2,41.3,54.2,12,498(0),01018,[西]宮徹,518002,山田弘,,"(*2,4)11,13(1,7)(9,16)(3,10)(6,8)-12,15=14,5",1,2,0.0,True,"(*2,4)11(1,7,13)(9,10,16)-(3,8)6(12,15)=14-5",1,2,0.0,True,"(*2,4)(11,13)7(10,8)9(1,12,15)(3,6)-14,16=5",1,2,0.0,True,"(2,*4)(7,13,8)9,11(12,10)(3,15)6,14,1=16,5",2,2,0.0,False,-17,
201608050306,6,2歳新馬,ダ,1800,晴,良,12:55,2016-11-12,京都,10,8,15,2014100981,ヒルノケープタウン,牡2,55,01015,古川吉洋,1:57.1,1.3/4,14-13-9-10,40.8,6.4,4,512(0),01044,[西]昆貢,823800,ヒルノ,,"(*2,4)11,13(1,7)(9,16)(3,10)(6,8)-12,15=14,5",14,1,6.5,False,"(*2,4)11(1,7,13)(9,10,16)-(3,8)6(12,15)=14-5",13,2,3.5,False,"(*2,4)(11,13)7(10,8)9(1,12,15)(3,6)-14,16=5",9,3,0.0,False,"(2,*4)(7,13,8)9,11(12,10)(3,15)6,14,1=16,5",10,2,1.5,False,-17,
201608050306,6,2歳新馬,ダ,1800,晴,良,12:55,2016-11-12,京都,11,5,10,2014102645,シンカイ,牡2,55,05527,アッゼニ,1:57.2,1/2,9-7-6-8,41.2,34.9,11,486(0),01129,[西]高橋義忠,872800,三田昌宏,,"(*2,4)11,13(1,7)(9,16)(3,10)(6,8)-12,15=14,5",9,2,1.5,False,"(*2,4)11(1,7,13)(9,10,16)-(3,8)6(12,15)=14-5",7,3,0.0,False,"(*2,4)(11,13)7(10,8)9(1,12,15)(3,6)-14,16=5",6,2,0.0,False,"(2,*4)(7,13,8)9,11(12,10)(3,15)6,14,1=16,5",8,2,1.5,False,-17,
201608050306,6,2歳新馬,ダ,1800,晴,良,12:55,2016-11-12,京都,12,7,14,2014104075,メイショウコンドル,牡2,55,01062,川島信二,1:57.3,1/2,15-15-14-13,40.5,60.7,13,502(0),01095,[西]荒川義之,911008,松本好隆,,"(*2,4)11,13(1,7)(9,16)(3,10)(6,8)-12,15=14,5",15,1,12.5,False,"(*2,4)11(1,7,13)(9,10,16)-(3,8)6(12,15)=14-5",15,1,9.5,False,"(*2,4)(11,13)7(10,8)9(1,12,15)(3,6)-14,16=5",14,1,3.5,False,"(2,*4)(7,13,8)9,11(12,10)(3,15)6,14,1=16,5",13,1,3.0,False,-17,
201608050306,6,2歳新馬,ダ,1800,晴,良,12:55,2016-11-12,京都,13,3,6,2014109043,ディアイロンデル,牡2,55,00666,武豊,1:57.7,2.1/2,11-12-12-12,41.2,28.4,10,492(0),01120,[西]千田輝彦,013803,ディアレストクラブ,,"(*2,4)11,13(1,7)(9,16)(3,10)(6,8)-12,15=14,5",11,2,1.5,False,"(*2,4)11(1,7,13)(9,10,16)-(3,8)6(12,15)=14-5",12,1,3.5,False,"(*2,4)(11,13)7(10,8)9(1,12,15)(3,6)-14,16=5",12,2,0.0,False,"(2,*4)(7,13,8)9,11(12,10)(3,15)6,14,1=16,5",12,1,1.5,False,-17,
201608050306,6,2歳新馬,ダ,1800,晴,良,12:55,2016-11-12,京都,14,3,5,2014105985,レッドラペル,牝2,54,05203,岩田康誠,1:58.4,4,16-16-16-16,40.3,22.8,9,458(0),01022,[西]石坂正,180800,東京ホースレーシング,,"(*2,4)11,13(1,7)(9,16)(3,10)(6,8)-12,15=14,5",16,1,14.0,False,"(*2,4)11(1,7,13)(9,10,16)-(3,8)6(12,15)=14-5",16,1,13.0,False,"(*2,4)(11,13)7(10,8)9(1,12,15)(3,6)-14,16=5",16,1,11.0,False,"(2,*4)(7,13,8)9,11(12,10)(3,15)6,14,1=16,5",16,1,12.0,False,-17,
201608050306,6,2歳新馬,ダ,1800,晴,良,12:55,2016-11-12,京都,15,1,1,2014105692,ウォーターフロート,牝2,54,01154,松若風馬,2:01.0,大,5-4-9-14,44.9,78.6,15,430(0),01072,[西]河内洋,538009,山岡良一,,"(*2,4)11,13(1,7)(9,16)(3,10)(6,8)-12,15=14,5",5,2,1.5,False,"(*2,4)11(1,7,13)(9,10,16)-(3,8)6(12,15)=14-5",4,3,0.0,False,"(*2,4)(11,13)7(10,8)9(1,12,15)(3,6)-14,16=5",9,3,0.0,False,"(2,*4)(7,13,8)9,11(12,10)(3,15)6,14,1=16,5",14,1,4.5,False,-17,
201608050306,6,2歳新馬,ダ,1800,晴,良,12:55,2016-11-12,京都,16,8,16,2014105001,ニホンピロメイデー,牝2,54,01034,酒井学,2:02.6,10,7-7-15-15,45.5,65.9,14,458(0),01009,[西]田所秀孝,985001,小林百太郎,,"(*2,4)11,13(1,7)(9,16)(3,10)(6,8)-12,15=14,5",7,2,1.5,False,"(*2,4)11(1,7,13)(9,10,16)-(3,8)6(12,15)=14-5",7,3,0.0,False,"(*2,4)(11,13)7(10,8)9(1,12,15)(3,6)-14,16=5",15,1,5.0,False,"(2,*4)(7,13,8)9,11(12,10)(3,15)6,14,1=16,5",15,1,10.5,False,-17,
201608050307,7,3歳以上500万下,ダ,1200,晴,良,13:25,2016-11-12,京都,1,8,16,2012105677,サンビショップ,セ4,57,01062,川島信二,1:11.1,,11-9,35.5,11.4,6,464(+4),00431,[西]谷潔,453006,加藤信之,750.0,,,,,,,,,,,"(13,*14)-5(2,6)1,10,3(12,15)-16,8-7(9,11)-4",11,1,10.0,False,"(*13,14)(5,2,6)(1,3,10)(8,16,12)15-7(9,11)-4",9,3,0.0,False,-17,
201608050307,7,3歳以上500万下,ダ,1200,晴,良,13:25,2016-11-12,京都,2,7,13,2013110026,アメリカントップ,牡3,56,01116,藤岡康太,1:11.3,1.1/4,2-1,36.9,4.7,2,528(+12),01062,[西]藤岡健一,367008,吉澤克己,300.0,,,,,,,,,,,"(13,*14)-5(2,6)1,10,3(12,15)-16,8-7(9,11)-4",2,2,0.0,False,"(*13,14)(5,2,6)(1,3,10)(8,16,12)15-7(9,11)-4",1,2,0.0,True,-17,
201608050307,7,3歳以上500万下,ダ,1200,晴,良,13:25,2016-11-12,京都,3,1,2,2011105353,スターペスユウコ,牝5,55,01115,浜中俊,1:11.5,1.1/4,4-3,36.7,22.2,9,466(+10),01140,[西]石橋守,710002,河野和香子,190.0,,,,,,,,,,,"(13,*14)-5(2,6)1,10,3(12,15)-16,8-7(9,11)-4",4,2,3.5,False,"(*13,14)(5,2,6)(1,3,10)(8,16,12)15-7(9,11)-4",3,3,0.0,False,-17,
201608050307,7,3歳以上500万下,ダ,1200,晴,良,13:25,2016-11-12,京都,4,5,10,2013103403,マイネルラック,牡3,56,05115,シュタル,1:11.6,3/4,7-6,36.5,3.5,1,476(+2),01084,[西]梅田智之,546800,サラブレッドクラブ・...,110.0,,,,,,,,,,,"(13,*14)-5(2,6)1,10,3(12,15)-16,8-7(9,11)-4",7,1,5.0,False,"(*13,14)(5,2,6)(1,3,10)(8,16,12)15-7(9,11)-4",6,3,0.0,False,-17,
201608050307,7,3歳以上500万下,ダ,1200,晴,良,13:25,2016-11-12,京都,5,6,11,2013106286,シンゼンスタチュー,セ3,56,01037,太宰啓介,1:11.6,クビ,14-14,35.2,52.2,13,502(+4),01139,[西]飯田祐史,043030,原司郎,75.0,,,,,,,,,,,"(13,*14)-5(2,6)1,10,3(12,15)-16,8-7(9,11)-4",14,2,15.0,False,"(*13,14)(5,2,6)(1,3,10)(8,16,12)15-7(9,11)-4",14,2,3.5,False,-17,
201608050307,7,3歳以上500万下,ダ,1200,晴,良,13:25,2016-11-12,京都,6,2,3,2013100975,クリノサンレオ,牡3,56,05504,バルザロ,1:11.6,アタマ,8-6,36.4,11.3,5,438(+4),01041,[西]藤沢則雄,970006,栗本博晴,,,,,,,,,,,,"(13,*14)-5(2,6)1,10,3(12,15)-16,8-7(9,11)-4",8,1,6.5,False,"(*13,14)(5,2,6)(1,3,10)(8,16,12)15-7(9,11)-4",6,3,0.0,False,-17,
201608050307,7,3歳以上500万下,ダ,1200,晴,良,13:25,2016-11-12,京都,7,4,8,2013103679,オルノス,牝3,54,00732,幸英明,1:11.7,1/2,12-9,36.1,30.7,11,448(+10),01111,[西]鈴木孝志,473008,武田茂男,,,,,,,,,,,,"(13,*14)-5(2,6)1,10,3(12,15)-16,8-7(9,11)-4",12,1,11.5,False,"(*13,14)(5,2,6)(1,3,10)(8,16,12)15-7(9,11)-4",9,3,0.0,False,-17,
201608050307,7,3歳以上500万下,ダ,1200,晴,良,13:25,2016-11-12,京都,8,6,12,2013103133,ウォーターバオバブ,牡3,56,01124,国分恭介,1:11.9,1.1/4,9-9,36.5,5.4,3,492(+6),01066,[西]岡田稲男,538009,山岡良一,,,,,,,,,,,,"(13,*14)-5(2,6)1,10,3(12,15)-16,8-7(9,11)-4",9,2,6.5,False,"(*13,14)(5,2,6)(1,3,10)(8,16,12)15-7(9,11)-4",9,3,0.0,False,-17,
201608050307,7,3歳以上500万下,ダ,1200,晴,良,13:25,2016-11-12,京都,9,1,1,2011103990,ハッピーロングラン,牝5,55,01014,福永祐一,1:12.0,クビ,6-6,37.0,33.4,12,436(+10),00438,[西]安田隆行,431002,馬場幸夫,,,,,,,,,,,,"(13,*14)-5(2,6)1,10,3(12,15)-16,8-7(9,11)-4",6,1,3.5,False,"(*13,14)(5,2,6)(1,3,10)(8,16,12)15-7(9,11)-4",6,3,0.0,False,-17,
201608050307,7,3歳以上500万下,ダ,1200,晴,良,13:25,2016-11-12,京都,10,3,5,2013104023,メイショウアタカマ,牡3,54,01147,城戸義政,1:12.8,5,3-3,38.1,280.1,16,470(+8),01099,[西]本田優,523005,松本好雄,,,,,,,,,,,,"(13,*14)-5(2,6)1,10,3(12,15)-16,8-7(9,11)-4",3,1,3.5,False,"(*13,14)(5,2,6)(1,3,10)(8,16,12)15-7(9,11)-4",3,3,0.0,False,-17,
201608050307,7,3歳以上500万下,ダ,1200,晴,良,13:25,2016-11-12,京都,11,2,4,2013101726,タガノファサネイト,牡3,56,01114,田中健,1:12.8,クビ,16-16,36.1,22.2,8,460(+6),00411,[西]浅見秀一,859002,八木良司,,,,,,,,,,,,"(13,*14)-5(2,6)1,10,3(12,15)-16,8-7(9,11)-4",16,1,18.5,False,"(*13,14)(5,2,6)(1,3,10)(8,16,12)15-7(9,11)-4",16,1,7.0,False,-17,
201608050307,7,3歳以上500万下,ダ,1200,晴,良,13:25,2016-11-12,京都,12,7,14,2013102820,トルシュローズ,牝3,51,01163,坂井瑠星,1:12.8,ハナ,1-2,38.4,10.3,4,458(+6),01136,[西]高橋亮,487800,大島牧場,,,,,,,,,,,,"(13,*14)-5(2,6)1,10,3(12,15)-16,8-7(9,11)-4",1,2,0.0,True,"(*13,14)(5,2,6)(1,3,10)(8,16,12)15-7(9,11)-4",2,2,0.0,False,-17,
201608050307,7,3歳以上500万下,ダ,1200,晴,良,13:25,2016-11-12,京都,13,4,7,2013103391,ペプチドブラッサム,牝3,54,00700,四位洋文,1:12.9,クビ,13-13,36.7,16.0,7,410(0),01033,[西]木原一良,500007,沼川一彦,,,,,,,,,,,,"(13,*14)-5(2,6)1,10,3(12,15)-16,8-7(9,11)-4",13,1,15.0,False,"(*13,14)(5,2,6)(1,3,10)(8,16,12)15-7(9,11)-4",13,1,3.5,False,-17,
201608050307,7,3歳以上500万下,ダ,1200,晴,良,13:25,2016-11-12,京都,14,3,6,2011104191,エミネントレコード,牡5,57,01032,池添謙一,1:13.1,1.1/4,4-3,38.3,52.5,14,488(+12),01016,[西]西浦勝一,808800,Ｇ１レーシング,,,,,,,,,,,,"(13,*14)-5(2,6)1,10,3(12,15)-16,8-7(9,11)-4",4,2,3.5,False,"(*13,14)(5,2,6)(1,3,10)(8,16,12)15-7(9,11)-4",3,3,0.0,False,-17,
201608050307,7,3歳以上500万下,ダ,1200,晴,良,13:25,2016-11-12,京都,15,8,15,2012103219,デビュタント,牝4,55,00666,武豊,1:13.3,1,9-12,37.9,28.3,10,462(+2),00429,[西]佐々木晶,948006,前田幸治,,,,,,,,,,,,"(13,*14)-5(2,6)1,10,3(12,15)-16,8-7(9,11)-4",9,2,6.5,False,"(*13,14)(5,2,6)(1,3,10)(8,16,12)15-7(9,11)-4",12,1,0.0,False,-17,
201608050307,7,3歳以上500万下,ダ,1200,晴,良,13:25,2016-11-12,京都,16,5,9,2013106202,シゲルオキサワラ,牡3,56,01126,松山弘平,1:13.6,1.3/4,14-14,37.4,106.1,15,470(+28),00400,[西]柴田光陽,674004,森中蕃,,,,,,,,,,,,"(13,*14)-5(2,6)1,10,3(12,15)-16,8-7(9,11)-4",14,2,15.0,False,"(*13,14)(5,2,6)(1,3,10)(8,16,12)15-7(9,11)-4",14,2,3.5,False,-17,
201608050308,8,第18回京都ジャンプS(JGIII),芝,3170,晴,良,14:01,2016-11-12,京都,1,6,6,2007106537,ドリームセーリング,牡9,60,01059,石神深一,3:32.2,,2-2-1-1,13.4,18.0,4,476(-4),01112,[東]田島俊明,542800,ライオンレースホース,"2,921.0","2-6-(1,5)3-4",2,1,3.5,False,"2,6,1,5,3,4",2,1,1.5,False,"(*6,2)=1,5-3,4",1,2,0.0,True,"6-2-(1,5)-3-4",1,1,0.0,False,,やや速めの時計が出るレベルではあったが、雨の影響が残って、前週よりは時計が掛かっていた。
201608050308,8,第18回京都ジャンプS(JGIII),芝,3170,晴,良,14:01,2016-11-12,京都,2,5,5,2010103225,ニホンピロバロン,牡6,61,01046,高田潤,3:32.9,4,3-4-4-3,13.4,1.2,1,488(+8),01009,[西]田所秀孝,985001,小林百太郎,"1,206.0","2-6-(1,5)3-4",3,2,7.0,False,"2,6,1,5,3,4",4,1,4.5,False,"(*6,2)=1,5-3,4",4,1,7.5,False,"6-2-(1,5)-3-4",3,2,7.0,False,,やや速めの時計が出るレベルではあったが、雨の影響が残って、前週よりは時計が掛かっていた。
201608050308,8,第18回京都ジャンプS(JGIII),芝,3170,晴,良,14:01,2016-11-12,京都,3,3,3,2012100246,ウインアーマー,牡4,60,01067,平沢健治,3:33.4,3,5-5-5-5,13.5,19.9,5,472(+8),00261,[西]中村均,494800,ウイン,733.0,"2-6-(1,5)3-4",5,1,7.0,False,"2,6,1,5,3,4",5,1,6.0,False,"(*6,2)=1,5-3,4",5,1,11.0,False,"6-2-(1,5)-3-4",5,1,10.5,False,,やや速めの時計が出るレベルではあったが、雨の影響が残って、前週よりは時計が掛かっていた。
201608050308,8,第18回京都ジャンプS(JGIII),芝,3170,晴,良,14:01,2016-11-12,京都,4,1,1,2009100967,メイショウヒデタダ,牡7,60,00652,熊沢重文,3:33.8,2.1/2,3-3-3-3,13.5,5.5,2,486(+6),01049,[西]南井克巳,523005,松本好雄,440.0,"2-6-(1,5)3-4",3,2,7.0,False,"2,6,1,5,3,4",3,1,3.0,False,"(*6,2)=1,5-3,4",3,1,6.0,False,"6-2-(1,5)-3-4",3,2,7.0,False,,やや速めの時計が出るレベルではあったが、雨の影響が残って、前週よりは時計が掛かっていた。
201608050308,8,第18回京都ジャンプS(JGIII),芝,3170,晴,良,14:01,2016-11-12,京都,5,2,2,2010103339,タマモプラネット,牡6,60,01063,小坂忠士,3:34.0,1.1/4,1-1-2-2,13.5,26.2,6,494(+8),01049,[西]南井克巳,515800,タマモ,290.0,"2-6-(1,5)3-4",1,1,0.0,False,"2,6,1,5,3,4",1,1,0.0,False,"(*6,2)=1,5-3,4",2,2,0.0,False,"6-2-(1,5)-3-4",2,1,3.5,False,,やや速めの時計が出るレベルではあったが、雨の影響が残って、前週よりは時計が掛かっていた。
201608050308,8,第18回京都ジャンプS(JGIII),芝,3170,晴,良,14:01,2016-11-12,京都,6,4,4,2011105995,メイショウアラワシ,牡5,60,01139,森一馬,3:34.0,ハナ,6-6-6-6,13.5,7.1,3,470(+4),01042,[西]安達昭夫,523005,松本好雄,,"2-6-(1,5)3-4",6,1,10.5,False,"2,6,1,5,3,4",6,1,7.5,False,"(*6,2)=1,5-3,4",6,1,12.5,False,"6-2-(1,5)-3-4",6,1,14.0,False,,やや速めの時計が出るレベルではあったが、雨の影響が残って、前週よりは時計が掛かっていた。
201608050309,9,三年坂特別(2勝),芝,1600,晴,良,14:35,2016-11-12,京都,1,3,4,2012104463,マサハヤドリーム,牡4,57,01088,川田将雅,1:33.5,,4-2,34.8,2.9,1,474(+8),01128,[西]今野貞一,471033,中村政夫,"1,530.8",,,,,,,,,,,"13(6,12)(2,4,8)(5,7,14)(1,9)(3,10)-11",4,3,0.0,False,"13(6,12,4)(8,14)5(2,7,10)9(1,3)11",2,3,0.0,False,-5,やや速めの時計が出るレベルではあったが、雨の影響が残って、前週よりは時計が掛かっていた。
201608050309,9,三年坂特別(2勝),芝,1600,晴,良,14:35,2016-11-12,京都,2,6,10,2013106051,ビップライブリー,牡3,56,01115,浜中俊,1:33.7,1.1/2,12-8,34.6,4.1,2,456(+4),01110,[西]清水久詞,524030,鈴木邦英,608.8,,,,,,,,,,,"13(6,12)(2,4,8)(5,7,14)(1,9)(3,10)-11",12,2,0.0,False,"13(6,12,4)(8,14)5(2,7,10)9(1,3)11",8,3,0.0,False,-5,やや速めの時計が出るレベルではあったが、雨の影響が残って、前週よりは時計が掛かっていた。
201608050309,9,三年坂特別(2勝),芝,1600,晴,良,14:35,2016-11-12,京都,3,3,3,2013103727,ウインクルサルーテ,牝3,54,00666,武豊,1:33.8,クビ,12-12,34.4,15.5,8,420(+4),01136,[西]高橋亮,276800,有能,384.4,,,,,,,,,,,"13(6,12)(2,4,8)(5,7,14)(1,9)(3,10)-11",12,2,0.0,False,"13(6,12,4)(8,14)5(2,7,10)9(1,3)11",12,2,0.0,False,-5,やや速めの時計が出るレベルではあったが、雨の影響が残って、前週よりは時計が掛かっていた。
201608050309,9,三年坂特別(2勝),芝,1600,晴,良,14:35,2016-11-12,京都,4,4,5,2013102193,ヒルノマゼラン,牡3,56,01015,古川吉洋,1:33.8,クビ,7-7,34.9,11.3,5,508(+4),01044,[西]昆貢,823800,ヒルノ,230.0,,,,,,,,,,,"13(6,12)(2,4,8)(5,7,14)(1,9)(3,10)-11",7,3,0.0,False,"13(6,12,4)(8,14)5(2,7,10)9(1,3)11",7,1,0.0,False,-5,やや速めの時計が出るレベルではあったが、雨の影響が残って、前週よりは時計が掛かっていた。
201608050309,9,三年坂特別(2勝),芝,1600,晴,良,14:35,2016-11-12,京都,5,8,13,2013102691,ハッチャンハッピー,牝3,54,01062,川島信二,1:34.0,1.1/4,1-1,35.6,312.0,14,456(-2),01158,[西]寺島良,258033,野嶋祥二,150.0,,,,,,,,,,,"13(6,12)(2,4,8)(5,7,14)(1,9)(3,10)-11",1,1,0.0,False,"13(6,12,4)(8,14)5(2,7,10)9(1,3)11",1,1,0.0,False,-5,やや速めの時計が出るレベルではあったが、雨の影響が残って、前週よりは時計が掛かっていた。
201608050309,9,三年坂特別(2勝),芝,1600,晴,良,14:35,2016-11-12,京都,6,6,9,2011104124,レーヴデトワール,牝5,55,01014,福永祐一,1:34.0,クビ,10-11,34.9,35.3,9,468(+4),01151,[西]斉藤崇史,226800,サンデーレーシング,,,,,,,,,,,,"13(6,12)(2,4,8)(5,7,14)(1,9)(3,10)-11",10,2,0.0,False,"13(6,12,4)(8,14)5(2,7,10)9(1,3)11",11,1,0.0,False,-5,やや速めの時計が出るレベルではあったが、雨の影響が残って、前週よりは時計が掛かっていた。
201608050309,9,三年坂特別(2勝),芝,1600,晴,良,14:35,2016-11-12,京都,7,4,6,2011103203,ジョーウォルター,牡5,57,01160,荻野極,1:34.1,クビ,2-2,35.4,108.3,13,484(+10),01110,[西]清水久詞,839004,上田けい子,,,,,,,,,,,,"13(6,12)(2,4,8)(5,7,14)(1,9)(3,10)-11",2,2,0.0,False,"13(6,12,4)(8,14)5(2,7,10)9(1,3)11",2,3,0.0,False,-5,やや速めの時計が出るレベルではあったが、雨の影響が残って、前週よりは時計が掛かっていた。
201608050309,9,三年坂特別(2勝),芝,1600,晴,良,14:35,2016-11-12,京都,8,7,11,2013110124,サバンナロード,牡3,56,05339,ルメール,1:34.2,1/2,14-14,34.5,5.9,3,546(+6),01126,[東]木村哲也,138007,吉田和美,,,,,,,,,,,,"13(6,12)(2,4,8)(5,7,14)(1,9)(3,10)-11",14,1,3.5,False,"13(6,12,4)(8,14)5(2,7,10)9(1,3)11",14,1,0.0,False,-5,やや速めの時計が出るレベルではあったが、雨の影響が残って、前週よりは時計が掛かっていた。
201608050309,9,三年坂特別(2勝),芝,1600,晴,良,14:35,2016-11-12,京都,9,1,1,2013103740,ドゥーカ,牡3,56,05115,シュタル,1:34.8,3.1/2,10-12,35.6,9.7,4,484(+6),01098,[西]野中賢二,045803,カナヤマホールディン...,,,,,,,,,,,,"13(6,12)(2,4,8)(5,7,14)(1,9)(3,10)-11",10,2,0.0,False,"13(6,12,4)(8,14)5(2,7,10)9(1,3)11",12,2,0.0,False,-5,やや速めの時計が出るレベルではあったが、雨の影響が残って、前週よりは時計が掛かっていた。
201608050309,9,三年坂特別(2勝),芝,1600,晴,良,14:35,2016-11-12,京都,10,2,2,2013106474,ケンホファヴァルト,牡3,56,05504,バルザロ,1:34.8,クビ,4-8,35.9,38.6,11,450(+4),00427,[西]森秀行,912002,中西宏彰,,,,,,,,,,,,"13(6,12)(2,4,8)(5,7,14)(1,9)(3,10)-11",4,3,0.0,False,"13(6,12,4)(8,14)5(2,7,10)9(1,3)11",8,3,0.0,False,-5,やや速めの時計が出るレベルではあったが、雨の影響が残って、前週よりは時計が掛かっていた。
201608050309,9,三年坂特別(2勝),芝,1600,晴,良,14:35,2016-11-12,京都,11,5,7,2010101161,サイモンラムセス,牡6,57,05203,岩田康誠,1:35.0,1.1/4,7-8,36.0,13.9,7,442(-6),01084,[西]梅田智之,132030,澤田昭紀,,,,,,,,,,,,"13(6,12)(2,4,8)(5,7,14)(1,9)(3,10)-11",7,3,0.0,False,"13(6,12,4)(8,14)5(2,7,10)9(1,3)11",8,3,0.0,False,-5,やや速めの時計が出るレベルではあったが、雨の影響が残って、前週よりは時計が掛かっていた。
201608050309,9,三年坂特別(2勝),芝,1600,晴,良,14:35,2016-11-12,京都,12,5,8,2013100547,クリスタルタイソン,セ3,56,01116,藤岡康太,1:35.4,2.1/2,4-5,36.6,35.5,10,494(+4),01095,[西]荒川義之,064700,ＨｉｍＲｏｃｋＲａｃ...,,,,,,,,,,,,"13(6,12)(2,4,8)(5,7,14)(1,9)(3,10)-11",4,3,0.0,False,"13(6,12,4)(8,14)5(2,7,10)9(1,3)11",5,2,0.0,False,-5,やや速めの時計が出るレベルではあったが、雨の影響が残って、前週よりは時計が掛かっていた。
201608050309,9,三年坂特別(2勝),芝,1600,晴,良,14:35,2016-11-12,京都,13,8,14,2012102305,ロードフェリーチェ,牡4,57,01032,池添謙一,1:35.4,ハナ,7-5,36.6,83.7,12,436(-10),01157,[西]杉山晴紀,170800,ロードホースクラブ,,,,,,,,,,,,"13(6,12)(2,4,8)(5,7,14)(1,9)(3,10)-11",7,3,0.0,False,"13(6,12,4)(8,14)5(2,7,10)9(1,3)11",5,2,0.0,False,-5,やや速めの時計が出るレベルではあったが、雨の影響が残って、前週よりは時計が掛かっていた。
201608050309,9,三年坂特別(2勝),芝,1600,晴,良,14:35,2016-11-12,京都,14,7,12,2013103351,シゲルノコギリザメ,牡3,56,05527,アッゼニ,1:36.2,5,2-2,37.7,13.9,6,486(+10),00431,[西]谷潔,674004,森中蕃,,,,,,,,,,,,"13(6,12)(2,4,8)(5,7,14)(1,9)(3,10)-11",2,2,0.0,False,"13(6,12,4)(8,14)5(2,7,10)9(1,3)11",2,3,0.0,False,-5,やや速めの時計が出るレベルではあったが、雨の影響が残って、前週よりは時計が掛かっていた。
201608050310,10,観月橋S(3勝),ダ,1800,晴,良,15:10,2016-11-12,京都,1,1,1,2012104367,オールブラッシュ,牡4,57,05339,ルメール,1:49.4,,3-3-5-5,36.8,3.0,1,492(+6),01107,[西]村山明,415800,社台レースホース,"1,848.0","(*6,9)(1,7,8)(3,5)-2,4-12,11(10,13)",3,3,0.0,False,"(*6,9)(1,7)(3,8)5,2,4-(11,12)(10,13)",3,2,0.0,False,"(6,*5)(9,8)1,7,3-(2,12)4,11(10,13)",5,1,0.0,False,"6,9(8,5)(3,1)(12,7)2,11-(4,10,13)",5,2,1.5,False,-16,
201608050310,10,観月橋S(3勝),ダ,1800,晴,良,15:10,2016-11-12,京都,2,5,6,2011102464,リーゼントロック,牡5,57,00666,武豊,1:49.5,3/4,1-1-2-1,37.4,9.7,5,526(0),01075,[西]矢作芳人,747030,三浦大輔,738.0,"(*6,9)(1,7,8)(3,5)-2,4-12,11(10,13)",1,2,0.0,True,"(*6,9)(1,7)(3,8)5,2,4-(11,12)(10,13)",1,2,0.0,True,"(6,*5)(9,8)1,7,3-(2,12)4,11(10,13)",2,2,0.0,False,"6,9(8,5)(3,1)(12,7)2,11-(4,10,13)",1,1,0.0,False,-16,
201608050310,10,観月橋S(3勝),ダ,1800,晴,良,15:10,2016-11-12,京都,3,7,11,2009100547,メモリーシャルマン,牝7,55,01154,松若風馬,1:49.6,1/2,11-10-11-10,36.1,73.5,11,540(-2),01057,[西]湯窪幸雄,683006,橋元幸次,464.0,"(*6,9)(1,7,8)(3,5)-2,4-12,11(10,13)",11,1,10.0,False,"(*6,9)(1,7)(3,8)5,2,4-(11,12)(10,13)",10,2,6.5,False,"(6,*5)(9,8)1,7,3-(2,12)4,11(10,13)",11,1,8.0,False,"6,9(8,5)(3,1)(12,7)2,11-(4,10,13)",10,1,3.0,False,-16,
201608050310,10,観月橋S(3勝),ダ,1800,晴,良,15:10,2016-11-12,京都,4,8,12,2012101830,テイエムジンソク,牡4,57,01036,竹之下智,1:49.7,クビ,10-10-8-7,36.5,4.8,3,492(+2),01033,[西]木原一良,356002,竹園正繼,270.0,"(*6,9)(1,7,8)(3,5)-2,4-12,11(10,13)",10,1,8.5,False,"(*6,9)(1,7)(3,8)5,2,4-(11,12)(10,13)",10,2,6.5,False,"(6,*5)(9,8)1,7,3-(2,12)4,11(10,13)",8,2,6.5,False,"6,9(8,5)(3,1)(12,7)2,11-(4,10,13)",7,2,1.5,False,-16,
201608050310,10,観月橋S(3勝),ダ,1800,晴,良,15:10,2016-11-12,京都,5,3,3,2011105887,ヒラボクレジェンド,牡5,57,01126,松山弘平,1:50.3,3.1/2,6-5-7-5,37.5,101.4,12,524(+4),01058,[西]大久保龍,984800,平田牧場,182.0,"(*6,9)(1,7,8)(3,5)-2,4-12,11(10,13)",6,2,0.0,False,"(*6,9)(1,7)(3,8)5,2,4-(11,12)(10,13)",5,2,0.0,False,"(6,*5)(9,8)1,7,3-(2,12)4,11(10,13)",7,1,3.0,False,"6,9(8,5)(3,1)(12,7)2,11-(4,10,13)",5,2,1.5,False,-16,
201608050310,10,観月橋S(3勝),ダ,1800,晴,良,15:10,2016-11-12,京都,6,2,2,2011105370,タイガークラウン,牡5,57,01037,太宰啓介,1:50.6,2,8-8-8-9,37.5,198.3,13,482(-2),01065,[西]大橋勇樹,049033,伊藤和夫,,"(*6,9)(1,7,8)(3,5)-2,4-12,11(10,13)",8,1,3.5,False,"(*6,9)(1,7)(3,8)5,2,4-(11,12)(10,13)",8,1,1.5,False,"(6,*5)(9,8)1,7,3-(2,12)4,11(10,13)",8,2,6.5,False,"6,9(8,5)(3,1)(12,7)2,11-(4,10,13)",9,1,1.5,False,-16,
201608050310,10,観月橋S(3勝),ダ,1800,晴,良,15:10,2016-11-12,京都,7,7,10,2012105988,クラウンシャイン,牡4,57,01032,池添謙一,1:50.6,クビ,12-12-12-11,36.9,25.7,7,474(0),01131,[東]蛯名利弘,826800,クラウン,,"(*6,9)(1,7,8)(3,5)-2,4-12,11(10,13)",12,2,10.0,False,"(*6,9)(1,7)(3,8)5,2,4-(11,12)(10,13)",12,2,6.5,False,"(6,*5)(9,8)1,7,3-(2,12)4,11(10,13)",12,2,8.0,False,"6,9(8,5)(3,1)(12,7)2,11-(4,10,13)",11,3,6.5,False,-16,
201608050310,10,観月橋S(3勝),ダ,1800,晴,良,15:10,2016-11-12,京都,8,6,9,2012104646,ブチコ,牝4,55,01115,浜中俊,1:50.6,アタマ,2-2-3-2,38.4,3.3,2,496(+18),01002,[西]音無秀孝,708800,金子真人ホールディン...,,"(*6,9)(1,7,8)(3,5)-2,4-12,11(10,13)",2,2,0.0,False,"(*6,9)(1,7)(3,8)5,2,4-(11,12)(10,13)",2,2,0.0,False,"(6,*5)(9,8)1,7,3-(2,12)4,11(10,13)",3,2,0.0,False,"6,9(8,5)(3,1)(12,7)2,11-(4,10,13)",2,1,1.5,False,-16,
201608050310,10,観月橋S(3勝),ダ,1800,晴,良,15:10,2016-11-12,京都,9,8,13,2012100781,トップディーヴォ,牡4,57,00700,四位洋文,1:51.8,7,12-12-12-11,38.1,6.9,4,494(-2),01044,[西]昆貢,973800,コオロ,,"(*6,9)(1,7,8)(3,5)-2,4-12,11(10,13)",12,2,10.0,False,"(*6,9)(1,7)(3,8)5,2,4-(11,12)(10,13)",12,2,6.5,False,"(6,*5)(9,8)1,7,3-(2,12)4,11(10,13)",12,2,8.0,False,"6,9(8,5)(3,1)(12,7)2,11-(4,10,13)",11,3,6.5,False,-16,
201608050310,10,観月橋S(3勝),ダ,1800,晴,良,15:10,2016-11-12,京都,10,5,7,2012101359,サトノアッシュ,牡4,57,05504,バルザロ,1:51.8,ハナ,3-3-6-7,39.0,48.7,9,484(+4),01039,[西]中竹和也,790031,里見治,,"(*6,9)(1,7,8)(3,5)-2,4-12,11(10,13)",3,3,0.0,False,"(*6,9)(1,7)(3,8)5,2,4-(11,12)(10,13)",3,2,0.0,False,"(6,*5)(9,8)1,7,3-(2,12)4,11(10,13)",6,1,1.5,False,"6,9(8,5)(3,1)(12,7)2,11-(4,10,13)",7,2,1.5,False,-16,
201608050310,10,観月橋S(3勝),ダ,1800,晴,良,15:10,2016-11-12,京都,11,4,5,2012104504,マイネルオフィール,牡4,57,05115,シュタル,1:52.5,4,6-7-1-3,40.2,38.4,8,482(+6),01050,[西]飯田雄三,546800,サラブレッドクラブ・...,,"(*6,9)(1,7,8)(3,5)-2,4-12,11(10,13)",6,2,0.0,False,"(*6,9)(1,7)(3,8)5,2,4-(11,12)(10,13)",7,1,0.0,False,"(6,*5)(9,8)1,7,3-(2,12)4,11(10,13)",1,2,0.0,True,"6,9(8,5)(3,1)(12,7)2,11-(4,10,13)",3,2,1.5,False,-16,
201608050310,10,観月橋S(3勝),ダ,1800,晴,良,15:10,2016-11-12,京都,12,6,8,2012100738,ディアドムス,牡4,57,05203,岩田康誠,1:52.6,クビ,3-5-3-3,40.3,56.0,10,502(+4),00412,[東]高橋裕,013803,ディアレストクラブ,,"(*6,9)(1,7,8)(3,5)-2,4-12,11(10,13)",3,3,0.0,False,"(*6,9)(1,7)(3,8)5,2,4-(11,12)(10,13)",5,2,0.0,False,"(6,*5)(9,8)1,7,3-(2,12)4,11(10,13)",3,2,0.0,False,"6,9(8,5)(3,1)(12,7)2,11-(4,10,13)",3,2,1.5,False,-16,
201608050310,10,観月橋S(3勝),ダ,1800,晴,良,15:10,2016-11-12,京都,13,4,4,2012100877,ラインルーフ,牡4,57,01139,森一馬,1:55.4,大,9-9-10-11,41.9,23.3,6,518(+24),01083,[西]松永昌博,796002,大澤繁昌,,"(*6,9)(1,7,8)(3,5)-2,4-12,11(10,13)",9,1,5.0,False,"(*6,9)(1,7)(3,8)5,2,4-(11,12)(10,13)",9,1,3.0,False,"(6,*5)(9,8)1,7,3-(2,12)4,11(10,13)",10,1,6.5,False,"6,9(8,5)(3,1)(12,7)2,11-(4,10,13)",11,3,6.5,False,-16,
201608050311,11,第51回デイリー杯2歳S(GII),芝,1600,晴,良,15:45,2016-11-12,京都,1,6,6,2014106231,ジューヌエコール,牝2,54,01014,福永祐一,1:34.6,,3-3,33.6,3.6,2,490(+2),00438,[西]安田隆行,226800,サンデーレーシング,"3,837.1",,,,,,,,,,,"3,9(6,8)7(1,10)(2,4)5",3,2,1.5,False,"3,9(6,8)10,7,1,2(5,4)",3,2,1.5,False,-5,やや速めの時計が出るレベルではあったが、雨の影響が残って、前週よりは時計が掛かっていた。
201608050311,11,第51回デイリー杯2歳S(GII),芝,1600,晴,良,15:45,2016-11-12,京都,2,3,3,2014102036,ボンセルヴィーソ,牡2,55,01126,松山弘平,1:34.6,クビ,1-1,34.1,54.5,8,468(-2),01144,[西]池添学,463800,名古屋友豊,"1,510.6",,,,,,,,,,,"3,9(6,8)7(1,10)(2,4)5",1,1,0.0,False,"3,9(6,8)10,7,1,2(5,4)",1,1,0.0,False,-5,やや速めの時計が出るレベルではあったが、雨の影響が残って、前週よりは時計が掛かっていた。
201608050311,11,第51回デイリー杯2歳S(GII),芝,1600,晴,良,15:45,2016-11-12,京都,3,7,8,2014105304,サングレーザー,牡2,55,00666,武豊,1:34.7,1/2,3-3,33.8,5.8,4,472(-2),00411,[西]浅見秀一,808800,Ｇ１レーシング,955.3,,,,,,,,,,,"3,9(6,8)7(1,10)(2,4)5",3,2,1.5,False,"3,9(6,8)10,7,1,2(5,4)",3,2,1.5,False,-5,やや速めの時計が出るレベルではあったが、雨の影響が残って、前週よりは時計が掛かっていた。
201608050311,11,第51回デイリー杯2歳S(GII),芝,1600,晴,良,15:45,2016-11-12,京都,4,7,7,2014106144,ディーパワンサ,牝2,54,05339,ルメール,1:34.7,クビ,5-6,33.6,4.6,3,432(+10),01149,[西]松下武士,486800,キャロットファーム,570.0,,,,,,,,,,,"3,9(6,8)7(1,10)(2,4)5",5,1,1.5,False,"3,9(6,8)10,7,1,2(5,4)",6,1,3.0,False,-5,やや速めの時計が出るレベルではあったが、雨の影響が残って、前週よりは時計が掛かっていた。
201608050311,11,第51回デイリー杯2歳S(GII),芝,1600,晴,良,15:45,2016-11-12,京都,5,8,9,2014106138,ベルカプリ,牝2,54,01032,池添謙一,1:34.8,1/2,2-2,34.1,13.4,6,460(-2),01016,[西]西浦勝一,879800,雅苑興業,380.0,,,,,,,,,,,"3,9(6,8)7(1,10)(2,4)5",2,1,1.5,False,"3,9(6,8)10,7,1,2(5,4)",2,1,1.5,False,-5,やや速めの時計が出るレベルではあったが、雨の影響が残って、前週よりは時計が掛かっていた。
201608050311,11,第51回デイリー杯2歳S(GII),芝,1600,晴,良,15:45,2016-11-12,京都,6,2,2,2014106168,リナーテ,牝2,54,01115,浜中俊,1:35.1,1.1/2,8-8,33.7,8.4,5,460(-8),01105,[西]須貝尚介,226800,サンデーレーシング,,,,,,,,,,,,"3,9(6,8)7(1,10)(2,4)5",8,2,1.5,False,"3,9(6,8)10,7,1,2(5,4)",8,1,6.0,False,-5,やや速めの時計が出るレベルではあったが、雨の影響が残って、前週よりは時計が掛かっていた。
201608050311,11,第51回デイリー杯2歳S(GII),芝,1600,晴,良,15:45,2016-11-12,京都,7,5,5,2014101253,ビーカーリー,牝2,54,01124,国分恭介,1:35.4,1.3/4,10-9,33.8,97.2,10,456(+2),01148,[西]西村真幸,446007,馬場祥晃,,,,,,,,,,,,"3,9(6,8)7(1,10)(2,4)5",10,1,1.5,False,"3,9(6,8)10,7,1,2(5,4)",9,2,6.0,False,-5,やや速めの時計が出るレベルではあったが、雨の影響が残って、前週よりは時計が掛かっていた。
201608050311,11,第51回デイリー杯2歳S(GII),芝,1600,晴,良,15:45,2016-11-12,京都,8,1,1,2014105983,タイセイスターリー,牡2,55,01088,川田将雅,1:35.5,1/2,6-7,34.3,2.9,1,530(+8),01075,[西]矢作芳人,224007,田中成奉,,,,,,,,,,,,"3,9(6,8)7(1,10)(2,4)5",6,2,1.5,False,"3,9(6,8)10,7,1,2(5,4)",7,1,4.5,False,-5,やや速めの時計が出るレベルではあったが、雨の影響が残って、前週よりは時計が掛かっていた。
201608050311,11,第51回デイリー杯2歳S(GII),芝,1600,晴,良,15:45,2016-11-12,京都,9,8,10,2014103385,サンライズソア,牡2,55,00732,幸英明,1:35.9,2.1/2,6-5,34.9,53.3,7,504(0),01072,[西]河内洋,306008,松岡隆雄,,,,,,,,,,,,"3,9(6,8)7(1,10)(2,4)5",6,2,1.5,False,"3,9(6,8)10,7,1,2(5,4)",5,1,1.5,False,-5,やや速めの時計が出るレベルではあったが、雨の影響が残って、前週よりは時計が掛かっていた。
201608050311,11,第51回デイリー杯2歳S(GII),芝,1600,晴,良,15:45,2016-11-12,京都,10,4,4,2014105971,ユノディエール,牡2,55,00700,四位洋文,1:36.0,1/2,8-9,34.6,82.2,9,438(+8),01066,[西]岡田稲男,051803,ＫＴレーシング,,,,,,,,,,,,"3,9(6,8)7(1,10)(2,4)5",8,2,1.5,False,"3,9(6,8)10,7,1,2(5,4)",9,2,6.0,False,-5,やや速めの時計が出るレベルではあったが、雨の影響が残って、前週よりは時計が掛かっていた。
201608050312,12,3歳以上1000万下,芝,2200,晴,良,16:20,2016-11-12,京都,1,2,2,2012104723,サンマルティン,セ4,57,05339,ルメール,2:15.9,,2-2-1-1,33.7,2.6,1,496(-4),00399,[東]国枝栄,486800,キャロットファーム,"1,050.0","3,2(1,4)(6,8)-9,5-7",2,1,1.5,False,"3,2(1,4)(6,8)-9,5-7",2,1,1.5,False,"2(3,4)(1,6)8,9-5-7",1,1,0.0,False,"(*2,3,4)1(6,8)9,5-7",1,3,0.0,True,-5,やや速めの時計が出るレベルではあったが、雨の影響が残って、前週よりは時計が掛かっていた。
201608050312,12,3歳以上1000万下,芝,2200,晴,良,16:20,2016-11-12,京都,2,8,9,2012104772,ジャズファンク,牡4,57,00666,武豊,2:16.2,1.3/4,7-7-7-7,33.4,11.0,6,502(-2),01121,[西]角田晃一,010803,市川義美ホールディン...,420.0,"3,2(1,4)(6,8)-9,5-7",7,1,5.0,False,"3,2(1,4)(6,8)-9,5-7",7,1,5.0,False,"2(3,4)(1,6)8,9-5-7",7,1,1.5,False,"(*2,3,4)1(6,8)9,5-7",7,1,0.0,False,-5,やや速めの時計が出るレベルではあったが、雨の影響が残って、前週よりは時計が掛かっていた。
201608050312,12,3歳以上1000万下,芝,2200,晴,良,16:20,2016-11-12,京都,3,6,6,2011104612,ラディウス,牡5,57,01088,川田将雅,2:16.2,クビ,5-5-4-5,33.7,6.8,4,464(+4),01117,[西]高野友和,463800,名古屋友豊,260.0,"3,2(1,4)(6,8)-9,5-7",5,2,1.5,False,"3,2(1,4)(6,8)-9,5-7",5,2,1.5,False,"2(3,4)(1,6)8,9-5-7",4,2,0.0,False,"(*2,3,4)1(6,8)9,5-7",5,2,0.0,False,-5,やや速めの時計が出るレベルではあったが、雨の影響が残って、前週よりは時計が掛かっていた。
201608050312,12,3歳以上1000万下,芝,2200,晴,良,16:20,2016-11-12,京都,4,5,5,2010104412,サダムロードショー,牡6,57,05203,岩田康誠,2:16.3,クビ,8-8-8-8,33.5,8.6,5,474(0),01069,[西]中尾秀正,096007,大西定,160.0,"3,2(1,4)(6,8)-9,5-7",8,1,6.5,False,"3,2(1,4)(6,8)-9,5-7",8,1,6.5,False,"2(3,4)(1,6)8,9-5-7",8,1,5.0,False,"(*2,3,4)1(6,8)9,5-7",8,1,1.5,False,-5,やや速めの時計が出るレベルではあったが、雨の影響が残って、前週よりは時計が掛かっていた。
201608050312,12,3歳以上1000万下,芝,2200,晴,良,16:20,2016-11-12,京都,5,8,8,2013106021,ジークカイザー,牡3,55,05115,シュタル,2:16.3,クビ,5-5-6-5,33.8,6.0,3,484(+10),01071,[西]池江泰寿,486800,キャロットファーム,105.0,"3,2(1,4)(6,8)-9,5-7",5,2,1.5,False,"3,2(1,4)(6,8)-9,5-7",5,2,1.5,False,"2(3,4)(1,6)8,9-5-7",6,1,0.0,False,"(*2,3,4)1(6,8)9,5-7",5,2,0.0,False,-5,やや速めの時計が出るレベルではあったが、雨の影響が残って、前週よりは時計が掛かっていた。
201608050312,12,3歳以上1000万下,芝,2200,晴,良,16:20,2016-11-12,京都,6,1,1,2012104792,ジュンスパーヒカル,牡4,57,01014,福永祐一,2:16.4,クビ,3-3-4-4,33.9,3.8,2,464(-6),01061,[西]友道康夫,165033,河合純二,,"3,2(1,4)(6,8)-9,5-7",3,2,1.5,False,"3,2(1,4)(6,8)-9,5-7",3,2,1.5,False,"2(3,4)(1,6)8,9-5-7",4,2,0.0,False,"(*2,3,4)1(6,8)9,5-7",4,1,0.0,False,-5,やや速めの時計が出るレベルではあったが、雨の影響が残って、前週よりは時計が掛かっていた。
201608050312,12,3歳以上1000万下,芝,2200,晴,良,16:20,2016-11-12,京都,7,3,3,2013105521,デルマオギン,牝3,53,01154,松若風馬,2:16.6,1.1/4,1-1-2-2,34.3,17.1,7,470(-2),01002,[西]音無秀孝,274002,浅沼廣幸,,"3,2(1,4)(6,8)-9,5-7",1,1,0.0,False,"3,2(1,4)(6,8)-9,5-7",1,1,0.0,False,"2(3,4)(1,6)8,9-5-7",2,2,0.0,False,"(*2,3,4)1(6,8)9,5-7",2,3,0.0,False,-5,やや速めの時計が出るレベルではあったが、雨の影響が残って、前週よりは時計が掛かっていた。
201608050312,12,3歳以上1000万下,芝,2200,晴,良,16:20,2016-11-12,京都,8,4,4,2012105498,メイショウミツボシ,牡4,55,01147,城戸義政,2:16.6,クビ,3-3-2-2,34.3,47.6,8,478(-2),01099,[西]本田優,523005,松本好雄,,"3,2(1,4)(6,8)-9,5-7",3,2,1.5,False,"3,2(1,4)(6,8)-9,5-7",3,2,1.5,False,"2(3,4)(1,6)8,9-5-7",2,2,0.0,False,"(*2,3,4)1(6,8)9,5-7",2,3,0.0,False,-5,やや速めの時計が出るレベルではあったが、雨の影響が残って、前週よりは時計が掛かっていた。
201608050312,12,3歳以上1000万下,芝,2200,晴,良,16:20,2016-11-12,京都,9,7,7,2011103545,トウキョウタフガイ,牡5,57,01116,藤岡康太,2:16.8,1.1/4,9-9-9-9,33.6,94.2,9,474(+8),01155,[西]渡辺薫彦,010803,市川義美ホールディン...,,"3,2(1,4)(6,8)-9,5-7",9,1,10.0,False,"3,2(1,4)(6,8)-9,5-7",9,1,10.0,False,"2(3,4)(1,6)8,9-5-7",9,1,8.5,False,"(*2,3,4)1(6,8)9,5-7",9,1,5.0,False,-5,やや速めの時計が出るレベルではあったが、雨の影響が残って、前週よりは時計が掛かっていた。
201603030301,1,2歳未勝利,ダ,1700,晴,不良,09:50,2016-11-12,福島,1,6,11,2014102671,カンムル,牡2,54,01142,長岡禎仁,1:47.0,,9-9-8-7,38.6,2.4,1,436(+6),01093,[東]松永康利,022700,スリースターズレーシ...,500.0,"3(7,10)-(5,9)13(1,8)(2,11)-6-12,14(4,15)",9,2,3.5,False,"3(7,10)5(9,13)(1,8)(2,11)-6-(12,14,15)4",9,2,0.0,False,"3(10,9,13)7(5,8)(1,11)-2(6,4)-(14,15)12",8,2,0.0,False,"(3,*9,13)-(10,5,8)11,7(1,6,4)2,15(12,14)",7,1,3.5,False,-13,
201603030301,1,2歳未勝利,ダ,1700,晴,不良,09:50,2016-11-12,福島,2,7,13,2014101710,スプリングフット,牡2,55,01118,宮崎北斗,1:47.0,クビ,6-5-2-2,39.2,8.7,3,472(+14),01005,[東]小桧山悟,270006,島川隆哉,200.0,"3(7,10)-(5,9)13(1,8)(2,11)-6-12,14(4,15)",6,1,3.5,False,"3(7,10)5(9,13)(1,8)(2,11)-6-(12,14,15)4",5,2,0.0,False,"3(10,9,13)7(5,8)(1,11)-2(6,4)-(14,15)12",2,3,0.0,False,"(3,*9,13)-(10,5,8)11,7(1,6,4)2,15(12,14)",2,3,0.0,False,-13,
201603030301,1,2歳未勝利,ダ,1700,晴,不良,09:50,2016-11-12,福島,3,4,6,2014104221,ウマイモンスター,牡2,55,01140,横山和生,1:47.8,5,11-11-11-9,38.9,29.1,8,484(-4),00415,[東]菅原泰夫,239008,野崎宗信,130.0,"3(7,10)-(5,9)13(1,8)(2,11)-6-12,14(4,15)",11,1,7.0,False,"3(7,10)5(9,13)(1,8)(2,11)-6-(12,14,15)4",11,1,3.5,False,"3(10,9,13)7(5,8)(1,11)-2(6,4)-(14,15)12",11,2,3.5,False,"(3,*9,13)-(10,5,8)11,7(1,6,4)2,15(12,14)",9,3,5.0,False,-13,
201603030301,1,2歳未勝利,ダ,1700,晴,不良,09:50,2016-11-12,福島,4,5,8,2014100518,タガノビッググッド,牡2,54,01156,加藤祥太,1:47.8,アタマ,7-7-6-4,39.6,10.8,5,454(+2),01113,[西]牧浦充徳,859002,八木良司,75.0,"3(7,10)-(5,9)13(1,8)(2,11)-6-12,14(4,15)",7,2,3.5,False,"3(7,10)5(9,13)(1,8)(2,11)-6-(12,14,15)4",7,2,0.0,False,"3(10,9,13)7(5,8)(1,11)-2(6,4)-(14,15)12",6,2,0.0,False,"(3,*9,13)-(10,5,8)11,7(1,6,4)2,15(12,14)",4,3,3.5,False,-13,
201603030301,1,2歳未勝利,ダ,1700,晴,不良,09:50,2016-11-12,福島,5,8,15,2014101746,ポッドティノ,牡2,55,01117,丸田恭介,1:48.0,1.1/4,14-12-13-13,38.7,9.1,4,402(-4),01102,[東]大竹正博,042033,小川眞査雄,50.0,"3(7,10)-(5,9)13(1,8)(2,11)-6-12,14(4,15)",14,2,12.0,False,"3(7,10)5(9,13)(1,8)(2,11)-6-(12,14,15)4",12,3,7.0,False,"3(10,9,13)7(5,8)(1,11)-2(6,4)-(14,15)12",13,2,7.0,False,"(3,*9,13)-(10,5,8)11,7(1,6,4)2,15(12,14)",13,1,6.5,False,-13,
201603030301,1,2歳未勝利,ダ,1700,晴,不良,09:50,2016-11-12,福島,6,2,3,2014104173,マイネルルミノーソ,牡2,55,01127,丸山元気,1:48.3,1.3/4,1-1-1-2,40.7,115.4,12,466(+6),01125,[東]小野次郎,546800,サラブレッドクラブ・...,,"3(7,10)-(5,9)13(1,8)(2,11)-6-12,14(4,15)",1,1,0.0,False,"3(7,10)5(9,13)(1,8)(2,11)-6-(12,14,15)4",1,1,0.0,False,"3(10,9,13)7(5,8)(1,11)-2(6,4)-(14,15)12",1,1,0.0,False,"(3,*9,13)-(10,5,8)11,7(1,6,4)2,15(12,14)",2,3,0.0,False,-13,
201603030301,1,2歳未勝利,ダ,1700,晴,不良,09:50,2016-11-12,福島,7,3,5,2014103035,ジェミニズ,牡2,55,01102,北村友一,1:48.5,1.1/4,4-4-6-4,40.4,49.3,10,492(+12),00397,[西]岩元市三,542800,ライオンレースホース,,"3(7,10)-(5,9)13(1,8)(2,11)-6-12,14(4,15)",4,2,3.5,False,"3(7,10)5(9,13)(1,8)(2,11)-6-(12,14,15)4",4,1,0.0,False,"3(10,9,13)7(5,8)(1,11)-2(6,4)-(14,15)12",6,2,0.0,False,"(3,*9,13)-(10,5,8)11,7(1,6,4)2,15(12,14)",4,3,3.5,False,-13,
201603030301,1,2歳未勝利,ダ,1700,晴,不良,09:50,2016-11-12,福島,8,5,9,2014104297,ダンツプロシード,牡2,55,01144,菱田裕二,1:48.6,3/4,4-5-2-1,40.9,3.6,2,502(+14),00388,[西]山内研二,248005,山元哲二,,"3(7,10)-(5,9)13(1,8)(2,11)-6-12,14(4,15)",4,2,3.5,False,"3(7,10)5(9,13)(1,8)(2,11)-6-(12,14,15)4",5,2,0.0,False,"3(10,9,13)7(5,8)(1,11)-2(6,4)-(14,15)12",2,3,0.0,False,"(3,*9,13)-(10,5,8)11,7(1,6,4)2,15(12,14)",1,3,0.0,True,-13,
201603030301,1,2歳未勝利,ダ,1700,晴,不良,09:50,2016-11-12,福島,9,3,4,2014103527,マイネルアクスト,セ2,55,01091,丹内祐次,1:48.7,クビ,14-15-11-9,39.7,45.6,9,506(+4),01132,[東]金成貴史,546800,サラブレッドクラブ・...,,"3(7,10)-(5,9)13(1,8)(2,11)-6-12,14(4,15)",14,2,12.0,False,"3(7,10)5(9,13)(1,8)(2,11)-6-(12,14,15)4",15,1,7.0,False,"3(10,9,13)7(5,8)(1,11)-2(6,4)-(14,15)12",11,2,3.5,False,"(3,*9,13)-(10,5,8)11,7(1,6,4)2,15(12,14)",9,3,5.0,False,-13,
201603030301,1,2歳未勝利,ダ,1700,晴,不良,09:50,2016-11-12,福島,10,8,14,2014104806,モットスマイル,牡2,55,00629,木幡初広,1:48.8,3/4,13-12-13-14,39.5,116.0,13,438(+2),01106,[東]牧光二,994002,飯田正剛,,"3(7,10)-(5,9)13(1,8)(2,11)-6-12,14(4,15)",13,1,12.0,False,"3(7,10)5(9,13)(1,8)(2,11)-6-(12,14,15)4",12,3,7.0,False,"3(10,9,13)7(5,8)(1,11)-2(6,4)-(14,15)12",13,2,7.0,False,"(3,*9,13)-(10,5,8)11,7(1,6,4)2,15(12,14)",14,2,6.5,False,-13,
201603030301,1,2歳未勝利,ダ,1700,晴,不良,09:50,2016-11-12,福島,11,2,2,2014100303,ミッツノオネガイ,牝2,51,01165,森裕太朗,1:48.8,ハナ,9-9-10-12,40.1,14.5,7,470(+8),01076,[東]小笠倫弘,370008,岡浩二,,"3(7,10)-(5,9)13(1,8)(2,11)-6-12,14(4,15)",9,2,3.5,False,"3(7,10)5(9,13)(1,8)(2,11)-6-(12,14,15)4",9,2,0.0,False,"3(10,9,13)7(5,8)(1,11)-2(6,4)-(14,15)12",10,1,3.5,False,"(3,*9,13)-(10,5,8)11,7(1,6,4)2,15(12,14)",12,1,5.0,False,-13,
201603030301,1,2歳未勝利,ダ,1700,晴,不良,09:50,2016-11-12,福島,12,1,1,2014101679,サンカーメル,牝2,54,01049,二本柳壮,1:49.1,2,7-7-8-9,40.7,206.5,15,444(+2),01096,[東]粕谷昌央,059803,加藤ステーブル,,"3(7,10)-(5,9)13(1,8)(2,11)-6-12,14(4,15)",7,2,3.5,False,"3(7,10)5(9,13)(1,8)(2,11)-6-(12,14,15)4",7,2,0.0,False,"3(10,9,13)7(5,8)(1,11)-2(6,4)-(14,15)12",8,2,0.0,False,"(3,*9,13)-(10,5,8)11,7(1,6,4)2,15(12,14)",9,3,5.0,False,-13,
201603030301,1,2歳未勝利,ダ,1700,晴,不良,09:50,2016-11-12,福島,13,4,7,2014101819,ペイシャエロイース,牝2,52,01149,伴啓太,1:49.6,3,2-2-5-8,41.7,73.6,11,454(-8),01093,[東]松永康利,163002,北所直人,,"3(7,10)-(5,9)13(1,8)(2,11)-6-12,14(4,15)",2,2,0.0,False,"3(7,10)5(9,13)(1,8)(2,11)-6-(12,14,15)4",2,2,0.0,False,"3(10,9,13)7(5,8)(1,11)-2(6,4)-(14,15)12",5,1,0.0,False,"(3,*9,13)-(10,5,8)11,7(1,6,4)2,15(12,14)",8,1,5.0,False,-13,
201603030301,1,2歳未勝利,ダ,1700,晴,不良,09:50,2016-11-12,福島,14,7,12,2014109142,キリシマキャプテン,牡2,55,01038,中谷雄太,1:49.8,1.1/4,12-12-15-14,40.3,141.7,14,446(+14),00428,[東]石毛善彦,628009,土屋君春,,"3(7,10)-(5,9)13(1,8)(2,11)-6-12,14(4,15)",12,1,10.5,False,"3(7,10)5(9,13)(1,8)(2,11)-6-(12,14,15)4",12,3,7.0,False,"3(10,9,13)7(5,8)(1,11)-2(6,4)-(14,15)12",15,1,7.0,False,"(3,*9,13)-(10,5,8)11,7(1,6,4)2,15(12,14)",14,2,6.5,False,-13,
201603030301,1,2歳未勝利,ダ,1700,晴,不良,09:50,2016-11-12,福島,15,6,10,2014103254,メモリートニック,牡2,55,01112,荻野琢真,1:50.0,1.1/2,2-2-2-4,42.2,13.9,6,446(+6),01121,[西]角田晃一,351800,シンザンクラブ,,"3(7,10)-(5,9)13(1,8)(2,11)-6-12,14(4,15)",2,2,0.0,False,"3(7,10)5(9,13)(1,8)(2,11)-6-(12,14,15)4",2,2,0.0,False,"3(10,9,13)7(5,8)(1,11)-2(6,4)-(14,15)12",2,3,0.0,False,"(3,*9,13)-(10,5,8)11,7(1,6,4)2,15(12,14)",4,3,3.5,False,-13,
201603030302,2,3歳以上500万下,ダ,1700,晴,不良,10:15,2016-11-12,福島,1,5,9,2013103739,モルゲンロート,牡3,55,01117,丸田恭介,1:44.9,,7-8-6-6,38.0,5.6,3,472(0),01152,[東]竹内正洋,473008,武田茂男,700.0,"8-2(11,13)3,12(1,9)15-(6,14)10-7-5=4",7,2,5.0,False,"8(2,13)3,11,12,1(9,15)-14(6,10)-7,5=4",8,2,4.5,False,"8(2,13)(3,11)(9,1,12)15-(14,5)10(6,7)=4",6,3,0.0,False,"8(2,13)3,11(9,1,12)15(14,5)(10,7)-6-4",6,3,1.5,False,-13,
201603030302,2,3歳以上500万下,ダ,1700,晴,不良,10:15,2016-11-12,福島,2,1,1,2011109010,カシノカーム,牡5,57,01004,西田雄一,1:45.0,1/2,7-7-6-6,38.1,11.2,4,484(+4),01143,[東]和田雄二,514009,柏木務,280.0,"8-2(11,13)3,12(1,9)15-(6,14)10-7-5=4",7,2,5.0,False,"8(2,13)3,11,12,1(9,15)-14(6,10)-7,5=4",7,1,4.5,False,"8(2,13)(3,11)(9,1,12)15-(14,5)10(6,7)=4",6,3,0.0,False,"8(2,13)3,11(9,1,12)15(14,5)(10,7)-6-4",6,3,1.5,False,-13,
201603030302,2,3歳以上500万下,ダ,1700,晴,不良,10:15,2016-11-12,福島,3,6,10,2012104372,デュアルフレイム,牡4,55,01153,木幡初也,1:45.1,3/4,12-11-12-12,37.2,79.7,11,460(+2),01008,[東]杉浦宏昭,415800,社台レースホース,180.0,"8-2(11,13)3,12(1,9)15-(6,14)10-7-5=4",12,1,8.5,False,"8(2,13)3,11,12,1(9,15)-14(6,10)-7,5=4",11,2,8.0,False,"8(2,13)(3,11)(9,1,12)15-(14,5)10(6,7)=4",12,1,3.5,False,"8(2,13)3,11(9,1,12)15(14,5)(10,7)-6-4",12,2,1.5,False,-13,
201603030302,2,3歳以上500万下,ダ,1700,晴,不良,10:15,2016-11-12,福島,4,6,11,2013104498,ハローマイディア,牡3,55,01102,北村友一,1:45.2,1/2,3-5-4-5,38.5,2.0,1,474(0),01082,[西]平田修,994002,飯田正剛,110.0,"8-2(11,13)3,12(1,9)15-(6,14)10-7-5=4",3,2,3.5,False,"8(2,13)3,11,12,1(9,15)-14(6,10)-7,5=4",5,1,1.5,False,"8(2,13)(3,11)(9,1,12)15-(14,5)10(6,7)=4",4,2,0.0,False,"8(2,13)3,11(9,1,12)15(14,5)(10,7)-6-4",5,1,1.5,False,-13,
201603030302,2,3歳以上500万下,ダ,1700,晴,不良,10:15,2016-11-12,福島,5,8,14,2013102344,リネンソング,牡3,55,01091,丹内祐次,1:45.4,1.1/4,10-10-10-10,37.8,232.4,15,474(0),01077,[東]加藤和宏,851005,戸山光男,70.0,"8-2(11,13)3,12(1,9)15-(6,14)10-7-5=4",10,2,8.5,False,"8(2,13)3,11,12,1(9,15)-14(6,10)-7,5=4",10,1,8.0,False,"8(2,13)(3,11)(9,1,12)15-(14,5)10(6,7)=4",10,2,3.5,False,"8(2,13)3,11(9,1,12)15(14,5)(10,7)-6-4",10,2,1.5,False,-13,
201603030302,2,3歳以上500万下,ダ,1700,晴,不良,10:15,2016-11-12,福島,6,8,15,2013101028,ウォーターミリオン,牡3,55,01144,菱田裕二,1:45.6,1.1/4,9-8-9-9,38.4,63.6,10,444(0),01009,[西]田所秀孝,312006,山岡正人,,"8-2(11,13)3,12(1,9)15-(6,14)10-7-5=4",9,1,5.0,False,"8(2,13)3,11,12,1(9,15)-14(6,10)-7,5=4",8,2,4.5,False,"8(2,13)(3,11)(9,1,12)15-(14,5)10(6,7)=4",9,1,0.0,False,"8(2,13)3,11(9,1,12)15(14,5)(10,7)-6-4",9,1,1.5,False,-13,
201603030302,2,3歳以上500万下,ダ,1700,晴,不良,10:15,2016-11-12,福島,7,5,8,2013100505,シゲルサンマ,牡3,52,01165,森裕太朗,1:45.9,2,1-1-1-1,39.7,88.7,13,548(+2),01139,[西]飯田祐史,674004,森中蕃,,"8-2(11,13)3,12(1,9)15-(6,14)10-7-5=4",1,1,0.0,False,"8(2,13)3,11,12,1(9,15)-14(6,10)-7,5=4",1,1,0.0,False,"8(2,13)(3,11)(9,1,12)15-(14,5)10(6,7)=4",1,1,0.0,False,"8(2,13)3,11(9,1,12)15(14,5)(10,7)-6-4",1,1,0.0,False,-13,
201603030302,2,3歳以上500万下,ダ,1700,晴,不良,10:15,2016-11-12,福島,8,7,12,2012104825,メイショウフェイク,牡4,57,01051,嘉藤貴行,1:46.0,クビ,6-6-6-6,39.1,13.2,5,502(-8),01074,[東]奥平雅士,149033,内田玄祥,,"8-2(11,13)3,12(1,9)15-(6,14)10-7-5=4",6,1,5.0,False,"8(2,13)3,11,12,1(9,15)-14(6,10)-7,5=4",6,1,3.0,False,"8(2,13)(3,11)(9,1,12)15-(14,5)10(6,7)=4",6,3,0.0,False,"8(2,13)3,11(9,1,12)15(14,5)(10,7)-6-4",6,3,1.5,False,-13,
201603030302,2,3歳以上500万下,ダ,1700,晴,不良,10:15,2016-11-12,福島,9,4,7,2013102217,エドノマツオー,牡3,55,01108,的場勇人,1:46.3,1.3/4,13-13-13-12,38.3,33.5,7,484(+4),01063,[東]的場均,624009,遠藤喜松,,"8-2(11,13)3,12(1,9)15-(6,14)10-7-5=4",13,1,12.0,False,"8(2,13)3,11,12,1(9,15)-14(6,10)-7,5=4",13,1,11.5,False,"8(2,13)(3,11)(9,1,12)15-(14,5)10(6,7)=4",13,2,3.5,False,"8(2,13)3,11(9,1,12)15(14,5)(10,7)-6-4",12,2,1.5,False,-13,
201603030302,2,3歳以上500万下,ダ,1700,晴,不良,10:15,2016-11-12,福島,10,3,5,2013103475,テイエムハヤブサ,牡3,55,01128,川須栄彦,1:46.3,クビ,14-14-10-10,38.7,87.1,12,458(+6),00396,[西]福島信晴,356002,竹園正繼,,"8-2(11,13)3,12(1,9)15-(6,14)10-7-5=4",14,1,15.5,False,"8(2,13)3,11,12,1(9,15)-14(6,10)-7,5=4",14,1,13.0,False,"8(2,13)(3,11)(9,1,12)15-(14,5)10(6,7)=4",10,2,3.5,False,"8(2,13)3,11(9,1,12)15(14,5)(10,7)-6-4",10,2,1.5,False,-13,
201603030302,2,3歳以上500万下,ダ,1700,晴,不良,10:15,2016-11-12,福島,11,4,6,2013101713,タガノアーバニティ,牡3,54,01157,鮫島克駿,1:46.4,クビ,10-11-13-14,38.4,23.4,6,486(+16),01018,[西]宮徹,859002,八木良司,,"8-2(11,13)3,12(1,9)15-(6,14)10-7-5=4",10,2,8.5,False,"8(2,13)3,11,12,1(9,15)-14(6,10)-7,5=4",11,2,8.0,False,"8(2,13)(3,11)(9,1,12)15-(14,5)10(6,7)=4",13,2,3.5,False,"8(2,13)3,11(9,1,12)15(14,5)(10,7)-6-4",14,1,5.0,False,-13,
201603030302,2,3歳以上500万下,ダ,1700,晴,不良,10:15,2016-11-12,福島,12,2,2,2013104575,トウショウコマンチ,牡3,55,01099,鮫島良太,1:46.5,1/2,2-2-2-2,40.1,3.9,2,514(+8),01121,[西]角田晃一,078800,トウショウ産業,,"8-2(11,13)3,12(1,9)15-(6,14)10-7-5=4",2,1,3.5,False,"8(2,13)3,11,12,1(9,15)-14(6,10)-7,5=4",2,2,0.0,False,"8(2,13)(3,11)(9,1,12)15-(14,5)10(6,7)=4",2,2,0.0,False,"8(2,13)3,11(9,1,12)15(14,5)(10,7)-6-4",2,2,0.0,False,-13,
201603030302,2,3歳以上500万下,ダ,1700,晴,不良,10:15,2016-11-12,福島,13,2,3,2011105378,シゲルミマサカ,牝5,54,01156,加藤祥太,1:46.5,クビ,5-4-4-4,39.8,53.2,9,436(-4),00383,[東]伊藤正徳,674004,森中蕃,,"8-2(11,13)3,12(1,9)15-(6,14)10-7-5=4",5,1,3.5,False,"8(2,13)3,11,12,1(9,15)-14(6,10)-7,5=4",4,1,0.0,False,"8(2,13)(3,11)(9,1,12)15-(14,5)10(6,7)=4",4,2,0.0,False,"8(2,13)3,11(9,1,12)15(14,5)(10,7)-6-4",4,1,0.0,False,-13,
201603030302,2,3歳以上500万下,ダ,1700,晴,不良,10:15,2016-11-12,福島,14,3,4,2013103065,コウユーモンブラン,牡3,55,01038,中谷雄太,1:46.6,クビ,15-15-15-15,37.7,220.6,14,456(-1),01032,[西]大根田裕,116033,加治屋貞光,,"8-2(11,13)3,12(1,9)15-(6,14)10-7-5=4",15,1,21.5,False,"8(2,13)3,11,12,1(9,15)-14(6,10)-7,5=4",15,1,19.0,False,"8(2,13)(3,11)(9,1,12)15-(14,5)10(6,7)=4",15,1,9.5,False,"8(2,13)3,11(9,1,12)15(14,5)(10,7)-6-4",15,1,8.5,False,-13,
201603030302,2,3歳以上500万下,ダ,1700,晴,不良,10:15,2016-11-12,福島,15,7,13,2013101425,タマモシルクハット,牡3,55,01140,横山和生,1:46.8,1.1/4,3-2-2-2,40.3,44.7,8,474(+8),01094,[東]水野貴広,515800,タマモ,,"8-2(11,13)3,12(1,9)15-(6,14)10-7-5=4",3,2,3.5,False,"8(2,13)3,11,12,1(9,15)-14(6,10)-7,5=4",2,2,0.0,False,"8(2,13)(3,11)(9,1,12)15-(14,5)10(6,7)=4",2,2,0.0,False,"8(2,13)3,11(9,1,12)15(14,5)(10,7)-6-4",2,2,0.0,False,-13,
201603030303,3,2歳未勝利,芝,1200,晴,稍重,10:45,2016-11-12,福島,1,4,7,2014106341,ルミノーザ,牝2,54,01102,北村友一,1:11.2,,3-3,36.0,19.4,6,454(+6),01090,[東]天間昭一,889006,河村祥史,500.0,,,,,,,,,,,"14,16(1,6,7)(2,5,4,13)(3,8)(9,15)(10,12)-11",3,3,1.5,False,"(*14,16)(1,7)4(2,6)(5,13)(3,8)9(10,15,12)-11",3,2,0.0,False,9,
201603030303,3,2歳未勝利,芝,1200,晴,稍重,10:45,2016-11-12,福島,2,7,14,2014106442,ユトリチャン,牝2,54,01108,的場勇人,1:11.6,2.1/2,1-1,36.6,4.9,3,410(+2),01063,[東]的場均,054030,田端修,200.0,,,,,,,,,,,"14,16(1,6,7)(2,5,4,13)(3,8)(9,15)(10,12)-11",1,1,0.0,False,"(*14,16)(1,7)4(2,6)(5,13)(3,8)9(10,15,12)-11",1,2,0.0,True,9,
201603030303,3,2歳未勝利,芝,1200,晴,稍重,10:45,2016-11-12,福島,3,8,16,2014105121,シゲルジャッカル,セ2,54,01157,鮫島克駿,1:11.6,クビ,2-2,36.5,2.5,1,482(+2),00356,[西]坂口正則,674004,森中蕃,130.0,,,,,,,,,,,"14,16(1,6,7)(2,5,4,13)(3,8)(9,15)(10,12)-11",2,1,1.5,False,"(*14,16)(1,7)4(2,6)(5,13)(3,8)9(10,15,12)-11",2,2,0.0,False,9,
201603030303,3,2歳未勝利,芝,1200,晴,稍重,10:45,2016-11-12,福島,4,5,9,2014104943,プリンセス,牝2,52,01143,原田和真,1:11.7,クビ,12-12,35.7,53.2,10,474(0),01150,[東]池上昌和,865800,Ｍ・Ｋｅｎｉｃｈｉホ...,75.0,,,,,,,,,,,"14,16(1,6,7)(2,5,4,13)(3,8)(9,15)(10,12)-11",12,2,1.5,False,"(*14,16)(1,7)4(2,6)(5,13)(3,8)9(10,15,12)-11",12,1,0.0,False,9,
201603030303,3,2歳未勝利,芝,1200,晴,稍重,10:45,2016-11-12,福島,5,1,2,2014104746,ポッドガビ,牝2,54,01095,吉田隼人,1:11.8,3/4,6-6,36.2,4.2,2,444(+4),01064,[東]武藤善則,042033,小川眞査雄,50.0,,,,,,,,,,,"14,16(1,6,7)(2,5,4,13)(3,8)(9,15)(10,12)-11",6,4,1.5,False,"(*14,16)(1,7)4(2,6)(5,13)(3,8)9(10,15,12)-11",6,2,0.0,False,9,
201603030303,3,2歳未勝利,芝,1200,晴,稍重,10:45,2016-11-12,福島,6,1,1,2014104686,メイショウカリナン,牡2,55,01127,丸山元気,1:11.8,ハナ,3-3,36.5,9.0,4,476(-4),00411,[西]浅見秀一,523005,松本好雄,,,,,,,,,,,,"14,16(1,6,7)(2,5,4,13)(3,8)(9,15)(10,12)-11",3,3,1.5,False,"(*14,16)(1,7)4(2,6)(5,13)(3,8)9(10,15,12)-11",3,2,0.0,False,9,
201603030303,3,2歳未勝利,芝,1200,晴,稍重,10:45,2016-11-12,福島,7,3,6,2014103209,ソービック,牝2,54,01091,丹内祐次,1:11.9,1/2,3-6,36.6,77.4,11,408(+4),01008,[東]杉浦宏昭,467004,澤村敏雄,,,,,,,,,,,,"14,16(1,6,7)(2,5,4,13)(3,8)(9,15)(10,12)-11",3,3,1.5,False,"(*14,16)(1,7)4(2,6)(5,13)(3,8)9(10,15,12)-11",6,2,0.0,False,9,
201603030303,3,2歳未勝利,芝,1200,晴,稍重,10:45,2016-11-12,福島,8,2,4,2014101258,ユイノムテキ,牡2,54,01142,長岡禎仁,1:11.9,アタマ,6-5,36.4,47.6,9,470(0),01133,[東]黒岩陽一,044803,由井健太郎,,,,,,,,,,,,"14,16(1,6,7)(2,5,4,13)(3,8)(9,15)(10,12)-11",6,4,1.5,False,"(*14,16)(1,7)4(2,6)(5,13)(3,8)9(10,15,12)-11",5,1,0.0,False,9,
201603030303,3,2歳未勝利,芝,1200,晴,稍重,10:45,2016-11-12,福島,9,3,5,2014101418,ジョーカトゥーラ,牡2,55,01135,杉原誠人,1:12.1,1,6-8,36.5,11.2,5,530(-10),01039,[西]中竹和也,839004,上田けい子,,,,,,,,,,,,"14,16(1,6,7)(2,5,4,13)(3,8)(9,15)(10,12)-11",6,4,1.5,False,"(*14,16)(1,7)4(2,6)(5,13)(3,8)9(10,15,12)-11",8,2,0.0,False,9,
201603030303,3,2歳未勝利,芝,1200,晴,稍重,10:45,2016-11-12,福島,10,2,3,2014104996,ココホレワンワン,牡2,55,01051,嘉藤貴行,1:12.3,1.1/4,10-10,36.5,102.0,12,466(+10),01119,[東]田中剛,629800,ミルファーム,,,,,,,,,,,,"14,16(1,6,7)(2,5,4,13)(3,8)(9,15)(10,12)-11",10,2,1.5,False,"(*14,16)(1,7)4(2,6)(5,13)(3,8)9(10,15,12)-11",10,2,0.0,False,9,
201603030303,3,2歳未勝利,芝,1200,晴,稍重,10:45,2016-11-12,福島,11,8,15,2014105133,クーロゼ,牝2,54,01119,伊藤工真,1:12.3,ハナ,12-13,36.2,108.6,14,428(+8),01031,[東]伊藤伸一,629800,ミルファーム,,,,,,,,,,,,"14,16(1,6,7)(2,5,4,13)(3,8)(9,15)(10,12)-11",12,2,1.5,False,"(*14,16)(1,7)4(2,6)(5,13)(3,8)9(10,15,12)-11",13,3,0.0,False,9,
201603030303,3,2歳未勝利,芝,1200,晴,稍重,10:45,2016-11-12,福島,12,4,8,2014106366,バックナンバー,牡2,55,01038,中谷雄太,1:12.3,ハナ,10-10,36.5,20.2,7,458(+8),00429,[西]佐々木晶,372008,三宅勝俊,,,,,,,,,,,,"14,16(1,6,7)(2,5,4,13)(3,8)(9,15)(10,12)-11",10,2,1.5,False,"(*14,16)(1,7)4(2,6)(5,13)(3,8)9(10,15,12)-11",10,2,0.0,False,9,
201603030303,3,2歳未勝利,芝,1200,晴,稍重,10:45,2016-11-12,福島,13,5,10,2014100478,ハートノエース,牝2,54,01131,西村太一,1:12.3,アタマ,14-13,35.9,215.7,16,432(-4),01031,[東]伊藤伸一,629800,ミルファーム,,,,,,,,,,,,"14,16(1,6,7)(2,5,4,13)(3,8)(9,15)(10,12)-11",14,2,1.5,False,"(*14,16)(1,7)4(2,6)(5,13)(3,8)9(10,15,12)-11",13,3,0.0,False,9,
201603030303,3,2歳未勝利,芝,1200,晴,稍重,10:45,2016-11-12,福島,14,7,13,2014104241,キャンディハート,牝2,53,01156,加藤祥太,1:12.3,アタマ,6-8,36.7,44.8,8,434(+2),01012,[東]大江原哲,855030,田頭勇貴,,,,,,,,,,,,"14,16(1,6,7)(2,5,4,13)(3,8)(9,15)(10,12)-11",6,4,1.5,False,"(*14,16)(1,7)4(2,6)(5,13)(3,8)9(10,15,12)-11",8,2,0.0,False,9,
201603030303,3,2歳未勝利,芝,1200,晴,稍重,10:45,2016-11-12,福島,15,6,12,2014103426,レースフェーベル,牝2,52,01149,伴啓太,1:12.5,1.1/2,14-13,36.2,202.6,15,416(-8),01096,[東]粕谷昌央,100800,日進牧場,,,,,,,,,,,,"14,16(1,6,7)(2,5,4,13)(3,8)(9,15)(10,12)-11",14,2,1.5,False,"(*14,16)(1,7)4(2,6)(5,13)(3,8)9(10,15,12)-11",13,3,0.0,False,9,
201603030303,3,2歳未勝利,芝,1200,晴,稍重,10:45,2016-11-12,福島,16,6,11,2014109141,サンキング,牡2,55,01117,丸田恭介,1:13.3,5,16-16,36.6,107.0,13,440(0),00428,[東]石毛善彦,680030,竹原孝昭,,,,,,,,,,,,"14,16(1,6,7)(2,5,4,13)(3,8)(9,15)(10,12)-11",16,1,5.0,False,"(*14,16)(1,7)4(2,6)(5,13)(3,8)9(10,15,12)-11",16,1,3.5,False,9,
201603030304,4,2歳未勝利,芝,2000,晴,稍重,11:15,2016-11-12,福島,1,8,14,2014104149,エンドゲーム,牡2,55,01117,丸田恭介,2:02.9,,11-10-11-6,36.5,2.0,1,490(-4),00438,[西]安田隆行,003060,Ｈ．Ｈ．シェイク・モ...,500.0,"1(3,4)(7,8,9)10(5,13)2(11,12,14)-6-15",11,3,0.0,False,"(1,*13)(3,4)(7,8,9)(10,5)(2,14)(11,12)6-15",10,2,0.0,False,"13(1,9)3(8,4)(7,2,5)10(11,12,14)6-15",11,3,0.0,False,"13,1(9,5)8(10,3,2,14)(11,12)(7,6)-4,15",6,4,1.5,False,9,
201603030304,4,2歳未勝利,芝,2000,晴,稍重,11:15,2016-11-12,福島,2,5,9,2014103084,エスティーム,牡2,55,01091,丹内祐次,2:03.4,3,4-5-2-3,37.6,5.7,3,526(+8),01132,[東]金成貴史,760008,岡田繁幸,200.0,"1(3,4)(7,8,9)10(5,13)2(11,12,14)-6-15",4,3,0.0,False,"(1,*13)(3,4)(7,8,9)(10,5)(2,14)(11,12)6-15",5,3,0.0,False,"13(1,9)3(8,4)(7,2,5)10(11,12,14)6-15",2,2,0.0,False,"13,1(9,5)8(10,3,2,14)(11,12)(7,6)-4,15",3,2,1.5,False,9,
201603030304,4,2歳未勝利,芝,2000,晴,稍重,11:15,2016-11-12,福島,3,7,13,2014103335,ローリングタワー,牡2,55,01144,菱田裕二,2:03.5,クビ,8-1-1-1,37.9,35.7,10,422(-2),01031,[東]伊藤伸一,694008,本間茂,130.0,"1(3,4)(7,8,9)10(5,13)2(11,12,14)-6-15",8,2,0.0,False,"(1,*13)(3,4)(7,8,9)(10,5)(2,14)(11,12)6-15",1,2,0.0,True,"13(1,9)3(8,4)(7,2,5)10(11,12,14)6-15",1,1,0.0,False,"13,1(9,5)8(10,3,2,14)(11,12)(7,6)-4,15",1,1,0.0,False,9,
201603030304,4,2歳未勝利,芝,2000,晴,稍重,11:15,2016-11-12,福島,4,1,1,2014102619,シンデン,牡2,55,00629,木幡初広,2:03.6,3/4,1-2-2-2,37.8,9.9,4,476(+12),01106,[東]牧光二,026700,ケンレーシング組合,75.0,"1(3,4)(7,8,9)10(5,13)2(11,12,14)-6-15",1,1,0.0,False,"(1,*13)(3,4)(7,8,9)(10,5)(2,14)(11,12)6-15",2,2,0.0,False,"13(1,9)3(8,4)(7,2,5)10(11,12,14)6-15",2,2,0.0,False,"13,1(9,5)8(10,3,2,14)(11,12)(7,6)-4,15",2,1,1.5,False,9,
201603030304,4,2歳未勝利,芝,2000,晴,稍重,11:15,2016-11-12,福島,5,6,10,2014100704,コスモストレンジ,牡2,55,01118,宮崎北斗,2:03.8,1.1/4,7-8-10-6,37.5,226.3,14,472(+2),01052,[東]菊川正達,598033,岡田ゆりか,50.0,"1(3,4)(7,8,9)10(5,13)2(11,12,14)-6-15",7,1,0.0,False,"(1,*13)(3,4)(7,8,9)(10,5)(2,14)(11,12)6-15",8,2,0.0,False,"13(1,9)3(8,4)(7,2,5)10(11,12,14)6-15",10,1,0.0,False,"13,1(9,5)8(10,3,2,14)(11,12)(7,6)-4,15",6,4,1.5,False,9,
201603030304,4,2歳未勝利,芝,2000,晴,稍重,11:15,2016-11-12,福島,6,3,5,2014105910,アヴァント,牡2,55,01128,川須栄彦,2:03.8,ハナ,8-8-7-3,37.7,5.6,2,478(-8),01069,[西]中尾秀正,006030,佐々木主浩,,"1(3,4)(7,8,9)10(5,13)2(11,12,14)-6-15",8,2,0.0,False,"(1,*13)(3,4)(7,8,9)(10,5)(2,14)(11,12)6-15",8,2,0.0,False,"13(1,9)3(8,4)(7,2,5)10(11,12,14)6-15",7,3,0.0,False,"13,1(9,5)8(10,3,2,14)(11,12)(7,6)-4,15",3,2,1.5,False,9,
201603030304,4,2歳未勝利,芝,2000,晴,稍重,11:15,2016-11-12,福島,7,4,6,2014104023,シゲルボスザル,牡2,52,01165,森裕太朗,2:04.0,1.1/4,14-14-14-12,37.3,30.7,9,460(-6),00431,[西]谷潔,674004,森中蕃,,"1(3,4)(7,8,9)10(5,13)2(11,12,14)-6-15",14,1,3.5,False,"(1,*13)(3,4)(7,8,9)(10,5)(2,14)(11,12)6-15",14,1,0.0,False,"13(1,9)3(8,4)(7,2,5)10(11,12,14)6-15",14,1,0.0,False,"13,1(9,5)8(10,3,2,14)(11,12)(7,6)-4,15",12,2,1.5,False,9,
201603030304,4,2歳未勝利,芝,2000,晴,稍重,11:15,2016-11-12,福島,8,7,12,2014103346,トーホウウノ,牝2,54,01051,嘉藤貴行,2:04.0,ハナ,11-12-11-10,37.6,193.0,13,484(0),00408,[東]田中清隆,965800,東豊物産,,"1(3,4)(7,8,9)10(5,13)2(11,12,14)-6-15",11,3,0.0,False,"(1,*13)(3,4)(7,8,9)(10,5)(2,14)(11,12)6-15",12,2,0.0,False,"13(1,9)3(8,4)(7,2,5)10(11,12,14)6-15",11,3,0.0,False,"13,1(9,5)8(10,3,2,14)(11,12)(7,6)-4,15",10,2,1.5,False,9,
201603030304,4,2歳未勝利,芝,2000,晴,稍重,11:15,2016-11-12,福島,9,5,8,2014104921,プライムタイム,牝2,52,01153,木幡初也,2:04.4,2.1/2,4-5-5-5,38.4,16.9,6,468(-2),01011,[西]松田国英,764001,谷水雄三,,"1(3,4)(7,8,9)10(5,13)2(11,12,14)-6-15",4,3,0.0,False,"(1,*13)(3,4)(7,8,9)(10,5)(2,14)(11,12)6-15",5,3,0.0,False,"13(1,9)3(8,4)(7,2,5)10(11,12,14)6-15",5,2,0.0,False,"13,1(9,5)8(10,3,2,14)(11,12)(7,6)-4,15",5,1,1.5,False,9,
201603030304,4,2歳未勝利,芝,2000,晴,稍重,11:15,2016-11-12,福島,10,6,11,2014102906,ウォーブル,牝2,54,01038,中谷雄太,2:04.7,2,11-12-11-10,38.2,15.6,5,454(-8),01109,[東]伊藤大士,716800,ビッグレッドファーム,,"1(3,4)(7,8,9)10(5,13)2(11,12,14)-6-15",11,3,0.0,False,"(1,*13)(3,4)(7,8,9)(10,5)(2,14)(11,12)6-15",12,2,0.0,False,"13(1,9)3(8,4)(7,2,5)10(11,12,14)6-15",11,3,0.0,False,"13,1(9,5)8(10,3,2,14)(11,12)(7,6)-4,15",10,2,1.5,False,9,
201603030304,4,2歳未勝利,芝,2000,晴,稍重,11:15,2016-11-12,福島,11,8,15,2014100225,ウインシェリー,牝2,52,01149,伴啓太,2:05.1,2.1/2,15-15-15-15,38.1,310.5,15,362(+2),01096,[東]粕谷昌央,494800,ウイン,,"1(3,4)(7,8,9)10(5,13)2(11,12,14)-6-15",15,1,7.0,False,"(1,*13)(3,4)(7,8,9)(10,5)(2,14)(11,12)6-15",15,1,3.5,False,"13(1,9)3(8,4)(7,2,5)10(11,12,14)6-15",15,1,3.5,False,"13,1(9,5)8(10,3,2,14)(11,12)(7,6)-4,15",15,1,6.5,False,9,
201603030304,4,2歳未勝利,芝,2000,晴,稍重,11:15,2016-11-12,福島,12,2,3,2014101145,ポッドダンテ,牡2,54,01142,長岡禎仁,2:05.1,クビ,2-3-4-6,39.2,21.4,8,468(-6),01089,[東]武市康男,042033,小川眞査雄,,"1(3,4)(7,8,9)10(5,13)2(11,12,14)-6-15",2,2,0.0,False,"(1,*13)(3,4)(7,8,9)(10,5)(2,14)(11,12)6-15",3,2,0.0,False,"13(1,9)3(8,4)(7,2,5)10(11,12,14)6-15",4,1,0.0,False,"13,1(9,5)8(10,3,2,14)(11,12)(7,6)-4,15",6,4,1.5,False,9,
201603030304,4,2歳未勝利,芝,2000,晴,稍重,11:15,2016-11-12,福島,13,2,2,2014106468,フェイバリットラン,牝2,54,01127,丸山元気,2:05.2,クビ,10-10-7-6,39.0,53.8,11,428(-6),01143,[東]和田雄二,011008,平田修,,"1(3,4)(7,8,9)10(5,13)2(11,12,14)-6-15",10,1,0.0,False,"(1,*13)(3,4)(7,8,9)(10,5)(2,14)(11,12)6-15",10,2,0.0,False,"13(1,9)3(8,4)(7,2,5)10(11,12,14)6-15",7,3,0.0,False,"13,1(9,5)8(10,3,2,14)(11,12)(7,6)-4,15",6,4,1.5,False,9,
201603030304,4,2歳未勝利,芝,2000,晴,稍重,11:15,2016-11-12,福島,14,4,7,2014100843,ハービンクイーン,牝2,53,01156,加藤祥太,2:06.5,8,4-5-7-12,40.4,139.1,12,464(+12),01147,[東]武井亮,556033,西村亮二,,"1(3,4)(7,8,9)10(5,13)2(11,12,14)-6-15",4,3,0.0,False,"(1,*13)(3,4)(7,8,9)(10,5)(2,14)(11,12)6-15",5,3,0.0,False,"13(1,9)3(8,4)(7,2,5)10(11,12,14)6-15",7,3,0.0,False,"13,1(9,5)8(10,3,2,14)(11,12)(7,6)-4,15",12,2,1.5,False,9,
201603030304,4,2歳未勝利,芝,2000,晴,稍重,11:15,2016-11-12,福島,15,3,4,2014103470,バトルデゼル,牡2,55,01102,北村友一,2:08.0,9,2-3-5-14,42.0,21.1,7,508(+2),01101,[西]吉田直弘,506800,シルクレーシング,,"1(3,4)(7,8,9)10(5,13)2(11,12,14)-6-15",2,2,0.0,False,"(1,*13)(3,4)(7,8,9)(10,5)(2,14)(11,12)6-15",3,2,0.0,False,"13(1,9)3(8,4)(7,2,5)10(11,12,14)6-15",5,2,0.0,False,"13,1(9,5)8(10,3,2,14)(11,12)(7,6)-4,15",14,1,5.0,False,9,
201603030305,5,2歳新馬,芝,1200,晴,稍重,12:05,2016-11-12,福島,1,4,8,2014104299,ブリリアントアート,牝2,54,01091,丹内祐次,1:12.3,,2-2,35.7,26.1,7,398(0),01051,[東]岩戸孝樹,518002,山田弘,700.0,,,,,,,,,,,"5,8(2,11)(4,15)(9,16)(6,13)14(7,10,12)(1,3)",2,1,1.5,False,"5,8(2,11)(4,9,15)(13,16)6(7,14)12-3(10,1)",2,1,1.5,False,9,
201603030305,5,2歳新馬,芝,1200,晴,稍重,12:05,2016-11-12,福島,2,2,4,2014106094,ハシレマサムネ,牡2,55,01102,北村友一,1:12.4,1/2,5-5,35.6,3.5,1,454(0),01144,[西]池添学,915008,塩澤正樹,280.0,,,,,,,,,,,"5,8(2,11)(4,15)(9,16)(6,13)14(7,10,12)(1,3)",5,2,1.5,False,"5,8(2,11)(4,9,15)(13,16)6(7,14)12-3(10,1)",5,3,1.5,False,9,
201603030305,5,2歳新馬,芝,1200,晴,稍重,12:05,2016-11-12,福島,3,1,2,2014103102,ゲンパチキララ,牡2,55,01095,吉田隼人,1:12.4,クビ,3-3,35.7,5.1,3,422(0),01081,[東]中川公成,689002,平野武志,180.0,,,,,,,,,,,"5,8(2,11)(4,15)(9,16)(6,13)14(7,10,12)(1,3)",3,2,1.5,False,"5,8(2,11)(4,9,15)(13,16)6(7,14)12-3(10,1)",3,2,1.5,False,9,
201603030305,5,2歳新馬,芝,1200,晴,稍重,12:05,2016-11-12,福島,4,3,5,2014106200,マラン,牝2,54,01051,嘉藤貴行,1:12.6,1,1-1,36.1,7.6,4,450(0),00408,[東]田中清隆,629800,ミルファーム,110.0,,,,,,,,,,,"5,8(2,11)(4,15)(9,16)(6,13)14(7,10,12)(1,3)",1,1,0.0,False,"5,8(2,11)(4,9,15)(13,16)6(7,14)12-3(10,1)",1,1,0.0,False,9,
201603030305,5,2歳新馬,芝,1200,晴,稍重,12:05,2016-11-12,福島,5,6,11,2014106347,サンニューオリンズ,牝2,54,01049,二本柳壮,1:12.9,1.3/4,3-3,36.2,74.3,13,440(0),01134,[東]高橋文雅,059803,加藤ステーブル,70.0,,,,,,,,,,,"5,8(2,11)(4,15)(9,16)(6,13)14(7,10,12)(1,3)",3,2,1.5,False,"5,8(2,11)(4,9,15)(13,16)6(7,14)12-3(10,1)",3,2,1.5,False,9,
201603030305,5,2歳新馬,芝,1200,晴,稍重,12:05,2016-11-12,福島,6,7,13,2014103976,アルマクロア,牝2,54,01127,丸山元気,1:13.0,1/2,9-8,35.9,4.9,2,448(0),01153,[東]中舘英二,095700,コウトミックレーシン...,,,,,,,,,,,,"5,8(2,11)(4,15)(9,16)(6,13)14(7,10,12)(1,3)",9,2,1.5,False,"5,8(2,11)(4,9,15)(13,16)6(7,14)12-3(10,1)",8,2,1.5,False,9,
201603030305,5,2歳新馬,芝,1200,晴,稍重,12:05,2016-11-12,福島,7,6,12,2014109099,メイアリス,牝2,54,01004,西田雄一,1:13.0,クビ,12-13,35.5,33.3,10,412(0),01051,[東]岩戸孝樹,075800,千明牧場,,,,,,,,,,,,"5,8(2,11)(4,15)(9,16)(6,13)14(7,10,12)(1,3)",12,3,1.5,False,"5,8(2,11)(4,9,15)(13,16)6(7,14)12-3(10,1)",13,1,1.5,False,9,
201603030305,5,2歳新馬,芝,1200,晴,稍重,12:05,2016-11-12,福島,8,7,14,2014104110,マッセル,牡2,55,01135,杉原誠人,1:13.1,1/2,11-11,35.9,9.1,6,452(0),01142,[西]森田直行,788800,ノースヒルズ,,,,,,,,,,,,"5,8(2,11)(4,15)(9,16)(6,13)14(7,10,12)(1,3)",11,1,1.5,False,"5,8(2,11)(4,9,15)(13,16)6(7,14)12-3(10,1)",11,2,1.5,False,9,
201603030305,5,2歳新馬,芝,1200,晴,稍重,12:05,2016-11-12,福島,9,5,9,2014102498,アイビーグラチア,牝2,54,01117,丸田恭介,1:13.3,1.1/4,7-5,36.3,8.0,5,408(0),01023,[東]伊藤圭三,221030,本間充,,,,,,,,,,,,"5,8(2,11)(4,15)(9,16)(6,13)14(7,10,12)(1,3)",7,2,1.5,False,"5,8(2,11)(4,9,15)(13,16)6(7,14)12-3(10,1)",5,3,1.5,False,9,
201603030305,5,2歳新馬,芝,1200,晴,稍重,12:05,2016-11-12,福島,10,8,16,2014100610,ノンブルアン,牝2,54,01038,中谷雄太,1:13.6,2,7-8,36.6,30.0,9,458(0),01130,[西]吉村圭司,788800,ノースヒルズ,,,,,,,,,,,,"5,8(2,11)(4,15)(9,16)(6,13)14(7,10,12)(1,3)",7,2,1.5,False,"5,8(2,11)(4,9,15)(13,16)6(7,14)12-3(10,1)",8,2,1.5,False,9,
201603030305,5,2歳新馬,芝,1200,晴,稍重,12:05,2016-11-12,福島,11,8,15,2014100365,サウスクイーン,牝2,54,01119,伊藤工真,1:13.6,ハナ,5-5,36.8,26.4,8,442(0),01067,[東]久保田貴,393002,南波壽,,,,,,,,,,,,"5,8(2,11)(4,15)(9,16)(6,13)14(7,10,12)(1,3)",5,2,1.5,False,"5,8(2,11)(4,9,15)(13,16)6(7,14)12-3(10,1)",5,3,1.5,False,9,
201603030305,5,2歳新馬,芝,1200,晴,稍重,12:05,2016-11-12,福島,12,4,7,2014101125,シゲルハリネズミ,牡2,55,01128,川須栄彦,1:14.2,3.1/2,12-11,36.8,62.5,11,468(0),01131,[東]蛯名利弘,674004,森中蕃,,,,,,,,,,,,"5,8(2,11)(4,15)(9,16)(6,13)14(7,10,12)(1,3)",12,3,1.5,False,"5,8(2,11)(4,9,15)(13,16)6(7,14)12-3(10,1)",11,2,1.5,False,9,
201603030305,5,2歳新馬,芝,1200,晴,稍重,12:05,2016-11-12,福島,13,3,6,2014100776,フェスティヴドレス,牝2,54,01144,菱田裕二,1:14.2,ハナ,9-10,37.1,104.8,15,426(0),01056,[東]本間忍,070803,臼井義太郎,,,,,,,,,,,,"5,8(2,11)(4,15)(9,16)(6,13)14(7,10,12)(1,3)",9,2,1.5,False,"5,8(2,11)(4,9,15)(13,16)6(7,14)12-3(10,1)",10,1,1.5,False,9,
201603030305,5,2歳新馬,芝,1200,晴,稍重,12:05,2016-11-12,福島,14,1,1,2014100532,モンキーキック,牡2,54,01156,加藤祥太,1:14.2,ハナ,15-15,36.5,82.5,14,470(0),01119,[東]田中剛,252030,落合幸弘,,,,,,,,,,,,"5,8(2,11)(4,15)(9,16)(6,13)14(7,10,12)(1,3)",15,2,1.5,False,"5,8(2,11)(4,9,15)(13,16)6(7,14)12-3(10,1)",15,2,5.0,False,9,
201603030305,5,2歳新馬,芝,1200,晴,稍重,12:05,2016-11-12,福島,15,2,3,2014100104,チビッコギャング,牡2,53,01149,伴啓太,1:14.6,2.1/2,15-14,36.9,66.7,12,394(0),01153,[東]中舘英二,127002,村上義勝,,,,,,,,,,,,"5,8(2,11)(4,15)(9,16)(6,13)14(7,10,12)(1,3)",15,2,1.5,False,"5,8(2,11)(4,9,15)(13,16)6(7,14)12-3(10,1)",14,1,5.0,False,9,
201603030305,5,2歳新馬,芝,1200,晴,稍重,12:05,2016-11-12,福島,16,5,10,2014109077,ビートアウト,牝2,54,01140,横山和生,1:15.1,3,12-15,37.7,200.6,16,416(0),01112,[東]田島俊明,895800,Ｂａｓｉｃ,,,,,,,,,,,,"5,8(2,11)(4,15)(9,16)(6,13)14(7,10,12)(1,3)",12,3,1.5,False,"5,8(2,11)(4,9,15)(13,16)6(7,14)12-3(10,1)",15,2,5.0,False,9,
201603030306,6,3歳以上500万下,ダ,1150,晴,重,12:35,2016-11-12,福島,1,1,1,2013105260,ソロダンサー,牝3,52,01149,伴啓太,1:08.0,,1-1,36.6,69.1,15,474(0),01064,[東]武藤善則,808800,Ｇ１レーシング,700.0,,,,,,,,,,,"(*1,2,13)(4,9,16)11(5,12,15)14,10-3,7-(6,8)",1,3,0.0,True,"1,2(4,13)(5,9,11)(16,12)15(10,14)3,7(6,8)",1,1,0.0,False,-12,
201603030306,6,3歳以上500万下,ダ,1150,晴,重,12:35,2016-11-12,福島,2,1,2,2013100991,モズワッショイ,牝3,54,01095,吉田隼人,1:08.3,1.3/4,2-2,36.8,5.6,2,404(0),01113,[西]牧浦充徳,005803,キャピタル・システム,280.0,,,,,,,,,,,"(*1,2,13)(4,9,16)11(5,12,15)14,10-3,7-(6,8)",2,3,0.0,False,"1,2(4,13)(5,9,11)(16,12)15(10,14)3,7(6,8)",2,1,1.5,False,-12,
201603030306,6,3歳以上500万下,ダ,1150,晴,重,12:35,2016-11-12,福島,3,3,5,2013102098,テンプルツリー,牝3,52,01153,木幡初也,1:08.3,クビ,8-5,36.3,18.3,7,450(+4),00341,[東]栗田博憲,849030,山口功一郎,180.0,,,,,,,,,,,"(*1,2,13)(4,9,16)11(5,12,15)14,10-3,7-(6,8)",8,3,0.0,False,"1,2(4,13)(5,9,11)(16,12)15(10,14)3,7(6,8)",5,3,1.5,False,-12,
201603030306,6,3歳以上500万下,ダ,1150,晴,重,12:35,2016-11-12,福島,4,2,3,2013100737,ダンツロビン,牝3,54,01102,北村友一,1:08.6,1.3/4,13-13,35.6,67.5,14,468(+20),01021,[西]池添兼雄,248005,山元哲二,110.0,,,,,,,,,,,"(*1,2,13)(4,9,16)11(5,12,15)14,10-3,7-(6,8)",13,1,5.0,False,"1,2(4,13)(5,9,11)(16,12)15(10,14)3,7(6,8)",13,1,1.5,False,-12,
201603030306,6,3歳以上500万下,ダ,1150,晴,重,12:35,2016-11-12,福島,5,5,10,2013102307,ジュエルメッセージ,牝3,54,01128,川須栄彦,1:08.6,クビ,12-11,36.1,42.8,13,458(0),01117,[西]高野友和,170800,ロードホースクラブ,70.0,,,,,,,,,,,"(*1,2,13)(4,9,16)11(5,12,15)14,10-3,7-(6,8)",12,1,1.5,False,"1,2(4,13)(5,9,11)(16,12)15(10,14)3,7(6,8)",11,2,1.5,False,-12,
201603030306,6,3歳以上500万下,ダ,1150,晴,重,12:35,2016-11-12,福島,6,6,11,2012103583,メイショウタラチネ,牝4,54,01156,加藤祥太,1:08.7,クビ,7-5,36.8,2.3,1,474(-10),01129,[西]高橋義忠,523005,松本好雄,,,,,,,,,,,,"(*1,2,13)(4,9,16)11(5,12,15)14,10-3,7-(6,8)",7,1,0.0,False,"1,2(4,13)(5,9,11)(16,12)15(10,14)3,7(6,8)",5,3,1.5,False,-12,
201603030306,6,3歳以上500万下,ダ,1150,晴,重,12:35,2016-11-12,福島,7,4,8,2012104203,ベストエビデンス,牝4,55,01117,丸田恭介,1:08.8,3/4,15-15,35.2,22.2,8,428(0),00417,[東]土田稔,858800,大塚亮一,,,,,,,,,,,,"(*1,2,13)(4,9,16)11(5,12,15)14,10-3,7-(6,8)",15,2,10.0,False,"1,2(4,13)(5,9,11)(16,12)15(10,14)3,7(6,8)",15,2,3.0,False,-12,
201603030306,6,3歳以上500万下,ダ,1150,晴,重,12:35,2016-11-12,福島,8,4,7,2013103509,メイショウマイカゼ,牝3,53,01157,鮫島克駿,1:08.9,クビ,14-14,35.8,12.8,5,434(-2),00411,[西]浅見秀一,523005,松本好雄,,,,,,,,,,,,"(*1,2,13)(4,9,16)11(5,12,15)14,10-3,7-(6,8)",14,1,6.5,False,"1,2(4,13)(5,9,11)(16,12)15(10,14)3,7(6,8)",14,1,3.0,False,-12,
201603030306,6,3歳以上500万下,ダ,1150,晴,重,12:35,2016-11-12,福島,9,6,12,2012105638,メランコリア,牝4,55,01131,西村太一,1:09.0,3/4,8-8,36.9,9.2,4,486(+8),01131,[東]蛯名利弘,629800,ミルファーム,,,,,,,,,,,,"(*1,2,13)(4,9,16)11(5,12,15)14,10-3,7-(6,8)",8,3,0.0,False,"1,2(4,13)(5,9,11)(16,12)15(10,14)3,7(6,8)",8,2,1.5,False,-12,
201603030306,6,3歳以上500万下,ダ,1150,晴,重,12:35,2016-11-12,福島,10,2,4,2011106585,ヒデノヒロイン,牝5,54,01146,岩崎翼,1:09.2,1.1/2,4-3,37.4,8.3,3,444(+6),01025,[西]佐藤正雄,374009,大石秀夫,,,,,,,,,,,,"(*1,2,13)(4,9,16)11(5,12,15)14,10-3,7-(6,8)",4,3,0.0,False,"1,2(4,13)(5,9,11)(16,12)15(10,14)3,7(6,8)",3,2,1.5,False,-12,
201603030306,6,3歳以上500万下,ダ,1150,晴,重,12:35,2016-11-12,福島,11,8,15,2013103189,シアワセデス,牝3,53,01141,中井裕二,1:09.3,クビ,8-10,37.3,22.7,9,488(0),01138,[西]浜田多実,514008,窪田康志,,,,,,,,,,,,"(*1,2,13)(4,9,16)11(5,12,15)14,10-3,7-(6,8)",8,3,0.0,False,"1,2(4,13)(5,9,11)(16,12)15(10,14)3,7(6,8)",10,1,1.5,False,-12,
201603030306,6,3歳以上500万下,ダ,1150,晴,重,12:35,2016-11-12,福島,12,8,16,2012102367,フロイデシューネル,牝4,55,01038,中谷雄太,1:09.4,3/4,4-8,37.7,236.3,16,512(-4),01077,[東]加藤和宏,851009,岡田牧雄,,,,,,,,,,,,"(*1,2,13)(4,9,16)11(5,12,15)14,10-3,7-(6,8)",4,3,0.0,False,"1,2(4,13)(5,9,11)(16,12)15(10,14)3,7(6,8)",8,2,1.5,False,-12,
201603030306,6,3歳以上500万下,ダ,1150,晴,重,12:35,2016-11-12,福島,13,3,6,2010105167,ボストンビリーヴ,牝6,52,01165,森裕太朗,1:09.4,ハナ,15-15,35.8,27.3,10,450(-2),00397,[西]岩元市三,320800,ボストンホース,,,,,,,,,,,,"(*1,2,13)(4,9,16)11(5,12,15)14,10-3,7-(6,8)",15,2,10.0,False,"1,2(4,13)(5,9,11)(16,12)15(10,14)3,7(6,8)",15,2,3.0,False,-12,
201603030306,6,3歳以上500万下,ダ,1150,晴,重,12:35,2016-11-12,福島,14,5,9,2013100781,イエロースター,牝3,52,01143,原田和真,1:09.5,クビ,4-5,37.8,33.8,11,496(+4),00390,[東]池上昌弘,865800,Ｍ・Ｋｅｎｉｃｈｉホ...,,,,,,,,,,,,"(*1,2,13)(4,9,16)11(5,12,15)14,10-3,7-(6,8)",4,3,0.0,False,"1,2(4,13)(5,9,11)(16,12)15(10,14)3,7(6,8)",5,3,1.5,False,-12,
201603030306,6,3歳以上500万下,ダ,1150,晴,重,12:35,2016-11-12,福島,15,7,14,2012100018,モンサンビアンカ,牝4,55,01118,宮崎北斗,1:09.6,3/4,11-11,37.3,18.0,6,456(+6),01115,[東]菊沢隆徳,919002,山下新一,,,,,,,,,,,,"(*1,2,13)(4,9,16)11(5,12,15)14,10-3,7-(6,8)",11,1,0.0,False,"1,2(4,13)(5,9,11)(16,12)15(10,14)3,7(6,8)",11,2,1.5,False,-12,
201603030306,6,3歳以上500万下,ダ,1150,晴,重,12:35,2016-11-12,福島,16,7,13,2012105554,アンミ,牝4,54,01142,長岡禎仁,1:09.9,1.3/4,2-3,38.4,40.2,12,464(-6),01145,[東]奥村武,473008,武田茂男,,,,,,,,,,,,"(*1,2,13)(4,9,16)11(5,12,15)14,10-3,7-(6,8)",2,3,0.0,False,"1,2(4,13)(5,9,11)(16,12)15(10,14)3,7(6,8)",3,2,1.5,False,-12,
201603030307,7,3歳以上500万下,芝,2600,晴,稍重,13:05,2016-11-12,福島,1,7,10,2013101162,コウキチョウサン,牡3,55,01127,丸山元気,2:43.7,,8-8-7-4,35.6,4.7,3,448(0),01114,[東]和田正一,892800,チョウサン,700.0,"2=1-(6,4)9(3,12)(7,10)-(8,13)11-5",8,2,9.5,False,"2-1(6,4)9(3,12)(7,10)13(8,11)-5",8,2,3.5,False,"2,1(6,4,9)3(12,10)8(7,13,11)5",7,2,1.5,False,"2(1,9)(6,10)3(12,11)(8,7,4)13,5",4,2,0.0,False,8,
201603030307,7,3歳以上500万下,芝,2600,晴,稍重,13:05,2016-11-12,福島,2,2,2,2012103921,ハヤブサライデン,牡4,57,01038,中谷雄太,2:43.9,1.1/2,1-1-1-1,36.4,5.9,4,486(+4),01052,[東]菊川正達,686800,吉田牧場,280.0,"2=1-(6,4)9(3,12)(7,10)-(8,13)11-5",1,1,0.0,False,"2-1(6,4)9(3,12)(7,10)13(8,11)-5",1,1,0.0,False,"2,1(6,4,9)3(12,10)8(7,13,11)5",1,1,0.0,False,"2(1,9)(6,10)3(12,11)(8,7,4)13,5",1,1,0.0,False,8,
201603030307,7,3歳以上500万下,芝,2600,晴,稍重,13:05,2016-11-12,福島,3,6,9,2012104289,キーフォーサクセス,牡4,57,01095,吉田隼人,2:44.0,1/2,5-5-3-2,36.1,4.5,2,450(0),01119,[東]田中剛,415800,社台レースホース,180.0,"2=1-(6,4)9(3,12)(7,10)-(8,13)11-5",5,1,9.5,False,"2-1(6,4)9(3,12)(7,10)13(8,11)-5",5,1,3.5,False,"2,1(6,4,9)3(12,10)8(7,13,11)5",3,3,1.5,False,"2(1,9)(6,10)3(12,11)(8,7,4)13,5",2,2,0.0,False,8,
201603030307,7,3歳以上500万下,芝,2600,晴,稍重,13:05,2016-11-12,福島,4,5,7,2012101326,オンファロス,牝4,53,01153,木幡初也,2:44.2,1.1/2,8-8-10-9,35.9,3.9,1,428(0),01067,[東]久保田貴,122009,村木篤,110.0,"2=1-(6,4)9(3,12)(7,10)-(8,13)11-5",8,2,9.5,False,"2-1(6,4)9(3,12)(7,10)13(8,11)-5",8,2,3.5,False,"2,1(6,4,9)3(12,10)8(7,13,11)5",10,3,1.5,False,"2(1,9)(6,10)3(12,11)(8,7,4)13,5",9,3,0.0,False,8,
201603030307,7,3歳以上500万下,芝,2600,晴,稍重,13:05,2016-11-12,福島,5,8,13,2013102829,ダイチラディウス,牡3,53,01143,原田和真,2:44.3,クビ,10-10-10-12,36.0,7.8,5,450(+4),01143,[東]和田雄二,912800,荻伏服部牧場,70.0,"2=1-(6,4)9(3,12)(7,10)-(8,13)11-5",10,2,13.0,False,"2-1(6,4)9(3,12)(7,10)13(8,11)-5",10,1,3.5,False,"2,1(6,4,9)3(12,10)8(7,13,11)5",10,3,1.5,False,"2(1,9)(6,10)3(12,11)(8,7,4)13,5",12,1,0.0,False,8,
201603030307,7,3歳以上500万下,芝,2600,晴,稍重,13:05,2016-11-12,福島,6,3,3,2011101086,イタリアンフェッテ,牝5,55,01004,西田雄一,2:44.4,1/2,6-6-6-6,36.4,44.0,11,418(+2),01010,[東]中野栄治,247030,芳賀克也,,"2=1-(6,4)9(3,12)(7,10)-(8,13)11-5",6,2,9.5,False,"2-1(6,4)9(3,12)(7,10)13(8,11)-5",6,2,3.5,False,"2,1(6,4,9)3(12,10)8(7,13,11)5",6,1,1.5,False,"2(1,9)(6,10)3(12,11)(8,7,4)13,5",6,1,0.0,False,8,
201603030307,7,3歳以上500万下,芝,2600,晴,稍重,13:05,2016-11-12,福島,7,1,1,2011101751,ドルチェレガート,セ5,56,01156,加藤祥太,2:44.5,3/4,2-2-2-2,36.8,43.7,10,446(0),01012,[東]大江原哲,851009,岡田牧雄,,"2=1-(6,4)9(3,12)(7,10)-(8,13)11-5",2,1,6.0,False,"2-1(6,4)9(3,12)(7,10)13(8,11)-5",2,1,3.5,False,"2,1(6,4,9)3(12,10)8(7,13,11)5",2,1,1.5,False,"2(1,9)(6,10)3(12,11)(8,7,4)13,5",2,2,0.0,False,8,
201603030307,7,3歳以上500万下,芝,2600,晴,稍重,13:05,2016-11-12,福島,8,5,6,2013101201,シャイニーダスト,牡3,55,01091,丹内祐次,2:44.6,3/4,3-3-3-4,36.7,26.6,9,486(-10),00341,[東]栗田博憲,531006,小林昌志,,"2=1-(6,4)9(3,12)(7,10)-(8,13)11-5",3,2,9.5,False,"2-1(6,4)9(3,12)(7,10)13(8,11)-5",3,2,3.5,False,"2,1(6,4,9)3(12,10)8(7,13,11)5",3,3,1.5,False,"2(1,9)(6,10)3(12,11)(8,7,4)13,5",4,2,0.0,False,8,
201603030307,7,3歳以上500万下,芝,2600,晴,稍重,13:05,2016-11-12,福島,9,6,8,2013105332,ジャストコーズ,牡3,55,01144,菱田裕二,2:44.7,クビ,10-11-9-9,36.5,21.4,8,508(-20),01066,[西]岡田稲男,415800,社台レースホース,,"2=1-(6,4)9(3,12)(7,10)-(8,13)11-5",10,2,13.0,False,"2-1(6,4)9(3,12)(7,10)13(8,11)-5",11,2,3.5,False,"2,1(6,4,9)3(12,10)8(7,13,11)5",9,1,1.5,False,"2(1,9)(6,10)3(12,11)(8,7,4)13,5",9,3,0.0,False,8,
201603030307,7,3歳以上500万下,芝,2600,晴,稍重,13:05,2016-11-12,福島,10,7,11,2010105019,ネルトスグアサ,牡6,56,01142,長岡禎仁,2:44.8,3/4,12-11-10-7,36.5,17.9,7,460(+6),01005,[東]小桧山悟,615030,福田光博,,"2=1-(6,4)9(3,12)(7,10)-(8,13)11-5",12,1,13.0,False,"2-1(6,4)9(3,12)(7,10)13(8,11)-5",11,2,3.5,False,"2,1(6,4,9)3(12,10)8(7,13,11)5",10,3,1.5,False,"2(1,9)(6,10)3(12,11)(8,7,4)13,5",7,2,0.0,False,8,
201603030307,7,3歳以上500万下,芝,2600,晴,稍重,13:05,2016-11-12,福島,11,4,4,2013100999,エイム,牡3,54,01157,鮫島克駿,2:45.0,1.1/4,3-3-3-9,37.1,17.5,6,452(+2),01148,[西]西村真幸,542800,ライオンレースホース,,"2=1-(6,4)9(3,12)(7,10)-(8,13)11-5",3,2,9.5,False,"2-1(6,4)9(3,12)(7,10)13(8,11)-5",3,2,3.5,False,"2,1(6,4,9)3(12,10)8(7,13,11)5",3,3,1.5,False,"2(1,9)(6,10)3(12,11)(8,7,4)13,5",9,3,0.0,False,8,
201603030307,7,3歳以上500万下,芝,2600,晴,稍重,13:05,2016-11-12,福島,12,8,12,2013104472,チョンマゲ,牡3,55,01051,嘉藤貴行,2:45.1,クビ,6-6-7-7,37.0,51.1,12,446(-6),01074,[東]奥平雅士,149033,内田玄祥,,"2=1-(6,4)9(3,12)(7,10)-(8,13)11-5",6,2,9.5,False,"2-1(6,4)9(3,12)(7,10)13(8,11)-5",6,2,3.5,False,"2,1(6,4,9)3(12,10)8(7,13,11)5",7,2,1.5,False,"2(1,9)(6,10)3(12,11)(8,7,4)13,5",7,2,0.0,False,8,
201603030307,7,3歳以上500万下,芝,2600,晴,稍重,13:05,2016-11-12,福島,13,4,5,2013106456,ロマンチックドラマ,牝3,52,01146,岩崎翼,2:45.4,1.3/4,13-13-13-13,36.9,120.6,13,452(-12),01040,[西]服部利之,988005,吉田修,,"2=1-(6,4)9(3,12)(7,10)-(8,13)11-5",13,1,16.5,False,"2-1(6,4)9(3,12)(7,10)13(8,11)-5",13,1,7.0,False,"2,1(6,4,9)3(12,10)8(7,13,11)5",13,1,1.5,False,"2(1,9)(6,10)3(12,11)(8,7,4)13,5",13,1,1.5,False,8,
201603030308,8,3歳以上500万下,ダ,1150,晴,重,13:35,2016-11-12,福島,1,3,6,2012103910,ピュアノアール,牝4,53,01149,伴啓太,1:08.4,,3-3,36.8,2.1,1,452(-2),01064,[東]武藤善則,971033,高橋貴士,700.0,,,,,,,,,,,"(*2,7)(3,4,6)-9(12,14)10(1,13,15)5(11,8,16)",3,3,0.0,False,"(*2,7)(3,4,6)9(12,14)10(1,13,15)5(11,8,16)",3,3,0.0,False,-11,
201603030308,8,3歳以上500万下,ダ,1150,晴,重,13:35,2016-11-12,福島,2,2,4,2012103265,トウショウデュエル,牡4,55,01153,木幡初也,1:08.4,クビ,3-3,36.8,9.3,4,506(-2),01008,[東]杉浦宏昭,078800,トウショウ産業,280.0,,,,,,,,,,,"(*2,7)(3,4,6)-9(12,14)10(1,13,15)5(11,8,16)",3,3,0.0,False,"(*2,7)(3,4,6)9(12,14)10(1,13,15)5(11,8,16)",3,3,0.0,False,-11,
201603030308,8,3歳以上500万下,ダ,1150,晴,重,13:35,2016-11-12,福島,3,1,2,2012109095,ジャストザヨコハマ,牡4,56,01146,岩崎翼,1:08.6,1.1/4,1-1,37.2,69.2,11,510(+2),01113,[西]牧浦充徳,097700,ジャスト・タイムクラ...,180.0,,,,,,,,,,,"(*2,7)(3,4,6)-9(12,14)10(1,13,15)5(11,8,16)",1,2,0.0,True,"(*2,7)(3,4,6)9(12,14)10(1,13,15)5(11,8,16)",1,2,0.0,True,-11,
201603030308,8,3歳以上500万下,ダ,1150,晴,重,13:35,2016-11-12,福島,4,4,7,2012101349,ジュエルアラモード,牝4,55,01128,川須栄彦,1:08.7,1/2,2-2,37.3,5.6,2,504(-4),01100,[東]松山将樹,936800,西川礦,110.0,,,,,,,,,,,"(*2,7)(3,4,6)-9(12,14)10(1,13,15)5(11,8,16)",2,2,0.0,False,"(*2,7)(3,4,6)9(12,14)10(1,13,15)5(11,8,16)",2,2,0.0,False,-11,
201603030308,8,3歳以上500万下,ダ,1150,晴,重,13:35,2016-11-12,福島,5,3,5,2013104579,トウショウスレッジ,牡3,54,01143,原田和真,1:08.8,3/4,13-13,36.0,23.8,7,490(0),00341,[東]栗田博憲,078800,トウショウ産業,70.0,,,,,,,,,,,"(*2,7)(3,4,6)-9(12,14)10(1,13,15)5(11,8,16)",13,1,3.5,False,"(*2,7)(3,4,6)9(12,14)10(1,13,15)5(11,8,16)",13,1,0.0,False,-11,
201603030308,8,3歳以上500万下,ダ,1150,晴,重,13:35,2016-11-12,福島,6,8,16,2012101842,バーサーカー,牡4,57,01144,菱田裕二,1:08.8,ハナ,14-14,35.9,7.5,3,500(-4),00395,[西]長浜博之,700006,香川憲次,,,,,,,,,,,,"(*2,7)(3,4,6)-9(12,14)10(1,13,15)5(11,8,16)",14,3,3.5,False,"(*2,7)(3,4,6)9(12,14)10(1,13,15)5(11,8,16)",14,3,0.0,False,-11,
201603030308,8,3歳以上500万下,ダ,1150,晴,重,13:35,2016-11-12,福島,7,8,15,2012105845,メイショウアバラガ,牡4,57,01099,鮫島良太,1:08.9,1/2,10-10,36.3,11.5,6,530(+4),01121,[西]角田晃一,523005,松本好雄,,,,,,,,,,,,"(*2,7)(3,4,6)-9(12,14)10(1,13,15)5(11,8,16)",10,3,3.5,False,"(*2,7)(3,4,6)9(12,14)10(1,13,15)5(11,8,16)",10,3,0.0,False,-11,
201603030308,8,3歳以上500万下,ダ,1150,晴,重,13:35,2016-11-12,福島,8,7,13,2011100679,マチルダ,牝5,55,01038,中谷雄太,1:09.0,クビ,10-10,36.5,131.6,15,454(-8),00396,[西]福島信晴,421005,萩英男,,,,,,,,,,,,"(*2,7)(3,4,6)-9(12,14)10(1,13,15)5(11,8,16)",10,3,3.5,False,"(*2,7)(3,4,6)9(12,14)10(1,13,15)5(11,8,16)",10,3,0.0,False,-11,
201603030308,8,3歳以上500万下,ダ,1150,晴,重,13:35,2016-11-12,福島,9,5,9,2009105485,スカイアクセス,セ7,56,01156,加藤祥太,1:09.0,ハナ,6-6,37.0,94.0,14,536(+2),00353,[東]和田正道,251800,和田牧場,,,,,,,,,,,,"(*2,7)(3,4,6)-9(12,14)10(1,13,15)5(11,8,16)",6,1,3.5,False,"(*2,7)(3,4,6)9(12,14)10(1,13,15)5(11,8,16)",6,1,0.0,False,-11,
201603030308,8,3歳以上500万下,ダ,1150,晴,重,13:35,2016-11-12,福島,10,7,14,2013100997,ラッキーポイント,牡3,56,01127,丸山元気,1:09.0,ハナ,7-7,36.8,29.0,8,472(+4),01029,[東]根本康広,096006,村山忠弘,,,,,,,,,,,,"(*2,7)(3,4,6)-9(12,14)10(1,13,15)5(11,8,16)",7,2,3.5,False,"(*2,7)(3,4,6)9(12,14)10(1,13,15)5(11,8,16)",7,2,0.0,False,-11,
201603030308,8,3歳以上500万下,ダ,1150,晴,重,13:35,2016-11-12,福島,11,4,8,2011105627,トウカイマインド,牝5,55,01140,横山和生,1:09.0,クビ,14-14,36.0,41.1,10,464(-2),01063,[東]的場均,695004,内村正則,,,,,,,,,,,,"(*2,7)(3,4,6)-9(12,14)10(1,13,15)5(11,8,16)",14,3,3.5,False,"(*2,7)(3,4,6)9(12,14)10(1,13,15)5(11,8,16)",14,3,0.0,False,-11,
201603030308,8,3歳以上500万下,ダ,1150,晴,重,13:35,2016-11-12,福島,12,6,12,2013100046,マザックヤース,牝3,54,01117,丸田恭介,1:09.1,クビ,7-7,36.9,84.1,12,440(-2),01118,[東]高柳瑞樹,303030,山崎泰博,,,,,,,,,,,,"(*2,7)(3,4,6)-9(12,14)10(1,13,15)5(11,8,16)",7,2,3.5,False,"(*2,7)(3,4,6)9(12,14)10(1,13,15)5(11,8,16)",7,2,0.0,False,-11,
201603030308,8,3歳以上500万下,ダ,1150,晴,重,13:35,2016-11-12,福島,13,2,3,2012103557,ゴールドエッグ,牡4,57,00629,木幡初広,1:09.4,2,3-3,37.8,10.5,5,498(+4),00420,[東]宗像義忠,639009,鈴木芳夫,,,,,,,,,,,,"(*2,7)(3,4,6)-9(12,14)10(1,13,15)5(11,8,16)",3,3,0.0,False,"(*2,7)(3,4,6)9(12,14)10(1,13,15)5(11,8,16)",3,3,0.0,False,-11,
201603030308,8,3歳以上500万下,ダ,1150,晴,重,13:35,2016-11-12,福島,14,5,10,2013100435,カシノアーニング,牡3,56,01049,二本柳壮,1:09.5,クビ,9-9,37.1,36.1,9,442(-4),00370,[東]二本柳俊,514009,柏木務,,,,,,,,,,,,"(*2,7)(3,4,6)-9(12,14)10(1,13,15)5(11,8,16)",9,1,3.5,False,"(*2,7)(3,4,6)9(12,14)10(1,13,15)5(11,8,16)",9,1,0.0,False,-11,
201603030308,8,3歳以上500万下,ダ,1150,晴,重,13:35,2016-11-12,福島,15,1,1,2013102259,シゲルムロアジ,牡3,55,01142,長岡禎仁,1:09.6,1/2,10-10,37.1,86.7,13,488(-2),00356,[西]坂口正則,674004,森中蕃,,,,,,,,,,,,"(*2,7)(3,4,6)-9(12,14)10(1,13,15)5(11,8,16)",10,3,3.5,False,"(*2,7)(3,4,6)9(12,14)10(1,13,15)5(11,8,16)",10,3,0.0,False,-11,
201603030308,8,3歳以上500万下,ダ,1150,晴,重,13:35,2016-11-12,福島,16,6,11,2012102676,キザシ,牡4,57,01051,嘉藤貴行,1:10.4,5,14-14,37.5,219.2,16,468(+10),01005,[東]小桧山悟,616800,フジワラ・ファーム,,,,,,,,,,,,"(*2,7)(3,4,6)-9(12,14)10(1,13,15)5(11,8,16)",14,3,3.5,False,"(*2,7)(3,4,6)9(12,14)10(1,13,15)5(11,8,16)",14,3,0.0,False,-11,
201603030309,9,3歳以上500万下,芝,1200,晴,稍重,14:10,2016-11-12,福島,1,3,5,2013103801,ニシノラディアント,牡3,56,01102,北村友一,1:10.1,,8-7,34.7,10.9,5,476(-3),01078,[西]北出成人,897009,西山茂行,700.0,,,,,,,,,,,"(*16,8)(2,10)(4,13,9)(1,5)(7,11)-(15,14)(3,6)12",8,2,0.0,False,"(*16,8)10(2,13)4(1,5,9)(7,11)(15,14)3,6-12",7,3,0.0,False,7,
201603030309,9,3歳以上500万下,芝,1200,晴,稍重,14:10,2016-11-12,福島,2,2,3,2012104181,キッズライトオン,牡4,57,01144,菱田裕二,1:10.2,3/4,14-14,34.1,14.4,7,430(+6),01009,[西]田所秀孝,775006,瀬谷隆雄,280.0,,,,,,,,,,,"(*16,8)(2,10)(4,13,9)(1,5)(7,11)-(15,14)(3,6)12",14,2,3.5,False,"(*16,8)10(2,13)4(1,5,9)(7,11)(15,14)3,6-12",14,1,0.0,False,7,
201603030309,9,3歳以上500万下,芝,1200,晴,稍重,14:10,2016-11-12,福島,3,3,6,2012102557,ジャミールカズマ,牡4,54,01165,森裕太朗,1:10.3,3/4,14-15,34.2,61.2,12,484(-4),01016,[西]西浦勝一,879800,雅苑興業,180.0,,,,,,,,,,,"(*16,8)(2,10)(4,13,9)(1,5)(7,11)-(15,14)(3,6)12",14,2,3.5,False,"(*16,8)10(2,13)4(1,5,9)(7,11)(15,14)3,6-12",15,1,1.5,False,7,
201603030309,9,3歳以上500万下,芝,1200,晴,稍重,14:10,2016-11-12,福島,4,4,7,2013105446,ホウオウマリリン,牝3,54,01117,丸田恭介,1:10.3,アタマ,10-10,34.8,6.4,2,396(-2),01145,[東]奥村武,906033,小笹芳央,110.0,,,,,,,,,,,"(*16,8)(2,10)(4,13,9)(1,5)(7,11)-(15,14)(3,6)12",10,2,0.0,False,"(*16,8)10(2,13)4(1,5,9)(7,11)(15,14)3,6-12",10,2,0.0,False,7,
201603030309,9,3歳以上500万下,芝,1200,晴,稍重,14:10,2016-11-12,福島,5,8,15,2013103941,グリニッチヴィレジ,牝3,53,01142,長岡禎仁,1:10.5,1.1/4,12-12,34.7,114.0,16,434(-6),01051,[東]岩戸孝樹,878800,コロンバスサークル,70.0,,,,,,,,,,,"(*16,8)(2,10)(4,13,9)(1,5)(7,11)-(15,14)(3,6)12",12,2,3.5,False,"(*16,8)10(2,13)4(1,5,9)(7,11)(15,14)3,6-12",12,2,0.0,False,7,
201603030309,9,3歳以上500万下,芝,1200,晴,稍重,14:10,2016-11-12,福島,6,2,4,2012106382,クリノスイートピー,牝4,53,01149,伴啓太,1:10.5,ハナ,5-6,35.2,15.7,8,442(-10),01030,[東]星野忍,488007,栗本守,,,,,,,,,,,,"(*16,8)(2,10)(4,13,9)(1,5)(7,11)-(15,14)(3,6)12",5,3,0.0,False,"(*16,8)10(2,13)4(1,5,9)(7,11)(15,14)3,6-12",6,1,0.0,False,7,
201603030309,9,3歳以上500万下,芝,1200,晴,稍重,14:10,2016-11-12,福島,7,7,14,2012102271,シベリアンマッシブ,牡4,55,01153,木幡初也,1:10.5,アタマ,12-12,34.7,16.5,9,476(0),01108,[東]矢野英一,491030,藤田在子,,,,,,,,,,,,"(*16,8)(2,10)(4,13,9)(1,5)(7,11)-(15,14)(3,6)12",12,2,3.5,False,"(*16,8)10(2,13)4(1,5,9)(7,11)(15,14)3,6-12",12,2,0.0,False,7,
201603030309,9,3歳以上500万下,芝,1200,晴,稍重,14:10,2016-11-12,福島,8,1,1,2013102827,コリーナ,牝3,54,01051,嘉藤貴行,1:10.5,ハナ,8-7,35.1,13.5,6,434(-6),01127,[東]栗田徹,849030,山口功一郎,,,,,,,,,,,,"(*16,8)(2,10)(4,13,9)(1,5)(7,11)-(15,14)(3,6)12",8,2,0.0,False,"(*16,8)10(2,13)4(1,5,9)(7,11)(15,14)3,6-12",7,3,0.0,False,7,
201603030309,9,3歳以上500万下,芝,1200,晴,稍重,14:10,2016-11-12,福島,9,8,16,2012103026,ノミネーション,牡4,57,01038,中谷雄太,1:10.5,ハナ,1-1,35.7,18.9,10,464(-2),01075,[西]矢作芳人,248030,石川達絵,,,,,,,,,,,,"(*16,8)(2,10)(4,13,9)(1,5)(7,11)-(15,14)(3,6)12",1,2,0.0,True,"(*16,8)10(2,13)4(1,5,9)(7,11)(15,14)3,6-12",1,2,0.0,True,7,
201603030309,9,3歳以上500万下,芝,1200,晴,稍重,14:10,2016-11-12,福島,10,7,13,2011106427,ベルリネッタ,牡5,57,01127,丸山元気,1:10.7,1.1/4,5-4,35.5,9.0,4,456(0),01010,[東]中野栄治,474008,大久保和夫,,,,,,,,,,,,"(*16,8)(2,10)(4,13,9)(1,5)(7,11)-(15,14)(3,6)12",5,3,0.0,False,"(*16,8)10(2,13)4(1,5,9)(7,11)(15,14)3,6-12",4,2,0.0,False,7,
201603030309,9,3歳以上500万下,芝,1200,晴,稍重,14:10,2016-11-12,福島,11,1,2,2012105157,プラチナコード,牡4,57,01128,川須栄彦,1:10.8,クビ,3-4,35.7,2.9,1,514(+18),00425,[西]加用正,547800,ヒダカ・ブリーダーズ...,,,,,,,,,,,,"(*16,8)(2,10)(4,13,9)(1,5)(7,11)-(15,14)(3,6)12",3,2,0.0,False,"(*16,8)10(2,13)4(1,5,9)(7,11)(15,14)3,6-12",4,2,0.0,False,7,
201603030309,9,3歳以上500万下,芝,1200,晴,稍重,14:10,2016-11-12,福島,12,6,12,2012105259,ゴールドウィング,牝4,55,01108,的場勇人,1:10.8,クビ,16-16,34.6,40.4,11,438(-5),01063,[東]的場均,675030,林正道,,,,,,,,,,,,"(*16,8)(2,10)(4,13,9)(1,5)(7,11)-(15,14)(3,6)12",16,1,3.5,False,"(*16,8)10(2,13)4(1,5,9)(7,11)(15,14)3,6-12",16,1,5.0,False,7,
201603030309,9,3歳以上500万下,芝,1200,晴,稍重,14:10,2016-11-12,福島,13,6,11,2011103773,プライマリーコード,牝5,54,01157,鮫島克駿,1:11.0,1,10-10,35.5,6.6,3,490(0),00429,[西]佐々木晶,486800,キャロットファーム,,,,,,,,,,,,"(*16,8)(2,10)(4,13,9)(1,5)(7,11)-(15,14)(3,6)12",10,2,0.0,False,"(*16,8)10(2,13)4(1,5,9)(7,11)(15,14)3,6-12",10,2,0.0,False,7,
201603030309,9,3歳以上500万下,芝,1200,晴,稍重,14:10,2016-11-12,福島,14,4,8,2010105871,ケントヒーロー,牡6,55,01143,原田和真,1:11.1,1/2,2-2,36.2,96.3,14,492(+10),00437,[東]南田美知,307033,田畑富子,,,,,,,,,,,,"(*16,8)(2,10)(4,13,9)(1,5)(7,11)-(15,14)(3,6)12",2,2,0.0,False,"(*16,8)10(2,13)4(1,5,9)(7,11)(15,14)3,6-12",2,2,0.0,False,7,
201603030309,9,3歳以上500万下,芝,1200,晴,稍重,14:10,2016-11-12,福島,15,5,9,2013101866,クラウンスカイ,牡3,56,01140,横山和生,1:11.1,ハナ,5-7,35.8,96.9,15,456(+22),01125,[東]小野次郎,826800,クラウン,,,,,,,,,,,,"(*16,8)(2,10)(4,13,9)(1,5)(7,11)-(15,14)(3,6)12",5,3,0.0,False,"(*16,8)10(2,13)4(1,5,9)(7,11)(15,14)3,6-12",7,3,0.0,False,7,
201603030309,9,3歳以上500万下,芝,1200,晴,稍重,14:10,2016-11-12,福島,16,5,10,2012105070,メイショウフライキ,牝4,55,01099,鮫島良太,1:11.2,クビ,3-3,36.2,86.0,13,442(-2),01139,[西]飯田祐史,523005,松本好雄,,,,,,,,,,,,"(*16,8)(2,10)(4,13,9)(1,5)(7,11)-(15,14)(3,6)12",3,2,0.0,False,"(*16,8)10(2,13)4(1,5,9)(7,11)(15,14)3,6-12",3,1,0.0,False,7,
201603030310,10,三春駒特別(1勝),芝,2000,晴,稍重,14:45,2016-11-12,福島,1,5,7,2013101249,ウインテンダネス,牡3,55,01144,菱田裕二,2:03.1,,6-7-4-5,35.7,8.4,4,498(0),01157,[西]杉山晴紀,494800,ウイン,999.0,"10,13(3,8,12)(1,7)(2,5)(4,11)6,9-14",6,2,1.5,False,"10,13(3,12)(8,9)(1,7)(2,5,11)(4,6)14",7,2,1.5,False,"9(13,12)(10,3,7,11)8(1,5)(4,2,6)14",4,4,0.0,False,"9,13(10,12)(3,7,11)(1,8)6(4,5)14-2",5,3,1.5,False,7,
201603030310,10,三春駒特別(1勝),芝,2000,晴,稍重,14:45,2016-11-12,福島,2,7,12,2013105807,エフティスパークル,牡3,55,01095,吉田隼人,2:03.1,クビ,3-3-2-3,35.9,2.2,1,442(0),01097,[東]鹿戸雄一,034030,吉野英子,394.0,"10,13(3,8,12)(1,7)(2,5)(4,11)6,9-14",3,3,1.5,False,"10,13(3,12)(8,9)(1,7)(2,5,11)(4,6)14",3,2,1.5,False,"9(13,12)(10,3,7,11)8(1,5)(4,2,6)14",2,2,0.0,False,"9,13(10,12)(3,7,11)(1,8)6(4,5)14-2",3,2,1.5,False,7,
201603030310,10,三春駒特別(1勝),芝,2000,晴,稍重,14:45,2016-11-12,福島,3,3,3,2013101793,ヤマニンリュウセイ,牡3,55,01102,北村友一,2:03.1,ハナ,3-3-4-5,35.7,10.6,5,462(-2),00341,[東]栗田博憲,329004,土井肇,247.0,"10,13(3,8,12)(1,7)(2,5)(4,11)6,9-14",3,3,1.5,False,"10,13(3,12)(8,9)(1,7)(2,5,11)(4,6)14",3,2,1.5,False,"9(13,12)(10,3,7,11)8(1,5)(4,2,6)14",4,4,0.0,False,"9,13(10,12)(3,7,11)(1,8)6(4,5)14-2",5,3,1.5,False,7,
201603030310,10,三春駒特別(1勝),芝,2000,晴,稍重,14:45,2016-11-12,福島,4,4,6,2011105232,ヴァンデミエール,牝5,55,01119,伊藤工真,2:03.2,クビ,12-12-11-10,35.2,16.7,6,444(+2),01109,[東]伊藤大士,629800,ミルファーム,117.5,"10,13(3,8,12)(1,7)(2,5)(4,11)6,9-14",12,1,1.5,False,"10,13(3,12)(8,9)(1,7)(2,5,11)(4,6)14",12,2,1.5,False,"9(13,12)(10,3,7,11)8(1,5)(4,2,6)14",11,3,0.0,False,"9,13(10,12)(3,7,11)(1,8)6(4,5)14-2",10,1,1.5,False,7,
201603030310,10,三春駒特別(1勝),芝,2000,晴,稍重,14:45,2016-11-12,福島,4,6,9,2010109118,グリーンラヴ,牡6,57,01038,中谷雄太,2:03.2,同着,13-5-1-1,36.1,18.6,7,472(-2),00261,[西]中村均,148800,グリーンファーム,117.5,"10,13(3,8,12)(1,7)(2,5)(4,11)6,9-14",13,1,3.0,False,"10,13(3,12)(8,9)(1,7)(2,5,11)(4,6)14",5,2,1.5,False,"9(13,12)(10,3,7,11)8(1,5)(4,2,6)14",1,1,0.0,False,"9,13(10,12)(3,7,11)(1,8)6(4,5)14-2",1,1,0.0,False,7,
201603030310,10,三春駒特別(1勝),芝,2000,晴,稍重,14:45,2016-11-12,福島,6,3,4,2013100647,カラビナ,牡3,55,01156,加藤祥太,2:03.3,3/4,10-12-11-11,35.3,5.9,2,518(+12),01062,[西]藤岡健一,003060,Ｈ．Ｈ．シェイク・モ...,,"10,13(3,8,12)(1,7)(2,5)(4,11)6,9-14",10,2,1.5,False,"10,13(3,12)(8,9)(1,7)(2,5,11)(4,6)14",12,2,1.5,False,"9(13,12)(10,3,7,11)8(1,5)(4,2,6)14",11,3,0.0,False,"9,13(10,12)(3,7,11)(1,8)6(4,5)14-2",11,2,1.5,False,7,
201603030310,10,三春駒特別(1勝),芝,2000,晴,稍重,14:45,2016-11-12,福島,7,8,14,2013100555,ラッシュアワー,牡3,55,01117,丸田恭介,2:03.4,1/2,14-14-14-13,35.2,6.8,3,496(+8),01126,[東]木村哲也,003060,Ｈ．Ｈ．シェイク・モ...,,"10,13(3,8,12)(1,7)(2,5)(4,11)6,9-14",14,1,6.5,False,"10,13(3,12)(8,9)(1,7)(2,5,11)(4,6)14",14,1,1.5,False,"9(13,12)(10,3,7,11)8(1,5)(4,2,6)14",14,1,0.0,False,"9,13(10,12)(3,7,11)(1,8)6(4,5)14-2",13,1,1.5,False,7,
201603030310,10,三春駒特別(1勝),芝,2000,晴,稍重,14:45,2016-11-12,福島,8,5,8,2013101844,ミトノグラス,牡3,55,01157,鮫島克駿,2:03.6,1.1/2,3-5-8-8,36.0,20.3,8,480(+8),01065,[西]大橋勇樹,018700,ロイヤルパーク,,"10,13(3,8,12)(1,7)(2,5)(4,11)6,9-14",3,3,1.5,False,"10,13(3,12)(8,9)(1,7)(2,5,11)(4,6)14",5,2,1.5,False,"9(13,12)(10,3,7,11)8(1,5)(4,2,6)14",8,1,0.0,False,"9,13(10,12)(3,7,11)(1,8)6(4,5)14-2",8,2,1.5,False,7,
201603030310,10,三春駒特別(1勝),芝,2000,晴,稍重,14:45,2016-11-12,福島,9,8,13,2011104232,カレングランブルー,牡5,57,01099,鮫島良太,2:03.8,1.1/4,2-2-2-2,36.6,32.2,9,448(0),00438,[西]安田隆行,869006,鈴木隆司,,"10,13(3,8,12)(1,7)(2,5)(4,11)6,9-14",2,1,1.5,False,"10,13(3,12)(8,9)(1,7)(2,5,11)(4,6)14",2,1,1.5,False,"9(13,12)(10,3,7,11)8(1,5)(4,2,6)14",2,2,0.0,False,"9,13(10,12)(3,7,11)(1,8)6(4,5)14-2",2,1,1.5,False,7,
201603030310,10,三春駒特別(1勝),芝,2000,晴,稍重,14:45,2016-11-12,福島,10,1,1,2012104050,レジメンタル,牡4,57,01127,丸山元気,2:03.8,ハナ,6-7-9-8,36.1,37.0,10,448(+4),00411,[西]浅見秀一,808800,Ｇ１レーシング,,"10,13(3,8,12)(1,7)(2,5)(4,11)6,9-14",6,2,1.5,False,"10,13(3,12)(8,9)(1,7)(2,5,11)(4,6)14",7,2,1.5,False,"9(13,12)(10,3,7,11)8(1,5)(4,2,6)14",9,2,0.0,False,"9,13(10,12)(3,7,11)(1,8)6(4,5)14-2",8,2,1.5,False,7,
201603030310,10,三春駒特別(1勝),芝,2000,晴,稍重,14:45,2016-11-12,福島,11,7,11,2011104222,レッドグルック,牡5,57,01134,嶋田純次,2:03.9,1/2,10-9-4-5,36.4,73.3,13,502(+10),01038,[東]手塚貴久,180800,東京ホースレーシング,,"10,13(3,8,12)(1,7)(2,5)(4,11)6,9-14",10,2,1.5,False,"10,13(3,12)(8,9)(1,7)(2,5,11)(4,6)14",9,3,1.5,False,"9(13,12)(10,3,7,11)8(1,5)(4,2,6)14",4,4,0.0,False,"9,13(10,12)(3,7,11)(1,8)6(4,5)14-2",5,3,1.5,False,7,
201603030310,10,三春駒特別(1勝),芝,2000,晴,稍重,14:45,2016-11-12,福島,12,6,10,2013110029,プールアンレーヴ,牡3,55,01091,丹内祐次,2:03.9,アタマ,1-1-4-3,36.5,193.7,14,472(+6),01097,[東]鹿戸雄一,546800,サラブレッドクラブ・...,,"10,13(3,8,12)(1,7)(2,5)(4,11)6,9-14",1,1,0.0,False,"10,13(3,12)(8,9)(1,7)(2,5,11)(4,6)14",1,1,0.0,False,"9(13,12)(10,3,7,11)8(1,5)(4,2,6)14",4,4,0.0,False,"9,13(10,12)(3,7,11)(1,8)6(4,5)14-2",3,2,1.5,False,7,
201603030310,10,三春駒特別(1勝),芝,2000,晴,稍重,14:45,2016-11-12,福島,13,4,5,2013100464,シンボリラパス,牡3,55,00629,木幡初広,2:04.0,1/2,8-9-9-11,36.3,47.4,12,480(+6),01052,[東]菊川正達,431800,シンボリ牧場,,"10,13(3,8,12)(1,7)(2,5)(4,11)6,9-14",8,2,1.5,False,"10,13(3,12)(8,9)(1,7)(2,5,11)(4,6)14",9,3,1.5,False,"9(13,12)(10,3,7,11)8(1,5)(4,2,6)14",9,2,0.0,False,"9,13(10,12)(3,7,11)(1,8)6(4,5)14-2",11,2,1.5,False,7,
201603030310,10,三春駒特別(1勝),芝,2000,晴,稍重,14:45,2016-11-12,福島,14,2,2,2013106214,フィールドシャルム,牡3,55,01140,横山和生,2:04.1,3/4,8-9-11-14,36.1,37.7,11,482(-8),00417,[東]土田稔,370008,岡浩二,,"10,13(3,8,12)(1,7)(2,5)(4,11)6,9-14",8,2,1.5,False,"10,13(3,12)(8,9)(1,7)(2,5,11)(4,6)14",9,3,1.5,False,"9(13,12)(10,3,7,11)8(1,5)(4,2,6)14",11,3,0.0,False,"9,13(10,12)(3,7,11)(1,8)6(4,5)14-2",14,1,5.0,False,7,
201603030311,11,福島放送賞(2勝),ダ,1700,晴,重,15:20,2016-11-12,福島,1,5,9,2012101895,トミケンシャルゴー,牡4,57,01153,木幡初也,1:44.6,,8-9-5-6,37.8,8.5,4,514(+6),01089,[東]武市康男,901007,冨樫賢二,"1,441.3","(*3,5)6,11(1,12)13(9,8,14)2,10,4,15   7",8,3,1.5,False,"3(5,6)(1,11)(2,12,13)(9,14)(4,10,8)15   7",9,2,0.0,False,"(*3,5)(6,11)(2,1,9,13)(4,12,14,8)15   10,7",5,4,0.0,False,"(*3,5,11)(2,6)(1,9)4(12,13,8)(14,15)   10,7",6,2,0.0,False,-10,
201603030311,11,福島放送賞(2勝),ダ,1700,晴,重,15:20,2016-11-12,福島,2,2,3,2013100711,ナムラミラクル,牡3,55,01102,北村友一,1:44.8,1.1/4,1-1-1-1,38.4,12.5,6,464(+2),01157,[西]杉山晴紀,945004,奈村信重,571.8,"(*3,5)6,11(1,12)13(9,8,14)2,10,4,15   7",1,2,0.0,True,"3(5,6)(1,11)(2,12,13)(9,14)(4,10,8)15   7",1,1,0.0,False,"(*3,5)(6,11)(2,1,9,13)(4,12,14,8)15   10,7",1,2,0.0,True,"(*3,5,11)(2,6)(1,9)4(12,13,8)(14,15)   10,7",1,3,0.0,True,-10,
201603030311,11,福島放送賞(2勝),ダ,1700,晴,重,15:20,2016-11-12,福島,3,3,4,2011103078,ダイチヴュルデ,牡5,57,01128,川須栄彦,1:45.2,2.1/2,13-11-9-8,38.2,38.4,12,452(-4),01131,[東]蛯名利弘,912800,荻伏服部牧場,355.9,"(*3,5)6,11(1,12)13(9,8,14)2,10,4,15   7",13,1,4.5,False,"3(5,6)(1,11)(2,12,13)(9,14)(4,10,8)15   7",11,3,0.0,False,"(*3,5)(6,11)(2,1,9,13)(4,12,14,8)15   10,7",9,4,0.0,False,"(*3,5,11)(2,6)(1,9)4(12,13,8)(14,15)   10,7",8,1,0.0,False,-10,
201603030311,11,福島放送賞(2勝),ダ,1700,晴,重,15:20,2016-11-12,福島,4,8,15,2013105264,インザバブル,牡3,55,01117,丸田恭介,1:45.3,1/2,14-14-13-12,38.1,4.9,2,494(-4),01116,[東]新開幸一,808800,Ｇ１レーシング,210.0,"(*3,5)6,11(1,12)13(9,8,14)2,10,4,15   7",14,1,6.0,False,"3(5,6)(1,11)(2,12,13)(9,14)(4,10,8)15   7",14,1,0.0,False,"(*3,5)(6,11)(2,1,9,13)(4,12,14,8)15   10,7",13,1,0.0,False,"(*3,5,11)(2,6)(1,9)4(12,13,8)(14,15)   10,7",12,2,0.0,False,-10,
201603030311,11,福島放送賞(2勝),ダ,1700,晴,重,15:20,2016-11-12,福島,5,1,1,2011105107,クールオープニング,牡5,57,01157,鮫島克駿,1:45.6,1.1/2,5-4-5-6,38.9,22.7,9,464(+6),01154,[西]橋口慎介,041002,前田晋二,140.0,"(*3,5)6,11(1,12)13(9,8,14)2,10,4,15   7",5,2,1.5,False,"3(5,6)(1,11)(2,12,13)(9,14)(4,10,8)15   7",4,2,0.0,False,"(*3,5)(6,11)(2,1,9,13)(4,12,14,8)15   10,7",5,4,0.0,False,"(*3,5,11)(2,6)(1,9)4(12,13,8)(14,15)   10,7",6,2,0.0,False,-10,
201603030311,11,福島放送賞(2勝),ダ,1700,晴,重,15:20,2016-11-12,福島,6,2,2,2011103400,コスモラヴモア,牡5,57,01091,丹内祐次,1:45.6,ハナ,11-6-5-4,38.9,35.0,11,500(-2),01026,[東]鈴木伸尋,716800,ビッグレッドファーム,,"(*3,5)6,11(1,12)13(9,8,14)2,10,4,15   7",11,1,1.5,False,"3(5,6)(1,11)(2,12,13)(9,14)(4,10,8)15   7",6,3,0.0,False,"(*3,5)(6,11)(2,1,9,13)(4,12,14,8)15   10,7",5,4,0.0,False,"(*3,5,11)(2,6)(1,9)4(12,13,8)(14,15)   10,7",4,2,0.0,False,-10,
201603030311,11,福島放送賞(2勝),ダ,1700,晴,重,15:20,2016-11-12,福島,7,6,11,2012100285,レッツゴースター,牡4,57,01051,嘉藤貴行,1:45.6,クビ,4-4-3-2,39.1,16.9,7,462(0),01124,[東]大和田成,895800,Ｂａｓｉｃ,,"(*3,5)6,11(1,12)13(9,8,14)2,10,4,15   7",4,1,1.5,False,"3(5,6)(1,11)(2,12,13)(9,14)(4,10,8)15   7",4,2,0.0,False,"(*3,5)(6,11)(2,1,9,13)(4,12,14,8)15   10,7",3,2,0.0,False,"(*3,5,11)(2,6)(1,9)4(12,13,8)(14,15)   10,7",2,3,0.0,False,-10,
201603030311,11,福島放送賞(2勝),ダ,1700,晴,重,15:20,2016-11-12,福島,8,7,12,2012102921,メイプルレインボー,牡4,57,01142,長岡禎仁,1:45.7,クビ,5-6-9-9,38.7,2.7,1,506(0),01014,[東]高市圭二,390002,節英司,,"(*3,5)6,11(1,12)13(9,8,14)2,10,4,15   7",5,2,1.5,False,"3(5,6)(1,11)(2,12,13)(9,14)(4,10,8)15   7",6,3,0.0,False,"(*3,5)(6,11)(2,1,9,13)(4,12,14,8)15   10,7",9,4,0.0,False,"(*3,5,11)(2,6)(1,9)4(12,13,8)(14,15)   10,7",9,3,0.0,False,-10,
201603030311,11,福島放送賞(2勝),ダ,1700,晴,重,15:20,2016-11-12,福島,9,8,14,2013101292,ラテールプロミーズ,牡3,55,01144,菱田裕二,1:45.9,1.1/4,8-9-9-12,38.9,12.3,5,508(-10),01027,[東]田村康仁,013803,ディアレストクラブ,,"(*3,5)6,11(1,12)13(9,8,14)2,10,4,15   7",8,3,1.5,False,"3(5,6)(1,11)(2,12,13)(9,14)(4,10,8)15   7",9,2,0.0,False,"(*3,5)(6,11)(2,1,9,13)(4,12,14,8)15   10,7",9,4,0.0,False,"(*3,5,11)(2,6)(1,9)4(12,13,8)(14,15)   10,7",12,2,0.0,False,-10,
201603030311,11,福島放送賞(2勝),ダ,1700,晴,重,15:20,2016-11-12,福島,10,4,6,2011103423,サクセスラディウス,牡5,57,00629,木幡初広,1:46.2,2,3-2-3-4,39.7,25.5,10,512(0),01106,[東]牧光二,361030,高嶋祐子,,"(*3,5)6,11(1,12)13(9,8,14)2,10,4,15   7",3,1,0.0,False,"3(5,6)(1,11)(2,12,13)(9,14)(4,10,8)15   7",2,2,0.0,False,"(*3,5)(6,11)(2,1,9,13)(4,12,14,8)15   10,7",3,2,0.0,False,"(*3,5,11)(2,6)(1,9)4(12,13,8)(14,15)   10,7",4,2,0.0,False,-10,
201603030311,11,福島放送賞(2勝),ダ,1700,晴,重,15:20,2016-11-12,福島,11,7,13,2010100895,エイヴィアンボス,牡6,57,01156,加藤祥太,1:46.3,クビ,7-6-5-9,39.6,88.6,13,540(+4),01154,[西]橋口慎介,836008,桑畑隆信,,"(*3,5)6,11(1,12)13(9,8,14)2,10,4,15   7",7,1,1.5,False,"3(5,6)(1,11)(2,12,13)(9,14)(4,10,8)15   7",6,3,0.0,False,"(*3,5)(6,11)(2,1,9,13)(4,12,14,8)15   10,7",5,4,0.0,False,"(*3,5,11)(2,6)(1,9)4(12,13,8)(14,15)   10,7",9,3,0.0,False,-10,
201603030311,11,福島放送賞(2勝),ダ,1700,晴,重,15:20,2016-11-12,福島,12,3,5,2010102288,バイタルフォルム,牡6,57,01095,吉田隼人,1:46.5,1.1/4,2-2-2-2,40.1,92.6,14,494(-8),01116,[東]新開幸一,013803,ディアレストクラブ,,"(*3,5)6,11(1,12)13(9,8,14)2,10,4,15   7",2,2,0.0,False,"3(5,6)(1,11)(2,12,13)(9,14)(4,10,8)15   7",2,2,0.0,False,"(*3,5)(6,11)(2,1,9,13)(4,12,14,8)15   10,7",2,2,0.0,False,"(*3,5,11)(2,6)(1,9)4(12,13,8)(14,15)   10,7",2,3,0.0,False,-10,
201603030311,11,福島放送賞(2勝),ダ,1700,晴,重,15:20,2016-11-12,福島,13,5,8,2010110050,ゴドリー,牡6,57,01127,丸山元気,1:47.4,5,8-11-9-9,40.4,7.5,3,516(-4),01147,[東]武井亮,675030,林正道,,"(*3,5)6,11(1,12)13(9,8,14)2,10,4,15   7",8,3,1.5,False,"3(5,6)(1,11)(2,12,13)(9,14)(4,10,8)15   7",11,3,0.0,False,"(*3,5)(6,11)(2,1,9,13)(4,12,14,8)15   10,7",9,4,0.0,False,"(*3,5,11)(2,6)(1,9)4(12,13,8)(14,15)   10,7",9,3,0.0,False,-10,
201603030311,11,福島放送賞(2勝),ダ,1700,晴,重,15:20,2016-11-12,福島,除,4,7,2012104780,ディグニファイド,牡4,57,01038,中谷雄太,,,,,---,,532(+10),01151,[西]斉藤崇史,506800,シルクレーシング,,"(*3,5)6,11(1,12)13(9,8,14)2,10,4,15   7",15,1,12.0,False,"3(5,6)(1,11)(2,12,13)(9,14)(4,10,8)15   7",15,1,6.0,False,"(*3,5)(6,11)(2,1,9,13)(4,12,14,8)15   10,7",15,1,7.5,False,"(*3,5,11)(2,6)(1,9)4(12,13,8)(14,15)   10,7",15,1,7.5,False,-10,
201603030311,11,福島放送賞(2勝),ダ,1700,晴,重,15:20,2016-11-12,福島,中,6,10,2011100799,ロトラトゥール,牝5,55,01140,横山和生,,,12-11,,18.2,8,490(-4),00435,[東]藤原辰雄,262002,國武佳博,,"(*3,5)6,11(1,12)13(9,8,14)2,10,4,15   7",12,1,3.0,False,"3(5,6)(1,11)(2,12,13)(9,14)(4,10,8)15   7",11,3,0.0,False,"(*3,5)(6,11)(2,1,9,13)(4,12,14,8)15   10,7",14,1,6.0,False,"(*3,5,11)(2,6)(1,9)4(12,13,8)(14,15)   10,7",14,1,6.0,False,-10,
201603030312,12,相馬特別(1勝),芝,1200,晴,稍重,15:55,2016-11-12,福島,1,5,9,2012105508,タイキパラドックス,牡4,57,01112,荻野琢真,1:10.2,,12-11,35.4,50.9,13,440(-4),01158,[西]寺島良,536800,大樹ファーム,"1,001.8",,,,,,,,,,,"(*4,12,14)13,10(5,16)(2,11)(3,15)9(1,6)-(8,7)",12,1,1.5,False,"(4,*12)-(10,2,14,16)(5,13)(11,15)(3,9)1(8,6,7)",11,2,3.5,False,7,
201603030312,12,相馬特別(1勝),芝,1200,晴,稍重,15:55,2016-11-12,福島,2,4,7,2012100233,ウインベントゥーラ,牡4,57,01144,菱田裕二,1:10.2,クビ,15-14,34.7,18.8,8,456(-8),01018,[西]宮徹,494800,ウイン,394.8,,,,,,,,,,,"(*4,12,14)13,10(5,16)(2,11)(3,15)9(1,6)-(8,7)",15,2,5.0,False,"(4,*12)-(10,2,14,16)(5,13)(11,15)(3,9)1(8,6,7)",14,3,3.5,False,7,
201603030312,12,相馬特別(1勝),芝,1200,晴,稍重,15:55,2016-11-12,福島,3,1,2,2012100777,ラブローレル,牝4,55,01091,丹内祐次,1:10.4,1,8-3,36.1,17.4,7,430(0),01142,[西]森田直行,291002,増田陽一,247.4,,,,,,,,,,,"(*4,12,14)13,10(5,16)(2,11)(3,15)9(1,6)-(8,7)",8,2,1.5,False,"(4,*12)-(10,2,14,16)(5,13)(11,15)(3,9)1(8,6,7)",3,4,3.5,False,7,
201603030312,12,相馬特別(1勝),芝,1200,晴,稍重,15:55,2016-11-12,福島,4,1,1,2013110132,トーセンクリス,牝3,53,01102,北村友一,1:10.4,ハナ,13-13,35.3,9.1,5,506(+1),01058,[西]大久保龍,270006,島川隆哉,140.0,,,,,,,,,,,"(*4,12,14)13,10(5,16)(2,11)(3,15)9(1,6)-(8,7)",13,2,1.5,False,"(4,*12)-(10,2,14,16)(5,13)(11,15)(3,9)1(8,6,7)",13,1,3.5,False,7,
201603030312,12,相馬特別(1勝),芝,1200,晴,稍重,15:55,2016-11-12,福島,5,6,12,2011105260,ベルモントラハイナ,牝5,55,01128,川須栄彦,1:10.4,アタマ,2-1,36.7,7.4,3,462(-6),00353,[東]和田正道,251800,和田牧場,95.0,,,,,,,,,,,"(*4,12,14)13,10(5,16)(2,11)(3,15)9(1,6)-(8,7)",2,3,0.0,False,"(4,*12)-(10,2,14,16)(5,13)(11,15)(3,9)1(8,6,7)",1,2,0.0,True,7,
201603030312,12,相馬特別(1勝),芝,1200,晴,稍重,15:55,2016-11-12,福島,6,3,6,2011106417,ツキミチャン,牝5,55,01156,加藤祥太,1:10.4,クビ,13-14,35.3,45.9,12,458(-2),01009,[西]田所秀孝,775006,瀬谷隆雄,,,,,,,,,,,,"(*4,12,14)13,10(5,16)(2,11)(3,15)9(1,6)-(8,7)",13,2,1.5,False,"(4,*12)-(10,2,14,16)(5,13)(11,15)(3,9)1(8,6,7)",14,3,3.5,False,7,
201603030312,12,相馬特別(1勝),芝,1200,晴,稍重,15:55,2016-11-12,福島,7,8,15,2013105767,シャインレッド,牡3,56,01127,丸山元気,1:10.5,1/2,10-9,35.9,6.8,2,512(+2),01147,[東]武井亮,980033,了徳寺健二,,,,,,,,,,,,"(*4,12,14)13,10(5,16)(2,11)(3,15)9(1,6)-(8,7)",10,2,1.5,False,"(4,*12)-(10,2,14,16)(5,13)(11,15)(3,9)1(8,6,7)",9,2,3.5,False,7,
201603030312,12,相馬特別(1勝),芝,1200,晴,稍重,15:55,2016-11-12,福島,8,3,5,2013104568,ガイアトウショウ,牝3,54,01108,的場勇人,1:10.6,クビ,6-7,36.4,14.8,6,458(-4),01008,[東]杉浦宏昭,078800,トウショウ産業,,,,,,,,,,,,"(*4,12,14)13,10(5,16)(2,11)(3,15)9(1,6)-(8,7)",6,2,1.5,False,"(4,*12)-(10,2,14,16)(5,13)(11,15)(3,9)1(8,6,7)",7,2,3.5,False,7,
201603030312,12,相馬特別(1勝),芝,1200,晴,稍重,15:55,2016-11-12,福島,9,8,16,2013103430,フジマサアクトレス,牝3,54,01095,吉田隼人,1:10.8,1.1/2,6-3,36.6,8.6,4,446(0),01052,[東]菊川正達,507007,藤原正一,,,,,,,,,,,,"(*4,12,14)13,10(5,16)(2,11)(3,15)9(1,6)-(8,7)",6,2,1.5,False,"(4,*12)-(10,2,14,16)(5,13)(11,15)(3,9)1(8,6,7)",3,4,3.5,False,7,
201603030312,12,相馬特別(1勝),芝,1200,晴,稍重,15:55,2016-11-12,福島,10,4,8,2013103837,スズカウルトラ,牡3,56,01157,鮫島克駿,1:10.9,クビ,15-14,35.4,31.6,9,462(+6),01065,[西]大橋勇樹,382004,永井啓弍,,,,,,,,,,,,"(*4,12,14)13,10(5,16)(2,11)(3,15)9(1,6)-(8,7)",15,2,5.0,False,"(4,*12)-(10,2,14,16)(5,13)(11,15)(3,9)1(8,6,7)",14,3,3.5,False,7,
201603030312,12,相馬特別(1勝),芝,1200,晴,稍重,15:55,2016-11-12,福島,11,2,4,2013105195,アークアーセナル,牡3,56,01153,木幡初也,1:10.9,ハナ,1-2,37.2,2.3,1,466(-2),00399,[東]国枝栄,032803,小阪優友,,,,,,,,,,,,"(*4,12,14)13,10(5,16)(2,11)(3,15)9(1,6)-(8,7)",1,3,0.0,True,"(4,*12)-(10,2,14,16)(5,13)(11,15)(3,9)1(8,6,7)",2,2,0.0,False,7,
201603030312,12,相馬特別(1勝),芝,1200,晴,稍重,15:55,2016-11-12,福島,12,5,10,2012110067,ピュアリーソリッド,牝4,55,01119,伊藤工真,1:10.9,ハナ,5-3,36.9,42.3,11,436(-12),00359,[東]高橋祥泰,393002,南波壽,,,,,,,,,,,,"(*4,12,14)13,10(5,16)(2,11)(3,15)9(1,6)-(8,7)",5,1,1.5,False,"(4,*12)-(10,2,14,16)(5,13)(11,15)(3,9)1(8,6,7)",3,4,3.5,False,7,
201603030312,12,相馬特別(1勝),芝,1200,晴,稍重,15:55,2016-11-12,福島,13,2,3,2012104616,シリーシンフォニー,牡4,57,01038,中谷雄太,1:10.9,アタマ,10-11,36.3,40.6,10,494(0),01064,[東]武藤善則,138007,吉田和美,,,,,,,,,,,,"(*4,12,14)13,10(5,16)(2,11)(3,15)9(1,6)-(8,7)",10,2,1.5,False,"(4,*12)-(10,2,14,16)(5,13)(11,15)(3,9)1(8,6,7)",11,2,3.5,False,7,
201603030312,12,相馬特別(1勝),芝,1200,晴,稍重,15:55,2016-11-12,福島,14,7,14,2012106132,スーパールミナル,牝4,55,01004,西田雄一,1:11.6,4,2-3,37.8,151.9,15,476(0),01152,[東]竹内正洋,148800,グリーンファーム,,,,,,,,,,,,"(*4,12,14)13,10(5,16)(2,11)(3,15)9(1,6)-(8,7)",2,3,0.0,False,"(4,*12)-(10,2,14,16)(5,13)(11,15)(3,9)1(8,6,7)",3,4,3.5,False,7,
201603030312,12,相馬特別(1勝),芝,1200,晴,稍重,15:55,2016-11-12,福島,15,6,11,2012103698,セラフィーナ,牝4,55,01051,嘉藤貴行,1:11.7,クビ,8-9,37.3,94.2,14,442(-10),00408,[東]田中清隆,448009,矢野秀春,,,,,,,,,,,,"(*4,12,14)13,10(5,16)(2,11)(3,15)9(1,6)-(8,7)",8,2,1.5,False,"(4,*12)-(10,2,14,16)(5,13)(11,15)(3,9)1(8,6,7)",9,2,3.5,False,7,
201603030312,12,相馬特別(1勝),芝,1200,晴,稍重,15:55,2016-11-12,福島,16,7,13,2012101022,マルターズシャトル,牡4,57,01143,原田和真,1:12.8,7,4-7,38.9,192.3,16,492(+4),00436,[東]堀井雅広,491030,藤田在子,,,,,,,,,,,,"(*4,12,14)13,10(5,16)(2,11)(3,15)9(1,6)-(8,7)",4,1,0.0,False,"(4,*12)-(10,2,14,16)(5,13)(11,15)(3,9)1(8,6,7)",7,2,3.5,False,7,
