race_id,race_number,race_name,surface,distance_m,weather,going,start_time,race_date,racecourse,finish_pos,waku,umaban,horse_id,horse_name,sex_age,kinryo,jockey_id,jockey_name,time,margin,passing_order,last_3f,odds_final,popularity,weight,trainer_id,trainer_name,owner_id,owner_name,prize,corner1_raw,corner1_rank,corner1_group_size,corner1_gap_len_est,corner1_is_leader,corner2_raw,corner2_rank,corner2_group_size,corner2_gap_len_est,corner2_is_leader,corner3_raw,corner3_rank,corner3_group_size,corner3_gap_len_est,corner3_is_leader,corner4_raw,corner4_rank,corner4_group_size,corner4_gap_len_est,corner4_is_leader,track_index,track_comment
201605050101,1,2歳未勝利,ダ,1300,晴,良,09:55,2016-11-05,東京,1,8,16,2014102185,ジョイフル,牡2,55,00641,柴田善臣,1:20.1,,2-2,37.6,8.2,2,498(-2),01013,[東]小島太,003060,Ｈ．Ｈ．シェイク・モ...,500.0,,,,,,,,,,,"(*10,16)(9,6,7)(5,3,13)2,8(1,15)14-11,4,12",2,2,0.0,False,"(*10,16)6(9,7)(5,2,3,13)-8(1,15)11,4-(12,14)",2,2,0.0,False,-1,
201605050101,1,2歳未勝利,ダ,1300,晴,良,09:55,2016-11-05,東京,2,3,6,2014110095,セイウンストリーム,牡2,55,01025,勝浦正樹,1:20.6,3,3-3,38.0,1.2,1,476(+2),01094,[東]水野貴広,897009,西山茂行,200.0,,,,,,,,,,,"(*10,16)(9,6,7)(5,3,13)2,8(1,15)14-11,4,12",3,3,0.0,False,"(*10,16)6(9,7)(5,2,3,13)-8(1,15)11,4-(12,14)",3,1,0.0,False,-1,
201605050101,1,2歳未勝利,ダ,1300,晴,良,09:55,2016-11-05,東京,3,5,9,2014105178,メリークン,牡2,55,00733,吉田豊,1:20.8,1.1/4,3-4,38.0,8.3,3,464(+8),01027,[東]田村康仁,026700,ケンレーシング組合,130.0,,,,,,,,,,,"(*10,16)(9,6,7)(5,3,13)2,8(1,15)14-11,4,12",3,3,0.0,False,"(*10,16)6(9,7)(5,2,3,13)-8(1,15)11,4-(12,14)",4,2,0.0,False,-1,
201605050101,1,2歳未勝利,ダ,1300,晴,良,09:55,2016-11-05,東京,4,6,11,2014109029,サダコチャン,牝2,51,01164,藤田菜七,1:21.5,4,14-13,37.6,142.9,13,434(-6),01029,[東]根本康広,026700,ケンレーシング組合,75.0,,,,,,,,,,,"(*10,16)(9,6,7)(5,3,13)2,8(1,15)14-11,4,12",14,1,5.0,False,"(*10,16)6(9,7)(5,2,3,13)-8(1,15)11,4-(12,14)",13,1,3.5,False,-1,
201605050101,1,2歳未勝利,ダ,1300,晴,良,09:55,2016-11-05,東京,5,4,8,2014106482,ロックンルージュ,牝2,54,01085,松岡正海,1:21.7,1.1/4,10-10,38.2,46.5,7,492(+16),01081,[東]中川公成,407033,堀口晴男,50.0,,,,,,,,,,,"(*10,16)(9,6,7)(5,3,13)2,8(1,15)14-11,4,12",10,1,1.5,False,"(*10,16)6(9,7)(5,2,3,13)-8(1,15)11,4-(12,14)",10,1,3.5,False,-1,
201605050101,1,2歳未勝利,ダ,1300,晴,良,09:55,2016-11-05,東京,6,1,2,2014100350,ネコドリーム,牝2,54,00422,内田博幸,1:22.0,1.3/4,9-6,38.9,54.8,9,474(0),00392,[東]古賀史生,129005,桐谷茂,,,,,,,,,,,,"(*10,16)(9,6,7)(5,3,13)2,8(1,15)14-11,4,12",9,1,0.0,False,"(*10,16)6(9,7)(5,2,3,13)-8(1,15)11,4-(12,14)",6,4,0.0,False,-1,
201605050101,1,2歳未勝利,ダ,1300,晴,良,09:55,2016-11-05,東京,7,8,15,2014104182,ニシノレディー,牝2,54,01096,大野拓弥,1:22.2,1.1/4,11-11,38.5,35.9,5,438(+4),01088,[東]高木登,897009,西山茂行,,,,,,,,,,,,"(*10,16)(9,6,7)(5,3,13)2,8(1,15)14-11,4,12",11,2,1.5,False,"(*10,16)6(9,7)(5,2,3,13)-8(1,15)11,4-(12,14)",11,2,3.5,False,-1,
201605050101,1,2歳未勝利,ダ,1300,晴,良,09:55,2016-11-05,東京,8,1,1,2014101460,レイバック,牡2,55,00689,江田照男,1:22.2,クビ,11-11,38.5,72.9,11,444(-6),01150,[東]池上昌和,895800,Ｂａｓｉｃ,,,,,,,,,,,,"(*10,16)(9,6,7)(5,3,13)2,8(1,15)14-11,4,12",11,2,1.5,False,"(*10,16)6(9,7)(5,2,3,13)-8(1,15)11,4-(12,14)",11,2,3.5,False,-1,
201605050101,1,2歳未勝利,ダ,1300,晴,良,09:55,2016-11-05,東京,9,6,12,2014104224,ナムラアヴィ,牝2,54,00684,田中勝春,1:22.3,クビ,16-15,37.8,55.9,10,460(0),01043,[東]石栗龍彦,945004,奈村信重,,,,,,,,,,,,"(*10,16)(9,6,7)(5,3,13)2,8(1,15)14-11,4,12",16,1,8.0,False,"(*10,16)6(9,7)(5,2,3,13)-8(1,15)11,4-(12,14)",15,2,8.5,False,-1,
201605050101,1,2歳未勝利,ダ,1300,晴,良,09:55,2016-11-05,東京,10,3,5,2014100426,ベインオブゴールド,牡2,52,01161,菊沢一樹,1:22.5,1.1/4,6-6,39.4,255.8,15,490(-4),01125,[東]小野次郎,040803,明栄商事,,,,,,,,,,,,"(*10,16)(9,6,7)(5,3,13)2,8(1,15)14-11,4,12",6,3,0.0,False,"(*10,16)6(9,7)(5,2,3,13)-8(1,15)11,4-(12,14)",6,4,0.0,False,-1,
201605050101,1,2歳未勝利,ダ,1300,晴,良,09:55,2016-11-05,東京,11,7,13,2014100151,エリーダイナマイト,牝2,51,01158,野中悠太,1:22.8,2,6-6,39.7,134.6,12,470(0),01012,[東]大江原哲,012033,谷川正純,,,,,,,,,,,,"(*10,16)(9,6,7)(5,3,13)2,8(1,15)14-11,4,12",6,3,0.0,False,"(*10,16)6(9,7)(5,2,3,13)-8(1,15)11,4-(12,14)",6,4,0.0,False,-1,
201605050101,1,2歳未勝利,ダ,1300,晴,良,09:55,2016-11-05,東京,12,2,3,2014100087,アイティプリンセス,牝2,54,05243,柴山雄一,1:23.1,2,6-6,40.1,26.5,4,480(+4),01152,[東]竹内正洋,483006,一ノ瀬恭,,,,,,,,,,,,"(*10,16)(9,6,7)(5,3,13)2,8(1,15)14-11,4,12",6,3,0.0,False,"(*10,16)6(9,7)(5,2,3,13)-8(1,15)11,4-(12,14)",6,4,0.0,False,-1,
201605050101,1,2歳未勝利,ダ,1300,晴,良,09:55,2016-11-05,東京,13,7,14,2014105017,カレン,牝2,54,00663,蛯名正義,1:23.5,2.1/2,13-15,39.0,51.3,8,470(+4),01132,[東]金成貴史,629800,ミルファーム,,,,,,,,,,,,"(*10,16)(9,6,7)(5,3,13)2,8(1,15)14-11,4,12",13,1,1.5,False,"(*10,16)6(9,7)(5,2,3,13)-8(1,15)11,4-(12,14)",15,2,8.5,False,-1,
201605050101,1,2歳未勝利,ダ,1300,晴,良,09:55,2016-11-05,東京,14,4,7,2014104261,シュエットヌーベル,牝2,54,05445,山本聡哉,1:23.7,1,3-4,40.9,40.1,6,454(+6),01023,[東]伊藤圭三,854800,ノルマンディーサラブ...,,,,,,,,,,,,"(*10,16)(9,6,7)(5,3,13)2,8(1,15)14-11,4,12",3,3,0.0,False,"(*10,16)6(9,7)(5,2,3,13)-8(1,15)11,4-(12,14)",4,2,0.0,False,-1,
201605050101,1,2歳未勝利,ダ,1300,晴,良,09:55,2016-11-05,東京,15,5,10,2014104644,フライングデビル,牝2,54,01051,嘉藤貴行,1:23.8,3/4,1-1,41.3,243.4,14,478(-10),01096,[東]粕谷昌央,975030,小田切光,,,,,,,,,,,,"(*10,16)(9,6,7)(5,3,13)2,8(1,15)14-11,4,12",1,2,0.0,True,"(*10,16)6(9,7)(5,2,3,13)-8(1,15)11,4-(12,14)",1,2,0.0,True,-1,
201605050101,1,2歳未勝利,ダ,1300,晴,良,09:55,2016-11-05,東京,16,2,4,2014100013,マイネルペイズリー,牡2,55,01009,柴田大知,1:25.2,9,15-14,41.1,272.0,16,426(+8),01150,[東]池上昌和,546800,サラブレッドクラブ・...,,,,,,,,,,,,"(*10,16)(9,6,7)(5,3,13)2,8(1,15)14-11,4,12",15,1,6.5,False,"(*10,16)6(9,7)(5,2,3,13)-8(1,15)11,4-(12,14)",14,1,5.0,False,-1,
201605050102,2,2歳未勝利,ダ,1600,晴,良,10:25,2016-11-05,東京,1,2,4,2014100658,フィスキオ,牡2,55,05339,ルメール,1:39.9,,5-4,38.1,2.4,1,468(+10),01127,[東]栗田徹,788800,ノースヒルズ,500.0,,,,,,,,,,,"(*3,15)(12,16)4-10,11,7,1(2,5,8,14)6-9-13",5,1,0.0,False,"(*3,15)16(12,4)(10,11)(5,1)(7,8,9)(2,6,14)-13",4,2,0.0,False,-1,
201605050102,2,2歳未勝利,ダ,1600,晴,良,10:25,2016-11-05,東京,2,6,11,2014103425,スペルマロン,牡2,55,01029,武士沢友,1:40.1,1.1/2,7-6,38.0,4.3,3,514(+12),00392,[東]古賀史生,677009,西森鶴,200.0,,,,,,,,,,,"(*3,15)(12,16)4-10,11,7,1(2,5,8,14)6-9-13",7,1,5.0,False,"(*3,15)16(12,4)(10,11)(5,1)(7,8,9)(2,6,14)-13",6,2,0.0,False,-1,
201605050102,2,2歳未勝利,ダ,1600,晴,良,10:25,2016-11-05,東京,3,5,9,2014104315,エルドールサージュ,牡2,55,05386,戸崎圭太,1:40.1,ハナ,15-10,37.6,4.1,2,460(+4),01124,[東]大和田成,008803,原禮子,130.0,,,,,,,,,,,"(*3,15)(12,16)4-10,11,7,1(2,5,8,14)6-9-13",15,1,11.5,False,"(*3,15)16(12,4)(10,11)(5,1)(7,8,9)(2,6,14)-13",10,3,0.0,False,-1,
201605050102,2,2歳未勝利,ダ,1600,晴,良,10:25,2016-11-05,東京,4,8,16,2014101070,バガーチ,牡2,55,00684,田中勝春,1:40.3,1.1/4,3-3,38.7,140.7,13,464(+8),00417,[東]土田稔,693033,金山敏也,75.0,,,,,,,,,,,"(*3,15)(12,16)4-10,11,7,1(2,5,8,14)6-9-13",3,2,0.0,False,"(*3,15)16(12,4)(10,11)(5,1)(7,8,9)(2,6,14)-13",3,1,0.0,False,-1,
201605050102,2,2歳未勝利,ダ,1600,晴,良,10:25,2016-11-05,東京,5,7,14,2014101776,ウインエアリーズ,牡2,55,00422,内田博幸,1:40.7,2.1/2,10-13,37.9,83.5,10,462(+4),00420,[東]宗像義忠,494800,ウイン,50.0,,,,,,,,,,,"(*3,15)(12,16)4-10,11,7,1(2,5,8,14)6-9-13",10,4,8.0,False,"(*3,15)16(12,4)(10,11)(5,1)(7,8,9)(2,6,14)-13",13,3,0.0,False,-1,
201605050102,2,2歳未勝利,ダ,1600,晴,良,10:25,2016-11-05,東京,6,7,13,2014100825,ショットザバニティ,牡2,55,01085,松岡正海,1:40.8,1/2,16-16,37.2,28.8,6,514(-6),01089,[東]武市康男,517033,坂本万夫,,,,,,,,,,,,"(*3,15)(12,16)4-10,11,7,1(2,5,8,14)6-9-13",16,1,15.0,False,"(*3,15)16(12,4)(10,11)(5,1)(7,8,9)(2,6,14)-13",16,1,3.5,False,-1,
201605050102,2,2歳未勝利,ダ,1600,晴,良,10:25,2016-11-05,東京,7,3,5,2014103927,ジェイケイライジン,牡2,55,01025,勝浦正樹,1:40.9,1/2,10-8,38.6,7.5,4,468(-4),01007,[東]柴田政人,702009,小谷野次郎,,,,,,,,,,,,"(*3,15)(12,16)4-10,11,7,1(2,5,8,14)6-9-13",10,4,8.0,False,"(*3,15)16(12,4)(10,11)(5,1)(7,8,9)(2,6,14)-13",8,2,0.0,False,-1,
201605050102,2,2歳未勝利,ダ,1600,晴,良,10:25,2016-11-05,東京,8,6,12,2014102333,コスモローイエット,牡2,55,01009,柴田大知,1:41.1,1.1/4,3-4,39.3,31.1,9,478(-8),01153,[東]中舘英二,716800,ビッグレッドファーム,,,,,,,,,,,,"(*3,15)(12,16)4-10,11,7,1(2,5,8,14)6-9-13",3,2,0.0,False,"(*3,15)16(12,4)(10,11)(5,1)(7,8,9)(2,6,14)-13",4,2,0.0,False,-1,
201605050102,2,2歳未勝利,ダ,1600,晴,良,10:25,2016-11-05,東京,9,4,8,2014104903,カツノシックスス,牡2,55,00689,江田照男,1:41.1,ハナ,10-10,38.5,30.4,8,428(+2),01031,[東]伊藤伸一,863800,勝野産業,,,,,,,,,,,,"(*3,15)(12,16)4-10,11,7,1(2,5,8,14)6-9-13",10,4,8.0,False,"(*3,15)16(12,4)(10,11)(5,1)(7,8,9)(2,6,14)-13",10,3,0.0,False,-1,
201605050102,2,2歳未勝利,ダ,1600,晴,良,10:25,2016-11-05,東京,10,8,15,2014103836,ゴールドコーナー,牡2,55,00629,木幡初広,1:41.5,2.1/2,2-2,40.0,163.9,15,494(-4),00420,[東]宗像義忠,639009,鈴木芳夫,,,,,,,,,,,,"(*3,15)(12,16)4-10,11,7,1(2,5,8,14)6-9-13",2,2,0.0,False,"(*3,15)16(12,4)(10,11)(5,1)(7,8,9)(2,6,14)-13",2,2,0.0,False,-1,
201605050102,2,2歳未勝利,ダ,1600,晴,良,10:25,2016-11-05,東京,11,2,3,2014102756,ファウスト,牡2,55,00726,岩部純二,1:42.3,5,1-1,40.8,123.6,12,460(+4),00428,[東]石毛善彦,411033,清水敏,,,,,,,,,,,,"(*3,15)(12,16)4-10,11,7,1(2,5,8,14)6-9-13",1,2,0.0,True,"(*3,15)16(12,4)(10,11)(5,1)(7,8,9)(2,6,14)-13",1,2,0.0,True,-1,
201605050102,2,2歳未勝利,ダ,1600,晴,良,10:25,2016-11-05,東京,12,5,10,2014100110,オレンジポピー,牝2,51,01164,藤田菜七,1:42.4,1/2,6-6,40.4,107.2,11,466(+4),01007,[東]柴田政人,855030,田頭勇貴,,,,,,,,,,,,"(*3,15)(12,16)4-10,11,7,1(2,5,8,14)6-9-13",6,1,3.5,False,"(*3,15)16(12,4)(10,11)(5,1)(7,8,9)(2,6,14)-13",6,2,0.0,False,-1,
201605050102,2,2歳未勝利,ダ,1600,晴,良,10:25,2016-11-05,東京,13,1,1,2014103908,ブルターレ,牡2,55,00663,蛯名正義,1:42.5,1/2,9-8,40.3,17.5,5,516(+4),00409,[東]二ノ宮敬,429030,赤沼秀典,,,,,,,,,,,,"(*3,15)(12,16)4-10,11,7,1(2,5,8,14)6-9-13",9,1,8.0,False,"(*3,15)16(12,4)(10,11)(5,1)(7,8,9)(2,6,14)-13",8,2,0.0,False,-1,
201605050102,2,2歳未勝利,ダ,1600,晴,良,10:25,2016-11-05,東京,14,4,7,2014100413,シゲルヤマアラシ,牡2,52,01158,野中悠太,1:42.7,1,8-10,40.2,28.8,7,500(-2),01100,[東]松山将樹,674004,森中蕃,,,,,,,,,,,,"(*3,15)(12,16)4-10,11,7,1(2,5,8,14)6-9-13",8,1,6.5,False,"(*3,15)16(12,4)(10,11)(5,1)(7,8,9)(2,6,14)-13",10,3,0.0,False,-1,
201605050102,2,2歳未勝利,ダ,1600,晴,良,10:25,2016-11-05,東京,15,3,6,2014103378,ライフライン,牡2,52,01161,菊沢一樹,1:42.9,1.1/4,14-13,40.1,151.3,14,476(+8),00380,[東]柄崎孝,302800,辻牧場,,,,,,,,,,,,"(*3,15)(12,16)4-10,11,7,1(2,5,8,14)6-9-13",14,1,8.0,False,"(*3,15)16(12,4)(10,11)(5,1)(7,8,9)(2,6,14)-13",13,3,0.0,False,-1,
201605050102,2,2歳未勝利,ダ,1600,晴,良,10:25,2016-11-05,東京,16,1,2,2014103892,ミヤビキャッスル,牝2,54,05243,柴山雄一,1:43.1,3/4,10-13,40.2,384.2,16,490(+4),01134,[東]高橋文雅,127002,村上義勝,,,,,,,,,,,,"(*3,15)(12,16)4-10,11,7,1(2,5,8,14)6-9-13",10,4,8.0,False,"(*3,15)16(12,4)(10,11)(5,1)(7,8,9)(2,6,14)-13",13,3,0.0,False,-1,
201605050103,3,2歳未勝利,芝,2000,晴,良,10:55,2016-11-05,東京,1,3,3,2014104804,アサギリジョー,牡2,54,01150,石川裕紀,2:02.5,,3-4-4,34.8,8.5,4,488(-4),01020,[東]相沢郁,321004,河内孝夫,500.0,,,,,,"(*2,4)(3,6)5(7,12)-(1,10)(8,14)11(9,13)",3,2,0.0,False,"(*2,4)6(3,5,12)7,10,1(8,14,13)(9,11)",4,3,0.0,False,"2(4,6)(3,5,12)(7,10)-(8,1)(9,14,13)11",4,3,0.0,False,-6,乾いた馬場で、前週と比べれば時計の出やすいコンディション。
201605050103,3,2歳未勝利,芝,2000,晴,良,10:55,2016-11-05,東京,2,4,5,2014100733,マイネルスフェーン,牡2,55,01009,柴田大知,2:02.5,ハナ,5-4-4,34.7,5.8,2,432(0),01038,[東]手塚貴久,546800,サラブレッドクラブ・...,200.0,,,,,,"(*2,4)(3,6)5(7,12)-(1,10)(8,14)11(9,13)",5,1,0.0,False,"(*2,4)6(3,5,12)7,10,1(8,14,13)(9,11)",4,3,0.0,False,"2(4,6)(3,5,12)(7,10)-(8,1)(9,14,13)11",4,3,0.0,False,-6,乾いた馬場で、前週と比べれば時計の出やすいコンディション。
201605050103,3,2歳未勝利,芝,2000,晴,良,10:55,2016-11-05,東京,3,4,6,2014106243,ポールヴァンドル,牝2,54,00663,蛯名正義,2:02.6,1/2,3-3-2,35.0,2.3,1,534(+2),00423,[東]上原博之,506800,シルクレーシング,130.0,,,,,,"(*2,4)(3,6)5(7,12)-(1,10)(8,14)11(9,13)",3,2,0.0,False,"(*2,4)6(3,5,12)7,10,1(8,14,13)(9,11)",3,1,0.0,False,"2(4,6)(3,5,12)(7,10)-(8,1)(9,14,13)11",2,2,0.0,False,-6,乾いた馬場で、前週と比べれば時計の出やすいコンディション。
201605050103,3,2歳未勝利,芝,2000,晴,良,10:55,2016-11-05,東京,4,5,7,2014103536,ドラゴンランス,牝2,54,01096,大野拓弥,2:02.9,2,6-7-7,34.9,36.2,10,478(+6),01027,[東]田村康仁,965030,子安裕樹,75.0,,,,,,"(*2,4)(3,6)5(7,12)-(1,10)(8,14)11(9,13)",6,2,0.0,False,"(*2,4)6(3,5,12)7,10,1(8,14,13)(9,11)",7,1,0.0,False,"2(4,6)(3,5,12)(7,10)-(8,1)(9,14,13)11",7,2,0.0,False,-6,乾いた馬場で、前週と比べれば時計の出やすいコンディション。
201605050103,3,2歳未勝利,芝,2000,晴,良,10:55,2016-11-05,東京,5,6,10,2014100916,クリップスプリンガ,牡2,55,00684,田中勝春,2:03.0,1/2,8-8-7,35.0,10.9,6,428(+4),01063,[東]的場均,158033,山下良子,50.0,,,,,,"(*2,4)(3,6)5(7,12)-(1,10)(8,14)11(9,13)",8,2,3.5,False,"(*2,4)6(3,5,12)7,10,1(8,14,13)(9,11)",8,1,1.5,False,"2(4,6)(3,5,12)(7,10)-(8,1)(9,14,13)11",7,2,0.0,False,-6,乾いた馬場で、前週と比べれば時計の出やすいコンディション。
201605050103,3,2歳未勝利,芝,2000,晴,良,10:55,2016-11-05,東京,6,3,4,2014102741,アルミランテ,牡2,55,00733,吉田豊,2:03.0,アタマ,2-2-2,35.5,16.1,7,466(+2),01103,[東]尾関知人,693033,金山敏也,,,,,,,"(*2,4)(3,6)5(7,12)-(1,10)(8,14)11(9,13)",2,2,0.0,False,"(*2,4)6(3,5,12)7,10,1(8,14,13)(9,11)",2,2,0.0,False,"2(4,6)(3,5,12)(7,10)-(8,1)(9,14,13)11",2,2,0.0,False,-6,乾いた馬場で、前週と比べれば時計の出やすいコンディション。
201605050103,3,2歳未勝利,芝,2000,晴,良,10:55,2016-11-05,東京,7,2,2,2014100716,フィーリングハート,牝2,54,05386,戸崎圭太,2:03.1,クビ,1-1-1,35.7,33.2,8,444(-2),00359,[東]高橋祥泰,546800,サラブレッドクラブ・...,,,,,,,"(*2,4)(3,6)5(7,12)-(1,10)(8,14)11(9,13)",1,2,0.0,True,"(*2,4)6(3,5,12)7,10,1(8,14,13)(9,11)",1,2,0.0,True,"2(4,6)(3,5,12)(7,10)-(8,1)(9,14,13)11",1,1,0.0,False,-6,乾いた馬場で、前週と比べれば時計の出やすいコンディション。
201605050103,3,2歳未勝利,芝,2000,晴,良,10:55,2016-11-05,東京,8,8,13,2014100980,サッチン,牝2,54,00422,内田博幸,2:03.2,1/2,13-10-11,34.6,33.3,9,426(0),01079,[東]古賀慎明,044803,由井健太郎,,,,,,,"(*2,4)(3,6)5(7,12)-(1,10)(8,14)11(9,13)",13,2,3.5,False,"(*2,4)6(3,5,12)7,10,1(8,14,13)(9,11)",10,3,3.0,False,"2(4,6)(3,5,12)(7,10)-(8,1)(9,14,13)11",11,3,3.5,False,-6,乾いた馬場で、前週と比べれば時計の出やすいコンディション。
201605050103,3,2歳未勝利,芝,2000,晴,良,10:55,2016-11-05,東京,9,7,12,2014101651,アカラナータ,牡2,55,01075,田辺裕信,2:03.2,クビ,6-4-4,35.4,6.7,3,542(0),01076,[東]小笠倫弘,788800,ノースヒルズ,,,,,,,"(*2,4)(3,6)5(7,12)-(1,10)(8,14)11(9,13)",6,2,0.0,False,"(*2,4)6(3,5,12)7,10,1(8,14,13)(9,11)",4,3,0.0,False,"2(4,6)(3,5,12)(7,10)-(8,1)(9,14,13)11",4,3,0.0,False,-6,乾いた馬場で、前週と比べれば時計の出やすいコンディション。
201605050103,3,2歳未勝利,芝,2000,晴,良,10:55,2016-11-05,東京,10,6,9,2014106058,ラボーナ,牡2,55,05339,ルメール,2:03.3,クビ,13-13-11,34.7,9.1,5,542(-4),00386,[東]藤沢和雄,226800,サンデーレーシング,,,,,,,"(*2,4)(3,6)5(7,12)-(1,10)(8,14)11(9,13)",13,2,3.5,False,"(*2,4)6(3,5,12)7,10,1(8,14,13)(9,11)",13,2,3.0,False,"2(4,6)(3,5,12)(7,10)-(8,1)(9,14,13)11",11,3,3.5,False,-6,乾いた馬場で、前週と比べれば時計の出やすいコンディション。
201605050103,3,2歳未勝利,芝,2000,晴,良,10:55,2016-11-05,東京,11,1,1,2014102970,メガミノキセキ,牝2,54,01029,武士沢友,2:03.4,1/2,8-9-9,35.0,59.5,11,466(+2),01108,[東]矢野英一,252030,落合幸弘,,,,,,,"(*2,4)(3,6)5(7,12)-(1,10)(8,14)11(9,13)",8,2,3.5,False,"(*2,4)6(3,5,12)7,10,1(8,14,13)(9,11)",9,1,3.0,False,"2(4,6)(3,5,12)(7,10)-(8,1)(9,14,13)11",9,2,3.5,False,-6,乾いた馬場で、前週と比べれば時計の出やすいコンディション。
201605050103,3,2歳未勝利,芝,2000,晴,良,10:55,2016-11-05,東京,12,5,8,2014105773,パーマネンスグロウ,牡2,55,00641,柴田善臣,2:03.6,1.1/4,10-10-9,35.3,185.6,13,454(-8),01106,[東]牧光二,758005,吉田照哉,,,,,,,"(*2,4)(3,6)5(7,12)-(1,10)(8,14)11(9,13)",10,2,3.5,False,"(*2,4)6(3,5,12)7,10,1(8,14,13)(9,11)",10,3,3.0,False,"2(4,6)(3,5,12)(7,10)-(8,1)(9,14,13)11",9,2,3.5,False,-6,乾いた馬場で、前週と比べれば時計の出やすいコンディション。
201605050103,3,2歳未勝利,芝,2000,晴,良,10:55,2016-11-05,東京,13,7,11,2014101676,マイネルハレオ,牡2,55,01051,嘉藤貴行,2:03.8,1.1/4,12-13-14,35.1,290.3,14,416(-4),01096,[東]粕谷昌央,546800,サラブレッドクラブ・...,,,,,,,"(*2,4)(3,6)5(7,12)-(1,10)(8,14)11(9,13)",12,1,3.5,False,"(*2,4)6(3,5,12)7,10,1(8,14,13)(9,11)",13,2,3.0,False,"2(4,6)(3,5,12)(7,10)-(8,1)(9,14,13)11",14,1,3.5,False,-6,乾いた馬場で、前週と比べれば時計の出やすいコンディション。
201605050103,3,2歳未勝利,芝,2000,晴,良,10:55,2016-11-05,東京,14,8,14,2014103602,ブラックモトヒメ,牝2,51,01164,藤田菜七,2:04.2,2.1/2,10-10-11,35.7,183.4,12,442(-2),01007,[東]柴田政人,627007,黒澤尚,,,,,,,"(*2,4)(3,6)5(7,12)-(1,10)(8,14)11(9,13)",10,2,3.5,False,"(*2,4)6(3,5,12)7,10,1(8,14,13)(9,11)",10,3,3.0,False,"2(4,6)(3,5,12)(7,10)-(8,1)(9,14,13)11",11,3,3.5,False,-6,乾いた馬場で、前週と比べれば時計の出やすいコンディション。
201605050104,4,2歳未勝利,芝,1400,晴,良,11:25,2016-11-05,東京,1,1,2,2014102888,アドマイヤシナイ,牡2,55,01075,田辺裕信,1:23.1,,2-2,34.8,2.8,1,466(-2),00423,[東]上原博之,398002,近藤利一,500.0,,,,,,,,,,,"4(2,13)(1,14)(8,10,15)5(7,9)(6,12,16)11-17,3",2,2,0.0,False,"4,2-(1,13)14(8,15)10(5,9)(7,16)(11,12)(6,3,17)",2,1,1.5,False,-6,乾いた馬場で、前週と比べれば時計の出やすいコンディション。
201605050104,4,2歳未勝利,芝,1400,晴,良,11:25,2016-11-05,東京,2,2,4,2014101648,パンドラフォンテン,牝2,54,00733,吉田豊,1:23.2,3/4,1-1,35.1,5.3,2,450(+2),00412,[東]高橋裕,186001,吉橋計,200.0,,,,,,,,,,,"4(2,13)(1,14)(8,10,15)5(7,9)(6,12,16)11-17,3",1,1,0.0,False,"4,2-(1,13)14(8,15)10(5,9)(7,16)(11,12)(6,3,17)",1,1,0.0,False,-6,乾いた馬場で、前週と比べれば時計の出やすいコンディション。
201605050104,4,2歳未勝利,芝,1400,晴,良,11:25,2016-11-05,東京,3,6,11,2014102695,ロジベスト,牡2,55,00422,内田博幸,1:23.4,1.1/4,15-13,34.1,6.1,3,482(0),01079,[東]古賀慎明,399030,久米田正明,130.0,,,,,,,,,,,"4(2,13)(1,14)(8,10,15)5(7,9)(6,12,16)11-17,3",15,1,0.0,False,"4,2-(1,13)14(8,15)10(5,9)(7,16)(11,12)(6,3,17)",13,2,5.0,False,-6,乾いた馬場で、前週と比べれば時計の出やすいコンディション。
201605050104,4,2歳未勝利,芝,1400,晴,良,11:25,2016-11-05,東京,4,7,14,2014100702,タックボーイ,牡2,55,01009,柴田大知,1:23.7,1.3/4,4-5,34.9,8.2,4,436(0),00359,[東]高橋祥泰,716800,ビッグレッドファーム,75.0,,,,,,,,,,,"4(2,13)(1,14)(8,10,15)5(7,9)(6,12,16)11-17,3",4,2,0.0,False,"4,2-(1,13)14(8,15)10(5,9)(7,16)(11,12)(6,3,17)",5,1,5.0,False,-6,乾いた馬場で、前週と比べれば時計の出やすいコンディション。
201605050104,4,2歳未勝利,芝,1400,晴,良,11:25,2016-11-05,東京,5,4,7,2014106309,サクラサクコロ,牡2,52,01158,野中悠太,1:23.7,ハナ,10-11,34.5,10.2,7,446(-8),01031,[東]伊藤伸一,855030,田頭勇貴,50.0,,,,,,,,,,,"4(2,13)(1,14)(8,10,15)5(7,9)(6,12,16)11-17,3",10,2,0.0,False,"4,2-(1,13)14(8,15)10(5,9)(7,16)(11,12)(6,3,17)",11,2,5.0,False,-6,乾いた馬場で、前週と比べれば時計の出やすいコンディション。
201605050104,4,2歳未勝利,芝,1400,晴,良,11:25,2016-11-05,東京,6,5,10,2014103745,ボナッソーラ,牝2,54,01096,大野拓弥,1:23.9,1.1/4,6-8,34.9,30.5,8,424(-4),01150,[東]池上昌和,482002,水上行雄,,,,,,,,,,,,"4(2,13)(1,14)(8,10,15)5(7,9)(6,12,16)11-17,3",6,3,0.0,False,"4,2-(1,13)14(8,15)10(5,9)(7,16)(11,12)(6,3,17)",8,1,5.0,False,-6,乾いた馬場で、前週と比べれば時計の出やすいコンディション。
201605050104,4,2歳未勝利,芝,1400,晴,良,11:25,2016-11-05,東京,7,5,9,2014100435,コスモメイプル,牡2,55,05386,戸崎圭太,1:23.9,ハナ,10-9,34.8,8.5,5,466(-2),01132,[東]金成貴史,716800,ビッグレッドファーム,,,,,,,,,,,,"4(2,13)(1,14)(8,10,15)5(7,9)(6,12,16)11-17,3",10,2,0.0,False,"4,2-(1,13)14(8,15)10(5,9)(7,16)(11,12)(6,3,17)",9,2,5.0,False,-6,乾いた馬場で、前週と比べれば時計の出やすいコンディション。
201605050104,4,2歳未勝利,芝,1400,晴,良,11:25,2016-11-05,東京,8,1,1,2014101259,ローズジャイプール,牝2,54,01029,武士沢友,1:24.1,1.1/2,4-3,35.5,63.2,9,432(0),00428,[東]石毛善彦,855030,田頭勇貴,,,,,,,,,,,,"4(2,13)(1,14)(8,10,15)5(7,9)(6,12,16)11-17,3",4,2,0.0,False,"4,2-(1,13)14(8,15)10(5,9)(7,16)(11,12)(6,3,17)",3,2,5.0,False,-6,乾いた馬場で、前週と比べれば時計の出やすいコンディション。
201605050104,4,2歳未勝利,芝,1400,晴,良,11:25,2016-11-05,東京,9,3,5,2014100304,ネコフッピー,牝2,54,05445,山本聡哉,1:24.5,2.1/2,9-9,35.4,115.8,11,420(-2),01143,[東]和田雄二,129005,桐谷茂,,,,,,,,,,,,"4(2,13)(1,14)(8,10,15)5(7,9)(6,12,16)11-17,3",9,1,0.0,False,"4,2-(1,13)14(8,15)10(5,9)(7,16)(11,12)(6,3,17)",9,2,5.0,False,-6,乾いた馬場で、前週と比べれば時計の出やすいコンディション。
201605050104,4,2歳未勝利,芝,1400,晴,良,11:25,2016-11-05,東京,10,2,3,2014100140,ルックアットミー,牝2,51,01164,藤田菜七,1:24.5,クビ,17-15,34.9,8.5,6,456(+4),01036,[東]高橋義博,871006,高橋信博,,,,,,,,,,,,"4(2,13)(1,14)(8,10,15)5(7,9)(6,12,16)11-17,3",17,1,5.0,False,"4,2-(1,13)14(8,15)10(5,9)(7,16)(11,12)(6,3,17)",15,3,5.0,False,-6,乾いた馬場で、前週と比べれば時計の出やすいコンディション。
201605050104,4,2歳未勝利,芝,1400,晴,良,11:25,2016-11-05,東京,11,8,15,2014104191,ジーヴル,牝2,54,00629,木幡初広,1:24.7,1,6-6,35.8,204.6,14,428(-4),00353,[東]和田正道,716800,ビッグレッドファーム,,,,,,,,,,,,"4(2,13)(1,14)(8,10,15)5(7,9)(6,12,16)11-17,3",6,3,0.0,False,"4,2-(1,13)14(8,15)10(5,9)(7,16)(11,12)(6,3,17)",6,2,5.0,False,-6,乾いた馬場で、前週と比べれば時計の出やすいコンディション。
201605050104,4,2歳未勝利,芝,1400,晴,良,11:25,2016-11-05,東京,12,7,13,2014100660,ボンジュールボーラ,牝2,54,00641,柴田善臣,1:24.7,クビ,2-3,36.1,198.0,12,450(+16),01090,[東]天間昭一,397030,田中善次郎,,,,,,,,,,,,"4(2,13)(1,14)(8,10,15)5(7,9)(6,12,16)11-17,3",2,2,0.0,False,"4,2-(1,13)14(8,15)10(5,9)(7,16)(11,12)(6,3,17)",3,2,5.0,False,-6,乾いた馬場で、前週と比べれば時計の出やすいコンディション。
201605050104,4,2歳未勝利,芝,1400,晴,良,11:25,2016-11-05,東京,13,4,8,2014105070,ジェリーロラム,牝2,54,00689,江田照男,1:24.9,1,6-6,36.0,324.8,17,406(-8),01051,[東]岩戸孝樹,629800,ミルファーム,,,,,,,,,,,,"4(2,13)(1,14)(8,10,15)5(7,9)(6,12,16)11-17,3",6,3,0.0,False,"4,2-(1,13)14(8,15)10(5,9)(7,16)(11,12)(6,3,17)",6,2,5.0,False,-6,乾いた馬場で、前週と比べれば時計の出やすいコンディション。
201605050104,4,2歳未勝利,芝,1400,晴,良,11:25,2016-11-05,東京,14,8,16,2014100343,ティンウッドマン,牡2,55,01025,勝浦正樹,1:24.9,クビ,12-11,35.7,65.7,10,464(0),01036,[東]高橋義博,677009,西森鶴,,,,,,,,,,,,"4(2,13)(1,14)(8,10,15)5(7,9)(6,12,16)11-17,3",12,3,0.0,False,"4,2-(1,13)14(8,15)10(5,9)(7,16)(11,12)(6,3,17)",11,2,5.0,False,-6,乾いた馬場で、前週と比べれば時計の出やすいコンディション。
201605050104,4,2歳未勝利,芝,1400,晴,良,11:25,2016-11-05,東京,15,8,17,2014101091,フルコンタクト,セ2,55,05243,柴山雄一,1:25.2,1.3/4,16-15,35.6,276.7,15,456(+10),01153,[東]中舘英二,373008,中村祐子,,,,,,,,,,,,"4(2,13)(1,14)(8,10,15)5(7,9)(6,12,16)11-17,3",16,1,3.5,False,"4,2-(1,13)14(8,15)10(5,9)(7,16)(11,12)(6,3,17)",15,3,5.0,False,-6,乾いた馬場で、前週と比べれば時計の出やすいコンディション。
201605050104,4,2歳未勝利,芝,1400,晴,良,11:25,2016-11-05,東京,16,3,6,2014100912,ランディーニ,牝2,54,00684,田中勝春,1:25.4,1.1/2,12-15,35.9,300.9,16,426(-4),00436,[東]堀井雅広,029007,吉田好雄,,,,,,,,,,,,"4(2,13)(1,14)(8,10,15)5(7,9)(6,12,16)11-17,3",12,3,0.0,False,"4,2-(1,13)14(8,15)10(5,9)(7,16)(11,12)(6,3,17)",15,3,5.0,False,-6,乾いた馬場で、前週と比べれば時計の出やすいコンディション。
201605050104,4,2歳未勝利,芝,1400,晴,良,11:25,2016-11-05,東京,17,6,12,2014101247,ヒスイ,牝2,54,00726,岩部純二,1:25.7,2,12-13,36.4,203.3,13,502(-8),00402,[東]谷原義明,629800,ミルファーム,,,,,,,,,,,,"4(2,13)(1,14)(8,10,15)5(7,9)(6,12,16)11-17,3",12,3,0.0,False,"4,2-(1,13)14(8,15)10(5,9)(7,16)(11,12)(6,3,17)",13,2,5.0,False,-6,乾いた馬場で、前週と比べれば時計の出やすいコンディション。
201605050105,5,2歳新馬,ダ,1600,晴,良,12:20,2016-11-05,東京,1,7,10,2014101512,リヴェルディ,牡2,55,01115,浜中俊,1:39.8,,7-2,36.1,8.1,5,508(0),01081,[東]中川公成,245800,佐藤牧場,700.0,,,,,,,,,,,"(*9,13)12,7(5,11)10(6,3)(2,4,1,8)",7,1,1.5,False,"(9,13,*12,7,10)-(5,11)(6,3)-1,2-(4,8)",2,5,0.0,False,-1,
201605050105,5,2歳新馬,ダ,1600,晴,良,12:20,2016-11-05,東京,2,6,9,2014102487,サノヘッド,牡2,55,01096,大野拓弥,1:39.8,クビ,1-2,36.2,17.3,8,488(0),01127,[東]栗田徹,735033,佐野信幸,280.0,,,,,,,,,,,"(*9,13)12,7(5,11)10(6,3)(2,4,1,8)",1,2,0.0,True,"(9,13,*12,7,10)-(5,11)(6,3)-1,2-(4,8)",2,5,0.0,False,-1,
201605050105,5,2歳新馬,ダ,1600,晴,良,12:20,2016-11-05,東京,3,3,3,2014105885,ブルビネラ,牝2,53,01150,石川裕紀,1:40.5,4,8-8,36.4,4.3,2,536(0),01126,[東]木村哲也,506800,シルクレーシング,180.0,,,,,,,,,,,"(*9,13)12,7(5,11)10(6,3)(2,4,1,8)",8,2,1.5,False,"(9,13,*12,7,10)-(5,11)(6,3)-1,2-(4,8)",8,2,3.5,False,-1,
201605050105,5,2歳新馬,ダ,1600,晴,良,12:20,2016-11-05,東京,4,5,6,2014104560,ワイルドソング,牡2,55,00641,柴田善臣,1:41.2,4,8-8,37.1,8.9,6,520(0),00392,[東]古賀史生,099007,西村專次,110.0,,,,,,,,,,,"(*9,13)12,7(5,11)10(6,3)(2,4,1,8)",8,2,1.5,False,"(9,13,*12,7,10)-(5,11)(6,3)-1,2-(4,8)",8,2,3.5,False,-1,
201605050105,5,2歳新馬,ダ,1600,晴,良,12:20,2016-11-05,東京,5,6,8,2014102439,デルマタッシャデナ,牡2,55,05243,柴山雄一,1:41.8,3.1/2,10-12,37.0,195.8,13,468(0),01114,[東]和田正一,274002,浅沼廣幸,70.0,,,,,,,,,,,"(*9,13)12,7(5,11)10(6,3)(2,4,1,8)",10,4,1.5,False,"(9,13,*12,7,10)-(5,11)(6,3)-1,2-(4,8)",12,2,12.0,False,-1,
201605050105,5,2歳新馬,ダ,1600,晴,良,12:20,2016-11-05,東京,6,8,12,2014102002,レコンキスタ,牡2,55,00422,内田博幸,1:41.9,クビ,3-1,38.3,3.0,1,492(0),01086,[東]斎藤誠,338007,村野康司,,,,,,,,,,,,"(*9,13)12,7(5,11)10(6,3)(2,4,1,8)",3,1,0.0,False,"(9,13,*12,7,10)-(5,11)(6,3)-1,2-(4,8)",1,5,0.0,True,-1,
201605050105,5,2歳新馬,ダ,1600,晴,良,12:20,2016-11-05,東京,7,2,2,2014101240,ビービーパドル,牡2,55,01085,松岡正海,1:42.2,2,10-11,37.7,151.1,12,478(0),01153,[東]中舘英二,974030,坂東勝彦,,,,,,,,,,,,"(*9,13)12,7(5,11)10(6,3)(2,4,1,8)",10,4,1.5,False,"(9,13,*12,7,10)-(5,11)(6,3)-1,2-(4,8)",11,1,8.5,False,-1,
201605050105,5,2歳新馬,ダ,1600,晴,良,12:20,2016-11-05,東京,8,8,13,2014104331,スプラッシュスリー,牝2,54,00663,蛯名正義,1:42.2,ハナ,2-2,38.6,14.9,7,430(0),01147,[東]武井亮,453033,大内康平,,,,,,,,,,,,"(*9,13)12,7(5,11)10(6,3)(2,4,1,8)",2,2,0.0,False,"(9,13,*12,7,10)-(5,11)(6,3)-1,2-(4,8)",2,5,0.0,False,-1,
201605050105,5,2歳新馬,ダ,1600,晴,良,12:20,2016-11-05,東京,9,4,4,2014101384,ザッカリーア,牡2,55,01043,北村宏司,1:42.2,クビ,10-12,37.4,7.6,3,532(0),01109,[東]伊藤大士,053803,杉山忠国,,,,,,,,,,,,"(*9,13)12,7(5,11)10(6,3)(2,4,1,8)",10,4,1.5,False,"(9,13,*12,7,10)-(5,11)(6,3)-1,2-(4,8)",12,2,12.0,False,-1,
201605050105,5,2歳新馬,ダ,1600,晴,良,12:20,2016-11-05,東京,10,1,1,2014105481,グレースディアーナ,牝2,54,05386,戸崎圭太,1:42.3,クビ,10-10,37.9,7.7,4,516(0),01052,[東]菊川正達,310007,吉田千津,,,,,,,,,,,,"(*9,13)12,7(5,11)10(6,3)(2,4,1,8)",10,4,1.5,False,"(9,13,*12,7,10)-(5,11)(6,3)-1,2-(4,8)",10,1,7.0,False,-1,
201605050105,5,2歳新馬,ダ,1600,晴,良,12:20,2016-11-05,東京,11,4,5,2014100062,アルファリンクス,牡2,55,01025,勝浦正樹,1:42.4,1/2,5-6,38.4,37.4,10,460(0),01048,[東]畠山吉宏,472800,貴悦,,,,,,,,,,,,"(*9,13)12,7(5,11)10(6,3)(2,4,1,8)",5,2,1.5,False,"(9,13,*12,7,10)-(5,11)(6,3)-1,2-(4,8)",6,2,3.5,False,-1,
201605050105,5,2歳新馬,ダ,1600,晴,良,12:20,2016-11-05,東京,12,7,11,2014105154,マイネルフォーマル,牡2,55,01009,柴田大知,1:42.6,1.1/4,5-6,38.6,35.9,9,450(0),01064,[東]武藤善則,546800,サラブレッドクラブ・...,,,,,,,,,,,,"(*9,13)12,7(5,11)10(6,3)(2,4,1,8)",5,2,1.5,False,"(9,13,*12,7,10)-(5,11)(6,3)-1,2-(4,8)",6,2,3.5,False,-1,
201605050105,5,2歳新馬,ダ,1600,晴,良,12:20,2016-11-05,東京,13,5,7,2014102479,ワイルドスマッシュ,牡2,55,00733,吉田豊,1:42.6,クビ,4-2,38.9,104.4,11,470(0),00349,[東]尾形充弘,017009,古川嘉治,,,,,,,,,,,,"(*9,13)12,7(5,11)10(6,3)(2,4,1,8)",4,1,1.5,False,"(9,13,*12,7,10)-(5,11)(6,3)-1,2-(4,8)",2,5,0.0,False,-1,
201605050106,6,2歳新馬,芝,1600,晴,良,12:55,2016-11-05,東京,1,3,3,2014102667,シンボリバーグ,牝2,54,01043,北村宏司,1:37.9,,4-4,33.9,3.2,2,504(0),00386,[東]藤沢和雄,431800,シンボリ牧場,700.0,,,,,,,,,,,"(*2,9)10(3,6)(1,4,7)(5,12)(8,13)11",4,2,0.0,False,"(*2,9)10(3,6)(1,4,7)(8,5,12)(11,13)",4,2,0.0,False,-6,乾いた馬場で、前週と比べれば時計の出やすいコンディション。
201605050106,6,2歳新馬,芝,1600,晴,良,12:55,2016-11-05,東京,2,8,12,2014105250,キングリッド,牡2,55,01085,松岡正海,1:37.9,クビ,9-9,33.5,10.4,5,446(0),00390,[東]池上昌弘,221007,吉田安惠,280.0,,,,,,,,,,,"(*2,9)10(3,6)(1,4,7)(5,12)(8,13)11",9,2,0.0,False,"(*2,9)10(3,6)(1,4,7)(8,5,12)(11,13)",9,3,0.0,False,-6,乾いた馬場で、前週と比べれば時計の出やすいコンディション。
201605050106,6,2歳新馬,芝,1600,晴,良,12:55,2016-11-05,東京,3,6,9,2014110087,カケルテソーロ,牡2,55,01096,大野拓弥,1:38.0,クビ,2-2,34.4,8.8,4,548(0),01130,[西]吉村圭司,980033,了徳寺健二,180.0,,,,,,,,,,,"(*2,9)10(3,6)(1,4,7)(5,12)(8,13)11",2,2,0.0,False,"(*2,9)10(3,6)(1,4,7)(8,5,12)(11,13)",2,2,0.0,False,-6,乾いた馬場で、前週と比べれば時計の出やすいコンディション。
201605050106,6,2歳新馬,芝,1600,晴,良,12:55,2016-11-05,東京,4,5,6,2014101773,ラッシュハート,牝2,54,05386,戸崎圭太,1:38.4,2.1/2,4-4,34.4,6.0,3,420(0),01054,[東]戸田博文,555033,小林哲之,110.0,,,,,,,,,,,"(*2,9)10(3,6)(1,4,7)(5,12)(8,13)11",4,2,0.0,False,"(*2,9)10(3,6)(1,4,7)(8,5,12)(11,13)",4,2,0.0,False,-6,乾いた馬場で、前週と比べれば時計の出やすいコンディション。
201605050106,6,2歳新馬,芝,1600,晴,良,12:55,2016-11-05,東京,5,5,7,2014106173,ミンネザング,牝2,54,05339,ルメール,1:38.4,クビ,6-6,34.2,2.6,1,470(0),01017,[東]萩原清,708800,金子真人ホールディン...,70.0,,,,,,,,,,,"(*2,9)10(3,6)(1,4,7)(5,12)(8,13)11",6,3,0.0,False,"(*2,9)10(3,6)(1,4,7)(8,5,12)(11,13)",6,3,0.0,False,-6,乾いた馬場で、前週と比べれば時計の出やすいコンディション。
201605050106,6,2歳新馬,芝,1600,晴,良,12:55,2016-11-05,東京,6,4,5,2014102320,ニシノオラクル,牡2,55,00422,内田博幸,1:38.6,1.1/4,9-9,34.1,82.1,8,444(0),01005,[東]小桧山悟,897009,西山茂行,,,,,,,,,,,,"(*2,9)10(3,6)(1,4,7)(5,12)(8,13)11",9,2,0.0,False,"(*2,9)10(3,6)(1,4,7)(8,5,12)(11,13)",9,3,0.0,False,-6,乾いた馬場で、前週と比べれば時計の出やすいコンディション。
201605050106,6,2歳新馬,芝,1600,晴,良,12:55,2016-11-05,東京,7,2,2,2014102754,シュラブ,牡2,55,00641,柴田善臣,1:38.6,クビ,1-1,35.0,125.0,10,496(0),00420,[東]宗像義忠,274008,佐藤壽男,,,,,,,,,,,,"(*2,9)10(3,6)(1,4,7)(5,12)(8,13)11",1,2,0.0,True,"(*2,9)10(3,6)(1,4,7)(8,5,12)(11,13)",1,2,0.0,True,-6,乾いた馬場で、前週と比べれば時計の出やすいコンディション。
201605050106,6,2歳新馬,芝,1600,晴,良,12:55,2016-11-05,東京,8,4,4,2014102234,ホーププラウド,牡2,55,00660,横山典弘,1:38.8,1,6-6,34.6,13.2,6,464(0),01007,[東]柴田政人,548009,岡田勇,,,,,,,,,,,,"(*2,9)10(3,6)(1,4,7)(5,12)(8,13)11",6,3,0.0,False,"(*2,9)10(3,6)(1,4,7)(8,5,12)(11,13)",6,3,0.0,False,-6,乾いた馬場で、前週と比べれば時計の出やすいコンディション。
201605050106,6,2歳新馬,芝,1600,晴,良,12:55,2016-11-05,東京,9,8,13,2014109007,クリノヴィクトリア,牝2,54,05445,山本聡哉,1:38.8,ハナ,11-12,34.0,138.8,11,452(0),01014,[東]高市圭二,970006,栗本博晴,,,,,,,,,,,,"(*2,9)10(3,6)(1,4,7)(5,12)(8,13)11",11,2,0.0,False,"(*2,9)10(3,6)(1,4,7)(8,5,12)(11,13)",12,2,0.0,False,-6,乾いた馬場で、前週と比べれば時計の出やすいコンディション。
201605050106,6,2歳新馬,芝,1600,晴,良,12:55,2016-11-05,東京,10,7,11,2014105453,ラブアイリス,牡2,55,01075,田辺裕信,1:39.1,1.3/4,13-12,34.3,16.7,7,512(0),00423,[東]上原博之,270006,島川隆哉,,,,,,,,,,,,"(*2,9)10(3,6)(1,4,7)(5,12)(8,13)11",13,1,0.0,False,"(*2,9)10(3,6)(1,4,7)(8,5,12)(11,13)",12,2,0.0,False,-6,乾いた馬場で、前週と比べれば時計の出やすいコンディション。
201605050106,6,2歳新馬,芝,1600,晴,良,12:55,2016-11-05,東京,11,7,10,2014105129,コスモカレント,牡2,55,01009,柴田大知,1:39.2,3/4,3-3,35.5,106.6,9,440(0),01115,[東]菊沢隆徳,716800,ビッグレッドファーム,,,,,,,,,,,,"(*2,9)10(3,6)(1,4,7)(5,12)(8,13)11",3,1,0.0,False,"(*2,9)10(3,6)(1,4,7)(8,5,12)(11,13)",3,1,0.0,False,-6,乾いた馬場で、前週と比べれば時計の出やすいコンディション。
201605050106,6,2歳新馬,芝,1600,晴,良,12:55,2016-11-05,東京,12,6,8,2014101822,ナモカモネ,牝2,54,01051,嘉藤貴行,1:39.3,クビ,11-9,34.8,164.2,13,420(0),01096,[東]粕谷昌央,716800,ビッグレッドファーム,,,,,,,,,,,,"(*2,9)10(3,6)(1,4,7)(5,12)(8,13)11",11,2,0.0,False,"(*2,9)10(3,6)(1,4,7)(8,5,12)(11,13)",9,3,0.0,False,-6,乾いた馬場で、前週と比べれば時計の出やすいコンディション。
201605050106,6,2歳新馬,芝,1600,晴,良,12:55,2016-11-05,東京,13,1,1,2014102821,リフレクションズ,牝2,51,01158,野中悠太,1:39.7,2.1/2,6-6,35.5,150.6,12,440(0),01031,[東]伊藤伸一,055700,グリーンスウォード,,,,,,,,,,,,"(*2,9)10(3,6)(1,4,7)(5,12)(8,13)11",6,3,0.0,False,"(*2,9)10(3,6)(1,4,7)(8,5,12)(11,13)",6,3,0.0,False,-6,乾いた馬場で、前週と比べれば時計の出やすいコンディション。
201605050107,7,3歳以上500万下,ダ,1400,晴,良,13:25,2016-11-05,東京,1,4,8,2012102281,マイネルエスパス,牡4,57,01009,柴田大知,1:25.1,,4-3,36.4,4.4,2,508(-2),01052,[東]菊川正達,546800,サラブレッドクラブ・...,750.0,,,,,,,,,,,"3(1,4)8,2(6,16)7(9,15)(5,11)-(10,13)14,12",4,1,0.0,False,"(*3,4)(1,8)(2,6)(7,16)(5,9,15)11(10,13)12,14",3,2,0.0,False,-1,
201605050107,7,3歳以上500万下,ダ,1400,晴,良,13:25,2016-11-05,東京,2,5,9,2012102503,サンタナブルー,牡4,54,01164,藤田菜七,1:25.1,アタマ,9-9,35.6,4.9,3,476(+4),01143,[東]和田雄二,188800,ブルーマネジメント,300.0,,,,,,,,,,,"3(1,4)8,2(6,16)7(9,15)(5,11)-(10,13)14,12",9,2,1.5,False,"(*3,4)(1,8)(2,6)(7,16)(5,9,15)11(10,13)12,14",9,3,0.0,False,-1,
201605050107,7,3歳以上500万下,ダ,1400,晴,良,13:25,2016-11-05,東京,3,3,6,2012104441,ワンボーイ,牡4,57,00684,田中勝春,1:25.3,1.1/4,6-5,36.3,17.3,9,494(+2),01116,[東]新開幸一,138030,稲川一,190.0,,,,,,,,,,,"3(1,4)8,2(6,16)7(9,15)(5,11)-(10,13)14,12",6,2,1.5,False,"(*3,4)(1,8)(2,6)(7,16)(5,9,15)11(10,13)12,14",5,2,0.0,False,-1,
201605050107,7,3歳以上500万下,ダ,1400,晴,良,13:25,2016-11-05,東京,4,4,7,2012102520,リリーグランツ,牝4,55,00733,吉田豊,1:25.4,クビ,8-7,36.1,13.4,6,452(-6),01108,[東]矢野英一,314033,森岡幸人,110.0,,,,,,,,,,,"3(1,4)8,2(6,16)7(9,15)(5,11)-(10,13)14,12",8,1,1.5,False,"(*3,4)(1,8)(2,6)(7,16)(5,9,15)11(10,13)12,14",7,2,0.0,False,-1,
201605050107,7,3歳以上500万下,ダ,1400,晴,良,13:25,2016-11-05,東京,5,1,1,2012104902,ボルゲーゼ,セ4,57,05339,ルメール,1:25.4,ハナ,2-3,36.7,3.7,1,468(+2),01126,[東]木村哲也,226800,サンデーレーシング,75.0,,,,,,,,,,,"3(1,4)8,2(6,16)7(9,15)(5,11)-(10,13)14,12",2,2,0.0,False,"(*3,4)(1,8)(2,6)(7,16)(5,9,15)11(10,13)12,14",3,2,0.0,False,-1,
201605050107,7,3歳以上500万下,ダ,1400,晴,良,13:25,2016-11-05,東京,6,6,12,2012103540,タイセイプレシャス,セ4,57,01096,大野拓弥,1:25.5,3/4,16-15,35.4,7.1,4,472(+2),00390,[東]池上昌弘,224007,田中成奉,,,,,,,,,,,,"3(1,4)8,2(6,16)7(9,15)(5,11)-(10,13)14,12",16,1,6.5,False,"(*3,4)(1,8)(2,6)(7,16)(5,9,15)11(10,13)12,14",15,1,0.0,False,-1,
201605050107,7,3歳以上500万下,ダ,1400,晴,良,13:25,2016-11-05,東京,7,2,4,2012101289,サンマルバロン,セ4,57,01097,小島太一,1:25.5,クビ,2-2,36.9,75.7,13,470(0),01013,[東]小島太,580007,相馬勇,,,,,,,,,,,,"3(1,4)8,2(6,16)7(9,15)(5,11)-(10,13)14,12",2,2,0.0,False,"(*3,4)(1,8)(2,6)(7,16)(5,9,15)11(10,13)12,14",2,2,0.0,False,-1,
201605050107,7,3歳以上500万下,ダ,1400,晴,良,13:25,2016-11-05,東京,8,3,5,2013101694,デルマコウモン,牡3,56,00660,横山典弘,1:25.7,1,11-9,36.1,12.7,5,452(0),01125,[東]小野次郎,274002,浅沼廣幸,,,,,,,,,,,,"3(1,4)8,2(6,16)7(9,15)(5,11)-(10,13)14,12",11,2,1.5,False,"(*3,4)(1,8)(2,6)(7,16)(5,9,15)11(10,13)12,14",9,3,0.0,False,-1,
201605050107,7,3歳以上500万下,ダ,1400,晴,良,13:25,2016-11-05,東京,9,8,16,2011104171,スマートダイバー,牡5,57,01115,浜中俊,1:26.0,1.3/4,6-7,36.8,15.5,8,496(+4),00392,[東]古賀史生,007803,大川徹,,,,,,,,,,,,"3(1,4)8,2(6,16)7(9,15)(5,11)-(10,13)14,12",6,2,1.5,False,"(*3,4)(1,8)(2,6)(7,16)(5,9,15)11(10,13)12,14",7,2,0.0,False,-1,
201605050107,7,3歳以上500万下,ダ,1400,晴,良,13:25,2016-11-05,東京,10,5,10,2011103345,ドゥーイット,牡5,57,01029,武士沢友,1:26.0,クビ,13-13,36.1,125.5,14,460(0),00436,[東]堀井雅広,132800,ヒダカファーム,,,,,,,,,,,,"3(1,4)8,2(6,16)7(9,15)(5,11)-(10,13)14,12",13,2,5.0,False,"(*3,4)(1,8)(2,6)(7,16)(5,9,15)11(10,13)12,14",13,2,0.0,False,-1,
201605050107,7,3歳以上500万下,ダ,1400,晴,良,13:25,2016-11-05,東京,11,2,3,2013102003,エピックマジック,牝3,54,05386,戸崎圭太,1:26.1,1/2,1-1,37.6,14.0,7,482(+4),01134,[東]高橋文雅,921033,松浦快之,,,,,,,,,,,,"3(1,4)8,2(6,16)7(9,15)(5,11)-(10,13)14,12",1,1,0.0,False,"(*3,4)(1,8)(2,6)(7,16)(5,9,15)11(10,13)12,14",1,2,0.0,True,-1,
201605050107,7,3歳以上500万下,ダ,1400,晴,良,13:25,2016-11-05,東京,12,1,2,2011101754,インスタイル,セ5,56,01150,石川裕紀,1:26.3,1,5-5,37.3,62.6,10,490(-8),01150,[東]池上昌和,851009,岡田牧雄,,,,,,,,,,,,"3(1,4)8,2(6,16)7(9,15)(5,11)-(10,13)14,12",5,1,1.5,False,"(*3,4)(1,8)(2,6)(7,16)(5,9,15)11(10,13)12,14",5,2,0.0,False,-1,
201605050107,7,3歳以上500万下,ダ,1400,晴,良,13:25,2016-11-05,東京,13,7,14,2013104169,ユアザスター,牡3,53,01161,菊沢一樹,1:26.3,ハナ,15-16,36.0,412.5,16,494(+16),01023,[東]伊藤圭三,099007,西村專次,,,,,,,,,,,,"3(1,4)8,2(6,16)7(9,15)(5,11)-(10,13)14,12",15,1,5.0,False,"(*3,4)(1,8)(2,6)(7,16)(5,9,15)11(10,13)12,14",16,1,1.5,False,-1,
201605050107,7,3歳以上500万下,ダ,1400,晴,良,13:25,2016-11-05,東京,14,6,11,2012102830,ポントス,牡4,57,00689,江田照男,1:26.4,3/4,11-12,36.7,70.8,11,468(+4),01131,[東]蛯名利弘,629800,ミルファーム,,,,,,,,,,,,"3(1,4)8,2(6,16)7(9,15)(5,11)-(10,13)14,12",11,2,1.5,False,"(*3,4)(1,8)(2,6)(7,16)(5,9,15)11(10,13)12,14",12,1,0.0,False,-1,
201605050107,7,3歳以上500万下,ダ,1400,晴,良,13:25,2016-11-05,東京,15,8,15,2012103365,ボナフォルトゥーナ,牡4,57,01075,田辺裕信,1:26.8,2.1/2,9-9,37.3,74.7,12,502(+6),01064,[東]武藤善則,852030,佐々木雄二,,,,,,,,,,,,"3(1,4)8,2(6,16)7(9,15)(5,11)-(10,13)14,12",9,2,1.5,False,"(*3,4)(1,8)(2,6)(7,16)(5,9,15)11(10,13)12,14",9,3,0.0,False,-1,
201605050107,7,3歳以上500万下,ダ,1400,晴,良,13:25,2016-11-05,東京,16,7,13,2013105524,ソーアメージング,牡3,56,01025,勝浦正樹,1:28.1,8,13-13,38.2,154.2,15,506(0),01027,[東]田村康仁,415800,社台レースホース,,,,,,,,,,,,"3(1,4)8,2(6,16)7(9,15)(5,11)-(10,13)14,12",13,2,5.0,False,"(*3,4)(1,8)(2,6)(7,16)(5,9,15)11(10,13)12,14",13,2,0.0,False,-1,
201605050108,8,3歳以上500万下,ダ,1600,晴,良,13:55,2016-11-05,東京,1,3,3,2012103874,フィールザプリティ,牝4,55,01096,大野拓弥,1:37.6,,8-7,36.5,1.7,1,470(+8),01051,[東]岩戸孝樹,864009,櫻井正,750.0,,,,,,,,,,,"10,5(1,8)(2,6)11,3,12-(4,9,7)",8,1,3.0,False,"10,5(1,8)(2,6)(3,11)12(4,9)7",7,2,1.5,False,-1,
201605050108,8,3歳以上500万下,ダ,1600,晴,良,13:55,2016-11-05,東京,2,2,2,2013106452,サンヘレナ,牝3,54,01085,松岡正海,1:37.7,3/4,5-5,36.9,7.4,3,488(-2),01090,[東]天間昭一,059803,加藤ステーブル,300.0,,,,,,,,,,,"10,5(1,8)(2,6)11,3,12-(4,9,7)",5,2,1.5,False,"10,5(1,8)(2,6)(3,11)12(4,9)7",5,2,1.5,False,-1,
201605050108,8,3歳以上500万下,ダ,1600,晴,良,13:55,2016-11-05,東京,3,8,12,2012104914,クレオール,牝4,55,05339,ルメール,1:37.9,1.1/4,9-9,36.6,8.4,4,462(+2),01064,[東]武藤善則,486800,キャロットファーム,190.0,,,,,,,,,,,"10,5(1,8)(2,6)11,3,12-(4,9,7)",9,1,4.5,False,"10,5(1,8)(2,6)(3,11)12(4,9)7",9,1,1.5,False,-1,
201605050108,8,3歳以上500万下,ダ,1600,晴,良,13:55,2016-11-05,東京,4,7,9,2012101185,ホッコーヴァール,牝4,55,05243,柴山雄一,1:38.3,2.1/2,10-10,36.9,36.1,8,528(-4),01093,[東]松永康利,057803,北幸商事,110.0,,,,,,,,,,,"10,5(1,8)(2,6)11,3,12-(4,9,7)",10,3,8.0,False,"10,5(1,8)(2,6)(3,11)12(4,9)7",10,2,1.5,False,-1,
201605050108,8,3歳以上500万下,ダ,1600,晴,良,13:55,2016-11-05,東京,5,6,8,2013102053,アッキー,牝3,54,00422,内田博幸,1:38.6,1.3/4,3-3,38.0,4.6,2,442(+8),01134,[東]高橋文雅,986033,佐久間拓士,75.0,,,,,,,,,,,"10,5(1,8)(2,6)11,3,12-(4,9,7)",3,2,1.5,False,"10,5(1,8)(2,6)(3,11)12(4,9)7",3,2,1.5,False,-1,
201605050108,8,3歳以上500万下,ダ,1600,晴,良,13:55,2016-11-05,東京,6,4,4,2012102341,トラストレイカ,牝4,52,01164,藤田菜七,1:39.1,3,10-10,37.7,154.2,11,440(+2),01103,[東]尾関知人,125008,菅波雅巳,,,,,,,,,,,,"10,5(1,8)(2,6)11,3,12-(4,9,7)",10,3,8.0,False,"10,5(1,8)(2,6)(3,11)12(4,9)7",10,2,1.5,False,-1,
201605050108,8,3歳以上500万下,ダ,1600,晴,良,13:55,2016-11-05,東京,7,7,10,2010103501,ブルーバレット,牝6,52,01158,野中悠太,1:39.3,1.1/2,1-1,39.2,35.0,7,470(0),01023,[東]伊藤圭三,428008,泉俊二,,,,,,,,,,,,"10,5(1,8)(2,6)11,3,12-(4,9,7)",1,1,0.0,False,"10,5(1,8)(2,6)(3,11)12(4,9)7",1,1,0.0,False,-1,
201605050108,8,3歳以上500万下,ダ,1600,晴,良,13:55,2016-11-05,東京,8,1,1,2012105006,カゼニモマケズ,牝4,52,01161,菊沢一樹,1:39.4,クビ,3-3,38.8,315.8,12,466(-2),01043,[東]石栗龍彦,338006,江川伸夫,,,,,,,,,,,,"10,5(1,8)(2,6)11,3,12-(4,9,7)",3,2,1.5,False,"10,5(1,8)(2,6)(3,11)12(4,9)7",3,2,1.5,False,-1,
201605050108,8,3歳以上500万下,ダ,1600,晴,良,13:55,2016-11-05,東京,9,6,7,2012101706,ニシノプレシャス,牝4,54,01150,石川裕紀,1:39.4,ハナ,10-12,37.8,23.5,6,446(+2),00349,[東]尾形充弘,897009,西山茂行,,,,,,,,,,,,"10,5(1,8)(2,6)11,3,12-(4,9,7)",10,3,8.0,False,"10,5(1,8)(2,6)(3,11)12(4,9)7",12,1,1.5,False,-1,
201605050108,8,3歳以上500万下,ダ,1600,晴,良,13:55,2016-11-05,東京,10,8,11,2013105489,レッドアルカナ,牝3,54,00663,蛯名正義,1:39.4,クビ,7-7,38.3,12.2,5,488(+8),00399,[東]国枝栄,180800,東京ホースレーシング,,,,,,,,,,,,"10,5(1,8)(2,6)11,3,12-(4,9,7)",7,1,1.5,False,"10,5(1,8)(2,6)(3,11)12(4,9)7",7,2,1.5,False,-1,
201605050108,8,3歳以上500万下,ダ,1600,晴,良,13:55,2016-11-05,東京,11,5,5,2013104516,テンキセキ,牝3,54,00629,木幡初広,1:39.5,1/2,2-2,39.1,109.6,10,480(-6),01106,[東]牧光二,075006,天白泰司,,,,,,,,,,,,"10,5(1,8)(2,6)11,3,12-(4,9,7)",2,1,1.5,False,"10,5(1,8)(2,6)(3,11)12(4,9)7",2,1,1.5,False,-1,
201605050108,8,3歳以上500万下,ダ,1600,晴,良,13:55,2016-11-05,東京,12,5,6,2012105598,メイショウサワヤカ,牝4,55,00689,江田照男,1:40.7,7,5-5,39.9,66.7,9,484(+18),01013,[東]小島太,523005,松本好雄,,,,,,,,,,,,"10,5(1,8)(2,6)11,3,12-(4,9,7)",5,2,1.5,False,"10,5(1,8)(2,6)(3,11)12(4,9)7",5,2,1.5,False,-1,
201605050109,9,南武特別(2勝),芝,2400,晴,良,14:25,2016-11-05,東京,1,2,2,2012103930,マイネルサージュ,牡4,57,01009,柴田大知,2:26.3,,2-3-3-3,34.2,3.4,1,504(+4),01097,[東]鹿戸雄一,546800,サラブレッドクラブ・...,"1,523.8","9(2,10)(6,7)1,5(4,8)-11-3",2,2,0.0,False,"(*9,10)(2,6,7)(1,5)(4,8)11,3",3,3,0.0,False,"(*9,10)(2,6,7)(1,4,5)8,11,3",3,3,0.0,False,"(9,*10)(2,6,7)(1,4,5)8(3,11)",3,3,0.0,False,-6,乾いた馬場で、前週と比べれば時計の出やすいコンディション。
201605050109,9,南武特別(2勝),芝,2400,晴,良,14:25,2016-11-05,東京,2,4,4,2011110042,エイシンアロンジー,牡5,57,00422,内田博幸,2:26.6,2,8-8-6-6,34.3,11.5,6,480(-10),01028,[西]西園正都,785800,栄進堂,606.8,"9(2,10)(6,7)1,5(4,8)-11-3",8,2,1.5,False,"(*9,10)(2,6,7)(1,5)(4,8)11,3",8,2,0.0,False,"(*9,10)(2,6,7)(1,4,5)8,11,3",6,3,0.0,False,"(9,*10)(2,6,7)(1,4,5)8(3,11)",6,3,0.0,False,-6,乾いた馬場で、前週と比べれば時計の出やすいコンディション。
201605050109,9,南武特別(2勝),芝,2400,晴,良,14:25,2016-11-05,東京,3,8,11,2012104925,ヴェラヴァルスター,牡4,57,05339,ルメール,2:26.7,1/2,10-10-10-10,34.0,3.6,2,506(0),01126,[東]木村哲也,398030,保坂和孝,383.4,"9(2,10)(6,7)1,5(4,8)-11-3",10,1,5.0,False,"(*9,10)(2,6,7)(1,5)(4,8)11,3",10,1,0.0,False,"(*9,10)(2,6,7)(1,4,5)8,11,3",10,1,1.5,False,"(9,*10)(2,6,7)(1,4,5)8(3,11)",10,2,0.0,False,-6,乾いた馬場で、前週と比べれば時計の出やすいコンディション。
201605050109,9,南武特別(2勝),芝,2400,晴,良,14:25,2016-11-05,東京,4,3,3,2013104277,ステイブラビッシモ,牡3,55,01075,田辺裕信,2:27.0,2,11-11-11-10,34.3,6.7,4,458(-2),01067,[東]久保田貴,909006,草間庸文,230.0,"9(2,10)(6,7)1,5(4,8)-11-3",11,1,8.5,False,"(*9,10)(2,6,7)(1,5)(4,8)11,3",11,1,1.5,False,"(*9,10)(2,6,7)(1,4,5)8,11,3",11,1,3.0,False,"(9,*10)(2,6,7)(1,4,5)8(3,11)",10,2,0.0,False,-6,乾いた馬場で、前週と比べれば時計の出やすいコンディション。
201605050109,9,南武特別(2勝),芝,2400,晴,良,14:25,2016-11-05,東京,5,6,6,2012103708,サブライムカイザー,牡4,57,05386,戸崎圭太,2:27.0,クビ,4-3-3-3,34.9,4.3,3,500(-2),00390,[東]池上昌弘,547800,ヒダカ・ブリーダーズ...,150.0,"9(2,10)(6,7)1,5(4,8)-11-3",4,2,0.0,False,"(*9,10)(2,6,7)(1,5)(4,8)11,3",3,3,0.0,False,"(*9,10)(2,6,7)(1,4,5)8,11,3",3,3,0.0,False,"(9,*10)(2,6,7)(1,4,5)8(3,11)",3,3,0.0,False,-6,乾いた馬場で、前週と比べれば時計の出やすいコンディション。
201605050109,9,南武特別(2勝),芝,2400,晴,良,14:25,2016-11-05,東京,6,5,5,2012101673,タイセイアプローズ,牡4,57,01115,浜中俊,2:27.5,3,7-6-6-6,35.2,10.2,5,464(-4),01073,[西]宮本博,224007,田中成奉,,"9(2,10)(6,7)1,5(4,8)-11-3",7,1,1.5,False,"(*9,10)(2,6,7)(1,5)(4,8)11,3",6,2,0.0,False,"(*9,10)(2,6,7)(1,4,5)8,11,3",6,3,0.0,False,"(9,*10)(2,6,7)(1,4,5)8(3,11)",6,3,0.0,False,-6,乾いた馬場で、前週と比べれば時計の出やすいコンディション。
201605050109,9,南武特別(2勝),芝,2400,晴,良,14:25,2016-11-05,東京,7,7,8,2013101924,サンエイゴールド,牡3,55,05445,山本聡哉,2:27.5,ハナ,8-8-9-9,34.9,156.2,11,488(+10),05481,[地]瀬戸幸一,304031,鈴木雅俊,,"9(2,10)(6,7)1,5(4,8)-11-3",8,2,1.5,False,"(*9,10)(2,6,7)(1,5)(4,8)11,3",8,2,0.0,False,"(*9,10)(2,6,7)(1,4,5)8,11,3",9,1,0.0,False,"(9,*10)(2,6,7)(1,4,5)8(3,11)",9,1,0.0,False,-6,乾いた馬場で、前週と比べれば時計の出やすいコンディション。
201605050109,9,南武特別(2勝),芝,2400,晴,良,14:25,2016-11-05,東京,8,8,10,2012101430,マイネルカレッツァ,牡4,57,01096,大野拓弥,2:27.5,アタマ,2-2-2-1,35.7,15.5,7,518(-2),01153,[東]中舘英二,546800,サラブレッドクラブ・...,,"9(2,10)(6,7)1,5(4,8)-11-3",2,2,0.0,False,"(*9,10)(2,6,7)(1,5)(4,8)11,3",2,2,0.0,False,"(*9,10)(2,6,7)(1,4,5)8,11,3",2,2,0.0,False,"(9,*10)(2,6,7)(1,4,5)8(3,11)",1,2,0.0,True,-6,乾いた馬場で、前週と比べれば時計の出やすいコンディション。
201605050109,9,南武特別(2勝),芝,2400,晴,良,14:25,2016-11-05,東京,9,7,9,2013101447,ウインヴォラーレ,牡3,55,01085,松岡正海,2:27.6,1/2,1-1-1-2,35.7,33.6,8,454(-4),01038,[東]手塚貴久,494800,ウイン,,"9(2,10)(6,7)1,5(4,8)-11-3",1,1,0.0,False,"(*9,10)(2,6,7)(1,5)(4,8)11,3",1,2,0.0,True,"(*9,10)(2,6,7)(1,4,5)8,11,3",1,2,0.0,True,"(9,*10)(2,6,7)(1,4,5)8(3,11)",2,2,0.0,False,-6,乾いた馬場で、前週と比べれば時計の出やすいコンディション。
201605050109,9,南武特別(2勝),芝,2400,晴,良,14:25,2016-11-05,東京,10,6,7,2012102740,デンコウインパルス,牡4,57,00663,蛯名正義,2:28.3,4,4-3-3-3,36.2,52.3,9,482(+2),01099,[西]本田優,484007,田中康弘,,"9(2,10)(6,7)1,5(4,8)-11-3",4,2,0.0,False,"(*9,10)(2,6,7)(1,5)(4,8)11,3",3,3,0.0,False,"(*9,10)(2,6,7)(1,4,5)8,11,3",3,3,0.0,False,"(9,*10)(2,6,7)(1,4,5)8(3,11)",3,3,0.0,False,-6,乾いた馬場で、前週と比べれば時計の出やすいコンディション。
201605050109,9,南武特別(2勝),芝,2400,晴,良,14:25,2016-11-05,東京,11,1,1,2011104172,アンヴェイルド,牡5,57,00733,吉田豊,2:28.4,クビ,6-6-6-6,36.0,113.7,10,500(+2),01054,[東]戸田博文,514008,窪田康志,,"9(2,10)(6,7)1,5(4,8)-11-3",6,1,0.0,False,"(*9,10)(2,6,7)(1,5)(4,8)11,3",6,2,0.0,False,"(*9,10)(2,6,7)(1,4,5)8,11,3",6,3,0.0,False,"(9,*10)(2,6,7)(1,4,5)8(3,11)",6,3,0.0,False,-6,乾いた馬場で、前週と比べれば時計の出やすいコンディション。
201605050110,10,ノベンバーS(3勝),芝,2000,晴,良,15:01,2016-11-05,東京,1,4,6,2010102243,トルークマクト,牡6,55,00663,蛯名正義,1:59.9,,7-7-6,33.8,23.1,5,458(+4),01103,[東]尾関知人,629800,ミルファーム,"1,852.2",,,,,,"7-3(2,9)(1,10)-(4,6)(5,12)(8,14)(11,13)",7,2,7.0,False,"7-3-2-9(1,10)(4,6)(5,12)(11,8,14)-13",7,2,10.5,False,"7-3-2-(9,10)(1,6)4,12(5,14)8(11,13)",6,2,10.5,False,-6,乾いた馬場で、前週と比べれば時計の出やすいコンディション。
201605050110,10,ノベンバーS(3勝),芝,2000,晴,良,15:01,2016-11-05,東京,2,8,13,2013105870,ラヴィエベール,牡3,54,05339,ルメール,1:59.9,ハナ,13-14-13,33.1,1.7,1,492(-4),00386,[東]藤沢和雄,506800,シルクレーシング,739.2,,,,,,"7-3(2,9)(1,10)-(4,6)(5,12)(8,14)(11,13)",13,2,7.0,False,"7-3-2-9(1,10)(4,6)(5,12)(11,8,14)-13",14,1,14.0,False,"7-3-2-(9,10)(1,6)4,12(5,14)8(11,13)",13,2,12.0,False,-6,乾いた馬場で、前週と比べれば時計の出やすいコンディション。
201605050110,10,ノベンバーS(3勝),芝,2000,晴,良,15:01,2016-11-05,東京,3,3,3,2013102323,ゲッカコウ,牝3,50,01161,菊沢一樹,2:00.0,1/2,2-2-2,35.0,35.2,8,466(+12),01036,[東]高橋義博,546800,サラブレッドクラブ・...,464.6,,,,,,"7-3(2,9)(1,10)-(4,6)(5,12)(8,14)(11,13)",2,1,3.5,False,"7-3-2-9(1,10)(4,6)(5,12)(11,8,14)-13",2,1,3.5,False,"7-3-2-(9,10)(1,6)4,12(5,14)8(11,13)",2,1,3.5,False,-6,乾いた馬場で、前週と比べれば時計の出やすいコンディション。
201605050110,10,ノベンバーS(3勝),芝,2000,晴,良,15:01,2016-11-05,東京,4,1,1,2011102151,サクラアンプルール,牡5,55,00660,横山典弘,2:00.0,クビ,5-5-6,33.9,27.8,6,462(-2),01132,[東]金成貴史,019800,さくらコマース,270.0,,,,,,"7-3(2,9)(1,10)-(4,6)(5,12)(8,14)(11,13)",5,2,3.5,False,"7-3-2-9(1,10)(4,6)(5,12)(11,8,14)-13",5,2,10.5,False,"7-3-2-(9,10)(1,6)4,12(5,14)8(11,13)",6,2,10.5,False,-6,乾いた馬場で、前週と比べれば時計の出やすいコンディション。
201605050110,10,ノベンバーS(3勝),芝,2000,晴,良,15:01,2016-11-05,東京,5,2,2,2008102924,エバーグリーン,牡8,53,00684,田中勝春,2:00.2,1.1/4,3-3-3,34.8,98.8,12,502(0),01116,[東]新開幸一,758005,吉田照哉,182.0,,,,,,"7-3(2,9)(1,10)-(4,6)(5,12)(8,14)(11,13)",3,2,3.5,False,"7-3-2-9(1,10)(4,6)(5,12)(11,8,14)-13",3,1,7.0,False,"7-3-2-(9,10)(1,6)4,12(5,14)8(11,13)",3,1,7.0,False,-6,乾いた馬場で、前週と比べれば時計の出やすいコンディション。
201605050110,10,ノベンバーS(3勝),芝,2000,晴,良,15:01,2016-11-05,東京,6,4,5,2011101814,パリカラノテガミ,牡5,55,01085,松岡正海,2:00.3,1/2,9-9-10,33.8,12.9,4,454(0),01080,[東]清水英克,399009,嶋田賢,,,,,,,"7-3(2,9)(1,10)-(4,6)(5,12)(8,14)(11,13)",9,2,7.0,False,"7-3-2-9(1,10)(4,6)(5,12)(11,8,14)-13",9,2,10.5,False,"7-3-2-(9,10)(1,6)4,12(5,14)8(11,13)",10,2,12.0,False,-6,乾いた馬場で、前週と比べれば時計の出やすいコンディション。
201605050110,10,ノベンバーS(3勝),芝,2000,晴,良,15:01,2016-11-05,東京,7,7,12,2011104718,ウインオリアート,牝5,52,01150,石川裕紀,2:00.4,3/4,9-9-9,34.0,81.9,11,446(-4),01097,[東]鹿戸雄一,494800,ウイン,,,,,,,"7-3(2,9)(1,10)-(4,6)(5,12)(8,14)(11,13)",9,2,7.0,False,"7-3-2-9(1,10)(4,6)(5,12)(11,8,14)-13",9,2,10.5,False,"7-3-2-(9,10)(1,6)4,12(5,14)8(11,13)",9,1,12.0,False,-6,乾いた馬場で、前週と比べれば時計の出やすいコンディション。
201605050110,10,ノベンバーS(3勝),芝,2000,晴,良,15:01,2016-11-05,東京,8,5,8,2012105433,クインズミラーグロ,牝4,54,05386,戸崎圭太,2:00.5,クビ,11-11-12,33.9,5.0,2,460(+16),00353,[東]和田正道,896800,クイーンズ・ランチ,,,,,,,"7-3(2,9)(1,10)-(4,6)(5,12)(8,14)(11,13)",11,2,7.0,False,"7-3-2-9(1,10)(4,6)(5,12)(11,8,14)-13",11,3,10.5,False,"7-3-2-(9,10)(1,6)4,12(5,14)8(11,13)",12,1,12.0,False,-6,乾いた馬場で、前週と比べれば時計の出やすいコンディション。
201605050110,10,ノベンバーS(3勝),芝,2000,晴,良,15:01,2016-11-05,東京,9,8,14,2012109092,ナスノセイカン,牡4,56,01096,大野拓弥,2:00.5,クビ,11-11-10,34.0,5.6,3,472(0),01108,[東]矢野英一,051800,那須野牧場,,,,,,,"7-3(2,9)(1,10)-(4,6)(5,12)(8,14)(11,13)",11,2,7.0,False,"7-3-2-9(1,10)(4,6)(5,12)(11,8,14)-13",11,3,10.5,False,"7-3-2-(9,10)(1,6)4,12(5,14)8(11,13)",10,2,12.0,False,-6,乾いた馬場で、前週と比べれば時計の出やすいコンディション。
201605050110,10,ノベンバーS(3勝),芝,2000,晴,良,15:01,2016-11-05,東京,10,3,4,2010103834,ミエノワンダー,牡6,55,05243,柴山雄一,2:00.6,1/2,7-7-8,34.3,32.3,7,512(-2),00399,[東]国枝栄,414030,里見美惠子,,,,,,,"7-3(2,9)(1,10)-(4,6)(5,12)(8,14)(11,13)",7,2,7.0,False,"7-3-2-9(1,10)(4,6)(5,12)(11,8,14)-13",7,2,10.5,False,"7-3-2-(9,10)(1,6)4,12(5,14)8(11,13)",8,1,10.5,False,-6,乾いた馬場で、前週と比べれば時計の出やすいコンディション。
201605050110,10,ノベンバーS(3勝),芝,2000,晴,良,15:01,2016-11-05,東京,11,6,10,2011105235,マイネオーラム,牝5,53,01009,柴田大知,2:00.6,アタマ,5-5-4,34.8,49.8,10,484(+14),01036,[東]高橋義博,546800,サラブレッドクラブ・...,,,,,,,"7-3(2,9)(1,10)-(4,6)(5,12)(8,14)(11,13)",5,2,3.5,False,"7-3-2-9(1,10)(4,6)(5,12)(11,8,14)-13",5,2,10.5,False,"7-3-2-(9,10)(1,6)4,12(5,14)8(11,13)",4,2,10.5,False,-6,乾いた馬場で、前週と比べれば時計の出やすいコンディション。
201605050110,10,ノベンバーS(3勝),芝,2000,晴,良,15:01,2016-11-05,東京,12,5,7,2009105732,ロジメジャー,牡7,53,01158,野中悠太,2:00.8,1.1/4,1-1-1,36.3,187.6,14,502(+4),01079,[東]古賀慎明,399030,久米田正明,,,,,,,"7-3(2,9)(1,10)-(4,6)(5,12)(8,14)(11,13)",1,1,0.0,False,"7-3-2-9(1,10)(4,6)(5,12)(11,8,14)-13",1,1,0.0,False,"7-3-2-(9,10)(1,6)4,12(5,14)8(11,13)",1,1,0.0,False,-6,乾いた馬場で、前週と比べれば時計の出やすいコンディション。
201605050110,10,ノベンバーS(3勝),芝,2000,晴,良,15:01,2016-11-05,東京,13,6,9,2010103986,アウトオブシャドウ,牡6,54,01043,北村宏司,2:01.0,1.1/4,3-4-4,35.2,155.0,13,468(-4),01118,[東]高柳瑞樹,308002,飯塚知一,,,,,,,"7-3(2,9)(1,10)-(4,6)(5,12)(8,14)(11,13)",3,2,3.5,False,"7-3-2-9(1,10)(4,6)(5,12)(11,8,14)-13",4,1,10.5,False,"7-3-2-(9,10)(1,6)4,12(5,14)8(11,13)",4,2,10.5,False,-6,乾いた馬場で、前週と比べれば時計の出やすいコンディション。
201605050110,10,ノベンバーS(3勝),芝,2000,晴,良,15:01,2016-11-05,東京,14,7,11,2010100097,ケイアイチョウサン,牡6,56,00733,吉田豊,2:01.1,クビ,13-11-13,34.4,39.2,9,460(+8),01143,[東]和田雄二,892800,チョウサン,,,,,,,"7-3(2,9)(1,10)-(4,6)(5,12)(8,14)(11,13)",13,2,7.0,False,"7-3-2-9(1,10)(4,6)(5,12)(11,8,14)-13",11,3,10.5,False,"7-3-2-(9,10)(1,6)4,12(5,14)8(11,13)",13,2,12.0,False,-6,乾いた馬場で、前週と比べれば時計の出やすいコンディション。
201605050111,11,第52回京王杯2歳S(GII),芝,1400,晴,良,15:35,2016-11-05,東京,1,8,13,2014106235,モンドキャンノ,牡2,55,05339,ルメール,1:21.9,,9-8,33.7,7.4,3,472(+4),00438,[西]安田隆行,059700,ユアストーリー,"3,849.0",,,,,,,,,,,"7(3,8)(6,9)(1,4,12)(5,13)11,10,2",9,2,0.0,False,"7(8,9)(3,12)(6,4)(1,13)(5,11)(10,2)",8,2,0.0,False,-6,乾いた馬場で、前週と比べれば時計の出やすいコンディション。
201605050111,11,第52回京王杯2歳S(GII),芝,1400,晴,良,15:35,2016-11-05,東京,2,6,8,2014105043,レーヌミノル,牝2,54,01115,浜中俊,1:22.0,1/2,2-2,34.2,2.0,1,466(+2),01099,[西]本田優,265008,吉岡實,"1,514.0",,,,,,,,,,,"7(3,8)(6,9)(1,4,12)(5,13)11,10,2",2,2,0.0,False,"7(8,9)(3,12)(6,4)(1,13)(5,11)(10,2)",2,2,0.0,False,-6,乾いた馬場で、前週と比べれば時計の出やすいコンディション。
201605050111,11,第52回京王杯2歳S(GII),芝,1400,晴,良,15:35,2016-11-05,東京,3,6,9,2014104286,ディバインコード,牡2,55,00641,柴田善臣,1:22.5,3,4-2,34.6,9.8,4,480(+8),00341,[東]栗田博憲,854800,ノルマンディーサラブ...,957.0,,,,,,,,,,,"7(3,8)(6,9)(1,4,12)(5,13)11,10,2",4,2,0.0,False,"7(8,9)(3,12)(6,4)(1,13)(5,11)(10,2)",2,2,0.0,False,-6,乾いた馬場で、前週と比べれば時計の出やすいコンディション。
201605050111,11,第52回京王杯2歳S(GII),芝,1400,晴,良,15:35,2016-11-05,東京,4,7,11,2014102889,コウソクストレート,牡2,55,05386,戸崎圭太,1:22.5,ハナ,11-10,34.0,4.1,2,488(-2),01153,[東]中舘英二,018030,野崎昭夫,570.0,,,,,,,,,,,"7(3,8)(6,9)(1,4,12)(5,13)11,10,2",11,1,0.0,False,"7(8,9)(3,12)(6,4)(1,13)(5,11)(10,2)",10,2,0.0,False,-6,乾いた馬場で、前週と比べれば時計の出やすいコンディション。
201605050111,11,第52回京王杯2歳S(GII),芝,1400,晴,良,15:35,2016-11-05,東京,5,1,1,2014101919,タイセイブレーク,牡2,55,05243,柴山雄一,1:22.5,クビ,6-8,34.2,36.0,9,488(-12),01138,[西]浜田多実,224007,田中成奉,380.0,,,,,,,,,,,"7(3,8)(6,9)(1,4,12)(5,13)11,10,2",6,3,0.0,False,"7(8,9)(3,12)(6,4)(1,13)(5,11)(10,2)",8,2,0.0,False,-6,乾いた馬場で、前週と比べれば時計の出やすいコンディション。
201605050111,11,第52回京王杯2歳S(GII),芝,1400,晴,良,15:35,2016-11-05,東京,6,3,3,2014101417,ジョーストリクトリ,牡2,55,01085,松岡正海,1:22.6,1/2,2-4,34.6,33.3,8,508(+6),01110,[西]清水久詞,839004,上田けい子,,,,,,,,,,,,"7(3,8)(6,9)(1,4,12)(5,13)11,10,2",2,2,0.0,False,"7(8,9)(3,12)(6,4)(1,13)(5,11)(10,2)",4,2,0.0,False,-6,乾いた馬場で、前週と比べれば時計の出やすいコンディション。
201605050111,11,第52回京王杯2歳S(GII),芝,1400,晴,良,15:35,2016-11-05,東京,7,5,7,2014103009,タイムトリップ,牡2,55,01075,田辺裕信,1:22.6,アタマ,1-1,34.9,29.9,7,472(-2),01052,[東]菊川正達,373008,中村祐子,,,,,,,,,,,,"7(3,8)(6,9)(1,4,12)(5,13)11,10,2",1,1,0.0,False,"7(8,9)(3,12)(6,4)(1,13)(5,11)(10,2)",1,1,0.0,False,-6,乾いた馬場で、前週と比べれば時計の出やすいコンディション。
201605050111,11,第52回京王杯2歳S(GII),芝,1400,晴,良,15:35,2016-11-05,東京,8,5,6,2014103615,ダイイチターミナル,牡2,55,01051,嘉藤貴行,1:22.7,1/2,4-6,34.6,69.2,11,430(+8),01014,[東]高市圭二,629800,ミルファーム,,,,,,,,,,,,"7(3,8)(6,9)(1,4,12)(5,13)11,10,2",4,2,0.0,False,"7(8,9)(3,12)(6,4)(1,13)(5,11)(10,2)",6,2,0.0,False,-6,乾いた馬場で、前週と比べれば時計の出やすいコンディション。
201605050111,11,第52回京王杯2歳S(GII),芝,1400,晴,良,15:35,2016-11-05,東京,9,4,5,2014110060,マテラスカイ,牡2,55,05445,山本聡哉,1:22.7,アタマ,9-10,34.3,190.8,12,506(+6),00427,[西]森秀行,265033,大野剛嗣,,,,,,,,,,,,"7(3,8)(6,9)(1,4,12)(5,13)11,10,2",9,2,0.0,False,"7(8,9)(3,12)(6,4)(1,13)(5,11)(10,2)",10,2,0.0,False,-6,乾いた馬場で、前週と比べれば時計の出やすいコンディション。
201605050111,11,第52回京王杯2歳S(GII),芝,1400,晴,良,15:35,2016-11-05,東京,10,2,2,2014102033,ダノンハイパワー,牡2,55,00660,横山典弘,1:22.7,クビ,13-12,34.0,57.4,10,488(-6),01115,[東]菊沢隆徳,619800,ダノックス,,,,,,,,,,,,"7(3,8)(6,9)(1,4,12)(5,13)11,10,2",13,1,3.0,False,"7(8,9)(3,12)(6,4)(1,13)(5,11)(10,2)",12,2,0.0,False,-6,乾いた馬場で、前週と比べれば時計の出やすいコンディション。
201605050111,11,第52回京王杯2歳S(GII),芝,1400,晴,良,15:35,2016-11-05,東京,11,8,12,2014110043,レヴァンテライオン,牡2,55,00422,内田博幸,1:22.8,1/2,6-4,34.8,10.1,5,484(+16),01075,[西]矢作芳人,542800,ライオンレースホース,,,,,,,,,,,,"7(3,8)(6,9)(1,4,12)(5,13)11,10,2",6,3,0.0,False,"7(8,9)(3,12)(6,4)(1,13)(5,11)(10,2)",4,2,0.0,False,-6,乾いた馬場で、前週と比べれば時計の出やすいコンディション。
201605050111,11,第52回京王杯2歳S(GII),芝,1400,晴,良,15:35,2016-11-05,東京,12,7,10,2014105080,スズカゼ,牝2,54,01096,大野拓弥,1:23.0,1,12-12,34.3,277.7,13,476(+6),00383,[東]伊藤正徳,547800,ヒダカ・ブリーダーズ...,,,,,,,,,,,,"7(3,8)(6,9)(1,4,12)(5,13)11,10,2",12,1,1.5,False,"7(8,9)(3,12)(6,4)(1,13)(5,11)(10,2)",12,2,0.0,False,-6,乾いた馬場で、前週と比べれば時計の出やすいコンディション。
201605050111,11,第52回京王杯2歳S(GII),芝,1400,晴,良,15:35,2016-11-05,東京,13,4,4,2014100786,ドウディ,牡2,55,00663,蛯名正義,1:23.1,3/4,6-6,35.0,21.1,6,484(+8),01035,[東]佐藤吉勝,072700,ｅ馬主組合,,,,,,,,,,,,"7(3,8)(6,9)(1,4,12)(5,13)11,10,2",6,3,0.0,False,"7(8,9)(3,12)(6,4)(1,13)(5,11)(10,2)",6,2,0.0,False,-6,乾いた馬場で、前週と比べれば時計の出やすいコンディション。
201605050112,12,3歳以上1000万下,ダ,2100,晴,良,16:10,2016-11-05,東京,1,1,1,2012100555,ウインユニファイド,牡4,57,01009,柴田大知,2:12.3,,4-3-3-4,36.3,3.5,2,516(-2),01050,[西]飯田雄三,494800,ウイン,"1,050.0","(2,*4)13(1,11)-9,12,3,8,6,10,5,14,7",4,2,0.0,False,"4-2(1,13)11-9,12,3(6,8)-(5,10)-14,7",3,2,3.5,False,"4,2(1,13)11(6,9,12)(3,8)(5,10)(7,14)",3,2,1.5,False,"4,2,13(1,9,11)6(3,8,12)(7,5,10,14)",4,3,3.0,False,-1,
201605050112,12,3歳以上1000万下,ダ,2100,晴,良,16:10,2016-11-05,東京,2,4,6,2012104329,アバオアクー,牡4,57,01096,大野拓弥,2:12.6,2,10-9-6-7,36.4,11.6,4,508(+4),01116,[東]新開幸一,525030,外池榮一郎,420.0,"(2,*4)13(1,11)-9,12,3,8,6,10,5,14,7",10,1,9.5,False,"4-2(1,13)11-9,12,3(6,8)-(5,10)-14,7",9,2,10.0,False,"4,2(1,13)11(6,9,12)(3,8)(5,10)(7,14)",6,3,1.5,False,"4,2,13(1,9,11)6(3,8,12)(7,5,10,14)",7,1,3.0,False,-1,
201605050112,12,3歳以上1000万下,ダ,2100,晴,良,16:10,2016-11-05,東京,3,6,9,2013102986,フレンドミラクル,牡3,52,01161,菊沢一樹,2:12.7,クビ,6-6-6-4,36.6,29.5,8,462(+4),00437,[東]南田美知,145030,横尾晴人,260.0,"(2,*4)13(1,11)-9,12,3,8,6,10,5,14,7",6,1,3.5,False,"4-2(1,13)11-9,12,3(6,8)-(5,10)-14,7",6,1,7.0,False,"4,2(1,13)11(6,9,12)(3,8)(5,10)(7,14)",6,3,1.5,False,"4,2,13(1,9,11)6(3,8,12)(7,5,10,14)",4,3,3.0,False,-1,
201605050112,12,3歳以上1000万下,ダ,2100,晴,良,16:10,2016-11-05,東京,4,6,10,2013104209,グランセブルス,牡3,55,05445,山本聡哉,2:12.8,1/2,11-11-11-11,36.3,19.5,7,474(-8),00427,[西]森秀行,661030,飯田訓大,160.0,"(2,*4)13(1,11)-9,12,3,8,6,10,5,14,7",11,1,11.0,False,"4-2(1,13)11-9,12,3(6,8)-(5,10)-14,7",11,2,13.5,False,"4,2(1,13)11(6,9,12)(3,8)(5,10)(7,14)",11,2,1.5,False,"4,2,13(1,9,11)6(3,8,12)(7,5,10,14)",11,4,3.0,False,-1,
201605050112,12,3歳以上1000万下,ダ,2100,晴,良,16:10,2016-11-05,東京,5,3,4,2013101798,カルムパシオン,セ3,55,01025,勝浦正樹,2:12.8,ハナ,1-1-1-1,37.2,49.2,12,510(-6),01039,[西]中竹和也,041002,前田晋二,105.0,"(2,*4)13(1,11)-9,12,3,8,6,10,5,14,7",1,2,0.0,True,"4-2(1,13)11-9,12,3(6,8)-(5,10)-14,7",1,1,0.0,False,"4,2(1,13)11(6,9,12)(3,8)(5,10)(7,14)",1,1,0.0,False,"4,2,13(1,9,11)6(3,8,12)(7,5,10,14)",1,1,0.0,False,-1,
201605050112,12,3歳以上1000万下,ダ,2100,晴,良,16:10,2016-11-05,東京,6,8,13,2012102157,シャイニービーム,牡4,56,01150,石川裕紀,2:12.8,アタマ,3-3-3-3,37.0,49.2,11,442(0),00396,[西]福島信晴,531006,小林昌志,,"(2,*4)13(1,11)-9,12,3,8,6,10,5,14,7",3,1,0.0,False,"4-2(1,13)11-9,12,3(6,8)-(5,10)-14,7",3,2,3.5,False,"4,2(1,13)11(6,9,12)(3,8)(5,10)(7,14)",3,2,1.5,False,"4,2,13(1,9,11)6(3,8,12)(7,5,10,14)",3,1,3.0,False,-1,
201605050112,12,3歳以上1000万下,ダ,2100,晴,良,16:10,2016-11-05,東京,7,5,7,2013101779,ヤマニンシルフ,牡3,55,01075,田辺裕信,2:13.2,2.1/2,14-14-13-11,36.7,6.5,3,436(-6),00388,[西]山内研二,329004,土井肇,,"(2,*4)13(1,11)-9,12,3,8,6,10,5,14,7",14,1,15.5,False,"4-2(1,13)11-9,12,3(6,8)-(5,10)-14,7",14,1,18.5,False,"4,2(1,13)11(6,9,12)(3,8)(5,10)(7,14)",13,2,1.5,False,"4,2,13(1,9,11)6(3,8,12)(7,5,10,14)",11,4,3.0,False,-1,
201605050112,12,3歳以上1000万下,ダ,2100,晴,良,16:10,2016-11-05,東京,8,4,5,2010103556,エターナルヒーロー,セ6,54,01158,野中悠太,2:13.2,クビ,12-11-11-11,36.7,36.1,9,482(-2),00341,[東]栗田博憲,851009,岡田牧雄,,"(2,*4)13(1,11)-9,12,3,8,6,10,5,14,7",12,1,12.5,False,"4-2(1,13)11-9,12,3(6,8)-(5,10)-14,7",11,2,13.5,False,"4,2(1,13)11(6,9,12)(3,8)(5,10)(7,14)",11,2,1.5,False,"4,2,13(1,9,11)6(3,8,12)(7,5,10,14)",11,4,3.0,False,-1,
201605050112,12,3歳以上1000万下,ダ,2100,晴,良,16:10,2016-11-05,東京,9,8,14,2011100643,テイエムコンドル,牡5,57,00641,柴田善臣,2:13.3,1/2,13-13-13-11,36.8,17.7,6,464(+2),01043,[東]石栗龍彦,356002,竹園正繼,,"(2,*4)13(1,11)-9,12,3,8,6,10,5,14,7",13,1,14.0,False,"4-2(1,13)11-9,12,3(6,8)-(5,10)-14,7",13,1,17.0,False,"4,2(1,13)11(6,9,12)(3,8)(5,10)(7,14)",13,2,1.5,False,"4,2,13(1,9,11)6(3,8,12)(7,5,10,14)",11,4,3.0,False,-1,
201605050112,12,3歳以上1000万下,ダ,2100,晴,良,16:10,2016-11-05,東京,10,7,11,2012104337,オーサムレジェンド,牡4,57,05386,戸崎圭太,2:13.9,3.1/2,4-5-5-4,37.9,2.4,1,498(0),01055,[西]藤原英昭,415800,社台レースホース,,"(2,*4)13(1,11)-9,12,3,8,6,10,5,14,7",4,2,0.0,False,"4-2(1,13)11-9,12,3(6,8)-(5,10)-14,7",5,1,3.5,False,"4,2(1,13)11(6,9,12)(3,8)(5,10)(7,14)",5,1,1.5,False,"4,2,13(1,9,11)6(3,8,12)(7,5,10,14)",4,3,3.0,False,-1,
201605050112,12,3歳以上1000万下,ダ,2100,晴,良,16:10,2016-11-05,東京,11,3,3,2011100289,ドラゴンズタイム,牡5,57,00733,吉田豊,2:13.9,アタマ,8-8-9-8,37.6,13.2,5,430(-2),01134,[東]高橋文雅,514008,窪田康志,,"(2,*4)13(1,11)-9,12,3,8,6,10,5,14,7",8,1,6.5,False,"4-2(1,13)11-9,12,3(6,8)-(5,10)-14,7",8,1,10.0,False,"4,2(1,13)11(6,9,12)(3,8)(5,10)(7,14)",9,2,1.5,False,"4,2,13(1,9,11)6(3,8,12)(7,5,10,14)",8,3,3.0,False,-1,
201605050112,12,3歳以上1000万下,ダ,2100,晴,良,16:10,2016-11-05,東京,12,2,2,2013101647,ケイツートール,牡3,55,00689,江田照男,2:14.3,2.1/2,2-2-2-2,38.6,37.9,10,498(+4),01131,[東]蛯名利弘,103006,楠本勝美,,"(2,*4)13(1,11)-9,12,3,8,6,10,5,14,7",2,2,0.0,False,"4-2(1,13)11-9,12,3(6,8)-(5,10)-14,7",2,1,3.5,False,"4,2(1,13)11(6,9,12)(3,8)(5,10)(7,14)",2,1,1.5,False,"4,2,13(1,9,11)6(3,8,12)(7,5,10,14)",2,1,1.5,False,-1,
201605050112,12,3歳以上1000万下,ダ,2100,晴,良,16:10,2016-11-05,東京,13,5,8,2011105359,ガヤルド,牡5,57,00422,内田博幸,2:14.7,2,9-9-9-8,38.4,90.9,13,460(-2),01134,[東]高橋文雅,986033,佐久間拓士,,"(2,*4)13(1,11)-9,12,3,8,6,10,5,14,7",9,1,8.0,False,"4-2(1,13)11-9,12,3(6,8)-(5,10)-14,7",9,2,10.0,False,"4,2(1,13)11(6,9,12)(3,8)(5,10)(7,14)",9,2,1.5,False,"4,2,13(1,9,11)6(3,8,12)(7,5,10,14)",8,3,3.0,False,-1,
201605050112,12,3歳以上1000万下,ダ,2100,晴,良,16:10,2016-11-05,東京,14,7,12,2010103725,レッドエンブレム,牡6,57,01104,田中博康,2:16.3,10,7-7-6-8,40.0,150.7,14,510(+4),01054,[東]戸田博文,180800,東京ホースレーシング,,"(2,*4)13(1,11)-9,12,3,8,6,10,5,14,7",7,1,5.0,False,"4-2(1,13)11-9,12,3(6,8)-(5,10)-14,7",7,1,8.5,False,"4,2(1,13)11(6,9,12)(3,8)(5,10)(7,14)",6,3,1.5,False,"4,2,13(1,9,11)6(3,8,12)(7,5,10,14)",8,3,3.0,False,-1,
201608050101,1,2歳未勝利,ダ,1200,晴,良,10:05,2016-11-05,京都,1,5,10,2014100620,エッシャー,牡2,55,01014,福永祐一,1:12.3,,1-1,36.7,2.0,1,482(+4),01039,[西]中竹和也,268008,小田吉男,500.0,,,,,,,,,,,"(*10,7)16,1(6,11,13)8,15(2,4)(14,5)(3,12)   9",1,2,0.0,True,"(*10,7)16,1,6-(2,8,11)(3,4,15)5(14,13)12   9",1,2,0.0,True,-6,
201608050101,1,2歳未勝利,ダ,1200,晴,良,10:05,2016-11-05,京都,2,1,1,2014101560,ハナビ,牡2,55,00700,四位洋文,1:12.8,3,4-4,36.8,13.0,6,488(0),01085,[西]小崎憲,002803,キーファーズ,200.0,,,,,,,,,,,"(*10,7)16,1(6,11,13)8,15(2,4)(14,5)(3,12)   9",4,1,1.5,False,"(*10,7)16,1,6-(2,8,11)(3,4,15)5(14,13)12   9",4,1,1.5,False,-6,
201608050101,1,2歳未勝利,ダ,1200,晴,良,10:05,2016-11-05,京都,3,4,7,2014102618,ダブルスプリット,牡2,55,01030,松田大作,1:12.8,クビ,2-2,37.1,7.3,3,462(+6),01028,[西]西園正都,051803,ＫＴレーシング,130.0,,,,,,,,,,,"(*10,7)16,1(6,11,13)8,15(2,4)(14,5)(3,12)   9",2,2,0.0,False,"(*10,7)16,1,6-(2,8,11)(3,4,15)5(14,13)12   9",2,2,0.0,False,-6,
201608050101,1,2歳未勝利,ダ,1200,晴,良,10:05,2016-11-05,京都,4,1,2,2014104161,ラニカイシチー,牡2,55,01154,松若風馬,1:13.0,1.1/4,10-6,36.4,10.8,5,474(+4),01107,[西]村山明,321800,友駿ホースクラブ,75.0,,,,,,,,,,,"(*10,7)16,1(6,11,13)8,15(2,4)(14,5)(3,12)   9",10,2,3.0,False,"(*10,7)16,1,6-(2,8,11)(3,4,15)5(14,13)12   9",6,3,6.5,False,-6,
201608050101,1,2歳未勝利,ダ,1200,晴,良,10:05,2016-11-05,京都,5,8,16,2014103523,メイショウハバネラ,牝2,54,01018,和田竜二,1:13.3,2,3-3,37.4,7.5,4,456(+12),01049,[西]南井克巳,523005,松本好雄,50.0,,,,,,,,,,,"(*10,7)16,1(6,11,13)8,15(2,4)(14,5)(3,12)   9",3,1,0.0,False,"(*10,7)16,1,6-(2,8,11)(3,4,15)5(14,13)12   9",3,1,0.0,False,-6,
201608050101,1,2歳未勝利,ダ,1200,晴,良,10:05,2016-11-05,京都,6,3,6,2014104048,メイショウヒボタン,牝2,54,01099,鮫島良太,1:13.6,2,5-5,37.3,130.0,11,442(+4),01041,[西]藤沢則雄,523005,松本好雄,,,,,,,,,,,,"(*10,7)16,1(6,11,13)8,15(2,4)(14,5)(3,12)   9",5,3,1.5,False,"(*10,7)16,1,6-(2,8,11)(3,4,15)5(14,13)12   9",5,1,3.0,False,-6,
201608050101,1,2歳未勝利,ダ,1200,晴,良,10:05,2016-11-05,京都,7,2,3,2014104127,ゼットガンバー,牡2,55,01126,松山弘平,1:13.9,1.3/4,14-9,37.0,5.4,2,486(-6),01021,[西]池添兼雄,730800,フォーレスト,,,,,,,,,,,,"(*10,7)16,1(6,11,13)8,15(2,4)(14,5)(3,12)   9",14,2,3.0,False,"(*10,7)16,1,6-(2,8,11)(3,4,15)5(14,13)12   9",9,3,6.5,False,-6,
201608050101,1,2歳未勝利,ダ,1200,晴,良,10:05,2016-11-05,京都,8,7,14,2014103519,メタルソース,牡2,55,01124,国分恭介,1:14.2,1.3/4,12-13,37.2,177.2,13,458(+2),00422,[西]五十嵐忠,602006,山田貞蔵,,,,,,,,,,,,"(*10,7)16,1(6,11,13)8,15(2,4)(14,5)(3,12)   9",12,2,3.0,False,"(*10,7)16,1,6-(2,8,11)(3,4,15)5(14,13)12   9",13,2,6.5,False,-6,
201608050101,1,2歳未勝利,ダ,1200,晴,良,10:05,2016-11-05,京都,9,4,8,2014103086,テイクディスワルツ,牝2,54,00732,幸英明,1:14.3,クビ,8-6,37.8,84.1,10,448(-6),01111,[西]鈴木孝志,347800,岡本牧場,,,,,,,,,,,,"(*10,7)16,1(6,11,13)8,15(2,4)(14,5)(3,12)   9",8,1,1.5,False,"(*10,7)16,1,6-(2,8,11)(3,4,15)5(14,13)12   9",6,3,6.5,False,-6,
201608050101,1,2歳未勝利,ダ,1200,晴,良,10:05,2016-11-05,京都,10,8,15,2014103156,ベイビーステップ,牡2,55,05115,シュタル,1:14.3,クビ,9-9,37.6,193.0,14,488(+4),00411,[西]浅見秀一,079700,大塚Ｒｙ’ｓＣＬＵＢ,,,,,,,,,,,,"(*10,7)16,1(6,11,13)8,15(2,4)(14,5)(3,12)   9",9,1,3.0,False,"(*10,7)16,1,6-(2,8,11)(3,4,15)5(14,13)12   9",9,3,6.5,False,-6,
201608050101,1,2歳未勝利,ダ,1200,晴,良,10:05,2016-11-05,京都,11,3,5,2014104524,ニホンピロワールド,牡2,55,01034,酒井学,1:14.5,1.1/4,12-12,37.6,53.7,9,452(-6),01009,[西]田所秀孝,985001,小林百太郎,,,,,,,,,,,,"(*10,7)16,1(6,11,13)8,15(2,4)(14,5)(3,12)   9",12,2,3.0,False,"(*10,7)16,1,6-(2,8,11)(3,4,15)5(14,13)12   9",12,1,6.5,False,-6,
201608050101,1,2歳未勝利,ダ,1200,晴,良,10:05,2016-11-05,京都,12,6,12,2014103308,レソルテ,牝2,54,01125,国分優作,1:14.7,3/4,14-15,37.6,149.6,12,466(-2),01091,[西]羽月友彦,102800,ターフ・スポート,,,,,,,,,,,,"(*10,7)16,1(6,11,13)8,15(2,4)(14,5)(3,12)   9",14,2,3.0,False,"(*10,7)16,1,6-(2,8,11)(3,4,15)5(14,13)12   9",15,1,6.5,False,-6,
201608050101,1,2歳未勝利,ダ,1200,晴,良,10:05,2016-11-05,京都,13,6,11,2014100143,アイファーフドオー,牡2,52,01163,坂井瑠星,1:16.0,8,5-6,39.7,23.6,7,466(+8),00400,[西]柴田光陽,119007,中島稔,,,,,,,,,,,,"(*10,7)16,1(6,11,13)8,15(2,4)(14,5)(3,12)   9",5,3,1.5,False,"(*10,7)16,1,6-(2,8,11)(3,4,15)5(14,13)12   9",6,3,6.5,False,-6,
201608050101,1,2歳未勝利,ダ,1200,晴,良,10:05,2016-11-05,京都,14,7,13,2014103231,ヌーディストビーチ,牝2,54,01133,水口優也,1:16.2,1.1/2,5-13,39.7,286.2,16,486(-2),00387,[西]目野哲也,851007,山上和良,,,,,,,,,,,,"(*10,7)16,1(6,11,13)8,15(2,4)(14,5)(3,12)   9",5,3,1.5,False,"(*10,7)16,1,6-(2,8,11)(3,4,15)5(14,13)12   9",13,2,6.5,False,-6,
201608050101,1,2歳未勝利,ダ,1200,晴,良,10:05,2016-11-05,京都,15,2,4,2014102653,ベルウッドカペラ,牡2,55,01116,藤岡康太,1:17.1,5,10-9,40.4,26.2,8,454(+4),01135,[西]高橋康之,137030,鈴木照雄,,,,,,,,,,,,"(*10,7)16,1(6,11,13)8,15(2,4)(14,5)(3,12)   9",10,2,3.0,False,"(*10,7)16,1,6-(2,8,11)(3,4,15)5(14,13)12   9",9,3,6.5,False,-6,
201608050101,1,2歳未勝利,ダ,1200,晴,良,10:05,2016-11-05,京都,中,5,9,2014104588,シュンアライブ,牡2,52,01160,荻野極,,,,,281.0,15,458(+10),01003,[西]川村禎彦,752006,石川博,,,,,,,,,,,,"(*10,7)16,1(6,11,13)8,15(2,4)(14,5)(3,12)   9",16,1,9.0,False,"(*10,7)16,1,6-(2,8,11)(3,4,15)5(14,13)12   9",16,1,12.5,False,-6,
201608050102,2,2歳未勝利,ダ,1800,晴,良,10:35,2016-11-05,京都,1,7,12,2014103394,ハイパーノヴァ,牡2,55,00732,幸英明,1:53.3,,3-3-2-2,37.3,1.3,1,492(0),01032,[西]大根田裕,350002,宮川純造,500.0,"7,11(2,12)(9,14)10,13(4,5)1,3-6   8",3,2,1.5,False,"7,11(2,12)14,9,13(4,5,10)-(1,3)-6   8",3,2,1.5,False,"7(11,12)2(9,14)4(5,3)-(6,13)10=1   8",2,2,0.0,False,"(*7,11,12)(2,9)3,4,14,5,6=10,13-1   8",2,3,0.0,False,-6,
201608050102,2,2歳未勝利,ダ,1800,晴,良,10:35,2016-11-05,京都,2,2,2,2014100613,ワンフォーオール,牡2,55,01014,福永祐一,1:53.6,2,3-3-4-4,37.6,6.8,3,474(+6),00419,[西]松元茂樹,948006,前田幸治,200.0,"7,11(2,12)(9,14)10,13(4,5)1,3-6   8",3,2,1.5,False,"7,11(2,12)14,9,13(4,5,10)-(1,3)-6   8",3,2,1.5,False,"7(11,12)2(9,14)4(5,3)-(6,13)10=1   8",4,1,0.0,False,"(*7,11,12)(2,9)3,4,14,5,6=10,13-1   8",4,2,0.0,False,-6,
201608050102,2,2歳未勝利,ダ,1800,晴,良,10:35,2016-11-05,京都,3,7,11,2014103896,メイショウハチク,牡2,55,01116,藤岡康太,1:53.9,1.1/2,2-2-2-2,38.0,119.3,8,466(0),01049,[西]南井克巳,523005,松本好雄,130.0,"7,11(2,12)(9,14)10,13(4,5)1,3-6   8",2,1,1.5,False,"7,11(2,12)14,9,13(4,5,10)-(1,3)-6   8",2,1,1.5,False,"7(11,12)2(9,14)4(5,3)-(6,13)10=1   8",2,2,0.0,False,"(*7,11,12)(2,9)3,4,14,5,6=10,13-1   8",2,3,0.0,False,-6,
201608050102,2,2歳未勝利,ダ,1800,晴,良,10:35,2016-11-05,京都,4,6,9,2014101827,クリノライメイ,牡2,55,01062,川島信二,1:54.5,3.1/2,5-6-5-4,38.3,11.8,4,488(-6),01095,[西]荒川義之,970006,栗本博晴,75.0,"7,11(2,12)(9,14)10,13(4,5)1,3-6   8",5,2,1.5,False,"7,11(2,12)14,9,13(4,5,10)-(1,3)-6   8",6,1,3.0,False,"7(11,12)2(9,14)4(5,3)-(6,13)10=1   8",5,2,0.0,False,"(*7,11,12)(2,9)3,4,14,5,6=10,13-1   8",4,2,0.0,False,-6,
201608050102,2,2歳未勝利,ダ,1800,晴,良,10:35,2016-11-05,京都,5,3,3,2014100963,ハギノシャーウッド,牡2,55,05203,岩田康誠,1:54.6,クビ,12-11-8-6,37.9,5.4,2,484(+4),01011,[西]松田国英,950006,日隈良江,50.0,"7,11(2,12)(9,14)10,13(4,5)1,3-6   8",12,1,4.5,False,"7,11(2,12)14,9,13(4,5,10)-(1,3)-6   8",11,2,8.0,False,"7(11,12)2(9,14)4(5,3)-(6,13)10=1   8",8,2,0.0,False,"(*7,11,12)(2,9)3,4,14,5,6=10,13-1   8",6,1,0.0,False,-6,
201608050102,2,2歳未勝利,ダ,1800,晴,良,10:35,2016-11-05,京都,6,4,6,2014106260,ウエスタンアッレ,牡2,55,01130,高倉稜,1:56.2,10,13-13-10-10,39.0,100.0,7,516(+4),00365,[西]崎山博樹,929006,西川賢,,"7,11(2,12)(9,14)10,13(4,5)1,3-6   8",13,1,8.0,False,"7,11(2,12)14,9,13(4,5,10)-(1,3)-6   8",13,1,11.5,False,"7(11,12)2(9,14)4(5,3)-(6,13)10=1   8",10,2,3.5,False,"(*7,11,12)(2,9)3,4,14,5,6=10,13-1   8",10,1,6.0,False,-6,
201608050102,2,2歳未勝利,ダ,1800,晴,良,10:35,2016-11-05,京都,7,3,4,2014105242,シゲルアミメキリン,牡2,55,01114,田中健,1:56.6,2.1/2,9-8-7-7,40.2,88.1,6,460(+4),00396,[西]福島信晴,674004,森中蕃,,"7,11(2,12)(9,14)10,13(4,5)1,3-6   8",9,2,3.0,False,"7,11(2,12)14,9,13(4,5,10)-(1,3)-6   8",8,3,4.5,False,"7(11,12)2(9,14)4(5,3)-(6,13)10=1   8",7,1,0.0,False,"(*7,11,12)(2,9)3,4,14,5,6=10,13-1   8",7,1,1.5,False,-6,
201608050102,2,2歳未勝利,ダ,1800,晴,良,10:35,2016-11-05,京都,8,8,14,2014104372,ブルベアライノ,牡2,55,01018,和田竜二,1:56.8,1.1/4,5-5-5-8,40.4,40.5,5,476(+2),01111,[西]鈴木孝志,843800,ブルアンドベア,,"7,11(2,12)(9,14)10,13(4,5)1,3-6   8",5,2,1.5,False,"7,11(2,12)14,9,13(4,5,10)-(1,3)-6   8",5,1,1.5,False,"7(11,12)2(9,14)4(5,3)-(6,13)10=1   8",5,2,0.0,False,"(*7,11,12)(2,9)3,4,14,5,6=10,13-1   8",8,1,3.0,False,-6,
201608050102,2,2歳未勝利,ダ,1800,晴,良,10:35,2016-11-05,京都,9,5,7,2014106299,ブルベアボア,牡2,55,01030,松田大作,1:57.4,3.1/2,1-1-1-1,41.7,127.8,9,468(+8),01065,[西]大橋勇樹,843800,ブルアンドベア,,"7,11(2,12)(9,14)10,13(4,5)1,3-6   8",1,1,0.0,False,"7,11(2,12)14,9,13(4,5,10)-(1,3)-6   8",1,1,0.0,False,"7(11,12)2(9,14)4(5,3)-(6,13)10=1   8",1,1,0.0,False,"(*7,11,12)(2,9)3,4,14,5,6=10,13-1   8",1,3,0.0,True,-6,
201608050102,2,2歳未勝利,ダ,1800,晴,良,10:35,2016-11-05,京都,10,4,5,2014102042,カシノスターダスト,セ2,55,01124,国分恭介,1:57.6,1.1/4,9-8-8-9,40.9,138.1,10,478(-10),01123,[西]牧田和弥,514009,柏木務,,"7,11(2,12)(9,14)10,13(4,5)1,3-6   8",9,2,3.0,False,"7,11(2,12)14,9,13(4,5,10)-(1,3)-6   8",8,3,4.5,False,"7(11,12)2(9,14)4(5,3)-(6,13)10=1   8",8,2,0.0,False,"(*7,11,12)(2,9)3,4,14,5,6=10,13-1   8",9,1,4.5,False,-6,
201608050102,2,2歳未勝利,ダ,1800,晴,良,10:35,2016-11-05,京都,11,6,10,2014104829,バトルクウ,牝2,52,01147,城戸義政,1:59.5,大,7-8-12-11,42.0,272.7,13,464(-4),01099,[西]本田優,394009,宮川秋信,,"7,11(2,12)(9,14)10,13(4,5)1,3-6   8",7,1,1.5,False,"7,11(2,12)14,9,13(4,5,10)-(1,3)-6   8",8,3,4.5,False,"7(11,12)2(9,14)4(5,3)-(6,13)10=1   8",12,1,3.5,False,"(*7,11,12)(2,9)3,4,14,5,6=10,13-1   8",11,1,12.0,False,-6,
201608050102,2,2歳未勝利,ダ,1800,晴,良,10:35,2016-11-05,京都,12,1,1,2014109169,ロックウォーター,牡2,52,01160,荻野極,1:59.9,2.1/2,11-11-13-13,41.6,214.3,12,400(+8),01157,[西]杉山晴紀,304030,松田整二,,"7,11(2,12)(9,14)10,13(4,5)1,3-6   8",11,1,3.0,False,"7,11(2,12)14,9,13(4,5,10)-(1,3)-6   8",11,2,8.0,False,"7(11,12)2(9,14)4(5,3)-(6,13)10=1   8",13,1,9.5,False,"(*7,11,12)(2,9)3,4,14,5,6=10,13-1   8",13,1,17.0,False,-6,
201608050102,2,2歳未勝利,ダ,1800,晴,良,10:35,2016-11-05,京都,13,8,13,2014103825,ビービーブラーヴォ,セ2,55,05504,バルザロ,2:00.5,3.1/2,8-7-10-12,43.0,160.9,11,442(0),01120,[西]千田輝彦,185800,坂東牧場,,"7,11(2,12)(9,14)10,13(4,5)1,3-6   8",8,1,3.0,False,"7,11(2,12)14,9,13(4,5,10)-(1,3)-6   8",7,1,4.5,False,"7(11,12)2(9,14)4(5,3)-(6,13)10=1   8",10,2,3.5,False,"(*7,11,12)(2,9)3,4,14,5,6=10,13-1   8",12,1,13.5,False,-6,
201608050102,2,2歳未勝利,ダ,1800,晴,良,10:35,2016-11-05,京都,除,5,8,2014102088,ランドジュピター,牡2,55,01088,川田将雅,,,,,---,,460(+2),01042,[西]安達昭夫,862009,木村昌三,,"7,11(2,12)(9,14)10,13(4,5)1,3-6   8",14,1,14.0,False,"7,11(2,12)14,9,13(4,5,10)-(1,3)-6   8",14,1,17.5,False,"7(11,12)2(9,14)4(5,3)-(6,13)10=1   8",14,1,15.5,False,"(*7,11,12)(2,9)3,4,14,5,6=10,13-1   8",14,1,23.0,False,-6,
201608050103,3,2歳未勝利,芝,1200,晴,良,11:10,2016-11-05,京都,1,3,3,2014104249,アリンナ,牝2,54,01116,藤岡康太,1:09.3,,1-1,34.1,2.2,2,424(0),00419,[西]松元茂樹,854800,ノルマンディーサラブ...,500.0,,,,,,,,,,,"(*3,8)7(1,9)(2,4)6,5,12,11,10-13",1,2,0.0,True,"(*3,8)(1,7)(4,2,9)(5,6)(11,12)10-13",1,2,0.0,True,-10,乾いた馬場のうえ、今週からBコースに替わって、前週よりも時計の出やすいコンディションになった。
201608050103,3,2歳未勝利,芝,1200,晴,良,11:10,2016-11-05,京都,2,1,1,2014100158,ゼセル,牡2,55,00732,幸英明,1:09.9,3.1/2,4-3,34.4,2.0,1,474(+2),01111,[西]鈴木孝志,330007,杉澤光雄,200.0,,,,,,,,,,,"(*3,8)7(1,9)(2,4)6,5,12,11,10-13",4,2,0.0,False,"(*3,8)(1,7)(4,2,9)(5,6)(11,12)10-13",3,2,0.0,False,-10,乾いた馬場のうえ、今週からBコースに替わって、前週よりも時計の出やすいコンディションになった。
201608050103,3,2歳未勝利,芝,1200,晴,良,11:10,2016-11-05,京都,3,5,7,2014110063,ルイ,牡2,55,00722,小林徹弥,1:10.6,4,3-3,35.1,23.0,5,518(+12),00427,[西]森秀行,897009,西山茂行,130.0,,,,,,,,,,,"(*3,8)7(1,9)(2,4)6,5,12,11,10-13",3,1,0.0,False,"(*3,8)(1,7)(4,2,9)(5,6)(11,12)10-13",3,2,0.0,False,-10,乾いた馬場のうえ、今週からBコースに替わって、前週よりも時計の出やすいコンディションになった。
201608050103,3,2歳未勝利,芝,1200,晴,良,11:10,2016-11-05,京都,4,5,6,2014106529,ビックリシタナモー,牡2,52,01160,荻野極,1:10.6,ハナ,8-8,34.7,9.1,3,498(+10),01002,[西]音無秀孝,334009,小田切有一,75.0,,,,,,,,,,,"(*3,8)7(1,9)(2,4)6,5,12,11,10-13",8,1,0.0,False,"(*3,8)(1,7)(4,2,9)(5,6)(11,12)10-13",8,2,0.0,False,-10,乾いた馬場のうえ、今週からBコースに替わって、前週よりも時計の出やすいコンディションになった。
201608050103,3,2歳未勝利,芝,1200,晴,良,11:10,2016-11-05,京都,5,8,12,2014105090,ベルエスメラルダ,牝2,54,01125,国分優作,1:10.8,1.1/2,10-10,34.7,13.3,4,436(+2),01107,[西]村山明,216005,内田滋三,50.0,,,,,,,,,,,"(*3,8)7(1,9)(2,4)6,5,12,11,10-13",10,1,3.0,False,"(*3,8)(1,7)(4,2,9)(5,6)(11,12)10-13",10,2,0.0,False,-10,乾いた馬場のうえ、今週からBコースに替わって、前週よりも時計の出やすいコンディションになった。
201608050103,3,2歳未勝利,芝,1200,晴,良,11:10,2016-11-05,京都,6,7,11,2014101072,アイアンヒナマツリ,牝2,51,01159,三津谷隼,1:10.8,クビ,11-10,34.6,288.1,11,414(-2),01148,[西]西村真幸,780006,池上一馬,,,,,,,,,,,,"(*3,8)7(1,9)(2,4)6,5,12,11,10-13",11,1,4.5,False,"(*3,8)(1,7)(4,2,9)(5,6)(11,12)10-13",10,2,0.0,False,-10,乾いた馬場のうえ、今週からBコースに替わって、前週よりも時計の出やすいコンディションになった。
201608050103,3,2歳未勝利,芝,1200,晴,良,11:10,2016-11-05,京都,7,4,4,2014102836,デッドポイント,牡2,55,01133,水口優也,1:10.9,クビ,6-5,35.2,309.6,12,438(+2),00365,[西]崎山博樹,851007,山上和良,,,,,,,,,,,,"(*3,8)7(1,9)(2,4)6,5,12,11,10-13",6,2,0.0,False,"(*3,8)(1,7)(4,2,9)(5,6)(11,12)10-13",5,3,0.0,False,-10,乾いた馬場のうえ、今週からBコースに替わって、前週よりも時計の出やすいコンディションになった。
201608050103,3,2歳未勝利,芝,1200,晴,良,11:10,2016-11-05,京都,8,6,8,2014103013,ミキノタマテバコ,牝2,54,01018,和田竜二,1:10.9,ハナ,2-2,35.6,24.0,6,494(+2),01041,[西]藤沢則雄,918002,谷口久和,,,,,,,,,,,,"(*3,8)7(1,9)(2,4)6,5,12,11,10-13",2,2,0.0,False,"(*3,8)(1,7)(4,2,9)(5,6)(11,12)10-13",2,2,0.0,False,-10,乾いた馬場のうえ、今週からBコースに替わって、前週よりも時計の出やすいコンディションになった。
201608050103,3,2歳未勝利,芝,1200,晴,良,11:10,2016-11-05,京都,9,2,2,2014103383,アグネスヴォルツ,牡2,55,01015,古川吉洋,1:11.1,1.1/4,6-5,35.4,44.1,7,490(+10),00395,[西]長浜博之,560030,渡辺公美子,,,,,,,,,,,,"(*3,8)7(1,9)(2,4)6,5,12,11,10-13",6,2,0.0,False,"(*3,8)(1,7)(4,2,9)(5,6)(11,12)10-13",5,3,0.0,False,-10,乾いた馬場のうえ、今週からBコースに替わって、前週よりも時計の出やすいコンディションになった。
201608050103,3,2歳未勝利,芝,1200,晴,良,11:10,2016-11-05,京都,10,7,10,2014102497,シゲルクロネコ,牡2,55,01126,松山弘平,1:11.1,ハナ,12-12,34.7,170.6,10,406(-4),00400,[西]柴田光陽,674004,森中蕃,,,,,,,,,,,,"(*3,8)7(1,9)(2,4)6,5,12,11,10-13",12,1,6.0,False,"(*3,8)(1,7)(4,2,9)(5,6)(11,12)10-13",12,1,0.0,False,-10,乾いた馬場のうえ、今週からBコースに替わって、前週よりも時計の出やすいコンディションになった。
201608050103,3,2歳未勝利,芝,1200,晴,良,11:10,2016-11-05,京都,11,4,5,2014100795,トダメチャ,牡2,55,01030,松田大作,1:11.3,1.1/2,9-8,35.3,111.3,8,448(-10),01033,[西]木原一良,463800,名古屋友豊,,,,,,,,,,,,"(*3,8)7(1,9)(2,4)6,5,12,11,10-13",9,1,1.5,False,"(*3,8)(1,7)(4,2,9)(5,6)(11,12)10-13",8,2,0.0,False,-10,乾いた馬場のうえ、今週からBコースに替わって、前週よりも時計の出やすいコンディションになった。
201608050103,3,2歳未勝利,芝,1200,晴,良,11:10,2016-11-05,京都,12,8,13,2014105120,シゲルムササビ,牝2,54,01034,酒井学,1:11.3,ハナ,13-13,34.6,313.0,13,468(+2),01040,[西]服部利之,674004,森中蕃,,,,,,,,,,,,"(*3,8)7(1,9)(2,4)6,5,12,11,10-13",13,1,9.5,False,"(*3,8)(1,7)(4,2,9)(5,6)(11,12)10-13",13,1,3.5,False,-10,乾いた馬場のうえ、今週からBコースに替わって、前週よりも時計の出やすいコンディションになった。
201608050103,3,2歳未勝利,芝,1200,晴,良,11:10,2016-11-05,京都,13,6,9,2014103980,クリノゼノビア,牝2,51,01163,坂井瑠星,1:11.6,1.3/4,4-5,35.9,126.2,9,424(0),01009,[西]田所秀孝,970006,栗本博晴,,,,,,,,,,,,"(*3,8)7(1,9)(2,4)6,5,12,11,10-13",4,2,0.0,False,"(*3,8)(1,7)(4,2,9)(5,6)(11,12)10-13",5,3,0.0,False,-10,乾いた馬場のうえ、今週からBコースに替わって、前週よりも時計の出やすいコンディションになった。
201608050104,4,2歳未勝利,芝,2000,晴,良,11:35,2016-11-05,京都,1,6,6,2014105441,サトノシャーク,牡2,55,05212,Ｍ．デム,2:01.7,,8-8-4-4,35.7,1.7,1,522(-2),01071,[西]池江泰寿,790031,里見治,500.0,"4(3,5)1(2,8)-7,6",8,1,5.0,False,"4,5,1,3,2,8,7,6",8,1,10.5,False,"4(1,3)6(7,5)(2,8)",4,1,0.0,False,"4(1,3)6,7(5,2)8",4,1,0.0,False,-10,乾いた馬場のうえ、今週からBコースに替わって、前週よりも時計の出やすいコンディションになった。
201608050104,4,2歳未勝利,芝,2000,晴,良,11:35,2016-11-05,京都,2,1,1,2014105249,アルメリアブルーム,牝2,54,05504,バルザロ,2:01.8,1/2,4-3-2-2,35.9,11.4,4,416(0),01135,[西]高橋康之,226800,サンデーレーシング,200.0,"4(3,5)1(2,8)-7,6",4,1,0.0,False,"4,5,1,3,2,8,7,6",3,1,3.0,False,"4(1,3)6(7,5)(2,8)",2,2,0.0,False,"4(1,3)6,7(5,2)8",2,2,0.0,False,-10,乾いた馬場のうえ、今週からBコースに替わって、前週よりも時計の出やすいコンディションになった。
201608050104,4,2歳未勝利,芝,2000,晴,良,11:35,2016-11-05,京都,3,7,7,2014105584,ブリシンガメン,牝2,54,01018,和田竜二,2:02.1,2,7-7-5-5,35.9,47.0,6,446(-4),01146,[西]奥村豊,758005,吉田照哉,130.0,"4(3,5)1(2,8)-7,6",7,1,3.5,False,"4,5,1,3,2,8,7,6",7,1,9.0,False,"4(1,3)6(7,5)(2,8)",5,2,0.0,False,"4(1,3)6,7(5,2)8",5,1,1.5,False,-10,乾いた馬場のうえ、今週からBコースに替わって、前週よりも時計の出やすいコンディションになった。
201608050104,4,2歳未勝利,芝,2000,晴,良,11:35,2016-11-05,京都,4,2,2,2014105932,ゼロメリディアン,牝2,54,01014,福永祐一,2:02.5,2.1/2,5-5-7-6,36.2,4.5,3,400(0),01117,[西]高野友和,790005,吉田勝己,75.0,"4(3,5)1(2,8)-7,6",5,2,0.0,False,"4,5,1,3,2,8,7,6",5,1,6.0,False,"4(1,3)6(7,5)(2,8)",7,2,0.0,False,"4(1,3)6,7(5,2)8",6,2,1.5,False,-10,乾いた馬場のうえ、今週からBコースに替わって、前週よりも時計の出やすいコンディションになった。
201608050104,4,2歳未勝利,芝,2000,晴,良,11:35,2016-11-05,京都,5,3,3,2014101173,アディラート,牡2,55,01088,川田将雅,2:03.0,3,2-4-2-2,37.1,3.7,2,492(-2),01105,[西]須貝尚介,271008,安原浩司,50.0,"4(3,5)1(2,8)-7,6",2,2,0.0,False,"4,5,1,3,2,8,7,6",4,1,4.5,False,"4(1,3)6(7,5)(2,8)",2,2,0.0,False,"4(1,3)6,7(5,2)8",2,2,0.0,False,-10,乾いた馬場のうえ、今週からBコースに替わって、前週よりも時計の出やすいコンディションになった。
201608050104,4,2歳未勝利,芝,2000,晴,良,11:35,2016-11-05,京都,6,4,4,2014103364,モンテゾーロ,牝2,54,01124,国分恭介,2:03.2,1.1/2,1-1-1-1,37.5,189.7,8,430(-2),01148,[西]西村真幸,302800,辻牧場,,"4(3,5)1(2,8)-7,6",1,1,0.0,False,"4,5,1,3,2,8,7,6",1,1,0.0,False,"4(1,3)6(7,5)(2,8)",1,1,0.0,False,"4(1,3)6,7(5,2)8",1,1,0.0,False,-10,乾いた馬場のうえ、今週からBコースに替わって、前週よりも時計の出やすいコンディションになった。
201608050104,4,2歳未勝利,芝,2000,晴,良,11:35,2016-11-05,京都,7,5,5,2014101680,カンナ,牝2,54,05115,シュタル,2:04.0,5,2-2-5-6,37.8,21.7,5,492(+6),01110,[西]清水久詞,248030,石川達絵,,"4(3,5)1(2,8)-7,6",2,2,0.0,False,"4,5,1,3,2,8,7,6",2,1,1.5,False,"4(1,3)6(7,5)(2,8)",5,2,0.0,False,"4(1,3)6,7(5,2)8",6,2,1.5,False,-10,乾いた馬場のうえ、今週からBコースに替わって、前週よりも時計の出やすいコンディションになった。
201608050104,4,2歳未勝利,芝,2000,晴,良,11:35,2016-11-05,京都,8,8,8,2014104603,レランパゴ,牡2,55,01036,竹之下智,2:04.6,3.1/2,5-6-7-8,38.3,52.8,7,502(+6),01033,[西]木原一良,463800,名古屋友豊,,"4(3,5)1(2,8)-7,6",5,2,0.0,False,"4,5,1,3,2,8,7,6",6,1,7.5,False,"4(1,3)6(7,5)(2,8)",7,2,0.0,False,"4(1,3)6,7(5,2)8",8,1,1.5,False,-10,乾いた馬場のうえ、今週からBコースに替わって、前週よりも時計の出やすいコンディションになった。
201608050105,5,2歳新馬,芝,1400,晴,良,12:30,2016-11-05,京都,1,1,1,2014103559,フェルトベルク,牝2,54,01062,川島信二,1:22.4,,8-9,34.6,73.7,12,428(0),01095,[西]荒川義之,036006,加藤徹,700.0,,,,,,,,,,,"(*12,14)(4,8)(3,7,11)-(1,9,10)-6,16(2,13,15)18(5,17)",8,3,3.5,False,"(*12,14)(4,8)(3,7,11)10(1,9)6(13,16)15-18,2,17,5",9,2,0.0,False,-10,乾いた馬場のうえ、今週からBコースに替わって、前週よりも時計の出やすいコンディションになった。
201608050105,5,2歳新馬,芝,1400,晴,良,12:30,2016-11-05,京都,2,5,10,2014105609,パールズベスト,牝2,54,01014,福永祐一,1:22.4,クビ,8-8,34.6,2.9,1,462(0),01136,[西]高橋亮,727008,谷掛龍夫,280.0,,,,,,,,,,,"(*12,14)(4,8)(3,7,11)-(1,9,10)-6,16(2,13,15)18(5,17)",8,3,3.5,False,"(*12,14)(4,8)(3,7,11)10(1,9)6(13,16)15-18,2,17,5",8,1,0.0,False,-10,乾いた馬場のうえ、今週からBコースに替わって、前週よりも時計の出やすいコンディションになった。
201608050105,5,2歳新馬,芝,1400,晴,良,12:30,2016-11-05,京都,3,2,3,2014104051,ミヤジヴィジェ,牝2,54,05115,シュタル,1:22.5,1/2,5-5,35.0,21.4,6,466(0),01003,[西]川村禎彦,911009,曽我司,180.0,,,,,,,,,,,"(*12,14)(4,8)(3,7,11)-(1,9,10)-6,16(2,13,15)18(5,17)",5,3,0.0,False,"(*12,14)(4,8)(3,7,11)10(1,9)6(13,16)15-18,2,17,5",5,3,0.0,False,-10,乾いた馬場のうえ、今週からBコースに替わって、前週よりも時計の出やすいコンディションになった。
201608050105,5,2歳新馬,芝,1400,晴,良,12:30,2016-11-05,京都,4,2,4,2014104068,トーホウレジーナ,牝2,54,05429,岡田祥嗣,1:22.5,ハナ,3-3,35.2,6.2,4,444(0),01055,[西]藤原英昭,965800,東豊物産,110.0,,,,,,,,,,,"(*12,14)(4,8)(3,7,11)-(1,9,10)-6,16(2,13,15)18(5,17)",3,2,0.0,False,"(*12,14)(4,8)(3,7,11)10(1,9)6(13,16)15-18,2,17,5",3,2,0.0,False,-10,乾いた馬場のうえ、今週からBコースに替わって、前週よりも時計の出やすいコンディションになった。
201608050105,5,2歳新馬,芝,1400,晴,良,12:30,2016-11-05,京都,5,7,14,2014102777,ハトマークワルツ,牝2,54,01116,藤岡康太,1:22.5,クビ,2-2,35.4,168.2,15,432(0),01146,[西]奥村豊,699009,山田美喜男,70.0,,,,,,,,,,,"(*12,14)(4,8)(3,7,11)-(1,9,10)-6,16(2,13,15)18(5,17)",2,2,0.0,False,"(*12,14)(4,8)(3,7,11)10(1,9)6(13,16)15-18,2,17,5",2,2,0.0,False,-10,乾いた馬場のうえ、今週からBコースに替わって、前週よりも時計の出やすいコンディションになった。
201608050105,5,2歳新馬,芝,1400,晴,良,12:30,2016-11-05,京都,6,3,6,2014105203,ニシノグラマラス,牝2,54,00894,小牧太,1:22.6,3/4,11-11,34.4,64.3,11,424(0),01039,[西]中竹和也,897009,西山茂行,,,,,,,,,,,,"(*12,14)(4,8)(3,7,11)-(1,9,10)-6,16(2,13,15)18(5,17)",11,1,7.0,False,"(*12,14)(4,8)(3,7,11)10(1,9)6(13,16)15-18,2,17,5",11,1,0.0,False,-10,乾いた馬場のうえ、今週からBコースに替わって、前週よりも時計の出やすいコンディションになった。
201608050105,5,2歳新馬,芝,1400,晴,良,12:30,2016-11-05,京都,7,7,13,2014103498,キクノレレ,牝2,54,01126,松山弘平,1:22.8,1,13-12,34.2,185.0,16,470(0),01128,[西]今野貞一,372002,菊池五郎,,,,,,,,,,,,"(*12,14)(4,8)(3,7,11)-(1,9,10)-6,16(2,13,15)18(5,17)",13,3,8.5,False,"(*12,14)(4,8)(3,7,11)10(1,9)6(13,16)15-18,2,17,5",12,2,0.0,False,-10,乾いた馬場のうえ、今週からBコースに替わって、前週よりも時計の出やすいコンディションになった。
201608050105,5,2歳新馬,芝,1400,晴,良,12:30,2016-11-05,京都,8,4,8,2014105321,ソリティアリング,牝2,54,01018,和田竜二,1:23.1,1.3/4,3-3,35.8,4.2,3,446(0),00419,[西]松元茂樹,415800,社台レースホース,,,,,,,,,,,,"(*12,14)(4,8)(3,7,11)-(1,9,10)-6,16(2,13,15)18(5,17)",3,2,0.0,False,"(*12,14)(4,8)(3,7,11)10(1,9)6(13,16)15-18,2,17,5",3,2,0.0,False,-10,乾いた馬場のうえ、今週からBコースに替わって、前週よりも時計の出やすいコンディションになった。
201608050105,5,2歳新馬,芝,1400,晴,良,12:30,2016-11-05,京都,9,4,7,2014101929,ワンパーパス,牝2,54,01034,酒井学,1:23.2,3/4,5-5,35.6,63.9,10,432(0),00431,[西]谷潔,240033,橋本謙一,,,,,,,,,,,,"(*12,14)(4,8)(3,7,11)-(1,9,10)-6,16(2,13,15)18(5,17)",5,3,0.0,False,"(*12,14)(4,8)(3,7,11)10(1,9)6(13,16)15-18,2,17,5",5,3,0.0,False,-10,乾いた馬場のうえ、今週からBコースに替わって、前週よりも時計の出やすいコンディションになった。
201608050105,5,2歳新馬,芝,1400,晴,良,12:30,2016-11-05,京都,10,6,12,2014103539,タマノオータム,牝2,54,01124,国分恭介,1:23.3,クビ,1-1,36.3,48.8,7,406(0),01140,[西]石橋守,960030,玉腰勇吉,,,,,,,,,,,,"(*12,14)(4,8)(3,7,11)-(1,9,10)-6,16(2,13,15)18(5,17)",1,2,0.0,True,"(*12,14)(4,8)(3,7,11)10(1,9)6(13,16)15-18,2,17,5",1,2,0.0,True,-10,乾いた馬場のうえ、今週からBコースに替わって、前週よりも時計の出やすいコンディションになった。
201608050105,5,2歳新馬,芝,1400,晴,良,12:30,2016-11-05,京都,11,8,16,2014105822,ゴレアーダ,牝2,54,05203,岩田康誠,1:23.4,1/2,12-12,35.0,52.8,8,426(0),01069,[西]中尾秀正,486800,キャロットファーム,,,,,,,,,,,,"(*12,14)(4,8)(3,7,11)-(1,9,10)-6,16(2,13,15)18(5,17)",12,1,8.5,False,"(*12,14)(4,8)(3,7,11)10(1,9)6(13,16)15-18,2,17,5",12,2,0.0,False,-10,乾いた馬場のうえ、今週からBコースに替わって、前週よりも時計の出やすいコンディションになった。
201608050105,5,2歳新馬,芝,1400,晴,良,12:30,2016-11-05,京都,12,5,9,2014103797,オールエリザベス,牝2,54,01019,秋山真一,1:23.6,1.1/2,8-9,35.8,56.4,9,442(0),01041,[西]藤沢則雄,117800,高昭牧場,,,,,,,,,,,,"(*12,14)(4,8)(3,7,11)-(1,9,10)-6,16(2,13,15)18(5,17)",8,3,3.5,False,"(*12,14)(4,8)(3,7,11)10(1,9)6(13,16)15-18,2,17,5",9,2,0.0,False,-10,乾いた馬場のうえ、今週からBコースに替わって、前週よりも時計の出やすいコンディションになった。
201608050105,5,2歳新馬,芝,1400,晴,良,12:30,2016-11-05,京都,13,7,15,2014103564,アビイロード,牝2,54,01102,北村友一,1:23.7,1/2,13-14,35.1,127.6,13,436(0),01083,[西]松永昌博,547800,ヒダカ・ブリーダーズ...,,,,,,,,,,,,"(*12,14)(4,8)(3,7,11)-(1,9,10)-6,16(2,13,15)18(5,17)",13,3,8.5,False,"(*12,14)(4,8)(3,7,11)10(1,9)6(13,16)15-18,2,17,5",14,1,0.0,False,-10,乾いた馬場のうえ、今週からBコースに替わって、前週よりも時計の出やすいコンディションになった。
201608050105,5,2歳新馬,芝,1400,晴,良,12:30,2016-11-05,京都,14,8,18,2014103047,エイシンフローラ,牝2,54,00732,幸英明,1:23.9,1.1/4,16-15,34.9,225.9,18,484(0),00356,[西]坂口正則,785800,栄進堂,,,,,,,,,,,,"(*12,14)(4,8)(3,7,11)-(1,9,10)-6,16(2,13,15)18(5,17)",16,1,8.5,False,"(*12,14)(4,8)(3,7,11)10(1,9)6(13,16)15-18,2,17,5",15,1,3.5,False,-10,乾いた馬場のうえ、今週からBコースに替わって、前週よりも時計の出やすいコンディションになった。
201608050105,5,2歳新馬,芝,1400,晴,良,12:30,2016-11-05,京都,15,6,11,2014103799,カネトシジュテーム,牝2,54,05212,Ｍ．デム,1:24.1,1.1/2,5-5,36.6,11.4,5,460(0),01072,[西]河内洋,939006,兼松昌男,,,,,,,,,,,,"(*12,14)(4,8)(3,7,11)-(1,9,10)-6,16(2,13,15)18(5,17)",5,3,0.0,False,"(*12,14)(4,8)(3,7,11)10(1,9)6(13,16)15-18,2,17,5",5,3,0.0,False,-10,乾いた馬場のうえ、今週からBコースに替わって、前週よりも時計の出やすいコンディションになった。
201608050105,5,2歳新馬,芝,1400,晴,良,12:30,2016-11-05,京都,16,8,17,2014100495,タガノキャラメル,牝2,54,01037,太宰啓介,1:24.2,1/2,17-17,34.9,205.3,17,394(0),01032,[西]大根田裕,859002,八木良司,,,,,,,,,,,,"(*12,14)(4,8)(3,7,11)-(1,9,10)-6,16(2,13,15)18(5,17)",17,2,8.5,False,"(*12,14)(4,8)(3,7,11)10(1,9)6(13,16)15-18,2,17,5",17,1,6.5,False,-10,乾いた馬場のうえ、今週からBコースに替わって、前週よりも時計の出やすいコンディションになった。
201608050105,5,2歳新馬,芝,1400,晴,良,12:30,2016-11-05,京都,17,3,5,2014106045,ベルダム,牝2,54,01088,川田将雅,1:24.8,3.1/2,17-18,35.6,4.1,2,402(0),01022,[西]石坂正,226800,サンデーレーシング,,,,,,,,,,,,"(*12,14)(4,8)(3,7,11)-(1,9,10)-6,16(2,13,15)18(5,17)",17,2,8.5,False,"(*12,14)(4,8)(3,7,11)10(1,9)6(13,16)15-18,2,17,5",18,1,8.0,False,-10,乾いた馬場のうえ、今週からBコースに替わって、前週よりも時計の出やすいコンディションになった。
201608050105,5,2歳新馬,芝,1400,晴,良,12:30,2016-11-05,京都,18,1,2,2014104384,ステラバレット,牝2,54,00722,小林徹弥,1:24.9,3/4,13-16,36.1,159.9,14,412(0),00427,[西]森秀行,553800,広尾レース,,,,,,,,,,,,"(*12,14)(4,8)(3,7,11)-(1,9,10)-6,16(2,13,15)18(5,17)",13,3,8.5,False,"(*12,14)(4,8)(3,7,11)10(1,9)6(13,16)15-18,2,17,5",16,1,5.0,False,-10,乾いた馬場のうえ、今週からBコースに替わって、前週よりも時計の出やすいコンディションになった。
201608050106,6,2歳新馬,ダ,1400,晴,良,13:05,2016-11-05,京都,1,7,12,2014102201,アップビート,牝2,54,05115,シュタル,1:25.7,,2-1,38.0,7.1,2,448(0),01130,[西]吉村圭司,003060,Ｈ．Ｈ．シェイク・モ...,700.0,,,,,,,,,,,"(*10,12)-2,11(5,15)13-8(1,9,14)6=7-3,4",2,2,0.0,False,"(10,*12)(11,2)-15,13-(1,5,9,8)14,6-7-3-4",1,2,0.0,True,-6,
201608050106,6,2歳新馬,ダ,1400,晴,良,13:05,2016-11-05,京都,2,7,13,2014104684,ジュエアトゥー,牡2,55,00722,小林徹弥,1:26.5,5,7-6,38.0,15.8,5,492(0),00388,[西]山内研二,161006,首藤徳,280.0,,,,,,,,,,,"(*10,12)-2,11(5,15)13-8(1,9,14)6=7-3,4",7,1,5.0,False,"(10,*12)(11,2)-15,13-(1,5,9,8)14,6-7-3-4",6,1,5.0,False,-6,
201608050106,6,2歳新馬,ダ,1400,晴,良,13:05,2016-11-05,京都,3,6,11,2014101349,エイシンルカーノ,牡2,55,00732,幸英明,1:27.1,3.1/2,4-3,38.9,11.4,4,466(0),01155,[西]渡辺薫彦,785800,栄進堂,180.0,,,,,,,,,,,"(*10,12)-2,11(5,15)13-8(1,9,14)6=7-3,4",4,1,5.0,False,"(10,*12)(11,2)-15,13-(1,5,9,8)14,6-7-3-4",3,2,0.0,False,-6,
201608050106,6,2歳新馬,ダ,1400,晴,良,13:05,2016-11-05,京都,4,2,2,2014105166,ハクサンベル,牡2,55,01034,酒井学,1:27.2,1/2,3-3,39.1,1.6,1,460(0),01028,[西]西園正都,841030,河崎五市,110.0,,,,,,,,,,,"(*10,12)-2,11(5,15)13-8(1,9,14)6=7-3,4",3,1,3.5,False,"(10,*12)(11,2)-15,13-(1,5,9,8)14,6-7-3-4",3,2,0.0,False,-6,
201608050106,6,2歳新馬,ダ,1400,晴,良,13:05,2016-11-05,京都,5,1,1,2014103403,ディーアヴァン,牝2,54,05203,岩田康誠,1:27.8,3.1/2,9-7,38.9,43.0,10,450(0),01087,[西]庄野靖志,590033,前川俊行,70.0,,,,,,,,,,,"(*10,12)-2,11(5,15)13-8(1,9,14)6=7-3,4",9,3,8.5,False,"(10,*12)(11,2)-15,13-(1,5,9,8)14,6-7-3-4",7,4,8.5,False,-6,
201608050106,6,2歳新馬,ダ,1400,晴,良,13:05,2016-11-05,京都,6,5,9,2014102530,メイショウサギリ,牝2,54,01018,和田竜二,1:27.9,1/2,9-7,38.8,9.1,3,438(0),01049,[西]南井克巳,523005,松本好雄,,,,,,,,,,,,"(*10,12)-2,11(5,15)13-8(1,9,14)6=7-3,4",9,3,8.5,False,"(10,*12)(11,2)-15,13-(1,5,9,8)14,6-7-3-4",7,4,8.5,False,-6,
201608050106,6,2歳新馬,ダ,1400,晴,良,13:05,2016-11-05,京都,7,4,6,2014103977,ダンツゴウユウ,牡2,55,01130,高倉稜,1:28.0,3/4,12-12,38.7,77.7,13,468(0),00431,[西]谷潔,248005,山元哲二,,,,,,,,,,,,"(*10,12)-2,11(5,15)13-8(1,9,14)6=7-3,4",12,1,8.5,False,"(10,*12)(11,2)-15,13-(1,5,9,8)14,6-7-3-4",12,1,10.0,False,-6,
201608050106,6,2歳新馬,ダ,1400,晴,良,13:05,2016-11-05,京都,8,5,8,2014102997,ヒロシゲスマート,牡2,52,01160,荻野極,1:28.4,2.1/2,8-7,39.5,147.6,14,452(0),01006,[西]作田誠二,267033,阿尾浩和,,,,,,,,,,,,"(*10,12)-2,11(5,15)13-8(1,9,14)6=7-3,4",8,1,8.5,False,"(10,*12)(11,2)-15,13-(1,5,9,8)14,6-7-3-4",7,4,8.5,False,-6,
201608050106,6,2歳新馬,ダ,1400,晴,良,13:05,2016-11-05,京都,9,4,7,2014100545,ローレルメーゼ,牝2,54,01139,森一馬,1:28.8,2.1/2,13-13,38.9,49.9,11,464(0),01083,[西]松永昌博,032800,ローレルレーシング,,,,,,,,,,,,"(*10,12)-2,11(5,15)13-8(1,9,14)6=7-3,4",13,1,14.5,False,"(10,*12)(11,2)-15,13-(1,5,9,8)14,6-7-3-4",13,1,13.5,False,-6,
201608050106,6,2歳新馬,ダ,1400,晴,良,13:05,2016-11-05,京都,10,8,14,2014100268,シャワーブーケ,牝2,54,01116,藤岡康太,1:29.0,1.1/4,9-11,39.9,22.5,6,452(0),01128,[西]今野貞一,032800,ローレルレーシング,,,,,,,,,,,,"(*10,12)-2,11(5,15)13-8(1,9,14)6=7-3,4",9,3,8.5,False,"(10,*12)(11,2)-15,13-(1,5,9,8)14,6-7-3-4",11,1,8.5,False,-6,
201608050106,6,2歳新馬,ダ,1400,晴,良,13:05,2016-11-05,京都,11,6,10,2014104589,タマモコーラス,牝2,52,01147,城戸義政,1:29.6,3.1/2,1-2,42.0,23.2,8,448(0),01025,[西]佐藤正雄,515800,タマモ,,,,,,,,,,,,"(*10,12)-2,11(5,15)13-8(1,9,14)6=7-3,4",1,2,0.0,True,"(10,*12)(11,2)-15,13-(1,5,9,8)14,6-7-3-4",2,2,0.0,False,-6,
201608050106,6,2歳新馬,ダ,1400,晴,良,13:05,2016-11-05,京都,12,2,3,2014103144,サンマルガイア,牝2,54,01037,太宰啓介,1:30.1,3,14-14,39.8,179.7,15,482(0),01032,[西]大根田裕,580007,相馬勇,,,,,,,,,,,,"(*10,12)-2,11(5,15)13-8(1,9,14)6=7-3,4",14,1,18.0,False,"(10,*12)(11,2)-15,13-(1,5,9,8)14,6-7-3-4",14,1,17.0,False,-6,
201608050106,6,2歳新馬,ダ,1400,晴,良,13:05,2016-11-05,京都,13,3,5,2014106487,メイショウカグラ,牡2,55,01102,北村友一,1:30.5,2.1/2,5-7,42.0,37.4,9,492(0),01083,[西]松永昌博,523005,松本好雄,,,,,,,,,,,,"(*10,12)-2,11(5,15)13-8(1,9,14)6=7-3,4",5,2,5.0,False,"(10,*12)(11,2)-15,13-(1,5,9,8)14,6-7-3-4",7,4,8.5,False,-6,
201608050106,6,2歳新馬,ダ,1400,晴,良,13:05,2016-11-05,京都,14,3,4,2014101346,サーストンカイザー,牡2,55,00700,四位洋文,1:31.4,5,15-15,40.6,65.2,12,514(0),01113,[西]牧浦充徳,157002,齊藤宣勝,,,,,,,,,,,,"(*10,12)-2,11(5,15)13-8(1,9,14)6=7-3,4",15,1,19.5,False,"(10,*12)(11,2)-15,13-(1,5,9,8)14,6-7-3-4",15,1,20.5,False,-6,
201608050106,6,2歳新馬,ダ,1400,晴,良,13:05,2016-11-05,京都,15,8,15,2014102158,シゲルライオン,牡2,55,01126,松山弘平,1:39.4,大,5-5,51.0,22.9,7,546(0),00356,[西]坂口正則,674004,森中蕃,,,,,,,,,,,,"(*10,12)-2,11(5,15)13-8(1,9,14)6=7-3,4",5,2,5.0,False,"(10,*12)(11,2)-15,13-(1,5,9,8)14,6-7-3-4",5,1,3.5,False,-6,
201608050107,7,2歳新馬,芝,1600,晴,良,13:35,2016-11-05,京都,1,1,1,2014105897,クリアザトラック,牡2,55,05212,Ｍ．デム,1:36.3,,2-2,34.1,1.5,1,448(0),01053,[西]角居勝彦,708800,金子真人ホールディン...,700.0,,,,,,,,,,,"3,1(2,9)(7,10)(4,5)(8,6)",2,1,1.5,False,"3,1(2,9)5(7,10)8,4,6",2,1,1.5,False,-10,乾いた馬場のうえ、今週からBコースに替わって、前週よりも時計の出やすいコンディションになった。
201608050107,7,2歳新馬,芝,1600,晴,良,13:35,2016-11-05,京都,2,2,2,2014105889,サイレントアスカ,牝2,54,01088,川田将雅,1:36.5,1.1/2,3-3,34.1,15.0,5,492(0),01085,[西]小崎憲,473030,高野哲,280.0,,,,,,,,,,,"3,1(2,9)(7,10)(4,5)(8,6)",3,2,1.5,False,"3,1(2,9)5(7,10)8,4,6",3,2,1.5,False,-10,乾いた馬場のうえ、今週からBコースに替わって、前週よりも時計の出やすいコンディションになった。
201608050107,7,2歳新馬,芝,1600,晴,良,13:35,2016-11-05,京都,3,8,9,2014101096,ロードソリスト,牡2,55,05504,バルザロ,1:36.7,1.1/4,3-3,34.3,12.4,4,452(0),00362,[西]橋田満,170800,ロードホースクラブ,180.0,,,,,,,,,,,"3,1(2,9)(7,10)(4,5)(8,6)",3,2,1.5,False,"3,1(2,9)5(7,10)8,4,6",3,2,1.5,False,-10,乾いた馬場のうえ、今週からBコースに替わって、前週よりも時計の出やすいコンディションになった。
201608050107,7,2歳新馬,芝,1600,晴,良,13:35,2016-11-05,京都,4,7,7,2014100464,キーグラウンド,牡2,55,01015,古川吉洋,1:37.2,3,5-6,34.5,11.5,3,492(0),01018,[西]宮徹,338008,北前孔一郎,110.0,,,,,,,,,,,"3,1(2,9)(7,10)(4,5)(8,6)",5,2,1.5,False,"3,1(2,9)5(7,10)8,4,6",6,2,1.5,False,-10,乾いた馬場のうえ、今週からBコースに替わって、前週よりも時計の出やすいコンディションになった。
201608050107,7,2歳新馬,芝,1600,晴,良,13:35,2016-11-05,京都,5,3,3,2014103134,エイシンブリッツ,牡2,55,05203,岩田康誠,1:37.6,2.1/2,1-1,35.7,19.7,6,486(0),01003,[西]川村禎彦,785800,栄進堂,70.0,,,,,,,,,,,"3,1(2,9)(7,10)(4,5)(8,6)",1,1,0.0,False,"3,1(2,9)5(7,10)8,4,6",1,1,0.0,False,-10,乾いた馬場のうえ、今週からBコースに替わって、前週よりも時計の出やすいコンディションになった。
201608050107,7,2歳新馬,芝,1600,晴,良,13:35,2016-11-05,京都,6,5,5,2014105970,アロマドゥルセ,牝2,54,01014,福永祐一,1:37.7,クビ,7-5,34.9,3.9,2,442(0),01002,[西]音無秀孝,486800,キャロットファーム,,,,,,,,,,,,"3,1(2,9)(7,10)(4,5)(8,6)",7,2,1.5,False,"3,1(2,9)5(7,10)8,4,6",5,1,1.5,False,-10,乾いた馬場のうえ、今週からBコースに替わって、前週よりも時計の出やすいコンディションになった。
201608050107,7,2歳新馬,芝,1600,晴,良,13:35,2016-11-05,京都,7,8,10,2014103143,ハヤブサピクシー,牝2,54,01154,松若風馬,1:37.9,1.1/4,5-6,35.2,93.4,9,406(0),01101,[西]吉田直弘,837008,武田修,,,,,,,,,,,,"3,1(2,9)(7,10)(4,5)(8,6)",5,2,1.5,False,"3,1(2,9)5(7,10)8,4,6",6,2,1.5,False,-10,乾いた馬場のうえ、今週からBコースに替わって、前週よりも時計の出やすいコンディションになった。
201608050107,7,2歳新馬,芝,1600,晴,良,13:35,2016-11-05,京都,8,7,8,2014105081,プリンスオブペスカ,牡2,55,00732,幸英明,1:38.4,3,9-8,35.4,37.4,7,480(0),01083,[西]松永昌博,417030,山田信太郎,,,,,,,,,,,,"3,1(2,9)(7,10)(4,5)(8,6)",9,2,1.5,False,"3,1(2,9)5(7,10)8,4,6",8,1,1.5,False,-10,乾いた馬場のうえ、今週からBコースに替わって、前週よりも時計の出やすいコンディションになった。
201608050107,7,2歳新馬,芝,1600,晴,良,13:35,2016-11-05,京都,9,6,6,2014103247,トゥットベーネ,牡2,55,01126,松山弘平,1:39.2,5,9-10,36.2,78.9,8,506(0),01142,[西]森田直行,944030,加藤誠,,,,,,,,,,,,"3,1(2,9)(7,10)(4,5)(8,6)",9,2,1.5,False,"3,1(2,9)5(7,10)8,4,6",10,1,4.5,False,-10,乾いた馬場のうえ、今週からBコースに替わって、前週よりも時計の出やすいコンディションになった。
201608050107,7,2歳新馬,芝,1600,晴,良,13:35,2016-11-05,京都,10,4,4,2014100780,カシノメガロス,牡2,55,01034,酒井学,1:39.5,1.3/4,7-9,36.6,151.5,10,528(0),01009,[西]田所秀孝,514009,柏木務,,,,,,,,,,,,"3,1(2,9)(7,10)(4,5)(8,6)",7,2,1.5,False,"3,1(2,9)5(7,10)8,4,6",9,1,3.0,False,-10,乾いた馬場のうえ、今週からBコースに替わって、前週よりも時計の出やすいコンディションになった。
201608050108,8,3歳以上500万下,ダ,1900,晴,良,14:05,2016-11-05,京都,1,8,12,2012104907,アドマイヤロケット,牡4,57,01116,藤岡康太,1:58.5,,2-2-2-1,37.3,23.8,7,480(-6),01061,[西]友道康夫,398002,近藤利一,750.0,"(*8,12)3,1,9,11(4,6,10)(2,7)5",2,2,0.0,False,"(*8,12)(1,3)9,11(4,10)6(2,7)5",2,2,0.0,False,"(*8,12)(1,9,3)-(11,6)4,2,7(10,5)",2,2,0.0,False,"12,8,3(1,9)(4,11,6)-2-(10,7,5)",1,1,0.0,False,-6,
201608050108,8,3歳以上500万下,ダ,1900,晴,良,14:05,2016-11-05,京都,2,2,2,2013109025,ストライクイーグル,牡3,55,05429,岡田祥嗣,1:58.6,3/4,10-10-9-9,36.6,33.7,8,496(-10),01157,[西]杉山晴紀,486800,キャロットファーム,300.0,"(*8,12)3,1,9,11(4,6,10)(2,7)5",10,2,4.5,False,"(*8,12)(1,3)9,11(4,10)6(2,7)5",10,2,1.5,False,"(*8,12)(1,9,3)-(11,6)4,2,7(10,5)",9,1,5.0,False,"12,8,3(1,9)(4,11,6)-2-(10,7,5)",9,1,6.5,False,-6,
201608050108,8,3歳以上500万下,ダ,1900,晴,良,14:05,2016-11-05,京都,3,3,3,2012105830,オルナ,牡4,57,01088,川田将雅,1:59.1,3,3-3-3-3,37.7,2.3,1,512(0),01066,[西]岡田稲男,788800,ノースヒルズ,190.0,"(*8,12)3,1,9,11(4,6,10)(2,7)5",3,1,0.0,False,"(*8,12)(1,3)9,11(4,10)6(2,7)5",3,2,0.0,False,"(*8,12)(1,9,3)-(11,6)4,2,7(10,5)",3,3,0.0,False,"12,8,3(1,9)(4,11,6)-2-(10,7,5)",3,1,3.0,False,-6,
201608050108,8,3歳以上500万下,ダ,1900,晴,良,14:05,2016-11-05,京都,4,5,6,2012100243,キングサムソン,牡4,57,00894,小牧太,1:59.4,1.3/4,7-9-6-6,37.6,4.6,3,476(+2),01065,[西]大橋勇樹,346006,伊藤正男,110.0,"(*8,12)3,1,9,11(4,6,10)(2,7)5",7,3,4.5,False,"(*8,12)(1,3)9,11(4,10)6(2,7)5",9,1,1.5,False,"(*8,12)(1,9,3)-(11,6)4,2,7(10,5)",6,2,3.5,False,"12,8,3(1,9)(4,11,6)-2-(10,7,5)",6,3,3.0,False,-6,
201608050108,8,3歳以上500万下,ダ,1900,晴,良,14:05,2016-11-05,京都,5,1,1,2012106055,スマイルフォース,牡4,57,01126,松山弘平,1:59.8,2.1/2,4-3-3-4,38.4,132.0,11,458(-2),01142,[西]森田直行,218008,上茶谷一,75.0,"(*8,12)3,1,9,11(4,6,10)(2,7)5",4,1,1.5,False,"(*8,12)(1,3)9,11(4,10)6(2,7)5",3,2,0.0,False,"(*8,12)(1,9,3)-(11,6)4,2,7(10,5)",3,3,0.0,False,"12,8,3(1,9)(4,11,6)-2-(10,7,5)",4,2,3.0,False,-6,
201608050108,8,3歳以上500万下,ダ,1900,晴,良,14:05,2016-11-05,京都,6,8,11,2013104849,ガンコ,牡3,55,05203,岩田康誠,1:59.8,ハナ,6-6-6-6,38.1,14.5,6,484(-8),00419,[西]松元茂樹,330007,杉澤光雄,,"(*8,12)3,1,9,11(4,6,10)(2,7)5",6,1,4.5,False,"(*8,12)(1,3)9,11(4,10)6(2,7)5",6,1,1.5,False,"(*8,12)(1,9,3)-(11,6)4,2,7(10,5)",6,2,3.5,False,"12,8,3(1,9)(4,11,6)-2-(10,7,5)",6,3,3.0,False,-6,
201608050108,8,3歳以上500万下,ダ,1900,晴,良,14:05,2016-11-05,京都,7,4,4,2012101725,ドンアルフォンス,牡4,57,01154,松若風馬,2:00.0,1.1/2,7-7-8-6,38.2,58.4,10,466(+10),01087,[西]庄野靖志,440006,山田貢一,,"(*8,12)3,1,9,11(4,6,10)(2,7)5",7,3,4.5,False,"(*8,12)(1,3)9,11(4,10)6(2,7)5",7,2,1.5,False,"(*8,12)(1,9,3)-(11,6)4,2,7(10,5)",8,1,3.5,False,"12,8,3(1,9)(4,11,6)-2-(10,7,5)",6,3,3.0,False,-6,
201608050108,8,3歳以上500万下,ダ,1900,晴,良,14:05,2016-11-05,京都,8,6,8,2013102819,メイショウカマクラ,牡3,55,00732,幸英明,2:00.1,クビ,1-1-1-2,39.0,4.6,2,528(+6),00378,[西]沖芳夫,523005,松本好雄,,"(*8,12)3,1,9,11(4,6,10)(2,7)5",1,2,0.0,True,"(*8,12)(1,3)9,11(4,10)6(2,7)5",1,2,0.0,True,"(*8,12)(1,9,3)-(11,6)4,2,7(10,5)",1,2,0.0,True,"12,8,3(1,9)(4,11,6)-2-(10,7,5)",2,1,1.5,False,-6,
201608050108,8,3歳以上500万下,ダ,1900,晴,良,14:05,2016-11-05,京都,9,7,9,2013106447,ワンダーアビルマン,牡3,55,01018,和田竜二,2:00.4,1.1/2,5-5-3-4,39.0,7.9,4,506(+8),01025,[西]佐藤正雄,634001,山本信行,,"(*8,12)3,1,9,11(4,6,10)(2,7)5",5,1,3.0,False,"(*8,12)(1,3)9,11(4,10)6(2,7)5",5,1,0.0,False,"(*8,12)(1,9,3)-(11,6)4,2,7(10,5)",3,3,0.0,False,"12,8,3(1,9)(4,11,6)-2-(10,7,5)",4,2,3.0,False,-6,
201608050108,8,3歳以上500万下,ダ,1900,晴,良,14:05,2016-11-05,京都,10,6,7,2013102848,グランジャー,牡3,55,05115,シュタル,2:01.7,8,10-10-10-10,39.3,13.7,5,526(+8),01022,[西]石坂正,482002,水上行雄,,"(*8,12)3,1,9,11(4,6,10)(2,7)5",10,2,4.5,False,"(*8,12)(1,3)9,11(4,10)6(2,7)5",10,2,1.5,False,"(*8,12)(1,9,3)-(11,6)4,2,7(10,5)",10,1,6.5,False,"12,8,3(1,9)(4,11,6)-2-(10,7,5)",10,3,10.0,False,-6,
201608050108,8,3歳以上500万下,ダ,1900,晴,良,14:05,2016-11-05,京都,11,7,10,2012101902,ワイドワーグナー,牡4,54,01160,荻野極,2:02.1,2.1/2,7-7-11-10,39.7,219.0,12,520(-4),01087,[西]庄野靖志,331007,幅田昌伸,,"(*8,12)3,1,9,11(4,6,10)(2,7)5",7,3,4.5,False,"(*8,12)(1,3)9,11(4,10)6(2,7)5",7,2,1.5,False,"(*8,12)(1,9,3)-(11,6)4,2,7(10,5)",11,2,6.5,False,"12,8,3(1,9)(4,11,6)-2-(10,7,5)",10,3,10.0,False,-6,
201608050108,8,3歳以上500万下,ダ,1900,晴,良,14:05,2016-11-05,京都,12,5,5,2013105440,ディアスプマンテ,牝3,53,05504,バルザロ,2:03.8,大,12-12-11-10,41.2,50.5,9,440(-6),01095,[西]荒川義之,148800,グリーンファーム,,"(*8,12)3,1,9,11(4,6,10)(2,7)5",12,1,4.5,False,"(*8,12)(1,3)9,11(4,10)6(2,7)5",12,1,1.5,False,"(*8,12)(1,9,3)-(11,6)4,2,7(10,5)",11,2,6.5,False,"12,8,3(1,9)(4,11,6)-2-(10,7,5)",10,3,10.0,False,-6,
201608050109,9,近江特別(2勝),芝,1800,晴,良,14:35,2016-11-05,京都,1,5,8,2013101040,クリノラホール,牝3,52,01102,北村友一,1:46.6,,3-3,33.6,7.1,5,446(-2),00431,[西]谷潔,970006,栗本博晴,"1,530.1",,,,,,,,,,,"9,12(8,11)(3,6,10)5(1,13)14(7,4)-2",3,2,1.5,False,"9,12(8,11)(3,6,10,4)(5,13)(1,14)(7,2)",3,2,1.5,False,-10,乾いた馬場のうえ、今週からBコースに替わって、前週よりも時計の出やすいコンディションになった。
201608050109,9,近江特別(2勝),芝,1800,晴,良,14:35,2016-11-05,京都,2,3,4,2013105109,トーアライジン,牡3,54,05212,Ｍ．デム,1:46.8,1.1/4,12-5,33.3,6.2,4,498(-2),01107,[西]村山明,784800,高山ランド,608.6,,,,,,,,,,,"9,12(8,11)(3,6,10)5(1,13)14(7,4)-2",12,2,1.5,False,"9,12(8,11)(3,6,10,4)(5,13)(1,14)(7,2)",5,4,1.5,False,-10,乾いた馬場のうえ、今週からBコースに替わって、前週よりも時計の出やすいコンディションになった。
201608050109,9,近江特別(2勝),芝,1800,晴,良,14:35,2016-11-05,京都,3,8,14,2013101938,フロムマイハート,牝3,52,01130,高倉稜,1:46.8,クビ,11-11,33.1,18.2,7,442(0),01073,[西]宮本博,546800,サラブレッドクラブ・...,384.3,,,,,,,,,,,"9,12(8,11)(3,6,10)5(1,13)14(7,4)-2",11,1,1.5,False,"9,12(8,11)(3,6,10,4)(5,13)(1,14)(7,2)",11,2,1.5,False,-10,乾いた馬場のうえ、今週からBコースに替わって、前週よりも時計の出やすいコンディションになった。
201608050109,9,近江特別(2勝),芝,1800,晴,良,14:35,2016-11-05,京都,4,3,3,2012102026,サウンドアプローズ,牡4,57,01014,福永祐一,1:46.9,クビ,5-5,33.7,5.5,2,490(-2),01135,[西]高橋康之,168006,増田雄一,230.0,,,,,,,,,,,"9,12(8,11)(3,6,10)5(1,13)14(7,4)-2",5,3,1.5,False,"9,12(8,11)(3,6,10,4)(5,13)(1,14)(7,2)",5,4,1.5,False,-10,乾いた馬場のうえ、今週からBコースに替わって、前週よりも時計の出やすいコンディションになった。
201608050109,9,近江特別(2勝),芝,1800,晴,良,14:35,2016-11-05,京都,5,6,9,2011104148,アグネスミニッツ,牡5,54,01037,太宰啓介,1:46.9,ハナ,1-1,34.2,69.7,14,518(+14),01072,[西]河内洋,560030,渡辺公美子,150.0,,,,,,,,,,,"9,12(8,11)(3,6,10)5(1,13)14(7,4)-2",1,1,0.0,False,"9,12(8,11)(3,6,10,4)(5,13)(1,14)(7,2)",1,1,0.0,False,-10,乾いた馬場のうえ、今週からBコースに替わって、前週よりも時計の出やすいコンディションになった。
201608050109,9,近江特別(2勝),芝,1800,晴,良,14:35,2016-11-05,京都,6,7,11,2012102296,ルアンジュ,牝4,53,05504,バルザロ,1:47.0,3/4,3-3,33.9,17.1,6,488(0),01104,[西]笹田和秀,170800,ロードホースクラブ,,,,,,,,,,,,"9,12(8,11)(3,6,10)5(1,13)14(7,4)-2",3,2,1.5,False,"9,12(8,11)(3,6,10,4)(5,13)(1,14)(7,2)",3,2,1.5,False,-10,乾いた馬場のうえ、今週からBコースに替わって、前週よりも時計の出やすいコンディションになった。
201608050109,9,近江特別(2勝),芝,1800,晴,良,14:35,2016-11-05,京都,7,1,1,2013105471,ナイトオブナイツ,牡3,54,01126,松山弘平,1:47.0,クビ,9-11,33.5,5.5,3,446(+8),01021,[西]池添兼雄,010803,市川義美ホールディン...,,,,,,,,,,,,"9,12(8,11)(3,6,10)5(1,13)14(7,4)-2",9,2,1.5,False,"9,12(8,11)(3,6,10,4)(5,13)(1,14)(7,2)",11,2,1.5,False,-10,乾いた馬場のうえ、今週からBコースに替わって、前週よりも時計の出やすいコンディションになった。
201608050109,9,近江特別(2勝),芝,1800,晴,良,14:35,2016-11-05,京都,8,6,10,2010101884,デンコウリキ,牡6,54,01032,池添謙一,1:47.1,クビ,5-5,33.8,36.2,12,510(+10),01144,[西]池添学,484007,田中康弘,,,,,,,,,,,,"9,12(8,11)(3,6,10)5(1,13)14(7,4)-2",5,3,1.5,False,"9,12(8,11)(3,6,10,4)(5,13)(1,14)(7,2)",5,4,1.5,False,-10,乾いた馬場のうえ、今週からBコースに替わって、前週よりも時計の出やすいコンディションになった。
201608050109,9,近江特別(2勝),芝,1800,晴,良,14:35,2016-11-05,京都,9,8,13,2011105849,ナムラアッパー,牡5,54,01018,和田竜二,1:47.1,クビ,9-9,33.6,26.3,11,430(+2),00396,[西]福島信晴,945004,奈村信重,,,,,,,,,,,,"9,12(8,11)(3,6,10)5(1,13)14(7,4)-2",9,2,1.5,False,"9,12(8,11)(3,6,10,4)(5,13)(1,14)(7,2)",9,2,1.5,False,-10,乾いた馬場のうえ、今週からBコースに替わって、前週よりも時計の出やすいコンディションになった。
201608050109,9,近江特別(2勝),芝,1800,晴,良,14:35,2016-11-05,京都,10,2,2,2010104503,ディープウェーブ,牡6,54,05203,岩田康誠,1:47.1,ハナ,14-13,33.2,20.9,8,438(0),01069,[西]中尾秀正,786002,万波健二,,,,,,,,,,,,"9,12(8,11)(3,6,10)5(1,13)14(7,4)-2",14,1,5.0,False,"9,12(8,11)(3,6,10,4)(5,13)(1,14)(7,2)",13,2,1.5,False,-10,乾いた馬場のうえ、今週からBコースに替わって、前週よりも時計の出やすいコンディションになった。
201608050109,9,近江特別(2勝),芝,1800,晴,良,14:35,2016-11-05,京都,11,4,6,2013102193,ヒルノマゼラン,牡3,54,01015,古川吉洋,1:47.2,クビ,5-5,34.0,4.0,1,504(+8),01044,[西]昆貢,823800,ヒルノ,,,,,,,,,,,,"9,12(8,11)(3,6,10)5(1,13)14(7,4)-2",5,3,1.5,False,"9,12(8,11)(3,6,10,4)(5,13)(1,14)(7,2)",5,4,1.5,False,-10,乾いた馬場のうえ、今週からBコースに替わって、前週よりも時計の出やすいコンディションになった。
201608050109,9,近江特別(2勝),芝,1800,晴,良,14:35,2016-11-05,京都,12,4,5,2010105786,アドマイヤツヨシ,牡6,55,00732,幸英明,1:47.3,3/4,8-9,33.9,38.9,13,472(-2),01084,[西]梅田智之,398002,近藤利一,,,,,,,,,,,,"9,12(8,11)(3,6,10)5(1,13)14(7,4)-2",8,1,1.5,False,"9,12(8,11)(3,6,10,4)(5,13)(1,14)(7,2)",9,2,1.5,False,-10,乾いた馬場のうえ、今週からBコースに替わって、前週よりも時計の出やすいコンディションになった。
201608050109,9,近江特別(2勝),芝,1800,晴,良,14:35,2016-11-05,京都,13,5,7,2013101434,ウインミレーユ,牝3,51,01154,松若風馬,1:47.5,1,12-13,33.7,25.2,9,446(+4),01084,[西]梅田智之,494800,ウイン,,,,,,,,,,,,"9,12(8,11)(3,6,10)5(1,13)14(7,4)-2",12,2,1.5,False,"9,12(8,11)(3,6,10,4)(5,13)(1,14)(7,2)",13,2,1.5,False,-10,乾いた馬場のうえ、今週からBコースに替わって、前週よりも時計の出やすいコンディションになった。
201608050109,9,近江特別(2勝),芝,1800,晴,良,14:35,2016-11-05,京都,14,7,12,2011104263,サトノスティング,牡5,55,05115,シュタル,1:48.2,4,2-2,35.3,25.5,10,460(0),01063,[東]的場均,790031,里見治,,,,,,,,,,,,"9,12(8,11)(3,6,10)5(1,13)14(7,4)-2",2,1,1.5,False,"9,12(8,11)(3,6,10,4)(5,13)(1,14)(7,2)",2,1,1.5,False,-10,乾いた馬場のうえ、今週からBコースに替わって、前週よりも時計の出やすいコンディションになった。
201608050110,10,貴船S(3勝),ダ,1400,晴,良,15:10,2016-11-05,京都,1,7,11,2012102856,スマートアヴァロン,牡4,57,01088,川田将雅,1:23.7,,6-5,35.6,2.6,1,514(0),01028,[西]西園正都,007803,大川徹,"1,850.1",,,,,,,,,,,"(*1,5)7(2,9)(11,14)(8,10)12,6,13(4,3)",6,2,0.0,False,"1(5,7)2(11,9)14(8,10,12)(6,13,3)4",5,2,0.0,False,-6,
201608050110,10,貴船S(3勝),ダ,1400,晴,良,15:10,2016-11-05,京都,2,2,2,2011103410,カネトシビバーチェ,牝5,55,01019,秋山真一,1:23.8,1/2,4-4,35.9,12.0,5,460(+2),01065,[西]大橋勇樹,840008,兼松忠男,738.6,,,,,,,,,,,"(*1,5)7(2,9)(11,14)(8,10)12,6,13(4,3)",4,2,0.0,False,"1(5,7)2(11,9)14(8,10,12)(6,13,3)4",4,1,0.0,False,-6,
201608050110,10,貴船S(3勝),ダ,1400,晴,良,15:10,2016-11-05,京都,3,3,3,2012110058,テーオーヘリオス,牡4,57,05212,Ｍ．デム,1:23.9,3/4,13-11,35.1,8.3,4,508(+12),01084,[西]梅田智之,304008,小笹公也,464.3,,,,,,,,,,,"(*1,5)7(2,9)(11,14)(8,10)12,6,13(4,3)",13,2,3.0,False,"1(5,7)2(11,9)14(8,10,12)(6,13,3)4",11,3,0.0,False,-6,
201608050110,10,貴船S(3勝),ダ,1400,晴,良,15:10,2016-11-05,京都,4,5,7,2013104893,プレスティージオ,牡3,56,00732,幸英明,1:24.2,1.3/4,3-2,36.5,3.2,2,486(+12),01032,[西]大根田裕,548033,奥裕嗣,270.0,,,,,,,,,,,"(*1,5)7(2,9)(11,14)(8,10)12,6,13(4,3)",3,1,0.0,False,"1(5,7)2(11,9)14(8,10,12)(6,13,3)4",2,2,0.0,False,-6,
201608050110,10,貴船S(3勝),ダ,1400,晴,良,15:10,2016-11-05,京都,5,7,12,2011102872,ハニードント,牝5,55,00894,小牧太,1:24.3,クビ,10-8,36.0,92.9,12,456(0),01084,[西]梅田智之,543033,薪浦州平,182.0,,,,,,,,,,,"(*1,5)7(2,9)(11,14)(8,10)12,6,13(4,3)",10,1,0.0,False,"1(5,7)2(11,9)14(8,10,12)(6,13,3)4",8,3,0.0,False,-6,
201608050110,10,貴船S(3勝),ダ,1400,晴,良,15:10,2016-11-05,京都,6,6,9,2011103129,ダテノハクトラ,牡5,57,01034,酒井学,1:24.5,1.1/2,4-5,36.5,74.2,11,494(+2),01066,[西]岡田稲男,321004,河内孝夫,,,,,,,,,,,,"(*1,5)7(2,9)(11,14)(8,10)12,6,13(4,3)",4,2,0.0,False,"1(5,7)2(11,9)14(8,10,12)(6,13,3)4",5,2,0.0,False,-6,
201608050110,10,貴船S(3勝),ダ,1400,晴,良,15:10,2016-11-05,京都,7,8,13,2011100625,ガンジー,牡5,57,01126,松山弘平,1:24.6,1/2,12-11,36.0,36.0,8,506(+2),01073,[西]宮本博,370008,岡浩二,,,,,,,,,,,,"(*1,5)7(2,9)(11,14)(8,10)12,6,13(4,3)",12,1,3.0,False,"1(5,7)2(11,9)14(8,10,12)(6,13,3)4",11,3,0.0,False,-6,
201608050110,10,貴船S(3勝),ダ,1400,晴,良,15:10,2016-11-05,京都,8,4,6,2010103248,メイショウアイアン,牡6,57,01018,和田竜二,1:24.7,1/2,11-11,36.4,44.7,10,504(+8),01129,[西]高橋義忠,523005,松本好雄,,,,,,,,,,,,"(*1,5)7(2,9)(11,14)(8,10)12,6,13(4,3)",11,1,1.5,False,"1(5,7)2(11,9)14(8,10,12)(6,13,3)4",11,3,0.0,False,-6,
201608050110,10,貴船S(3勝),ダ,1400,晴,良,15:10,2016-11-05,京都,9,6,10,2013103671,ヨシオ,牡3,56,01154,松若風馬,1:24.8,1/2,8-8,36.6,17.9,6,470(+10),00427,[西]森秀行,990033,仲山誉志夫,,,,,,,,,,,,"(*1,5)7(2,9)(11,14)(8,10)12,6,13(4,3)",8,2,0.0,False,"1(5,7)2(11,9)14(8,10,12)(6,13,3)4",8,3,0.0,False,-6,
201608050110,10,貴船S(3勝),ダ,1400,晴,良,15:10,2016-11-05,京都,10,1,1,2013110013,ジープルメリア,牝3,54,01116,藤岡康太,1:24.9,3/4,1-1,37.4,6.4,3,456(+4),01049,[西]南井克巳,005803,キャピタル・システム,,,,,,,,,,,,"(*1,5)7(2,9)(11,14)(8,10)12,6,13(4,3)",1,2,0.0,True,"1(5,7)2(11,9)14(8,10,12)(6,13,3)4",1,1,0.0,False,-6,
201608050110,10,貴船S(3勝),ダ,1400,晴,良,15:10,2016-11-05,京都,11,3,4,2011105586,ナリタモード,牝5,55,05504,バルザロ,1:24.9,クビ,13-14,36.3,140.8,14,460(0),01041,[西]藤沢則雄,712800,オースミ,,,,,,,,,,,,"(*1,5)7(2,9)(11,14)(8,10)12,6,13(4,3)",13,2,3.0,False,"1(5,7)2(11,9)14(8,10,12)(6,13,3)4",14,1,0.0,False,-6,
201608050110,10,貴船S(3勝),ダ,1400,晴,良,15:10,2016-11-05,京都,12,5,8,2010102853,モンテネオ,牡6,57,05203,岩田康誠,1:25.1,1.1/4,8-8,37.0,100.7,13,474(-6),01068,[東]小島茂之,370001,毛利喜昭,,,,,,,,,,,,"(*1,5)7(2,9)(11,14)(8,10)12,6,13(4,3)",8,2,0.0,False,"1(5,7)2(11,9)14(8,10,12)(6,13,3)4",8,3,0.0,False,-6,
201608050110,10,貴船S(3勝),ダ,1400,晴,良,15:10,2016-11-05,京都,13,4,5,2011101272,ダイリュウキセキ,牝5,55,01014,福永祐一,1:25.2,1/2,2-2,37.6,43.4,9,452(+2),00387,[西]目野哲也,597030,大野龍,,,,,,,,,,,,"(*1,5)7(2,9)(11,14)(8,10)12,6,13(4,3)",2,2,0.0,False,"1(5,7)2(11,9)14(8,10,12)(6,13,3)4",2,2,0.0,False,-6,
201608050110,10,貴船S(3勝),ダ,1400,晴,良,15:10,2016-11-05,京都,14,8,14,2012102708,ウエスタンラムール,牡4,57,01130,高倉稜,1:25.8,3.1/2,6-7,37.6,28.2,7,464(+12),00365,[西]崎山博樹,929006,西川賢,,,,,,,,,,,,"(*1,5)7(2,9)(11,14)(8,10)12,6,13(4,3)",6,2,0.0,False,"1(5,7)2(11,9)14(8,10,12)(6,13,3)4",7,1,0.0,False,-6,
201608050111,11,第21回KBSファンタジーS(GIII),芝,1400,晴,良,15:45,2016-11-05,京都,1,1,1,2014106174,ミスエルテ,牝2,54,01088,川田将雅,1:21.8,,10-10,33.6,1.4,1,458(-6),01071,[西]池江泰寿,226800,サンデーレーシング,"2,942.0",,,,,,,,,,,"7(4,9)2(3,8)(5,6,11)1(12,10)",10,1,0.0,False,"7,4(2,9)(5,3,8)11,6,1(12,10)",10,1,4.5,False,-10,乾いた馬場のうえ、今週からBコースに替わって、前週よりも時計の出やすいコンディションになった。
201608050111,11,第21回KBSファンタジーS(GIII),芝,1400,晴,良,15:45,2016-11-05,京都,2,6,7,2014103422,ショーウェイ,牝2,54,01154,松若風馬,1:22.0,1.1/4,1-1,34.7,148.7,12,474(+6),01151,[西]斉藤崇史,905033,吉冨学,"1,212.0",,,,,,,,,,,"7(4,9)2(3,8)(5,6,11)1(12,10)",1,1,0.0,False,"7,4(2,9)(5,3,8)11,6,1(12,10)",1,1,0.0,False,-10,乾いた馬場のうえ、今週からBコースに替わって、前週よりも時計の出やすいコンディションになった。
201608050111,11,第21回KBSファンタジーS(GIII),芝,1400,晴,良,15:45,2016-11-05,京都,3,7,10,2014106191,ディアドラ,牝2,54,05212,Ｍ．デム,1:22.0,アタマ,11-11,33.6,6.9,3,472(0),00362,[西]橋田満,034009,森田藤治,736.0,,,,,,,,,,,"7(4,9)2(3,8)(5,6,11)1(12,10)",11,2,0.0,False,"7,4(2,9)(5,3,8)11,6,1(12,10)",11,2,4.5,False,-10,乾いた馬場のうえ、今週からBコースに替わって、前週よりも時計の出やすいコンディションになった。
201608050111,11,第21回KBSファンタジーS(GIII),芝,1400,晴,良,15:45,2016-11-05,京都,4,8,12,2014104515,クインズサリナ,牝2,54,05115,シュタル,1:22.0,クビ,11-11,33.6,32.8,7,434(+4),01148,[西]西村真幸,390803,亀田和弘,440.0,,,,,,,,,,,"7(4,9)2(3,8)(5,6,11)1(12,10)",11,2,0.0,False,"7,4(2,9)(5,3,8)11,6,1(12,10)",11,2,4.5,False,-10,乾いた馬場のうえ、今週からBコースに替わって、前週よりも時計の出やすいコンディションになった。
201608050111,11,第21回KBSファンタジーS(GIII),芝,1400,晴,良,15:45,2016-11-05,京都,5,7,9,2014105533,ゴールドケープ,牝2,54,05504,バルザロ,1:22.1,3/4,2-3,34.5,116.6,11,424(-2),01095,[西]荒川義之,148800,グリーンファーム,290.0,,,,,,,,,,,"7(4,9)2(3,8)(5,6,11)1(12,10)",2,2,0.0,False,"7,4(2,9)(5,3,8)11,6,1(12,10)",3,2,1.5,False,-10,乾いた馬場のうえ、今週からBコースに替わって、前週よりも時計の出やすいコンディションになった。
201608050111,11,第21回KBSファンタジーS(GIII),芝,1400,晴,良,15:45,2016-11-05,京都,6,2,2,2014105389,ドロウアカード,牝2,54,01014,福永祐一,1:22.3,1.1/4,4-3,34.6,15.8,5,444(+2),01121,[西]角田晃一,808800,Ｇ１レーシング,,,,,,,,,,,,"7(4,9)2(3,8)(5,6,11)1(12,10)",4,1,0.0,False,"7,4(2,9)(5,3,8)11,6,1(12,10)",3,2,1.5,False,-10,乾いた馬場のうえ、今週からBコースに替わって、前週よりも時計の出やすいコンディションになった。
201608050111,11,第21回KBSファンタジーS(GIII),芝,1400,晴,良,15:45,2016-11-05,京都,7,3,3,2014101569,アオアラシ,牝2,54,01030,松田大作,1:22.5,1.1/2,5-5,34.7,90.1,10,440(0),01149,[西]松下武士,304030,松田整二,,,,,,,,,,,,"7(4,9)2(3,8)(5,6,11)1(12,10)",5,2,0.0,False,"7,4(2,9)(5,3,8)11,6,1(12,10)",5,3,1.5,False,-10,乾いた馬場のうえ、今週からBコースに替わって、前週よりも時計の出やすいコンディションになった。
201608050111,11,第21回KBSファンタジーS(GIII),芝,1400,晴,良,15:45,2016-11-05,京都,8,6,8,2014102424,ブラックオニキス,牝2,54,01147,城戸義政,1:22.5,アタマ,5-5,34.7,10.9,4,410(+2),01077,[東]加藤和宏,851009,岡田牧雄,,,,,,,,,,,,"7(4,9)2(3,8)(5,6,11)1(12,10)",5,2,0.0,False,"7,4(2,9)(5,3,8)11,6,1(12,10)",5,3,1.5,False,-10,乾いた馬場のうえ、今週からBコースに替わって、前週よりも時計の出やすいコンディションになった。
201608050111,11,第21回KBSファンタジーS(GIII),芝,1400,晴,良,15:45,2016-11-05,京都,9,8,11,2014104351,ヤマカツグレース,牝2,54,01032,池添謙一,1:22.6,クビ,7-8,34.7,6.4,2,448(0),01021,[西]池添兼雄,169008,山田和夫,,,,,,,,,,,,"7(4,9)2(3,8)(5,6,11)1(12,10)",7,3,0.0,False,"7,4(2,9)(5,3,8)11,6,1(12,10)",8,1,1.5,False,-10,乾いた馬場のうえ、今週からBコースに替わって、前週よりも時計の出やすいコンディションになった。
201608050111,11,第21回KBSファンタジーS(GIII),芝,1400,晴,良,15:45,2016-11-05,京都,10,5,6,2014102972,メイショウカリン,牝2,54,05203,岩田康誠,1:22.7,1/2,7-9,34.7,67.5,9,480(0),01104,[西]笹田和秀,523005,松本好雄,,,,,,,,,,,,"7(4,9)2(3,8)(5,6,11)1(12,10)",7,3,0.0,False,"7,4(2,9)(5,3,8)11,6,1(12,10)",9,1,3.0,False,-10,乾いた馬場のうえ、今週からBコースに替わって、前週よりも時計の出やすいコンディションになった。
201608050111,11,第21回KBSファンタジーS(GIII),芝,1400,晴,良,15:45,2016-11-05,京都,11,5,5,2014101020,クールファンタジー,牝2,54,00700,四位洋文,1:22.9,1.1/4,7-5,35.0,60.8,8,446(0),01110,[西]清水久詞,762007,川上哲司,,,,,,,,,,,,"7(4,9)2(3,8)(5,6,11)1(12,10)",7,3,0.0,False,"7,4(2,9)(5,3,8)11,6,1(12,10)",5,3,1.5,False,-10,乾いた馬場のうえ、今週からBコースに替わって、前週よりも時計の出やすいコンディションになった。
201608050111,11,第21回KBSファンタジーS(GIII),芝,1400,晴,良,15:45,2016-11-05,京都,12,4,4,2014105598,モンロー,牝2,54,01019,秋山真一,1:23.4,3,2-2,35.9,23.7,6,448(+8),01139,[西]飯田祐史,045803,カナヤマホールディン...,,,,,,,,,,,,"7(4,9)2(3,8)(5,6,11)1(12,10)",2,2,0.0,False,"7,4(2,9)(5,3,8)11,6,1(12,10)",2,1,1.5,False,-10,乾いた馬場のうえ、今週からBコースに替わって、前週よりも時計の出やすいコンディションになった。
201608050112,12,3歳以上1000万下,ダ,1200,晴,良,16:20,2016-11-05,京都,1,8,15,2013110110,ゴルゴバローズ,牡3,56,05212,Ｍ．デム,1:10.6,,2-2,35.6,2.8,1,524(+12),01126,[東]木村哲也,859007,猪熊広次,"1,050.0",,,,,,,,,,,"(*8,15)-(7,10)-(6,4)(2,9)13(1,14)(12,16)3,11-5",2,2,0.0,False,"8,15(7,10)4-9,2(6,14)(1,13)(3,12)16,11-5",2,1,1.5,False,-6,
201608050112,12,3歳以上1000万下,ダ,1200,晴,良,16:20,2016-11-05,京都,2,7,14,2011106567,テーオーソルジャー,牡5,57,01015,古川吉洋,1:11.2,3.1/2,10-8,34.9,35.9,10,468(0),01018,[西]宮徹,304008,小笹公也,420.0,,,,,,,,,,,"(*8,15)-(7,10)-(6,4)(2,9)13(1,14)(12,16)3,11-5",10,2,7.0,False,"8,15(7,10)4-9,2(6,14)(1,13)(3,12)16,11-5",8,2,6.5,False,-6,
201608050112,12,3歳以上1000万下,ダ,1200,晴,良,16:20,2016-11-05,京都,3,5,10,2011100590,アレット,セ5,57,01088,川田将雅,1:11.2,クビ,3-3,36.0,5.4,2,518(-2),01066,[西]岡田稲男,003060,Ｈ．Ｈ．シェイク・モ...,260.0,,,,,,,,,,,"(*8,15)-(7,10)-(6,4)(2,9)13(1,14)(12,16)3,11-5",3,2,3.5,False,"8,15(7,10)4-9,2(6,14)(1,13)(3,12)16,11-5",3,2,1.5,False,-6,
201608050112,12,3歳以上1000万下,ダ,1200,晴,良,16:20,2016-11-05,京都,4,2,4,2009100976,メイショウユメゴゼ,牝7,55,01125,国分優作,1:11.4,1.1/2,5-5,35.9,12.3,6,490(-2),00378,[西]沖芳夫,523005,松本好雄,160.0,,,,,,,,,,,"(*8,15)-(7,10)-(6,4)(2,9)13(1,14)(12,16)3,11-5",5,2,7.0,False,"8,15(7,10)4-9,2(6,14)(1,13)(3,12)16,11-5",5,1,1.5,False,-6,
201608050112,12,3歳以上1000万下,ダ,1200,晴,良,16:20,2016-11-05,京都,5,1,1,2011100419,エンドレスシャイン,牡5,57,01102,北村友一,1:11.6,1,10-10,35.4,19.2,7,444(+6),01111,[西]鈴木孝志,851009,岡田牧雄,105.0,,,,,,,,,,,"(*8,15)-(7,10)-(6,4)(2,9)13(1,14)(12,16)3,11-5",10,2,7.0,False,"8,15(7,10)4-9,2(6,14)(1,13)(3,12)16,11-5",10,2,6.5,False,-6,
201608050112,12,3歳以上1000万下,ダ,1200,晴,良,16:20,2016-11-05,京都,6,6,12,2011100511,ティップトップ,牝5,55,01116,藤岡康太,1:11.6,クビ,12-12,35.0,8.0,5,514(+4),01120,[西]千田輝彦,003060,Ｈ．Ｈ．シェイク・モ...,,,,,,,,,,,,"(*8,15)-(7,10)-(6,4)(2,9)13(1,14)(12,16)3,11-5",12,2,7.0,False,"8,15(7,10)4-9,2(6,14)(1,13)(3,12)16,11-5",12,2,6.5,False,-6,
201608050112,12,3歳以上1000万下,ダ,1200,晴,良,16:20,2016-11-05,京都,7,4,8,2013102157,ミスキララ,牝3,54,01032,池添謙一,1:11.6,アタマ,1-1,36.8,34.8,9,480(-10),01144,[西]池添学,514008,窪田康志,,,,,,,,,,,,"(*8,15)-(7,10)-(6,4)(2,9)13(1,14)(12,16)3,11-5",1,2,0.0,True,"8,15(7,10)4-9,2(6,14)(1,13)(3,12)16,11-5",1,1,0.0,False,-6,
201608050112,12,3歳以上1000万下,ダ,1200,晴,良,16:20,2016-11-05,京都,8,6,11,2012102641,サーティグランド,牡4,57,05115,シュタル,1:12.1,3,15-15,35.3,6.3,4,502(-4),00365,[西]崎山博樹,851007,山上和良,,,,,,,,,,,,"(*8,15)-(7,10)-(6,4)(2,9)13(1,14)(12,16)3,11-5",15,1,8.5,False,"8,15(7,10)4-9,2(6,14)(1,13)(3,12)16,11-5",15,1,8.0,False,-6,
201608050112,12,3歳以上1000万下,ダ,1200,晴,良,16:20,2016-11-05,京都,9,7,13,2012110093,ランディングバース,牡4,54,01163,坂井瑠星,1:12.2,クビ,9-10,36.0,227.9,15,546(+8),01059,[東]加藤征弘,506800,シルクレーシング,,,,,,,,,,,,"(*8,15)-(7,10)-(6,4)(2,9)13(1,14)(12,16)3,11-5",9,1,7.0,False,"8,15(7,10)4-9,2(6,14)(1,13)(3,12)16,11-5",10,2,6.5,False,-6,
201608050112,12,3歳以上1000万下,ダ,1200,晴,良,16:20,2016-11-05,京都,10,3,5,2013101737,タガノヴィッター,牡3,56,00700,四位洋文,1:12.5,1.3/4,16-16,35.3,5.8,3,512(+2),01113,[西]牧浦充徳,859002,八木良司,,,,,,,,,,,,"(*8,15)-(7,10)-(6,4)(2,9)13(1,14)(12,16)3,11-5",16,1,12.0,False,"8,15(7,10)4-9,2(6,14)(1,13)(3,12)16,11-5",16,1,11.5,False,-6,
201608050112,12,3歳以上1000万下,ダ,1200,晴,良,16:20,2016-11-05,京都,11,5,9,2011100912,アラタマシャトル,牡5,57,00732,幸英明,1:12.5,クビ,7-6,36.5,268.5,16,488(+6),01138,[西]浜田多実,585030,荒木謙次,,,,,,,,,,,,"(*8,15)-(7,10)-(6,4)(2,9)13(1,14)(12,16)3,11-5",7,2,7.0,False,"8,15(7,10)4-9,2(6,14)(1,13)(3,12)16,11-5",6,1,5.0,False,-6,
201608050112,12,3歳以上1000万下,ダ,1200,晴,良,16:20,2016-11-05,京都,12,2,3,2011101482,マッドアバウトユー,牝5,55,01034,酒井学,1:12.6,クビ,14-12,36.0,102.8,11,472(+10),01033,[西]木原一良,841008,加藤千豊,,,,,,,,,,,,"(*8,15)-(7,10)-(6,4)(2,9)13(1,14)(12,16)3,11-5",14,1,7.0,False,"8,15(7,10)4-9,2(6,14)(1,13)(3,12)16,11-5",12,2,6.5,False,-6,
201608050112,12,3歳以上1000万下,ダ,1200,晴,良,16:20,2016-11-05,京都,13,1,2,2012105587,リリーヴィクトリー,牡4,57,01126,松山弘平,1:12.8,1.1/4,7-7,36.9,23.8,8,498(0),01021,[西]池添兼雄,862006,土井孝夫,,,,,,,,,,,,"(*8,15)-(7,10)-(6,4)(2,9)13(1,14)(12,16)3,11-5",7,2,7.0,False,"8,15(7,10)4-9,2(6,14)(1,13)(3,12)16,11-5",7,1,6.5,False,-6,
201608050112,12,3歳以上1000万下,ダ,1200,晴,良,16:20,2016-11-05,京都,14,4,7,2012100028,タタラ,牡4,55,01147,城戸義政,1:12.8,クビ,3-3,37.6,222.2,14,424(+2),01114,[東]和田正一,911800,スピードファーム,,,,,,,,,,,,"(*8,15)-(7,10)-(6,4)(2,9)13(1,14)(12,16)3,11-5",3,2,3.5,False,"8,15(7,10)4-9,2(6,14)(1,13)(3,12)16,11-5",3,2,1.5,False,-6,
201608050112,12,3歳以上1000万下,ダ,1200,晴,良,16:20,2016-11-05,京都,15,3,6,2013102691,ハッチャンハッピー,牝3,51,01160,荻野極,1:12.9,クビ,5-8,37.2,206.6,13,458(+4),01158,[西]寺島良,258033,野嶋祥二,,,,,,,,,,,,"(*8,15)-(7,10)-(6,4)(2,9)13(1,14)(12,16)3,11-5",5,2,7.0,False,"8,15(7,10)4-9,2(6,14)(1,13)(3,12)16,11-5",8,2,6.5,False,-6,
201608050112,12,3歳以上1000万下,ダ,1200,晴,良,16:20,2016-11-05,京都,16,8,16,2011106101,ダイヤモンドハイ,牝5,55,01130,高倉稜,1:13.4,3,12-14,36.8,146.3,12,446(-2),01099,[西]本田優,334002,布施光章,,,,,,,,,,,,"(*8,15)-(7,10)-(6,4)(2,9)13(1,14)(12,16)3,11-5",12,2,7.0,False,"8,15(7,10)4-9,2(6,14)(1,13)(3,12)16,11-5",14,1,6.5,False,-6,
201603030101,1,2歳未勝利,ダ,1700,晴,良,09:50,2016-11-05,福島,1,5,9,2014102170,エオリア,牝2,51,01165,森裕太朗,1:48.3,,4-4-4-3,38.6,4.7,2,470(-8),01121,[西]角田晃一,003060,Ｈ．Ｈ．シェイク・モ...,500.0,"(*10,8)11-(9,13)(6,12)-(4,14)1-(2,15)7(3,5)",4,2,3.5,False,"(*10,8)11,9,13-6,12,4,14,1(2,15)-7-5,3",4,1,1.5,False,"10(8,11)-(9,13)12(6,4)(1,15)(14,2)-7=5,3",4,2,3.5,False,"(*10,11)-9-8(6,13)12(1,4)(14,15)-(7,2)=3=5",3,1,3.5,False,3,
201603030101,1,2歳未勝利,ダ,1700,晴,良,09:50,2016-11-05,福島,2,6,11,2014106230,デコラス,牝2,54,01095,吉田隼人,1:48.8,3,3-3-2-2,39.4,4.9,3,440(+4),01147,[東]武井亮,675030,林正道,200.0,"(*10,8)11-(9,13)(6,12)-(4,14)1-(2,15)7(3,5)",3,1,0.0,False,"(*10,8)11,9,13-6,12,4,14,1(2,15)-7-5,3",3,1,0.0,False,"10(8,11)-(9,13)12(6,4)(1,15)(14,2)-7=5,3",2,2,0.0,False,"(*10,11)-9-8(6,13)12(1,4)(14,15)-(7,2)=3=5",2,2,0.0,False,3,
201603030101,1,2歳未勝利,ダ,1700,晴,良,09:50,2016-11-05,福島,3,7,13,2014104374,パレスハングリー,牝2,54,01031,村田一誠,1:49.4,3.1/2,4-5-4-5,39.6,3.7,1,464(-2),01012,[東]大江原哲,787002,西村豊,130.0,"(*10,8)11-(9,13)(6,12)-(4,14)1-(2,15)7(3,5)",4,2,3.5,False,"(*10,8)11,9,13-6,12,4,14,1(2,15)-7-5,3",5,1,3.0,False,"10(8,11)-(9,13)12(6,4)(1,15)(14,2)-7=5,3",4,2,3.5,False,"(*10,11)-9-8(6,13)12(1,4)(14,15)-(7,2)=3=5",5,2,7.0,False,3,
201603030101,1,2歳未勝利,ダ,1700,晴,良,09:50,2016-11-05,福島,4,4,6,2014102959,ペイシャリサ,牝2,54,01108,的場勇人,1:49.6,1.1/2,6-6-7-5,39.4,47.3,12,454(-4),01036,[東]高橋義博,163002,北所直人,75.0,"(*10,8)11-(9,13)(6,12)-(4,14)1-(2,15)7(3,5)",6,2,3.5,False,"(*10,8)11,9,13-6,12,4,14,1(2,15)-7-5,3",6,1,6.5,False,"10(8,11)-(9,13)12(6,4)(1,15)(14,2)-7=5,3",7,2,3.5,False,"(*10,11)-9-8(6,13)12(1,4)(14,15)-(7,2)=3=5",5,2,7.0,False,3,
201603030101,1,2歳未勝利,ダ,1700,晴,良,09:50,2016-11-05,福島,5,6,10,2014104698,マダムフィガロ,牝2,52,01153,木幡初也,1:49.8,1.1/4,1-1-1-1,40.5,21.0,7,474(-2),01023,[東]伊藤圭三,851009,岡田牧雄,50.0,"(*10,8)11-(9,13)(6,12)-(4,14)1-(2,15)7(3,5)",1,2,0.0,True,"(*10,8)11,9,13-6,12,4,14,1(2,15)-7-5,3",1,2,0.0,True,"10(8,11)-(9,13)12(6,4)(1,15)(14,2)-7=5,3",1,1,0.0,False,"(*10,11)-9-8(6,13)12(1,4)(14,15)-(7,2)=3=5",1,2,0.0,True,3,
201603030101,1,2歳未勝利,ダ,1700,晴,良,09:50,2016-11-05,福島,6,7,12,2014102273,ヤマニンフィオレロ,牝2,53,01157,鮫島克駿,1:49.9,1/2,6-7-6-7,39.9,7.9,5,460(0),00411,[西]浅見秀一,108002,土井薫,,"(*10,8)11-(9,13)(6,12)-(4,14)1-(2,15)7(3,5)",6,2,3.5,False,"(*10,8)11,9,13-6,12,4,14,1(2,15)-7-5,3",7,1,8.0,False,"10(8,11)-(9,13)12(6,4)(1,15)(14,2)-7=5,3",6,1,3.5,False,"(*10,11)-9-8(6,13)12(1,4)(14,15)-(7,2)=3=5",7,1,7.0,False,3,
201603030101,1,2歳未勝利,ダ,1700,晴,良,09:50,2016-11-05,福島,7,8,14,2014101700,アリエススター,牝2,54,01129,菅原隆一,1:50.4,3,8-9-11-10,39.6,181.2,15,470(-4),01081,[東]中川公成,270006,島川隆哉,,"(*10,8)11-(9,13)(6,12)-(4,14)1-(2,15)7(3,5)",8,2,7.0,False,"(*10,8)11,9,13-6,12,4,14,1(2,15)-7-5,3",9,1,11.0,False,"10(8,11)-(9,13)12(6,4)(1,15)(14,2)-7=5,3",11,2,3.5,False,"(*10,11)-9-8(6,13)12(1,4)(14,15)-(7,2)=3=5",10,2,7.0,False,3,
201603030101,1,2歳未勝利,ダ,1700,晴,良,09:50,2016-11-05,福島,8,3,4,2014106032,カトリーヌ,牝2,54,01134,嶋田純次,1:50.4,アタマ,8-8-7-8,40.1,45.1,10,460(-6),01134,[東]高橋文雅,007060,荒牧政美,,"(*10,8)11-(9,13)(6,12)-(4,14)1-(2,15)7(3,5)",8,2,7.0,False,"(*10,8)11,9,13-6,12,4,14,1(2,15)-7-5,3",8,1,9.5,False,"10(8,11)-(9,13)12(6,4)(1,15)(14,2)-7=5,3",7,2,3.5,False,"(*10,11)-9-8(6,13)12(1,4)(14,15)-(7,2)=3=5",8,2,7.0,False,3,
201603030101,1,2歳未勝利,ダ,1700,晴,良,09:50,2016-11-05,福島,9,4,7,2014104264,ハニーロコガール,牝2,52,01143,原田和真,1:50.6,1,13-13-13-12,39.4,113.1,13,432(0),01143,[東]和田雄二,854800,ノルマンディーサラブ...,,"(*10,8)11-(9,13)(6,12)-(4,14)1-(2,15)7(3,5)",13,1,10.5,False,"(*10,8)11,9,13-6,12,4,14,1(2,15)-7-5,3",13,1,16.0,False,"10(8,11)-(9,13)12(6,4)(1,15)(14,2)-7=5,3",13,1,7.0,False,"(*10,11)-9-8(6,13)12(1,4)(14,15)-(7,2)=3=5",12,2,10.5,False,3,
201603030101,1,2歳未勝利,ダ,1700,晴,良,09:50,2016-11-05,福島,10,8,15,2014103945,シゲルメガネグマ,牝2,52,01151,井上敏樹,1:50.9,2,11-11-9-10,40.3,132.7,14,454(-6),00383,[東]伊藤正徳,674004,森中蕃,,"(*10,8)11-(9,13)(6,12)-(4,14)1-(2,15)7(3,5)",11,2,10.5,False,"(*10,8)11,9,13-6,12,4,14,1(2,15)-7-5,3",11,2,12.5,False,"10(8,11)-(9,13)12(6,4)(1,15)(14,2)-7=5,3",9,2,3.5,False,"(*10,11)-9-8(6,13)12(1,4)(14,15)-(7,2)=3=5",10,2,7.0,False,3,
201603030101,1,2歳未勝利,ダ,1700,晴,良,09:50,2016-11-05,福島,11,1,1,2014104948,セイユウルビー,牝2,54,01091,丹内祐次,1:51.2,1.3/4,10-10-9-8,40.7,45.5,11,440(+8),01077,[東]加藤和宏,765007,松岡正二,,"(*10,8)11-(9,13)(6,12)-(4,14)1-(2,15)7(3,5)",10,1,7.0,False,"(*10,8)11,9,13-6,12,4,14,1(2,15)-7-5,3",10,1,12.5,False,"10(8,11)-(9,13)12(6,4)(1,15)(14,2)-7=5,3",9,2,3.5,False,"(*10,11)-9-8(6,13)12(1,4)(14,15)-(7,2)=3=5",8,2,7.0,False,3,
201603030101,1,2歳未勝利,ダ,1700,晴,良,09:50,2016-11-05,福島,12,2,2,2014102236,タイセイサルート,牝2,54,01117,丸田恭介,1:51.7,3,11-11-11-12,40.8,20.3,6,454(-2),00409,[東]二ノ宮敬,224007,田中成奉,,"(*10,8)11-(9,13)(6,12)-(4,14)1-(2,15)7(3,5)",11,2,10.5,False,"(*10,8)11,9,13-6,12,4,14,1(2,15)-7-5,3",11,2,12.5,False,"10(8,11)-(9,13)12(6,4)(1,15)(14,2)-7=5,3",11,2,3.5,False,"(*10,11)-9-8(6,13)12(1,4)(14,15)-(7,2)=3=5",12,2,10.5,False,3,
201603030101,1,2歳未勝利,ダ,1700,晴,良,09:50,2016-11-05,福島,13,5,8,2014104824,トミケンアディム,牝2,53,01156,加藤祥太,1:52.7,6,2-2-2-4,43.3,5.4,4,470(-4),01112,[東]田島俊明,901007,冨樫賢二,,"(*10,8)11-(9,13)(6,12)-(4,14)1-(2,15)7(3,5)",2,2,0.0,False,"(*10,8)11,9,13-6,12,4,14,1(2,15)-7-5,3",2,2,0.0,False,"10(8,11)-(9,13)12(6,4)(1,15)(14,2)-7=5,3",2,2,0.0,False,"(*10,11)-9-8(6,13)12(1,4)(14,15)-(7,2)=3=5",4,1,7.0,False,3,
201603030101,1,2歳未勝利,ダ,1700,晴,良,09:50,2016-11-05,福島,14,2,3,2014104119,レイクルイーズ,牝2,54,01128,川須栄彦,1:53.0,1.3/4,14-15-15-14,39.3,36.0,9,460(-2),00353,[東]和田正道,911800,スピードファーム,,"(*10,8)11-(9,13)(6,12)-(4,14)1-(2,15)7(3,5)",14,2,10.5,False,"(*10,8)11,9,13-6,12,4,14,1(2,15)-7-5,3",15,1,21.0,False,"10(8,11)-(9,13)12(6,4)(1,15)(14,2)-7=5,3",15,1,14.5,False,"(*10,11)-9-8(6,13)12(1,4)(14,15)-(7,2)=3=5",14,1,16.5,False,3,
201603030101,1,2歳未勝利,ダ,1700,晴,良,09:50,2016-11-05,福島,15,3,5,2014105997,ガーランドワルツ,牝2,54,01038,中谷雄太,1:56.0,大,14-14-14-15,42.4,22.0,8,462(0),01101,[西]吉田直弘,506800,シルクレーシング,,"(*10,8)11-(9,13)(6,12)-(4,14)1-(2,15)7(3,5)",14,2,10.5,False,"(*10,8)11,9,13-6,12,4,14,1(2,15)-7-5,3",14,1,19.5,False,"10(8,11)-(9,13)12(6,4)(1,15)(14,2)-7=5,3",14,1,13.0,False,"(*10,11)-9-8(6,13)12(1,4)(14,15)-(7,2)=3=5",15,1,22.5,False,3,
201603030102,2,2歳未勝利,芝,1200,晴,良,10:15,2016-11-05,福島,1,1,2,2014102594,エムオービーナス,牝2,52,01153,木幡初也,1:09.5,,1-1,35.3,3.0,1,478(-4),01097,[東]鹿戸雄一,481002,大浅貢,500.0,,,,,,,,,,,"(*2,6,12)(1,3,8)-(11,13)9,15,14(4,7,16)-10-5",1,3,0.0,True,"2(1,6,12)(3,8)11,13-9(14,15)(7,16)(4,10)=5",1,1,0.0,False,-11,7月の2回開催以来の開幕週で、速い時計の出るコンディション。
201603030102,2,2歳未勝利,芝,1200,晴,良,10:15,2016-11-05,福島,2,1,1,2014101660,ファンタジーボール,牝2,52,01143,原田和真,1:09.5,クビ,4-2,35.1,6.7,4,430(-2),01012,[東]大江原哲,855030,田頭勇貴,200.0,,,,,,,,,,,"(*2,6,12)(1,3,8)-(11,13)9,15,14(4,7,16)-10-5",4,3,0.0,False,"2(1,6,12)(3,8)11,13-9(14,15)(7,16)(4,10)=5",2,3,0.0,False,-11,7月の2回開催以来の開幕週で、速い時計の出るコンディション。
201603030102,2,2歳未勝利,芝,1200,晴,良,10:15,2016-11-05,福島,3,6,11,2014100918,ユキエファルコン,牡2,55,01144,菱田裕二,1:09.6,1/2,7-7,34.7,45.7,10,474(-4),00397,[西]岩元市三,196033,平田道子,130.0,,,,,,,,,,,"(*2,6,12)(1,3,8)-(11,13)9,15,14(4,7,16)-10-5",7,2,3.5,False,"2(1,6,12)(3,8)11,13-9(14,15)(7,16)(4,10)=5",7,1,0.0,False,-11,7月の2回開催以来の開幕週で、速い時計の出るコンディション。
201603030102,2,2歳未勝利,芝,1200,晴,良,10:15,2016-11-05,福島,4,4,8,2014105337,アメイズミー,牡2,55,01092,津村明秀,1:10.0,2.1/2,4-5,35.6,4.3,2,458(+12),00341,[東]栗田博憲,808800,Ｇ１レーシング,75.0,,,,,,,,,,,"(*2,6,12)(1,3,8)-(11,13)9,15,14(4,7,16)-10-5",4,3,0.0,False,"2(1,6,12)(3,8)11,13-9(14,15)(7,16)(4,10)=5",5,2,0.0,False,-11,7月の2回開催以来の開幕週で、速い時計の出るコンディション。
201603030102,2,2歳未勝利,芝,1200,晴,良,10:15,2016-11-05,福島,5,6,12,2014101244,キョッコウ,牝2,54,01119,伊藤工真,1:10.1,1/2,2-2,35.9,28.3,8,434(+2),01089,[東]武市康男,629800,ミルファーム,50.0,,,,,,,,,,,"(*2,6,12)(1,3,8)-(11,13)9,15,14(4,7,16)-10-5",2,3,0.0,False,"2(1,6,12)(3,8)11,13-9(14,15)(7,16)(4,10)=5",2,3,0.0,False,-11,7月の2回開催以来の開幕週で、速い時計の出るコンディション。
201603030102,2,2歳未勝利,芝,1200,晴,良,10:15,2016-11-05,福島,6,8,15,2014100224,ウインプラージュ,牝2,52,01149,伴啓太,1:10.2,3/4,10-10,34.9,46.9,11,414(0),01080,[東]清水英克,494800,ウイン,,,,,,,,,,,,"(*2,6,12)(1,3,8)-(11,13)9,15,14(4,7,16)-10-5",10,1,5.0,False,"2(1,6,12)(3,8)11,13-9(14,15)(7,16)(4,10)=5",10,2,5.0,False,-11,7月の2回開催以来の開幕週で、速い時計の出るコンディション。
201603030102,2,2歳未勝利,芝,1200,晴,良,10:15,2016-11-05,福島,7,7,13,2014103019,ティーデュエル,牝2,54,01108,的場勇人,1:10.5,1.1/2,7-8,35.6,27.1,7,434(+22),01063,[東]的場均,966002,深見富朗,,,,,,,,,,,,"(*2,6,12)(1,3,8)-(11,13)9,15,14(4,7,16)-10-5",7,2,3.5,False,"2(1,6,12)(3,8)11,13-9(14,15)(7,16)(4,10)=5",8,1,1.5,False,-11,7月の2回開催以来の開幕週で、速い時計の出るコンディション。
201603030102,2,2歳未勝利,芝,1200,晴,良,10:15,2016-11-05,福島,8,7,14,2014101813,カシノポルカ,牝2,54,01049,二本柳壮,1:10.5,クビ,11-10,35.1,230.4,15,440(0),00370,[東]二本柳俊,514009,柏木務,,,,,,,,,,,,"(*2,6,12)(1,3,8)-(11,13)9,15,14(4,7,16)-10-5",11,1,6.5,False,"2(1,6,12)(3,8)11,13-9(14,15)(7,16)(4,10)=5",10,2,5.0,False,-11,7月の2回開催以来の開幕週で、速い時計の出るコンディション。
201603030102,2,2歳未勝利,芝,1200,晴,良,10:15,2016-11-05,福島,9,2,3,2014100205,ウインウェイク,牝2,54,01109,黛弘人,1:10.5,ハナ,4-5,36.1,19.7,6,408(+4),01094,[東]水野貴広,494800,ウイン,,,,,,,,,,,,"(*2,6,12)(1,3,8)-(11,13)9,15,14(4,7,16)-10-5",4,3,0.0,False,"2(1,6,12)(3,8)11,13-9(14,15)(7,16)(4,10)=5",5,2,0.0,False,-11,7月の2回開催以来の開幕週で、速い時計の出るコンディション。
201603030102,2,2歳未勝利,芝,1200,晴,良,10:15,2016-11-05,福島,10,5,9,2014103970,テイエムスイング,牡2,55,01117,丸田恭介,1:10.5,ハナ,9-9,35.4,108.5,12,430(-2),01043,[東]石栗龍彦,356002,竹園正繼,,,,,,,,,,,,"(*2,6,12)(1,3,8)-(11,13)9,15,14(4,7,16)-10-5",9,1,3.5,False,"2(1,6,12)(3,8)11,13-9(14,15)(7,16)(4,10)=5",9,1,5.0,False,-11,7月の2回開催以来の開幕週で、速い時計の出るコンディション。
201603030102,2,2歳未勝利,芝,1200,晴,良,10:15,2016-11-05,福島,11,2,4,2014106337,ウーマッハ,牝2,52,01151,井上敏樹,1:10.8,1.3/4,12-14,35.2,5.1,3,464(0),00392,[東]古賀史生,624007,鈴木康弘,,,,,,,,,,,,"(*2,6,12)(1,3,8)-(11,13)9,15,14(4,7,16)-10-5",12,3,6.5,False,"2(1,6,12)(3,8)11,13-9(14,15)(7,16)(4,10)=5",14,2,5.0,False,-11,7月の2回開催以来の開幕週で、速い時計の出るコンディション。
201603030102,2,2歳未勝利,芝,1200,晴,良,10:15,2016-11-05,福島,12,5,10,2014100488,タガノアヌビス,牡2,54,01157,鮫島克駿,1:10.9,3/4,15-14,34.8,36.4,9,474(+16),00411,[西]浅見秀一,859002,八木良司,,,,,,,,,,,,"(*2,6,12)(1,3,8)-(11,13)9,15,14(4,7,16)-10-5",15,1,10.0,False,"2(1,6,12)(3,8)11,13-9(14,15)(7,16)(4,10)=5",14,2,5.0,False,-11,7月の2回開催以来の開幕週で、速い時計の出るコンディション。
201603030102,2,2歳未勝利,芝,1200,晴,良,10:15,2016-11-05,福島,13,4,7,2014104783,ダズリングテソーロ,牡2,55,01095,吉田隼人,1:11.0,1/2,12-12,35.5,7.5,5,492(0),01132,[東]金成貴史,980033,了徳寺健二,,,,,,,,,,,,"(*2,6,12)(1,3,8)-(11,13)9,15,14(4,7,16)-10-5",12,3,6.5,False,"2(1,6,12)(3,8)11,13-9(14,15)(7,16)(4,10)=5",12,2,5.0,False,-11,7月の2回開催以来の開幕週で、速い時計の出るコンディション。
201603030102,2,2歳未勝利,芝,1200,晴,良,10:15,2016-11-05,福島,14,8,16,2014104826,シゲルパンダ,牝2,53,01156,加藤祥太,1:11.0,クビ,12-12,35.5,192.1,14,404(-2),00383,[東]伊藤正徳,674004,森中蕃,,,,,,,,,,,,"(*2,6,12)(1,3,8)-(11,13)9,15,14(4,7,16)-10-5",12,3,6.5,False,"2(1,6,12)(3,8)11,13-9(14,15)(7,16)(4,10)=5",12,2,5.0,False,-11,7月の2回開催以来の開幕週で、速い時計の出るコンディション。
201603030102,2,2歳未勝利,芝,1200,晴,良,10:15,2016-11-05,福島,15,3,6,2014105084,マリノレビン,牝2,54,01004,西田雄一,1:11.1,クビ,2-2,36.9,138.3,13,412(-4),01090,[東]天間昭一,251033,矢野まり子,,,,,,,,,,,,"(*2,6,12)(1,3,8)-(11,13)9,15,14(4,7,16)-10-5",2,3,0.0,False,"2(1,6,12)(3,8)11,13-9(14,15)(7,16)(4,10)=5",2,3,0.0,False,-11,7月の2回開催以来の開幕週で、速い時計の出るコンディション。
201603030102,2,2歳未勝利,芝,1200,晴,良,10:15,2016-11-05,福島,16,3,5,2014101755,ヤマタケナゴミ,牝2,54,01140,横山和生,1:12.0,5,16-16,35.3,296.3,16,456(+8),01024,[東]萱野浩二,631002,山中和子,,,,,,,,,,,,"(*2,6,12)(1,3,8)-(11,13)9,15,14(4,7,16)-10-5",16,1,13.5,False,"2(1,6,12)(3,8)11,13-9(14,15)(7,16)(4,10)=5",16,1,11.0,False,-11,7月の2回開催以来の開幕週で、速い時計の出るコンディション。
201603030103,3,3歳以上500万下,ダ,1700,晴,良,10:45,2016-11-05,福島,1,8,10,2011103078,ダイチヴュルデ,牡5,55,01151,井上敏樹,1:46.7,,7-7-7-4,38.6,8.7,3,456(0),01131,[東]蛯名利弘,912800,荻伏服部牧場,700.0,"(*1,4)5,11,7,6-(9,10)(3,2,8)",7,2,8.0,False,"1(4,5)11,7,6-(9,10)(3,8)2",7,2,6.5,False,"1(4,5,11)(7,6)10(2,8)-9,3",7,1,0.0,False,"1,7,11(2,4,10)5(8,6)-(9,3)",4,3,3.0,False,3,
201603030103,3,3歳以上500万下,ダ,1700,晴,良,10:45,2016-11-05,福島,2,6,7,2012100849,バリキ,牡4,57,01117,丸田恭介,1:47.0,2,5-5-5-2,39.1,15.8,7,452(-8),01111,[西]鈴木孝志,330007,杉澤光雄,280.0,"(*1,4)5,11,7,6-(9,10)(3,2,8)",5,1,3.0,False,"1(4,5)11,7,6-(9,10)(3,8)2",5,1,1.5,False,"1(4,5,11)(7,6)10(2,8)-9,3",5,2,0.0,False,"1,7,11(2,4,10)5(8,6)-(9,3)",2,1,1.5,False,3,
201603030103,3,3歳以上500万下,ダ,1700,晴,良,10:45,2016-11-05,福島,3,1,1,2013101563,メイプルキング,牡3,54,01142,長岡禎仁,1:47.1,3/4,1-1-1-1,39.6,5.4,2,464(0),01014,[東]高市圭二,390002,節英司,180.0,"(*1,4)5,11,7,6-(9,10)(3,2,8)",1,2,0.0,True,"1(4,5)11,7,6-(9,10)(3,8)2",1,1,0.0,False,"1(4,5,11)(7,6)10(2,8)-9,3",1,1,0.0,False,"1,7,11(2,4,10)5(8,6)-(9,3)",1,1,0.0,False,3,
201603030103,3,3歳以上500万下,ダ,1700,晴,良,10:45,2016-11-05,福島,4,2,2,2010106531,モシモシ,牝6,55,01038,中谷雄太,1:47.4,1.3/4,9-11-8-4,39.0,25.4,8,424(-6),00359,[東]高橋祥泰,334009,小田切有一,110.0,"(*1,4)5,11,7,6-(9,10)(3,2,8)",9,3,8.0,False,"1(4,5)11,7,6-(9,10)(3,8)2",11,1,6.5,False,"1(4,5,11)(7,6)10(2,8)-9,3",8,2,0.0,False,"1,7,11(2,4,10)5(8,6)-(9,3)",4,3,3.0,False,3,
201603030103,3,3歳以上500万下,ダ,1700,晴,良,10:45,2016-11-05,福島,5,8,11,2012104138,ビーハグ,セ4,55,01143,原田和真,1:47.4,ハナ,4-4-2-3,39.7,165.6,10,480(+22),01100,[東]松山将樹,684030,岡田壮史,70.0,"(*1,4)5,11,7,6-(9,10)(3,2,8)",4,1,1.5,False,"1(4,5)11,7,6-(9,10)(3,8)2",4,1,0.0,False,"1(4,5,11)(7,6)10(2,8)-9,3",2,3,0.0,False,"1,7,11(2,4,10)5(8,6)-(9,3)",3,1,3.0,False,3,
201603030103,3,3歳以上500万下,ダ,1700,晴,良,10:45,2016-11-05,福島,6,3,3,2013100376,ファントムグレイ,牡3,53,01153,木幡初也,1:47.6,1.1/2,9-9-11-10,38.7,11.1,5,430(+8),01008,[東]杉浦宏昭,510008,山岸桂市,,"(*1,4)5,11,7,6-(9,10)(3,2,8)",9,3,8.0,False,"1(4,5)11,7,6-(9,10)(3,8)2",9,2,6.5,False,"1(4,5,11)(7,6)10(2,8)-9,3",11,1,5.0,False,"1,7,11(2,4,10)5(8,6)-(9,3)",10,2,6.5,False,3,
201603030103,3,3歳以上500万下,ダ,1700,晴,良,10:45,2016-11-05,福島,7,7,8,2011105804,メイショウサルーテ,牝5,54,01146,岩崎翼,1:47.8,1.1/4,9-9-8-8,39.5,14.4,6,512(-6),01099,[西]本田優,523005,松本好雄,,"(*1,4)5,11,7,6-(9,10)(3,2,8)",9,3,8.0,False,"1(4,5)11,7,6-(9,10)(3,8)2",9,2,6.5,False,"1(4,5,11)(7,6)10(2,8)-9,3",8,2,0.0,False,"1,7,11(2,4,10)5(8,6)-(9,3)",8,2,3.0,False,3,
201603030103,3,3歳以上500万下,ダ,1700,晴,良,10:45,2016-11-05,福島,8,4,4,2012101804,マカワオクイーン,牝4,55,01092,津村明秀,1:48.2,2.1/2,2-2-2-4,40.5,52.6,9,492(-2),00409,[東]二ノ宮敬,708800,金子真人ホールディン...,,"(*1,4)5,11,7,6-(9,10)(3,2,8)",2,2,0.0,False,"1(4,5)11,7,6-(9,10)(3,8)2",2,2,0.0,False,"1(4,5,11)(7,6)10(2,8)-9,3",2,3,0.0,False,"1,7,11(2,4,10)5(8,6)-(9,3)",4,3,3.0,False,3,
201603030103,3,3歳以上500万下,ダ,1700,晴,良,10:45,2016-11-05,福島,9,6,6,2012101483,イェドプリオル,牡4,57,01095,吉田隼人,1:48.3,3/4,6-6-5-8,40.4,1.7,1,522(0),01135,[西]高橋康之,788800,ノースヒルズ,,"(*1,4)5,11,7,6-(9,10)(3,2,8)",6,1,4.5,False,"1(4,5)11,7,6-(9,10)(3,8)2",6,1,3.0,False,"1(4,5,11)(7,6)10(2,8)-9,3",5,2,0.0,False,"1,7,11(2,4,10)5(8,6)-(9,3)",8,2,3.0,False,3,
201603030103,3,3歳以上500万下,ダ,1700,晴,良,10:45,2016-11-05,福島,10,7,9,2012101109,トーセンアイランド,牡4,57,01129,菅原隆一,1:49.0,4,7-7-10-10,40.3,229.4,11,524(0),00433,[東]成島英春,270006,島川隆哉,,"(*1,4)5,11,7,6-(9,10)(3,2,8)",7,2,8.0,False,"1(4,5)11,7,6-(9,10)(3,8)2",7,2,6.5,False,"1(4,5,11)(7,6)10(2,8)-9,3",10,1,3.5,False,"1,7,11(2,4,10)5(8,6)-(9,3)",10,2,6.5,False,3,
201603030103,3,3歳以上500万下,ダ,1700,晴,良,10:45,2016-11-05,福島,11,5,5,2012101546,スクワール,牡4,57,01077,石橋脩,1:49.1,クビ,3-2-2-7,41.4,10.8,4,460(-8),01098,[西]野中賢二,003060,Ｈ．Ｈ．シェイク・モ...,,"(*1,4)5,11,7,6-(9,10)(3,2,8)",3,1,0.0,False,"1(4,5)11,7,6-(9,10)(3,8)2",2,2,0.0,False,"1(4,5,11)(7,6)10(2,8)-9,3",2,3,0.0,False,"1,7,11(2,4,10)5(8,6)-(9,3)",7,1,3.0,False,3,
201603030104,4,障害3歳以上OP,芝,3350,晴,良,11:15,2016-11-05,福島,1,4,4,2008104413,アイティテイオー,牡8,61,00695,浜野谷憲,3:41.9,,7-6-2-3,13.2,5.7,2,464(-2),01152,[東]竹内正洋,483006,一ノ瀬恭,"1,300.0","9=11,7(8,10,1)4,13(3,12)5,2=6",7,1,7.5,False,"9=11,7(8,10)(4,1)-(3,13)-(2,5)-12=6",6,2,7.5,False,"9-4,10(11,13)(7,2)1(8,3)=5=6   12",2,1,3.5,False,"(*9,13)4,10=(11,2)3,1,7,8-5=6   12",3,1,0.0,False,,7月の2回開催以来の開幕週で、速い時計の出るコンディション。
201603030104,4,障害3歳以上OP,芝,3350,晴,良,11:15,2016-11-05,福島,2,7,10,2011100420,クリノダイコクテン,牡5,60,01067,平沢健治,3:41.9,クビ,4-4-3-4,13.2,20.0,6,472(+2),00431,[西]谷潔,970006,栗本博晴,520.0,"9=11,7(8,10,1)4,13(3,12)5,2=6",4,3,7.5,False,"9=11,7(8,10)(4,1)-(3,13)-(2,5)-12=6",4,2,7.5,False,"9-4,10(11,13)(7,2)1(8,3)=5=6   12",3,1,5.0,False,"(*9,13)4,10=(11,2)3,1,7,8-5=6   12",4,1,1.5,False,,7月の2回開催以来の開幕週で、速い時計の出るコンディション。
201603030104,4,障害3歳以上OP,芝,3350,晴,良,11:15,2016-11-05,福島,3,6,9,2012106290,ブライアンキング,牡4,60,00727,植野貴也,3:42.0,クビ,1-1-1-1,13.3,23.2,7,490(+2),01142,[西]森田直行,675030,林正道,330.0,"9=11,7(8,10,1)4,13(3,12)5,2=6",1,1,0.0,False,"9=11,7(8,10)(4,1)-(3,13)-(2,5)-12=6",1,1,0.0,False,"9-4,10(11,13)(7,2)1(8,3)=5=6   12",1,1,0.0,False,"(*9,13)4,10=(11,2)3,1,7,8-5=6   12",1,2,0.0,True,,7月の2回開催以来の開幕週で、速い時計の出るコンディション。
201603030104,4,障害3歳以上OP,芝,3350,晴,良,11:15,2016-11-05,福島,4,2,2,2012104082,ルートヴィヒコード,牡4,60,01063,小坂忠士,3:42.1,1/2,12-10-6-5,13.3,12.3,5,460(-8),00395,[西]長浜博之,808800,Ｇ１レーシング,200.0,"9=11,7(8,10,1)4,13(3,12)5,2=6",12,1,10.5,False,"9=11,7(8,10)(4,1)-(3,13)-(2,5)-12=6",10,2,14.5,False,"9-4,10(11,13)(7,2)1(8,3)=5=6   12",6,2,5.0,False,"(*9,13)4,10=(11,2)3,1,7,8-5=6   12",5,2,7.5,False,,7月の2回開催以来の開幕週で、速い時計の出るコンディション。
201603030104,4,障害3歳以上OP,芝,3350,晴,良,11:15,2016-11-05,福島,5,3,3,2010102488,ポールシッター,セ6,61,01059,石神深一,3:42.3,1.1/4,9-8-9-7,13.3,6.2,3,452(+2),01141,[東]尾形和幸,136007,平川浩之,130.0,"9=11,7(8,10,1)4,13(3,12)5,2=6",9,2,9.0,False,"9=11,7(8,10)(4,1)-(3,13)-(2,5)-12=6",8,2,11.0,False,"9-4,10(11,13)(7,2)1(8,3)=5=6   12",9,2,5.0,False,"(*9,13)4,10=(11,2)3,1,7,8-5=6   12",7,1,7.5,False,,7月の2回開催以来の開幕週で、速い時計の出るコンディション。
201603030104,4,障害3歳以上OP,芝,3350,晴,良,11:15,2016-11-05,福島,6,1,1,2012106080,クラウンテイラー,牡4,60,01068,蓑島靖典,3:44.3,大,4-6-8-8,13.4,73.8,11,448(+6),01112,[東]田島俊明,826800,クラウン,,"9=11,7(8,10,1)4,13(3,12)5,2=6",4,3,7.5,False,"9=11,7(8,10)(4,1)-(3,13)-(2,5)-12=6",6,2,7.5,False,"9-4,10(11,13)(7,2)1(8,3)=5=6   12",8,1,5.0,False,"(*9,13)4,10=(11,2)3,1,7,8-5=6   12",8,1,9.0,False,,7月の2回開催以来の開幕週で、速い時計の出るコンディション。
201603030104,4,障害3歳以上OP,芝,3350,晴,良,11:15,2016-11-05,福島,7,6,8,2011101189,マイネルゼーラフ,牡5,60,01113,草野太郎,3:44.8,3,4-4-9-10,13.4,79.5,12,486(+2),01080,[東]清水英克,546800,サラブレッドクラブ・...,,"9=11,7(8,10,1)4,13(3,12)5,2=6",4,3,7.5,False,"9=11,7(8,10)(4,1)-(3,13)-(2,5)-12=6",4,2,7.5,False,"9-4,10(11,13)(7,2)1(8,3)=5=6   12",9,2,5.0,False,"(*9,13)4,10=(11,2)3,1,7,8-5=6   12",10,1,12.0,False,,7月の2回開催以来の開幕週で、速い時計の出るコンディション。
201603030104,4,障害3歳以上OP,芝,3350,晴,良,11:15,2016-11-05,福島,8,7,11,2011106617,エースワン,牡5,60,01069,五十嵐雄,3:44.8,アタマ,2-2-4-5,13.4,70.2,10,484(-10),00415,[東]菅原泰夫,140005,榊原秀雄,,"9=11,7(8,10,1)4,13(3,12)5,2=6",2,1,6.0,False,"9=11,7(8,10)(4,1)-(3,13)-(2,5)-12=6",2,1,6.0,False,"9-4,10(11,13)(7,2)1(8,3)=5=6   12",4,2,5.0,False,"(*9,13)4,10=(11,2)3,1,7,8-5=6   12",5,2,7.5,False,,7月の2回開催以来の開幕週で、速い時計の出るコンディション。
201603030104,4,障害3歳以上OP,芝,3350,晴,良,11:15,2016-11-05,福島,9,5,7,2010100880,ドリームハヤテ,牡6,61,00652,熊沢重文,3:45.2,2.1/2,3-3-6-9,13.4,6.6,4,496(-12),01049,[西]南井克巳,542800,ライオンレースホース,,"9=11,7(8,10,1)4,13(3,12)5,2=6",3,1,7.5,False,"9=11,7(8,10)(4,1)-(3,13)-(2,5)-12=6",3,1,7.5,False,"9-4,10(11,13)(7,2)1(8,3)=5=6   12",6,2,5.0,False,"(*9,13)4,10=(11,2)3,1,7,8-5=6   12",9,1,10.5,False,,7月の2回開催以来の開幕週で、速い時計の出るコンディション。
201603030104,4,障害3歳以上OP,芝,3350,晴,良,11:15,2016-11-05,福島,10,4,5,2012104232,アサクサリーダー,セ4,60,01052,金子光希,3:45.6,2.1/2,11-10-11-11,13.5,34.7,9,468(+2),01115,[東]菊沢隆徳,537009,田原慶子,,"9=11,7(8,10,1)4,13(3,12)5,2=6",11,1,9.0,False,"9=11,7(8,10)(4,1)-(3,13)-(2,5)-12=6",10,2,14.5,False,"9-4,10(11,13)(7,2)1(8,3)=5=6   12",11,1,11.0,False,"(*9,13)4,10=(11,2)3,1,7,8-5=6   12",11,1,15.5,False,,7月の2回開催以来の開幕週で、速い時計の出るコンディション。
201603030104,4,障害3歳以上OP,芝,3350,晴,良,11:15,2016-11-05,福島,11,5,6,2009102028,ウメジマダイオー,牡7,60,01061,大庭和弥,3:48.3,大,13-13-12-12,13.6,106.7,13,530(+8),01030,[東]星野忍,648002,村田滋,,"9=11,7(8,10,1)4,13(3,12)5,2=6",13,1,16.5,False,"9=11,7(8,10)(4,1)-(3,13)-(2,5)-12=6",13,1,24.0,False,"9-4,10(11,13)(7,2)1(8,3)=5=6   12",12,1,17.0,False,"(*9,13)4,10=(11,2)3,1,7,8-5=6   12",12,1,21.5,False,,7月の2回開催以来の開幕週で、速い時計の出るコンディション。
201603030104,4,障害3歳以上OP,芝,3350,晴,良,11:15,2016-11-05,福島,中,8,12,2010102599,タニノタキシード,牡6,61,01046,高田潤,,,9-12,,2.1,1,482(-2),01053,[西]角居勝彦,764001,谷水雄三,,"9=11,7(8,10,1)4,13(3,12)5,2=6",9,2,9.0,False,"9=11,7(8,10)(4,1)-(3,13)-(2,5)-12=6",12,1,18.0,False,"9-4,10(11,13)(7,2)1(8,3)=5=6   12",13,1,23.0,False,"(*9,13)4,10=(11,2)3,1,7,8-5=6   12",13,1,27.5,False,,7月の2回開催以来の開幕週で、速い時計の出るコンディション。
201603030104,4,障害3歳以上OP,芝,3350,晴,良,11:15,2016-11-05,福島,中,8,13,2012106003,シゲルヒノクニ,牡4,60,01123,小野寺祐,,,8-8-4-2,,25.6,8,502(+2),00383,[東]伊藤正徳,674004,森中蕃,,"9=11,7(8,10,1)4,13(3,12)5,2=6",8,1,9.0,False,"9=11,7(8,10)(4,1)-(3,13)-(2,5)-12=6",8,2,11.0,False,"9-4,10(11,13)(7,2)1(8,3)=5=6   12",4,2,5.0,False,"(*9,13)4,10=(11,2)3,1,7,8-5=6   12",2,2,0.0,False,,7月の2回開催以来の開幕週で、速い時計の出るコンディション。
201603030105,5,障害3歳以上未勝利,芝,2750,晴,良,12:10,2016-11-05,福島,1,6,6,2010101257,ポンデザムール,セ6,60,01059,石神深一,3:01.0,,5-4-2-2,13.2,1.9,1,512(+4),01056,[東]本間忍,851009,岡田牧雄,750.0,"7,3,4,5(8,6)10(9,1,2)",5,2,4.5,False,"3(7,4)(6,5,10)-1,2,8,9",4,3,0.0,False,"4,6,3,5-(7,1,10)9,2=8",2,1,1.5,False,"(*4,6)5,3-1-(9,10)(7,2)=8",2,2,0.0,False,,7月の2回開催以来の開幕週で、速い時計の出るコンディション。
201603030105,5,障害3歳以上未勝利,芝,2750,晴,良,12:10,2016-11-05,福島,2,4,4,2011105191,マイネプレセア,牝5,58,01008,山本康志,3:01.4,2.1/2,3-2-1-1,13.2,4.8,2,450(-12),01114,[東]和田正一,546800,サラブレッドクラブ・...,300.0,"7,3,4,5(8,6)10(9,1,2)",3,1,3.0,False,"3(7,4)(6,5,10)-1,2,8,9",2,2,0.0,False,"4,6,3,5-(7,1,10)9,2=8",1,1,0.0,False,"(*4,6)5,3-1-(9,10)(7,2)=8",1,2,0.0,True,,7月の2回開催以来の開幕週で、速い時計の出るコンディション。
201603030105,5,障害3歳以上未勝利,芝,2750,晴,良,12:10,2016-11-05,福島,3,5,5,2011105913,スズカローラー,牝5,58,00691,北沢伸也,3:01.7,2,4-4-4-3,13.2,6.7,3,482(+18),00362,[西]橋田満,382004,永井啓弍,190.0,"7,3,4,5(8,6)10(9,1,2)",4,1,4.5,False,"3(7,4)(6,5,10)-1,2,8,9",4,3,0.0,False,"4,6,3,5-(7,1,10)9,2=8",4,1,4.5,False,"(*4,6)5,3-1-(9,10)(7,2)=8",3,1,0.0,False,,7月の2回開催以来の開幕週で、速い時計の出るコンディション。
201603030105,5,障害3歳以上未勝利,芝,2750,晴,良,12:10,2016-11-05,福島,4,3,3,2010103687,アサクサゴールド,牡6,60,00695,浜野谷憲,3:03.2,9,2-1-3-4,13.3,7.3,4,460(-4),01054,[東]戸田博文,537009,田原慶子,110.0,"7,3,4,5(8,6)10(9,1,2)",2,1,1.5,False,"3(7,4)(6,5,10)-1,2,8,9",1,1,0.0,False,"4,6,3,5-(7,1,10)9,2=8",3,1,3.0,False,"(*4,6)5,3-1-(9,10)(7,2)=8",4,1,1.5,False,,7月の2回開催以来の開幕週で、速い時計の出るコンディション。
201603030105,5,障害3歳以上未勝利,芝,2750,晴,良,12:10,2016-11-05,福島,5,1,1,2013100816,イチゴアミーラ,牝3,56,01089,高野和馬,3:03.5,1.3/4,8-7-5-5,13.3,22.0,8,448(0),01005,[東]小桧山悟,793800,ノルディック,75.0,"7,3,4,5(8,6)10(9,1,2)",8,3,4.5,False,"3(7,4)(6,5,10)-1,2,8,9",7,1,3.5,False,"4,6,3,5-(7,1,10)9,2=8",5,3,8.0,False,"(*4,6)5,3-1-(9,10)(7,2)=8",5,1,5.0,False,,7月の2回開催以来の開幕週で、速い時計の出るコンディション。
201603030105,5,障害3歳以上未勝利,芝,2750,晴,良,12:10,2016-11-05,福島,6,8,10,2013101904,マイネルヴァッサー,牡3,58,01023,江田勇亮,3:04.3,5,7-4-5-6,13.4,99.1,10,418(-2),00417,[東]土田稔,546800,サラブレッドクラブ・...,,"7,3,4,5(8,6)10(9,1,2)",7,1,4.5,False,"3(7,4)(6,5,10)-1,2,8,9",4,3,0.0,False,"4,6,3,5-(7,1,10)9,2=8",5,3,8.0,False,"(*4,6)5,3-1-(9,10)(7,2)=8",6,2,8.5,False,,7月の2回開催以来の開幕週で、速い時計の出るコンディション。
201603030105,5,障害3歳以上未勝利,芝,2750,晴,良,12:10,2016-11-05,福島,7,8,9,2013104451,ミヤコノアバランチ,牡3,58,01120,大江原圭,3:04.4,クビ,8-10-8-6,13.4,89.0,9,474(-6),00436,[東]堀井雅広,308008,吉田都枝江,,"7,3,4,5(8,6)10(9,1,2)",8,3,4.5,False,"3(7,4)(6,5,10)-1,2,8,9",10,1,8.0,False,"4,6,3,5-(7,1,10)9,2=8",8,1,8.0,False,"(*4,6)5,3-1-(9,10)(7,2)=8",6,2,8.5,False,,7月の2回開催以来の開幕週で、速い時計の出るコンディション。
201603030105,5,障害3歳以上未勝利,芝,2750,晴,良,12:10,2016-11-05,福島,8,2,2,2012103296,ニホンピロサンダー,牡4,60,00652,熊沢重文,3:05.3,5,8-8-9-8,13.5,21.0,7,496(+10),01009,[西]田所秀孝,985001,小林百太郎,,"7,3,4,5(8,6)10(9,1,2)",8,3,4.5,False,"3(7,4)(6,5,10)-1,2,8,9",8,1,5.0,False,"4,6,3,5-(7,1,10)9,2=8",9,1,9.5,False,"(*4,6)5,3-1-(9,10)(7,2)=8",8,2,8.5,False,,7月の2回開催以来の開幕週で、速い時計の出るコンディション。
201603030105,5,障害3歳以上未勝利,芝,2750,晴,良,12:10,2016-11-05,福島,9,7,7,2011106163,メイショウカイモン,セ5,60,01061,大庭和弥,3:08.7,大,1-2-5-8,13.7,11.2,5,476(-4),01013,[東]小島太,523005,松本好雄,,"7,3,4,5(8,6)10(9,1,2)",1,1,0.0,False,"3(7,4)(6,5,10)-1,2,8,9",2,2,0.0,False,"4,6,3,5-(7,1,10)9,2=8",5,3,8.0,False,"(*4,6)5,3-1-(9,10)(7,2)=8",8,2,8.5,False,,7月の2回開催以来の開幕週で、速い時計の出るコンディション。
201603030105,5,障害3歳以上未勝利,芝,2750,晴,良,12:10,2016-11-05,福島,10,7,8,2011104062,マコトグロズヌイ,牡5,60,01069,五十嵐雄,3:11.1,大,5-9-10-10,13.9,18.4,6,522(-6),01051,[東]岩戸孝樹,864800,ディアマント,,"7,3,4,5(8,6)10(9,1,2)",5,2,4.5,False,"3(7,4)(6,5,10)-1,2,8,9",9,1,6.5,False,"4,6,3,5-(7,1,10)9,2=8",10,1,15.5,False,"(*4,6)5,3-1-(9,10)(7,2)=8",10,1,14.5,False,,7月の2回開催以来の開幕週で、速い時計の出るコンディション。
201603030106,6,3歳以上500万下,ダ,1700,晴,良,12:45,2016-11-05,福島,1,6,6,2013100711,ナムラミラクル,牡3,55,01138,藤懸貴志,1:46.4,,3-3-2-2,38.4,8.1,4,462(0),01157,[西]杉山晴紀,945004,奈村信重,700.0,"5,7(1,6)(4,8)(2,9)-3-10",3,2,1.5,False,"5,7(1,6)(4,8)(2,9)-3-10",3,2,1.5,False,"5(7,6)(1,4,8)(9,3)(2,10)",2,2,0.0,False,"(*5,6)-(7,10)(4,8)(9,3)2,1",2,2,0.0,False,3,
201603030106,6,3歳以上500万下,ダ,1700,晴,良,12:45,2016-11-05,福島,2,8,10,2012104192,ワイドリーザワン,牡4,57,01140,横山和生,1:46.7,2,10-10-9-3,38.0,1.8,1,450(-2),01145,[東]奥村武,113030,坂本浩一,280.0,"5,7(1,6)(4,8)(2,9)-3-10",10,1,8.5,False,"5,7(1,6)(4,8)(2,9)-3-10",10,1,8.5,False,"5(7,6)(1,4,8)(9,3)(2,10)",9,2,0.0,False,"(*5,6)-(7,10)(4,8)(9,3)2,1",3,2,3.5,False,3,
201603030106,6,3歳以上500万下,ダ,1700,晴,良,12:45,2016-11-05,福島,3,5,5,2012105583,メイショウカシュウ,牡4,56,01146,岩崎翼,1:47.4,4,1-1-1-1,39.5,6.5,3,498(-4),01099,[西]本田優,523005,松本好雄,180.0,"5,7(1,6)(4,8)(2,9)-3-10",1,1,0.0,False,"5,7(1,6)(4,8)(2,9)-3-10",1,1,0.0,False,"5(7,6)(1,4,8)(9,3)(2,10)",1,1,0.0,False,"(*5,6)-(7,10)(4,8)(9,3)2,1",1,2,0.0,True,3,
201603030106,6,3歳以上500万下,ダ,1700,晴,良,12:45,2016-11-05,福島,4,3,3,2012103681,テイア,牝4,55,01131,西村太一,1:47.9,3,9-9-7-7,39.4,167.3,10,422(+4),00428,[東]石毛善彦,629800,ミルファーム,110.0,"5,7(1,6)(4,8)(2,9)-3-10",9,1,5.0,False,"5,7(1,6)(4,8)(2,9)-3-10",9,1,5.0,False,"5(7,6)(1,4,8)(9,3)(2,10)",7,2,0.0,False,"(*5,6)-(7,10)(4,8)(9,3)2,1",7,2,3.5,False,3,
201603030106,6,3歳以上500万下,ダ,1700,晴,良,12:45,2016-11-05,福島,5,8,9,2012104273,モアニレフア,牝4,53,01153,木幡初也,1:48.2,2,7-7-7-7,39.7,54.0,7,440(-6),01097,[東]鹿戸雄一,019033,北村栄治,70.0,"5,7(1,6)(4,8)(2,9)-3-10",7,2,1.5,False,"5,7(1,6)(4,8)(2,9)-3-10",7,2,1.5,False,"5(7,6)(1,4,8)(9,3)(2,10)",7,2,0.0,False,"(*5,6)-(7,10)(4,8)(9,3)2,1",7,2,3.5,False,3,
201603030106,6,3歳以上500万下,ダ,1700,晴,良,12:45,2016-11-05,福島,6,2,2,2012100927,ミラクルナイト,牡4,55,01143,原田和真,1:48.5,2,7-7-9-9,39.8,121.0,8,466(-6),01007,[東]柴田政人,212008,小野博郷,,"5,7(1,6)(4,8)(2,9)-3-10",7,2,1.5,False,"5,7(1,6)(4,8)(2,9)-3-10",7,2,1.5,False,"5(7,6)(1,4,8)(9,3)(2,10)",9,2,0.0,False,"(*5,6)-(7,10)(4,8)(9,3)2,1",9,1,3.5,False,3,
201603030106,6,3歳以上500万下,ダ,1700,晴,良,12:45,2016-11-05,福島,7,7,8,2012101039,ガンマーフォンテン,牡4,55,01149,伴啓太,1:48.7,1.1/4,5-5-4-5,40.5,148.7,9,500(0),00428,[東]石毛善彦,186001,吉橋計,,"5,7(1,6)(4,8)(2,9)-3-10",5,2,1.5,False,"5,7(1,6)(4,8)(2,9)-3-10",5,2,1.5,False,"5(7,6)(1,4,8)(9,3)(2,10)",4,3,0.0,False,"(*5,6)-(7,10)(4,8)(9,3)2,1",5,2,3.5,False,3,
201603030106,6,3歳以上500万下,ダ,1700,晴,良,12:45,2016-11-05,福島,8,4,4,2013105737,レッドジェイド,牡3,54,01156,加藤祥太,1:49.1,2.1/2,5-5-4-5,40.9,24.8,6,504(+2),01028,[西]西園正都,180800,東京ホースレーシング,,"5,7(1,6)(4,8)(2,9)-3-10",5,2,1.5,False,"5,7(1,6)(4,8)(2,9)-3-10",5,2,1.5,False,"5(7,6)(1,4,8)(9,3)(2,10)",4,3,0.0,False,"(*5,6)-(7,10)(4,8)(9,3)2,1",5,2,3.5,False,3,
201603030106,6,3歳以上500万下,ダ,1700,晴,良,12:45,2016-11-05,福島,9,7,7,2011103815,サグレス,牝5,53,01151,井上敏樹,1:49.3,1.1/4,2-2-2-3,41.3,9.3,5,474(-8),01074,[東]奥平雅士,486800,キャロットファーム,,"5,7(1,6)(4,8)(2,9)-3-10",2,1,1.5,False,"5,7(1,6)(4,8)(2,9)-3-10",2,1,1.5,False,"5(7,6)(1,4,8)(9,3)(2,10)",2,2,0.0,False,"(*5,6)-(7,10)(4,8)(9,3)2,1",3,2,3.5,False,3,
201603030106,6,3歳以上500万下,ダ,1700,晴,良,12:45,2016-11-05,福島,10,1,1,2013106066,クロークス,牡3,54,01157,鮫島克駿,1:49.4,クビ,3-3-4-10,41.1,3.8,2,462(-2),01144,[西]池添学,486800,キャロットファーム,,"5,7(1,6)(4,8)(2,9)-3-10",3,2,1.5,False,"5,7(1,6)(4,8)(2,9)-3-10",3,2,1.5,False,"5(7,6)(1,4,8)(9,3)(2,10)",4,3,0.0,False,"(*5,6)-(7,10)(4,8)(9,3)2,1",10,1,5.0,False,3,
201603030107,7,3歳以上500万下,ダ,1150,晴,良,13:15,2016-11-05,福島,1,5,6,2013104770,カンタベリーマイン,牡3,56,01117,丸田恭介,1:09.1,,10-8,36.3,73.1,10,450(-4),01043,[東]石栗龍彦,684006,峰哲馬,700.0,,,,,,,,,,,"(2,*7)(5,12)(4,13)(3,10)-8(6,9)1-11",10,2,3.5,False,"(2,*7)4(5,12)(13,10)(3,6)8,9(1,11)",8,2,0.0,False,3,
201603030107,7,3歳以上500万下,ダ,1150,晴,良,13:15,2016-11-05,福島,2,4,4,2012101435,ファミリーズオナー,牝4,54,01141,中井裕二,1:09.2,3/4,5-3,37.1,10.9,5,460(-10),01050,[西]飯田雄三,851009,岡田牧雄,280.0,,,,,,,,,,,"(2,*7)(5,12)(4,13)(3,10)-8(6,9)1-11",5,2,0.0,False,"(2,*7)4(5,12)(13,10)(3,6)8,9(1,11)",3,1,0.0,False,3,
201603030107,7,3歳以上500万下,ダ,1150,晴,良,13:15,2016-11-05,福島,3,7,10,2012105639,イアペトス,牡4,57,01095,吉田隼人,1:09.6,2.1/2,7-6,37.4,3.7,2,488(0),01089,[東]武市康男,629800,ミルファーム,180.0,,,,,,,,,,,"(2,*7)(5,12)(4,13)(3,10)-8(6,9)1-11",7,2,0.0,False,"(2,*7)4(5,12)(13,10)(3,6)8,9(1,11)",6,2,0.0,False,3,
201603030107,7,3歳以上500万下,ダ,1150,晴,良,13:15,2016-11-05,福島,4,8,13,2013101414,キチロクステージ,牡3,56,01049,二本柳壮,1:09.7,1/2,5-6,37.6,5.7,3,468(0),00370,[東]二本柳俊,462030,山本正美,110.0,,,,,,,,,,,"(2,*7)(5,12)(4,13)(3,10)-8(6,9)1-11",5,2,0.0,False,"(2,*7)4(5,12)(13,10)(3,6)8,9(1,11)",6,2,0.0,False,3,
201603030107,7,3歳以上500万下,ダ,1150,晴,良,13:15,2016-11-05,福島,5,6,9,2012105599,サイモングレゴリー,牡4,55,01153,木幡初也,1:09.8,1/2,10-11,37.0,77.2,11,512(+10),01090,[東]天間昭一,132030,澤田昭紀,70.0,,,,,,,,,,,"(2,*7)(5,12)(4,13)(3,10)-8(6,9)1-11",10,2,3.5,False,"(2,*7)4(5,12)(13,10)(3,6)8,9(1,11)",11,1,1.5,False,3,
201603030107,7,3歳以上500万下,ダ,1150,晴,良,13:15,2016-11-05,福島,6,7,11,2011100192,トーセンスティング,牡5,57,01140,横山和生,1:09.8,アタマ,13-12,36.2,8.7,4,526(-6),00392,[東]古賀史生,270006,島川隆哉,,,,,,,,,,,,"(2,*7)(5,12)(4,13)(3,10)-8(6,9)1-11",13,1,7.0,False,"(2,*7)4(5,12)(13,10)(3,6)8,9(1,11)",12,2,1.5,False,3,
201603030107,7,3歳以上500万下,ダ,1150,晴,良,13:15,2016-11-05,福島,7,5,7,2013106425,ハートイズハート,牡3,56,01134,嶋田純次,1:10.1,1.3/4,1-1,38.3,2.7,1,462(+4),01010,[東]中野栄治,263006,北村和江,,,,,,,,,,,,"(2,*7)(5,12)(4,13)(3,10)-8(6,9)1-11",1,2,0.0,True,"(2,*7)4(5,12)(13,10)(3,6)8,9(1,11)",1,2,0.0,True,3,
201603030107,7,3歳以上500万下,ダ,1150,晴,良,13:15,2016-11-05,福島,8,8,12,2013102792,ペイシャオトメ,牝3,53,01142,長岡禎仁,1:10.6,3,3-4,38.7,20.9,7,466(-2),01152,[東]竹内正洋,163002,北所直人,,,,,,,,,,,,"(2,*7)(5,12)(4,13)(3,10)-8(6,9)1-11",3,2,0.0,False,"(2,*7)4(5,12)(13,10)(3,6)8,9(1,11)",4,2,0.0,False,3,
201603030107,7,3歳以上500万下,ダ,1150,晴,良,13:15,2016-11-05,福島,9,2,2,2011100930,トウシンムサシ,セ5,54,01165,森裕太朗,1:10.9,1.1/2,2-2,39.1,28.7,9,450(0),00388,[西]山内研二,786800,サトー,,,,,,,,,,,,"(2,*7)(5,12)(4,13)(3,10)-8(6,9)1-11",2,2,0.0,False,"(2,*7)4(5,12)(13,10)(3,6)8,9(1,11)",2,2,0.0,False,3,
201603030107,7,3歳以上500万下,ダ,1150,晴,良,13:15,2016-11-05,福島,10,3,3,2013102932,ノボホウセイ,牝3,52,01151,井上敏樹,1:11.3,2.1/2,7-8,39.0,21.8,8,490(-4),01103,[東]尾関知人,978800,ＬＳ．Ｍ,,,,,,,,,,,,"(2,*7)(5,12)(4,13)(3,10)-8(6,9)1-11",7,2,0.0,False,"(2,*7)4(5,12)(13,10)(3,6)8,9(1,11)",8,2,0.0,False,3,
201603030107,7,3歳以上500万下,ダ,1150,晴,良,13:15,2016-11-05,福島,11,6,8,2013103763,シャインダイアン,牝3,53,01156,加藤祥太,1:11.3,ハナ,9-10,38.7,14.2,6,458(-10),01148,[西]西村真幸,363800,三嶋牧場,,,,,,,,,,,,"(2,*7)(5,12)(4,13)(3,10)-8(6,9)1-11",9,1,3.5,False,"(2,*7)4(5,12)(13,10)(3,6)8,9(1,11)",10,1,0.0,False,3,
201603030107,7,3歳以上500万下,ダ,1150,晴,良,13:15,2016-11-05,福島,12,4,5,2010105729,ドリームマークス,牡6,55,01143,原田和真,1:11.9,3.1/2,3-4,39.9,109.7,12,466(+12),00390,[東]池上昌弘,542800,ライオンレースホース,,,,,,,,,,,,"(2,*7)(5,12)(4,13)(3,10)-8(6,9)1-11",3,2,0.0,False,"(2,*7)4(5,12)(13,10)(3,6)8,9(1,11)",4,2,0.0,False,3,
201603030107,7,3歳以上500万下,ダ,1150,晴,良,13:15,2016-11-05,福島,13,1,1,2013103865,リックカグラ,牡3,54,01149,伴啓太,1:12.6,4,12-12,39.5,227.2,13,464(0),01005,[東]小桧山悟,522030,山邉浩,,,,,,,,,,,,"(2,*7)(5,12)(4,13)(3,10)-8(6,9)1-11",12,1,3.5,False,"(2,*7)4(5,12)(13,10)(3,6)8,9(1,11)",12,2,1.5,False,3,
201603030108,8,3歳以上500万下,芝,1200,晴,良,13:45,2016-11-05,福島,1,2,3,2011104997,タガノスカイ,牝5,54,01157,鮫島克駿,1:08.4,,8-7,34.1,2.4,1,476(-2),00411,[西]浅見秀一,859002,八木良司,700.0,,,,,,,,,,,"(*11,13)(2,10)(8,16)-12(14,3)-15-(5,6)7(4,1)9",8,2,3.5,False,"11(2,13,10)(8,16)(12,3)(14,15)(5,6)-4,1,7=9",7,2,0.0,False,-11,7月の2回開催以来の開幕週で、速い時計の出るコンディション。
201603030108,8,3歳以上500万下,芝,1200,晴,良,13:45,2016-11-05,福島,2,8,15,2012104802,クローソー,牝4,55,01138,藤懸貴志,1:08.8,2.1/2,10-9,34.2,8.3,3,420(+8),01082,[西]平田修,465030,大島昌也,280.0,,,,,,,,,,,"(*11,13)(2,10)(8,16)-12(14,3)-15-(5,6)7(4,1)9",10,1,7.0,False,"11(2,13,10)(8,16)(12,3)(14,15)(5,6)-4,1,7=9",9,2,0.0,False,-11,7月の2回開催以来の開幕週で、速い時計の出るコンディション。
201603030108,8,3歳以上500万下,芝,1200,晴,良,13:45,2016-11-05,福島,3,1,2,2012102169,ウィズアットレース,牝4,53,01143,原田和真,1:09.1,1.3/4,3-2,35.6,46.7,13,412(-6),00390,[東]池上昌弘,851009,岡田牧雄,180.0,,,,,,,,,,,"(*11,13)(2,10)(8,16)-12(14,3)-15-(5,6)7(4,1)9",3,2,0.0,False,"11(2,13,10)(8,16)(12,3)(14,15)(5,6)-4,1,7=9",2,3,0.0,False,-11,7月の2回開催以来の開幕週で、速い時計の出るコンディション。
201603030108,8,3歳以上500万下,芝,1200,晴,良,13:45,2016-11-05,福島,4,3,5,2013102061,グリーンバシリスク,牝3,54,01135,杉原誠人,1:09.2,1/2,11-11,34.3,12.9,6,450(0),01147,[東]武井亮,812008,石瀬浩三,110.0,,,,,,,,,,,"(*11,13)(2,10)(8,16)-12(14,3)-15-(5,6)7(4,1)9",11,2,10.5,False,"11(2,13,10)(8,16)(12,3)(14,15)(5,6)-4,1,7=9",11,2,0.0,False,-11,7月の2回開催以来の開幕週で、速い時計の出るコンディション。
201603030108,8,3歳以上500万下,芝,1200,晴,良,13:45,2016-11-05,福島,5,8,16,2013102967,プリンセスオーラ,牝3,54,01092,津村明秀,1:09.3,クビ,5-5,35.6,44.8,12,430(-2),01116,[東]新開幸一,071803,大森悌次,70.0,,,,,,,,,,,"(*11,13)(2,10)(8,16)-12(14,3)-15-(5,6)7(4,1)9",5,2,0.0,False,"11(2,13,10)(8,16)(12,3)(14,15)(5,6)-4,1,7=9",5,2,0.0,False,-11,7月の2回開催以来の開幕週で、速い時計の出るコンディション。
201603030108,8,3歳以上500万下,芝,1200,晴,良,13:45,2016-11-05,福島,6,6,11,2011100705,ラヴィオリ,牝5,53,01149,伴啓太,1:09.3,クビ,1-1,36.0,33.3,11,476(+16),01020,[東]相沢郁,362030,星野祐介,,,,,,,,,,,,"(*11,13)(2,10)(8,16)-12(14,3)-15-(5,6)7(4,1)9",1,2,0.0,True,"11(2,13,10)(8,16)(12,3)(14,15)(5,6)-4,1,7=9",1,1,0.0,False,-11,7月の2回開催以来の開幕週で、速い時計の出るコンディション。
201603030108,8,3歳以上500万下,芝,1200,晴,良,13:45,2016-11-05,福島,7,4,8,2013104690,ファジーネーブル,牝3,53,01142,長岡禎仁,1:09.3,ハナ,5-5,35.5,243.6,16,416(+6),00428,[東]石毛善彦,629800,ミルファーム,,,,,,,,,,,,"(*11,13)(2,10)(8,16)-12(14,3)-15-(5,6)7(4,1)9",5,2,0.0,False,"11(2,13,10)(8,16)(12,3)(14,15)(5,6)-4,1,7=9",5,2,0.0,False,-11,7月の2回開催以来の開幕週で、速い時計の出るコンディション。
201603030108,8,3歳以上500万下,芝,1200,晴,良,13:45,2016-11-05,福島,8,6,12,2013106059,クラシックリディア,牝3,54,01038,中谷雄太,1:09.4,クビ,7-7,35.3,14.9,7,444(+12),01022,[西]石坂正,486800,キャロットファーム,,,,,,,,,,,,"(*11,13)(2,10)(8,16)-12(14,3)-15-(5,6)7(4,1)9",7,1,3.5,False,"11(2,13,10)(8,16)(12,3)(14,15)(5,6)-4,1,7=9",7,2,0.0,False,-11,7月の2回開催以来の開幕週で、速い時計の出るコンディション。
201603030108,8,3歳以上500万下,芝,1200,晴,良,13:45,2016-11-05,福島,9,2,4,2011104071,キミニヒトメボレ,牝5,54,01156,加藤祥太,1:09.6,1.1/2,14-13,34.4,50.7,14,480(+10),01130,[西]吉村圭司,858800,大塚亮一,,,,,,,,,,,,"(*11,13)(2,10)(8,16)-12(14,3)-15-(5,6)7(4,1)9",14,2,10.5,False,"11(2,13,10)(8,16)(12,3)(14,15)(5,6)-4,1,7=9",13,1,3.5,False,-11,7月の2回開催以来の開幕週で、速い時計の出るコンディション。
201603030108,8,3歳以上500万下,芝,1200,晴,良,13:45,2016-11-05,福島,10,7,14,2013104464,サトノアイリ,牝3,54,01117,丸田恭介,1:09.6,ハナ,8-9,35.4,15.4,8,430(+4),00420,[東]宗像義忠,790031,里見治,,,,,,,,,,,,"(*11,13)(2,10)(8,16)-12(14,3)-15-(5,6)7(4,1)9",8,2,3.5,False,"11(2,13,10)(8,16)(12,3)(14,15)(5,6)-4,1,7=9",9,2,0.0,False,-11,7月の2回開催以来の開幕週で、速い時計の出るコンディション。
201603030108,8,3歳以上500万下,芝,1200,晴,良,13:45,2016-11-05,福島,11,7,13,2011106329,サチノクイーン,牝5,54,01146,岩崎翼,1:09.6,ハナ,2-2,36.2,26.7,9,476(0),01120,[西]千田輝彦,528030,佐藤勝士,,,,,,,,,,,,"(*11,13)(2,10)(8,16)-12(14,3)-15-(5,6)7(4,1)9",2,2,0.0,False,"11(2,13,10)(8,16)(12,3)(14,15)(5,6)-4,1,7=9",2,3,0.0,False,-11,7月の2回開催以来の開幕週で、速い時計の出るコンディション。
201603030108,8,3歳以上500万下,芝,1200,晴,良,13:45,2016-11-05,福島,12,3,6,2013103720,ユッセ,牝3,54,01140,横山和生,1:09.9,1.1/2,11-11,35.0,12.8,5,470(+2),01074,[東]奥平雅士,629800,ミルファーム,,,,,,,,,,,,"(*11,13)(2,10)(8,16)-12(14,3)-15-(5,6)7(4,1)9",11,2,10.5,False,"11(2,13,10)(8,16)(12,3)(14,15)(5,6)-4,1,7=9",11,2,0.0,False,-11,7月の2回開催以来の開幕週で、速い時計の出るコンディション。
201603030108,8,3歳以上500万下,芝,1200,晴,良,13:45,2016-11-05,福島,13,5,10,2012101285,コルボノワール,牝4,55,01095,吉田隼人,1:10.0,3/4,3-2,36.5,9.1,4,470(-6),01085,[西]小崎憲,877800,ラ・メール,,,,,,,,,,,,"(*11,13)(2,10)(8,16)-12(14,3)-15-(5,6)7(4,1)9",3,2,0.0,False,"11(2,13,10)(8,16)(12,3)(14,15)(5,6)-4,1,7=9",2,3,0.0,False,-11,7月の2回開催以来の開幕週で、速い時計の出るコンディション。
201603030108,8,3歳以上500万下,芝,1200,晴,良,13:45,2016-11-05,福島,14,4,7,2012106397,ココクイーン,牝4,53,01151,井上敏樹,1:10.2,1.1/4,13-15,35.1,186.0,15,408(-20),01143,[東]和田雄二,437030,深澤朝房,,,,,,,,,,,,"(*11,13)(2,10)(8,16)-12(14,3)-15-(5,6)7(4,1)9",13,1,10.5,False,"11(2,13,10)(8,16)(12,3)(14,15)(5,6)-4,1,7=9",15,1,6.5,False,-11,7月の2回開催以来の開幕週で、速い時計の出るコンディション。
201603030108,8,3歳以上500万下,芝,1200,晴,良,13:45,2016-11-05,福島,15,1,1,2013103488,メイショウベニフジ,牝3,54,01077,石橋脩,1:10.3,1/2,14-14,35.1,6.2,2,452(+22),01021,[西]池添兼雄,523005,松本好雄,,,,,,,,,,,,"(*11,13)(2,10)(8,16)-12(14,3)-15-(5,6)7(4,1)9",14,2,10.5,False,"11(2,13,10)(8,16)(12,3)(14,15)(5,6)-4,1,7=9",14,1,5.0,False,-11,7月の2回開催以来の開幕週で、速い時計の出るコンディション。
201603030108,8,3歳以上500万下,芝,1200,晴,良,13:45,2016-11-05,福島,16,5,9,2012104140,ダイワズットラブ,牝4,53,01153,木幡初也,1:14.3,大,16-16,38.9,30.2,10,446(-2),00390,[東]池上昌弘,587008,大城敬三,,,,,,,,,,,,"(*11,13)(2,10)(8,16)-12(14,3)-15-(5,6)7(4,1)9",16,1,10.5,False,"11(2,13,10)(8,16)(12,3)(14,15)(5,6)-4,1,7=9",16,1,12.5,False,-11,7月の2回開催以来の開幕週で、速い時計の出るコンディション。
201603030109,9,3歳以上500万下,ダ,1150,晴,良,14:15,2016-11-05,福島,1,8,12,2012101675,グランデサムライ,牡4,57,01095,吉田隼人,1:09.3,,1-1,37.4,4.0,2,466(0),01101,[西]吉田直弘,910800,グランデオーナーズ,700.0,,,,,,,,,,,"(2,*12)(6,7)(1,5,11)(9,8,13)10(3,4)",1,2,0.0,True,"12(2,6,7)11(1,5)(9,8,13,4)(3,10)",1,1,0.0,False,3,
201603030109,9,3歳以上500万下,ダ,1150,晴,良,14:15,2016-11-05,福島,2,4,5,2012100662,ワキノハガクレ,牡4,57,01128,川須栄彦,1:09.3,クビ,5-6,36.9,3.8,1,424(-2),01149,[西]松下武士,135007,脇山良之,280.0,,,,,,,,,,,"(2,*12)(6,7)(1,5,11)(9,8,13)10(3,4)",5,3,0.0,False,"12(2,6,7)11(1,5)(9,8,13,4)(3,10)",6,2,0.0,False,3,
201603030109,9,3歳以上500万下,ダ,1150,晴,良,14:15,2016-11-05,福島,3,4,4,2011102537,アーネストミノル,牡5,57,01038,中谷雄太,1:09.4,3/4,12-8,36.6,33.8,11,446(+2),01078,[西]北出成人,265008,吉岡實,180.0,,,,,,,,,,,"(2,*12)(6,7)(1,5,11)(9,8,13)10(3,4)",12,2,0.0,False,"12(2,6,7)11(1,5)(9,8,13,4)(3,10)",8,4,0.0,False,3,
201603030109,9,3歳以上500万下,ダ,1150,晴,良,14:15,2016-11-05,福島,4,7,10,2013103416,ビバラビダ,牝3,53,01142,長岡禎仁,1:09.4,アタマ,11-12,36.7,16.7,7,466(-4),01043,[東]石栗龍彦,129005,桐谷茂,110.0,,,,,,,,,,,"(2,*12)(6,7)(1,5,11)(9,8,13)10(3,4)",11,1,0.0,False,"12(2,6,7)11(1,5)(9,8,13,4)(3,10)",12,2,0.0,False,3,
201603030109,9,3歳以上500万下,ダ,1150,晴,良,14:15,2016-11-05,福島,5,6,8,2012105194,サンマルメジャール,牝4,52,01165,森裕太朗,1:09.5,クビ,8-8,36.9,16.8,8,458(-2),00388,[西]山内研二,580007,相馬勇,70.0,,,,,,,,,,,"(2,*12)(6,7)(1,5,11)(9,8,13)10(3,4)",8,3,0.0,False,"12(2,6,7)11(1,5)(9,8,13,4)(3,10)",8,4,0.0,False,3,
201603030109,9,3歳以上500万下,ダ,1150,晴,良,14:15,2016-11-05,福島,6,7,11,2012100815,サンライズシーズン,牡4,56,01146,岩崎翼,1:09.5,クビ,5-5,37.2,13.1,5,462(+4),01113,[西]牧浦充徳,306008,松岡隆雄,,,,,,,,,,,,"(2,*12)(6,7)(1,5,11)(9,8,13)10(3,4)",5,3,0.0,False,"12(2,6,7)11(1,5)(9,8,13,4)(3,10)",5,1,0.0,False,3,
201603030109,9,3歳以上500万下,ダ,1150,晴,良,14:15,2016-11-05,福島,7,5,7,2013101602,ロマンコスモ,セ3,56,01144,菱田裕二,1:09.9,2.1/2,3-2,37.7,12.8,4,510(+2),01093,[東]松永康利,313033,菅實,,,,,,,,,,,,"(2,*12)(6,7)(1,5,11)(9,8,13)10(3,4)",3,2,0.0,False,"12(2,6,7)11(1,5)(9,8,13,4)(3,10)",2,3,0.0,False,3,
201603030109,9,3歳以上500万下,ダ,1150,晴,良,14:15,2016-11-05,福島,8,3,3,2012100798,シャンパンサーベル,牝4,53,01153,木幡初也,1:09.9,アタマ,12-12,37.1,14.5,6,464(+10),01035,[東]佐藤吉勝,855030,田頭勇貴,,,,,,,,,,,,"(2,*12)(6,7)(1,5,11)(9,8,13)10(3,4)",12,2,0.0,False,"12(2,6,7)11(1,5)(9,8,13,4)(3,10)",12,2,0.0,False,3,
201603030109,9,3歳以上500万下,ダ,1150,晴,良,14:15,2016-11-05,福島,9,8,13,2013102476,キョウエイスコール,牡3,56,01140,横山和生,1:10.1,1.1/4,8-8,37.6,17.2,9,484(0),01047,[東]勢司和浩,619002,田中晴夫,,,,,,,,,,,,"(2,*12)(6,7)(1,5,11)(9,8,13)10(3,4)",8,3,0.0,False,"12(2,6,7)11(1,5)(9,8,13,4)(3,10)",8,4,0.0,False,3,
201603030109,9,3歳以上500万下,ダ,1150,晴,良,14:15,2016-11-05,福島,10,6,9,2013105004,ハネト,牝3,54,01109,黛弘人,1:10.4,2,8-8,37.8,85.9,13,454(-4),01007,[東]柴田政人,485002,矢野和雅,,,,,,,,,,,,"(2,*12)(6,7)(1,5,11)(9,8,13)10(3,4)",8,3,0.0,False,"12(2,6,7)11(1,5)(9,8,13,4)(3,10)",8,4,0.0,False,3,
201603030109,9,3歳以上500万下,ダ,1150,晴,良,14:15,2016-11-05,福島,11,1,1,2013104632,ラブターボ,牝3,54,01077,石橋脩,1:11.0,3.1/2,5-6,38.7,4.3,3,430(+8),01152,[東]竹内正洋,855030,田頭勇貴,,,,,,,,,,,,"(2,*12)(6,7)(1,5,11)(9,8,13)10(3,4)",5,3,0.0,False,"12(2,6,7)11(1,5)(9,8,13,4)(3,10)",6,2,0.0,False,3,
201603030109,9,3歳以上500万下,ダ,1150,晴,良,14:15,2016-11-05,福島,12,5,6,2012105900,トリアンドルス,牝4,55,01091,丹内祐次,1:11.6,3.1/2,3-2,39.4,64.1,12,480(+8),00392,[東]古賀史生,013803,ディアレストクラブ,,,,,,,,,,,,"(2,*12)(6,7)(1,5,11)(9,8,13)10(3,4)",3,2,0.0,False,"12(2,6,7)11(1,5)(9,8,13,4)(3,10)",2,3,0.0,False,3,
201603030109,9,3歳以上500万下,ダ,1150,晴,良,14:15,2016-11-05,福島,13,2,2,2013101545,メープルパール,牝3,52,01151,井上敏樹,1:11.9,2,2-2,40.0,18.1,10,422(-10),01114,[東]和田正一,911800,スピードファーム,,,,,,,,,,,,"(2,*12)(6,7)(1,5,11)(9,8,13)10(3,4)",2,2,0.0,False,"12(2,6,7)11(1,5)(9,8,13,4)(3,10)",2,3,0.0,False,3,
201603030110,10,磐梯山特別(1勝),芝,2600,晴,良,14:50,2016-11-05,福島,1,3,4,2012102746,プレイヤーハウス,牡4,57,01144,菱田裕二,2:39.9,,12-11-8-5,35.3,7.5,4,452(-2),01124,[東]大和田成,399009,嶋田賢,985.7,"9-1-7(3,10,14)(2,5)13(6,8)4,11,12",12,1,7.0,False,"9(1,10)(7,14)(3,5)(2,6,13)(4,8)11,12",11,2,0.0,False,"(*9,1)(10,14)(3,7)6(4,2,8)11,13,12-5",8,3,0.0,False,"9(3,10,14)(4,7,6,8)(12,2,11)1,13=5",5,4,0.0,False,-11,7月の2回開催以来の開幕週で、速い時計の出るコンディション。
201603030110,10,磐梯山特別(1勝),芝,2600,晴,良,14:50,2016-11-05,福島,2,7,11,2012102024,マコトギンスバーグ,牡4,57,01135,杉原誠人,2:40.1,1.1/4,13-13-11-9,35.3,6.6,2,472(0),00349,[東]尾形充弘,864800,ディアマント,390.2,"9-1-7(3,10,14)(2,5)13(6,8)4,11,12",13,1,8.5,False,"9(1,10)(7,14)(3,5)(2,6,13)(4,8)11,12",13,1,0.0,False,"(*9,1)(10,14)(3,7)6(4,2,8)11,13,12-5",11,1,0.0,False,"9(3,10,14)(4,7,6,8)(12,2,11)1,13=5",9,3,0.0,False,-11,7月の2回開催以来の開幕週で、速い時計の出るコンディション。
201603030110,10,磐梯山特別(1勝),芝,2600,晴,良,14:50,2016-11-05,福島,3,5,7,2012104801,チャリシー,牝4,55,01092,津村明秀,2:40.1,クビ,3-4-5-5,35.8,25.1,9,510(+10),00405,[東]小西一男,790005,吉田勝己,245.1,"9-1-7(3,10,14)(2,5)13(6,8)4,11,12",3,1,7.0,False,"9(1,10)(7,14)(3,5)(2,6,13)(4,8)11,12",4,2,0.0,False,"(*9,1)(10,14)(3,7)6(4,2,8)11,13,12-5",5,2,0.0,False,"9(3,10,14)(4,7,6,8)(12,2,11)1,13=5",5,4,0.0,False,-11,7月の2回開催以来の開幕週で、速い時計の出るコンディション。
201603030110,10,磐梯山特別(1勝),芝,2600,晴,良,14:50,2016-11-05,福島,4,7,12,2013103085,バンダムザブラッド,牡3,55,01117,丸田恭介,2:40.8,4,14-14-13-9,35.7,12.0,6,466(0),01102,[東]大竹正博,309008,山科統,140.0,"9-1-7(3,10,14)(2,5)13(6,8)4,11,12",14,1,10.0,False,"9(1,10)(7,14)(3,5)(2,6,13)(4,8)11,12",14,1,1.5,False,"(*9,1)(10,14)(3,7)6(4,2,8)11,13,12-5",13,1,3.0,False,"9(3,10,14)(4,7,6,8)(12,2,11)1,13=5",9,3,0.0,False,-11,7月の2回開催以来の開幕週で、速い時計の出るコンディション。
201603030110,10,磐梯山特別(1勝),芝,2600,晴,良,14:50,2016-11-05,福島,5,5,8,2013103160,ハギノカエラ,牝3,53,01157,鮫島克駿,2:40.8,アタマ,10-11-8-5,36.2,42.0,11,414(-6),01046,[西]鮫島一歩,631006,安岡美津子,95.0,"9-1-7(3,10,14)(2,5)13(6,8)4,11,12",10,2,7.0,False,"9(1,10)(7,14)(3,5)(2,6,13)(4,8)11,12",11,2,0.0,False,"(*9,1)(10,14)(3,7)6(4,2,8)11,13,12-5",8,3,0.0,False,"9(3,10,14)(4,7,6,8)(12,2,11)1,13=5",5,4,0.0,False,-11,7月の2回開催以来の開幕週で、速い時計の出るコンディション。
201603030110,10,磐梯山特別(1勝),芝,2600,晴,良,14:50,2016-11-05,福島,6,8,14,2013106177,ミッキーシャンティ,牡3,55,01077,石橋脩,2:40.9,クビ,4-4-3-2,36.7,2.4,1,466(+8),01117,[西]高野友和,441007,野田みづき,,"9-1-7(3,10,14)(2,5)13(6,8)4,11,12",4,3,7.0,False,"9(1,10)(7,14)(3,5)(2,6,13)(4,8)11,12",4,2,0.0,False,"(*9,1)(10,14)(3,7)6(4,2,8)11,13,12-5",3,2,0.0,False,"9(3,10,14)(4,7,6,8)(12,2,11)1,13=5",2,3,0.0,False,-11,7月の2回開催以来の開幕週で、速い時計の出るコンディション。
201603030110,10,磐梯山特別(1勝),芝,2600,晴,良,14:50,2016-11-05,福島,7,3,3,2013104780,フォーラウェイ,牡3,55,01038,中谷雄太,2:41.0,1/2,4-6-5-2,36.7,39.4,10,444(+2),01078,[西]北出成人,616800,フジワラ・ファーム,,"9-1-7(3,10,14)(2,5)13(6,8)4,11,12",4,3,7.0,False,"9(1,10)(7,14)(3,5)(2,6,13)(4,8)11,12",6,2,0.0,False,"(*9,1)(10,14)(3,7)6(4,2,8)11,13,12-5",5,2,0.0,False,"9(3,10,14)(4,7,6,8)(12,2,11)1,13=5",2,3,0.0,False,-11,7月の2回開催以来の開幕週で、速い時計の出るコンディション。
201603030110,10,磐梯山特別(1勝),芝,2600,晴,良,14:50,2016-11-05,福島,8,6,10,2013101949,クードヴァン,牝3,53,01153,木幡初也,2:41.0,アタマ,4-2-3-2,36.9,11.4,5,466(-2),01097,[東]鹿戸雄一,546800,サラブレッドクラブ・...,,"9-1-7(3,10,14)(2,5)13(6,8)4,11,12",4,3,7.0,False,"9(1,10)(7,14)(3,5)(2,6,13)(4,8)11,12",2,2,0.0,False,"(*9,1)(10,14)(3,7)6(4,2,8)11,13,12-5",3,2,0.0,False,"9(3,10,14)(4,7,6,8)(12,2,11)1,13=5",2,3,0.0,False,-11,7月の2回開催以来の開幕週で、速い時計の出るコンディション。
201603030110,10,磐梯山特別(1勝),芝,2600,晴,良,14:50,2016-11-05,福島,9,4,6,2013104841,キングサンデー,セ3,55,01143,原田和真,2:41.2,1.1/4,10-8-7-5,36.8,70.5,12,460(+10),00402,[東]谷原義明,190033,戸部政彦,,"9-1-7(3,10,14)(2,5)13(6,8)4,11,12",10,2,7.0,False,"9(1,10)(7,14)(3,5)(2,6,13)(4,8)11,12",8,3,0.0,False,"(*9,1)(10,14)(3,7)6(4,2,8)11,13,12-5",7,1,0.0,False,"9(3,10,14)(4,7,6,8)(12,2,11)1,13=5",5,4,0.0,False,-11,7月の2回開催以来の開幕週で、速い時計の出るコンディション。
201603030110,10,磐梯山特別(1勝),芝,2600,晴,良,14:50,2016-11-05,福島,10,2,2,2012102939,ナンヨーテンプル,牡4,57,01109,黛弘人,2:41.2,クビ,7-8-8-9,36.6,17.8,8,476(-6),01074,[東]奥平雅士,512031,中村徳也,,"9-1-7(3,10,14)(2,5)13(6,8)4,11,12",7,2,7.0,False,"9(1,10)(7,14)(3,5)(2,6,13)(4,8)11,12",8,3,0.0,False,"(*9,1)(10,14)(3,7)6(4,2,8)11,13,12-5",8,3,0.0,False,"9(3,10,14)(4,7,6,8)(12,2,11)1,13=5",9,3,0.0,False,-11,7月の2回開催以来の開幕週で、速い時計の出るコンディション。
201603030110,10,磐梯山特別(1勝),芝,2600,晴,良,14:50,2016-11-05,福島,11,8,13,2013100083,セシルクラウン,牡3,55,01095,吉田隼人,2:41.6,2.1/2,9-8-12-13,36.7,12.1,7,484(+6),01126,[東]木村哲也,270006,島川隆哉,,"9-1-7(3,10,14)(2,5)13(6,8)4,11,12",9,1,7.0,False,"9(1,10)(7,14)(3,5)(2,6,13)(4,8)11,12",8,3,0.0,False,"(*9,1)(10,14)(3,7)6(4,2,8)11,13,12-5",12,1,1.5,False,"9(3,10,14)(4,7,6,8)(12,2,11)1,13=5",13,1,1.5,False,-11,7月の2回開催以来の開幕週で、速い時計の出るコンディション。
201603030110,10,磐梯山特別(1勝),芝,2600,晴,良,14:50,2016-11-05,福島,12,6,9,2013104472,チョンマゲ,牡3,55,01140,横山和生,2:41.8,1.1/4,1-1-1-1,37.8,117.7,13,452(+4),01074,[東]奥平雅士,149033,内田玄祥,,"9-1-7(3,10,14)(2,5)13(6,8)4,11,12",1,1,0.0,False,"9(1,10)(7,14)(3,5)(2,6,13)(4,8)11,12",1,1,0.0,False,"(*9,1)(10,14)(3,7)6(4,2,8)11,13,12-5",1,2,0.0,True,"9(3,10,14)(4,7,6,8)(12,2,11)1,13=5",1,1,0.0,False,-11,7月の2回開催以来の開幕週で、速い時計の出るコンディション。
201603030110,10,磐梯山特別(1勝),芝,2600,晴,良,14:50,2016-11-05,福島,13,1,1,2013110021,キングライオン,牡3,55,01128,川須栄彦,2:43.7,大,2-2-2-12,39.7,7.4,3,486(-6),01075,[西]矢作芳人,542800,ライオンレースホース,,"9-1-7(3,10,14)(2,5)13(6,8)4,11,12",2,1,3.5,False,"9(1,10)(7,14)(3,5)(2,6,13)(4,8)11,12",2,2,0.0,False,"(*9,1)(10,14)(3,7)6(4,2,8)11,13,12-5",2,2,0.0,False,"9(3,10,14)(4,7,6,8)(12,2,11)1,13=5",12,1,0.0,False,-11,7月の2回開催以来の開幕週で、速い時計の出るコンディション。
201603030110,10,磐梯山特別(1勝),芝,2600,晴,良,14:50,2016-11-05,福島,14,4,5,2013100388,カゲムシャ,牡3,55,01149,伴啓太,2:45.6,大,7-6-14-14,40.1,205.1,14,440(0),01030,[東]星野忍,149033,内田玄祥,,"9-1-7(3,10,14)(2,5)13(6,8)4,11,12",7,2,7.0,False,"9(1,10)(7,14)(3,5)(2,6,13)(4,8)11,12",6,2,0.0,False,"(*9,1)(10,14)(3,7)6(4,2,8)11,13,12-5",14,1,6.5,False,"9(3,10,14)(4,7,6,8)(12,2,11)1,13=5",14,1,7.5,False,-11,7月の2回開催以来の開幕週で、速い時計の出るコンディション。
201603030111,11,河北新報杯(2勝),芝,1200,晴,良,15:25,2016-11-05,福島,1,6,11,2013101315,キングハート,牡3,56,01038,中谷雄太,1:08.2,,6-4,34.6,5.8,3,480(+6),01030,[東]星野忍,291002,増田陽一,"1,442.7",,,,,,,,,,,"(*1,9)12(2,16)11,6(5,14)4(10,8)13,7,3   15",6,1,0.0,False,"(*1,9)12(2,11,16)(6,5,14)(4,10,8)13(7,3)   15",4,3,0.0,False,-11,7月の2回開催以来の開幕週で、速い時計の出るコンディション。
201603030111,11,河北新報杯(2勝),芝,1200,晴,良,15:25,2016-11-05,福島,2,7,13,2011105069,ヤマニンマルキーザ,牡5,57,01117,丸田恭介,1:08.2,アタマ,13-13,33.9,21.2,8,458(+2),01127,[東]栗田徹,329004,土井肇,572.2,,,,,,,,,,,"(*1,9)12(2,16)11,6(5,14)4(10,8)13,7,3   15",13,1,1.5,False,"(*1,9)12(2,11,16)(6,5,14)(4,10,8)13(7,3)   15",13,1,0.0,False,-11,7月の2回開催以来の開幕週で、速い時計の出るコンディション。
201603030111,11,河北新報杯(2勝),芝,1200,晴,良,15:25,2016-11-05,福島,3,5,10,2012102017,アレスバローズ,牡4,57,01144,菱田裕二,1:08.2,アタマ,11-10,34.1,4.9,2,488(+4),01121,[西]角田晃一,859007,猪熊広次,356.1,,,,,,,,,,,"(*1,9)12(2,16)11,6(5,14)4(10,8)13,7,3   15",11,2,1.5,False,"(*1,9)12(2,11,16)(6,5,14)(4,10,8)13(7,3)   15",10,3,0.0,False,-11,7月の2回開催以来の開幕週で、速い時計の出るコンディション。
201603030111,11,河北新報杯(2勝),芝,1200,晴,良,15:25,2016-11-05,福島,4,5,9,2012103033,ハッピーノリチャン,牝4,54,01149,伴啓太,1:08.2,クビ,2-2,35.0,2.8,1,444(-4),01133,[東]黒岩陽一,016033,足立範子,210.0,,,,,,,,,,,"(*1,9)12(2,16)11,6(5,14)4(10,8)13,7,3   15",2,2,0.0,False,"(*1,9)12(2,11,16)(6,5,14)(4,10,8)13(7,3)   15",2,2,0.0,False,-11,7月の2回開催以来の開幕週で、速い時計の出るコンディション。
201603030111,11,河北新報杯(2勝),芝,1200,晴,良,15:25,2016-11-05,福島,5,4,8,2012102808,イキオイ,牡4,54,01091,丹内祐次,1:08.4,1.1/4,11-10,34.3,110.0,13,444(+2),01008,[東]杉浦宏昭,537006,西村憲人,140.0,,,,,,,,,,,"(*1,9)12(2,16)11,6(5,14)4(10,8)13,7,3   15",11,2,1.5,False,"(*1,9)12(2,11,16)(6,5,14)(4,10,8)13(7,3)   15",10,3,0.0,False,-11,7月の2回開催以来の開幕週で、速い時計の出るコンディション。
201603030111,11,河北新報杯(2勝),芝,1200,晴,良,15:25,2016-11-05,福島,6,3,5,2012104122,ナイトフォックス,牡4,56,01119,伊藤工真,1:08.5,クビ,8-7,34.7,10.5,5,470(+2),01102,[東]大竹正博,812008,石瀬浩三,,,,,,,,,,,,"(*1,9)12(2,16)11,6(5,14)4(10,8)13,7,3   15",8,2,1.5,False,"(*1,9)12(2,11,16)(6,5,14)(4,10,8)13(7,3)   15",7,3,0.0,False,-11,7月の2回開催以来の開幕週で、速い時計の出るコンディション。
201603030111,11,河北新報杯(2勝),芝,1200,晴,良,15:25,2016-11-05,福島,7,2,4,2012103720,トーホウハニー,牝4,52,01135,杉原誠人,1:08.5,クビ,10-10,34.5,11.7,6,438(0),00408,[東]田中清隆,965800,東豊物産,,,,,,,,,,,,"(*1,9)12(2,16)11,6(5,14)4(10,8)13,7,3   15",10,1,1.5,False,"(*1,9)12(2,11,16)(6,5,14)(4,10,8)13(7,3)   15",10,3,0.0,False,-11,7月の2回開催以来の開幕週で、速い時計の出るコンディション。
201603030111,11,河北新報杯(2勝),芝,1200,晴,良,15:25,2016-11-05,福島,8,6,12,2012101355,スペチアーレ,牝4,53,01128,川須栄彦,1:08.6,クビ,3-3,35.3,8.8,4,484(+6),01108,[東]矢野英一,015008,青山洋一,,,,,,,,,,,,"(*1,9)12(2,16)11,6(5,14)4(10,8)13,7,3   15",3,1,0.0,False,"(*1,9)12(2,11,16)(6,5,14)(4,10,8)13(7,3)   15",3,1,0.0,False,-11,7月の2回開催以来の開幕週で、速い時計の出るコンディション。
201603030111,11,河北新報杯(2勝),芝,1200,晴,良,15:25,2016-11-05,福島,9,1,2,2012102832,トロピカルガーデン,牝4,53,01092,津村明秀,1:08.6,アタマ,4-4,35.1,20.8,7,486(+6),01064,[東]武藤善則,855030,田頭勇貴,,,,,,,,,,,,"(*1,9)12(2,16)11,6(5,14)4(10,8)13,7,3   15",4,2,0.0,False,"(*1,9)12(2,11,16)(6,5,14)(4,10,8)13(7,3)   15",4,3,0.0,False,-11,7月の2回開催以来の開幕週で、速い時計の出るコンディション。
201603030111,11,河北新報杯(2勝),芝,1200,晴,良,15:25,2016-11-05,福島,10,4,7,2009104888,レヴァンタール,セ7,52,01118,宮崎北斗,1:08.8,3/4,14-14,34.3,168.1,15,454(+6),01131,[東]蛯名利弘,851009,岡田牧雄,,,,,,,,,,,,"(*1,9)12(2,16)11,6(5,14)4(10,8)13,7,3   15",14,1,3.0,False,"(*1,9)12(2,11,16)(6,5,14)(4,10,8)13(7,3)   15",14,2,0.0,False,-11,7月の2回開催以来の開幕週で、速い時計の出るコンディション。
201603030111,11,河北新報杯(2勝),芝,1200,晴,良,15:25,2016-11-05,福島,11,2,3,2010102202,ゼンノコリオリ,牡6,54,01157,鮫島克駿,1:08.9,1/2,15-14,34.3,42.0,12,464(0),01136,[西]高橋亮,052803,大迫久美子,,,,,,,,,,,,"(*1,9)12(2,16)11,6(5,14)4(10,8)13,7,3   15",15,1,4.5,False,"(*1,9)12(2,11,16)(6,5,14)(4,10,8)13(7,3)   15",14,2,0.0,False,-11,7月の2回開催以来の開幕週で、速い時計の出るコンディション。
201603030111,11,河北新報杯(2勝),芝,1200,晴,良,15:25,2016-11-05,福島,12,3,6,2011104092,プラチナブロンド,牝5,53,01142,長岡禎仁,1:09.1,1.1/2,7-7,35.4,30.9,10,442(+12),01102,[東]大竹正博,486800,キャロットファーム,,,,,,,,,,,,"(*1,9)12(2,16)11,6(5,14)4(10,8)13,7,3   15",7,1,1.5,False,"(*1,9)12(2,11,16)(6,5,14)(4,10,8)13(7,3)   15",7,3,0.0,False,-11,7月の2回開催以来の開幕週で、速い時計の出るコンディション。
201603030111,11,河北新報杯(2勝),芝,1200,晴,良,15:25,2016-11-05,福島,13,1,1,2012101015,セレッソブランコ,牝4,52,01156,加藤祥太,1:09.2,1/2,1-1,36.0,33.4,11,474(-2),01146,[西]奥村豊,372008,三宅勝俊,,,,,,,,,,,,"(*1,9)12(2,16)11,6(5,14)4(10,8)13,7,3   15",1,2,0.0,True,"(*1,9)12(2,11,16)(6,5,14)(4,10,8)13(7,3)   15",1,2,0.0,True,-11,7月の2回開催以来の開幕週で、速い時計の出るコンディション。
201603030111,11,河北新報杯(2勝),芝,1200,晴,良,15:25,2016-11-05,福島,14,8,16,2012102404,エリーティアラ,牝4,54,01095,吉田隼人,1:09.2,アタマ,4-4,35.7,29.2,9,466(-2),01089,[東]武市康男,012033,谷川正純,,,,,,,,,,,,"(*1,9)12(2,16)11,6(5,14)4(10,8)13,7,3   15",4,2,0.0,False,"(*1,9)12(2,11,16)(6,5,14)(4,10,8)13(7,3)   15",4,3,0.0,False,-11,7月の2回開催以来の開幕週で、速い時計の出るコンディション。
201603030111,11,河北新報杯(2勝),芝,1200,晴,良,15:25,2016-11-05,福島,15,7,14,2011106326,マンハッタンヘンジ,牡5,54,01004,西田雄一,1:09.3,クビ,8-7,35.5,159.6,14,510(+4),01007,[東]柴田政人,446006,加藤厚子,,,,,,,,,,,,"(*1,9)12(2,16)11,6(5,14)4(10,8)13,7,3   15",8,2,1.5,False,"(*1,9)12(2,11,16)(6,5,14)(4,10,8)13(7,3)   15",7,3,0.0,False,-11,7月の2回開催以来の開幕週で、速い時計の出るコンディション。
201603030111,11,河北新報杯(2勝),芝,1200,晴,良,15:25,2016-11-05,福島,除,8,15,2013102594,フレンチイデアル,牡3,54,01077,石橋脩,,,,,---,,498(-2),01109,[東]伊藤大士,053803,杉山忠国,,,,,,,,,,,,"(*1,9)12(2,16)11,6(5,14)4(10,8)13,7,3   15",16,1,10.5,False,"(*1,9)12(2,11,16)(6,5,14)(4,10,8)13(7,3)   15",16,1,6.0,False,-11,7月の2回開催以来の開幕週で、速い時計の出るコンディション。
201603030112,12,西郷特別(1勝),芝,1800,晴,良,16:01,2016-11-05,福島,1,4,7,2012100055,ハッピームーン,牡4,57,01117,丸田恭介,1:47.6,,11-11-10-8,34.3,7.8,4,452(-4),01020,[東]相沢郁,812008,石瀬浩三,996.2,"9(11,13)(14,15)(5,12)16(1,8)(7,10)(2,3)6-4",11,2,0.0,False,"9-11,13(14,15)(5,12)(1,16)8-(7,10)(2,3)6,4",11,2,8.5,False,"9,11(13,15)-14(5,12)1,16(7,8)(2,10,3)(4,6)",10,2,6.5,False,"(*9,11)13,15(14,5)1(7,12)(16,8)(2,10)(4,6,3)",8,2,1.5,False,-11,7月の2回開催以来の開幕週で、速い時計の出るコンディション。
201603030112,12,西郷特別(1勝),芝,1800,晴,良,16:01,2016-11-05,福島,2,6,11,2013110037,ミスドバウィ,牝3,53,01077,石橋脩,1:47.8,1.1/2,2-2-2-2,35.8,6.1,3,484(+2),01086,[東]斎藤誠,675030,林正道,393.2,"9(11,13)(14,15)(5,12)16(1,8)(7,10)(2,3)6-4",2,2,0.0,False,"9-11,13(14,15)(5,12)(1,16)8-(7,10)(2,3)6,4",2,1,3.5,False,"9,11(13,15)-14(5,12)1,16(7,8)(2,10,3)(4,6)",2,1,1.5,False,"(*9,11)13,15(14,5)1(7,12)(16,8)(2,10)(4,6,3)",2,2,0.0,False,-11,7月の2回開催以来の開幕週で、速い時計の出るコンディション。
201603030112,12,西郷特別(1勝),芝,1800,晴,良,16:01,2016-11-05,福島,3,5,9,2011101877,ラブコール,牝5,55,01146,岩崎翼,1:47.8,ハナ,1-1-1-1,36.0,33.7,10,464(-4),00395,[西]長浜博之,078006,畑佐博,246.6,"9(11,13)(14,15)(5,12)16(1,8)(7,10)(2,3)6-4",1,1,0.0,False,"9-11,13(14,15)(5,12)(1,16)8-(7,10)(2,3)6,4",1,1,0.0,False,"9,11(13,15)-14(5,12)1,16(7,8)(2,10,3)(4,6)",1,1,0.0,False,"(*9,11)13,15(14,5)1(7,12)(16,8)(2,10)(4,6,3)",1,2,0.0,True,-11,7月の2回開催以来の開幕週で、速い時計の出るコンディション。
201603030112,12,西郷特別(1勝),芝,1800,晴,良,16:01,2016-11-05,福島,4,1,1,2011105186,マイネヴァリエンテ,牝5,55,01091,丹内祐次,1:47.9,3/4,9-8-8-7,35.0,16.8,9,458(-8),01094,[東]水野貴広,546800,サラブレッドクラブ・...,140.0,"9(11,13)(14,15)(5,12)16(1,8)(7,10)(2,3)6-4",9,2,0.0,False,"9-11,13(14,15)(5,12)(1,16)8-(7,10)(2,3)6,4",8,2,5.0,False,"9,11(13,15)-14(5,12)1,16(7,8)(2,10,3)(4,6)",8,1,5.0,False,"(*9,11)13,15(14,5)1(7,12)(16,8)(2,10)(4,6,3)",7,1,1.5,False,-11,7月の2回開催以来の開幕週で、速い時計の出るコンディション。
201603030112,12,西郷特別(1勝),芝,1800,晴,良,16:01,2016-11-05,福島,5,5,10,2013100603,アイスコールド,牝3,53,01092,津村明秀,1:48.0,1/2,11-11-12-12,34.6,4.4,2,466(+2),01038,[東]手塚貴久,003060,Ｈ．Ｈ．シェイク・モ...,95.0,"9(11,13)(14,15)(5,12)16(1,8)(7,10)(2,3)6-4",11,2,0.0,False,"9-11,13(14,15)(5,12)(1,16)8-(7,10)(2,3)6,4",11,2,8.5,False,"9,11(13,15)-14(5,12)1,16(7,8)(2,10,3)(4,6)",12,3,6.5,False,"(*9,11)13,15(14,5)1(7,12)(16,8)(2,10)(4,6,3)",12,2,1.5,False,-11,7月の2回開催以来の開幕週で、速い時計の出るコンディション。
201603030112,12,西郷特別(1勝),芝,1800,晴,良,16:01,2016-11-05,福島,6,2,4,2013105959,ストライクショット,牝3,53,01144,菱田裕二,1:48.1,1/2,16-16-15-14,34.3,47.6,11,496(0),01059,[東]加藤征弘,818800,イージス,,"9(11,13)(14,15)(5,12)16(1,8)(7,10)(2,3)6-4",16,1,3.5,False,"9-11,13(14,15)(5,12)(1,16)8-(7,10)(2,3)6,4",16,1,10.0,False,"9,11(13,15)-14(5,12)1,16(7,8)(2,10,3)(4,6)",15,2,6.5,False,"(*9,11)13,15(14,5)1(7,12)(16,8)(2,10)(4,6,3)",14,3,1.5,False,-11,7月の2回開催以来の開幕週で、速い時計の出るコンディション。
201603030112,12,西郷特別(1勝),芝,1800,晴,良,16:01,2016-11-05,福島,7,4,8,2010104111,トルストイ,牡6,57,01038,中谷雄太,1:48.1,アタマ,9-10-10-10,34.9,4.2,1,496(+2),01002,[西]音無秀孝,372006,近藤英子,,"9(11,13)(14,15)(5,12)16(1,8)(7,10)(2,3)6-4",9,2,0.0,False,"9-11,13(14,15)(5,12)(1,16)8-(7,10)(2,3)6,4",10,1,5.0,False,"9,11(13,15)-14(5,12)1,16(7,8)(2,10,3)(4,6)",10,2,6.5,False,"(*9,11)13,15(14,5)1(7,12)(16,8)(2,10)(4,6,3)",10,2,1.5,False,-11,7月の2回開催以来の開幕週で、速い時計の出るコンディション。
201603030112,12,西郷特別(1勝),芝,1800,晴,良,16:01,2016-11-05,福島,8,3,5,2013101965,オンザロックス,牡3,55,01109,黛弘人,1:48.2,3/4,6-6-6-5,35.4,12.4,7,468(0),00427,[西]森秀行,498033,稻井田安史,,"9(11,13)(14,15)(5,12)16(1,8)(7,10)(2,3)6-4",6,2,0.0,False,"9-11,13(14,15)(5,12)(1,16)8-(7,10)(2,3)6,4",6,2,5.0,False,"9,11(13,15)-14(5,12)1,16(7,8)(2,10,3)(4,6)",6,2,5.0,False,"(*9,11)13,15(14,5)1(7,12)(16,8)(2,10)(4,6,3)",5,2,1.5,False,-11,7月の2回開催以来の開幕週で、速い時計の出るコンディション。
201603030112,12,西郷特別(1勝),芝,1800,晴,良,16:01,2016-11-05,福島,9,7,13,2011101158,ブライティアスター,牝5,55,01095,吉田隼人,1:48.3,クビ,2-3-3-3,36.1,15.8,8,468(0),01052,[東]菊川正達,531006,小林昌志,,"9(11,13)(14,15)(5,12)16(1,8)(7,10)(2,3)6-4",2,2,0.0,False,"9-11,13(14,15)(5,12)(1,16)8-(7,10)(2,3)6,4",3,1,5.0,False,"9,11(13,15)-14(5,12)1,16(7,8)(2,10,3)(4,6)",3,2,1.5,False,"(*9,11)13,15(14,5)1(7,12)(16,8)(2,10)(4,6,3)",3,1,0.0,False,-11,7月の2回開催以来の開幕週で、速い時計の出るコンディション。
201603030112,12,西郷特別(1勝),芝,1800,晴,良,16:01,2016-11-05,福島,10,3,6,2008102492,ダブルイーグル,牡8,57,01157,鮫島克駿,1:48.4,1/2,15-15-15-14,34.6,88.2,14,472(-8),00434,[西]西橋豊治,793009,田邉康子,,"9(11,13)(14,15)(5,12)16(1,8)(7,10)(2,3)6-4",15,1,0.0,False,"9-11,13(14,15)(5,12)(1,16)8-(7,10)(2,3)6,4",15,1,8.5,False,"9,11(13,15)-14(5,12)1,16(7,8)(2,10,3)(4,6)",15,2,6.5,False,"(*9,11)13,15(14,5)1(7,12)(16,8)(2,10)(4,6,3)",14,3,1.5,False,-11,7月の2回開催以来の開幕週で、速い時計の出るコンディション。
201603030112,12,西郷特別(1勝),芝,1800,晴,良,16:01,2016-11-05,福島,11,1,2,2012104173,グランシャリオ,牡4,57,01128,川須栄彦,1:48.4,クビ,13-13-12-12,34.9,95.1,15,458(+4),01112,[東]田島俊明,338007,村野康司,,"9(11,13)(14,15)(5,12)16(1,8)(7,10)(2,3)6-4",13,2,0.0,False,"9-11,13(14,15)(5,12)(1,16)8-(7,10)(2,3)6,4",13,2,8.5,False,"9,11(13,15)-14(5,12)1,16(7,8)(2,10,3)(4,6)",12,3,6.5,False,"(*9,11)13,15(14,5)1(7,12)(16,8)(2,10)(4,6,3)",12,2,1.5,False,-11,7月の2回開催以来の開幕週で、速い時計の出るコンディション。
201603030112,12,西郷特別(1勝),芝,1800,晴,良,16:01,2016-11-05,福島,12,7,14,2012102159,コアレスフェーブル,牝4,55,01153,木幡初也,1:48.4,アタマ,4-4-5-5,35.8,178.9,16,432(+18),01147,[東]武井亮,531006,小林昌志,,"9(11,13)(14,15)(5,12)16(1,8)(7,10)(2,3)6-4",4,2,0.0,False,"9-11,13(14,15)(5,12)(1,16)8-(7,10)(2,3)6,4",4,2,5.0,False,"9,11(13,15)-14(5,12)1,16(7,8)(2,10,3)(4,6)",5,1,5.0,False,"(*9,11)13,15(14,5)1(7,12)(16,8)(2,10)(4,6,3)",5,2,1.5,False,-11,7月の2回開催以来の開幕週で、速い時計の出るコンディション。
201603030112,12,西郷特別(1勝),芝,1800,晴,良,16:01,2016-11-05,福島,13,8,15,2012102293,ロードグリッター,牡4,57,00652,熊沢重文,1:48.5,クビ,4-4-3-4,36.2,10.2,5,484(-4),01062,[西]藤岡健一,170800,ロードホースクラブ,,"9(11,13)(14,15)(5,12)16(1,8)(7,10)(2,3)6-4",4,2,0.0,False,"9-11,13(14,15)(5,12)(1,16)8-(7,10)(2,3)6,4",4,2,5.0,False,"9,11(13,15)-14(5,12)1,16(7,8)(2,10,3)(4,6)",3,2,1.5,False,"(*9,11)13,15(14,5)1(7,12)(16,8)(2,10)(4,6,3)",4,1,1.5,False,-11,7月の2回開催以来の開幕週で、速い時計の出るコンディション。
201603030112,12,西郷特別(1勝),芝,1800,晴,良,16:01,2016-11-05,福島,14,2,3,2010104563,ドリームリヴァール,セ6,57,01143,原田和真,1:49.2,4,13-13-12-14,35.7,86.1,13,460(+8),00390,[東]池上昌弘,542800,ライオンレースホース,,"9(11,13)(14,15)(5,12)16(1,8)(7,10)(2,3)6-4",13,2,0.0,False,"9-11,13(14,15)(5,12)(1,16)8-(7,10)(2,3)6,4",13,2,8.5,False,"9,11(13,15)-14(5,12)1,16(7,8)(2,10,3)(4,6)",12,3,6.5,False,"(*9,11)13,15(14,5)1(7,12)(16,8)(2,10)(4,6,3)",14,3,1.5,False,-11,7月の2回開催以来の開幕週で、速い時計の出るコンディション。
201603030112,12,西郷特別(1勝),芝,1800,晴,良,16:01,2016-11-05,福島,15,8,16,2012104709,ルールザユニバース,牝4,55,01135,杉原誠人,1:49.9,4,8-8-9-10,36.8,52.5,12,444(-10),01103,[東]尾関知人,226800,サンデーレーシング,,"9(11,13)(14,15)(5,12)16(1,8)(7,10)(2,3)6-4",8,1,0.0,False,"9-11,13(14,15)(5,12)(1,16)8-(7,10)(2,3)6,4",8,2,5.0,False,"9,11(13,15)-14(5,12)1,16(7,8)(2,10,3)(4,6)",9,1,6.5,False,"(*9,11)13,15(14,5)1(7,12)(16,8)(2,10)(4,6,3)",10,2,1.5,False,-11,7月の2回開催以来の開幕週で、速い時計の出るコンディション。
201603030112,12,西郷特別(1勝),芝,1800,晴,良,16:01,2016-11-05,福島,16,6,12,2011101385,マリーズケイ,牝5,55,01119,伊藤工真,1:49.9,ハナ,6-6-6-8,37.1,11.3,6,476(-8),01109,[東]伊藤大士,609009,冨沢敦子,,"9(11,13)(14,15)(5,12)16(1,8)(7,10)(2,3)6-4",6,2,0.0,False,"9-11,13(14,15)(5,12)(1,16)8-(7,10)(2,3)6,4",6,2,5.0,False,"9,11(13,15)-14(5,12)1,16(7,8)(2,10,3)(4,6)",6,2,5.0,False,"(*9,11)13,15(14,5)1(7,12)(16,8)(2,10)(4,6,3)",8,2,1.5,False,-11,7月の2回開催以来の開幕週で、速い時計の出るコンディション。
