race_id,race_number,race_name,surface,distance_m,weather,going,start_time,race_date,racecourse,finish_pos,waku,umaban,horse_id,horse_name,sex_age,kinryo,jockey_id,jockey_name,time,margin,passing_order,last_3f,odds_final,popularity,weight,trainer_id,trainer_name,owner_id,owner_name,prize,corner1_raw,corner1_rank,corner1_group_size,corner1_gap_len_est,corner1_is_leader,corner2_raw,corner2_rank,corner2_group_size,corner2_gap_len_est,corner2_is_leader,corner3_raw,corner3_rank,corner3_group_size,corner3_gap_len_est,corner3_is_leader,corner4_raw,corner4_rank,corner4_group_size,corner4_gap_len_est,corner4_is_leader,track_index,track_comment
201903020801,1,2歳未勝利,芝,1800,曇,稍重,10:10,2019-07-21,福島,1,4,6,2017105703,コスモインペリウム,牡2,54,01009,柴田大知,1:53.1,,4-3-2-1,36.1,3.9,2,496(+14),01143,[東]和田雄二,760008,岡田繁幸,500.0,"2(7,11)(6,9)12(1,10,14)(3,5,15)13,8-4",4,2,0.0,False,"(*2,7)6,11(1,9)3,10(5,12)(8,13,14)15,4",3,1,0.0,False,"2(6,7,11,9)(1,10)5,3(8,13,12)14(15,4)",2,4,0.0,False,"(*6,2)(8,11)(3,1,7,9,10)5(13,12)(15,14,4)",1,2,0.0,True,13,
201903020801,1,2歳未勝利,芝,1800,曇,稍重,10:10,2019-07-21,福島,2,6,11,2017103423,ソスピタ,牝2,52,01158,野中悠太,1:53.2,1/2,2-4-2-3,36.2,3.5,1,442(+18),01048,[東]畠山吉宏,716800,ビッグレッドファーム,200.0,"2(7,11)(6,9)12(1,10,14)(3,5,15)13,8-4",2,2,0.0,False,"(*2,7)6,11(1,9)3,10(5,12)(8,13,14)15,4",4,1,1.5,False,"2(6,7,11,9)(1,10)5,3(8,13,12)14(15,4)",2,4,0.0,False,"(*6,2)(8,11)(3,1,7,9,10)5(13,12)(15,14,4)",3,2,0.0,False,13,
201903020801,1,2歳未勝利,芝,1800,曇,稍重,10:10,2019-07-21,福島,3,1,1,2017102391,ロードオマージュ,牡2,54,01122,三浦皇成,1:53.4,1.1/4,7-5-6-5,36.2,4.8,3,472(+6),01141,[東]尾形和幸,170800,ロードホースクラブ,130.0,"2(7,11)(6,9)12(1,10,14)(3,5,15)13,8-4",7,3,0.0,False,"(*2,7)6,11(1,9)3,10(5,12)(8,13,14)15,4",5,2,1.5,False,"2(6,7,11,9)(1,10)5,3(8,13,12)14(15,4)",6,2,0.0,False,"(*6,2)(8,11)(3,1,7,9,10)5(13,12)(15,14,4)",5,5,0.0,False,13,
201903020801,1,2歳未勝利,芝,1800,曇,稍重,10:10,2019-07-21,福島,4,7,13,2017100324,マラジェッツ,牡2,54,05420,真島大輔,1:53.6,1.1/2,13-11-10-11,36.1,66.1,11,444(-2),00423,[東]上原博之,910006,伊達敏明,75.0,"2(7,11)(6,9)12(1,10,14)(3,5,15)13,8-4",13,1,0.0,False,"(*2,7)6,11(1,9)3,10(5,12)(8,13,14)15,4",11,3,3.0,False,"2(6,7,11,9)(1,10)5,3(8,13,12)14(15,4)",10,3,1.5,False,"(*6,2)(8,11)(3,1,7,9,10)5(13,12)(15,14,4)",11,2,0.0,False,13,
201903020801,1,2歳未勝利,芝,1800,曇,稍重,10:10,2019-07-21,福島,5,2,2,2017106260,ベルジルウェット,牝2,54,00689,江田照男,1:53.7,1/2,1-1-1-2,36.8,36.0,9,464(-4),01096,[東]粕谷昌央,547800,ヒダカ・ブリーダーズ...,50.0,"2(7,11)(6,9)12(1,10,14)(3,5,15)13,8-4",1,1,0.0,False,"(*2,7)6,11(1,9)3,10(5,12)(8,13,14)15,4",1,2,0.0,True,"2(6,7,11,9)(1,10)5,3(8,13,12)14(15,4)",1,1,0.0,False,"(*6,2)(8,11)(3,1,7,9,10)5(13,12)(15,14,4)",2,2,0.0,False,13,
201903020801,1,2歳未勝利,芝,1800,曇,稍重,10:10,2019-07-21,福島,6,5,8,2017103401,ドラゴンウォリアー,牡2,53,01162,木幡巧也,1:53.7,アタマ,14-11-10-3,36.2,128.0,12,490(0),01051,[東]岩戸孝樹,855030,田頭勇貴,,"2(7,11)(6,9)12(1,10,14)(3,5,15)13,8-4",14,1,1.5,False,"(*2,7)6,11(1,9)3,10(5,12)(8,13,14)15,4",11,3,3.0,False,"2(6,7,11,9)(1,10)5,3(8,13,12)14(15,4)",10,3,1.5,False,"(*6,2)(8,11)(3,1,7,9,10)5(13,12)(15,14,4)",3,2,0.0,False,13,
201903020801,1,2歳未勝利,芝,1800,曇,稍重,10:10,2019-07-21,福島,7,6,10,2017101946,バトーブラン,牝2,54,01092,津村明秀,1:53.8,3/4,7-8-6-5,36.6,26.2,6,430(+4),01080,[東]清水英克,546800,サラブレッドクラブ・...,,"2(7,11)(6,9)12(1,10,14)(3,5,15)13,8-4",7,3,0.0,False,"(*2,7)6,11(1,9)3,10(5,12)(8,13,14)15,4",8,1,3.0,False,"2(6,7,11,9)(1,10)5,3(8,13,12)14(15,4)",6,2,0.0,False,"(*6,2)(8,11)(3,1,7,9,10)5(13,12)(15,14,4)",5,5,0.0,False,13,
201903020801,1,2歳未勝利,芝,1800,曇,稍重,10:10,2019-07-21,福島,8,5,9,2017101908,リメインオブザデイ,牝2,51,01164,藤田菜七,1:53.9,3/4,4-5-2-5,36.8,11.7,5,398(+14),01112,[東]田島俊明,716800,ビッグレッドファーム,,"2(7,11)(6,9)12(1,10,14)(3,5,15)13,8-4",4,2,0.0,False,"(*2,7)6,11(1,9)3,10(5,12)(8,13,14)15,4",5,2,1.5,False,"2(6,7,11,9)(1,10)5,3(8,13,12)14(15,4)",2,4,0.0,False,"(*6,2)(8,11)(3,1,7,9,10)5(13,12)(15,14,4)",5,5,0.0,False,13,
201903020801,1,2歳未勝利,芝,1800,曇,稍重,10:10,2019-07-21,福島,9,3,4,2017100915,ロッソモラーレ,牡2,52,01167,木幡育也,1:54.0,クビ,15-15-14-13,35.8,186.6,13,446(-4),01074,[東]奥平雅士,030803,コスモヴューファーム,,"2(7,11)(6,9)12(1,10,14)(3,5,15)13,8-4",15,1,5.0,False,"(*2,7)6,11(1,9)3,10(5,12)(8,13,14)15,4",15,1,4.5,False,"2(6,7,11,9)(1,10)5,3(8,13,12)14(15,4)",14,2,1.5,False,"(*6,2)(8,11)(3,1,7,9,10)5(13,12)(15,14,4)",13,3,0.0,False,13,
201903020801,1,2歳未勝利,芝,1800,曇,稍重,10:10,2019-07-21,福島,10,7,12,2017101896,マイネルアストリア,牡2,54,00422,内田博幸,1:54.0,アタマ,6-9-10-11,36.4,28.1,7,476(+14),01089,[東]武市康男,546800,サラブレッドクラブ・...,,"2(7,11)(6,9)12(1,10,14)(3,5,15)13,8-4",6,1,0.0,False,"(*2,7)6,11(1,9)3,10(5,12)(8,13,14)15,4",9,2,3.0,False,"2(6,7,11,9)(1,10)5,3(8,13,12)14(15,4)",10,3,1.5,False,"(*6,2)(8,11)(3,1,7,9,10)5(13,12)(15,14,4)",11,2,0.0,False,13,
201903020801,1,2歳未勝利,芝,1800,曇,稍重,10:10,2019-07-21,福島,11,3,5,2017102107,ニシノコードブルー,牡2,54,00733,吉田豊,1:54.1,3/4,10-9-8-10,36.8,29.7,8,450(+4),01005,[東]小桧山悟,897009,西山茂行,,"2(7,11)(6,9)12(1,10,14)(3,5,15)13,8-4",10,3,0.0,False,"(*2,7)6,11(1,9)3,10(5,12)(8,13,14)15,4",9,2,3.0,False,"2(6,7,11,9)(1,10)5,3(8,13,12)14(15,4)",8,1,0.0,False,"(*6,2)(8,11)(3,1,7,9,10)5(13,12)(15,14,4)",10,1,0.0,False,13,
201903020801,1,2歳未勝利,芝,1800,曇,稍重,10:10,2019-07-21,福島,12,2,3,2017103044,タマサイ,牝2,54,01135,杉原誠人,1:54.2,クビ,10-7-9-5,36.8,54.2,10,434(-4),01103,[東]尾関知人,629800,ミルファーム,,"2(7,11)(6,9)12(1,10,14)(3,5,15)13,8-4",10,3,0.0,False,"(*2,7)6,11(1,9)3,10(5,12)(8,13,14)15,4",7,1,1.5,False,"2(6,7,11,9)(1,10)5,3(8,13,12)14(15,4)",9,1,1.5,False,"(*6,2)(8,11)(3,1,7,9,10)5(13,12)(15,14,4)",5,5,0.0,False,13,
201903020801,1,2歳未勝利,芝,1800,曇,稍重,10:10,2019-07-21,福島,13,8,14,2017101973,ノーブレスサンデー,牡2,54,01051,嘉藤貴行,1:54.8,3.1/2,7-11-13-13,37.0,278.2,15,428(+4),01080,[東]清水英克,629800,ミルファーム,,"2(7,11)(6,9)12(1,10,14)(3,5,15)13,8-4",7,3,0.0,False,"(*2,7)6,11(1,9)3,10(5,12)(8,13,14)15,4",11,3,3.0,False,"2(6,7,11,9)(1,10)5,3(8,13,12)14(15,4)",13,1,1.5,False,"(*6,2)(8,11)(3,1,7,9,10)5(13,12)(15,14,4)",13,3,0.0,False,13,
201903020801,1,2歳未勝利,芝,1800,曇,稍重,10:10,2019-07-21,福島,14,4,7,2017104377,トーセンコパン,牡2,53,01161,菊沢一樹,1:54.9,クビ,2-2-2-5,37.9,5.9,4,466(0),01115,[東]菊沢隆徳,270006,島川隆哉,,"2(7,11)(6,9)12(1,10,14)(3,5,15)13,8-4",2,2,0.0,False,"(*2,7)6,11(1,9)3,10(5,12)(8,13,14)15,4",2,2,0.0,False,"2(6,7,11,9)(1,10)5,3(8,13,12)14(15,4)",2,4,0.0,False,"(*6,2)(8,11)(3,1,7,9,10)5(13,12)(15,14,4)",5,5,0.0,False,13,
201903020801,1,2歳未勝利,芝,1800,曇,稍重,10:10,2019-07-21,福島,15,8,15,2017106261,ネガワンニダ,牡2,51,01173,山田敬士,1:56.0,7,10-14-14-13,37.9,249.2,14,400(-2),01056,[東]本間忍,629800,ミルファーム,,"2(7,11)(6,9)12(1,10,14)(3,5,15)13,8-4",10,3,0.0,False,"(*2,7)6,11(1,9)3,10(5,12)(8,13,14)15,4",14,1,3.0,False,"2(6,7,11,9)(1,10)5,3(8,13,12)14(15,4)",14,2,1.5,False,"(*6,2)(8,11)(3,1,7,9,10)5(13,12)(15,14,4)",13,3,0.0,False,13,
201903020802,2,2歳未勝利,芝,1200,曇,稍重,10:45,2019-07-21,福島,1,7,7,2017101658,ビブショウ,牝2,51,01164,藤田菜七,1:11.9,,2-2,36.9,12.2,5,408(+4),01020,[東]相沢郁,321004,河内孝夫,500.0,,,,,,,,,,,"(*6,7)(5,2,8)(3,4)1-9",2,2,0.0,False,"6(5,2,7,8)-(3,4)9,1",2,4,0.0,False,13,
201903020802,2,2歳未勝利,芝,1200,曇,稍重,10:45,2019-07-21,福島,2,6,6,2017103883,フレンドピース,牝2,54,00641,柴田善臣,1:11.9,クビ,1-1,37.0,3.4,2,418(-6),00437,[東]南田美知,145030,横尾晴人,200.0,,,,,,,,,,,"(*6,7)(5,2,8)(3,4)1-9",1,2,0.0,True,"6(5,2,7,8)-(3,4)9,1",1,1,0.0,False,13,
201903020802,2,2歳未勝利,芝,1200,曇,稍重,10:45,2019-07-21,福島,3,5,5,2017101918,コスモシークレット,牡2,54,01118,宮崎北斗,1:12.1,1.1/4,3-2,37.0,7.9,4,436(0),01036,[東]高橋義博,716800,ビッグレッドファーム,130.0,,,,,,,,,,,"(*6,7)(5,2,8)(3,4)1-9",3,3,0.0,False,"6(5,2,7,8)-(3,4)9,1",2,4,0.0,False,13,
201903020802,2,2歳未勝利,芝,1200,曇,稍重,10:45,2019-07-21,福島,4,8,8,2017109068,ヨネンサンクミ,牝2,52,01167,木幡育也,1:12.2,3/4,3-2,37.1,6.8,3,420(+10),01035,[東]佐藤吉勝,253033,藤本彰,75.0,,,,,,,,,,,"(*6,7)(5,2,8)(3,4)1-9",3,3,0.0,False,"6(5,2,7,8)-(3,4)9,1",2,4,0.0,False,13,
201903020802,2,2歳未勝利,芝,1200,曇,稍重,10:45,2019-07-21,福島,5,2,2,2017105448,ブラックトマホーク,牡2,54,01122,三浦皇成,1:13.0,5,3-2,37.9,2.0,1,466(+2),01088,[東]高木登,790005,吉田勝己,50.0,,,,,,,,,,,"(*6,7)(5,2,8)(3,4)1-9",3,3,0.0,False,"6(5,2,7,8)-(3,4)9,1",2,4,0.0,False,13,
201903020802,2,2歳未勝利,芝,1200,曇,稍重,10:45,2019-07-21,福島,6,3,3,2017101983,マイネルグッドデイ,牡2,54,01009,柴田大知,1:13.1,クビ,6-6,37.9,124.2,8,484(+4),01112,[東]田島俊明,546800,サラブレッドクラブ・...,,,,,,,,,,,,"(*6,7)(5,2,8)(3,4)1-9",6,2,0.0,False,"6(5,2,7,8)-(3,4)9,1",6,2,3.5,False,13,
201903020802,2,2歳未勝利,芝,1200,曇,稍重,10:45,2019-07-21,福島,7,8,9,2017102387,ティナ,牡2,52,01158,野中悠太,1:13.2,1/2,9-8,37.2,31.6,6,354(-2),01118,[東]高柳瑞樹,669033,中村智幸,,,,,,,,,,,,"(*6,7)(5,2,8)(3,4)1-9",9,1,3.5,False,"6(5,2,7,8)-(3,4)9,1",8,1,3.5,False,13,
201903020802,2,2歳未勝利,芝,1200,曇,稍重,10:45,2019-07-21,福島,8,4,4,2017103901,プリズムストーン,牡2,54,01029,武士沢友,1:13.3,1/2,6-6,38.0,170.6,9,468(-8),01029,[東]根本康広,855030,田頭勇貴,,,,,,,,,,,,"(*6,7)(5,2,8)(3,4)1-9",6,2,0.0,False,"6(5,2,7,8)-(3,4)9,1",6,2,3.5,False,13,
201903020802,2,2歳未勝利,芝,1200,曇,稍重,10:45,2019-07-21,福島,9,1,1,2017104147,タマモカスターニャ,牝2,53,01161,菊沢一樹,1:14.0,4,8-9,38.5,98.6,7,430(+2),01023,[東]伊藤圭三,515800,タマモ,,,,,,,,,,,,"(*6,7)(5,2,8)(3,4)1-9",8,1,0.0,False,"6(5,2,7,8)-(3,4)9,1",9,1,5.0,False,13,
201903020803,3,3歳未勝利,ダ,1700,曇,稍重,11:15,2019-07-21,福島,1,5,8,2016100106,フィストバンプ,牡3,56,00684,田中勝春,1:47.9,,1-1-1-1,37.8,14.8,6,496(-4),01093,[東]松永康利,336030,小林竜太郎,500.0,"8,4(2,14)(10,12,13)(1,6,9)15(3,5)11-7",1,1,0.0,False,"8-(2,4)14(10,12,13)(1,6,9)15(3,5,11)-7",1,1,0.0,False,"(*8,14)(4,13)9(2,6)10,12(1,15)-5(3,11)=7",1,2,0.0,True,"8,14(4,13)(2,6,9)10-15(1,12)-5(3,11)=7",1,1,0.0,False,-6,
201903020803,3,3歳未勝利,ダ,1700,曇,稍重,11:15,2019-07-21,福島,2,8,14,2016103524,トランスポーター,牡3,56,01122,三浦皇成,1:48.1,1,3-4-2-2,37.9,5.8,3,490(+2),01054,[東]戸田博文,271008,安原浩司,200.0,"8,4(2,14)(10,12,13)(1,6,9)15(3,5)11-7",3,2,1.5,False,"8-(2,4)14(10,12,13)(1,6,9)15(3,5,11)-7",4,1,3.5,False,"(*8,14)(4,13)9(2,6)10,12(1,15)-5(3,11)=7",2,2,0.0,False,"8,14(4,13)(2,6,9)10-15(1,12)-5(3,11)=7",2,1,1.5,False,-6,
201903020803,3,3歳未勝利,ダ,1700,曇,稍重,11:15,2019-07-21,福島,3,3,4,2016105920,サクラパルジファル,牡3,56,00660,横山典弘,1:48.4,2,2-2-3-3,38.1,42.5,10,522(-6),01132,[東]金成貴史,019800,さくらコマース,130.0,"8,4(2,14)(10,12,13)(1,6,9)15(3,5)11-7",2,1,1.5,False,"8-(2,4)14(10,12,13)(1,6,9)15(3,5,11)-7",2,2,3.5,False,"(*8,14)(4,13)9(2,6)10,12(1,15)-5(3,11)=7",3,2,0.0,False,"8,14(4,13)(2,6,9)10-15(1,12)-5(3,11)=7",3,2,1.5,False,-6,
201903020803,3,3歳未勝利,ダ,1700,曇,稍重,11:15,2019-07-21,福島,4,2,2,2016110075,サウスブルーグラス,牡3,56,01096,大野拓弥,1:48.6,1.1/2,3-2-6-5,38.0,3.0,1,448(-10),01067,[東]久保田貴,302031,越村哲男,75.0,"8,4(2,14)(10,12,13)(1,6,9)15(3,5)11-7",3,2,1.5,False,"8-(2,4)14(10,12,13)(1,6,9)15(3,5,11)-7",2,2,3.5,False,"(*8,14)(4,13)9(2,6)10,12(1,15)-5(3,11)=7",6,2,0.0,False,"8,14(4,13)(2,6,9)10-15(1,12)-5(3,11)=7",5,3,1.5,False,-6,
201903020803,3,3歳未勝利,ダ,1700,曇,稍重,11:15,2019-07-21,福島,5,6,10,2016100803,シュンラン,牝3,54,00733,吉田豊,1:49.0,2.1/2,5-5-8-8,38.2,18.3,7,434(+4),01005,[東]小桧山悟,981002,中村勝彦,50.0,"8,4(2,14)(10,12,13)(1,6,9)15(3,5)11-7",5,3,1.5,False,"8-(2,4)14(10,12,13)(1,6,9)15(3,5,11)-7",5,3,3.5,False,"(*8,14)(4,13)9(2,6)10,12(1,15)-5(3,11)=7",8,1,0.0,False,"8,14(4,13)(2,6,9)10-15(1,12)-5(3,11)=7",8,1,1.5,False,-6,
201903020803,3,3歳未勝利,ダ,1700,曇,稍重,11:15,2019-07-21,福島,6,7,13,2016102769,ファイトフラッシュ,牝3,54,05420,真島大輔,1:49.1,3/4,5-5-3-3,38.8,112.0,12,464(+2),00392,[東]古賀史生,261800,天羽牧場,,"8,4(2,14)(10,12,13)(1,6,9)15(3,5)11-7",5,3,1.5,False,"8-(2,4)14(10,12,13)(1,6,9)15(3,5,11)-7",5,3,3.5,False,"(*8,14)(4,13)9(2,6)10,12(1,15)-5(3,11)=7",3,2,0.0,False,"8,14(4,13)(2,6,9)10-15(1,12)-5(3,11)=7",3,2,1.5,False,-6,
201903020803,3,3歳未勝利,ダ,1700,曇,稍重,11:15,2019-07-21,福島,7,4,6,2016100825,バンディエラ,牡3,56,01051,嘉藤貴行,1:49.4,1.3/4,8-8-6-5,38.7,4.6,2,528(+12),01152,[東]竹内正洋,334031,東海林貴大,,"8,4(2,14)(10,12,13)(1,6,9)15(3,5)11-7",8,3,1.5,False,"8-(2,4)14(10,12,13)(1,6,9)15(3,5,11)-7",8,3,3.5,False,"(*8,14)(4,13)9(2,6)10,12(1,15)-5(3,11)=7",6,2,0.0,False,"8,14(4,13)(2,6,9)10-15(1,12)-5(3,11)=7",5,3,1.5,False,-6,
201903020803,3,3歳未勝利,ダ,1700,曇,稍重,11:15,2019-07-21,福島,8,5,9,2016102979,サンロアノーク,牡3,56,00663,蛯名正義,1:49.6,1.1/2,8-8-5-5,39.1,6.3,4,464(-2),01116,[東]新開幸一,059803,加藤ステーブル,,"8,4(2,14)(10,12,13)(1,6,9)15(3,5)11-7",8,3,1.5,False,"8-(2,4)14(10,12,13)(1,6,9)15(3,5,11)-7",8,3,3.5,False,"(*8,14)(4,13)9(2,6)10,12(1,15)-5(3,11)=7",5,1,0.0,False,"8,14(4,13)(2,6,9)10-15(1,12)-5(3,11)=7",5,3,1.5,False,-6,
201903020803,3,3歳未勝利,ダ,1700,曇,稍重,11:15,2019-07-21,福島,9,8,15,2016101860,アララトテソーロ,牡3,53,01164,藤田菜七,1:49.7,クビ,11-11-10-9,38.5,40.0,9,476(0),01143,[東]和田雄二,089803,了徳寺健二ホールディ...,,"8,4(2,14)(10,12,13)(1,6,9)15(3,5)11-7",11,1,1.5,False,"8-(2,4)14(10,12,13)(1,6,9)15(3,5,11)-7",11,1,3.5,False,"(*8,14)(4,13)9(2,6)10,12(1,15)-5(3,11)=7",10,2,1.5,False,"8,14(4,13)(2,6,9)10-15(1,12)-5(3,11)=7",9,1,5.0,False,-6,
201903020803,3,3歳未勝利,ダ,1700,曇,稍重,11:15,2019-07-21,福島,10,1,1,2016102337,フライクーゲル,牡3,56,05386,戸崎圭太,1:50.3,3.1/2,8-8-10-10,39.1,6.8,5,482(+8),01133,[東]黒岩陽一,482002,水上行雄,,"8,4(2,14)(10,12,13)(1,6,9)15(3,5)11-7",8,3,1.5,False,"8-(2,4)14(10,12,13)(1,6,9)15(3,5,11)-7",8,3,3.5,False,"(*8,14)(4,13)9(2,6)10,12(1,15)-5(3,11)=7",10,2,1.5,False,"8,14(4,13)(2,6,9)10-15(1,12)-5(3,11)=7",10,2,5.0,False,-6,
201903020803,3,3歳未勝利,ダ,1700,曇,稍重,11:15,2019-07-21,福島,11,6,11,2016102297,シゲルブドウセキ,牡3,56,00689,江田照男,1:50.4,1/2,14-12-13-13,38.7,195.7,13,466(0),00412,[東]高橋裕,674004,森中蕃,,"8,4(2,14)(10,12,13)(1,6,9)15(3,5)11-7",14,1,1.5,False,"8-(2,4)14(10,12,13)(1,6,9)15(3,5,11)-7",12,3,3.5,False,"(*8,14)(4,13)9(2,6)10,12(1,15)-5(3,11)=7",13,2,5.0,False,"8,14(4,13)(2,6,9)10-15(1,12)-5(3,11)=7",13,2,8.5,False,-6,
201903020803,3,3歳未勝利,ダ,1700,曇,稍重,11:15,2019-07-21,福島,12,3,5,2016105141,ドンウォリマミー,牡3,56,00422,内田博幸,1:50.8,2.1/2,12-12-12-12,39.2,33.4,8,494(-6),01097,[東]鹿戸雄一,063803,諸江幸祐,,"8,4(2,14)(10,12,13)(1,6,9)15(3,5)11-7",12,2,1.5,False,"8-(2,4)14(10,12,13)(1,6,9)15(3,5,11)-7",12,3,3.5,False,"(*8,14)(4,13)9(2,6)10,12(1,15)-5(3,11)=7",12,1,5.0,False,"8,14(4,13)(2,6,9)10-15(1,12)-5(3,11)=7",12,1,8.5,False,-6,
201903020803,3,3歳未勝利,ダ,1700,曇,稍重,11:15,2019-07-21,福島,13,2,3,2016101436,カフェオセロット,牝3,52,01158,野中悠太,1:51.1,2,12-12-13-13,39.4,102.4,11,490(+4),01079,[東]古賀慎明,629007,西川光一,,"8,4(2,14)(10,12,13)(1,6,9)15(3,5)11-7",12,2,1.5,False,"8-(2,4)14(10,12,13)(1,6,9)15(3,5,11)-7",12,3,3.5,False,"(*8,14)(4,13)9(2,6)10,12(1,15)-5(3,11)=7",13,2,5.0,False,"8,14(4,13)(2,6,9)10-15(1,12)-5(3,11)=7",13,2,8.5,False,-6,
201903020803,3,3歳未勝利,ダ,1700,曇,稍重,11:15,2019-07-21,福島,14,7,12,2016104155,トーアコルシャ,牡3,53,01173,山田敬士,1:51.5,2.1/2,5-5-9-10,40.6,326.2,15,458(+4),01048,[東]畠山吉宏,784800,高山ランド,,"8,4(2,14)(10,12,13)(1,6,9)15(3,5)11-7",5,3,1.5,False,"8-(2,4)14(10,12,13)(1,6,9)15(3,5,11)-7",5,3,3.5,False,"(*8,14)(4,13)9(2,6)10,12(1,15)-5(3,11)=7",9,1,1.5,False,"8,14(4,13)(2,6,9)10-15(1,12)-5(3,11)=7",10,2,5.0,False,-6,
201903020803,3,3歳未勝利,ダ,1700,曇,稍重,11:15,2019-07-21,福島,15,4,7,2016100068,レチクル,牡3,56,01141,中井裕二,1:51.7,1,15-15-15-15,39.2,232.4,14,456(-4),01010,[東]中野栄治,340800,ジェネラルレーシング,,"8,4(2,14)(10,12,13)(1,6,9)15(3,5)11-7",15,1,5.0,False,"8-(2,4)14(10,12,13)(1,6,9)15(3,5,11)-7",15,1,7.0,False,"(*8,14)(4,13)9(2,6)10,12(1,15)-5(3,11)=7",15,1,11.0,False,"8,14(4,13)(2,6,9)10-15(1,12)-5(3,11)=7",15,1,14.5,False,-6,
201903020804,4,3歳未勝利,芝,1800,曇,稍重,11:45,2019-07-21,福島,1,5,10,2016105431,ウエスタンランポ,牝3,53,01161,菊沢一樹,1:51.3,,9-7-7-7,36.6,14.6,7,408(0),01174,[東]深山雅史,929006,西川賢,500.0,"5,11(4,12,13)16,8,9(7,10)(3,6)-(2,14)-15-1",9,2,4.5,False,"5-11(4,13)12,16(8,10)9(7,3)(2,6)14-15-1",7,2,5.0,False,"(*5,11)(13,12,16)4-10(8,9)(7,3)(2,6)14-15-1",7,1,3.5,False,"11(5,4,13,12,16)10(2,9)(7,3)(14,6)(8,15)-1",7,1,0.0,False,13,
201903020804,4,3歳未勝利,芝,1800,曇,稍重,11:45,2019-07-21,福島,2,6,11,2016100748,ルシェルドール,牝3,54,01009,柴田大知,1:51.3,ハナ,2-2-2-1,37.3,51.5,11,436(0),01169,[東]加藤士津,546800,サラブレッドクラブ・...,200.0,"5,11(4,12,13)16,8,9(7,10)(3,6)-(2,14)-15-1",2,1,1.5,False,"5-11(4,13)12,16(8,10)9(7,3)(2,6)14-15-1",2,1,3.5,False,"(*5,11)(13,12,16)4-10(8,9)(7,3)(2,6)14-15-1",2,2,0.0,False,"11(5,4,13,12,16)10(2,9)(7,3)(14,6)(8,15)-1",1,1,0.0,False,13,
201903020804,4,3歳未勝利,芝,1800,曇,稍重,11:45,2019-07-21,福島,3,8,15,2016104541,ヒドゥンヴェール,牝3,54,01092,津村明秀,1:51.5,1.1/2,15-15-15-14,35.5,19.1,9,476(+6),01047,[東]勢司和浩,790005,吉田勝己,130.0,"5,11(4,12,13)16,8,9(7,10)(3,6)-(2,14)-15-1",15,1,11.5,False,"5-11(4,13)12,16(8,10)9(7,3)(2,6)14-15-1",15,1,8.5,False,"(*5,11)(13,12,16)4-10(8,9)(7,3)(2,6)14-15-1",15,1,7.0,False,"11(5,4,13,12,16)10(2,9)(7,3)(14,6)(8,15)-1",14,2,0.0,False,13,
201903020804,4,3歳未勝利,芝,1800,曇,稍重,11:45,2019-07-21,福島,4,5,9,2016103449,ニシノモエ,牝3,51,01164,藤田菜七,1:51.5,アタマ,8-9-8-8,36.7,78.5,13,412(+4),00405,[東]小西一男,897009,西山茂行,75.0,"5,11(4,12,13)16,8,9(7,10)(3,6)-(2,14)-15-1",8,1,4.5,False,"5-11(4,13)12,16(8,10)9(7,3)(2,6)14-15-1",9,1,5.0,False,"(*5,11)(13,12,16)4-10(8,9)(7,3)(2,6)14-15-1",8,2,3.5,False,"11(5,4,13,12,16)10(2,9)(7,3)(14,6)(8,15)-1",8,2,0.0,False,13,
201903020804,4,3歳未勝利,芝,1800,曇,稍重,11:45,2019-07-21,福島,5,4,7,2016100238,ウインセルリアン,牝3,54,01122,三浦皇成,1:51.6,1/2,9-10-10-10,36.6,6.5,2,516(0),00423,[東]上原博之,494800,ウイン,50.0,"5,11(4,12,13)16,8,9(7,10)(3,6)-(2,14)-15-1",9,2,4.5,False,"5-11(4,13)12,16(8,10)9(7,3)(2,6)14-15-1",10,2,5.0,False,"(*5,11)(13,12,16)4-10(8,9)(7,3)(2,6)14-15-1",10,2,3.5,False,"11(5,4,13,12,16)10(2,9)(7,3)(14,6)(8,15)-1",10,2,0.0,False,13,
201903020804,4,3歳未勝利,芝,1800,曇,稍重,11:45,2019-07-21,福島,6,1,2,2016105917,サクラクリスタル,牝3,54,01096,大野拓弥,1:51.6,アタマ,13-12-12-8,36.5,14.6,8,458(0),01047,[東]勢司和浩,019800,さくらコマース,,"5,11(4,12,13)16,8,9(7,10)(3,6)-(2,14)-15-1",13,2,8.0,False,"5-11(4,13)12,16(8,10)9(7,3)(2,6)14-15-1",12,2,5.0,False,"(*5,11)(13,12,16)4-10(8,9)(7,3)(2,6)14-15-1",12,2,3.5,False,"11(5,4,13,12,16)10(2,9)(7,3)(14,6)(8,15)-1",8,2,0.0,False,13,
201903020804,4,3歳未勝利,芝,1800,曇,稍重,11:45,2019-07-21,福島,7,8,16,2016104398,アディクション,牝3,51,01175,大塚海渡,1:51.9,1.3/4,6-6-3-2,37.7,12.2,4,452(0),01126,[東]木村哲也,486800,キャロットファーム,,"5,11(4,12,13)16,8,9(7,10)(3,6)-(2,14)-15-1",6,1,1.5,False,"5-11(4,13)12,16(8,10)9(7,3)(2,6)14-15-1",6,1,5.0,False,"(*5,11)(13,12,16)4-10(8,9)(7,3)(2,6)14-15-1",3,3,0.0,False,"11(5,4,13,12,16)10(2,9)(7,3)(14,6)(8,15)-1",2,5,0.0,False,13,
201903020804,4,3歳未勝利,芝,1800,曇,稍重,11:45,2019-07-21,福島,8,7,13,2016105207,エスデス,牝3,52,01158,野中悠太,1:52.2,1.3/4,3-3-3-2,38.0,6.6,3,434(0),01162,[東]田中博康,016008,田原邦男,,"5,11(4,12,13)16,8,9(7,10)(3,6)-(2,14)-15-1",3,3,1.5,False,"5-11(4,13)12,16(8,10)9(7,3)(2,6)14-15-1",3,2,3.5,False,"(*5,11)(13,12,16)4-10(8,9)(7,3)(2,6)14-15-1",3,3,0.0,False,"11(5,4,13,12,16)10(2,9)(7,3)(14,6)(8,15)-1",2,5,0.0,False,13,
201903020804,4,3歳未勝利,芝,1800,曇,稍重,11:45,2019-07-21,福島,9,2,4,2016104002,ブライティアセルバ,牝3,54,05386,戸崎圭太,1:52.2,ハナ,3-3-6-2,37.9,2.1,1,428(-2),01147,[東]武井亮,531006,小林昌志,,"5,11(4,12,13)16,8,9(7,10)(3,6)-(2,14)-15-1",3,3,1.5,False,"5-11(4,13)12,16(8,10)9(7,3)(2,6)14-15-1",3,2,3.5,False,"(*5,11)(13,12,16)4-10(8,9)(7,3)(2,6)14-15-1",6,1,0.0,False,"11(5,4,13,12,16)10(2,9)(7,3)(14,6)(8,15)-1",2,5,0.0,False,13,
201903020804,4,3歳未勝利,芝,1800,曇,稍重,11:45,2019-07-21,福島,10,7,14,2016102361,ヤースミーン,牝3,54,01029,武士沢友,1:52.3,クビ,13-14-14-12,37.0,332.6,16,408(-6),00392,[東]古賀史生,851009,岡田牧雄,,"5,11(4,12,13)16,8,9(7,10)(3,6)-(2,14)-15-1",13,2,8.0,False,"5-11(4,13)12,16(8,10)9(7,3)(2,6)14-15-1",14,1,5.0,False,"(*5,11)(13,12,16)4-10(8,9)(7,3)(2,6)14-15-1",14,1,3.5,False,"11(5,4,13,12,16)10(2,9)(7,3)(14,6)(8,15)-1",12,2,0.0,False,13,
201903020804,4,3歳未勝利,芝,1800,曇,稍重,11:45,2019-07-21,福島,11,3,6,2016105280,クロッグダンス,牝3,53,01162,木幡巧也,1:52.4,3/4,11-12-12-12,37.3,45.9,10,456(+12),01109,[東]伊藤大士,415800,社台レースホース,,"5,11(4,12,13)16,8,9(7,10)(3,6)-(2,14)-15-1",11,2,4.5,False,"5-11(4,13)12,16(8,10)9(7,3)(2,6)14-15-1",12,2,5.0,False,"(*5,11)(13,12,16)4-10(8,9)(7,3)(2,6)14-15-1",12,2,3.5,False,"11(5,4,13,12,16)10(2,9)(7,3)(14,6)(8,15)-1",12,2,0.0,False,13,
201903020804,4,3歳未勝利,芝,1800,曇,稍重,11:45,2019-07-21,福島,12,6,12,2016104314,ジェイドパンニャー,牝3,54,01129,菅原隆一,1:52.6,1.1/2,3-5-3-2,38.4,267.6,15,408(+6),01125,[東]小野次郎,061031,福原晃,,"5,11(4,12,13)16,8,9(7,10)(3,6)-(2,14)-15-1",3,3,1.5,False,"5-11(4,13)12,16(8,10)9(7,3)(2,6)14-15-1",5,1,3.5,False,"(*5,11)(13,12,16)4-10(8,9)(7,3)(2,6)14-15-1",3,3,0.0,False,"11(5,4,13,12,16)10(2,9)(7,3)(14,6)(8,15)-1",2,5,0.0,False,13,
201903020804,4,3歳未勝利,芝,1800,曇,稍重,11:45,2019-07-21,福島,13,1,1,2016105653,ワイルドタッチ,牝3,54,00422,内田博幸,1:52.8,1,16-16-16-16,36.3,14.4,5,456(-2),01133,[東]黒岩陽一,490800,キヨタケ牧場,,"5,11(4,12,13)16,8,9(7,10)(3,6)-(2,14)-15-1",16,1,15.0,False,"5-11(4,13)12,16(8,10)9(7,3)(2,6)14-15-1",16,1,12.0,False,"(*5,11)(13,12,16)4-10(8,9)(7,3)(2,6)14-15-1",16,1,10.5,False,"11(5,4,13,12,16)10(2,9)(7,3)(14,6)(8,15)-1",16,1,3.5,False,13,
201903020804,4,3歳未勝利,芝,1800,曇,稍重,11:45,2019-07-21,福島,14,3,5,2016100137,アイドルズアイ,牝3,51,01173,山田敬士,1:53.2,2.1/2,1-1-1-2,39.2,14.4,6,432(0),01093,[東]松永康利,942006,榊原源一郎,,"5,11(4,12,13)16,8,9(7,10)(3,6)-(2,14)-15-1",1,1,0.0,False,"5-11(4,13)12,16(8,10)9(7,3)(2,6)14-15-1",1,1,0.0,False,"(*5,11)(13,12,16)4-10(8,9)(7,3)(2,6)14-15-1",1,2,0.0,True,"11(5,4,13,12,16)10(2,9)(7,3)(14,6)(8,15)-1",2,5,0.0,False,13,
201903020804,4,3歳未勝利,芝,1800,曇,稍重,11:45,2019-07-21,福島,15,2,3,2016105114,ハルイロ,牝3,54,01004,西田雄一,1:53.5,1.3/4,11-10-10-10,38.6,152.7,14,486(+8),01153,[東]中舘英二,758005,吉田照哉,,"5,11(4,12,13)16,8,9(7,10)(3,6)-(2,14)-15-1",11,2,4.5,False,"5-11(4,13)12,16(8,10)9(7,3)(2,6)14-15-1",10,2,5.0,False,"(*5,11)(13,12,16)4-10(8,9)(7,3)(2,6)14-15-1",10,2,3.5,False,"11(5,4,13,12,16)10(2,9)(7,3)(14,6)(8,15)-1",10,2,0.0,False,13,
201903020804,4,3歳未勝利,芝,1800,曇,稍重,11:45,2019-07-21,福島,16,4,8,2016106127,クツワヒメ,牝3,54,00689,江田照男,1:53.7,1.1/4,7-7-8-14,38.9,77.5,12,424(-2),01051,[東]岩戸孝樹,247030,芳賀克也,,"5,11(4,12,13)16,8,9(7,10)(3,6)-(2,14)-15-1",7,1,3.0,False,"5-11(4,13)12,16(8,10)9(7,3)(2,6)14-15-1",7,2,5.0,False,"(*5,11)(13,12,16)4-10(8,9)(7,3)(2,6)14-15-1",8,2,3.5,False,"11(5,4,13,12,16)10(2,9)(7,3)(14,6)(8,15)-1",14,2,0.0,False,13,
201903020805,5,2歳新馬,ダ,1150,曇,稍重,12:35,2019-07-21,福島,1,8,15,2017101303,オヌシナニモノ,牡2,54,00422,内田博幸,1:09.4,,2-1,37.5,1.8,1,462(0),01129,[西]高橋義忠,752800,ニットー商事,700.0,,,,,,,,,,,"(*2,9,15)-(13,16)6-14,3(10,12)1-(5,8)4-11=7",2,3,0.0,False,"(2,9,*15)-6,13,16-3-14(10,12)(1,8)11(4,5)=7",1,3,0.0,True,-6,
201903020805,5,2歳新馬,ダ,1150,曇,稍重,12:35,2019-07-21,福島,2,5,9,2017104473,デビルスダンサー,牝2,51,01164,藤田菜七,1:10.4,6,2-2,38.6,41.8,10,422(0),01145,[東]奥村武,903007,前迫義幸,280.0,,,,,,,,,,,"(*2,9,15)-(13,16)6-14,3(10,12)1-(5,8)4-11=7",2,3,0.0,False,"(2,9,*15)-6,13,16-3-14(10,12)(1,8)11(4,5)=7",2,3,0.0,False,-6,
201903020805,5,2歳新馬,ダ,1150,曇,稍重,12:35,2019-07-21,福島,3,6,11,2017102588,ニシノホライゾン,牡2,54,01127,丸山元気,1:10.7,1.1/2,15-13,36.2,36.5,8,500(0),01063,[東]的場均,897009,西山茂行,180.0,,,,,,,,,,,"(*2,9,15)-(13,16)6-14,3(10,12)1-(5,8)4-11=7",15,1,15.5,False,"(2,9,*15)-6,13,16-3-14(10,12)(1,8)11(4,5)=7",13,1,13.5,False,-6,
201903020805,5,2歳新馬,ダ,1150,曇,稍重,12:35,2019-07-21,福島,4,3,5,2017101974,マイネルグローバル,牡2,54,05420,真島大輔,1:11.5,5,12-14,37.7,62.0,12,458(0),00408,[東]田中清隆,546800,サラブレッドクラブ・...,110.0,,,,,,,,,,,"(*2,9,15)-(13,16)6-14,3(10,12)1-(5,8)4-11=7",12,2,12.0,False,"(2,9,*15)-6,13,16-3-14(10,12)(1,8)11(4,5)=7",14,2,13.5,False,-6,
201903020805,5,2歳新馬,ダ,1150,曇,稍重,12:35,2019-07-21,福島,5,2,4,2017101993,トルベジーノ,牝2,51,01175,大塚海渡,1:11.6,クビ,14-14,37.6,119.4,15,414(0),01100,[東]松山将樹,716800,ビッグレッドファーム,70.0,,,,,,,,,,,"(*2,9,15)-(13,16)6-14,3(10,12)1-(5,8)4-11=7",14,1,12.0,False,"(2,9,*15)-6,13,16-3-14(10,12)(1,8)11(4,5)=7",14,2,13.5,False,-6,
201903020805,5,2歳新馬,ダ,1150,曇,稍重,12:35,2019-07-21,福島,6,5,10,2017103037,チェリーガイア,牝2,54,00733,吉田豊,1:11.6,クビ,9-9,38.3,34.7,7,462(0),00405,[東]小西一男,527030,櫻井悦朗,,,,,,,,,,,,"(*2,9,15)-(13,16)6-14,3(10,12)1-(5,8)4-11=7",9,2,8.5,False,"(2,9,*15)-6,13,16-3-14(10,12)(1,8)11(4,5)=7",9,2,13.5,False,-6,
201903020805,5,2歳新馬,ダ,1150,曇,稍重,12:35,2019-07-21,福島,7,1,1,2017101877,マイネルイリャルギ,牡2,52,01158,野中悠太,1:11.7,3/4,11-11,38.3,22.5,5,480(0),00412,[東]高橋裕,546800,サラブレッドクラブ・...,,,,,,,,,,,,"(*2,9,15)-(13,16)6-14,3(10,12)1-(5,8)4-11=7",11,1,8.5,False,"(2,9,*15)-6,13,16-3-14(10,12)(1,8)11(4,5)=7",11,2,13.5,False,-6,
201903020805,5,2歳新馬,ダ,1150,曇,稍重,12:35,2019-07-21,福島,8,7,14,2017102112,ニシノレオニダス,牡2,54,01096,大野拓弥,1:11.8,クビ,7-8,38.7,6.9,2,506(0),01153,[東]中舘英二,897009,西山茂行,,,,,,,,,,,,"(*2,9,15)-(13,16)6-14,3(10,12)1-(5,8)4-11=7",7,1,7.0,False,"(2,9,*15)-6,13,16-3-14(10,12)(1,8)11(4,5)=7",8,1,13.5,False,-6,
201903020805,5,2歳新馬,ダ,1150,曇,稍重,12:35,2019-07-21,福島,9,8,16,2017103661,タイセイブーティー,牡2,53,01162,木幡巧也,1:11.8,アタマ,4-6,39.6,24.3,6,454(0),01023,[東]伊藤圭三,224007,田中成奉,,,,,,,,,,,,"(*2,9,15)-(13,16)6-14,3(10,12)1-(5,8)4-11=7",4,2,3.5,False,"(2,9,*15)-6,13,16-3-14(10,12)(1,8)11(4,5)=7",6,1,6.5,False,-6,
201903020805,5,2歳新馬,ダ,1150,曇,稍重,12:35,2019-07-21,福島,10,1,2,2017103325,ムーニーヴァレー,牝2,54,01009,柴田大知,1:11.9,1/2,1-2,40.1,8.5,4,462(0),01109,[東]伊藤大士,716800,ビッグレッドファーム,,,,,,,,,,,,"(*2,9,15)-(13,16)6-14,3(10,12)1-(5,8)4-11=7",1,3,0.0,True,"(2,9,*15)-6,13,16-3-14(10,12)(1,8)11(4,5)=7",2,3,0.0,False,-6,
201903020805,5,2歳新馬,ダ,1150,曇,稍重,12:35,2019-07-21,福島,11,4,8,2017101310,シゲルナガレボシ,牝2,53,01161,菊沢一樹,1:11.9,ハナ,12-11,38.1,117.4,14,442(0),00421,[東]浅野洋一,674004,森中蕃,,,,,,,,,,,,"(*2,9,15)-(13,16)6-14,3(10,12)1-(5,8)4-11=7",12,2,12.0,False,"(2,9,*15)-6,13,16-3-14(10,12)(1,8)11(4,5)=7",11,2,13.5,False,-6,
201903020805,5,2歳新馬,ダ,1150,曇,稍重,12:35,2019-07-21,福島,12,6,12,2017106035,テイエムビーナス,牝2,52,01167,木幡育也,1:12.0,クビ,9-9,38.7,58.6,11,470(0),01077,[東]加藤和宏,356002,竹園正繼,,,,,,,,,,,,"(*2,9,15)-(13,16)6-14,3(10,12)1-(5,8)4-11=7",9,2,8.5,False,"(2,9,*15)-6,13,16-3-14(10,12)(1,8)11(4,5)=7",9,2,13.5,False,-6,
201903020805,5,2歳新馬,ダ,1150,曇,稍重,12:35,2019-07-21,福島,13,2,3,2017106679,スタジアムロック,牡2,54,01122,三浦皇成,1:12.1,3/4,8-7,38.9,8.0,3,478(0),01080,[東]清水英克,855030,田頭勇貴,,,,,,,,,,,,"(*2,9,15)-(13,16)6-14,3(10,12)1-(5,8)4-11=7",8,1,8.5,False,"(2,9,*15)-6,13,16-3-14(10,12)(1,8)11(4,5)=7",7,1,10.0,False,-6,
201903020805,5,2歳新馬,ダ,1150,曇,稍重,12:35,2019-07-21,福島,14,7,13,2017103864,モウコフクソウ,牝2,54,01092,津村明秀,1:12.4,1.1/2,4-5,40.2,66.0,13,462(0),01113,[西]牧浦充徳,279008,石川幸司,,,,,,,,,,,,"(*2,9,15)-(13,16)6-14,3(10,12)1-(5,8)4-11=7",4,2,3.5,False,"(2,9,*15)-6,13,16-3-14(10,12)(1,8)11(4,5)=7",5,1,5.0,False,-6,
201903020805,5,2歳新馬,ダ,1150,曇,稍重,12:35,2019-07-21,福島,15,3,6,2017102771,ヴォーグロックユー,牡2,54,05386,戸崎圭太,1:12.8,2.1/2,6-4,40.5,36.9,9,458(0),01106,[東]牧光二,893030,志村幸彦,,,,,,,,,,,,"(*2,9,15)-(13,16)6-14,3(10,12)1-(5,8)4-11=7",6,1,3.5,False,"(2,9,*15)-6,13,16-3-14(10,12)(1,8)11(4,5)=7",4,1,3.5,False,-6,
201903020805,5,2歳新馬,ダ,1150,曇,稍重,12:35,2019-07-21,福島,16,4,7,2017102937,エスケイサムソン,牡2,54,01029,武士沢友,1:16.0,大,16-16,39.8,159.1,16,442(0),00428,[東]石毛善彦,139031,伊藤輔則,,,,,,,,,,,,"(*2,9,15)-(13,16)6-14,3(10,12)1-(5,8)4-11=7",16,1,21.5,False,"(2,9,*15)-6,13,16-3-14(10,12)(1,8)11(4,5)=7",16,1,19.5,False,-6,
201903020806,6,3歳未勝利,芝,1200,曇,稍重,13:05,2019-07-21,福島,1,4,7,2016102814,ディザイアソング,牝3,51,01164,藤田菜七,1:11.2,,12-14,35.7,6.8,2,428(0),01132,[東]金成貴史,982033,尾上寿夫,500.0,,,,,,,,,,,"(*11,12,14)16(1,9,13)15(8,10)2(7,3,5)6   4",12,3,0.0,False,"(12,*14)(11,16)(1,9,13)(8,15)10(6,3,5)(2,7)   4",14,2,0.0,False,14,
201903020806,6,3歳未勝利,芝,1200,曇,稍重,13:05,2019-07-21,福島,2,8,15,2016105879,ミヤビペルラ,牝3,54,01092,津村明秀,1:11.2,ハナ,8-8,36.0,12.7,6,436(+6),01134,[東]高橋文雅,127002,村上義勝,200.0,,,,,,,,,,,"(*11,12,14)16(1,9,13)15(8,10)2(7,3,5)6   4",8,1,0.0,False,"(12,*14)(11,16)(1,9,13)(8,15)10(6,3,5)(2,7)   4",8,2,0.0,False,14,
201903020806,6,3歳未勝利,芝,1200,曇,稍重,13:05,2019-07-21,福島,3,8,16,2016100249,ウインカーマイン,牡3,54,01158,野中悠太,1:11.4,1.1/4,4-3,36.4,8.5,5,432(-4),01114,[東]和田正一,494800,ウイン,130.0,,,,,,,,,,,"(*11,12,14)16(1,9,13)15(8,10)2(7,3,5)6   4",4,1,0.0,False,"(12,*14)(11,16)(1,9,13)(8,15)10(6,3,5)(2,7)   4",3,2,0.0,False,14,
201903020806,6,3歳未勝利,芝,1200,曇,稍重,13:05,2019-07-21,福島,4,5,9,2016106182,リブパッション,牝3,54,01096,大野拓弥,1:11.6,1,5-5,36.5,6.9,3,446(0),01165,[東]和田勇介,547800,ヒダカ・ブリーダーズ...,75.0,,,,,,,,,,,"(*11,12,14)16(1,9,13)15(8,10)2(7,3,5)6   4",5,3,0.0,False,"(12,*14)(11,16)(1,9,13)(8,15)10(6,3,5)(2,7)   4",5,3,0.0,False,14,
201903020806,6,3歳未勝利,芝,1200,曇,稍重,13:05,2019-07-21,福島,5,7,14,2016100703,ウィローグラウス,牝3,54,05386,戸崎圭太,1:11.6,ハナ,2-1,36.8,1.9,1,446(+4),01024,[東]萱野浩二,546800,サラブレッドクラブ・...,50.0,,,,,,,,,,,"(*11,12,14)16(1,9,13)15(8,10)2(7,3,5)6   4",2,3,0.0,False,"(12,*14)(11,16)(1,9,13)(8,15)10(6,3,5)(2,7)   4",1,2,0.0,True,14,
201903020806,6,3歳未勝利,芝,1200,曇,稍重,13:05,2019-07-21,福島,6,7,13,2016102706,マメシボリ,セ3,56,01004,西田雄一,1:11.6,ハナ,5-5,36.5,27.5,7,396(-4),01074,[東]奥平雅士,629800,ミルファーム,,,,,,,,,,,,"(*11,12,14)16(1,9,13)15(8,10)2(7,3,5)6   4",5,3,0.0,False,"(12,*14)(11,16)(1,9,13)(8,15)10(6,3,5)(2,7)   4",5,3,0.0,False,14,
201903020806,6,3歳未勝利,芝,1200,曇,稍重,13:05,2019-07-21,福島,7,1,1,2016100010,ホシノウチカケ,牝3,52,01167,木幡育也,1:11.8,1.1/2,5-5,36.7,169.1,15,442(-4),01141,[東]尾形和幸,851009,岡田牧雄,,,,,,,,,,,,"(*11,12,14)16(1,9,13)15(8,10)2(7,3,5)6   4",5,3,0.0,False,"(12,*14)(11,16)(1,9,13)(8,15)10(6,3,5)(2,7)   4",5,3,0.0,False,14,
201903020806,6,3歳未勝利,芝,1200,曇,稍重,13:05,2019-07-21,福島,8,5,10,2016102760,カツコノユメ,牝3,54,00641,柴田善臣,1:11.9,クビ,9-10,36.6,104.6,12,414(0),01031,[東]伊藤伸一,750030,大久保與志雄,,,,,,,,,,,,"(*11,12,14)16(1,9,13)15(8,10)2(7,3,5)6   4",9,2,0.0,False,"(12,*14)(11,16)(1,9,13)(8,15)10(6,3,5)(2,7)   4",10,1,0.0,False,14,
201903020806,6,3歳未勝利,芝,1200,曇,稍重,13:05,2019-07-21,福島,9,4,8,2016102721,レディオスカル,牝3,54,01051,嘉藤貴行,1:11.9,ハナ,9-8,36.6,8.5,4,444(+4),01031,[東]伊藤伸一,609009,冨沢敦子,,,,,,,,,,,,"(*11,12,14)16(1,9,13)15(8,10)2(7,3,5)6   4",9,2,0.0,False,"(12,*14)(11,16)(1,9,13)(8,15)10(6,3,5)(2,7)   4",8,2,0.0,False,14,
201903020806,6,3歳未勝利,芝,1200,曇,稍重,13:05,2019-07-21,福島,10,2,3,2016105248,チヨビッグシー,牝3,54,00733,吉田豊,1:12.0,3/4,12-11,36.5,65.9,9,430(-6),00392,[東]古賀史生,122800,向別牧場,,,,,,,,,,,,"(*11,12,14)16(1,9,13)15(8,10)2(7,3,5)6   4",12,3,0.0,False,"(12,*14)(11,16)(1,9,13)(8,15)10(6,3,5)(2,7)   4",11,3,0.0,False,14,
201903020806,6,3歳未勝利,芝,1200,曇,稍重,13:05,2019-07-21,福島,11,3,6,2016100800,サルース,牝3,54,00422,内田博幸,1:12.5,3,15-11,36.9,72.3,11,430(-2),01089,[東]武市康男,137030,鈴木照雄,,,,,,,,,,,,"(*11,12,14)16(1,9,13)15(8,10)2(7,3,5)6   4",15,1,0.0,False,"(12,*14)(11,16)(1,9,13)(8,15)10(6,3,5)(2,7)   4",11,3,0.0,False,14,
201903020806,6,3歳未勝利,芝,1200,曇,稍重,13:05,2019-07-21,福島,12,1,2,2016105474,エタニティマリー,牝3,54,01127,丸山元気,1:12.6,1/2,11-14,37.2,112.7,13,404(-6),01029,[東]根本康広,015006,村島昭男,,,,,,,,,,,,"(*11,12,14)16(1,9,13)15(8,10)2(7,3,5)6   4",11,1,0.0,False,"(12,*14)(11,16)(1,9,13)(8,15)10(6,3,5)(2,7)   4",14,2,0.0,False,14,
201903020806,6,3歳未勝利,芝,1200,曇,稍重,13:05,2019-07-21,福島,13,3,5,2016101706,チャキットコイキ,牝3,51,01173,山田敬士,1:12.8,1.1/4,12-11,37.3,67.0,10,394(+2),01056,[東]本間忍,163002,北所直人,,,,,,,,,,,,"(*11,12,14)16(1,9,13)15(8,10)2(7,3,5)6   4",12,3,0.0,False,"(12,*14)(11,16)(1,9,13)(8,15)10(6,3,5)(2,7)   4",11,3,0.0,False,14,
201903020806,6,3歳未勝利,芝,1200,曇,稍重,13:05,2019-07-21,福島,14,6,12,2016103547,ナイトオブゴールド,牡3,56,05420,真島大輔,1:12.8,クビ,2-2,38.0,32.4,8,460(0),01094,[東]水野貴広,465030,大島昌也,,,,,,,,,,,,"(*11,12,14)16(1,9,13)15(8,10)2(7,3,5)6   4",2,3,0.0,False,"(12,*14)(11,16)(1,9,13)(8,15)10(6,3,5)(2,7)   4",2,2,0.0,False,14,
201903020806,6,3歳未勝利,芝,1200,曇,稍重,13:05,2019-07-21,福島,15,6,11,2016105183,フォーエバーワン,牝3,53,01161,菊沢一樹,1:13.1,1.1/2,1-3,38.3,115.1,14,450(+6),01108,[東]矢野英一,015008,青山洋一,,,,,,,,,,,,"(*11,12,14)16(1,9,13)15(8,10)2(7,3,5)6   4",1,3,0.0,True,"(12,*14)(11,16)(1,9,13)(8,15)10(6,3,5)(2,7)   4",3,2,0.0,False,14,
201903020806,6,3歳未勝利,芝,1200,曇,稍重,13:05,2019-07-21,福島,取,2,4,2016101258,ミヤコノユメ,牝3,53,01162,木幡巧也,,,,,---,,計不,00417,[東]土田稔,813033,吉田和弘,,,,,,,,,,,,"(*11,12,14)16(1,9,13)15(8,10)2(7,3,5)6   4",16,1,6.0,False,"(12,*14)(11,16)(1,9,13)(8,15)10(6,3,5)(2,7)   4",16,1,6.0,False,14,
201903020807,7,3歳未勝利,芝,2000,曇,稍重,13:35,2019-07-21,福島,1,7,8,2016104584,パシフィスタ,牡3,56,01004,西田雄一,2:04.2,,2-2-2-1,37.0,44.5,9,484(0),01081,[東]中川公成,486800,キャロットファーム,500.0,"6,8(3,9)(4,11)(1,10)(7,5)-2",2,1,1.5,False,"6,8(3,9)(4,11)(1,10)(7,5)2",2,1,1.5,False,"(*6,8)(4,3,9)11(1,10)7,5-2",2,2,0.0,False,"(6,*8)(4,9)(1,3)11,7(5,10)2",1,2,0.0,True,14,
201903020807,7,3歳未勝利,芝,2000,曇,稍重,13:35,2019-07-21,福島,2,8,11,2016110115,サトノセシル,牝3,54,01096,大野拓弥,2:04.4,1.1/4,5-5-6-7,36.8,3.5,2,458(0),01070,[東]堀宣行,075803,サトミホースカンパニ...,200.0,"6,8(3,9)(4,11)(1,10)(7,5)-2",5,2,1.5,False,"6,8(3,9)(4,11)(1,10)(7,5)2",5,2,1.5,False,"(*6,8)(4,3,9)11(1,10)7,5-2",6,1,0.0,False,"(6,*8)(4,9)(1,3)11,7(5,10)2",7,1,0.0,False,14,
201903020807,7,3歳未勝利,芝,2000,曇,稍重,13:35,2019-07-21,福島,3,6,6,2016101439,カフェシュヴァルツ,牡3,54,01158,野中悠太,2:04.4,アタマ,1-1-1-2,37.2,9.3,5,456(-2),01079,[東]古賀慎明,629007,西川光一,130.0,"6,8(3,9)(4,11)(1,10)(7,5)-2",1,1,0.0,False,"6,8(3,9)(4,11)(1,10)(7,5)2",1,1,0.0,False,"(*6,8)(4,3,9)11(1,10)7,5-2",1,2,0.0,True,"(6,*8)(4,9)(1,3)11,7(5,10)2",2,2,0.0,False,14,
201903020807,7,3歳未勝利,芝,2000,曇,稍重,13:35,2019-07-21,福島,4,4,4,2016110117,モントカイザー,セ3,56,01122,三浦皇成,2:04.4,ハナ,5-5-3-3,37.0,3.3,1,470(+4),01141,[東]尾形和幸,851009,岡田牧雄,75.0,"6,8(3,9)(4,11)(1,10)(7,5)-2",5,2,1.5,False,"6,8(3,9)(4,11)(1,10)(7,5)2",5,2,1.5,False,"(*6,8)(4,3,9)11(1,10)7,5-2",3,3,0.0,False,"(6,*8)(4,9)(1,3)11,7(5,10)2",3,2,0.0,False,14,
201903020807,7,3歳未勝利,芝,2000,曇,稍重,13:35,2019-07-21,福島,5,5,5,2016102687,シックガニアン,牡3,56,05386,戸崎圭太,2:04.7,2,9-9-10-9,36.7,21.5,7,464(+6),01133,[東]黒岩陽一,027803,ブルースターズファー...,50.0,"6,8(3,9)(4,11)(1,10)(7,5)-2",9,2,1.5,False,"6,8(3,9)(4,11)(1,10)(7,5)2",9,2,1.5,False,"(*6,8)(4,3,9)11(1,10)7,5-2",10,1,1.5,False,"(6,*8)(4,9)(1,3)11,7(5,10)2",9,2,1.5,False,14,
201903020807,7,3歳未勝利,芝,2000,曇,稍重,13:35,2019-07-21,福島,6,6,7,2016100682,コスモアイトーン,牡3,56,01009,柴田大知,2:04.7,クビ,9-9-9-8,36.8,26.8,8,460(+6),01035,[東]佐藤吉勝,716800,ビッグレッドファーム,,"6,8(3,9)(4,11)(1,10)(7,5)-2",9,2,1.5,False,"6,8(3,9)(4,11)(1,10)(7,5)2",9,2,1.5,False,"(*6,8)(4,3,9)11(1,10)7,5-2",9,1,0.0,False,"(6,*8)(4,9)(1,3)11,7(5,10)2",8,1,1.5,False,14,
201903020807,7,3歳未勝利,芝,2000,曇,稍重,13:35,2019-07-21,福島,7,1,1,2016101362,シュテルンシチー,牡3,56,01092,津村明秀,2:04.7,アタマ,7-7-7-5,37.0,3.5,3,456(+12),01150,[東]池上昌和,321800,友駿ホースクラブ,,"6,8(3,9)(4,11)(1,10)(7,5)-2",7,2,1.5,False,"6,8(3,9)(4,11)(1,10)(7,5)2",7,2,1.5,False,"(*6,8)(4,3,9)11(1,10)7,5-2",7,2,0.0,False,"(6,*8)(4,9)(1,3)11,7(5,10)2",5,2,0.0,False,14,
201903020807,7,3歳未勝利,芝,2000,曇,稍重,13:35,2019-07-21,福島,8,7,9,2016102783,セオリー,牡3,56,01134,嶋田純次,2:04.8,クビ,3-3-3-3,37.4,8.7,4,478(0),01038,[東]手塚貴久,491030,藤田在子,,"6,8(3,9)(4,11)(1,10)(7,5)-2",3,2,1.5,False,"6,8(3,9)(4,11)(1,10)(7,5)2",3,2,1.5,False,"(*6,8)(4,3,9)11(1,10)7,5-2",3,3,0.0,False,"(6,*8)(4,9)(1,3)11,7(5,10)2",3,2,0.0,False,14,
201903020807,7,3歳未勝利,芝,2000,曇,稍重,13:35,2019-07-21,福島,9,2,2,2016100233,ウインエルカミーノ,牡3,53,01164,藤田菜七,2:04.8,クビ,11-11-11-11,36.5,20.3,6,452(+4),01094,[東]水野貴広,494800,ウイン,,"6,8(3,9)(4,11)(1,10)(7,5)-2",11,1,5.0,False,"6,8(3,9)(4,11)(1,10)(7,5)2",11,1,1.5,False,"(*6,8)(4,3,9)11(1,10)7,5-2",11,1,5.0,False,"(6,*8)(4,9)(1,3)11,7(5,10)2",11,1,1.5,False,14,
201903020807,7,3歳未勝利,芝,2000,曇,稍重,13:35,2019-07-21,福島,10,3,3,2016104209,イントゥアドリーム,牡3,53,01175,大塚海渡,2:05.1,1.1/2,3-3-3-5,37.6,145.8,11,434(+6),01143,[東]和田雄二,543033,薪浦州平,,"6,8(3,9)(4,11)(1,10)(7,5)-2",3,2,1.5,False,"6,8(3,9)(4,11)(1,10)(7,5)2",3,2,1.5,False,"(*6,8)(4,3,9)11(1,10)7,5-2",3,3,0.0,False,"(6,*8)(4,9)(1,3)11,7(5,10)2",5,2,0.0,False,14,
201903020807,7,3歳未勝利,芝,2000,曇,稍重,13:35,2019-07-21,福島,11,8,10,2016102715,ゴーアブロード,牡3,53,01173,山田敬士,2:05.2,1/2,7-7-7-9,37.4,96.2,10,498(-6),01012,[東]大江原哲,629800,ミルファーム,,"6,8(3,9)(4,11)(1,10)(7,5)-2",7,2,1.5,False,"6,8(3,9)(4,11)(1,10)(7,5)2",7,2,1.5,False,"(*6,8)(4,3,9)11(1,10)7,5-2",7,2,0.0,False,"(6,*8)(4,9)(1,3)11,7(5,10)2",9,2,1.5,False,14,
201903020808,8,3歳以上500万下,ダ,1700,曇,稍重,14:05,2019-07-21,福島,1,5,8,2016110044,ワシントンテソーロ,牡3,53,01162,木幡巧也,1:46.2,,2-2-2-2,37.6,6.2,4,490(+6),01086,[東]斎藤誠,089803,了徳寺健二ホールディ...,750.0,"4,8(1,5,11,13)10(7,12)-(2,15)6,14,9,3",2,1,1.5,False,"4,8(1,11,13)5(7,10,12)-2,15,6-14,9,3",2,1,1.5,False,"4,8,13,12,10(1,7)(5,15)-(2,6)11(14,9)-3",2,1,1.5,False,"4,8,13,12,10,7,15(1,5,2,6)9,14-3-11",2,1,1.5,False,-6,
201903020808,8,3歳以上500万下,ダ,1700,曇,稍重,14:05,2019-07-21,福島,2,3,4,2016105186,フィルストバーン,セ3,54,01127,丸山元気,1:46.4,1.1/4,1-1-1-1,37.9,10.9,6,460(+2),01086,[東]斎藤誠,808800,Ｇ１レーシング,300.0,"4,8(1,5,11,13)10(7,12)-(2,15)6,14,9,3",1,1,0.0,False,"4,8(1,11,13)5(7,10,12)-2,15,6-14,9,3",1,1,0.0,False,"4,8,13,12,10(1,7)(5,15)-(2,6)11(14,9)-3",1,1,0.0,False,"4,8,13,12,10,7,15(1,5,2,6)9,14-3-11",1,1,0.0,False,-6,
201903020808,8,3歳以上500万下,ダ,1700,曇,稍重,14:05,2019-07-21,福島,3,7,13,2016101440,ラージヒル,牡3,54,01096,大野拓弥,1:46.4,クビ,3-3-3-3,37.6,4.0,1,476(+6),01163,[東]林徹,781800,リーヴァ,190.0,"4,8(1,5,11,13)10(7,12)-(2,15)6,14,9,3",3,4,1.5,False,"4,8(1,11,13)5(7,10,12)-2,15,6-14,9,3",3,3,1.5,False,"4,8,13,12,10(1,7)(5,15)-(2,6)11(14,9)-3",3,1,3.0,False,"4,8,13,12,10,7,15(1,5,2,6)9,14-3-11",3,1,3.0,False,-6,
201903020808,8,3歳以上500万下,ダ,1700,曇,稍重,14:05,2019-07-21,福島,4,7,12,2015101387,トミケンエンデレア,牡4,57,05420,真島大輔,1:47.1,4,8-7-4-4,38.2,6.1,3,504(+4),01109,[東]伊藤大士,901007,冨樫賢二,110.0,"4,8(1,5,11,13)10(7,12)-(2,15)6,14,9,3",8,2,1.5,False,"4,8(1,11,13)5(7,10,12)-2,15,6-14,9,3",7,3,1.5,False,"4,8,13,12,10(1,7)(5,15)-(2,6)11(14,9)-3",4,1,4.5,False,"4,8,13,12,10,7,15(1,5,2,6)9,14-3-11",4,1,4.5,False,-6,
201903020808,8,3歳以上500万下,ダ,1700,曇,稍重,14:05,2019-07-21,福島,5,5,9,2014105774,ポップアップスター,牡5,57,05386,戸崎圭太,1:47.2,クビ,14-14-13-12,37.2,5.3,2,520(-2),01132,[東]金成貴史,415800,社台レースホース,75.0,"4,8(1,5,11,13)10(7,12)-(2,15)6,14,9,3",14,1,8.0,False,"4,8(1,11,13)5(7,10,12)-2,15,6-14,9,3",14,1,13.0,False,"4,8,13,12,10(1,7)(5,15)-(2,6)11(14,9)-3",13,2,9.5,False,"4,8,13,12,10,7,15(1,5,2,6)9,14-3-11",12,1,9.0,False,-6,
201903020808,8,3歳以上500万下,ダ,1700,曇,稍重,14:05,2019-07-21,福島,6,2,2,2016105424,ペイシャシキブ,牡3,51,01173,山田敬士,1:47.4,1.1/4,10-10-10-8,37.8,16.2,8,456(-4),00412,[東]高橋裕,163002,北所直人,,"4,8(1,5,11,13)10(7,12)-(2,15)6,14,9,3",10,2,5.0,False,"4,8(1,11,13)5(7,10,12)-2,15,6-14,9,3",10,1,5.0,False,"4,8,13,12,10(1,7)(5,15)-(2,6)11(14,9)-3",10,2,9.5,False,"4,8,13,12,10,7,15(1,5,2,6)9,14-3-11",8,4,9.0,False,-6,
201903020808,8,3歳以上500万下,ダ,1700,曇,稍重,14:05,2019-07-21,福島,7,6,10,2014106436,メイクグローリー,セ5,54,01164,藤田菜七,1:47.5,3/4,7-7-5-5,38.4,28.5,11,448(+2),01012,[東]大江原哲,542800,ライオンレースホース,,"4,8(1,5,11,13)10(7,12)-(2,15)6,14,9,3",7,1,1.5,False,"4,8(1,11,13)5(7,10,12)-2,15,6-14,9,3",7,3,1.5,False,"4,8,13,12,10(1,7)(5,15)-(2,6)11(14,9)-3",5,1,6.0,False,"4,8,13,12,10,7,15(1,5,2,6)9,14-3-11",5,1,6.0,False,-6,
201903020808,8,3歳以上500万下,ダ,1700,曇,稍重,14:05,2019-07-21,福島,8,4,6,2015103768,スズノアリュール,牡4,57,01029,武士沢友,1:47.6,1/2,12-12-10-8,37.9,20.0,10,494(+4),01163,[東]林徹,021006,新木鈴子,,"4,8(1,5,11,13)10(7,12)-(2,15)6,14,9,3",12,1,5.0,False,"4,8(1,11,13)5(7,10,12)-2,15,6-14,9,3",12,1,8.0,False,"4,8,13,12,10(1,7)(5,15)-(2,6)11(14,9)-3",10,2,9.5,False,"4,8,13,12,10,7,15(1,5,2,6)9,14-3-11",8,4,9.0,False,-6,
201903020808,8,3歳以上500万下,ダ,1700,曇,稍重,14:05,2019-07-21,福島,9,8,15,2015104412,ユメノサキ,牡4,57,01122,三浦皇成,1:48.1,3,10-11-8-7,38.8,10.6,5,532(-4),01116,[東]新開幸一,310007,吉田千津,,"4,8(1,5,11,13)10(7,12)-(2,15)6,14,9,3",10,2,5.0,False,"4,8(1,11,13)5(7,10,12)-2,15,6-14,9,3",11,1,6.5,False,"4,8,13,12,10(1,7)(5,15)-(2,6)11(14,9)-3",8,2,6.0,False,"4,8,13,12,10,7,15(1,5,2,6)9,14-3-11",7,1,9.0,False,-6,
201903020808,8,3歳以上500万下,ダ,1700,曇,稍重,14:05,2019-07-21,福島,10,3,5,2016101385,ゲンパチシャドウ,牡3,54,00689,江田照男,1:48.2,1/2,3-6-8-8,38.9,167.8,15,462(+8),01027,[東]田村康仁,689002,平野武志,,"4,8(1,5,11,13)10(7,12)-(2,15)6,14,9,3",3,4,1.5,False,"4,8(1,11,13)5(7,10,12)-2,15,6-14,9,3",6,1,1.5,False,"4,8,13,12,10(1,7)(5,15)-(2,6)11(14,9)-3",8,2,6.0,False,"4,8,13,12,10,7,15(1,5,2,6)9,14-3-11",8,4,9.0,False,-6,
201903020808,8,3歳以上500万下,ダ,1700,曇,稍重,14:05,2019-07-21,福島,11,8,14,2016100312,ベターハーフ,牝3,52,00733,吉田豊,1:48.3,3/4,13-13-13-13,38.3,50.7,12,474(-4),01108,[東]矢野英一,818008,宮城寛也,,"4,8(1,5,11,13)10(7,12)-(2,15)6,14,9,3",13,1,6.5,False,"4,8(1,11,13)5(7,10,12)-2,15,6-14,9,3",13,1,11.5,False,"4,8,13,12,10(1,7)(5,15)-(2,6)11(14,9)-3",13,2,9.5,False,"4,8,13,12,10,7,15(1,5,2,6)9,14-3-11",13,1,10.5,False,-6,
201903020808,8,3歳以上500万下,ダ,1700,曇,稍重,14:05,2019-07-21,福島,12,2,3,2015101591,シールート,セ4,57,00422,内田博幸,1:48.4,クビ,15-15-15-14,38.1,18.4,9,494(+8),01079,[東]古賀慎明,003060,ゴドルフィン,,"4,8(1,5,11,13)10(7,12)-(2,15)6,14,9,3",15,1,9.5,False,"4,8(1,11,13)5(7,10,12)-2,15,6-14,9,3",15,1,14.5,False,"4,8,13,12,10(1,7)(5,15)-(2,6)11(14,9)-3",15,1,13.0,False,"4,8,13,12,10,7,15(1,5,2,6)9,14-3-11",14,1,14.0,False,-6,
201903020808,8,3歳以上500万下,ダ,1700,曇,稍重,14:05,2019-07-21,福島,13,4,7,2012104064,ブレイクエース,牡7,55,01158,野中悠太,1:49.2,5,8-7-6-6,40.0,114.9,13,512(+12),01054,[東]戸田博文,486800,キャロットファーム,,"4,8(1,5,11,13)10(7,12)-(2,15)6,14,9,3",8,2,1.5,False,"4,8(1,11,13)5(7,10,12)-2,15,6-14,9,3",7,3,1.5,False,"4,8,13,12,10(1,7)(5,15)-(2,6)11(14,9)-3",6,2,6.0,False,"4,8,13,12,10,7,15(1,5,2,6)9,14-3-11",6,1,7.5,False,-6,
201903020808,8,3歳以上500万下,ダ,1700,曇,稍重,14:05,2019-07-21,福島,14,1,1,2016104823,ゴールドアックス,牡3,52,01167,木幡育也,1:49.5,1.3/4,3-3-6-8,40.3,15.9,7,414(0),00405,[東]小西一男,486800,キャロットファーム,,"4,8(1,5,11,13)10(7,12)-(2,15)6,14,9,3",3,4,1.5,False,"4,8(1,11,13)5(7,10,12)-2,15,6-14,9,3",3,3,1.5,False,"4,8,13,12,10(1,7)(5,15)-(2,6)11(14,9)-3",6,2,6.0,False,"4,8,13,12,10,7,15(1,5,2,6)9,14-3-11",8,4,9.0,False,-6,
201903020808,8,3歳以上500万下,ダ,1700,曇,稍重,14:05,2019-07-21,福島,15,6,11,2016110084,グーガルラヴィ,牡3,54,01134,嶋田純次,1:51.6,大,3-3-12-15,41.8,120.3,14,510(+4),01038,[東]手塚貴久,491030,藤田在子,,"4,8(1,5,11,13)10(7,12)-(2,15)6,14,9,3",3,4,1.5,False,"4,8(1,11,13)5(7,10,12)-2,15,6-14,9,3",3,3,1.5,False,"4,8,13,12,10(1,7)(5,15)-(2,6)11(14,9)-3",12,1,9.5,False,"4,8,13,12,10,7,15(1,5,2,6)9,14-3-11",15,1,17.5,False,-6,
201903020809,9,白河特別(2勝),芝,1200,曇,稍重,14:37,2019-07-21,福島,1,7,13,2014103373,サウンドマジック,牝5,51,01151,井上敏樹,1:09.6,,2-2,35.3,32.3,11,450(+12),01114,[東]和田正一,168006,増田雄一,"1,535.7",,,,,,,,,,,"11,13(2,5,15)(9,14)3,7(6,16)(8,10)12(1,4)",2,1,1.5,False,"11(5,13)15(2,9,14)(3,7)6(8,16,4)1(12,10)",2,2,0.0,False,14,
201903020809,9,白河特別(2勝),芝,1200,曇,稍重,14:37,2019-07-21,福島,2,7,14,2015105276,シセイヒテン,牡4,56,01127,丸山元気,1:09.8,1.1/4,6-5,35.0,3.4,1,442(0),00420,[東]宗像義忠,441009,猪苗代勇,610.2,,,,,,,,,,,"11,13(2,5,15)(9,14)3,7(6,16)(8,10)12(1,4)",6,2,1.5,False,"11(5,13)15(2,9,14)(3,7)6(8,16,4)1(12,10)",5,3,0.0,False,14,
201903020809,9,白河特別(2勝),芝,1200,曇,稍重,14:37,2019-07-21,福島,3,5,9,2016110152,マリアズハート,牝3,51,01096,大野拓弥,1:09.9,1/2,6-5,35.2,4.5,2,490(+4),01115,[東]菊沢隆徳,854800,ノルマンディーサラブ...,385.1,,,,,,,,,,,"11,13(2,5,15)(9,14)3,7(6,16)(8,10)12(1,4)",6,2,1.5,False,"11(5,13)15(2,9,14)(3,7)6(8,16,4)1(12,10)",5,3,0.0,False,14,
201903020809,9,白河特別(2勝),芝,1200,曇,稍重,14:37,2019-07-21,福島,4,2,4,2014103389,イノバティブ,セ5,55,01162,木幡巧也,1:10.0,3/4,15-11,34.2,37.6,12,446(-10),01020,[東]相沢郁,078006,畑佐博,230.0,,,,,,,,,,,"11,13(2,5,15)(9,14)3,7(6,16)(8,10)12(1,4)",15,2,3.0,False,"11(5,13)15(2,9,14)(3,7)6(8,16,4)1(12,10)",11,3,0.0,False,14,
201903020809,9,白河特別(2勝),芝,1200,曇,稍重,14:37,2019-07-21,福島,5,8,15,2014105116,プリティマックス,牝5,52,01158,野中悠太,1:10.1,1/2,3-4,35.7,42.2,13,436(+2),01052,[東]菊川正達,530006,丸岡啓一,150.0,,,,,,,,,,,"11,13(2,5,15)(9,14)3,7(6,16)(8,10)12(1,4)",3,3,1.5,False,"11(5,13)15(2,9,14)(3,7)6(8,16,4)1(12,10)",4,1,0.0,False,14,
201903020809,9,白河特別(2勝),芝,1200,曇,稍重,14:37,2019-07-21,福島,6,2,3,2013101296,スズカプリズム,牝6,52,05386,戸崎圭太,1:10.1,アタマ,8-8,35.2,19.1,8,482(-2),00362,[西]橋田満,382004,永井啓弍,,,,,,,,,,,,"11,13(2,5,15)(9,14)3,7(6,16)(8,10)12(1,4)",8,1,1.5,False,"11(5,13)15(2,9,14)(3,7)6(8,16,4)1(12,10)",8,2,0.0,False,14,
201903020809,9,白河特別(2勝),芝,1200,曇,稍重,14:37,2019-07-21,福島,7,1,1,2014100080,シゲルベンガルトラ,牡5,56,00660,横山典弘,1:10.3,1,15-14,34.5,4.7,3,480(+8),01165,[東]和田勇介,674004,森中蕃,,,,,,,,,,,,"11,13(2,5,15)(9,14)3,7(6,16)(8,10)12(1,4)",15,2,3.0,False,"11(5,13)15(2,9,14)(3,7)6(8,16,4)1(12,10)",14,1,0.0,False,14,
201903020809,9,白河特別(2勝),芝,1200,曇,稍重,14:37,2019-07-21,福島,8,3,6,2014105413,バーミーブリーズ,牝5,52,01004,西田雄一,1:10.3,ハナ,10-10,35.1,30.6,10,464(+4),01156,[東]青木孝文,758005,吉田照哉,,,,,,,,,,,,"11,13(2,5,15)(9,14)3,7(6,16)(8,10)12(1,4)",10,2,3.0,False,"11(5,13)15(2,9,14)(3,7)6(8,16,4)1(12,10)",10,1,0.0,False,14,
201903020809,9,白河特別(2勝),芝,1200,曇,稍重,14:37,2019-07-21,福島,9,4,8,2013102031,チタンクレバー,牝6,51,00733,吉田豊,1:10.3,クビ,12-11,35.0,81.6,15,448(+4),00392,[東]古賀史生,624007,鈴木康弘,,,,,,,,,,,,"11,13(2,5,15)(9,14)3,7(6,16)(8,10)12(1,4)",12,2,3.0,False,"11(5,13)15(2,9,14)(3,7)6(8,16,4)1(12,10)",11,3,0.0,False,14,
201903020809,9,白河特別(2勝),芝,1200,曇,稍重,14:37,2019-07-21,福島,10,4,7,2014104265,ツヅク,牝5,52,00689,江田照男,1:10.3,ハナ,9-8,35.3,19.0,7,446(-2),01109,[東]伊藤大士,411033,清水敏,,,,,,,,,,,,"11,13(2,5,15)(9,14)3,7(6,16)(8,10)12(1,4)",9,1,3.0,False,"11(5,13)15(2,9,14)(3,7)6(8,16,4)1(12,10)",8,2,0.0,False,14,
201903020809,9,白河特別(2勝),芝,1200,曇,稍重,14:37,2019-07-21,福島,11,6,12,2015101480,オジョーノキセキ,牝4,53,01122,三浦皇成,1:10.5,1,14-15,34.9,8.4,4,518(+18),01109,[東]伊藤大士,427030,前原敏行,,,,,,,,,,,,"11,13(2,5,15)(9,14)3,7(6,16)(8,10)12(1,4)",14,1,3.0,False,"11(5,13)15(2,9,14)(3,7)6(8,16,4)1(12,10)",15,2,0.0,False,14,
201903020809,9,白河特別(2勝),芝,1200,曇,稍重,14:37,2019-07-21,福島,12,3,5,2014110043,レヴァンテライオン,セ5,54,00641,柴田善臣,1:10.5,クビ,3-2,36.1,26.5,9,492(+6),01169,[東]加藤士津,542800,ライオンレースホース,,,,,,,,,,,,"11,13(2,5,15)(9,14)3,7(6,16)(8,10)12(1,4)",3,3,1.5,False,"11(5,13)15(2,9,14)(3,7)6(8,16,4)1(12,10)",2,2,0.0,False,14,
201903020809,9,白河特別(2勝),芝,1200,曇,稍重,14:37,2019-07-21,福島,13,5,10,2011105905,スズカプリオール,牡8,51,01167,木幡育也,1:10.8,1.1/2,12-15,35.4,202.5,16,498(-6),00380,[東]柄崎孝,382004,永井啓弍,,,,,,,,,,,,"11,13(2,5,15)(9,14)3,7(6,16)(8,10)12(1,4)",12,2,3.0,False,"11(5,13)15(2,9,14)(3,7)6(8,16,4)1(12,10)",15,2,0.0,False,14,
201903020809,9,白河特別(2勝),芝,1200,曇,稍重,14:37,2019-07-21,福島,14,6,11,2016103017,ルマーカーブル,牡3,52,01009,柴田大知,1:10.8,クビ,1-1,36.7,18.6,6,520(+4),00437,[東]南田美知,910006,伊達敏明,,,,,,,,,,,,"11,13(2,5,15)(9,14)3,7(6,16)(8,10)12(1,4)",1,1,0.0,False,"11(5,13)15(2,9,14)(3,7)6(8,16,4)1(12,10)",1,1,0.0,False,14,
201903020809,9,白河特別(2勝),芝,1200,曇,稍重,14:37,2019-07-21,福島,15,1,2,2015104320,セイウンリリシイ,牝4,53,01164,藤田菜七,1:11.0,1.1/4,3-5,36.6,14.7,5,462(+2),01094,[東]水野貴広,897009,西山茂行,,,,,,,,,,,,"11,13(2,5,15)(9,14)3,7(6,16)(8,10)12(1,4)",3,3,1.5,False,"11(5,13)15(2,9,14)(3,7)6(8,16,4)1(12,10)",5,3,0.0,False,14,
201903020809,9,白河特別(2勝),芝,1200,曇,稍重,14:37,2019-07-21,福島,16,8,16,2014104195,フォーティプリンス,牡5,54,01135,杉原誠人,1:11.3,1.3/4,10-11,36.2,60.9,14,478(+2),00405,[東]小西一男,067700,ホースアディクト,,,,,,,,,,,,"11,13(2,5,15)(9,14)3,7(6,16)(8,10)12(1,4)",10,2,3.0,False,"11(5,13)15(2,9,14)(3,7)6(8,16,4)1(12,10)",11,3,0.0,False,14,
201903020810,10,横手特別(2勝),ダ,1700,曇,稍重,15:11,2019-07-21,福島,1,8,15,2014104550,グラスブルース,牡5,57,01162,木幡巧也,1:45.5,,9-9-9-10,37.7,16.5,7,516(-2),01106,[東]牧光二,541800,半沢,"1,539.9","(6,*10)-12(5,4)14(2,3)(11,15)8,7-13,9,1",9,2,3.5,False,"(*6,10)-(5,12)4(2,3)14(11,15)-8,7-(13,9)-1",9,2,3.5,False,"(*6,10)-(5,12)-4(2,14)3(7,15)11(8,9)-13,1",9,2,7.0,False,"(*6,10)(5,12)(14,4)(2,7,3)15-(11,9)8-(13,1)",10,1,0.0,False,-7,
201903020810,10,横手特別(2勝),ダ,1700,曇,稍重,15:11,2019-07-21,福島,2,8,14,2015100548,ロジティナ,牡4,57,01096,大野拓弥,1:45.7,1.1/4,6-8-6-5,38.2,7.8,4,536(-6),01116,[東]新開幸一,399030,久米田正明,611.4,"(6,*10)-12(5,4)14(2,3)(11,15)8,7-13,9,1",6,1,3.5,False,"(*6,10)-(5,12)4(2,3)14(11,15)-8,7-(13,9)-1",8,1,3.5,False,"(*6,10)-(5,12)-4(2,14)3(7,15)11(8,9)-13,1",6,2,7.0,False,"(*6,10)(5,12)(14,4)(2,7,3)15-(11,9)8-(13,1)",5,2,0.0,False,-7,
201903020810,10,横手特別(2勝),ダ,1700,曇,稍重,15:11,2019-07-21,福島,3,1,1,2015101512,キャベンディッシュ,牡4,57,01127,丸山元気,1:45.8,3/4,15-15-15-14,36.8,13.9,5,502(0),01005,[東]小桧山悟,331006,本杉芳郎,385.7,"(6,*10)-12(5,4)14(2,3)(11,15)8,7-13,9,1",15,1,11.5,False,"(*6,10)-(5,12)4(2,3)14(11,15)-8,7-(13,9)-1",15,1,15.5,False,"(*6,10)-(5,12)-4(2,14)3(7,15)11(8,9)-13,1",15,1,12.0,False,"(*6,10)(5,12)(14,4)(2,7,3)15-(11,9)8-(13,1)",14,2,7.0,False,-7,
201903020810,10,横手特別(2勝),ダ,1700,曇,稍重,15:11,2019-07-21,福島,4,4,7,2015100130,ケイツーリラ,牝4,55,01051,嘉藤貴行,1:45.8,クビ,12-12-9-7,38.0,135.7,14,442(-4),01026,[東]鈴木伸尋,103006,楠本勝美,230.0,"(6,*10)-12(5,4)14(2,3)(11,15)8,7-13,9,1",12,1,5.0,False,"(*6,10)-(5,12)4(2,3)14(11,15)-8,7-(13,9)-1",12,1,8.5,False,"(*6,10)-(5,12)-4(2,14)3(7,15)11(8,9)-13,1",9,2,7.0,False,"(*6,10)(5,12)(14,4)(2,7,3)15-(11,9)8-(13,1)",7,3,0.0,False,-7,
201903020810,10,横手特別(2勝),ダ,1700,曇,稍重,15:11,2019-07-21,福島,5,3,4,2015103370,シゲノブ,牡4,57,05386,戸崎圭太,1:45.8,アタマ,4-5-5-5,38.4,4.1,3,510(0),01127,[東]栗田徹,960030,玉腰勇吉,150.0,"(6,*10)-12(5,4)14(2,3)(11,15)8,7-13,9,1",4,2,3.5,False,"(*6,10)-(5,12)4(2,3)14(11,15)-8,7-(13,9)-1",5,1,3.5,False,"(*6,10)-(5,12)-4(2,14)3(7,15)11(8,9)-13,1",5,1,7.0,False,"(*6,10)(5,12)(14,4)(2,7,3)15-(11,9)8-(13,1)",5,2,0.0,False,-7,
201903020810,10,横手特別(2勝),ダ,1700,曇,稍重,15:11,2019-07-21,福島,6,2,3,2015101257,エピックアン,牡4,57,01122,三浦皇成,1:45.9,3/4,7-6-8-7,38.3,4.1,2,514(+12),01124,[東]大和田成,028803,ＴＵＲＦレーシング,,"(6,*10)-12(5,4)14(2,3)(11,15)8,7-13,9,1",7,2,3.5,False,"(*6,10)-(5,12)4(2,3)14(11,15)-8,7-(13,9)-1",6,2,3.5,False,"(*6,10)-(5,12)-4(2,14)3(7,15)11(8,9)-13,1",8,1,7.0,False,"(*6,10)(5,12)(14,4)(2,7,3)15-(11,9)8-(13,1)",7,3,0.0,False,-7,
201903020810,10,横手特別(2勝),ダ,1700,曇,稍重,15:11,2019-07-21,福島,7,2,2,2015104010,フィールザファラオ,牡4,57,00422,内田博幸,1:45.9,ハナ,7-6-6-7,38.4,35.6,10,454(-4),01051,[東]岩戸孝樹,864009,櫻井正,,"(6,*10)-12(5,4)14(2,3)(11,15)8,7-13,9,1",7,2,3.5,False,"(*6,10)-(5,12)4(2,3)14(11,15)-8,7-(13,9)-1",6,2,3.5,False,"(*6,10)-(5,12)-4(2,14)3(7,15)11(8,9)-13,1",6,2,7.0,False,"(*6,10)(5,12)(14,4)(2,7,3)15-(11,9)8-(13,1)",7,3,0.0,False,-7,
201903020810,10,横手特別(2勝),ダ,1700,曇,稍重,15:11,2019-07-21,福島,8,6,10,2013103590,ヒルノサルバドール,牡6,57,00660,横山典弘,1:45.9,ハナ,1-2-2-2,39.4,3.4,1,458(-2),01044,[西]昆貢,823800,ヒルノ,,"(6,*10)-12(5,4)14(2,3)(11,15)8,7-13,9,1",1,2,0.0,True,"(*6,10)-(5,12)4(2,3)14(11,15)-8,7-(13,9)-1",2,2,0.0,False,"(*6,10)-(5,12)-4(2,14)3(7,15)11(8,9)-13,1",2,2,0.0,False,"(*6,10)(5,12)(14,4)(2,7,3)15-(11,9)8-(13,1)",2,2,0.0,False,-7,
201903020810,10,横手特別(2勝),ダ,1700,曇,稍重,15:11,2019-07-21,福島,9,3,5,2015100960,カラリエーヴァ,牝4,55,01118,宮崎北斗,1:46.0,1/2,4-3-3-3,39.0,23.6,8,490(+2),01081,[東]中川公成,510033,天堀忠博,,"(6,*10)-12(5,4)14(2,3)(11,15)8,7-13,9,1",4,2,3.5,False,"(*6,10)-(5,12)4(2,3)14(11,15)-8,7-(13,9)-1",3,2,3.5,False,"(*6,10)-(5,12)-4(2,14)3(7,15)11(8,9)-13,1",3,2,3.5,False,"(*6,10)(5,12)(14,4)(2,7,3)15-(11,9)8-(13,1)",3,2,0.0,False,-7,
201903020810,10,横手特別(2勝),ダ,1700,曇,稍重,15:11,2019-07-21,福島,10,5,9,2013109095,ハシカミ,牡6,57,01029,武士沢友,1:46.4,2.1/2,14-13-12-11,38.1,100.3,11,482(-2),01005,[東]小桧山悟,981002,中村勝彦,,"(6,*10)-12(5,4)14(2,3)(11,15)8,7-13,9,1",14,1,10.0,False,"(*6,10)-(5,12)4(2,3)14(11,15)-8,7-(13,9)-1",13,2,12.0,False,"(*6,10)-(5,12)-4(2,14)3(7,15)11(8,9)-13,1",12,2,7.0,False,"(*6,10)(5,12)(14,4)(2,7,3)15-(11,9)8-(13,1)",11,2,3.5,False,-7,
201903020810,10,横手特別(2勝),ダ,1700,曇,稍重,15:11,2019-07-21,福島,11,4,6,2014105676,メンターモード,牡5,57,01164,藤田菜七,1:46.6,1,2-1-1-1,40.2,15.1,6,514(+18),01062,[西]藤岡健一,015008,青山洋一,,"(6,*10)-12(5,4)14(2,3)(11,15)8,7-13,9,1",2,2,0.0,False,"(*6,10)-(5,12)4(2,3)14(11,15)-8,7-(13,9)-1",1,2,0.0,True,"(*6,10)-(5,12)-4(2,14)3(7,15)11(8,9)-13,1",1,2,0.0,True,"(*6,10)(5,12)(14,4)(2,7,3)15-(11,9)8-(13,1)",1,2,0.0,True,-7,
201903020810,10,横手特別(2勝),ダ,1700,曇,稍重,15:11,2019-07-21,福島,12,7,12,2015103525,ライナス,牡4,57,05420,真島大輔,1:46.7,3/4,3-3-3-3,39.7,32.0,9,486(+8),01138,[西]浜田多実,943030,橋元勇氣,,"(6,*10)-12(5,4)14(2,3)(11,15)8,7-13,9,1",3,1,3.5,False,"(*6,10)-(5,12)4(2,3)14(11,15)-8,7-(13,9)-1",3,2,3.5,False,"(*6,10)-(5,12)-4(2,14)3(7,15)11(8,9)-13,1",3,2,3.5,False,"(*6,10)(5,12)(14,4)(2,7,3)15-(11,9)8-(13,1)",3,2,0.0,False,-7,
201903020810,10,横手特別(2勝),ダ,1700,曇,稍重,15:11,2019-07-21,福島,13,7,13,2015105605,フレッシビレ,牝4,55,00641,柴田善臣,1:47.2,3,13-13-14-14,38.4,149.7,15,506(+8),00435,[東]藤原辰雄,367800,グランド牧場,,"(6,*10)-12(5,4)14(2,3)(11,15)8,7-13,9,1",13,1,8.5,False,"(*6,10)-(5,12)4(2,3)14(11,15)-8,7-(13,9)-1",13,2,12.0,False,"(*6,10)-(5,12)-4(2,14)3(7,15)11(8,9)-13,1",14,1,10.5,False,"(*6,10)(5,12)(14,4)(2,7,3)15-(11,9)8-(13,1)",14,2,7.0,False,-7,
201903020810,10,横手特別(2勝),ダ,1700,曇,稍重,15:11,2019-07-21,福島,14,6,11,2015106131,キョウエイソフィア,牝4,55,01158,野中悠太,1:47.3,クビ,9-9-11-11,39.3,100.5,12,458(+2),01024,[東]萱野浩二,619002,田中晴夫,,"(6,*10)-12(5,4)14(2,3)(11,15)8,7-13,9,1",9,2,3.5,False,"(*6,10)-(5,12)4(2,3)14(11,15)-8,7-(13,9)-1",9,2,3.5,False,"(*6,10)-(5,12)-4(2,14)3(7,15)11(8,9)-13,1",11,1,7.0,False,"(*6,10)(5,12)(14,4)(2,7,3)15-(11,9)8-(13,1)",11,2,3.5,False,-7,
201903020810,10,横手特別(2勝),ダ,1700,曇,稍重,15:11,2019-07-21,福島,15,5,8,2015104066,ノーザンクリス,牡4,57,00689,江田照男,1:47.7,2.1/2,11-11-12-13,39.4,104.9,13,528(+12),01059,[東]加藤征弘,039060,Ｃ．チェン,,"(6,*10)-12(5,4)14(2,3)(11,15)8,7-13,9,1",11,1,3.5,False,"(*6,10)-(5,12)4(2,3)14(11,15)-8,7-(13,9)-1",11,1,7.0,False,"(*6,10)-(5,12)-4(2,14)3(7,15)11(8,9)-13,1",12,2,7.0,False,"(*6,10)(5,12)(14,4)(2,7,3)15-(11,9)8-(13,1)",13,1,3.5,False,-7,
201903020811,11,福島テレビOP(OP),芝,1800,曇,稍重,15:45,2019-07-21,福島,1,8,13,2013105316,リライアブルエース,牡6,56,00733,吉田豊,1:48.9,,7-8-9-5,34.8,3.7,1,494(0),01075,[西]矢作芳人,226800,サンデーレーシング,"2,430.8","3,6,14(5,10)8(9,13)(11,12)1,7,2,4",7,2,3.0,False,"3-6-14(5,10)9,8,13(11,12)(4,1,7)2",8,1,10.0,False,"3-6-(5,14)10,9(4,8)13(12,2)11(1,7)",9,1,8.5,False,"3-6,5-4(9,13,14,10)(8,12)(11,1,2)7",5,4,8.5,False,16,
201903020811,11,福島テレビOP(OP),芝,1800,曇,稍重,15:45,2019-07-21,福島,2,3,3,2013105646,マウントゴールド,牡6,58,01127,丸山元気,1:48.9,クビ,1-1-1-1,36.2,13.6,6,442(-2),01071,[西]池江泰寿,831800,青芝商事,968.8,"3,6,14(5,10)8(9,13)(11,12)1,7,2,4",1,1,0.0,False,"3-6-14(5,10)9,8,13(11,12)(4,1,7)2",1,1,0.0,False,"3-6-(5,14)10,9(4,8)13(12,2)11(1,7)",1,1,0.0,False,"3-6,5-4(9,13,14,10)(8,12)(11,1,2)7",1,1,0.0,False,16,
201903020811,11,福島テレビOP(OP),芝,1800,曇,稍重,15:45,2019-07-21,福島,3,4,6,2013109072,ミライヘノツバサ,牡6,56,01009,柴田大知,1:49.0,クビ,2-2-2-2,35.9,24.4,9,502(-2),01109,[東]伊藤大士,672030,三島宣彦,604.4,"3,6,14(5,10)8(9,13)(11,12)1,7,2,4",2,1,1.5,False,"3-6-14(5,10)9,8,13(11,12)(4,1,7)2",2,1,3.5,False,"3-6-(5,14)10,9(4,8)13(12,2)11(1,7)",2,1,3.5,False,"3-6,5-4(9,13,14,10)(8,12)(11,1,2)7",2,1,3.5,False,16,
201903020811,11,福島テレビOP(OP),芝,1800,曇,稍重,15:45,2019-07-21,福島,4,3,4,2014102698,キョウヘイ,牡5,56,01029,武士沢友,1:49.1,1/2,14-11-7-4,35.1,16.4,8,442(-4),01073,[西]宮本博,775006,瀬谷隆雄,360.0,"3,6,14(5,10)8(9,13)(11,12)1,7,2,4",14,1,7.5,False,"3-6-14(5,10)9,8,13(11,12)(4,1,7)2",11,3,10.0,False,"3-6-(5,14)10,9(4,8)13(12,2)11(1,7)",7,2,8.5,False,"3-6,5-4(9,13,14,10)(8,12)(11,1,2)7",4,1,8.5,False,16,
201903020811,11,福島テレビOP(OP),芝,1800,曇,稍重,15:45,2019-07-21,福島,5,4,5,2015102718,リコーワルサー,牡4,56,05420,真島大輔,1:49.5,2.1/2,4-4-3-3,36.1,43.1,12,496(-3),05625,[地]荒山勝徳,519031,土橋正雄,240.0,"3,6,14(5,10)8(9,13)(11,12)1,7,2,4",4,2,3.0,False,"3-6-14(5,10)9,8,13(11,12)(4,1,7)2",4,2,7.0,False,"3-6-(5,14)10,9(4,8)13(12,2)11(1,7)",3,2,7.0,False,"3-6,5-4(9,13,14,10)(8,12)(11,1,2)7",3,1,5.0,False,16,
201903020811,11,福島テレビOP(OP),芝,1800,曇,稍重,15:45,2019-07-21,福島,6,7,12,2015104976,グレイル,牡4,56,00422,内田博幸,1:49.8,1.1/2,9-9-10-9,35.5,3.9,2,510(+16),01098,[西]野中賢二,045803,カナヤマホールディン...,,"3,6,14(5,10)8(9,13)(11,12)1,7,2,4",9,2,3.0,False,"3-6-14(5,10)9,8,13(11,12)(4,1,7)2",9,2,10.0,False,"3-6-(5,14)10,9(4,8)13(12,2)11(1,7)",10,2,8.5,False,"3-6,5-4(9,13,14,10)(8,12)(11,1,2)7",9,2,8.5,False,16,
201903020811,11,福島テレビOP(OP),芝,1800,曇,稍重,15:45,2019-07-21,福島,7,5,8,2012103405,ベステンダンク,牡7,57,05386,戸崎圭太,1:49.9,1/2,6-7-7-9,36.0,8.2,4,508(-6),01042,[西]安達昭夫,010803,市川義美ホールディン...,,"3,6,14(5,10)8(9,13)(11,12)1,7,2,4",6,1,3.0,False,"3-6-14(5,10)9,8,13(11,12)(4,1,7)2",7,1,8.5,False,"3-6-(5,14)10,9(4,8)13(12,2)11(1,7)",7,2,8.5,False,"3-6,5-4(9,13,14,10)(8,12)(11,1,2)7",9,2,8.5,False,16,
201903020811,11,福島テレビOP(OP),芝,1800,曇,稍重,15:45,2019-07-21,福島,8,6,10,2012110001,ストーンウェア,牡7,56,00663,蛯名正義,1:50.1,1.1/4,4-4-5-5,36.5,12.6,5,472(+12),01101,[西]吉田直弘,758005,吉田照哉,,"3,6,14(5,10)8(9,13)(11,12)1,7,2,4",4,2,3.0,False,"3-6-14(5,10)9,8,13(11,12)(4,1,7)2",4,2,7.0,False,"3-6-(5,14)10,9(4,8)13(12,2)11(1,7)",5,1,7.0,False,"3-6,5-4(9,13,14,10)(8,12)(11,1,2)7",5,4,8.5,False,16,
201903020811,11,福島テレビOP(OP),芝,1800,曇,稍重,15:45,2019-07-21,福島,9,1,1,2015105021,コズミックフォース,牡4,56,01122,三浦皇成,1:50.3,1.1/2,11-11-13-11,35.8,5.5,3,474(-6),00399,[東]国枝栄,226800,サンデーレーシング,,"3,6,14(5,10)8(9,13)(11,12)1,7,2,4",11,1,3.0,False,"3-6-14(5,10)9,8,13(11,12)(4,1,7)2",11,3,10.0,False,"3-6-(5,14)10,9(4,8)13(12,2)11(1,7)",13,2,8.5,False,"3-6,5-4(9,13,14,10)(8,12)(11,1,2)7",11,3,8.5,False,16,
201903020811,11,福島テレビOP(OP),芝,1800,曇,稍重,15:45,2019-07-21,福島,10,5,7,2014104273,プラチナムバレット,牡5,56,01092,津村明秀,1:50.6,1.1/2,12-11-13-14,36.1,37.9,11,480(-2),01072,[西]河内洋,854800,ノルマンディーサラブ...,,"3,6,14(5,10)8(9,13)(11,12)1,7,2,4",12,1,4.5,False,"3-6-14(5,10)9,8,13(11,12)(4,1,7)2",11,3,10.0,False,"3-6-(5,14)10,9(4,8)13(12,2)11(1,7)",13,2,8.5,False,"3-6,5-4(9,13,14,10)(8,12)(11,1,2)7",14,1,8.5,False,16,
201903020811,11,福島テレビOP(OP),芝,1800,曇,稍重,15:45,2019-07-21,福島,11,6,9,2012104808,ロジチャリス,牡7,57,01096,大野拓弥,1:50.7,1/2,7-6-6-5,37.0,57.9,13,546(-2),00399,[東]国枝栄,399030,久米田正明,,"3,6,14(5,10)8(9,13)(11,12)1,7,2,4",7,2,3.0,False,"3-6-14(5,10)9,8,13(11,12)(4,1,7)2",6,1,7.0,False,"3-6-(5,14)10,9(4,8)13(12,2)11(1,7)",6,1,8.5,False,"3-6,5-4(9,13,14,10)(8,12)(11,1,2)7",5,4,8.5,False,16,
201903020811,11,福島テレビOP(OP),芝,1800,曇,稍重,15:45,2019-07-21,福島,12,7,11,2013103687,クラウンディバイダ,セ6,56,01162,木幡巧也,1:50.8,1/2,9-9-12-11,36.4,141.9,14,468(-4),01090,[東]天間昭一,826800,クラウン,,"3,6,14(5,10)8(9,13)(11,12)1,7,2,4",9,2,3.0,False,"3-6-14(5,10)9,8,13(11,12)(4,1,7)2",9,2,10.0,False,"3-6-(5,14)10,9(4,8)13(12,2)11(1,7)",12,1,8.5,False,"3-6,5-4(9,13,14,10)(8,12)(11,1,2)7",11,3,8.5,False,16,
201903020811,11,福島テレビOP(OP),芝,1800,曇,稍重,15:45,2019-07-21,福島,13,8,14,2012104164,ミュゼエイリアン,セ7,57,01158,野中悠太,1:50.8,クビ,3-3-3-5,37.4,14.3,7,484(0),01133,[東]黒岩陽一,656033,菊地祐司,,"3,6,14(5,10)8(9,13)(11,12)1,7,2,4",3,1,3.0,False,"3-6-14(5,10)9,8,13(11,12)(4,1,7)2",3,1,7.0,False,"3-6-(5,14)10,9(4,8)13(12,2)11(1,7)",3,2,7.0,False,"3-6,5-4(9,13,14,10)(8,12)(11,1,2)7",5,4,8.5,False,16,
201903020811,11,福島テレビOP(OP),芝,1800,曇,稍重,15:45,2019-07-21,福島,14,2,2,2015104663,ベルーガ,牝4,54,01141,中井裕二,1:50.8,アタマ,13-14-10-11,36.5,30.8,10,484(+4),01137,[西]中内田充,035060,Ｒ．アンダーソン,,"3,6,14(5,10)8(9,13)(11,12)1,7,2,4",13,1,6.0,False,"3-6-14(5,10)9,8,13(11,12)(4,1,7)2",14,1,10.0,False,"3-6-(5,14)10,9(4,8)13(12,2)11(1,7)",10,2,8.5,False,"3-6,5-4(9,13,14,10)(8,12)(11,1,2)7",11,3,8.5,False,16,
201903020812,12,3歳以上500万下,ダ,1150,曇,稍重,16:30,2019-07-21,福島,1,4,6,2016101264,サニーストーム,牝3,52,05386,戸崎圭太,1:07.9,,2-1,36.6,1.5,1,452(+4),01059,[東]加藤征弘,788033,陳立文,750.0,,,,,,,,,,,"(*1,6)(2,12,14)(5,15)8(10,13)(3,11,9)4-7",2,2,0.0,False,"(1,*6)-2(12,14)(8,5,15)(10,13)(3,9)11,4,7",1,2,0.0,True,-7,
201903020812,12,3歳以上500万下,ダ,1150,曇,稍重,16:30,2019-07-21,福島,2,3,5,2015105609,サトノユニゾン,セ4,55,01158,野中悠太,1:08.7,5,6-6,37.0,7.9,3,496(+4),01079,[東]古賀慎明,075803,サトミホースカンパニ...,300.0,,,,,,,,,,,"(*1,6)(2,12,14)(5,15)8(10,13)(3,11,9)4-7",6,2,0.0,False,"(1,*6)-2(12,14)(8,5,15)(10,13)(3,9)11,4,7",6,3,3.5,False,-7,
201903020812,12,3歳以上500万下,ダ,1150,曇,稍重,16:30,2019-07-21,福島,3,3,4,2012105320,シャイニングカフェ,牡7,57,01096,大野拓弥,1:08.8,1/2,14-14,36.3,35.6,8,520(+2),01165,[東]和田勇介,629007,西川光一,190.0,,,,,,,,,,,"(*1,6)(2,12,14)(5,15)8(10,13)(3,11,9)4-7",14,1,0.0,False,"(1,*6)-2(12,14)(8,5,15)(10,13)(3,9)11,4,7",14,1,5.0,False,-7,
201903020812,12,3歳以上500万下,ダ,1150,曇,稍重,16:30,2019-07-21,福島,4,7,12,2016100181,カッチョエペペ,牝3,51,01162,木幡巧也,1:08.8,ハナ,3-4,37.4,6.1,2,452(+16),01106,[東]牧光二,011008,平田修,110.0,,,,,,,,,,,"(*1,6)(2,12,14)(5,15)8(10,13)(3,11,9)4-7",3,3,0.0,False,"(1,*6)-2(12,14)(8,5,15)(10,13)(3,9)11,4,7",4,2,3.5,False,-7,
201903020812,12,3歳以上500万下,ダ,1150,曇,稍重,16:30,2019-07-21,福島,5,5,8,2014103191,オールデン,牡5,57,00422,内田博幸,1:08.8,アタマ,8-6,37.0,14.7,5,454(+8),00405,[東]小西一男,693033,金山敏也,75.0,,,,,,,,,,,"(*1,6)(2,12,14)(5,15)8(10,13)(3,11,9)4-7",8,1,0.0,False,"(1,*6)-2(12,14)(8,5,15)(10,13)(3,9)11,4,7",6,3,3.5,False,-7,
201903020812,12,3歳以上500万下,ダ,1150,曇,稍重,16:30,2019-07-21,福島,6,2,2,2014103175,スマートアムール,牝5,55,01029,武士沢友,1:08.9,クビ,3-3,37.4,79.6,10,464(+6),01096,[東]粕谷昌央,007803,大川徹,,,,,,,,,,,,"(*1,6)(2,12,14)(5,15)8(10,13)(3,11,9)4-7",3,3,0.0,False,"(1,*6)-2(12,14)(8,5,15)(10,13)(3,9)11,4,7",3,1,3.5,False,-7,
201903020812,12,3歳以上500万下,ダ,1150,曇,稍重,16:30,2019-07-21,福島,7,6,10,2014105032,シルバーストーン,牡5,57,00660,横山典弘,1:09.1,1,9-9,37.1,12.1,4,502(-4),01043,[東]石栗龍彦,684006,峰哲馬,,,,,,,,,,,,"(*1,6)(2,12,14)(5,15)8(10,13)(3,11,9)4-7",9,2,0.0,False,"(1,*6)-2(12,14)(8,5,15)(10,13)(3,9)11,4,7",9,2,3.5,False,-7,
201903020812,12,3歳以上500万下,ダ,1150,曇,稍重,16:30,2019-07-21,福島,8,4,7,2014102814,アースヴィグラス,牝5,55,01127,丸山元気,1:09.1,クビ,15-15,36.2,34.1,7,474(+4),01096,[東]粕谷昌央,339008,松山増男,,,,,,,,,,,,"(*1,6)(2,12,14)(5,15)8(10,13)(3,11,9)4-7",15,1,3.5,False,"(1,*6)-2(12,14)(8,5,15)(10,13)(3,9)11,4,7",15,1,6.5,False,-7,
201903020812,12,3歳以上500万下,ダ,1150,曇,稍重,16:30,2019-07-21,福島,9,8,15,2015105306,シアトルトウショウ,牝4,55,00726,岩部純二,1:09.1,ハナ,6-6,37.4,19.8,6,470(+6),01024,[東]萱野浩二,078800,トウショウ産業,,,,,,,,,,,,"(*1,6)(2,12,14)(5,15)8(10,13)(3,11,9)4-7",6,2,0.0,False,"(1,*6)-2(12,14)(8,5,15)(10,13)(3,9)11,4,7",6,3,3.5,False,-7,
201903020812,12,3歳以上500万下,ダ,1150,曇,稍重,16:30,2019-07-21,福島,10,2,3,2015102564,エリープラネット,牝4,55,01009,柴田大知,1:09.4,2,11-11,37.1,181.5,14,436(+6),01090,[東]天間昭一,012033,谷川正純,,,,,,,,,,,,"(*1,6)(2,12,14)(5,15)8(10,13)(3,11,9)4-7",11,3,0.0,False,"(1,*6)-2(12,14)(8,5,15)(10,13)(3,9)11,4,7",11,2,3.5,False,-7,
201903020812,12,3歳以上500万下,ダ,1150,曇,稍重,16:30,2019-07-21,福島,11,8,14,2012105406,スズカファイン,牡7,55,01167,木幡育也,1:09.7,1.3/4,3-4,38.2,129.4,13,492(-4),00380,[東]柄崎孝,382004,永井啓弍,,,,,,,,,,,,"(*1,6)(2,12,14)(5,15)8(10,13)(3,11,9)4-7",3,3,0.0,False,"(1,*6)-2(12,14)(8,5,15)(10,13)(3,9)11,4,7",4,2,3.5,False,-7,
201903020812,12,3歳以上500万下,ダ,1150,曇,稍重,16:30,2019-07-21,福島,12,7,13,2013103965,ファインキャプテン,セ6,54,01164,藤田菜七,1:09.7,アタマ,9-9,37.7,69.8,9,458(+2),01133,[東]黒岩陽一,793033,湯浅健司,,,,,,,,,,,,"(*1,6)(2,12,14)(5,15)8(10,13)(3,11,9)4-7",9,2,0.0,False,"(1,*6)-2(12,14)(8,5,15)(10,13)(3,9)11,4,7",9,2,3.5,False,-7,
201903020812,12,3歳以上500万下,ダ,1150,曇,稍重,16:30,2019-07-21,福島,13,5,9,2015102909,シキシマ,牡4,54,01173,山田敬士,1:09.8,クビ,11-11,37.5,98.2,12,504(+8),01005,[東]小桧山悟,149002,井山登,,,,,,,,,,,,"(*1,6)(2,12,14)(5,15)8(10,13)(3,11,9)4-7",11,3,0.0,False,"(1,*6)-2(12,14)(8,5,15)(10,13)(3,9)11,4,7",11,2,3.5,False,-7,
201903020812,12,3歳以上500万下,ダ,1150,曇,稍重,16:30,2019-07-21,福島,14,6,11,2013102129,アロースコルトン,牡6,57,01004,西田雄一,1:10.0,1.1/2,11-13,37.7,207.2,15,474(+2),00436,[東]堀井雅広,029007,吉田好雄,,,,,,,,,,,,"(*1,6)(2,12,14)(5,15)8(10,13)(3,11,9)4-7",11,3,0.0,False,"(1,*6)-2(12,14)(8,5,15)(10,13)(3,9)11,4,7",13,1,3.5,False,-7,
201903020812,12,3歳以上500万下,ダ,1150,曇,稍重,16:30,2019-07-21,福島,15,1,1,2016103943,ブルーシューズ,牡3,54,01141,中井裕二,1:10.2,1.1/4,1-2,39.0,81.0,11,460(0),01112,[東]田島俊明,713005,田島榮二郎,,,,,,,,,,,,"(*1,6)(2,12,14)(5,15)8(10,13)(3,11,9)4-7",1,2,0.0,True,"(1,*6)-2(12,14)(8,5,15)(10,13)(3,9)11,4,7",2,2,0.0,False,-7,
201907030801,1,障害3歳以上未勝利,芝,3000,曇,稍重,10:01,2019-07-21,中京,1,4,4,2013102941,ランドハイパワー,牡6,60,01139,森一馬,3:19.2,,3-3-2-2,13.3,21.6,6,500(+6),01042,[西]安達昭夫,862009,木村昌三,780.0,"9=6,4-5(1,7)(10,2)=8,3,11",3,1,7.5,False,"9-6(4,5,7)1,2,10-8-3,11",3,3,3.5,False,"9,4,7(5,1)6,10-3,8(2,11)",2,1,1.5,False,"9,4(1,7)5,10-6-(3,11)8-2",2,1,1.5,False,,
201907030801,1,障害3歳以上未勝利,芝,3000,曇,稍重,10:01,2019-07-21,中京,2,7,9,2013110046,ルグランフリソン,牡6,60,01035,白浜雄造,3:19.3,1/2,1-1-1-1,13.3,1.5,1,486(-2),01039,[西]中竹和也,948006,前田幸治,310.0,"9=6,4-5(1,7)(10,2)=8,3,11",1,1,0.0,False,"9-6(4,5,7)1,2,10-8-3,11",1,1,0.0,False,"9,4,7(5,1)6,10-3,8(2,11)",1,1,0.0,False,"9,4(1,7)5,10-6-(3,11)8-2",1,1,0.0,False,,
201907030801,1,障害3歳以上未勝利,芝,3000,曇,稍重,10:01,2019-07-21,中京,3,1,1,2013100214,クリノサンスーシ,牝6,58,00691,北沢伸也,3:19.3,クビ,5-6-4-3,13.3,4.5,2,462(+4),01032,[西]大根田裕,970006,栗本博晴,200.0,"9=6,4-5(1,7)(10,2)=8,3,11",5,2,11.0,False,"9-6(4,5,7)1,2,10-8-3,11",6,1,3.5,False,"9,4,7(5,1)6,10-3,8(2,11)",4,2,3.0,False,"9,4(1,7)5,10-6-(3,11)8-2",3,2,1.5,False,,
201907030801,1,障害3歳以上未勝利,芝,3000,曇,稍重,10:01,2019-07-21,中京,4,8,10,2015100852,セイウンフォーカス,牡4,60,01101,中村将之,3:20.0,4,7-8-7-6,13.3,12.2,4,474(+6),01073,[西]宮本博,897009,西山茂行,120.0,"9=6,4-5(1,7)(10,2)=8,3,11",7,2,11.0,False,"9-6(4,5,7)1,2,10-8-3,11",8,1,6.5,False,"9,4,7(5,1)6,10-3,8(2,11)",7,1,4.5,False,"9,4(1,7)5,10-6-(3,11)8-2",6,1,3.0,False,,
201907030801,1,障害3歳以上未勝利,芝,3000,曇,稍重,10:01,2019-07-21,中京,5,6,6,2014104508,テイエムイキオイ,牡5,60,01063,小坂忠士,3:22.5,大,2-2-6-7,13.5,55.2,8,472(-4),00388,[西]山内研二,356002,竹園正繼,78.0,"9=6,4-5(1,7)(10,2)=8,3,11",2,1,6.0,False,"9-6(4,5,7)1,2,10-8-3,11",2,1,3.5,False,"9,4,7(5,1)6,10-3,8(2,11)",6,1,3.0,False,"9,4(1,7)5,10-6-(3,11)8-2",7,1,6.5,False,,
201907030801,1,障害3歳以上未勝利,芝,3000,曇,稍重,10:01,2019-07-21,中京,6,3,3,2013101671,ダンツチェック,牝6,57,01159,三津谷隼,3:22.9,2.1/2,10-10-8-8,13.5,154.0,9,524(+2),00388,[西]山内研二,248005,山元哲二,,"9=6,4-5(1,7)(10,2)=8,3,11",10,1,18.5,False,"9-6(4,5,7)1,2,10-8-3,11",10,1,13.5,False,"9,4,7(5,1)6,10-3,8(2,11)",8,1,8.0,False,"9,4(1,7)5,10-6-(3,11)8-2",8,2,10.0,False,,
201907030801,1,障害3歳以上未勝利,芝,3000,曇,稍重,10:01,2019-07-21,中京,7,5,5,2015101879,テイエムオスカー,牡4,60,01080,佐久間寛,3:23.3,2.1/2,4-3-4-5,13.6,6.9,3,498(-6),00388,[西]山内研二,356002,竹園正繼,,"9=6,4-5(1,7)(10,2)=8,3,11",4,1,11.0,False,"9-6(4,5,7)1,2,10-8-3,11",3,3,3.5,False,"9,4,7(5,1)6,10-3,8(2,11)",4,2,3.0,False,"9,4(1,7)5,10-6-(3,11)8-2",5,1,1.5,False,,
201907030801,1,障害3歳以上未勝利,芝,3000,曇,稍重,10:01,2019-07-21,中京,8,8,11,2011103696,ショウナンマルシェ,セ8,60,01069,五十嵐雄,3:23.4,クビ,11-11-10-8,13.6,25.3,7,482(+2),00392,[東]古賀史生,331002,国本哲秀,,"9=6,4-5(1,7)(10,2)=8,3,11",11,1,20.0,False,"9-6(4,5,7)1,2,10-8-3,11",11,1,15.0,False,"9,4,7(5,1)6,10-3,8(2,11)",10,2,9.5,False,"9,4(1,7)5,10-6-(3,11)8-2",8,2,10.0,False,,
201907030801,1,障害3歳以上未勝利,芝,3000,曇,稍重,10:01,2019-07-21,中京,9,2,2,2015105669,ダイチョウセブン,牡4,60,01072,黒岩悠,3:26.0,大,7-7-10-11,13.7,163.4,11,478(0),01123,[西]牧田和弥,686033,長谷川一雄,,"9=6,4-5(1,7)(10,2)=8,3,11",7,2,11.0,False,"9-6(4,5,7)1,2,10-8-3,11",7,1,5.0,False,"9,4,7(5,1)6,10-3,8(2,11)",10,2,9.5,False,"9,4(1,7)5,10-6-(3,11)8-2",11,1,13.5,False,,
201907030801,1,障害3歳以上未勝利,芝,3000,曇,稍重,10:01,2019-07-21,中京,10,7,8,2016102200,ララファル,牡3,58,01008,山本康志,3:27.1,7,9-9-9-10,13.8,157.6,10,482(+10),01165,[東]和田勇介,960030,玉腰勇吉,,"9=6,4-5(1,7)(10,2)=8,3,11",9,1,17.0,False,"9-6(4,5,7)1,2,10-8-3,11",9,1,10.0,False,"9,4,7(5,1)6,10-3,8(2,11)",9,1,9.5,False,"9,4(1,7)5,10-6-(3,11)8-2",10,1,10.0,False,,
201907030801,1,障害3歳以上未勝利,芝,3000,曇,稍重,10:01,2019-07-21,中京,中,6,7,2012104346,スマートボムシェル,牡7,60,01067,平沢健治,,,5-3-3-3,,20.9,5,512(+4),01101,[西]吉田直弘,007803,大川徹,,"9=6,4-5(1,7)(10,2)=8,3,11",5,2,11.0,False,"9-6(4,5,7)1,2,10-8-3,11",3,3,3.5,False,"9,4,7(5,1)6,10-3,8(2,11)",3,1,3.0,False,"9,4(1,7)5,10-6-(3,11)8-2",3,2,1.5,False,,
201907030802,2,2歳未勝利,ダ,1200,曇,稍重,10:35,2019-07-21,中京,1,8,12,2017103165,デンコウリジエール,牡2,54,01037,太宰啓介,1:12.8,,3-3,37.3,89.7,10,456(-2),01095,[西]荒川義之,484007,田中康弘,500.0,,,,,,,,,,,"13,4(10,12)(1,2,9)11,3(5,7,8)-6",3,2,1.5,False,"13,4(1,10,12)2(11,9)3(5,8)7-6",3,3,1.5,False,-17,
201907030802,2,2歳未勝利,ダ,1200,曇,稍重,10:35,2019-07-21,中京,2,8,13,2017103982,ファルーク,牡2,54,01126,松山弘平,1:12.8,クビ,1-1,37.6,2.0,1,456(+2),01021,[西]池添兼雄,675030,林正道,200.0,,,,,,,,,,,"13,4(10,12)(1,2,9)11,3(5,7,8)-6",1,1,0.0,False,"13,4(1,10,12)2(11,9)3(5,8)7-6",1,1,0.0,False,-17,
201907030802,2,2歳未勝利,ダ,1200,曇,稍重,10:35,2019-07-21,中京,3,4,4,2017101017,テーオープライム,牝2,51,01174,岩田望来,1:13.0,1.1/4,2-2,37.6,4.0,2,418(0),01084,[西]梅田智之,304008,小笹公也,130.0,,,,,,,,,,,"13,4(10,12)(1,2,9)11,3(5,7,8)-6",2,1,1.5,False,"13,4(1,10,12)2(11,9)3(5,8)7-6",2,1,1.5,False,-17,
201907030802,2,2歳未勝利,ダ,1200,曇,稍重,10:35,2019-07-21,中京,4,4,5,2017102202,タガノキトピロ,牡2,53,01165,森裕太朗,1:13.5,3,10-10,37.3,98.6,11,458(+4),00425,[西]加用正,859002,八木良司,75.0,,,,,,,,,,,"13,4(10,12)(1,2,9)11,3(5,7,8)-6",10,3,3.0,False,"13,4(1,10,12)2(11,9)3(5,8)7-6",10,2,1.5,False,-17,
201907030802,2,2歳未勝利,ダ,1200,曇,稍重,10:35,2019-07-21,中京,5,3,3,2017100539,スマートラビリンス,牝2,54,05212,Ｍ．デム,1:13.9,2.1/2,9-9,38.0,11.7,4,448(-12),01085,[西]小崎憲,007803,大川徹,50.0,,,,,,,,,,,"13,4(10,12)(1,2,9)11,3(5,7,8)-6",9,1,3.0,False,"13,4(1,10,12)2(11,9)3(5,8)7-6",9,1,1.5,False,-17,
201907030802,2,2歳未勝利,ダ,1200,曇,稍重,10:35,2019-07-21,中京,6,5,7,2017103603,ロードオブイサチル,牝2,54,01125,国分優作,1:14.1,1,10-12,37.8,72.7,8,470(-2),01152,[東]竹内正洋,162033,小坂功,,,,,,,,,,,,"13,4(10,12)(1,2,9)11,3(5,7,8)-6",10,3,3.0,False,"13,4(1,10,12)2(11,9)3(5,8)7-6",12,1,1.5,False,-17,
201907030802,2,2歳未勝利,ダ,1200,曇,稍重,10:35,2019-07-21,中京,7,7,10,2017103513,テイエムサウスダン,牡2,54,01018,和田竜二,1:14.3,1.1/2,3-3,38.8,6.9,3,512(-4),01050,[西]飯田雄三,356002,竹園正繼,,,,,,,,,,,,"13,4(10,12)(1,2,9)11,3(5,7,8)-6",3,2,1.5,False,"13,4(1,10,12)2(11,9)3(5,8)7-6",3,3,1.5,False,-17,
201907030802,2,2歳未勝利,ダ,1200,曇,稍重,10:35,2019-07-21,中京,8,2,2,2017103650,タマモゼーゼマン,牡2,54,01034,酒井学,1:14.4,クビ,5-6,38.8,79.7,9,446(+6),01161,[西]武英智,515800,タマモ,,,,,,,,,,,,"13,4(10,12)(1,2,9)11,3(5,7,8)-6",5,3,1.5,False,"13,4(1,10,12)2(11,9)3(5,8)7-6",6,1,1.5,False,-17,
201907030802,2,2歳未勝利,ダ,1200,曇,稍重,10:35,2019-07-21,中京,9,7,11,2017101289,オット,牡2,51,01178,斎藤新,1:14.4,クビ,8-7,38.6,16.0,5,400(+2),01157,[西]杉山晴紀,646030,中辻明,,,,,,,,,,,,"13,4(10,12)(1,2,9)11,3(5,7,8)-6",8,1,1.5,False,"13,4(1,10,12)2(11,9)3(5,8)7-6",7,2,1.5,False,-17,
201907030802,2,2歳未勝利,ダ,1200,曇,稍重,10:35,2019-07-21,中京,10,6,8,2017101362,アイファーブルー,牡2,54,05525,藤井勘一,1:14.8,2.1/2,10-10,38.6,208.8,12,450(+12),00434,[西]西橋豊治,119007,中島稔,,,,,,,,,,,,"13,4(10,12)(1,2,9)11,3(5,7,8)-6",10,3,3.0,False,"13,4(1,10,12)2(11,9)3(5,8)7-6",10,2,1.5,False,-17,
201907030802,2,2歳未勝利,ダ,1200,曇,稍重,10:35,2019-07-21,中京,11,6,9,2017106585,スーパーセヴン,牡2,54,01115,浜中俊,1:14.9,クビ,5-7,39.3,18.1,7,488(+12),01121,[西]角田晃一,003060,ゴドルフィン,,,,,,,,,,,,"13,4(10,12)(1,2,9)11,3(5,7,8)-6",5,3,1.5,False,"13,4(1,10,12)2(11,9)3(5,8)7-6",7,2,1.5,False,-17,
201907030802,2,2歳未勝利,ダ,1200,曇,稍重,10:35,2019-07-21,中京,12,5,6,2017101096,コンディトラム,牡2,54,01147,城戸義政,1:15.3,2.1/2,13-13,38.5,313.0,13,468(+4),01099,[西]本田優,894030,村上憲政,,,,,,,,,,,,"13,4(10,12)(1,2,9)11,3(5,7,8)-6",13,1,6.5,False,"13,4(1,10,12)2(11,9)3(5,8)7-6",13,1,5.0,False,-17,
201907030802,2,2歳未勝利,ダ,1200,曇,稍重,10:35,2019-07-21,中京,13,1,1,2017104057,テレーザ,牝2,52,01171,西村淳也,1:16.5,7,5-3,40.9,16.8,6,442(-16),01009,[西]田所秀孝,490006,門野重雄,,,,,,,,,,,,"13,4(10,12)(1,2,9)11,3(5,7,8)-6",5,3,1.5,False,"13,4(1,10,12)2(11,9)3(5,8)7-6",3,3,1.5,False,-17,
201907030803,3,3歳未勝利,ダ,1800,曇,稍重,11:05,2019-07-21,中京,1,6,12,2016105584,ブルーコンパクタ,牡3,56,01146,岩崎翼,1:53.0,,10-10-10-10,36.7,76.8,10,448(-8),01065,[西]大橋勇樹,870004,村上稔,500.0,"8-16,14,3(7,13)5(1,15)(12,11)4(6,10)2   9",10,2,6.5,False,"8-16-14-(3,7)13-5(1,15)(12,11)-(4,6)10-2   9",10,2,14.0,False,"8-16-14,13,5,11(7,15)-6,12,4,3,10(1,2)   9",10,1,16.5,False,"8-(16,14)13-(5,11)7,15-6,12,4=2-10,1-3   9",10,1,13.5,False,-17,
201907030803,3,3歳未勝利,ダ,1800,曇,稍重,11:05,2019-07-21,中京,2,7,13,2016106469,エイシンボールディ,牡3,55,01166,川又賢治,1:53.2,1.1/4,5-6-4-4,38.1,3.7,1,436(-2),01155,[西]渡辺薫彦,785800,栄進堂,200.0,"8-16,14,3(7,13)5(1,15)(12,11)4(6,10)2   9",5,2,6.5,False,"8-16-14-(3,7)13-5(1,15)(12,11)-(4,6)10-2   9",6,1,10.5,False,"8-16-14,13,5,11(7,15)-6,12,4,3,10(1,2)   9",4,1,8.5,False,"8-(16,14)13-(5,11)7,15-6,12,4=2-10,1-3   9",4,1,3.5,False,-17,
201907030803,3,3歳未勝利,ダ,1800,曇,稍重,11:05,2019-07-21,中京,3,3,5,2016105662,アイタイ,牡3,56,01088,川田将雅,1:53.2,クビ,7-7-5-5,37.9,4.1,2,510(0),01053,[西]角居勝彦,686006,平井裕,130.0,"8-16,14,3(7,13)5(1,15)(12,11)4(6,10)2   9",7,1,6.5,False,"8-16-14-(3,7)13-5(1,15)(12,11)-(4,6)10-2   9",7,1,14.0,False,"8-16-14,13,5,11(7,15)-6,12,4,3,10(1,2)   9",5,1,10.0,False,"8-(16,14)13-(5,11)7,15-6,12,4=2-10,1-3   9",5,2,7.0,False,-17,
201907030803,3,3歳未勝利,ダ,1800,曇,稍重,11:05,2019-07-21,中京,4,7,14,2016102675,スーパーアロイ,牡3,56,01126,松山弘平,1:53.3,3/4,3-3-3-2,38.4,4.5,3,492(-4),01032,[西]大根田裕,311030,藤原征士郎,75.0,"8-16,14,3(7,13)5(1,15)(12,11)4(6,10)2   9",3,1,5.0,False,"8-16-14-(3,7)13-5(1,15)(12,11)-(4,6)10-2   9",3,1,7.0,False,"8-16-14,13,5,11(7,15)-6,12,4,3,10(1,2)   9",3,1,7.0,False,"8-(16,14)13-(5,11)7,15-6,12,4=2-10,1-3   9",2,2,3.5,False,-17,
201907030803,3,3歳未勝利,ダ,1800,曇,稍重,11:05,2019-07-21,中京,5,4,8,2016105588,スペースコロニー,牡3,56,01133,水口優也,1:53.9,4,1-1-1-1,40.2,15.8,7,456(+2),01057,[西]湯窪幸雄,851007,山上和良,50.0,"8-16,14,3(7,13)5(1,15)(12,11)4(6,10)2   9",1,1,0.0,False,"8-16-14-(3,7)13-5(1,15)(12,11)-(4,6)10-2   9",1,1,0.0,False,"8-16-14,13,5,11(7,15)-6,12,4,3,10(1,2)   9",1,1,0.0,False,"8-(16,14)13-(5,11)7,15-6,12,4=2-10,1-3   9",1,1,0.0,False,-17,
201907030803,3,3歳未勝利,ダ,1800,曇,稍重,11:05,2019-07-21,中京,6,8,16,2016100212,ゼットセントラル,セ3,56,01138,藤懸貴志,1:54.3,2.1/2,2-2-2-2,40.0,214.0,15,486(+2),01082,[西]平田修,308031,高橋悦見,,"8-16,14,3(7,13)5(1,15)(12,11)4(6,10)2   9",2,1,3.5,False,"8-16-14-(3,7)13-5(1,15)(12,11)-(4,6)10-2   9",2,1,3.5,False,"8-16-14,13,5,11(7,15)-6,12,4,3,10(1,2)   9",2,1,3.5,False,"8-(16,14)13-(5,11)7,15-6,12,4=2-10,1-3   9",2,2,3.5,False,-17,
201907030803,3,3歳未勝利,ダ,1800,曇,稍重,11:05,2019-07-21,中京,7,6,11,2016105985,ナナカマドカ,牝3,54,05268,佐藤友則,1:54.4,クビ,10-10-6-5,39.0,172.3,14,462(+2),00429,[西]佐々木晶,994002,飯田正剛,,"8-16,14,3(7,13)5(1,15)(12,11)4(6,10)2   9",10,2,6.5,False,"8-16-14-(3,7)13-5(1,15)(12,11)-(4,6)10-2   9",10,2,14.0,False,"8-16-14,13,5,11(7,15)-6,12,4,3,10(1,2)   9",6,1,11.5,False,"8-(16,14)13-(5,11)7,15-6,12,4=2-10,1-3   9",5,2,7.0,False,-17,
201907030803,3,3歳未勝利,ダ,1800,曇,稍重,11:05,2019-07-21,中京,8,3,6,2016100006,ヒリュウコウスイ,牡3,56,00732,幸英明,1:54.8,2.1/2,13-12-9-9,38.8,19.8,8,504(0),00434,[西]西橋豊治,254033,西本資史,,"8-16,14,3(7,13)5(1,15)(12,11)4(6,10)2   9",13,2,6.5,False,"8-16-14-(3,7)13-5(1,15)(12,11)-(4,6)10-2   9",12,2,17.5,False,"8-16-14,13,5,11(7,15)-6,12,4,3,10(1,2)   9",9,1,15.0,False,"8-(16,14)13-(5,11)7,15-6,12,4=2-10,1-3   9",9,1,12.0,False,-17,
201907030803,3,3歳未勝利,ダ,1800,曇,稍重,11:05,2019-07-21,中京,9,2,4,2016103535,クリノクルミチャン,牝3,53,01165,森裕太朗,1:54.9,クビ,12-12-11-11,38.3,122.3,12,474(0),01069,[西]中尾秀正,970006,栗本博晴,,"8-16,14,3(7,13)5(1,15)(12,11)4(6,10)2   9",12,1,6.5,False,"8-16-14-(3,7)13-5(1,15)(12,11)-(4,6)10-2   9",12,2,17.5,False,"8-16-14,13,5,11(7,15)-6,12,4,3,10(1,2)   9",11,1,18.0,False,"8-(16,14)13-(5,11)7,15-6,12,4=2-10,1-3   9",11,1,15.0,False,-17,
201907030803,3,3歳未勝利,ダ,1800,曇,稍重,11:05,2019-07-21,中京,10,8,15,2016100617,スマッシングハーツ,牡3,56,01034,酒井学,1:54.9,ハナ,8-8-7-8,39.4,15.7,6,484(0),01078,[西]北出成人,788800,ノースヒルズ,,"8-16,14,3(7,13)5(1,15)(12,11)4(6,10)2   9",8,2,6.5,False,"8-16-14-(3,7)13-5(1,15)(12,11)-(4,6)10-2   9",8,2,14.0,False,"8-16-14,13,5,11(7,15)-6,12,4,3,10(1,2)   9",7,2,11.5,False,"8-(16,14)13-(5,11)7,15-6,12,4=2-10,1-3   9",8,1,8.5,False,-17,
201907030803,3,3歳未勝利,ダ,1800,曇,稍重,11:05,2019-07-21,中京,11,4,7,2016106578,カイマナ,牡3,54,01171,西村淳也,1:55.2,1.3/4,5-4-7-7,39.7,8.8,5,498(+6),01139,[西]飯田祐史,045803,カナヤマホールディン...,,"8-16,14,3(7,13)5(1,15)(12,11)4(6,10)2   9",5,2,6.5,False,"8-16-14-(3,7)13-5(1,15)(12,11)-(4,6)10-2   9",4,2,10.5,False,"8-16-14,13,5,11(7,15)-6,12,4,3,10(1,2)   9",7,2,11.5,False,"8-(16,14)13-(5,11)7,15-6,12,4=2-10,1-3   9",7,1,7.0,False,-17,
201907030803,3,3歳未勝利,ダ,1800,曇,稍重,11:05,2019-07-21,中京,12,1,2,2016102327,シゲルイエロダイヤ,牡3,53,01174,岩田望来,1:55.5,1.3/4,15-15-14-12,38.2,19.9,9,468(0),00422,[西]五十嵐忠,674004,森中蕃,,"8-16,14,3(7,13)5(1,15)(12,11)4(6,10)2   9",15,1,6.5,False,"8-16-14-(3,7)13-5(1,15)(12,11)-(4,6)10-2   9",15,1,21.0,False,"8-16-14,13,5,11(7,15)-6,12,4,3,10(1,2)   9",14,2,21.0,False,"8-(16,14)13-(5,11)7,15-6,12,4=2-10,1-3   9",12,1,21.0,False,-17,
201907030803,3,3歳未勝利,ダ,1800,曇,稍重,11:05,2019-07-21,中京,13,1,1,2016110021,ゲンセキ,牡3,56,05525,藤井勘一,2:01.4,大,8-8-14-14,44.2,137.0,13,478(+2),01071,[西]池江泰寿,065803,ニューワールドレーシ...,,"8-16,14,3(7,13)5(1,15)(12,11)4(6,10)2   9",8,2,6.5,False,"8-16-14-(3,7)13-5(1,15)(12,11)-(4,6)10-2   9",8,2,14.0,False,"8-16-14,13,5,11(7,15)-6,12,4,3,10(1,2)   9",14,2,21.0,False,"8-(16,14)13-(5,11)7,15-6,12,4=2-10,1-3   9",14,1,26.0,False,-17,
201907030803,3,3歳未勝利,ダ,1800,曇,稍重,11:05,2019-07-21,中京,14,2,3,2016110150,シブヤクロッシング,牡3,56,01038,中谷雄太,2:13.0,大,4-4-12-15,56.2,7.5,4,542(+4),01075,[西]矢作芳人,036060,Ｗ．ギャロー,,"8-16,14,3(7,13)5(1,15)(12,11)4(6,10)2   9",4,1,6.5,False,"8-16-14-(3,7)13-5(1,15)(12,11)-(4,6)10-2   9",4,2,10.5,False,"8-16-14,13,5,11(7,15)-6,12,4,3,10(1,2)   9",12,1,19.5,False,"8-(16,14)13-(5,11)7,15-6,12,4=2-10,1-3   9",15,1,29.5,False,-17,
201907030803,3,3歳未勝利,ダ,1800,曇,稍重,11:05,2019-07-21,中京,取,5,9,2016106051,ジュゼッペレオ,牡3,53,01178,斎藤新,,,,,---,,計不,01123,[西]牧田和弥,279008,石川幸司,,"8-16,14,3(7,13)5(1,15)(12,11)4(6,10)2   9",16,1,12.5,False,"8-16-14-(3,7)13-5(1,15)(12,11)-(4,6)10-2   9",16,1,27.0,False,"8-16-14,13,5,11(7,15)-6,12,4,3,10(1,2)   9",16,1,27.0,False,"8-(16,14)13-(5,11)7,15-6,12,4=2-10,1-3   9",16,1,35.5,False,-17,
201907030803,3,3歳未勝利,ダ,1800,曇,稍重,11:05,2019-07-21,中京,中,5,10,2016101259,レフィナド,牡3,56,05429,岡田祥嗣,,,13-14-13-13,,120.3,11,496(+4),01098,[西]野中賢二,045803,カナヤマホールディン...,,"8-16,14,3(7,13)5(1,15)(12,11)4(6,10)2   9",13,2,6.5,False,"8-16-14-(3,7)13-5(1,15)(12,11)-(4,6)10-2   9",14,1,17.5,False,"8-16-14,13,5,11(7,15)-6,12,4,3,10(1,2)   9",13,1,21.0,False,"8-(16,14)13-(5,11)7,15-6,12,4=2-10,1-3   9",13,1,24.5,False,-17,
201907030804,4,3歳未勝利,芝,2000,曇,稍重,11:35,2019-07-21,中京,1,6,11,2016100609,ハギノベルエキプ,牝3,51,01159,三津谷隼,2:03.3,,6-7-5-4,36.1,3.0,1,426(0),01046,[西]鮫島一歩,950006,日隈良江,500.0,"3,6-(4,5)12(11,13)14(7,8,15)10,2,9,1",6,2,5.0,False,"3,6-4,5(12,13)(11,14)(7,8,15)(2,10)9,1",7,2,6.5,False,"3,6(4,5)(11,13)(12,14)9(7,8,15)(2,10,1)",5,2,1.5,False,"3(4,6)(12,11,5)(14,13)(7,9)(2,8,15,1)10",4,3,0.0,False,-3,
201907030804,4,3歳未勝利,芝,2000,曇,稍重,11:35,2019-07-21,中京,2,8,14,2016106114,リッカローズ,牝3,54,01126,松山弘平,2:03.6,2,8-7-7-7,36.2,35.8,10,464(-6),01046,[西]鮫島一歩,972007,立花幸雄,200.0,"3,6-(4,5)12(11,13)14(7,8,15)10,2,9,1",8,1,5.0,False,"3,6-4,5(12,13)(11,14)(7,8,15)(2,10)9,1",7,2,6.5,False,"3,6(4,5)(11,13)(12,14)9(7,8,15)(2,10,1)",7,2,1.5,False,"3(4,6)(12,11,5)(14,13)(7,9)(2,8,15,1)10",7,2,0.0,False,-3,
201907030804,4,3歳未勝利,芝,2000,曇,稍重,11:35,2019-07-21,中京,3,5,9,2016105048,シーリアスラブ,牡3,56,01154,松若風馬,2:03.8,1.1/4,14-14-9-9,36.2,5.8,3,456(-2),01002,[西]音無秀孝,310007,吉田千津,130.0,"3,6-(4,5)12(11,13)14(7,8,15)10,2,9,1",14,1,8.0,False,"3,6-4,5(12,13)(11,14)(7,8,15)(2,10)9,1",14,1,6.5,False,"3,6(4,5)(11,13)(12,14)9(7,8,15)(2,10,1)",9,1,1.5,False,"3(4,6)(12,11,5)(14,13)(7,9)(2,8,15,1)10",9,2,0.0,False,-3,
201907030804,4,3歳未勝利,芝,2000,曇,稍重,11:35,2019-07-21,中京,4,4,7,2016104433,キタサンブラウン,牡3,56,01130,高倉稜,2:04.1,1.3/4,9-9-10-9,36.4,61.4,12,518(-2),01110,[西]清水久詞,373800,大野商事,75.0,"3,6-(4,5)12(11,13)14(7,8,15)10,2,9,1",9,3,5.0,False,"3,6-4,5(12,13)(11,14)(7,8,15)(2,10)9,1",9,3,6.5,False,"3,6(4,5)(11,13)(12,14)9(7,8,15)(2,10,1)",10,3,1.5,False,"3(4,6)(12,11,5)(14,13)(7,9)(2,8,15,1)10",9,2,0.0,False,-3,
201907030804,4,3歳未勝利,芝,2000,曇,稍重,11:35,2019-07-21,中京,5,4,6,2016104583,パルメ,牝3,51,01178,斎藤新,2:04.1,クビ,2-2-2-2,37.1,13.9,5,430(-2),01087,[西]庄野靖志,486800,キャロットファーム,50.0,"3,6-(4,5)12(11,13)14(7,8,15)10,2,9,1",2,1,1.5,False,"3,6-4,5(12,13)(11,14)(7,8,15)(2,10)9,1",2,1,1.5,False,"3,6(4,5)(11,13)(12,14)9(7,8,15)(2,10,1)",2,1,1.5,False,"3(4,6)(12,11,5)(14,13)(7,9)(2,8,15,1)10",2,2,0.0,False,-3,
201907030804,4,3歳未勝利,芝,2000,曇,稍重,11:35,2019-07-21,中京,6,1,1,2016104548,スペシャルワン,牡3,56,01037,太宰啓介,2:04.2,クビ,15-15-13-11,36.2,7.0,4,452(0),01136,[西]高橋亮,534006,寺田千代乃,,"3,6-(4,5)12(11,13)14(7,8,15)10,2,9,1",15,1,9.5,False,"3,6-4,5(12,13)(11,14)(7,8,15)(2,10)9,1",15,1,8.0,False,"3,6(4,5)(11,13)(12,14)9(7,8,15)(2,10,1)",13,3,1.5,False,"3(4,6)(12,11,5)(14,13)(7,9)(2,8,15,1)10",11,4,0.0,False,-3,
201907030804,4,3歳未勝利,芝,2000,曇,稍重,11:35,2019-07-21,中京,7,6,10,2016100818,オーミハルカゼ,牝3,54,01034,酒井学,2:04.2,クビ,12-12-13-15,36.0,31.8,9,438(-2),01065,[西]大橋勇樹,288009,岩崎僖澄,,"3,6-(4,5)12(11,13)14(7,8,15)10,2,9,1",12,1,5.0,False,"3,6-4,5(12,13)(11,14)(7,8,15)(2,10)9,1",12,2,6.5,False,"3,6(4,5)(11,13)(12,14)9(7,8,15)(2,10,1)",13,3,1.5,False,"3(4,6)(12,11,5)(14,13)(7,9)(2,8,15,1)10",15,1,0.0,False,-3,
201907030804,4,3歳未勝利,芝,2000,曇,稍重,11:35,2019-07-21,中京,8,7,12,2016106546,サンマルフラッシュ,牡3,54,01171,西村淳也,2:04.4,1.1/2,5-5-7-4,37.1,101.6,13,468(+2),00388,[西]山内研二,580007,相馬勇,,"3,6-(4,5)12(11,13)14(7,8,15)10,2,9,1",5,1,5.0,False,"3,6-4,5(12,13)(11,14)(7,8,15)(2,10)9,1",5,2,6.5,False,"3,6(4,5)(11,13)(12,14)9(7,8,15)(2,10,1)",7,2,1.5,False,"3(4,6)(12,11,5)(14,13)(7,9)(2,8,15,1)10",4,3,0.0,False,-3,
201907030804,4,3歳未勝利,芝,2000,曇,稍重,11:35,2019-07-21,中京,9,3,5,2016100501,ミユキディオニソス,牡3,56,00894,小牧太,2:04.5,1/2,3-4-3-4,37.3,26.4,8,454(-4),01009,[西]田所秀孝,890007,長井純一,,"3,6-(4,5)12(11,13)14(7,8,15)10,2,9,1",3,2,5.0,False,"3,6-4,5(12,13)(11,14)(7,8,15)(2,10)9,1",4,1,6.5,False,"3,6(4,5)(11,13)(12,14)9(7,8,15)(2,10,1)",3,2,1.5,False,"3(4,6)(12,11,5)(14,13)(7,9)(2,8,15,1)10",4,3,0.0,False,-3,
201907030804,4,3歳未勝利,芝,2000,曇,稍重,11:35,2019-07-21,中京,10,5,8,2016102452,ヘルムヴィーゲ,牝3,51,01174,岩田望来,2:04.5,クビ,9-9-10-11,36.6,21.7,7,456(-4),01129,[西]高橋義忠,013803,ディアレストクラブ,,"3,6-(4,5)12(11,13)14(7,8,15)10,2,9,1",9,3,5.0,False,"3,6-4,5(12,13)(11,14)(7,8,15)(2,10)9,1",9,3,6.5,False,"3,6(4,5)(11,13)(12,14)9(7,8,15)(2,10,1)",10,3,1.5,False,"3(4,6)(12,11,5)(14,13)(7,9)(2,8,15,1)10",11,4,0.0,False,-3,
201907030804,4,3歳未勝利,芝,2000,曇,稍重,11:35,2019-07-21,中京,11,8,15,2016101168,ナチュラルスタイル,牝3,54,05525,藤井勘一,2:04.6,クビ,9-9-10-11,36.6,16.5,6,406(0),01053,[西]角居勝彦,373008,中村祐子,,"3,6-(4,5)12(11,13)14(7,8,15)10,2,9,1",9,3,5.0,False,"3,6-4,5(12,13)(11,14)(7,8,15)(2,10)9,1",9,3,6.5,False,"3,6(4,5)(11,13)(12,14)9(7,8,15)(2,10,1)",10,3,1.5,False,"3(4,6)(12,11,5)(14,13)(7,9)(2,8,15,1)10",11,4,0.0,False,-3,
201907030804,4,3歳未勝利,芝,2000,曇,稍重,11:35,2019-07-21,中京,12,2,2,2016105492,ホウオウアクセル,牡3,56,01018,和田竜二,2:04.6,ハナ,13-12-13-11,36.6,3.7,2,440(-4),01018,[西]宮徹,906033,小笹芳央,,"3,6-(4,5)12(11,13)14(7,8,15)10,2,9,1",13,1,6.5,False,"3,6-4,5(12,13)(11,14)(7,8,15)(2,10)9,1",12,2,6.5,False,"3,6(4,5)(11,13)(12,14)9(7,8,15)(2,10,1)",13,3,1.5,False,"3(4,6)(12,11,5)(14,13)(7,9)(2,8,15,1)10",11,4,0.0,False,-3,
201907030804,4,3歳未勝利,芝,2000,曇,稍重,11:35,2019-07-21,中京,13,2,3,2016105786,ステップシー,牝3,54,05268,佐藤友則,2:04.6,ハナ,1-1-1-1,37.9,170.2,15,434(-6),00388,[西]山内研二,694008,本間茂,,"3,6-(4,5)12(11,13)14(7,8,15)10,2,9,1",1,1,0.0,False,"3,6-4,5(12,13)(11,14)(7,8,15)(2,10)9,1",1,1,0.0,False,"3,6(4,5)(11,13)(12,14)9(7,8,15)(2,10,1)",1,1,0.0,False,"3(4,6)(12,11,5)(14,13)(7,9)(2,8,15,1)10",1,1,0.0,False,-3,
201907030804,4,3歳未勝利,芝,2000,曇,稍重,11:35,2019-07-21,中京,14,7,13,2016106218,メイショウテッペキ,牡3,56,01157,鮫島克駿,2:04.8,1.1/4,6-5-5-7,37.4,41.0,11,520(+2),01083,[西]松永昌博,523005,松本好雄,,"3,6-(4,5)12(11,13)14(7,8,15)10,2,9,1",6,2,5.0,False,"3,6-4,5(12,13)(11,14)(7,8,15)(2,10)9,1",5,2,6.5,False,"3,6(4,5)(11,13)(12,14)9(7,8,15)(2,10,1)",5,2,1.5,False,"3(4,6)(12,11,5)(14,13)(7,9)(2,8,15,1)10",7,2,0.0,False,-3,
201907030804,4,3歳未勝利,芝,2000,曇,稍重,11:35,2019-07-21,中京,15,3,4,2016100899,パワーロワ,牡3,56,01128,川須栄彦,2:05.0,1,3-3-3-2,38.0,111.2,14,422(+4),01065,[西]大橋勇樹,587800,まの,,"3,6-(4,5)12(11,13)14(7,8,15)10,2,9,1",3,2,5.0,False,"3,6-4,5(12,13)(11,14)(7,8,15)(2,10)9,1",3,1,5.0,False,"3,6(4,5)(11,13)(12,14)9(7,8,15)(2,10,1)",3,2,1.5,False,"3(4,6)(12,11,5)(14,13)(7,9)(2,8,15,1)10",2,2,0.0,False,-3,
201907030805,5,2歳新馬,芝,2000,曇,稍重,12:25,2019-07-21,中京,1,7,13,2017103839,ロールオブサンダー,牡2,54,01126,松山弘平,2:03.9,,6-4-5-5,36.0,45.0,11,484(0),01154,[西]橋口慎介,836008,桑畑隆信,700.0,"8(6,16)5,11,13(4,7)(3,10,12)-(9,14)-15-2-1",6,1,3.0,False,"(*8,16)-6(5,11,13)(4,7)12(3,10)(9,14)-15,2-1",4,3,3.5,False,"(*8,16)(5,6)-(4,11,13)12(3,7)10,14(9,15,2)=1",5,3,3.5,False,"8(5,16,6)-(4,13)-(3,11,12)(7,10)(15,2)-14-9-1",5,2,3.5,False,-3,
201907030805,5,2歳新馬,芝,2000,曇,稍重,12:25,2019-07-21,中京,2,8,15,2017100169,ソルトキャピタル,牡2,54,05212,Ｍ．デム,2:04.3,2.1/2,14-14-13-12,35.5,12.1,4,504(0),01161,[西]武英智,781033,杉浦敏夫,280.0,"8(6,16)5,11,13(4,7)(3,10,12)-(9,14)-15-2-1",14,1,10.0,False,"(*8,16)-6(5,11,13)(4,7)12(3,10)(9,14)-15,2-1",14,1,7.0,False,"(*8,16)(5,6)-(4,11,13)12(3,7)10,14(9,15,2)=1",13,3,5.0,False,"8(5,16,6)-(4,13)-(3,11,12)(7,10)(15,2)-14-9-1",12,2,7.0,False,-3,
201907030805,5,2歳新馬,芝,2000,曇,稍重,12:25,2019-07-21,中京,3,6,12,2017105396,ジュンライトボルト,牡2,54,01014,福永祐一,2:04.3,ハナ,9-9-8-7,36.0,2.2,1,452(0),01061,[西]友道康夫,165033,河合純二,180.0,"8(6,16)5,11,13(4,7)(3,10,12)-(9,14)-15-2-1",9,3,3.0,False,"(*8,16)-6(5,11,13)(4,7)12(3,10)(9,14)-15,2-1",9,1,3.5,False,"(*8,16)(5,6)-(4,11,13)12(3,7)10,14(9,15,2)=1",8,1,3.5,False,"8(5,16,6)-(4,13)-(3,11,12)(7,10)(15,2)-14-9-1",7,3,7.0,False,-3,
201907030805,5,2歳新馬,芝,2000,曇,稍重,12:25,2019-07-21,中京,4,3,6,2017105079,ヴァリッドブラック,牡2,54,01088,川田将雅,2:04.5,1.1/4,2-3-3-2,37.0,4.3,2,452(0),01137,[西]中内田充,226800,サンデーレーシング,110.0,"8(6,16)5,11,13(4,7)(3,10,12)-(9,14)-15-2-1",2,2,0.0,False,"(*8,16)-6(5,11,13)(4,7)12(3,10)(9,14)-15,2-1",3,1,3.5,False,"(*8,16)(5,6)-(4,11,13)12(3,7)10,14(9,15,2)=1",3,2,0.0,False,"8(5,16,6)-(4,13)-(3,11,12)(7,10)(15,2)-14-9-1",2,3,0.0,False,-3,
201907030805,5,2歳新馬,芝,2000,曇,稍重,12:25,2019-07-21,中京,5,5,10,2017104687,アジャストザルート,牡2,51,01178,斎藤新,2:04.6,3/4,9-10-11-10,36.1,19.5,7,480(0),01144,[西]池添学,415800,社台レースホース,70.0,"8(6,16)5,11,13(4,7)(3,10,12)-(9,14)-15-2-1",9,3,3.0,False,"(*8,16)-6(5,11,13)(4,7)12(3,10)(9,14)-15,2-1",10,2,3.5,False,"(*8,16)(5,6)-(4,11,13)12(3,7)10,14(9,15,2)=1",11,1,3.5,False,"8(5,16,6)-(4,13)-(3,11,12)(7,10)(15,2)-14-9-1",10,2,7.0,False,-3,
201907030805,5,2歳新馬,芝,2000,曇,稍重,12:25,2019-07-21,中京,6,1,2,2017100168,アバンダンスシチー,牡2,54,00732,幸英明,2:05.0,2.1/2,15-15-13-12,36.1,37.6,10,502(0),01028,[西]西園正都,321800,友駿ホースクラブ,,"8(6,16)5,11,13(4,7)(3,10,12)-(9,14)-15-2-1",15,1,13.5,False,"(*8,16)-6(5,11,13)(4,7)12(3,10)(9,14)-15,2-1",15,1,8.5,False,"(*8,16)(5,6)-(4,11,13)12(3,7)10,14(9,15,2)=1",13,3,5.0,False,"8(5,16,6)-(4,13)-(3,11,12)(7,10)(15,2)-14-9-1",12,2,7.0,False,-3,
201907030805,5,2歳新馬,芝,2000,曇,稍重,12:25,2019-07-21,中京,7,3,5,2017104151,ディープハーモニー,牡2,54,01154,松若風馬,2:05.4,2.1/2,4-4-3-2,37.9,16.1,6,464(0),01099,[西]本田優,128008,深見敏男,,"8(6,16)5,11,13(4,7)(3,10,12)-(9,14)-15-2-1",4,1,0.0,False,"(*8,16)-6(5,11,13)(4,7)12(3,10)(9,14)-15,2-1",4,3,3.5,False,"(*8,16)(5,6)-(4,11,13)12(3,7)10,14(9,15,2)=1",3,2,0.0,False,"8(5,16,6)-(4,13)-(3,11,12)(7,10)(15,2)-14-9-1",2,3,0.0,False,-3,
201907030805,5,2歳新馬,芝,2000,曇,稍重,12:25,2019-07-21,中京,8,4,7,2017102317,マイネルボレロ,牡2,54,05525,藤井勘一,2:06.1,4,7-7-9-10,37.6,114.7,14,496(0),00422,[西]五十嵐忠,546800,サラブレッドクラブ・...,,"8(6,16)5,11,13(4,7)(3,10,12)-(9,14)-15-2-1",7,2,3.0,False,"(*8,16)-6(5,11,13)(4,7)12(3,10)(9,14)-15,2-1",7,2,3.5,False,"(*8,16)(5,6)-(4,11,13)12(3,7)10,14(9,15,2)=1",9,2,3.5,False,"8(5,16,6)-(4,13)-(3,11,12)(7,10)(15,2)-14-9-1",10,2,7.0,False,-3,
201907030805,5,2歳新馬,芝,2000,曇,稍重,12:25,2019-07-21,中京,9,2,3,2017106400,ポールトゥウィン,牡2,51,01174,岩田望来,2:06.1,クビ,9-10-9-7,37.8,11.4,3,470(0),01016,[西]西浦勝一,045803,カナヤマホールディン...,,"8(6,16)5,11,13(4,7)(3,10,12)-(9,14)-15-2-1",9,3,3.0,False,"(*8,16)-6(5,11,13)(4,7)12(3,10)(9,14)-15,2-1",10,2,3.5,False,"(*8,16)(5,6)-(4,11,13)12(3,7)10,14(9,15,2)=1",9,2,3.5,False,"8(5,16,6)-(4,13)-(3,11,12)(7,10)(15,2)-14-9-1",7,3,7.0,False,-3,
201907030805,5,2歳新馬,芝,2000,曇,稍重,12:25,2019-07-21,中京,10,8,16,2017104581,ゼンダンイワミ,牡2,54,01010,柴田未崎,2:06.8,4,2-2-2-2,39.4,208.5,16,496(0),01050,[西]飯田雄三,377031,渡邊善男,,"8(6,16)5,11,13(4,7)(3,10,12)-(9,14)-15-2-1",2,2,0.0,False,"(*8,16)-6(5,11,13)(4,7)12(3,10)(9,14)-15,2-1",2,2,0.0,False,"(*8,16)(5,6)-(4,11,13)12(3,7)10,14(9,15,2)=1",2,2,0.0,False,"8(5,16,6)-(4,13)-(3,11,12)(7,10)(15,2)-14-9-1",2,3,0.0,False,-3,
201907030805,5,2歳新馬,芝,2000,曇,稍重,12:25,2019-07-21,中京,11,2,4,2017102378,ロードグリュック,牡2,54,01157,鮫島克駿,2:07.4,3.1/2,7-7-5-5,39.6,102.8,13,450(0),01149,[西]松下武士,170800,ロードホースクラブ,,"8(6,16)5,11,13(4,7)(3,10,12)-(9,14)-15-2-1",7,2,3.0,False,"(*8,16)-6(5,11,13)(4,7)12(3,10)(9,14)-15,2-1",7,2,3.5,False,"(*8,16)(5,6)-(4,11,13)12(3,7)10,14(9,15,2)=1",5,3,3.5,False,"8(5,16,6)-(4,13)-(3,11,12)(7,10)(15,2)-14-9-1",5,2,3.5,False,-3,
201907030805,5,2歳新馬,芝,2000,曇,稍重,12:25,2019-07-21,中京,12,1,1,2017101915,マイネルコロンブス,牡2,54,01125,国分優作,2:07.5,クビ,16-16-16-16,37.1,79.6,12,452(0),01110,[西]清水久詞,546800,サラブレッドクラブ・...,,"8(6,16)5,11,13(4,7)(3,10,12)-(9,14)-15-2-1",16,1,17.0,False,"(*8,16)-6(5,11,13)(4,7)12(3,10)(9,14)-15,2-1",16,1,12.0,False,"(*8,16)(5,6)-(4,11,13)12(3,7)10,14(9,15,2)=1",16,1,11.0,False,"8(5,16,6)-(4,13)-(3,11,12)(7,10)(15,2)-14-9-1",16,1,17.5,False,-3,
201907030805,5,2歳新馬,芝,2000,曇,稍重,12:25,2019-07-21,中京,13,4,8,2017104544,トーアコハク,牝2,52,01171,西村淳也,2:08.1,3.1/2,1-1-1-1,40.9,28.6,8,444(0),01091,[西]羽月友彦,784800,高山ランド,,"8(6,16)5,11,13(4,7)(3,10,12)-(9,14)-15-2-1",1,1,0.0,False,"(*8,16)-6(5,11,13)(4,7)12(3,10)(9,14)-15,2-1",1,2,0.0,True,"(*8,16)(5,6)-(4,11,13)12(3,7)10,14(9,15,2)=1",1,2,0.0,True,"8(5,16,6)-(4,13)-(3,11,12)(7,10)(15,2)-14-9-1",1,1,0.0,False,-3,
201907030805,5,2歳新馬,芝,2000,曇,稍重,12:25,2019-07-21,中京,14,6,11,2017104211,シゲルアマノガワ,牡2,54,01034,酒井学,2:08.1,クビ,5-4-5-7,39.8,183.7,15,548(0),01003,[西]川村禎彦,674004,森中蕃,,"8(6,16)5,11,13(4,7)(3,10,12)-(9,14)-15-2-1",5,1,1.5,False,"(*8,16)-6(5,11,13)(4,7)12(3,10)(9,14)-15,2-1",4,3,3.5,False,"(*8,16)(5,6)-(4,11,13)12(3,7)10,14(9,15,2)=1",5,3,3.5,False,"8(5,16,6)-(4,13)-(3,11,12)(7,10)(15,2)-14-9-1",7,3,7.0,False,-3,
201907030805,5,2歳新馬,芝,2000,曇,稍重,12:25,2019-07-21,中京,15,7,14,2017105273,ケープオブストーム,牡2,54,01115,浜中俊,2:08.8,4,12-12-12-14,39.6,15.5,5,506(0),01066,[西]岡田稲男,486800,キャロットファーム,,"8(6,16)5,11,13(4,7)(3,10,12)-(9,14)-15-2-1",12,2,6.5,False,"(*8,16)-6(5,11,13)(4,7)12(3,10)(9,14)-15,2-1",12,2,3.5,False,"(*8,16)(5,6)-(4,11,13)12(3,7)10,14(9,15,2)=1",12,1,5.0,False,"8(5,16,6)-(4,13)-(3,11,12)(7,10)(15,2)-14-9-1",14,1,10.5,False,-3,
201907030805,5,2歳新馬,芝,2000,曇,稍重,12:25,2019-07-21,中京,16,5,9,2017101535,ジャスパーイーグル,牡2,54,05268,佐藤友則,2:08.8,クビ,12-12-13-15,39.1,32.3,9,474(0),00427,[西]森秀行,672033,加藤和夫,,"8(6,16)5,11,13(4,7)(3,10,12)-(9,14)-15-2-1",12,2,6.5,False,"(*8,16)-6(5,11,13)(4,7)12(3,10)(9,14)-15,2-1",12,2,3.5,False,"(*8,16)(5,6)-(4,11,13)12(3,7)10,14(9,15,2)=1",13,3,5.0,False,"8(5,16,6)-(4,13)-(3,11,12)(7,10)(15,2)-14-9-1",15,1,14.0,False,-3,
201907030806,6,3歳未勝利,芝,1600,曇,稍重,12:55,2019-07-21,中京,1,7,13,2016102075,マーニ,牡3,56,01018,和田竜二,1:35.6,,6-5-5,35.3,3.6,1,438(0),01046,[西]鮫島一歩,370008,岡浩二,500.0,,,,,,"4(2,16)(8,12)(6,13)(1,7)(9,14)5,10(3,11)15",6,2,0.0,False,"4,16(2,8)(6,1,13)14(7,12,9)5(10,11)(3,15)",5,3,1.5,False,"4,16(2,8)13(6,1)14(5,7,9)(10,11)(12,3,15)",5,1,1.5,False,-3,
201907030806,6,3歳未勝利,芝,1600,曇,稍重,12:55,2019-07-21,中京,2,8,16,2016104368,アルディテッツァ,牡3,56,05525,藤井勘一,1:35.9,1.3/4,2-2-2,35.9,7.1,4,502(+2),01071,[西]池江泰寿,808800,Ｇ１レーシング,200.0,,,,,,"4(2,16)(8,12)(6,13)(1,7)(9,14)5,10(3,11)15",2,2,0.0,False,"4,16(2,8)(6,1,13)14(7,12,9)5(10,11)(3,15)",2,1,1.5,False,"4,16(2,8)13(6,1)14(5,7,9)(10,11)(12,3,15)",2,1,1.5,False,-3,
201907030806,6,3歳未勝利,芝,1600,曇,稍重,12:55,2019-07-21,中京,3,3,5,2016105171,ピノクル,牡3,56,01088,川田将雅,1:36.1,1.1/4,12-12-9,35.5,3.8,2,480(+4),01002,[西]音無秀孝,708800,金子真人ホールディン...,130.0,,,,,,"4(2,16)(8,12)(6,13)(1,7)(9,14)5,10(3,11)15",12,1,0.0,False,"4,16(2,8)(6,1,13)14(7,12,9)5(10,11)(3,15)",12,1,1.5,False,"4,16(2,8)13(6,1)14(5,7,9)(10,11)(12,3,15)",9,3,1.5,False,-3,
201907030806,6,3歳未勝利,芝,1600,曇,稍重,12:55,2019-07-21,中京,4,5,10,2016106250,マイマーベラスワン,牝3,54,01138,藤懸貴志,1:36.1,ハナ,13-13-12,35.3,32.0,8,412(-4),01140,[西]石橋守,968006,五影隆則,75.0,,,,,,"4(2,16)(8,12)(6,13)(1,7)(9,14)5,10(3,11)15",13,1,1.5,False,"4,16(2,8)(6,1,13)14(7,12,9)5(10,11)(3,15)",13,2,1.5,False,"4,16(2,8)13(6,1)14(5,7,9)(10,11)(12,3,15)",12,2,1.5,False,-3,
201907030806,6,3歳未勝利,芝,1600,曇,稍重,12:55,2019-07-21,中京,5,1,1,2016104426,マルシュロレーヌ,牝3,54,01014,福永祐一,1:36.3,1,8-5-6,35.9,3.9,3,458(+8),01075,[西]矢作芳人,486800,キャロットファーム,50.0,,,,,,"4(2,16)(8,12)(6,13)(1,7)(9,14)5,10(3,11)15",8,2,0.0,False,"4,16(2,8)(6,1,13)14(7,12,9)5(10,11)(3,15)",5,3,1.5,False,"4,16(2,8)13(6,1)14(5,7,9)(10,11)(12,3,15)",6,2,1.5,False,-3,
201907030806,6,3歳未勝利,芝,1600,曇,稍重,12:55,2019-07-21,中京,6,4,8,2016102907,ルージュオブグレイ,牝3,52,01171,西村淳也,1:36.3,アタマ,4-3-3,36.1,23.2,7,404(0),01095,[西]荒川義之,087803,ＨｉｍＲｏｃｋＲａｃ...,,,,,,,"4(2,16)(8,12)(6,13)(1,7)(9,14)5,10(3,11)15",4,2,0.0,False,"4,16(2,8)(6,1,13)14(7,12,9)5(10,11)(3,15)",3,2,1.5,False,"4,16(2,8)13(6,1)14(5,7,9)(10,11)(12,3,15)",3,2,1.5,False,-3,
201907030806,6,3歳未勝利,芝,1600,曇,稍重,12:55,2019-07-21,中京,7,3,6,2016102413,クリーンガーベラ,牝3,54,01157,鮫島克駿,1:36.7,2.1/2,6-5-6,36.3,90.6,12,456(+10),01157,[西]杉山晴紀,726008,石橋和夫,,,,,,,"4(2,16)(8,12)(6,13)(1,7)(9,14)5,10(3,11)15",6,2,0.0,False,"4,16(2,8)(6,1,13)14(7,12,9)5(10,11)(3,15)",5,3,1.5,False,"4,16(2,8)13(6,1)14(5,7,9)(10,11)(12,3,15)",6,2,1.5,False,-3,
201907030806,6,3歳未勝利,芝,1600,曇,稍重,12:55,2019-07-21,中京,8,4,7,2016102001,ローザンヌ,牝3,54,01034,酒井学,1:36.8,1/2,8-9-9,36.2,38.3,9,468(0),01053,[西]角居勝彦,124008,山本英俊,,,,,,,"4(2,16)(8,12)(6,13)(1,7)(9,14)5,10(3,11)15",8,2,0.0,False,"4,16(2,8)(6,1,13)14(7,12,9)5(10,11)(3,15)",9,3,1.5,False,"4,16(2,8)13(6,1)14(5,7,9)(10,11)(12,3,15)",9,3,1.5,False,-3,
201907030806,6,3歳未勝利,芝,1600,曇,稍重,12:55,2019-07-21,中京,9,6,12,2016102003,ライズ,牡3,56,01126,松山弘平,1:37.3,3,4-9-14,36.4,39.7,10,510(-8),01062,[西]藤岡健一,646030,中辻明,,,,,,,"4(2,16)(8,12)(6,13)(1,7)(9,14)5,10(3,11)15",4,2,0.0,False,"4,16(2,8)(6,1,13)14(7,12,9)5(10,11)(3,15)",9,3,1.5,False,"4,16(2,8)13(6,1)14(5,7,9)(10,11)(12,3,15)",14,3,1.5,False,-3,
201907030806,6,3歳未勝利,芝,1600,曇,稍重,12:55,2019-07-21,中京,10,5,9,2016101692,ダミアンバローズ,牡3,56,01154,松若風馬,1:37.5,1,10-9-9,36.9,69.0,11,488(-4),01155,[西]渡辺薫彦,859007,猪熊広次,,,,,,,"4(2,16)(8,12)(6,13)(1,7)(9,14)5,10(3,11)15",10,2,0.0,False,"4,16(2,8)(6,1,13)14(7,12,9)5(10,11)(3,15)",9,3,1.5,False,"4,16(2,8)13(6,1)14(5,7,9)(10,11)(12,3,15)",9,3,1.5,False,-3,
201907030806,6,3歳未勝利,芝,1600,曇,稍重,12:55,2019-07-21,中京,11,7,14,2016104950,ブライトホーン,牝3,51,01178,斎藤新,1:37.5,アタマ,10-8-8,37.0,139.5,15,404(-6),01155,[西]渡辺薫彦,008803,原禮子,,,,,,,"4(2,16)(8,12)(6,13)(1,7)(9,14)5,10(3,11)15",10,2,0.0,False,"4,16(2,8)(6,1,13)14(7,12,9)5(10,11)(3,15)",8,1,1.5,False,"4,16(2,8)13(6,1)14(5,7,9)(10,11)(12,3,15)",8,1,1.5,False,-3,
201907030806,6,3歳未勝利,芝,1600,曇,稍重,12:55,2019-07-21,中京,12,1,2,2016100515,タガノベリキュー,牝3,54,01130,高倉稜,1:37.8,1.3/4,2-3-3,37.7,114.3,14,440(+8),01155,[西]渡辺薫彦,859002,八木良司,,,,,,,"4(2,16)(8,12)(6,13)(1,7)(9,14)5,10(3,11)15",2,2,0.0,False,"4,16(2,8)(6,1,13)14(7,12,9)5(10,11)(3,15)",3,2,1.5,False,"4,16(2,8)13(6,1)14(5,7,9)(10,11)(12,3,15)",3,2,1.5,False,-3,
201907030806,6,3歳未勝利,芝,1600,曇,稍重,12:55,2019-07-21,中京,13,6,11,2016102492,マレシャル,牡3,56,00732,幸英明,1:37.8,アタマ,14-13-12,37.0,16.9,6,480(-14),01032,[西]大根田裕,548033,奥裕嗣,,,,,,,"4(2,16)(8,12)(6,13)(1,7)(9,14)5,10(3,11)15",14,2,1.5,False,"4,16(2,8)(6,1,13)14(7,12,9)5(10,11)(3,15)",13,2,1.5,False,"4,16(2,8)13(6,1)14(5,7,9)(10,11)(12,3,15)",12,2,1.5,False,-3,
201907030806,6,3歳未勝利,芝,1600,曇,稍重,12:55,2019-07-21,中京,14,2,3,2016102615,ゾロ,牡3,56,01125,国分優作,1:38.1,1.3/4,14-15-14,37.1,103.5,13,472(+4),01170,[西]坂口智康,789002,北山敏隆,,,,,,,"4(2,16)(8,12)(6,13)(1,7)(9,14)5,10(3,11)15",14,2,1.5,False,"4,16(2,8)(6,1,13)14(7,12,9)5(10,11)(3,15)",15,2,1.5,False,"4,16(2,8)13(6,1)14(5,7,9)(10,11)(12,3,15)",14,3,1.5,False,-3,
201907030806,6,3歳未勝利,芝,1600,曇,稍重,12:55,2019-07-21,中京,15,2,4,2016106234,キンイロノツバサ,牡3,56,00894,小牧太,1:38.2,1/2,1-1-1,38.4,161.1,16,448(+8),01040,[西]服部利之,620033,大島豊彦,,,,,,,"4(2,16)(8,12)(6,13)(1,7)(9,14)5,10(3,11)15",1,1,0.0,False,"4,16(2,8)(6,1,13)14(7,12,9)5(10,11)(3,15)",1,1,0.0,False,"4,16(2,8)13(6,1)14(5,7,9)(10,11)(12,3,15)",1,1,0.0,False,-3,
201907030806,6,3歳未勝利,芝,1600,曇,稍重,12:55,2019-07-21,中京,16,8,15,2016105534,オメガダヴィンチ,牡3,56,05212,Ｍ．デム,1:39.6,9,16-15-14,38.6,12.0,5,472(0),01164,[西]安田翔伍,008803,原禮子,,,,,,,"4(2,16)(8,12)(6,13)(1,7)(9,14)5,10(3,11)15",16,1,1.5,False,"4,16(2,8)(6,1,13)14(7,12,9)5(10,11)(3,15)",15,2,1.5,False,"4,16(2,8)13(6,1)14(5,7,9)(10,11)(12,3,15)",14,3,1.5,False,-3,
201907030807,7,3歳以上500万下,ダ,1400,曇,稍重,13:25,2019-07-21,中京,1,8,14,2015102093,ダイメイギンガ,牝4,55,01154,松若風馬,1:24.2,,14-13,37.0,28.3,8,468(-6),01142,[西]森田直行,688006,宮本孝一,750.0,,,,,,,,,,,"(*6,9)15(7,10)5(2,11)3,1(4,8,12)14-13",14,1,1.5,False,"(*6,9)15,7(5,10)11(2,3)(1,4)12(14,8)-13",13,2,1.5,False,-17,
201907030807,7,3歳以上500万下,ダ,1400,曇,稍重,13:25,2019-07-21,中京,2,3,4,2013103963,ラタンドレス,牝6,55,05268,佐藤友則,1:24.6,2,11-10,37.7,108.7,14,486(-6),00388,[西]山内研二,854800,ノルマンディーサラブ...,300.0,,,,,,,,,,,"(*6,9)15(7,10)5(2,11)3,1(4,8,12)14-13",11,3,1.5,False,"(*6,9)15,7(5,10)11(2,3)(1,4)12(14,8)-13",10,2,1.5,False,-17,
201907030807,7,3歳以上500万下,ダ,1400,曇,稍重,13:25,2019-07-21,中京,3,2,3,2015104818,レッドシャーロット,牝4,52,01178,斎藤新,1:24.6,クビ,9-8,37.9,5.7,3,468(+2),01087,[西]庄野靖志,180800,東京ホースレーシング,190.0,,,,,,,,,,,"(*6,9)15(7,10)5(2,11)3,1(4,8,12)14-13",9,1,0.0,False,"(*6,9)15,7(5,10)11(2,3)(1,4)12(14,8)-13",8,2,1.5,False,-17,
201907030807,7,3歳以上500万下,ダ,1400,曇,稍重,13:25,2019-07-21,中京,4,6,11,2016104481,サルトアトランテ,牝3,52,01088,川田将雅,1:24.6,ハナ,7-7,38.2,4.2,2,442(0),01028,[西]西園正都,506800,シルクレーシング,110.0,,,,,,,,,,,"(*6,9)15(7,10)5(2,11)3,1(4,8,12)14-13",7,2,0.0,False,"(*6,9)15,7(5,10)11(2,3)(1,4)12(14,8)-13",7,1,1.5,False,-17,
201907030807,7,3歳以上500万下,ダ,1400,曇,稍重,13:25,2019-07-21,中京,5,3,5,2016102388,ナムラマッチェリ,牝3,52,00732,幸英明,1:24.7,1/2,6-5,38.5,12.9,6,466(+4),01065,[西]大橋勇樹,972002,奈村睦弘,75.0,,,,,,,,,,,"(*6,9)15(7,10)5(2,11)3,1(4,8,12)14-13",6,1,0.0,False,"(*6,9)15,7(5,10)11(2,3)(1,4)12(14,8)-13",5,2,1.5,False,-17,
201907030807,7,3歳以上500万下,ダ,1400,曇,稍重,13:25,2019-07-21,中京,6,1,1,2015103580,ファステンバーグ,牝4,55,01125,国分優作,1:24.9,1.1/4,10-10,38.1,73.8,12,462(+6),01016,[西]西浦勝一,710033,上山牧,,,,,,,,,,,,"(*6,9)15(7,10)5(2,11)3,1(4,8,12)14-13",10,1,1.5,False,"(*6,9)15,7(5,10)11(2,3)(1,4)12(14,8)-13",10,2,1.5,False,-17,
201907030807,7,3歳以上500万下,ダ,1400,曇,稍重,13:25,2019-07-21,中京,7,8,15,2016101159,デュアラブル,牝3,50,01171,西村淳也,1:25.0,クビ,3-3,39.2,8.7,5,490(+6),01137,[西]中内田充,170800,ロードホースクラブ,,,,,,,,,,,,"(*6,9)15(7,10)5(2,11)3,1(4,8,12)14-13",3,1,0.0,False,"(*6,9)15,7(5,10)11(2,3)(1,4)12(14,8)-13",3,1,0.0,False,-17,
201907030807,7,3歳以上500万下,ダ,1400,曇,稍重,13:25,2019-07-21,中京,8,5,8,2012105194,サンマルメジャール,牝7,52,01159,三津谷隼,1:25.3,2,11-13,38.4,305.0,15,468(+2),00388,[西]山内研二,580007,相馬勇,,,,,,,,,,,,"(*6,9)15(7,10)5(2,11)3,1(4,8,12)14-13",11,3,1.5,False,"(*6,9)15,7(5,10)11(2,3)(1,4)12(14,8)-13",13,2,1.5,False,-17,
201907030807,7,3歳以上500万下,ダ,1400,曇,稍重,13:25,2019-07-21,中京,9,7,13,2015100519,タガノブディーノ,牝4,55,01126,松山弘平,1:25.4,1/2,15-15,37.7,16.6,7,470(0),00422,[西]五十嵐忠,859002,八木良司,,,,,,,,,,,,"(*6,9)15(7,10)5(2,11)3,1(4,8,12)14-13",15,1,5.0,False,"(*6,9)15,7(5,10)11(2,3)(1,4)12(14,8)-13",15,1,5.0,False,-17,
201907030807,7,3歳以上500万下,ダ,1400,曇,稍重,13:25,2019-07-21,中京,10,4,7,2014102027,ダノンコスモス,牝5,55,01115,浜中俊,1:26.3,5,4-4,40.3,3.0,1,462(+4),01135,[西]高橋康之,619800,ダノックス,,,,,,,,,,,,"(*6,9)15(7,10)5(2,11)3,1(4,8,12)14-13",4,2,0.0,False,"(*6,9)15,7(5,10)11(2,3)(1,4)12(14,8)-13",4,1,1.5,False,-17,
201907030807,7,3歳以上500万下,ダ,1400,曇,稍重,13:25,2019-07-21,中京,11,5,9,2015105508,リリープリンセス,牝4,52,01174,岩田望来,1:26.4,1/2,2-2,40.7,81.0,13,470(+12),00438,[西]安田隆行,624008,村上龍太郎,,,,,,,,,,,,"(*6,9)15(7,10)5(2,11)3,1(4,8,12)14-13",2,2,0.0,False,"(*6,9)15,7(5,10)11(2,3)(1,4)12(14,8)-13",2,2,0.0,False,-17,
201907030807,7,3歳以上500万下,ダ,1400,曇,稍重,13:25,2019-07-21,中京,12,2,2,2016100627,アナスタシオ,牝3,52,01157,鮫島克駿,1:26.6,1.1/4,7-8,40.1,8.2,4,460(+2),01075,[西]矢作芳人,788800,ノースヒルズ,,,,,,,,,,,,"(*6,9)15(7,10)5(2,11)3,1(4,8,12)14-13",7,2,0.0,False,"(*6,9)15,7(5,10)11(2,3)(1,4)12(14,8)-13",8,2,1.5,False,-17,
201907030807,7,3歳以上500万下,ダ,1400,曇,稍重,13:25,2019-07-21,中京,13,6,10,2016101696,エイシンオズ,牝3,52,01018,和田竜二,1:27.3,4,4-5,41.2,34.4,9,440(+12),01128,[西]今野貞一,785800,栄進堂,,,,,,,,,,,,"(*6,9)15(7,10)5(2,11)3,1(4,8,12)14-13",4,2,0.0,False,"(*6,9)15,7(5,10)11(2,3)(1,4)12(14,8)-13",5,2,1.5,False,-17,
201907030807,7,3歳以上500万下,ダ,1400,曇,稍重,13:25,2019-07-21,中京,14,7,12,2015100806,ロンリーハート,牝4,55,05525,藤井勘一,1:27.7,2.1/2,11-12,40.7,41.4,10,472(-4),01123,[西]牧田和弥,768006,薪浦亨,,,,,,,,,,,,"(*6,9)15(7,10)5(2,11)3,1(4,8,12)14-13",11,3,1.5,False,"(*6,9)15,7(5,10)11(2,3)(1,4)12(14,8)-13",12,1,1.5,False,-17,
201907030807,7,3歳以上500万下,ダ,1400,曇,稍重,13:25,2019-07-21,中京,15,4,6,2016106400,テイエムストーン,牝3,52,01034,酒井学,1:28.0,1.3/4,1-1,42.3,50.3,11,466(-6),01050,[西]飯田雄三,356002,竹園正繼,,,,,,,,,,,,"(*6,9)15(7,10)5(2,11)3,1(4,8,12)14-13",1,2,0.0,True,"(*6,9)15,7(5,10)11(2,3)(1,4)12(14,8)-13",1,2,0.0,True,-17,
201907030808,8,3歳以上500万下,ダ,1800,曇,稍重,13:55,2019-07-21,中京,1,5,9,2014103715,ショウナンサリュー,牡5,57,01115,浜中俊,1:51.8,,5-4-3-2,36.3,4.0,1,488(-4),01117,[西]高野友和,331002,国本哲秀,750.0,"2,5(1,12)(9,16)14(4,11)(8,15)(6,13)(3,7)   10",5,2,1.5,False,"2(1,5)(9,12,16)(4,14)11(8,15)13(6,7)3   10",4,3,0.0,False,"(2,*5)(1,9,15,7)(12,16)(11,14)(8,13)(4,3)-6   10",3,4,0.0,False,"(2,*5,9,7)(1,15)(11,14)(8,13,12)-3(4,16)-6   10",2,4,0.0,False,-17,
201907030808,8,3歳以上500万下,ダ,1800,曇,稍重,13:55,2019-07-21,中京,2,3,5,2016104042,レオンコロナ,牡3,54,01018,和田竜二,1:52.5,4,2-2-1-1,37.2,20.3,11,456(-2),01111,[西]鈴木孝志,895030,山口敦広,300.0,"2,5(1,12)(9,16)14(4,11)(8,15)(6,13)(3,7)   10",2,1,1.5,False,"2(1,5)(9,12,16)(4,14)11(8,15)13(6,7)3   10",2,2,0.0,False,"(2,*5)(1,9,15,7)(12,16)(11,14)(8,13)(4,3)-6   10",1,2,0.0,True,"(2,*5,9,7)(1,15)(11,14)(8,13,12)-3(4,16)-6   10",1,4,0.0,True,-17,
201907030808,8,3歳以上500万下,ダ,1800,曇,稍重,13:55,2019-07-21,中京,3,1,1,2016100419,コパノカーリング,牡3,53,01165,森裕太朗,1:52.6,クビ,3-2-3-5,37.0,8.5,3,466(+2),01107,[西]村山明,966007,小林祥晃,190.0,"2,5(1,12)(9,16)14(4,11)(8,15)(6,13)(3,7)   10",3,2,1.5,False,"2(1,5)(9,12,16)(4,14)11(8,15)13(6,7)3   10",2,2,0.0,False,"(2,*5)(1,9,15,7)(12,16)(11,14)(8,13)(4,3)-6   10",3,4,0.0,False,"(2,*5,9,7)(1,15)(11,14)(8,13,12)-3(4,16)-6   10",5,2,0.0,False,-17,
201907030808,8,3歳以上500万下,ダ,1800,曇,稍重,13:55,2019-07-21,中京,4,7,13,2016101105,ヒロノセンキン,セ3,54,01126,松山弘平,1:53.0,2.1/2,12-12-11-9,36.8,18.3,10,464(-10),01158,[西]寺島良,807800,サンエイ開発,110.0,"2,5(1,12)(9,16)14(4,11)(8,15)(6,13)(3,7)   10",12,2,1.5,False,"2(1,5)(9,12,16)(4,14)11(8,15)13(6,7)3   10",12,1,0.0,False,"(2,*5)(1,9,15,7)(12,16)(11,14)(8,13)(4,3)-6   10",11,2,0.0,False,"(2,*5,9,7)(1,15)(11,14)(8,13,12)-3(4,16)-6   10",9,3,0.0,False,-17,
201907030808,8,3歳以上500万下,ダ,1800,曇,稍重,13:55,2019-07-21,中京,5,4,7,2015100833,ランドヘルメース,牡4,57,05525,藤井勘一,1:53.1,クビ,14-13-3-2,37.6,35.4,12,494(-2),01042,[西]安達昭夫,862009,木村昌三,75.0,"2,5(1,12)(9,16)14(4,11)(8,15)(6,13)(3,7)   10",14,2,1.5,False,"2(1,5)(9,12,16)(4,14)11(8,15)13(6,7)3   10",13,2,0.0,False,"(2,*5)(1,9,15,7)(12,16)(11,14)(8,13)(4,3)-6   10",3,4,0.0,False,"(2,*5,9,7)(1,15)(11,14)(8,13,12)-3(4,16)-6   10",2,4,0.0,False,-17,
201907030808,8,3歳以上500万下,ダ,1800,曇,稍重,13:55,2019-07-21,中京,6,2,3,2016105560,タマモアポローン,牡3,53,01166,川又賢治,1:53.1,クビ,14-15-13-12,36.6,9.7,5,490(0),00422,[西]五十嵐忠,515800,タマモ,,"2,5(1,12)(9,16)14(4,11)(8,15)(6,13)(3,7)   10",14,2,1.5,False,"2(1,5)(9,12,16)(4,14)11(8,15)13(6,7)3   10",15,1,0.0,False,"(2,*5)(1,9,15,7)(12,16)(11,14)(8,13)(4,3)-6   10",13,2,0.0,False,"(2,*5,9,7)(1,15)(11,14)(8,13,12)-3(4,16)-6   10",12,1,3.5,False,-17,
201907030808,8,3歳以上500万下,ダ,1800,曇,稍重,13:55,2019-07-21,中京,7,7,14,2014105933,シェアザモーメント,牡5,55,01171,西村淳也,1:53.3,3/4,7-7-9-7,37.4,13.4,7,468(-2),01166,[西]石坂公一,486800,キャロットファーム,,"2,5(1,12)(9,16)14(4,11)(8,15)(6,13)(3,7)   10",7,1,1.5,False,"2(1,5)(9,12,16)(4,14)11(8,15)13(6,7)3   10",7,2,0.0,False,"(2,*5)(1,9,15,7)(12,16)(11,14)(8,13)(4,3)-6   10",9,2,0.0,False,"(2,*5,9,7)(1,15)(11,14)(8,13,12)-3(4,16)-6   10",7,2,0.0,False,-17,
201907030808,8,3歳以上500万下,ダ,1800,曇,稍重,13:55,2019-07-21,中京,8,6,12,2016106046,シールドヴォルト,牡3,54,01157,鮫島克駿,1:53.4,3/4,3-4-7-9,37.6,4.7,2,438(+2),01136,[西]高橋亮,994002,飯田正剛,,"2,5(1,12)(9,16)14(4,11)(8,15)(6,13)(3,7)   10",3,2,1.5,False,"2(1,5)(9,12,16)(4,14)11(8,15)13(6,7)3   10",4,3,0.0,False,"(2,*5)(1,9,15,7)(12,16)(11,14)(8,13)(4,3)-6   10",7,2,0.0,False,"(2,*5,9,7)(1,15)(11,14)(8,13,12)-3(4,16)-6   10",9,3,0.0,False,-17,
201907030808,8,3歳以上500万下,ダ,1800,曇,稍重,13:55,2019-07-21,中京,9,8,15,2016104716,グリッサード,牡3,54,05212,Ｍ．デム,1:53.6,1.1/2,10-10-3-5,38.1,17.3,9,478(+4),01130,[西]吉村圭司,506800,シルクレーシング,,"2,5(1,12)(9,16)14(4,11)(8,15)(6,13)(3,7)   10",10,2,1.5,False,"2(1,5)(9,12,16)(4,14)11(8,15)13(6,7)3   10",10,2,0.0,False,"(2,*5)(1,9,15,7)(12,16)(11,14)(8,13)(4,3)-6   10",3,4,0.0,False,"(2,*5,9,7)(1,15)(11,14)(8,13,12)-3(4,16)-6   10",5,2,0.0,False,-17,
201907030808,8,3歳以上500万下,ダ,1800,曇,稍重,13:55,2019-07-21,中京,10,6,11,2015105893,ハギノフロンティア,牡4,57,00652,熊沢重文,1:53.7,1/2,8-9-9-7,37.7,77.0,14,510(+4),01011,[西]松田国英,950006,日隈良江,,"2,5(1,12)(9,16)14(4,11)(8,15)(6,13)(3,7)   10",8,2,1.5,False,"2(1,5)(9,12,16)(4,14)11(8,15)13(6,7)3   10",9,1,0.0,False,"(2,*5)(1,9,15,7)(12,16)(11,14)(8,13)(4,3)-6   10",9,2,0.0,False,"(2,*5,9,7)(1,15)(11,14)(8,13,12)-3(4,16)-6   10",7,2,0.0,False,-17,
201907030808,8,3歳以上500万下,ダ,1800,曇,稍重,13:55,2019-07-21,中京,11,4,8,2014106197,インヴィクタ,牡5,57,01014,福永祐一,1:54.0,2,10-10-11-9,37.8,14.7,8,484(-2),01061,[西]友道康夫,006030,佐々木主浩,,"2,5(1,12)(9,16)14(4,11)(8,15)(6,13)(3,7)   10",10,2,1.5,False,"2(1,5)(9,12,16)(4,14)11(8,15)13(6,7)3   10",10,2,0.0,False,"(2,*5)(1,9,15,7)(12,16)(11,14)(8,13)(4,3)-6   10",11,2,0.0,False,"(2,*5,9,7)(1,15)(11,14)(8,13,12)-3(4,16)-6   10",9,3,0.0,False,-17,
201907030808,8,3歳以上500万下,ダ,1800,曇,稍重,13:55,2019-07-21,中京,12,2,4,2016106489,エイシンヨッシー,牡3,54,00894,小牧太,1:54.2,1.1/4,8-7-13-13,37.6,9.1,4,446(+2),01128,[西]今野貞一,785800,栄進堂,,"2,5(1,12)(9,16)14(4,11)(8,15)(6,13)(3,7)   10",8,2,1.5,False,"2(1,5)(9,12,16)(4,14)11(8,15)13(6,7)3   10",7,2,0.0,False,"(2,*5)(1,9,15,7)(12,16)(11,14)(8,13)(4,3)-6   10",13,2,0.0,False,"(2,*5,9,7)(1,15)(11,14)(8,13,12)-3(4,16)-6   10",13,2,3.5,False,-17,
201907030808,8,3歳以上500万下,ダ,1800,曇,稍重,13:55,2019-07-21,中京,13,8,16,2016105085,クオンタムシフト,牡3,54,01154,松若風馬,1:54.7,3,5-4-7-13,38.9,11.5,6,494(-14),01123,[西]牧田和弥,415800,社台レースホース,,"2,5(1,12)(9,16)14(4,11)(8,15)(6,13)(3,7)   10",5,2,1.5,False,"2(1,5)(9,12,16)(4,14)11(8,15)13(6,7)3   10",4,3,0.0,False,"(2,*5)(1,9,15,7)(12,16)(11,14)(8,13)(4,3)-6   10",7,2,0.0,False,"(2,*5,9,7)(1,15)(11,14)(8,13,12)-3(4,16)-6   10",13,2,3.5,False,-17,
201907030808,8,3歳以上500万下,ダ,1800,曇,稍重,13:55,2019-07-21,中京,14,1,2,2014103165,スマートウェールズ,牡5,54,01172,服部寿希,1:55.0,1.3/4,1-1-2-2,39.7,41.8,13,454(-8),01022,[西]石坂正,007803,大川徹,,"2,5(1,12)(9,16)14(4,11)(8,15)(6,13)(3,7)   10",1,1,0.0,False,"2(1,5)(9,12,16)(4,14)11(8,15)13(6,7)3   10",1,1,0.0,False,"(2,*5)(1,9,15,7)(12,16)(11,14)(8,13)(4,3)-6   10",2,2,0.0,False,"(2,*5,9,7)(1,15)(11,14)(8,13,12)-3(4,16)-6   10",2,4,0.0,False,-17,
201907030808,8,3歳以上500万下,ダ,1800,曇,稍重,13:55,2019-07-21,中京,15,3,6,2016105664,ナラ,牝3,52,05268,佐藤友則,1:57.3,大,12-13-15-15,40.4,182.1,15,412(-14),05708,[地]湯前良人,337803,ホースケア,,"2,5(1,12)(9,16)14(4,11)(8,15)(6,13)(3,7)   10",12,2,1.5,False,"2(1,5)(9,12,16)(4,14)11(8,15)13(6,7)3   10",13,2,0.0,False,"(2,*5)(1,9,15,7)(12,16)(11,14)(8,13)(4,3)-6   10",15,1,3.5,False,"(2,*5,9,7)(1,15)(11,14)(8,13,12)-3(4,16)-6   10",15,1,7.0,False,-17,
201907030808,8,3歳以上500万下,ダ,1800,曇,稍重,13:55,2019-07-21,中京,取,5,10,2015104310,カリンカ,牝4,52,01174,岩田望来,,,,,---,,計不,00429,[西]佐々木晶,866006,寺田寿男,,"2,5(1,12)(9,16)14(4,11)(8,15)(6,13)(3,7)   10",16,1,7.5,False,"2(1,5)(9,12,16)(4,14)11(8,15)13(6,7)3   10",16,1,6.0,False,"(2,*5)(1,9,15,7)(12,16)(11,14)(8,13)(4,3)-6   10",16,1,9.5,False,"(2,*5,9,7)(1,15)(11,14)(8,13,12)-3(4,16)-6   10",16,1,13.0,False,-17,
201907030809,9,長久手特別(2勝),芝,1600,曇,稍重,14:25,2019-07-21,中京,1,1,1,2016104913,アルティマリガーレ,牝3,52,01115,浜中俊,1:34.7,,6-6-5,34.6,2.4,1,444(+2),00429,[西]佐々木晶,415800,社台レースホース,"1,527.3",,,,,,"2(4,8)(7,10)(1,5)9(3,11)-12,6",6,2,0.0,False,"(*2,8)4(7,10)(3,1)(5,9)(11,12)-6",6,2,0.0,False,"2(4,8)3(1,7,10)(11,5,9)12-6",5,3,0.0,False,-3,
201907030809,9,長久手特別(2勝),芝,1600,曇,稍重,14:25,2019-07-21,中京,2,4,4,2014104390,ライオネルカズマ,牡5,57,01088,川田将雅,1:34.8,1/2,2-3-2,34.9,3.6,2,518(-2),00438,[西]安田隆行,879800,雅苑興業,607.8,,,,,,"2(4,8)(7,10)(1,5)9(3,11)-12,6",2,2,0.0,False,"(*2,8)4(7,10)(3,1)(5,9)(11,12)-6",3,1,0.0,False,"2(4,8)3(1,7,10)(11,5,9)12-6",2,2,0.0,False,-3,
201907030809,9,長久手特別(2勝),芝,1600,曇,稍重,14:25,2019-07-21,中京,3,8,12,2016100423,メリーメーキング,牡3,54,01126,松山弘平,1:35.0,1,11-10-11,34.3,13.4,5,452(+4),01110,[西]清水久詞,041002,前田晋二,383.9,,,,,,"2(4,8)(7,10)(1,5)9(3,11)-12,6",11,1,3.5,False,"(*2,8)4(7,10)(3,1)(5,9)(11,12)-6",10,2,0.0,False,"2(4,8)3(1,7,10)(11,5,9)12-6",11,1,0.0,False,-3,
201907030809,9,長久手特別(2勝),芝,1600,曇,稍重,14:25,2019-07-21,中京,4,2,2,2015103145,ナムラムツゴロー,牡4,57,01154,松若風馬,1:35.0,クビ,1-1-1,35.2,48.3,11,484(+2),01173,[西]長谷川浩,945004,奈村信重,230.0,,,,,,"2(4,8)(7,10)(1,5)9(3,11)-12,6",1,1,0.0,False,"(*2,8)4(7,10)(3,1)(5,9)(11,12)-6",1,2,0.0,True,"2(4,8)3(1,7,10)(11,5,9)12-6",1,1,0.0,False,-3,
201907030809,9,長久手特別(2勝),芝,1600,曇,稍重,14:25,2019-07-21,中京,5,3,3,2014101230,ペイシャエヴァー,牡5,57,01171,西村淳也,1:35.1,1/2,9-6-4,35.1,160.8,12,492(0),01076,[東]小笠倫弘,163002,北所直人,150.0,,,,,,"2(4,8)(7,10)(1,5)9(3,11)-12,6",9,2,0.0,False,"(*2,8)4(7,10)(3,1)(5,9)(11,12)-6",6,2,0.0,False,"2(4,8)3(1,7,10)(11,5,9)12-6",4,1,0.0,False,-3,
201907030809,9,長久手特別(2勝),芝,1600,曇,稍重,14:25,2019-07-21,中京,6,5,5,2013100731,ピースマインド,牡6,57,01157,鮫島克駿,1:35.1,クビ,6-8-8,34.7,43.0,10,456(0),01018,[西]宮徹,075002,小川勲,,,,,,,"2(4,8)(7,10)(1,5)9(3,11)-12,6",6,2,0.0,False,"(*2,8)4(7,10)(3,1)(5,9)(11,12)-6",8,2,0.0,False,"2(4,8)3(1,7,10)(11,5,9)12-6",8,3,0.0,False,-3,
201907030809,9,長久手特別(2勝),芝,1600,曇,稍重,14:25,2019-07-21,中京,7,5,6,2014106117,ステイオンザトップ,牡5,57,05525,藤井勘一,1:35.2,3/4,12-12-12,34.2,24.3,9,472(0),01105,[西]須貝尚介,506800,シルクレーシング,,,,,,,"2(4,8)(7,10)(1,5)9(3,11)-12,6",12,1,5.0,False,"(*2,8)4(7,10)(3,1)(5,9)(11,12)-6",12,1,3.5,False,"2(4,8)3(1,7,10)(11,5,9)12-6",12,1,3.5,False,-3,
201907030809,9,長久手特別(2勝),芝,1600,曇,稍重,14:25,2019-07-21,中京,8,8,11,2014103284,エイシンスレイマン,牡5,57,05212,Ｍ．デム,1:35.4,1.1/4,9-10-8,34.9,6.4,3,478(-6),01028,[西]西園正都,785800,栄進堂,,,,,,,"2(4,8)(7,10)(1,5)9(3,11)-12,6",9,2,0.0,False,"(*2,8)4(7,10)(3,1)(5,9)(11,12)-6",10,2,0.0,False,"2(4,8)3(1,7,10)(11,5,9)12-6",8,3,0.0,False,-3,
201907030809,9,長久手特別(2勝),芝,1600,曇,稍重,14:25,2019-07-21,中京,9,6,7,2015104658,イダエンペラー,牡4,57,01174,岩田望来,1:36.0,3.1/2,4-4-5,35.9,17.8,6,484(+2),01055,[西]藤原英昭,031060,張一達,,,,,,,"2(4,8)(7,10)(1,5)9(3,11)-12,6",4,2,0.0,False,"(*2,8)4(7,10)(3,1)(5,9)(11,12)-6",4,2,0.0,False,"2(4,8)3(1,7,10)(11,5,9)12-6",5,3,0.0,False,-3,
201907030809,9,長久手特別(2勝),芝,1600,曇,稍重,14:25,2019-07-21,中京,10,7,10,2014101349,エイシンルカーノ,牡5,57,01018,和田竜二,1:36.6,3.1/2,4-4-5,36.5,18.5,7,462(-8),01155,[西]渡辺薫彦,785800,栄進堂,,,,,,,"2(4,8)(7,10)(1,5)9(3,11)-12,6",4,2,0.0,False,"(*2,8)4(7,10)(3,1)(5,9)(11,12)-6",4,2,0.0,False,"2(4,8)3(1,7,10)(11,5,9)12-6",5,3,0.0,False,-3,
201907030809,9,長久手特別(2勝),芝,1600,曇,稍重,14:25,2019-07-21,中京,11,6,8,2014102330,メイショウモウコ,牡5,57,00732,幸英明,1:36.7,クビ,2-2-2,36.8,20.5,8,488(0),01042,[西]安達昭夫,523005,松本好雄,,,,,,,"2(4,8)(7,10)(1,5)9(3,11)-12,6",2,2,0.0,False,"(*2,8)4(7,10)(3,1)(5,9)(11,12)-6",2,2,0.0,False,"2(4,8)3(1,7,10)(11,5,9)12-6",2,2,0.0,False,-3,
201907030809,9,長久手特別(2勝),芝,1600,曇,稍重,14:25,2019-07-21,中京,12,7,9,2015105056,ディロス,牡4,57,01014,福永祐一,1:37.5,5,8-8-8,37.0,10.7,4,516(-12),01126,[東]木村哲也,506800,シルクレーシング,,,,,,,"2(4,8)(7,10)(1,5)9(3,11)-12,6",8,1,0.0,False,"(*2,8)4(7,10)(3,1)(5,9)(11,12)-6",8,2,0.0,False,"2(4,8)3(1,7,10)(11,5,9)12-6",8,3,0.0,False,-3,
201907030810,10,尾頭橋特別(2勝),ダ,1400,曇,稍重,15:01,2019-07-21,中京,1,8,15,2016110045,デンバーテソーロ,牝3,52,01126,松山弘平,1:23.6,,3-3,36.4,2.4,1,458(-2),01127,[東]栗田徹,089803,了徳寺健二ホールディ...,"1,539.9",,,,,,,,,,,"(*13,14)15,6(7,12,16)8(11,9,10)(1,5)(2,3)4",3,1,0.0,False,"(*13,14)15(6,7,12,16)(8,11,9,10)(1,5)(2,4,3)",3,1,0.0,False,-17,
201907030810,10,尾頭橋特別(2勝),ダ,1400,曇,稍重,15:01,2019-07-21,中京,2,7,14,2015106488,アスクハードスパン,牡4,57,05429,岡田祥嗣,1:23.6,クビ,2-2,36.5,6.5,3,536(-2),01072,[西]河内洋,037803,廣崎利洋ＨＤ,611.4,,,,,,,,,,,"(*13,14)15,6(7,12,16)8(11,9,10)(1,5)(2,3)4",2,2,0.0,False,"(*13,14)15(6,7,12,16)(8,11,9,10)(1,5)(2,4,3)",2,2,0.0,False,-17,
201907030810,10,尾頭橋特別(2勝),ダ,1400,曇,稍重,15:01,2019-07-21,中京,3,4,7,2015110068,カミノコ,牡4,57,05268,佐藤友則,1:23.8,1.1/4,5-4,36.4,43.0,11,458(-6),00427,[西]森秀行,490006,門野重雄,385.7,,,,,,,,,,,"(*13,14)15,6(7,12,16)8(11,9,10)(1,5)(2,3)4",5,3,1.5,False,"(*13,14)15(6,7,12,16)(8,11,9,10)(1,5)(2,4,3)",4,4,0.0,False,-17,
201907030810,10,尾頭橋特別(2勝),ダ,1400,曇,稍重,15:01,2019-07-21,中京,4,8,16,2014103000,メイショウミズカゼ,牡5,57,01034,酒井学,1:24.0,1.1/4,5-4,36.6,85.8,15,476(-2),01139,[西]飯田祐史,523005,松本好雄,230.0,,,,,,,,,,,"(*13,14)15,6(7,12,16)8(11,9,10)(1,5)(2,3)4",5,3,1.5,False,"(*13,14)15(6,7,12,16)(8,11,9,10)(1,5)(2,4,3)",4,4,0.0,False,-17,
201907030810,10,尾頭橋特別(2勝),ダ,1400,曇,稍重,15:01,2019-07-21,中京,5,6,12,2014106130,バレーロ,セ5,57,01171,西村淳也,1:24.0,アタマ,5-4,36.6,20.0,6,476(-4),01117,[西]高野友和,506800,シルクレーシング,150.0,,,,,,,,,,,"(*13,14)15,6(7,12,16)8(11,9,10)(1,5)(2,3)4",5,3,1.5,False,"(*13,14)15(6,7,12,16)(8,11,9,10)(1,5)(2,4,3)",4,4,0.0,False,-17,
201907030810,10,尾頭橋特別(2勝),ダ,1400,曇,稍重,15:01,2019-07-21,中京,6,4,8,2015101403,シティーポップ,牝4,55,05212,Ｍ．デム,1:24.1,1/2,8-8,36.5,4.7,2,448(+2),01053,[西]角居勝彦,595030,山本剛史,,,,,,,,,,,,"(*13,14)15,6(7,12,16)8(11,9,10)(1,5)(2,3)4",8,1,1.5,False,"(*13,14)15(6,7,12,16)(8,11,9,10)(1,5)(2,4,3)",8,4,0.0,False,-17,
201907030810,10,尾頭橋特別(2勝),ダ,1400,曇,稍重,15:01,2019-07-21,中京,7,3,5,2015100902,ソリストサンダー,牡4,57,01130,高倉稜,1:24.1,アタマ,12-12,36.1,10.3,5,470(-4),01159,[西]高柳大輔,870004,村上稔,,,,,,,,,,,,"(*13,14)15,6(7,12,16)8(11,9,10)(1,5)(2,3)4",12,2,1.5,False,"(*13,14)15(6,7,12,16)(8,11,9,10)(1,5)(2,4,3)",12,2,0.0,False,-17,
201907030810,10,尾頭橋特別(2勝),ダ,1400,曇,稍重,15:01,2019-07-21,中京,8,3,6,2014101166,ワンダーレアリサル,牝5,55,01125,国分優作,1:24.5,2.1/2,4-4,37.2,49.7,12,484(+4),01140,[西]石橋守,184033,山本能成,,,,,,,,,,,,"(*13,14)15,6(7,12,16)8(11,9,10)(1,5)(2,3)4",4,1,1.5,False,"(*13,14)15(6,7,12,16)(8,11,9,10)(1,5)(2,4,3)",4,4,0.0,False,-17,
201907030810,10,尾頭橋特別(2勝),ダ,1400,曇,稍重,15:01,2019-07-21,中京,9,5,10,2013104793,ホイールバーニング,牡6,57,00732,幸英明,1:24.6,クビ,9-8,36.8,30.9,7,526(+4),01123,[西]牧田和弥,010803,市川義美ホールディン...,,,,,,,,,,,,"(*13,14)15,6(7,12,16)8(11,9,10)(1,5)(2,3)4",9,3,1.5,False,"(*13,14)15(6,7,12,16)(8,11,9,10)(1,5)(2,4,3)",8,4,0.0,False,-17,
201907030810,10,尾頭橋特別(2勝),ダ,1400,曇,稍重,15:01,2019-07-21,中京,10,2,4,2011104420,ダブルコーク,牡8,57,01166,川又賢治,1:24.6,ハナ,16-14,36.1,85.2,14,494(+2),01097,[東]鹿戸雄一,808800,Ｇ１レーシング,,,,,,,,,,,,"(*13,14)15,6(7,12,16)8(11,9,10)(1,5)(2,3)4",16,1,1.5,False,"(*13,14)15(6,7,12,16)(8,11,9,10)(1,5)(2,4,3)",14,3,0.0,False,-17,
201907030810,10,尾頭橋特別(2勝),ダ,1400,曇,稍重,15:01,2019-07-21,中京,11,1,2,2015102637,メイショウラビエ,牝4,55,00894,小牧太,1:24.6,クビ,14-14,36.2,36.3,10,488(+6),01021,[西]池添兼雄,523005,松本好雄,,,,,,,,,,,,"(*13,14)15,6(7,12,16)8(11,9,10)(1,5)(2,3)4",14,2,1.5,False,"(*13,14)15(6,7,12,16)(8,11,9,10)(1,5)(2,4,3)",14,3,0.0,False,-17,
201907030810,10,尾頭橋特別(2勝),ダ,1400,曇,稍重,15:01,2019-07-21,中京,12,1,1,2014102200,アフターバーナー,セ5,57,01157,鮫島克駿,1:24.8,1,12-12,36.9,32.7,9,514(+2),01023,[東]伊藤圭三,003060,ゴドルフィン,,,,,,,,,,,,"(*13,14)15,6(7,12,16)8(11,9,10)(1,5)(2,3)4",12,2,1.5,False,"(*13,14)15(6,7,12,16)(8,11,9,10)(1,5)(2,4,3)",12,2,0.0,False,-17,
201907030810,10,尾頭橋特別(2勝),ダ,1400,曇,稍重,15:01,2019-07-21,中京,13,6,11,2013104461,ファビラスヒーロー,セ6,57,01152,小崎綾也,1:24.9,1/2,9-8,37.1,112.7,16,486(-2),01098,[西]野中賢二,554008,吉田勝利,,,,,,,,,,,,"(*13,14)15,6(7,12,16)8(11,9,10)(1,5)(2,3)4",9,3,1.5,False,"(*13,14)15(6,7,12,16)(8,11,9,10)(1,5)(2,4,3)",8,4,0.0,False,-17,
201907030810,10,尾頭橋特別(2勝),ダ,1400,曇,稍重,15:01,2019-07-21,中京,14,5,9,2015100587,ヤマニンリュシオル,牝4,55,01119,伊藤工真,1:25.1,1.1/2,9-8,37.3,32.5,8,484(+6),01131,[東]蛯名利弘,329004,土井肇,,,,,,,,,,,,"(*13,14)15,6(7,12,16)8(11,9,10)(1,5)(2,3)4",9,3,1.5,False,"(*13,14)15(6,7,12,16)(8,11,9,10)(1,5)(2,4,3)",8,4,0.0,False,-17,
201907030810,10,尾頭橋特別(2勝),ダ,1400,曇,稍重,15:01,2019-07-21,中京,15,2,3,2015100862,ハゼル,牡4,57,01018,和田竜二,1:25.5,2.1/2,14-14,37.2,8.6,4,490(-12),01111,[西]鈴木孝志,330007,杉澤光雄,,,,,,,,,,,,"(*13,14)15,6(7,12,16)8(11,9,10)(1,5)(2,3)4",14,2,1.5,False,"(*13,14)15(6,7,12,16)(8,11,9,10)(1,5)(2,4,3)",14,3,0.0,False,-17,
201907030810,10,尾頭橋特別(2勝),ダ,1400,曇,稍重,15:01,2019-07-21,中京,16,7,13,2014106138,ベルカプリ,牝5,55,01115,浜中俊,1:25.8,1.3/4,1-1,38.7,81.0,13,466(-2),01146,[西]奥村豊,879800,雅苑興業,,,,,,,,,,,,"(*13,14)15,6(7,12,16)8(11,9,10)(1,5)(2,3)4",1,2,0.0,True,"(*13,14)15(6,7,12,16)(8,11,9,10)(1,5)(2,4,3)",1,2,0.0,True,-17,
201907030811,11,第67回トヨタ賞中京記念(GIII),芝,1600,曇,稍重,15:35,2019-07-21,中京,1,3,5,2016104787,グルーヴィット,牡3,52,01126,松山弘平,1:33.6,,4-7-7,34.6,4.9,3,490(+2),01092,[西]松永幹夫,486800,キャロットファーム,"3,957.4",,,,,,"8,1,16(5,10)6(3,4,7)2(9,14)15(12,11)13",4,2,3.0,False,"(*8,1)16,10(3,7)(4,5)6,14(2,9)15,11,12,13",7,2,1.5,False,"8,1-16,10(3,7)(4,5)6(15,14)(2,9)(12,11)13",7,2,6.5,False,-3,
201907030811,11,第67回トヨタ賞中京記念(GIII),芝,1600,曇,稍重,15:35,2019-07-21,中京,2,3,6,2016103690,クリノガウディー,牡3,52,01165,森裕太朗,1:33.6,ハナ,6-9-9,34.4,14.5,6,480(-8),01041,[西]藤沢則雄,970006,栗本博晴,"1,616.4",,,,,,"8,1,16(5,10)6(3,4,7)2(9,14)15(12,11)13",6,1,3.0,False,"(*8,1)16,10(3,7)(4,5)6,14(2,9)15,11,12,13",9,1,1.5,False,"8,1-16,10(3,7)(4,5)6(15,14)(2,9)(12,11)13",9,1,6.5,False,-3,
201907030811,11,第67回トヨタ賞中京記念(GIII),芝,1600,曇,稍重,15:35,2019-07-21,中京,3,4,7,2015105036,プリモシーン,牝4,55.5,01014,福永祐一,1:33.7,クビ,7-5-5,35.0,2.8,1,494(-4),01126,[東]木村哲也,506800,シルクレーシング,988.2,,,,,,"8,1,16(5,10)6(3,4,7)2(9,14)15(12,11)13",7,3,3.0,False,"(*8,1)16,10(3,7)(4,5)6,14(2,9)15,11,12,13",5,2,1.5,False,"8,1-16,10(3,7)(4,5)6(15,14)(2,9)(12,11)13",5,2,6.5,False,-3,
201907030811,11,第67回トヨタ賞中京記念(GIII),芝,1600,曇,稍重,15:35,2019-07-21,中京,4,8,15,2013104496,ミエノサクシード,牝6,54,01062,川島信二,1:33.7,クビ,13-13-10,34.3,11.5,4,474(+8),01136,[西]高橋亮,414030,里見美惠子,590.0,,,,,,"8,1,16(5,10)6(3,4,7)2(9,14)15(12,11)13",13,1,3.0,False,"(*8,1)16,10(3,7)(4,5)6,14(2,9)15,11,12,13",13,1,3.0,False,"8,1-16,10(3,7)(4,5)6(15,14)(2,9)(12,11)13",10,2,6.5,False,-3,
201907030811,11,第67回トヨタ賞中京記念(GIII),芝,1600,曇,稍重,15:35,2019-07-21,中京,5,1,1,2014104369,グランドボヌール,牡5,54,01018,和田竜二,1:34.0,1.1/2,2-2-2,35.9,28.6,9,482(+4),01111,[西]鈴木孝志,464030,田畑利彦,390.0,,,,,,"8,1,16(5,10)6(3,4,7)2(9,14)15(12,11)13",2,1,1.5,False,"(*8,1)16,10(3,7)(4,5)6,14(2,9)15,11,12,13",2,2,0.0,False,"8,1-16,10(3,7)(4,5)6(15,14)(2,9)(12,11)13",2,1,1.5,False,-3,
201907030811,11,第67回トヨタ賞中京記念(GIII),芝,1600,曇,稍重,15:35,2019-07-21,中京,6,2,4,2015110013,ジャンダルム,牡4,55,05525,藤井勘一,1:34.1,1/2,7-7-7,35.2,49.1,11,506(-4),01071,[西]池江泰寿,948006,前田幸治,,,,,,,"8,1,16(5,10)6(3,4,7)2(9,14)15(12,11)13",7,3,3.0,False,"(*8,1)16,10(3,7)(4,5)6,14(2,9)15,11,12,13",7,2,1.5,False,"8,1-16,10(3,7)(4,5)6(15,14)(2,9)(12,11)13",7,2,6.5,False,-3,
201907030811,11,第67回トヨタ賞中京記念(GIII),芝,1600,曇,稍重,15:35,2019-07-21,中京,7,1,2,2015100635,エントシャイデン,牡4,54,01038,中谷雄太,1:34.1,クビ,10-11-12,34.4,25.4,8,474(0),01075,[西]矢作芳人,948006,前田幸治,,,,,,,"8,1,16(5,10)6(3,4,7)2(9,14)15(12,11)13",10,1,3.0,False,"(*8,1)16,10(3,7)(4,5)6,14(2,9)15,11,12,13",11,2,3.0,False,"8,1-16,10(3,7)(4,5)6(15,14)(2,9)(12,11)13",12,2,6.5,False,-3,
201907030811,11,第67回トヨタ賞中京記念(GIII),芝,1600,曇,稍重,15:35,2019-07-21,中京,8,7,14,2016104711,カテドラル,牡3,53,01088,川田将雅,1:34.2,クビ,11-10-10,34.7,4.0,2,476(0),01144,[西]池添学,486800,キャロットファーム,,,,,,,"8,1,16(5,10)6(3,4,7)2(9,14)15(12,11)13",11,2,3.0,False,"(*8,1)16,10(3,7)(4,5)6,14(2,9)15,11,12,13",10,1,3.0,False,"8,1-16,10(3,7)(4,5)6(15,14)(2,9)(12,11)13",10,2,6.5,False,-3,
201907030811,11,第67回トヨタ賞中京記念(GIII),芝,1600,曇,稍重,15:35,2019-07-21,中京,9,6,12,2013105727,レインボーフラッグ,牡6,54,01152,小崎綾也,1:34.2,ハナ,14-15-14,34.2,25.0,7,462(+2),01085,[西]小崎憲,148800,グリーンファーム,,,,,,,"8,1,16(5,10)6(3,4,7)2(9,14)15(12,11)13",14,2,3.0,False,"(*8,1)16,10(3,7)(4,5)6,14(2,9)15,11,12,13",15,1,6.0,False,"8,1-16,10(3,7)(4,5)6(15,14)(2,9)(12,11)13",14,2,6.5,False,-3,
201907030811,11,第67回トヨタ賞中京記念(GIII),芝,1600,曇,稍重,15:35,2019-07-21,中京,10,8,16,2012110077,キャンベルジュニア,牡7,56,01115,浜中俊,1:34.5,1.3/4,3-3-3,36.1,43.8,10,542(+2),01070,[東]堀宣行,138007,吉田和美,,,,,,,"8,1,16(5,10)6(3,4,7)2(9,14)15(12,11)13",3,1,3.0,False,"(*8,1)16,10(3,7)(4,5)6,14(2,9)15,11,12,13",3,1,0.0,False,"8,1-16,10(3,7)(4,5)6(15,14)(2,9)(12,11)13",3,1,5.0,False,-3,
201907030811,11,第67回トヨタ賞中京記念(GIII),芝,1600,曇,稍重,15:35,2019-07-21,中京,11,6,11,2013102679,ロードクエスト,牡6,57,05212,Ｍ．デム,1:34.5,アタマ,14-14-14,34.5,13.8,5,460(-4),01068,[東]小島茂之,170800,ロードホースクラブ,,,,,,,"8,1,16(5,10)6(3,4,7)2(9,14)15(12,11)13",14,2,3.0,False,"(*8,1)16,10(3,7)(4,5)6,14(2,9)15,11,12,13",14,1,4.5,False,"8,1-16,10(3,7)(4,5)6(15,14)(2,9)(12,11)13",14,2,6.5,False,-3,
201907030811,11,第67回トヨタ賞中京記念(GIII),芝,1600,曇,稍重,15:35,2019-07-21,中京,12,5,10,2015103120,コスモイグナーツ,牡4,53,01125,国分優作,1:34.6,クビ,4-4-4,36.0,70.5,14,458(0),00359,[東]高橋祥泰,716800,ビッグレッドファーム,,,,,,,"8,1,16(5,10)6(3,4,7)2(9,14)15(12,11)13",4,2,3.0,False,"(*8,1)16,10(3,7)(4,5)6,14(2,9)15,11,12,13",4,1,1.5,False,"8,1-16,10(3,7)(4,5)6(15,14)(2,9)(12,11)13",4,1,6.5,False,-3,
201907030811,11,第67回トヨタ賞中京記念(GIII),芝,1600,曇,稍重,15:35,2019-07-21,中京,13,4,8,2012105538,ツーエムマイスター,牡7,52,01147,城戸義政,1:34.8,1,1-1-1,36.8,83.6,15,456(-4),01099,[西]本田優,616030,水谷昌晃,,,,,,,"8,1,16(5,10)6(3,4,7)2(9,14)15(12,11)13",1,1,0.0,False,"(*8,1)16,10(3,7)(4,5)6,14(2,9)15,11,12,13",1,2,0.0,True,"8,1-16,10(3,7)(4,5)6(15,14)(2,9)(12,11)13",1,1,0.0,False,-3,
201907030811,11,第67回トヨタ賞中京記念(GIII),芝,1600,曇,稍重,15:35,2019-07-21,中京,14,7,13,2013105917,ヒーズインラブ,牡6,56,01034,酒井学,1:35.1,2,16-16-16,34.8,60.0,13,526(+6),01062,[西]藤岡健一,506800,シルクレーシング,,,,,,,"8,1,16(5,10)6(3,4,7)2(9,14)15(12,11)13",16,1,3.0,False,"(*8,1)16,10(3,7)(4,5)6,14(2,9)15,11,12,13",16,1,7.5,False,"8,1-16,10(3,7)(4,5)6(15,14)(2,9)(12,11)13",16,1,6.5,False,-3,
201907030811,11,第67回トヨタ賞中京記念(GIII),芝,1600,曇,稍重,15:35,2019-07-21,中京,15,2,3,2012104085,ヴェネト,牡7,53,01154,松若風馬,1:35.3,1,7-5-5,36.6,126.2,16,460(+2),01055,[西]藤原英昭,226800,サンデーレーシング,,,,,,,"8,1,16(5,10)6(3,4,7)2(9,14)15(12,11)13",7,3,3.0,False,"(*8,1)16,10(3,7)(4,5)6,14(2,9)15,11,12,13",5,2,1.5,False,"8,1-16,10(3,7)(4,5)6(15,14)(2,9)(12,11)13",5,2,6.5,False,-3,
201907030811,11,第67回トヨタ賞中京記念(GIII),芝,1600,曇,稍重,15:35,2019-07-21,中京,16,5,9,2013105948,ロワアブソリュー,牡6,56,00732,幸英明,1:35.6,1.3/4,11-11-12,35.8,59.2,12,514(+4),01105,[西]須貝尚介,226800,サンデーレーシング,,,,,,,"8,1,16(5,10)6(3,4,7)2(9,14)15(12,11)13",11,2,3.0,False,"(*8,1)16,10(3,7)(4,5)6,14(2,9)15,11,12,13",11,2,3.0,False,"8,1-16,10(3,7)(4,5)6(15,14)(2,9)(12,11)13",12,2,6.5,False,-3,
201907030812,12,3歳以上500万下,芝,1400,曇,稍重,16:15,2019-07-21,中京,1,6,11,2016104434,シトラスノート,牝3,52,01088,川田将雅,1:21.1,,4-4,34.1,3.2,1,446(0),01022,[西]石坂正,790005,吉田勝己,750.0,,,,,,,,,,,"8,15,5,11(3,6)9(1,7,14)(2,12)(10,13)4",4,1,4.5,False,"8-(5,15)11(3,6)9(1,7)(12,14)(2,10)13,4",4,1,3.5,False,-3,
201907030812,12,3歳以上500万下,芝,1400,曇,稍重,16:15,2019-07-21,中京,2,8,15,2015103340,メイショウキョウジ,牡4,57,01014,福永祐一,1:21.2,1/2,2-2,34.5,3.4,2,468(+12),01062,[西]藤岡健一,523005,松本好雄,300.0,,,,,,,,,,,"8,15,5,11(3,6)9(1,7,14)(2,12)(10,13)4",2,1,1.5,False,"8-(5,15)11(3,6)9(1,7)(12,14)(2,10)13,4",2,2,3.5,False,-3,
201907030812,12,3歳以上500万下,芝,1400,曇,稍重,16:15,2019-07-21,中京,3,4,7,2015105986,ノーブルアース,牝4,54,01166,川又賢治,1:21.2,クビ,8-8,33.8,20.1,8,472(0),01113,[西]牧浦充徳,755030,吉木伸彦,190.0,,,,,,,,,,,"8,15,5,11(3,6)9(1,7,14)(2,12)(10,13)4",8,3,4.5,False,"8-(5,15)11(3,6)9(1,7)(12,14)(2,10)13,4",8,2,3.5,False,-3,
201907030812,12,3歳以上500万下,芝,1400,曇,稍重,16:15,2019-07-21,中京,4,4,6,2015101364,カーサデルシエロ,牝4,52,01174,岩田望来,1:21.4,1,5-5,34.3,8.8,4,438(+4),01055,[西]藤原英昭,185031,下河邉俊行,110.0,,,,,,,,,,,"8,15,5,11(3,6)9(1,7,14)(2,12)(10,13)4",5,2,4.5,False,"8-(5,15)11(3,6)9(1,7)(12,14)(2,10)13,4",5,2,3.5,False,-3,
201907030812,12,3歳以上500万下,芝,1400,曇,稍重,16:15,2019-07-21,中京,5,3,5,2015105791,タイセイトレンディ,セ4,57,01128,川須栄彦,1:21.6,1.1/2,3-2,34.8,75.8,13,446(-28),01142,[西]森田直行,224007,田中成奉,75.0,,,,,,,,,,,"8,15,5,11(3,6)9(1,7,14)(2,12)(10,13)4",3,1,3.0,False,"8-(5,15)11(3,6)9(1,7)(12,14)(2,10)13,4",2,2,3.5,False,-3,
201907030812,12,3歳以上500万下,芝,1400,曇,稍重,16:15,2019-07-21,中京,6,6,10,2016101344,トウカイオラージュ,牡3,51,01178,斎藤新,1:21.6,アタマ,13-12,33.9,7.8,3,454(0),00438,[西]安田隆行,695004,内村正則,,,,,,,,,,,,"8,15,5,11(3,6)9(1,7,14)(2,12)(10,13)4",13,2,4.5,False,"8-(5,15)11(3,6)9(1,7)(12,14)(2,10)13,4",12,2,3.5,False,-3,
201907030812,12,3歳以上500万下,芝,1400,曇,稍重,16:15,2019-07-21,中京,7,5,8,2015105983,ブルービューティ,牝4,55,01152,小崎綾也,1:21.6,クビ,1-1,35.2,159.2,15,462(+6),01158,[西]寺島良,952009,桜井欣吾,,,,,,,,,,,,"8,15,5,11(3,6)9(1,7,14)(2,12)(10,13)4",1,1,0.0,False,"8-(5,15)11(3,6)9(1,7)(12,14)(2,10)13,4",1,1,0.0,False,-3,
201907030812,12,3歳以上500万下,芝,1400,曇,稍重,16:15,2019-07-21,中京,8,2,2,2013102770,ショウナンタイザン,牡6,57,00732,幸英明,1:21.7,1/2,11-12,34.0,13.7,6,488(0),01084,[西]梅田智之,331002,国本哲秀,,,,,,,,,,,,"8,15,5,11(3,6)9(1,7,14)(2,12)(10,13)4",11,2,4.5,False,"8-(5,15)11(3,6)9(1,7)(12,14)(2,10)13,4",12,2,3.5,False,-3,
201907030812,12,3歳以上500万下,芝,1400,曇,稍重,16:15,2019-07-21,中京,9,1,1,2014102120,トーホウシーマ,牡5,57,01034,酒井学,1:21.8,3/4,8-8,34.4,79.8,14,498(+6),01136,[西]高橋亮,965800,東豊物産,,,,,,,,,,,,"8,15,5,11(3,6)9(1,7,14)(2,12)(10,13)4",8,3,4.5,False,"8-(5,15)11(3,6)9(1,7)(12,14)(2,10)13,4",8,2,3.5,False,-3,
201907030812,12,3歳以上500万下,芝,1400,曇,稍重,16:15,2019-07-21,中京,10,3,4,2014100114,カワイアラ,牝5,55,01154,松若風馬,1:21.9,1/2,15-15,34.0,13.3,5,454(0),01117,[西]高野友和,463800,名古屋友豊,,,,,,,,,,,,"8,15,5,11(3,6)9(1,7,14)(2,12)(10,13)4",15,1,4.5,False,"8-(5,15)11(3,6)9(1,7)(12,14)(2,10)13,4",15,1,5.0,False,-3,
201907030812,12,3歳以上500万下,芝,1400,曇,稍重,16:15,2019-07-21,中京,11,5,9,2015105182,フェスタマドンナ,牝4,55,01126,松山弘平,1:22.0,クビ,7-7,34.7,26.7,9,504(-4),01120,[西]千田輝彦,989033,服部統祥,,,,,,,,,,,,"8,15,5,11(3,6)9(1,7,14)(2,12)(10,13)4",7,1,4.5,False,"8-(5,15)11(3,6)9(1,7)(12,14)(2,10)13,4",7,1,3.5,False,-3,
201907030812,12,3歳以上500万下,芝,1400,曇,稍重,16:15,2019-07-21,中京,12,2,3,2014105592,ディヴァインハイツ,牝5,53,01171,西村淳也,1:22.0,アタマ,5-5,34.9,48.5,11,472(0),01022,[西]石坂正,415800,社台レースホース,,,,,,,,,,,,"8,15,5,11(3,6)9(1,7,14)(2,12)(10,13)4",5,2,4.5,False,"8-(5,15)11(3,6)9(1,7)(12,14)(2,10)13,4",5,2,3.5,False,-3,
201907030812,12,3歳以上500万下,芝,1400,曇,稍重,16:15,2019-07-21,中京,13,8,14,2015100608,アングルティール,牝4,55,01157,鮫島克駿,1:22.1,3/4,8-10,34.6,14.2,7,430(+8),01154,[西]橋口慎介,788800,ノースヒルズ,,,,,,,,,,,,"8,15,5,11(3,6)9(1,7,14)(2,12)(10,13)4",8,3,4.5,False,"8-(5,15)11(3,6)9(1,7)(12,14)(2,10)13,4",10,2,3.5,False,-3,
201907030812,12,3歳以上500万下,芝,1400,曇,稍重,16:15,2019-07-21,中京,14,7,13,2015101439,マリアバローズ,牝4,55,01018,和田竜二,1:23.2,7,13-14,35.4,30.2,10,440(0),01022,[西]石坂正,859007,猪熊広次,,,,,,,,,,,,"8,15,5,11(3,6)9(1,7,14)(2,12)(10,13)4",13,2,4.5,False,"8-(5,15)11(3,6)9(1,7)(12,14)(2,10)13,4",14,1,3.5,False,-3,
201907030812,12,3歳以上500万下,芝,1400,曇,稍重,16:15,2019-07-21,中京,15,7,12,2013105839,カープストリーマー,牡6,57,01038,中谷雄太,1:23.9,4,11-10,36.4,73.7,12,522(-4),01110,[西]清水久詞,486800,キャロットファーム,,,,,,,,,,,,"8,15,5,11(3,6)9(1,7,14)(2,12)(10,13)4",11,2,4.5,False,"8-(5,15)11(3,6)9(1,7)(12,14)(2,10)13,4",10,2,3.5,False,-3,
201902020601,1,2歳未勝利,芝,1200,曇,良,09:50,2019-07-21,函館,1,6,7,2017103323,ミーハディビーナ,牝2,54,01091,丹内祐次,1:10.4,,1-1,36.2,21.0,6,430(0),01106,[東]牧光二,854800,ノルマンディーサラブ...,500.0,,,,,,,,,,,"7(3,8)(2,10)9(5,11)(1,6)4",1,1,0.0,False,"7(3,8)(9,10)2(5,1,11)6,4",1,1,0.0,False,-5,前日とほぼ同レベルで、やや速めの時計が出る馬場。
201902020601,1,2歳未勝利,芝,1200,曇,良,09:50,2019-07-21,函館,2,7,9,2017105594,フランジヴェント,牝2,54,05339,ルメール,1:10.5,3/4,6-4,35.9,2.1,1,460(-4),01132,[東]金成貴史,790005,吉田勝己,200.0,,,,,,,,,,,"7(3,8)(2,10)9(5,11)(1,6)4",6,1,0.0,False,"7(3,8)(9,10)2(5,1,11)6,4",4,2,0.0,False,-5,前日とほぼ同レベルで、やや速めの時計が出る馬場。
201902020601,1,2歳未勝利,芝,1200,曇,良,09:50,2019-07-21,函館,3,7,8,2017105992,ボマライン,牡2,54,01025,勝浦正樹,1:10.5,クビ,2-2,36.1,12.6,3,458(+2),01027,[東]田村康仁,258033,野嶋祥二,130.0,,,,,,,,,,,"7(3,8)(2,10)9(5,11)(1,6)4",2,2,0.0,False,"7(3,8)(9,10)2(5,1,11)6,4",2,2,0.0,False,-5,前日とほぼ同レベルで、やや速めの時計が出る馬場。
201902020601,1,2歳未勝利,芝,1200,曇,良,09:50,2019-07-21,函館,4,1,1,2017104988,ナリタブレード,牡2,54,05203,岩田康誠,1:10.7,1.1/4,9-7,35.8,2.5,2,492(0),01069,[西]中尾秀正,712800,オースミ,75.0,,,,,,,,,,,"7(3,8)(2,10)9(5,11)(1,6)4",9,2,0.0,False,"7(3,8)(9,10)2(5,1,11)6,4",7,3,0.0,False,-5,前日とほぼ同レベルで、やや速めの時計が出る馬場。
201902020601,1,2歳未勝利,芝,1200,曇,良,09:50,2019-07-21,函館,5,8,10,2017102918,サイモンベラーノ,牝2,54,01102,北村友一,1:10.9,1.1/4,4-4,36.4,68.8,9,462(+6),01029,[東]根本康広,132030,澤田昭紀,50.0,,,,,,,,,,,"7(3,8)(2,10)9(5,11)(1,6)4",4,2,0.0,False,"7(3,8)(9,10)2(5,1,11)6,4",4,2,0.0,False,-5,前日とほぼ同レベルで、やや速めの時計が出る馬場。
201902020601,1,2歳未勝利,芝,1200,曇,良,09:50,2019-07-21,函館,6,6,6,2017104260,オニンギョウサン,牝2,51,01179,菅原明良,1:11.0,3/4,9-10,36.1,12.9,4,422(-2),01074,[東]奥平雅士,629800,ミルファーム,,,,,,,,,,,,"7(3,8)(2,10)9(5,11)(1,6)4",9,2,0.0,False,"7(3,8)(9,10)2(5,1,11)6,4",10,1,0.0,False,-5,前日とほぼ同レベルで、やや速めの時計が出る馬場。
201902020601,1,2歳未勝利,芝,1200,曇,良,09:50,2019-07-21,函館,7,8,11,2017106555,エターナルダイヤ,牡2,54,01153,木幡初也,1:11.1,1/2,7-7,36.4,61.3,8,462(0),00420,[東]宗像義忠,639009,鈴木芳夫,,,,,,,,,,,,"7(3,8)(2,10)9(5,11)(1,6)4",7,2,0.0,False,"7(3,8)(9,10)2(5,1,11)6,4",7,3,0.0,False,-5,前日とほぼ同レベルで、やや速めの時計が出る馬場。
201902020601,1,2歳未勝利,芝,1200,曇,良,09:50,2019-07-21,函館,8,3,3,2017102465,カズモンレアーレ,牡2,51,01180,団野大成,1:11.1,ハナ,2-2,36.7,18.0,5,408(-4),01148,[西]西村真幸,879800,雅苑興業,,,,,,,,,,,,"7(3,8)(2,10)9(5,11)(1,6)4",2,2,0.0,False,"7(3,8)(9,10)2(5,1,11)6,4",2,2,0.0,False,-5,前日とほぼ同レベルで、やや速めの時計が出る馬場。
201902020601,1,2歳未勝利,芝,1200,曇,良,09:50,2019-07-21,函館,9,5,5,2017103009,クインズラプソディ,牝2,54,01095,吉田隼人,1:11.1,クビ,7-7,36.3,105.2,10,438(0),01077,[東]加藤和宏,851009,岡田牧雄,,,,,,,,,,,,"7(3,8)(2,10)9(5,11)(1,6)4",7,2,0.0,False,"7(3,8)(9,10)2(5,1,11)6,4",7,3,0.0,False,-5,前日とほぼ同レベルで、やや速めの時計が出る馬場。
201902020601,1,2歳未勝利,芝,1200,曇,良,09:50,2019-07-21,函館,10,4,4,2017102705,サンシャインキッド,牡2,54,01143,原田和真,1:11.3,1.1/4,11-11,36.1,153.9,11,434(-8),00405,[東]小西一男,713005,田島榮二郎,,,,,,,,,,,,"7(3,8)(2,10)9(5,11)(1,6)4",11,1,0.0,False,"7(3,8)(9,10)2(5,1,11)6,4",11,1,1.5,False,-5,前日とほぼ同レベルで、やや速めの時計が出る馬場。
201902020601,1,2歳未勝利,芝,1200,曇,良,09:50,2019-07-21,函館,11,2,2,2017103903,アドラブルリリー,牝2,54,01093,藤岡佑介,1:11.5,1.1/4,4-6,37.0,37.7,7,398(+4),00412,[東]高橋裕,013803,ディアレストクラブ,,,,,,,,,,,,"7(3,8)(2,10)9(5,11)(1,6)4",4,2,0.0,False,"7(3,8)(9,10)2(5,1,11)6,4",6,1,0.0,False,-5,前日とほぼ同レベルで、やや速めの時計が出る馬場。
201902020602,2,3歳未勝利,ダ,1700,曇,良,10:25,2019-07-21,函館,1,1,1,2016104515,ベルクワイア,牝3,54,05339,ルメール,1:46.6,,1-1-1-1,38.9,2.3,1,508(+6),00399,[東]国枝栄,486800,キャロットファーム,500.0,"1,4,11(7,12)(3,8)2(9,10)-5-6",1,1,0.0,False,"1,4(11,12)(3,7)8,2(9,10)-5=6",1,1,0.0,False,"(*1,4)11,7,12(3,9,8)(2,5,10)=6",1,2,0.0,True,"(*1,4)11-(7,9)5(12,10)(3,8)2=6",1,2,0.0,True,-5,
201902020602,2,3歳未勝利,ダ,1700,曇,良,10:25,2019-07-21,函館,2,7,9,2016106166,ノーブルテラ,牝3,53,01170,横山武史,1:46.8,1,9-9-6-4,38.4,11.5,4,486(0),01067,[東]久保田貴,755030,吉木伸彦,200.0,"1,4,11(7,12)(3,8)2(9,10)-5-6",9,2,3.0,False,"1,4(11,12)(3,7)8,2(9,10)-5=6",9,2,3.0,False,"(*1,4)11,7,12(3,9,8)(2,5,10)=6",6,3,3.0,False,"(*1,4)11-(7,9)5(12,10)(3,8)2=6",4,2,3.5,False,-5,
201902020602,2,3歳未勝利,ダ,1700,曇,良,10:25,2019-07-21,函館,3,5,5,2016102621,ダイヤーズブルーム,牝3,54,01116,藤岡康太,1:46.9,3/4,11-11-9-6,38.3,8.9,3,464(-6),01091,[西]羽月友彦,265005,吉岡泰治,130.0,"1,4,11(7,12)(3,8)2(9,10)-5-6",11,1,6.5,False,"1,4(11,12)(3,7)8,2(9,10)-5=6",11,1,6.5,False,"(*1,4)11,7,12(3,9,8)(2,5,10)=6",9,3,3.0,False,"(*1,4)11-(7,9)5(12,10)(3,8)2=6",6,1,3.5,False,-5,
201902020602,2,3歳未勝利,ダ,1700,曇,良,10:25,2019-07-21,函館,4,8,11,2016105675,モーンストルム,牝3,54,01091,丹内祐次,1:47.3,2.1/2,3-3-3-3,39.4,21.0,7,428(0),00359,[東]高橋祥泰,027803,ブルースターズファー...,75.0,"1,4,11(7,12)(3,8)2(9,10)-5-6",3,1,3.0,False,"1,4(11,12)(3,7)8,2(9,10)-5=6",3,2,1.5,False,"(*1,4)11,7,12(3,9,8)(2,5,10)=6",3,1,0.0,False,"(*1,4)11-(7,9)5(12,10)(3,8)2=6",3,1,0.0,False,-5,
201902020602,2,3歳未勝利,ダ,1700,曇,良,10:25,2019-07-21,函館,5,4,4,2016102221,イエスサンキュー,牝3,54,01156,加藤祥太,1:47.5,1,2-2-2-2,39.8,37.1,9,490(+6),01091,[西]羽月友彦,306008,松岡隆雄,50.0,"1,4,11(7,12)(3,8)2(9,10)-5-6",2,1,1.5,False,"1,4(11,12)(3,7)8,2(9,10)-5=6",2,1,1.5,False,"(*1,4)11,7,12(3,9,8)(2,5,10)=6",2,2,0.0,False,"(*1,4)11-(7,9)5(12,10)(3,8)2=6",2,2,0.0,False,-5,
201902020602,2,3歳未勝利,ダ,1700,曇,良,10:25,2019-07-21,函館,6,6,7,2016101885,メイショウオトワ,牝3,54,01032,池添謙一,1:48.2,4,4-5-4-4,40.1,2.9,2,448(+4),01139,[西]飯田祐史,523005,松本好雄,,"1,4,11(7,12)(3,8)2(9,10)-5-6",4,2,3.0,False,"1,4(11,12)(3,7)8,2(9,10)-5=6",5,2,1.5,False,"(*1,4)11,7,12(3,9,8)(2,5,10)=6",4,1,1.5,False,"(*1,4)11-(7,9)5(12,10)(3,8)2=6",4,2,3.5,False,-5,
201902020602,2,3歳未勝利,ダ,1700,曇,良,10:25,2019-07-21,函館,7,7,10,2016103946,ペイシャルフェ,牝3,51,01179,菅原明良,1:48.4,1.1/4,9-9-9-7,39.7,63.0,10,430(+2),01131,[東]蛯名利弘,163002,北所直人,,"1,4,11(7,12)(3,8)2(9,10)-5-6",9,2,3.0,False,"1,4(11,12)(3,7)8,2(9,10)-5=6",9,2,3.0,False,"(*1,4)11,7,12(3,9,8)(2,5,10)=6",9,3,3.0,False,"(*1,4)11-(7,9)5(12,10)(3,8)2=6",7,2,3.5,False,-5,
201902020602,2,3歳未勝利,ダ,1700,曇,良,10:25,2019-07-21,函館,8,6,8,2016103501,ダイヤレイジング,牝3,54,00666,武豊,1:48.7,2,6-7-6-9,40.2,34.7,8,448(+14),01085,[西]小崎憲,810033,三浦勝仁,,"1,4,11(7,12)(3,8)2(9,10)-5-6",6,2,3.0,False,"1,4(11,12)(3,7)8,2(9,10)-5=6",7,1,1.5,False,"(*1,4)11,7,12(3,9,8)(2,5,10)=6",6,3,3.0,False,"(*1,4)11-(7,9)5(12,10)(3,8)2=6",9,2,3.5,False,-5,
201902020602,2,3歳未勝利,ダ,1700,曇,良,10:25,2019-07-21,函館,9,3,3,2016105473,ヴィヴァンフィーユ,牝3,51,01176,亀田温心,1:48.8,クビ,6-5-6-9,40.3,13.5,6,482(-16),00388,[西]山内研二,854800,ノルマンディーサラブ...,,"1,4,11(7,12)(3,8)2(9,10)-5-6",6,2,3.0,False,"1,4(11,12)(3,7)8,2(9,10)-5=6",5,2,1.5,False,"(*1,4)11,7,12(3,9,8)(2,5,10)=6",6,3,3.0,False,"(*1,4)11-(7,9)5(12,10)(3,8)2=6",9,2,3.5,False,-5,
201902020602,2,3歳未勝利,ダ,1700,曇,良,10:25,2019-07-21,函館,10,2,2,2016105881,エルデリュミエール,牝3,54,01124,国分恭介,1:48.8,クビ,8-8-9-11,40.1,190.9,12,470(+4),01057,[西]湯窪幸雄,547800,ヒダカ・ブリーダーズ...,,"1,4,11(7,12)(3,8)2(9,10)-5-6",8,1,3.0,False,"1,4(11,12)(3,7)8,2(9,10)-5=6",8,1,3.0,False,"(*1,4)11,7,12(3,9,8)(2,5,10)=6",9,3,3.0,False,"(*1,4)11-(7,9)5(12,10)(3,8)2=6",11,1,3.5,False,-5,
201902020602,2,3歳未勝利,ダ,1700,曇,良,10:25,2019-07-21,函館,11,8,12,2016102658,マーブルサニー,牝3,54,01093,藤岡佑介,1:48.9,3/4,4-3-5-7,40.7,11.5,5,490(0),01028,[西]西園正都,090006,下村直,,"1,4,11(7,12)(3,8)2(9,10)-5-6",4,2,3.0,False,"1,4(11,12)(3,7)8,2(9,10)-5=6",3,2,1.5,False,"(*1,4)11,7,12(3,9,8)(2,5,10)=6",5,1,3.0,False,"(*1,4)11-(7,9)5(12,10)(3,8)2=6",7,2,3.5,False,-5,
201902020602,2,3歳未勝利,ダ,1700,曇,良,10:25,2019-07-21,函館,12,5,6,2016104798,シェルメール,牝3,51,01180,団野大成,1:49.7,5,12-12-12-12,39.5,90.1,11,434(+4),01155,[西]渡辺薫彦,486800,キャロットファーム,,"1,4,11(7,12)(3,8)2(9,10)-5-6",12,1,10.0,False,"1,4(11,12)(3,7)8,2(9,10)-5=6",12,1,12.5,False,"(*1,4)11,7,12(3,9,8)(2,5,10)=6",12,1,9.0,False,"(*1,4)11-(7,9)5(12,10)(3,8)2=6",12,1,9.5,False,-5,
201902020603,3,3歳未勝利,ダ,1000,曇,良,10:55,2019-07-21,函館,1,8,9,2016110118,キュウドウクン,牡3,56,05492,阿部龍,1:00.1,,1-1,37.2,2.9,1,470(+8),00427,[西]森秀行,338033,冨士井直哉,500.0,,,,,,,,,,,"9,2,5,7,6-(3,4,8)-1",1,1,0.0,False,"9,2-(7,5)-6,8(3,4)=1",1,1,0.0,False,-5,
201902020603,3,3歳未勝利,ダ,1000,曇,良,10:55,2019-07-21,函館,2,5,5,2016102127,フロレンザール,牝3,54,01116,藤岡康太,1:00.2,1/2,3-3,36.9,25.0,6,478(+4),01113,[西]牧浦充徳,646030,中辻明,200.0,,,,,,,,,,,"9,2,5,7,6-(3,4,8)-1",3,1,3.0,False,"9,2-(7,5)-6,8(3,4)=1",3,2,5.0,False,-5,
201902020603,3,3歳未勝利,ダ,1000,曇,良,10:55,2019-07-21,函館,3,8,8,2016101603,オーミシンゲン,牡3,56,01142,長岡禎仁,1:00.4,1.1/4,6-6,36.4,15.3,5,428(-6),01136,[西]高橋亮,288009,岩崎僖澄,130.0,,,,,,,,,,,"9,2,5,7,6-(3,4,8)-1",6,3,9.5,False,"9,2-(7,5)-6,8(3,4)=1",6,1,10.0,False,-5,
201902020603,3,3歳未勝利,ダ,1000,曇,良,10:55,2019-07-21,函館,4,7,7,2016100170,アイファーアクター,牡3,56,01093,藤岡佑介,1:00.5,クビ,4-3,37.1,3.2,2,478(+12),01006,[西]作田誠二,119007,中島稔,75.0,,,,,,,,,,,"9,2,5,7,6-(3,4,8)-1",4,1,4.5,False,"9,2-(7,5)-6,8(3,4)=1",3,2,5.0,False,-5,
201902020603,3,3歳未勝利,ダ,1000,曇,良,10:55,2019-07-21,函館,5,3,3,2016103770,サンライズギガ,牡3,56,01150,石川裕紀,1:00.9,2.1/2,6-7,36.9,7.0,4,444(-10),01091,[西]羽月友彦,306008,松岡隆雄,50.0,,,,,,,,,,,"9,2,5,7,6-(3,4,8)-1",6,3,9.5,False,"9,2-(7,5)-6,8(3,4)=1",7,2,10.0,False,-5,
201902020603,3,3歳未勝利,ダ,1000,曇,良,10:55,2019-07-21,函館,6,6,6,2016105529,ヒマワリ,牝3,54,05411,桑村真明,1:01.0,3/4,5-5,37.4,29.3,7,512(+6),01167,[東]稲垣幸雄,854800,ノルマンディーサラブ...,,,,,,,,,,,,"9,2,5,7,6-(3,4,8)-1",5,1,6.0,False,"9,2-(7,5)-6,8(3,4)=1",5,1,8.5,False,-5,
201902020603,3,3歳未勝利,ダ,1000,曇,良,10:55,2019-07-21,函館,7,2,2,2016104540,チャーチスクエア,牝3,51,01179,菅原明良,1:01.2,1,2-2,38.2,3.4,3,460(+2),01079,[東]古賀慎明,226800,サンデーレーシング,,,,,,,,,,,,"9,2,5,7,6-(3,4,8)-1",2,1,1.5,False,"9,2-(7,5)-6,8(3,4)=1",2,1,1.5,False,-5,
201902020603,3,3歳未勝利,ダ,1000,曇,良,10:55,2019-07-21,函館,8,4,4,2016104849,ルバクオーリ,牡3,53,01180,団野大成,1:01.7,3,6-7,37.7,38.5,8,448(-2),01101,[西]吉田直弘,226800,サンデーレーシング,,,,,,,,,,,,"9,2,5,7,6-(3,4,8)-1",6,3,9.5,False,"9,2-(7,5)-6,8(3,4)=1",7,2,10.0,False,-5,
201902020603,3,3歳未勝利,ダ,1000,曇,良,10:55,2019-07-21,函館,9,1,1,2016106177,ゴールドプリュム,牝3,54,01091,丹内祐次,1:04.1,大,9-9,39.5,109.7,9,518(-2),01106,[東]牧光二,466033,今村明浩,,,,,,,,,,,,"9,2,5,7,6-(3,4,8)-1",9,1,13.0,False,"9,2-(7,5)-6,8(3,4)=1",9,1,16.0,False,-5,
201902020604,4,3歳未勝利,芝,1800,曇,良,11:25,2019-07-21,函館,1,7,12,2016104874,ソルドラード,牡3,56,05339,ルメール,1:47.7,,4-4-4-3,35.9,2.3,1,504(-8),00386,[東]藤沢和雄,486800,キャロットファーム,500.0,"13(1,7)-(8,12)2,5(4,6)(3,11,10)14,9",4,2,3.5,False,"(1,*13)7-(8,12)-(2,5)-(4,6)3(14,11)10,9",4,2,3.5,False,"1(13,7)(8,12)(2,5)6,3(14,10)(4,9)11",4,2,0.0,False,"1,7(8,12)(2,5)6,3(13,9,10)14-11=4",3,2,1.5,False,-5,前日とほぼ同レベルで、やや速めの時計が出る馬場。
201902020604,4,3歳未勝利,芝,1800,曇,良,11:25,2019-07-21,函館,2,3,3,2016106021,サトノダイナスティ,牡3,55,01170,横山武史,1:49.0,8,10-10-9-8,36.6,5.8,3,460(0),01017,[東]萩原清,075803,サトミホースカンパニ...,200.0,"13(1,7)-(8,12)2,5(4,6)(3,11,10)14,9",10,3,5.0,False,"(1,*13)7-(8,12)-(2,5)-(4,6)3(14,11)10,9",10,1,10.5,False,"1(13,7)(8,12)(2,5)6,3(14,10)(4,9)11",9,1,1.5,False,"1,7(8,12)(2,5)6,3(13,9,10)14-11=4",8,1,3.0,False,-5,前日とほぼ同レベルで、やや速めの時計が出る馬場。
201902020604,4,3歳未勝利,芝,1800,曇,良,11:25,2019-07-21,函館,3,5,8,2016102241,ケンブリッジウルス,牡3,56,01124,国分恭介,1:49.3,1.3/4,4-4-4-3,37.5,162.9,11,474(+4),01032,[西]大根田裕,912002,中西宏彰,130.0,"13(1,7)-(8,12)2,5(4,6)(3,11,10)14,9",4,2,3.5,False,"(1,*13)7-(8,12)-(2,5)-(4,6)3(14,11)10,9",4,2,3.5,False,"1(13,7)(8,12)(2,5)6,3(14,10)(4,9)11",4,2,0.0,False,"1,7(8,12)(2,5)6,3(13,9,10)14-11=4",3,2,1.5,False,-5,前日とほぼ同レベルで、やや速めの時計が出る馬場。
201902020604,4,3歳未勝利,芝,1800,曇,良,11:25,2019-07-21,函館,4,5,7,2016103937,スリーカナロアー,牡3,53,01176,亀田温心,1:49.4,1/2,2-3-2-2,37.9,2.6,2,508(-2),01049,[西]南井克巳,061800,永井商事,75.0,"13(1,7)-(8,12)2,5(4,6)(3,11,10)14,9",2,2,0.0,False,"(1,*13)7-(8,12)-(2,5)-(4,6)3(14,11)10,9",3,1,0.0,False,"1(13,7)(8,12)(2,5)6,3(14,10)(4,9)11",2,2,0.0,False,"1,7(8,12)(2,5)6,3(13,9,10)14-11=4",2,1,1.5,False,-5,前日とほぼ同レベルで、やや速めの時計が出る馬場。
201902020604,4,3歳未勝利,芝,1800,曇,良,11:25,2019-07-21,函館,5,4,5,2016100198,トゥールナージュ,牝3,54,01015,古川吉洋,1:49.4,ハナ,7-6-6-5,37.4,34.0,7,456(+8),01050,[西]飯田雄三,032800,ローレルレーシング,50.0,"13(1,7)-(8,12)2,5(4,6)(3,11,10)14,9",7,1,5.0,False,"(1,*13)7-(8,12)-(2,5)-(4,6)3(14,11)10,9",6,2,7.0,False,"1(13,7)(8,12)(2,5)6,3(14,10)(4,9)11",6,2,0.0,False,"1,7(8,12)(2,5)6,3(13,9,10)14-11=4",5,2,1.5,False,-5,前日とほぼ同レベルで、やや速めの時計が出る馬場。
201902020604,4,3歳未勝利,芝,1800,曇,良,11:25,2019-07-21,函館,6,6,10,2016104335,ザメイダン,牡3,53,01179,菅原明良,1:49.6,1.1/4,10-13-10-9,36.9,188.4,12,480(+6),01116,[東]新開幸一,858800,大塚亮一,,"13(1,7)-(8,12)2,5(4,6)(3,11,10)14,9",10,3,5.0,False,"(1,*13)7-(8,12)-(2,5)-(4,6)3(14,11)10,9",13,1,10.5,False,"1(13,7)(8,12)(2,5)6,3(14,10)(4,9)11",10,2,1.5,False,"1,7(8,12)(2,5)6,3(13,9,10)14-11=4",9,3,3.0,False,-5,前日とほぼ同レベルで、やや速めの時計が出る馬場。
201902020604,4,3歳未勝利,芝,1800,曇,良,11:25,2019-07-21,函館,7,1,1,2016105254,ゲットリズム,牡3,56,01144,菱田裕二,1:49.6,ハナ,2-2-1-1,38.3,11.6,4,506(+6),01163,[東]林徹,029803,ジャコモ,,"13(1,7)-(8,12)2,5(4,6)(3,11,10)14,9",2,2,0.0,False,"(1,*13)7-(8,12)-(2,5)-(4,6)3(14,11)10,9",2,2,0.0,False,"1(13,7)(8,12)(2,5)6,3(14,10)(4,9)11",1,1,0.0,False,"1,7(8,12)(2,5)6,3(13,9,10)14-11=4",1,1,0.0,False,-5,前日とほぼ同レベルで、やや速めの時計が出る馬場。
201902020604,4,3歳未勝利,芝,1800,曇,良,11:25,2019-07-21,函館,8,6,9,2016102307,ビーマイステディ,牝3,54,01093,藤岡佑介,1:49.6,クビ,14-14-12-9,36.7,29.4,6,490(-4),01161,[西]武英智,547800,ヒダカ・ブリーダーズ...,,"13(1,7)-(8,12)2,5(4,6)(3,11,10)14,9",14,1,6.5,False,"(1,*13)7-(8,12)-(2,5)-(4,6)3(14,11)10,9",14,1,12.0,False,"1(13,7)(8,12)(2,5)6,3(14,10)(4,9)11",12,2,1.5,False,"1,7(8,12)(2,5)6,3(13,9,10)14-11=4",9,3,3.0,False,-5,前日とほぼ同レベルで、やや速めの時計が出る馬場。
201902020604,4,3歳未勝利,芝,1800,曇,良,11:25,2019-07-21,函館,9,2,2,2016102021,ドンキースタイル,牡3,56,05411,桑村真明,1:49.7,1/2,6-6-6-5,37.7,44.0,8,464(+2),01075,[西]矢作芳人,037803,廣崎利洋ＨＤ,,"13(1,7)-(8,12)2,5(4,6)(3,11,10)14,9",6,1,3.5,False,"(1,*13)7-(8,12)-(2,5)-(4,6)3(14,11)10,9",6,2,7.0,False,"1(13,7)(8,12)(2,5)6,3(14,10)(4,9)11",6,2,0.0,False,"1,7(8,12)(2,5)6,3(13,9,10)14-11=4",5,2,1.5,False,-5,前日とほぼ同レベルで、やや速めの時計が出る馬場。
201902020604,4,3歳未勝利,芝,1800,曇,良,11:25,2019-07-21,函館,10,4,6,2016106037,メイプルランド,牝3,54,05203,岩田康誠,1:49.8,1/2,8-8-8-7,37.6,56.2,9,436(-4),01154,[西]橋口慎介,669007,飯田良枝,,"13(1,7)-(8,12)2,5(4,6)(3,11,10)14,9",8,2,5.0,False,"(1,*13)7-(8,12)-(2,5)-(4,6)3(14,11)10,9",8,2,10.5,False,"1(13,7)(8,12)(2,5)6,3(14,10)(4,9)11",8,1,0.0,False,"1,7(8,12)(2,5)6,3(13,9,10)14-11=4",7,1,1.5,False,-5,前日とほぼ同レベルで、やや速めの時計が出る馬場。
201902020604,4,3歳未勝利,芝,1800,曇,良,11:25,2019-07-21,函館,11,7,11,2016101132,ハロールーラー,牡3,56,01025,勝浦正樹,1:50.6,5,10-11-14-13,37.5,272.3,13,410(-6),01036,[東]高橋義博,457002,海谷幸司,,"13(1,7)-(8,12)2,5(4,6)(3,11,10)14,9",10,3,5.0,False,"(1,*13)7-(8,12)-(2,5)-(4,6)3(14,11)10,9",11,2,10.5,False,"1(13,7)(8,12)(2,5)6,3(14,10)(4,9)11",14,1,1.5,False,"1,7(8,12)(2,5)6,3(13,9,10)14-11=4",13,1,6.5,False,-5,前日とほぼ同レベルで、やや速めの時計が出る馬場。
201902020604,4,3歳未勝利,芝,1800,曇,良,11:25,2019-07-21,函館,12,8,14,2016102610,アリューカス,牝3,54,01142,長岡禎仁,1:51.0,2.1/2,13-11-10-12,38.3,301.1,14,432(+10),01152,[東]竹内正洋,132800,ヒダカファーム,,"13(1,7)-(8,12)2,5(4,6)(3,11,10)14,9",13,1,5.0,False,"(1,*13)7-(8,12)-(2,5)-(4,6)3(14,11)10,9",11,2,10.5,False,"1(13,7)(8,12)(2,5)6,3(14,10)(4,9)11",10,2,1.5,False,"1,7(8,12)(2,5)6,3(13,9,10)14-11=4",12,1,3.0,False,-5,前日とほぼ同レベルで、やや速めの時計が出る馬場。
201902020604,4,3歳未勝利,芝,1800,曇,良,11:25,2019-07-21,函館,13,8,13,2016105869,キュロン,牡3,56,01116,藤岡康太,1:51.1,1/2,1-1-2-9,39.5,20.5,5,464(-4),01039,[西]中竹和也,944030,加藤誠,,"13(1,7)-(8,12)2,5(4,6)(3,11,10)14,9",1,1,0.0,False,"(1,*13)7-(8,12)-(2,5)-(4,6)3(14,11)10,9",1,2,0.0,True,"1(13,7)(8,12)(2,5)6,3(14,10)(4,9)11",2,2,0.0,False,"1,7(8,12)(2,5)6,3(13,9,10)14-11=4",9,3,3.0,False,-5,前日とほぼ同レベルで、やや速めの時計が出る馬場。
201902020604,4,3歳未勝利,芝,1800,曇,良,11:25,2019-07-21,函館,14,3,4,2016104994,リゴメール,牡3,55,01168,富田暁,2:00.6,大,8-8-12-14,47.7,62.4,10,518(-2),01149,[西]松下武士,415800,社台レースホース,,"13(1,7)-(8,12)2,5(4,6)(3,11,10)14,9",8,2,5.0,False,"(1,*13)7-(8,12)-(2,5)-(4,6)3(14,11)10,9",8,2,10.5,False,"1(13,7)(8,12)(2,5)6,3(14,10)(4,9)11",12,2,1.5,False,"1,7(8,12)(2,5)6,3(13,9,10)14-11=4",14,1,12.5,False,-5,前日とほぼ同レベルで、やや速めの時計が出る馬場。
201902020605,5,2歳新馬,芝,1800,晴,良,12:15,2019-07-21,函館,1,2,2,2017110026,ダーリントンホール,牡2,54,01032,池添謙一,1:49.8,,4-4-4-2,35.4,2.0,1,516(0),01126,[東]木村哲也,003060,ゴドルフィン,700.0,"(*3,6,7)(2,8)4(1,5)",4,2,0.0,False,"3(6,7)2,8(1,4)5",4,1,0.0,False,"3(6,7)2,8(1,4)5",4,1,0.0,False,"3,2(1,5,4)(6,7,8)",2,1,1.5,False,-5,前日とほぼ同レベルで、やや速めの時計が出る馬場。
201902020605,5,2歳新馬,芝,1800,晴,良,12:15,2019-07-21,函館,2,3,3,2017105570,コスミックエナジー,牝2,54,01093,藤岡佑介,1:50.0,1.1/2,1-1-1-1,35.8,12.9,5,440(0),01117,[西]高野友和,790005,吉田勝己,280.0,"(*3,6,7)(2,8)4(1,5)",1,3,0.0,True,"3(6,7)2,8(1,4)5",1,1,0.0,False,"3(6,7)2,8(1,4)5",1,1,0.0,False,"3,2(1,5,4)(6,7,8)",1,1,0.0,False,-5,前日とほぼ同レベルで、やや速めの時計が出る馬場。
201902020605,5,2歳新馬,芝,1800,晴,良,12:15,2019-07-21,函館,3,1,1,2017105334,ドゥラモット,牝2,54,01102,北村友一,1:50.6,3.1/2,7-6-6-3,35.9,8.6,4,476(0),00438,[西]安田隆行,879800,雅苑興業,180.0,"(*3,6,7)(2,8)4(1,5)",7,2,0.0,False,"3(6,7)2,8(1,4)5",6,2,1.5,False,"3(6,7)2,8(1,4)5",6,2,1.5,False,"3,2(1,5,4)(6,7,8)",3,3,1.5,False,-5,前日とほぼ同レベルで、やや速めの時計が出る馬場。
201902020605,5,2歳新馬,芝,1800,晴,良,12:15,2019-07-21,函館,4,5,5,2017105367,ノーエクスキューズ,牡2,54,05339,ルメール,1:51.3,4,7-8-8-3,36.4,3.0,2,492(0),01114,[東]和田正一,486800,キャロットファーム,110.0,"(*3,6,7)(2,8)4(1,5)",7,2,0.0,False,"3(6,7)2,8(1,4)5",8,1,1.5,False,"3(6,7)2,8(1,4)5",8,1,1.5,False,"3,2(1,5,4)(6,7,8)",3,3,1.5,False,-5,前日とほぼ同レベルで、やや速めの時計が出る馬場。
201902020605,5,2歳新馬,芝,1800,晴,良,12:15,2019-07-21,函館,5,4,4,2017105011,エレガントチャーム,牝2,54,01095,吉田隼人,1:51.7,2.1/2,6-6-6-3,37.0,7.8,3,458(0),01115,[東]菊沢隆徳,808800,Ｇ１レーシング,70.0,"(*3,6,7)(2,8)4(1,5)",6,1,0.0,False,"3(6,7)2,8(1,4)5",6,2,1.5,False,"3(6,7)2,8(1,4)5",6,2,1.5,False,"3,2(1,5,4)(6,7,8)",3,3,1.5,False,-5,前日とほぼ同レベルで、やや速めの時計が出る馬場。
201902020605,5,2歳新馬,芝,1800,晴,良,12:15,2019-07-21,函館,6,6,6,2017103008,ヤマノマタカ,牡2,54,01150,石川裕紀,1:53.9,大,2-2-2-6,39.6,75.0,8,456(0),01020,[東]相沢郁,467004,澤村敏雄,,"(*3,6,7)(2,8)4(1,5)",2,3,0.0,False,"3(6,7)2,8(1,4)5",2,2,0.0,False,"3(6,7)2,8(1,4)5",2,2,0.0,False,"3,2(1,5,4)(6,7,8)",6,3,1.5,False,-5,前日とほぼ同レベルで、やや速めの時計が出る馬場。
201902020605,5,2歳新馬,芝,1800,晴,良,12:15,2019-07-21,函館,7,8,8,2017104723,スターオブザサウス,牡2,54,01116,藤岡康太,1:54.4,3,4-5-5-6,39.9,35.2,6,486(0),01018,[西]宮徹,415800,社台レースホース,,"(*3,6,7)(2,8)4(1,5)",4,2,0.0,False,"3(6,7)2,8(1,4)5",5,1,1.5,False,"3(6,7)2,8(1,4)5",5,1,1.5,False,"3,2(1,5,4)(6,7,8)",6,3,1.5,False,-5,前日とほぼ同レベルで、やや速めの時計が出る馬場。
201902020605,5,2歳新馬,芝,1800,晴,良,12:15,2019-07-21,函館,8,7,7,2017102290,ネヘレニア,牝2,54,01143,原田和真,1:55.3,5,2-2-2-6,41.0,70.1,7,440(0),01029,[東]根本康広,026700,ケンレーシング組合,,"(*3,6,7)(2,8)4(1,5)",2,3,0.0,False,"3(6,7)2,8(1,4)5",2,2,0.0,False,"3(6,7)2,8(1,4)5",2,2,0.0,False,"3,2(1,5,4)(6,7,8)",6,3,1.5,False,-5,前日とほぼ同レベルで、やや速めの時計が出る馬場。
201902020606,6,3歳未勝利,ダ,1700,晴,良,12:45,2019-07-21,函館,1,6,7,2016103091,クラウドスケープ,牡3,56,01093,藤岡佑介,1:47.7,,9-8-4-4,38.6,4.5,3,474(+6),01075,[西]矢作芳人,185031,下河邉俊行,500.0,"10,5(6,8)(1,2)9,4,7,3,11,12",9,1,4.5,False,"10(5,6,8)1,2,9(4,7)-3,11,12",8,2,3.0,False,"(8,*2)11(10,5,7)(1,12)(4,6)-3-9",4,3,0.0,False,"(8,*2)11,7-12(5,1)-4-(10,6,3)=9",4,1,1.5,False,-5,
201902020606,6,3歳未勝利,ダ,1700,晴,良,12:45,2019-07-21,函館,2,2,2,2016102219,グランデラムジー,牡3,56,01156,加藤祥太,1:47.9,1.1/4,5-6-1-1,39.0,4.3,1,468(-2),01157,[西]杉山晴紀,910800,グランデオーナーズ,200.0,"10,5(6,8)(1,2)9,4,7,3,11,12",5,2,1.5,False,"10(5,6,8)1,2,9(4,7)-3,11,12",6,1,1.5,False,"(8,*2)11(10,5,7)(1,12)(4,6)-3-9",1,2,0.0,True,"(8,*2)11,7-12(5,1)-4-(10,6,3)=9",1,2,0.0,True,-5,
201902020606,6,3歳未勝利,ダ,1700,晴,良,12:45,2019-07-21,函館,3,8,11,2016100296,サングリーンベイ,牡3,56,01140,横山和生,1:48.0,1/2,11-11-3-3,39.0,90.1,10,486(+4),00435,[東]藤原辰雄,059803,加藤ステーブル,130.0,"10,5(6,8)(1,2)9,4,7,3,11,12",11,1,7.5,False,"10(5,6,8)1,2,9(4,7)-3,11,12",11,1,8.0,False,"(8,*2)11(10,5,7)(1,12)(4,6)-3-9",3,1,0.0,False,"(8,*2)11,7-12(5,1)-4-(10,6,3)=9",3,1,0.0,False,-5,
201902020606,6,3歳未勝利,ダ,1700,晴,良,12:45,2019-07-21,函館,4,6,8,2016109006,シービークラーケン,牡3,55,01170,横山武史,1:48.3,1.3/4,3-2-2-2,39.4,4.5,4,516(-8),01026,[東]鈴木伸尋,075800,千明牧場,75.0,"10,5(6,8)(1,2)9,4,7,3,11,12",3,2,1.5,False,"10(5,6,8)1,2,9(4,7)-3,11,12",2,3,0.0,False,"(8,*2)11(10,5,7)(1,12)(4,6)-3-9",2,2,0.0,False,"(8,*2)11,7-12(5,1)-4-(10,6,3)=9",2,2,0.0,False,-5,
201902020606,6,3歳未勝利,ダ,1700,晴,良,12:45,2019-07-21,函館,5,1,1,2016110097,トーキョーサバク,牡3,56,00666,武豊,1:48.3,クビ,5-5-7-6,38.9,9.6,5,488(-2),01164,[西]安田翔伍,008803,原禮子,50.0,"10,5(6,8)(1,2)9,4,7,3,11,12",5,2,1.5,False,"10(5,6,8)1,2,9(4,7)-3,11,12",5,1,0.0,False,"(8,*2)11(10,5,7)(1,12)(4,6)-3-9",7,2,0.0,False,"(8,*2)11,7-12(5,1)-4-(10,6,3)=9",6,2,5.0,False,-5,
201902020606,6,3歳未勝利,ダ,1700,晴,良,12:45,2019-07-21,函館,6,5,5,2016105194,ジェイコブ,牡3,56,05339,ルメール,1:48.3,アタマ,2-2-4-6,39.2,4.3,2,482(+2),01153,[東]中舘英二,010803,市川義美ホールディン...,,"10,5(6,8)(1,2)9,4,7,3,11,12",2,1,1.5,False,"10(5,6,8)1,2,9(4,7)-3,11,12",2,3,0.0,False,"(8,*2)11(10,5,7)(1,12)(4,6)-3-9",4,3,0.0,False,"(8,*2)11,7-12(5,1)-4-(10,6,3)=9",6,2,5.0,False,-5,
201902020606,6,3歳未勝利,ダ,1700,晴,良,12:45,2019-07-21,函館,7,4,4,2016103487,エストレラブランコ,牡3,56,01025,勝浦正樹,1:48.5,1,8-8-9-8,38.9,12.8,7,426(+2),01100,[東]松山将樹,013803,ディアレストクラブ,,"10,5(6,8)(1,2)9,4,7,3,11,12",8,1,3.0,False,"10(5,6,8)1,2,9(4,7)-3,11,12",8,2,3.0,False,"(8,*2)11(10,5,7)(1,12)(4,6)-3-9",9,2,0.0,False,"(8,*2)11,7-12(5,1)-4-(10,6,3)=9",8,1,8.5,False,-5,
201902020606,6,3歳未勝利,ダ,1700,晴,良,12:45,2019-07-21,函館,8,8,12,2016101481,ハクサンメイゲツ,牡3,55,01168,富田暁,1:48.6,1/2,12-12-7-5,39.2,47.2,9,456(-4),00421,[東]浅野洋一,016030,篠崎恒雄,,"10,5(6,8)(1,2)9,4,7,3,11,12",12,1,9.0,False,"10(5,6,8)1,2,9(4,7)-3,11,12",12,1,9.5,False,"(8,*2)11(10,5,7)(1,12)(4,6)-3-9",7,2,0.0,False,"(8,*2)11,7-12(5,1)-4-(10,6,3)=9",5,1,5.0,False,-5,
201902020606,6,3歳未勝利,ダ,1700,晴,良,12:45,2019-07-21,函館,9,3,3,2016102121,タイキマイスター,牡3,53,01176,亀田温心,1:48.8,1.1/4,10-10-11-9,38.8,149.1,11,458(-6),01158,[西]寺島良,536800,大樹ファーム,,"10,5(6,8)(1,2)9,4,7,3,11,12",10,1,6.0,False,"10(5,6,8)1,2,9(4,7)-3,11,12",10,1,6.5,False,"(8,*2)11(10,5,7)(1,12)(4,6)-3-9",11,1,3.5,False,"(8,*2)11,7-12(5,1)-4-(10,6,3)=9",9,3,12.0,False,-5,
201902020606,6,3歳未勝利,ダ,1700,晴,良,12:45,2019-07-21,函館,10,5,6,2016104326,エイカイボルト,牡3,56,01160,荻野極,1:52.3,大,3-2-9-9,42.7,11.5,6,426(-2),01055,[西]藤原英昭,683033,二木英徳,,"10,5(6,8)(1,2)9,4,7,3,11,12",3,2,1.5,False,"10(5,6,8)1,2,9(4,7)-3,11,12",2,3,0.0,False,"(8,*2)11(10,5,7)(1,12)(4,6)-3-9",9,2,0.0,False,"(8,*2)11,7-12(5,1)-4-(10,6,3)=9",9,3,12.0,False,-5,
201902020606,6,3歳未勝利,ダ,1700,晴,良,12:45,2019-07-21,函館,11,7,10,2016104566,ジーガスリッド,牡3,56,01116,藤岡康太,1:53.3,6,1-1-4-9,44.2,27.8,8,486(+16),01061,[西]友道康夫,486800,キャロットファーム,,"10,5(6,8)(1,2)9,4,7,3,11,12",1,1,0.0,False,"10(5,6,8)1,2,9(4,7)-3,11,12",1,1,0.0,False,"(8,*2)11(10,5,7)(1,12)(4,6)-3-9",4,3,0.0,False,"(8,*2)11,7-12(5,1)-4-(10,6,3)=9",9,3,12.0,False,-5,
201902020606,6,3歳未勝利,ダ,1700,晴,良,12:45,2019-07-21,函館,12,7,9,2016100830,ブルベアコローレ,牡3,56,01091,丹内祐次,1:54.9,10,7-7-12-12,44.6,193.7,12,488(+2),01041,[西]藤沢則雄,843800,ブルアンドベア,,"10,5(6,8)(1,2)9,4,7,3,11,12",7,1,1.5,False,"10(5,6,8)1,2,9(4,7)-3,11,12",7,1,3.0,False,"(8,*2)11(10,5,7)(1,12)(4,6)-3-9",12,1,7.0,False,"(8,*2)11,7-12(5,1)-4-(10,6,3)=9",12,1,18.0,False,-5,
201902020607,7,3歳以上500万下,ダ,1000,曇,良,13:15,2019-07-21,函館,1,1,1,2016105699,ハクナマタタ,牡3,51,01179,菅原明良,0:59.5,,1-1,36.7,10.0,4,494(-6),01023,[東]伊藤圭三,367800,グランド牧場,750.0,,,,,,,,,,,"1,3(6,8)(9,12)2(4,7,10)(5,11)",1,1,0.0,False,"1,3(6,8)12(2,7)(4,9,10)(5,11)",1,1,0.0,False,-5,
201902020607,7,3歳以上500万下,ダ,1000,曇,良,13:15,2019-07-21,函館,2,8,12,2016103788,ダイメイサツキ,牡3,54,01032,池添謙一,0:59.7,1.1/4,5-5,36.5,2.9,1,496(-2),01142,[西]森田直行,177033,宮本昇,300.0,,,,,,,,,,,"1,3(6,8)(9,12)2(4,7,10)(5,11)",5,2,1.5,False,"1,3(6,8)12(2,7)(4,9,10)(5,11)",5,1,1.5,False,-5,
201902020607,7,3歳以上500万下,ダ,1000,曇,良,13:15,2019-07-21,函館,3,5,6,2014100779,サンジレット,牡5,57,01097,小島太一,0:59.8,1/2,3-3,36.7,10.4,5,500(+2),01134,[東]高橋文雅,059803,加藤ステーブル,190.0,,,,,,,,,,,"1,3(6,8)(9,12)2(4,7,10)(5,11)",3,2,1.5,False,"1,3(6,8)12(2,7)(4,9,10)(5,11)",3,2,1.5,False,-5,
201902020607,7,3歳以上500万下,ダ,1000,曇,良,13:15,2019-07-21,函館,4,4,4,2016102207,メイショウメイリン,牡3,54,00666,武豊,1:00.2,2.1/2,8-8,36.6,3.0,2,454(-2),01028,[西]西園正都,523005,松本好雄,110.0,,,,,,,,,,,"1,3(6,8)(9,12)2(4,7,10)(5,11)",8,3,1.5,False,"1,3(6,8)12(2,7)(4,9,10)(5,11)",8,3,1.5,False,-5,
201902020607,7,3歳以上500万下,ダ,1000,曇,良,13:15,2019-07-21,函館,5,8,11,2014102886,メガポリゴン,牡5,57,01153,木幡初也,1:00.3,3/4,11-11,36.5,77.0,11,542(+12),00420,[東]宗像義忠,960006,薗部博之,75.0,,,,,,,,,,,"1,3(6,8)(9,12)2(4,7,10)(5,11)",11,2,1.5,False,"1,3(6,8)12(2,7)(4,9,10)(5,11)",11,2,1.5,False,-5,
201902020607,7,3歳以上500万下,ダ,1000,曇,良,13:15,2019-07-21,函館,6,6,7,2014102483,サノノショウグン,セ5,56,01170,横山武史,1:00.5,1.1/4,8-6,36.8,15.8,7,462(+4),01080,[東]清水英克,735033,佐野信幸,,,,,,,,,,,,"1,3(6,8)(9,12)2(4,7,10)(5,11)",8,3,1.5,False,"1,3(6,8)12(2,7)(4,9,10)(5,11)",6,2,1.5,False,-5,
201902020607,7,3歳以上500万下,ダ,1000,曇,良,13:15,2019-07-21,函館,7,7,10,2016101901,テイエムメロディー,牝3,52,01015,古川吉洋,1:00.6,クビ,8-8,37.0,7.9,3,456(0),01033,[西]木原一良,356002,竹園正繼,,,,,,,,,,,,"1,3(6,8)(9,12)2(4,7,10)(5,11)",8,3,1.5,False,"1,3(6,8)12(2,7)(4,9,10)(5,11)",8,3,1.5,False,-5,
201902020607,7,3歳以上500万下,ダ,1000,曇,良,13:15,2019-07-21,函館,8,3,3,2016100452,ロシアンブルー,牝3,52,01091,丹内祐次,1:00.9,2,2-2,38.0,72.8,10,428(+1),01089,[東]武市康男,087803,ＨｉｍＲｏｃｋＲａｃ...,,,,,,,,,,,,"1,3(6,8)(9,12)2(4,7,10)(5,11)",2,1,1.5,False,"1,3(6,8)12(2,7)(4,9,10)(5,11)",2,1,1.5,False,-5,
201902020607,7,3歳以上500万下,ダ,1000,曇,良,13:15,2019-07-21,函館,9,5,5,2015102984,ライクアジャーニー,牝4,55,05203,岩田康誠,1:01.0,クビ,11-11,37.1,77.3,12,478(+18),01130,[西]吉村圭司,858800,大塚亮一,,,,,,,,,,,,"1,3(6,8)(9,12)2(4,7,10)(5,11)",11,2,1.5,False,"1,3(6,8)12(2,7)(4,9,10)(5,11)",11,2,1.5,False,-5,
201902020607,7,3歳以上500万下,ダ,1000,曇,良,13:15,2019-07-21,函館,10,2,2,2015105498,ヘーザ,牝4,52,01180,団野大成,1:01.1,3/4,7-6,37.6,11.3,6,434(+2),01159,[西]高柳大輔,055030,岡田隆寛,,,,,,,,,,,,"1,3(6,8)(9,12)2(4,7,10)(5,11)",7,1,1.5,False,"1,3(6,8)12(2,7)(4,9,10)(5,11)",6,2,1.5,False,-5,
201902020607,7,3歳以上500万下,ダ,1000,曇,良,13:15,2019-07-21,函館,11,7,9,2016100040,カネコメアサヒ,牡3,54,01030,松田大作,1:01.1,クビ,5-8,37.9,23.4,8,434(0),01069,[西]中尾秀正,530007,高岡義雄,,,,,,,,,,,,"1,3(6,8)(9,12)2(4,7,10)(5,11)",5,2,1.5,False,"1,3(6,8)12(2,7)(4,9,10)(5,11)",8,3,1.5,False,-5,
201902020607,7,3歳以上500万下,ダ,1000,曇,良,13:15,2019-07-21,函館,12,6,8,2015101629,キンゲショウ,牝4,55,01085,松岡正海,1:01.3,1.1/4,3-3,38.3,32.3,9,456(0),01119,[東]田中剛,367800,グランド牧場,,,,,,,,,,,,"1,3(6,8)(9,12)2(4,7,10)(5,11)",3,2,1.5,False,"1,3(6,8)12(2,7)(4,9,10)(5,11)",3,2,1.5,False,-5,
201902020608,8,3歳以上500万下,芝,1800,曇,良,13:45,2019-07-21,函館,1,5,8,2016104672,レッドサイオン,牡3,51,01180,団野大成,1:48.0,,5-5-3-5,35.9,6.9,3,460(+6),00386,[東]藤沢和雄,180800,東京ホースレーシング,750.0,"6,7(1,10)8(4,11,13)9,5,3(2,12)-14",5,1,1.5,False,"6-7(1,10)8(4,11)9(5,13)3,2,12,14",5,1,3.5,False,"6,7(1,8,10)(4,11)(9,3)(5,13,2)(14,12)",3,3,1.5,False,"6(1,7,10)8(4,11)(9,3)(5,13,2)14-12",5,1,0.0,False,-5,前日とほぼ同レベルで、やや速めの時計が出る馬場。
201902020608,8,3歳以上500万下,芝,1800,曇,良,13:45,2019-07-21,函館,2,6,10,2016104926,フォルコメン,牡3,54,05339,ルメール,1:48.0,クビ,3-3-3-2,36.0,1.8,1,506(-8),01070,[東]堀宣行,415800,社台レースホース,300.0,"6,7(1,10)8(4,11,13)9,5,3(2,12)-14",3,2,1.5,False,"6-7(1,10)8(4,11)9(5,13)3,2,12,14",3,2,3.5,False,"6,7(1,8,10)(4,11)(9,3)(5,13,2)(14,12)",3,3,1.5,False,"6(1,7,10)8(4,11)(9,3)(5,13,2)14-12",2,3,0.0,False,-5,前日とほぼ同レベルで、やや速めの時計が出る馬場。
201902020608,8,3歳以上500万下,芝,1800,曇,良,13:45,2019-07-21,函館,3,4,6,2015104780,リュクスポケット,牡4,57,01093,藤岡佑介,1:48.1,1/2,1-1-1-1,36.4,10.1,4,512(0),01087,[西]庄野靖志,215008,田畑憲士,190.0,"6,7(1,10)8(4,11,13)9,5,3(2,12)-14",1,1,0.0,False,"6-7(1,10)8(4,11)9(5,13)3,2,12,14",1,1,0.0,False,"6,7(1,8,10)(4,11)(9,3)(5,13,2)(14,12)",1,1,0.0,False,"6(1,7,10)8(4,11)(9,3)(5,13,2)14-12",1,1,0.0,False,-5,前日とほぼ同レベルで、やや速めの時計が出る馬場。
201902020608,8,3歳以上500万下,芝,1800,曇,良,13:45,2019-07-21,函館,4,3,3,2014105436,エレクトロニカ,牝5,55,00666,武豊,1:48.2,3/4,11-11-8-8,35.8,5.2,2,446(+2),01105,[西]須貝尚介,415800,社台レースホース,110.0,"6,7(1,10)8(4,11,13)9,5,3(2,12)-14",11,1,4.5,False,"6-7(1,10)8(4,11)9(5,13)3,2,12,14",11,1,3.5,False,"6,7(1,8,10)(4,11)(9,3)(5,13,2)(14,12)",8,2,1.5,False,"6(1,7,10)8(4,11)(9,3)(5,13,2)14-12",8,2,0.0,False,-5,前日とほぼ同レベルで、やや速めの時計が出る馬場。
201902020608,8,3歳以上500万下,芝,1800,曇,良,13:45,2019-07-21,函館,5,1,1,2016103128,ナックゼウス,牡3,54,01153,木幡初也,1:48.2,ハナ,3-3-3-2,36.2,27.4,8,478(+6),01008,[東]杉浦宏昭,931033,小松欣也,75.0,"6,7(1,10)8(4,11,13)9,5,3(2,12)-14",3,2,1.5,False,"6-7(1,10)8(4,11)9(5,13)3,2,12,14",3,2,3.5,False,"6,7(1,8,10)(4,11)(9,3)(5,13,2)(14,12)",3,3,1.5,False,"6(1,7,10)8(4,11)(9,3)(5,13,2)14-12",2,3,0.0,False,-5,前日とほぼ同レベルで、やや速めの時計が出る馬場。
201902020608,8,3歳以上500万下,芝,1800,曇,良,13:45,2019-07-21,函館,6,8,14,2016106228,アナザーラブソング,牡3,53,01170,横山武史,1:48.3,クビ,14-14-13-13,35.5,21.4,7,468(0),01042,[西]安達昭夫,010803,市川義美ホールディン...,,"6,7(1,10)8(4,11,13)9,5,3(2,12)-14",14,1,8.0,False,"6-7(1,10)8(4,11)9(5,13)3,2,12,14",14,1,8.0,False,"6,7(1,8,10)(4,11)(9,3)(5,13,2)(14,12)",13,2,1.5,False,"6(1,7,10)8(4,11)(9,3)(5,13,2)14-12",13,1,0.0,False,-5,前日とほぼ同レベルで、やや速めの時計が出る馬場。
201902020608,8,3歳以上500万下,芝,1800,曇,良,13:45,2019-07-21,函館,7,3,4,2015101320,リバプールタウン,牡4,57,01142,長岡禎仁,1:48.3,アタマ,6-6-6-6,36.1,33.1,9,488(+2),01140,[西]石橋守,768006,薪浦亨,,"6,7(1,10)8(4,11,13)9,5,3(2,12)-14",6,3,1.5,False,"6-7(1,10)8(4,11)9(5,13)3,2,12,14",6,2,3.5,False,"6,7(1,8,10)(4,11)(9,3)(5,13,2)(14,12)",6,2,1.5,False,"6(1,7,10)8(4,11)(9,3)(5,13,2)14-12",6,2,0.0,False,-5,前日とほぼ同レベルで、やや速めの時計が出る馬場。
201902020608,8,3歳以上500万下,芝,1800,曇,良,13:45,2019-07-21,函館,8,6,9,2016100959,メイショウハナグシ,牝3,52,01032,池添謙一,1:48.3,ハナ,9-8-8-8,36.0,16.1,5,488(+16),01139,[西]飯田祐史,523005,松本好雄,,"6,7(1,10)8(4,11,13)9,5,3(2,12)-14",9,1,1.5,False,"6-7(1,10)8(4,11)9(5,13)3,2,12,14",8,1,3.5,False,"6,7(1,8,10)(4,11)(9,3)(5,13,2)(14,12)",8,2,1.5,False,"6(1,7,10)8(4,11)(9,3)(5,13,2)14-12",8,2,0.0,False,-5,前日とほぼ同レベルで、やや速めの時計が出る馬場。
201902020608,8,3歳以上500万下,芝,1800,曇,良,13:45,2019-07-21,函館,9,2,2,2014105271,クライベイビー,牝5,55,01140,横山和生,1:48.6,1.3/4,12-12-10-10,36.0,74.4,11,480(+2),01115,[東]菊沢隆徳,808800,Ｇ１レーシング,,"6,7(1,10)8(4,11,13)9,5,3(2,12)-14",12,2,4.5,False,"6-7(1,10)8(4,11)9(5,13)3,2,12,14",12,1,5.0,False,"6,7(1,8,10)(4,11)(9,3)(5,13,2)(14,12)",10,3,1.5,False,"6(1,7,10)8(4,11)(9,3)(5,13,2)14-12",10,3,0.0,False,-5,前日とほぼ同レベルで、やや速めの時計が出る馬場。
201902020608,8,3歳以上500万下,芝,1800,曇,良,13:45,2019-07-21,函館,10,8,13,2014104409,ラッキーアドバンス,牡5,57,05203,岩田康誠,1:48.7,クビ,6-9-10-10,36.1,82.4,12,484(+8),01047,[東]勢司和浩,036033,柳内正基,,"6,7(1,10)8(4,11,13)9,5,3(2,12)-14",6,3,1.5,False,"6-7(1,10)8(4,11)9(5,13)3,2,12,14",9,2,3.5,False,"6,7(1,8,10)(4,11)(9,3)(5,13,2)(14,12)",10,3,1.5,False,"6(1,7,10)8(4,11)(9,3)(5,13,2)14-12",10,3,0.0,False,-5,前日とほぼ同レベルで、やや速めの時計が出る馬場。
201902020608,8,3歳以上500万下,芝,1800,曇,良,13:45,2019-07-21,函館,11,5,7,2016105802,ロザムール,牝3,52,01085,松岡正海,1:48.8,1/2,2-2-2-2,36.9,18.8,6,492(+18),00423,[東]上原博之,797008,栗山良子,,"6,7(1,10)8(4,11,13)9,5,3(2,12)-14",2,1,1.5,False,"6-7(1,10)8(4,11)9(5,13)3,2,12,14",2,1,3.5,False,"6,7(1,8,10)(4,11)(9,3)(5,13,2)(14,12)",2,1,1.5,False,"6(1,7,10)8(4,11)(9,3)(5,13,2)14-12",2,3,0.0,False,-5,前日とほぼ同レベルで、やや速めの時計が出る馬場。
201902020608,8,3歳以上500万下,芝,1800,曇,良,13:45,2019-07-21,函館,12,4,5,2016105490,ラブリロンリロンス,牡3,53,01168,富田暁,1:48.9,3/4,10-9-10-10,36.4,184.3,13,436(+4),01083,[西]松永昌博,162008,熊澤浩樹,,"6,7(1,10)8(4,11,13)9,5,3(2,12)-14",10,1,3.0,False,"6-7(1,10)8(4,11)9(5,13)3,2,12,14",9,2,3.5,False,"6,7(1,8,10)(4,11)(9,3)(5,13,2)(14,12)",10,3,1.5,False,"6(1,7,10)8(4,11)(9,3)(5,13,2)14-12",10,3,0.0,False,-5,前日とほぼ同レベルで、やや速めの時計が出る馬場。
201902020608,8,3歳以上500万下,芝,1800,曇,良,13:45,2019-07-21,函館,13,7,11,2016102102,クリノオウジャ,牡3,54,01116,藤岡康太,1:49.2,1.3/4,6-6-6-6,37.0,39.5,10,434(-4),01129,[西]高橋義忠,488007,栗本守,,"6,7(1,10)8(4,11,13)9,5,3(2,12)-14",6,3,1.5,False,"6-7(1,10)8(4,11)9(5,13)3,2,12,14",6,2,3.5,False,"6,7(1,8,10)(4,11)(9,3)(5,13,2)(14,12)",6,2,1.5,False,"6(1,7,10)8(4,11)(9,3)(5,13,2)14-12",6,2,0.0,False,-5,前日とほぼ同レベルで、やや速めの時計が出る馬場。
201902020608,8,3歳以上500万下,芝,1800,曇,良,13:45,2019-07-21,函館,14,7,12,2016105146,ケンデューク,牡3,54,01144,菱田裕二,1:50.3,7,12-13-13-14,37.5,191.3,14,424(+6),01067,[東]久保田貴,441033,中西健,,"6,7(1,10)8(4,11,13)9,5,3(2,12)-14",12,2,4.5,False,"6-7(1,10)8(4,11)9(5,13)3,2,12,14",13,1,6.5,False,"6,7(1,8,10)(4,11)(9,3)(5,13,2)(14,12)",13,2,1.5,False,"6(1,7,10)8(4,11)(9,3)(5,13,2)14-12",14,1,3.5,False,-5,前日とほぼ同レベルで、やや速めの時計が出る馬場。
201902020609,9,3歳以上500万下,ダ,1700,曇,良,14:15,2019-07-21,函館,1,8,13,2014101436,リョウランヒーロー,牡5,56,01170,横山武史,1:46.4,,7-5-5-3,37.8,2.7,1,476(-4),01125,[東]小野次郎,606033,佐藤啓子,750.0,"(*2,14)-7,4-8,9(6,11,13)(1,10,12)-5-3",7,3,10.0,False,"(*2,14)-7,4-(8,13)9(6,1,11)(10,12)-5-3",5,2,8.5,False,"(2,*14)(4,7)(8,13)1,5(6,9,12)(10,3)11",5,2,0.0,False,"(2,*14)(4,7,13)(8,1)-(6,5,10)(9,3,12)-11",3,3,0.0,False,-5,
201902020609,9,3歳以上500万下,ダ,1700,曇,良,14:15,2019-07-21,函館,2,3,3,2016102556,アノ,牡3,54,00666,武豊,1:47.0,3.1/2,14-14-12-11,37.6,5.2,3,448(+12),01111,[西]鈴木孝志,473008,武田茂男,300.0,"(*2,14)-7,4-8,9(6,11,13)(1,10,12)-5-3",14,1,17.0,False,"(*2,14)-7,4-(8,13)9(6,1,11)(10,12)-5-3",14,1,15.5,False,"(2,*14)(4,7)(8,13)1,5(6,9,12)(10,3)11",12,2,1.5,False,"(2,*14)(4,7,13)(8,1)-(6,5,10)(9,3,12)-11",11,3,3.5,False,-5,
201902020609,9,3歳以上500万下,ダ,1700,曇,良,14:15,2019-07-21,函館,3,5,7,2016102380,ハギノオムイデアル,牡3,54,01032,池添謙一,1:47.1,3/4,3-3-3-3,38.7,8.2,4,480(+2),01011,[西]松田国英,950006,日隈良江,190.0,"(*2,14)-7,4-8,9(6,11,13)(1,10,12)-5-3",3,1,3.5,False,"(*2,14)-7,4-(8,13)9(6,1,11)(10,12)-5-3",3,1,3.5,False,"(2,*14)(4,7)(8,13)1,5(6,9,12)(10,3)11",3,2,0.0,False,"(2,*14)(4,7,13)(8,1)-(6,5,10)(9,3,12)-11",3,3,0.0,False,-5,
201902020609,9,3歳以上500万下,ダ,1700,曇,良,14:15,2019-07-21,函館,4,1,1,2015101890,カガスター,牡4,54,01179,菅原明良,1:47.4,1.1/2,10-8-7-6,38.6,28.8,9,452(-2),01014,[東]高市圭二,700006,香川憲次,110.0,"(*2,14)-7,4-8,9(6,11,13)(1,10,12)-5-3",10,3,10.0,False,"(*2,14)-7,4-(8,13)9(6,1,11)(10,12)-5-3",8,3,8.5,False,"(2,*14)(4,7)(8,13)1,5(6,9,12)(10,3)11",7,1,0.0,False,"(2,*14)(4,7,13)(8,1)-(6,5,10)(9,3,12)-11",6,2,0.0,False,-5,
201902020609,9,3歳以上500万下,ダ,1700,曇,良,14:15,2019-07-21,函館,5,8,14,2016100961,タガノゴマチャン,牡3,51,01180,団野大成,1:47.4,アタマ,2-2-1-1,39.2,4.8,2,474(+2),00425,[西]加用正,859002,八木良司,75.0,"(*2,14)-7,4-8,9(6,11,13)(1,10,12)-5-3",2,2,0.0,False,"(*2,14)-7,4-(8,13)9(6,1,11)(10,12)-5-3",2,2,0.0,False,"(2,*14)(4,7)(8,13)1,5(6,9,12)(10,3)11",1,2,0.0,True,"(2,*14)(4,7,13)(8,1)-(6,5,10)(9,3,12)-11",1,2,0.0,True,-5,
201902020609,9,3歳以上500万下,ダ,1700,曇,良,14:15,2019-07-21,函館,6,5,8,2016101153,ダノンシティ,牡3,54,01102,北村友一,1:47.7,1.3/4,5-5-5-6,39.1,15.6,6,468(0),01154,[西]橋口慎介,619800,ダノックス,,"(*2,14)-7,4-8,9(6,11,13)(1,10,12)-5-3",5,1,8.5,False,"(*2,14)-7,4-(8,13)9(6,1,11)(10,12)-5-3",5,2,8.5,False,"(2,*14)(4,7)(8,13)1,5(6,9,12)(10,3)11",5,2,0.0,False,"(2,*14)(4,7,13)(8,1)-(6,5,10)(9,3,12)-11",6,2,0.0,False,-5,
201902020609,9,3歳以上500万下,ダ,1700,曇,良,14:15,2019-07-21,函館,7,4,5,2015100849,ハイチーズ,牡4,57,01085,松岡正海,1:47.7,クビ,13-13-8-8,38.7,76.5,10,504(+4),01068,[東]小島茂之,032800,ローレルレーシング,,"(*2,14)-7,4-8,9(6,11,13)(1,10,12)-5-3",13,1,13.5,False,"(*2,14)-7,4-(8,13)9(6,1,11)(10,12)-5-3",13,1,12.0,False,"(2,*14)(4,7)(8,13)1,5(6,9,12)(10,3)11",8,1,1.5,False,"(2,*14)(4,7,13)(8,1)-(6,5,10)(9,3,12)-11",8,3,3.5,False,-5,
201902020609,9,3歳以上500万下,ダ,1700,曇,良,14:15,2019-07-21,函館,8,3,4,2014109041,フィールドステイ,牡5,57,01015,古川吉洋,1:47.8,クビ,4-4-3-3,39.3,25.0,8,494(+4),01028,[西]西園正都,769009,地田勝三,,"(*2,14)-7,4-8,9(6,11,13)(1,10,12)-5-3",4,1,5.0,False,"(*2,14)-7,4-(8,13)9(6,1,11)(10,12)-5-3",4,1,5.0,False,"(2,*14)(4,7)(8,13)1,5(6,9,12)(10,3)11",3,2,0.0,False,"(2,*14)(4,7,13)(8,1)-(6,5,10)(9,3,12)-11",3,3,0.0,False,-5,
201902020609,9,3歳以上500万下,ダ,1700,曇,良,14:15,2019-07-21,函館,9,4,6,2016100607,キャリーオン,牡3,53,01168,富田暁,1:48.0,1.1/4,7-8-9-8,38.9,97.7,13,432(-4),01072,[西]河内洋,788800,ノースヒルズ,,"(*2,14)-7,4-8,9(6,11,13)(1,10,12)-5-3",7,3,10.0,False,"(*2,14)-7,4-(8,13)9(6,1,11)(10,12)-5-3",8,3,8.5,False,"(2,*14)(4,7)(8,13)1,5(6,9,12)(10,3)11",9,3,1.5,False,"(2,*14)(4,7,13)(8,1)-(6,5,10)(9,3,12)-11",8,3,3.5,False,-5,
201902020609,9,3歳以上500万下,ダ,1700,曇,良,14:15,2019-07-21,函館,10,6,10,2014103590,シルヴァーメテオ,牡5,57,01109,黛弘人,1:48.3,1.3/4,10-11-12-8,39.0,140.0,14,482(-4),01043,[東]石栗龍彦,542800,ライオンレースホース,,"(*2,14)-7,4-8,9(6,11,13)(1,10,12)-5-3",10,3,10.0,False,"(*2,14)-7,4-(8,13)9(6,1,11)(10,12)-5-3",11,2,8.5,False,"(2,*14)(4,7)(8,13)1,5(6,9,12)(10,3)11",12,2,1.5,False,"(2,*14)(4,7,13)(8,1)-(6,5,10)(9,3,12)-11",8,3,3.5,False,-5,
201902020609,9,3歳以上500万下,ダ,1700,曇,良,14:15,2019-07-21,函館,11,2,2,2016110072,チェルシーライオン,牡3,54,05203,岩田康誠,1:48.8,3,1-1-2-2,40.6,16.4,7,482(+2),01075,[西]矢作芳人,542800,ライオンレースホース,,"(*2,14)-7,4-8,9(6,11,13)(1,10,12)-5-3",1,2,0.0,True,"(*2,14)-7,4-(8,13)9(6,1,11)(10,12)-5-3",1,2,0.0,True,"(2,*14)(4,7)(8,13)1,5(6,9,12)(10,3)11",2,2,0.0,False,"(2,*14)(4,7,13)(8,1)-(6,5,10)(9,3,12)-11",2,2,0.0,False,-5,
201902020609,9,3歳以上500万下,ダ,1700,曇,良,14:15,2019-07-21,函館,12,6,9,2015101896,リアルモンテ,牡4,57,05411,桑村真明,1:49.1,2,6-7-9-11,40.0,84.8,11,484(0),01081,[東]中川公成,438002,伊藤誠吉,,"(*2,14)-7,4-8,9(6,11,13)(1,10,12)-5-3",6,1,10.0,False,"(*2,14)-7,4-(8,13)9(6,1,11)(10,12)-5-3",7,1,8.5,False,"(2,*14)(4,7)(8,13)1,5(6,9,12)(10,3)11",9,3,1.5,False,"(2,*14)(4,7,13)(8,1)-(6,5,10)(9,3,12)-11",11,3,3.5,False,-5,
201902020609,9,3歳以上500万下,ダ,1700,曇,良,14:15,2019-07-21,函館,13,7,12,2014105254,ブレイブウォリアー,牡5,57,01143,原田和真,1:49.1,クビ,10-11-9-11,40.0,87.8,12,486(+6),01005,[東]小桧山悟,074031,谷口祐人,,"(*2,14)-7,4-8,9(6,11,13)(1,10,12)-5-3",10,3,10.0,False,"(*2,14)-7,4-(8,13)9(6,1,11)(10,12)-5-3",11,2,8.5,False,"(2,*14)(4,7)(8,13)1,5(6,9,12)(10,3)11",9,3,1.5,False,"(2,*14)(4,7,13)(8,1)-(6,5,10)(9,3,12)-11",11,3,3.5,False,-5,
201902020609,9,3歳以上500万下,ダ,1700,曇,良,14:15,2019-07-21,函館,14,7,11,2015101328,マイティバローズ,牡4,57,01093,藤岡佑介,1:49.2,クビ,7-8-14-14,39.7,8.6,5,436(-21),01168,[西]上村洋行,859007,猪熊広次,,"(*2,14)-7,4-8,9(6,11,13)(1,10,12)-5-3",7,3,10.0,False,"(*2,14)-7,4-(8,13)9(6,1,11)(10,12)-5-3",8,3,8.5,False,"(2,*14)(4,7)(8,13)1,5(6,9,12)(10,3)11",14,1,1.5,False,"(2,*14)(4,7,13)(8,1)-(6,5,10)(9,3,12)-11",14,1,7.0,False,-5,
201902020610,10,松前特別(2勝),芝,2000,曇,良,14:50,2019-07-21,函館,1,5,5,2016110103,ユニコーンライオン,牡3,54,05203,岩田康誠,2:01.7,,3-3-4-3,35.0,3.3,2,510(-4),01075,[西]矢作芳人,542800,ライオンレースホース,"1,523.1","11,10,5,7,6,9(2,1)4,8,3",3,1,3.0,False,"11,10,5,7,6,9,2,1,4,8,3",3,1,3.0,False,"(*1,11)10(5,7)(2,9)6,4(3,8)",4,2,0.0,False,"1,11(5,10)7(6,2,9)(3,4)8",3,2,1.5,False,-5,前日とほぼ同レベルで、やや速めの時計が出る馬場。
201902020610,10,松前特別(2勝),芝,2000,曇,良,14:50,2019-07-21,函館,2,8,11,2015106157,ムーンレイカー,牡4,57,01032,池添謙一,2:01.7,ハナ,1-1-2-2,35.3,17.9,5,468(-6),01021,[西]池添兼雄,490006,門野重雄,606.6,"11,10,5,7,6,9(2,1)4,8,3",1,1,0.0,False,"11,10,5,7,6,9,2,1,4,8,3",1,1,0.0,False,"(*1,11)10(5,7)(2,9)6,4(3,8)",2,2,0.0,False,"1,11(5,10)7(6,2,9)(3,4)8",2,1,1.5,False,-5,前日とほぼ同レベルで、やや速めの時計が出る馬場。
201902020610,10,松前特別(2勝),芝,2000,曇,良,14:50,2019-07-21,函館,3,2,2,2014105760,フリージングレイン,牡5,57,05339,ルメール,2:01.8,1/2,7-7-6-6,35.0,3.9,3,524(+2),01079,[東]古賀慎明,415800,社台レースホース,383.3,"11,10,5,7,6,9(2,1)4,8,3",7,2,7.5,False,"11,10,5,7,6,9,2,1,4,8,3",7,1,9.0,False,"(*1,11)10(5,7)(2,9)6,4(3,8)",6,2,0.0,False,"1,11(5,10)7(6,2,9)(3,4)8",6,3,1.5,False,-5,前日とほぼ同レベルで、やや速めの時計が出る馬場。
201902020610,10,松前特別(2勝),芝,2000,曇,良,14:50,2019-07-21,函館,4,1,1,2015103404,バケットリスト,牝4,55,01144,菱田裕二,2:01.9,1/2,7-8-1-1,35.6,55.3,10,478(-4),01134,[東]高橋文雅,818008,宮城寛也,230.0,"11,10,5,7,6,9(2,1)4,8,3",7,2,7.5,False,"11,10,5,7,6,9,2,1,4,8,3",8,1,10.5,False,"(*1,11)10(5,7)(2,9)6,4(3,8)",1,2,0.0,True,"1,11(5,10)7(6,2,9)(3,4)8",1,1,0.0,False,-5,前日とほぼ同レベルで、やや速めの時計が出る馬場。
201902020610,10,松前特別(2勝),芝,2000,曇,良,14:50,2019-07-21,函館,5,4,4,2016104896,イノセントミューズ,牝3,52,01102,北村友一,2:02.0,3/4,9-9-9-9,34.9,2.5,1,466(0),01104,[西]笹田和秀,415800,社台レースホース,150.0,"11,10,5,7,6,9(2,1)4,8,3",9,1,7.5,False,"11,10,5,7,6,9,2,1,4,8,3",9,1,12.0,False,"(*1,11)10(5,7)(2,9)6,4(3,8)",9,1,1.5,False,"1,11(5,10)7(6,2,9)(3,4)8",9,2,1.5,False,-5,前日とほぼ同レベルで、やや速めの時計が出る馬場。
201902020610,10,松前特別(2勝),芝,2000,曇,良,14:50,2019-07-21,函館,6,3,3,2013102295,ロードプレミアム,牡6,57,01170,横山武史,2:02.1,1/2,11-11-10-9,34.8,32.4,8,510(+2),01086,[東]斎藤誠,170800,ロードホースクラブ,,"11,10,5,7,6,9(2,1)4,8,3",11,1,10.5,False,"11,10,5,7,6,9,2,1,4,8,3",11,1,15.0,False,"(*1,11)10(5,7)(2,9)6,4(3,8)",10,2,1.5,False,"1,11(5,10)7(6,2,9)(3,4)8",9,2,1.5,False,-5,前日とほぼ同レベルで、やや速めの時計が出る馬場。
201902020610,10,松前特別(2勝),芝,2000,曇,良,14:50,2019-07-21,函館,7,7,8,2013104025,プレイヤーサムソン,牡6,57,00700,四位洋文,2:02.2,3/4,10-10-10-11,34.8,39.3,9,472(-4),01124,[東]大和田成,399009,嶋田賢,,"11,10,5,7,6,9(2,1)4,8,3",10,1,9.0,False,"11,10,5,7,6,9,2,1,4,8,3",10,1,13.5,False,"(*1,11)10(5,7)(2,9)6,4(3,8)",10,2,1.5,False,"1,11(5,10)7(6,2,9)(3,4)8",11,1,1.5,False,-5,前日とほぼ同レベルで、やや速めの時計が出る馬場。
201902020610,10,松前特別(2勝),芝,2000,曇,良,14:50,2019-07-21,函館,8,6,7,2014102061,ハウエバー,牡5,57,05243,柴山雄一,2:02.2,アタマ,4-4-4-5,35.5,24.5,7,426(-4),01114,[東]和田正一,768005,古賀和夫,,"11,10,5,7,6,9(2,1)4,8,3",4,1,4.5,False,"11,10,5,7,6,9,2,1,4,8,3",4,1,4.5,False,"(*1,11)10(5,7)(2,9)6,4(3,8)",4,2,0.0,False,"1,11(5,10)7(6,2,9)(3,4)8",5,1,1.5,False,-5,前日とほぼ同レベルで、やや速めの時計が出る馬場。
201902020610,10,松前特別(2勝),芝,2000,曇,良,14:50,2019-07-21,函館,9,7,9,2014101955,スワーヴノートン,牡5,57,01095,吉田隼人,2:02.3,クビ,6-6-6-6,35.5,15.1,4,486(-2),01162,[東]田中博康,887800,ＮＩＣＫＳ,,"11,10,5,7,6,9(2,1)4,8,3",6,1,7.5,False,"11,10,5,7,6,9,2,1,4,8,3",6,1,7.5,False,"(*1,11)10(5,7)(2,9)6,4(3,8)",6,2,0.0,False,"1,11(5,10)7(6,2,9)(3,4)8",6,3,1.5,False,-5,前日とほぼ同レベルで、やや速めの時計が出る馬場。
201902020610,10,松前特別(2勝),芝,2000,曇,良,14:50,2019-07-21,函館,10,6,6,2014102449,トミケンボハテル,牡5,57,01091,丹内祐次,2:02.3,ハナ,5-5-8-6,35.4,22.0,6,502(+8),01089,[東]武市康男,901007,冨樫賢二,,"11,10,5,7,6,9(2,1)4,8,3",5,1,6.0,False,"11,10,5,7,6,9,2,1,4,8,3",5,1,6.0,False,"(*1,11)10(5,7)(2,9)6,4(3,8)",8,1,0.0,False,"1,11(5,10)7(6,2,9)(3,4)8",6,3,1.5,False,-5,前日とほぼ同レベルで、やや速めの時計が出る馬場。
201902020610,10,松前特別(2勝),芝,2000,曇,良,14:50,2019-07-21,函館,11,8,10,2013100677,ピッツバーグ,セ6,57,01085,松岡正海,2:02.3,クビ,2-2-3-3,35.8,59.0,11,490(-2),01075,[西]矢作芳人,877800,ラ・メール,,"11,10,5,7,6,9(2,1)4,8,3",2,1,1.5,False,"11,10,5,7,6,9,2,1,4,8,3",2,1,1.5,False,"(*1,11)10(5,7)(2,9)6,4(3,8)",3,1,0.0,False,"1,11(5,10)7(6,2,9)(3,4)8",3,2,1.5,False,-5,前日とほぼ同レベルで、やや速めの時計が出る馬場。
201902020611,11,第51回函館2歳S(GIII),芝,1200,曇,良,15:25,2019-07-21,函館,1,1,1,2017101832,ビアンフェ,牡2,54,01093,藤岡佑介,1:09.2,,1-1,35.6,7.0,4,510(+4),01039,[西]中竹和也,117031,前田幸貴,"3,156.0",,,,,,,,,,,"1,4(2,8,15)12(6,11,16)-(3,13,14)5,7,10   9",1,1,0.0,False,"1(4,15)(2,8)6(12,11,16)3,13(5,7)14=10   9",1,1,0.0,False,-5,前日とほぼ同レベルで、やや速めの時計が出る馬場。
201902020611,11,第51回函館2歳S(GIII),芝,1200,曇,良,15:25,2019-07-21,函館,2,3,5,2017105406,タイセイビジョン,牡2,54,05339,ルメール,1:09.5,1.3/4,13-12,34.7,4.1,2,456(+2),01148,[西]西村真幸,224007,田中成奉,"1,216.0",,,,,,,,,,,"1,4(2,8,15)12(6,11,16)-(3,13,14)5,7,10   9",13,1,5.0,False,"1(4,15)(2,8)6(12,11,16)3,13(5,7)14=10   9",12,2,1.5,False,-5,前日とほぼ同レベルで、やや速めの時計が出る馬場。
201902020611,11,第51回函館2歳S(GIII),芝,1200,曇,良,15:25,2019-07-21,函館,3,4,8,2017100661,プリンスリターン,牡2,54,01143,原田和真,1:09.7,1.1/4,3-4,35.8,88.2,11,436(+4),00425,[西]加用正,030803,コスモヴューファーム,788.0,,,,,,,,,,,"1,4(2,8,15)12(6,11,16)-(3,13,14)5,7,10   9",3,3,1.5,False,"1(4,15)(2,8)6(12,11,16)3,13(5,7)14=10   9",4,2,0.0,False,-5,前日とほぼ同レベルで、やや速めの時計が出る馬場。
201902020611,11,第51回函館2歳S(GIII),芝,1200,曇,良,15:25,2019-07-21,函館,4,3,6,2017100765,パフェムリ,牝2,54,01144,菱田裕二,1:09.8,1/2,7-6,35.5,6.1,3,424(+4),01066,[西]岡田稲男,093803,日高大洋牧場,470.0,,,,,,,,,,,"1,4(2,8,15)12(6,11,16)-(3,13,14)5,7,10   9",7,3,1.5,False,"1(4,15)(2,8)6(12,11,16)3,13(5,7)14=10   9",6,1,0.0,False,-5,前日とほぼ同レベルで、やや速めの時計が出る馬場。
201902020611,11,第51回函館2歳S(GIII),芝,1200,曇,良,15:25,2019-07-21,函館,5,2,3,2017105632,レッドヴェイパー,牝2,54,01102,北村友一,1:09.9,3/4,10-10,35.3,2.8,1,410(-2),00438,[西]安田隆行,180800,東京ホースレーシング,310.0,,,,,,,,,,,"1,4(2,8,15)12(6,11,16)-(3,13,14)5,7,10   9",10,3,5.0,False,"1(4,15)(2,8)6(12,11,16)3,13(5,7)14=10   9",10,1,0.0,False,-5,前日とほぼ同レベルで、やや速めの時計が出る馬場。
201902020611,11,第51回函館2歳S(GIII),芝,1200,曇,良,15:25,2019-07-21,函館,6,8,15,2017101151,ブルーパピヨン,牝2,54,01091,丹内祐次,1:10.3,2.1/2,3-2,36.4,45.6,8,440(-4),01112,[東]田島俊明,713005,田島榮二郎,,,,,,,,,,,,"1,4(2,8,15)12(6,11,16)-(3,13,14)5,7,10   9",3,3,1.5,False,"1(4,15)(2,8)6(12,11,16)3,13(5,7)14=10   9",2,2,0.0,False,-5,前日とほぼ同レベルで、やや速めの時計が出る馬場。
201902020611,11,第51回函館2歳S(GIII),芝,1200,曇,良,15:25,2019-07-21,函館,7,4,7,2017102901,メイショウナパワン,牡2,54,00700,四位洋文,1:10.4,クビ,14-12,35.5,114.6,13,458(-2),01139,[西]飯田祐史,523005,松本好雄,,,,,,,,,,,,"1,4(2,8,15)12(6,11,16)-(3,13,14)5,7,10   9",14,1,6.5,False,"1(4,15)(2,8)6(12,11,16)3,13(5,7)14=10   9",12,2,1.5,False,-5,前日とほぼ同レベルで、やや速めの時計が出る馬場。
201902020611,11,第51回函館2歳S(GIII),芝,1200,曇,良,15:25,2019-07-21,函館,8,2,4,2017105814,リュウノゲキリン,牡2,54,01085,松岡正海,1:10.7,2,2-2,37.0,73.1,9,484(+2),01123,[西]牧田和弥,952033,二口雅一,,,,,,,,,,,,"1,4(2,8,15)12(6,11,16)-(3,13,14)5,7,10   9",2,1,1.5,False,"1(4,15)(2,8)6(12,11,16)3,13(5,7)14=10   9",2,2,0.0,False,-5,前日とほぼ同レベルで、やや速めの時計が出る馬場。
201902020611,11,第51回函館2歳S(GIII),芝,1200,曇,良,15:25,2019-07-21,函館,9,7,13,2017103509,プリモジョーカー,牝2,54,05492,阿部龍,1:10.7,アタマ,10-11,36.1,203.8,15,450(-12),05311,[地]角川秀樹,367800,グランド牧場,,,,,,,,,,,,"1,4(2,8,15)12(6,11,16)-(3,13,14)5,7,10   9",10,3,5.0,False,"1(4,15)(2,8)6(12,11,16)3,13(5,7)14=10   9",11,1,1.5,False,-5,前日とほぼ同レベルで、やや速めの時計が出る馬場。
201902020611,11,第51回函館2歳S(GIII),芝,1200,曇,良,15:25,2019-07-21,函館,10,6,11,2017102886,スマートカーリー,牝2,54,00666,武豊,1:10.9,1.1/4,7-7,36.7,9.9,5,456(-10),01105,[西]須貝尚介,007803,大川徹,,,,,,,,,,,,"1,4(2,8,15)12(6,11,16)-(3,13,14)5,7,10   9",7,3,1.5,False,"1(4,15)(2,8)6(12,11,16)3,13(5,7)14=10   9",7,3,0.0,False,-5,前日とほぼ同レベルで、やや速めの時計が出る馬場。
201902020611,11,第51回函館2歳S(GIII),芝,1200,曇,良,15:25,2019-07-21,函館,11,1,2,2017100218,ヤマメ,牝2,54,01116,藤岡康太,1:11.1,1.1/4,3-4,37.2,94.0,12,444(0),01067,[東]久保田貴,302031,越村哲男,,,,,,,,,,,,"1,4(2,8,15)12(6,11,16)-(3,13,14)5,7,10   9",3,3,1.5,False,"1(4,15)(2,8)6(12,11,16)3,13(5,7)14=10   9",4,2,0.0,False,-5,前日とほぼ同レベルで、やや速めの時計が出る馬場。
201902020611,11,第51回函館2歳S(GIII),芝,1200,曇,良,15:25,2019-07-21,函館,12,6,12,2017102160,アザワク,牝2,54,05411,桑村真明,1:11.2,1/2,6-7,37.2,21.5,7,456(-16),05311,[地]角川秀樹,767800,オリオンファーム,,,,,,,,,,,,"1,4(2,8,15)12(6,11,16)-(3,13,14)5,7,10   9",6,1,1.5,False,"1(4,15)(2,8)6(12,11,16)3,13(5,7)14=10   9",7,3,0.0,False,-5,前日とほぼ同レベルで、やや速めの時計が出る馬場。
201902020611,11,第51回函館2歳S(GIII),芝,1200,曇,良,15:25,2019-07-21,函館,13,7,14,2017101474,イーサンティラノ,牡2,54,01015,古川吉洋,1:11.3,1/2,10-14,36.7,83.3,10,444(-10),01044,[西]昆貢,544008,国本勇,,,,,,,,,,,,"1,4(2,8,15)12(6,11,16)-(3,13,14)5,7,10   9",10,3,5.0,False,"1(4,15)(2,8)6(12,11,16)3,13(5,7)14=10   9",14,1,1.5,False,-5,前日とほぼ同レベルで、やや速めの時計が出る馬場。
201902020611,11,第51回函館2歳S(GIII),芝,1200,曇,良,15:25,2019-07-21,函館,14,8,16,2017101885,ゴッドスター,牡2,54,01032,池添謙一,1:11.4,クビ,7-7,37.2,17.1,6,484(-16),01150,[東]池上昌和,788800,ノースヒルズ,,,,,,,,,,,,"1,4(2,8,15)12(6,11,16)-(3,13,14)5,7,10   9",7,3,1.5,False,"1(4,15)(2,8)6(12,11,16)3,13(5,7)14=10   9",7,3,0.0,False,-5,前日とほぼ同レベルで、やや速めの時計が出る馬場。
201902020611,11,第51回函館2歳S(GIII),芝,1200,曇,良,15:25,2019-07-21,函館,15,5,10,2017100161,バブルガムダンサー,牝2,54,05203,岩田康誠,1:12.1,4,15-15,36.9,120.4,14,514(-10),05311,[地]角川秀樹,311803,ＭＢＲ,,,,,,,,,,,,"1,4(2,8,15)12(6,11,16)-(3,13,14)5,7,10   9",15,1,8.0,False,"1(4,15)(2,8)6(12,11,16)3,13(5,7)14=10   9",15,1,7.5,False,-5,前日とほぼ同レベルで、やや速めの時計が出る馬場。
201902020611,11,第51回函館2歳S(GIII),芝,1200,曇,良,15:25,2019-07-21,函館,除,5,9,2017101921,マンバー,牝2,54,01124,国分恭介,,,,,---,,458(0),01010,[東]中野栄治,027803,ブルースターズファー...,,,,,,,,,,,,"1,4(2,8,15)12(6,11,16)-(3,13,14)5,7,10   9",16,1,14.0,False,"1(4,15)(2,8)6(12,11,16)3,13(5,7)14=10   9",16,1,13.5,False,-5,前日とほぼ同レベルで、やや速めの時計が出る馬場。
201902020612,12,潮騒特別(2勝),芝,1200,曇,良,16:05,2019-07-21,函館,1,4,7,2016101340,アスタールビー,牝3,52,01015,古川吉洋,1:08.6,,1-1,35.0,3.0,2,436(+2),01049,[西]南井克巳,935003,加藤久枝,"1,533.6",,,,,,,,,,,"7,9(8,2)(3,10,13)(6,14)15(1,4)(5,11)-12",1,1,0.0,False,"7,9(2,13)8(3,14)(6,10,15)(1,5,4,11)=12",1,1,0.0,False,-5,前日とほぼ同レベルで、やや速めの時計が出る馬場。
201902020612,12,潮騒特別(2勝),芝,1200,曇,良,16:05,2019-07-21,函館,2,5,9,2016101465,スギノヴォルケーノ,牡3,54,05203,岩田康誠,1:08.8,1.1/2,2-2,35.0,2.7,1,494(+2),01110,[西]清水久詞,053803,杉山忠国,609.6,,,,,,,,,,,"7,9(8,2)(3,10,13)(6,14)15(1,4)(5,11)-12",2,1,1.5,False,"7,9(2,13)8(3,14)(6,10,15)(1,5,4,11)=12",2,1,1.5,False,-5,前日とほぼ同レベルで、やや速めの時計が出る馬場。
201902020612,12,潮騒特別(2勝),芝,1200,曇,良,16:05,2019-07-21,函館,3,4,6,2012102808,イキオイ,牡7,54,01091,丹内祐次,1:09.0,1.1/4,8-8,34.4,30.8,8,446(-8),01008,[東]杉浦宏昭,537006,西村憲人,384.8,,,,,,,,,,,"7,9(8,2)(3,10,13)(6,14)15(1,4)(5,11)-12",8,2,1.5,False,"7,9(2,13)8(3,14)(6,10,15)(1,5,4,11)=12",8,3,1.5,False,-5,前日とほぼ同レベルで、やや速めの時計が出る馬場。
201902020612,12,潮騒特別(2勝),芝,1200,曇,良,16:05,2019-07-21,函館,4,8,15,2014104249,アリンナ,牝5,53,05411,桑村真明,1:09.1,クビ,10-8,34.4,17.3,5,436(-2),00423,[東]上原博之,854800,ノルマンディーサラブ...,230.0,,,,,,,,,,,"7,9(8,2)(3,10,13)(6,14)15(1,4)(5,11)-12",10,1,1.5,False,"7,9(2,13)8(3,14)(6,10,15)(1,5,4,11)=12",8,3,1.5,False,-5,前日とほぼ同レベルで、やや速めの時計が出る馬場。
201902020612,12,潮騒特別(2勝),芝,1200,曇,良,16:05,2019-07-21,函館,5,2,3,2013110119,ベリースコール,セ6,53,01109,黛弘人,1:09.3,1,5-6,35.0,33.3,10,490(-2),01155,[西]渡辺薫彦,464030,田畑利彦,150.0,,,,,,,,,,,"7,9(8,2)(3,10,13)(6,14)15(1,4)(5,11)-12",5,3,1.5,False,"7,9(2,13)8(3,14)(6,10,15)(1,5,4,11)=12",6,2,1.5,False,-5,前日とほぼ同レベルで、やや速めの時計が出る馬場。
201902020612,12,潮騒特別(2勝),芝,1200,曇,良,16:05,2019-07-21,函館,6,3,4,2014104880,モンテヴェルデ,牡5,54,00700,四位洋文,1:09.3,クビ,11-11,34.4,8.0,3,476(+2),01044,[西]昆貢,534006,寺田千代乃,,,,,,,,,,,,"7,9(8,2)(3,10,13)(6,14)15(1,4)(5,11)-12",11,2,1.5,False,"7,9(2,13)8(3,14)(6,10,15)(1,5,4,11)=12",11,4,1.5,False,-5,前日とほぼ同レベルで、やや速めの時計が出る馬場。
201902020612,12,潮騒特別(2勝),芝,1200,曇,良,16:05,2019-07-21,函館,7,3,5,2014104261,シュエットヌーベル,牝5,52,01116,藤岡康太,1:09.3,ハナ,13-11,34.2,18.1,6,460(-2),01091,[西]羽月友彦,854800,ノルマンディーサラブ...,,,,,,,,,,,,"7,9(8,2)(3,10,13)(6,14)15(1,4)(5,11)-12",13,2,1.5,False,"7,9(2,13)8(3,14)(6,10,15)(1,5,4,11)=12",11,4,1.5,False,-5,前日とほぼ同レベルで、やや速めの時計が出る馬場。
201902020612,12,潮騒特別(2勝),芝,1200,曇,良,16:05,2019-07-21,函館,8,8,14,2014105282,ハイヤーアプシス,牝5,52,00666,武豊,1:09.4,1/2,8-6,34.9,11.8,4,446(+2),01097,[東]鹿戸雄一,231033,吉田晴哉,,,,,,,,,,,,"7,9(8,2)(3,10,13)(6,14)15(1,4)(5,11)-12",8,2,1.5,False,"7,9(2,13)8(3,14)(6,10,15)(1,5,4,11)=12",6,2,1.5,False,-5,前日とほぼ同レベルで、やや速めの時計が出る馬場。
201902020612,12,潮騒特別(2勝),芝,1200,曇,良,16:05,2019-07-21,函館,9,6,11,2012103844,ジェットコルサ,牡7,54,01170,横山武史,1:09.4,クビ,13-11,34.3,36.4,11,482(+8),01132,[東]金成貴史,566006,尾上松壽,,,,,,,,,,,,"7,9(8,2)(3,10,13)(6,14)15(1,4)(5,11)-12",13,2,1.5,False,"7,9(2,13)8(3,14)(6,10,15)(1,5,4,11)=12",11,4,1.5,False,-5,前日とほぼ同レベルで、やや速めの時計が出る馬場。
201902020612,12,潮騒特別(2勝),芝,1200,曇,良,16:05,2019-07-21,函館,10,7,13,2015103893,ミトノアミーゴ,牡4,55,01032,池添謙一,1:09.4,ハナ,5-3,35.1,39.8,13,454(-6),01161,[西]武英智,018700,ロイヤルパーク,,,,,,,,,,,,"7,9(8,2)(3,10,13)(6,14)15(1,4)(5,11)-12",5,3,1.5,False,"7,9(2,13)8(3,14)(6,10,15)(1,5,4,11)=12",3,2,1.5,False,-5,前日とほぼ同レベルで、やや速めの時計が出る馬場。
201902020612,12,潮騒特別(2勝),芝,1200,曇,良,16:05,2019-07-21,函館,11,1,1,2015103195,キングキングキング,セ4,54,01169,武藤雅,1:09.6,1.1/2,11-11,34.7,33.1,9,476(-8),00399,[東]国枝栄,399009,嶋田賢,,,,,,,,,,,,"7,9(8,2)(3,10,13)(6,14)15(1,4)(5,11)-12",11,2,1.5,False,"7,9(2,13)8(3,14)(6,10,15)(1,5,4,11)=12",11,4,1.5,False,-5,前日とほぼ同レベルで、やや速めの時計が出る馬場。
201902020612,12,潮騒特別(2勝),芝,1200,曇,良,16:05,2019-07-21,函館,12,2,2,2014102733,ロイヤルメジャー,牝5,54,01085,松岡正海,1:09.7,1/2,3-3,35.6,37.4,12,448(-4),00388,[西]山内研二,694008,本間茂,,,,,,,,,,,,"7,9(8,2)(3,10,13)(6,14)15(1,4)(5,11)-12",3,2,1.5,False,"7,9(2,13)8(3,14)(6,10,15)(1,5,4,11)=12",3,2,1.5,False,-5,前日とほぼ同レベルで、やや速めの時計が出る馬場。
201902020612,12,潮騒特別(2勝),芝,1200,曇,良,16:05,2019-07-21,函館,13,6,10,2014103015,パッションチカ,牝5,51,01156,加藤祥太,1:09.7,クビ,5-8,35.4,108.4,14,448(+4),01009,[西]田所秀孝,609009,冨沢敦子,,,,,,,,,,,,"7,9(8,2)(3,10,13)(6,14)15(1,4)(5,11)-12",5,3,1.5,False,"7,9(2,13)8(3,14)(6,10,15)(1,5,4,11)=12",8,3,1.5,False,-5,前日とほぼ同レベルで、やや速めの時計が出る馬場。
201902020612,12,潮騒特別(2勝),芝,1200,曇,良,16:05,2019-07-21,函館,14,5,8,2016102897,ホッコーシェルビー,牡3,53,01095,吉田隼人,1:10.0,1.3/4,3-5,35.9,24.9,7,494(-4),01016,[西]西浦勝一,057803,北幸商事,,,,,,,,,,,,"7,9(8,2)(3,10,13)(6,14)15(1,4)(5,11)-12",3,2,1.5,False,"7,9(2,13)8(3,14)(6,10,15)(1,5,4,11)=12",5,1,1.5,False,-5,前日とほぼ同レベルで、やや速めの時計が出る馬場。
201902020612,12,潮騒特別(2勝),芝,1200,曇,良,16:05,2019-07-21,函館,15,7,12,2013102841,プッシュアゲン,牡6,53,01179,菅原明良,1:10.2,1.1/4,15-15,34.4,114.4,15,496(-12),01010,[東]中野栄治,350004,浅川皓司,,,,,,,,,,,,"7,9(8,2)(3,10,13)(6,14)15(1,4)(5,11)-12",15,1,5.0,False,"7,9(2,13)8(3,14)(6,10,15)(1,5,4,11)=12",15,1,7.5,False,-5,前日とほぼ同レベルで、やや速めの時計が出る馬場。
