race_id,race_number,race_name,surface,distance_m,weather,going,start_time,race_date,racecourse,finish_pos,waku,umaban,horse_id,horse_name,sex_age,kinryo,jockey_id,jockey_name,time,margin,passing_order,last_3f,odds_final,popularity,weight,trainer_id,trainer_name,owner_id,owner_name,prize,corner1_raw,corner1_rank,corner1_group_size,corner1_gap_len_est,corner1_is_leader,corner2_raw,corner2_rank,corner2_group_size,corner2_gap_len_est,corner2_is_leader,corner3_raw,corner3_rank,corner3_group_size,corner3_gap_len_est,corner3_is_leader,corner4_raw,corner4_rank,corner4_group_size,corner4_gap_len_est,corner4_is_leader,track_index,track_comment
201906030801,1,3歳未勝利,ダ,1800,晴,良,10:05,2019-04-14,中山,1,4,8,2016104992,キャンディスイート,牝3,54,00660,横山典弘,1:56.2,,2-2-2-2,38.1,6.3,4,452(+2),01081,[東]中川公成,310007,吉田千津,500.0,"5(8,11)(4,15)(9,16)(2,14)(3,10)-7(6,13)-12=1",2,2,0.0,False,"5,8(4,11)(9,15)(2,16)14,10,3,7(6,13)-12=1",2,1,1.5,False,"(*5,8,11,10)(4,15)(16,7)(9,14)(2,13)3(6,12)=1",2,4,0.0,False,"(*5,8)10(4,15)11,16(9,14,7)-(2,13,12)3,6=1",2,2,0.0,False,-5,
201906030801,1,3歳未勝利,ダ,1800,晴,良,10:05,2019-04-14,中山,2,8,15,2016104029,トゥーフラッシー,牝3,54,05386,戸崎圭太,1:56.5,1.3/4,4-5-5-4,38.1,4.1,2,464(+2),01014,[東]高市圭二,677009,西森鶴,200.0,"5(8,11)(4,15)(9,16)(2,14)(3,10)-7(6,13)-12=1",4,2,0.0,False,"5,8(4,11)(9,15)(2,16)14,10,3,7(6,13)-12=1",5,2,1.5,False,"(*5,8,11,10)(4,15)(16,7)(9,14)(2,13)3(6,12)=1",5,2,0.0,False,"(*5,8)10(4,15)11,16(9,14,7)-(2,13,12)3,6=1",4,2,0.0,False,-5,
201906030801,1,3歳未勝利,ダ,1800,晴,良,10:05,2019-04-14,中山,3,8,16,2016105221,ピチカートポルカ,牝3,54,05212,Ｍ．デム,1:56.7,1.1/4,6-7-7-7,38.2,2.4,1,518(-12),01059,[東]加藤征弘,415800,社台レースホース,130.0,"5(8,11)(4,15)(9,16)(2,14)(3,10)-7(6,13)-12=1",6,2,0.0,False,"5,8(4,11)(9,15)(2,16)14,10,3,7(6,13)-12=1",7,2,1.5,False,"(*5,8,11,10)(4,15)(16,7)(9,14)(2,13)3(6,12)=1",7,2,0.0,False,"(*5,8)10(4,15)11,16(9,14,7)-(2,13,12)3,6=1",7,1,1.5,False,-5,
201906030801,1,3歳未勝利,ダ,1800,晴,良,10:05,2019-04-14,中山,4,3,5,2016105433,トゥインクルリーフ,牝3,54,01014,福永祐一,1:56.8,1/2,1-1-1-1,38.7,5.3,3,444(-2),01108,[東]矢野英一,854800,ノルマンディーサラブ...,75.0,"5(8,11)(4,15)(9,16)(2,14)(3,10)-7(6,13)-12=1",1,1,0.0,False,"5,8(4,11)(9,15)(2,16)14,10,3,7(6,13)-12=1",1,1,0.0,False,"(*5,8,11,10)(4,15)(16,7)(9,14)(2,13)3(6,12)=1",1,4,0.0,True,"(*5,8)10(4,15)11,16(9,14,7)-(2,13,12)3,6=1",1,2,0.0,True,-5,
201906030801,1,3歳未勝利,ダ,1800,晴,良,10:05,2019-04-14,中山,5,5,10,2016104598,グリグリ,牝3,54,00666,武豊,1:57.2,2.1/2,10-10-2-3,39.1,7.8,5,494(0),01145,[東]奥村武,345033,増田和啓,50.0,"5(8,11)(4,15)(9,16)(2,14)(3,10)-7(6,13)-12=1",10,2,0.0,False,"5,8(4,11)(9,15)(2,16)14,10,3,7(6,13)-12=1",10,1,3.0,False,"(*5,8,11,10)(4,15)(16,7)(9,14)(2,13)3(6,12)=1",2,4,0.0,False,"(*5,8)10(4,15)11,16(9,14,7)-(2,13,12)3,6=1",3,1,0.0,False,-5,
201906030801,1,3歳未勝利,ダ,1800,晴,良,10:05,2019-04-14,中山,6,2,4,2016100602,ララムリ,牝3,54,01122,三浦皇成,1:57.5,1.3/4,4-3-5-4,39.1,41.1,7,420(+8),01114,[東]和田正一,245030,前田葉子,,"5(8,11)(4,15)(9,16)(2,14)(3,10)-7(6,13)-12=1",4,2,0.0,False,"5,8(4,11)(9,15)(2,16)14,10,3,7(6,13)-12=1",3,2,1.5,False,"(*5,8,11,10)(4,15)(16,7)(9,14)(2,13)3(6,12)=1",5,2,0.0,False,"(*5,8)10(4,15)11,16(9,14,7)-(2,13,12)3,6=1",4,2,0.0,False,-5,
201906030801,1,3歳未勝利,ダ,1800,晴,良,10:05,2019-04-14,中山,7,4,7,2016104664,ステリーナ,牝3,54,01077,石橋脩,1:57.6,3/4,12-12-7-8,39.1,27.9,6,450(0),01124,[東]大和田成,506800,シルクレーシング,,"5(8,11)(4,15)(9,16)(2,14)(3,10)-7(6,13)-12=1",12,1,3.5,False,"5,8(4,11)(9,15)(2,16)14,10,3,7(6,13)-12=1",12,1,6.0,False,"(*5,8,11,10)(4,15)(16,7)(9,14)(2,13)3(6,12)=1",7,2,0.0,False,"(*5,8)10(4,15)11,16(9,14,7)-(2,13,12)3,6=1",8,3,1.5,False,-5,
201906030801,1,3歳未勝利,ダ,1800,晴,良,10:05,2019-04-14,中山,8,7,13,2016103922,ノアキセキ,牝3,54,00689,江田照男,1:58.2,3.1/2,13-13-11-11,39.4,171.6,12,448(-8),01012,[東]大江原哲,861002,佐山公男,,"5(8,11)(4,15)(9,16)(2,14)(3,10)-7(6,13)-12=1",13,2,3.5,False,"5,8(4,11)(9,15)(2,16)14,10,3,7(6,13)-12=1",13,2,6.0,False,"(*5,8,11,10)(4,15)(16,7)(9,14)(2,13)3(6,12)=1",11,2,0.0,False,"(*5,8)10(4,15)11,16(9,14,7)-(2,13,12)3,6=1",11,3,5.0,False,-5,
201906030801,1,3歳未勝利,ダ,1800,晴,良,10:05,2019-04-14,中山,9,6,11,2016102778,アポロノワキザシ,牝3,54,01025,勝浦正樹,1:58.4,1,2-3-2-6,40.2,111.8,11,482(+4),01127,[東]栗田徹,033700,アポロサラブレッドク...,,"5(8,11)(4,15)(9,16)(2,14)(3,10)-7(6,13)-12=1",2,2,0.0,False,"5,8(4,11)(9,15)(2,16)14,10,3,7(6,13)-12=1",3,2,1.5,False,"(*5,8,11,10)(4,15)(16,7)(9,14)(2,13)3(6,12)=1",2,4,0.0,False,"(*5,8)10(4,15)11,16(9,14,7)-(2,13,12)3,6=1",6,1,0.0,False,-5,
201906030801,1,3歳未勝利,ダ,1800,晴,良,10:05,2019-04-14,中山,10,1,2,2016101224,ココリジャスミン,牝3,52,01158,野中悠太,1:58.6,1.1/4,8-7-11-11,39.9,110.1,10,456(0),01079,[東]古賀慎明,675033,美崎光二郎,,"5(8,11)(4,15)(9,16)(2,14)(3,10)-7(6,13)-12=1",8,2,0.0,False,"5,8(4,11)(9,15)(2,16)14,10,3,7(6,13)-12=1",7,2,1.5,False,"(*5,8,11,10)(4,15)(16,7)(9,14)(2,13)3(6,12)=1",11,2,0.0,False,"(*5,8)10(4,15)11,16(9,14,7)-(2,13,12)3,6=1",11,3,5.0,False,-5,
201906030801,1,3歳未勝利,ダ,1800,晴,良,10:05,2019-04-14,中山,11,7,14,2016101467,エレガントクラウン,牝3,52,01161,菊沢一樹,1:58.6,ハナ,8-9-9-8,40.0,275.3,14,450(-2),01102,[東]大竹正博,053803,杉山忠国,,"5(8,11)(4,15)(9,16)(2,14)(3,10)-7(6,13)-12=1",8,2,0.0,False,"5,8(4,11)(9,15)(2,16)14,10,3,7(6,13)-12=1",9,1,1.5,False,"(*5,8,11,10)(4,15)(16,7)(9,14)(2,13)3(6,12)=1",9,2,0.0,False,"(*5,8)10(4,15)11,16(9,14,7)-(2,13,12)3,6=1",8,3,1.5,False,-5,
201906030801,1,3歳未勝利,ダ,1800,晴,良,10:05,2019-04-14,中山,12,5,9,2016103820,トーセングラート,牝3,54,01109,黛弘人,1:59.0,2.1/2,6-5-9-8,40.4,55.0,8,458(+10),00420,[東]宗像義忠,270006,島川隆哉,,"5(8,11)(4,15)(9,16)(2,14)(3,10)-7(6,13)-12=1",6,2,0.0,False,"5,8(4,11)(9,15)(2,16)14,10,3,7(6,13)-12=1",5,2,1.5,False,"(*5,8,11,10)(4,15)(16,7)(9,14)(2,13)3(6,12)=1",9,2,0.0,False,"(*5,8)10(4,15)11,16(9,14,7)-(2,13,12)3,6=1",8,3,1.5,False,-5,
201906030801,1,3歳未勝利,ダ,1800,晴,良,10:05,2019-04-14,中山,13,6,12,2016103514,クリキンツバ,牝3,54,01029,武士沢友,1:59.4,2.1/2,15-15-14-11,40.3,371.5,15,456(0),01030,[東]星野忍,855030,田頭勇貴,,"5(8,11)(4,15)(9,16)(2,14)(3,10)-7(6,13)-12=1",15,1,7.0,False,"5,8(4,11)(9,15)(2,16)14,10,3,7(6,13)-12=1",15,1,9.5,False,"(*5,8,11,10)(4,15)(16,7)(9,14)(2,13)3(6,12)=1",14,2,0.0,False,"(*5,8)10(4,15)11,16(9,14,7)-(2,13,12)3,6=1",11,3,5.0,False,-5,
201906030801,1,3歳未勝利,ダ,1800,晴,良,10:05,2019-04-14,中山,14,2,3,2016101677,ジャーネジャーネ,牝3,51,01179,菅原明良,1:59.6,1.1/4,10-11-13-14,40.6,261.1,13,492(-2),01084,[西]梅田智之,037803,廣崎利洋ＨＤ,,"5(8,11)(4,15)(9,16)(2,14)(3,10)-7(6,13)-12=1",10,2,0.0,False,"5,8(4,11)(9,15)(2,16)14,10,3,7(6,13)-12=1",11,1,4.5,False,"(*5,8,11,10)(4,15)(16,7)(9,14)(2,13)3(6,12)=1",13,1,0.0,False,"(*5,8)10(4,15)11,16(9,14,7)-(2,13,12)3,6=1",14,1,5.0,False,-5,
201906030801,1,3歳未勝利,ダ,1800,晴,良,10:05,2019-04-14,中山,15,3,6,2016103580,エスクリトーラス,牝3,51,01175,大塚海渡,1:59.6,アタマ,13-13-14-15,40.4,449.5,16,440(-4),01143,[東]和田雄二,446006,加藤厚子,,"5(8,11)(4,15)(9,16)(2,14)(3,10)-7(6,13)-12=1",13,2,3.5,False,"5,8(4,11)(9,15)(2,16)14,10,3,7(6,13)-12=1",13,2,6.0,False,"(*5,8,11,10)(4,15)(16,7)(9,14)(2,13)3(6,12)=1",14,2,0.0,False,"(*5,8)10(4,15)11,16(9,14,7)-(2,13,12)3,6=1",15,1,6.5,False,-5,
201906030801,1,3歳未勝利,ダ,1800,晴,良,10:05,2019-04-14,中山,16,1,1,2016102429,ルンルンヘレンド,牝3,54,01009,柴田大知,2:05.4,大,16-16-16-16,43.3,68.3,9,472(0),01093,[東]松永康利,117800,高昭牧場,,"5(8,11)(4,15)(9,16)(2,14)(3,10)-7(6,13)-12=1",16,1,13.0,False,"5,8(4,11)(9,15)(2,16)14,10,3,7(6,13)-12=1",16,1,15.5,False,"(*5,8,11,10)(4,15)(16,7)(9,14)(2,13)3(6,12)=1",16,1,6.0,False,"(*5,8)10(4,15)11,16(9,14,7)-(2,13,12)3,6=1",16,1,12.5,False,-5,
201906030802,2,3歳未勝利,ダ,1200,晴,良,10:30,2019-04-14,中山,1,7,13,2016105685,ハニーディスタフ,牝3,54,05386,戸崎圭太,1:13.5,,3-2,37.9,5.0,3,494(+4),01023,[東]伊藤圭三,547800,ヒダカ・ブリーダーズ...,500.0,,,,,,,,,,,"(*1,11)13,5(6,7,14)8(2,4)10(9,12,15)=(3,16)",3,1,0.0,False,"1(11,13)5-(6,7)14(2,8)(9,4)15,12,10-16,3",2,2,0.0,False,-3,
201906030802,2,3歳未勝利,ダ,1200,晴,良,10:30,2019-04-14,中山,2,1,1,2016103215,スマートエリス,牝3,54,01088,川田将雅,1:13.6,3/4,1-1,38.1,1.8,1,486(+4),01103,[東]尾関知人,007803,大川徹,200.0,,,,,,,,,,,"(*1,11)13,5(6,7,14)8(2,4)10(9,12,15)=(3,16)",1,2,0.0,True,"1(11,13)5-(6,7)14(2,8)(9,4)15,12,10-16,3",1,1,0.0,False,-3,
201906030802,2,3歳未勝利,ダ,1200,晴,良,10:30,2019-04-14,中山,3,3,5,2016103409,ジェイエルフラッグ,牝3,54,01075,田辺裕信,1:13.8,3/4,4-4,38.1,38.3,7,428(0),00405,[東]小西一男,173033,橋元幸人,130.0,,,,,,,,,,,"(*1,11)13,5(6,7,14)8(2,4)10(9,12,15)=(3,16)",4,1,1.5,False,"1(11,13)5-(6,7)14(2,8)(9,4)15,12,10-16,3",4,1,0.0,False,-3,
201906030802,2,3歳未勝利,ダ,1200,晴,良,10:30,2019-04-14,中山,4,2,4,2016103458,カシノラウト,牡3,53,01175,大塚海渡,1:14.1,1.3/4,9-10,38.0,277.4,14,482(0),01143,[東]和田雄二,514009,柏木務,75.0,,,,,,,,,,,"(*1,11)13,5(6,7,14)8(2,4)10(9,12,15)=(3,16)",9,2,1.5,False,"1(11,13)5-(6,7)14(2,8)(9,4)15,12,10-16,3",10,2,3.5,False,-3,
201906030802,2,3歳未勝利,ダ,1200,晴,良,10:30,2019-04-14,中山,5,6,11,2016101329,アイアンユウキャン,牡3,56,00689,江田照男,1:14.1,クビ,2-2,38.6,5.0,2,522(-2),01056,[東]本間忍,780006,池上一馬,50.0,,,,,,,,,,,"(*1,11)13,5(6,7,14)8(2,4)10(9,12,15)=(3,16)",2,2,0.0,False,"1(11,13)5-(6,7)14(2,8)(9,4)15,12,10-16,3",2,2,0.0,False,-3,
201906030802,2,3歳未勝利,ダ,1200,晴,良,10:30,2019-04-14,中山,6,5,9,2016102346,レイナプルーマ,牝3,54,01122,三浦皇成,1:14.4,2,12-10,37.7,25.0,6,456(+4),00423,[東]上原博之,281008,水上ふじ子,,,,,,,,,,,,"(*1,11)13,5(6,7,14)8(2,4)10(9,12,15)=(3,16)",12,3,1.5,False,"1(11,13)5-(6,7)14(2,8)(9,4)15,12,10-16,3",10,2,3.5,False,-3,
201906030802,2,3歳未勝利,ダ,1200,晴,良,10:30,2019-04-14,中山,7,7,14,2016100077,セイウンメラビリア,牝3,54,01031,村田一誠,1:14.5,1/2,5-7,38.7,41.6,9,476(+4),01153,[東]中舘英二,897009,西山茂行,,,,,,,,,,,,"(*1,11)13,5(6,7,14)8(2,4)10(9,12,15)=(3,16)",5,3,1.5,False,"1(11,13)5-(6,7)14(2,8)(9,4)15,12,10-16,3",7,1,3.5,False,-3,
201906030802,2,3歳未勝利,ダ,1200,晴,良,10:30,2019-04-14,中山,8,8,15,2016100168,バシクンレッツゴー,牡3,56,01126,松山弘平,1:14.6,1/2,12-12,38.0,53.0,10,488(-4),01036,[東]高橋義博,132007,石橋英郎,,,,,,,,,,,,"(*1,11)13,5(6,7,14)8(2,4)10(9,12,15)=(3,16)",12,3,1.5,False,"1(11,13)5-(6,7)14(2,8)(9,4)15,12,10-16,3",12,1,3.5,False,-3,
201906030802,2,3歳未勝利,ダ,1200,晴,良,10:30,2019-04-14,中山,9,8,16,2016105554,ゴールドブリオン,牡3,53,01179,菅原明良,1:14.9,1.3/4,15-15,37.3,445.7,15,406(-4),01080,[東]清水英克,399009,嶋田賢,,,,,,,,,,,,"(*1,11)13,5(6,7,14)8(2,4)10(9,12,15)=(3,16)",15,2,7.5,False,"1(11,13)5-(6,7)14(2,8)(9,4)15,12,10-16,3",15,1,10.0,False,-3,
201906030802,2,3歳未勝利,ダ,1200,晴,良,10:30,2019-04-14,中山,10,4,8,2016104037,ハーモニービート,セ3,54,01161,菊沢一樹,1:15.0,1/2,8-8,39.1,133.5,11,488(-26),01068,[東]小島茂之,641030,日下部勝徳,,,,,,,,,,,,"(*1,11)13,5(6,7,14)8(2,4)10(9,12,15)=(3,16)",8,1,1.5,False,"1(11,13)5-(6,7)14(2,8)(9,4)15,12,10-16,3",8,2,3.5,False,-3,
201906030802,2,3歳未勝利,ダ,1200,晴,良,10:30,2019-04-14,中山,11,1,2,2016102931,ルナフラッシュ,牝3,52,01158,野中悠太,1:15.0,クビ,9-8,38.9,15.9,5,444(+2),01064,[東]武藤善則,313008,友水達也,,,,,,,,,,,,"(*1,11)13,5(6,7,14)8(2,4)10(9,12,15)=(3,16)",9,2,1.5,False,"1(11,13)5-(6,7)14(2,8)(9,4)15,12,10-16,3",8,2,3.5,False,-3,
201906030802,2,3歳未勝利,ダ,1200,晴,良,10:30,2019-04-14,中山,12,4,7,2016100154,イニシアティブ,牡3,56,01025,勝浦正樹,1:15.1,1/2,5-5,39.3,11.4,4,484(-2),00412,[東]高橋裕,677009,西森鶴,,,,,,,,,,,,"(*1,11)13,5(6,7,14)8(2,4)10(9,12,15)=(3,16)",5,3,1.5,False,"1(11,13)5-(6,7)14(2,8)(9,4)15,12,10-16,3",5,2,3.5,False,-3,
201906030802,2,3歳未勝利,ダ,1200,晴,良,10:30,2019-04-14,中山,13,2,3,2016100860,ハーモニーブレイブ,牡3,55,01162,木幡巧也,1:15.8,4,15-16,38.3,246.7,13,420(-14),01106,[東]牧光二,641030,日下部勝徳,,,,,,,,,,,,"(*1,11)13,5(6,7,14)8(2,4)10(9,12,15)=(3,16)",15,2,7.5,False,"1(11,13)5-(6,7)14(2,8)(9,4)15,12,10-16,3",16,1,11.5,False,-3,
201906030802,2,3歳未勝利,ダ,1200,晴,良,10:30,2019-04-14,中山,14,3,6,2016102268,ケイツールフィヤ,牝3,54,01119,伊藤工真,1:15.8,アタマ,5-5,40.0,244.0,12,446(+6),01012,[東]大江原哲,103006,楠本勝美,,,,,,,,,,,,"(*1,11)13,5(6,7,14)8(2,4)10(9,12,15)=(3,16)",5,3,1.5,False,"1(11,13)5-(6,7)14(2,8)(9,4)15,12,10-16,3",5,2,3.5,False,-3,
201906030802,2,3歳未勝利,ダ,1200,晴,良,10:30,2019-04-14,中山,15,6,12,2016100404,オンマイオウン,牝3,54,01118,宮崎北斗,1:16.1,1.3/4,12-13,39.4,714.9,16,472(+2),01063,[東]的場均,855030,田頭勇貴,,,,,,,,,,,,"(*1,11)13,5(6,7,14)8(2,4)10(9,12,15)=(3,16)",12,3,1.5,False,"1(11,13)5-(6,7)14(2,8)(9,4)15,12,10-16,3",13,1,5.0,False,-3,
201906030802,2,3歳未勝利,ダ,1200,晴,良,10:30,2019-04-14,中山,16,5,10,2016101584,ペイシャパシャ,牝3,54,01051,嘉藤貴行,1:16.4,1.3/4,11-14,40.1,40.4,8,434(-8),01014,[東]高市圭二,163002,北所直人,,,,,,,,,,,,"(*1,11)13,5(6,7,14)8(2,4)10(9,12,15)=(3,16)",11,1,1.5,False,"1(11,13)5-(6,7)14(2,8)(9,4)15,12,10-16,3",14,1,6.5,False,-3,
201906030803,3,3歳未勝利,ダ,1800,晴,良,11:00,2019-04-14,中山,1,1,1,2016106535,オオゾラ,牡3,56,01150,石川裕紀,1:55.4,,1-1-1-1,39.1,1.9,1,524(-4),01020,[東]相沢郁,411030,平口信行,500.0,"(*1,11)14-(2,8,12)(7,13)-(3,10)-9-6-5-4",1,2,0.0,True,"(*1,11)(14,12)(8,13)7,2(3,10)-9-6-5-4",1,2,0.0,True,"1,9(14,11,12,13)(8,7)(3,10)(2,6,5)-4",1,1,0.0,False,"1,9-(14,13)(8,7)(3,10)11,6(2,5)12-4",1,1,0.0,False,-4,
201906030803,3,3歳未勝利,ダ,1800,晴,良,11:00,2019-04-14,中山,2,8,13,2016101497,ベルウッドヒビキ,牡3,56,01109,黛弘人,1:55.9,3,7-5-3-3,39.2,22.3,6,482(-2),01143,[東]和田雄二,137030,鈴木照雄,200.0,"(*1,11)14-(2,8,12)(7,13)-(3,10)-9-6-5-4",7,2,3.5,False,"(*1,11)(14,12)(8,13)7,2(3,10)-9-6-5-4",5,2,0.0,False,"1,9(14,11,12,13)(8,7)(3,10)(2,6,5)-4",3,4,1.5,False,"1,9-(14,13)(8,7)(3,10)11,6(2,5)12-4",3,2,5.0,False,-4,
201906030803,3,3歳未勝利,ダ,1800,晴,良,11:00,2019-04-14,中山,3,5,8,2016104709,トラインコンパス,牡3,56,01126,松山弘平,1:56.2,2,4-5-7-5,39.3,15.9,5,430(-2),01076,[東]小笠倫弘,808800,Ｇ１レーシング,130.0,"(*1,11)14-(2,8,12)(7,13)-(3,10)-9-6-5-4",4,3,3.5,False,"(*1,11)(14,12)(8,13)7,2(3,10)-9-6-5-4",5,2,0.0,False,"1,9(14,11,12,13)(8,7)(3,10)(2,6,5)-4",7,2,1.5,False,"1,9-(14,13)(8,7)(3,10)11,6(2,5)12-4",5,2,5.0,False,-4,
201906030803,3,3歳未勝利,ダ,1800,晴,良,11:00,2019-04-14,中山,4,6,9,2016103087,タイセイシャトル,牡3,56,05203,岩田康誠,1:56.2,ハナ,11-11-2-2,39.7,3.9,2,472(-6),01086,[東]斎藤誠,224007,田中成奉,75.0,"(*1,11)14-(2,8,12)(7,13)-(3,10)-9-6-5-4",11,1,10.5,False,"(*1,11)(14,12)(8,13)7,2(3,10)-9-6-5-4",11,1,5.0,False,"1,9(14,11,12,13)(8,7)(3,10)(2,6,5)-4",2,1,1.5,False,"1,9-(14,13)(8,7)(3,10)11,6(2,5)12-4",2,1,1.5,False,-4,
201906030803,3,3歳未勝利,ダ,1800,晴,良,11:00,2019-04-14,中山,5,8,14,2016100296,サングリーンベイ,牡3,56,01031,村田一誠,1:56.6,2.1/2,3-3-3-3,39.9,191.2,12,474(-6),00435,[東]藤原辰雄,059803,加藤ステーブル,50.0,"(*1,11)14-(2,8,12)(7,13)-(3,10)-9-6-5-4",3,1,0.0,False,"(*1,11)(14,12)(8,13)7,2(3,10)-9-6-5-4",3,2,0.0,False,"1,9(14,11,12,13)(8,7)(3,10)(2,6,5)-4",3,4,1.5,False,"1,9-(14,13)(8,7)(3,10)11,6(2,5)12-4",3,2,5.0,False,-4,
201906030803,3,3歳未勝利,ダ,1800,晴,良,11:00,2019-04-14,中山,6,5,7,2016100646,エベレストテソーロ,牡3,55,01162,木幡巧也,1:57.0,2.1/2,7-7-7-5,40.1,26.3,7,486(-4),01048,[東]畠山吉宏,089803,了徳寺健二ホールディ...,,"(*1,11)14-(2,8,12)(7,13)-(3,10)-9-6-5-4",7,2,3.5,False,"(*1,11)(14,12)(8,13)7,2(3,10)-9-6-5-4",7,1,0.0,False,"1,9(14,11,12,13)(8,7)(3,10)(2,6,5)-4",7,2,1.5,False,"1,9-(14,13)(8,7)(3,10)11,6(2,5)12-4",5,2,5.0,False,-4,
201906030803,3,3歳未勝利,ダ,1800,晴,良,11:00,2019-04-14,中山,7,6,10,2016105179,フィールオーケー,牡3,56,01029,武士沢友,1:57.1,3/4,9-9-9-7,40.0,79.0,11,480(0),01094,[東]水野貴広,310007,吉田千津,,"(*1,11)14-(2,8,12)(7,13)-(3,10)-9-6-5-4",9,2,7.0,False,"(*1,11)(14,12)(8,13)7,2(3,10)-9-6-5-4",9,2,1.5,False,"1,9(14,11,12,13)(8,7)(3,10)(2,6,5)-4",9,2,1.5,False,"1,9-(14,13)(8,7)(3,10)11,6(2,5)12-4",7,2,5.0,False,-4,
201906030803,3,3歳未勝利,ダ,1800,晴,良,11:00,2019-04-14,中山,8,3,3,2016103686,ブルベアブロンゾ,牡3,56,01122,三浦皇成,1:57.3,1.1/4,9-9-9-7,40.2,13.6,4,552(-2),01003,[西]川村禎彦,843800,ブルアンドベア,,"(*1,11)14-(2,8,12)(7,13)-(3,10)-9-6-5-4",9,2,7.0,False,"(*1,11)(14,12)(8,13)7,2(3,10)-9-6-5-4",9,2,1.5,False,"1,9(14,11,12,13)(8,7)(3,10)(2,6,5)-4",9,2,1.5,False,"1,9-(14,13)(8,7)(3,10)11,6(2,5)12-4",7,2,5.0,False,-4,
201906030803,3,3歳未勝利,ダ,1800,晴,良,11:00,2019-04-14,中山,9,4,5,2016105268,ロードトゥドラゴン,牡3,56,01014,福永祐一,1:58.0,4,13-13-11-11,40.5,6.5,3,512(-4),01054,[東]戸田博文,208008,窪田芳郎,,"(*1,11)14-(2,8,12)(7,13)-(3,10)-9-6-5-4",13,1,17.5,False,"(*1,11)(14,12)(8,13)7,2(3,10)-9-6-5-4",13,1,12.0,False,"1,9(14,11,12,13)(8,7)(3,10)(2,6,5)-4",11,3,1.5,False,"1,9-(14,13)(8,7)(3,10)11,6(2,5)12-4",11,2,6.5,False,-4,
201906030803,3,3歳未勝利,ダ,1800,晴,良,11:00,2019-04-14,中山,10,4,6,2016103446,ニシノヴォーカル,牡3,56,01025,勝浦正樹,1:58.1,クビ,12-12-11-10,40.7,192.5,13,424(-2),01027,[東]田村康仁,897009,西山茂行,,"(*1,11)14-(2,8,12)(7,13)-(3,10)-9-6-5-4",12,1,14.0,False,"(*1,11)(14,12)(8,13)7,2(3,10)-9-6-5-4",12,1,8.5,False,"1,9(14,11,12,13)(8,7)(3,10)(2,6,5)-4",11,3,1.5,False,"1,9-(14,13)(8,7)(3,10)11,6(2,5)12-4",10,1,6.5,False,-4,
201906030803,3,3歳未勝利,ダ,1800,晴,良,11:00,2019-04-14,中山,11,2,2,2016105361,シバノテンショウ,牝3,52,01161,菊沢一樹,1:58.9,5,4-8-11-11,41.5,59.9,10,484(-4),01115,[東]菊沢隆徳,796033,柴一男,,"(*1,11)14-(2,8,12)(7,13)-(3,10)-9-6-5-4",4,3,3.5,False,"(*1,11)(14,12)(8,13)7,2(3,10)-9-6-5-4",8,1,1.5,False,"1,9(14,11,12,13)(8,7)(3,10)(2,6,5)-4",11,3,1.5,False,"1,9-(14,13)(8,7)(3,10)11,6(2,5)12-4",11,2,6.5,False,-4,
201906030803,3,3歳未勝利,ダ,1800,晴,良,11:00,2019-04-14,中山,12,7,11,2016102215,モズヘラクレス,牡3,56,01147,城戸義政,1:59.9,6,2-2-3-9,43.2,27.7,8,536(0),01110,[西]清水久詞,005803,キャピタル・システム,,"(*1,11)14-(2,8,12)(7,13)-(3,10)-9-6-5-4",2,2,0.0,False,"(*1,11)(14,12)(8,13)7,2(3,10)-9-6-5-4",2,2,0.0,False,"1,9(14,11,12,13)(8,7)(3,10)(2,6,5)-4",3,4,1.5,False,"1,9-(14,13)(8,7)(3,10)11,6(2,5)12-4",9,1,5.0,False,-4,
201906030803,3,3歳未勝利,ダ,1800,晴,良,11:00,2019-04-14,中山,13,3,4,2016102915,サユリ,牝3,54,01051,嘉藤貴行,2:00.5,4,14-14-14-14,42.3,220.1,14,434(-2),00428,[東]石毛善彦,951033,諸岡慶,,"(*1,11)14-(2,8,12)(7,13)-(3,10)-9-6-5-4",14,1,21.0,False,"(*1,11)(14,12)(8,13)7,2(3,10)-9-6-5-4",14,1,15.5,False,"1,9(14,11,12,13)(8,7)(3,10)(2,6,5)-4",14,1,5.0,False,"1,9-(14,13)(8,7)(3,10)11,6(2,5)12-4",14,1,10.0,False,-4,
201906030803,3,3歳未勝利,ダ,1800,晴,良,11:00,2019-04-14,中山,14,7,12,2016103312,オイスターシーカー,牡3,56,01119,伊藤工真,2:00.9,2.1/2,4-3-3-13,44.2,38.5,9,448(-6),01132,[東]金成貴史,003060,ゴドルフィン,,"(*1,11)14-(2,8,12)(7,13)-(3,10)-9-6-5-4",4,3,3.5,False,"(*1,11)(14,12)(8,13)7,2(3,10)-9-6-5-4",3,2,0.0,False,"1,9(14,11,12,13)(8,7)(3,10)(2,6,5)-4",3,4,1.5,False,"1,9-(14,13)(8,7)(3,10)11,6(2,5)12-4",13,1,6.5,False,-4,
201906030804,4,3歳未勝利,芝,2200,曇,良,11:30,2019-04-14,中山,1,1,1,2016100117,ブラッドストーン,牡3,56,00666,武豊,2:14.2,,1-1-1-1,35.5,2.1,1,466(0),01068,[東]小島茂之,036006,加藤徹,500.0,"1,2(3,11)(5,8)-9-10,6-4,7",1,1,0.0,False,"1(2,11)(3,5,8)-9-10-6,4,7",1,1,0.0,False,"1-(11,8)(2,9)(5,6)(3,4,7)10",1,1,0.0,False,"1(11,8)9-(5,6)2,7(3,4)-10",1,1,0.0,False,-12,前日よりも馬場は乾いて、前週と同レベルの高速馬場。
201906030804,4,3歳未勝利,芝,2200,曇,良,11:30,2019-04-14,中山,2,7,9,2016103041,レッドクーゲル,牡3,56,05386,戸崎圭太,2:14.5,1.3/4,7-7-4-4,35.2,3.4,2,424(0),01103,[東]尾関知人,180800,東京ホースレーシング,200.0,"1,2(3,11)(5,8)-9-10,6-4,7",7,1,5.0,False,"1(2,11)(3,5,8)-9-10-6,4,7",7,1,3.5,False,"1-(11,8)(2,9)(5,6)(3,4,7)10",4,2,3.5,False,"1(11,8)9-(5,6)2,7(3,4)-10",4,1,0.0,False,-12,前日よりも馬場は乾いて、前週と同レベルの高速馬場。
201906030804,4,3歳未勝利,芝,2200,曇,良,11:30,2019-04-14,中山,3,8,11,2016100225,ショウチクバイ,牡3,56,01129,菅原隆一,2:15.2,4,3-2-2-2,36.1,98.4,7,486(0),00420,[東]宗像義忠,629800,ミルファーム,130.0,"1,2(3,11)(5,8)-9-10,6-4,7",3,2,1.5,False,"1(2,11)(3,5,8)-9-10-6,4,7",2,2,0.0,False,"1-(11,8)(2,9)(5,6)(3,4,7)10",2,2,3.5,False,"1(11,8)9-(5,6)2,7(3,4)-10",2,2,0.0,False,-12,前日よりも馬場は乾いて、前週と同レベルの高速馬場。
201906030804,4,3歳未勝利,芝,2200,曇,良,11:30,2019-04-14,中山,4,7,8,2016102155,ココリガストン,牡3,54,01158,野中悠太,2:15.2,ハナ,5-4-2-2,36.1,19.6,5,510(0),01079,[東]古賀慎明,675033,美崎光二郎,75.0,"1,2(3,11)(5,8)-9-10,6-4,7",5,2,1.5,False,"1(2,11)(3,5,8)-9-10-6,4,7",4,3,0.0,False,"1-(11,8)(2,9)(5,6)(3,4,7)10",2,2,3.5,False,"1(11,8)9-(5,6)2,7(3,4)-10",2,2,0.0,False,-12,前日よりも馬場は乾いて、前週と同レベルの高速馬場。
201906030804,4,3歳未勝利,芝,2200,曇,良,11:30,2019-04-14,中山,5,5,5,2016104209,イントゥアドリーム,牡3,53,01175,大塚海渡,2:15.5,1.3/4,5-4-6-5,36.0,22.7,6,436(-8),01143,[東]和田雄二,543033,薪浦州平,50.0,"1,2(3,11)(5,8)-9-10,6-4,7",5,2,1.5,False,"1(2,11)(3,5,8)-9-10-6,4,7",4,3,0.0,False,"1-(11,8)(2,9)(5,6)(3,4,7)10",6,2,3.5,False,"1(11,8)9-(5,6)2,7(3,4)-10",5,2,3.5,False,-12,前日よりも馬場は乾いて、前週と同レベルの高速馬場。
201906030804,4,3歳未勝利,芝,2200,曇,良,11:30,2019-04-14,中山,6,6,7,2016105209,ヘヴンリータイム,セ3,55,01162,木幡巧也,2:15.5,ハナ,11-11-8-8,35.8,7.4,4,490(-4),01114,[東]和田正一,391031,伊藤正徳,,"1,2(3,11)(5,8)-9-10,6-4,7",11,1,15.0,False,"1(2,11)(3,5,8)-9-10-6,4,7",11,1,13.5,False,"1-(11,8)(2,9)(5,6)(3,4,7)10",8,3,3.5,False,"1(11,8)9-(5,6)2,7(3,4)-10",8,1,5.0,False,-12,前日よりも馬場は乾いて、前週と同レベルの高速馬場。
201906030804,4,3歳未勝利,芝,2200,曇,良,11:30,2019-04-14,中山,7,6,6,2016101846,ベレーザ,牝3,54,05212,Ｍ．デム,2:15.9,2.1/2,9-9-6-5,36.4,4.0,3,466(+2),01145,[東]奥村武,045803,カナヤマホールディン...,,"1,2(3,11)(5,8)-9-10,6-4,7",9,1,10.0,False,"1(2,11)(3,5,8)-9-10-6,4,7",9,1,10.5,False,"1-(11,8)(2,9)(5,6)(3,4,7)10",6,2,3.5,False,"1(11,8)9-(5,6)2,7(3,4)-10",5,2,3.5,False,-12,前日よりも馬場は乾いて、前週と同レベルの高速馬場。
201906030804,4,3歳未勝利,芝,2200,曇,良,11:30,2019-04-14,中山,8,4,4,2016103769,スタープレゼンス,牡3,56,01009,柴田大知,2:16.7,5,10-10-8-9,37.0,100.7,8,428(-6),01133,[東]黒岩陽一,451800,ヤナガワ牧場,,"1,2(3,11)(5,8)-9-10,6-4,7",10,1,13.5,False,"1(2,11)(3,5,8)-9-10-6,4,7",10,1,12.0,False,"1-(11,8)(2,9)(5,6)(3,4,7)10",8,3,3.5,False,"1(11,8)9-(5,6)2,7(3,4)-10",9,2,5.0,False,-12,前日よりも馬場は乾いて、前週と同レベルの高速馬場。
201906030804,4,3歳未勝利,芝,2200,曇,良,11:30,2019-04-14,中山,9,3,3,2016106365,アレグレユミティー,牝3,51,01179,菅原明良,2:16.8,3/4,3-4-8-9,37.1,277.0,10,450(+6),01056,[東]本間忍,553002,斉藤等,,"1,2(3,11)(5,8)-9-10,6-4,7",3,2,1.5,False,"1(2,11)(3,5,8)-9-10-6,4,7",4,3,0.0,False,"1-(11,8)(2,9)(5,6)(3,4,7)10",8,3,3.5,False,"1(11,8)9-(5,6)2,7(3,4)-10",9,2,5.0,False,-12,前日よりも馬場は乾いて、前週と同レベルの高速馬場。
201906030804,4,3歳未勝利,芝,2200,曇,良,11:30,2019-04-14,中山,10,8,10,2016103570,シングンジゼル,牝3,54,01029,武士沢友,2:17.1,2,8-8-11-11,37.3,271.7,9,414(-2),01014,[東]高市圭二,771009,伊坂重憲,,"1,2(3,11)(5,8)-9-10,6-4,7",8,1,8.5,False,"1(2,11)(3,5,8)-9-10-6,4,7",8,1,7.0,False,"1-(11,8)(2,9)(5,6)(3,4,7)10",11,1,3.5,False,"1(11,8)9-(5,6)2,7(3,4)-10",11,1,8.5,False,-12,前日よりも馬場は乾いて、前週と同レベルの高速馬場。
201906030804,4,3歳未勝利,芝,2200,曇,良,11:30,2019-04-14,中山,11,2,2,2016102837,リネンエイコウ,牝3,52,01161,菊沢一樹,2:17.2,クビ,2-2-4-7,38.0,302.7,11,434(+4),01077,[東]加藤和宏,851005,戸山光男,,"1,2(3,11)(5,8)-9-10,6-4,7",2,1,1.5,False,"1(2,11)(3,5,8)-9-10-6,4,7",2,2,0.0,False,"1-(11,8)(2,9)(5,6)(3,4,7)10",4,2,3.5,False,"1(11,8)9-(5,6)2,7(3,4)-10",7,1,3.5,False,-12,前日よりも馬場は乾いて、前週と同レベルの高速馬場。
201906030805,5,3歳500万下,ダ,1800,曇,良,12:20,2019-04-14,中山,1,2,2,2016100190,カナシバリ,牝3,54,00689,江田照男,1:54.3,,8-8-8-7,38.1,5.3,2,508(+6),01152,[東]竹内正洋,044803,由井健太郎,720.0,"1,11(4,12)(9,10)6-(2,7,8)(3,5)",8,3,5.0,False,"1,11,12(4,9)10,6(2,7)8,3,5",8,2,4.5,False,"(*1,11)(4,12)(6,9,10)2(3,7,5)8",8,1,0.0,False,"11(1,4,12)(6,9)2,10(8,3)5-7",7,1,0.0,False,-3,
201906030805,5,3歳500万下,ダ,1800,曇,良,12:20,2019-04-14,中山,2,3,3,2016104963,フィードバック,牡3,56,05339,ルメール,1:54.3,クビ,11-11-9-9,37.8,2.0,1,492(0),01026,[東]鈴木伸尋,415800,社台レースホース,290.0,"1,11(4,12)(9,10)6-(2,7,8)(3,5)",11,2,5.0,False,"1,11,12(4,9)10,6(2,7)8,3,5",11,1,6.0,False,"(*1,11)(4,12)(6,9,10)2(3,7,5)8",9,3,0.0,False,"11(1,4,12)(6,9)2,10(8,3)5-7",9,2,1.5,False,-3,
201906030805,5,3歳500万下,ダ,1800,曇,良,12:20,2019-04-14,中山,3,7,9,2016104121,ワイルドトレイダー,牡3,56,01126,松山弘平,1:54.4,3/4,5-4-5-5,38.5,89.1,10,492(0),01100,[東]松山将樹,265005,吉岡泰治,180.0,"1,11(4,12)(9,10)6-(2,7,8)(3,5)",5,2,1.5,False,"1,11,12(4,9)10,6(2,7)8,3,5",4,2,3.0,False,"(*1,11)(4,12)(6,9,10)2(3,7,5)8",5,3,0.0,False,"11(1,4,12)(6,9)2,10(8,3)5-7",5,2,0.0,False,-3,
201906030805,5,3歳500万下,ダ,1800,曇,良,12:20,2019-04-14,中山,4,4,4,2016100855,マックスアン,牡3,56,00666,武豊,1:54.5,クビ,3-4-3-2,38.7,7.7,5,462(-2),01124,[東]大和田成,028803,ＴＵＲＦレーシング,110.0,"1,11(4,12)(9,10)6-(2,7,8)(3,5)",3,2,1.5,False,"1,11,12(4,9)10,6(2,7)8,3,5",4,2,3.0,False,"(*1,11)(4,12)(6,9,10)2(3,7,5)8",3,2,0.0,False,"11(1,4,12)(6,9)2,10(8,3)5-7",2,3,0.0,False,-3,
201906030805,5,3歳500万下,ダ,1800,曇,良,12:20,2019-04-14,中山,5,5,6,2016103069,キングスバレイ,牡3,56,05203,岩田康誠,1:54.5,クビ,7-7-5-5,38.5,35.9,8,512(+2),01086,[東]斎藤誠,338007,村野康司,72.0,"1,11(4,12)(9,10)6-(2,7,8)(3,5)",7,1,1.5,False,"1,11,12(4,9)10,6(2,7)8,3,5",7,1,4.5,False,"(*1,11)(4,12)(6,9,10)2(3,7,5)8",5,3,0.0,False,"11(1,4,12)(6,9)2,10(8,3)5-7",5,2,0.0,False,-3,
201906030805,5,3歳500万下,ダ,1800,曇,良,12:20,2019-04-14,中山,6,8,12,2016106181,ユキノヴェルデ,牡3,54,01158,野中悠太,1:54.7,1.1/4,3-3-3-2,39.0,22.8,7,500(-6),01114,[東]和田正一,623005,井上基之,,"1,11(4,12)(9,10)6-(2,7,8)(3,5)",3,2,1.5,False,"1,11,12(4,9)10,6(2,7)8,3,5",3,1,3.0,False,"(*1,11)(4,12)(6,9,10)2(3,7,5)8",3,2,0.0,False,"11(1,4,12)(6,9)2,10(8,3)5-7",2,3,0.0,False,-3,
201906030805,5,3歳500万下,ダ,1800,曇,良,12:20,2019-04-14,中山,7,6,8,2016101816,シャルロッテミノル,牝3,54,01122,三浦皇成,1:55.1,2.1/2,8-10-12-9,38.3,84.4,9,534(+4),01153,[東]中舘英二,265008,吉岡實,,"1,11(4,12)(9,10)6-(2,7,8)(3,5)",8,3,5.0,False,"1,11,12(4,9)10,6(2,7)8,3,5",10,1,4.5,False,"(*1,11)(4,12)(6,9,10)2(3,7,5)8",12,1,0.0,False,"11(1,4,12)(6,9)2,10(8,3)5-7",9,2,1.5,False,-3,
201906030805,5,3歳500万下,ダ,1800,曇,良,12:20,2019-04-14,中山,8,8,11,2016101941,ヘイセイラスト,牝3,54,01093,藤岡佑介,1:55.4,2,2-2-2-1,39.9,20.2,6,516(+6),01091,[西]羽月友彦,398800,谷川牧場,,"1,11(4,12)(9,10)6-(2,7,8)(3,5)",2,1,1.5,False,"1,11,12(4,9)10,6(2,7)8,3,5",2,1,1.5,False,"(*1,11)(4,12)(6,9,10)2(3,7,5)8",2,2,0.0,False,"11(1,4,12)(6,9)2,10(8,3)5-7",1,1,0.0,False,-3,
201906030805,5,3歳500万下,ダ,1800,曇,良,12:20,2019-04-14,中山,9,5,5,2016102372,ブリッツェンシチー,牡3,56,05386,戸崎圭太,1:56.4,6,11-12-9-11,39.9,7.7,4,526(-2),01079,[東]古賀慎明,321800,友駿ホースクラブ,,"1,11(4,12)(9,10)6-(2,7,8)(3,5)",11,2,5.0,False,"1,11,12(4,9)10,6(2,7)8,3,5",12,1,7.5,False,"(*1,11)(4,12)(6,9,10)2(3,7,5)8",9,3,0.0,False,"11(1,4,12)(6,9)2,10(8,3)5-7",11,1,1.5,False,-3,
201906030805,5,3歳500万下,ダ,1800,曇,良,12:20,2019-04-14,中山,10,7,10,2016103895,フラテルニテ,牝3,54,05115,シュタル,1:57.2,5,5-6-5-8,41.2,123.6,11,488(0),01054,[東]戸田博文,943033,北嶋義三,,"1,11(4,12)(9,10)6-(2,7,8)(3,5)",5,2,1.5,False,"1,11,12(4,9)10,6(2,7)8,3,5",6,1,3.0,False,"(*1,11)(4,12)(6,9,10)2(3,7,5)8",5,3,0.0,False,"11(1,4,12)(6,9)2,10(8,3)5-7",8,1,1.5,False,-3,
201906030805,5,3歳500万下,ダ,1800,曇,良,12:20,2019-04-14,中山,11,1,1,2016100047,ドゥエルメス,牝3,54,01150,石川裕紀,1:57.4,1.1/4,1-1-1-2,41.9,171.0,12,508(0),01048,[東]畠山吉宏,858800,大塚亮一,,"1,11(4,12)(9,10)6-(2,7,8)(3,5)",1,1,0.0,False,"1,11,12(4,9)10,6(2,7)8,3,5",1,1,0.0,False,"(*1,11)(4,12)(6,9,10)2(3,7,5)8",1,2,0.0,True,"11(1,4,12)(6,9)2,10(8,3)5-7",2,3,0.0,False,-3,
201906030805,5,3歳500万下,ダ,1800,曇,良,12:20,2019-04-14,中山,12,6,7,2016102178,フェードアウト,牡3,56,05212,Ｍ．デム,1:59.3,大,8-8-9-12,42.8,5.8,3,464(-8),01164,[西]安田翔伍,363800,三嶋牧場,,"1,11(4,12)(9,10)6-(2,7,8)(3,5)",8,3,5.0,False,"1,11,12(4,9)10,6(2,7)8,3,5",8,2,4.5,False,"(*1,11)(4,12)(6,9,10)2(3,7,5)8",9,3,0.0,False,"11(1,4,12)(6,9)2,10(8,3)5-7",12,1,5.0,False,-3,
201906030806,6,4歳以上500万下,ダ,1200,曇,良,12:55,2019-04-14,中山,1,7,13,2014101803,ポップシンガー,牝5,55,01025,勝浦正樹,1:11.9,,2-2,36.9,7.5,5,466(0),01026,[東]鈴木伸尋,047030,村山卓也,750.0,,,,,,,,,,,"6(3,8,13)(5,15)(7,9,16)-(10,11)(14,4)-12,1,2",2,3,0.0,False,"(*6,8,13)(3,5,15)(7,9)-(10,16,11)(14,4)(12,1)-2",2,3,0.0,False,-2,
201906030806,6,4歳以上500万下,ダ,1200,曇,良,12:55,2019-04-14,中山,2,2,3,2015104603,コウギョウブライト,牡4,55,01158,野中悠太,1:12.1,1.1/4,2-4,37.1,5.4,2,464(0),01109,[東]伊藤大士,928030,小林秀樹,300.0,,,,,,,,,,,"6(3,8,13)(5,15)(7,9,16)-(10,11)(14,4)-12,1,2",2,3,0.0,False,"(*6,8,13)(3,5,15)(7,9)-(10,16,11)(14,4)(12,1)-2",4,3,0.0,False,-2,
201906030806,6,4歳以上500万下,ダ,1200,曇,良,12:55,2019-04-14,中山,3,5,10,2015100644,ランパク,牡4,54,01179,菅原明良,1:12.1,クビ,10-9,36.2,5.1,1,494(-2),01088,[東]高木登,798008,一村哲也,190.0,,,,,,,,,,,"6(3,8,13)(5,15)(7,9,16)-(10,11)(14,4)-12,1,2",10,2,3.5,False,"(*6,8,13)(3,5,15)(7,9)-(10,16,11)(14,4)(12,1)-2",9,3,3.5,False,-2,
201906030806,6,4歳以上500万下,ダ,1200,曇,良,12:55,2019-04-14,中山,4,4,8,2015103313,タイキメサイア,牡4,57,01075,田辺裕信,1:12.3,1.1/4,2-2,37.4,6.3,4,518(+4),00359,[東]高橋祥泰,536800,大樹ファーム,110.0,,,,,,,,,,,"6(3,8,13)(5,15)(7,9,16)-(10,11)(14,4)-12,1,2",2,3,0.0,False,"(*6,8,13)(3,5,15)(7,9)-(10,16,11)(14,4)(12,1)-2",2,3,0.0,False,-2,
201906030806,6,4歳以上500万下,ダ,1200,曇,良,12:55,2019-04-14,中山,5,6,12,2015104477,デュアルマンデート,牡4,57,05203,岩田康誠,1:12.4,クビ,14-14,35.8,28.9,10,512(0),01017,[東]萩原清,172002,池谷誠一,75.0,,,,,,,,,,,"6(3,8,13)(5,15)(7,9,16)-(10,11)(14,4)-12,1,2",14,1,7.0,False,"(*6,8,13)(3,5,15)(7,9)-(10,16,11)(14,4)(12,1)-2",14,2,3.5,False,-2,
201906030806,6,4歳以上500万下,ダ,1200,曇,良,12:55,2019-04-14,中山,6,1,1,2015104514,バットオールソー,牡4,57,01077,石橋脩,1:12.4,ハナ,15-14,35.6,21.1,9,460(0),01124,[東]大和田成,308033,久保田定,,,,,,,,,,,,"6(3,8,13)(5,15)(7,9,16)-(10,11)(14,4)-12,1,2",15,1,8.5,False,"(*6,8,13)(3,5,15)(7,9)-(10,16,11)(14,4)(12,1)-2",14,2,3.5,False,-2,
201906030806,6,4歳以上500万下,ダ,1200,曇,良,12:55,2019-04-14,中山,7,7,14,2015101855,ゴムマリ,牝4,55,05386,戸崎圭太,1:12.5,3/4,12-12,36.3,16.2,7,476(+4),00421,[東]浅野洋一,855030,田頭勇貴,,,,,,,,,,,,"6(3,8,13)(5,15)(7,9,16)-(10,11)(14,4)-12,1,2",12,2,3.5,False,"(*6,8,13)(3,5,15)(7,9)-(10,16,11)(14,4)(12,1)-2",12,2,3.5,False,-2,
201906030806,6,4歳以上500万下,ダ,1200,曇,良,12:55,2019-04-14,中山,8,4,7,2013105192,アドマイヤムテキ,牡6,57,00660,横山典弘,1:12.6,クビ,7-7,37.1,40.7,12,492(-2),00423,[東]上原博之,398002,近藤利一,,,,,,,,,,,,"6(3,8,13)(5,15)(7,9,16)-(10,11)(14,4)-12,1,2",7,3,0.0,False,"(*6,8,13)(3,5,15)(7,9)-(10,16,11)(14,4)(12,1)-2",7,2,0.0,False,-2,
201906030806,6,4歳以上500万下,ダ,1200,曇,良,12:55,2019-04-14,中山,9,3,5,2014100779,サンジレット,牡5,57,01097,小島太一,1:12.6,クビ,5-4,37.4,5.8,3,510(+2),01134,[東]高橋文雅,059803,加藤ステーブル,,,,,,,,,,,,"6(3,8,13)(5,15)(7,9,16)-(10,11)(14,4)-12,1,2",5,2,0.0,False,"(*6,8,13)(3,5,15)(7,9)-(10,16,11)(14,4)(12,1)-2",4,3,0.0,False,-2,
201906030806,6,4歳以上500万下,ダ,1200,曇,良,12:55,2019-04-14,中山,10,2,4,2015104243,アメリカンツイスト,牡4,57,01085,松岡正海,1:13.1,3,12-12,37.0,7.8,6,486(+2),01153,[東]中舘英二,148800,グリーンファーム,,,,,,,,,,,,"6(3,8,13)(5,15)(7,9,16)-(10,11)(14,4)-12,1,2",12,2,3.5,False,"(*6,8,13)(3,5,15)(7,9)-(10,16,11)(14,4)(12,1)-2",12,2,3.5,False,-2,
201906030806,6,4歳以上500万下,ダ,1200,曇,良,12:55,2019-04-14,中山,11,5,9,2013103965,ファインキャプテン,セ6,56,01162,木幡巧也,1:13.2,クビ,7-7,37.7,257.0,16,456(-9),01133,[東]黒岩陽一,793033,湯浅健司,,,,,,,,,,,,"6(3,8,13)(5,15)(7,9,16)-(10,11)(14,4)-12,1,2",7,3,0.0,False,"(*6,8,13)(3,5,15)(7,9)-(10,16,11)(14,4)(12,1)-2",7,2,0.0,False,-2,
201906030806,6,4歳以上500万下,ダ,1200,曇,良,12:55,2019-04-14,中山,12,3,6,2015102908,ミサコ,牝4,55,00733,吉田豊,1:13.2,クビ,1-1,38.4,51.5,13,482(+8),01152,[東]竹内正洋,044803,由井健太郎,,,,,,,,,,,,"6(3,8,13)(5,15)(7,9,16)-(10,11)(14,4)-12,1,2",1,1,0.0,False,"(*6,8,13)(3,5,15)(7,9)-(10,16,11)(14,4)(12,1)-2",1,3,0.0,True,-2,
201906030806,6,4歳以上500万下,ダ,1200,曇,良,12:55,2019-04-14,中山,13,6,11,2014105145,ランボシ,セ5,57,01093,藤岡佑介,1:13.4,1.1/4,10-9,37.5,38.2,11,494(+4),01081,[東]中川公成,362008,古川智洋,,,,,,,,,,,,"6(3,8,13)(5,15)(7,9,16)-(10,11)(14,4)-12,1,2",10,2,3.5,False,"(*6,8,13)(3,5,15)(7,9)-(10,16,11)(14,4)(12,1)-2",9,3,3.5,False,-2,
201906030806,6,4歳以上500万下,ダ,1200,曇,良,12:55,2019-04-14,中山,14,8,15,2015102331,カシマフウリン,牝4,55,01051,嘉藤貴行,1:13.4,ハナ,5-4,38.1,135.2,15,498(+20),01169,[東]加藤士津,813007,松浦一久,,,,,,,,,,,,"6(3,8,13)(5,15)(7,9,16)-(10,11)(14,4)-12,1,2",5,2,0.0,False,"(*6,8,13)(3,5,15)(7,9)-(10,16,11)(14,4)(12,1)-2",4,3,0.0,False,-2,
201906030806,6,4歳以上500万下,ダ,1200,曇,良,12:55,2019-04-14,中山,15,1,2,2013105850,レンベルガー,牡6,57,01009,柴田大知,1:13.6,1.1/2,16-16,36.5,123.0,14,440(0),01096,[東]粕谷昌央,684030,岡田壮史,,,,,,,,,,,,"6(3,8,13)(5,15)(7,9,16)-(10,11)(14,4)-12,1,2",16,1,10.0,False,"(*6,8,13)(3,5,15)(7,9)-(10,16,11)(14,4)(12,1)-2",16,1,7.0,False,-2,
201906030806,6,4歳以上500万下,ダ,1200,曇,良,12:55,2019-04-14,中山,16,8,16,2015102551,ヴィグラスファイア,牡4,57,01150,石川裕紀,1:15.0,8,7-9,39.4,18.9,8,486(+2),01017,[東]萩原清,506800,シルクレーシング,,,,,,,,,,,,"6(3,8,13)(5,15)(7,9,16)-(10,11)(14,4)-12,1,2",7,3,0.0,False,"(*6,8,13)(3,5,15)(7,9)-(10,16,11)(14,4)(12,1)-2",9,3,3.5,False,-2,
201906030807,7,4歳以上500万下,ダ,1800,曇,良,13:25,2019-04-14,中山,1,8,11,2014104991,マイネルツァイト,牡5,57,01009,柴田大知,1:54.2,,2-2-2-1,37.1,6.3,2,506(0),01124,[東]大和田成,546800,サラブレッドクラブ・...,750.0,"10,11,9(4,6)-(1,3,7)(5,8)-2",2,1,1.5,False,"10,11,9,4,6(1,3)(5,7)8,2",2,1,1.5,False,"(*10,11,9)(4,5,6)(2,3)8,1,7",2,3,0.0,False,"(*11,9)10(5,6)4,2,3,8-7,1",1,2,0.0,True,-2,
201906030807,7,4歳以上500万下,ダ,1800,曇,良,13:25,2019-04-14,中山,2,7,9,2014103311,マイネルストラトス,牡5,57,05203,岩田康誠,1:54.7,3,3-3-2-2,37.5,6.6,3,498(0),00417,[東]土田稔,367033,杉浦和也,300.0,"10,11,9(4,6)-(1,3,7)(5,8)-2",3,1,3.0,False,"10,11,9,4,6(1,3)(5,7)8,2",3,1,3.0,False,"(*10,11,9)(4,5,6)(2,3)8,1,7",2,3,0.0,False,"(*11,9)10(5,6)4,2,3,8-7,1",2,2,0.0,False,-2,
201906030807,7,4歳以上500万下,ダ,1800,曇,良,13:25,2019-04-14,中山,3,5,5,2013104237,ネクストムーブ,牡6,57,05115,シュタル,1:54.7,クビ,9-8-4-4,37.2,1.6,1,506(0),01110,[西]清水久詞,675030,林正道,190.0,"10,11,9(4,6)-(1,3,7)(5,8)-2",9,2,6.5,False,"10,11,9,4,6(1,3)(5,7)8,2",8,2,6.0,False,"(*10,11,9)(4,5,6)(2,3)8,1,7",4,3,0.0,False,"(*11,9)10(5,6)4,2,3,8-7,1",4,2,0.0,False,-2,
201906030807,7,4歳以上500万下,ダ,1800,曇,良,13:25,2019-04-14,中山,4,6,6,2015104681,ゴールドパッキャオ,牡4,57,01032,池添謙一,1:54.9,1.1/2,4-5-4-4,37.5,8.1,4,470(+4),01145,[東]奥村武,345033,増田和啓,110.0,"10,11,9(4,6)-(1,3,7)(5,8)-2",4,2,3.0,False,"10,11,9,4,6(1,3)(5,7)8,2",5,1,6.0,False,"(*10,11,9)(4,5,6)(2,3)8,1,7",4,3,0.0,False,"(*11,9)10(5,6)4,2,3,8-7,1",4,2,0.0,False,-2,
201906030807,7,4歳以上500万下,ダ,1800,曇,良,13:25,2019-04-14,中山,5,7,8,2014106207,ランニングウインド,牡5,57,01122,三浦皇成,1:55.4,3,9-10-9-9,37.4,9.4,5,484(-2),01081,[東]中川公成,270006,島川隆哉,75.0,"10,11,9(4,6)-(1,3,7)(5,8)-2",9,2,6.5,False,"10,11,9,4,6(1,3)(5,7)8,2",10,1,6.0,False,"(*10,11,9)(4,5,6)(2,3)8,1,7",9,1,0.0,False,"(*11,9)10(5,6)4,2,3,8-7,1",9,1,4.5,False,-2,
201906030807,7,4歳以上500万下,ダ,1800,曇,良,13:25,2019-04-14,中山,6,2,2,2015101591,シールート,セ4,57,05386,戸崎圭太,1:55.6,1.1/2,11-11-7-7,37.8,14.9,6,484(-4),01079,[東]古賀慎明,003060,ゴドルフィン,,"10,11,9(4,6)-(1,3,7)(5,8)-2",11,1,10.0,False,"10,11,9,4,6(1,3)(5,7)8,2",11,1,7.5,False,"(*10,11,9)(4,5,6)(2,3)8,1,7",7,2,0.0,False,"(*11,9)10(5,6)4,2,3,8-7,1",7,1,1.5,False,-2,
201906030807,7,4歳以上500万下,ダ,1800,曇,良,13:25,2019-04-14,中山,7,3,3,2014104970,ヴィーグリーズ,牡5,55,01158,野中悠太,1:56.0,2,6-6-7-8,38.3,183.3,10,468(-2),01080,[東]清水英克,706800,服部牧場,,"10,11,9(4,6)-(1,3,7)(5,8)-2",6,3,6.5,False,"10,11,9,4,6(1,3)(5,7)8,2",6,2,6.0,False,"(*10,11,9)(4,5,6)(2,3)8,1,7",7,2,0.0,False,"(*11,9)10(5,6)4,2,3,8-7,1",8,1,3.0,False,-2,
201906030807,7,4歳以上500万下,ダ,1800,曇,良,13:25,2019-04-14,中山,8,6,7,2014101508,エグジットラック,牡5,57,00689,江田照男,1:56.3,2,6-8-11-10,38.0,31.4,7,508(0),01027,[東]田村康仁,625008,戸賀智子,,"10,11,9(4,6)-(1,3,7)(5,8)-2",6,3,6.5,False,"10,11,9,4,6(1,3)(5,7)8,2",8,2,6.0,False,"(*10,11,9)(4,5,6)(2,3)8,1,7",11,1,3.0,False,"(*11,9)10(5,6)4,2,3,8-7,1",10,1,8.0,False,-2,
201906030807,7,4歳以上500万下,ダ,1800,曇,良,13:25,2019-04-14,中山,9,4,4,2014101390,グリトニル,牡5,57,01134,嶋田純次,1:56.8,3,4-4-4-6,39.4,330.2,11,444(+4),01030,[東]星野忍,970006,栗本博晴,,"10,11,9(4,6)-(1,3,7)(5,8)-2",4,2,3.0,False,"10,11,9,4,6(1,3)(5,7)8,2",4,1,4.5,False,"(*10,11,9)(4,5,6)(2,3)8,1,7",4,3,0.0,False,"(*11,9)10(5,6)4,2,3,8-7,1",6,1,0.0,False,-2,
201906030807,7,4歳以上500万下,ダ,1800,曇,良,13:25,2019-04-14,中山,10,1,1,2013104169,ユアザスター,牡6,57,01109,黛弘人,1:57.0,1.1/2,6-6-10-11,38.9,110.7,8,500(-6),01023,[東]伊藤圭三,099007,西村專次,,"10,11,9(4,6)-(1,3,7)(5,8)-2",6,3,6.5,False,"10,11,9,4,6(1,3)(5,7)8,2",6,2,6.0,False,"(*10,11,9)(4,5,6)(2,3)8,1,7",10,1,1.5,False,"(*11,9)10(5,6)4,2,3,8-7,1",11,1,9.5,False,-2,
201906030807,7,4歳以上500万下,ダ,1800,曇,良,13:25,2019-04-14,中山,11,8,10,2014109037,クリノハプスブルク,牡5,55,01161,菊沢一樹,1:57.5,3,1-1-1-3,40.4,146.9,9,454(+9),01090,[東]天間昭一,970006,栗本博晴,,"10,11,9(4,6)-(1,3,7)(5,8)-2",1,1,0.0,False,"10,11,9,4,6(1,3)(5,7)8,2",1,1,0.0,False,"(*10,11,9)(4,5,6)(2,3)8,1,7",1,3,0.0,True,"(*11,9)10(5,6)4,2,3,8-7,1",3,1,0.0,False,-2,
201906030808,8,袖ケ浦特別(2勝),芝,1200,曇,良,13:55,2019-04-14,中山,1,7,10,2015103530,ハーグリーブス,牡4,57,00733,吉田豊,1:08.9,,9-7,33.3,29.0,7,516(+10),01103,[東]尾関知人,281008,水上ふじ子,"1,528.7",,,,,,,,,,,"12,8(2,11)(6,9)(4,5)(1,10)7,3",9,2,1.5,False,"12(8,11)(2,6,9)10(4,5)(1,3)7",7,1,0.0,False,-13,前日よりも馬場は乾いて、前週と同レベルの高速馬場。
201906030808,8,袖ケ浦特別(2勝),芝,1200,曇,良,13:55,2019-04-14,中山,2,1,1,2015105276,シセイヒテン,牡4,57,05203,岩田康誠,1:08.9,アタマ,9-10,33.2,5.0,2,444(0),00420,[東]宗像義忠,441009,猪苗代勇,608.2,,,,,,,,,,,"12,8(2,11)(6,9)(4,5)(1,10)7,3",9,2,1.5,False,"12(8,11)(2,6,9)10(4,5)(1,3)7",10,2,0.0,False,-13,前日よりも馬場は乾いて、前週と同レベルの高速馬場。
201906030808,8,袖ケ浦特別(2勝),芝,1200,曇,良,13:55,2019-04-14,中山,3,2,2,2014100080,シゲルベンガルトラ,牡5,57,00660,横山典弘,1:09.0,3/4,3-4,33.8,17.7,6,480(-2),01165,[東]和田勇介,674004,森中蕃,384.1,,,,,,,,,,,"12,8(2,11)(6,9)(4,5)(1,10)7,3",3,2,1.5,False,"12(8,11)(2,6,9)10(4,5)(1,3)7",4,3,0.0,False,-13,前日よりも馬場は乾いて、前週と同レベルの高速馬場。
201906030808,8,袖ケ浦特別(2勝),芝,1200,曇,良,13:55,2019-04-14,中山,4,8,12,2015104320,セイウンリリシイ,牝4,55,01025,勝浦正樹,1:09.0,アタマ,1-1,34.1,14.0,4,468(0),01094,[東]水野貴広,897009,西山茂行,230.0,,,,,,,,,,,"12,8(2,11)(6,9)(4,5)(1,10)7,3",1,1,0.0,False,"12(8,11)(2,6,9)10(4,5)(1,3)7",1,1,0.0,False,-13,前日よりも馬場は乾いて、前週と同レベルの高速馬場。
201906030808,8,袖ケ浦特別(2勝),芝,1200,曇,良,13:55,2019-04-14,中山,5,6,8,2014102019,コロラトゥーレ,牝5,55,00666,武豊,1:09.1,3/4,2-2,34.0,14.1,5,464(-4),01084,[西]梅田智之,037803,廣崎利洋ＨＤ,150.0,,,,,,,,,,,"12,8(2,11)(6,9)(4,5)(1,10)7,3",2,1,1.5,False,"12(8,11)(2,6,9)10(4,5)(1,3)7",2,2,0.0,False,-13,前日よりも馬場は乾いて、前週と同レベルの高速馬場。
201906030808,8,袖ケ浦特別(2勝),芝,1200,曇,良,13:55,2019-04-14,中山,6,8,11,2014104912,ショウナンマッシブ,牡5,57,01122,三浦皇成,1:09.2,3/4,3-2,34.0,6.1,3,472(-2),01119,[東]田中剛,331002,国本哲秀,,,,,,,,,,,,"12,8(2,11)(6,9)(4,5)(1,10)7,3",3,2,1.5,False,"12(8,11)(2,6,9)10(4,5)(1,3)7",2,2,0.0,False,-13,前日よりも馬場は乾いて、前週と同レベルの高速馬場。
201906030808,8,袖ケ浦特別(2勝),芝,1200,曇,良,13:55,2019-04-14,中山,7,5,6,2015104705,ヴェルスパー,牝4,55,05339,ルメール,1:09.2,ハナ,5-4,33.9,1.7,1,442(+4),01059,[東]加藤征弘,226800,サンデーレーシング,,,,,,,,,,,,"12,8(2,11)(6,9)(4,5)(1,10)7,3",5,2,1.5,False,"12(8,11)(2,6,9)10(4,5)(1,3)7",4,3,0.0,False,-13,前日よりも馬場は乾いて、前週と同レベルの高速馬場。
201906030808,8,袖ケ浦特別(2勝),芝,1200,曇,良,13:55,2019-04-14,中山,8,3,3,2012102359,ビヨンジオール,牡7,57,05115,シュタル,1:09.3,クビ,12-10,33.3,34.5,8,520(-2),01063,[東]的場均,675030,林正道,,,,,,,,,,,,"12,8(2,11)(6,9)(4,5)(1,10)7,3",12,1,3.0,False,"12(8,11)(2,6,9)10(4,5)(1,3)7",10,2,0.0,False,-13,前日よりも馬場は乾いて、前週と同レベルの高速馬場。
201906030808,8,袖ケ浦特別(2勝),芝,1200,曇,良,13:55,2019-04-14,中山,9,7,9,2012105635,ユメノマイホーム,牝7,55,01085,松岡正海,1:09.5,1.1/2,5-4,34.1,203.8,11,468(0),01031,[東]伊藤伸一,629800,ミルファーム,,,,,,,,,,,,"12,8(2,11)(6,9)(4,5)(1,10)7,3",5,2,1.5,False,"12(8,11)(2,6,9)10(4,5)(1,3)7",4,3,0.0,False,-13,前日よりも馬場は乾いて、前週と同レベルの高速馬場。
201906030808,8,袖ケ浦特別(2勝),芝,1200,曇,良,13:55,2019-04-14,中山,10,5,5,2015102459,グラスルーナ,牝4,55,01162,木幡巧也,1:09.9,2.1/2,7-8,34.4,129.3,10,494(+2),01008,[東]杉浦宏昭,541800,半沢,,,,,,,,,,,,"12,8(2,11)(6,9)(4,5)(1,10)7,3",7,2,1.5,False,"12(8,11)(2,6,9)10(4,5)(1,3)7",8,2,0.0,False,-13,前日よりも馬場は乾いて、前週と同レベルの高速馬場。
201906030808,8,袖ケ浦特別(2勝),芝,1200,曇,良,13:55,2019-04-14,中山,11,4,4,2015104378,リードザウインド,牝4,55,01075,田辺裕信,1:10.1,1.1/4,7-8,34.6,35.0,9,472(+10),01068,[東]小島茂之,758005,吉田照哉,,,,,,,,,,,,"12,8(2,11)(6,9)(4,5)(1,10)7,3",7,2,1.5,False,"12(8,11)(2,6,9)10(4,5)(1,3)7",8,2,0.0,False,-13,前日よりも馬場は乾いて、前週と同レベルの高速馬場。
201906030808,8,袖ケ浦特別(2勝),芝,1200,曇,良,13:55,2019-04-14,中山,12,6,7,2014102329,クリノレオノール,牝5,55,01134,嶋田純次,1:10.7,3.1/2,11-12,34.8,305.6,12,478(+8),01030,[東]星野忍,970006,栗本博晴,,,,,,,,,,,,"12,8(2,11)(6,9)(4,5)(1,10)7,3",11,1,1.5,False,"12(8,11)(2,6,9)10(4,5)(1,3)7",12,1,0.0,False,-13,前日よりも馬場は乾いて、前週と同レベルの高速馬場。
201906030809,9,鹿野山特別(2勝),芝,2000,曇,良,14:25,2019-04-14,中山,1,3,6,2015104925,ダンサール,牝4,54,01088,川田将雅,1:59.4,,3-3-3-1,34.3,3.8,2,510(+2),01105,[西]須貝尚介,808800,Ｇ１レーシング,"1,537.1","3,10(2,5,6)16(4,14)8(13,9)12,11,15,1,7",3,3,1.5,False,"3,10(2,6)(5,16)(4,14)8(13,9)12,11,15,1,7",3,2,1.5,False,"3,10,6(2,5)(14,16,1)(4,13,8,9)(11,12)15,7",3,1,3.0,False,"(3,*6)(10,14)(2,5,1)8(4,13,9)(15,11,12)7=16",1,2,0.0,True,-13,前日よりも馬場は乾いて、前週と同レベルの高速馬場。
201906030809,9,鹿野山特別(2勝),芝,2000,曇,良,14:25,2019-04-14,中山,2,6,11,2014105802,モクレレ,牡5,55,05386,戸崎圭太,2:00.0,3.1/2,13-13-13-12,34.4,11.8,5,512(-6),00399,[東]国枝栄,708800,金子真人ホールディン...,610.6,"3,10(2,5,6)16(4,14)8(13,9)12,11,15,1,7",13,1,3.0,False,"3,10(2,6)(5,16)(4,14)8(13,9)12,11,15,1,7",13,1,3.0,False,"3,10,6(2,5)(14,16,1)(4,13,8,9)(11,12)15,7",13,2,3.0,False,"(3,*6)(10,14)(2,5,1)8(4,13,9)(15,11,12)7=16",12,3,0.0,False,-13,前日よりも馬場は乾いて、前週と同レベルの高速馬場。
201906030809,9,鹿野山特別(2勝),芝,2000,曇,良,14:25,2019-04-14,中山,3,1,1,2014105760,フリージングレイン,牡5,56,05212,Ｍ．デム,2:00.0,クビ,15-15-6-5,34.7,9.1,4,522(-4),01079,[東]古賀慎明,415800,社台レースホース,385.3,"3,10(2,5,6)16(4,14)8(13,9)12,11,15,1,7",15,1,6.0,False,"3,10(2,6)(5,16)(4,14)8(13,9)12,11,15,1,7",15,1,6.0,False,"3,10,6(2,5)(14,16,1)(4,13,8,9)(11,12)15,7",6,3,3.0,False,"(3,*6)(10,14)(2,5,1)8(4,13,9)(15,11,12)7=16",5,3,0.0,False,-13,前日よりも馬場は乾いて、前週と同レベルの高速馬場。
201906030809,9,鹿野山特別(2勝),芝,2000,曇,良,14:25,2019-04-14,中山,4,4,8,2014105247,ストロングレヴィル,牡5,54,01077,石橋脩,2:00.0,ハナ,9-9-9-8,34.6,6.8,3,492(+4),01070,[東]堀宣行,122009,村木篤,230.0,"3,10(2,5,6)16(4,14)8(13,9)12,11,15,1,7",9,1,1.5,False,"3,10(2,6)(5,16)(4,14)8(13,9)12,11,15,1,7",9,1,1.5,False,"3,10,6(2,5)(14,16,1)(4,13,8,9)(11,12)15,7",9,4,3.0,False,"(3,*6)(10,14)(2,5,1)8(4,13,9)(15,11,12)7=16",8,1,0.0,False,-13,前日よりも馬場は乾いて、前週と同レベルの高速馬場。
201906030809,9,鹿野山特別(2勝),芝,2000,曇,良,14:25,2019-04-14,中山,5,3,5,2014103335,ローリングタワー,牡5,53,01085,松岡正海,2:00.0,ハナ,3-5-4-5,34.8,141.9,15,448(-8),01031,[東]伊藤伸一,694008,本間茂,150.0,"3,10(2,5,6)16(4,14)8(13,9)12,11,15,1,7",3,3,1.5,False,"3,10(2,6)(5,16)(4,14)8(13,9)12,11,15,1,7",5,2,1.5,False,"3,10,6(2,5)(14,16,1)(4,13,8,9)(11,12)15,7",4,2,3.0,False,"(3,*6)(10,14)(2,5,1)8(4,13,9)(15,11,12)7=16",5,3,0.0,False,-13,前日よりも馬場は乾いて、前週と同レベルの高速馬場。
201906030809,9,鹿野山特別(2勝),芝,2000,曇,良,14:25,2019-04-14,中山,6,5,9,2014105476,ショワドゥロワ,牡5,55,00666,武豊,2:00.0,アタマ,10-10-9-9,34.6,17.1,7,508(-2),01097,[東]鹿戸雄一,338007,村野康司,,"3,10(2,5,6)16(4,14)8(13,9)12,11,15,1,7",10,2,1.5,False,"3,10(2,6)(5,16)(4,14)8(13,9)12,11,15,1,7",10,2,1.5,False,"3,10,6(2,5)(14,16,1)(4,13,8,9)(11,12)15,7",9,4,3.0,False,"(3,*6)(10,14)(2,5,1)8(4,13,9)(15,11,12)7=16",9,3,0.0,False,-13,前日よりも馬場は乾いて、前週と同レベルの高速馬場。
201906030809,9,鹿野山特別(2勝),芝,2000,曇,良,14:25,2019-04-14,中山,7,6,12,2014106218,ルヴォワール,牝5,54,05339,ルメール,2:00.2,1,12-12-13-12,34.5,2.4,1,532(+8),01038,[東]手塚貴久,486800,キャロットファーム,,"3,10(2,5,6)16(4,14)8(13,9)12,11,15,1,7",12,1,1.5,False,"3,10(2,6)(5,16)(4,14)8(13,9)12,11,15,1,7",12,1,1.5,False,"3,10,6(2,5)(14,16,1)(4,13,8,9)(11,12)15,7",13,2,3.0,False,"(3,*6)(10,14)(2,5,1)8(4,13,9)(15,11,12)7=16",12,3,0.0,False,-13,前日よりも馬場は乾いて、前週と同レベルの高速馬場。
201906030809,9,鹿野山特別(2勝),芝,2000,曇,良,14:25,2019-04-14,中山,8,2,4,2015103138,サンティーニ,牡4,54,01122,三浦皇成,2:00.2,ハナ,7-7-9-9,34.8,53.7,9,494(0),01091,[西]羽月友彦,102800,ターフ・スポート,,"3,10(2,5,6)16(4,14)8(13,9)12,11,15,1,7",7,2,1.5,False,"3,10(2,6)(5,16)(4,14)8(13,9)12,11,15,1,7",7,2,1.5,False,"3,10,6(2,5)(14,16,1)(4,13,8,9)(11,12)15,7",9,4,3.0,False,"(3,*6)(10,14)(2,5,1)8(4,13,9)(15,11,12)7=16",9,3,0.0,False,-13,前日よりも馬場は乾いて、前週と同レベルの高速馬場。
201906030809,9,鹿野山特別(2勝),芝,2000,曇,良,14:25,2019-04-14,中山,9,8,15,2014100597,スパイクナード,牝5,51,01158,野中悠太,2:00.2,アタマ,14-14-15-12,34.4,74.3,13,432(-16),00429,[西]佐々木晶,948006,前田幸治,,"3,10(2,5,6)16(4,14)8(13,9)12,11,15,1,7",14,1,4.5,False,"3,10(2,6)(5,16)(4,14)8(13,9)12,11,15,1,7",14,1,4.5,False,"3,10,6(2,5)(14,16,1)(4,13,8,9)(11,12)15,7",15,1,3.0,False,"(3,*6)(10,14)(2,5,1)8(4,13,9)(15,11,12)7=16",12,3,0.0,False,-13,前日よりも馬場は乾いて、前週と同レベルの高速馬場。
201906030809,9,鹿野山特別(2勝),芝,2000,曇,良,14:25,2019-04-14,中山,10,7,14,2011103862,レッドカイザー,セ8,55,01126,松山弘平,2:00.2,ハナ,7-7-6-3,34.9,57.3,10,482(+2),01158,[西]寺島良,180800,東京ホースレーシング,,"3,10(2,5,6)16(4,14)8(13,9)12,11,15,1,7",7,2,1.5,False,"3,10(2,6)(5,16)(4,14)8(13,9)12,11,15,1,7",7,2,1.5,False,"3,10,6(2,5)(14,16,1)(4,13,8,9)(11,12)15,7",6,3,3.0,False,"(3,*6)(10,14)(2,5,1)8(4,13,9)(15,11,12)7=16",3,2,0.0,False,-13,前日よりも馬場は乾いて、前週と同レベルの高速馬場。
201906030809,9,鹿野山特別(2勝),芝,2000,曇,良,14:25,2019-04-14,中山,11,1,2,2015100548,ロジティナ,牡4,55,01014,福永祐一,2:00.2,クビ,3-3-4-5,35.0,15.7,6,548(-2),01116,[東]新開幸一,399030,久米田正明,,"3,10(2,5,6)16(4,14)8(13,9)12,11,15,1,7",3,3,1.5,False,"3,10(2,6)(5,16)(4,14)8(13,9)12,11,15,1,7",3,2,1.5,False,"3,10,6(2,5)(14,16,1)(4,13,8,9)(11,12)15,7",4,2,3.0,False,"(3,*6)(10,14)(2,5,1)8(4,13,9)(15,11,12)7=16",5,3,0.0,False,-13,前日よりも馬場は乾いて、前週と同レベルの高速馬場。
201906030809,9,鹿野山特別(2勝),芝,2000,曇,良,14:25,2019-04-14,中山,12,7,13,2014103156,ベイビーステップ,牡5,55,05203,岩田康誠,2:00.4,1.1/2,10-10-9-9,34.9,69.5,12,490(-4),01052,[東]菊川正達,858800,大塚亮一,,"3,10(2,5,6)16(4,14)8(13,9)12,11,15,1,7",10,2,1.5,False,"3,10(2,6)(5,16)(4,14)8(13,9)12,11,15,1,7",10,2,1.5,False,"3,10,6(2,5)(14,16,1)(4,13,8,9)(11,12)15,7",9,4,3.0,False,"(3,*6)(10,14)(2,5,1)8(4,13,9)(15,11,12)7=16",9,3,0.0,False,-13,前日よりも馬場は乾いて、前週と同レベルの高速馬場。
201906030809,9,鹿野山特別(2勝),芝,2000,曇,良,14:25,2019-04-14,中山,13,2,3,2014100726,マイネルズイーガー,牡5,54,01009,柴田大知,2:00.5,クビ,1-1-1-2,35.7,39.6,8,510(0),01064,[東]武藤善則,546800,サラブレッドクラブ・...,,"3,10(2,5,6)16(4,14)8(13,9)12,11,15,1,7",1,1,0.0,False,"3,10(2,6)(5,16)(4,14)8(13,9)12,11,15,1,7",1,1,0.0,False,"3,10,6(2,5)(14,16,1)(4,13,8,9)(11,12)15,7",1,1,0.0,False,"(3,*6)(10,14)(2,5,1)8(4,13,9)(15,11,12)7=16",2,2,0.0,False,-13,前日よりも馬場は乾いて、前週と同レベルの高速馬場。
201906030809,9,鹿野山特別(2勝),芝,2000,曇,良,14:25,2019-04-14,中山,14,5,10,2012103796,フォワードカフェ,牡7,54,01032,池添謙一,2:00.5,クビ,2-2-2-3,35.6,61.1,11,526(-4),01165,[東]和田勇介,505007,西川恭子,,"3,10(2,5,6)16(4,14)8(13,9)12,11,15,1,7",2,1,1.5,False,"3,10(2,6)(5,16)(4,14)8(13,9)12,11,15,1,7",2,1,1.5,False,"3,10,6(2,5)(14,16,1)(4,13,8,9)(11,12)15,7",2,1,1.5,False,"(3,*6)(10,14)(2,5,1)8(4,13,9)(15,11,12)7=16",3,2,0.0,False,-13,前日よりも馬場は乾いて、前週と同レベルの高速馬場。
201906030809,9,鹿野山特別(2勝),芝,2000,曇,良,14:25,2019-04-14,中山,15,4,7,2014106522,セガールモチンモク,セ5,55,01118,宮崎北斗,2:00.6,クビ,16-16-16-15,34.6,166.5,16,492(0),01096,[東]粕谷昌央,334009,小田切有一,,"3,10(2,5,6)16(4,14)8(13,9)12,11,15,1,7",16,1,7.5,False,"3,10(2,6)(5,16)(4,14)8(13,9)12,11,15,1,7",16,1,7.5,False,"3,10,6(2,5)(14,16,1)(4,13,8,9)(11,12)15,7",16,1,4.5,False,"(3,*6)(10,14)(2,5,1)8(4,13,9)(15,11,12)7=16",15,1,0.0,False,-13,前日よりも馬場は乾いて、前週と同レベルの高速馬場。
201906030809,9,鹿野山特別(2勝),芝,2000,曇,良,14:25,2019-04-14,中山,中,8,16,2014100733,マイネルスフェーン,牡5,55,05115,シュタル,,,6-5-6-16,,94.2,14,462(+4),01089,[東]武市康男,546800,サラブレッドクラブ・...,,"3,10(2,5,6)16(4,14)8(13,9)12,11,15,1,7",6,1,1.5,False,"3,10(2,6)(5,16)(4,14)8(13,9)12,11,15,1,7",5,2,1.5,False,"3,10,6(2,5)(14,16,1)(4,13,8,9)(11,12)15,7",6,3,3.0,False,"(3,*6)(10,14)(2,5,1)8(4,13,9)(15,11,12)7=16",16,1,6.0,False,-13,前日よりも馬場は乾いて、前週と同レベルの高速馬場。
201906030810,10,京葉S(L),ダ,1200,曇,良,15:01,2019-04-14,中山,1,3,6,2012101013,アポロノシンザン,牡7,57,00666,武豊,1:11.0,,1-1,36.1,13.9,6,486(+6),01026,[東]鈴木伸尋,033700,アポロサラブレッドク...,"2,336.4",,,,,,,,,,,"6,8(2,12)(4,9,14,16)(1,10,13)(3,5)(11,15)7",1,1,0.0,False,"6(2,8)12(4,16)14(9,13)(1,10,5)(3,11,15)7",1,1,0.0,False,-1,
201906030810,10,京葉S(L),ダ,1200,曇,良,15:01,2019-04-14,中山,2,8,16,2012101489,ドリームドルチェ,牡7,56,01075,田辺裕信,1:11.1,3/4,5-5,35.6,11.8,4,514(+4),01029,[東]根本康広,542800,ライオンレースホース,930.4,,,,,,,,,,,"6,8(2,12)(4,9,14,16)(1,10,13)(3,5)(11,15)7",5,4,1.5,False,"6(2,8)12(4,16)14(9,13)(1,10,5)(3,11,15)7",5,2,0.0,False,-1,
201906030810,10,京葉S(L),ダ,1200,曇,良,15:01,2019-04-14,中山,3,4,8,2013100783,シュウジ,牡6,59,01122,三浦皇成,1:11.1,アタマ,2-2,36.0,4.0,2,506(-2),01105,[西]須貝尚介,271008,安原浩司,585.2,,,,,,,,,,,"6,8(2,12)(4,9,14,16)(1,10,13)(3,5)(11,15)7",2,1,1.5,False,"6(2,8)12(4,16)14(9,13)(1,10,5)(3,11,15)7",2,2,0.0,False,-1,
201906030810,10,京葉S(L),ダ,1200,曇,良,15:01,2019-04-14,中山,4,1,2,2014106231,ジューヌエコール,牝5,54,05339,ルメール,1:11.4,1.1/2,3-2,36.2,2.5,1,494(0),00438,[西]安田隆行,226800,サンデーレーシング,350.0,,,,,,,,,,,"6,8(2,12)(4,9,14,16)(1,10,13)(3,5)(11,15)7",3,2,1.5,False,"6(2,8)12(4,16)14(9,13)(1,10,5)(3,11,15)7",2,2,0.0,False,-1,
201906030810,10,京葉S(L),ダ,1200,曇,良,15:01,2019-04-14,中山,5,6,12,2013101678,ウインオスカー,牡6,57,01144,菱田裕二,1:11.5,3/4,3-4,36.3,6.5,3,506(0),01050,[西]飯田雄三,494800,ウイン,230.0,,,,,,,,,,,"6,8(2,12)(4,9,14,16)(1,10,13)(3,5)(11,15)7",3,2,1.5,False,"6(2,8)12(4,16)14(9,13)(1,10,5)(3,11,15)7",4,1,0.0,False,-1,
201906030810,10,京葉S(L),ダ,1200,曇,良,15:01,2019-04-14,中山,6,8,15,2014105724,ハットラブ,牝5,54,01161,菊沢一樹,1:11.8,2,14-13,35.7,15.4,7,492(0),01115,[東]菊沢隆徳,916033,服部邦繁,,,,,,,,,,,,"6,8(2,12)(4,9,14,16)(1,10,13)(3,5)(11,15)7",14,2,1.5,False,"6(2,8)12(4,16)14(9,13)(1,10,5)(3,11,15)7",13,3,0.0,False,-1,
201906030810,10,京葉S(L),ダ,1200,曇,良,15:01,2019-04-14,中山,7,6,11,2015100198,バイラ,牡4,56,01126,松山弘平,1:11.9,クビ,14-13,35.8,12.2,5,514(+4),01003,[西]川村禎彦,330007,杉澤光雄,,,,,,,,,,,,"6,8(2,12)(4,9,14,16)(1,10,13)(3,5)(11,15)7",14,2,1.5,False,"6(2,8)12(4,16)14(9,13)(1,10,5)(3,11,15)7",13,3,0.0,False,-1,
201906030810,10,京葉S(L),ダ,1200,曇,良,15:01,2019-04-14,中山,8,7,13,2012103262,トウショウカウント,牡7,56,00726,岩部純二,1:12.0,1/2,9-8,36.3,218.3,15,524(+4),01024,[東]萱野浩二,078800,トウショウ産業,,,,,,,,,,,,"6,8(2,12)(4,9,14,16)(1,10,13)(3,5)(11,15)7",9,3,1.5,False,"6(2,8)12(4,16)14(9,13)(1,10,5)(3,11,15)7",8,2,0.0,False,-1,
201906030810,10,京葉S(L),ダ,1200,曇,良,15:01,2019-04-14,中山,9,2,4,2015106226,クイーンズテソーロ,牝4,54,01162,木幡巧也,1:12.0,クビ,5-5,36.6,16.3,8,460(+2),01048,[東]畠山吉宏,089803,了徳寺健二ホールディ...,,,,,,,,,,,,"6,8(2,12)(4,9,14,16)(1,10,13)(3,5)(11,15)7",5,4,1.5,False,"6(2,8)12(4,16)14(9,13)(1,10,5)(3,11,15)7",5,2,0.0,False,-1,
201906030810,10,京葉S(L),ダ,1200,曇,良,15:01,2019-04-14,中山,10,1,1,2012104298,モアニケアラ,牝7,54,00660,横山典弘,1:12.0,ハナ,9-10,36.3,29.1,9,470(+4),01092,[西]松永幹夫,463800,名古屋友豊,,,,,,,,,,,,"6,8(2,12)(4,9,14,16)(1,10,13)(3,5)(11,15)7",9,3,1.5,False,"6(2,8)12(4,16)14(9,13)(1,10,5)(3,11,15)7",10,3,0.0,False,-1,
201906030810,10,京葉S(L),ダ,1200,曇,良,15:01,2019-04-14,中山,11,3,5,2013102856,ブラックジョー,セ6,56,01009,柴田大知,1:12.2,1,12-10,36.3,103.4,11,460(-4),01042,[西]安達昭夫,381002,山内邦一,,,,,,,,,,,,"6,8(2,12)(4,9,14,16)(1,10,13)(3,5)(11,15)7",12,2,1.5,False,"6(2,8)12(4,16)14(9,13)(1,10,5)(3,11,15)7",10,3,0.0,False,-1,
201906030810,10,京葉S(L),ダ,1200,曇,良,15:01,2019-04-14,中山,12,4,7,2013104754,タイセイエクレール,牡6,56,01085,松岡正海,1:12.2,クビ,16-16,35.9,239.8,16,522(-4),01142,[西]森田直行,224007,田中成奉,,,,,,,,,,,,"6,8(2,12)(4,9,14,16)(1,10,13)(3,5)(11,15)7",16,1,1.5,False,"6(2,8)12(4,16)14(9,13)(1,10,5)(3,11,15)7",16,1,0.0,False,-1,
201906030810,10,京葉S(L),ダ,1200,曇,良,15:01,2019-04-14,中山,13,5,10,2011105881,ラブバレット,牡8,58,05203,岩田康誠,1:12.2,ハナ,9-10,36.5,146.0,13,486(-4),01077,[東]加藤和宏,010700,オールラブクラブ,,,,,,,,,,,,"6,8(2,12)(4,9,14,16)(1,10,13)(3,5)(11,15)7",9,3,1.5,False,"6(2,8)12(4,16)14(9,13)(1,10,5)(3,11,15)7",10,3,0.0,False,-1,
201906030810,10,京葉S(L),ダ,1200,曇,良,15:01,2019-04-14,中山,14,5,9,2011110074,ナンチンノン,牡8,58,01025,勝浦正樹,1:12.4,1.1/4,5-8,36.9,112.3,12,538(-2),01039,[西]中竹和也,944030,加藤誠,,,,,,,,,,,,"6,8(2,12)(4,9,14,16)(1,10,13)(3,5)(11,15)7",5,4,1.5,False,"6(2,8)12(4,16)14(9,13)(1,10,5)(3,11,15)7",8,2,0.0,False,-1,
201906030810,10,京葉S(L),ダ,1200,曇,良,15:01,2019-04-14,中山,15,2,3,2012103249,トウショウピスト,牡7,57,00733,吉田豊,1:12.5,1/2,12-13,36.5,190.6,14,492(+2),00417,[東]土田稔,078800,トウショウ産業,,,,,,,,,,,,"6,8(2,12)(4,9,14,16)(1,10,13)(3,5)(11,15)7",12,2,1.5,False,"6(2,8)12(4,16)14(9,13)(1,10,5)(3,11,15)7",13,3,0.0,False,-1,
201906030810,10,京葉S(L),ダ,1200,曇,良,15:01,2019-04-14,中山,16,7,14,2013100991,モズワッショイ,牝6,54,05115,シュタル,1:12.9,2.1/2,5-7,37.5,86.3,10,416(-10),01113,[西]牧浦充徳,005803,キャピタル・システム,,,,,,,,,,,,"6,8(2,12)(4,9,14,16)(1,10,13)(3,5)(11,15)7",5,4,1.5,False,"6(2,8)12(4,16)14(9,13)(1,10,5)(3,11,15)7",7,1,0.0,False,-1,
201906030811,11,第79回皐月賞(GI),芝,2000,曇,良,15:40,2019-04-14,中山,1,6,12,2016104505,サートゥルナーリア,牡3,57,05339,ルメール,1:58.1,,6-7-7-7,34.1,1.7,1,496(-4),01053,[西]角居勝彦,486800,キャロットファーム,"13,301.6","5(14,15)4,7(1,6,12)11(3,2,8)10-(13,18)-(17,16)-9",6,3,1.5,False,"5,14(4,15)(1,7)(3,6,12)(11,8)(10,2)-(13,18)(17,16)-9",7,3,1.5,False,"(*5,14)15(4,1,7)(3,6,12)(10,11,8)(13,2)(17,16)(18,9)",7,3,0.0,False,"(5,*14,15)7(4,1)12(3,6)(10,11,8,16)(13,17,2,18)-9",7,1,0.0,False,-13,前日よりも馬場は乾いて、前週と同レベルの高速馬場。
201906030811,11,第79回皐月賞(GI),芝,2000,曇,良,15:40,2019-04-14,中山,2,4,7,2016104529,ヴェロックス,牡3,57,01088,川田将雅,1:58.1,アタマ,5-5-4-4,34.4,9.0,4,478(-4),01137,[西]中内田充,708800,金子真人ホールディン...,"5,057.6","5(14,15)4,7(1,6,12)11(3,2,8)10-(13,18)-(17,16)-9",5,1,1.5,False,"5,14(4,15)(1,7)(3,6,12)(11,8)(10,2)-(13,18)(17,16)-9",5,2,1.5,False,"(*5,14)15(4,1,7)(3,6,12)(10,11,8)(13,2)(17,16)(18,9)",4,3,0.0,False,"(5,*14,15)7(4,1)12(3,6)(10,11,8,16)(13,17,2,18)-9",4,1,0.0,False,-13,前日よりも馬場は乾いて、前週と同レベルの高速馬場。
201906030811,11,第79回皐月賞(GI),芝,2000,曇,良,15:40,2019-04-14,中山,3,2,4,2016102179,ダノンキングリー,牡3,57,05386,戸崎圭太,1:58.1,ハナ,4-3-4-5,34.5,5.8,3,450(-4),01017,[東]萩原清,619800,ダノックス,"3,128.8","5(14,15)4,7(1,6,12)11(3,2,8)10-(13,18)-(17,16)-9",4,1,0.0,False,"5,14(4,15)(1,7)(3,6,12)(11,8)(10,2)-(13,18)(17,16)-9",3,2,1.5,False,"(*5,14)15(4,1,7)(3,6,12)(10,11,8)(13,2)(17,16)(18,9)",4,3,0.0,False,"(5,*14,15)7(4,1)12(3,6)(10,11,8,16)(13,17,2,18)-9",5,2,0.0,False,-13,前日よりも馬場は乾いて、前週と同レベルの高速馬場。
201906030811,11,第79回皐月賞(GI),芝,2000,曇,良,15:40,2019-04-14,中山,4,1,1,2016104422,アドマイヤマーズ,牡3,57,05212,Ｍ．デム,1:58.5,2,6-5-4-5,34.9,5.7,2,470(-8),01061,[西]友道康夫,398002,近藤利一,"1,700.0","5(14,15)4,7(1,6,12)11(3,2,8)10-(13,18)-(17,16)-9",6,3,1.5,False,"5,14(4,15)(1,7)(3,6,12)(11,8)(10,2)-(13,18)(17,16)-9",5,2,1.5,False,"(*5,14)15(4,1,7)(3,6,12)(10,11,8)(13,2)(17,16)(18,9)",4,3,0.0,False,"(5,*14,15)7(4,1)12(3,6)(10,11,8,16)(13,17,2,18)-9",5,2,0.0,False,-13,前日よりも馬場は乾いて、前週と同レベルの高速馬場。
201906030811,11,第79回皐月賞(GI),芝,2000,曇,良,15:40,2019-04-14,中山,5,3,6,2016104778,クラージュゲリエ,牡3,57,00660,横山典弘,1:58.7,1.1/2,6-7-7-8,34.7,109.4,14,490(+2),01071,[西]池江泰寿,486800,キャロットファーム,"1,100.0","5(14,15)4,7(1,6,12)11(3,2,8)10-(13,18)-(17,16)-9",6,3,1.5,False,"5,14(4,15)(1,7)(3,6,12)(11,8)(10,2)-(13,18)(17,16)-9",7,3,1.5,False,"(*5,14)15(4,1,7)(3,6,12)(10,11,8)(13,2)(17,16)(18,9)",7,3,0.0,False,"(5,*14,15)7(4,1)12(3,6)(10,11,8,16)(13,17,2,18)-9",8,2,0.0,False,-13,前日よりも馬場は乾いて、前週と同レベルの高速馬場。
201906030811,11,第79回皐月賞(GI),芝,2000,曇,良,15:40,2019-04-14,中山,6,8,16,2016100527,タガノディアマンテ,牡3,57,01075,田辺裕信,1:58.9,1.1/4,16-16-15-10,34.4,183.5,15,460(-4),01046,[西]鮫島一歩,859002,八木良司,,"5(14,15)4,7(1,6,12)11(3,2,8)10-(13,18)-(17,16)-9",16,2,8.5,False,"5,14(4,15)(1,7)(3,6,12)(11,8)(10,2)-(13,18)(17,16)-9",16,2,5.0,False,"(*5,14)15(4,1,7)(3,6,12)(10,11,8)(13,2)(17,16)(18,9)",15,2,0.0,False,"(5,*14,15)7(4,1)12(3,6)(10,11,8,16)(13,17,2,18)-9",10,4,0.0,False,-13,前日よりも馬場は乾いて、前週と同レベルの高速馬場。
201906030811,11,第79回皐月賞(GI),芝,2000,曇,良,15:40,2019-04-14,中山,7,6,11,2016105239,ラストドラフト,牡3,57,05115,シュタル,1:59.0,1/2,9-10-10-10,34.8,67.8,10,452(0),01054,[東]戸田博文,415800,社台レースホース,,"5(14,15)4,7(1,6,12)11(3,2,8)10-(13,18)-(17,16)-9",9,1,1.5,False,"5,14(4,15)(1,7)(3,6,12)(11,8)(10,2)-(13,18)(17,16)-9",10,2,1.5,False,"(*5,14)15(4,1,7)(3,6,12)(10,11,8)(13,2)(17,16)(18,9)",10,3,0.0,False,"(5,*14,15)7(4,1)12(3,6)(10,11,8,16)(13,17,2,18)-9",10,4,0.0,False,-13,前日よりも馬場は乾いて、前週と同レベルの高速馬場。
201906030811,11,第79回皐月賞(GI),芝,2000,曇,良,15:40,2019-04-14,中山,8,8,17,2016104702,アドマイヤジャスタ,牡3,57,05203,岩田康誠,1:59.0,アタマ,16-16-15-14,34.5,72.1,11,508(0),01105,[西]須貝尚介,398002,近藤利一,,"5(14,15)4,7(1,6,12)11(3,2,8)10-(13,18)-(17,16)-9",16,2,8.5,False,"5,14(4,15)(1,7)(3,6,12)(11,8)(10,2)-(13,18)(17,16)-9",16,2,5.0,False,"(*5,14)15(4,1,7)(3,6,12)(10,11,8)(13,2)(17,16)(18,9)",15,2,0.0,False,"(5,*14,15)7(4,1)12(3,6)(10,11,8,16)(13,17,2,18)-9",14,4,0.0,False,-13,前日よりも馬場は乾いて、前週と同レベルの高速馬場。
201906030811,11,第79回皐月賞(GI),芝,2000,曇,良,15:40,2019-04-14,中山,9,7,14,2016104035,ダディーズマインド,牡3,57,01118,宮崎北斗,1:59.2,1.1/2,2-2-2-1,35.8,475.0,17,478(-4),01156,[東]青木孝文,754030,田島大史,,"5(14,15)4,7(1,6,12)11(3,2,8)10-(13,18)-(17,16)-9",2,2,0.0,False,"5,14(4,15)(1,7)(3,6,12)(11,8)(10,2)-(13,18)(17,16)-9",2,1,1.5,False,"(*5,14)15(4,1,7)(3,6,12)(10,11,8)(13,2)(17,16)(18,9)",2,2,0.0,False,"(5,*14,15)7(4,1)12(3,6)(10,11,8,16)(13,17,2,18)-9",1,3,0.0,True,-13,前日よりも馬場は乾いて、前週と同レベルの高速馬場。
201906030811,11,第79回皐月賞(GI),芝,2000,曇,良,15:40,2019-04-14,中山,10,8,18,2016103387,ナイママ,牡3,57,01009,柴田大知,1:59.3,1/2,14-14-17-14,34.6,489.5,18,458(+8),01064,[東]武藤善則,760008,岡田繁幸,,"5(14,15)4,7(1,6,12)11(3,2,8)10-(13,18)-(17,16)-9",14,2,5.0,False,"5,14(4,15)(1,7)(3,6,12)(11,8)(10,2)-(13,18)(17,16)-9",14,2,5.0,False,"(*5,14)15(4,1,7)(3,6,12)(10,11,8)(13,2)(17,16)(18,9)",17,2,0.0,False,"(5,*14,15)7(4,1)12(3,6)(10,11,8,16)(13,17,2,18)-9",14,4,0.0,False,-13,前日よりも馬場は乾いて、前週と同レベルの高速馬場。
201906030811,11,第79回皐月賞(GI),芝,2000,曇,良,15:40,2019-04-14,中山,11,7,13,2016102396,ブレイキングドーン,牡3,57,01014,福永祐一,1:59.3,アタマ,14-14-13-14,34.9,99.0,13,498(0),01039,[西]中竹和也,117031,前田幸貴,,"5(14,15)4,7(1,6,12)11(3,2,8)10-(13,18)-(17,16)-9",14,2,5.0,False,"5,14(4,15)(1,7)(3,6,12)(11,8)(10,2)-(13,18)(17,16)-9",14,2,5.0,False,"(*5,14)15(4,1,7)(3,6,12)(10,11,8)(13,2)(17,16)(18,9)",13,2,0.0,False,"(5,*14,15)7(4,1)12(3,6)(10,11,8,16)(13,17,2,18)-9",14,4,0.0,False,-13,前日よりも馬場は乾いて、前週と同レベルの高速馬場。
201906030811,11,第79回皐月賞(GI),芝,2000,曇,良,15:40,2019-04-14,中山,12,5,10,2016104372,シュヴァルツリーゼ,牡3,57,01077,石橋脩,1:59.7,2,13-12-10-10,35.5,34.8,7,478(-10),01070,[東]堀宣行,226800,サンデーレーシング,,"5(14,15)4,7(1,6,12)11(3,2,8)10-(13,18)-(17,16)-9",13,1,1.5,False,"5,14(4,15)(1,7)(3,6,12)(11,8)(10,2)-(13,18)(17,16)-9",12,2,1.5,False,"(*5,14)15(4,1,7)(3,6,12)(10,11,8)(13,2)(17,16)(18,9)",10,3,0.0,False,"(5,*14,15)7(4,1)12(3,6)(10,11,8,16)(13,17,2,18)-9",10,4,0.0,False,-13,前日よりも馬場は乾いて、前週と同レベルの高速馬場。
201906030811,11,第79回皐月賞(GI),芝,2000,曇,良,15:40,2019-04-14,中山,13,2,3,2016103137,ファンタジスト,牡3,57,00666,武豊,1:59.7,アタマ,10-7-7-8,35.8,25.9,5,480(-4),01084,[西]梅田智之,539002,廣崎利洋,,"5(14,15)4,7(1,6,12)11(3,2,8)10-(13,18)-(17,16)-9",10,3,1.5,False,"5,14(4,15)(1,7)(3,6,12)(11,8)(10,2)-(13,18)(17,16)-9",7,3,1.5,False,"(*5,14)15(4,1,7)(3,6,12)(10,11,8)(13,2)(17,16)(18,9)",7,3,0.0,False,"(5,*14,15)7(4,1)12(3,6)(10,11,8,16)(13,17,2,18)-9",8,2,0.0,False,-13,前日よりも馬場は乾いて、前週と同レベルの高速馬場。
201906030811,11,第79回皐月賞(GI),芝,2000,曇,良,15:40,2019-04-14,中山,14,1,2,2016104659,サトノルークス,牡3,57,01032,池添謙一,1:59.7,ハナ,10-12-13-14,35.3,35.4,8,466(-6),01071,[西]池江泰寿,075803,サトミホースカンパニ...,,"5(14,15)4,7(1,6,12)11(3,2,8)10-(13,18)-(17,16)-9",10,3,1.5,False,"5,14(4,15)(1,7)(3,6,12)(11,8)(10,2)-(13,18)(17,16)-9",12,2,1.5,False,"(*5,14)15(4,1,7)(3,6,12)(10,11,8)(13,2)(17,16)(18,9)",13,2,0.0,False,"(5,*14,15)7(4,1)12(3,6)(10,11,8,16)(13,17,2,18)-9",14,4,0.0,False,-13,前日よりも馬場は乾いて、前週と同レベルの高速馬場。
201906030811,11,第79回皐月賞(GI),芝,2000,曇,良,15:40,2019-04-14,中山,15,5,9,2016102192,メイショウテンゲン,牡3,57,01122,三浦皇成,1:59.7,ハナ,18-18-17-18,34.9,51.4,9,454(-4),01021,[西]池添兼雄,523005,松本好雄,,"5(14,15)4,7(1,6,12)11(3,2,8)10-(13,18)-(17,16)-9",18,1,12.0,False,"5,14(4,15)(1,7)(3,6,12)(11,8)(10,2)-(13,18)(17,16)-9",18,1,8.5,False,"(*5,14)15(4,1,7)(3,6,12)(10,11,8)(13,2)(17,16)(18,9)",17,2,0.0,False,"(5,*14,15)7(4,1)12(3,6)(10,11,8,16)(13,17,2,18)-9",18,1,3.5,False,-13,前日よりも馬場は乾いて、前週と同レベルの高速馬場。
201906030811,11,第79回皐月賞(GI),芝,2000,曇,良,15:40,2019-04-14,中山,16,7,15,2016103690,クリノガウディー,牡3,57,01093,藤岡佑介,2:00.0,2,2-3-3-2,36.5,240.7,16,488(-6),01041,[西]藤沢則雄,970006,栗本博晴,,"5(14,15)4,7(1,6,12)11(3,2,8)10-(13,18)-(17,16)-9",2,2,0.0,False,"5,14(4,15)(1,7)(3,6,12)(11,8)(10,2)-(13,18)(17,16)-9",3,2,1.5,False,"(*5,14)15(4,1,7)(3,6,12)(10,11,8)(13,2)(17,16)(18,9)",3,1,0.0,False,"(5,*14,15)7(4,1)12(3,6)(10,11,8,16)(13,17,2,18)-9",2,3,0.0,False,-13,前日よりも馬場は乾いて、前週と同レベルの高速馬場。
201906030811,11,第79回皐月賞(GI),芝,2000,曇,良,15:40,2019-04-14,中山,17,4,8,2016103444,ニシノデイジー,牡3,57,01025,勝浦正樹,2:00.1,3/4,10-10-10-10,35.9,30.2,6,486(-10),01088,[東]高木登,897009,西山茂行,,"5(14,15)4,7(1,6,12)11(3,2,8)10-(13,18)-(17,16)-9",10,3,1.5,False,"5,14(4,15)(1,7)(3,6,12)(11,8)(10,2)-(13,18)(17,16)-9",10,2,1.5,False,"(*5,14)15(4,1,7)(3,6,12)(10,11,8)(13,2)(17,16)(18,9)",10,3,0.0,False,"(5,*14,15)7(4,1)12(3,6)(10,11,8,16)(13,17,2,18)-9",10,4,0.0,False,-13,前日よりも馬場は乾いて、前週と同レベルの高速馬場。
201906030811,11,第79回皐月賞(GI),芝,2000,曇,良,15:40,2019-04-14,中山,18,3,5,2016106252,ランスオブプラーナ,牡3,57,01126,松山弘平,2:00.8,4,1-1-1-2,37.4,83.0,12,468(+6),01099,[西]本田優,477006,五影慶則,,"5(14,15)4,7(1,6,12)11(3,2,8)10-(13,18)-(17,16)-9",1,1,0.0,False,"5,14(4,15)(1,7)(3,6,12)(11,8)(10,2)-(13,18)(17,16)-9",1,1,0.0,False,"(*5,14)15(4,1,7)(3,6,12)(10,11,8)(13,2)(17,16)(18,9)",1,2,0.0,True,"(5,*14,15)7(4,1)12(3,6)(10,11,8,16)(13,17,2,18)-9",2,3,0.0,False,-13,前日よりも馬場は乾いて、前週と同レベルの高速馬場。
201906030812,12,春興S(3勝),芝,1600,曇,良,16:30,2019-04-14,中山,1,1,2,2012101586,イレイション,牡7,56,01075,田辺裕信,1:33.7,,2-1-1,34.1,5.2,1,500(+6),01150,[東]池上昌和,003060,ゴドルフィン,"1,853.6",,,,,,"(2,*6,13)(1,15)3(9,12,16)(7,10)(5,14)(4,8,11)",2,3,0.0,False,"(*2,6)(1,3,13)15(9,12,16)(7,10)(5,8,11)14-4",1,2,0.0,True,"2(6,13)1(3,15)(9,12,16,10)(5,8,7,14,11)4",1,1,0.0,False,-13,前日よりも馬場は乾いて、前週と同レベルの高速馬場。
201906030812,12,春興S(3勝),芝,1600,曇,良,16:30,2019-04-14,中山,2,1,1,2015104387,トロワゼトワル,牝4,53,00660,横山典弘,1:33.7,クビ,4-3-4,33.9,12.9,7,462(-6),00438,[西]安田隆行,415800,社台レースホース,739.6,,,,,,"(2,*6,13)(1,15)3(9,12,16)(7,10)(5,14)(4,8,11)",4,2,0.0,False,"(*2,6)(1,3,13)15(9,12,16)(7,10)(5,8,11)14-4",3,3,0.0,False,"2(6,13)1(3,15)(9,12,16,10)(5,8,7,14,11)4",4,1,0.0,False,-13,前日よりも馬場は乾いて、前週と同レベルの高速馬場。
201906030812,12,春興S(3勝),芝,1600,曇,良,16:30,2019-04-14,中山,3,3,5,2012104319,キロハナ,牡7,56,05386,戸崎圭太,1:33.9,1.1/4,12-12-11,33.5,7.0,5,484(+12),01071,[西]池江泰寿,708800,金子真人ホールディン...,464.8,,,,,,"(2,*6,13)(1,15)3(9,12,16)(7,10)(5,14)(4,8,11)",12,2,0.0,False,"(*2,6)(1,3,13)15(9,12,16)(7,10)(5,8,11)14-4",12,3,0.0,False,"2(6,13)1(3,15)(9,12,16,10)(5,8,7,14,11)4",11,5,0.0,False,-13,前日よりも馬場は乾いて、前週と同レベルの高速馬場。
201906030812,12,春興S(3勝),芝,1600,曇,良,16:30,2019-04-14,中山,4,7,13,2014105795,ルタンデュボヌール,牡5,55,05203,岩田康誠,1:33.9,クビ,2-3-2,34.1,15.5,9,486(0),01061,[西]友道康夫,226800,サンデーレーシング,270.0,,,,,,"(2,*6,13)(1,15)3(9,12,16)(7,10)(5,14)(4,8,11)",2,3,0.0,False,"(*2,6)(1,3,13)15(9,12,16)(7,10)(5,8,11)14-4",3,3,0.0,False,"2(6,13)1(3,15)(9,12,16,10)(5,8,7,14,11)4",2,2,0.0,False,-13,前日よりも馬場は乾いて、前週と同レベルの高速馬場。
201906030812,12,春興S(3勝),芝,1600,曇,良,16:30,2019-04-14,中山,5,5,10,2013105677,ロライマ,セ6,56,01014,福永祐一,1:34.0,クビ,10-10-7,33.7,17.6,10,460(0),01011,[西]松田国英,415800,社台レースホース,182.0,,,,,,"(2,*6,13)(1,15)3(9,12,16)(7,10)(5,14)(4,8,11)",10,2,0.0,False,"(*2,6)(1,3,13)15(9,12,16)(7,10)(5,8,11)14-4",10,2,0.0,False,"2(6,13)1(3,15)(9,12,16,10)(5,8,7,14,11)4",7,4,0.0,False,-13,前日よりも馬場は乾いて、前週と同レベルの高速馬場。
201906030812,12,春興S(3勝),芝,1600,曇,良,16:30,2019-04-14,中山,6,7,14,2015104157,レジーナドーロ,牝4,53,01088,川田将雅,1:34.0,ハナ,12-15-11,33.5,5.7,2,450(0),01070,[東]堀宣行,808800,Ｇ１レーシング,,,,,,,"(2,*6,13)(1,15)3(9,12,16)(7,10)(5,14)(4,8,11)",12,2,0.0,False,"(*2,6)(1,3,13)15(9,12,16)(7,10)(5,8,11)14-4",15,1,0.0,False,"2(6,13)1(3,15)(9,12,16,10)(5,8,7,14,11)4",11,5,0.0,False,-13,前日よりも馬場は乾いて、前週と同レベルの高速馬場。
201906030812,12,春興S(3勝),芝,1600,曇,良,16:30,2019-04-14,中山,7,6,11,2015104513,トーセンブレス,牝4,54,05212,Ｍ．デム,1:34.0,クビ,14-12-11,33.6,6.6,3,470(-2),01059,[東]加藤征弘,270006,島川隆哉,,,,,,,"(2,*6,13)(1,15)3(9,12,16)(7,10)(5,14)(4,8,11)",14,3,0.0,False,"(*2,6)(1,3,13)15(9,12,16)(7,10)(5,8,11)14-4",12,3,0.0,False,"2(6,13)1(3,15)(9,12,16,10)(5,8,7,14,11)4",11,5,0.0,False,-13,前日よりも馬場は乾いて、前週と同レベルの高速馬場。
201906030812,12,春興S(3勝),芝,1600,曇,良,16:30,2019-04-14,中山,8,6,12,2011104759,チャンピオンルパン,牡8,55,01122,三浦皇成,1:34.1,1/2,7-7-7,34.0,42.4,12,492(-6),01047,[東]勢司和浩,750005,坪野谷和平,,,,,,,"(2,*6,13)(1,15)3(9,12,16)(7,10)(5,14)(4,8,11)",7,3,0.0,False,"(*2,6)(1,3,13)15(9,12,16)(7,10)(5,8,11)14-4",7,3,0.0,False,"2(6,13)1(3,15)(9,12,16,10)(5,8,7,14,11)4",7,4,0.0,False,-13,前日よりも馬場は乾いて、前週と同レベルの高速馬場。
201906030812,12,春興S(3勝),芝,1600,曇,良,16:30,2019-04-14,中山,9,5,9,2014106335,インビジブルレイズ,牡5,55,01150,石川裕紀,1:34.1,ハナ,7-7-7,34.0,82.7,14,458(-12),01130,[西]吉村圭司,506800,シルクレーシング,,,,,,,"(2,*6,13)(1,15)3(9,12,16)(7,10)(5,14)(4,8,11)",7,3,0.0,False,"(*2,6)(1,3,13)15(9,12,16)(7,10)(5,8,11)14-4",7,3,0.0,False,"2(6,13)1(3,15)(9,12,16,10)(5,8,7,14,11)4",7,4,0.0,False,-13,前日よりも馬場は乾いて、前週と同レベルの高速馬場。
201906030812,12,春興S(3勝),芝,1600,曇,良,16:30,2019-04-14,中山,10,4,7,2014102617,アンノートル,牡5,55,01085,松岡正海,1:34.1,ハナ,10-10-11,33.9,7.0,4,502(-4),01162,[東]田中博康,716800,ビッグレッドファーム,,,,,,,"(2,*6,13)(1,15)3(9,12,16)(7,10)(5,14)(4,8,11)",10,2,0.0,False,"(*2,6)(1,3,13)15(9,12,16)(7,10)(5,8,11)14-4",10,2,0.0,False,"2(6,13)1(3,15)(9,12,16,10)(5,8,7,14,11)4",11,5,0.0,False,-13,前日よりも馬場は乾いて、前週と同レベルの高速馬場。
201906030812,12,春興S(3勝),芝,1600,曇,良,16:30,2019-04-14,中山,11,2,3,2015100097,テンクウ,牡4,55,01032,池添謙一,1:34.2,3/4,6-3-5,34.3,61.4,13,464(+10),01145,[東]奥村武,149002,井山登,,,,,,,"(2,*6,13)(1,15)3(9,12,16)(7,10)(5,14)(4,8,11)",6,1,0.0,False,"(*2,6)(1,3,13)15(9,12,16)(7,10)(5,8,11)14-4",3,3,0.0,False,"2(6,13)1(3,15)(9,12,16,10)(5,8,7,14,11)4",5,2,0.0,False,-13,前日よりも馬場は乾いて、前週と同レベルの高速馬場。
201906030812,12,春興S(3勝),芝,1600,曇,良,16:30,2019-04-14,中山,12,3,6,2013106133,ティソーナ,セ6,55,05339,ルメール,1:34.4,1,1-2-2,34.8,11.7,6,498(-4),00386,[東]藤沢和雄,486800,キャロットファーム,,,,,,,"(2,*6,13)(1,15)3(9,12,16)(7,10)(5,14)(4,8,11)",1,3,0.0,True,"(*2,6)(1,3,13)15(9,12,16)(7,10)(5,8,11)14-4",2,2,0.0,False,"2(6,13)1(3,15)(9,12,16,10)(5,8,7,14,11)4",2,2,0.0,False,-13,前日よりも馬場は乾いて、前週と同レベルの高速馬場。
201906030812,12,春興S(3勝),芝,1600,曇,良,16:30,2019-04-14,中山,13,8,15,2013101040,クリノラホール,牝6,53,01126,松山弘平,1:34.4,クビ,4-6-5,34.4,105.1,15,462(-8),00431,[西]谷潔,970006,栗本博晴,,,,,,,"(2,*6,13)(1,15)3(9,12,16)(7,10)(5,14)(4,8,11)",4,2,0.0,False,"(*2,6)(1,3,13)15(9,12,16)(7,10)(5,8,11)14-4",6,1,0.0,False,"2(6,13)1(3,15)(9,12,16,10)(5,8,7,14,11)4",5,2,0.0,False,-13,前日よりも馬場は乾いて、前週と同レベルの高速馬場。
201906030812,12,春興S(3勝),芝,1600,曇,良,16:30,2019-04-14,中山,14,4,8,2015104270,オメガラヴィサン,牡4,55,00666,武豊,1:34.6,1.1/4,14-12-11,34.2,13.7,8,488(0),01164,[西]安田翔伍,008803,原禮子,,,,,,,"(2,*6,13)(1,15)3(9,12,16)(7,10)(5,14)(4,8,11)",14,3,0.0,False,"(*2,6)(1,3,13)15(9,12,16)(7,10)(5,8,11)14-4",12,3,0.0,False,"2(6,13)1(3,15)(9,12,16,10)(5,8,7,14,11)4",11,5,0.0,False,-13,前日よりも馬場は乾いて、前週と同レベルの高速馬場。
201906030812,12,春興S(3勝),芝,1600,曇,良,16:30,2019-04-14,中山,15,8,16,2012104139,ウイングチップ,セ7,54,05115,シュタル,1:34.9,2,7-7-7,34.8,153.0,16,496(-4),00420,[東]宗像義忠,415800,社台レースホース,,,,,,,"(2,*6,13)(1,15)3(9,12,16)(7,10)(5,14)(4,8,11)",7,3,0.0,False,"(*2,6)(1,3,13)15(9,12,16)(7,10)(5,8,11)14-4",7,3,0.0,False,"2(6,13)1(3,15)(9,12,16,10)(5,8,7,14,11)4",7,4,0.0,False,-13,前日よりも馬場は乾いて、前週と同レベルの高速馬場。
201906030812,12,春興S(3勝),芝,1600,曇,良,16:30,2019-04-14,中山,16,2,4,2015104456,オハナ,牝4,53,01077,石橋脩,1:34.9,ハナ,14-16-16,34.1,37.7,11,428(0),01070,[東]堀宣行,708800,金子真人ホールディン...,,,,,,,"(2,*6,13)(1,15)3(9,12,16)(7,10)(5,14)(4,8,11)",14,3,0.0,False,"(*2,6)(1,3,13)15(9,12,16)(7,10)(5,8,11)14-4",16,1,3.5,False,"2(6,13)1(3,15)(9,12,16,10)(5,8,7,14,11)4",16,1,0.0,False,-13,前日よりも馬場は乾いて、前週と同レベルの高速馬場。
201909020801,1,3歳未勝利,ダ,1800,曇,良,09:55,2019-04-14,阪神,1,7,13,2016104253,ウィッチクラフト,牡3,56,01096,大野拓弥,1:55.2,,11-11-11-7,38.4,6.3,4,516(+4),01138,[西]浜田多実,045803,カナヤマホールディン...,500.0,"(*15,16)-(1,4,8,12)10(3,7,14)-(5,13)9(6,11)-2",11,2,7.0,False,"(*15,16)(1,4,8)12,10,14(3,7)-(5,13)(6,9,11)-2",11,2,6.5,False,"(*15,16)8-(1,4)(3,10,12)(7,14)(5,13)9,11,6,2",11,2,3.5,False,"(16,*8)4(3,10)12(15,13)(1,5,7)14(6,9)2,11",7,2,0.0,False,-1,
201909020801,1,3歳未勝利,ダ,1800,曇,良,09:55,2019-04-14,阪神,2,2,3,2016100006,ヒリュウコウスイ,牡3,56,00732,幸英明,1:55.5,1.3/4,8-9-6-4,39.1,5.7,3,508(+6),00434,[西]西橋豊治,254033,西本資史,200.0,"(*15,16)-(1,4,8,12)10(3,7,14)-(5,13)9(6,11)-2",8,3,3.5,False,"(*15,16)(1,4,8)12,10,14(3,7)-(5,13)(6,9,11)-2",9,2,3.0,False,"(*15,16)8-(1,4)(3,10,12)(7,14)(5,13)9,11,6,2",6,3,3.5,False,"(16,*8)4(3,10)12(15,13)(1,5,7)14(6,9)2,11",4,2,0.0,False,-1,
201909020801,1,3歳未勝利,ダ,1800,曇,良,09:55,2019-04-14,阪神,3,4,8,2016106054,ローゼンリッター,牡3,55,01163,坂井瑠星,1:55.7,1.1/2,3-3-3-1,39.8,3.5,1,526(0),01075,[西]矢作芳人,877800,ラ・メール,130.0,"(*15,16)-(1,4,8,12)10(3,7,14)-(5,13)9(6,11)-2",3,4,3.5,False,"(*15,16)(1,4,8)12,10,14(3,7)-(5,13)(6,9,11)-2",3,3,0.0,False,"(*15,16)8-(1,4)(3,10,12)(7,14)(5,13)9,11,6,2",3,1,0.0,False,"(16,*8)4(3,10)12(15,13)(1,5,7)14(6,9)2,11",1,2,0.0,True,-1,
201909020801,1,3歳未勝利,ダ,1800,曇,良,09:55,2019-04-14,阪神,4,6,12,2016106308,テイエムファイター,牡3,56,01010,柴田未崎,1:56.2,3,3-6-6-6,39.7,4.4,2,486(0),01050,[西]飯田雄三,356002,竹園正繼,75.0,"(*15,16)-(1,4,8,12)10(3,7,14)-(5,13)9(6,11)-2",3,4,3.5,False,"(*15,16)(1,4,8)12,10,14(3,7)-(5,13)(6,9,11)-2",6,1,0.0,False,"(*15,16)8-(1,4)(3,10,12)(7,14)(5,13)9,11,6,2",6,3,3.5,False,"(16,*8)4(3,10)12(15,13)(1,5,7)14(6,9)2,11",6,1,0.0,False,-1,
201909020801,1,3歳未勝利,ダ,1800,曇,良,09:55,2019-04-14,阪神,5,2,4,2016100485,キーシグナル,牡3,56,01034,酒井学,1:56.4,1.1/2,3-3-4-3,40.2,22.2,8,458(+2),01009,[西]田所秀孝,338008,北前孔一郎,50.0,"(*15,16)-(1,4,8,12)10(3,7,14)-(5,13)9(6,11)-2",3,4,3.5,False,"(*15,16)(1,4,8)12,10,14(3,7)-(5,13)(6,9,11)-2",3,3,0.0,False,"(*15,16)8-(1,4)(3,10,12)(7,14)(5,13)9,11,6,2",4,2,3.5,False,"(16,*8)4(3,10)12(15,13)(1,5,7)14(6,9)2,11",3,1,0.0,False,-1,
201909020801,1,3歳未勝利,ダ,1800,曇,良,09:55,2019-04-14,阪神,6,5,10,2016106411,モモコ,牝3,54,01099,鮫島良太,1:56.6,1,7-7-6-4,40.2,42.1,10,464(-4),01142,[西]森田直行,301803,ニッシンレーシング,,"(*15,16)-(1,4,8,12)10(3,7,14)-(5,13)9(6,11)-2",7,1,3.5,False,"(*15,16)(1,4,8)12,10,14(3,7)-(5,13)(6,9,11)-2",7,1,1.5,False,"(*15,16)8-(1,4)(3,10,12)(7,14)(5,13)9,11,6,2",6,3,3.5,False,"(16,*8)4(3,10)12(15,13)(1,5,7)14(6,9)2,11",4,2,0.0,False,-1,
201909020801,1,3歳未勝利,ダ,1800,曇,良,09:55,2019-04-14,阪神,7,3,5,2016101015,メイブツシャチョウ,牡3,56,05429,岡田祥嗣,1:56.7,3/4,11-11-11-9,39.9,9.2,5,466(-2),01098,[西]野中賢二,756800,ミキハウスＨＫサービ...,,"(*15,16)-(1,4,8,12)10(3,7,14)-(5,13)9(6,11)-2",11,2,7.0,False,"(*15,16)(1,4,8)12,10,14(3,7)-(5,13)(6,9,11)-2",11,2,6.5,False,"(*15,16)8-(1,4)(3,10,12)(7,14)(5,13)9,11,6,2",11,2,3.5,False,"(16,*8)4(3,10)12(15,13)(1,5,7)14(6,9)2,11",9,3,0.0,False,-1,
201909020801,1,3歳未勝利,ダ,1800,曇,良,09:55,2019-04-14,阪神,8,5,9,2016105985,ナナカマドカ,牝3,54,01114,田中健,1:57.5,5,13-13-13-13,40.3,53.1,11,456(0),00429,[西]佐々木晶,994002,飯田正剛,,"(*15,16)-(1,4,8,12)10(3,7,14)-(5,13)9(6,11)-2",13,1,7.0,False,"(*15,16)(1,4,8)12,10,14(3,7)-(5,13)(6,9,11)-2",13,3,6.5,False,"(*15,16)8-(1,4)(3,10,12)(7,14)(5,13)9,11,6,2",13,1,3.5,False,"(16,*8)4(3,10)12(15,13)(1,5,7)14(6,9)2,11",13,2,0.0,False,-1,
201909020801,1,3歳未勝利,ダ,1800,曇,良,09:55,2019-04-14,阪神,9,4,7,2016102339,クレスコマリン,牝3,53,01169,武藤雅,1:57.7,1.1/4,8-9-9-9,40.9,187.1,16,454(+4),01057,[西]湯窪幸雄,143007,堀川三郎,,"(*15,16)-(1,4,8,12)10(3,7,14)-(5,13)9(6,11)-2",8,3,3.5,False,"(*15,16)(1,4,8)12,10,14(3,7)-(5,13)(6,9,11)-2",9,2,3.0,False,"(*15,16)8-(1,4)(3,10,12)(7,14)(5,13)9,11,6,2",9,2,3.5,False,"(16,*8)4(3,10)12(15,13)(1,5,7)14(6,9)2,11",9,3,0.0,False,-1,
201909020801,1,3歳未勝利,ダ,1800,曇,良,09:55,2019-04-14,阪神,10,8,16,2016105855,アスタードラゴン,牡3,56,01125,国分優作,1:57.9,3/4,2-2-2-2,42.1,9.9,6,456(+6),01033,[西]木原一良,935003,加藤久枝,,"(*15,16)-(1,4,8,12)10(3,7,14)-(5,13)9(6,11)-2",2,2,0.0,False,"(*15,16)(1,4,8)12,10,14(3,7)-(5,13)(6,9,11)-2",2,2,0.0,False,"(*15,16)8-(1,4)(3,10,12)(7,14)(5,13)9,11,6,2",2,2,0.0,False,"(16,*8)4(3,10)12(15,13)(1,5,7)14(6,9)2,11",2,2,0.0,False,-1,
201909020801,1,3歳未勝利,ダ,1800,曇,良,09:55,2019-04-14,阪神,11,1,2,2016106116,テイエムカイリキ,牡3,56,01124,国分恭介,1:58.1,1.1/4,16-16-16-15,40.6,173.3,14,456(0),00422,[西]五十嵐忠,356002,竹園正繼,,"(*15,16)-(1,4,8,12)10(3,7,14)-(5,13)9(6,11)-2",16,1,10.5,False,"(*15,16)(1,4,8)12,10,14(3,7)-(5,13)(6,9,11)-2",16,1,10.0,False,"(*15,16)8-(1,4)(3,10,12)(7,14)(5,13)9,11,6,2",16,1,8.0,False,"(16,*8)4(3,10)12(15,13)(1,5,7)14(6,9)2,11",15,1,0.0,False,-1,
201909020801,1,3歳未勝利,ダ,1800,曇,良,09:55,2019-04-14,阪神,12,3,6,2016102154,クロティルド,牝3,54,01116,藤岡康太,1:58.3,1.1/4,14-13-15-13,41.1,38.4,9,466(+6),01016,[西]西浦勝一,879800,雅苑興業,,"(*15,16)-(1,4,8,12)10(3,7,14)-(5,13)9(6,11)-2",14,2,7.0,False,"(*15,16)(1,4,8)12,10,14(3,7)-(5,13)(6,9,11)-2",13,3,6.5,False,"(*15,16)8-(1,4)(3,10,12)(7,14)(5,13)9,11,6,2",15,1,6.5,False,"(16,*8)4(3,10)12(15,13)(1,5,7)14(6,9)2,11",13,2,0.0,False,-1,
201909020801,1,3歳未勝利,ダ,1800,曇,良,09:55,2019-04-14,阪神,13,1,1,2016102571,フェブタイズ,牡3,56,01133,水口優也,1:58.8,3,3-3-4-9,42.4,18.7,7,494(-2),01003,[西]川村禎彦,542008,釘田義広,,"(*15,16)-(1,4,8,12)10(3,7,14)-(5,13)9(6,11)-2",3,4,3.5,False,"(*15,16)(1,4,8)12,10,14(3,7)-(5,13)(6,9,11)-2",3,3,0.0,False,"(*15,16)8-(1,4)(3,10,12)(7,14)(5,13)9,11,6,2",4,2,3.5,False,"(16,*8)4(3,10)12(15,13)(1,5,7)14(6,9)2,11",9,3,0.0,False,-1,
201909020801,1,3歳未勝利,ダ,1800,曇,良,09:55,2019-04-14,阪神,14,7,14,2016106004,プロポーズ,牝3,54,01046,高田潤,1:59.1,2,8-8-9-12,42.3,186.2,15,434(0),01161,[西]武英智,030030,前田亘輝,,"(*15,16)-(1,4,8,12)10(3,7,14)-(5,13)9(6,11)-2",8,3,3.5,False,"(*15,16)(1,4,8)12,10,14(3,7)-(5,13)(6,9,11)-2",8,1,3.0,False,"(*15,16)8-(1,4)(3,10,12)(7,14)(5,13)9,11,6,2",9,2,3.5,False,"(16,*8)4(3,10)12(15,13)(1,5,7)14(6,9)2,11",12,1,0.0,False,-1,
201909020801,1,3歳未勝利,ダ,1800,曇,良,09:55,2019-04-14,阪神,15,8,15,2016101698,エイシンオリヒメ,牝3,54,00894,小牧太,1:59.3,1.1/4,1-1-1-7,43.5,60.9,12,424(+2),01160,[西]武幸四郎,785800,栄進堂,,"(*15,16)-(1,4,8,12)10(3,7,14)-(5,13)9(6,11)-2",1,2,0.0,True,"(*15,16)(1,4,8)12,10,14(3,7)-(5,13)(6,9,11)-2",1,2,0.0,True,"(*15,16)8-(1,4)(3,10,12)(7,14)(5,13)9,11,6,2",1,2,0.0,True,"(16,*8)4(3,10)12(15,13)(1,5,7)14(6,9)2,11",7,2,0.0,False,-1,
201909020801,1,3歳未勝利,ダ,1800,曇,良,09:55,2019-04-14,阪神,16,6,11,2016102824,ディープエターナル,牡3,56,01037,太宰啓介,2:01.1,大,14-13-14-16,43.6,159.1,13,478(-6),01099,[西]本田優,128008,深見敏男,,"(*15,16)-(1,4,8,12)10(3,7,14)-(5,13)9(6,11)-2",14,2,7.0,False,"(*15,16)(1,4,8)12,10,14(3,7)-(5,13)(6,9,11)-2",13,3,6.5,False,"(*15,16)8-(1,4)(3,10,12)(7,14)(5,13)9,11,6,2",14,1,5.0,False,"(16,*8)4(3,10)12(15,13)(1,5,7)14(6,9)2,11",16,1,1.5,False,-1,
201909020802,2,3歳未勝利,ダ,1200,小雨,良,10:20,2019-04-14,阪神,1,3,6,2016100955,キコクイーン,牝3,54,01114,田中健,1:13.9,,3-2,37.7,9.2,4,432(-2),00411,[西]浅見秀一,043700,若草クラブ,500.0,,,,,,,,,,,"(*1,3)6(12,7)14(9,16)(13,15)(2,10)8(5,11)=4",3,1,0.0,False,"(*1,3,6)(12,14)16(9,7,10)(13,15)(2,11)(8,5)=4",2,3,0.0,False,-1,
201909020802,2,3歳未勝利,ダ,1200,小雨,良,10:20,2019-04-14,阪神,2,5,10,2016100882,ショウナンマンカイ,牝3,54,00732,幸英明,1:13.9,クビ,11-7,36.8,2.3,1,478(0),01148,[西]西村真幸,331002,国本哲秀,200.0,,,,,,,,,,,"(*1,3)6(12,7)14(9,16)(13,15)(2,10)8(5,11)=4",11,2,0.0,False,"(*1,3,6)(12,14)16(9,7,10)(13,15)(2,11)(8,5)=4",7,3,0.0,False,-1,
201909020802,2,3歳未勝利,ダ,1200,小雨,良,10:20,2019-04-14,阪神,3,8,16,2016102156,セデックカズマ,牡3,56,01102,北村友一,1:14.0,クビ,7-6,37.2,5.0,2,480(+2),01016,[西]西浦勝一,879800,雅苑興業,130.0,,,,,,,,,,,"(*1,3)6(12,7)14(9,16)(13,15)(2,10)8(5,11)=4",7,2,0.0,False,"(*1,3,6)(12,14)16(9,7,10)(13,15)(2,11)(8,5)=4",6,1,0.0,False,-1,
201909020802,2,3歳未勝利,ダ,1200,小雨,良,10:20,2019-04-14,阪神,4,2,3,2016100376,ラブグラー,牝3,51,01159,三津谷隼,1:14.8,5,2-2,38.7,30.5,10,460(+2),01155,[西]渡辺薫彦,291002,増田陽一,75.0,,,,,,,,,,,"(*1,3)6(12,7)14(9,16)(13,15)(2,10)8(5,11)=4",2,2,0.0,False,"(*1,3,6)(12,14)16(9,7,10)(13,15)(2,11)(8,5)=4",2,3,0.0,False,-1,
201909020802,2,3歳未勝利,ダ,1200,小雨,良,10:20,2019-04-14,阪神,5,1,2,2016103083,カーディストリー,牝3,54,00700,四位洋文,1:14.9,クビ,11-12,37.9,13.0,6,472(0),01173,[西]長谷川浩,362800,下河辺牧場,50.0,,,,,,,,,,,"(*1,3)6(12,7)14(9,16)(13,15)(2,10)8(5,11)=4",11,2,0.0,False,"(*1,3,6)(12,14)16(9,7,10)(13,15)(2,11)(8,5)=4",12,2,0.0,False,-1,
201909020802,2,3歳未勝利,ダ,1200,小雨,良,10:20,2019-04-14,阪神,6,8,15,2016100645,オーブラン,牡3,56,01095,吉田隼人,1:15.0,1/2,9-10,37.9,7.4,3,450(-4),01069,[西]中尾秀正,247006,中野和子,,,,,,,,,,,,"(*1,3)6(12,7)14(9,16)(13,15)(2,10)8(5,11)=4",9,2,0.0,False,"(*1,3,6)(12,14)16(9,7,10)(13,15)(2,11)(8,5)=4",10,2,0.0,False,-1,
201909020802,2,3歳未勝利,ダ,1200,小雨,良,10:20,2019-04-14,阪神,7,7,13,2016105155,ピエナキャプテン,牡3,56,01015,古川吉洋,1:15.1,3/4,9-10,38.4,11.1,5,464(+4),01161,[西]武英智,023007,本谷兼三,,,,,,,,,,,,"(*1,3)6(12,7)14(9,16)(13,15)(2,10)8(5,11)=4",9,2,0.0,False,"(*1,3,6)(12,14)16(9,7,10)(13,15)(2,11)(8,5)=4",10,2,0.0,False,-1,
201909020802,2,3歳未勝利,ダ,1200,小雨,良,10:20,2019-04-14,阪神,8,5,9,2016102120,ブラックフェアリー,牝3,54,01152,小崎綾也,1:15.2,3/4,7-7,38.5,87.1,13,456(-4),01058,[西]大久保龍,536800,大樹ファーム,,,,,,,,,,,,"(*1,3)6(12,7)14(9,16)(13,15)(2,10)8(5,11)=4",7,2,0.0,False,"(*1,3,6)(12,14)16(9,7,10)(13,15)(2,11)(8,5)=4",7,3,0.0,False,-1,
201909020802,2,3歳未勝利,ダ,1200,小雨,良,10:20,2019-04-14,阪神,9,6,12,2016101733,ゴールドメジャー,牡3,55,01163,坂井瑠星,1:15.3,クビ,4-4,38.8,25.9,8,454(+7),01123,[西]牧田和弥,051700,キャピタルクラブ,,,,,,,,,,,,"(*1,3)6(12,7)14(9,16)(13,15)(2,10)8(5,11)=4",4,2,0.0,False,"(*1,3,6)(12,14)16(9,7,10)(13,15)(2,11)(8,5)=4",4,2,0.0,False,-1,
201909020802,2,3歳未勝利,ダ,1200,小雨,良,10:20,2019-04-14,阪神,10,7,14,2016101459,ブラボーフェスタ,セ3,56,01037,太宰啓介,1:15.6,2,6-4,39.0,20.6,7,468(-2),00411,[西]浅見秀一,053803,杉山忠国,,,,,,,,,,,,"(*1,3)6(12,7)14(9,16)(13,15)(2,10)8(5,11)=4",6,1,0.0,False,"(*1,3,6)(12,14)16(9,7,10)(13,15)(2,11)(8,5)=4",4,2,0.0,False,-1,
201909020802,2,3歳未勝利,ダ,1200,小雨,良,10:20,2019-04-14,阪神,11,6,11,2016102487,メイショウバーバラ,牝3,54,01034,酒井学,1:15.7,1/2,14-12,38.3,54.9,11,462(0),01041,[西]藤沢則雄,523005,松本好雄,,,,,,,,,,,,"(*1,3)6(12,7)14(9,16)(13,15)(2,10)8(5,11)=4",14,2,0.0,False,"(*1,3,6)(12,14)16(9,7,10)(13,15)(2,11)(8,5)=4",12,2,0.0,False,-1,
201909020802,2,3歳未勝利,ダ,1200,小雨,良,10:20,2019-04-14,阪神,12,3,5,2016100519,タガノコノミン,牝3,54,01115,浜中俊,1:16.0,1.3/4,14-14,38.6,58.3,12,404(-2),01066,[西]岡田稲男,859002,八木良司,,,,,,,,,,,,"(*1,3)6(12,7)14(9,16)(13,15)(2,10)8(5,11)=4",14,2,0.0,False,"(*1,3,6)(12,14)16(9,7,10)(13,15)(2,11)(8,5)=4",14,2,0.0,False,-1,
201909020802,2,3歳未勝利,ダ,1200,小雨,良,10:20,2019-04-14,阪神,13,4,8,2016103453,ニシノケイガン,牡3,55,01169,武藤雅,1:16.1,1/2,13-14,38.7,158.3,14,504(-6),01073,[西]宮本博,897009,西山茂行,,,,,,,,,,,,"(*1,3)6(12,7)14(9,16)(13,15)(2,10)8(5,11)=4",13,1,0.0,False,"(*1,3,6)(12,14)16(9,7,10)(13,15)(2,11)(8,5)=4",14,2,0.0,False,-1,
201909020802,2,3歳未勝利,ダ,1200,小雨,良,10:20,2019-04-14,阪神,14,1,1,2016102507,ウインプリンツ,牡3,56,01125,国分優作,1:16.2,3/4,1-1,40.2,26.7,9,500(+14),01146,[西]奥村豊,494800,ウイン,,,,,,,,,,,,"(*1,3)6(12,7)14(9,16)(13,15)(2,10)8(5,11)=4",1,2,0.0,True,"(*1,3,6)(12,14)16(9,7,10)(13,15)(2,11)(8,5)=4",1,3,0.0,True,-1,
201909020802,2,3歳未勝利,ダ,1200,小雨,良,10:20,2019-04-14,阪神,15,4,7,2016102738,テッセラレイナ,牝3,54,00722,小林徹弥,1:16.2,アタマ,4-7,39.7,261.6,16,474(+20),00388,[西]山内研二,013803,ディアレストクラブ,,,,,,,,,,,,"(*1,3)6(12,7)14(9,16)(13,15)(2,10)8(5,11)=4",4,2,0.0,False,"(*1,3,6)(12,14)16(9,7,10)(13,15)(2,11)(8,5)=4",7,3,0.0,False,-1,
201909020802,2,3歳未勝利,ダ,1200,小雨,良,10:20,2019-04-14,阪神,16,2,4,2016103736,スズカスクリーン,牡3,53,01172,服部寿希,1:18.0,大,16-16,38.4,159.4,15,478(0),01041,[西]藤沢則雄,382004,永井啓弍,,,,,,,,,,,,"(*1,3)6(12,7)14(9,16)(13,15)(2,10)8(5,11)=4",16,1,6.0,False,"(*1,3,6)(12,14)16(9,7,10)(13,15)(2,11)(8,5)=4",16,1,6.0,False,-1,
201909020803,3,3歳未勝利,ダ,2000,小雨,良,10:50,2019-04-14,阪神,1,5,7,2016104677,イシュタルゲート,牡3,56,01102,北村友一,2:08.1,,8-8-8-7,38.2,10.3,5,500(-8),01117,[西]高野友和,790005,吉田勝己,500.0,"13,14-(5,12)-10,4,11(7,9)-8(2,3)(1,6)",8,2,11.5,False,"(*13,14)(5,12)-10,4,11,7,9-(2,8)-(1,3)6",8,1,8.0,False,"(*13,14)10(5,12)(4,11)(7,8)9-2,6(1,3)",8,2,0.0,False,"(*13,14)10(5,12,4)-7,11,8-9-2,6-3,1",7,1,3.5,False,-2,
201909020803,3,3歳未勝利,ダ,2000,小雨,良,10:50,2019-04-14,阪神,2,3,4,2016105782,ニホンピロハビアー,牡3,56,01034,酒井学,2:08.3,1.1/4,6-6-6-4,38.7,3.6,2,500(+4),01065,[西]大橋勇樹,985001,小林百太郎,200.0,"13,14-(5,12)-10,4,11(7,9)-8(2,3)(1,6)",6,1,10.0,False,"(*13,14)(5,12)-10,4,11,7,9-(2,8)-(1,3)6",6,1,5.0,False,"(*13,14)10(5,12)(4,11)(7,8)9-2,6(1,3)",6,2,0.0,False,"(*13,14)10(5,12,4)-7,11,8-9-2,6-3,1",4,3,0.0,False,-2,
201909020803,3,3歳未勝利,ダ,2000,小雨,良,10:50,2019-04-14,阪神,3,8,14,2016103160,ミッキーバラード,牝3,54,01115,浜中俊,2:08.4,3/4,2-2-2-2,39.3,9.9,4,474(-4),01135,[西]高橋康之,441007,野田みづき,130.0,"13,14-(5,12)-10,4,11(7,9)-8(2,3)(1,6)",2,1,1.5,False,"(*13,14)(5,12)-10,4,11,7,9-(2,8)-(1,3)6",2,2,0.0,False,"(*13,14)10(5,12)(4,11)(7,8)9-2,6(1,3)",2,2,0.0,False,"(*13,14)10(5,12,4)-7,11,8-9-2,6-3,1",2,2,0.0,False,-2,
201909020803,3,3歳未勝利,ダ,2000,小雨,良,10:50,2019-04-14,阪神,4,6,10,2016103767,サンライズアキレス,牡3,56,01116,藤岡康太,2:08.6,1.1/4,5-5-3-3,39.3,4.0,3,492(+2),01002,[西]音無秀孝,306008,松岡隆雄,75.0,"13,14-(5,12)-10,4,11(7,9)-8(2,3)(1,6)",5,1,8.5,False,"(*13,14)(5,12)-10,4,11,7,9-(2,8)-(1,3)6",5,1,3.5,False,"(*13,14)10(5,12)(4,11)(7,8)9-2,6(1,3)",3,1,0.0,False,"(*13,14)10(5,12,4)-7,11,8-9-2,6-3,1",3,1,0.0,False,-2,
201909020803,3,3歳未勝利,ダ,2000,小雨,良,10:50,2019-04-14,阪神,5,4,5,2016104797,リヴィエラ,牡3,56,01037,太宰啓介,2:09.3,4,3-3-4-4,39.9,3.4,1,506(0),01155,[西]渡辺薫彦,045803,カナヤマホールディン...,50.0,"13,14-(5,12)-10,4,11(7,9)-8(2,3)(1,6)",3,2,5.0,False,"(*13,14)(5,12)-10,4,11,7,9-(2,8)-(1,3)6",3,2,0.0,False,"(*13,14)10(5,12)(4,11)(7,8)9-2,6(1,3)",4,2,0.0,False,"(*13,14)10(5,12,4)-7,11,8-9-2,6-3,1",4,3,0.0,False,-2,
201909020803,3,3歳未勝利,ダ,2000,小雨,良,10:50,2019-04-14,阪神,6,3,3,2016103348,プレシャスメタル,牡3,56,01124,国分恭介,2:09.4,クビ,11-12-13-13,37.9,22.7,8,544(-6),01130,[西]吉村圭司,003060,ゴドルフィン,,"13,14-(5,12)-10,4,11(7,9)-8(2,3)(1,6)",11,2,15.0,False,"(*13,14)(5,12)-10,4,11,7,9-(2,8)-(1,3)6",12,2,16.5,False,"(*13,14)10(5,12)(4,11)(7,8)9-2,6(1,3)",13,2,5.0,False,"(*13,14)10(5,12,4)-7,11,8-9-2,6-3,1",13,1,18.5,False,-2,
201909020803,3,3歳未勝利,ダ,2000,小雨,良,10:50,2019-04-14,阪神,7,7,12,2016102620,ディード,牡3,56,01152,小崎綾也,2:09.6,1.1/2,3-3-4-4,40.3,191.9,13,490(-4),01151,[西]斉藤崇史,675030,林正道,,"13,14-(5,12)-10,4,11(7,9)-8(2,3)(1,6)",3,2,5.0,False,"(*13,14)(5,12)-10,4,11,7,9-(2,8)-(1,3)6",3,2,0.0,False,"(*13,14)10(5,12)(4,11)(7,8)9-2,6(1,3)",4,2,0.0,False,"(*13,14)10(5,12,4)-7,11,8-9-2,6-3,1",4,3,0.0,False,-2,
201909020803,3,3歳未勝利,ダ,2000,小雨,良,10:50,2019-04-14,阪神,8,5,8,2016103456,クリノイカズチオー,牡3,56,00894,小牧太,2:09.9,1.1/2,10-10-8-9,39.9,117.2,11,418(0),01009,[西]田所秀孝,970006,栗本博晴,,"13,14-(5,12)-10,4,11(7,9)-8(2,3)(1,6)",10,1,15.0,False,"(*13,14)(5,12)-10,4,11,7,9-(2,8)-(1,3)6",10,2,13.0,False,"(*13,14)10(5,12)(4,11)(7,8)9-2,6(1,3)",8,2,0.0,False,"(*13,14)10(5,12,4)-7,11,8-9-2,6-3,1",9,1,6.5,False,-2,
201909020803,3,3歳未勝利,ダ,2000,小雨,良,10:50,2019-04-14,阪神,9,8,13,2016104705,スターリーパレード,牡3,56,00732,幸英明,2:10.1,1.1/2,1-1-1-1,41.1,11.6,6,488(0),01148,[西]西村真幸,148800,グリーンファーム,,"13,14-(5,12)-10,4,11(7,9)-8(2,3)(1,6)",1,1,0.0,False,"(*13,14)(5,12)-10,4,11,7,9-(2,8)-(1,3)6",1,2,0.0,True,"(*13,14)10(5,12)(4,11)(7,8)9-2,6(1,3)",1,2,0.0,True,"(*13,14)10(5,12,4)-7,11,8-9-2,6-3,1",1,2,0.0,True,-2,
201909020803,3,3歳未勝利,ダ,2000,小雨,良,10:50,2019-04-14,阪神,10,7,11,2016105052,デルマグランパレ,牡3,55,01156,加藤祥太,2:10.3,3/4,7-7-6-8,40.5,46.2,9,514(-4),00422,[西]五十嵐忠,274002,浅沼廣幸,,"13,14-(5,12)-10,4,11(7,9)-8(2,3)(1,6)",7,1,11.5,False,"(*13,14)(5,12)-10,4,11,7,9-(2,8)-(1,3)6",7,1,6.5,False,"(*13,14)10(5,12)(4,11)(7,8)9-2,6(1,3)",6,2,0.0,False,"(*13,14)10(5,12,4)-7,11,8-9-2,6-3,1",8,1,5.0,False,-2,
201909020803,3,3歳未勝利,ダ,2000,小雨,良,10:50,2019-04-14,阪神,11,4,6,2016103092,コルドゥーン,牡3,55,01169,武藤雅,2:10.3,ハナ,13-14-12-12,39.3,117.9,12,434(-4),01151,[西]斉藤崇史,275033,西浩明,,"13,14-(5,12)-10,4,11(7,9)-8(2,3)(1,6)",13,2,15.0,False,"(*13,14)(5,12)-10,4,11,7,9-(2,8)-(1,3)6",14,1,16.5,False,"(*13,14)10(5,12)(4,11)(7,8)9-2,6(1,3)",12,1,5.0,False,"(*13,14)10(5,12,4)-7,11,8-9-2,6-3,1",12,1,15.0,False,-2,
201909020803,3,3歳未勝利,ダ,2000,小雨,良,10:50,2019-04-14,阪神,12,2,2,2016105029,ジェレメジェバイト,牡3,56,01018,和田竜二,2:10.3,アタマ,11-10-11-11,39.5,16.9,7,452(+2),01107,[西]村山明,015008,青山洋一,,"13,14-(5,12)-10,4,11(7,9)-8(2,3)(1,6)",11,2,15.0,False,"(*13,14)(5,12)-10,4,11,7,9-(2,8)-(1,3)6",10,2,13.0,False,"(*13,14)10(5,12)(4,11)(7,8)9-2,6(1,3)",11,1,3.5,False,"(*13,14)10(5,12,4)-7,11,8-9-2,6-3,1",11,1,13.5,False,-2,
201909020803,3,3歳未勝利,ダ,2000,小雨,良,10:50,2019-04-14,阪神,13,6,9,2016105995,リリーブラックシー,牡3,53,01159,三津谷隼,2:10.5,1.1/4,8-9-10-10,40.2,228.3,14,506(+4),01082,[西]平田修,862006,土井孝夫,,"13,14-(5,12)-10,4,11(7,9)-8(2,3)(1,6)",8,2,11.5,False,"(*13,14)(5,12)-10,4,11,7,9-(2,8)-(1,3)6",9,1,9.5,False,"(*13,14)10(5,12)(4,11)(7,8)9-2,6(1,3)",10,1,0.0,False,"(*13,14)10(5,12,4)-7,11,8-9-2,6-3,1",10,1,10.0,False,-2,
201909020803,3,3歳未勝利,ダ,2000,小雨,良,10:50,2019-04-14,阪神,14,1,1,2016104263,サイモンノツバサ,牡3,56,01010,柴田未崎,2:11.8,8,13-12-13-14,40.4,112.6,10,530(0),01084,[西]梅田智之,132030,澤田昭紀,,"13,14-(5,12)-10,4,11(7,9)-8(2,3)(1,6)",13,2,15.0,False,"(*13,14)(5,12)-10,4,11,7,9-(2,8)-(1,3)6",12,2,16.5,False,"(*13,14)10(5,12)(4,11)(7,8)9-2,6(1,3)",13,2,5.0,False,"(*13,14)10(5,12,4)-7,11,8-9-2,6-3,1",14,1,20.0,False,-2,
201909020804,4,3歳未勝利,芝,1600,小雨,良,11:20,2019-04-14,阪神,1,6,11,2016106007,ミッキーバディーラ,牝3,54,01018,和田竜二,1:35.9,,4-5,34.4,2.8,1,466(+2),01002,[西]音無秀孝,441007,野田みづき,500.0,,,,,,,,,,,"8,18-13(10,11)17,2(12,14)15(1,16)9(3,4)6(5,7)",4,2,5.0,False,"8,18-(10,13)11(2,17,14)(1,12)15(3,16)9(4,6)(5,7)",5,1,5.0,False,-4,朝から雨が降り続いて時計の掛かる馬場になっていった。
201909020804,4,3歳未勝利,芝,1600,小雨,良,11:20,2019-04-14,阪神,2,8,17,2016105255,ディープサドラーズ,牡3,56,01102,北村友一,1:35.9,クビ,6-6,34.1,9.2,4,450(-6),01055,[西]藤原英昭,037803,廣崎利洋ＨＤ,200.0,,,,,,,,,,,"8,18-13(10,11)17,2(12,14)15(1,16)9(3,4)6(5,7)",6,1,5.0,False,"8,18-(10,13)11(2,17,14)(1,12)15(3,16)9(4,6)(5,7)",6,3,5.0,False,-4,朝から雨が降り続いて時計の掛かる馬場になっていった。
201909020804,4,3歳未勝利,芝,1600,小雨,良,11:20,2019-04-14,阪神,3,8,18,2016105364,マーガレットリバー,牡3,56,01034,酒井学,1:36.1,1,2-2,35.3,89.2,11,504(-2),01062,[西]藤岡健一,046803,フクキタル,130.0,,,,,,,,,,,"8,18-13(10,11)17,2(12,14)15(1,16)9(3,4)6(5,7)",2,1,1.5,False,"8,18-(10,13)11(2,17,14)(1,12)15(3,16)9(4,6)(5,7)",2,1,1.5,False,-4,朝から雨が降り続いて時計の掛かる馬場になっていった。
201909020804,4,3歳未勝利,芝,1600,小雨,良,11:20,2019-04-14,阪神,4,7,15,2016101049,モズレジーナ,牝3,53,01163,坂井瑠星,1:36.2,1/2,10-11,34.1,12.7,5,434(-2),01075,[西]矢作芳人,005803,キャピタル・システム,75.0,,,,,,,,,,,"8,18-13(10,11)17,2(12,14)15(1,16)9(3,4)6(5,7)",10,1,6.5,False,"8,18-(10,13)11(2,17,14)(1,12)15(3,16)9(4,6)(5,7)",11,1,5.0,False,-4,朝から雨が降り続いて時計の掛かる馬場になっていった。
201909020804,4,3歳未勝利,芝,1600,小雨,良,11:20,2019-04-14,阪神,5,8,16,2016104968,アークロイヤル,牝3,54,01115,浜中俊,1:36.2,クビ,11-12,33.9,3.2,2,406(-2),01128,[西]今野貞一,008803,原禮子,50.0,,,,,,,,,,,"8,18-13(10,11)17,2(12,14)15(1,16)9(3,4)6(5,7)",11,2,6.5,False,"8,18-(10,13)11(2,17,14)(1,12)15(3,16)9(4,6)(5,7)",12,2,5.0,False,-4,朝から雨が降り続いて時計の掛かる馬場になっていった。
201909020804,4,3歳未勝利,芝,1600,小雨,良,11:20,2019-04-14,阪神,6,7,13,2016110122,サトノソレイユ,牝3,54,01160,荻野極,1:36.2,ハナ,3-3,34.9,6.8,3,476(-6),01071,[西]池江泰寿,075803,サトミホースカンパニ...,,,,,,,,,,,,"8,18-13(10,11)17,2(12,14)15(1,16)9(3,4)6(5,7)",3,1,5.0,False,"8,18-(10,13)11(2,17,14)(1,12)15(3,16)9(4,6)(5,7)",3,2,5.0,False,-4,朝から雨が降り続いて時計の掛かる馬場になっていった。
201909020804,4,3歳未勝利,芝,1600,小雨,良,11:20,2019-04-14,阪神,7,5,10,2016104979,ディノーラ,牝3,54,01124,国分恭介,1:36.3,クビ,4-3,35.0,119.0,13,432(-10),01039,[西]中竹和也,808800,Ｇ１レーシング,,,,,,,,,,,,"8,18-13(10,11)17,2(12,14)15(1,16)9(3,4)6(5,7)",4,2,5.0,False,"8,18-(10,13)11(2,17,14)(1,12)15(3,16)9(4,6)(5,7)",3,2,5.0,False,-4,朝から雨が降り続いて時計の掛かる馬場になっていった。
201909020804,4,3歳未勝利,芝,1600,小雨,良,11:20,2019-04-14,阪神,8,1,1,2016103544,ラインエミネント,牡3,55,01169,武藤雅,1:36.4,1/2,11-9,34.4,15.3,6,466(0),01083,[西]松永昌博,796002,大澤繁昌,,,,,,,,,,,,"8,18-13(10,11)17,2(12,14)15(1,16)9(3,4)6(5,7)",11,2,6.5,False,"8,18-(10,13)11(2,17,14)(1,12)15(3,16)9(4,6)(5,7)",9,2,5.0,False,-4,朝から雨が降り続いて時計の掛かる馬場になっていった。
201909020804,4,3歳未勝利,芝,1600,小雨,良,11:20,2019-04-14,阪神,9,6,12,2016106398,オールフォース,牡3,56,01154,松若風馬,1:36.7,1.3/4,8-9,34.7,30.8,8,466(-6),01120,[西]千田輝彦,301803,ニッシンレーシング,,,,,,,,,,,,"8,18-13(10,11)17,2(12,14)15(1,16)9(3,4)6(5,7)",8,2,6.5,False,"8,18-(10,13)11(2,17,14)(1,12)15(3,16)9(4,6)(5,7)",9,2,5.0,False,-4,朝から雨が降り続いて時計の掛かる馬場になっていった。
201909020804,4,3歳未勝利,芝,1600,小雨,良,11:20,2019-04-14,阪神,10,7,14,2016106269,メグスタサンライズ,牝3,54,05429,岡田祥嗣,1:36.8,1/2,8-6,35.0,57.2,10,446(+4),01072,[西]河内洋,306008,松岡隆雄,,,,,,,,,,,,"8,18-13(10,11)17,2(12,14)15(1,16)9(3,4)6(5,7)",8,2,6.5,False,"8,18-(10,13)11(2,17,14)(1,12)15(3,16)9(4,6)(5,7)",6,3,5.0,False,-4,朝から雨が降り続いて時計の掛かる馬場になっていった。
201909020804,4,3歳未勝利,芝,1600,小雨,良,11:20,2019-04-14,阪神,11,4,8,2016102907,ルージュオブグレイ,牝3,54,01062,川島信二,1:37.0,1.1/4,1-1,36.4,153.8,14,414(0),01095,[西]荒川義之,087803,ＨｉｍＲｏｃｋＲａｃ...,,,,,,,,,,,,"8,18-13(10,11)17,2(12,14)15(1,16)9(3,4)6(5,7)",1,1,0.0,False,"8,18-(10,13)11(2,17,14)(1,12)15(3,16)9(4,6)(5,7)",1,1,0.0,False,-4,朝から雨が降り続いて時計の掛かる馬場になっていった。
201909020804,4,3歳未勝利,芝,1600,小雨,良,11:20,2019-04-14,阪神,12,2,3,2016102401,ジューンワルツ,牝3,54,01130,高倉稜,1:37.0,クビ,14-12,34.7,237.5,17,454(0),01073,[西]宮本博,017803,吉川潤,,,,,,,,,,,,"8,18-13(10,11)17,2(12,14)15(1,16)9(3,4)6(5,7)",14,2,6.5,False,"8,18-(10,13)11(2,17,14)(1,12)15(3,16)9(4,6)(5,7)",12,2,5.0,False,-4,朝から雨が降り続いて時計の掛かる馬場になっていった。
201909020804,4,3歳未勝利,芝,1600,小雨,良,11:20,2019-04-14,阪神,13,3,6,2016104848,ツールドフォース,牡3,56,00732,幸英明,1:37.1,1/2,16-15,34.5,16.0,7,520(+8),01028,[西]西園正都,370033,長谷川守正,,,,,,,,,,,,"8,18-13(10,11)17,2(12,14)15(1,16)9(3,4)6(5,7)",16,1,6.5,False,"8,18-(10,13)11(2,17,14)(1,12)15(3,16)9(4,6)(5,7)",15,2,5.0,False,-4,朝から雨が降り続いて時計の掛かる馬場になっていった。
201909020804,4,3歳未勝利,芝,1600,小雨,良,11:20,2019-04-14,阪神,14,1,2,2016103307,ボナパルティズム,牝3,54,01152,小崎綾也,1:37.1,クビ,7-6,35.4,96.1,12,508(0),01151,[西]斉藤崇史,003060,ゴドルフィン,,,,,,,,,,,,"8,18-13(10,11)17,2(12,14)15(1,16)9(3,4)6(5,7)",7,1,6.5,False,"8,18-(10,13)11(2,17,14)(1,12)15(3,16)9(4,6)(5,7)",6,3,5.0,False,-4,朝から雨が降り続いて時計の掛かる馬場になっていった。
201909020804,4,3歳未勝利,芝,1600,小雨,良,11:20,2019-04-14,阪神,15,2,4,2016101400,アサケボス,牡3,55,01156,加藤祥太,1:38.1,6,14-15,35.5,237.9,18,460(+18),01065,[西]大橋勇樹,464009,大橋堯,,,,,,,,,,,,"8,18-13(10,11)17,2(12,14)15(1,16)9(3,4)6(5,7)",14,2,6.5,False,"8,18-(10,13)11(2,17,14)(1,12)15(3,16)9(4,6)(5,7)",15,2,5.0,False,-4,朝から雨が降り続いて時計の掛かる馬場になっていった。
201909020804,4,3歳未勝利,芝,1600,小雨,良,11:20,2019-04-14,阪神,16,4,7,2016102451,スズカルージュ,牝3,54,01037,太宰啓介,1:38.2,1/2,17-17,35.4,191.6,16,462(-12),01065,[西]大橋勇樹,382004,永井啓弍,,,,,,,,,,,,"8,18-13(10,11)17,2(12,14)15(1,16)9(3,4)6(5,7)",17,2,6.5,False,"8,18-(10,13)11(2,17,14)(1,12)15(3,16)9(4,6)(5,7)",17,2,5.0,False,-4,朝から雨が降り続いて時計の掛かる馬場になっていった。
201909020804,4,3歳未勝利,芝,1600,小雨,良,11:20,2019-04-14,阪神,17,3,5,2016103892,トシエ,牝3,51,01172,服部寿希,1:38.3,1/2,17-17,35.5,186.0,15,448(-11),00427,[西]森秀行,784033,風早信昭,,,,,,,,,,,,"8,18-13(10,11)17,2(12,14)15(1,16)9(3,4)6(5,7)",17,2,6.5,False,"8,18-(10,13)11(2,17,14)(1,12)15(3,16)9(4,6)(5,7)",17,2,5.0,False,-4,朝から雨が降り続いて時計の掛かる馬場になっていった。
201909020804,4,3歳未勝利,芝,1600,小雨,良,11:20,2019-04-14,阪神,18,5,9,2016101144,エレディア,牝3,54,01116,藤岡康太,1:38.6,1.3/4,13-14,36.2,47.3,9,420(0),01061,[西]友道康夫,373008,中村祐子,,,,,,,,,,,,"8,18-13(10,11)17,2(12,14)15(1,16)9(3,4)6(5,7)",13,1,6.5,False,"8,18-(10,13)11(2,17,14)(1,12)15(3,16)9(4,6)(5,7)",14,1,5.0,False,-4,朝から雨が降り続いて時計の掛かる馬場になっていった。
201909020805,5,3歳500万下,ダ,1800,小雨,良,12:10,2019-04-14,阪神,1,7,9,2016105713,ハヤブサナンデクン,牡3,56,01095,吉田隼人,1:53.7,,3-3-3-3,36.9,4.6,2,492(-2),01130,[西]吉村圭司,837008,武田修,720.0,"5,6(3,9)10(2,7)8,4(1,11)",3,2,1.5,False,"5,6(3,9)(10,7)2,8,4(1,11)",3,2,1.5,False,"5,6,9(3,7,8)(10,4)11(2,1)",3,1,3.0,False,"(5,*6)9-(7,8)(4,11)-1,10,2,3",3,1,0.0,False,-3,
201909020805,5,3歳500万下,ダ,1800,小雨,良,12:10,2019-04-14,阪神,2,6,6,2016101745,ゲンパチルシファー,牡3,56,01102,北村友一,1:53.9,1.1/2,2-2-2-1,37.3,11.0,4,482(-2),00429,[西]佐々木晶,689002,平野武志,290.0,"5,6(3,9)10(2,7)8,4(1,11)",2,1,1.5,False,"5,6(3,9)(10,7)2,8,4(1,11)",2,1,1.5,False,"5,6,9(3,7,8)(10,4)11(2,1)",2,1,1.5,False,"(5,*6)9-(7,8)(4,11)-1,10,2,3",1,2,0.0,True,-3,
201909020805,5,3歳500万下,ダ,1800,小雨,良,12:10,2019-04-14,阪神,3,7,8,2016106126,ソルトイブキ,牡3,56,00700,四位洋文,1:54.1,1.1/4,8-8-4-4,37.0,8.0,3,480(+4),01033,[西]木原一良,781033,杉浦敏夫,180.0,"5,6(3,9)10(2,7)8,4(1,11)",8,1,1.5,False,"5,6(3,9)(10,7)2,8,4(1,11)",8,1,3.0,False,"5,6,9(3,7,8)(10,4)11(2,1)",4,3,3.0,False,"(5,*6)9-(7,8)(4,11)-1,10,2,3",4,2,3.5,False,-3,
201909020805,5,3歳500万下,ダ,1800,小雨,良,12:10,2019-04-14,阪神,4,1,1,2016103950,ヒミノブルー,牡3,56,01018,和田竜二,1:54.2,3/4,10-10-10-8,36.7,13.4,6,508(+8),01158,[西]寺島良,742005,佐々木八郎,110.0,"5,6(3,9)10(2,7)8,4(1,11)",10,2,3.0,False,"5,6(3,9)(10,7)2,8,4(1,11)",10,2,4.5,False,"5,6,9(3,7,8)(10,4)11(2,1)",10,2,3.0,False,"(5,*6)9-(7,8)(4,11)-1,10,2,3",8,1,7.0,False,-3,
201909020805,5,3歳500万下,ダ,1800,小雨,良,12:10,2019-04-14,阪神,5,8,11,2016100598,マッスルビーチ,牡3,56,00732,幸英明,1:54.5,1.3/4,10-10-9-6,37.2,1.9,1,456(+4),01111,[西]鈴木孝志,370008,岡浩二,72.0,"5,6(3,9)10(2,7)8,4(1,11)",10,2,3.0,False,"5,6(3,9)(10,7)2,8,4(1,11)",10,2,4.5,False,"5,6,9(3,7,8)(10,4)11(2,1)",9,1,3.0,False,"(5,*6)9-(7,8)(4,11)-1,10,2,3",6,2,3.5,False,-3,
201909020805,5,3歳500万下,ダ,1800,小雨,良,12:10,2019-04-14,阪神,6,5,5,2016110050,スマートアルケミー,牡3,55,01163,坂井瑠星,1:54.8,2,1-1-1-2,38.3,39.5,9,506(+10),01104,[西]笹田和秀,007803,大川徹,,"5,6(3,9)10(2,7)8,4(1,11)",1,1,0.0,False,"5,6(3,9)(10,7)2,8,4(1,11)",1,1,0.0,False,"5,6,9(3,7,8)(10,4)11(2,1)",1,1,0.0,False,"(5,*6)9-(7,8)(4,11)-1,10,2,3",2,2,0.0,False,-3,
201909020805,5,3歳500万下,ダ,1800,小雨,良,12:10,2019-04-14,阪神,7,4,4,2016106527,プレイヤーズハイ,牡3,56,01154,松若風馬,1:55.0,1,9-9-7-6,37.7,11.6,5,440(-2),01136,[西]高橋亮,260006,藤田孟司,,"5,6(3,9)10(2,7)8,4(1,11)",9,1,3.0,False,"5,6(3,9)(10,7)2,8,4(1,11)",9,1,4.5,False,"5,6,9(3,7,8)(10,4)11(2,1)",7,2,3.0,False,"(5,*6)9-(7,8)(4,11)-1,10,2,3",6,2,3.5,False,-3,
201909020805,5,3歳500万下,ダ,1800,小雨,良,12:10,2019-04-14,阪神,8,8,10,2016103146,メイショウヨソユキ,牝3,53,01156,加藤祥太,1:55.3,1.3/4,5-5-7-9,38.0,96.3,11,436(+2),01087,[西]庄野靖志,523005,松本好雄,,"5,6(3,9)10(2,7)8,4(1,11)",5,1,1.5,False,"5,6(3,9)(10,7)2,8,4(1,11)",5,2,1.5,False,"5,6,9(3,7,8)(10,4)11(2,1)",7,2,3.0,False,"(5,*6)9-(7,8)(4,11)-1,10,2,3",9,1,8.5,False,-3,
201909020805,5,3歳500万下,ダ,1800,小雨,良,12:10,2019-04-14,阪神,9,6,7,2016105987,クリエイトザライフ,牡3,56,01116,藤岡康太,1:56.5,7,6-5-4-4,39.6,21.0,8,482(-4),01117,[西]高野友和,994002,飯田正剛,,"5,6(3,9)10(2,7)8,4(1,11)",6,2,1.5,False,"5,6(3,9)(10,7)2,8,4(1,11)",5,2,1.5,False,"5,6,9(3,7,8)(10,4)11(2,1)",4,3,3.0,False,"(5,*6)9-(7,8)(4,11)-1,10,2,3",4,2,3.5,False,-3,
201909020805,5,3歳500万下,ダ,1800,小雨,良,12:10,2019-04-14,阪神,10,3,3,2016106107,タニノマイカ,牝3,54,01099,鮫島良太,1:57.8,8,3-3-4-11,40.5,20.1,7,468(0),01158,[西]寺島良,764001,谷水雄三,,"5,6(3,9)10(2,7)8,4(1,11)",3,2,1.5,False,"5,6(3,9)(10,7)2,8,4(1,11)",3,2,1.5,False,"5,6,9(3,7,8)(10,4)11(2,1)",4,3,3.0,False,"(5,*6)9-(7,8)(4,11)-1,10,2,3",11,1,11.5,False,-3,
201909020805,5,3歳500万下,ダ,1800,小雨,良,12:10,2019-04-14,阪神,11,2,2,2016102188,メイショウコミチ,牝3,54,01015,古川吉洋,1:58.2,2.1/2,6-7-10-10,40.6,86.3,10,442(0),01099,[西]本田優,523005,松本好雄,,"5,6(3,9)10(2,7)8,4(1,11)",6,2,1.5,False,"5,6(3,9)(10,7)2,8,4(1,11)",7,1,1.5,False,"5,6,9(3,7,8)(10,4)11(2,1)",10,2,3.0,False,"(5,*6)9-(7,8)(4,11)-1,10,2,3",10,1,10.0,False,-3,
201909020806,6,3歳500万下,芝,2000,小雨,稍重,12:45,2019-04-14,阪神,1,2,2,2016105136,サヴォワールエメ,牝3,54,01116,藤岡康太,2:02.6,,1-1-1-1,34.9,7.0,4,454(+6),01061,[西]友道康夫,686006,平井裕,720.0,"2,3(5,7)6,1(4,9)10-8,11",1,1,0.0,False,"2,3(5,7)6,1(4,9)10,8,11",1,1,0.0,False,"(*2,3)6(5,7)9(1,10)4(8,11)",1,2,0.0,True,"2(3,6,9,11)(5,7,10)4(8,1)",1,1,0.0,False,-3,
201909020806,6,3歳500万下,芝,2000,小雨,稍重,12:45,2019-04-14,阪神,2,5,5,2016104357,ファナティック,牝3,54,01102,北村友一,2:02.7,1/2,3-3-4-6,34.7,4.3,2,462(+4),01092,[西]松永幹夫,486800,キャロットファーム,290.0,"2,3(5,7)6,1(4,9)10-8,11",3,2,1.5,False,"2,3(5,7)6,1(4,9)10,8,11",3,2,1.5,False,"(*2,3)6(5,7)9(1,10)4(8,11)",4,2,0.0,False,"2(3,6,9,11)(5,7,10)4(8,1)",6,3,0.0,False,-3,
201909020806,6,3歳500万下,芝,2000,小雨,稍重,12:45,2019-04-14,阪神,3,1,1,2016106292,オールイズウェル,牡3,56,00732,幸英明,2:02.7,アタマ,6-6-7-10,34.5,3.8,1,494(-2),00429,[西]佐々木晶,336030,小林竜太郎,180.0,"2,3(5,7)6,1(4,9)10-8,11",6,1,3.0,False,"2,3(5,7)6,1(4,9)10,8,11",6,1,3.0,False,"(*2,3)6(5,7)9(1,10)4(8,11)",7,2,0.0,False,"2(3,6,9,11)(5,7,10)4(8,1)",10,2,0.0,False,-3,
201909020806,6,3歳500万下,芝,2000,小雨,稍重,12:45,2019-04-14,阪神,4,7,8,2016104382,アルクス,牡3,56,01037,太宰啓介,2:02.7,クビ,10-10-10-10,34.4,29.0,9,476(-8),01071,[西]池江泰寿,415800,社台レースホース,110.0,"2,3(5,7)6,1(4,9)10-8,11",10,1,6.5,False,"2,3(5,7)6,1(4,9)10,8,11",10,1,4.5,False,"(*2,3)6(5,7)9(1,10)4(8,11)",10,2,0.0,False,"2(3,6,9,11)(5,7,10)4(8,1)",10,2,0.0,False,-3,
201909020806,6,3歳500万下,芝,2000,小雨,稍重,12:45,2019-04-14,阪神,5,8,10,2016100126,ダディーズトリップ,牡3,56,01096,大野拓弥,2:02.9,1.1/4,9-9-7-6,34.8,27.9,8,436(+4),01157,[西]杉山晴紀,754030,田島大史,72.0,"2,3(5,7)6,1(4,9)10-8,11",9,1,3.0,False,"2,3(5,7)6,1(4,9)10,8,11",9,1,3.0,False,"(*2,3)6(5,7)9(1,10)4(8,11)",7,2,0.0,False,"2(3,6,9,11)(5,7,10)4(8,1)",6,3,0.0,False,-3,
201909020806,6,3歳500万下,芝,2000,小雨,稍重,12:45,2019-04-14,阪神,6,7,9,2016100585,リーガルメイン,牡3,56,01115,浜中俊,2:03.3,2.1/2,7-7-6-2,35.4,8.7,6,442(+4),01154,[西]橋口慎介,041002,前田晋二,,"2,3(5,7)6,1(4,9)10-8,11",7,2,3.0,False,"2,3(5,7)6,1(4,9)10,8,11",7,2,3.0,False,"(*2,3)6(5,7)9(1,10)4(8,11)",6,1,0.0,False,"2(3,6,9,11)(5,7,10)4(8,1)",2,4,0.0,False,-3,
201909020806,6,3歳500万下,芝,2000,小雨,稍重,12:45,2019-04-14,阪神,7,3,3,2016102929,ショウナンバルディ,牡3,55,01163,坂井瑠星,2:03.5,1.1/4,2-2-2-2,35.7,7.8,5,438(-6),01149,[西]松下武士,331002,国本哲秀,,"2,3(5,7)6,1(4,9)10-8,11",2,1,1.5,False,"2,3(5,7)6,1(4,9)10,8,11",2,1,1.5,False,"(*2,3)6(5,7)9(1,10)4(8,11)",2,2,0.0,False,"2(3,6,9,11)(5,7,10)4(8,1)",2,4,0.0,False,-3,
201909020806,6,3歳500万下,芝,2000,小雨,稍重,12:45,2019-04-14,阪神,8,6,7,2016104835,タンタラス,牝3,54,01160,荻野極,2:03.7,1.1/4,3-3-4-6,35.7,5.4,3,464(+10),01144,[西]池添学,226800,サンデーレーシング,,"2,3(5,7)6,1(4,9)10-8,11",3,2,1.5,False,"2,3(5,7)6,1(4,9)10,8,11",3,2,1.5,False,"(*2,3)6(5,7)9(1,10)4(8,11)",4,2,0.0,False,"2(3,6,9,11)(5,7,10)4(8,1)",6,3,0.0,False,-3,
201909020806,6,3歳500万下,芝,2000,小雨,稍重,12:45,2019-04-14,阪神,9,6,6,2016106455,ニューアビリティ,牡3,56,01018,和田竜二,2:04.2,3,5-5-3-2,36.4,11.9,7,476(0),00362,[西]橋田満,885800,ビクトリーホースラン...,,"2,3(5,7)6,1(4,9)10-8,11",5,1,1.5,False,"2,3(5,7)6,1(4,9)10,8,11",5,1,1.5,False,"(*2,3)6(5,7)9(1,10)4(8,11)",3,1,0.0,False,"2(3,6,9,11)(5,7,10)4(8,1)",2,4,0.0,False,-3,
201909020806,6,3歳500万下,芝,2000,小雨,稍重,12:45,2019-04-14,阪神,10,8,11,2016101721,ピースフルサンデー,牡3,56,01152,小崎綾也,2:04.3,3/4,11-11-10-2,36.4,49.5,11,450(+2),01018,[西]宮徹,075002,小川勲,,"2,3(5,7)6,1(4,9)10-8,11",11,1,8.0,False,"2,3(5,7)6,1(4,9)10,8,11",11,1,6.0,False,"(*2,3)6(5,7)9(1,10)4(8,11)",10,2,0.0,False,"2(3,6,9,11)(5,7,10)4(8,1)",2,4,0.0,False,-3,
201909020806,6,3歳500万下,芝,2000,小雨,稍重,12:45,2019-04-14,阪神,11,4,4,2016101051,キャノンバローズ,牡3,56,01154,松若風馬,2:04.7,2.1/2,7-7-9-9,36.5,49.1,10,456(+4),01151,[西]斉藤崇史,859007,猪熊広次,,"2,3(5,7)6,1(4,9)10-8,11",7,2,3.0,False,"2,3(5,7)6,1(4,9)10,8,11",7,2,3.0,False,"(*2,3)6(5,7)9(1,10)4(8,11)",9,1,0.0,False,"2(3,6,9,11)(5,7,10)4(8,1)",9,1,0.0,False,-3,
201909020807,7,4歳以上500万下,ダ,1200,小雨,稍重,13:15,2019-04-14,阪神,1,7,11,2014102571,ウラガーノ,牝5,55,01037,太宰啓介,1:12.6,,4-4,36.8,4.3,2,516(-4),01168,[西]上村洋行,260006,藤田孟司,750.0,,,,,,,,,,,"1(4,13)(9,12,11)(7,10)8(2,3)5-6",4,3,0.0,False,"(*1,4)13(9,11)12(7,10,8)(2,3)5,6",4,2,0.0,False,-4,
201909020807,7,4歳以上500万下,ダ,1200,小雨,稍重,13:15,2019-04-14,阪神,2,3,3,2015104818,レッドシャーロット,牝4,54,01169,武藤雅,1:12.6,クビ,10-10,36.2,9.8,6,468(+2),01087,[西]庄野靖志,180800,東京ホースレーシング,300.0,,,,,,,,,,,"1(4,13)(9,12,11)(7,10)8(2,3)5-6",10,2,0.0,False,"(*1,4)13(9,11)12(7,10,8)(2,3)5,6",10,2,0.0,False,-4,
201909020807,7,4歳以上500万下,ダ,1200,小雨,稍重,13:15,2019-04-14,阪神,3,7,10,2015105396,ロンス,牝4,55,01034,酒井学,1:12.8,1.1/4,7-7,36.6,9.4,5,460(0),01083,[西]松永昌博,162008,熊澤浩樹,190.0,,,,,,,,,,,"1(4,13)(9,12,11)(7,10)8(2,3)5-6",7,2,0.0,False,"(*1,4)13(9,11)12(7,10,8)(2,3)5,6",7,3,0.0,False,-4,
201909020807,7,4歳以上500万下,ダ,1200,小雨,稍重,13:15,2019-04-14,阪神,4,8,12,2015101576,ハウリング,牝4,55,01018,和田竜二,1:12.8,ハナ,4-6,37.0,7.5,4,462(+2),01058,[西]大久保龍,003060,ゴドルフィン,110.0,,,,,,,,,,,"1(4,13)(9,12,11)(7,10)8(2,3)5-6",4,3,0.0,False,"(*1,4)13(9,11)12(7,10,8)(2,3)5,6",6,1,0.0,False,-4,
201909020807,7,4歳以上500万下,ダ,1200,小雨,稍重,13:15,2019-04-14,阪神,5,8,13,2015103590,モンテルース,牝4,55,01096,大野拓弥,1:12.9,1/2,2-3,37.2,5.0,3,468(-4),01157,[西]杉山晴紀,117800,高昭牧場,75.0,,,,,,,,,,,"1(4,13)(9,12,11)(7,10)8(2,3)5-6",2,2,0.0,False,"(*1,4)13(9,11)12(7,10,8)(2,3)5,6",3,1,0.0,False,-4,
201909020807,7,4歳以上500万下,ダ,1200,小雨,稍重,13:15,2019-04-14,阪神,6,4,4,2014100409,ヘルディン,牝5,55,01116,藤岡康太,1:13.0,1/2,2-2,37.4,4.1,1,444(+4),01120,[西]千田輝彦,693033,金山敏也,,,,,,,,,,,,"1(4,13)(9,12,11)(7,10)8(2,3)5-6",2,2,0.0,False,"(*1,4)13(9,11)12(7,10,8)(2,3)5,6",2,2,0.0,False,-4,
201909020807,7,4歳以上500万下,ダ,1200,小雨,稍重,13:15,2019-04-14,阪神,7,6,8,2014103058,エイシンムー,牝5,55,01160,荻野極,1:13.1,1/2,9-7,36.8,40.7,12,490(-5),01069,[西]中尾秀正,785800,栄進堂,,,,,,,,,,,,"1(4,13)(9,12,11)(7,10)8(2,3)5-6",9,1,0.0,False,"(*1,4)13(9,11)12(7,10,8)(2,3)5,6",7,3,0.0,False,-4,
201909020807,7,4歳以上500万下,ダ,1200,小雨,稍重,13:15,2019-04-14,阪神,8,5,7,2015101340,コンセッションズ,牝4,55,00732,幸英明,1:13.4,1.3/4,7-7,37.4,27.3,9,440(+6),01113,[西]牧浦充徳,301803,ニッシンレーシング,,,,,,,,,,,,"1(4,13)(9,12,11)(7,10)8(2,3)5-6",7,2,0.0,False,"(*1,4)13(9,11)12(7,10,8)(2,3)5,6",7,3,0.0,False,-4,
201909020807,7,4歳以上500万下,ダ,1200,小雨,稍重,13:15,2019-04-14,阪神,9,2,2,2013103963,ラタンドレス,牝6,55,01095,吉田隼人,1:13.5,1/2,10-10,37.2,17.1,7,492(+6),00388,[西]山内研二,854800,ノルマンディーサラブ...,,,,,,,,,,,,"1(4,13)(9,12,11)(7,10)8(2,3)5-6",10,2,0.0,False,"(*1,4)13(9,11)12(7,10,8)(2,3)5,6",10,2,0.0,False,-4,
201909020807,7,4歳以上500万下,ダ,1200,小雨,稍重,13:15,2019-04-14,阪神,10,6,9,2015103580,ファステンバーグ,牝4,55,01102,北村友一,1:13.6,3/4,4-4,37.9,30.0,11,454(+4),01016,[西]西浦勝一,879800,雅苑興業,,,,,,,,,,,,"1(4,13)(9,12,11)(7,10)8(2,3)5-6",4,3,0.0,False,"(*1,4)13(9,11)12(7,10,8)(2,3)5,6",4,2,0.0,False,-4,
201909020807,7,4歳以上500万下,ダ,1200,小雨,稍重,13:15,2019-04-14,阪神,11,5,6,2014102689,ブライトメジャー,牝5,55,01152,小崎綾也,1:13.8,1,13-13,36.9,28.6,10,466(0),01085,[西]小崎憲,838008,谷和光彦,,,,,,,,,,,,"1(4,13)(9,12,11)(7,10)8(2,3)5-6",13,1,3.5,False,"(*1,4)13(9,11)12(7,10,8)(2,3)5,6",13,1,1.5,False,-4,
201909020807,7,4歳以上500万下,ダ,1200,小雨,稍重,13:15,2019-04-14,阪神,12,4,5,2014105799,ミザイ,牝5,55,01036,竹之下智,1:14.0,1,12-12,37.4,106.8,13,496(-5),01120,[西]千田輝彦,301803,ニッシンレーシング,,,,,,,,,,,,"1(4,13)(9,12,11)(7,10)8(2,3)5-6",12,1,0.0,False,"(*1,4)13(9,11)12(7,10,8)(2,3)5,6",12,1,0.0,False,-4,
201909020807,7,4歳以上500万下,ダ,1200,小雨,稍重,13:15,2019-04-14,阪神,13,1,1,2014104316,シグルーン,牝5,55,01154,松若風馬,1:14.8,5,1-1,39.3,21.8,8,456(+6),01018,[西]宮徹,851009,岡田牧雄,,,,,,,,,,,,"1(4,13)(9,12,11)(7,10)8(2,3)5-6",1,1,0.0,False,"(*1,4)13(9,11)12(7,10,8)(2,3)5,6",1,2,0.0,True,-4,
201909020808,8,4歳以上500万下,芝,2200,小雨,稍重,13:45,2019-04-14,阪神,1,2,2,2015101465,ミスマンマミーア,牝4,55,00700,四位洋文,2:13.9,,7-7-7-5,35.2,4.5,2,452(+6),01158,[西]寺島良,554008,吉田勝利,750.0,"1-11-8(5,10)7,2,9-4,3,6-12",7,1,8.5,False,"1-11-8(5,10)7-(2,9)-4,3,6-12",7,2,10.5,False,"1-11-8(7,10)5,2(3,4,9)(12,6)",7,1,8.5,False,"1=11(7,8)(2,10)9,6(5,4,12)3",5,2,6.0,False,-1,
201909020808,8,4歳以上500万下,芝,2200,小雨,稍重,13:45,2019-04-14,阪神,2,6,7,2015103528,プルンクザール,牡4,57,01115,浜中俊,2:14.0,1/2,6-6-4-3,35.6,3.2,1,466(0),01022,[西]石坂正,281008,水上ふじ子,300.0,"1-11-8(5,10)7,2,9-4,3,6-12",6,1,7.0,False,"1-11-8(5,10)7-(2,9)-4,3,6-12",6,1,7.0,False,"1-11-8(7,10)5,2(3,4,9)(12,6)",4,2,7.0,False,"1=11(7,8)(2,10)9,6(5,4,12)3",3,2,6.0,False,-1,
201909020808,8,4歳以上500万下,芝,2200,小雨,稍重,13:45,2019-04-14,阪神,3,5,6,2015106286,サダムラピュタ,牡4,57,01154,松若風馬,2:14.5,3,11-11-11-8,35.4,7.1,4,476(-2),01082,[西]平田修,096007,大西定,190.0,"1-11-8(5,10)7,2,9-4,3,6-12",11,1,16.5,False,"1-11-8(5,10)7-(2,9)-4,3,6-12",11,1,17.0,False,"1-11-8(7,10)5,2(3,4,9)(12,6)",11,2,8.5,False,"1=11(7,8)(2,10)9,6(5,4,12)3",8,1,7.5,False,-1,
201909020808,8,4歳以上500万下,芝,2200,小雨,稍重,13:45,2019-04-14,阪神,4,7,9,2015100230,ウインラナキラ,牝4,55,01096,大野拓弥,2:14.6,クビ,8-7-8-7,35.7,5.8,3,414(-2),01018,[西]宮徹,494800,ウイン,110.0,"1-11-8(5,10)7,2,9-4,3,6-12",8,1,10.0,False,"1-11-8(5,10)7-(2,9)-4,3,6-12",7,2,10.5,False,"1-11-8(7,10)5,2(3,4,9)(12,6)",8,3,8.5,False,"1=11(7,8)(2,10)9,6(5,4,12)3",7,1,6.0,False,-1,
201909020808,8,4歳以上500万下,芝,2200,小雨,稍重,13:45,2019-04-14,阪神,5,1,1,2013106322,グランノーブル,セ6,57,00732,幸英明,2:14.6,アタマ,1-1-1-1,37.6,15.7,7,488(0),00429,[西]佐々木晶,372008,三宅勝俊,75.0,"1-11-8(5,10)7,2,9-4,3,6-12",1,1,0.0,False,"1-11-8(5,10)7-(2,9)-4,3,6-12",1,1,0.0,False,"1-11-8(7,10)5,2(3,4,9)(12,6)",1,1,0.0,False,"1=11(7,8)(2,10)9,6(5,4,12)3",1,1,0.0,False,-1,
201909020808,8,4歳以上500万下,芝,2200,小雨,稍重,13:45,2019-04-14,阪神,6,6,8,2013101028,ウォーターミリオン,牡6,57,01034,酒井学,2:15.0,2.1/2,3-3-3-3,36.7,21.6,9,446(-6),01009,[西]田所秀孝,312006,山岡正人,,"1-11-8(5,10)7,2,9-4,3,6-12",3,1,7.0,False,"1-11-8(5,10)7-(2,9)-4,3,6-12",3,1,7.0,False,"1-11-8(7,10)5,2(3,4,9)(12,6)",3,1,7.0,False,"1=11(7,8)(2,10)9,6(5,4,12)3",3,2,6.0,False,-1,
201909020808,8,4歳以上500万下,芝,2200,小雨,稍重,13:45,2019-04-14,阪神,7,8,12,2015102181,サクセステーラー,牡4,57,01125,国分優作,2:15.0,クビ,12-12-11-9,35.7,10.0,5,454(-2),01140,[西]石橋守,730002,中西浩一,,"1-11-8(5,10)7,2,9-4,3,6-12",12,1,20.0,False,"1-11-8(5,10)7-(2,9)-4,3,6-12",12,1,20.5,False,"1-11-8(7,10)5,2(3,4,9)(12,6)",11,2,8.5,False,"1=11(7,8)(2,10)9,6(5,4,12)3",9,3,7.5,False,-1,
201909020808,8,4歳以上500万下,芝,2200,小雨,稍重,13:45,2019-04-14,阪神,8,3,3,2015101185,ダノンアポロン,牡4,57,01160,荻野極,2:15.3,1.1/2,10-10-8-12,36.1,11.1,6,498(+4),01107,[西]村山明,619800,ダノックス,,"1-11-8(5,10)7,2,9-4,3,6-12",10,1,15.0,False,"1-11-8(5,10)7-(2,9)-4,3,6-12",10,1,15.5,False,"1-11-8(7,10)5,2(3,4,9)(12,6)",8,3,8.5,False,"1=11(7,8)(2,10)9,6(5,4,12)3",12,1,7.5,False,-1,
201909020808,8,4歳以上500万下,芝,2200,小雨,稍重,13:45,2019-04-14,阪神,9,4,4,2014102159,タガノシャルドネ,牡5,57,01133,水口優也,2:15.7,2.1/2,9-9-8-9,36.6,63.9,11,458(+2),01003,[西]川村禎彦,874800,八木秀之,,"1-11-8(5,10)7,2,9-4,3,6-12",9,1,13.5,False,"1-11-8(5,10)7-(2,9)-4,3,6-12",9,1,14.0,False,"1-11-8(7,10)5,2(3,4,9)(12,6)",8,3,8.5,False,"1=11(7,8)(2,10)9,6(5,4,12)3",9,3,7.5,False,-1,
201909020808,8,4歳以上500万下,芝,2200,小雨,稍重,13:45,2019-04-14,阪神,10,8,11,2012104654,ブロウユアマインド,セ7,57,01102,北村友一,2:15.9,1.1/2,2-2-2-2,38.0,29.3,10,440(+2),01151,[西]斉藤崇史,506800,シルクレーシング,,"1-11-8(5,10)7,2,9-4,3,6-12",2,1,3.5,False,"1-11-8(5,10)7-(2,9)-4,3,6-12",2,1,3.5,False,"1-11-8(7,10)5,2(3,4,9)(12,6)",2,1,3.5,False,"1=11(7,8)(2,10)9,6(5,4,12)3",2,1,6.0,False,-1,
201909020808,8,4歳以上500万下,芝,2200,小雨,稍重,13:45,2019-04-14,阪神,11,7,10,2014105794,アドマイヤローザ,牝5,55,01116,藤岡康太,2:16.7,5,4-4-4-5,38.2,18.4,8,468(0),01084,[西]梅田智之,398002,近藤利一,,"1-11-8(5,10)7,2,9-4,3,6-12",4,2,7.0,False,"1-11-8(5,10)7-(2,9)-4,3,6-12",4,2,7.0,False,"1-11-8(7,10)5,2(3,4,9)(12,6)",4,2,7.0,False,"1=11(7,8)(2,10)9,6(5,4,12)3",5,2,6.0,False,-1,
201909020808,8,4歳以上500万下,芝,2200,小雨,稍重,13:45,2019-04-14,阪神,12,5,5,2013101248,タマモベルガモ,牡6,57,01099,鮫島良太,2:16.9,1.1/4,4-4-6-9,38.0,87.7,12,494(-6),01003,[西]川村禎彦,515800,タマモ,,"1-11-8(5,10)7,2,9-4,3,6-12",4,2,7.0,False,"1-11-8(5,10)7-(2,9)-4,3,6-12",4,2,7.0,False,"1-11-8(7,10)5,2(3,4,9)(12,6)",6,1,7.0,False,"1=11(7,8)(2,10)9,6(5,4,12)3",9,3,7.5,False,-1,
201909020809,9,千種川特別(2勝),芝,1200,小雨,稍重,14:15,2019-04-14,阪神,1,4,5,2014100814,マイネルパラディ,セ5,56,01124,国分恭介,1:09.3,,1-1,34.2,13.5,8,468(-4),01009,[西]田所秀孝,546800,サラブレッドクラブ・...,"1,533.6",,,,,,,,,,,"5(2,4)6,3(1,9,11)7,8,10,12,13",1,1,0.0,False,"(*5,4)(2,6,11)(3,9)(1,7)(13,8,12)10",1,2,0.0,True,1,
201909020809,9,千種川特別(2勝),芝,1200,小雨,稍重,14:15,2019-04-14,阪神,2,1,1,2015100822,タイセイアベニール,牡4,55,01115,浜中俊,1:09.3,クビ,6-8,33.7,21.2,10,480(+6),01148,[西]西村真幸,224007,田中成奉,609.6,,,,,,,,,,,"5(2,4)6,3(1,9,11)7,8,10,12,13",6,3,1.5,False,"(*5,4)(2,6,11)(3,9)(1,7)(13,8,12)10",8,2,0.0,False,1,
201909020809,9,千種川特別(2勝),芝,1200,小雨,稍重,14:15,2019-04-14,阪神,3,4,4,2014104390,ライオネルカズマ,牡5,55,01152,小崎綾也,1:09.3,ハナ,2-2,34.1,5.9,3,510(-4),00438,[西]安田隆行,879800,雅苑興業,384.8,,,,,,,,,,,"5(2,4)6,3(1,9,11)7,8,10,12,13",2,2,0.0,False,"(*5,4)(2,6,11)(3,9)(1,7)(13,8,12)10",2,2,0.0,False,1,
201909020809,9,千種川特別(2勝),芝,1200,小雨,稍重,14:15,2019-04-14,阪神,4,2,2,2014102930,ワールドフォーラブ,牝5,53,01018,和田竜二,1:09.5,1.1/4,2-3,34.2,10.9,6,450(0),01002,[西]音無秀孝,367008,吉澤克己,230.0,,,,,,,,,,,"5(2,4)6,3(1,9,11)7,8,10,12,13",2,2,0.0,False,"(*5,4)(2,6,11)(3,9)(1,7)(13,8,12)10",3,3,0.0,False,1,
201909020809,9,千種川特別(2勝),芝,1200,小雨,稍重,14:15,2019-04-14,阪神,5,5,6,2015101537,セトノシャトル,牡4,55,00732,幸英明,1:09.7,1.1/4,4-3,34.4,8.1,4,518(+2),01111,[西]鈴木孝志,705006,難波澄子,150.0,,,,,,,,,,,"5(2,4)6,3(1,9,11)7,8,10,12,13",4,1,0.0,False,"(*5,4)(2,6,11)(3,9)(1,7)(13,8,12)10",3,3,0.0,False,1,
201909020809,9,千種川特別(2勝),芝,1200,小雨,稍重,14:15,2019-04-14,阪神,6,7,11,2013103823,メイショウシャチ,牡6,54,01095,吉田隼人,1:09.7,クビ,6-3,34.3,26.9,11,480(+4),01140,[西]石橋守,523005,松本好雄,,,,,,,,,,,,"5(2,4)6,3(1,9,11)7,8,10,12,13",6,3,1.5,False,"(*5,4)(2,6,11)(3,9)(1,7)(13,8,12)10",3,3,0.0,False,1,
201909020809,9,千種川特別(2勝),芝,1200,小雨,稍重,14:15,2019-04-14,阪神,7,7,10,2014100555,ヤマニンペダラーダ,牡5,54,01102,北村友一,1:09.8,クビ,11-13,33.7,5.3,2,472(-4),00411,[西]浅見秀一,329004,土井肇,,,,,,,,,,,,"5(2,4)6,3(1,9,11)7,8,10,12,13",11,1,4.5,False,"(*5,4)(2,6,11)(3,9)(1,7)(13,8,12)10",13,1,0.0,False,1,
201909020809,9,千種川特別(2勝),芝,1200,小雨,稍重,14:15,2019-04-14,阪神,8,5,7,2015103893,ミトノアミーゴ,牡4,55,00700,四位洋文,1:09.8,クビ,9-8,34.1,10.9,7,460(0),01161,[西]武英智,018700,ロイヤルパーク,,,,,,,,,,,,"5(2,4)6,3(1,9,11)7,8,10,12,13",9,1,1.5,False,"(*5,4)(2,6,11)(3,9)(1,7)(13,8,12)10",8,2,0.0,False,1,
201909020809,9,千種川特別(2勝),芝,1200,小雨,稍重,14:15,2019-04-14,阪神,9,8,13,2013100041,マリエラ,牡6,54,01163,坂井瑠星,1:09.9,クビ,13-10,33.8,18.7,9,532(-10),01046,[西]鮫島一歩,797008,栗山良子,,,,,,,,,,,,"5(2,4)6,3(1,9,11)7,8,10,12,13",13,1,7.5,False,"(*5,4)(2,6,11)(3,9)(1,7)(13,8,12)10",10,3,0.0,False,1,
201909020809,9,千種川特別(2勝),芝,1200,小雨,稍重,14:15,2019-04-14,阪神,10,3,3,2015101633,ムーンチャイム,牝4,53,01154,松若風馬,1:10.0,3/4,5-6,34.5,8.7,5,432(-10),01120,[西]千田輝彦,003060,ゴドルフィン,,,,,,,,,,,,"5(2,4)6,3(1,9,11)7,8,10,12,13",5,1,1.5,False,"(*5,4)(2,6,11)(3,9)(1,7)(13,8,12)10",6,2,0.0,False,1,
201909020809,9,千種川特別(2勝),芝,1200,小雨,稍重,14:15,2019-04-14,阪神,11,8,12,2015101210,アルジャーノン,牡4,56,01096,大野拓弥,1:10.0,ハナ,12-10,33.9,4.8,1,444(+4),01095,[西]荒川義之,087803,ＨｉｍＲｏｃｋＲａｃ...,,,,,,,,,,,,"5(2,4)6,3(1,9,11)7,8,10,12,13",12,1,6.0,False,"(*5,4)(2,6,11)(3,9)(1,7)(13,8,12)10",10,3,0.0,False,1,
201909020809,9,千種川特別(2勝),芝,1200,小雨,稍重,14:15,2019-04-14,阪神,12,6,9,2014104261,シュエットヌーベル,牝5,53,01116,藤岡康太,1:10.2,1.1/2,6-6,34.6,39.5,13,462(+2),01091,[西]羽月友彦,854800,ノルマンディーサラブ...,,,,,,,,,,,,"5(2,4)6,3(1,9,11)7,8,10,12,13",6,3,1.5,False,"(*5,4)(2,6,11)(3,9)(1,7)(13,8,12)10",6,2,0.0,False,1,
201909020809,9,千種川特別(2勝),芝,1200,小雨,稍重,14:15,2019-04-14,阪神,13,6,8,2013101446,ウインハートビート,牡6,53,01169,武藤雅,1:10.5,1.3/4,10-10,34.6,34.9,12,502(0),01073,[西]宮本博,494800,ウイン,,,,,,,,,,,,"5(2,4)6,3(1,9,11)7,8,10,12,13",10,1,3.0,False,"(*5,4)(2,6,11)(3,9)(1,7)(13,8,12)10",10,3,0.0,False,1,
201909020810,10,難波S(3勝),芝,1800,雨,稍重,14:50,2019-04-14,阪神,1,2,2,2014102157,テリトーリアル,牡5,57,01116,藤岡康太,1:47.2,,5-6,34.1,6.6,2,482(0),01016,[西]西浦勝一,003060,ゴドルフィン,"1,845.9",,,,,,,,,,,"11,10,3,4(2,8)(5,12)6,1,7,9",5,2,4.5,False,"11,10(3,4)8(2,12)(5,6)(1,7)9",6,2,1.5,False,3,
201909020810,10,難波S(3勝),芝,1800,雨,稍重,14:50,2019-04-14,阪神,2,6,7,2015103616,メイショウオーパス,牡4,57,00732,幸英明,1:47.2,ハナ,11-10,33.6,6.8,4,496(-4),01139,[西]飯田祐史,523005,松本好雄,737.4,,,,,,,,,,,"11,10,3,4(2,8)(5,12)6,1,7,9",11,1,7.5,False,"11,10(3,4)8(2,12)(5,6)(1,7)9",10,2,1.5,False,3,
201909020810,10,難波S(3勝),芝,1800,雨,稍重,14:50,2019-04-14,阪神,3,5,5,2013106012,バティスティーニ,牡6,57,01102,北村友一,1:47.4,1.1/4,7-8,34.1,10.1,8,492(+2),01144,[西]池添学,226800,サンデーレーシング,463.7,,,,,,,,,,,"11,10,3,4(2,8)(5,12)6,1,7,9",7,2,4.5,False,"11,10(3,4)8(2,12)(5,6)(1,7)9",8,2,1.5,False,3,
201909020810,10,難波S(3勝),芝,1800,雨,稍重,14:50,2019-04-14,阪神,4,8,11,2014100595,ミスディレクション,セ5,57,01037,太宰啓介,1:47.4,アタマ,1-1,34.8,17.7,9,496(0),01160,[西]武幸四郎,788800,ノースヒルズ,270.0,,,,,,,,,,,"11,10,3,4(2,8)(5,12)6,1,7,9",1,1,0.0,False,"11,10(3,4)8(2,12)(5,6)(1,7)9",1,1,0.0,False,3,
201909020810,10,難波S(3勝),芝,1800,雨,稍重,14:50,2019-04-14,阪神,5,3,3,2013105832,エンヴァール,牡6,57,01163,坂井瑠星,1:47.4,クビ,3-3,34.5,23.2,10,470(+2),01055,[西]藤原英昭,534006,寺田千代乃,182.0,,,,,,,,,,,"11,10,3,4(2,8)(5,12)6,1,7,9",3,1,3.0,False,"11,10(3,4)8(2,12)(5,6)(1,7)9",3,2,1.5,False,3,
201909020810,10,難波S(3勝),芝,1800,雨,稍重,14:50,2019-04-14,阪神,6,6,8,2015104444,ワイプティアーズ,牡4,57,01018,和田竜二,1:47.5,クビ,5-5,34.5,9.8,7,526(+4),00425,[西]加用正,758005,吉田照哉,,,,,,,,,,,,"11,10,3,4(2,8)(5,12)6,1,7,9",5,2,4.5,False,"11,10(3,4)8(2,12)(5,6)(1,7)9",5,1,1.5,False,3,
201909020810,10,難波S(3勝),芝,1800,雨,稍重,14:50,2019-04-14,阪神,7,1,1,2014102607,テーオービクトリー,牝5,55,01115,浜中俊,1:47.5,アタマ,10-10,34.0,8.4,5,472(-2),01066,[西]岡田稲男,304008,小笹公也,,,,,,,,,,,,"11,10,3,4(2,8)(5,12)6,1,7,9",10,1,6.0,False,"11,10(3,4)8(2,12)(5,6)(1,7)9",10,2,1.5,False,3,
201909020810,10,難波S(3勝),芝,1800,雨,稍重,14:50,2019-04-14,阪神,8,4,4,2013106021,ジークカイザー,牡6,57,01160,荻野極,1:47.6,3/4,4-3,34.7,4.2,1,488(+12),01071,[西]池江泰寿,486800,キャロットファーム,,,,,,,,,,,,"11,10,3,4(2,8)(5,12)6,1,7,9",4,1,4.5,False,"11,10(3,4)8(2,12)(5,6)(1,7)9",3,2,1.5,False,3,
201909020810,10,難波S(3勝),芝,1800,雨,稍重,14:50,2019-04-14,阪神,9,7,10,2014105627,ブラックスビーチ,牝5,55,01034,酒井学,1:47.7,1/2,2-2,34.9,6.7,3,468(+4),01053,[西]角居勝彦,124008,山本英俊,,,,,,,,,,,,"11,10,3,4(2,8)(5,12)6,1,7,9",2,1,1.5,False,"11,10(3,4)8(2,12)(5,6)(1,7)9",2,1,1.5,False,3,
201909020810,10,難波S(3勝),芝,1800,雨,稍重,14:50,2019-04-14,阪神,10,5,6,2012106023,バイガエシ,牡7,57,00700,四位洋文,1:47.7,ハナ,9-8,34.3,8.5,6,536(-4),01006,[西]作田誠二,993009,菅藤宗一,,,,,,,,,,,,"11,10,3,4(2,8)(5,12)6,1,7,9",9,1,4.5,False,"11,10(3,4)8(2,12)(5,6)(1,7)9",8,2,1.5,False,3,
201909020810,10,難波S(3勝),芝,1800,雨,稍重,14:50,2019-04-14,阪神,11,7,9,2013103727,ウインクルサルーテ,牝6,55,01154,松若風馬,1:48.0,1.3/4,12-12,34.2,41.1,11,434(+2),01136,[西]高橋亮,276800,有能,,,,,,,,,,,,"11,10,3,4(2,8)(5,12)6,1,7,9",12,1,9.0,False,"11,10(3,4)8(2,12)(5,6)(1,7)9",12,1,1.5,False,3,
201909020810,10,難波S(3勝),芝,1800,雨,稍重,14:50,2019-04-14,阪神,12,8,12,2012100740,マイネルネーベル,牡7,57,01124,国分恭介,1:48.7,4,7-6,35.5,74.1,12,460(-2),00422,[西]五十嵐忠,546800,サラブレッドクラブ・...,,,,,,,,,,,,"11,10,3,4(2,8)(5,12)6,1,7,9",7,2,4.5,False,"11,10(3,4)8(2,12)(5,6)(1,7)9",6,2,1.5,False,3,
201909020811,11,第24回アンタレスS(GIII),ダ,1800,雨,稍重,15:30,2019-04-14,阪神,1,5,9,2014104259,アナザートゥルース,セ5,56,01096,大野拓弥,1:50.8,,6-7-7-4,37.2,12.2,6,480(0),01088,[東]高木登,854800,ノルマンディーサラブ...,"3,656.0","13-2,7(6,8)(4,9)(3,14)(12,16)(1,11)15=5,10",6,2,5.0,False,"13=2,7(6,8)4,9(3,14)12(1,16)11-15=5-10",7,1,9.0,False,"13-2(6,4,7,8)(3,9)14(1,12)(11,16,10)15,5",7,2,3.5,False,"(*2,4,8)(3,9)(13,1,14)(6,5)10(11,7)(12,16,15)",4,2,0.0,False,-6,
201909020811,11,第24回アンタレスS(GIII),ダ,1800,雨,稍重,15:30,2019-04-14,阪神,2,2,4,2015106089,グリム,牡4,57,01115,浜中俊,1:50.9,1/2,6-6-3-2,37.6,3.6,2,506(-9),01098,[西]野中賢二,045803,カナヤマホールディン...,"1,416.0","13-2,7(6,8)(4,9)(3,14)(12,16)(1,11)15=5,10",6,2,5.0,False,"13=2,7(6,8)4,9(3,14)12(1,16)11-15=5-10",6,1,7.5,False,"13-2(6,4,7,8)(3,9)14(1,12)(11,16,10)15,5",3,4,3.5,False,"(*2,4,8)(3,9)(13,1,14)(6,5)10(11,7)(12,16,15)",2,3,0.0,False,-6,
201909020811,11,第24回アンタレスS(GIII),ダ,1800,雨,稍重,15:30,2019-04-14,阪神,3,2,3,2013101999,ロンドンタウン,牡6,56,01095,吉田隼人,1:50.9,クビ,8-8-7-4,37.3,6.4,3,528(-4),01123,[西]牧田和弥,768006,薪浦亨,908.0,"13-2,7(6,8)(4,9)(3,14)(12,16)(1,11)15=5,10",8,2,5.0,False,"13=2,7(6,8)4,9(3,14)12(1,16)11-15=5-10",8,2,9.0,False,"13-2(6,4,7,8)(3,9)14(1,12)(11,16,10)15,5",7,2,3.5,False,"(*2,4,8)(3,9)(13,1,14)(6,5)10(11,7)(12,16,15)",4,2,0.0,False,-6,
201909020811,11,第24回アンタレスS(GIII),ダ,1800,雨,稍重,15:30,2019-04-14,阪神,4,5,10,2012104882,ウェスタールンド,セ7,56,01102,北村友一,1:51.3,2.1/2,16-16-12-11,37.3,3.4,1,484(+4),00429,[西]佐々木晶,226800,サンデーレーシング,540.0,"13-2,7(6,8)(4,9)(3,14)(12,16)(1,11)15=5,10",16,1,12.5,False,"13=2,7(6,8)4,9(3,14)12(1,16)11-15=5-10",16,1,22.0,False,"13-2(6,4,7,8)(3,9)14(1,12)(11,16,10)15,5",12,3,3.5,False,"(*2,4,8)(3,9)(13,1,14)(6,5)10(11,7)(12,16,15)",11,1,0.0,False,-6,
201909020811,11,第24回アンタレスS(GIII),ダ,1800,雨,稍重,15:30,2019-04-14,阪神,5,3,5,2013100057,ナムラアラシ,牡6,56,00732,幸英明,1:51.7,2.1/2,15-15-16-9,37.4,14.5,7,520(-6),01123,[西]牧田和弥,945004,奈村信重,360.0,"13-2,7(6,8)(4,9)(3,14)(12,16)(1,11)15=5,10",15,1,11.0,False,"13=2,7(6,8)4,9(3,14)12(1,16)11-15=5-10",15,1,18.5,False,"13-2(6,4,7,8)(3,9)14(1,12)(11,16,10)15,5",16,1,5.0,False,"(*2,4,8)(3,9)(13,1,14)(6,5)10(11,7)(12,16,15)",9,2,0.0,False,-6,
201909020811,11,第24回アンタレスS(GIII),ダ,1800,雨,稍重,15:30,2019-04-14,阪神,6,8,16,2015100106,クロスケ,牡4,56,01169,武藤雅,1:51.8,クビ,10-11-12-14,37.7,49.5,10,452(0),01094,[東]水野貴広,136030,助川啓一,,"13-2,7(6,8)(4,9)(3,14)(12,16)(1,11)15=5,10",10,2,5.0,False,"13=2,7(6,8)4,9(3,14)12(1,16)11-15=5-10",11,2,9.0,False,"13-2(6,4,7,8)(3,9)14(1,12)(11,16,10)15,5",12,3,3.5,False,"(*2,4,8)(3,9)(13,1,14)(6,5)10(11,7)(12,16,15)",14,3,0.0,False,-6,
201909020811,11,第24回アンタレスS(GIII),ダ,1800,雨,稍重,15:30,2019-04-14,阪神,7,1,1,2011103833,ピオネロ,牡8,56,01160,荻野極,1:51.8,クビ,12-11-10-6,38.0,26.5,9,498(-6),01092,[西]松永幹夫,486800,キャロットファーム,,"13-2,7(6,8)(4,9)(3,14)(12,16)(1,11)15=5,10",12,2,5.0,False,"13=2,7(6,8)4,9(3,14)12(1,16)11-15=5-10",11,2,9.0,False,"13-2(6,4,7,8)(3,9)14(1,12)(11,16,10)15,5",10,2,3.5,False,"(*2,4,8)(3,9)(13,1,14)(6,5)10(11,7)(12,16,15)",6,3,0.0,False,-6,
201909020811,11,第24回アンタレスS(GIII),ダ,1800,雨,稍重,15:30,2019-04-14,阪神,8,7,14,2015103221,ヒラボクラターシュ,牡4,57,00700,四位洋文,1:52.0,1.1/4,8-8-9-6,38.2,7.7,4,520(-2),01058,[西]大久保龍,984800,平田牧場,,"13-2,7(6,8)(4,9)(3,14)(12,16)(1,11)15=5,10",8,2,5.0,False,"13=2,7(6,8)4,9(3,14)12(1,16)11-15=5-10",8,2,9.0,False,"13-2(6,4,7,8)(3,9)14(1,12)(11,16,10)15,5",9,1,3.5,False,"(*2,4,8)(3,9)(13,1,14)(6,5)10(11,7)(12,16,15)",6,3,0.0,False,-6,
201909020811,11,第24回アンタレスS(GIII),ダ,1800,雨,稍重,15:30,2019-04-14,阪神,9,8,15,2011102556,メイショウスミトモ,牡8,57,00894,小牧太,1:52.0,アタマ,14-14-15-14,37.7,185.0,14,486(-4),01049,[西]南井克巳,523005,松本好雄,,"13-2,7(6,8)(4,9)(3,14)(12,16)(1,11)15=5,10",14,1,5.0,False,"13=2,7(6,8)4,9(3,14)12(1,16)11-15=5-10",14,1,12.5,False,"13-2(6,4,7,8)(3,9)14(1,12)(11,16,10)15,5",15,1,3.5,False,"(*2,4,8)(3,9)(13,1,14)(6,5)10(11,7)(12,16,15)",14,3,0.0,False,-6,
201909020811,11,第24回アンタレスS(GIII),ダ,1800,雨,稍重,15:30,2019-04-14,阪神,10,6,11,2012104504,マイネルオフィール,牡7,56,01018,和田竜二,1:52.1,クビ,12-13-12-12,38.1,118.2,12,514(+4),01050,[西]飯田雄三,546800,サラブレッドクラブ・...,,"13-2,7(6,8)(4,9)(3,14)(12,16)(1,11)15=5,10",12,2,5.0,False,"13=2,7(6,8)4,9(3,14)12(1,16)11-15=5-10",13,1,9.0,False,"13-2(6,4,7,8)(3,9)14(1,12)(11,16,10)15,5",12,3,3.5,False,"(*2,4,8)(3,9)(13,1,14)(6,5)10(11,7)(12,16,15)",12,2,0.0,False,-6,
201909020811,11,第24回アンタレスS(GIII),ダ,1800,雨,稍重,15:30,2019-04-14,阪神,11,4,8,2011102464,リーゼントロック,牡8,56,01163,坂井瑠星,1:52.4,1.1/2,4-4-3-2,39.1,24.1,8,522(+4),01075,[西]矢作芳人,747030,三浦大輔,,"13-2,7(6,8)(4,9)(3,14)(12,16)(1,11)15=5,10",4,2,5.0,False,"13=2,7(6,8)4,9(3,14)12(1,16)11-15=5-10",4,2,7.5,False,"13-2(6,4,7,8)(3,9)14(1,12)(11,16,10)15,5",3,4,3.5,False,"(*2,4,8)(3,9)(13,1,14)(6,5)10(11,7)(12,16,15)",2,3,0.0,False,-6,
201909020811,11,第24回アンタレスS(GIII),ダ,1800,雨,稍重,15:30,2019-04-14,阪神,12,1,2,2015100122,テーオーエナジー,牡4,58,01116,藤岡康太,1:53.0,3.1/2,2-2-2-1,39.7,9.4,5,510(0),01018,[西]宮徹,304008,小笹公也,,"13-2,7(6,8)(4,9)(3,14)(12,16)(1,11)15=5,10",2,1,3.5,False,"13=2,7(6,8)4,9(3,14)12(1,16)11-15=5-10",2,1,6.0,False,"13-2(6,4,7,8)(3,9)14(1,12)(11,16,10)15,5",2,1,3.5,False,"(*2,4,8)(3,9)(13,1,14)(6,5)10(11,7)(12,16,15)",1,3,0.0,True,-6,
201909020811,11,第24回アンタレスS(GIII),ダ,1800,雨,稍重,15:30,2019-04-14,阪神,13,4,7,2012105830,オルナ,牡7,56,01034,酒井学,1:53.8,5,3-3-3-12,40.1,60.0,11,524(0),01066,[西]岡田稲男,788800,ノースヒルズ,,"13-2,7(6,8)(4,9)(3,14)(12,16)(1,11)15=5,10",3,1,5.0,False,"13=2,7(6,8)4,9(3,14)12(1,16)11-15=5-10",3,1,7.5,False,"13-2(6,4,7,8)(3,9)14(1,12)(11,16,10)15,5",3,4,3.5,False,"(*2,4,8)(3,9)(13,1,14)(6,5)10(11,7)(12,16,15)",12,2,0.0,False,-6,
201909020811,11,第24回アンタレスS(GIII),ダ,1800,雨,稍重,15:30,2019-04-14,阪神,14,6,12,2011105350,トラキチシャチョウ,牡8,56,01133,水口優也,1:53.8,クビ,10-10-10-14,39.9,396.9,16,506(-2),01040,[西]服部利之,756800,ミキハウスＨＫサービ...,,"13-2,7(6,8)(4,9)(3,14)(12,16)(1,11)15=5,10",10,2,5.0,False,"13=2,7(6,8)4,9(3,14)12(1,16)11-15=5-10",10,1,9.0,False,"13-2(6,4,7,8)(3,9)14(1,12)(11,16,10)15,5",10,2,3.5,False,"(*2,4,8)(3,9)(13,1,14)(6,5)10(11,7)(12,16,15)",14,3,0.0,False,-6,
201909020811,11,第24回アンタレスS(GIII),ダ,1800,雨,稍重,15:30,2019-04-14,阪神,15,3,6,2012106358,コパノチャーリー,牡7,56,01015,古川吉洋,1:54.4,3.1/2,4-4-3-9,40.8,165.5,13,526(-2),01107,[西]村山明,966007,小林祥晃,,"13-2,7(6,8)(4,9)(3,14)(12,16)(1,11)15=5,10",4,2,5.0,False,"13=2,7(6,8)4,9(3,14)12(1,16)11-15=5-10",4,2,7.5,False,"13-2(6,4,7,8)(3,9)14(1,12)(11,16,10)15,5",3,4,3.5,False,"(*2,4,8)(3,9)(13,1,14)(6,5)10(11,7)(12,16,15)",9,2,0.0,False,-6,
201909020811,11,第24回アンタレスS(GIII),ダ,1800,雨,稍重,15:30,2019-04-14,阪神,16,7,13,2013102037,ドライヴナイト,牡6,56,01063,小坂忠士,1:55.9,9,1-1-1-6,42.7,196.7,15,516(-6),01146,[西]奥村豊,311800,桂土地,,"13-2,7(6,8)(4,9)(3,14)(12,16)(1,11)15=5,10",1,1,0.0,False,"13=2,7(6,8)4,9(3,14)12(1,16)11-15=5-10",1,1,0.0,False,"13-2(6,4,7,8)(3,9)14(1,12)(11,16,10)15,5",1,1,0.0,False,"(*2,4,8)(3,9)(13,1,14)(6,5)10(11,7)(12,16,15)",6,3,0.0,False,-6,
201909020812,12,4歳以上1000万下,ダ,1400,雨,稍重,16:10,2019-04-14,阪神,1,6,10,2014105090,ベルエスメラルダ,牝5,55,01114,田中健,1:24.7,,9-5,36.5,4.6,1,434(-18),01107,[西]村山明,216005,内田滋三,"1,100.0",,,,,,,,,,,"(3,*8)(6,15)(1,12)(5,11)(9,10)(4,13)2(7,14)",9,2,0.0,False,"(3,*8)(15,12)(6,10)11(1,5,13)(9,4,14)2,7",5,2,0.0,False,-7,
201909020812,12,4歳以上1000万下,ダ,1400,雨,稍重,16:10,2019-04-14,阪神,2,7,13,2013103189,シアワセデス,牝6,55,00732,幸英明,1:25.0,1.3/4,11-8,36.5,16.1,8,488(+6),01138,[西]浜田多実,514008,窪田康志,440.0,,,,,,,,,,,"(3,*8)(6,15)(1,12)(5,11)(9,10)(4,13)2(7,14)",11,2,0.0,False,"(3,*8)(15,12)(6,10)11(1,5,13)(9,4,14)2,7",8,3,0.0,False,-7,
201909020812,12,4歳以上1000万下,ダ,1400,雨,稍重,16:10,2019-04-14,阪神,3,8,15,2014105372,デロングスター,牝5,55,01116,藤岡康太,1:25.0,クビ,3-3,37.3,6.6,3,464(+4),01098,[西]野中賢二,415800,社台レースホース,280.0,,,,,,,,,,,"(3,*8)(6,15)(1,12)(5,11)(9,10)(4,13)2(7,14)",3,2,0.0,False,"(3,*8)(15,12)(6,10)11(1,5,13)(9,4,14)2,7",3,2,0.0,False,-7,
201909020812,12,4歳以上1000万下,ダ,1400,雨,稍重,16:10,2019-04-14,阪神,4,4,7,2014100501,タガノリアン,牝5,55,01095,吉田隼人,1:25.1,3/4,14-15,36.4,22.3,11,472(-6),01003,[西]川村禎彦,859002,八木良司,170.0,,,,,,,,,,,"(3,*8)(6,15)(1,12)(5,11)(9,10)(4,13)2(7,14)",14,2,0.0,False,"(3,*8)(15,12)(6,10)11(1,5,13)(9,4,14)2,7",15,1,1.5,False,-7,
201909020812,12,4歳以上1000万下,ダ,1400,雨,稍重,16:10,2019-04-14,阪神,5,3,4,2014105654,フィルムフランセ,牝5,55,01152,小崎綾也,1:25.2,アタマ,11-11,36.8,89.6,15,484(-2),01113,[西]牧浦充徳,758005,吉田照哉,110.0,,,,,,,,,,,"(3,*8)(6,15)(1,12)(5,11)(9,10)(4,13)2(7,14)",11,2,0.0,False,"(3,*8)(15,12)(6,10)11(1,5,13)(9,4,14)2,7",11,3,0.0,False,-7,
201909020812,12,4歳以上1000万下,ダ,1400,雨,稍重,16:10,2019-04-14,阪神,6,5,8,2014104248,ホノカ,牝5,55,01096,大野拓弥,1:25.3,1/2,1-1,37.8,8.7,5,470(-6),01052,[東]菊川正達,684030,岡田壮史,,,,,,,,,,,,"(3,*8)(6,15)(1,12)(5,11)(9,10)(4,13)2(7,14)",1,2,0.0,True,"(3,*8)(15,12)(6,10)11(1,5,13)(9,4,14)2,7",1,2,0.0,True,-7,
201909020812,12,4歳以上1000万下,ダ,1400,雨,稍重,16:10,2019-04-14,阪神,7,7,12,2014101166,ワンダーレアリサル,牝5,55,01037,太宰啓介,1:25.5,1.1/4,5-3,37.6,11.0,6,478(0),01140,[西]石橋守,184033,山本能成,,,,,,,,,,,,"(3,*8)(6,15)(1,12)(5,11)(9,10)(4,13)2(7,14)",5,2,0.0,False,"(3,*8)(15,12)(6,10)11(1,5,13)(9,4,14)2,7",3,2,0.0,False,-7,
201909020812,12,4歳以上1000万下,ダ,1400,雨,稍重,16:10,2019-04-14,阪神,8,8,14,2015103946,シゲルマツタケ,牝4,55,01034,酒井学,1:25.7,1.1/4,14-11,37.0,21.3,10,438(-10),00431,[西]谷潔,674004,森中蕃,,,,,,,,,,,,"(3,*8)(6,15)(1,12)(5,11)(9,10)(4,13)2(7,14)",14,2,0.0,False,"(3,*8)(15,12)(6,10)11(1,5,13)(9,4,14)2,7",11,3,0.0,False,-7,
201909020812,12,4歳以上1000万下,ダ,1400,雨,稍重,16:10,2019-04-14,阪神,9,5,9,2014103147,サンマルペンダント,牝5,55,05429,岡田祥嗣,1:25.8,3/4,9-11,37.5,29.9,12,434(-2),01120,[西]千田輝彦,580007,相馬勇,,,,,,,,,,,,"(3,*8)(6,15)(1,12)(5,11)(9,10)(4,13)2(7,14)",9,2,0.0,False,"(3,*8)(15,12)(6,10)11(1,5,13)(9,4,14)2,7",11,3,0.0,False,-7,
201909020812,12,4歳以上1000万下,ダ,1400,雨,稍重,16:10,2019-04-14,阪神,10,2,2,2015102637,メイショウラビエ,牝4,55,01154,松若風馬,1:25.8,クビ,13-14,37.2,16.0,7,472(-2),01021,[西]池添兼雄,523005,松本好雄,,,,,,,,,,,,"(3,*8)(6,15)(1,12)(5,11)(9,10)(4,13)2(7,14)",13,1,0.0,False,"(3,*8)(15,12)(6,10)11(1,5,13)(9,4,14)2,7",14,1,0.0,False,-7,
201909020812,12,4歳以上1000万下,ダ,1400,雨,稍重,16:10,2019-04-14,阪神,11,4,6,2014104051,ミヤジヴィジェ,牝5,55,01018,和田竜二,1:26.1,2,3-5,38.2,4.6,2,472(-6),01003,[西]川村禎彦,911009,曽我司,,,,,,,,,,,,"(3,*8)(6,15)(1,12)(5,11)(9,10)(4,13)2(7,14)",3,2,0.0,False,"(3,*8)(15,12)(6,10)11(1,5,13)(9,4,14)2,7",5,2,0.0,False,-7,
201909020812,12,4歳以上1000万下,ダ,1400,雨,稍重,16:10,2019-04-14,阪神,12,3,5,2015102853,ナイスドゥ,牝4,55,01125,国分優作,1:26.2,クビ,7-8,38.1,62.4,13,428(-14),01111,[西]鈴木孝志,464030,田畑利彦,,,,,,,,,,,,"(3,*8)(6,15)(1,12)(5,11)(9,10)(4,13)2(7,14)",7,2,0.0,False,"(3,*8)(15,12)(6,10)11(1,5,13)(9,4,14)2,7",8,3,0.0,False,-7,
201909020812,12,4歳以上1000万下,ダ,1400,雨,稍重,16:10,2019-04-14,阪神,13,6,11,2014106138,ベルカプリ,牝5,55,00700,四位洋文,1:26.8,3.1/2,7-7,38.7,20.5,9,468(-4),00438,[西]安田隆行,879800,雅苑興業,,,,,,,,,,,,"(3,*8)(6,15)(1,12)(5,11)(9,10)(4,13)2(7,14)",7,2,0.0,False,"(3,*8)(15,12)(6,10)11(1,5,13)(9,4,14)2,7",7,1,0.0,False,-7,
201909020812,12,4歳以上1000万下,ダ,1400,雨,稍重,16:10,2019-04-14,阪神,14,1,1,2015100050,ウインメディウム,牝4,54,01169,武藤雅,1:27.5,4,5-8,39.6,68.5,14,486(+7),01119,[東]田中剛,494800,ウイン,,,,,,,,,,,,"(3,*8)(6,15)(1,12)(5,11)(9,10)(4,13)2(7,14)",5,2,0.0,False,"(3,*8)(15,12)(6,10)11(1,5,13)(9,4,14)2,7",8,3,0.0,False,-7,
201909020812,12,4歳以上1000万下,ダ,1400,雨,稍重,16:10,2019-04-14,阪神,15,2,3,2014103866,ブルーミン,牝5,54,01163,坂井瑠星,1:28.3,5,2-2,40.8,8.0,4,468(+10),01166,[西]石坂公一,852030,佐々木雄二,,,,,,,,,,,,"(3,*8)(6,15)(1,12)(5,11)(9,10)(4,13)2(7,14)",2,2,0.0,False,"(3,*8)(15,12)(6,10)11(1,5,13)(9,4,14)2,7",2,2,0.0,False,-7,
201903010401,1,3歳未勝利,ダ,1150,晴,稍重,09:50,2019-04-14,福島,1,3,6,2016100949,タカノオージャ,牡3,55,01166,川又賢治,1:10.8,,1-1,37.6,9.4,4,488(+4),01107,[西]村山明,389005,山口多賀司,500.0,,,,,,,,,,,"(*6,12,9)(1,2,14)(13,15)3(4,11)-16,8-(5,10)-7",1,3,0.0,True,"6(12,9)(1,2,14)-(3,15)-(13,11)-(4,16)(8,5)-(7,10)",1,1,0.0,False,3,
201903010401,1,3歳未勝利,ダ,1150,晴,稍重,09:50,2019-04-14,福島,2,1,2,2016100180,クーファピーカブー,牝3,54,01157,鮫島克駿,1:11.1,1.3/4,4-4,37.6,4.3,2,444(-10),00411,[西]浅見秀一,052803,大迫久美子,200.0,,,,,,,,,,,"(*6,12,9)(1,2,14)(13,15)3(4,11)-16,8-(5,10)-7",4,3,0.0,False,"6(12,9)(1,2,14)-(3,15)-(13,11)-(4,16)(8,5)-(7,10)",4,3,0.0,False,3,
201903010401,1,3歳未勝利,ダ,1150,晴,稍重,09:50,2019-04-14,福島,3,5,9,2016106607,ゼネラルヴィント,牡3,56,01127,丸山元気,1:11.5,2.1/2,2-2,38.3,6.0,3,504(-8),01031,[東]伊藤伸一,340800,ジェネラルレーシング,130.0,,,,,,,,,,,"(*6,12,9)(1,2,14)(13,15)3(4,11)-16,8-(5,10)-7",2,3,0.0,False,"6(12,9)(1,2,14)-(3,15)-(13,11)-(4,16)(8,5)-(7,10)",2,2,0.0,False,3,
201903010401,1,3歳未勝利,ダ,1150,晴,稍重,09:50,2019-04-14,福島,4,7,14,2016105967,ハイロードシチー,牡3,56,01019,秋山真一,1:11.6,3/4,4-4,38.1,2.8,1,486(+6),01066,[西]岡田稲男,321800,友駿ホースクラブ,75.0,,,,,,,,,,,"(*6,12,9)(1,2,14)(13,15)3(4,11)-16,8-(5,10)-7",4,3,0.0,False,"6(12,9)(1,2,14)-(3,15)-(13,11)-(4,16)(8,5)-(7,10)",4,3,0.0,False,3,
201903010401,1,3歳未勝利,ダ,1150,晴,稍重,09:50,2019-04-14,福島,5,8,15,2016103970,ビービーアライヴ,牝3,54,01149,伴啓太,1:11.9,1.3/4,7-7,38.2,19.2,8,442(-14),01118,[東]高柳瑞樹,185800,坂東牧場,50.0,,,,,,,,,,,"(*6,12,9)(1,2,14)(13,15)3(4,11)-16,8-(5,10)-7",7,2,0.0,False,"6(12,9)(1,2,14)-(3,15)-(13,11)-(4,16)(8,5)-(7,10)",7,2,3.5,False,3,
201903010401,1,3歳未勝利,ダ,1150,晴,稍重,09:50,2019-04-14,福島,6,2,3,2016101331,カシノヴィオレ,牝3,54,01004,西田雄一,1:12.0,クビ,9-7,38.2,89.7,12,442(-8),01090,[東]天間昭一,514009,柏木務,,,,,,,,,,,,"(*6,12,9)(1,2,14)(13,15)3(4,11)-16,8-(5,10)-7",9,1,0.0,False,"6(12,9)(1,2,14)-(3,15)-(13,11)-(4,16)(8,5)-(7,10)",7,2,3.5,False,3,
201903010401,1,3歳未勝利,ダ,1150,晴,稍重,09:50,2019-04-14,福島,7,6,12,2016102477,ヤマトフェニックス,牝3,51,01164,藤田菜七,1:12.1,1/2,2-2,38.9,18.0,7,452(0),01027,[東]田村康仁,439033,醍醐徹,,,,,,,,,,,,"(*6,12,9)(1,2,14)(13,15)3(4,11)-16,8-(5,10)-7",2,3,0.0,False,"6(12,9)(1,2,14)-(3,15)-(13,11)-(4,16)(8,5)-(7,10)",2,2,0.0,False,3,
201903010401,1,3歳未勝利,ダ,1150,晴,稍重,09:50,2019-04-14,福島,8,7,13,2016101946,ブルベアヴェルデ,牡3,56,01155,義英真,1:12.1,ハナ,7-9,38.4,41.8,10,464(-4),01135,[西]高橋康之,843800,ブルアンドベア,,,,,,,,,,,,"(*6,12,9)(1,2,14)(13,15)3(4,11)-16,8-(5,10)-7",7,2,0.0,False,"6(12,9)(1,2,14)-(3,15)-(13,11)-(4,16)(8,5)-(7,10)",9,2,7.0,False,3,
201903010401,1,3歳未勝利,ダ,1150,晴,稍重,09:50,2019-04-14,福島,9,1,1,2016103930,タイセイカリーノ,牝3,51,01178,斎藤新,1:12.1,クビ,4-4,38.7,13.2,6,440(-2),01164,[西]安田翔伍,224007,田中成奉,,,,,,,,,,,,"(*6,12,9)(1,2,14)(13,15)3(4,11)-16,8-(5,10)-7",4,3,0.0,False,"6(12,9)(1,2,14)-(3,15)-(13,11)-(4,16)(8,5)-(7,10)",4,3,0.0,False,3,
201903010401,1,3歳未勝利,ダ,1150,晴,稍重,09:50,2019-04-14,福島,10,3,5,2016105434,センジュエース,牡3,55,01170,横山武史,1:12.6,3,14-13,37.6,9.7,5,446(+2),01108,[東]矢野英一,786006,増山武志,,,,,,,,,,,,"(*6,12,9)(1,2,14)(13,15)3(4,11)-16,8-(5,10)-7",14,2,8.5,False,"6(12,9)(1,2,14)-(3,15)-(13,11)-(4,16)(8,5)-(7,10)",13,2,10.5,False,3,
201903010401,1,3歳未勝利,ダ,1150,晴,稍重,09:50,2019-04-14,福島,11,4,8,2016103219,シゲルネコメイシ,牡3,53,01180,団野大成,1:12.6,アタマ,13-13,37.9,160.5,16,480(0),01120,[西]千田輝彦,674004,森中蕃,,,,,,,,,,,,"(*6,12,9)(1,2,14)(13,15)3(4,11)-16,8-(5,10)-7",13,1,5.0,False,"6(12,9)(1,2,14)-(3,15)-(13,11)-(4,16)(8,5)-(7,10)",13,2,10.5,False,3,
201903010401,1,3歳未勝利,ダ,1150,晴,稍重,09:50,2019-04-14,福島,12,4,7,2016100484,キーフェイス,牝3,54,01140,横山和生,1:12.7,3/4,16-15,37.1,33.9,9,448(0),00417,[東]土田稔,338008,北前孔一郎,,,,,,,,,,,,"(*6,12,9)(1,2,14)(13,15)3(4,11)-16,8-(5,10)-7",16,1,12.0,False,"6(12,9)(1,2,14)-(3,15)-(13,11)-(4,16)(8,5)-(7,10)",15,2,14.0,False,3,
201903010401,1,3歳未勝利,ダ,1150,晴,稍重,09:50,2019-04-14,福島,13,8,16,2016102717,オウムアムア,牡3,56,01135,杉原誠人,1:13.0,1.3/4,12-11,38.4,55.4,11,522(+10),00428,[東]石毛善彦,629800,ミルファーム,,,,,,,,,,,,"(*6,12,9)(1,2,14)(13,15)3(4,11)-16,8-(5,10)-7",12,1,3.5,False,"6(12,9)(1,2,14)-(3,15)-(13,11)-(4,16)(8,5)-(7,10)",11,2,10.5,False,3,
201903010401,1,3歳未勝利,ダ,1150,晴,稍重,09:50,2019-04-14,福島,14,6,11,2016101758,アースクインビー,牝3,54,01117,丸田恭介,1:13.2,1.1/4,10-9,39.2,144.7,14,416(-2),00420,[東]宗像義忠,339008,松山増男,,,,,,,,,,,,"(*6,12,9)(1,2,14)(13,15)3(4,11)-16,8-(5,10)-7",10,2,0.0,False,"6(12,9)(1,2,14)-(3,15)-(13,11)-(4,16)(8,5)-(7,10)",9,2,7.0,False,3,
201903010401,1,3歳未勝利,ダ,1150,晴,稍重,09:50,2019-04-14,福島,15,2,4,2016102583,ヨドノミラクル,セ3,56,00684,田中勝春,1:13.4,1,10-11,39.3,156.1,15,474(0),01097,[東]鹿戸雄一,471002,海原聖一,,,,,,,,,,,,"(*6,12,9)(1,2,14)(13,15)3(4,11)-16,8-(5,10)-7",10,2,0.0,False,"6(12,9)(1,2,14)-(3,15)-(13,11)-(4,16)(8,5)-(7,10)",11,2,10.5,False,3,
201903010401,1,3歳未勝利,ダ,1150,晴,稍重,09:50,2019-04-14,福島,16,5,10,2016102695,ラストライト,セ3,56,01091,丹内祐次,1:13.9,3,14-15,38.8,107.7,13,480(-8),01109,[東]伊藤大士,051800,那須野牧場,,,,,,,,,,,,"(*6,12,9)(1,2,14)(13,15)3(4,11)-16,8-(5,10)-7",14,2,8.5,False,"6(12,9)(1,2,14)-(3,15)-(13,11)-(4,16)(8,5)-(7,10)",15,2,14.0,False,3,
201903010402,2,3歳未勝利,芝,1800,晴,良,10:15,2019-04-14,福島,1,5,10,2016103721,ショウサンシルエラ,牝3,53,01166,川又賢治,1:49.7,,1-1-1-1,35.8,10.3,5,454(-2),01123,[西]牧田和弥,305030,鈴木昭和,500.0,"10,6(4,9)(5,15)(1,2,12)8,7(3,11)13(14,16)",1,1,0.0,False,"10,6,9(4,5)15(1,2,12)(3,8,7)11(14,13)-16",1,1,0.0,False,"10,6,9(4,5)15(1,2,12)(3,8,7)(14,11)13=16",1,1,0.0,False,"(*10,6)-(4,5,9)(1,2,15,12)7(3,8)(14,11)13=16",1,2,0.0,True,-3,前日と同レベルで、いくらか速めの時計が出る馬場。
201903010402,2,3歳未勝利,芝,1800,晴,良,10:15,2019-04-14,福島,2,3,6,2016106426,ボナセーラ,牡3,56,00663,蛯名正義,1:49.7,ハナ,2-2-2-2,35.7,5.5,3,462(0),01113,[西]牧浦充徳,440006,山田貢一,200.0,"10,6(4,9)(5,15)(1,2,12)8,7(3,11)13(14,16)",2,1,1.5,False,"10,6,9(4,5)15(1,2,12)(3,8,7)11(14,13)-16",2,1,1.5,False,"10,6,9(4,5)15(1,2,12)(3,8,7)(14,11)13=16",2,1,1.5,False,"(*10,6)-(4,5,9)(1,2,15,12)7(3,8)(14,11)13=16",2,2,0.0,False,-3,前日と同レベルで、いくらか速めの時計が出る馬場。
201903010402,2,3歳未勝利,芝,1800,晴,良,10:15,2019-04-14,福島,3,4,7,2016101088,スターオブバラード,牡3,56,01019,秋山真一,1:50.0,2,11-10-10-10,35.1,4.1,1,440(-4),01095,[西]荒川義之,791033,光安了,130.0,"10,6(4,9)(5,15)(1,2,12)8,7(3,11)13(14,16)",11,1,3.0,False,"10,6,9(4,5)15(1,2,12)(3,8,7)11(14,13)-16",10,3,3.0,False,"10,6,9(4,5)15(1,2,12)(3,8,7)(14,11)13=16",10,3,3.0,False,"(*10,6)-(4,5,9)(1,2,15,12)7(3,8)(14,11)13=16",10,1,3.5,False,-3,前日と同レベルで、いくらか速めの時計が出る馬場。
201903010402,2,3歳未勝利,芝,1800,晴,良,10:15,2019-04-14,福島,4,3,5,2016102311,ワンダーコノシュア,牡3,53,01178,斎藤新,1:50.1,3/4,5-4-4-3,35.9,15.3,8,478(-4),01086,[東]斎藤誠,184033,山本能成,75.0,"10,6(4,9)(5,15)(1,2,12)8,7(3,11)13(14,16)",5,2,1.5,False,"10,6,9(4,5)15(1,2,12)(3,8,7)11(14,13)-16",4,2,3.0,False,"10,6,9(4,5)15(1,2,12)(3,8,7)(14,11)13=16",4,2,3.0,False,"(*10,6)-(4,5,9)(1,2,15,12)7(3,8)(14,11)13=16",3,3,3.5,False,-3,前日と同レベルで、いくらか速めの時計が出る馬場。
201903010402,2,3歳未勝利,芝,1800,晴,良,10:15,2019-04-14,福島,5,1,2,2016102121,タイキマイスター,牡3,56,01112,荻野琢真,1:50.2,クビ,7-7-7-6,35.6,77.7,12,466(-10),01158,[西]寺島良,536800,大樹ファーム,50.0,"10,6(4,9)(5,15)(1,2,12)8,7(3,11)13(14,16)",7,3,1.5,False,"10,6,9(4,5)15(1,2,12)(3,8,7)11(14,13)-16",7,3,3.0,False,"10,6,9(4,5)15(1,2,12)(3,8,7)(14,11)13=16",7,3,3.0,False,"(*10,6)-(4,5,9)(1,2,15,12)7(3,8)(14,11)13=16",6,4,3.5,False,-3,前日と同レベルで、いくらか速めの時計が出る馬場。
201903010402,2,3歳未勝利,芝,1800,晴,良,10:15,2019-04-14,福島,6,6,11,2016104612,マイディアライフ,牡3,56,05243,柴山雄一,1:50.5,2,12-13-13-13,35.4,4.5,2,450(-2),01129,[西]高橋義忠,872800,三田昌宏,,"10,6(4,9)(5,15)(1,2,12)8,7(3,11)13(14,16)",12,2,3.0,False,"10,6,9(4,5)15(1,2,12)(3,8,7)11(14,13)-16",13,1,3.0,False,"10,6,9(4,5)15(1,2,12)(3,8,7)(14,11)13=16",13,2,3.0,False,"(*10,6)-(4,5,9)(1,2,15,12)7(3,8)(14,11)13=16",13,2,3.5,False,-3,前日と同レベルで、いくらか速めの時計が出る馬場。
201903010402,2,3歳未勝利,芝,1800,晴,良,10:15,2019-04-14,福島,7,1,1,2016103449,ニシノモエ,牝3,51,01177,小林凌大,1:50.6,クビ,7-7-7-6,36.0,108.5,13,412(-8),00405,[東]小西一男,897009,西山茂行,,"10,6(4,9)(5,15)(1,2,12)8,7(3,11)13(14,16)",7,3,1.5,False,"10,6,9(4,5)15(1,2,12)(3,8,7)11(14,13)-16",7,3,3.0,False,"10,6,9(4,5)15(1,2,12)(3,8,7)(14,11)13=16",7,3,3.0,False,"(*10,6)-(4,5,9)(1,2,15,12)7(3,8)(14,11)13=16",6,4,3.5,False,-3,前日と同レベルで、いくらか速めの時計が出る馬場。
201903010402,2,3歳未勝利,芝,1800,晴,良,10:15,2019-04-14,福島,8,7,13,2016104823,ゴールドアックス,牡3,56,01135,杉原誠人,1:50.6,クビ,14-14-15-15,35.2,13.8,7,420(+2),00405,[東]小西一男,486800,キャロットファーム,,"10,6(4,9)(5,15)(1,2,12)8,7(3,11)13(14,16)",14,1,3.0,False,"10,6,9(4,5)15(1,2,12)(3,8,7)11(14,13)-16",14,2,3.0,False,"10,6,9(4,5)15(1,2,12)(3,8,7)(14,11)13=16",15,1,3.0,False,"(*10,6)-(4,5,9)(1,2,15,12)7(3,8)(14,11)13=16",15,1,3.5,False,-3,前日と同レベルで、いくらか速めの時計が出る馬場。
201903010402,2,3歳未勝利,芝,1800,晴,良,10:15,2019-04-14,福島,9,2,3,2016100682,コスモアイトーン,牡3,56,01091,丹内祐次,1:51.0,2.1/2,12-10-10-11,36.1,11.4,6,446(-6),01035,[東]佐藤吉勝,716800,ビッグレッドファーム,,"10,6(4,9)(5,15)(1,2,12)8,7(3,11)13(14,16)",12,2,3.0,False,"10,6,9(4,5)15(1,2,12)(3,8,7)11(14,13)-16",10,3,3.0,False,"10,6,9(4,5)15(1,2,12)(3,8,7)(14,11)13=16",10,3,3.0,False,"(*10,6)-(4,5,9)(1,2,15,12)7(3,8)(14,11)13=16",11,2,3.5,False,-3,前日と同レベルで、いくらか速めの時計が出る馬場。
201903010402,2,3歳未勝利,芝,1800,晴,良,10:15,2019-04-14,福島,10,5,9,2016104330,エヌワイパフューム,牝3,51,01164,藤田菜七,1:51.1,3/4,3-3-3-3,37.0,6.3,4,502(+2),01147,[東]武井亮,023700,サンアンドコム,,"10,6(4,9)(5,15)(1,2,12)8,7(3,11)13(14,16)",3,2,1.5,False,"10,6,9(4,5)15(1,2,12)(3,8,7)11(14,13)-16",3,1,3.0,False,"10,6,9(4,5)15(1,2,12)(3,8,7)(14,11)13=16",3,1,3.0,False,"(*10,6)-(4,5,9)(1,2,15,12)7(3,8)(14,11)13=16",3,3,3.5,False,-3,前日と同レベルで、いくらか速めの時計が出る馬場。
201903010402,2,3歳未勝利,芝,1800,晴,良,10:15,2019-04-14,福島,11,8,15,2016106202,ドナリエラ,牝3,54,01004,西田雄一,1:51.2,1/2,5-6-6-6,36.8,355.6,16,466(+4),01100,[東]松山将樹,629800,ミルファーム,,"10,6(4,9)(5,15)(1,2,12)8,7(3,11)13(14,16)",5,2,1.5,False,"10,6,9(4,5)15(1,2,12)(3,8,7)11(14,13)-16",6,1,3.0,False,"10,6,9(4,5)15(1,2,12)(3,8,7)(14,11)13=16",6,1,3.0,False,"(*10,6)-(4,5,9)(1,2,15,12)7(3,8)(14,11)13=16",6,4,3.5,False,-3,前日と同レベルで、いくらか速めの時計が出る馬場。
201903010402,2,3歳未勝利,芝,1800,晴,良,10:15,2019-04-14,福島,12,2,4,2016104973,リトルグッド,牝3,51,01167,木幡育也,1:51.2,ハナ,3-4-4-3,36.9,225.6,15,370(+2),00436,[東]堀井雅広,880033,小林善一,,"10,6(4,9)(5,15)(1,2,12)8,7(3,11)13(14,16)",3,2,1.5,False,"10,6,9(4,5)15(1,2,12)(3,8,7)11(14,13)-16",4,2,3.0,False,"10,6,9(4,5)15(1,2,12)(3,8,7)(14,11)13=16",4,2,3.0,False,"(*10,6)-(4,5,9)(1,2,15,12)7(3,8)(14,11)13=16",3,3,3.5,False,-3,前日と同レベルで、いくらか速めの時計が出る馬場。
201903010402,2,3歳未勝利,芝,1800,晴,良,10:15,2019-04-14,福島,13,7,14,2016100137,アイドルズアイ,牝3,51,01173,山田敬士,1:51.2,クビ,15-14-13-13,36.1,44.5,10,446(0),01093,[東]松永康利,942006,榊原源一郎,,"10,6(4,9)(5,15)(1,2,12)8,7(3,11)13(14,16)",15,2,3.0,False,"10,6,9(4,5)15(1,2,12)(3,8,7)11(14,13)-16",14,2,3.0,False,"10,6,9(4,5)15(1,2,12)(3,8,7)(14,11)13=16",13,2,3.0,False,"(*10,6)-(4,5,9)(1,2,15,12)7(3,8)(14,11)13=16",13,2,3.5,False,-3,前日と同レベルで、いくらか速めの時計が出る馬場。
201903010402,2,3歳未勝利,芝,1800,晴,良,10:15,2019-04-14,福島,14,6,12,2016101919,レッドパルテール,牝3,54,01092,津村明秀,1:51.6,2.1/2,7-7-7-6,37.0,19.4,9,430(-4),01038,[東]手塚貴久,180800,東京ホースレーシング,,"10,6(4,9)(5,15)(1,2,12)8,7(3,11)13(14,16)",7,3,1.5,False,"10,6,9(4,5)15(1,2,12)(3,8,7)11(14,13)-16",7,3,3.0,False,"10,6,9(4,5)15(1,2,12)(3,8,7)(14,11)13=16",7,3,3.0,False,"(*10,6)-(4,5,9)(1,2,15,12)7(3,8)(14,11)13=16",6,4,3.5,False,-3,前日と同レベルで、いくらか速めの時計が出る馬場。
201903010402,2,3歳未勝利,芝,1800,晴,良,10:15,2019-04-14,福島,15,4,8,2016103442,ニシノバモス,牡3,54,01171,西村淳也,1:51.6,ハナ,10-10-10-11,36.7,54.0,11,448(-4),00411,[西]浅見秀一,897009,西山茂行,,"10,6(4,9)(5,15)(1,2,12)8,7(3,11)13(14,16)",10,1,1.5,False,"10,6,9(4,5)15(1,2,12)(3,8,7)11(14,13)-16",10,3,3.0,False,"10,6,9(4,5)15(1,2,12)(3,8,7)(14,11)13=16",10,3,3.0,False,"(*10,6)-(4,5,9)(1,2,15,12)7(3,8)(14,11)13=16",11,2,3.5,False,-3,前日と同レベルで、いくらか速めの時計が出る馬場。
201903010402,2,3歳未勝利,芝,1800,晴,良,10:15,2019-04-14,福島,16,8,16,2016100548,ジョディーベルボワ,牝3,54,01140,横山和生,1:51.8,1.1/4,15-16-16-16,35.5,151.8,14,436(-4),01052,[東]菊川正達,858800,大塚亮一,,"10,6(4,9)(5,15)(1,2,12)8,7(3,11)13(14,16)",15,2,3.0,False,"10,6,9(4,5)15(1,2,12)(3,8,7)11(14,13)-16",16,1,6.5,False,"10,6,9(4,5)15(1,2,12)(3,8,7)(14,11)13=16",16,1,9.0,False,"(*10,6)-(4,5,9)(1,2,15,12)7(3,8)(14,11)13=16",16,1,9.5,False,-3,前日と同レベルで、いくらか速めの時計が出る馬場。
201903010403,3,3歳未勝利,ダ,1700,晴,稍重,10:40,2019-04-14,福島,1,8,15,2016103732,エリーキャナル,牝3,54,00422,内田博幸,1:48.8,,2-2-1-1,40.1,7.8,3,482(-2),01086,[東]斎藤誠,170800,ロードホースクラブ,500.0,"7,15-9(6,11)8(3,12)(1,4)(10,13)-2(5,14)",2,1,1.5,False,"7,15,9,11,6(8,12)3(1,4,10)-(2,5)13,14",2,1,1.5,False,"(7,*15,11)9(6,12)(3,8)10-4,1(2,13)(5,14)",1,3,0.0,True,"(*15,11)(6,12)7(9,10)(3,8)-(4,1)(2,14)13=5",1,2,0.0,True,3,
201903010403,3,3歳未勝利,ダ,1700,晴,稍重,10:40,2019-04-14,福島,2,6,11,2016101223,コンスタンティナ,牝3,54,01092,津村明秀,1:49.1,2,4-4-2-2,40.3,4.6,2,480(0),01010,[東]中野栄治,953030,山本三津子,200.0,"7,15-9(6,11)8(3,12)(1,4)(10,13)-2(5,14)",4,2,5.0,False,"7,15,9,11,6(8,12)3(1,4,10)-(2,5)13,14",4,1,4.5,False,"(7,*15,11)9(6,12)(3,8)10-4,1(2,13)(5,14)",2,3,0.0,False,"(*15,11)(6,12)7(9,10)(3,8)-(4,1)(2,14)13=5",2,2,0.0,False,3,
201903010403,3,3歳未勝利,ダ,1700,晴,稍重,10:40,2019-04-14,福島,3,4,6,2016104525,パルスレート,牝3,51,01174,岩田望来,1:49.6,3,4-5-5-3,40.5,12.5,7,458(0),01067,[東]久保田貴,486800,キャロットファーム,130.0,"7,15-9(6,11)8(3,12)(1,4)(10,13)-2(5,14)",4,2,5.0,False,"7,15,9,11,6(8,12)3(1,4,10)-(2,5)13,14",5,1,6.0,False,"(7,*15,11)9(6,12)(3,8)10-4,1(2,13)(5,14)",5,2,0.0,False,"(*15,11)(6,12)7(9,10)(3,8)-(4,1)(2,14)13=5",3,2,0.0,False,3,
201903010403,3,3歳未勝利,ダ,1700,晴,稍重,10:40,2019-04-14,福島,4,5,9,2016102402,ジューンハルジオン,牝3,52,01171,西村淳也,1:49.8,1.1/4,3-3-4-6,40.8,12.5,6,442(+4),01016,[西]西浦勝一,017803,吉川潤,75.0,"7,15-9(6,11)8(3,12)(1,4)(10,13)-2(5,14)",3,1,5.0,False,"7,15,9,11,6(8,12)3(1,4,10)-(2,5)13,14",3,1,3.0,False,"(7,*15,11)9(6,12)(3,8)10-4,1(2,13)(5,14)",4,1,0.0,False,"(*15,11)(6,12)7(9,10)(3,8)-(4,1)(2,14)13=5",6,2,0.0,False,3,
201903010403,3,3歳未勝利,ダ,1700,晴,稍重,10:40,2019-04-14,福島,5,7,12,2016106367,ケイティシャイン,牝3,51,01176,亀田温心,1:50.1,1.3/4,7-6-5-3,41.0,102.4,9,430(-8),01157,[西]杉山晴紀,083006,瀧本和義,50.0,"7,15-9(6,11)8(3,12)(1,4)(10,13)-2(5,14)",7,2,5.0,False,"7,15,9,11,6(8,12)3(1,4,10)-(2,5)13,14",6,2,6.0,False,"(7,*15,11)9(6,12)(3,8)10-4,1(2,13)(5,14)",5,2,0.0,False,"(*15,11)(6,12)7(9,10)(3,8)-(4,1)(2,14)13=5",3,2,0.0,False,3,
201903010403,3,3歳未勝利,ダ,1700,晴,稍重,10:40,2019-04-14,福島,6,1,1,2016101768,ペイシャラメント,牝3,51,01173,山田敬士,1:50.6,3,9-9-11-10,40.5,283.2,12,422(+4),01131,[東]蛯名利弘,163002,北所直人,,"7,15-9(6,11)8(3,12)(1,4)(10,13)-2(5,14)",9,2,5.0,False,"7,15,9,11,6(8,12)3(1,4,10)-(2,5)13,14",9,3,6.0,False,"(7,*15,11)9(6,12)(3,8)10-4,1(2,13)(5,14)",11,1,5.0,False,"(*15,11)(6,12)7(9,10)(3,8)-(4,1)(2,14)13=5",10,2,3.5,False,3,
201903010403,3,3歳未勝利,ダ,1700,晴,稍重,10:40,2019-04-14,福島,7,2,3,2016101827,ノーブルフューチャ,牝3,54,01127,丸山元気,1:50.6,アタマ,7-8-7-8,41.2,8.4,4,456(+6),01118,[東]高柳瑞樹,755030,吉木伸彦,,"7,15-9(6,11)8(3,12)(1,4)(10,13)-2(5,14)",7,2,5.0,False,"7,15,9,11,6(8,12)3(1,4,10)-(2,5)13,14",8,1,6.0,False,"(7,*15,11)9(6,12)(3,8)10-4,1(2,13)(5,14)",7,2,0.0,False,"(*15,11)(6,12)7(9,10)(3,8)-(4,1)(2,14)13=5",8,2,0.0,False,3,
201903010403,3,3歳未勝利,ダ,1700,晴,稍重,10:40,2019-04-14,福島,8,8,14,2016103029,オルオル,牝3,54,01135,杉原誠人,1:50.7,クビ,14-15-14-12,40.0,294.4,13,392(-7),01030,[東]星野忍,188800,ＹＧＧホースクラブ,,"7,15-9(6,11)8(3,12)(1,4)(10,13)-2(5,14)",14,2,8.5,False,"7,15,9,11,6(8,12)3(1,4,10)-(2,5)13,14",15,1,11.0,False,"(7,*15,11)9(6,12)(3,8)10-4,1(2,13)(5,14)",14,2,5.0,False,"(*15,11)(6,12)7(9,10)(3,8)-(4,1)(2,14)13=5",12,2,3.5,False,3,
201903010403,3,3歳未勝利,ダ,1700,晴,稍重,10:40,2019-04-14,福島,9,6,10,2016105166,ヴィオラピューロ,牝3,54,01157,鮫島克駿,1:50.7,クビ,11-9-9-6,41.2,15.2,8,458(-2),01157,[西]杉山晴紀,713033,西岡透,,"7,15-9(6,11)8(3,12)(1,4)(10,13)-2(5,14)",11,2,5.0,False,"7,15,9,11,6(8,12)3(1,4,10)-(2,5)13,14",9,3,6.0,False,"(7,*15,11)9(6,12)(3,8)10-4,1(2,13)(5,14)",9,1,0.0,False,"(*15,11)(6,12)7(9,10)(3,8)-(4,1)(2,14)13=5",6,2,0.0,False,3,
201903010403,3,3歳未勝利,ダ,1700,晴,稍重,10:40,2019-04-14,福島,10,5,8,2016102123,イルフェソレイユ,牝3,54,01138,藤懸貴志,1:50.9,3/4,6-6-7-8,41.5,10.5,5,432(-2),01117,[西]高野友和,536800,大樹ファーム,,"7,15-9(6,11)8(3,12)(1,4)(10,13)-2(5,14)",6,1,5.0,False,"7,15,9,11,6(8,12)3(1,4,10)-(2,5)13,14",6,2,6.0,False,"(7,*15,11)9(6,12)(3,8)10-4,1(2,13)(5,14)",7,2,0.0,False,"(*15,11)(6,12)7(9,10)(3,8)-(4,1)(2,14)13=5",8,2,0.0,False,3,
201903010403,3,3歳未勝利,ダ,1700,晴,稍重,10:40,2019-04-14,福島,11,3,4,2016106237,フラッフィーベア,牝3,54,01153,木幡初也,1:51.6,4,9-9-10-10,41.7,121.3,10,428(-8),00408,[東]田中清隆,616800,フジワラ・ファーム,,"7,15-9(6,11)8(3,12)(1,4)(10,13)-2(5,14)",9,2,5.0,False,"7,15,9,11,6(8,12)3(1,4,10)-(2,5)13,14",9,3,6.0,False,"(7,*15,11)9(6,12)(3,8)10-4,1(2,13)(5,14)",10,1,3.5,False,"(*15,11)(6,12)7(9,10)(3,8)-(4,1)(2,14)13=5",10,2,3.5,False,3,
201903010403,3,3歳未勝利,ダ,1700,晴,稍重,10:40,2019-04-14,福島,12,7,13,2016106261,シュペルブソワレ,牝3,53,01170,横山武史,1:52.6,6,11-14-12-14,42.2,378.4,14,506(-6),01096,[東]粕谷昌央,851009,岡田牧雄,,"7,15-9(6,11)8(3,12)(1,4)(10,13)-2(5,14)",11,2,5.0,False,"7,15,9,11,6(8,12)3(1,4,10)-(2,5)13,14",14,1,9.5,False,"(7,*15,11)9(6,12)(3,8)10-4,1(2,13)(5,14)",12,2,5.0,False,"(*15,11)(6,12)7(9,10)(3,8)-(4,1)(2,14)13=5",14,1,3.5,False,3,
201903010403,3,3歳未勝利,ダ,1700,晴,稍重,10:40,2019-04-14,福島,13,2,2,2016104239,パーフェクトワン,牝3,54,01142,長岡禎仁,1:52.7,クビ,13-12-12-12,42.4,457.3,15,440(0),01079,[東]古賀慎明,044803,由井健太郎,,"7,15-9(6,11)8(3,12)(1,4)(10,13)-2(5,14)",13,1,8.5,False,"7,15,9,11,6(8,12)3(1,4,10)-(2,5)13,14",12,2,9.5,False,"(7,*15,11)9(6,12)(3,8)10-4,1(2,13)(5,14)",12,2,5.0,False,"(*15,11)(6,12)7(9,10)(3,8)-(4,1)(2,14)13=5",12,2,3.5,False,3,
201903010403,3,3歳未勝利,ダ,1700,晴,稍重,10:40,2019-04-14,福島,14,4,7,2016104468,ベルジュルネ,牝3,54,01019,秋山真一,1:54.6,大,1-1-2-5,45.9,2.3,1,494(0),01062,[西]藤岡健一,506800,シルクレーシング,,"7,15-9(6,11)8(3,12)(1,4)(10,13)-2(5,14)",1,1,0.0,False,"7,15,9,11,6(8,12)3(1,4,10)-(2,5)13,14",1,1,0.0,False,"(7,*15,11)9(6,12)(3,8)10-4,1(2,13)(5,14)",2,3,0.0,False,"(*15,11)(6,12)7(9,10)(3,8)-(4,1)(2,14)13=5",5,1,0.0,False,3,
201903010403,3,3歳未勝利,ダ,1700,晴,稍重,10:40,2019-04-14,福島,15,3,5,2016102999,アイベックス,牝3,53,01168,富田暁,1:57.8,大,14-12-14-15,47.2,134.1,11,468(0),01112,[東]田島俊明,812008,石瀬浩三,,"7,15-9(6,11)8(3,12)(1,4)(10,13)-2(5,14)",14,2,8.5,False,"7,15,9,11,6(8,12)3(1,4,10)-(2,5)13,14",12,2,9.5,False,"(7,*15,11)9(6,12)(3,8)10-4,1(2,13)(5,14)",14,2,5.0,False,"(*15,11)(6,12)7(9,10)(3,8)-(4,1)(2,14)13=5",15,1,9.5,False,3,
201903010404,4,障害4歳以上未勝利,芝,2750,晴,良,11:10,2019-04-14,福島,1,4,4,2014100185,シーライオン,牡5,60,00691,北沢伸也,3:01.9,,2-2-1-1,13.2,2.1,1,488(-10),01032,[西]大根田裕,812008,石瀬浩三,780.0,"9=4-12(13,1)6-5-7-2-11=3   8,10",2,1,6.0,False,"9=4-12-1,13-(5,6)-7=2,11=3   8,10",2,1,6.0,False,"4-12-9(13,1)=7,5=6=11=3=2   8,10",1,1,0.0,False,"4-12(13,1)=(9,5)7=6=(11,3)=2   8,10",1,1,0.0,False,,前日と同レベルで、いくらか速めの時計が出る馬場。
201903010404,4,障害4歳以上未勝利,芝,2750,晴,良,11:10,2019-04-14,福島,2,8,12,2013104776,リングオブハピネス,牝6,58,01080,佐久間寛,3:01.9,ハナ,3-3-2-2,13.2,18.5,7,466(-12),01146,[西]奥村豊,477006,五影慶則,310.0,"9=4-12(13,1)6-5-7-2-11=3   8,10",3,1,9.5,False,"9=4-12-1,13-(5,6)-7=2,11=3   8,10",3,1,9.5,False,"4-12-9(13,1)=7,5=6=11=3=2   8,10",2,1,3.5,False,"4-12(13,1)=(9,5)7=6=(11,3)=2   8,10",2,1,3.5,False,,前日と同レベルで、いくらか速めの時計が出る馬場。
201903010404,4,障害4歳以上未勝利,芝,2750,晴,良,11:10,2019-04-14,福島,3,1,1,2014106248,ブライトクォーツ,牡5,60,00652,熊沢重文,3:02.1,1.1/4,4-4-4-3,13.2,6.3,3,482(-10),01095,[西]荒川義之,506800,シルクレーシング,200.0,"9=4-12(13,1)6-5-7-2-11=3   8,10",4,2,9.5,False,"9=4-12-1,13-(5,6)-7=2,11=3   8,10",4,1,13.0,False,"4-12-9(13,1)=7,5=6=11=3=2   8,10",4,2,7.0,False,"4-12(13,1)=(9,5)7=6=(11,3)=2   8,10",3,2,3.5,False,,前日と同レベルで、いくらか速めの時計が出る馬場。
201903010404,4,障害4歳以上未勝利,芝,2750,晴,良,11:10,2019-04-14,福島,4,8,13,2015100655,ショウナンバリウス,牡4,59,01068,蓑島靖典,3:03.5,8,4-5-4-3,13.3,35.1,9,500(-8),01145,[東]奥村武,331002,国本哲秀,120.0,"9=4-12(13,1)6-5-7-2-11=3   8,10",4,2,9.5,False,"9=4-12-1,13-(5,6)-7=2,11=3   8,10",5,1,14.5,False,"4-12-9(13,1)=7,5=6=11=3=2   8,10",4,2,7.0,False,"4-12(13,1)=(9,5)7=6=(11,3)=2   8,10",3,2,3.5,False,,前日と同レベルで、いくらか速めの時計が出る馬場。
201903010404,4,障害4歳以上未勝利,芝,2750,晴,良,11:10,2019-04-14,福島,5,4,5,2015102610,インペリオーソ,牝4,57,01059,石神深一,3:04.7,7,7-6-7-5,13.4,3.9,2,472(+6),01100,[東]松山将樹,265005,吉岡泰治,78.0,"9=4-12(13,1)6-5-7-2-11=3   8,10",7,1,13.0,False,"9=4-12-1,13-(5,6)-7=2,11=3   8,10",6,2,18.0,False,"4-12-9(13,1)=7,5=6=11=3=2   8,10",7,1,14.5,False,"4-12(13,1)=(9,5)7=6=(11,3)=2   8,10",5,2,9.5,False,,前日と同レベルで、いくらか速めの時計が出る馬場。
201903010404,4,障害4歳以上未勝利,芝,2750,晴,良,11:10,2019-04-14,福島,6,5,7,2014102293,ナムラスパルタクス,牡5,60,01072,黒岩悠,3:05.5,5,8-8-6-7,13.5,44.3,10,482(-8),01110,[西]清水久詞,945004,奈村信重,,"9=4-12(13,1)6-5-7-2-11=3   8,10",8,1,16.5,False,"9=4-12-1,13-(5,6)-7=2,11=3   8,10",8,1,21.5,False,"4-12-9(13,1)=7,5=6=11=3=2   8,10",6,1,13.0,False,"4-12(13,1)=(9,5)7=6=(11,3)=2   8,10",7,1,9.5,False,,前日と同レベルで、いくらか速めの時計が出る馬場。
201903010404,4,障害4歳以上未勝利,芝,2750,晴,良,11:10,2019-04-14,福島,7,3,3,2013102529,ダイフク,牡6,60,01113,草野太郎,3:07.3,大,11-11-10-9,13.6,18.1,6,486(+8),01174,[東]深山雅史,226006,小林博雄,,"9=4-12(13,1)6-5-7-2-11=3   8,10",11,1,29.5,False,"9=4-12-1,13-(5,6)-7=2,11=3   8,10",11,1,35.0,False,"4-12-9(13,1)=7,5=6=11=3=2   8,10",10,1,32.5,False,"4-12(13,1)=(9,5)7=6=(11,3)=2   8,10",9,2,21.5,False,,前日と同レベルで、いくらか速めの時計が出る馬場。
201903010404,4,障害4歳以上未勝利,芝,2750,晴,良,11:10,2019-04-14,福島,8,6,9,2013100700,アムロタイプ,牡6,60,01066,難波剛健,3:07.8,3,1-1-3-5,13.7,46.6,11,460(-10),00422,[西]五十嵐忠,421005,萩英男,,"9=4-12(13,1)6-5-7-2-11=3   8,10",1,1,0.0,False,"9=4-12-1,13-(5,6)-7=2,11=3   8,10",1,1,0.0,False,"4-12-9(13,1)=7,5=6=11=3=2   8,10",3,1,7.0,False,"4-12(13,1)=(9,5)7=6=(11,3)=2   8,10",5,2,9.5,False,,前日と同レベルで、いくらか速めの時計が出る馬場。
201903010404,4,障害4歳以上未勝利,芝,2750,晴,良,11:10,2019-04-14,福島,9,5,6,2010106229,トミケンスラーヴァ,牡9,60,00695,浜野谷憲,3:08.0,1.1/2,6-6-8-8,13.7,13.7,5,504(-8),01152,[東]竹内正洋,901007,冨樫賢二,,"9=4-12(13,1)6-5-7-2-11=3   8,10",6,1,9.5,False,"9=4-12-1,13-(5,6)-7=2,11=3   8,10",6,2,18.0,False,"4-12-9(13,1)=7,5=6=11=3=2   8,10",8,1,20.5,False,"4-12(13,1)=(9,5)7=6=(11,3)=2   8,10",8,1,15.5,False,,前日と同レベルで、いくらか速めの時計が出る馬場。
201903010404,4,障害4歳以上未勝利,芝,2750,晴,良,11:10,2019-04-14,福島,10,7,11,2015102146,アメノムラクモ,牡4,59,01087,上野翔,3:08.8,5,10-10-9-9,13.7,108.7,12,534(-4),01141,[東]尾形和幸,371009,高橋文男,,"9=4-12(13,1)6-5-7-2-11=3   8,10",10,1,23.5,False,"9=4-12-1,13-(5,6)-7=2,11=3   8,10",10,1,29.0,False,"4-12-9(13,1)=7,5=6=11=3=2   8,10",9,1,26.5,False,"4-12(13,1)=(9,5)7=6=(11,3)=2   8,10",9,2,21.5,False,,前日と同レベルで、いくらか速めの時計が出る馬場。
201903010404,4,障害4歳以上未勝利,芝,2750,晴,良,11:10,2019-04-14,福島,11,2,2,2013100491,カブキモノ,牡6,60,01052,金子光希,3:15.6,大,9-9-11-11,14.2,12.5,4,500(-2),01089,[東]武市康男,243008,國分純,,"9=4-12(13,1)6-5-7-2-11=3   8,10",9,1,20.0,False,"9=4-12-1,13-(5,6)-7=2,11=3   8,10",9,1,27.5,False,"4-12-9(13,1)=7,5=6=11=3=2   8,10",11,1,38.5,False,"4-12(13,1)=(9,5)7=6=(11,3)=2   8,10",11,1,27.5,False,,前日と同レベルで、いくらか速めの時計が出る馬場。
201903010404,4,障害4歳以上未勝利,芝,2750,晴,良,11:10,2019-04-14,福島,中,6,8,2015103494,ジョーカーワイルド,牡4,59,01123,小野寺祐,,,,,123.0,13,504(-22),00421,[東]浅野洋一,074700,ＴＵＲＨ,,"9=4-12(13,1)6-5-7-2-11=3   8,10",12,1,35.5,False,"9=4-12-1,13-(5,6)-7=2,11=3   8,10",12,1,41.0,False,"4-12-9(13,1)=7,5=6=11=3=2   8,10",12,1,44.5,False,"4-12(13,1)=(9,5)7=6=(11,3)=2   8,10",12,1,33.5,False,,前日と同レベルで、いくらか速めの時計が出る馬場。
201903010404,4,障害4歳以上未勝利,芝,2750,晴,良,11:10,2019-04-14,福島,中,7,10,2014101590,シャイニードライヴ,セ5,60,01089,高野和馬,,,,,34.1,8,450(-4),01035,[東]佐藤吉勝,531006,小林昌志,,"9=4-12(13,1)6-5-7-2-11=3   8,10",13,1,37.0,False,"9=4-12-1,13-(5,6)-7=2,11=3   8,10",13,1,42.5,False,"4-12-9(13,1)=7,5=6=11=3=2   8,10",13,1,46.0,False,"4-12(13,1)=(9,5)7=6=(11,3)=2   8,10",13,1,35.0,False,,前日と同レベルで、いくらか速めの時計が出る馬場。
201903010405,5,障害4歳以上未勝利,芝,2750,晴,良,12:00,2019-04-14,福島,1,7,10,2012103532,マイネルレオーネ,牡7,60,01072,黒岩悠,3:00.4,,6-3-1-1,13.1,4.7,3,398(-6),01110,[西]清水久詞,546800,サラブレッドクラブ・...,780.0,"13=8,4-(7,1)10-(12,2)-9-11,6,3=5",6,1,11.0,False,"13,4(8,10)(7,1)-12-2-9,11=3-6=5",3,2,1.5,False,"10-(13,4)7(1,9)8,12,11-2-3-6=5",1,1,0.0,False,"10=4-(7,1)9,12-(13,8)-11=2,6,3=5",1,1,0.0,False,,前日と同レベルで、いくらか速めの時計が出る馬場。
201903010405,5,障害4歳以上未勝利,芝,2750,晴,良,12:00,2019-04-14,福島,2,8,12,2012102265,ブルーガーディアン,牡7,60,01059,石神深一,3:01.9,9,7-7-8-6,13.2,7.8,5,490(-14),01030,[東]星野忍,188800,ＹＧＧホースクラブ,310.0,"13=8,4-(7,1)10-(12,2)-9-11,6,3=5",7,2,14.5,False,"13,4(8,10)(7,1)-12-2-9,11=3-6=5",7,1,5.0,False,"10-(13,4)7(1,9)8,12,11-2-3-6=5",8,1,5.0,False,"10=4-(7,1)9,12-(13,8)-11=2,6,3=5",6,1,11.0,False,,前日と同レベルで、いくらか速めの時計が出る馬場。
201903010405,5,障害4歳以上未勝利,芝,2750,晴,良,12:00,2019-04-14,福島,3,4,4,2015110032,アサクサゲンキ,牡4,59,00652,熊沢重文,3:02.0,3/4,3-2-2-2,13.2,3.3,1,470(-2),01002,[西]音無秀孝,537009,田原慶子,200.0,"13=8,4-(7,1)10-(12,2)-9-11,6,3=5",3,1,7.5,False,"13,4(8,10)(7,1)-12-2-9,11=3-6=5",2,1,1.5,False,"10-(13,4)7(1,9)8,12,11-2-3-6=5",2,2,3.5,False,"10=4-(7,1)9,12-(13,8)-11=2,6,3=5",2,1,6.0,False,,前日と同レベルで、いくらか速めの時計が出る馬場。
201903010405,5,障害4歳以上未勝利,芝,2750,晴,良,12:00,2019-04-14,福島,4,5,7,2013106175,キャプテンロブロイ,牡6,60,01123,小野寺祐,3:02.9,5,4-5-4-3,13.3,7.0,4,512(-6),01017,[東]萩原清,506800,シルクレーシング,120.0,"13=8,4-(7,1)10-(12,2)-9-11,6,3=5",4,2,11.0,False,"13,4(8,10)(7,1)-12-2-9,11=3-6=5",5,2,1.5,False,"10-(13,4)7(1,9)8,12,11-2-3-6=5",4,1,3.5,False,"10=4-(7,1)9,12-(13,8)-11=2,6,3=5",3,2,9.5,False,,前日と同レベルで、いくらか速めの時計が出る馬場。
201903010405,5,障害4歳以上未勝利,芝,2750,晴,良,12:00,2019-04-14,福島,5,1,1,2012102649,キタサンサジン,牡7,60,01066,難波剛健,3:03.2,1.3/4,4-5-5-3,13.3,9.1,6,536(-8),01084,[西]梅田智之,373800,大野商事,78.0,"13=8,4-(7,1)10-(12,2)-9-11,6,3=5",4,2,11.0,False,"13,4(8,10)(7,1)-12-2-9,11=3-6=5",5,2,1.5,False,"10-(13,4)7(1,9)8,12,11-2-3-6=5",5,2,3.5,False,"10=4-(7,1)9,12-(13,8)-11=2,6,3=5",3,2,9.5,False,,前日と同レベルで、いくらか速めの時計が出る馬場。
201903010405,5,障害4歳以上未勝利,芝,2750,晴,良,12:00,2019-04-14,福島,6,6,9,2013100376,ファントムグレイ,牡6,60,01113,草野太郎,3:03.3,1/2,9-9-5-5,13.3,24.2,7,440(+6),01008,[東]杉浦宏昭,510008,山岸桂市,,"13=8,4-(7,1)10-(12,2)-9-11,6,3=5",9,1,18.0,False,"13,4(8,10)(7,1)-12-2-9,11=3-6=5",9,1,12.0,False,"10-(13,4)7(1,9)8,12,11-2-3-6=5",5,2,3.5,False,"10=4-(7,1)9,12-(13,8)-11=2,6,3=5",5,1,9.5,False,,前日と同レベルで、いくらか速めの時計が出る馬場。
201903010405,5,障害4歳以上未勝利,芝,2750,晴,良,12:00,2019-04-14,福島,7,5,6,2013104934,タニガワ,牡6,60,01143,原田和真,3:04.7,8,11-12-12-11,13.4,64.8,11,480(-10),01005,[東]小桧山悟,338006,江川伸夫,,"13=8,4-(7,1)10-(12,2)-9-11,6,3=5",11,1,23.0,False,"13,4(8,10)(7,1)-12-2-9,11=3-6=5",12,1,23.0,False,"10-(13,4)7(1,9)8,12,11-2-3-6=5",12,1,17.0,False,"10=4-(7,1)9,12-(13,8)-11=2,6,3=5",11,1,25.5,False,,前日と同レベルで、いくらか速めの時計が出る馬場。
201903010405,5,障害4歳以上未勝利,芝,2750,晴,良,12:00,2019-04-14,福島,8,6,8,2015103291,ファイアプルーフ,牡4,59,01120,大江原圭,3:04.9,1.1/4,2-3-7-7,13.4,32.5,8,510(-10),01029,[東]根本康広,689033,犬塚悠治郎,,"13=8,4-(7,1)10-(12,2)-9-11,6,3=5",2,1,6.0,False,"13,4(8,10)(7,1)-12-2-9,11=3-6=5",3,2,1.5,False,"10-(13,4)7(1,9)8,12,11-2-3-6=5",7,1,3.5,False,"10=4-(7,1)9,12-(13,8)-11=2,6,3=5",7,2,14.5,False,,前日と同レベルで、いくらか速めの時計が出る馬場。
201903010405,5,障害4歳以上未勝利,芝,2750,晴,良,12:00,2019-04-14,福島,9,3,3,2013104425,ベストサポーター,牡6,60,01052,金子光希,3:05.7,5,12-11-11-12,13.5,41.1,9,516(+6),01143,[東]和田雄二,772002,西村新一郎,,"13=8,4-(7,1)10-(12,2)-9-11,6,3=5",12,1,24.5,False,"13,4(8,10)(7,1)-12-2-9,11=3-6=5",11,1,19.5,False,"10-(13,4)7(1,9)8,12,11-2-3-6=5",11,1,13.5,False,"10=4-(7,1)9,12-(13,8)-11=2,6,3=5",12,1,27.0,False,,前日と同レベルで、いくらか速めの時計が出る馬場。
201903010405,5,障害4歳以上未勝利,芝,2750,晴,良,12:00,2019-04-14,福島,10,2,2,2013102362,シゲルキハダマグロ,牡6,60,01087,上野翔,3:05.7,ハナ,7-8-10-10,13.5,55.9,10,476(+8),00428,[東]石毛善彦,674004,森中蕃,,"13=8,4-(7,1)10-(12,2)-9-11,6,3=5",7,2,14.5,False,"13,4(8,10)(7,1)-12-2-9,11=3-6=5",8,1,8.5,False,"10-(13,4)7(1,9)8,12,11-2-3-6=5",10,1,10.0,False,"10=4-(7,1)9,12-(13,8)-11=2,6,3=5",10,1,24.0,False,,前日と同レベルで、いくらか速めの時計が出る馬場。
201903010405,5,障害4歳以上未勝利,芝,2750,晴,良,12:00,2019-04-14,福島,11,7,11,2011100063,ビレッジソング,牝8,58,01068,蓑島靖典,3:05.8,1/2,10-10-9-9,13.5,79.5,12,438(-2),01077,[東]加藤和宏,851009,岡田牧雄,,"13=8,4-(7,1)10-(12,2)-9-11,6,3=5",10,1,21.5,False,"13,4(8,10)(7,1)-12-2-9,11=3-6=5",10,1,13.5,False,"10-(13,4)7(1,9)8,12,11-2-3-6=5",9,1,6.5,False,"10=4-(7,1)9,12-(13,8)-11=2,6,3=5",9,1,18.0,False,,前日と同レベルで、いくらか速めの時計が出る馬場。
201903010405,5,障害4歳以上未勝利,芝,2750,晴,良,12:00,2019-04-14,福島,12,8,13,2015101375,サンライズルーク,牡4,59,01139,森一馬,3:06.7,5,1-1-2-7,13.6,4.6,2,496(-6),01082,[西]平田修,306008,松岡隆雄,,"13=8,4-(7,1)10-(12,2)-9-11,6,3=5",1,1,0.0,False,"13,4(8,10)(7,1)-12-2-9,11=3-6=5",1,1,0.0,False,"10-(13,4)7(1,9)8,12,11-2-3-6=5",2,2,3.5,False,"10=4-(7,1)9,12-(13,8)-11=2,6,3=5",7,2,14.5,False,,前日と同レベルで、いくらか速めの時計が出る馬場。
201903010405,5,障害4歳以上未勝利,芝,2750,晴,良,12:00,2019-04-14,福島,13,4,5,2015101834,イクヨロブロイ,牡4,59,01061,大庭和弥,3:07.0,1.3/4,13-13-13-13,13.6,127.1,13,468(-8),00421,[東]浅野洋一,881800,太陽光,,"13=8,4-(7,1)10-(12,2)-9-11,6,3=5",13,1,30.5,False,"13,4(8,10)(7,1)-12-2-9,11=3-6=5",13,1,29.0,False,"10-(13,4)7(1,9)8,12,11-2-3-6=5",13,1,23.0,False,"10=4-(7,1)9,12-(13,8)-11=2,6,3=5",13,1,33.0,False,,前日と同レベルで、いくらか速めの時計が出る馬場。
201903010406,6,3歳未勝利,ダ,1700,晴,稍重,12:35,2019-04-14,福島,1,3,5,2016105125,カウンターエア,牡3,56,01117,丸田恭介,1:48.3,,12-11-10-8,38.4,29.2,10,540(-6),01145,[東]奥村武,415800,社台レースホース,500.0,"8,13(11,15)(3,12)6(4,14)-(2,7)(5,10)-9-1",12,2,5.0,False,"(*8,13)11(3,12,15)-4,6,14-7-5,2,10-9,1",11,1,13.5,False,"(*8,13,11)-(3,15)12-4(7,14)-5,6,10(1,9)=2",10,1,10.5,False,"(8,*11)-13(3,15)-(7,4)-5(12,10)(1,14)(9,6)=2",8,1,10.5,False,3,
201903010406,6,3歳未勝利,ダ,1700,晴,稍重,12:35,2019-04-14,福島,2,6,11,2016103091,クラウドスケープ,牡3,56,01038,中谷雄太,1:48.5,1.1/4,3-3-2-1,40.1,2.5,1,468(-4),01075,[西]矢作芳人,041008,下河邉行雄,200.0,"8,13(11,15)(3,12)6(4,14)-(2,7)(5,10)-9-1",3,2,1.5,False,"(*8,13)11(3,12,15)-4,6,14-7-5,2,10-9,1",3,1,0.0,False,"(*8,13,11)-(3,15)12-4(7,14)-5,6,10(1,9)=2",2,3,0.0,False,"(8,*11)-13(3,15)-(7,4)-5(12,10)(1,14)(9,6)=2",1,2,0.0,True,3,
201903010406,6,3歳未勝利,ダ,1700,晴,稍重,12:35,2019-04-14,福島,3,6,10,2016100106,フィストバンプ,牡3,56,00684,田中勝春,1:49.1,3.1/2,12-13-12-9,38.8,241.9,14,480(0),01093,[東]松永康利,336030,小林竜太郎,130.0,"8,13(11,15)(3,12)6(4,14)-(2,7)(5,10)-9-1",12,2,5.0,False,"(*8,13)11(3,12,15)-4,6,14-7-5,2,10-9,1",13,1,16.5,False,"(*8,13,11)-(3,15)12-4(7,14)-5,6,10(1,9)=2",12,1,13.5,False,"(8,*11)-13(3,15)-(7,4)-5(12,10)(1,14)(9,6)=2",9,2,10.5,False,3,
201903010406,6,3歳未勝利,ダ,1700,晴,稍重,12:35,2019-04-14,福島,4,1,1,2016102872,ダンツスピリット,牡3,54,01171,西村淳也,1:49.1,クビ,15-15-13-11,38.7,15.5,4,488(0),00388,[西]山内研二,248005,山元哲二,75.0,"8,13(11,15)(3,12)6(4,14)-(2,7)(5,10)-9-1",15,1,12.0,False,"(*8,13)11(3,12,15)-4,6,14-7-5,2,10-9,1",15,1,21.5,False,"(*8,13,11)-(3,15)12-4(7,14)-5,6,10(1,9)=2",13,2,13.5,False,"(8,*11)-13(3,15)-(7,4)-5(12,10)(1,14)(9,6)=2",11,2,10.5,False,3,
201903010406,6,3歳未勝利,ダ,1700,晴,稍重,12:35,2019-04-14,福島,5,5,9,2016104089,シントーキング,牡3,56,00422,内田博幸,1:49.4,2,14-14-13-13,39.0,23.0,8,524(0),01068,[東]小島茂之,144031,中野辰三,50.0,"8,13(11,15)(3,12)6(4,14)-(2,7)(5,10)-9-1",14,1,8.5,False,"(*8,13)11(3,12,15)-4,6,14-7-5,2,10-9,1",14,1,20.0,False,"(*8,13,11)-(3,15)12-4(7,14)-5,6,10(1,9)=2",13,2,13.5,False,"(8,*11)-13(3,15)-(7,4)-5(12,10)(1,14)(9,6)=2",13,2,10.5,False,3,
201903010406,6,3歳未勝利,ダ,1700,晴,稍重,12:35,2019-04-14,福島,6,3,4,2016103997,リュウノイカリ,牡3,53,01164,藤田菜七,1:49.7,1.1/2,8-7-7-6,40.2,5.1,3,480(-10),01113,[西]牧浦充徳,952033,二口雅一,,"8,13(11,15)(3,12)6(4,14)-(2,7)(5,10)-9-1",8,2,1.5,False,"(*8,13)11(3,12,15)-4,6,14-7-5,2,10-9,1",7,1,3.5,False,"(*8,13,11)-(3,15)12-4(7,14)-5,6,10(1,9)=2",7,1,7.0,False,"(8,*11)-13(3,15)-(7,4)-5(12,10)(1,14)(9,6)=2",6,2,7.0,False,3,
201903010406,6,3歳未勝利,ダ,1700,晴,稍重,12:35,2019-04-14,福島,7,5,8,2016105135,シルヴァーイーグル,牡3,56,05243,柴山雄一,1:50.0,2,1-1-1-2,41.7,33.3,11,502(-8),01112,[東]田島俊明,530033,星野隆男,,"8,13(11,15)(3,12)6(4,14)-(2,7)(5,10)-9-1",1,1,0.0,False,"(*8,13)11(3,12,15)-4,6,14-7-5,2,10-9,1",1,2,0.0,True,"(*8,13,11)-(3,15)12-4(7,14)-5,6,10(1,9)=2",1,3,0.0,True,"(8,*11)-13(3,15)-(7,4)-5(12,10)(1,14)(9,6)=2",2,2,0.0,False,3,
201903010406,6,3歳未勝利,ダ,1700,晴,稍重,12:35,2019-04-14,福島,8,4,7,2016102459,エメラルドカット,牝3,54,01108,的場勇人,1:50.1,1/2,10-10-8-6,40.5,91.5,12,480(0),01063,[東]的場均,851007,山上和良,,"8,13(11,15)(3,12)6(4,14)-(2,7)(5,10)-9-1",10,2,5.0,False,"(*8,13)11(3,12,15)-4,6,14-7-5,2,10-9,1",10,1,10.0,False,"(*8,13,11)-(3,15)12-4(7,14)-5,6,10(1,9)=2",8,2,7.0,False,"(8,*11)-13(3,15)-(7,4)-5(12,10)(1,14)(9,6)=2",6,2,7.0,False,3,
201903010406,6,3歳未勝利,ダ,1700,晴,稍重,12:35,2019-04-14,福島,9,7,13,2016110112,シャンブルドット,牝3,53,01166,川又賢治,1:50.3,1,2-2-2-3,41.9,15.5,5,468(0),01144,[西]池添学,138007,吉田和美,,"8,13(11,15)(3,12)6(4,14)-(2,7)(5,10)-9-1",2,1,1.5,False,"(*8,13)11(3,12,15)-4,6,14-7-5,2,10-9,1",2,2,0.0,False,"(*8,13,11)-(3,15)12-4(7,14)-5,6,10(1,9)=2",2,3,0.0,False,"(8,*11)-13(3,15)-(7,4)-5(12,10)(1,14)(9,6)=2",3,1,3.5,False,3,
201903010406,6,3歳未勝利,ダ,1700,晴,稍重,12:35,2019-04-14,福島,10,8,15,2016101035,トモジャファイブ,牡3,55,01170,横山武史,1:50.9,3.1/2,3-4-4-4,42.2,19.8,7,500(0),01026,[東]鈴木伸尋,905033,吉冨学,,"8,13(11,15)(3,12)6(4,14)-(2,7)(5,10)-9-1",3,2,1.5,False,"(*8,13)11(3,12,15)-4,6,14-7-5,2,10-9,1",4,3,0.0,False,"(*8,13,11)-(3,15)12-4(7,14)-5,6,10(1,9)=2",4,2,3.5,False,"(8,*11)-13(3,15)-(7,4)-5(12,10)(1,14)(9,6)=2",4,2,3.5,False,3,
201903010406,6,3歳未勝利,ダ,1700,晴,稍重,12:35,2019-04-14,福島,11,8,14,2016105604,タマモパスクワ,牡3,56,01004,西田雄一,1:51.2,1.3/4,8-9-8-11,41.6,210.0,13,458(-4),01003,[西]川村禎彦,515800,タマモ,,"8,13(11,15)(3,12)6(4,14)-(2,7)(5,10)-9-1",8,2,1.5,False,"(*8,13)11(3,12,15)-4,6,14-7-5,2,10-9,1",9,1,6.5,False,"(*8,13,11)-(3,15)12-4(7,14)-5,6,10(1,9)=2",8,2,7.0,False,"(8,*11)-13(3,15)-(7,4)-5(12,10)(1,14)(9,6)=2",11,2,10.5,False,3,
201903010406,6,3歳未勝利,ダ,1700,晴,稍重,12:35,2019-04-14,福島,12,2,3,2016104747,ヴィクトリーキー,牡3,56,01092,津村明秀,1:51.3,クビ,5-4-4-4,42.6,3.8,2,510(-6),01133,[東]黒岩陽一,506800,シルクレーシング,,"8,13(11,15)(3,12)6(4,14)-(2,7)(5,10)-9-1",5,2,1.5,False,"(*8,13)11(3,12,15)-4,6,14-7-5,2,10-9,1",4,3,0.0,False,"(*8,13,11)-(3,15)12-4(7,14)-5,6,10(1,9)=2",4,2,3.5,False,"(8,*11)-13(3,15)-(7,4)-5(12,10)(1,14)(9,6)=2",4,2,3.5,False,3,
201903010406,6,3歳未勝利,ダ,1700,晴,稍重,12:35,2019-04-14,福島,13,4,6,2016110066,ヴィーゲンリート,牝3,54,01019,秋山真一,1:52.6,8,7-8-11-13,42.5,15.9,6,460(-6),01160,[西]武幸四郎,788800,ノースヒルズ,,"8,13(11,15)(3,12)6(4,14)-(2,7)(5,10)-9-1",7,1,1.5,False,"(*8,13)11(3,12,15)-4,6,14-7-5,2,10-9,1",8,1,5.0,False,"(*8,13,11)-(3,15)12-4(7,14)-5,6,10(1,9)=2",11,1,12.0,False,"(8,*11)-13(3,15)-(7,4)-5(12,10)(1,14)(9,6)=2",13,2,10.5,False,3,
201903010406,6,3歳未勝利,ダ,1700,晴,稍重,12:35,2019-04-14,福島,14,7,12,2016110109,ウィガンテソーロ,牡3,53,01178,斎藤新,1:55.2,大,5-4-6-9,46.2,28.4,9,524(-4),01162,[東]田中博康,089803,了徳寺健二ホールディ...,,"8,13(11,15)(3,12)6(4,14)-(2,7)(5,10)-9-1",5,2,1.5,False,"(*8,13)11(3,12,15)-4,6,14-7-5,2,10-9,1",4,3,0.0,False,"(*8,13,11)-(3,15)12-4(7,14)-5,6,10(1,9)=2",6,1,3.5,False,"(8,*11)-13(3,15)-(7,4)-5(12,10)(1,14)(9,6)=2",9,2,10.5,False,3,
201903010406,6,3歳未勝利,ダ,1700,晴,稍重,12:35,2019-04-14,福島,15,2,2,2016104155,トーアコルシャ,牡3,56,01140,横山和生,1:55.3,1/2,10-12-15-15,42.9,284.8,15,454(0),01048,[東]畠山吉宏,784800,高山ランド,,"8,13(11,15)(3,12)6(4,14)-(2,7)(5,10)-9-1",10,2,5.0,False,"(*8,13)11(3,12,15)-4,6,14-7-5,2,10-9,1",12,1,15.0,False,"(*8,13,11)-(3,15)12-4(7,14)-5,6,10(1,9)=2",15,1,19.5,False,"(8,*11)-13(3,15)-(7,4)-5(12,10)(1,14)(9,6)=2",15,1,16.5,False,3,
201903010407,7,4歳以上500万下,芝,1200,晴,良,13:05,2019-04-14,福島,1,6,12,2015101483,マイティーワークス,牝4,54,01170,横山武史,1:09.6,,7-4,35.1,5.0,2,464(-2),01052,[東]菊川正達,373008,中村祐子,750.0,,,,,,,,,,,"(*2,3)11,8(1,13)12(5,14)7,16(4,6)(10,15)9",7,1,1.5,False,"2,3,8,12,1(5,7,13)(11,16)(4,14)(6,10,15)-9",4,1,4.5,False,-3,前日と同レベルで、いくらか速めの時計が出る馬場。
201903010407,7,4歳以上500万下,芝,1200,晴,良,13:05,2019-04-14,福島,2,4,7,2015101382,グッドワード,牝4,55,01157,鮫島克駿,1:09.8,1.1/4,10-6,35.1,6.9,4,480(+4),01129,[西]高橋義忠,041008,下河邉行雄,300.0,,,,,,,,,,,"(*2,3)11,8(1,13)12(5,14)7,16(4,6)(10,15)9",10,1,1.5,False,"2,3,8,12,1(5,7,13)(11,16)(4,14)(6,10,15)-9",6,3,6.0,False,-3,前日と同レベルで、いくらか速めの時計が出る馬場。
201903010407,7,4歳以上500万下,芝,1200,晴,良,13:05,2019-04-14,福島,3,1,1,2015101995,カクテルドレス,牝4,52,01178,斎藤新,1:10.0,1.1/4,5-5,35.6,3.9,1,476(+2),00429,[西]佐々木晶,087803,ＨｉｍＲｏｃｋＲａｃ...,190.0,,,,,,,,,,,"(*2,3)11,8(1,13)12(5,14)7,16(4,6)(10,15)9",5,2,1.5,False,"2,3,8,12,1(5,7,13)(11,16)(4,14)(6,10,15)-9",5,1,6.0,False,-3,前日と同レベルで、いくらか速めの時計が出る馬場。
201903010407,7,4歳以上500万下,芝,1200,晴,良,13:05,2019-04-14,福島,4,1,2,2014105266,ノヴァルーナ,牝5,53,01171,西村淳也,1:10.0,ハナ,1-1,36.1,13.3,7,466(0),01154,[西]橋口慎介,675030,林正道,110.0,,,,,,,,,,,"(*2,3)11,8(1,13)12(5,14)7,16(4,6)(10,15)9",1,2,0.0,True,"2,3,8,12,1(5,7,13)(11,16)(4,14)(6,10,15)-9",1,1,0.0,False,-3,前日と同レベルで、いくらか速めの時計が出る馬場。
201903010407,7,4歳以上500万下,芝,1200,晴,良,13:05,2019-04-14,福島,5,8,16,2015104888,プリズマティコ,牝4,54,01166,川又賢治,1:10.0,クビ,11-9,35.2,11.8,6,462(+10),01110,[西]清水久詞,226800,サンデーレーシング,75.0,,,,,,,,,,,"(*2,3)11,8(1,13)12(5,14)7,16(4,6)(10,15)9",11,1,3.0,False,"2,3,8,12,1(5,7,13)(11,16)(4,14)(6,10,15)-9",9,2,6.0,False,-3,前日と同レベルで、いくらか速めの時計が出る馬場。
201903010407,7,4歳以上500万下,芝,1200,晴,良,13:05,2019-04-14,福島,6,5,9,2014104510,カンバンムスメ,牝5,52,01173,山田敬士,1:10.0,ハナ,16-16,34.7,25.2,10,456(+8),01093,[東]松永康利,163002,北所直人,,,,,,,,,,,,"(*2,3)11,8(1,13)12(5,14)7,16(4,6)(10,15)9",16,1,3.0,False,"2,3,8,12,1(5,7,13)(11,16)(4,14)(6,10,15)-9",16,1,9.5,False,-3,前日と同レベルで、いくらか速めの時計が出る馬場。
201903010407,7,4歳以上500万下,芝,1200,晴,良,13:05,2019-04-14,福島,7,4,8,2014101569,アオアラシ,牝5,55,01146,岩崎翼,1:10.1,1/2,4-3,35.9,25.3,11,466(0),01149,[西]松下武士,304030,松田整二,,,,,,,,,,,,"(*2,3)11,8(1,13)12(5,14)7,16(4,6)(10,15)9",4,1,1.5,False,"2,3,8,12,1(5,7,13)(11,16)(4,14)(6,10,15)-9",3,1,3.0,False,-3,前日と同レベルで、いくらか速めの時計が出る馬場。
201903010407,7,4歳以上500万下,芝,1200,晴,良,13:05,2019-04-14,福島,8,7,14,2015100428,ナンゴクアイネット,牝4,55,01127,丸山元気,1:10.2,クビ,8-11,35.6,5.5,3,464(+6),01046,[西]鮫島一歩,977007,渡義光,,,,,,,,,,,,"(*2,3)11,8(1,13)12(5,14)7,16(4,6)(10,15)9",8,2,1.5,False,"2,3,8,12,1(5,7,13)(11,16)(4,14)(6,10,15)-9",11,2,6.0,False,-3,前日と同レベルで、いくらか速めの時計が出る馬場。
201903010407,7,4歳以上500万下,芝,1200,晴,良,13:05,2019-04-14,福島,9,3,5,2015104754,アトレヴィード,牝4,52,01174,岩田望来,1:10.2,アタマ,8-6,35.6,23.4,8,464(+8),01142,[西]森田直行,790005,吉田勝己,,,,,,,,,,,,"(*2,3)11,8(1,13)12(5,14)7,16(4,6)(10,15)9",8,2,1.5,False,"2,3,8,12,1(5,7,13)(11,16)(4,14)(6,10,15)-9",6,3,6.0,False,-3,前日と同レベルで、いくらか速めの時計が出る馬場。
201903010407,7,4歳以上500万下,芝,1200,晴,良,13:05,2019-04-14,福島,10,2,3,2014105922,レッドルチア,牝5,52,01164,藤田菜七,1:10.3,3/4,2-2,36.3,9.4,5,414(-2),01097,[東]鹿戸雄一,180800,東京ホースレーシング,,,,,,,,,,,,"(*2,3)11,8(1,13)12(5,14)7,16(4,6)(10,15)9",2,2,0.0,False,"2,3,8,12,1(5,7,13)(11,16)(4,14)(6,10,15)-9",2,1,1.5,False,-3,前日と同レベルで、いくらか速めの時計が出る馬場。
201903010407,7,4歳以上500万下,芝,1200,晴,良,13:05,2019-04-14,福島,11,2,4,2014100059,スズレジーム,牝5,55,01091,丹内祐次,1:10.3,クビ,12-11,35.4,142.4,15,452(+8),00412,[東]高橋裕,591033,森達郎,,,,,,,,,,,,"(*2,3)11,8(1,13)12(5,14)7,16(4,6)(10,15)9",12,2,3.0,False,"2,3,8,12,1(5,7,13)(11,16)(4,14)(6,10,15)-9",11,2,6.0,False,-3,前日と同レベルで、いくらか速めの時計が出る馬場。
201903010407,7,4歳以上500万下,芝,1200,晴,良,13:05,2019-04-14,福島,12,5,10,2015102870,トーホウガーベラ,牝4,54,01165,森裕太朗,1:10.5,1.1/4,14-13,35.4,24.0,9,444(0),01049,[西]南井克巳,965800,東豊物産,,,,,,,,,,,,"(*2,3)11,8(1,13)12(5,14)7,16(4,6)(10,15)9",14,2,3.0,False,"2,3,8,12,1(5,7,13)(11,16)(4,14)(6,10,15)-9",13,3,6.0,False,-3,前日と同レベルで、いくらか速めの時計が出る馬場。
201903010407,7,4歳以上500万下,芝,1200,晴,良,13:05,2019-04-14,福島,13,3,6,2015100788,レッドアマポーラ,牝4,52,01167,木幡育也,1:11.1,3.1/2,12-13,36.1,83.1,13,456(-8),01024,[東]萱野浩二,358031,紅露純,,,,,,,,,,,,"(*2,3)11,8(1,13)12(5,14)7,16(4,6)(10,15)9",12,2,3.0,False,"2,3,8,12,1(5,7,13)(11,16)(4,14)(6,10,15)-9",13,3,6.0,False,-3,前日と同レベルで、いくらか速めの時計が出る馬場。
201903010407,7,4歳以上500万下,芝,1200,晴,良,13:05,2019-04-14,福島,14,8,15,2015101833,ディーズエフォート,牝4,55,01149,伴啓太,1:11.2,クビ,14-13,36.1,267.2,16,452(0),00436,[東]堀井雅広,740800,浜本牧場,,,,,,,,,,,,"(*2,3)11,8(1,13)12(5,14)7,16(4,6)(10,15)9",14,2,3.0,False,"2,3,8,12,1(5,7,13)(11,16)(4,14)(6,10,15)-9",13,3,6.0,False,-3,前日と同レベルで、いくらか速めの時計が出る馬場。
201903010407,7,4歳以上500万下,芝,1200,晴,良,13:05,2019-04-14,福島,15,7,13,2015104674,ポップスフラッシュ,牝4,55,05243,柴山雄一,1:11.3,3/4,5-6,37.0,77.0,12,438(+4),01051,[東]岩戸孝樹,268008,小田吉男,,,,,,,,,,,,"(*2,3)11,8(1,13)12(5,14)7,16(4,6)(10,15)9",5,2,1.5,False,"2,3,8,12,1(5,7,13)(11,16)(4,14)(6,10,15)-9",6,3,6.0,False,-3,前日と同レベルで、いくらか速めの時計が出る馬場。
201903010407,7,4歳以上500万下,芝,1200,晴,良,13:05,2019-04-14,福島,16,6,11,2015105510,カクカクシカジーカ,牝4,55,01143,原田和真,1:12.5,7,3-9,38.4,132.2,14,418(-8),01010,[東]中野栄治,247030,芳賀克也,,,,,,,,,,,,"(*2,3)11,8(1,13)12(5,14)7,16(4,6)(10,15)9",3,1,0.0,False,"2,3,8,12,1(5,7,13)(11,16)(4,14)(6,10,15)-9",9,2,6.0,False,-3,前日と同レベルで、いくらか速めの時計が出る馬場。
201903010408,8,4歳以上500万下,ダ,1700,晴,良,13:35,2019-04-14,福島,1,3,5,2014103733,インペリオアスール,セ5,56,01166,川又賢治,1:47.0,,2-1-1-1,39.3,5.1,3,496(-6),01155,[西]渡辺薫彦,506800,シルクレーシング,750.0,"(5,10,*14)-(7,12)15,8(2,13)11-(3,9,6)4-1",2,3,0.0,False,"(*5,10)14-7,12,15(2,8)(11,13)(9,6)-(3,4)-1",1,2,0.0,True,"(*5,15)(10,14)(7,12)(2,11)(8,6)9(13,4)1=3",1,2,0.0,True,"5,15(10,7,14)(2,12,11)6(9,8,4)(13,1)-3",1,1,0.0,False,4,
201903010408,8,4歳以上500万下,ダ,1700,晴,良,13:35,2019-04-14,福島,2,6,11,2013102117,オーシャンビュー,牡6,54,01178,斎藤新,1:47.1,1/2,10-9-7-6,38.7,15.4,7,452(-2),01031,[東]伊藤伸一,609009,冨沢敦子,300.0,"(5,10,*14)-(7,12)15,8(2,13)11-(3,9,6)4-1",10,1,5.0,False,"(*5,10)14-7,12,15(2,8)(11,13)(9,6)-(3,4)-1",9,2,6.5,False,"(*5,15)(10,14)(7,12)(2,11)(8,6)9(13,4)1=3",7,2,0.0,False,"5,15(10,7,14)(2,12,11)6(9,8,4)(13,1)-3",6,3,1.5,False,4,
201903010408,8,4歳以上500万下,ダ,1700,晴,良,13:35,2019-04-14,福島,3,4,6,2015104358,フラワーストリーム,セ4,56,01170,横山武史,1:47.1,クビ,11-11-9-9,38.4,10.3,6,458(-8),01150,[東]池上昌和,205033,花村誠,190.0,"(5,10,*14)-(7,12)15,8(2,13)11-(3,9,6)4-1",11,3,8.5,False,"(*5,10)14-7,12,15(2,8)(11,13)(9,6)-(3,4)-1",11,2,6.5,False,"(*5,15)(10,14)(7,12)(2,11)(8,6)9(13,4)1=3",9,2,0.0,False,"5,15(10,7,14)(2,12,11)6(9,8,4)(13,1)-3",9,1,1.5,False,4,
201903010408,8,4歳以上500万下,ダ,1700,晴,良,13:35,2019-04-14,福島,4,4,7,2015103414,サンライズローリエ,牡4,56,01165,森裕太朗,1:47.4,1.1/2,4-4-5-3,39.2,8.0,5,460(+2),01091,[西]羽月友彦,306008,松岡隆雄,110.0,"(5,10,*14)-(7,12)15,8(2,13)11-(3,9,6)4-1",4,2,3.5,False,"(*5,10)14-7,12,15(2,8)(11,13)(9,6)-(3,4)-1",4,1,3.5,False,"(*5,15)(10,14)(7,12)(2,11)(8,6)9(13,4)1=3",5,2,0.0,False,"5,15(10,7,14)(2,12,11)6(9,8,4)(13,1)-3",3,3,1.5,False,4,
201903010408,8,4歳以上500万下,ダ,1700,晴,良,13:35,2019-04-14,福島,5,3,4,2013103908,ウエスタンボルト,セ6,57,01155,義英真,1:47.6,1.1/2,14-13-12-10,38.5,69.8,13,480(+2),01125,[東]小野次郎,929006,西川賢,75.0,"(5,10,*14)-(7,12)15,8(2,13)11-(3,9,6)4-1",14,1,8.5,False,"(*5,10)14-7,12,15(2,8)(11,13)(9,6)-(3,4)-1",13,2,10.0,False,"(*5,15)(10,14)(7,12)(2,11)(8,6)9(13,4)1=3",12,2,0.0,False,"5,15(10,7,14)(2,12,11)6(9,8,4)(13,1)-3",10,3,1.5,False,4,
201903010408,8,4歳以上500万下,ダ,1700,晴,良,13:35,2019-04-14,福島,6,8,15,2015102375,ロードザナドゥ,牡4,57,01157,鮫島克駿,1:47.9,2,6-6-2-2,40.1,22.7,8,478(-10),00362,[西]橋田満,170800,ロードホースクラブ,,"(5,10,*14)-(7,12)15,8(2,13)11-(3,9,6)4-1",6,1,3.5,False,"(*5,10)14-7,12,15(2,8)(11,13)(9,6)-(3,4)-1",6,1,6.5,False,"(*5,15)(10,14)(7,12)(2,11)(8,6)9(13,4)1=3",2,2,0.0,False,"5,15(10,7,14)(2,12,11)6(9,8,4)(13,1)-3",2,1,1.5,False,4,
201903010408,8,4歳以上500万下,ダ,1700,晴,良,13:35,2019-04-14,福島,7,1,1,2015106102,ネコマヒカ,牡4,54,01173,山田敬士,1:48.1,3/4,15-15-14-13,38.9,30.6,9,518(-2),01030,[東]星野忍,152031,桐谷敏子,,"(5,10,*14)-(7,12)15,8(2,13)11-(3,9,6)4-1",15,1,12.0,False,"(*5,10)14-7,12,15(2,8)(11,13)(9,6)-(3,4)-1",15,1,13.5,False,"(*5,15)(10,14)(7,12)(2,11)(8,6)9(13,4)1=3",14,1,0.0,False,"5,15(10,7,14)(2,12,11)6(9,8,4)(13,1)-3",13,2,1.5,False,4,
201903010408,8,4歳以上500万下,ダ,1700,晴,良,13:35,2019-04-14,福島,8,2,2,2015100019,ワイズワン,牡4,55,01171,西村淳也,1:48.1,クビ,8-7-7-6,39.7,4.0,1,494(-8),01154,[西]橋口慎介,675030,林正道,,"(5,10,*14)-(7,12)15,8(2,13)11-(3,9,6)4-1",8,2,5.0,False,"(*5,10)14-7,12,15(2,8)(11,13)(9,6)-(3,4)-1",7,2,6.5,False,"(*5,15)(10,14)(7,12)(2,11)(8,6)9(13,4)1=3",7,2,0.0,False,"5,15(10,7,14)(2,12,11)6(9,8,4)(13,1)-3",6,3,1.5,False,4,
201903010408,8,4歳以上500万下,ダ,1700,晴,良,13:35,2019-04-14,福島,9,7,12,2013105383,チビノヴァルタン,牝6,52,01164,藤田菜七,1:48.1,ハナ,4-5-5-6,39.9,4.7,2,450(+2),01127,[東]栗田徹,993033,梅澤明,,"(5,10,*14)-(7,12)15,8(2,13)11-(3,9,6)4-1",4,2,3.5,False,"(*5,10)14-7,12,15(2,8)(11,13)(9,6)-(3,4)-1",5,1,5.0,False,"(*5,15)(10,14)(7,12)(2,11)(8,6)9(13,4)1=3",5,2,0.0,False,"5,15(10,7,14)(2,12,11)6(9,8,4)(13,1)-3",6,3,1.5,False,4,
201903010408,8,4歳以上500万下,ダ,1700,晴,良,13:35,2019-04-14,福島,10,8,14,2015103373,カナメ,牡4,57,01151,井上敏樹,1:48.3,1.1/4,1-3-3-3,40.3,36.5,10,550(-2),01109,[東]伊藤大士,960030,玉腰勇吉,,"(5,10,*14)-(7,12)15,8(2,13)11-(3,9,6)4-1",1,3,0.0,True,"(*5,10)14-7,12,15(2,8)(11,13)(9,6)-(3,4)-1",3,1,0.0,False,"(*5,15)(10,14)(7,12)(2,11)(8,6)9(13,4)1=3",3,2,0.0,False,"5,15(10,7,14)(2,12,11)6(9,8,4)(13,1)-3",3,3,1.5,False,4,
201903010408,8,4歳以上500万下,ダ,1700,晴,良,13:35,2019-04-14,福島,11,5,9,2015100732,コスモグラトナス,牡4,57,01153,木幡初也,1:48.7,2.1/2,11-11-11-10,39.9,70.5,14,452(-8),00359,[東]高橋祥泰,716800,ビッグレッドファーム,,"(5,10,*14)-(7,12)15,8(2,13)11-(3,9,6)4-1",11,3,8.5,False,"(*5,10)14-7,12,15(2,8)(11,13)(9,6)-(3,4)-1",11,2,6.5,False,"(*5,15)(10,14)(7,12)(2,11)(8,6)9(13,4)1=3",11,1,0.0,False,"5,15(10,7,14)(2,12,11)6(9,8,4)(13,1)-3",10,3,1.5,False,4,
201903010408,8,4歳以上500万下,ダ,1700,晴,良,13:35,2019-04-14,福島,12,7,13,2015100782,サクラトップスター,牡4,54,01180,団野大成,1:48.8,クビ,8-9-12-13,39.8,38.8,11,460(-2),01074,[東]奥平雅士,018803,トップフェロウ,,"(5,10,*14)-(7,12)15,8(2,13)11-(3,9,6)4-1",8,2,5.0,False,"(*5,10)14-7,12,15(2,8)(11,13)(9,6)-(3,4)-1",9,2,6.5,False,"(*5,15)(10,14)(7,12)(2,11)(8,6)9(13,4)1=3",12,2,0.0,False,"5,15(10,7,14)(2,12,11)6(9,8,4)(13,1)-3",13,2,1.5,False,4,
201903010408,8,4歳以上500万下,ダ,1700,晴,良,13:35,2019-04-14,福島,13,5,8,2014101831,ラッシュバンガード,牡5,54,01174,岩田望来,1:49.2,2.1/2,7-7-9-10,40.6,143.0,15,456(-4),01067,[東]久保田貴,038033,柳内光子,,"(5,10,*14)-(7,12)15,8(2,13)11-(3,9,6)4-1",7,1,5.0,False,"(*5,10)14-7,12,15(2,8)(11,13)(9,6)-(3,4)-1",7,2,6.5,False,"(*5,15)(10,14)(7,12)(2,11)(8,6)9(13,4)1=3",9,2,0.0,False,"5,15(10,7,14)(2,12,11)6(9,8,4)(13,1)-3",10,3,1.5,False,4,
201903010408,8,4歳以上500万下,ダ,1700,晴,良,13:35,2019-04-14,福島,14,2,3,2015106180,サージュミノル,牡4,57,01146,岩崎翼,1:49.3,1/2,11-13-15-15,39.3,7.7,4,472(-6),01099,[西]本田優,265008,吉岡實,,"(5,10,*14)-(7,12)15,8(2,13)11-(3,9,6)4-1",11,3,8.5,False,"(*5,10)14-7,12,15(2,8)(11,13)(9,6)-(3,4)-1",13,2,10.0,False,"(*5,15)(10,14)(7,12)(2,11)(8,6)9(13,4)1=3",15,1,6.0,False,"5,15(10,7,14)(2,12,11)6(9,8,4)(13,1)-3",15,1,5.0,False,4,
201903010408,8,4歳以上500万下,ダ,1700,晴,良,13:35,2019-04-14,福島,15,6,10,2015101319,コールドターキー,牡4,54,01176,亀田温心,1:50.2,5,2-2-3-3,42.2,46.4,12,452(-6),01035,[東]佐藤吉勝,768006,薪浦亨,,"(5,10,*14)-(7,12)15,8(2,13)11-(3,9,6)4-1",2,3,0.0,False,"(*5,10)14-7,12,15(2,8)(11,13)(9,6)-(3,4)-1",2,2,0.0,False,"(*5,15)(10,14)(7,12)(2,11)(8,6)9(13,4)1=3",3,2,0.0,False,"5,15(10,7,14)(2,12,11)6(9,8,4)(13,1)-3",3,3,1.5,False,4,
201903010409,9,4歳以上500万下,ダ,1150,晴,良,14:05,2019-04-14,福島,1,6,11,2015101830,コウエイアンカ,セ4,56,01170,横山武史,1:08.6,,7-5,36.6,3.8,1,478(-6),00427,[西]森秀行,495005,伊東政清,750.0,,,,,,,,,,,"(*5,6)(3,7)(12,16)(8,11)(1,2)(14,15)-10(4,9)-13",7,2,0.0,False,"(*5,6)(3,7)(8,11)16(1,12,2)-(14,15)4,10(13,9)",5,2,0.0,False,4,
201903010409,9,4歳以上500万下,ダ,1150,晴,良,14:05,2019-04-14,福島,2,2,3,2014110082,パンサーバローズ,牡5,57,01127,丸山元気,1:08.8,1.1/4,3-3,37.2,7.9,5,500(+2),01053,[西]角居勝彦,859007,猪熊広次,300.0,,,,,,,,,,,"(*5,6)(3,7)(12,16)(8,11)(1,2)(14,15)-10(4,9)-13",3,2,0.0,False,"(*5,6)(3,7)(8,11)16(1,12,2)-(14,15)4,10(13,9)",3,2,0.0,False,4,
201903010409,9,4歳以上500万下,ダ,1150,晴,良,14:05,2019-04-14,福島,3,1,2,2014100598,ホープフルスター,牡5,57,01092,津村明秀,1:09.2,2.1/2,9-8,37.1,6.6,3,510(-6),01039,[西]中竹和也,041002,前田晋二,190.0,,,,,,,,,,,"(*5,6)(3,7)(12,16)(8,11)(1,2)(14,15)-10(4,9)-13",9,2,0.0,False,"(*5,6)(3,7)(8,11)16(1,12,2)-(14,15)4,10(13,9)",8,3,0.0,False,4,
201903010409,9,4歳以上500万下,ダ,1150,晴,良,14:05,2019-04-14,福島,4,4,8,2015101239,マリノディアナ,牝4,55,00422,内田博幸,1:09.5,1.3/4,7-5,37.5,13.6,7,434(-10),01094,[東]水野貴広,817033,和田志保,110.0,,,,,,,,,,,"(*5,6)(3,7)(12,16)(8,11)(1,2)(14,15)-10(4,9)-13",7,2,0.0,False,"(*5,6)(3,7)(8,11)16(1,12,2)-(14,15)4,10(13,9)",5,2,0.0,False,4,
201903010409,9,4歳以上500万下,ダ,1150,晴,良,14:05,2019-04-14,福島,5,8,16,2015101178,レナータ,牝4,55,01157,鮫島克駿,1:09.5,クビ,5-7,37.6,24.4,8,444(-6),01085,[西]小崎憲,563030,村上卓史,75.0,,,,,,,,,,,"(*5,6)(3,7)(12,16)(8,11)(1,2)(14,15)-10(4,9)-13",5,2,0.0,False,"(*5,6)(3,7)(8,11)16(1,12,2)-(14,15)4,10(13,9)",7,1,0.0,False,4,
201903010409,9,4歳以上500万下,ダ,1150,晴,良,14:05,2019-04-14,福島,6,7,13,2014101708,ホワイトソニック,牡5,54,01173,山田敬士,1:09.6,クビ,16-15,36.2,55.5,13,466(-2),01005,[東]小桧山悟,270006,島川隆哉,,,,,,,,,,,,"(*5,6)(3,7)(12,16)(8,11)(1,2)(14,15)-10(4,9)-13",16,1,7.0,False,"(*5,6)(3,7)(8,11)16(1,12,2)-(14,15)4,10(13,9)",15,2,5.0,False,4,
201903010409,9,4歳以上500万下,ダ,1150,晴,良,14:05,2019-04-14,福島,7,1,1,2015102663,ブライトエンパイア,牡4,54,01178,斎藤新,1:09.6,クビ,9-8,37.4,4.6,2,440(-2),00411,[西]浅見秀一,053803,杉山忠国,,,,,,,,,,,,"(*5,6)(3,7)(12,16)(8,11)(1,2)(14,15)-10(4,9)-13",9,2,0.0,False,"(*5,6)(3,7)(8,11)16(1,12,2)-(14,15)4,10(13,9)",8,3,0.0,False,4,
201903010409,9,4歳以上500万下,ダ,1150,晴,良,14:05,2019-04-14,福島,8,5,10,2014100256,バナナボート,牡5,54,01164,藤田菜七,1:09.7,クビ,13-14,37.0,41.6,10,434(+6),01030,[東]星野忍,855030,田頭勇貴,,,,,,,,,,,,"(*5,6)(3,7)(12,16)(8,11)(1,2)(14,15)-10(4,9)-13",13,1,3.5,False,"(*5,6)(3,7)(8,11)16(1,12,2)-(14,15)4,10(13,9)",14,1,5.0,False,4,
201903010409,9,4歳以上500万下,ダ,1150,晴,良,14:05,2019-04-14,福島,9,5,9,2014102886,メガポリゴン,牡5,57,01117,丸田恭介,1:09.7,クビ,14-15,36.9,44.1,11,530(-10),00420,[東]宗像義忠,960006,薗部博之,,,,,,,,,,,,"(*5,6)(3,7)(12,16)(8,11)(1,2)(14,15)-10(4,9)-13",14,2,3.5,False,"(*5,6)(3,7)(8,11)16(1,12,2)-(14,15)4,10(13,9)",15,2,5.0,False,4,
201903010409,9,4歳以上500万下,ダ,1150,晴,良,14:05,2019-04-14,福島,10,7,14,2014105420,アクアリオ,牝5,55,00684,田中勝春,1:10.0,1.3/4,11-11,37.7,160.6,16,444(-4),01112,[東]田島俊明,338007,村野康司,,,,,,,,,,,,"(*5,6)(3,7)(12,16)(8,11)(1,2)(14,15)-10(4,9)-13",11,2,0.0,False,"(*5,6)(3,7)(8,11)16(1,12,2)-(14,15)4,10(13,9)",11,2,3.5,False,4,
201903010409,9,4歳以上500万下,ダ,1150,晴,良,14:05,2019-04-14,福島,11,2,4,2015103922,ルクスムンディー,牡4,57,01112,荻野琢真,1:10.0,ハナ,14-13,37.2,94.5,15,516(-2),01158,[西]寺島良,948006,前田幸治,,,,,,,,,,,,"(*5,6)(3,7)(12,16)(8,11)(1,2)(14,15)-10(4,9)-13",14,2,3.5,False,"(*5,6)(3,7)(8,11)16(1,12,2)-(14,15)4,10(13,9)",13,1,3.5,False,4,
201903010409,9,4歳以上500万下,ダ,1150,晴,良,14:05,2019-04-14,福島,12,8,15,2014101340,ロマンスマジック,牝5,55,01135,杉原誠人,1:10.0,クビ,11-11,37.7,35.9,9,438(-14),01074,[東]奥平雅士,629800,ミルファーム,,,,,,,,,,,,"(*5,6)(3,7)(12,16)(8,11)(1,2)(14,15)-10(4,9)-13",11,2,0.0,False,"(*5,6)(3,7)(8,11)16(1,12,2)-(14,15)4,10(13,9)",11,2,3.5,False,4,
201903010409,9,4歳以上500万下,ダ,1150,晴,良,14:05,2019-04-14,福島,13,4,7,2015102984,ライクアジャーニー,牝4,54,01166,川又賢治,1:10.5,3,3-3,38.9,46.6,12,460(-10),01130,[西]吉村圭司,858800,大塚亮一,,,,,,,,,,,,"(*5,6)(3,7)(12,16)(8,11)(1,2)(14,15)-10(4,9)-13",3,2,0.0,False,"(*5,6)(3,7)(8,11)16(1,12,2)-(14,15)4,10(13,9)",3,2,0.0,False,4,
201903010409,9,4歳以上500万下,ダ,1150,晴,良,14:05,2019-04-14,福島,14,3,5,2015104423,セレナライティア,牝4,54,01168,富田暁,1:10.6,1/2,1-1,39.3,63.1,14,448(+2),01116,[東]新開幸一,440007,島川利子,,,,,,,,,,,,"(*5,6)(3,7)(12,16)(8,11)(1,2)(14,15)-10(4,9)-13",1,2,0.0,True,"(*5,6)(3,7)(8,11)16(1,12,2)-(14,15)4,10(13,9)",1,2,0.0,True,4,
201903010409,9,4歳以上500万下,ダ,1150,晴,良,14:05,2019-04-14,福島,15,3,6,2015103544,トリプルレインボー,セ4,57,00641,柴田善臣,1:10.7,クビ,2-2,39.3,7.4,4,470(-8),01012,[東]大江原哲,851009,岡田牧雄,,,,,,,,,,,,"(*5,6)(3,7)(12,16)(8,11)(1,2)(14,15)-10(4,9)-13",2,2,0.0,False,"(*5,6)(3,7)(8,11)16(1,12,2)-(14,15)4,10(13,9)",2,2,0.0,False,4,
201903010409,9,4歳以上500万下,ダ,1150,晴,良,14:05,2019-04-14,福島,16,6,12,2015101535,ラカマロネス,牝4,53,01171,西村淳也,1:11.2,3,5-8,39.3,9.8,6,440(-15),01066,[西]岡田稲男,798008,一村哲也,,,,,,,,,,,,"(*5,6)(3,7)(12,16)(8,11)(1,2)(14,15)-10(4,9)-13",5,2,0.0,False,"(*5,6)(3,7)(8,11)16(1,12,2)-(14,15)4,10(13,9)",8,3,0.0,False,4,
201903010410,10,医王寺特別(1勝),芝,1200,晴,良,14:40,2019-04-14,福島,1,2,3,2015102413,グッドジュエリー,牝4,55,01117,丸田恭介,1:09.5,,9-6,34.9,6.1,3,448(-10),00436,[東]堀井雅広,895002,長谷川光司,"1,093.4",,,,,,,,,,,"7(9,14)(1,2,15)(8,12)(3,5,10)-(11,13)(4,6)-16",9,3,0.0,False,"7(1,9,14)2(3,8,15)(5,10)(12,11)(4,6)13,16",6,3,0.0,False,-3,前日と同レベルで、いくらか速めの時計が出る馬場。
201903010410,10,医王寺特別(1勝),芝,1200,晴,良,14:40,2019-04-14,福島,2,1,1,2014105700,シャインサンデー,牝5,55,01170,横山武史,1:09.5,ハナ,4-2,35.2,4.2,2,422(+2),01059,[東]加藤征弘,748009,森保彦,432.4,,,,,,,,,,,"7(9,14)(1,2,15)(8,12)(3,5,10)-(11,13)(4,6)-16",4,3,0.0,False,"7(1,9,14)2(3,8,15)(5,10)(12,11)(4,6)13,16",2,3,0.0,False,-3,前日と同レベルで、いくらか速めの時計が出る馬場。
201903010410,10,医王寺特別(1勝),芝,1200,晴,良,14:40,2019-04-14,福島,3,4,7,2014105389,ドロウアカード,牝5,55,01019,秋山真一,1:09.6,3/4,1-1,35.5,3.9,1,464(-6),01121,[西]角田晃一,808800,Ｇ１レーシング,266.2,,,,,,,,,,,"7(9,14)(1,2,15)(8,12)(3,5,10)-(11,13)(4,6)-16",1,1,0.0,False,"7(1,9,14)2(3,8,15)(5,10)(12,11)(4,6)13,16",1,1,0.0,False,-3,前日と同レベルで、いくらか速めの時計が出る馬場。
201903010410,10,医王寺特別(1勝),芝,1200,晴,良,14:40,2019-04-14,福島,4,6,11,2013106425,ハートイズハート,牡6,57,00422,内田博幸,1:09.8,1.1/2,12-11,34.8,63.1,13,464(0),01010,[東]中野栄治,263006,北村和江,160.0,,,,,,,,,,,"7(9,14)(1,2,15)(8,12)(3,5,10)-(11,13)(4,6)-16",12,2,3.5,False,"7(1,9,14)2(3,8,15)(5,10)(12,11)(4,6)13,16",11,2,0.0,False,-3,前日と同レベルで、いくらか速めの時計が出る馬場。
201903010410,10,医王寺特別(1勝),芝,1200,晴,良,14:40,2019-04-14,福島,5,3,5,2014103399,メイショウベルボン,牝5,55,01171,西村淳也,1:10.0,1.1/4,9-9,35.3,18.7,8,446(+4),01049,[西]南井克巳,523005,松本好雄,105.0,,,,,,,,,,,"7(9,14)(1,2,15)(8,12)(3,5,10)-(11,13)(4,6)-16",9,3,0.0,False,"7(1,9,14)2(3,8,15)(5,10)(12,11)(4,6)13,16",9,2,0.0,False,-3,前日と同レベルで、いくらか速めの時計が出る馬場。
201903010410,10,医王寺特別(1勝),芝,1200,晴,良,14:40,2019-04-14,福島,6,3,6,2014100609,マジョラム,牝5,55,01157,鮫島克駿,1:10.2,1.1/4,14-13,35.0,26.4,10,450(0),01073,[西]宮本博,788800,ノースヒルズ,,,,,,,,,,,,"7(9,14)(1,2,15)(8,12)(3,5,10)-(11,13)(4,6)-16",14,2,3.5,False,"7(1,9,14)2(3,8,15)(5,10)(12,11)(4,6)13,16",13,2,0.0,False,-3,前日と同レベルで、いくらか速めの時計が出る馬場。
201903010410,10,医王寺特別(1勝),芝,1200,晴,良,14:40,2019-04-14,福島,7,5,10,2015104414,ダンシングチコ,牝4,55,00663,蛯名正義,1:10.2,ハナ,9-9,35.5,8.2,5,472(+4),01102,[東]大竹正博,812008,石瀬浩三,,,,,,,,,,,,"7(9,14)(1,2,15)(8,12)(3,5,10)-(11,13)(4,6)-16",9,3,0.0,False,"7(1,9,14)2(3,8,15)(5,10)(12,11)(4,6)13,16",9,2,0.0,False,-3,前日と同レベルで、いくらか速めの時計が出る馬場。
201903010410,10,医王寺特別(1勝),芝,1200,晴,良,14:40,2019-04-14,福島,8,8,16,2015105788,ソルフェージュ,牡4,57,01166,川又賢治,1:10.3,3/4,16-16,34.8,127.1,15,430(-2),01085,[西]小崎憲,542800,ライオンレースホース,,,,,,,,,,,,"7(9,14)(1,2,15)(8,12)(3,5,10)-(11,13)(4,6)-16",16,1,7.0,False,"7(1,9,14)2(3,8,15)(5,10)(12,11)(4,6)13,16",16,1,1.5,False,-3,前日と同レベルで、いくらか速めの時計が出る馬場。
201903010410,10,医王寺特別(1勝),芝,1200,晴,良,14:40,2019-04-14,福島,9,5,9,2015104546,エイカイマドンナ,牝4,55,01174,岩田望来,1:10.3,アタマ,2-2,36.1,30.8,11,442(-6),01055,[西]藤原英昭,683033,二木英徳,,,,,,,,,,,,"7(9,14)(1,2,15)(8,12)(3,5,10)-(11,13)(4,6)-16",2,2,0.0,False,"7(1,9,14)2(3,8,15)(5,10)(12,11)(4,6)13,16",2,3,0.0,False,-3,前日と同レベルで、いくらか速めの時計が出る馬場。
201903010410,10,医王寺特別(1勝),芝,1200,晴,良,14:40,2019-04-14,福島,10,7,14,2015105203,セイウンミツコ,牝4,55,01091,丹内祐次,1:10.4,クビ,2-2,36.2,15.9,6,450(+4),01008,[東]杉浦宏昭,897009,西山茂行,,,,,,,,,,,,"7(9,14)(1,2,15)(8,12)(3,5,10)-(11,13)(4,6)-16",2,2,0.0,False,"7(1,9,14)2(3,8,15)(5,10)(12,11)(4,6)13,16",2,3,0.0,False,-3,前日と同レベルで、いくらか速めの時計が出る馬場。
201903010410,10,医王寺特別(1勝),芝,1200,晴,良,14:40,2019-04-14,福島,11,7,13,2015104780,リュクスポケット,牡4,57,01127,丸山元気,1:10.4,クビ,12-15,35.4,7.9,4,508(+6),01087,[西]庄野靖志,215008,田畑憲士,,,,,,,,,,,,"7(9,14)(1,2,15)(8,12)(3,5,10)-(11,13)(4,6)-16",12,2,3.5,False,"7(1,9,14)2(3,8,15)(5,10)(12,11)(4,6)13,16",15,1,0.0,False,-3,前日と同レベルで、いくらか速めの時計が出る馬場。
201903010410,10,医王寺特別(1勝),芝,1200,晴,良,14:40,2019-04-14,福島,12,1,2,2015105697,ベルガド,牡4,57,01178,斎藤新,1:10.5,クビ,4-5,36.1,105.0,14,476(-2),01142,[西]森田直行,738800,サンコウ牧場,,,,,,,,,,,,"7(9,14)(1,2,15)(8,12)(3,5,10)-(11,13)(4,6)-16",4,3,0.0,False,"7(1,9,14)2(3,8,15)(5,10)(12,11)(4,6)13,16",5,1,0.0,False,-3,前日と同レベルで、いくらか速めの時計が出る馬場。
201903010410,10,医王寺特別(1勝),芝,1200,晴,良,14:40,2019-04-14,福島,13,2,4,2015106149,マインクイーン,牝4,55,01135,杉原誠人,1:10.5,アタマ,14-13,35.3,145.1,16,410(-4),01024,[東]萱野浩二,684006,峰哲馬,,,,,,,,,,,,"7(9,14)(1,2,15)(8,12)(3,5,10)-(11,13)(4,6)-16",14,2,3.5,False,"7(1,9,14)2(3,8,15)(5,10)(12,11)(4,6)13,16",13,2,0.0,False,-3,前日と同レベルで、いくらか速めの時計が出る馬場。
201903010410,10,医王寺特別(1勝),芝,1200,晴,良,14:40,2019-04-14,福島,14,4,8,2015103361,ベルペスカ,牝4,55,01030,松田大作,1:10.6,3/4,7-6,36.1,46.0,12,474(0),01119,[東]田中剛,417030,山田信太郎,,,,,,,,,,,,"7(9,14)(1,2,15)(8,12)(3,5,10)-(11,13)(4,6)-16",7,2,0.0,False,"7(1,9,14)2(3,8,15)(5,10)(12,11)(4,6)13,16",6,3,0.0,False,-3,前日と同レベルで、いくらか速めの時計が出る馬場。
201903010410,10,医王寺特別(1勝),芝,1200,晴,良,14:40,2019-04-14,福島,15,8,15,2015102739,ウインヒストリオン,牡4,57,05243,柴山雄一,1:11.1,3,4-6,36.7,23.2,9,464(+8),00422,[西]五十嵐忠,494800,ウイン,,,,,,,,,,,,"7(9,14)(1,2,15)(8,12)(3,5,10)-(11,13)(4,6)-16",4,3,0.0,False,"7(1,9,14)2(3,8,15)(5,10)(12,11)(4,6)13,16",6,3,0.0,False,-3,前日と同レベルで、いくらか速めの時計が出る馬場。
201903010410,10,医王寺特別(1勝),芝,1200,晴,良,14:40,2019-04-14,福島,16,6,12,2015104313,ブルーハワイアン,牝4,55,00684,田中勝春,1:12.0,5,7-11,37.5,16.4,7,458(-4),01112,[東]田島俊明,338007,村野康司,,,,,,,,,,,,"7(9,14)(1,2,15)(8,12)(3,5,10)-(11,13)(4,6)-16",7,2,0.0,False,"7(1,9,14)2(3,8,15)(5,10)(12,11)(4,6)13,16",11,2,0.0,False,-3,前日と同レベルで、いくらか速めの時計が出る馬場。
201903010411,11,福島民報杯(L),芝,2000,曇,良,15:20,2019-04-14,福島,1,7,13,2014101558,レッドローゼス,牡5,54,00663,蛯名正義,1:58.6,,11-11-9-3,36.1,4.6,1,486(0),00399,[東]国枝栄,180800,東京ホースレーシング,"2,631.5","(*2,3)12(6,14)(9,8)-10-(4,11)13=5(1,7)-15",11,1,7.0,False,"(*2,3)12(9,6,14)8-10(4,11)13-(5,1)-7,15",11,1,3.5,False,"2(3,12)(9,6,8,14,1)(4,11,10,13)15(5,7)",9,4,0.0,False,"(*2,1)13(9,12)(8,15)(4,7)(3,6,5)(11,10)14",3,1,0.0,False,-3,前日と同レベルで、いくらか速めの時計が出る馬場。
201903010411,11,福島民報杯(L),芝,2000,曇,良,15:20,2019-04-14,福島,2,1,1,2014104386,クレッシェンドラヴ,牡5,54,00422,内田博幸,1:58.7,1/2,13-12-4-2,36.4,5.2,2,490(+2),01163,[東]林徹,553800,広尾レース,"1,009.0","(*2,3)12(6,14)(9,8)-10-(4,11)13=5(1,7)-15",13,2,13.0,False,"(*2,3)12(9,6,14)8-10(4,11)13-(5,1)-7,15",12,2,7.0,False,"2(3,12)(9,6,8,14,1)(4,11,10,13)15(5,7)",4,5,0.0,False,"(*2,1)13(9,12)(8,15)(4,7)(3,6,5)(11,10)14",2,2,0.0,False,-3,前日と同レベルで、いくらか速めの時計が出る馬場。
201903010411,11,福島民報杯(L),芝,2000,曇,良,15:20,2019-04-14,福島,3,4,7,2014104449,カデナ,牡5,56,01157,鮫島克駿,1:58.8,3/4,13-14-14-8,36.0,33.7,11,476(-12),01039,[西]中竹和也,948006,前田幸治,654.5,"(*2,3)12(6,14)(9,8)-10-(4,11)13=5(1,7)-15",13,2,13.0,False,"(*2,3)12(9,6,14)8-10(4,11)13-(5,1)-7,15",14,1,10.5,False,"2(3,12)(9,6,8,14,1)(4,11,10,13)15(5,7)",14,2,0.0,False,"(*2,1)13(9,12)(8,15)(4,7)(3,6,5)(11,10)14",8,2,0.0,False,-3,前日と同レベルで、いくらか速めの時計が出る馬場。
201903010411,11,福島民報杯(L),芝,2000,曇,良,15:20,2019-04-14,福島,4,8,15,2014105825,アウトライアーズ,牡5,54,01117,丸田恭介,1:59.1,2,15-15-13-6,36.5,14.5,7,494(-10),01068,[東]小島茂之,922030,丸山担,390.0,"(*2,3)12(6,14)(9,8)-10-(4,11)13=5(1,7)-15",15,1,16.5,False,"(*2,3)12(9,6,14)8-10(4,11)13-(5,1)-7,15",15,1,12.0,False,"2(3,12)(9,6,8,14,1)(4,11,10,13)15(5,7)",13,1,0.0,False,"(*2,1)13(9,12)(8,15)(4,7)(3,6,5)(11,10)14",6,2,0.0,False,-3,前日と同レベルで、いくらか速めの時計が出る馬場。
201903010411,11,福島民報杯(L),芝,2000,曇,良,15:20,2019-04-14,福島,5,3,5,2012103930,マイネルサージュ,牡7,56,01092,津村明秀,1:59.2,3/4,12-12-14-10,36.5,7.7,4,500(-8),01097,[東]鹿戸雄一,546800,サラブレッドクラブ・...,260.0,"(*2,3)12(6,14)(9,8)-10-(4,11)13=5(1,7)-15",12,1,13.0,False,"(*2,3)12(9,6,14)8-10(4,11)13-(5,1)-7,15",12,2,7.0,False,"2(3,12)(9,6,8,14,1)(4,11,10,13)15(5,7)",14,2,0.0,False,"(*2,1)13(9,12)(8,15)(4,7)(3,6,5)(11,10)14",10,3,0.0,False,-3,前日と同レベルで、いくらか速めの時計が出る馬場。
201903010411,11,福島民報杯(L),芝,2000,曇,良,15:20,2019-04-14,福島,6,3,4,2013109072,ミライヘノツバサ,牡6,56,01170,横山武史,1:59.3,1/2,9-9-9-8,36.8,17.0,9,496(-8),01109,[東]伊藤大士,672030,三島宣彦,,"(*2,3)12(6,14)(9,8)-10-(4,11)13=5(1,7)-15",9,2,7.0,False,"(*2,3)12(9,6,14)8-10(4,11)13-(5,1)-7,15",9,2,3.5,False,"2(3,12)(9,6,8,14,1)(4,11,10,13)15(5,7)",9,4,0.0,False,"(*2,1)13(9,12)(8,15)(4,7)(3,6,5)(11,10)14",8,2,0.0,False,-3,前日と同レベルで、いくらか速めの時計が出る馬場。
201903010411,11,福島民報杯(L),芝,2000,曇,良,15:20,2019-04-14,福島,7,2,2,2013105355,アグネスリバティ,牡6,51,01166,川又賢治,1:59.4,3/4,1-1-1-1,37.4,22.5,10,472(-16),01073,[西]宮本博,560030,渡辺公美子,,"(*2,3)12(6,14)(9,8)-10-(4,11)13=5(1,7)-15",1,2,0.0,True,"(*2,3)12(9,6,14)8-10(4,11)13-(5,1)-7,15",1,2,0.0,True,"2(3,12)(9,6,8,14,1)(4,11,10,13)15(5,7)",1,1,0.0,False,"(*2,1)13(9,12)(8,15)(4,7)(3,6,5)(11,10)14",1,2,0.0,True,-3,前日と同レベルで、いくらか速めの時計が出る馬場。
201903010411,11,福島民報杯(L),芝,2000,曇,良,15:20,2019-04-14,福島,8,5,9,2012103429,ゴールドサーベラス,牡7,54,01091,丹内祐次,1:59.7,1.1/2,6-4-4-4,37.4,36.5,12,452(-2),01080,[東]清水英克,855030,田頭勇貴,,"(*2,3)12(6,14)(9,8)-10-(4,11)13=5(1,7)-15",6,2,0.0,False,"(*2,3)12(9,6,14)8-10(4,11)13-(5,1)-7,15",4,3,0.0,False,"2(3,12)(9,6,8,14,1)(4,11,10,13)15(5,7)",4,5,0.0,False,"(*2,1)13(9,12)(8,15)(4,7)(3,6,5)(11,10)14",4,2,0.0,False,-3,前日と同レベルで、いくらか速めの時計が出る馬場。
201903010411,11,福島民報杯(L),芝,2000,曇,良,15:20,2019-04-14,福島,9,4,6,2012102157,シャイニービーム,牡7,53,01171,西村淳也,1:59.9,1.1/4,4-4-4-10,37.5,39.8,13,456(0),01091,[西]羽月友彦,531006,小林昌志,,"(*2,3)12(6,14)(9,8)-10-(4,11)13=5(1,7)-15",4,2,0.0,False,"(*2,3)12(9,6,14)8-10(4,11)13-(5,1)-7,15",4,3,0.0,False,"2(3,12)(9,6,8,14,1)(4,11,10,13)15(5,7)",4,5,0.0,False,"(*2,1)13(9,12)(8,15)(4,7)(3,6,5)(11,10)14",10,3,0.0,False,-3,前日と同レベルで、いくらか速めの時計が出る馬場。
201903010411,11,福島民報杯(L),芝,2000,曇,良,15:20,2019-04-14,福島,10,6,10,2013105646,マウントゴールド,牡6,56,01127,丸山元気,1:59.9,アタマ,8-8-9-13,37.4,5.8,3,444(-8),01071,[西]池江泰寿,831800,青芝商事,,"(*2,3)12(6,14)(9,8)-10-(4,11)13=5(1,7)-15",8,1,3.5,False,"(*2,3)12(9,6,14)8-10(4,11)13-(5,1)-7,15",8,1,3.5,False,"2(3,12)(9,6,8,14,1)(4,11,10,13)15(5,7)",9,4,0.0,False,"(*2,1)13(9,12)(8,15)(4,7)(3,6,5)(11,10)14",13,2,0.0,False,-3,前日と同レベルで、いくらか速めの時計が出る馬場。
201903010411,11,福島民報杯(L),芝,2000,曇,良,15:20,2019-04-14,福島,11,6,11,2012105419,スズカディープ,セ7,53,01146,岩崎翼,1:59.9,ハナ,9-9-9-13,37.4,71.0,14,420(-2),00362,[西]橋田満,382004,永井啓弍,,"(*2,3)12(6,14)(9,8)-10-(4,11)13=5(1,7)-15",9,2,7.0,False,"(*2,3)12(9,6,14)8-10(4,11)13-(5,1)-7,15",9,2,3.5,False,"2(3,12)(9,6,8,14,1)(4,11,10,13)15(5,7)",9,4,0.0,False,"(*2,1)13(9,12)(8,15)(4,7)(3,6,5)(11,10)14",13,2,0.0,False,-3,前日と同レベルで、いくらか速めの時計が出る馬場。
201903010411,11,福島民報杯(L),芝,2000,曇,良,15:20,2019-04-14,福島,12,5,8,2013105872,アーバンキッド,牡6,54,05243,柴山雄一,2:00.2,1.3/4,6-7-4-6,37.9,14.6,8,476(-12),01086,[東]斎藤誠,226800,サンデーレーシング,,"(*2,3)12(6,14)(9,8)-10-(4,11)13=5(1,7)-15",6,2,0.0,False,"(*2,3)12(9,6,14)8-10(4,11)13-(5,1)-7,15",7,1,0.0,False,"2(3,12)(9,6,8,14,1)(4,11,10,13)15(5,7)",4,5,0.0,False,"(*2,1)13(9,12)(8,15)(4,7)(3,6,5)(11,10)14",6,2,0.0,False,-3,前日と同レベルで、いくらか速めの時計が出る馬場。
201903010411,11,福島民報杯(L),芝,2000,曇,良,15:20,2019-04-14,福島,13,2,3,2015104582,ケイティクレバー,牡4,54,01019,秋山真一,2:01.7,9,2-2-2-10,39.6,10.9,6,456(0),01157,[西]杉山晴紀,083006,瀧本和義,,"(*2,3)12(6,14)(9,8)-10-(4,11)13=5(1,7)-15",2,2,0.0,False,"(*2,3)12(9,6,14)8-10(4,11)13-(5,1)-7,15",2,2,0.0,False,"2(3,12)(9,6,8,14,1)(4,11,10,13)15(5,7)",2,2,0.0,False,"(*2,1)13(9,12)(8,15)(4,7)(3,6,5)(11,10)14",10,3,0.0,False,-3,前日と同レベルで、いくらか速めの時計が出る馬場。
201903010411,11,福島民報杯(L),芝,2000,曇,良,15:20,2019-04-14,福島,14,8,14,2013105975,ドレッドノータス,セ6,56,01038,中谷雄太,2:02.0,2,4-4-4-15,39.7,9.4,5,460(+2),01075,[西]矢作芳人,486800,キャロットファーム,,"(*2,3)12(6,14)(9,8)-10-(4,11)13=5(1,7)-15",4,2,0.0,False,"(*2,3)12(9,6,14)8-10(4,11)13-(5,1)-7,15",4,3,0.0,False,"2(3,12)(9,6,8,14,1)(4,11,10,13)15(5,7)",4,5,0.0,False,"(*2,1)13(9,12)(8,15)(4,7)(3,6,5)(11,10)14",15,1,0.0,False,-3,前日と同レベルで、いくらか速めの時計が出る馬場。
201903010411,11,福島民報杯(L),芝,2000,曇,良,15:20,2019-04-14,福島,15,7,12,2011104263,サトノスティング,牡8,53,01140,横山和生,2:02.0,ハナ,3-3-2-4,39.9,136.1,15,466(+4),01063,[東]的場均,075803,サトミホースカンパニ...,,"(*2,3)12(6,14)(9,8)-10-(4,11)13=5(1,7)-15",3,1,0.0,False,"(*2,3)12(9,6,14)8-10(4,11)13-(5,1)-7,15",3,1,0.0,False,"2(3,12)(9,6,8,14,1)(4,11,10,13)15(5,7)",2,2,0.0,False,"(*2,1)13(9,12)(8,15)(4,7)(3,6,5)(11,10)14",4,2,0.0,False,-3,前日と同レベルで、いくらか速めの時計が出る馬場。
201903010412,12,奥の細道特別(2勝),芝,2600,曇,良,16:01,2019-04-14,福島,1,2,4,2015104090,サトノオンリーワン,牡4,57,01092,津村明秀,2:40.9,,8-9-8-5,36.3,6.6,3,478(-2),01070,[東]堀宣行,658033,里見治紀,"1,535.0","(*14,16)(7,12)(8,13,15)(4,5,9)(1,2)(3,11)-6-10",8,3,0.0,False,"14(16,12,15)7(8,13,9)(4,5)2,1,11,3,6-10",9,2,0.0,False,"14(16,12)7,13(8,15)(4,9,2)(3,1,5,11,6)10",8,3,1.5,False,"(*14,13,2)12(7,4)(8,11)(16,6,10)(3,1,5)15,9",5,2,0.0,False,-3,前日と同レベルで、いくらか速めの時計が出る馬場。
201903010412,12,奥の細道特別(2勝),芝,2600,曇,良,16:01,2019-04-14,福島,2,6,11,2014106037,ミヤジユウダイ,牡5,57,01004,西田雄一,2:40.9,クビ,13-13-11-7,36.1,100.3,15,540(-8),01003,[西]川村禎彦,911009,曽我司,610.0,"(*14,16)(7,12)(8,13,15)(4,5,9)(1,2)(3,11)-6-10",13,2,0.0,False,"14(16,12,15)7(8,13,9)(4,5)2,1,11,3,6-10",13,1,3.0,False,"14(16,12)7,13(8,15)(4,9,2)(3,1,5,11,6)10",11,5,1.5,False,"(*14,13,2)12(7,4)(8,11)(16,6,10)(3,1,5)15,9",7,2,0.0,False,-3,前日と同レベルで、いくらか速めの時計が出る馬場。
201903010412,12,奥の細道特別(2勝),芝,2600,曇,良,16:01,2019-04-14,福島,3,5,10,2014103123,ヒラボクビューン,セ5,57,01127,丸山元気,2:41.1,1,16-16-16-9,36.0,25.5,11,458(-12),01102,[東]大竹正博,984800,平田牧場,385.0,"(*14,16)(7,12)(8,13,15)(4,5,9)(1,2)(3,11)-6-10",16,1,7.0,False,"14(16,12,15)7(8,13,9)(4,5)2,1,11,3,6-10",16,1,9.5,False,"14(16,12)7,13(8,15)(4,9,2)(3,1,5,11,6)10",16,1,1.5,False,"(*14,13,2)12(7,4)(8,11)(16,6,10)(3,1,5)15,9",9,3,0.0,False,-3,前日と同レベルで、いくらか速めの時計が出る馬場。
201903010412,12,奥の細道特別(2勝),芝,2600,曇,良,16:01,2019-04-14,福島,4,3,5,2014105265,マスターコード,牡5,57,01157,鮫島克駿,2:41.2,1/2,8-9-11-12,36.4,3.5,1,464(-2),01130,[西]吉村圭司,808800,Ｇ１レーシング,230.0,"(*14,16)(7,12)(8,13,15)(4,5,9)(1,2)(3,11)-6-10",8,3,0.0,False,"14(16,12,15)7(8,13,9)(4,5)2,1,11,3,6-10",9,2,0.0,False,"14(16,12)7,13(8,15)(4,9,2)(3,1,5,11,6)10",11,5,1.5,False,"(*14,13,2)12(7,4)(8,11)(16,6,10)(3,1,5)15,9",12,3,0.0,False,-3,前日と同レベルで、いくらか速めの時計が出る馬場。
201903010412,12,奥の細道特別(2勝),芝,2600,曇,良,16:01,2019-04-14,福島,5,7,13,2014110001,バリングラ,セ5,57,01019,秋山真一,2:41.2,ハナ,5-6-5-2,36.8,13.1,5,524(-12),01070,[東]堀宣行,486800,キャロットファーム,150.0,"(*14,16)(7,12)(8,13,15)(4,5,9)(1,2)(3,11)-6-10",5,3,0.0,False,"14(16,12,15)7(8,13,9)(4,5)2,1,11,3,6-10",6,3,0.0,False,"14(16,12)7,13(8,15)(4,9,2)(3,1,5,11,6)10",5,1,1.5,False,"(*14,13,2)12(7,4)(8,11)(16,6,10)(3,1,5)15,9",2,3,0.0,False,-3,前日と同レベルで、いくらか速めの時計が出る馬場。
201903010412,12,奥の細道特別(2勝),芝,2600,曇,良,16:01,2019-04-14,福島,6,3,6,2013105519,スクエアフォールド,セ6,57,00422,内田博幸,2:41.5,1.3/4,15-15-11-9,36.7,14.5,7,482(+6),01023,[東]伊藤圭三,415800,社台レースホース,,"(*14,16)(7,12)(8,13,15)(4,5,9)(1,2)(3,11)-6-10",15,1,3.5,False,"14(16,12,15)7(8,13,9)(4,5)2,1,11,3,6-10",15,1,6.0,False,"14(16,12)7,13(8,15)(4,9,2)(3,1,5,11,6)10",11,5,1.5,False,"(*14,13,2)12(7,4)(8,11)(16,6,10)(3,1,5)15,9",9,3,0.0,False,-3,前日と同レベルで、いくらか速めの時計が出る馬場。
201903010412,12,奥の細道特別(2勝),芝,2600,曇,良,16:01,2019-04-14,福島,7,7,14,2014103084,エスティーム,牡5,57,01091,丹内祐次,2:41.6,1/2,1-1-1-1,37.6,79.4,14,530(+10),01132,[東]金成貴史,760008,岡田繁幸,,"(*14,16)(7,12)(8,13,15)(4,5,9)(1,2)(3,11)-6-10",1,2,0.0,True,"14(16,12,15)7(8,13,9)(4,5)2,1,11,3,6-10",1,1,0.0,False,"14(16,12)7,13(8,15)(4,9,2)(3,1,5,11,6)10",1,1,0.0,False,"(*14,13,2)12(7,4)(8,11)(16,6,10)(3,1,5)15,9",1,3,0.0,True,-3,前日と同レベルで、いくらか速めの時計が出る馬場。
201903010412,12,奥の細道特別(2勝),芝,2600,曇,良,16:01,2019-04-14,福島,8,4,8,2013104780,フォーラウェイ,牡6,57,01030,松田大作,2:41.7,1/2,5-6-6-7,37.2,37.7,12,448(+18),01078,[西]北出成人,616800,フジワラ・ファーム,,"(*14,16)(7,12)(8,13,15)(4,5,9)(1,2)(3,11)-6-10",5,3,0.0,False,"14(16,12,15)7(8,13,9)(4,5)2,1,11,3,6-10",6,3,0.0,False,"14(16,12)7,13(8,15)(4,9,2)(3,1,5,11,6)10",6,2,1.5,False,"(*14,13,2)12(7,4)(8,11)(16,6,10)(3,1,5)15,9",7,2,0.0,False,-3,前日と同レベルで、いくらか速めの時計が出る馬場。
201903010412,12,奥の細道特別(2勝),芝,2600,曇,良,16:01,2019-04-14,福島,9,1,2,2013104277,ステイブラビッシモ,牡6,57,00663,蛯名正義,2:41.7,クビ,11-11-8-2,37.1,14.2,6,458(0),01067,[東]久保田貴,909006,草間庸文,,"(*14,16)(7,12)(8,13,15)(4,5,9)(1,2)(3,11)-6-10",11,2,0.0,False,"14(16,12,15)7(8,13,9)(4,5)2,1,11,3,6-10",11,1,0.0,False,"14(16,12)7,13(8,15)(4,9,2)(3,1,5,11,6)10",8,3,1.5,False,"(*14,13,2)12(7,4)(8,11)(16,6,10)(3,1,5)15,9",2,3,0.0,False,-3,前日と同レベルで、いくらか速めの時計が出る馬場。
201903010412,12,奥の細道特別(2勝),芝,2600,曇,良,16:01,2019-04-14,福島,10,4,7,2015104658,イダエンペラー,牡4,57,01174,岩田望来,2:42.0,1.3/4,3-5-4-5,37.7,14.6,8,494(0),01055,[西]藤原英昭,031060,張一達,,"(*14,16)(7,12)(8,13,15)(4,5,9)(1,2)(3,11)-6-10",3,2,0.0,False,"14(16,12,15)7(8,13,9)(4,5)2,1,11,3,6-10",5,1,0.0,False,"14(16,12)7,13(8,15)(4,9,2)(3,1,5,11,6)10",4,1,0.0,False,"(*14,13,2)12(7,4)(8,11)(16,6,10)(3,1,5)15,9",5,2,0.0,False,-3,前日と同レベルで、いくらか速めの時計が出る馬場。
201903010412,12,奥の細道特別(2勝),芝,2600,曇,良,16:01,2019-04-14,福島,11,1,1,2013101799,シャリオヴァルト,セ6,57,05243,柴山雄一,2:42.3,1.3/4,11-12-11-12,37.5,21.0,10,444(-10),01103,[東]尾関知人,948006,前田幸治,,"(*14,16)(7,12)(8,13,15)(4,5,9)(1,2)(3,11)-6-10",11,2,0.0,False,"14(16,12,15)7(8,13,9)(4,5)2,1,11,3,6-10",12,1,1.5,False,"14(16,12)7,13(8,15)(4,9,2)(3,1,5,11,6)10",11,5,1.5,False,"(*14,13,2)12(7,4)(8,11)(16,6,10)(3,1,5)15,9",12,3,0.0,False,-3,前日と同レベルで、いくらか速めの時計が出る馬場。
201903010412,12,奥の細道特別(2勝),芝,2600,曇,良,16:01,2019-04-14,福島,12,2,3,2013104536,ヒメタチバナ,牝6,55,01117,丸田恭介,2:42.3,クビ,13-14-11-12,37.5,38.1,13,480(+8),00417,[東]土田稔,548009,岡田勇,,"(*14,16)(7,12)(8,13,15)(4,5,9)(1,2)(3,11)-6-10",13,2,0.0,False,"14(16,12,15)7(8,13,9)(4,5)2,1,11,3,6-10",14,1,4.5,False,"14(16,12)7,13(8,15)(4,9,2)(3,1,5,11,6)10",11,5,1.5,False,"(*14,13,2)12(7,4)(8,11)(16,6,10)(3,1,5)15,9",12,3,0.0,False,-3,前日と同レベルで、いくらか速めの時計が出る馬場。
201903010412,12,奥の細道特別(2勝),芝,2600,曇,良,16:01,2019-04-14,福島,13,6,12,2014100534,ウインガナドル,牡5,57,01170,横山武史,2:42.6,1.3/4,3-2-2-4,38.5,4.7,2,472(-6),00423,[東]上原博之,494800,ウイン,,"(*14,16)(7,12)(8,13,15)(4,5,9)(1,2)(3,11)-6-10",3,2,0.0,False,"14(16,12,15)7(8,13,9)(4,5)2,1,11,3,6-10",2,3,0.0,False,"14(16,12)7,13(8,15)(4,9,2)(3,1,5,11,6)10",2,2,0.0,False,"(*14,13,2)12(7,4)(8,11)(16,6,10)(3,1,5)15,9",4,1,0.0,False,-3,前日と同レベルで、いくらか速めの時計が出る馬場。
201903010412,12,奥の細道特別(2勝),芝,2600,曇,良,16:01,2019-04-14,福島,14,5,9,2013105912,トロピカルストーム,セ6,57,01166,川又賢治,2:42.9,1.1/2,8-6-8-16,38.3,20.9,9,440(-8),01148,[西]西村真幸,138007,吉田和美,,"(*14,16)(7,12)(8,13,15)(4,5,9)(1,2)(3,11)-6-10",8,3,0.0,False,"14(16,12,15)7(8,13,9)(4,5)2,1,11,3,6-10",6,3,0.0,False,"14(16,12)7,13(8,15)(4,9,2)(3,1,5,11,6)10",8,3,1.5,False,"(*14,13,2)12(7,4)(8,11)(16,6,10)(3,1,5)15,9",16,1,1.5,False,-3,前日と同レベルで、いくらか速めの時計が出る馬場。
201903010412,12,奥の細道特別(2勝),芝,2600,曇,良,16:01,2019-04-14,福島,15,8,15,2013102553,ワイルドゲーム,牡6,57,00684,田中勝春,2:44.0,7,5-2-6-15,39.5,122.1,16,496(-6),01043,[東]石栗龍彦,882800,小林英一ホールディン...,,"(*14,16)(7,12)(8,13,15)(4,5,9)(1,2)(3,11)-6-10",5,3,0.0,False,"14(16,12,15)7(8,13,9)(4,5)2,1,11,3,6-10",2,3,0.0,False,"14(16,12)7,13(8,15)(4,9,2)(3,1,5,11,6)10",6,2,1.5,False,"(*14,13,2)12(7,4)(8,11)(16,6,10)(3,1,5)15,9",15,1,0.0,False,-3,前日と同レベルで、いくらか速めの時計が出る馬場。
201903010412,12,奥の細道特別(2勝),芝,2600,曇,良,16:01,2019-04-14,福島,16,8,16,2014101640,ミルトプレスト,牡5,57,00641,柴田善臣,2:44.0,クビ,2-2-2-9,39.9,9.3,4,492(-10),01035,[東]佐藤吉勝,695033,永山勝敏,,"(*14,16)(7,12)(8,13,15)(4,5,9)(1,2)(3,11)-6-10",2,2,0.0,False,"14(16,12,15)7(8,13,9)(4,5)2,1,11,3,6-10",2,3,0.0,False,"14(16,12)7,13(8,15)(4,9,2)(3,1,5,11,6)10",2,2,0.0,False,"(*14,13,2)12(7,4)(8,11)(16,6,10)(3,1,5)15,9",9,3,0.0,False,-3,前日と同レベルで、いくらか速めの時計が出る馬場。
