race_id,race_number,race_name,surface,distance_m,weather,going,start_time,race_date,racecourse,finish_pos,waku,umaban,horse_id,horse_name,sex_age,kinryo,jockey_id,jockey_name,time,margin,passing_order,last_3f,odds_final,popularity,weight,trainer_id,trainer_name,owner_id,owner_name,prize,corner1_raw,corner1_rank,corner1_group_size,corner1_gap_len_est,corner1_is_leader,corner2_raw,corner2_rank,corner2_group_size,corner2_gap_len_est,corner2_is_leader,corner3_raw,corner3_rank,corner3_group_size,corner3_gap_len_est,corner3_is_leader,corner4_raw,corner4_rank,corner4_group_size,corner4_gap_len_est,corner4_is_leader,track_index,track_comment
201904020801,1,障害3歳以上未勝利,芝,2850,晴,良,10:00,2019-08-18,新潟,1,7,11,2013100214,クリノサンスーシ,牝6,58,00691,北沢伸也,3:05.3,,6-5-3-3,13.0,2.3,1,460(-2),01032,[西]大根田裕,970006,栗本博晴,780.0,"6,12,1-(3,8)(5,11,13)-14,10,9-7=2-4",6,3,6.5,False,"6,1-12,3(5,11,8)13-(14,9)10-7=2=4",5,3,6.5,False,"(*6,1)(3,11)-12-5-8,9-13(14,10,7)=2=4",3,2,0.0,False,"(*6,1)(3,11)-12-5-(8,9)-(13,7)10,14=2=4",3,2,0.0,False,,前日とほぼ同じ馬場差。速めの時計が出るレベルではあるが、前半3週と比べれば時計は掛かっており、高速馬場ではなかった。
201904020801,1,障害3歳以上未勝利,芝,2850,晴,良,10:00,2019-08-18,新潟,2,1,1,2015103481,コウユーホクト,牡4,60,01120,大江原圭,3:06.2,5,3-2-2-2,13.1,9.6,5,510(+6),01152,[東]竹内正洋,116033,加治屋貞光,310.0,"6,12,1-(3,8)(5,11,13)-14,10,9-7=2-4",3,1,3.0,False,"6,1-12,3(5,11,8)13-(14,9)10-7=2=4",2,1,1.5,False,"(*6,1)(3,11)-12-5-8,9-13(14,10,7)=2=4",2,2,0.0,False,"(*6,1)(3,11)-12-5-(8,9)-(13,7)10,14=2=4",2,2,0.0,False,,前日とほぼ同じ馬場差。速めの時計が出るレベルではあるが、前半3週と比べれば時計は掛かっており、高速馬場ではなかった。
201904020801,1,障害3歳以上未勝利,芝,2850,晴,良,10:00,2019-08-18,新潟,3,3,3,2012104138,ビーハグ,セ7,60,01008,山本康志,3:06.2,ハナ,4-4-3-3,13.1,127.3,12,480(+4),01100,[東]松山将樹,684030,岡田壮史,200.0,"6,12,1-(3,8)(5,11,13)-14,10,9-7=2-4",4,2,6.5,False,"6,1-12,3(5,11,8)13-(14,9)10-7=2=4",4,1,6.5,False,"(*6,1)(3,11)-12-5-8,9-13(14,10,7)=2=4",3,2,0.0,False,"(*6,1)(3,11)-12-5-(8,9)-(13,7)10,14=2=4",3,2,0.0,False,,前日とほぼ同じ馬場差。速めの時計が出るレベルではあるが、前半3週と比べれば時計は掛かっており、高速馬場ではなかった。
201904020801,1,障害3歳以上未勝利,芝,2850,晴,良,10:00,2019-08-18,新潟,4,4,6,2015103569,ラインマッシモ,牡4,60,01113,草野太郎,3:06.3,3/4,1-1-1-1,13.1,127.1,11,468(-4),01131,[東]蛯名利弘,796002,大澤繁昌,120.0,"6,12,1-(3,8)(5,11,13)-14,10,9-7=2-4",1,1,0.0,False,"6,1-12,3(5,11,8)13-(14,9)10-7=2=4",1,1,0.0,False,"(*6,1)(3,11)-12-5-8,9-13(14,10,7)=2=4",1,2,0.0,True,"(*6,1)(3,11)-12-5-(8,9)-(13,7)10,14=2=4",1,2,0.0,True,,前日とほぼ同じ馬場差。速めの時計が出るレベルではあるが、前半3週と比べれば時計は掛かっており、高速馬場ではなかった。
201904020801,1,障害3歳以上未勝利,芝,2850,晴,良,10:00,2019-08-18,新潟,5,7,12,2013101292,ラテールプロミーズ,セ6,60,01069,五十嵐雄,3:06.5,1.1/4,2-3-5-5,13.1,4.1,2,514(+12),01027,[東]田村康仁,013803,ディアレストクラブ,78.0,"6,12,1-(3,8)(5,11,13)-14,10,9-7=2-4",2,1,1.5,False,"6,1-12,3(5,11,8)13-(14,9)10-7=2=4",3,1,5.0,False,"(*6,1)(3,11)-12-5-8,9-13(14,10,7)=2=4",5,1,3.5,False,"(*6,1)(3,11)-12-5-(8,9)-(13,7)10,14=2=4",5,1,3.5,False,,前日とほぼ同じ馬場差。速めの時計が出るレベルではあるが、前半3週と比べれば時計は掛かっており、高速馬場ではなかった。
201904020801,1,障害3歳以上未勝利,芝,2850,晴,良,10:00,2019-08-18,新潟,6,6,9,2013101162,コウキチョウサン,牡6,60,01059,石神深一,3:06.7,1,11-9-8-7,13.1,6.3,3,466(-2),01114,[東]和田正一,892800,チョウサン,,"6,12,1-(3,8)(5,11,13)-14,10,9-7=2-4",11,1,13.0,False,"6,1-12,3(5,11,8)13-(14,9)10-7=2=4",9,2,10.0,False,"(*6,1)(3,11)-12-5-8,9-13(14,10,7)=2=4",8,1,12.0,False,"(*6,1)(3,11)-12-5-(8,9)-(13,7)10,14=2=4",7,2,10.5,False,,前日とほぼ同じ馬場差。速めの時計が出るレベルではあるが、前半3週と比べれば時計は掛かっており、高速馬場ではなかった。
201904020801,1,障害3歳以上未勝利,芝,2850,晴,良,10:00,2019-08-18,新潟,7,5,7,2012105800,キールコネクション,牡7,60,01023,江田勇亮,3:07.1,2.1/2,12-12-10-9,13.1,21.1,6,482(+2),01103,[東]尾関知人,482002,水上行雄,,"6,12,1-(3,8)(5,11,13)-14,10,9-7=2-4",12,1,16.5,False,"6,1-12,3(5,11,8)13-(14,9)10-7=2=4",12,1,13.5,False,"(*6,1)(3,11)-12-5-8,9-13(14,10,7)=2=4",10,3,15.5,False,"(*6,1)(3,11)-12-5-(8,9)-(13,7)10,14=2=4",9,2,14.0,False,,前日とほぼ同じ馬場差。速めの時計が出るレベルではあるが、前半3週と比べれば時計は掛かっており、高速馬場ではなかった。
201904020801,1,障害3歳以上未勝利,芝,2850,晴,良,10:00,2019-08-18,新潟,8,5,8,2015101110,トーセンクリーガー,牡4,60,01087,上野翔,3:07.3,1,4-5-7-7,13.1,28.5,8,492(+2),01125,[東]小野次郎,270006,島川隆哉,,"6,12,1-(3,8)(5,11,13)-14,10,9-7=2-4",4,2,6.5,False,"6,1-12,3(5,11,8)13-(14,9)10-7=2=4",5,3,6.5,False,"(*6,1)(3,11)-12-5-8,9-13(14,10,7)=2=4",7,1,10.5,False,"(*6,1)(3,11)-12-5-(8,9)-(13,7)10,14=2=4",7,2,10.5,False,,前日とほぼ同じ馬場差。速めの時計が出るレベルではあるが、前半3週と比べれば時計は掛かっており、高速馬場ではなかった。
201904020801,1,障害3歳以上未勝利,芝,2850,晴,良,10:00,2019-08-18,新潟,9,4,5,2013100561,ロードスター,牡6,60,01052,金子光希,3:08.4,7,6-5-6-6,13.2,6.7,4,498(-2),00423,[東]上原博之,003060,ゴドルフィン,,"6,12,1-(3,8)(5,11,13)-14,10,9-7=2-4",6,3,6.5,False,"6,1-12,3(5,11,8)13-(14,9)10-7=2=4",5,3,6.5,False,"(*6,1)(3,11)-12-5-8,9-13(14,10,7)=2=4",6,1,7.0,False,"(*6,1)(3,11)-12-5-(8,9)-(13,7)10,14=2=4",6,1,7.0,False,,前日とほぼ同じ馬場差。速めの時計が出るレベルではあるが、前半3週と比べれば時計は掛かっており、高速馬場ではなかった。
201904020801,1,障害3歳以上未勝利,芝,2850,晴,良,10:00,2019-08-18,新潟,10,8,14,2014103092,ディライトラッシュ,牡5,60,01123,小野寺祐,3:08.6,1,9-9-10-12,13.2,81.2,9,498(0),00436,[東]堀井雅広,854800,ノルマンディーサラブ...,,"6,12,1-(3,8)(5,11,13)-14,10,9-7=2-4",9,1,10.0,False,"6,1-12,3(5,11,8)13-(14,9)10-7=2=4",9,2,10.0,False,"(*6,1)(3,11)-12-5-8,9-13(14,10,7)=2=4",10,3,15.5,False,"(*6,1)(3,11)-12-5-(8,9)-(13,7)10,14=2=4",12,1,15.5,False,,前日とほぼ同じ馬場差。速めの時計が出るレベルではあるが、前半3週と比べれば時計は掛かっており、高速馬場ではなかった。
201904020801,1,障害3歳以上未勝利,芝,2850,晴,良,10:00,2019-08-18,新潟,11,6,10,2016100346,グレートデー,牡3,58,01089,高野和馬,3:09.0,2.1/2,10-11-10-11,13.3,189.7,13,506(+8),01077,[東]加藤和宏,911800,スピードファーム,,"6,12,1-(3,8)(5,11,13)-14,10,9-7=2-4",10,1,11.5,False,"6,1-12,3(5,11,8)13-(14,9)10-7=2=4",11,1,10.0,False,"(*6,1)(3,11)-12-5-8,9-13(14,10,7)=2=4",10,3,15.5,False,"(*6,1)(3,11)-12-5-(8,9)-(13,7)10,14=2=4",11,1,14.0,False,,前日とほぼ同じ馬場差。速めの時計が出るレベルではあるが、前半3週と比べれば時計は掛かっており、高速馬場ではなかった。
201904020801,1,障害3歳以上未勝利,芝,2850,晴,良,10:00,2019-08-18,新潟,12,2,2,2015101235,クラウンレガシー,セ4,60,01061,大庭和弥,3:09.1,1/2,13-13-13-13,13.3,27.9,7,500(+2),01030,[東]星野忍,251033,矢野まり子,,"6,12,1-(3,8)(5,11,13)-14,10,9-7=2-4",13,1,22.5,False,"6,1-12,3(5,11,8)13-(14,9)10-7=2=4",13,1,19.5,False,"(*6,1)(3,11)-12-5-8,9-13(14,10,7)=2=4",13,1,21.5,False,"(*6,1)(3,11)-12-5-(8,9)-(13,7)10,14=2=4",13,1,21.5,False,,前日とほぼ同じ馬場差。速めの時計が出るレベルではあるが、前半3週と比べれば時計は掛かっており、高速馬場ではなかった。
201904020801,1,障害3歳以上未勝利,芝,2850,晴,良,10:00,2019-08-18,新潟,13,8,13,2013100700,アムロタイプ,牡6,60,01067,平沢健治,3:09.4,1.3/4,6-8-9-9,13.3,86.0,10,464(+4),00422,[西]五十嵐忠,421005,萩英男,,"6,12,1-(3,8)(5,11,13)-14,10,9-7=2-4",6,3,6.5,False,"6,1-12,3(5,11,8)13-(14,9)10-7=2=4",8,1,6.5,False,"(*6,1)(3,11)-12-5-8,9-13(14,10,7)=2=4",9,1,15.5,False,"(*6,1)(3,11)-12-5-(8,9)-(13,7)10,14=2=4",9,2,14.0,False,,前日とほぼ同じ馬場差。速めの時計が出るレベルではあるが、前半3週と比べれば時計は掛かっており、高速馬場ではなかった。
201904020801,1,障害3歳以上未勝利,芝,2850,晴,良,10:00,2019-08-18,新潟,14,3,4,2015110041,ヴォルパンテール,牝4,58,01149,伴啓太,3:16.6,大,14-14-14-14,13.8,353.5,14,478(+12),01077,[東]加藤和宏,854800,ノルマンディーサラブ...,,"6,12,1-(3,8)(5,11,13)-14,10,9-7=2-4",14,1,26.0,False,"6,1-12,3(5,11,8)13-(14,9)10-7=2=4",14,1,25.5,False,"(*6,1)(3,11)-12-5-8,9-13(14,10,7)=2=4",14,1,27.5,False,"(*6,1)(3,11)-12-5-(8,9)-(13,7)10,14=2=4",14,1,27.5,False,,前日とほぼ同じ馬場差。速めの時計が出るレベルではあるが、前半3週と比べれば時計は掛かっており、高速馬場ではなかった。
201904020802,2,3歳未勝利,ダ,1800,晴,良,10:35,2019-08-18,新潟,1,6,11,2016105816,ワンダーマンボ,牝3,51,01164,藤田菜七,1:55.0,,5-6-4-4,38.8,1.9,1,462(+4),01067,[東]久保田貴,909006,草間庸文,500.0,"6,3,7,10(2,4,11)9,12,15,5,8(1,13)-14",5,3,4.5,False,"6,3(2,10,7)(4,11)9(15,12)(5,8)(1,13)-14",6,2,1.5,False,"6(3,7)(2,11)(4,10,12)9,8-(5,13)-15-(14,1)",4,2,0.0,False,"6(3,7)(2,11)(4,10,9,12)8(5,13)-14,1,15",4,2,0.0,False,0,
201904020802,2,3歳未勝利,ダ,1800,晴,良,10:35,2019-08-18,新潟,2,4,7,2016101224,ココリジャスミン,牝3,54,01043,北村宏司,1:55.4,2.1/2,3-3-2-2,39.4,2.6,2,466(+4),01079,[東]古賀慎明,675033,美崎光二郎,200.0,"6,3,7,10(2,4,11)9,12,15,5,8(1,13)-14",3,1,3.0,False,"6,3(2,10,7)(4,11)9(15,12)(5,8)(1,13)-14",3,3,1.5,False,"6(3,7)(2,11)(4,10,12)9,8-(5,13)-15-(14,1)",2,2,0.0,False,"6(3,7)(2,11)(4,10,9,12)8(5,13)-14,1,15",2,2,0.0,False,0,
201904020802,2,3歳未勝利,ダ,1800,晴,良,10:35,2019-08-18,新潟,3,5,9,2016104777,ジュエルインザサン,牝3,52,01167,木幡育也,1:55.6,1.1/4,8-8-9-6,39.0,9.3,3,454(-10),01114,[東]和田正一,506800,シルクレーシング,130.0,"6,3,7,10(2,4,11)9,12,15,5,8(1,13)-14",8,1,4.5,False,"6,3(2,10,7)(4,11)9(15,12)(5,8)(1,13)-14",8,1,1.5,False,"6(3,7)(2,11)(4,10,12)9,8-(5,13)-15-(14,1)",9,1,0.0,False,"6(3,7)(2,11)(4,10,9,12)8(5,13)-14,1,15",6,4,0.0,False,0,
201904020802,2,3歳未勝利,ダ,1800,晴,良,10:35,2019-08-18,新潟,4,2,3,2016104783,レッドアデニウム,牝3,53,01169,武藤雅,1:55.9,1.3/4,2-2-2-2,40.0,32.0,8,532(-6),01054,[東]戸田博文,180800,東京ホースレーシング,75.0,"6,3,7,10(2,4,11)9,12,15,5,8(1,13)-14",2,1,1.5,False,"6,3(2,10,7)(4,11)9(15,12)(5,8)(1,13)-14",2,1,1.5,False,"6(3,7)(2,11)(4,10,12)9,8-(5,13)-15-(14,1)",2,2,0.0,False,"6(3,7)(2,11)(4,10,9,12)8(5,13)-14,1,15",2,2,0.0,False,0,
201904020802,2,3歳未勝利,ダ,1800,晴,良,10:35,2019-08-18,新潟,5,7,12,2016105104,ツキノサバク,牝3,53,01161,菊沢一樹,1:56.3,2.1/2,9-9-6-6,39.9,13.0,4,442(+10),01115,[東]菊沢隆徳,208008,窪田芳郎,50.0,"6,3,7,10(2,4,11)9,12,15,5,8(1,13)-14",9,1,6.0,False,"6,3(2,10,7)(4,11)9(15,12)(5,8)(1,13)-14",9,2,1.5,False,"6(3,7)(2,11)(4,10,12)9,8-(5,13)-15-(14,1)",6,3,0.0,False,"6(3,7)(2,11)(4,10,9,12)8(5,13)-14,1,15",6,4,0.0,False,0,
201904020802,2,3歳未勝利,ダ,1800,晴,良,10:35,2019-08-18,新潟,6,3,5,2016103912,ハートハーツ,牝3,53,01166,川又賢治,1:56.3,クビ,11-11-11-11,39.3,111.9,11,400(0),01027,[東]田村康仁,037803,廣崎利洋ＨＤ,,"6,3,7,10(2,4,11)9,12,15,5,8(1,13)-14",11,1,9.0,False,"6,3(2,10,7)(4,11)9(15,12)(5,8)(1,13)-14",11,2,1.5,False,"6(3,7)(2,11)(4,10,12)9,8-(5,13)-15-(14,1)",11,2,5.0,False,"6(3,7)(2,11)(4,10,9,12)8(5,13)-14,1,15",11,2,0.0,False,0,
201904020802,2,3歳未勝利,ダ,1800,晴,良,10:35,2019-08-18,新潟,7,5,8,2016103865,ヴェネレ,牝3,54,01117,丸田恭介,1:56.4,1/2,12-11-10-10,39.7,250.0,14,446(+8),01141,[東]尾形和幸,371009,高橋文男,,"6,3,7,10(2,4,11)9,12,15,5,8(1,13)-14",12,1,10.5,False,"6,3(2,10,7)(4,11)9(15,12)(5,8)(1,13)-14",11,2,1.5,False,"6(3,7)(2,11)(4,10,12)9,8-(5,13)-15-(14,1)",10,1,1.5,False,"6(3,7)(2,11)(4,10,9,12)8(5,13)-14,1,15",10,1,0.0,False,0,
201904020802,2,3歳未勝利,ダ,1800,晴,良,10:35,2019-08-18,新潟,8,4,6,2016100298,ミニオンペール,牝3,54,00689,江田照男,1:57.0,3.1/2,1-1-1-1,41.2,28.6,6,450(0),01080,[東]清水英克,854800,ノルマンディーサラブ...,,"6,3,7,10(2,4,11)9,12,15,5,8(1,13)-14",1,1,0.0,False,"6,3(2,10,7)(4,11)9(15,12)(5,8)(1,13)-14",1,1,0.0,False,"6(3,7)(2,11)(4,10,12)9,8-(5,13)-15-(14,1)",1,1,0.0,False,"6(3,7)(2,11)(4,10,9,12)8(5,13)-14,1,15",1,1,0.0,False,0,
201904020802,2,3歳未勝利,ダ,1800,晴,良,10:35,2019-08-18,新潟,9,3,4,2016104978,リンラン,牝3,54,01075,田辺裕信,1:57.0,ハナ,5-6-6-6,40.6,31.4,7,454(-6),01152,[東]竹内正洋,415800,社台レースホース,,"6,3,7,10(2,4,11)9,12,15,5,8(1,13)-14",5,3,4.5,False,"6,3(2,10,7)(4,11)9(15,12)(5,8)(1,13)-14",6,2,1.5,False,"6(3,7)(2,11)(4,10,12)9,8-(5,13)-15-(14,1)",6,3,0.0,False,"6(3,7)(2,11)(4,10,9,12)8(5,13)-14,1,15",6,4,0.0,False,0,
201904020802,2,3歳未勝利,ダ,1800,晴,良,10:35,2019-08-18,新潟,10,8,14,2016103029,オルオル,牝3,54,01135,杉原誠人,1:57.3,1.3/4,15-15-14-13,39.3,228.2,13,390(0),01030,[東]星野忍,188800,ＹＧＧホースクラブ,,"6,3,7,10(2,4,11)9,12,15,5,8(1,13)-14",15,1,14.0,False,"6,3(2,10,7)(4,11)9(15,12)(5,8)(1,13)-14",15,1,5.0,False,"6(3,7)(2,11)(4,10,12)9,8-(5,13)-15-(14,1)",14,2,12.0,False,"6(3,7)(2,11)(4,10,9,12)8(5,13)-14,1,15",13,1,3.5,False,0,
201904020802,2,3歳未勝利,ダ,1800,晴,良,10:35,2019-08-18,新潟,11,2,2,2016102238,ラフレシアレディ,牝3,54,01092,津村明秀,1:57.5,1.1/2,5-3-4-4,41.3,54.6,9,482(0),01048,[東]畠山吉宏,040008,吉田昭一,,"6,3,7,10(2,4,11)9,12,15,5,8(1,13)-14",5,3,4.5,False,"6,3(2,10,7)(4,11)9(15,12)(5,8)(1,13)-14",3,3,1.5,False,"6(3,7)(2,11)(4,10,12)9,8-(5,13)-15-(14,1)",4,2,0.0,False,"6(3,7)(2,11)(4,10,9,12)8(5,13)-14,1,15",4,2,0.0,False,0,
201904020802,2,3歳未勝利,ダ,1800,晴,良,10:35,2019-08-18,新潟,12,6,10,2016102000,ダンカーコ,牝3,54,01051,嘉藤貴行,1:57.8,1.3/4,4-3-6-6,41.4,404.7,15,448(-6),01152,[東]竹内正洋,044803,由井健太郎,,"6,3,7,10(2,4,11)9,12,15,5,8(1,13)-14",4,1,4.5,False,"6,3(2,10,7)(4,11)9(15,12)(5,8)(1,13)-14",3,3,1.5,False,"6(3,7)(2,11)(4,10,12)9,8-(5,13)-15-(14,1)",6,3,0.0,False,"6(3,7)(2,11)(4,10,9,12)8(5,13)-14,1,15",6,4,0.0,False,0,
201904020802,2,3歳未勝利,ダ,1800,晴,良,10:35,2019-08-18,新潟,13,1,1,2016103596,デルマオイセサン,牝3,54,01029,武士沢友,1:59.2,8,13-13-14-14,41.3,222.9,12,482(+4),00436,[東]堀井雅広,274002,浅沼廣幸,,"6,3,7,10(2,4,11)9,12,15,5,8(1,13)-14",13,2,10.5,False,"6,3(2,10,7)(4,11)9(15,12)(5,8)(1,13)-14",13,2,1.5,False,"6(3,7)(2,11)(4,10,12)9,8-(5,13)-15-(14,1)",14,2,12.0,False,"6(3,7)(2,11)(4,10,9,12)8(5,13)-14,1,15",14,1,5.0,False,0,
201904020802,2,3歳未勝利,ダ,1800,晴,良,10:35,2019-08-18,新潟,14,8,15,2016105025,アレクサンドレッタ,牝3,54,01150,石川裕紀,1:59.9,4,10-9-13-15,42.3,95.2,10,462(-4),01076,[東]小笠倫弘,156033,根岸朋弘,,"6,3,7,10(2,4,11)9,12,15,5,8(1,13)-14",10,1,7.5,False,"6,3(2,10,7)(4,11)9(15,12)(5,8)(1,13)-14",9,2,1.5,False,"6(3,7)(2,11)(4,10,12)9,8-(5,13)-15-(14,1)",13,1,8.5,False,"6(3,7)(2,11)(4,10,9,12)8(5,13)-14,1,15",15,1,6.5,False,0,
201904020802,2,3歳未勝利,ダ,1800,晴,良,10:35,2019-08-18,新潟,15,7,13,2016103539,オキミヤゲ,牝3,53,01158,野中悠太,2:08.5,大,13-13-11-11,51.4,28.3,5,442(+2),01029,[東]根本康広,615030,福田光博,,"6,3,7,10(2,4,11)9,12,15,5,8(1,13)-14",13,2,10.5,False,"6,3(2,10,7)(4,11)9(15,12)(5,8)(1,13)-14",13,2,1.5,False,"6(3,7)(2,11)(4,10,12)9,8-(5,13)-15-(14,1)",11,2,5.0,False,"6(3,7)(2,11)(4,10,9,12)8(5,13)-14,1,15",11,2,0.0,False,0,
201904020803,3,2歳未勝利,芝,1400,晴,良,11:05,2019-08-18,新潟,1,7,13,2017105229,アルムブラスト,牡2,54,01122,三浦皇成,1:22.5,,3-3,35.6,1.5,1,504(+4),01134,[東]高橋文雅,226800,サンデーレーシング,500.0,,,,,,,,,,,"(*9,10)13,1(4,8)(2,5)(6,16)17(12,18)-11,15,3,7   14",3,1,0.0,False,"(*9,10)13(1,4)(2,8)5(6,16)(18,17)12-(11,15)-3-7   14",3,1,0.0,False,-6,前日とほぼ同じ馬場差。速めの時計が出るレベルではあるが、前半3週と比べれば時計は掛かっており、高速馬場ではなかった。
201904020803,3,2歳未勝利,芝,1400,晴,良,11:05,2019-08-18,新潟,2,2,4,2017103722,セイウンパワフル,牡2,54,01092,津村明秀,1:22.8,2,5-4,35.7,5.2,2,472(0),01086,[東]斎藤誠,897009,西山茂行,200.0,,,,,,,,,,,"(*9,10)13,1(4,8)(2,5)(6,16)17(12,18)-11,15,3,7   14",5,2,1.5,False,"(*9,10)13(1,4)(2,8)5(6,16)(18,17)12-(11,15)-3-7   14",4,2,0.0,False,-6,前日とほぼ同じ馬場差。速めの時計が出るレベルではあるが、前半3週と比べれば時計は掛かっており、高速馬場ではなかった。
201904020803,3,2歳未勝利,芝,1400,晴,良,11:05,2019-08-18,新潟,3,1,2,2017101937,コスモビートイット,牡2,54,01009,柴田大知,1:22.8,アタマ,7-6,35.5,7.5,3,448(+6),01080,[東]清水英克,716800,ビッグレッドファーム,130.0,,,,,,,,,,,"(*9,10)13,1(4,8)(2,5)(6,16)17(12,18)-11,15,3,7   14",7,2,1.5,False,"(*9,10)13(1,4)(2,8)5(6,16)(18,17)12-(11,15)-3-7   14",6,2,0.0,False,-6,前日とほぼ同じ馬場差。速めの時計が出るレベルではあるが、前半3週と比べれば時計は掛かっており、高速馬場ではなかった。
201904020803,3,2歳未勝利,芝,1400,晴,良,11:05,2019-08-18,新潟,4,3,6,2017102723,フィドル,牝2,54,01029,武士沢友,1:23.2,2,9-9,35.6,51.8,8,418(0),01014,[東]高市圭二,253006,山本武司,75.0,,,,,,,,,,,"(*9,10)13,1(4,8)(2,5)(6,16)17(12,18)-11,15,3,7   14",9,2,1.5,False,"(*9,10)13(1,4)(2,8)5(6,16)(18,17)12-(11,15)-3-7   14",9,2,0.0,False,-6,前日とほぼ同じ馬場差。速めの時計が出るレベルではあるが、前半3週と比べれば時計は掛かっており、高速馬場ではなかった。
201904020803,3,2歳未勝利,芝,1400,晴,良,11:05,2019-08-18,新潟,5,5,9,2017110016,プライモーディアル,牡2,53,01158,野中悠太,1:23.2,ハナ,1-1,36.5,76.1,11,480(+12),01133,[東]黒岩陽一,003060,ゴドルフィン,50.0,,,,,,,,,,,"(*9,10)13,1(4,8)(2,5)(6,16)17(12,18)-11,15,3,7   14",1,2,0.0,True,"(*9,10)13(1,4)(2,8)5(6,16)(18,17)12-(11,15)-3-7   14",1,2,0.0,True,-6,前日とほぼ同じ馬場差。速めの時計が出るレベルではあるが、前半3週と比べれば時計は掛かっており、高速馬場ではなかった。
201904020803,3,2歳未勝利,芝,1400,晴,良,11:05,2019-08-18,新潟,6,4,8,2017100149,ベルシック,牝2,54,01118,宮崎北斗,1:23.2,アタマ,5-6,36.0,204.5,13,428(+4),01165,[東]和田勇介,760008,岡田繁幸,,,,,,,,,,,,"(*9,10)13,1(4,8)(2,5)(6,16)17(12,18)-11,15,3,7   14",5,2,1.5,False,"(*9,10)13(1,4)(2,8)5(6,16)(18,17)12-(11,15)-3-7   14",6,2,0.0,False,-6,前日とほぼ同じ馬場差。速めの時計が出るレベルではあるが、前半3週と比べれば時計は掛かっており、高速馬場ではなかった。
201904020803,3,2歳未勝利,芝,1400,晴,良,11:05,2019-08-18,新潟,7,8,16,2017100251,マリノソフィア,牝2,54,00641,柴田善臣,1:23.3,1/2,9-9,35.7,113.4,12,458(+4),01074,[東]奥平雅士,251033,矢野まり子,,,,,,,,,,,,"(*9,10)13,1(4,8)(2,5)(6,16)17(12,18)-11,15,3,7   14",9,2,1.5,False,"(*9,10)13(1,4)(2,8)5(6,16)(18,17)12-(11,15)-3-7   14",9,2,0.0,False,-6,前日とほぼ同じ馬場差。速めの時計が出るレベルではあるが、前半3週と比べれば時計は掛かっており、高速馬場ではなかった。
201904020803,3,2歳未勝利,芝,1400,晴,良,11:05,2019-08-18,新潟,8,5,10,2017101248,コスモアンジュ,牝2,53,01169,武藤雅,1:23.4,1/2,2-2,36.7,17.5,4,474(+8),01064,[東]武藤善則,760008,岡田繁幸,,,,,,,,,,,,"(*9,10)13,1(4,8)(2,5)(6,16)17(12,18)-11,15,3,7   14",2,2,0.0,False,"(*9,10)13(1,4)(2,8)5(6,16)(18,17)12-(11,15)-3-7   14",2,2,0.0,False,-6,前日とほぼ同じ馬場差。速めの時計が出るレベルではあるが、前半3週と比べれば時計は掛かっており、高速馬場ではなかった。
201904020803,3,2歳未勝利,芝,1400,晴,良,11:05,2019-08-18,新潟,9,3,5,2017100643,ヨンウォニ,牝2,54,01135,杉原誠人,1:23.4,クビ,7-8,36.1,69.4,10,418(-2),00408,[東]田中清隆,629800,ミルファーム,,,,,,,,,,,,"(*9,10)13,1(4,8)(2,5)(6,16)17(12,18)-11,15,3,7   14",7,2,1.5,False,"(*9,10)13(1,4)(2,8)5(6,16)(18,17)12-(11,15)-3-7   14",8,1,0.0,False,-6,前日とほぼ同じ馬場差。速めの時計が出るレベルではあるが、前半3週と比べれば時計は掛かっており、高速馬場ではなかった。
201904020803,3,2歳未勝利,芝,1400,晴,良,11:05,2019-08-18,新潟,10,8,17,2017101555,フィジーマジック,牡2,51,01173,山田敬士,1:23.6,1.1/2,11-11,35.9,519.5,17,428(+2),01077,[東]加藤和宏,911800,スピードファーム,,,,,,,,,,,,"(*9,10)13,1(4,8)(2,5)(6,16)17(12,18)-11,15,3,7   14",11,1,1.5,False,"(*9,10)13(1,4)(2,8)5(6,16)(18,17)12-(11,15)-3-7   14",11,2,0.0,False,-6,前日とほぼ同じ馬場差。速めの時計が出るレベルではあるが、前半3週と比べれば時計は掛かっており、高速馬場ではなかった。
201904020803,3,2歳未勝利,芝,1400,晴,良,11:05,2019-08-18,新潟,11,1,1,2017101894,ケイツーキナ,牝2,54,00689,江田照男,1:23.8,1,4-4,36.8,52.9,9,456(0),01012,[東]大江原哲,103006,楠本勝美,,,,,,,,,,,,"(*9,10)13,1(4,8)(2,5)(6,16)17(12,18)-11,15,3,7   14",4,1,1.5,False,"(*9,10)13(1,4)(2,8)5(6,16)(18,17)12-(11,15)-3-7   14",4,2,0.0,False,-6,前日とほぼ同じ馬場差。速めの時計が出るレベルではあるが、前半3週と比べれば時計は掛かっており、高速馬場ではなかった。
201904020803,3,2歳未勝利,芝,1400,晴,良,11:05,2019-08-18,新潟,12,6,12,2017103971,エコロウィング,牡2,53,01161,菊沢一樹,1:23.8,クビ,12-13,36.0,619.7,18,434(-10),01174,[東]深山雅史,783033,原村正紀,,,,,,,,,,,,"(*9,10)13,1(4,8)(2,5)(6,16)17(12,18)-11,15,3,7   14",12,2,1.5,False,"(*9,10)13(1,4)(2,8)5(6,16)(18,17)12-(11,15)-3-7   14",13,1,0.0,False,-6,前日とほぼ同じ馬場差。速めの時計が出るレベルではあるが、前半3週と比べれば時計は掛かっており、高速馬場ではなかった。
201904020803,3,2歳未勝利,芝,1400,晴,良,11:05,2019-08-18,新潟,13,7,15,2017100066,マイヤン,牡2,54,01004,西田雄一,1:24.4,3.1/2,15-14,35.9,407.0,16,448(+2),01169,[東]加藤士津,004031,ＩＲレーシング,,,,,,,,,,,,"(*9,10)13,1(4,8)(2,5)(6,16)17(12,18)-11,15,3,7   14",15,1,6.5,False,"(*9,10)13(1,4)(2,8)5(6,16)(18,17)12-(11,15)-3-7   14",14,2,3.5,False,-6,前日とほぼ同じ馬場差。速めの時計が出るレベルではあるが、前半3週と比べれば時計は掛かっており、高速馬場ではなかった。
201904020803,3,2歳未勝利,芝,1400,晴,良,11:05,2019-08-18,新潟,14,8,18,2017104254,ユーアーマイソウル,牡2,54,01051,嘉藤貴行,1:24.5,3/4,12-11,36.7,346.1,15,482(0),01031,[東]伊藤伸一,629800,ミルファーム,,,,,,,,,,,,"(*9,10)13,1(4,8)(2,5)(6,16)17(12,18)-11,15,3,7   14",12,2,1.5,False,"(*9,10)13(1,4)(2,8)5(6,16)(18,17)12-(11,15)-3-7   14",11,2,0.0,False,-6,前日とほぼ同じ馬場差。速めの時計が出るレベルではあるが、前半3週と比べれば時計は掛かっており、高速馬場ではなかった。
201904020803,3,2歳未勝利,芝,1400,晴,良,11:05,2019-08-18,新潟,15,2,3,2017103819,ダビデヴィットリオ,牡2,54,01075,田辺裕信,1:24.7,1.1/4,16-16,36.0,21.0,5,478(+6),01064,[東]武藤善則,213033,加藤裕司,,,,,,,,,,,,"(*9,10)13,1(4,8)(2,5)(6,16)17(12,18)-11,15,3,7   14",16,1,8.0,False,"(*9,10)13(1,4)(2,8)5(6,16)(18,17)12-(11,15)-3-7   14",16,1,7.0,False,-6,前日とほぼ同じ馬場差。速めの時計が出るレベルではあるが、前半3週と比べれば時計は掛かっており、高速馬場ではなかった。
201904020803,3,2歳未勝利,芝,1400,晴,良,11:05,2019-08-18,新潟,16,6,11,2017109068,ヨネンサンクミ,牝2,52,01167,木幡育也,1:25.3,4,14-14,37.0,48.7,7,412(-8),01035,[東]佐藤吉勝,253033,藤本彰,,,,,,,,,,,,"(*9,10)13,1(4,8)(2,5)(6,16)17(12,18)-11,15,3,7   14",14,1,5.0,False,"(*9,10)13(1,4)(2,8)5(6,16)(18,17)12-(11,15)-3-7   14",14,2,3.5,False,-6,前日とほぼ同じ馬場差。速めの時計が出るレベルではあるが、前半3週と比べれば時計は掛かっており、高速馬場ではなかった。
201904020803,3,2歳未勝利,芝,1400,晴,良,11:05,2019-08-18,新潟,17,4,7,2017101898,コスモテキロ,牡2,51,01164,藤田菜七,1:25.9,3.1/2,17-17,37.0,25.3,6,458(+8),01023,[東]伊藤圭三,716800,ビッグレッドファーム,,,,,,,,,,,,"(*9,10)13,1(4,8)(2,5)(6,16)17(12,18)-11,15,3,7   14",17,1,9.5,False,"(*9,10)13(1,4)(2,8)5(6,16)(18,17)12-(11,15)-3-7   14",17,1,10.5,False,-6,前日とほぼ同じ馬場差。速めの時計が出るレベルではあるが、前半3週と比べれば時計は掛かっており、高速馬場ではなかった。
201904020803,3,2歳未勝利,芝,1400,晴,良,11:05,2019-08-18,新潟,中,7,14,2017101607,シゲルカリプソ,牝2,54,00733,吉田豊,,,,,206.4,14,418(+4),01096,[東]粕谷昌央,674004,森中蕃,,,,,,,,,,,,"(*9,10)13,1(4,8)(2,5)(6,16)17(12,18)-11,15,3,7   14",18,1,15.5,False,"(*9,10)13(1,4)(2,8)5(6,16)(18,17)12-(11,15)-3-7   14",18,1,16.5,False,-6,前日とほぼ同じ馬場差。速めの時計が出るレベルではあるが、前半3週と比べれば時計は掛かっており、高速馬場ではなかった。
201904020804,4,3歳未勝利,ダ,1200,晴,良,11:35,2019-08-18,新潟,1,6,11,2016101324,アイアンゾーン,牝3,54,01009,柴田大知,1:12.6,,2-2,38.0,5.1,3,448(+2),00437,[東]南田美知,780006,池上一馬,500.0,,,,,,,,,,,"15(11,13)(3,6,14)8(5,12)-1-(4,9)(10,7)-2",2,2,0.0,False,"15(11,13)(3,6,14)8(5,12)1(4,9)-(10,7)-2",2,2,0.0,False,-3,
201904020804,4,3歳未勝利,ダ,1200,晴,良,11:35,2019-08-18,新潟,2,8,14,2016103591,デルマヴェルサイユ,牝3,54,01029,武士沢友,1:12.8,1.1/2,4-4,38.0,6.0,4,492(+2),00392,[東]古賀史生,274002,浅沼廣幸,200.0,,,,,,,,,,,"15(11,13)(3,6,14)8(5,12)-1-(4,9)(10,7)-2",4,3,0.0,False,"15(11,13)(3,6,14)8(5,12)1(4,9)-(10,7)-2",4,3,0.0,False,-3,
201904020804,4,3歳未勝利,ダ,1200,晴,良,11:35,2019-08-18,新潟,3,8,15,2016105983,イッツザファースト,牡3,56,01075,田辺裕信,1:12.9,1/2,1-1,38.5,3.1,1,476(+2),01052,[東]菊川正達,994002,飯田正剛,130.0,,,,,,,,,,,"15(11,13)(3,6,14)8(5,12)-1-(4,9)(10,7)-2",1,1,0.0,False,"15(11,13)(3,6,14)8(5,12)1(4,9)-(10,7)-2",1,1,0.0,False,-3,
201904020804,4,3歳未勝利,ダ,1200,晴,良,11:35,2019-08-18,新潟,4,7,12,2016103458,カシノラウト,牡3,53,01175,大塚海渡,1:13.2,2,8-8,38.0,6.6,5,486(+2),01143,[東]和田雄二,514009,柏木務,75.0,,,,,,,,,,,"15(11,13)(3,6,14)8(5,12)-1-(4,9)(10,7)-2",8,2,0.0,False,"15(11,13)(3,6,14)8(5,12)1(4,9)-(10,7)-2",8,2,0.0,False,-3,
201904020804,4,3歳未勝利,ダ,1200,晴,良,11:35,2019-08-18,新潟,5,5,8,2016102828,トミケンミステリオ,牡3,56,01162,木幡巧也,1:13.6,2.1/2,7-7,38.5,88.6,10,460(+2),01089,[東]武市康男,901007,冨樫賢二,50.0,,,,,,,,,,,"15(11,13)(3,6,14)8(5,12)-1-(4,9)(10,7)-2",7,1,0.0,False,"15(11,13)(3,6,14)8(5,12)1(4,9)-(10,7)-2",7,1,0.0,False,-3,
201904020804,4,3歳未勝利,ダ,1200,晴,良,11:35,2019-08-18,新潟,6,3,4,2016105491,レディペレグリン,牝3,51,01164,藤田菜七,1:13.7,1/2,11-11,37.8,5.0,2,462(-6),01133,[東]黒岩陽一,851009,岡田牧雄,,,,,,,,,,,,"15(11,13)(3,6,14)8(5,12)-1-(4,9)(10,7)-2",11,2,7.0,False,"15(11,13)(3,6,14)8(5,12)1(4,9)-(10,7)-2",11,2,0.0,False,-3,
201904020804,4,3歳未勝利,ダ,1200,晴,良,11:35,2019-08-18,新潟,7,2,3,2016101322,デルマシャイヨー,牝3,51,01173,山田敬士,1:14.3,3.1/2,4-4,39.6,349.7,14,434(+5),01063,[東]的場均,274002,浅沼廣幸,,,,,,,,,,,,"15(11,13)(3,6,14)8(5,12)-1-(4,9)(10,7)-2",4,3,0.0,False,"15(11,13)(3,6,14)8(5,12)1(4,9)-(10,7)-2",4,3,0.0,False,-3,
201904020804,4,3歳未勝利,ダ,1200,晴,良,11:35,2019-08-18,新潟,8,4,6,2016104114,ピスタロッソ,牡3,56,00689,江田照男,1:14.3,アタマ,4-4,39.5,14.5,7,486(0),01108,[東]矢野英一,601033,酒井喜生,,,,,,,,,,,,"15(11,13)(3,6,14)8(5,12)-1-(4,9)(10,7)-2",4,3,0.0,False,"15(11,13)(3,6,14)8(5,12)1(4,9)-(10,7)-2",4,3,0.0,False,-3,
201904020804,4,3歳未勝利,ダ,1200,晴,良,11:35,2019-08-18,新潟,9,1,1,2016104151,トーアピッコロ,牝3,53,01161,菊沢一樹,1:14.4,1/2,10-10,38.9,287.7,13,452(0),01068,[東]小島茂之,784800,高山ランド,,,,,,,,,,,,"15(11,13)(3,6,14)8(5,12)-1-(4,9)(10,7)-2",10,1,3.5,False,"15(11,13)(3,6,14)8(5,12)1(4,9)-(10,7)-2",10,1,0.0,False,-3,
201904020804,4,3歳未勝利,ダ,1200,晴,良,11:35,2019-08-18,新潟,10,3,5,2016105864,フェアリースキップ,牝3,52,01167,木幡育也,1:14.4,ハナ,8-8,39.2,165.8,11,414(+2),01163,[東]林徹,854800,ノルマンディーサラブ...,,,,,,,,,,,,"15(11,13)(3,6,14)8(5,12)-1-(4,9)(10,7)-2",8,2,0.0,False,"15(11,13)(3,6,14)8(5,12)1(4,9)-(10,7)-2",8,2,0.0,False,-3,
201904020804,4,3歳未勝利,ダ,1200,晴,良,11:35,2019-08-18,新潟,11,5,9,2016105434,センジュエース,牡3,55,01169,武藤雅,1:14.6,1.1/4,11-11,38.7,34.1,8,444(+6),01108,[東]矢野英一,786006,増山武志,,,,,,,,,,,,"15(11,13)(3,6,14)8(5,12)-1-(4,9)(10,7)-2",11,2,7.0,False,"15(11,13)(3,6,14)8(5,12)1(4,9)-(10,7)-2",11,2,0.0,False,-3,
201904020804,4,3歳未勝利,ダ,1200,晴,良,11:35,2019-08-18,新潟,12,7,13,2016103328,アニマート,セ3,56,01043,北村宏司,1:15.0,2.1/2,2-2,40.4,14.3,6,514(+4),01133,[東]黒岩陽一,003060,ゴドルフィン,,,,,,,,,,,,"15(11,13)(3,6,14)8(5,12)-1-(4,9)(10,7)-2",2,2,0.0,False,"15(11,13)(3,6,14)8(5,12)1(4,9)-(10,7)-2",2,2,0.0,False,-3,
201904020804,4,3歳未勝利,ダ,1200,晴,良,11:35,2019-08-18,新潟,13,4,7,2016101870,カシマヌアージ,牡3,56,01118,宮崎北斗,1:16.3,8,13-13,40.3,423.2,15,456(+6),01031,[東]伊藤伸一,813007,松浦一久,,,,,,,,,,,,"15(11,13)(3,6,14)8(5,12)-1-(4,9)(10,7)-2",13,2,7.0,False,"15(11,13)(3,6,14)8(5,12)1(4,9)-(10,7)-2",13,2,3.5,False,-3,
201904020804,4,3歳未勝利,ダ,1200,晴,良,11:35,2019-08-18,新潟,14,2,2,2016104141,ヤエノアカリ,牝3,51,01177,小林凌大,1:17.3,6,15-15,40.9,263.1,12,404(-6),01143,[東]和田雄二,623033,柳田英子,,,,,,,,,,,,"15(11,13)(3,6,14)8(5,12)-1-(4,9)(10,7)-2",15,1,10.5,False,"15(11,13)(3,6,14)8(5,12)1(4,9)-(10,7)-2",15,1,7.0,False,-3,
201904020804,4,3歳未勝利,ダ,1200,晴,良,11:35,2019-08-18,新潟,15,6,10,2016105569,ラヴィブリランテ,牝3,53,01166,川又賢治,1:17.6,1.3/4,13-13,41.6,35.0,9,466(+4),00428,[東]石毛善彦,854800,ノルマンディーサラブ...,,,,,,,,,,,,"15(11,13)(3,6,14)8(5,12)-1-(4,9)(10,7)-2",13,2,7.0,False,"15(11,13)(3,6,14)8(5,12)1(4,9)-(10,7)-2",13,2,3.5,False,-3,
201904020805,5,2歳新馬,芝,1600,晴,良,12:25,2019-08-18,新潟,1,5,10,2017100887,リネンファッション,牝2,54,01117,丸田恭介,1:37.9,,3-3,33.0,6.4,3,444(0),01170,[西]坂口智康,851005,戸山光男,700.0,,,,,,,,,,,"(*13,16)(10,9)15(6,11)12(1,5)(4,2,7)3,14-8",3,2,0.0,False,"(*13,16)(10,9)(11,15)(6,12)(4,1,5)(2,7)(3,14)-8",3,2,0.0,False,-6,前日とほぼ同じ馬場差。速めの時計が出るレベルではあるが、前半3週と比べれば時計は掛かっており、高速馬場ではなかった。
201904020805,5,2歳新馬,芝,1600,晴,良,12:25,2019-08-18,新潟,2,5,9,2017110156,ジェットマックス,牡2,54,00684,田中勝春,1:38.1,1.1/4,3-3,33.2,17.0,7,496(0),00427,[西]森秀行,265033,大野剛嗣,280.0,,,,,,,,,,,"(*13,16)(10,9)15(6,11)12(1,5)(4,2,7)3,14-8",3,2,0.0,False,"(*13,16)(10,9)(11,15)(6,12)(4,1,5)(2,7)(3,14)-8",3,2,0.0,False,-6,前日とほぼ同じ馬場差。速めの時計が出るレベルではあるが、前半3週と比べれば時計は掛かっており、高速馬場ではなかった。
201904020805,5,2歳新馬,芝,1600,晴,良,12:25,2019-08-18,新潟,3,6,12,2017105313,アヴァンセヴェリテ,牝2,54,01092,津村明秀,1:38.1,アタマ,8-7,33.0,3.6,1,440(0),01147,[東]武井亮,486800,キャロットファーム,180.0,,,,,,,,,,,"(*13,16)(10,9)15(6,11)12(1,5)(4,2,7)3,14-8",8,1,0.0,False,"(*13,16)(10,9)(11,15)(6,12)(4,1,5)(2,7)(3,14)-8",7,2,0.0,False,-6,前日とほぼ同じ馬場差。速めの時計が出るレベルではあるが、前半3週と比べれば時計は掛かっており、高速馬場ではなかった。
201904020805,5,2歳新馬,芝,1600,晴,良,12:25,2019-08-18,新潟,4,6,11,2017101822,マドルガーダ,牝2,54,01150,石川裕紀,1:38.2,3/4,6-5,33.1,46.8,11,452(0),01104,[西]笹田和秀,788800,ノースヒルズ,110.0,,,,,,,,,,,"(*13,16)(10,9)15(6,11)12(1,5)(4,2,7)3,14-8",6,2,0.0,False,"(*13,16)(10,9)(11,15)(6,12)(4,1,5)(2,7)(3,14)-8",5,2,0.0,False,-6,前日とほぼ同じ馬場差。速めの時計が出るレベルではあるが、前半3週と比べれば時計は掛かっており、高速馬場ではなかった。
201904020805,5,2歳新馬,芝,1600,晴,良,12:25,2019-08-18,新潟,5,8,16,2017105162,クロワルース,牝2,54,01122,三浦皇成,1:38.2,クビ,2-2,33.5,3.9,2,462(0),01079,[東]古賀慎明,506800,シルクレーシング,70.0,,,,,,,,,,,"(*13,16)(10,9)15(6,11)12(1,5)(4,2,7)3,14-8",2,2,0.0,False,"(*13,16)(10,9)(11,15)(6,12)(4,1,5)(2,7)(3,14)-8",2,2,0.0,False,-6,前日とほぼ同じ馬場差。速めの時計が出るレベルではあるが、前半3週と比べれば時計は掛かっており、高速馬場ではなかった。
201904020805,5,2歳新馬,芝,1600,晴,良,12:25,2019-08-18,新潟,6,8,15,2017105892,ロードスラッシュ,牡2,54,01043,北村宏司,1:38.6,2.1/2,5-5,33.6,13.9,6,462(0),01126,[東]木村哲也,170800,ロードホースクラブ,,,,,,,,,,,,"(*13,16)(10,9)15(6,11)12(1,5)(4,2,7)3,14-8",5,1,0.0,False,"(*13,16)(10,9)(11,15)(6,12)(4,1,5)(2,7)(3,14)-8",5,2,0.0,False,-6,前日とほぼ同じ馬場差。速めの時計が出るレベルではあるが、前半3週と比べれば時計は掛かっており、高速馬場ではなかった。
201904020805,5,2歳新馬,芝,1600,晴,良,12:25,2019-08-18,新潟,7,3,5,2017104453,マイネルチューダ,牡2,54,01009,柴田大知,1:38.9,1.3/4,9-9,33.6,37.9,9,426(0),01074,[東]奥平雅士,546800,サラブレッドクラブ・...,,,,,,,,,,,,"(*13,16)(10,9)15(6,11)12(1,5)(4,2,7)3,14-8",9,2,0.0,False,"(*13,16)(10,9)(11,15)(6,12)(4,1,5)(2,7)(3,14)-8",9,3,0.0,False,-6,前日とほぼ同じ馬場差。速めの時計が出るレベルではあるが、前半3週と比べれば時計は掛かっており、高速馬場ではなかった。
201904020805,5,2歳新馬,芝,1600,晴,良,12:25,2019-08-18,新潟,8,4,7,2017105023,スパニッシュアート,牝2,53,01169,武藤雅,1:38.9,クビ,11-12,33.5,9.0,4,418(0),01054,[東]戸田博文,808800,Ｇ１レーシング,,,,,,,,,,,,"(*13,16)(10,9)15(6,11)12(1,5)(4,2,7)3,14-8",11,3,0.0,False,"(*13,16)(10,9)(11,15)(6,12)(4,1,5)(2,7)(3,14)-8",12,2,0.0,False,-6,前日とほぼ同じ馬場差。速めの時計が出るレベルではあるが、前半3週と比べれば時計は掛かっており、高速馬場ではなかった。
201904020805,5,2歳新馬,芝,1600,晴,良,12:25,2019-08-18,新潟,9,1,1,2017100850,サノマナ,牝2,53,01166,川又賢治,1:39.0,3/4,9-9,33.6,22.2,8,460(0),01127,[東]栗田徹,735033,佐野信幸,,,,,,,,,,,,"(*13,16)(10,9)15(6,11)12(1,5)(4,2,7)3,14-8",9,2,0.0,False,"(*13,16)(10,9)(11,15)(6,12)(4,1,5)(2,7)(3,14)-8",9,3,0.0,False,-6,前日とほぼ同じ馬場差。速めの時計が出るレベルではあるが、前半3週と比べれば時計は掛かっており、高速馬場ではなかった。
201904020805,5,2歳新馬,芝,1600,晴,良,12:25,2019-08-18,新潟,10,7,14,2017102079,インナート,牡2,54,01004,西田雄一,1:39.2,1,15-14,33.8,331.9,16,436(0),00435,[東]藤原辰雄,074031,谷口祐人,,,,,,,,,,,,"(*13,16)(10,9)15(6,11)12(1,5)(4,2,7)3,14-8",15,1,1.5,False,"(*13,16)(10,9)(11,15)(6,12)(4,1,5)(2,7)(3,14)-8",14,2,0.0,False,-6,前日とほぼ同じ馬場差。速めの時計が出るレベルではあるが、前半3週と比べれば時計は掛かっており、高速馬場ではなかった。
201904020805,5,2歳新馬,芝,1600,晴,良,12:25,2019-08-18,新潟,11,1,2,2017110027,アイロンワークス,牡2,54,01034,酒井学,1:39.3,1/2,11-12,33.8,9.8,5,476(0),01129,[西]高橋義忠,003060,ゴドルフィン,,,,,,,,,,,,"(*13,16)(10,9)15(6,11)12(1,5)(4,2,7)3,14-8",11,3,0.0,False,"(*13,16)(10,9)(11,15)(6,12)(4,1,5)(2,7)(3,14)-8",12,2,0.0,False,-6,前日とほぼ同じ馬場差。速めの時計が出るレベルではあるが、前半3週と比べれば時計は掛かっており、高速馬場ではなかった。
201904020805,5,2歳新馬,芝,1600,晴,良,12:25,2019-08-18,新潟,12,2,3,2017101246,コスモピオニール,牡2,53,01158,野中悠太,1:39.5,1.1/4,14-14,34.0,168.6,14,460(0),01090,[東]天間昭一,716800,ビッグレッドファーム,,,,,,,,,,,,"(*13,16)(10,9)15(6,11)12(1,5)(4,2,7)3,14-8",14,1,0.0,False,"(*13,16)(10,9)(11,15)(6,12)(4,1,5)(2,7)(3,14)-8",14,2,0.0,False,-6,前日とほぼ同じ馬場差。速めの時計が出るレベルではあるが、前半3週と比べれば時計は掛かっており、高速馬場ではなかった。
201904020805,5,2歳新馬,芝,1600,晴,良,12:25,2019-08-18,新潟,13,7,13,2017106116,スプリングブリーズ,牝2,54,00689,江田照男,1:40.1,3.1/2,1-1,35.4,83.0,13,462(0),01024,[東]萱野浩二,485007,河村隆平,,,,,,,,,,,,"(*13,16)(10,9)15(6,11)12(1,5)(4,2,7)3,14-8",1,2,0.0,True,"(*13,16)(10,9)(11,15)(6,12)(4,1,5)(2,7)(3,14)-8",1,2,0.0,True,-6,前日とほぼ同じ馬場差。速めの時計が出るレベルではあるが、前半3週と比べれば時計は掛かっており、高速馬場ではなかった。
201904020805,5,2歳新馬,芝,1600,晴,良,12:25,2019-08-18,新潟,14,3,6,2017100299,ツクバブレイニー,牝2,54,01153,木幡初也,1:40.3,1.1/4,6-7,35.1,260.8,15,448(0),01008,[東]杉浦宏昭,363030,細谷武史,,,,,,,,,,,,"(*13,16)(10,9)15(6,11)12(1,5)(4,2,7)3,14-8",6,2,0.0,False,"(*13,16)(10,9)(11,15)(6,12)(4,1,5)(2,7)(3,14)-8",7,2,0.0,False,-6,前日とほぼ同じ馬場差。速めの時計が出るレベルではあるが、前半3週と比べれば時計は掛かっており、高速馬場ではなかった。
201904020805,5,2歳新馬,芝,1600,晴,良,12:25,2019-08-18,新潟,15,4,8,2017106304,プロローグナンバー,牡2,51,01164,藤田菜七,1:40.4,1/2,16-16,34.3,39.5,10,472(0),01029,[東]根本康広,192031,亀岡和彦,,,,,,,,,,,,"(*13,16)(10,9)15(6,11)12(1,5)(4,2,7)3,14-8",16,1,5.0,False,"(*13,16)(10,9)(11,15)(6,12)(4,1,5)(2,7)(3,14)-8",16,1,3.5,False,-6,前日とほぼ同じ馬場差。速めの時計が出るレベルではあるが、前半3週と比べれば時計は掛かっており、高速馬場ではなかった。
201904020805,5,2歳新馬,芝,1600,晴,良,12:25,2019-08-18,新潟,16,2,4,2017100610,ゴールデンバッド,牡2,54,01162,木幡巧也,1:44.7,大,11-9,39.2,60.6,12,472(0),01086,[東]斎藤誠,087803,ＨｉｍＲｏｃｋＲａｃ...,,,,,,,,,,,,"(*13,16)(10,9)15(6,11)12(1,5)(4,2,7)3,14-8",11,3,0.0,False,"(*13,16)(10,9)(11,15)(6,12)(4,1,5)(2,7)(3,14)-8",9,3,0.0,False,-6,前日とほぼ同じ馬場差。速めの時計が出るレベルではあるが、前半3週と比べれば時計は掛かっており、高速馬場ではなかった。
201904020806,6,2歳新馬,芝,1400,晴,良,12:55,2019-08-18,新潟,1,5,9,2017105233,ペコリーノロマーノ,牝2,53,01169,武藤雅,1:23.2,,2-2,35.0,1.8,1,438(0),01067,[東]久保田貴,011008,平田修,700.0,,,,,,,,,,,"(*2,9)10(3,5)13(1,6)(7,14)(16,8,4,12)(18,11)(15,17)",2,2,0.0,False,"(*2,9)10(3,5)(1,6,13)-(8,14)(16,7)(4,12)18,11,15,17",2,2,0.0,False,-6,前日とほぼ同じ馬場差。速めの時計が出るレベルではあるが、前半3週と比べれば時計は掛かっており、高速馬場ではなかった。
201904020806,6,2歳新馬,芝,1400,晴,良,12:55,2019-08-18,新潟,2,5,10,2017101823,チェーンオブラブ,牝2,53,01166,川又賢治,1:23.4,1.1/2,3-3,35.0,17.8,4,466(0),01076,[東]小笠倫弘,788800,ノースヒルズ,280.0,,,,,,,,,,,"(*2,9)10(3,5)13(1,6)(7,14)(16,8,4,12)(18,11)(15,17)",3,1,0.0,False,"(*2,9)10(3,5)(1,6,13)-(8,14)(16,7)(4,12)18,11,15,17",3,1,0.0,False,-6,前日とほぼ同じ馬場差。速めの時計が出るレベルではあるが、前半3週と比べれば時計は掛かっており、高速馬場ではなかった。
201904020806,6,2歳新馬,芝,1400,晴,良,12:55,2019-08-18,新潟,3,2,3,2017105643,アドマイヤアリエル,牝2,54,01122,三浦皇成,1:23.4,ハナ,4-4,34.9,4.0,2,438(0),01059,[東]加藤征弘,398002,近藤利一,180.0,,,,,,,,,,,"(*2,9)10(3,5)13(1,6)(7,14)(16,8,4,12)(18,11)(15,17)",4,2,0.0,False,"(*2,9)10(3,5)(1,6,13)-(8,14)(16,7)(4,12)18,11,15,17",4,2,0.0,False,-6,前日とほぼ同じ馬場差。速めの時計が出るレベルではあるが、前半3週と比べれば時計は掛かっており、高速馬場ではなかった。
201904020806,6,2歳新馬,芝,1400,晴,良,12:55,2019-08-18,新潟,4,2,4,2017105342,シャンボールロッソ,牝2,54,01004,西田雄一,1:24.0,3.1/2,11-13,34.9,29.4,7,432(0),01064,[東]武藤善則,506800,シルクレーシング,110.0,,,,,,,,,,,"(*2,9)10(3,5)13(1,6)(7,14)(16,8,4,12)(18,11)(15,17)",11,4,0.0,False,"(*2,9)10(3,5)(1,6,13)-(8,14)(16,7)(4,12)18,11,15,17",13,2,3.5,False,-6,前日とほぼ同じ馬場差。速めの時計が出るレベルではあるが、前半3週と比べれば時計は掛かっており、高速馬場ではなかった。
201904020806,6,2歳新馬,芝,1400,晴,良,12:55,2019-08-18,新潟,5,3,5,2017100800,アチェロイス,牝2,53,01161,菊沢一樹,1:24.2,1.1/2,4-4,35.7,19.9,6,418(0),01115,[東]菊沢隆徳,851009,岡田牧雄,70.0,,,,,,,,,,,"(*2,9)10(3,5)13(1,6)(7,14)(16,8,4,12)(18,11)(15,17)",4,2,0.0,False,"(*2,9)10(3,5)(1,6,13)-(8,14)(16,7)(4,12)18,11,15,17",4,2,0.0,False,-6,前日とほぼ同じ馬場差。速めの時計が出るレベルではあるが、前半3週と比べれば時計は掛かっており、高速馬場ではなかった。
201904020806,6,2歳新馬,芝,1400,晴,良,12:55,2019-08-18,新潟,6,1,1,2017104691,ホウオウエミーズ,牝2,54,01075,田辺裕信,1:24.3,3/4,7-6,35.5,11.3,3,452(0),01150,[東]池上昌和,906033,小笹芳央,,,,,,,,,,,,"(*2,9)10(3,5)13(1,6)(7,14)(16,8,4,12)(18,11)(15,17)",7,2,0.0,False,"(*2,9)10(3,5)(1,6,13)-(8,14)(16,7)(4,12)18,11,15,17",6,3,0.0,False,-6,前日とほぼ同じ馬場差。速めの時計が出るレベルではあるが、前半3週と比べれば時計は掛かっており、高速馬場ではなかった。
201904020806,6,2歳新馬,芝,1400,晴,良,12:55,2019-08-18,新潟,7,8,17,2017106207,オウケンアマゾネス,牝2,54,01043,北村宏司,1:24.6,1.1/2,17-18,34.9,18.2,5,424(0),01165,[東]和田勇介,731006,福井明,,,,,,,,,,,,"(*2,9)10(3,5)13(1,6)(7,14)(16,8,4,12)(18,11)(15,17)",17,2,0.0,False,"(*2,9)10(3,5)(1,6,13)-(8,14)(16,7)(4,12)18,11,15,17",18,1,8.0,False,-6,前日とほぼ同じ馬場差。速めの時計が出るレベルではあるが、前半3週と比べれば時計は掛かっており、高速馬場ではなかった。
201904020806,6,2歳新馬,芝,1400,晴,良,12:55,2019-08-18,新潟,8,4,7,2017105893,セイウンヴィーナス,牝2,53,01158,野中悠太,1:24.6,アタマ,9-11,35.7,33.8,8,442(0),01056,[東]本間忍,897009,西山茂行,,,,,,,,,,,,"(*2,9)10(3,5)13(1,6)(7,14)(16,8,4,12)(18,11)(15,17)",9,2,0.0,False,"(*2,9)10(3,5)(1,6,13)-(8,14)(16,7)(4,12)18,11,15,17",11,2,3.5,False,-6,前日とほぼ同じ馬場差。速めの時計が出るレベルではあるが、前半3週と比べれば時計は掛かっており、高速馬場ではなかった。
201904020806,6,2歳新馬,芝,1400,晴,良,12:55,2019-08-18,新潟,9,1,2,2017104428,イマージュ,牝2,54,01153,木幡初也,1:24.6,クビ,1-1,36.4,263.3,15,416(0),01008,[東]杉浦宏昭,270006,島川隆哉,,,,,,,,,,,,"(*2,9)10(3,5)13(1,6)(7,14)(16,8,4,12)(18,11)(15,17)",1,2,0.0,True,"(*2,9)10(3,5)(1,6,13)-(8,14)(16,7)(4,12)18,11,15,17",1,2,0.0,True,-6,前日とほぼ同じ馬場差。速めの時計が出るレベルではあるが、前半3週と比べれば時計は掛かっており、高速馬場ではなかった。
201904020806,6,2歳新馬,芝,1400,晴,良,12:55,2019-08-18,新潟,10,7,13,2017102314,ビックマム,牝2,54,01034,酒井学,1:24.7,1/2,6-6,36.0,39.4,9,464(0),01069,[西]中尾秀正,948800,ジェイアール,,,,,,,,,,,,"(*2,9)10(3,5)13(1,6)(7,14)(16,8,4,12)(18,11)(15,17)",6,1,0.0,False,"(*2,9)10(3,5)(1,6,13)-(8,14)(16,7)(4,12)18,11,15,17",6,3,0.0,False,-6,前日とほぼ同じ馬場差。速めの時計が出るレベルではあるが、前半3週と比べれば時計は掛かっており、高速馬場ではなかった。
201904020806,6,2歳新馬,芝,1400,晴,良,12:55,2019-08-18,新潟,11,4,8,2017100973,ダイヤモンドリリー,牝2,54,01135,杉原誠人,1:24.7,ハナ,11-9,35.6,251.4,14,448(0),01035,[東]佐藤吉勝,855030,田頭勇貴,,,,,,,,,,,,"(*2,9)10(3,5)13(1,6)(7,14)(16,8,4,12)(18,11)(15,17)",11,4,0.0,False,"(*2,9)10(3,5)(1,6,13)-(8,14)(16,7)(4,12)18,11,15,17",9,2,3.5,False,-6,前日とほぼ同じ馬場差。速めの時計が出るレベルではあるが、前半3週と比べれば時計は掛かっており、高速馬場ではなかった。
201904020806,6,2歳新馬,芝,1400,晴,良,12:55,2019-08-18,新潟,12,8,16,2017103647,メンタピペリタ,牝2,54,01009,柴田大知,1:25.2,3,11-11,36.1,144.0,13,428(0),01133,[東]黒岩陽一,546800,サラブレッドクラブ・...,,,,,,,,,,,,"(*2,9)10(3,5)13(1,6)(7,14)(16,8,4,12)(18,11)(15,17)",11,4,0.0,False,"(*2,9)10(3,5)(1,6,13)-(8,14)(16,7)(4,12)18,11,15,17",11,2,3.5,False,-6,前日とほぼ同じ馬場差。速めの時計が出るレベルではあるが、前半3週と比べれば時計は掛かっており、高速馬場ではなかった。
201904020806,6,2歳新馬,芝,1400,晴,良,12:55,2019-08-18,新潟,13,8,18,2017104859,ラインキャロット,牝2,54,01029,武士沢友,1:25.2,クビ,15-15,35.9,118.2,12,436(0),01094,[東]水野貴広,796002,大澤繁昌,,,,,,,,,,,,"(*2,9)10(3,5)13(1,6)(7,14)(16,8,4,12)(18,11)(15,17)",15,2,0.0,False,"(*2,9)10(3,5)(1,6,13)-(8,14)(16,7)(4,12)18,11,15,17",15,1,3.5,False,-6,前日とほぼ同じ馬場差。速めの時計が出るレベルではあるが、前半3週と比べれば時計は掛かっており、高速馬場ではなかった。
201904020806,6,2歳新馬,芝,1400,晴,良,12:55,2019-08-18,新潟,14,3,6,2017104475,ネオアンビシャス,牝2,54,01117,丸田恭介,1:25.3,クビ,7-6,36.5,97.7,11,466(0),01163,[東]林徹,310800,ユートピア牧場,,,,,,,,,,,,"(*2,9)10(3,5)13(1,6)(7,14)(16,8,4,12)(18,11)(15,17)",7,2,0.0,False,"(*2,9)10(3,5)(1,6,13)-(8,14)(16,7)(4,12)18,11,15,17",6,3,0.0,False,-6,前日とほぼ同じ馬場差。速めの時計が出るレベルではあるが、前半3週と比べれば時計は掛かっており、高速馬場ではなかった。
201904020806,6,2歳新馬,芝,1400,晴,良,12:55,2019-08-18,新潟,15,7,14,2017104421,クロワ,牝2,54,00726,岩部純二,1:25.3,ハナ,9-9,36.4,362.9,18,400(0),01024,[東]萱野浩二,270006,島川隆哉,,,,,,,,,,,,"(*2,9)10(3,5)13(1,6)(7,14)(16,8,4,12)(18,11)(15,17)",9,2,0.0,False,"(*2,9)10(3,5)(1,6,13)-(8,14)(16,7)(4,12)18,11,15,17",9,2,3.5,False,-6,前日とほぼ同じ馬場差。速めの時計が出るレベルではあるが、前半3週と比べれば時計は掛かっており、高速馬場ではなかった。
201904020806,6,2歳新馬,芝,1400,晴,良,12:55,2019-08-18,新潟,16,6,12,2017104406,フォンテーヌ,牝2,54,00733,吉田豊,1:25.5,1.1/2,11-13,36.4,330.3,17,502(0),00392,[東]古賀史生,270006,島川隆哉,,,,,,,,,,,,"(*2,9)10(3,5)13(1,6)(7,14)(16,8,4,12)(18,11)(15,17)",11,4,0.0,False,"(*2,9)10(3,5)(1,6,13)-(8,14)(16,7)(4,12)18,11,15,17",13,2,3.5,False,-6,前日とほぼ同じ馬場差。速めの時計が出るレベルではあるが、前半3週と比べれば時計は掛かっており、高速馬場ではなかった。
201904020806,6,2歳新馬,芝,1400,晴,良,12:55,2019-08-18,新潟,17,6,11,2017100835,ラララ,牝2,54,01162,木幡巧也,1:25.8,1.1/2,15-16,36.4,88.8,10,412(0),01089,[東]武市康男,087803,ＨｉｍＲｏｃｋＲａｃ...,,,,,,,,,,,,"(*2,9)10(3,5)13(1,6)(7,14)(16,8,4,12)(18,11)(15,17)",15,2,0.0,False,"(*2,9)10(3,5)(1,6,13)-(8,14)(16,7)(4,12)18,11,15,17",16,1,5.0,False,-6,前日とほぼ同じ馬場差。速めの時計が出るレベルではあるが、前半3週と比べれば時計は掛かっており、高速馬場ではなかった。
201904020806,6,2歳新馬,芝,1400,晴,良,12:55,2019-08-18,新潟,18,7,15,2017100599,ジェイダ,牝2,52,01167,木幡育也,1:27.1,8,17-17,37.5,278.3,16,402(0),01035,[東]佐藤吉勝,054030,田端修,,,,,,,,,,,,"(*2,9)10(3,5)13(1,6)(7,14)(16,8,4,12)(18,11)(15,17)",17,2,0.0,False,"(*2,9)10(3,5)(1,6,13)-(8,14)(16,7)(4,12)18,11,15,17",17,1,6.5,False,-6,前日とほぼ同じ馬場差。速めの時計が出るレベルではあるが、前半3週と比べれば時計は掛かっており、高速馬場ではなかった。
201904020807,7,3歳未勝利,芝,1800,晴,良,13:25,2019-08-18,新潟,1,5,9,2016109007,メイオール,牝3,54,01092,津村明秀,1:47.0,,3-3,34.9,3.6,1,452(0),01051,[東]岩戸孝樹,075800,千明牧場,500.0,,,,,,,,,,,"15,14(6,9)(5,12)3-(1,10)(16,17)(4,18)11,7,8,2-13",3,2,1.5,False,"(*15,14)9(6,5)12,3-1,10(16,17)(4,18)11-(2,7)8-13",3,1,0.0,False,-6,前日とほぼ同じ馬場差。速めの時計が出るレベルではあるが、前半3週と比べれば時計は掛かっており、高速馬場ではなかった。
201904020807,7,3歳未勝利,芝,1800,晴,良,13:25,2019-08-18,新潟,2,3,5,2016100680,コスモビックラコグ,牡3,56,01009,柴田大知,1:47.1,3/4,5-4,34.7,18.4,8,476(0),01081,[東]中川公成,716800,ビッグレッドファーム,200.0,,,,,,,,,,,"15,14(6,9)(5,12)3-(1,10)(16,17)(4,18)11,7,8,2-13",5,2,1.5,False,"(*15,14)9(6,5)12,3-1,10(16,17)(4,18)11-(2,7)8-13",4,2,0.0,False,-6,前日とほぼ同じ馬場差。速めの時計が出るレベルではあるが、前半3週と比べれば時計は掛かっており、高速馬場ではなかった。
201904020807,7,3歳未勝利,芝,1800,晴,良,13:25,2019-08-18,新潟,3,2,3,2016104574,バチェロレッテ,牝3,54,01043,北村宏司,1:47.1,クビ,7-7,34.5,4.9,3,454(-2),01079,[東]古賀慎明,138007,吉田和美,130.0,,,,,,,,,,,"15,14(6,9)(5,12)3-(1,10)(16,17)(4,18)11,7,8,2-13",7,1,1.5,False,"(*15,14)9(6,5)12,3-1,10(16,17)(4,18)11-(2,7)8-13",7,1,1.5,False,-6,前日とほぼ同じ馬場差。速めの時計が出るレベルではあるが、前半3週と比べれば時計は掛かっており、高速馬場ではなかった。
201904020807,7,3歳未勝利,芝,1800,晴,良,13:25,2019-08-18,新潟,4,7,14,2016100682,コスモアイトーン,牡3,56,01162,木幡巧也,1:47.2,クビ,2-2,35.2,99.1,12,456(-4),01035,[東]佐藤吉勝,716800,ビッグレッドファーム,75.0,,,,,,,,,,,"15,14(6,9)(5,12)3-(1,10)(16,17)(4,18)11,7,8,2-13",2,1,1.5,False,"(*15,14)9(6,5)12,3-1,10(16,17)(4,18)11-(2,7)8-13",2,2,0.0,False,-6,前日とほぼ同じ馬場差。速めの時計が出るレベルではあるが、前半3週と比べれば時計は掛かっており、高速馬場ではなかった。
201904020807,7,3歳未勝利,芝,1800,晴,良,13:25,2019-08-18,新潟,5,3,6,2016103022,リーピングリーズン,牝3,54,01075,田辺裕信,1:47.3,1/2,3-4,35.0,17.1,7,498(+14),01145,[東]奥村武,854800,ノルマンディーサラブ...,50.0,,,,,,,,,,,"15,14(6,9)(5,12)3-(1,10)(16,17)(4,18)11,7,8,2-13",3,2,1.5,False,"(*15,14)9(6,5)12,3-1,10(16,17)(4,18)11-(2,7)8-13",4,2,0.0,False,-6,前日とほぼ同じ馬場差。速めの時計が出るレベルではあるが、前半3週と比べれば時計は掛かっており、高速馬場ではなかった。
201904020807,7,3歳未勝利,芝,1800,晴,良,13:25,2019-08-18,新潟,6,1,1,2016100761,ビジュティエ,牝3,53,01158,野中悠太,1:47.5,1,8-8,34.5,11.2,6,396(-8),01103,[東]尾関知人,546800,サラブレッドクラブ・...,,,,,,,,,,,,"15,14(6,9)(5,12)3-(1,10)(16,17)(4,18)11,7,8,2-13",8,2,5.0,False,"(*15,14)9(6,5)12,3-1,10(16,17)(4,18)11-(2,7)8-13",8,1,5.0,False,-6,前日とほぼ同じ馬場差。速めの時計が出るレベルではあるが、前半3週と比べれば時計は掛かっており、高速馬場ではなかった。
201904020807,7,3歳未勝利,芝,1800,晴,良,13:25,2019-08-18,新潟,7,6,11,2016104722,ハリスホーク,牡3,56,01122,三浦皇成,1:47.8,2,14-14,34.1,4.4,2,566(+14),01081,[東]中川公成,506800,シルクレーシング,,,,,,,,,,,,"15,14(6,9)(5,12)3-(1,10)(16,17)(4,18)11,7,8,2-13",14,1,5.0,False,"(*15,14)9(6,5)12,3-1,10(16,17)(4,18)11-(2,7)8-13",14,1,6.5,False,-6,前日とほぼ同じ馬場差。速めの時計が出るレベルではあるが、前半3週と比べれば時計は掛かっており、高速馬場ではなかった。
201904020807,7,3歳未勝利,芝,1800,晴,良,13:25,2019-08-18,新潟,8,7,15,2016104974,ナンヨーミカヅキ,牝3,51,01164,藤田菜七,1:48.1,2,1-1,36.1,10.0,5,390(+2),00420,[東]宗像義忠,512031,中村徳也,,,,,,,,,,,,"15,14(6,9)(5,12)3-(1,10)(16,17)(4,18)11,7,8,2-13",1,1,0.0,False,"(*15,14)9(6,5)12,3-1,10(16,17)(4,18)11-(2,7)8-13",1,2,0.0,True,-6,前日とほぼ同じ馬場差。速めの時計が出るレベルではあるが、前半3週と比べれば時計は掛かっており、高速馬場ではなかった。
201904020807,7,3歳未勝利,芝,1800,晴,良,13:25,2019-08-18,新潟,9,8,17,2016103100,ストイクス,牝3,54,00689,江田照男,1:48.3,1.1/4,10-10,34.9,43.6,10,414(+2),01059,[東]加藤征弘,249033,阿部友弘,,,,,,,,,,,,"15,14(6,9)(5,12)3-(1,10)(16,17)(4,18)11,7,8,2-13",10,2,5.0,False,"(*15,14)9(6,5)12,3-1,10(16,17)(4,18)11-(2,7)8-13",10,2,6.5,False,-6,前日とほぼ同じ馬場差。速めの時計が出るレベルではあるが、前半3週と比べれば時計は掛かっており、高速馬場ではなかった。
201904020807,7,3歳未勝利,芝,1800,晴,良,13:25,2019-08-18,新潟,10,6,12,2016103103,ブラックワンダー,牡3,56,00663,蛯名正義,1:48.4,1/2,5-6,35.9,44.2,11,460(+12),01141,[東]尾形和幸,909006,草間庸文,,,,,,,,,,,,"15,14(6,9)(5,12)3-(1,10)(16,17)(4,18)11,7,8,2-13",5,2,1.5,False,"(*15,14)9(6,5)12,3-1,10(16,17)(4,18)11-(2,7)8-13",6,1,0.0,False,-6,前日とほぼ同じ馬場差。速めの時計が出るレベルではあるが、前半3週と比べれば時計は掛かっており、高速馬場ではなかった。
201904020807,7,3歳未勝利,芝,1800,晴,良,13:25,2019-08-18,新潟,11,5,10,2016103548,ミツカネローズ,牝3,53,01166,川又賢治,1:48.7,2,8-9,35.4,7.2,4,444(+8),01056,[東]本間忍,006803,小山田満,,,,,,,,,,,,"15,14(6,9)(5,12)3-(1,10)(16,17)(4,18)11,7,8,2-13",8,2,5.0,False,"(*15,14)9(6,5)12,3-1,10(16,17)(4,18)11-(2,7)8-13",9,1,6.5,False,-6,前日とほぼ同じ馬場差。速めの時計が出るレベルではあるが、前半3週と比べれば時計は掛かっており、高速馬場ではなかった。
201904020807,7,3歳未勝利,芝,1800,晴,良,13:25,2019-08-18,新潟,12,1,2,2016104354,メルキュール,牝3,53,01169,武藤雅,1:48.8,3/4,17-15,34.8,28.9,9,464(+4),01054,[東]戸田博文,486800,キャロットファーム,,,,,,,,,,,,"15,14(6,9)(5,12)3-(1,10)(16,17)(4,18)11,7,8,2-13",17,1,9.5,False,"(*15,14)9(6,5)12,3-1,10(16,17)(4,18)11-(2,7)8-13",15,2,10.0,False,-6,前日とほぼ同じ馬場差。速めの時計が出るレベルではあるが、前半3週と比べれば時計は掛かっており、高速馬場ではなかった。
201904020807,7,3歳未勝利,芝,1800,晴,良,13:25,2019-08-18,新潟,13,7,13,2016103400,ヒマワリオジョウ,牝3,51,01177,小林凌大,1:49.0,1.1/4,18-18,34.3,311.8,16,414(+3),01010,[東]中野栄治,864004,石井義孝,,,,,,,,,,,,"15,14(6,9)(5,12)3-(1,10)(16,17)(4,18)11,7,8,2-13",18,1,13.0,False,"(*15,14)9(6,5)12,3-1,10(16,17)(4,18)11-(2,7)8-13",18,1,13.5,False,-6,前日とほぼ同じ馬場差。速めの時計が出るレベルではあるが、前半3週と比べれば時計は掛かっており、高速馬場ではなかった。
201904020807,7,3歳未勝利,芝,1800,晴,良,13:25,2019-08-18,新潟,14,8,18,2016106564,ラスボス,牡3,56,01051,嘉藤貴行,1:49.2,1.1/4,12-12,35.5,362.5,17,498(+6),01112,[東]田島俊明,888800,ＣＨＥＶＡＬＡＴＴＡ...,,,,,,,,,,,,"15,14(6,9)(5,12)3-(1,10)(16,17)(4,18)11,7,8,2-13",12,2,5.0,False,"(*15,14)9(6,5)12,3-1,10(16,17)(4,18)11-(2,7)8-13",12,2,6.5,False,-6,前日とほぼ同じ馬場差。速めの時計が出るレベルではあるが、前半3週と比べれば時計は掛かっており、高速馬場ではなかった。
201904020807,7,3歳未勝利,芝,1800,晴,良,13:25,2019-08-18,新潟,15,4,7,2016105468,ダークオブザナイト,牡3,55,01161,菊沢一樹,1:49.4,1.1/4,15-15,35.3,194.7,13,500(-4),01103,[東]尾関知人,854800,ノルマンディーサラブ...,,,,,,,,,,,,"15,14(6,9)(5,12)3-(1,10)(16,17)(4,18)11,7,8,2-13",15,1,6.5,False,"(*15,14)9(6,5)12,3-1,10(16,17)(4,18)11-(2,7)8-13",15,2,10.0,False,-6,前日とほぼ同じ馬場差。速めの時計が出るレベルではあるが、前半3週と比べれば時計は掛かっており、高速馬場ではなかった。
201904020807,7,3歳未勝利,芝,1800,晴,良,13:25,2019-08-18,新潟,16,8,16,2016103587,モンスタープリンス,牡3,56,01153,木幡初也,1:49.6,1.1/2,10-10,36.2,300.4,14,482(-14),01008,[東]杉浦宏昭,067700,ホースアディクト,,,,,,,,,,,,"15,14(6,9)(5,12)3-(1,10)(16,17)(4,18)11,7,8,2-13",10,2,5.0,False,"(*15,14)9(6,5)12,3-1,10(16,17)(4,18)11-(2,7)8-13",10,2,6.5,False,-6,前日とほぼ同じ馬場差。速めの時計が出るレベルではあるが、前半3週と比べれば時計は掛かっており、高速馬場ではなかった。
201904020807,7,3歳未勝利,芝,1800,晴,良,13:25,2019-08-18,新潟,17,4,8,2016101132,ハロールーラー,牡3,56,01149,伴啓太,1:49.7,1/2,16-17,35.2,495.5,18,408(-2),01036,[東]高橋義博,457002,海谷幸司,,,,,,,,,,,,"15,14(6,9)(5,12)3-(1,10)(16,17)(4,18)11,7,8,2-13",16,1,8.0,False,"(*15,14)9(6,5)12,3-1,10(16,17)(4,18)11-(2,7)8-13",17,1,10.0,False,-6,前日とほぼ同じ馬場差。速めの時計が出るレベルではあるが、前半3週と比べれば時計は掛かっており、高速馬場ではなかった。
201904020807,7,3歳未勝利,芝,1800,晴,良,13:25,2019-08-18,新潟,18,2,4,2016102950,マリノスピカ,牝3,54,01150,石川裕紀,1:50.6,5,12-12,36.8,304.4,15,482(+14),01090,[東]天間昭一,817033,和田志保,,,,,,,,,,,,"15,14(6,9)(5,12)3-(1,10)(16,17)(4,18)11,7,8,2-13",12,2,5.0,False,"(*15,14)9(6,5)12,3-1,10(16,17)(4,18)11-(2,7)8-13",12,2,6.5,False,-6,前日とほぼ同じ馬場差。速めの時計が出るレベルではあるが、前半3週と比べれば時計は掛かっており、高速馬場ではなかった。
201904020808,8,3歳以上500万下,ダ,1800,晴,良,13:55,2019-08-18,新潟,1,6,7,2016104257,サトノファイター,牡3,54,00641,柴田善臣,1:53.3,,2-2-2-2,37.8,5.4,3,476(+6),01136,[西]高橋亮,075803,サトミホースカンパニ...,750.0,"6,7,8(3,10)11-9,1,2-(5,4)",2,1,1.5,False,"6,7,8(3,10)11-(1,9)2,5,4",2,1,1.5,False,"6,7,8(3,10,9)(1,11)(4,2)5",2,1,1.5,False,"6,7-(3,8,9)(1,11)(4,10,2)5",2,1,1.5,False,1,
201904020808,8,3歳以上500万下,ダ,1800,晴,良,13:55,2019-08-18,新潟,2,7,9,2015100093,ユイノチョッパー,牡4,56,01158,野中悠太,1:53.5,1.1/4,7-7-4-3,37.6,7.9,4,500(-2),01152,[東]竹内正洋,044803,由井健太郎,300.0,"6,7,8(3,10)11-9,1,2-(5,4)",7,1,6.5,False,"6,7,8(3,10)11-(1,9)2,5,4",7,2,6.5,False,"6,7,8(3,10,9)(1,11)(4,2)5",4,3,3.0,False,"6,7-(3,8,9)(1,11)(4,10,2)5",3,3,5.0,False,1,
201904020808,8,3歳以上500万下,ダ,1800,晴,良,13:55,2019-08-18,新潟,3,8,11,2015103592,グログラン,牝4,55,01029,武士沢友,1:53.8,2,6-6-7-6,37.8,24.8,9,484(+8),01163,[東]林徹,477030,藤澤眞佐子,190.0,"6,7,8(3,10)11-9,1,2-(5,4)",6,1,3.0,False,"6,7,8(3,10)11-(1,9)2,5,4",6,1,3.0,False,"6,7,8(3,10,9)(1,11)(4,2)5",7,2,3.0,False,"6,7-(3,8,9)(1,11)(4,10,2)5",6,2,5.0,False,1,
201904020808,8,3歳以上500万下,ダ,1800,晴,良,13:55,2019-08-18,新潟,4,1,1,2016103414,ノーベルプライズ,牡3,54,01122,三浦皇成,1:53.9,1/2,8-7-7-6,37.9,2.9,1,500(-6),00392,[東]古賀史生,729005,平賀久枝,110.0,"6,7,8(3,10)11-9,1,2-(5,4)",8,1,8.0,False,"6,7,8(3,10)11-(1,9)2,5,4",7,2,6.5,False,"6,7,8(3,10,9)(1,11)(4,2)5",7,2,3.0,False,"6,7-(3,8,9)(1,11)(4,10,2)5",6,2,5.0,False,1,
201904020808,8,3歳以上500万下,ダ,1800,晴,良,13:55,2019-08-18,新潟,5,3,3,2016105671,シゲルヒスイ,牡3,51,01164,藤田菜七,1:54.0,クビ,4-4-4-3,38.2,3.7,2,478(-4),01023,[東]伊藤圭三,674004,森中蕃,75.0,"6,7,8(3,10)11-9,1,2-(5,4)",4,2,3.0,False,"6,7,8(3,10)11-(1,9)2,5,4",4,2,3.0,False,"6,7,8(3,10,9)(1,11)(4,2)5",4,3,3.0,False,"6,7-(3,8,9)(1,11)(4,10,2)5",3,3,5.0,False,1,
201904020808,8,3歳以上500万下,ダ,1800,晴,良,13:55,2019-08-18,新潟,6,2,2,2015100851,キタノナシラ,セ4,54,01173,山田敬士,1:54.4,2.1/2,9-9-9-8,38.1,13.2,6,476(+4),01014,[東]高市圭二,163002,北所直人,,"6,7,8(3,10)11-9,1,2-(5,4)",9,1,9.5,False,"6,7,8(3,10)11-(1,9)2,5,4",9,1,6.5,False,"6,7,8(3,10,9)(1,11)(4,2)5",9,2,3.0,False,"6,7-(3,8,9)(1,11)(4,10,2)5",8,3,5.0,False,1,
201904020808,8,3歳以上500万下,ダ,1800,晴,良,13:55,2019-08-18,新潟,7,4,4,2012105606,レンズフルパワー,牡7,57,01009,柴田大知,1:54.4,ハナ,10-11-9-8,38.1,20.1,7,518(0),00437,[東]南田美知,307033,田畑富子,,"6,7,8(3,10)11-9,1,2-(5,4)",10,2,13.0,False,"6,7,8(3,10)11-(1,9)2,5,4",11,1,9.5,False,"6,7,8(3,10,9)(1,11)(4,2)5",9,2,3.0,False,"6,7-(3,8,9)(1,11)(4,10,2)5",8,3,5.0,False,1,
201904020808,8,3歳以上500万下,ダ,1800,晴,良,13:55,2019-08-18,新潟,8,6,6,2016104023,トレイントレイン,牡3,54,01004,西田雄一,1:54.6,1.1/2,1-1-1-1,39.3,27.7,10,518(-2),01150,[東]池上昌和,050803,ＭＭＣ,,"6,7,8(3,10)11-9,1,2-(5,4)",1,1,0.0,False,"6,7,8(3,10)11-(1,9)2,5,4",1,1,0.0,False,"6,7,8(3,10,9)(1,11)(4,2)5",1,1,0.0,False,"6,7-(3,8,9)(1,11)(4,10,2)5",1,1,0.0,False,1,
201904020808,8,3歳以上500万下,ダ,1800,晴,良,13:55,2019-08-18,新潟,9,7,8,2016105100,ジュンアサヒダケ,牡3,53,01169,武藤雅,1:54.8,1.1/2,3-3-3-3,39.1,12.6,5,502(+6),01118,[東]高柳瑞樹,165033,河合純二,,"6,7,8(3,10)11-9,1,2-(5,4)",3,1,3.0,False,"6,7,8(3,10)11-(1,9)2,5,4",3,1,3.0,False,"6,7,8(3,10,9)(1,11)(4,2)5",3,1,3.0,False,"6,7-(3,8,9)(1,11)(4,10,2)5",3,3,5.0,False,1,
201904020808,8,3歳以上500万下,ダ,1800,晴,良,13:55,2019-08-18,新潟,10,5,5,2013102530,フッカツノノロシ,牡6,54,01177,小林凌大,1:55.9,7,10-10-11-11,39.5,51.2,11,502(-6),01005,[東]小桧山悟,615030,福田光博,,"6,7,8(3,10)11-9,1,2-(5,4)",10,2,13.0,False,"6,7,8(3,10)11-(1,9)2,5,4",10,1,8.0,False,"6,7,8(3,10,9)(1,11)(4,2)5",11,1,3.0,False,"6,7-(3,8,9)(1,11)(4,10,2)5",11,1,5.0,False,1,
201904020808,8,3歳以上500万下,ダ,1800,晴,良,13:55,2019-08-18,新潟,11,8,10,2015104489,ロンギングファロー,セ4,57,01162,木幡巧也,1:56.1,1.1/4,4-4-4-8,40.2,23.8,8,464(+6),01118,[東]高柳瑞樹,113030,坂本浩一,,"6,7,8(3,10)11-9,1,2-(5,4)",4,2,3.0,False,"6,7,8(3,10)11-(1,9)2,5,4",4,2,3.0,False,"6,7,8(3,10,9)(1,11)(4,2)5",4,3,3.0,False,"6,7-(3,8,9)(1,11)(4,10,2)5",8,3,5.0,False,1,
201904020809,9,出雲崎特別(1勝),芝,2000,晴,良,14:26,2019-08-18,新潟,1,8,8,2016104319,サトノエルドール,牡3,54,01075,田辺裕信,2:00.0,,4-3,33.2,1.8,1,464(+4),00399,[東]国枝栄,075803,サトミホースカンパニ...,"1,074.5",,,,,,,,,,,"5-7,2(6,8)1,4,3",4,2,5.0,False,"5,7(2,8)6(1,4)3",3,2,1.5,False,-6,前日とほぼ同じ馬場差。速めの時計が出るレベルではあるが、前半3週と比べれば時計は掛かっており、高速馬場ではなかった。
201904020809,9,出雲崎特別(1勝),芝,2000,晴,良,14:26,2019-08-18,新潟,2,7,7,2016104907,バラックパリンカ,牡3,54,01092,津村明秀,2:00.2,1.1/2,2-2,33.5,8.1,4,438(+4),01082,[西]平田修,415800,社台レースホース,427.0,,,,,,,,,,,"5-7,2(6,8)1,4,3",2,1,3.5,False,"5,7(2,8)6(1,4)3",2,1,1.5,False,-6,前日とほぼ同じ馬場差。速めの時計が出るレベルではあるが、前半3週と比べれば時計は掛かっており、高速馬場ではなかった。
201904020809,9,出雲崎特別(1勝),芝,2000,晴,良,14:26,2019-08-18,新潟,3,5,5,2016102273,モンブランテソーロ,牡3,54,01122,三浦皇成,2:00.4,1.1/4,1-1,33.8,4.5,3,478(-2),01147,[東]武井亮,089803,了徳寺健二ホールディ...,263.5,,,,,,,,,,,"5-7,2(6,8)1,4,3",1,1,0.0,False,"5,7(2,8)6(1,4)3",1,1,0.0,False,-6,前日とほぼ同じ馬場差。速めの時計が出るレベルではあるが、前半3週と比べれば時計は掛かっており、高速馬場ではなかった。
201904020809,9,出雲崎特別(1勝),芝,2000,晴,良,14:26,2019-08-18,新潟,4,2,2,2016104720,キタサンバルカン,牡3,54,01043,北村宏司,2:00.4,クビ,3-3,33.5,2.9,2,434(+2),01145,[東]奥村武,373800,大野商事,160.0,,,,,,,,,,,"5-7,2(6,8)1,4,3",3,1,5.0,False,"5,7(2,8)6(1,4)3",3,2,1.5,False,-6,前日とほぼ同じ馬場差。速めの時計が出るレベルではあるが、前半3週と比べれば時計は掛かっており、高速馬場ではなかった。
201904020809,9,出雲崎特別(1勝),芝,2000,晴,良,14:26,2019-08-18,新潟,5,4,4,2015104557,プロトスター,セ4,57,00733,吉田豊,2:00.9,3,7-6,33.7,44.4,5,472(+4),01054,[東]戸田博文,415800,社台レースホース,105.0,,,,,,,,,,,"5-7,2(6,8)1,4,3",7,1,6.5,False,"5,7(2,8)6(1,4)3",6,2,1.5,False,-6,前日とほぼ同じ馬場差。速めの時計が出るレベルではあるが、前半3週と比べれば時計は掛かっており、高速馬場ではなかった。
201904020809,9,出雲崎特別(1勝),芝,2000,晴,良,14:26,2019-08-18,新潟,6,1,1,2014101590,シャイニードライヴ,セ5,57,01162,木幡巧也,2:01.2,1.3/4,6-6,33.9,109.5,6,436(-6),01035,[東]佐藤吉勝,531006,小林昌志,,,,,,,,,,,,"5-7,2(6,8)1,4,3",6,1,5.0,False,"5,7(2,8)6(1,4)3",6,2,1.5,False,-6,前日とほぼ同じ馬場差。速めの時計が出るレベルではあるが、前半3週と比べれば時計は掛かっており、高速馬場ではなかった。
201904020809,9,出雲崎特別(1勝),芝,2000,晴,良,14:26,2019-08-18,新潟,7,3,3,2014101390,グリトニル,牡5,57,01149,伴啓太,2:01.8,3.1/2,8-8,34.3,159.8,7,440(+4),01030,[東]星野忍,970006,栗本博晴,,,,,,,,,,,,"5-7,2(6,8)1,4,3",8,1,8.0,False,"5,7(2,8)6(1,4)3",8,1,1.5,False,-6,前日とほぼ同じ馬場差。速めの時計が出るレベルではあるが、前半3週と比べれば時計は掛かっており、高速馬場ではなかった。
201904020809,9,出雲崎特別(1勝),芝,2000,晴,良,14:26,2019-08-18,新潟,8,6,6,2016105944,ストロングコンビ,牡3,54,01009,柴田大知,2:02.2,2.1/2,4-5,35.0,192.3,8,472(+2),01143,[東]和田雄二,772002,西村新一郎,,,,,,,,,,,,"5-7,2(6,8)1,4,3",4,2,5.0,False,"5,7(2,8)6(1,4)3",5,1,1.5,False,-6,前日とほぼ同じ馬場差。速めの時計が出るレベルではあるが、前半3週と比べれば時計は掛かっており、高速馬場ではなかった。
201904020810,10,阿賀野川特別(2勝),芝,2200,晴,良,15:01,2019-08-18,新潟,1,4,5,2016104816,ホウオウサーベル,牡3,54,00663,蛯名正義,2:11.7,,6-5-4-2,34.9,2.5,1,488(+6),01145,[東]奥村武,906033,小笹芳央,"1,528.0","12,4-13,7-11,5,1,6(3,8)-10,9,2",6,1,11.5,False,"12,4-13-7(11,5)-1,6(3,8)-10-9,2",5,2,8.5,False,"12-4-13(7,5)8(11,1)6(3,10)(9,2)",4,2,7.0,False,"12-(4,13,5)(7,8)(11,1)6,3(10,2)9",2,3,3.5,False,-6,前日とほぼ同じ馬場差。速めの時計が出るレベルではあるが、前半3週と比べれば時計は掛かっており、高速馬場ではなかった。
201904020810,10,阿賀野川特別(2勝),芝,2200,晴,良,15:01,2019-08-18,新潟,2,6,8,2016104840,プランドラー,牡3,54,01075,田辺裕信,2:12.5,5,9-9-6-5,35.6,3.3,2,476(+2),01071,[西]池江泰寿,226800,サンデーレーシング,608.0,"12,4-13,7-11,5,1,6(3,8)-10,9,2",9,2,14.5,False,"12,4-13-7(11,5)-1,6(3,8)-10-9,2",9,2,13.5,False,"12-4-13(7,5)8(11,1)6(3,10)(9,2)",6,1,7.0,False,"12-(4,13,5)(7,8)(11,1)6,3(10,2)9",5,2,3.5,False,-6,前日とほぼ同じ馬場差。速めの時計が出るレベルではあるが、前半3週と比べれば時計は掛かっており、高速馬場ではなかった。
201904020810,10,阿賀野川特別(2勝),芝,2200,晴,良,15:01,2019-08-18,新潟,3,8,13,2014105935,ダノンクライム,牡5,57,01166,川又賢治,2:12.6,3/4,3-3-3-2,35.9,8.7,4,524(0),01158,[西]寺島良,619800,ダノックス,384.0,"12,4-13,7-11,5,1,6(3,8)-10,9,2",3,1,5.0,False,"12,4-13-7(11,5)-1,6(3,8)-10-9,2",3,1,5.0,False,"12-4-13(7,5)8(11,1)6(3,10)(9,2)",3,1,7.0,False,"12-(4,13,5)(7,8)(11,1)6,3(10,2)9",2,3,3.5,False,-6,前日とほぼ同じ馬場差。速めの時計が出るレベルではあるが、前半3週と比べれば時計は掛かっており、高速馬場ではなかった。
201904020810,10,阿賀野川特別(2勝),芝,2200,晴,良,15:01,2019-08-18,新潟,4,6,9,2015103528,プルンクザール,牡4,57,01169,武藤雅,2:12.6,ハナ,12-12-12-13,34.9,12.4,5,464(-2),01022,[西]石坂正,281008,水上ふじ子,230.0,"12,4-13,7-11,5,1,6(3,8)-10,9,2",12,1,19.5,False,"12,4-13-7(11,5)-1,6(3,8)-10-9,2",12,1,20.5,False,"12-4-13(7,5)8(11,1)6(3,10)(9,2)",12,2,7.0,False,"12-(4,13,5)(7,8)(11,1)6,3(10,2)9",13,1,5.0,False,-6,前日とほぼ同じ馬場差。速めの時計が出るレベルではあるが、前半3週と比べれば時計は掛かっており、高速馬場ではなかった。
201904020810,10,阿賀野川特別(2勝),芝,2200,晴,良,15:01,2019-08-18,新潟,5,5,7,2013105858,ブラックプラチナム,牡6,57,01043,北村宏司,2:12.7,1/2,4-4-4-5,35.9,6.3,3,502(+12),01127,[東]栗田徹,790005,吉田勝己,150.0,"12,4-13,7-11,5,1,6(3,8)-10,9,2",4,1,6.5,False,"12,4-13-7(11,5)-1,6(3,8)-10-9,2",4,1,8.5,False,"12-4-13(7,5)8(11,1)6(3,10)(9,2)",4,2,7.0,False,"12-(4,13,5)(7,8)(11,1)6,3(10,2)9",5,2,3.5,False,-6,前日とほぼ同じ馬場差。速めの時計が出るレベルではあるが、前半3週と比べれば時計は掛かっており、高速馬場ではなかった。
201904020810,10,阿賀野川特別(2勝),芝,2200,晴,良,15:01,2019-08-18,新潟,6,2,2,2013105519,スクエアフォールド,セ6,57,01122,三浦皇成,2:12.8,3/4,13-13-12-11,35.1,26.1,7,474(-8),01023,[東]伊藤圭三,415800,社台レースホース,,"12,4-13,7-11,5,1,6(3,8)-10,9,2",13,1,21.0,False,"12,4-13-7(11,5)-1,6(3,8)-10-9,2",13,1,22.0,False,"12-4-13(7,5)8(11,1)6(3,10)(9,2)",12,2,7.0,False,"12-(4,13,5)(7,8)(11,1)6,3(10,2)9",11,2,5.0,False,-6,前日とほぼ同じ馬場差。速めの時計が出るレベルではあるが、前半3週と比べれば時計は掛かっており、高速馬場ではなかった。
201904020810,10,阿賀野川特別(2勝),芝,2200,晴,良,15:01,2019-08-18,新潟,7,5,6,2014106360,ナムラマル,牡5,57,00641,柴田善臣,2:12.8,クビ,8-8-9-9,35.6,38.2,8,526(-4),01110,[西]清水久詞,945004,奈村信重,,"12,4-13,7-11,5,1,6(3,8)-10,9,2",8,1,14.5,False,"12,4-13-7(11,5)-1,6(3,8)-10-9,2",8,1,13.5,False,"12-4-13(7,5)8(11,1)6(3,10)(9,2)",9,1,7.0,False,"12-(4,13,5)(7,8)(11,1)6,3(10,2)9",9,1,3.5,False,-6,前日とほぼ同じ馬場差。速めの時計が出るレベルではあるが、前半3週と比べれば時計は掛かっており、高速馬場ではなかった。
201904020810,10,阿賀野川特別(2勝),芝,2200,晴,良,15:01,2019-08-18,新潟,8,8,12,2015101070,プラチナアッシュ,セ4,57,01161,菊沢一樹,2:13.0,1.1/4,1-1-1-1,37.2,63.1,11,468(0),01158,[西]寺島良,078006,畑佐博,,"12,4-13,7-11,5,1,6(3,8)-10,9,2",1,1,0.0,False,"12,4-13-7(11,5)-1,6(3,8)-10-9,2",1,1,0.0,False,"12-4-13(7,5)8(11,1)6(3,10)(9,2)",1,1,0.0,False,"12-(4,13,5)(7,8)(11,1)6,3(10,2)9",1,1,0.0,False,-6,前日とほぼ同じ馬場差。速めの時計が出るレベルではあるが、前半3週と比べれば時計は掛かっており、高速馬場ではなかった。
201904020810,10,阿賀野川特別(2勝),芝,2200,晴,良,15:01,2019-08-18,新潟,9,7,10,2014101095,ロードアルバータ,セ5,57,00689,江田照男,2:13.3,1.3/4,11-11-10-11,35.8,53.5,10,456(-2),01052,[東]菊川正達,170800,ロードホースクラブ,,"12,4-13,7-11,5,1,6(3,8)-10,9,2",11,1,18.0,False,"12,4-13-7(11,5)-1,6(3,8)-10-9,2",11,1,17.0,False,"12-4-13(7,5)8(11,1)6(3,10)(9,2)",10,2,7.0,False,"12-(4,13,5)(7,8)(11,1)6,3(10,2)9",11,2,5.0,False,-6,前日とほぼ同じ馬場差。速めの時計が出るレベルではあるが、前半3週と比べれば時計は掛かっており、高速馬場ではなかった。
201904020810,10,阿賀野川特別(2勝),芝,2200,晴,良,15:01,2019-08-18,新潟,10,7,11,2014105448,スターライトブルー,牡5,57,00733,吉田豊,2:13.5,1,5-5-7-7,36.4,172.8,13,516(+12),01054,[東]戸田博文,831800,青芝商事,,"12,4-13,7-11,5,1,6(3,8)-10,9,2",5,1,10.0,False,"12,4-13-7(11,5)-1,6(3,8)-10-9,2",5,2,8.5,False,"12-4-13(7,5)8(11,1)6(3,10)(9,2)",7,2,7.0,False,"12-(4,13,5)(7,8)(11,1)6,3(10,2)9",7,2,3.5,False,-6,前日とほぼ同じ馬場差。速めの時計が出るレベルではあるが、前半3週と比べれば時計は掛かっており、高速馬場ではなかった。
201904020810,10,阿賀野川特別(2勝),芝,2200,晴,良,15:01,2019-08-18,新潟,11,3,3,2014101302,ヴァンベールシチー,牡5,57,01158,野中悠太,2:13.6,1/2,9-9-10-10,36.2,52.6,9,428(-8),01150,[東]池上昌和,321800,友駿ホースクラブ,,"12,4-13,7-11,5,1,6(3,8)-10,9,2",9,2,14.5,False,"12,4-13-7(11,5)-1,6(3,8)-10-9,2",9,2,13.5,False,"12-4-13(7,5)8(11,1)6(3,10)(9,2)",10,2,7.0,False,"12-(4,13,5)(7,8)(11,1)6,3(10,2)9",10,1,5.0,False,-6,前日とほぼ同じ馬場差。速めの時計が出るレベルではあるが、前半3週と比べれば時計は掛かっており、高速馬場ではなかった。
201904020810,10,阿賀野川特別(2勝),芝,2200,晴,良,15:01,2019-08-18,新潟,12,1,1,2014102038,マスラオ,セ5,57,01119,伊藤工真,2:13.6,アタマ,7-7-7-7,36.6,147.9,12,442(+8),01132,[東]金成貴史,098803,Ｇリビエール・レーシ...,,"12,4-13,7-11,5,1,6(3,8)-10,9,2",7,1,13.0,False,"12,4-13-7(11,5)-1,6(3,8)-10-9,2",7,1,12.0,False,"12-4-13(7,5)8(11,1)6(3,10)(9,2)",7,2,7.0,False,"12-(4,13,5)(7,8)(11,1)6,3(10,2)9",7,2,3.5,False,-6,前日とほぼ同じ馬場差。速めの時計が出るレベルではあるが、前半3週と比べれば時計は掛かっており、高速馬場ではなかった。
201904020810,10,阿賀野川特別(2勝),芝,2200,晴,良,15:01,2019-08-18,新潟,13,4,4,2014104595,ブラックジェイド,牡5,57,00684,田中勝春,2:14.7,7,2-2-2-2,38.5,13.3,6,536(+16),01044,[西]昆貢,854800,ノルマンディーサラブ...,,"12,4-13,7-11,5,1,6(3,8)-10,9,2",2,1,1.5,False,"12,4-13-7(11,5)-1,6(3,8)-10-9,2",2,1,1.5,False,"12-4-13(7,5)8(11,1)6(3,10)(9,2)",2,1,3.5,False,"12-(4,13,5)(7,8)(11,1)6,3(10,2)9",2,3,3.5,False,-6,前日とほぼ同じ馬場差。速めの時計が出るレベルではあるが、前半3週と比べれば時計は掛かっており、高速馬場ではなかった。
201904020811,11,NST賞(OP),ダ,1200,晴,良,15:35,2019-08-18,新潟,1,8,15,2014105431,ストロベリームーン,牝5,53,00641,柴田善臣,1:10.3,,4-4,35.9,2.9,1,446(+2),01087,[西]庄野靖志,887800,ＮＩＣＫＳ,"2,234.3",,,,,,,,,,,"(*11,12)13,15(8,10)(4,9)6(7,14)-(1,5)(2,3)",4,1,1.5,False,"(*11,12)13(10,15)(8,4,9)(6,7,14)(1,5)2,3",4,2,0.0,False,-2,
201904020811,11,NST賞(OP),ダ,1200,晴,良,15:35,2019-08-18,新潟,2,7,12,2015110028,アメリカンファクト,牡4,52,01169,武藤雅,1:10.5,1,2-2,36.4,5.7,2,508(+6),01054,[東]戸田博文,367008,吉澤克己,889.8,,,,,,,,,,,"(*11,12)13,15(8,10)(4,9)6(7,14)-(1,5)(2,3)",2,2,0.0,False,"(*11,12)13(10,15)(8,4,9)(6,7,14)(1,5)2,3",2,2,0.0,False,-2,
201904020811,11,NST賞(OP),ダ,1200,晴,良,15:35,2019-08-18,新潟,3,4,7,2012101489,ドリームドルチェ,牡7,55,01117,丸田恭介,1:10.8,2,10-9,35.9,9.0,4,510(-6),01029,[東]根本康広,542800,ライオンレースホース,554.9,,,,,,,,,,,"(*11,12)13,15(8,10)(4,9)6(7,14)-(1,5)(2,3)",10,2,1.5,False,"(*11,12)13(10,15)(8,4,9)(6,7,14)(1,5)2,3",9,3,0.0,False,-2,
201904020811,11,NST賞(OP),ダ,1200,晴,良,15:35,2019-08-18,新潟,4,6,11,2014104410,スズカコーズライン,牡5,54,01034,酒井学,1:10.9,1/2,1-1,36.8,11.2,5,508(0),01033,[西]木原一良,382004,永井啓弍,330.0,,,,,,,,,,,"(*11,12)13,15(8,10)(4,9)6(7,14)-(1,5)(2,3)",1,2,0.0,True,"(*11,12)13(10,15)(8,4,9)(6,7,14)(1,5)2,3",1,2,0.0,True,-2,
201904020811,11,NST賞(OP),ダ,1200,晴,良,15:35,2019-08-18,新潟,5,3,5,2014101173,アディラート,牡5,55,00684,田中勝春,1:10.9,アタマ,12-12,35.6,12.6,6,506(-2),01105,[西]須貝尚介,271008,安原浩司,220.0,,,,,,,,,,,"(*11,12)13,15(8,10)(4,9)6(7,14)-(1,5)(2,3)",12,2,5.0,False,"(*11,12)13(10,15)(8,4,9)(6,7,14)(1,5)2,3",12,2,0.0,False,-2,
201904020811,11,NST賞(OP),ダ,1200,晴,良,15:35,2019-08-18,新潟,6,6,10,2015106226,クイーンズテソーロ,牝4,53,01162,木幡巧也,1:10.9,アタマ,5-4,36.4,17.0,8,460(0),01048,[東]畠山吉宏,089803,了徳寺健二ホールディ...,,,,,,,,,,,,"(*11,12)13,15(8,10)(4,9)6(7,14)-(1,5)(2,3)",5,2,1.5,False,"(*11,12)13(10,15)(8,4,9)(6,7,14)(1,5)2,3",4,2,0.0,False,-2,
201904020811,11,NST賞(OP),ダ,1200,晴,良,15:35,2019-08-18,新潟,7,5,9,2013101678,ウインオスカー,牡6,55,01122,三浦皇成,1:11.2,1.3/4,7-6,36.5,6.9,3,508(+2),01050,[西]飯田雄三,494800,ウイン,,,,,,,,,,,,"(*11,12)13,15(8,10)(4,9)6(7,14)-(1,5)(2,3)",7,2,1.5,False,"(*11,12)13(10,15)(8,4,9)(6,7,14)(1,5)2,3",6,3,0.0,False,-2,
201904020811,11,NST賞(OP),ダ,1200,晴,良,15:35,2019-08-18,新潟,8,4,6,2011101046,ベック,牡8,54,01043,北村宏司,1:11.2,ハナ,9-9,36.4,76.6,13,514(0),01113,[西]牧浦充徳,425006,細川祐季子,,,,,,,,,,,,"(*11,12)13,15(8,10)(4,9)6(7,14)-(1,5)(2,3)",9,1,1.5,False,"(*11,12)13(10,15)(8,4,9)(6,7,14)(1,5)2,3",9,3,0.0,False,-2,
201904020811,11,NST賞(OP),ダ,1200,晴,良,15:35,2019-08-18,新潟,9,5,8,2013100991,モズワッショイ,牝6,51,01164,藤田菜七,1:11.2,アタマ,5-6,36.6,35.6,11,418(+2),01113,[西]牧浦充徳,005803,キャピタル・システム,,,,,,,,,,,,"(*11,12)13,15(8,10)(4,9)6(7,14)-(1,5)(2,3)",5,2,1.5,False,"(*11,12)13(10,15)(8,4,9)(6,7,14)(1,5)2,3",6,3,0.0,False,-2,
201904020811,11,NST賞(OP),ダ,1200,晴,良,15:35,2019-08-18,新潟,10,2,3,2012103540,タイセイプレシャス,セ7,51,01166,川又賢治,1:11.5,1.3/4,14-15,36.0,70.4,12,472(-6),01150,[東]池上昌和,224007,田中成奉,,,,,,,,,,,,"(*11,12)13,15(8,10)(4,9)6(7,14)-(1,5)(2,3)",14,2,5.0,False,"(*11,12)13(10,15)(8,4,9)(6,7,14)(1,5)2,3",15,1,1.5,False,-2,
201904020811,11,NST賞(OP),ダ,1200,晴,良,15:35,2019-08-18,新潟,11,3,4,2012103724,ブルミラコロ,牡7,56,01150,石川裕紀,1:11.9,2.1/2,7-6,37.2,17.3,9,514(-8),01058,[西]大久保龍,349033,高田秀信,,,,,,,,,,,,"(*11,12)13,15(8,10)(4,9)6(7,14)-(1,5)(2,3)",7,2,1.5,False,"(*11,12)13(10,15)(8,4,9)(6,7,14)(1,5)2,3",6,3,0.0,False,-2,
201904020811,11,NST賞(OP),ダ,1200,晴,良,15:35,2019-08-18,新潟,12,7,13,2014100668,ハングリーベン,牡5,55,01158,野中悠太,1:11.9,アタマ,3-3,37.6,13.1,7,450(+6),01147,[東]武井亮,812008,石瀬浩三,,,,,,,,,,,,"(*11,12)13,15(8,10)(4,9)6(7,14)-(1,5)(2,3)",3,1,0.0,False,"(*11,12)13(10,15)(8,4,9)(6,7,14)(1,5)2,3",3,1,0.0,False,-2,
201904020811,11,NST賞(OP),ダ,1200,晴,良,15:35,2019-08-18,新潟,13,2,2,2012105474,ニットウスバル,牡7,55,01009,柴田大知,1:12.1,1.1/4,14-14,36.7,84.8,14,516(-2),01134,[東]高橋文雅,115800,日東牧場,,,,,,,,,,,,"(*11,12)13,15(8,10)(4,9)6(7,14)-(1,5)(2,3)",14,2,5.0,False,"(*11,12)13(10,15)(8,4,9)(6,7,14)(1,5)2,3",14,1,0.0,False,-2,
201904020811,11,NST賞(OP),ダ,1200,晴,良,15:35,2019-08-18,新潟,14,1,1,2012102708,ウエスタンラムール,牡7,48,01059,石神深一,1:12.2,クビ,12-12,37.0,254.5,15,470(+4),01063,[東]的場均,929006,西川賢,,,,,,,,,,,,"(*11,12)13,15(8,10)(4,9)6(7,14)-(1,5)(2,3)",12,2,5.0,False,"(*11,12)13(10,15)(8,4,9)(6,7,14)(1,5)2,3",12,2,0.0,False,-2,
201904020811,11,NST賞(OP),ダ,1200,晴,良,15:35,2019-08-18,新潟,15,8,14,2013104088,サイタスリーレッド,牡6,57.5,01092,津村明秀,1:12.4,1.1/4,10-9,37.5,18.4,10,482(-8),01021,[西]池添兼雄,537006,西村憲人,,,,,,,,,,,,"(*11,12)13,15(8,10)(4,9)6(7,14)-(1,5)(2,3)",10,2,1.5,False,"(*11,12)13(10,15)(8,4,9)(6,7,14)(1,5)2,3",9,3,0.0,False,-2,
201904020812,12,3歳以上500万下,芝,1000,晴,良,16:15,2019-08-18,新潟,1,5,9,2014104846,ガーシュウィン,牡5,54,01164,藤田菜七,0:55.1,,1,33.0,7.1,4,490(-8),01143,[東]和田雄二,713005,田島榮二郎,750.0,,,,,,,,,,,,,,,,,,,,,-2,前日とほぼ同じ馬場差。速めの時計が出るレベルではあるが、前半3週と比べれば時計は掛かっており、高速馬場ではなかった。
201904020812,12,3歳以上500万下,芝,1000,晴,良,16:15,2019-08-18,新潟,2,1,1,2014104068,トーホウレジーナ,牝5,54,01166,川又賢治,0:55.2,3/4,7,32.8,10.7,6,478(0),01136,[西]高橋亮,965800,東豊物産,300.0,,,,,,,,,,,,,,,,,,,,,-2,前日とほぼ同じ馬場差。速めの時計が出るレベルではあるが、前半3週と比べれば時計は掛かっており、高速馬場ではなかった。
201904020812,12,3歳以上500万下,芝,1000,晴,良,16:15,2019-08-18,新潟,3,7,13,2015105725,グラスレガシー,牝4,55,01162,木幡巧也,0:55.4,1.1/4,8,32.8,10.8,7,512(-4),01106,[東]牧光二,541800,半沢,190.0,,,,,,,,,,,,,,,,,,,,,-2,前日とほぼ同じ馬場差。速めの時計が出るレベルではあるが、前半3週と比べれば時計は掛かっており、高速馬場ではなかった。
201904020812,12,3歳以上500万下,芝,1000,晴,良,16:15,2019-08-18,新潟,4,8,17,2016100010,ホシノウチカケ,牝3,49,01175,大塚海渡,0:55.6,1.1/2,8,33.0,39.1,10,448(+6),01141,[東]尾形和幸,851009,岡田牧雄,110.0,,,,,,,,,,,,,,,,,,,,,-2,前日とほぼ同じ馬場差。速めの時計が出るレベルではあるが、前半3週と比べれば時計は掛かっており、高速馬場ではなかった。
201904020812,12,3歳以上500万下,芝,1000,晴,良,16:15,2019-08-18,新潟,5,4,7,2016105625,タイガーストライプ,牡3,54,00689,江田照男,0:55.7,1/2,8,33.1,133.7,15,458(-4),00417,[東]土田稔,629800,ミルファーム,75.0,,,,,,,,,,,,,,,,,,,,,-2,前日とほぼ同じ馬場差。速めの時計が出るレベルではあるが、前半3週と比べれば時計は掛かっており、高速馬場ではなかった。
201904020812,12,3歳以上500万下,芝,1000,晴,良,16:15,2019-08-18,新潟,6,8,18,2015101450,マートルリース,牝4,55,01150,石川裕紀,0:55.8,1/2,1,33.7,7.0,3,454(-4),01020,[東]相沢郁,547800,ヒダカ・ブリーダーズ...,,,,,,,,,,,,,,,,,,,,,,-2,前日とほぼ同じ馬場差。速めの時計が出るレベルではあるが、前半3週と比べれば時計は掛かっており、高速馬場ではなかった。
201904020812,12,3歳以上500万下,芝,1000,晴,良,16:15,2019-08-18,新潟,7,7,15,2016102760,カツコノユメ,牝3,52,01118,宮崎北斗,0:55.9,3/4,14,33.1,101.3,13,422(+8),01031,[東]伊藤伸一,750030,大久保與志雄,,,,,,,,,,,,,,,,,,,,,,-2,前日とほぼ同じ馬場差。速めの時計が出るレベルではあるが、前半3週と比べれば時計は掛かっており、高速馬場ではなかった。
201904020812,12,3歳以上500万下,芝,1000,晴,良,16:15,2019-08-18,新潟,8,2,4,2016103204,イエローナイフ,牡3,54,01135,杉原誠人,0:55.9,ハナ,17,32.8,405.9,17,452(-4),00437,[東]南田美知,629800,ミルファーム,,,,,,,,,,,,,,,,,,,,,,-2,前日とほぼ同じ馬場差。速めの時計が出るレベルではあるが、前半3週と比べれば時計は掛かっており、高速馬場ではなかった。
201904020812,12,3歳以上500万下,芝,1000,晴,良,16:15,2019-08-18,新潟,9,8,16,2016105815,グラスボイジャー,牡3,54,00641,柴田善臣,0:55.9,クビ,3,33.7,6.2,2,540(-2),01106,[東]牧光二,541800,半沢,,,,,,,,,,,,,,,,,,,,,,-2,前日とほぼ同じ馬場差。速めの時計が出るレベルではあるが、前半3週と比べれば時計は掛かっており、高速馬場ではなかった。
201904020812,12,3歳以上500万下,芝,1000,晴,良,16:15,2019-08-18,新潟,10,6,12,2015103884,ケンブリッジビット,牝4,55,01151,井上敏樹,0:56.0,クビ,8,33.4,10.5,5,468(+2),01036,[東]高橋義博,912002,中西宏彰,,,,,,,,,,,,,,,,,,,,,,-2,前日とほぼ同じ馬場差。速めの時計が出るレベルではあるが、前半3週と比べれば時計は掛かっており、高速馬場ではなかった。
201904020812,12,3歳以上500万下,芝,1000,晴,良,16:15,2019-08-18,新潟,11,5,10,2015104858,ブショウ,セ4,57,00684,田中勝春,0:56.1,1/2,12,33.4,26.2,9,486(-16),01103,[東]尾関知人,056803,岩切企画,,,,,,,,,,,,,,,,,,,,,,-2,前日とほぼ同じ馬場差。速めの時計が出るレベルではあるが、前半3週と比べれば時計は掛かっており、高速馬場ではなかった。
201904020812,12,3歳以上500万下,芝,1000,晴,良,16:15,2019-08-18,新潟,12,2,3,2013102098,テンプルツリー,牝6,52,01173,山田敬士,0:56.1,クビ,12,33.4,185.1,16,460(-4),01103,[東]尾関知人,849030,山口功一郎,,,,,,,,,,,,,,,,,,,,,,-2,前日とほぼ同じ馬場差。速めの時計が出るレベルではあるが、前半3週と比べれば時計は掛かっており、高速馬場ではなかった。
201904020812,12,3歳以上500万下,芝,1000,晴,良,16:15,2019-08-18,新潟,13,4,8,2012105406,スズカファイン,牡7,57,01119,伊藤工真,0:56.3,1,15,33.4,129.7,14,484(-8),00380,[東]柄崎孝,382004,永井啓弍,,,,,,,,,,,,,,,,,,,,,,-2,前日とほぼ同じ馬場差。速めの時計が出るレベルではあるが、前半3週と比べれば時計は掛かっており、高速馬場ではなかった。
201904020812,12,3歳以上500万下,芝,1000,晴,良,16:15,2019-08-18,新潟,14,3,5,2016100491,フルクトゥス,牡3,54,01004,西田雄一,0:56.3,クビ,16,33.3,39.1,11,452(+8),01063,[東]的場均,629800,ミルファーム,,,,,,,,,,,,,,,,,,,,,,-2,前日とほぼ同じ馬場差。速めの時計が出るレベルではあるが、前半3週と比べれば時計は掛かっており、高速馬場ではなかった。
201904020812,12,3歳以上500万下,芝,1000,晴,良,16:15,2019-08-18,新潟,15,3,6,2014105398,デルマオフクロサン,牝5,54,01158,野中悠太,0:56.5,1,3,34.3,12.2,8,452(-10),01131,[東]蛯名利弘,274002,浅沼廣幸,,,,,,,,,,,,,,,,,,,,,,-2,前日とほぼ同じ馬場差。速めの時計が出るレベルではあるが、前半3週と比べれば時計は掛かっており、高速馬場ではなかった。
201904020812,12,3歳以上500万下,芝,1000,晴,良,16:15,2019-08-18,新潟,16,1,2,2015106501,カワキタロマン,牡4,56,01161,菊沢一樹,0:56.8,1.3/4,6,34.5,475.3,18,482(+2),01089,[東]武市康男,341002,川島吉男,,,,,,,,,,,,,,,,,,,,,,-2,前日とほぼ同じ馬場差。速めの時計が出るレベルではあるが、前半3週と比べれば時計は掛かっており、高速馬場ではなかった。
201904020812,12,3歳以上500万下,芝,1000,晴,良,16:15,2019-08-18,新潟,17,6,11,2016105248,チヨビッグシー,牝3,49,01177,小林凌大,0:57.2,2.1/2,18,33.3,75.9,12,434(+4),00392,[東]古賀史生,958033,中地賢次郎,,,,,,,,,,,,,,,,,,,,,,-2,前日とほぼ同じ馬場差。速めの時計が出るレベルではあるが、前半3週と比べれば時計は掛かっており、高速馬場ではなかった。
201904020812,12,3歳以上500万下,芝,1000,晴,良,16:15,2019-08-18,新潟,18,7,14,2016104864,フィルムフェスト,牝3,50,01167,木幡育也,0:57.7,3,3,35.5,3.2,1,438(+12),01103,[東]尾関知人,486800,キャロットファーム,,,,,,,,,,,,,,,,,,,,,,-2,前日とほぼ同じ馬場差。速めの時計が出るレベルではあるが、前半3週と比べれば時計は掛かっており、高速馬場ではなかった。
201910020801,1,2歳未勝利,ダ,1000,曇,稍重,09:50,2019-08-18,小倉,1,5,5,2017106295,ラインガルーダ,牡2,54,00732,幸英明,0:58.6,,1-1,35.8,4.7,2,470(-4),01083,[西]松永昌博,796002,大澤繁昌,500.0,,,,,,,,,,,"5,11-9,4,8(3,10)(6,12)-(7,1)-2",1,1,0.0,False,"5,11-9,4(3,8)(6,10)1(7,12)-2",1,1,0.0,False,-4,
201910020801,1,2歳未勝利,ダ,1000,曇,稍重,09:50,2019-08-18,小倉,2,4,4,2017106394,サウンドサンビーム,牡2,54,00422,内田博幸,0:59.6,6,4-4,36.2,41.8,8,468(+4),01042,[西]安達昭夫,168006,増田雄一,200.0,,,,,,,,,,,"5,11-9,4,8(3,10)(6,12)-(7,1)-2",4,1,6.5,False,"5,11-9,4(3,8)(6,10)1(7,12)-2",4,1,6.5,False,-4,
201910020801,1,2歳未勝利,ダ,1000,曇,稍重,09:50,2019-08-18,小倉,3,8,11,2017103982,ファルーク,牡2,54,01126,松山弘平,0:59.8,1.1/2,2-2,36.9,1.7,1,456(0),01021,[西]池添兼雄,675030,林正道,130.0,,,,,,,,,,,"5,11-9,4,8(3,10)(6,12)-(7,1)-2",2,1,1.5,False,"5,11-9,4(3,8)(6,10)1(7,12)-2",2,1,1.5,False,-4,
201910020801,1,2歳未勝利,ダ,1000,曇,稍重,09:50,2019-08-18,小倉,4,7,9,2017103395,グッドステージ,牡2,54,01128,川須栄彦,1:00.0,3/4,3-3,36.8,13.9,6,494(+2),01018,[西]宮徹,973007,杉立恭平,75.0,,,,,,,,,,,"5,11-9,4,8(3,10)(6,12)-(7,1)-2",3,1,5.0,False,"5,11-9,4(3,8)(6,10)1(7,12)-2",3,1,5.0,False,-4,
201910020801,1,2歳未勝利,ダ,1000,曇,稍重,09:50,2019-08-18,小倉,5,1,1,2017110045,フラミンゴフライト,牝2,54,01115,浜中俊,1:00.1,1/2,10-9,35.8,10.4,3,484(-2),01130,[西]吉村圭司,310007,吉田千津,50.0,,,,,,,,,,,"5,11-9,4,8(3,10)(6,12)-(7,1)-2",10,2,11.5,False,"5,11-9,4(3,8)(6,10)1(7,12)-2",9,1,6.5,False,-4,
201910020801,1,2歳未勝利,ダ,1000,曇,稍重,09:50,2019-08-18,小倉,6,6,8,2017102431,ミコハーン,牝2,51,01178,斎藤新,1:00.3,1.1/4,5-5,36.7,12.0,4,408(0),00411,[西]浅見秀一,535033,古賀慎一,,,,,,,,,,,,"5,11-9,4,8(3,10)(6,12)-(7,1)-2",5,1,8.0,False,"5,11-9,4(3,8)(6,10)1(7,12)-2",5,2,6.5,False,-4,
201910020801,1,2歳未勝利,ダ,1000,曇,稍重,09:50,2019-08-18,小倉,7,6,7,2017105538,ベッロコルサ,牡2,54,01102,北村友一,1:00.6,1.3/4,10-10,36.3,12.8,5,416(-2),01121,[西]角田晃一,506800,シルクレーシング,,,,,,,,,,,,"5,11-9,4,8(3,10)(6,12)-(7,1)-2",10,2,11.5,False,"5,11-9,4(3,8)(6,10)1(7,12)-2",10,2,6.5,False,-4,
201910020801,1,2歳未勝利,ダ,1000,曇,稍重,09:50,2019-08-18,小倉,8,5,6,2017103864,モウコフクソウ,牝2,51,01174,岩田望来,1:00.9,1.3/4,8-7,37.0,211.0,10,460(-2),01113,[西]牧浦充徳,279008,石川幸司,,,,,,,,,,,,"5,11-9,4,8(3,10)(6,12)-(7,1)-2",8,2,8.0,False,"5,11-9,4(3,8)(6,10)1(7,12)-2",7,2,6.5,False,-4,
201910020801,1,2歳未勝利,ダ,1000,曇,稍重,09:50,2019-08-18,小倉,9,3,3,2017104604,ロックアビリティ,牡2,54,01133,水口優也,1:00.9,ハナ,6-5,37.2,146.0,9,490(-4),01040,[西]服部利之,117030,中西功,,,,,,,,,,,,"5,11-9,4,8(3,10)(6,12)-(7,1)-2",6,2,8.0,False,"5,11-9,4(3,8)(6,10)1(7,12)-2",5,2,6.5,False,-4,
201910020801,1,2歳未勝利,ダ,1000,曇,稍重,09:50,2019-08-18,小倉,10,7,10,2017106325,メイショウホルス,牡2,53,01171,西村淳也,1:00.9,クビ,6-7,37.2,25.7,7,472(-4),01099,[西]本田優,523005,松本好雄,,,,,,,,,,,,"5,11-9,4,8(3,10)(6,12)-(7,1)-2",6,2,8.0,False,"5,11-9,4(3,8)(6,10)1(7,12)-2",7,2,6.5,False,-4,
201910020801,1,2歳未勝利,ダ,1000,曇,稍重,09:50,2019-08-18,小倉,11,2,2,2017101697,ヤマニンベデュータ,牡2,54,01114,田中健,1:01.2,2,12-12,36.6,246.5,11,466(0),00411,[西]浅見秀一,108002,土井薫,,,,,,,,,,,,"5,11-9,4,8(3,10)(6,12)-(7,1)-2",12,1,15.0,False,"5,11-9,4(3,8)(6,10)1(7,12)-2",12,1,10.0,False,-4,
201910020801,1,2歳未勝利,ダ,1000,曇,稍重,09:50,2019-08-18,小倉,12,8,12,2017100747,ナンゴクエアーギル,牡2,54,01146,岩崎翼,1:01.5,1.1/2,8-10,37.5,376.4,12,448(-6),01009,[西]田所秀孝,977007,渡義光,,,,,,,,,,,,"5,11-9,4,8(3,10)(6,12)-(7,1)-2",8,2,8.0,False,"5,11-9,4(3,8)(6,10)1(7,12)-2",10,2,6.5,False,-4,
201910020802,2,2歳未勝利,芝,1200,曇,良,10:25,2019-08-18,小倉,1,8,10,2017106115,メイショウベンガル,牡2,54,00666,武豊,1:09.4,,1-1,35.4,1.5,1,446(0),01083,[西]松永昌博,523005,松本好雄,500.0,,,,,,,,,,,"10,7(3,8)6,9,5,4,1,2",1,1,0.0,False,"10-7,8,3(5,4,6)9,1,2",1,1,0.0,False,1,開催初日からAコースを使用して8日目となり、やや時計の掛かる馬場。
201910020802,2,2歳未勝利,芝,1200,曇,良,10:25,2019-08-18,小倉,2,7,8,2017105358,ソウルユニバンス,牡2,54,01018,和田竜二,1:10.2,5,3-3,35.8,13.8,5,472(-6),01082,[西]平田修,164008,亀井哲也,200.0,,,,,,,,,,,"10,7(3,8)6,9,5,4,1,2",3,2,1.5,False,"10-7,8,3(5,4,6)9,1,2",3,1,5.0,False,1,開催初日からAコースを使用して8日目となり、やや時計の掛かる馬場。
201910020802,2,2歳未勝利,芝,1200,曇,良,10:25,2019-08-18,小倉,3,7,7,2017106651,タマモフェーム,牡2,51,01174,岩田望来,1:10.4,1,2-2,36.1,5.2,2,458(-8),01049,[西]南井克巳,515800,タマモ,130.0,,,,,,,,,,,"10,7(3,8)6,9,5,4,1,2",2,1,1.5,False,"10-7,8,3(5,4,6)9,1,2",2,1,3.5,False,1,開催初日からAコースを使用して8日目となり、やや時計の掛かる馬場。
201910020802,2,2歳未勝利,芝,1200,曇,良,10:25,2019-08-18,小倉,4,3,3,2017104305,ノーブルライガー,牡2,54,01130,高倉稜,1:10.7,2,3-4,36.3,9.0,3,452(+10),01073,[西]宮本博,755030,吉木伸彦,75.0,,,,,,,,,,,"10,7(3,8)6,9,5,4,1,2",3,2,1.5,False,"10-7,8,3(5,4,6)9,1,2",4,1,6.5,False,1,開催初日からAコースを使用して8日目となり、やや時計の掛かる馬場。
201910020802,2,2歳未勝利,芝,1200,曇,良,10:25,2019-08-18,小倉,5,1,1,2017103137,グランフェスタ,牡2,54,01144,菱田裕二,1:10.7,ハナ,9-9,35.5,74.8,8,424(+2),01160,[西]武幸四郎,010803,市川義美ホールディン...,50.0,,,,,,,,,,,"10,7(3,8)6,9,5,4,1,2",9,1,7.5,False,"10-7,8,3(5,4,6)9,1,2",9,1,8.0,False,1,開催初日からAコースを使用して8日目となり、やや時計の掛かる馬場。
201910020802,2,2歳未勝利,芝,1200,曇,良,10:25,2019-08-18,小倉,6,4,4,2017106451,メイショウカムロ,牡2,51,01178,斎藤新,1:10.7,ハナ,8-5,35.7,9.8,4,446(+8),01095,[西]荒川義之,523005,松本好雄,,,,,,,,,,,,"10,7(3,8)6,9,5,4,1,2",8,1,6.0,False,"10-7,8,3(5,4,6)9,1,2",5,3,6.5,False,1,開催初日からAコースを使用して8日目となり、やや時計の掛かる馬場。
201910020802,2,2歳未勝利,芝,1200,曇,良,10:25,2019-08-18,小倉,7,6,6,2017101362,アイファーブルー,牡2,54,05525,藤井勘一,1:11.2,3,5-5,36.6,30.2,6,456(+6),00434,[西]西橋豊治,119007,中島稔,,,,,,,,,,,,"10,7(3,8)6,9,5,4,1,2",5,1,1.5,False,"10-7,8,3(5,4,6)9,1,2",5,3,6.5,False,1,開催初日からAコースを使用して8日目となり、やや時計の掛かる馬場。
201910020802,2,2歳未勝利,芝,1200,曇,良,10:25,2019-08-18,小倉,8,5,5,2017100761,ヒデノヴェローチェ,牡2,51,01176,亀田温心,1:11.4,1.1/4,7-5,36.5,63.0,7,446(-2),01078,[西]北出成人,374009,大石秀夫,,,,,,,,,,,,"10,7(3,8)6,9,5,4,1,2",7,1,4.5,False,"10-7,8,3(5,4,6)9,1,2",5,3,6.5,False,1,開催初日からAコースを使用して8日目となり、やや時計の掛かる馬場。
201910020802,2,2歳未勝利,芝,1200,曇,良,10:25,2019-08-18,小倉,9,2,2,2017102218,ムート,牡2,54,01126,松山弘平,1:12.0,4,10-10,36.6,76.0,9,444(+10),01003,[西]川村禎彦,830033,巴山尊文,,,,,,,,,,,,"10,7(3,8)6,9,5,4,1,2",10,1,9.0,False,"10-7,8,3(5,4,6)9,1,2",10,1,9.5,False,1,開催初日からAコースを使用して8日目となり、やや時計の掛かる馬場。
201910020802,2,2歳未勝利,芝,1200,曇,良,10:25,2019-08-18,小倉,10,8,9,2017103939,アイファーイエロー,牝2,54,00894,小牧太,1:12.9,5,6-8,38.1,280.3,10,376(-6),01040,[西]服部利之,119007,中島稔,,,,,,,,,,,,"10,7(3,8)6,9,5,4,1,2",6,1,3.0,False,"10-7,8,3(5,4,6)9,1,2",8,1,6.5,False,1,開催初日からAコースを使用して8日目となり、やや時計の掛かる馬場。
201910020803,3,3歳未勝利,芝,2600,曇,良,10:55,2019-08-18,小倉,1,6,11,2016102005,ヒラボクメルロー,牝3,54,01152,小崎綾也,2:43.8,,3-3-2-2,37.1,16.2,5,458(+2),01158,[西]寺島良,984800,平田牧場,500.0,"15,8(16,11,6)(14,10,12,5)(4,3)9,1,13,2-7",3,3,1.5,False,"(*15,8)(16,11,6)(14,10,12,5)(4,3)(1,9)(2,13)-7",3,3,0.0,False,"8,11(6,5)3(14,10,12)16,1(15,2)(4,13)7=9",2,1,1.5,False,"8,11,5(12,3)-6-(14,13)(10,1,7)2-16,4-15=9",2,1,1.5,False,1,開催初日からAコースを使用して8日目となり、やや時計の掛かる馬場。
201910020803,3,3歳未勝利,芝,2600,曇,良,10:55,2019-08-18,小倉,2,3,5,2016104281,テメノス,牝3,54,00732,幸英明,2:44.2,2.1/2,6-6-3-3,37.3,2.0,1,484(+10),01149,[西]松下武士,808800,Ｇ１レーシング,200.0,"15,8(16,11,6)(14,10,12,5)(4,3)9,1,13,2-7",6,4,1.5,False,"(*15,8)(16,11,6)(14,10,12,5)(4,3)(1,9)(2,13)-7",6,4,0.0,False,"8,11(6,5)3(14,10,12)16,1(15,2)(4,13)7=9",3,2,1.5,False,"8,11,5(12,3)-6-(14,13)(10,1,7)2-16,4-15=9",3,1,3.0,False,1,開催初日からAコースを使用して8日目となり、やや時計の掛かる馬場。
201910020803,3,3歳未勝利,芝,2600,曇,良,10:55,2019-08-18,小倉,3,6,12,2016102146,メイショウモチヅキ,牡3,56,01130,高倉稜,2:44.3,1/2,6-6-6-4,37.1,11.2,4,476(-4),01155,[西]渡辺薫彦,523005,松本好雄,130.0,"15,8(16,11,6)(14,10,12,5)(4,3)9,1,13,2-7",6,4,1.5,False,"(*15,8)(16,11,6)(14,10,12,5)(4,3)(1,9)(2,13)-7",6,4,0.0,False,"8,11(6,5)3(14,10,12)16,1(15,2)(4,13)7=9",6,3,1.5,False,"8,11,5(12,3)-6-(14,13)(10,1,7)2-16,4-15=9",4,2,3.0,False,1,開催初日からAコースを使用して8日目となり、やや時計の掛かる馬場。
201910020803,3,3歳未勝利,芝,2600,曇,良,10:55,2019-08-18,小倉,4,4,8,2016104236,ララフォーナ,牝3,51,01178,斎藤新,2:44.3,クビ,2-2-1-1,37.8,5.4,3,478(+6),01161,[西]武英智,506800,シルクレーシング,75.0,"15,8(16,11,6)(14,10,12,5)(4,3)9,1,13,2-7",2,1,1.5,False,"(*15,8)(16,11,6)(14,10,12,5)(4,3)(1,9)(2,13)-7",2,2,0.0,False,"8,11(6,5)3(14,10,12)16,1(15,2)(4,13)7=9",1,1,0.0,False,"8,11,5(12,3)-6-(14,13)(10,1,7)2-16,4-15=9",1,1,0.0,False,1,開催初日からAコースを使用して8日目となり、やや時計の掛かる馬場。
201910020803,3,3歳未勝利,芝,2600,曇,良,10:55,2019-08-18,小倉,5,2,3,2016104399,アドマイヤコースト,牡3,56,01018,和田竜二,2:44.6,1.3/4,10-10-5-4,37.5,4.4,2,470(-2),01061,[西]友道康夫,398002,近藤利一,50.0,"15,8(16,11,6)(14,10,12,5)(4,3)9,1,13,2-7",10,2,1.5,False,"(*15,8)(16,11,6)(14,10,12,5)(4,3)(1,9)(2,13)-7",10,2,0.0,False,"8,11(6,5)3(14,10,12)16,1(15,2)(4,13)7=9",5,1,1.5,False,"8,11,5(12,3)-6-(14,13)(10,1,7)2-16,4-15=9",4,2,3.0,False,1,開催初日からAコースを使用して8日目となり、やや時計の掛かる馬場。
201910020803,3,3歳未勝利,芝,2600,曇,良,10:55,2019-08-18,小倉,6,7,13,2016100385,サクセスクルーズ,牡3,53,01176,亀田温心,2:44.7,クビ,14-14-13-7,36.9,123.1,12,404(-4),01078,[西]北出成人,441006,高嶋哲,,"15,8(16,11,6)(14,10,12,5)(4,3)9,1,13,2-7",14,1,4.5,False,"(*15,8)(16,11,6)(14,10,12,5)(4,3)(1,9)(2,13)-7",14,2,0.0,False,"8,11(6,5)3(14,10,12)16,1(15,2)(4,13)7=9",13,2,3.0,False,"8,11,5(12,3)-6-(14,13)(10,1,7)2-16,4-15=9",7,2,10.0,False,1,開催初日からAコースを使用して8日目となり、やや時計の掛かる馬場。
201910020803,3,3歳未勝利,芝,2600,曇,良,10:55,2019-08-18,小倉,7,4,7,2016101800,ナムラシンゲキ,牡3,53,01174,岩田望来,2:44.9,1.1/4,16-16-15-9,36.9,22.9,8,534(+2),01173,[西]長谷川浩,945004,奈村信重,,"15,8(16,11,6)(14,10,12,5)(4,3)9,1,13,2-7",16,1,9.5,False,"(*15,8)(16,11,6)(14,10,12,5)(4,3)(1,9)(2,13)-7",16,1,3.5,False,"8,11(6,5)3(14,10,12)16,1(15,2)(4,13)7=9",15,1,3.0,False,"8,11,5(12,3)-6-(14,13)(10,1,7)2-16,4-15=9",9,3,10.0,False,1,開催初日からAコースを使用して8日目となり、やや時計の掛かる馬場。
201910020803,3,3歳未勝利,芝,2600,曇,良,10:55,2019-08-18,小倉,8,1,1,2016101794,クライストチャーチ,牡3,56,01154,松若風馬,2:45.2,2,13-12-10-9,37.6,46.9,9,500(+4),01110,[西]清水久詞,045803,カナヤマホールディン...,,"15,8(16,11,6)(14,10,12,5)(4,3)9,1,13,2-7",13,1,3.0,False,"(*15,8)(16,11,6)(14,10,12,5)(4,3)(1,9)(2,13)-7",12,2,0.0,False,"8,11(6,5)3(14,10,12)16,1(15,2)(4,13)7=9",10,1,3.0,False,"8,11,5(12,3)-6-(14,13)(10,1,7)2-16,4-15=9",9,3,10.0,False,1,開催初日からAコースを使用して8日目となり、やや時計の掛かる馬場。
201910020803,3,3歳未勝利,芝,2600,曇,良,10:55,2019-08-18,小倉,9,1,2,2016103092,コルドゥーン,牡3,56,01138,藤懸貴志,2:45.3,1/2,15-14-11-12,37.6,134.7,13,460(+26),01151,[西]斉藤崇史,275033,西浩明,,"15,8(16,11,6)(14,10,12,5)(4,3)9,1,13,2-7",15,1,6.0,False,"(*15,8)(16,11,6)(14,10,12,5)(4,3)(1,9)(2,13)-7",14,2,0.0,False,"8,11(6,5)3(14,10,12)16,1(15,2)(4,13)7=9",11,2,3.0,False,"8,11,5(12,3)-6-(14,13)(10,1,7)2-16,4-15=9",12,1,10.0,False,1,開催初日からAコースを使用して8日目となり、やや時計の掛かる馬場。
201910020803,3,3歳未勝利,芝,2600,曇,良,10:55,2019-08-18,小倉,10,3,6,2016105297,ハーバーコメット,牝3,54,01144,菱田裕二,2:45.9,3.1/2,3-3-3-6,39.0,245.7,14,476(+6),01136,[西]高橋亮,727008,谷掛龍夫,,"15,8(16,11,6)(14,10,12,5)(4,3)9,1,13,2-7",3,3,1.5,False,"(*15,8)(16,11,6)(14,10,12,5)(4,3)(1,9)(2,13)-7",3,3,0.0,False,"8,11(6,5)3(14,10,12)16,1(15,2)(4,13)7=9",3,2,1.5,False,"8,11,5(12,3)-6-(14,13)(10,1,7)2-16,4-15=9",6,1,6.5,False,1,開催初日からAコースを使用して8日目となり、やや時計の掛かる馬場。
201910020803,3,3歳未勝利,芝,2600,曇,良,10:55,2019-08-18,小倉,11,7,14,2016104915,キタサンハイドン,牡3,55,01171,西村淳也,2:46.8,5,6-6-6-7,39.6,17.8,6,500(-8),01110,[西]清水久詞,373800,大野商事,,"15,8(16,11,6)(14,10,12,5)(4,3)9,1,13,2-7",6,4,1.5,False,"(*15,8)(16,11,6)(14,10,12,5)(4,3)(1,9)(2,13)-7",6,4,0.0,False,"8,11(6,5)3(14,10,12)16,1(15,2)(4,13)7=9",6,3,1.5,False,"8,11,5(12,3)-6-(14,13)(10,1,7)2-16,4-15=9",7,2,10.0,False,1,開催初日からAコースを使用して8日目となり、やや時計の掛かる馬場。
201910020803,3,3歳未勝利,芝,2600,曇,良,10:55,2019-08-18,小倉,12,2,4,2016104263,サイモンノツバサ,牡3,56,01010,柴田未崎,2:47.2,2.1/2,10-10-13-14,39.3,383.3,16,530(+4),01084,[西]梅田智之,132030,澤田昭紀,,"15,8(16,11,6)(14,10,12,5)(4,3)9,1,13,2-7",10,2,1.5,False,"(*15,8)(16,11,6)(14,10,12,5)(4,3)(1,9)(2,13)-7",10,2,0.0,False,"8,11(6,5)3(14,10,12)16,1(15,2)(4,13)7=9",13,2,3.0,False,"8,11,5(12,3)-6-(14,13)(10,1,7)2-16,4-15=9",14,1,15.0,False,1,開催初日からAコースを使用して8日目となり、やや時計の掛かる馬場。
201910020803,3,3歳未勝利,芝,2600,曇,良,10:55,2019-08-18,小倉,13,8,16,2016110114,サトノナレッジ,牡3,56,01096,大野拓弥,2:47.2,ハナ,3-3-9-13,39.9,19.6,7,510(0),01071,[西]池江泰寿,075803,サトミホースカンパニ...,,"15,8(16,11,6)(14,10,12,5)(4,3)9,1,13,2-7",3,3,1.5,False,"(*15,8)(16,11,6)(14,10,12,5)(4,3)(1,9)(2,13)-7",3,3,0.0,False,"8,11(6,5)3(14,10,12)16,1(15,2)(4,13)7=9",9,1,1.5,False,"8,11,5(12,3)-6-(14,13)(10,1,7)2-16,4-15=9",13,1,13.5,False,1,開催初日からAコースを使用して8日目となり、やや時計の掛かる馬場。
201910020803,3,3歳未勝利,芝,2600,曇,良,10:55,2019-08-18,小倉,14,5,10,2016105162,ピエナモネ,牡3,56,01141,中井裕二,2:47.4,3/4,6-6-6-9,40.2,109.8,10,476(+2),01139,[西]飯田祐史,023007,本谷兼三,,"15,8(16,11,6)(14,10,12,5)(4,3)9,1,13,2-7",6,4,1.5,False,"(*15,8)(16,11,6)(14,10,12,5)(4,3)(1,9)(2,13)-7",6,4,0.0,False,"8,11(6,5)3(14,10,12)16,1(15,2)(4,13)7=9",6,3,1.5,False,"8,11,5(12,3)-6-(14,13)(10,1,7)2-16,4-15=9",9,3,10.0,False,1,開催初日からAコースを使用して8日目となり、やや時計の掛かる馬場。
201910020803,3,3歳未勝利,芝,2600,曇,良,10:55,2019-08-18,小倉,15,8,15,2016100212,ゼットセントラル,セ3,56,01146,岩崎翼,2:49.2,大,1-1-11-15,41.5,120.0,11,478(-8),01082,[西]平田修,308031,高橋悦見,,"15,8(16,11,6)(14,10,12,5)(4,3)9,1,13,2-7",1,1,0.0,False,"(*15,8)(16,11,6)(14,10,12,5)(4,3)(1,9)(2,13)-7",1,2,0.0,True,"8,11(6,5)3(14,10,12)16,1(15,2)(4,13)7=9",11,2,3.0,False,"8,11,5(12,3)-6-(14,13)(10,1,7)2-16,4-15=9",15,1,18.5,False,1,開催初日からAコースを使用して8日目となり、やや時計の掛かる馬場。
201910020803,3,3歳未勝利,芝,2600,曇,良,10:55,2019-08-18,小倉,16,5,9,2016102008,レイザーズエッジ,牝3,51,01172,服部寿希,2:52.3,大,12-12-16-16,43.3,263.1,15,476(0),01011,[西]松田国英,547800,ヒダカ・ブリーダーズ...,,"15,8(16,11,6)(14,10,12,5)(4,3)9,1,13,2-7",12,1,1.5,False,"(*15,8)(16,11,6)(14,10,12,5)(4,3)(1,9)(2,13)-7",12,2,0.0,False,"8,11(6,5)3(14,10,12)16,1(15,2)(4,13)7=9",16,1,9.0,False,"8,11,5(12,3)-6-(14,13)(10,1,7)2-16,4-15=9",16,1,24.5,False,1,開催初日からAコースを使用して8日目となり、やや時計の掛かる馬場。
201910020804,4,3歳未勝利,ダ,1700,曇,稍重,11:25,2019-08-18,小倉,1,5,9,2016103945,マンノグランプリ,牡3,56,01144,菱田裕二,1:47.3,,15-16-6-6,38.9,34.3,9,504(-12),01121,[西]角田晃一,135002,萬野順啓,500.0,"6,7,8(1,2,16)10(3,11)(13,14)5(4,15)-(12,9)",15,2,6.5,False,"6,7,8(1,2)16(3,10,11)-(13,14)-(5,4)-(12,15)9",16,1,13.5,False,"(*6,7)8(1,16)(2,9)3(10,11,4)(13,14)12,15,5",6,2,0.0,False,"7(6,8,16)1(3,2,9)4,13(10,14)(12,11)-15   5",6,3,0.0,False,-4,
201910020804,4,3歳未勝利,ダ,1700,曇,稍重,11:25,2019-08-18,小倉,2,8,16,2016106043,プラネットアース,牡3,56,01115,浜中俊,1:47.3,クビ,4-6-4-2,39.1,2.7,1,464(+4),01022,[西]石坂正,367008,吉澤克己,200.0,"6,7,8(1,2,16)10(3,11)(13,14)5(4,15)-(12,9)",4,3,3.0,False,"6,7,8(1,2)16(3,10,11)-(13,14)-(5,4)-(12,15)9",6,1,3.0,False,"(*6,7)8(1,16)(2,9)3(10,11,4)(13,14)12,15,5",4,2,0.0,False,"7(6,8,16)1(3,2,9)4,13(10,14)(12,11)-15   5",2,3,0.0,False,-4,
201910020804,4,3歳未勝利,ダ,1700,曇,稍重,11:25,2019-08-18,小倉,3,4,8,2016102675,スーパーアロイ,牡3,56,01126,松山弘平,1:47.3,クビ,3-3-3-2,39.2,7.5,4,492(0),01032,[西]大根田裕,311030,藤原征士郎,130.0,"6,7,8(1,2,16)10(3,11)(13,14)5(4,15)-(12,9)",3,1,3.0,False,"6,7,8(1,2)16(3,10,11)-(13,14)-(5,4)-(12,15)9",3,1,3.0,False,"(*6,7)8(1,16)(2,9)3(10,11,4)(13,14)12,15,5",3,1,0.0,False,"7(6,8,16)1(3,2,9)4,13(10,14)(12,11)-15   5",2,3,0.0,False,-4,
201910020804,4,3歳未勝利,ダ,1700,曇,稍重,11:25,2019-08-18,小倉,4,1,1,2016105782,ニホンピロハビアー,牡3,56,00732,幸英明,1:47.5,3/4,4-4-4-5,39.2,4.6,2,502(+4),01065,[西]大橋勇樹,985001,小林百太郎,75.0,"6,7,8(1,2,16)10(3,11)(13,14)5(4,15)-(12,9)",4,3,3.0,False,"6,7,8(1,2)16(3,10,11)-(13,14)-(5,4)-(12,15)9",4,2,3.0,False,"(*6,7)8(1,16)(2,9)3(10,11,4)(13,14)12,15,5",4,2,0.0,False,"7(6,8,16)1(3,2,9)4,13(10,14)(12,11)-15   5",5,1,0.0,False,-4,
201910020804,4,3歳未勝利,ダ,1700,曇,稍重,11:25,2019-08-18,小倉,5,2,4,2016103411,スズノチェルシー,牡3,56,01125,国分優作,1:47.8,2,13-12-9-9,39.2,17.2,6,450(+2),01057,[西]湯窪幸雄,021006,新木鈴子,50.0,"6,7,8(1,2,16)10(3,11)(13,14)5(4,15)-(12,9)",13,2,3.0,False,"6,7,8(1,2)16(3,10,11)-(13,14)-(5,4)-(12,15)9",12,2,10.0,False,"(*6,7)8(1,16)(2,9)3(10,11,4)(13,14)12,15,5",9,3,0.0,False,"7(6,8,16)1(3,2,9)4,13(10,14)(12,11)-15   5",9,1,0.0,False,-4,
201910020804,4,3歳未勝利,ダ,1700,曇,稍重,11:25,2019-08-18,小倉,6,2,3,2016106138,ブルベアペスカ,牡3,56,00894,小牧太,1:47.8,ハナ,8-7-8-6,39.3,18.6,8,480(+4),00431,[西]谷潔,843800,ブルアンドベア,,"6,7,8(1,2,16)10(3,11)(13,14)5(4,15)-(12,9)",8,2,3.0,False,"6,7,8(1,2)16(3,10,11)-(13,14)-(5,4)-(12,15)9",7,3,3.0,False,"(*6,7)8(1,16)(2,9)3(10,11,4)(13,14)12,15,5",8,1,0.0,False,"7(6,8,16)1(3,2,9)4,13(10,14)(12,11)-15   5",6,3,0.0,False,-4,
201910020804,4,3歳未勝利,ダ,1700,曇,稍重,11:25,2019-08-18,小倉,7,7,14,2016105777,マッシヴレジェンド,牡3,56,01116,藤岡康太,1:47.9,3/4,10-10-12-11,39.0,69.4,11,468(+6),01065,[西]大橋勇樹,075002,小川勲,,"6,7,8(1,2,16)10(3,11)(13,14)5(4,15)-(12,9)",10,2,3.0,False,"6,7,8(1,2)16(3,10,11)-(13,14)-(5,4)-(12,15)9",10,2,6.5,False,"(*6,7)8(1,16)(2,9)3(10,11,4)(13,14)12,15,5",12,2,0.0,False,"7(6,8,16)1(3,2,9)4,13(10,14)(12,11)-15   5",11,2,1.5,False,-4,
201910020804,4,3歳未勝利,ダ,1700,曇,稍重,11:25,2019-08-18,小倉,8,7,13,2016104210,イマジンラヴ,牡3,53,01178,斎藤新,1:48.0,クビ,10-10-12-10,39.2,72.0,12,480(-8),01084,[西]梅田智之,768006,薪浦亨,,"6,7,8(1,2,16)10(3,11)(13,14)5(4,15)-(12,9)",10,2,3.0,False,"6,7,8(1,2)16(3,10,11)-(13,14)-(5,4)-(12,15)9",10,2,6.5,False,"(*6,7)8(1,16)(2,9)3(10,11,4)(13,14)12,15,5",12,2,0.0,False,"7(6,8,16)1(3,2,9)4,13(10,14)(12,11)-15   5",10,1,1.5,False,-4,
201910020804,4,3歳未勝利,ダ,1700,曇,稍重,11:25,2019-08-18,小倉,9,6,12,2016110069,ルリアンフォール,牝3,54,01096,大野拓弥,1:48.2,1.1/2,15-14-14-13,39.1,217.0,15,458(+14),01092,[西]松永幹夫,948006,前田幸治,,"6,7,8(1,2,16)10(3,11)(13,14)5(4,15)-(12,9)",15,2,6.5,False,"6,7,8(1,2)16(3,10,11)-(13,14)-(5,4)-(12,15)9",14,2,13.5,False,"(*6,7)8(1,16)(2,9)3(10,11,4)(13,14)12,15,5",14,1,0.0,False,"7(6,8,16)1(3,2,9)4,13(10,14)(12,11)-15   5",13,2,1.5,False,-4,
201910020804,4,3歳未勝利,ダ,1700,曇,稍重,11:25,2019-08-18,小倉,10,4,7,2016105117,ムーンオブバローダ,牡3,53,01174,岩田望来,1:48.3,クビ,2-2-2-1,40.3,12.6,5,478(-12),01136,[西]高橋亮,415800,社台レースホース,,"6,7,8(1,2,16)10(3,11)(13,14)5(4,15)-(12,9)",2,1,1.5,False,"6,7,8(1,2)16(3,10,11)-(13,14)-(5,4)-(12,15)9",2,1,1.5,False,"(*6,7)8(1,16)(2,9)3(10,11,4)(13,14)12,15,5",2,2,0.0,False,"7(6,8,16)1(3,2,9)4,13(10,14)(12,11)-15   5",1,1,0.0,False,-4,
201910020804,4,3歳未勝利,ダ,1700,曇,稍重,11:25,2019-08-18,小倉,11,1,2,2016104731,レッドスプリンガー,牡3,56,01102,北村友一,1:48.3,クビ,4-4-6-6,39.9,5.7,3,554(0),01082,[西]平田修,180800,東京ホースレーシング,,"6,7,8(1,2,16)10(3,11)(13,14)5(4,15)-(12,9)",4,3,3.0,False,"6,7,8(1,2)16(3,10,11)-(13,14)-(5,4)-(12,15)9",4,2,3.0,False,"(*6,7)8(1,16)(2,9)3(10,11,4)(13,14)12,15,5",6,2,0.0,False,"7(6,8,16)1(3,2,9)4,13(10,14)(12,11)-15   5",6,3,0.0,False,-4,
201910020804,4,3歳未勝利,ダ,1700,曇,稍重,11:25,2019-08-18,小倉,12,5,10,2016101430,ロックスピリット,牡3,56,00422,内田博幸,1:49.7,8,7-7-9-11,41.0,38.0,10,488(+8),00422,[西]五十嵐忠,760008,岡田繁幸,,"6,7,8(1,2,16)10(3,11)(13,14)5(4,15)-(12,9)",7,1,3.0,False,"6,7,8(1,2)16(3,10,11)-(13,14)-(5,4)-(12,15)9",7,3,3.0,False,"(*6,7)8(1,16)(2,9)3(10,11,4)(13,14)12,15,5",9,3,0.0,False,"7(6,8,16)1(3,2,9)4,13(10,14)(12,11)-15   5",11,2,1.5,False,-4,
201910020804,4,3歳未勝利,ダ,1700,曇,稍重,11:25,2019-08-18,小倉,13,3,6,2016103109,フィッツロイシチー,牡3,56,01154,松若風馬,1:50.5,5,1-1-1-2,42.5,17.8,7,532(0),00429,[西]佐々木晶,321800,友駿ホースクラブ,,"6,7,8(1,2,16)10(3,11)(13,14)5(4,15)-(12,9)",1,1,0.0,False,"6,7,8(1,2)16(3,10,11)-(13,14)-(5,4)-(12,15)9",1,1,0.0,False,"(*6,7)8(1,16)(2,9)3(10,11,4)(13,14)12,15,5",1,2,0.0,True,"7(6,8,16)1(3,2,9)4,13(10,14)(12,11)-15   5",2,3,0.0,False,-4,
201910020804,4,3歳未勝利,ダ,1700,曇,稍重,11:25,2019-08-18,小倉,14,6,11,2016105016,キャラメルムーン,牡3,53,01172,服部寿希,1:51.2,4,8-7-9-13,42.6,170.9,14,476(-2),01072,[西]河内洋,415800,社台レースホース,,"6,7,8(1,2,16)10(3,11)(13,14)5(4,15)-(12,9)",8,2,3.0,False,"6,7,8(1,2)16(3,10,11)-(13,14)-(5,4)-(12,15)9",7,3,3.0,False,"(*6,7)8(1,16)(2,9)3(10,11,4)(13,14)12,15,5",9,3,0.0,False,"7(6,8,16)1(3,2,9)4,13(10,14)(12,11)-15   5",13,2,1.5,False,-4,
201910020804,4,3歳未勝利,ダ,1700,曇,稍重,11:25,2019-08-18,小倉,15,8,15,2016101922,モズナリマツ,牡3,55,01165,森裕太朗,1:52.0,5,13-14-15-15,42.8,273.1,16,494(-11),01049,[西]南井克巳,005803,キャピタル・システム,,"6,7,8(1,2,16)10(3,11)(13,14)5(4,15)-(12,9)",13,2,3.0,False,"6,7,8(1,2)16(3,10,11)-(13,14)-(5,4)-(12,15)9",14,2,13.5,False,"(*6,7)8(1,16)(2,9)3(10,11,4)(13,14)12,15,5",15,1,1.5,False,"7(6,8,16)1(3,2,9)4,13(10,14)(12,11)-15   5",15,1,5.0,False,-4,
201910020804,4,3歳未勝利,ダ,1700,曇,稍重,11:25,2019-08-18,小倉,中,3,5,2016105733,サンレイブランコ,牡3,56,01138,藤懸貴志,,,12-12-16,,76.1,13,472(-8),01129,[西]高橋義忠,382004,永井啓弍,,"6,7,8(1,2,16)10(3,11)(13,14)5(4,15)-(12,9)",12,1,3.0,False,"6,7,8(1,2)16(3,10,11)-(13,14)-(5,4)-(12,15)9",12,2,10.0,False,"(*6,7)8(1,16)(2,9)3(10,11,4)(13,14)12,15,5",16,1,3.0,False,"7(6,8,16)1(3,2,9)4,13(10,14)(12,11)-15   5",16,1,11.0,False,-4,
201910020805,5,2歳新馬,芝,1800,曇,良,12:15,2019-08-18,小倉,1,5,9,2017101821,シャンドフルール,牝2,54,00666,武豊,1:52.1,,4-5-3-3,35.9,2.7,1,510(0),01092,[西]松永幹夫,245030,前田葉子,700.0,"13(15,16)(2,9)14(1,8,11)(4,12)3(5,10)-(6,7)",4,2,0.0,False,"13,15(2,16)9(1,14)(8,11)(4,12)(3,5,10)(6,7)",5,1,1.5,False,"(*13,10)(2,15,9)(1,14)(4,16,8,11,12)-3,7,5,6",3,3,0.0,False,"(*13,10)9(2,1)14(4,15,8)11,12-3-16,7(5,6)",3,1,0.0,False,1,開催初日からAコースを使用して8日目となり、やや時計の掛かる馬場。
201910020805,5,2歳新馬,芝,1800,曇,良,12:15,2019-08-18,小倉,2,1,1,2017105612,ヴァルコス,牡2,54,01018,和田竜二,1:52.2,3/4,7-6-6-4,35.8,4.0,2,480(0),01061,[西]友道康夫,006030,佐々木主浩,280.0,"13(15,16)(2,9)14(1,8,11)(4,12)3(5,10)-(6,7)",7,3,0.0,False,"13,15(2,16)9(1,14)(8,11)(4,12)(3,5,10)(6,7)",6,2,1.5,False,"(*13,10)(2,15,9)(1,14)(4,16,8,11,12)-3,7,5,6",6,2,0.0,False,"(*13,10)9(2,1)14(4,15,8)11,12-3-16,7(5,6)",4,2,0.0,False,1,開催初日からAコースを使用して8日目となり、やや時計の掛かる馬場。
201910020805,5,2歳新馬,芝,1800,曇,良,12:15,2019-08-18,小倉,3,2,4,2017105324,ミッキーローズ,牝2,54,01115,浜中俊,1:52.4,1.1/4,10-10-8-7,35.7,6.8,4,408(0),01071,[西]池江泰寿,441007,野田みづき,180.0,"13(15,16)(2,9)14(1,8,11)(4,12)3(5,10)-(6,7)",10,2,0.0,False,"13,15(2,16)9(1,14)(8,11)(4,12)(3,5,10)(6,7)",10,2,1.5,False,"(*13,10)(2,15,9)(1,14)(4,16,8,11,12)-3,7,5,6",8,5,0.0,False,"(*13,10)9(2,1)14(4,15,8)11,12-3-16,7(5,6)",7,3,0.0,False,1,開催初日からAコースを使用して8日目となり、やや時計の掛かる馬場。
201910020805,5,2歳新馬,芝,1800,曇,良,12:15,2019-08-18,小倉,4,8,15,2017105395,ライトウォーリア,牡2,54,01116,藤岡康太,1:52.5,3/4,2-2-3-7,36.2,17.1,5,466(0),01117,[西]高野友和,486800,キャロットファーム,110.0,"13(15,16)(2,9)14(1,8,11)(4,12)3(5,10)-(6,7)",2,2,0.0,False,"13,15(2,16)9(1,14)(8,11)(4,12)(3,5,10)(6,7)",2,1,1.5,False,"(*13,10)(2,15,9)(1,14)(4,16,8,11,12)-3,7,5,6",3,3,0.0,False,"(*13,10)9(2,1)14(4,15,8)11,12-3-16,7(5,6)",7,3,0.0,False,1,開催初日からAコースを使用して8日目となり、やや時計の掛かる馬場。
201910020805,5,2歳新馬,芝,1800,曇,良,12:15,2019-08-18,小倉,5,7,14,2017105187,ミレニアムクロス,牡2,54,01102,北村友一,1:52.6,クビ,6-6-6-6,36.2,5.1,3,488(0),01151,[西]斉藤崇史,226800,サンデーレーシング,70.0,"13(15,16)(2,9)14(1,8,11)(4,12)3(5,10)-(6,7)",6,1,0.0,False,"13,15(2,16)9(1,14)(8,11)(4,12)(3,5,10)(6,7)",6,2,1.5,False,"(*13,10)(2,15,9)(1,14)(4,16,8,11,12)-3,7,5,6",6,2,0.0,False,"(*13,10)9(2,1)14(4,15,8)11,12-3-16,7(5,6)",6,1,0.0,False,1,開催初日からAコースを使用して8日目となり、やや時計の掛かる馬場。
201910020805,5,2歳新馬,芝,1800,曇,良,12:15,2019-08-18,小倉,6,7,13,2017100428,サンライズミリオン,牡2,51,01178,斎藤新,1:52.6,クビ,1-1-1-1,36.6,30.7,7,520(0),01138,[西]浜田多実,306008,松岡隆雄,,"13(15,16)(2,9)14(1,8,11)(4,12)3(5,10)-(6,7)",1,1,0.0,False,"13,15(2,16)9(1,14)(8,11)(4,12)(3,5,10)(6,7)",1,1,0.0,False,"(*13,10)(2,15,9)(1,14)(4,16,8,11,12)-3,7,5,6",1,2,0.0,True,"(*13,10)9(2,1)14(4,15,8)11,12-3-16,7(5,6)",1,2,0.0,True,1,開催初日からAコースを使用して8日目となり、やや時計の掛かる馬場。
201910020805,5,2歳新馬,芝,1800,曇,良,12:15,2019-08-18,小倉,7,1,2,2017100154,ピエナボヘミアン,牡2,54,01010,柴田未崎,1:52.7,クビ,4-3-3-4,36.4,302.4,15,520(0),01050,[西]飯田雄三,023007,本谷兼三,,"13(15,16)(2,9)14(1,8,11)(4,12)3(5,10)-(6,7)",4,2,0.0,False,"13,15(2,16)9(1,14)(8,11)(4,12)(3,5,10)(6,7)",3,2,1.5,False,"(*13,10)(2,15,9)(1,14)(4,16,8,11,12)-3,7,5,6",3,3,0.0,False,"(*13,10)9(2,1)14(4,15,8)11,12-3-16,7(5,6)",4,2,0.0,False,1,開催初日からAコースを使用して8日目となり、やや時計の掛かる馬場。
201910020805,5,2歳新馬,芝,1800,曇,良,12:15,2019-08-18,小倉,8,5,10,2017105142,ネイプルスイエロー,牡2,54,01154,松若風馬,1:52.9,1.1/2,13-12-2-2,36.8,87.8,12,434(0),01149,[西]松下武士,415800,社台レースホース,,"13(15,16)(2,9)14(1,8,11)(4,12)3(5,10)-(6,7)",13,2,0.0,False,"13,15(2,16)9(1,14)(8,11)(4,12)(3,5,10)(6,7)",12,3,1.5,False,"(*13,10)(2,15,9)(1,14)(4,16,8,11,12)-3,7,5,6",2,2,0.0,False,"(*13,10)9(2,1)14(4,15,8)11,12-3-16,7(5,6)",2,2,0.0,False,1,開催初日からAコースを使用して8日目となり、やや時計の掛かる馬場。
201910020805,5,2歳新馬,芝,1800,曇,良,12:15,2019-08-18,小倉,9,6,12,2017105982,ロッキーサンダー,牡2,54,00732,幸英明,1:53.1,1.1/4,10-10-8-11,36.4,42.3,8,478(0),01140,[西]石橋守,945006,原田豊,,"13(15,16)(2,9)14(1,8,11)(4,12)3(5,10)-(6,7)",10,2,0.0,False,"13,15(2,16)9(1,14)(8,11)(4,12)(3,5,10)(6,7)",10,2,1.5,False,"(*13,10)(2,15,9)(1,14)(4,16,8,11,12)-3,7,5,6",8,5,0.0,False,"(*13,10)9(2,1)14(4,15,8)11,12-3-16,7(5,6)",11,1,1.5,False,1,開催初日からAコースを使用して8日目となり、やや時計の掛かる馬場。
201910020805,5,2歳新馬,芝,1800,曇,良,12:15,2019-08-18,小倉,10,6,11,2017104836,メイケイスピリッツ,牡2,54,01126,松山弘平,1:53.2,クビ,7-8-8-10,36.5,60.9,11,466(0),01161,[西]武英智,004800,名古屋競馬,,"13(15,16)(2,9)14(1,8,11)(4,12)3(5,10)-(6,7)",7,3,0.0,False,"13,15(2,16)9(1,14)(8,11)(4,12)(3,5,10)(6,7)",8,2,1.5,False,"(*13,10)(2,15,9)(1,14)(4,16,8,11,12)-3,7,5,6",8,5,0.0,False,"(*13,10)9(2,1)14(4,15,8)11,12-3-16,7(5,6)",10,1,0.0,False,1,開催初日からAコースを使用して8日目となり、やや時計の掛かる馬場。
201910020805,5,2歳新馬,芝,1800,曇,良,12:15,2019-08-18,小倉,11,2,3,2017105431,マスカテル,牡2,53,01171,西村淳也,1:53.6,2.1/2,12-12-13-12,36.5,28.9,6,480(0),01073,[西]宮本博,506800,シルクレーシング,,"13(15,16)(2,9)14(1,8,11)(4,12)3(5,10)-(6,7)",12,1,0.0,False,"13,15(2,16)9(1,14)(8,11)(4,12)(3,5,10)(6,7)",12,3,1.5,False,"(*13,10)(2,15,9)(1,14)(4,16,8,11,12)-3,7,5,6",13,1,3.5,False,"(*13,10)9(2,1)14(4,15,8)11,12-3-16,7(5,6)",12,1,5.0,False,1,開催初日からAコースを使用して8日目となり、やや時計の掛かる馬場。
201910020805,5,2歳新馬,芝,1800,曇,良,12:15,2019-08-18,小倉,12,4,8,2017100895,マルヨシズト,牡2,51,01174,岩田望来,1:53.7,1/2,7-8-8-7,37.0,52.0,10,456(0),01084,[西]梅田智之,131005,野村春行,,"13(15,16)(2,9)14(1,8,11)(4,12)3(5,10)-(6,7)",7,3,0.0,False,"13,15(2,16)9(1,14)(8,11)(4,12)(3,5,10)(6,7)",8,2,1.5,False,"(*13,10)(2,15,9)(1,14)(4,16,8,11,12)-3,7,5,6",8,5,0.0,False,"(*13,10)9(2,1)14(4,15,8)11,12-3-16,7(5,6)",7,3,0.0,False,1,開催初日からAコースを使用して8日目となり、やや時計の掛かる馬場。
201910020805,5,2歳新馬,芝,1800,曇,良,12:15,2019-08-18,小倉,13,3,6,2017104924,ナリタアレス,牡2,54,01037,太宰啓介,1:53.9,1.1/4,15-15-16-15,36.3,42.7,9,470(0),01033,[西]木原一良,712800,オースミ,,"13(15,16)(2,9)14(1,8,11)(4,12)3(5,10)-(6,7)",15,2,3.5,False,"13,15(2,16)9(1,14)(8,11)(4,12)(3,5,10)(6,7)",15,2,1.5,False,"(*13,10)(2,15,9)(1,14)(4,16,8,11,12)-3,7,5,6",16,1,8.0,False,"(*13,10)9(2,1)14(4,15,8)11,12-3-16,7(5,6)",15,2,10.0,False,1,開催初日からAコースを使用して8日目となり、やや時計の掛かる馬場。
201910020805,5,2歳新馬,芝,1800,曇,良,12:15,2019-08-18,小倉,14,4,7,2017100620,シャイニーフック,牝2,54,01144,菱田裕二,1:54.1,1.1/2,15-15-14-14,36.8,188.0,14,482(0),01144,[西]池添学,846033,兼松康太,,"13(15,16)(2,9)14(1,8,11)(4,12)3(5,10)-(6,7)",15,2,3.5,False,"13,15(2,16)9(1,14)(8,11)(4,12)(3,5,10)(6,7)",15,2,1.5,False,"(*13,10)(2,15,9)(1,14)(4,16,8,11,12)-3,7,5,6",14,1,5.0,False,"(*13,10)9(2,1)14(4,15,8)11,12-3-16,7(5,6)",14,1,10.0,False,1,開催初日からAコースを使用して8日目となり、やや時計の掛かる馬場。
201910020805,5,2歳新馬,芝,1800,曇,良,12:15,2019-08-18,小倉,15,8,16,2017106002,ナムラタイガー,牡2,54,01146,岩崎翼,1:55.1,6,2-3-8-13,38.5,338.5,16,500(0),01111,[西]鈴木孝志,945004,奈村信重,,"13(15,16)(2,9)14(1,8,11)(4,12)3(5,10)-(6,7)",2,2,0.0,False,"13,15(2,16)9(1,14)(8,11)(4,12)(3,5,10)(6,7)",3,2,1.5,False,"(*13,10)(2,15,9)(1,14)(4,16,8,11,12)-3,7,5,6",8,5,0.0,False,"(*13,10)9(2,1)14(4,15,8)11,12-3-16,7(5,6)",13,1,8.5,False,1,開催初日からAコースを使用して8日目となり、やや時計の掛かる馬場。
201910020805,5,2歳新馬,芝,1800,曇,良,12:15,2019-08-18,小倉,16,3,5,2017102954,ニューリリース,牡2,54,01019,秋山真一,1:56.4,8,13-12-15-15,39.0,129.2,13,478(0),01022,[西]石坂正,570009,江口雄一郎,,"13(15,16)(2,9)14(1,8,11)(4,12)3(5,10)-(6,7)",13,2,0.0,False,"13,15(2,16)9(1,14)(8,11)(4,12)(3,5,10)(6,7)",12,3,1.5,False,"(*13,10)(2,15,9)(1,14)(4,16,8,11,12)-3,7,5,6",15,1,6.5,False,"(*13,10)9(2,1)14(4,15,8)11,12-3-16,7(5,6)",15,2,10.0,False,1,開催初日からAコースを使用して8日目となり、やや時計の掛かる馬場。
201910020806,6,2歳新馬,芝,1200,曇,良,12:45,2019-08-18,小倉,1,7,10,2017105516,メメントモリ,牝2,54,01116,藤岡康太,1:10.0,,3-2,35.4,4.0,2,460(0),01144,[西]池添学,790005,吉田勝己,700.0,,,,,,,,,,,"(*4,5)-(10,12)3,6-11-8(7,9,2)-1",3,2,3.5,False,"(*4,5,10)12-3-11-(6,2,8)7,1-9",2,3,0.0,False,1,開催初日からAコースを使用して8日目となり、やや時計の掛かる馬場。
201910020806,6,2歳新馬,芝,1200,曇,良,12:45,2019-08-18,小倉,2,5,5,2017100600,カリオストロ,牝2,54,01126,松山弘平,1:10.1,1/2,2-2,35.8,18.5,6,450(0),00425,[西]加用正,087803,ＨｉｍＲｏｃｋＲａｃ...,280.0,,,,,,,,,,,"(*4,5)-(10,12)3,6-11-8(7,9,2)-1",2,2,0.0,False,"(*4,5,10)12-3-11-(6,2,8)7,1-9",2,3,0.0,False,1,開催初日からAコースを使用して8日目となり、やや時計の掛かる馬場。
201910020806,6,2歳新馬,芝,1200,曇,良,12:45,2019-08-18,小倉,3,8,12,2017104071,ゼットグローリ,牝2,54,00732,幸英明,1:10.4,2,3-4,35.8,5.4,3,458(0),01021,[西]池添兼雄,730800,フォーレスト,180.0,,,,,,,,,,,"(*4,5)-(10,12)3,6-11-8(7,9,2)-1",3,2,3.5,False,"(*4,5,10)12-3-11-(6,2,8)7,1-9",4,1,0.0,False,1,開催初日からAコースを使用して8日目となり、やや時計の掛かる馬場。
201910020806,6,2歳新馬,芝,1200,曇,良,12:45,2019-08-18,小倉,4,8,11,2017105628,パリスデージー,牝2,54,01102,北村友一,1:10.7,1.1/2,7-6,35.4,2.8,1,432(0),01117,[西]高野友和,226800,サンデーレーシング,110.0,,,,,,,,,,,"(*4,5)-(10,12)3,6-11-8(7,9,2)-1",7,1,8.5,False,"(*4,5,10)12-3-11-(6,2,8)7,1-9",6,1,7.0,False,1,開催初日からAコースを使用して8日目となり、やや時計の掛かる馬場。
201910020806,6,2歳新馬,芝,1200,曇,良,12:45,2019-08-18,小倉,5,4,4,2017106105,フェールアシュバル,牝2,54,01154,松若風馬,1:10.8,3/4,1-1,36.6,20.5,7,468(0),00429,[西]佐々木晶,100800,日進牧場,70.0,,,,,,,,,,,"(*4,5)-(10,12)3,6-11-8(7,9,2)-1",1,2,0.0,True,"(*4,5,10)12-3-11-(6,2,8)7,1-9",1,3,0.0,True,1,開催初日からAコースを使用して8日目となり、やや時計の掛かる馬場。
201910020806,6,2歳新馬,芝,1200,曇,良,12:45,2019-08-18,小倉,6,6,8,2017104899,リリークラスター,牝2,54,01115,浜中俊,1:11.4,3.1/2,8-7,35.8,15.7,5,440(0),01135,[西]高橋康之,755033,会田浩史,,,,,,,,,,,,"(*4,5)-(10,12)3,6-11-8(7,9,2)-1",8,1,12.0,False,"(*4,5,10)12-3-11-(6,2,8)7,1-9",7,3,10.5,False,1,開催初日からAコースを使用して8日目となり、やや時計の掛かる馬場。
201910020806,6,2歳新馬,芝,1200,曇,良,12:45,2019-08-18,小倉,7,2,2,2017102461,シンフェイス,牝2,54,01019,秋山真一,1:11.4,クビ,9-7,35.7,7.6,4,456(0),01160,[西]武幸四郎,874033,佐々木勉,,,,,,,,,,,,"(*4,5)-(10,12)3,6-11-8(7,9,2)-1",9,3,12.0,False,"(*4,5,10)12-3-11-(6,2,8)7,1-9",7,3,10.5,False,1,開催初日からAコースを使用して8日目となり、やや時計の掛かる馬場。
201910020806,6,2歳新馬,芝,1200,曇,良,12:45,2019-08-18,小倉,8,6,7,2017105090,オメガラヴェリテ,牝2,51,01178,斎藤新,1:11.6,1.1/2,9-10,35.8,27.7,9,390(0),01164,[西]安田翔伍,008803,原禮子,,,,,,,,,,,,"(*4,5)-(10,12)3,6-11-8(7,9,2)-1",9,3,12.0,False,"(*4,5,10)12-3-11-(6,2,8)7,1-9",10,1,10.5,False,1,開催初日からAコースを使用して8日目となり、やや時計の掛かる馬場。
201910020806,6,2歳新馬,芝,1200,曇,良,12:45,2019-08-18,小倉,9,1,1,2017106468,カンゼオン,牝2,54,00894,小牧太,1:11.7,1/2,12-11,35.6,223.0,12,426(0),01040,[西]服部利之,985033,阿部東亜子,,,,,,,,,,,,"(*4,5)-(10,12)3,6-11-8(7,9,2)-1",12,1,15.5,False,"(*4,5,10)12-3-11-(6,2,8)7,1-9",11,1,12.0,False,1,開催初日からAコースを使用して8日目となり、やや時計の掛かる馬場。
201910020806,6,2歳新馬,芝,1200,曇,良,12:45,2019-08-18,小倉,10,3,3,2017104890,マサハヤアン,牝2,54,01018,和田竜二,1:12.5,5,5-5,37.8,21.8,8,454(0),01128,[西]今野貞一,471033,中村政夫,,,,,,,,,,,,"(*4,5)-(10,12)3,6-11-8(7,9,2)-1",5,1,3.5,False,"(*4,5,10)12-3-11-(6,2,8)7,1-9",5,1,3.5,False,1,開催初日からAコースを使用して8日目となり、やや時計の掛かる馬場。
201910020806,6,2歳新馬,芝,1200,曇,良,12:45,2019-08-18,小倉,11,5,6,2017106433,ハナノルージュ,牝2,54,01096,大野拓弥,1:13.0,3,6-7,38.2,99.8,10,428(0),01090,[東]天間昭一,932006,華山龍一,,,,,,,,,,,,"(*4,5)-(10,12)3,6-11-8(7,9,2)-1",6,1,5.0,False,"(*4,5,10)12-3-11-(6,2,8)7,1-9",7,3,10.5,False,1,開催初日からAコースを使用して8日目となり、やや時計の掛かる馬場。
201910020806,6,2歳新馬,芝,1200,曇,良,12:45,2019-08-18,小倉,12,7,9,2017104120,フシミパオラー,牝2,51,01176,亀田温心,1:13.7,4,9-12,38.0,105.9,11,386(0),01009,[西]田所秀孝,422033,小林祐介,,,,,,,,,,,,"(*4,5)-(10,12)3,6-11-8(7,9,2)-1",9,3,12.0,False,"(*4,5,10)12-3-11-(6,2,8)7,1-9",12,1,15.5,False,1,開催初日からAコースを使用して8日目となり、やや時計の掛かる馬場。
201910020807,7,3歳未勝利,芝,1200,曇,良,13:15,2019-08-18,小倉,1,7,15,2016105734,サンキューユウガ,牡3,56,01126,松山弘平,1:09.1,,11-10,34.8,2.9,1,504(0),01148,[西]西村真幸,464030,田畑利彦,500.0,,,,,,,,,,,"(7,*10)(13,17)(1,2,3,8,18)5,15,12-14(4,11)(6,16)   9",11,1,1.5,False,"10(13,17)7,18(1,2,3,8)(5,15)(12,11)14,4-(6,16)   9",10,2,1.5,False,1,開催初日からAコースを使用して8日目となり、やや時計の掛かる馬場。
201910020807,7,3歳未勝利,芝,1200,曇,良,13:15,2019-08-18,小倉,2,6,11,2016101952,ラッキーバローズ,牡3,56,01144,菱田裕二,1:09.1,クビ,14-12,34.1,6.2,3,420(+2),01121,[西]角田晃一,859007,猪熊広次,200.0,,,,,,,,,,,"(7,*10)(13,17)(1,2,3,8,18)5,15,12-14(4,11)(6,16)   9",14,2,6.5,False,"10(13,17)7,18(1,2,3,8)(5,15)(12,11)14,4-(6,16)   9",12,2,1.5,False,1,開催初日からAコースを使用して8日目となり、やや時計の掛かる馬場。
201910020807,7,3歳未勝利,芝,1200,曇,良,13:15,2019-08-18,小倉,3,5,10,2016110025,パーティナシティ,牡3,56,00666,武豊,1:09.4,1.1/2,1-1,35.8,9.1,4,490(-6),01129,[西]高橋義忠,003060,ゴドルフィン,130.0,,,,,,,,,,,"(7,*10)(13,17)(1,2,3,8,18)5,15,12-14(4,11)(6,16)   9",1,2,0.0,True,"10(13,17)7,18(1,2,3,8)(5,15)(12,11)14,4-(6,16)   9",1,1,0.0,False,1,開催初日からAコースを使用して8日目となり、やや時計の掛かる馬場。
201910020807,7,3歳未勝利,芝,1200,曇,良,13:15,2019-08-18,小倉,4,8,18,2016102489,メイショウユウバエ,牝3,51,01176,亀田温心,1:09.6,1.1/2,5-5,35.7,252.5,15,480(-2),01049,[西]南井克巳,523005,松本好雄,75.0,,,,,,,,,,,"(7,*10)(13,17)(1,2,3,8,18)5,15,12-14(4,11)(6,16)   9",5,5,0.0,False,"10(13,17)7,18(1,2,3,8)(5,15)(12,11)14,4-(6,16)   9",5,1,1.5,False,1,開催初日からAコースを使用して8日目となり、やや時計の掛かる馬場。
201910020807,7,3歳未勝利,芝,1200,曇,良,13:15,2019-08-18,小倉,5,6,12,2016102381,ウェーブクリスタル,牝3,54,01019,秋山真一,1:09.7,3/4,12-12,35.2,3.4,2,406(0),01069,[西]中尾秀正,786002,万波健二,50.0,,,,,,,,,,,"(7,*10)(13,17)(1,2,3,8,18)5,15,12-14(4,11)(6,16)   9",12,1,3.0,False,"10(13,17)7,18(1,2,3,8)(5,15)(12,11)14,4-(6,16)   9",12,2,1.5,False,1,開催初日からAコースを使用して8日目となり、やや時計の掛かる馬場。
201910020807,7,3歳未勝利,芝,1200,曇,良,13:15,2019-08-18,小倉,6,7,13,2016100523,タガノグラシアス,牝3,53,01171,西村淳也,1:09.8,クビ,3-2,36.0,22.1,7,466(-4),01046,[西]鮫島一歩,859002,八木良司,,,,,,,,,,,,"(7,*10)(13,17)(1,2,3,8,18)5,15,12-14(4,11)(6,16)   9",3,2,0.0,False,"10(13,17)7,18(1,2,3,8)(5,15)(12,11)14,4-(6,16)   9",2,2,0.0,False,1,開催初日からAコースを使用して8日目となり、やや時計の掛かる馬場。
201910020807,7,3歳未勝利,芝,1200,曇,良,13:15,2019-08-18,小倉,7,4,8,2016100369,マックスブロケイド,牝3,54,00894,小牧太,1:10.0,1.1/4,5-6,36.0,30.2,8,438(-6),01104,[西]笹田和秀,635009,田所英子,,,,,,,,,,,,"(7,*10)(13,17)(1,2,3,8,18)5,15,12-14(4,11)(6,16)   9",5,5,0.0,False,"10(13,17)7,18(1,2,3,8)(5,15)(12,11)14,4-(6,16)   9",6,4,1.5,False,1,開催初日からAコースを使用して8日目となり、やや時計の掛かる馬場。
201910020807,7,3歳未勝利,芝,1200,曇,良,13:15,2019-08-18,小倉,8,8,17,2016105700,マルキーズ,牝3,54,00422,内田博幸,1:10.0,クビ,3-2,36.2,88.0,12,452(+2),01053,[西]角居勝彦,547800,ヒダカ・ブリーダーズ...,,,,,,,,,,,,"(7,*10)(13,17)(1,2,3,8,18)5,15,12-14(4,11)(6,16)   9",3,2,0.0,False,"10(13,17)7,18(1,2,3,8)(5,15)(12,11)14,4-(6,16)   9",2,2,0.0,False,1,開催初日からAコースを使用して8日目となり、やや時計の掛かる馬場。
201910020807,7,3歳未勝利,芝,1200,曇,良,13:15,2019-08-18,小倉,9,7,14,2016102598,ブルベアリーノ,牡3,56,00732,幸英明,1:10.3,1.1/2,13-14,35.5,188.0,13,466(+6),01120,[西]千田輝彦,843800,ブルアンドベア,,,,,,,,,,,,"(7,*10)(13,17)(1,2,3,8,18)5,15,12-14(4,11)(6,16)   9",13,1,6.5,False,"10(13,17)7,18(1,2,3,8)(5,15)(12,11)14,4-(6,16)   9",14,1,1.5,False,1,開催初日からAコースを使用して8日目となり、やや時計の掛かる馬場。
201910020807,7,3歳未勝利,芝,1200,曇,良,13:15,2019-08-18,小倉,10,1,2,2016105479,ルミエールソレイユ,牝3,54,01018,和田竜二,1:10.3,アタマ,5-6,36.4,11.0,6,472(+6),01130,[西]吉村圭司,851009,岡田牧雄,,,,,,,,,,,,"(7,*10)(13,17)(1,2,3,8,18)5,15,12-14(4,11)(6,16)   9",5,5,0.0,False,"10(13,17)7,18(1,2,3,8)(5,15)(12,11)14,4-(6,16)   9",6,4,1.5,False,1,開催初日からAコースを使用して8日目となり、やや時計の掛かる馬場。
201910020807,7,3歳未勝利,芝,1200,曇,良,13:15,2019-08-18,小倉,11,3,5,2016100989,シゲルトラメイシ,牝3,54,01128,川須栄彦,1:10.3,アタマ,10-10,36.1,345.7,17,440(0),01120,[西]千田輝彦,674004,森中蕃,,,,,,,,,,,,"(7,*10)(13,17)(1,2,3,8,18)5,15,12-14(4,11)(6,16)   9",10,1,0.0,False,"10(13,17)7,18(1,2,3,8)(5,15)(12,11)14,4-(6,16)   9",10,2,1.5,False,1,開催初日からAコースを使用して8日目となり、やや時計の掛かる馬場。
201910020807,7,3歳未勝利,芝,1200,曇,良,13:15,2019-08-18,小倉,12,1,1,2016101082,クールリアル,牡3,56,01154,松若風馬,1:10.4,クビ,5-6,36.4,79.9,11,466(+2),01110,[西]清水久詞,762007,川上哲司,,,,,,,,,,,,"(7,*10)(13,17)(1,2,3,8,18)5,15,12-14(4,11)(6,16)   9",5,5,0.0,False,"10(13,17)7,18(1,2,3,8)(5,15)(12,11)14,4-(6,16)   9",6,4,1.5,False,1,開催初日からAコースを使用して8日目となり、やや時計の掛かる馬場。
201910020807,7,3歳未勝利,芝,1200,曇,良,13:15,2019-08-18,小倉,13,2,3,2016100033,レイナブローニュ,牝3,51,01174,岩田望来,1:10.5,3/4,5-6,36.5,10.9,5,458(+8),01151,[西]斉藤崇史,972033,山本又一郎,,,,,,,,,,,,"(7,*10)(13,17)(1,2,3,8,18)5,15,12-14(4,11)(6,16)   9",5,5,0.0,False,"10(13,17)7,18(1,2,3,8)(5,15)(12,11)14,4-(6,16)   9",6,4,1.5,False,1,開催初日からAコースを使用して8日目となり、やや時計の掛かる馬場。
201910020807,7,3歳未勝利,芝,1200,曇,良,13:15,2019-08-18,小倉,14,2,4,2016105155,ピエナキャプテン,牡3,56,01046,高田潤,1:10.7,1.1/2,14-15,35.7,237.7,14,462(+2),01161,[西]武英智,023007,本谷兼三,,,,,,,,,,,,"(7,*10)(13,17)(1,2,3,8,18)5,15,12-14(4,11)(6,16)   9",14,2,6.5,False,"10(13,17)7,18(1,2,3,8)(5,15)(12,11)14,4-(6,16)   9",15,1,3.0,False,1,開催初日からAコースを使用して8日目となり、やや時計の掛かる馬場。
201910020807,7,3歳未勝利,芝,1200,曇,良,13:15,2019-08-18,小倉,15,3,6,2016104567,アストライア,牝3,51,01178,斎藤新,1:11.3,3.1/2,16-16,36.0,31.4,9,424(+4),01144,[西]池添学,486800,キャロットファーム,,,,,,,,,,,,"(7,*10)(13,17)(1,2,3,8,18)5,15,12-14(4,11)(6,16)   9",16,2,6.5,False,"10(13,17)7,18(1,2,3,8)(5,15)(12,11)14,4-(6,16)   9",16,2,6.5,False,1,開催初日からAコースを使用して8日目となり、やや時計の掛かる馬場。
201910020807,7,3歳未勝利,芝,1200,曇,良,13:15,2019-08-18,小倉,16,4,7,2016106059,チーキーキュート,牝3,54,01099,鮫島良太,1:11.6,1.3/4,2-4,38.0,263.2,16,410(+2),01113,[西]牧浦充徳,547800,ヒダカ・ブリーダーズ...,,,,,,,,,,,,"(7,*10)(13,17)(1,2,3,8,18)5,15,12-14(4,11)(6,16)   9",2,2,0.0,False,"10(13,17)7,18(1,2,3,8)(5,15)(12,11)14,4-(6,16)   9",4,1,0.0,False,1,開催初日からAコースを使用して8日目となり、やや時計の掛かる馬場。
201910020807,7,3歳未勝利,芝,1200,曇,良,13:15,2019-08-18,小倉,17,8,16,2016110102,ファイナルドリーム,牝3,54,01037,太宰啓介,1:11.9,1.3/4,16-16,36.6,46.1,10,500(+6),01146,[西]奥村豊,026803,ＤＭＭドリームクラブ,,,,,,,,,,,,"(7,*10)(13,17)(1,2,3,8,18)5,15,12-14(4,11)(6,16)   9",16,2,6.5,False,"10(13,17)7,18(1,2,3,8)(5,15)(12,11)14,4-(6,16)   9",16,2,6.5,False,1,開催初日からAコースを使用して8日目となり、やや時計の掛かる馬場。
201910020807,7,3歳未勝利,芝,1200,曇,良,13:15,2019-08-18,小倉,除,5,9,2016105282,ダンシングプリンス,牡3,56,01102,北村友一,,,,,---,,508(0),01046,[西]鮫島一歩,310007,吉田千津,,,,,,,,,,,,"(7,*10)(13,17)(1,2,3,8,18)5,15,12-14(4,11)(6,16)   9",18,1,12.5,False,"10(13,17)7,18(1,2,3,8)(5,15)(12,11)14,4-(6,16)   9",18,1,12.5,False,1,開催初日からAコースを使用して8日目となり、やや時計の掛かる馬場。
201910020808,8,3歳以上500万下,ダ,1000,曇,稍重,13:45,2019-08-18,小倉,1,3,4,2016105174,ファビュラスギフト,牝3,49,01178,斎藤新,0:58.4,,1-1,35.9,3.1,1,454(+8),01161,[西]武英智,148800,グリーンファーム,750.0,,,,,,,,,,,"4(9,10)-(6,8)1,14(2,11,13)7(5,12)-3",1,1,0.0,False,"4,10,9-(6,8)1-(2,14,13)-(11,7)12,5-3",1,1,0.0,False,-3,
201910020808,8,3歳以上500万下,ダ,1000,曇,稍重,13:45,2019-08-18,小倉,2,5,8,2015102989,ノボリレーヴ,牝4,52,01174,岩田望来,0:58.6,1.1/4,4-4,35.5,12.4,6,446(+6),01083,[西]松永昌博,945006,原田豊,300.0,,,,,,,,,,,"4(9,10)-(6,8)1,14(2,11,13)7(5,12)-3",4,2,3.5,False,"4,10,9-(6,8)1-(2,14,13)-(11,7)12,5-3",4,2,6.5,False,-3,
201910020808,8,3歳以上500万下,ダ,1000,曇,稍重,13:45,2019-08-18,小倉,3,1,1,2016110062,エルズリー,牝3,52,01126,松山弘平,0:58.8,1.1/4,6-6,35.6,9.0,4,506(+4),00388,[西]山内研二,854800,ノルマンディーサラブ...,190.0,,,,,,,,,,,"4(9,10)-(6,8)1,14(2,11,13)7(5,12)-3",6,1,3.5,False,"4,10,9-(6,8)1-(2,14,13)-(11,7)12,5-3",6,1,6.5,False,-3,
201910020808,8,3歳以上500万下,ダ,1000,曇,稍重,13:45,2019-08-18,小倉,4,6,10,2014103867,アユツリオヤジ,牡5,57,01128,川須栄彦,0:59.1,1.3/4,2-2,36.5,12.0,5,502(0),01107,[西]村山明,005803,キャピタル・システム,110.0,,,,,,,,,,,"4(9,10)-(6,8)1,14(2,11,13)7(5,12)-3",2,2,0.0,False,"4,10,9-(6,8)1-(2,14,13)-(11,7)12,5-3",2,1,1.5,False,-3,
201910020808,8,3歳以上500万下,ダ,1000,曇,稍重,13:45,2019-08-18,小倉,5,6,9,2015103567,ウェーブガイア,牝4,55,01018,和田竜二,0:59.2,1/2,2-3,36.5,5.2,3,452(0),01069,[西]中尾秀正,786002,万波健二,75.0,,,,,,,,,,,"4(9,10)-(6,8)1,14(2,11,13)7(5,12)-3",2,2,0.0,False,"4,10,9-(6,8)1-(2,14,13)-(11,7)12,5-3",3,1,3.0,False,-3,
201910020808,8,3歳以上500万下,ダ,1000,曇,稍重,13:45,2019-08-18,小倉,6,2,2,2016105527,リトルウィッチ,牝3,52,00666,武豊,0:59.2,アタマ,8-7,35.7,3.3,2,424(+20),01120,[西]千田輝彦,427030,前原敏行,,,,,,,,,,,,"4(9,10)-(6,8)1,14(2,11,13)7(5,12)-3",8,3,5.0,False,"4,10,9-(6,8)1-(2,14,13)-(11,7)12,5-3",7,3,10.0,False,-3,
201910020808,8,3歳以上500万下,ダ,1000,曇,稍重,13:45,2019-08-18,小倉,7,7,11,2016106457,ジューンステータス,牡3,53,01171,西村淳也,0:59.3,クビ,8-10,35.8,38.0,9,488(+4),01128,[西]今野貞一,017803,吉川潤,,,,,,,,,,,,"4(9,10)-(6,8)1,14(2,11,13)7(5,12)-3",8,3,5.0,False,"4,10,9-(6,8)1-(2,14,13)-(11,7)12,5-3",10,2,13.5,False,-3,
201910020808,8,3歳以上500万下,ダ,1000,曇,稍重,13:45,2019-08-18,小倉,8,8,13,2014103031,メイショウアワジ,牡5,57,01125,国分優作,0:59.4,3/4,8-7,36.0,22.8,8,480(+2),00434,[西]西橋豊治,523005,松本好雄,,,,,,,,,,,,"4(9,10)-(6,8)1,14(2,11,13)7(5,12)-3",8,3,5.0,False,"4,10,9-(6,8)1-(2,14,13)-(11,7)12,5-3",7,3,10.0,False,-3,
201910020808,8,3歳以上500万下,ダ,1000,曇,稍重,13:45,2019-08-18,小倉,9,4,6,2016101674,エイシンノホシ,牝3,52,01115,浜中俊,0:59.6,1.1/4,4-4,36.6,18.3,7,472(-2),01135,[西]高橋康之,785800,栄進堂,,,,,,,,,,,,"4(9,10)-(6,8)1,14(2,11,13)7(5,12)-3",4,2,3.5,False,"4,10,9-(6,8)1-(2,14,13)-(11,7)12,5-3",4,2,6.5,False,-3,
201910020808,8,3歳以上500万下,ダ,1000,曇,稍重,13:45,2019-08-18,小倉,10,8,14,2015103446,アテンフラワー,牝4,55,01152,小崎綾也,0:59.6,クビ,7-7,36.3,144.1,12,474(+2),01113,[西]牧浦充徳,485007,河村隆平,,,,,,,,,,,,"4(9,10)-(6,8)1,14(2,11,13)7(5,12)-3",7,1,5.0,False,"4,10,9-(6,8)1-(2,14,13)-(11,7)12,5-3",7,3,10.0,False,-3,
201910020808,8,3歳以上500万下,ダ,1000,曇,稍重,13:45,2019-08-18,小倉,11,7,12,2014104280,ホウロクダマ,牡5,56,01165,森裕太朗,0:59.6,ハナ,12-12,35.8,53.3,10,536(-14),01039,[西]中竹和也,854800,ノルマンディーサラブ...,,,,,,,,,,,,"4(9,10)-(6,8)1,14(2,11,13)7(5,12)-3",12,2,5.0,False,"4,10,9-(6,8)1-(2,14,13)-(11,7)12,5-3",12,1,13.5,False,-3,
201910020808,8,3歳以上500万下,ダ,1000,曇,稍重,13:45,2019-08-18,小倉,12,5,7,2015102656,マラビージャ,牡4,57,05525,藤井勘一,0:59.6,アタマ,11-10,35.9,190.6,13,452(+20),01107,[西]村山明,535033,古賀慎一,,,,,,,,,,,,"4(9,10)-(6,8)1,14(2,11,13)7(5,12)-3",11,1,5.0,False,"4,10,9-(6,8)1-(2,14,13)-(11,7)12,5-3",10,2,13.5,False,-3,
201910020808,8,3歳以上500万下,ダ,1000,曇,稍重,13:45,2019-08-18,小倉,13,4,5,2015103585,ホッコータピタン,牝4,52,01176,亀田温心,1:00.3,4,12-13,36.5,139.2,11,452(-14),01139,[西]飯田祐史,057803,北幸商事,,,,,,,,,,,,"4(9,10)-(6,8)1,14(2,11,13)7(5,12)-3",12,2,5.0,False,"4,10,9-(6,8)1-(2,14,13)-(11,7)12,5-3",13,1,15.0,False,-3,
201910020808,8,3歳以上500万下,ダ,1000,曇,稍重,13:45,2019-08-18,小倉,14,3,3,2015106042,アイファーブレーヴ,牡4,57,01133,水口優也,1:00.5,1.1/4,14-14,36.0,324.6,14,470(+4),01006,[西]作田誠二,119007,中島稔,,,,,,,,,,,,"4(9,10)-(6,8)1,14(2,11,13)7(5,12)-3",14,1,8.5,False,"4,10,9-(6,8)1-(2,14,13)-(11,7)12,5-3",14,1,18.5,False,-3,
201910020809,9,天草特別(2勝),ダ,1700,曇,稍重,14:15,2019-08-18,小倉,1,4,8,2016100538,タガノファジョーロ,牡3,53,01099,鮫島良太,1:45.2,,9-9-8-8,37.6,7.1,3,444(-2),01121,[西]角田晃一,859002,八木良司,"1,535.0","1,11,4(13,15)(6,9)7-8-(2,16)(3,5)-(10,14)-12",9,1,6.5,False,"1,11(4,15)13(6,9)-7,8-(3,2)(5,16)10-14=12",9,1,6.5,False,"1(4,11,15)(6,9)7,8(3,10)(5,2)(14,16)=12=13",8,1,1.5,False,"1,11(4,6,15)(7,9)8,3,10(14,5)16,2=12   13",8,1,1.5,False,-3,
201910020809,9,天草特別(2勝),ダ,1700,曇,稍重,14:15,2019-08-18,小倉,2,4,7,2016101745,ゲンパチルシファー,牡3,53,01141,中井裕二,1:45.2,ハナ,8-8-7-6,37.7,14.0,7,490(+10),00429,[西]佐々木晶,689002,平野武志,610.0,"1,11,4(13,15)(6,9)7-8-(2,16)(3,5)-(10,14)-12",8,1,3.0,False,"1,11(4,15)13(6,9)-7,8-(3,2)(5,16)10-14=12",8,1,5.0,False,"1(4,11,15)(6,9)7,8(3,10)(5,2)(14,16)=12=13",7,1,0.0,False,"1,11(4,6,15)(7,9)8,3,10(14,5)16,2=12   13",6,2,1.5,False,-3,
201910020809,9,天草特別(2勝),ダ,1700,曇,稍重,14:15,2019-08-18,小倉,3,6,11,2016104340,ゴールドラグーン,牡3,53,01126,松山弘平,1:45.2,クビ,2-2-2-2,38.2,7.8,4,486(-13),01151,[西]斉藤崇史,231033,吉田晴哉,385.0,"1,11,4(13,15)(6,9)7-8-(2,16)(3,5)-(10,14)-12",2,1,1.5,False,"1,11(4,15)13(6,9)-7,8-(3,2)(5,16)10-14=12",2,1,1.5,False,"1(4,11,15)(6,9)7,8(3,10)(5,2)(14,16)=12=13",2,3,0.0,False,"1,11(4,6,15)(7,9)8,3,10(14,5)16,2=12   13",2,1,1.5,False,-3,
201910020809,9,天草特別(2勝),ダ,1700,曇,稍重,14:15,2019-08-18,小倉,4,7,14,2014100782,カムカム,牡5,54,05429,岡田祥嗣,1:45.3,3/4,14-15-13-11,37.0,90.9,16,480(+16),01138,[西]浜田多実,729008,共田義夫,230.0,"1,11,4(13,15)(6,9)7-8-(2,16)(3,5)-(10,14)-12",14,2,13.5,False,"1,11(4,15)13(6,9)-7,8-(3,2)(5,16)10-14=12",15,1,13.5,False,"1(4,11,15)(6,9)7,8(3,10)(5,2)(14,16)=12=13",13,2,1.5,False,"1,11(4,6,15)(7,9)8,3,10(14,5)16,2=12   13",11,2,4.5,False,-3,
201910020809,9,天草特別(2勝),ダ,1700,曇,稍重,14:15,2019-08-18,小倉,5,3,6,2014104516,サンマルエンパイア,牡5,54,01125,国分優作,1:45.6,1.3/4,6-6-5-3,38.3,82.3,14,462(-4),01065,[西]大橋勇樹,580007,相馬勇,150.0,"1,11,4(13,15)(6,9)7-8-(2,16)(3,5)-(10,14)-12",6,2,3.0,False,"1,11(4,15)13(6,9)-7,8-(3,2)(5,16)10-14=12",6,2,1.5,False,"1(4,11,15)(6,9)7,8(3,10)(5,2)(14,16)=12=13",5,2,0.0,False,"1,11(4,6,15)(7,9)8,3,10(14,5)16,2=12   13",3,3,1.5,False,-3,
201910020809,9,天草特別(2勝),ダ,1700,曇,稍重,14:15,2019-08-18,小倉,6,1,1,2016101194,グレースゼット,牝3,51,01128,川須栄彦,1:45.7,1/2,1-1-1-1,38.9,2.9,1,510(+8),01018,[西]宮徹,730800,フォーレスト,,"1,11,4(13,15)(6,9)7-8-(2,16)(3,5)-(10,14)-12",1,1,0.0,False,"1,11(4,15)13(6,9)-7,8-(3,2)(5,16)10-14=12",1,1,0.0,False,"1(4,11,15)(6,9)7,8(3,10)(5,2)(14,16)=12=13",1,1,0.0,False,"1,11(4,6,15)(7,9)8,3,10(14,5)16,2=12   13",1,1,0.0,False,-3,
201910020809,9,天草特別(2勝),ダ,1700,曇,稍重,14:15,2019-08-18,小倉,7,5,9,2016100955,キコクイーン,牝3,51,01114,田中健,1:45.8,1/2,6-6-5-6,38.6,29.4,9,424(-2),00411,[西]浅見秀一,043700,若草クラブ,,"1,11,4(13,15)(6,9)7-8-(2,16)(3,5)-(10,14)-12",6,2,3.0,False,"1,11(4,15)13(6,9)-7,8-(3,2)(5,16)10-14=12",6,2,1.5,False,"1(4,11,15)(6,9)7,8(3,10)(5,2)(14,16)=12=13",5,2,0.0,False,"1,11(4,6,15)(7,9)8,3,10(14,5)16,2=12   13",6,2,1.5,False,-3,
201910020809,9,天草特別(2勝),ダ,1700,曇,稍重,14:15,2019-08-18,小倉,8,2,3,2015105144,アスターソード,牡4,54,01154,松若風馬,1:45.8,ハナ,12-10-9-9,38.0,47.7,11,452(+6),01039,[西]中竹和也,935003,加藤久枝,,"1,11,4(13,15)(6,9)7-8-(2,16)(3,5)-(10,14)-12",12,2,10.0,False,"1,11(4,15)13(6,9)-7,8-(3,2)(5,16)10-14=12",10,2,10.0,False,"1(4,11,15)(6,9)7,8(3,10)(5,2)(14,16)=12=13",9,2,1.5,False,"1,11(4,6,15)(7,9)8,3,10(14,5)16,2=12   13",9,1,3.0,False,-3,
201910020809,9,天草特別(2勝),ダ,1700,曇,稍重,14:15,2019-08-18,小倉,9,3,5,2014103848,スズカスマート,牝5,53,01019,秋山真一,1:45.8,ハナ,12-12-11-11,37.9,5.7,2,492(0),01065,[西]大橋勇樹,382004,永井啓弍,,"1,11,4(13,15)(6,9)7-8-(2,16)(3,5)-(10,14)-12",12,2,10.0,False,"1,11(4,15)13(6,9)-7,8-(3,2)(5,16)10-14=12",12,2,10.0,False,"1(4,11,15)(6,9)7,8(3,10)(5,2)(14,16)=12=13",11,2,1.5,False,"1,11(4,6,15)(7,9)8,3,10(14,5)16,2=12   13",11,2,4.5,False,-3,
201910020809,9,天草特別(2勝),ダ,1700,曇,稍重,14:15,2019-08-18,小倉,10,5,10,2014105554,リュウシンベガス,牡5,53,00894,小牧太,1:46.0,1.1/4,14-14-9-10,38.2,89.0,15,506(+14),01154,[西]橋口慎介,836008,桑畑隆信,,"1,11,4(13,15)(6,9)7-8-(2,16)(3,5)-(10,14)-12",14,2,13.5,False,"1,11(4,15)13(6,9)-7,8-(3,2)(5,16)10-14=12",14,1,10.0,False,"1(4,11,15)(6,9)7,8(3,10)(5,2)(14,16)=12=13",9,2,1.5,False,"1,11(4,6,15)(7,9)8,3,10(14,5)16,2=12   13",10,1,4.5,False,-3,
201910020809,9,天草特別(2勝),ダ,1700,曇,稍重,14:15,2019-08-18,小倉,11,2,4,2014102092,イナズママンボ,牝5,50,01171,西村淳也,1:46.6,3.1/2,3-3-2-3,39.5,59.4,13,468(+3),01159,[西]高柳大輔,658002,小泉賢悟,,"1,11,4(13,15)(6,9)7-8-(2,16)(3,5)-(10,14)-12",3,1,3.0,False,"1,11(4,15)13(6,9)-7,8-(3,2)(5,16)10-14=12",3,2,1.5,False,"1(4,11,15)(6,9)7,8(3,10)(5,2)(14,16)=12=13",2,3,0.0,False,"1,11(4,6,15)(7,9)8,3,10(14,5)16,2=12   13",3,3,1.5,False,-3,
201910020809,9,天草特別(2勝),ダ,1700,曇,稍重,14:15,2019-08-18,小倉,12,8,15,2014103434,アスターストーリー,牝5,53,00732,幸英明,1:46.7,クビ,4-3-2-3,39.6,25.6,8,460(+2),01057,[西]湯窪幸雄,935003,加藤久枝,,"1,11,4(13,15)(6,9)7-8-(2,16)(3,5)-(10,14)-12",4,2,3.0,False,"1,11(4,15)13(6,9)-7,8-(3,2)(5,16)10-14=12",3,2,1.5,False,"1(4,11,15)(6,9)7,8(3,10)(5,2)(14,16)=12=13",2,3,0.0,False,"1,11(4,6,15)(7,9)8,3,10(14,5)16,2=12   13",3,3,1.5,False,-3,
201910020809,9,天草特別(2勝),ダ,1700,曇,稍重,14:15,2019-08-18,小倉,13,8,16,2013103668,ブリーズスズカ,牡6,54,01037,太宰啓介,1:46.8,1/2,10-12-13-13,38.6,35.5,10,466(+4),01065,[西]大橋勇樹,979033,永井宏明,,"1,11,4(13,15)(6,9)7-8-(2,16)(3,5)-(10,14)-12",10,2,10.0,False,"1,11(4,15)13(6,9)-7,8-(3,2)(5,16)10-14=12",12,2,10.0,False,"1(4,11,15)(6,9)7,8(3,10)(5,2)(14,16)=12=13",13,2,1.5,False,"1,11(4,6,15)(7,9)8,3,10(14,5)16,2=12   13",13,1,4.5,False,-3,
201910020809,9,天草特別(2勝),ダ,1700,曇,稍重,14:15,2019-08-18,小倉,14,6,12,2013105332,ジャストコーズ,セ6,54,01144,菱田裕二,1:47.1,2,16-16-15-15,37.8,53.3,12,494(-4),01066,[西]岡田稲男,415800,社台レースホース,,"1,11,4(13,15)(6,9)7-8-(2,16)(3,5)-(10,14)-12",16,1,17.0,False,"1,11(4,15)13(6,9)-7,8-(3,2)(5,16)10-14=12",16,1,19.5,False,"1(4,11,15)(6,9)7,8(3,10)(5,2)(14,16)=12=13",15,1,7.5,False,"1,11(4,6,15)(7,9)8,3,10(14,5)16,2=12   13",15,1,12.0,False,-3,
201910020809,9,天草特別(2勝),ダ,1700,曇,稍重,14:15,2019-08-18,小倉,15,1,2,2015110083,ベストマイウェイ,牡4,55,01115,浜中俊,1:48.0,5,10-10-11-14,40.1,12.2,6,532(+4),01022,[西]石坂正,431002,馬場幸夫,,"1,11,4(13,15)(6,9)7-8-(2,16)(3,5)-(10,14)-12",10,2,10.0,False,"1,11(4,15)13(6,9)-7,8-(3,2)(5,16)10-14=12",10,2,10.0,False,"1(4,11,15)(6,9)7,8(3,10)(5,2)(14,16)=12=13",11,2,1.5,False,"1,11(4,6,15)(7,9)8,3,10(14,5)16,2=12   13",14,1,6.0,False,-3,
201910020809,9,天草特別(2勝),ダ,1700,曇,稍重,14:15,2019-08-18,小倉,中,7,13,2015104826,レディバード,牝4,52,01102,北村友一,,,4-5-16,,7.8,5,482(+4),01085,[西]小崎憲,138007,吉田和美,,"1,11,4(13,15)(6,9)7-8-(2,16)(3,5)-(10,14)-12",4,2,3.0,False,"1,11(4,15)13(6,9)-7,8-(3,2)(5,16)10-14=12",5,1,1.5,False,"1(4,11,15)(6,9)7,8(3,10)(5,2)(14,16)=12=13",16,1,13.5,False,"1,11(4,6,15)(7,9)8,3,10(14,5)16,2=12   13",16,1,18.0,False,-3,
201910020810,10,西部スポニチ賞(2勝),芝,1800,曇,良,14:50,2019-08-18,小倉,1,1,1,2014100492,タガノアスワド,牝5,55,01171,西村淳也,1:47.5,,1-1-1-1,34.6,12.2,3,508(-10),00422,[西]五十嵐忠,859002,八木良司,"1,521.7","1,4,10,6(5,9)(2,8)-3,7",1,1,0.0,False,"1,4,10,6,5,9,2,8(7,3)",1,1,0.0,False,"1-(6,4)10-(2,5)(8,3)(7,9)",1,1,0.0,False,"1=10(6,4)2,5,8,3-(7,9)",1,1,0.0,False,2,開催初日からAコースを使用して8日目となり、やや時計の掛かる馬場。
201910020810,10,西部スポニチ賞(2勝),芝,1800,曇,良,14:50,2019-08-18,小倉,2,8,10,2016104349,アンドラステ,牝3,52,01018,和田竜二,1:47.7,1.1/2,3-3-4-2,33.9,1.7,1,470(+4),01137,[西]中内田充,415800,社台レースホース,606.2,"1,4,10,6(5,9)(2,8)-3,7",3,1,3.0,False,"1,4,10,6,5,9,2,8(7,3)",3,1,3.0,False,"1-(6,4)10-(2,5)(8,3)(7,9)",4,1,3.5,False,"1=10(6,4)2,5,8,3-(7,9)",2,1,6.0,False,2,開催初日からAコースを使用して8日目となり、やや時計の掛かる馬場。
201910020810,10,西部スポニチ賞(2勝),芝,1800,曇,良,14:50,2019-08-18,小倉,3,2,2,2014104328,リリーモントルー,牡5,57,01126,松山弘平,1:48.7,6,7-7-5-5,34.5,17.2,5,430(-8),01021,[西]池添兼雄,862006,土井孝夫,383.1,"1,4,10,6(5,9)(2,8)-3,7",7,2,4.5,False,"1,4,10,6,5,9,2,8(7,3)",7,1,9.0,False,"1-(6,4)10-(2,5)(8,3)(7,9)",5,2,7.0,False,"1=10(6,4)2,5,8,3-(7,9)",5,1,6.0,False,2,開催初日からAコースを使用して8日目となり、やや時計の掛かる馬場。
201910020810,10,西部スポニチ賞(2勝),芝,1800,曇,良,14:50,2019-08-18,小倉,4,7,8,2016105026,ゴータイミング,牡3,54,00666,武豊,1:48.8,クビ,7-8-7-7,34.4,2.5,2,446(-2),01092,[西]松永幹夫,002803,キーファーズ,230.0,"1,4,10,6(5,9)(2,8)-3,7",7,2,4.5,False,"1,4,10,6,5,9,2,8(7,3)",8,1,10.5,False,"1-(6,4)10-(2,5)(8,3)(7,9)",7,2,7.0,False,"1=10(6,4)2,5,8,3-(7,9)",7,1,9.0,False,2,開催初日からAコースを使用して8日目となり、やや時計の掛かる馬場。
201910020810,10,西部スポニチ賞(2勝),芝,1800,曇,良,14:50,2019-08-18,小倉,5,6,6,2013101079,スズカマサル,牡6,57,01116,藤岡康太,1:49.4,3.1/2,4-4-2-3,35.8,103.4,7,448(-4),00362,[西]橋田満,382004,永井啓弍,150.0,"1,4,10,6(5,9)(2,8)-3,7",4,1,4.5,False,"1,4,10,6,5,9,2,8(7,3)",4,1,4.5,False,"1-(6,4)10-(2,5)(8,3)(7,9)",2,2,3.5,False,"1=10(6,4)2,5,8,3-(7,9)",3,2,6.0,False,2,開催初日からAコースを使用して8日目となり、やや時計の掛かる馬場。
201910020810,10,西部スポニチ賞(2勝),芝,1800,曇,良,14:50,2019-08-18,小倉,6,5,5,2015101580,インターセクション,牡4,57,01115,浜中俊,1:49.7,1.3/4,5-5-5-6,35.5,12.3,4,488(+2),01058,[西]大久保龍,003060,ゴドルフィン,,"1,4,10,6(5,9)(2,8)-3,7",5,2,4.5,False,"1,4,10,6,5,9,2,8(7,3)",5,1,6.0,False,"1-(6,4)10-(2,5)(8,3)(7,9)",5,2,7.0,False,"1=10(6,4)2,5,8,3-(7,9)",6,1,7.5,False,2,開催初日からAコースを使用して8日目となり、やや時計の掛かる馬場。
201910020810,10,西部スポニチ賞(2勝),芝,1800,曇,良,14:50,2019-08-18,小倉,7,3,3,2014103284,エイシンスレイマン,牡5,57,00732,幸英明,1:50.0,2,9-9-7-8,35.6,19.6,6,476(-2),01028,[西]西園正都,785800,栄進堂,,"1,4,10,6(5,9)(2,8)-3,7",9,1,8.0,False,"1,4,10,6,5,9,2,8(7,3)",9,2,10.5,False,"1-(6,4)10-(2,5)(8,3)(7,9)",7,2,7.0,False,"1=10(6,4)2,5,8,3-(7,9)",8,1,10.5,False,2,開催初日からAコースを使用して8日目となり、やや時計の掛かる馬場。
201910020810,10,西部スポニチ賞(2勝),芝,1800,曇,良,14:50,2019-08-18,小倉,8,4,4,2015105742,トニーファイブ,セ4,57,05525,藤井勘一,1:50.3,2,2-2-2-3,36.7,298.8,10,442(+10),00427,[西]森秀行,073700,トニー倶楽部,,"1,4,10,6(5,9)(2,8)-3,7",2,1,1.5,False,"1,4,10,6,5,9,2,8(7,3)",2,1,1.5,False,"1-(6,4)10-(2,5)(8,3)(7,9)",2,2,3.5,False,"1=10(6,4)2,5,8,3-(7,9)",3,2,6.0,False,2,開催初日からAコースを使用して8日目となり、やや時計の掛かる馬場。
201910020810,10,西部スポニチ賞(2勝),芝,1800,曇,良,14:50,2019-08-18,小倉,9,7,7,2014104135,カカアコ,牝5,55,01152,小崎綾也,1:50.5,1.1/4,10-9-9-9,35.8,293.3,9,476(-6),01085,[西]小崎憲,258030,山住勲,,"1,4,10,6(5,9)(2,8)-3,7",10,1,9.5,False,"1,4,10,6,5,9,2,8(7,3)",9,2,10.5,False,"1-(6,4)10-(2,5)(8,3)(7,9)",9,2,7.0,False,"1=10(6,4)2,5,8,3-(7,9)",9,2,14.0,False,2,開催初日からAコースを使用して8日目となり、やや時計の掛かる馬場。
201910020810,10,西部スポニチ賞(2勝),芝,1800,曇,良,14:50,2019-08-18,小倉,10,8,9,2015105210,フィールインラヴ,牡4,57,01114,田中健,1:50.9,2.1/2,5-6-9-9,36.2,130.4,8,442(-4),00411,[西]浅見秀一,858800,大塚亮一,,"1,4,10,6(5,9)(2,8)-3,7",5,2,4.5,False,"1,4,10,6,5,9,2,8(7,3)",6,1,7.5,False,"1-(6,4)10-(2,5)(8,3)(7,9)",9,2,7.0,False,"1=10(6,4)2,5,8,3-(7,9)",9,2,14.0,False,2,開催初日からAコースを使用して8日目となり、やや時計の掛かる馬場。
201910020811,11,第54回TV西日本北九州記念(GIII),芝,1200,曇,良,15:25,2019-08-18,小倉,1,8,16,2013101042,ダイメイプリンセス,牝6,55,01019,秋山真一,1:08.2,,11-8,34.5,30.8,9,500(+4),01142,[西]森田直行,688006,宮本孝一,"3,963.7",,,,,,,,,,,"(*4,6)13,14(5,17)(1,9,15,18)(2,12,16)7(11,10)3,8",11,3,1.5,False,"4,6,13(5,14)(17,18)(1,9,2,16)(15,10)(11,3)12,7-8",8,4,3.0,False,2,開催初日からAコースを使用して8日目となり、やや時計の掛かる馬場。
201910020811,11,第54回TV西日本北九州記念(GIII),芝,1200,曇,良,15:25,2019-08-18,小倉,2,3,5,2016104470,ディアンドル,牝3,52,01102,北村友一,1:08.4,1,5-4,35.2,5.5,3,486(-4),01146,[西]奥村豊,506800,シルクレーシング,"1,618.2",,,,,,,,,,,"(*4,6)13,14(5,17)(1,9,15,18)(2,12,16)7(11,10)3,8",5,2,1.5,False,"4,6,13(5,14)(17,18)(1,9,2,16)(15,10)(11,3)12,7-8",4,2,3.0,False,2,開催初日からAコースを使用して8日目となり、やや時計の掛かる馬場。
201910020811,11,第54回TV西日本北九州記念(GIII),芝,1200,曇,良,15:25,2019-08-18,小倉,3,6,11,2015104165,アンヴァル,牝4,54,01116,藤岡康太,1:08.4,クビ,15-14,34.4,8.1,5,474(+4),01062,[西]藤岡健一,415800,社台レースホース,989.1,,,,,,,,,,,"(*4,6)13,14(5,17)(1,9,15,18)(2,12,16)7(11,10)3,8",15,2,1.5,False,"4,6,13(5,14)(17,18)(1,9,2,16)(15,10)(11,3)12,7-8",14,2,3.0,False,2,開催初日からAコースを使用して8日目となり、やや時計の掛かる馬場。
201910020811,11,第54回TV西日本北九州記念(GIII),芝,1200,曇,良,15:25,2019-08-18,小倉,4,7,13,2015110017,モズスーパーフレア,牝4,55,01154,松若風馬,1:08.5,クビ,3-3,35.6,5.4,2,506(+26),01002,[西]音無秀孝,005803,キャピタル・システム,590.0,,,,,,,,,,,"(*4,6)13,14(5,17)(1,9,15,18)(2,12,16)7(11,10)3,8",3,1,0.0,False,"4,6,13(5,14)(17,18)(1,9,2,16)(15,10)(11,3)12,7-8",3,1,3.0,False,2,開催初日からAコースを使用して8日目となり、やや時計の掛かる馬場。
201910020811,11,第54回TV西日本北九州記念(GIII),芝,1200,曇,良,15:25,2019-08-18,小倉,5,8,18,2014106006,ミラアイトーン,牡5,56.5,01115,浜中俊,1:08.5,クビ,7-6,35.1,3.2,1,540(+8),01071,[西]池江泰寿,270006,島川隆哉,390.0,,,,,,,,,,,"(*4,6)13,14(5,17)(1,9,15,18)(2,12,16)7(11,10)3,8",7,4,1.5,False,"4,6,13(5,14)(17,18)(1,9,2,16)(15,10)(11,3)12,7-8",6,2,3.0,False,2,開催初日からAコースを使用して8日目となり、やや時計の掛かる馬場。
201910020811,11,第54回TV西日本北九州記念(GIII),芝,1200,曇,良,15:25,2019-08-18,小倉,6,2,3,2012102017,アレスバローズ,牡7,57.5,01144,菱田裕二,1:08.6,1/2,17-14,34.4,11.5,6,492(-4),01121,[西]角田晃一,859007,猪熊広次,,,,,,,,,,,,"(*4,6)13,14(5,17)(1,9,15,18)(2,12,16)7(11,10)3,8",17,1,1.5,False,"4,6,13(5,14)(17,18)(1,9,2,16)(15,10)(11,3)12,7-8",14,2,3.0,False,2,開催初日からAコースを使用して8日目となり、やや時計の掛かる馬場。
201910020811,11,第54回TV西日本北九州記念(GIII),芝,1200,曇,良,15:25,2019-08-18,小倉,7,8,17,2014105621,カラクレナイ,牝5,55,01096,大野拓弥,1:08.6,ハナ,5-6,35.4,24.2,8,506(0),01149,[西]松下武士,758005,吉田照哉,,,,,,,,,,,,"(*4,6)13,14(5,17)(1,9,15,18)(2,12,16)7(11,10)3,8",5,2,1.5,False,"4,6,13(5,14)(17,18)(1,9,2,16)(15,10)(11,3)12,7-8",6,2,3.0,False,2,開催初日からAコースを使用して8日目となり、やや時計の掛かる馬場。
201910020811,11,第54回TV西日本北九州記念(GIII),芝,1200,曇,良,15:25,2019-08-18,小倉,8,1,2,2014104515,クインズサリナ,牝5,51,01171,西村淳也,1:08.6,ハナ,11-8,34.9,44.8,11,460(-2),01148,[西]西村真幸,331803,亀田和弘,,,,,,,,,,,,"(*4,6)13,14(5,17)(1,9,15,18)(2,12,16)7(11,10)3,8",11,3,1.5,False,"4,6,13(5,14)(17,18)(1,9,2,16)(15,10)(11,3)12,7-8",8,4,3.0,False,2,開催初日からAコースを使用して8日目となり、やや時計の掛かる馬場。
201910020811,11,第54回TV西日本北九州記念(GIII),芝,1200,曇,良,15:25,2019-08-18,小倉,9,5,10,2014100687,エントリーチケット,牝5,54,01125,国分優作,1:08.8,3/4,15-12,34.8,100.4,14,456(0),01018,[西]宮徹,546800,サラブレッドクラブ・...,,,,,,,,,,,,"(*4,6)13,14(5,17)(1,9,15,18)(2,12,16)7(11,10)3,8",15,2,1.5,False,"4,6,13(5,14)(17,18)(1,9,2,16)(15,10)(11,3)12,7-8",12,2,3.0,False,2,開催初日からAコースを使用して8日目となり、やや時計の掛かる馬場。
201910020811,11,第54回TV西日本北九州記念(GIII),芝,1200,曇,良,15:25,2019-08-18,小倉,10,2,4,2015101397,イエローマリンバ,牝4,53,01130,高倉稜,1:08.9,3/4,1-1,36.2,66.5,12,442(+4),01072,[西]河内洋,306008,松岡隆雄,,,,,,,,,,,,"(*4,6)13,14(5,17)(1,9,15,18)(2,12,16)7(11,10)3,8",1,2,0.0,True,"4,6,13(5,14)(17,18)(1,9,2,16)(15,10)(11,3)12,7-8",1,1,0.0,False,2,開催初日からAコースを使用して8日目となり、やや時計の掛かる馬場。
201910020811,11,第54回TV西日本北九州記念(GIII),芝,1200,曇,良,15:25,2019-08-18,小倉,11,7,15,2015110046,シャドウノエル,牝4,52,00422,内田博幸,1:08.9,ハナ,7-12,35.4,33.4,10,466(0),01053,[西]角居勝彦,308002,飯塚知一,,,,,,,,,,,,"(*4,6)13,14(5,17)(1,9,15,18)(2,12,16)7(11,10)3,8",7,4,1.5,False,"4,6,13(5,14)(17,18)(1,9,2,16)(15,10)(11,3)12,7-8",12,2,3.0,False,2,開催初日からAコースを使用して8日目となり、やや時計の掛かる馬場。
201910020811,11,第54回TV西日本北九州記念(GIII),芝,1200,曇,良,15:25,2019-08-18,小倉,12,5,9,2013101315,キングハート,牡6,56,01152,小崎綾也,1:09.0,クビ,7-8,35.5,244.6,17,494(0),01030,[東]星野忍,291002,増田陽一,,,,,,,,,,,,"(*4,6)13,14(5,17)(1,9,15,18)(2,12,16)7(11,10)3,8",7,4,1.5,False,"4,6,13(5,14)(17,18)(1,9,2,16)(15,10)(11,3)12,7-8",8,4,3.0,False,2,開催初日からAコースを使用して8日目となり、やや時計の掛かる馬場。
201910020811,11,第54回TV西日本北九州記念(GIII),芝,1200,曇,良,15:25,2019-08-18,小倉,13,6,12,2016100665,ディープダイバー,牡3,53,01018,和田竜二,1:09.0,クビ,11-16,35.2,21.4,7,452(+4),01058,[西]大久保龍,788800,ノースヒルズ,,,,,,,,,,,,"(*4,6)13,14(5,17)(1,9,15,18)(2,12,16)7(11,10)3,8",11,3,1.5,False,"4,6,13(5,14)(17,18)(1,9,2,16)(15,10)(11,3)12,7-8",16,1,3.0,False,2,開催初日からAコースを使用して8日目となり、やや時計の掛かる馬場。
201910020811,11,第54回TV西日本北九州記念(GIII),芝,1200,曇,良,15:25,2019-08-18,小倉,14,4,8,2016103137,ファンタジスト,牡3,54,00666,武豊,1:09.1,3/4,18-18,34.8,7.0,4,482(0),01084,[西]梅田智之,539002,廣崎利洋,,,,,,,,,,,,"(*4,6)13,14(5,17)(1,9,15,18)(2,12,16)7(11,10)3,8",18,1,3.0,False,"4,6,13(5,14)(17,18)(1,9,2,16)(15,10)(11,3)12,7-8",18,1,8.0,False,2,開催初日からAコースを使用して8日目となり、やや時計の掛かる馬場。
201910020811,11,第54回TV西日本北九州記念(GIII),芝,1200,曇,良,15:25,2019-08-18,小倉,15,1,1,2011102579,ラインスピリット,牡8,56,01139,森一馬,1:09.2,クビ,7-8,35.8,178.9,15,438(-2),01083,[西]松永昌博,796002,大澤繁昌,,,,,,,,,,,,"(*4,6)13,14(5,17)(1,9,15,18)(2,12,16)7(11,10)3,8",7,4,1.5,False,"4,6,13(5,14)(17,18)(1,9,2,16)(15,10)(11,3)12,7-8",8,4,3.0,False,2,開催初日からAコースを使用して8日目となり、やや時計の掛かる馬場。
201910020811,11,第54回TV西日本北九州記念(GIII),芝,1200,曇,良,15:25,2019-08-18,小倉,16,4,7,2012103379,ラインシュナイダー,牡7,55,05525,藤井勘一,1:09.4,1,14-17,35.5,421.6,18,474(0),01083,[西]松永昌博,796002,大澤繁昌,,,,,,,,,,,,"(*4,6)13,14(5,17)(1,9,15,18)(2,12,16)7(11,10)3,8",14,1,1.5,False,"4,6,13(5,14)(17,18)(1,9,2,16)(15,10)(11,3)12,7-8",17,1,4.5,False,2,開催初日からAコースを使用して8日目となり、やや時計の掛かる馬場。
201910020811,11,第54回TV西日本北九州記念(GIII),芝,1200,曇,良,15:25,2019-08-18,小倉,17,3,6,2015100978,ラブカンプー,牝4,53,01128,川須栄彦,1:09.6,1.1/4,2-2,36.8,85.4,13,434(+10),01142,[西]森田直行,291002,増田陽一,,,,,,,,,,,,"(*4,6)13,14(5,17)(1,9,15,18)(2,12,16)7(11,10)3,8",2,2,0.0,False,"4,6,13(5,14)(17,18)(1,9,2,16)(15,10)(11,3)12,7-8",2,1,1.5,False,2,開催初日からAコースを使用して8日目となり、やや時計の掛かる馬場。
201910020811,11,第54回TV西日本北九州記念(GIII),芝,1200,曇,良,15:25,2019-08-18,小倉,18,7,14,2011103412,ナインテイルズ,牡8,55,01126,松山弘平,1:09.6,クビ,4-4,36.6,229.9,16,484(+2),01173,[西]長谷川浩,851009,岡田牧雄,,,,,,,,,,,,"(*4,6)13,14(5,17)(1,9,15,18)(2,12,16)7(11,10)3,8",4,1,1.5,False,"4,6,13(5,14)(17,18)(1,9,2,16)(15,10)(11,3)12,7-8",4,2,3.0,False,2,開催初日からAコースを使用して8日目となり、やや時計の掛かる馬場。
201910020812,12,3歳以上500万下,芝,1800,曇,良,16:05,2019-08-18,小倉,1,4,6,2015104823,シーリア,牝4,55,01018,和田竜二,1:48.8,,2-2-2-1,35.5,6.9,3,462(-2),01053,[西]角居勝彦,486800,キャロットファーム,750.0,"13(6,14)9(5,8)(2,4,12)(7,11)-(1,10)-3",2,2,0.0,False,"13,6,14,9(5,8)(2,4,12)7(1,11)10-3",2,1,1.5,False,"(*13,6)14(9,8)(5,12)(7,4)(1,11)2(10,3)",2,2,0.0,False,"(13,*6)14(9,8)(7,5)(1,12)4,11(10,3)=2",1,2,0.0,True,2,開催初日からAコースを使用して8日目となり、やや時計の掛かる馬場。
201910020812,12,3歳以上500万下,芝,1800,曇,良,16:05,2019-08-18,小倉,2,6,9,2016103138,ビックピクチャー,牝3,49,01174,岩田望来,1:48.9,1/2,4-4-4-4,35.2,2.7,1,418(+4),01055,[西]藤原英昭,037803,廣崎利洋ＨＤ,300.0,"13(6,14)9(5,8)(2,4,12)(7,11)-(1,10)-3",4,1,0.0,False,"13,6,14,9(5,8)(2,4,12)7(1,11)10-3",4,1,4.5,False,"(*13,6)14(9,8)(5,12)(7,4)(1,11)2(10,3)",4,2,0.0,False,"(13,*6)14(9,8)(7,5)(1,12)4,11(10,3)=2",4,2,0.0,False,2,開催初日からAコースを使用して8日目となり、やや時計の掛かる馬場。
201910020812,12,3歳以上500万下,芝,1800,曇,良,16:05,2019-08-18,小倉,3,4,5,2015104972,ブルーメンクローネ,牝4,55,01115,浜中俊,1:49.1,1.1/2,5-5-6-6,35.1,2.7,2,498(+16),01022,[西]石坂正,486800,キャロットファーム,190.0,"13(6,14)9(5,8)(2,4,12)(7,11)-(1,10)-3",5,2,0.0,False,"13,6,14,9(5,8)(2,4,12)7(1,11)10-3",5,2,4.5,False,"(*13,6)14(9,8)(5,12)(7,4)(1,11)2(10,3)",6,2,0.0,False,"(13,*6)14(9,8)(7,5)(1,12)4,11(10,3)=2",6,2,0.0,False,2,開催初日からAコースを使用して8日目となり、やや時計の掛かる馬場。
201910020812,12,3歳以上500万下,芝,1800,曇,良,16:05,2019-08-18,小倉,4,8,14,2015105783,アスタービーナス,牝4,55,00732,幸英明,1:49.3,1,2-3-3-3,35.8,16.5,5,416(-10),01039,[西]中竹和也,935003,加藤久枝,110.0,"13(6,14)9(5,8)(2,4,12)(7,11)-(1,10)-3",2,2,0.0,False,"13,6,14,9(5,8)(2,4,12)7(1,11)10-3",3,1,3.0,False,"(*13,6)14(9,8)(5,12)(7,4)(1,11)2(10,3)",3,1,0.0,False,"(13,*6)14(9,8)(7,5)(1,12)4,11(10,3)=2",3,1,0.0,False,2,開催初日からAコースを使用して8日目となり、やや時計の掛かる馬場。
201910020812,12,3歳以上500万下,芝,1800,曇,良,16:05,2019-08-18,小倉,5,5,8,2016105620,ジャストマリッジ,牝3,51,01171,西村淳也,1:49.3,ハナ,5-5-4-4,35.5,20.9,6,420(0),01091,[西]羽月友彦,321800,友駿ホースクラブ,75.0,"13(6,14)9(5,8)(2,4,12)(7,11)-(1,10)-3",5,2,0.0,False,"13,6,14,9(5,8)(2,4,12)7(1,11)10-3",5,2,4.5,False,"(*13,6)14(9,8)(5,12)(7,4)(1,11)2(10,3)",4,2,0.0,False,"(13,*6)14(9,8)(7,5)(1,12)4,11(10,3)=2",4,2,0.0,False,2,開催初日からAコースを使用して8日目となり、やや時計の掛かる馬場。
201910020812,12,3歳以上500万下,芝,1800,曇,良,16:05,2019-08-18,小倉,6,1,1,2015105444,ブリリアントリリー,牝4,54,01165,森裕太朗,1:49.4,1/2,12-11-10-8,35.1,22.9,7,478(+4),01166,[西]石坂公一,854800,ノルマンディーサラブ...,,"13(6,14)9(5,8)(2,4,12)(7,11)-(1,10)-3",12,2,3.5,False,"13,6,14,9(5,8)(2,4,12)7(1,11)10-3",11,2,4.5,False,"(*13,6)14(9,8)(5,12)(7,4)(1,11)2(10,3)",10,2,0.0,False,"(13,*6)14(9,8)(7,5)(1,12)4,11(10,3)=2",8,2,0.0,False,2,開催初日からAコースを使用して8日目となり、やや時計の掛かる馬場。
201910020812,12,3歳以上500万下,芝,1800,曇,良,16:05,2019-08-18,小倉,7,3,4,2016103346,サマーセント,牝3,52,00666,武豊,1:49.6,1.1/4,7-7-8-10,35.4,9.9,4,458(+8),01151,[西]斉藤崇史,003060,ゴドルフィン,,"13(6,14)9(5,8)(2,4,12)(7,11)-(1,10)-3",7,3,0.0,False,"13,6,14,9(5,8)(2,4,12)7(1,11)10-3",7,3,4.5,False,"(*13,6)14(9,8)(5,12)(7,4)(1,11)2(10,3)",8,2,0.0,False,"(13,*6)14(9,8)(7,5)(1,12)4,11(10,3)=2",10,1,0.0,False,2,開催初日からAコースを使用して8日目となり、やや時計の掛かる馬場。
201910020812,12,3歳以上500万下,芝,1800,曇,良,16:05,2019-08-18,小倉,8,6,10,2015104245,レディーキティ,牝4,55,05525,藤井勘一,1:49.6,アタマ,12-13-13-12,34.8,88.4,11,414(-2),01098,[西]野中賢二,037803,廣崎利洋ＨＤ,,"13(6,14)9(5,8)(2,4,12)(7,11)-(1,10)-3",12,2,3.5,False,"13,6,14,9(5,8)(2,4,12)7(1,11)10-3",13,1,4.5,False,"(*13,6)14(9,8)(5,12)(7,4)(1,11)2(10,3)",13,2,0.0,False,"(13,*6)14(9,8)(7,5)(1,12)4,11(10,3)=2",12,2,1.5,False,2,開催初日からAコースを使用して8日目となり、やや時計の掛かる馬場。
201910020812,12,3歳以上500万下,芝,1800,曇,良,16:05,2019-08-18,小倉,9,7,11,2016105182,フェータルイヴ,牝3,52,01114,田中健,1:49.6,クビ,10-11-10-11,35.2,213.3,14,442(+6),01095,[西]荒川義之,840008,兼松忠男,,"13(6,14)9(5,8)(2,4,12)(7,11)-(1,10)-3",10,2,0.0,False,"13,6,14,9(5,8)(2,4,12)7(1,11)10-3",11,2,4.5,False,"(*13,6)14(9,8)(5,12)(7,4)(1,11)2(10,3)",10,2,0.0,False,"(13,*6)14(9,8)(7,5)(1,12)4,11(10,3)=2",11,1,1.5,False,2,開催初日からAコースを使用して8日目となり、やや時計の掛かる馬場。
201910020812,12,3歳以上500万下,芝,1800,曇,良,16:05,2019-08-18,小倉,10,7,12,2016104557,オーシャンスケイプ,牝3,52,01096,大野拓弥,1:49.8,3/4,7-7-6-8,35.7,45.7,10,414(+6),01148,[西]西村真幸,506800,シルクレーシング,,"13(6,14)9(5,8)(2,4,12)(7,11)-(1,10)-3",7,3,0.0,False,"13,6,14,9(5,8)(2,4,12)7(1,11)10-3",7,3,4.5,False,"(*13,6)14(9,8)(5,12)(7,4)(1,11)2(10,3)",6,2,0.0,False,"(13,*6)14(9,8)(7,5)(1,12)4,11(10,3)=2",8,2,0.0,False,2,開催初日からAコースを使用して8日目となり、やや時計の掛かる馬場。
201910020812,12,3歳以上500万下,芝,1800,曇,良,16:05,2019-08-18,小倉,11,3,3,2015101367,プリヴェット,牝4,55,01116,藤岡康太,1:50.3,3,14-14-13-12,35.4,29.8,9,486(+2),01128,[西]今野貞一,185031,下河辺俊行,,"13(6,14)9(5,8)(2,4,12)(7,11)-(1,10)-3",14,1,7.0,False,"13,6,14,9(5,8)(2,4,12)7(1,11)10-3",14,1,8.0,False,"(*13,6)14(9,8)(5,12)(7,4)(1,11)2(10,3)",13,2,0.0,False,"(13,*6)14(9,8)(7,5)(1,12)4,11(10,3)=2",12,2,1.5,False,2,開催初日からAコースを使用して8日目となり、やや時計の掛かる馬場。
201910020812,12,3歳以上500万下,芝,1800,曇,良,16:05,2019-08-18,小倉,12,5,7,2015104794,アドマイヤクィーン,牝4,55,01126,松山弘平,1:50.3,クビ,10-10-8-6,36.1,29.6,8,476(+6),01105,[西]須貝尚介,398002,近藤利一,,"13(6,14)9(5,8)(2,4,12)(7,11)-(1,10)-3",10,2,0.0,False,"13,6,14,9(5,8)(2,4,12)7(1,11)10-3",10,1,4.5,False,"(*13,6)14(9,8)(5,12)(7,4)(1,11)2(10,3)",8,2,0.0,False,"(13,*6)14(9,8)(7,5)(1,12)4,11(10,3)=2",6,2,0.0,False,2,開催初日からAコースを使用して8日目となり、やや時計の掛かる馬場。
201910020812,12,3歳以上500万下,芝,1800,曇,良,16:05,2019-08-18,小倉,13,8,13,2016102212,タムロドリーム,牝3,49,01176,亀田温心,1:50.4,1/2,1-1-1-2,37.1,134.8,12,472(+2),01028,[西]西園正都,586006,谷口屯,,"13(6,14)9(5,8)(2,4,12)(7,11)-(1,10)-3",1,1,0.0,False,"13,6,14,9(5,8)(2,4,12)7(1,11)10-3",1,1,0.0,False,"(*13,6)14(9,8)(5,12)(7,4)(1,11)2(10,3)",1,2,0.0,True,"(13,*6)14(9,8)(7,5)(1,12)4,11(10,3)=2",2,2,0.0,False,2,開催初日からAコースを使用して8日目となり、やや時計の掛かる馬場。
201910020812,12,3歳以上500万下,芝,1800,曇,良,16:05,2019-08-18,小倉,14,2,2,2016101720,バッカーノ,牝3,52,01019,秋山真一,1:54.3,大,7-7-12-14,39.8,149.4,13,458(-6),01111,[西]鈴木孝志,897030,泉一郎,,"13(6,14)9(5,8)(2,4,12)(7,11)-(1,10)-3",7,3,0.0,False,"13,6,14,9(5,8)(2,4,12)7(1,11)10-3",7,3,4.5,False,"(*13,6)14(9,8)(5,12)(7,4)(1,11)2(10,3)",12,1,0.0,False,"(13,*6)14(9,8)(7,5)(1,12)4,11(10,3)=2",14,1,7.5,False,2,開催初日からAコースを使用して8日目となり、やや時計の掛かる馬場。
201901020201,1,2歳未勝利,芝,1500,晴,良,10:10,2019-08-18,札幌,1,5,5,2017105332,ヴェスターヴァルト,牡2,54,05339,ルメール,1:31.1,,1-3-3,36.7,1.5,1,460(-2),01059,[東]加藤征弘,486800,キャロットファーム,500.0,,,,,,"(*5,6,9)(2,4,8)3,1,10-7",1,3,0.0,True,"9,6(5,2)(8,4)3,1,10-7",3,2,1.5,False,"(*9,6)(5,2)4(3,8,10)1-7",3,2,0.0,False,-6,前日とほぼ同じ馬場差。速めの時計が出るレベルではあるが、高速馬場ではなかった。
201901020201,1,2歳未勝利,芝,1500,晴,良,10:10,2019-08-18,札幌,2,8,10,2017105312,グレイスフルダンス,牝2,54,05386,戸崎圭太,1:31.2,1/2,9-9-6,36.1,35.0,7,486(-4),01086,[東]斎藤誠,053803,杉山忠国,200.0,,,,,,"(*5,6,9)(2,4,8)3,1,10-7",9,1,3.0,False,"9,6(5,2)(8,4)3,1,10-7",9,1,4.5,False,"(*9,6)(5,2)4(3,8,10)1-7",6,3,0.0,False,-6,前日とほぼ同じ馬場差。速めの時計が出るレベルではあるが、高速馬場ではなかった。
201901020201,1,2歳未勝利,芝,1500,晴,良,10:10,2019-08-18,札幌,3,8,9,2017104172,メイショウチタン,牡2,54,00660,横山典弘,1:31.2,クビ,2-1-1,37.2,19.0,5,462(-4),01099,[西]本田優,523005,松本好雄,130.0,,,,,,"(*5,6,9)(2,4,8)3,1,10-7",2,3,0.0,False,"9,6(5,2)(8,4)3,1,10-7",1,1,0.0,False,"(*9,6)(5,2)4(3,8,10)1-7",1,2,0.0,True,-6,前日とほぼ同じ馬場差。速めの時計が出るレベルではあるが、高速馬場ではなかった。
201901020201,1,2歳未勝利,芝,1500,晴,良,10:10,2019-08-18,札幌,4,3,3,2017104988,ナリタブレード,牡2,54,05203,岩田康誠,1:31.6,2.1/2,7-7-6,36.9,6.0,2,490(-2),01069,[西]中尾秀正,712800,オースミ,75.0,,,,,,"(*5,6,9)(2,4,8)3,1,10-7",7,1,0.0,False,"9,6(5,2)(8,4)3,1,10-7",7,1,1.5,False,"(*9,6)(5,2)4(3,8,10)1-7",6,3,0.0,False,-6,前日とほぼ同じ馬場差。速めの時計が出るレベルではあるが、高速馬場ではなかった。
201901020201,1,2歳未勝利,芝,1500,晴,良,10:10,2019-08-18,札幌,5,6,6,2017106424,ウインアクティーボ,牡2,54,01085,松岡正海,1:31.7,クビ,2-2-2,37.5,8.0,3,490(+2),01088,[東]高木登,494800,ウイン,50.0,,,,,,"(*5,6,9)(2,4,8)3,1,10-7",2,3,0.0,False,"9,6(5,2)(8,4)3,1,10-7",2,1,1.5,False,"(*9,6)(5,2)4(3,8,10)1-7",2,2,0.0,False,-6,前日とほぼ同じ馬場差。速めの時計が出るレベルではあるが、高速馬場ではなかった。
201901020201,1,2歳未勝利,芝,1500,晴,良,10:10,2019-08-18,札幌,6,7,8,2017100026,レディトゥラン,牝2,51,01180,団野大成,1:31.9,1.1/4,4-5-6,37.3,146.4,9,412(+2),01077,[東]加藤和宏,910800,グランデオーナーズ,,,,,,,"(*5,6,9)(2,4,8)3,1,10-7",4,3,0.0,False,"9,6(5,2)(8,4)3,1,10-7",5,2,1.5,False,"(*9,6)(5,2)4(3,8,10)1-7",6,3,0.0,False,-6,前日とほぼ同じ馬場差。速めの時計が出るレベルではあるが、高速馬場ではなかった。
201901020201,1,2歳未勝利,芝,1500,晴,良,10:10,2019-08-18,札幌,7,4,4,2017102037,シャチ,牡2,51,01179,菅原明良,1:31.9,ハナ,4-5-5,37.3,34.7,6,440(+2),01005,[東]小桧山悟,981002,中村勝彦,,,,,,,"(*5,6,9)(2,4,8)3,1,10-7",4,3,0.0,False,"9,6(5,2)(8,4)3,1,10-7",5,2,1.5,False,"(*9,6)(5,2)4(3,8,10)1-7",5,1,0.0,False,-6,前日とほぼ同じ馬場差。速めの時計が出るレベルではあるが、高速馬場ではなかった。
201901020201,1,2歳未勝利,芝,1500,晴,良,10:10,2019-08-18,札幌,8,1,1,2017100682,サイモンルグラン,牡2,54,01025,勝浦正樹,1:32.0,1/2,8-8-9,37.1,40.4,8,482(+6),01047,[東]勢司和浩,132030,澤田昭紀,,,,,,,"(*5,6,9)(2,4,8)3,1,10-7",8,1,1.5,False,"9,6(5,2)(8,4)3,1,10-7",8,1,3.0,False,"(*9,6)(5,2)4(3,8,10)1-7",9,1,0.0,False,-6,前日とほぼ同じ馬場差。速めの時計が出るレベルではあるが、高速馬場ではなかった。
201901020201,1,2歳未勝利,芝,1500,晴,良,10:10,2019-08-18,札幌,9,2,2,2017106379,ポーカークイーン,牝2,54,01030,松田大作,1:32.6,3.1/2,4-3-3,38.2,8.1,4,434(+4),01105,[西]須貝尚介,363800,三嶋牧場,,,,,,,"(*5,6,9)(2,4,8)3,1,10-7",4,3,0.0,False,"9,6(5,2)(8,4)3,1,10-7",3,2,1.5,False,"(*9,6)(5,2)4(3,8,10)1-7",3,2,0.0,False,-6,前日とほぼ同じ馬場差。速めの時計が出るレベルではあるが、高速馬場ではなかった。
201901020201,1,2歳未勝利,芝,1500,晴,良,10:10,2019-08-18,札幌,10,7,7,2017104656,タカシーフェイス,牡2,54,01095,吉田隼人,1:33.1,3,10-10-10,37.6,170.7,10,482(-2),01111,[西]鈴木孝志,874033,佐々木勉,,,,,,,"(*5,6,9)(2,4,8)3,1,10-7",10,1,6.5,False,"9,6(5,2)(8,4)3,1,10-7",10,1,8.0,False,"(*9,6)(5,2)4(3,8,10)1-7",10,1,3.5,False,-6,前日とほぼ同じ馬場差。速めの時計が出るレベルではあるが、高速馬場ではなかった。
201901020202,2,3歳未勝利,ダ,2400,晴,稍重,10:45,2019-08-18,札幌,1,5,5,2016104987,コバルトブルー,牡3,56,05339,ルメール,2:37.6,,4-3-6-4,38.0,3.9,2,464(-2),01071,[西]池江泰寿,831800,青芝商事,500.0,"1(6,9)(2,5,8,4)(10,11,3)7",4,4,0.0,False,"1,6(2,5,9,4)(10,3)8(11,7)",3,4,1.5,False,"(*1,9,4,3)6-5,7,2(10,11)-8",6,1,3.5,False,"(*1,9)3(4,5)-(6,7,11)10,8,2",4,2,0.0,False,-8,
201901020202,2,3歳未勝利,ダ,2400,晴,稍重,10:45,2019-08-18,札幌,2,1,1,2016101672,エイシンフォーラン,牡3,53,01180,団野大成,2:38.0,2.1/2,1-1-1-1,38.9,6.6,4,484(0),01168,[西]上村洋行,785800,栄進堂,200.0,"1(6,9)(2,5,8,4)(10,11,3)7",1,1,0.0,False,"1,6(2,5,9,4)(10,3)8(11,7)",1,1,0.0,False,"(*1,9,4,3)6-5,7,2(10,11)-8",1,4,0.0,True,"(*1,9)3(4,5)-(6,7,11)10,8,2",1,2,0.0,True,-8,
201901020202,2,3歳未勝利,ダ,2400,晴,稍重,10:45,2019-08-18,札幌,3,7,9,2016104388,レイバーリフォーム,牝3,54,05212,Ｍ．デム,2:38.1,クビ,2-3-2-2,39.0,12.8,5,464(-12),01068,[東]小島茂之,808800,Ｇ１レーシング,130.0,"1(6,9)(2,5,8,4)(10,11,3)7",2,2,0.0,False,"1,6(2,5,9,4)(10,3)8(11,7)",3,4,1.5,False,"(*1,9,4,3)6-5,7,2(10,11)-8",2,4,0.0,False,"(*1,9)3(4,5)-(6,7,11)10,8,2",2,2,0.0,False,-8,
201901020202,2,3歳未勝利,ダ,2400,晴,稍重,10:45,2019-08-18,札幌,4,3,3,2016101988,オウケンランボー,牡3,56,05203,岩田康誠,2:38.1,アタマ,8-7-2-3,38.9,2.4,1,508(-10),01165,[東]和田勇介,731006,福井明,75.0,"1(6,9)(2,5,8,4)(10,11,3)7",8,3,0.0,False,"1,6(2,5,9,4)(10,3)8(11,7)",7,2,1.5,False,"(*1,9,4,3)6-5,7,2(10,11)-8",2,4,0.0,False,"(*1,9)3(4,5)-(6,7,11)10,8,2",3,1,0.0,False,-8,
201901020202,2,3歳未勝利,ダ,2400,晴,稍重,10:45,2019-08-18,札幌,5,8,11,2016102452,ヘルムヴィーゲ,牝3,54,05386,戸崎圭太,2:38.4,1.3/4,8-10-9-6,38.3,17.8,6,462(+6),01129,[西]高橋義忠,013803,ディアレストクラブ,50.0,"1(6,9)(2,5,8,4)(10,11,3)7",8,3,0.0,False,"1,6(2,5,9,4)(10,3)8(11,7)",10,2,1.5,False,"(*1,9,4,3)6-5,7,2(10,11)-8",9,2,6.5,False,"(*1,9)3(4,5)-(6,7,11)10,8,2",6,3,3.5,False,-8,
201901020202,2,3歳未勝利,ダ,2400,晴,稍重,10:45,2019-08-18,札幌,6,4,4,2016105028,レッドグラティアス,牡3,56,01077,石橋脩,2:38.4,クビ,4-3-2-4,39.3,6.4,3,534(-4),01102,[東]大竹正博,180800,東京ホースレーシング,,"1(6,9)(2,5,8,4)(10,11,3)7",4,4,0.0,False,"1,6(2,5,9,4)(10,3)8(11,7)",3,4,1.5,False,"(*1,9,4,3)6-5,7,2(10,11)-8",2,4,0.0,False,"(*1,9)3(4,5)-(6,7,11)10,8,2",4,2,0.0,False,-8,
201901020202,2,3歳未勝利,ダ,2400,晴,稍重,10:45,2019-08-18,札幌,7,6,7,2016102884,クリノイナヅマオー,牡3,56,01015,古川吉洋,2:38.9,3,11-10-7-6,39.1,19.4,7,468(+8),01155,[西]渡辺薫彦,970006,栗本博晴,,"1(6,9)(2,5,8,4)(10,11,3)7",11,1,0.0,False,"1,6(2,5,9,4)(10,3)8(11,7)",10,2,1.5,False,"(*1,9,4,3)6-5,7,2(10,11)-8",7,1,5.0,False,"(*1,9)3(4,5)-(6,7,11)10,8,2",6,3,3.5,False,-8,
201901020202,2,3歳未勝利,ダ,2400,晴,稍重,10:45,2019-08-18,札幌,8,7,8,2016100325,ビケット,牝3,51,01179,菅原明良,2:39.1,1.1/2,4-9-11-10,38.6,29.6,8,428(0),01159,[西]高柳大輔,336030,小林竜太郎,,"1(6,9)(2,5,8,4)(10,11,3)7",4,4,0.0,False,"1,6(2,5,9,4)(10,3)8(11,7)",9,1,1.5,False,"(*1,9,4,3)6-5,7,2(10,11)-8",11,1,10.0,False,"(*1,9)3(4,5)-(6,7,11)10,8,2",10,1,5.0,False,-8,
201901020202,2,3歳未勝利,ダ,2400,晴,稍重,10:45,2019-08-18,札幌,9,2,2,2016101244,ロズ,牝3,54,01160,荻野極,2:39.2,クビ,4-3-8-11,39.3,32.7,9,432(0),01159,[西]高柳大輔,032800,ローレルレーシング,,"1(6,9)(2,5,8,4)(10,11,3)7",4,4,0.0,False,"1,6(2,5,9,4)(10,3)8(11,7)",3,4,1.5,False,"(*1,9,4,3)6-5,7,2(10,11)-8",8,1,6.5,False,"(*1,9)3(4,5)-(6,7,11)10,8,2",11,1,6.5,False,-8,
201901020202,2,3歳未勝利,ダ,2400,晴,稍重,10:45,2019-08-18,札幌,10,8,10,2016100472,ザプリオレス,牡3,56,01147,城戸義政,2:39.2,クビ,8-7-9-9,39.2,90.6,11,506(-2),01065,[西]大橋勇樹,870004,村上稔,,"1(6,9)(2,5,8,4)(10,11,3)7",8,3,0.0,False,"1,6(2,5,9,4)(10,3)8(11,7)",7,2,1.5,False,"(*1,9,4,3)6-5,7,2(10,11)-8",9,2,6.5,False,"(*1,9)3(4,5)-(6,7,11)10,8,2",9,1,3.5,False,-8,
201901020202,2,3歳未勝利,ダ,2400,晴,稍重,10:45,2019-08-18,札幌,11,6,6,2016104278,メイプルクリーク,牝3,53,01170,横山武史,2:40.8,10,2-2-5-6,41.5,42.7,10,470(+2),01103,[東]尾関知人,226800,サンデーレーシング,,"1(6,9)(2,5,8,4)(10,11,3)7",2,2,0.0,False,"1,6(2,5,9,4)(10,3)8(11,7)",2,1,1.5,False,"(*1,9,4,3)6-5,7,2(10,11)-8",5,1,0.0,False,"(*1,9)3(4,5)-(6,7,11)10,8,2",6,3,3.5,False,-8,
201901020203,3,3歳未勝利,芝,2000,晴,良,11:15,2019-08-18,札幌,1,3,6,2016102506,アリスブルー,牝3,54,01091,丹内祐次,2:03.3,,6-7-5-4,36.7,6.7,3,454(-8),01020,[東]相沢郁,546800,サラブレッドクラブ・...,500.0,"13-11(8,10,12)(6,15)14,16(1,7)5,2,4,9,3",6,2,3.5,False,"13,11(8,10,12)15(6,14)16(1,7)5,2,4,9-3",7,2,1.5,False,"13,11-(8,10)(6,12)(15,16,5)14,7(1,9)2-4,3",5,2,5.0,False,"(13,*11)-8(6,5)16(14,9)10,15,7(12,1)2-3-4",4,2,3.5,False,-6,前日とほぼ同じ馬場差。速めの時計が出るレベルではあるが、高速馬場ではなかった。
201901020203,3,3歳未勝利,芝,2000,晴,良,11:15,2019-08-18,札幌,2,6,11,2016106021,サトノダイナスティ,牡3,56,05386,戸崎圭太,2:03.5,1.1/2,2-2-2-1,37.5,2.1,1,456(-2),01017,[東]萩原清,075803,サトミホースカンパニ...,200.0,"13-11(8,10,12)(6,15)14,16(1,7)5,2,4,9,3",2,1,3.5,False,"13,11(8,10,12)15(6,14)16(1,7)5,2,4,9-3",2,1,1.5,False,"13,11-(8,10)(6,12)(15,16,5)14,7(1,9)2-4,3",2,1,1.5,False,"(13,*11)-8(6,5)16(14,9)10,15,7(12,1)2-3-4",1,2,0.0,True,-6,前日とほぼ同じ馬場差。速めの時計が出るレベルではあるが、高速馬場ではなかった。
201901020203,3,3歳未勝利,芝,2000,晴,良,11:15,2019-08-18,札幌,3,5,9,2016104968,アークロイヤル,牝3,54,05203,岩田康誠,2:03.5,ハナ,15-15-12-7,35.9,7.3,4,410(+4),01128,[西]今野貞一,008803,原禮子,130.0,"13-11(8,10,12)(6,15)14,16(1,7)5,2,4,9,3",15,1,9.5,False,"13,11(8,10,12)15(6,14)16(1,7)5,2,4,9-3",15,1,6.0,False,"13,11-(8,10)(6,12)(15,16,5)14,7(1,9)2-4,3",12,2,6.5,False,"(13,*11)-8(6,5)16(14,9)10,15,7(12,1)2-3-4",7,2,3.5,False,-6,前日とほぼ同じ馬場差。速めの時計が出るレベルではあるが、高速馬場ではなかった。
201901020203,3,3歳未勝利,芝,2000,晴,良,11:15,2019-08-18,札幌,4,3,5,2016110117,モントカイザー,セ3,56,01077,石橋脩,2:03.9,2.1/2,12-12-7-4,37.0,9.4,5,474(+4),01141,[東]尾形和幸,851009,岡田牧雄,75.0,"13-11(8,10,12)(6,15)14,16(1,7)5,2,4,9,3",12,1,5.0,False,"13,11(8,10,12)15(6,14)16(1,7)5,2,4,9-3",12,1,1.5,False,"13,11-(8,10)(6,12)(15,16,5)14,7(1,9)2-4,3",7,3,5.0,False,"(13,*11)-8(6,5)16(14,9)10,15,7(12,1)2-3-4",4,2,3.5,False,-6,前日とほぼ同じ馬場差。速めの時計が出るレベルではあるが、高速馬場ではなかった。
201901020203,3,3歳未勝利,芝,2000,晴,良,11:15,2019-08-18,札幌,5,7,13,2016104524,ストームリッパー,セ3,56,01088,川田将雅,2:03.9,クビ,1-1-1-2,38.1,5.1,2,486(-8),01097,[東]鹿戸雄一,790005,吉田勝己,50.0,"13-11(8,10,12)(6,15)14,16(1,7)5,2,4,9,3",1,1,0.0,False,"13,11(8,10,12)15(6,14)16(1,7)5,2,4,9-3",1,1,0.0,False,"13,11-(8,10)(6,12)(15,16,5)14,7(1,9)2-4,3",1,1,0.0,False,"(13,*11)-8(6,5)16(14,9)10,15,7(12,1)2-3-4",2,2,0.0,False,-6,前日とほぼ同じ馬場差。速めの時計が出るレベルではあるが、高速馬場ではなかった。
201901020203,3,3歳未勝利,芝,2000,晴,良,11:15,2019-08-18,札幌,6,4,8,2016104459,クリムゾンスター,牝3,54,01095,吉田隼人,2:03.9,クビ,3-3-3-3,37.5,41.0,8,430(-4),01038,[東]手塚貴久,010060,Ｎ．ウェレット,,"13-11(8,10,12)(6,15)14,16(1,7)5,2,4,9,3",3,3,3.5,False,"13,11(8,10,12)15(6,14)16(1,7)5,2,4,9-3",3,3,1.5,False,"13,11-(8,10)(6,12)(15,16,5)14,7(1,9)2-4,3",3,2,5.0,False,"(13,*11)-8(6,5)16(14,9)10,15,7(12,1)2-3-4",3,1,3.5,False,-6,前日とほぼ同じ馬場差。速めの時計が出るレベルではあるが、高速馬場ではなかった。
201901020203,3,3歳未勝利,芝,2000,晴,良,11:15,2019-08-18,札幌,7,7,14,2016110022,ドリームライクエマ,牝3,54,01014,福永祐一,2:04.1,1.1/4,8-7-10-7,37.0,31.0,7,418(+4),01075,[西]矢作芳人,065803,ニューワールドレーシ...,,"13-11(8,10,12)(6,15)14,16(1,7)5,2,4,9,3",8,1,3.5,False,"13,11(8,10,12)15(6,14)16(1,7)5,2,4,9-3",7,2,1.5,False,"13,11-(8,10)(6,12)(15,16,5)14,7(1,9)2-4,3",10,1,5.0,False,"(13,*11)-8(6,5)16(14,9)10,15,7(12,1)2-3-4",7,2,3.5,False,-6,前日とほぼ同じ馬場差。速めの時計が出るレベルではあるが、高速馬場ではなかった。
201901020203,3,3歳未勝利,芝,2000,晴,良,11:15,2019-08-18,札幌,8,1,1,2016103574,ハードエイム,牡3,56,05091,五十嵐冬,2:04.7,3.1/2,10-10-12-12,37.0,276.4,16,442(+4),01005,[東]小桧山悟,076031,新井衛,,"13-11(8,10,12)(6,15)14,16(1,7)5,2,4,9,3",10,2,5.0,False,"13,11(8,10,12)15(6,14)16(1,7)5,2,4,9-3",10,2,1.5,False,"13,11-(8,10)(6,12)(15,16,5)14,7(1,9)2-4,3",12,2,6.5,False,"(13,*11)-8(6,5)16(14,9)10,15,7(12,1)2-3-4",12,2,6.5,False,-6,前日とほぼ同じ馬場差。速めの時計が出るレベルではあるが、高速馬場ではなかった。
201901020203,3,3歳未勝利,芝,2000,晴,良,11:15,2019-08-18,札幌,9,8,15,2016104798,シェルメール,牝3,51,01180,団野大成,2:05.0,1.3/4,6-6-7-10,38.2,191.3,12,416(-18),01155,[西]渡辺薫彦,486800,キャロットファーム,,"13-11(8,10,12)(6,15)14,16(1,7)5,2,4,9,3",6,2,3.5,False,"13,11(8,10,12)15(6,14)16(1,7)5,2,4,9-3",6,1,1.5,False,"13,11-(8,10)(6,12)(15,16,5)14,7(1,9)2-4,3",7,3,5.0,False,"(13,*11)-8(6,5)16(14,9)10,15,7(12,1)2-3-4",10,1,5.0,False,-6,前日とほぼ同じ馬場差。速めの時計が出るレベルではあるが、高速馬場ではなかった。
201901020203,3,3歳未勝利,芝,2000,晴,良,11:15,2019-08-18,札幌,10,8,16,2016109024,ナスノコウラン,牡3,56,01127,丸山元気,2:05.0,クビ,9-9-7-6,38.1,49.3,10,494(-14),01108,[東]矢野英一,051800,那須野牧場,,"13-11(8,10,12)(6,15)14,16(1,7)5,2,4,9,3",9,1,5.0,False,"13,11(8,10,12)15(6,14)16(1,7)5,2,4,9-3",9,1,1.5,False,"13,11-(8,10)(6,12)(15,16,5)14,7(1,9)2-4,3",7,3,5.0,False,"(13,*11)-8(6,5)16(14,9)10,15,7(12,1)2-3-4",6,1,3.5,False,-6,前日とほぼ同じ馬場差。速めの時計が出るレベルではあるが、高速馬場ではなかった。
201901020203,3,3歳未勝利,芝,2000,晴,良,11:15,2019-08-18,札幌,11,4,7,2016103764,ネクストスクワッド,牡3,53,01179,菅原明良,2:05.1,1/2,10-10-11-11,37.8,44.0,9,430(-6),01163,[東]林徹,011008,平田修,,"13-11(8,10,12)(6,15)14,16(1,7)5,2,4,9,3",10,2,5.0,False,"13,11(8,10,12)15(6,14)16(1,7)5,2,4,9-3",10,2,1.5,False,"13,11-(8,10)(6,12)(15,16,5)14,7(1,9)2-4,3",11,1,6.5,False,"(13,*11)-8(6,5)16(14,9)10,15,7(12,1)2-3-4",11,1,6.5,False,-6,前日とほぼ同じ馬場差。速めの時計が出るレベルではあるが、高速馬場ではなかった。
201901020203,3,3歳未勝利,芝,2000,晴,良,11:15,2019-08-18,札幌,12,1,2,2016106352,メイショウサガノ,牝3,54,01032,池添謙一,2:05.3,1,13-13-14-14,37.4,125.4,11,512(-2),01057,[西]湯窪幸雄,523005,松本好雄,,"13-11(8,10,12)(6,15)14,16(1,7)5,2,4,9,3",13,1,6.5,False,"13,11(8,10,12)15(6,14)16(1,7)5,2,4,9-3",13,1,3.0,False,"13,11-(8,10)(6,12)(15,16,5)14,7(1,9)2-4,3",14,1,6.5,False,"(13,*11)-8(6,5)16(14,9)10,15,7(12,1)2-3-4",14,1,6.5,False,-6,前日とほぼ同じ馬場差。速めの時計が出るレベルではあるが、高速馬場ではなかった。
201901020203,3,3歳未勝利,芝,2000,晴,良,11:15,2019-08-18,札幌,13,2,3,2016105184,アルマンド,牝3,54,01036,竹之下智,2:05.7,2.1/2,16-16-16-15,37.3,245.1,15,382(-12),01092,[西]松永幹夫,002803,キーファーズ,,"13-11(8,10,12)(6,15)14,16(1,7)5,2,4,9,3",16,1,11.0,False,"13,11(8,10,12)15(6,14)16(1,7)5,2,4,9-3",16,1,9.5,False,"13,11-(8,10)(6,12)(15,16,5)14,7(1,9)2-4,3",16,1,11.5,False,"(13,*11)-8(6,5)16(14,9)10,15,7(12,1)2-3-4",15,1,10.0,False,-6,前日とほぼ同じ馬場差。速めの時計が出るレベルではあるが、高速馬場ではなかった。
201901020203,3,3歳未勝利,芝,2000,晴,良,11:15,2019-08-18,札幌,14,5,10,2016102021,ドンキースタイル,牡3,56,01038,中谷雄太,2:05.9,1,3-3-3-9,39.5,230.3,14,458(+2),01075,[西]矢作芳人,037803,廣崎利洋ＨＤ,,"13-11(8,10,12)(6,15)14,16(1,7)5,2,4,9,3",3,3,3.5,False,"13,11(8,10,12)15(6,14)16(1,7)5,2,4,9-3",3,3,1.5,False,"13,11-(8,10)(6,12)(15,16,5)14,7(1,9)2-4,3",3,2,5.0,False,"(13,*11)-8(6,5)16(14,9)10,15,7(12,1)2-3-4",9,1,3.5,False,-6,前日とほぼ同じ馬場差。速めの時計が出るレベルではあるが、高速馬場ではなかった。
201901020203,3,3歳未勝利,芝,2000,晴,良,11:15,2019-08-18,札幌,15,6,12,2016110032,ザンシン,牡3,55,01163,坂井瑠星,2:06.8,5,3-3-5-12,40.2,13.5,6,512(0),01137,[西]中内田充,003060,ゴドルフィン,,"13-11(8,10,12)(6,15)14,16(1,7)5,2,4,9,3",3,3,3.5,False,"13,11(8,10,12)15(6,14)16(1,7)5,2,4,9-3",3,3,1.5,False,"13,11-(8,10)(6,12)(15,16,5)14,7(1,9)2-4,3",5,2,5.0,False,"(13,*11)-8(6,5)16(14,9)10,15,7(12,1)2-3-4",12,2,6.5,False,-6,前日とほぼ同じ馬場差。速めの時計が出るレベルではあるが、高速馬場ではなかった。
201901020203,3,3歳未勝利,芝,2000,晴,良,11:15,2019-08-18,札幌,16,2,4,2016100420,ヒストリック,牝3,54,01160,荻野極,2:08.0,7,14-14-15-16,39.8,202.6,13,438(0),01148,[西]西村真幸,464030,田畑利彦,,"13-11(8,10,12)(6,15)14,16(1,7)5,2,4,9,3",14,1,8.0,False,"13,11(8,10,12)15(6,14)16(1,7)5,2,4,9-3",14,1,4.5,False,"13,11-(8,10)(6,12)(15,16,5)14,7(1,9)2-4,3",15,1,10.0,False,"(13,*11)-8(6,5)16(14,9)10,15,7(12,1)2-3-4",16,1,13.5,False,-6,前日とほぼ同じ馬場差。速めの時計が出るレベルではあるが、高速馬場ではなかった。
201901020204,4,3歳未勝利,ダ,1700,晴,稍重,11:45,2019-08-18,札幌,1,6,9,2016104299,スリーヴリーグ,牡3,55,01170,横山武史,1:46.6,,2-2-2-1,38.3,7.1,4,498(-6),01064,[東]武藤善則,808800,Ｇ１レーシング,500.0,"(*8,9,11)(7,13)(2,5)(3,6,12,14)-(4,10)1",2,3,0.0,False,"(*8,9)(7,11)(13,5)(2,12)(3,6,14)-(4,10)-1",2,2,0.0,False,"(*8,9)7-(2,5)(3,12,13)(6,14)-(4,10)1,11",2,2,0.0,False,"9-7-2(8,5)(12,14,13)(3,4)6,1,10=11",1,1,0.0,False,-8,
201901020204,4,3歳未勝利,ダ,1700,晴,稍重,11:45,2019-08-18,札幌,2,2,2,2016102402,ジューンハルジオン,牝3,54,05203,岩田康誠,1:47.2,3.1/2,6-7-4-3,38.4,3.4,2,446(+2),01016,[西]西浦勝一,017803,吉川潤,200.0,"(*8,9,11)(7,13)(2,5)(3,6,12,14)-(4,10)1",6,2,0.0,False,"(*8,9)(7,11)(13,5)(2,12)(3,6,14)-(4,10)-1",7,2,0.0,False,"(*8,9)7-(2,5)(3,12,13)(6,14)-(4,10)1,11",4,2,3.5,False,"9-7-2(8,5)(12,14,13)(3,4)6,1,10=11",3,1,7.0,False,-8,
201901020204,4,3歳未勝利,ダ,1700,晴,稍重,11:45,2019-08-18,札幌,3,5,7,2016102219,グランデラムジー,牡3,56,01156,加藤祥太,1:47.3,1/2,4-3-3-2,38.8,2.6,1,466(+4),01157,[西]杉山晴紀,910800,グランデオーナーズ,130.0,"(*8,9,11)(7,13)(2,5)(3,6,12,14)-(4,10)1",4,2,0.0,False,"(*8,9)(7,11)(13,5)(2,12)(3,6,14)-(4,10)-1",3,2,0.0,False,"(*8,9)7-(2,5)(3,12,13)(6,14)-(4,10)1,11",3,1,0.0,False,"9-7-2(8,5)(12,14,13)(3,4)6,1,10=11",2,1,3.5,False,-8,
201901020204,4,3歳未勝利,ダ,1700,晴,稍重,11:45,2019-08-18,札幌,4,8,13,2016105920,サクラパルジファル,牡3,56,00660,横山典弘,1:48.6,8,4-5-6-6,39.6,6.6,3,514(-8),01132,[東]金成貴史,019800,さくらコマース,75.0,"(*8,9,11)(7,13)(2,5)(3,6,12,14)-(4,10)1",4,2,0.0,False,"(*8,9)(7,11)(13,5)(2,12)(3,6,14)-(4,10)-1",5,2,0.0,False,"(*8,9)7-(2,5)(3,12,13)(6,14)-(4,10)1,11",6,3,3.5,False,"9-7-2(8,5)(12,14,13)(3,4)6,1,10=11",6,3,7.0,False,-8,
201901020204,4,3歳未勝利,ダ,1700,晴,稍重,11:45,2019-08-18,札幌,5,8,14,2016103511,タカラチーター,牡3,56,01109,黛弘人,1:48.6,アタマ,8-9-9-6,39.3,120.6,11,446(-6),00435,[東]藤原辰雄,480007,村山義男,50.0,"(*8,9,11)(7,13)(2,5)(3,6,12,14)-(4,10)1",8,4,0.0,False,"(*8,9)(7,11)(13,5)(2,12)(3,6,14)-(4,10)-1",9,3,0.0,False,"(*8,9)7-(2,5)(3,12,13)(6,14)-(4,10)1,11",9,2,3.5,False,"9-7-2(8,5)(12,14,13)(3,4)6,1,10=11",6,3,7.0,False,-8,
201901020204,4,3歳未勝利,ダ,1700,晴,稍重,11:45,2019-08-18,札幌,6,4,5,2016101479,ウインゴライアス,牡3,56,01085,松岡正海,1:48.7,1/2,6-5-4-4,39.9,21.8,7,540(+2),01124,[東]大和田成,494800,ウイン,,"(*8,9,11)(7,13)(2,5)(3,6,12,14)-(4,10)1",6,2,0.0,False,"(*8,9)(7,11)(13,5)(2,12)(3,6,14)-(4,10)-1",5,2,0.0,False,"(*8,9)7-(2,5)(3,12,13)(6,14)-(4,10)1,11",4,2,3.5,False,"9-7-2(8,5)(12,14,13)(3,4)6,1,10=11",4,2,7.0,False,-8,
201901020204,4,3歳未勝利,ダ,1700,晴,稍重,11:45,2019-08-18,札幌,7,1,1,2016105251,ダークロード,牡3,56,05212,Ｍ．デム,1:49.0,1.1/2,14-14-13-12,39.1,9.7,5,518(+2),01068,[東]小島茂之,016008,田原邦男,,"(*8,9,11)(7,13)(2,5)(3,6,12,14)-(4,10)1",14,1,3.5,False,"(*8,9)(7,11)(13,5)(2,12)(3,6,14)-(4,10)-1",14,1,7.0,False,"(*8,9)7-(2,5)(3,12,13)(6,14)-(4,10)1,11",13,1,7.0,False,"9-7-2(8,5)(12,14,13)(3,4)6,1,10=11",12,1,8.5,False,-8,
201901020204,4,3歳未勝利,ダ,1700,晴,稍重,11:45,2019-08-18,札幌,8,3,4,2016104704,ハーモニーソード,牡3,56,01140,横山和生,1:49.1,1/2,12-12-11-9,39.4,181.3,12,526(+4),00417,[東]土田稔,641030,日下部勝徳,,"(*8,9,11)(7,13)(2,5)(3,6,12,14)-(4,10)1",12,2,3.5,False,"(*8,9)(7,11)(13,5)(2,12)(3,6,14)-(4,10)-1",12,2,3.5,False,"(*8,9)7-(2,5)(3,12,13)(6,14)-(4,10)1,11",11,2,7.0,False,"9-7-2(8,5)(12,14,13)(3,4)6,1,10=11",9,2,7.0,False,-8,
201901020204,4,3歳未勝利,ダ,1700,晴,稍重,11:45,2019-08-18,札幌,9,7,12,2016101379,コンシード,牡3,56,01091,丹内祐次,1:49.4,2,8-7-6-6,40.4,15.5,6,462(+8),01090,[東]天間昭一,889006,河村祥史,,"(*8,9,11)(7,13)(2,5)(3,6,12,14)-(4,10)1",8,4,0.0,False,"(*8,9)(7,11)(13,5)(2,12)(3,6,14)-(4,10)-1",7,2,0.0,False,"(*8,9)7-(2,5)(3,12,13)(6,14)-(4,10)1,11",6,3,3.5,False,"9-7-2(8,5)(12,14,13)(3,4)6,1,10=11",6,3,7.0,False,-8,
201901020204,4,3歳未勝利,ダ,1700,晴,稍重,11:45,2019-08-18,札幌,10,3,3,2016102925,ショウナンアリババ,牡3,55,01163,坂井瑠星,1:49.4,ハナ,8-9-6-9,40.3,42.2,9,474(+18),01129,[西]高橋義忠,331002,国本哲秀,,"(*8,9,11)(7,13)(2,5)(3,6,12,14)-(4,10)1",8,4,0.0,False,"(*8,9)(7,11)(13,5)(2,12)(3,6,14)-(4,10)-1",9,3,0.0,False,"(*8,9)7-(2,5)(3,12,13)(6,14)-(4,10)1,11",6,3,3.5,False,"9-7-2(8,5)(12,14,13)(3,4)6,1,10=11",9,2,7.0,False,-8,
201901020204,4,3歳未勝利,ダ,1700,晴,稍重,11:45,2019-08-18,札幌,11,4,6,2016102928,キュートアクトレス,牝3,54,01015,古川吉洋,1:49.8,2.1/2,8-9-9-11,40.5,68.5,10,404(-2),00428,[東]石毛善彦,935800,木村牧場,,"(*8,9,11)(7,13)(2,5)(3,6,12,14)-(4,10)1",8,4,0.0,False,"(*8,9)(7,11)(13,5)(2,12)(3,6,14)-(4,10)-1",9,3,0.0,False,"(*8,9)7-(2,5)(3,12,13)(6,14)-(4,10)1,11",9,2,3.5,False,"9-7-2(8,5)(12,14,13)(3,4)6,1,10=11",11,1,7.0,False,-8,
201901020204,4,3歳未勝利,ダ,1700,晴,稍重,11:45,2019-08-18,札幌,12,6,10,2016102015,オウケンスターマン,牡3,56,05386,戸崎圭太,1:50.5,4,12-12-11-13,40.7,36.9,8,478(+4),01062,[西]藤岡健一,731006,福井明,,"(*8,9,11)(7,13)(2,5)(3,6,12,14)-(4,10)1",12,2,3.5,False,"(*8,9)(7,11)(13,5)(2,12)(3,6,14)-(4,10)-1",12,2,3.5,False,"(*8,9)7-(2,5)(3,12,13)(6,14)-(4,10)1,11",11,2,7.0,False,"9-7-2(8,5)(12,14,13)(3,4)6,1,10=11",13,1,10.0,False,-8,
201901020204,4,3歳未勝利,ダ,1700,晴,稍重,11:45,2019-08-18,札幌,13,5,8,2016105579,ボーズキャット,牝3,54,05534,石川倭,1:51.8,8,1-1-1-4,43.5,249.4,13,446(0),01018,[西]宮徹,547800,ヒダカ・ブリーダーズ...,,"(*8,9,11)(7,13)(2,5)(3,6,12,14)-(4,10)1",1,3,0.0,True,"(*8,9)(7,11)(13,5)(2,12)(3,6,14)-(4,10)-1",1,2,0.0,True,"(*8,9)7-(2,5)(3,12,13)(6,14)-(4,10)1,11",1,2,0.0,True,"9-7-2(8,5)(12,14,13)(3,4)6,1,10=11",4,2,7.0,False,-8,
201901020204,4,3歳未勝利,ダ,1700,晴,稍重,11:45,2019-08-18,札幌,14,7,11,2016103039,トゥモロープラン,牝3,54,01143,原田和真,1:53.6,大,2-3-14-14,43.5,371.5,14,414(-2),01108,[東]矢野英一,362800,下河辺牧場,,"(*8,9,11)(7,13)(2,5)(3,6,12,14)-(4,10)1",2,3,0.0,False,"(*8,9)(7,11)(13,5)(2,12)(3,6,14)-(4,10)-1",3,2,0.0,False,"(*8,9)7-(2,5)(3,12,13)(6,14)-(4,10)1,11",14,1,8.5,False,"9-7-2(8,5)(12,14,13)(3,4)6,1,10=11",14,1,16.0,False,-8,
201901020205,5,2歳新馬,芝,1800,晴,良,12:35,2019-08-18,札幌,1,7,9,2017105426,ホウオウピースフル,牝2,54,01088,川田将雅,1:54.1,,3-3-3-2,34.9,7.1,4,464(0),01102,[東]大竹正博,906033,小笹芳央,700.0,"(*2,4)(1,3,9)(5,7)-10(6,8)11",3,3,0.0,False,"(*2,4)(1,9)3(5,7)(10,8)6,11",3,2,0.0,False,"(*2,4)(1,3,9)(7,8)5(10,11)6",3,3,0.0,False,"(*2,9)(1,4,8)3(5,7)-11,10,6",2,2,0.0,False,-6,前日とほぼ同じ馬場差。速めの時計が出るレベルではあるが、高速馬場ではなかった。
201901020205,5,2歳新馬,芝,1800,晴,良,12:35,2019-08-18,札幌,2,2,2,2017105000,アンティシペイト,牡2,54,01014,福永祐一,1:54.3,1.1/2,1-1-1-1,35.3,7.1,3,480(0),00399,[東]国枝栄,808800,Ｇ１レーシング,280.0,"(*2,4)(1,3,9)(5,7)-10(6,8)11",1,2,0.0,True,"(*2,4)(1,9)3(5,7)(10,8)6,11",1,2,0.0,True,"(*2,4)(1,3,9)(7,8)5(10,11)6",1,2,0.0,True,"(*2,9)(1,4,8)3(5,7)-11,10,6",1,2,0.0,True,-6,前日とほぼ同じ馬場差。速めの時計が出るレベルではあるが、高速馬場ではなかった。
201901020205,5,2歳新馬,芝,1800,晴,良,12:35,2019-08-18,札幌,3,1,1,2017101322,ヒルノエドワード,牡2,54,01015,古川吉洋,1:54.5,1.1/4,3-3-3-3,35.3,73.6,9,484(0),01044,[西]昆貢,823800,ヒルノ,180.0,"(*2,4)(1,3,9)(5,7)-10(6,8)11",3,3,0.0,False,"(*2,4)(1,9)3(5,7)(10,8)6,11",3,2,0.0,False,"(*2,4)(1,3,9)(7,8)5(10,11)6",3,3,0.0,False,"(*2,9)(1,4,8)3(5,7)-11,10,6",3,3,0.0,False,-6,前日とほぼ同じ馬場差。速めの時計が出るレベルではあるが、高速馬場ではなかった。
201901020205,5,2歳新馬,芝,1800,晴,良,12:35,2019-08-18,札幌,4,3,3,2017105576,ミヤマザクラ,牝2,54,01093,藤岡佑介,1:54.7,1.1/4,3-5-3-6,35.4,2.0,1,448(0),01055,[西]藤原英昭,708800,金子真人ホールディン...,110.0,"(*2,4)(1,3,9)(5,7)-10(6,8)11",3,3,0.0,False,"(*2,4)(1,9)3(5,7)(10,8)6,11",5,1,0.0,False,"(*2,4)(1,3,9)(7,8)5(10,11)6",3,3,0.0,False,"(*2,9)(1,4,8)3(5,7)-11,10,6",6,1,0.0,False,-6,前日とほぼ同じ馬場差。速めの時計が出るレベルではあるが、高速馬場ではなかった。
201901020205,5,2歳新馬,芝,1800,晴,良,12:35,2019-08-18,札幌,5,7,8,2017104778,アスターファゴット,牡2,54,05212,Ｍ．デム,1:55.0,1.3/4,9-8-6-3,35.6,46.0,7,490(0),01039,[西]中竹和也,935003,加藤久枝,70.0,"(*2,4)(1,3,9)(5,7)-10(6,8)11",9,2,3.5,False,"(*2,4)(1,9)3(5,7)(10,8)6,11",8,2,0.0,False,"(*2,4)(1,3,9)(7,8)5(10,11)6",6,2,0.0,False,"(*2,9)(1,4,8)3(5,7)-11,10,6",3,3,0.0,False,-6,前日とほぼ同じ馬場差。速めの時計が出るレベルではあるが、高速馬場ではなかった。
201901020205,5,2歳新馬,芝,1800,晴,良,12:35,2019-08-18,札幌,6,6,7,2017106542,ラザフォード,牝2,54,05339,ルメール,1:55.1,1/2,6-6-6-7,35.7,3.5,2,458(0),00386,[東]藤沢和雄,038060,潘蘇通,,"(*2,4)(1,3,9)(5,7)-10(6,8)11",6,2,0.0,False,"(*2,4)(1,9)3(5,7)(10,8)6,11",6,2,0.0,False,"(*2,4)(1,3,9)(7,8)5(10,11)6",6,2,0.0,False,"(*2,9)(1,4,8)3(5,7)-11,10,6",7,2,0.0,False,-6,前日とほぼ同じ馬場差。速めの時計が出るレベルではあるが、高速馬場ではなかった。
201901020205,5,2歳新馬,芝,1800,晴,良,12:35,2019-08-18,札幌,7,5,5,2017101150,アベルゴー,牡2,54,01085,松岡正海,1:55.1,ハナ,6-6-8-7,35.6,193.9,11,492(0),01048,[東]畠山吉宏,070803,臼井義太郎,,"(*2,4)(1,3,9)(5,7)-10(6,8)11",6,2,0.0,False,"(*2,4)(1,9)3(5,7)(10,8)6,11",6,2,0.0,False,"(*2,4)(1,3,9)(7,8)5(10,11)6",8,1,0.0,False,"(*2,9)(1,4,8)3(5,7)-11,10,6",7,2,0.0,False,-6,前日とほぼ同じ馬場差。速めの時計が出るレベルではあるが、高速馬場ではなかった。
201901020205,5,2歳新馬,芝,1800,晴,良,12:35,2019-08-18,札幌,8,6,6,2017109090,ナスノフォルテ,牝2,54,05203,岩田康誠,1:55.4,2,9-10-11-11,35.5,42.9,6,470(0),01147,[東]武井亮,051800,那須野牧場,,"(*2,4)(1,3,9)(5,7)-10(6,8)11",9,2,3.5,False,"(*2,4)(1,9)3(5,7)(10,8)6,11",10,1,0.0,False,"(*2,4)(1,3,9)(7,8)5(10,11)6",11,1,0.0,False,"(*2,9)(1,4,8)3(5,7)-11,10,6",11,1,6.5,False,-6,前日とほぼ同じ馬場差。速めの時計が出るレベルではあるが、高速馬場ではなかった。
201901020205,5,2歳新馬,芝,1800,晴,良,12:35,2019-08-18,札幌,9,8,11,2017101916,マイネルヘルツアス,牡2,54,01091,丹内祐次,1:55.8,2.1/2,11-11-9-9,36.1,48.9,8,434(0),01050,[西]飯田雄三,546800,サラブレッドクラブ・...,,"(*2,4)(1,3,9)(5,7)-10(6,8)11",11,1,3.5,False,"(*2,4)(1,9)3(5,7)(10,8)6,11",11,1,1.5,False,"(*2,4)(1,3,9)(7,8)5(10,11)6",9,2,0.0,False,"(*2,9)(1,4,8)3(5,7)-11,10,6",9,1,3.5,False,-6,前日とほぼ同じ馬場差。速めの時計が出るレベルではあるが、高速馬場ではなかった。
201901020205,5,2歳新馬,芝,1800,晴,良,12:35,2019-08-18,札幌,10,8,10,2017104481,ギンジ,牡2,54,01095,吉田隼人,1:56.0,1,8-8-9-10,36.4,137.9,10,450(0),01020,[東]相沢郁,694008,本間茂,,"(*2,4)(1,3,9)(5,7)-10(6,8)11",8,1,3.5,False,"(*2,4)(1,9)3(5,7)(10,8)6,11",8,2,0.0,False,"(*2,4)(1,3,9)(7,8)5(10,11)6",9,2,0.0,False,"(*2,9)(1,4,8)3(5,7)-11,10,6",10,1,5.0,False,-6,前日とほぼ同じ馬場差。速めの時計が出るレベルではあるが、高速馬場ではなかった。
201901020205,5,2歳新馬,芝,1800,晴,良,12:35,2019-08-18,札幌,11,4,4,2017103785,モルタル,牡2,54,05386,戸崎圭太,1:56.0,クビ,2-2-2-3,37.0,26.3,5,480(0),01059,[東]加藤征弘,249033,阿部友弘,,"(*2,4)(1,3,9)(5,7)-10(6,8)11",2,2,0.0,False,"(*2,4)(1,9)3(5,7)(10,8)6,11",2,2,0.0,False,"(*2,4)(1,3,9)(7,8)5(10,11)6",2,2,0.0,False,"(*2,9)(1,4,8)3(5,7)-11,10,6",3,3,0.0,False,-6,前日とほぼ同じ馬場差。速めの時計が出るレベルではあるが、高速馬場ではなかった。
201901020206,6,3歳以上500万下,ダ,1700,晴,稍重,13:05,2019-08-18,札幌,1,4,5,2014104970,ヴィーグリーズ,牡5,57,01140,横山和生,1:46.1,,6-6-5-5,38.8,90.7,10,468(-2),01080,[東]清水英克,706800,服部牧場,750.0,"3,8(4,7)6-(2,5,11,13)-14-9,12(10,1)",6,4,5.0,False,"3(8,7)(4,6)(5,13)11,2-14-(9,12)-(10,1)",6,2,0.0,False,"(*3,8,7,6)-(5,13)-(4,2,11)-12,9(14,1)=10",5,2,3.5,False,"(3,8,7,*6)(5,13)(11,12)9(4,2)-1=14=10",5,2,0.0,False,-7,
201901020206,6,3歳以上500万下,ダ,1700,晴,稍重,13:05,2019-08-18,札幌,2,6,9,2015101581,クリノカポネ,セ4,57,01015,古川吉洋,1:46.2,3/4,11-11-11-9,37.9,40.8,8,438(+2),00431,[西]谷潔,970006,栗本博晴,300.0,"3,8(4,7)6-(2,5,11,13)-14-9,12(10,1)",11,1,12.0,False,"3(8,7)(4,6)(5,13)11,2-14-(9,12)-(10,1)",11,2,8.5,False,"(*3,8,7,6)-(5,13)-(4,2,11)-12,9(14,1)=10",11,1,12.0,False,"(3,8,7,*6)(5,13)(11,12)9(4,2)-1=14=10",9,1,0.0,False,-7,
201901020206,6,3歳以上500万下,ダ,1700,晴,稍重,13:05,2019-08-18,札幌,3,7,12,2014100374,ジャックナイフ,牡5,57,05203,岩田康誠,1:46.4,3/4,12-11-10-7,38.3,59.5,9,456(-6),01111,[西]鈴木孝志,370008,岡浩二,190.0,"3,8(4,7)6-(2,5,11,13)-14-9,12(10,1)",12,1,13.5,False,"3(8,7)(4,6)(5,13)11,2-14-(9,12)-(10,1)",11,2,8.5,False,"(*3,8,7,6)-(5,13)-(4,2,11)-12,9(14,1)=10",10,1,10.5,False,"(3,8,7,*6)(5,13)(11,12)9(4,2)-1=14=10",7,2,0.0,False,-7,
201901020206,6,3歳以上500万下,ダ,1700,晴,稍重,13:05,2019-08-18,札幌,4,4,6,2016104725,ヤンチャヒメ,牝3,52,05091,五十嵐冬,1:46.5,3/4,5-4-2-1,39.5,13.1,5,484(-14),00438,[西]安田隆行,059700,ユアストーリー,110.0,"3,8(4,7)6-(2,5,11,13)-14-9,12(10,1)",5,1,1.5,False,"3(8,7)(4,6)(5,13)11,2-14-(9,12)-(10,1)",4,2,0.0,False,"(*3,8,7,6)-(5,13)-(4,2,11)-12,9(14,1)=10",2,4,0.0,False,"(3,8,7,*6)(5,13)(11,12)9(4,2)-1=14=10",1,4,0.0,True,-7,
201901020206,6,3歳以上500万下,ダ,1700,晴,稍重,13:05,2019-08-18,札幌,5,5,7,2015105481,ブロッコリー,牡4,57,01091,丹内祐次,1:46.8,1.3/4,3-2-2-2,39.8,3.9,3,480(+4),01123,[西]牧田和弥,399009,嶋田賢,75.0,"3,8(4,7)6-(2,5,11,13)-14-9,12(10,1)",3,2,1.5,False,"3(8,7)(4,6)(5,13)11,2-14-(9,12)-(10,1)",2,2,0.0,False,"(*3,8,7,6)-(5,13)-(4,2,11)-12,9(14,1)=10",2,4,0.0,False,"(3,8,7,*6)(5,13)(11,12)9(4,2)-1=14=10",2,4,0.0,False,-7,
201901020206,6,3歳以上500万下,ダ,1700,晴,稍重,13:05,2019-08-18,札幌,6,8,13,2016103774,グトルフォス,牡3,54,05243,柴山雄一,1:46.9,クビ,6-6-5-5,39.5,3.2,2,510(+2),00411,[西]浅見秀一,675030,林正道,,"3,8(4,7)6-(2,5,11,13)-14-9,12(10,1)",6,4,5.0,False,"3(8,7)(4,6)(5,13)11,2-14-(9,12)-(10,1)",6,2,0.0,False,"(*3,8,7,6)-(5,13)-(4,2,11)-12,9(14,1)=10",5,2,3.5,False,"(3,8,7,*6)(5,13)(11,12)9(4,2)-1=14=10",5,2,0.0,False,-7,
201901020206,6,3歳以上500万下,ダ,1700,晴,稍重,13:05,2019-08-18,札幌,7,7,11,2016102398,ボルンカズマ,牡3,53,01170,横山武史,1:46.9,クビ,6-8-7-7,39.2,11.9,4,496(+8),01127,[東]栗田徹,879800,雅苑興業,,"3,8(4,7)6-(2,5,11,13)-14-9,12(10,1)",6,4,5.0,False,"3(8,7)(4,6)(5,13)11,2-14-(9,12)-(10,1)",8,1,0.0,False,"(*3,8,7,6)-(5,13)-(4,2,11)-12,9(14,1)=10",7,3,7.0,False,"(3,8,7,*6)(5,13)(11,12)9(4,2)-1=14=10",7,2,0.0,False,-7,
201901020206,6,3歳以上500万下,ダ,1700,晴,稍重,13:05,2019-08-18,札幌,8,3,3,2016104569,バンクショット,牡3,51,01180,団野大成,1:47.5,3.1/2,1-1-1-2,40.6,2.7,1,468(+10),01144,[西]池添学,790005,吉田勝己,,"3,8(4,7)6-(2,5,11,13)-14-9,12(10,1)",1,1,0.0,False,"3(8,7)(4,6)(5,13)11,2-14-(9,12)-(10,1)",1,1,0.0,False,"(*3,8,7,6)-(5,13)-(4,2,11)-12,9(14,1)=10",1,4,0.0,True,"(3,8,7,*6)(5,13)(11,12)9(4,2)-1=14=10",2,4,0.0,False,-7,
201901020206,6,3歳以上500万下,ダ,1700,晴,稍重,13:05,2019-08-18,札幌,9,5,8,2016100051,ブラックアウト,牡3,54,01124,国分恭介,1:47.5,ハナ,2-2-2-2,40.6,16.7,6,476(0),01051,[東]岩戸孝樹,313803,エクワインレーシング,,"3,8(4,7)6-(2,5,11,13)-14-9,12(10,1)",2,1,1.5,False,"3(8,7)(4,6)(5,13)11,2-14-(9,12)-(10,1)",2,2,0.0,False,"(*3,8,7,6)-(5,13)-(4,2,11)-12,9(14,1)=10",2,4,0.0,False,"(3,8,7,*6)(5,13)(11,12)9(4,2)-1=14=10",2,4,0.0,False,-7,
201901020206,6,3歳以上500万下,ダ,1700,晴,稍重,13:05,2019-08-18,札幌,10,1,1,2015103277,トップギア,牡4,57,05089,宮崎光行,1:48.1,3.1/2,13-13-12-12,39.6,229.1,12,462(+10),01005,[東]小桧山悟,970800,アドバンス・サッポロ,,"3,8(4,7)6-(2,5,11,13)-14-9,12(10,1)",13,2,13.5,False,"3(8,7)(4,6)(5,13)11,2-14-(9,12)-(10,1)",13,2,12.0,False,"(*3,8,7,6)-(5,13)-(4,2,11)-12,9(14,1)=10",12,2,12.0,False,"(3,8,7,*6)(5,13)(11,12)9(4,2)-1=14=10",12,1,3.5,False,-7,
201901020206,6,3歳以上500万下,ダ,1700,晴,稍重,13:05,2019-08-18,札幌,11,2,2,2016103467,サンウェーコ,牡3,54,01143,原田和真,1:48.4,1.1/2,6-9-7-10,40.7,194.4,11,490(+14),01029,[東]根本康広,059803,加藤ステーブル,,"3,8(4,7)6-(2,5,11,13)-14-9,12(10,1)",6,4,5.0,False,"3(8,7)(4,6)(5,13)11,2-14-(9,12)-(10,1)",9,1,1.5,False,"(*3,8,7,6)-(5,13)-(4,2,11)-12,9(14,1)=10",7,3,7.0,False,"(3,8,7,*6)(5,13)(11,12)9(4,2)-1=14=10",10,2,0.0,False,-7,
201901020206,6,3歳以上500万下,ダ,1700,晴,稍重,13:05,2019-08-18,札幌,12,3,4,2015104254,エイカイキング,牡4,57,01160,荻野極,1:48.5,1/2,3-4-7-10,40.8,26.8,7,480(0),01055,[西]藤原英昭,683033,二木英徳,,"3,8(4,7)6-(2,5,11,13)-14-9,12(10,1)",3,2,1.5,False,"3(8,7)(4,6)(5,13)11,2-14-(9,12)-(10,1)",4,2,0.0,False,"(*3,8,7,6)-(5,13)-(4,2,11)-12,9(14,1)=10",7,3,7.0,False,"(3,8,7,*6)(5,13)(11,12)9(4,2)-1=14=10",10,2,0.0,False,-7,
201901020206,6,3歳以上500万下,ダ,1700,晴,稍重,13:05,2019-08-18,札幌,13,8,14,2015109012,サイモンルチアーノ,牡4,57,01109,黛弘人,1:49.8,8,10-10-12-13,41.4,359.5,14,500(+8),00408,[東]田中清隆,132030,澤田昭紀,,"3,8(4,7)6-(2,5,11,13)-14-9,12(10,1)",10,1,8.5,False,"3(8,7)(4,6)(5,13)11,2-14-(9,12)-(10,1)",10,1,5.0,False,"(*3,8,7,6)-(5,13)-(4,2,11)-12,9(14,1)=10",12,2,12.0,False,"(3,8,7,*6)(5,13)(11,12)9(4,2)-1=14=10",13,1,9.5,False,-7,
201901020206,6,3歳以上500万下,ダ,1700,晴,稍重,13:05,2019-08-18,札幌,14,6,10,2016101776,ゴルディアス,牡3,54,01112,荻野琢真,1:51.2,8,13-13-14-14,41.9,339.4,13,436(-14),01006,[西]作田誠二,596800,下屋敷牧場,,"3,8(4,7)6-(2,5,11,13)-14-9,12(10,1)",13,2,13.5,False,"3(8,7)(4,6)(5,13)11,2-14-(9,12)-(10,1)",13,2,12.0,False,"(*3,8,7,6)-(5,13)-(4,2,11)-12,9(14,1)=10",14,1,18.0,False,"(3,8,7,*6)(5,13)(11,12)9(4,2)-1=14=10",14,1,15.5,False,-7,
201901020207,7,3歳以上500万下,芝,2600,晴,良,13:35,2019-08-18,札幌,1,7,8,2016105098,ゴットフルール,牝3,52,00660,横山典弘,2:42.6,,6-5-4-3,37.5,5.1,2,474(+2),01161,[西]武英智,460030,後藤進,750.0,"1-4(2,11,5)(8,10)(6,3,9)7",6,2,3.5,False,"1,4(11,5)(2,8)(3,10,9)6,7",5,2,1.5,False,"(1,*4,9)-(8,11)5(2,6,10)3,7",4,2,3.5,False,"(4,*9)8(1,6,11)(5,10)(2,7)3",3,1,0.0,False,-6,前日とほぼ同じ馬場差。速めの時計が出るレベルではあるが、高速馬場ではなかった。
201901020207,7,3歳以上500万下,芝,2600,晴,良,13:35,2019-08-18,札幌,2,8,10,2016105170,プルクラ,牡3,54,05339,ルメール,2:43.1,3,6-7-7-7,37.7,2.0,1,472(+2),01070,[東]堀宣行,708800,金子真人ホールディン...,300.0,"1-4(2,11,5)(8,10)(6,3,9)7",6,2,3.5,False,"1,4(11,5)(2,8)(3,10,9)6,7",7,3,1.5,False,"(1,*4,9)-(8,11)5(2,6,10)3,7",7,3,3.5,False,"(4,*9)8(1,6,11)(5,10)(2,7)3",7,2,0.0,False,-6,前日とほぼ同じ馬場差。速めの時計が出るレベルではあるが、高速馬場ではなかった。
201901020207,7,3歳以上500万下,芝,2600,晴,良,13:35,2019-08-18,札幌,3,6,7,2016104714,アルテヴェルト,牡3,54,01160,荻野極,2:43.3,1,11-11-11-9,37.5,32.3,7,470(+12),01087,[西]庄野靖志,226800,サンデーレーシング,190.0,"1-4(2,11,5)(8,10)(6,3,9)7",11,1,3.5,False,"1,4(11,5)(2,8)(3,10,9)6,7",11,1,3.0,False,"(1,*4,9)-(8,11)5(2,6,10)3,7",11,1,5.0,False,"(4,*9)8(1,6,11)(5,10)(2,7)3",9,2,0.0,False,-6,前日とほぼ同じ馬場差。速めの時計が出るレベルではあるが、高速馬場ではなかった。
201901020207,7,3歳以上500万下,芝,2600,晴,良,13:35,2019-08-18,札幌,4,6,6,2014100116,エスピリトゥオーゾ,牡5,57,01015,古川吉洋,2:43.3,クビ,8-10-7-4,37.9,34.2,8,460(-2),01033,[西]木原一良,463800,名古屋友豊,110.0,"1-4(2,11,5)(8,10)(6,3,9)7",8,3,3.5,False,"1,4(11,5)(2,8)(3,10,9)6,7",10,1,1.5,False,"(1,*4,9)-(8,11)5(2,6,10)3,7",7,3,3.5,False,"(4,*9)8(1,6,11)(5,10)(2,7)3",4,3,0.0,False,-6,前日とほぼ同じ馬場差。速めの時計が出るレベルではあるが、高速馬場ではなかった。
201901020207,7,3歳以上500万下,芝,2600,晴,良,13:35,2019-08-18,札幌,5,4,4,2016104509,アドマイヤユラナス,牡3,54,05203,岩田康誠,2:43.4,1/2,2-2-1-2,38.7,5.8,3,498(+14),01061,[西]友道康夫,398002,近藤利一,75.0,"1-4(2,11,5)(8,10)(6,3,9)7",2,1,3.5,False,"1,4(11,5)(2,8)(3,10,9)6,7",2,1,1.5,False,"(1,*4,9)-(8,11)5(2,6,10)3,7",1,3,0.0,True,"(4,*9)8(1,6,11)(5,10)(2,7)3",2,2,0.0,False,-6,前日とほぼ同じ馬場差。速めの時計が出るレベルではあるが、高速馬場ではなかった。
201901020207,7,3歳以上500万下,芝,2600,晴,良,13:35,2019-08-18,札幌,6,7,9,2014104973,ディーグランデ,セ5,57,05243,柴山雄一,2:43.5,クビ,8-7-2-1,38.8,11.2,5,468(+2),01097,[東]鹿戸雄一,399009,嶋田賢,,"1-4(2,11,5)(8,10)(6,3,9)7",8,3,3.5,False,"1,4(11,5)(2,8)(3,10,9)6,7",7,3,1.5,False,"(1,*4,9)-(8,11)5(2,6,10)3,7",2,3,0.0,False,"(4,*9)8(1,6,11)(5,10)(2,7)3",1,2,0.0,True,-6,前日とほぼ同じ馬場差。速めの時計が出るレベルではあるが、高速馬場ではなかった。
201901020207,7,3歳以上500万下,芝,2600,晴,良,13:35,2019-08-18,札幌,7,2,2,2016102167,メイショウイフウ,牡3,54,01062,川島信二,2:43.6,3/4,3-5-7-9,38.2,67.2,9,496(+2),01095,[西]荒川義之,523005,松本好雄,,"1-4(2,11,5)(8,10)(6,3,9)7",3,3,3.5,False,"1,4(11,5)(2,8)(3,10,9)6,7",5,2,1.5,False,"(1,*4,9)-(8,11)5(2,6,10)3,7",7,3,3.5,False,"(4,*9)8(1,6,11)(5,10)(2,7)3",9,2,0.0,False,-6,前日とほぼ同じ馬場差。速めの時計が出るレベルではあるが、高速馬場ではなかった。
201901020207,7,3歳以上500万下,芝,2600,晴,良,13:35,2019-08-18,札幌,8,1,1,2014110023,リードザフィールド,牡5,54,01179,菅原明良,2:43.7,クビ,1-1-2-4,38.9,124.0,11,454(+2),01012,[東]大江原哲,851009,岡田牧雄,,"1-4(2,11,5)(8,10)(6,3,9)7",1,1,0.0,False,"1,4(11,5)(2,8)(3,10,9)6,7",1,1,0.0,False,"(1,*4,9)-(8,11)5(2,6,10)3,7",2,3,0.0,False,"(4,*9)8(1,6,11)(5,10)(2,7)3",4,3,0.0,False,-6,前日とほぼ同じ馬場差。速めの時計が出るレベルではあるが、高速馬場ではなかった。
201901020207,7,3歳以上500万下,芝,2600,晴,良,13:35,2019-08-18,札幌,9,3,3,2016104728,サンサルドス,牡3,51,01180,団野大成,2:44.1,2.1/2,8-7-10-11,38.6,7.0,4,524(-10),00438,[西]安田隆行,506800,シルクレーシング,,"1-4(2,11,5)(8,10)(6,3,9)7",8,3,3.5,False,"1,4(11,5)(2,8)(3,10,9)6,7",7,3,1.5,False,"(1,*4,9)-(8,11)5(2,6,10)3,7",10,1,3.5,False,"(4,*9)8(1,6,11)(5,10)(2,7)3",11,1,0.0,False,-6,前日とほぼ同じ馬場差。速めの時計が出るレベルではあるが、高速馬場ではなかった。
201901020207,7,3歳以上500万下,芝,2600,晴,良,13:35,2019-08-18,札幌,10,8,11,2016104623,マコトジュズマル,牡3,54,01088,川田将雅,2:44.3,1.1/4,3-3-4-4,39.2,15.8,6,480(-4),01046,[西]鮫島一歩,864800,ディアマント,,"1-4(2,11,5)(8,10)(6,3,9)7",3,3,3.5,False,"1,4(11,5)(2,8)(3,10,9)6,7",3,2,1.5,False,"(1,*4,9)-(8,11)5(2,6,10)3,7",4,2,3.5,False,"(4,*9)8(1,6,11)(5,10)(2,7)3",4,3,0.0,False,-6,前日とほぼ同じ馬場差。速めの時計が出るレベルではあるが、高速馬場ではなかった。
201901020207,7,3歳以上500万下,芝,2600,晴,良,13:35,2019-08-18,札幌,11,5,5,2016100543,メガディスカバリー,セ3,54,01025,勝浦正樹,2:44.5,1.1/4,3-3-6-7,39.3,109.0,10,454(-4),01094,[東]水野貴広,230008,有馬博文,,"1-4(2,11,5)(8,10)(6,3,9)7",3,3,3.5,False,"1,4(11,5)(2,8)(3,10,9)6,7",3,2,1.5,False,"(1,*4,9)-(8,11)5(2,6,10)3,7",6,1,3.5,False,"(4,*9)8(1,6,11)(5,10)(2,7)3",7,2,0.0,False,-6,前日とほぼ同じ馬場差。速めの時計が出るレベルではあるが、高速馬場ではなかった。
201901020208,8,3歳以上1000万下,ダ,1000,晴,良,14:05,2019-08-18,札幌,1,2,2,2014104589,タマモコーラス,牝5,55,01147,城戸義政,0:58.2,,4-4,35.4,31.7,7,458(-4),01161,[西]武英智,515800,タマモ,"1,100.0",,,,,,,,,,,"(*5,9,10)2,12,7,8-11-4,1,3,6",4,1,0.0,False,"(*5,9)10(2,7,8)11,12-4-(1,3)6",4,3,0.0,False,-7,
201901020208,8,3歳以上1000万下,ダ,1000,晴,良,14:05,2019-08-18,札幌,2,7,9,2016104454,アカネサス,牝3,52,01032,池添謙一,0:58.3,1/2,2-2,35.7,1.9,1,492(0),00411,[西]浅見秀一,675030,林正道,440.0,,,,,,,,,,,"(*5,9,10)2,12,7,8-11-4,1,3,6",2,3,0.0,False,"(*5,9)10(2,7,8)11,12-4-(1,3)6",2,2,0.0,False,-7,
201901020208,8,3歳以上1000万下,ダ,1000,晴,良,14:05,2019-08-18,札幌,3,8,11,2016101943,ショウナンガナドル,牡3,54,00660,横山典弘,0:58.4,3/4,8-7,34.9,7.5,3,480(0),01119,[東]田中剛,331002,国本哲秀,280.0,,,,,,,,,,,"(*5,9,10)2,12,7,8-11-4,1,3,6",8,1,8.0,False,"(*5,9)10(2,7,8)11,12-4-(1,3)6",7,1,0.0,False,-7,
201901020208,8,3歳以上1000万下,ダ,1000,晴,良,14:05,2019-08-18,札幌,4,4,4,2014102262,ミスパイロ,牝5,54,01170,横山武史,0:58.8,2.1/2,9-9,34.8,10.6,5,486(+4),01125,[東]小野次郎,493006,村田哲朗,170.0,,,,,,,,,,,"(*5,9,10)2,12,7,8-11-4,1,3,6",9,1,11.5,False,"(*5,9)10(2,7,8)11,12-4-(1,3)6",9,1,5.0,False,-7,
201901020208,8,3歳以上1000万下,ダ,1000,晴,良,14:05,2019-08-18,札幌,5,6,8,2014102016,クーリュ,牝5,55,01109,黛弘人,0:58.8,アタマ,7-4,35.6,11.5,6,478(+2),00428,[東]石毛善彦,542800,ライオンレースホース,110.0,,,,,,,,,,,"(*5,9,10)2,12,7,8-11-4,1,3,6",7,1,4.5,False,"(*5,9)10(2,7,8)11,12-4-(1,3)6",4,3,0.0,False,-7,
201901020208,8,3歳以上1000万下,ダ,1000,晴,良,14:05,2019-08-18,札幌,6,6,7,2015104354,トラベリング,牡4,57,05339,ルメール,0:59.3,3,6-4,36.2,5.4,2,492(-2),01136,[西]高橋亮,148800,グリーンファーム,,,,,,,,,,,,"(*5,9,10)2,12,7,8-11-4,1,3,6",6,1,3.0,False,"(*5,9)10(2,7,8)11,12-4-(1,3)6",4,3,0.0,False,-7,
201901020208,8,3歳以上1000万下,ダ,1000,晴,良,14:05,2019-08-18,札幌,7,5,6,2015103893,ミトノアミーゴ,牡4,57,01093,藤岡佑介,0:59.4,1/2,12-12,34.9,47.6,10,452(+4),01161,[西]武英智,018700,ロイヤルパーク,,,,,,,,,,,,"(*5,9,10)2,12,7,8-11-4,1,3,6",12,1,16.0,False,"(*5,9)10(2,7,8)11,12-4-(1,3)6",12,1,8.5,False,-7,
201901020208,8,3歳以上1000万下,ダ,1000,晴,良,14:05,2019-08-18,札幌,8,3,3,2016101250,マイネルバトゥータ,牡3,54,01091,丹内祐次,0:59.5,クビ,11-10,35.1,10.1,4,492(+16),00359,[東]高橋祥泰,546800,サラブレッドクラブ・...,,,,,,,,,,,,"(*5,9,10)2,12,7,8-11-4,1,3,6",11,1,14.5,False,"(*5,9)10(2,7,8)11,12-4-(1,3)6",10,2,8.5,False,-7,
201901020208,8,3歳以上1000万下,ダ,1000,晴,良,14:05,2019-08-18,札幌,9,1,1,2013101394,キセキノムスメ,牝6,55,01140,横山和生,0:59.7,1.1/4,10-10,35.5,53.6,11,460(+2),01125,[東]小野次郎,763800,協和牧場,,,,,,,,,,,,"(*5,9,10)2,12,7,8-11-4,1,3,6",10,1,13.0,False,"(*5,9)10(2,7,8)11,12-4-(1,3)6",10,2,8.5,False,-7,
201901020208,8,3歳以上1000万下,ダ,1000,晴,良,14:05,2019-08-18,札幌,10,5,5,2015104423,セレナライティア,牝4,52,01180,団野大成,0:59.7,クビ,1-1,37.1,94.8,12,448(+2),01116,[東]新開幸一,440007,島川利子,,,,,,,,,,,,"(*5,9,10)2,12,7,8-11-4,1,3,6",1,3,0.0,True,"(*5,9)10(2,7,8)11,12-4-(1,3)6",1,2,0.0,True,-7,
201901020208,8,3歳以上1000万下,ダ,1000,晴,良,14:05,2019-08-18,札幌,11,7,10,2015103761,レノカズマ,牡4,57,05534,石川倭,0:59.8,1/2,2-3,37.2,44.0,9,500(0),01167,[東]稲垣幸雄,879800,雅苑興業,,,,,,,,,,,,"(*5,9,10)2,12,7,8-11-4,1,3,6",2,3,0.0,False,"(*5,9)10(2,7,8)11,12-4-(1,3)6",3,1,0.0,False,-7,
201901020208,8,3歳以上1000万下,ダ,1000,晴,良,14:05,2019-08-18,札幌,12,8,12,2016105699,ハクナマタタ,牡3,51,01179,菅原明良,1:00.1,1.1/2,5-8,37.1,31.8,8,492(-2),01023,[東]伊藤圭三,367800,グランド牧場,,,,,,,,,,,,"(*5,9,10)2,12,7,8-11-4,1,3,6",5,1,1.5,False,"(*5,9)10(2,7,8)11,12-4-(1,3)6",8,1,1.5,False,-7,
201901020209,9,クローバー賞(OP),芝,1500,晴,良,14:37,2019-08-18,札幌,1,8,8,2017105429,オータムレッド,牝2,54,05339,ルメール,1:31.6,,6-6-5,35.2,1.2,1,436(+12),01038,[東]手塚貴久,831800,青芝商事,"1,618.2",,,,,,"(*1,3)6(2,7)(4,5,8)",6,3,0.0,False,"1(3,6)(2,7)(4,8)-5",6,2,0.0,False,"(*1,3,6)7(2,4,8)=5",5,3,0.0,False,-6,前日とほぼ同じ馬場差。速めの時計が出るレベルではあるが、高速馬場ではなかった。
201901020209,9,クローバー賞(OP),芝,1500,晴,良,14:37,2019-08-18,札幌,2,4,4,2017102195,ヨハネスボーイ,牡2,54,05534,石川倭,1:31.7,3/4,6-6-5,35.3,7.1,3,456(+2),05108,[地]桧森邦夫,928031,森永正志,645.2,,,,,,"(*1,3)6(2,7)(4,5,8)",6,3,0.0,False,"1(3,6)(2,7)(4,8)-5",6,2,0.0,False,"(*1,3,6)7(2,4,8)=5",5,3,0.0,False,-6,前日とほぼ同じ馬場差。速めの時計が出るレベルではあるが、高速馬場ではなかった。
201901020209,9,クローバー賞(OP),芝,1500,晴,良,14:37,2019-08-18,札幌,3,7,7,2017100320,リヴェールブリス,牝2,54,05091,五十嵐冬,1:32.0,1.3/4,4-4-4,35.8,33.7,5,484(-6),05108,[地]桧森邦夫,910006,伊達敏明,402.6,,,,,,"(*1,3)6(2,7)(4,5,8)",4,2,0.0,False,"1(3,6)(2,7)(4,8)-5",4,2,0.0,False,"(*1,3,6)7(2,4,8)=5",4,1,0.0,False,-6,前日とほぼ同じ馬場差。速めの時計が出るレベルではあるが、高速馬場ではなかった。
201901020209,9,クローバー賞(OP),芝,1500,晴,良,14:37,2019-08-18,札幌,4,6,6,2017104177,インプルソ,牡2,54,01109,黛弘人,1:32.2,1,3-2-2,36.3,6.2,2,456(+8),01100,[東]松山将樹,030803,コスモヴューファーム,240.0,,,,,,"(*1,3)6(2,7)(4,5,8)",3,1,0.0,False,"1(3,6)(2,7)(4,8)-5",2,2,0.0,False,"(*1,3,6)7(2,4,8)=5",2,3,0.0,False,-6,前日とほぼ同じ馬場差。速めの時計が出るレベルではあるが、高速馬場ではなかった。
201901020209,9,クローバー賞(OP),芝,1500,晴,良,14:37,2019-08-18,札幌,5,1,1,2017105883,エイシンタンチョウ,牡2,54,05578,落合玄太,1:32.3,1/2,1-1-1,36.5,49.5,7,472(+2),05630,[地]田中淳司,318033,平井克彦,160.0,,,,,,"(*1,3)6(2,7)(4,5,8)",1,2,0.0,True,"1(3,6)(2,7)(4,8)-5",1,1,0.0,False,"(*1,3,6)7(2,4,8)=5",1,3,0.0,True,-6,前日とほぼ同じ馬場差。速めの時計が出るレベルではあるが、高速馬場ではなかった。
201901020209,9,クローバー賞(OP),芝,1500,晴,良,14:37,2019-08-18,札幌,6,3,3,2017103403,プレストレジェーロ,牝2,54,05389,岩橋勇二,1:32.7,2.1/2,2-2-2,36.8,100.4,8,424(-16),05630,[地]田中淳司,195033,米津佳昭,,,,,,,"(*1,3)6(2,7)(4,5,8)",2,2,0.0,False,"1(3,6)(2,7)(4,8)-5",2,2,0.0,False,"(*1,3,6)7(2,4,8)=5",2,3,0.0,False,-6,前日とほぼ同じ馬場差。速めの時計が出るレベルではあるが、高速馬場ではなかった。
201901020209,9,クローバー賞(OP),芝,1500,晴,良,14:37,2019-08-18,札幌,7,2,2,2017101109,ヘイセイメジャー,牡2,54,05089,宮崎光行,1:33.4,4,4-4-5,37.3,27.2,4,446(-4),05453,[地]松本隆宏,993009,菅藤宗一,,,,,,,"(*1,3)6(2,7)(4,5,8)",4,2,0.0,False,"1(3,6)(2,7)(4,8)-5",4,2,0.0,False,"(*1,3,6)7(2,4,8)=5",5,3,0.0,False,-6,前日とほぼ同じ馬場差。速めの時計が出るレベルではあるが、高速馬場ではなかった。
201901020209,9,クローバー賞(OP),芝,1500,晴,良,14:37,2019-08-18,札幌,8,5,5,2017104539,マブプリンセス,牝2,54,00837,井上俊彦,1:34.2,5,6-8-8,37.1,49.1,6,444(-8),05111,[地]林和弘,455031,生杉学,,,,,,,"(*1,3)6(2,7)(4,5,8)",6,3,0.0,False,"1(3,6)(2,7)(4,8)-5",8,1,3.5,False,"(*1,3,6)7(2,4,8)=5",8,1,6.0,False,-6,前日とほぼ同じ馬場差。速めの時計が出るレベルではあるが、高速馬場ではなかった。
201901020210,10,大通公園特別(2勝),ダ,1700,晴,良,15:11,2019-08-18,札幌,1,8,11,2016103211,スマートセラヴィー,牡3,54,05203,岩田康誠,1:45.3,,3-2-2-2,37.2,4.8,3,490(-8),01075,[西]矢作芳人,007803,大川徹,"1,528.7","4,7(3,11)(5,12)(1,10)(2,6)9,8",3,2,1.5,False,"4(7,11)3(5,12)1(6,10)(2,9)8",2,2,0.0,False,"(*4,7,11)(3,12)(5,10)(1,6,9)2,8",2,3,0.0,False,"7(4,11)12,10-(3,6)9(5,2)1,8",2,2,0.0,False,-6,
201901020210,10,大通公園特別(2勝),ダ,1700,晴,良,15:11,2019-08-18,札幌,2,8,12,2016100140,ロジシルキー,牝3,52,01032,池添謙一,1:45.5,1,5-5-4-4,37.1,12.2,6,540(-10),01102,[東]大竹正博,399030,久米田正明,608.2,"4,7(3,11)(5,12)(1,10)(2,6)9,8",5,2,1.5,False,"4(7,11)3(5,12)1(6,10)(2,9)8",5,2,0.0,False,"(*4,7,11)(3,12)(5,10)(1,6,9)2,8",4,2,0.0,False,"7(4,11)12,10-(3,6)9(5,2)1,8",4,1,0.0,False,-6,
201901020210,10,大通公園特別(2勝),ダ,1700,晴,良,15:11,2019-08-18,札幌,3,7,10,2015101380,サトノゲイル,牡4,57,01093,藤岡佑介,1:46.0,3,7-8-6-5,37.3,8.7,5,466(0),01071,[西]池江泰寿,075803,サトミホースカンパニ...,384.1,"4,7(3,11)(5,12)(1,10)(2,6)9,8",7,2,1.5,False,"4(7,11)3(5,12)1(6,10)(2,9)8",8,2,0.0,False,"(*4,7,11)(3,12)(5,10)(1,6,9)2,8",6,2,0.0,False,"7(4,11)12,10-(3,6)9(5,2)1,8",5,1,1.5,False,-6,
201901020210,10,大通公園特別(2勝),ダ,1700,晴,良,15:11,2019-08-18,札幌,4,6,7,2014102395,ペイシャボム,牡5,57,01156,加藤祥太,1:46.1,クビ,2-2-2-1,38.1,84.7,11,476(-14),01056,[東]本間忍,163002,北所直人,230.0,"4,7(3,11)(5,12)(1,10)(2,6)9,8",2,1,1.5,False,"4(7,11)3(5,12)1(6,10)(2,9)8",2,2,0.0,False,"(*4,7,11)(3,12)(5,10)(1,6,9)2,8",2,3,0.0,False,"7(4,11)12,10-(3,6)9(5,2)1,8",1,1,0.0,False,-6,
201901020210,10,大通公園特別(2勝),ダ,1700,晴,良,15:11,2019-08-18,札幌,5,7,9,2014100928,サンチェサピーク,牡5,57,05339,ルメール,1:46.1,クビ,11-10-8-8,37.1,3.1,1,534(-8),01059,[東]加藤征弘,059803,加藤ステーブル,150.0,"4,7(3,11)(5,12)(1,10)(2,6)9,8",11,1,1.5,False,"4(7,11)3(5,12)1(6,10)(2,9)8",10,2,0.0,False,"(*4,7,11)(3,12)(5,10)(1,6,9)2,8",8,3,0.0,False,"7(4,11)12,10-(3,6)9(5,2)1,8",8,1,5.0,False,-6,
201901020210,10,大通公園特別(2勝),ダ,1700,晴,良,15:11,2019-08-18,札幌,6,5,6,2015105613,ディーズフェイク,牝4,55,01085,松岡正海,1:46.1,ハナ,9-8-8-6,37.2,5.5,4,482(+6),00435,[東]藤原辰雄,970007,秋谷壽之,,"4,7(3,11)(5,12)(1,10)(2,6)9,8",9,2,1.5,False,"4(7,11)3(5,12)1(6,10)(2,9)8",8,2,0.0,False,"(*4,7,11)(3,12)(5,10)(1,6,9)2,8",8,3,0.0,False,"7(4,11)12,10-(3,6)9(5,2)1,8",6,2,5.0,False,-6,
201901020210,10,大通公園特別(2勝),ダ,1700,晴,良,15:11,2019-08-18,札幌,7,2,2,2015100894,ダンケシェーン,牡4,57,01140,横山和生,1:46.2,クビ,9-10-11-9,37.0,23.7,7,478(-2),01044,[西]昆貢,032800,ローレルレーシング,,"4,7(3,11)(5,12)(1,10)(2,6)9,8",9,2,1.5,False,"4(7,11)3(5,12)1(6,10)(2,9)8",10,2,0.0,False,"(*4,7,11)(3,12)(5,10)(1,6,9)2,8",11,1,0.0,False,"7(4,11)12,10-(3,6)9(5,2)1,8",9,2,5.0,False,-6,
201901020210,10,大通公園特別(2勝),ダ,1700,晴,良,15:11,2019-08-18,札幌,8,3,3,2012102848,パイロキネシスト,牡7,57,01109,黛弘人,1:46.4,1.1/2,3-4-4-6,38.0,50.5,9,506(+8),00435,[東]藤原辰雄,686006,平井裕,,"4,7(3,11)(5,12)(1,10)(2,6)9,8",3,2,1.5,False,"4(7,11)3(5,12)1(6,10)(2,9)8",4,1,0.0,False,"(*4,7,11)(3,12)(5,10)(1,6,9)2,8",4,2,0.0,False,"7(4,11)12,10-(3,6)9(5,2)1,8",6,2,5.0,False,-6,
201901020210,10,大通公園特別(2勝),ダ,1700,晴,良,15:11,2019-08-18,札幌,9,4,4,2014100128,テイエムチェロキー,牡5,57,01015,古川吉洋,1:46.4,ハナ,1-1-1-2,38.4,4.3,2,490(+2),01157,[西]杉山晴紀,356002,竹園正繼,,"4,7(3,11)(5,12)(1,10)(2,6)9,8",1,1,0.0,False,"4(7,11)3(5,12)1(6,10)(2,9)8",1,1,0.0,False,"(*4,7,11)(3,12)(5,10)(1,6,9)2,8",1,3,0.0,True,"7(4,11)12,10-(3,6)9(5,2)1,8",2,2,0.0,False,-6,
201901020210,10,大通公園特別(2勝),ダ,1700,晴,良,15:11,2019-08-18,札幌,10,6,8,2015105305,ギラーミン,セ4,57,01030,松田大作,1:47.0,3.1/2,12-12-12-12,37.6,59.1,10,506(+4),01092,[西]松永幹夫,748033,谷賢臣,,"4,7(3,11)(5,12)(1,10)(2,6)9,8",12,1,3.0,False,"4(7,11)3(5,12)1(6,10)(2,9)8",12,1,0.0,False,"(*4,7,11)(3,12)(5,10)(1,6,9)2,8",12,1,1.5,False,"7(4,11)12,10-(3,6)9(5,2)1,8",12,1,6.5,False,-6,
201901020210,10,大通公園特別(2勝),ダ,1700,晴,良,15:11,2019-08-18,札幌,11,1,1,2015104696,キープシークレット,牝4,55,05534,石川倭,1:47.1,1/2,7-7-8-11,38.2,113.8,12,462(0),01166,[西]石坂公一,506800,シルクレーシング,,"4,7(3,11)(5,12)(1,10)(2,6)9,8",7,2,1.5,False,"4(7,11)3(5,12)1(6,10)(2,9)8",7,1,0.0,False,"(*4,7,11)(3,12)(5,10)(1,6,9)2,8",8,3,0.0,False,"7(4,11)12,10-(3,6)9(5,2)1,8",11,1,5.0,False,-6,
201901020210,10,大通公園特別(2勝),ダ,1700,晴,良,15:11,2019-08-18,札幌,12,5,5,2015101420,セイリスペクト,牡4,57,01124,国分恭介,1:47.3,1.1/2,5-5-6-9,38.6,45.6,8,476(0),01173,[西]長谷川浩,376008,金田成基,,"4,7(3,11)(5,12)(1,10)(2,6)9,8",5,2,1.5,False,"4(7,11)3(5,12)1(6,10)(2,9)8",5,2,0.0,False,"(*4,7,11)(3,12)(5,10)(1,6,9)2,8",6,2,0.0,False,"7(4,11)12,10-(3,6)9(5,2)1,8",9,2,5.0,False,-6,
201901020211,11,第55回札幌記念(GII),芝,2000,晴,良,15:45,2019-08-18,札幌,1,1,1,2015104882,ブラストワンピース,牡4,57,01088,川田将雅,2:00.1,,9-9-8-6,34.9,4.7,3,536(-2),01102,[東]大竹正博,506800,シルクレーシング,"7,099.4","7,14,10,12,5(3,13)11(1,6,9)(2,4,8)",9,3,6.0,False,"7-14,10,12(5,3)(11,13)(1,9)6(2,8)4",9,2,6.5,False,"7,14,12(10,3)5,11(1,13)(2,9)(4,6,8)",8,2,4.5,False,"7(10,14,12)11(5,1,3)(2,9)13,4,8,6",6,3,0.0,False,-6,前日とほぼ同じ馬場差。速めの時計が出るレベルではあるが、高速馬場ではなかった。
201901020211,11,第55回札幌記念(GII),芝,2000,晴,良,15:45,2019-08-18,札幌,2,6,10,2014105304,サングレーザー,牡5,57,05203,岩田康誠,2:00.1,クビ,3-3-4-2,35.6,7.8,4,486(0),00411,[西]浅見秀一,808800,Ｇ１レーシング,"2,828.4","7,14,10,12,5(3,13)11(1,6,9)(2,4,8)",3,1,3.0,False,"7-14,10,12(5,3)(11,13)(1,9)6(2,8)4",3,1,5.0,False,"7,14,12(10,3)5,11(1,13)(2,9)(4,6,8)",4,2,3.0,False,"7(10,14,12)11(5,1,3)(2,9)13,4,8,6",2,3,0.0,False,-6,前日とほぼ同じ馬場差。速めの時計が出るレベルではあるが、高速馬場ではなかった。
201901020211,11,第55回札幌記念(GII),芝,2000,晴,良,15:45,2019-08-18,札幌,3,6,9,2015105075,フィエールマン,牡4,57,05339,ルメール,2:00.3,1,9-9-10-9,34.9,2.3,1,480(0),01038,[東]手塚貴久,226800,サンデーレーシング,"1,814.2","7,14,10,12,5(3,13)11(1,6,9)(2,4,8)",9,3,6.0,False,"7-14,10,12(5,3)(11,13)(1,9)6(2,8)4",9,2,6.5,False,"7,14,12(10,3)5,11(1,13)(2,9)(4,6,8)",10,2,4.5,False,"7(10,14,12)11(5,1,3)(2,9)13,4,8,6",9,2,0.0,False,-6,前日とほぼ同じ馬場差。速めの時計が出るレベルではあるが、高速馬場ではなかった。
201901020211,11,第55回札幌記念(GII),芝,2000,晴,良,15:45,2019-08-18,札幌,4,7,12,2015105022,ワグネリアン,牡4,57,01014,福永祐一,2:00.3,クビ,4-4-3-2,35.9,3.7,2,472(+4),01061,[西]友道康夫,708800,金子真人ホールディン...,"1,100.0","7,14,10,12,5(3,13)11(1,6,9)(2,4,8)",4,1,4.5,False,"7-14,10,12(5,3)(11,13)(1,9)6(2,8)4",4,1,6.5,False,"7,14,12(10,3)5,11(1,13)(2,9)(4,6,8)",3,1,3.0,False,"7(10,14,12)11(5,1,3)(2,9)13,4,8,6",2,3,0.0,False,-6,前日とほぼ同じ馬場差。速めの時計が出るレベルではあるが、高速馬場ではなかった。
201901020211,11,第55回札幌記念(GII),芝,2000,晴,良,15:45,2019-08-18,札幌,5,7,11,2014105258,ペルシアンナイト,牡5,57,05212,Ｍ．デム,2:00.4,1/2,8-7-7-5,35.4,17.7,5,490(-4),01071,[西]池江泰寿,808800,Ｇ１レーシング,700.0,"7,14,10,12,5(3,13)11(1,6,9)(2,4,8)",8,1,6.0,False,"7-14,10,12(5,3)(11,13)(1,9)6(2,8)4",7,2,6.5,False,"7,14,12(10,3)5,11(1,13)(2,9)(4,6,8)",7,1,4.5,False,"7(10,14,12)11(5,1,3)(2,9)13,4,8,6",5,1,0.0,False,-6,前日とほぼ同じ馬場差。速めの時計が出るレベルではあるが、高速馬場ではなかった。
201901020211,11,第55回札幌記念(GII),芝,2000,晴,良,15:45,2019-08-18,札幌,6,5,7,2013102273,エイシンティンクル,牝6,55,01025,勝浦正樹,2:00.7,2,1-1-1-1,36.7,164.6,11,504(-2),01168,[西]上村洋行,785800,栄進堂,,"7,14,10,12,5(3,13)11(1,6,9)(2,4,8)",1,1,0.0,False,"7-14,10,12(5,3)(11,13)(1,9)6(2,8)4",1,1,0.0,False,"7,14,12(10,3)5,11(1,13)(2,9)(4,6,8)",1,1,0.0,False,"7(10,14,12)11(5,1,3)(2,9)13,4,8,6",1,1,0.0,False,-6,前日とほぼ同じ馬場差。速めの時計が出るレベルではあるが、高速馬場ではなかった。
201901020211,11,第55回札幌記念(GII),芝,2000,晴,良,15:45,2019-08-18,札幌,7,8,14,2013102955,クロコスミア,牝6,55,05386,戸崎圭太,2:00.8,クビ,2-2-2-2,36.5,18.5,6,444(+4),01016,[西]西浦勝一,858800,大塚亮一,,"7,14,10,12,5(3,13)11(1,6,9)(2,4,8)",2,1,1.5,False,"7-14,10,12(5,3)(11,13)(1,9)6(2,8)4",2,1,3.5,False,"7,14,12(10,3)5,11(1,13)(2,9)(4,6,8)",2,1,1.5,False,"7(10,14,12)11(5,1,3)(2,9)13,4,8,6",2,3,0.0,False,-6,前日とほぼ同じ馬場差。速めの時計が出るレベルではあるが、高速馬場ではなかった。
201901020211,11,第55回札幌記念(GII),芝,2000,晴,良,15:45,2019-08-18,札幌,8,2,2,2012104508,クルーガー,牡7,57,01127,丸山元気,2:01.0,1.1/4,12-12-10-9,35.5,44.5,9,538(0),01117,[西]高野友和,486800,キャロットファーム,,"7,14,10,12,5(3,13)11(1,6,9)(2,4,8)",12,3,6.0,False,"7-14,10,12(5,3)(11,13)(1,9)6(2,8)4",12,2,6.5,False,"7,14,12(10,3)5,11(1,13)(2,9)(4,6,8)",10,2,4.5,False,"7(10,14,12)11(5,1,3)(2,9)13,4,8,6",9,2,0.0,False,-6,前日とほぼ同じ馬場差。速めの時計が出るレベルではあるが、高速馬場ではなかった。
201901020211,11,第55回札幌記念(GII),芝,2000,晴,良,15:45,2019-08-18,札幌,9,3,3,2015104287,ステイフーリッシュ,牡4,57,01038,中谷雄太,2:01.0,ハナ,6-5-4-6,36.4,32.9,8,456(+2),01075,[西]矢作芳人,415800,社台レースホース,,"7,14,10,12,5(3,13)11(1,6,9)(2,4,8)",6,2,6.0,False,"7-14,10,12(5,3)(11,13)(1,9)6(2,8)4",5,2,6.5,False,"7,14,12(10,3)5,11(1,13)(2,9)(4,6,8)",4,2,3.0,False,"7(10,14,12)11(5,1,3)(2,9)13,4,8,6",6,3,0.0,False,-6,前日とほぼ同じ馬場差。速めの時計が出るレベルではあるが、高速馬場ではなかった。
201901020211,11,第55回札幌記念(GII),芝,2000,晴,良,15:45,2019-08-18,札幌,10,5,8,2015106299,ゴーフォザサミット,牡4,57,01077,石橋脩,2:01.0,クビ,12-12-12-13,35.3,129.6,10,488(-12),00386,[東]藤沢和雄,124008,山本英俊,,"7,14,10,12,5(3,13)11(1,6,9)(2,4,8)",12,3,6.0,False,"7-14,10,12(5,3)(11,13)(1,9)6(2,8)4",12,2,6.5,False,"7,14,12(10,3)5,11(1,13)(2,9)(4,6,8)",12,3,4.5,False,"7(10,14,12)11(5,1,3)(2,9)13,4,8,6",13,1,3.0,False,-6,前日とほぼ同じ馬場差。速めの時計が出るレベルではあるが、高速馬場ではなかった。
201901020211,11,第55回札幌記念(GII),芝,2000,晴,良,15:45,2019-08-18,札幌,11,4,5,2013102301,ロードヴァンドール,牡6,57,01170,横山武史,2:01.1,クビ,5-5-6-6,36.3,214.4,13,496(+2),01044,[西]昆貢,170800,ロードホースクラブ,,"7,14,10,12,5(3,13)11(1,6,9)(2,4,8)",5,1,6.0,False,"7-14,10,12(5,3)(11,13)(1,9)6(2,8)4",5,2,6.5,False,"7,14,12(10,3)5,11(1,13)(2,9)(4,6,8)",6,1,3.0,False,"7(10,14,12)11(5,1,3)(2,9)13,4,8,6",6,3,0.0,False,-6,前日とほぼ同じ馬場差。速めの時計が出るレベルではあるが、高速馬場ではなかった。
201901020211,11,第55回札幌記念(GII),芝,2000,晴,良,15:45,2019-08-18,札幌,12,3,4,2013105471,ナイトオブナイツ,牡6,57,01032,池添謙一,2:01.4,1.3/4,12-14-12-12,35.7,244.0,14,454(-2),01021,[西]池添兼雄,010803,市川義美ホールディン...,,"7,14,10,12,5(3,13)11(1,6,9)(2,4,8)",12,3,6.0,False,"7-14,10,12(5,3)(11,13)(1,9)6(2,8)4",14,1,6.5,False,"7,14,12(10,3)5,11(1,13)(2,9)(4,6,8)",12,3,4.5,False,"7(10,14,12)11(5,1,3)(2,9)13,4,8,6",12,1,1.5,False,-6,前日とほぼ同じ馬場差。速めの時計が出るレベルではあるが、高速馬場ではなかった。
201901020211,11,第55回札幌記念(GII),芝,2000,晴,良,15:45,2019-08-18,札幌,13,8,13,2011102151,サクラアンプルール,牡8,57,00660,横山典弘,2:02.7,8,6-7-8-11,37.5,172.2,12,480(-6),01132,[東]金成貴史,019800,さくらコマース,,"7,14,10,12,5(3,13)11(1,6,9)(2,4,8)",6,2,6.0,False,"7-14,10,12(5,3)(11,13)(1,9)6(2,8)4",7,2,6.5,False,"7,14,12(10,3)5,11(1,13)(2,9)(4,6,8)",8,2,4.5,False,"7(10,14,12)11(5,1,3)(2,9)13,4,8,6",11,1,0.0,False,-6,前日とほぼ同じ馬場差。速めの時計が出るレベルではあるが、高速馬場ではなかった。
201901020211,11,第55回札幌記念(GII),芝,2000,晴,良,15:45,2019-08-18,札幌,14,4,6,2016104650,ランフォザローゼス,牡3,54,01093,藤岡佑介,2:03.0,1.3/4,9-11-12-14,37.3,28.5,7,494(+2),00386,[東]藤沢和雄,208008,窪田芳郎,,"7,14,10,12,5(3,13)11(1,6,9)(2,4,8)",9,3,6.0,False,"7-14,10,12(5,3)(11,13)(1,9)6(2,8)4",11,1,6.5,False,"7,14,12(10,3)5,11(1,13)(2,9)(4,6,8)",12,3,4.5,False,"7(10,14,12)11(5,1,3)(2,9)13,4,8,6",14,1,4.5,False,-6,前日とほぼ同じ馬場差。速めの時計が出るレベルではあるが、高速馬場ではなかった。
201901020212,12,小樽特別(1勝),芝,1200,晴,良,16:30,2019-08-18,札幌,1,4,7,2015101615,プリディカメント,牝4,55,01093,藤岡佑介,1:09.3,,14-13,33.8,31.2,11,512(+2),01130,[西]吉村圭司,003060,ゴドルフィン,"1,089.2",,,,,,,,,,,"12,14(2,11)4(5,9)6,16(1,13)8,3-7-10   15",14,1,8.0,False,"(*12,14)(2,4,11)(5,9)6(16,13)(1,8)(3,7)=10   15",13,2,0.0,False,-6,前日とほぼ同じ馬場差。速めの時計が出るレベルではあるが、高速馬場ではなかった。
201901020212,12,小樽特別(1勝),芝,1200,晴,良,16:30,2019-08-18,札幌,2,3,6,2014105352,ヴィーナスフローラ,牝5,55,05339,ルメール,1:09.4,1/2,8-8,34.9,2.5,1,490(0),01105,[西]須貝尚介,858800,大塚亮一,431.2,,,,,,,,,,,"12,14(2,11)4(5,9)6,16(1,13)8,3-7-10   15",8,1,1.5,False,"(*12,14)(2,4,11)(5,9)6(16,13)(1,8)(3,7)=10   15",8,1,0.0,False,-6,前日とほぼ同じ馬場差。速めの時計が出るレベルではあるが、高速馬場ではなかった。
201901020212,12,小樽特別(1勝),芝,1200,晴,良,16:30,2019-08-18,札幌,3,7,14,2016106225,パラーティウム,牝3,52,01095,吉田隼人,1:09.6,1.1/4,2-2,35.7,8.2,3,476(+8),01099,[西]本田優,616800,フジワラ・ファーム,265.6,,,,,,,,,,,"12,14(2,11)4(5,9)6,16(1,13)8,3-7-10   15",2,1,1.5,False,"(*12,14)(2,4,11)(5,9)6(16,13)(1,8)(3,7)=10   15",2,2,0.0,False,-6,前日とほぼ同じ馬場差。速めの時計が出るレベルではあるが、高速馬場ではなかった。
201901020212,12,小樽特別(1勝),芝,1200,晴,良,16:30,2019-08-18,札幌,4,8,16,2016102188,メイショウコミチ,牝3,52,00660,横山典弘,1:09.6,クビ,9-9,34.9,22.8,9,450(+4),01099,[西]本田優,523005,松本好雄,160.0,,,,,,,,,,,"12,14(2,11)4(5,9)6,16(1,13)8,3-7-10   15",9,1,3.0,False,"(*12,14)(2,4,11)(5,9)6(16,13)(1,8)(3,7)=10   15",9,2,0.0,False,-6,前日とほぼ同じ馬場差。速めの時計が出るレベルではあるが、高速馬場ではなかった。
201901020212,12,小樽特別(1勝),芝,1200,晴,良,16:30,2019-08-18,札幌,5,7,13,2016102295,ファンシャン,牝3,52,01180,団野大成,1:09.8,1.1/4,10-9,35.0,26.9,10,420(+6),01048,[東]畠山吉宏,102800,ターフ・スポート,105.0,,,,,,,,,,,"12,14(2,11)4(5,9)6,16(1,13)8,3-7-10   15",10,2,3.0,False,"(*12,14)(2,4,11)(5,9)6(16,13)(1,8)(3,7)=10   15",9,2,0.0,False,-6,前日とほぼ同じ馬場差。速めの時計が出るレベルではあるが、高速馬場ではなかった。
201901020212,12,小樽特別(1勝),芝,1200,晴,良,16:30,2019-08-18,札幌,6,2,4,2016104751,ブラックダンサー,牝3,52,01124,国分恭介,1:09.8,ハナ,5-3,35.6,10.5,4,464(+2),01117,[西]高野友和,903007,前迫義幸,,,,,,,,,,,,"12,14(2,11)4(5,9)6,16(1,13)8,3-7-10   15",5,1,1.5,False,"(*12,14)(2,4,11)(5,9)6(16,13)(1,8)(3,7)=10   15",3,3,0.0,False,-6,前日とほぼ同じ馬場差。速めの時計が出るレベルではあるが、高速馬場ではなかった。
201901020212,12,小樽特別(1勝),芝,1200,晴,良,16:30,2019-08-18,札幌,7,6,12,2014103213,ノーブルプルート,牝5,55,01170,横山武史,1:09.9,1/2,1-1,36.1,14.5,6,492(+2),01094,[東]水野貴広,755030,吉木伸彦,,,,,,,,,,,,"12,14(2,11)4(5,9)6,16(1,13)8,3-7-10   15",1,1,0.0,False,"(*12,14)(2,4,11)(5,9)6(16,13)(1,8)(3,7)=10   15",1,2,0.0,True,-6,前日とほぼ同じ馬場差。速めの時計が出るレベルではあるが、高速馬場ではなかった。
201901020212,12,小樽特別(1勝),芝,1200,晴,良,16:30,2019-08-18,札幌,8,2,3,2014101929,ワンパーパス,牝5,55,05534,石川倭,1:10.0,1/2,13-13,34.9,450.1,15,448(+20),00431,[西]谷潔,240033,橋本謙一,,,,,,,,,,,,"12,14(2,11)4(5,9)6,16(1,13)8,3-7-10   15",13,1,4.5,False,"(*12,14)(2,4,11)(5,9)6(16,13)(1,8)(3,7)=10   15",13,2,0.0,False,-6,前日とほぼ同じ馬場差。速めの時計が出るレベルではあるが、高速馬場ではなかった。
201901020212,12,小樽特別(1勝),芝,1200,晴,良,16:30,2019-08-18,札幌,9,3,5,2014103600,ジュブリーユ,牝5,55,01091,丹内祐次,1:10.0,アタマ,6-6,35.6,13.4,5,488(-2),01106,[東]牧光二,851009,岡田牧雄,,,,,,,,,,,,"12,14(2,11)4(5,9)6,16(1,13)8,3-7-10   15",6,2,1.5,False,"(*12,14)(2,4,11)(5,9)6(16,13)(1,8)(3,7)=10   15",6,2,0.0,False,-6,前日とほぼ同じ馬場差。速めの時計が出るレベルではあるが、高速馬場ではなかった。
201901020212,12,小樽特別(1勝),芝,1200,晴,良,16:30,2019-08-18,札幌,10,5,9,2014101284,ブラウンローズ,牝5,55,01025,勝浦正樹,1:10.1,3/4,6-6,35.8,16.7,7,486(+6),00412,[東]高橋裕,858800,大塚亮一,,,,,,,,,,,,"12,14(2,11)4(5,9)6,16(1,13)8,3-7-10   15",6,2,1.5,False,"(*12,14)(2,4,11)(5,9)6(16,13)(1,8)(3,7)=10   15",6,2,0.0,False,-6,前日とほぼ同じ馬場差。速めの時計が出るレベルではあるが、高速馬場ではなかった。
201901020212,12,小樽特別(1勝),芝,1200,晴,良,16:30,2019-08-18,札幌,11,1,1,2015105200,ニシノコデマリ,牝4,55,01156,加藤祥太,1:10.3,1.1/4,10-11,35.5,55.7,12,428(+2),01100,[東]松山将樹,897009,西山茂行,,,,,,,,,,,,"12,14(2,11)4(5,9)6,16(1,13)8,3-7-10   15",10,2,3.0,False,"(*12,14)(2,4,11)(5,9)6(16,13)(1,8)(3,7)=10   15",11,2,0.0,False,-6,前日とほぼ同じ馬場差。速めの時計が出るレベルではあるが、高速馬場ではなかった。
201901020212,12,小樽特別(1勝),芝,1200,晴,良,16:30,2019-08-18,札幌,12,6,11,2016105058,コルデトゥリーニ,牝3,52,01015,古川吉洋,1:10.4,1/2,3-3,36.3,4.0,2,444(+6),01066,[西]岡田稲男,415800,社台レースホース,,,,,,,,,,,,"12,14(2,11)4(5,9)6,16(1,13)8,3-7-10   15",3,2,1.5,False,"(*12,14)(2,4,11)(5,9)6(16,13)(1,8)(3,7)=10   15",3,3,0.0,False,-6,前日とほぼ同じ馬場差。速めの時計が出るレベルではあるが、高速馬場ではなかった。
201901020212,12,小樽特別(1勝),芝,1200,晴,良,16:30,2019-08-18,札幌,13,4,8,2014103466,ツキノミチ,牝5,55,01160,荻野極,1:10.4,ハナ,12-11,35.5,368.8,14,444(+6),01010,[東]中野栄治,402033,吉井理人,,,,,,,,,,,,"12,14(2,11)4(5,9)6,16(1,13)8,3-7-10   15",12,1,3.0,False,"(*12,14)(2,4,11)(5,9)6(16,13)(1,8)(3,7)=10   15",11,2,0.0,False,-6,前日とほぼ同じ馬場差。速めの時計が出るレベルではあるが、高速馬場ではなかった。
201901020212,12,小樽特別(1勝),芝,1200,晴,良,16:30,2019-08-18,札幌,14,5,10,2016103415,ショウナンバニラ,牝3,52,01179,菅原明良,1:10.4,クビ,15-15,34.5,71.1,13,426(0),01089,[東]武市康男,679800,湘南,,,,,,,,,,,,"12,14(2,11)4(5,9)6,16(1,13)8,3-7-10   15",15,1,11.5,False,"(*12,14)(2,4,11)(5,9)6(16,13)(1,8)(3,7)=10   15",15,1,6.0,False,-6,前日とほぼ同じ馬場差。速めの時計が出るレベルではあるが、高速馬場ではなかった。
201901020212,12,小樽特別(1勝),芝,1200,晴,良,16:30,2019-08-18,札幌,15,1,2,2016106141,アドレ,牝3,52,01140,横山和生,1:10.7,1.3/4,3-3,36.7,19.2,8,446(+2),01044,[西]昆貢,547800,ヒダカ・ブリーダーズ...,,,,,,,,,,,,"12,14(2,11)4(5,9)6,16(1,13)8,3-7-10   15",3,2,1.5,False,"(*12,14)(2,4,11)(5,9)6(16,13)(1,8)(3,7)=10   15",3,3,0.0,False,-6,前日とほぼ同じ馬場差。速めの時計が出るレベルではあるが、高速馬場ではなかった。
201901020212,12,小樽特別(1勝),芝,1200,晴,良,16:30,2019-08-18,札幌,取,8,15,2016102847,ユニバーサルレディ,牝3,52,05212,Ｍ．デム,,,,,---,,計不,01024,[東]萱野浩二,461009,沖田正憲,,,,,,,,,,,,"12,14(2,11)4(5,9)6,16(1,13)8,3-7-10   15",16,1,17.5,False,"(*12,14)(2,4,11)(5,9)6(16,13)(1,8)(3,7)=10   15",16,1,12.0,False,-6,前日とほぼ同じ馬場差。速めの時計が出るレベルではあるが、高速馬場ではなかった。
