race_id,race_number,race_name,surface,distance_m,weather,going,start_time,race_date,racecourse,finish_pos,waku,umaban,horse_id,horse_name,sex_age,kinryo,jockey_id,jockey_name,time,margin,passing_order,last_3f,odds_final,popularity,weight,trainer_id,trainer_name,owner_id,owner_name,prize,corner1_raw,corner1_rank,corner1_group_size,corner1_gap_len_est,corner1_is_leader,corner2_raw,corner2_rank,corner2_group_size,corner2_gap_len_est,corner2_is_leader,corner3_raw,corner3_rank,corner3_group_size,corner3_gap_len_est,corner3_is_leader,corner4_raw,corner4_rank,corner4_group_size,corner4_gap_len_est,corner4_is_leader,track_index,track_comment
202630092401,1,2歳未勝利,ダ,1000,雨,良,14:50,2026-09-24,門別,1,8,12,2024105128,ミサオ,牝2,55,05534,石川倭,1:02.7,,8-8,37.1,1.3,1,452(-6),05509,[地]米川昇,416031,下川欣一,50.0,,,,,,,,,,,"(1,2,8),10,(4,5,6)-12-(3,9),7=11",8,1,6.5,False,"(1,2,8),(4,10),(5,6),12,9-(3,7)=11",8,1,4.5,False,-21,
202630092401,1,2歳未勝利,ダ,1000,雨,良,14:50,2026-09-24,門別,2,7,9,2024100598,スタニングアロー,牡2,56,05502,松井伸也,1:02.8,1/2,9-9,36.8,39.3,6,418(0),05723,[地]川島雅人,x0a320,松本光弘,14.0,,,,,,,,,,,"(1,2,8),10,(4,5,6)-12-(3,9),7=11",9,2,10.0,False,"(1,2,8),(4,10),(5,6),12,9-(3,7)=11",9,1,6.0,False,-21,
202630092401,1,2歳未勝利,ダ,1000,雨,良,14:50,2026-09-24,門別,3,6,8,2024101453,ベストメッセージ,牡2,56,05578,落合玄太,1:03.0,1,1-1,38.5,3.3,2,492(+6),05301,[地]村上正和,856033,山口明彦,10.5,,,,,,,,,,,"(1,2,8),10,(4,5,6)-12-(3,9),7=11",1,3,0.0,False,"(1,2,8),(4,10),(5,6),12,9-(3,7)=11",1,3,0.0,False,-21,
202630092401,1,2歳未勝利,ダ,1000,雨,良,14:50,2026-09-24,門別,4,7,10,2024103906,テンビーキャッスル,牝2,55,05389,岩橋勇二,1:03.7,3,4-4,39.0,18.9,3,422(-4),05108,[地]桧森邦夫,576033,村田繁實,7.0,,,,,,,,,,,"(1,2,8),10,(4,5,6)-12-(3,9),7=11",4,1,1.5,False,"(1,2,8),(4,10),(5,6),12,9-(3,7)=11",4,2,1.5,False,-21,
202630092401,1,2歳未勝利,ダ,1000,雨,良,14:50,2026-09-24,門別,5,4,4,2024109071,タルシェクーン,牡2,56,05371,亀井洋司,1:04.0,1.1/2,5-4,39.1,84.1,9,408(+2),05512,[地]山田和久,x0670f,村上幹夫,3.5,,,,,,,,,,,"(1,2,8),10,(4,5,6)-12-(3,9),7=11",5,3,3.0,False,"(1,2,8),(4,10),(5,6),12,9-(3,7)=11",4,2,1.5,False,-21,
202630092401,1,2歳未勝利,ダ,1000,雨,良,14:50,2026-09-24,門別,6,5,6,2024103868,プランドゥボヌール,牝2,55,05685,宮内勇樹,1:04.0,クビ,5-6,39.0,61.8,8,484(-4),05706,[地]川島洋人,x0aee2,国信泰秀,,,,,,,,,,,,"(1,2,8),10,(4,5,6)-12-(3,9),7=11",5,3,3.0,False,"(1,2,8),(4,10),(5,6),12,9-(3,7)=11",6,2,3.0,False,-21,
202630092401,1,2歳未勝利,ダ,1000,雨,良,14:50,2026-09-24,門別,7,6,7,2024104372,シンゲキノヴィル,牝2,54,05686,藤田凌駕,1:04.3,1.1/2,11-10,37.9,231.6,11,402(-8),05364,[地]柳澤好美,x0a1d4,廣田優生,,,,,,,,,,,,"(1,2,8),10,(4,5,6)-12-(3,9),7=11",11,1,11.5,False,"(1,2,8),(4,10),(5,6),12,9-(3,7)=11",10,2,9.5,False,-21,
202630092401,1,2歳未勝利,ダ,1000,雨,良,14:50,2026-09-24,門別,8,2,2,2024101061,ヤングゼネラル,牡2,56,05601,金山昇馬,1:04.3,ハナ,1-1,39.9,22.4,4,472(+2),05660,[地]斉藤正弘,x04060,大栗芳一,,,,,,,,,,,,"(1,2,8),10,(4,5,6)-12-(3,9),7=11",1,3,0.0,False,"(1,2,8),(4,10),(5,6),12,9-(3,7)=11",1,3,0.0,False,-21,
202630092401,1,2歳未勝利,ダ,1000,雨,良,14:50,2026-09-24,門別,9,5,5,2024107054,ベラジオゼウス,牡2,53,a05aa,渡辺準己,1:04.5,3/4,5-6,39.5,59.0,7,420(+4),05630,[地]田中淳司,x0be87,ベラジオコーポレーシ,,,,,,,,,,,,"(1,2,8),10,(4,5,6)-12-(3,9),7=11",5,3,3.0,False,"(1,2,8),(4,10),(5,6),12,9-(3,7)=11",6,2,3.0,False,-21,
202630092401,1,2歳未勝利,ダ,1000,雨,良,14:50,2026-09-24,門別,10,3,3,2024101335,ファビュラスバック,牝2,55,05592,小野楓馬,1:05.5,5,9-10,39.3,129.7,10,452(+4),05688,[地]小野望,x0b14f,境亮二,,,,,,,,,,,,"(1,2,8),10,(4,5,6)-12-(3,9),7=11",9,2,10.0,False,"(1,2,8),(4,10),(5,6),12,9-(3,7)=11",10,2,9.5,False,-21,
202630092401,1,2歳未勝利,ダ,1000,雨,良,14:50,2026-09-24,門別,11,1,1,2024102426,プラウドホウショウ,牡2,56,05411,桑村真明,1:05.6,3/4,1-1,41.2,26.6,5,490(+2),05736,[地]佐々木国,x0b70f,（株）邦昇,,,,,,,,,,,,"(1,2,8),10,(4,5,6)-12-(3,9),7=11",1,3,0.0,False,"(1,2,8),(4,10),(5,6),12,9-(3,7)=11",1,3,0.0,False,-21,
202630092401,1,2歳未勝利,ダ,1000,雨,良,14:50,2026-09-24,門別,12,8,11,2024107142,カンノンロイヤル,牡2,56,05608,若杉朝飛,1:07.0,7,12-12,39.2,566.8,12,472(+4),a02e6,[地]黒川智貴,367031,伊藤とみ枝,,,,,,,,,,,,"(1,2,8),10,(4,5,6)-12-(3,9),7=11",12,1,17.5,False,"(1,2,8),(4,10),(5,6),12,9-(3,7)=11",12,1,15.5,False,-21,
202630092402,2,2歳未勝利,ダ,1100,雨,良,15:20,2026-09-24,門別,1,8,9,2024101637,ミスプランセス,牝2,55,05534,石川倭,1:10.1,,7-7,37.6,3.4,1,460(+8),05758,[地]小国博行,910031,高橋敏英,50.0,,,,,,,,,,,"(1,6),(7,10),4,2-(3,5,9),8",7,3,8.0,False,"(6,7,10),4,1,2-(5,9)-3-8",7,2,8.0,False,-21,
202630092402,2,2歳未勝利,ダ,1100,雨,良,15:20,2026-09-24,門別,2,8,10,2024107254,ベラジオサクラ,牝2,55,05389,岩橋勇二,1:10.3,1,3-1,39.3,4.4,4,496(+2),05706,[地]川島洋人,x0be87,ベラジオコーポレーシ,14.0,,,,,,,,,,,"(1,6),(7,10),4,2-(3,5,9),8",3,2,1.5,False,"(6,7,10),4,1,2-(5,9)-3-8",1,3,0.0,False,-21,
202630092402,2,2歳未勝利,ダ,1100,雨,良,15:20,2026-09-24,門別,3,4,4,2024100547,リアルステレオ,牝2,55,05685,宮内勇樹,1:10.8,2.1/2,5-4,39.6,3.8,2,478(-2),05736,[地]佐々木国,x0751c,（有）新生ファーム,10.5,,,,,,,,,,,"(1,6),(7,10),4,2-(3,5,9),8",5,1,3.0,False,"(6,7,10),4,1,2-(5,9)-3-8",4,1,1.5,False,-21,
202630092402,2,2歳未勝利,ダ,1100,雨,良,15:20,2026-09-24,門別,4,7,7,2024101610,カナデ,牝2,55,05578,落合玄太,1:10.8,アタマ,3-1,39.8,4.3,3,420(+4),05301,[地]村上正和,116033,加治屋貞光,7.0,,,,,,,,,,,"(1,6),(7,10),4,2-(3,5,9),8",3,2,1.5,False,"(6,7,10),4,1,2-(5,9)-3-8",1,3,0.0,False,-21,
202630092402,2,2歳未勝利,ダ,1100,雨,良,15:20,2026-09-24,門別,5,5,5,2024100146,トシデンセツ,牡2,56,05601,金山昇馬,1:11.0,1,7-7,38.6,10.8,6,476(+6),05660,[地]斉藤正弘,822033,和田博美,3.5,,,,,,,,,,,"(1,6),(7,10),4,2-(3,5,9),8",7,3,8.0,False,"(6,7,10),4,1,2-(5,9)-3-8",7,2,8.0,False,-21,
202630092402,2,2歳未勝利,ダ,1100,雨,良,15:20,2026-09-24,門別,6,2,2,2024100919,スレイヤーウィップ,牝2,55,05411,桑村真明,1:11.3,1.1/2,6-6,39.7,8.1,5,460(+2),05311,[地]角川秀樹,x0c217,井相田保宏,,,,,,,,,,,,"(1,6),(7,10),4,2-(3,5,9),8",6,1,4.5,False,"(6,7,10),4,1,2-(5,9)-3-8",6,1,4.5,False,-21,
202630092402,2,2歳未勝利,ダ,1100,雨,良,15:20,2026-09-24,門別,7,6,6,2024100570,リトルジョイ,牡2,53,a05aa,渡辺準己,1:12.9,8,1-1,42.2,49.4,7,454(+4),05630,[地]田中淳司,822033,和田博美,,,,,,,,,,,,"(1,6),(7,10),4,2-(3,5,9),8",1,2,0.0,False,"(6,7,10),4,1,2-(5,9)-3-8",1,3,0.0,False,-21,
202630092402,2,2歳未勝利,ダ,1100,雨,良,15:20,2026-09-24,門別,8,3,3,2024108148,デルファイア,牝2,55,05592,小野楓馬,1:14.0,5,7-9,41.5,438.1,9,448(0),05108,[地]桧森邦夫,x0ad02,トニーホースコーポレ,,,,,,,,,,,,"(1,6),(7,10),4,2-(3,5,9),8",7,3,8.0,False,"(6,7,10),4,1,2-(5,9)-3-8",9,1,11.5,False,-21,
202630092402,2,2歳未勝利,ダ,1100,雨,良,15:20,2026-09-24,門別,9,1,1,2024104568,ダリサス,牡2,56,05502,松井伸也,1:14.5,2.1/2,1-5,43.8,162.4,8,474(0),05723,[地]川島雅人,393803,ＫＡＪＩＭＯＴＯＨ,,,,,,,,,,,,"(1,6),(7,10),4,2-(3,5,9),8",1,2,0.0,False,"(6,7,10),4,1,2-(5,9)-3-8",5,1,3.0,False,-21,
202630092402,2,2歳未勝利,ダ,1100,雨,良,15:20,2026-09-24,門別,10,7,8,2024100963,コバシリデス,牝2,55,05477,黒澤愛斗,1:14.9,2,10-10,41.9,753.5,10,442(-2),a03d6,[地]森山雄大,x0c126,望月章,,,,,,,,,,,,"(1,6),(7,10),4,2-(3,5,9),8",10,1,9.5,False,"(6,7,10),4,1,2-(5,9)-3-8",10,1,15.0,False,-21,
202630092403,3,2歳未勝利,ダ,1200,雨,良,15:55,2026-09-24,門別,1,8,10,2024103563,カセノイーグル,牡2,56,05534,石川倭,1:16.3,,7-3,39.0,1.5,1,542(-2),05311,[地]角川秀樹,759033,平川進,50.0,,,,,,,,,,,"(2,3),(8,11),(5,6),10-(1,4),7,9",7,1,4.5,False,"(2,3),(10,5,8),(6,11)-(4,7,9),1",3,3,1.5,False,-21,
202630092403,3,2歳未勝利,ダ,1200,雨,良,15:55,2026-09-24,門別,2,6,6,2024103945,バラデロ,牡2,56,05601,金山昇馬,1:16.5,1,5-6,39.4,7.0,2,446(+4),05736,[地]佐々木国,077031,佐々井美季,14.0,,,,,,,,,,,"(2,3),(8,11),(5,6),10-(1,4),7,9",5,2,3.0,False,"(2,3),(10,5,8),(6,11)-(4,7,9),1",6,2,3.0,False,-21,
202630092403,3,2歳未勝利,ダ,1200,雨,良,15:55,2026-09-24,門別,3,7,8,2024103106,ナインファースト,牝2,55,05477,黒澤愛斗,1:17.4,4,3-3,40.7,11.6,4,436(-8),05364,[地]柳澤好美,x0a98a,岩田雅之,10.5,,,,,,,,,,,"(2,3),(8,11),(5,6),10-(1,4),7,9",3,2,1.5,False,"(2,3),(10,5,8),(6,11)-(4,7,9),1",3,3,1.5,False,-21,
202630092403,3,2歳未勝利,ダ,1200,雨,良,15:55,2026-09-24,門別,4,4,4,2024104600,サンヨウキャプテン,牡2,56,05502,松井伸也,1:18.1,3,8-8,40.0,17.3,6,528(-6),05512,[地]山田和久,x0af2a,上野孝展,7.0,,,,,,,,,,,"(2,3),(8,11),(5,6),10-(1,4),7,9",8,2,8.0,False,"(2,3),(10,5,8),(6,11)-(4,7,9),1",8,3,6.5,False,-21,
202630092403,3,2歳未勝利,ダ,1200,雨,良,15:55,2026-09-24,門別,5,7,9,2024105715,スルーザレイン,牝2,55,05371,亀井洋司,1:18.2,クビ,11-8,40.0,522.3,11,404(-4),05736,[地]佐々木国,x0afed,佐藤祥悦,3.5,,,,,,,,,,,"(2,3),(8,11),(5,6),10-(1,4),7,9",11,1,11.0,False,"(2,3),(10,5,8),(6,11)-(4,7,9),1",8,3,6.5,False,-21,
202630092403,3,2歳未勝利,ダ,1200,雨,良,15:55,2026-09-24,門別,6,6,7,2024103739,カマンチャカ,牡2,56,05578,落合玄太,1:18.2,ハナ,10-8,40.1,72.8,10,544(-4),05630,[地]田中淳司,877800,（株）ラ・メール,,,,,,,,,,,,"(2,3),(8,11),(5,6),10-(1,4),7,9",10,1,9.5,False,"(2,3),(10,5,8),(6,11)-(4,7,9),1",8,3,6.5,False,-21,
202630092403,3,2歳未勝利,ダ,1200,雨,良,15:55,2026-09-24,門別,7,2,2,2024109054,ミーディアムセラア,牡2,56,05286,服部茂史,1:18.3,1/2,1-1,41.8,7.7,3,544(-2),05301,[地]村上正和,x0c1b5,（株）なかくらふぁ,,,,,,,,,,,,"(2,3),(8,11),(5,6),10-(1,4),7,9",1,2,0.0,False,"(2,3),(10,5,8),(6,11)-(4,7,9),1",1,2,0.0,False,-21,
202630092403,3,2歳未勝利,ダ,1200,雨,良,15:55,2026-09-24,門別,8,5,5,2024102991,クインテットホープ,牡2,55,05686,藤田凌駕,1:18.4,1/2,5-3,41.4,13.8,5,460(+6),05660,[地]斉藤正弘,115034,上田正人,,,,,,,,,,,,"(2,3),(8,11),(5,6),10-(1,4),7,9",5,2,3.0,False,"(2,3),(10,5,8),(6,11)-(4,7,9),1",3,3,1.5,False,-21,
202630092403,3,2歳未勝利,ダ,1200,雨,良,15:55,2026-09-24,門別,9,3,3,2024104258,ハッピーデイ,牡2,56,05685,宮内勇樹,1:18.6,1,1-1,42.0,25.5,7,484(-2),05706,[地]川島洋人,131031,会田裕一,,,,,,,,,,,,"(2,3),(8,11),(5,6),10-(1,4),7,9",1,2,0.0,False,"(2,3),(10,5,8),(6,11)-(4,7,9),1",1,2,0.0,False,-21,
202630092403,3,2歳未勝利,ダ,1200,雨,良,15:55,2026-09-24,門別,10,8,11,2024102368,エレス,牝2,55,05592,小野楓馬,1:19.9,6,3-6,43.1,43.6,8,506(-6),05108,[地]桧森邦夫,508034,廣瀬普,,,,,,,,,,,,"(2,3),(8,11),(5,6),10-(1,4),7,9",3,2,1.5,False,"(2,3),(10,5,8),(6,11)-(4,7,9),1",6,2,3.0,False,-21,
202630092403,3,2歳未勝利,ダ,1200,雨,良,15:55,2026-09-24,門別,11,1,1,2024103034,イナズマレジーナ,牝2,55,05411,桑村真明,1:21.0,5,8-11,42.9,52.9,9,466(-4),05311,[地]角川秀樹,658002,小泉賢悟,,,,,,,,,,,,"(2,3),(8,11),(5,6),10-(1,4),7,9",8,2,8.0,False,"(2,3),(10,5,8),(6,11)-(4,7,9),1",11,1,8.0,False,-21,
202630092404,4,3歳以上C4ー2,ダ,1200,雨,稍重,16:25,2026-09-24,門別,1,7,9,2023101765,グラティアエ,牝3,55,05578,落合玄太,1:15.8,,2-2,39.0,13.6,4,446(-2),05630,[地]田中淳司,190031,須田靖之,40.0,,,,,,,,,,,"3,(1,9),(5,6),(7,10)-8,4,11",2,2,1.5,False,"3,9,6,(1,5),(7,10),8,11,4",2,1,1.5,False,-21,
202630092404,4,3歳以上C4ー2,ダ,1200,雨,稍重,16:25,2026-09-24,門別,2,3,3,2023103874,シュクルリー,牝3,55,05685,宮内勇樹,1:16.0,1,1-1,39.4,1.5,1,452(+20),05706,[地]川島洋人,482002,水上行雄,11.2,,,,,,,,,,,"3,(1,9),(5,6),(7,10)-8,4,11",1,1,0.0,False,"3,9,6,(1,5),(7,10),8,11,4",1,1,0.0,False,-21,
202630092404,4,3歳以上C4ー2,ダ,1200,雨,稍重,16:25,2026-09-24,門別,3,7,8,2023103193,レーヌペスカ,牝3,52,a06c2,小川悠汰,1:16.1,3/4,8-8,38.3,16.3,6,428(+6),05723,[地]川島雅人,x0aa73,山田温子,8.4,,,,,,,,,,,"3,(1,9),(5,6),(7,10)-8,4,11",8,1,8.0,False,"3,9,6,(1,5),(7,10),8,11,4",8,1,7.5,False,-21,
202630092404,4,3歳以上C4ー2,ダ,1200,雨,稍重,16:25,2026-09-24,門別,4,8,10,2023100107,レヴァンターセ,牡3,57,05592,小野楓馬,1:16.7,3,6-6,39.5,3.9,2,478(+6),05688,[地]小野望,781800,（株）リーヴァ,5.6,,,,,,,,,,,"3,(1,9),(5,6),(7,10)-8,4,11",6,2,4.5,False,"3,9,6,(1,5),(7,10),8,11,4",6,2,6.0,False,-21,
202630092404,4,3歳以上C4ー2,ダ,1200,雨,稍重,16:25,2026-09-24,門別,5,5,5,2023105167,ラカーリア,牝3,55,05601,金山昇馬,1:16.8,1/2,4-4,39.8,41.9,8,486(+2),05233,[地]廣森久雄,917031,八嶋長久,2.8,,,,,,,,,,,"3,(1,9),(5,6),(7,10)-8,4,11",4,2,3.0,False,"3,9,6,(1,5),(7,10),8,11,4",4,2,4.5,False,-21,
202630092404,4,3歳以上C4ー2,ダ,1200,雨,稍重,16:25,2026-09-24,門別,6,8,11,2021102112,ピンクシャウラ,牡5,57,05371,亀井洋司,1:17.1,1.1/2,10-9,39.1,259.2,10,524(-4),05512,[地]山田和久,082803,（株）フロンティア,,,,,,,,,,,,"3,(1,9),(5,6),(7,10)-8,4,11",10,1,11.0,False,"3,9,6,(1,5),(7,10),8,11,4",9,1,9.0,False,-21,
202630092404,4,3歳以上C4ー2,ダ,1200,雨,稍重,16:25,2026-09-24,門別,7,6,6,2023105048,ハチキン,牝3,55,05411,桑村真明,1:17.7,3,4-3,40.7,11.7,3,444(+2),05311,[地]角川秀樹,767800,（株）オリオンファ,,,,,,,,,,,,"3,(1,9),(5,6),(7,10)-8,4,11",4,2,3.0,False,"3,9,6,(1,5),(7,10),8,11,4",3,1,3.0,False,-21,
202630092404,4,3歳以上C4ー2,ダ,1200,雨,稍重,16:25,2026-09-24,門別,8,6,7,2023100985,パレホ,牝3,54,05686,藤田凌駕,1:17.7,クビ,6-6,40.4,20.7,7,528(+16),05688,[地]小野望,388033,庄野宏志,,,,,,,,,,,,"3,(1,9),(5,6),(7,10)-8,4,11",6,2,4.5,False,"3,9,6,(1,5),(7,10),8,11,4",6,2,6.0,False,-21,
202630092404,4,3歳以上C4ー2,ダ,1200,雨,稍重,16:25,2026-09-24,門別,9,4,4,2022101809,ウィルアルター,牡4,57,05502,松井伸也,1:18.4,3,9-10,40.4,15.7,5,502(+8),05758,[地]小国博行,900031,前田良平,,,,,,,,,,,,"3,(1,9),(5,6),(7,10)-8,4,11",9,1,9.5,False,"3,9,6,(1,5),(7,10),8,11,4",10,1,10.5,False,-21,
202630092404,4,3歳以上C4ー2,ダ,1200,雨,稍重,16:25,2026-09-24,門別,10,1,1,2023105785,フローズンクイーン,牝3,55,05389,岩橋勇二,1:18.5,1/2,2-4,41.5,106.3,9,416(-6),05790,[地]五十嵐冬,669033,中村智幸,,,,,,,,,,,,"3,(1,9),(5,6),(7,10)-8,4,11",2,2,1.5,False,"3,9,6,(1,5),(7,10),8,11,4",4,2,4.5,False,-21,
202630092404,4,3歳以上C4ー2,ダ,1200,雨,稍重,16:25,2026-09-24,門別,除,2,2,2023101181,ブラストオフ,牡3,57,05286,服部茂史,,,,,---,,計不,05660,[地]斉藤正弘,x0c254,石田誠,,,,,,,,,,,,"3,(1,9),(5,6),(7,10)-8,4,11",,,,,"3,9,6,(1,5),(7,10),8,11,4",,,,,-21,
202630092405,5,3歳以上C4ー2,ダ,1200,曇,稍重,16:55,2026-09-24,門別,1,7,9,2023102372,キングスメッセージ,牡3,57,05534,石川倭,1:15.6,,3-3,38.7,1.0,1,480(0),05758,[地]小国博行,x0ad3a,（株）吉永ファーム,40.0,,,,,,,,,,,"(4,6)-9,11,7,(1,3,10),(2,8),5",3,1,3.5,False,"6,4,(7,9),11,(1,3),10,(2,8),5",3,2,3.0,False,-21,
202630092405,5,3歳以上C4ー2,ダ,1200,曇,稍重,16:55,2026-09-24,門別,2,6,7,2023100986,サンタカリス,牝3,55,05411,桑村真明,1:15.8,1,5-3,38.5,11.0,2,452(+4),05660,[地]斉藤正弘,388033,庄野宏志,11.2,,,,,,,,,,,"(4,6)-9,11,7,(1,3,10),(2,8),5",5,1,6.5,False,"6,4,(7,9),11,(1,3),10,(2,8),5",3,2,3.0,False,-21,
202630092405,5,3歳以上C4ー2,ダ,1200,曇,稍重,16:55,2026-09-24,門別,3,6,6,2023102444,モロノラピド,牡3,57,05578,落合玄太,1:16.2,2,1-1,39.9,16.2,3,488(+8),05630,[地]田中淳司,865031,諸岡勲,8.4,,,,,,,,,,,"(4,6)-9,11,7,(1,3,10),(2,8),5",1,2,0.0,False,"6,4,(7,9),11,(1,3),10,(2,8),5",1,1,0.0,False,-21,
202630092405,5,3歳以上C4ー2,ダ,1200,曇,稍重,16:55,2026-09-24,門別,4,3,3,2020102665,ショウミーザマネー,牝6,55,05601,金山昇馬,1:16.4,1,6-6,38.8,103.8,7,522(+4),05364,[地]柳澤好美,863033,成富直行,5.6,,,,,,,,,,,"(4,6)-9,11,7,(1,3,10),(2,8),5",6,3,8.0,False,"6,4,(7,9),11,(1,3),10,(2,8),5",6,2,6.0,False,-21,
202630092405,5,3歳以上C4ー2,ダ,1200,曇,稍重,16:55,2026-09-24,門別,5,7,8,2021102432,タイガーハート,牡5,54,a05aa,渡辺準己,1:16.6,1,9-9,38.7,999.9,11,432(+4),05749,[地]櫻井拓章,710031,小林茂子,2.8,,,,,,,,,,,"(4,6)-9,11,7,(1,3,10),(2,8),5",9,2,9.5,False,"6,4,(7,9),11,(1,3),10,(2,8),5",9,2,9.0,False,-21,
202630092405,5,3歳以上C4ー2,ダ,1200,曇,稍重,16:55,2026-09-24,門別,6,1,1,2023106112,マイラヴノリピー,牝3,55,05389,岩橋勇二,1:16.6,アタマ,6-6,39.0,17.5,4,476(+22),05630,[地]田中淳司,891031,中谷典生,,,,,,,,,,,,"(4,6)-9,11,7,(1,3,10),(2,8),5",6,3,8.0,False,"6,4,(7,9),11,(1,3),10,(2,8),5",6,2,6.0,False,-21,
202630092405,5,3歳以上C4ー2,ダ,1200,曇,稍重,16:55,2026-09-24,門別,7,8,11,2023105090,ヘリオポリス,牡3,57,05502,松井伸也,1:17.5,4,4-5,40.4,19.2,5,464(+8),a02e6,[地]黒川智貴,x0ba59,小島悠平,,,,,,,,,,,,"(4,6)-9,11,7,(1,3,10),(2,8),5",4,1,5.0,False,"6,4,(7,9),11,(1,3),10,(2,8),5",5,1,4.5,False,-21,
202630092405,5,3歳以上C4ー2,ダ,1200,曇,稍重,16:55,2026-09-24,門別,8,8,10,2023100601,ケイトバローズ,牝3,52,a06c2,小川悠汰,1:18.0,2.1/2,6-8,40.4,385.1,9,466(-2),05688,[地]小野望,415030,松岡研司,,,,,,,,,,,,"(4,6)-9,11,7,(1,3,10),(2,8),5",6,3,8.0,False,"6,4,(7,9),11,(1,3),10,(2,8),5",8,1,7.5,False,-21,
202630092405,5,3歳以上C4ー2,ダ,1200,曇,稍重,16:55,2026-09-24,門別,9,4,4,2023103161,エメラルファイン,セ3,57,05592,小野楓馬,1:18.4,2,1-2,42.1,52.2,6,480(+6),05688,[地]小野望,630006,高橋勉,,,,,,,,,,,,"(4,6)-9,11,7,(1,3,10),(2,8),5",1,2,0.0,False,"6,4,(7,9),11,(1,3),10,(2,8),5",2,1,1.5,False,-21,
202630092405,5,3歳以上C4ー2,ダ,1200,曇,稍重,16:55,2026-09-24,門別,10,2,2,2023104595,フックセンチョウ,牡3,57,05477,黒澤愛斗,1:18.4,クビ,9-9,40.6,303.6,8,440(+4),a03d6,[地]森山雄大,338006,江川伸夫,,,,,,,,,,,,"(4,6)-9,11,7,(1,3,10),(2,8),5",9,2,9.5,False,"6,4,(7,9),11,(1,3),10,(2,8),5",9,2,9.0,False,-21,
202630092405,5,3歳以上C4ー2,ダ,1200,曇,稍重,16:55,2026-09-24,門別,11,5,5,2023102734,シラカワゴウ,牝3,55,05608,若杉朝飛,1:18.8,2,11-11,40.8,928.8,10,504(+6),05749,[地]櫻井拓章,x06320,萩澤俊雄,,,,,,,,,,,,"(4,6)-9,11,7,(1,3,10),(2,8),5",11,1,11.0,False,"6,4,(7,9),11,(1,3),10,(2,8),5",11,1,10.5,False,-21,
202630092406,6,3歳以上C3ー2C4,ダ,1600,曇,稍重,17:30,2026-09-24,門別,1,7,7,2023105393,ブラストブラック,牡3,57,05578,落合玄太,1:44.0,,1-1-1-1,40.0,1.6,1,470(0),05630,[地]田中淳司,547800,（株）ヒダカ・ブリ,40.0,"7,(1,6),4,(3,5)=2",1,1,0.0,False,"7,6,(1,4),5,3=2",1,1,0.0,False,"7,(6,5)-4,(1,3,2)",1,1,0.0,False,"7-(6,5)-(1,4,3,2)",1,1,0.0,False,-21,
202630092406,6,3歳以上C3ー2C4,ダ,1600,曇,稍重,17:30,2026-09-24,門別,2,5,5,2023104423,ウィルミスチヴァス,牡3,57,05534,石川倭,1:45.3,6,5-5-2-2,41.3,2.7,2,474(0),05758,[地]小国博行,900031,前田良平,11.2,"7,(1,6),4,(3,5)=2",5,2,4.5,False,"7,6,(1,4),5,3=2",5,1,4.5,False,"7,(6,5)-4,(1,3,2)",2,2,1.5,False,"7-(6,5)-(1,4,3,2)",2,2,3.5,False,-21,
202630092406,6,3歳以上C3ー2C4,ダ,1600,曇,稍重,17:30,2026-09-24,門別,3,6,6,2023105056,マッスルチャミー,牝3,55,05492,阿部龍,1:45.8,2.1/2,2-2-2-2,41.8,4.8,3,496(+6),05790,[地]五十嵐冬,501031,高篠憲一,8.4,"7,(1,6),4,(3,5)=2",2,2,1.5,False,"7,6,(1,4),5,3=2",2,1,1.5,False,"7,(6,5)-4,(1,3,2)",2,2,1.5,False,"7-(6,5)-(1,4,3,2)",2,2,3.5,False,-21,
202630092406,6,3歳以上C3ー2C4,ダ,1600,曇,稍重,17:30,2026-09-24,門別,4,1,1,2022107304,エムピーフリップ,牡4,54,a06c2,小川悠汰,1:46.0,1,2-3-5-4,41.0,58.7,6,480(+22),05660,[地]斉藤正弘,115034,上田正人,5.6,"7,(1,6),4,(3,5)=2",2,2,1.5,False,"7,6,(1,4),5,3=2",3,2,3.0,False,"7,(6,5)-4,(1,3,2)",5,3,6.5,False,"7-(6,5)-(1,4,3,2)",4,4,7.0,False,-21,
202630092406,6,3歳以上C3ー2C4,ダ,1600,曇,稍重,17:30,2026-09-24,門別,5,4,4,2022102661,ミッションアイズ,牡4,57,05502,松井伸也,1:46.0,ハナ,4-3-4-4,41.4,140.6,7,452(+2),05108,[地]桧森邦夫,165803,（同）ＪＰＮ技研,2.8,"7,(1,6),4,(3,5)=2",4,1,3.0,False,"7,6,(1,4),5,3=2",3,2,3.0,False,"7,(6,5)-4,(1,3,2)",4,1,5.0,False,"7-(6,5)-(1,4,3,2)",4,4,7.0,False,-21,
202630092406,6,3歳以上C3ー2C4,ダ,1600,曇,稍重,17:30,2026-09-24,門別,6,3,3,2022102563,メイショウゲキハ,セ4,54,a05aa,渡辺準己,1:46.1,1/2,5-6-5-4,41.1,42.4,5,528(+8),05630,[地]田中淳司,911008,松本好隆,,"7,(1,6),4,(3,5)=2",5,2,4.5,False,"7,6,(1,4),5,3=2",6,1,6.0,False,"7,(6,5)-4,(1,3,2)",5,3,6.5,False,"7-(6,5)-(1,4,3,2)",4,4,7.0,False,-21,
202630092406,6,3歳以上C3ー2C4,ダ,1600,曇,稍重,17:30,2026-09-24,門別,7,2,2,2022102990,ベイストラトラ,牡4,57,05411,桑村真明,1:46.5,2,7-7-5-4,41.4,36.3,4,498(-2),05108,[地]桧森邦夫,165803,（同）ＪＰＮ技研,,"7,(1,6),4,(3,5)=2",7,1,10.5,False,"7,6,(1,4),5,3=2",7,1,12.0,False,"7,(6,5)-4,(1,3,2)",5,3,6.5,False,"7-(6,5)-(1,4,3,2)",4,4,7.0,False,-21,
202630092407,7,3歳以上C3ー2C4,ダ,1800,曇,稍重,18:00,2026-09-24,門別,1,5,5,2022106492,カムイノウタゲ,牡4,57,05371,亀井洋司,1:58.3,,8-8-3-3,38.8,24.2,5,478(+4),05364,[地]柳澤好美,617008,高橋和磨,40.0,"(6,8)-(3,9)-(2,7),4,5-1",8,1,10.0,False,"8,6-(3,9),7,2,4,5=1",8,1,11.0,False,"6,8-(7,9,5),(3,2,4)=1",3,3,5.0,False,"6,7,5,2-(4,9),8-3=1",3,1,3.0,False,-21,
202630092407,7,3歳以上C3ー2C4,ダ,1800,曇,稍重,18:00,2026-09-24,門別,2,7,7,2023103776,フォーティンブラス,牡3,57,05286,服部茂史,1:58.7,2,5-5-3-2,39.4,3.0,2,460(+4),05630,[地]田中淳司,808800,（株）Ｇ１レーシン,11.2,"(6,8)-(3,9)-(2,7),4,5-1",5,2,7.0,False,"8,6-(3,9),7,2,4,5=1",5,1,6.5,False,"6,8-(7,9,5),(3,2,4)=1",3,3,5.0,False,"6,7,5,2-(4,9),8-3=1",2,1,1.5,False,-21,
202630092407,7,3歳以上C3ー2C4,ダ,1800,曇,稍重,18:00,2026-09-24,門別,3,6,6,2023105649,コーディアリティ,牡3,57,05592,小野楓馬,1:59.3,3,1-2-1-1,40.7,3.4,3,524(+2),05630,[地]田中淳司,482002,水上行雄,8.4,"(6,8)-(3,9)-(2,7),4,5-1",1,2,0.0,False,"8,6-(3,9),7,2,4,5=1",2,1,1.5,False,"6,8-(7,9,5),(3,2,4)=1",1,1,0.0,False,"6,7,5,2-(4,9),8-3=1",1,1,0.0,False,-21,
202630092407,7,3歳以上C3ー2C4,ダ,1800,曇,稍重,18:00,2026-09-24,門別,4,4,4,2022105608,ドクターストップ,牝4,55,05685,宮内勇樹,1:59.6,1.1/2,7-7-6-5,40.0,15.9,4,464(+2),05453,[地]松本隆宏,x012ab,新井誠,5.6,"(6,8)-(3,9)-(2,7),4,5-1",7,1,8.5,False,"8,6-(3,9),7,2,4,5=1",7,1,9.5,False,"6,8-(7,9,5),(3,2,4)=1",6,3,6.5,False,"6,7,5,2-(4,9),8-3=1",5,2,8.0,False,-21,
202630092407,7,3歳以上C3ー2C4,ダ,1800,曇,稍重,18:00,2026-09-24,門別,5,2,2,2023102489,ペプチドエレノア,セ3,57,05389,岩橋勇二,1:59.6,アタマ,5-6-6-4,40.0,2.0,1,498(-4),05630,[地]田中淳司,055030,岡田隆寛,2.8,"(6,8)-(3,9)-(2,7),4,5-1",5,2,7.0,False,"8,6-(3,9),7,2,4,5=1",6,1,8.0,False,"6,8-(7,9,5),(3,2,4)=1",6,3,6.5,False,"6,7,5,2-(4,9),8-3=1",4,1,4.5,False,-21,
202630092407,7,3歳以上C3ー2C4,ダ,1800,曇,稍重,18:00,2026-09-24,門別,6,8,9,2023100318,バッハ,牡3,54,a05aa,渡辺準己,2:01.0,7,3-3-3-5,41.5,122.9,8,488(+10),a03d6,[地]森山雄大,393803,ＫＡＪＩＭＯＴＯＨ,,"(6,8)-(3,9)-(2,7),4,5-1",3,2,3.5,False,"8,6-(3,9),7,2,4,5=1",3,2,5.0,False,"6,8-(7,9,5),(3,2,4)=1",3,3,5.0,False,"6,7,5,2-(4,9),8-3=1",5,2,8.0,False,-21,
202630092407,7,3歳以上C3ー2C4,ダ,1800,曇,稍重,18:00,2026-09-24,門別,7,3,3,2021101257,マリノロマンス,牝5,55,05601,金山昇馬,2:01.3,1.1/2,3-3-6-8,41.6,38.1,6,446(+4),05790,[地]五十嵐冬,x09817,サンエツ企画（有）,,"(6,8)-(3,9)-(2,7),4,5-1",3,2,3.5,False,"8,6-(3,9),7,2,4,5=1",3,2,5.0,False,"6,8-(7,9,5),(3,2,4)=1",6,3,6.5,False,"6,7,5,2-(4,9),8-3=1",8,1,13.0,False,-21,
202630092407,7,3歳以上C3ー2C4,ダ,1800,曇,稍重,18:00,2026-09-24,門別,8,1,1,2018105013,ブッシュドノエル,牝8,55,05477,黒澤愛斗,2:04.1,大,9-9-9-9,42.2,384.9,9,442(+6),05364,[地]柳澤好美,x0a6ba,組）リノレーシング,,"(6,8)-(3,9)-(2,7),4,5-1",9,1,13.5,False,"8,6-(3,9),7,2,4,5=1",9,1,17.0,False,"6,8-(7,9,5),(3,2,4)=1",9,1,12.5,False,"6,7,5,2-(4,9),8-3=1",9,1,19.0,False,-21,
202630092407,7,3歳以上C3ー2C4,ダ,1800,曇,稍重,18:00,2026-09-24,門別,9,8,8,2022104571,アンエクスプロード,牡4,57,05502,松井伸也,2:06.6,大,1-1-2-7,47.6,94.8,7,532(+14),05736,[地]佐々木国,133031,山口謙太郎,,"(6,8)-(3,9)-(2,7),4,5-1",1,2,0.0,False,"8,6-(3,9),7,2,4,5=1",1,1,0.0,False,"6,8-(7,9,5),(3,2,4)=1",2,1,1.5,False,"6,7,5,2-(4,9),8-3=1",7,1,9.5,False,-21,
202630092408,8,3歳以上C3ー2C4,ダ,1700,曇,稍重,18:35,2026-09-24,門別,1,7,7,2021106966,マジックライン,牡5,57,05601,金山昇馬,1:51.4,,10-9-6-4,38.4,11.1,5,494(+2),05460,[地]佐藤英明,277008,柳橋俊昭,40.0,"6,3,(5,8),2,(1,4,10)-9,7",10,1,11.0,False,"6,(3,8),(2,5),10,4,1,(7,9)",9,2,9.0,False,"6-3,(2,8),10,(1,5,7),4,9",6,3,8.0,False,"6,(3,8),(2,7),5,1,(4,10)=9",4,2,3.0,False,-21,
202630092408,8,3歳以上C3ー2C4,ダ,1700,曇,稍重,18:35,2026-09-24,門別,2,6,6,2023101017,アクアトレジャー,牡3,57,05685,宮内勇樹,1:51.5,3/4,1-1-1-1,39.2,9.6,3,486(-2),05453,[地]松本隆宏,x0751c,（有）新生ファーム,11.2,"6,3,(5,8),2,(1,4,10)-9,7",1,1,0.0,False,"6,(3,8),(2,5),10,4,1,(7,9)",1,1,0.0,False,"6-3,(2,8),10,(1,5,7),4,9",1,1,0.0,False,"6,(3,8),(2,7),5,1,(4,10)=9",1,1,0.0,False,-21,
202630092408,8,3歳以上C3ー2C4,ダ,1700,曇,稍重,18:35,2026-09-24,門別,3,3,3,2023103638,ホウオウミンスター,牡3,57,05578,落合玄太,1:51.6,1/2,2-2-2-2,39.0,1.4,1,506(0),05630,[地]田中淳司,906033,小笹芳央,8.4,"6,3,(5,8),2,(1,4,10)-9,7",2,1,1.5,False,"6,(3,8),(2,5),10,4,1,(7,9)",2,2,1.5,False,"6-3,(2,8),10,(1,5,7),4,9",2,1,3.5,False,"6,(3,8),(2,7),5,1,(4,10)=9",2,2,1.5,False,-21,
202630092408,8,3歳以上C3ー2C4,ダ,1700,曇,稍重,18:35,2026-09-24,門別,4,4,4,2022105980,シンデレラダッシュ,牝4,55,05286,服部茂史,1:52.1,2.1/2,6-7-9-8,38.7,20.1,6,472(+4),05630,[地]田中淳司,350031,小林昌子,5.6,"6,3,(5,8),2,(1,4,10)-9,7",6,3,6.0,False,"6,(3,8),(2,5),10,4,1,(7,9)",7,1,6.0,False,"6-3,(2,8),10,(1,5,7),4,9",9,1,9.5,False,"6,(3,8),(2,7),5,1,(4,10)=9",8,2,7.5,False,-21,
202630092408,8,3歳以上C3ー2C4,ダ,1700,曇,稍重,18:35,2026-09-24,門別,5,7,8,2023102021,ゴールドアイリーン,牝3,55,05389,岩橋勇二,1:52.2,1/2,3-2-3-2,39.4,6.8,2,514(-2),05758,[地]小国博行,345033,増田和啓,2.8,"6,3,(5,8),2,(1,4,10)-9,7",3,2,3.0,False,"6,(3,8),(2,5),10,4,1,(7,9)",2,2,1.5,False,"6-3,(2,8),10,(1,5,7),4,9",3,2,5.0,False,"6,(3,8),(2,7),5,1,(4,10)=9",2,2,1.5,False,-21,
202630092408,8,3歳以上C3ー2C4,ダ,1700,曇,稍重,18:35,2026-09-24,門別,6,5,5,2021104890,ロンギングドルチェ,牝5,55,05492,阿部龍,1:52.7,2.1/2,3-4-6-6,39.6,195.8,10,502(+6),05364,[地]柳澤好美,x0b9a1,木村明彦,,"6,3,(5,8),2,(1,4,10)-9,7",3,2,3.0,False,"6,(3,8),(2,5),10,4,1,(7,9)",4,2,3.0,False,"6-3,(2,8),10,(1,5,7),4,9",6,3,8.0,False,"6,(3,8),(2,7),5,1,(4,10)=9",6,1,4.5,False,-21,
202630092408,8,3歳以上C3ー2C4,ダ,1700,曇,稍重,18:35,2026-09-24,門別,7,2,2,2023105799,アクシズ,牡3,57,05534,石川倭,1:53.8,5,5-4-3-4,41.0,36.4,8,444(0),05790,[地]五十嵐冬,669033,中村智幸,,"6,3,(5,8),2,(1,4,10)-9,7",5,1,4.5,False,"6,(3,8),(2,5),10,4,1,(7,9)",4,2,3.0,False,"6-3,(2,8),10,(1,5,7),4,9",3,2,5.0,False,"6,(3,8),(2,7),5,1,(4,10)=9",4,2,3.0,False,-21,
202630092408,8,3歳以上C3ー2C4,ダ,1700,曇,稍重,18:35,2026-09-24,門別,8,8,10,2023101208,キボウハホウショウ,牡3,57,05371,亀井洋司,1:53.9,1/2,6-6-5-8,40.8,34.5,7,522(+12),05736,[地]佐々木国,x0b70f,（株）邦昇,,"6,3,(5,8),2,(1,4,10)-9,7",6,3,6.0,False,"6,(3,8),(2,5),10,4,1,(7,9)",6,1,4.5,False,"6-3,(2,8),10,(1,5,7),4,9",5,1,6.5,False,"6,(3,8),(2,7),5,1,(4,10)=9",8,2,7.5,False,-21,
202630092408,8,3歳以上C3ー2C4,ダ,1700,曇,稍重,18:35,2026-09-24,門別,9,1,1,2022100118,スイートキャンディ,牝4,52,a06c2,小川悠汰,1:54.0,1/2,6-8-6-7,40.8,11.1,4,486(+2),05551,[地]石本孝博,910002,加藤鈴幸,,"6,3,(5,8),2,(1,4,10)-9,7",6,3,6.0,False,"6,(3,8),(2,5),10,4,1,(7,9)",8,1,7.5,False,"6-3,(2,8),10,(1,5,7),4,9",6,3,8.0,False,"6,(3,8),(2,7),5,1,(4,10)=9",7,1,6.0,False,-21,
202630092408,8,3歳以上C3ー2C4,ダ,1700,曇,稍重,18:35,2026-09-24,門別,10,8,9,2023106805,ギルランダ,牝3,55,05477,黒澤愛斗,1:58.5,大,9-9-10-10,44.8,108.1,9,438(-4),a03d6,[地]森山雄大,x08ea3,高橋真紀,,"6,3,(5,8),2,(1,4,10)-9,7",9,1,9.5,False,"6,(3,8),(2,5),10,4,1,(7,9)",9,2,9.0,False,"6-3,(2,8),10,(1,5,7),4,9",10,1,11.0,False,"6,(3,8),(2,7),5,1,(4,10)=9",10,1,13.5,False,-21,
202630092409,9,キキョウ特別,ダ,1000,曇,稍重,19:10,2026-09-24,門別,1,2,2,2024103774,ダバイクリスタル,牝2,55,05578,落合玄太,1:01.8,,4-3,37.2,3.1,2,478(-2),05660,[地]斉藤正弘,382803,（株）本城,65.0,,,,,,,,,,,"(1,7,8),(2,6),4,(3,5)",4,2,1.5,False,"(7,8),(1,2),(4,6)-(3,5)",3,2,1.5,False,-21,
202630092409,9,キキョウ特別,ダ,1000,曇,稍重,19:10,2026-09-24,門別,2,4,4,2024104002,レイアップスリー,牡2,56,05534,石川倭,1:01.9,1/2,6-5,36.9,1.5,1,458(+2),05509,[地]米川昇,246002,芳住革二,18.2,,,,,,,,,,,"(1,7,8),(2,6),4,(3,5)",6,1,3.0,False,"(7,8),(1,2),(4,6)-(3,5)",5,2,3.0,False,-21,
202630092409,9,キキョウ特別,ダ,1000,曇,稍重,19:10,2026-09-24,門別,3,7,7,2024101571,キモサベ,牝2,55,05592,小野楓馬,1:02.0,3/4,1-1,37.6,5.4,3,462(+4),05688,[地]小野望,x0ae02,鈴木道隆,13.7,,,,,,,,,,,"(1,7,8),(2,6),4,(3,5)",1,3,0.0,False,"(7,8),(1,2),(4,6)-(3,5)",1,2,0.0,False,-21,
202630092409,9,キキョウ特別,ダ,1000,曇,稍重,19:10,2026-09-24,門別,4,8,8,2024100809,レディニキータ,牝2,55,05685,宮内勇樹,1:03.2,6,1-1,38.8,196.9,8,464(-2),05706,[地]川島洋人,368803,ウエスト．フォレスト,9.1,,,,,,,,,,,"(1,7,8),(2,6),4,(3,5)",1,3,0.0,False,"(7,8),(1,2),(4,6)-(3,5)",1,2,0.0,False,-21,
202630092409,9,キキョウ特別,ダ,1000,曇,稍重,19:10,2026-09-24,門別,5,5,5,2024100549,ハンドクラップ,牝2,55,05502,松井伸也,1:03.3,1/2,7-7,37.7,126.2,7,480(+6),05551,[地]石本孝博,x0751c,（有）新生ファーム,4.5,,,,,,,,,,,"(1,7,8),(2,6),4,(3,5)",7,2,4.5,False,"(7,8),(1,2),(4,6)-(3,5)",7,2,6.5,False,-21,
202630092409,9,キキョウ特別,ダ,1000,曇,稍重,19:10,2026-09-24,門別,6,3,3,2024100545,リヴァモアザン,牝2,55,05477,黒澤愛斗,1:03.8,2.1/2,7-7,38.3,19.9,4,426(+8),a03d6,[地]森山雄大,168031,渋谷健作,,,,,,,,,,,,"(1,7,8),(2,6),4,(3,5)",7,2,4.5,False,"(7,8),(1,2),(4,6)-(3,5)",7,2,6.5,False,-21,
202630092409,9,キキョウ特別,ダ,1000,曇,稍重,19:10,2026-09-24,門別,7,1,1,2024101254,リコーレイダー,牝2,55,05286,服部茂史,1:04.7,4,1-3,40.2,23.0,5,474(+6),05706,[地]川島洋人,444034,土橋正雄,,,,,,,,,,,,"(1,7,8),(2,6),4,(3,5)",1,3,0.0,False,"(7,8),(1,2),(4,6)-(3,5)",3,2,1.5,False,-21,
202630092409,9,キキョウ特別,ダ,1000,曇,稍重,19:10,2026-09-24,門別,8,6,6,2024104747,ヴィルミーチャン,牝2,55,05601,金山昇馬,1:04.9,1,4-5,40.3,91.0,6,440(+4),05364,[地]柳澤好美,x0a1d4,廣田優生,,,,,,,,,,,,"(1,7,8),(2,6),4,(3,5)",4,2,1.5,False,"(7,8),(1,2),(4,6)-(3,5)",5,2,3.0,False,-21,
202630092410,10,グランシャリオドリー,ダ,1200,曇,稍重,19:40,2026-09-24,門別,1,2,2,2024102187,デルピエロ,牡2,56,05389,岩橋勇二,1:14.6,,6-4,37.1,1.5,1,494(+2),05311,[地]角川秀樹,767800,（株）オリオンファ,65.0,,,,,,,,,,,"5,7-(3,4),6,(2,8)-1",6,2,8.0,False,"5,(7,4),(2,6),(3,8),1",4,2,3.0,False,-21,
202630092410,10,グランシャリオドリー,ダ,1200,曇,稍重,19:40,2026-09-24,門別,2,5,5,2024102077,ローマンリープ,牝2,55,05685,宮内勇樹,1:15.2,3,1-1,38.7,23.3,6,470(-4),05706,[地]川島洋人,102800,（有）ターフ・スポ,18.2,,,,,,,,,,,"5,7-(3,4),6,(2,8)-1",1,1,0.0,False,"5,(7,4),(2,6),(3,8),1",1,1,0.0,False,-21,
202630092410,10,グランシャリオドリー,ダ,1200,曇,稍重,19:40,2026-09-24,門別,3,4,4,2024101844,エイシンスーリヤ,牡2,56,05286,服部茂史,1:15.5,1.1/2,3-2,38.3,13.1,4,524(+2),05630,[地]田中淳司,318033,平井克彦,13.7,,,,,,,,,,,"5,7-(3,4),6,(2,8)-1",3,2,5.0,False,"5,(7,4),(2,6),(3,8),1",2,2,1.5,False,-21,
202630092410,10,グランシャリオドリー,ダ,1200,曇,稍重,19:40,2026-09-24,門別,4,6,6,2024105803,ナーランガ,牡2,56,05411,桑村真明,1:15.6,1/2,5-4,38.2,6.2,3,488(+12),05311,[地]角川秀樹,758005,吉田照哉,9.1,,,,,,,,,,,"5,7-(3,4),6,(2,8)-1",5,1,6.5,False,"5,(7,4),(2,6),(3,8),1",4,2,3.0,False,-21,
202630092410,10,グランシャリオドリー,ダ,1200,曇,稍重,19:40,2026-09-24,門別,5,1,1,2024108171,レギュム,牝2,55,05534,石川倭,1:15.6,アタマ,8-8,37.3,69.2,8,440(-2),05301,[地]村上正和,x0b88a,高野良美,4.5,,,,,,,,,,,"5,7-(3,4),6,(2,8)-1",8,1,11.5,False,"5,(7,4),(2,6),(3,8),1",8,1,6.0,False,-21,
202630092410,10,グランシャリオドリー,ダ,1200,曇,稍重,19:40,2026-09-24,門別,6,7,7,2024100550,ウィンターキャビン,牡2,56,05601,金山昇馬,1:16.0,2,2-2,39.3,14.3,5,472(+6),05311,[地]角川秀樹,x0751c,（有）新生ファーム,,,,,,,,,,,,"5,7-(3,4),6,(2,8)-1",2,1,1.5,False,"5,(7,4),(2,6),(3,8),1",2,2,1.5,False,-21,
202630092410,10,グランシャリオドリー,ダ,1200,曇,稍重,19:40,2026-09-24,門別,7,8,8,2024101748,チャーター,牡2,56,05578,落合玄太,1:16.2,1,6-6,38.5,4.6,2,482(+6),05790,[地]五十嵐冬,x0ab0f,衣斐昭代,,,,,,,,,,,,"5,7-(3,4),6,(2,8)-1",6,2,8.0,False,"5,(7,4),(2,6),(3,8),1",6,2,4.5,False,-21,
202630092410,10,グランシャリオドリー,ダ,1200,曇,稍重,19:40,2026-09-24,門別,8,3,3,2024107255,マホウ,牝2,55,05592,小野楓馬,1:17.0,4,3-6,39.6,24.2,7,452(+14),05688,[地]小野望,416031,下川欣一,,,,,,,,,,,,"5,7-(3,4),6,(2,8)-1",3,2,5.0,False,"5,(7,4),(2,6),(3,8),1",6,2,4.5,False,-21,
202630092411,11,日高地区連合会特別(OP),ダ,1200,曇,稍重,20:15,2026-09-24,門別,1,8,8,2024107271,プレストジュピター,牝2,55,05686,藤田凌駕,1:14.6,,5-4,37.6,23.1,6,486(+8),05706,[地]川島洋人,116803,（有）ランドエコノ,100.0,,,,,,,,,,,"2,4,(3,6),8,(1,5),(7,9)",5,1,4.5,False,"2,(3,4),(8,6)=5,(1,9),7",4,2,3.0,False,-21,
202630092411,11,日高地区連合会特別(OP),ダ,1200,曇,稍重,20:15,2026-09-24,門別,2,2,2,2024109031,ピンクゴールド,牝2,55,05592,小野楓馬,1:14.6,ハナ,1-1,38.4,5.0,4,470(+16),05688,[地]小野望,822033,和田博美,28.0,,,,,,,,,,,"2,4,(3,6),8,(1,5),(7,9)",1,1,0.0,False,"2,(3,4),(8,6)=5,(1,9),7",1,1,0.0,False,-21,
202630092411,11,日高地区連合会特別(OP),ダ,1200,曇,稍重,20:15,2026-09-24,門別,3,4,4,2024100319,ハカタヴァンクール,牡2,56,05389,岩橋勇二,1:14.7,1/2,2-2,38.3,4.4,2,490(+2),05630,[地]田中淳司,x09bf5,廣松光成,21.0,,,,,,,,,,,"2,4,(3,6),8,(1,5),(7,9)",2,1,1.5,False,"2,(3,4),(8,6)=5,(1,9),7",2,2,1.5,False,-21,
202630092411,11,日高地区連合会特別(OP),ダ,1200,曇,稍重,20:15,2026-09-24,門別,4,3,3,2024105468,エイシンフロイデ,牡2,56,05534,石川倭,1:15.0,1.1/2,3-2,38.2,2.6,1,520(+8),05301,[地]村上正和,318033,平井克彦,14.0,,,,,,,,,,,"2,4,(3,6),8,(1,5),(7,9)",3,2,3.0,False,"2,(3,4),(8,6)=5,(1,9),7",2,2,1.5,False,-21,
202630092411,11,日高地区連合会特別(OP),ダ,1200,曇,稍重,20:15,2026-09-24,門別,5,8,9,2024105459,シリントーン,牝2,55,05601,金山昇馬,1:15.2,1,8-7,37.2,4.8,3,432(-2),05723,[地]川島雅人,367033,杉浦和也,7.0,,,,,,,,,,,"2,4,(3,6),8,(1,5),(7,9)",8,2,7.5,False,"2,(3,4),(8,6)=5,(1,9),7",7,2,10.5,False,-21,
202630092411,11,日高地区連合会特別(OP),ダ,1200,曇,稍重,20:15,2026-09-24,門別,6,7,7,2024107417,ニシケンタヅ,牡2,56,05371,亀井洋司,1:16.0,4,8-9,38.0,85.3,8,492(+4),05758,[地]小国博行,677009,西森鶴,,,,,,,,,,,,"2,4,(3,6),8,(1,5),(7,9)",8,2,7.5,False,"2,(3,4),(8,6)=5,(1,9),7",9,1,12.0,False,-21,
202630092411,11,日高地区連合会特別(OP),ダ,1200,曇,稍重,20:15,2026-09-24,門別,7,5,5,2024105549,ヴァンフロール,牡2,56,05286,服部茂史,1:16.1,1/2,6-6,38.5,6.4,5,510(-16),05630,[地]田中淳司,991030,吉野加壽代,,,,,,,,,,,,"2,4,(3,6),8,(1,5),(7,9)",6,2,6.0,False,"2,(3,4),(8,6)=5,(1,9),7",6,1,9.0,False,-21,
202630092411,11,日高地区連合会特別(OP),ダ,1200,曇,稍重,20:15,2026-09-24,門別,8,1,1,2024104226,ファイヤーパターン,牝2,55,05578,落合玄太,1:16.6,2.1/2,6-7,38.8,30.0,7,432(+10),05630,[地]田中淳司,055030,岡田隆寛,,,,,,,,,,,,"2,4,(3,6),8,(1,5),(7,9)",6,2,6.0,False,"2,(3,4),(8,6)=5,(1,9),7",7,2,10.5,False,-21,
202630092411,11,日高地区連合会特別(OP),ダ,1200,曇,稍重,20:15,2026-09-24,門別,9,6,6,2024100355,サザンフラワー,牝2,55,05685,宮内勇樹,1:17.4,4,3-4,40.7,166.9,9,440(-2),05706,[地]川島洋人,096006,村山忠弘,,,,,,,,,,,,"2,4,(3,6),8,(1,5),(7,9)",3,2,3.0,False,"2,(3,4),(8,6)=5,(1,9),7",4,2,3.0,False,-21,
202630092412,12,連合北海道日高地域協,ダ,1000,曇,稍重,20:50,2026-09-24,門別,1,7,8,2022103981,ワンダーウーマン,牝4,54,05477,黒澤愛斗,1:00.5,,1-1,36.5,2.7,2,516(0),05551,[地]石本孝博,910002,加藤鈴幸,200.0,,,,,,,,,,,"8,7,9,(2,4,5),(1,3,6,10)",1,1,0.0,False,"(8,7)-9,(2,10),(4,5),(3,6)-1",1,2,0.0,False,-21,
202630092412,12,連合北海道日高地域協,ダ,1000,曇,稍重,20:50,2026-09-24,門別,2,7,7,2022102854,リオンダリーナ,牝4,53,05578,落合玄太,1:00.6,3/4,2-1,36.4,2.0,1,460(0),05758,[地]小国博行,x0b760,澤風哉,56.0,,,,,,,,,,,"8,7,9,(2,4,5),(1,3,6,10)",2,1,1.5,False,"(8,7)-9,(2,10),(4,5),(3,6)-1",1,2,0.0,False,-21,
202630092412,12,連合北海道日高地域協,ダ,1000,曇,稍重,20:50,2026-09-24,門別,3,5,5,2021100918,ジャイロ,牡5,56,05534,石川倭,1:01.1,2.1/2,4-6,36.4,11.5,4,492(+2),05301,[地]村上正和,x09ddb,近藤光将,42.0,,,,,,,,,,,"8,7,9,(2,4,5),(1,3,6,10)",4,3,4.5,False,"(8,7)-9,(2,10),(4,5),(3,6)-1",6,2,6.5,False,-21,
202630092412,12,連合北海道日高地域協,ダ,1000,曇,稍重,20:50,2026-09-24,門別,4,8,10,2020106369,カッパギ,牡6,55,05411,桑村真明,1:01.2,クビ,7-4,36.2,8.8,3,466(0),05311,[地]角川秀樹,767800,（株）オリオンファ,28.0,,,,,,,,,,,"8,7,9,(2,4,5),(1,3,6,10)",7,4,6.0,False,"(8,7)-9,(2,10),(4,5),(3,6)-1",4,2,5.0,False,-21,
202630092412,12,連合北海道日高地域協,ダ,1000,曇,稍重,20:50,2026-09-24,門別,5,2,2,2020101411,リコシェ,牝6,53,a06c2,小川悠汰,1:01.2,アタマ,4-4,36.5,54.2,8,506(+6),05736,[地]佐々木国,317803,トーケンサービス（,14.0,,,,,,,,,,,"8,7,9,(2,4,5),(1,3,6,10)",4,3,4.5,False,"(8,7)-9,(2,10),(4,5),(3,6)-1",4,2,5.0,False,-21,
202630092412,12,連合北海道日高地域協,ダ,1000,曇,稍重,20:50,2026-09-24,門別,6,6,6,2021106136,モノノフブラック,牝5,53,05592,小野楓馬,1:01.4,1,7-8,36.4,19.3,6,468(+2),05453,[地]松本隆宏,368803,ウエスト．フォレスト,,,,,,,,,,,,"8,7,9,(2,4,5),(1,3,6,10)",7,4,6.0,False,"(8,7)-9,(2,10),(4,5),(3,6)-1",8,2,8.0,False,-21,
202630092412,12,連合北海道日高地域協,ダ,1000,曇,稍重,20:50,2026-09-24,門別,7,3,3,2016100358,デアフルーグ,牡10,57,05685,宮内勇樹,1:01.4,ハナ,7-8,36.4,17.2,5,518(+2),05706,[地]川島洋人,368803,ウエスト．フォレスト,,,,,,,,,,,,"8,7,9,(2,4,5),(1,3,6,10)",7,4,6.0,False,"(8,7)-9,(2,10),(4,5),(3,6)-1",8,2,8.0,False,-21,
202630092412,12,連合北海道日高地域協,ダ,1000,曇,稍重,20:50,2026-09-24,門別,8,8,9,2016102089,イッツクール,牡10,55,05286,服部茂史,1:01.7,1.1/2,3-3,37.2,22.7,7,512(+14),05630,[地]田中淳司,023031,久木田隆,,,,,,,,,,,,"8,7,9,(2,4,5),(1,3,6,10)",3,1,3.0,False,"(8,7)-9,(2,10),(4,5),(3,6)-1",3,1,3.5,False,-21,
202630092412,12,連合北海道日高地域協,ダ,1000,曇,稍重,20:50,2026-09-24,門別,9,4,4,2017101535,ジャスパーイーグル,セ9,55,05502,松井伸也,1:02.4,3,4-6,37.7,70.3,9,500(+2),05615,[地]佐久間雅,672033,加藤和夫,,,,,,,,,,,,"8,7,9,(2,4,5),(1,3,6,10)",4,3,4.5,False,"(8,7)-9,(2,10),(4,5),(3,6)-1",6,2,6.5,False,-21,
202630092412,12,連合北海道日高地域協,ダ,1000,曇,稍重,20:50,2026-09-24,門別,10,1,1,2016100661,ヒカリオーソ,牡10,57,05601,金山昇馬,1:02.6,3/4,7-10,37.5,155.8,10,478(+6),05758,[地]小国博行,677009,西森鶴,,,,,,,,,,,,"8,7,9,(2,4,5),(1,3,6,10)",7,4,6.0,False,"(8,7)-9,(2,10),(4,5),(3,6)-1",10,1,11.5,False,-21,
202642092401,1,ランチタイム,ダ,1400,晴,重,13:30,2026-09-24,浦和,1,1,1,2023102117,ウィリーズロック,牡3,56,05630,野畑凌,1:28.4,,1-1-1-1,38.5,1.2,1,489(+9),05788,[地]水野貴史,282031,中水英紀,160.0,"(1,4),8,9,2,(7,11),5=(10,12),6-3",1,2,0.0,False,"(1,4)-2,5,(8,9)-7-11-10,12-3,6",1,2,0.0,False,"1,4,(5,2)-9,7-8,11,10-12=3-6",1,1,0.0,False,"1-(4,2),5-7-9,(10,12),8,11-3=6",1,1,0.0,False,-20,
202642092401,1,ランチタイム,ダ,1400,晴,重,13:30,2026-09-24,浦和,2,2,2,2023101955,シナノクリスタル,牝3,54,05347,秋元耕成,1:29.7,6,5-3-3-2,39.5,111.6,7,439(-2),05476,[地]鹿沼良和,x0351d,小林和義,64.0,"(1,4),8,9,2,(7,11),5=(10,12),6-3",5,1,4.5,False,"(1,4)-2,5,(8,9)-7-11-10,12-3,6",3,1,3.5,False,"1,4,(5,2)-9,7-8,11,10-12=3-6",3,2,3.0,False,"1-(4,2),5-7-9,(10,12),8,11-3=6",2,2,3.5,False,-20,
202642092401,1,ランチタイム,ダ,1400,晴,重,13:30,2026-09-24,浦和,3,4,4,2023109103,カシノユメミヅキ,牡3,56,05611,七夕裕次,1:30.3,3,1-1-2-2,40.3,3.5,2,534(+18),05476,[地]鹿沼良和,514009,柏木務,40.0,"(1,4),8,9,2,(7,11),5=(10,12),6-3",1,2,0.0,False,"(1,4)-2,5,(8,9)-7-11-10,12-3,6",1,2,0.0,False,"1,4,(5,2)-9,7-8,11,10-12=3-6",2,1,1.5,False,"1-(4,2),5-7-9,(10,12),8,11-3=6",2,2,3.5,False,-20,
202642092401,1,ランチタイム,ダ,1400,晴,重,13:30,2026-09-24,浦和,4,6,7,2023105098,エムブイピーコール,牝3,54,05553,保園翔也,1:30.8,2.1/2,6-7-6-5,39.6,96.7,6,456(+14),05651,[地]川村守男,x04852,大西充秋,24.0,"(1,4),8,9,2,(7,11),5=(10,12),6-3",6,2,6.0,False,"(1,4)-2,5,(8,9)-7-11-10,12-3,6",7,1,10.0,False,"1,4,(5,2)-9,7-8,11,10-12=3-6",6,1,8.0,False,"1-(4,2),5-7-9,(10,12),8,11-3=6",5,1,8.5,False,-20,
202642092401,1,ランチタイム,ダ,1400,晴,重,13:30,2026-09-24,浦和,5,5,5,2023102900,ノベンバーベイズ,牝3,54,a01f3,半澤慶実,1:30.9,クビ,8-4-3-4,40.7,25.2,4,440(+16),a0478,[地]入口由美,673031,小橋亮太,16.0,"(1,4),8,9,2,(7,11),5=(10,12),6-3",8,1,7.5,False,"(1,4)-2,5,(8,9)-7-11-10,12-3,6",4,1,5.0,False,"1,4,(5,2)-9,7-8,11,10-12=3-6",3,2,3.0,False,"1-(4,2),5-7-9,(10,12),8,11-3=6",4,1,5.0,False,-20,
202642092401,1,ランチタイム,ダ,1400,晴,重,13:30,2026-09-24,浦和,6,8,12,2023105707,キサラフラッシュ,牝3,54,a0188,藤江渉,1:31.7,4,9-10-10-7,38.9,150.1,10,457(+2),05789,[地]酒井一則,493030,瀬戸竜男,,"(1,4),8,9,2,(7,11),5=(10,12),6-3",9,2,13.5,False,"(1,4)-2,5,(8,9)-7-11-10,12-3,6",10,1,18.5,False,"1,4,(5,2)-9,7-8,11,10-12=3-6",10,1,18.0,False,"1-(4,2),5-7-9,(10,12),8,11-3=6",7,2,13.5,False,-20,
202642092401,1,ランチタイム,ダ,1400,晴,重,13:30,2026-09-24,浦和,7,7,9,2023102598,ナンヨーラーク,牝3,54,05629,及川烈,1:32.1,2,4-5-5-6,41.3,115.9,8,412(+24),05789,[地]酒井一則,x0b723,（有）総武開発,,"(1,4),8,9,2,(7,11),5=(10,12),6-3",4,1,3.0,False,"(1,4)-2,5,(8,9)-7-11-10,12-3,6",5,2,6.5,False,"1,4,(5,2)-9,7-8,11,10-12=3-6",5,1,6.5,False,"1-(4,2),5-7-9,(10,12),8,11-3=6",6,1,12.0,False,-20,
202642092401,1,ランチタイム,ダ,1400,晴,重,13:30,2026-09-24,浦和,8,3,3,2023105722,ロードエルドラド,牡3,56,05595,福原杏,1:32.4,1.1/2,12-11-11-11,38.8,40.9,5,534(+18),a0253,[地]川島豊,042803,（株）ファーストビ,,"(1,4),8,9,2,(7,11),5=(10,12),6-3",12,1,18.5,False,"(1,4)-2,5,(8,9)-7-11-10,12-3,6",11,1,22.0,False,"1,4,(5,2)-9,7-8,11,10-12=3-6",11,1,24.0,False,"1-(4,2),5-7-9,(10,12),8,11-3=6",11,1,20.0,False,-20,
202642092401,1,ランチタイム,ダ,1400,晴,重,13:30,2026-09-24,浦和,9,7,10,2023101976,ヒーローズ,牡3,56,05651,室陽一朗,1:32.4,ハナ,9-9-9-7,40.1,309.7,12,449(+18),05651,[地]川村守男,x097fd,北原大史,,"(1,4),8,9,2,(7,11),5=(10,12),6-3",9,2,13.5,False,"(1,4)-2,5,(8,9)-7-11-10,12-3,6",9,1,17.0,False,"1,4,(5,2)-9,7-8,11,10-12=3-6",9,1,14.5,False,"1-(4,2),5-7-9,(10,12),8,11-3=6",7,2,13.5,False,-20,
202642092401,1,ランチタイム,ダ,1400,晴,重,13:30,2026-09-24,浦和,10,8,11,2023105920,イエローガーデン,牝3,54,a02c4,見越彬央,1:32.4,クビ,6-8-8-10,40.7,140.5,9,382(+3),05779,[地]長谷川忍,367033,杉浦和也,,"(1,4),8,9,2,(7,11),5=(10,12),6-3",6,2,6.0,False,"(1,4)-2,5,(8,9)-7-11-10,12-3,6",8,1,13.5,False,"1,4,(5,2)-9,7-8,11,10-12=3-6",8,1,13.0,False,"1-(4,2),5-7-9,(10,12),8,11-3=6",10,1,16.5,False,-20,
202642092401,1,ランチタイム,ダ,1400,晴,重,13:30,2026-09-24,浦和,11,6,8,2023106038,ゴーゴールイス,セ3,55,a05d8,中山遥人,1:32.6,3/4,3-5-7-9,41.3,13.7,3,406(+7),05788,[地]水野貴史,554008,吉田勝利,,"(1,4),8,9,2,(7,11),5=(10,12),6-3",3,1,1.5,False,"(1,4)-2,5,(8,9)-7-11-10,12-3,6",5,2,6.5,False,"1,4,(5,2)-9,7-8,11,10-12=3-6",7,1,11.5,False,"1-(4,2),5-7-9,(10,12),8,11-3=6",9,1,15.0,False,-20,
202642092401,1,ランチタイム,ダ,1400,晴,重,13:30,2026-09-24,浦和,12,5,6,2023102201,キンパツビジン,牝3,54,05607,木間塚龍,1:34.0,7,11-12-12-12,39.8,165.2,11,429(+1),05751,[地]野口寛仁,646031,菅藤孝雄,,"(1,4),8,9,2,(7,11),5=(10,12),6-3",11,1,15.0,False,"(1,4)-2,5,(8,9)-7-11-10,12-3,6",12,1,23.5,False,"1,4,(5,2)-9,7-8,11,10-12=3-6",12,1,27.5,False,"1-(4,2),5-7-9,(10,12),8,11-3=6",12,1,26.0,False,-20,
202642092402,2,3歳四,ダ,1400,晴,重,14:00,2026-09-24,浦和,1,2,2,2023107222,エオリアンリッジ,牡3,56,05553,保園翔也,1:29.4,,6-3-2-1,39.0,2.1,1,514(+12),05609,[地]小久保智,542800,ライオンレースホース,160.0,"5,(6,8),(4,12),2,(3,10)-7,(9,11),1",6,1,4.5,False,"(5,8),(4,6,2),(3,12),10-7,(9,11)-1",3,3,1.5,False,"5,(8,2),4,(6,10,12),3-(9,11)-7,1",2,2,1.5,False,"2,(5,4)-(3,8,10,11),12,9-6,7,1",1,1,0.0,False,-20,
202642092402,2,3歳四,ダ,1400,晴,重,14:00,2026-09-24,浦和,2,8,11,2023106738,ソルテソーロ,牡3,56,05611,七夕裕次,1:29.7,1.1/2,10-10-9-4,38.2,7.0,3,457(+4),05733,[地]平山真希,165803,（同）ＪＰＮ技研,64.0,"5,(6,8),(4,12),2,(3,10)-7,(9,11),1",10,2,11.0,False,"(5,8),(4,6,2),(3,12),10-7,(9,11)-1",10,2,9.5,False,"5,(8,2),4,(6,10,12),3-(9,11)-7,1",9,2,9.5,False,"2,(5,4)-(3,8,10,11),12,9-6,7,1",4,4,5.0,False,-20,
202642092402,2,3歳四,ダ,1400,晴,重,14:00,2026-09-24,浦和,3,4,4,2023109001,スピラヴィオ,牡3,56,05348,岡田大,1:30.0,1.1/2,4-3-4-2,39.4,100.0,11,409(+1),a01cf,[地]箕輪武,x09379,米澤淳,40.0,"5,(6,8),(4,12),2,(3,10)-7,(9,11),1",4,2,3.0,False,"(5,8),(4,6,2),(3,12),10-7,(9,11)-1",3,3,1.5,False,"5,(8,2),4,(6,10,12),3-(9,11)-7,1",4,1,3.0,False,"2,(5,4)-(3,8,10,11),12,9-6,7,1",2,2,1.5,False,-20,
202642092402,2,3歳四,ダ,1400,晴,重,14:00,2026-09-24,浦和,4,3,3,2023106594,シンデレラリバティ,牝3,54,05590,藤本現暉,1:30.0,ハナ,7-6-8-4,39.1,4.4,2,443(+14),05789,[地]酒井一則,x002a7,森田一俊,24.0,"5,(6,8),(4,12),2,(3,10)-7,(9,11),1",7,2,6.0,False,"(5,8),(4,6,2),(3,12),10-7,(9,11)-1",6,2,3.0,False,"5,(8,2),4,(6,10,12),3-(9,11)-7,1",8,1,6.0,False,"2,(5,4)-(3,8,10,11),12,9-6,7,1",4,4,5.0,False,-20,
202642092402,2,3歳四,ダ,1400,晴,重,14:00,2026-09-24,浦和,5,5,5,2023101548,ウォニョン,牝3,54,05457,西村栄喜,1:30.6,3,1-1-1-2,40.3,19.0,6,441(-2),05647,[地]石井勝男,x0bc4b,竹内美鈴,16.0,"5,(6,8),(4,12),2,(3,10)-7,(9,11),1",1,1,0.0,False,"(5,8),(4,6,2),(3,12),10-7,(9,11)-1",1,2,0.0,False,"5,(8,2),4,(6,10,12),3-(9,11)-7,1",1,1,0.0,False,"2,(5,4)-(3,8,10,11),12,9-6,7,1",2,2,1.5,False,-20,
202642092402,2,3歳四,ダ,1400,晴,重,14:00,2026-09-24,浦和,6,7,10,2023101219,コンバットキック,牡3,56,05651,室陽一朗,1:30.6,クビ,7-8-5-4,39.7,21.6,7,481(+2),05591,[地]工藤伸輔,521031,山根義信,,"5,(6,8),(4,12),2,(3,10)-7,(9,11),1",7,2,6.0,False,"(5,8),(4,6,2),(3,12),10-7,(9,11)-1",8,1,4.5,False,"5,(8,2),4,(6,10,12),3-(9,11)-7,1",5,3,4.5,False,"2,(5,4)-(3,8,10,11),12,9-6,7,1",4,4,5.0,False,-20,
202642092402,2,3歳四,ダ,1400,晴,重,14:00,2026-09-24,浦和,7,7,9,2023100993,シーズンシート,牝3,54,05347,秋元耕成,1:31.2,3,10-10-9-9,39.7,10.6,5,426(-1),05591,[地]工藤伸輔,x097fd,北原大史,,"5,(6,8),(4,12),2,(3,10)-7,(9,11),1",10,2,11.0,False,"(5,8),(4,6,2),(3,12),10-7,(9,11)-1",10,2,9.5,False,"5,(8,2),4,(6,10,12),3-(9,11)-7,1",9,2,9.5,False,"2,(5,4)-(3,8,10,11),12,9-6,7,1",9,1,8.0,False,-20,
202642092402,2,3歳四,ダ,1400,晴,重,14:00,2026-09-24,浦和,8,6,8,2023101357,ハプナ,牝3,54,05595,福原杏,1:31.4,1,2-1-2-4,41.0,7.3,4,432(+8),05733,[地]平山真希,x0a672,吉田卓司,,"5,(6,8),(4,12),2,(3,10)-7,(9,11),1",2,2,1.5,False,"(5,8),(4,6,2),(3,12),10-7,(9,11)-1",1,2,0.0,False,"5,(8,2),4,(6,10,12),3-(9,11)-7,1",2,2,1.5,False,"2,(5,4)-(3,8,10,11),12,9-6,7,1",4,4,5.0,False,-20,
202642092402,2,3歳四,ダ,1400,晴,重,14:00,2026-09-24,浦和,9,8,12,2023104529,サンドロック,牝3,51,a06c4,菅原吏久,1:31.7,1.1/2,4-6-5-8,40.8,37.2,9,430(-4),05591,[地]工藤伸輔,x097fd,北原大史,,"5,(6,8),(4,12),2,(3,10)-7,(9,11),1",4,2,3.0,False,"(5,8),(4,6,2),(3,12),10-7,(9,11)-1",6,2,3.0,False,"5,(8,2),4,(6,10,12),3-(9,11)-7,1",5,3,4.5,False,"2,(5,4)-(3,8,10,11),12,9-6,7,1",8,1,6.5,False,-20,
202642092402,2,3歳四,ダ,1400,晴,重,14:00,2026-09-24,浦和,10,5,6,2023104923,ダイメイバタフライ,牝3,54,a02c4,見越彬央,1:31.9,3/4,2-3-5-10,41.5,36.5,8,445(-5),00873,[地]野口孝,177033,宮本昇,,"5,(6,8),(4,12),2,(3,10)-7,(9,11),1",2,2,1.5,False,"(5,8),(4,6,2),(3,12),10-7,(9,11)-1",3,3,1.5,False,"5,(8,2),4,(6,10,12),3-(9,11)-7,1",5,3,4.5,False,"2,(5,4)-(3,8,10,11),12,9-6,7,1",10,1,11.5,False,-20,
202642092402,2,3歳四,ダ,1400,晴,重,14:00,2026-09-24,浦和,11,6,7,2023101797,シナノアンバー,牝3,54,05683,佐野遥久,1:32.0,1/2,9-9-11-11,40.1,82.3,10,444(+5),05476,[地]鹿沼良和,x0351d,小林和義,,"5,(6,8),(4,12),2,(3,10)-7,(9,11),1",9,1,9.5,False,"(5,8),(4,6,2),(3,12),10-7,(9,11)-1",9,1,8.0,False,"5,(8,2),4,(6,10,12),3-(9,11)-7,1",11,1,13.0,False,"2,(5,4)-(3,8,10,11),12,9-6,7,1",11,1,13.0,False,-20,
202642092402,2,3歳四,ダ,1400,晴,重,14:00,2026-09-24,浦和,12,1,1,2023104880,アラビアンドーロ,牡3,56,a017e,高橋哲也,1:32.1,1/2,12-12-12-12,39.6,221.3,12,490(+3),05231,[地]鈴木勝文,x0c139,村田佳太郎,,"5,(6,8),(4,12),2,(3,10)-7,(9,11),1",12,1,12.5,False,"(5,8),(4,6,2),(3,12),10-7,(9,11)-1",12,1,13.0,False,"5,(8,2),4,(6,10,12),3-(9,11)-7,1",12,1,14.5,False,"2,(5,4)-(3,8,10,11),12,9-6,7,1",12,1,14.5,False,-20,
202642092403,3,ドリームチャレンジ,ダ,800,晴,重,14:30,2026-09-24,浦和,1,4,4,2024104011,トウヤレイク,牡2,54,a02d7,西啓太,0:47.9,,1-1,35.7,1.2,1,468(0),05766,[地]藤原智行,x0c1a5,松井優,420.0,,,,,,,,,,,"(2,4)=5,6-3",1,2,0.0,False,"4,2-5-3-6",1,1,0.0,False,-22,
202642092403,3,ドリームチャレンジ,ダ,800,晴,重,14:30,2026-09-24,浦和,2,5,5,2024105170,クアダングル,牡2,54,05399,和田譲治,0:48.1,1,3-3,35.1,4.1,2,490(0),05780,[地]宇野木博,750008,中村陽介,168.0,,,,,,,,,,,"(2,4)=5,6-3",3,1,6.0,False,"4,2-5-3-6",3,1,5.0,False,-22,
202642092403,3,ドリームチャレンジ,ダ,800,晴,重,14:30,2026-09-24,浦和,3,2,2,2024102732,タカイチイーロン,牡2,54,05347,秋元耕成,0:48.3,1,1-2,36.1,14.0,4,474(0),a0236,[地]藪口一麻,202006,高橋一郎,105.0,,,,,,,,,,,"(2,4)=5,6-3",1,2,0.0,False,"4,2-5-3-6",2,1,1.5,False,-22,
202642092403,3,ドリームチャレンジ,ダ,800,晴,重,14:30,2026-09-24,浦和,4,3,3,2024102142,ハヤネ,牝2,54,05443,本田正重,0:48.8,2.1/2,5-4,35.0,6.9,3,458(0),05788,[地]水野貴史,402033,吉井理人,63.0,,,,,,,,,,,"(2,4)=5,6-3",5,1,11.0,False,"4,2-5-3-6",4,1,8.5,False,-22,
202642092403,3,ドリームチャレンジ,ダ,800,晴,重,14:30,2026-09-24,浦和,5,6,6,2024104843,ラグーンリアン,牝2,54,05590,藤本現暉,0:51.9,大,4-5,38.9,72.7,5,395(0),a01cf,[地]箕輪武,x0c0cd,池澤宏透,42.0,,,,,,,,,,,"(2,4)=5,6-3",4,1,7.5,False,"4,2-5-3-6",5,1,12.0,False,-22,
202642092403,3,ドリームチャレンジ,ダ,800,晴,重,14:30,2026-09-24,浦和,除,1,1,2024102977,エメラルドマドンナ,牝2,54,05629,及川烈,,,,,---,,計不,05015,[地]海馬澤司,x04d3b,ＡＳＵＫＡＫＩＫＡ,,,,,,,,,,,,"(2,4)=5,6-3",,,,,"4,2-5-3-6",,,,,-22,
202642092404,4,ドリームチャレンジ,ダ,800,晴,重,15:00,2026-09-24,浦和,1,5,5,2024100777,デンデンデングリ,牝2,54,05549,張田昂,0:47.9,,2-2,35.4,5.5,3,473(0),05780,[地]宇野木博,149033,内田玄祥,420.0,,,,,,,,,,,"2,(4,5),1,3=6",2,2,1.5,False,"2,5,1,4-3,6",2,1,1.5,False,-22,
202642092404,4,ドリームチャレンジ,ダ,800,晴,重,15:00,2026-09-24,浦和,2,1,1,2024101003,イヴァンカ,牝2,54,05630,野畑凌,0:48.2,1.1/2,4-3,35.5,1.7,1,442(0),05609,[地]小久保智,268008,小田吉男,168.0,,,,,,,,,,,"2,(4,5),1,3=6",4,1,3.0,False,"2,5,1,4-3,6",3,1,3.0,False,-22,
202642092404,4,ドリームチャレンジ,ダ,800,晴,重,15:00,2026-09-24,浦和,3,2,2,2024102917,フィスカルス,牝2,54,05553,保園翔也,0:48.2,クビ,1-1,35.8,12.3,5,439(0),a0478,[地]入口由美,x09067,遠藤喜和,105.0,,,,,,,,,,,"2,(4,5),1,3=6",1,1,0.0,False,"2,5,1,4-3,6",1,1,0.0,False,-22,
202642092404,4,ドリームチャレンジ,ダ,800,晴,重,15:00,2026-09-24,浦和,4,4,4,2024105195,レガロパラユー,牝2,54,05347,秋元耕成,0:49.0,4,2-4,36.6,63.7,6,434(0),a018c,[地]吉田正美,601031,辻助,63.0,,,,,,,,,,,"2,(4,5),1,3=6",2,2,1.5,False,"2,5,1,4-3,6",4,1,4.5,False,-22,
202642092404,4,ドリームチャレンジ,ダ,800,晴,重,15:00,2026-09-24,浦和,5,6,6,2024105851,ゴシップコラム,牝2,54,05443,本田正重,0:49.2,1,6-6,35.3,3.9,2,468(0),a041c,[地]繁田健一,758005,吉田照哉,42.0,,,,,,,,,,,"2,(4,5),1,3=6",6,1,10.5,False,"2,5,1,4-3,6",6,1,9.5,False,-22,
202642092404,4,ドリームチャレンジ,ダ,800,晴,重,15:00,2026-09-24,浦和,6,3,3,2024103890,シナノダムール,牝2,54,05611,七夕裕次,0:49.3,1/2,5-5,36.4,6.7,4,450(0),05476,[地]鹿沼良和,x0351d,小林和義,,,,,,,,,,,,"2,(4,5),1,3=6",5,1,4.5,False,"2,5,1,4-3,6",5,1,8.0,False,-22,
202642092405,5,3歳三,ダ,1400,晴,重,15:30,2026-09-24,浦和,1,5,5,2023102629,テレンティウス,牡3,56,05443,本田正重,1:29.4,,5-4-3-1,39.5,2.6,2,439(-7),a041c,[地]繁田健一,001031,中西純穂,160.0,"(4,6,12),9,5,10-(1,7),(3,11),8,2",5,1,3.0,False,"4,(6,12),(5,9)-10-1,7,(3,8),11,2",4,2,3.0,False,"(4,6),(5,12)-10,(9,8),1,3,7,2,11",3,2,1.5,False,"(6,5),4-10,(3,12),8,1-7-2,9-11",1,2,0.0,False,-20,
202642092405,5,3歳三,ダ,1400,晴,重,15:30,2026-09-24,浦和,2,5,6,2023100823,ジーティーウタマロ,牡3,56,05524,笹川翼,1:29.7,1.1/2,1-2-1-1,40.2,2.2,1,461(+5),05609,[地]小久保智,464030,田畑利彦,64.0,"(4,6,12),9,5,10-(1,7),(3,11),8,2",1,3,0.0,False,"4,(6,12),(5,9)-10-1,7,(3,8),11,2",2,2,1.5,False,"(4,6),(5,12)-10,(9,8),1,3,7,2,11",1,2,0.0,False,"(6,5),4-10,(3,12),8,1-7-2,9-11",1,2,0.0,False,-20,
202642092405,5,3歳三,ダ,1400,晴,重,15:30,2026-09-24,浦和,3,3,3,2023102293,ブラックハニー,牡3,56,05553,保園翔也,1:30.0,1.1/2,9-9-9-5,39.0,36.1,5,462(+12),05751,[地]野口寛仁,x09c5d,兼行聡,40.0,"(4,6,12),9,5,10-(1,7),(3,11),8,2",9,2,9.5,False,"4,(6,12),(5,9)-10-1,7,(3,8),11,2",9,2,13.0,False,"(4,6),(5,12)-10,(9,8),1,3,7,2,11",9,1,9.5,False,"(6,5),4-10,(3,12),8,1-7-2,9-11",5,2,6.5,False,-20,
202642092405,5,3歳三,ダ,1400,晴,重,15:30,2026-09-24,浦和,4,7,10,2023103093,ラブミーヘンリー,牝3,54,a017e,高橋哲也,1:30.0,クビ,6-6-5-4,39.7,106.8,10,427(+7),05591,[地]工藤伸輔,x09d53,（株）アプエンテ,24.0,"(4,6,12),9,5,10-(1,7),(3,11),8,2",6,1,4.5,False,"4,(6,12),(5,9)-10-1,7,(3,8),11,2",6,1,6.5,False,"(4,6),(5,12)-10,(9,8),1,3,7,2,11",5,1,5.0,False,"(6,5),4-10,(3,12),8,1-7-2,9-11",4,1,5.0,False,-20,
202642092405,5,3歳三,ダ,1400,晴,重,15:30,2026-09-24,浦和,5,6,8,2023103133,ヴェントベローチェ,牡3,56,05397,吉留孝司,1:30.3,1.1/2,11-9-6-7,39.6,3.6,3,470(+4),a0236,[地]藪口一麻,812033,丸山竜一,16.0,"(4,6,12),9,5,10-(1,7),(3,11),8,2",11,1,11.0,False,"4,(6,12),(5,9)-10-1,7,(3,8),11,2",9,2,13.0,False,"(4,6),(5,12)-10,(9,8),1,3,7,2,11",6,2,6.5,False,"(6,5),4-10,(3,12),8,1-7-2,9-11",7,1,8.0,False,-20,
202642092405,5,3歳三,ダ,1400,晴,重,15:30,2026-09-24,浦和,6,1,1,2023103618,ワンワールド,牝3,54,05651,室陽一朗,1:30.4,3/4,7-7-8-8,39.7,30.0,4,446(+6),05780,[地]宇野木博,745033,南條浩輝,,"(4,6,12),9,5,10-(1,7),(3,11),8,2",7,2,8.0,False,"4,(6,12),(5,9)-10-1,7,(3,8),11,2",7,1,10.0,False,"(4,6),(5,12)-10,(9,8),1,3,7,2,11",8,1,8.0,False,"(6,5),4-10,(3,12),8,1-7-2,9-11",8,1,9.5,False,-20,
202642092405,5,3歳三,ダ,1400,晴,重,15:30,2026-09-24,浦和,7,6,7,2023104120,グアピシマ,牝3,52,a056f,加藤雄真,1:30.6,3/4,7-8-10-9,39.7,61.6,7,422(-4),a0400,[地]古澤悟,x0bded,津田晃輔,,"(4,6,12),9,5,10-(1,7),(3,11),8,2",7,2,8.0,False,"4,(6,12),(5,9)-10-1,7,(3,8),11,2",8,1,11.5,False,"(4,6),(5,12)-10,(9,8),1,3,7,2,11",10,1,11.0,False,"(6,5),4-10,(3,12),8,1-7-2,9-11",9,1,13.0,False,-20,
202642092405,5,3歳三,ダ,1400,晴,重,15:30,2026-09-24,浦和,8,4,4,2023100650,ヨンクン,牡3,56,05629,及川烈,1:30.7,1/2,1-1-1-3,41.2,86.3,8,498(+3),05779,[地]長谷川忍,227033,新井弘幸,,"(4,6,12),9,5,10-(1,7),(3,11),8,2",1,3,0.0,False,"4,(6,12),(5,9)-10-1,7,(3,8),11,2",1,1,0.0,False,"(4,6),(5,12)-10,(9,8),1,3,7,2,11",1,2,0.0,False,"(6,5),4-10,(3,12),8,1-7-2,9-11",3,1,1.5,False,-20,
202642092405,5,3歳三,ダ,1400,晴,重,15:30,2026-09-24,浦和,9,8,12,2023102858,ルルアメル,牝3,54,05647,新原周馬,1:31.0,1.1/2,1-2-3-5,41.4,124.7,12,420(-3),05627,[地]吉橋淳一,x0a855,吉田郁実,,"(4,6,12),9,5,10-(1,7),(3,11),8,2",1,3,0.0,False,"4,(6,12),(5,9)-10-1,7,(3,8),11,2",2,2,1.5,False,"(4,6),(5,12)-10,(9,8),1,3,7,2,11",3,2,1.5,False,"(6,5),4-10,(3,12),8,1-7-2,9-11",5,2,6.5,False,-20,
202642092405,5,3歳三,ダ,1400,晴,重,15:30,2026-09-24,浦和,10,2,2,2023105932,リバテイー,牝3,54,05611,七夕裕次,1:32.0,5,12-12-11-10,40.7,115.6,11,425(+11),05591,[地]工藤伸輔,521031,山根義信,,"(4,6,12),9,5,10-(1,7),(3,11),8,2",12,1,12.5,False,"4,(6,12),(5,9)-10-1,7,(3,8),11,2",12,1,16.0,False,"(4,6),(5,12)-10,(9,8),1,3,7,2,11",11,1,12.5,False,"(6,5),4-10,(3,12),8,1-7-2,9-11",10,1,16.5,False,-20,
202642092405,5,3歳三,ダ,1400,晴,重,15:30,2026-09-24,浦和,11,8,11,2023104516,シンメエリート,牝3,54,05595,福原杏,1:34.2,大,9-11-12-12,42.9,93.4,9,416(+8),05751,[地]野口寛仁,x08e68,楠昌史,,"(4,6,12),9,5,10-(1,7),(3,11),8,2",9,2,9.5,False,"4,(6,12),(5,9)-10-1,7,(3,8),11,2",11,1,14.5,False,"(4,6),(5,12)-10,(9,8),1,3,7,2,11",12,1,14.0,False,"(6,5),4-10,(3,12),8,1-7-2,9-11",12,1,21.5,False,-20,
202642092405,5,3歳三,ダ,1400,晴,重,15:30,2026-09-24,浦和,12,7,9,2023105437,ニコニコニコル,牝3,54,05549,張田昂,1:34.3,3/4,4-4-6-11,44.2,37.3,6,397(+1),05462,[地]小林真治,959030,井上久光,,"(4,6,12),9,5,10-(1,7),(3,11),8,2",4,1,1.5,False,"4,(6,12),(5,9)-10-1,7,(3,8),11,2",4,2,3.0,False,"(4,6),(5,12)-10,(9,8),1,3,7,2,11",6,2,6.5,False,"(6,5),4-10,(3,12),8,1-7-2,9-11",11,1,18.0,False,-20,
202642092406,6,C3 選抜馬イ,ダ,800,晴,重,16:00,2026-09-24,浦和,1,8,12,2022103616,マカンコーサッポー,牡4,56,05598,山中悠希,0:48.5,,2-2,35.7,3.8,2,476(+4),a02c8,[地]小澤宏次,616030,水谷昌晃,80.0,,,,,,,,,,,"8,12,11,10,4,(9,7),5,6,2,3,1",2,1,1.5,False,"8-12,10-11,7,4,6,(5,9)-3,2,1",2,1,3.5,False,-22,
202642092406,6,C3 選抜馬イ,ダ,800,晴,重,16:00,2026-09-24,浦和,2,6,8,2022102237,ダイメイナガス,牝4,54,05397,吉留孝司,0:48.6,3/4,1-1,36.0,1.8,1,470(+24),00873,[地]野口孝,688006,宮本孝一,32.0,,,,,,,,,,,"8,12,11,10,4,(9,7),5,6,2,3,1",1,1,0.0,False,"8-12,10-11,7,4,6,(5,9)-3,2,1",1,1,0.0,False,-22,
202642092406,6,C3 選抜馬イ,ダ,800,晴,重,16:00,2026-09-24,浦和,3,7,10,2019100826,ゴールドボード,牝7,54,05347,秋元耕成,0:48.8,3/4,4-3,36.0,62.9,9,516(+7),a01cf,[地]箕輪武,x01253,斉藤光由,20.0,,,,,,,,,,,"8,12,11,10,4,(9,7),5,6,2,3,1",4,1,4.5,False,"8-12,10-11,7,4,6,(5,9)-3,2,1",3,1,5.0,False,-22,
202642092406,6,C3 選抜馬イ,ダ,800,晴,重,16:00,2026-09-24,浦和,4,5,5,2021106373,サンドバンブー,牝5,53,a050f,所蛍,0:49.1,1.1/2,8-8,35.9,32.6,8,541(-3),05651,[地]川村守男,x0bbb9,（株）孝行舎,12.0,,,,,,,,,,,"8,12,11,10,4,(9,7),5,6,2,3,1",8,1,9.0,False,"8-12,10-11,7,4,6,(5,9)-3,2,1",8,2,14.5,False,-22,
202642092406,6,C3 選抜馬イ,ダ,800,晴,重,16:00,2026-09-24,浦和,5,8,11,2020100384,メグ,牝6,54,05595,福原杏,0:49.1,ハナ,3-4,36.3,5.3,3,468(-10),05476,[地]鹿沼良和,603033,木村廣太,8.0,,,,,,,,,,,"8,12,11,10,4,(9,7),5,6,2,3,1",3,1,3.0,False,"8-12,10-11,7,4,6,(5,9)-3,2,1",4,1,8.5,False,-22,
202642092406,6,C3 選抜馬イ,ダ,800,晴,重,16:00,2026-09-24,浦和,6,6,7,2022100119,リバーフロント,牝4,54,05590,藤本現暉,0:49.3,1,6-5,36.1,19.8,4,430(+2),05766,[地]藤原智行,910002,加藤鈴幸,,,,,,,,,,,,"8,12,11,10,4,(9,7),5,6,2,3,1",6,2,7.5,False,"8-12,10-11,7,4,6,(5,9)-3,2,1",5,1,10.0,False,-22,
202642092406,6,C3 選抜馬イ,ダ,800,晴,重,16:00,2026-09-24,浦和,7,5,6,2022102281,ハーシュミストレス,牝4,54,05611,七夕裕次,0:49.3,アタマ,9-7,36.1,138.1,11,470(+22),05789,[地]酒井一則,x0adf0,石澤純平,,,,,,,,,,,,"8,12,11,10,4,(9,7),5,6,2,3,1",9,1,10.5,False,"8-12,10-11,7,4,6,(5,9)-3,2,1",7,1,13.0,False,-22,
202642092406,6,C3 選抜馬イ,ダ,800,晴,重,16:00,2026-09-24,浦和,8,7,9,2018101851,リュウノアーダーン,牝8,54,05553,保園翔也,0:49.5,1,6-8,36.5,20.6,5,442(-1),05751,[地]野口寛仁,099031,蓑島竜一,,,,,,,,,,,,"8,12,11,10,4,(9,7),5,6,2,3,1",6,2,7.5,False,"8-12,10-11,7,4,6,(5,9)-3,2,1",8,2,14.5,False,-22,
202642092406,6,C3 選抜馬イ,ダ,800,晴,重,16:00,2026-09-24,浦和,9,3,3,2019103483,アマゴ,牝7,54,a02c4,見越彬央,0:49.6,クビ,11-10,36.2,26.1,7,464(+3),a01cf,[地]箕輪武,x09379,米澤淳,,,,,,,,,,,,"8,12,11,10,4,(9,7),5,6,2,3,1",11,1,13.5,False,"8-12,10-11,7,4,6,(5,9)-3,2,1",10,1,18.0,False,-22,
202642092406,6,C3 選抜馬イ,ダ,800,晴,重,16:00,2026-09-24,浦和,10,4,4,2021100882,スイートウィル,牝5,52,05649,中島良美,0:49.8,1,5-6,36.8,22.6,6,440(+1),a0253,[地]川島豊,042803,（株）ファーストビ,,,,,,,,,,,,"8,12,11,10,4,(9,7),5,6,2,3,1",5,1,6.0,False,"8-12,10-11,7,4,6,(5,9)-3,2,1",6,1,11.5,False,-22,
202642092406,6,C3 選抜馬イ,ダ,800,晴,重,16:00,2026-09-24,浦和,11,2,2,2021103769,プリンセスパリー,牝5,54,a017e,高橋哲也,0:50.0,1,10-11,36.8,102.1,10,431(+4),05231,[地]鈴木勝文,x0b723,（有）総武開発,,,,,,,,,,,,"8,12,11,10,4,(9,7),5,6,2,3,1",10,1,12.0,False,"8-12,10-11,7,4,6,(5,9)-3,2,1",11,1,19.5,False,-22,
202642092406,6,C3 選抜馬イ,ダ,800,晴,重,16:00,2026-09-24,浦和,12,1,1,2017102454,ワンダーダイカネン,牡9,56,05348,岡田大,0:50.3,1.1/2,12-12,36.9,230.3,12,516(-2),05231,[地]鈴木勝文,184033,山本能成,,,,,,,,,,,,"8,12,11,10,4,(9,7),5,6,2,3,1",12,1,15.0,False,"8-12,10-11,7,4,6,(5,9)-3,2,1",12,1,21.0,False,-22,
202642092407,7,特選,ダ,2000,晴,重,16:35,2026-09-24,浦和,1,5,5,2021104698,マチルダ,牝5,55,05524,笹川翼,2:13.0,,1-1-1-1,38.5,3.9,3,487(+9),05609,[地]小久保智,a00aea,Ａ．Ｗ（株）,110.0,"5,(11,12),(1,8),7,(2,4,9),(10,6),3",1,1,0.0,False,"5,(11,12),(1,8),7,(2,9),(10,4),6,3",1,1,0.0,False,"5,(11,7),(1,8),(2,6),12,4,10,9,3",1,1,0.0,False,"5-(11,7,8),4,2,6,1,10-3-12,9",1,1,0.0,False,-20,
202642092407,7,特選,ダ,2000,晴,重,16:35,2026-09-24,浦和,2,4,4,2020101718,タマモコンペイトウ,牝6,52,a05d8,中山遥人,2:13.6,3,7-9-9-5,38.1,3.5,1,467(-6),05591,[地]工藤伸輔,x09d53,（株）アプエンテ,44.0,"5,(11,12),(1,8),7,(2,4,9),(10,6),3",7,3,6.0,False,"5,(11,12),(1,8),7,(2,9),(10,4),6,3",9,2,7.5,False,"5,(11,7),(1,8),(2,6),12,4,10,9,3",9,1,7.5,False,"5-(11,7,8),4,2,6,1,10-3-12,9",5,1,5.0,False,-20,
202642092407,7,特選,ダ,2000,晴,重,16:35,2026-09-24,浦和,3,6,8,2022100059,ミノリチャン,牝4,55,05562,岡村健司,2:13.6,アタマ,4-4-4-2,38.8,11.6,6,448(+8),05789,[地]酒井一則,x0ba32,澤井一真,27.5,"5,(11,12),(1,8),7,(2,4,9),(10,6),3",4,2,3.0,False,"5,(11,12),(1,8),7,(2,9),(10,4),6,3",4,2,3.0,False,"5,(11,7),(1,8),(2,6),12,4,10,9,3",4,2,3.0,False,"5-(11,7,8),4,2,6,1,10-3-12,9",2,3,3.5,False,-20,
202642092407,7,特選,ダ,2000,晴,重,16:35,2026-09-24,浦和,4,2,2,2020100591,ユウユウプレゼンス,牝6,55,05611,七夕裕次,2:13.8,1,7-7-6-6,38.7,7.7,4,443(+3),a0185,[地]横山保,x097fd,北原大史,16.5,"5,(11,12),(1,8),7,(2,4,9),(10,6),3",7,3,6.0,False,"5,(11,12),(1,8),7,(2,9),(10,4),6,3",7,2,6.0,False,"5,(11,7),(1,8),(2,6),12,4,10,9,3",6,2,4.5,False,"5-(11,7,8),4,2,6,1,10-3-12,9",6,1,6.5,False,-20,
202642092407,7,特選,ダ,2000,晴,重,16:35,2026-09-24,浦和,5,7,10,2021103880,グァンダオ,牡5,55,05647,新原周馬,2:14.3,2.1/2,10-9-10-9,38.8,3.7,2,444(0),05779,[地]長谷川忍,x06c0c,川上和彦,11.0,"5,(11,12),(1,8),7,(2,4,9),(10,6),3",10,2,7.5,False,"5,(11,12),(1,8),7,(2,9),(10,4),6,3",9,2,7.5,False,"5,(11,7),(1,8),(2,6),12,4,10,9,3",10,1,9.0,False,"5-(11,7,8),4,2,6,1,10-3-12,9",9,1,11.0,False,-20,
202642092407,7,特選,ダ,2000,晴,重,16:35,2026-09-24,浦和,6,6,7,2019105598,ウイングラドナス,牡7,57,05563,櫻井光輔,2:14.3,クビ,6-6-2-2,39.5,18.3,7,464(+9),05015,[地]海馬澤司,165803,（同）ＪＰＮ技研,,"5,(11,12),(1,8),7,(2,4,9),(10,6),3",6,1,4.5,False,"5,(11,12),(1,8),7,(2,9),(10,4),6,3",6,1,4.5,False,"5,(11,7),(1,8),(2,6),12,4,10,9,3",2,2,1.5,False,"5-(11,7,8),4,2,6,1,10-3-12,9",2,3,3.5,False,-20,
202642092407,7,特選,ダ,2000,晴,重,16:35,2026-09-24,浦和,7,5,6,2020101051,スマイルポピー,牝6,53,05397,吉留孝司,2:14.4,クビ,10-11-6-7,39.3,127.5,10,484(-3),a0236,[地]藪口一麻,074031,谷口祐人,,"5,(11,12),(1,8),7,(2,4,9),(10,6),3",10,2,7.5,False,"5,(11,12),(1,8),7,(2,9),(10,4),6,3",11,1,9.0,False,"5,(11,7),(1,8),(2,6),12,4,10,9,3",6,2,4.5,False,"5-(11,7,8),4,2,6,1,10-3-12,9",7,1,8.0,False,-20,
202642092407,7,特選,ダ,2000,晴,重,16:35,2026-09-24,浦和,8,1,1,2021101544,スマートビアンカ,牝5,53,05651,室陽一朗,2:14.5,3/4,4-4-4-8,39.7,7.8,5,437(-11),05591,[地]工藤伸輔,x097fd,北原大史,,"5,(11,12),(1,8),7,(2,4,9),(10,6),3",4,2,3.0,False,"5,(11,12),(1,8),7,(2,9),(10,4),6,3",4,2,3.0,False,"5,(11,7),(1,8),(2,6),12,4,10,9,3",4,2,3.0,False,"5-(11,7,8),4,2,6,1,10-3-12,9",8,1,9.5,False,-20,
202642092407,7,特選,ダ,2000,晴,重,16:35,2026-09-24,浦和,9,8,11,2020105840,インベンション,牝6,55,05630,野畑凌,2:14.8,1.1/2,2-2-2-2,40.1,40.0,8,462(+5),05779,[地]長谷川忍,195033,米津佳昭,,"5,(11,12),(1,8),7,(2,4,9),(10,6),3",2,2,1.5,False,"5,(11,12),(1,8),7,(2,9),(10,4),6,3",2,2,1.5,False,"5,(11,7),(1,8),(2,6),12,4,10,9,3",2,2,1.5,False,"5-(11,7,8),4,2,6,1,10-3-12,9",2,3,3.5,False,-20,
202642092407,7,特選,ダ,2000,晴,重,16:35,2026-09-24,浦和,10,3,3,2021102363,リケアヴィオレ,牡5,55,a017e,高橋哲也,2:15.0,1,12-12-12-10,39.1,192.7,12,479(+5),05476,[地]鹿沼良和,x09067,遠藤喜和,,"5,(11,12),(1,8),7,(2,4,9),(10,6),3",12,1,9.0,False,"5,(11,12),(1,8),7,(2,9),(10,4),6,3",12,1,10.5,False,"5,(11,7),(1,8),(2,6),12,4,10,9,3",12,1,12.0,False,"5-(11,7,8),4,2,6,1,10-3-12,9",10,1,14.5,False,-20,
202642092407,7,特選,ダ,2000,晴,重,16:35,2026-09-24,浦和,11,7,9,2018105997,カイジンビリーヴ,牡8,55,a01f3,半澤慶実,2:15.8,4,7-7-11-12,40.5,93.2,9,522(+10),a0478,[地]入口由美,x06b57,木原文夫,,"5,(11,12),(1,8),7,(2,4,9),(10,6),3",7,3,6.0,False,"5,(11,12),(1,8),7,(2,9),(10,4),6,3",7,2,6.0,False,"5,(11,7),(1,8),(2,6),12,4,10,9,3",11,1,10.5,False,"5-(11,7,8),4,2,6,1,10-3-12,9",12,1,19.5,False,-20,
202642092407,7,特選,ダ,2000,晴,重,16:35,2026-09-24,浦和,12,8,12,2019105581,エムオースイート,牝7,53,05590,藤本現暉,2:16.4,3,2-2-8-11,41.6,159.4,11,501(+17),05789,[地]酒井一則,x01551,鈴木伸哉,,"5,(11,12),(1,8),7,(2,4,9),(10,6),3",2,2,1.5,False,"5,(11,12),(1,8),7,(2,9),(10,4),6,3",2,2,1.5,False,"5,(11,7),(1,8),(2,6),12,4,10,9,3",8,1,6.0,False,"5-(11,7,8),4,2,6,1,10-3-12,9",11,1,18.0,False,-20,
202642092408,8,スイートアリッサム賞,ダ,1400,晴,重,17:10,2026-09-24,浦和,1,2,2,2024102612,ワイルドウルル,牝2,54,05595,福原杏,1:29.7,,1-1-1-1,39.2,7.2,2,453(+21),05609,[地]小久保智,032031,上田江吏子,300.0,"2,(3,10)-8,5,(4,1),6,9-7",1,1,0.0,False,"2,(3,10),5,(8,6),4,1,9,7",1,1,0.0,False,"2,7,(5,10,6),(4,3),8-1,9",1,1,0.0,False,"2,7,5-4,6-8-(10,9)-3,1",1,1,0.0,False,-20,
202642092408,8,スイートアリッサム賞,ダ,1400,晴,重,17:10,2026-09-24,浦和,2,5,5,2024108303,フライトドクター,牝2,55,05630,野畑凌,1:30.2,2.1/2,5-4-3-3,39.4,1.2,1,564(-6),05609,[地]小久保智,024031,小菅誠,120.0,"2,(3,10)-8,5,(4,1),6,9-7",5,1,6.5,False,"2,(3,10),5,(8,6),4,1,9,7",4,1,3.0,False,"2,7,(5,10,6),(4,3),8-1,9",3,3,3.0,False,"2,7,5-4,6-8-(10,9)-3,1",3,1,3.0,False,-20,
202642092408,8,スイートアリッサム賞,ダ,1400,晴,重,17:10,2026-09-24,浦和,3,7,7,2024101188,インチャージ,牝2,54,a02d7,西啓太,1:30.3,1/2,10-10-2-2,39.5,12.6,3,494(+4),05766,[地]藤原智行,767800,（株）オリオンファ,75.0,"2,(3,10)-8,5,(4,1),6,9-7",10,1,14.5,False,"2,(3,10),5,(8,6),4,1,9,7",10,1,10.5,False,"2,7,(5,10,6),(4,3),8-1,9",2,1,1.5,False,"2,7,5-4,6-8-(10,9)-3,1",2,1,1.5,False,-20,
202642092408,8,スイートアリッサム賞,ダ,1400,晴,重,17:10,2026-09-24,浦和,4,4,4,2024107138,スモモサンジョ,牝2,54,05549,張田昂,1:31.6,6,6-7-6-4,40.4,25.1,6,420(+2),05462,[地]小林真治,959030,井上久光,45.0,"2,(3,10)-8,5,(4,1),6,9-7",6,2,8.0,False,"2,(3,10),5,(8,6),4,1,9,7",7,1,6.0,False,"2,7,(5,10,6),(4,3),8-1,9",6,2,4.5,False,"2,7,5-4,6-8-(10,9)-3,1",4,1,6.5,False,-20,
202642092408,8,スイートアリッサム賞,ダ,1400,晴,重,17:10,2026-09-24,浦和,5,7,8,2024100918,ブリザードキャット,牝2,54,05629,及川烈,1:32.2,3,4-5-8-6,41.2,16.2,4,454(0),05779,[地]長谷川忍,x0ae40,山田大輔,30.0,"2,(3,10)-8,5,(4,1),6,9-7",4,1,5.0,False,"2,(3,10),5,(8,6),4,1,9,7",5,2,4.5,False,"2,7,(5,10,6),(4,3),8-1,9",8,1,6.0,False,"2,7,5-4,6-8-(10,9)-3,1",6,1,11.5,False,-20,
202642092408,8,スイートアリッサム賞,ダ,1400,晴,重,17:10,2026-09-24,浦和,6,6,6,2024100996,ユウユウセルベッサ,牝2,54,a017e,高橋哲也,1:32.3,クビ,8-5-3-5,41.5,47.9,8,429(+3),05591,[地]工藤伸輔,x097fd,北原大史,,"2,(3,10)-8,5,(4,1),6,9-7",8,1,9.5,False,"2,(3,10),5,(8,6),4,1,9,7",5,2,4.5,False,"2,7,(5,10,6),(4,3),8-1,9",3,3,3.0,False,"2,7,5-4,6-8-(10,9)-3,1",5,1,8.0,False,-20,
202642092408,8,スイートアリッサム賞,ダ,1400,晴,重,17:10,2026-09-24,浦和,7,8,9,2024100310,ラグーンクィーン,牝2,54,05598,山中悠希,1:32.9,3,9-9-10-7,41.0,73.3,10,459(+12),05651,[地]川村守男,x0b007,池澤清,,"2,(3,10)-8,5,(4,1),6,9-7",9,1,11.0,False,"2,(3,10),5,(8,6),4,1,9,7",9,1,9.0,False,"2,7,(5,10,6),(4,3),8-1,9",10,1,11.0,False,"2,7,5-4,6-8-(10,9)-3,1",7,2,15.0,False,-20,
202642092408,8,スイートアリッサム賞,ダ,1400,晴,重,17:10,2026-09-24,浦和,8,8,10,2024104366,ユウユウカルバドス,牝2,53,a05d8,中山遥人,1:34.4,7,2-2-3-7,43.7,28.4,7,401(+15),a0185,[地]横山保,x097fd,北原大史,,"2,(3,10)-8,5,(4,1),6,9-7",2,2,1.5,False,"2,(3,10),5,(8,6),4,1,9,7",2,2,1.5,False,"2,7,(5,10,6),(4,3),8-1,9",3,3,3.0,False,"2,7,5-4,6-8-(10,9)-3,1",7,2,15.0,False,-20,
202642092408,8,スイートアリッサム賞,ダ,1400,晴,重,17:10,2026-09-24,浦和,9,3,3,2024101499,サッシーユー,牝2,54,a02c4,見越彬央,1:34.4,アタマ,2-2-6-9,43.6,59.9,9,435(+9),a06b9,[地]水上直人,x0c0ce,指田等,,"2,(3,10)-8,5,(4,1),6,9-7",2,2,1.5,False,"2,(3,10),5,(8,6),4,1,9,7",2,2,1.5,False,"2,7,(5,10,6),(4,3),8-1,9",6,2,4.5,False,"2,7,5-4,6-8-(10,9)-3,1",9,1,18.5,False,-20,
202642092408,8,スイートアリッサム賞,ダ,1400,晴,重,17:10,2026-09-24,浦和,10,1,1,2024105574,カンサッリス,牝2,54,05651,室陽一朗,1:34.8,2,6-8-9-10,43.3,23.0,5,445(+7),05780,[地]宇野木博,x09067,遠藤喜和,,"2,(3,10)-8,5,(4,1),6,9-7",6,2,8.0,False,"2,(3,10),5,(8,6),4,1,9,7",8,1,7.5,False,"2,7,(5,10,6),(4,3),8-1,9",9,1,9.5,False,"2,7,5-4,6-8-(10,9)-3,1",10,1,20.0,False,-20,
202642092409,9,曼珠沙華特別,ダ,1500,晴,重,17:45,2026-09-24,浦和,1,4,4,2023106082,トランキルライト,牝3,53,05630,野畑凌,1:35.7,,1-1-1-1,38.8,5.4,4,487(+6),05609,[地]小久保智,a00aea,Ａ．Ｗ（株）,180.0,"4,(7,8,12),3,10,(1,11)-2,6=9",1,1,0.0,False,"4,(7,8,12),3,10,1,11,2-6=9",1,1,0.0,False,"(4,8),12,(3,7,10)-11,2-(1,6),9",1,2,0.0,False,"4,10,8,3-2-11,9,12,7,6-1",1,1,0.0,False,-20,
202642092409,9,曼珠沙華特別,ダ,1500,晴,重,17:45,2026-09-24,浦和,2,7,10,2023105469,レイナバローズ,牝3,53,05524,笹川翼,1:36.1,2,6-6-4-2,39.0,3.9,1,463(+11),a041c,[地]繁田健一,859007,猪熊広次,72.0,"4,(7,8,12),3,10,(1,11)-2,6=9",6,1,4.5,False,"4,(7,8,12),3,10,1,11,2-6=9",6,1,4.5,False,"(4,8),12,(3,7,10)-11,2-(1,6),9",4,3,3.0,False,"4,10,8,3-2-11,9,12,7,6-1",2,1,1.5,False,-20,
202642092409,9,曼珠沙華特別,ダ,1500,晴,重,17:45,2026-09-24,浦和,3,3,3,2022107346,エニーサンダー,牡4,56,05563,櫻井光輔,1:36.1,アタマ,5-5-4-4,39.0,10.7,6,469(+10),a01cf,[地]箕輪武,x0af2d,梅ケ枝容晃,45.0,"4,(7,8,12),3,10,(1,11)-2,6=9",5,1,3.0,False,"4,(7,8,12),3,10,1,11,2-6=9",5,1,3.0,False,"(4,8),12,(3,7,10)-11,2-(1,6),9",4,3,3.0,False,"4,10,8,3-2-11,9,12,7,6-1",4,1,4.5,False,-20,
202642092409,9,曼珠沙華特別,ダ,1500,晴,重,17:45,2026-09-24,浦和,4,2,2,2019103876,アパショナード,牡7,56,05397,吉留孝司,1:36.3,1,9-9-8-5,38.5,26.5,8,437(0),05789,[地]酒井一則,x0b723,（有）総武開発,27.0,"4,(7,8,12),3,10,(1,11)-2,6=9",9,1,9.5,False,"4,(7,8,12),3,10,1,11,2-6=9",9,1,9.0,False,"(4,8),12,(3,7,10)-11,2-(1,6),9",8,1,8.0,False,"4,10,8,3-2-11,9,12,7,6-1",5,1,8.0,False,-20,
202642092409,9,曼珠沙華特別,ダ,1500,晴,重,17:45,2026-09-24,浦和,5,6,8,2021104901,パロサント,牝5,54,a02d7,西啓太,1:36.7,2,2-2-1-3,39.8,32.5,9,431(+4),05766,[地]藤原智行,x0b9a7,工藤友樹,18.0,"4,(7,8,12),3,10,(1,11)-2,6=9",2,3,1.5,False,"4,(7,8,12),3,10,1,11,2-6=9",2,3,1.5,False,"(4,8),12,(3,7,10)-11,2-(1,6),9",1,2,0.0,False,"4,10,8,3-2-11,9,12,7,6-1",3,1,3.0,False,-20,
202642092409,9,曼珠沙華特別,ダ,1500,晴,重,17:45,2026-09-24,浦和,6,7,9,2023102651,キタノドンカルロ,牡3,55,05399,和田譲治,1:37.2,2.1/2,11-11-11-7,38.2,4.5,2,444(+10),05591,[地]工藤伸輔,x0a72d,北所拓也,,"4,(7,8,12),3,10,(1,11)-2,6=9",11,1,17.0,False,"4,(7,8,12),3,10,1,11,2-6=9",11,1,18.5,False,"(4,8),12,(3,7,10)-11,2-(1,6),9",11,1,13.0,False,"4,10,8,3-2-11,9,12,7,6-1",7,1,13.0,False,-20,
202642092409,9,曼珠沙華特別,ダ,1500,晴,重,17:45,2026-09-24,浦和,7,8,11,2022100719,イチカノユメ,牝4,54,05590,藤本現暉,1:37.7,2.1/2,7-8-7-6,40.1,33.2,10,466(-6),05788,[地]水野貴史,748007,田部井孝夫,,"4,(7,8,12),3,10,(1,11)-2,6=9",7,2,6.0,False,"4,(7,8,12),3,10,1,11,2-6=9",8,1,7.5,False,"(4,8),12,(3,7,10)-11,2-(1,6),9",7,1,6.5,False,"4,10,8,3-2-11,9,12,7,6-1",6,1,11.5,False,-20,
202642092409,9,曼珠沙華特別,ダ,1500,晴,重,17:45,2026-09-24,浦和,8,5,6,2022110109,エコロスヴァル,セ4,56,05605,篠谷葵,1:37.9,1,10-10-9-10,39.7,26.0,7,507(+9),05751,[地]野口寛仁,191033,辻高史,,"4,(7,8,12),3,10,(1,11)-2,6=9",10,1,11.0,False,"4,(7,8,12),3,10,1,11,2-6=9",10,1,12.5,False,"(4,8),12,(3,7,10)-11,2-(1,6),9",9,2,11.5,False,"4,10,8,3-2-11,9,12,7,6-1",10,1,17.5,False,-20,
202642092409,9,曼珠沙華特別,ダ,1500,晴,重,17:45,2026-09-24,浦和,9,6,7,2021100521,ジョーサルーテ,牝5,54,a02c4,見越彬央,1:38.2,1.1/2,2-2-4-9,41.3,6.5,5,476(+16),05609,[地]小久保智,032031,上田江吏子,,"4,(7,8,12),3,10,(1,11)-2,6=9",2,3,1.5,False,"4,(7,8,12),3,10,1,11,2-6=9",2,3,1.5,False,"(4,8),12,(3,7,10)-11,2-(1,6),9",4,3,3.0,False,"4,10,8,3-2-11,9,12,7,6-1",9,1,16.0,False,-20,
202642092409,9,曼珠沙華特別,ダ,1500,晴,重,17:45,2026-09-24,浦和,10,8,12,2020106495,サンスレッド,牡6,56,05611,七夕裕次,1:39.3,5,2-2-3-8,42.4,84.5,11,482(+2),a0185,[地]横山保,x097fd,北原大史,,"4,(7,8,12),3,10,(1,11)-2,6=9",2,3,1.5,False,"4,(7,8,12),3,10,1,11,2-6=9",2,3,1.5,False,"(4,8),12,(3,7,10)-11,2-(1,6),9",3,1,1.5,False,"4,10,8,3-2-11,9,12,7,6-1",8,1,14.5,False,-20,
202642092409,9,曼珠沙華特別,ダ,1500,晴,重,17:45,2026-09-24,浦和,11,1,1,2021103438,レジェス,牡5,54,05649,中島良美,1:39.7,2,7-7-9-11,41.9,150.3,12,535(+10),05733,[地]平山真希,878033,清宮義男,,"4,(7,8,12),3,10,(1,11)-2,6=9",7,2,6.0,False,"4,(7,8,12),3,10,1,11,2-6=9",7,1,6.0,False,"(4,8),12,(3,7,10)-11,2-(1,6),9",9,2,11.5,False,"4,10,8,3-2-11,9,12,7,6-1",11,1,21.0,False,-20,
202642092409,9,曼珠沙華特別,ダ,1500,晴,重,17:45,2026-09-24,浦和,中,5,5,2022102571,メイショウマチルダ,牝4,54,05673,山林堂信,,,,,5.2,3,454(-6),a02ef,[地]村田順一,x0816a,豊島愛子,,"4,(7,8,12),3,10,(1,11)-2,6=9",,,,,"4,(7,8,12),3,10,1,11,2-6=9",,,,,"(4,8),12,(3,7,10)-11,2-(1,6),9",,,,,"4,10,8,3-2-11,9,12,7,6-1",,,,,-20,
202642092410,10,祝月特別,ダ,1400,晴,重,18:20,2026-09-24,浦和,1,3,3,2019103109,ブレイヴルーラー,牡7,56,05651,室陽一朗,1:28.3,,1-1-1-1,38.9,55.8,10,546(+4),a0185,[地]横山保,x097fd,北原大史,300.0,"3,12-7,8,1,10,5,11,(2,9)=6,4",1,1,0.0,False,"3-12,7-8,1,10,5,11-(2,9)-4-6",1,1,0.0,False,"3-(12,7),10,1,8,11,5-2,9,4-6",1,1,0.0,False,"3-7,10,1,11,12,5,8,4,(2,9)-6",1,1,0.0,False,-20,
202642092410,10,祝月特別,ダ,1400,晴,重,18:20,2026-09-24,浦和,2,6,7,2021105315,リブートパワー,牡5,56,05397,吉留孝司,1:28.6,1.1/2,3-3-2-2,38.5,44.6,8,486(-2),a0236,[地]藪口一麻,x0669f,（有）太盛,120.0,"3,12-7,8,1,10,5,11,(2,9)=6,4",3,1,5.0,False,"3-12,7-8,1,10,5,11-(2,9)-4-6",3,1,5.0,False,"3-(12,7),10,1,8,11,5-2,9,4-6",2,2,3.5,False,"3-7,10,1,11,12,5,8,4,(2,9)-6",2,1,3.5,False,-20,
202642092410,10,祝月特別,ダ,1400,晴,重,18:20,2026-09-24,浦和,3,7,10,2023102588,サラサチャレンジ,牝3,53,a0257,伊藤裕人,1:28.7,クビ,6-6-4-3,38.3,10.5,3,490(-9),05388,[地]佐々木仁,430031,横井良明,75.0,"3,12-7,8,1,10,5,11,(2,9)=6,4",6,1,9.5,False,"3-12,7-8,1,10,5,11-(2,9)-4-6",6,1,11.5,False,"3-(12,7),10,1,8,11,5-2,9,4-6",4,1,5.0,False,"3-7,10,1,11,12,5,8,4,(2,9)-6",3,1,5.0,False,-20,
202642092410,10,祝月特別,ダ,1400,晴,重,18:20,2026-09-24,浦和,4,8,11,2021106303,ゴールドソニック,牡5,56,a01f3,半澤慶実,1:29.0,1.1/2,8-8-7-5,38.4,15.5,6,504(+5),05476,[地]鹿沼良和,x00e4c,厚澤保明,45.0,"3,12-7,8,1,10,5,11,(2,9)=6,4",8,1,12.5,False,"3-12,7-8,1,10,5,11-(2,9)-4-6",8,1,14.5,False,"3-(12,7),10,1,8,11,5-2,9,4-6",7,1,9.5,False,"3-7,10,1,11,12,5,8,4,(2,9)-6",5,1,8.0,False,-20,
202642092410,10,祝月特別,ダ,1400,晴,重,18:20,2026-09-24,浦和,5,4,4,2019103968,エスケントバゴ,牡7,56,05595,福原杏,1:29.1,1/2,12-11-11-9,37.6,11.7,5,474(+1),05733,[地]平山真希,208006,新井原博,30.0,"3,12-7,8,1,10,5,11,(2,9)=6,4",12,1,21.5,False,"3-12,7-8,1,10,5,11-(2,9)-4-6",11,1,21.5,False,"3-(12,7),10,1,8,11,5-2,9,4-6",11,1,17.5,False,"3-7,10,1,11,12,5,8,4,(2,9)-6",9,1,14.0,False,-20,
202642092410,10,祝月特別,ダ,1400,晴,重,18:20,2026-09-24,浦和,6,1,1,2022109047,ワイルドゴーア,牡4,56,05563,櫻井光輔,1:29.4,1.1/2,5-5-5-4,39.0,39.9,7,469(+3),a06b9,[地]水上直人,846033,兼松康太,,"3,12-7,8,1,10,5,11,(2,9)=6,4",5,1,8.0,False,"3-12,7-8,1,10,5,11-(2,9)-4-6",5,1,10.0,False,"3-(12,7),10,1,8,11,5-2,9,4-6",5,1,6.5,False,"3-7,10,1,11,12,5,8,4,(2,9)-6",4,1,6.5,False,-20,
202642092410,10,祝月特別,ダ,1400,晴,重,18:20,2026-09-24,浦和,7,7,9,2018101376,ダイバオーソ,牡8,54,05649,中島良美,1:29.5,3/4,9-9-10-10,38.4,294.0,12,469(-7),a01cf,[地]箕輪武,x00b15,丹呉通孝,,"3,12-7,8,1,10,5,11,(2,9)=6,4",9,2,14.0,False,"3-12,7-8,1,10,5,11-(2,9)-4-6",9,2,18.0,False,"3-(12,7),10,1,8,11,5-2,9,4-6",10,1,16.0,False,"3-7,10,1,11,12,5,8,4,(2,9)-6",10,2,15.5,False,-20,
202642092410,10,祝月特別,ダ,1400,晴,重,18:20,2026-09-24,浦和,8,8,12,2020104627,スマイルスライヴ,セ6,56,05630,野畑凌,1:29.6,クビ,2-2-2-6,39.6,6.1,2,495(+5),05780,[地]宇野木博,179803,（株）ジェニュイン,,"3,12-7,8,1,10,5,11,(2,9)=6,4",2,1,1.5,False,"3-12,7-8,1,10,5,11-(2,9)-4-6",2,1,3.5,False,"3-(12,7),10,1,8,11,5-2,9,4-6",2,2,3.5,False,"3-7,10,1,11,12,5,8,4,(2,9)-6",6,1,9.5,False,-20,
202642092410,10,祝月特別,ダ,1400,晴,重,18:20,2026-09-24,浦和,9,5,5,2022103755,ジーティーエンジン,牡4,56,05524,笹川翼,1:29.7,3/4,7-7-8-7,39.1,1.5,1,545(+6),05609,[地]小久保智,464030,田畑利彦,,"3,12-7,8,1,10,5,11,(2,9)=6,4",7,1,11.0,False,"3-12,7-8,1,10,5,11-(2,9)-4-6",7,1,13.0,False,"3-(12,7),10,1,8,11,5-2,9,4-6",8,1,11.0,False,"3-7,10,1,11,12,5,8,4,(2,9)-6",7,1,11.0,False,-20,
202642092410,10,祝月特別,ダ,1400,晴,重,18:20,2026-09-24,浦和,10,6,8,2021102736,ヴァラムノス,牝5,53,a05d8,中山遥人,1:29.7,アタマ,4-4-6-8,39.3,10.9,4,431(+5),05788,[地]水野貴史,258033,野嶋祥二,,"3,12-7,8,1,10,5,11,(2,9)=6,4",4,1,6.5,False,"3-12,7-8,1,10,5,11-(2,9)-4-6",4,1,8.5,False,"3-(12,7),10,1,8,11,5-2,9,4-6",6,1,8.0,False,"3-7,10,1,11,12,5,8,4,(2,9)-6",8,1,12.5,False,-20,
202642092410,10,祝月特別,ダ,1400,晴,重,18:20,2026-09-24,浦和,11,2,2,2022104198,シンヒダカゴールド,牝4,54,05488,本橋孝太,1:30.0,1.1/2,9-9-9-10,39.0,44.8,9,474(-18),a01cf,[地]箕輪武,x0af2d,梅ケ枝容晃,,"3,12-7,8,1,10,5,11,(2,9)=6,4",9,2,14.0,False,"3-12,7-8,1,10,5,11-(2,9)-4-6",9,2,18.0,False,"3-(12,7),10,1,8,11,5-2,9,4-6",9,1,14.5,False,"3-7,10,1,11,12,5,8,4,(2,9)-6",10,2,15.5,False,-20,
202642092410,10,祝月特別,ダ,1400,晴,重,18:20,2026-09-24,浦和,12,5,6,2021105828,スノーライトニング,牡5,56,05347,秋元耕成,1:30.6,3,11-12-12-12,38.5,91.9,11,463(-2),a0236,[地]藪口一麻,x0b723,（有）総武開発,,"3,12-7,8,1,10,5,11,(2,9)=6,4",11,1,20.0,False,"3-12,7-8,1,10,5,11-(2,9)-4-6",12,1,25.0,False,"3-(12,7),10,1,8,11,5-2,9,4-6",12,1,21.0,False,"3-7,10,1,11,12,5,8,4,(2,9)-6",12,1,19.0,False,-20,
202642092411,11,シラコバト賞,ダ,1500,晴,重,18:55,2026-09-24,浦和,1,4,4,2020100905,エアポートライナー,牡6,57,05524,笹川翼,1:33.5,,1-1-1-1,37.0,2.1,1,593(+16),05609,[地]小久保智,024031,小菅誠,500.0,"4,(5,6),(1,8),3,(2,12),7=10,9,11",1,1,0.0,False,"4,(5,6),1,(3,8),2-12,7-9,(11,10)",1,1,0.0,False,"(4,5),1,2,3,6,(7,12,8),(9,10)-11",1,2,0.0,False,"4,5-1,2,3,7,12,9-(8,10)-6,11",1,1,0.0,False,-20,
202642092411,11,シラコバト賞,ダ,1500,晴,重,18:55,2026-09-24,浦和,2,5,5,2021100989,ケンアトラス,牡5,57,05590,藤本現暉,1:33.8,1.1/2,2-2-1-2,37.3,2.7,2,477(+3),a041c,[地]繁田健一,x07f5e,（株）エスティ,200.0,"4,(5,6),(1,8),3,(2,12),7=10,9,11",2,2,1.5,False,"4,(5,6),1,(3,8),2-12,7-9,(11,10)",2,2,1.5,False,"(4,5),1,2,3,6,(7,12,8),(9,10)-11",1,2,0.0,False,"4,5-1,2,3,7,12,9-(8,10)-6,11",2,1,1.5,False,-20,
202642092411,11,シラコバト賞,ダ,1500,晴,重,18:55,2026-09-24,浦和,3,8,12,2020101630,トノパー,牡6,57,05443,本田正重,1:34.2,2,7-8-7-7,36.4,16.5,5,529(-2),05609,[地]小久保智,268008,小田吉男,125.0,"4,(5,6),(1,8),3,(2,12),7=10,9,11",7,2,6.0,False,"4,(5,6),1,(3,8),2-12,7-9,(11,10)",8,1,9.5,False,"(4,5),1,2,3,6,(7,12,8),(9,10)-11",7,3,7.5,False,"4,5-1,2,3,7,12,9-(8,10)-6,11",7,1,11.0,False,-20,
202642092411,11,シラコバト賞,ダ,1500,晴,重,18:55,2026-09-24,浦和,4,1,1,2020103179,ウインドフレイバー,牡6,55,05630,野畑凌,1:34.3,1/2,4-4-3-3,37.6,11.6,4,483(+1),a041c,[地]繁田健一,236033,尾田信夫,75.0,"4,(5,6),(1,8),3,(2,12),7=10,9,11",4,2,3.0,False,"4,(5,6),1,(3,8),2-12,7-9,(11,10)",4,1,3.0,False,"(4,5),1,2,3,6,(7,12,8),(9,10)-11",3,1,1.5,False,"4,5-1,2,3,7,12,9-(8,10)-6,11",3,1,5.0,False,-20,
202642092411,11,シラコバト賞,ダ,1500,晴,重,18:55,2026-09-24,浦和,5,3,3,2022106019,シェナノパリオ,牡4,55,05399,和田譲治,1:34.4,クビ,6-5-5-5,37.3,6.6,3,513(+4),05780,[地]宇野木博,094031,冨田藤男,50.0,"4,(5,6),(1,8),3,(2,12),7=10,9,11",6,1,4.5,False,"4,(5,6),1,(3,8),2-12,7-9,(11,10)",5,2,4.5,False,"(4,5),1,2,3,6,(7,12,8),(9,10)-11",5,1,4.5,False,"4,5-1,2,3,7,12,9-(8,10)-6,11",5,1,8.0,False,-20,
202642092411,11,シラコバト賞,ダ,1500,晴,重,18:55,2026-09-24,浦和,6,2,2,2021106784,バウンスライト,牡5,55,05562,岡村健司,1:34.4,クビ,7-7-4-4,37.3,17.3,6,460(-3),05753,[地]山下貴之,314034,徳田直樹,,"4,(5,6),(1,8),3,(2,12),7=10,9,11",7,2,6.0,False,"4,(5,6),1,(3,8),2-12,7-9,(11,10)",7,1,6.0,False,"(4,5),1,2,3,6,(7,12,8),(9,10)-11",4,1,3.0,False,"4,5-1,2,3,7,12,9-(8,10)-6,11",4,1,6.5,False,-20,
202642092411,11,シラコバト賞,ダ,1500,晴,重,18:55,2026-09-24,浦和,7,7,9,2021101438,ラブアンドハピネス,牝5,53,a01f3,半澤慶実,1:34.6,3/4,11-10-10-8,36.5,77.4,8,451(+4),05733,[地]平山真希,x0bf7a,角谷一篤,,"4,(5,6),(1,8),3,(2,12),7=10,9,11",11,1,15.0,False,"4,(5,6),1,(3,8),2-12,7-9,(11,10)",10,1,14.5,False,"(4,5),1,2,3,6,(7,12,8),(9,10)-11",10,2,9.0,False,"4,5-1,2,3,7,12,9-(8,10)-6,11",8,1,12.5,False,-20,
202642092411,11,シラコバト賞,ダ,1500,晴,重,18:55,2026-09-24,浦和,8,6,7,2023100380,ロードレイジング,牡3,56,05683,佐野遥久,1:34.7,1/2,9-9-7-6,36.9,86.8,9,448(+4),05765,[地]加藤誠一,810033,三浦勝仁,,"4,(5,6),(1,8),3,(2,12),7=10,9,11",9,1,7.5,False,"4,(5,6),1,(3,8),2-12,7-9,(11,10)",9,1,11.0,False,"(4,5),1,2,3,6,(7,12,8),(9,10)-11",7,3,7.5,False,"4,5-1,2,3,7,12,9-(8,10)-6,11",6,1,9.5,False,-20,
202642092411,11,シラコバト賞,ダ,1500,晴,重,18:55,2026-09-24,浦和,9,6,8,2021102212,スパイオンハート,牝5,53,05605,篠谷葵,1:36.0,6,4-5-7-9,38.8,157.1,11,489(+8),05436,[地]林正人,123031,宮崎俊也,,"4,(5,6),(1,8),3,(2,12),7=10,9,11",4,2,3.0,False,"4,(5,6),1,(3,8),2-12,7-9,(11,10)",5,2,4.5,False,"(4,5),1,2,3,6,(7,12,8),(9,10)-11",7,3,7.5,False,"4,5-1,2,3,7,12,9-(8,10)-6,11",9,2,16.0,False,-20,
202642092411,11,シラコバト賞,ダ,1500,晴,重,18:55,2026-09-24,浦和,10,7,10,2021103314,プリンセスアリー,牝5,55,05549,張田昂,1:36.3,1.1/2,10-11-10-9,38.2,111.0,10,436(-5),05476,[地]鹿沼良和,x033c1,ライフエンタープライ,,"4,(5,6),(1,8),3,(2,12),7=10,9,11",10,1,13.5,False,"4,(5,6),1,(3,8),2-12,7-9,(11,10)",11,2,16.0,False,"(4,5),1,2,3,6,(7,12,8),(9,10)-11",10,2,9.0,False,"4,5-1,2,3,7,12,9-(8,10)-6,11",9,2,16.0,False,-20,
202642092411,11,シラコバト賞,ダ,1500,晴,重,18:55,2026-09-24,浦和,11,5,6,2023101906,ティーズアライト,牡3,54,05595,福原杏,1:37.1,4,2-2-6-11,40.2,29.2,7,478(+11),05788,[地]水野貴史,392031,立山伸二,,"4,(5,6),(1,8),3,(2,12),7=10,9,11",2,2,1.5,False,"4,(5,6),1,(3,8),2-12,7-9,(11,10)",2,2,1.5,False,"(4,5),1,2,3,6,(7,12,8),(9,10)-11",6,1,6.0,False,"4,5-1,2,3,7,12,9-(8,10)-6,11",11,1,19.5,False,-20,
202642092411,11,シラコバト賞,ダ,1500,晴,重,18:55,2026-09-24,浦和,12,8,11,2019100284,アウグスト,牡7,57,05347,秋元耕成,1:37.4,1.1/2,12-11-12-12,38.7,437.8,12,512(-1),05015,[地]海馬澤司,x0a598,石井啓之,,"4,(5,6),(1,8),3,(2,12),7=10,9,11",12,1,16.5,False,"4,(5,6),1,(3,8),2-12,7-9,(11,10)",11,2,16.0,False,"(4,5),1,2,3,6,(7,12,8),(9,10)-11",12,1,12.5,False,"4,5-1,2,3,7,12,9-(8,10)-6,11",12,1,21.0,False,-20,
202642092412,12,夜長月特別,ダ,2000,晴,重,19:30,2026-09-24,浦和,1,7,10,2020101855,ビーチガール,牝6,54,05549,張田昂,2:10.9,,11-11-1-1,38.6,19.5,9,458(+3),05462,[地]小林真治,959030,井上久光,150.0,"6,7,(8,4),(2,11),12,(3,9),5-10-1",11,1,12.5,False,"(6,7),8,(2,4),11,(3,12),(5,9),10-1",11,1,9.0,False,"10-6,8,2,4,(11,12,9),3,(5,1)-7",1,1,0.0,False,"10-(2,6)-8-3-(12,9),1,(11,5),4=7",1,1,0.0,False,-20,
202642092412,12,夜長月特別,ダ,2000,晴,重,19:30,2026-09-24,浦和,2,2,2,2021100837,ユメデアエタラ,牡5,56,05562,岡村健司,2:11.5,3,5-4-4-2,38.6,8.7,3,471(+2),05733,[地]平山真希,407033,堀口晴男,60.0,"6,7,(8,4),(2,11),12,(3,9),5-10-1",5,2,4.5,False,"(6,7),8,(2,4),11,(3,12),(5,9),10-1",4,2,3.0,False,"10-6,8,2,4,(11,12,9),3,(5,1)-7",4,1,6.5,False,"10-(2,6)-8-3-(12,9),1,(11,5),4=7",2,2,3.5,False,-20,
202642092412,12,夜長月特別,ダ,2000,晴,重,19:30,2026-09-24,浦和,3,5,6,2022103574,ゴールドキッド,牡4,56,05606,古岡勇樹,2:11.8,1.1/2,1-1-2-2,39.3,5.3,2,437(+3),05476,[地]鹿沼良和,x00e4c,厚澤保明,37.5,"6,7,(8,4),(2,11),12,(3,9),5-10-1",1,1,0.0,False,"(6,7),8,(2,4),11,(3,12),(5,9),10-1",1,2,0.0,False,"10-6,8,2,4,(11,12,9),3,(5,1)-7",2,1,3.5,False,"10-(2,6)-8-3-(12,9),1,(11,5),4=7",2,2,3.5,False,-20,
202642092412,12,夜長月特別,ダ,2000,晴,重,19:30,2026-09-24,浦和,4,6,8,2021103131,テーオーダムール,牡5,56,05540,達城龍次,2:12.5,3,3-3-3-4,39.8,10.9,5,516(-3),a0253,[地]川島豊,985031,大橋利幸,22.5,"6,7,(8,4),(2,11),12,(3,9),5-10-1",3,2,3.0,False,"(6,7),8,(2,4),11,(3,12),(5,9),10-1",3,1,1.5,False,"10-6,8,2,4,(11,12,9),3,(5,1)-7",3,1,5.0,False,"10-(2,6)-8-3-(12,9),1,(11,5),4=7",4,1,7.0,False,-20,
202642092412,12,夜長月特別,ダ,2000,晴,重,19:30,2026-09-24,浦和,5,3,3,2022100013,ルミナヴィクター,牡4,56,05595,福原杏,2:12.8,1.1/2,8-7-9-5,39.5,18.6,7,463(+6),a0253,[地]川島豊,042803,（株）ファーストビ,15.0,"6,7,(8,4),(2,11),12,(3,9),5-10-1",8,2,7.5,False,"(6,7),8,(2,4),11,(3,12),(5,9),10-1",7,2,6.0,False,"10-6,8,2,4,(11,12,9),3,(5,1)-7",9,1,11.0,False,"10-(2,6)-8-3-(12,9),1,(11,5),4=7",5,1,10.5,False,-20,
202642092412,12,夜長月特別,ダ,2000,晴,重,19:30,2026-09-24,浦和,6,8,12,2021106049,リケアオランジュ,牝5,51,a05db,杉山海波,2:13.0,1,7-7-6-6,39.9,17.1,6,379(+5),a0478,[地]入口由美,x09067,遠藤喜和,,"6,7,(8,4),(2,11),12,(3,9),5-10-1",7,1,6.0,False,"(6,7),8,(2,4),11,(3,12),(5,9),10-1",7,2,6.0,False,"10-6,8,2,4,(11,12,9),3,(5,1)-7",6,3,9.5,False,"10-(2,6)-8-3-(12,9),1,(11,5),4=7",6,2,14.0,False,-20,
202642092412,12,夜長月特別,ダ,2000,晴,重,19:30,2026-09-24,浦和,7,1,1,2021101345,ベルルート,牡5,56,05399,和田譲治,2:13.0,クビ,12-12-10-8,39.3,9.9,4,475(-1),05462,[地]小林真治,959030,井上久光,,"6,7,(8,4),(2,11),12,(3,9),5-10-1",12,1,16.0,False,"(6,7),8,(2,4),11,(3,12),(5,9),10-1",12,1,12.5,False,"10-6,8,2,4,(11,12,9),3,(5,1)-7",10,2,12.5,False,"10-(2,6)-8-3-(12,9),1,(11,5),4=7",8,1,15.5,False,-20,
202642092412,12,夜長月特別,ダ,2000,晴,重,19:30,2026-09-24,浦和,8,7,9,2020105338,シヴァシン,牡6,56,05347,秋元耕成,2:13.1,1/2,8-9-6-6,39.9,18.8,8,431(+4),a0478,[地]入口由美,673031,小橋亮太,,"6,7,(8,4),(2,11),12,(3,9),5-10-1",8,2,7.5,False,"(6,7),8,(2,4),11,(3,12),(5,9),10-1",9,2,7.5,False,"10-6,8,2,4,(11,12,9),3,(5,1)-7",6,3,9.5,False,"10-(2,6)-8-3-(12,9),1,(11,5),4=7",6,2,14.0,False,-20,
202642092412,12,夜長月特別,ダ,2000,晴,重,19:30,2026-09-24,浦和,9,5,5,2020106178,シェナクラウン,牡6,56,a0233,国分祐仁,2:13.7,3,10-9-10-9,40.2,183.4,12,512(+4),a02a5,[地]冨田敏男,094031,冨田藤男,,"6,7,(8,4),(2,11),12,(3,9),5-10-1",10,1,9.0,False,"(6,7),8,(2,4),11,(3,12),(5,9),10-1",9,2,7.5,False,"10-6,8,2,4,(11,12,9),3,(5,1)-7",10,2,12.5,False,"10-(2,6)-8-3-(12,9),1,(11,5),4=7",9,2,17.0,False,-20,
202642092412,12,夜長月特別,ダ,2000,晴,重,19:30,2026-09-24,浦和,10,8,11,2022101537,レベリオン,牡4,56,05629,及川烈,2:13.8,3/4,5-6-6-9,40.7,43.4,10,481(+3),05780,[地]宇野木博,165803,（同）ＪＰＮ技研,,"6,7,(8,4),(2,11),12,(3,9),5-10-1",5,2,4.5,False,"(6,7),8,(2,4),11,(3,12),(5,9),10-1",6,1,4.5,False,"10-6,8,2,4,(11,12,9),3,(5,1)-7",6,3,9.5,False,"10-(2,6)-8-3-(12,9),1,(11,5),4=7",9,2,17.0,False,-20,
202642092412,12,夜長月特別,ダ,2000,晴,重,19:30,2026-09-24,浦和,11,4,4,2022100993,オーシンブーケ,牝4,54,05553,保園翔也,2:15.8,大,3-4-5-11,43.1,2.0,1,449(-3),05609,[地]小久保智,518031,大田慎治,,"6,7,(8,4),(2,11),12,(3,9),5-10-1",3,2,3.0,False,"(6,7),8,(2,4),11,(3,12),(5,9),10-1",4,2,3.0,False,"10-6,8,2,4,(11,12,9),3,(5,1)-7",5,1,8.0,False,"10-(2,6)-8-3-(12,9),1,(11,5),4=7",11,1,18.5,False,-20,
202642092412,12,夜長月特別,ダ,2000,晴,重,19:30,2026-09-24,浦和,12,6,7,2022103299,シタパンツ,牡4,56,05607,木間塚龍,2:19.0,大,2-1-12-12,45.8,86.9,11,459(+7),00873,[地]野口孝,x097fd,北原大史,,"6,7,(8,4),(2,11),12,(3,9),5-10-1",2,1,1.5,False,"(6,7),8,(2,4),11,(3,12),(5,9),10-1",1,2,0.0,False,"10-6,8,2,4,(11,12,9),3,(5,1)-7",12,1,16.0,False,"10-(2,6)-8-3-(12,9),1,(11,5),4=7",12,1,24.5,False,-20,
202647092401,1,3歳未勝利,ダ,1400,晴,良,11:20,2026-09-24,笠松,1,8,9,2023106070,シーズンインザサン,牝3,55,05053,丸野勝虎,1:32.1,,1-1-1,42.4,1.1,1,462(-8),05544,[地]加藤幸保,x0be36,藪上憲二,45.0,,,,,,"9,3-8-2,(5,6),4,1,7",1,1,0.0,False,"9,3-8-2-4,(1,5),6-7",1,1,0.0,False,"9-3,8,2-4-1,5,7-6",1,1,0.0,False,-4,
202647092401,1,3歳未勝利,ダ,1400,晴,良,11:20,2026-09-24,笠松,2,3,3,2023104266,サツキマーメイド,牝3,55,05638,塚本征吾,1:32.6,2.1/2,2-2-2,42.6,5.6,2,421(+3),05076,[地]伊藤強一,x0b584,小野さつき,18.0,,,,,,"9,3-8-2,(5,6),4,1,7",2,1,1.5,False,"9,3-8-2-4,(1,5),6-7",2,1,1.5,False,"9-3,8,2-4-1,5,7-6",2,1,3.5,False,-4,
202647092401,1,3歳未勝利,ダ,1400,晴,良,11:20,2026-09-24,笠松,3,2,2,2023102883,カツノアッパレ,牝3,55,00410,向山牧,1:32.7,1/2,4-4-4,41.7,178.5,8,383(0),05705,[地]栗本陽一,282030,福永實,11.3,,,,,,"9,3-8-2,(5,6),4,1,7",4,1,8.5,False,"9,3-8-2-4,(1,5),6-7",4,1,8.5,False,"9-3,8,2-4-1,5,7-6",4,1,6.5,False,-4,
202647092401,1,3歳未勝利,ダ,1400,晴,良,11:20,2026-09-24,笠松,4,4,4,2023100390,スピアザキック,牡3,54,a05fc,井口裕貴,1:33.0,1.1/2,7-5-5,41.3,27.8,5,450(+3),a034e,[地]後藤佑耶,899033,佐野幸一郎,6.7,,,,,,"9,3-8-2,(5,6),4,1,7",7,1,11.5,False,"9,3-8-2-4,(1,5),6-7",5,1,12.0,False,"9-3,8,2-4-1,5,7-6",5,1,10.0,False,-4,
202647092401,1,3歳未勝利,ダ,1400,晴,良,11:20,2026-09-24,笠松,5,7,7,2023100395,オルン,牝3,55,05521,藤原幹生,1:33.8,4,9-9-8,41.4,21.8,4,443(-2),05544,[地]加藤幸保,x0746f,上山浩司,4.5,,,,,,"9,3-8-2,(5,6),4,1,7",9,1,14.5,False,"9,3-8-2-4,(1,5),6-7",9,1,18.5,False,"9-3,8,2-4-1,5,7-6",8,1,16.5,False,-4,
202647092401,1,3歳未勝利,ダ,1400,晴,良,11:20,2026-09-24,笠松,6,8,8,2023105490,エイシンイーネン,牝3,55,05226,高木健,1:33.9,3/4,3-3-3,43.3,12.9,3,477(-8),05171,[地]柴田高志,584007,平井宏承,,,,,,,"9,3-8-2,(5,6),4,1,7",3,1,5.0,False,"9,3-8-2-4,(1,5),6-7",3,1,5.0,False,"9-3,8,2-4-1,5,7-6",3,1,5.0,False,-4,
202647092401,1,3歳未勝利,ダ,1400,晴,良,11:20,2026-09-24,笠松,7,1,1,2023104507,ゴールドプロテクト,牝3,55,05634,東川慎,1:34.2,1.1/2,8-6-6,42.4,34.6,6,463(0),05697,[地]後藤正義,318034,伊藤弘泰,,,,,,,"9,3-8-2,(5,6),4,1,7",8,1,13.0,False,"9,3-8-2-4,(1,5),6-7",6,2,13.5,False,"9-3,8,2-4-1,5,7-6",6,1,13.5,False,-4,
202647092401,1,3歳未勝利,ダ,1400,晴,良,11:20,2026-09-24,笠松,8,5,5,2023103115,ダンストンチアーズ,牝3,55,a0571,明星晴大,1:34.3,1/2,5-6-7,42.7,217.9,9,417(+2),05171,[地]柴田高志,x0241e,伊藤治子,,,,,,,"9,3-8-2,(5,6),4,1,7",5,2,10.0,False,"9,3-8-2-4,(1,5),6-7",6,2,13.5,False,"9-3,8,2-4-1,5,7-6",7,1,15.0,False,-4,
202647092401,1,3歳未勝利,ダ,1400,晴,良,11:20,2026-09-24,笠松,9,6,6,2023106579,ナンヨーメルシー,牡3,57,05561,赤津和希,1:35.9,8,5-8-9,44.1,96.4,7,420(-2),a05fa,[地]荒木道哉,x0a30c,伊勢光,,,,,,,"9,3-8-2,(5,6),4,1,7",5,2,10.0,False,"9,3-8-2-4,(1,5),6-7",8,1,15.0,False,"9-3,8,2-4-1,5,7-6",9,1,20.0,False,-4,
202647092402,2,祝!あらくれお嬢様完,ダ,1400,晴,良,11:50,2026-09-24,笠松,1,5,5,2023106687,ヒャクレツケン,牡3,57,05666,望月洵輝,1:28.9,,4-4-2,38.1,6.6,3,446(-10),05237,[地]藤田正治,042803,（株）ファーストビ,45.0,,,,,,"6,7,8,5,1,4-2,3",4,1,4.5,False,"6,(7,8),5,1-(4,2)=3",4,1,3.0,False,"6,(5,8),7-1,4,2=3",2,2,1.5,False,-4,
202647092402,2,祝!あらくれお嬢様完,ダ,1400,晴,良,11:50,2026-09-24,笠松,2,6,6,2023106124,センリョウヤクシャ,牡3,57,05638,塚本征吾,1:28.9,アタマ,1-1-1,38.6,4.9,2,455(-10),05237,[地]藤田正治,165803,（同）ＪＰＮ技研,18.0,,,,,,"6,7,8,5,1,4-2,3",1,1,0.0,False,"6,(7,8),5,1-(4,2)=3",1,1,0.0,False,"6,(5,8),7-1,4,2=3",1,1,0.0,False,-4,
202647092402,2,祝!あらくれお嬢様完,ダ,1400,晴,良,11:50,2026-09-24,笠松,3,8,8,2023101298,イバラヒメ,牝3,55,05408,筒井勇介,1:30.4,7,3-2-2,39.8,1.3,1,441(+1),05237,[地]藤田正治,x0be36,藪上憲二,11.3,,,,,,"6,7,8,5,1,4-2,3",3,1,3.0,False,"6,(7,8),5,1-(4,2)=3",2,2,1.5,False,"6,(5,8),7-1,4,2=3",2,2,1.5,False,-4,
202647092402,2,祝!あらくれお嬢様完,ダ,1400,晴,良,11:50,2026-09-24,笠松,4,7,7,2023106655,ポルタシャーンス,牝3,55,05521,藤原幹生,1:31.4,5,2-2-4,41.0,26.3,5,425(-9),05697,[地]後藤正義,x07c20,豊原純弥,6.7,,,,,,"6,7,8,5,1,4-2,3",2,1,1.5,False,"6,(7,8),5,1-(4,2)=3",2,2,1.5,False,"6,(5,8),7-1,4,2=3",4,1,3.0,False,-4,
202647092402,2,祝!あらくれお嬢様完,ダ,1400,晴,良,11:50,2026-09-24,笠松,5,4,4,2023102179,ミスマリーゴールド,牝3,55,05634,東川慎,1:32.0,3,6-6-6,40.6,66.8,6,429(-2),05697,[地]後藤正義,318034,伊藤弘泰,4.5,,,,,,"6,7,8,5,1,4-2,3",6,1,7.5,False,"6,(7,8),5,1-(4,2)=3",6,2,8.0,False,"6,(5,8),7-1,4,2=3",6,1,8.0,False,-4,
202647092402,2,祝!あらくれお嬢様完,ダ,1400,晴,良,11:50,2026-09-24,笠松,6,2,2,2023104763,コンダクトヲハラエ,牡3,57,05561,赤津和希,1:32.1,1/2,7-6-7,40.2,78.5,7,449(+2),05329,[地]大橋敬永,509033,和田克之,,,,,,,"6,7,8,5,1,4-2,3",7,1,11.0,False,"6,(7,8),5,1-(4,2)=3",6,2,8.0,False,"6,(5,8),7-1,4,2=3",7,1,9.5,False,-4,
202647092402,2,祝!あらくれお嬢様完,ダ,1400,晴,良,11:50,2026-09-24,笠松,7,1,1,2023105519,エイシンニンバス,牝3,55,05558,渡辺竜也,1:32.8,3,5-5-5,41.8,12.6,4,491(+2),05675,[地]笹野博司,318033,平井克彦,,,,,,,"6,7,8,5,1,4-2,3",5,1,6.0,False,"6,(7,8),5,1-(4,2)=3",5,1,4.5,False,"6,(5,8),7-1,4,2=3",5,1,6.5,False,-4,
202647092402,2,祝!あらくれお嬢様完,ダ,1400,晴,良,11:50,2026-09-24,笠松,8,3,3,2023105475,ディアファニス,牝3,54,05688,阿部基嗣,1:34.8,大,8-8-8,42.2,249.2,8,450(-3),05201,[地]伊藤勝好,337803,（有）ホースケア,,,,,,,"6,7,8,5,1,4-2,3",8,1,12.5,False,"6,(7,8),5,1-(4,2)=3",8,1,14.0,False,"6,(5,8),7-1,4,2=3",8,1,15.5,False,-4,
202647092403,3,かずし☆えみこ結婚3,ダ,1400,晴,良,12:20,2026-09-24,笠松,1,5,5,2023101055,レイノルズナンバー,牡3,57,05558,渡辺竜也,1:30.9,,2-1-1,41.3,1.4,1,480(-8),05544,[地]加藤幸保,784033,風早信昭,45.0,,,,,,"2,(4,5)=(3,7),1,6",2,2,1.5,False,"(2,4,5)=3,7,6-1",1,3,0.0,False,"5,(2,4)-7,3,6,1",1,1,0.0,False,-4,
202647092403,3,かずし☆えみこ結婚3,ダ,1400,晴,良,12:20,2026-09-24,笠松,2,7,7,2023100051,ジルコンテソーロ,牝3,55,05634,東川慎,1:31.4,2.1/2,4-5-4,39.9,7.1,3,444(-5),05180,[地]水野善太,673031,小橋亮太,18.0,,,,,,"2,(4,5)=(3,7),1,6",4,2,7.5,False,"(2,4,5)=3,7,6-1",5,1,7.5,False,"5,(2,4)-7,3,6,1",4,1,5.0,False,-4,
202647092403,3,かずし☆えみこ結婚3,ダ,1400,晴,良,12:20,2026-09-24,笠松,3,4,4,2023104671,ブッチギレ,牡3,56,05688,阿部基嗣,1:32.2,4,2-1-2,42.6,2.7,2,489(-1),05675,[地]笹野博司,144803,エスペランサ（株）,11.3,,,,,,"2,(4,5)=(3,7),1,6",2,2,1.5,False,"(2,4,5)=3,7,6-1",1,3,0.0,False,"5,(2,4)-7,3,6,1",2,2,1.5,False,-4,
202647092403,3,かずし☆えみこ結婚3,ダ,1400,晴,良,12:20,2026-09-24,笠松,4,1,1,2023102334,マルキスト,牝3,55,a027b,森島貴之,1:32.5,1.1/2,6-7-7,40.2,176.1,7,451(+3),05544,[地]加藤幸保,714031,酒井孝敏,6.7,,,,,,"2,(4,5)=(3,7),1,6",6,1,9.0,False,"(2,4,5)=3,7,6-1",7,1,12.5,False,"5,(2,4)-7,3,6,1",7,1,9.5,False,-4,
202647092403,3,かずし☆えみこ結婚3,ダ,1400,晴,良,12:20,2026-09-24,笠松,5,3,3,2023107404,ルッソクイーン,牝3,55,05557,加藤聡一,1:33.3,4,4-4-5,42.2,68.9,5,465(+4),05076,[地]伊藤強一,403034,中島照夫,4.5,,,,,,"2,(4,5)=(3,7),1,6",4,2,7.5,False,"(2,4,5)=3,7,6-1",4,1,6.0,False,"5,(2,4)-7,3,6,1",5,1,6.5,False,-4,
202647092403,3,かずし☆えみこ結婚3,ダ,1400,晴,良,12:20,2026-09-24,笠松,6,6,6,2023103259,カスタニャッチョ,牡3,57,05684,松本一心,1:33.4,1/2,7-6-6,41.6,120.4,6,457(0),05705,[地]栗本陽一,878031,盛学志,,,,,,,"2,(4,5)=(3,7),1,6",7,1,10.5,False,"(2,4,5)=3,7,6-1",6,1,9.0,False,"5,(2,4)-7,3,6,1",6,1,8.0,False,-4,
202647092403,3,かずし☆えみこ結婚3,ダ,1400,晴,良,12:20,2026-09-24,笠松,7,2,2,2023105463,ゲキシン,牝3,55,05602,細川智史,1:34.6,6,1-1-2,45.1,45.7,4,473(-7),05705,[地]栗本陽一,x0be8d,平田伸也,,,,,,,"2,(4,5)=(3,7),1,6",1,1,0.0,False,"(2,4,5)=3,7,6-1",1,3,0.0,False,"5,(2,4)-7,3,6,1",2,2,1.5,False,-4,
202647092404,4,悠大が好きすぎて滅!,ダ,1400,晴,良,12:50,2026-09-24,笠松,1,4,4,2023102487,ヒルノジェノヴァ,牝3,55,05558,渡辺竜也,1:30.6,,3-1-2,39.2,1.5,1,448(-15),a034e,[地]後藤佑耶,823800,（株）ヒルノ,45.0,,,,,,"6,7,4,(1,8)-2,5,3",3,1,3.0,False,"(6,7,4)=1,8,2,3,5",1,3,0.0,False,"6,(7,4)=(1,8,2),3,5",2,2,1.5,False,-4,
202647092404,4,悠大が好きすぎて滅!,ダ,1400,晴,良,12:50,2026-09-24,笠松,2,7,7,2023104229,キタノコウセイ,セ3,57,05408,筒井勇介,1:30.7,1/2,2-1-2,39.4,2.1,2,459(+5),05480,[地]田口輝彦,x0a72d,北所拓也,18.0,,,,,,"6,7,4,(1,8)-2,5,3",2,1,1.5,False,"(6,7,4)=1,8,2,3,5",1,3,0.0,False,"6,(7,4)=(1,8,2),3,5",2,2,1.5,False,-4,
202647092404,4,悠大が好きすぎて滅!,ダ,1400,晴,良,12:50,2026-09-24,笠松,3,6,6,2023106756,オパールテソーロ,牝3,55,05666,望月洵輝,1:30.7,クビ,1-1-1,39.5,10.4,3,429(0),05544,[地]加藤幸保,x0bfde,（一社）日本管理者支,11.3,,,,,,"6,7,4,(1,8)-2,5,3",1,1,0.0,False,"(6,7,4)=1,8,2,3,5",1,3,0.0,False,"6,(7,4)=(1,8,2),3,5",1,1,0.0,False,-4,
202647092404,4,悠大が好きすぎて滅!,ダ,1400,晴,良,12:50,2026-09-24,笠松,4,1,1,2023104791,アーラ,牝3,55,00410,向山牧,1:32.9,大,4-4-4,40.9,146.7,8,458(+3),05329,[地]大橋敬永,536031,武仲勝,6.7,,,,,,"6,7,4,(1,8)-2,5,3",4,2,4.5,False,"(6,7,4)=1,8,2,3,5",4,1,6.0,False,"6,(7,4)=(1,8,2),3,5",4,3,7.5,False,-4,
202647092404,4,悠大が好きすぎて滅!,ダ,1400,晴,良,12:50,2026-09-24,笠松,5,8,8,2023103011,ヤマジュンヤング,牡3,57,05557,加藤聡一,1:32.9,アタマ,4-5-4,40.7,92.1,5,380(-10),05076,[地]伊藤強一,075033,柴田浩二,4.5,,,,,,"6,7,4,(1,8)-2,5,3",4,2,4.5,False,"(6,7,4)=1,8,2,3,5",5,1,7.5,False,"6,(7,4)=(1,8,2),3,5",4,3,7.5,False,-4,
202647092404,4,悠大が好きすぎて滅!,ダ,1400,晴,良,12:50,2026-09-24,笠松,6,2,2,2023104055,スマイルホップ,牝3,52,a05fc,井口裕貴,1:33.6,3,6-6-4,40.9,123.4,7,408(+6),05329,[地]大橋敬永,282033,川崎賢二,,,,,,,"6,7,4,(1,8)-2,5,3",6,1,8.0,False,"(6,7,4)=1,8,2,3,5",6,1,9.0,False,"6,(7,4)=(1,8,2),3,5",4,3,7.5,False,-4,
202647092404,4,悠大が好きすぎて滅!,ダ,1400,晴,良,12:50,2026-09-24,笠松,7,3,3,2023104707,ベラジオノユメ,牝3,55,05638,塚本征吾,1:33.7,3/4,8-7-7,40.6,37.6,4,444(+2),a034e,[地]後藤佑耶,x0be87,ベラジオコーポレーシ,,,,,,,"6,7,4,(1,8)-2,5,3",8,1,11.0,False,"(6,7,4)=1,8,2,3,5",7,1,10.5,False,"6,(7,4)=(1,8,2),3,5",7,1,9.0,False,-4,
202647092404,4,悠大が好きすぎて滅!,ダ,1400,晴,良,12:50,2026-09-24,笠松,8,5,5,2023103589,レーヴドクロンヌ,牡3,56,05688,阿部基嗣,1:34.0,1.1/2,7-8-8,40.7,106.4,6,503(+1),05675,[地]笹野博司,410030,村上卓,,,,,,,"6,7,4,(1,8)-2,5,3",7,1,9.5,False,"(6,7,4)=1,8,2,3,5",8,1,12.0,False,"6,(7,4)=(1,8,2),3,5",8,1,10.5,False,-4,
202647092405,5,秀司朗&愛実WEDD,ダ,1400,晴,良,13:20,2026-09-24,笠松,1,8,8,2023102394,トゥレイス,牝3,55,05638,塚本征吾,1:30.1,,1-1-1,39.5,1.0,1,425(+6),05237,[地]藤田正治,x097fd,北原大史,45.0,,,,,,"8,2,4,3,7,5,(1,6)",1,1,0.0,False,"8-2,(3,4)-7,1,5,6",1,1,0.0,False,"8-2,3-4,7-1,5,6",1,1,0.0,False,-4,
202647092405,5,秀司朗&愛実WEDD,ダ,1400,晴,良,13:20,2026-09-24,笠松,2,2,2,2023101064,ベストロマンス,牝3,55,05634,東川慎,1:31.2,5,2-2-2,40.4,93.8,5,430(-2),05697,[地]後藤正義,318034,伊藤弘泰,18.0,,,,,,"8,2,4,3,7,5,(1,6)",2,1,1.5,False,"8-2,(3,4)-7,1,5,6",2,1,3.5,False,"8-2,3-4,7-1,5,6",2,1,3.5,False,-4,
202647092405,5,秀司朗&愛実WEDD,ダ,1400,晴,良,13:20,2026-09-24,笠松,3,3,3,2023107235,ハヤテノオジョー,牝3,55,05666,望月洵輝,1:31.4,1,4-3-3,40.2,12.0,3,407(-3),05544,[地]加藤幸保,451033,佐藤範夫,11.3,,,,,,"8,2,4,3,7,5,(1,6)",4,1,4.5,False,"8-2,(3,4)-7,1,5,6",3,2,5.0,False,"8-2,3-4,7-1,5,6",3,1,5.0,False,-4,
202647092405,5,秀司朗&愛実WEDD,ダ,1400,晴,良,13:20,2026-09-24,笠松,4,7,7,2023102385,オカノストーム,牝3,55,05684,松本一心,1:32.6,6,5-5-5,40.8,38.4,4,391(+2),05076,[地]伊藤強一,x0a6b9,稲川善裕,6.7,,,,,,"8,2,4,3,7,5,(1,6)",5,1,6.0,False,"8-2,(3,4)-7,1,5,6",5,1,8.5,False,"8-2,3-4,7-1,5,6",5,1,10.0,False,-4,
202647092405,5,秀司朗&愛実WEDD,ダ,1400,晴,良,13:20,2026-09-24,笠松,5,1,1,2023102793,ホープレイジング,牡3,57,05408,筒井勇介,1:33.1,2.1/2,7-6-6,40.9,11.7,2,477(0),05675,[地]笹野博司,810033,三浦勝仁,4.5,,,,,,"8,2,4,3,7,5,(1,6)",7,2,9.0,False,"8-2,(3,4)-7,1,5,6",6,1,10.0,False,"8-2,3-4,7-1,5,6",6,1,13.5,False,-4,
202647092405,5,秀司朗&愛実WEDD,ダ,1400,晴,良,13:20,2026-09-24,笠松,6,4,4,2023104556,サートゥリア,牡3,55,05637,深澤杏花,1:33.9,4,3-3-4,42.9,110.5,7,504(-1),05705,[地]栗本陽一,x0a03e,Ｉレーシング（株）,,,,,,,"8,2,4,3,7,5,(1,6)",3,1,3.0,False,"8-2,(3,4)-7,1,5,6",3,2,5.0,False,"8-2,3-4,7-1,5,6",4,1,8.5,False,-4,
202647092405,5,秀司朗&愛実WEDD,ダ,1400,晴,良,13:20,2026-09-24,笠松,7,5,5,2023100322,アイオエール,牝3,55,05053,丸野勝虎,1:34.8,4,6-7-7,42.4,96.0,6,461(+8),05544,[地]加藤幸保,470034,小澤徳定,,,,,,,"8,2,4,3,7,5,(1,6)",6,1,7.5,False,"8-2,(3,4)-7,1,5,6",7,1,11.5,False,"8-2,3-4,7-1,5,6",7,1,15.0,False,-4,
202647092405,5,秀司朗&愛実WEDD,ダ,1400,晴,良,13:20,2026-09-24,笠松,8,6,6,2023101036,ベラジオマーカス,牡3,57,a0571,明星晴大,1:34.9,クビ,7-8-8,42.2,116.6,8,440(+4),a034e,[地]後藤佑耶,x0be87,ベラジオコーポレーシ,,,,,,,"8,2,4,3,7,5,(1,6)",7,2,9.0,False,"8-2,(3,4)-7,1,5,6",8,1,13.0,False,"8-2,3-4,7-1,5,6",8,1,16.5,False,-4,
202647092406,6,C3組,ダ,1580,晴,良,13:55,2026-09-24,笠松,1,5,5,2022101264,カーシュジアン,牝4,55,05684,松本一心,1:46.1,,9-1-1,39.9,5.2,3,444(+2),05066,[地]川嶋弘吉,935800,（有）木村牧場,40.0,,,,,,"8-(3,9),4,(2,6),(1,7)-5-10",9,1,11.5,False,"(5,8),9,(3,4),6,2,(1,7),10",1,2,0.0,False,"(5,8)-(3,9)-2,4,(1,6),7,10",1,2,0.0,False,-4,
202647092406,6,C3組,ダ,1580,晴,良,13:55,2026-09-24,笠松,2,7,8,2022103400,クリチャーシシー,セ4,57,05561,赤津和希,1:46.1,クビ,1-1-1,40.5,64.9,9,453(+6),05329,[地]大橋敬永,x07430,武仲哲司,16.0,,,,,,"8-(3,9),4,(2,6),(1,7)-5-10",1,1,0.0,False,"(5,8),9,(3,4),6,2,(1,7),10",1,2,0.0,False,"(5,8)-(3,9)-2,4,(1,6),7,10",1,2,0.0,False,-4,
202647092406,6,C3組,ダ,1580,晴,良,13:55,2026-09-24,笠松,3,3,3,2022105989,リリアンファスト,牝4,55,05602,細川智史,1:46.3,1,2-4-3,40.1,2.2,1,458(+9),05791,[地]榎屋充,862031,伊藤健,10.0,,,,,,"8-(3,9),4,(2,6),(1,7)-5-10",2,2,3.5,False,"(5,8),9,(3,4),6,2,(1,7),10",4,2,3.0,False,"(5,8)-(3,9)-2,4,(1,6),7,10",3,2,3.5,False,-4,
202647092406,6,C3組,ダ,1580,晴,良,13:55,2026-09-24,笠松,4,8,10,2021104377,サブノフクムスメ,牝5,52,a05fc,井口裕貴,1:47.5,6,10-10-10,40.2,10.2,4,497(-12),05180,[地]水野善太,673031,小橋亮太,6.0,,,,,,"8-(3,9),4,(2,6),(1,7)-5-10",10,1,15.0,False,"(5,8),9,(3,4),6,2,(1,7),10",10,1,9.0,False,"(5,8)-(3,9)-2,4,(1,6),7,10",10,1,13.0,False,-4,
202647092406,6,C3組,ダ,1580,晴,良,13:55,2026-09-24,笠松,5,8,9,2022104213,ニホンピロベスパー,牝4,55,05638,塚本征吾,1:47.5,アタマ,2-3-3,41.6,3.0,2,481(-9),05066,[地]川嶋弘吉,517002,小林英一,4.0,,,,,,"8-(3,9),4,(2,6),(1,7)-5-10",2,2,3.5,False,"(5,8),9,(3,4),6,2,(1,7),10",3,1,1.5,False,"(5,8)-(3,9)-2,4,(1,6),7,10",3,2,3.5,False,-4,
202647092406,6,C3組,ダ,1580,晴,良,13:55,2026-09-24,笠松,6,2,2,2022102420,ビービーラフター,牡4,57,05053,丸野勝虎,1:47.5,ハナ,5-7-5,41.0,17.3,6,439(+3),05544,[地]加藤幸保,309033,巽祐子,,,,,,,"8-(3,9),4,(2,6),(1,7)-5-10",5,2,6.5,False,"(5,8),9,(3,4),6,2,(1,7),10",7,1,6.0,False,"(5,8)-(3,9)-2,4,(1,6),7,10",5,1,7.0,False,-4,
202647092406,6,C3組,ダ,1580,晴,良,13:55,2026-09-24,笠松,7,6,6,2021101206,ラーリア,牝5,55,05088,馬渕繁治,1:48.2,3,5-6-7,41.9,15.5,5,413(+1),05071,[地]森山英雄,522030,山辺浩,,,,,,,"8-(3,9),4,(2,6),(1,7)-5-10",5,2,6.5,False,"(5,8),9,(3,4),6,2,(1,7),10",6,1,4.5,False,"(5,8)-(3,9)-2,4,(1,6),7,10",7,2,10.0,False,-4,
202647092406,6,C3組,ダ,1580,晴,良,13:55,2026-09-24,笠松,8,7,7,2020104944,ホクセンキングオー,セ6,57,05634,東川慎,1:48.6,2,7-8-9,41.9,54.8,8,458(+3),05697,[地]後藤正義,466034,大野和馬,,,,,,,"8-(3,9),4,(2,6),(1,7)-5-10",7,2,8.0,False,"(5,8),9,(3,4),6,2,(1,7),10",8,2,7.5,False,"(5,8)-(3,9)-2,4,(1,6),7,10",9,1,11.5,False,-4,
202647092406,6,C3組,ダ,1580,晴,良,13:55,2026-09-24,笠松,9,4,4,2021106948,ピュアキショウ,牡5,57,05226,高木健,1:49.2,3,4-4-6,43.2,34.3,7,415(-3),05705,[地]栗本陽一,282030,福永實,,,,,,,"8-(3,9),4,(2,6),(1,7)-5-10",4,1,5.0,False,"(5,8),9,(3,4),6,2,(1,7),10",4,2,3.0,False,"(5,8)-(3,9)-2,4,(1,6),7,10",6,1,8.5,False,-4,
202647092406,6,C3組,ダ,1580,晴,良,13:55,2026-09-24,笠松,10,1,1,2021104081,スプリングカム,牝5,55,a027b,森島貴之,1:49.8,3,7-8-7,43.3,124.1,10,450(+1),05705,[地]栗本陽一,772002,西村新一郎,,,,,,,"8-(3,9),4,(2,6),(1,7)-5-10",7,2,8.0,False,"(5,8),9,(3,4),6,2,(1,7),10",8,2,7.5,False,"(5,8)-(3,9)-2,4,(1,6),7,10",7,2,10.0,False,-4,
202647092407,7,B8・C2組,ダ,1400,晴,良,14:25,2026-09-24,笠松,1,2,2,2022100311,エイシンジャンブル,牡4,56,05688,阿部基嗣,1:30.7,,1-1-1,40.6,2.6,1,495(-4),05675,[地]笹野博司,318033,平井克彦,45.0,,,,,,"2,8,(1,4)-9-5,6,3-7",1,1,0.0,False,"2,8-(1,4),9-5-6,3,7",1,1,0.0,False,"2,1,8,(5,9),4,7,6,3",1,1,0.0,False,-4,
202647092407,7,B8・C2組,ダ,1400,晴,良,14:25,2026-09-24,笠松,2,5,5,2022100978,モーモーブラウン,牡4,57,05638,塚本征吾,1:31.1,2,6-6-4,39.5,16.0,4,425(+2),05237,[地]藤田正治,673031,小橋亮太,18.0,,,,,,"2,8,(1,4)-9-5,6,3-7",6,1,10.0,False,"2,8-(1,4),9-5-6,3,7",6,1,10.0,False,"2,1,8,(5,9),4,7,6,3",4,2,4.5,False,-4,
202647092407,7,B8・C2組,ダ,1400,晴,良,14:25,2026-09-24,笠松,3,1,1,2022102279,チュウワアスコット,牝4,55,05666,望月洵輝,1:31.5,2,3-3-2,40.7,2.6,2,405(+5),05544,[地]加藤幸保,628007,中西忍,11.3,,,,,,"2,8,(1,4)-9-5,6,3-7",3,2,3.0,False,"2,8-(1,4),9-5-6,3,7",3,2,5.0,False,"2,1,8,(5,9),4,7,6,3",2,1,1.5,False,-4,
202647092407,7,B8・C2組,ダ,1400,晴,良,14:25,2026-09-24,笠松,4,8,9,2022106309,カミガミノウタゲ,牡4,58,a0571,明星晴大,1:31.8,1.1/2,5-5-4,40.8,21.2,6,489(-10),05329,[地]大橋敬永,109033,辻祐二,6.7,,,,,,"2,8,(1,4)-9-5,6,3-7",5,1,6.5,False,"2,8-(1,4),9-5-6,3,7",5,1,6.5,False,"2,1,8,(5,9),4,7,6,3",4,2,4.5,False,-4,
202647092407,7,B8・C2組,ダ,1400,晴,良,14:25,2026-09-24,笠松,5,7,7,2022100206,メイショウトサンコ,牡4,57,05368,大原浩司,1:32.2,2,9-9-7,39.2,122.2,9,440(+4),05066,[地]川嶋弘吉,042803,（株）ファーストビ,4.5,,,,,,"2,8,(1,4)-9-5,6,3-7",9,1,16.5,False,"2,8-(1,4),9-5-6,3,7",9,1,16.5,False,"2,1,8,(5,9),4,7,6,3",7,1,7.5,False,-4,
202647092407,7,B8・C2組,ダ,1400,晴,良,14:25,2026-09-24,笠松,6,4,4,2022102016,テルケンレングレー,牡4,57,05408,筒井勇介,1:32.9,3,3-3-6,42.1,34.4,7,423(-3),05544,[地]加藤幸保,800031,桑田照夫,,,,,,,"2,8,(1,4)-9-5,6,3-7",3,2,3.0,False,"2,8-(1,4),9-5-6,3,7",3,2,5.0,False,"2,1,8,(5,9),4,7,6,3",6,1,6.0,False,-4,
202647092407,7,B8・C2組,ダ,1400,晴,良,14:25,2026-09-24,笠松,7,6,6,2022107220,スッサンファースト,牡4,57,05561,赤津和希,1:33.2,1.1/2,7-7-8,41.2,57.1,8,541(+10),05697,[地]後藤正義,079031,杉岡弘和,,,,,,,"2,8,(1,4)-9-5,6,3-7",7,1,11.5,False,"2,8-(1,4),9-5-6,3,7",7,1,13.5,False,"2,1,8,(5,9),4,7,6,3",8,1,9.0,False,-4,
202647092407,7,B8・C2組,ダ,1400,晴,良,14:25,2026-09-24,笠松,8,8,8,2022103225,モモイロカタオモイ,牝4,55,a027b,森島貴之,1:33.2,アタマ,2-2-3,42.9,3.4,3,452(+6),05180,[地]水野善太,673031,小橋亮太,,,,,,,"2,8,(1,4)-9-5,6,3-7",2,1,1.5,False,"2,8-(1,4),9-5-6,3,7",2,1,1.5,False,"2,1,8,(5,9),4,7,6,3",3,1,3.0,False,-4,
202647092407,7,B8・C2組,ダ,1400,晴,良,14:25,2026-09-24,笠松,9,3,3,2022100130,ミラクルム,牝4,56,05226,高木健,1:33.9,3,8-8-9,41.5,20.8,5,486(+1),05705,[地]栗本陽一,282030,福永實,,,,,,,"2,8,(1,4)-9-5,6,3-7",8,1,13.0,False,"2,8-(1,4),9-5-6,3,7",8,1,15.0,False,"2,1,8,(5,9),4,7,6,3",9,1,10.5,False,-4,
202647092408,8,B7組,ダ,1400,晴,良,15:05,2026-09-24,笠松,1,7,8,2022106932,ラヴァーズブルー,牝4,55,05557,加藤聡一,1:29.8,,2-1-1,39.3,1.0,1,462(-6),05604,[地]川西毅,372008,三宅勝俊,45.0,,,,,,"4,8,1,6,10,7-3,9,2-5",2,1,1.5,False,"(4,8),1,6,(7,10)-3,9,2-5",1,2,0.0,False,"8,(4,1)-6,7,3,10,(5,9),2",1,1,0.0,False,-4,
202647092408,8,B7組,ダ,1400,晴,良,15:05,2026-09-24,笠松,2,1,1,2021102340,ゴーダンシング,牝5,55,05408,筒井勇介,1:31.3,7,3-3-2,40.5,13.6,3,464(+2),a034e,[地]後藤佑耶,182033,前田剛,18.0,,,,,,"4,8,1,6,10,7-3,9,2-5",3,1,3.0,False,"(4,8),1,6,(7,10)-3,9,2-5",3,1,1.5,False,"8,(4,1)-6,7,3,10,(5,9),2",2,2,1.5,False,-4,
202647092408,8,B7組,ダ,1400,晴,良,15:05,2026-09-24,笠松,3,4,4,2022101665,チャーミングドール,牝4,55,05088,馬渕繁治,1:31.6,1.1/2,1-1-2,41.1,86.7,10,440(-2),05071,[地]森山英雄,522030,山辺浩,11.3,,,,,,"4,8,1,6,10,7-3,9,2-5",1,1,0.0,False,"(4,8),1,6,(7,10)-3,9,2-5",1,2,0.0,False,"8,(4,1)-6,7,3,10,(5,9),2",2,2,1.5,False,-4,
202647092408,8,B7組,ダ,1400,晴,良,15:05,2026-09-24,笠松,4,7,7,2022104150,ヒロノエクスカリバ,牡4,57,a0571,明星晴大,1:31.8,1,6-5-5,40.5,39.7,6,437(-7),05076,[地]伊藤強一,212008,小野博郷,6.7,,,,,,"4,8,1,6,10,7-3,9,2-5",6,1,7.5,False,"(4,8),1,6,(7,10)-3,9,2-5",5,2,4.5,False,"8,(4,1)-6,7,3,10,(5,9),2",5,1,6.5,False,-4,
202647092408,8,B7組,ダ,1400,晴,良,15:05,2026-09-24,笠松,5,3,3,2017101057,チュウワジョーダン,セ9,57,05666,望月洵輝,1:32.0,1,7-7-6,39.9,13.0,2,468(-3),05544,[地]加藤幸保,628007,中西忍,4.5,,,,,,"4,8,1,6,10,7-3,9,2-5",7,1,11.0,False,"(4,8),1,6,(7,10)-3,9,2-5",7,1,8.0,False,"8,(4,1)-6,7,3,10,(5,9),2",6,1,8.0,False,-4,
202647092408,8,B7組,ダ,1400,晴,良,15:05,2026-09-24,笠松,6,8,9,2019103626,メイショウイタマエ,牡7,57,00410,向山牧,1:32.2,1,8-8-8,40.0,64.7,7,487(+2),05180,[地]水野善太,673031,小橋亮太,,,,,,,"4,8,1,6,10,7-3,9,2-5",8,1,12.5,False,"(4,8),1,6,(7,10)-3,9,2-5",8,1,9.5,False,"8,(4,1)-6,7,3,10,(5,9),2",8,2,11.0,False,-4,
202647092408,8,B7組,ダ,1400,晴,良,15:05,2026-09-24,笠松,7,2,2,2022102968,リックノワール,牝4,55,05368,大原浩司,1:32.5,1.1/2,9-9-10,40.1,34.2,5,410(+2),05071,[地]森山英雄,522030,山辺浩,,,,,,,"4,8,1,6,10,7-3,9,2-5",9,1,14.0,False,"(4,8),1,6,(7,10)-3,9,2-5",9,1,11.0,False,"8,(4,1)-6,7,3,10,(5,9),2",10,1,12.5,False,-4,
202647092408,8,B7組,ダ,1400,晴,良,15:05,2026-09-24,笠松,8,5,5,2022107173,アーリドラータ,セ4,57,05053,丸野勝虎,1:32.6,1/2,10-10-8,39.6,17.2,4,486(+1),05237,[地]藤田正治,x0b441,増田吉彦,,,,,,,"4,8,1,6,10,7-3,9,2-5",10,1,17.5,False,"(4,8),1,6,(7,10)-3,9,2-5",10,1,14.5,False,"8,(4,1)-6,7,3,10,(5,9),2",8,2,11.0,False,-4,
202647092408,8,B7組,ダ,1400,晴,良,15:05,2026-09-24,笠松,9,6,6,2018106291,マイクハージュ,牡8,57,05561,赤津和希,1:32.6,クビ,4-4-4,41.7,81.0,9,454(-25),05076,[地]伊藤強一,075033,柴田浩二,,,,,,,"4,8,1,6,10,7-3,9,2-5",4,1,4.5,False,"(4,8),1,6,(7,10)-3,9,2-5",4,1,3.0,False,"8,(4,1)-6,7,3,10,(5,9),2",4,1,5.0,False,-4,
202647092408,8,B7組,ダ,1400,晴,良,15:05,2026-09-24,笠松,10,8,10,2022103026,メムエクラ,牝4,52,a05fc,井口裕貴,1:33.1,2.1/2,5-5-7,41.8,75.7,8,483(-3),05675,[地]笹野博司,779008,高樽秀夫,,,,,,,"4,8,1,6,10,7-3,9,2-5",5,1,6.0,False,"(4,8),1,6,(7,10)-3,9,2-5",5,2,4.5,False,"8,(4,1)-6,7,3,10,(5,9),2",7,1,9.5,False,-4,
202647092409,9,秋麗特別,ダ,1400,晴,良,15:40,2026-09-24,笠松,1,6,6,2022107326,ヤマニンエイドロン,牡4,57,05558,渡辺竜也,1:31.0,,7-7-3,39.6,9.9,6,467(-5),05675,[地]笹野博司,643031,土井久美子,60.0,,,,,,"4,8,(2,5),3,9-6-7,1",7,1,9.5,False,"4,8-(2,5),(3,9),6,7-1",7,1,8.0,False,"4,8,(2,6)-3,(5,9),(1,7)",3,2,3.0,False,-4,
202647092409,9,秋麗特別,ダ,1400,晴,良,15:40,2026-09-24,笠松,2,8,8,2021102885,クリングラー,牝5,55,05408,筒井勇介,1:31.0,アタマ,2-2-2,40.8,2.9,1,466(-8),05480,[地]田口輝彦,554008,吉田勝利,24.0,,,,,,"4,8,(2,5),3,9-6-7,1",2,1,1.5,False,"4,8-(2,5),(3,9),6,7-1",2,1,1.5,False,"4,8,(2,6)-3,(5,9),(1,7)",2,1,1.5,False,-4,
202647092409,9,秋麗特別,ダ,1400,晴,良,15:40,2026-09-24,笠松,3,2,2,2021104933,カントゥータ,牝5,55,05368,大原浩司,1:31.5,2.1/2,3-3-3,40.8,4.9,3,474(+3),05071,[地]森山英雄,522030,山辺浩,15.0,,,,,,"4,8,(2,5),3,9-6-7,1",3,2,3.0,False,"4,8-(2,5),(3,9),6,7-1",3,2,5.0,False,"4,8,(2,6)-3,(5,9),(1,7)",3,2,3.0,False,-4,
202647092409,9,秋麗特別,ダ,1400,晴,良,15:40,2026-09-24,笠松,4,4,4,2022103845,メモリーフィルム,牝4,55,a027b,森島貴之,1:31.9,2,1-1-1,42.1,14.8,7,422(-3),a05fa,[地]荒木道哉,x0a30c,伊勢光,9.0,,,,,,"4,8,(2,5),3,9-6-7,1",1,1,0.0,False,"4,8-(2,5),(3,9),6,7-1",1,1,0.0,False,"4,8,(2,6)-3,(5,9),(1,7)",1,1,0.0,False,-4,
202647092409,9,秋麗特別,ダ,1400,晴,良,15:40,2026-09-24,笠松,5,3,3,2021101893,キタノヒコボシ,牡5,55,05637,深澤杏花,1:32.7,4,5-5-5,41.8,45.3,8,460(0),05480,[地]田口輝彦,x0a72d,北所拓也,6.0,,,,,,"4,8,(2,5),3,9-6-7,1",5,1,4.5,False,"4,8-(2,5),(3,9),6,7-1",5,2,6.5,False,"4,8,(2,6)-3,(5,9),(1,7)",5,1,6.5,False,-4,
202647092409,9,秋麗特別,ダ,1400,晴,良,15:40,2026-09-24,笠松,6,7,7,2022106550,キタノアンシェル,牝4,55,05226,高木健,1:33.0,1.1/2,8-8-8,41.2,82.8,9,446(-4),05705,[地]栗本陽一,x0a72d,北所拓也,,,,,,,"4,8,(2,5),3,9-6-7,1",8,1,13.0,False,"4,8-(2,5),(3,9),6,7-1",8,1,9.5,False,"4,8,(2,6)-3,(5,9),(1,7)",8,2,9.5,False,-4,
202647092409,9,秋麗特別,ダ,1400,晴,良,15:40,2026-09-24,笠松,7,5,5,2018103390,モーニングフジ,牝8,55,05634,東川慎,1:33.0,アタマ,3-3-6,42.3,8.5,5,447(+4),05180,[地]水野善太,x0a53e,戸部昌洋,,,,,,,"4,8,(2,5),3,9-6-7,1",3,2,3.0,False,"4,8-(2,5),(3,9),6,7-1",3,2,5.0,False,"4,8,(2,6)-3,(5,9),(1,7)",6,2,8.0,False,-4,
202647092409,9,秋麗特別,ダ,1400,晴,良,15:40,2026-09-24,笠松,8,8,9,2021106224,ウインアリス,牝5,55,05638,塚本征吾,1:33.5,2.1/2,6-5-6,42.3,3.7,2,476(+10),05237,[地]藤田正治,x02e3e,蟹江知彦,,,,,,,"4,8,(2,5),3,9-6-7,1",6,1,6.0,False,"4,8-(2,5),(3,9),6,7-1",5,2,6.5,False,"4,8,(2,6)-3,(5,9),(1,7)",6,2,8.0,False,-4,
202647092409,9,秋麗特別,ダ,1400,晴,良,15:40,2026-09-24,笠松,9,1,1,2021104597,ユウトザキンパツ,牡5,57,05557,加藤聡一,1:33.6,3/4,9-9-8,41.2,7.9,4,509(-4),05076,[地]伊藤強一,x0be9a,森田耕,,,,,,,"4,8,(2,5),3,9-6-7,1",9,1,14.5,False,"4,8-(2,5),(3,9),6,7-1",9,1,13.0,False,"4,8,(2,6)-3,(5,9),(1,7)",8,2,9.5,False,-4,
202647092410,10,秋分特別,ダ,1580,晴,良,16:15,2026-09-24,笠松,1,8,8,2022102358,アイオンザボール,牝4,55,05684,松本一心,1:45.2,,2-1-1,40.5,2.5,1,483(-3),05675,[地]笹野博司,a00ae7,古澤暢央,60.0,,,,,,"5,8-(2,6),(3,7),(1,4),9",2,1,1.5,False,"(5,8)-7,2,6,1,4-(3,9)",1,2,0.0,False,"(5,8)-7,2,(6,1),9,(3,4)",1,2,0.0,False,-4,
202647092410,10,秋分特別,ダ,1580,晴,良,16:15,2026-09-24,笠松,2,5,5,2019106653,コパノランサー,牡7,57,05634,東川慎,1:45.4,1,1-1-1,40.9,4.5,3,530(-13),05697,[地]後藤正義,304033,小林照弘,24.0,,,,,,"5,8-(2,6),(3,7),(1,4),9",1,1,0.0,False,"(5,8)-7,2,6,1,4-(3,9)",1,2,0.0,False,"(5,8)-7,2,(6,1),9,(3,4)",1,2,0.0,False,-4,
202647092410,10,秋分特別,ダ,1580,晴,良,16:15,2026-09-24,笠松,3,7,7,2021102714,サンモスクテール,牡5,57,05521,藤原幹生,1:46.0,3,5-3-3,40.2,10.8,4,458(+4),05697,[地]後藤正義,309008,山科統,15.0,,,,,,"5,8-(2,6),(3,7),(1,4),9",5,2,6.5,False,"(5,8)-7,2,6,1,4-(3,9)",3,1,3.5,False,"(5,8)-7,2,(6,1),9,(3,4)",3,1,3.5,False,-4,
202647092410,10,秋分特別,ダ,1580,晴,良,16:15,2026-09-24,笠松,4,1,1,2022107005,エンシェントダンス,牝4,55,05557,加藤聡一,1:46.1,クビ,7-6-5,40.1,15.4,7,438(+3),05076,[地]伊藤強一,x0a9ec,加藤知泰,9.0,,,,,,"5,8-(2,6),(3,7),(1,4),9",7,2,8.0,False,"(5,8)-7,2,6,1,4-(3,9)",6,1,8.0,False,"(5,8)-7,2,(6,1),9,(3,4)",5,2,6.5,False,-4,
202647092410,10,秋分特別,ダ,1580,晴,良,16:15,2026-09-24,笠松,5,8,9,2022102947,グレートジーンズ,牡4,57,a0571,明星晴大,1:46.3,1,9-8-7,39.3,3.9,2,498(+1),05076,[地]伊藤強一,075033,柴田浩二,6.0,,,,,,"5,8-(2,6),(3,7),(1,4),9",9,1,9.5,False,"(5,8)-7,2,6,1,4-(3,9)",8,2,13.0,False,"(5,8)-7,2,(6,1),9,(3,4)",7,1,8.0,False,-4,
202647092410,10,秋分特別,ダ,1580,晴,良,16:15,2026-09-24,笠松,6,2,2,2021106794,ラヴーシュカ,牡5,57,05053,丸野勝虎,1:47.4,5,3-4-4,41.7,11.8,5,513(-3),05544,[地]加藤幸保,878031,盛学志,,,,,,,"5,8-(2,6),(3,7),(1,4),9",3,2,5.0,False,"(5,8)-7,2,6,1,4-(3,9)",4,1,5.0,False,"(5,8)-7,2,(6,1),9,(3,4)",4,1,5.0,False,-4,
202647092410,10,秋分特別,ダ,1580,晴,良,16:15,2026-09-24,笠松,7,4,4,2021104082,ブラボーキリシマ,牝5,55,05408,筒井勇介,1:47.6,3/4,7-7-8,41.4,19.9,8,416(-2),05237,[地]藤田正治,772002,西村新一郎,,,,,,,"5,8-(2,6),(3,7),(1,4),9",7,2,8.0,False,"(5,8)-7,2,6,1,4-(3,9)",7,1,9.5,False,"(5,8)-7,2,(6,1),9,(3,4)",8,2,9.5,False,-4,
202647092410,10,秋分特別,ダ,1580,晴,良,16:15,2026-09-24,笠松,8,3,3,2021101662,ダンテズセヴン,牝5,55,05638,塚本征吾,1:47.6,クビ,5-8-8,40.9,42.6,9,402(-1),05237,[地]藤田正治,673031,小橋亮太,,,,,,,"5,8-(2,6),(3,7),(1,4),9",5,2,6.5,False,"(5,8)-7,2,6,1,4-(3,9)",8,2,13.0,False,"(5,8)-7,2,(6,1),9,(3,4)",8,2,9.5,False,-4,
202647092410,10,秋分特別,ダ,1580,晴,良,16:15,2026-09-24,笠松,9,6,6,2022101106,コスモフルール,牝4,56,05602,細川智史,1:47.6,ハナ,3-5-5,41.8,14.9,6,442(-9),05705,[地]栗本陽一,x09067,遠藤喜和,,,,,,,"5,8-(2,6),(3,7),(1,4),9",3,2,5.0,False,"(5,8)-7,2,6,1,4-(3,9)",5,1,6.5,False,"(5,8)-7,2,(6,1),9,(3,4)",5,2,6.5,False,-4,
202647092411,11,B級サバイバル,ダ,1400,晴,良,16:50,2026-09-24,笠松,1,8,10,2020106228,ホーリーホック,牝6,55,05408,筒井勇介,1:30.7,,2-1-1,40.4,2.5,1,480(-4),05480,[地]田口輝彦,554008,吉田勝利,50.0,,,,,,"4,10,(7,2,6),9,(1,8)-(3,5)",2,1,1.5,False,"(4,10),2-6,(7,8),9,1,(3,5)",1,2,0.0,False,"(4,10),2-7,8,6,(3,1),(9,5)",1,2,0.0,False,-4,
202647092411,11,B級サバイバル,ダ,1400,晴,良,16:50,2026-09-24,笠松,2,2,2,2022107153,モーモーレインボー,牝4,52,a05fc,井口裕貴,1:30.9,1,3-3-3,40.2,21.3,5,445(-1),05180,[地]水野善太,673031,小橋亮太,20.0,,,,,,"4,10,(7,2,6),9,(1,8)-(3,5)",3,3,3.0,False,"(4,10),2-6,(7,8),9,1,(3,5)",3,1,1.5,False,"(4,10),2-7,8,6,(3,1),(9,5)",3,1,1.5,False,-4,
202647092411,11,B級サバイバル,ダ,1400,晴,良,16:50,2026-09-24,笠松,3,7,8,2020102680,エールミネルヴァ,牝6,55,a0571,明星晴大,1:31.3,2,7-5-5,40.0,4.8,3,494(-4),05076,[地]伊藤強一,583030,鈴木和彦,12.5,,,,,,"4,10,(7,2,6),9,(1,8)-(3,5)",7,2,6.0,False,"(4,10),2-6,(7,8),9,1,(3,5)",5,2,6.5,False,"(4,10),2-7,8,6,(3,1),(9,5)",5,1,6.5,False,-4,
202647092411,11,B級サバイバル,ダ,1400,晴,良,16:50,2026-09-24,笠松,4,4,4,2020101761,トーホウジェンマ,牝6,55,05638,塚本征吾,1:31.4,3/4,1-1-1,41.2,4.9,4,459(-5),05237,[地]藤田正治,x07429,藤居正樹,7.5,,,,,,"4,10,(7,2,6),9,(1,8)-(3,5)",1,1,0.0,False,"(4,10),2-6,(7,8),9,1,(3,5)",1,2,0.0,False,"(4,10),2-7,8,6,(3,1),(9,5)",1,2,0.0,False,-4,
202647092411,11,B級サバイバル,ダ,1400,晴,良,16:50,2026-09-24,笠松,5,7,7,2021104072,ジョリーメモリー,牡5,57,05088,馬渕繁治,1:31.4,ハナ,3-5-4,40.2,30.9,7,467(+4),05071,[地]森山英雄,457002,海谷幸司,5.0,,,,,,"4,10,(7,2,6),9,(1,8)-(3,5)",3,3,3.0,False,"(4,10),2-6,(7,8),9,1,(3,5)",5,2,6.5,False,"(4,10),2-7,8,6,(3,1),(9,5)",4,1,5.0,False,-4,
202647092411,11,B級サバイバル,ダ,1400,晴,良,16:50,2026-09-24,笠松,6,1,1,2021104297,ユイノオトシアナ,牡5,57,05557,加藤聡一,1:31.5,クビ,7-8-7,39.9,3.6,2,468(0),05076,[地]伊藤強一,x0a30c,伊勢光,,,,,,,"4,10,(7,2,6),9,(1,8)-(3,5)",7,2,6.0,False,"(4,10),2-6,(7,8),9,1,(3,5)",8,1,9.5,False,"(4,10),2-7,8,6,(3,1),(9,5)",7,2,9.5,False,-4,
202647092411,11,B級サバイバル,ダ,1400,晴,良,16:50,2026-09-24,笠松,7,3,3,2020100882,フレンドキング,牡6,56,05688,阿部基嗣,1:31.6,1/2,9-9-7,39.5,50.8,8,458(-5),05544,[地]加藤幸保,145030,横尾晴人,,,,,,,"4,10,(7,2,6),9,(1,8)-(3,5)",9,2,9.5,False,"(4,10),2-6,(7,8),9,1,(3,5)",9,2,11.0,False,"(4,10),2-7,8,6,(3,1),(9,5)",7,2,9.5,False,-4,
202647092411,11,B級サバイバル,ダ,1400,晴,良,16:50,2026-09-24,笠松,8,8,9,2020106785,オレンタノ,牡6,55,05637,深澤杏花,1:32.7,5,6-7-9,41.3,28.6,6,465(-4),05480,[地]田口輝彦,554008,吉田勝利,,,,,,,"4,10,(7,2,6),9,(1,8)-(3,5)",6,1,4.5,False,"(4,10),2-6,(7,8),9,1,(3,5)",7,1,8.0,False,"(4,10),2-7,8,6,(3,1),(9,5)",9,2,11.0,False,-4,
202647092411,11,B級サバイバル,ダ,1400,晴,良,16:50,2026-09-24,笠松,9,5,5,2021103882,ギンノアラナミ,牡5,57,05684,松本一心,1:32.8,3/4,9-9-9,40.8,51.4,9,488(+1),05544,[地]加藤幸保,451033,佐藤範夫,,,,,,,"4,10,(7,2,6),9,(1,8)-(3,5)",9,2,9.5,False,"(4,10),2-6,(7,8),9,1,(3,5)",9,2,11.0,False,"(4,10),2-7,8,6,(3,1),(9,5)",9,2,11.0,False,-4,
202647092411,11,B級サバイバル,ダ,1400,晴,良,16:50,2026-09-24,笠松,10,6,6,2022106508,ヤナギバネバギバ,牡4,57,a027b,森島貴之,1:32.8,アタマ,3-4-6,42.0,55.7,10,438(-5),05180,[地]水野善太,x09067,遠藤喜和,,,,,,,"4,10,(7,2,6),9,(1,8)-(3,5)",3,3,3.0,False,"(4,10),2-6,(7,8),9,1,(3,5)",4,1,5.0,False,"(4,10),2-7,8,6,(3,1),(9,5)",6,1,8.0,False,-4,
202650092401,1,C3三,ダ,1400,晴,良,10:40,2026-09-24,園田,1,6,6,2023105605,タッタタラリラ,牝3,55,05672,山本屋太,1:33.5,,5-6-5-5,40.8,11.7,5,415(-2),05715,[地]北野真弘,072030,眞田誠之,60.0,"(1,2,9),10-(5,6)-(3,7)-(4,8)",5,2,5.0,False,"(1,2),9,10-5,6-3-4,8",6,1,8.0,False,"(1,2,9,10),(5,6)=(3,4)-8",5,2,1.5,False,"(2,10),(1,9),(5,6)=(3,4)=8",5,2,3.0,False,-7,
202650092401,1,C3三,ダ,1400,晴,良,10:40,2026-09-24,園田,2,8,10,2020105847,サクラトップロール,牡6,57,05581,松木大地,1:33.8,2,4-4-1-1,41.5,9.3,4,494(-5),05757,[地]雑賀伸一,018803,（株）トップフェロ,24.0,"(1,2,9),10-(5,6)-(3,7)-(4,8)",4,1,1.5,False,"(1,2),9,10-5,6-3-4,8",4,1,3.0,False,"(1,2,9,10),(5,6)=(3,4)-8",1,4,0.0,False,"(2,10),(1,9),(5,6)=(3,4)=8",1,2,0.0,False,-7,
202650092401,1,C3三,ダ,1400,晴,良,10:40,2026-09-24,園田,3,2,2,2023107487,フドウミョウオウ,牡3,56,05639,廣瀬航,1:34.4,3.1/2,1-1-1-1,42.3,14.9,7,430(+9),a0242,[地]尾林幸二,x0a647,曽和栄司,15.0,"(1,2,9),10-(5,6)-(3,7)-(4,8)",1,3,0.0,False,"(1,2),9,10-5,6-3-4,8",1,2,0.0,False,"(1,2,9,10),(5,6)=(3,4)-8",1,4,0.0,False,"(2,10),(1,9),(5,6)=(3,4)=8",1,2,0.0,False,-7,
202650092401,1,C3三,ダ,1400,晴,良,10:40,2026-09-24,園田,4,5,5,2022100392,リザンテラ,牝4,55,05405,板野央,1:34.5,1/2,5-5-5-5,42.0,2.6,1,499(+5),05470,[地]黒田隆男,x08ab2,（株）さくらコーポ,9.0,"(1,2,9),10-(5,6)-(3,7)-(4,8)",5,2,5.0,False,"(1,2),9,10-5,6-3-4,8",5,1,6.5,False,"(1,2,9,10),(5,6)=(3,4)-8",5,2,1.5,False,"(2,10),(1,9),(5,6)=(3,4)=8",5,2,3.0,False,-7,
202650092401,1,C3三,ダ,1400,晴,良,10:40,2026-09-24,園田,5,4,4,2022106366,ハワイアンセーラ,牡4,57,05667,土方颯太,1:34.6,クビ,9-8-7-7,40.5,382.2,10,412(-2),05605,[地]徳本慶一,868030,藤井陸治,6.0,"(1,2,9),10-(5,6)-(3,7)-(4,8)",9,2,12.0,False,"(1,2),9,10-5,6-3-4,8",8,1,15.0,False,"(1,2,9,10),(5,6)=(3,4)-8",7,2,7.5,False,"(2,10),(1,9),(5,6)=(3,4)=8",7,2,9.0,False,-7,
202650092401,1,C3三,ダ,1400,晴,良,10:40,2026-09-24,園田,6,3,3,2022100665,ノルドステラ,牝4,51,05669,塩津璃菜,1:34.6,クビ,7-7-7-7,40.7,64.9,8,446(0),05478,[地]野田忍,x00c3e,岡本敞司,,"(1,2,9),10-(5,6)-(3,7)-(4,8)",7,2,8.5,False,"(1,2),9,10-5,6-3-4,8",7,1,11.5,False,"(1,2,9,10),(5,6)=(3,4)-8",7,2,7.5,False,"(2,10),(1,9),(5,6)=(3,4)=8",7,2,9.0,False,-7,
202650092401,1,C3三,ダ,1400,晴,良,10:40,2026-09-24,園田,7,8,9,2020110033,フロストシティ,セ6,57,05544,田野豊三,1:34.9,1.3/4,1-3-1-3,42.7,2.8,2,463(+2),05623,[地]栗林徹治,862031,伊藤健,,"(1,2,9),10-(5,6)-(3,7)-(4,8)",1,3,0.0,False,"(1,2),9,10-5,6-3-4,8",3,1,1.5,False,"(1,2,9,10),(5,6)=(3,4)-8",1,4,0.0,False,"(2,10),(1,9),(5,6)=(3,4)=8",3,2,1.5,False,-7,
202650092401,1,C3三,ダ,1400,晴,良,10:40,2026-09-24,園田,8,1,1,2022106268,イタリックタイプ,牡4,57,05681,永井孝典,1:35.2,1.3/4,1-1-1-3,43.3,13.4,6,429(-4),05756,[地]南弘樹,941030,島井新一郎,,"(1,2,9),10-(5,6)-(3,7)-(4,8)",1,3,0.0,False,"(1,2),9,10-5,6-3-4,8",1,2,0.0,False,"(1,2,9,10),(5,6)=(3,4)-8",1,4,0.0,False,"(2,10),(1,9),(5,6)=(3,4)=8",3,2,1.5,False,-7,
202650092401,1,C3三,ダ,1400,晴,良,10:40,2026-09-24,園田,9,7,8,2022103663,ブラックアスラーダ,牡4,57,05474,竹村達也,1:36.1,5,9-9-9-9,41.7,312.7,9,462(-1),05478,[地]野田忍,x09d72,（株）ＭＳＫＺ,,"(1,2,9),10-(5,6)-(3,7)-(4,8)",9,2,12.0,False,"(1,2),9,10-5,6-3-4,8",9,1,16.5,False,"(1,2,9,10),(5,6)=(3,4)-8",9,1,11.0,False,"(2,10),(1,9),(5,6)=(3,4)=8",9,1,15.0,False,-7,
202650092401,1,C3三,ダ,1400,晴,良,10:40,2026-09-24,園田,中,7,7,2018100803,アークリオーソ,牡8,57,05328,下原理,,,7,,6.1,3,463(+3),05707,[地]諏訪貴正,x0b0c6,赤澤仁司,,"(1,2,9),10-(5,6)-(3,7)-(4,8)",7,2,8.5,False,"(1,2),9,10-5,6-3-4,8",,,,,"(1,2,9,10),(5,6)=(3,4)-8",,,,,"(2,10),(1,9),(5,6)=(3,4)=8",,,,,-7,
202650092402,2,NewBeginni,ダ,1400,晴,良,11:10,2026-09-24,園田,1,7,7,2024104830,マミーユウガ,牡2,56,00894,小牧太,1:31.6,,1-1-1-1,39.4,1.4,1,468(0),05707,[地]諏訪貴正,x0b323,間宮さとこ,350.0,"7,4,(3,6)-(1,2)-5",1,1,0.0,False,"7,4,(3,6),(1,2),5",1,1,0.0,False,"7,4-6-(3,1,5)-2",1,1,0.0,False,"7-4-1-6,3,5-2",1,1,0.0,False,-7,
202650092402,2,NewBeginni,ダ,1400,晴,良,11:10,2026-09-24,園田,2,4,4,2024105125,タイムリミット,牝2,55,05530,杉浦健太,1:32.8,7,2-2-2-2,40.4,20.9,5,469(0),05756,[地]南弘樹,x09afa,山本国広,140.0,"7,4,(3,6)-(1,2)-5",2,1,1.5,False,"7,4,(3,6),(1,2),5",2,1,1.5,False,"7,4-6-(3,1,5)-2",2,1,1.5,False,"7-4-1-6,3,5-2",2,1,3.5,False,-7,
202650092402,2,NewBeginni,ダ,1400,晴,良,11:10,2026-09-24,園田,3,1,1,2024105238,ディーノエンジュ,牝2,55,05390,吉村智洋,1:33.3,3,5-5-4-3,40.4,5.7,3,444(0),05755,[地]永島太郎,876033,坂本守孝,87.5,"7,4,(3,6)-(1,2)-5",5,2,6.5,False,"7,4,(3,6),(1,2),5",5,2,4.5,False,"7,4-6-(3,1,5)-2",4,3,8.5,False,"7-4-1-6,3,5-2",3,1,7.0,False,-7,
202650092402,2,NewBeginni,ダ,1400,晴,良,11:10,2026-09-24,園田,4,5,5,2024107401,ヴェリタレガーメ,牡2,56,05328,下原理,1:34.0,4,7-7-4-6,41.1,5.3,2,451(0),05702,[地]盛本信春,934034,岡本真二,52.5,"7,4,(3,6)-(1,2)-5",7,1,10.0,False,"7,4,(3,6),(1,2),5",7,1,6.0,False,"7,4-6-(3,1,5)-2",4,3,8.5,False,"7-4-1-6,3,5-2",6,1,13.5,False,-7,
202650092402,2,NewBeginni,ダ,1400,晴,良,11:10,2026-09-24,園田,5,6,6,2024103785,タイガーウィザード,牡2,56,05639,廣瀬航,1:34.0,クビ,3-3-3-4,41.5,25.3,6,461(0),05774,[地]保利良平,049033,伊藤和夫,35.0,"7,4,(3,6)-(1,2)-5",3,2,3.0,False,"7,4,(3,6),(1,2),5",3,2,3.0,False,"7,4-6-(3,1,5)-2",3,1,5.0,False,"7-4-1-6,3,5-2",4,1,10.5,False,-7,
202650092402,2,NewBeginni,ダ,1400,晴,良,11:10,2026-09-24,園田,6,3,3,2024102926,ビゼンカゲミツ,牡2,56,05646,笹田知宏,1:34.9,5,3-3-4-5,42.4,8.8,4,489(0),05691,[地]新子雅司,537033,野田善己,,"7,4,(3,6)-(1,2)-5",3,2,3.0,False,"7,4,(3,6),(1,2),5",3,2,3.0,False,"7,4-6-(3,1,5)-2",4,3,8.5,False,"7-4-1-6,3,5-2",5,1,12.0,False,-7,
202650092402,2,NewBeginni,ダ,1400,晴,良,11:10,2026-09-24,園田,7,2,2,2024100330,フクノショコラード,牡2,56,05681,永井孝典,1:36.6,大,5-5-7-7,43.7,111.7,7,448(0),05744,[地]渡瀬寛彰,159033,福島祐子,,"7,4,(3,6)-(1,2)-5",5,2,6.5,False,"7,4,(3,6),(1,2),5",5,2,4.5,False,"7,4-6-(3,1,5)-2",7,1,12.0,False,"7-4-1-6,3,5-2",7,1,17.0,False,-7,
202650092403,3,C3二,ダ,1400,晴,良,11:40,2026-09-24,園田,1,7,8,2021103992,ベストオブキング,牡5,57,05364,大山真吾,1:32.8,,2-2-2-2,40.3,2.1,1,503(-1),05777,[地]吉見真幸,x0906d,（一社）ｔａｘａｂｌ,60.0,"5-8,7,9,(3,10),6-(1,4),2",2,1,3.5,False,"5-8,7-9,(3,10),6-(1,4)-2",2,1,3.5,False,"5-(7,8),9,(3,10),6-(4,2),1",2,2,3.5,False,"5,(7,8)-9,(6,3),10,(1,4),2",2,2,1.5,False,-7,
202650092403,3,C3二,ダ,1400,晴,良,11:40,2026-09-24,園田,2,8,9,2014105991,サトノグラン,セ12,57,05545,山本咲希,1:32.9,クビ,4-4-4-4,40.1,2.7,2,486(+4),05466,[地]山口浩幸,094031,冨田藤男,24.0,"5-8,7,9,(3,10),6-(1,4),2",4,1,6.5,False,"5-8,7-9,(3,10),6-(1,4)-2",4,1,8.5,False,"5-(7,8),9,(3,10),6-(4,2),1",4,1,5.0,False,"5,(7,8)-9,(6,3),10,(1,4),2",4,1,5.0,False,-7,
202650092403,3,C3二,ダ,1400,晴,良,11:40,2026-09-24,園田,3,7,7,2020109101,メタルメタリカ,牡6,57,a0259,高畑皓一,1:33.0,3/4,3-3-2-2,40.5,54.0,9,449(-1),05482,[地]茂崎正善,673031,小橋亮太,15.0,"5-8,7,9,(3,10),6-(1,4),2",3,1,5.0,False,"5-8,7-9,(3,10),6-(1,4)-2",3,1,5.0,False,"5-(7,8),9,(3,10),6-(4,2),1",2,2,3.5,False,"5,(7,8)-9,(6,3),10,(1,4),2",2,2,1.5,False,-7,
202650092403,3,C3二,ダ,1400,晴,良,11:40,2026-09-24,園田,4,3,3,2021104264,カドサンガンバル,牡5,57,05646,笹田知宏,1:33.1,クビ,5-5-5-5,40.2,8.6,3,464(-7),05775,[地]石橋満,247030,芳賀克也,9.0,"5-8,7,9,(3,10),6-(1,4),2",5,2,8.0,False,"5-8,7-9,(3,10),6-(1,4)-2",5,2,10.0,False,"5-(7,8),9,(3,10),6-(4,2),1",5,2,6.5,False,"5,(7,8)-9,(6,3),10,(1,4),2",5,2,6.5,False,-7,
202650092403,3,C3二,ダ,1400,晴,良,11:40,2026-09-24,園田,5,6,6,2023101538,ケンシロウニセイ,牡3,56,05544,田野豊三,1:33.3,1,7-7-7-5,40.0,27.4,6,435(-1),a0477,[地]寺地誠一,x06de6,宮澤健,6.0,"5-8,7,9,(3,10),6-(1,4),2",7,1,9.5,False,"5-8,7-9,(3,10),6-(1,4)-2",7,1,11.5,False,"5-(7,8),9,(3,10),6-(4,2),1",7,1,8.0,False,"5,(7,8)-9,(6,3),10,(1,4),2",5,2,6.5,False,-7,
202650092403,3,C3二,ダ,1400,晴,良,11:40,2026-09-24,園田,6,5,5,2018100004,ユウバエ,牝8,55,05390,吉村智洋,1:33.5,1.1/2,1-1-1-1,41.6,10.2,4,429(+7),05528,[地]平松徳彦,x0a647,曽和栄司,,"5-8,7,9,(3,10),6-(1,4),2",1,1,0.0,False,"5-8,7-9,(3,10),6-(1,4)-2",1,1,0.0,False,"5-(7,8),9,(3,10),6-(4,2),1",1,1,0.0,False,"5,(7,8)-9,(6,3),10,(1,4),2",1,1,0.0,False,-7,
202650092403,3,C3二,ダ,1400,晴,良,11:40,2026-09-24,園田,7,8,10,2019102036,ウルティマン,牡7,53,05669,塩津璃菜,1:33.8,1.1/2,5-5-5-7,40.7,15.4,5,514(-3),05427,[地]稻田彰宏,x09552,古東薫,,"5-8,7,9,(3,10),6-(1,4),2",5,2,8.0,False,"5-8,7-9,(3,10),6-(1,4)-2",5,2,10.0,False,"5-(7,8),9,(3,10),6-(4,2),1",5,2,6.5,False,"5,(7,8)-9,(6,3),10,(1,4),2",7,1,8.0,False,-7,
202650092403,3,C3二,ダ,1400,晴,良,11:40,2026-09-24,園田,8,4,4,2021103671,カシスオレンジ,牡5,56,05697,小谷哲平,1:33.8,アタマ,8-8-8-8,39.8,30.2,8,492(-2),05482,[地]茂崎正善,x08563,組）オールザベスト組,,"5-8,7,9,(3,10),6-(1,4),2",8,2,13.0,False,"5-8,7-9,(3,10),6-(1,4)-2",8,2,15.0,False,"5-(7,8),9,(3,10),6-(4,2),1",8,2,11.5,False,"5,(7,8)-9,(6,3),10,(1,4),2",8,2,9.5,False,-7,
202650092403,3,C3二,ダ,1400,晴,良,11:40,2026-09-24,園田,9,1,1,2020104403,クライオブジアース,牡6,57,05667,土方颯太,1:34.2,2.1/2,8-8-10-8,40.1,29.7,7,495(+4),a0438,[地]藤川純,x09c36,境直行,,"5-8,7,9,(3,10),6-(1,4),2",8,2,13.0,False,"5-8,7-9,(3,10),6-(1,4)-2",8,2,15.0,False,"5-(7,8),9,(3,10),6-(4,2),1",10,1,13.0,False,"5,(7,8)-9,(6,3),10,(1,4),2",8,2,9.5,False,-7,
202650092403,3,C3二,ダ,1400,晴,良,11:40,2026-09-24,園田,10,2,2,2018102777,ワキノフラッシュ,牡8,57,05628,小谷周平,1:34.4,3/4,10-10-8-10,40.3,71.7,10,475(+1),05704,[地]飯田良弘,135007,脇山良之,,"5-8,7,9,(3,10),6-(1,4),2",10,1,14.5,False,"5-8,7-9,(3,10),6-(1,4)-2",10,1,18.5,False,"5-(7,8),9,(3,10),6-(4,2),1",8,2,11.5,False,"5,(7,8)-9,(6,3),10,(1,4),2",10,1,11.0,False,-7,
202650092404,4,豊能7ハロンC3一,ダ,1400,晴,良,12:10,2026-09-24,園田,1,2,2,2022101874,メイショウライズ,牡4,57,05390,吉村智洋,1:31.9,,8-7-7-6,39.2,1.4,1,498(+5),05734,[地]橋本忠明,911008,松本好隆,60.0,"(1,6),10,(3,8),9-5,(4,2),7",8,2,9.5,False,"1,6-10,(3,8),9-(4,5,2)-7",7,3,11.5,False,"(1,6,8),10,(3,5),(4,2,9),7",7,3,4.5,False,"(1,6,8),(3,5),(4,2)-9,(10,7)",6,2,3.0,False,-7,
202650092404,4,豊能7ハロンC3一,ダ,1400,晴,良,12:10,2026-09-24,園田,2,5,5,2020103993,オーシンエンジェル,牡6,57,05474,竹村達也,1:32.1,3/4,7-7-5-4,39.6,26.4,7,419(-6),05644,[地]三宅直之,673031,小橋亮太,24.0,"(1,6),10,(3,8),9-5,(4,2),7",7,1,8.0,False,"1,6-10,(3,8),9-(4,5,2)-7",7,3,11.5,False,"(1,6,8),10,(3,5),(4,2,9),7",5,2,3.0,False,"(1,6,8),(3,5),(4,2)-9,(10,7)",4,2,1.5,False,-7,
202650092404,4,豊能7ハロンC3一,ダ,1400,晴,良,12:10,2026-09-24,園田,3,6,6,2018110078,アクイール,牝8,55,05639,廣瀬航,1:32.3,1.1/2,1-2-1-1,40.4,36.3,8,483(-9),a0242,[地]尾林幸二,x0a647,曽和栄司,15.0,"(1,6),10,(3,8),9-5,(4,2),7",1,2,0.0,False,"1,6-10,(3,8),9-(4,5,2)-7",2,1,1.5,False,"(1,6,8),10,(3,5),(4,2,9),7",1,3,0.0,False,"(1,6,8),(3,5),(4,2)-9,(10,7)",1,3,0.0,False,-7,
202650092404,4,豊能7ハロンC3一,ダ,1400,晴,良,12:10,2026-09-24,園田,4,7,8,2022102035,スマートイザナミ,牝4,55,05530,杉浦健太,1:32.3,ハナ,4-4-1-1,40.1,5.8,2,462(+4),a02f1,[地]有馬澄男,x09ccf,（株）大川徹ホール,9.0,"(1,6),10,(3,8),9-5,(4,2),7",4,2,3.0,False,"1,6-10,(3,8),9-(4,5,2)-7",4,2,6.5,False,"(1,6,8),10,(3,5),(4,2,9),7",1,3,0.0,False,"(1,6,8),(3,5),(4,2)-9,(10,7)",1,3,0.0,False,-7,
202650092404,4,豊能7ハロンC3一,ダ,1400,晴,良,12:10,2026-09-24,園田,5,3,3,2020100693,ナムラデュラン,セ6,57,05364,大山真吾,1:32.7,2.1/2,4-4-5-4,40.5,67.4,9,460(+7),05767,[地]松平幸秀,x091aa,橘勝年,6.0,"(1,6),10,(3,8),9-5,(4,2),7",4,2,3.0,False,"1,6-10,(3,8),9-(4,5,2)-7",4,2,6.5,False,"(1,6,8),10,(3,5),(4,2,9),7",5,2,3.0,False,"(1,6,8),(3,5),(4,2)-9,(10,7)",4,2,1.5,False,-7,
202650092404,4,豊能7ハロンC3一,ダ,1400,晴,良,12:10,2026-09-24,園田,6,4,4,2021100056,ハッピーモンスター,セ5,56,05697,小谷哲平,1:32.9,3/4,8-7-7-6,40.2,13.2,5,440(-3),05707,[地]諏訪貴正,372008,三宅勝俊,,"(1,6),10,(3,8),9-5,(4,2),7",8,2,9.5,False,"1,6-10,(3,8),9-(4,5,2)-7",7,3,11.5,False,"(1,6,8),10,(3,5),(4,2,9),7",7,3,4.5,False,"(1,6,8),(3,5),(4,2)-9,(10,7)",6,2,3.0,False,-7,
202650092404,4,豊能7ハロンC3一,ダ,1400,晴,良,12:10,2026-09-24,園田,7,7,7,2020104605,パリパリ,牝6,55,05581,松木大地,1:33.3,2.1/2,10-10-10-9,40.3,11.8,3,457(-7),05435,[地]碇清次郎,x08ab2,（株）さくらコーポ,,"(1,6),10,(3,8),9-5,(4,2),7",10,1,11.0,False,"1,6-10,(3,8),9-(4,5,2)-7",10,1,15.0,False,"(1,6,8),10,(3,5),(4,2,9),7",10,1,6.0,False,"(1,6,8),(3,5),(4,2)-9,(10,7)",9,2,8.0,False,-7,
202650092404,4,豊能7ハロンC3一,ダ,1400,晴,良,12:10,2026-09-24,園田,8,8,9,2022100155,アグネスサンキ,セ4,57,05545,山本咲希,1:33.4,1/2,6-6-7-8,40.9,23.7,6,463(-6),05352,[地]岡田利一,x02e36,上山泰憲,,"(1,6),10,(3,8),9-5,(4,2),7",6,1,4.5,False,"1,6-10,(3,8),9-(4,5,2)-7",6,1,8.0,False,"(1,6,8),10,(3,5),(4,2,9),7",7,3,4.5,False,"(1,6,8),(3,5),(4,2)-9,(10,7)",8,1,6.5,False,-7,
202650092404,4,豊能7ハロンC3一,ダ,1400,晴,良,12:10,2026-09-24,園田,9,1,1,2022100008,ラムセスノムスメ,牝4,55,05628,小谷周平,1:33.9,3,1-1-1-1,42.1,164.9,10,424(-5),a02df,[地]玉垣光章,132030,澤田昭紀,,"(1,6),10,(3,8),9-5,(4,2),7",1,2,0.0,False,"1,6-10,(3,8),9-(4,5,2)-7",1,1,0.0,False,"(1,6,8),10,(3,5),(4,2,9),7",1,3,0.0,False,"(1,6,8),(3,5),(4,2)-9,(10,7)",1,3,0.0,False,-7,
202650092404,4,豊能7ハロンC3一,ダ,1400,晴,良,12:10,2026-09-24,園田,10,8,10,2022106178,アメリカンタロー,牡4,57,00815,川原正一,1:35.3,9,3-3-4-9,43.2,12.3,4,543(-5),05567,[地]森澤友貴,484031,辻子依旦,,"(1,6),10,(3,8),9-5,(4,2),7",3,1,1.5,False,"1,6-10,(3,8),9-(4,5,2)-7",3,1,5.0,False,"(1,6,8),10,(3,5),(4,2,9),7",4,1,1.5,False,"(1,6,8),(3,5),(4,2)-9,(10,7)",9,2,8.0,False,-7,
202650092405,5,神山7ハロンC2二,ダ,1400,晴,良,12:40,2026-09-24,園田,1,7,8,2022101724,アイルヴィータ,牡4,57,05390,吉村智洋,1:31.2,,5-5-4-2,39.6,8.1,3,450(-1),05590,[地]長倉功,427030,前原敏行,70.0,"(9,10),2-3,8,(1,6,7),5,4",5,1,6.5,False,"9,10,2-3,(1,6,7,8),5-4",5,4,8.0,False,"(9,10),2,8-(3,5),7-(1,6,4)",4,1,3.0,False,"10,(2,8)-9,3,(7,5),1,(6,4)",2,2,1.5,False,-7,
202650092405,5,神山7ハロンC2二,ダ,1400,晴,良,12:40,2026-09-24,園田,2,8,10,2022101153,シャインシュシュ,牝4,52,a06c7,高橋洸佑,1:31.2,クビ,1-2-1-1,40.3,1.3,1,493(-4),05774,[地]保利良平,369008,皆川博文,28.0,"(9,10),2-3,8,(1,6,7),5,4",1,2,0.0,False,"9,10,2-3,(1,6,7,8),5-4",2,1,1.5,False,"(9,10),2,8-(3,5),7-(1,6,4)",1,2,0.0,False,"10,(2,8)-9,3,(7,5),1,(6,4)",1,1,0.0,False,-7,
202650092405,5,神山7ハロンC2二,ダ,1400,晴,良,12:40,2026-09-24,園田,3,2,2,2018105781,フレイムフォース,牡8,57,05522,井上幹太,1:31.8,3.1/2,3-3-3-2,40.7,19.2,4,481(-1),05757,[地]雑賀伸一,x06065,生部初男,17.5,"(9,10),2-3,8,(1,6,7),5,4",3,1,1.5,False,"9,10,2-3,(1,6,7,8),5-4",3,1,3.0,False,"(9,10),2,8-(3,5),7-(1,6,4)",3,1,1.5,False,"10,(2,8)-9,3,(7,5),1,(6,4)",2,2,1.5,False,-7,
202650092405,5,神山7ハロンC2二,ダ,1400,晴,良,12:40,2026-09-24,園田,4,7,7,2023100679,コンバットモモヒメ,牝3,52,a06c8,南部楓馬,1:32.9,7,6-5-7-6,40.9,25.9,6,440(-5),05755,[地]永島太郎,x09d53,（株）アプエンテ,10.5,"(9,10),2-3,8,(1,6,7),5,4",6,3,8.0,False,"9,10,2-3,(1,6,7,8),5-4",5,4,8.0,False,"(9,10),2,8-(3,5),7-(1,6,4)",7,1,8.0,False,"10,(2,8)-9,3,(7,5),1,(6,4)",6,2,8.0,False,-7,
202650092405,5,神山7ハロンC2二,ダ,1400,晴,良,12:40,2026-09-24,園田,5,3,3,2023100175,エイシンビクーニャ,牝3,55,05681,永井孝典,1:33.0,1/2,4-4-5-5,41.2,24.8,5,478(-6),05528,[地]平松徳彦,318033,平井克彦,7.0,"(9,10),2-3,8,(1,6,7),5,4",4,1,5.0,False,"9,10,2-3,(1,6,7,8),5-4",4,1,6.5,False,"(9,10),2,8-(3,5),7-(1,6,4)",5,2,6.5,False,"10,(2,8)-9,3,(7,5),1,(6,4)",5,1,6.5,False,-7,
202650092405,5,神山7ハロンC2二,ダ,1400,晴,良,12:40,2026-09-24,園田,6,1,1,2020101475,スーパークール,セ6,57,05338,渡瀬和幸,1:33.6,3.1/2,6-5-8-8,41.5,69.4,7,487(-7),a0242,[地]尾林幸二,284031,石原進,,"(9,10),2-3,8,(1,6,7),5,4",6,3,8.0,False,"9,10,2-3,(1,6,7,8),5-4",5,4,8.0,False,"(9,10),2,8-(3,5),7-(1,6,4)",8,3,11.5,False,"10,(2,8)-9,3,(7,5),1,(6,4)",8,1,9.5,False,-7,
202650092405,5,神山7ハロンC2二,ダ,1400,晴,良,12:40,2026-09-24,園田,7,5,5,2023101206,スーパーチャイルド,牡3,56,05545,山本咲希,1:33.8,1,9-9-5-6,41.6,4.5,2,501(+5),05734,[地]橋本忠明,144034,山下裕司,,"(9,10),2-3,8,(1,6,7),5,4",9,1,9.5,False,"9,10,2-3,(1,6,7,8),5-4",9,1,9.5,False,"(9,10),2,8-(3,5),7-(1,6,4)",5,2,6.5,False,"10,(2,8)-9,3,(7,5),1,(6,4)",6,2,8.0,False,-7,
202650092405,5,神山7ハロンC2二,ダ,1400,晴,良,12:40,2026-09-24,園田,8,4,4,2021104644,アカキチノイレブン,牡5,57,05639,廣瀬航,1:34.0,3/4,10-10-8-9,41.5,101.0,10,482(+3),a0242,[地]尾林幸二,827008,神村雅己,,"(9,10),2-3,8,(1,6,7),5,4",10,1,11.0,False,"9,10,2-3,(1,6,7,8),5-4",10,1,13.0,False,"(9,10),2,8-(3,5),7-(1,6,4)",8,3,11.5,False,"10,(2,8)-9,3,(7,5),1,(6,4)",9,2,11.0,False,-7,
202650092405,5,神山7ハロンC2二,ダ,1400,晴,良,12:40,2026-09-24,園田,9,6,6,2020100542,ワンダーカラフル,牡6,57,05581,松木大地,1:34.4,2.1/2,6-5-8-9,42.0,92.9,9,499(-9),05291,[地]西村守幸,184033,山本能成,,"(9,10),2-3,8,(1,6,7),5,4",6,3,8.0,False,"9,10,2-3,(1,6,7,8),5-4",5,4,8.0,False,"(9,10),2,8-(3,5),7-(1,6,4)",8,3,11.5,False,"10,(2,8)-9,3,(7,5),1,(6,4)",9,2,11.0,False,-7,
202650092405,5,神山7ハロンC2二,ダ,1400,晴,良,12:40,2026-09-24,園田,10,8,9,2022105907,トーアローダンテ,牝4,55,05474,竹村達也,1:35.9,9,1-1-1-4,45.0,88.5,8,467(-3),05623,[地]栗林徹治,165803,（同）ＪＰＮ技研,,"(9,10),2-3,8,(1,6,7),5,4",1,2,0.0,False,"9,10,2-3,(1,6,7,8),5-4",1,1,0.0,False,"(9,10),2,8-(3,5),7-(1,6,4)",1,2,0.0,False,"10,(2,8)-9,3,(7,5),1,(6,4)",4,1,5.0,False,-7,
202650092406,6,C3,ダ,820,晴,良,13:10,2026-09-24,園田,1,3,3,2022106325,スパイウェア,牡4,57,05545,山本咲希,0:50.6,,1-1,36.5,5.9,3,484(+3),05702,[地]盛本信春,x0b874,木下昌秀,60.0,,,,,,,,,,,"(3,12)-(1,11),(8,2),9,(4,7),(5,6,10)",1,2,0.0,False,"3,12,1,11-(8,2),4,(5,9),(6,10),7",1,1,0.0,False,-9,
202650092406,6,C3,ダ,820,晴,良,13:10,2026-09-24,園田,2,8,12,2023104694,カツ,牡3,52,05669,塩津璃菜,0:51.0,2.1/2,1-2,36.6,5.9,2,482(-2),05715,[地]北野真弘,130002,安部重夫,24.0,,,,,,,,,,,"(3,12)-(1,11),(8,2),9,(4,7),(5,6,10)",1,2,0.0,False,"3,12,1,11-(8,2),4,(5,9),(6,10),7",2,1,1.5,False,-9,
202650092406,6,C3,ダ,820,晴,良,13:10,2026-09-24,園田,3,8,11,2021102077,クレスコウェイ,牡5,57,05530,杉浦健太,0:51.5,3,3-4,37.1,2.2,1,530(-3),a02df,[地]玉垣光章,143007,堀川三郎,15.0,,,,,,,,,,,"(3,12)-(1,11),(8,2),9,(4,7),(5,6,10)",3,2,3.5,False,"3,12,1,11-(8,2),4,(5,9),(6,10),7",4,1,4.5,False,-9,
202650092406,6,C3,ダ,820,晴,良,13:10,2026-09-24,園田,4,5,5,2017106106,シェナホープ,牡9,54,a06c8,南部楓馬,0:51.5,クビ,10-8,36.3,12.6,7,465(-4),05466,[地]山口浩幸,094031,冨田藤男,9.0,,,,,,,,,,,"(3,12)-(1,11),(8,2),9,(4,7),(5,6,10)",10,3,9.5,False,"3,12,1,11-(8,2),4,(5,9),(6,10),7",8,2,11.0,False,-9,
202650092406,6,C3,ダ,820,晴,良,13:10,2026-09-24,園田,5,1,1,2020107014,ハンバーグハマー,牝6,55,00815,川原正一,0:51.7,1.1/4,3-3,37.5,9.2,5,466(0),05700,[地]土屋洋之,x0a427,濱村充哉,6.0,,,,,,,,,,,"(3,12)-(1,11),(8,2),9,(4,7),(5,6,10)",3,2,3.5,False,"3,12,1,11-(8,2),4,(5,9),(6,10),7",3,1,3.0,False,-9,
202650092406,6,C3,ダ,820,晴,良,13:10,2026-09-24,園田,6,4,4,2020106508,メイショウコウラン,牝6,55,05636,長尾翼玖,0:51.8,クビ,8-7,36.9,30.4,8,416(+1),05605,[地]徳本慶一,x09067,遠藤喜和,,,,,,,,,,,,"(3,12)-(1,11),(8,2),9,(4,7),(5,6,10)",8,2,8.0,False,"3,12,1,11-(8,2),4,(5,9),(6,10),7",7,1,9.5,False,-9,
202650092406,6,C3,ダ,820,晴,良,13:10,2026-09-24,園田,7,2,2,2021102683,ニシノウインド,牡5,57,05681,永井孝典,0:51.8,クビ,5-5,37.3,7.3,4,458(+3),05466,[地]山口浩幸,094031,冨田藤男,,,,,,,,,,,,"(3,12)-(1,11),(8,2),9,(4,7),(5,6,10)",5,2,5.0,False,"3,12,1,11-(8,2),4,(5,9),(6,10),7",5,2,8.0,False,-9,
202650092406,6,C3,ダ,820,晴,良,13:10,2026-09-24,園田,8,6,8,2023100498,グルーヴグルーヴ,牡3,56,05338,渡瀬和幸,0:52.5,4,5-5,38.1,10.3,6,405(-1),05777,[地]吉見真幸,000034,勝田和信,,,,,,,,,,,,"(3,12)-(1,11),(8,2),9,(4,7),(5,6,10)",5,2,5.0,False,"3,12,1,11-(8,2),4,(5,9),(6,10),7",5,2,8.0,False,-9,
202650092406,6,C3,ダ,820,晴,良,13:10,2026-09-24,園田,9,7,9,2023103111,ヴィンセント,牝3,55,05474,竹村達也,0:52.6,クビ,7-8,37.8,137.0,10,425(+2),05605,[地]徳本慶一,x0b36d,廣藤知範,,,,,,,,,,,,"(3,12)-(1,11),(8,2),9,(4,7),(5,6,10)",7,1,6.5,False,"3,12,1,11-(8,2),4,(5,9),(6,10),7",8,2,11.0,False,-9,
202650092406,6,C3,ダ,820,晴,良,13:10,2026-09-24,園田,10,6,7,2019102358,マルノミズキ,牝7,55,05672,山本屋太,0:52.9,2,8-12,37.7,100.9,9,455(0),a0212,[地]織田誠,034005,丸山隆雄,,,,,,,,,,,,"(3,12)-(1,11),(8,2),9,(4,7),(5,6,10)",8,2,8.0,False,"3,12,1,11-(8,2),4,(5,9),(6,10),7",12,1,14.0,False,-9,
202650092406,6,C3,ダ,820,晴,良,13:10,2026-09-24,園田,11,5,6,2023100619,フェーヴルブラン,牡3,56,a0259,高畑皓一,0:53.0,クビ,10-10,37.9,188.5,11,461(+4),05482,[地]茂崎正善,372008,三宅勝俊,,,,,,,,,,,,"(3,12)-(1,11),(8,2),9,(4,7),(5,6,10)",10,3,9.5,False,"3,12,1,11-(8,2),4,(5,9),(6,10),7",10,2,12.5,False,-9,
202650092406,6,C3,ダ,820,晴,良,13:10,2026-09-24,園田,12,7,10,2020105865,ダリ,牡6,54,a06c7,高橋洸佑,0:53.0,ハナ,10-10,37.9,292.0,12,435(+4),a03c4,[地]西川進也,x09cac,（株）ＴＫＫ,,,,,,,,,,,,"(3,12)-(1,11),(8,2),9,(4,7),(5,6,10)",10,3,9.5,False,"3,12,1,11-(8,2),4,(5,9),(6,10),7",10,2,12.5,False,-9,
202650092407,7,C3,ダ,1700,晴,良,13:40,2026-09-24,園田,1,3,3,2022110155,エーピーポエティス,牝4,55,05672,山本屋太,1:52.9,,7-7-1-1,38.8,4.0,2,472(0),05718,[地]坂本和也,074031,谷口祐人,60.0,"(1,10),9,7,(4,8),(6,3)-2-5",7,2,6.0,False,"(1,10),(7,9)-(4,8),(6,3)-2-5",7,2,6.5,False,"(1,3),(7,9,8)-(4,10),6-(2,5)",1,2,0.0,False,"(1,3)-(7,8),9,4,2,6,5,10",1,2,0.0,False,-7,
202650092407,7,C3,ダ,1700,晴,良,13:40,2026-09-24,園田,2,1,1,2021104653,ゴールデンロンドン,牡5,57,05681,永井孝典,1:53.5,3.1/2,1-1-1-1,40.0,8.6,4,494(-3),a029e,[地]田村彰啓,x09c79,吉川真ノ介,24.0,"(1,10),9,7,(4,8),(6,3)-2-5",1,2,0.0,False,"(1,10),(7,9)-(4,8),(6,3)-2-5",1,2,0.0,False,"(1,3),(7,9,8)-(4,10),6-(2,5)",1,2,0.0,False,"(1,3)-(7,8),9,4,2,6,5,10",1,2,0.0,False,-7,
202650092407,7,C3,ダ,1700,晴,良,13:40,2026-09-24,園田,3,7,7,2023103043,カクヘン,牡3,56,05390,吉村智洋,1:54.5,6,4-3-3-3,40.7,1.7,1,509(+18),05777,[地]吉見真幸,x0b4ea,（株）ファーストオ,15.0,"(1,10),9,7,(4,8),(6,3)-2-5",4,1,3.0,False,"(1,10),(7,9)-(4,8),(6,3)-2-5",3,2,1.5,False,"(1,3),(7,9,8)-(4,10),6-(2,5)",3,3,1.5,False,"(1,3)-(7,8),9,4,2,6,5,10",3,2,3.5,False,-7,
202650092407,7,C3,ダ,1700,晴,良,13:40,2026-09-24,園田,4,4,4,2023109052,フィフスドア,牡3,56,05530,杉浦健太,1:54.5,クビ,5-5-6-6,40.2,7.0,3,467(-8),05707,[地]諏訪貴正,x0afba,山本幸生,9.0,"(1,10),9,7,(4,8),(6,3)-2-5",5,2,4.5,False,"(1,10),(7,9)-(4,8),(6,3)-2-5",5,2,5.0,False,"(1,3),(7,9,8)-(4,10),6-(2,5)",6,2,5.0,False,"(1,3)-(7,8),9,4,2,6,5,10",6,1,6.5,False,-7,
202650092407,7,C3,ダ,1700,晴,良,13:40,2026-09-24,園田,5,7,8,2017105077,ヴァイスリヒト,牡9,57,05544,田野豊三,1:54.7,3/4,5-5-3-3,40.7,29.7,6,474(0),05266,[地]田中道夫,713033,西岡透,6.0,"(1,10),9,7,(4,8),(6,3)-2-5",5,2,4.5,False,"(1,10),(7,9)-(4,8),(6,3)-2-5",5,2,5.0,False,"(1,3),(7,9,8)-(4,10),6-(2,5)",3,3,1.5,False,"(1,3)-(7,8),9,4,2,6,5,10",3,2,3.5,False,-7,
202650092407,7,C3,ダ,1700,晴,良,13:40,2026-09-24,園田,6,8,9,2020103194,ギャラン,セ6,53,05669,塩津璃菜,1:54.8,1/2,3-3-3-5,41.0,11.3,5,459(-1),05740,[地]長南和宏,545031,永山芳大,,"(1,10),9,7,(4,8),(6,3)-2-5",3,1,1.5,False,"(1,10),(7,9)-(4,8),(6,3)-2-5",3,2,1.5,False,"(1,3),(7,9,8)-(4,10),6-(2,5)",3,3,1.5,False,"(1,3)-(7,8),9,4,2,6,5,10",5,1,5.0,False,-7,
202650092407,7,C3,ダ,1700,晴,良,13:40,2026-09-24,園田,7,2,2,2022103916,ロングロングロング,牡4,56,05697,小谷哲平,1:55.0,1.1/4,9-9-9-7,39.7,159.7,9,484(-1),a0378,[地]木村健,768006,薪浦亨,,"(1,10),9,7,(4,8),(6,3)-2-5",9,1,9.5,False,"(1,10),(7,9)-(4,8),(6,3)-2-5",9,1,10.0,False,"(1,3),(7,9,8)-(4,10),6-(2,5)",9,2,10.0,False,"(1,3)-(7,8),9,4,2,6,5,10",7,1,8.0,False,-7,
202650092407,7,C3,ダ,1700,晴,良,13:40,2026-09-24,園田,8,5,5,2022106797,マイネルトラキア,牡4,57,05474,竹村達也,1:55.5,3,10-10-9-9,40.2,34.4,7,450(-8),05756,[地]南弘樹,899033,佐野幸一郎,,"(1,10),9,7,(4,8),(6,3)-2-5",10,1,13.0,False,"(1,10),(7,9)-(4,8),(6,3)-2-5",10,1,13.5,False,"(1,3),(7,9,8)-(4,10),6-(2,5)",9,2,10.0,False,"(1,3)-(7,8),9,4,2,6,5,10",9,1,11.0,False,-7,
202650092407,7,C3,ダ,1700,晴,良,13:40,2026-09-24,園田,9,6,6,2022105562,ジーティーパール,牝4,55,a0259,高畑皓一,1:55.6,1/2,7-7-8-8,41.2,137.0,8,437(-3),a01f5,[地]尾原強,x09514,太田雅貴,,"(1,10),9,7,(4,8),(6,3)-2-5",7,2,6.0,False,"(1,10),(7,9)-(4,8),(6,3)-2-5",7,2,6.5,False,"(1,3),(7,9,8)-(4,10),6-(2,5)",8,1,6.5,False,"(1,3)-(7,8),9,4,2,6,5,10",8,1,9.5,False,-7,
202650092407,7,C3,ダ,1700,晴,良,13:40,2026-09-24,園田,10,8,10,2021101274,ブエイ,牡5,57,05338,渡瀬和幸,1:57.2,10,1-1-6-10,43.5,214.3,10,540(+1),a0212,[地]織田誠,673031,小橋亮太,,"(1,10),9,7,(4,8),(6,3)-2-5",1,2,0.0,False,"(1,10),(7,9)-(4,8),(6,3)-2-5",1,2,0.0,False,"(1,3),(7,9,8)-(4,10),6-(2,5)",6,2,5.0,False,"(1,3)-(7,8),9,4,2,6,5,10",10,1,12.5,False,-7,
202650092408,8,C2一,ダ,1400,晴,良,14:10,2026-09-24,園田,1,2,2,2021105416,ラガークイン,牝5,55,00894,小牧太,1:30.6,,6-5-6-4,37.4,2.0,1,425(+3),a02f1,[地]有馬澄男,x0816a,豊島愛子,70.0,"6,(1,5,8),10,(2,4),3,9,7",6,2,4.5,False,"6,(1,5,8),(2,10),(3,4),9-7",5,2,3.0,False,"(6,8),(1,5,10),2,4,(3,9)=7",6,1,3.0,False,"6,(8,10),(1,5,2)-3,9-4-7",4,3,3.0,False,-7,
202650092408,8,C2一,ダ,1400,晴,良,14:10,2026-09-24,園田,2,8,10,2022104471,アカオー,牡4,57,05581,松木大地,1:31.2,4,5-5-3-2,38.2,27.2,7,465(+3),a03c4,[地]西川進也,729008,共田義夫,28.0,"6,(1,5,8),10,(2,4),3,9,7",5,1,3.0,False,"6,(1,5,8),(2,10),(3,4),9-7",5,2,3.0,False,"(6,8),(1,5,10),2,4,(3,9)=7",3,3,1.5,False,"6,(8,10),(1,5,2)-3,9-4-7",2,2,1.5,False,-7,
202650092408,8,C2一,ダ,1400,晴,良,14:10,2026-09-24,園田,3,7,8,2021105179,ピエナフェリーチェ,牝5,55,05328,下原理,1:31.2,アタマ,2-2-1-2,38.4,9.8,6,445(-5),a02df,[地]玉垣光章,023007,本谷兼三,17.5,"6,(1,5,8),10,(2,4),3,9,7",2,3,1.5,False,"6,(1,5,8),(2,10),(3,4),9-7",2,3,1.5,False,"(6,8),(1,5,10),2,4,(3,9)=7",1,2,0.0,False,"6,(8,10),(1,5,2)-3,9-4-7",2,2,1.5,False,-7,
202650092408,8,C2一,ダ,1400,晴,良,14:10,2026-09-24,園田,4,6,6,2023105506,エイシンジザイテン,牡3,56,05530,杉浦健太,1:31.6,2.1/2,1-1-1-1,38.9,7.0,3,489(-12),a0378,[地]木村健,318033,平井克彦,10.5,"6,(1,5,8),10,(2,4),3,9,7",1,1,0.0,False,"6,(1,5,8),(2,10),(3,4),9-7",1,1,0.0,False,"(6,8),(1,5,10),2,4,(3,9)=7",1,2,0.0,False,"6,(8,10),(1,5,2)-3,9-4-7",1,1,0.0,False,-7,
202650092408,8,C2一,ダ,1400,晴,良,14:10,2026-09-24,園田,5,5,5,2023102612,エイシンピサロ,牡3,56,05390,吉村智洋,1:32.0,2.1/2,2-2-3-4,39.0,8.5,5,478(+3),05702,[地]盛本信春,318033,平井克彦,7.0,"6,(1,5,8),10,(2,4),3,9,7",2,3,1.5,False,"6,(1,5,8),(2,10),(3,4),9-7",2,3,1.5,False,"(6,8),(1,5,10),2,4,(3,9)=7",3,3,1.5,False,"6,(8,10),(1,5,2)-3,9-4-7",4,3,3.0,False,-7,
202650092408,8,C2一,ダ,1400,晴,良,14:10,2026-09-24,園田,6,1,1,2021106547,タガノハスビナー,牝5,55,05364,大山真吾,1:32.3,1.3/4,2-2-3-4,39.4,4.3,2,442(+5),05435,[地]碇清次郎,899030,崎川美枝子,,"6,(1,5,8),10,(2,4),3,9,7",2,3,1.5,False,"6,(1,5,8),(2,10),(3,4),9-7",2,3,1.5,False,"(6,8),(1,5,10),2,4,(3,9)=7",3,3,1.5,False,"6,(8,10),(1,5,2)-3,9-4-7",4,3,3.0,False,-7,
202650092408,8,C2一,ダ,1400,晴,良,14:10,2026-09-24,園田,7,3,3,2022101651,デルタフォー,牡4,57,05544,田野豊三,1:32.6,1.1/2,8-7-8-7,39.1,8.1,4,523(+3),a0438,[地]藤川純,x0bb86,岩谷一裕,,"6,(1,5,8),10,(2,4),3,9,7",8,1,6.0,False,"6,(1,5,8),(2,10),(3,4),9-7",7,2,4.5,False,"(6,8),(1,5,10),2,4,(3,9)=7",8,2,6.0,False,"6,(8,10),(1,5,2)-3,9-4-7",7,1,6.5,False,-7,
202650092408,8,C2一,ダ,1400,晴,良,14:10,2026-09-24,園田,8,8,9,2023103944,マジックエミリア,牝3,54,05697,小谷哲平,1:33.3,4,9-9-8-8,39.8,337.5,9,415(-7),05289,[地]田中範雄,926007,吉田忠史,,"6,(1,5,8),10,(2,4),3,9,7",9,1,7.5,False,"6,(1,5,8),(2,10),(3,4),9-7",9,1,6.0,False,"(6,8),(1,5,10),2,4,(3,9)=7",8,2,6.0,False,"6,(8,10),(1,5,2)-3,9-4-7",8,1,8.0,False,-7,
202650092408,8,C2一,ダ,1400,晴,良,14:10,2026-09-24,園田,9,7,7,2023105702,レディアエラ,牝3,55,05667,土方颯太,1:34.5,7,10-10-10-10,39.8,455.7,10,429(-5),a0265,[地]山元博徳,042803,（株）ファーストビ,,"6,(1,5,8),10,(2,4),3,9,7",10,1,9.0,False,"6,(1,5,8),(2,10),(3,4),9-7",10,1,9.5,False,"(6,8),(1,5,10),2,4,(3,9)=7",10,1,12.0,False,"6,(8,10),(1,5,2)-3,9-4-7",10,1,15.0,False,-7,
202650092408,8,C2一,ダ,1400,晴,良,14:10,2026-09-24,園田,10,4,4,2023105572,チャチャット,牝3,55,05522,井上幹太,1:35.1,3.1/2,6-7-7-9,41.9,103.8,8,427(+19),a074f,[地]田中学,x0afe9,大塚亮一（株）,,"6,(1,5,8),10,(2,4),3,9,7",6,2,4.5,False,"6,(1,5,8),(2,10),(3,4),9-7",7,2,4.5,False,"(6,8),(1,5,10),2,4,(3,9)=7",7,1,4.5,False,"6,(8,10),(1,5,2)-3,9-4-7",9,1,11.5,False,-7,
202650092409,9,A2B1,ダ,1870,晴,良,14:40,2026-09-24,園田,1,2,2,2021103319,レイアンドダンス,牡5,58,05639,廣瀬航,2:04.7,,1-1-1-1,38.3,5.1,3,427(-4),05707,[地]諏訪貴正,x0b558,（同）スカイラーシス,280.0,"2,4,(3,5),(6,7)-(1,8)",1,1,0.0,False,"2,4,3,(5,7),6-(1,8)",1,1,0.0,False,"2,7,(3,4),5,6-(1,8)",1,1,0.0,False,"2,7-(3,4),(5,6)=8,1",1,1,0.0,False,-7,
202650092409,9,A2B1,ダ,1870,晴,良,14:40,2026-09-24,園田,2,7,7,2020103550,ダイヤグラフ,牡6,56,00894,小牧太,2:04.8,1/2,5-4-2-2,38.2,3.0,2,504(+6),05704,[地]飯田良弘,x091aa,橘勝年,112.0,"2,4,(3,5),(6,7)-(1,8)",5,2,4.5,False,"2,4,3,(5,7),6-(1,8)",4,2,4.5,False,"2,7,(3,4),5,6-(1,8)",2,1,1.5,False,"2,7-(3,4),(5,6)=8,1",2,1,1.5,False,-7,
202650092409,9,A2B1,ダ,1870,晴,良,14:40,2026-09-24,園田,3,6,6,2021101204,ライトピラー,牝5,56,05544,田野豊三,2:05.0,1.1/2,5-6-6-5,38.2,2.3,1,522(+8),05744,[地]渡瀬寛彰,686006,平井裕,70.0,"2,4,(3,5),(6,7)-(1,8)",5,2,4.5,False,"2,4,3,(5,7),6-(1,8)",6,1,6.0,False,"2,7,(3,4),5,6-(1,8)",6,1,6.0,False,"2,7-(3,4),(5,6)=8,1",5,2,6.5,False,-7,
202650092409,9,A2B1,ダ,1870,晴,良,14:40,2026-09-24,園田,4,4,4,2019100124,ホクザンゴールド,牡7,56,05636,長尾翼玖,2:05.4,2.1/2,2-2-3-3,38.9,5.4,4,465(+1),a0438,[地]藤川純,906034,木本辰也,42.0,"2,4,(3,5),(6,7)-(1,8)",2,1,1.5,False,"2,4,3,(5,7),6-(1,8)",2,1,1.5,False,"2,7,(3,4),5,6-(1,8)",3,2,3.0,False,"2,7-(3,4),(5,6)=8,1",3,2,5.0,False,-7,
202650092409,9,A2B1,ダ,1870,晴,良,14:40,2026-09-24,園田,5,5,5,2020100433,オズモポリタン,牝6,56,05530,杉浦健太,2:05.7,1.1/2,3-4-5-5,39.0,17.6,5,480(0),05707,[地]諏訪貴正,x0b558,（同）スカイラーシス,28.0,"2,4,(3,5),(6,7)-(1,8)",3,2,3.0,False,"2,4,3,(5,7),6-(1,8)",4,2,4.5,False,"2,7,(3,4),5,6-(1,8)",5,1,4.5,False,"2,7-(3,4),(5,6)=8,1",5,2,6.5,False,-7,
202650092409,9,A2B1,ダ,1870,晴,良,14:40,2026-09-24,園田,6,3,3,2021105989,マダムホーク,牝5,56,05328,下原理,2:05.7,アタマ,3-3-3-3,39.1,18.2,6,490(+6),a0477,[地]寺地誠一,x0b350,川副真姫,,"2,4,(3,5),(6,7)-(1,8)",3,2,3.0,False,"2,4,3,(5,7),6-(1,8)",3,1,3.0,False,"2,7,(3,4),5,6-(1,8)",3,2,3.0,False,"2,7-(3,4),(5,6)=8,1",3,2,5.0,False,-7,
202650092409,9,A2B1,ダ,1870,晴,良,14:40,2026-09-24,園田,7,8,8,2020101952,ナムラオリビア,牝6,50,05669,塩津璃菜,2:08.0,大,7-7-7-7,40.8,352.4,8,442(-1),a0265,[地]山元博徳,042803,（株）ファーストビ,,"2,4,(3,5),(6,7)-(1,8)",7,2,8.0,False,"2,4,3,(5,7),6-(1,8)",7,2,9.5,False,"2,7,(3,4),5,6-(1,8)",7,2,9.5,False,"2,7-(3,4),(5,6)=8,1",7,1,12.5,False,-7,
202650092409,9,A2B1,ダ,1870,晴,良,14:40,2026-09-24,園田,8,1,1,2020110053,ノイジーアプローチ,牡6,56,a0259,高畑皓一,2:09.2,7,7-7-7-8,42.0,243.3,7,486(-6),a024a,[地]小村正也,x0beb5,ジェイアイ（株）,,"2,4,(3,5),(6,7)-(1,8)",7,2,8.0,False,"2,4,3,(5,7),6-(1,8)",7,2,9.5,False,"2,7,(3,4),5,6-(1,8)",7,2,9.5,False,"2,7-(3,4),(5,6)=8,1",8,1,14.0,False,-7,
202650092410,10,C2,ダ,1700,晴,良,15:15,2026-09-24,園田,1,7,8,2023101043,メイショウジンソウ,牡3,56,00815,川原正一,1:53.0,,5-5-1-1,39.2,3.2,2,485(-17),05567,[地]森澤友貴,911008,松本好隆,80.0,"1,7,(2,10),(5,8),6,(3,9)",5,2,4.5,False,"(1,7),(2,10),(5,8)-(3,6)-9",5,2,3.0,False,"(7,8)-(1,3),(2,5)-10-9,6",1,2,0.0,False,"(7,8)-3,1-2-5-(10,9),6",1,2,0.0,False,-7,
202650092410,10,C2,ダ,1700,晴,良,15:15,2026-09-24,園田,2,7,7,2023101979,サンオブザサン,牡3,56,05639,廣瀬航,1:53.0,クビ,2-1-1-1,39.2,1.9,1,517(-1),05704,[地]飯田良弘,309803,（株）レックス,32.0,"1,7,(2,10),(5,8),6,(3,9)",2,1,1.5,False,"(1,7),(2,10),(5,8)-(3,6)-9",1,2,0.0,False,"(7,8)-(1,3),(2,5)-10-9,6",1,2,0.0,False,"(7,8)-3,1-2-5-(10,9),6",1,2,0.0,False,-7,
202650092410,10,C2,ダ,1700,晴,良,15:15,2026-09-24,園田,3,3,3,2023103504,ハイランダー,牡3,56,05390,吉村智洋,1:54.2,7,8-7-3-3,39.7,3.8,3,468(0),05590,[地]長倉功,x0a25e,（株）シンシアリー,20.0,"1,7,(2,10),(5,8),6,(3,9)",8,2,7.5,False,"(1,7),(2,10),(5,8)-(3,6)-9",7,2,6.5,False,"(7,8)-(1,3),(2,5)-10-9,6",3,2,3.5,False,"(7,8)-3,1-2-5-(10,9),6",3,1,3.5,False,-7,
202650092410,10,C2,ダ,1700,晴,良,15:15,2026-09-24,園田,4,2,2,2020100916,ヴィクトリーアイ,牡6,57,05681,永井孝典,1:54.8,4,3-3-5-5,40.6,24.7,5,459(+3),05574,[地]大塚信次,x08ab2,（株）さくらコーポ,12.0,"1,7,(2,10),(5,8),6,(3,9)",3,2,3.0,False,"(1,7),(2,10),(5,8)-(3,6)-9",3,2,1.5,False,"(7,8)-(1,3),(2,5)-10-9,6",5,2,5.0,False,"(7,8)-3,1-2-5-(10,9),6",5,1,8.5,False,-7,
202650092410,10,C2,ダ,1700,晴,良,15:15,2026-09-24,園田,5,1,1,2023105671,ヒカ,牝3,55,05544,田野豊三,1:55.1,1.1/2,1-1-3-4,41.2,80.6,7,497(+1),05775,[地]石橋満,375803,（株）ＭＭＳホール,8.0,"1,7,(2,10),(5,8),6,(3,9)",1,1,0.0,False,"(1,7),(2,10),(5,8)-(3,6)-9",1,2,0.0,False,"(7,8)-(1,3),(2,5)-10-9,6",3,2,3.5,False,"(7,8)-3,1-2-5-(10,9),6",4,1,5.0,False,-7,
202650092410,10,C2,ダ,1700,晴,良,15:15,2026-09-24,園田,6,6,6,2020103903,シュライフェ,牝6,51,05669,塩津璃菜,1:56.9,大,7-7-9-9,41.8,331.2,9,494(-7),a0265,[地]山元博徳,042803,（株）ファーストビ,,"1,7,(2,10),(5,8),6,(3,9)",7,1,6.0,False,"(1,7),(2,10),(5,8)-(3,6)-9",7,2,6.5,False,"(7,8)-(1,3),(2,5)-10-9,6",9,1,13.5,False,"(7,8)-3,1-2-5-(10,9),6",9,1,17.0,False,-7,
202650092410,10,C2,ダ,1700,晴,良,15:15,2026-09-24,園田,7,8,9,2021106004,アンフィニレイス,牡5,57,05667,土方颯太,1:56.9,ハナ,8-9-8-7,41.8,252.3,8,435(-1),05623,[地]栗林徹治,165803,（同）ＪＰＮ技研,,"1,7,(2,10),(5,8),6,(3,9)",8,2,7.5,False,"(1,7),(2,10),(5,8)-(3,6)-9",9,1,10.0,False,"(7,8)-(1,3),(2,5)-10-9,6",8,1,12.0,False,"(7,8)-3,1-2-5-(10,9),6",7,2,15.5,False,-7,
202650092410,10,C2,ダ,1700,晴,良,15:15,2026-09-24,園田,8,5,5,2023100984,コカボムショット,牡3,56,05522,井上幹太,1:57.3,2.1/2,5-5-5-6,43.1,62.7,6,422(-8),05291,[地]西村守幸,372008,三宅勝俊,,"1,7,(2,10),(5,8),6,(3,9)",5,2,4.5,False,"(1,7),(2,10),(5,8)-(3,6)-9",5,2,3.0,False,"(7,8)-(1,3),(2,5)-10-9,6",5,2,5.0,False,"(7,8)-3,1-2-5-(10,9),6",6,1,12.0,False,-7,
202650092410,10,C2,ダ,1700,晴,良,15:15,2026-09-24,園田,9,8,10,2023105243,アルペンローゼ,牝3,55,05581,松木大地,1:58.5,7,3-3-7-7,44.1,9.6,4,480(+8),05691,[地]新子雅司,758005,吉田照哉,,"1,7,(2,10),(5,8),6,(3,9)",3,2,3.0,False,"(1,7),(2,10),(5,8)-(3,6)-9",3,2,1.5,False,"(7,8)-(1,3),(2,5)-10-9,6",7,1,8.5,False,"(7,8)-3,1-2-5-(10,9),6",7,2,15.5,False,-7,
202650092410,10,C2,ダ,1700,晴,良,15:15,2026-09-24,園田,取,4,4,2023102028,グランドフィナーレ,牡3,56,00894,小牧太,,,,,---,,計不,05586,[地]柏原誠路,065803,（株）京都ホースレ,,"1,7,(2,10),(5,8),6,(3,9)",,,,,"(1,7),(2,10),(5,8)-(3,6)-9",,,,,"(7,8)-(1,3),(2,5)-10-9,6",,,,,"(7,8)-3,1-2-5-(10,9),6",,,,,-7,
202650092411,11,秋涼特別B2,ダ,1400,晴,良,15:50,2026-09-24,園田,1,3,3,2023104467,パズー,牡3,56,05639,廣瀬航,1:29.9,,2-2-4-3,38.2,4.1,2,458(-5),a0242,[地]尾林幸二,x0b1f3,田中順,140.0,"8-(3,10,11),2,(1,12),(7,5),(4,9)-6",2,3,3.5,False,"8-(3,10,11),(1,2,12),(7,5),(4,9)-6",2,3,3.5,False,"8,(10,11),(3,5),2-(7,4),12,1-9,6",4,2,3.0,False,"(8,11),(3,5),(7,10,2),4-12-9-(1,6)",3,2,1.5,False,-7,
202650092411,11,秋涼特別B2,ダ,1400,晴,良,15:50,2026-09-24,園田,2,8,11,2022102092,ファンシンレディー,牝4,55,05474,竹村達也,1:29.9,クビ,2-2-2-1,38.3,41.5,7,461(+4),05590,[地]長倉功,x052f7,上田正則,56.0,"8-(3,10,11),2,(1,12),(7,5),(4,9)-6",2,3,3.5,False,"8-(3,10,11),(1,2,12),(7,5),(4,9)-6",2,3,3.5,False,"8,(10,11),(3,5),2-(7,4),12,1-9,6",2,2,1.5,False,"(8,11),(3,5),(7,10,2),4-12-9-(1,6)",1,2,0.0,False,-7,
202650092411,11,秋涼特別B2,ダ,1400,晴,良,15:50,2026-09-24,園田,3,5,5,2022100426,マーブルヘイロー,牡4,58,05544,田野豊三,1:30.0,3/4,8-8-4-3,38.1,1.4,1,503(+5),a02f1,[地]有馬澄男,090006,下村直,35.0,"8-(3,10,11),2,(1,12),(7,5),(4,9)-6",8,2,8.0,False,"8-(3,10,11),(1,2,12),(7,5),(4,9)-6",8,2,6.5,False,"8,(10,11),(3,5),2-(7,4),12,1-9,6",4,2,3.0,False,"(8,11),(3,5),(7,10,2),4-12-9-(1,6)",3,2,1.5,False,-7,
202650092411,11,秋涼特別B2,ダ,1400,晴,良,15:50,2026-09-24,園田,4,6,8,2021103730,エズヴィラージュ,牝5,55,05545,山本咲希,1:30.1,クビ,1-1-1-1,38.7,9.6,3,465(-8),05702,[地]盛本信春,934034,岡本真二,21.0,"8-(3,10,11),2,(1,12),(7,5),(4,9)-6",1,1,0.0,False,"8-(3,10,11),(1,2,12),(7,5),(4,9)-6",1,1,0.0,False,"8,(10,11),(3,5),2-(7,4),12,1-9,6",1,1,0.0,False,"(8,11),(3,5),(7,10,2),4-12-9-(1,6)",1,2,0.0,False,-7,
202650092411,11,秋涼特別B2,ダ,1400,晴,良,15:50,2026-09-24,園田,5,4,4,2020101551,ダノンワンナップ,牡6,58,05390,吉村智洋,1:30.5,2.1/2,10-10-7-8,38.3,11.3,4,467(-1),05567,[地]森澤友貴,619800,（株）ダノックス,14.0,"8-(3,10,11),2,(1,12),(7,5),(4,9)-6",10,2,9.5,False,"8-(3,10,11),(1,2,12),(7,5),(4,9)-6",10,2,8.0,False,"8,(10,11),(3,5),2-(7,4),12,1-9,6",7,2,8.0,False,"(8,11),(3,5),(7,10,2),4-12-9-(1,6)",8,1,4.5,False,-7,
202650092411,11,秋涼特別B2,ダ,1400,晴,良,15:50,2026-09-24,園田,6,6,7,2023104115,スルーザミル,牝3,55,05681,永井孝典,1:30.5,アタマ,8-8-7-5,38.4,170.4,9,460(0),a029e,[地]田村彰啓,368803,ウエスト．フォレスト,,"8-(3,10,11),2,(1,12),(7,5),(4,9)-6",8,2,8.0,False,"8-(3,10,11),(1,2,12),(7,5),(4,9)-6",8,2,6.5,False,"8,(10,11),(3,5),2-(7,4),12,1-9,6",7,2,8.0,False,"(8,11),(3,5),(7,10,2),4-12-9-(1,6)",5,3,3.0,False,-7,
202650092411,11,秋涼特別B2,ダ,1400,晴,良,15:50,2026-09-24,園田,7,2,2,2022104289,ウィルダスク,牝4,55,05530,杉浦健太,1:30.9,2.1/2,5-5-6-5,39.1,23.9,5,456(0),05718,[地]坂本和也,900031,前田良平,,"8-(3,10,11),2,(1,12),(7,5),(4,9)-6",5,1,5.0,False,"8-(3,10,11),(1,2,12),(7,5),(4,9)-6",5,3,5.0,False,"8,(10,11),(3,5),2-(7,4),12,1-9,6",6,1,4.5,False,"(8,11),(3,5),(7,10,2),4-12-9-(1,6)",5,3,3.0,False,-7,
202650092411,11,秋涼特別B2,ダ,1400,晴,良,15:50,2026-09-24,園田,8,7,10,2022102600,メリッササンライズ,牝4,55,05328,下原理,1:31.3,2.1/2,2-2-2-5,39.7,26.2,6,490(+12),05586,[地]柏原誠路,306008,松岡隆雄,,"8-(3,10,11),2,(1,12),(7,5),(4,9)-6",2,3,3.5,False,"8-(3,10,11),(1,2,12),(7,5),(4,9)-6",2,3,3.5,False,"8,(10,11),(3,5),2-(7,4),12,1-9,6",2,2,1.5,False,"(8,11),(3,5),(7,10,2),4-12-9-(1,6)",5,3,3.0,False,-7,
202650092411,11,秋涼特別B2,ダ,1400,晴,良,15:50,2026-09-24,園田,9,8,12,2017109086,ルヴァンヴェール,セ9,57,05338,渡瀬和幸,1:32.0,4,6-5-9-9,40.0,131.6,8,481(-1),05644,[地]三宅直之,673031,小橋亮太,,"8-(3,10,11),2,(1,12),(7,5),(4,9)-6",6,2,6.5,False,"8-(3,10,11),(1,2,12),(7,5),(4,9)-6",5,3,5.0,False,"8,(10,11),(3,5),2-(7,4),12,1-9,6",9,1,9.5,False,"(8,11),(3,5),(7,10,2),4-12-9-(1,6)",9,1,8.0,False,-7,
202650092411,11,秋涼特別B2,ダ,1400,晴,良,15:50,2026-09-24,園田,10,5,6,2020106145,ナムラマイケル,牡6,57,05628,小谷周平,1:32.1,1/2,12-12-12-11,39.3,236.5,12,450(0),05268,[地]溝橋利喜,x0956f,小谷昌吾,,"8-(3,10,11),2,(1,12),(7,5),(4,9)-6",12,1,13.0,False,"8-(3,10,11),(1,2,12),(7,5),(4,9)-6",12,1,11.5,False,"8,(10,11),(3,5),2-(7,4),12,1-9,6",12,1,16.0,False,"(8,11),(3,5),(7,10,2),4-12-9-(1,6)",11,2,15.0,False,-7,
202650092411,11,秋涼特別B2,ダ,1400,晴,良,15:50,2026-09-24,園田,11,7,9,2022106894,ファリア,牡4,57,05522,井上幹太,1:33.5,8,10-10-11-10,41.0,201.0,10,443(+2),05574,[地]大塚信次,a00021,大黒富美子,,"8-(3,10,11),2,(1,12),(7,5),(4,9)-6",10,2,9.5,False,"8-(3,10,11),(1,2,12),(7,5),(4,9)-6",10,2,8.0,False,"8,(10,11),(3,5),2-(7,4),12,1-9,6",11,1,14.5,False,"(8,11),(3,5),(7,10,2),4-12-9-(1,6)",10,1,11.5,False,-7,
202650092411,11,秋涼特別B2,ダ,1400,晴,良,15:50,2026-09-24,園田,12,1,1,2021102273,テイラーテソーロ,牡5,56,05697,小谷哲平,1:34.9,8,6-5-10-11,42.8,211.2,11,477(+13),05268,[地]溝橋利喜,x0bc53,大田愛奈,,"8-(3,10,11),2,(1,12),(7,5),(4,9)-6",6,2,6.5,False,"8-(3,10,11),(1,2,12),(7,5),(4,9)-6",5,3,5.0,False,"8,(10,11),(3,5),2-(7,4),12,1-9,6",10,1,11.0,False,"(8,11),(3,5),(7,10,2),4-12-9-(1,6)",11,2,15.0,False,-7,
202650092412,12,秋の駒賞C1,ダ,820,晴,良,16:30,2026-09-24,園田,1,6,8,2023103923,ソシジ,牝3,55,05545,山本咲希,0:49.8,,2-2,35.6,3.5,2,439(+1),05752,[地]大山寿文,x0a464,湯浅徹,100.0,,,,,,,,,,,"10,(8,12)-6,(9,11),5-4-3-1-(2,7)",2,2,1.5,False,"10-8,12,6-9,5,(4,11)-3-1=(2,7)",2,1,3.5,False,-9,
202650092412,12,秋の駒賞C1,ダ,820,晴,良,16:30,2026-09-24,園田,2,7,10,2021105612,ヴァンセゾニエ,牡5,53,05669,塩津璃菜,0:49.9,3/4,1-1,35.9,2.8,1,491(+2),05567,[地]森澤友貴,852030,佐々木雄二,40.0,,,,,,,,,,,"10,(8,12)-6,(9,11),5-4-3-1-(2,7)",1,1,0.0,False,"10-8,12,6-9,5,(4,11)-3-1=(2,7)",1,1,0.0,False,-9,
202650092412,12,秋の駒賞C1,ダ,820,晴,良,16:30,2026-09-24,園田,3,5,6,2020105458,テクノエクスプレス,牡6,57,05530,杉浦健太,0:50.3,2.1/2,4-4,36.0,5.9,4,485(0),05704,[地]飯田良弘,879004,梶山高志,25.0,,,,,,,,,,,"10,(8,12)-6,(9,11),5-4-3-1-(2,7)",4,1,5.0,False,"10-8,12,6-9,5,(4,11)-3-1=(2,7)",4,1,6.5,False,-9,
202650092412,12,秋の駒賞C1,ダ,820,晴,良,16:30,2026-09-24,園田,4,7,9,2019103090,ミストルティン,牡7,54,a06c8,南部楓馬,0:50.6,1.1/2,5-5,36.1,7.6,5,471(+4),05352,[地]岡田利一,x08ab2,（株）さくらコーポ,15.0,,,,,,,,,,,"10,(8,12)-6,(9,11),5-4-3-1-(2,7)",5,2,6.5,False,"10-8,12,6-9,5,(4,11)-3-1=(2,7)",5,1,10.0,False,-9,
202650092412,12,秋の駒賞C1,ダ,820,晴,良,16:30,2026-09-24,園田,5,4,4,2023102192,アサメシマエ,牡3,56,05474,竹村達也,0:50.9,1.3/4,8-7,36.1,81.8,8,479(-1),a029e,[地]田村彰啓,x0b6ce,（有）Ｓ．Ｌ,10.0,,,,,,,,,,,"10,(8,12)-6,(9,11),5-4-3-1-(2,7)",8,1,11.5,False,"10-8,12,6-9,5,(4,11)-3-1=(2,7)",7,2,13.0,False,-9,
202650092412,12,秋の駒賞C1,ダ,820,晴,良,16:30,2026-09-24,園田,6,3,3,2020105114,シークレットロゴ,牡6,54,a06c7,高橋洸佑,0:51.1,1.1/2,9-9,35.7,121.8,9,498(+6),a0221,[地]保利幸作,881006,山口春夫,,,,,,,,,,,,"10,(8,12)-6,(9,11),5-4-3-1-(2,7)",9,1,15.0,False,"10-8,12,6-9,5,(4,11)-3-1=(2,7)",9,1,16.5,False,-9,
202650092412,12,秋の駒賞C1,ダ,820,晴,良,16:30,2026-09-24,園田,7,8,12,2020102709,ゼラスエフォーツ,牝6,55,05639,廣瀬航,0:51.2,1/2,2-3,36.9,5.8,3,466(0),a02f1,[地]有馬澄男,314034,徳田直樹,,,,,,,,,,,,"10,(8,12)-6,(9,11),5-4-3-1-(2,7)",2,2,1.5,False,"10-8,12,6-9,5,(4,11)-3-1=(2,7)",3,1,5.0,False,-9,
202650092412,12,秋の駒賞C1,ダ,820,晴,良,16:30,2026-09-24,園田,8,5,5,2022104444,エターナルウインド,牝4,55,05544,田野豊三,0:51.4,1.1/2,7-6,36.8,20.8,7,435(0),a03c4,[地]西川進也,x0bfde,（一社）日本管理者支,,,,,,,,,,,,"10,(8,12)-6,(9,11),5-4-3-1-(2,7)",7,1,8.0,False,"10-8,12,6-9,5,(4,11)-3-1=(2,7)",6,1,11.5,False,-9,
202650092412,12,秋の駒賞C1,ダ,820,晴,良,16:30,2026-09-24,園田,9,1,1,2022106887,グローリアスキング,セ4,57,05681,永井孝典,0:51.8,2.1/2,10-10,36.3,129.1,10,492(-18),05623,[地]栗林徹治,x0a1a2,組）Ｇ．Ｇ．Ｇ．Ｍホ,,,,,,,,,,,,"10,(8,12)-6,(9,11),5-4-3-1-(2,7)",10,1,18.5,False,"10-8,12,6-9,5,(4,11)-3-1=(2,7)",10,1,20.0,False,-9,
202650092412,12,秋の駒賞C1,ダ,820,晴,良,16:30,2026-09-24,園田,10,8,11,2022107411,コッコラーレ,牝4,55,05364,大山真吾,0:52.3,3,5-7,37.9,16.8,6,496(+3),a01f5,[地]尾原強,358033,山下壽,,,,,,,,,,,,"10,(8,12)-6,(9,11),5-4-3-1-(2,7)",5,2,6.5,False,"10-8,12,6-9,5,(4,11)-3-1=(2,7)",7,2,13.0,False,-9,
202650092412,12,秋の駒賞C1,ダ,820,晴,良,16:30,2026-09-24,園田,11,6,7,2021102549,メイショウライメイ,牡5,57,05636,長尾翼玖,0:53.0,4,11-11,37.1,218.8,12,455(+4),05574,[地]大塚信次,a00021,大黒富美子,,,,,,,,,,,,"10,(8,12)-6,(9,11),5-4-3-1-(2,7)",11,2,22.0,False,"10-8,12,6-9,5,(4,11)-3-1=(2,7)",11,2,26.0,False,-9,
202650092412,12,秋の駒賞C1,ダ,820,晴,良,16:30,2026-09-24,園田,12,2,2,2019100932,キタノセレナード,牡7,57,05628,小谷周平,0:53.0,ハナ,11-11,37.2,150.0,11,426(-1),05268,[地]溝橋利喜,x0bc53,大田愛奈,,,,,,,,,,,,"10,(8,12)-6,(9,11),5-4-3-1-(2,7)",11,2,22.0,False,"10-8,12,6-9,5,(4,11)-3-1=(2,7)",11,2,26.0,False,-9,
