race_id,race_number,race_name,surface,distance_m,weather,going,start_time,race_date,racecourse,finish_pos,waku,umaban,horse_id,horse_name,sex_age,kinryo,jockey_id,jockey_name,time,margin,passing_order,last_3f,odds_final,popularity,weight,trainer_id,trainer_name,owner_id,owner_name,prize,corner1_raw,corner1_rank,corner1_group_size,corner1_gap_len_est,corner1_is_leader,corner2_raw,corner2_rank,corner2_group_size,corner2_gap_len_est,corner2_is_leader,corner3_raw,corner3_rank,corner3_group_size,corner3_gap_len_est,corner3_is_leader,corner4_raw,corner4_rank,corner4_group_size,corner4_gap_len_est,corner4_is_leader,track_index,track_comment
201706020601,1,3歳未勝利,ダ,1200,晴,良,10:10,2017-03-12,中山,1,4,8,2014101803,ポップシンガー,牝3,54,01092,津村明秀,1:12.9,,2-2,37.9,24.2,6,454(-8),01026,[東]鈴木伸尋,047030,村山卓也,500.0,,,,,,,,,,,"4,8,14(1,11,12)10(2,16)(3,5,15)-(13,7)-9,6",2,1,1.5,False,"4(8,14)(1,12)10,16(2,11)3(13,5,15)-7,9-6",2,2,0.0,False,-1,
201706020601,1,3歳未勝利,ダ,1200,晴,良,10:10,2017-03-12,中山,2,7,14,2014101630,レディカママル,牝3,54,01085,松岡正海,1:13.0,1/2,3-2,37.9,40.5,7,448(+6),01038,[東]手塚貴久,491030,藤田在子,200.0,,,,,,,,,,,"4,8,14(1,11,12)10(2,16)(3,5,15)-(13,7)-9,6",3,1,3.0,False,"4(8,14)(1,12)10,16(2,11)3(13,5,15)-7,9-6",2,2,0.0,False,-1,
201706020601,1,3歳未勝利,ダ,1200,晴,良,10:10,2017-03-12,中山,3,2,4,2014103207,トゥザイオン,牝3,54,00660,横山典弘,1:13.1,1/2,1-1,38.2,4.6,2,450(-4),01132,[東]金成貴史,138800,酒井牧場,130.0,,,,,,,,,,,"4,8,14(1,11,12)10(2,16)(3,5,15)-(13,7)-9,6",1,1,0.0,False,"4(8,14)(1,12)10,16(2,11)3(13,5,15)-7,9-6",1,1,0.0,False,-1,
201706020601,1,3歳未勝利,ダ,1200,晴,良,10:10,2017-03-12,中山,4,1,1,2014103807,ニシノキスミー,牝3,54,00733,吉田豊,1:13.2,3/4,4-4,37.9,13.7,4,446(-6),01152,[東]竹内正洋,897009,西山茂行,75.0,,,,,,,,,,,"4,8,14(1,11,12)10(2,16)(3,5,15)-(13,7)-9,6",4,3,3.0,False,"4(8,14)(1,12)10,16(2,11)3(13,5,15)-7,9-6",4,2,0.0,False,-1,
201706020601,1,3歳未勝利,ダ,1200,晴,良,10:10,2017-03-12,中山,5,5,10,2014106023,キュンメル,牝3,54,05386,戸崎圭太,1:13.4,1.1/4,7-6,37.9,1.7,1,450(+10),00423,[東]上原博之,486800,キャロットファーム,50.0,,,,,,,,,,,"4,8,14(1,11,12)10(2,16)(3,5,15)-(13,7)-9,6",7,1,3.0,False,"4(8,14)(1,12)10,16(2,11)3(13,5,15)-7,9-6",6,1,0.0,False,-1,
201706020601,1,3歳未勝利,ダ,1200,晴,良,10:10,2017-03-12,中山,6,8,16,2014100908,タイセイスマッシュ,牝3,54,01075,田辺裕信,1:13.5,1/2,8-7,37.9,4.9,3,432(0),00390,[東]池上昌弘,224007,田中成奉,,,,,,,,,,,,"4,8,14(1,11,12)10(2,16)(3,5,15)-(13,7)-9,6",8,2,3.0,False,"4(8,14)(1,12)10,16(2,11)3(13,5,15)-7,9-6",7,1,1.5,False,-1,
201706020601,1,3歳未勝利,ダ,1200,晴,良,10:10,2017-03-12,中山,7,1,2,2014100350,ネコドリーム,牝3,54,00422,内田博幸,1:13.7,1.1/4,8-8,38.0,20.3,5,478(0),00392,[東]古賀史生,129005,桐谷茂,,,,,,,,,,,,"4,8,14(1,11,12)10(2,16)(3,5,15)-(13,7)-9,6",8,2,3.0,False,"4(8,14)(1,12)10,16(2,11)3(13,5,15)-7,9-6",8,2,1.5,False,-1,
201706020601,1,3歳未勝利,ダ,1200,晴,良,10:10,2017-03-12,中山,8,6,12,2014103017,ヒロイックアゲン,牝3,51,01158,野中悠太,1:14.0,1.3/4,4-4,38.7,47.5,8,470(0),01077,[東]加藤和宏,350004,浅川皓司,,,,,,,,,,,,"4,8,14(1,11,12)10(2,16)(3,5,15)-(13,7)-9,6",4,3,3.0,False,"4(8,14)(1,12)10,16(2,11)3(13,5,15)-7,9-6",4,2,0.0,False,-1,
201706020601,1,3歳未勝利,ダ,1200,晴,良,10:10,2017-03-12,中山,9,6,11,2014106102,ゴールドステップ,牝3,54,01150,石川裕紀,1:14.4,2.1/2,4-8,39.1,113.2,12,484(+6),01150,[東]池上昌和,270006,島川隆哉,,,,,,,,,,,,"4,8,14(1,11,12)10(2,16)(3,5,15)-(13,7)-9,6",4,3,3.0,False,"4(8,14)(1,12)10,16(2,11)3(13,5,15)-7,9-6",8,2,1.5,False,-1,
201706020601,1,3歳未勝利,ダ,1200,晴,良,10:10,2017-03-12,中山,10,2,3,2014105902,マラデボワ,牝3,52,01162,木幡巧也,1:14.5,1/2,10-10,38.6,145.6,13,426(+14),01147,[東]武井亮,464008,大野富生,,,,,,,,,,,,"4,8,14(1,11,12)10(2,16)(3,5,15)-(13,7)-9,6",10,3,3.0,False,"4(8,14)(1,12)10,16(2,11)3(13,5,15)-7,9-6",10,1,1.5,False,-1,
201706020601,1,3歳未勝利,ダ,1200,晴,良,10:10,2017-03-12,中山,11,3,5,2014102958,スプリングアゲン,牝3,52,01151,井上敏樹,1:14.8,1.3/4,10-11,38.8,63.4,9,440(0),01077,[東]加藤和宏,350004,浅川皓司,,,,,,,,,,,,"4,8,14(1,11,12)10(2,16)(3,5,15)-(13,7)-9,6",10,3,3.0,False,"4(8,14)(1,12)10,16(2,11)3(13,5,15)-7,9-6",11,3,1.5,False,-1,
201706020601,1,3歳未勝利,ダ,1200,晴,良,10:10,2017-03-12,中山,12,7,13,2014100569,ヤマニンベルベーヌ,牝3,54,01129,菅原隆一,1:14.8,クビ,13-11,38.5,86.6,10,466(0),01081,[東]中川公成,329004,土井肇,,,,,,,,,,,,"4,8,14(1,11,12)10(2,16)(3,5,15)-(13,7)-9,6",13,2,6.5,False,"4(8,14)(1,12)10,16(2,11)3(13,5,15)-7,9-6",11,3,1.5,False,-1,
201706020601,1,3歳未勝利,ダ,1200,晴,良,10:10,2017-03-12,中山,13,8,15,2014103337,ダイドマッセル,牝3,54,01009,柴田大知,1:14.9,クビ,10-11,38.9,290.4,15,392(-16),01029,[東]根本康広,102800,ターフ・スポート,,,,,,,,,,,,"4,8,14(1,11,12)10(2,16)(3,5,15)-(13,7)-9,6",10,3,3.0,False,"4(8,14)(1,12)10,16(2,11)3(13,5,15)-7,9-6",11,3,1.5,False,-1,
201706020601,1,3歳未勝利,ダ,1200,晴,良,10:10,2017-03-12,中山,14,5,9,2014106545,ハッピークイン,牝3,54,01051,嘉藤貴行,1:15.1,1,15-15,38.3,222.6,14,502(0),01077,[東]加藤和宏,832008,平本敏夫,,,,,,,,,,,,"4,8,14(1,11,12)10(2,16)(3,5,15)-(13,7)-9,6",15,1,10.0,False,"4(8,14)(1,12)10,16(2,11)3(13,5,15)-7,9-6",15,1,6.5,False,-1,
201706020601,1,3歳未勝利,ダ,1200,晴,良,10:10,2017-03-12,中山,15,4,7,2014100756,サンコロンバス,牝3,54,01004,西田雄一,1:15.1,クビ,13-14,38.8,396.0,16,408(0),00423,[東]上原博之,059803,加藤ステーブル,,,,,,,,,,,,"4,8,14(1,11,12)10(2,16)(3,5,15)-(13,7)-9,6",13,2,6.5,False,"4(8,14)(1,12)10,16(2,11)3(13,5,15)-7,9-6",14,1,5.0,False,-1,
201706020601,1,3歳未勝利,ダ,1200,晴,良,10:10,2017-03-12,中山,16,3,6,2014100458,ルチルルッチョラ,牝3,54,01091,丹内祐次,1:16.5,9,16-16,39.6,89.4,11,484(0),01112,[東]田島俊明,524030,鈴木邦英,,,,,,,,,,,,"4,8,14(1,11,12)10(2,16)(3,5,15)-(13,7)-9,6",16,1,11.5,False,"4(8,14)(1,12)10,16(2,11)3(13,5,15)-7,9-6",16,1,10.0,False,-1,
201706020602,2,3歳未勝利,ダ,1800,晴,良,10:40,2017-03-12,中山,1,5,6,2014100459,トラネコ,牡3,56,00666,武豊,1:55.6,,1-1-1-1,38.1,3.4,2,446(+2),00436,[東]堀井雅広,129005,桐谷茂,500.0,"6,11,12(7,8,9)10,3,5,4,1-2",1,1,0.0,False,"6,11,12,7(8,9)(3,10)-4(5,1)-2",1,1,0.0,False,"6(11,12)7(3,9)10,8(4,1)2-5",1,1,0.0,False,"6,12(7,11)3(4,10,1)-2,9-8,5",1,1,0.0,False,2,
201706020602,2,3歳未勝利,ダ,1800,晴,良,10:40,2017-03-12,中山,2,4,4,2014105430,コトブキホーク,牡3,56,00660,横山典弘,1:56.2,3.1/2,10-9-9-6,37.6,6.3,4,482(-4),01132,[東]金成貴史,566006,尾上松壽,200.0,"6,11,12(7,8,9)10,3,5,4,1-2",10,1,7.5,False,"6,11,12,7(8,9)(3,10)-4(5,1)-2",9,1,8.0,False,"6(11,12)7(3,9)10,8(4,1)2-5",9,2,1.5,False,"6,12(7,11)3(4,10,1)-2,9-8,5",6,3,1.5,False,2,
201706020602,2,3歳未勝利,ダ,1800,晴,良,10:40,2017-03-12,中山,3,1,1,2014100566,ヤマニンバンタジオ,セ3,56,05386,戸崎圭太,1:56.3,クビ,11-10-9-6,37.8,2.2,1,516(+4),01112,[東]田島俊明,329004,土井肇,130.0,"6,11,12(7,8,9)10,3,5,4,1-2",11,1,9.0,False,"6,11,12,7(8,9)(3,10)-4(5,1)-2",10,2,8.0,False,"6(11,12)7(3,9)10,8(4,1)2-5",9,2,1.5,False,"6,12(7,11)3(4,10,1)-2,9-8,5",6,3,1.5,False,2,
201706020602,2,3歳未勝利,ダ,1800,晴,良,10:40,2017-03-12,中山,4,6,7,2014101746,ポッドティノ,牡3,56,01043,北村宏司,1:56.5,1.1/2,4-4-4-3,38.7,42.5,7,414(-2),01102,[東]大竹正博,042033,小川眞査雄,75.0,"6,11,12(7,8,9)10,3,5,4,1-2",4,3,3.0,False,"6,11,12,7(8,9)(3,10)-4(5,1)-2",4,1,4.5,False,"6(11,12)7(3,9)10,8(4,1)2-5",4,1,0.0,False,"6,12(7,11)3(4,10,1)-2,9-8,5",3,2,1.5,False,2,
201706020602,2,3歳未勝利,ダ,1800,晴,良,10:40,2017-03-12,中山,5,2,2,2014101436,リョウランヒーロー,牡3,54,01162,木幡巧也,1:56.8,2,12-12-11-9,38.0,18.4,5,464(-2),01125,[東]小野次郎,606033,佐藤啓子,50.0,"6,11,12(7,8,9)10,3,5,4,1-2",12,1,12.5,False,"6,11,12,7(8,9)(3,10)-4(5,1)-2",12,1,11.5,False,"6(11,12)7(3,9)10,8(4,1)2-5",11,1,1.5,False,"6,12(7,11)3(4,10,1)-2,9-8,5",9,1,5.0,False,2,
201706020602,2,3歳未勝利,ダ,1800,晴,良,10:40,2017-03-12,中山,6,3,3,2014100933,ダウンザライン,牡3,56,01051,嘉藤貴行,1:56.9,クビ,8-7-5-5,38.8,58.0,9,472(+4),00349,[東]尾形充弘,895800,Ｂａｓｉｃ,,"6,11,12(7,8,9)10,3,5,4,1-2",8,1,4.5,False,"6,11,12,7(8,9)(3,10)-4(5,1)-2",7,2,4.5,False,"6(11,12)7(3,9)10,8(4,1)2-5",5,2,0.0,False,"6,12(7,11)3(4,10,1)-2,9-8,5",5,1,1.5,False,2,
201706020602,2,3歳未勝利,ダ,1800,晴,良,10:40,2017-03-12,中山,7,8,12,2014105588,モガドール,牝3,54,05243,柴山雄一,1:57.3,2.1/2,3-3-2-2,39.6,95.6,10,476(0),01048,[東]畠山吉宏,895800,Ｂａｓｉｃ,,"6,11,12(7,8,9)10,3,5,4,1-2",3,1,3.0,False,"6,11,12,7(8,9)(3,10)-4(5,1)-2",3,1,3.0,False,"6(11,12)7(3,9)10,8(4,1)2-5",2,2,0.0,False,"6,12(7,11)3(4,10,1)-2,9-8,5",2,1,1.5,False,2,
201706020602,2,3歳未勝利,ダ,1800,晴,良,10:40,2017-03-12,中山,8,7,10,2014101547,ウノピアットブリオ,セ3,56,05339,ルメール,1:58.1,5,7-7-7-6,39.9,5.2,3,494(+2),00386,[東]藤沢和雄,124008,山本英俊,,"6,11,12(7,8,9)10,3,5,4,1-2",7,1,3.0,False,"6,11,12,7(8,9)(3,10)-4(5,1)-2",7,2,4.5,False,"6(11,12)7(3,9)10,8(4,1)2-5",7,1,0.0,False,"6,12(7,11)3(4,10,1)-2,9-8,5",6,3,1.5,False,2,
201706020602,2,3歳未勝利,ダ,1800,晴,良,10:40,2017-03-12,中山,9,5,5,2014103940,アドバンスクライ,牡3,53,01169,武藤雅,1:58.3,1,9-10-12-12,38.9,151.5,11,452(0),01064,[東]武藤善則,971033,高橋貴士,,"6,11,12(7,8,9)10,3,5,4,1-2",9,1,6.0,False,"6,11,12,7(8,9)(3,10)-4(5,1)-2",10,2,8.0,False,"6(11,12)7(3,9)10,8(4,1)2-5",12,1,5.0,False,"6,12(7,11)3(4,10,1)-2,9-8,5",12,1,11.5,False,2,
201706020602,2,3歳未勝利,ダ,1800,晴,良,10:40,2017-03-12,中山,10,7,9,2014100839,ショウナンダリア,牝3,54,00422,内田博幸,1:59.0,4,4-5-5-10,41.0,31.3,6,474(0),01134,[東]高橋文雅,331002,国本哲秀,,"6,11,12(7,8,9)10,3,5,4,1-2",4,3,3.0,False,"6,11,12,7(8,9)(3,10)-4(5,1)-2",5,2,4.5,False,"6(11,12)7(3,9)10,8(4,1)2-5",5,2,0.0,False,"6,12(7,11)3(4,10,1)-2,9-8,5",10,1,6.5,False,2,
201706020602,2,3歳未勝利,ダ,1800,晴,良,10:40,2017-03-12,中山,11,8,11,2014102394,エミーリオ,牡3,56,05203,岩田康誠,1:59.1,クビ,2-2-2-3,41.5,54.6,8,488(0),01119,[東]田中剛,944030,加藤誠,,"6,11,12(7,8,9)10,3,5,4,1-2",2,1,1.5,False,"6,11,12,7(8,9)(3,10)-4(5,1)-2",2,1,1.5,False,"6(11,12)7(3,9)10,8(4,1)2-5",2,2,0.0,False,"6,12(7,11)3(4,10,1)-2,9-8,5",3,2,1.5,False,2,
201706020602,2,3歳未勝利,ダ,1800,晴,良,10:40,2017-03-12,中山,12,6,8,2014102492,ビバトリオ,牡3,53,01158,野中悠太,2:02.5,大,4-5-8-11,44.1,494.3,12,478(-6),01076,[東]小笠倫弘,103006,楠本勝美,,"6,11,12(7,8,9)10,3,5,4,1-2",4,3,3.0,False,"6,11,12,7(8,9)(3,10)-4(5,1)-2",5,2,4.5,False,"6(11,12)7(3,9)10,8(4,1)2-5",8,1,1.5,False,"6,12(7,11)3(4,10,1)-2,9-8,5",11,1,10.0,False,2,
201706020603,3,3歳未勝利,ダ,1200,晴,良,11:10,2017-03-12,中山,1,3,5,2014104933,タイセイマルス,牡3,56,00422,内田博幸,1:13.6,,6-4,37.3,7.7,4,456(+22),01127,[東]栗田徹,224007,田中成奉,500.0,,,,,,,,,,,"(*12,9,1)(15,11)(5,8,13)(4,6,2,10)-3-16-7=14",6,3,0.0,False,"(*12,9)1(5,8)11-4(3,15)(2,13,10)(6,16)=7=14",4,2,0.0,False,-1,
201706020603,3,3歳未勝利,ダ,1200,晴,良,11:10,2017-03-12,中山,2,6,12,2014101613,ノリノリコユキ,牝3,54,05386,戸崎圭太,1:13.6,ハナ,1-1,37.6,4.3,2,424(-10),01047,[東]勢司和浩,474008,大久保和夫,200.0,,,,,,,,,,,"(*12,9,1)(15,11)(5,8,13)(4,6,2,10)-3-16-7=14",1,3,0.0,True,"(*12,9)1(5,8)11-4(3,15)(2,13,10)(6,16)=7=14",1,2,0.0,True,-1,
201706020603,3,3歳未勝利,ダ,1200,晴,良,11:10,2017-03-12,中山,3,4,8,2014109119,エンセラダス,牡3,56,01085,松岡正海,1:13.6,ハナ,6-4,37.3,25.2,9,476(+2),01038,[東]手塚貴久,399009,嶋田賢,130.0,,,,,,,,,,,"(*12,9,1)(15,11)(5,8,13)(4,6,2,10)-3-16-7=14",6,3,0.0,False,"(*12,9)1(5,8)11-4(3,15)(2,13,10)(6,16)=7=14",4,2,0.0,False,-1,
201706020603,3,3歳未勝利,ダ,1200,晴,良,11:10,2017-03-12,中山,4,6,11,2014102258,キンイロジャッカル,牡3,56,01092,津村明秀,1:13.8,1,4-6,37.6,8.8,5,526(0),01020,[東]相沢郁,812008,石瀬浩三,75.0,,,,,,,,,,,"(*12,9,1)(15,11)(5,8,13)(4,6,2,10)-3-16-7=14",4,2,0.0,False,"(*12,9)1(5,8)11-4(3,15)(2,13,10)(6,16)=7=14",6,1,0.0,False,-1,
201706020603,3,3歳未勝利,ダ,1200,晴,良,11:10,2017-03-12,中山,5,5,9,2014100729,コスモクウェンチ,牡3,56,01009,柴田大知,1:13.8,ハナ,2-2,37.7,15.9,7,488(+18),01081,[東]中川公成,716800,ビッグレッドファーム,50.0,,,,,,,,,,,"(*12,9,1)(15,11)(5,8,13)(4,6,2,10)-3-16-7=14",2,3,0.0,False,"(*12,9)1(5,8)11-4(3,15)(2,13,10)(6,16)=7=14",2,2,0.0,False,-1,
201706020603,3,3歳未勝利,ダ,1200,晴,良,11:10,2017-03-12,中山,6,2,3,2014102126,ガウディ,セ3,56,05203,岩田康誠,1:14.4,3.1/2,13-8,37.5,58.4,10,478(0),00423,[東]上原博之,064700,ＨｉｍＲｏｃｋＲａｃ...,,,,,,,,,,,,"(*12,9,1)(15,11)(5,8,13)(4,6,2,10)-3-16-7=14",13,1,3.5,False,"(*12,9)1(5,8)11-4(3,15)(2,13,10)(6,16)=7=14",8,2,3.5,False,-1,
201706020603,3,3歳未勝利,ダ,1200,晴,良,11:10,2017-03-12,中山,7,8,16,2014105576,ブライトエピローグ,牝3,54,00660,横山典弘,1:14.7,2,14-13,37.4,3.4,1,442(-4),01012,[東]大江原哲,415800,社台レースホース,,,,,,,,,,,,"(*12,9,1)(15,11)(5,8,13)(4,6,2,10)-3-16-7=14",14,1,7.0,False,"(*12,9)1(5,8)11-4(3,15)(2,13,10)(6,16)=7=14",13,2,3.5,False,-1,
201706020603,3,3歳未勝利,ダ,1200,晴,良,11:10,2017-03-12,中山,8,1,1,2014105813,コンピレーション,牡3,56,01150,石川裕紀,1:14.7,クビ,2-3,38.6,5.0,3,480(0),01038,[東]手塚貴久,506800,シルクレーシング,,,,,,,,,,,,"(*12,9,1)(15,11)(5,8,13)(4,6,2,10)-3-16-7=14",2,3,0.0,False,"(*12,9)1(5,8)11-4(3,15)(2,13,10)(6,16)=7=14",3,1,0.0,False,-1,
201706020603,3,3歳未勝利,ダ,1200,晴,良,11:10,2017-03-12,中山,9,2,4,2014100559,ヤマニンアルバス,牝3,54,05243,柴山雄一,1:14.8,クビ,9-7,38.3,329.0,14,440(-16),01030,[東]星野忍,329004,土井肇,,,,,,,,,,,,"(*12,9,1)(15,11)(5,8,13)(4,6,2,10)-3-16-7=14",9,4,0.0,False,"(*12,9)1(5,8)11-4(3,15)(2,13,10)(6,16)=7=14",7,1,3.5,False,-1,
201706020603,3,3歳未勝利,ダ,1200,晴,良,11:10,2017-03-12,中山,10,8,15,2014104507,レディビギン,牝3,52,01162,木幡巧也,1:15.0,1.1/2,4-8,38.8,10.2,6,446(0),01106,[東]牧光二,535006,岡村善行,,,,,,,,,,,,"(*12,9,1)(15,11)(5,8,13)(4,6,2,10)-3-16-7=14",4,2,0.0,False,"(*12,9)1(5,8)11-4(3,15)(2,13,10)(6,16)=7=14",8,2,3.5,False,-1,
201706020603,3,3歳未勝利,ダ,1200,晴,良,11:10,2017-03-12,中山,11,3,6,2014100382,テイクマイチャンス,牝3,52,01151,井上敏樹,1:16.0,6,9-13,39.4,89.2,11,458(0),01076,[東]小笠倫弘,851009,岡田牧雄,,,,,,,,,,,,"(*12,9,1)(15,11)(5,8,13)(4,6,2,10)-3-16-7=14",9,4,0.0,False,"(*12,9)1(5,8)11-4(3,15)(2,13,10)(6,16)=7=14",13,2,3.5,False,-1,
201706020603,3,3歳未勝利,ダ,1200,晴,良,11:10,2017-03-12,中山,12,7,13,2014101139,リネンカイソク,牡3,56,01091,丹内祐次,1:16.0,クビ,6-10,39.7,443.2,16,476(+4),01077,[東]加藤和宏,851005,戸山光男,,,,,,,,,,,,"(*12,9,1)(15,11)(5,8,13)(4,6,2,10)-3-16-7=14",6,3,0.0,False,"(*12,9)1(5,8)11-4(3,15)(2,13,10)(6,16)=7=14",10,3,3.5,False,-1,
201706020603,3,3歳未勝利,ダ,1200,晴,良,11:10,2017-03-12,中山,13,1,2,2014103332,フレンドリーナイト,牡3,56,00689,江田照男,1:16.1,クビ,9-10,39.6,165.9,12,460(0),01100,[東]松山将樹,786006,増山武志,,,,,,,,,,,,"(*12,9,1)(15,11)(5,8,13)(4,6,2,10)-3-16-7=14",9,4,0.0,False,"(*12,9)1(5,8)11-4(3,15)(2,13,10)(6,16)=7=14",10,3,3.5,False,-1,
201706020603,3,3歳未勝利,ダ,1200,晴,良,11:10,2017-03-12,中山,14,4,7,2014104397,ドゥマイモンシェリ,牝3,51,01169,武藤雅,1:16.2,3/4,15-15,38.2,371.9,15,394(-6),00349,[東]尾形充弘,507033,城戸恵子,,,,,,,,,,,,"(*12,9,1)(15,11)(5,8,13)(4,6,2,10)-3-16-7=14",15,1,10.5,False,"(*12,9)1(5,8)11-4(3,15)(2,13,10)(6,16)=7=14",15,1,9.5,False,-1,
201706020603,3,3歳未勝利,ダ,1200,晴,良,11:10,2017-03-12,中山,15,7,14,2014103591,バラードストーリー,牡3,56,01051,嘉藤貴行,1:16.2,クビ,16-16,37.2,288.3,13,500(0),01150,[東]池上昌和,547800,ヒダカ・ブリーダーズ...,,,,,,,,,,,,"(*12,9,1)(15,11)(5,8,13)(4,6,2,10)-3-16-7=14",16,1,16.5,False,"(*12,9)1(5,8)11-4(3,15)(2,13,10)(6,16)=7=14",16,1,15.5,False,-1,
201706020603,3,3歳未勝利,ダ,1200,晴,良,11:10,2017-03-12,中山,中,5,10,2014102111,ストロングボー,牡3,56,01043,北村宏司,,,9-10,,24.3,8,454(-4),00353,[東]和田正道,009060,Ｋ．Ｃ．タン,,,,,,,,,,,,"(*12,9,1)(15,11)(5,8,13)(4,6,2,10)-3-16-7=14",9,4,0.0,False,"(*12,9)1(5,8)11-4(3,15)(2,13,10)(6,16)=7=14",10,3,3.5,False,-1,
201706020604,4,3歳未勝利,ダ,1800,晴,良,11:40,2017-03-12,中山,1,6,12,2014106172,アンティノウス,牡3,56,05339,ルメール,1:55.9,,7-7-4-2,38.5,3.8,2,530(-2),00399,[東]国枝栄,226800,サンデーレーシング,500.0,"9(3,15)(2,7)13,12,4(1,11)(5,14)6(10,16)8",7,1,1.5,False,"9,15,3,7,2,13(4,12)(1,5,11,14)(6,10)8,16",7,2,7.5,False,"(*9,15)13(3,12)7(2,5)4,11(1,10)14,6(8,16)",4,2,0.0,False,"9(15,13,12)(3,2)(7,5)4(1,10)6-(8,11)16,14",2,3,0.0,False,2,
201706020604,4,3歳未勝利,ダ,1800,晴,良,11:40,2017-03-12,中山,2,4,7,2014103928,チェリートリトン,牡3,53,01158,野中悠太,1:56.2,1.3/4,4-4-6-7,38.7,1.9,1,480(-6),00405,[東]小西一男,527030,櫻井悦朗,200.0,"9(3,15)(2,7)13,12,4(1,11)(5,14)6(10,16)8",4,2,0.0,False,"9,15,3,7,2,13(4,12)(1,5,11,14)(6,10)8,16",4,1,4.5,False,"(*9,15)13(3,12)7(2,5)4,11(1,10)14,6(8,16)",6,1,0.0,False,"9(15,13,12)(3,2)(7,5)4(1,10)6-(8,11)16,14",7,2,0.0,False,2,
201706020604,4,3歳未勝利,ダ,1800,晴,良,11:40,2017-03-12,中山,3,5,10,2014100615,ハレカイ,牡3,56,01092,津村明秀,1:56.6,2.1/2,14-13-11-10,38.5,188.2,13,490(+12),01017,[東]萩原清,788800,ノースヒルズ,130.0,"9(3,15)(2,7)13,12,4(1,11)(5,14)6(10,16)8",14,2,3.0,False,"9,15,3,7,2,13(4,12)(1,5,11,14)(6,10)8,16",13,2,7.5,False,"(*9,15)13(3,12)7(2,5)4,11(1,10)14,6(8,16)",11,2,1.5,False,"9(15,13,12)(3,2)(7,5)4(1,10)6-(8,11)16,14",10,2,0.0,False,2,
201706020604,4,3歳未勝利,ダ,1800,晴,良,11:40,2017-03-12,中山,4,2,4,2014106522,セガールモチンモク,セ3,56,00689,江田照男,1:56.6,クビ,8-7-9-9,38.7,8.7,3,472(-2),01096,[東]粕谷昌央,334009,小田切有一,75.0,"9(3,15)(2,7)13,12,4(1,11)(5,14)6(10,16)8",8,1,3.0,False,"9,15,3,7,2,13(4,12)(1,5,11,14)(6,10)8,16",7,2,7.5,False,"(*9,15)13(3,12)7(2,5)4,11(1,10)14,6(8,16)",9,1,0.0,False,"9(15,13,12)(3,2)(7,5)4(1,10)6-(8,11)16,14",9,1,0.0,False,2,
201706020604,4,3歳未勝利,ダ,1800,晴,良,11:40,2017-03-12,中山,5,3,6,2014104321,ジャストヒーロー,牡3,56,01004,西田雄一,1:56.7,1/2,13-13-14-12,38.3,436.3,16,454(-10),01007,[東]柴田政人,611030,密山根成,50.0,"9(3,15)(2,7)13,12,4(1,11)(5,14)6(10,16)8",13,1,3.0,False,"9,15,3,7,2,13(4,12)(1,5,11,14)(6,10)8,16",13,2,7.5,False,"(*9,15)13(3,12)7(2,5)4,11(1,10)14,6(8,16)",14,1,3.0,False,"9(15,13,12)(3,2)(7,5)4(1,10)6-(8,11)16,14",12,1,0.0,False,2,
201706020604,4,3歳未勝利,ダ,1800,晴,良,11:40,2017-03-12,中山,6,3,5,2014102632,ローレルモナルカ,牡3,56,00641,柴田善臣,1:56.8,3/4,11-9-7-7,39.2,27.6,8,506(-6),01074,[東]奥平雅士,032800,ローレルレーシング,,"9(3,15)(2,7)13,12,4(1,11)(5,14)6(10,16)8",11,2,3.0,False,"9,15,3,7,2,13(4,12)(1,5,11,14)(6,10)8,16",9,4,7.5,False,"(*9,15)13(3,12)7(2,5)4,11(1,10)14,6(8,16)",7,2,0.0,False,"9(15,13,12)(3,2)(7,5)4(1,10)6-(8,11)16,14",7,2,0.0,False,2,
201706020604,4,3歳未勝利,ダ,1800,晴,良,11:40,2017-03-12,中山,7,1,1,2014110045,サトノグリーン,牡3,56,00660,横山典弘,1:56.9,1/2,9-9-11-10,38.7,11.7,4,468(0),01097,[東]鹿戸雄一,790031,里見治,,"9(3,15)(2,7)13,12,4(1,11)(5,14)6(10,16)8",9,2,3.0,False,"9,15,3,7,2,13(4,12)(1,5,11,14)(6,10)8,16",9,4,7.5,False,"(*9,15)13(3,12)7(2,5)4,11(1,10)14,6(8,16)",11,2,1.5,False,"9(15,13,12)(3,2)(7,5)4(1,10)6-(8,11)16,14",10,2,0.0,False,2,
201706020604,4,3歳未勝利,ダ,1800,晴,良,11:40,2017-03-12,中山,8,2,3,2014103901,ウイントリニティー,牡3,56,01085,松岡正海,1:57.1,3/4,2-3-4-5,39.8,22.7,6,486(-4),00359,[東]高橋祥泰,494800,ウイン,,"9(3,15)(2,7)13,12,4(1,11)(5,14)6(10,16)8",2,2,0.0,False,"9,15,3,7,2,13(4,12)(1,5,11,14)(6,10)8,16",3,1,3.0,False,"(*9,15)13(3,12)7(2,5)4,11(1,10)14,6(8,16)",4,2,0.0,False,"9(15,13,12)(3,2)(7,5)4(1,10)6-(8,11)16,14",5,2,0.0,False,2,
201706020604,4,3歳未勝利,ダ,1800,晴,良,11:40,2017-03-12,中山,9,1,2,2014101399,ブラウンスビト,牡3,53,01169,武藤雅,1:57.2,1/2,4-5-7-5,39.6,171.7,12,458(-4),01064,[東]武藤善則,051700,キャピタルクラブ,,"9(3,15)(2,7)13,12,4(1,11)(5,14)6(10,16)8",4,2,0.0,False,"9,15,3,7,2,13(4,12)(1,5,11,14)(6,10)8,16",5,1,6.0,False,"(*9,15)13(3,12)7(2,5)4,11(1,10)14,6(8,16)",7,2,0.0,False,"9(15,13,12)(3,2)(7,5)4(1,10)6-(8,11)16,14",5,2,0.0,False,2,
201706020604,4,3歳未勝利,ダ,1800,晴,良,11:40,2017-03-12,中山,10,5,9,2014101975,ヒラボクメジャー,牡3,56,05243,柴山雄一,1:57.3,1/2,1-1-1-1,40.4,12.9,5,488(-2),01152,[東]竹内正洋,984800,平田牧場,,"9(3,15)(2,7)13,12,4(1,11)(5,14)6(10,16)8",1,1,0.0,False,"9,15,3,7,2,13(4,12)(1,5,11,14)(6,10)8,16",1,1,0.0,False,"(*9,15)13(3,12)7(2,5)4,11(1,10)14,6(8,16)",1,2,0.0,True,"9(15,13,12)(3,2)(7,5)4(1,10)6-(8,11)16,14",1,1,0.0,False,2,
201706020604,4,3歳未勝利,ダ,1800,晴,良,11:40,2017-03-12,中山,11,7,13,2014102652,シンボリスーマラン,牡3,54,01162,木幡巧也,1:58.3,6,6-6-3-2,41.1,31.9,9,478(+2),01106,[東]牧光二,431800,シンボリ牧場,,"9(3,15)(2,7)13,12,4(1,11)(5,14)6(10,16)8",6,1,0.0,False,"9,15,3,7,2,13(4,12)(1,5,11,14)(6,10)8,16",6,1,7.5,False,"(*9,15)13(3,12)7(2,5)4,11(1,10)14,6(8,16)",3,1,0.0,False,"9(15,13,12)(3,2)(7,5)4(1,10)6-(8,11)16,14",2,3,0.0,False,2,
201706020604,4,3歳未勝利,ダ,1800,晴,良,11:40,2017-03-12,中山,12,8,16,2014103874,マイネルゲドゥルト,牡3,56,01009,柴田大知,1:59.2,5,14-16-15-15,40.6,88.8,10,476(-6),00423,[東]上原博之,546800,サラブレッドクラブ・...,,"9(3,15)(2,7)13,12,4(1,11)(5,14)6(10,16)8",14,2,3.0,False,"9,15,3,7,2,13(4,12)(1,5,11,14)(6,10)8,16",16,1,9.0,False,"(*9,15)13(3,12)7(2,5)4,11(1,10)14,6(8,16)",15,2,3.0,False,"9(15,13,12)(3,2)(7,5)4(1,10)6-(8,11)16,14",15,1,3.5,False,2,
201706020604,4,3歳未勝利,ダ,1800,晴,良,11:40,2017-03-12,中山,13,8,15,2014102086,コンプレアンノ,牝3,54,01091,丹内祐次,1:59.4,1.1/4,2-2-2-2,42.4,298.0,15,430(+14),01005,[東]小桧山悟,238009,柴原榮,,"9(3,15)(2,7)13,12,4(1,11)(5,14)6(10,16)8",2,2,0.0,False,"9,15,3,7,2,13(4,12)(1,5,11,14)(6,10)8,16",2,1,1.5,False,"(*9,15)13(3,12)7(2,5)4,11(1,10)14,6(8,16)",2,2,0.0,False,"9(15,13,12)(3,2)(7,5)4(1,10)6-(8,11)16,14",2,3,0.0,False,2,
201706020604,4,3歳未勝利,ダ,1800,晴,良,11:40,2017-03-12,中山,14,4,8,2014106543,スイーツガーランド,牡3,56,00733,吉田豊,1:59.7,2,16-15-15-13,41.1,235.1,14,506(-14),00417,[東]土田稔,208006,新井原博,,"9(3,15)(2,7)13,12,4(1,11)(5,14)6(10,16)8",16,1,3.0,False,"9,15,3,7,2,13(4,12)(1,5,11,14)(6,10)8,16",15,1,7.5,False,"(*9,15)13(3,12)7(2,5)4,11(1,10)14,6(8,16)",15,2,3.0,False,"9(15,13,12)(3,2)(7,5)4(1,10)6-(8,11)16,14",13,2,3.5,False,2,
201706020604,4,3歳未勝利,ダ,1800,晴,良,11:40,2017-03-12,中山,15,6,11,2014105594,グリュックアウフ,牡3,56,01075,田辺裕信,2:00.1,2.1/2,9-9-10-13,42.1,24.0,7,484(+2),01109,[東]伊藤大士,148800,グリーンファーム,,"9(3,15)(2,7)13,12,4(1,11)(5,14)6(10,16)8",9,2,3.0,False,"9,15,3,7,2,13(4,12)(1,5,11,14)(6,10)8,16",9,4,7.5,False,"(*9,15)13(3,12)7(2,5)4,11(1,10)14,6(8,16)",10,1,1.5,False,"9(15,13,12)(3,2)(7,5)4(1,10)6-(8,11)16,14",13,2,3.5,False,2,
201706020604,4,3歳未勝利,ダ,1800,晴,良,11:40,2017-03-12,中山,16,7,14,2014103655,リワードサヴァラン,牡3,56,00422,内田博幸,2:00.4,1.3/4,11-9-13-16,42.1,157.5,11,484(+16),00435,[東]藤原辰雄,868005,宮崎忠比古,,"9(3,15)(2,7)13,12,4(1,11)(5,14)6(10,16)8",11,2,3.0,False,"9,15,3,7,2,13(4,12)(1,5,11,14)(6,10)8,16",9,4,7.5,False,"(*9,15)13(3,12)7(2,5)4,11(1,10)14,6(8,16)",13,1,1.5,False,"9(15,13,12)(3,2)(7,5)4(1,10)6-(8,11)16,14",16,1,5.0,False,2,
201706020605,5,3歳未勝利,芝,2200,晴,良,12:30,2017-03-12,中山,1,6,12,2014103123,ヒラボクビューン,牡3,56,05339,ルメール,2:16.1,,6-6-5-2,35.1,2.0,1,468(0),01102,[東]大竹正博,984800,平田牧場,500.0,"10-15,6(4,8)(11,12)(7,16)9,14,5,13,2,1,3",6,2,5.0,False,"10-15-(6,4)8(11,12)16(7,9,14)-(5,13)(2,1)3",6,2,7.0,False,"10,15(6,4)(11,8,12,16,13,2)(7,9,14)1,5,3",5,6,1.5,False,"(*15,12)2(10,8)13(6,4)(9,16)(11,1)(7,14)3,5",2,2,0.0,False,-3,前日と大きな違いのないコンディションだが、若干、時計が掛かっていた。
201706020605,5,3歳未勝利,芝,2200,晴,良,12:30,2017-03-12,中山,2,8,15,2014105104,トータルソッカー,牡3,54,01151,井上敏樹,2:16.1,クビ,2-2-2-1,35.6,3.9,2,492(-4),00349,[東]尾形充弘,321009,渡邊隆,200.0,"10-15,6(4,8)(11,12)(7,16)9,14,5,13,2,1,3",2,1,3.5,False,"10-15-(6,4)8(11,12)16(7,9,14)-(5,13)(2,1)3",2,1,3.5,False,"10,15(6,4)(11,8,12,16,13,2)(7,9,14)1,5,3",2,1,1.5,False,"(*15,12)2(10,8)13(6,4)(9,16)(11,1)(7,14)3,5",1,2,0.0,True,-3,前日と大きな違いのないコンディションだが、若干、時計が掛かっていた。
201706020605,5,3歳未勝利,芝,2200,晴,良,12:30,2017-03-12,中山,3,7,13,2014100740,マイネルクラース,牡3,56,01009,柴田大知,2:16.6,3,13-12-5-6,35.6,6.8,4,448(-2),01088,[東]高木登,546800,サラブレッドクラブ・...,130.0,"10-15,6(4,8)(11,12)(7,16)9,14,5,13,2,1,3",13,1,9.5,False,"10-15-(6,4)8(11,12)16(7,9,14)-(5,13)(2,1)3",12,2,10.5,False,"10,15(6,4)(11,8,12,16,13,2)(7,9,14)1,5,3",5,6,1.5,False,"(*15,12)2(10,8)13(6,4)(9,16)(11,1)(7,14)3,5",6,1,0.0,False,-3,前日と大きな違いのないコンディションだが、若干、時計が掛かっていた。
201706020605,5,3歳未勝利,芝,2200,晴,良,12:30,2017-03-12,中山,4,5,9,2014104267,ブラックギムレット,牡3,56,05203,岩田康誠,2:16.6,ハナ,10-9-11-9,35.4,40.4,6,448(-4),01007,[東]柴田政人,627007,黒澤尚,75.0,"10-15,6(4,8)(11,12)(7,16)9,14,5,13,2,1,3",10,1,5.0,False,"10-15-(6,4)8(11,12)16(7,9,14)-(5,13)(2,1)3",9,3,7.0,False,"10,15(6,4)(11,8,12,16,13,2)(7,9,14)1,5,3",11,3,1.5,False,"(*15,12)2(10,8)13(6,4)(9,16)(11,1)(7,14)3,5",9,2,0.0,False,-3,前日と大きな違いのないコンディションだが、若干、時計が掛かっていた。
201706020605,5,3歳未勝利,芝,2200,晴,良,12:30,2017-03-12,中山,5,1,1,2014105186,トモジャバルジャン,牡3,56,01043,北村宏司,2:16.8,1,15-14-14-11,35.3,6.4,3,508(0),01026,[東]鈴木伸尋,905033,吉冨学,50.0,"10-15,6(4,8)(11,12)(7,16)9,14,5,13,2,1,3",15,1,12.5,False,"10-15-(6,4)8(11,12)16(7,9,14)-(5,13)(2,1)3",14,2,10.5,False,"10,15(6,4)(11,8,12,16,13,2)(7,9,14)1,5,3",14,1,1.5,False,"(*15,12)2(10,8)13(6,4)(9,16)(11,1)(7,14)3,5",11,2,0.0,False,-3,前日と大きな違いのないコンディションだが、若干、時計が掛かっていた。
201706020605,5,3歳未勝利,芝,2200,晴,良,12:30,2017-03-12,中山,6,1,2,2014104276,ベルウッドデナリ,牡3,56,00689,江田照男,2:17.1,2,14-14-5-3,36.1,56.2,10,494(+2),01056,[東]本間忍,137030,鈴木照雄,,"10-15,6(4,8)(11,12)(7,16)9,14,5,13,2,1,3",14,1,11.0,False,"10-15-(6,4)8(11,12)16(7,9,14)-(5,13)(2,1)3",14,2,10.5,False,"10,15(6,4)(11,8,12,16,13,2)(7,9,14)1,5,3",5,6,1.5,False,"(*15,12)2(10,8)13(6,4)(9,16)(11,1)(7,14)3,5",3,1,0.0,False,-3,前日と大きな違いのないコンディションだが、若干、時計が掛かっていた。
201706020605,5,3歳未勝利,芝,2200,晴,良,12:30,2017-03-12,中山,7,7,14,2014100924,プローン,牝3,51,01167,木幡育也,2:17.3,1.1/4,11-9-11-13,36.0,273.9,14,398(-4),01014,[東]高市圭二,055700,グリーンスウォード,,"10-15,6(4,8)(11,12)(7,16)9,14,5,13,2,1,3",11,1,6.5,False,"10-15-(6,4)8(11,12)16(7,9,14)-(5,13)(2,1)3",9,3,7.0,False,"10,15(6,4)(11,8,12,16,13,2)(7,9,14)1,5,3",11,3,1.5,False,"(*15,12)2(10,8)13(6,4)(9,16)(11,1)(7,14)3,5",13,2,0.0,False,-3,前日と大きな違いのないコンディションだが、若干、時計が掛かっていた。
201706020605,5,3歳未勝利,芝,2200,晴,良,12:30,2017-03-12,中山,8,6,11,2014106032,カトリーヌ,牝3,52,01162,木幡巧也,2:17.3,ハナ,6-6-5-11,36.3,149.2,12,460(-2),01134,[東]高橋文雅,007060,荒牧政美,,"10-15,6(4,8)(11,12)(7,16)9,14,5,13,2,1,3",6,2,5.0,False,"10-15-(6,4)8(11,12)16(7,9,14)-(5,13)(2,1)3",6,2,7.0,False,"10,15(6,4)(11,8,12,16,13,2)(7,9,14)1,5,3",5,6,1.5,False,"(*15,12)2(10,8)13(6,4)(9,16)(11,1)(7,14)3,5",11,2,0.0,False,-3,前日と大きな違いのないコンディションだが、若干、時計が掛かっていた。
201706020605,5,3歳未勝利,芝,2200,晴,良,12:30,2017-03-12,中山,9,4,8,2014105393,グリフレット,牡3,56,00663,蛯名正義,2:17.4,クビ,4-5-5-4,36.5,54.7,9,432(+2),01094,[東]水野貴広,415800,社台レースホース,,"10-15,6(4,8)(11,12)(7,16)9,14,5,13,2,1,3",4,2,5.0,False,"10-15-(6,4)8(11,12)16(7,9,14)-(5,13)(2,1)3",5,1,7.0,False,"10,15(6,4)(11,8,12,16,13,2)(7,9,14)1,5,3",5,6,1.5,False,"(*15,12)2(10,8)13(6,4)(9,16)(11,1)(7,14)3,5",4,2,0.0,False,-3,前日と大きな違いのないコンディションだが、若干、時計が掛かっていた。
201706020605,5,3歳未勝利,芝,2200,晴,良,12:30,2017-03-12,中山,10,8,16,2014106195,シェリトリンド,牝3,54,01150,石川裕紀,2:17.4,ハナ,8-8-5-9,36.4,43.1,7,458(+2),00399,[東]国枝栄,486800,キャロットファーム,,"10-15,6(4,8)(11,12)(7,16)9,14,5,13,2,1,3",8,2,5.0,False,"10-15-(6,4)8(11,12)16(7,9,14)-(5,13)(2,1)3",8,1,7.0,False,"10,15(6,4)(11,8,12,16,13,2)(7,9,14)1,5,3",5,6,1.5,False,"(*15,12)2(10,8)13(6,4)(9,16)(11,1)(7,14)3,5",9,2,0.0,False,-3,前日と大きな違いのないコンディションだが、若干、時計が掛かっていた。
201706020605,5,3歳未勝利,芝,2200,晴,良,12:30,2017-03-12,中山,11,4,7,2014101640,ミルトプレスト,牡3,56,01095,吉田隼人,2:17.4,クビ,8-9-11-13,36.1,199.9,13,508(+12),01035,[東]佐藤吉勝,695033,永山勝敏,,"10-15,6(4,8)(11,12)(7,16)9,14,5,13,2,1,3",8,2,5.0,False,"10-15-(6,4)8(11,12)16(7,9,14)-(5,13)(2,1)3",9,3,7.0,False,"10,15(6,4)(11,8,12,16,13,2)(7,9,14)1,5,3",11,3,1.5,False,"(*15,12)2(10,8)13(6,4)(9,16)(11,1)(7,14)3,5",13,2,0.0,False,-3,前日と大きな違いのないコンディションだが、若干、時計が掛かっていた。
201706020605,5,3歳未勝利,芝,2200,晴,良,12:30,2017-03-12,中山,12,3,6,2014100693,コスモエアターン,牝3,54,01091,丹内祐次,2:17.9,3,3-3-3-7,37.1,85.0,11,436(+2),01153,[東]中舘英二,716800,ビッグレッドファーム,,"10-15,6(4,8)(11,12)(7,16)9,14,5,13,2,1,3",3,1,5.0,False,"10-15-(6,4)8(11,12)16(7,9,14)-(5,13)(2,1)3",3,2,7.0,False,"10,15(6,4)(11,8,12,16,13,2)(7,9,14)1,5,3",3,2,1.5,False,"(*15,12)2(10,8)13(6,4)(9,16)(11,1)(7,14)3,5",7,2,0.0,False,-3,前日と大きな違いのないコンディションだが、若干、時計が掛かっていた。
201706020605,5,3歳未勝利,芝,2200,晴,良,12:30,2017-03-12,中山,13,2,4,2014104657,ショウナンアリスト,牡3,56,00641,柴田善臣,2:18.2,1.3/4,4-3-3-7,37.4,15.0,5,492(-6),00423,[東]上原博之,331002,国本哲秀,,"10-15,6(4,8)(11,12)(7,16)9,14,5,13,2,1,3",4,2,5.0,False,"10-15-(6,4)8(11,12)16(7,9,14)-(5,13)(2,1)3",3,2,7.0,False,"10,15(6,4)(11,8,12,16,13,2)(7,9,14)1,5,3",3,2,1.5,False,"(*15,12)2(10,8)13(6,4)(9,16)(11,1)(7,14)3,5",7,2,0.0,False,-3,前日と大きな違いのないコンディションだが、若干、時計が掛かっていた。
201706020605,5,3歳未勝利,芝,2200,晴,良,12:30,2017-03-12,中山,14,5,10,2014100184,バトルオスカー,牡3,53,01158,野中悠太,2:18.4,1.1/4,1-1-1-4,38.2,53.4,8,492(+2),01141,[東]尾形和幸,394009,宮川秋信,,"10-15,6(4,8)(11,12)(7,16)9,14,5,13,2,1,3",1,1,0.0,False,"10-15-(6,4)8(11,12)16(7,9,14)-(5,13)(2,1)3",1,1,0.0,False,"10,15(6,4)(11,8,12,16,13,2)(7,9,14)1,5,3",1,1,0.0,False,"(*15,12)2(10,8)13(6,4)(9,16)(11,1)(7,14)3,5",4,2,0.0,False,-3,前日と大きな違いのないコンディションだが、若干、時計が掛かっていた。
201706020605,5,3歳未勝利,芝,2200,晴,良,12:30,2017-03-12,中山,15,2,3,2014102602,サイモンガオ,牡3,56,00733,吉田豊,2:19.1,4,16-16-16-15,37.2,344.7,15,452(0),01153,[東]中舘英二,132030,澤田昭紀,,"10-15,6(4,8)(11,12)(7,16)9,14,5,13,2,1,3",16,1,14.0,False,"10-15-(6,4)8(11,12)16(7,9,14)-(5,13)(2,1)3",16,1,10.5,False,"10,15(6,4)(11,8,12,16,13,2)(7,9,14)1,5,3",16,1,4.5,False,"(*15,12)2(10,8)13(6,4)(9,16)(11,1)(7,14)3,5",15,1,0.0,False,-3,前日と大きな違いのないコンディションだが、若干、時計が掛かっていた。
201706020605,5,3歳未勝利,芝,2200,晴,良,12:30,2017-03-12,中山,16,3,5,2014101043,ボニートラボ,牡3,56,01051,嘉藤貴行,2:19.9,5,12-12-15-16,38.2,490.3,16,500(+2),01077,[東]加藤和宏,279009,松岡雅昭,,"10-15,6(4,8)(11,12)(7,16)9,14,5,13,2,1,3",12,1,8.0,False,"10-15-(6,4)8(11,12)16(7,9,14)-(5,13)(2,1)3",12,2,10.5,False,"10,15(6,4)(11,8,12,16,13,2)(7,9,14)1,5,3",15,1,3.0,False,"(*15,12)2(10,8)13(6,4)(9,16)(11,1)(7,14)3,5",16,1,1.5,False,-3,前日と大きな違いのないコンディションだが、若干、時計が掛かっていた。
201706020606,6,3歳500万下,芝,2000,晴,良,13:05,2017-03-12,中山,1,4,4,2014105854,リカビトス,牝3,54,05339,ルメール,2:02.0,,10-10-10-10,35.1,6.2,5,428(+12),01145,[東]奥村武,486800,キャロットファーム,720.0,"5-7(6,9)(10,12,11)(2,3)(1,4)-8",10,2,3.5,False,"5-7(6,9)(10,12,11)(2,3)(1,4)-8",10,2,3.5,False,"5(7,11)(6,10,9)(2,12,3)4(8,1)",10,1,0.0,False,"5(7,9)(6,10,11)3(2,12)(1,4)8",10,2,0.0,False,-3,前日と大きな違いのないコンディションだが、若干、時計が掛かっていた。
201706020606,6,3歳500万下,芝,2000,晴,良,13:05,2017-03-12,中山,2,5,5,2014100726,マイネルズイーガー,牡3,56,01009,柴田大知,2:02.0,クビ,1-1-1-1,35.9,4.9,3,498(0),00399,[東]国枝栄,546800,サラブレッドクラブ・...,290.0,"5-7(6,9)(10,12,11)(2,3)(1,4)-8",1,1,0.0,False,"5-7(6,9)(10,12,11)(2,3)(1,4)-8",1,1,0.0,False,"5(7,11)(6,10,9)(2,12,3)4(8,1)",1,1,0.0,False,"5(7,9)(6,10,11)3(2,12)(1,4)8",1,1,0.0,False,-3,前日と大きな違いのないコンディションだが、若干、時計が掛かっていた。
201706020606,6,3歳500万下,芝,2000,晴,良,13:05,2017-03-12,中山,3,7,10,2014101558,レッドローゼス,牡3,56,00663,蛯名正義,2:02.1,クビ,5-5-4-4,35.6,5.9,4,474(+4),00399,[東]国枝栄,180800,東京ホースレーシング,180.0,"5-7(6,9)(10,12,11)(2,3)(1,4)-8",5,3,3.5,False,"5-7(6,9)(10,12,11)(2,3)(1,4)-8",5,3,3.5,False,"5(7,11)(6,10,9)(2,12,3)4(8,1)",4,3,0.0,False,"5(7,9)(6,10,11)3(2,12)(1,4)8",4,3,0.0,False,-3,前日と大きな違いのないコンディションだが、若干、時計が掛かっていた。
201706020606,6,3歳500万下,芝,2000,晴,良,13:05,2017-03-12,中山,4,7,9,2014105355,ヴェルラヴニール,牡3,56,01088,川田将雅,2:02.4,1.3/4,3-3-4-2,35.9,11.6,6,428(0),01059,[東]加藤征弘,226800,サンデーレーシング,110.0,"5-7(6,9)(10,12,11)(2,3)(1,4)-8",3,2,3.5,False,"5-7(6,9)(10,12,11)(2,3)(1,4)-8",3,2,3.5,False,"5(7,11)(6,10,9)(2,12,3)4(8,1)",4,3,0.0,False,"5(7,9)(6,10,11)3(2,12)(1,4)8",2,2,0.0,False,-3,前日と大きな違いのないコンディションだが、若干、時計が掛かっていた。
201706020606,6,3歳500万下,芝,2000,晴,良,13:05,2017-03-12,中山,5,2,2,2014104044,ハートオブスワロー,牝3,54,00733,吉田豊,2:02.4,ハナ,8-8-7-8,35.7,84.1,10,424(+4),01096,[東]粕谷昌央,102800,ターフ・スポート,72.0,"5-7(6,9)(10,12,11)(2,3)(1,4)-8",8,2,3.5,False,"5-7(6,9)(10,12,11)(2,3)(1,4)-8",8,2,3.5,False,"5(7,11)(6,10,9)(2,12,3)4(8,1)",7,3,0.0,False,"5(7,9)(6,10,11)3(2,12)(1,4)8",8,2,0.0,False,-3,前日と大きな違いのないコンディションだが、若干、時計が掛かっていた。
201706020606,6,3歳500万下,芝,2000,晴,良,13:05,2017-03-12,中山,6,3,3,2014105485,サトノルーラー,牡3,56,00660,横山典弘,2:02.4,クビ,8-8-7-7,35.7,4.5,2,520(-2),00399,[東]国枝栄,790031,里見治,,"5-7(6,9)(10,12,11)(2,3)(1,4)-8",8,2,3.5,False,"5-7(6,9)(10,12,11)(2,3)(1,4)-8",8,2,3.5,False,"5(7,11)(6,10,9)(2,12,3)4(8,1)",7,3,0.0,False,"5(7,9)(6,10,11)3(2,12)(1,4)8",7,1,0.0,False,-3,前日と大きな違いのないコンディションだが、若干、時計が掛かっていた。
201706020606,6,3歳500万下,芝,2000,晴,良,13:05,2017-03-12,中山,7,1,1,2014101769,サーレンブラント,牡3,56,05203,岩田康誠,2:02.4,アタマ,10-10-11-10,35.4,15.4,7,454(-4),01054,[東]戸田博文,208008,窪田芳郎,,"5-7(6,9)(10,12,11)(2,3)(1,4)-8",10,2,3.5,False,"5-7(6,9)(10,12,11)(2,3)(1,4)-8",10,2,3.5,False,"5(7,11)(6,10,9)(2,12,3)4(8,1)",11,2,0.0,False,"5(7,9)(6,10,11)3(2,12)(1,4)8",10,2,0.0,False,-3,前日と大きな違いのないコンディションだが、若干、時計が掛かっていた。
201706020606,6,3歳500万下,芝,2000,晴,良,13:05,2017-03-12,中山,8,6,7,2014105435,エリンソード,牡3,56,00666,武豊,2:03.2,5,2-2-2-2,37.0,23.5,8,446(+4),01104,[西]笹田和秀,415800,社台レースホース,,"5-7(6,9)(10,12,11)(2,3)(1,4)-8",2,1,3.5,False,"5-7(6,9)(10,12,11)(2,3)(1,4)-8",2,1,3.5,False,"5(7,11)(6,10,9)(2,12,3)4(8,1)",2,2,0.0,False,"5(7,9)(6,10,11)3(2,12)(1,4)8",2,2,0.0,False,-3,前日と大きな違いのないコンディションだが、若干、時計が掛かっていた。
201706020606,6,3歳500万下,芝,2000,晴,良,13:05,2017-03-12,中山,9,5,6,2014101754,マイネルユニブラン,牡3,56,01091,丹内祐次,2:03.3,1/2,3-3-4-4,36.9,35.4,9,516(-2),00412,[東]高橋裕,546800,サラブレッドクラブ・...,,"5-7(6,9)(10,12,11)(2,3)(1,4)-8",3,2,3.5,False,"5-7(6,9)(10,12,11)(2,3)(1,4)-8",3,2,3.5,False,"5(7,11)(6,10,9)(2,12,3)4(8,1)",4,3,0.0,False,"5(7,9)(6,10,11)3(2,12)(1,4)8",4,3,0.0,False,-3,前日と大きな違いのないコンディションだが、若干、時計が掛かっていた。
201706020606,6,3歳500万下,芝,2000,晴,良,13:05,2017-03-12,中山,10,8,12,2014110001,バリングラ,牡3,56,05115,シュタル,2:03.3,ハナ,5-5-7-8,36.6,3.8,1,518(-4),01070,[東]堀宣行,486800,キャロットファーム,,"5-7(6,9)(10,12,11)(2,3)(1,4)-8",5,3,3.5,False,"5-7(6,9)(10,12,11)(2,3)(1,4)-8",5,3,3.5,False,"5(7,11)(6,10,9)(2,12,3)4(8,1)",7,3,0.0,False,"5(7,9)(6,10,11)3(2,12)(1,4)8",8,2,0.0,False,-3,前日と大きな違いのないコンディションだが、若干、時計が掛かっていた。
201706020606,6,3歳500万下,芝,2000,晴,良,13:05,2017-03-12,中山,11,6,8,2014102410,テイエムモモタロー,牡3,56,01004,西田雄一,2:04.4,7,12-12-11-12,37.3,513.5,12,432(-6),01043,[東]石栗龍彦,356002,竹園正繼,,"5-7(6,9)(10,12,11)(2,3)(1,4)-8",12,1,7.0,False,"5-7(6,9)(10,12,11)(2,3)(1,4)-8",12,1,7.0,False,"5(7,11)(6,10,9)(2,12,3)4(8,1)",11,2,0.0,False,"5(7,9)(6,10,11)3(2,12)(1,4)8",12,1,0.0,False,-3,前日と大きな違いのないコンディションだが、若干、時計が掛かっていた。
201706020606,6,3歳500万下,芝,2000,晴,良,13:05,2017-03-12,中山,12,8,11,2014101853,ハタノアデール,牝3,52,01162,木幡巧也,2:04.7,1.3/4,5-5-2-4,38.4,444.7,11,462(-4),01048,[東]畠山吉宏,672800,グッドラック・ファー...,,"5-7(6,9)(10,12,11)(2,3)(1,4)-8",5,3,3.5,False,"5-7(6,9)(10,12,11)(2,3)(1,4)-8",5,3,3.5,False,"5(7,11)(6,10,9)(2,12,3)4(8,1)",2,2,0.0,False,"5(7,9)(6,10,11)3(2,12)(1,4)8",4,3,0.0,False,-3,前日と大きな違いのないコンディションだが、若干、時計が掛かっていた。
201706020607,7,4歳以上500万下,ダ,1200,晴,良,13:35,2017-03-12,中山,1,6,11,2013103908,ウエスタンボルト,セ4,57,00684,田中勝春,1:12.2,,10-6,37.2,94.0,12,470(+6),01125,[東]小野次郎,929006,西川賢,750.0,,,,,,,,,,,"(*5,7,13)(1,3,8)(10,16)14(11,2)(9,15)(4,12)6",10,2,0.0,False,"(*5,7,13)1,3,11(8,16)(9,10,2)(14,15)(4,12)-6",6,1,3.0,False,-1,
201706020607,7,4歳以上500万下,ダ,1200,晴,良,13:35,2017-03-12,中山,2,5,9,2013105139,ウインアンビション,牡4,57,05203,岩田康誠,1:12.2,クビ,12-9,37.0,43.8,9,502(-2),01048,[東]畠山吉宏,494800,ウイン,300.0,,,,,,,,,,,"(*5,7,13)(1,3,8)(10,16)14(11,2)(9,15)(4,12)6",12,2,0.0,False,"(*5,7,13)1,3,11(8,16)(9,10,2)(14,15)(4,12)-6",9,3,3.0,False,-1,
201706020607,7,4歳以上500万下,ダ,1200,晴,良,13:35,2017-03-12,中山,3,7,13,2013100645,ラッキーボックス,牝4,55,01043,北村宏司,1:12.6,2.1/2,2-2,38.6,5.4,4,472(-20),01133,[東]黒岩陽一,003060,Ｈ．Ｈ．シェイク・モ...,190.0,,,,,,,,,,,"(*5,7,13)(1,3,8)(10,16)14(11,2)(9,15)(4,12)6",2,3,0.0,False,"(*5,7,13)1,3,11(8,16)(9,10,2)(14,15)(4,12)-6",2,3,0.0,False,-1,
201706020607,7,4歳以上500万下,ダ,1200,晴,良,13:35,2017-03-12,中山,4,1,1,2012105639,イアペトス,牡5,57,05243,柴山雄一,1:12.7,クビ,4-4,38.3,9.9,6,496(0),01089,[東]武市康男,629800,ミルファーム,110.0,,,,,,,,,,,"(*5,7,13)(1,3,8)(10,16)14(11,2)(9,15)(4,12)6",4,3,0.0,False,"(*5,7,13)1,3,11(8,16)(9,10,2)(14,15)(4,12)-6",4,1,0.0,False,-1,
201706020607,7,4歳以上500万下,ダ,1200,晴,良,13:35,2017-03-12,中山,5,3,5,2013103959,ラスカルグレイ,セ4,57,01009,柴田大知,1:12.9,1,1-1,38.9,4.4,2,490(-2),01126,[東]木村哲也,851009,岡田牧雄,75.0,,,,,,,,,,,"(*5,7,13)(1,3,8)(10,16)14(11,2)(9,15)(4,12)6",1,3,0.0,True,"(*5,7,13)1,3,11(8,16)(9,10,2)(14,15)(4,12)-6",1,3,0.0,True,-1,
201706020607,7,4歳以上500万下,ダ,1200,晴,良,13:35,2017-03-12,中山,6,2,3,2013102718,カキツバタチグサ,牡4,57,01092,津村明秀,1:13.0,1/2,4-5,38.7,5.3,3,516(-4),01051,[東]岩戸孝樹,247030,芳賀克也,,,,,,,,,,,,"(*5,7,13)(1,3,8)(10,16)14(11,2)(9,15)(4,12)6",4,3,0.0,False,"(*5,7,13)1,3,11(8,16)(9,10,2)(14,15)(4,12)-6",5,1,1.5,False,-1,
201706020607,7,4歳以上500万下,ダ,1200,晴,良,13:35,2017-03-12,中山,7,1,2,2012105076,サンアルパイン,セ5,57,01085,松岡正海,1:13.1,クビ,10-9,38.2,8.9,5,502(-2),01024,[東]萱野浩二,059803,加藤ステーブル,,,,,,,,,,,,"(*5,7,13)(1,3,8)(10,16)14(11,2)(9,15)(4,12)6",10,2,0.0,False,"(*5,7,13)1,3,11(8,16)(9,10,2)(14,15)(4,12)-6",9,3,3.0,False,-1,
201706020607,7,4歳以上500万下,ダ,1200,晴,良,13:35,2017-03-12,中山,8,6,12,2013100948,コットンパール,牝4,55,01004,西田雄一,1:13.1,クビ,14-14,37.7,52.1,10,456(-4),01014,[東]高市圭二,629800,ミルファーム,,,,,,,,,,,,"(*5,7,13)(1,3,8)(10,16)14(11,2)(9,15)(4,12)6",14,2,0.0,False,"(*5,7,13)1,3,11(8,16)(9,10,2)(14,15)(4,12)-6",14,2,3.0,False,-1,
201706020607,7,4歳以上500万下,ダ,1200,晴,良,13:35,2017-03-12,中山,9,8,15,2013102129,アロースコルトン,牡4,57,01051,嘉藤貴行,1:13.3,1.1/2,12-12,38.1,74.3,11,472(0),01131,[東]蛯名利弘,029007,吉田好雄,,,,,,,,,,,,"(*5,7,13)(1,3,8)(10,16)14(11,2)(9,15)(4,12)6",12,2,0.0,False,"(*5,7,13)1,3,11(8,16)(9,10,2)(14,15)(4,12)-6",12,2,3.0,False,-1,
201706020607,7,4歳以上500万下,ダ,1200,晴,良,13:35,2017-03-12,中山,10,4,7,2013102214,シグナリング,牝4,55,01075,田辺裕信,1:13.3,ハナ,2-2,39.3,4.3,1,468(+22),00405,[東]小西一男,040803,明栄商事,,,,,,,,,,,,"(*5,7,13)(1,3,8)(10,16)14(11,2)(9,15)(4,12)6",2,3,0.0,False,"(*5,7,13)1,3,11(8,16)(9,10,2)(14,15)(4,12)-6",2,3,0.0,False,-1,
201706020607,7,4歳以上500万下,ダ,1200,晴,良,13:35,2017-03-12,中山,11,3,6,2012102188,フォーワンタイキ,牡5,57,00641,柴田善臣,1:13.3,アタマ,16-16,37.5,96.3,14,456(0),00428,[東]石毛善彦,011033,川島与市,,,,,,,,,,,,"(*5,7,13)(1,3,8)(10,16)14(11,2)(9,15)(4,12)6",16,1,0.0,False,"(*5,7,13)1,3,11(8,16)(9,10,2)(14,15)(4,12)-6",16,1,6.5,False,-1,
201706020607,7,4歳以上500万下,ダ,1200,晴,良,13:35,2017-03-12,中山,12,7,14,2013101520,ホーミー,牡4,54,01158,野中悠太,1:13.4,クビ,9-12,38.6,99.3,15,458(+2),01093,[東]松永康利,336030,小林竜太郎,,,,,,,,,,,,"(*5,7,13)(1,3,8)(10,16)14(11,2)(9,15)(4,12)6",9,1,0.0,False,"(*5,7,13)1,3,11(8,16)(9,10,2)(14,15)(4,12)-6",12,2,3.0,False,-1,
201706020607,7,4歳以上500万下,ダ,1200,晴,良,13:35,2017-03-12,中山,13,2,4,2012100119,カシノトラダマシイ,牡5,57,01049,二本柳壮,1:13.8,2.1/2,14-14,38.3,96.2,13,482(0),00370,[東]二本柳俊,514009,柏木務,,,,,,,,,,,,"(*5,7,13)(1,3,8)(10,16)14(11,2)(9,15)(4,12)6",14,2,0.0,False,"(*5,7,13)1,3,11(8,16)(9,10,2)(14,15)(4,12)-6",14,2,3.0,False,-1,
201706020607,7,4歳以上500万下,ダ,1200,晴,良,13:35,2017-03-12,中山,14,5,10,2012105321,ローレルウラノス,牡5,55,01151,井上敏樹,1:13.9,クビ,7-9,39.4,175.1,16,524(-2),01056,[東]本間忍,032800,ローレルレーシング,,,,,,,,,,,,"(*5,7,13)(1,3,8)(10,16)14(11,2)(9,15)(4,12)6",7,2,0.0,False,"(*5,7,13)1,3,11(8,16)(9,10,2)(14,15)(4,12)-6",9,3,3.0,False,-1,
201706020607,7,4歳以上500万下,ダ,1200,晴,良,13:35,2017-03-12,中山,15,8,16,2012103557,ゴールドエッグ,牡5,57,00629,木幡初広,1:14.1,1,7-7,39.6,20.6,8,490(-2),00420,[東]宗像義忠,639009,鈴木芳夫,,,,,,,,,,,,"(*5,7,13)(1,3,8)(10,16)14(11,2)(9,15)(4,12)6",7,2,0.0,False,"(*5,7,13)1,3,11(8,16)(9,10,2)(14,15)(4,12)-6",7,2,3.0,False,-1,
201706020607,7,4歳以上500万下,ダ,1200,晴,良,13:35,2017-03-12,中山,16,4,8,2013104815,アッパレドンキ,牝4,55,05386,戸崎圭太,1:14.3,1.1/4,4-7,39.9,17.0,7,422(0),01156,[東]青木孝文,037803,廣崎利洋ＨＤ,,,,,,,,,,,,"(*5,7,13)(1,3,8)(10,16)14(11,2)(9,15)(4,12)6",4,3,0.0,False,"(*5,7,13)1,3,11(8,16)(9,10,2)(14,15)(4,12)-6",7,2,3.0,False,-1,
201706020608,8,4歳以上500万下,ダ,1800,晴,良,14:05,2017-03-12,中山,1,8,16,2011104419,アンプラグド,セ6,57,01075,田辺裕信,1:54.9,,14-13-12-11,37.2,10.4,4,496(-8),01124,[東]大和田成,063803,諸江幸祐,750.0,"9,13(3,14)(4,15)(2,10)(1,5)(7,12)6(8,16)11",14,2,1.5,False,"9-13(3,14)(4,15)(2,5,10)(1,7)12(6,16)(8,11)",13,2,3.5,False,"(*9,13)(14,15)(3,4,7)(2,5,10,11)(16,1)12-(8,6)",12,2,0.0,False,"9,13(3,4,15)(2,14,7)(5,10)(16,11)-(8,1)6,12",11,2,1.5,False,2,
201706020608,8,4歳以上500万下,ダ,1800,晴,良,14:05,2017-03-12,中山,2,7,13,2013100491,カブキモノ,牡4,57,05243,柴山雄一,1:55.0,3/4,2-2-2-2,38.0,13.3,5,500(-8),01089,[東]武市康男,243008,國分純,300.0,"9,13(3,14)(4,15)(2,10)(1,5)(7,12)6(8,16)11",2,1,1.5,False,"9-13(3,14)(4,15)(2,5,10)(1,7)12(6,16)(8,11)",2,1,3.5,False,"(*9,13)(14,15)(3,4,7)(2,5,10,11)(16,1)12-(8,6)",2,2,0.0,False,"9,13(3,4,15)(2,14,7)(5,10)(16,11)-(8,1)6,12",2,1,1.5,False,2,
201706020608,8,4歳以上500万下,ダ,1800,晴,良,14:05,2017-03-12,中山,3,5,9,2012104052,トゥルーウインド,牡5,57,00684,田中勝春,1:55.2,1.1/4,1-1-1-1,38.3,20.5,7,456(+6),01119,[東]田中剛,415800,社台レースホース,190.0,"9,13(3,14)(4,15)(2,10)(1,5)(7,12)6(8,16)11",1,1,0.0,False,"9-13(3,14)(4,15)(2,5,10)(1,7)12(6,16)(8,11)",1,1,0.0,False,"(*9,13)(14,15)(3,4,7)(2,5,10,11)(16,1)12-(8,6)",1,2,0.0,True,"9,13(3,4,15)(2,14,7)(5,10)(16,11)-(8,1)6,12",1,1,0.0,False,2,
201706020608,8,4歳以上500万下,ダ,1800,晴,良,14:05,2017-03-12,中山,4,4,8,2013104136,イントゥザターフ,牡4,57,00660,横山典弘,1:55.2,クビ,14-15-15-13,37.0,31.1,9,478(-2),00435,[東]藤原辰雄,686006,平井裕,110.0,"9,13(3,14)(4,15)(2,10)(1,5)(7,12)6(8,16)11",14,2,1.5,False,"9-13(3,14)(4,15)(2,5,10)(1,7)12(6,16)(8,11)",15,2,3.5,False,"(*9,13)(14,15)(3,4,7)(2,5,10,11)(16,1)12-(8,6)",15,2,3.5,False,"9,13(3,4,15)(2,14,7)(5,10)(16,11)-(8,1)6,12",13,2,5.0,False,2,
201706020608,8,4歳以上500万下,ダ,1800,晴,良,14:05,2017-03-12,中山,5,8,15,2012105420,ノースランドボーイ,セ5,57,05339,ルメール,1:55.5,1.1/2,5-5-3-3,38.4,2.0,1,498(-2),01024,[東]萱野浩二,889006,河村祥史,75.0,"9,13(3,14)(4,15)(2,10)(1,5)(7,12)6(8,16)11",5,2,1.5,False,"9-13(3,14)(4,15)(2,5,10)(1,7)12(6,16)(8,11)",5,2,3.5,False,"(*9,13)(14,15)(3,4,7)(2,5,10,11)(16,1)12-(8,6)",3,2,0.0,False,"9,13(3,4,15)(2,14,7)(5,10)(16,11)-(8,1)6,12",3,3,1.5,False,2,
201706020608,8,4歳以上500万下,ダ,1800,晴,良,14:05,2017-03-12,中山,6,2,3,2012100853,ツクバイーメーカー,牡5,54,01158,野中悠太,1:55.5,クビ,3-3-5-3,38.3,75.6,14,524(+8),01029,[東]根本康広,576009,荻原昭二,,"9,13(3,14)(4,15)(2,10)(1,5)(7,12)6(8,16)11",3,2,1.5,False,"9-13(3,14)(4,15)(2,5,10)(1,7)12(6,16)(8,11)",3,2,3.5,False,"(*9,13)(14,15)(3,4,7)(2,5,10,11)(16,1)12-(8,6)",5,3,0.0,False,"9,13(3,4,15)(2,14,7)(5,10)(16,11)-(8,1)6,12",3,3,1.5,False,2,
201706020608,8,4歳以上500万下,ダ,1800,晴,良,14:05,2017-03-12,中山,7,2,4,2012100009,ヴァッハウ,牡5,57,01043,北村宏司,1:55.7,1.1/4,5-5-5-3,38.5,44.8,10,504(+4),01027,[東]田村康仁,877800,ラ・メール,,"9,13(3,14)(4,15)(2,10)(1,5)(7,12)6(8,16)11",5,2,1.5,False,"9-13(3,14)(4,15)(2,5,10)(1,7)12(6,16)(8,11)",5,2,3.5,False,"(*9,13)(14,15)(3,4,7)(2,5,10,11)(16,1)12-(8,6)",5,3,0.0,False,"9,13(3,4,15)(2,14,7)(5,10)(16,11)-(8,1)6,12",3,3,1.5,False,2,
201706020608,8,4歳以上500万下,ダ,1800,晴,良,14:05,2017-03-12,中山,8,3,6,2013105608,ポルトドレーヴ,牡4,57,00422,内田博幸,1:56.1,2.1/2,13-13-15-15,37.9,9.1,3,462(-6),01079,[東]古賀慎明,338007,村野康司,,"9,13(3,14)(4,15)(2,10)(1,5)(7,12)6(8,16)11",13,1,1.5,False,"9-13(3,14)(4,15)(2,5,10)(1,7)12(6,16)(8,11)",13,2,3.5,False,"(*9,13)(14,15)(3,4,7)(2,5,10,11)(16,1)12-(8,6)",15,2,3.5,False,"9,13(3,4,15)(2,14,7)(5,10)(16,11)-(8,1)6,12",15,1,5.0,False,2,
201706020608,8,4歳以上500万下,ダ,1800,晴,良,14:05,2017-03-12,中山,9,4,7,2013100655,セイカエドミザカ,牡4,57,01092,津村明秀,1:56.2,1/2,11-10-5-6,38.9,56.8,12,470(-2),01020,[東]相沢郁,284008,久米大,,"9,13(3,14)(4,15)(2,10)(1,5)(7,12)6(8,16)11",11,2,1.5,False,"9-13(3,14)(4,15)(2,5,10)(1,7)12(6,16)(8,11)",10,2,3.5,False,"(*9,13)(14,15)(3,4,7)(2,5,10,11)(16,1)12-(8,6)",5,3,0.0,False,"9,13(3,4,15)(2,14,7)(5,10)(16,11)-(8,1)6,12",6,3,1.5,False,2,
201706020608,8,4歳以上500万下,ダ,1800,晴,良,14:05,2017-03-12,中山,10,1,2,2012101804,マカワオクイーン,牝5,55,00663,蛯名正義,1:56.3,1/2,7-7-8-6,38.9,57.7,13,490(-2),00409,[東]二ノ宮敬,708800,金子真人ホールディン...,,"9,13(3,14)(4,15)(2,10)(1,5)(7,12)6(8,16)11",7,2,1.5,False,"9-13(3,14)(4,15)(2,5,10)(1,7)12(6,16)(8,11)",7,3,3.5,False,"(*9,13)(14,15)(3,4,7)(2,5,10,11)(16,1)12-(8,6)",8,4,0.0,False,"9,13(3,4,15)(2,14,7)(5,10)(16,11)-(8,1)6,12",6,3,1.5,False,2,
201706020608,8,4歳以上500万下,ダ,1800,晴,良,14:05,2017-03-12,中山,11,6,11,2012105243,アンジュリンブレス,牡5,57,01095,吉田隼人,1:56.5,1,16-15-8-11,39.1,15.5,6,500(+2),01088,[東]高木登,430002,塩川和則,,"9,13(3,14)(4,15)(2,10)(1,5)(7,12)6(8,16)11",16,1,1.5,False,"9-13(3,14)(4,15)(2,5,10)(1,7)12(6,16)(8,11)",15,2,3.5,False,"(*9,13)(14,15)(3,4,7)(2,5,10,11)(16,1)12-(8,6)",8,4,0.0,False,"9,13(3,4,15)(2,14,7)(5,10)(16,11)-(8,1)6,12",11,2,1.5,False,2,
201706020608,8,4歳以上500万下,ダ,1800,晴,良,14:05,2017-03-12,中山,12,3,5,2013103674,スリーミュージアム,牡4,55,01151,井上敏樹,1:56.5,クビ,9-7-8-9,39.0,90.8,15,430(-2),00380,[東]柄崎孝,061800,永井商事,,"9,13(3,14)(4,15)(2,10)(1,5)(7,12)6(8,16)11",9,2,1.5,False,"9-13(3,14)(4,15)(2,5,10)(1,7)12(6,16)(8,11)",7,3,3.5,False,"(*9,13)(14,15)(3,4,7)(2,5,10,11)(16,1)12-(8,6)",8,4,0.0,False,"9,13(3,4,15)(2,14,7)(5,10)(16,11)-(8,1)6,12",9,2,1.5,False,2,
201706020608,8,4歳以上500万下,ダ,1800,晴,良,14:05,2017-03-12,中山,13,1,1,2013110091,ベラポーサ,牝4,55,05115,シュタル,1:56.8,1.3/4,9-10-12-13,39.2,5.2,2,488(+4),01070,[東]堀宣行,151006,吉田和子,,"9,13(3,14)(4,15)(2,10)(1,5)(7,12)6(8,16)11",9,2,1.5,False,"9-13(3,14)(4,15)(2,5,10)(1,7)12(6,16)(8,11)",10,2,3.5,False,"(*9,13)(14,15)(3,4,7)(2,5,10,11)(16,1)12-(8,6)",12,2,0.0,False,"9,13(3,4,15)(2,14,7)(5,10)(16,11)-(8,1)6,12",13,2,5.0,False,2,
201706020608,8,4歳以上500万下,ダ,1800,晴,良,14:05,2017-03-12,中山,14,5,10,2011110102,コスモナチュラル,牡6,57,01009,柴田大知,1:56.9,クビ,7-7-8-9,39.5,134.5,16,500(-6),01133,[東]黒岩陽一,716800,ビッグレッドファーム,,"9,13(3,14)(4,15)(2,10)(1,5)(7,12)6(8,16)11",7,2,1.5,False,"9-13(3,14)(4,15)(2,5,10)(1,7)12(6,16)(8,11)",7,3,3.5,False,"(*9,13)(14,15)(3,4,7)(2,5,10,11)(16,1)12-(8,6)",8,4,0.0,False,"9,13(3,4,15)(2,14,7)(5,10)(16,11)-(8,1)6,12",9,2,1.5,False,2,
201706020608,8,4歳以上500万下,ダ,1800,晴,良,14:05,2017-03-12,中山,15,6,12,2013102348,アオイプリンス,牡4,55,01162,木幡巧也,1:57.1,1.1/4,11-12-14-16,39.3,24.9,8,534(+2),01079,[東]古賀慎明,443033,新谷幸義,,"9,13(3,14)(4,15)(2,10)(1,5)(7,12)6(8,16)11",11,2,1.5,False,"9-13(3,14)(4,15)(2,5,10)(1,7)12(6,16)(8,11)",12,1,3.5,False,"(*9,13)(14,15)(3,4,7)(2,5,10,11)(16,1)12-(8,6)",14,1,0.0,False,"9,13(3,4,15)(2,14,7)(5,10)(16,11)-(8,1)6,12",16,1,6.5,False,2,
201706020608,8,4歳以上500万下,ダ,1800,晴,良,14:05,2017-03-12,中山,16,7,14,2013100901,オリンピアスカイ,牡4,57,00689,江田照男,1:57.3,1.1/4,3-3-3-6,40.2,50.0,11,496(+4),01081,[東]中川公成,934006,伊東純一,,"9,13(3,14)(4,15)(2,10)(1,5)(7,12)6(8,16)11",3,2,1.5,False,"9-13(3,14)(4,15)(2,5,10)(1,7)12(6,16)(8,11)",3,2,3.5,False,"(*9,13)(14,15)(3,4,7)(2,5,10,11)(16,1)12-(8,6)",3,2,0.0,False,"9,13(3,4,15)(2,14,7)(5,10)(16,11)-(8,1)6,12",6,3,1.5,False,2,
201706020609,9,房総特別(2勝),芝,1200,晴,良,14:35,2017-03-12,中山,1,6,12,2013103351,シゲルノコギリザメ,牡4,57,05386,戸崎圭太,1:09.1,,3-3,34.6,6.4,2,490(0),00431,[西]谷潔,674004,森中蕃,"1,535.7",,,,,,,,,,,"6,10(1,12)9,3,2(7,14)4(5,15)(8,13)(11,16)",3,2,1.5,False,"(*6,10)(1,9,12)3(2,14)(4,7)(8,5,15)(13,11,16)",3,3,0.0,False,-2,前日と大きな違いのないコンディションだが、若干、時計が掛かっていた。
201706020609,9,房総特別(2勝),芝,1200,晴,良,14:35,2017-03-12,中山,2,3,6,2013103940,フジノパンサー,牡4,57,00733,吉田豊,1:09.2,1/2,1-1,35.0,21.0,8,508(+2),00392,[東]古賀史生,504002,久保佳和,610.2,,,,,,,,,,,"6,10(1,12)9,3,2(7,14)4(5,15)(8,13)(11,16)",1,1,0.0,False,"(*6,10)(1,9,12)3(2,14)(4,7)(8,5,15)(13,11,16)",1,2,0.0,True,-2,前日と大きな違いのないコンディションだが、若干、時計が掛かっていた。
201706020609,9,房総特別(2勝),芝,1200,晴,良,14:35,2017-03-12,中山,3,5,10,2012110068,エナジータウン,牡5,57,05115,シュタル,1:09.2,ハナ,2-2,34.9,17.8,7,458(0),01062,[西]藤岡健一,331007,幅田昌伸,385.1,,,,,,,,,,,"6,10(1,12)9,3,2(7,14)4(5,15)(8,13)(11,16)",2,1,1.5,False,"(*6,10)(1,9,12)3(2,14)(4,7)(8,5,15)(13,11,16)",2,2,0.0,False,-2,前日と大きな違いのないコンディションだが、若干、時計が掛かっていた。
201706020609,9,房総特別(2勝),芝,1200,晴,良,14:35,2017-03-12,中山,4,2,3,2012100531,アドマイヤナイト,牝5,55,05339,ルメール,1:09.3,1/2,6-6,34.5,2.3,1,430(0),01084,[西]梅田智之,398002,近藤利一,230.0,,,,,,,,,,,"6,10(1,12)9,3,2(7,14)4(5,15)(8,13)(11,16)",6,1,3.0,False,"(*6,10)(1,9,12)3(2,14)(4,7)(8,5,15)(13,11,16)",6,1,0.0,False,-2,前日と大きな違いのないコンディションだが、若干、時計が掛かっていた。
201706020609,9,房総特別(2勝),芝,1200,晴,良,14:35,2017-03-12,中山,5,1,2,2010105298,ラインミーティア,牡7,57,00422,内田博幸,1:09.3,アタマ,7-7,34.4,56.8,12,480(0),01094,[東]水野貴広,796002,大澤繁昌,150.0,,,,,,,,,,,"6,10(1,12)9,3,2(7,14)4(5,15)(8,13)(11,16)",7,1,4.5,False,"(*6,10)(1,9,12)3(2,14)(4,7)(8,5,15)(13,11,16)",7,2,0.0,False,-2,前日と大きな違いのないコンディションだが、若干、時計が掛かっていた。
201706020609,9,房総特別(2勝),芝,1200,晴,良,14:35,2017-03-12,中山,6,5,9,2012104712,サフィロス,牡5,57,01150,石川裕紀,1:09.5,1.1/4,5-3,34.8,9.2,4,474(-6),01038,[東]手塚貴久,486800,キャロットファーム,,,,,,,,,,,,"6,10(1,12)9,3,2(7,14)4(5,15)(8,13)(11,16)",5,1,1.5,False,"(*6,10)(1,9,12)3(2,14)(4,7)(8,5,15)(13,11,16)",3,3,0.0,False,-2,前日と大きな違いのないコンディションだが、若干、時計が掛かっていた。
201706020609,9,房総特別(2勝),芝,1200,晴,良,14:35,2017-03-12,中山,7,1,1,2013104362,コスモフレンチ,牡4,57,01091,丹内祐次,1:09.5,ハナ,3-3,35.0,60.4,13,520(-2),01051,[東]岩戸孝樹,716800,ビッグレッドファーム,,,,,,,,,,,,"6,10(1,12)9,3,2(7,14)4(5,15)(8,13)(11,16)",3,2,1.5,False,"(*6,10)(1,9,12)3(2,14)(4,7)(8,5,15)(13,11,16)",3,3,0.0,False,-2,前日と大きな違いのないコンディションだが、若干、時計が掛かっていた。
201706020609,9,房総特別(2勝),芝,1200,晴,良,14:35,2017-03-12,中山,8,6,11,2013103082,サフランハート,牡4,57,00666,武豊,1:09.5,アタマ,15-14,33.9,9.9,5,436(-6),01078,[西]北出成人,471002,海原聖一,,,,,,,,,,,,"6,10(1,12)9,3,2(7,14)4(5,15)(8,13)(11,16)",15,2,4.5,False,"(*6,10)(1,9,12)3(2,14)(4,7)(8,5,15)(13,11,16)",14,3,0.0,False,-2,前日と大きな違いのないコンディションだが、若干、時計が掛かっていた。
201706020609,9,房総特別(2勝),芝,1200,晴,良,14:35,2017-03-12,中山,9,7,14,2013100787,カトルラポール,牝4,55,01043,北村宏司,1:09.5,アタマ,8-7,34.4,28.0,10,476(+6),00421,[東]浅野洋一,864004,石井義孝,,,,,,,,,,,,"6,10(1,12)9,3,2(7,14)4(5,15)(8,13)(11,16)",8,2,4.5,False,"(*6,10)(1,9,12)3(2,14)(4,7)(8,5,15)(13,11,16)",7,2,0.0,False,-2,前日と大きな違いのないコンディションだが、若干、時計が掛かっていた。
201706020609,9,房総特別(2勝),芝,1200,晴,良,14:35,2017-03-12,中山,10,3,5,2012102808,イキオイ,牡5,57,01085,松岡正海,1:09.6,クビ,11-11,34.3,147.5,15,454(-4),01008,[東]杉浦宏昭,537006,西村憲人,,,,,,,,,,,,"6,10(1,12)9,3,2(7,14)4(5,15)(8,13)(11,16)",11,2,4.5,False,"(*6,10)(1,9,12)3(2,14)(4,7)(8,5,15)(13,11,16)",11,3,0.0,False,-2,前日と大きな違いのないコンディションだが、若干、時計が掛かっていた。
201706020609,9,房総特別(2勝),芝,1200,晴,良,14:35,2017-03-12,中山,11,8,16,2012104793,クイーンズターフ,牝5,55,00660,横山典弘,1:09.6,ハナ,15-14,34.1,21.5,9,486(+6),01043,[東]石栗龍彦,882800,小林英一ホールディン...,,,,,,,,,,,,"6,10(1,12)9,3,2(7,14)4(5,15)(8,13)(11,16)",15,2,4.5,False,"(*6,10)(1,9,12)3(2,14)(4,7)(8,5,15)(13,11,16)",14,3,0.0,False,-2,前日と大きな違いのないコンディションだが、若干、時計が掛かっていた。
201706020609,9,房総特別(2勝),芝,1200,晴,良,14:35,2017-03-12,中山,12,2,4,2013104710,メジャータイフーン,牝4,55,01095,吉田隼人,1:09.6,ハナ,10-9,34.4,171.5,16,488(-6),01118,[東]高柳瑞樹,675030,林正道,,,,,,,,,,,,"6,10(1,12)9,3,2(7,14)4(5,15)(8,13)(11,16)",10,1,4.5,False,"(*6,10)(1,9,12)3(2,14)(4,7)(8,5,15)(13,11,16)",9,2,0.0,False,-2,前日と大きな違いのないコンディションだが、若干、時計が掛かっていた。
201706020609,9,房総特別(2勝),芝,1200,晴,良,14:35,2017-03-12,中山,13,4,7,2012103628,シルヴァーコード,牝5,55,01075,田辺裕信,1:09.6,ハナ,8-9,34.5,7.7,3,484(0),01126,[東]木村哲也,335006,田上雅春,,,,,,,,,,,,"6,10(1,12)9,3,2(7,14)4(5,15)(8,13)(11,16)",8,2,4.5,False,"(*6,10)(1,9,12)3(2,14)(4,7)(8,5,15)(13,11,16)",9,2,0.0,False,-2,前日と大きな違いのないコンディションだが、若干、時計が掛かっていた。
201706020609,9,房総特別(2勝),芝,1200,晴,良,14:35,2017-03-12,中山,14,8,15,2012101157,ダイトウキョウ,牡5,57,05203,岩田康誠,1:09.8,1.1/4,11-11,34.5,13.5,6,464(+2),01054,[東]戸田博文,297002,市川義美,,,,,,,,,,,,"6,10(1,12)9,3,2(7,14)4(5,15)(8,13)(11,16)",11,2,4.5,False,"(*6,10)(1,9,12)3(2,14)(4,7)(8,5,15)(13,11,16)",11,3,0.0,False,-2,前日と大きな違いのないコンディションだが、若干、時計が掛かっていた。
201706020609,9,房総特別(2勝),芝,1200,晴,良,14:35,2017-03-12,中山,15,4,8,2011102041,ショウナンワダチ,牡6,57,00663,蛯名正義,1:09.8,クビ,13-11,34.4,54.6,11,490(0),01102,[東]大竹正博,331002,国本哲秀,,,,,,,,,,,,"6,10(1,12)9,3,2(7,14)4(5,15)(8,13)(11,16)",13,2,4.5,False,"(*6,10)(1,9,12)3(2,14)(4,7)(8,5,15)(13,11,16)",11,3,0.0,False,-2,前日と大きな違いのないコンディションだが、若干、時計が掛かっていた。
201706020609,9,房総特別(2勝),芝,1200,晴,良,14:35,2017-03-12,中山,16,7,13,2011101394,フィラーレ,牡6,57,00689,江田照男,1:10.1,1.3/4,13-14,34.7,107.2,14,474(0),00417,[東]土田稔,370008,岡浩二,,,,,,,,,,,,"6,10(1,12)9,3,2(7,14)4(5,15)(8,13)(11,16)",13,2,4.5,False,"(*6,10)(1,9,12)3(2,14)(4,7)(8,5,15)(13,11,16)",14,3,0.0,False,-2,前日と大きな違いのないコンディションだが、若干、時計が掛かっていた。
201706020610,10,東風S(OP),芝,1600,晴,良,15:10,2017-03-12,中山,1,3,3,2012101402,グレーターロンドン,牡5,56,01075,田辺裕信,1:36.7,,9-9-8,33.3,1.5,1,472(+4),01102,[東]大竹正博,514008,窪田康志,"2,321.7",,,,,,"(*4,5)(7,10)8,2,6,9,3,1",9,1,6.0,False,"4,5(7,10)8(2,9)6,3,1",9,1,3.0,False,"(*4,5)(7,10,8)(2,9)(6,3)1",8,2,0.0,False,-2,前日と大きな違いのないコンディションだが、若干、時計が掛かっていた。
201706020610,10,東風S(OP),芝,1600,晴,良,15:10,2017-03-12,中山,2,4,4,2011104205,ダイワリベラル,牡6,57,01043,北村宏司,1:36.9,1,1-1-1,34.4,17.9,5,534(0),01115,[東]菊沢隆徳,587008,大城敬三,926.2,,,,,,"(*4,5)(7,10)8,2,6,9,3,1",1,2,0.0,True,"4,5(7,10)8(2,9)6,3,1",1,1,0.0,False,"(*4,5)(7,10,8)(2,9)(6,3)1",1,2,0.0,True,-2,前日と大きな違いのないコンディションだが、若干、時計が掛かっていた。
201706020610,10,東風S(OP),芝,1600,晴,良,15:10,2017-03-12,中山,3,8,9,2012104808,ロジチャリス,牡5,56,05386,戸崎圭太,1:36.9,クビ,8-6-6,33.8,7.1,3,558(+8),00399,[東]国枝栄,399030,久米田正明,583.1,,,,,,"(*4,5)(7,10)8,2,6,9,3,1",8,1,4.5,False,"4,5(7,10)8(2,9)6,3,1",6,2,1.5,False,"(*4,5)(7,10,8)(2,9)(6,3)1",6,2,0.0,False,-2,前日と大きな違いのないコンディションだが、若干、時計が掛かっていた。
201706020610,10,東風S(OP),芝,1600,晴,良,15:10,2017-03-12,中山,4,1,1,2012103711,ミッキージョイ,牡5,56,00660,横山典弘,1:37.0,3/4,10-10-10,33.4,4.4,2,498(-6),01017,[東]萩原清,441007,野田みづき,350.0,,,,,,"(*4,5)(7,10)8,2,6,9,3,1",10,1,7.5,False,"4,5(7,10)8(2,9)6,3,1",10,1,4.5,False,"(*4,5)(7,10,8)(2,9)(6,3)1",10,1,0.0,False,-2,前日と大きな違いのないコンディションだが、若干、時計が掛かっていた。
201706020610,10,東風S(OP),芝,1600,晴,良,15:10,2017-03-12,中山,5,6,6,2013103817,ストーミーシー,牡4,56,00689,江田照男,1:37.0,クビ,7-8-8,33.7,21.9,6,528(+4),01086,[東]斎藤誠,629800,ミルファーム,230.0,,,,,,"(*4,5)(7,10)8,2,6,9,3,1",7,1,3.0,False,"4,5(7,10)8(2,9)6,3,1",8,1,1.5,False,"(*4,5)(7,10,8)(2,9)(6,3)1",8,2,0.0,False,-2,前日と大きな違いのないコンディションだが、若干、時計が掛かっていた。
201706020610,10,東風S(OP),芝,1600,晴,良,15:10,2017-03-12,中山,6,8,10,2009105407,シベリアンスパーブ,牡8,56,00684,田中勝春,1:37.0,ハナ,3-3-3,34.2,49.3,7,510(+4),01038,[東]手塚貴久,491030,藤田在子,,,,,,,"(*4,5)(7,10)8,2,6,9,3,1",3,2,0.0,False,"4,5(7,10)8(2,9)6,3,1",3,2,1.5,False,"(*4,5)(7,10,8)(2,9)(6,3)1",3,3,0.0,False,-2,前日と大きな違いのないコンディションだが、若干、時計が掛かっていた。
201706020610,10,東風S(OP),芝,1600,晴,良,15:10,2017-03-12,中山,7,2,2,2012104164,ミュゼエイリアン,セ5,56,01092,津村明秀,1:37.0,ハナ,6-6-6,34.0,52.4,8,480(-14),01133,[東]黒岩陽一,656033,菊地祐司,,,,,,,"(*4,5)(7,10)8,2,6,9,3,1",6,1,1.5,False,"4,5(7,10)8(2,9)6,3,1",6,2,1.5,False,"(*4,5)(7,10,8)(2,9)(6,3)1",6,2,0.0,False,-2,前日と大きな違いのないコンディションだが、若干、時計が掛かっていた。
201706020610,10,東風S(OP),芝,1600,晴,良,15:10,2017-03-12,中山,8,7,8,2011103607,ショウナンアチーヴ,牡6,56,00663,蛯名正義,1:37.1,クビ,5-5-3,34.2,106.0,10,488(+8),00399,[東]国枝栄,331002,国本哲秀,,,,,,,"(*4,5)(7,10)8,2,6,9,3,1",5,1,0.0,False,"4,5(7,10)8(2,9)6,3,1",5,1,1.5,False,"(*4,5)(7,10,8)(2,9)(6,3)1",3,3,0.0,False,-2,前日と大きな違いのないコンディションだが、若干、時計が掛かっていた。
201706020610,10,東風S(OP),芝,1600,晴,良,15:10,2017-03-12,中山,9,5,5,2013101453,ウインファビラス,牝4,54,01085,松岡正海,1:37.2,1/2,2-2-2,34.6,10.9,4,466(+6),01048,[東]畠山吉宏,494800,ウイン,,,,,,,"(*4,5)(7,10)8,2,6,9,3,1",2,2,0.0,False,"4,5(7,10)8(2,9)6,3,1",2,1,1.5,False,"(*4,5)(7,10,8)(2,9)(6,3)1",2,2,0.0,False,-2,前日と大きな違いのないコンディションだが、若干、時計が掛かっていた。
201706020610,10,東風S(OP),芝,1600,晴,良,15:10,2017-03-12,中山,10,7,7,2008104956,コスモソーンパーク,牡9,58,01009,柴田大知,1:37.2,クビ,3-3-3,34.5,94.2,9,490(+2),00390,[東]池上昌弘,716800,ビッグレッドファーム,,,,,,,"(*4,5)(7,10)8,2,6,9,3,1",3,2,0.0,False,"4,5(7,10)8(2,9)6,3,1",3,2,1.5,False,"(*4,5)(7,10,8)(2,9)(6,3)1",3,3,0.0,False,-2,前日と大きな違いのないコンディションだが、若干、時計が掛かっていた。
201706020611,11,第35回中山牝馬S(GIII),芝,1800,晴,良,15:45,2017-03-12,中山,1,2,4,2012104733,トーセンビクトリー,牝5,53,00666,武豊,1:49.4,,3-3-3-4,34.5,12.5,5,476(+6),01053,[西]角居勝彦,270006,島川隆哉,"3,658.1","(*7,11)(4,16)(1,2,6)14(3,13)(8,12)(10,9)(5,15)",3,2,0.0,False,"7,11(4,16)(1,2,6)-(8,3,14)(5,12,13)9,10,15",3,2,1.5,False,"7,11(4,16)(1,2,6)(8,3,14)(5,13)(12,9)(10,15)",3,2,1.5,False,"(*7,11)16(4,6)(1,2,14)(8,3,13)(5,12,9)(10,15)",4,2,0.0,False,-2,前日と大きな違いのないコンディションだが、若干、時計が掛かっていた。
201706020611,11,第35回中山牝馬S(GIII),芝,1800,晴,良,15:45,2017-03-12,中山,2,7,13,2011103946,マジックタイム,牝6,56,05339,ルメール,1:49.4,クビ,9-11-11-9,33.7,2.9,1,488(+2),01081,[東]中川公成,226800,サンデーレーシング,"1,416.6","(*7,11)(4,16)(1,2,6)14(3,13)(8,12)(10,9)(5,15)",9,2,0.0,False,"7,11(4,16)(1,2,6)-(8,3,14)(5,12,13)9,10,15",11,3,5.0,False,"7,11(4,16)(1,2,6)(8,3,14)(5,13)(12,9)(10,15)",11,2,1.5,False,"(*7,11)16(4,6)(1,2,14)(8,3,13)(5,12,9)(10,15)",9,3,0.0,False,-2,前日と大きな違いのないコンディションだが、若干、時計が掛かっていた。
201706020611,11,第35回中山牝馬S(GIII),芝,1800,晴,良,15:45,2017-03-12,中山,3,1,1,2012105433,クインズミラーグロ,牝5,52,00663,蛯名正義,1:49.5,3/4,5-5-5-6,34.3,14.4,7,470(+10),00353,[東]和田正道,896800,クイーンズ・ランチ,908.3,"(*7,11)(4,16)(1,2,6)14(3,13)(8,12)(10,9)(5,15)",5,3,0.0,False,"7,11(4,16)(1,2,6)-(8,3,14)(5,12,13)9,10,15",5,3,1.5,False,"7,11(4,16)(1,2,6)(8,3,14)(5,13)(12,9)(10,15)",5,3,1.5,False,"(*7,11)16(4,6)(1,2,14)(8,3,13)(5,12,9)(10,15)",6,3,0.0,False,-2,前日と大きな違いのないコンディションだが、若干、時計が掛かっていた。
201706020611,11,第35回中山牝馬S(GIII),芝,1800,晴,良,15:45,2017-03-12,中山,4,8,16,2013105648,パールコード,牝4,55,01088,川田将雅,1:49.6,クビ,3-3-3-3,34.7,4.5,2,504(0),01137,[西]中内田充,030060,Ｈ．Ｈ．シェイク・フ...,540.0,"(*7,11)(4,16)(1,2,6)14(3,13)(8,12)(10,9)(5,15)",3,2,0.0,False,"7,11(4,16)(1,2,6)-(8,3,14)(5,12,13)9,10,15",3,2,1.5,False,"7,11(4,16)(1,2,6)(8,3,14)(5,13)(12,9)(10,15)",3,2,1.5,False,"(*7,11)16(4,6)(1,2,14)(8,3,13)(5,12,9)(10,15)",3,1,0.0,False,-2,前日と大きな違いのないコンディションだが、若干、時計が掛かっていた。
201706020611,11,第35回中山牝馬S(GIII),芝,1800,晴,良,15:45,2017-03-12,中山,5,5,9,2010104287,デニムアンドルビー,牝7,55.5,05115,シュタル,1:49.6,ハナ,13-14-13-12,33.7,12.5,6,454(+8),01053,[西]角居勝彦,708800,金子真人ホールディン...,360.0,"(*7,11)(4,16)(1,2,6)14(3,13)(8,12)(10,9)(5,15)",13,2,0.0,False,"7,11(4,16)(1,2,6)-(8,3,14)(5,12,13)9,10,15",14,1,5.0,False,"7,11(4,16)(1,2,6)(8,3,14)(5,13)(12,9)(10,15)",13,2,1.5,False,"(*7,11)16(4,6)(1,2,14)(8,3,13)(5,12,9)(10,15)",12,3,0.0,False,-2,前日と大きな違いのないコンディションだが、若干、時計が掛かっていた。
201706020611,11,第35回中山牝馬S(GIII),芝,1800,晴,良,15:45,2017-03-12,中山,6,5,10,2010100975,ウキヨノカゼ,牝7,55,01075,田辺裕信,1:49.6,クビ,13-15-15-15,33.5,28.5,10,488(-14),01115,[東]菊沢隆徳,243008,國分純,,"(*7,11)(4,16)(1,2,6)14(3,13)(8,12)(10,9)(5,15)",13,2,0.0,False,"7,11(4,16)(1,2,6)-(8,3,14)(5,12,13)9,10,15",15,1,6.5,False,"7,11(4,16)(1,2,6)(8,3,14)(5,13)(12,9)(10,15)",15,2,1.5,False,"(*7,11)16(4,6)(1,2,14)(8,3,13)(5,12,9)(10,15)",15,2,0.0,False,-2,前日と大きな違いのないコンディションだが、若干、時計が掛かっていた。
201706020611,11,第35回中山牝馬S(GIII),芝,1800,晴,良,15:45,2017-03-12,中山,7,6,11,2011103869,サンソヴール,牝6,52,01092,津村明秀,1:49.7,クビ,2-2-2-2,35.0,40.7,11,460(+4),01114,[東]和田正一,808800,Ｇ１レーシング,,"(*7,11)(4,16)(1,2,6)14(3,13)(8,12)(10,9)(5,15)",2,2,0.0,False,"7,11(4,16)(1,2,6)-(8,3,14)(5,12,13)9,10,15",2,1,1.5,False,"7,11(4,16)(1,2,6)(8,3,14)(5,13)(12,9)(10,15)",2,1,1.5,False,"(*7,11)16(4,6)(1,2,14)(8,3,13)(5,12,9)(10,15)",2,2,0.0,False,-2,前日と大きな違いのないコンディションだが、若干、時計が掛かっていた。
201706020611,11,第35回中山牝馬S(GIII),芝,1800,晴,良,15:45,2017-03-12,中山,8,7,14,2013103682,フロンテアクイーン,牝4,53,01043,北村宏司,1:49.7,クビ,8-8-8-6,34.3,9.2,4,462(0),00399,[東]国枝栄,501033,長妻和男,,"(*7,11)(4,16)(1,2,6)14(3,13)(8,12)(10,9)(5,15)",8,1,0.0,False,"7,11(4,16)(1,2,6)-(8,3,14)(5,12,13)9,10,15",8,3,5.0,False,"7,11(4,16)(1,2,6)(8,3,14)(5,13)(12,9)(10,15)",8,3,1.5,False,"(*7,11)16(4,6)(1,2,14)(8,3,13)(5,12,9)(10,15)",6,3,0.0,False,-2,前日と大きな違いのないコンディションだが、若干、時計が掛かっていた。
201706020611,11,第35回中山牝馬S(GIII),芝,1800,晴,良,15:45,2017-03-12,中山,9,3,5,2012104065,シャルール,牝5,54,00660,横山典弘,1:49.8,1/2,15-11-11-12,34.1,24.8,8,468(0),01092,[西]松永幹夫,486800,キャロットファーム,,"(*7,11)(4,16)(1,2,6)14(3,13)(8,12)(10,9)(5,15)",15,2,0.0,False,"7,11(4,16)(1,2,6)-(8,3,14)(5,12,13)9,10,15",11,3,5.0,False,"7,11(4,16)(1,2,6)(8,3,14)(5,13)(12,9)(10,15)",11,2,1.5,False,"(*7,11)16(4,6)(1,2,14)(8,3,13)(5,12,9)(10,15)",12,3,0.0,False,-2,前日と大きな違いのないコンディションだが、若干、時計が掛かっていた。
201706020611,11,第35回中山牝馬S(GIII),芝,1800,晴,良,15:45,2017-03-12,中山,10,2,3,2013106013,ビッシュ,牝4,55,05386,戸崎圭太,1:49.9,1/2,9-8-8-9,34.4,6.0,3,416(-2),01097,[東]鹿戸雄一,208008,窪田芳郎,,"(*7,11)(4,16)(1,2,6)14(3,13)(8,12)(10,9)(5,15)",9,2,0.0,False,"7,11(4,16)(1,2,6)-(8,3,14)(5,12,13)9,10,15",8,3,5.0,False,"7,11(4,16)(1,2,6)(8,3,14)(5,13)(12,9)(10,15)",8,3,1.5,False,"(*7,11)16(4,6)(1,2,14)(8,3,13)(5,12,9)(10,15)",9,3,0.0,False,-2,前日と大きな違いのないコンディションだが、若干、時計が掛かっていた。
201706020611,11,第35回中山牝馬S(GIII),芝,1800,晴,良,15:45,2017-03-12,中山,11,6,12,2011105890,ヒルノマテーラ,牝6,54,05203,岩田康誠,1:50.0,1/2,11-11-13-12,34.2,50.4,12,456(-10),01044,[西]昆貢,823800,ヒルノ,,"(*7,11)(4,16)(1,2,6)14(3,13)(8,12)(10,9)(5,15)",11,2,0.0,False,"7,11(4,16)(1,2,6)-(8,3,14)(5,12,13)9,10,15",11,3,5.0,False,"7,11(4,16)(1,2,6)(8,3,14)(5,13)(12,9)(10,15)",13,2,1.5,False,"(*7,11)16(4,6)(1,2,14)(8,3,13)(5,12,9)(10,15)",12,3,0.0,False,-2,前日と大きな違いのないコンディションだが、若干、時計が掛かっていた。
201706020611,11,第35回中山牝馬S(GIII),芝,1800,晴,良,15:45,2017-03-12,中山,12,4,7,2012102682,プリメラアスール,牝5,51,01150,石川裕紀,1:50.2,1.1/4,1-1-1-1,35.7,27.6,9,498(-10),01111,[西]鈴木孝志,047803,アスール,,"(*7,11)(4,16)(1,2,6)14(3,13)(8,12)(10,9)(5,15)",1,2,0.0,True,"7,11(4,16)(1,2,6)-(8,3,14)(5,12,13)9,10,15",1,1,0.0,False,"7,11(4,16)(1,2,6)(8,3,14)(5,13)(12,9)(10,15)",1,1,0.0,False,"(*7,11)16(4,6)(1,2,14)(8,3,13)(5,12,9)(10,15)",1,2,0.0,True,-2,前日と大きな違いのないコンディションだが、若干、時計が掛かっていた。
201706020611,11,第35回中山牝馬S(GIII),芝,1800,晴,良,15:45,2017-03-12,中山,13,1,2,2011103837,ハピネスダンサー,牝6,52,00422,内田博幸,1:50.2,ハナ,5-5-5-6,35.0,87.1,14,496(-12),01117,[西]高野友和,903007,前迫義幸,,"(*7,11)(4,16)(1,2,6)14(3,13)(8,12)(10,9)(5,15)",5,3,0.0,False,"7,11(4,16)(1,2,6)-(8,3,14)(5,12,13)9,10,15",5,3,1.5,False,"7,11(4,16)(1,2,6)(8,3,14)(5,13)(12,9)(10,15)",5,3,1.5,False,"(*7,11)16(4,6)(1,2,14)(8,3,13)(5,12,9)(10,15)",6,3,0.0,False,-2,前日と大きな違いのないコンディションだが、若干、時計が掛かっていた。
201706020611,11,第35回中山牝馬S(GIII),芝,1800,晴,良,15:45,2017-03-12,中山,14,4,8,2010102094,メイショウマンボ,牝7,54,00641,柴田善臣,1:50.4,1.1/4,11-8-8-9,35.0,82.9,13,496(+8),01139,[西]飯田祐史,523005,松本好雄,,"(*7,11)(4,16)(1,2,6)14(3,13)(8,12)(10,9)(5,15)",11,2,0.0,False,"7,11(4,16)(1,2,6)-(8,3,14)(5,12,13)9,10,15",8,3,5.0,False,"7,11(4,16)(1,2,6)(8,3,14)(5,13)(12,9)(10,15)",8,3,1.5,False,"(*7,11)16(4,6)(1,2,14)(8,3,13)(5,12,9)(10,15)",9,3,0.0,False,-2,前日と大きな違いのないコンディションだが、若干、時計が掛かっていた。
201706020611,11,第35回中山牝馬S(GIII),芝,1800,晴,良,15:45,2017-03-12,中山,15,8,15,2011100497,リーサルウェポン,牝6,49,01162,木幡巧也,1:50.5,3/4,15-16-15-15,34.3,183.9,16,434(+4),01089,[東]武市康男,064700,ＨｉｍＲｏｃｋＲａｃ...,,"(*7,11)(4,16)(1,2,6)14(3,13)(8,12)(10,9)(5,15)",15,2,0.0,False,"7,11(4,16)(1,2,6)-(8,3,14)(5,12,13)9,10,15",16,1,8.0,False,"7,11(4,16)(1,2,6)(8,3,14)(5,13)(12,9)(10,15)",15,2,1.5,False,"(*7,11)16(4,6)(1,2,14)(8,3,13)(5,12,9)(10,15)",15,2,0.0,False,-2,前日と大きな違いのないコンディションだが、若干、時計が掛かっていた。
201706020611,11,第35回中山牝馬S(GIII),芝,1800,晴,良,15:45,2017-03-12,中山,16,3,6,2011104724,ウインリバティ,牝6,50,01085,松岡正海,1:50.5,クビ,5-5-5-4,35.4,130.8,15,460(-4),01050,[西]飯田雄三,494800,ウイン,,"(*7,11)(4,16)(1,2,6)14(3,13)(8,12)(10,9)(5,15)",5,3,0.0,False,"7,11(4,16)(1,2,6)-(8,3,14)(5,12,13)9,10,15",5,3,1.5,False,"7,11(4,16)(1,2,6)(8,3,14)(5,13)(12,9)(10,15)",5,3,1.5,False,"(*7,11)16(4,6)(1,2,14)(8,3,13)(5,12,9)(10,15)",4,2,0.0,False,-2,前日と大きな違いのないコンディションだが、若干、時計が掛かっていた。
201706020612,12,4歳以上1000万下,ダ,1200,晴,良,16:25,2017-03-12,中山,1,8,16,2012105737,チェリーサマー,牡5,54,01158,野中悠太,1:12.6,,3-3,37.0,4.0,2,522(+4),00405,[東]小西一男,527030,櫻井悦朗,"1,050.0",,,,,,,,,,,"11,12(3,6,16)(1,5,10)(4,9)(7,14)(8,15)(2,13)",3,3,1.5,False,"11,12,16,3(6,10)(1,5)(7,4,9)14(2,8)(13,15)",3,1,3.0,False,-1,
201706020612,12,4歳以上1000万下,ダ,1200,晴,良,16:25,2017-03-12,中山,2,8,15,2012102147,タケルラグーン,牡5,57,05386,戸崎圭太,1:12.8,1.1/4,13-15,36.4,3.1,1,484(-2),00390,[東]池上昌弘,748009,森保彦,420.0,,,,,,,,,,,"11,12(3,6,16)(1,5,10)(4,9)(7,14)(8,15)(2,13)",13,2,1.5,False,"11,12,16,3(6,10)(1,5)(7,4,9)14(2,8)(13,15)",15,2,4.5,False,-1,
201706020612,12,4歳以上1000万下,ダ,1200,晴,良,16:25,2017-03-12,中山,3,1,2,2012100624,ブルームーン,牡5,57,01088,川田将雅,1:12.8,ハナ,15-13,36.3,12.3,5,468(-10),01110,[西]清水久詞,788800,ノースヒルズ,260.0,,,,,,,,,,,"11,12(3,6,16)(1,5,10)(4,9)(7,14)(8,15)(2,13)",15,2,1.5,False,"11,12,16,3(6,10)(1,5)(7,4,9)14(2,8)(13,15)",13,2,4.5,False,-1,
201706020612,12,4歳以上1000万下,ダ,1200,晴,良,16:25,2017-03-12,中山,4,5,10,2013102594,フレンチイデアル,牡4,57,01043,北村宏司,1:12.8,クビ,6-5,37.0,14.0,6,508(-4),01109,[東]伊藤大士,053803,杉山忠国,160.0,,,,,,,,,,,"11,12(3,6,16)(1,5,10)(4,9)(7,14)(8,15)(2,13)",6,3,1.5,False,"11,12,16,3(6,10)(1,5)(7,4,9)14(2,8)(13,15)",5,2,4.5,False,-1,
201706020612,12,4歳以上1000万下,ダ,1200,晴,良,16:25,2017-03-12,中山,5,5,9,2013102771,トモトモリバー,牝4,55,00689,江田照男,1:12.9,クビ,9-9,36.9,11.3,4,466(-6),01056,[東]本間忍,553002,斉藤等,52.5,,,,,,,,,,,"11,12(3,6,16)(1,5,10)(4,9)(7,14)(8,15)(2,13)",9,2,1.5,False,"11,12,16,3(6,10)(1,5)(7,4,9)14(2,8)(13,15)",9,3,4.5,False,-1,
201706020612,12,4歳以上1000万下,ダ,1200,晴,良,16:25,2017-03-12,中山,5,6,11,2013102157,ミスキララ,牝4,53,01162,木幡巧也,1:12.9,同着,1-1,37.6,20.7,8,484(+4),01144,[西]池添学,514008,窪田康志,52.5,,,,,,,,,,,"11,12(3,6,16)(1,5,10)(4,9)(7,14)(8,15)(2,13)",1,1,0.0,False,"11,12,16,3(6,10)(1,5)(7,4,9)14(2,8)(13,15)",1,1,0.0,False,-1,
201706020612,12,4歳以上1000万下,ダ,1200,晴,良,16:25,2017-03-12,中山,7,3,5,2012102504,オルフィーク,牝5,55,01091,丹内祐次,1:12.9,アタマ,6-7,37.1,103.0,14,498(+6),01005,[東]小桧山悟,036006,加藤徹,,,,,,,,,,,,"11,12(3,6,16)(1,5,10)(4,9)(7,14)(8,15)(2,13)",6,3,1.5,False,"11,12,16,3(6,10)(1,5)(7,4,9)14(2,8)(13,15)",7,2,4.5,False,-1,
201706020612,12,4歳以上1000万下,ダ,1200,晴,良,16:25,2017-03-12,中山,8,1,1,2013100513,シゲルヒラマサ,牡4,57,00733,吉田豊,1:13.0,3/4,6-7,37.1,55.5,11,472(+6),01094,[東]水野貴広,674004,森中蕃,,,,,,,,,,,,"11,12(3,6,16)(1,5,10)(4,9)(7,14)(8,15)(2,13)",6,3,1.5,False,"11,12,16,3(6,10)(1,5)(7,4,9)14(2,8)(13,15)",7,2,4.5,False,-1,
201706020612,12,4歳以上1000万下,ダ,1200,晴,良,16:25,2017-03-12,中山,9,7,13,2012101116,トーセンミッション,牡5,57,01029,武士沢友,1:13.0,アタマ,15-15,36.5,14.1,7,516(+2),01115,[東]菊沢隆徳,270006,島川隆哉,,,,,,,,,,,,"11,12(3,6,16)(1,5,10)(4,9)(7,14)(8,15)(2,13)",15,2,1.5,False,"11,12,16,3(6,10)(1,5)(7,4,9)14(2,8)(13,15)",15,2,4.5,False,-1,
201706020612,12,4歳以上1000万下,ダ,1200,晴,良,16:25,2017-03-12,中山,10,4,8,2011110065,ブルーミーフラワー,牡6,57,05243,柴山雄一,1:13.0,アタマ,13-13,36.7,137.0,15,492(+2),01048,[東]畠山吉宏,896800,クイーンズ・ランチ,,,,,,,,,,,,"11,12(3,6,16)(1,5,10)(4,9)(7,14)(8,15)(2,13)",13,2,1.5,False,"11,12,16,3(6,10)(1,5)(7,4,9)14(2,8)(13,15)",13,2,4.5,False,-1,
201706020612,12,4歳以上1000万下,ダ,1200,晴,良,16:25,2017-03-12,中山,11,6,12,2012105770,ジョリーアップ,牝5,55,01051,嘉藤貴行,1:13.0,ハナ,2-2,37.6,68.1,13,486(-4),01086,[東]斎藤誠,547800,ヒダカ・ブリーダーズ...,,,,,,,,,,,,"11,12(3,6,16)(1,5,10)(4,9)(7,14)(8,15)(2,13)",2,1,1.5,False,"11,12,16,3(6,10)(1,5)(7,4,9)14(2,8)(13,15)",2,1,1.5,False,-1,
201706020612,12,4歳以上1000万下,ダ,1200,晴,良,16:25,2017-03-12,中山,12,2,4,2012103910,ピュアノアール,牝5,52,01169,武藤雅,1:13.1,クビ,9-9,37.1,22.0,9,464(+12),01064,[東]武藤善則,971033,高橋貴士,,,,,,,,,,,,"11,12(3,6,16)(1,5,10)(4,9)(7,14)(8,15)(2,13)",9,2,1.5,False,"11,12,16,3(6,10)(1,5)(7,4,9)14(2,8)(13,15)",9,3,4.5,False,-1,
201706020612,12,4歳以上1000万下,ダ,1200,晴,良,16:25,2017-03-12,中山,13,4,7,2012103262,トウショウカウント,牡5,57,00422,内田博幸,1:13.2,1/2,11-9,37.0,33.8,10,520(+2),01024,[東]萱野浩二,078800,トウショウ産業,,,,,,,,,,,,"11,12(3,6,16)(1,5,10)(4,9)(7,14)(8,15)(2,13)",11,2,1.5,False,"11,12,16,3(6,10)(1,5)(7,4,9)14(2,8)(13,15)",9,3,4.5,False,-1,
201706020612,12,4歳以上1000万下,ダ,1200,晴,良,16:25,2017-03-12,中山,14,3,6,2012101349,ジュエルアラモード,牝5,55,01095,吉田隼人,1:13.4,1.1/4,3-5,37.8,66.8,12,508(+2),01100,[東]松山将樹,936800,西川礦,,,,,,,,,,,,"11,12(3,6,16)(1,5,10)(4,9)(7,14)(8,15)(2,13)",3,3,1.5,False,"11,12,16,3(6,10)(1,5)(7,4,9)14(2,8)(13,15)",5,2,4.5,False,-1,
201706020612,12,4歳以上1000万下,ダ,1200,晴,良,16:25,2017-03-12,中山,15,2,3,2011101732,サビーナクレスタ,セ6,55,01151,井上敏樹,1:13.6,1,3-4,38.0,220.3,16,504(+10),01056,[東]本間忍,854800,ノルマンディーサラブ...,,,,,,,,,,,,"11,12(3,6,16)(1,5,10)(4,9)(7,14)(8,15)(2,13)",3,3,1.5,False,"11,12,16,3(6,10)(1,5)(7,4,9)14(2,8)(13,15)",4,1,4.5,False,-1,
201706020612,12,4歳以上1000万下,ダ,1200,晴,良,16:25,2017-03-12,中山,16,7,14,2012103683,ファンシーリシェス,牝5,55,01075,田辺裕信,1:13.7,3/4,11-12,37.5,5.5,3,456(-12),01124,[東]大和田成,008803,原禮子,,,,,,,,,,,,"11,12(3,6,16)(1,5,10)(4,9)(7,14)(8,15)(2,13)",11,2,1.5,False,"11,12,16,3(6,10)(1,5)(7,4,9)14(2,8)(13,15)",12,1,4.5,False,-1,
201709010601,1,3歳未勝利,ダ,1200,晴,良,10:01,2017-03-12,阪神,1,8,11,2014103907,メモリーフェーブル,牝3,54,01112,荻野琢真,1:12.9,,5-4,36.9,2.6,1,448(0),01058,[西]大久保龍,351800,シンザンクラブ,500.0,,,,,,,,,,,"1(4,6)-3,11,7,12,8(5,9)-10-2",5,1,5.0,False,"(*1,4,6)-11(3,7)-(5,12,9)8,10-2",4,1,3.5,False,-7,
201709010601,1,3歳未勝利,ダ,1200,晴,良,10:01,2017-03-12,阪神,2,1,1,2014103585,グランドガール,牝3,54,01018,和田竜二,1:13.3,2.1/2,1-1,38.0,3.9,3,462(+2),00397,[西]岩元市三,043008,林千枝子,200.0,,,,,,,,,,,"1(4,6)-3,11,7,12,8(5,9)-10-2",1,1,0.0,False,"(*1,4,6)-11(3,7)-(5,12,9)8,10-2",1,3,0.0,True,-7,
201709010601,1,3歳未勝利,ダ,1200,晴,良,10:01,2017-03-12,阪神,3,6,7,2014103797,オールエリザベス,牝3,54,01034,酒井学,1:13.5,1.1/4,6-5,37.2,3.5,2,444(-4),01041,[西]藤沢則雄,117800,高昭牧場,130.0,,,,,,,,,,,"1(4,6)-3,11,7,12,8(5,9)-10-2",6,1,6.5,False,"(*1,4,6)-11(3,7)-(5,12,9)8,10-2",5,2,3.5,False,-7,
201709010601,1,3歳未勝利,ダ,1200,晴,良,10:01,2017-03-12,阪神,4,7,9,2014102684,ハンドレッドライフ,牝3,54,01144,菱田裕二,1:13.7,1.1/2,9-7,36.9,39.1,8,456(0),01140,[西]石橋守,961006,伊藤信之,75.0,,,,,,,,,,,"1(4,6)-3,11,7,12,8(5,9)-10-2",9,2,9.5,False,"(*1,4,6)-11(3,7)-(5,12,9)8,10-2",7,3,7.0,False,-7,
201709010601,1,3歳未勝利,ダ,1200,晴,良,10:01,2017-03-12,阪神,5,7,10,2014103525,メイショウマライカ,牝3,54,00732,幸英明,1:14.0,1.3/4,11-11,37.0,141.4,10,390(-2),01041,[西]藤沢則雄,523005,松本好雄,50.0,,,,,,,,,,,"1(4,6)-3,11,7,12,8(5,9)-10-2",11,1,13.0,False,"(*1,4,6)-11(3,7)-(5,12,9)8,10-2",11,1,8.5,False,-7,
201709010601,1,3歳未勝利,ダ,1200,晴,良,10:01,2017-03-12,阪神,6,5,5,2014104976,ネオレジェンド,牝3,54,05217,田中学,1:14.1,1/2,9-7,37.5,15.9,6,456(+2),01075,[西]矢作芳人,399009,嶋田賢,,,,,,,,,,,,"1(4,6)-3,11,7,12,8(5,9)-10-2",9,2,9.5,False,"(*1,4,6)-11(3,7)-(5,12,9)8,10-2",7,3,7.0,False,-7,
201709010601,1,3歳未勝利,ダ,1200,晴,良,10:01,2017-03-12,阪神,7,5,6,2014101343,シゲルビッグホーン,牝3,54,05229,山口勲,1:14.2,1/2,2-2,38.7,60.2,9,452(+8),00356,[西]坂口正則,674004,森中蕃,,,,,,,,,,,,"1(4,6)-3,11,7,12,8(5,9)-10-2",2,2,0.0,False,"(*1,4,6)-11(3,7)-(5,12,9)8,10-2",2,3,0.0,False,-7,
201709010601,1,3歳未勝利,ダ,1200,晴,良,10:01,2017-03-12,阪神,8,8,12,2014102357,ファシル,牝3,54,01154,松若風馬,1:14.2,クビ,7-7,37.6,21.1,7,446(0),01098,[西]野中賢二,977800,前川企画,,,,,,,,,,,,"1(4,6)-3,11,7,12,8(5,9)-10-2",7,1,8.0,False,"(*1,4,6)-11(3,7)-(5,12,9)8,10-2",7,3,7.0,False,-7,
201709010601,1,3歳未勝利,ダ,1200,晴,良,10:01,2017-03-12,阪神,9,6,8,2014102211,カンティレーナ,牝3,54,01116,藤岡康太,1:14.6,2.1/2,8-10,37.8,14.6,5,474(0),01095,[西]荒川義之,003060,Ｈ．Ｈ．シェイク・モ...,,,,,,,,,,,,"1(4,6)-3,11,7,12,8(5,9)-10-2",8,1,9.5,False,"(*1,4,6)-11(3,7)-(5,12,9)8,10-2",10,1,7.0,False,-7,
201709010601,1,3歳未勝利,ダ,1200,晴,良,10:01,2017-03-12,阪神,10,4,4,2014104308,チョコタベチャウゾ,牝3,54,01014,福永祐一,1:14.6,ハナ,2-2,39.1,9.6,4,456(0),01146,[西]奥村豊,162008,熊澤浩樹,,,,,,,,,,,,"1(4,6)-3,11,7,12,8(5,9)-10-2",2,2,0.0,False,"(*1,4,6)-11(3,7)-(5,12,9)8,10-2",2,3,0.0,False,-7,
201709010601,1,3歳未勝利,ダ,1200,晴,良,10:01,2017-03-12,阪神,11,3,3,2014105026,タントミール,牝3,54,00726,岩部純二,1:15.5,5,4-5,39.5,179.2,11,410(-2),00428,[東]石毛善彦,629800,ミルファーム,,,,,,,,,,,,"1(4,6)-3,11,7,12,8(5,9)-10-2",4,1,3.5,False,"(*1,4,6)-11(3,7)-(5,12,9)8,10-2",5,2,3.5,False,-7,
201709010601,1,3歳未勝利,ダ,1200,晴,良,10:01,2017-03-12,阪神,12,2,2,2014106338,アイファーアラート,牝3,54,00722,小林徹弥,1:15.9,2.1/2,12-12,38.3,500.6,12,382(-6),00387,[西]目野哲也,119007,中島稔,,,,,,,,,,,,"1(4,6)-3,11,7,12,8(5,9)-10-2",12,1,16.5,False,"(*1,4,6)-11(3,7)-(5,12,9)8,10-2",12,1,12.0,False,-7,
201709010602,2,3歳未勝利,ダ,1800,晴,良,10:30,2017-03-12,阪神,1,1,1,2014105063,サトノプライム,牡3,56,01014,福永祐一,1:54.0,,9-9-8-6,36.2,3.1,1,490(+8),01049,[西]南井克巳,790031,里見治,500.0,"9(8,10)-(6,11)7,2,5,1,4-3",9,1,8.0,False,"9,8,10-6,11(2,7)-5-1,4,3",9,1,15.0,False,"(*9,8)(10,7)6,5,2(11,1)(3,4)",8,2,3.0,False,"(*8,10,7)(6,5)(2,1)-3(9,4)-11",6,2,0.0,False,-7,
201709010602,2,3歳未勝利,ダ,1800,晴,良,10:30,2017-03-12,阪神,2,5,5,2014103489,タイキビージェイ,牡3,56,00732,幸英明,1:54.5,3,8-8-6-4,37.0,3.5,2,520(-18),01142,[西]森田直行,536800,大樹ファーム,200.0,"9(8,10)-(6,11)7,2,5,1,4-3",8,1,6.5,False,"9,8,10-6,11(2,7)-5-1,4,3",8,1,11.5,False,"(*9,8)(10,7)6,5,2(11,1)(3,4)",6,1,1.5,False,"(*8,10,7)(6,5)(2,1)-3(9,4)-11",4,2,0.0,False,-7,
201709010602,2,3歳未勝利,ダ,1800,晴,良,10:30,2017-03-12,阪神,3,6,6,2014105685,ベディヴィア,牡3,56,05212,Ｍ．デム,1:54.5,ハナ,4-4-5-4,37.3,3.7,3,462(+6),01098,[西]野中賢二,415800,社台レースホース,130.0,"9(8,10)-(6,11)7,2,5,1,4-3",4,2,3.5,False,"9,8,10-6,11(2,7)-5-1,4,3",4,1,6.5,False,"(*9,8)(10,7)6,5,2(11,1)(3,4)",5,1,0.0,False,"(*8,10,7)(6,5)(2,1)-3(9,4)-11",4,2,0.0,False,-7,
201709010602,2,3歳未勝利,ダ,1800,晴,良,10:30,2017-03-12,阪神,4,2,2,2014102405,テイエムダンシャク,牡3,53,01165,森裕太朗,1:54.8,1.3/4,7-6-7-6,37.2,21.1,5,488(-2),01144,[西]池添学,356002,竹園正繼,75.0,"9(8,10)-(6,11)7,2,5,1,4-3",7,1,5.0,False,"9,8,10-6,11(2,7)-5-1,4,3",6,2,8.0,False,"(*9,8)(10,7)6,5,2(11,1)(3,4)",7,1,3.0,False,"(*8,10,7)(6,5)(2,1)-3(9,4)-11",6,2,0.0,False,-7,
201709010602,2,3歳未勝利,ダ,1800,晴,良,10:30,2017-03-12,阪神,5,7,8,2014105759,マサハヤスター,牡3,56,01018,和田竜二,1:55.3,3,2-2-2-1,38.4,3.9,4,476(-2),01128,[西]今野貞一,471033,中村政夫,50.0,"9(8,10)-(6,11)7,2,5,1,4-3",2,2,0.0,False,"9,8,10-6,11(2,7)-5-1,4,3",2,1,1.5,False,"(*9,8)(10,7)6,5,2(11,1)(3,4)",2,2,0.0,False,"(*8,10,7)(6,5)(2,1)-3(9,4)-11",1,3,0.0,True,-7,
201709010602,2,3歳未勝利,ダ,1800,晴,良,10:30,2017-03-12,阪神,6,6,7,2014102845,メイショウゴウキ,セ3,56,01127,丸山元気,1:56.2,5,6-6-3-2,39.1,239.3,8,488(+2),00378,[西]沖芳夫,789006,松本和子,,"9(8,10)-(6,11)7,2,5,1,4-3",6,1,3.5,False,"9,8,10-6,11(2,7)-5-1,4,3",6,2,8.0,False,"(*9,8)(10,7)6,5,2(11,1)(3,4)",3,2,0.0,False,"(*8,10,7)(6,5)(2,1)-3(9,4)-11",2,3,0.0,False,-7,
201709010602,2,3歳未勝利,ダ,1800,晴,良,10:30,2017-03-12,阪神,7,3,3,2014103368,ブランウェン,牝3,54,05217,田中学,1:56.8,3.1/2,11-11-10-8,38.9,267.9,9,406(-2),00362,[西]橋田満,034009,森田藤治,,"9(8,10)-(6,11)7,2,5,1,4-3",11,1,13.0,False,"9,8,10-6,11(2,7)-5-1,4,3",11,1,18.0,False,"(*9,8)(10,7)6,5,2(11,1)(3,4)",10,2,3.0,False,"(*8,10,7)(6,5)(2,1)-3(9,4)-11",8,1,3.5,False,-7,
201709010602,2,3歳未勝利,ダ,1800,晴,良,10:30,2017-03-12,阪神,8,4,4,2014106260,ウエスタンアッレ,牡3,56,01133,水口優也,1:57.3,3,10-10-10-9,39.3,295.9,10,502(0),00365,[西]崎山博樹,929006,西川賢,,"9(8,10)-(6,11)7,2,5,1,4-3",10,1,9.5,False,"9,8,10-6,11(2,7)-5-1,4,3",10,1,16.5,False,"(*9,8)(10,7)6,5,2(11,1)(3,4)",10,2,3.0,False,"(*8,10,7)(6,5)(2,1)-3(9,4)-11",9,2,3.5,False,-7,
201709010602,2,3歳未勝利,ダ,1800,晴,良,10:30,2017-03-12,阪神,9,8,10,2014101916,シリシアン,牡3,56,01034,酒井学,1:57.4,3/4,2-3-3-2,40.4,26.2,6,484(-10),01028,[西]西園正都,355800,伊達牧場,,"9(8,10)-(6,11)7,2,5,1,4-3",2,2,0.0,False,"9,8,10-6,11(2,7)-5-1,4,3",3,1,3.0,False,"(*9,8)(10,7)6,5,2(11,1)(3,4)",3,2,0.0,False,"(*8,10,7)(6,5)(2,1)-3(9,4)-11",2,3,0.0,False,-7,
201709010602,2,3歳未勝利,ダ,1800,晴,良,10:30,2017-03-12,阪神,10,8,11,2014104789,ララスモーキン,牡3,56,01144,菱田裕二,1:59.2,大,4-5-8-11,41.1,37.5,7,476(0),01129,[西]高橋義忠,851800,フジイ興産,,"9(8,10)-(6,11)7,2,5,1,4-3",4,2,3.5,False,"9,8,10-6,11(2,7)-5-1,4,3",5,1,8.0,False,"(*9,8)(10,7)6,5,2(11,1)(3,4)",8,2,3.0,False,"(*8,10,7)(6,5)(2,1)-3(9,4)-11",11,1,7.0,False,-7,
201709010602,2,3歳未勝利,ダ,1800,晴,良,10:30,2017-03-12,阪神,11,7,9,2014100278,ダークガーランド,牡3,56,00726,岩部純二,2:06.7,大,1-1-1-9,49.5,395.4,11,448(+2),00383,[東]伊藤正徳,208006,新井原博,,"9(8,10)-(6,11)7,2,5,1,4-3",1,1,0.0,False,"9,8,10-6,11(2,7)-5-1,4,3",1,1,0.0,False,"(*9,8)(10,7)6,5,2(11,1)(3,4)",1,2,0.0,True,"(*8,10,7)(6,5)(2,1)-3(9,4)-11",9,2,3.5,False,-7,
201709010603,3,3歳未勝利,ダ,1400,晴,良,11:00,2017-03-12,阪神,1,5,9,2014102522,マルヨシャバーリー,牡3,56,01115,浜中俊,1:25.3,,5-4,36.8,5.8,3,486(+12),01123,[西]牧田和弥,131005,野村春行,500.0,,,,,,,,,,,"7(6,15)3(14,9)2(11,12)(1,13,16)(5,8)10-4",5,2,0.0,False,"7(6,15)(3,14,9)12,2(11,16)-13,1(5,8)4,10",4,3,0.0,False,-7,
201709010603,3,3歳未勝利,ダ,1400,晴,良,11:00,2017-03-12,阪神,2,6,12,2014103266,メイショウエイコウ,牡3,56,01062,川島信二,1:25.3,クビ,8-7,36.5,2.3,1,430(0),01095,[西]荒川義之,523005,松本好雄,200.0,,,,,,,,,,,"7(6,15)3(14,9)2(11,12)(1,13,16)(5,8)10-4",8,2,0.0,False,"7(6,15)(3,14,9)12,2(11,16)-13,1(5,8)4,10",7,1,0.0,False,-7,
201709010603,3,3歳未勝利,ダ,1400,晴,良,11:00,2017-03-12,阪神,3,8,15,2014105217,シュンノカミ,牡3,56,01154,松若風馬,1:25.4,3/4,2-2,37.1,6.6,4,496(0),00419,[西]松元茂樹,752006,石川博,130.0,,,,,,,,,,,"7(6,15)3(14,9)2(11,12)(1,13,16)(5,8)10-4",2,2,0.0,False,"7(6,15)(3,14,9)12,2(11,16)-13,1(5,8)4,10",2,2,0.0,False,-7,
201709010603,3,3歳未勝利,ダ,1400,晴,良,11:00,2017-03-12,阪神,4,4,7,2014101645,リガス,牡3,56,01032,池添謙一,1:26.1,4,1-1,38.0,4.0,2,506(-2),01021,[西]池添兼雄,045803,カナヤマホールディン...,75.0,,,,,,,,,,,"7(6,15)3(14,9)2(11,12)(1,13,16)(5,8)10-4",1,1,0.0,False,"7(6,15)(3,14,9)12,2(11,16)-13,1(5,8)4,10",1,1,0.0,False,-7,
201709010603,3,3歳未勝利,ダ,1400,晴,良,11:00,2017-03-12,阪神,5,2,3,2014100580,ハッピーマテリアル,牝3,54,01077,石橋脩,1:26.2,1/2,4-4,37.8,19.5,6,454(+6),00378,[西]沖芳夫,788800,ノースヒルズ,50.0,,,,,,,,,,,"7(6,15)3(14,9)2(11,12)(1,13,16)(5,8)10-4",4,1,0.0,False,"7(6,15)(3,14,9)12,2(11,16)-13,1(5,8)4,10",4,3,0.0,False,-7,
201709010603,3,3歳未勝利,ダ,1400,晴,良,11:00,2017-03-12,阪神,6,8,16,2014105579,オーサム,牡3,56,00732,幸英明,1:26.3,クビ,10-9,37.1,26.1,8,490(-4),01069,[西]中尾秀正,148800,グリーンファーム,,,,,,,,,,,,"7(6,15)3(14,9)2(11,12)(1,13,16)(5,8)10-4",10,3,0.0,False,"7(6,15)(3,14,9)12,2(11,16)-13,1(5,8)4,10",9,2,1.5,False,-7,
201709010603,3,3歳未勝利,ダ,1400,晴,良,11:00,2017-03-12,阪神,7,6,11,2014105818,バックファイヤー,セ3,56,01018,和田竜二,1:26.4,3/4,8-9,37.3,23.2,7,480(0),01058,[西]大久保龍,051803,ＫＴレーシング,,,,,,,,,,,,"7(6,15)3(14,9)2(11,12)(1,13,16)(5,8)10-4",8,2,0.0,False,"7(6,15)(3,14,9)12,2(11,16)-13,1(5,8)4,10",9,2,1.5,False,-7,
201709010603,3,3歳未勝利,ダ,1400,晴,良,11:00,2017-03-12,阪神,8,7,14,2014109138,コウザンアクティヴ,牝3,54,00722,小林徹弥,1:26.9,3,5-4,38.4,326.5,13,440(+6),00387,[西]目野哲也,158033,山下良子,,,,,,,,,,,,"7(6,15)3(14,9)2(11,12)(1,13,16)(5,8)10-4",5,2,0.0,False,"7(6,15)(3,14,9)12,2(11,16)-13,1(5,8)4,10",4,3,0.0,False,-7,
201709010603,3,3歳未勝利,ダ,1400,晴,良,11:00,2017-03-12,阪神,9,7,13,2014103326,ベルウッドスバル,牡3,56,05229,山口勲,1:27.0,1/2,10-11,37.7,591.1,16,494(+2),00356,[西]坂口正則,137030,鈴木照雄,,,,,,,,,,,,"7(6,15)3(14,9)2(11,12)(1,13,16)(5,8)10-4",10,3,0.0,False,"7(6,15)(3,14,9)12,2(11,16)-13,1(5,8)4,10",11,1,5.0,False,-7,
201709010603,3,3歳未勝利,ダ,1400,晴,良,11:00,2017-03-12,阪神,10,4,8,2014103333,ゴールドシチー,セ3,53,01165,森裕太朗,1:27.2,1.1/4,13-13,37.7,184.0,10,470(-4),00388,[西]山内研二,694008,本間茂,,,,,,,,,,,,"7(6,15)3(14,9)2(11,12)(1,13,16)(5,8)10-4",13,2,0.0,False,"7(6,15)(3,14,9)12,2(11,16)-13,1(5,8)4,10",13,2,6.5,False,-7,
201709010603,3,3歳未勝利,ダ,1400,晴,良,11:00,2017-03-12,阪神,11,1,2,2014109068,スマートフェンリル,牡3,56,05212,Ｍ．デム,1:27.2,クビ,7-8,38.4,10.6,5,480(-2),01058,[西]大久保龍,007803,大川徹,,,,,,,,,,,,"7(6,15)3(14,9)2(11,12)(1,13,16)(5,8)10-4",7,1,0.0,False,"7(6,15)(3,14,9)12,2(11,16)-13,1(5,8)4,10",8,1,1.5,False,-7,
201709010603,3,3歳未勝利,ダ,1400,晴,良,11:00,2017-03-12,阪神,12,5,10,2014103025,タイセイフィナール,牡3,56,01034,酒井学,1:27.4,1.1/4,15-16,37.7,466.4,15,434(-10),01142,[西]森田直行,224007,田中成奉,,,,,,,,,,,,"7(6,15)3(14,9)2(11,12)(1,13,16)(5,8)10-4",15,1,0.0,False,"7(6,15)(3,14,9)12,2(11,16)-13,1(5,8)4,10",16,1,8.0,False,-7,
201709010603,3,3歳未勝利,ダ,1400,晴,良,11:00,2017-03-12,阪神,13,2,4,2014102362,ミズデッポウ,牡3,56,01133,水口優也,1:27.5,クビ,16-15,37.8,220.8,12,480(0),00365,[西]崎山博樹,851007,山上和良,,,,,,,,,,,,"7(6,15)3(14,9)2(11,12)(1,13,16)(5,8)10-4",16,1,3.5,False,"7(6,15)(3,14,9)12,2(11,16)-13,1(5,8)4,10",15,1,6.5,False,-7,
201709010603,3,3歳未勝利,ダ,1400,晴,良,11:00,2017-03-12,阪神,14,3,5,2014106362,アイアイハッピー,牡3,56,01127,丸山元気,1:27.8,2,13-13,38.3,190.6,11,464(+4),00421,[東]浅野洋一,200006,齊藤敬,,,,,,,,,,,,"7(6,15)3(14,9)2(11,12)(1,13,16)(5,8)10-4",13,2,0.0,False,"7(6,15)(3,14,9)12,2(11,16)-13,1(5,8)4,10",13,2,6.5,False,-7,
201709010603,3,3歳未勝利,ダ,1400,晴,良,11:00,2017-03-12,阪神,15,3,6,2014102773,ビーフォルツァ,牡3,56,05217,田中学,1:27.9,クビ,2-2,39.7,98.0,9,464(+4),01123,[西]牧田和弥,446007,馬場祥晃,,,,,,,,,,,,"7(6,15)3(14,9)2(11,12)(1,13,16)(5,8)10-4",2,2,0.0,False,"7(6,15)(3,14,9)12,2(11,16)-13,1(5,8)4,10",2,2,0.0,False,-7,
201709010603,3,3歳未勝利,ダ,1400,晴,良,11:00,2017-03-12,阪神,16,1,1,2014100552,ヤマニンミモレット,牝3,52,01147,城戸義政,1:29.0,7,10-12,39.8,446.8,14,462(-4),01146,[西]奥村豊,329004,土井肇,,,,,,,,,,,,"7(6,15)3(14,9)2(11,12)(1,13,16)(5,8)10-4",10,3,0.0,False,"7(6,15)(3,14,9)12,2(11,16)-13,1(5,8)4,10",12,1,6.5,False,-7,
201709010604,4,3歳未勝利,芝,2200,晴,良,11:30,2017-03-12,阪神,1,3,5,2014102159,タガノシャルドネ,牡3,56,01018,和田竜二,2:15.2,,7-7-5-6,35.6,5.0,3,440(0),01003,[西]川村禎彦,874800,八木秀之,500.0,"2-7-(12,4)(1,11)5,13(6,15)10(3,8)14,9",7,1,7.0,False,"2-7-(12,4)(1,11)5,13-(6,15)(10,3,8)-14,9",7,1,7.0,False,"2,7,12,4(1,5,11)(13,15,8)(10,3)6,14-9",5,3,4.5,False,"2,7,12(1,4)(5,11)(13,15)8(10,3)(6,14)-9",6,2,3.0,False,-7,前日と同レベルで、速めの時計が出る馬場。
201709010604,4,3歳未勝利,芝,2200,晴,良,11:30,2017-03-12,阪神,2,4,7,2014104111,コールストーム,牡3,56,05229,山口勲,2:15.3,1/2,2-2-2-2,36.3,44.8,9,494(+6),01111,[西]鈴木孝志,788800,ノースヒルズ,200.0,"2-7-(12,4)(1,11)5,13(6,15)10(3,8)14,9",2,1,3.5,False,"2-7-(12,4)(1,11)5,13-(6,15)(10,3,8)-14,9",2,1,3.5,False,"2,7,12,4(1,5,11)(13,15,8)(10,3)6,14-9",2,1,1.5,False,"2,7,12(1,4)(5,11)(13,15)8(10,3)(6,14)-9",2,1,1.5,False,-7,前日と同レベルで、速めの時計が出る馬場。
201709010604,4,3歳未勝利,芝,2200,晴,良,11:30,2017-03-12,阪神,3,7,13,2014103521,ピエナアラシ,牡3,56,00732,幸英明,2:15.3,クビ,8-8-8-8,35.5,55.7,10,474(-2),00431,[西]谷潔,023007,本谷兼三,130.0,"2-7-(12,4)(1,11)5,13(6,15)10(3,8)14,9",8,1,8.5,False,"2-7-(12,4)(1,11)5,13-(6,15)(10,3,8)-14,9",8,1,8.5,False,"2,7,12,4(1,5,11)(13,15,8)(10,3)6,14-9",8,3,4.5,False,"2,7,12(1,4)(5,11)(13,15)8(10,3)(6,14)-9",8,2,3.0,False,-7,前日と同レベルで、速めの時計が出る馬場。
201709010604,4,3歳未勝利,芝,2200,晴,良,11:30,2017-03-12,阪神,4,8,15,2014103473,ロキ,牡3,56,01034,酒井学,2:15.4,クビ,9-9-8-8,35.6,6.1,4,466(+2),01149,[西]松下武士,258033,野嶋祥二,75.0,"2-7-(12,4)(1,11)5,13(6,15)10(3,8)14,9",9,2,8.5,False,"2-7-(12,4)(1,11)5,13-(6,15)(10,3,8)-14,9",9,2,12.0,False,"2,7,12,4(1,5,11)(13,15,8)(10,3)6,14-9",8,3,4.5,False,"2,7,12(1,4)(5,11)(13,15)8(10,3)(6,14)-9",8,2,3.0,False,-7,前日と同レベルで、速めの時計が出る馬場。
201709010604,4,3歳未勝利,芝,2200,晴,良,11:30,2017-03-12,阪神,5,1,1,2014106408,アーダルベルト,牡3,56,01127,丸山元気,2:15.5,3/4,5-5-5-4,36.0,156.7,13,432(-2),01091,[西]羽月友彦,547033,菅原広隆,50.0,"2-7-(12,4)(1,11)5,13(6,15)10(3,8)14,9",5,2,7.0,False,"2-7-(12,4)(1,11)5,13-(6,15)(10,3,8)-14,9",5,2,7.0,False,"2,7,12,4(1,5,11)(13,15,8)(10,3)6,14-9",5,3,4.5,False,"2,7,12(1,4)(5,11)(13,15)8(10,3)(6,14)-9",4,2,3.0,False,-7,前日と同レベルで、速めの時計が出る馬場。
201709010604,4,3歳未勝利,芝,2200,晴,良,11:30,2017-03-12,阪神,6,2,3,2014102254,スプリングボックス,牡3,56,01154,松若風馬,2:15.6,1/2,12-11-11-11,35.6,3.5,1,472(-8),01158,[西]寺島良,479033,吉田昌久,,"2-7-(12,4)(1,11)5,13(6,15)10(3,8)14,9",12,2,8.5,False,"2-7-(12,4)(1,11)5,13-(6,15)(10,3,8)-14,9",11,3,12.0,False,"2,7,12,4(1,5,11)(13,15,8)(10,3)6,14-9",11,2,4.5,False,"2,7,12(1,4)(5,11)(13,15)8(10,3)(6,14)-9",11,2,3.0,False,-7,前日と同レベルで、速めの時計が出る馬場。
201709010604,4,3歳未勝利,芝,2200,晴,良,11:30,2017-03-12,阪神,7,2,2,2014102182,チャッティレディ,牝3,54,01077,石橋脩,2:15.8,1.1/4,1-1-1-1,36.9,4.6,2,506(-2),01039,[西]中竹和也,003060,Ｈ．Ｈ．シェイク・モ...,,"2-7-(12,4)(1,11)5,13(6,15)10(3,8)14,9",1,1,0.0,False,"2-7-(12,4)(1,11)5,13-(6,15)(10,3,8)-14,9",1,1,0.0,False,"2,7,12,4(1,5,11)(13,15,8)(10,3)6,14-9",1,1,0.0,False,"2,7,12(1,4)(5,11)(13,15)8(10,3)(6,14)-9",1,1,0.0,False,-7,前日と同レベルで、速めの時計が出る馬場。
201709010604,4,3歳未勝利,芝,2200,晴,良,11:30,2017-03-12,阪神,8,4,6,2014104702,プティットクルール,牝3,51,01165,森裕太朗,2:15.9,3/4,9-9-13-13,35.6,84.2,11,426(+8),01018,[西]宮徹,161006,首藤徳,,"2-7-(12,4)(1,11)5,13(6,15)10(3,8)14,9",9,2,8.5,False,"2-7-(12,4)(1,11)5,13-(6,15)(10,3,8)-14,9",9,2,12.0,False,"2,7,12,4(1,5,11)(13,15,8)(10,3)6,14-9",13,1,4.5,False,"2,7,12(1,4)(5,11)(13,15)8(10,3)(6,14)-9",13,2,3.0,False,-7,前日と同レベルで、速めの時計が出る馬場。
201709010604,4,3歳未勝利,芝,2200,晴,良,11:30,2017-03-12,阪神,9,7,12,2014103391,メイショウマルコマ,牝3,54,01116,藤岡康太,2:16.0,1/2,3-3-3-3,36.8,15.1,7,504(+6),01129,[西]高橋義忠,523005,松本好雄,,"2-7-(12,4)(1,11)5,13(6,15)10(3,8)14,9",3,2,7.0,False,"2-7-(12,4)(1,11)5,13-(6,15)(10,3,8)-14,9",3,2,7.0,False,"2,7,12,4(1,5,11)(13,15,8)(10,3)6,14-9",3,1,3.0,False,"2,7,12(1,4)(5,11)(13,15)8(10,3)(6,14)-9",3,1,3.0,False,-7,前日と同レベルで、速めの時計が出る馬場。
201709010604,4,3歳未勝利,芝,2200,晴,良,11:30,2017-03-12,阪神,10,6,10,2014100055,ショウナンラスター,牡3,56,01099,鮫島良太,2:16.2,1.1/2,11-11-11-11,36.2,208.5,14,452(0),00261,[西]中村均,331002,国本哲秀,,"2-7-(12,4)(1,11)5,13(6,15)10(3,8)14,9",11,1,8.5,False,"2-7-(12,4)(1,11)5,13-(6,15)(10,3,8)-14,9",11,3,12.0,False,"2,7,12,4(1,5,11)(13,15,8)(10,3)6,14-9",11,2,4.5,False,"2,7,12(1,4)(5,11)(13,15)8(10,3)(6,14)-9",11,2,3.0,False,-7,前日と同レベルで、速めの時計が出る馬場。
201709010604,4,3歳未勝利,芝,2200,晴,良,11:30,2017-03-12,阪神,11,8,14,2014102125,ヴェネーノ,牝3,54,01032,池添謙一,2:16.6,2.1/2,14-14-14-13,36.3,121.3,12,388(-8),01095,[西]荒川義之,064700,ＨｉｍＲｏｃｋＲａｃ...,,"2-7-(12,4)(1,11)5,13(6,15)10(3,8)14,9",14,1,8.5,False,"2-7-(12,4)(1,11)5,13-(6,15)(10,3,8)-14,9",14,1,15.5,False,"2,7,12,4(1,5,11)(13,15,8)(10,3)6,14-9",14,1,6.0,False,"2,7,12(1,4)(5,11)(13,15)8(10,3)(6,14)-9",13,2,3.0,False,-7,前日と同レベルで、速めの時計が出る馬場。
201709010604,4,3歳未勝利,芝,2200,晴,良,11:30,2017-03-12,阪神,12,5,9,2014110054,ポヴォゼーニャ,牝3,54,05217,田中学,2:17.7,7,15-15-15-15,36.8,260.3,15,434(-6),01039,[西]中竹和也,788800,ノースヒルズ,,"2-7-(12,4)(1,11)5,13(6,15)10(3,8)14,9",15,1,10.0,False,"2-7-(12,4)(1,11)5,13-(6,15)(10,3,8)-14,9",15,1,17.0,False,"2,7,12,4(1,5,11)(13,15,8)(10,3)6,14-9",15,1,9.5,False,"2,7,12(1,4)(5,11)(13,15)8(10,3)(6,14)-9",15,1,6.5,False,-7,前日と同レベルで、速めの時計が出る馬場。
201709010604,4,3歳未勝利,芝,2200,晴,良,11:30,2017-03-12,阪神,13,3,4,2014102035,アウトリガーカヌー,牡3,56,01014,福永祐一,2:17.8,クビ,3-3-4-4,38.4,12.8,6,530(+2),01107,[西]村山明,708800,金子真人ホールディン...,,"2-7-(12,4)(1,11)5,13(6,15)10(3,8)14,9",3,2,7.0,False,"2-7-(12,4)(1,11)5,13-(6,15)(10,3,8)-14,9",3,2,7.0,False,"2,7,12,4(1,5,11)(13,15,8)(10,3)6,14-9",4,1,4.5,False,"2,7,12(1,4)(5,11)(13,15)8(10,3)(6,14)-9",4,2,3.0,False,-7,前日と同レベルで、速めの時計が出る馬場。
201709010604,4,3歳未勝利,芝,2200,晴,良,11:30,2017-03-12,阪神,14,6,11,2014103687,コンゴウトシオー,牡3,56,01102,北村友一,2:17.9,1/2,5-5-5-6,38.3,7.1,5,446(-6),01148,[西]西村真幸,464030,田畑利彦,,"2-7-(12,4)(1,11)5,13(6,15)10(3,8)14,9",5,2,7.0,False,"2-7-(12,4)(1,11)5,13-(6,15)(10,3,8)-14,9",5,2,7.0,False,"2,7,12,4(1,5,11)(13,15,8)(10,3)6,14-9",5,3,4.5,False,"2,7,12(1,4)(5,11)(13,15)8(10,3)(6,14)-9",6,2,3.0,False,-7,前日と同レベルで、速めの時計が出る馬場。
201709010604,4,3歳未勝利,芝,2200,晴,良,11:30,2017-03-12,阪神,15,5,8,2014102336,シュペルブバロン,牡3,56,01144,菱田裕二,2:18.2,2,12-11-8-10,38.4,32.4,8,494(0),00411,[西]浅見秀一,013803,ディアレストクラブ,,"2-7-(12,4)(1,11)5,13(6,15)10(3,8)14,9",12,2,8.5,False,"2-7-(12,4)(1,11)5,13-(6,15)(10,3,8)-14,9",11,3,12.0,False,"2,7,12,4(1,5,11)(13,15,8)(10,3)6,14-9",8,3,4.5,False,"2,7,12(1,4)(5,11)(13,15)8(10,3)(6,14)-9",10,1,3.0,False,-7,前日と同レベルで、速めの時計が出る馬場。
201709010605,5,3歳500万下,芝,1200,晴,良,12:20,2017-03-12,阪神,1,2,2,2014100686,エンゲルヘン,牝3,54,01018,和田竜二,1:09.1,,2-2,34.6,3.2,2,444(0),00422,[西]五十嵐忠,546800,サラブレッドクラブ・...,720.0,,,,,,,,,,,"13,2,11(1,8,12)9,5,7(3,6)(4,10)",2,1,1.5,False,"13,2(1,11,12)8,9,5(3,7)6,4,10",2,1,1.5,False,-7,前日と同レベルで、速めの時計が出る馬場。
201709010605,5,3歳500万下,芝,1200,晴,良,12:20,2017-03-12,阪神,2,7,11,2014101542,アタックバイオ,牡3,56,01102,北村友一,1:09.3,1.1/2,3-3,34.6,4.7,3,476(0),01055,[西]藤原英昭,930800,バイオ,290.0,,,,,,,,,,,"13,2,11(1,8,12)9,5,7(3,6)(4,10)",3,1,3.0,False,"13,2(1,11,12)8,9,5(3,7)6,4,10",3,3,1.5,False,-7,前日と同レベルで、速めの時計が出る馬場。
201709010605,5,3歳500万下,芝,1200,晴,良,12:20,2017-03-12,阪神,3,6,8,2014103751,ラヴィングアンサー,牡3,56,01115,浜中俊,1:09.4,クビ,4-6,34.4,2.4,1,500(+22),01022,[西]石坂正,570009,江口雄一郎,180.0,,,,,,,,,,,"13,2,11(1,8,12)9,5,7(3,6)(4,10)",4,3,3.0,False,"13,2(1,11,12)8,9,5(3,7)6,4,10",6,1,1.5,False,-7,前日と同レベルで、速めの時計が出る馬場。
201709010605,5,3歳500万下,芝,1200,晴,良,12:20,2017-03-12,阪神,4,1,1,2014102973,メイショウギガース,牡3,56,01144,菱田裕二,1:09.4,クビ,4-3,34.6,9.1,4,460(0),01066,[西]岡田稲男,523005,松本好雄,110.0,,,,,,,,,,,"13,2,11(1,8,12)9,5,7(3,6)(4,10)",4,3,3.0,False,"13,2(1,11,12)8,9,5(3,7)6,4,10",3,3,1.5,False,-7,前日と同レベルで、速めの時計が出る馬場。
201709010605,5,3歳500万下,芝,1200,晴,良,12:20,2017-03-12,阪神,5,6,9,2014103850,イリスファルコン,牝3,54,01014,福永祐一,1:09.6,1.1/4,7-7,34.4,18.8,6,410(0),00438,[西]安田隆行,547033,菅原広隆,72.0,,,,,,,,,,,"13,2,11(1,8,12)9,5,7(3,6)(4,10)",7,1,3.0,False,"13,2(1,11,12)8,9,5(3,7)6,4,10",7,1,3.0,False,-7,前日と同レベルで、速めの時計が出る馬場。
201709010605,5,3歳500万下,芝,1200,晴,良,12:20,2017-03-12,阪神,6,3,3,2014102332,スノードーナツ,牝3,51,01165,森裕太朗,1:09.8,1,10-9,34.1,191.4,11,458(-6),00428,[東]石毛善彦,629800,ミルファーム,,,,,,,,,,,,"13,2,11(1,8,12)9,5,7(3,6)(4,10)",10,2,6.0,False,"13,2(1,11,12)8,9,5(3,7)6,4,10",9,2,4.5,False,-7,前日と同レベルで、速めの時計が出る馬場。
201709010605,5,3歳500万下,芝,1200,晴,良,12:20,2017-03-12,阪神,7,8,13,2014105693,ザベストエバー,牡3,56,01154,松若風馬,1:09.9,3/4,1-1,35.6,38.8,8,442(-4),01147,[東]武井亮,535033,古賀慎一,,,,,,,,,,,,"13,2,11(1,8,12)9,5,7(3,6)(4,10)",1,1,0.0,False,"13,2(1,11,12)8,9,5(3,7)6,4,10",1,1,0.0,False,-7,前日と同レベルで、速めの時計が出る馬場。
201709010605,5,3歳500万下,芝,1200,晴,良,12:20,2017-03-12,阪神,8,4,4,2014101434,ハクユウロゼ,牝3,54,05229,山口勲,1:10.5,3.1/2,12-12,34.6,60.6,9,462(-2),05601,[地]東眞市,840800,Ｈ．Ｉコーポレーショ...,,,,,,,,,,,,"13,2,11(1,8,12)9,5,7(3,6)(4,10)",12,2,6.0,False,"13,2(1,11,12)8,9,5(3,7)6,4,10",12,1,6.0,False,-7,前日と同レベルで、速めの時計が出る馬場。
201709010605,5,3歳500万下,芝,1200,晴,良,12:20,2017-03-12,阪神,9,8,12,2014105687,シーハリケーン,セ3,56,01112,荻野琢真,1:10.7,1.1/2,4-3,35.8,16.5,5,460(-10),01073,[西]宮本博,415800,社台レースホース,,,,,,,,,,,,"13,2,11(1,8,12)9,5,7(3,6)(4,10)",4,3,3.0,False,"13,2(1,11,12)8,9,5(3,7)6,4,10",3,3,1.5,False,-7,前日と同レベルで、速めの時計が出る馬場。
201709010605,5,3歳500万下,芝,1200,晴,良,12:20,2017-03-12,阪神,10,4,5,2014106411,タテヤマ,牡3,56,01116,藤岡康太,1:10.7,ハナ,8-8,35.4,24.1,7,450(+2),00400,[西]柴田光陽,089002,小島將之,,,,,,,,,,,,"13,2,11(1,8,12)9,5,7(3,6)(4,10)",8,1,4.5,False,"13,2(1,11,12)8,9,5(3,7)6,4,10",8,1,4.5,False,-7,前日と同レベルで、速めの時計が出る馬場。
201709010605,5,3歳500万下,芝,1200,晴,良,12:20,2017-03-12,阪神,11,5,6,2014104335,アートオブダムール,牝3,52,01147,城戸義政,1:10.8,クビ,10-11,35.0,114.1,10,434(0),01025,[西]佐藤正雄,055030,岡田隆寛,,,,,,,,,,,,"13,2,11(1,8,12)9,5,7(3,6)(4,10)",10,2,6.0,False,"13,2(1,11,12)8,9,5(3,7)6,4,10",11,1,4.5,False,-7,前日と同レベルで、速めの時計が出る馬場。
201709010605,5,3歳500万下,芝,1200,晴,良,12:20,2017-03-12,阪神,12,5,7,2014102964,ビーハッピー,牡3,56,00726,岩部純二,1:10.9,3/4,9-9,35.3,195.4,12,452(-14),00383,[東]伊藤正徳,629800,ミルファーム,,,,,,,,,,,,"13,2,11(1,8,12)9,5,7(3,6)(4,10)",9,1,6.0,False,"13,2(1,11,12)8,9,5(3,7)6,4,10",9,2,4.5,False,-7,前日と同レベルで、速めの時計が出る馬場。
201709010605,5,3歳500万下,芝,1200,晴,良,12:20,2017-03-12,阪神,13,7,10,2014103016,デュークトレジャー,牡3,56,05217,田中学,1:11.4,3,12-13,35.4,276.1,13,450(+1),05715,[地]北野真弘,870004,村上稔,,,,,,,,,,,,"13,2,11(1,8,12)9,5,7(3,6)(4,10)",12,2,6.0,False,"13,2(1,11,12)8,9,5(3,7)6,4,10",13,1,7.5,False,-7,前日と同レベルで、速めの時計が出る馬場。
201709010606,6,4歳以上500万下,ダ,1800,晴,良,12:55,2017-03-12,阪神,1,3,3,2013105942,ソリティール,牡4,57,05212,Ｍ．デム,1:53.4,,8-7-4-2,38.2,1.8,1,478(+2),01101,[西]吉田直弘,808800,Ｇ１レーシング,750.0,"7(2,8)-(9,5)(1,10)(4,3)-6",8,2,3.5,False,"7,8(2,5)9,1(4,10,3)-6",7,3,3.0,False,"(*7,8)5(1,3)(2,9)4(6,10)",4,2,0.0,False,"(8,5,*1,3)(7,9)2(6,4)-10",2,4,0.0,False,-7,
201709010606,6,4歳以上500万下,ダ,1800,晴,良,12:55,2017-03-12,阪神,2,4,4,2013100430,クリノプラハ,牡4,57,05229,山口勲,1:53.5,3/4,8-7-8-8,37.8,22.0,4,536(0),00431,[西]谷潔,970006,栗本博晴,300.0,"7(2,8)-(9,5)(1,10)(4,3)-6",8,2,3.5,False,"7,8(2,5)9,1(4,10,3)-6",7,3,3.0,False,"(*7,8)5(1,3)(2,9)4(6,10)",8,1,0.0,False,"(8,5,*1,3)(7,9)2(6,4)-10",8,2,0.0,False,-7,
201709010606,6,4歳以上500万下,ダ,1800,晴,良,12:55,2017-03-12,阪神,3,2,2,2013110071,カバトット,牡4,54,01166,川又賢治,1:53.6,クビ,2-3-6-7,38.3,44.0,7,484(+11),00427,[西]森秀行,338033,冨士井直哉,190.0,"7(2,8)-(9,5)(1,10)(4,3)-6",2,2,0.0,False,"7,8(2,5)9,1(4,10,3)-6",3,2,1.5,False,"(*7,8)5(1,3)(2,9)4(6,10)",6,2,0.0,False,"(8,5,*1,3)(7,9)2(6,4)-10",7,1,0.0,False,-7,
201709010606,6,4歳以上500万下,ダ,1800,晴,良,12:55,2017-03-12,阪神,4,8,9,2013104079,プログレスシチー,牡4,55,01147,城戸義政,1:53.7,1/2,4-5-6-5,38.4,5.7,3,486(-2),01042,[西]安達昭夫,321800,友駿ホースクラブ,110.0,"7(2,8)-(9,5)(1,10)(4,3)-6",4,2,3.5,False,"7,8(2,5)9,1(4,10,3)-6",5,1,1.5,False,"(*7,8)5(1,3)(2,9)4(6,10)",6,2,0.0,False,"(8,5,*1,3)(7,9)2(6,4)-10",5,2,0.0,False,-7,
201709010606,6,4歳以上500万下,ダ,1800,晴,良,12:55,2017-03-12,阪神,5,1,1,2013105732,モンストルコント,牡4,57,01115,浜中俊,1:53.7,クビ,6-6-4-1,38.6,2.7,2,492(+2),01099,[西]本田優,415800,社台レースホース,75.0,"7(2,8)-(9,5)(1,10)(4,3)-6",6,2,3.5,False,"7,8(2,5)9,1(4,10,3)-6",6,1,3.0,False,"(*7,8)5(1,3)(2,9)4(6,10)",4,2,0.0,False,"(8,5,*1,3)(7,9)2(6,4)-10",1,4,0.0,True,-7,
201709010606,6,4歳以上500万下,ダ,1800,晴,良,12:55,2017-03-12,阪神,6,6,6,2012103352,アイファーマグオー,牡5,57,05217,田中学,1:54.4,4,10-10-9-8,38.7,94.5,9,520(-8),01050,[西]飯田雄三,119007,中島稔,,"7(2,8)-(9,5)(1,10)(4,3)-6",10,1,7.0,False,"7,8(2,5)9,1(4,10,3)-6",10,1,6.5,False,"(*7,8)5(1,3)(2,9)4(6,10)",9,2,0.0,False,"(8,5,*1,3)(7,9)2(6,4)-10",8,2,0.0,False,-7,
201709010606,6,4歳以上500万下,ダ,1800,晴,良,12:55,2017-03-12,阪神,7,8,10,2013102034,ウイングエンペラー,牡4,57,00722,小林徹弥,1:54.4,ハナ,6-7-9-10,38.5,173.1,10,476(0),00387,[西]目野哲也,780009,池田實,,"7(2,8)-(9,5)(1,10)(4,3)-6",6,2,3.5,False,"7,8(2,5)9,1(4,10,3)-6",7,3,3.0,False,"(*7,8)5(1,3)(2,9)4(6,10)",9,2,0.0,False,"(8,5,*1,3)(7,9)2(6,4)-10",10,1,3.5,False,-7,
201709010606,6,4歳以上500万下,ダ,1800,晴,良,12:55,2017-03-12,阪神,8,5,5,2013103396,グランプリアクセル,牡4,57,01116,藤岡康太,1:55.8,9,4-3-3-2,40.8,38.4,6,482(-2),01075,[西]矢作芳人,204800,グランプリ,,"7(2,8)-(9,5)(1,10)(4,3)-6",4,2,3.5,False,"7,8(2,5)9,1(4,10,3)-6",3,2,1.5,False,"(*7,8)5(1,3)(2,9)4(6,10)",3,1,0.0,False,"(8,5,*1,3)(7,9)2(6,4)-10",2,4,0.0,False,-7,
201709010606,6,4歳以上500万下,ダ,1800,晴,良,12:55,2017-03-12,阪神,9,7,8,2013105440,ディアスプマンテ,牝4,55,01127,丸山元気,1:56.6,5,2-2-2-2,41.7,22.2,5,440(0),01095,[西]荒川義之,148800,グリーンファーム,,"7(2,8)-(9,5)(1,10)(4,3)-6",2,2,0.0,False,"7,8(2,5)9,1(4,10,3)-6",2,1,1.5,False,"(*7,8)5(1,3)(2,9)4(6,10)",2,2,0.0,False,"(8,5,*1,3)(7,9)2(6,4)-10",2,4,0.0,False,-7,
201709010606,6,4歳以上500万下,ダ,1800,晴,良,12:55,2017-03-12,阪神,10,7,7,2013101129,サカジロウィーク,牡4,57,01063,小坂忠士,1:57.1,3,1-1-1-5,42.2,56.3,8,516(+12),00365,[西]崎山博樹,018700,ロイヤルパーク,,"7(2,8)-(9,5)(1,10)(4,3)-6",1,1,0.0,False,"7,8(2,5)9,1(4,10,3)-6",1,1,0.0,False,"(*7,8)5(1,3)(2,9)4(6,10)",1,2,0.0,True,"(8,5,*1,3)(7,9)2(6,4)-10",5,2,0.0,False,-7,
201709010607,7,4歳以上500万下,ダ,1200,晴,良,13:25,2017-03-12,阪神,1,6,11,2013104088,サイタスリーレッド,牡4,57,01130,高倉稜,1:11.4,,2-2,36.6,20.7,7,478(-2),01025,[西]佐藤正雄,537006,西村憲人,750.0,,,,,,,,,,,"(*8,11)16,10(5,9)(4,14)(2,12)(7,15)3-13-(1,6)",2,2,0.0,False,"(*8,11,16)(5,9)10(4,14)2,12(3,15)7,6,13,1",2,3,0.0,False,-7,
201709010607,7,4歳以上500万下,ダ,1200,晴,良,13:25,2017-03-12,阪神,2,5,9,2012104210,グラッブユアコート,牝5,55,01014,福永祐一,1:11.6,1.1/4,5-4,36.4,2.7,1,480(+24),01120,[西]千田輝彦,808800,Ｇ１レーシング,300.0,,,,,,,,,,,"(*8,11)16,10(5,9)(4,14)(2,12)(7,15)3-13-(1,6)",5,2,1.5,False,"(*8,11,16)(5,9)10(4,14)2,12(3,15)7,6,13,1",4,2,0.0,False,-7,
201709010607,7,4歳以上500万下,ダ,1200,晴,良,13:25,2017-03-12,阪神,3,1,2,2012104135,マルカメテオ,牡5,57,05217,田中学,1:11.6,クビ,9-9,36.0,58.2,11,494(-2),01091,[西]羽月友彦,927033,日下部猛,190.0,,,,,,,,,,,"(*8,11)16,10(5,9)(4,14)(2,12)(7,15)3-13-(1,6)",9,2,1.5,False,"(*8,11,16)(5,9)10(4,14)2,12(3,15)7,6,13,1",9,1,0.0,False,-7,
201709010607,7,4歳以上500万下,ダ,1200,晴,良,13:25,2017-03-12,阪神,4,8,16,2013100295,コパノマイケル,牡4,57,01127,丸山元気,1:11.7,3/4,3-2,36.8,42.3,10,520(+28),01107,[西]村山明,966007,小林祥晃,110.0,,,,,,,,,,,"(*8,11)16,10(5,9)(4,14)(2,12)(7,15)3-13-(1,6)",3,1,0.0,False,"(*8,11,16)(5,9)10(4,14)2,12(3,15)7,6,13,1",2,3,0.0,False,-7,
201709010607,7,4歳以上500万下,ダ,1200,晴,良,13:25,2017-03-12,阪神,5,2,3,2013103049,キラパワー,牡4,57,01144,菱田裕二,1:11.9,1.1/4,13-11,35.9,69.5,13,460(+4),01140,[西]石橋守,178033,山口正行,75.0,,,,,,,,,,,"(*8,11)16,10(5,9)(4,14)(2,12)(7,15)3-13-(1,6)",13,1,1.5,False,"(*8,11,16)(5,9)10(4,14)2,12(3,15)7,6,13,1",11,2,1.5,False,-7,
201709010607,7,4歳以上500万下,ダ,1200,晴,良,13:25,2017-03-12,阪神,6,7,14,2013101336,テイエムマンカイ,牡4,57,01034,酒井学,1:12.1,1,7-7,36.6,58.4,12,532(-6),00400,[西]柴田光陽,356002,竹園正繼,,,,,,,,,,,,"(*8,11)16,10(5,9)(4,14)(2,12)(7,15)3-13-(1,6)",7,2,1.5,False,"(*8,11,16)(5,9)10(4,14)2,12(3,15)7,6,13,1",7,2,0.0,False,-7,
201709010607,7,4歳以上500万下,ダ,1200,晴,良,13:25,2017-03-12,阪神,7,3,5,2013103699,タイキラメール,牡4,57,01018,和田竜二,1:12.2,1/2,5-4,37.1,7.1,3,482(-2),01058,[西]大久保龍,536800,大樹ファーム,,,,,,,,,,,,"(*8,11)16,10(5,9)(4,14)(2,12)(7,15)3-13-(1,6)",5,2,1.5,False,"(*8,11,16)(5,9)10(4,14)2,12(3,15)7,6,13,1",4,2,0.0,False,-7,
201709010607,7,4歳以上500万下,ダ,1200,晴,良,13:25,2017-03-12,阪神,8,7,13,2013103957,トーコーブリザード,牡4,57,01102,北村友一,1:12.2,クビ,14-15,35.7,31.0,9,476(-9),00362,[西]橋田満,034009,森田藤治,,,,,,,,,,,,"(*8,11)16,10(5,9)(4,14)(2,12)(7,15)3-13-(1,6)",14,1,5.0,False,"(*8,11,16)(5,9)10(4,14)2,12(3,15)7,6,13,1",15,1,4.5,False,-7,
201709010607,7,4歳以上500万下,ダ,1200,晴,良,13:25,2017-03-12,阪神,9,2,4,2013104790,スクリューネイバー,牡4,54,01165,森裕太朗,1:12.4,1,7-7,37.0,194.4,16,510(-4),01049,[西]南井克巳,634006,松元保,,,,,,,,,,,,"(*8,11)16,10(5,9)(4,14)(2,12)(7,15)3-13-(1,6)",7,2,1.5,False,"(*8,11,16)(5,9)10(4,14)2,12(3,15)7,6,13,1",7,2,0.0,False,-7,
201709010607,7,4歳以上500万下,ダ,1200,晴,良,13:25,2017-03-12,阪神,10,6,12,2013102478,ローザルージュ,牝4,55,01115,浜中俊,1:12.8,2.1/2,9-10,37.0,16.5,5,494(-2),01099,[西]本田優,870004,村上稔,,,,,,,,,,,,"(*8,11)16,10(5,9)(4,14)(2,12)(7,15)3-13-(1,6)",9,2,1.5,False,"(*8,11,16)(5,9)10(4,14)2,12(3,15)7,6,13,1",10,1,1.5,False,-7,
201709010607,7,4歳以上500万下,ダ,1200,晴,良,13:25,2017-03-12,阪神,11,3,6,2013104436,ライトフォーミー,牡4,57,01125,国分優作,1:12.8,アタマ,15-14,36.2,155.2,15,492(-10),01149,[西]松下武士,102800,ターフ・スポート,,,,,,,,,,,,"(*8,11)16,10(5,9)(4,14)(2,12)(7,15)3-13-(1,6)",15,2,8.5,False,"(*8,11,16)(5,9)10(4,14)2,12(3,15)7,6,13,1",14,1,3.0,False,-7,
201709010607,7,4歳以上500万下,ダ,1200,晴,良,13:25,2017-03-12,阪神,12,4,8,2013103888,カジノスマイル,牝4,55,00732,幸英明,1:12.9,1/2,1-1,38.2,3.3,2,482(-6),01140,[西]石橋守,050002,井高義光,,,,,,,,,,,,"(*8,11)16,10(5,9)(4,14)(2,12)(7,15)3-13-(1,6)",1,2,0.0,True,"(*8,11,16)(5,9)10(4,14)2,12(3,15)7,6,13,1",1,3,0.0,True,-7,
201709010607,7,4歳以上500万下,ダ,1200,晴,良,13:25,2017-03-12,阪神,13,1,1,2013101023,ショウナンマシェリ,牝4,53,01147,城戸義政,1:13.0,3/4,15-16,36.3,121.1,14,466(+2),01084,[西]梅田智之,679800,湘南,,,,,,,,,,,,"(*8,11)16,10(5,9)(4,14)(2,12)(7,15)3-13-(1,6)",15,2,8.5,False,"(*8,11,16)(5,9)10(4,14)2,12(3,15)7,6,13,1",16,1,6.0,False,-7,
201709010607,7,4歳以上500万下,ダ,1200,晴,良,13:25,2017-03-12,阪神,14,5,10,2013103962,ローゼンタール,牝4,55,01116,藤岡康太,1:13.1,3/4,4-6,38.0,8.6,4,486(-18),01142,[西]森田直行,851009,岡田牧雄,,,,,,,,,,,,"(*8,11)16,10(5,9)(4,14)(2,12)(7,15)3-13-(1,6)",4,1,1.5,False,"(*8,11,16)(5,9)10(4,14)2,12(3,15)7,6,13,1",6,1,0.0,False,-7,
201709010607,7,4歳以上500万下,ダ,1200,晴,良,13:25,2017-03-12,阪神,15,4,7,2013102492,ウインフェルベール,牡4,57,01154,松若風馬,1:13.7,3.1/2,11-13,37.7,19.5,6,504(+8),01046,[西]鮫島一歩,494800,ウイン,,,,,,,,,,,,"(*8,11)16,10(5,9)(4,14)(2,12)(7,15)3-13-(1,6)",11,2,1.5,False,"(*8,11,16)(5,9)10(4,14)2,12(3,15)7,6,13,1",13,1,1.5,False,-7,
201709010607,7,4歳以上500万下,ダ,1200,晴,良,13:25,2017-03-12,阪神,16,8,15,2012103951,テイケイラピッド,牝5,55,01062,川島信二,1:14.1,2.1/2,11-11,38.2,20.8,8,528(0),01095,[西]荒川義之,840008,兼松忠男,,,,,,,,,,,,"(*8,11)16,10(5,9)(4,14)(2,12)(7,15)3-13-(1,6)",11,2,1.5,False,"(*8,11,16)(5,9)10(4,14)2,12(3,15)7,6,13,1",11,2,1.5,False,-7,
201709010608,8,4歳以上500万下,芝,1600,晴,良,14:01,2017-03-12,阪神,1,6,8,2013102534,ステファンバローズ,牡4,57,01154,松若風馬,1:34.3,,13-13,33.1,3.5,1,470(-10),01149,[西]松下武士,859007,猪熊広次,750.0,,,,,,,,,,,"3,6,7(1,2)13(4,5)11(10,9)12-8",13,1,6.5,False,"(*3,6)-(1,7)(4,2)5(10,13)11,9,12,8",13,1,8.0,False,-7,前日と同レベルで、速めの時計が出る馬場。
201709010608,8,4歳以上500万下,芝,1600,晴,良,14:01,2017-03-12,阪神,2,4,5,2012105115,ティーエスクライ,牝5,55,01018,和田竜二,1:34.4,1/2,7-7,34.1,3.8,3,454(-10),00397,[西]岩元市三,464030,田畑利彦,300.0,,,,,,,,,,,"3,6,7(1,2)13(4,5)11(10,9)12-8",7,2,3.0,False,"(*3,6)-(1,7)(4,2)5(10,13)11,9,12,8",7,1,3.5,False,-7,前日と同レベルで、速めの時計が出る馬場。
201709010608,8,4歳以上500万下,芝,1600,晴,良,14:01,2017-03-12,阪神,3,4,4,2012103211,ドラゴンマジック,セ5,57,00732,幸英明,1:34.4,クビ,7-5,34.3,8.3,5,516(-6),01136,[西]高橋亮,514008,窪田康志,190.0,,,,,,,,,,,"3,6,7(1,2)13(4,5)11(10,9)12-8",7,2,3.0,False,"(*3,6)-(1,7)(4,2)5(10,13)11,9,12,8",5,2,3.5,False,-7,前日と同レベルで、速めの時計が出る馬場。
201709010608,8,4歳以上500万下,芝,1600,晴,良,14:01,2017-03-12,阪神,4,5,6,2013101925,アイムウィッシング,牝4,55,01077,石橋脩,1:34.8,2.1/2,2-2,35.5,160.3,11,440(-2),00422,[西]五十嵐忠,546800,サラブレッドクラブ・...,110.0,,,,,,,,,,,"3,6,7(1,2)13(4,5)11(10,9)12-8",2,1,1.5,False,"(*3,6)-(1,7)(4,2)5(10,13)11,9,12,8",2,2,0.0,False,-7,前日と同レベルで、速めの時計が出る馬場。
201709010608,8,4歳以上500万下,芝,1600,晴,良,14:01,2017-03-12,阪神,5,7,10,2013105359,アスターサムソン,セ4,57,05229,山口勲,1:34.8,ハナ,10-8,34.3,63.5,9,482(-6),01039,[西]中竹和也,935003,加藤久枝,75.0,,,,,,,,,,,"3,6,7(1,2)13(4,5)11(10,9)12-8",10,2,3.0,False,"(*3,6)-(1,7)(4,2)5(10,13)11,9,12,8",8,2,3.5,False,-7,前日と同レベルで、速めの時計が出る馬場。
201709010608,8,4歳以上500万下,芝,1600,晴,良,14:01,2017-03-12,阪神,6,2,2,2013100159,モウカッテル,牡4,54,01166,川又賢治,1:34.8,ハナ,4-5,34.7,48.1,8,464(+18),00427,[西]森秀行,565033,田中邦彦,,,,,,,,,,,,"3,6,7(1,2)13(4,5)11(10,9)12-8",4,2,3.0,False,"(*3,6)-(1,7)(4,2)5(10,13)11,9,12,8",5,2,3.5,False,-7,前日と同レベルで、速めの時計が出る馬場。
201709010608,8,4歳以上500万下,芝,1600,晴,良,14:01,2017-03-12,阪神,7,1,1,2012104775,カレンオプシス,牝5,55,01116,藤岡康太,1:34.8,アタマ,4-3,35.0,5.4,4,492(-4),01082,[西]平田修,869006,鈴木隆司,,,,,,,,,,,,"3,6,7(1,2)13(4,5)11(10,9)12-8",4,2,3.0,False,"(*3,6)-(1,7)(4,2)5(10,13)11,9,12,8",3,2,3.5,False,-7,前日と同レベルで、速めの時計が出る馬場。
201709010608,8,4歳以上500万下,芝,1600,晴,良,14:01,2017-03-12,阪神,8,3,3,2013104914,バトルハルトマン,牡4,57,01130,高倉稜,1:34.9,1/2,1-1,35.7,167.9,12,526(+4),01099,[西]本田優,394009,宮川秋信,,,,,,,,,,,,"3,6,7(1,2)13(4,5)11(10,9)12-8",1,1,0.0,False,"(*3,6)-(1,7)(4,2)5(10,13)11,9,12,8",1,2,0.0,True,-7,前日と同レベルで、速めの時計が出る馬場。
201709010608,8,4歳以上500万下,芝,1600,晴,良,14:01,2017-03-12,阪神,9,5,7,2013104563,トウショウビクター,牡4,57,01102,北村友一,1:35.2,1.3/4,3-3,35.3,3.8,2,456(+6),01128,[西]今野貞一,656002,藤田衛成,,,,,,,,,,,,"3,6,7(1,2)13(4,5)11(10,9)12-8",3,1,3.0,False,"(*3,6)-(1,7)(4,2)5(10,13)11,9,12,8",3,2,3.5,False,-7,前日と同レベルで、速めの時計が出る馬場。
201709010608,8,4歳以上500万下,芝,1600,晴,良,14:01,2017-03-12,阪神,10,8,12,2013104776,リングオブハピネス,牝4,55,01115,浜中俊,1:35.2,アタマ,12-12,34.2,36.5,7,474(0),01146,[西]奥村豊,477006,五影慶則,,,,,,,,,,,,"3,6,7(1,2)13(4,5)11(10,9)12-8",12,1,3.0,False,"(*3,6)-(1,7)(4,2)5(10,13)11,9,12,8",12,1,6.5,False,-7,前日と同レベルで、速めの時計が出る馬場。
201709010608,8,4歳以上500万下,芝,1600,晴,良,14:01,2017-03-12,阪神,11,7,11,2013103837,スズカウルトラ,牡4,55,01147,城戸義政,1:35.3,3/4,9-10,34.7,177.0,13,468(+2),01065,[西]大橋勇樹,382004,永井啓弍,,,,,,,,,,,,"3,6,7(1,2)13(4,5)11(10,9)12-8",9,1,3.0,False,"(*3,6)-(1,7)(4,2)5(10,13)11,9,12,8",10,1,3.5,False,-7,前日と同レベルで、速めの時計が出る馬場。
201709010608,8,4歳以上500万下,芝,1600,晴,良,14:01,2017-03-12,阪神,12,6,9,2013105562,マルカベッカム,牡4,54,01165,森裕太朗,1:35.4,3/4,10-11,34.6,70.2,10,490(0),01091,[西]羽月友彦,927033,日下部猛,,,,,,,,,,,,"3,6,7(1,2)13(4,5)11(10,9)12-8",10,2,3.0,False,"(*3,6)-(1,7)(4,2)5(10,13)11,9,12,8",11,1,5.0,False,-7,前日と同レベルで、速めの時計が出る馬場。
201709010608,8,4歳以上500万下,芝,1600,晴,良,14:01,2017-03-12,阪神,13,8,13,2013100570,マエストロ,牡4,57,01032,池添謙一,1:36.6,7,6-8,36.2,20.0,6,446(-4),01098,[西]野中賢二,003060,Ｈ．Ｈ．シェイク・モ...,,,,,,,,,,,,"3,6,7(1,2)13(4,5)11(10,9)12-8",6,1,3.0,False,"(*3,6)-(1,7)(4,2)5(10,13)11,9,12,8",8,2,3.5,False,-7,前日と同レベルで、速めの時計が出る馬場。
201709010609,9,淡路特別(2勝),芝,2400,晴,良,14:31,2017-03-12,阪神,1,5,7,2013105755,ダノンアローダ,牡4,54,01154,松若風馬,2:26.4,,1-1-1-1,34.7,4.9,2,532(-6),00429,[西]佐々木晶,619800,ダノックス,"1,528.7","7-10,13(3,11,8)4(2,6)5(1,9)-12",1,1,0.0,False,"7-(10,8)13(3,11)-(2,4)(5,6)(1,9)-12",1,1,0.0,False,"7-(10,8)13(3,11)6(2,4)(5,9)1,12",1,1,0.0,False,"7(8,13)(10,3,11,6)(2,9)(5,4,12)-1",1,1,0.0,False,-7,前日と同レベルで、速めの時計が出る馬場。
201709010609,9,淡路特別(2勝),芝,2400,晴,良,14:31,2017-03-12,阪神,2,8,13,2012104686,ライトファンタジア,牝5,53,01014,福永祐一,2:26.6,1.1/4,3-4-4-2,34.6,5.9,4,456(-8),01151,[西]斉藤崇史,790005,吉田勝己,608.2,"7-10,13(3,11,8)4(2,6)5(1,9)-12",3,1,5.0,False,"7-(10,8)13(3,11)-(2,4)(5,6)(1,9)-12",4,1,3.5,False,"7-(10,8)13(3,11)6(2,4)(5,9)1,12",4,1,3.5,False,"7(8,13)(10,3,11,6)(2,9)(5,4,12)-1",2,2,0.0,False,-7,前日と同レベルで、速めの時計が出る馬場。
201709010609,9,淡路特別(2勝),芝,2400,晴,良,14:31,2017-03-12,阪神,3,2,2,2013105933,ケイブルグラム,牡4,54,01115,浜中俊,2:26.6,クビ,8-7-8-8,34.2,8.4,6,514(-14),00399,[東]国枝栄,486800,キャロットファーム,384.1,"7-10,13(3,11,8)4(2,6)5(1,9)-12",8,2,5.0,False,"7-(10,8)13(3,11)-(2,4)(5,6)(1,9)-12",7,2,7.0,False,"7-(10,8)13(3,11)6(2,4)(5,9)1,12",8,2,3.5,False,"7(8,13)(10,3,11,6)(2,9)(5,4,12)-1",8,2,0.0,False,-7,前日と同レベルで、速めの時計が出る馬場。
201709010609,9,淡路特別(2勝),芝,2400,晴,良,14:31,2017-03-12,阪神,4,7,11,2011101513,ケージーキンカメ,牡6,54,01034,酒井学,2:26.6,ハナ,4-5-5-4,34.4,10.5,7,476(+10),01050,[西]飯田雄三,288009,岩崎僖澄,230.0,"7-10,13(3,11,8)4(2,6)5(1,9)-12",4,3,5.0,False,"7-(10,8)13(3,11)-(2,4)(5,6)(1,9)-12",5,2,3.5,False,"7-(10,8)13(3,11)6(2,4)(5,9)1,12",5,2,3.5,False,"7(8,13)(10,3,11,6)(2,9)(5,4,12)-1",4,4,0.0,False,-7,前日と同レベルで、速めの時計が出る馬場。
201709010609,9,淡路特別(2勝),芝,2400,晴,良,14:31,2017-03-12,阪神,5,4,5,2011103545,トウキョウタフガイ,牡6,53,01032,池添謙一,2:26.7,クビ,10-9-10-10,34.0,45.0,10,470(+2),01155,[西]渡辺薫彦,010803,市川義美ホールディン...,150.0,"7-10,13(3,11,8)4(2,6)5(1,9)-12",10,1,5.0,False,"7-(10,8)13(3,11)-(2,4)(5,6)(1,9)-12",9,2,7.0,False,"7-(10,8)13(3,11)6(2,4)(5,9)1,12",10,2,3.5,False,"7(8,13)(10,3,11,6)(2,9)(5,4,12)-1",10,3,0.0,False,-7,前日と同レベルで、速めの時計が出る馬場。
201709010609,9,淡路特別(2勝),芝,2400,晴,良,14:31,2017-03-12,阪神,6,6,9,2012100276,ララエクラテール,牡5,55,01018,和田竜二,2:26.8,1/2,11-11-10-8,34.4,8.1,5,430(+4),01128,[西]今野貞一,851800,フジイ興産,,"7-10,13(3,11,8)4(2,6)5(1,9)-12",11,2,5.0,False,"7-(10,8)13(3,11)-(2,4)(5,6)(1,9)-12",11,2,7.0,False,"7-(10,8)13(3,11)6(2,4)(5,9)1,12",10,2,3.5,False,"7(8,13)(10,3,11,6)(2,9)(5,4,12)-1",8,2,0.0,False,-7,前日と同レベルで、速めの時計が出る馬場。
201709010609,9,淡路特別(2勝),芝,2400,晴,良,14:31,2017-03-12,阪神,7,5,6,2013100647,カラビナ,牡4,55,01116,藤岡康太,2:26.8,クビ,8-9-7-4,34.6,5.3,3,518(+4),01062,[西]藤岡健一,003060,Ｈ．Ｈ．シェイク・モ...,,"7-10,13(3,11,8)4(2,6)5(1,9)-12",8,2,5.0,False,"7-(10,8)13(3,11)-(2,4)(5,6)(1,9)-12",9,2,7.0,False,"7-(10,8)13(3,11)6(2,4)(5,9)1,12",7,1,3.5,False,"7(8,13)(10,3,11,6)(2,9)(5,4,12)-1",4,4,0.0,False,-7,前日と同レベルで、速めの時計が出る馬場。
201709010609,9,淡路特別(2勝),芝,2400,晴,良,14:31,2017-03-12,阪神,8,1,1,2012105498,メイショウミツボシ,牡5,53,01102,北村友一,2:27.0,1,11-11-12-13,34.0,82.8,11,478(0),01099,[西]本田優,523005,松本好雄,,"7-10,13(3,11,8)4(2,6)5(1,9)-12",11,2,5.0,False,"7-(10,8)13(3,11)-(2,4)(5,6)(1,9)-12",11,2,7.0,False,"7-(10,8)13(3,11)6(2,4)(5,9)1,12",12,1,3.5,False,"7(8,13)(10,3,11,6)(2,9)(5,4,12)-1",13,1,3.5,False,-7,前日と同レベルで、速めの時計が出る馬場。
201709010609,9,淡路特別(2勝),芝,2400,晴,良,14:31,2017-03-12,阪神,9,8,12,2013101162,コウキチョウサン,牡4,54,01127,丸山元気,2:27.0,クビ,13-13-13-10,34.3,23.7,8,444(-14),01114,[東]和田正一,892800,チョウサン,,"7-10,13(3,11,8)4(2,6)5(1,9)-12",13,1,8.5,False,"7-(10,8)13(3,11)-(2,4)(5,6)(1,9)-12",13,1,10.5,False,"7-(10,8)13(3,11)6(2,4)(5,9)1,12",13,1,5.0,False,"7(8,13)(10,3,11,6)(2,9)(5,4,12)-1",10,3,0.0,False,-7,前日と同レベルで、速めの時計が出る馬場。
201709010609,9,淡路特別(2勝),芝,2400,晴,良,14:31,2017-03-12,阪神,10,6,8,2013104248,ニホンピロカーン,牡4,54,05212,Ｍ．デム,2:27.1,1/2,4-2-2-2,35.2,4.1,1,466(+4),01040,[西]服部利之,985001,小林百太郎,,"7-10,13(3,11,8)4(2,6)5(1,9)-12",4,3,5.0,False,"7-(10,8)13(3,11)-(2,4)(5,6)(1,9)-12",2,2,3.5,False,"7-(10,8)13(3,11)6(2,4)(5,9)1,12",2,2,3.5,False,"7(8,13)(10,3,11,6)(2,9)(5,4,12)-1",2,2,0.0,False,-7,前日と同レベルで、速めの時計が出る馬場。
201709010609,9,淡路特別(2勝),芝,2400,晴,良,14:31,2017-03-12,阪神,11,4,4,2009103736,スリーヴェローチェ,牡8,52,01144,菱田裕二,2:27.2,1/2,7-7-8-10,34.6,210.7,13,470(0),01140,[西]石橋守,061800,永井商事,,"7-10,13(3,11,8)4(2,6)5(1,9)-12",7,1,5.0,False,"7-(10,8)13(3,11)-(2,4)(5,6)(1,9)-12",7,2,7.0,False,"7-(10,8)13(3,11)6(2,4)(5,9)1,12",8,2,3.5,False,"7(8,13)(10,3,11,6)(2,9)(5,4,12)-1",10,3,0.0,False,-7,前日と同レベルで、速めの時計が出る馬場。
201709010609,9,淡路特別(2勝),芝,2400,晴,良,14:31,2017-03-12,阪神,12,3,3,2009101274,キングブレイク,牡8,54,05217,田中学,2:27.5,1.3/4,4-5-5-4,35.3,143.8,12,532(-4),01091,[西]羽月友彦,985033,阿部東亜子,,"7-10,13(3,11,8)4(2,6)5(1,9)-12",4,3,5.0,False,"7-(10,8)13(3,11)-(2,4)(5,6)(1,9)-12",5,2,3.5,False,"7-(10,8)13(3,11)6(2,4)(5,9)1,12",5,2,3.5,False,"7(8,13)(10,3,11,6)(2,9)(5,4,12)-1",4,4,0.0,False,-7,前日と同レベルで、速めの時計が出る馬場。
201709010609,9,淡路特別(2勝),芝,2400,晴,良,14:31,2017-03-12,阪神,13,7,10,2011103559,ダンディーズムーン,牡6,54,00732,幸英明,2:28.0,3,2-2-2-4,35.8,40.3,9,484(-4),00261,[西]中村均,754030,田島大史,,"7-10,13(3,11,8)4(2,6)5(1,9)-12",2,1,3.5,False,"7-(10,8)13(3,11)-(2,4)(5,6)(1,9)-12",2,2,3.5,False,"7-(10,8)13(3,11)6(2,4)(5,9)1,12",2,2,3.5,False,"7(8,13)(10,3,11,6)(2,9)(5,4,12)-1",4,4,0.0,False,-7,前日と同レベルで、速めの時計が出る馬場。
201709010610,10,甲南S(3勝),ダ,2000,晴,良,15:01,2017-03-12,阪神,1,7,7,2013102575,カフェブリッツ,牡4,55,01102,北村友一,2:04.1,,4-5-5-4,36.9,4.3,3,540(+4),01071,[西]池江泰寿,629007,西川光一,"1,843.1","1,2,3(9,7)10-(4,5)6   8",4,2,3.0,False,"1,2(9,3)-7,10(4,5)-6   8",5,1,5.0,False,"1,2,3,9,7,5(4,10)6   8",5,1,6.0,False,"1-2,3(9,7)-(4,5)10,6   8",4,2,5.0,False,-7,
201709010610,10,甲南S(3勝),ダ,2000,晴,良,15:01,2017-03-12,阪神,2,6,6,2011104995,タガノゴールド,牡6,55,01127,丸山元気,2:04.1,クビ,9-9-9-9,36.3,21.2,8,472(-4),01003,[西]川村禎彦,859002,八木良司,736.6,"1,2,3(9,7)10-(4,5)6   8",9,1,6.5,False,"1,2(9,3)-7,10(4,5)-6   8",9,1,10.0,False,"1,2,3,9,7,5(4,10)6   8",9,1,7.5,False,"1-2,3(9,7)-(4,5)10,6   8",9,1,10.0,False,-7,
201709010610,10,甲南S(3勝),ダ,2000,晴,良,15:01,2017-03-12,阪神,3,5,5,2012100555,ウインユニファイド,牡5,55,05212,Ｍ．デム,2:04.2,クビ,7-7-6-6,36.8,3.4,1,518(-2),01050,[西]飯田雄三,494800,ウイン,463.3,"1,2,3(9,7)10-(4,5)6   8",7,2,6.5,False,"1,2(9,3)-7,10(4,5)-6   8",7,2,6.5,False,"1,2,3,9,7,5(4,10)6   8",6,1,7.5,False,"1-2,3(9,7)-(4,5)10,6   8",6,2,8.5,False,-7,
201709010610,10,甲南S(3勝),ダ,2000,晴,良,15:01,2017-03-12,阪神,4,4,4,2012104706,サージェントバッジ,牡5,57,01014,福永祐一,2:04.2,ハナ,7-7-7-6,36.7,3.7,2,496(-4),01105,[西]須貝尚介,858800,大塚亮一,270.0,"1,2,3(9,7)10-(4,5)6   8",7,2,6.5,False,"1,2(9,3)-7,10(4,5)-6   8",7,2,6.5,False,"1,2,3,9,7,5(4,10)6   8",7,2,7.5,False,"1-2,3(9,7)-(4,5)10,6   8",6,2,8.5,False,-7,
201709010610,10,甲南S(3勝),ダ,2000,晴,良,15:01,2017-03-12,阪神,5,3,3,2012102157,シャイニービーム,牡5,55,01130,高倉稜,2:04.8,3.1/2,3-3-3-3,37.8,9.6,5,452(+8),00396,[西]福島信晴,531006,小林昌志,182.0,"1,2,3(9,7)10-(4,5)6   8",3,1,3.0,False,"1,2(9,3)-7,10(4,5)-6   8",3,2,1.5,False,"1,2,3,9,7,5(4,10)6   8",3,1,3.0,False,"1-2,3(9,7)-(4,5)10,6   8",3,1,5.0,False,-7,
201709010610,10,甲南S(3勝),ダ,2000,晴,良,15:01,2017-03-12,阪神,6,1,1,2012106358,コパノチャーリー,牡5,54,00732,幸英明,2:05.2,2.1/2,1-1-1-1,38.6,14.5,6,518(-8),01107,[西]村山明,966007,小林祥晃,,"1,2,3(9,7)10-(4,5)6   8",1,1,0.0,False,"1,2(9,3)-7,10(4,5)-6   8",1,1,0.0,False,"1,2,3,9,7,5(4,10)6   8",1,1,0.0,False,"1-2,3(9,7)-(4,5)10,6   8",1,1,0.0,False,-7,
201709010610,10,甲南S(3勝),ダ,2000,晴,良,15:01,2017-03-12,阪神,7,8,10,2010104698,ビービートレイター,牡7,56,01115,浜中俊,2:05.4,1.1/4,6-6-7-8,37.7,44.9,9,512(+4),01130,[西]吉村圭司,185800,坂東牧場,,"1,2,3(9,7)10-(4,5)6   8",6,1,3.0,False,"1,2(9,3)-7,10(4,5)-6   8",6,1,6.5,False,"1,2,3,9,7,5(4,10)6   8",7,2,7.5,False,"1-2,3(9,7)-(4,5)10,6   8",8,1,8.5,False,-7,
201709010610,10,甲南S(3勝),ダ,2000,晴,良,15:01,2017-03-12,阪神,8,2,2,2012104806,アドマイヤシャイ,牝5,53,01116,藤岡康太,2:05.5,クビ,2-2-2-2,38.7,18.5,7,448(-2),01084,[西]梅田智之,398002,近藤利一,,"1,2,3(9,7)10-(4,5)6   8",2,1,1.5,False,"1,2(9,3)-7,10(4,5)-6   8",2,1,1.5,False,"1,2,3,9,7,5(4,10)6   8",2,1,1.5,False,"1-2,3(9,7)-(4,5)10,6   8",2,1,3.5,False,-7,
201709010610,10,甲南S(3勝),ダ,2000,晴,良,15:01,2017-03-12,阪神,9,8,9,2012100591,コンセギール,牡5,55,01018,和田竜二,2:05.7,1.1/2,4-3-4-4,38.6,5.9,4,510(-4),01138,[西]浜田多実,245030,前田葉子,,"1,2,3(9,7)10-(4,5)6   8",4,2,3.0,False,"1,2(9,3)-7,10(4,5)-6   8",3,2,1.5,False,"1,2,3,9,7,5(4,10)6   8",4,1,4.5,False,"1-2,3(9,7)-(4,5)10,6   8",4,2,5.0,False,-7,
201709010610,10,甲南S(3勝),ダ,2000,晴,良,15:01,2017-03-12,阪神,除,7,8,2012104346,スマートボムシェル,牡5,53,01154,松若風馬,,,,,---,,498(0),01101,[西]吉田直弘,007803,大川徹,,"1,2,3(9,7)10-(4,5)6   8",10,1,12.5,False,"1,2(9,3)-7,10(4,5)-6   8",10,1,16.0,False,"1,2,3,9,7,5(4,10)6   8",10,1,13.5,False,"1-2,3(9,7)-(4,5)10,6   8",10,1,16.0,False,-7,
201709010611,11,第51回フィリーズレビュー(GII),芝,1400,晴,良,15:35,2017-03-12,阪神,1,8,16,2014105621,カラクレナイ,牝3,54,05212,Ｍ．デム,1:21.0,,17-14,34.4,3.8,2,478(+2),01149,[西]松下武士,758005,吉田照哉,"5,334.4",,,,,,,,,,,"2,9(6,8,12)(4,5,7)(3,15)(11,14,18)(1,10)17,16-13",17,1,3.0,False,"2(9,8)(6,12)(5,15)(4,7)(3,11,14,18)(1,10,17,16)13",14,4,0.0,False,-7,前日と同レベルで、速めの時計が出る馬場。
201709010611,11,第51回フィリーズレビュー(GII),芝,1400,晴,良,15:35,2017-03-12,阪神,2,7,15,2014105043,レーヌミノル,牝3,54,01115,浜中俊,1:21.1,1/2,9-6,35.0,1.8,1,468(0),01099,[西]本田優,265008,吉岡實,"2,138.4",,,,,,,,,,,"2,9(6,8,12)(4,5,7)(3,15)(11,14,18)(1,10)17,16-13",9,2,1.5,False,"2(9,8)(6,12)(5,15)(4,7)(3,11,14,18)(1,10,17,16)13",6,2,0.0,False,-7,前日と同レベルで、速めの時計が出る馬場。
201709010611,11,第51回フィリーズレビュー(GII),芝,1400,晴,良,15:35,2017-03-12,阪神,3,7,13,2014105533,ゴールドケープ,牝3,54,01127,丸山元気,1:21.3,1.1/4,18-18,34.4,24.1,6,432(+4),01095,[西]荒川義之,148800,グリーンファーム,"1,319.2",,,,,,,,,,,"2,9(6,8,12)(4,5,7)(3,15)(11,14,18)(1,10)17,16-13",18,1,6.5,False,"2(9,8)(6,12)(5,15)(4,7)(3,11,14,18)(1,10,17,16)13",18,1,0.0,False,-7,前日と同レベルで、速めの時計が出る馬場。
201709010611,11,第51回フィリーズレビュー(GII),芝,1400,晴,良,15:35,2017-03-12,阪神,4,3,6,2014106231,ジューヌエコール,牝3,54,01102,北村友一,1:21.6,2,3-4,35.8,7.0,3,488(0),00438,[西]安田隆行,226800,サンデーレーシング,780.0,,,,,,,,,,,"2,9(6,8,12)(4,5,7)(3,15)(11,14,18)(1,10)17,16-13",3,3,1.5,False,"2(9,8)(6,12)(5,15)(4,7)(3,11,14,18)(1,10,17,16)13",4,2,0.0,False,-7,前日と同レベルで、速めの時計が出る馬場。
201709010611,11,第51回フィリーズレビュー(GII),芝,1400,晴,良,15:35,2017-03-12,阪神,5,6,11,2014104351,ヤマカツグレース,牝3,54,01125,国分優作,1:21.8,1.1/4,11-10,35.6,81.8,11,452(+4),01021,[西]池添兼雄,240005,山田博康,520.0,,,,,,,,,,,"2,9(6,8,12)(4,5,7)(3,15)(11,14,18)(1,10)17,16-13",11,3,1.5,False,"2(9,8)(6,12)(5,15)(4,7)(3,11,14,18)(1,10,17,16)13",10,4,0.0,False,-7,前日と同レベルで、速めの時計が出る馬場。
201709010611,11,第51回フィリーズレビュー(GII),芝,1400,晴,良,15:35,2017-03-12,阪神,6,2,4,2014106065,フラウティスタ,牝3,54,01014,福永祐一,1:21.9,1/2,6-8,35.9,45.9,8,412(-4),01137,[西]中内田充,506800,シルクレーシング,,,,,,,,,,,,"2,9(6,8,12)(4,5,7)(3,15)(11,14,18)(1,10)17,16-13",6,3,1.5,False,"2(9,8)(6,12)(5,15)(4,7)(3,11,14,18)(1,10,17,16)13",8,2,0.0,False,-7,前日と同レベルで、速めの時計が出る馬場。
201709010611,11,第51回フィリーズレビュー(GII),芝,1400,晴,良,15:35,2017-03-12,阪神,7,3,5,2014104515,クインズサリナ,牝3,54,00732,幸英明,1:21.9,ハナ,6-6,36.0,114.8,13,420(-10),01148,[西]西村真幸,390803,亀田和弘,,,,,,,,,,,,"2,9(6,8,12)(4,5,7)(3,15)(11,14,18)(1,10)17,16-13",6,3,1.5,False,"2(9,8)(6,12)(5,15)(4,7)(3,11,14,18)(1,10,17,16)13",6,2,0.0,False,-7,前日と同レベルで、速めの時計が出る馬場。
201709010611,11,第51回フィリーズレビュー(GII),芝,1400,晴,良,15:35,2017-03-12,阪神,8,7,14,2014101253,ビーカーリー,牝3,54,01018,和田竜二,1:22.1,1,11-10,35.8,114.4,12,454(-4),01148,[西]西村真幸,446007,馬場祥晃,,,,,,,,,,,,"2,9(6,8,12)(4,5,7)(3,15)(11,14,18)(1,10)17,16-13",11,3,1.5,False,"2(9,8)(6,12)(5,15)(4,7)(3,11,14,18)(1,10,17,16)13",10,4,0.0,False,-7,前日と同レベルで、速めの時計が出る馬場。
201709010611,11,第51回フィリーズレビュー(GII),芝,1400,晴,良,15:35,2017-03-12,阪神,9,2,3,2014100456,ステラルージュ,牝3,54,01130,高倉稜,1:22.1,クビ,9-10,35.9,63.7,9,400(+2),01155,[西]渡辺薫彦,537033,野田善己,,,,,,,,,,,,"2,9(6,8,12)(4,5,7)(3,15)(11,14,18)(1,10)17,16-13",9,2,1.5,False,"2(9,8)(6,12)(5,15)(4,7)(3,11,14,18)(1,10,17,16)13",10,4,0.0,False,-7,前日と同レベルで、速めの時計が出る馬場。
201709010611,11,第51回フィリーズレビュー(GII),芝,1400,晴,良,15:35,2017-03-12,阪神,10,1,1,2014103379,スリーミスヨハネス,牝3,54,01062,川島信二,1:22.2,3/4,14-14,35.8,433.7,18,436(+2),00379,[西]加藤敬二,061800,永井商事,,,,,,,,,,,,"2,9(6,8,12)(4,5,7)(3,15)(11,14,18)(1,10)17,16-13",14,2,1.5,False,"2(9,8)(6,12)(5,15)(4,7)(3,11,14,18)(1,10,17,16)13",14,4,0.0,False,-7,前日と同レベルで、速めの時計が出る馬場。
201709010611,11,第51回フィリーズレビュー(GII),芝,1400,晴,良,15:35,2017-03-12,阪神,11,8,17,2014102385,アカカ,牝3,54,01154,松若風馬,1:22.2,クビ,16-14,35.7,152.6,16,476(-4),01002,[西]音無秀孝,708800,金子真人ホールディン...,,,,,,,,,,,,"2,9(6,8,12)(4,5,7)(3,15)(11,14,18)(1,10)17,16-13",16,1,1.5,False,"2(9,8)(6,12)(5,15)(4,7)(3,11,14,18)(1,10,17,16)13",14,4,0.0,False,-7,前日と同レベルで、速めの時計が出る馬場。
201709010611,11,第51回フィリーズレビュー(GII),芝,1400,晴,良,15:35,2017-03-12,阪神,12,5,10,2014101601,ラーナアズーラ,牝3,54,05229,山口勲,1:22.2,ハナ,14-14,35.8,119.1,14,470(0),01048,[東]畠山吉宏,910800,グランデオーナーズ,,,,,,,,,,,,"2,9(6,8,12)(4,5,7)(3,15)(11,14,18)(1,10)17,16-13",14,2,1.5,False,"2(9,8)(6,12)(5,15)(4,7)(3,11,14,18)(1,10,17,16)13",14,4,0.0,False,-7,前日と同レベルで、速めの時計が出る馬場。
201709010611,11,第51回フィリーズレビュー(GII),芝,1400,晴,良,15:35,2017-03-12,阪神,13,8,18,2014103365,アンジュデジール,牝3,54,01099,鮫島良太,1:22.3,クビ,11-10,36.1,131.7,15,474(-2),01044,[西]昆貢,271008,安原浩司,,,,,,,,,,,,"2,9(6,8,12)(4,5,7)(3,15)(11,14,18)(1,10)17,16-13",11,3,1.5,False,"2(9,8)(6,12)(5,15)(4,7)(3,11,14,18)(1,10,17,16)13",10,4,0.0,False,-7,前日と同レベルで、速めの時計が出る馬場。
201709010611,11,第51回フィリーズレビュー(GII),芝,1400,晴,良,15:35,2017-03-12,阪神,14,4,7,2014100509,タガノカトレア,牝3,54,01144,菱田裕二,1:22.3,クビ,6-8,36.3,16.8,4,422(-4),01066,[西]岡田稲男,859002,八木良司,,,,,,,,,,,,"2,9(6,8,12)(4,5,7)(3,15)(11,14,18)(1,10)17,16-13",6,3,1.5,False,"2(9,8)(6,12)(5,15)(4,7)(3,11,14,18)(1,10,17,16)13",8,2,0.0,False,-7,前日と同レベルで、速めの時計が出る馬場。
201709010611,11,第51回フィリーズレビュー(GII),芝,1400,晴,良,15:35,2017-03-12,阪神,15,1,2,2014106011,アズールムーン,牝3,54,01077,石橋脩,1:22.6,2,1-1,37.1,19.4,5,518(+6),01086,[東]斎藤誠,506800,シルクレーシング,,,,,,,,,,,,"2,9(6,8,12)(4,5,7)(3,15)(11,14,18)(1,10)17,16-13",1,1,0.0,False,"2(9,8)(6,12)(5,15)(4,7)(3,11,14,18)(1,10,17,16)13",1,1,0.0,False,-7,前日と同レベルで、速めの時計が出る馬場。
201709010611,11,第51回フィリーズレビュー(GII),芝,1400,晴,良,15:35,2017-03-12,阪神,16,5,9,2014106138,ベルカプリ,牝3,54,01032,池添謙一,1:22.7,クビ,2-2,37.1,25.7,7,458(+2),01016,[西]西浦勝一,879800,雅苑興業,,,,,,,,,,,,"2,9(6,8,12)(4,5,7)(3,15)(11,14,18)(1,10)17,16-13",2,1,1.5,False,"2(9,8)(6,12)(5,15)(4,7)(3,11,14,18)(1,10,17,16)13",2,2,0.0,False,-7,前日と同レベルで、速めの時計が出る馬場。
201709010611,11,第51回フィリーズレビュー(GII),芝,1400,晴,良,15:35,2017-03-12,阪神,17,6,12,2014104316,シグルーン,牝3,54,01116,藤岡康太,1:23.1,2.1/2,3-4,37.3,67.1,10,438(-2),01018,[西]宮徹,851009,岡田牧雄,,,,,,,,,,,,"2,9(6,8,12)(4,5,7)(3,15)(11,14,18)(1,10)17,16-13",3,3,1.5,False,"2(9,8)(6,12)(5,15)(4,7)(3,11,14,18)(1,10,17,16)13",4,2,0.0,False,-7,前日と同レベルで、速めの時計が出る馬場。
201709010611,11,第51回フィリーズレビュー(GII),芝,1400,晴,良,15:35,2017-03-12,阪神,18,4,8,2014101889,アルミューテン,牝3,54,05217,田中学,1:23.2,3/4,3-2,37.5,178.2,17,458(-4),00437,[東]南田美知,910006,伊達敏明,,,,,,,,,,,,"2,9(6,8,12)(4,5,7)(3,15)(11,14,18)(1,10)17,16-13",3,3,1.5,False,"2(9,8)(6,12)(5,15)(4,7)(3,11,14,18)(1,10,17,16)13",2,2,0.0,False,-7,前日と同レベルで、速めの時計が出る馬場。
201709010612,12,4歳以上1000万下,ダ,1200,晴,良,16:10,2017-03-12,阪神,1,4,8,2013106022,オウケンビリーヴ,牝4,55,01014,福永祐一,1:11.0,,7-7,35.6,4.8,2,492(+18),00438,[西]安田隆行,731006,福井明,"1,050.0",,,,,,,,,,,"(*2,3,16)-(7,15)-13,8(4,9)5(1,11)(6,14)10,12",7,1,8.5,False,"3(2,16)-15(7,13)(8,9)5(4,11)1,14(6,12)10",7,2,3.5,False,-7,
201709010612,12,4歳以上1000万下,ダ,1200,晴,良,16:10,2017-03-12,阪神,2,7,13,2013101737,タガノヴィッター,牡4,57,01116,藤岡康太,1:11.3,2,6-5,36.1,7.2,6,506(-10),01113,[西]牧浦充徳,859002,八木良司,420.0,,,,,,,,,,,"(*2,3,16)-(7,15)-13,8(4,9)5(1,11)(6,14)10,12",6,1,7.0,False,"3(2,16)-15(7,13)(8,9)5(4,11)1,14(6,12)10",5,2,3.5,False,-7,
201709010612,12,4歳以上1000万下,ダ,1200,晴,良,16:10,2017-03-12,阪神,3,8,16,2013102547,クリノシャンボール,牡4,57,01102,北村友一,1:11.6,1.3/4,2-2,37.0,31.3,8,482(-26),01003,[西]川村禎彦,970006,栗本博晴,260.0,,,,,,,,,,,"(*2,3,16)-(7,15)-13,8(4,9)5(1,11)(6,14)10,12",2,3,0.0,False,"3(2,16)-15(7,13)(8,9)5(4,11)1,14(6,12)10",2,2,0.0,False,-7,
201709010612,12,4歳以上1000万下,ダ,1200,晴,良,16:10,2017-03-12,阪神,4,8,15,2012104094,スパイラルステップ,牝5,55,01018,和田竜二,1:11.7,3/4,4-4,36.8,4.7,1,520(-2),01087,[西]庄野靖志,790005,吉田勝己,160.0,,,,,,,,,,,"(*2,3,16)-(7,15)-13,8(4,9)5(1,11)(6,14)10,12",4,2,3.5,False,"3(2,16)-15(7,13)(8,9)5(4,11)1,14(6,12)10",4,1,3.5,False,-7,
201709010612,12,4歳以上1000万下,ダ,1200,晴,良,16:10,2017-03-12,阪神,5,5,9,2012105123,エイシンカーニバル,牡5,57,01115,浜中俊,1:11.8,1/2,8-7,36.3,5.2,3,470(0),01128,[西]今野貞一,785800,栄進堂,105.0,,,,,,,,,,,"(*2,3,16)-(7,15)-13,8(4,9)5(1,11)(6,14)10,12",8,2,8.5,False,"3(2,16)-15(7,13)(8,9)5(4,11)1,14(6,12)10",7,2,3.5,False,-7,
201709010612,12,4歳以上1000万下,ダ,1200,晴,良,16:10,2017-03-12,阪神,6,1,1,2013103901,コパノリスボン,牡4,57,00732,幸英明,1:11.9,1/2,11-12,35.9,6.8,5,510(+2),01107,[西]村山明,966007,小林祥晃,,,,,,,,,,,,"(*2,3,16)-(7,15)-13,8(4,9)5(1,11)(6,14)10,12",11,2,8.5,False,"3(2,16)-15(7,13)(8,9)5(4,11)1,14(6,12)10",12,1,3.5,False,-7,
201709010612,12,4歳以上1000万下,ダ,1200,晴,良,16:10,2017-03-12,阪神,7,3,6,2012100671,ツウローゼズ,牝5,55,01127,丸山元気,1:11.9,アタマ,13-14,35.7,165.3,15,474(-12),00359,[東]高橋祥泰,639009,鈴木芳夫,,,,,,,,,,,,"(*2,3,16)-(7,15)-13,8(4,9)5(1,11)(6,14)10,12",13,2,8.5,False,"3(2,16)-15(7,13)(8,9)5(4,11)1,14(6,12)10",14,2,5.0,False,-7,
201709010612,12,4歳以上1000万下,ダ,1200,晴,良,16:10,2017-03-12,阪神,8,6,11,2010102050,アドマイヤスパーズ,牡7,57,01077,石橋脩,1:12.0,クビ,11-10,36.0,35.9,9,488(-2),01069,[西]中尾秀正,398002,近藤利一,,,,,,,,,,,,"(*2,3,16)-(7,15)-13,8(4,9)5(1,11)(6,14)10,12",11,2,8.5,False,"3(2,16)-15(7,13)(8,9)5(4,11)1,14(6,12)10",10,2,3.5,False,-7,
201709010612,12,4歳以上1000万下,ダ,1200,晴,良,16:10,2017-03-12,阪神,9,2,3,2013103144,タイセイラナキラ,牝4,55,01154,松若風馬,1:12.1,3/4,2-1,37.6,52.1,10,510(-2),01148,[西]西村真幸,224007,田中成奉,,,,,,,,,,,,"(*2,3,16)-(7,15)-13,8(4,9)5(1,11)(6,14)10,12",2,3,0.0,False,"3(2,16)-15(7,13)(8,9)5(4,11)1,14(6,12)10",1,1,0.0,False,-7,
201709010612,12,4歳以上1000万下,ダ,1200,晴,良,16:10,2017-03-12,阪神,10,6,12,2013103050,ヴェゼール,牡4,57,01144,菱田裕二,1:12.5,2.1/2,16-14,36.1,16.6,7,546(+2),01072,[西]河内洋,078006,畑佐博,,,,,,,,,,,,"(*2,3,16)-(7,15)-13,8(4,9)5(1,11)(6,14)10,12",16,1,10.0,False,"3(2,16)-15(7,13)(8,9)5(4,11)1,14(6,12)10",14,2,5.0,False,-7,
201709010612,12,4歳以上1000万下,ダ,1200,晴,良,16:10,2017-03-12,阪神,11,4,7,2012105495,メイショウカロッタ,牡5,55,01147,城戸義政,1:12.5,クビ,4-5,37.6,6.1,4,498(+2),01049,[西]南井克巳,523005,松本好雄,,,,,,,,,,,,"(*2,3,16)-(7,15)-13,8(4,9)5(1,11)(6,14)10,12",4,2,3.5,False,"3(2,16)-15(7,13)(8,9)5(4,11)1,14(6,12)10",5,2,3.5,False,-7,
201709010612,12,4歳以上1000万下,ダ,1200,晴,良,16:10,2017-03-12,阪神,12,3,5,2013103679,オルノス,牝4,52,01165,森裕太朗,1:12.6,クビ,10-9,36.8,68.4,12,448(-2),01111,[西]鈴木孝志,473008,武田茂男,,,,,,,,,,,,"(*2,3,16)-(7,15)-13,8(4,9)5(1,11)(6,14)10,12",10,1,8.5,False,"3(2,16)-15(7,13)(8,9)5(4,11)1,14(6,12)10",9,1,3.5,False,-7,
201709010612,12,4歳以上1000万下,ダ,1200,晴,良,16:10,2017-03-12,阪神,13,5,10,2013104590,リバーサイドパーク,牝4,52,01166,川又賢治,1:12.6,ハナ,15-16,36.3,381.3,16,448(+4),00427,[西]森秀行,464800,飛野牧場,,,,,,,,,,,,"(*2,3,16)-(7,15)-13,8(4,9)5(1,11)(6,14)10,12",15,1,8.5,False,"3(2,16)-15(7,13)(8,9)5(4,11)1,14(6,12)10",16,1,5.0,False,-7,
201709010612,12,4歳以上1000万下,ダ,1200,晴,良,16:10,2017-03-12,阪神,14,2,4,2011100296,マーシレス,牡6,57,05217,田中学,1:12.8,1.1/2,8-10,37.1,63.3,11,476(+10),01138,[西]浜田多実,514008,窪田康志,,,,,,,,,,,,"(*2,3,16)-(7,15)-13,8(4,9)5(1,11)(6,14)10,12",8,2,8.5,False,"3(2,16)-15(7,13)(8,9)5(4,11)1,14(6,12)10",10,2,3.5,False,-7,
201709010612,12,4歳以上1000万下,ダ,1200,晴,良,16:10,2017-03-12,阪神,15,7,14,2011103159,メイショウボンロク,牡6,57,01034,酒井学,1:12.9,クビ,13-13,36.7,100.7,13,474(-18),01149,[西]松下武士,523005,松本好雄,,,,,,,,,,,,"(*2,3,16)-(7,15)-13,8(4,9)5(1,11)(6,14)10,12",13,2,8.5,False,"3(2,16)-15(7,13)(8,9)5(4,11)1,14(6,12)10",13,1,5.0,False,-7,
201709010612,12,4歳以上1000万下,ダ,1200,晴,良,16:10,2017-03-12,阪神,16,1,2,2011105932,コロナボレアリス,牡6,57,01125,国分優作,1:13.4,3,1-2,39.0,132.4,14,464(-4),01016,[西]西浦勝一,547800,ヒダカ・ブリーダーズ...,,,,,,,,,,,,"(*2,3,16)-(7,15)-13,8(4,9)5(1,11)(6,14)10,12",1,3,0.0,True,"3(2,16)-15(7,13)(8,9)5(4,11)1,14(6,12)10",2,2,0.0,False,-7,
201707020201,1,3歳未勝利,ダ,1400,晴,良,09:50,2017-03-12,中京,1,8,15,2014103182,アタミ,牡3,53,01159,三津谷隼,1:26.4,,3-2,38.3,11.0,5,454(0),01009,[西]田所秀孝,297007,副島義久,500.0,,,,,,,,,,,"(*11,16)(14,15)(3,6)13(2,9,12)1,8(10,5)-7,4",3,2,0.0,False,"11(16,14,15)-(3,6)(2,13,12)(10,9,1)(8,5)-4,7",2,3,0.0,False,1,
201707020201,1,3歳未勝利,ダ,1400,晴,良,09:50,2017-03-12,中京,2,1,2,2014106329,レッドコマチ,牡3,56,01142,長岡禎仁,1:26.5,3/4,8-7,37.9,6.7,2,448(-4),01152,[東]竹内正洋,693033,金山敏也,200.0,,,,,,,,,,,"(*11,16)(14,15)(3,6)13(2,9,12)1,8(10,5)-7,4",8,3,0.0,False,"11(16,14,15)-(3,6)(2,13,12)(10,9,1)(8,5)-4,7",7,3,3.5,False,1,
201707020201,1,3歳未勝利,ダ,1400,晴,良,09:50,2017-03-12,中京,3,3,6,2014101023,エターナルフレイム,牡3,56,01096,大野拓弥,1:26.6,クビ,5-5,38.3,2.0,1,518(-6),01088,[東]高木登,851009,岡田牧雄,130.0,,,,,,,,,,,"(*11,16)(14,15)(3,6)13(2,9,12)1,8(10,5)-7,4",5,2,0.0,False,"11(16,14,15)-(3,6)(2,13,12)(10,9,1)(8,5)-4,7",5,2,3.5,False,1,
201707020201,1,3歳未勝利,ダ,1400,晴,良,09:50,2017-03-12,中京,4,5,10,2014104436,ヨッテケ,牡3,56,01093,藤岡佑介,1:27.0,2.1/2,13-10,37.7,91.4,11,474(-4),01153,[東]中舘英二,371009,高橋文男,75.0,,,,,,,,,,,"(*11,16)(14,15)(3,6)13(2,9,12)1,8(10,5)-7,4",13,2,1.5,False,"11(16,14,15)-(3,6)(2,13,12)(10,9,1)(8,5)-4,7",10,3,3.5,False,1,
201707020201,1,3歳未勝利,ダ,1400,晴,良,09:50,2017-03-12,中京,5,3,5,2014106493,ビッグヒット,牡3,56,01025,勝浦正樹,1:27.1,1/2,13-13,37.7,6.9,3,474(-2),01020,[東]相沢郁,612030,小野建,50.0,,,,,,,,,,,"(*11,16)(14,15)(3,6)13(2,9,12)1,8(10,5)-7,4",13,2,1.5,False,"11(16,14,15)-(3,6)(2,13,12)(10,9,1)(8,5)-4,7",13,2,3.5,False,1,
201707020201,1,3歳未勝利,ダ,1400,晴,良,09:50,2017-03-12,中京,6,8,16,2014101942,ストーミースター,牡3,56,01123,小野寺祐,1:27.2,クビ,2-2,39.3,93.0,12,466(-4),01126,[東]木村哲也,398030,保坂和孝,,,,,,,,,,,,"(*11,16)(14,15)(3,6)13(2,9,12)1,8(10,5)-7,4",2,2,0.0,False,"11(16,14,15)-(3,6)(2,13,12)(10,9,1)(8,5)-4,7",2,3,0.0,False,1,
201707020201,1,3歳未勝利,ダ,1400,晴,良,09:50,2017-03-12,中京,7,6,11,2014100327,アグリツーリスモ,牡3,54,01163,坂井瑠星,1:27.2,ハナ,1-1,39.3,140.6,13,464(+10),01114,[東]和田正一,911800,スピードファーム,,,,,,,,,,,,"(*11,16)(14,15)(3,6)13(2,9,12)1,8(10,5)-7,4",1,2,0.0,True,"11(16,14,15)-(3,6)(2,13,12)(10,9,1)(8,5)-4,7",1,1,0.0,False,1,
201707020201,1,3歳未勝利,ダ,1400,晴,良,09:50,2017-03-12,中京,8,6,12,2014101763,ショーカノン,牝3,51,01170,横山武史,1:27.4,1.1/4,8-7,38.8,70.5,10,506(+14),01026,[東]鈴木伸尋,905033,吉冨学,,,,,,,,,,,,"(*11,16)(14,15)(3,6)13(2,9,12)1,8(10,5)-7,4",8,3,0.0,False,"11(16,14,15)-(3,6)(2,13,12)(10,9,1)(8,5)-4,7",7,3,3.5,False,1,
201707020201,1,3歳未勝利,ダ,1400,晴,良,09:50,2017-03-12,中京,9,7,14,2014102909,フロイドフォンテン,牡3,56,01015,古川吉洋,1:27.4,クビ,3-2,39.3,19.4,7,478(-2),00428,[東]石毛善彦,186001,吉橋計,,,,,,,,,,,,"(*11,16)(14,15)(3,6)13(2,9,12)1,8(10,5)-7,4",3,2,0.0,False,"11(16,14,15)-(3,6)(2,13,12)(10,9,1)(8,5)-4,7",2,3,0.0,False,1,
201707020201,1,3歳未勝利,ダ,1400,晴,良,09:50,2017-03-12,中京,10,2,3,2014105777,オメガガーディアン,牡3,56,01126,松山弘平,1:27.7,2,5-5,39.4,14.1,6,562(+4),01136,[西]高橋亮,008803,原禮子,,,,,,,,,,,,"(*11,16)(14,15)(3,6)13(2,9,12)1,8(10,5)-7,4",5,2,0.0,False,"11(16,14,15)-(3,6)(2,13,12)(10,9,1)(8,5)-4,7",5,2,3.5,False,1,
201707020201,1,3歳未勝利,ダ,1400,晴,良,09:50,2017-03-12,中京,11,4,8,2014104903,カツノシックスス,牡3,56,01108,的場勇人,1:27.8,クビ,12-13,38.8,19.5,8,432(-6),01031,[東]伊藤伸一,863800,勝野産業,,,,,,,,,,,,"(*11,16)(14,15)(3,6)13(2,9,12)1,8(10,5)-7,4",12,1,1.5,False,"11(16,14,15)-(3,6)(2,13,12)(10,9,1)(8,5)-4,7",13,2,3.5,False,1,
201707020201,1,3歳未勝利,ダ,1400,晴,良,09:50,2017-03-12,中京,12,7,13,2014100641,キングレイスター,牡3,56,00894,小牧太,1:28.0,1.1/4,7-7,39.6,10.5,4,482(-4),01065,[西]大橋勇樹,346006,伊藤正男,,,,,,,,,,,,"(*11,16)(14,15)(3,6)13(2,9,12)1,8(10,5)-7,4",7,1,0.0,False,"11(16,14,15)-(3,6)(2,13,12)(10,9,1)(8,5)-4,7",7,3,3.5,False,1,
201707020201,1,3歳未勝利,ダ,1400,晴,良,09:50,2017-03-12,中京,13,1,1,2014101461,マーブルフラッシュ,牡3,55,01156,加藤祥太,1:28.0,アタマ,11-10,39.1,20.3,9,456(+2),01112,[東]田島俊明,099007,西村專次,,,,,,,,,,,,"(*11,16)(14,15)(3,6)13(2,9,12)1,8(10,5)-7,4",11,1,0.0,False,"11(16,14,15)-(3,6)(2,13,12)(10,9,1)(8,5)-4,7",10,3,3.5,False,1,
201707020201,1,3歳未勝利,ダ,1400,晴,良,09:50,2017-03-12,中京,14,2,4,2014105083,ナチュラルキラー,牡3,54,01149,伴啓太,1:28.4,2.1/2,16-15,38.4,371.7,16,476(-8),00353,[東]和田正道,380800,藤原牧場,,,,,,,,,,,,"(*11,16)(14,15)(3,6)13(2,9,12)1,8(10,5)-7,4",16,1,6.5,False,"11(16,14,15)-(3,6)(2,13,12)(10,9,1)(8,5)-4,7",15,1,7.0,False,1,
201707020201,1,3歳未勝利,ダ,1400,晴,良,09:50,2017-03-12,中京,15,5,9,2014105151,ソルオリーヴァ,牡3,53,01160,荻野極,1:28.7,2,8-10,40.1,146.4,14,490(-12),01102,[東]大竹正博,854800,ノルマンディーサラブ...,,,,,,,,,,,,"(*11,16)(14,15)(3,6)13(2,9,12)1,8(10,5)-7,4",8,3,0.0,False,"11(16,14,15)-(3,6)(2,13,12)(10,9,1)(8,5)-4,7",10,3,3.5,False,1,
201707020201,1,3歳未勝利,ダ,1400,晴,良,09:50,2017-03-12,中京,16,4,7,2014103594,ワイルドグラス,牡3,56,00652,熊沢重文,1:30.9,大,15-16,41.2,156.6,15,474(-6),01063,[東]的場均,370033,長谷川守正,,,,,,,,,,,,"(*11,16)(14,15)(3,6)13(2,9,12)1,8(10,5)-7,4",15,1,5.0,False,"11(16,14,15)-(3,6)(2,13,12)(10,9,1)(8,5)-4,7",16,1,8.5,False,1,
201707020202,2,3歳未勝利,芝,2000,晴,良,10:20,2017-03-12,中京,1,7,14,2014104660,シシオウ,牡3,56,01126,松山弘平,2:02.2,,1-1-1-1,35.4,11.1,6,498(+22),01151,[西]斉藤崇史,854800,ノルマンディーサラブ...,500.0,"14,10(8,9,18)(5,12,15)(3,17)(7,11)1,13,2,16-4-6",1,1,0.0,False,"14(10,18)(8,5,9,15)(3,12)17(7,11)-(1,13)2-16-4=6",1,1,0.0,False,"(*14,10)18(8,5,9,15)(3,12,17)(7,11)(1,13,2)-(16,4)-6",1,2,0.0,True,"14(10,18)(8,5)(9,15)(3,12,17)(7,11,2)1,13(16,4)-6",1,1,0.0,False,-8,前日と同じ馬場差で、速い時計の出るコンディション。
201707020202,2,3歳未勝利,芝,2000,晴,良,10:20,2017-03-12,中京,2,8,17,2014101985,チェスナットコート,牡3,54,01163,坂井瑠星,2:02.3,1/2,9-10-8-8,34.9,7.0,4,458(+4),01075,[西]矢作芳人,514008,窪田康志,200.0,"14,10(8,9,18)(5,12,15)(3,17)(7,11)1,13,2,16-4-6",9,2,1.5,False,"14(10,18)(8,5,9,15)(3,12)17(7,11)-(1,13)2-16-4=6",10,1,0.0,False,"(*14,10)18(8,5,9,15)(3,12,17)(7,11)(1,13,2)-(16,4)-6",8,3,0.0,False,"14(10,18)(8,5)(9,15)(3,12,17)(7,11,2)1,13(16,4)-6",8,3,0.0,False,-8,前日と同じ馬場差で、速い時計の出るコンディション。
201707020202,2,3歳未勝利,芝,2000,晴,良,10:20,2017-03-12,中京,3,4,8,2014105646,プレイングアローン,牡3,56,01096,大野拓弥,2:02.4,1/2,3-4-4-4,35.3,9.2,5,484(-2),00438,[西]安田隆行,788800,ノースヒルズ,130.0,"14,10(8,9,18)(5,12,15)(3,17)(7,11)1,13,2,16-4-6",3,3,1.5,False,"14(10,18)(8,5,9,15)(3,12)17(7,11)-(1,13)2-16-4=6",4,4,0.0,False,"(*14,10)18(8,5,9,15)(3,12,17)(7,11)(1,13,2)-(16,4)-6",4,4,0.0,False,"14(10,18)(8,5)(9,15)(3,12,17)(7,11,2)1,13(16,4)-6",4,2,0.0,False,-8,前日と同じ馬場差で、速い時計の出るコンディション。
201707020202,2,3歳未勝利,芝,2000,晴,良,10:20,2017-03-12,中京,4,1,2,2014100584,ライトオブピース,牡3,56,01037,太宰啓介,2:02.6,1,15-15-13-11,35.1,5.2,3,472(+4),00429,[西]佐々木晶,041002,前田晋二,75.0,"14,10(8,9,18)(5,12,15)(3,17)(7,11)1,13,2,16-4-6",15,1,4.5,False,"14(10,18)(8,5,9,15)(3,12)17(7,11)-(1,13)2-16-4=6",15,1,3.5,False,"(*14,10)18(8,5,9,15)(3,12,17)(7,11)(1,13,2)-(16,4)-6",13,3,0.0,False,"14(10,18)(8,5)(9,15)(3,12,17)(7,11,2)1,13(16,4)-6",11,3,0.0,False,-8,前日と同じ馬場差で、速い時計の出るコンディション。
201707020202,2,3歳未勝利,芝,2000,晴,良,10:20,2017-03-12,中京,5,6,12,2014100915,トーシンキング,牡3,56,01010,柴田未崎,2:02.7,3/4,6-8-8-8,35.4,18.0,8,462(0),01009,[西]田所秀孝,890007,長井純一,50.0,"14,10(8,9,18)(5,12,15)(3,17)(7,11)1,13,2,16-4-6",6,3,1.5,False,"14(10,18)(8,5,9,15)(3,12)17(7,11)-(1,13)2-16-4=6",8,2,0.0,False,"(*14,10)18(8,5,9,15)(3,12,17)(7,11)(1,13,2)-(16,4)-6",8,3,0.0,False,"14(10,18)(8,5)(9,15)(3,12,17)(7,11,2)1,13(16,4)-6",8,3,0.0,False,-8,前日と同じ馬場差で、速い時計の出るコンディション。
201707020202,2,3歳未勝利,芝,2000,晴,良,10:20,2017-03-12,中京,6,4,7,2014104774,サマープリンス,牡3,56,01046,高田潤,2:02.7,クビ,11-11-11-11,35.2,11.6,7,474(-6),01057,[西]湯窪幸雄,030030,前田亘輝,,"14,10(8,9,18)(5,12,15)(3,17)(7,11)1,13,2,16-4-6",11,2,1.5,False,"14(10,18)(8,5,9,15)(3,12)17(7,11)-(1,13)2-16-4=6",11,2,0.0,False,"(*14,10)18(8,5,9,15)(3,12,17)(7,11)(1,13,2)-(16,4)-6",11,2,0.0,False,"14(10,18)(8,5)(9,15)(3,12,17)(7,11,2)1,13(16,4)-6",11,3,0.0,False,-8,前日と同じ馬場差で、速い時計の出るコンディション。
201707020202,2,3歳未勝利,芝,2000,晴,良,10:20,2017-03-12,中京,7,3,5,2014102261,スマートシグルズ,牡3,56,01019,秋山真一,2:02.8,クビ,6-4-4-4,35.7,4.5,2,446(-2),01071,[西]池江泰寿,007803,大川徹,,"14,10(8,9,18)(5,12,15)(3,17)(7,11)1,13,2,16-4-6",6,3,1.5,False,"14(10,18)(8,5,9,15)(3,12)17(7,11)-(1,13)2-16-4=6",4,4,0.0,False,"(*14,10)18(8,5,9,15)(3,12,17)(7,11)(1,13,2)-(16,4)-6",4,4,0.0,False,"14(10,18)(8,5)(9,15)(3,12,17)(7,11,2)1,13(16,4)-6",4,2,0.0,False,-8,前日と同じ馬場差で、速い時計の出るコンディション。
201707020202,2,3歳未勝利,芝,2000,晴,良,10:20,2017-03-12,中京,8,5,10,2014103166,サダムドミニック,牡3,56,01138,藤懸貴志,2:02.8,ハナ,2-2-2-2,35.9,270.1,17,452(-4),01082,[西]平田修,096007,大西定,,"14,10(8,9,18)(5,12,15)(3,17)(7,11)1,13,2,16-4-6",2,1,1.5,False,"14(10,18)(8,5,9,15)(3,12)17(7,11)-(1,13)2-16-4=6",2,2,0.0,False,"(*14,10)18(8,5,9,15)(3,12,17)(7,11)(1,13,2)-(16,4)-6",2,2,0.0,False,"14(10,18)(8,5)(9,15)(3,12,17)(7,11,2)1,13(16,4)-6",2,2,0.0,False,-8,前日と同じ馬場差で、速い時計の出るコンディション。
201707020202,2,3歳未勝利,芝,2000,晴,良,10:20,2017-03-12,中京,9,5,9,2014101588,シャイニーピース,牡3,56,01114,田中健,2:03.0,1.1/4,3-4-4-6,35.8,4.1,1,482(0),00396,[西]福島信晴,531006,小林昌志,,"14,10(8,9,18)(5,12,15)(3,17)(7,11)1,13,2,16-4-6",3,3,1.5,False,"14(10,18)(8,5,9,15)(3,12)17(7,11)-(1,13)2-16-4=6",4,4,0.0,False,"(*14,10)18(8,5,9,15)(3,12,17)(7,11)(1,13,2)-(16,4)-6",4,4,0.0,False,"14(10,18)(8,5)(9,15)(3,12,17)(7,11,2)1,13(16,4)-6",6,2,0.0,False,-8,前日と同じ馬場差で、速い時計の出るコンディション。
201707020202,2,3歳未勝利,芝,2000,晴,良,10:20,2017-03-12,中京,10,2,4,2014102061,ハウエバー,牡3,55,01152,小崎綾也,2:03.2,1.1/2,17-17-16-16,35.2,180.2,14,406(-8),01114,[東]和田正一,768005,古賀和夫,,"14,10(8,9,18)(5,12,15)(3,17)(7,11)1,13,2,16-4-6",17,1,9.5,False,"14(10,18)(8,5,9,15)(3,12)17(7,11)-(1,13)2-16-4=6",17,1,10.5,False,"(*14,10)18(8,5,9,15)(3,12,17)(7,11)(1,13,2)-(16,4)-6",16,2,3.5,False,"14(10,18)(8,5)(9,15)(3,12,17)(7,11,2)1,13(16,4)-6",16,2,1.5,False,-8,前日と同じ馬場差で、速い時計の出るコンディション。
201707020202,2,3歳未勝利,芝,2000,晴,良,10:20,2017-03-12,中京,11,2,3,2014102305,ダンツブレーブ,牡3,56,00894,小牧太,2:03.5,1.3/4,9-8-8-8,36.2,19.2,9,462(0),00388,[西]山内研二,248005,山元哲二,,"14,10(8,9,18)(5,12,15)(3,17)(7,11)1,13,2,16-4-6",9,2,1.5,False,"14(10,18)(8,5,9,15)(3,12)17(7,11)-(1,13)2-16-4=6",8,2,0.0,False,"(*14,10)18(8,5,9,15)(3,12,17)(7,11)(1,13,2)-(16,4)-6",8,3,0.0,False,"14(10,18)(8,5)(9,15)(3,12,17)(7,11,2)1,13(16,4)-6",8,3,0.0,False,-8,前日と同じ馬場差で、速い時計の出るコンディション。
201707020202,2,3歳未勝利,芝,2000,晴,良,10:20,2017-03-12,中京,12,7,13,2014105755,ルミナスコースト,牝3,53,01156,加藤祥太,2:03.7,1.1/4,14-13-13-15,35.9,67.8,10,440(-2),01114,[東]和田正一,415800,社台レースホース,,"14,10(8,9,18)(5,12,15)(3,17)(7,11)1,13,2,16-4-6",14,1,3.0,False,"14(10,18)(8,5,9,15)(3,12)17(7,11)-(1,13)2-16-4=6",13,2,3.5,False,"(*14,10)18(8,5,9,15)(3,12,17)(7,11)(1,13,2)-(16,4)-6",13,3,0.0,False,"14(10,18)(8,5)(9,15)(3,12,17)(7,11,2)1,13(16,4)-6",15,1,1.5,False,-8,前日と同じ馬場差で、速い時計の出るコンディション。
201707020202,2,3歳未勝利,芝,2000,晴,良,10:20,2017-03-12,中京,13,8,18,2014103330,シゲルキツネ,牝3,53,01146,岩崎翼,2:04.0,1.3/4,3-2-3-2,37.0,265.5,16,436(0),00400,[西]柴田光陽,674004,森中蕃,,"14,10(8,9,18)(5,12,15)(3,17)(7,11)1,13,2,16-4-6",3,3,1.5,False,"14(10,18)(8,5,9,15)(3,12)17(7,11)-(1,13)2-16-4=6",2,2,0.0,False,"(*14,10)18(8,5,9,15)(3,12,17)(7,11)(1,13,2)-(16,4)-6",3,1,0.0,False,"14(10,18)(8,5)(9,15)(3,12,17)(7,11,2)1,13(16,4)-6",2,2,0.0,False,-8,前日と同じ馬場差で、速い時計の出るコンディション。
201707020202,2,3歳未勝利,芝,2000,晴,良,10:20,2017-03-12,中京,14,8,16,2014103387,メガフレア,牡3,56,01142,長岡禎仁,2:04.5,3,16-16-16-16,36.5,129.4,12,480(-2),00425,[西]加用正,350002,宮川純造,,"14,10(8,9,18)(5,12,15)(3,17)(7,11)1,13,2,16-4-6",16,1,6.0,False,"14(10,18)(8,5,9,15)(3,12)17(7,11)-(1,13)2-16-4=6",16,1,7.0,False,"(*14,10)18(8,5,9,15)(3,12,17)(7,11)(1,13,2)-(16,4)-6",16,2,3.5,False,"14(10,18)(8,5)(9,15)(3,12,17)(7,11,2)1,13(16,4)-6",16,2,1.5,False,-8,前日と同じ馬場差で、速い時計の出るコンディション。
201707020202,2,3歳未勝利,芝,2000,晴,良,10:20,2017-03-12,中京,15,6,11,2014103378,ライフライン,牡3,53,01161,菊沢一樹,2:04.6,1/2,11-11-11-11,37.0,505.8,18,478(+4),00380,[東]柄崎孝,302800,辻牧場,,"14,10(8,9,18)(5,12,15)(3,17)(7,11)1,13,2,16-4-6",11,2,1.5,False,"14(10,18)(8,5,9,15)(3,12)17(7,11)-(1,13)2-16-4=6",11,2,0.0,False,"(*14,10)18(8,5,9,15)(3,12,17)(7,11)(1,13,2)-(16,4)-6",11,2,0.0,False,"14(10,18)(8,5)(9,15)(3,12,17)(7,11,2)1,13(16,4)-6",11,3,0.0,False,-8,前日と同じ馬場差で、速い時計の出るコンディション。
201707020202,2,3歳未勝利,芝,2000,晴,良,10:20,2017-03-12,中京,16,1,1,2014104345,バーニングテイスト,牝3,54,05429,岡田祥嗣,2:04.9,2,13-13-13-14,37.2,216.5,15,486(+2),01025,[西]佐藤正雄,547800,ヒダカ・ブリーダーズ...,,"14,10(8,9,18)(5,12,15)(3,17)(7,11)1,13,2,16-4-6",13,1,1.5,False,"14(10,18)(8,5,9,15)(3,12)17(7,11)-(1,13)2-16-4=6",13,2,3.5,False,"(*14,10)18(8,5,9,15)(3,12,17)(7,11)(1,13,2)-(16,4)-6",13,3,0.0,False,"14(10,18)(8,5)(9,15)(3,12,17)(7,11,2)1,13(16,4)-6",14,1,0.0,False,-8,前日と同じ馬場差で、速い時計の出るコンディション。
201707020202,2,3歳未勝利,芝,2000,晴,良,10:20,2017-03-12,中京,17,3,6,2014101079,アイアンエフケイ,牡3,56,01124,国分恭介,2:05.0,3/4,18-18-18-18,36.7,89.7,11,506(-12),01123,[西]牧田和弥,780006,池上一馬,,"14,10(8,9,18)(5,12,15)(3,17)(7,11)1,13,2,16-4-6",18,1,13.0,False,"14(10,18)(8,5,9,15)(3,12)17(7,11)-(1,13)2-16-4=6",18,1,16.5,False,"(*14,10)18(8,5,9,15)(3,12,17)(7,11)(1,13,2)-(16,4)-6",18,1,7.0,False,"14(10,18)(8,5)(9,15)(3,12,17)(7,11,2)1,13(16,4)-6",18,1,5.0,False,-8,前日と同じ馬場差で、速い時計の出るコンディション。
201707020202,2,3歳未勝利,芝,2000,晴,良,10:20,2017-03-12,中京,18,7,15,2014100735,プロヴェルビオ,牝3,54,01109,黛弘人,2:05.7,4,6-4-4-6,38.5,146.3,13,472(+10),01093,[東]松永康利,546800,サラブレッドクラブ・...,,"14,10(8,9,18)(5,12,15)(3,17)(7,11)1,13,2,16-4-6",6,3,1.5,False,"14(10,18)(8,5,9,15)(3,12)17(7,11)-(1,13)2-16-4=6",4,4,0.0,False,"(*14,10)18(8,5,9,15)(3,12,17)(7,11)(1,13,2)-(16,4)-6",4,4,0.0,False,"14(10,18)(8,5)(9,15)(3,12,17)(7,11,2)1,13(16,4)-6",6,2,0.0,False,-8,前日と同じ馬場差で、速い時計の出るコンディション。
201707020203,3,3歳未勝利,ダ,1800,晴,良,10:50,2017-03-12,中京,1,2,3,2014102919,メイショウイッポン,牡3,56,00894,小牧太,1:55.5,,6-6-7-8,38.2,8.8,4,486(-10),01065,[西]大橋勇樹,789006,松本和子,500.0,"1,10,12(2,9)(3,13)(15,14)(6,16)11(5,8)7-4",6,2,3.0,False,"1,10,12(2,9)(3,13)-(15,14)(6,16)11-(5,8)7,4",6,2,3.0,False,"(1,10,*12)-(2,9,14)(3,13,15)-(11,7)(6,4)16,8-5",7,3,3.5,False,"(*1,10,12)-2(9,14,15)3,13,11-6,8(7,4)-16,5",8,1,3.5,False,1,
201707020203,3,3歳未勝利,ダ,1800,晴,良,10:50,2017-03-12,中京,2,4,8,2014103582,メイショウマトイ,牡3,54,01163,坂井瑠星,1:55.7,1.1/2,13-13-15-12,37.5,12.6,7,466(-8),01099,[西]本田優,523005,松本好雄,200.0,"1,10,12(2,9)(3,13)(15,14)(6,16)11(5,8)7-4",13,2,3.0,False,"1,10,12(2,9)(3,13)-(15,14)(6,16)11-(5,8)7,4",13,2,10.0,False,"(1,10,*12)-(2,9,14)(3,13,15)-(11,7)(6,4)16,8-5",15,1,8.5,False,"(*1,10,12)-2(9,14,15)3,13,11-6,8(7,4)-16,5",12,1,11.5,False,1,
201707020203,3,3歳未勝利,ダ,1800,晴,良,10:50,2017-03-12,中京,3,8,15,2014102860,リテラルフォース,牡3,56,05429,岡田祥嗣,1:55.7,ハナ,8-8-7-5,38.4,6.3,3,496(+2),01025,[西]佐藤正雄,870004,村上稔,130.0,"1,10,12(2,9)(3,13)(15,14)(6,16)11(5,8)7-4",8,2,3.0,False,"1,10,12(2,9)(3,13)-(15,14)(6,16)11-(5,8)7,4",8,2,6.5,False,"(1,10,*12)-(2,9,14)(3,13,15)-(11,7)(6,4)16,8-5",7,3,3.5,False,"(*1,10,12)-2(9,14,15)3,13,11-6,8(7,4)-16,5",5,3,3.5,False,1,
201707020203,3,3歳未勝利,ダ,1800,晴,良,10:50,2017-03-12,中京,4,1,1,2014104563,アイファーイチオー,牡3,53,01160,荻野極,1:55.8,1/2,1-1-2-1,39.2,20.3,9,496(+12),01154,[西]橋口慎介,119007,中島稔,75.0,"1,10,12(2,9)(3,13)(15,14)(6,16)11(5,8)7-4",1,1,0.0,False,"1,10,12(2,9)(3,13)-(15,14)(6,16)11-(5,8)7,4",1,1,0.0,False,"(1,10,*12)-(2,9,14)(3,13,15)-(11,7)(6,4)16,8-5",2,3,0.0,False,"(*1,10,12)-2(9,14,15)3,13,11-6,8(7,4)-16,5",1,3,0.0,True,1,
201707020203,3,3歳未勝利,ダ,1800,晴,良,10:50,2017-03-12,中京,5,6,11,2014100113,サトノフレイム,牡3,56,01124,国分恭介,1:55.9,3/4,12-12-10-10,38.2,42.4,10,514(-2),01039,[西]中竹和也,790031,里見治,50.0,"1,10,12(2,9)(3,13)(15,14)(6,16)11(5,8)7-4",12,1,3.0,False,"1,10,12(2,9)(3,13)-(15,14)(6,16)11-(5,8)7,4",12,1,6.5,False,"(1,10,*12)-(2,9,14)(3,13,15)-(11,7)(6,4)16,8-5",10,2,7.0,False,"(*1,10,12)-2(9,14,15)3,13,11-6,8(7,4)-16,5",10,1,6.5,False,1,
201707020203,3,3歳未勝利,ダ,1800,晴,良,10:50,2017-03-12,中京,6,5,10,2014101226,ハイクアウト,牡3,56,01015,古川吉洋,1:56.1,1.1/4,2-2-2-2,39.4,3.1,1,484(-8),01138,[西]浜田多実,788800,ノースヒルズ,,"1,10,12(2,9)(3,13)(15,14)(6,16)11(5,8)7-4",2,1,1.5,False,"1,10,12(2,9)(3,13)-(15,14)(6,16)11-(5,8)7,4",2,1,1.5,False,"(1,10,*12)-(2,9,14)(3,13,15)-(11,7)(6,4)16,8-5",2,3,0.0,False,"(*1,10,12)-2(9,14,15)3,13,11-6,8(7,4)-16,5",2,3,0.0,False,1,
201707020203,3,3歳未勝利,ダ,1800,晴,良,10:50,2017-03-12,中京,7,7,14,2014105840,エアマエル,牡3,56,01093,藤岡佑介,1:56.2,クビ,8-8-4-5,39.1,5.3,2,474(-4),01130,[西]吉村圭司,084800,ラッキーフィールド,,"1,10,12(2,9)(3,13)(15,14)(6,16)11(5,8)7-4",8,2,3.0,False,"1,10,12(2,9)(3,13)-(15,14)(6,16)11-(5,8)7,4",8,2,6.5,False,"(1,10,*12)-(2,9,14)(3,13,15)-(11,7)(6,4)16,8-5",4,3,3.5,False,"(*1,10,12)-2(9,14,15)3,13,11-6,8(7,4)-16,5",5,3,3.5,False,1,
201707020203,3,3歳未勝利,ダ,1800,晴,良,10:50,2017-03-12,中京,8,2,4,2014105201,カガヒーロー,牡3,56,01019,秋山真一,1:57.0,5,16-16-12-13,39.1,9.1,5,450(-2),00431,[西]谷潔,700006,香川憲次,,"1,10,12(2,9)(3,13)(15,14)(6,16)11(5,8)7-4",16,1,6.5,False,"1,10,12(2,9)(3,13)-(15,14)(6,16)11-(5,8)7,4",16,1,11.5,False,"(1,10,*12)-(2,9,14)(3,13,15)-(11,7)(6,4)16,8-5",12,2,7.0,False,"(*1,10,12)-2(9,14,15)3,13,11-6,8(7,4)-16,5",13,2,11.5,False,1,
201707020203,3,3歳未勝利,ダ,1800,晴,良,10:50,2017-03-12,中京,9,6,12,2014103497,サンデンファーム,牡3,53,01170,横山武史,1:57.0,ハナ,3-3-1-2,40.4,74.4,11,456(0),01031,[東]伊藤伸一,375008,山田春枝,,"1,10,12(2,9)(3,13)(15,14)(6,16)11(5,8)7-4",3,1,3.0,False,"1,10,12(2,9)(3,13)-(15,14)(6,16)11-(5,8)7,4",3,1,3.0,False,"(1,10,*12)-(2,9,14)(3,13,15)-(11,7)(6,4)16,8-5",1,3,0.0,True,"(*1,10,12)-2(9,14,15)3,13,11-6,8(7,4)-16,5",2,3,0.0,False,1,
201707020203,3,3歳未勝利,ダ,1800,晴,良,10:50,2017-03-12,中京,10,5,9,2014103286,ワールドヴィジョン,牡3,55,01146,岩崎翼,1:57.0,クビ,4-4-4-5,39.9,9.7,6,484(-4),01113,[西]牧浦充徳,485007,河村隆平,,"1,10,12(2,9)(3,13)(15,14)(6,16)11(5,8)7-4",4,2,3.0,False,"1,10,12(2,9)(3,13)-(15,14)(6,16)11-(5,8)7,4",4,2,3.0,False,"(1,10,*12)-(2,9,14)(3,13,15)-(11,7)(6,4)16,8-5",4,3,3.5,False,"(*1,10,12)-2(9,14,15)3,13,11-6,8(7,4)-16,5",5,3,3.5,False,1,
201707020203,3,3歳未勝利,ダ,1800,晴,良,10:50,2017-03-12,中京,11,3,6,2014102060,グランドエポワール,牡3,56,01126,松山弘平,1:57.1,クビ,10-10-12-11,39.2,15.4,8,474(+6),01111,[西]鈴木孝志,464030,田畑利彦,,"1,10,12(2,9)(3,13)(15,14)(6,16)11(5,8)7-4",10,2,3.0,False,"1,10,12(2,9)(3,13)-(15,14)(6,16)11-(5,8)7,4",10,2,6.5,False,"(1,10,*12)-(2,9,14)(3,13,15)-(11,7)(6,4)16,8-5",12,2,7.0,False,"(*1,10,12)-2(9,14,15)3,13,11-6,8(7,4)-16,5",11,1,10.0,False,1,
201707020203,3,3歳未勝利,ダ,1800,晴,良,10:50,2017-03-12,中京,12,1,2,2014102241,ザッツアモーレ,牡3,55,01157,鮫島克駿,1:57.2,3/4,4-4-4-4,40.1,221.7,15,514(-2),01146,[西]奥村豊,320030,幅田京子,,"1,10,12(2,9)(3,13)(15,14)(6,16)11(5,8)7-4",4,2,3.0,False,"1,10,12(2,9)(3,13)-(15,14)(6,16)11-(5,8)7,4",4,2,3.0,False,"(1,10,*12)-(2,9,14)(3,13,15)-(11,7)(6,4)16,8-5",4,3,3.5,False,"(*1,10,12)-2(9,14,15)3,13,11-6,8(7,4)-16,5",4,1,3.5,False,1,
201707020203,3,3歳未勝利,ダ,1800,晴,良,10:50,2017-03-12,中京,13,7,13,2014103109,ブラウンプレスト,牡3,56,01038,中谷雄太,1:57.4,1.1/4,6-6-7-9,40.1,120.8,13,458(0),00429,[西]佐々木晶,051700,キャピタルクラブ,,"1,10,12(2,9)(3,13)(15,14)(6,16)11(5,8)7-4",6,2,3.0,False,"1,10,12(2,9)(3,13)-(15,14)(6,16)11-(5,8)7,4",6,2,3.0,False,"(1,10,*12)-(2,9,14)(3,13,15)-(11,7)(6,4)16,8-5",7,3,3.5,False,"(*1,10,12)-2(9,14,15)3,13,11-6,8(7,4)-16,5",9,1,5.0,False,1,
201707020203,3,3歳未勝利,ダ,1800,晴,良,10:50,2017-03-12,中京,14,8,16,2014101337,エーブインブレム,牡3,53,01164,藤田菜七,1:58.1,4,10-10-14-15,40.0,83.0,12,446(0),01029,[東]根本康広,082006,阿部紀子,,"1,10,12(2,9)(3,13)(15,14)(6,16)11(5,8)7-4",10,2,3.0,False,"1,10,12(2,9)(3,13)-(15,14)(6,16)11-(5,8)7,4",10,2,6.5,False,"(1,10,*12)-(2,9,14)(3,13,15)-(11,7)(6,4)16,8-5",14,1,7.0,False,"(*1,10,12)-2(9,14,15)3,13,11-6,8(7,4)-16,5",15,1,15.0,False,1,
201707020203,3,3歳未勝利,ダ,1800,晴,良,10:50,2017-03-12,中京,15,3,5,2014102899,タネノオー,牡3,56,01119,伊藤工真,1:58.9,5,13-13-16-16,40.3,126.4,14,488(-8),01067,[東]久保田貴,622002,種村良平,,"1,10,12(2,9)(3,13)(15,14)(6,16)11(5,8)7-4",13,2,3.0,False,"1,10,12(2,9)(3,13)-(15,14)(6,16)11-(5,8)7,4",13,2,10.0,False,"(1,10,*12)-(2,9,14)(3,13,15)-(11,7)(6,4)16,8-5",16,1,12.0,False,"(*1,10,12)-2(9,14,15)3,13,11-6,8(7,4)-16,5",16,1,16.5,False,1,
201707020203,3,3歳未勝利,ダ,1800,晴,良,10:50,2017-03-12,中京,16,4,7,2014102739,ワカダンナ,牡3,56,01031,村田一誠,2:00.0,7,15-15-10-13,42.3,279.5,16,516(+2),01125,[東]小野次郎,493006,村田哲朗,,"1,10,12(2,9)(3,13)(15,14)(6,16)11(5,8)7-4",15,1,3.0,False,"1,10,12(2,9)(3,13)-(15,14)(6,16)11-(5,8)7,4",15,1,10.0,False,"(1,10,*12)-(2,9,14)(3,13,15)-(11,7)(6,4)16,8-5",10,2,7.0,False,"(*1,10,12)-2(9,14,15)3,13,11-6,8(7,4)-16,5",13,2,11.5,False,1,
201707020204,4,障害4歳以上未勝利,芝,3000,晴,良,11:20,2017-03-12,中京,1,2,2,2010103287,マジェスティハーツ,牡7,60,01139,森一馬,3:17.4,,4-5-3-3,13.2,5.1,4,520(+30),01083,[西]松永昌博,547800,ヒダカ・ブリーダーズ...,780.0,"12,1,3(2,11)(5,4)13(6,14)9,7-8=10",4,2,3.0,False,"12,1(3,11)(2,4)5(13,14)7,6-9,8=10",5,2,1.5,False,"12,1(3,2,11)-4,5(6,14)13-7-8=9=10",3,3,1.5,False,"(*12,1)(3,2,11)4-6-(14,5)-13-(8,7)=9=10",3,3,0.0,False,,前日と同じ馬場差で、速い時計の出るコンディション。
201707020204,4,障害4歳以上未勝利,芝,3000,晴,良,11:20,2017-03-12,中京,2,1,1,2010104559,クロスボウ,牡7,60,01069,五十嵐雄,3:17.4,クビ,2-2-2-2,13.2,3.9,1,524(-4),00399,[東]国枝栄,226800,サンデーレーシング,310.0,"12,1,3(2,11)(5,4)13(6,14)9,7-8=10",2,1,1.5,False,"12,1(3,11)(2,4)5(13,14)7,6-9,8=10",2,1,1.5,False,"12,1(3,2,11)-4,5(6,14)13-7-8=9=10",2,1,1.5,False,"(*12,1)(3,2,11)4-6-(14,5)-13-(8,7)=9=10",2,2,0.0,False,,前日と同じ馬場差で、速い時計の出るコンディション。
201707020204,4,障害4歳以上未勝利,芝,3000,晴,良,11:20,2017-03-12,中京,3,3,3,2010102111,メイショウライナー,牡7,60,01066,難波剛健,3:17.5,1/2,3-3-3-3,13.2,11.0,6,476(0),01129,[西]高橋義忠,911008,松本好隆,200.0,"12,1,3(2,11)(5,4)13(6,14)9,7-8=10",3,1,3.0,False,"12,1(3,11)(2,4)5(13,14)7,6-9,8=10",3,2,1.5,False,"12,1(3,2,11)-4,5(6,14)13-7-8=9=10",3,3,1.5,False,"(*12,1)(3,2,11)4-6-(14,5)-13-(8,7)=9=10",3,3,0.0,False,,前日と同じ馬場差で、速い時計の出るコンディション。
201707020204,4,障害4歳以上未勝利,芝,3000,晴,良,11:20,2017-03-12,中京,4,7,11,2013106345,ユウキビバワンダー,セ4,59,01080,佐久間寛,3:18.0,3,4-3-3-3,13.2,4.9,3,516(-4),01041,[西]藤沢則雄,446002,雪本秀樹,120.0,"12,1,3(2,11)(5,4)13(6,14)9,7-8=10",4,2,3.0,False,"12,1(3,11)(2,4)5(13,14)7,6-9,8=10",3,2,1.5,False,"12,1(3,2,11)-4,5(6,14)13-7-8=9=10",3,3,1.5,False,"(*12,1)(3,2,11)4-6-(14,5)-13-(8,7)=9=10",3,3,0.0,False,,前日と同じ馬場差で、速い時計の出るコンディション。
201707020204,4,障害4歳以上未勝利,芝,3000,晴,良,11:20,2017-03-12,中京,5,4,6,2012103657,トーセンモバイル,セ5,60,01123,小野寺祐,3:18.3,2,9-11-8-7,13.2,95.2,10,482(+6),01076,[東]小笠倫弘,270006,島川隆哉,78.0,"12,1,3(2,11)(5,4)13(6,14)9,7-8=10",9,2,3.0,False,"12,1(3,11)(2,4)5(13,14)7,6-9,8=10",11,1,3.0,False,"12,1(3,2,11)-4,5(6,14)13-7-8=9=10",8,2,6.5,False,"(*12,1)(3,2,11)4-6-(14,5)-13-(8,7)=9=10",7,1,3.5,False,,前日と同じ馬場差で、速い時計の出るコンディション。
201707020204,4,障害4歳以上未勝利,芝,3000,晴,良,11:20,2017-03-12,中京,6,5,8,2010100097,ケイアイチョウサン,牡7,60,01059,石神深一,3:18.6,1.3/4,13-13-12-11,13.2,4.7,2,452(-8),01143,[東]和田雄二,892800,チョウサン,,"12,1,3(2,11)(5,4)13(6,14)9,7-8=10",13,1,8.0,False,"12,1(3,11)(2,4)5(13,14)7,6-9,8=10",13,1,8.0,False,"12,1(3,2,11)-4,5(6,14)13-7-8=9=10",12,1,13.5,False,"(*12,1)(3,2,11)4-6-(14,5)-13-(8,7)=9=10",11,2,14.0,False,,前日と同じ馬場差で、速い時計の出るコンディション。
201707020204,4,障害4歳以上未勝利,芝,3000,晴,良,11:20,2017-03-12,中京,7,8,14,2013103496,シゲルシマダイ,牡4,59,01113,草野太郎,3:19.0,2.1/2,9-8-8-8,13.3,7.6,5,516(-2),00383,[東]伊藤正徳,674004,森中蕃,,"12,1,3(2,11)(5,4)13(6,14)9,7-8=10",9,2,3.0,False,"12,1(3,11)(2,4)5(13,14)7,6-9,8=10",8,2,1.5,False,"12,1(3,2,11)-4,5(6,14)13-7-8=9=10",8,2,6.5,False,"(*12,1)(3,2,11)4-6-(14,5)-13-(8,7)=9=10",8,2,7.0,False,,前日と同じ馬場差で、速い時計の出るコンディション。
201707020204,4,障害4歳以上未勝利,芝,3000,晴,良,11:20,2017-03-12,中京,8,4,5,2013103568,マテンロウビクサス,牡4,59,01005,西谷誠,3:19.1,クビ,6-7-7-8,13.3,32.6,8,464(+6),01044,[西]昆貢,534006,寺田千代乃,,"12,1,3(2,11)(5,4)13(6,14)9,7-8=10",6,2,3.0,False,"12,1(3,11)(2,4)5(13,14)7,6-9,8=10",7,1,1.5,False,"12,1(3,2,11)-4,5(6,14)13-7-8=9=10",7,1,6.5,False,"(*12,1)(3,2,11)4-6-(14,5)-13-(8,7)=9=10",8,2,7.0,False,,前日と同じ馬場差で、速い時計の出るコンディション。
201707020204,4,障害4歳以上未勝利,芝,3000,晴,良,11:20,2017-03-12,中京,9,3,4,2013104365,シゲルロウニンアジ,牡4,59,00727,植野貴也,3:19.6,3,6-5-6-6,13.3,12.5,7,510(+28),01057,[西]湯窪幸雄,674004,森中蕃,,"12,1,3(2,11)(5,4)13(6,14)9,7-8=10",6,2,3.0,False,"12,1(3,11)(2,4)5(13,14)7,6-9,8=10",5,2,1.5,False,"12,1(3,2,11)-4,5(6,14)13-7-8=9=10",6,1,5.0,False,"(*12,1)(3,2,11)4-6-(14,5)-13-(8,7)=9=10",6,1,0.0,False,,前日と同じ馬場差で、速い時計の出るコンディション。
201707020204,4,障害4歳以上未勝利,芝,3000,晴,良,11:20,2017-03-12,中京,10,8,13,2013101097,クラウンコルデーロ,牡4,59,01089,高野和馬,3:22.7,大,8-8-10-10,13.5,229.8,14,488(+6),01090,[東]天間昭一,043033,矢野恭裕,,"12,1,3(2,11)(5,4)13(6,14)9,7-8=10",8,1,3.0,False,"12,1(3,11)(2,4)5(13,14)7,6-9,8=10",8,2,1.5,False,"12,1(3,2,11)-4,5(6,14)13-7-8=9=10",10,1,6.5,False,"(*12,1)(3,2,11)4-6-(14,5)-13-(8,7)=9=10",10,1,10.5,False,,前日と同じ馬場差で、速い時計の出るコンディション。
201707020204,4,障害4歳以上未勝利,芝,3000,晴,良,11:20,2017-03-12,中京,11,7,12,2009104837,ドリームパワー,牝8,58,01052,金子光希,3:22.9,1.1/4,1-1-1-1,13.5,55.6,9,456(+10),00409,[東]二ノ宮敬,559800,大栄牧場,,"12,1,3(2,11)(5,4)13(6,14)9,7-8=10",1,1,0.0,False,"12,1(3,11)(2,4)5(13,14)7,6-9,8=10",1,1,0.0,False,"12,1(3,2,11)-4,5(6,14)13-7-8=9=10",1,1,0.0,False,"(*12,1)(3,2,11)4-6-(14,5)-13-(8,7)=9=10",1,2,0.0,True,,前日と同じ馬場差で、速い時計の出るコンディション。
201707020204,4,障害4歳以上未勝利,芝,3000,晴,良,11:20,2017-03-12,中京,12,5,7,2012103823,ホウザンゴッド,牡5,60,01008,山本康志,3:23.6,4,12-10-11-11,13.6,113.1,11,494(+10),00437,[東]南田美知,388002,加藤豊三,,"12,1,3(2,11)(5,4)13(6,14)9,7-8=10",12,1,4.5,False,"12,1(3,11)(2,4)5(13,14)7,6-9,8=10",10,1,1.5,False,"12,1(3,2,11)-4,5(6,14)13-7-8=9=10",11,1,10.0,False,"(*12,1)(3,2,11)4-6-(14,5)-13-(8,7)=9=10",11,2,14.0,False,,前日と同じ馬場差で、速い時計の出るコンディション。
201707020204,4,障害4歳以上未勝利,芝,3000,晴,良,11:20,2017-03-12,中京,13,6,9,2010106460,クリノチョモラーリ,牝7,58,01120,大江原圭,3:26.5,大,11-12-13-13,13.8,142.7,13,492(-2),01036,[東]高橋義博,970006,栗本博晴,,"12,1,3(2,11)(5,4)13(6,14)9,7-8=10",11,1,3.0,False,"12,1(3,11)(2,4)5(13,14)7,6-9,8=10",12,1,6.5,False,"12,1(3,2,11)-4,5(6,14)13-7-8=9=10",13,1,19.5,False,"(*12,1)(3,2,11)4-6-(14,5)-13-(8,7)=9=10",13,1,20.0,False,,前日と同じ馬場差で、速い時計の出るコンディション。
201707020204,4,障害4歳以上未勝利,芝,3000,晴,良,11:20,2017-03-12,中京,14,6,10,2011103590,グレートアイランド,セ6,60,01068,蓑島靖典,3:27.2,4,14-14-14-14,13.8,125.8,12,456(+2),01077,[東]加藤和宏,684030,岡田壮史,,"12,1,3(2,11)(5,4)13(6,14)9,7-8=10",14,1,14.0,False,"12,1(3,11)(2,4)5(13,14)7,6-9,8=10",14,1,14.0,False,"12,1(3,2,11)-4,5(6,14)13-7-8=9=10",14,1,25.5,False,"(*12,1)(3,2,11)4-6-(14,5)-13-(8,7)=9=10",14,1,26.0,False,,前日と同じ馬場差で、速い時計の出るコンディション。
201707020205,5,障害4歳以上未勝利,芝,3000,晴,良,12:10,2017-03-12,中京,1,6,9,2011104076,プリンスダム,牡6,60,01005,西谷誠,3:17.8,,4-4-2-2,13.2,12.6,6,502(-2),01071,[西]池江泰寿,226800,サンデーレーシング,780.0,"4-12,13-9-11,14,10(6,8)1(3,5)7-2",4,1,8.5,False,"(4,*13)-12,9-11,14,10-(6,8,1)(3,5)7-2",4,1,5.0,False,"4-9(12,13)-11-(10,14,5)(3,6,1)=8,7=2",2,1,3.5,False,"4(12,9)-(13,11)-(10,5)(3,14,1)-6=(7,8)=2",2,2,0.0,False,,前日と同じ馬場差で、速い時計の出るコンディション。
201707020205,5,障害4歳以上未勝利,芝,3000,晴,良,12:10,2017-03-12,中京,2,7,12,2013104007,ミュートエアー,牡4,59,01069,五十嵐雄,3:18.1,1.3/4,2-3-3-2,13.2,10.2,4,462(+2),00353,[東]和田正道,684030,岡田壮史,310.0,"4-12,13-9-11,14,10(6,8)1(3,5)7-2",2,1,3.5,False,"(4,*13)-12,9-11,14,10-(6,8,1)(3,5)7-2",3,1,3.5,False,"4-9(12,13)-11-(10,14,5)(3,6,1)=8,7=2",3,2,3.5,False,"4(12,9)-(13,11)-(10,5)(3,14,1)-6=(7,8)=2",2,2,0.0,False,,前日と同じ馬場差で、速い時計の出るコンディション。
201707020205,5,障害4歳以上未勝利,芝,3000,晴,良,12:10,2017-03-12,中京,3,3,3,2011103673,ピースメーカー,牡6,60,01035,白浜雄造,3:18.4,2,11-11-9-8,13.2,2.6,1,498(0),01018,[西]宮徹,075002,小川勲,200.0,"4-12,13-9-11,14,10(6,8)1(3,5)7-2",11,2,15.0,False,"(4,*13)-12,9-11,14,10-(6,8,1)(3,5)7-2",11,2,15.0,False,"4-9(12,13)-11-(10,14,5)(3,6,1)=8,7=2",9,3,10.5,False,"4(12,9)-(13,11)-(10,5)(3,14,1)-6=(7,8)=2",8,3,7.0,False,,前日と同じ馬場差で、速い時計の出るコンディション。
201707020205,5,障害4歳以上未勝利,芝,3000,晴,良,12:10,2017-03-12,中京,4,7,11,2013102855,コージェント,牡4,59,00695,浜野谷憲,3:18.7,1.1/2,5-5-5-4,13.2,61.0,10,540(-10),01152,[東]竹内正洋,482002,水上行雄,120.0,"4-12,13-9-11,14,10(6,8)1(3,5)7-2",5,1,12.0,False,"(4,*13)-12,9-11,14,10-(6,8,1)(3,5)7-2",5,1,8.5,False,"4-9(12,13)-11-(10,14,5)(3,6,1)=8,7=2",5,1,7.0,False,"4(12,9)-(13,11)-(10,5)(3,14,1)-6=(7,8)=2",4,2,3.5,False,,前日と同じ馬場差で、速い時計の出るコンディション。
201707020205,5,障害4歳以上未勝利,芝,3000,晴,良,12:10,2017-03-12,中京,5,3,4,2010100458,ボブキャット,牡7,60,01113,草野太郎,3:19.0,2,1-2-1-1,13.3,143.6,13,504(-2),01067,[東]久保田貴,379008,村木隆,78.0,"4-12,13-9-11,14,10(6,8)1(3,5)7-2",1,1,0.0,False,"(4,*13)-12,9-11,14,10-(6,8,1)(3,5)7-2",2,2,0.0,False,"4-9(12,13)-11-(10,14,5)(3,6,1)=8,7=2",1,1,0.0,False,"4(12,9)-(13,11)-(10,5)(3,14,1)-6=(7,8)=2",1,1,0.0,False,,前日と同じ馬場差で、速い時計の出るコンディション。
201707020205,5,障害4歳以上未勝利,芝,3000,晴,良,12:10,2017-03-12,中京,6,4,5,2012106436,メイショウヤギリ,牡5,60,01067,平沢健治,3:19.3,2,11-11-6-6,13.3,12.0,5,486(+2),01144,[西]池添学,523005,松本好雄,,"4-12,13-9-11,14,10(6,8)1(3,5)7-2",11,2,15.0,False,"(4,*13)-12,9-11,14,10-(6,8,1)(3,5)7-2",11,2,15.0,False,"4-9(12,13)-11-(10,14,5)(3,6,1)=8,7=2",6,3,10.5,False,"4(12,9)-(13,11)-(10,5)(3,14,1)-6=(7,8)=2",6,2,7.0,False,,前日と同じ馬場差で、速い時計の出るコンディション。
201707020205,5,障害4歳以上未勝利,芝,3000,晴,良,12:10,2017-03-12,中京,7,8,14,2013105685,メメニシコリ,牡4,59,01072,黒岩悠,3:19.7,2.1/2,6-6-6-8,13.3,172.6,14,458(+4),01050,[西]飯田雄三,118030,本谷惠,,"4-12,13-9-11,14,10(6,8)1(3,5)7-2",6,1,13.5,False,"(4,*13)-12,9-11,14,10-(6,8,1)(3,5)7-2",6,1,10.0,False,"4-9(12,13)-11-(10,14,5)(3,6,1)=8,7=2",6,3,10.5,False,"4(12,9)-(13,11)-(10,5)(3,14,1)-6=(7,8)=2",8,3,7.0,False,,前日と同じ馬場差で、速い時計の出るコンディション。
201707020205,5,障害4歳以上未勝利,芝,3000,晴,良,12:10,2017-03-12,中京,8,1,1,2010103731,インパルスヒーロー,牡7,60,01059,石神深一,3:20.4,4,10-8-9-8,13.4,6.1,3,512(+8),00399,[東]国枝栄,488033,佐々木政充,,"4-12,13-9-11,14,10(6,8)1(3,5)7-2",10,1,15.0,False,"(4,*13)-12,9-11,14,10-(6,8,1)(3,5)7-2",8,3,15.0,False,"4-9(12,13)-11-(10,14,5)(3,6,1)=8,7=2",9,3,10.5,False,"4(12,9)-(13,11)-(10,5)(3,14,1)-6=(7,8)=2",8,3,7.0,False,,前日と同じ馬場差で、速い時計の出るコンディション。
201707020205,5,障害4歳以上未勝利,芝,3000,晴,良,12:10,2017-03-12,中京,9,6,10,2013100816,イチゴアミーラ,牝4,57,01089,高野和馬,3:21.4,6,7-7-6-6,13.4,84.3,12,456(+10),01005,[東]小桧山悟,793800,ノルディック,,"4-12,13-9-11,14,10(6,8)1(3,5)7-2",7,1,15.0,False,"(4,*13)-12,9-11,14,10-(6,8,1)(3,5)7-2",7,1,11.5,False,"4-9(12,13)-11-(10,14,5)(3,6,1)=8,7=2",6,3,10.5,False,"4(12,9)-(13,11)-(10,5)(3,14,1)-6=(7,8)=2",6,2,7.0,False,,前日と同じ馬場差で、速い時計の出るコンディション。
201707020205,5,障害4歳以上未勝利,芝,3000,晴,良,12:10,2017-03-12,中京,10,4,6,2010102288,バイタルフォルム,牡7,60,01087,上野翔,3:21.7,1.3/4,8-8-9-11,13.4,39.2,8,504(-8),01116,[東]新開幸一,013803,ディアレストクラブ,,"4-12,13-9-11,14,10(6,8)1(3,5)7-2",8,2,15.0,False,"(4,*13)-12,9-11,14,10-(6,8,1)(3,5)7-2",8,3,15.0,False,"4-9(12,13)-11-(10,14,5)(3,6,1)=8,7=2",9,3,10.5,False,"4(12,9)-(13,11)-(10,5)(3,14,1)-6=(7,8)=2",11,1,10.5,False,,前日と同じ馬場差で、速い時計の出るコンディション。
201707020205,5,障害4歳以上未勝利,芝,3000,晴,良,12:10,2017-03-12,中京,11,5,7,2010105143,プランスペスカ,牡7,60,01139,森一馬,3:22.7,6,13-13-13-12,13.5,3.1,2,480(-6),01083,[西]松永昌博,417030,山田信太郎,,"4-12,13-9-11,14,10(6,8)1(3,5)7-2",13,1,15.0,False,"(4,*13)-12,9-11,14,10-(6,8,1)(3,5)7-2",13,1,15.0,False,"4-9(12,13)-11-(10,14,5)(3,6,1)=8,7=2",13,1,18.0,False,"4(12,9)-(13,11)-(10,5)(3,14,1)-6=(7,8)=2",12,2,16.5,False,,前日と同じ馬場差で、速い時計の出るコンディション。
201707020205,5,障害4歳以上未勝利,芝,3000,晴,良,12:10,2017-03-12,中京,12,5,8,2012104841,リミットブレイク,セ5,60,01068,蓑島靖典,3:22.9,1.1/4,8-8-12-12,13.5,29.1,7,526(+10),01103,[東]尾関知人,506800,シルクレーシング,,"4-12,13-9-11,14,10(6,8)1(3,5)7-2",8,2,15.0,False,"(4,*13)-12,9-11,14,10-(6,8,1)(3,5)7-2",8,3,15.0,False,"4-9(12,13)-11-(10,14,5)(3,6,1)=8,7=2",12,1,16.5,False,"4(12,9)-(13,11)-(10,5)(3,14,1)-6=(7,8)=2",12,2,16.5,False,,前日と同じ馬場差で、速い時計の出るコンディション。
201707020205,5,障害4歳以上未勝利,芝,3000,晴,良,12:10,2017-03-12,中京,13,8,13,2012105505,タイキフロンティア,牡5,60,00727,植野貴也,3:23.1,1.1/4,3-1-3-4,13.5,77.9,11,476(+10),01023,[東]伊藤圭三,536800,大樹ファーム,,"4-12,13-9-11,14,10(6,8)1(3,5)7-2",3,1,5.0,False,"(4,*13)-12,9-11,14,10-(6,8,1)(3,5)7-2",1,2,0.0,True,"4-9(12,13)-11-(10,14,5)(3,6,1)=8,7=2",3,2,3.5,False,"4(12,9)-(13,11)-(10,5)(3,14,1)-6=(7,8)=2",4,2,3.5,False,,前日と同じ馬場差で、速い時計の出るコンディション。
201707020205,5,障害4歳以上未勝利,芝,3000,晴,良,12:10,2017-03-12,中京,14,2,2,2013103776,シゲルハマチ,牡4,59,01066,難波剛健,3:25.5,大,14-14-14-14,13.7,57.5,9,456(-8),01040,[西]服部利之,674004,森中蕃,,"4-12,13-9-11,14,10(6,8)1(3,5)7-2",14,1,18.5,False,"(4,*13)-12,9-11,14,10-(6,8,1)(3,5)7-2",14,1,18.5,False,"4-9(12,13)-11-(10,14,5)(3,6,1)=8,7=2",14,1,24.0,False,"4(12,9)-(13,11)-(10,5)(3,14,1)-6=(7,8)=2",14,1,22.5,False,,前日と同じ馬場差で、速い時計の出るコンディション。
201707020206,6,4歳以上500万下,ダ,1200,晴,良,12:45,2017-03-12,中京,1,6,12,2012104388,コンテナ,牡5,56,01146,岩崎翼,1:12.2,,2-3,37.0,2.6,1,600(+14),01113,[西]牧浦充徳,836030,住谷孝一,750.0,,,,,,,,,,,"1(4,12)2-3(7,16)(10,15)(5,14)(11,6)13,8-9",2,2,0.0,False,"1,4,12-(7,2)(3,16,15)10(6,5)(11,14)(13,8)-9",3,1,3.0,False,1,
201707020206,6,4歳以上500万下,ダ,1200,晴,良,12:45,2017-03-12,中京,2,8,15,2013105187,サラマンカ,牝4,55,01141,中井裕二,1:13.1,5,8-6,37.3,18.5,7,514(-4),01138,[西]浜田多実,585030,荒木謙次,300.0,,,,,,,,,,,"1(4,12)2-3(7,16)(10,15)(5,14)(11,6)13,8-9",8,2,3.5,False,"1,4,12-(7,2)(3,16,15)10(6,5)(11,14)(13,8)-9",6,3,6.5,False,1,
201707020206,6,4歳以上500万下,ダ,1200,晴,良,12:45,2017-03-12,中京,3,2,4,2012104335,パセンジャーシップ,牝5,53,01149,伴啓太,1:13.1,クビ,2-2,38.0,24.0,8,490(-10),01110,[西]清水久詞,310007,吉田千津,190.0,,,,,,,,,,,"1(4,12)2-3(7,16)(10,15)(5,14)(11,6)13,8-9",2,2,0.0,False,"1,4,12-(7,2)(3,16,15)10(6,5)(11,14)(13,8)-9",2,1,1.5,False,1,
201707020206,6,4歳以上500万下,ダ,1200,晴,良,12:45,2017-03-12,中京,4,3,5,2012102583,ステラルーチェ,牡5,57,01134,嶋田純次,1:13.3,1,10-10,37.3,12.6,5,490(-6),01131,[東]蛯名利弘,204033,池田草龍,110.0,,,,,,,,,,,"1(4,12)2-3(7,16)(10,15)(5,14)(11,6)13,8-9",10,2,3.5,False,"1,4,12-(7,2)(3,16,15)10(6,5)(11,14)(13,8)-9",10,2,6.5,False,1,
201707020206,6,4歳以上500万下,ダ,1200,晴,良,12:45,2017-03-12,中京,5,7,13,2011102537,アーネストミノル,牡6,54,01160,荻野極,1:13.4,3/4,14-14,36.8,15.9,6,444(+4),01078,[西]北出成人,265008,吉岡實,75.0,,,,,,,,,,,"1(4,12)2-3(7,16)(10,15)(5,14)(11,6)13,8-9",14,1,3.5,False,"1,4,12-(7,2)(3,16,15)10(6,5)(11,14)(13,8)-9",14,2,6.5,False,1,
201707020206,6,4歳以上500万下,ダ,1200,晴,良,12:45,2017-03-12,中京,6,3,6,2012102714,ウエスタンレオーネ,牡5,54,01161,菊沢一樹,1:13.6,1,12-10,37.3,44.9,12,492(+2),01115,[東]菊沢隆徳,929006,西川賢,,,,,,,,,,,,"1(4,12)2-3(7,16)(10,15)(5,14)(11,6)13,8-9",12,2,3.5,False,"1,4,12-(7,2)(3,16,15)10(6,5)(11,14)(13,8)-9",10,2,6.5,False,1,
201707020206,6,4歳以上500万下,ダ,1200,晴,良,12:45,2017-03-12,中京,7,4,7,2012104361,オージーアイドル,牝5,55,01143,原田和真,1:13.6,ハナ,6-4,37.9,8.1,3,452(-4),01127,[東]栗田徹,514008,窪田康志,,,,,,,,,,,,"1(4,12)2-3(7,16)(10,15)(5,14)(11,6)13,8-9",6,2,3.5,False,"1,4,12-(7,2)(3,16,15)10(6,5)(11,14)(13,8)-9",4,2,6.5,False,1,
201707020206,6,4歳以上500万下,ダ,1200,晴,良,12:45,2017-03-12,中京,8,2,3,2013100974,クリノマルボルク,牡4,54,01159,三津谷隼,1:13.9,2,5-6,38.3,236.0,15,454(0),01049,[西]南井克巳,970006,栗本博晴,,,,,,,,,,,,"1(4,12)2-3(7,16)(10,15)(5,14)(11,6)13,8-9",5,1,3.5,False,"1,4,12-(7,2)(3,16,15)10(6,5)(11,14)(13,8)-9",6,3,6.5,False,1,
201707020206,6,4歳以上500万下,ダ,1200,晴,良,12:45,2017-03-12,中京,9,6,11,2012104050,レジメンタル,牡5,56,01157,鮫島克駿,1:13.9,ハナ,12-12,37.5,26.6,9,448(-2),00411,[西]浅見秀一,808800,Ｇ１レーシング,,,,,,,,,,,,"1(4,12)2-3(7,16)(10,15)(5,14)(11,6)13,8-9",12,2,3.5,False,"1,4,12-(7,2)(3,16,15)10(6,5)(11,14)(13,8)-9",12,2,6.5,False,1,
201707020206,6,4歳以上500万下,ダ,1200,晴,良,12:45,2017-03-12,中京,10,4,8,2011104693,ファーストオーサー,牡6,57,01135,杉原誠人,1:14.2,1.3/4,15-14,37.5,258.2,16,484(-2),01047,[東]勢司和浩,132007,石橋英郎,,,,,,,,,,,,"1(4,12)2-3(7,16)(10,15)(5,14)(11,6)13,8-9",15,1,5.0,False,"1,4,12-(7,2)(3,16,15)10(6,5)(11,14)(13,8)-9",14,2,6.5,False,1,
201707020206,6,4歳以上500万下,ダ,1200,晴,良,12:45,2017-03-12,中京,11,8,16,2012104922,レモンイエロー,牝5,55,01142,長岡禎仁,1:14.2,アタマ,6-6,38.5,43.7,11,444(-2),01091,[西]羽月友彦,831800,青芝商事,,,,,,,,,,,,"1(4,12)2-3(7,16)(10,15)(5,14)(11,6)13,8-9",6,2,3.5,False,"1,4,12-(7,2)(3,16,15)10(6,5)(11,14)(13,8)-9",6,3,6.5,False,1,
201707020206,6,4歳以上500万下,ダ,1200,晴,良,12:45,2017-03-12,中京,12,1,1,2013105142,アポロガッツ,牝4,52,01170,横山武史,1:14.3,3/4,1-1,39.4,43.7,10,496(+8),01026,[東]鈴木伸尋,033700,アポロサラブレッドク...,,,,,,,,,,,,"1(4,12)2-3(7,16)(10,15)(5,14)(11,6)13,8-9",1,1,0.0,False,"1,4,12-(7,2)(3,16,15)10(6,5)(11,14)(13,8)-9",1,1,0.0,False,1,
201707020206,6,4歳以上500万下,ダ,1200,晴,良,12:45,2017-03-12,中京,13,1,2,2012105613,トップリバティ,牡5,57,01138,藤懸貴志,1:14.4,クビ,4-4,39.1,10.3,4,534(-2),01111,[西]鈴木孝志,916800,宮内牧場,,,,,,,,,,,,"1(4,12)2-3(7,16)(10,15)(5,14)(11,6)13,8-9",4,1,0.0,False,"1,4,12-(7,2)(3,16,15)10(6,5)(11,14)(13,8)-9",4,2,6.5,False,1,
201707020206,6,4歳以上500万下,ダ,1200,晴,良,12:45,2017-03-12,中京,14,5,9,2012105032,フラッシュカフェ,牡5,56,01152,小崎綾也,1:14.6,1.1/4,16-16,37.6,153.7,14,474(-4),01013,[東]小島太,505007,西川恭子,,,,,,,,,,,,"1(4,12)2-3(7,16)(10,15)(5,14)(11,6)13,8-9",16,1,8.5,False,"1,4,12-(7,2)(3,16,15)10(6,5)(11,14)(13,8)-9",16,1,10.0,False,1,
201707020206,6,4歳以上500万下,ダ,1200,晴,良,12:45,2017-03-12,中京,15,7,14,2013101745,タガノシェーヴル,牡4,56,01156,加藤祥太,1:14.7,クビ,10-12,38.6,48.4,13,426(+6),01128,[西]今野貞一,859002,八木良司,,,,,,,,,,,,"1(4,12)2-3(7,16)(10,15)(5,14)(11,6)13,8-9",10,2,3.5,False,"1,4,12-(7,2)(3,16,15)10(6,5)(11,14)(13,8)-9",12,2,6.5,False,1,
201707020206,6,4歳以上500万下,ダ,1200,晴,良,12:45,2017-03-12,中京,16,5,10,2012106315,シゲルハダカマツリ,牡5,55,01153,木幡初也,1:15.4,4,8-9,39.6,3.6,2,542(-10),01023,[東]伊藤圭三,674004,森中蕃,,,,,,,,,,,,"1(4,12)2-3(7,16)(10,15)(5,14)(11,6)13,8-9",8,2,3.5,False,"1,4,12-(7,2)(3,16,15)10(6,5)(11,14)(13,8)-9",9,1,6.5,False,1,
201707020207,7,4歳以上500万下,ダ,1400,晴,良,13:15,2017-03-12,中京,1,7,14,2013102849,ベルクリア,牝4,55,01025,勝浦正樹,1:24.9,,2-2,37.5,2.7,1,466(+2),01101,[西]吉田直弘,482002,水上行雄,750.0,,,,,,,,,,,"(*8,14)16(7,9,10)(15,11)(1,4,5)(2,13)(3,6)-12",2,2,0.0,False,"(*8,14)16(7,9)10,1(4,15)(2,11)5,3(6,13)-12",2,2,0.0,False,1,
201707020207,7,4歳以上500万下,ダ,1400,晴,良,13:15,2017-03-12,中京,2,5,9,2012104746,ボクノナオミ,牝5,55,01038,中谷雄太,1:25.1,1.1/2,4-4,37.4,11.4,5,484(-10),01144,[西]池添学,915008,塩澤正樹,300.0,,,,,,,,,,,"(*8,14)16(7,9,10)(15,11)(1,4,5)(2,13)(3,6)-12",4,3,0.0,False,"(*8,14)16(7,9)10,1(4,15)(2,11)5,3(6,13)-12",4,2,0.0,False,1,
201707020207,7,4歳以上500万下,ダ,1400,晴,良,13:15,2017-03-12,中京,3,1,1,2013101795,オールスマイル,牝4,52,01160,荻野極,1:25.1,クビ,9-7,37.1,5.1,3,458(-2),01154,[西]橋口慎介,041002,前田晋二,190.0,,,,,,,,,,,"(*8,14)16(7,9,10)(15,11)(1,4,5)(2,13)(3,6)-12",9,3,0.0,False,"(*8,14)16(7,9)10,1(4,15)(2,11)5,3(6,13)-12",7,1,1.5,False,1,
201707020207,7,4歳以上500万下,ダ,1400,晴,良,13:15,2017-03-12,中京,4,4,8,2013102680,クリノセゴビア,牝4,54,01157,鮫島克駿,1:25.2,クビ,1-1,37.8,22.1,7,460(+4),01003,[西]川村禎彦,970006,栗本博晴,110.0,,,,,,,,,,,"(*8,14)16(7,9,10)(15,11)(1,4,5)(2,13)(3,6)-12",1,2,0.0,True,"(*8,14)16(7,9)10,1(4,15)(2,11)5,3(6,13)-12",1,2,0.0,True,1,
201707020207,7,4歳以上500万下,ダ,1400,晴,良,13:15,2017-03-12,中京,5,1,2,2012102520,リリーグランツ,牝5,53,01153,木幡初也,1:25.2,アタマ,12-10,37.0,7.2,4,448(-6),01108,[東]矢野英一,098803,Ｇリビエール・レーシ...,75.0,,,,,,,,,,,"(*8,14)16(7,9,10)(15,11)(1,4,5)(2,13)(3,6)-12",12,2,0.0,False,"(*8,14)16(7,9)10,1(4,15)(2,11)5,3(6,13)-12",10,2,1.5,False,1,
201707020207,7,4歳以上500万下,ダ,1400,晴,良,13:15,2017-03-12,中京,6,4,7,2013106162,ナタリーバローズ,牝4,55,00700,四位洋文,1:25.6,2,4-4,37.9,5.0,2,464(+10),01121,[西]角田晃一,859007,猪熊広次,,,,,,,,,,,,"(*8,14)16(7,9,10)(15,11)(1,4,5)(2,13)(3,6)-12",4,3,0.0,False,"(*8,14)16(7,9)10,1(4,15)(2,11)5,3(6,13)-12",4,2,0.0,False,1,
201707020207,7,4歳以上500万下,ダ,1400,晴,良,13:15,2017-03-12,中京,7,5,10,2013103189,シアワセデス,牝4,55,01141,中井裕二,1:25.7,3/4,4-6,38.0,24.8,8,488(-6),01138,[西]浜田多実,514008,窪田康志,,,,,,,,,,,,"(*8,14)16(7,9,10)(15,11)(1,4,5)(2,13)(3,6)-12",4,3,0.0,False,"(*8,14)16(7,9)10,1(4,15)(2,11)5,3(6,13)-12",6,1,0.0,False,1,
201707020207,7,4歳以上500万下,ダ,1400,晴,良,13:15,2017-03-12,中京,8,8,16,2013106059,クラシックリディア,牝4,53,01163,坂井瑠星,1:26.0,1.3/4,3-3,38.5,26.1,9,442(+4),01022,[西]石坂正,486800,キャロットファーム,,,,,,,,,,,,"(*8,14)16(7,9,10)(15,11)(1,4,5)(2,13)(3,6)-12",3,1,0.0,False,"(*8,14)16(7,9)10,1(4,15)(2,11)5,3(6,13)-12",3,1,0.0,False,1,
201707020207,7,4歳以上500万下,ダ,1400,晴,良,13:15,2017-03-12,中京,9,6,12,2013105586,スモモチャン,牝4,55,01140,横山和生,1:26.1,1/2,16-16,37.2,45.3,10,442(0),01124,[東]大和田成,026700,ケンレーシング組合,,,,,,,,,,,,"(*8,14)16(7,9,10)(15,11)(1,4,5)(2,13)(3,6)-12",16,1,3.5,False,"(*8,14)16(7,9)10,1(4,15)(2,11)5,3(6,13)-12",16,1,6.5,False,1,
201707020207,7,4歳以上500万下,ダ,1400,晴,良,13:15,2017-03-12,中京,10,2,3,2012105263,セングウ,牝5,54,01146,岩崎翼,1:26.4,2,14-13,38.1,14.6,6,472(-2),00379,[西]加藤敬二,260007,重松國建,,,,,,,,,,,,"(*8,14)16(7,9,10)(15,11)(1,4,5)(2,13)(3,6)-12",14,2,0.0,False,"(*8,14)16(7,9)10,1(4,15)(2,11)5,3(6,13)-12",13,1,3.0,False,1,
201707020207,7,4歳以上500万下,ダ,1400,晴,良,13:15,2017-03-12,中京,11,3,6,2012106134,シードパール,牝5,55,01096,大野拓弥,1:26.5,クビ,14-14,38.2,117.9,13,426(-4),01141,[東]尾形和幸,441006,高嶋哲,,,,,,,,,,,,"(*8,14)16(7,9,10)(15,11)(1,4,5)(2,13)(3,6)-12",14,2,0.0,False,"(*8,14)16(7,9)10,1(4,15)(2,11)5,3(6,13)-12",14,2,3.0,False,1,
201707020207,7,4歳以上500万下,ダ,1400,晴,良,13:15,2017-03-12,中京,12,6,11,2013103963,ラタンドレス,牝4,55,01126,松山弘平,1:26.7,1.1/2,7-10,38.9,72.3,11,458(0),00388,[西]山内研二,854800,ノルマンディーサラブ...,,,,,,,,,,,,"(*8,14)16(7,9,10)(15,11)(1,4,5)(2,13)(3,6)-12",7,2,0.0,False,"(*8,14)16(7,9)10,1(4,15)(2,11)5,3(6,13)-12",10,2,1.5,False,1,
201707020207,7,4歳以上500万下,ダ,1400,晴,良,13:15,2017-03-12,中京,13,3,5,2012105616,ピエノフィオレ,牝5,52,01168,富田暁,1:26.9,1,9-12,38.8,168.6,15,454(+6),01065,[西]大橋勇樹,547800,ヒダカ・ブリーダーズ...,,,,,,,,,,,,"(*8,14)16(7,9,10)(15,11)(1,4,5)(2,13)(3,6)-12",9,3,0.0,False,"(*8,14)16(7,9)10,1(4,15)(2,11)5,3(6,13)-12",12,1,1.5,False,1,
201707020207,7,4歳以上500万下,ダ,1400,晴,良,13:15,2017-03-12,中京,14,2,4,2011105788,ハートオブジュン,牝6,52,01161,菊沢一樹,1:26.9,クビ,9-8,38.9,145.8,14,476(-12),01100,[東]松山将樹,639800,広富牧場,,,,,,,,,,,,"(*8,14)16(7,9,10)(15,11)(1,4,5)(2,13)(3,6)-12",9,3,0.0,False,"(*8,14)16(7,9)10,1(4,15)(2,11)5,3(6,13)-12",8,2,1.5,False,1,
201707020207,7,4歳以上500万下,ダ,1400,晴,良,13:15,2017-03-12,中京,15,7,13,2012102743,ナリタノヘア,牝5,54,01156,加藤祥太,1:27.1,1.1/4,12-14,38.9,97.4,12,418(-2),01149,[西]松下武士,712800,オースミ,,,,,,,,,,,,"(*8,14)16(7,9,10)(15,11)(1,4,5)(2,13)(3,6)-12",12,2,0.0,False,"(*8,14)16(7,9)10,1(4,15)(2,11)5,3(6,13)-12",14,2,3.0,False,1,
201707020207,7,4歳以上500万下,ダ,1400,晴,良,13:15,2017-03-12,中京,中,8,15,2013100510,マヤブリリアント,牝4,52,01159,三津谷隼,,,7-8,,391.3,16,388(-4),01065,[西]大橋勇樹,587800,まの,,,,,,,,,,,,"(*8,14)16(7,9,10)(15,11)(1,4,5)(2,13)(3,6)-12",7,2,0.0,False,"(*8,14)16(7,9)10,1(4,15)(2,11)5,3(6,13)-12",8,2,1.5,False,1,
201707020208,8,4歳以上500万下,芝,1200,晴,良,13:45,2017-03-12,中京,1,3,5,2011105534,トシストロング,牡6,57,01093,藤岡佑介,1:08.3,,6-5,34.1,6.1,3,480(0),01016,[西]西浦勝一,577033,上村利幸,750.0,,,,,,,,,,,"(*4,7)10(8,9)(5,6,15)12(3,11,18)(2,14,13,17)16-1",6,3,0.0,False,"4,7(8,10)(5,9)(6,12,15)(3,11,13,18)(2,14,17)16,1",5,2,1.5,False,-8,前日と同じ馬場差で、速い時計の出るコンディション。
201707020208,8,4歳以上500万下,芝,1200,晴,良,13:45,2017-03-12,中京,2,2,3,2012105451,ニシオボヌール,セ5,57,01046,高田潤,1:08.3,クビ,10-10,33.7,3.7,1,488(+2),01136,[西]高橋亮,446004,西尾午郎,300.0,,,,,,,,,,,"(*4,7)10(8,9)(5,6,15)12(3,11,18)(2,14,13,17)16-1",10,3,0.0,False,"4,7(8,10)(5,9)(6,12,15)(3,11,13,18)(2,14,17)16,1",10,4,1.5,False,-8,前日と同じ馬場差で、速い時計の出るコンディション。
201707020208,8,4歳以上500万下,芝,1200,晴,良,13:45,2017-03-12,中京,3,7,14,2011104420,ダブルコーク,牡6,55,01153,木幡初也,1:08.6,1.1/2,13-14,33.8,24.8,9,488(-4),01097,[東]鹿戸雄一,808800,Ｇ１レーシング,190.0,,,,,,,,,,,"(*4,7)10(8,9)(5,6,15)12(3,11,18)(2,14,13,17)16-1",13,4,0.0,False,"4,7(8,10)(5,9)(6,12,15)(3,11,13,18)(2,14,17)16,1",14,3,1.5,False,-8,前日と同じ馬場差で、速い時計の出るコンディション。
201707020208,8,4歳以上500万下,芝,1200,晴,良,13:45,2017-03-12,中京,4,8,18,2012101186,ユキノカトレア,牝5,53,01163,坂井瑠星,1:08.8,1.1/4,10-10,34.2,12.0,6,474(-6),00356,[西]坂口正則,163002,北所直人,110.0,,,,,,,,,,,"(*4,7)10(8,9)(5,6,15)12(3,11,18)(2,14,13,17)16-1",10,3,0.0,False,"4,7(8,10)(5,9)(6,12,15)(3,11,13,18)(2,14,17)16,1",10,4,1.5,False,-8,前日と同じ馬場差で、速い時計の出るコンディション。
201707020208,8,4歳以上500万下,芝,1200,晴,良,13:45,2017-03-12,中京,5,4,7,2013101042,ダイメイプリンセス,牝4,55,01109,黛弘人,1:08.9,1/2,2-2,35.1,19.8,7,498(-2),01142,[西]森田直行,688006,宮本孝一,75.0,,,,,,,,,,,"(*4,7)10(8,9)(5,6,15)12(3,11,18)(2,14,13,17)16-1",2,2,0.0,False,"4,7(8,10)(5,9)(6,12,15)(3,11,13,18)(2,14,17)16,1",2,1,1.5,False,-8,前日と同じ馬場差で、速い時計の出るコンディション。
201707020208,8,4歳以上500万下,芝,1200,晴,良,13:45,2017-03-12,中京,6,6,12,2013100724,ショウナンアヴィド,牡4,57,01038,中谷雄太,1:08.9,クビ,9-7,34.5,6.2,4,490(-4),01105,[西]須貝尚介,679800,湘南,,,,,,,,,,,,"(*4,7)10(8,9)(5,6,15)12(3,11,18)(2,14,13,17)16-1",9,1,0.0,False,"4,7(8,10)(5,9)(6,12,15)(3,11,13,18)(2,14,17)16,1",7,3,1.5,False,-8,前日と同じ馬場差で、速い時計の出るコンディション。
201707020208,8,4歳以上500万下,芝,1200,晴,良,13:45,2017-03-12,中京,7,1,2,2010100165,ハギノソフィア,牝7,55,00894,小牧太,1:09.0,クビ,13-14,34.2,105.7,15,494(+8),01046,[西]鮫島一歩,631006,安岡美津子,,,,,,,,,,,,"(*4,7)10(8,9)(5,6,15)12(3,11,18)(2,14,13,17)16-1",13,4,0.0,False,"4,7(8,10)(5,9)(6,12,15)(3,11,13,18)(2,14,17)16,1",14,3,1.5,False,-8,前日と同じ馬場差で、速い時計の出るコンディション。
201707020208,8,4歳以上500万下,芝,1200,晴,良,13:45,2017-03-12,中京,8,5,9,2012104802,クローソー,牝5,55,01126,松山弘平,1:09.0,ハナ,4-5,34.8,6.0,2,424(+6),01082,[西]平田修,465030,大島昌也,,,,,,,,,,,,"(*4,7)10(8,9)(5,6,15)12(3,11,18)(2,14,13,17)16-1",4,2,0.0,False,"4,7(8,10)(5,9)(6,12,15)(3,11,13,18)(2,14,17)16,1",5,2,1.5,False,-8,前日と同じ馬場差で、速い時計の出るコンディション。
201707020208,8,4歳以上500万下,芝,1200,晴,良,13:45,2017-03-12,中京,9,7,13,2012104943,プレシャスロード,セ5,57,01037,太宰啓介,1:09.0,アタマ,13-10,34.3,44.4,12,460(-8),00429,[西]佐々木晶,953030,山本三津子,,,,,,,,,,,,"(*4,7)10(8,9)(5,6,15)12(3,11,18)(2,14,13,17)16-1",13,4,0.0,False,"4,7(8,10)(5,9)(6,12,15)(3,11,13,18)(2,14,17)16,1",10,4,1.5,False,-8,前日と同じ馬場差で、速い時計の出るコンディション。
201707020208,8,4歳以上500万下,芝,1200,晴,良,13:45,2017-03-12,中京,10,2,4,2013102967,プリンセスオーラ,牝4,55,01140,横山和生,1:09.1,3/4,1-1,35.5,41.4,11,442(+16),01116,[東]新開幸一,071803,大森悌次,,,,,,,,,,,,"(*4,7)10(8,9)(5,6,15)12(3,11,18)(2,14,13,17)16-1",1,2,0.0,True,"4,7(8,10)(5,9)(6,12,15)(3,11,13,18)(2,14,17)16,1",1,1,0.0,False,-8,前日と同じ馬場差で、速い時計の出るコンディション。
201707020208,8,4歳以上500万下,芝,1200,晴,良,13:45,2017-03-12,中京,11,8,16,2010102214,リュウツバメ,牝7,55,01143,原田和真,1:09.1,ハナ,17-17,34.1,193.5,18,544(-2),00353,[東]和田正道,741001,田中ふさ枝,,,,,,,,,,,,"(*4,7)10(8,9)(5,6,15)12(3,11,18)(2,14,13,17)16-1",17,1,0.0,False,"4,7(8,10)(5,9)(6,12,15)(3,11,13,18)(2,14,17)16,1",17,1,1.5,False,-8,前日と同じ馬場差で、速い時計の出るコンディション。
201707020208,8,4歳以上500万下,芝,1200,晴,良,13:45,2017-03-12,中京,12,7,15,2012106275,シェアザジョイフル,牝5,55,01019,秋山真一,1:09.2,クビ,6-7,34.8,26.6,10,454(0),01135,[西]高橋康之,910800,グランデオーナーズ,,,,,,,,,,,,"(*4,7)10(8,9)(5,6,15)12(3,11,18)(2,14,13,17)16-1",6,3,0.0,False,"4,7(8,10)(5,9)(6,12,15)(3,11,13,18)(2,14,17)16,1",7,3,1.5,False,-8,前日と同じ馬場差で、速い時計の出るコンディション。
201707020208,8,4歳以上500万下,芝,1200,晴,良,13:45,2017-03-12,中京,13,6,11,2013106078,プルメリアブーケ,牝4,55,01142,長岡禎仁,1:09.3,1/2,10-10,34.7,24.3,8,452(+4),00412,[東]高橋裕,790005,吉田勝己,,,,,,,,,,,,"(*4,7)10(8,9)(5,6,15)12(3,11,18)(2,14,13,17)16-1",10,3,0.0,False,"4,7(8,10)(5,9)(6,12,15)(3,11,13,18)(2,14,17)16,1",10,4,1.5,False,-8,前日と同じ馬場差で、速い時計の出るコンディション。
201707020208,8,4歳以上500万下,芝,1200,晴,良,13:45,2017-03-12,中京,14,1,1,2012105327,スミレタンポポ,牝5,52,01164,藤田菜七,1:09.4,1/2,18-18,34.2,88.8,13,430(0),01036,[東]高橋義博,457002,海谷幸司,,,,,,,,,,,,"(*4,7)10(8,9)(5,6,15)12(3,11,18)(2,14,13,17)16-1",18,1,3.5,False,"4,7(8,10)(5,9)(6,12,15)(3,11,13,18)(2,14,17)16,1",18,1,3.0,False,-8,前日と同じ馬場差で、速い時計の出るコンディション。
201707020208,8,4歳以上500万下,芝,1200,晴,良,13:45,2017-03-12,中京,15,4,8,2013100063,ナムラエルサ,牝4,54,01157,鮫島克駿,1:09.5,3/4,4-3,35.4,6.8,5,458(+4),00422,[西]五十嵐忠,972002,奈村睦弘,,,,,,,,,,,,"(*4,7)10(8,9)(5,6,15)12(3,11,18)(2,14,13,17)16-1",4,2,0.0,False,"4,7(8,10)(5,9)(6,12,15)(3,11,13,18)(2,14,17)16,1",3,2,1.5,False,-8,前日と同じ馬場差で、速い時計の出るコンディション。
201707020208,8,4歳以上500万下,芝,1200,晴,良,13:45,2017-03-12,中京,16,8,17,2012106382,クリノスイートピー,牝5,55,01141,中井裕二,1:09.6,3/4,13-14,34.8,112.8,16,438(-8),01030,[東]星野忍,488007,栗本守,,,,,,,,,,,,"(*4,7)10(8,9)(5,6,15)12(3,11,18)(2,14,13,17)16-1",13,4,0.0,False,"4,7(8,10)(5,9)(6,12,15)(3,11,13,18)(2,14,17)16,1",14,3,1.5,False,-8,前日と同じ馬場差で、速い時計の出るコンディション。
201707020208,8,4歳以上500万下,芝,1200,晴,良,13:45,2017-03-12,中京,17,3,6,2013105553,ブリーズドゥメール,牝4,54,01156,加藤祥太,1:09.7,クビ,6-7,35.2,91.1,14,442(-18),01079,[東]古賀慎明,338007,村野康司,,,,,,,,,,,,"(*4,7)10(8,9)(5,6,15)12(3,11,18)(2,14,13,17)16-1",6,3,0.0,False,"4,7(8,10)(5,9)(6,12,15)(3,11,13,18)(2,14,17)16,1",7,3,1.5,False,-8,前日と同じ馬場差で、速い時計の出るコンディション。
201707020208,8,4歳以上500万下,芝,1200,晴,良,13:45,2017-03-12,中京,18,5,10,2013106459,グレースシャンティ,牝4,53,01149,伴啓太,1:09.7,クビ,3-3,35.7,179.3,17,454(+2),01056,[東]本間忍,310006,佐藤良二,,,,,,,,,,,,"(*4,7)10(8,9)(5,6,15)12(3,11,18)(2,14,13,17)16-1",3,1,0.0,False,"4,7(8,10)(5,9)(6,12,15)(3,11,13,18)(2,14,17)16,1",3,2,1.5,False,-8,前日と同じ馬場差で、速い時計の出るコンディション。
201707020209,9,4歳以上500万下,ダ,1900,晴,良,14:15,2017-03-12,中京,1,4,4,2013104334,ウォーターシャウト,牡4,57,01117,丸田恭介,2:02.1,,10-10-5-5,38.3,3.3,2,494(+8),00438,[西]安田隆行,538009,山岡良一,750.0,"6,7(2,3,10)-9-5(1,8)4",10,1,8.5,False,"6(2,7)(3,10)-9,5(1,8)-4",10,1,8.5,False,"(*6,5)(7,9)(2,10,4)-(1,3,8)",5,3,0.0,False,"6(2,5,9)(7,4)(1,10)(3,8)",5,2,0.0,False,1,
201707020209,9,4歳以上500万下,ダ,1900,晴,良,14:15,2017-03-12,中京,2,6,6,2012101363,サトノメダリスト,牡5,56,01152,小崎綾也,2:02.4,1.3/4,1-1-1-1,39.0,4.1,3,514(0),01055,[西]藤原英昭,790031,里見治,300.0,"6,7(2,3,10)-9-5(1,8)4",1,1,0.0,False,"6(2,7)(3,10)-9,5(1,8)-4",1,1,0.0,False,"(*6,5)(7,9)(2,10,4)-(1,3,8)",1,2,0.0,True,"6(2,5,9)(7,4)(1,10)(3,8)",1,1,0.0,False,1,
201707020209,9,4歳以上500万下,ダ,1900,晴,良,14:15,2017-03-12,中京,3,8,9,2013102978,ローデルバーン,牡4,57,01128,川須栄彦,2:02.4,クビ,6-6-3-2,38.8,15.3,6,464(-8),00419,[西]松元茂樹,852030,佐々木雄二,190.0,"6,7(2,3,10)-9-5(1,8)4",6,1,5.0,False,"6(2,7)(3,10)-9,5(1,8)-4",6,1,3.5,False,"(*6,5)(7,9)(2,10,4)-(1,3,8)",3,2,0.0,False,"6(2,5,9)(7,4)(1,10)(3,8)",2,3,0.0,False,1,
201707020209,9,4歳以上500万下,ダ,1900,晴,良,14:15,2017-03-12,中京,4,2,2,2013100753,タイセイブラスト,牡4,57,01038,中谷雄太,2:02.5,1/2,3-2-5-2,38.6,133.6,10,508(-2),01052,[東]菊川正達,224007,田中成奉,110.0,"6,7(2,3,10)-9-5(1,8)4",3,3,1.5,False,"6(2,7)(3,10)-9,5(1,8)-4",2,2,0.0,False,"(*6,5)(7,9)(2,10,4)-(1,3,8)",5,3,0.0,False,"6(2,5,9)(7,4)(1,10)(3,8)",2,3,0.0,False,1,
201707020209,9,4歳以上500万下,ダ,1900,晴,良,14:15,2017-03-12,中京,5,7,8,2012104696,セレブレイトソング,セ5,57,01138,藤懸貴志,2:02.7,1.1/4,8-8-8-9,38.3,3.3,1,496(+6),01155,[西]渡辺薫彦,486800,キャロットファーム,75.0,"6,7(2,3,10)-9-5(1,8)4",8,2,8.5,False,"6(2,7)(3,10)-9,5(1,8)-4",8,2,5.0,False,"(*6,5)(7,9)(2,10,4)-(1,3,8)",8,3,3.5,False,"6(2,5,9)(7,4)(1,10)(3,8)",9,2,0.0,False,1,
201707020209,9,4歳以上500万下,ダ,1900,晴,良,14:15,2017-03-12,中京,6,5,5,2013104902,サウンドスタジオ,牡4,57,01025,勝浦正樹,2:02.9,1,7-7-2-2,39.4,7.9,5,496(+2),01101,[西]吉田直弘,168006,増田雄一,,"6,7(2,3,10)-9-5(1,8)4",7,1,8.5,False,"6(2,7)(3,10)-9,5(1,8)-4",7,1,5.0,False,"(*6,5)(7,9)(2,10,4)-(1,3,8)",2,2,0.0,False,"6(2,5,9)(7,4)(1,10)(3,8)",2,3,0.0,False,1,
201707020209,9,4歳以上500万下,ダ,1900,晴,良,14:15,2017-03-12,中京,7,3,3,2013105430,クリノメルクリウス,セ4,54,01159,三津谷隼,2:02.9,ハナ,3-4-8-9,38.6,72.0,8,434(+2),01009,[西]田所秀孝,488007,栗本守,,"6,7(2,3,10)-9-5(1,8)4",3,3,1.5,False,"6(2,7)(3,10)-9,5(1,8)-4",4,2,0.0,False,"(*6,5)(7,9)(2,10,4)-(1,3,8)",8,3,3.5,False,"6(2,5,9)(7,4)(1,10)(3,8)",9,2,0.0,False,1,
201707020209,9,4歳以上500万下,ダ,1900,晴,良,14:15,2017-03-12,中京,8,7,7,2011103307,ワンダーハイーニャ,牝6,54,01146,岩崎翼,2:03.4,3,2-2-3-5,39.7,87.0,9,462(+4),01072,[西]河内洋,634001,山本信行,,"6,7(2,3,10)-9-5(1,8)4",2,1,1.5,False,"6(2,7)(3,10)-9,5(1,8)-4",2,2,0.0,False,"(*6,5)(7,9)(2,10,4)-(1,3,8)",3,2,0.0,False,"6(2,5,9)(7,4)(1,10)(3,8)",5,2,0.0,False,1,
201707020209,9,4歳以上500万下,ダ,1900,晴,良,14:15,2017-03-12,中京,9,1,1,2012101317,ラインフェルス,牡5,57,01096,大野拓弥,2:03.9,3,8-8-8-7,39.6,6.7,4,488(0),01086,[東]斎藤誠,338007,村野康司,,"6,7(2,3,10)-9-5(1,8)4",8,2,8.5,False,"6(2,7)(3,10)-9,5(1,8)-4",8,2,5.0,False,"(*6,5)(7,9)(2,10,4)-(1,3,8)",8,3,3.5,False,"6(2,5,9)(7,4)(1,10)(3,8)",7,2,0.0,False,1,
201707020209,9,4歳以上500万下,ダ,1900,晴,良,14:15,2017-03-12,中京,10,8,10,2011101740,プラウドウルフ,牡6,55,01153,木幡初也,2:04.6,4,3-4-5-7,40.8,27.6,7,482(+18),00359,[東]高橋祥泰,639009,鈴木芳夫,,"6,7(2,3,10)-9-5(1,8)4",3,3,1.5,False,"6(2,7)(3,10)-9,5(1,8)-4",4,2,0.0,False,"(*6,5)(7,9)(2,10,4)-(1,3,8)",5,3,0.0,False,"6(2,5,9)(7,4)(1,10)(3,8)",7,2,0.0,False,1,
201707020210,10,昇竜S(OP),ダ,1400,晴,良,14:50,2017-03-12,中京,1,1,1,2014109148,テイエムヒッタマゲ,牡3,56,01114,田中健,1:25.3,,1-1,37.2,31.2,9,482(-4),00396,[西]福島信晴,356002,竹園正繼,"1,825.9",,,,,,,,,,,"(*1,3)(4,8)(10,11)(2,5)12(6,9)7",1,2,0.0,True,"(*1,3)8(4,10,11)2,5(6,12)7-9",1,2,0.0,True,1,
201707020210,10,昇竜S(OP),ダ,1400,晴,良,14:50,2017-03-12,中京,2,2,2,2014100370,グッドヒューマー,牡3,56,01025,勝浦正樹,1:25.3,ハナ,7-7,36.6,5.3,2,464(-4),00412,[東]高橋裕,013803,ディアレストクラブ,727.4,,,,,,,,,,,"(*1,3)(4,8)(10,11)(2,5)12(6,9)7",7,2,0.0,False,"(*1,3)8(4,10,11)2,5(6,12)7-9",7,1,0.0,False,1,
201707020210,10,昇竜S(OP),ダ,1400,晴,良,14:50,2017-03-12,中京,3,5,5,2014100080,シゲルベンガルトラ,牡3,56,01157,鮫島克駿,1:25.4,クビ,7-8,36.7,3.9,1,446(-2),01040,[西]服部利之,674004,森中蕃,453.7,,,,,,,,,,,"(*1,3)(4,8)(10,11)(2,5)12(6,9)7",7,2,0.0,False,"(*1,3)8(4,10,11)2,5(6,12)7-9",8,1,1.5,False,1,
201707020210,10,昇竜S(OP),ダ,1400,晴,良,14:50,2017-03-12,中京,4,4,4,2014110107,アスタースウィング,牡3,56,01126,松山弘平,1:25.6,1,3-4,37.2,5.5,3,490(-2),01039,[西]中竹和也,935003,加藤久枝,270.0,,,,,,,,,,,"(*1,3)(4,8)(10,11)(2,5)12(6,9)7",3,2,0.0,False,"(*1,3)8(4,10,11)2,5(6,12)7-9",4,3,0.0,False,1,
201707020210,10,昇竜S(OP),ダ,1400,晴,良,14:50,2017-03-12,中京,5,8,11,2014101919,タイセイブレーク,牡3,56,01037,太宰啓介,1:25.6,アタマ,5-4,37.1,15.7,7,506(-4),01138,[西]浜田多実,224007,田中成奉,180.0,,,,,,,,,,,"(*1,3)(4,8)(10,11)(2,5)12(6,9)7",5,2,0.0,False,"(*1,3)8(4,10,11)2,5(6,12)7-9",4,3,0.0,False,1,
201707020210,10,昇竜S(OP),ダ,1400,晴,良,14:50,2017-03-12,中京,6,3,3,2014100934,ラッシュアウト,牡3,56,01109,黛弘人,1:25.6,クビ,2-2,37.4,63.3,12,442(+4),01127,[東]栗田徹,851009,岡田牧雄,,,,,,,,,,,,"(*1,3)(4,8)(10,11)(2,5)12(6,9)7",2,2,0.0,False,"(*1,3)8(4,10,11)2,5(6,12)7-9",2,2,0.0,False,1,
201707020210,10,昇竜S(OP),ダ,1400,晴,良,14:50,2017-03-12,中京,7,6,7,2014100288,セイカチトセ,牡3,56,01096,大野拓弥,1:25.7,3/4,12-11,36.4,8.6,6,474(-4),00437,[東]南田美知,578005,久米誠,,,,,,,,,,,,"(*1,3)(4,8)(10,11)(2,5)12(6,9)7",12,1,0.0,False,"(*1,3)8(4,10,11)2,5(6,12)7-9",11,1,1.5,False,1,
201707020210,10,昇竜S(OP),ダ,1400,晴,良,14:50,2017-03-12,中京,8,6,8,2014110043,レヴァンテライオン,牡3,57,01038,中谷雄太,1:25.9,1.1/4,3-3,37.6,6.3,4,482(-2),01075,[西]矢作芳人,542800,ライオンレースホース,,,,,,,,,,,,"(*1,3)(4,8)(10,11)(2,5)12(6,9)7",3,2,0.0,False,"(*1,3)8(4,10,11)2,5(6,12)7-9",3,1,0.0,False,1,
201707020210,10,昇竜S(OP),ダ,1400,晴,良,14:50,2017-03-12,中京,9,7,10,2014100820,スターペスマリア,牝3,54,01124,国分恭介,1:26.0,クビ,5-4,37.5,62.3,11,474(-4),01140,[西]石橋守,710002,河野和香子,,,,,,,,,,,,"(*1,3)(4,8)(10,11)(2,5)12(6,9)7",5,2,0.0,False,"(*1,3)8(4,10,11)2,5(6,12)7-9",4,3,0.0,False,1,
201707020210,10,昇竜S(OP),ダ,1400,晴,良,14:50,2017-03-12,中京,10,5,6,2014101850,ハタノオヌール,牝3,54,01163,坂井瑠星,1:26.2,1,10-9,37.1,32.7,10,434(-2),01048,[東]畠山吉宏,672800,グッドラック・ファー...,,,,,,,,,,,,"(*1,3)(4,8)(10,11)(2,5)12(6,9)7",10,2,0.0,False,"(*1,3)8(4,10,11)2,5(6,12)7-9",9,2,1.5,False,1,
201707020210,10,昇竜S(OP),ダ,1400,晴,良,14:50,2017-03-12,中京,11,7,9,2014105136,シゲルコング,牡3,57,01117,丸田恭介,1:27.0,5,10-12,37.9,6.8,5,500(+2),01093,[東]松永康利,674004,森中蕃,,,,,,,,,,,,"(*1,3)(4,8)(10,11)(2,5)12(6,9)7",10,2,0.0,False,"(*1,3)8(4,10,11)2,5(6,12)7-9",12,1,5.0,False,1,
201707020210,10,昇竜S(OP),ダ,1400,晴,良,14:50,2017-03-12,中京,12,8,12,2014100466,ブルベアバブーン,牡3,56,01019,秋山真一,1:27.2,1.1/4,9-9,38.4,19.5,8,498(0),01041,[西]藤沢則雄,843800,ブルアンドベア,,,,,,,,,,,,"(*1,3)(4,8)(10,11)(2,5)12(6,9)7",9,1,0.0,False,"(*1,3)8(4,10,11)2,5(6,12)7-9",9,2,1.5,False,1,
201707020211,11,トリトンS(3勝),芝,1400,晴,良,15:25,2017-03-12,中京,1,1,2,2011104284,トーセンデューク,牡6,57,00700,四位洋文,1:19.6,,12-10,34.2,4.8,2,456(-2),01055,[西]藤原英昭,270006,島川隆哉,"1,855.7",,,,,,,,,,,"(*1,9)10,4(11,14)(3,8)12(7,17)(2,6,16)13,5-15",12,3,1.5,False,"(*1,9)10,4(3,11)(8,14)12(2,7,17)6(13,16)5,15",10,3,1.5,False,-8,前日と同じ馬場差で、速い時計の出るコンディション。
201707020211,11,トリトンS(3勝),芝,1400,晴,良,15:25,2017-03-12,中京,2,2,4,2013106051,ビップライブリー,牡4,57,01126,松山弘平,1:19.6,クビ,4-4,34.7,4.0,1,454(-4),01110,[西]清水久詞,524030,鈴木邦英,740.2,,,,,,,,,,,"(*1,9)10,4(11,14)(3,8)12(7,17)(2,6,16)13,5-15",4,1,1.5,False,"(*1,9)10,4(3,11)(8,14)12(2,7,17)6(13,16)5,15",4,1,1.5,False,-8,前日と同じ馬場差で、速い時計の出るコンディション。
201707020211,11,トリトンS(3勝),芝,1400,晴,良,15:25,2017-03-12,中京,3,2,3,2011101542,コウエイタケル,牡6,57,00894,小牧太,1:19.8,1,7-5,34.7,44.9,13,492(0),00388,[西]山内研二,495005,伊東政清,465.1,,,,,,,,,,,"(*1,9)10,4(11,14)(3,8)12(7,17)(2,6,16)13,5-15",7,2,1.5,False,"(*1,9)10,4(3,11)(8,14)12(2,7,17)6(13,16)5,15",5,2,1.5,False,-8,前日と同じ馬場差で、速い時計の出るコンディション。
201707020211,11,トリトンS(3勝),芝,1400,晴,良,15:25,2017-03-12,中京,4,7,13,2012101393,スカイパッション,牝5,55,01117,丸田恭介,1:19.9,クビ,15-14,34.2,29.3,10,462(+2),01006,[西]作田誠二,962033,小林都美子,270.0,,,,,,,,,,,"(*1,9)10,4(11,14)(3,8)12(7,17)(2,6,16)13,5-15",15,1,1.5,False,"(*1,9)10,4(3,11)(8,14)12(2,7,17)6(13,16)5,15",14,2,1.5,False,-8,前日と同じ馬場差で、速い時計の出るコンディション。
201707020211,11,トリトンS(3勝),芝,1400,晴,良,15:25,2017-03-12,中京,5,3,6,2011103959,ツィンクルソード,牡6,57,01157,鮫島克駿,1:19.9,ハナ,12-13,34.3,53.1,14,492(+8),01083,[西]松永昌博,226800,サンデーレーシング,182.0,,,,,,,,,,,"(*1,9)10,4(11,14)(3,8)12(7,17)(2,6,16)13,5-15",12,3,1.5,False,"(*1,9)10,4(3,11)(8,14)12(2,7,17)6(13,16)5,15",13,1,1.5,False,-8,前日と同じ馬場差で、速い時計の出るコンディション。
201707020211,11,トリトンS(3勝),芝,1400,晴,良,15:25,2017-03-12,中京,6,4,8,2010104262,ダノンルージュ,牝7,55,01038,中谷雄太,1:20.0,3/4,7-7,34.8,95.9,16,494(-4),01158,[西]寺島良,619800,ダノックス,,,,,,,,,,,,"(*1,9)10,4(11,14)(3,8)12(7,17)(2,6,16)13,5-15",7,2,1.5,False,"(*1,9)10,4(3,11)(8,14)12(2,7,17)6(13,16)5,15",7,2,1.5,False,-8,前日と同じ馬場差で、速い時計の出るコンディション。
201707020211,11,トリトンS(3勝),芝,1400,晴,良,15:25,2017-03-12,中京,7,8,17,2013101476,レーヴムーン,牡4,57,01093,藤岡佑介,1:20.2,1.1/2,10-10,34.7,8.3,5,480(+6),01062,[西]藤岡健一,752800,ニットー商事,,,,,,,,,,,,"(*1,9)10,4(11,14)(3,8)12(7,17)(2,6,16)13,5-15",10,2,1.5,False,"(*1,9)10,4(3,11)(8,14)12(2,7,17)6(13,16)5,15",10,3,1.5,False,-8,前日と同じ馬場差で、速い時計の出るコンディション。
201707020211,11,トリトンS(3勝),芝,1400,晴,良,15:25,2017-03-12,中京,8,4,7,2012101704,ニシノラッシュ,牡5,57,01128,川須栄彦,1:20.4,3/4,10-10,35.0,8.3,4,498(-4),01073,[西]宮本博,897009,西山茂行,,,,,,,,,,,,"(*1,9)10,4(11,14)(3,8)12(7,17)(2,6,16)13,5-15",10,2,1.5,False,"(*1,9)10,4(3,11)(8,14)12(2,7,17)6(13,16)5,15",10,3,1.5,False,-8,前日と同じ馬場差で、速い時計の出るコンディション。
201707020211,11,トリトンS(3勝),芝,1400,晴,良,15:25,2017-03-12,中京,9,3,5,2012100048,アイライン,牝5,55,01025,勝浦正樹,1:20.5,1/2,16-16,34.6,33.7,12,456(-10),00412,[東]高橋裕,471800,アラキファーム,,,,,,,,,,,,"(*1,9)10,4(11,14)(3,8)12(7,17)(2,6,16)13,5-15",16,1,3.0,False,"(*1,9)10,4(3,11)(8,14)12(2,7,17)6(13,16)5,15",16,1,1.5,False,-8,前日と同じ馬場差で、速い時計の出るコンディション。
201707020211,11,トリトンS(3勝),芝,1400,晴,良,15:25,2017-03-12,中京,10,8,16,2013103801,ニシノラディアント,牡4,57,01015,古川吉洋,1:20.6,1/2,12-14,34.9,12.5,6,494(+6),01078,[西]北出成人,897009,西山茂行,,,,,,,,,,,,"(*1,9)10,4(11,14)(3,8)12(7,17)(2,6,16)13,5-15",12,3,1.5,False,"(*1,9)10,4(3,11)(8,14)12(2,7,17)6(13,16)5,15",14,2,1.5,False,-8,前日と同じ馬場差で、速い時計の出るコンディション。
201707020211,11,トリトンS(3勝),芝,1400,晴,良,15:25,2017-03-12,中京,11,6,12,2011103857,エルゴレア,牝6,55,01119,伊藤工真,1:20.6,ハナ,9-9,35.3,29.4,11,478(-4),01047,[東]勢司和浩,226800,サンデーレーシング,,,,,,,,,,,,"(*1,9)10,4(11,14)(3,8)12(7,17)(2,6,16)13,5-15",9,1,1.5,False,"(*1,9)10,4(3,11)(8,14)12(2,7,17)6(13,16)5,15",9,1,1.5,False,-8,前日と同じ馬場差で、速い時計の出るコンディション。
201707020211,11,トリトンS(3勝),芝,1400,晴,良,15:25,2017-03-12,中京,12,6,11,2013102518,ロードセレリティ,牡4,57,01019,秋山真一,1:20.7,1/2,5-5,35.6,7.5,3,474(-6),01118,[東]高柳瑞樹,170800,ロードホースクラブ,,,,,,,,,,,,"(*1,9)10,4(11,14)(3,8)12(7,17)(2,6,16)13,5-15",5,2,1.5,False,"(*1,9)10,4(3,11)(8,14)12(2,7,17)6(13,16)5,15",5,2,1.5,False,-8,前日と同じ馬場差で、速い時計の出るコンディション。
201707020211,11,トリトンS(3勝),芝,1400,晴,良,15:25,2017-03-12,中京,13,1,1,2012104923,ラクアミ,牝5,55,01156,加藤祥太,1:20.7,ハナ,1-1,36.2,27.5,9,470(+22),01002,[西]音無秀孝,354006,西浦和男,,,,,,,,,,,,"(*1,9)10,4(11,14)(3,8)12(7,17)(2,6,16)13,5-15",1,2,0.0,True,"(*1,9)10,4(3,11)(8,14)12(2,7,17)6(13,16)5,15",1,2,0.0,True,-8,前日と同じ馬場差で、速い時計の出るコンディション。
201707020211,11,トリトンS(3勝),芝,1400,晴,良,15:25,2017-03-12,中京,14,8,15,2010102500,ライブリシュネル,牡7,57,01163,坂井瑠星,1:20.9,1.1/4,17-17,34.7,147.2,17,492(-6),01142,[西]森田直行,849009,加藤哲郎,,,,,,,,,,,,"(*1,9)10,4(11,14)(3,8)12(7,17)(2,6,16)13,5-15",17,1,6.5,False,"(*1,9)10,4(3,11)(8,14)12(2,7,17)6(13,16)5,15",17,1,3.0,False,-8,前日と同じ馬場差で、速い時計の出るコンディション。
201707020211,11,トリトンS(3勝),芝,1400,晴,良,15:25,2017-03-12,中京,15,5,9,2013101869,オルレアンローズ,牝4,55,01096,大野拓弥,1:21.2,2,2-2,36.6,16.1,8,486(+4),01088,[東]高木登,854800,ノルマンディーサラブ...,,,,,,,,,,,,"(*1,9)10,4(11,14)(3,8)12(7,17)(2,6,16)13,5-15",2,2,0.0,False,"(*1,9)10,4(3,11)(8,14)12(2,7,17)6(13,16)5,15",2,2,0.0,False,-8,前日と同じ馬場差で、速い時計の出るコンディション。
201707020211,11,トリトンS(3勝),芝,1400,晴,良,15:25,2017-03-12,中京,16,5,10,2011100906,サニーデイズ,牡6,57,01164,藤田菜七,1:21.5,1.3/4,3-3,36.8,63.7,15,496(-4),01020,[東]相沢郁,362030,星野祐介,,,,,,,,,,,,"(*1,9)10,4(11,14)(3,8)12(7,17)(2,6,16)13,5-15",3,1,0.0,False,"(*1,9)10,4(3,11)(8,14)12(2,7,17)6(13,16)5,15",3,1,0.0,False,-8,前日と同じ馬場差で、速い時計の出るコンディション。
201707020211,11,トリトンS(3勝),芝,1400,晴,良,15:25,2017-03-12,中京,17,7,14,2012102308,マテンロウハピネス,牡5,57,01037,太宰啓介,1:21.6,1/2,5-7,36.4,13.4,7,454(+12),01044,[西]昆貢,534006,寺田千代乃,,,,,,,,,,,,"(*1,9)10,4(11,14)(3,8)12(7,17)(2,6,16)13,5-15",5,2,1.5,False,"(*1,9)10,4(3,11)(8,14)12(2,7,17)6(13,16)5,15",7,2,1.5,False,-8,前日と同じ馬場差で、速い時計の出るコンディション。
201707020212,12,賢島特別(2勝),芝,1600,晴,良,16:01,2017-03-12,中京,1,2,2,2012104884,アースライズ,牝5,55,01163,坂井瑠星,1:33.4,,3-3-3,33.9,3.6,2,460(+20),01075,[西]矢作芳人,790005,吉田勝己,"1,521.7",,,,,,"(*1,8)-2(4,7)10,3,5,6-9",3,1,3.5,False,"1-8-2(4,7)(3,10)-5,6,9",3,1,7.0,False,"1-8(4,2)7,3,10(5,6)-9",3,2,3.5,False,-8,前日と同じ馬場差で、速い時計の出るコンディション。
201707020212,12,賢島特別(2勝),芝,1600,晴,良,16:01,2017-03-12,中京,2,7,8,2013102193,ヒルノマゼラン,牡4,57,01015,古川吉洋,1:33.5,1/2,2-2-2,34.2,3.5,1,508(0),01044,[西]昆貢,823800,ヒルノ,606.2,,,,,,"(*1,8)-2(4,7)10,3,5,6-9",2,2,0.0,False,"1-8-2(4,7)(3,10)-5,6,9",2,1,3.5,False,"1-8(4,2)7,3,10(5,6)-9",2,1,3.5,False,-8,前日と同じ馬場差で、速い時計の出るコンディション。
201707020212,12,賢島特別(2勝),芝,1600,晴,良,16:01,2017-03-12,中京,3,7,7,2013105598,フライングレディ,牝4,55,01019,秋山真一,1:33.7,1.1/4,4-4-5,34.0,18.6,7,436(-6),01105,[西]須貝尚介,708800,金子真人ホールディン...,383.1,,,,,,"(*1,8)-2(4,7)10,3,5,6-9",4,2,3.5,False,"1-8-2(4,7)(3,10)-5,6,9",4,2,7.0,False,"1-8(4,2)7,3,10(5,6)-9",5,1,3.5,False,-8,前日と同じ馬場差で、速い時計の出るコンディション。
201707020212,12,賢島特別(2勝),芝,1600,晴,良,16:01,2017-03-12,中京,4,3,3,2012102773,ヤマカツボーイ,牡5,57,01025,勝浦正樹,1:33.7,ハナ,7-6-6,33.9,10.0,5,464(-2),01021,[西]池添兼雄,169008,山田和夫,230.0,,,,,,"(*1,8)-2(4,7)10,3,5,6-9",7,1,5.0,False,"1-8-2(4,7)(3,10)-5,6,9",6,2,7.0,False,"1-8(4,2)7,3,10(5,6)-9",6,1,5.0,False,-8,前日と同じ馬場差で、速い時計の出るコンディション。
201707020212,12,賢島特別(2勝),芝,1600,晴,良,16:01,2017-03-12,中京,5,1,1,2013100731,ピースマインド,牡4,57,01093,藤岡佑介,1:34.0,2,1-1-1,35.0,3.6,3,446(0),01018,[西]宮徹,075002,小川勲,150.0,,,,,,"(*1,8)-2(4,7)10,3,5,6-9",1,2,0.0,True,"1-8-2(4,7)(3,10)-5,6,9",1,1,0.0,False,"1-8(4,2)7,3,10(5,6)-9",1,1,0.0,False,-8,前日と同じ馬場差で、速い時計の出るコンディション。
201707020212,12,賢島特別(2勝),芝,1600,晴,良,16:01,2017-03-12,中京,6,5,5,2010103795,インストアイベント,牡7,57,01161,菊沢一樹,1:34.2,1.1/4,8-8-8,34.1,16.0,6,486(0),01115,[東]菊沢隆徳,415800,社台レースホース,,,,,,,"(*1,8)-2(4,7)10,3,5,6-9",8,1,6.5,False,"1-8-2(4,7)(3,10)-5,6,9",8,1,10.5,False,"1-8(4,2)7,3,10(5,6)-9",8,2,6.5,False,-8,前日と同じ馬場差で、速い時計の出るコンディション。
201707020212,12,賢島特別(2勝),芝,1600,晴,良,16:01,2017-03-12,中京,7,8,10,2011101749,マルーンドロップ,牝6,55,01096,大野拓弥,1:34.2,ハナ,6-6-7,34.2,44.0,8,466(+12),01155,[西]渡辺薫彦,854800,ノルマンディーサラブ...,,,,,,,"(*1,8)-2(4,7)10,3,5,6-9",6,1,3.5,False,"1-8-2(4,7)(3,10)-5,6,9",6,2,7.0,False,"1-8(4,2)7,3,10(5,6)-9",7,1,6.5,False,-8,前日と同じ馬場差で、速い時計の出るコンディション。
201707020212,12,賢島特別(2勝),芝,1600,晴,良,16:01,2017-03-12,中京,8,6,6,2012100055,ハッピームーン,牡5,57,01117,丸田恭介,1:34.4,1.1/4,9-9-8,34.3,6.1,4,454(-12),01020,[東]相沢郁,812008,石瀬浩三,,,,,,,"(*1,8)-2(4,7)10,3,5,6-9",9,1,8.0,False,"1-8-2(4,7)(3,10)-5,6,9",9,1,12.0,False,"1-8(4,2)7,3,10(5,6)-9",8,2,6.5,False,-8,前日と同じ馬場差で、速い時計の出るコンディション。
201707020212,12,賢島特別(2勝),芝,1600,晴,良,16:01,2017-03-12,中京,9,8,9,2010104370,カレンバッドボーイ,牡7,57,01126,松山弘平,1:34.4,アタマ,10-10-10,34.0,52.2,9,490(+10),01154,[西]橋口慎介,869006,鈴木隆司,,,,,,,"(*1,8)-2(4,7)10,3,5,6-9",10,1,11.5,False,"1-8-2(4,7)(3,10)-5,6,9",10,1,13.5,False,"1-8(4,2)7,3,10(5,6)-9",10,1,10.0,False,-8,前日と同じ馬場差で、速い時計の出るコンディション。
201707020212,12,賢島特別(2勝),芝,1600,晴,良,16:01,2017-03-12,中京,10,4,4,2012101328,アローシルバー,牝5,55,00652,熊沢重文,1:34.6,1.1/4,4-4-3,35.1,168.5,10,486(-8),01135,[西]高橋康之,435006,佐々木孝之,,,,,,,"(*1,8)-2(4,7)10,3,5,6-9",4,2,3.5,False,"1-8-2(4,7)(3,10)-5,6,9",4,2,7.0,False,"1-8(4,2)7,3,10(5,6)-9",3,2,3.5,False,-8,前日と同じ馬場差で、速い時計の出るコンディション。
