race_id,race_number,race_name,surface,distance_m,weather,going,start_time,race_date,racecourse,finish_pos,waku,umaban,horse_id,horse_name,sex_age,kinryo,jockey_id,jockey_name,time,margin,passing_order,last_3f,odds_final,popularity,weight,trainer_id,trainer_name,owner_id,owner_name,prize,corner1_raw,corner1_rank,corner1_group_size,corner1_gap_len_est,corner1_is_leader,corner2_raw,corner2_rank,corner2_group_size,corner2_gap_len_est,corner2_is_leader,corner3_raw,corner3_rank,corner3_group_size,corner3_gap_len_est,corner3_is_leader,corner4_raw,corner4_rank,corner4_group_size,corner4_gap_len_est,corner4_is_leader,track_index,track_comment
201705010301,1,3歳未勝利,ダ,1400,晴,良,10:10,2017-02-04,東京,1,7,14,2014102247,ジョワイユ,牝3,54,00422,内田博幸,1:26.8,,6-2,38.1,7.2,5,462(+4),01088,[東]高木登,877800,ラ・メール,500.0,,,,,,,,,,,"2,3,4(1,5)(6,11,14)16(7,9)13-10-12,15,8",6,3,3.0,False,"2(3,4,14)(1,5,11)(6,16,9)7-(13,15)(10,12)8",2,3,0.0,False,3,
201705010301,1,3歳未勝利,ダ,1400,晴,良,10:10,2017-02-04,東京,2,5,9,2014106239,アシャカダイキ,牝3,54,01092,津村明秀,1:26.8,クビ,10-8,37.5,3.1,1,490(0),01026,[東]鈴木伸尋,905033,吉冨学,200.0,,,,,,,,,,,"2,3,4(1,5)(6,11,14)16(7,9)13-10-12,15,8",10,2,3.0,False,"2(3,4,14)(1,5,11)(6,16,9)7-(13,15)(10,12)8",8,3,0.0,False,3,
201705010301,1,3歳未勝利,ダ,1400,晴,良,10:10,2017-02-04,東京,3,6,11,2014101455,ペイシャオブワキア,牝3,54,01077,石橋脩,1:26.9,1/2,6-5,37.9,6.5,4,448(-2),01131,[東]蛯名利弘,163002,北所直人,130.0,,,,,,,,,,,"2,3,4(1,5)(6,11,14)16(7,9)13-10-12,15,8",6,3,3.0,False,"2(3,4,14)(1,5,11)(6,16,9)7-(13,15)(10,12)8",5,3,0.0,False,3,
201705010301,1,3歳未勝利,ダ,1400,晴,良,10:10,2017-02-04,東京,4,8,15,2014104224,ナムラアヴィ,牝3,53,01142,長岡禎仁,1:27.1,1.1/4,15-12,37.2,47.0,10,474(+2),01043,[東]石栗龍彦,945004,奈村信重,75.0,,,,,,,,,,,"2,3,4(1,5)(6,11,14)16(7,9)13-10-12,15,8",15,1,11.5,False,"2(3,4,14)(1,5,11)(6,16,9)7-(13,15)(10,12)8",12,2,3.5,False,3,
201705010301,1,3歳未勝利,ダ,1400,晴,良,10:10,2017-02-04,東京,5,4,7,2014103887,パシオンシャンス,牝3,54,00689,江田照男,1:28.3,7,10-11,38.9,21.0,6,450(+4),01094,[東]水野貴広,013803,ディアレストクラブ,50.0,,,,,,,,,,,"2,3,4(1,5)(6,11,14)16(7,9)13-10-12,15,8",10,2,3.0,False,"2(3,4,14)(1,5,11)(6,16,9)7-(13,15)(10,12)8",11,1,0.0,False,3,
201705010301,1,3歳未勝利,ダ,1400,晴,良,10:10,2017-02-04,東京,6,2,4,2014103417,ウィズアウィッシュ,牝3,54,01117,丸田恭介,1:28.5,1.1/2,3-2,39.7,3.5,2,490(-2),01131,[東]蛯名利弘,851009,岡田牧雄,,,,,,,,,,,,"2,3,4(1,5)(6,11,14)16(7,9)13-10-12,15,8",3,1,3.0,False,"2(3,4,14)(1,5,11)(6,16,9)7-(13,15)(10,12)8",2,3,0.0,False,3,
201705010301,1,3歳未勝利,ダ,1400,晴,良,10:10,2017-02-04,東京,7,3,6,2014103809,ティアップアンジュ,牝3,54,01109,黛弘人,1:28.7,3/4,6-8,39.5,30.0,8,454(0),01074,[東]奥平雅士,122008,田中昇,,,,,,,,,,,,"2,3,4(1,5)(6,11,14)16(7,9)13-10-12,15,8",6,3,3.0,False,"2(3,4,14)(1,5,11)(6,16,9)7-(13,15)(10,12)8",8,3,0.0,False,3,
201705010301,1,3歳未勝利,ダ,1400,晴,良,10:10,2017-02-04,東京,8,4,8,2014105882,カホティ,牝3,54,01085,松岡正海,1:28.8,3/4,16-16,38.4,159.6,13,442(+8),01153,[東]中舘英二,775006,瀬谷隆雄,,,,,,,,,,,,"2,3,4(1,5)(6,11,14)16(7,9)13-10-12,15,8",16,1,13.0,False,"2(3,4,14)(1,5,11)(6,16,9)7-(13,15)(10,12)8",16,1,3.5,False,3,
201705010301,1,3歳未勝利,ダ,1400,晴,良,10:10,2017-02-04,東京,9,8,16,2014103259,エレノアカフェ,牝3,54,01030,松田大作,1:28.8,クビ,9-8,39.5,62.4,11,440(-10),01013,[東]小島太,629007,西川光一,,,,,,,,,,,,"2,3,4(1,5)(6,11,14)16(7,9)13-10-12,15,8",9,1,3.0,False,"2(3,4,14)(1,5,11)(6,16,9)7-(13,15)(10,12)8",8,3,0.0,False,3,
201705010301,1,3歳未勝利,ダ,1400,晴,良,10:10,2017-02-04,東京,10,7,13,2014100418,アクリマソン,牝3,54,00733,吉田豊,1:28.9,1/2,12-12,39.0,38.6,9,488(0),00417,[東]土田稔,952033,二口雅一,,,,,,,,,,,,"2,3,4(1,5)(6,11,14)16(7,9)13-10-12,15,8",12,1,3.0,False,"2(3,4,14)(1,5,11)(6,16,9)7-(13,15)(10,12)8",12,2,3.5,False,3,
201705010301,1,3歳未勝利,ダ,1400,晴,良,10:10,2017-02-04,東京,11,1,1,2014102205,アプト,牝3,54,05386,戸崎圭太,1:29.2,1.3/4,4-5,40.3,6.5,3,446(+6),01118,[東]高柳瑞樹,003060,Ｈ．Ｈ．シェイク・モ...,,,,,,,,,,,,"2,3,4(1,5)(6,11,14)16(7,9)13-10-12,15,8",4,2,3.0,False,"2(3,4,14)(1,5,11)(6,16,9)7-(13,15)(10,12)8",5,3,0.0,False,3,
201705010301,1,3歳未勝利,ダ,1400,晴,良,10:10,2017-02-04,東京,12,6,12,2014100286,コロリズム,牝3,54,00726,岩部純二,1:30.2,6,14-14,40.0,559.8,16,452(+2),01024,[東]萱野浩二,855030,田頭勇貴,,,,,,,,,,,,"2,3,4(1,5)(6,11,14)16(7,9)13-10-12,15,8",14,1,10.0,False,"2(3,4,14)(1,5,11)(6,16,9)7-(13,15)(10,12)8",14,2,3.5,False,3,
201705010301,1,3歳未勝利,ダ,1400,晴,良,10:10,2017-02-04,東京,13,2,3,2014102216,ウィーヴァー,牝3,54,01075,田辺裕信,1:30.3,1/2,2-2,41.6,27.8,7,422(+2),01133,[東]黒岩陽一,003060,Ｈ．Ｈ．シェイク・モ...,,,,,,,,,,,,"2,3,4(1,5)(6,11,14)16(7,9)13-10-12,15,8",2,1,1.5,False,"2(3,4,14)(1,5,11)(6,16,9)7-(13,15)(10,12)8",2,3,0.0,False,3,
201705010301,1,3歳未勝利,ダ,1400,晴,良,10:10,2017-02-04,東京,14,3,5,2014101798,カンガルーバーキン,牝3,54,01051,嘉藤貴行,1:30.5,1.1/4,4-5,41.5,286.6,14,486(-2),01080,[東]清水英克,890007,長井純一,,,,,,,,,,,,"2,3,4(1,5)(6,11,14)16(7,9)13-10-12,15,8",4,2,3.0,False,"2(3,4,14)(1,5,11)(6,16,9)7-(13,15)(10,12)8",5,3,0.0,False,3,
201705010301,1,3歳未勝利,ダ,1400,晴,良,10:10,2017-02-04,東京,15,5,10,2014102085,ジャックマニー,牝3,52,01151,井上敏樹,1:31.2,4,13-14,41.1,534.5,15,428(-4),01005,[東]小桧山悟,331006,本杉芳郎,,,,,,,,,,,,"2,3,4(1,5)(6,11,14)16(7,9)13-10-12,15,8",13,1,6.5,False,"2(3,4,14)(1,5,11)(6,16,9)7-(13,15)(10,12)8",14,2,3.5,False,3,
201705010301,1,3歳未勝利,ダ,1400,晴,良,10:10,2017-02-04,東京,16,1,2,2014103428,イマヒトタビノ,牝3,54,01118,宮崎北斗,1:32.4,7,1-1,43.8,152.9,12,454(+8),01132,[東]金成貴史,149033,内田玄祥,,,,,,,,,,,,"2,3,4(1,5)(6,11,14)16(7,9)13-10-12,15,8",1,1,0.0,False,"2(3,4,14)(1,5,11)(6,16,9)7-(13,15)(10,12)8",1,1,0.0,False,3,
201705010302,2,3歳新馬,ダ,1400,晴,良,10:40,2017-02-04,東京,1,7,12,2014101140,オリエント,牡3,56,05386,戸崎圭太,1:26.9,,3-3,36.9,2.5,1,514(0),01062,[西]藤岡健一,248030,石川達絵,600.0,,,,,,,,,,,"13,14-(3,6,12)8(1,7)5,4-11,10-15-9-2",3,3,5.0,False,"(*13,14)12(3,6,8)(1,7)(4,5)11,10=15=9-2",3,1,0.0,False,3,
201705010302,2,3歳新馬,ダ,1400,晴,良,10:40,2017-02-04,東京,2,4,6,2014106124,スプリットステップ,牝3,54,05243,柴山雄一,1:26.9,クビ,3-4,36.8,4.1,2,488(0),01114,[東]和田正一,226800,サンデーレーシング,240.0,,,,,,,,,,,"13,14-(3,6,12)8(1,7)5,4-11,10-15-9-2",3,3,5.0,False,"(*13,14)12(3,6,8)(1,7)(4,5)11,10=15=9-2",4,3,0.0,False,3,
201705010302,2,3歳新馬,ダ,1400,晴,良,10:40,2017-02-04,東京,3,1,1,2014102176,ヴァージャー,牝3,54,01117,丸田恭介,1:27.9,6,7-7,37.5,6.2,3,438(0),01129,[西]高橋義忠,003060,Ｈ．Ｈ．シェイク・モ...,150.0,,,,,,,,,,,"13,14-(3,6,12)8(1,7)5,4-11,10-15-9-2",7,2,5.0,False,"(*13,14)12(3,6,8)(1,7)(4,5)11,10=15=9-2",7,2,0.0,False,3,
201705010302,2,3歳新馬,ダ,1400,晴,良,10:40,2017-02-04,東京,4,8,14,2014105103,ムーンパスクイン,牝3,54,01051,嘉藤貴行,1:29.2,8,2-2,39.4,141.3,13,476(0),01080,[東]清水英克,110007,木稲安則,90.0,,,,,,,,,,,"13,14-(3,6,12)8(1,7)5,4-11,10-15-9-2",2,1,1.5,False,"(*13,14)12(3,6,8)(1,7)(4,5)11,10=15=9-2",2,2,0.0,False,3,
201705010302,2,3歳新馬,ダ,1400,晴,良,10:40,2017-02-04,東京,5,5,8,2014102700,キセキノキミヨ,牝3,54,00422,内田博幸,1:29.5,1.3/4,6-4,39.4,20.6,8,476(0),01077,[東]加藤和宏,897009,西山茂行,60.0,,,,,,,,,,,"13,14-(3,6,12)8(1,7)5,4-11,10-15-9-2",6,1,5.0,False,"(*13,14)12(3,6,8)(1,7)(4,5)11,10=15=9-2",4,3,0.0,False,3,
201705010302,2,3歳新馬,ダ,1400,晴,良,10:40,2017-02-04,東京,6,3,4,2014102663,シンボリジュネス,牝3,54,00684,田中勝春,1:29.5,アタマ,10-9,38.9,112.2,12,454(0),01052,[東]菊川正達,431800,シンボリ牧場,,,,,,,,,,,,"13,14-(3,6,12)8(1,7)5,4-11,10-15-9-2",10,1,6.5,False,"(*13,14)12(3,6,8)(1,7)(4,5)11,10=15=9-2",9,2,0.0,False,3,
201705010302,2,3歳新馬,ダ,1400,晴,良,10:40,2017-02-04,東京,7,8,15,2014103974,チチブリュウセイ,牡3,56,01025,勝浦正樹,1:29.7,1.1/4,13-13,37.9,20.1,7,540(0),01100,[東]松山将樹,040803,明栄商事,,,,,,,,,,,,"13,14-(3,6,12)8(1,7)5,4-11,10-15-9-2",13,1,15.0,False,"(*13,14)12(3,6,8)(1,7)(4,5)11,10=15=9-2",13,1,7.5,False,3,
201705010302,2,3歳新馬,ダ,1400,晴,良,10:40,2017-02-04,東京,8,6,10,2014106312,ネバービーンベター,牝3,54,01085,松岡正海,1:29.9,1,12-12,38.9,11.7,5,476(0),01093,[東]松永康利,770006,西城公雄,,,,,,,,,,,,"13,14-(3,6,12)8(1,7)5,4-11,10-15-9-2",12,1,11.5,False,"(*13,14)12(3,6,8)(1,7)(4,5)11,10=15=9-2",12,1,1.5,False,3,
201705010302,2,3歳新馬,ダ,1400,晴,良,10:40,2017-02-04,東京,9,4,7,2014101605,マリノヒミコ,牝3,54,01140,横山和生,1:29.9,ハナ,7-7,39.5,84.7,11,454(0),00392,[東]古賀史生,251033,矢野まり子,,,,,,,,,,,,"13,14-(3,6,12)8(1,7)5,4-11,10-15-9-2",7,2,5.0,False,"(*13,14)12(3,6,8)(1,7)(4,5)11,10=15=9-2",7,2,0.0,False,3,
201705010302,2,3歳新馬,ダ,1400,晴,良,10:40,2017-02-04,東京,10,6,11,2014102426,キタサングラシアス,牝3,54,01029,武士沢友,1:30.1,1.1/4,11-11,39.3,33.1,10,480(0),00392,[東]古賀史生,373800,大野商事,,,,,,,,,,,,"13,14-(3,6,12)8(1,7)5,4-11,10-15-9-2",11,1,10.0,False,"(*13,14)12(3,6,8)(1,7)(4,5)11,10=15=9-2",11,1,0.0,False,3,
201705010302,2,3歳新馬,ダ,1400,晴,良,10:40,2017-02-04,東京,11,3,5,2014102437,デルマユメシバイ,牡3,56,01075,田辺裕信,1:30.7,3.1/2,9-9,40.2,16.3,6,488(0),01064,[東]武藤善則,274002,浅沼廣幸,,,,,,,,,,,,"13,14-(3,6,12)8(1,7)5,4-11,10-15-9-2",9,1,5.0,False,"(*13,14)12(3,6,8)(1,7)(4,5)11,10=15=9-2",9,2,0.0,False,3,
201705010302,2,3歳新馬,ダ,1400,晴,良,10:40,2017-02-04,東京,12,2,3,2014103708,シゲルジャガー,牡3,56,01096,大野拓弥,1:30.9,1.1/4,3-4,40.8,9.7,4,480(0),01023,[東]伊藤圭三,674004,森中蕃,,,,,,,,,,,,"13,14-(3,6,12)8(1,7)5,4-11,10-15-9-2",3,3,5.0,False,"(*13,14)12(3,6,8)(1,7)(4,5)11,10=15=9-2",4,3,0.0,False,3,
201705010302,2,3歳新馬,ダ,1400,晴,良,10:40,2017-02-04,東京,13,5,9,2014104189,キャプテンタイム,牡3,53,01158,野中悠太,1:31.1,1,14-14,38.4,210.3,15,470(0),01012,[東]大江原哲,832008,平本敏夫,,,,,,,,,,,,"13,14-(3,6,12)8(1,7)5,4-11,10-15-9-2",14,1,18.5,False,"(*13,14)12(3,6,8)(1,7)(4,5)11,10=15=9-2",14,1,13.5,False,3,
201705010302,2,3歳新馬,ダ,1400,晴,良,10:40,2017-02-04,東京,14,2,2,2014109026,クリノタブマン,牝3,52,01151,井上敏樹,1:31.4,2,15-15,38.2,182.4,14,402(0),01036,[東]高橋義博,970006,栗本博晴,,,,,,,,,,,,"13,14-(3,6,12)8(1,7)5,4-11,10-15-9-2",15,1,22.0,False,"(*13,14)12(3,6,8)(1,7)(4,5)11,10=15=9-2",15,1,17.0,False,3,
201705010302,2,3歳新馬,ダ,1400,晴,良,10:40,2017-02-04,東京,15,7,13,2014104881,ペイシャラジョワ,牝3,54,00689,江田照男,1:31.8,2.1/2,1-1,42.1,21.0,9,480(0),00415,[東]菅原泰夫,163002,北所直人,,,,,,,,,,,,"13,14-(3,6,12)8(1,7)5,4-11,10-15-9-2",1,1,0.0,False,"(*13,14)12(3,6,8)(1,7)(4,5)11,10=15=9-2",1,2,0.0,True,3,
201705010303,3,3歳未勝利,ダ,1600,晴,良,11:10,2017-02-04,東京,1,3,5,2014105144,ロージズバード,牡3,56,00629,木幡初広,1:39.9,,10-9,37.6,2.2,1,508(+8),01106,[東]牧光二,639009,鈴木芳夫,500.0,,,,,,,,,,,"7,9(4,13)(11,16)10(3,15)(5,8)(2,6,12)(1,14)",10,2,1.5,False,"7(4,9,13)(11,3,16,10)(2,5,8,15)-(1,6,14,12)",9,4,0.0,False,3,
201705010303,3,3歳未勝利,ダ,1600,晴,良,11:10,2017-02-04,東京,2,7,13,2014110077,ストロボスコープ,牡3,56,05386,戸崎圭太,1:39.9,アタマ,3-2,38.0,7.7,4,468(-8),00386,[東]藤沢和雄,003060,Ｈ．Ｈ．シェイク・モ...,200.0,,,,,,,,,,,"7,9(4,13)(11,16)10(3,15)(5,8)(2,6,12)(1,14)",3,2,1.5,False,"7(4,9,13)(11,3,16,10)(2,5,8,15)-(1,6,14,12)",2,3,0.0,False,3,
201705010303,3,3歳未勝利,ダ,1600,晴,良,11:10,2017-02-04,東京,3,2,3,2014105251,プレゼンス,牡3,56,01075,田辺裕信,1:40.0,1/2,8-5,37.9,3.8,2,494(-4),00349,[東]尾形充弘,415800,社台レースホース,130.0,,,,,,,,,,,"7,9(4,13)(11,16)10(3,15)(5,8)(2,6,12)(1,14)",8,2,1.5,False,"7(4,9,13)(11,3,16,10)(2,5,8,15)-(1,6,14,12)",5,4,0.0,False,3,
201705010303,3,3歳未勝利,ダ,1600,晴,良,11:10,2017-02-04,東京,4,6,12,2014105544,ボナジョルナータ,牡3,56,01119,伊藤工真,1:40.2,1.1/4,12-13,37.5,239.0,15,504(+4),00420,[東]宗像義忠,440007,島川利子,75.0,,,,,,,,,,,"7,9(4,13)(11,16)10(3,15)(5,8)(2,6,12)(1,14)",12,3,1.5,False,"7(4,9,13)(11,3,16,10)(2,5,8,15)-(1,6,14,12)",13,4,3.5,False,3,
201705010303,3,3歳未勝利,ダ,1600,晴,良,11:10,2017-02-04,東京,5,8,15,2014103425,スペルマロン,牡3,56,01029,武士沢友,1:40.3,クビ,8-9,38.0,5.6,3,510(0),00392,[東]古賀史生,677009,西森鶴,50.0,,,,,,,,,,,"7,9(4,13)(11,16)10(3,15)(5,8)(2,6,12)(1,14)",8,2,1.5,False,"7(4,9,13)(11,3,16,10)(2,5,8,15)-(1,6,14,12)",9,4,0.0,False,3,
201705010303,3,3歳未勝利,ダ,1600,晴,良,11:10,2017-02-04,東京,6,5,10,2014103377,オウケンスターダム,牡3,56,01043,北村宏司,1:40.3,アタマ,7-5,38.2,28.1,7,472(-4),00399,[東]国枝栄,731006,福井明,,,,,,,,,,,,"7,9(4,13)(11,16)10(3,15)(5,8)(2,6,12)(1,14)",7,1,1.5,False,"7(4,9,13)(11,3,16,10)(2,5,8,15)-(1,6,14,12)",5,4,0.0,False,3,
201705010303,3,3歳未勝利,ダ,1600,晴,良,11:10,2017-02-04,東京,7,4,8,2014103119,サーデューク,牡3,56,00422,内田博幸,1:40.3,クビ,10-9,37.9,13.4,5,496(+8),01152,[東]竹内正洋,138007,吉田和美,,,,,,,,,,,,"7,9(4,13)(11,16)10(3,15)(5,8)(2,6,12)(1,14)",10,2,1.5,False,"7(4,9,13)(11,3,16,10)(2,5,8,15)-(1,6,14,12)",9,4,0.0,False,3,
201705010303,3,3歳未勝利,ダ,1600,晴,良,11:10,2017-02-04,東京,8,1,2,2014101655,ルーラーキング,牡3,56,00641,柴田善臣,1:40.9,3.1/2,12-9,38.5,25.5,6,474(+8),01076,[東]小笠倫弘,763004,宮本貞雄,,,,,,,,,,,,"7,9(4,13)(11,16)10(3,15)(5,8)(2,6,12)(1,14)",12,3,1.5,False,"7(4,9,13)(11,3,16,10)(2,5,8,15)-(1,6,14,12)",9,4,0.0,False,3,
201705010303,3,3歳未勝利,ダ,1600,晴,良,11:10,2017-02-04,東京,9,2,4,2014110019,ヒロミノテソーロ,牡3,56,01096,大野拓弥,1:41.6,4,3-2,39.6,50.5,9,506(+4),01088,[東]高木登,980033,了徳寺健二,,,,,,,,,,,,"7,9(4,13)(11,16)10(3,15)(5,8)(2,6,12)(1,14)",3,2,1.5,False,"7(4,9,13)(11,3,16,10)(2,5,8,15)-(1,6,14,12)",2,3,0.0,False,3,
201705010303,3,3歳未勝利,ダ,1600,晴,良,11:10,2017-02-04,東京,10,1,1,2014102928,ワラッチャウヨネ,牝3,54,01025,勝浦正樹,1:41.7,1/2,15-13,39.0,113.4,11,418(+6),01036,[東]高橋義博,922800,渡辺牧場,,,,,,,,,,,,"7,9(4,13)(11,16)10(3,15)(5,8)(2,6,12)(1,14)",15,2,1.5,False,"7(4,9,13)(11,3,16,10)(2,5,8,15)-(1,6,14,12)",13,4,3.5,False,3,
201705010303,3,3歳未勝利,ダ,1600,晴,良,11:10,2017-02-04,東京,11,7,14,2014104736,サクラトップキング,牡3,53,01158,野中悠太,1:41.8,1/2,15-13,39.1,223.1,14,520(+8),00420,[東]宗像義忠,018803,トップフェロウ,,,,,,,,,,,,"7,9(4,13)(11,16)10(3,15)(5,8)(2,6,12)(1,14)",15,2,1.5,False,"7(4,9,13)(11,3,16,10)(2,5,8,15)-(1,6,14,12)",13,4,3.5,False,3,
201705010303,3,3歳未勝利,ダ,1600,晴,良,11:10,2017-02-04,東京,12,6,11,2014100299,グローリアスイリス,牝3,52,01162,木幡巧也,1:41.9,1/2,5-5,39.8,138.2,12,490(0),01106,[東]牧光二,641030,日下部勝徳,,,,,,,,,,,,"7,9(4,13)(11,16)10(3,15)(5,8)(2,6,12)(1,14)",5,2,1.5,False,"7(4,9,13)(11,3,16,10)(2,5,8,15)-(1,6,14,12)",5,4,0.0,False,3,
201705010303,3,3歳未勝利,ダ,1600,晴,良,11:10,2017-02-04,東京,13,4,7,2014101751,サバイバルチャンス,牡3,56,01127,丸山元気,1:42.2,2,1-1,40.5,35.7,8,484(+4),01029,[東]根本康広,615030,福田光博,,,,,,,,,,,,"7,9(4,13)(11,16)10(3,15)(5,8)(2,6,12)(1,14)",1,1,0.0,False,"7(4,9,13)(11,3,16,10)(2,5,8,15)-(1,6,14,12)",1,1,0.0,False,3,
201705010303,3,3歳未勝利,ダ,1600,晴,良,11:10,2017-02-04,東京,14,3,6,2014101945,キャプテンワイルド,牡3,55,01150,石川裕紀,1:42.3,1/2,12-13,39.6,110.2,10,478(-12),01112,[東]田島俊明,451033,佐藤範夫,,,,,,,,,,,,"7,9(4,13)(11,16)10(3,15)(5,8)(2,6,12)(1,14)",12,3,1.5,False,"7(4,9,13)(11,3,16,10)(2,5,8,15)-(1,6,14,12)",13,4,3.5,False,3,
201705010303,3,3歳未勝利,ダ,1600,晴,良,11:10,2017-02-04,東京,15,8,16,2014100852,ブレイビットアウト,牡3,56,01091,丹内祐次,1:42.9,3.1/2,5-5,40.8,139.2,13,478(+16),01100,[東]松山将樹,030803,コスモヴューファーム,,,,,,,,,,,,"7,9(4,13)(11,16)10(3,15)(5,8)(2,6,12)(1,14)",5,2,1.5,False,"7(4,9,13)(11,3,16,10)(2,5,8,15)-(1,6,14,12)",5,4,0.0,False,3,
201705010303,3,3歳未勝利,ダ,1600,晴,良,11:10,2017-02-04,東京,16,5,9,2014101127,ガーリー,牝3,52,01143,原田和真,1:47.0,大,2-2,45.1,324.0,16,416(-20),01109,[東]伊藤大士,986033,佐久間拓士,,,,,,,,,,,,"7,9(4,13)(11,16)10(3,15)(5,8)(2,6,12)(1,14)",2,1,1.5,False,"7(4,9,13)(11,3,16,10)(2,5,8,15)-(1,6,14,12)",2,3,0.0,False,3,
201705010304,4,障害4歳以上未勝利,芝,3000,晴,良,11:40,2017-02-04,東京,1,5,8,2011102547,ブリリアントミノル,牡6,60,00652,熊沢重文,3:24.1,,4-4-4-4,13.6,23.5,7,474(+16),01153,[東]中舘英二,265008,吉岡實,780.0,"4-6,3,8,9,5,13,11-(10,7)-14,1-12=2",4,1,6.5,False,"4-6,3(8,9)(5,13)11-(10,7)(14,1)-12=2",4,2,5.0,False,"(*4,6)-3,8,13=(9,7)5(11,14)-1,10-12=2",4,1,5.0,False,"(*4,6)-3,8-13-7-9(11,14,5)-(1,10)=12=2",4,1,5.0,False,,開幕週と同レベルで速めの時計が出る馬場。
201705010304,4,障害4歳以上未勝利,芝,3000,晴,良,11:40,2017-02-04,東京,2,3,4,2010103687,アサクサゴールド,牡7,60,00695,浜野谷憲,3:24.1,クビ,1-1-1-1,13.6,3.4,2,478(+10),01054,[東]戸田博文,537009,田原慶子,310.0,"4-6,3,8,9,5,13,11-(10,7)-14,1-12=2",1,1,0.0,False,"4-6,3(8,9)(5,13)11-(10,7)(14,1)-12=2",1,1,0.0,False,"(*4,6)-3,8,13=(9,7)5(11,14)-1,10-12=2",1,2,0.0,True,"(*4,6)-3,8-13-7-9(11,14,5)-(1,10)=12=2",1,2,0.0,True,,開幕週と同レベルで速めの時計が出る馬場。
201705010304,4,障害4歳以上未勝利,芝,3000,晴,良,11:40,2017-02-04,東京,3,3,3,2010100777,マイネルイルミナル,牡7,60,01008,山本康志,3:24.4,1.3/4,3-3-3-3,13.6,6.1,3,482(-4),01010,[東]中野栄治,546800,サラブレッドクラブ・...,200.0,"4-6,3,8,9,5,13,11-(10,7)-14,1-12=2",3,1,5.0,False,"4-6,3(8,9)(5,13)11-(10,7)(14,1)-12=2",3,1,5.0,False,"(*4,6)-3,8,13=(9,7)5(11,14)-1,10-12=2",3,1,3.5,False,"(*4,6)-3,8-13-7-9(11,14,5)-(1,10)=12=2",3,1,3.5,False,,開幕週と同レベルで速めの時計が出る馬場。
201705010304,4,障害4歳以上未勝利,芝,3000,晴,良,11:40,2017-02-04,東京,4,5,7,2013103496,シゲルシマダイ,牡4,59,01113,草野太郎,3:24.5,クビ,9-9-6-6,13.6,13.0,5,524(+10),00383,[東]伊藤正徳,674004,森中蕃,120.0,"4-6,3,8,9,5,13,11-(10,7)-14,1-12=2",9,2,16.0,False,"4-6,3(8,9)(5,13)11-(10,7)(14,1)-12=2",9,2,8.5,False,"(*4,6)-3,8,13=(9,7)5(11,14)-1,10-12=2",6,2,12.5,False,"(*4,6)-3,8-13-7-9(11,14,5)-(1,10)=12=2",6,1,12.0,False,,開幕週と同レベルで速めの時計が出る馬場。
201705010304,4,障害4歳以上未勝利,芝,3000,晴,良,11:40,2017-02-04,東京,5,4,6,2010101435,ガチバトル,牡7,60,01069,五十嵐雄,3:24.7,1,2-2-2-2,13.6,2.7,1,466(+4),00420,[東]宗像義忠,513006,吉田喜代司,78.0,"4-6,3,8,9,5,13,11-(10,7)-14,1-12=2",2,1,3.5,False,"4-6,3(8,9)(5,13)11-(10,7)(14,1)-12=2",2,1,3.5,False,"(*4,6)-3,8,13=(9,7)5(11,14)-1,10-12=2",2,2,0.0,False,"(*4,6)-3,8-13-7-9(11,14,5)-(1,10)=12=2",2,2,0.0,False,,開幕週と同レベルで速めの時計が出る馬場。
201705010304,4,障害4歳以上未勝利,芝,3000,晴,良,11:40,2017-02-04,東京,6,8,13,2013105194,モーゼス,牡4,59,01120,大江原圭,3:24.9,1.1/2,7-6-5-5,13.7,9.0,4,526(+12),01012,[東]大江原哲,656033,菊地祐司,,"4-6,3,8,9,5,13,11-(10,7)-14,1-12=2",7,1,11.0,False,"4-6,3(8,9)(5,13)11-(10,7)(14,1)-12=2",6,2,5.0,False,"(*4,6)-3,8,13=(9,7)5(11,14)-1,10-12=2",5,1,6.5,False,"(*4,6)-3,8-13-7-9(11,14,5)-(1,10)=12=2",5,1,8.5,False,,開幕週と同レベルで速めの時計が出る馬場。
201705010304,4,障害4歳以上未勝利,芝,3000,晴,良,11:40,2017-02-04,東京,7,6,10,2013104451,ミヤコノアバランチ,牡4,59,01059,石神深一,3:25.5,3.1/2,9-9-12-11,13.7,22.7,6,486(+4),00436,[東]堀井雅広,308008,吉田都枝江,,"4-6,3,8,9,5,13,11-(10,7)-14,1-12=2",9,2,16.0,False,"4-6,3(8,9)(5,13)11-(10,7)(14,1)-12=2",9,2,8.5,False,"(*4,6)-3,8,13=(9,7)5(11,14)-1,10-12=2",12,1,17.5,False,"(*4,6)-3,8-13-7-9(11,14,5)-(1,10)=12=2",11,2,19.0,False,,開幕週と同レベルで速めの時計が出る馬場。
201705010304,4,障害4歳以上未勝利,芝,3000,晴,良,11:40,2017-02-04,東京,8,8,14,2009102216,トーセンアゲイン,牡8,60,01123,小野寺祐,3:25.8,2,11-11-9-8,13.7,35.8,10,492(+4),00415,[東]菅原泰夫,270006,島川隆哉,,"4-6,3,8,9,5,13,11-(10,7)-14,1-12=2",11,1,19.5,False,"4-6,3(8,9)(5,13)11-(10,7)(14,1)-12=2",11,2,8.5,False,"(*4,6)-3,8,13=(9,7)5(11,14)-1,10-12=2",9,2,12.5,False,"(*4,6)-3,8-13-7-9(11,14,5)-(1,10)=12=2",8,3,15.5,False,,開幕週と同レベルで速めの時計が出る馬場。
201705010304,4,障害4歳以上未勝利,芝,3000,晴,良,11:40,2017-02-04,東京,9,7,11,2010100847,オベレック,牡7,60,01089,高野和馬,3:26.1,1.3/4,8-8-9-8,13.7,123.3,14,490(0),01035,[東]佐藤吉勝,563002,片山博志,,"4-6,3,8,9,5,13,11-(10,7)-14,1-12=2",8,1,12.5,False,"4-6,3(8,9)(5,13)11-(10,7)(14,1)-12=2",8,1,5.0,False,"(*4,6)-3,8,13=(9,7)5(11,14)-1,10-12=2",9,2,12.5,False,"(*4,6)-3,8-13-7-9(11,14,5)-(1,10)=12=2",8,3,15.5,False,,開幕週と同レベルで速めの時計が出る馬場。
201705010304,4,障害4歳以上未勝利,芝,3000,晴,良,11:40,2017-02-04,東京,10,1,1,2013100747,ニシノリュウセイ,牡4,59,01082,鈴木慶太,3:26.2,クビ,12-11-11-11,13.7,29.5,8,422(+4),01029,[東]根本康広,897009,西山茂行,,"4-6,3,8,9,5,13,11-(10,7)-14,1-12=2",12,1,21.0,False,"4-6,3(8,9)(5,13)11-(10,7)(14,1)-12=2",11,2,8.5,False,"(*4,6)-3,8,13=(9,7)5(11,14)-1,10-12=2",11,1,16.0,False,"(*4,6)-3,8-13-7-9(11,14,5)-(1,10)=12=2",11,2,19.0,False,,開幕週と同レベルで速めの時計が出る馬場。
201705010304,4,障害4歳以上未勝利,芝,3000,晴,良,11:40,2017-02-04,東京,11,4,5,2011101451,ワイルドダラー,牡6,60,01052,金子光希,3:26.2,クビ,6-6-8-8,13.7,33.1,9,512(+2),01143,[東]和田雄二,064700,ＨｉｍＲｏｃｋＲａｃ...,,"4-6,3,8,9,5,13,11-(10,7)-14,1-12=2",6,1,9.5,False,"4-6,3(8,9)(5,13)11-(10,7)(14,1)-12=2",6,2,5.0,False,"(*4,6)-3,8,13=(9,7)5(11,14)-1,10-12=2",8,1,12.5,False,"(*4,6)-3,8-13-7-9(11,14,5)-(1,10)=12=2",8,3,15.5,False,,開幕週と同レベルで速めの時計が出る馬場。
201705010304,4,障害4歳以上未勝利,芝,3000,晴,良,11:40,2017-02-04,東京,12,7,12,2013100913,アツコ,牝4,57,01023,江田勇亮,3:27.4,7,13-13-13-13,13.8,39.7,11,502(+12),01152,[東]竹内正洋,044803,由井健太郎,,"4-6,3,8,9,5,13,11-(10,7)-14,1-12=2",13,1,24.5,False,"4-6,3(8,9)(5,13)11-(10,7)(14,1)-12=2",13,1,12.0,False,"(*4,6)-3,8,13=(9,7)5(11,14)-1,10-12=2",13,1,21.0,False,"(*4,6)-3,8-13-7-9(11,14,5)-(1,10)=12=2",13,1,25.0,False,,開幕週と同レベルで速めの時計が出る馬場。
201705010304,4,障害4歳以上未勝利,芝,3000,晴,良,11:40,2017-02-04,東京,13,6,9,2013101866,クラウンスカイ,牡4,59,01087,上野翔,3:29.6,大,5-4-6-7,14.0,67.5,13,470(+14),01125,[東]小野次郎,826800,クラウン,,"4-6,3,8,9,5,13,11-(10,7)-14,1-12=2",5,1,8.0,False,"4-6,3(8,9)(5,13)11-(10,7)(14,1)-12=2",4,2,5.0,False,"(*4,6)-3,8,13=(9,7)5(11,14)-1,10-12=2",6,2,12.5,False,"(*4,6)-3,8-13-7-9(11,14,5)-(1,10)=12=2",7,1,15.5,False,,開幕週と同レベルで速めの時計が出る馬場。
201705010304,4,障害4歳以上未勝利,芝,3000,晴,良,11:40,2017-02-04,東京,14,2,2,2013105713,ミッキーディンドン,牡4,59,01068,蓑島靖典,3:31.7,大,14-14-14-14,14.1,65.2,12,496(+32),01115,[東]菊沢隆徳,441007,野田みづき,,"4-6,3,8,9,5,13,11-(10,7)-14,1-12=2",14,1,30.5,False,"4-6,3(8,9)(5,13)11-(10,7)(14,1)-12=2",14,1,18.0,False,"(*4,6)-3,8,13=(9,7)5(11,14)-1,10-12=2",14,1,27.0,False,"(*4,6)-3,8-13-7-9(11,14,5)-(1,10)=12=2",14,1,31.0,False,,開幕週と同レベルで速めの時計が出る馬場。
201705010305,5,3歳未勝利,芝,1400,晴,良,12:30,2017-02-04,東京,1,4,7,2014106125,モアナ,牝3,54,00422,内田博幸,1:22.1,,4-4,34.5,2.0,1,494(-2),01134,[東]高橋文雅,138007,吉田和美,500.0,,,,,,,,,,,"5-11,6,7-(9,12)-3,13,4,10(1,8,15)-(2,14)16",4,1,6.5,False,"5-11,6,7,9,12,3,13,4(1,10)-(2,8,15)14,16",4,1,6.5,False,-9,開幕週と同レベルで速めの時計が出る馬場。
201705010305,5,3歳未勝利,芝,1400,晴,良,12:30,2017-02-04,東京,2,2,3,2014101538,アイアムビューティ,牝3,54,00660,横山典弘,1:22.5,2.1/2,7-7,34.4,3.8,2,442(-4),01074,[東]奥平雅士,505006,堀紘一,200.0,,,,,,,,,,,"5-11,6,7-(9,12)-3,13,4,10(1,8,15)-(2,14)16",7,1,13.5,False,"5-11,6,7,9,12,3,13,4(1,10)-(2,8,15)14,16",7,1,11.0,False,-9,開幕週と同レベルで速めの時計が出る馬場。
201705010305,5,3歳未勝利,芝,1400,晴,良,12:30,2017-02-04,東京,3,7,13,2014110003,ヴァイスジーニー,牡3,56,01127,丸山元気,1:22.6,1/2,8-8,34.3,41.8,9,506(+10),00353,[東]和田正道,547800,ヒダカ・ブリーダーズ...,130.0,,,,,,,,,,,"5-11,6,7-(9,12)-3,13,4,10(1,8,15)-(2,14)16",8,1,15.0,False,"5-11,6,7,9,12,3,13,4(1,10)-(2,8,15)14,16",8,1,12.5,False,-9,開幕週と同レベルで速めの時計が出る馬場。
201705010305,5,3歳未勝利,芝,1400,晴,良,12:30,2017-02-04,東京,4,3,6,2014106233,ザッツクール,牡3,56,05386,戸崎圭太,1:22.6,ハナ,3-3,35.2,11.8,4,470(+8),01103,[東]尾関知人,790005,吉田勝己,75.0,,,,,,,,,,,"5-11,6,7-(9,12)-3,13,4,10(1,8,15)-(2,14)16",3,1,5.0,False,"5-11,6,7,9,12,3,13,4(1,10)-(2,8,15)14,16",3,1,5.0,False,-9,開幕週と同レベルで速めの時計が出る馬場。
201705010305,5,3歳未勝利,芝,1400,晴,良,12:30,2017-02-04,東京,5,8,16,2014104140,ウィードスピリット,牡3,56,01085,松岡正海,1:23.1,3,16-16,33.9,5.5,3,474(0),01064,[東]武藤善則,252030,落合幸弘,50.0,,,,,,,,,,,"5-11,6,7-(9,12)-3,13,4,10(1,8,15)-(2,14)16",16,1,21.5,False,"5-11,6,7,9,12,3,13,4(1,10)-(2,8,15)14,16",16,1,19.0,False,-9,開幕週と同レベルで速めの時計が出る馬場。
201705010305,5,3歳未勝利,芝,1400,晴,良,12:30,2017-02-04,東京,6,2,4,2014104869,ベルベル,牝3,54,01051,嘉藤貴行,1:23.1,ハナ,9-9,34.7,79.2,11,396(0),01014,[東]高市圭二,629800,ミルファーム,,,,,,,,,,,,"5-11,6,7-(9,12)-3,13,4,10(1,8,15)-(2,14)16",9,1,16.5,False,"5-11,6,7,9,12,3,13,4(1,10)-(2,8,15)14,16",9,1,14.0,False,-9,開幕週と同レベルで速めの時計が出る馬場。
201705010305,5,3歳未勝利,芝,1400,晴,良,12:30,2017-02-04,東京,7,5,9,2014101258,ユイノムテキ,牡3,56,05243,柴山雄一,1:23.4,2,5-5,35.6,24.9,6,480(+8),01133,[東]黒岩陽一,044803,由井健太郎,,,,,,,,,,,,"5-11,6,7-(9,12)-3,13,4,10(1,8,15)-(2,14)16",5,2,10.0,False,"5-11,6,7,9,12,3,13,4(1,10)-(2,8,15)14,16",5,1,8.0,False,-9,開幕週と同レベルで速めの時計が出る馬場。
201705010305,5,3歳未勝利,芝,1400,晴,良,12:30,2017-02-04,東京,8,3,5,2014105930,スプリングゲイル,牝3,54,01077,石橋脩,1:23.4,アタマ,1-1,36.9,26.8,7,460(+12),01097,[東]鹿戸雄一,506800,シルクレーシング,,,,,,,,,,,,"5-11,6,7-(9,12)-3,13,4,10(1,8,15)-(2,14)16",1,1,0.0,False,"5-11,6,7,9,12,3,13,4(1,10)-(2,8,15)14,16",1,1,0.0,False,-9,開幕週と同レベルで速めの時計が出る馬場。
201705010305,5,3歳未勝利,芝,1400,晴,良,12:30,2017-02-04,東京,9,1,1,2014105115,セイソ,牝3,54,00689,江田照男,1:23.6,1.1/2,11-10,35.0,116.9,12,404(+4),01125,[東]小野次郎,629800,ミルファーム,,,,,,,,,,,,"5-11,6,7-(9,12)-3,13,4,10(1,8,15)-(2,14)16",11,3,18.0,False,"5-11,6,7,9,12,3,13,4(1,10)-(2,8,15)14,16",10,2,14.0,False,-9,開幕週と同レベルで速めの時計が出る馬場。
201705010305,5,3歳未勝利,芝,1400,晴,良,12:30,2017-02-04,東京,10,7,14,2014100303,ミッツノオネガイ,牝3,53,01150,石川裕紀,1:23.7,1/2,14-15,34.6,55.6,10,474(+4),01076,[東]小笠倫弘,370008,岡浩二,,,,,,,,,,,,"5-11,6,7-(9,12)-3,13,4,10(1,8,15)-(2,14)16",14,2,21.5,False,"5-11,6,7,9,12,3,13,4(1,10)-(2,8,15)14,16",15,1,17.5,False,-9,開幕週と同レベルで速めの時計が出る馬場。
201705010305,5,3歳未勝利,芝,1400,晴,良,12:30,2017-02-04,東京,11,1,2,2014101891,カガエクリプス,牡3,56,01004,西田雄一,1:23.8,クビ,14-12,34.8,33.3,8,534(0),01024,[東]萱野浩二,700006,香川憲次,,,,,,,,,,,,"5-11,6,7-(9,12)-3,13,4,10(1,8,15)-(2,14)16",14,2,21.5,False,"5-11,6,7,9,12,3,13,4(1,10)-(2,8,15)14,16",12,3,17.5,False,-9,開幕週と同レベルで速めの時計が出る馬場。
201705010305,5,3歳未勝利,芝,1400,晴,良,12:30,2017-02-04,東京,12,4,8,2014109045,スズカサニーサイド,牝3,51,01161,菊沢一樹,1:23.8,クビ,11-12,34.9,128.2,13,426(+12),00380,[東]柄崎孝,382004,永井啓弍,,,,,,,,,,,,"5-11,6,7-(9,12)-3,13,4,10(1,8,15)-(2,14)16",11,3,18.0,False,"5-11,6,7,9,12,3,13,4(1,10)-(2,8,15)14,16",12,3,17.5,False,-9,開幕週と同レベルで速めの時計が出る馬場。
201705010305,5,3歳未勝利,芝,1400,晴,良,12:30,2017-02-04,東京,13,6,12,2014101546,ダイヤモンドリボン,牝3,52,01153,木幡初也,1:24.5,4,5-6,36.5,310.7,15,438(-2),01108,[東]矢野英一,015008,青山洋一,,,,,,,,,,,,"5-11,6,7-(9,12)-3,13,4,10(1,8,15)-(2,14)16",5,2,10.0,False,"5-11,6,7,9,12,3,13,4(1,10)-(2,8,15)14,16",6,1,9.5,False,-9,開幕週と同レベルで速めの時計が出る馬場。
201705010305,5,3歳未勝利,芝,1400,晴,良,12:30,2017-02-04,東京,14,6,11,2014104131,ベルビュー,牝3,53,01142,長岡禎仁,1:24.7,1,2-2,37.5,20.3,5,430(-4),01134,[東]高橋文雅,032800,ローレルレーシング,,,,,,,,,,,,"5-11,6,7-(9,12)-3,13,4,10(1,8,15)-(2,14)16",2,1,3.5,False,"5-11,6,7,9,12,3,13,4(1,10)-(2,8,15)14,16",2,1,3.5,False,-9,開幕週と同レベルで速めの時計が出る馬場。
201705010305,5,3歳未勝利,芝,1400,晴,良,12:30,2017-02-04,東京,15,5,10,2014105546,エクスミッション,牝3,51,01158,野中悠太,1:24.9,1.1/4,10-10,36.3,426.4,16,400(0),01029,[東]根本康広,230008,有馬博文,,,,,,,,,,,,"5-11,6,7-(9,12)-3,13,4,10(1,8,15)-(2,14)16",10,1,18.0,False,"5-11,6,7,9,12,3,13,4(1,10)-(2,8,15)14,16",10,2,14.0,False,-9,開幕週と同レベルで速めの時計が出る馬場。
201705010305,5,3歳未勝利,芝,1400,晴,良,12:30,2017-02-04,東京,16,8,15,2014101771,スフェリスティリオ,牡3,56,01025,勝浦正樹,1:24.9,クビ,11-12,36.0,176.4,14,478(-4),01054,[東]戸田博文,005060,大谷正嗣,,,,,,,,,,,,"5-11,6,7-(9,12)-3,13,4,10(1,8,15)-(2,14)16",11,3,18.0,False,"5-11,6,7,9,12,3,13,4(1,10)-(2,8,15)14,16",12,3,17.5,False,-9,開幕週と同レベルで速めの時計が出る馬場。
201705010306,6,3歳新馬,芝,1800,晴,良,13:00,2017-02-04,東京,1,8,15,2014105051,ピサノベルベット,牝3,54,01085,松岡正海,1:49.6,,6-10-9,33.9,78.4,11,450(0),01153,[東]中舘英二,010803,市川義美ホールディン...,600.0,,,,,,"(*3,8,11,14)16(1,15)(6,10,12)-(4,9,13)5-(2,7)",6,2,0.0,False,"3,8(1,11)(6,14)(10,12,16)(4,15,9)(5,13)2-7",10,3,1.5,False,"3(8,11,14)(1,6,12,16)(10,15)9(4,5,13)2-7",9,2,0.0,False,-9,開幕週と同レベルで速めの時計が出る馬場。
201705010306,6,3歳新馬,芝,1800,晴,良,13:00,2017-02-04,東京,2,3,5,2014105351,イムノス,牡3,56,01096,大野拓弥,1:49.6,ハナ,14-13-12,33.6,20.9,7,400(0),01103,[東]尾関知人,226800,サンデーレーシング,240.0,,,,,,"(*3,8,11,14)16(1,15)(6,10,12)-(4,9,13)5-(2,7)",14,1,3.5,False,"3,8(1,11)(6,14)(10,12,16)(4,15,9)(5,13)2-7",13,2,1.5,False,"3(8,11,14)(1,6,12,16)(10,15)9(4,5,13)2-7",12,3,0.0,False,-9,開幕週と同レベルで速めの時計が出る馬場。
201705010306,6,3歳新馬,芝,1800,晴,良,13:00,2017-02-04,東京,3,2,4,2014105470,レーヌジャルダン,牝3,54,01127,丸山元気,1:49.6,クビ,11-10-12,33.6,39.5,8,454(0),01118,[東]高柳瑞樹,148800,グリーンファーム,150.0,,,,,,"(*3,8,11,14)16(1,15)(6,10,12)-(4,9,13)5-(2,7)",11,3,3.5,False,"3,8(1,11)(6,14)(10,12,16)(4,15,9)(5,13)2-7",10,3,1.5,False,"3(8,11,14)(1,6,12,16)(10,15)9(4,5,13)2-7",12,3,0.0,False,-9,開幕週と同レベルで速めの時計が出る馬場。
201705010306,6,3歳新馬,芝,1800,晴,良,13:00,2017-02-04,東京,4,8,16,2014104831,スイーズドリームス,牡3,56,01057,畑端省吾,1:49.6,ハナ,5-7-5,34.2,4.8,3,502(0),01105,[西]須貝尚介,858800,大塚亮一,90.0,,,,,,"(*3,8,11,14)16(1,15)(6,10,12)-(4,9,13)5-(2,7)",5,1,0.0,False,"3,8(1,11)(6,14)(10,12,16)(4,15,9)(5,13)2-7",7,3,1.5,False,"3(8,11,14)(1,6,12,16)(10,15)9(4,5,13)2-7",5,4,0.0,False,-9,開幕週と同レベルで速めの時計が出る馬場。
201705010306,6,3歳新馬,芝,1800,晴,良,13:00,2017-02-04,東京,5,5,10,2014104267,ブラックギムレット,牡3,56,00422,内田博幸,1:49.8,1,8-7-9,34.1,45.9,10,454(0),01007,[東]柴田政人,627007,黒澤尚,60.0,,,,,,"(*3,8,11,14)16(1,15)(6,10,12)-(4,9,13)5-(2,7)",8,3,0.0,False,"3,8(1,11)(6,14)(10,12,16)(4,15,9)(5,13)2-7",7,3,1.5,False,"3(8,11,14)(1,6,12,16)(10,15)9(4,5,13)2-7",9,2,0.0,False,-9,開幕週と同レベルで速めの時計が出る馬場。
201705010306,6,3歳新馬,芝,1800,晴,良,13:00,2017-02-04,東京,6,3,6,2014105802,モクレレ,牡3,56,05386,戸崎圭太,1:49.8,クビ,8-5-5,34.4,4.0,2,490(0),00399,[東]国枝栄,708800,金子真人ホールディン...,,,,,,,"(*3,8,11,14)16(1,15)(6,10,12)-(4,9,13)5-(2,7)",8,3,0.0,False,"3,8(1,11)(6,14)(10,12,16)(4,15,9)(5,13)2-7",5,2,1.5,False,"3(8,11,14)(1,6,12,16)(10,15)9(4,5,13)2-7",5,4,0.0,False,-9,開幕週と同レベルで速めの時計が出る馬場。
201705010306,6,3歳新馬,芝,1800,晴,良,13:00,2017-02-04,東京,7,7,13,2014104542,ミヤビエメライン,牝3,52,01153,木幡初也,1:50.0,1.1/4,11-13-12,34.0,127.8,13,430(0),01068,[東]小島茂之,127002,村上義勝,,,,,,,"(*3,8,11,14)16(1,15)(6,10,12)-(4,9,13)5-(2,7)",11,3,3.5,False,"3,8(1,11)(6,14)(10,12,16)(4,15,9)(5,13)2-7",13,2,1.5,False,"3(8,11,14)(1,6,12,16)(10,15)9(4,5,13)2-7",12,3,0.0,False,-9,開幕週と同レベルで速めの時計が出る馬場。
201705010306,6,3歳新馬,芝,1800,晴,良,13:00,2017-02-04,東京,8,1,1,2014103237,トウカイリオナ,牝3,54,00684,田中勝春,1:50.0,ハナ,6-3-5,34.6,228.1,15,440(0),01052,[東]菊川正達,695004,内村正則,,,,,,,"(*3,8,11,14)16(1,15)(6,10,12)-(4,9,13)5-(2,7)",6,2,0.0,False,"3,8(1,11)(6,14)(10,12,16)(4,15,9)(5,13)2-7",3,2,1.5,False,"3(8,11,14)(1,6,12,16)(10,15)9(4,5,13)2-7",5,4,0.0,False,-9,開幕週と同レベルで速めの時計が出る馬場。
201705010306,6,3歳新馬,芝,1800,晴,良,13:00,2017-02-04,東京,9,5,9,2014104073,ヴィクトリアレーヴ,牝3,54,01075,田辺裕信,1:50.0,ハナ,11-10-11,34.2,40.0,9,418(0),00423,[東]上原博之,858800,大塚亮一,,,,,,,"(*3,8,11,14)16(1,15)(6,10,12)-(4,9,13)5-(2,7)",11,3,3.5,False,"3,8(1,11)(6,14)(10,12,16)(4,15,9)(5,13)2-7",10,3,1.5,False,"3(8,11,14)(1,6,12,16)(10,15)9(4,5,13)2-7",11,1,0.0,False,-9,開幕週と同レベルで速めの時計が出る馬場。
201705010306,6,3歳新馬,芝,1800,晴,良,13:00,2017-02-04,東京,10,6,12,2014103189,エメラルスター,牡3,55,01150,石川裕紀,1:50.0,クビ,8-7-5,34.6,17.2,6,458(0),01020,[東]相沢郁,630006,高橋勉,,,,,,,"(*3,8,11,14)16(1,15)(6,10,12)-(4,9,13)5-(2,7)",8,3,0.0,False,"3,8(1,11)(6,14)(10,12,16)(4,15,9)(5,13)2-7",7,3,1.5,False,"3(8,11,14)(1,6,12,16)(10,15)9(4,5,13)2-7",5,4,0.0,False,-9,開幕週と同レベルで速めの時計が出る馬場。
201705010306,6,3歳新馬,芝,1800,晴,良,13:00,2017-02-04,東京,11,1,2,2014105465,エンターティナー,牡3,56,01077,石橋脩,1:50.0,ハナ,15-15-15,33.8,14.9,5,490(0),01070,[東]堀宣行,063803,諸江幸祐,,,,,,,"(*3,8,11,14)16(1,15)(6,10,12)-(4,9,13)5-(2,7)",15,2,7.0,False,"3,8(1,11)(6,14)(10,12,16)(4,15,9)(5,13)2-7",15,1,1.5,False,"3(8,11,14)(1,6,12,16)(10,15)9(4,5,13)2-7",15,1,0.0,False,-9,開幕週と同レベルで速めの時計が出る馬場。
201705010306,6,3歳新馬,芝,1800,晴,良,13:00,2017-02-04,東京,12,7,14,2014105761,レッドヴィクター,牡3,56,01043,北村宏司,1:50.2,1.1/4,2-5-2,35.0,2.7,1,438(0),00386,[東]藤沢和雄,180800,東京ホースレーシング,,,,,,,"(*3,8,11,14)16(1,15)(6,10,12)-(4,9,13)5-(2,7)",2,4,0.0,False,"3,8(1,11)(6,14)(10,12,16)(4,15,9)(5,13)2-7",5,2,1.5,False,"3(8,11,14)(1,6,12,16)(10,15)9(4,5,13)2-7",2,3,0.0,False,-9,開幕週と同レベルで速めの時計が出る馬場。
201705010306,6,3歳新馬,芝,1800,晴,良,13:00,2017-02-04,東京,13,2,3,2014105797,ナンヨービーナス,牝3,54,01095,吉田隼人,1:50.4,1,1-1-1,35.3,6.8,4,500(0),01086,[東]斎藤誠,512031,中村徳也,,,,,,,"(*3,8,11,14)16(1,15)(6,10,12)-(4,9,13)5-(2,7)",1,4,0.0,True,"3,8(1,11)(6,14)(10,12,16)(4,15,9)(5,13)2-7",1,1,0.0,False,"3(8,11,14)(1,6,12,16)(10,15)9(4,5,13)2-7",1,1,0.0,False,-9,開幕週と同レベルで速めの時計が出る馬場。
201705010306,6,3歳新馬,芝,1800,晴,良,13:00,2017-02-04,東京,14,4,8,2014103854,ピジョンレッド,牝3,52,01162,木幡巧也,1:51.2,5,2-2-2,36.0,154.9,14,400(0),01027,[東]田村康仁,013803,ディアレストクラブ,,,,,,,"(*3,8,11,14)16(1,15)(6,10,12)-(4,9,13)5-(2,7)",2,4,0.0,False,"3,8(1,11)(6,14)(10,12,16)(4,15,9)(5,13)2-7",2,1,1.5,False,"3(8,11,14)(1,6,12,16)(10,15)9(4,5,13)2-7",2,3,0.0,False,-9,開幕週と同レベルで速めの時計が出る馬場。
201705010306,6,3歳新馬,芝,1800,晴,良,13:00,2017-02-04,東京,15,6,11,2014104977,カクタスバンガー,牡3,56,01117,丸田恭介,1:51.4,1.1/4,2-3-2,36.2,100.3,12,462(0),01102,[東]大竹正博,547800,ヒダカ・ブリーダーズ...,,,,,,,"(*3,8,11,14)16(1,15)(6,10,12)-(4,9,13)5-(2,7)",2,4,0.0,False,"3,8(1,11)(6,14)(10,12,16)(4,15,9)(5,13)2-7",3,2,1.5,False,"3(8,11,14)(1,6,12,16)(10,15)9(4,5,13)2-7",2,3,0.0,False,-9,開幕週と同レベルで速めの時計が出る馬場。
201705010306,6,3歳新馬,芝,1800,晴,良,13:00,2017-02-04,東京,16,4,7,2014103997,ムードン,牝3,54,01009,柴田大知,1:53.2,大,15-16-16,36.5,321.2,16,482(0),01109,[東]伊藤大士,789002,北山敏隆,,,,,,,"(*3,8,11,14)16(1,15)(6,10,12)-(4,9,13)5-(2,7)",15,2,7.0,False,"3,8(1,11)(6,14)(10,12,16)(4,15,9)(5,13)2-7",16,1,5.0,False,"3(8,11,14)(1,6,12,16)(10,15)9(4,5,13)2-7",16,1,3.5,False,-9,開幕週と同レベルで速めの時計が出る馬場。
201705010307,7,3歳500万下,ダ,1400,晴,良,13:30,2017-02-04,東京,1,8,15,2014104553,キャプテンキング,牡3,53,01158,野中悠太,1:24.9,,13-12,35.5,6.0,3,486(+2),01077,[東]加藤和宏,832008,平本敏夫,720.0,,,,,,,,,,,"5(8,9,10)(4,6,16)(7,14)11,1,2,15-(3,13,12)",13,1,4.5,False,"10(5,8)(4,9)(6,16)(7,14)(1,11)(3,2,15)(13,12)",12,3,0.0,False,3,
201705010307,7,3歳500万下,ダ,1400,晴,良,13:30,2017-02-04,東京,2,5,10,2014105724,ハットラブ,牝3,51,01161,菊沢一樹,1:25.4,3,2-1,37.2,56.2,14,464(+8),01115,[東]菊沢隆徳,916033,服部邦繁,290.0,,,,,,,,,,,"5(8,9,10)(4,6,16)(7,14)11,1,2,15-(3,13,12)",2,3,0.0,False,"10(5,8)(4,9)(6,16)(7,14)(1,11)(3,2,15)(13,12)",1,1,0.0,False,3,
201705010307,7,3歳500万下,ダ,1400,晴,良,13:30,2017-02-04,東京,3,2,3,2014102135,サンマルライバル,牡3,56,00660,横山典弘,1:25.7,2,14-12,36.3,11.9,5,480(+6),01035,[東]佐藤吉勝,580007,相馬勇,180.0,,,,,,,,,,,"5(8,9,10)(4,6,16)(7,14)11,1,2,15-(3,13,12)",14,3,8.0,False,"10(5,8)(4,9)(6,16)(7,14)(1,11)(3,2,15)(13,12)",12,3,0.0,False,3,
201705010307,7,3歳500万下,ダ,1400,晴,良,13:30,2017-02-04,東京,4,7,14,2014110088,ミセスワタナベ,牝3,54,05386,戸崎圭太,1:25.8,1/2,8-8,36.8,2.3,1,488(0),01126,[東]木村哲也,151006,吉田和子,110.0,,,,,,,,,,,"5(8,9,10)(4,6,16)(7,14)11,1,2,15-(3,13,12)",8,2,0.0,False,"10(5,8)(4,9)(6,16)(7,14)(1,11)(3,2,15)(13,12)",8,2,0.0,False,3,
201705010307,7,3歳500万下,ダ,1400,晴,良,13:30,2017-02-04,東京,5,1,1,2014102016,クーリュ,牝3,54,01095,吉田隼人,1:25.8,クビ,11-10,36.6,44.3,11,460(-6),00428,[東]石毛善彦,542800,ライオンレースホース,72.0,,,,,,,,,,,"5(8,9,10)(4,6,16)(7,14)11,1,2,15-(3,13,12)",11,1,1.5,False,"10(5,8)(4,9)(6,16)(7,14)(1,11)(3,2,15)(13,12)",10,2,0.0,False,3,
201705010307,7,3歳500万下,ダ,1400,晴,良,13:30,2017-02-04,東京,6,4,8,2014102200,アフターバーナー,牡3,56,00422,内田博幸,1:25.9,クビ,2-2,37.6,5.3,2,508(+4),01023,[東]伊藤圭三,003060,Ｈ．Ｈ．シェイク・モ...,,,,,,,,,,,,"5(8,9,10)(4,6,16)(7,14)11,1,2,15-(3,13,12)",2,3,0.0,False,"10(5,8)(4,9)(6,16)(7,14)(1,11)(3,2,15)(13,12)",2,2,0.0,False,3,
201705010307,7,3歳500万下,ダ,1400,晴,良,13:30,2017-02-04,東京,7,3,5,2014110113,アニマルインミー,牡3,56,01075,田辺裕信,1:26.5,3.1/2,1-2,38.2,9.6,4,492(0),01068,[東]小島茂之,732033,田記正規,,,,,,,,,,,,"5(8,9,10)(4,6,16)(7,14)11,1,2,15-(3,13,12)",1,1,0.0,False,"10(5,8)(4,9)(6,16)(7,14)(1,11)(3,2,15)(13,12)",2,2,0.0,False,3,
201705010307,7,3歳500万下,ダ,1400,晴,良,13:30,2017-02-04,東京,8,1,2,2014102262,ミスパイロ,牝3,54,01085,松岡正海,1:26.9,2.1/2,12-12,37.5,21.7,6,468(0),00421,[東]浅野洋一,493006,村田哲朗,,,,,,,,,,,,"5(8,9,10)(4,6,16)(7,14)11,1,2,15-(3,13,12)",12,1,3.0,False,"10(5,8)(4,9)(6,16)(7,14)(1,11)(3,2,15)(13,12)",12,3,0.0,False,3,
201705010307,7,3歳500万下,ダ,1400,晴,良,13:30,2017-02-04,東京,9,2,4,2014104262,ファンヴィー,牡3,56,01043,北村宏司,1:26.9,アタマ,5-4,38.2,36.6,9,526(+10),01133,[東]黒岩陽一,054006,猿田栄二,,,,,,,,,,,,"5(8,9,10)(4,6,16)(7,14)11,1,2,15-(3,13,12)",5,3,0.0,False,"10(5,8)(4,9)(6,16)(7,14)(1,11)(3,2,15)(13,12)",4,2,0.0,False,3,
201705010307,7,3歳500万下,ダ,1400,晴,良,13:30,2017-02-04,東京,10,8,16,2014101991,モンサンルリアン,牡3,54,01162,木幡巧也,1:26.9,アタマ,5-6,38.0,56.2,15,492(-12),01106,[東]牧光二,919002,山下新一,,,,,,,,,,,,"5(8,9,10)(4,6,16)(7,14)11,1,2,15-(3,13,12)",5,3,0.0,False,"10(5,8)(4,9)(6,16)(7,14)(1,11)(3,2,15)(13,12)",6,2,0.0,False,3,
201705010307,7,3歳500万下,ダ,1400,晴,良,13:30,2017-02-04,東京,11,4,7,2014101590,シャイニードライヴ,牡3,54,01151,井上敏樹,1:27.0,1/2,8-8,38.0,23.4,7,452(+8),00349,[東]尾形充弘,531006,小林昌志,,,,,,,,,,,,"5(8,9,10)(4,6,16)(7,14)11,1,2,15-(3,13,12)",8,2,0.0,False,"10(5,8)(4,9)(6,16)(7,14)(1,11)(3,2,15)(13,12)",8,2,0.0,False,3,
201705010307,7,3歳500万下,ダ,1400,晴,良,13:30,2017-02-04,東京,12,5,9,2014102185,ジョイフル,牡3,56,05243,柴山雄一,1:27.3,1.3/4,2-4,38.7,37.4,10,506(+10),01013,[東]小島太,003060,Ｈ．Ｈ．シェイク・モ...,,,,,,,,,,,,"5(8,9,10)(4,6,16)(7,14)11,1,2,15-(3,13,12)",2,3,0.0,False,"10(5,8)(4,9)(6,16)(7,14)(1,11)(3,2,15)(13,12)",4,2,0.0,False,3,
201705010307,7,3歳500万下,ダ,1400,晴,良,13:30,2017-02-04,東京,13,7,13,2014104487,トロピカルスパート,牝3,54,01077,石橋脩,1:27.9,3.1/2,14-15,38.2,47.6,12,476(+4),01134,[東]高橋文雅,598002,日向均,,,,,,,,,,,,"5(8,9,10)(4,6,16)(7,14)11,1,2,15-(3,13,12)",14,3,8.0,False,"10(5,8)(4,9)(6,16)(7,14)(1,11)(3,2,15)(13,12)",15,2,0.0,False,3,
201705010307,7,3歳500万下,ダ,1400,晴,良,13:30,2017-02-04,東京,14,3,6,2014101753,サノラブ,牝3,54,01025,勝浦正樹,1:28.3,2.1/2,5-6,39.4,58.9,16,458(+4),01141,[東]尾形和幸,735033,佐野信幸,,,,,,,,,,,,"5(8,9,10)(4,6,16)(7,14)11,1,2,15-(3,13,12)",5,3,0.0,False,"10(5,8)(4,9)(6,16)(7,14)(1,11)(3,2,15)(13,12)",6,2,0.0,False,3,
201705010307,7,3歳500万下,ダ,1400,晴,良,13:30,2017-02-04,東京,15,6,11,2014100309,マコトパパヴェロ,牝3,54,01092,津村明秀,1:28.3,クビ,10-10,39.1,50.0,13,474(+8),01051,[東]岩戸孝樹,864800,ディアマント,,,,,,,,,,,,"5(8,9,10)(4,6,16)(7,14)11,1,2,15-(3,13,12)",10,1,0.0,False,"10(5,8)(4,9)(6,16)(7,14)(1,11)(3,2,15)(13,12)",10,2,0.0,False,3,
201705010307,7,3歳500万下,ダ,1400,晴,良,13:30,2017-02-04,東京,16,6,12,2014101319,ヘヴンウェイ,牡3,55,01150,石川裕紀,1:28.5,3/4,14-15,38.8,36.5,8,484(-2),01129,[西]高橋義忠,258033,野嶋祥二,,,,,,,,,,,,"5(8,9,10)(4,6,16)(7,14)11,1,2,15-(3,13,12)",14,3,8.0,False,"10(5,8)(4,9)(6,16)(7,14)(1,11)(3,2,15)(13,12)",15,2,0.0,False,3,
201705010308,8,4歳以上500万下,ダ,1600,晴,良,14:01,2017-02-04,東京,1,4,7,2013103514,ベバスカーン,牡4,57,01043,北村宏司,1:37.7,,6-6,36.9,13.3,7,542(+4),01047,[東]勢司和浩,075800,千明牧場,750.0,,,,,,,,,,,"9,11,15-(6,8)(1,7)-5,10(2,16)3(13,14)(4,12)",6,2,6.5,False,"9,11-15,6,8(1,7)-(10,2,16)(3,14)(4,13,12)5",6,2,8.0,False,3,
201705010308,8,4歳以上500万下,ダ,1600,晴,良,14:01,2017-02-04,東京,2,6,11,2013101246,スケールアップ,牡4,56,01150,石川裕紀,1:37.7,クビ,2-2,37.8,9.0,5,506(-2),01080,[東]清水英克,530007,高岡義雄,300.0,,,,,,,,,,,"9,11,15-(6,8)(1,7)-5,10(2,16)3(13,14)(4,12)",2,1,1.5,False,"9,11-15,6,8(1,7)-(10,2,16)(3,14)(4,13,12)5",2,1,1.5,False,3,
201705010308,8,4歳以上500万下,ダ,1600,晴,良,14:01,2017-02-04,東京,3,8,15,2013106010,カンタオール,セ4,57,00422,内田博幸,1:37.8,1/2,3-3,37.6,3.3,1,460(-2),01127,[東]栗田徹,486800,キャロットファーム,190.0,,,,,,,,,,,"9,11,15-(6,8)(1,7)-5,10(2,16)3(13,14)(4,12)",3,1,3.0,False,"9,11-15,6,8(1,7)-(10,2,16)(3,14)(4,13,12)5",3,1,5.0,False,3,
201705010308,8,4歳以上500万下,ダ,1600,晴,良,14:01,2017-02-04,東京,4,2,3,2013102209,プライズコレクター,牡4,57,01075,田辺裕信,1:38.3,3,12-11,36.8,9.6,6,492(+4),01103,[東]尾関知人,040803,明栄商事,110.0,,,,,,,,,,,"9,11,15-(6,8)(1,7)-5,10(2,16)3(13,14)(4,12)",12,1,11.5,False,"9,11-15,6,8(1,7)-(10,2,16)(3,14)(4,13,12)5",11,2,11.5,False,3,
201705010308,8,4歳以上500万下,ダ,1600,晴,良,14:01,2017-02-04,東京,5,1,1,2013104621,コマノグランデ,牡4,56,01142,長岡禎仁,1:38.6,1.3/4,6-6,37.8,95.1,14,520(+38),00409,[東]二ノ宮敬,581007,長谷川芳信,75.0,,,,,,,,,,,"9,11,15-(6,8)(1,7)-5,10(2,16)3(13,14)(4,12)",6,2,6.5,False,"9,11-15,6,8(1,7)-(10,2,16)(3,14)(4,13,12)5",6,2,8.0,False,3,
201705010308,8,4歳以上500万下,ダ,1600,晴,良,14:01,2017-02-04,東京,6,2,4,2013103551,カズノテイオー,牡4,57,01096,大野拓弥,1:38.6,アタマ,15-13,36.8,6.9,4,480(-2),01027,[東]田村康仁,457004,鈴木可一,,,,,,,,,,,,"9,11,15-(6,8)(1,7)-5,10(2,16)3(13,14)(4,12)",15,2,11.5,False,"9,11-15,6,8(1,7)-(10,2,16)(3,14)(4,13,12)5",13,3,11.5,False,3,
201705010308,8,4歳以上500万下,ダ,1600,晴,良,14:01,2017-02-04,東京,7,4,8,2012104538,レレマーマ,牡5,57,05386,戸崎圭太,1:38.6,アタマ,4-5,38.0,4.7,2,548(+2),00399,[東]国枝栄,708800,金子真人ホールディン...,,,,,,,,,,,,"9,11,15-(6,8)(1,7)-5,10(2,16)3(13,14)(4,12)",4,2,6.5,False,"9,11-15,6,8(1,7)-(10,2,16)(3,14)(4,13,12)5",5,1,8.0,False,3,
201705010308,8,4歳以上500万下,ダ,1600,晴,良,14:01,2017-02-04,東京,8,3,6,2013103448,スフェーン,牡4,57,01127,丸山元気,1:38.8,3/4,4-4,38.4,36.7,9,446(0),00405,[東]小西一男,051700,キャピタルクラブ,,,,,,,,,,,,"9,11,15-(6,8)(1,7)-5,10(2,16)3(13,14)(4,12)",4,2,6.5,False,"9,11-15,6,8(1,7)-(10,2,16)(3,14)(4,13,12)5",4,1,6.5,False,3,
201705010308,8,4歳以上500万下,ダ,1600,晴,良,14:01,2017-02-04,東京,9,7,13,2012102816,デストリーライズ,牡5,57,01085,松岡正海,1:38.9,1/2,13-13,37.2,43.4,10,512(0),01097,[東]鹿戸雄一,553800,広尾レース,,,,,,,,,,,,"9,11,15-(6,8)(1,7)-5,10(2,16)3(13,14)(4,12)",13,2,11.5,False,"9,11-15,6,8(1,7)-(10,2,16)(3,14)(4,13,12)5",13,3,11.5,False,3,
201705010308,8,4歳以上500万下,ダ,1600,晴,良,14:01,2017-02-04,東京,10,5,9,2013102549,ミュゼリバイアサン,牡4,54,01158,野中悠太,1:39.0,3/4,1-1,39.4,54.9,11,516(-6),01133,[東]黒岩陽一,656033,菊地祐司,,,,,,,,,,,,"9,11,15-(6,8)(1,7)-5,10(2,16)3(13,14)(4,12)",1,1,0.0,False,"9,11-15,6,8(1,7)-(10,2,16)(3,14)(4,13,12)5",1,1,0.0,False,3,
201705010308,8,4歳以上500万下,ダ,1600,晴,良,14:01,2017-02-04,東京,11,6,12,2013105443,ホウオウレックス,牡4,57,01095,吉田隼人,1:39.0,ハナ,15-13,37.2,87.3,13,520(+6),01150,[東]池上昌和,906033,小笹芳央,,,,,,,,,,,,"9,11,15-(6,8)(1,7)-5,10(2,16)3(13,14)(4,12)",15,2,11.5,False,"9,11-15,6,8(1,7)-(10,2,16)(3,14)(4,13,12)5",13,3,11.5,False,3,
201705010308,8,4歳以上500万下,ダ,1600,晴,良,14:01,2017-02-04,東京,12,7,14,2012101246,パブリックフレンド,牡5,57,00684,田中勝春,1:39.1,クビ,13-11,37.7,25.3,8,474(+4),00420,[東]宗像義忠,770006,西城公雄,,,,,,,,,,,,"9,11,15-(6,8)(1,7)-5,10(2,16)3(13,14)(4,12)",13,2,11.5,False,"9,11-15,6,8(1,7)-(10,2,16)(3,14)(4,13,12)5",11,2,11.5,False,3,
201705010308,8,4歳以上500万下,ダ,1600,晴,良,14:01,2017-02-04,東京,13,8,16,2012101317,ラインフェルス,牡5,57,01077,石橋脩,1:39.2,1/2,10-8,38.0,6.4,3,488(-2),01086,[東]斎藤誠,338007,村野康司,,,,,,,,,,,,"9,11,15-(6,8)(1,7)-5,10(2,16)3(13,14)(4,12)",10,2,11.5,False,"9,11-15,6,8(1,7)-(10,2,16)(3,14)(4,13,12)5",8,3,11.5,False,3,
201705010308,8,4歳以上500万下,ダ,1600,晴,良,14:01,2017-02-04,東京,14,5,10,2012105341,サンジャクソン,牡5,57,05243,柴山雄一,1:39.5,1.3/4,9-8,38.2,139.7,15,506(+6),00386,[東]藤沢和雄,059803,加藤ステーブル,,,,,,,,,,,,"9,11,15-(6,8)(1,7)-5,10(2,16)3(13,14)(4,12)",9,1,11.5,False,"9,11-15,6,8(1,7)-(10,2,16)(3,14)(4,13,12)5",8,3,11.5,False,3,
201705010308,8,4歳以上500万下,ダ,1600,晴,良,14:01,2017-02-04,東京,15,1,2,2012101380,アキトプレスト,セ5,57,01009,柴田大知,1:40.4,5,10-8,39.2,80.8,12,502(+4),01106,[東]牧光二,475033,岡田昭利,,,,,,,,,,,,"9,11,15-(6,8)(1,7)-5,10(2,16)3(13,14)(4,12)",10,2,11.5,False,"9,11-15,6,8(1,7)-(10,2,16)(3,14)(4,13,12)5",8,3,11.5,False,3,
201705010308,8,4歳以上500万下,ダ,1600,晴,良,14:01,2017-02-04,東京,16,3,5,2011106613,リトル,牝6,53,01151,井上敏樹,1:41.1,4,8-16,39.1,382.7,16,448(-10),01005,[東]小桧山悟,238009,柴原榮,,,,,,,,,,,,"9,11,15-(6,8)(1,7)-5,10(2,16)3(13,14)(4,12)",8,1,10.0,False,"9,11-15,6,8(1,7)-(10,2,16)(3,14)(4,13,12)5",16,1,11.5,False,3,
201705010309,9,ゆりかもめ賞(1勝),芝,2400,晴,良,14:35,2017-02-04,東京,1,1,1,2014105836,ダノンキングダム,牡3,56,05386,戸崎圭太,2:26.1,,1-2-2-2,34.9,4.0,2,476(-6),00438,[西]安田隆行,619800,ダノックス,"1,018.9","1,3-(4,5)7(6,8)-2",1,1,0.0,False,"(1,*3)-(4,5)7(6,8)=2",2,2,0.0,False,"3-(1,5)4,7,6,8-2",2,2,3.5,False,"3(1,5)4,7(6,8)-2",2,2,0.0,False,-9,開幕週と同レベルで速めの時計が出る馬場。
201705010309,9,ゆりかもめ賞(1勝),芝,2400,晴,良,14:35,2017-02-04,東京,2,8,8,2014100208,ウインイクシード,牡3,56,01085,松岡正海,2:26.1,ハナ,6-6-7-6,34.5,12.4,6,480(-4),01026,[東]鈴木伸尋,494800,ウイン,405.4,"1,3-(4,5)7(6,8)-2",6,2,5.0,False,"(1,*3)-(4,5)7(6,8)=2",6,2,3.5,False,"3-(1,5)4,7,6,8-2",7,1,8.0,False,"3(1,5)4,7(6,8)-2",6,2,1.5,False,-9,開幕週と同レベルで速めの時計が出る馬場。
201705010309,9,ゆりかもめ賞(1勝),芝,2400,晴,良,14:35,2017-02-04,東京,3,4,4,2014106040,レジェンドセラー,牡3,56,00422,内田博幸,2:26.2,3/4,3-3-4-4,34.8,2.3,1,524(+10),01126,[東]木村哲也,808800,Ｇ１レーシング,252.7,"1,3-(4,5)7(6,8)-2",3,2,5.0,False,"(1,*3)-(4,5)7(6,8)=2",3,2,3.5,False,"3-(1,5)4,7,6,8-2",4,1,3.5,False,"3(1,5)4,7(6,8)-2",4,1,0.0,False,-9,開幕週と同レベルで速めの時計が出る馬場。
201705010309,9,ゆりかもめ賞(1勝),芝,2400,晴,良,14:35,2017-02-04,東京,4,2,2,2014105787,ムーンザムーン,牝3,54,01096,大野拓弥,2:26.4,1.1/4,8-8-8-8,34.4,10.4,5,458(0),00423,[東]上原博之,675030,林正道,150.0,"1,3-(4,5)7(6,8)-2",8,1,8.5,False,"(1,*3)-(4,5)7(6,8)=2",8,1,9.5,False,"3-(1,5)4,7,6,8-2",8,1,11.5,False,"3(1,5)4,7(6,8)-2",8,1,5.0,False,-9,開幕週と同レベルで速めの時計が出る馬場。
201705010309,9,ゆりかもめ賞(1勝),芝,2400,晴,良,14:35,2017-02-04,東京,5,7,7,2014105853,アーザムブルー,牡3,56,05243,柴山雄一,2:26.5,1/2,5-5-5-5,35.0,5.0,3,430(-6),01054,[東]戸田博文,506800,シルクレーシング,100.0,"1,3-(4,5)7(6,8)-2",5,1,5.0,False,"(1,*3)-(4,5)7(6,8)=2",5,1,3.5,False,"3-(1,5)4,7,6,8-2",5,1,5.0,False,"3(1,5)4,7(6,8)-2",5,1,1.5,False,-9,開幕週と同レベルで速めの時計が出る馬場。
201705010309,9,ゆりかもめ賞(1勝),芝,2400,晴,良,14:35,2017-02-04,東京,6,5,5,2014105789,ザモンゴメリー,牡3,56,01043,北村宏司,2:26.9,2.1/2,3-3-2-2,35.7,13.3,7,506(0),01129,[西]高橋義忠,226800,サンデーレーシング,,"1,3-(4,5)7(6,8)-2",3,2,5.0,False,"(1,*3)-(4,5)7(6,8)=2",3,2,3.5,False,"3-(1,5)4,7,6,8-2",2,2,3.5,False,"3(1,5)4,7(6,8)-2",2,2,0.0,False,-9,開幕週と同レベルで速めの時計が出る馬場。
201705010309,9,ゆりかもめ賞(1勝),芝,2400,晴,良,14:35,2017-02-04,東京,7,6,6,2014102163,ゴールドスミス,牡3,56,01075,田辺裕信,2:27.0,1/2,6-6-6-6,35.3,9.9,4,524(0),00409,[東]二ノ宮敬,003060,Ｈ．Ｈ．シェイク・モ...,,"1,3-(4,5)7(6,8)-2",6,2,5.0,False,"(1,*3)-(4,5)7(6,8)=2",6,2,3.5,False,"3-(1,5)4,7,6,8-2",6,1,6.5,False,"3(1,5)4,7(6,8)-2",6,2,1.5,False,-9,開幕週と同レベルで速めの時計が出る馬場。
201705010309,9,ゆりかもめ賞(1勝),芝,2400,晴,良,14:35,2017-02-04,東京,8,3,3,2014100746,マイネルラプティス,牡3,56,01009,柴田大知,2:27.2,1.1/2,2-1-1-1,36.2,42.4,8,474(+2),00412,[東]高橋裕,546800,サラブレッドクラブ・...,,"1,3-(4,5)7(6,8)-2",2,1,1.5,False,"(1,*3)-(4,5)7(6,8)=2",1,2,0.0,True,"3-(1,5)4,7,6,8-2",1,1,0.0,False,"3(1,5)4,7(6,8)-2",1,1,0.0,False,-9,開幕週と同レベルで速めの時計が出る馬場。
201705010310,10,箱根特別(2勝),芝,2400,晴,良,15:10,2017-02-04,東京,1,3,3,2013105652,サトノエトワール,牡4,55,01095,吉田隼人,2:25.4,,1-1-1-1,35.0,5.9,3,502(-2),01053,[西]角居勝彦,790031,里見治,"1,532.2","3,6,12,11(2,14)-(4,9)5,10-(1,13)8,7",1,1,0.0,False,"(*3,6)12(2,11)(4,14)(5,9)10,13-(1,8)7",1,2,0.0,True,"(*3,6)12(2,11)14,4(5,9)(8,10)13-1,7",1,2,0.0,True,"3,6,12(2,11,14)(4,8,9)(5,10)13,1,7",1,1,0.0,False,-9,開幕週と同レベルで速めの時計が出る馬場。
201705010310,10,箱根特別(2勝),芝,2400,晴,良,15:10,2017-02-04,東京,2,8,13,2013105816,コルコバード,牝4,53,05386,戸崎圭太,2:25.4,クビ,11-11-12-12,33.7,2.3,1,444(+18),01126,[東]木村哲也,486800,キャロットファーム,609.2,"3,6,12,11(2,14)-(4,9)5,10-(1,13)8,7",11,2,13.0,False,"(*3,6)12(2,11)(4,14)(5,9)10,13-(1,8)7",11,1,1.5,False,"(*3,6)12(2,11)14,4(5,9)(8,10)13-1,7",12,1,1.5,False,"3,6,12(2,11,14)(4,8,9)(5,10)13,1,7",12,1,3.0,False,-9,開幕週と同レベルで速めの時計が出る馬場。
201705010310,10,箱根特別(2勝),芝,2400,晴,良,15:10,2017-02-04,東京,3,6,9,2013104277,ステイブラビッシモ,牡4,55,01075,田辺裕信,2:25.5,クビ,7-8-8-7,34.4,4.5,2,464(0),01067,[東]久保田貴,909006,草間庸文,384.6,"3,6,12,11(2,14)-(4,9)5,10-(1,13)8,7",7,2,8.0,False,"(*3,6)12(2,11)(4,14)(5,9)10,13-(1,8)7",8,2,0.0,False,"(*3,6)12(2,11)14,4(5,9)(8,10)13-1,7",8,2,1.5,False,"3,6,12(2,11,14)(4,8,9)(5,10)13,1,7",7,3,3.0,False,-9,開幕週と同レベルで速めの時計が出る馬場。
201705010310,10,箱根特別(2勝),芝,2400,晴,良,15:10,2017-02-04,東京,4,6,10,2011105050,リノリオ,牡6,54,01117,丸田恭介,2:25.7,1.1/4,10-10-10-10,34.3,16.7,6,510(-6),01028,[西]西園正都,425800,錦岡牧場,230.0,"3,6,12,11(2,14)-(4,9)5,10-(1,13)8,7",10,1,9.5,False,"(*3,6)12(2,11)(4,14)(5,9)10,13-(1,8)7",10,1,0.0,False,"(*3,6)12(2,11)14,4(5,9)(8,10)13-1,7",10,2,1.5,False,"3,6,12(2,11,14)(4,8,9)(5,10)13,1,7",10,2,3.0,False,-9,開幕週と同レベルで速めの時計が出る馬場。
201705010310,10,箱根特別(2勝),芝,2400,晴,良,15:10,2017-02-04,東京,5,4,5,2011102450,サウンドメモリー,牡6,54,00641,柴田善臣,2:25.8,3/4,9-8-8-10,34.4,45.7,10,496(+2),00408,[東]田中清隆,399009,嶋田賢,150.0,"3,6,12,11(2,14)-(4,9)5,10-(1,13)8,7",9,1,8.0,False,"(*3,6)12(2,11)(4,14)(5,9)10,13-(1,8)7",8,2,0.0,False,"(*3,6)12(2,11)14,4(5,9)(8,10)13-1,7",8,2,1.5,False,"3,6,12(2,11,14)(4,8,9)(5,10)13,1,7",10,2,3.0,False,-9,開幕週と同レベルで速めの時計が出る馬場。
201705010310,10,箱根特別(2勝),芝,2400,晴,良,15:10,2017-02-04,東京,6,8,14,2013104215,コスモジャーベ,牡4,55,01009,柴田大知,2:25.9,1/2,5-6-6-4,35.0,35.8,9,470(-4),01143,[東]和田雄二,716800,ビッグレッドファーム,,"3,6,12,11(2,14)-(4,9)5,10-(1,13)8,7",5,2,4.5,False,"(*3,6)12(2,11)(4,14)(5,9)10,13-(1,8)7",6,2,0.0,False,"(*3,6)12(2,11)14,4(5,9)(8,10)13-1,7",6,1,0.0,False,"3,6,12(2,11,14)(4,8,9)(5,10)13,1,7",4,3,3.0,False,-9,開幕週と同レベルで速めの時計が出る馬場。
201705010310,10,箱根特別(2勝),芝,2400,晴,良,15:10,2017-02-04,東京,7,5,8,2013101162,コウキチョウサン,牡4,54,01127,丸山元気,2:26.0,3/4,13-12-10-7,34.9,23.2,8,458(+2),01114,[東]和田正一,892800,チョウサン,,"3,6,12,11(2,14)-(4,9)5,10-(1,13)8,7",13,1,13.0,False,"(*3,6)12(2,11)(4,14)(5,9)10,13-(1,8)7",12,2,5.0,False,"(*3,6)12(2,11)14,4(5,9)(8,10)13-1,7",10,2,1.5,False,"3,6,12(2,11,14)(4,8,9)(5,10)13,1,7",7,3,3.0,False,-9,開幕週と同レベルで速めの時計が出る馬場。
201705010310,10,箱根特別(2勝),芝,2400,晴,良,15:10,2017-02-04,東京,8,4,6,2013106111,シャクンタラー,牝4,52,01043,北村宏司,2:26.1,クビ,2-2-2-2,35.6,12.3,5,540(+2),01097,[東]鹿戸雄一,506800,シルクレーシング,,"3,6,12,11(2,14)-(4,9)5,10-(1,13)8,7",2,1,1.5,False,"(*3,6)12(2,11)(4,14)(5,9)10,13-(1,8)7",2,2,0.0,False,"(*3,6)12(2,11)14,4(5,9)(8,10)13-1,7",2,2,0.0,False,"3,6,12(2,11,14)(4,8,9)(5,10)13,1,7",2,1,1.5,False,-9,開幕週と同レベルで速めの時計が出る馬場。
201705010310,10,箱根特別(2勝),芝,2400,晴,良,15:10,2017-02-04,東京,9,5,7,2011102894,ビップレボルシオン,牡6,55,01150,石川裕紀,2:26.2,1/2,14-14-14-14,34.1,11.4,4,524(0),01110,[西]清水久詞,524030,鈴木邦英,,"3,6,12,11(2,14)-(4,9)5,10-(1,13)8,7",14,1,14.5,False,"(*3,6)12(2,11)(4,14)(5,9)10,13-(1,8)7",14,1,5.0,False,"(*3,6)12(2,11)14,4(5,9)(8,10)13-1,7",14,1,6.5,False,"3,6,12(2,11,14)(4,8,9)(5,10)13,1,7",14,1,6.0,False,-9,開幕週と同レベルで速めの時計が出る馬場。
201705010310,10,箱根特別(2勝),芝,2400,晴,良,15:10,2017-02-04,東京,10,3,4,2011104713,マイネルフレスコ,牡6,54,01085,松岡正海,2:26.2,クビ,7-6-7-7,35.1,45.8,11,482(+6),00359,[東]高橋祥泰,546800,サラブレッドクラブ・...,,"3,6,12,11(2,14)-(4,9)5,10-(1,13)8,7",7,2,8.0,False,"(*3,6)12(2,11)(4,14)(5,9)10,13-(1,8)7",6,2,0.0,False,"(*3,6)12(2,11)14,4(5,9)(8,10)13-1,7",7,1,1.5,False,"3,6,12(2,11,14)(4,8,9)(5,10)13,1,7",7,3,3.0,False,-9,開幕週と同レベルで速めの時計が出る馬場。
201705010310,10,箱根特別(2勝),芝,2400,晴,良,15:10,2017-02-04,東京,11,1,1,2013101481,ファータグリーン,牝4,52,01092,津村明秀,2:26.3,クビ,11-12-13-13,34.4,17.8,7,428(-2),01020,[東]相沢郁,295007,斎藤光政,,"3,6,12,11(2,14)-(4,9)5,10-(1,13)8,7",11,2,13.0,False,"(*3,6)12(2,11)(4,14)(5,9)10,13-(1,8)7",12,2,5.0,False,"(*3,6)12(2,11)14,4(5,9)(8,10)13-1,7",13,1,5.0,False,"3,6,12(2,11,14)(4,8,9)(5,10)13,1,7",13,1,4.5,False,-9,開幕週と同レベルで速めの時計が出る馬場。
201705010310,10,箱根特別(2勝),芝,2400,晴,良,15:10,2017-02-04,東京,12,7,11,2009103736,スリーヴェローチェ,牡8,53,01029,武士沢友,2:26.5,1.1/4,4-4-4-4,35.6,101.8,13,470(-6),01140,[西]石橋守,061800,永井商事,,"3,6,12,11(2,14)-(4,9)5,10-(1,13)8,7",4,1,4.5,False,"(*3,6)12(2,11)(4,14)(5,9)10,13-(1,8)7",4,2,0.0,False,"(*3,6)12(2,11)14,4(5,9)(8,10)13-1,7",4,2,0.0,False,"3,6,12(2,11,14)(4,8,9)(5,10)13,1,7",4,3,3.0,False,-9,開幕週と同レベルで速めの時計が出る馬場。
201705010310,10,箱根特別(2勝),芝,2400,晴,良,15:10,2017-02-04,東京,13,2,2,2010103016,ピュアソルジャー,牡7,52,01140,横山和生,2:26.7,1.1/2,5-4-4-4,35.8,52.6,12,486(+6),01134,[東]高橋文雅,480033,鶴見芳子,,"3,6,12,11(2,14)-(4,9)5,10-(1,13)8,7",5,2,4.5,False,"(*3,6)12(2,11)(4,14)(5,9)10,13-(1,8)7",4,2,0.0,False,"(*3,6)12(2,11)14,4(5,9)(8,10)13-1,7",4,2,0.0,False,"3,6,12(2,11,14)(4,8,9)(5,10)13,1,7",4,3,3.0,False,-9,開幕週と同レベルで速めの時計が出る馬場。
201705010310,10,箱根特別(2勝),芝,2400,晴,良,15:10,2017-02-04,東京,14,7,12,2012101173,ウインスペクトル,牡5,56,01091,丹内祐次,2:27.2,3,3-3-3-3,36.4,105.1,14,474(+2),00420,[東]宗像義忠,494800,ウイン,,"3,6,12,11(2,14)-(4,9)5,10-(1,13)8,7",3,1,3.0,False,"(*3,6)12(2,11)(4,14)(5,9)10,13-(1,8)7",3,1,0.0,False,"(*3,6)12(2,11)14,4(5,9)(8,10)13-1,7",3,1,0.0,False,"3,6,12(2,11,14)(4,8,9)(5,10)13,1,7",3,1,3.0,False,-9,開幕週と同レベルで速めの時計が出る馬場。
201705010311,11,初音S(3勝),芝,1800,晴,良,15:45,2017-02-04,東京,1,8,10,2013103682,フロンテアクイーン,牝4,54,01043,北村宏司,1:46.7,,7-8-8,33.2,18.4,8,462(+2),00399,[東]国枝栄,501033,長妻和男,"1,845.2",,,,,,"(*4,6)(5,7,9)8(3,10)2-(1,11)",7,2,0.0,False,"4,6(5,9)7(3,8)10(2,11)-1",8,1,1.5,False,"4,6(5,9)7(3,8)(10,1)(2,11)",8,2,1.5,False,-9,開幕週と同レベルで速めの時計が出る馬場。
201705010311,11,初音S(3勝),芝,1800,晴,良,15:45,2017-02-04,東京,2,6,6,2013105322,ワンブレスアウェイ,牝4,54,05386,戸崎圭太,1:46.9,1.1/4,2-2-2,33.9,2.4,1,486(+12),01079,[東]古賀慎明,226800,サンデーレーシング,737.2,,,,,,"(*4,6)(5,7,9)8(3,10)2-(1,11)",2,2,0.0,False,"4,6(5,9)7(3,8)10(2,11)-1",2,1,1.5,False,"4,6(5,9)7(3,8)(10,1)(2,11)",2,1,1.5,False,-9,開幕週と同レベルで速めの時計が出る馬場。
201705010311,11,初音S(3勝),芝,1800,晴,良,15:45,2017-02-04,東京,3,1,1,2013104496,ミエノサクシード,牝4,54,01062,川島信二,1:46.9,アタマ,10-11-8,33.4,4.0,2,440(-8),01136,[西]高橋亮,414030,里見美惠子,463.6,,,,,,"(*4,6)(5,7,9)8(3,10)2-(1,11)",10,2,3.5,False,"4,6(5,9)7(3,8)10(2,11)-1",11,1,5.0,False,"4,6(5,9)7(3,8)(10,1)(2,11)",8,2,1.5,False,-9,開幕週と同レベルで速めの時計が出る馬場。
201705010311,11,初音S(3勝),芝,1800,晴,良,15:45,2017-02-04,東京,4,2,2,2013102323,ゲッカコウ,牝4,54,01085,松岡正海,1:47.0,3/4,9-9-10,33.4,24.5,9,474(+6),01036,[東]高橋義博,546800,サラブレッドクラブ・...,270.0,,,,,,"(*4,6)(5,7,9)8(3,10)2-(1,11)",9,1,0.0,False,"4,6(5,9)7(3,8)10(2,11)-1",9,2,1.5,False,"4,6(5,9)7(3,8)(10,1)(2,11)",10,2,1.5,False,-9,開幕週と同レベルで速めの時計が出る馬場。
201705010311,11,初音S(3勝),芝,1800,晴,良,15:45,2017-02-04,東京,5,5,5,2011100796,マローブルー,牝6,55,01077,石橋脩,1:47.2,1,3-3-3,34.1,4.7,3,458(-2),01070,[東]堀宣行,708800,金子真人ホールディン...,182.0,,,,,,"(*4,6)(5,7,9)8(3,10)2-(1,11)",3,3,0.0,False,"4,6(5,9)7(3,8)10(2,11)-1",3,2,1.5,False,"4,6(5,9)7(3,8)(10,1)(2,11)",3,2,1.5,False,-9,開幕週と同レベルで速めの時計が出る馬場。
201705010311,11,初音S(3勝),芝,1800,晴,良,15:45,2017-02-04,東京,6,8,11,2011105685,アンジェリック,牝6,55,00660,横山典弘,1:47.2,クビ,10-9-10,33.6,15.0,5,474(-2),01124,[東]大和田成,506800,シルクレーシング,,,,,,,"(*4,6)(5,7,9)8(3,10)2-(1,11)",10,2,3.5,False,"4,6(5,9)7(3,8)10(2,11)-1",9,2,1.5,False,"4,6(5,9)7(3,8)(10,1)(2,11)",10,2,1.5,False,-9,開幕週と同レベルで速めの時計が出る馬場。
201705010311,11,初音S(3勝),芝,1800,晴,良,15:45,2017-02-04,東京,7,7,8,2011104256,カレンリスベット,牝6,55,01095,吉田隼人,1:47.3,1/2,6-6-6,34.0,18.2,7,486(-14),00399,[東]国枝栄,869006,鈴木隆司,,,,,,,"(*4,6)(5,7,9)8(3,10)2-(1,11)",6,1,0.0,False,"4,6(5,9)7(3,8)10(2,11)-1",6,2,1.5,False,"4,6(5,9)7(3,8)(10,1)(2,11)",6,2,1.5,False,-9,開幕週と同レベルで速めの時計が出る馬場。
201705010311,11,初音S(3勝),芝,1800,晴,良,15:45,2017-02-04,東京,8,3,3,2011105235,マイネオーラム,牝6,55,01009,柴田大知,1:47.4,クビ,7-6-6,34.1,13.2,4,484(+2),01036,[東]高橋義博,546800,サラブレッドクラブ・...,,,,,,,"(*4,6)(5,7,9)8(3,10)2-(1,11)",7,2,0.0,False,"4,6(5,9)7(3,8)10(2,11)-1",6,2,1.5,False,"4,6(5,9)7(3,8)(10,1)(2,11)",6,2,1.5,False,-9,開幕週と同レベルで速めの時計が出る馬場。
201705010311,11,初音S(3勝),芝,1800,晴,良,15:45,2017-02-04,東京,9,6,7,2011104065,アカネイロ,牝6,55,01150,石川裕紀,1:47.5,3/4,3-5-5,34.3,44.8,10,494(-4),01110,[西]清水久詞,486800,キャロットファーム,,,,,,,"(*4,6)(5,7,9)8(3,10)2-(1,11)",3,3,0.0,False,"4,6(5,9)7(3,8)10(2,11)-1",5,1,1.5,False,"4,6(5,9)7(3,8)(10,1)(2,11)",5,1,1.5,False,-9,開幕週と同レベルで速めの時計が出る馬場。
201705010311,11,初音S(3勝),芝,1800,晴,良,15:45,2017-02-04,東京,10,4,4,2013106131,アッラサルーテ,牝4,54,00422,内田博幸,1:47.8,1.1/2,1-1-1,35.0,16.3,6,480(+4),01038,[東]手塚貴久,790005,吉田勝己,,,,,,,"(*4,6)(5,7,9)8(3,10)2-(1,11)",1,2,0.0,True,"4,6(5,9)7(3,8)10(2,11)-1",1,1,0.0,False,"4,6(5,9)7(3,8)(10,1)(2,11)",1,1,0.0,False,-9,開幕週と同レベルで速めの時計が出る馬場。
201705010311,11,初音S(3勝),芝,1800,晴,良,15:45,2017-02-04,東京,11,7,9,2010103921,ゴールドテーラー,牝7,55,01096,大野拓弥,1:47.9,3/4,3-3-3,34.8,71.4,11,436(-6),01072,[西]河内洋,730002,中西浩一,,,,,,,"(*4,6)(5,7,9)8(3,10)2-(1,11)",3,3,0.0,False,"4,6(5,9)7(3,8)10(2,11)-1",3,2,1.5,False,"4,6(5,9)7(3,8)(10,1)(2,11)",3,2,1.5,False,-9,開幕週と同レベルで速めの時計が出る馬場。
201705010312,12,4歳以上1000万下,ダ,1600,晴,良,16:25,2017-02-04,東京,1,8,16,2012101087,トーセンラムセス,牡5,57,01129,菅原隆一,1:37.7,,11-10,35.6,4.0,2,518(+8),01074,[東]奥平雅士,270006,島川隆哉,"1,050.0",,,,,,,,,,,"3,5,14(1,4,13)(6,8,12)2(11,16)(9,15)(10,7)",11,2,3.0,False,"3(5,14)(1,4,13)(2,6,12)(9,16)11,15(10,7)8",10,2,0.0,False,3,
201705010312,12,4歳以上1000万下,ダ,1600,晴,良,16:25,2017-02-04,東京,2,7,14,2012110112,ラテラス,牝5,55,01043,北村宏司,1:37.8,3/4,3-2,36.3,17.2,6,482(+10),01118,[東]高柳瑞樹,138007,吉田和美,420.0,,,,,,,,,,,"3,5,14(1,4,13)(6,8,12)2(11,16)(9,15)(10,7)",3,1,3.0,False,"3(5,14)(1,4,13)(2,6,12)(9,16)11,15(10,7)8",2,2,0.0,False,3,
201705010312,12,4歳以上1000万下,ダ,1600,晴,良,16:25,2017-02-04,東京,3,8,15,2012103204,ダイワインパルス,牡5,57,00684,田中勝春,1:37.9,クビ,13-13,35.6,5.4,3,492(+8),00420,[東]宗像義忠,587008,大城敬三,260.0,,,,,,,,,,,"3,5,14(1,4,13)(6,8,12)2(11,16)(9,15)(10,7)",13,2,3.0,False,"3(5,14)(1,4,13)(2,6,12)(9,16)11,15(10,7)8",13,1,1.5,False,3,
201705010312,12,4歳以上1000万下,ダ,1600,晴,良,16:25,2017-02-04,東京,4,7,13,2013101969,プリンシアコメータ,牝4,55,01092,津村明秀,1:37.9,ハナ,4-4,36.3,123.1,15,466(-4),01108,[東]矢野英一,253030,芳川貴行,160.0,,,,,,,,,,,"3,5,14(1,4,13)(6,8,12)2(11,16)(9,15)(10,7)",4,3,3.0,False,"3(5,14)(1,4,13)(2,6,12)(9,16)11,15(10,7)8",4,3,0.0,False,3,
201705010312,12,4歳以上1000万下,ダ,1600,晴,良,16:25,2017-02-04,東京,5,3,6,2011104260,ラジオデイズ,牡6,57,00422,内田博幸,1:38.0,1/2,7-7,36.2,8.8,4,490(+4),01079,[東]古賀慎明,415800,社台レースホース,105.0,,,,,,,,,,,"3,5,14(1,4,13)(6,8,12)2(11,16)(9,15)(10,7)",7,3,3.0,False,"3(5,14)(1,4,13)(2,6,12)(9,16)11,15(10,7)8",7,3,0.0,False,3,
201705010312,12,4歳以上1000万下,ダ,1600,晴,良,16:25,2017-02-04,東京,6,5,9,2012103387,ディアコンチェルト,牡5,57,00641,柴田善臣,1:38.0,ハナ,13-10,36.0,66.7,14,452(-4),01088,[東]高木登,013803,ディアレストクラブ,,,,,,,,,,,,"3,5,14(1,4,13)(6,8,12)2(11,16)(9,15)(10,7)",13,2,3.0,False,"3(5,14)(1,4,13)(2,6,12)(9,16)11,15(10,7)8",10,2,0.0,False,3,
201705010312,12,4歳以上1000万下,ダ,1600,晴,良,16:25,2017-02-04,東京,7,3,5,2013105745,エレクトロポップ,牡4,57,01075,田辺裕信,1:38.0,ハナ,2-2,36.6,3.4,1,506(-4),01013,[東]小島太,415800,社台レースホース,,,,,,,,,,,,"3,5,14(1,4,13)(6,8,12)2(11,16)(9,15)(10,7)",2,1,1.5,False,"3(5,14)(1,4,13)(2,6,12)(9,16)11,15(10,7)8",2,2,0.0,False,3,
201705010312,12,4歳以上1000万下,ダ,1600,晴,良,16:25,2017-02-04,東京,8,6,11,2011102102,サクラルコール,牡6,57,05386,戸崎圭太,1:38.1,クビ,11-12,35.9,44.1,12,502(+8),01112,[東]田島俊明,019800,さくらコマース,,,,,,,,,,,,"3,5,14(1,4,13)(6,8,12)2(11,16)(9,15)(10,7)",11,2,3.0,False,"3(5,14)(1,4,13)(2,6,12)(9,16)11,15(10,7)8",12,1,0.0,False,3,
201705010312,12,4歳以上1000万下,ダ,1600,晴,良,16:25,2017-02-04,東京,9,2,3,2013101861,マイネルバサラ,牡4,57,01009,柴田大知,1:38.4,2,1-1,37.1,11.3,5,474(-2),01100,[東]松山将樹,546800,サラブレッドクラブ・...,,,,,,,,,,,,"3,5,14(1,4,13)(6,8,12)2(11,16)(9,15)(10,7)",1,1,0.0,False,"3(5,14)(1,4,13)(2,6,12)(9,16)11,15(10,7)8",1,1,0.0,False,3,
201705010312,12,4歳以上1000万下,ダ,1600,晴,良,16:25,2017-02-04,東京,10,2,4,2012106018,バウトナカヤマ,牡5,55,01153,木幡初也,1:38.4,ハナ,4-4,36.8,359.3,16,532(+24),01014,[東]高市圭二,107800,中山牧場,,,,,,,,,,,,"3,5,14(1,4,13)(6,8,12)2(11,16)(9,15)(10,7)",4,3,3.0,False,"3(5,14)(1,4,13)(2,6,12)(9,16)11,15(10,7)8",4,3,0.0,False,3,
201705010312,12,4歳以上1000万下,ダ,1600,晴,良,16:25,2017-02-04,東京,11,1,2,2013104828,アポロナイスジャブ,牡4,57,01095,吉田隼人,1:38.6,3/4,10-7,36.7,30.6,11,442(+8),00436,[東]堀井雅広,033700,アポロサラブレッドク...,,,,,,,,,,,,"3,5,14(1,4,13)(6,8,12)2(11,16)(9,15)(10,7)",10,1,3.0,False,"3(5,14)(1,4,13)(2,6,12)(9,16)11,15(10,7)8",7,3,0.0,False,3,
201705010312,12,4歳以上1000万下,ダ,1600,晴,良,16:25,2017-02-04,東京,12,5,10,2011103079,ダイチトゥルース,牡6,57,01029,武士沢友,1:38.6,クビ,15-14,36.1,24.6,10,476(+6),01131,[東]蛯名利弘,912800,荻伏服部牧場,,,,,,,,,,,,"3,5,14(1,4,13)(6,8,12)2(11,16)(9,15)(10,7)",15,2,3.0,False,"3(5,14)(1,4,13)(2,6,12)(9,16)11,15(10,7)8",14,2,1.5,False,3,
201705010312,12,4歳以上1000万下,ダ,1600,晴,良,16:25,2017-02-04,東京,13,1,1,2013101748,キングラディウス,牡4,57,01127,丸山元気,1:38.7,クビ,4-4,37.1,58.5,13,462(-10),01091,[西]羽月友彦,547033,菅原広隆,,,,,,,,,,,,"3,5,14(1,4,13)(6,8,12)2(11,16)(9,15)(10,7)",4,3,3.0,False,"3(5,14)(1,4,13)(2,6,12)(9,16)11,15(10,7)8",4,3,0.0,False,3,
201705010312,12,4歳以上1000万下,ダ,1600,晴,良,16:25,2017-02-04,東京,14,6,12,2012110050,ネオアトラクション,牡5,57,01085,松岡正海,1:38.8,1/2,7-7,36.9,22.9,8,492(-8),01053,[西]角居勝彦,675030,林正道,,,,,,,,,,,,"3,5,14(1,4,13)(6,8,12)2(11,16)(9,15)(10,7)",7,3,3.0,False,"3(5,14)(1,4,13)(2,6,12)(9,16)11,15(10,7)8",7,3,0.0,False,3,
201705010312,12,4歳以上1000万下,ダ,1600,晴,良,16:25,2017-02-04,東京,15,4,7,2012100412,フジゴウカイ,牡5,54,01158,野中悠太,1:39.1,1.3/4,15-14,36.6,23.9,9,500(0),01014,[東]高市圭二,089030,荒木誠,,,,,,,,,,,,"3,5,14(1,4,13)(6,8,12)2(11,16)(9,15)(10,7)",15,2,3.0,False,"3(5,14)(1,4,13)(2,6,12)(9,16)11,15(10,7)8",14,2,1.5,False,3,
201705010312,12,4歳以上1000万下,ダ,1600,晴,良,16:25,2017-02-04,東京,16,4,8,2013105243,シークザフューチャ,牝4,55,01077,石橋脩,1:50.3,大,7-16,47.6,21.5,7,442(+6),01070,[東]堀宣行,808800,Ｇ１レーシング,,,,,,,,,,,,"3,5,14(1,4,13)(6,8,12)2(11,16)(9,15)(10,7)",7,3,3.0,False,"3(5,14)(1,4,13)(2,6,12)(9,16)11,15(10,7)8",16,1,1.5,False,3,
201708020301,1,3歳未勝利,ダ,1800,晴,稍重,09:55,2017-02-04,京都,1,1,1,2014103870,フォレストタウン,牡3,56,01133,水口優也,1:53.0,,1-1-1-1,37.5,6.9,2,518(-10),00396,[西]福島信晴,851007,山上和良,500.0,"1,9(2,6,14)7(5,11)-13,8(12,15)4,10,16,3",1,1,0.0,False,"1,9(2,14)6,7(5,11)13(8,15)12,4(10,3)16",1,1,0.0,False,"1,9,2-(5,14)(6,7)(11,3)13(8,15)4,16(12,10)",1,1,0.0,False,"1,9,2-5-(11,3)(6,14)7,13,4(8,15)10,12,16",1,1,0.0,False,-10,
201708020301,1,3歳未勝利,ダ,1800,晴,稍重,09:55,2017-02-04,京都,2,1,2,2014100464,キーグラウンド,牡3,56,01015,古川吉洋,1:53.7,4,3-3-3-3,37.8,24.8,3,486(0),01018,[西]宮徹,338008,北前孔一郎,200.0,"1,9(2,6,14)7(5,11)-13,8(12,15)4,10,16,3",3,3,1.5,False,"1,9(2,14)6,7(5,11)13(8,15)12,4(10,3)16",3,2,1.5,False,"1,9,2-(5,14)(6,7)(11,3)13(8,15)4,16(12,10)",3,1,3.0,False,"1,9,2-5-(11,3)(6,14)7,13,4(8,15)10,12,16",3,1,3.0,False,-10,
201708020301,1,3歳未勝利,ダ,1800,晴,稍重,09:55,2017-02-04,京都,3,3,5,2014101662,ティーブラッサム,牡3,56,01102,北村友一,1:54.6,5,7-7-4-4,38.4,34.0,6,520(-4),00422,[西]五十嵐忠,966002,深見富朗,130.0,"1,9(2,6,14)7(5,11)-13,8(12,15)4,10,16,3",7,2,1.5,False,"1,9(2,14)6,7(5,11)13(8,15)12,4(10,3)16",7,2,3.0,False,"1,9,2-(5,14)(6,7)(11,3)13(8,15)4,16(12,10)",4,2,6.5,False,"1,9,2-5-(11,3)(6,14)7,13,4(8,15)10,12,16",4,1,6.5,False,-10,
201708020301,1,3歳未勝利,ダ,1800,晴,稍重,09:55,2017-02-04,京都,4,6,11,2014102659,オーサムバローズ,牡3,56,05339,ルメール,1:54.6,クビ,7-7-8-5,37.5,1.1,1,496(+2),01137,[西]中内田充,859007,猪熊広次,75.0,"1,9(2,6,14)7(5,11)-13,8(12,15)4,10,16,3",7,2,1.5,False,"1,9(2,14)6,7(5,11)13(8,15)12,4(10,3)16",7,2,3.0,False,"1,9,2-(5,14)(6,7)(11,3)13(8,15)4,16(12,10)",8,2,6.5,False,"1,9,2-5-(11,3)(6,14)7,13,4(8,15)10,12,16",5,2,10.0,False,-10,
201708020301,1,3歳未勝利,ダ,1800,晴,稍重,09:55,2017-02-04,京都,5,2,3,2014101666,ナムラシンウチ,牡3,56,00894,小牧太,1:54.8,1.1/4,16-14-8-5,37.7,27.5,4,510(0),00396,[西]福島信晴,945004,奈村信重,50.0,"1,9(2,6,14)7(5,11)-13,8(12,15)4,10,16,3",16,1,11.0,False,"1,9(2,14)6,7(5,11)13(8,15)12,4(10,3)16",14,2,4.5,False,"1,9,2-(5,14)(6,7)(11,3)13(8,15)4,16(12,10)",8,2,6.5,False,"1,9,2-5-(11,3)(6,14)7,13,4(8,15)10,12,16",5,2,10.0,False,-10,
201708020301,1,3歳未勝利,ダ,1800,晴,稍重,09:55,2017-02-04,京都,6,7,13,2014100583,プエルタデルソル,牡3,53,01160,荻野極,1:55.2,2.1/2,9-9-10-10,38.0,81.3,10,472(0),01071,[西]池江泰寿,788800,ノースヒルズ,,"1,9(2,6,14)7(5,11)-13,8(12,15)4,10,16,3",9,1,5.0,False,"1,9(2,14)6,7(5,11)13(8,15)12,4(10,3)16",9,1,3.0,False,"1,9,2-(5,14)(6,7)(11,3)13(8,15)4,16(12,10)",10,1,6.5,False,"1,9,2-5-(11,3)(6,14)7,13,4(8,15)10,12,16",10,1,11.5,False,-10,
201708020301,1,3歳未勝利,ダ,1800,晴,稍重,09:55,2017-02-04,京都,7,2,4,2014106248,ブライトクォーツ,牡3,56,00663,蛯名正義,1:55.4,1.1/4,13-13-13-11,37.8,149.4,14,496(+12),01095,[西]荒川義之,506800,シルクレーシング,,"1,9(2,6,14)7(5,11)-13,8(12,15)4,10,16,3",13,1,6.5,False,"1,9(2,14)6,7(5,11)13(8,15)12,4(10,3)16",13,1,4.5,False,"1,9,2-(5,14)(6,7)(11,3)13(8,15)4,16(12,10)",13,1,6.5,False,"1,9,2-5-(11,3)(6,14)7,13,4(8,15)10,12,16",11,1,13.0,False,-10,
201708020301,1,3歳未勝利,ダ,1800,晴,稍重,09:55,2017-02-04,京都,8,5,9,2014102005,シンウチ,牡3,56,01116,藤岡康太,1:55.6,1.1/2,2-2-2-2,39.8,31.9,5,476(-12),01062,[西]藤岡健一,331007,幅田昌伸,,"1,9(2,6,14)7(5,11)-13,8(12,15)4,10,16,3",2,1,1.5,False,"1,9(2,14)6,7(5,11)13(8,15)12,4(10,3)16",2,1,1.5,False,"1,9,2-(5,14)(6,7)(11,3)13(8,15)4,16(12,10)",2,1,1.5,False,"1,9,2-5-(11,3)(6,14)7,13,4(8,15)10,12,16",2,1,1.5,False,-10,
201708020301,1,3歳未勝利,ダ,1800,晴,稍重,09:55,2017-02-04,京都,9,3,6,2014104511,トモノセンス,牡3,56,01154,松若風馬,1:55.6,クビ,3-5-6-7,38.9,86.8,11,512(-4),01138,[西]浜田多実,729008,共田義夫,,"1,9(2,6,14)7(5,11)-13,8(12,15)4,10,16,3",3,3,1.5,False,"1,9(2,14)6,7(5,11)13(8,15)12,4(10,3)16",5,1,1.5,False,"1,9,2-(5,14)(6,7)(11,3)13(8,15)4,16(12,10)",6,2,6.5,False,"1,9,2-5-(11,3)(6,14)7,13,4(8,15)10,12,16",7,2,10.0,False,-10,
201708020301,1,3歳未勝利,ダ,1800,晴,稍重,09:55,2017-02-04,京都,10,5,10,2014102675,ジューンスキント,牡3,55,01155,義英真,1:56.2,3.1/2,14-14-15-14,38.2,66.5,8,462(-6),00365,[西]崎山博樹,017803,吉川潤,,"1,9(2,6,14)7(5,11)-13,8(12,15)4,10,16,3",14,1,8.0,False,"1,9(2,14)6,7(5,11)13(8,15)12,4(10,3)16",14,2,4.5,False,"1,9,2-(5,14)(6,7)(11,3)13(8,15)4,16(12,10)",15,2,8.0,False,"1,9,2-5-(11,3)(6,14)7,13,4(8,15)10,12,16",14,1,13.0,False,-10,
201708020301,1,3歳未勝利,ダ,1800,晴,稍重,09:55,2017-02-04,京都,11,4,7,2014103569,メイショウサワカゼ,牡3,56,01115,浜中俊,1:56.9,4,6-6-6-9,40.0,65.8,7,436(+2),01099,[西]本田優,523005,松本好雄,,"1,9(2,6,14)7(5,11)-13,8(12,15)4,10,16,3",6,1,1.5,False,"1,9(2,14)6,7(5,11)13(8,15)12,4(10,3)16",6,1,3.0,False,"1,9,2-(5,14)(6,7)(11,3)13(8,15)4,16(12,10)",6,2,6.5,False,"1,9,2-5-(11,3)(6,14)7,13,4(8,15)10,12,16",9,1,10.0,False,-10,
201708020301,1,3歳未勝利,ダ,1800,晴,稍重,09:55,2017-02-04,京都,12,4,8,2014106408,アーダルベルト,牡3,56,00732,幸英明,1:57.1,1.1/2,10-10-11-12,39.7,111.3,12,432(-2),01091,[西]羽月友彦,547033,菅原広隆,,"1,9(2,6,14)7(5,11)-13,8(12,15)4,10,16,3",10,1,6.5,False,"1,9(2,14)6,7(5,11)13(8,15)12,4(10,3)16",10,2,3.0,False,"1,9,2-(5,14)(6,7)(11,3)13(8,15)4,16(12,10)",11,2,6.5,False,"1,9,2-5-(11,3)(6,14)7,13,4(8,15)10,12,16",12,2,13.0,False,-10,
201708020301,1,3歳未勝利,ダ,1800,晴,稍重,09:55,2017-02-04,京都,13,8,15,2014106260,ウエスタンアッレ,牡3,56,01130,高倉稜,1:57.1,ハナ,11-10-11-12,39.6,267.3,16,506(-4),00365,[西]崎山博樹,929006,西川賢,,"1,9(2,6,14)7(5,11)-13,8(12,15)4,10,16,3",11,2,6.5,False,"1,9(2,14)6,7(5,11)13(8,15)12,4(10,3)16",10,2,3.0,False,"1,9,2-(5,14)(6,7)(11,3)13(8,15)4,16(12,10)",11,2,6.5,False,"1,9,2-5-(11,3)(6,14)7,13,4(8,15)10,12,16",12,2,13.0,False,-10,
201708020301,1,3歳未勝利,ダ,1800,晴,稍重,09:55,2017-02-04,京都,14,6,12,2014104800,タイセイレイザー,牡3,53,01163,坂井瑠星,1:57.3,1,11-12-15-15,39.4,266.4,15,476(0),01075,[西]矢作芳人,224007,田中成奉,,"1,9(2,6,14)7(5,11)-13,8(12,15)4,10,16,3",11,2,6.5,False,"1,9(2,14)6,7(5,11)13(8,15)12,4(10,3)16",12,1,3.0,False,"1,9,2-(5,14)(6,7)(11,3)13(8,15)4,16(12,10)",15,2,8.0,False,"1,9,2-5-(11,3)(6,14)7,13,4(8,15)10,12,16",15,1,14.5,False,-10,
201708020301,1,3歳未勝利,ダ,1800,晴,稍重,09:55,2017-02-04,京都,15,8,16,2014104998,モダンタキシード,牡3,56,01093,藤岡佑介,1:58.0,4,15-16-14-16,40.0,124.9,13,464(+2),01083,[西]松永昌博,265005,吉岡泰治,,"1,9(2,6,14)7(5,11)-13,8(12,15)4,10,16,3",15,1,9.5,False,"1,9(2,14)6,7(5,11)13(8,15)12,4(10,3)16",16,1,4.5,False,"1,9,2-(5,14)(6,7)(11,3)13(8,15)4,16(12,10)",14,1,8.0,False,"1,9,2-5-(11,3)(6,14)7,13,4(8,15)10,12,16",16,1,16.0,False,-10,
201708020301,1,3歳未勝利,ダ,1800,晴,稍重,09:55,2017-02-04,京都,16,7,14,2014101463,ナリタバード,牡3,56,00700,四位洋文,1:58.2,1.1/2,3-3-4-7,41.8,72.7,9,498(0),01033,[西]木原一良,712800,オースミ,,"1,9(2,6,14)7(5,11)-13,8(12,15)4,10,16,3",3,3,1.5,False,"1,9(2,14)6,7(5,11)13(8,15)12,4(10,3)16",3,2,1.5,False,"1,9,2-(5,14)(6,7)(11,3)13(8,15)4,16(12,10)",4,2,6.5,False,"1,9,2-5-(11,3)(6,14)7,13,4(8,15)10,12,16",7,2,10.0,False,-10,
201708020302,2,3歳新馬,ダ,1800,晴,稍重,10:25,2017-02-04,京都,1,6,9,2014104471,サンオークランド,牡3,56,01115,浜中俊,1:55.3,,5-6-6-2,37.4,14.9,6,502(0),01053,[西]角居勝彦,059803,加藤ステーブル,600.0,"(*2,4,8,13)9(3,6)(5,12)7,10=11-1",5,1,0.0,False,"2(4,13)(3,8)(6,9)5,12(7,10)-11-1",6,2,0.0,False,"(*2,4)(3,13,8)(5,6,9)12,7(10,11)1",6,3,0.0,False,"2(4,8,9)(3,13)12(5,6)(7,11)1,10",2,3,0.0,False,-10,
201708020302,2,3歳新馬,ダ,1800,晴,稍重,10:25,2017-02-04,京都,2,3,3,2014104632,オニダツ,牡3,56,01128,川須栄彦,1:55.6,2,6-4-3-5,38.1,13.5,5,508(0),01135,[西]高橋康之,624007,鈴木康弘,240.0,"(*2,4,8,13)9(3,6)(5,12)7,10=11-1",6,2,0.0,False,"2(4,13)(3,8)(6,9)5,12(7,10)-11-1",4,2,0.0,False,"(*2,4)(3,13,8)(5,6,9)12,7(10,11)1",3,3,0.0,False,"2(4,8,9)(3,13)12(5,6)(7,11)1,10",5,2,0.0,False,-10,
201708020302,2,3歳新馬,ダ,1800,晴,稍重,10:25,2017-02-04,京都,3,2,2,2014100483,トウカイクルーク,牝3,54,01032,池添謙一,1:55.7,クビ,1-1-1-1,38.5,9.9,4,438(0),00438,[西]安田隆行,695004,内村正則,150.0,"(*2,4,8,13)9(3,6)(5,12)7,10=11-1",1,4,0.0,True,"2(4,13)(3,8)(6,9)5,12(7,10)-11-1",1,1,0.0,False,"(*2,4)(3,13,8)(5,6,9)12,7(10,11)1",1,2,0.0,True,"2(4,8,9)(3,13)12(5,6)(7,11)1,10",1,1,0.0,False,-10,
201708020302,2,3歳新馬,ダ,1800,晴,稍重,10:25,2017-02-04,京都,4,6,8,2014101509,ローゼンハイン,牝3,54,05203,岩田康誠,1:56.9,7,2-4-3-2,39.2,2.6,1,528(0),01084,[西]梅田智之,965030,子安裕樹,90.0,"(*2,4,8,13)9(3,6)(5,12)7,10=11-1",2,4,0.0,False,"2(4,13)(3,8)(6,9)5,12(7,10)-11-1",4,2,0.0,False,"(*2,4)(3,13,8)(5,6,9)12,7(10,11)1",3,3,0.0,False,"2(4,8,9)(3,13)12(5,6)(7,11)1,10",2,3,0.0,False,-10,
201708020302,2,3歳新馬,ダ,1800,晴,稍重,10:25,2017-02-04,京都,5,5,7,2014104375,デアリングアイデア,牡3,56,01125,国分優作,1:56.9,アタマ,10-10-10-10,38.9,147.9,12,464(0),01032,[西]大根田裕,350002,宮川純造,60.0,"(*2,4,8,13)9(3,6)(5,12)7,10=11-1",10,1,0.0,False,"2(4,13)(3,8)(6,9)5,12(7,10)-11-1",10,2,1.5,False,"(*2,4)(3,13,8)(5,6,9)12,7(10,11)1",10,1,1.5,False,"2(4,8,9)(3,13)12(5,6)(7,11)1,10",10,2,0.0,False,-10,
201708020302,2,3歳新馬,ダ,1800,晴,稍重,10:25,2017-02-04,京都,6,1,1,2014105036,ロングアイガー,牡3,56,01116,藤岡康太,1:57.5,4,13-13-13-12,38.9,15.9,7,574(0),01049,[西]南井克巳,602002,中井敏雄,,"(*2,4,8,13)9(3,6)(5,12)7,10=11-1",13,1,11.0,False,"2(4,13)(3,8)(6,9)5,12(7,10)-11-1",13,1,8.5,False,"(*2,4)(3,13,8)(5,6,9)12,7(10,11)1",13,1,1.5,False,"2(4,8,9)(3,13)12(5,6)(7,11)1,10",12,1,0.0,False,-10,
201708020302,2,3歳新馬,ダ,1800,晴,稍重,10:25,2017-02-04,京都,7,8,13,2014100587,レジスタンス,牡3,56,05339,ルメール,1:57.6,クビ,2-2-3-5,40.1,3.9,2,454(0),01011,[西]松田国英,788800,ノースヒルズ,,"(*2,4,8,13)9(3,6)(5,12)7,10=11-1",2,4,0.0,False,"2(4,13)(3,8)(6,9)5,12(7,10)-11-1",2,2,0.0,False,"(*2,4)(3,13,8)(5,6,9)12,7(10,11)1",3,3,0.0,False,"2(4,8,9)(3,13)12(5,6)(7,11)1,10",5,2,0.0,False,-10,
201708020302,2,3歳新馬,ダ,1800,晴,稍重,10:25,2017-02-04,京都,8,7,11,2014103059,エイシンユリーカ,牡3,56,00666,武豊,1:58.1,3,12-12-11-10,39.8,4.4,3,492(0),01098,[西]野中賢二,785800,栄進堂,,"(*2,4,8,13)9(3,6)(5,12)7,10=11-1",12,1,7.5,False,"2(4,13)(3,8)(6,9)5,12(7,10)-11-1",12,1,5.0,False,"(*2,4)(3,13,8)(5,6,9)12,7(10,11)1",11,2,1.5,False,"2(4,8,9)(3,13)12(5,6)(7,11)1,10",10,2,0.0,False,-10,
201708020302,2,3歳新馬,ダ,1800,晴,稍重,10:25,2017-02-04,京都,9,8,12,2014100161,バタラ,牡3,56,01124,国分恭介,1:58.4,1.3/4,8-9-9-7,40.5,142.5,11,466(0),00422,[西]五十嵐忠,330007,杉澤光雄,,"(*2,4,8,13)9(3,6)(5,12)7,10=11-1",8,2,0.0,False,"2(4,13)(3,8)(6,9)5,12(7,10)-11-1",9,1,1.5,False,"(*2,4)(3,13,8)(5,6,9)12,7(10,11)1",9,1,0.0,False,"2(4,8,9)(3,13)12(5,6)(7,11)1,10",7,1,0.0,False,-10,
201708020302,2,3歳新馬,ダ,1800,晴,稍重,10:25,2017-02-04,京都,10,4,5,2014105076,ビクトリアペスカ,牝3,54,05531,フォーリ,1:58.7,1.3/4,8-8-6-8,41.0,43.6,9,450(0),01083,[西]松永昌博,032700,ユーモード,,"(*2,4,8,13)9(3,6)(5,12)7,10=11-1",8,2,0.0,False,"2(4,13)(3,8)(6,9)5,12(7,10)-11-1",8,1,0.0,False,"(*2,4)(3,13,8)(5,6,9)12,7(10,11)1",6,3,0.0,False,"2(4,8,9)(3,13)12(5,6)(7,11)1,10",8,2,0.0,False,-10,
201708020302,2,3歳新馬,ダ,1800,晴,稍重,10:25,2017-02-04,京都,11,4,4,2014100166,イツジョ,牝3,53,01141,中井裕二,1:58.9,1,2-2-2-2,41.6,167.1,13,486(0),01050,[西]飯田雄三,763800,協和牧場,,"(*2,4,8,13)9(3,6)(5,12)7,10=11-1",2,4,0.0,False,"2(4,13)(3,8)(6,9)5,12(7,10)-11-1",2,2,0.0,False,"(*2,4)(3,13,8)(5,6,9)12,7(10,11)1",2,2,0.0,False,"2(4,8,9)(3,13)12(5,6)(7,11)1,10",2,3,0.0,False,-10,
201708020302,2,3歳新馬,ダ,1800,晴,稍重,10:25,2017-02-04,京都,12,5,6,2014102132,タイセイバロン,牡3,56,00732,幸英明,1:59.1,1.1/2,6-6-6-8,41.4,40.0,8,498(0),01148,[西]西村真幸,224007,田中成奉,,"(*2,4,8,13)9(3,6)(5,12)7,10=11-1",6,2,0.0,False,"2(4,13)(3,8)(6,9)5,12(7,10)-11-1",6,2,0.0,False,"(*2,4)(3,13,8)(5,6,9)12,7(10,11)1",6,3,0.0,False,"2(4,8,9)(3,13)12(5,6)(7,11)1,10",8,2,0.0,False,-10,
201708020302,2,3歳新馬,ダ,1800,晴,稍重,10:25,2017-02-04,京都,13,7,10,2014104208,テイエムファンドル,牡3,56,01114,田中健,2:02.3,大,11-10-11-13,44.0,62.1,10,502(0),00396,[西]福島信晴,356002,竹園正繼,,"(*2,4,8,13)9(3,6)(5,12)7,10=11-1",11,1,1.5,False,"2(4,13)(3,8)(6,9)5,12(7,10)-11-1",10,2,1.5,False,"(*2,4)(3,13,8)(5,6,9)12,7(10,11)1",11,2,1.5,False,"2(4,8,9)(3,13)12(5,6)(7,11)1,10",13,1,1.5,False,-10,
201708020303,3,3歳未勝利,ダ,1400,晴,稍重,10:55,2017-02-04,京都,1,5,9,2014103776,スマートレイチェル,牝3,54,00666,武豊,1:25.0,,1-1,37.9,1.4,1,480(-6),01028,[西]西園正都,007803,大川徹,500.0,,,,,,,,,,,"9(2,15)(3,10,14)-(1,4)11,12-(8,13,7)-6-(16,5)",1,1,0.0,False,"9,2,3,15(10,14)1,4,11(8,13)(7,12)-6-(16,5)",1,1,0.0,False,-10,
201708020303,3,3歳未勝利,ダ,1400,晴,稍重,10:55,2017-02-04,京都,2,4,8,2014103848,スズカスマート,牝3,51,01165,森裕太朗,1:26.1,7,11-10,37.4,282.5,13,466(+2),01065,[西]大橋勇樹,382004,永井啓弍,200.0,,,,,,,,,,,"9(2,15)(3,10,14)-(1,4)11,12-(8,13,7)-6-(16,5)",11,3,8.5,False,"9,2,3,15(10,14)1,4,11(8,13)(7,12)-6-(16,5)",10,2,7.5,False,-10,
201708020303,3,3歳未勝利,ダ,1400,晴,稍重,10:55,2017-02-04,京都,3,1,2,2014106361,クリノフウジン,牡3,56,00732,幸英明,1:26.6,3,2-2,39.2,5.1,2,482(+2),01129,[西]高橋義忠,970006,栗本博晴,130.0,,,,,,,,,,,"9(2,15)(3,10,14)-(1,4)11,12-(8,13,7)-6-(16,5)",2,2,0.0,False,"9,2,3,15(10,14)1,4,11(8,13)(7,12)-6-(16,5)",2,1,1.5,False,-10,
201708020303,3,3歳未勝利,ダ,1400,晴,稍重,10:55,2017-02-04,京都,4,1,1,2014104411,ロードゼスト,牡3,56,05203,岩田康誠,1:26.6,クビ,7-7,38.5,120.2,11,460(-12),01120,[西]千田輝彦,170800,ロードホースクラブ,75.0,,,,,,,,,,,"9(2,15)(3,10,14)-(1,4)11,12-(8,13,7)-6-(16,5)",7,2,3.5,False,"9,2,3,15(10,14)1,4,11(8,13)(7,12)-6-(16,5)",7,1,4.5,False,-10,
201708020303,3,3歳未勝利,ダ,1400,晴,稍重,10:55,2017-02-04,京都,5,2,4,2014101988,オールイン,牡3,55,01141,中井裕二,1:27.2,3.1/2,7-8,39.0,171.0,12,438(-10),01012,[東]大江原哲,656033,菊地祐司,50.0,,,,,,,,,,,"9(2,15)(3,10,14)-(1,4)11,12-(8,13,7)-6-(16,5)",7,2,3.5,False,"9,2,3,15(10,14)1,4,11(8,13)(7,12)-6-(16,5)",8,1,6.0,False,-10,
201708020303,3,3歳未勝利,ダ,1400,晴,稍重,10:55,2017-02-04,京都,6,6,11,2014105217,シュンノカミ,牡3,53,01160,荻野極,1:27.3,1/2,9-9,38.9,12.0,4,500(0),00419,[西]松元茂樹,752006,石川博,,,,,,,,,,,,"9(2,15)(3,10,14)-(1,4)11,12-(8,13,7)-6-(16,5)",9,1,3.5,False,"9,2,3,15(10,14)1,4,11(8,13)(7,12)-6-(16,5)",9,1,7.5,False,-10,
201708020303,3,3歳未勝利,ダ,1400,晴,稍重,10:55,2017-02-04,京都,7,4,7,2014105209,イヴレア,牡3,56,01046,高田潤,1:27.3,クビ,11-12,38.5,283.1,14,474(-2),01033,[西]木原一良,841008,加藤千豊,,,,,,,,,,,,"9(2,15)(3,10,14)-(1,4)11,12-(8,13,7)-6-(16,5)",11,3,8.5,False,"9,2,3,15(10,14)1,4,11(8,13)(7,12)-6-(16,5)",12,2,7.5,False,-10,
201708020303,3,3歳未勝利,ダ,1400,晴,稍重,10:55,2017-02-04,京都,8,2,3,2014101011,クールデイズ,牡3,56,01114,田中健,1:27.4,クビ,4-3,39.9,72.4,9,484(+6),00387,[西]目野哲也,762007,川上哲司,,,,,,,,,,,,"9(2,15)(3,10,14)-(1,4)11,12-(8,13,7)-6-(16,5)",4,3,0.0,False,"9,2,3,15(10,14)1,4,11(8,13)(7,12)-6-(16,5)",3,1,3.0,False,-10,
201708020303,3,3歳未勝利,ダ,1400,晴,稍重,10:55,2017-02-04,京都,9,6,12,2014102096,メイショウナンプウ,牡3,56,01026,武幸四郎,1:27.8,2.1/2,10-12,39.1,11.7,3,490(0),01095,[西]荒川義之,523005,松本好雄,,,,,,,,,,,,"9(2,15)(3,10,14)-(1,4)11,12-(8,13,7)-6-(16,5)",10,1,5.0,False,"9,2,3,15(10,14)1,4,11(8,13)(7,12)-6-(16,5)",12,2,7.5,False,-10,
201708020303,3,3歳未勝利,ダ,1400,晴,稍重,10:55,2017-02-04,京都,10,3,6,2014101322,トーホウボニータ,牝3,53,01155,義英真,1:28.0,1.1/4,14-14,38.8,466.8,16,420(-4),00365,[西]崎山博樹,965800,東豊物産,,,,,,,,,,,,"9(2,15)(3,10,14)-(1,4)11,12-(8,13,7)-6-(16,5)",14,1,12.0,False,"9,2,3,15(10,14)1,4,11(8,13)(7,12)-6-(16,5)",14,1,11.0,False,-10,
201708020303,3,3歳未勝利,ダ,1400,晴,稍重,10:55,2017-02-04,京都,11,7,13,2014102415,ポーラーブレイズ,牡3,54,01147,城戸義政,1:28.1,1/2,11-10,39.4,70.0,8,410(-2),00395,[西]長浜博之,997800,ヤブウチ,,,,,,,,,,,,"9(2,15)(3,10,14)-(1,4)11,12-(8,13,7)-6-(16,5)",11,3,8.5,False,"9,2,3,15(10,14)1,4,11(8,13)(7,12)-6-(16,5)",10,2,7.5,False,-10,
201708020303,3,3歳未勝利,ダ,1400,晴,稍重,10:55,2017-02-04,京都,12,3,5,2014105768,ミスミーチャン,牝3,53,01152,小崎綾也,1:28.2,3/4,15-15,38.6,24.7,7,444(+18),01107,[西]村山明,966007,小林祥晃,,,,,,,,,,,,"9(2,15)(3,10,14)-(1,4)11,12-(8,13,7)-6-(16,5)",15,2,15.5,False,"9,2,3,15(10,14)1,4,11(8,13)(7,12)-6-(16,5)",15,2,14.5,False,-10,
201708020303,3,3歳未勝利,ダ,1400,晴,稍重,10:55,2017-02-04,京都,13,8,16,2014110124,エアシャマール,牡3,56,01014,福永祐一,1:28.9,4,15-15,39.4,15.0,5,448(-6),01053,[西]角居勝彦,084800,ラッキーフィールド,,,,,,,,,,,,"9(2,15)(3,10,14)-(1,4)11,12-(8,13,7)-6-(16,5)",15,2,15.5,False,"9,2,3,15(10,14)1,4,11(8,13)(7,12)-6-(16,5)",15,2,14.5,False,-10,
201708020303,3,3歳未勝利,ダ,1400,晴,稍重,10:55,2017-02-04,京都,14,8,15,2014101343,シゲルビッグホーン,牝3,51,01163,坂井瑠星,1:29.2,2,2-4,41.8,402.8,15,452(0),00356,[西]坂口正則,674004,森中蕃,,,,,,,,,,,,"9(2,15)(3,10,14)-(1,4)11,12-(8,13,7)-6-(16,5)",2,2,0.0,False,"9,2,3,15(10,14)1,4,11(8,13)(7,12)-6-(16,5)",4,1,4.5,False,-10,
201708020303,3,3歳未勝利,ダ,1400,晴,稍重,10:55,2017-02-04,京都,15,7,14,2014102208,カフジリバー,牡3,56,01144,菱田裕二,1:29.4,1.1/4,4-5,41.7,21.7,6,508(+2),01057,[西]湯窪幸雄,019004,加藤守,,,,,,,,,,,,"9(2,15)(3,10,14)-(1,4)11,12-(8,13,7)-6-(16,5)",4,3,0.0,False,"9,2,3,15(10,14)1,4,11(8,13)(7,12)-6-(16,5)",5,2,4.5,False,-10,
201708020303,3,3歳未勝利,ダ,1400,晴,稍重,10:55,2017-02-04,京都,16,5,10,2014103142,エスタシオン,牡3,56,00663,蛯名正義,1:29.4,クビ,4-5,41.8,111.8,10,474(+4),00341,[東]栗田博憲,849030,山口功一郎,,,,,,,,,,,,"9(2,15)(3,10,14)-(1,4)11,12-(8,13,7)-6-(16,5)",4,3,0.0,False,"9,2,3,15(10,14)1,4,11(8,13)(7,12)-6-(16,5)",5,2,4.5,False,-10,
201708020304,4,4歳以上500万下,ダ,1800,晴,稍重,11:25,2017-02-04,京都,1,7,10,2013105588,サウスオブボーダー,牡4,56,01102,北村友一,1:52.5,,3-3-3-3,37.1,4.4,1,458(+8),00422,[西]五十嵐忠,872800,三田昌宏,750.0,"1,8-10(11,12)(7,9)3-(2,13)(4,5)-6",3,1,5.0,False,"1,8-10(11,12)(7,9)3,2,13,4,5-6",3,1,5.0,False,"(1,*8)(10,12)(11,7,9)13(4,2,5)3-6",3,2,0.0,False,"(1,*8)-10,12(11,7,9)13(4,2,5)3,6",3,1,3.5,False,-10,
201708020304,4,4歳以上500万下,ダ,1800,晴,稍重,11:25,2017-02-04,京都,2,6,8,2013105705,トゥールエッフェル,牝4,53,01157,鮫島克駿,1:53.2,4,2-2-1-1,38.1,45.0,10,524(-4),00425,[西]加用正,148800,グリーンファーム,300.0,"1,8-10(11,12)(7,9)3-(2,13)(4,5)-6",2,1,1.5,False,"1,8-10(11,12)(7,9)3,2,13,4,5-6",2,1,1.5,False,"(1,*8)(10,12)(11,7,9)13(4,2,5)3-6",1,2,0.0,True,"(1,*8)-10,12(11,7,9)13(4,2,5)3,6",1,2,0.0,True,-10,
201708020304,4,4歳以上500万下,ダ,1800,晴,稍重,11:25,2017-02-04,京都,3,4,4,2013104871,グラスレグナム,牡4,53,01160,荻野極,1:53.4,1.1/4,11-11-9-9,37.3,17.3,7,486(-4),00349,[東]尾形充弘,541800,半沢,190.0,"1,8-10(11,12)(7,9)3-(2,13)(4,5)-6",11,2,8.5,False,"1,8-10(11,12)(7,9)3,2,13,4,5-6",11,1,9.5,False,"(1,*8)(10,12)(11,7,9)13(4,2,5)3-6",9,3,0.0,False,"(1,*8)-10,12(11,7,9)13(4,2,5)3,6",9,3,5.0,False,-10,
201708020304,4,4歳以上500万下,ダ,1800,晴,稍重,11:25,2017-02-04,京都,4,8,12,2013103900,コパノアラジン,牡4,56,01010,柴田未崎,1:53.4,クビ,4-4-3-4,37.9,17.3,8,526(-2),01009,[西]田所秀孝,966007,小林祥晃,110.0,"1,8-10(11,12)(7,9)3-(2,13)(4,5)-6",4,2,5.0,False,"1,8-10(11,12)(7,9)3,2,13,4,5-6",4,2,5.0,False,"(1,*8)(10,12)(11,7,9)13(4,2,5)3-6",3,2,0.0,False,"(1,*8)-10,12(11,7,9)13(4,2,5)3,6",4,1,5.0,False,-10,
201708020304,4,4歳以上500万下,ダ,1800,晴,稍重,11:25,2017-02-04,京都,5,4,5,2013104045,ロバストミノル,牡4,56,01032,池添謙一,1:53.5,1/2,11-12-9-9,37.3,5.2,3,504(0),01099,[西]本田優,265008,吉岡實,75.0,"1,8-10(11,12)(7,9)3-(2,13)(4,5)-6",11,2,8.5,False,"1,8-10(11,12)(7,9)3,2,13,4,5-6",12,1,11.0,False,"(1,*8)(10,12)(11,7,9)13(4,2,5)3-6",9,3,0.0,False,"(1,*8)-10,12(11,7,9)13(4,2,5)3,6",9,3,5.0,False,-10,
201708020304,4,4歳以上500万下,ダ,1800,晴,稍重,11:25,2017-02-04,京都,6,1,1,2013102362,シゲルキハダマグロ,牡4,56,01126,松山弘平,1:53.6,1/2,1-1-2-2,38.6,5.5,4,450(+6),01142,[西]森田直行,674004,森中蕃,,"1,8-10(11,12)(7,9)3-(2,13)(4,5)-6",1,1,0.0,False,"1,8-10(11,12)(7,9)3,2,13,4,5-6",1,1,0.0,False,"(1,*8)(10,12)(11,7,9)13(4,2,5)3-6",2,2,0.0,False,"(1,*8)-10,12(11,7,9)13(4,2,5)3,6",2,2,0.0,False,-10,
201708020304,4,4歳以上500万下,ダ,1800,晴,稍重,11:25,2017-02-04,京都,7,3,3,2013102983,メイショウヨイチ,牡4,53,01163,坂井瑠星,1:53.9,1.3/4,8-8-12-12,37.6,129.1,11,494(-2),00356,[西]坂口正則,523005,松本好雄,,"1,8-10(11,12)(7,9)3-(2,13)(4,5)-6",8,1,5.0,False,"1,8-10(11,12)(7,9)3,2,13,4,5-6",8,1,5.0,False,"(1,*8)(10,12)(11,7,9)13(4,2,5)3-6",12,1,0.0,False,"(1,*8)-10,12(11,7,9)13(4,2,5)3,6",12,1,5.0,False,-10,
201708020304,4,4歳以上500万下,ダ,1800,晴,稍重,11:25,2017-02-04,京都,8,6,9,2013105895,ナンヨーアーミー,牡4,56,05531,フォーリ,1:54.2,1.3/4,6-6-5-5,38.4,6.2,5,542(+4),01110,[西]清水久詞,512031,中村徳也,,"1,8-10(11,12)(7,9)3-(2,13)(4,5)-6",6,2,5.0,False,"1,8-10(11,12)(7,9)3,2,13,4,5-6",6,2,5.0,False,"(1,*8)(10,12)(11,7,9)13(4,2,5)3-6",5,3,0.0,False,"(1,*8)-10,12(11,7,9)13(4,2,5)3,6",5,3,5.0,False,-10,
201708020304,4,4歳以上500万下,ダ,1800,晴,稍重,11:25,2017-02-04,京都,9,5,6,2013105800,オーパ,セ4,56,05429,岡田祥嗣,1:54.2,ハナ,13-13-13-13,37.5,4.5,2,478(+2),01022,[西]石坂正,431002,馬場幸夫,,"1,8-10(11,12)(7,9)3-(2,13)(4,5)-6",13,1,12.0,False,"1,8-10(11,12)(7,9)3,2,13,4,5-6",13,1,14.5,False,"(1,*8)(10,12)(11,7,9)13(4,2,5)3-6",13,1,3.5,False,"(1,*8)-10,12(11,7,9)13(4,2,5)3,6",13,1,6.5,False,-10,
201708020304,4,4歳以上500万下,ダ,1800,晴,稍重,11:25,2017-02-04,京都,10,2,2,2013106365,ミスターウインディ,牡4,56,01018,和田竜二,1:54.6,2.1/2,9-9-9-9,38.5,14.1,6,514(-2),01146,[西]奥村豊,985033,阿部東亜子,,"1,8-10(11,12)(7,9)3-(2,13)(4,5)-6",9,2,8.5,False,"1,8-10(11,12)(7,9)3,2,13,4,5-6",9,1,6.5,False,"(1,*8)(10,12)(11,7,9)13(4,2,5)3-6",9,3,0.0,False,"(1,*8)-10,12(11,7,9)13(4,2,5)3,6",9,3,5.0,False,-10,
201708020304,4,4歳以上500万下,ダ,1800,晴,稍重,11:25,2017-02-04,京都,11,8,13,2012100604,シルバーソード,牡5,57,00732,幸英明,1:54.6,ハナ,9-10-8-8,38.7,20.7,9,520(-4),00261,[西]中村均,788800,ノースヒルズ,,"1,8-10(11,12)(7,9)3-(2,13)(4,5)-6",9,2,8.5,False,"1,8-10(11,12)(7,9)3,2,13,4,5-6",10,1,8.0,False,"(1,*8)(10,12)(11,7,9)13(4,2,5)3-6",8,1,0.0,False,"(1,*8)-10,12(11,7,9)13(4,2,5)3,6",8,1,5.0,False,-10,
201708020304,4,4歳以上500万下,ダ,1800,晴,稍重,11:25,2017-02-04,京都,12,7,11,2013100243,ジェイシックス,牡4,53,01159,三津谷隼,1:54.8,1.1/4,4-4-5-5,39.2,180.0,12,502(-2),01009,[西]田所秀孝,966002,深見富朗,,"1,8-10(11,12)(7,9)3-(2,13)(4,5)-6",4,2,5.0,False,"1,8-10(11,12)(7,9)3,2,13,4,5-6",4,2,5.0,False,"(1,*8)(10,12)(11,7,9)13(4,2,5)3-6",5,3,0.0,False,"(1,*8)-10,12(11,7,9)13(4,2,5)3,6",5,3,5.0,False,-10,
201708020304,4,4歳以上500万下,ダ,1800,晴,稍重,11:25,2017-02-04,京都,13,5,7,2012105973,フェイフェイ,牝5,54,01156,加藤祥太,1:56.5,大,6-6-5-5,40.9,216.9,13,484(+2),01113,[西]牧浦充徳,372008,三宅勝俊,,"1,8-10(11,12)(7,9)3-(2,13)(4,5)-6",6,2,5.0,False,"1,8-10(11,12)(7,9)3,2,13,4,5-6",6,2,5.0,False,"(1,*8)(10,12)(11,7,9)13(4,2,5)3-6",5,3,0.0,False,"(1,*8)-10,12(11,7,9)13(4,2,5)3,6",5,3,5.0,False,-10,
201708020305,5,3歳未勝利,芝,1600,晴,良,12:15,2017-02-04,京都,1,1,2,2014105779,キスミーワンス,牝3,54,01115,浜中俊,1:36.4,,4-5,35.1,22.2,8,434(-2),01121,[西]角田晃一,310007,吉田千津,500.0,,,,,,,,,,,"(*1,3)7,2(6,10)(4,11)5(8,13,12)9(16,14)-15",4,1,1.5,False,"(*1,3)(7,11)(2,6,10)(4,5,13)(8,12)16,9,14-15",5,3,0.0,False,-2,Bコースに替わって2週目で、前週よりもやや時計が掛かっていた。
201708020305,5,3歳未勝利,芝,1600,晴,良,12:15,2017-02-04,京都,2,6,11,2014105323,ファームフェイス,牝3,54,05212,Ｍ．デム,1:36.4,クビ,7-3,34.8,6.4,3,472(0),01104,[西]笹田和秀,808800,Ｇ１レーシング,200.0,,,,,,,,,,,"(*1,3)7,2(6,10)(4,11)5(8,13,12)9(16,14)-15",7,2,1.5,False,"(*1,3)(7,11)(2,6,10)(4,5,13)(8,12)16,9,14-15",3,2,0.0,False,-2,Bコースに替わって2週目で、前週よりもやや時計が掛かっていた。
201708020305,5,3歳未勝利,芝,1600,晴,良,12:15,2017-02-04,京都,3,2,4,2014105908,アルテーロ,牝3,53,01156,加藤祥太,1:36.4,アタマ,7-8,34.9,30.9,11,434(+2),01087,[西]庄野靖志,226800,サンデーレーシング,130.0,,,,,,,,,,,"(*1,3)7,2(6,10)(4,11)5(8,13,12)9(16,14)-15",7,2,1.5,False,"(*1,3)(7,11)(2,6,10)(4,5,13)(8,12)16,9,14-15",8,3,0.0,False,-2,Bコースに替わって2週目で、前週よりもやや時計が掛かっていた。
201708020305,5,3歳未勝利,芝,1600,晴,良,12:15,2017-02-04,京都,4,3,5,2014105846,シャンティローザ,牝3,54,05339,ルメール,1:36.4,ハナ,9-8,34.7,4.2,2,456(+16),01092,[西]松永幹夫,358803,ホシノレーシング,75.0,,,,,,,,,,,"(*1,3)7,2(6,10)(4,11)5(8,13,12)9(16,14)-15",9,1,1.5,False,"(*1,3)(7,11)(2,6,10)(4,5,13)(8,12)16,9,14-15",8,3,0.0,False,-2,Bコースに替わって2週目で、前週よりもやや時計が掛かっていた。
201708020305,5,3歳未勝利,芝,1600,晴,良,12:15,2017-02-04,京都,5,7,13,2014102151,キャンディストーム,牝3,54,01014,福永祐一,1:36.5,クビ,10-8,34.6,6.7,4,466(+2),01120,[西]千田輝彦,003060,Ｈ．Ｈ．シェイク・モ...,50.0,,,,,,,,,,,"(*1,3)7,2(6,10)(4,11)5(8,13,12)9(16,14)-15",10,3,1.5,False,"(*1,3)(7,11)(2,6,10)(4,5,13)(8,12)16,9,14-15",8,3,0.0,False,-2,Bコースに替わって2週目で、前週よりもやや時計が掛かっていた。
201708020305,5,3歳未勝利,芝,1600,晴,良,12:15,2017-02-04,京都,6,8,16,2014101086,メイズオブオナー,牝3,54,05203,岩田康誠,1:36.5,クビ,14-13,34.3,10.9,6,444(-2),01055,[西]藤原英昭,170800,ロードホースクラブ,,,,,,,,,,,,"(*1,3)7,2(6,10)(4,11)5(8,13,12)9(16,14)-15",14,2,1.5,False,"(*1,3)(7,11)(2,6,10)(4,5,13)(8,12)16,9,14-15",13,1,0.0,False,-2,Bコースに替わって2週目で、前週よりもやや時計が掛かっていた。
201708020305,5,3歳未勝利,芝,1600,晴,良,12:15,2017-02-04,京都,7,1,1,2014103859,ジョーカルーア,牝3,54,01032,池添謙一,1:36.7,1.1/4,1-1,35.7,8.4,5,526(+2),01149,[西]松下武士,839004,上田けい子,,,,,,,,,,,,"(*1,3)7,2(6,10)(4,11)5(8,13,12)9(16,14)-15",1,2,0.0,True,"(*1,3)(7,11)(2,6,10)(4,5,13)(8,12)16,9,14-15",1,2,0.0,True,-2,Bコースに替わって2週目で、前週よりもやや時計が掛かっていた。
201708020305,5,3歳未勝利,芝,1600,晴,良,12:15,2017-02-04,京都,8,4,8,2014103546,ユイフィーユ,牝3,54,00666,武豊,1:36.7,アタマ,10-11,34.8,3.7,1,474(0),01071,[西]池江泰寿,002803,キーファーズ,,,,,,,,,,,,"(*1,3)7,2(6,10)(4,11)5(8,13,12)9(16,14)-15",10,3,1.5,False,"(*1,3)(7,11)(2,6,10)(4,5,13)(8,12)16,9,14-15",11,2,0.0,False,-2,Bコースに替わって2週目で、前週よりもやや時計が掛かっていた。
201708020305,5,3歳未勝利,芝,1600,晴,良,12:15,2017-02-04,京都,9,3,6,2014105434,エンゲージスマイル,牝3,54,01116,藤岡康太,1:37.0,2,5-5,35.6,27.6,9,442(-2),01078,[西]北出成人,415800,社台レースホース,,,,,,,,,,,,"(*1,3)7,2(6,10)(4,11)5(8,13,12)9(16,14)-15",5,2,1.5,False,"(*1,3)(7,11)(2,6,10)(4,5,13)(8,12)16,9,14-15",5,3,0.0,False,-2,Bコースに替わって2週目で、前週よりもやや時計が掛かっていた。
201708020305,5,3歳未勝利,芝,1600,晴,良,12:15,2017-02-04,京都,10,7,14,2014101385,シャイニングスカイ,牝3,54,01102,北村友一,1:37.4,2.1/2,14-15,35.2,77.3,12,424(-6),01071,[西]池江泰寿,053803,杉山忠国,,,,,,,,,,,,"(*1,3)7,2(6,10)(4,11)5(8,13,12)9(16,14)-15",14,2,1.5,False,"(*1,3)(7,11)(2,6,10)(4,5,13)(8,12)16,9,14-15",15,1,3.0,False,-2,Bコースに替わって2週目で、前週よりもやや時計が掛かっていた。
201708020305,5,3歳未勝利,芝,1600,晴,良,12:15,2017-02-04,京都,11,5,9,2014105039,オレンジチェルロ,牝3,54,01034,酒井学,1:37.5,1/2,13-14,35.4,135.9,14,474(-8),01146,[西]奥村豊,051803,ＫＴレーシング,,,,,,,,,,,,"(*1,3)7,2(6,10)(4,11)5(8,13,12)9(16,14)-15",13,1,1.5,False,"(*1,3)(7,11)(2,6,10)(4,5,13)(8,12)16,9,14-15",14,1,1.5,False,-2,Bコースに替わって2週目で、前週よりもやや時計が掛かっていた。
201708020305,5,3歳未勝利,芝,1600,晴,良,12:15,2017-02-04,京都,12,2,3,2014102730,ヴォカツィオーネ,牝3,54,01154,松若風馬,1:37.5,クビ,2-2,36.4,92.4,13,440(+4),01009,[西]田所秀孝,546800,サラブレッドクラブ・...,,,,,,,,,,,,"(*1,3)7,2(6,10)(4,11)5(8,13,12)9(16,14)-15",2,2,0.0,False,"(*1,3)(7,11)(2,6,10)(4,5,13)(8,12)16,9,14-15",2,2,0.0,False,-2,Bコースに替わって2週目で、前週よりもやや時計が掛かっていた。
201708020305,5,3歳未勝利,芝,1600,晴,良,12:15,2017-02-04,京都,13,4,7,2014102682,アオイサンライズ,牝3,54,01018,和田竜二,1:37.5,ハナ,3-3,36.3,29.6,10,400(0),01058,[西]大久保龍,974033,新谷正子,,,,,,,,,,,,"(*1,3)7,2(6,10)(4,11)5(8,13,12)9(16,14)-15",3,1,0.0,False,"(*1,3)(7,11)(2,6,10)(4,5,13)(8,12)16,9,14-15",3,2,0.0,False,-2,Bコースに替わって2週目で、前週よりもやや時計が掛かっていた。
201708020305,5,3歳未勝利,芝,1600,晴,良,12:15,2017-02-04,京都,14,5,10,2014109167,バイセツ,牝3,54,01099,鮫島良太,1:38.1,3.1/2,5-5,36.7,330.0,16,446(+8),01040,[西]服部利之,256009,新保松二,,,,,,,,,,,,"(*1,3)7,2(6,10)(4,11)5(8,13,12)9(16,14)-15",5,2,1.5,False,"(*1,3)(7,11)(2,6,10)(4,5,13)(8,12)16,9,14-15",5,3,0.0,False,-2,Bコースに替わって2週目で、前週よりもやや時計が掛かっていた。
201708020305,5,3歳未勝利,芝,1600,晴,良,12:15,2017-02-04,京都,15,6,12,2014106167,マルムーティエ,牝3,54,05531,フォーリ,1:38.2,1/2,10-11,36.3,20.5,7,460(-4),01117,[西]高野友和,486800,キャロットファーム,,,,,,,,,,,,"(*1,3)7,2(6,10)(4,11)5(8,13,12)9(16,14)-15",10,3,1.5,False,"(*1,3)(7,11)(2,6,10)(4,5,13)(8,12)16,9,14-15",11,2,0.0,False,-2,Bコースに替わって2週目で、前週よりもやや時計が掛かっていた。
201708020305,5,3歳未勝利,芝,1600,晴,良,12:15,2017-02-04,京都,16,8,15,2014102584,シゲルジャコウネコ,牝3,54,00732,幸英明,1:40.0,大,16-16,37.3,287.4,15,428(-12),01040,[西]服部利之,674004,森中蕃,,,,,,,,,,,,"(*1,3)7,2(6,10)(4,11)5(8,13,12)9(16,14)-15",16,1,5.0,False,"(*1,3)(7,11)(2,6,10)(4,5,13)(8,12)16,9,14-15",16,1,6.5,False,-2,Bコースに替わって2週目で、前週よりもやや時計が掛かっていた。
201708020306,6,3歳未勝利,芝,1800,晴,良,12:45,2017-02-04,京都,1,6,11,2014105320,グラットシエル,牡3,56,01014,福永祐一,1:48.7,,3-2,35.4,3.4,1,502(+4),01022,[西]石坂正,415800,社台レースホース,500.0,,,,,,,,,,,"7-6(5,11)(4,8,10)(3,12)13(1,2,16)-(14,9)15",3,2,3.5,False,"7(6,11)(5,4,10)(8,12)3,13(1,16)(14,2,9)15",2,2,0.0,False,-2,Bコースに替わって2週目で、前週よりもやや時計が掛かっていた。
201708020306,6,3歳未勝利,芝,1800,晴,良,12:45,2017-02-04,京都,2,6,12,2014103833,メルヴィンカズマ,牡3,56,05531,フォーリ,1:48.9,1.1/4,8-7,35.2,4.1,2,474(-2),01016,[西]西浦勝一,879800,雅苑興業,200.0,,,,,,,,,,,"7-6(5,11)(4,8,10)(3,12)13(1,2,16)-(14,9)15",8,2,3.5,False,"7(6,11)(5,4,10)(8,12)3,13(1,16)(14,2,9)15",7,2,0.0,False,-2,Bコースに替わって2週目で、前週よりもやや時計が掛かっていた。
201708020306,6,3歳未勝利,芝,1800,晴,良,12:45,2017-02-04,京都,3,8,16,2014100597,スパイクナード,牝3,54,00666,武豊,1:49.1,1.1/2,11-11,35.1,10.1,5,424(-2),00429,[西]佐々木晶,328030,今西和雄,130.0,,,,,,,,,,,"7-6(5,11)(4,8,10)(3,12)13(1,2,16)-(14,9)15",11,3,3.5,False,"7(6,11)(5,4,10)(8,12)3,13(1,16)(14,2,9)15",11,2,1.5,False,-2,Bコースに替わって2週目で、前週よりもやや時計が掛かっていた。
201708020306,6,3歳未勝利,芝,1800,晴,良,12:45,2017-02-04,京都,4,5,9,2014104032,ハギノアレス,牡3,56,05212,Ｍ．デム,1:49.1,アタマ,14-13,34.8,20.2,9,498(0),01046,[西]鮫島一歩,631006,安岡美津子,75.0,,,,,,,,,,,"7-6(5,11)(4,8,10)(3,12)13(1,2,16)-(14,9)15",14,2,7.0,False,"7(6,11)(5,4,10)(8,12)3,13(1,16)(14,2,9)15",13,3,1.5,False,-2,Bコースに替わって2週目で、前週よりもやや時計が掛かっていた。
201708020306,6,3歳未勝利,芝,1800,晴,良,12:45,2017-02-04,京都,5,4,8,2014105991,サトノグラン,牡3,56,01088,川田将雅,1:49.2,クビ,5-7,35.6,5.8,3,476(-2),01075,[西]矢作芳人,790031,里見治,50.0,,,,,,,,,,,"7-6(5,11)(4,8,10)(3,12)13(1,2,16)-(14,9)15",5,3,3.5,False,"7(6,11)(5,4,10)(8,12)3,13(1,16)(14,2,9)15",7,2,0.0,False,-2,Bコースに替わって2週目で、前週よりもやや時計が掛かっていた。
201708020306,6,3歳未勝利,芝,1800,晴,良,12:45,2017-02-04,京都,6,3,5,2014100915,トーシンキング,牡3,56,01010,柴田未崎,1:49.3,1/2,3-4,35.9,120.8,14,458(-2),01009,[西]田所秀孝,890007,長井純一,,,,,,,,,,,,"7-6(5,11)(4,8,10)(3,12)13(1,2,16)-(14,9)15",3,2,3.5,False,"7(6,11)(5,4,10)(8,12)3,13(1,16)(14,2,9)15",4,3,0.0,False,-2,Bコースに替わって2週目で、前週よりもやや時計が掛かっていた。
201708020306,6,3歳未勝利,芝,1800,晴,良,12:45,2017-02-04,京都,7,1,1,2014105342,ラレータ,牡3,56,05203,岩田康誠,1:49.3,クビ,11-11,35.3,11.5,6,464(0),01117,[西]高野友和,808800,Ｇ１レーシング,,,,,,,,,,,,"7-6(5,11)(4,8,10)(3,12)13(1,2,16)-(14,9)15",11,3,3.5,False,"7(6,11)(5,4,10)(8,12)3,13(1,16)(14,2,9)15",11,2,1.5,False,-2,Bコースに替わって2週目で、前週よりもやや時計が掛かっていた。
201708020306,6,3歳未勝利,芝,1800,晴,良,12:45,2017-02-04,京都,8,5,10,2014104880,モンテヴェルデ,牡3,56,00700,四位洋文,1:49.4,1/2,5-4,35.9,7.7,4,470(-4),01044,[西]昆貢,534006,寺田千代乃,,,,,,,,,,,,"7-6(5,11)(4,8,10)(3,12)13(1,2,16)-(14,9)15",5,3,3.5,False,"7(6,11)(5,4,10)(8,12)3,13(1,16)(14,2,9)15",4,3,0.0,False,-2,Bコースに替わって2週目で、前週よりもやや時計が掛かっていた。
201708020306,6,3歳未勝利,芝,1800,晴,良,12:45,2017-02-04,京都,9,2,3,2014102146,リリックドラマ,牝3,54,01144,菱田裕二,1:49.5,1/2,8-9,35.8,73.1,12,456(-8),01066,[西]岡田稲男,003060,Ｈ．Ｈ．シェイク・モ...,,,,,,,,,,,,"7-6(5,11)(4,8,10)(3,12)13(1,2,16)-(14,9)15",8,2,3.5,False,"7(6,11)(5,4,10)(8,12)3,13(1,16)(14,2,9)15",9,1,0.0,False,-2,Bコースに替わって2週目で、前週よりもやや時計が掛かっていた。
201708020306,6,3歳未勝利,芝,1800,晴,良,12:45,2017-02-04,京都,10,3,6,2014105941,シェルブルック,牡3,56,01116,藤岡康太,1:49.7,1.1/4,2-2,36.5,18.9,7,502(-2),01062,[西]藤岡健一,226800,サンデーレーシング,,,,,,,,,,,,"7-6(5,11)(4,8,10)(3,12)13(1,2,16)-(14,9)15",2,1,3.5,False,"7(6,11)(5,4,10)(8,12)3,13(1,16)(14,2,9)15",2,2,0.0,False,-2,Bコースに替わって2週目で、前週よりもやや時計が掛かっていた。
201708020306,6,3歳未勝利,芝,1800,晴,良,12:45,2017-02-04,京都,11,8,15,2014106075,アスティル,牝3,54,05339,ルメール,1:49.7,アタマ,16-16,35.1,35.5,10,422(-2),01144,[西]池添学,486800,キャロットファーム,,,,,,,,,,,,"7-6(5,11)(4,8,10)(3,12)13(1,2,16)-(14,9)15",16,1,7.0,False,"7(6,11)(5,4,10)(8,12)3,13(1,16)(14,2,9)15",16,1,1.5,False,-2,Bコースに替わって2週目で、前週よりもやや時計が掛かっていた。
201708020306,6,3歳未勝利,芝,1800,晴,良,12:45,2017-02-04,京都,12,7,13,2014100826,ジェルファルレイ,牝3,54,01133,水口優也,1:49.8,1/2,10-10,36.0,63.8,11,460(-2),01071,[西]池江泰寿,032800,ローレルレーシング,,,,,,,,,,,,"7-6(5,11)(4,8,10)(3,12)13(1,2,16)-(14,9)15",10,1,3.5,False,"7(6,11)(5,4,10)(8,12)3,13(1,16)(14,2,9)15",10,1,1.5,False,-2,Bコースに替わって2週目で、前週よりもやや時計が掛かっていた。
201708020306,6,3歳未勝利,芝,1800,晴,良,12:45,2017-02-04,京都,13,1,2,2014110066,ライズイーグル,牡3,56,01018,和田竜二,1:50.0,1.1/2,11-13,35.9,19.6,8,502(+4),01138,[西]浜田多実,550033,大野照旺,,,,,,,,,,,,"7-6(5,11)(4,8,10)(3,12)13(1,2,16)-(14,9)15",11,3,3.5,False,"7(6,11)(5,4,10)(8,12)3,13(1,16)(14,2,9)15",13,3,1.5,False,-2,Bコースに替わって2週目で、前週よりもやや時計が掛かっていた。
201708020306,6,3歳未勝利,芝,1800,晴,良,12:45,2017-02-04,京都,14,4,7,2014100647,エンパイアカラー,セ3,53,01163,坂井瑠星,1:50.1,3/4,1-1,37.3,187.6,15,500(-6),01121,[西]角田晃一,367008,吉澤克己,,,,,,,,,,,,"7-6(5,11)(4,8,10)(3,12)13(1,2,16)-(14,9)15",1,1,0.0,False,"7(6,11)(5,4,10)(8,12)3,13(1,16)(14,2,9)15",1,1,0.0,False,-2,Bコースに替わって2週目で、前週よりもやや時計が掛かっていた。
201708020306,6,3歳未勝利,芝,1800,晴,良,12:45,2017-02-04,京都,15,7,14,2014101030,アナザ,牡3,56,00894,小牧太,1:50.1,ハナ,14-13,35.7,315.1,16,480(+2),00419,[西]松元茂樹,330007,杉澤光雄,,,,,,,,,,,,"7-6(5,11)(4,8,10)(3,12)13(1,2,16)-(14,9)15",14,2,7.0,False,"7(6,11)(5,4,10)(8,12)3,13(1,16)(14,2,9)15",13,3,1.5,False,-2,Bコースに替わって2週目で、前週よりもやや時計が掛かっていた。
201708020306,6,3歳未勝利,芝,1800,晴,良,12:45,2017-02-04,京都,16,2,4,2014103087,ピエナトビーズ,牝3,54,01015,古川吉洋,1:51.3,7,5-4,37.8,98.4,13,396(0),01146,[西]奥村豊,023007,本谷兼三,,,,,,,,,,,,"7-6(5,11)(4,8,10)(3,12)13(1,2,16)-(14,9)15",5,3,3.5,False,"7(6,11)(5,4,10)(8,12)3,13(1,16)(14,2,9)15",4,3,0.0,False,-2,Bコースに替わって2週目で、前週よりもやや時計が掛かっていた。
201708020307,7,4歳以上500万下,芝,2400,晴,良,13:15,2017-02-04,京都,1,2,2,2013105093,メイケイレジェンド,牡4,56,00666,武豊,2:29.2,,4-4-5-5,34.8,3.0,1,478(+4),01033,[西]木原一良,004800,名古屋競馬,750.0,"8-1-6,2,4,7,3,5-9",4,1,8.5,False,"8-1-6-2,4,7(3,5)-9",4,1,10.5,False,"(*8,1)5,6,2(3,4,7)-9",5,1,3.0,False,"1,8(6,5)(3,2)(4,7)-9",5,2,1.5,False,-2,Bコースに替わって2週目で、前週よりもやや時計が掛かっていた。
201708020307,7,4歳以上500万下,芝,2400,晴,良,13:15,2017-02-04,京都,2,5,5,2013104248,ニホンピロカーン,牡4,56,00732,幸英明,2:29.2,クビ,8-7-3-3,35.0,7.2,4,470(+4),01040,[西]服部利之,985001,小林百太郎,300.0,"8-1-6,2,4,7,3,5-9",8,1,14.5,False,"8-1-6-2,4,7(3,5)-9",7,2,13.5,False,"(*8,1)5,6,2(3,4,7)-9",3,1,0.0,False,"1,8(6,5)(3,2)(4,7)-9",3,2,1.5,False,-2,Bコースに替わって2週目で、前週よりもやや時計が掛かっていた。
201708020307,7,4歳以上500万下,芝,2400,晴,良,13:15,2017-02-04,京都,3,1,1,2013110057,タニノアーバンシー,牝4,54,05339,ルメール,2:29.5,1.3/4,2-2-2-1,35.5,3.5,3,512(+30),01053,[西]角居勝彦,764001,谷水雄三,190.0,"8-1-6,2,4,7,3,5-9",2,1,3.5,False,"8-1-6-2,4,7(3,5)-9",2,1,3.5,False,"(*8,1)5,6,2(3,4,7)-9",2,2,0.0,False,"1,8(6,5)(3,2)(4,7)-9",1,1,0.0,False,-2,Bコースに替わって2週目で、前週よりもやや時計が掛かっていた。
201708020307,7,4歳以上500万下,芝,2400,晴,良,13:15,2017-02-04,京都,4,3,3,2013104671,スティルウォーター,牝4,54,05203,岩田康誠,2:29.6,3/4,7-7-6-5,35.0,19.2,6,400(0),01158,[西]寺島良,547800,ヒダカ・ブリーダーズ...,110.0,"8-1-6,2,4,7,3,5-9",7,1,13.0,False,"8-1-6-2,4,7(3,5)-9",7,2,13.5,False,"(*8,1)5,6,2(3,4,7)-9",6,3,3.0,False,"1,8(6,5)(3,2)(4,7)-9",5,2,1.5,False,-2,Bコースに替わって2週目で、前週よりもやや時計が掛かっていた。
201708020307,7,4歳以上500万下,芝,2400,晴,良,13:15,2017-02-04,京都,5,4,4,2013100594,フォンス,牡4,56,01014,福永祐一,2:29.8,1.1/2,5-5-6-7,35.1,3.3,2,490(+6),01055,[西]藤原英昭,003060,Ｈ．Ｈ．シェイク・モ...,75.0,"8-1-6,2,4,7,3,5-9",5,1,10.0,False,"8-1-6-2,4,7(3,5)-9",5,1,12.0,False,"(*8,1)5,6,2(3,4,7)-9",6,3,3.0,False,"1,8(6,5)(3,2)(4,7)-9",7,2,1.5,False,-2,Bコースに替わって2週目で、前週よりもやや時計が掛かっていた。
201708020307,7,4歳以上500万下,芝,2400,晴,良,13:15,2017-02-04,京都,6,6,6,2013100488,ホットファイヤー,牡4,56,00894,小牧太,2:30.0,1.1/4,3-3-4-3,35.7,33.0,8,472(+8),00419,[西]松元茂樹,728008,西田彰宏,,"8-1-6,2,4,7,3,5-9",3,1,7.0,False,"8-1-6-2,4,7(3,5)-9",3,1,7.0,False,"(*8,1)5,6,2(3,4,7)-9",4,1,1.5,False,"1,8(6,5)(3,2)(4,7)-9",3,2,1.5,False,-2,Bコースに替わって2週目で、前週よりもやや時計が掛かっていた。
201708020307,7,4歳以上500万下,芝,2400,晴,良,13:15,2017-02-04,京都,7,7,7,2012104194,ジュンファイトクン,牡5,54,01165,森裕太朗,2:30.1,1/2,6-6-6-7,35.5,12.4,5,460(-6),00427,[西]森秀行,165033,河合純二,,"8-1-6,2,4,7,3,5-9",6,1,11.5,False,"8-1-6-2,4,7(3,5)-9",6,1,13.5,False,"(*8,1)5,6,2(3,4,7)-9",6,3,3.0,False,"1,8(6,5)(3,2)(4,7)-9",7,2,1.5,False,-2,Bコースに替わって2週目で、前週よりもやや時計が掛かっていた。
201708020307,7,4歳以上500万下,芝,2400,晴,良,13:15,2017-02-04,京都,8,8,9,2012104761,レントラー,牡5,56,01152,小崎綾也,2:30.6,3,9-9-9-9,35.4,26.4,7,470(+4),01083,[西]松永昌博,486800,キャロットファーム,,"8-1-6,2,4,7,3,5-9",9,1,18.0,False,"8-1-6-2,4,7(3,5)-9",9,1,17.0,False,"(*8,1)5,6,2(3,4,7)-9",9,1,6.5,False,"1,8(6,5)(3,2)(4,7)-9",9,1,5.0,False,-2,Bコースに替わって2週目で、前週よりもやや時計が掛かっていた。
201708020307,7,4歳以上500万下,芝,2400,晴,良,13:15,2017-02-04,京都,9,8,8,2013100999,エイム,牡4,56,01124,国分恭介,2:31.1,3,1-1-1-2,37.1,109.2,9,464(0),01148,[西]西村真幸,542800,ライオンレースホース,,"8-1-6,2,4,7,3,5-9",1,1,0.0,False,"8-1-6-2,4,7(3,5)-9",1,1,0.0,False,"(*8,1)5,6,2(3,4,7)-9",1,2,0.0,True,"1,8(6,5)(3,2)(4,7)-9",2,1,1.5,False,-2,Bコースに替わって2週目で、前週よりもやや時計が掛かっていた。
201708020308,8,4歳以上500万下,ダ,1200,晴,良,13:50,2017-02-04,京都,1,3,6,2013110102,クールゼファー,牝4,55,05531,フォーリ,1:10.8,,1-1,35.8,1.4,1,532(-8),01130,[西]吉村圭司,943030,橋元勇氣,750.0,,,,,,,,,,,"6,5,1(3,12)(2,14)(8,11)7(4,15)16,9-13=10",1,1,0.0,False,"6(5,1)-3,12,2(8,14,11)7(4,15)16,9-13=10",1,1,0.0,False,-9,
201708020308,8,4歳以上500万下,ダ,1200,晴,良,13:50,2017-02-04,京都,2,1,1,2012105237,レッツイットラン,牡5,57,01115,浜中俊,1:11.4,3.1/2,3-2,36.1,5.5,2,496(-2),01123,[西]牧田和弥,966002,深見富朗,300.0,,,,,,,,,,,"6,5,1(3,12)(2,14)(8,11)7(4,15)16,9-13=10",3,1,3.0,False,"6(5,1)-3,12,2(8,14,11)7(4,15)16,9-13=10",2,2,0.0,False,-9,
201708020308,8,4歳以上500万下,ダ,1200,晴,良,13:50,2017-02-04,京都,3,6,11,2013100975,クリノサンレオ,牡4,57,01034,酒井学,1:11.9,3,8-7,35.8,25.0,6,440(+2),01041,[西]藤沢則雄,970006,栗本博晴,190.0,,,,,,,,,,,"6,5,1(3,12)(2,14)(8,11)7(4,15)16,9-13=10",8,2,3.0,False,"6(5,1)-3,12,2(8,14,11)7(4,15)16,9-13=10",7,3,6.5,False,-9,
201708020308,8,4歳以上500万下,ダ,1200,晴,良,13:50,2017-02-04,京都,4,1,2,2013103784,シゲルオニカマス,牡4,57,01126,松山弘平,1:12.1,1.1/4,6-6,36.3,33.3,9,538(+2),01111,[西]鈴木孝志,674004,森中蕃,110.0,,,,,,,,,,,"6,5,1(3,12)(2,14)(8,11)7(4,15)16,9-13=10",6,2,3.0,False,"6(5,1)-3,12,2(8,14,11)7(4,15)16,9-13=10",6,1,6.5,False,-9,
201708020308,8,4歳以上500万下,ダ,1200,晴,良,13:50,2017-02-04,京都,5,4,7,2013110125,ロケットビーン,牡4,57,00732,幸英明,1:12.2,1/2,10-10,36.1,26.7,7,550(+8),01148,[西]西村真幸,138007,吉田和美,75.0,,,,,,,,,,,"6,5,1(3,12)(2,14)(8,11)7(4,15)16,9-13=10",10,1,3.0,False,"6(5,1)-3,12,2(8,14,11)7(4,15)16,9-13=10",10,1,6.5,False,-9,
201708020308,8,4歳以上500万下,ダ,1200,晴,良,13:50,2017-02-04,京都,6,6,12,2012105613,トップリバティ,牡5,57,01138,藤懸貴志,1:12.8,3.1/2,4-5,37.1,87.7,12,538(+10),01111,[西]鈴木孝志,916800,宮内牧場,,,,,,,,,,,,"6,5,1(3,12)(2,14)(8,11)7(4,15)16,9-13=10",4,2,3.0,False,"6(5,1)-3,12,2(8,14,11)7(4,15)16,9-13=10",5,1,5.0,False,-9,
201708020308,8,4歳以上500万下,ダ,1200,晴,良,13:50,2017-02-04,京都,7,2,3,2012105845,メイショウアバラガ,牡5,57,01139,森一馬,1:12.8,クビ,4-4,37.2,34.5,10,538(+8),01121,[西]角田晃一,789006,松本和子,,,,,,,,,,,,"6,5,1(3,12)(2,14)(8,11)7(4,15)16,9-13=10",4,2,3.0,False,"6(5,1)-3,12,2(8,14,11)7(4,15)16,9-13=10",4,1,3.5,False,-9,
201708020308,8,4歳以上500万下,ダ,1200,晴,良,13:50,2017-02-04,京都,8,2,4,2013110121,クワッドアーチ,牡4,57,01018,和田竜二,1:12.9,クビ,11-11,36.5,32.9,8,536(+3),01137,[西]中内田充,506800,シルクレーシング,,,,,,,,,,,,"6,5,1(3,12)(2,14)(8,11)7(4,15)16,9-13=10",11,2,3.0,False,"6(5,1)-3,12,2(8,14,11)7(4,15)16,9-13=10",11,2,6.5,False,-9,
201708020308,8,4歳以上500万下,ダ,1200,晴,良,13:50,2017-02-04,京都,9,8,15,2012101290,サンマルスカイ,牡5,56,01156,加藤祥太,1:13.0,3/4,11-11,36.6,139.9,14,434(-8),01113,[西]牧浦充徳,580007,相馬勇,,,,,,,,,,,,"6,5,1(3,12)(2,14)(8,11)7(4,15)16,9-13=10",11,2,3.0,False,"6(5,1)-3,12,2(8,14,11)7(4,15)16,9-13=10",11,2,6.5,False,-9,
201708020308,8,4歳以上500万下,ダ,1200,晴,良,13:50,2017-02-04,京都,10,4,8,2013110072,エテ,牝4,55,05203,岩田康誠,1:13.3,1.3/4,8-7,37.3,18.5,3,472(0),00427,[西]森秀行,897009,西山茂行,,,,,,,,,,,,"6,5,1(3,12)(2,14)(8,11)7(4,15)16,9-13=10",8,2,3.0,False,"6(5,1)-3,12,2(8,14,11)7(4,15)16,9-13=10",7,3,6.5,False,-9,
201708020308,8,4歳以上500万下,ダ,1200,晴,良,13:50,2017-02-04,京都,11,5,9,2013106438,デピュティスカイ,牡4,57,01130,高倉稜,1:13.3,ハナ,14-14,36.5,23.9,5,470(0),00365,[西]崎山博樹,470006,畔柳年言,,,,,,,,,,,,"6,5,1(3,12)(2,14)(8,11)7(4,15)16,9-13=10",14,1,4.5,False,"6(5,1)-3,12,2(8,14,11)7(4,15)16,9-13=10",14,1,8.0,False,-9,
201708020308,8,4歳以上500万下,ダ,1200,晴,良,13:50,2017-02-04,京都,12,8,16,2013100960,ラッシュストーム,牝4,55,01124,国分恭介,1:13.4,1/2,13-13,36.7,201.4,16,468(0),01138,[西]浜田多実,547800,ヒダカ・ブリーダーズ...,,,,,,,,,,,,"6,5,1(3,12)(2,14)(8,11)7(4,15)16,9-13=10",13,1,3.0,False,"6(5,1)-3,12,2(8,14,11)7(4,15)16,9-13=10",13,1,6.5,False,-9,
201708020308,8,4歳以上500万下,ダ,1200,晴,良,13:50,2017-02-04,京都,13,3,5,2012104710,オリエンタルダンス,牝5,54,01157,鮫島克駿,1:13.6,1.1/4,2-2,38.4,19.9,4,454(0),00429,[西]佐々木晶,506800,シルクレーシング,,,,,,,,,,,,"6,5,1(3,12)(2,14)(8,11)7(4,15)16,9-13=10",2,1,1.5,False,"6(5,1)-3,12,2(8,14,11)7(4,15)16,9-13=10",2,2,0.0,False,-9,
201708020308,8,4歳以上500万下,ダ,1200,晴,良,13:50,2017-02-04,京都,14,7,13,2013104596,ブルーオリエント,牝4,52,01160,荻野極,1:13.6,クビ,15-15,36.2,96.6,13,480(+16),01011,[西]松田国英,952009,桜井欣吾,,,,,,,,,,,,"6,5,1(3,12)(2,14)(8,11)7(4,15)16,9-13=10",15,1,8.0,False,"6(5,1)-3,12,2(8,14,11)7(4,15)16,9-13=10",15,1,11.5,False,-9,
201708020308,8,4歳以上500万下,ダ,1200,晴,良,13:50,2017-02-04,京都,15,7,14,2013106221,ナイスワン,牡4,57,01063,小坂忠士,1:14.0,2.1/2,6-7,38.1,40.9,11,456(+8),01146,[西]奥村豊,307033,田畑富子,,,,,,,,,,,,"6,5,1(3,12)(2,14)(8,11)7(4,15)16,9-13=10",6,2,3.0,False,"6(5,1)-3,12,2(8,14,11)7(4,15)16,9-13=10",7,3,6.5,False,-9,
201708020308,8,4歳以上500万下,ダ,1200,晴,良,13:50,2017-02-04,京都,16,5,10,2012110034,ホワイトソックス,牝5,52,01163,坂井瑠星,1:15.6,10,16-16,37.0,188.7,15,428(+14),01120,[西]千田輝彦,258030,山住勲,,,,,,,,,,,,"6,5,1(3,12)(2,14)(8,11)7(4,15)16,9-13=10",16,1,14.0,False,"6(5,1)-3,12,2(8,14,11)7(4,15)16,9-13=10",16,1,17.5,False,-9,
201708020309,9,稲荷特別(2勝),芝,2000,晴,良,14:25,2017-02-04,京都,1,7,8,2013106088,サトノケンシロウ,牡4,56,00666,武豊,2:00.6,,5-5-5-4,35.3,2.3,1,456(-6),01071,[西]池江泰寿,790031,里見治,"1,522.4","4(5,7)-1-(8,10)2-6-3-9",5,2,7.0,False,"4,7,5-1-(8,10)2-6-3-9",5,2,10.0,False,"4,7-5,1(8,10)(2,6,3)9",5,2,6.5,False,"4,7,1(8,5,10)(9,2)(6,3)",4,3,3.0,False,-2,Bコースに替わって2週目で、前週よりもやや時計が掛かっていた。
201708020309,9,稲荷特別(2勝),芝,2000,晴,良,14:25,2017-02-04,京都,2,4,4,2013106474,ケンホファヴァルト,牡4,56,05203,岩田康誠,2:00.6,クビ,1-1-1-1,36.1,28.0,7,462(+2),00427,[西]森秀行,912002,中西宏彰,606.4,"4(5,7)-1-(8,10)2-6-3-9",1,1,0.0,False,"4,7,5-1-(8,10)2-6-3-9",1,1,0.0,False,"4,7-5,1(8,10)(2,6,3)9",1,1,0.0,False,"4,7,1(8,5,10)(9,2)(6,3)",1,1,0.0,False,-2,Bコースに替わって2週目で、前週よりもやや時計が掛かっていた。
201708020309,9,稲荷特別(2勝),芝,2000,晴,良,14:25,2017-02-04,京都,3,8,10,2011102899,オウケンブラック,牡6,57,05212,Ｍ．デム,2:00.7,クビ,5-5-5-4,35.4,4.5,2,478(-2),01119,[東]田中剛,731006,福井明,383.2,"4(5,7)-1-(8,10)2-6-3-9",5,2,7.0,False,"4,7,5-1-(8,10)2-6-3-9",5,2,10.0,False,"4,7-5,1(8,10)(2,6,3)9",5,2,6.5,False,"4,7,1(8,5,10)(9,2)(6,3)",4,3,3.0,False,-2,Bコースに替わって2週目で、前週よりもやや時計が掛かっていた。
201708020309,9,稲荷特別(2勝),芝,2000,晴,良,14:25,2017-02-04,京都,4,2,2,2011104124,レーヴデトワール,牝6,55,01088,川田将雅,2:00.8,1/2,7-7-7-7,35.3,19.5,6,466(-2),01151,[西]斉藤崇史,226800,サンデーレーシング,230.0,"4(5,7)-1-(8,10)2-6-3-9",7,1,7.0,False,"4,7,5-1-(8,10)2-6-3-9",7,1,10.0,False,"4,7-5,1(8,10)(2,6,3)9",7,3,6.5,False,"4,7,1(8,5,10)(9,2)(6,3)",7,2,3.0,False,-2,Bコースに替わって2週目で、前週よりもやや時計が掛かっていた。
201708020309,9,稲荷特別(2勝),芝,2000,晴,良,14:25,2017-02-04,京都,5,1,1,2013105707,リセエンヌ,牝4,54,01154,松若風馬,2:00.9,3/4,4-4-4-3,35.7,7.5,5,416(0),01095,[西]荒川義之,758005,吉田照哉,150.0,"4(5,7)-1-(8,10)2-6-3-9",4,1,3.5,False,"4,7,5-1-(8,10)2-6-3-9",4,1,6.5,False,"4,7-5,1(8,10)(2,6,3)9",4,1,6.5,False,"4,7,1(8,5,10)(9,2)(6,3)",3,1,3.0,False,-2,Bコースに替わって2週目で、前週よりもやや時計が掛かっていた。
201708020309,9,稲荷特別(2勝),芝,2000,晴,良,14:25,2017-02-04,京都,6,8,9,2012104882,ウェスタールンド,牡5,57,01157,鮫島克駿,2:01.1,1.1/4,10-10-10-7,35.5,6.5,4,482(0),00429,[西]佐々木晶,226800,サンデーレーシング,,"4(5,7)-1-(8,10)2-6-3-9",10,1,17.5,False,"4,7,5-1-(8,10)2-6-3-9",10,1,20.5,False,"4,7-5,1(8,10)(2,6,3)9",10,1,6.5,False,"4,7,1(8,5,10)(9,2)(6,3)",7,2,3.0,False,-2,Bコースに替わって2週目で、前週よりもやや時計が掛かっていた。
201708020309,9,稲荷特別(2勝),芝,2000,晴,良,14:25,2017-02-04,京都,7,3,3,2010105786,アドマイヤツヨシ,牡7,57,00894,小牧太,2:01.7,3.1/2,9-9-7-9,36.2,55.6,9,474(-2),01084,[西]梅田智之,398002,近藤利一,,"4(5,7)-1-(8,10)2-6-3-9",9,1,14.0,False,"4,7,5-1-(8,10)2-6-3-9",9,1,17.0,False,"4,7-5,1(8,10)(2,6,3)9",7,3,6.5,False,"4,7,1(8,5,10)(9,2)(6,3)",9,2,3.0,False,-2,Bコースに替わって2週目で、前週よりもやや時計が掛かっていた。
201708020309,9,稲荷特別(2勝),芝,2000,晴,良,14:25,2017-02-04,京都,8,7,7,2010102709,ヒルノドンカルロ,牡7,57,00700,四位洋文,2:01.9,1.1/4,2-2-2-2,37.2,5.5,3,522(+6),01044,[西]昆貢,823800,ヒルノ,,"4(5,7)-1-(8,10)2-6-3-9",2,2,0.0,False,"4,7,5-1-(8,10)2-6-3-9",2,1,1.5,False,"4,7-5,1(8,10)(2,6,3)9",2,1,1.5,False,"4,7,1(8,5,10)(9,2)(6,3)",2,1,1.5,False,-2,Bコースに替わって2週目で、前週よりもやや時計が掛かっていた。
201708020309,9,稲荷特別(2勝),芝,2000,晴,良,14:25,2017-02-04,京都,9,6,6,2011103501,ファシーノ,牡6,57,00732,幸英明,2:01.9,クビ,8-8-7-9,36.5,35.5,8,478(-4),01078,[西]北出成人,415800,社台レースホース,,"4(5,7)-1-(8,10)2-6-3-9",8,1,10.5,False,"4,7,5-1-(8,10)2-6-3-9",8,1,13.5,False,"4,7-5,1(8,10)(2,6,3)9",7,3,6.5,False,"4,7,1(8,5,10)(9,2)(6,3)",9,2,3.0,False,-2,Bコースに替わって2週目で、前週よりもやや時計が掛かっていた。
201708020309,9,稲荷特別(2勝),芝,2000,晴,良,14:25,2017-02-04,京都,10,5,5,2011103825,メジャーステップ,セ6,57,05531,フォーリ,2:03.2,8,2-3-3-4,38.1,91.8,10,500(-6),01027,[東]田村康仁,226800,サンデーレーシング,,"4(5,7)-1-(8,10)2-6-3-9",2,2,0.0,False,"4,7,5-1-(8,10)2-6-3-9",3,1,3.0,False,"4,7-5,1(8,10)(2,6,3)9",3,1,5.0,False,"4,7,1(8,5,10)(9,2)(6,3)",4,3,3.0,False,-2,Bコースに替わって2週目で、前週よりもやや時計が掛かっていた。
201708020310,10,エルフィンS(OP),芝,1600,晴,良,15:01,2017-02-04,京都,1,8,9,2014105928,サロニカ,牝3,54,01014,福永祐一,1:36.7,,1-1,34.6,6.6,3,430(0),01053,[西]角居勝彦,790005,吉田勝己,"1,924.5",,,,,,,,,,,"9,10(3,8)(1,6)(7,4)2,5",1,1,0.0,False,"9,10,8(3,6)(1,7,4)2,5",1,1,0.0,False,-2,Bコースに替わって2週目で、前週よりもやや時計が掛かっていた。
201708020310,10,エルフィンS(OP),芝,1600,晴,良,15:01,2017-02-04,京都,2,8,10,2014105794,アドマイヤローザ,牝3,54,05203,岩田康誠,1:36.9,1.1/4,2-2,34.8,6.4,2,460(-4),01084,[西]梅田智之,398002,近藤利一,767.0,,,,,,,,,,,"9,10(3,8)(1,6)(7,4)2,5",2,1,1.5,False,"9,10,8(3,6)(1,7,4)2,5",2,1,1.5,False,-2,Bコースに替わって2週目で、前週よりもやや時計が掛かっていた。
201708020310,10,エルフィンS(OP),芝,1600,晴,良,15:01,2017-02-04,京都,3,5,5,2014105951,ミリッサ,牝3,54,05339,ルメール,1:36.9,クビ,10-10,33.9,1.7,1,410(-4),01022,[西]石坂正,486800,キャロットファーム,483.5,,,,,,,,,,,"9,10(3,8)(1,6)(7,4)2,5",10,1,3.0,False,"9,10,8(3,6)(1,7,4)2,5",10,1,4.5,False,-2,Bコースに替わって2週目で、前週よりもやや時計が掛かっていた。
201708020310,10,エルフィンS(OP),芝,1600,晴,良,15:01,2017-02-04,京都,4,6,6,2014101601,ラーナアズーラ,牝3,54,01115,浜中俊,1:37.0,クビ,5-4,34.6,31.2,8,470(0),01048,[東]畠山吉宏,910800,グランデオーナーズ,290.0,,,,,,,,,,,"9,10(3,8)(1,6)(7,4)2,5",5,2,1.5,False,"9,10,8(3,6)(1,7,4)2,5",4,2,3.0,False,-2,Bコースに替わって2週目で、前週よりもやや時計が掛かっていた。
201708020310,10,エルフィンS(OP),芝,1600,晴,良,15:01,2017-02-04,京都,5,3,3,2014104031,ハローユニコーン,牝3,54,00666,武豊,1:37.1,1/2,3-4,34.7,31.6,9,442(0),01046,[西]鮫島一歩,888800,ＣＨＥＶＡＬＡＴＴＡ...,190.0,,,,,,,,,,,"9,10(3,8)(1,6)(7,4)2,5",3,2,1.5,False,"9,10,8(3,6)(1,7,4)2,5",4,2,3.0,False,-2,Bコースに替わって2週目で、前週よりもやや時計が掛かっていた。
201708020310,10,エルフィンS(OP),芝,1600,晴,良,15:01,2017-02-04,京都,6,7,8,2014106154,ビップキャッツアイ,牝3,54,00732,幸英明,1:37.2,3/4,3-3,34.9,89.8,10,482(+2),01110,[西]清水久詞,524030,鈴木邦英,,,,,,,,,,,,"9,10(3,8)(1,6)(7,4)2,5",3,2,1.5,False,"9,10,8(3,6)(1,7,4)2,5",3,1,3.0,False,-2,Bコースに替わって2週目で、前週よりもやや時計が掛かっていた。
201708020310,10,エルフィンS(OP),芝,1600,晴,良,15:01,2017-02-04,京都,7,7,7,2014101253,ビーカーリー,牝3,54,01018,和田竜二,1:37.2,クビ,7-6,34.5,19.1,6,458(0),01148,[西]西村真幸,446007,馬場祥晃,,,,,,,,,,,,"9,10(3,8)(1,6)(7,4)2,5",7,2,1.5,False,"9,10,8(3,6)(1,7,4)2,5",6,3,3.0,False,-2,Bコースに替わって2週目で、前週よりもやや時計が掛かっていた。
201708020310,10,エルフィンS(OP),芝,1600,晴,良,15:01,2017-02-04,京都,8,1,1,2014100739,ラントシャフト,牝3,54,05531,フォーリ,1:37.3,1/2,5-6,34.6,28.8,7,440(+4),01028,[西]西園正都,546800,サラブレッドクラブ・...,,,,,,,,,,,,"9,10(3,8)(1,6)(7,4)2,5",5,2,1.5,False,"9,10,8(3,6)(1,7,4)2,5",6,3,3.0,False,-2,Bコースに替わって2週目で、前週よりもやや時計が掛かっていた。
201708020310,10,エルフィンS(OP),芝,1600,晴,良,15:01,2017-02-04,京都,9,2,2,2014106051,アルミレーナ,牝3,54,00663,蛯名正義,1:37.7,2.1/2,9-9,34.9,10.7,5,434(0),00399,[東]国枝栄,226800,サンデーレーシング,,,,,,,,,,,,"9,10(3,8)(1,6)(7,4)2,5",9,1,1.5,False,"9,10,8(3,6)(1,7,4)2,5",9,1,3.0,False,-2,Bコースに替わって2週目で、前週よりもやや時計が掛かっていた。
201708020310,10,エルフィンS(OP),芝,1600,晴,良,15:01,2017-02-04,京都,10,4,4,2014102385,アカカ,牝3,54,05212,Ｍ．デム,1:38.4,4,7-6,35.8,9.1,4,482(+10),01002,[西]音無秀孝,708800,金子真人ホールディン...,,,,,,,,,,,,"9,10(3,8)(1,6)(7,4)2,5",7,2,1.5,False,"9,10,8(3,6)(1,7,4)2,5",6,3,3.0,False,-2,Bコースに替わって2週目で、前週よりもやや時計が掛かっていた。
201708020311,11,大和S(OP),ダ,1200,晴,良,15:35,2017-02-04,京都,1,4,8,2011100584,ワディ,牝6,52,05212,Ｍ．デム,1:11.2,,4-4,35.8,8.3,4,476(+2),01098,[西]野中賢二,003060,Ｈ．Ｈ．シェイク・モ...,"2,235.0",,,,,,,,,,,"15-11,12-(1,8,14)16,7(9,6)4(5,13)-(2,10)3",4,3,8.5,False,"15-(11,12)(1,8)14,7(6,16)4(9,13)(5,10)2,3",4,2,3.5,False,-7,
201708020311,11,大和S(OP),ダ,1200,晴,良,15:35,2017-02-04,京都,2,5,10,2011104429,アールプロセス,牡6,54,01115,浜中俊,1:11.2,クビ,14-13,34.8,13.7,7,514(0),01017,[東]萩原清,172002,池谷誠一,890.0,,,,,,,,,,,"15-11,12-(1,8,14)16,7(9,6)4(5,13)-(2,10)3",14,2,13.5,False,"15-(11,12)(1,8)14,7(6,16)4(9,13)(5,10)2,3",13,2,5.0,False,-7,
201708020311,11,大和S(OP),ダ,1200,晴,良,15:35,2017-02-04,京都,3,2,4,2008102251,ウォータールルド,牡9,55,00732,幸英明,1:11.4,1,11-10,35.5,143.0,12,492(-4),01066,[西]岡田稲男,538009,山岡良一,555.0,,,,,,,,,,,"15-11,12-(1,8,14)16,7(9,6)4(5,13)-(2,10)3",11,1,10.0,False,"15-(11,12)(1,8)14,7(6,16)4(9,13)(5,10)2,3",10,1,5.0,False,-7,
201708020311,11,大和S(OP),ダ,1200,晴,良,15:35,2017-02-04,京都,4,7,14,2011100016,ポメグラネイト,牡6,54,01126,松山弘平,1:11.4,クビ,4-6,36.0,28.0,10,586(-4),00395,[西]長浜博之,078006,畑佐博,330.0,,,,,,,,,,,"15-11,12-(1,8,14)16,7(9,6)4(5,13)-(2,10)3",4,3,8.5,False,"15-(11,12)(1,8)14,7(6,16)4(9,13)(5,10)2,3",6,1,3.5,False,-7,
201708020311,11,大和S(OP),ダ,1200,晴,良,15:35,2017-02-04,京都,5,2,3,2009100970,ナガラオリオン,牡8,56,00700,四位洋文,1:11.5,クビ,16-16,34.8,8.2,3,478(-2),01032,[西]大根田裕,024700,長良レーシングクラブ,220.0,,,,,,,,,,,"15-11,12-(1,8,14)16,7(9,6)4(5,13)-(2,10)3",16,1,13.5,False,"15-(11,12)(1,8)14,7(6,16)4(9,13)(5,10)2,3",16,1,6.5,False,-7,
201708020311,11,大和S(OP),ダ,1200,晴,良,15:35,2017-02-04,京都,6,3,6,2011104366,オメガヴェンデッタ,セ6,56,05339,ルメール,1:11.5,クビ,9-8,35.6,7.1,2,512(+10),00438,[西]安田隆行,008803,原禮子,,,,,,,,,,,,"15-11,12-(1,8,14)16,7(9,6)4(5,13)-(2,10)3",9,2,10.0,False,"15-(11,12)(1,8)14,7(6,16)4(9,13)(5,10)2,3",8,2,5.0,False,-7,
201708020311,11,大和S(OP),ダ,1200,晴,良,15:35,2017-02-04,京都,7,8,15,2011103048,シゲルカガ,牡6,55,01034,酒井学,1:11.6,クビ,1-1,37.1,58.9,11,526(-4),00431,[西]谷潔,674004,森中蕃,,,,,,,,,,,,"15-11,12-(1,8,14)16,7(9,6)4(5,13)-(2,10)3",1,1,0.0,False,"15-(11,12)(1,8)14,7(6,16)4(9,13)(5,10)2,3",1,1,0.0,False,-7,
201708020311,11,大和S(OP),ダ,1200,晴,良,15:35,2017-02-04,京都,8,1,2,2008106025,オースミイージー,牡9,53,01124,国分恭介,1:11.6,クビ,14-15,35.2,279.8,16,504(+2),00378,[西]沖芳夫,712800,オースミ,,,,,,,,,,,,"15-11,12-(1,8,14)16,7(9,6)4(5,13)-(2,10)3",14,2,13.5,False,"15-(11,12)(1,8)14,7(6,16)4(9,13)(5,10)2,3",15,1,5.0,False,-7,
201708020311,11,大和S(OP),ダ,1200,晴,良,15:35,2017-02-04,京都,9,6,11,2009103431,ゴーイングパワー,牡8,56,01018,和田竜二,1:11.7,1/2,2-2,36.8,10.7,6,514(+12),00397,[西]岩元市三,857004,林進,,,,,,,,,,,,"15-11,12-(1,8,14)16,7(9,6)4(5,13)-(2,10)3",2,1,3.5,False,"15-(11,12)(1,8)14,7(6,16)4(9,13)(5,10)2,3",2,2,3.5,False,-7,
201708020311,11,大和S(OP),ダ,1200,晴,良,15:35,2017-02-04,京都,10,1,1,2009100623,メイショウノーベル,牡8,53,01015,古川吉洋,1:11.7,ハナ,4-4,36.4,186.6,13,508(+12),01099,[西]本田優,789006,松本和子,,,,,,,,,,,,"15-11,12-(1,8,14)16,7(9,6)4(5,13)-(2,10)3",4,3,8.5,False,"15-(11,12)(1,8)14,7(6,16)4(9,13)(5,10)2,3",4,2,3.5,False,-7,
201708020311,11,大和S(OP),ダ,1200,晴,良,15:35,2017-02-04,京都,11,6,12,2011101031,ペイシャモンシェリ,牡6,55,01014,福永祐一,1:11.8,クビ,3-2,36.7,8.4,5,482(+8),00387,[西]目野哲也,163002,北所直人,,,,,,,,,,,,"15-11,12-(1,8,14)16,7(9,6)4(5,13)-(2,10)3",3,1,5.0,False,"15-(11,12)(1,8)14,7(6,16)4(9,13)(5,10)2,3",2,2,3.5,False,-7,
201708020311,11,大和S(OP),ダ,1200,晴,良,15:35,2017-02-04,京都,12,7,13,2013106138,スミレ,牝4,52,01144,菱田裕二,1:12.2,2.1/2,12-11,36.1,2.5,1,454(+10),01059,[東]加藤征弘,675030,林正道,,,,,,,,,,,,"15-11,12-(1,8,14)16,7(9,6)4(5,13)-(2,10)3",12,2,10.0,False,"15-(11,12)(1,8)14,7(6,16)4(9,13)(5,10)2,3",11,2,5.0,False,-7,
201708020311,11,大和S(OP),ダ,1200,晴,良,15:35,2017-02-04,京都,13,4,7,2010101025,シャトーウインド,牡7,53,01128,川須栄彦,1:12.2,クビ,8-7,36.6,218.6,14,478(+10),01149,[西]松下武士,155006,円城幸男,,,,,,,,,,,,"15-11,12-(1,8,14)16,7(9,6)4(5,13)-(2,10)3",8,1,10.0,False,"15-(11,12)(1,8)14,7(6,16)4(9,13)(5,10)2,3",7,1,5.0,False,-7,
201708020311,11,大和S(OP),ダ,1200,晴,良,15:35,2017-02-04,京都,14,5,9,2012105586,ダノングッド,牡5,55,01152,小崎綾也,1:12.3,1/2,9-11,36.4,20.3,9,508(+4),01107,[西]村山明,619800,ダノックス,,,,,,,,,,,,"15-11,12-(1,8,14)16,7(9,6)4(5,13)-(2,10)3",9,2,10.0,False,"15-(11,12)(1,8)14,7(6,16)4(9,13)(5,10)2,3",11,2,5.0,False,-7,
201708020311,11,大和S(OP),ダ,1200,晴,良,15:35,2017-02-04,京都,15,3,5,2010104985,アットウィル,牡7,54,01102,北村友一,1:12.3,クビ,12-13,36.2,15.7,8,498(-2),01129,[西]高橋義忠,350002,宮川純造,,,,,,,,,,,,"15-11,12-(1,8,14)16,7(9,6)4(5,13)-(2,10)3",12,2,10.0,False,"15-(11,12)(1,8)14,7(6,16)4(9,13)(5,10)2,3",13,2,5.0,False,-7,
201708020311,11,大和S(OP),ダ,1200,晴,良,15:35,2017-02-04,京都,16,8,16,2008100267,スズカセクレターボ,牡9,53,01116,藤岡康太,1:13.1,5,7-8,37.4,239.0,15,496(+8),00362,[西]橋田満,382004,永井啓弍,,,,,,,,,,,,"15-11,12-(1,8,14)16,7(9,6)4(5,13)-(2,10)3",7,1,8.5,False,"15-(11,12)(1,8)14,7(6,16)4(9,13)(5,10)2,3",8,2,5.0,False,-7,
201708020312,12,4歳以上1000万下,ダ,1400,晴,良,16:10,2017-02-04,京都,1,7,13,2012104941,トレジャーステイト,牝5,55,01014,福永祐一,1:24.9,,2-2,36.5,13.1,5,470(-2),01146,[西]奥村豊,506800,シルクレーシング,"1,050.0",,,,,,,,,,,"12-13,3,9(2,7)15(8,11,16)(6,10)4(1,14)5",2,1,3.5,False,"12,13(3,9)-2(7,15)(6,8,16)11,10(4,5)1,14",2,1,1.5,False,-6,
201708020312,12,4歳以上1000万下,ダ,1400,晴,良,16:10,2017-02-04,京都,2,2,3,2012105737,チェリーサマー,牡5,57,01154,松若風馬,1:25.0,3/4,3-3,36.5,34.1,11,526(-6),00405,[東]小西一男,527030,櫻井悦朗,420.0,,,,,,,,,,,"12-13,3,9(2,7)15(8,11,16)(6,10)4(1,14)5",3,1,5.0,False,"12,13(3,9)-2(7,15)(6,8,16)11,10(4,5)1,14",3,2,1.5,False,-6,
201708020312,12,4歳以上1000万下,ダ,1400,晴,良,16:10,2017-02-04,京都,3,4,7,2011104575,アバンサル,セ6,57,01124,国分恭介,1:25.2,1.1/2,5-6,36.2,144.1,14,506(+4),00261,[西]中村均,328030,今西和雄,260.0,,,,,,,,,,,"12-13,3,9(2,7)15(8,11,16)(6,10)4(1,14)5",5,2,6.5,False,"12,13(3,9)-2(7,15)(6,8,16)11,10(4,5)1,14",6,2,5.0,False,-6,
201708020312,12,4歳以上1000万下,ダ,1400,晴,良,16:10,2017-02-04,京都,4,6,12,2012103583,メイショウタラチネ,牝5,54,01152,小崎綾也,1:25.2,ハナ,1-1,37.1,23.8,10,466(+2),01129,[西]高橋義忠,523005,松本好雄,160.0,,,,,,,,,,,"12-13,3,9(2,7)15(8,11,16)(6,10)4(1,14)5",1,1,0.0,False,"12,13(3,9)-2(7,15)(6,8,16)11,10(4,5)1,14",1,1,0.0,False,-6,
201708020312,12,4歳以上1000万下,ダ,1400,晴,良,16:10,2017-02-04,京都,5,8,15,2011103445,ロードヴォルケーノ,牡6,57,05339,ルメール,1:25.3,1/2,7-6,36.1,3.0,1,486(+2),01104,[西]笹田和秀,170800,ロードホースクラブ,105.0,,,,,,,,,,,"12-13,3,9(2,7)15(8,11,16)(6,10)4(1,14)5",7,1,6.5,False,"12,13(3,9)-2(7,15)(6,8,16)11,10(4,5)1,14",6,2,5.0,False,-6,
201708020312,12,4歳以上1000万下,ダ,1400,晴,良,16:10,2017-02-04,京都,6,5,9,2013102190,レッドウィズダム,牡4,57,05203,岩田康誠,1:25.4,クビ,4-3,36.6,6.6,3,510(+12),01053,[西]角居勝彦,180800,東京ホースレーシング,,,,,,,,,,,,"12-13,3,9(2,7)15(8,11,16)(6,10)4(1,14)5",4,1,6.5,False,"12,13(3,9)-2(7,15)(6,8,16)11,10(4,5)1,14",3,2,1.5,False,-6,
201708020312,12,4歳以上1000万下,ダ,1400,晴,良,16:10,2017-02-04,京都,7,3,6,2011102515,カネコメオスター,牡6,56,01157,鮫島克駿,1:25.4,クビ,11-8,35.9,291.3,16,508(-6),01040,[西]服部利之,530007,高岡義雄,,,,,,,,,,,,"12-13,3,9(2,7)15(8,11,16)(6,10)4(1,14)5",11,2,6.5,False,"12,13(3,9)-2(7,15)(6,8,16)11,10(4,5)1,14",8,3,5.0,False,-6,
201708020312,12,4歳以上1000万下,ダ,1400,晴,良,16:10,2017-02-04,京都,8,8,16,2012104648,ザイディックメア,牡5,57,00732,幸英明,1:25.5,1/2,8-8,36.2,19.6,8,458(0),01107,[西]村山明,506800,シルクレーシング,,,,,,,,,,,,"12-13,3,9(2,7)15(8,11,16)(6,10)4(1,14)5",8,3,6.5,False,"12,13(3,9)-2(7,15)(6,8,16)11,10(4,5)1,14",8,3,5.0,False,-6,
201708020312,12,4歳以上1000万下,ダ,1400,晴,良,16:10,2017-02-04,京都,9,5,10,2013106027,シルバーポジー,牝4,55,01102,北村友一,1:25.8,1.1/2,11-12,36.1,13.7,6,496(-8),01071,[西]池江泰寿,226800,サンデーレーシング,,,,,,,,,,,,"12-13,3,9(2,7)15(8,11,16)(6,10)4(1,14)5",11,2,6.5,False,"12,13(3,9)-2(7,15)(6,8,16)11,10(4,5)1,14",12,1,6.5,False,-6,
201708020312,12,4歳以上1000万下,ダ,1400,晴,良,16:10,2017-02-04,京都,10,1,2,2013105528,セネッティ,牡4,57,01115,浜中俊,1:25.8,クビ,5-5,36.9,4.0,2,498(0),01002,[西]音無秀孝,148800,グリーンファーム,,,,,,,,,,,,"12-13,3,9(2,7)15(8,11,16)(6,10)4(1,14)5",5,2,6.5,False,"12,13(3,9)-2(7,15)(6,8,16)11,10(4,5)1,14",5,1,5.0,False,-6,
201708020312,12,4歳以上1000万下,ダ,1400,晴,良,16:10,2017-02-04,京都,11,2,4,2013101531,クリムゾンバローズ,牡4,57,00663,蛯名正義,1:25.9,1/2,13-13,36.0,14.1,7,518(-12),01141,[東]尾形和幸,859007,猪熊広次,,,,,,,,,,,,"12-13,3,9(2,7)15(8,11,16)(6,10)4(1,14)5",13,1,6.5,False,"12,13(3,9)-2(7,15)(6,8,16)11,10(4,5)1,14",13,2,6.5,False,-6,
201708020312,12,4歳以上1000万下,ダ,1400,晴,良,16:10,2017-02-04,京都,12,3,5,2012103704,スターリーウインド,牝5,55,01018,和田竜二,1:26.0,1/2,16-13,35.8,11.6,4,478(-2),01128,[西]今野貞一,547800,ヒダカ・ブリーダーズ...,,,,,,,,,,,,"12-13,3,9(2,7)15(8,11,16)(6,10)4(1,14)5",16,1,6.5,False,"12,13(3,9)-2(7,15)(6,8,16)11,10(4,5)1,14",13,2,6.5,False,-6,
201708020312,12,4歳以上1000万下,ダ,1400,晴,良,16:10,2017-02-04,京都,13,4,8,2011104196,レイヨンヴェール,牝6,55,05429,岡田祥嗣,1:26.1,1/2,8-8,36.8,58.3,12,494(-8),01064,[東]武藤善則,148800,グリーンファーム,,,,,,,,,,,,"12-13,3,9(2,7)15(8,11,16)(6,10)4(1,14)5",8,3,6.5,False,"12,13(3,9)-2(7,15)(6,8,16)11,10(4,5)1,14",8,3,5.0,False,-6,
201708020312,12,4歳以上1000万下,ダ,1400,晴,良,16:10,2017-02-04,京都,14,7,14,2011104052,クレアドール,牝6,52,01163,坂井瑠星,1:26.3,1.1/4,14-16,36.2,19.8,9,498(+2),01151,[西]斉藤崇史,226800,サンデーレーシング,,,,,,,,,,,,"12-13,3,9(2,7)15(8,11,16)(6,10)4(1,14)5",14,2,6.5,False,"12,13(3,9)-2(7,15)(6,8,16)11,10(4,5)1,14",16,1,8.0,False,-6,
201708020312,12,4歳以上1000万下,ダ,1400,晴,良,16:10,2017-02-04,京都,15,1,1,2013104590,リバーサイドパーク,牝4,52,01165,森裕太朗,1:26.3,ハナ,14-15,36.4,189.0,15,444(+2),00427,[西]森秀行,464800,飛野牧場,,,,,,,,,,,,"12-13,3,9(2,7)15(8,11,16)(6,10)4(1,14)5",14,2,6.5,False,"12,13(3,9)-2(7,15)(6,8,16)11,10(4,5)1,14",15,1,6.5,False,-6,
201708020312,12,4歳以上1000万下,ダ,1400,晴,良,16:10,2017-02-04,京都,16,6,11,2012110030,パラダイスガーデン,牝5,55,05531,フォーリ,1:26.9,3.1/2,8-11,37.5,73.0,13,488(-2),00341,[東]栗田博憲,851009,岡田牧雄,,,,,,,,,,,,"12-13,3,9(2,7)15(8,11,16)(6,10)4(1,14)5",8,3,6.5,False,"12,13(3,9)-2(7,15)(6,8,16)11,10(4,5)1,14",11,1,5.0,False,-6,
