race_id,race_number,race_name,surface,distance_m,weather,going,start_time,race_date,racecourse,finish_pos,waku,umaban,horse_id,horse_name,sex_age,kinryo,jockey_id,jockey_name,time,margin,passing_order,last_3f,odds_final,popularity,weight,trainer_id,trainer_name,owner_id,owner_name,prize,corner1_raw,corner1_rank,corner1_group_size,corner1_gap_len_est,corner1_is_leader,corner2_raw,corner2_rank,corner2_group_size,corner2_gap_len_est,corner2_is_leader,corner3_raw,corner3_rank,corner3_group_size,corner3_gap_len_est,corner3_is_leader,corner4_raw,corner4_rank,corner4_group_size,corner4_gap_len_est,corner4_is_leader,track_index,track_comment
201704021101,1,2歳未勝利,ダ,1800,曇,良,10:15,2017-09-02,新潟,1,8,14,2015104302,グラファイト,牡2,54,01075,田辺裕信,1:56.6,,9-7-7-4,39.8,13.8,7,464(+8),00420,[東]宗像義忠,415800,社台レースホース,500.0,"7(8,13)-(9,15)-11,3,10,14,5,12(2,4)-(1,6)",9,1,11.5,False,"7,8,13,9,15-11(3,14)-10(5,12)(2,4)-6-1",7,2,9.5,False,"(*7,8)15(9,11,6)14(13,3)4(5,10,12)-2=1",7,1,0.0,False,"7(8,15)(9,14,6)11,5(13,3)4,10(2,12)=1",4,3,0.0,False,4,
201704021101,1,2歳未勝利,ダ,1800,曇,良,10:15,2017-09-02,新潟,2,4,6,2015100020,マイネルサリューエ,牡2,54,01091,丹内祐次,1:56.8,1.1/2,14-14-4-4,40.1,4.4,1,482(0),00423,[東]上原博之,546800,サラブレッドクラブ・...,200.0,"7(8,13)-(9,15)-11,3,10,14,5,12(2,4)-(1,6)",14,2,18.0,False,"7,8,13,9,15-11(3,14)-10(5,12)(2,4)-6-1",14,1,16.5,False,"(*7,8)15(9,11,6)14(13,3)4(5,10,12)-2=1",4,3,0.0,False,"7(8,15)(9,14,6)11,5(13,3)4,10(2,12)=1",4,3,0.0,False,4,
201704021101,1,2歳未勝利,ダ,1800,曇,良,10:15,2017-09-02,新潟,3,3,5,2015100762,マイネルメモーリア,牡2,54,01051,嘉藤貴行,1:57.3,3,10-10-11-8,40.0,181.6,15,474(+18),00420,[東]宗像義忠,546800,サラブレッドクラブ・...,130.0,"7(8,13)-(9,15)-11,3,10,14,5,12(2,4)-(1,6)",10,1,13.0,False,"7,8,13,9,15-11(3,14)-10(5,12)(2,4)-6-1",10,2,13.0,False,"(*7,8)15(9,11,6)14(13,3)4(5,10,12)-2=1",11,3,0.0,False,"7(8,15)(9,14,6)11,5(13,3)4,10(2,12)=1",8,1,1.5,False,4,
201704021101,1,2歳未勝利,ダ,1800,曇,良,10:15,2017-09-02,新潟,4,8,15,2015104620,レッドチェイサー,牡2,54,01117,丸田恭介,1:57.4,1/2,4-5-3-2,40.9,20.8,8,480(+8),00399,[東]国枝栄,180800,東京ホースレーシング,75.0,"7(8,13)-(9,15)-11,3,10,14,5,12(2,4)-(1,6)",4,2,3.5,False,"7,8,13,9,15-11(3,14)-10(5,12)(2,4)-6-1",5,1,6.0,False,"(*7,8)15(9,11,6)14(13,3)4(5,10,12)-2=1",3,1,0.0,False,"7(8,15)(9,14,6)11,5(13,3)4,10(2,12)=1",2,2,0.0,False,4,
201704021101,1,2歳未勝利,ダ,1800,曇,良,10:15,2017-09-02,新潟,5,6,11,2015104538,ポルカシュネル,牝2,54,01077,石橋脩,1:57.5,1/2,6-6-4-7,40.8,11.4,6,468(-8),01048,[東]畠山吉宏,415800,社台レースホース,50.0,"7(8,13)-(9,15)-11,3,10,14,5,12(2,4)-(1,6)",6,1,7.0,False,"7,8,13,9,15-11(3,14)-10(5,12)(2,4)-6-1",6,1,9.5,False,"(*7,8)15(9,11,6)14(13,3)4(5,10,12)-2=1",4,3,0.0,False,"7(8,15)(9,14,6)11,5(13,3)4,10(2,12)=1",7,1,0.0,False,4,
201704021101,1,2歳未勝利,ダ,1800,曇,良,10:15,2017-09-02,新潟,6,1,1,2015101790,ニシノホクサイ,牡2,51,01158,野中悠太,1:58.0,3,14-15-15-15,39.2,45.0,12,460(-6),01029,[東]根本康広,897009,西山茂行,,"7(8,13)-(9,15)-11,3,10,14,5,12(2,4)-(1,6)",14,2,18.0,False,"7,8,13,9,15-11(3,14)-10(5,12)(2,4)-6-1",15,1,20.0,False,"(*7,8)15(9,11,6)14(13,3)4(5,10,12)-2=1",15,1,9.5,False,"7(8,15)(9,14,6)11,5(13,3)4,10(2,12)=1",15,1,9.0,False,4,
201704021101,1,2歳未勝利,ダ,1800,曇,良,10:15,2017-09-02,新潟,7,2,3,2015103112,ヤマタケパンチ,牡2,54,00422,内田博幸,1:58.2,3/4,7-7-8-9,41.2,4.8,2,480(+10),01024,[東]萱野浩二,631002,山中和子,,"7(8,13)-(9,15)-11,3,10,14,5,12(2,4)-(1,6)",7,1,8.5,False,"7,8,13,9,15-11(3,14)-10(5,12)(2,4)-6-1",7,2,9.5,False,"(*7,8)15(9,11,6)14(13,3)4(5,10,12)-2=1",8,2,0.0,False,"7(8,15)(9,14,6)11,5(13,3)4,10(2,12)=1",9,2,1.5,False,4,
201704021101,1,2歳未勝利,ダ,1800,曇,良,10:15,2017-09-02,新潟,8,2,2,2015103870,オルレアンノムスコ,牡2,54,01135,杉原誠人,1:58.4,1.1/4,12-12-14-13,40.6,28.5,9,456(0),01089,[東]武市康男,629800,ミルファーム,,"7(8,13)-(9,15)-11,3,10,14,5,12(2,4)-(1,6)",12,2,14.5,False,"7,8,13,9,15-11(3,14)-10(5,12)(2,4)-6-1",12,2,13.0,False,"(*7,8)15(9,11,6)14(13,3)4(5,10,12)-2=1",14,1,3.5,False,"7(8,15)(9,14,6)11,5(13,3)4,10(2,12)=1",13,2,3.0,False,4,
201704021101,1,2歳未勝利,ダ,1800,曇,良,10:15,2017-09-02,新潟,9,5,9,2015101083,フロースヒルデ,牝2,51,01169,武藤雅,1:58.4,アタマ,4-4-4-4,41.8,33.6,10,430(-4),01131,[東]蛯名利弘,290033,宮川保,,"7(8,13)-(9,15)-11,3,10,14,5,12(2,4)-(1,6)",4,2,3.5,False,"7,8,13,9,15-11(3,14)-10(5,12)(2,4)-6-1",4,1,4.5,False,"(*7,8)15(9,11,6)14(13,3)4(5,10,12)-2=1",4,3,0.0,False,"7(8,15)(9,14,6)11,5(13,3)4,10(2,12)=1",4,3,0.0,False,4,
201704021101,1,2歳未勝利,ダ,1800,曇,良,10:15,2017-09-02,新潟,10,5,8,2015102173,ウサギノパンチ,牡2,54,01043,北村宏司,1:58.4,ハナ,2-2-2-2,42.1,36.7,11,454(+14),00436,[東]堀井雅広,129005,桐谷茂,,"7(8,13)-(9,15)-11,3,10,14,5,12(2,4)-(1,6)",2,2,0.0,False,"7,8,13,9,15-11(3,14)-10(5,12)(2,4)-6-1",2,1,1.5,False,"(*7,8)15(9,11,6)14(13,3)4(5,10,12)-2=1",2,2,0.0,False,"7(8,15)(9,14,6)11,5(13,3)4,10(2,12)=1",2,2,0.0,False,4,
201704021101,1,2歳未勝利,ダ,1800,曇,良,10:15,2017-09-02,新潟,11,6,10,2015102629,ビレッジキング,牡2,54,01096,大野拓弥,1:58.5,1/2,8-9-11-12,41.3,6.9,4,456(0),00417,[東]土田稔,160008,村山輝雄,,"7(8,13)-(9,15)-11,3,10,14,5,12(2,4)-(1,6)",8,1,10.0,False,"7,8,13,9,15-11(3,14)-10(5,12)(2,4)-6-1",9,1,13.0,False,"(*7,8)15(9,11,6)14(13,3)4(5,10,12)-2=1",11,3,0.0,False,"7(8,15)(9,14,6)11,5(13,3)4,10(2,12)=1",12,1,3.0,False,4,
201704021101,1,2歳未勝利,ダ,1800,曇,良,10:15,2017-09-02,新潟,12,4,7,2015101022,マヤノフロスティ,牡2,54,00641,柴田善臣,1:58.7,1.1/2,1-1-1-1,42.5,6.3,3,500(+4),01106,[東]牧光二,635009,田所英子,,"7(8,13)-(9,15)-11,3,10,14,5,12(2,4)-(1,6)",1,1,0.0,False,"7,8,13,9,15-11(3,14)-10(5,12)(2,4)-6-1",1,1,0.0,False,"(*7,8)15(9,11,6)14(13,3)4(5,10,12)-2=1",1,2,0.0,True,"7(8,15)(9,14,6)11,5(13,3)4,10(2,12)=1",1,1,0.0,False,4,
201704021101,1,2歳未勝利,ダ,1800,曇,良,10:15,2017-09-02,新潟,13,3,4,2015104179,オールドナシュワン,牡2,53,01162,木幡巧也,1:58.8,クビ,12-12-10-11,41.7,10.7,5,490(0),01093,[東]松永康利,781800,リーヴァ,,"7(8,13)-(9,15)-11,3,10,14,5,12(2,4)-(1,6)",12,2,14.5,False,"7,8,13,9,15-11(3,14)-10(5,12)(2,4)-6-1",12,2,13.0,False,"(*7,8)15(9,11,6)14(13,3)4(5,10,12)-2=1",10,1,0.0,False,"7(8,15)(9,14,6)11,5(13,3)4,10(2,12)=1",11,1,1.5,False,4,
201704021101,1,2歳未勝利,ダ,1800,曇,良,10:15,2017-09-02,新潟,14,7,13,2015105455,ウェディングベール,牝2,51,01164,藤田菜七,1:58.8,クビ,2-3-8-9,41.9,55.0,13,426(0),01052,[東]菊川正達,851009,岡田牧雄,,"7(8,13)-(9,15)-11,3,10,14,5,12(2,4)-(1,6)",2,2,0.0,False,"7,8,13,9,15-11(3,14)-10(5,12)(2,4)-6-1",3,1,3.0,False,"(*7,8)15(9,11,6)14(13,3)4(5,10,12)-2=1",8,2,0.0,False,"7(8,15)(9,14,6)11,5(13,3)4,10(2,12)=1",9,2,1.5,False,4,
201704021101,1,2歳未勝利,ダ,1800,曇,良,10:15,2017-09-02,新潟,15,7,12,2015102587,ウェルズレジェンド,牡2,54,00684,田中勝春,1:59.3,3,11-10-11-13,42.0,66.9,14,480(+2),01012,[東]大江原哲,656033,菊地祐司,,"7(8,13)-(9,15)-11,3,10,14,5,12(2,4)-(1,6)",11,1,14.5,False,"7,8,13,9,15-11(3,14)-10(5,12)(2,4)-6-1",10,2,13.0,False,"(*7,8)15(9,11,6)14(13,3)4(5,10,12)-2=1",11,3,0.0,False,"7(8,15)(9,14,6)11,5(13,3)4,10(2,12)=1",13,2,3.0,False,4,
201704021102,2,2歳未勝利,芝,2000,曇,良,10:45,2017-09-02,新潟,1,6,7,2015105033,オウケンムーン,牡2,54,01043,北村宏司,2:01.8,,3-3-2-2,35.3,2.6,1,456(-10),00399,[東]国枝栄,731006,福井明,500.0,"(*9,11)7(1,3,8)6,5,10-4=2",3,1,0.0,False,"9,11(1,7)3,8(5,6)(10,4)-2",3,2,1.5,False,"(*9,11,7)(1,6)(3,8)(5,10,4)=2",2,3,0.0,False,"(*9,11,7)(1,6)8(5,3,4)10=2",2,3,0.0,False,-3,先週と同じコースを使用して最終週となったが、前週日曜と同レベルで、やや速めの時計が出るレベル。
201704021102,2,2歳未勝利,芝,2000,曇,良,10:45,2017-09-02,新潟,2,1,1,2015101852,アイリスロード,牝2,53,01162,木幡巧也,2:02.8,6,4-3-4-4,36.2,44.0,7,442(+2),01143,[東]和田雄二,912800,荻伏服部牧場,200.0,"(*9,11)7(1,3,8)6,5,10-4=2",4,3,0.0,False,"9,11(1,7)3,8(5,6)(10,4)-2",3,2,1.5,False,"(*9,11,7)(1,6)(3,8)(5,10,4)=2",4,2,0.0,False,"(*9,11,7)(1,6)8(5,3,4)10=2",4,2,0.0,False,-3,先週と同じコースを使用して最終週となったが、前週日曜と同レベルで、やや速めの時計が出るレベル。
201704021102,2,2歳未勝利,芝,2000,曇,良,10:45,2017-09-02,新潟,3,7,9,2015101782,ニシノラヴコール,牝2,54,05386,戸崎圭太,2:02.8,ハナ,1-1-1-1,36.4,7.3,4,436(+2),00349,[東]尾形充弘,897009,西山茂行,130.0,"(*9,11)7(1,3,8)6,5,10-4=2",1,2,0.0,True,"9,11(1,7)3,8(5,6)(10,4)-2",1,1,0.0,False,"(*9,11,7)(1,6)(3,8)(5,10,4)=2",1,3,0.0,True,"(*9,11,7)(1,6)8(5,3,4)10=2",1,3,0.0,True,-3,先週と同じコースを使用して最終週となったが、前週日曜と同レベルで、やや速めの時計が出るレベル。
201704021102,2,2歳未勝利,芝,2000,曇,良,10:45,2017-09-02,新潟,4,8,10,2015106472,モノドラマ,牡2,54,01117,丸田恭介,2:03.2,2.1/2,9-9-8-10,36.2,10.5,5,486(0),00420,[東]宗像義忠,506800,シルクレーシング,75.0,"(*9,11)7(1,3,8)6,5,10-4=2",9,1,3.0,False,"9,11(1,7)3,8(5,6)(10,4)-2",9,2,3.0,False,"(*9,11,7)(1,6)(3,8)(5,10,4)=2",8,3,0.0,False,"(*9,11,7)(1,6)8(5,3,4)10=2",10,1,0.0,False,-3,先週と同じコースを使用して最終週となったが、前週日曜と同レベルで、やや速めの時計が出るレベル。
201704021102,2,2歳未勝利,芝,2000,曇,良,10:45,2017-09-02,新潟,5,5,5,2015103107,エスポワールカフェ,牡2,51,01161,菊沢一樹,2:03.4,1.1/4,8-7-8-7,36.5,101.7,9,454(+4),01013,[東]小島太,629007,西川光一,50.0,"(*9,11)7(1,3,8)6,5,10-4=2",8,1,1.5,False,"9,11(1,7)3,8(5,6)(10,4)-2",7,2,3.0,False,"(*9,11,7)(1,6)(3,8)(5,10,4)=2",8,3,0.0,False,"(*9,11,7)(1,6)8(5,3,4)10=2",7,3,0.0,False,-3,先週と同じコースを使用して最終週となったが、前週日曜と同レベルで、やや速めの時計が出るレベル。
201704021102,2,2歳未勝利,芝,2000,曇,良,10:45,2017-09-02,新潟,6,4,4,2015101533,ファーマフローラ,牝2,51,01169,武藤雅,2:03.7,1.3/4,10-9-8-7,36.8,85.8,8,420(0),00402,[東]谷原義明,117030,中西功,,"(*9,11)7(1,3,8)6,5,10-4=2",10,1,6.5,False,"9,11(1,7)3,8(5,6)(10,4)-2",9,2,3.0,False,"(*9,11,7)(1,6)(3,8)(5,10,4)=2",8,3,0.0,False,"(*9,11,7)(1,6)8(5,3,4)10=2",7,3,0.0,False,-3,先週と同じコースを使用して最終週となったが、前週日曜と同レベルで、やや速めの時計が出るレベル。
201704021102,2,2歳未勝利,芝,2000,曇,良,10:45,2017-09-02,新潟,7,6,6,2015100780,プトラナ,牝2,54,00422,内田博幸,2:04.6,5,7-7-4-4,38.0,3.2,2,474(+6),01020,[東]相沢郁,078006,畑佐博,,"(*9,11)7(1,3,8)6,5,10-4=2",7,1,0.0,False,"9,11(1,7)3,8(5,6)(10,4)-2",7,2,3.0,False,"(*9,11,7)(1,6)(3,8)(5,10,4)=2",4,2,0.0,False,"(*9,11,7)(1,6)8(5,3,4)10=2",4,2,0.0,False,-3,先週と同じコースを使用して最終週となったが、前週日曜と同レベルで、やや速めの時計が出るレベル。
201704021102,2,2歳未勝利,芝,2000,曇,良,10:45,2017-09-02,新潟,8,8,11,2015105372,ジュヴィ,牝2,54,01077,石橋脩,2:04.7,1/2,2-2-2-2,38.2,5.4,3,460(+6),01149,[西]松下武士,050002,井高義光,,"(*9,11)7(1,3,8)6,5,10-4=2",2,2,0.0,False,"9,11(1,7)3,8(5,6)(10,4)-2",2,1,1.5,False,"(*9,11,7)(1,6)(3,8)(5,10,4)=2",2,3,0.0,False,"(*9,11,7)(1,6)8(5,3,4)10=2",2,3,0.0,False,-3,先週と同じコースを使用して最終週となったが、前週日曜と同レベルで、やや速めの時計が出るレベル。
201704021102,2,2歳未勝利,芝,2000,曇,良,10:45,2017-09-02,新潟,9,2,2,2015100335,ビッグフライト,牡2,54,00733,吉田豊,2:05.5,5,11-11-11-11,37.4,214.5,11,462(+4),00405,[東]小西一男,911800,スピードファーム,,"(*9,11)7(1,3,8)6,5,10-4=2",11,1,12.5,False,"9,11(1,7)3,8(5,6)(10,4)-2",11,1,6.5,False,"(*9,11,7)(1,6)(3,8)(5,10,4)=2",11,1,6.0,False,"(*9,11,7)(1,6)8(5,3,4)10=2",11,1,6.0,False,-3,先週と同じコースを使用して最終週となったが、前週日曜と同レベルで、やや速めの時計が出るレベル。
201704021102,2,2歳未勝利,芝,2000,曇,良,10:45,2017-09-02,新潟,10,3,3,2015105638,マイネルパブリック,牡2,54,01091,丹内祐次,2:06.1,3.1/2,4-5-6-7,39.3,118.1,10,468(+4),01114,[東]和田正一,546800,サラブレッドクラブ・...,,"(*9,11)7(1,3,8)6,5,10-4=2",4,3,0.0,False,"9,11(1,7)3,8(5,6)(10,4)-2",5,1,1.5,False,"(*9,11,7)(1,6)(3,8)(5,10,4)=2",6,2,0.0,False,"(*9,11,7)(1,6)8(5,3,4)10=2",7,3,0.0,False,-3,先週と同じコースを使用して最終週となったが、前週日曜と同レベルで、やや速めの時計が出るレベル。
201704021102,2,2歳未勝利,芝,2000,曇,良,10:45,2017-09-02,新潟,11,7,8,2015100273,ハクユウフラッシュ,牡2,54,01096,大野拓弥,2:06.4,2,4-6-6-6,39.6,34.4,6,482(+2),01081,[東]中川公成,840800,Ｈ．Ｉコーポレーショ...,,"(*9,11)7(1,3,8)6,5,10-4=2",4,3,0.0,False,"9,11(1,7)3,8(5,6)(10,4)-2",6,1,3.0,False,"(*9,11,7)(1,6)(3,8)(5,10,4)=2",6,2,0.0,False,"(*9,11,7)(1,6)8(5,3,4)10=2",6,1,0.0,False,-3,先週と同じコースを使用して最終週となったが、前週日曜と同レベルで、やや速めの時計が出るレベル。
201704021103,3,3歳未勝利,ダ,1200,晴,良,11:15,2017-09-02,新潟,1,8,15,2014105488,アーガマ,牝3,54,01096,大野拓弥,1:13.0,,5-4,37.7,20.4,7,456(+12),01116,[東]新開幸一,525030,外池榮一郎,500.0,,,,,,,,,,,"(*2,4,14)1,15,12-3,7(13,11)(6,8)-5,9,10",5,1,1.5,False,"(*2,4,14)(1,15)-12,3(7,13,11)(6,8)5,10-9",4,2,0.0,False,1,
201704021103,3,3歳未勝利,ダ,1200,晴,良,11:15,2017-09-02,新潟,2,2,3,2014105727,ヘルデンレーベン,牡3,56,00733,吉田豊,1:13.0,クビ,7-7,37.1,4.5,2,496(-10),01153,[東]中舘英二,415800,社台レースホース,200.0,,,,,,,,,,,"(*2,4,14)1,15,12-3,7(13,11)(6,8)-5,9,10",7,1,6.5,False,"(*2,4,14)(1,15)-12,3(7,13,11)(6,8)5,10-9",7,1,5.0,False,1,
201704021103,3,3歳未勝利,ダ,1200,晴,良,11:15,2017-09-02,新潟,3,1,1,2014101818,マッジョネラ,セ3,53,01161,菊沢一樹,1:13.1,1/2,4-4,38.0,4.8,3,490(+6),01115,[東]菊沢隆徳,425030,堂守貴志,130.0,,,,,,,,,,,"(*2,4,14)1,15,12-3,7(13,11)(6,8)-5,9,10",4,1,0.0,False,"(*2,4,14)(1,15)-12,3(7,13,11)(6,8)5,10-9",4,2,0.0,False,1,
201704021103,3,3歳未勝利,ダ,1200,晴,良,11:15,2017-09-02,新潟,4,5,8,2014100135,デザートトリップ,牡3,56,01108,的場勇人,1:13.2,3/4,11-11,37.0,4.0,1,482(+6),01063,[東]的場均,910800,グランデオーナーズ,75.0,,,,,,,,,,,"(*2,4,14)1,15,12-3,7(13,11)(6,8)-5,9,10",11,2,8.0,False,"(*2,4,14)(1,15)-12,3(7,13,11)(6,8)5,10-9",11,2,5.0,False,1,
201704021103,3,3歳未勝利,ダ,1200,晴,良,11:15,2017-09-02,新潟,5,7,12,2014101310,ロバリーゴー,牡3,56,01075,田辺裕信,1:13.4,1,6-6,37.8,7.0,5,480(+2),01141,[東]尾形和幸,603033,木村廣太,50.0,,,,,,,,,,,"(*2,4,14)1,15,12-3,7(13,11)(6,8)-5,9,10",6,1,3.0,False,"(*2,4,14)(1,15)-12,3(7,13,11)(6,8)5,10-9",6,1,3.5,False,1,
201704021103,3,3歳未勝利,ダ,1200,晴,良,11:15,2017-09-02,新潟,6,4,7,2014104621,プラクティス,牡3,56,00684,田中勝春,1:13.4,ハナ,8-8,37.4,35.3,8,484(+4),01093,[東]松永康利,102800,ターフ・スポート,,,,,,,,,,,,"(*2,4,14)1,15,12-3,7(13,11)(6,8)-5,9,10",8,1,8.0,False,"(*2,4,14)(1,15)-12,3(7,13,11)(6,8)5,10-9",8,3,5.0,False,1,
201704021103,3,3歳未勝利,ダ,1200,晴,良,11:15,2017-09-02,新潟,7,8,14,2014105068,レディーフランソワ,牝3,54,00689,江田照男,1:13.5,クビ,2-2,38.5,37.1,9,498(+14),00383,[東]伊藤正徳,017030,植木茂年,,,,,,,,,,,,"(*2,4,14)1,15,12-3,7(13,11)(6,8)-5,9,10",2,3,0.0,False,"(*2,4,14)(1,15)-12,3(7,13,11)(6,8)5,10-9",2,3,0.0,False,1,
201704021103,3,3歳未勝利,ダ,1200,晴,良,11:15,2017-09-02,新潟,8,2,2,2014103375,ローブ,牝3,51,01164,藤田菜七,1:13.8,2,1-1,38.9,11.2,6,462(-6),00341,[東]栗田博憲,302800,辻牧場,,,,,,,,,,,,"(*2,4,14)1,15,12-3,7(13,11)(6,8)-5,9,10",1,3,0.0,True,"(*2,4,14)(1,15)-12,3(7,13,11)(6,8)5,10-9",1,3,0.0,True,1,
201704021103,3,3歳未勝利,ダ,1200,晴,良,11:15,2017-09-02,新潟,9,4,6,2014105648,ショーショーサ,牡3,56,01092,津村明秀,1:14.0,1.1/2,11-11,37.7,51.0,10,488(+8),01026,[東]鈴木伸尋,905033,吉冨学,,,,,,,,,,,,"(*2,4,14)1,15,12-3,7(13,11)(6,8)-5,9,10",11,2,8.0,False,"(*2,4,14)(1,15)-12,3(7,13,11)(6,8)5,10-9",11,2,5.0,False,1,
201704021103,3,3歳未勝利,ダ,1200,晴,良,11:15,2017-09-02,新潟,10,7,13,2014106320,スティーレナハト,牝3,51,01169,武藤雅,1:14.2,1,9-8,38.1,69.5,14,458(+14),01134,[東]高橋文雅,036006,加藤徹,,,,,,,,,,,,"(*2,4,14)1,15,12-3,7(13,11)(6,8)-5,9,10",9,2,8.0,False,"(*2,4,14)(1,15)-12,3(7,13,11)(6,8)5,10-9",8,3,5.0,False,1,
201704021103,3,3歳未勝利,ダ,1200,晴,良,11:15,2017-09-02,新潟,11,3,5,2014102420,プリンセスライン,牝3,54,01029,武士沢友,1:14.2,クビ,13-13,37.6,71.9,15,426(+6),01005,[東]小桧山悟,036006,加藤徹,,,,,,,,,,,,"(*2,4,14)1,15,12-3,7(13,11)(6,8)-5,9,10",13,1,11.5,False,"(*2,4,14)(1,15)-12,3(7,13,11)(6,8)5,10-9",13,1,5.0,False,1,
201704021103,3,3歳未勝利,ダ,1200,晴,良,11:15,2017-09-02,新潟,12,6,11,2014106232,ペラッチ,セ3,56,00422,内田博幸,1:14.3,クビ,9-8,38.2,6.7,4,470(+8),01038,[東]手塚貴久,007060,荒牧政美,,,,,,,,,,,,"(*2,4,14)1,15,12-3,7(13,11)(6,8)-5,9,10",9,2,8.0,False,"(*2,4,14)(1,15)-12,3(7,13,11)(6,8)5,10-9",8,3,5.0,False,1,
201704021103,3,3歳未勝利,ダ,1200,晴,良,11:15,2017-09-02,新潟,13,3,4,2014100364,マイネフレッシュ,牝3,52,01149,伴啓太,1:14.8,3,2-2,39.8,62.8,13,464(0),00359,[東]高橋祥泰,393002,南波壽,,,,,,,,,,,,"(*2,4,14)1,15,12-3,7(13,11)(6,8)-5,9,10",2,3,0.0,False,"(*2,4,14)(1,15)-12,3(7,13,11)(6,8)5,10-9",2,3,0.0,False,1,
201704021103,3,3歳未勝利,ダ,1200,晴,良,11:15,2017-09-02,新潟,14,6,10,2014106495,バーンザブリッジ,牡3,56,01117,丸田恭介,1:14.8,アタマ,15-14,37.9,52.0,11,522(+4),00420,[東]宗像義忠,770006,西城公雄,,,,,,,,,,,,"(*2,4,14)1,15,12-3,7(13,11)(6,8)-5,9,10",15,1,14.5,False,"(*2,4,14)(1,15)-12,3(7,13,11)(6,8)5,10-9",14,1,6.5,False,1,
201704021103,3,3歳未勝利,ダ,1200,晴,良,11:15,2017-09-02,新潟,15,5,9,2014100052,アラロケ,牝3,53,01162,木幡巧也,1:17.4,大,14-15,40.7,59.2,12,426(-6),00412,[東]高橋裕,471800,アラキファーム,,,,,,,,,,,,"(*2,4,14)1,15,12-3,7(13,11)(6,8)-5,9,10",14,1,13.0,False,"(*2,4,14)(1,15)-12,3(7,13,11)(6,8)5,10-9",15,1,10.0,False,1,
201704021104,4,3歳未勝利,ダ,1800,晴,良,11:45,2017-09-02,新潟,1,3,4,2014104238,リセンティート,牡3,53,01169,武藤雅,1:54.5,,8-7-12-12,38.3,41.3,10,506(+8),01141,[東]尾形和幸,195033,米津佳昭,500.0,"3(12,14)(1,10)-5,7(4,11)(9,13)(2,15)6-8",8,2,5.0,False,"3(1,12,14)10,5(4,7)11(9,13)(6,2)15-8",7,2,1.5,False,"3,12(1,14)2,10(9,5)(11,7,13)4(6,15)-8",12,1,3.0,False,"(*3,2)(1,12,14)(9,5,10)(11,7)13(4,6)15,8",12,2,0.0,False,4,
201704021104,4,3歳未勝利,ダ,1800,晴,良,11:45,2017-09-02,新潟,2,6,11,2014102316,ニシノキッカセキ,牡3,56,01096,大野拓弥,1:54.7,1.1/4,8-9-9-9,38.7,10.3,6,468(-2),01038,[東]手塚貴久,897009,西山茂行,200.0,"3(12,14)(1,10)-5,7(4,11)(9,13)(2,15)6-8",8,2,5.0,False,"3(1,12,14)10,5(4,7)11(9,13)(6,2)15-8",9,1,1.5,False,"3,12(1,14)2,10(9,5)(11,7,13)4(6,15)-8",9,3,3.0,False,"(*3,2)(1,12,14)(9,5,10)(11,7)13(4,6)15,8",9,2,0.0,False,4,
201704021104,4,3歳未勝利,ダ,1800,晴,良,11:45,2017-09-02,新潟,3,7,13,2014105599,リフトトゥヘヴン,牡3,56,05386,戸崎圭太,1:54.8,1/2,10-10-9-11,38.7,2.7,1,484(+2),01059,[東]加藤征弘,922030,丸山担,130.0,"3(12,14)(1,10)-5,7(4,11)(9,13)(2,15)6-8",10,2,5.0,False,"3(1,12,14)10,5(4,7)11(9,13)(6,2)15-8",10,2,1.5,False,"3,12(1,14)2,10(9,5)(11,7,13)4(6,15)-8",9,3,3.0,False,"(*3,2)(1,12,14)(9,5,10)(11,7)13(4,6)15,8",11,1,0.0,False,4,
201704021104,4,3歳未勝利,ダ,1800,晴,良,11:45,2017-09-02,新潟,4,4,7,2014105506,バレッティ,セ3,56,01075,田辺裕信,1:54.8,アタマ,7-7-9-9,38.8,6.0,2,504(0),01067,[東]久保田貴,415800,社台レースホース,75.0,"3(12,14)(1,10)-5,7(4,11)(9,13)(2,15)6-8",7,1,5.0,False,"3(1,12,14)10,5(4,7)11(9,13)(6,2)15-8",7,2,1.5,False,"3,12(1,14)2,10(9,5)(11,7,13)4(6,15)-8",9,3,3.0,False,"(*3,2)(1,12,14)(9,5,10)(11,7)13(4,6)15,8",9,2,0.0,False,4,
201704021104,4,3歳未勝利,ダ,1800,晴,良,11:45,2017-09-02,新潟,5,6,10,2014102503,アリスカン,牡3,56,01051,嘉藤貴行,1:54.8,クビ,4-5-6-6,39.1,8.0,4,510(+2),01112,[東]田島俊明,227007,高瀬真尚,50.0,"3(12,14)(1,10)-5,7(4,11)(9,13)(2,15)6-8",4,2,0.0,False,"3(1,12,14)10,5(4,7)11(9,13)(6,2)15-8",5,1,0.0,False,"3,12(1,14)2,10(9,5)(11,7,13)4(6,15)-8",6,1,3.0,False,"(*3,2)(1,12,14)(9,5,10)(11,7)13(4,6)15,8",6,3,0.0,False,4,
201704021104,4,3歳未勝利,ダ,1800,晴,良,11:45,2017-09-02,新潟,6,1,1,2014104695,ウインコーラル,牡3,55,01162,木幡巧也,1:54.9,クビ,4-2-3-3,39.4,44.8,11,480(+5),01133,[東]黒岩陽一,494800,ウイン,,"3(12,14)(1,10)-5,7(4,11)(9,13)(2,15)6-8",4,2,0.0,False,"3(1,12,14)10,5(4,7)11(9,13)(6,2)15-8",2,3,0.0,False,"3,12(1,14)2,10(9,5)(11,7,13)4(6,15)-8",3,2,1.5,False,"(*3,2)(1,12,14)(9,5,10)(11,7)13(4,6)15,8",3,3,0.0,False,4,
201704021104,4,3歳未勝利,ダ,1800,晴,良,11:45,2017-09-02,新潟,7,5,9,2014103809,ティアップアンジュ,牝3,51,01161,菊沢一樹,1:55.2,1.3/4,10-10-7-6,39.3,11.8,7,458(0),01074,[東]奥平雅士,122008,田中昇,,"3(12,14)(1,10)-5,7(4,11)(9,13)(2,15)6-8",10,2,5.0,False,"3(1,12,14)10,5(4,7)11(9,13)(6,2)15-8",10,2,1.5,False,"3,12(1,14)2,10(9,5)(11,7,13)4(6,15)-8",7,2,3.0,False,"(*3,2)(1,12,14)(9,5,10)(11,7)13(4,6)15,8",6,3,0.0,False,4,
201704021104,4,3歳未勝利,ダ,1800,晴,良,11:45,2017-09-02,新潟,8,2,2,2014102442,ヒロノワカムシャ,セ3,56,01118,宮崎北斗,1:55.3,3/4,12-12-5-2,39.7,41.3,9,462(+2),01007,[東]柴田政人,212008,小野博郷,,"3(12,14)(1,10)-5,7(4,11)(9,13)(2,15)6-8",12,2,5.0,False,"3(1,12,14)10,5(4,7)11(9,13)(6,2)15-8",12,2,1.5,False,"3,12(1,14)2,10(9,5)(11,7,13)4(6,15)-8",5,1,1.5,False,"(*3,2)(1,12,14)(9,5,10)(11,7)13(4,6)15,8",2,2,0.0,False,4,
201704021104,4,3歳未勝利,ダ,1800,晴,良,11:45,2017-09-02,新潟,9,3,5,2014104373,センノギモーヴ,牝3,54,01004,西田雄一,1:55.4,1/2,6-6-7-6,39.6,27.6,8,430(+2),00421,[東]浅野洋一,591006,浅野正敏,,"3(12,14)(1,10)-5,7(4,11)(9,13)(2,15)6-8",6,1,3.5,False,"3(1,12,14)10,5(4,7)11(9,13)(6,2)15-8",6,1,1.5,False,"3,12(1,14)2,10(9,5)(11,7,13)4(6,15)-8",7,2,3.0,False,"(*3,2)(1,12,14)(9,5,10)(11,7)13(4,6)15,8",6,3,0.0,False,4,
201704021104,4,3歳未勝利,ダ,1800,晴,良,11:45,2017-09-02,新潟,10,4,6,2014105905,ステラエスペランサ,牡3,56,01043,北村宏司,1:55.7,1.3/4,14-12-13-12,39.3,55.6,12,546(0),01081,[東]中川公成,486800,キャロットファーム,,"3(12,14)(1,10)-5,7(4,11)(9,13)(2,15)6-8",14,1,5.0,False,"3(1,12,14)10,5(4,7)11(9,13)(6,2)15-8",12,2,1.5,False,"3,12(1,14)2,10(9,5)(11,7,13)4(6,15)-8",13,2,3.0,False,"(*3,2)(1,12,14)(9,5,10)(11,7)13(4,6)15,8",12,2,0.0,False,4,
201704021104,4,3歳未勝利,ダ,1800,晴,良,11:45,2017-09-02,新潟,11,7,12,2014103014,モンスーンジャイア,牡3,53,01164,藤田菜七,1:56.0,1.3/4,2-2-2-3,40.6,61.4,13,456(0),01116,[東]新開幸一,858800,大塚亮一,,"3(12,14)(1,10)-5,7(4,11)(9,13)(2,15)6-8",2,2,0.0,False,"3(1,12,14)10,5(4,7)11(9,13)(6,2)15-8",2,3,0.0,False,"3,12(1,14)2,10(9,5)(11,7,13)4(6,15)-8",2,1,1.5,False,"(*3,2)(1,12,14)(9,5,10)(11,7)13(4,6)15,8",3,3,0.0,False,4,
201704021104,4,3歳未勝利,ダ,1800,晴,良,11:45,2017-09-02,新潟,12,5,8,2014103901,ウイントリニティー,牡3,56,00422,内田博幸,1:56.2,1.1/4,15-15-15-15,39.3,7.5,3,484(-4),00359,[東]高橋祥泰,494800,ウイン,,"3(12,14)(1,10)-5,7(4,11)(9,13)(2,15)6-8",15,1,8.5,False,"3(1,12,14)10,5(4,7)11(9,13)(6,2)15-8",15,1,5.0,False,"3,12(1,14)2,10(9,5)(11,7,13)4(6,15)-8",15,1,6.5,False,"(*3,2)(1,12,14)(9,5,10)(11,7)13(4,6)15,8",15,1,1.5,False,4,
201704021104,4,3歳未勝利,ダ,1800,晴,良,11:45,2017-09-02,新潟,13,2,3,2014102473,チケットトゥライド,牡3,56,01077,石橋脩,1:56.5,2,1-1-1-1,41.3,9.0,5,502(+4),01124,[東]大和田成,415030,松岡研司,,"3(12,14)(1,10)-5,7(4,11)(9,13)(2,15)6-8",1,1,0.0,False,"3(1,12,14)10,5(4,7)11(9,13)(6,2)15-8",1,1,0.0,False,"3,12(1,14)2,10(9,5)(11,7,13)4(6,15)-8",1,1,0.0,False,"(*3,2)(1,12,14)(9,5,10)(11,7)13(4,6)15,8",1,2,0.0,True,4,
201704021104,4,3歳未勝利,ダ,1800,晴,良,11:45,2017-09-02,新潟,14,8,15,2014101337,エーブインブレム,牡3,53,01158,野中悠太,1:56.6,クビ,12-14-13-14,40.1,76.5,15,424(-2),01029,[東]根本康広,082006,阿部紀子,,"3(12,14)(1,10)-5,7(4,11)(9,13)(2,15)6-8",12,2,5.0,False,"3(1,12,14)10,5(4,7)11(9,13)(6,2)15-8",14,1,1.5,False,"3,12(1,14)2,10(9,5)(11,7,13)4(6,15)-8",13,2,3.0,False,"(*3,2)(1,12,14)(9,5,10)(11,7)13(4,6)15,8",14,1,0.0,False,4,
201704021104,4,3歳未勝利,ダ,1800,晴,良,11:45,2017-09-02,新潟,15,8,14,2014100825,ショットザバニティ,牡3,56,01091,丹内祐次,1:58.6,大,2-2-3-3,43.1,75.1,14,508(+8),01089,[東]武市康男,022803,パニオロ,,"3(12,14)(1,10)-5,7(4,11)(9,13)(2,15)6-8",2,2,0.0,False,"3(1,12,14)10,5(4,7)11(9,13)(6,2)15-8",2,3,0.0,False,"3,12(1,14)2,10(9,5)(11,7,13)4(6,15)-8",3,2,1.5,False,"(*3,2)(1,12,14)(9,5,10)(11,7)13(4,6)15,8",3,3,0.0,False,4,
201704021105,5,2歳新馬,芝,1400,晴,良,12:35,2017-09-02,新潟,1,8,16,2015105058,ランスマン,牡2,54,00422,内田博幸,1:23.0,,9-8,35.7,7.6,2,550(0),00423,[東]上原博之,790005,吉田勝己,700.0,,,,,,,,,,,"(*5,6,13,17)-(9,10,8)7(11,16)4,12,15,14-(1,2)-3,18",9,2,3.5,False,"(5,*6,13,17)(10,8)9(7,11,16)-4,12(14,15)-2,1-3,18",8,3,0.0,False,-3,先週と同じコースを使用して最終週となったが、前週日曜と同レベルで、やや速めの時計が出るレベル。
201704021105,5,2歳新馬,芝,1400,晴,良,12:35,2017-09-02,新潟,2,3,6,2015102377,ダノンスマッシュ,牡2,54,05386,戸崎圭太,1:23.0,アタマ,2-1,36.4,1.7,1,466(0),00438,[西]安田隆行,619800,ダノックス,280.0,,,,,,,,,,,"(*5,6,13,17)-(9,10,8)7(11,16)4,12,15,14-(1,2)-3,18",2,4,0.0,False,"(5,*6,13,17)(10,8)9(7,11,16)-4,12(14,15)-2,1-3,18",1,4,0.0,True,-3,先週と同じコースを使用して最終週となったが、前週日曜と同レベルで、やや速めの時計が出るレベル。
201704021105,5,2歳新馬,芝,1400,晴,良,12:35,2017-09-02,新潟,3,7,14,2015104673,ナイルデルタ,牡2,54,01117,丸田恭介,1:23.3,1.3/4,14-13,35.2,46.1,9,484(0),01149,[西]松下武士,486800,キャロットファーム,180.0,,,,,,,,,,,"(*5,6,13,17)-(9,10,8)7(11,16)4,12,15,14-(1,2)-3,18",14,1,8.0,False,"(5,*6,13,17)(10,8)9(7,11,16)-4,12(14,15)-2,1-3,18",13,2,5.0,False,-3,先週と同じコースを使用して最終週となったが、前週日曜と同レベルで、やや速めの時計が出るレベル。
201704021105,5,2歳新馬,芝,1400,晴,良,12:35,2017-09-02,新潟,4,4,8,2015102871,ナンヨーイヴェール,牝2,54,00641,柴田善臣,1:23.5,1,5-5,36.5,9.2,3,486(0),01119,[東]田中剛,512031,中村徳也,110.0,,,,,,,,,,,"(*5,6,13,17)-(9,10,8)7(11,16)4,12,15,14-(1,2)-3,18",5,3,3.5,False,"(5,*6,13,17)(10,8)9(7,11,16)-4,12(14,15)-2,1-3,18",5,2,0.0,False,-3,先週と同じコースを使用して最終週となったが、前週日曜と同レベルで、やや速めの時計が出るレベル。
201704021105,5,2歳新馬,芝,1400,晴,良,12:35,2017-09-02,新潟,5,6,11,2015106371,ミントグリーン,牝2,54,01096,大野拓弥,1:23.7,1.1/4,9-8,36.4,64.9,12,426(0),01038,[東]手塚貴久,629800,ミルファーム,70.0,,,,,,,,,,,"(*5,6,13,17)-(9,10,8)7(11,16)4,12,15,14-(1,2)-3,18",9,2,3.5,False,"(5,*6,13,17)(10,8)9(7,11,16)-4,12(14,15)-2,1-3,18",8,3,0.0,False,-3,先週と同じコースを使用して最終週となったが、前週日曜と同レベルで、やや速めの時計が出るレベル。
201704021105,5,2歳新馬,芝,1400,晴,良,12:35,2017-09-02,新潟,6,2,4,2015100232,サンクトゥスレーン,牡2,54,01092,津村明秀,1:23.7,クビ,11-11,36.2,47.9,10,476(0),01132,[東]金成貴史,030803,コスモヴューファーム,,,,,,,,,,,,"(*5,6,13,17)-(9,10,8)7(11,16)4,12,15,14-(1,2)-3,18",11,1,3.5,False,"(5,*6,13,17)(10,8)9(7,11,16)-4,12(14,15)-2,1-3,18",11,1,3.5,False,-3,先週と同じコースを使用して最終週となったが、前週日曜と同レベルで、やや速めの時計が出るレベル。
201704021105,5,2歳新馬,芝,1400,晴,良,12:35,2017-09-02,新潟,7,1,2,2015101838,クニノオーシャン,牡2,54,01004,西田雄一,1:23.8,クビ,15-15,35.3,196.3,18,464(0),00421,[東]浅野洋一,881800,太陽光,,,,,,,,,,,,"(*5,6,13,17)-(9,10,8)7(11,16)4,12,15,14-(1,2)-3,18",15,2,11.5,False,"(5,*6,13,17)(10,8)9(7,11,16)-4,12(14,15)-2,1-3,18",15,1,8.5,False,-3,先週と同じコースを使用して最終週となったが、前週日曜と同レベルで、やや速めの時計が出るレベル。
201704021105,5,2歳新馬,芝,1400,晴,良,12:35,2017-09-02,新潟,8,5,10,2015109012,サイモンルチアーノ,牡2,54,00733,吉田豊,1:23.8,クビ,5-5,36.9,34.8,8,492(0),00408,[東]田中清隆,132030,澤田昭紀,,,,,,,,,,,,"(*5,6,13,17)-(9,10,8)7(11,16)4,12,15,14-(1,2)-3,18",5,3,3.5,False,"(5,*6,13,17)(10,8)9(7,11,16)-4,12(14,15)-2,1-3,18",5,2,0.0,False,-3,先週と同じコースを使用して最終週となったが、前週日曜と同レベルで、やや速めの時計が出るレベル。
201704021105,5,2歳新馬,芝,1400,晴,良,12:35,2017-09-02,新潟,9,5,9,2015104488,サマーシャドウ,牝2,51,01158,野中悠太,1:24.0,1.1/2,5-7,37.0,109.7,14,460(0),01047,[東]勢司和浩,308002,飯塚知一,,,,,,,,,,,,"(*5,6,13,17)-(9,10,8)7(11,16)4,12,15,14-(1,2)-3,18",5,3,3.5,False,"(5,*6,13,17)(10,8)9(7,11,16)-4,12(14,15)-2,1-3,18",7,1,0.0,False,-3,先週と同じコースを使用して最終週となったが、前週日曜と同レベルで、やや速めの時計が出るレベル。
201704021105,5,2歳新馬,芝,1400,晴,良,12:35,2017-09-02,新潟,10,8,17,2015104371,アルベルティーヌ,牝2,54,01075,田辺裕信,1:24.0,ハナ,2-2,37.4,12.2,4,428(0),01127,[東]栗田徹,338007,村野康司,,,,,,,,,,,,"(*5,6,13,17)-(9,10,8)7(11,16)4,12,15,14-(1,2)-3,18",2,4,0.0,False,"(5,*6,13,17)(10,8)9(7,11,16)-4,12(14,15)-2,1-3,18",2,4,0.0,False,-3,先週と同じコースを使用して最終週となったが、前週日曜と同レベルで、やや速めの時計が出るレベル。
201704021105,5,2歳新馬,芝,1400,晴,良,12:35,2017-09-02,新潟,11,7,15,2015104859,セレブレイトダンス,牝2,54,01142,長岡禎仁,1:24.1,3/4,13-13,36.2,68.7,13,418(0),01152,[東]竹内正洋,506800,シルクレーシング,,,,,,,,,,,,"(*5,6,13,17)-(9,10,8)7(11,16)4,12,15,14-(1,2)-3,18",13,1,6.5,False,"(5,*6,13,17)(10,8)9(7,11,16)-4,12(14,15)-2,1-3,18",13,2,5.0,False,-3,先週と同じコースを使用して最終週となったが、前週日曜と同レベルで、やや速めの時計が出るレベル。
201704021105,5,2歳新馬,芝,1400,晴,良,12:35,2017-09-02,新潟,12,3,5,2015100494,エスターテ,牝2,51,01169,武藤雅,1:24.2,3/4,1-2,37.7,19.6,6,422(0),01031,[東]伊藤伸一,055700,グリーンスウォード,,,,,,,,,,,,"(*5,6,13,17)-(9,10,8)7(11,16)4,12,15,14-(1,2)-3,18",1,4,0.0,True,"(5,*6,13,17)(10,8)9(7,11,16)-4,12(14,15)-2,1-3,18",2,4,0.0,False,-3,先週と同じコースを使用して最終週となったが、前週日曜と同レベルで、やや速めの時計が出るレベル。
201704021105,5,2歳新馬,芝,1400,晴,良,12:35,2017-09-02,新潟,13,4,7,2015104605,ハットワンスター,牝2,51,01161,菊沢一樹,1:24.7,3,8-8,37.6,17.1,5,462(0),01115,[東]菊沢隆徳,916033,服部邦繁,,,,,,,,,,,,"(*5,6,13,17)-(9,10,8)7(11,16)4,12,15,14-(1,2)-3,18",8,1,3.5,False,"(5,*6,13,17)(10,8)9(7,11,16)-4,12(14,15)-2,1-3,18",8,3,0.0,False,-3,先週と同じコースを使用して最終週となったが、前週日曜と同レベルで、やや速めの時計が出るレベル。
201704021105,5,2歳新馬,芝,1400,晴,良,12:35,2017-09-02,新潟,14,8,18,2015105719,ショウナンパーリオ,牡2,54,01043,北村宏司,1:24.8,クビ,18-18,35.7,185.8,16,450(0),01152,[東]竹内正洋,331002,国本哲秀,,,,,,,,,,,,"(*5,6,13,17)-(9,10,8)7(11,16)4,12,15,14-(1,2)-3,18",18,1,16.5,False,"(5,*6,13,17)(10,8)9(7,11,16)-4,12(14,15)-2,1-3,18",18,1,15.0,False,-3,先週と同じコースを使用して最終週となったが、前週日曜と同レベルで、やや速めの時計が出るレベル。
201704021105,5,2歳新馬,芝,1400,晴,良,12:35,2017-09-02,新潟,15,7,13,2015105422,ケルース,牡2,54,00684,田中勝春,1:25.1,2,2-2,38.6,193.5,17,494(0),01007,[東]柴田政人,434006,橋本忠雄,,,,,,,,,,,,"(*5,6,13,17)-(9,10,8)7(11,16)4,12,15,14-(1,2)-3,18",2,4,0.0,False,"(5,*6,13,17)(10,8)9(7,11,16)-4,12(14,15)-2,1-3,18",2,4,0.0,False,-3,先週と同じコースを使用して最終週となったが、前週日曜と同レベルで、やや速めの時計が出るレベル。
201704021105,5,2歳新馬,芝,1400,晴,良,12:35,2017-09-02,新潟,16,1,1,2015103961,ザブルグ,牡2,52,01149,伴啓太,1:26.5,8,15-16,38.0,31.7,7,452(0),01118,[東]高柳瑞樹,669033,中村智幸,,,,,,,,,,,,"(*5,6,13,17)-(9,10,8)7(11,16)4,12,15,14-(1,2)-3,18",15,2,11.5,False,"(5,*6,13,17)(10,8)9(7,11,16)-4,12(14,15)-2,1-3,18",16,1,10.0,False,-3,先週と同じコースを使用して最終週となったが、前週日曜と同レベルで、やや速めの時計が出るレベル。
201704021105,5,2歳新馬,芝,1400,晴,良,12:35,2017-09-02,新潟,17,6,12,2015100870,ダイメイヒゴ,牝2,51,01167,木幡育也,1:27.1,3.1/2,12-12,39.4,59.8,11,414(0),00428,[東]石毛善彦,688006,宮本孝一,,,,,,,,,,,,"(*5,6,13,17)-(9,10,8)7(11,16)4,12,15,14-(1,2)-3,18",12,1,5.0,False,"(5,*6,13,17)(10,8)9(7,11,16)-4,12(14,15)-2,1-3,18",12,1,5.0,False,-3,先週と同じコースを使用して最終週となったが、前週日曜と同レベルで、やや速めの時計が出るレベル。
201704021105,5,2歳新馬,芝,1400,晴,良,12:35,2017-09-02,新潟,18,2,3,2015104291,デルマウーゾ,牡2,54,01029,武士沢友,1:27.5,2.1/2,17-17,38.6,180.4,15,458(0),00436,[東]堀井雅広,274002,浅沼廣幸,,,,,,,,,,,,"(*5,6,13,17)-(9,10,8)7(11,16)4,12,15,14-(1,2)-3,18",17,1,15.0,False,"(5,*6,13,17)(10,8)9(7,11,16)-4,12(14,15)-2,1-3,18",17,1,13.5,False,-3,先週と同じコースを使用して最終週となったが、前週日曜と同レベルで、やや速めの時計が出るレベル。
201704021106,6,3歳未勝利,芝,1600,晴,良,13:05,2017-09-02,新潟,1,3,5,2014100140,ルックアットミー,牝3,51,01169,武藤雅,1:35.0,,7-7,33.3,5.8,3,462(+6),01036,[東]高橋義博,871006,高橋信博,500.0,,,,,,,,,,,"14-1-(6,7)-(3,17)(2,5)13(4,8,11)18,12(10,16)9-15",7,2,10.5,False,"14,1(6,7)-(3,17)(2,5)(4,13)(8,11)(10,12,18)(9,16)-15",7,2,5.0,False,-3,先週と同じコースを使用して最終週となったが、前週日曜と同レベルで、やや速めの時計が出るレベル。
201704021106,6,3歳未勝利,芝,1600,晴,良,13:05,2017-09-02,新潟,2,3,6,2014102893,プンメリン,牝3,54,01091,丹内祐次,1:35.2,1.1/4,3-3,33.9,16.7,6,456(+4),01097,[東]鹿戸雄一,546800,サラブレッドクラブ・...,200.0,,,,,,,,,,,"14-1-(6,7)-(3,17)(2,5)13(4,8,11)18,12(10,16)9-15",3,2,7.0,False,"14,1(6,7)-(3,17)(2,5)(4,13)(8,11)(10,12,18)(9,16)-15",3,2,1.5,False,-3,先週と同じコースを使用して最終週となったが、前週日曜と同レベルで、やや速めの時計が出るレベル。
201704021106,6,3歳未勝利,芝,1600,晴,良,13:05,2017-09-02,新潟,3,4,7,2014100702,タックボーイ,牡3,56,01092,津村明秀,1:35.3,3/4,3-3,34.2,6.0,4,438(+4),00359,[東]高橋祥泰,716800,ビッグレッドファーム,130.0,,,,,,,,,,,"14-1-(6,7)-(3,17)(2,5)13(4,8,11)18,12(10,16)9-15",3,2,7.0,False,"14,1(6,7)-(3,17)(2,5)(4,13)(8,11)(10,12,18)(9,16)-15",3,2,1.5,False,-3,先週と同じコースを使用して最終週となったが、前週日曜と同レベルで、やや速めの時計が出るレベル。
201704021106,6,3歳未勝利,芝,1600,晴,良,13:05,2017-09-02,新潟,4,2,4,2014106145,ダノンスウィート,牝3,51,01167,木幡育也,1:35.3,クビ,10-9,33.2,67.1,10,394(-6),00386,[東]藤沢和雄,619800,ダノックス,75.0,,,,,,,,,,,"14-1-(6,7)-(3,17)(2,5)13(4,8,11)18,12(10,16)9-15",10,3,10.5,False,"14,1(6,7)-(3,17)(2,5)(4,13)(8,11)(10,12,18)(9,16)-15",9,2,5.0,False,-3,先週と同じコースを使用して最終週となったが、前週日曜と同レベルで、やや速めの時計が出るレベル。
201704021106,6,3歳未勝利,芝,1600,晴,良,13:05,2017-09-02,新潟,5,2,3,2014105457,ヴェルデミーティア,牝3,54,00733,吉田豊,1:35.3,アタマ,5-5,33.7,16.9,7,414(-6),01054,[東]戸田博文,166033,小濱忠一,50.0,,,,,,,,,,,"14-1-(6,7)-(3,17)(2,5)13(4,8,11)18,12(10,16)9-15",5,2,10.5,False,"14,1(6,7)-(3,17)(2,5)(4,13)(8,11)(10,12,18)(9,16)-15",5,2,5.0,False,-3,先週と同じコースを使用して最終週となったが、前週日曜と同レベルで、やや速めの時計が出るレベル。
201704021106,6,3歳未勝利,芝,1600,晴,良,13:05,2017-09-02,新潟,6,8,16,2014100586,ブリッツシュラーク,牡3,56,01075,田辺裕信,1:35.3,ハナ,15-16,32.8,3.3,1,484(+12),01102,[東]大竹正博,788800,ノースヒルズ,,,,,,,,,,,,"14-1-(6,7)-(3,17)(2,5)13(4,8,11)18,12(10,16)9-15",15,2,12.0,False,"14,1(6,7)-(3,17)(2,5)(4,13)(8,11)(10,12,18)(9,16)-15",16,2,5.0,False,-3,先週と同じコースを使用して最終週となったが、前週日曜と同レベルで、やや速めの時計が出るレベル。
201704021106,6,3歳未勝利,芝,1600,晴,良,13:05,2017-09-02,新潟,7,7,14,2014100812,アンヴェルス,牡3,53,01164,藤田菜七,1:35.4,クビ,1-1,34.5,60.1,9,444(0),01080,[東]清水英克,547800,ヒダカ・ブリーダーズ...,,,,,,,,,,,,"14-1-(6,7)-(3,17)(2,5)13(4,8,11)18,12(10,16)9-15",1,1,0.0,False,"14,1(6,7)-(3,17)(2,5)(4,13)(8,11)(10,12,18)(9,16)-15",1,1,0.0,False,-3,先週と同じコースを使用して最終週となったが、前週日曜と同レベルで、やや速めの時計が出るレベル。
201704021106,6,3歳未勝利,芝,1600,晴,良,13:05,2017-09-02,新潟,8,1,1,2014104337,ティナカヌメ,牝3,52,01149,伴啓太,1:35.5,3/4,2-2,34.6,68.1,11,464(+8),01141,[東]尾形和幸,214033,澤田孝之,,,,,,,,,,,,"14-1-(6,7)-(3,17)(2,5)13(4,8,11)18,12(10,16)9-15",2,1,3.5,False,"14,1(6,7)-(3,17)(2,5)(4,13)(8,11)(10,12,18)(9,16)-15",2,1,1.5,False,-3,先週と同じコースを使用して最終週となったが、前週日曜と同レベルで、やや速めの時計が出るレベル。
201704021106,6,3歳未勝利,芝,1600,晴,良,13:05,2017-09-02,新潟,9,7,13,2014103141,シゲルゴリラ,牡3,56,00641,柴田善臣,1:35.8,1.3/4,9-9,33.7,266.6,16,462(+2),01131,[東]蛯名利弘,674004,森中蕃,,,,,,,,,,,,"14-1-(6,7)-(3,17)(2,5)13(4,8,11)18,12(10,16)9-15",9,1,10.5,False,"14,1(6,7)-(3,17)(2,5)(4,13)(8,11)(10,12,18)(9,16)-15",9,2,5.0,False,-3,先週と同じコースを使用して最終週となったが、前週日曜と同レベルで、やや速めの時計が出るレベル。
201704021106,6,3歳未勝利,芝,1600,晴,良,13:05,2017-09-02,新潟,10,6,11,2014103549,ゲートウェイアーチ,牡3,56,05386,戸崎圭太,1:36.0,1,10-11,33.8,3.9,2,432(0),01067,[東]久保田貴,506800,シルクレーシング,,,,,,,,,,,,"14-1-(6,7)-(3,17)(2,5)13(4,8,11)18,12(10,16)9-15",10,3,10.5,False,"14,1(6,7)-(3,17)(2,5)(4,13)(8,11)(10,12,18)(9,16)-15",11,2,5.0,False,-3,先週と同じコースを使用して最終週となったが、前週日曜と同レベルで、やや速めの時計が出るレベル。
201704021106,6,3歳未勝利,芝,1600,晴,良,13:05,2017-09-02,新潟,11,6,12,2014102192,スキーマー,牡3,56,00422,内田博幸,1:36.0,アタマ,14-13,33.6,57.7,8,484(0),01103,[東]尾関知人,003060,Ｈ．Ｈ．シェイク・モ...,,,,,,,,,,,,"14-1-(6,7)-(3,17)(2,5)13(4,8,11)18,12(10,16)9-15",14,1,12.0,False,"14,1(6,7)-(3,17)(2,5)(4,13)(8,11)(10,12,18)(9,16)-15",13,3,5.0,False,-3,先週と同じコースを使用して最終週となったが、前週日曜と同レベルで、やや速めの時計が出るレベル。
201704021106,6,3歳未勝利,芝,1600,晴,良,13:05,2017-09-02,新潟,12,4,8,2014104730,クリノダヴィンチ,牡3,56,01004,西田雄一,1:36.2,1.1/4,10-11,34.0,414.9,18,474(-12),01090,[東]天間昭一,970006,栗本博晴,,,,,,,,,,,,"14-1-(6,7)-(3,17)(2,5)13(4,8,11)18,12(10,16)9-15",10,3,10.5,False,"14,1(6,7)-(3,17)(2,5)(4,13)(8,11)(10,12,18)(9,16)-15",11,2,5.0,False,-3,先週と同じコースを使用して最終週となったが、前週日曜と同レベルで、やや速めの時計が出るレベル。
201704021106,6,3歳未勝利,芝,1600,晴,良,13:05,2017-09-02,新潟,13,5,9,2014106161,ピエスドール,牝3,54,01077,石橋脩,1:36.3,1/2,17-16,33.6,6.7,5,418(+10),01079,[東]古賀慎明,226800,サンデーレーシング,,,,,,,,,,,,"14-1-(6,7)-(3,17)(2,5)13(4,8,11)18,12(10,16)9-15",17,1,12.0,False,"14,1(6,7)-(3,17)(2,5)(4,13)(8,11)(10,12,18)(9,16)-15",16,2,5.0,False,-3,先週と同じコースを使用して最終週となったが、前週日曜と同レベルで、やや速めの時計が出るレベル。
201704021106,6,3歳未勝利,芝,1600,晴,良,13:05,2017-09-02,新潟,14,8,18,2014105565,ダノンブルース,牡3,55,01162,木幡巧也,1:36.5,1.1/4,13-13,34.2,200.5,13,444(-8),01017,[東]萩原清,619800,ダノックス,,,,,,,,,,,,"14-1-(6,7)-(3,17)(2,5)13(4,8,11)18,12(10,16)9-15",13,1,10.5,False,"14,1(6,7)-(3,17)(2,5)(4,13)(8,11)(10,12,18)(9,16)-15",13,3,5.0,False,-3,先週と同じコースを使用して最終週となったが、前週日曜と同レベルで、やや速めの時計が出るレベル。
201704021106,6,3歳未勝利,芝,1600,晴,良,13:05,2017-09-02,新潟,15,7,15,2014102560,ライズユアフラッグ,牡3,56,01118,宮崎北斗,1:36.8,2,18-18,34.2,260.9,14,450(-2),01093,[東]松永康利,770006,西城公雄,,,,,,,,,,,,"14-1-(6,7)-(3,17)(2,5)13(4,8,11)18,12(10,16)9-15",18,1,15.5,False,"14,1(6,7)-(3,17)(2,5)(4,13)(8,11)(10,12,18)(9,16)-15",18,1,8.5,False,-3,先週と同じコースを使用して最終週となったが、前週日曜と同レベルで、やや速めの時計が出るレベル。
201704021106,6,3歳未勝利,芝,1600,晴,良,13:05,2017-09-02,新潟,16,1,2,2014103340,グレーミーティア,牝3,54,01029,武士沢友,1:37.0,1.1/2,7-7,35.2,265.5,15,450(+2),01090,[東]天間昭一,032800,ローレルレーシング,,,,,,,,,,,,"14-1-(6,7)-(3,17)(2,5)13(4,8,11)18,12(10,16)9-15",7,2,10.5,False,"14,1(6,7)-(3,17)(2,5)(4,13)(8,11)(10,12,18)(9,16)-15",7,2,5.0,False,-3,先週と同じコースを使用して最終週となったが、前週日曜と同レベルで、やや速めの時計が出るレベル。
201704021106,6,3歳未勝利,芝,1600,晴,良,13:05,2017-09-02,新潟,17,5,10,2014103673,ボンジュールブリエ,牝3,51,01158,野中悠太,1:37.1,クビ,15-13,34.9,118.0,12,494(+14),01090,[東]天間昭一,397030,田中善次郎,,,,,,,,,,,,"14-1-(6,7)-(3,17)(2,5)13(4,8,11)18,12(10,16)9-15",15,2,12.0,False,"14,1(6,7)-(3,17)(2,5)(4,13)(8,11)(10,12,18)(9,16)-15",13,3,5.0,False,-3,先週と同じコースを使用して最終週となったが、前週日曜と同レベルで、やや速めの時計が出るレベル。
201704021106,6,3歳未勝利,芝,1600,晴,良,13:05,2017-09-02,新潟,18,8,17,2014109084,スカーレットベスト,牝3,54,01096,大野拓弥,1:38.1,6,5-5,36.3,321.0,17,446(+14),01124,[東]大和田成,051800,那須野牧場,,,,,,,,,,,,"14-1-(6,7)-(3,17)(2,5)13(4,8,11)18,12(10,16)9-15",5,2,10.5,False,"14,1(6,7)-(3,17)(2,5)(4,13)(8,11)(10,12,18)(9,16)-15",5,2,5.0,False,-3,先週と同じコースを使用して最終週となったが、前週日曜と同レベルで、やや速めの時計が出るレベル。
201704021107,7,3歳未勝利,芝,1000,晴,良,13:35,2017-09-02,新潟,1,4,7,2014104402,マッタナシ,牡3,56,01004,西田雄一,0:55.8,,4,33.1,4.7,2,476(0),01051,[東]岩戸孝樹,247030,芳賀克也,500.0,,,,,,,,,,,,,,,,,,,,,-3,先週と同じコースを使用して最終週となったが、前週日曜と同レベルで、やや速めの時計が出るレベル。
201704021107,7,3歳未勝利,芝,1000,晴,良,13:35,2017-09-02,新潟,2,8,18,2014104301,モアナブルー,牝3,54,01117,丸田恭介,0:56.0,1.1/4,8,33.0,2.8,1,454(0),00341,[東]栗田博憲,136007,平川浩之,200.0,,,,,,,,,,,,,,,,,,,,,-3,先週と同じコースを使用して最終週となったが、前週日曜と同レベルで、やや速めの時計が出るレベル。
201704021107,7,3歳未勝利,芝,1000,晴,良,13:35,2017-09-02,新潟,3,4,8,2014100203,エリーヒストリー,牝3,54,01118,宮崎北斗,0:56.1,3/4,3,33.6,9.2,4,464(0),01089,[東]武市康男,012033,谷川正純,130.0,,,,,,,,,,,,,,,,,,,,,-3,先週と同じコースを使用して最終週となったが、前週日曜と同レベルで、やや速めの時計が出るレベル。
201704021107,7,3歳未勝利,芝,1000,晴,良,13:35,2017-09-02,新潟,4,7,13,2014105600,ネオヴェルモット,牝3,54,01096,大野拓弥,0:56.3,1.1/2,1,33.9,6.8,3,424(-2),00383,[東]伊藤正徳,234008,小林仁幸,75.0,,,,,,,,,,,,,,,,,,,,,-3,先週と同じコースを使用して最終週となったが、前週日曜と同レベルで、やや速めの時計が出るレベル。
201704021107,7,3歳未勝利,芝,1000,晴,良,13:35,2017-09-02,新潟,5,1,1,2014103458,リョウランプリーモ,牡3,56,00684,田中勝春,0:56.3,ハナ,12,33.1,19.0,8,460(+2),01125,[東]小野次郎,606033,佐藤啓子,50.0,,,,,,,,,,,,,,,,,,,,,-3,先週と同じコースを使用して最終週となったが、前週日曜と同レベルで、やや速めの時計が出るレベル。
201704021107,7,3歳未勝利,芝,1000,晴,良,13:35,2017-09-02,新潟,6,7,14,2014106394,タマノプリマベーラ,牝3,52,01149,伴啓太,0:56.3,ハナ,4,33.6,16.4,7,464(-2),01109,[東]伊藤大士,960030,玉腰勇吉,,,,,,,,,,,,,,,,,,,,,,-3,先週と同じコースを使用して最終週となったが、前週日曜と同レベルで、やや速めの時計が出るレベル。
201704021107,7,3歳未勝利,芝,1000,晴,良,13:35,2017-09-02,新潟,7,6,12,2014105115,セイソ,牝3,54,01135,杉原誠人,0:56.4,クビ,14,33.1,70.9,13,416(+12),01125,[東]小野次郎,629800,ミルファーム,,,,,,,,,,,,,,,,,,,,,,-3,先週と同じコースを使用して最終週となったが、前週日曜と同レベルで、やや速めの時計が出るレベル。
201704021107,7,3歳未勝利,芝,1000,晴,良,13:35,2017-09-02,新潟,8,7,15,2014103749,イリューム,牝3,54,00422,内田博幸,0:56.5,3/4,18,32.7,12.5,5,422(+11),01103,[東]尾関知人,482002,水上行雄,,,,,,,,,,,,,,,,,,,,,,-3,先週と同じコースを使用して最終週となったが、前週日曜と同レベルで、やや速めの時計が出るレベル。
201704021107,7,3歳未勝利,芝,1000,晴,良,13:35,2017-09-02,新潟,9,6,11,2014101772,セイユウダンサー,牝3,54,01092,津村明秀,0:56.5,クビ,4,33.8,36.5,11,418(-2),01026,[東]鈴木伸尋,765007,松岡正二,,,,,,,,,,,,,,,,,,,,,,-3,先週と同じコースを使用して最終週となったが、前週日曜と同レベルで、やや速めの時計が出るレベル。
201704021107,7,3歳未勝利,芝,1000,晴,良,13:35,2017-09-02,新潟,10,3,6,2014104793,エフティリンダ,牝3,54,01031,村田一誠,0:56.5,ハナ,15,33.1,14.6,6,432(+2),01096,[東]粕谷昌央,034030,吉野英子,,,,,,,,,,,,,,,,,,,,,,-3,先週と同じコースを使用して最終週となったが、前週日曜と同レベルで、やや速めの時計が出るレベル。
201704021107,7,3歳未勝利,芝,1000,晴,良,13:35,2017-09-02,新潟,11,5,9,2014102808,トーアポリネシア,牝3,54,01091,丹内祐次,0:56.6,クビ,8,33.6,233.7,18,480(+6),01077,[東]加藤和宏,784800,高山ランド,,,,,,,,,,,,,,,,,,,,,,-3,先週と同じコースを使用して最終週となったが、前週日曜と同レベルで、やや速めの時計が出るレベル。
201704021107,7,3歳未勝利,芝,1000,晴,良,13:35,2017-09-02,新潟,12,1,2,2014103511,アキラノテソーロ,牡3,53,01158,野中悠太,0:56.6,クビ,15,33.2,171.3,17,462(+6),01150,[東]池上昌和,980033,了徳寺健二,,,,,,,,,,,,,,,,,,,,,,-3,先週と同じコースを使用して最終週となったが、前週日曜と同レベルで、やや速めの時計が出るレベル。
201704021107,7,3歳未勝利,芝,1000,晴,良,13:35,2017-09-02,新潟,13,2,4,2014100226,スミトアンドチャー,牡3,55,01162,木幡巧也,0:56.8,1,1,34.4,75.6,14,480(0),01133,[東]黒岩陽一,214033,澤田孝之,,,,,,,,,,,,,,,,,,,,,,-3,先週と同じコースを使用して最終週となったが、前週日曜と同レベルで、やや速めの時計が出るレベル。
201704021107,7,3歳未勝利,芝,1000,晴,良,13:35,2017-09-02,新潟,14,8,17,2014102030,アクロスユニバース,牝3,51,01167,木幡育也,0:56.9,クビ,17,33.4,55.7,12,426(+2),01024,[東]萱野浩二,547800,ヒダカ・ブリーダーズ...,,,,,,,,,,,,,,,,,,,,,,-3,先週と同じコースを使用して最終週となったが、前週日曜と同レベルで、やや速めの時計が出るレベル。
201704021107,7,3歳未勝利,芝,1000,晴,良,13:35,2017-09-02,新潟,15,2,3,2014101244,キョッコウ,牝3,54,01129,菅原隆一,0:57.0,1/2,11,33.9,138.0,15,434(+4),01089,[東]武市康男,629800,ミルファーム,,,,,,,,,,,,,,,,,,,,,,-3,先週と同じコースを使用して最終週となったが、前週日曜と同レベルで、やや速めの時計が出るレベル。
201704021107,7,3歳未勝利,芝,1000,晴,良,13:35,2017-09-02,新潟,16,5,10,2014100383,コッコリーノ,牝3,54,01043,北村宏司,0:57.2,1,8,34.2,31.3,10,428(+10),01150,[東]池上昌和,877800,ラ・メール,,,,,,,,,,,,,,,,,,,,,,-3,先週と同じコースを使用して最終週となったが、前週日曜と同レベルで、やや速めの時計が出るレベル。
201704021107,7,3歳未勝利,芝,1000,晴,良,13:35,2017-09-02,新潟,17,8,16,2014103677,ウインクリーヴ,牡3,56,00689,江田照男,0:57.5,2,12,34.3,145.0,16,478(-10),01119,[東]田中剛,494800,ウイン,,,,,,,,,,,,,,,,,,,,,,-3,先週と同じコースを使用して最終週となったが、前週日曜と同レベルで、やや速めの時計が出るレベル。
201704021107,7,3歳未勝利,芝,1000,晴,良,13:35,2017-09-02,新潟,18,3,5,2014100125,タイセイラブリー,牝3,51,01164,藤田菜七,0:57.7,1.1/4,7,34.8,21.6,9,478(-4),01131,[東]蛯名利弘,224007,田中成奉,,,,,,,,,,,,,,,,,,,,,,-3,先週と同じコースを使用して最終週となったが、前週日曜と同レベルで、やや速めの時計が出るレベル。
201704021108,8,3歳以上500万下,ダ,1800,晴,良,14:05,2017-09-02,新潟,1,1,1,2013100270,ドゥリーミン,牝4,52,01167,木幡育也,1:52.8,,1-1-1-1,38.7,18.7,7,462(+6),01012,[東]大江原哲,656033,菊地祐司,750.0,"1-9,13,6(8,15)4,11,7,14,12,5(3,2)-10",1,1,0.0,False,"1-9,13,6,15,8-4,11,7,14-(5,12)-(3,2)-10",1,1,0.0,False,"1(9,13)-(6,15)(4,8,11)(7,14)(5,12)3-(10,2)",1,1,0.0,False,"1,13-(6,9)(4,15,11)(8,7,14)5,3,12-(10,2)",1,1,0.0,False,4,
201704021108,8,3歳以上500万下,ダ,1800,晴,良,14:05,2017-09-02,新潟,2,3,4,2014109007,クリノヴィクトリア,牝3,52,01135,杉原誠人,1:54.1,8,7-7-6-5,39.1,11.9,6,440(-10),01014,[東]高市圭二,970006,栗本博晴,300.0,"1-9,13,6(8,15)4,11,7,14,12,5(3,2)-10",7,1,6.5,False,"1-9,13,6,15,8-4,11,7,14-(5,12)-(3,2)-10",7,1,13.0,False,"1(9,13)-(6,15)(4,8,11)(7,14)(5,12)3-(10,2)",6,3,3.5,False,"1,13-(6,9)(4,15,11)(8,7,14)5,3,12-(10,2)",5,3,5.0,False,4,
201704021108,8,3歳以上500万下,ダ,1800,晴,良,14:05,2017-09-02,新潟,3,4,6,2014100221,ウインミストレス,牝3,52,01118,宮崎北斗,1:54.1,クビ,4-4-4-3,39.4,35.3,9,458(0),01089,[東]武市康男,494800,ウイン,190.0,"1-9,13,6(8,15)4,11,7,14,12,5(3,2)-10",4,1,6.5,False,"1-9,13,6,15,8-4,11,7,14-(5,12)-(3,2)-10",4,1,6.5,False,"1(9,13)-(6,15)(4,8,11)(7,14)(5,12)3-(10,2)",4,2,3.5,False,"1,13-(6,9)(4,15,11)(8,7,14)5,3,12-(10,2)",3,2,5.0,False,4,
201704021108,8,3歳以上500万下,ダ,1800,晴,良,14:05,2017-09-02,新潟,4,3,5,2013104089,トキメキユキチャン,牝4,52,01169,武藤雅,1:54.1,アタマ,12-11-11-11,38.7,78.6,14,440(-4),01035,[東]佐藤吉勝,268006,片岡正雄,110.0,"1-9,13,6(8,15)4,11,7,14,12,5(3,2)-10",12,1,14.0,False,"1-9,13,6,15,8-4,11,7,14-(5,12)-(3,2)-10",11,2,21.0,False,"1(9,13)-(6,15)(4,8,11)(7,14)(5,12)3-(10,2)",11,2,3.5,False,"1,13-(6,9)(4,15,11)(8,7,14)5,3,12-(10,2)",11,1,5.0,False,4,
201704021108,8,3歳以上500万下,ダ,1800,晴,良,14:05,2017-09-02,新潟,5,7,13,2012102119,ハッピーサークル,牝5,55,01077,石橋脩,1:54.2,クビ,3-3-2-2,39.8,9.5,4,478(0),01112,[東]田島俊明,099007,西村專次,75.0,"1-9,13,6(8,15)4,11,7,14,12,5(3,2)-10",3,1,5.0,False,"1-9,13,6,15,8-4,11,7,14-(5,12)-(3,2)-10",3,1,5.0,False,"1(9,13)-(6,15)(4,8,11)(7,14)(5,12)3-(10,2)",2,2,0.0,False,"1,13-(6,9)(4,15,11)(8,7,14)5,3,12-(10,2)",2,1,1.5,False,4,
201704021108,8,3歳以上500万下,ダ,1800,晴,良,14:05,2017-09-02,新潟,6,4,7,2013101391,デフィニール,牝4,55,01117,丸田恭介,1:54.4,1,9-9-9-8,39.2,42.5,11,472(-6),01108,[東]矢野英一,032800,ローレルレーシング,,"1-9,13,6(8,15)4,11,7,14,12,5(3,2)-10",9,1,9.5,False,"1-9,13,6,15,8-4,11,7,14-(5,12)-(3,2)-10",9,1,16.0,False,"1(9,13)-(6,15)(4,8,11)(7,14)(5,12)3-(10,2)",9,2,3.5,False,"1,13-(6,9)(4,15,11)(8,7,14)5,3,12-(10,2)",8,3,5.0,False,4,
201704021108,8,3歳以上500万下,ダ,1800,晴,良,14:05,2017-09-02,新潟,7,2,3,2013105703,シトロプシス,牝4,55,01075,田辺裕信,1:54.4,クビ,13-13-13-12,38.7,7.8,3,474(+4),01048,[東]畠山吉宏,415800,社台レースホース,,"1-9,13,6(8,15)4,11,7,14,12,5(3,2)-10",13,2,14.0,False,"1-9,13,6,15,8-4,11,7,14-(5,12)-(3,2)-10",13,2,24.5,False,"1(9,13)-(6,15)(4,8,11)(7,14)(5,12)3-(10,2)",13,1,3.5,False,"1,13-(6,9)(4,15,11)(8,7,14)5,3,12-(10,2)",12,1,6.5,False,4,
201704021108,8,3歳以上500万下,ダ,1800,晴,良,14:05,2017-09-02,新潟,8,6,10,2013105365,ラインセイラ,牝4,55,01029,武士沢友,1:54.6,1.1/4,15-15-14-14,38.2,61.4,12,466(+4),01094,[東]水野貴広,796002,大澤繁昌,,"1-9,13,6(8,15)4,11,7,14,12,5(3,2)-10",15,1,17.5,False,"1-9,13,6,15,8-4,11,7,14-(5,12)-(3,2)-10",15,1,28.0,False,"1(9,13)-(6,15)(4,8,11)(7,14)(5,12)3-(10,2)",14,2,7.0,False,"1,13-(6,9)(4,15,11)(8,7,14)5,3,12-(10,2)",14,2,11.5,False,4,
201704021108,8,3歳以上500万下,ダ,1800,晴,良,14:05,2017-09-02,新潟,9,8,14,2013105569,レアファインド,牝4,55,01043,北村宏司,1:54.9,1.3/4,10-10-9-8,39.7,23.5,8,460(+6),01027,[東]田村康仁,808800,Ｇ１レーシング,,"1-9,13,6(8,15)4,11,7,14,12,5(3,2)-10",10,1,11.0,False,"1-9,13,6,15,8-4,11,7,14-(5,12)-(3,2)-10",10,1,17.5,False,"1(9,13)-(6,15)(4,8,11)(7,14)(5,12)3-(10,2)",9,2,3.5,False,"1,13-(6,9)(4,15,11)(8,7,14)5,3,12-(10,2)",8,3,5.0,False,4,
201704021108,8,3歳以上500万下,ダ,1800,晴,良,14:05,2017-09-02,新潟,10,6,11,2014103937,ピアノイッチョウ,牝3,52,05386,戸崎圭太,1:55.1,1.1/4,8-8-6-5,40.1,2.1,1,526(+2),00349,[東]尾形充弘,966007,小林祥晃,,"1-9,13,6(8,15)4,11,7,14,12,5(3,2)-10",8,1,8.0,False,"1-9,13,6,15,8-4,11,7,14-(5,12)-(3,2)-10",8,1,14.5,False,"1(9,13)-(6,15)(4,8,11)(7,14)(5,12)3-(10,2)",6,3,3.5,False,"1,13-(6,9)(4,15,11)(8,7,14)5,3,12-(10,2)",5,3,5.0,False,4,
201704021108,8,3歳以上500万下,ダ,1800,晴,良,14:05,2017-09-02,新潟,11,8,15,2014106095,チャームクォーク,牝3,52,01096,大野拓弥,1:55.3,1.1/4,5-5-4-5,40.5,10.9,5,444(-8),01124,[東]大和田成,486800,キャロットファーム,,"1-9,13,6(8,15)4,11,7,14,12,5(3,2)-10",5,2,6.5,False,"1-9,13,6,15,8-4,11,7,14-(5,12)-(3,2)-10",5,1,8.0,False,"1(9,13)-(6,15)(4,8,11)(7,14)(5,12)3-(10,2)",4,2,3.5,False,"1,13-(6,9)(4,15,11)(8,7,14)5,3,12-(10,2)",5,3,5.0,False,4,
201704021108,8,3歳以上500万下,ダ,1800,晴,良,14:05,2017-09-02,新潟,12,5,8,2012104786,モアアピール,牝5,55,00733,吉田豊,1:55.4,クビ,5-6-6-8,40.4,36.0,10,490(0),01103,[東]尾関知人,056803,岩切企画,,"1-9,13,6(8,15)4,11,7,14,12,5(3,2)-10",5,2,6.5,False,"1-9,13,6,15,8-4,11,7,14-(5,12)-(3,2)-10",6,1,9.5,False,"1(9,13)-(6,15)(4,8,11)(7,14)(5,12)3-(10,2)",6,3,3.5,False,"1,13-(6,9)(4,15,11)(8,7,14)5,3,12-(10,2)",8,3,5.0,False,4,
201704021108,8,3歳以上500万下,ダ,1800,晴,良,14:05,2017-09-02,新潟,13,2,2,2013105402,デルマアツヒメ,牝4,52,01158,野中悠太,1:56.0,3.1/2,13-13-14-14,39.6,196.3,15,400(+6),01031,[東]伊藤伸一,807033,南條浩輝,,"1-9,13,6(8,15)4,11,7,14,12,5(3,2)-10",13,2,14.0,False,"1-9,13,6,15,8-4,11,7,14-(5,12)-(3,2)-10",13,2,24.5,False,"1(9,13)-(6,15)(4,8,11)(7,14)(5,12)3-(10,2)",14,2,7.0,False,"1,13-(6,9)(4,15,11)(8,7,14)5,3,12-(10,2)",14,2,11.5,False,4,
201704021108,8,3歳以上500万下,ダ,1800,晴,良,14:05,2017-09-02,新潟,14,7,12,2013105434,エバーパッション,牝4,54,01162,木幡巧也,1:56.0,クビ,11-11-11-13,40.5,62.8,13,428(-2),01076,[東]小笠倫弘,039030,宇田豊,,"1-9,13,6(8,15)4,11,7,14,12,5(3,2)-10",11,1,12.5,False,"1-9,13,6,15,8-4,11,7,14-(5,12)-(3,2)-10",11,2,21.0,False,"1(9,13)-(6,15)(4,8,11)(7,14)(5,12)3-(10,2)",11,2,3.5,False,"1,13-(6,9)(4,15,11)(8,7,14)5,3,12-(10,2)",13,1,8.0,False,4,
201704021108,8,3歳以上500万下,ダ,1800,晴,良,14:05,2017-09-02,新潟,15,5,9,2014100719,マースチェル,牝3,52,01091,丹内祐次,1:57.6,10,2-2-2-3,43.2,6.6,2,438(0),01074,[東]奥平雅士,546800,サラブレッドクラブ・...,,"1-9,13,6(8,15)4,11,7,14,12,5(3,2)-10",2,1,3.5,False,"1-9,13,6,15,8-4,11,7,14-(5,12)-(3,2)-10",2,1,3.5,False,"1(9,13)-(6,15)(4,8,11)(7,14)(5,12)3-(10,2)",2,2,0.0,False,"1,13-(6,9)(4,15,11)(8,7,14)5,3,12-(10,2)",3,2,5.0,False,4,
201704021109,9,燕特別(1勝),芝,2200,晴,良,14:35,2017-09-02,新潟,1,1,1,2014103367,サンシロウ,牡3,54,00641,柴田善臣,2:13.3,,6-6-6-8,35.1,28.6,8,490(-6),00380,[東]柄崎孝,020803,三度屋,"1,091.3","8-5,9,2,4,1,3(7,11)(14,15)18(16,12)17(6,13)   10",6,1,9.5,False,"8-5(2,9)4(1,3)-(7,11)(14,15)18(16,12)(17,13)6   10",6,2,3.5,False,"8=5,9(2,4)(1,3,15,12)(14,7,18)13,16,17(11,6)   10",6,4,7.5,False,"8=(5,4)(2,9)(3,12)(1,15)(7,18)(14,13)(16,17)-6,11   10",8,2,6.0,False,-3,先週と同じコースを使用して最終週となったが、前週日曜と同レベルで、やや速めの時計が出るレベル。
201704021109,9,燕特別(1勝),芝,2200,晴,良,14:35,2017-09-02,新潟,2,4,8,2012104194,ジュンファイトクン,牡5,57,01169,武藤雅,2:13.4,1/2,1-1-1-1,36.7,9.3,5,448(-12),00427,[西]森秀行,165033,河合純二,431.8,"8-5,9,2,4,1,3(7,11)(14,15)18(16,12)17(6,13)   10",1,1,0.0,False,"8-5(2,9)4(1,3)-(7,11)(14,15)18(16,12)(17,13)6   10",1,1,0.0,False,"8=5,9(2,4)(1,3,15,12)(14,7,18)13,16,17(11,6)   10",1,1,0.0,False,"8=(5,4)(2,9)(3,12)(1,15)(7,18)(14,13)(16,17)-6,11   10",1,1,0.0,False,-3,先週と同じコースを使用して最終週となったが、前週日曜と同レベルで、やや速めの時計が出るレベル。
201704021109,9,燕特別(1勝),芝,2200,晴,良,14:35,2017-09-02,新潟,3,1,2,2013101887,ラスイエットロス,牝4,55,01091,丹内祐次,2:13.5,3/4,4-3-4-4,35.5,225.1,15,426(+6),01094,[東]水野貴広,546800,サラブレッドクラブ・...,265.9,"8-5,9,2,4,1,3(7,11)(14,15)18(16,12)17(6,13)   10",4,1,6.5,False,"8-5(2,9)4(1,3)-(7,11)(14,15)18(16,12)(17,13)6   10",3,2,3.5,False,"8=5,9(2,4)(1,3,15,12)(14,7,18)13,16,17(11,6)   10",4,2,7.5,False,"8=(5,4)(2,9)(3,12)(1,15)(7,18)(14,13)(16,17)-6,11   10",4,2,6.0,False,-3,先週と同じコースを使用して最終週となったが、前週日曜と同レベルで、やや速めの時計が出るレベル。
201704021109,9,燕特別(1勝),芝,2200,晴,良,14:35,2017-09-02,新潟,4,8,18,2014105760,フリージングレイン,牡3,54,00422,内田博幸,2:13.5,ハナ,12-12-10-10,35.1,17.8,6,512(+8),01079,[東]古賀慎明,415800,社台レースホース,160.0,"8-5,9,2,4,1,3(7,11)(14,15)18(16,12)17(6,13)   10",12,1,11.0,False,"8-5(2,9)4(1,3)-(7,11)(14,15)18(16,12)(17,13)6   10",12,1,7.0,False,"8=5,9(2,4)(1,3,15,12)(14,7,18)13,16,17(11,6)   10",10,3,7.5,False,"8=(5,4)(2,9)(3,12)(1,15)(7,18)(14,13)(16,17)-6,11   10",10,2,6.0,False,-3,先週と同じコースを使用して最終週となったが、前週日曜と同レベルで、やや速めの時計が出るレベル。
201704021109,9,燕特別(1勝),芝,2200,晴,良,14:35,2017-09-02,新潟,5,2,4,2013105451,オーダードリブン,牡4,57,05212,Ｍ．デム,2:13.5,クビ,5-5-4-2,35.5,2.7,1,454(0),01059,[東]加藤征弘,415800,社台レースホース,105.0,"8-5,9,2,4,1,3(7,11)(14,15)18(16,12)17(6,13)   10",5,1,8.0,False,"8-5(2,9)4(1,3)-(7,11)(14,15)18(16,12)(17,13)6   10",5,1,3.5,False,"8=5,9(2,4)(1,3,15,12)(14,7,18)13,16,17(11,6)   10",4,2,7.5,False,"8=(5,4)(2,9)(3,12)(1,15)(7,18)(14,13)(16,17)-6,11   10",2,2,6.0,False,-3,先週と同じコースを使用して最終週となったが、前週日曜と同レベルで、やや速めの時計が出るレベル。
201704021109,9,燕特別(1勝),芝,2200,晴,良,14:35,2017-09-02,新潟,6,4,7,2014101640,ミルトプレスト,牡3,54,01096,大野拓弥,2:13.6,1/2,8-8-10-10,35.2,35.9,10,504(+12),01035,[東]佐藤吉勝,695033,永山勝敏,,"8-5,9,2,4,1,3(7,11)(14,15)18(16,12)17(6,13)   10",8,2,11.0,False,"8-5(2,9)4(1,3)-(7,11)(14,15)18(16,12)(17,13)6   10",8,2,7.0,False,"8=5,9(2,4)(1,3,15,12)(14,7,18)13,16,17(11,6)   10",10,3,7.5,False,"8=(5,4)(2,9)(3,12)(1,15)(7,18)(14,13)(16,17)-6,11   10",10,2,6.0,False,-3,先週と同じコースを使用して最終週となったが、前週日曜と同レベルで、やや速めの時計が出るレベル。
201704021109,9,燕特別(1勝),芝,2200,晴,良,14:35,2017-09-02,新潟,7,8,17,2014104044,ハートオブスワロー,牝3,52,00733,吉田豊,2:13.6,クビ,15-15-15-14,34.7,18.0,7,426(+2),01096,[東]粕谷昌央,102800,ターフ・スポート,,"8-5,9,2,4,1,3(7,11)(14,15)18(16,12)17(6,13)   10",15,1,11.0,False,"8-5(2,9)4(1,3)-(7,11)(14,15)18(16,12)(17,13)6   10",15,2,7.0,False,"8=5,9(2,4)(1,3,15,12)(14,7,18)13,16,17(11,6)   10",15,1,10.5,False,"8=(5,4)(2,9)(3,12)(1,15)(7,18)(14,13)(16,17)-6,11   10",14,2,6.0,False,-3,先週と同じコースを使用して最終週となったが、前週日曜と同レベルで、やや速めの時計が出るレベル。
201704021109,9,燕特別(1勝),芝,2200,晴,良,14:35,2017-09-02,新潟,8,6,12,2013105771,アルカサル,セ4,57,01075,田辺裕信,2:13.6,ハナ,13-13-6-6,35.4,5.3,2,522(-8),01102,[東]大竹正博,226800,サンデーレーシング,,"8-5,9,2,4,1,3(7,11)(14,15)18(16,12)17(6,13)   10",13,2,11.0,False,"8-5(2,9)4(1,3)-(7,11)(14,15)18(16,12)(17,13)6   10",13,2,7.0,False,"8=5,9(2,4)(1,3,15,12)(14,7,18)13,16,17(11,6)   10",6,4,7.5,False,"8=(5,4)(2,9)(3,12)(1,15)(7,18)(14,13)(16,17)-6,11   10",6,2,6.0,False,-3,先週と同じコースを使用して最終週となったが、前週日曜と同レベルで、やや速めの時計が出るレベル。
201704021109,9,燕特別(1勝),芝,2200,晴,良,14:35,2017-09-02,新潟,9,7,15,2013105846,クイックモーション,牝4,55,05386,戸崎圭太,2:13.7,クビ,10-10-6-8,35.5,5.6,3,464(+2),01126,[東]木村哲也,486800,キャロットファーム,,"8-5,9,2,4,1,3(7,11)(14,15)18(16,12)17(6,13)   10",10,2,11.0,False,"8-5(2,9)4(1,3)-(7,11)(14,15)18(16,12)(17,13)6   10",10,2,7.0,False,"8=5,9(2,4)(1,3,15,12)(14,7,18)13,16,17(11,6)   10",6,4,7.5,False,"8=(5,4)(2,9)(3,12)(1,15)(7,18)(14,13)(16,17)-6,11   10",8,2,6.0,False,-3,先週と同じコースを使用して最終週となったが、前週日曜と同レベルで、やや速めの時計が出るレベル。
201704021109,9,燕特別(1勝),芝,2200,晴,良,14:35,2017-09-02,新潟,10,2,3,2014102390,バリンジャー,牡3,54,01043,北村宏司,2:13.8,1/2,7-6-6-6,35.6,7.3,4,442(-4),01145,[東]奥村武,708800,金子真人ホールディン...,,"8-5,9,2,4,1,3(7,11)(14,15)18(16,12)17(6,13)   10",7,1,11.0,False,"8-5(2,9)4(1,3)-(7,11)(14,15)18(16,12)(17,13)6   10",6,2,3.5,False,"8=5,9(2,4)(1,3,15,12)(14,7,18)13,16,17(11,6)   10",6,4,7.5,False,"8=(5,4)(2,9)(3,12)(1,15)(7,18)(14,13)(16,17)-6,11   10",6,2,6.0,False,-3,先週と同じコースを使用して最終週となったが、前週日曜と同レベルで、やや速めの時計が出るレベル。
201704021109,9,燕特別(1勝),芝,2200,晴,良,14:35,2017-09-02,新潟,11,3,6,2013105986,ゴールドエフォート,牝4,55,01117,丸田恭介,2:13.8,クビ,16-17-16-16,34.6,64.6,12,446(-4),01112,[東]田島俊明,506800,シルクレーシング,,"8-5,9,2,4,1,3(7,11)(14,15)18(16,12)17(6,13)   10",16,2,11.0,False,"8-5(2,9)4(1,3)-(7,11)(14,15)18(16,12)(17,13)6   10",17,1,7.0,False,"8=5,9(2,4)(1,3,15,12)(14,7,18)13,16,17(11,6)   10",16,2,10.5,False,"8=(5,4)(2,9)(3,12)(1,15)(7,18)(14,13)(16,17)-6,11   10",16,1,9.5,False,-3,先週と同じコースを使用して最終週となったが、前週日曜と同レベルで、やや速めの時計が出るレベル。
201704021109,9,燕特別(1勝),芝,2200,晴,良,14:35,2017-09-02,新潟,12,7,14,2012104289,キーフォーサクセス,牡5,57,01092,津村明秀,2:13.9,クビ,10-10-10-12,35.5,125.2,14,444(-2),01119,[東]田中剛,415800,社台レースホース,,"8-5,9,2,4,1,3(7,11)(14,15)18(16,12)17(6,13)   10",10,2,11.0,False,"8-5(2,9)4(1,3)-(7,11)(14,15)18(16,12)(17,13)6   10",10,2,7.0,False,"8=5,9(2,4)(1,3,15,12)(14,7,18)13,16,17(11,6)   10",10,3,7.5,False,"8=(5,4)(2,9)(3,12)(1,15)(7,18)(14,13)(16,17)-6,11   10",12,2,6.0,False,-3,先週と同じコースを使用して最終週となったが、前週日曜と同レベルで、やや速めの時計が出るレベル。
201704021109,9,燕特別(1勝),芝,2200,晴,良,14:35,2017-09-02,新潟,13,3,5,2013106068,ベストレート,牝4,55,00689,江田照男,2:14.1,1.1/4,2-2-2-2,36.4,33.1,9,504(+2),01106,[東]牧光二,808800,Ｇ１レーシング,,"8-5,9,2,4,1,3(7,11)(14,15)18(16,12)17(6,13)   10",2,1,3.5,False,"8-5(2,9)4(1,3)-(7,11)(14,15)18(16,12)(17,13)6   10",2,1,3.5,False,"8=5,9(2,4)(1,3,15,12)(14,7,18)13,16,17(11,6)   10",2,1,6.0,False,"8=(5,4)(2,9)(3,12)(1,15)(7,18)(14,13)(16,17)-6,11   10",2,2,6.0,False,-3,先週と同じコースを使用して最終週となったが、前週日曜と同レベルで、やや速めの時計が出るレベル。
201704021109,9,燕特別(1勝),芝,2200,晴,良,14:35,2017-09-02,新潟,14,8,16,2011103679,レオニーズ,牡6,57,00684,田中勝春,2:14.4,2,13-13-14-14,35.7,97.0,13,492(0),01068,[東]小島茂之,415800,社台レースホース,,"8-5,9,2,4,1,3(7,11)(14,15)18(16,12)17(6,13)   10",13,2,11.0,False,"8-5(2,9)4(1,3)-(7,11)(14,15)18(16,12)(17,13)6   10",13,2,7.0,False,"8=5,9(2,4)(1,3,15,12)(14,7,18)13,16,17(11,6)   10",14,1,9.0,False,"8=(5,4)(2,9)(3,12)(1,15)(7,18)(14,13)(16,17)-6,11   10",14,2,6.0,False,-3,先週と同じコースを使用して最終週となったが、前週日曜と同レベルで、やや速めの時計が出るレベル。
201704021109,9,燕特別(1勝),芝,2200,晴,良,14:35,2017-09-02,新潟,15,5,9,2013100464,シンボリラパス,牡4,57,01162,木幡巧也,2:14.5,1/2,3-3-3-4,36.6,231.1,16,480(-4),01052,[東]菊川正達,431800,シンボリ牧場,,"8-5,9,2,4,1,3(7,11)(14,15)18(16,12)17(6,13)   10",3,1,5.0,False,"8-5(2,9)4(1,3)-(7,11)(14,15)18(16,12)(17,13)6   10",3,2,3.5,False,"8=5,9(2,4)(1,3,15,12)(14,7,18)13,16,17(11,6)   10",3,1,7.5,False,"8=(5,4)(2,9)(3,12)(1,15)(7,18)(14,13)(16,17)-6,11   10",4,2,6.0,False,-3,先週と同じコースを使用して最終週となったが、前週日曜と同レベルで、やや速めの時計が出るレベル。
201704021109,9,燕特別(1勝),芝,2200,晴,良,14:35,2017-09-02,新潟,16,7,13,2013105545,グランドバローズ,セ4,57,01077,石橋脩,2:14.9,2.1/2,16-15-13-12,36.4,42.9,11,464(-6),01070,[東]堀宣行,859007,猪熊広次,,"8-5,9,2,4,1,3(7,11)(14,15)18(16,12)17(6,13)   10",16,2,11.0,False,"8-5(2,9)4(1,3)-(7,11)(14,15)18(16,12)(17,13)6   10",15,2,7.0,False,"8=5,9(2,4)(1,3,15,12)(14,7,18)13,16,17(11,6)   10",13,1,7.5,False,"8=(5,4)(2,9)(3,12)(1,15)(7,18)(14,13)(16,17)-6,11   10",12,2,6.0,False,-3,先週と同じコースを使用して最終週となったが、前週日曜と同レベルで、やや速めの時計が出るレベル。
201704021109,9,燕特別(1勝),芝,2200,晴,良,14:35,2017-09-02,新潟,17,6,11,2013103937,フランチェスコ,牡4,57,01029,武士沢友,2:15.8,5,8-8-16-17,36.7,366.1,17,464(-13),01036,[東]高橋義博,457002,海谷幸司,,"8-5,9,2,4,1,3(7,11)(14,15)18(16,12)17(6,13)   10",8,2,11.0,False,"8-5(2,9)4(1,3)-(7,11)(14,15)18(16,12)(17,13)6   10",8,2,7.0,False,"8=5,9(2,4)(1,3,15,12)(14,7,18)13,16,17(11,6)   10",16,2,10.5,False,"8=(5,4)(2,9)(3,12)(1,15)(7,18)(14,13)(16,17)-6,11   10",17,1,11.0,False,-3,先週と同じコースを使用して最終週となったが、前週日曜と同レベルで、やや速めの時計が出るレベル。
201704021109,9,燕特別(1勝),芝,2200,晴,良,14:35,2017-09-02,新潟,除,5,10,2011101086,イタリアンフェッテ,牝6,55,01004,西田雄一,,,,,---,,420(-4),01010,[東]中野栄治,247030,芳賀克也,,"8-5,9,2,4,1,3(7,11)(14,15)18(16,12)17(6,13)   10",18,1,17.0,False,"8-5(2,9)4(1,3)-(7,11)(14,15)18(16,12)(17,13)6   10",18,1,13.0,False,"8=5,9(2,4)(1,3,15,12)(14,7,18)13,16,17(11,6)   10",18,1,16.5,False,"8=(5,4)(2,9)(3,12)(1,15)(7,18)(14,13)(16,17)-6,11   10",18,1,17.0,False,-3,先週と同じコースを使用して最終週となったが、前週日曜と同レベルで、やや速めの時計が出るレベル。
201704021110,10,弥彦特別(2勝),芝,1800,晴,良,15:10,2017-09-02,新潟,1,7,8,2013105900,アクート,牡4,57,05212,Ｍ．デム,1:46.5,,11-11,33.0,2.4,1,434(+2),00420,[東]宗像義忠,226800,サンデーレーシング,"1,525.9",,,,,,,,,,,"11,10(6,9)(3,7)4(1,2)5,8",11,1,3.0,False,"11-10(6,9)(3,7,4)(1,2)5-8",11,1,7.0,False,-3,先週と同じコースを使用して最終週となったが、前週日曜と同レベルで、やや速めの時計が出るレベル。
201704021110,10,弥彦特別(2勝),芝,1800,晴,良,15:10,2017-09-02,新潟,2,7,9,2014103163,エテレインミノル,牡3,54,01077,石橋脩,1:46.7,1.1/4,3-3,33.9,13.9,5,478(+10),01078,[西]北出成人,265008,吉岡實,607.4,,,,,,,,,,,"11,10(6,9)(3,7)4(1,2)5,8",3,2,1.5,False,"11-10(6,9)(3,7,4)(1,2)5-8",3,2,3.5,False,-3,先週と同じコースを使用して最終週となったが、前週日曜と同レベルで、やや速めの時計が出るレベル。
201704021110,10,弥彦特別(2勝),芝,1800,晴,良,15:10,2017-09-02,新潟,3,5,5,2012103942,レーヌドブリエ,牝5,55,00733,吉田豊,1:46.7,ハナ,10-10,33.6,4.7,3,438(0),01075,[西]矢作芳人,506800,シルクレーシング,383.7,,,,,,,,,,,"11,10(6,9)(3,7)4(1,2)5,8",10,1,1.5,False,"11-10(6,9)(3,7,4)(1,2)5-8",10,1,3.5,False,-3,先週と同じコースを使用して最終週となったが、前週日曜と同レベルで、やや速めの時計が出るレベル。
201704021110,10,弥彦特別(2勝),芝,1800,晴,良,15:10,2017-09-02,新潟,4,4,4,2014105879,ベストリゾート,牡3,54,01075,田辺裕信,1:46.7,クビ,7-5,33.8,6.2,4,474(+10),01126,[東]木村哲也,398030,保坂和孝,230.0,,,,,,,,,,,"11,10(6,9)(3,7)4(1,2)5,8",7,1,1.5,False,"11-10(6,9)(3,7,4)(1,2)5-8",5,3,3.5,False,-3,先週と同じコースを使用して最終週となったが、前週日曜と同レベルで、やや速めの時計が出るレベル。
201704021110,10,弥彦特別(2勝),芝,1800,晴,良,15:10,2017-09-02,新潟,5,1,1,2012104787,ショウボート,牡5,57,05386,戸崎圭太,1:46.8,1/2,8-8,33.7,4.6,2,480(-4),01022,[西]石坂正,431002,馬場幸夫,150.0,,,,,,,,,,,"11,10(6,9)(3,7)4(1,2)5,8",8,2,1.5,False,"11-10(6,9)(3,7,4)(1,2)5-8",8,2,3.5,False,-3,先週と同じコースを使用して最終週となったが、前週日曜と同レベルで、やや速めの時計が出るレベル。
201704021110,10,弥彦特別(2勝),芝,1800,晴,良,15:10,2017-09-02,新潟,6,3,3,2013104536,ヒメタチバナ,牝4,55,00422,内田博幸,1:47.1,1.3/4,5-5,34.2,20.8,6,462(0),01007,[東]柴田政人,548009,岡田勇,,,,,,,,,,,,"11,10(6,9)(3,7)4(1,2)5,8",5,2,1.5,False,"11-10(6,9)(3,7,4)(1,2)5-8",5,3,3.5,False,-3,先週と同じコースを使用して最終週となったが、前週日曜と同レベルで、やや速めの時計が出るレベル。
201704021110,10,弥彦特別(2勝),芝,1800,晴,良,15:10,2017-09-02,新潟,7,6,7,2011104031,テスタメント,牡6,57,01135,杉原誠人,1:47.1,ハナ,5-5,34.2,22.7,7,448(+2),01068,[東]小島茂之,016008,田原邦男,,,,,,,,,,,,"11,10(6,9)(3,7)4(1,2)5,8",5,2,1.5,False,"11-10(6,9)(3,7,4)(1,2)5-8",5,3,3.5,False,-3,先週と同じコースを使用して最終週となったが、前週日曜と同レベルで、やや速めの時計が出るレベル。
201704021110,10,弥彦特別(2勝),芝,1800,晴,良,15:10,2017-09-02,新潟,8,6,6,2013103050,ヴェゼール,牡4,57,01096,大野拓弥,1:47.1,ハナ,3-3,34.4,22.8,8,544(0),01072,[西]河内洋,078006,畑佐博,,,,,,,,,,,,"11,10(6,9)(3,7)4(1,2)5,8",3,2,1.5,False,"11-10(6,9)(3,7,4)(1,2)5-8",3,2,3.5,False,-3,先週と同じコースを使用して最終週となったが、前週日曜と同レベルで、やや速めの時計が出るレベル。
201704021110,10,弥彦特別(2勝),芝,1800,晴,良,15:10,2017-09-02,新潟,9,2,2,2011105050,リノリオ,牡6,57,01117,丸田恭介,1:47.1,クビ,8-8,34.0,24.6,9,518(+4),01028,[西]西園正都,425800,錦岡牧場,,,,,,,,,,,,"11,10(6,9)(3,7)4(1,2)5,8",8,2,1.5,False,"11-10(6,9)(3,7,4)(1,2)5-8",8,2,3.5,False,-3,先週と同じコースを使用して最終週となったが、前週日曜と同レベルで、やや速めの時計が出るレベル。
201704021110,10,弥彦特別(2勝),芝,1800,晴,良,15:10,2017-09-02,新潟,10,8,10,2012101568,メナスコ,セ5,57,01092,津村明秀,1:47.6,3,2-2,35.0,99.0,10,438(-4),01062,[西]藤岡健一,003060,Ｈ．Ｈ．シェイク・モ...,,,,,,,,,,,,"11,10(6,9)(3,7)4(1,2)5,8",2,1,1.5,False,"11-10(6,9)(3,7,4)(1,2)5-8",2,1,3.5,False,-3,先週と同じコースを使用して最終週となったが、前週日曜と同レベルで、やや速めの時計が出るレベル。
201704021110,10,弥彦特別(2勝),芝,1800,晴,良,15:10,2017-09-02,新潟,11,8,11,2010101988,スワンボート,牡7,57,01161,菊沢一樹,1:48.9,8,1-1,36.6,426.1,11,470(+6),01007,[東]柴田政人,855030,田頭勇貴,,,,,,,,,,,,"11,10(6,9)(3,7)4(1,2)5,8",1,1,0.0,False,"11-10(6,9)(3,7,4)(1,2)5-8",1,1,0.0,False,-3,先週と同じコースを使用して最終週となったが、前週日曜と同レベルで、やや速めの時計が出るレベル。
201704021111,11,長岡S(3勝),芝,1600,晴,良,15:45,2017-09-02,新潟,1,2,3,2012104938,バンゴール,牝5,55,01075,田辺裕信,1:33.9,,3-2,33.2,10.5,4,440(+10),01103,[東]尾関知人,226800,サンデーレーシング,"1,852.2",,,,,,,,,,,"8=15-3(2,6)10,1(4,9)(5,7,11)(12,14)13",3,1,9.5,False,"8=(3,15)(2,6,10)1(4,9)(5,11)(12,7,14)13",2,2,6.0,False,-3,先週と同じコースを使用して最終週となったが、前週日曜と同レベルで、やや速めの時計が出るレベル。
201704021111,11,長岡S(3勝),芝,1600,晴,良,15:45,2017-09-02,新潟,2,3,4,2013104956,ハクサンルドルフ,牡4,57,05386,戸崎圭太,1:34.1,1.1/4,8-8,32.8,2.1,1,464(+6),01028,[西]西園正都,841030,河崎五市,739.2,,,,,,,,,,,"8=15-3(2,6)10,1(4,9)(5,7,11)(12,14)13",8,2,11.0,False,"8=(3,15)(2,6,10)1(4,9)(5,11)(12,7,14)13",8,2,6.0,False,-3,先週と同じコースを使用して最終週となったが、前週日曜と同レベルで、やや速めの時計が出るレベル。
201704021111,11,長岡S(3勝),芝,1600,晴,良,15:45,2017-09-02,新潟,3,4,6,2013103682,フロンテアクイーン,牝4,55,01043,北村宏司,1:34.1,ハナ,4-4,33.2,4.2,2,464(+2),00399,[東]国枝栄,061803,三協ファーム,464.6,,,,,,,,,,,"8=15-3(2,6)10,1(4,9)(5,7,11)(12,14)13",4,2,9.5,False,"8=(3,15)(2,6,10)1(4,9)(5,11)(12,7,14)13",4,3,6.0,False,-3,先週と同じコースを使用して最終週となったが、前週日曜と同レベルで、やや速めの時計が出るレベル。
201704021111,11,長岡S(3勝),芝,1600,晴,良,15:45,2017-09-02,新潟,4,6,10,2012103634,ルグランパントル,セ5,57,00641,柴田善臣,1:34.2,1/2,6-4,33.3,24.7,8,476(+2),00341,[東]栗田博憲,854800,ノルマンディーサラブ...,270.0,,,,,,,,,,,"8=15-3(2,6)10,1(4,9)(5,7,11)(12,14)13",6,1,9.5,False,"8=(3,15)(2,6,10)1(4,9)(5,11)(12,7,14)13",4,3,6.0,False,-3,先週と同じコースを使用して最終週となったが、前週日曜と同レベルで、やや速めの時計が出るレベル。
201704021111,11,長岡S(3勝),芝,1600,晴,良,15:45,2017-09-02,新潟,5,7,12,2013103817,ストーミーシー,牡4,57,01096,大野拓弥,1:34.2,クビ,13-12,32.7,6.3,3,520(-2),01086,[東]斎藤誠,629800,ミルファーム,182.0,,,,,,,,,,,"8=15-3(2,6)10,1(4,9)(5,7,11)(12,14)13",13,2,11.0,False,"8=(3,15)(2,6,10)1(4,9)(5,11)(12,7,14)13",12,3,6.0,False,-3,先週と同じコースを使用して最終週となったが、前週日曜と同レベルで、やや速めの時計が出るレベル。
201704021111,11,長岡S(3勝),芝,1600,晴,良,15:45,2017-09-02,新潟,6,8,14,2011104759,チャンピオンルパン,牡6,57,00422,内田博幸,1:34.4,1.1/2,13-12,32.9,22.0,6,494(+12),01047,[東]勢司和浩,750005,坪野谷和平,,,,,,,,,,,,"8=15-3(2,6)10,1(4,9)(5,7,11)(12,14)13",13,2,11.0,False,"8=(3,15)(2,6,10)1(4,9)(5,11)(12,7,14)13",12,3,6.0,False,-3,先週と同じコースを使用して最終週となったが、前週日曜と同レベルで、やや速めの時計が出るレベル。
201704021111,11,長岡S(3勝),芝,1600,晴,良,15:45,2017-09-02,新潟,7,6,11,2012103979,ディアマイダーリン,牝5,55,00660,横山典弘,1:34.5,1/2,10-10,33.0,20.5,5,490(0),01115,[東]菊沢隆徳,514008,窪田康志,,,,,,,,,,,,"8=15-3(2,6)10,1(4,9)(5,7,11)(12,14)13",10,3,11.0,False,"8=(3,15)(2,6,10)1(4,9)(5,11)(12,7,14)13",10,2,6.0,False,-3,先週と同じコースを使用して最終週となったが、前週日曜と同レベルで、やや速めの時計が出るレベル。
201704021111,11,長岡S(3勝),芝,1600,晴,良,15:45,2017-09-02,新潟,8,5,9,2011105044,マコトサダイジン,セ6,57,00733,吉田豊,1:34.7,1.1/4,8-8,33.5,31.3,9,444(-4),01011,[西]松田国英,864800,ディアマント,,,,,,,,,,,,"8=15-3(2,6)10,1(4,9)(5,7,11)(12,14)13",8,2,11.0,False,"8=(3,15)(2,6,10)1(4,9)(5,11)(12,7,14)13",8,2,6.0,False,-3,先週と同じコースを使用して最終週となったが、前週日曜と同レベルで、やや速めの時計が出るレベル。
201704021111,11,長岡S(3勝),芝,1600,晴,良,15:45,2017-09-02,新潟,9,5,8,2011102532,アルテ,牡6,57,01031,村田一誠,1:34.8,1/2,1-1,34.7,123.7,13,464(-6),01078,[西]北出成人,616800,フジワラ・ファーム,,,,,,,,,,,,"8=15-3(2,6)10,1(4,9)(5,7,11)(12,14)13",1,1,0.0,False,"8=(3,15)(2,6,10)1(4,9)(5,11)(12,7,14)13",1,1,0.0,False,-3,先週と同じコースを使用して最終週となったが、前週日曜と同レベルで、やや速めの時計が出るレベル。
201704021111,11,長岡S(3勝),芝,1600,晴,良,15:45,2017-09-02,新潟,10,2,2,2012101006,ペガサスボス,牡5,57,01049,二本柳壮,1:34.9,クビ,4-4,34.0,44.0,10,524(+16),01075,[西]矢作芳人,261800,天羽牧場,,,,,,,,,,,,"8=15-3(2,6)10,1(4,9)(5,7,11)(12,14)13",4,2,9.5,False,"8=(3,15)(2,6,10)1(4,9)(5,11)(12,7,14)13",4,3,6.0,False,-3,先週と同じコースを使用して最終週となったが、前週日曜と同レベルで、やや速めの時計が出るレベル。
201704021111,11,長岡S(3勝),芝,1600,晴,良,15:45,2017-09-02,新潟,11,3,5,2012104625,レッドライジェル,牡5,57,00684,田中勝春,1:34.9,クビ,10-10,33.6,23.3,7,446(0),00386,[東]藤沢和雄,180800,東京ホースレーシング,,,,,,,,,,,,"8=15-3(2,6)10,1(4,9)(5,7,11)(12,14)13",10,3,11.0,False,"8=(3,15)(2,6,10)1(4,9)(5,11)(12,7,14)13",10,2,6.0,False,-3,先週と同じコースを使用して最終週となったが、前週日曜と同レベルで、やや速めの時計が出るレベル。
201704021111,11,長岡S(3勝),芝,1600,晴,良,15:45,2017-09-02,新潟,12,7,13,2011101390,カバーストーリー,牡6,57,01092,津村明秀,1:35.2,1.1/2,15-15,33.5,132.0,14,472(-8),01110,[西]清水久詞,041002,前田晋二,,,,,,,,,,,,"8=15-3(2,6)10,1(4,9)(5,7,11)(12,14)13",15,1,11.0,False,"8=(3,15)(2,6,10)1(4,9)(5,11)(12,7,14)13",15,1,6.0,False,-3,先週と同じコースを使用して最終週となったが、前週日曜と同レベルで、やや速めの時計が出るレベル。
201704021111,11,長岡S(3勝),芝,1600,晴,良,15:45,2017-09-02,新潟,13,4,7,2012104103,マリオーロ,牡5,57,01117,丸田恭介,1:35.2,ハナ,10-12,33.7,47.0,11,498(-4),01086,[東]斎藤誠,857030,菊地剛,,,,,,,,,,,,"8=15-3(2,6)10,1(4,9)(5,7,11)(12,14)13",10,3,11.0,False,"8=(3,15)(2,6,10)1(4,9)(5,11)(12,7,14)13",12,3,6.0,False,-3,先週と同じコースを使用して最終週となったが、前週日曜と同レベルで、やや速めの時計が出るレベル。
201704021111,11,長岡S(3勝),芝,1600,晴,良,15:45,2017-09-02,新潟,14,1,1,2012101889,クロフネビームス,牝5,55,01162,木幡巧也,1:35.9,4,7-7,34.7,59.1,12,492(0),00349,[東]尾形充弘,017009,古川嘉治,,,,,,,,,,,,"8=15-3(2,6)10,1(4,9)(5,7,11)(12,14)13",7,1,11.0,False,"8=(3,15)(2,6,10)1(4,9)(5,11)(12,7,14)13",7,1,6.0,False,-3,先週と同じコースを使用して最終週となったが、前週日曜と同レベルで、やや速めの時計が出るレベル。
201704021111,11,長岡S(3勝),芝,1600,晴,良,15:45,2017-09-02,新潟,15,8,15,2009105378,ダイシンブラック,牡8,57,01169,武藤雅,1:36.4,3,2-2,35.6,208.3,15,474(-14),01054,[東]戸田博文,929002,大八木信行,,,,,,,,,,,,"8=15-3(2,6)10,1(4,9)(5,7,11)(12,14)13",2,1,6.0,False,"8=(3,15)(2,6,10)1(4,9)(5,11)(12,7,14)13",2,2,6.0,False,-3,先週と同じコースを使用して最終週となったが、前週日曜と同レベルで、やや速めの時計が出るレベル。
201704021112,12,3歳以上500万下,ダ,1200,晴,良,16:30,2017-09-02,新潟,1,6,10,2011104803,エクスシア,牝6,52,01167,木幡育也,1:11.9,,2-2,36.5,14.1,6,438(+2),01012,[東]大江原哲,851009,岡田牧雄,750.0,,,,,,,,,,,"13(6,10)(3,5,14)(2,12)(1,8,15)9(4,11)=7",2,2,0.0,False,"(*13,10)(6,5,14)(3,12)2(1,8,15)9(4,11)=7",2,2,0.0,False,1,
201704021112,12,3歳以上500万下,ダ,1200,晴,良,16:30,2017-09-02,新潟,2,3,5,2012102675,グランアラミス,セ5,57,01118,宮崎北斗,1:12.1,1.1/2,4-3,36.5,3.5,1,488(0),01096,[東]粕谷昌央,851009,岡田牧雄,300.0,,,,,,,,,,,"13(6,10)(3,5,14)(2,12)(1,8,15)9(4,11)=7",4,3,0.0,False,"(*13,10)(6,5,14)(3,12)2(1,8,15)9(4,11)=7",3,3,0.0,False,1,
201704021112,12,3歳以上500万下,ダ,1200,晴,良,16:30,2017-09-02,新潟,3,7,12,2011104167,アサクサレーサー,牡6,54,01169,武藤雅,1:12.4,1.3/4,7-6,36.6,4.9,3,468(-2),01054,[東]戸田博文,537009,田原慶子,190.0,,,,,,,,,,,"13(6,10)(3,5,14)(2,12)(1,8,15)9(4,11)=7",7,2,0.0,False,"(*13,10)(6,5,14)(3,12)2(1,8,15)9(4,11)=7",6,2,0.0,False,1,
201704021112,12,3歳以上500万下,ダ,1200,晴,良,16:30,2017-09-02,新潟,4,5,8,2013102345,ビレッジエンパイア,牡4,57,01096,大野拓弥,1:12.8,2.1/2,9-9,36.8,51.5,11,478(+4),00417,[東]土田稔,438033,村山浩伸,110.0,,,,,,,,,,,"13(6,10)(3,5,14)(2,12)(1,8,15)9(4,11)=7",9,3,0.0,False,"(*13,10)(6,5,14)(3,12)2(1,8,15)9(4,11)=7",9,3,0.0,False,1,
201704021112,12,3歳以上500万下,ダ,1200,晴,良,16:30,2017-09-02,新潟,5,8,15,2012102008,カシノキングダム,牡5,55,01149,伴啓太,1:12.8,アタマ,9-9,36.8,196.3,15,474(-2),00370,[東]二本柳俊,514009,柏木務,75.0,,,,,,,,,,,"13(6,10)(3,5,14)(2,12)(1,8,15)9(4,11)=7",9,3,0.0,False,"(*13,10)(6,5,14)(3,12)2(1,8,15)9(4,11)=7",9,3,0.0,False,1,
201704021112,12,3歳以上500万下,ダ,1200,晴,良,16:30,2017-09-02,新潟,6,7,13,2013106425,ハートイズハート,牡4,54,01164,藤田菜七,1:12.9,クビ,1-1,37.8,7.1,4,460(-8),01010,[東]中野栄治,263006,北村和江,,,,,,,,,,,,"13(6,10)(3,5,14)(2,12)(1,8,15)9(4,11)=7",1,1,0.0,False,"(*13,10)(6,5,14)(3,12)2(1,8,15)9(4,11)=7",1,2,0.0,True,1,
201704021112,12,3歳以上500万下,ダ,1200,晴,良,16:30,2017-09-02,新潟,7,4,6,2014104313,ルア,牝3,53,01117,丸田恭介,1:12.9,クビ,2-3,37.5,54.0,12,466(-8),00412,[東]高橋裕,285008,榊原浩一,,,,,,,,,,,,"13(6,10)(3,5,14)(2,12)(1,8,15)9(4,11)=7",2,2,0.0,False,"(*13,10)(6,5,14)(3,12)2(1,8,15)9(4,11)=7",3,3,0.0,False,1,
201704021112,12,3歳以上500万下,ダ,1200,晴,良,16:30,2017-09-02,新潟,8,2,2,2014105604,ノットオンリー,牡3,55,01077,石橋脩,1:13.1,1.1/4,7-8,37.3,28.2,8,430(-2),01124,[東]大和田成,308033,久保田定,,,,,,,,,,,,"13(6,10)(3,5,14)(2,12)(1,8,15)9(4,11)=7",7,2,0.0,False,"(*13,10)(6,5,14)(3,12)2(1,8,15)9(4,11)=7",8,1,0.0,False,1,
201704021112,12,3歳以上500万下,ダ,1200,晴,良,16:30,2017-09-02,新潟,9,3,4,2012105841,ティアップサンダー,牡5,57,00689,江田照男,1:13.2,1/2,13-13,36.7,36.9,9,462(-11),01125,[東]小野次郎,122008,田中昇,,,,,,,,,,,,"13(6,10)(3,5,14)(2,12)(1,8,15)9(4,11)=7",13,2,0.0,False,"(*13,10)(6,5,14)(3,12)2(1,8,15)9(4,11)=7",13,2,0.0,False,1,
201704021112,12,3歳以上500万下,ダ,1200,晴,良,16:30,2017-09-02,新潟,10,2,3,2012105076,サンアルパイン,セ5,57,00726,岩部純二,1:13.2,クビ,4-6,37.6,101.9,14,498(0),01024,[東]萱野浩二,059803,加藤ステーブル,,,,,,,,,,,,"13(6,10)(3,5,14)(2,12)(1,8,15)9(4,11)=7",4,3,0.0,False,"(*13,10)(6,5,14)(3,12)2(1,8,15)9(4,11)=7",6,2,0.0,False,1,
201704021112,12,3歳以上500万下,ダ,1200,晴,良,16:30,2017-09-02,新潟,11,1,1,2014101975,ヒラボクメジャー,牡3,55,00641,柴田善臣,1:13.4,1,9-9,37.4,14.8,7,490(-2),01152,[東]竹内正洋,984800,平田牧場,,,,,,,,,,,,"13(6,10)(3,5,14)(2,12)(1,8,15)9(4,11)=7",9,3,0.0,False,"(*13,10)(6,5,14)(3,12)2(1,8,15)9(4,11)=7",9,3,0.0,False,1,
201704021112,12,3歳以上500万下,ダ,1200,晴,良,16:30,2017-09-02,新潟,12,8,14,2013102476,キョウエイスコール,牡4,57,05386,戸崎圭太,1:13.5,1/2,4-3,37.9,3.9,2,500(+8),01047,[東]勢司和浩,619002,田中晴夫,,,,,,,,,,,,"13(6,10)(3,5,14)(2,12)(1,8,15)9(4,11)=7",4,3,0.0,False,"(*13,10)(6,5,14)(3,12)2(1,8,15)9(4,11)=7",3,3,0.0,False,1,
201704021112,12,3歳以上500万下,ダ,1200,晴,良,16:30,2017-09-02,新潟,13,5,9,2013100979,ベルベットムーブ,牝4,54,01162,木幡巧也,1:13.8,1.3/4,12-12,37.5,56.8,13,438(+6),01035,[東]佐藤吉勝,934006,伊東純一,,,,,,,,,,,,"13(6,10)(3,5,14)(2,12)(1,8,15)9(4,11)=7",12,1,0.0,False,"(*13,10)(6,5,14)(3,12)2(1,8,15)9(4,11)=7",12,1,0.0,False,1,
201704021112,12,3歳以上500万下,ダ,1200,晴,良,16:30,2017-09-02,新潟,14,4,7,2014102135,サンマルライバル,牡3,55,00660,横山典弘,1:14.1,1.3/4,15-15,36.5,13.3,5,468(+2),01035,[東]佐藤吉勝,580007,相馬勇,,,,,,,,,,,,"13(6,10)(3,5,14)(2,12)(1,8,15)9(4,11)=7",15,1,6.0,False,"(*13,10)(6,5,14)(3,12)2(1,8,15)9(4,11)=7",15,1,6.0,False,1,
201704021112,12,3歳以上500万下,ダ,1200,晴,良,16:30,2017-09-02,新潟,15,6,11,2014101590,シャイニードライヴ,牡3,52,01158,野中悠太,1:14.5,2.1/2,13-13,38.0,37.8,10,436(-6),00349,[東]尾形充弘,531006,小林昌志,,,,,,,,,,,,"13(6,10)(3,5,14)(2,12)(1,8,15)9(4,11)=7",13,2,0.0,False,"(*13,10)(6,5,14)(3,12)2(1,8,15)9(4,11)=7",13,2,0.0,False,1,
201710021101,1,障害3歳以上OP,芝,2860,晴,良,10:01,2017-09-02,小倉,1,6,7,2013102606,リアルキング,牡4,60,01066,難波剛健,3:08.5,,5-5-4-3,13.2,18.6,6,530(+6),00411,[西]浅見秀一,053803,杉山忠国,"1,350.0","6-(12,10)=1,7,4,8,2,11,5,3=9",5,1,11.0,False,"6(12,10)=1,7,4,8,2,11,5,3=9",5,1,7.5,False,"6,12-10,7-8,1=2,4-3(11,5)=9",4,1,6.5,False,"12,6(10,7)8,1=2-4-3,11,5=9",3,2,1.5,False,,中距離は前週日曜と時計の出方は変わらなかったが、1200mは風の影響でやや時計が掛かっていた。
201710021101,1,障害3歳以上OP,芝,2860,晴,良,10:01,2017-09-02,小倉,2,6,8,2010103287,マジェスティハーツ,牡7,60,01139,森一馬,3:08.6,3/4,7-7-5-5,13.2,1.9,1,508(-12),01083,[西]松永昌博,547800,ヒダカ・ブリーダーズ...,540.0,"6-(12,10)=1,7,4,8,2,11,5,3=9",7,1,14.0,False,"6(12,10)=1,7,4,8,2,11,5,3=9",7,1,10.5,False,"6,12-10,7-8,1=2,4-3(11,5)=9",5,1,10.0,False,"12,6(10,7)8,1=2-4-3,11,5=9",5,1,1.5,False,,中距離は前週日曜と時計の出方は変わらなかったが、1200mは風の影響でやや時計が掛かっていた。
201710021101,1,障害3歳以上OP,芝,2860,晴,良,10:01,2017-09-02,小倉,3,8,12,2012100683,マイネルプロンプト,セ5,60,01101,中村将之,3:08.6,ハナ,2-2-2-1,13.2,16.2,5,466(-14),00356,[西]坂口正則,684030,岡田壮史,340.0,"6-(12,10)=1,7,4,8,2,11,5,3=9",2,2,3.5,False,"6(12,10)=1,7,4,8,2,11,5,3=9",2,2,0.0,False,"6,12-10,7-8,1=2,4-3(11,5)=9",2,1,1.5,False,"12,6(10,7)8,1=2-4-3,11,5=9",1,1,0.0,False,,中距離は前週日曜と時計の出方は変わらなかったが、1200mは風の影響でやや時計が掛かっていた。
201710021101,1,障害3歳以上OP,芝,2860,晴,良,10:01,2017-09-02,小倉,4,7,10,2011103738,キングナポレオン,セ6,60,01035,白浜雄造,3:08.9,1.3/4,2-2-3-3,13.2,19.2,7,476(-2),01075,[西]矢作芳人,464030,田畑利彦,200.0,"6-(12,10)=1,7,4,8,2,11,5,3=9",2,2,3.5,False,"6(12,10)=1,7,4,8,2,11,5,3=9",2,2,0.0,False,"6,12-10,7-8,1=2,4-3(11,5)=9",3,1,5.0,False,"12,6(10,7)8,1=2-4-3,11,5=9",3,2,1.5,False,,中距離は前週日曜と時計の出方は変わらなかったが、1200mは風の影響でやや時計が掛かっていた。
201710021101,1,障害3歳以上OP,芝,2860,晴,良,10:01,2017-09-02,小倉,5,1,1,2011106314,ウインレーベン,牡6,60,01067,平沢健治,3:10.0,7,4-4-6-6,13.3,19.9,8,462(0),00261,[西]中村均,494800,ウイン,135.0,"6-(12,10)=1,7,4,8,2,11,5,3=9",4,1,9.5,False,"6(12,10)=1,7,4,8,2,11,5,3=9",4,1,6.0,False,"6,12-10,7-8,1=2,4-3(11,5)=9",6,1,11.5,False,"12,6(10,7)8,1=2-4-3,11,5=9",6,1,3.0,False,,中距離は前週日曜と時計の出方は変わらなかったが、1200mは風の影響でやや時計が掛かっていた。
201710021101,1,障害3歳以上OP,芝,2860,晴,良,10:01,2017-09-02,小倉,6,2,2,2009101968,リバータイキ,牡8,60,00727,植野貴也,3:10.4,2.1/2,8-8-7-7,13.3,10.0,4,528(+2),01006,[西]作田誠二,618002,河越武治,,"6-(12,10)=1,7,4,8,2,11,5,3=9",8,1,15.5,False,"6(12,10)=1,7,4,8,2,11,5,3=9",8,1,12.0,False,"6,12-10,7-8,1=2,4-3(11,5)=9",7,1,17.5,False,"12,6(10,7)8,1=2-4-3,11,5=9",7,1,9.0,False,,中距離は前週日曜と時計の出方は変わらなかったが、1200mは風の影響でやや時計が掛かっていた。
201710021101,1,障害3歳以上OP,芝,2860,晴,良,10:01,2017-09-02,小倉,7,5,6,2010104080,レッドルーラー,牡7,60,01005,西谷誠,3:10.5,クビ,1-1-1-2,13.3,5.7,2,506(+10),01053,[西]角居勝彦,180800,東京ホースレーシング,,"6-(12,10)=1,7,4,8,2,11,5,3=9",1,1,0.0,False,"6(12,10)=1,7,4,8,2,11,5,3=9",1,1,0.0,False,"6,12-10,7-8,1=2,4-3(11,5)=9",1,1,0.0,False,"12,6(10,7)8,1=2-4-3,11,5=9",2,1,1.5,False,,中距離は前週日曜と時計の出方は変わらなかったが、1200mは風の影響でやや時計が掛かっていた。
201710021101,1,障害3歳以上OP,芝,2860,晴,良,10:01,2017-09-02,小倉,8,4,4,2011102273,エイシンフランキー,牡6,61,01105,田村太雅,3:11.6,7,6-6-8-8,13.4,25.1,9,500(-4),01028,[西]西園正都,785800,栄進堂,,"6-(12,10)=1,7,4,8,2,11,5,3=9",6,1,12.5,False,"6(12,10)=1,7,4,8,2,11,5,3=9",6,1,9.0,False,"6,12-10,7-8,1=2,4-3(11,5)=9",8,1,19.0,False,"12,6(10,7)8,1=2-4-3,11,5=9",8,1,12.5,False,,中距離は前週日曜と時計の出方は変わらなかったが、1200mは風の影響でやや時計が掛かっていた。
201710021101,1,障害3歳以上OP,芝,2860,晴,良,10:01,2017-09-02,小倉,9,3,3,2009105122,マイネルアイザック,牡8,60,01063,小坂忠士,3:12.1,3,11-11-9-9,13.4,46.7,11,460(0),01018,[西]宮徹,546800,サラブレッドクラブ・...,,"6-(12,10)=1,7,4,8,2,11,5,3=9",11,1,20.0,False,"6(12,10)=1,7,4,8,2,11,5,3=9",11,1,16.5,False,"6,12-10,7-8,1=2,4-3(11,5)=9",9,1,22.5,False,"12,6(10,7)8,1=2-4-3,11,5=9",9,1,16.0,False,,中距離は前週日曜と時計の出方は変わらなかったが、1200mは風の影響でやや時計が掛かっていた。
201710021101,1,障害3歳以上OP,芝,2860,晴,良,10:01,2017-09-02,小倉,10,8,11,2013105989,アドマイヤフォルム,牡4,60,00691,北沢伸也,3:12.2,クビ,9-9-10-10,13.4,37.1,10,474(0),01069,[西]中尾秀正,398002,近藤利一,,"6-(12,10)=1,7,4,8,2,11,5,3=9",9,1,17.0,False,"6(12,10)=1,7,4,8,2,11,5,3=9",9,1,13.5,False,"6,12-10,7-8,1=2,4-3(11,5)=9",10,2,22.5,False,"12,6(10,7)8,1=2-4-3,11,5=9",10,1,17.5,False,,中距離は前週日曜と時計の出方は変わらなかったが、1200mは風の影響でやや時計が掛かっていた。
201710021101,1,障害3歳以上OP,芝,2860,晴,良,10:01,2017-09-02,小倉,11,5,5,2009105738,クランモンタナ,牡8,60,00652,熊沢重文,3:12.7,3,10-10-10-11,13.5,6.9,3,480(+2),01002,[西]音無秀孝,415800,社台レースホース,,"6-(12,10)=1,7,4,8,2,11,5,3=9",10,1,18.5,False,"6(12,10)=1,7,4,8,2,11,5,3=9",10,1,15.0,False,"6,12-10,7-8,1=2,4-3(11,5)=9",10,2,22.5,False,"12,6(10,7)8,1=2-4-3,11,5=9",11,1,19.0,False,,中距離は前週日曜と時計の出方は変わらなかったが、1200mは風の影響でやや時計が掛かっていた。
201710021101,1,障害3歳以上OP,芝,2860,晴,良,10:01,2017-09-02,小倉,12,7,9,2010102603,ウォンテッド,牡7,62,01072,黒岩悠,3:14.9,大,12-12-12-12,13.6,50.7,12,494(-4),01011,[西]松田国英,764001,谷水雄三,,"6-(12,10)=1,7,4,8,2,11,5,3=9",12,1,26.0,False,"6(12,10)=1,7,4,8,2,11,5,3=9",12,1,22.5,False,"6,12-10,7-8,1=2,4-3(11,5)=9",12,1,28.5,False,"12,6(10,7)8,1=2-4-3,11,5=9",12,1,25.0,False,,中距離は前週日曜と時計の出方は変わらなかったが、1200mは風の影響でやや時計が掛かっていた。
201710021102,2,2歳未勝利,芝,2000,晴,良,10:35,2017-09-02,小倉,1,1,1,2015105280,シャルドネゴールド,牡2,54,01088,川田将雅,2:01.2,,3-3-3-1,35.7,1.8,1,432(-4),01071,[西]池江泰寿,831800,青芝商事,500.0,"3,10-1-6(7,9,11)8,5(2,4)",3,1,5.0,False,"3,10-1,6(9,11)7,8(5,4)2",3,1,5.0,False,"(*3,10)(1,11)(6,8)-(9,4)7(5,2)",3,2,0.0,False,"(*1,11)10,8(3,6)-7,4,9,2-5",1,2,0.0,True,-4,中距離は前週日曜と時計の出方は変わらなかったが、1200mは風の影響でやや時計が掛かっていた。
201710021102,2,2歳未勝利,芝,2000,晴,良,10:35,2017-09-02,小倉,2,8,11,2015104263,ウォルビスベイ,牡2,54,00666,武豊,2:01.3,1/2,5-5-3-2,35.7,3.7,2,450(+4),01092,[西]松永幹夫,415800,社台レースホース,200.0,"3,10-1-6(7,9,11)8,5(2,4)",5,3,8.5,False,"3,10-1,6(9,11)7,8(5,4)2",5,2,6.5,False,"(*3,10)(1,11)(6,8)-(9,4)7(5,2)",3,2,0.0,False,"(*1,11)10,8(3,6)-7,4,9,2-5",2,2,0.0,False,-4,中距離は前週日曜と時計の出方は変わらなかったが、1200mは風の影響でやや時計が掛かっていた。
201710021102,2,2歳未勝利,芝,2000,晴,良,10:35,2017-09-02,小倉,3,7,8,2015100217,ウインネプチューン,牡2,54,01126,松山弘平,2:02.6,8,8-8-5-4,36.8,4.6,3,456(0),01050,[西]飯田雄三,494800,ウイン,130.0,"3,10-1-6(7,9,11)8,5(2,4)",8,1,8.5,False,"3,10-1,6(9,11)7,8(5,4)2",8,1,8.0,False,"(*3,10)(1,11)(6,8)-(9,4)7(5,2)",5,2,0.0,False,"(*1,11)10,8(3,6)-7,4,9,2-5",4,1,1.5,False,-4,中距離は前週日曜と時計の出方は変わらなかったが、1200mは風の影響でやや時計が掛かっていた。
201710021102,2,2歳未勝利,芝,2000,晴,良,10:35,2017-09-02,小倉,4,8,10,2015103296,スリーケープマンボ,牡2,53,01146,岩崎翼,2:03.4,5,2-2-2-3,38.0,49.8,7,502(-4),00379,[西]加藤敬二,061800,永井商事,75.0,"3,10-1-6(7,9,11)8,5(2,4)",2,1,1.5,False,"3,10-1,6(9,11)7,8(5,4)2",2,1,1.5,False,"(*3,10)(1,11)(6,8)-(9,4)7(5,2)",2,2,0.0,False,"(*1,11)10,8(3,6)-7,4,9,2-5",3,1,0.0,False,-4,中距離は前週日曜と時計の出方は変わらなかったが、1200mは風の影響でやや時計が掛かっていた。
201710021102,2,2歳未勝利,芝,2000,晴,良,10:35,2017-09-02,小倉,5,6,7,2015101505,シゲルサツマイモ,牡2,51,01165,森裕太朗,2:04.2,5,5-7-9-7,37.8,77.2,8,456(-2),01065,[西]大橋勇樹,674004,森中蕃,50.0,"3,10-1-6(7,9,11)8,5(2,4)",5,3,8.5,False,"3,10-1,6(9,11)7,8(5,4)2",7,1,6.5,False,"(*3,10)(1,11)(6,8)-(9,4)7(5,2)",9,1,3.5,False,"(*1,11)10,8(3,6)-7,4,9,2-5",7,1,5.0,False,-4,中距離は前週日曜と時計の出方は変わらなかったが、1200mは風の影響でやや時計が掛かっていた。
201710021102,2,2歳未勝利,芝,2000,晴,良,10:35,2017-09-02,小倉,6,6,6,2015104032,タンロン,牡2,54,01018,和田竜二,2:04.5,1.1/2,4-4-5-5,38.6,43.2,6,458(0),01158,[西]寺島良,646030,中辻明,,"3,10-1-6(7,9,11)8,5(2,4)",4,1,8.5,False,"3,10-1,6(9,11)7,8(5,4)2",4,1,6.5,False,"(*3,10)(1,11)(6,8)-(9,4)7(5,2)",5,2,0.0,False,"(*1,11)10,8(3,6)-7,4,9,2-5",5,2,1.5,False,-4,中距離は前週日曜と時計の出方は変わらなかったが、1200mは風の影響でやや時計が掛かっていた。
201710021102,2,2歳未勝利,芝,2000,晴,良,10:35,2017-09-02,小倉,7,2,2,2015105154,タマモリング,牡2,51,01168,富田暁,2:04.5,ハナ,10-11-10-10,37.9,178.2,9,442(+8),01144,[西]池添学,515800,タマモ,,"3,10-1-6(7,9,11)8,5(2,4)",10,2,10.0,False,"3,10-1,6(9,11)7,8(5,4)2",11,1,8.0,False,"(*3,10)(1,11)(6,8)-(9,4)7(5,2)",10,2,3.5,False,"(*1,11)10,8(3,6)-7,4,9,2-5",10,1,9.5,False,-4,中距離は前週日曜と時計の出方は変わらなかったが、1200mは風の影響でやや時計が掛かっていた。
201710021102,2,2歳未勝利,芝,2000,晴,良,10:35,2017-09-02,小倉,8,4,4,2015102007,ダイイチリュウ,牡2,54,00894,小牧太,2:04.8,1.3/4,10-9-7-8,38.5,215.1,10,484(+6),01006,[西]作田誠二,932006,華山龍一,,"3,10-1-6(7,9,11)8,5(2,4)",10,2,10.0,False,"3,10-1,6(9,11)7,8(5,4)2",9,2,8.0,False,"(*3,10)(1,11)(6,8)-(9,4)7(5,2)",7,2,3.5,False,"(*1,11)10,8(3,6)-7,4,9,2-5",8,1,6.5,False,-4,中距離は前週日曜と時計の出方は変わらなかったが、1200mは風の影響でやや時計が掛かっていた。
201710021102,2,2歳未勝利,芝,2000,晴,良,10:35,2017-09-02,小倉,9,7,9,2015102332,マイネルサブリエ,牡2,54,01128,川須栄彦,2:05.0,1.1/2,5-5-7-9,38.7,219.1,11,452(0),01050,[西]飯田雄三,546800,サラブレッドクラブ・...,,"3,10-1-6(7,9,11)8,5(2,4)",5,3,8.5,False,"3,10-1,6(9,11)7,8(5,4)2",5,2,6.5,False,"(*3,10)(1,11)(6,8)-(9,4)7(5,2)",7,2,3.5,False,"(*1,11)10,8(3,6)-7,4,9,2-5",9,1,8.0,False,-4,中距離は前週日曜と時計の出方は変わらなかったが、1200mは風の影響でやや時計が掛かっていた。
201710021102,2,2歳未勝利,芝,2000,晴,良,10:35,2017-09-02,小倉,10,3,3,2015105439,ダンツタイヨウ,牡2,54,01154,松若風馬,2:05.4,2.1/2,1-1-1-5,40.0,30.3,5,508(-4),00388,[西]山内研二,248005,山元哲二,,"3,10-1-6(7,9,11)8,5(2,4)",1,1,0.0,False,"3,10-1,6(9,11)7,8(5,4)2",1,1,0.0,False,"(*3,10)(1,11)(6,8)-(9,4)7(5,2)",1,2,0.0,True,"(*1,11)10,8(3,6)-7,4,9,2-5",5,2,1.5,False,-4,中距離は前週日曜と時計の出方は変わらなかったが、1200mは風の影響でやや時計が掛かっていた。
201710021102,2,2歳未勝利,芝,2000,晴,良,10:35,2017-09-02,小倉,11,5,5,2015106538,ピーナツ,牝2,54,00732,幸英明,2:07.7,大,9-9-10-11,41.0,21.7,4,464(-2),00431,[西]谷潔,334009,小田切有一,,"3,10-1-6(7,9,11)8,5(2,4)",9,1,10.0,False,"3,10-1,6(9,11)7,8(5,4)2",9,2,8.0,False,"(*3,10)(1,11)(6,8)-(9,4)7(5,2)",10,2,3.5,False,"(*1,11)10,8(3,6)-7,4,9,2-5",11,1,13.0,False,-4,中距離は前週日曜と時計の出方は変わらなかったが、1200mは風の影響でやや時計が掛かっていた。
201710021103,3,2歳未勝利,ダ,1000,晴,良,11:05,2017-09-02,小倉,1,5,7,2015103193,ペガッソ,牡2,54,00732,幸英明,1:00.6,,3-3,36.6,3.2,1,482(-4),00431,[西]谷潔,061700,ちくしＣＬＵＢ,500.0,,,,,,,,,,,"(*1,5)7(6,14)-4,11,13,10,12-9-8-2-3",3,1,0.0,False,"(*1,5)7,6,14,4,13,11(12,10)-9=(2,8)=3",3,1,0.0,False,6,
201710021103,3,2歳未勝利,ダ,1000,晴,良,11:05,2017-09-02,小倉,2,4,6,2015100902,ソリストサンダー,牡2,54,01130,高倉稜,1:00.7,1/2,4-4,36.5,10.3,6,466(0),01025,[西]佐藤正雄,870004,村上稔,200.0,,,,,,,,,,,"(*1,5)7(6,14)-4,11,13,10,12-9-8-2-3",4,2,0.0,False,"(*1,5)7,6,14,4,13,11(12,10)-9=(2,8)=3",4,1,1.5,False,6,
201710021103,3,2歳未勝利,ダ,1000,晴,良,11:05,2017-09-02,小倉,3,8,13,2015105681,クインズカトレア,牝2,51,01165,森裕太朗,1:01.0,2,8-7,36.0,4.8,3,406(+2),01073,[西]宮本博,390803,亀田和弘,130.0,,,,,,,,,,,"(*1,5)7(6,14)-4,11,13,10,12-9-8-2-3",8,1,6.5,False,"(*1,5)7,6,14,4,13,11(12,10)-9=(2,8)=3",7,1,6.0,False,6,
201710021103,3,2歳未勝利,ダ,1000,晴,良,11:05,2017-09-02,小倉,4,8,14,2015106092,グローバルリーチ,牡2,54,01128,川須栄彦,1:01.3,1.3/4,4-5,37.1,9.4,5,464(+4),01135,[西]高橋康之,547800,ヒダカ・ブリーダーズ...,75.0,,,,,,,,,,,"(*1,5)7(6,14)-4,11,13,10,12-9-8-2-3",4,2,0.0,False,"(*1,5)7,6,14,4,13,11(12,10)-9=(2,8)=3",5,1,3.0,False,6,
201710021103,3,2歳未勝利,ダ,1000,晴,良,11:05,2017-09-02,小倉,5,4,5,2015105139,シゲルアサツキ,牝2,54,01114,田中健,1:01.6,2,2-2,37.7,38.4,8,434(+10),00356,[西]坂口正則,674004,森中蕃,50.0,,,,,,,,,,,"(*1,5)7(6,14)-4,11,13,10,12-9-8-2-3",2,2,0.0,False,"(*1,5)7,6,14,4,13,11(12,10)-9=(2,8)=3",2,2,0.0,False,6,
201710021103,3,2歳未勝利,ダ,1000,晴,良,11:05,2017-09-02,小倉,6,6,10,2015103261,アイファーフォルテ,牝2,51,01159,三津谷隼,1:02.3,4,9-9,37.2,72.0,10,392(-10),00387,[西]目野哲也,119007,中島稔,,,,,,,,,,,,"(*1,5)7(6,14)-4,11,13,10,12-9-8-2-3",9,1,8.0,False,"(*1,5)7,6,14,4,13,11(12,10)-9=(2,8)=3",9,2,7.5,False,6,
201710021103,3,2歳未勝利,ダ,1000,晴,良,11:05,2017-09-02,小倉,7,7,11,2015103899,ツーエムポラリス,牡2,53,01156,加藤祥太,1:02.6,1.3/4,7-8,37.8,163.9,11,454(+2),01065,[西]大橋勇樹,894030,村上憲政,,,,,,,,,,,,"(*1,5)7(6,14)-4,11,13,10,12-9-8-2-3",7,1,5.0,False,"(*1,5)7,6,14,4,13,11(12,10)-9=(2,8)=3",8,1,7.5,False,6,
201710021103,3,2歳未勝利,ダ,1000,晴,良,11:05,2017-09-02,小倉,8,6,9,2015109136,テイエムハエオゴ,牝2,54,01010,柴田未崎,1:02.6,クビ,11-11,37.0,385.2,14,430(-2),01050,[西]飯田雄三,356002,竹園正繼,,,,,,,,,,,,"(*1,5)7(6,14)-4,11,13,10,12-9-8-2-3",11,1,13.0,False,"(*1,5)7,6,14,4,13,11(12,10)-9=(2,8)=3",11,1,11.0,False,6,
201710021103,3,2歳未勝利,ダ,1000,晴,良,11:05,2017-09-02,小倉,9,1,1,2015102600,ラガーデリゲート,牝2,54,01126,松山弘平,1:02.8,3/4,1-1,39.0,4.1,2,438(-2),01144,[西]池添学,263005,奥村啓二,,,,,,,,,,,,"(*1,5)7(6,14)-4,11,13,10,12-9-8-2-3",1,2,0.0,True,"(*1,5)7,6,14,4,13,11(12,10)-9=(2,8)=3",1,2,0.0,True,6,
201710021103,3,2歳未勝利,ダ,1000,晴,良,11:05,2017-09-02,小倉,10,3,4,2015103724,ミク,牝2,53,01157,鮫島克駿,1:03.0,1.1/2,6-6,38.5,36.3,7,398(-6),01041,[西]藤沢則雄,473008,武田茂男,,,,,,,,,,,,"(*1,5)7(6,14)-4,11,13,10,12-9-8-2-3",6,1,3.5,False,"(*1,5)7,6,14,4,13,11(12,10)-9=(2,8)=3",6,1,4.5,False,6,
201710021103,3,2歳未勝利,ダ,1000,晴,良,11:05,2017-09-02,小倉,11,7,12,2015106236,シゲルネギ,牡2,53,01155,義英真,1:03.3,2,10-9,38.0,295.4,13,398(-10),01040,[西]服部利之,674004,森中蕃,,,,,,,,,,,,"(*1,5)7(6,14)-4,11,13,10,12-9-8-2-3",10,1,9.5,False,"(*1,5)7,6,14,4,13,11(12,10)-9=(2,8)=3",9,2,7.5,False,6,
201710021103,3,2歳未勝利,ダ,1000,晴,良,11:05,2017-09-02,小倉,12,2,2,2015100672,ラフィングマッチ,牡2,54,01037,太宰啓介,1:03.4,1/2,13-12,36.6,7.5,4,466(+2),01078,[西]北出成人,788800,ノースヒルズ,,,,,,,,,,,,"(*1,5)7(6,14)-4,11,13,10,12-9-8-2-3",13,1,20.0,False,"(*1,5)7,6,14,4,13,11(12,10)-9=(2,8)=3",12,2,17.0,False,6,
201710021103,3,2歳未勝利,ダ,1000,晴,良,11:05,2017-09-02,小倉,13,5,8,2015105886,ダイキリシマ,牡2,53,01160,荻野極,1:04.5,7,12-12,38.2,186.7,12,468(+8),01107,[西]村山明,772002,西村新一郎,,,,,,,,,,,,"(*1,5)7(6,14)-4,11,13,10,12-9-8-2-3",12,1,16.5,False,"(*1,5)7,6,14,4,13,11(12,10)-9=(2,8)=3",12,2,17.0,False,6,
201710021103,3,2歳未勝利,ダ,1000,晴,良,11:05,2017-09-02,小倉,14,3,3,2015100865,テイエムシロボシ,牡2,54,01018,和田竜二,1:09.1,大,14-14,41.6,69.8,9,460(-2),00397,[西]岩元市三,356002,竹園正繼,,,,,,,,,,,,"(*1,5)7(6,14)-4,11,13,10,12-9-8-2-3",14,1,23.5,False,"(*1,5)7,6,14,4,13,11(12,10)-9=(2,8)=3",14,1,23.0,False,6,
201710021104,4,障害3歳以上未勝利,芝,2860,晴,良,11:35,2017-09-02,小倉,1,8,11,2011102225,パフュームボム,牝6,58,01035,白浜雄造,3:11.8,,2-2-2-1,13.4,3.1,2,480(-8),00429,[西]佐々木晶,994002,飯田正剛,780.0,"5-11,8=7(1,2,4)=3=6,10   9",2,1,3.5,False,"5-11-8=7(2,4)1,3=(6,10)   9",2,1,3.5,False,"5,11-8-7=2,4-1,3=6,10   9",2,1,1.5,False,"11,5,8-7-2-4-1,3=6-10   9",1,1,0.0,False,,中距離は前週日曜と時計の出方は変わらなかったが、1200mは風の影響でやや時計が掛かっていた。
201710021104,4,障害3歳以上未勝利,芝,2860,晴,良,11:35,2017-09-02,小倉,2,7,8,2014100967,マサノハヤテ,牡3,58,00691,北沢伸也,3:11.9,1/2,3-3-3-3,13.4,6.7,3,502(+6),00425,[西]加用正,806002,猪野毛雅人,310.0,"5-11,8=7(1,2,4)=3=6,10   9",3,1,5.0,False,"5-11-8=7(2,4)1,3=(6,10)   9",3,1,7.0,False,"5,11-8-7=2,4-1,3=6,10   9",3,1,5.0,False,"11,5,8-7-2-4-1,3=6-10   9",3,1,3.0,False,,中距離は前週日曜と時計の出方は変わらなかったが、1200mは風の影響でやや時計が掛かっていた。
201710021104,4,障害3歳以上未勝利,芝,2860,晴,良,11:35,2017-09-02,小倉,3,2,2,2013104481,クリスタルキャノン,牝4,58,01066,難波剛健,3:11.9,アタマ,5-5-5-5,13.4,49.0,8,466(-10),01129,[西]高橋義忠,994002,飯田正剛,200.0,"5-11,8=7(1,2,4)=3=6,10   9",5,3,11.0,False,"5-11-8=7(2,4)1,3=(6,10)   9",5,2,13.0,False,"5,11-8-7=2,4-1,3=6,10   9",5,1,14.5,False,"11,5,8-7-2-4-1,3=6-10   9",5,1,10.0,False,,中距離は前週日曜と時計の出方は変わらなかったが、1200mは風の影響でやや時計が掛かっていた。
201710021104,4,障害3歳以上未勝利,芝,2860,晴,良,11:35,2017-09-02,小倉,4,6,7,2014101159,ブラックマイスター,牡3,58,01072,黒岩悠,3:12.0,1/2,4-4-4-4,13.4,11.9,6,482(+12),01110,[西]清水久詞,895030,山口敦広,120.0,"5-11,8=7(1,2,4)=3=6,10   9",4,1,11.0,False,"5-11-8=7(2,4)1,3=(6,10)   9",4,1,13.0,False,"5,11-8-7=2,4-1,3=6,10   9",4,1,8.5,False,"11,5,8-7-2-4-1,3=6-10   9",4,1,6.5,False,,中距離は前週日曜と時計の出方は変わらなかったが、1200mは風の影響でやや時計が掛かっていた。
201710021104,4,障害3歳以上未勝利,芝,2860,晴,良,11:35,2017-09-02,小倉,5,4,4,2012101359,サトノアッシュ,牡5,60,00655,林満明,3:12.8,5,5-5-6-6,13.5,9.2,5,478(-6),01039,[西]中竹和也,790031,里見治,78.0,"5-11,8=7(1,2,4)=3=6,10   9",5,3,11.0,False,"5-11-8=7(2,4)1,3=(6,10)   9",5,2,13.0,False,"5,11-8-7=2,4-1,3=6,10   9",6,1,16.0,False,"11,5,8-7-2-4-1,3=6-10   9",6,1,13.5,False,,中距離は前週日曜と時計の出方は変わらなかったが、1200mは風の影響でやや時計が掛かっていた。
201710021104,4,障害3歳以上未勝利,芝,2860,晴,良,11:35,2017-09-02,小倉,6,5,5,2013104738,ニホンピロボーラー,牡4,60,01046,高田潤,3:13.3,3,1-1-1-2,13.5,2.8,1,498(-2),01009,[西]田所秀孝,985001,小林百太郎,,"5-11,8=7(1,2,4)=3=6,10   9",1,1,0.0,False,"5-11-8=7(2,4)1,3=(6,10)   9",1,1,0.0,False,"5,11-8-7=2,4-1,3=6,10   9",1,1,0.0,False,"11,5,8-7-2-4-1,3=6-10   9",2,1,1.5,False,,中距離は前週日曜と時計の出方は変わらなかったが、1200mは風の影響でやや時計が掛かっていた。
201710021104,4,障害3歳以上未勝利,芝,2860,晴,良,11:35,2017-09-02,小倉,7,1,1,2013104743,シゲルクロカジキ,牡4,60,00727,植野貴也,3:14.4,7,5-7-7-7,13.6,8.5,4,494(-6),01040,[西]服部利之,674004,森中蕃,,"5-11,8=7(1,2,4)=3=6,10   9",5,3,11.0,False,"5-11-8=7(2,4)1,3=(6,10)   9",7,1,13.0,False,"5,11-8-7=2,4-1,3=6,10   9",7,1,19.5,False,"11,5,8-7-2-4-1,3=6-10   9",7,1,17.0,False,,中距離は前週日曜と時計の出方は変わらなかったが、1200mは風の影響でやや時計が掛かっていた。
201710021104,4,障害3歳以上未勝利,芝,2860,晴,良,11:35,2017-09-02,小倉,8,3,3,2014104023,シゲルボスザル,牡3,58,01067,平沢健治,3:15.3,5,8-8-8-8,13.7,16.5,7,464(0),00431,[西]谷潔,674004,森中蕃,,"5-11,8=7(1,2,4)=3=6,10   9",8,1,17.0,False,"5-11-8=7(2,4)1,3=(6,10)   9",8,1,14.5,False,"5,11-8-7=2,4-1,3=6,10   9",8,1,21.0,False,"11,5,8-7-2-4-1,3=6-10   9",8,1,18.5,False,,中距離は前週日曜と時計の出方は変わらなかったが、1200mは風の影響でやや時計が掛かっていた。
201710021104,4,障害3歳以上未勝利,芝,2860,晴,良,11:35,2017-09-02,小倉,9,6,6,2012100854,セルリアンコスモ,牡5,60,01101,中村将之,3:16.4,7,9-9-9-9,13.7,94.5,11,518(-2),01003,[西]川村禎彦,459800,イクタ,,"5-11,8=7(1,2,4)=3=6,10   9",9,1,23.0,False,"5-11-8=7(2,4)1,3=(6,10)   9",9,2,20.5,False,"5,11-8-7=2,4-1,3=6,10   9",9,1,27.0,False,"11,5,8-7-2-4-1,3=6-10   9",9,1,24.5,False,,中距離は前週日曜と時計の出方は変わらなかったが、1200mは風の影響でやや時計が掛かっていた。
201710021104,4,障害3歳以上未勝利,芝,2860,晴,良,11:35,2017-09-02,小倉,10,8,10,2012106377,ワンダープレジール,牡5,60,01105,田村太雅,3:17.0,3.1/2,10-9-10-10,13.8,59.6,10,454(-2),01025,[西]佐藤正雄,634001,山本信行,,"5-11,8=7(1,2,4)=3=6,10   9",10,1,24.5,False,"5-11-8=7(2,4)1,3=(6,10)   9",9,2,20.5,False,"5,11-8-7=2,4-1,3=6,10   9",10,1,28.5,False,"11,5,8-7-2-4-1,3=6-10   9",10,1,28.0,False,,中距離は前週日曜と時計の出方は変わらなかったが、1200mは風の影響でやや時計が掛かっていた。
201710021104,4,障害3歳以上未勝利,芝,2860,晴,良,11:35,2017-09-02,小倉,中,7,9,2013104179,スズカハイルーラー,牡4,60,01113,草野太郎,,,,,51.5,9,460(+6),01023,[東]伊藤圭三,382004,永井啓弍,,"5-11,8=7(1,2,4)=3=6,10   9",11,1,30.5,False,"5-11-8=7(2,4)1,3=(6,10)   9",11,1,26.5,False,"5,11-8-7=2,4-1,3=6,10   9",11,1,34.5,False,"11,5,8-7-2-4-1,3=6-10   9",11,1,34.0,False,,中距離は前週日曜と時計の出方は変わらなかったが、1200mは風の影響でやや時計が掛かっていた。
201710021105,5,3歳未勝利,ダ,1700,晴,良,12:25,2017-09-02,小倉,1,8,15,2014105658,レッドルドラ,牡3,56,00666,武豊,1:47.8,,3-3-1-1,39.1,7.9,4,496(-2),01058,[西]大久保龍,180800,東京ホースレーシング,500.0,"(12,*13)(9,15)16(8,5)6(2,7)-(3,11)4(14,10)-1",3,2,0.0,False,"12,13(9,15)(8,5,16)(7,6)2(3,4)11,14,10,1",3,2,1.5,False,"15(12,13,16)(9,5,4)(2,7)(14,3,1)-10,6(8,11)",1,1,0.0,False,"15,13,16(9,5)12(14,2)(3,4)7,1,10-11-(8,6)",1,1,0.0,False,5,
201710021105,5,3歳未勝利,ダ,1700,晴,良,12:25,2017-09-02,小倉,2,7,13,2014110110,ファージンゲール,牝3,53,01160,荻野極,1:47.8,クビ,1-2-2-2,38.9,2.6,1,478(+6),01130,[西]吉村圭司,138007,吉田和美,200.0,"(12,*13)(9,15)16(8,5)6(2,7)-(3,11)4(14,10)-1",1,2,0.0,True,"12,13(9,15)(8,5,16)(7,6)2(3,4)11,14,10,1",2,1,1.5,False,"15(12,13,16)(9,5,4)(2,7)(14,3,1)-10,6(8,11)",2,3,0.0,False,"15,13,16(9,5)12(14,2)(3,4)7,1,10-11-(8,6)",2,1,1.5,False,5,
201710021105,5,3歳未勝利,ダ,1700,晴,良,12:25,2017-09-02,小倉,3,3,5,2014104091,ジュンハーツ,牝3,54,01115,浜中俊,1:48.0,3/4,6-5-5-4,38.9,5.2,3,494(+2),01061,[西]友道康夫,165033,河合純二,130.0,"(12,*13)(9,15)16(8,5)6(2,7)-(3,11)4(14,10)-1",6,2,0.0,False,"12,13(9,15)(8,5,16)(7,6)2(3,4)11,14,10,1",5,3,1.5,False,"15(12,13,16)(9,5,4)(2,7)(14,3,1)-10,6(8,11)",5,3,0.0,False,"15,13,16(9,5)12(14,2)(3,4)7,1,10-11-(8,6)",4,2,3.0,False,5,
201710021105,5,3歳未勝利,ダ,1700,晴,良,12:25,2017-09-02,小倉,4,7,14,2014102845,メイショウゴウキ,セ3,56,01018,和田竜二,1:48.0,アタマ,14-14-10-7,38.5,47.9,9,480(-2),00378,[西]沖芳夫,789006,松本和子,75.0,"(12,*13)(9,15)16(8,5)6(2,7)-(3,11)4(14,10)-1",14,2,3.5,False,"12,13(9,15)(8,5,16)(7,6)2(3,4)11,14,10,1",14,1,3.0,False,"15(12,13,16)(9,5,4)(2,7)(14,3,1)-10,6(8,11)",10,3,0.0,False,"15,13,16(9,5)12(14,2)(3,4)7,1,10-11-(8,6)",7,2,3.0,False,5,
201710021105,5,3歳未勝利,ダ,1700,晴,良,12:25,2017-09-02,小倉,5,1,2,2014103552,デンコウグロリアス,牡3,56,00732,幸英明,1:48.1,3/4,9-10-8-7,38.8,20.5,7,472(+4),01049,[西]南井克巳,484007,田中康弘,50.0,"(12,*13)(9,15)16(8,5)6(2,7)-(3,11)4(14,10)-1",9,2,0.0,False,"12,13(9,15)(8,5,16)(7,6)2(3,4)11,14,10,1",10,1,1.5,False,"15(12,13,16)(9,5,4)(2,7)(14,3,1)-10,6(8,11)",8,2,0.0,False,"15,13,16(9,5)12(14,2)(3,4)7,1,10-11-(8,6)",7,2,3.0,False,5,
201710021105,5,3歳未勝利,ダ,1700,晴,良,12:25,2017-09-02,小倉,6,2,3,2014105834,ジューンソリドール,牡3,56,01038,中谷雄太,1:48.2,3/4,11-11-10-9,38.7,16.1,6,480(+8),01130,[西]吉村圭司,017803,吉川潤,,"(12,*13)(9,15)16(8,5)6(2,7)-(3,11)4(14,10)-1",11,2,3.5,False,"12,13(9,15)(8,5,16)(7,6)2(3,4)11,14,10,1",11,2,1.5,False,"15(12,13,16)(9,5,4)(2,7)(14,3,1)-10,6(8,11)",10,3,0.0,False,"15,13,16(9,5)12(14,2)(3,4)7,1,10-11-(8,6)",9,2,3.0,False,5,
201710021105,5,3歳未勝利,ダ,1700,晴,良,12:25,2017-09-02,小倉,7,5,10,2014100069,マイネルエーポス,牡3,53,01159,三津谷隼,1:48.4,3/4,14-15-13-13,38.5,35.3,8,458(-5),00261,[西]中村均,546800,サラブレッドクラブ・...,,"(12,*13)(9,15)16(8,5)6(2,7)-(3,11)4(14,10)-1",14,2,3.5,False,"12,13(9,15)(8,5,16)(7,6)2(3,4)11,14,10,1",15,1,4.5,False,"15(12,13,16)(9,5,4)(2,7)(14,3,1)-10,6(8,11)",13,1,3.5,False,"15,13,16(9,5)12(14,2)(3,4)7,1,10-11-(8,6)",13,1,6.0,False,5,
201710021105,5,3歳未勝利,ダ,1700,晴,良,12:25,2017-09-02,小倉,8,5,9,2014103415,ナムラメルシー,牝3,53,01157,鮫島克駿,1:48.8,2.1/2,3-3-5-4,39.7,48.0,10,470(+4),01157,[西]杉山晴紀,972002,奈村睦弘,,"(12,*13)(9,15)16(8,5)6(2,7)-(3,11)4(14,10)-1",3,2,0.0,False,"12,13(9,15)(8,5,16)(7,6)2(3,4)11,14,10,1",3,2,1.5,False,"15(12,13,16)(9,5,4)(2,7)(14,3,1)-10,6(8,11)",5,3,0.0,False,"15,13,16(9,5)12(14,2)(3,4)7,1,10-11-(8,6)",4,2,3.0,False,5,
201710021105,5,3歳未勝利,ダ,1700,晴,良,12:25,2017-09-02,小倉,9,6,12,2014110052,ワンダーセトラ,牡3,56,01154,松若風馬,1:48.8,ハナ,2-1-2-6,39.9,4.7,2,486(+12),00388,[西]山内研二,854800,ノルマンディーサラブ...,,"(12,*13)(9,15)16(8,5)6(2,7)-(3,11)4(14,10)-1",2,2,0.0,False,"12,13(9,15)(8,5,16)(7,6)2(3,4)11,14,10,1",1,1,0.0,False,"15(12,13,16)(9,5,4)(2,7)(14,3,1)-10,6(8,11)",2,3,0.0,False,"15,13,16(9,5)12(14,2)(3,4)7,1,10-11-(8,6)",6,1,3.0,False,5,
201710021105,5,3歳未勝利,ダ,1700,晴,良,12:25,2017-09-02,小倉,10,4,7,2014103885,メイショウレーベン,牡3,56,00652,熊沢重文,1:49.0,1.1/4,9-8-8-11,39.7,101.6,12,440(-12),01139,[西]飯田祐史,911008,松本好隆,,"(12,*13)(9,15)16(8,5)6(2,7)-(3,11)4(14,10)-1",9,2,0.0,False,"12,13(9,15)(8,5,16)(7,6)2(3,4)11,14,10,1",8,2,1.5,False,"15(12,13,16)(9,5,4)(2,7)(14,3,1)-10,6(8,11)",8,2,0.0,False,"15,13,16(9,5)12(14,2)(3,4)7,1,10-11-(8,6)",11,1,3.0,False,5,
201710021105,5,3歳未勝利,ダ,1700,晴,良,12:25,2017-09-02,小倉,11,8,16,2014102961,マコトテラメエリタ,牡3,56,01088,川田将雅,1:49.1,3/4,5-5-2-3,40.3,8.2,5,478(-2),01046,[西]鮫島一歩,864800,ディアマント,,"(12,*13)(9,15)16(8,5)6(2,7)-(3,11)4(14,10)-1",5,1,0.0,False,"12,13(9,15)(8,5,16)(7,6)2(3,4)11,14,10,1",5,3,1.5,False,"15(12,13,16)(9,5,4)(2,7)(14,3,1)-10,6(8,11)",2,3,0.0,False,"15,13,16(9,5)12(14,2)(3,4)7,1,10-11-(8,6)",3,1,3.0,False,5,
201710021105,5,3歳未勝利,ダ,1700,晴,良,12:25,2017-09-02,小倉,12,1,1,2014103440,アスターフィール,牡3,56,01019,秋山真一,1:49.6,3,16-16-10-12,40.0,198.7,15,450(-8),01057,[西]湯窪幸雄,935003,加藤久枝,,"(12,*13)(9,15)16(8,5)6(2,7)-(3,11)4(14,10)-1",16,1,7.0,False,"12,13(9,15)(8,5,16)(7,6)2(3,4)11,14,10,1",16,1,6.0,False,"15(12,13,16)(9,5,4)(2,7)(14,3,1)-10,6(8,11)",10,3,0.0,False,"15,13,16(9,5)12(14,2)(3,4)7,1,10-11-(8,6)",12,1,4.5,False,5,
201710021105,5,3歳未勝利,ダ,1700,晴,良,12:25,2017-09-02,小倉,13,6,11,2014100402,ナガイスパン,牡3,56,00894,小牧太,1:49.9,1.3/4,11-13-15-14,39.6,83.0,11,508(+6),01104,[西]笹田和秀,158033,山下良子,,"(12,*13)(9,15)16(8,5)6(2,7)-(3,11)4(14,10)-1",11,2,3.5,False,"12,13(9,15)(8,5,16)(7,6)2(3,4)11,14,10,1",13,1,1.5,False,"15(12,13,16)(9,5,4)(2,7)(14,3,1)-10,6(8,11)",15,2,5.0,False,"15,13,16(9,5)12(14,2)(3,4)7,1,10-11-(8,6)",14,1,9.5,False,5,
201710021105,5,3歳未勝利,ダ,1700,晴,良,12:25,2017-09-02,小倉,14,2,4,2014103759,センテンスプリング,牡3,56,01037,太宰啓介,1:50.2,2,13-11-5-9,41.0,158.2,14,492(-1),01032,[西]大根田裕,149033,内田玄祥,,"(12,*13)(9,15)16(8,5)6(2,7)-(3,11)4(14,10)-1",13,1,3.5,False,"12,13(9,15)(8,5,16)(7,6)2(3,4)11,14,10,1",11,2,1.5,False,"15(12,13,16)(9,5,4)(2,7)(14,3,1)-10,6(8,11)",5,3,0.0,False,"15,13,16(9,5)12(14,2)(3,4)7,1,10-11-(8,6)",9,2,3.0,False,5,
201710021105,5,3歳未勝利,ダ,1700,晴,良,12:25,2017-09-02,小倉,15,3,6,2014104749,オリヴァー,牡3,56,01126,松山弘平,1:52.1,大,8-8-14-15,41.9,140.7,13,450(-2),01098,[西]野中賢二,994002,飯田正剛,,"(12,*13)(9,15)16(8,5)6(2,7)-(3,11)4(14,10)-1",8,1,0.0,False,"12,13(9,15)(8,5,16)(7,6)2(3,4)11,14,10,1",8,2,1.5,False,"15(12,13,16)(9,5,4)(2,7)(14,3,1)-10,6(8,11)",14,1,5.0,False,"15,13,16(9,5)12(14,2)(3,4)7,1,10-11-(8,6)",15,2,13.0,False,5,
201710021105,5,3歳未勝利,ダ,1700,晴,良,12:25,2017-09-02,小倉,16,4,8,2014110101,シルバーフォー,牝3,54,01130,高倉稜,1:53.5,8,6-5-15-15,43.2,310.9,16,458(+4),01073,[西]宮本博,051800,那須野牧場,,"(12,*13)(9,15)16(8,5)6(2,7)-(3,11)4(14,10)-1",6,2,0.0,False,"12,13(9,15)(8,5,16)(7,6)2(3,4)11,14,10,1",5,3,1.5,False,"15(12,13,16)(9,5,4)(2,7)(14,3,1)-10,6(8,11)",15,2,5.0,False,"15,13,16(9,5)12(14,2)(3,4)7,1,10-11-(8,6)",15,2,13.0,False,5,
201710021106,6,3歳未勝利,芝,2000,晴,良,12:55,2017-09-02,小倉,1,8,17,2014106289,フィップル,牝3,54,01126,松山弘平,2:00.8,,3-5-4-1,35.8,5.0,2,448(0),01082,[西]平田修,486800,キャロットファーム,500.0,"11,13(15,17)(2,3)16,1,10,5(7,12)18,9,8-(6,4)14",3,2,1.5,False,"11,13(2,15)(3,17)(1,16)(5,10)12(7,18)(9,8)-(6,4)-14",5,2,1.5,False,"(*11,13,15)(3,17)10(2,1,16)18(5,12,4)8(7,9,6)-14",4,2,0.0,False,"(13,15,*17,10)(3,1,18)(5,12,4)(11,6)(9,16,8)14(2,7)",1,4,0.0,True,-4,中距離は前週日曜と時計の出方は変わらなかったが、1200mは風の影響でやや時計が掛かっていた。
201710021106,6,3歳未勝利,芝,2000,晴,良,12:55,2017-09-02,小倉,2,2,3,2014104346,アバルラータ,牝3,54,01088,川田将雅,2:00.8,クビ,5-5-4-5,35.7,4.8,1,442(-4),01046,[西]鮫島一歩,271008,安原浩司,200.0,"11,13(15,17)(2,3)16,1,10,5(7,12)18,9,8-(6,4)14",5,2,1.5,False,"11,13(2,15)(3,17)(1,16)(5,10)12(7,18)(9,8)-(6,4)-14",5,2,1.5,False,"(*11,13,15)(3,17)10(2,1,16)18(5,12,4)8(7,9,6)-14",4,2,0.0,False,"(13,15,*17,10)(3,1,18)(5,12,4)(11,6)(9,16,8)14(2,7)",5,3,0.0,False,-4,中距離は前週日曜と時計の出方は変わらなかったが、1200mは風の影響でやや時計が掛かっていた。
201710021106,6,3歳未勝利,芝,2000,晴,良,12:55,2017-09-02,小倉,3,1,1,2014106165,ハートクレスト,牝3,54,01018,和田竜二,2:00.9,1/2,8-7-7-5,35.6,14.4,7,428(+2),01111,[西]鈴木孝志,226800,サンデーレーシング,130.0,"11,13(15,17)(2,3)16,1,10,5(7,12)18,9,8-(6,4)14",8,1,3.0,False,"11,13(2,15)(3,17)(1,16)(5,10)12(7,18)(9,8)-(6,4)-14",7,2,1.5,False,"(*11,13,15)(3,17)10(2,1,16)18(5,12,4)8(7,9,6)-14",7,3,0.0,False,"(13,15,*17,10)(3,1,18)(5,12,4)(11,6)(9,16,8)14(2,7)",5,3,0.0,False,-4,中距離は前週日曜と時計の出方は変わらなかったが、1200mは風の影響でやや時計が掛かっていた。
201710021106,6,3歳未勝利,芝,2000,晴,良,12:55,2017-09-02,小倉,4,8,18,2014105407,レッドジュラーレ,牝3,54,01115,浜中俊,2:01.2,2,13-12-10-5,35.8,5.3,3,468(+6),01022,[西]石坂正,180800,東京ホースレーシング,75.0,"11,13(15,17)(2,3)16,1,10,5(7,12)18,9,8-(6,4)14",13,1,6.0,False,"11,13(2,15)(3,17)(1,16)(5,10)12(7,18)(9,8)-(6,4)-14",12,2,1.5,False,"(*11,13,15)(3,17)10(2,1,16)18(5,12,4)8(7,9,6)-14",10,1,0.0,False,"(13,15,*17,10)(3,1,18)(5,12,4)(11,6)(9,16,8)14(2,7)",5,3,0.0,False,-4,中距離は前週日曜と時計の出方は変わらなかったが、1200mは風の影響でやや時計が掛かっていた。
201710021106,6,3歳未勝利,芝,2000,晴,良,12:55,2017-09-02,小倉,5,6,12,2014100607,ラナイ,牝3,53,01146,岩崎翼,2:01.3,1/2,11-11-11-8,35.8,62.9,11,436(+12),01072,[西]河内洋,788800,ノースヒルズ,50.0,"11,13(15,17)(2,3)16,1,10,5(7,12)18,9,8-(6,4)14",11,2,6.0,False,"11,13(2,15)(3,17)(1,16)(5,10)12(7,18)(9,8)-(6,4)-14",11,1,1.5,False,"(*11,13,15)(3,17)10(2,1,16)18(5,12,4)8(7,9,6)-14",11,3,0.0,False,"(13,15,*17,10)(3,1,18)(5,12,4)(11,6)(9,16,8)14(2,7)",8,3,0.0,False,-4,中距離は前週日曜と時計の出方は変わらなかったが、1200mは風の影響でやや時計が掛かっていた。
201710021106,6,3歳未勝利,芝,2000,晴,良,12:55,2017-09-02,小倉,6,5,10,2014104921,プライムタイム,牝3,54,00732,幸英明,2:01.4,1/2,9-9-6-2,36.2,5.4,4,482(+12),01011,[西]松田国英,764001,谷水雄三,,"11,13(15,17)(2,3)16,1,10,5(7,12)18,9,8-(6,4)14",9,1,4.5,False,"11,13(2,15)(3,17)(1,16)(5,10)12(7,18)(9,8)-(6,4)-14",9,2,1.5,False,"(*11,13,15)(3,17)10(2,1,16)18(5,12,4)8(7,9,6)-14",6,1,0.0,False,"(13,15,*17,10)(3,1,18)(5,12,4)(11,6)(9,16,8)14(2,7)",2,4,0.0,False,-4,中距離は前週日曜と時計の出方は変わらなかったが、1200mは風の影響でやや時計が掛かっていた。
201710021106,6,3歳未勝利,芝,2000,晴,良,12:55,2017-09-02,小倉,7,2,4,2014103796,ボリード,牝3,54,00666,武豊,2:01.7,1.3/4,16-16-11-8,36.2,10.6,6,488(-4),01016,[西]西浦勝一,879800,雅苑興業,,"11,13(15,17)(2,3)16,1,10,5(7,12)18,9,8-(6,4)14",16,2,12.5,False,"11,13(2,15)(3,17)(1,16)(5,10)12(7,18)(9,8)-(6,4)-14",16,2,5.0,False,"(*11,13,15)(3,17)10(2,1,16)18(5,12,4)8(7,9,6)-14",11,3,0.0,False,"(13,15,*17,10)(3,1,18)(5,12,4)(11,6)(9,16,8)14(2,7)",8,3,0.0,False,-4,中距離は前週日曜と時計の出方は変わらなかったが、1200mは風の影響でやや時計が掛かっていた。
201710021106,6,3歳未勝利,芝,2000,晴,良,12:55,2017-09-02,小倉,8,3,6,2014105343,オルファン,牝3,53,01160,荻野極,2:01.8,3/4,16-16-15-11,36.0,19.0,8,406(+2),01071,[西]池江泰寿,226800,サンデーレーシング,,"11,13(15,17)(2,3)16,1,10,5(7,12)18,9,8-(6,4)14",16,2,12.5,False,"11,13(2,15)(3,17)(1,16)(5,10)12(7,18)(9,8)-(6,4)-14",16,2,5.0,False,"(*11,13,15)(3,17)10(2,1,16)18(5,12,4)8(7,9,6)-14",15,3,0.0,False,"(13,15,*17,10)(3,1,18)(5,12,4)(11,6)(9,16,8)14(2,7)",11,2,0.0,False,-4,中距離は前週日曜と時計の出方は変わらなかったが、1200mは風の影響でやや時計が掛かっていた。
201710021106,6,3歳未勝利,芝,2000,晴,良,12:55,2017-09-02,小倉,9,5,9,2014105341,フォルトラオム,牝3,53,01156,加藤祥太,2:02.2,2.1/2,14-14-15-13,36.4,228.5,16,408(-2),01130,[西]吉村圭司,808800,Ｇ１レーシング,,"11,13(15,17)(2,3)16,1,10,5(7,12)18,9,8-(6,4)14",14,1,7.5,False,"11,13(2,15)(3,17)(1,16)(5,10)12(7,18)(9,8)-(6,4)-14",14,2,1.5,False,"(*11,13,15)(3,17)10(2,1,16)18(5,12,4)8(7,9,6)-14",15,3,0.0,False,"(13,15,*17,10)(3,1,18)(5,12,4)(11,6)(9,16,8)14(2,7)",13,3,0.0,False,-4,中距離は前週日曜と時計の出方は変わらなかったが、1200mは風の影響でやや時計が掛かっていた。
201710021106,6,3歳未勝利,芝,2000,晴,良,12:55,2017-09-02,小倉,10,7,14,2014103469,メイショウアキヅキ,牝3,51,01165,森裕太朗,2:02.2,ハナ,18-18-18-16,35.9,134.3,14,432(0),01021,[西]池添兼雄,523005,松本好雄,,"11,13(15,17)(2,3)16,1,10,5(7,12)18,9,8-(6,4)14",18,1,12.5,False,"11,13(2,15)(3,17)(1,16)(5,10)12(7,18)(9,8)-(6,4)-14",18,1,8.5,False,"(*11,13,15)(3,17)10(2,1,16)18(5,12,4)8(7,9,6)-14",18,1,3.5,False,"(13,15,*17,10)(3,1,18)(5,12,4)(11,6)(9,16,8)14(2,7)",16,1,0.0,False,-4,中距離は前週日曜と時計の出方は変わらなかったが、1200mは風の影響でやや時計が掛かっていた。
201710021106,6,3歳未勝利,芝,2000,晴,良,12:55,2017-09-02,小倉,11,7,15,2014109044,グラッチェ,牝3,54,01062,川島信二,2:02.5,1.3/4,3-3-2-2,37.6,251.3,18,464(+2),01042,[西]安達昭夫,010803,市川義美ホールディン...,,"11,13(15,17)(2,3)16,1,10,5(7,12)18,9,8-(6,4)14",3,2,1.5,False,"11,13(2,15)(3,17)(1,16)(5,10)12(7,18)(9,8)-(6,4)-14",3,2,1.5,False,"(*11,13,15)(3,17)10(2,1,16)18(5,12,4)8(7,9,6)-14",2,3,0.0,False,"(13,15,*17,10)(3,1,18)(5,12,4)(11,6)(9,16,8)14(2,7)",2,4,0.0,False,-4,中距離は前週日曜と時計の出方は変わらなかったが、1200mは風の影響でやや時計が掛かっていた。
201710021106,6,3歳未勝利,芝,2000,晴,良,12:55,2017-09-02,小倉,12,7,13,2014102140,ファーマシスト,牝3,54,01154,松若風馬,2:02.7,1.1/4,2-2-2-2,37.9,8.4,5,478(-2),01062,[西]藤岡健一,003060,Ｈ．Ｈ．シェイク・モ...,,"11,13(15,17)(2,3)16,1,10,5(7,12)18,9,8-(6,4)14",2,1,1.5,False,"11,13(2,15)(3,17)(1,16)(5,10)12(7,18)(9,8)-(6,4)-14",2,1,1.5,False,"(*11,13,15)(3,17)10(2,1,16)18(5,12,4)8(7,9,6)-14",2,3,0.0,False,"(13,15,*17,10)(3,1,18)(5,12,4)(11,6)(9,16,8)14(2,7)",2,4,0.0,False,-4,中距離は前週日曜と時計の出方は変わらなかったが、1200mは風の影響でやや時計が掛かっていた。
201710021106,6,3歳未勝利,芝,2000,晴,良,12:55,2017-09-02,小倉,13,3,5,2014105212,ピオニームーン,牝3,54,01128,川須栄彦,2:02.8,1/2,10-9-11-8,37.3,21.1,9,470(+6),01117,[西]高野友和,272008,下河辺隆行,,"11,13(15,17)(2,3)16,1,10,5(7,12)18,9,8-(6,4)14",10,1,6.0,False,"11,13(2,15)(3,17)(1,16)(5,10)12(7,18)(9,8)-(6,4)-14",9,2,1.5,False,"(*11,13,15)(3,17)10(2,1,16)18(5,12,4)8(7,9,6)-14",11,3,0.0,False,"(13,15,*17,10)(3,1,18)(5,12,4)(11,6)(9,16,8)14(2,7)",8,3,0.0,False,-4,中距離は前週日曜と時計の出方は変わらなかったが、1200mは風の影響でやや時計が掛かっていた。
201710021106,6,3歳未勝利,芝,2000,晴,良,12:55,2017-09-02,小倉,14,4,7,2014100209,ウインミネット,牝3,54,01130,高倉稜,2:03.6,5,11-12-15-17,37.7,65.6,12,422(+14),01146,[西]奥村豊,494800,ウイン,,"11,13(15,17)(2,3)16,1,10,5(7,12)18,9,8-(6,4)14",11,2,6.0,False,"11,13(2,15)(3,17)(1,16)(5,10)12(7,18)(9,8)-(6,4)-14",12,2,1.5,False,"(*11,13,15)(3,17)10(2,1,16)18(5,12,4)8(7,9,6)-14",15,3,0.0,False,"(13,15,*17,10)(3,1,18)(5,12,4)(11,6)(9,16,8)14(2,7)",17,2,0.0,False,-4,中距離は前週日曜と時計の出方は変わらなかったが、1200mは風の影響でやや時計が掛かっていた。
201710021106,6,3歳未勝利,芝,2000,晴,良,12:55,2017-09-02,小倉,15,8,16,2014103357,スズカビーバ,牝3,51,01168,富田暁,2:03.7,3/4,7-7-7-13,38.4,228.8,17,472(+4),00362,[西]橋田満,382004,永井啓弍,,"11,13(15,17)(2,3)16,1,10,5(7,12)18,9,8-(6,4)14",7,1,1.5,False,"11,13(2,15)(3,17)(1,16)(5,10)12(7,18)(9,8)-(6,4)-14",7,2,1.5,False,"(*11,13,15)(3,17)10(2,1,16)18(5,12,4)8(7,9,6)-14",7,3,0.0,False,"(13,15,*17,10)(3,1,18)(5,12,4)(11,6)(9,16,8)14(2,7)",13,3,0.0,False,-4,中距離は前週日曜と時計の出方は変わらなかったが、1200mは風の影響でやや時計が掛かっていた。
201710021106,6,3歳未勝利,芝,2000,晴,良,12:55,2017-09-02,小倉,16,4,8,2014101565,トウカイフォーゲル,牝3,51,01159,三津谷隼,2:03.9,1.1/4,15-14-14-13,38.2,163.3,15,450(+4),01009,[西]田所秀孝,695004,内村正則,,"11,13(15,17)(2,3)16,1,10,5(7,12)18,9,8-(6,4)14",15,1,9.0,False,"11,13(2,15)(3,17)(1,16)(5,10)12(7,18)(9,8)-(6,4)-14",14,2,1.5,False,"(*11,13,15)(3,17)10(2,1,16)18(5,12,4)8(7,9,6)-14",14,1,0.0,False,"(13,15,*17,10)(3,1,18)(5,12,4)(11,6)(9,16,8)14(2,7)",13,3,0.0,False,-4,中距離は前週日曜と時計の出方は変わらなかったが、1200mは風の影響でやや時計が掛かっていた。
201710021106,6,3歳未勝利,芝,2000,晴,良,12:55,2017-09-02,小倉,17,6,11,2014103144,サンマルガイア,牝3,54,01037,太宰啓介,2:04.5,3.1/2,1-1-1-11,39.7,37.6,10,476(-8),01032,[西]大根田裕,580007,相馬勇,,"11,13(15,17)(2,3)16,1,10,5(7,12)18,9,8-(6,4)14",1,1,0.0,False,"11,13(2,15)(3,17)(1,16)(5,10)12(7,18)(9,8)-(6,4)-14",1,1,0.0,False,"(*11,13,15)(3,17)10(2,1,16)18(5,12,4)8(7,9,6)-14",1,3,0.0,True,"(13,15,*17,10)(3,1,18)(5,12,4)(11,6)(9,16,8)14(2,7)",11,2,0.0,False,-4,中距離は前週日曜と時計の出方は変わらなかったが、1200mは風の影響でやや時計が掛かっていた。
201710021106,6,3歳未勝利,芝,2000,晴,良,12:55,2017-09-02,小倉,18,1,2,2014106029,マジックルーラー,牝3,54,01038,中谷雄太,2:04.8,2,5-3-7-17,39.5,88.3,13,496(+10),01144,[西]池添学,506800,シルクレーシング,,"11,13(15,17)(2,3)16,1,10,5(7,12)18,9,8-(6,4)14",5,2,1.5,False,"11,13(2,15)(3,17)(1,16)(5,10)12(7,18)(9,8)-(6,4)-14",3,2,1.5,False,"(*11,13,15)(3,17)10(2,1,16)18(5,12,4)8(7,9,6)-14",7,3,0.0,False,"(13,15,*17,10)(3,1,18)(5,12,4)(11,6)(9,16,8)14(2,7)",17,2,0.0,False,-4,中距離は前週日曜と時計の出方は変わらなかったが、1200mは風の影響でやや時計が掛かっていた。
201710021107,7,3歳未勝利,芝,1800,晴,良,13:25,2017-09-02,小倉,1,8,16,2014106203,シャイントレイル,牝3,54,00894,小牧太,1:48.3,,14-14-11-10,35.5,9.5,6,442(+4),01101,[西]吉田直弘,486800,キャロットファーム,500.0,"(*5,10)11(1,3,6)(2,4,14)(7,8,12)13,16-15,9",14,1,1.5,False,"(*5,10)11(1,3)6(2,4)14(7,8,12)13,16-15-9",14,1,1.5,False,"(*10,11)(3,4)(5,6)(1,2,14,12)(7,8,13,16)-15-9",11,4,0.0,False,"(*10,11,4)(5,3,6)(1,14)12(7,2,13,16)(8,15)=9",10,4,0.0,False,-4,中距離は前週日曜と時計の出方は変わらなかったが、1200mは風の影響でやや時計が掛かっていた。
201710021107,7,3歳未勝利,芝,1800,晴,良,13:25,2017-09-02,小倉,2,4,8,2014101085,ロードバリスタ,セ3,56,01037,太宰啓介,1:48.5,1.1/4,10-10-11-14,35.7,34.8,8,492(+10),01044,[西]昆貢,170800,ロードホースクラブ,200.0,"(*5,10)11(1,3,6)(2,4,14)(7,8,12)13,16-15,9",10,3,0.0,False,"(*5,10)11(1,3)6(2,4)14(7,8,12)13,16-15-9",10,3,0.0,False,"(*10,11)(3,4)(5,6)(1,2,14,12)(7,8,13,16)-15-9",11,4,0.0,False,"(*10,11,4)(5,3,6)(1,14)12(7,2,13,16)(8,15)=9",14,2,0.0,False,-4,中距離は前週日曜と時計の出方は変わらなかったが、1200mは風の影響でやや時計が掛かっていた。
201710021107,7,3歳未勝利,芝,1800,晴,良,13:25,2017-09-02,小倉,3,2,4,2014105935,ダノンクライム,牡3,56,01115,浜中俊,1:48.7,1.1/4,7-7-3-2,36.4,2.7,1,518(0),01158,[西]寺島良,619800,ダノックス,130.0,"(*5,10)11(1,3,6)(2,4,14)(7,8,12)13,16-15,9",7,3,0.0,False,"(*5,10)11(1,3)6(2,4)14(7,8,12)13,16-15-9",7,2,0.0,False,"(*10,11)(3,4)(5,6)(1,2,14,12)(7,8,13,16)-15-9",3,2,0.0,False,"(*10,11,4)(5,3,6)(1,14)12(7,2,13,16)(8,15)=9",2,3,0.0,False,-4,中距離は前週日曜と時計の出方は変わらなかったが、1200mは風の影響でやや時計が掛かっていた。
201710021107,7,3歳未勝利,芝,1800,晴,良,13:25,2017-09-02,小倉,4,7,13,2014105369,カルトデュモンド,牡3,56,01018,和田竜二,1:48.9,1.1/4,13-13-11-10,36.1,8.8,5,430(-6),01105,[西]須貝尚介,415800,社台レースホース,75.0,"(*5,10)11(1,3,6)(2,4,14)(7,8,12)13,16-15,9",13,1,0.0,False,"(*5,10)11(1,3)6(2,4)14(7,8,12)13,16-15-9",13,1,0.0,False,"(*10,11)(3,4)(5,6)(1,2,14,12)(7,8,13,16)-15-9",11,4,0.0,False,"(*10,11,4)(5,3,6)(1,14)12(7,2,13,16)(8,15)=9",10,4,0.0,False,-4,中距離は前週日曜と時計の出方は変わらなかったが、1200mは風の影響でやや時計が掛かっていた。
201710021107,7,3歳未勝利,芝,1800,晴,良,13:25,2017-09-02,小倉,5,7,14,2014105791,ジョンドゥ,牡3,55,01160,荻野極,1:49.0,3/4,7-9-7-7,36.4,6.7,4,508(-6),01149,[西]松下武士,138007,吉田和美,50.0,"(*5,10)11(1,3,6)(2,4,14)(7,8,12)13,16-15,9",7,3,0.0,False,"(*5,10)11(1,3)6(2,4)14(7,8,12)13,16-15-9",9,1,0.0,False,"(*10,11)(3,4)(5,6)(1,2,14,12)(7,8,13,16)-15-9",7,4,0.0,False,"(*10,11,4)(5,3,6)(1,14)12(7,2,13,16)(8,15)=9",7,2,0.0,False,-4,中距離は前週日曜と時計の出方は変わらなかったが、1200mは風の影響でやや時計が掛かっていた。
201710021107,7,3歳未勝利,芝,1800,晴,良,13:25,2017-09-02,小倉,6,4,7,2014106149,マコトステッラミラ,牝3,51,01165,森裕太朗,1:49.1,1/2,10-10-11-10,36.2,105.4,12,400(-6),01046,[西]鮫島一歩,864800,ディアマント,,"(*5,10)11(1,3,6)(2,4,14)(7,8,12)13,16-15,9",10,3,0.0,False,"(*5,10)11(1,3)6(2,4)14(7,8,12)13,16-15-9",10,3,0.0,False,"(*10,11)(3,4)(5,6)(1,2,14,12)(7,8,13,16)-15-9",11,4,0.0,False,"(*10,11,4)(5,3,6)(1,14)12(7,2,13,16)(8,15)=9",10,4,0.0,False,-4,中距離は前週日曜と時計の出方は変わらなかったが、1200mは風の影響でやや時計が掛かっていた。
201710021107,7,3歳未勝利,芝,1800,晴,良,13:25,2017-09-02,小倉,7,6,12,2014101657,ソルーナブルー,牡3,56,00732,幸英明,1:49.1,クビ,10-10-7-9,36.5,14.3,7,466(-10),01113,[西]牧浦充徳,188800,ブルーマネジメント,,"(*5,10)11(1,3,6)(2,4,14)(7,8,12)13,16-15,9",10,3,0.0,False,"(*5,10)11(1,3)6(2,4)14(7,8,12)13,16-15-9",10,3,0.0,False,"(*10,11)(3,4)(5,6)(1,2,14,12)(7,8,13,16)-15-9",7,4,0.0,False,"(*10,11,4)(5,3,6)(1,14)12(7,2,13,16)(8,15)=9",9,1,0.0,False,-4,中距離は前週日曜と時計の出方は変わらなかったが、1200mは風の影響でやや時計が掛かっていた。
201710021107,7,3歳未勝利,芝,1800,晴,良,13:25,2017-09-02,小倉,8,3,6,2014100888,ゴッドパイレーツ,牝3,51,01168,富田暁,1:49.2,クビ,4-6-5-4,36.8,139.7,13,458(-4),01121,[西]角田晃一,998007,中西憲治,,"(*5,10)11(1,3,6)(2,4,14)(7,8,12)13,16-15,9",4,3,0.0,False,"(*5,10)11(1,3)6(2,4)14(7,8,12)13,16-15-9",6,1,0.0,False,"(*10,11)(3,4)(5,6)(1,2,14,12)(7,8,13,16)-15-9",5,2,0.0,False,"(*10,11,4)(5,3,6)(1,14)12(7,2,13,16)(8,15)=9",4,3,0.0,False,-4,中距離は前週日曜と時計の出方は変わらなかったが、1200mは風の影響でやや時計が掛かっていた。
201710021107,7,3歳未勝利,芝,1800,晴,良,13:25,2017-09-02,小倉,9,5,10,2014105412,ガルトマーン,牡3,56,00666,武豊,1:49.4,1.1/4,2-2-1-1,37.3,6.6,3,454(0),01136,[西]高橋亮,415800,社台レースホース,,"(*5,10)11(1,3,6)(2,4,14)(7,8,12)13,16-15,9",2,2,0.0,False,"(*5,10)11(1,3)6(2,4)14(7,8,12)13,16-15-9",2,2,0.0,False,"(*10,11)(3,4)(5,6)(1,2,14,12)(7,8,13,16)-15-9",1,2,0.0,True,"(*10,11,4)(5,3,6)(1,14)12(7,2,13,16)(8,15)=9",1,3,0.0,True,-4,中距離は前週日曜と時計の出方は変わらなかったが、1200mは風の影響でやや時計が掛かっていた。
201710021107,7,3歳未勝利,芝,1800,晴,良,13:25,2017-09-02,小倉,10,1,2,2014102142,ディレットーレ,牡3,55,01156,加藤祥太,1:49.4,アタマ,7-7-7-10,36.8,37.9,9,444(+4),01130,[西]吉村圭司,003060,Ｈ．Ｈ．シェイク・モ...,,"(*5,10)11(1,3,6)(2,4,14)(7,8,12)13,16-15,9",7,3,0.0,False,"(*5,10)11(1,3)6(2,4)14(7,8,12)13,16-15-9",7,2,0.0,False,"(*10,11)(3,4)(5,6)(1,2,14,12)(7,8,13,16)-15-9",7,4,0.0,False,"(*10,11,4)(5,3,6)(1,14)12(7,2,13,16)(8,15)=9",10,4,0.0,False,-4,中距離は前週日曜と時計の出方は変わらなかったが、1200mは風の影響でやや時計が掛かっていた。
201710021107,7,3歳未勝利,芝,1800,晴,良,13:25,2017-09-02,小倉,11,8,15,2014101465,スオウ,牝3,51,01159,三津谷隼,1:49.6,1.1/4,15-15-15-14,36.4,166.3,14,432(-2),01095,[西]荒川義之,304030,松田整二,,"(*5,10)11(1,3,6)(2,4,14)(7,8,12)13,16-15,9",15,1,5.0,False,"(*5,10)11(1,3)6(2,4)14(7,8,12)13,16-15-9",15,1,5.0,False,"(*10,11)(3,4)(5,6)(1,2,14,12)(7,8,13,16)-15-9",15,1,3.5,False,"(*10,11,4)(5,3,6)(1,14)12(7,2,13,16)(8,15)=9",14,2,0.0,False,-4,中距離は前週日曜と時計の出方は変わらなかったが、1200mは風の影響でやや時計が掛かっていた。
201710021107,7,3歳未勝利,芝,1800,晴,良,13:25,2017-09-02,小倉,12,3,5,2014102873,ボストンアプリコ,牝3,53,01155,義英真,1:49.7,1/2,1-1-5-4,37.3,185.8,15,456(0),00397,[西]岩元市三,916800,宮内牧場,,"(*5,10)11(1,3,6)(2,4,14)(7,8,12)13,16-15,9",1,2,0.0,True,"(*5,10)11(1,3)6(2,4)14(7,8,12)13,16-15-9",1,2,0.0,True,"(*10,11)(3,4)(5,6)(1,2,14,12)(7,8,13,16)-15-9",5,2,0.0,False,"(*10,11,4)(5,3,6)(1,14)12(7,2,13,16)(8,15)=9",4,3,0.0,False,-4,中距離は前週日曜と時計の出方は変わらなかったが、1200mは風の影響でやや時計が掛かっていた。
201710021107,7,3歳未勝利,芝,1800,晴,良,13:25,2017-09-02,小倉,13,1,1,2014100420,タマモアーサー,牡3,55,01157,鮫島克駿,1:49.8,1/2,4-4-7-7,37.2,38.4,10,478(+4),01062,[西]藤岡健一,515800,タマモ,,"(*5,10)11(1,3,6)(2,4,14)(7,8,12)13,16-15,9",4,3,0.0,False,"(*5,10)11(1,3)6(2,4)14(7,8,12)13,16-15-9",4,2,0.0,False,"(*10,11)(3,4)(5,6)(1,2,14,12)(7,8,13,16)-15-9",7,4,0.0,False,"(*10,11,4)(5,3,6)(1,14)12(7,2,13,16)(8,15)=9",7,2,0.0,False,-4,中距離は前週日曜と時計の出方は変わらなかったが、1200mは風の影響でやや時計が掛かっていた。
201710021107,7,3歳未勝利,芝,1800,晴,良,13:25,2017-09-02,小倉,14,6,11,2014102895,サテンドール,牝3,54,01114,田中健,1:49.8,ハナ,3-3-2-2,37.6,78.1,11,446(0),00411,[西]浅見秀一,872800,三田昌宏,,"(*5,10)11(1,3,6)(2,4,14)(7,8,12)13,16-15,9",3,1,0.0,False,"(*5,10)11(1,3)6(2,4)14(7,8,12)13,16-15-9",3,1,0.0,False,"(*10,11)(3,4)(5,6)(1,2,14,12)(7,8,13,16)-15-9",2,2,0.0,False,"(*10,11,4)(5,3,6)(1,14)12(7,2,13,16)(8,15)=9",2,3,0.0,False,-4,中距離は前週日曜と時計の出方は変わらなかったが、1200mは風の影響でやや時計が掛かっていた。
201710021107,7,3歳未勝利,芝,1800,晴,良,13:25,2017-09-02,小倉,15,2,3,2014103687,コンゴウトシオー,牡3,56,01088,川田将雅,1:50.4,3.1/2,4-4-3-4,38.1,5.6,2,462(-2),01148,[西]西村真幸,464030,田畑利彦,,"(*5,10)11(1,3,6)(2,4,14)(7,8,12)13,16-15,9",4,3,0.0,False,"(*5,10)11(1,3)6(2,4)14(7,8,12)13,16-15-9",4,2,0.0,False,"(*10,11)(3,4)(5,6)(1,2,14,12)(7,8,13,16)-15-9",3,2,0.0,False,"(*10,11,4)(5,3,6)(1,14)12(7,2,13,16)(8,15)=9",4,3,0.0,False,-4,中距離は前週日曜と時計の出方は変わらなかったが、1200mは風の影響でやや時計が掛かっていた。
201710021107,7,3歳未勝利,芝,1800,晴,良,13:25,2017-09-02,小倉,16,5,9,2014104353,シュプリームゾーン,牡3,56,01130,高倉稜,1:52.0,10,16-16-16-16,38.3,305.6,16,484(+4),01025,[西]佐藤正雄,894030,村上憲政,,"(*5,10)11(1,3,6)(2,4,14)(7,8,12)13,16-15,9",16,1,6.5,False,"(*5,10)11(1,3)6(2,4)14(7,8,12)13,16-15-9",16,1,8.5,False,"(*10,11)(3,4)(5,6)(1,2,14,12)(7,8,13,16)-15-9",16,1,7.0,False,"(*10,11,4)(5,3,6)(1,14)12(7,2,13,16)(8,15)=9",16,1,6.0,False,-4,中距離は前週日曜と時計の出方は変わらなかったが、1200mは風の影響でやや時計が掛かっていた。
201710021108,8,3歳以上500万下,ダ,1700,晴,良,13:55,2017-09-02,小倉,1,7,13,2013103618,ヴェンジェンス,牡4,57,00732,幸英明,1:46.1,,3-3-2-1,37.7,2.5,1,490(+2),01032,[西]大根田裕,350002,宮川純造,750.0,"(*10,11)13(1,16)(8,9)(2,3,6,14)(4,7)(12,15)5",3,1,0.0,False,"(*10,11)(1,13)(8,9,16)(2,3,14)6(4,7)-15,12,5",3,2,0.0,False,"10(11,13)(1,14)(9,16,7)2(3,6)(4,8,15)5-12",2,2,0.0,False,"13(10,14)(1,11,7)(9,16)2(8,15,3)(4,6)5-12",1,1,0.0,False,5,
201710021108,8,3歳以上500万下,ダ,1700,晴,良,13:55,2017-09-02,小倉,2,7,14,2011103816,アドマイヤウイング,牝6,55,01038,中谷雄太,1:46.7,3.1/2,8-8-4-2,38.2,22.7,9,482(-2),01084,[西]梅田智之,398002,近藤利一,300.0,"(*10,11)13(1,16)(8,9)(2,3,6,14)(4,7)(12,15)5",8,4,0.0,False,"(*10,11)(1,13)(8,9,16)(2,3,14)6(4,7)-15,12,5",8,3,0.0,False,"10(11,13)(1,14)(9,16,7)2(3,6)(4,8,15)5-12",4,2,0.0,False,"13(10,14)(1,11,7)(9,16)2(8,15,3)(4,6)5-12",2,2,0.0,False,5,
201710021108,8,3歳以上500万下,ダ,1700,晴,良,13:55,2017-09-02,小倉,3,2,3,2013104987,デイジーフローラ,牝4,52,01165,森裕太朗,1:46.7,アタマ,8-8-10-10,37.7,6.7,4,502(0),01002,[西]音無秀孝,306008,松岡隆雄,190.0,"(*10,11)13(1,16)(8,9)(2,3,6,14)(4,7)(12,15)5",8,4,0.0,False,"(*10,11)(1,13)(8,9,16)(2,3,14)6(4,7)-15,12,5",8,3,0.0,False,"10(11,13)(1,14)(9,16,7)2(3,6)(4,8,15)5-12",10,2,0.0,False,"13(10,14)(1,11,7)(9,16)2(8,15,3)(4,6)5-12",10,3,0.0,False,5,
201710021108,8,3歳以上500万下,ダ,1700,晴,良,13:55,2017-09-02,小倉,4,8,16,2011105353,スターペスユウコ,牝6,54,01146,岩崎翼,1:46.8,クビ,4-5-6-7,38.1,5.5,2,464(-10),01140,[西]石橋守,710002,河野和香子,110.0,"(*10,11)13(1,16)(8,9)(2,3,6,14)(4,7)(12,15)5",4,2,0.0,False,"(*10,11)(1,13)(8,9,16)(2,3,14)6(4,7)-15,12,5",5,3,0.0,False,"10(11,13)(1,14)(9,16,7)2(3,6)(4,8,15)5-12",6,3,0.0,False,"13(10,14)(1,11,7)(9,16)2(8,15,3)(4,6)5-12",7,2,0.0,False,5,
201710021108,8,3歳以上500万下,ダ,1700,晴,良,13:55,2017-09-02,小倉,5,1,2,2012101685,ダイシンカレラ,牡5,56,01156,加藤祥太,1:46.8,クビ,8-8-9-9,37.9,19.4,6,488(+4),01087,[西]庄野靖志,929002,大八木信行,75.0,"(*10,11)13(1,16)(8,9)(2,3,6,14)(4,7)(12,15)5",8,4,0.0,False,"(*10,11)(1,13)(8,9,16)(2,3,14)6(4,7)-15,12,5",8,3,0.0,False,"10(11,13)(1,14)(9,16,7)2(3,6)(4,8,15)5-12",9,1,0.0,False,"13(10,14)(1,11,7)(9,16)2(8,15,3)(4,6)5-12",9,1,0.0,False,5,
201710021108,8,3歳以上500万下,ダ,1700,晴,良,13:55,2017-09-02,小倉,6,1,1,2012104423,キングズアフェアー,セ5,57,01088,川田将雅,1:47.0,1.1/4,4-3-4-4,38.4,7.8,5,512(-8),01146,[西]奥村豊,758005,吉田照哉,,"(*10,11)13(1,16)(8,9)(2,3,6,14)(4,7)(12,15)5",4,2,0.0,False,"(*10,11)(1,13)(8,9,16)(2,3,14)6(4,7)-15,12,5",3,2,0.0,False,"10(11,13)(1,14)(9,16,7)2(3,6)(4,8,15)5-12",4,2,0.0,False,"13(10,14)(1,11,7)(9,16)2(8,15,3)(4,6)5-12",4,3,0.0,False,5,
201710021108,8,3歳以上500万下,ダ,1700,晴,良,13:55,2017-09-02,小倉,7,3,6,2012100260,ジョウショーチカラ,牡5,57,00894,小牧太,1:47.0,クビ,8-11-10-13,38.0,19.8,7,526(+2),01040,[西]服部利之,380008,熊田義孝,,"(*10,11)13(1,16)(8,9)(2,3,6,14)(4,7)(12,15)5",8,4,0.0,False,"(*10,11)(1,13)(8,9,16)(2,3,14)6(4,7)-15,12,5",11,1,0.0,False,"10(11,13)(1,14)(9,16,7)2(3,6)(4,8,15)5-12",10,2,0.0,False,"13(10,14)(1,11,7)(9,16)2(8,15,3)(4,6)5-12",13,2,0.0,False,5,
201710021108,8,3歳以上500万下,ダ,1700,晴,良,13:55,2017-09-02,小倉,8,4,7,2013100401,リリーシューター,牡4,57,01018,和田竜二,1:47.5,3,12-12-6-4,38.8,22.3,8,494(-10),01082,[西]平田修,862006,土井孝夫,,"(*10,11)13(1,16)(8,9)(2,3,6,14)(4,7)(12,15)5",12,2,0.0,False,"(*10,11)(1,13)(8,9,16)(2,3,14)6(4,7)-15,12,5",12,2,0.0,False,"10(11,13)(1,14)(9,16,7)2(3,6)(4,8,15)5-12",6,3,0.0,False,"13(10,14)(1,11,7)(9,16)2(8,15,3)(4,6)5-12",4,3,0.0,False,5,
201710021108,8,3歳以上500万下,ダ,1700,晴,良,13:55,2017-09-02,小倉,9,4,8,2014105221,アスカノハヤテ,牡3,54,01126,松山弘平,1:47.6,1/2,6-5-12-10,38.5,6.3,3,472(0),01003,[西]川村禎彦,489007,豊田智郎,,"(*10,11)13(1,16)(8,9)(2,3,6,14)(4,7)(12,15)5",6,2,0.0,False,"(*10,11)(1,13)(8,9,16)(2,3,14)6(4,7)-15,12,5",5,3,0.0,False,"10(11,13)(1,14)(9,16,7)2(3,6)(4,8,15)5-12",12,3,0.0,False,"13(10,14)(1,11,7)(9,16)2(8,15,3)(4,6)5-12",10,3,0.0,False,5,
201710021108,8,3歳以上500万下,ダ,1700,晴,良,13:55,2017-09-02,小倉,10,8,15,2013103396,グランプリアクセル,牡4,56,01160,荻野極,1:48.0,2.1/2,14-14-12-10,38.8,206.2,15,474(+10),01075,[西]矢作芳人,204800,グランプリ,,"(*10,11)13(1,16)(8,9)(2,3,6,14)(4,7)(12,15)5",14,2,0.0,False,"(*10,11)(1,13)(8,9,16)(2,3,14)6(4,7)-15,12,5",14,1,3.5,False,"10(11,13)(1,14)(9,16,7)2(3,6)(4,8,15)5-12",12,3,0.0,False,"13(10,14)(1,11,7)(9,16)2(8,15,3)(4,6)5-12",10,3,0.0,False,5,
201710021108,8,3歳以上500万下,ダ,1700,晴,良,13:55,2017-09-02,小倉,11,5,9,2012102052,エアシーラン,牡5,57,01128,川須栄彦,1:48.1,3/4,6-5-6-7,39.4,192.2,14,482(+3),01085,[西]小崎憲,472033,村田裕子,,"(*10,11)13(1,16)(8,9)(2,3,6,14)(4,7)(12,15)5",6,2,0.0,False,"(*10,11)(1,13)(8,9,16)(2,3,14)6(4,7)-15,12,5",5,3,0.0,False,"10(11,13)(1,14)(9,16,7)2(3,6)(4,8,15)5-12",6,3,0.0,False,"13(10,14)(1,11,7)(9,16)2(8,15,3)(4,6)5-12",7,2,0.0,False,5,
201710021108,8,3歳以上500万下,ダ,1700,晴,良,13:55,2017-09-02,小倉,12,2,4,2014105799,ミザイ,牝3,52,01099,鮫島良太,1:48.2,1/2,12-12-12-13,39.0,63.2,10,488(+10),01113,[西]牧浦充徳,258030,山住勲,,"(*10,11)13(1,16)(8,9)(2,3,6,14)(4,7)(12,15)5",12,2,0.0,False,"(*10,11)(1,13)(8,9,16)(2,3,14)6(4,7)-15,12,5",12,2,0.0,False,"10(11,13)(1,14)(9,16,7)2(3,6)(4,8,15)5-12",12,3,0.0,False,"13(10,14)(1,11,7)(9,16)2(8,15,3)(4,6)5-12",13,2,0.0,False,5,
201710021108,8,3歳以上500万下,ダ,1700,晴,良,13:55,2017-09-02,小倉,13,5,10,2014105031,マーケットレイズン,牝3,52,01114,田中健,1:48.3,1/2,1-1-1-2,40.0,95.0,12,438(-8),01040,[西]服部利之,684006,峰哲馬,,"(*10,11)13(1,16)(8,9)(2,3,6,14)(4,7)(12,15)5",1,2,0.0,True,"(*10,11)(1,13)(8,9,16)(2,3,14)6(4,7)-15,12,5",1,2,0.0,True,"10(11,13)(1,14)(9,16,7)2(3,6)(4,8,15)5-12",1,1,0.0,False,"13(10,14)(1,11,7)(9,16)2(8,15,3)(4,6)5-12",2,2,0.0,False,5,
201710021108,8,3歳以上500万下,ダ,1700,晴,良,13:55,2017-09-02,小倉,14,6,11,2011101936,スリーチアサウス,牝6,55,01133,水口優也,1:48.5,1.1/4,2-2-2-4,40.1,207.7,16,486(0),01065,[西]大橋勇樹,061800,永井商事,,"(*10,11)13(1,16)(8,9)(2,3,6,14)(4,7)(12,15)5",2,2,0.0,False,"(*10,11)(1,13)(8,9,16)(2,3,14)6(4,7)-15,12,5",2,2,0.0,False,"10(11,13)(1,14)(9,16,7)2(3,6)(4,8,15)5-12",2,2,0.0,False,"13(10,14)(1,11,7)(9,16)2(8,15,3)(4,6)5-12",4,3,0.0,False,5,
201710021108,8,3歳以上500万下,ダ,1700,晴,良,13:55,2017-09-02,小倉,15,3,5,2013103621,フジクイーン,牝4,55,01154,松若風馬,1:48.8,2,16-16-15-15,39.4,90.9,11,486(-2),00425,[西]加用正,411030,平口信行,,"(*10,11)13(1,16)(8,9)(2,3,6,14)(4,7)(12,15)5",16,1,0.0,False,"(*10,11)(1,13)(8,9,16)(2,3,14)6(4,7)-15,12,5",16,1,6.5,False,"10(11,13)(1,14)(9,16,7)2(3,6)(4,8,15)5-12",15,1,0.0,False,"13(10,14)(1,11,7)(9,16)2(8,15,3)(4,6)5-12",15,1,0.0,False,5,
201710021108,8,3歳以上500万下,ダ,1700,晴,良,13:55,2017-09-02,小倉,16,6,12,2012106354,コパノジョージ,牡5,57,01130,高倉稜,1:48.9,クビ,14-15-16-16,39.2,131.3,13,492(+4),01107,[西]村山明,966007,小林祥晃,,"(*10,11)13(1,16)(8,9)(2,3,6,14)(4,7)(12,15)5",14,2,0.0,False,"(*10,11)(1,13)(8,9,16)(2,3,14)6(4,7)-15,12,5",15,1,5.0,False,"10(11,13)(1,14)(9,16,7)2(3,6)(4,8,15)5-12",16,1,3.5,False,"13(10,14)(1,11,7)(9,16)2(8,15,3)(4,6)5-12",16,1,3.5,False,5,
201710021109,9,八幡特別(1勝),芝,1200,晴,良,14:25,2017-09-02,小倉,1,3,5,2013101446,ウインハートビート,牡4,57,01018,和田竜二,1:09.1,,2-2,34.6,4.9,1,484(+10),01073,[西]宮本博,494800,ウイン,"1,097.6",,,,,,,,,,,"16(7,5)(4,3,9)(8,6)1(15,14,18)(13,17)11(10,2,12)",2,2,0.0,False,"(*16,5)(7,9)(4,3,8)(15,6,18)(1,14,17)(13,11)2,12-10",2,2,0.0,False,0,中距離は前週日曜と時計の出方は変わらなかったが、1200mは風の影響でやや時計が掛かっていた。
201710021109,9,八幡特別(1勝),芝,1200,晴,良,14:25,2017-09-02,小倉,2,7,15,2013102480,ジョーマイク,セ4,57,01088,川田将雅,1:09.1,ハナ,10-8,33.9,6.3,3,456(+4),01039,[西]中竹和也,839004,上田けい子,433.6,,,,,,,,,,,"16(7,5)(4,3,9)(8,6)1(15,14,18)(13,17)11(10,2,12)",10,3,0.0,False,"(*16,5)(7,9)(4,3,8)(15,6,18)(1,14,17)(13,11)2,12-10",8,3,0.0,False,0,中距離は前週日曜と時計の出方は変わらなかったが、1200mは風の影響でやや時計が掛かっていた。
201710021109,9,八幡特別(1勝),芝,1200,晴,良,14:25,2017-09-02,小倉,3,4,8,2013110114,スペードクイーン,牝4,55,00732,幸英明,1:09.1,クビ,7-5,34.2,7.1,4,468(-2),01148,[西]西村真幸,151006,吉田和子,266.8,,,,,,,,,,,"16(7,5)(4,3,9)(8,6)1(15,14,18)(13,17)11(10,2,12)",7,2,0.0,False,"(*16,5)(7,9)(4,3,8)(15,6,18)(1,14,17)(13,11)2,12-10",5,3,0.0,False,0,中距離は前週日曜と時計の出方は変わらなかったが、1200mは風の影響でやや時計が掛かっていた。
201710021109,9,八幡特別(1勝),芝,1200,晴,良,14:25,2017-09-02,小倉,4,8,17,2013101207,ブライティアレディ,牝4,55,01019,秋山真一,1:09.3,1.1/4,13-11,33.8,5.1,2,428(+6),00396,[西]福島信晴,531006,小林昌志,160.0,,,,,,,,,,,"16(7,5)(4,3,9)(8,6)1(15,14,18)(13,17)11(10,2,12)",13,2,0.0,False,"(*16,5)(7,9)(4,3,8)(15,6,18)(1,14,17)(13,11)2,12-10",11,3,0.0,False,0,中距離は前週日曜と時計の出方は変わらなかったが、1200mは風の影響でやや時計が掛かっていた。
201710021109,9,八幡特別(1勝),芝,1200,晴,良,14:25,2017-09-02,小倉,5,4,7,2013101753,ハルク,牡4,57,01157,鮫島克駿,1:09.3,クビ,2-3,34.8,8.1,5,480(-4),01129,[西]高橋義忠,479800,ダイリン,105.0,,,,,,,,,,,"16(7,5)(4,3,9)(8,6)1(15,14,18)(13,17)11(10,2,12)",2,2,0.0,False,"(*16,5)(7,9)(4,3,8)(15,6,18)(1,14,17)(13,11)2,12-10",3,2,0.0,False,0,中距離は前週日曜と時計の出方は変わらなかったが、1200mは風の影響でやや時計が掛かっていた。
201710021109,9,八幡特別(1勝),芝,1200,晴,良,14:25,2017-09-02,小倉,6,3,6,2014104508,テイエムイキオイ,牡3,55,01126,松山弘平,1:09.4,クビ,7-8,34.4,9.6,6,462(+10),00388,[西]山内研二,356002,竹園正繼,,,,,,,,,,,,"16(7,5)(4,3,9)(8,6)1(15,14,18)(13,17)11(10,2,12)",7,2,0.0,False,"(*16,5)(7,9)(4,3,8)(15,6,18)(1,14,17)(13,11)2,12-10",8,3,0.0,False,0,中距離は前週日曜と時計の出方は変わらなかったが、1200mは風の影響でやや時計が掛かっていた。
201710021109,9,八幡特別(1勝),芝,1200,晴,良,14:25,2017-09-02,小倉,7,5,9,2014100470,ミルトプリンス,牡3,55,01146,岩崎翼,1:09.5,3/4,4-3,34.8,58.6,12,444(+10),01140,[西]石橋守,695033,永山勝敏,,,,,,,,,,,,"16(7,5)(4,3,9)(8,6)1(15,14,18)(13,17)11(10,2,12)",4,3,0.0,False,"(*16,5)(7,9)(4,3,8)(15,6,18)(1,14,17)(13,11)2,12-10",3,2,0.0,False,0,中距離は前週日曜と時計の出方は変わらなかったが、1200mは風の影響でやや時計が掛かっていた。
201710021109,9,八幡特別(1勝),芝,1200,晴,良,14:25,2017-09-02,小倉,8,7,13,2014103184,オイカケマショウ,牡3,55,01038,中谷雄太,1:09.7,1.1/2,13-14,34.2,73.6,14,466(+24),00431,[西]谷潔,334009,小田切有一,,,,,,,,,,,,"16(7,5)(4,3,9)(8,6)1(15,14,18)(13,17)11(10,2,12)",13,2,0.0,False,"(*16,5)(7,9)(4,3,8)(15,6,18)(1,14,17)(13,11)2,12-10",14,2,0.0,False,0,中距離は前週日曜と時計の出方は変わらなかったが、1200mは風の影響でやや時計が掛かっていた。
201710021109,9,八幡特別(1勝),芝,1200,晴,良,14:25,2017-09-02,小倉,9,8,18,2012100777,ラブローレル,牝5,55,00894,小牧太,1:09.8,クビ,10-8,34.5,18.0,9,426(0),01142,[西]森田直行,291002,増田陽一,,,,,,,,,,,,"16(7,5)(4,3,9)(8,6)1(15,14,18)(13,17)11(10,2,12)",10,3,0.0,False,"(*16,5)(7,9)(4,3,8)(15,6,18)(1,14,17)(13,11)2,12-10",8,3,0.0,False,0,中距離は前週日曜と時計の出方は変わらなかったが、1200mは風の影響でやや時計が掛かっていた。
201710021109,9,八幡特別(1勝),芝,1200,晴,良,14:25,2017-09-02,小倉,10,1,2,2012103064,アルパーシャン,牡5,57,01037,太宰啓介,1:09.9,3/4,16-16,33.9,16.3,8,466(+6),01044,[西]昆貢,642800,エーティー,,,,,,,,,,,,"16(7,5)(4,3,9)(8,6)1(15,14,18)(13,17)11(10,2,12)",16,3,0.0,False,"(*16,5)(7,9)(4,3,8)(15,6,18)(1,14,17)(13,11)2,12-10",16,1,0.0,False,0,中距離は前週日曜と時計の出方は変わらなかったが、1200mは風の影響でやや時計が掛かっていた。
201710021109,9,八幡特別(1勝),芝,1200,晴,良,14:25,2017-09-02,小倉,11,6,11,2013100704,エスペランサリュウ,牡4,57,01156,加藤祥太,1:09.9,ハナ,15-14,34.2,63.8,13,480(+6),00434,[西]西橋豊治,148033,江上幸隆,,,,,,,,,,,,"16(7,5)(4,3,9)(8,6)1(15,14,18)(13,17)11(10,2,12)",15,1,0.0,False,"(*16,5)(7,9)(4,3,8)(15,6,18)(1,14,17)(13,11)2,12-10",14,2,0.0,False,0,中距離は前週日曜と時計の出方は変わらなかったが、1200mは風の影響でやや時計が掛かっていた。
201710021109,9,八幡特別(1勝),芝,1200,晴,良,14:25,2017-09-02,小倉,12,8,16,2013100463,サカジロテンオー,牡4,57,01154,松若風馬,1:09.9,ハナ,1-1,35.6,41.1,11,488(-6),01057,[西]湯窪幸雄,018700,ロイヤルパーク,,,,,,,,,,,,"16(7,5)(4,3,9)(8,6)1(15,14,18)(13,17)11(10,2,12)",1,1,0.0,False,"(*16,5)(7,9)(4,3,8)(15,6,18)(1,14,17)(13,11)2,12-10",1,2,0.0,True,0,中距離は前週日曜と時計の出方は変わらなかったが、1200mは風の影響でやや時計が掛かっていた。
201710021109,9,八幡特別(1勝),芝,1200,晴,良,14:25,2017-09-02,小倉,13,2,3,2014102689,ブライトメジャー,牝3,53,01128,川須栄彦,1:10.1,3/4,4-5,35.4,132.1,17,444(-2),01085,[西]小崎憲,838008,谷和光彦,,,,,,,,,,,,"16(7,5)(4,3,9)(8,6)1(15,14,18)(13,17)11(10,2,12)",4,3,0.0,False,"(*16,5)(7,9)(4,3,8)(15,6,18)(1,14,17)(13,11)2,12-10",5,3,0.0,False,0,中距離は前週日曜と時計の出方は変わらなかったが、1200mは風の影響でやや時計が掛かっていた。
201710021109,9,八幡特別(1勝),芝,1200,晴,良,14:25,2017-09-02,小倉,14,2,4,2014100160,カワキタエビデンス,牝3,53,01160,荻野極,1:10.1,アタマ,4-5,35.4,11.7,7,440(+12),01155,[西]渡辺薫彦,341002,川島吉男,,,,,,,,,,,,"16(7,5)(4,3,9)(8,6)1(15,14,18)(13,17)11(10,2,12)",4,3,0.0,False,"(*16,5)(7,9)(4,3,8)(15,6,18)(1,14,17)(13,11)2,12-10",5,3,0.0,False,0,中距離は前週日曜と時計の出方は変わらなかったが、1200mは風の影響でやや時計が掛かっていた。
201710021109,9,八幡特別(1勝),芝,1200,晴,良,14:25,2017-09-02,小倉,15,6,12,2013102717,マコトルーメン,牡4,57,05429,岡田祥嗣,1:10.2,3/4,16-17,34.3,39.8,10,480(-6),01078,[西]北出成人,864800,ディアマント,,,,,,,,,,,,"16(7,5)(4,3,9)(8,6)1(15,14,18)(13,17)11(10,2,12)",16,3,0.0,False,"(*16,5)(7,9)(4,3,8)(15,6,18)(1,14,17)(13,11)2,12-10",17,1,1.5,False,0,中距離は前週日曜と時計の出方は変わらなかったが、1200mは風の影響でやや時計が掛かっていた。
201710021109,9,八幡特別(1勝),芝,1200,晴,良,14:25,2017-09-02,小倉,16,1,1,2012100903,トップインパクト,牡5,57,01115,浜中俊,1:10.7,3,9-11,35.6,103.1,16,428(+4),01044,[西]昆貢,973800,コオロ,,,,,,,,,,,,"16(7,5)(4,3,9)(8,6)1(15,14,18)(13,17)11(10,2,12)",9,1,0.0,False,"(*16,5)(7,9)(4,3,8)(15,6,18)(1,14,17)(13,11)2,12-10",11,3,0.0,False,0,中距離は前週日曜と時計の出方は変わらなかったが、1200mは風の影響でやや時計が掛かっていた。
201710021109,9,八幡特別(1勝),芝,1200,晴,良,14:25,2017-09-02,小倉,17,7,14,2014100844,ヨドノベスト,牡3,55,01063,小坂忠士,1:10.8,1/2,10-11,35.6,226.3,18,434(-2),00419,[西]松元茂樹,471002,海原聖一,,,,,,,,,,,,"16(7,5)(4,3,9)(8,6)1(15,14,18)(13,17)11(10,2,12)",10,3,0.0,False,"(*16,5)(7,9)(4,3,8)(15,6,18)(1,14,17)(13,11)2,12-10",11,3,0.0,False,0,中距離は前週日曜と時計の出方は変わらなかったが、1200mは風の影響でやや時計が掛かっていた。
201710021109,9,八幡特別(1勝),芝,1200,晴,良,14:25,2017-09-02,小倉,18,5,10,2014109156,テイエムミナンカゼ,牝3,53,01130,高倉稜,1:11.0,1,16-18,35.0,83.7,15,458(+10),01157,[西]杉山晴紀,356002,竹園正繼,,,,,,,,,,,,"16(7,5)(4,3,9)(8,6)1(15,14,18)(13,17)11(10,2,12)",16,3,0.0,False,"(*16,5)(7,9)(4,3,8)(15,6,18)(1,14,17)(13,11)2,12-10",18,1,5.0,False,0,中距離は前週日曜と時計の出方は変わらなかったが、1200mは風の影響でやや時計が掛かっていた。
201710021110,10,玄海特別(2勝),芝,2000,晴,良,15:01,2017-09-02,小倉,1,2,2,2013106088,サトノケンシロウ,牡4,57,01088,川田将雅,1:59.8,,8-9-9-4,33.9,1.8,1,464(+2),01071,[西]池江泰寿,790031,里見治,"1,525.2","10,4(1,8)(5,9)-3(6,2)11,7",8,2,5.0,False,"10,4(1,8)(5,9)-3,6,2(7,11)",9,1,8.0,False,"10-4(6,1,8)(5,9,3)(7,2)11",9,2,3.5,False,"10-4,8(6,1,3,2)(7,5,11)9",4,4,5.0,False,-4,中距離は前週日曜と時計の出方は変わらなかったが、1200mは風の影響でやや時計が掛かっていた。
201710021110,10,玄海特別(2勝),芝,2000,晴,良,15:01,2017-09-02,小倉,2,8,10,2013103370,ダイナミックアロー,牡4,54,01159,三津谷隼,2:00.0,1.1/4,1-1-1-1,35.1,18.6,4,492(+2),00387,[西]目野哲也,075002,小川勲,607.2,"10,4(1,8)(5,9)-3(6,2)11,7",1,1,0.0,False,"10,4(1,8)(5,9)-3,6,2(7,11)",1,1,0.0,False,"10-4(6,1,8)(5,9,3)(7,2)11",1,1,0.0,False,"10-4,8(6,1,3,2)(7,5,11)9",1,1,0.0,False,-4,中距離は前週日曜と時計の出方は変わらなかったが、1200mは風の影響でやや時計が掛かっていた。
201710021110,10,玄海特別(2勝),芝,2000,晴,良,15:01,2017-09-02,小倉,3,5,5,2012104792,ジュンスパーヒカル,牡5,56,01126,松山弘平,2:00.1,3/4,5-5-6-8,34.4,20.7,8,464(0),01061,[西]友道康夫,165033,河合純二,383.6,"10,4(1,8)(5,9)-3(6,2)11,7",5,2,1.5,False,"10,4(1,8)(5,9)-3,6,2(7,11)",5,2,1.5,False,"10-4(6,1,8)(5,9,3)(7,2)11",6,3,3.5,False,"10-4,8(6,1,3,2)(7,5,11)9",8,3,5.0,False,-4,中距離は前週日曜と時計の出方は変わらなかったが、1200mは風の影響でやや時計が掛かっていた。
201710021110,10,玄海特別(2勝),芝,2000,晴,良,15:01,2017-09-02,小倉,4,8,11,2011105520,メイショウキトラ,牡6,53,00894,小牧太,2:00.3,1.1/4,10-10-11-8,34.2,19.5,5,492(-2),01113,[西]牧浦充徳,523005,松本好雄,230.0,"10,4(1,8)(5,9)-3(6,2)11,7",10,1,5.0,False,"10,4(1,8)(5,9)-3,6,2(7,11)",10,2,8.0,False,"10-4(6,1,8)(5,9,3)(7,2)11",11,1,3.5,False,"10-4,8(6,1,3,2)(7,5,11)9",8,3,5.0,False,-4,中距離は前週日曜と時計の出方は変わらなかったが、1200mは風の影響でやや時計が掛かっていた。
201710021110,10,玄海特別(2勝),芝,2000,晴,良,15:01,2017-09-02,小倉,5,7,8,2013106060,オールドクラシック,牡4,54,01038,中谷雄太,2:00.3,アタマ,3-3-3-3,34.8,19.8,7,478(0),01075,[西]矢作芳人,781800,リーヴァ,150.0,"10,4(1,8)(5,9)-3(6,2)11,7",3,2,1.5,False,"10,4(1,8)(5,9)-3,6,2(7,11)",3,2,1.5,False,"10-4(6,1,8)(5,9,3)(7,2)11",3,3,3.5,False,"10-4,8(6,1,3,2)(7,5,11)9",3,1,5.0,False,-4,中距離は前週日曜と時計の出方は変わらなかったが、1200mは風の影響でやや時計が掛かっていた。
201710021110,10,玄海特別(2勝),芝,2000,晴,良,15:01,2017-09-02,小倉,6,4,4,2011103501,ファシーノ,牡6,54,01019,秋山真一,2:00.5,1.1/4,2-2-2-2,35.2,82.8,10,476(-2),01078,[西]北出成人,415800,社台レースホース,,"10,4(1,8)(5,9)-3(6,2)11,7",2,1,1.5,False,"10,4(1,8)(5,9)-3,6,2(7,11)",2,1,1.5,False,"10-4(6,1,8)(5,9,3)(7,2)11",2,1,3.5,False,"10-4,8(6,1,3,2)(7,5,11)9",2,1,3.5,False,-4,中距離は前週日曜と時計の出方は変わらなかったが、1200mは風の影響でやや時計が掛かっていた。
201710021110,10,玄海特別(2勝),芝,2000,晴,良,15:01,2017-09-02,小倉,7,3,3,2013103777,ワンスインアライフ,牡4,55,00666,武豊,2:00.5,クビ,7-7-6-4,34.8,3.8,2,458(-2),00431,[西]谷潔,948006,前田幸治,,"10,4(1,8)(5,9)-3(6,2)11,7",7,1,5.0,False,"10,4(1,8)(5,9)-3,6,2(7,11)",7,1,5.0,False,"10-4(6,1,8)(5,9,3)(7,2)11",6,3,3.5,False,"10-4,8(6,1,3,2)(7,5,11)9",4,4,5.0,False,-4,中距離は前週日曜と時計の出方は変わらなかったが、1200mは風の影響でやや時計が掛かっていた。
201710021110,10,玄海特別(2勝),芝,2000,晴,良,15:01,2017-09-02,小倉,8,6,7,2010101965,メイショウブシン,牡7,55,01018,和田竜二,2:00.6,クビ,11-10-9-8,34.8,19.7,6,466(-4),00378,[西]沖芳夫,523005,松本好雄,,"10,4(1,8)(5,9)-3(6,2)11,7",11,1,6.5,False,"10,4(1,8)(5,9)-3,6,2(7,11)",10,2,8.0,False,"10-4(6,1,8)(5,9,3)(7,2)11",9,2,3.5,False,"10-4,8(6,1,3,2)(7,5,11)9",8,3,5.0,False,-4,中距離は前週日曜と時計の出方は変わらなかったが、1200mは風の影響でやや時計が掛かっていた。
201710021110,10,玄海特別(2勝),芝,2000,晴,良,15:01,2017-09-02,小倉,9,1,1,2011102115,スリーマキシマム,牡6,54,00732,幸英明,2:00.6,クビ,3-3-3-4,35.0,7.4,3,492(-6),01135,[西]高橋康之,061800,永井商事,,"10,4(1,8)(5,9)-3(6,2)11,7",3,2,1.5,False,"10,4(1,8)(5,9)-3,6,2(7,11)",3,2,1.5,False,"10-4(6,1,8)(5,9,3)(7,2)11",3,3,3.5,False,"10-4,8(6,1,3,2)(7,5,11)9",4,4,5.0,False,-4,中距離は前週日曜と時計の出方は変わらなかったが、1200mは風の影響でやや時計が掛かっていた。
201710021110,10,玄海特別(2勝),芝,2000,晴,良,15:01,2017-09-02,小倉,10,6,6,2012104675,レッドアルティスタ,セ5,54,01160,荻野極,2:00.8,1.1/4,8-8-3-4,35.2,31.4,9,458(-2),01151,[西]斉藤崇史,180800,東京ホースレーシング,,"10,4(1,8)(5,9)-3(6,2)11,7",8,2,5.0,False,"10,4(1,8)(5,9)-3,6,2(7,11)",8,1,6.5,False,"10-4(6,1,8)(5,9,3)(7,2)11",3,3,3.5,False,"10-4,8(6,1,3,2)(7,5,11)9",4,4,5.0,False,-4,中距離は前週日曜と時計の出方は変わらなかったが、1200mは風の影響でやや時計が掛かっていた。
201710021110,10,玄海特別(2勝),芝,2000,晴,良,15:01,2017-09-02,小倉,11,7,9,2011101724,クロニクルスカイ,セ6,53,01157,鮫島克駿,2:01.8,6,5-5-6-11,36.1,182.7,11,500(-24),01077,[東]加藤和宏,854800,ノルマンディーサラブ...,,"10,4(1,8)(5,9)-3(6,2)11,7",5,2,1.5,False,"10,4(1,8)(5,9)-3,6,2(7,11)",5,2,1.5,False,"10-4(6,1,8)(5,9,3)(7,2)11",6,3,3.5,False,"10-4,8(6,1,3,2)(7,5,11)9",11,1,5.0,False,-4,中距離は前週日曜と時計の出方は変わらなかったが、1200mは風の影響でやや時計が掛かっていた。
201710021111,11,北九州短距離S(3勝),芝,1200,晴,良,15:35,2017-09-02,小倉,1,7,14,2011101542,コウエイタケル,牡6,56,00894,小牧太,1:08.3,,2-2,34.2,7.9,4,502(+8),00388,[西]山内研二,495005,伊東政清,"1,858.5",,,,,,,,,,,"(*12,10,14)16(4,2,5,7)17(1,13)(9,18)(6,15)(8,11,3)",2,3,0.0,False,"(12,*10,14)(4,2,5,16)(6,1,17)13(8,11,7,9,18)(15,3)",2,3,0.0,False,0,中距離は前週日曜と時計の出方は変わらなかったが、1200mは風の影響でやや時計が掛かっていた。
201710021111,11,北九州短距離S(3勝),芝,1200,晴,良,15:35,2017-09-02,小倉,2,1,2,2012100531,アドマイヤナイト,牝5,53,01128,川須栄彦,1:08.3,クビ,5-4,34.0,13.9,7,436(+4),01084,[西]梅田智之,398002,近藤利一,741.0,,,,,,,,,,,"(*12,10,14)16(4,2,5,7)17(1,13)(9,18)(6,15)(8,11,3)",5,4,0.0,False,"(12,*10,14)(4,2,5,16)(6,1,17)13(8,11,7,9,18)(15,3)",4,4,0.0,False,0,中距離は前週日曜と時計の出方は変わらなかったが、1200mは風の影響でやや時計が掛かっていた。
201710021111,11,北九州短距離S(3勝),芝,1200,晴,良,15:35,2017-09-02,小倉,3,5,10,2012101704,ニシノラッシュ,牡5,56,00732,幸英明,1:08.4,クビ,2-1,34.4,5.2,2,488(0),01073,[西]宮本博,897009,西山茂行,465.5,,,,,,,,,,,"(*12,10,14)16(4,2,5,7)17(1,13)(9,18)(6,15)(8,11,3)",2,3,0.0,False,"(12,*10,14)(4,2,5,16)(6,1,17)13(8,11,7,9,18)(15,3)",1,3,0.0,True,0,中距離は前週日曜と時計の出方は変わらなかったが、1200mは風の影響でやや時計が掛かっていた。
201710021111,11,北九州短距離S(3勝),芝,1200,晴,良,15:35,2017-09-02,小倉,4,2,4,2011109191,テイエムゲッタドン,セ6,53,01138,藤懸貴志,1:08.4,ハナ,5-4,34.1,159.6,16,500(0),00388,[西]山内研二,356002,竹園正繼,270.0,,,,,,,,,,,"(*12,10,14)16(4,2,5,7)17(1,13)(9,18)(6,15)(8,11,3)",5,4,0.0,False,"(12,*10,14)(4,2,5,16)(6,1,17)13(8,11,7,9,18)(15,3)",4,4,0.0,False,0,中距離は前週日曜と時計の出方は変わらなかったが、1200mは風の影響でやや時計が掛かっていた。
201710021111,11,北九州短距離S(3勝),芝,1200,晴,良,15:35,2017-09-02,小倉,5,1,1,2012105451,ニシオボヌール,セ5,55,01046,高田潤,1:08.4,ハナ,10-8,33.9,18.8,8,488(-6),01136,[西]高橋亮,446004,西尾午郎,182.0,,,,,,,,,,,"(*12,10,14)16(4,2,5,7)17(1,13)(9,18)(6,15)(8,11,3)",10,2,0.0,False,"(12,*10,14)(4,2,5,16)(6,1,17)13(8,11,7,9,18)(15,3)",8,3,0.0,False,0,中距離は前週日曜と時計の出方は変わらなかったが、1200mは風の影響でやや時計が掛かっていた。
201710021111,11,北九州短距離S(3勝),芝,1200,晴,良,15:35,2017-09-02,小倉,6,3,6,2011100740,メイショウブイダン,牡6,54,01155,義英真,1:08.5,1/2,14-8,33.7,179.4,18,464(-4),01016,[西]西浦勝一,523005,松本好雄,,,,,,,,,,,,"(*12,10,14)16(4,2,5,7)17(1,13)(9,18)(6,15)(8,11,3)",14,2,0.0,False,"(12,*10,14)(4,2,5,16)(6,1,17)13(8,11,7,9,18)(15,3)",8,3,0.0,False,0,中距離は前週日曜と時計の出方は変わらなかったが、1200mは風の影響でやや時計が掛かっていた。
201710021111,11,北九州短距離S(3勝),芝,1200,晴,良,15:35,2017-09-02,小倉,7,3,5,2011100363,ドラゴンストリート,牡6,54,01018,和田竜二,1:08.5,ハナ,5-4,34.2,25.9,9,474(-8),01055,[西]藤原英昭,208008,窪田芳郎,,,,,,,,,,,,"(*12,10,14)16(4,2,5,7)17(1,13)(9,18)(6,15)(8,11,3)",5,4,0.0,False,"(12,*10,14)(4,2,5,16)(6,1,17)13(8,11,7,9,18)(15,3)",4,4,0.0,False,0,中距離は前週日曜と時計の出方は変わらなかったが、1200mは風の影響でやや時計が掛かっていた。
201710021111,11,北九州短距離S(3勝),芝,1200,晴,良,15:35,2017-09-02,小倉,8,6,11,2012101892,スマートカルロス,牡5,56,01146,岩崎翼,1:08.5,アタマ,16-12,33.5,27.9,11,480(+6),00411,[西]浅見秀一,007803,大川徹,,,,,,,,,,,,"(*12,10,14)16(4,2,5,7)17(1,13)(9,18)(6,15)(8,11,3)",16,3,0.0,False,"(12,*10,14)(4,2,5,16)(6,1,17)13(8,11,7,9,18)(15,3)",12,5,0.0,False,0,中距離は前週日曜と時計の出方は変わらなかったが、1200mは風の影響でやや時計が掛かっていた。
201710021111,11,北九州短距離S(3勝),芝,1200,晴,良,15:35,2017-09-02,小倉,9,6,12,2012104923,ラクアミ,牝5,52,01126,松山弘平,1:08.7,1.1/4,1-2,34.7,26.4,10,448(-2),01002,[西]音無秀孝,354006,西浦和男,,,,,,,,,,,,"(*12,10,14)16(4,2,5,7)17(1,13)(9,18)(6,15)(8,11,3)",1,3,0.0,True,"(12,*10,14)(4,2,5,16)(6,1,17)13(8,11,7,9,18)(15,3)",2,3,0.0,False,0,中距離は前週日曜と時計の出方は変わらなかったが、1200mは風の影響でやや時計が掛かっていた。
201710021111,11,北九州短距離S(3勝),芝,1200,晴,良,15:35,2017-09-02,小倉,10,5,9,2010104262,ダノンルージュ,牝7,52,01019,秋山真一,1:08.8,1/2,12-12,34.1,10.2,6,496(+4),01158,[西]寺島良,619800,ダノックス,,,,,,,,,,,,"(*12,10,14)16(4,2,5,7)17(1,13)(9,18)(6,15)(8,11,3)",12,2,0.0,False,"(12,*10,14)(4,2,5,16)(6,1,17)13(8,11,7,9,18)(15,3)",12,5,0.0,False,0,中距離は前週日曜と時計の出方は変わらなかったが、1200mは風の影響でやや時計が掛かっていた。
201710021111,11,北九州短距離S(3勝),芝,1200,晴,良,15:35,2017-09-02,小倉,11,7,15,2012101393,スカイパッション,牝5,53,01154,松若風馬,1:08.9,1/2,14-17,34.1,6.6,3,468(-2),01006,[西]作田誠二,962033,小林都美子,,,,,,,,,,,,"(*12,10,14)16(4,2,5,7)17(1,13)(9,18)(6,15)(8,11,3)",14,2,0.0,False,"(12,*10,14)(4,2,5,16)(6,1,17)13(8,11,7,9,18)(15,3)",17,2,0.0,False,0,中距離は前週日曜と時計の出方は変わらなかったが、1200mは風の影響でやや時計が掛かっていた。
201710021111,11,北九州短距離S(3勝),芝,1200,晴,良,15:35,2017-09-02,小倉,12,2,3,2011103009,デンコウウノ,牡6,56,01099,鮫島良太,1:09.0,3/4,16-17,33.9,37.1,12,502(+6),01155,[西]渡辺薫彦,484007,田中康弘,,,,,,,,,,,,"(*12,10,14)16(4,2,5,7)17(1,13)(9,18)(6,15)(8,11,3)",16,3,0.0,False,"(12,*10,14)(4,2,5,16)(6,1,17)13(8,11,7,9,18)(15,3)",17,2,0.0,False,0,中距離は前週日曜と時計の出方は変わらなかったが、1200mは風の影響でやや時計が掛かっていた。
201710021111,11,北九州短距離S(3勝),芝,1200,晴,良,15:35,2017-09-02,小倉,13,4,8,2011105539,トシザキミ,牝6,52,01156,加藤祥太,1:09.1,クビ,16-12,34.1,173.8,17,486(-4),01046,[西]鮫島一歩,577033,上村利幸,,,,,,,,,,,,"(*12,10,14)16(4,2,5,7)17(1,13)(9,18)(6,15)(8,11,3)",16,3,0.0,False,"(12,*10,14)(4,2,5,16)(6,1,17)13(8,11,7,9,18)(15,3)",12,5,0.0,False,0,中距離は前週日曜と時計の出方は変わらなかったが、1200mは風の影響でやや時計が掛かっていた。
201710021111,11,北九州短距離S(3勝),芝,1200,晴,良,15:35,2017-09-02,小倉,14,8,17,2011102872,ハニードント,牝6,51,01038,中谷雄太,1:09.1,クビ,9-8,34.7,142.8,15,466(0),01084,[西]梅田智之,543033,薪浦州平,,,,,,,,,,,,"(*12,10,14)16(4,2,5,7)17(1,13)(9,18)(6,15)(8,11,3)",9,1,0.0,False,"(12,*10,14)(4,2,5,16)(6,1,17)13(8,11,7,9,18)(15,3)",8,3,0.0,False,0,中距離は前週日曜と時計の出方は変わらなかったが、1200mは風の影響でやや時計が掛かっていた。
201710021111,11,北九州短距離S(3勝),芝,1200,晴,良,15:35,2017-09-02,小倉,15,8,16,2013100339,オーヴィレール,牝4,56,01088,川田将雅,1:09.2,クビ,4-4,35.0,4.0,1,490(+12),01128,[西]今野貞一,041008,下河邉行雄,,,,,,,,,,,,"(*12,10,14)16(4,2,5,7)17(1,13)(9,18)(6,15)(8,11,3)",4,1,0.0,False,"(12,*10,14)(4,2,5,16)(6,1,17)13(8,11,7,9,18)(15,3)",4,4,0.0,False,0,中距離は前週日曜と時計の出方は変わらなかったが、1200mは風の影響でやや時計が掛かっていた。
201710021111,11,北九州短距離S(3勝),芝,1200,晴,良,15:35,2017-09-02,小倉,16,8,18,2011104500,オースミチャド,牡6,54,01130,高倉稜,1:09.5,2,12-12,34.9,64.6,13,478(-12),01083,[西]松永昌博,712800,オースミ,,,,,,,,,,,,"(*12,10,14)16(4,2,5,7)17(1,13)(9,18)(6,15)(8,11,3)",12,2,0.0,False,"(12,*10,14)(4,2,5,16)(6,1,17)13(8,11,7,9,18)(15,3)",12,5,0.0,False,0,中距離は前週日曜と時計の出方は変わらなかったが、1200mは風の影響でやや時計が掛かっていた。
201710021111,11,北九州短距離S(3勝),芝,1200,晴,良,15:35,2017-09-02,小倉,17,7,13,2012100528,タガノアザガル,牡5,54,01037,太宰啓介,1:09.6,3/4,10-11,35.1,95.8,14,446(+6),01120,[西]千田輝彦,859002,八木良司,,,,,,,,,,,,"(*12,10,14)16(4,2,5,7)17(1,13)(9,18)(6,15)(8,11,3)",10,2,0.0,False,"(12,*10,14)(4,2,5,16)(6,1,17)13(8,11,7,9,18)(15,3)",11,1,0.0,False,0,中距離は前週日曜と時計の出方は変わらなかったが、1200mは風の影響でやや時計が掛かっていた。
201710021111,11,北九州短距離S(3勝),芝,1200,晴,良,15:35,2017-09-02,小倉,18,4,7,2012101515,ピンストライプ,牡5,56,01160,荻野極,1:11.1,9,5-12,36.8,8.0,5,522(0),01137,[西]中内田充,003060,Ｈ．Ｈ．シェイク・モ...,,,,,,,,,,,,"(*12,10,14)16(4,2,5,7)17(1,13)(9,18)(6,15)(8,11,3)",5,4,0.0,False,"(12,*10,14)(4,2,5,16)(6,1,17)13(8,11,7,9,18)(15,3)",12,5,0.0,False,0,中距離は前週日曜と時計の出方は変わらなかったが、1200mは風の影響でやや時計が掛かっていた。
201710021112,12,3歳以上500万下,ダ,1000,晴,良,16:15,2017-09-02,小倉,1,5,7,2013100211,シルバードリーム,牝4,52,01165,森裕太朗,0:59.1,,2-2,36.1,2.3,1,478(-8),00425,[西]加用正,393002,南波壽,750.0,,,,,,,,,,,"(*4,7)(8,9)(2,10)14(5,13,11)6,3,12-1",2,2,0.0,False,"4,7(2,8)(10,9)13,5(6,14,11)-3-(1,12)",2,1,1.5,False,5,
201710021112,12,3歳以上500万下,ダ,1000,晴,良,16:15,2017-09-02,小倉,2,4,6,2012105842,アグネスエーデル,牡5,57,00666,武豊,0:59.4,2,11-9,35.6,5.8,2,508(-8),01085,[西]小崎憲,710033,上山牧,300.0,,,,,,,,,,,"(*4,7)(8,9)(2,10)14(5,13,11)6,3,12-1",11,1,0.0,False,"4,7(2,8)(10,9)13,5(6,14,11)-3-(1,12)",9,3,3.0,False,5,
201710021112,12,3歳以上500万下,ダ,1000,晴,良,16:15,2017-09-02,小倉,3,8,13,2012102753,ブレーヴブラッド,牡5,57,01062,川島信二,0:59.6,1.1/2,8-7,35.9,52.0,12,466(+4),01025,[西]佐藤正雄,894030,村上憲政,190.0,,,,,,,,,,,"(*4,7)(8,9)(2,10)14(5,13,11)6,3,12-1",8,3,0.0,False,"4,7(2,8)(10,9)13,5(6,14,11)-3-(1,12)",7,1,1.5,False,5,
201710021112,12,3歳以上500万下,ダ,1000,晴,良,16:15,2017-09-02,小倉,4,4,5,2012104796,メジャーガラメキ,牝5,55,00894,小牧太,0:59.7,クビ,8-8,36.0,12.7,5,494(-2),01085,[西]小崎憲,473030,高野哲,110.0,,,,,,,,,,,"(*4,7)(8,9)(2,10)14(5,13,11)6,3,12-1",8,3,0.0,False,"4,7(2,8)(10,9)13,5(6,14,11)-3-(1,12)",8,1,3.0,False,5,
201710021112,12,3歳以上500万下,ダ,1000,晴,良,16:15,2017-09-02,小倉,5,2,2,2014102073,タマモサザンクロス,牡3,54,01155,義英真,0:59.7,クビ,5-3,36.4,64.5,13,444(+4),01041,[西]藤沢則雄,515800,タマモ,75.0,,,,,,,,,,,"(*4,7)(8,9)(2,10)14(5,13,11)6,3,12-1",5,2,0.0,False,"4,7(2,8)(10,9)13,5(6,14,11)-3-(1,12)",3,2,1.5,False,5,
201710021112,12,3歳以上500万下,ダ,1000,晴,良,16:15,2017-09-02,小倉,6,3,4,2013105084,ハトマークレディ,牝4,55,01138,藤懸貴志,0:59.8,クビ,1-1,36.8,15.0,6,412(-2),01146,[西]奥村豊,699009,山田美喜男,,,,,,,,,,,,"(*4,7)(8,9)(2,10)14(5,13,11)6,3,12-1",1,2,0.0,True,"4,7(2,8)(10,9)13,5(6,14,11)-3-(1,12)",1,1,0.0,False,5,
201710021112,12,3歳以上500万下,ダ,1000,晴,良,16:15,2017-09-02,小倉,7,3,3,2014104110,マッセル,牡3,55,01088,川田将雅,0:59.8,クビ,12-12,35.7,7.0,3,452(+8),01142,[西]森田直行,788800,ノースヒルズ,,,,,,,,,,,,"(*4,7)(8,9)(2,10)14(5,13,11)6,3,12-1",12,1,1.5,False,"4,7(2,8)(10,9)13,5(6,14,11)-3-(1,12)",12,1,6.5,False,5,
201710021112,12,3歳以上500万下,ダ,1000,晴,良,16:15,2017-09-02,小倉,8,6,10,2013102680,クリノセゴビア,牝4,55,00732,幸英明,1:00.0,1.1/4,5-5,36.6,48.9,10,452(+14),01003,[西]川村禎彦,970006,栗本博晴,,,,,,,,,,,,"(*4,7)(8,9)(2,10)14(5,13,11)6,3,12-1",5,2,0.0,False,"4,7(2,8)(10,9)13,5(6,14,11)-3-(1,12)",5,2,1.5,False,5,
201710021112,12,3歳以上500万下,ダ,1000,晴,良,16:15,2017-09-02,小倉,9,6,9,2013100354,ショウナンカイドウ,牡4,57,01115,浜中俊,1:00.0,クビ,3-5,36.8,7.3,4,524(0),01117,[西]高野友和,331002,国本哲秀,,,,,,,,,,,,"(*4,7)(8,9)(2,10)14(5,13,11)6,3,12-1",3,2,0.0,False,"4,7(2,8)(10,9)13,5(6,14,11)-3-(1,12)",5,2,1.5,False,5,
201710021112,12,3歳以上500万下,ダ,1000,晴,良,16:15,2017-09-02,小倉,10,7,12,2013102934,タイセイプレゼンス,牡4,56,01160,荻野極,1:00.1,3/4,13-13,35.8,18.2,7,486(+8),01129,[西]高橋義忠,224007,田中成奉,,,,,,,,,,,,"(*4,7)(8,9)(2,10)14(5,13,11)6,3,12-1",13,1,3.0,False,"4,7(2,8)(10,9)13,5(6,14,11)-3-(1,12)",13,2,10.0,False,5,
201710021112,12,3歳以上500万下,ダ,1000,晴,良,16:15,2017-09-02,小倉,11,5,8,2014103867,アユツリオヤジ,牡3,55,01126,松山弘平,1:00.2,クビ,3-3,37.1,19.8,8,482(0),01107,[西]村山明,005803,キャピタル・システム,,,,,,,,,,,,"(*4,7)(8,9)(2,10)14(5,13,11)6,3,12-1",3,2,0.0,False,"4,7(2,8)(10,9)13,5(6,14,11)-3-(1,12)",3,2,1.5,False,5,
201710021112,12,3歳以上500万下,ダ,1000,晴,良,16:15,2017-09-02,小倉,12,1,1,2014102062,アスターメープル,牝3,52,01156,加藤祥太,1:00.6,2.1/2,14-13,35.9,49.9,11,430(-2),01039,[西]中竹和也,935003,加藤久枝,,,,,,,,,,,,"(*4,7)(8,9)(2,10)14(5,13,11)6,3,12-1",14,1,6.5,False,"4,7(2,8)(10,9)13,5(6,14,11)-3-(1,12)",13,2,10.0,False,5,
201710021112,12,3歳以上500万下,ダ,1000,晴,良,16:15,2017-09-02,小倉,13,7,11,2013104663,タマモスズラン,牝4,55,01114,田中健,1:01.0,2.1/2,8-9,37.3,23.5,9,440(-8),01033,[西]木原一良,515800,タマモ,,,,,,,,,,,,"(*4,7)(8,9)(2,10)14(5,13,11)6,3,12-1",8,3,0.0,False,"4,7(2,8)(10,9)13,5(6,14,11)-3-(1,12)",9,3,3.0,False,5,
201710021112,12,3歳以上500万下,ダ,1000,晴,良,16:15,2017-09-02,小倉,14,8,14,2013102183,シャインスプライト,牡4,54,01168,富田暁,1:01.5,3,7-9,38.0,155.4,14,528(-2),01099,[西]本田優,334002,布施光章,,,,,,,,,,,,"(*4,7)(8,9)(2,10)14(5,13,11)6,3,12-1",7,1,0.0,False,"4,7(2,8)(10,9)13,5(6,14,11)-3-(1,12)",9,3,3.0,False,5,
201701020501,1,2歳未勝利,ダ,1700,曇,良,09:55,2017-09-02,札幌,1,1,1,2015105584,ハヤブサレジェンド,牡2,54,05339,ルメール,1:45.7,,1-1-1-1,38.5,1.1,1,494(+2),01023,[東]伊藤圭三,837008,武田修,500.0,"1(3,6)13,2(5,8)14,7-10,9-4   12,11",1,1,0.0,False,"(*1,3,6)(2,13)(5,8)14,7-10-9,4   12,11",1,3,0.0,True,"(*1,13)-6-8(2,5)(3,14)7-10-9-4   12,11",1,2,0.0,True,"(*1,13)-6,8-5-14(2,7)10-(3,9)=4   12,11",1,2,0.0,True,-3,
201701020501,1,2歳未勝利,ダ,1700,曇,良,09:55,2017-09-02,札幌,2,5,8,2015105708,ワンダーツー,牡2,54,01025,勝浦正樹,1:47.0,8,6-6-4-4,39.1,27.2,3,504(0),01027,[東]田村康仁,798033,山口裕介,200.0,"1(3,6)13,2(5,8)14,7-10,9-4   12,11",6,2,1.5,False,"(*1,3,6)(2,13)(5,8)14,7-10-9,4   12,11",6,2,0.0,False,"(*1,13)-6-8(2,5)(3,14)7-10-9-4   12,11",4,1,7.0,False,"(*1,13)-6,8-5-14(2,7)10-(3,9)=4   12,11",4,1,5.0,False,-3,
201701020501,1,2歳未勝利,ダ,1700,曇,良,09:55,2017-09-02,札幌,3,4,6,2015100786,ブロンズケイ,牡2,51,01170,横山武史,1:47.5,3,2-2-3-3,39.9,39.1,8,496(0),01121,[西]角田晃一,078006,畑佐博,130.0,"1(3,6)13,2(5,8)14,7-10,9-4   12,11",2,2,0.0,False,"(*1,3,6)(2,13)(5,8)14,7-10-9,4   12,11",2,3,0.0,False,"(*1,13)-6-8(2,5)(3,14)7-10-9-4   12,11",3,1,3.5,False,"(*1,13)-6,8-5-14(2,7)10-(3,9)=4   12,11",3,1,3.5,False,-3,
201701020501,1,2歳未勝利,ダ,1700,曇,良,09:55,2017-09-02,札幌,4,4,5,2015101125,トーセンヴィータ,牡2,53,01153,木幡初也,1:47.7,1,6-6-5-5,39.5,30.4,6,522(+8),01079,[東]古賀慎明,270006,島川隆哉,75.0,"1(3,6)13,2(5,8)14,7-10,9-4   12,11",6,2,1.5,False,"(*1,3,6)(2,13)(5,8)14,7-10-9,4   12,11",6,2,0.0,False,"(*1,13)-6-8(2,5)(3,14)7-10-9-4   12,11",5,2,7.0,False,"(*1,13)-6,8-5-14(2,7)10-(3,9)=4   12,11",5,1,8.5,False,-3,
201701020501,1,2歳未勝利,ダ,1700,曇,良,09:55,2017-09-02,札幌,5,8,13,2015103364,メイショウタイシ,牡2,54,00663,蛯名正義,1:47.7,アタマ,4-4-2-2,40.4,28.1,4,476(-4),00438,[西]安田隆行,523005,松本好雄,50.0,"1(3,6)13,2(5,8)14,7-10,9-4   12,11",4,1,0.0,False,"(*1,3,6)(2,13)(5,8)14,7-10-9,4   12,11",4,2,0.0,False,"(*1,13)-6-8(2,5)(3,14)7-10-9-4   12,11",2,2,0.0,False,"(*1,13)-6,8-5-14(2,7)10-(3,9)=4   12,11",2,2,0.0,False,-3,
201701020501,1,2歳未勝利,ダ,1700,曇,良,09:55,2017-09-02,札幌,6,5,7,2015105310,リアルハニー,牝2,54,05203,岩田康誠,1:48.6,5,9-9-9-7,40.0,23.0,2,450(-6),01102,[東]大竹正博,793030,湊義明,,"1(3,6)13,2(5,8)14,7-10,9-4   12,11",9,1,3.0,False,"(*1,3,6)(2,13)(5,8)14,7-10-9,4   12,11",9,1,1.5,False,"(*1,13)-6-8(2,5)(3,14)7-10-9-4   12,11",9,1,7.0,False,"(*1,13)-6,8-5-14(2,7)10-(3,9)=4   12,11",7,2,12.0,False,-3,
201701020501,1,2歳未勝利,ダ,1700,曇,良,09:55,2017-09-02,札幌,7,6,10,2015102254,ペイシャスター,牝2,54,01140,横山和生,1:48.7,クビ,10-10-10-9,39.5,132.2,11,474(-4),00417,[東]土田稔,163002,北所直人,,"1(3,6)13,2(5,8)14,7-10,9-4   12,11",10,1,6.5,False,"(*1,3,6)(2,13)(5,8)14,7-10-9,4   12,11",10,1,5.0,False,"(*1,13)-6-8(2,5)(3,14)7-10-9-4   12,11",10,1,10.5,False,"(*1,13)-6,8-5-14(2,7)10-(3,9)=4   12,11",9,1,12.0,False,-3,
201701020501,1,2歳未勝利,ダ,1700,曇,良,09:55,2017-09-02,札幌,8,8,14,2015102837,ウインタイムリープ,牝2,54,01144,菱田裕二,1:49.4,4,8-8-7-6,41.0,130.1,10,452(+12),01050,[西]飯田雄三,494800,ウイン,,"1(3,6)13,2(5,8)14,7-10,9-4   12,11",8,1,1.5,False,"(*1,3,6)(2,13)(5,8)14,7-10-9,4   12,11",8,1,0.0,False,"(*1,13)-6-8(2,5)(3,14)7-10-9-4   12,11",7,2,7.0,False,"(*1,13)-6,8-5-14(2,7)10-(3,9)=4   12,11",6,1,12.0,False,-3,
201701020501,1,2歳未勝利,ダ,1700,曇,良,09:55,2017-09-02,札幌,9,2,2,2015101859,サムライロード,牡2,54,01030,松田大作,1:49.8,2.1/2,5-4-5-7,41.6,33.3,7,462(0),01127,[東]栗田徹,051803,ＫＴレーシング,,"1(3,6)13,2(5,8)14,7-10,9-4   12,11",5,1,1.5,False,"(*1,3,6)(2,13)(5,8)14,7-10-9,4   12,11",4,2,0.0,False,"(*1,13)-6-8(2,5)(3,14)7-10-9-4   12,11",5,2,7.0,False,"(*1,13)-6,8-5-14(2,7)10-(3,9)=4   12,11",7,2,12.0,False,-3,
201701020501,1,2歳未勝利,ダ,1700,曇,良,09:55,2017-09-02,札幌,10,6,9,2015103217,アルドーレ,牡2,54,00700,四位洋文,1:50.2,2.1/2,11-11-11-10,40.4,28.3,5,472(+8),01044,[西]昆貢,271008,安原浩司,,"1(3,6)13,2(5,8)14,7-10,9-4   12,11",11,1,8.0,False,"(*1,3,6)(2,13)(5,8)14,7-10-9,4   12,11",11,1,8.5,False,"(*1,13)-6-8(2,5)(3,14)7-10-9-4   12,11",11,1,14.0,False,"(*1,13)-6,8-5-14(2,7)10-(3,9)=4   12,11",10,2,15.5,False,-3,
201701020501,1,2歳未勝利,ダ,1700,曇,良,09:55,2017-09-02,札幌,11,3,3,2015106304,クローバーレッド,牝2,54,01124,国分恭介,1:50.3,1/2,2-2-7-10,41.8,121.1,9,454(-4),01057,[西]湯窪幸雄,884800,高橋ファーム,,"1(3,6)13,2(5,8)14,7-10,9-4   12,11",2,2,0.0,False,"(*1,3,6)(2,13)(5,8)14,7-10-9,4   12,11",2,3,0.0,False,"(*1,13)-6-8(2,5)(3,14)7-10-9-4   12,11",7,2,7.0,False,"(*1,13)-6,8-5-14(2,7)10-(3,9)=4   12,11",10,2,15.5,False,-3,
201701020501,1,2歳未勝利,ダ,1700,曇,良,09:55,2017-09-02,札幌,12,3,4,2015103773,ピワ,牝2,54,01015,古川吉洋,1:52.3,大,12-12-12-12,41.8,287.3,13,428(+8),00365,[西]崎山博樹,789002,北山敏隆,,"1(3,6)13,2(5,8)14,7-10,9-4   12,11",12,1,11.5,False,"(*1,3,6)(2,13)(5,8)14,7-10-9,4   12,11",12,1,10.0,False,"(*1,13)-6-8(2,5)(3,14)7-10-9-4   12,11",12,1,17.5,False,"(*1,13)-6,8-5-14(2,7)10-(3,9)=4   12,11",12,1,21.5,False,-3,
201701020501,1,2歳未勝利,ダ,1700,曇,良,09:55,2017-09-02,札幌,除,7,11,2015100237,ビビッドプルメージ,牡2,54,01085,松岡正海,,,,,---,,460(+4),01094,[東]水野貴広,030803,コスモヴューファーム,,"1(3,6)13,2(5,8)14,7-10,9-4   12,11",14,1,19.0,False,"(*1,3,6)(2,13)(5,8)14,7-10-9,4   12,11",14,1,17.5,False,"(*1,13)-6-8(2,5)(3,14)7-10-9-4   12,11",14,1,25.0,False,"(*1,13)-6,8-5-14(2,7)10-(3,9)=4   12,11",14,1,29.0,False,-3,
201701020501,1,2歳未勝利,ダ,1700,曇,良,09:55,2017-09-02,札幌,中,7,12,2015102765,ペイシャジャン,牡2,53,01147,城戸義政,,,,,242.8,12,482(-4),01101,[西]吉田直弘,163002,北所直人,,"1(3,6)13,2(5,8)14,7-10,9-4   12,11",13,1,17.5,False,"(*1,3,6)(2,13)(5,8)14,7-10-9,4   12,11",13,1,16.0,False,"(*1,13)-6-8(2,5)(3,14)7-10-9-4   12,11",13,1,23.5,False,"(*1,13)-6,8-5-14(2,7)10-(3,9)=4   12,11",13,1,27.5,False,-3,
201701020502,2,2歳未勝利,芝,2000,曇,良,10:25,2017-09-02,札幌,1,2,2,2015104899,マイハートビート,牡2,54,05339,ルメール,2:05.2,,8-7-7-4,36.3,4.0,3,444(-6),01129,[西]高橋義忠,872800,三田昌宏,500.0,"8(5,10)7(4,9,6)(3,2)1",8,2,0.0,False,"8,10(5,6)(4,7)(9,2)3-1",7,2,1.5,False,"8,10,6,5(4,7)2,9(3,1)",7,1,4.5,False,"8(6,7)2,10(5,4)1(3,9)",4,1,0.0,False,2,連続開催の最終週で馬場は傷んできており、前週よりも時計の掛かる馬場。
201701020502,2,2歳未勝利,芝,2000,曇,良,10:25,2017-09-02,札幌,2,7,8,2015105843,サヤカチャン,牝2,53,01163,坂井瑠星,2:05.6,2.1/2,1-1-1-1,37.5,11.5,4,444(-4),01009,[西]田所秀孝,775006,瀬谷隆雄,200.0,"8(5,10)7(4,9,6)(3,2)1",1,1,0.0,False,"8,10(5,6)(4,7)(9,2)3-1",1,1,0.0,False,"8,10,6,5(4,7)2,9(3,1)",1,1,0.0,False,"8(6,7)2,10(5,4)1(3,9)",1,1,0.0,False,2,連続開催の最終週で馬場は傷んできており、前週よりも時計の掛かる馬場。
201701020502,2,2歳未勝利,芝,2000,曇,良,10:25,2017-09-02,札幌,3,6,6,2015101700,ゴールドフラッグ,牡2,54,05203,岩田康誠,2:05.6,クビ,5-3-3-2,37.1,2.3,1,492(-4),01105,[西]須貝尚介,882800,小林英一ホールディン...,130.0,"8(5,10)7(4,9,6)(3,2)1",5,3,0.0,False,"8,10(5,6)(4,7)(9,2)3-1",3,2,1.5,False,"8,10,6,5(4,7)2,9(3,1)",3,1,3.0,False,"8(6,7)2,10(5,4)1(3,9)",2,2,0.0,False,2,連続開催の最終週で馬場は傷んできており、前週よりも時計の掛かる馬場。
201701020502,2,2歳未勝利,芝,2000,曇,良,10:25,2017-09-02,札幌,4,7,7,2015105968,ユニオンローズ,牡2,54,01085,松岡正海,2:06.5,5,4-5-5-2,37.8,3.4,2,452(+4),01123,[西]牧田和弥,091803,山紫水明,75.0,"8(5,10)7(4,9,6)(3,2)1",4,1,0.0,False,"8,10(5,6)(4,7)(9,2)3-1",5,2,1.5,False,"8,10,6,5(4,7)2,9(3,1)",5,2,4.5,False,"8(6,7)2,10(5,4)1(3,9)",2,2,0.0,False,2,連続開催の最終週で馬場は傷んできており、前週よりも時計の掛かる馬場。
201701020502,2,2歳未勝利,芝,2000,曇,良,10:25,2017-09-02,札幌,5,1,1,2015100648,ヒダルマ,牡2,54,01025,勝浦正樹,2:06.8,2,10-10-9-8,37.5,28.0,7,452(-2),00427,[西]森秀行,338033,冨士井直哉,50.0,"8(5,10)7(4,9,6)(3,2)1",10,1,0.0,False,"8,10(5,6)(4,7)(9,2)3-1",10,1,5.0,False,"8,10,6,5(4,7)2,9(3,1)",9,2,6.0,False,"8(6,7)2,10(5,4)1(3,9)",8,1,1.5,False,2,連続開催の最終週で馬場は傷んできており、前週よりも時計の掛かる馬場。
201701020502,2,2歳未勝利,芝,2000,曇,良,10:25,2017-09-02,札幌,6,4,4,2015101581,クリノカポネ,牡2,54,01093,藤岡佑介,2:07.2,2.1/2,5-5-5-6,38.5,24.1,5,456(+4),00431,[西]谷潔,970006,栗本博晴,,"8(5,10)7(4,9,6)(3,2)1",5,3,0.0,False,"8,10(5,6)(4,7)(9,2)3-1",5,2,1.5,False,"8,10,6,5(4,7)2,9(3,1)",5,2,4.5,False,"8(6,7)2,10(5,4)1(3,9)",6,2,1.5,False,2,連続開催の最終週で馬場は傷んできており、前週よりも時計の掛かる馬場。
201701020502,2,2歳未勝利,芝,2000,曇,良,10:25,2017-09-02,札幌,7,3,3,2015106249,パワースピネル,牝2,53,01151,井上敏樹,2:07.2,アタマ,8-9-9-9,37.9,26.4,6,434(+2),01024,[東]萱野浩二,855030,田頭勇貴,,"8(5,10)7(4,9,6)(3,2)1",8,2,0.0,False,"8,10(5,6)(4,7)(9,2)3-1",9,1,1.5,False,"8,10,6,5(4,7)2,9(3,1)",9,2,6.0,False,"8(6,7)2,10(5,4)1(3,9)",9,2,1.5,False,2,連続開催の最終週で馬場は傷んできており、前週よりも時計の掛かる馬場。
201701020502,2,2歳未勝利,芝,2000,曇,良,10:25,2017-09-02,札幌,8,5,5,2015100541,タガノロッソ,牡2,54,01141,中井裕二,2:07.3,クビ,2-3-4-6,38.7,98.3,8,468(-6),00425,[西]加用正,859002,八木良司,,"8(5,10)7(4,9,6)(3,2)1",2,2,0.0,False,"8,10(5,6)(4,7)(9,2)3-1",3,2,1.5,False,"8,10,6,5(4,7)2,9(3,1)",4,1,4.5,False,"8(6,7)2,10(5,4)1(3,9)",6,2,1.5,False,2,連続開催の最終週で馬場は傷んできており、前週よりも時計の掛かる馬場。
201701020502,2,2歳未勝利,芝,2000,曇,良,10:25,2017-09-02,札幌,9,8,9,2015101094,トーセンアスター,牝2,54,01109,黛弘人,2:08.1,5,5-7-8-9,39.0,156.6,10,438(+4),01150,[東]池上昌和,270006,島川隆哉,,"8(5,10)7(4,9,6)(3,2)1",5,3,0.0,False,"8,10(5,6)(4,7)(9,2)3-1",7,2,1.5,False,"8,10,6,5(4,7)2,9(3,1)",8,1,6.0,False,"8(6,7)2,10(5,4)1(3,9)",9,2,1.5,False,2,連続開催の最終週で馬場は傷んできており、前週よりも時計の掛かる馬場。
201701020502,2,2歳未勝利,芝,2000,曇,良,10:25,2017-09-02,札幌,10,8,10,2015100543,ドナキンバリー,牝2,54,01144,菱田裕二,2:09.1,6,2-2-2-5,40.9,121.7,9,438(-4),01048,[東]畠山吉宏,042033,小川眞査雄,,"8(5,10)7(4,9,6)(3,2)1",2,2,0.0,False,"8,10(5,6)(4,7)(9,2)3-1",2,1,1.5,False,"8,10,6,5(4,7)2,9(3,1)",2,1,1.5,False,"8(6,7)2,10(5,4)1(3,9)",5,1,1.5,False,2,連続開催の最終週で馬場は傷んできており、前週よりも時計の掛かる馬場。
201701020503,3,3歳未勝利,ダ,1700,曇,良,10:55,2017-09-02,札幌,1,3,3,2014103304,メモリーフェイス,牝3,54,01032,池添謙一,1:46.5,,1-1-1-1,38.0,1.3,1,526(+4),01021,[西]池添兼雄,351800,シンザンクラブ,500.0,"3(4,14)10(2,13)9(6,7,12)(1,11)8,5",1,1,0.0,False,"3(4,14)10,13,2,9(6,12)(7,11)1,8-5",1,1,0.0,False,"3,14(4,10,13)(2,11)(12,8)(6,9)7,1-5",1,1,0.0,False,"3,14,10-(4,13)(2,8)(6,11)(1,12,9,7)5",1,1,0.0,False,-3,
201701020503,3,3歳未勝利,ダ,1700,曇,良,10:55,2017-09-02,札幌,2,8,14,2014102133,クリスタルバブルス,牡3,56,05203,岩田康誠,1:46.5,アタマ,2-2-2-2,37.8,8.4,3,454(+2),00425,[西]加用正,064700,ＨｉｍＲｏｃｋＲａｃ...,200.0,"3(4,14)10(2,13)9(6,7,12)(1,11)8,5",2,2,0.0,False,"3(4,14)10,13,2,9(6,12)(7,11)1,8-5",2,2,0.0,False,"3,14(4,10,13)(2,11)(12,8)(6,9)7,1-5",2,1,1.5,False,"3,14,10-(4,13)(2,8)(6,11)(1,12,9,7)5",2,1,1.5,False,-3,
201701020503,3,3歳未勝利,ダ,1700,曇,良,10:55,2017-09-02,札幌,3,2,2,2014105300,ベルメーリャ,牝3,54,01144,菱田裕二,1:47.2,4,5-6-6-6,38.1,17.1,4,542(+2),01142,[西]森田直行,221007,吉田安惠,130.0,"3(4,14)10(2,13)9(6,7,12)(1,11)8,5",5,2,0.0,False,"3(4,14)10,13,2,9(6,12)(7,11)1,8-5",6,1,3.0,False,"3,14(4,10,13)(2,11)(12,8)(6,9)7,1-5",6,2,1.5,False,"3,14,10-(4,13)(2,8)(6,11)(1,12,9,7)5",6,2,6.5,False,-3,
201701020503,3,3歳未勝利,ダ,1700,曇,良,10:55,2017-09-02,札幌,4,5,8,2014106019,モーリーファ,牝3,54,01127,丸山元気,1:47.7,3,13-13-8-6,38.4,33.2,6,462(+2),01143,[東]和田雄二,506800,シルクレーシング,75.0,"3(4,14)10(2,13)9(6,7,12)(1,11)8,5",13,1,0.0,False,"3(4,14)10,13,2,9(6,12)(7,11)1,8-5",13,1,6.0,False,"3,14(4,10,13)(2,11)(12,8)(6,9)7,1-5",8,2,1.5,False,"3,14,10-(4,13)(2,8)(6,11)(1,12,9,7)5",6,2,6.5,False,-3,
201701020503,3,3歳未勝利,ダ,1700,曇,良,10:55,2017-09-02,札幌,5,1,1,2014100615,ハレカイ,牡3,56,01025,勝浦正樹,1:47.7,クビ,11-12-13-10,38.1,7.9,2,486(+2),01017,[東]萩原清,788800,ノースヒルズ,50.0,"3(4,14)10(2,13)9(6,7,12)(1,11)8,5",11,2,0.0,False,"3(4,14)10,13,2,9(6,12)(7,11)1,8-5",12,1,4.5,False,"3,14(4,10,13)(2,11)(12,8)(6,9)7,1-5",13,1,3.0,False,"3,14,10-(4,13)(2,8)(6,11)(1,12,9,7)5",10,4,6.5,False,-3,
201701020503,3,3歳未勝利,ダ,1700,曇,良,10:55,2017-09-02,札幌,6,6,9,2014104186,アキラ,牡3,55,01163,坂井瑠星,1:47.7,ハナ,7-7-10-10,38.3,56.3,9,466(-2),01130,[西]吉村圭司,040030,薪浦英稔,,"3(4,14)10(2,13)9(6,7,12)(1,11)8,5",7,1,0.0,False,"3(4,14)10,13,2,9(6,12)(7,11)1,8-5",7,1,4.5,False,"3,14(4,10,13)(2,11)(12,8)(6,9)7,1-5",10,2,1.5,False,"3,14,10-(4,13)(2,8)(6,11)(1,12,9,7)5",10,4,6.5,False,-3,
201701020503,3,3歳未勝利,ダ,1700,曇,良,10:55,2017-09-02,札幌,7,6,10,2014104676,カリエラ,牝3,54,01095,吉田隼人,1:47.9,1.1/4,4-4-3-3,39.1,52.7,8,460(0),01157,[西]杉山晴紀,992800,谷岡牧場,,"3(4,14)10(2,13)9(6,7,12)(1,11)8,5",4,1,0.0,False,"3(4,14)10,13,2,9(6,12)(7,11)1,8-5",4,1,0.0,False,"3,14(4,10,13)(2,11)(12,8)(6,9)7,1-5",3,3,1.5,False,"3,14,10-(4,13)(2,8)(6,11)(1,12,9,7)5",3,1,3.0,False,-3,
201701020503,3,3歳未勝利,ダ,1700,曇,良,10:55,2017-09-02,札幌,8,8,13,2014101672,コーリンマカロン,牝3,54,01140,横山和生,1:48.2,1.3/4,5-5-3-4,39.3,68.4,11,480(0),01125,[東]小野次郎,698002,伊藤恵子,,"3(4,14)10(2,13)9(6,7,12)(1,11)8,5",5,2,0.0,False,"3(4,14)10,13,2,9(6,12)(7,11)1,8-5",5,1,1.5,False,"3,14(4,10,13)(2,11)(12,8)(6,9)7,1-5",3,3,1.5,False,"3,14,10-(4,13)(2,8)(6,11)(1,12,9,7)5",4,2,6.5,False,-3,
201701020503,3,3歳未勝利,ダ,1700,曇,良,10:55,2017-09-02,札幌,9,4,6,2014100808,ストレンジャー,牡3,56,01030,松田大作,1:48.3,クビ,8-8-10-8,38.9,216.3,13,466(-12),01145,[東]奥村武,051803,ＫＴレーシング,,"3(4,14)10(2,13)9(6,7,12)(1,11)8,5",8,3,0.0,False,"3(4,14)10,13,2,9(6,12)(7,11)1,8-5",8,2,4.5,False,"3,14(4,10,13)(2,11)(12,8)(6,9)7,1-5",10,2,1.5,False,"3,14,10-(4,13)(2,8)(6,11)(1,12,9,7)5",8,2,6.5,False,-3,
201701020503,3,3歳未勝利,ダ,1700,曇,良,10:55,2017-09-02,札幌,10,7,12,2014106343,アテンソード,牡3,56,01034,酒井学,1:48.4,1/2,8-8-8-10,39.2,306.0,14,432(+4),00431,[西]谷潔,571006,齊藤直信,,"3(4,14)10(2,13)9(6,7,12)(1,11)8,5",8,3,0.0,False,"3(4,14)10,13,2,9(6,12)(7,11)1,8-5",8,2,4.5,False,"3,14(4,10,13)(2,11)(12,8)(6,9)7,1-5",8,2,1.5,False,"3,14,10-(4,13)(2,8)(6,11)(1,12,9,7)5",10,4,6.5,False,-3,
201701020503,3,3歳未勝利,ダ,1700,曇,良,10:55,2017-09-02,札幌,11,5,7,2014102080,シロイバラ,牡3,53,01170,横山武史,1:48.5,3/4,8-10-12-10,39.0,66.1,10,464(-18),00353,[東]和田正道,251800,和田牧場,,"3(4,14)10(2,13)9(6,7,12)(1,11)8,5",8,3,0.0,False,"3(4,14)10,13,2,9(6,12)(7,11)1,8-5",10,2,4.5,False,"3,14(4,10,13)(2,11)(12,8)(6,9)7,1-5",12,1,1.5,False,"3,14,10-(4,13)(2,8)(6,11)(1,12,9,7)5",10,4,6.5,False,-3,
201701020503,3,3歳未勝利,ダ,1700,曇,良,10:55,2017-09-02,札幌,12,7,11,2014104276,ベルウッドデナリ,牡3,55,01153,木幡初也,1:48.6,1/2,11-10-6-8,39.6,17.7,5,490(+6),01056,[東]本間忍,137030,鈴木照雄,,"3(4,14)10(2,13)9(6,7,12)(1,11)8,5",11,2,0.0,False,"3(4,14)10,13,2,9(6,12)(7,11)1,8-5",10,2,4.5,False,"3,14(4,10,13)(2,11)(12,8)(6,9)7,1-5",6,2,1.5,False,"3,14,10-(4,13)(2,8)(6,11)(1,12,9,7)5",8,2,6.5,False,-3,
201701020503,3,3歳未勝利,ダ,1700,曇,良,10:55,2017-09-02,札幌,13,3,4,2014103985,エスペレラヴニール,牝3,54,01143,原田和真,1:48.8,1.1/2,2-2-3-4,40.0,41.1,7,442(-8),01096,[東]粕谷昌央,467033,藤井亮輔,,"3(4,14)10(2,13)9(6,7,12)(1,11)8,5",2,2,0.0,False,"3(4,14)10,13,2,9(6,12)(7,11)1,8-5",2,2,0.0,False,"3,14(4,10,13)(2,11)(12,8)(6,9)7,1-5",3,3,1.5,False,"3,14,10-(4,13)(2,8)(6,11)(1,12,9,7)5",4,2,6.5,False,-3,
201701020503,3,3歳未勝利,ダ,1700,曇,良,10:55,2017-09-02,札幌,14,4,5,2014100439,ブライトゴールド,牡3,56,01116,藤岡康太,1:49.5,4,14-14-14-14,39.5,106.0,12,510(+18),01018,[西]宮徹,518002,山田弘,,"3(4,14)10(2,13)9(6,7,12)(1,11)8,5",14,1,1.5,False,"3(4,14)10,13,2,9(6,12)(7,11)1,8-5",14,1,9.5,False,"3,14(4,10,13)(2,11)(12,8)(6,9)7,1-5",14,1,6.5,False,"3,14,10-(4,13)(2,8)(6,11)(1,12,9,7)5",14,1,6.5,False,-3,
201701020504,4,3歳未勝利,芝,1200,曇,良,11:25,2017-09-02,札幌,1,1,2,2014105609,パールズベスト,牝3,54,01014,福永祐一,1:10.7,,4-4,35.5,3.7,2,450(-4),01136,[西]高橋亮,727008,谷掛龍夫,500.0,,,,,,,,,,,"9,15-7(2,12)10(8,14)4(1,16)13,3(5,6)-11",4,2,5.0,False,"9,15,7,2(8,10,12)(3,4,14,1)(13,16)-6,5=11",4,1,4.5,False,2,連続開催の最終週で馬場は傷んできており、前週よりも時計の掛かる馬場。
201701020504,4,3歳未勝利,芝,1200,曇,良,11:25,2017-09-02,札幌,2,4,7,2014102975,デンコウアリオン,牡3,56,01032,池添謙一,1:10.8,3/4,3-3,35.8,3.5,1,472(-6),01099,[西]本田優,484007,田中康弘,200.0,,,,,,,,,,,"9,15-7(2,12)10(8,14)4(1,16)13,3(5,6)-11",3,1,5.0,False,"9,15,7,2(8,10,12)(3,4,14,1)(13,16)-6,5=11",3,1,3.0,False,2,連続開催の最終週で馬場は傷んできており、前週よりも時計の掛かる馬場。
201701020504,4,3歳未勝利,芝,1200,曇,良,11:25,2017-09-02,札幌,3,7,13,2014100333,スマートサクソン,牝3,54,01093,藤岡佑介,1:11.1,1.3/4,12-12,35.2,10.9,6,486(+2),00411,[西]浅見秀一,007803,大川徹,130.0,,,,,,,,,,,"9,15-7(2,12)10(8,14)4(1,16)13,3(5,6)-11",12,1,5.0,False,"9,15,7,2(8,10,12)(3,4,14,1)(13,16)-6,5=11",12,2,4.5,False,2,連続開催の最終週で馬場は傷んできており、前週よりも時計の掛かる馬場。
201701020504,4,3歳未勝利,芝,1200,曇,良,11:25,2017-09-02,札幌,4,2,3,2014101243,ミステリーモリオン,牡3,56,01144,菱田裕二,1:11.3,1,13-8,35.2,8.7,5,470(-4),01051,[東]岩戸孝樹,855030,田頭勇貴,75.0,,,,,,,,,,,"9,15-7(2,12)10(8,14)4(1,16)13,3(5,6)-11",13,1,6.5,False,"9,15,7,2(8,10,12)(3,4,14,1)(13,16)-6,5=11",8,4,4.5,False,2,連続開催の最終週で馬場は傷んできており、前週よりも時計の掛かる馬場。
201701020504,4,3歳未勝利,芝,1200,曇,良,11:25,2017-09-02,札幌,5,5,10,2014105843,アドマイヤホルン,牝3,54,01122,三浦皇成,1:11.3,クビ,6-5,36.0,6.4,3,398(+2),01069,[西]中尾秀正,398002,近藤利一,50.0,,,,,,,,,,,"9,15-7(2,12)10(8,14)4(1,16)13,3(5,6)-11",6,1,5.0,False,"9,15,7,2(8,10,12)(3,4,14,1)(13,16)-6,5=11",5,3,4.5,False,2,連続開催の最終週で馬場は傷んできており、前週よりも時計の掛かる馬場。
201701020504,4,3歳未勝利,芝,1200,曇,良,11:25,2017-09-02,札幌,6,4,8,2014100692,マイネルプラヌール,牡3,56,01009,柴田大知,1:11.3,ハナ,7-5,35.8,8.3,4,428(+8),00353,[東]和田正道,546800,サラブレッドクラブ・...,,,,,,,,,,,,"9,15-7(2,12)10(8,14)4(1,16)13,3(5,6)-11",7,2,5.0,False,"9,15,7,2(8,10,12)(3,4,14,1)(13,16)-6,5=11",5,3,4.5,False,2,連続開催の最終週で馬場は傷んできており、前週よりも時計の掛かる馬場。
201701020504,4,3歳未勝利,芝,1200,曇,良,11:25,2017-09-02,札幌,7,8,15,2014104283,マリーナプリンセス,牝3,53,01163,坂井瑠星,1:11.3,ハナ,2-2,36.6,20.8,9,432(0),00412,[東]高橋裕,681006,早川経一,,,,,,,,,,,,"9,15-7(2,12)10(8,14)4(1,16)13,3(5,6)-11",2,1,1.5,False,"9,15,7,2(8,10,12)(3,4,14,1)(13,16)-6,5=11",2,1,1.5,False,2,連続開催の最終週で馬場は傷んできており、前週よりも時計の掛かる馬場。
201701020504,4,3歳未勝利,芝,1200,曇,良,11:25,2017-09-02,札幌,8,1,1,2014103147,サンマルペンダント,牝3,54,01036,竹之下智,1:11.9,3.1/2,10-8,36.1,18.1,7,458(+14),01120,[西]千田輝彦,580007,相馬勇,,,,,,,,,,,,"9,15-7(2,12)10(8,14)4(1,16)13,3(5,6)-11",10,2,5.0,False,"9,15,7,2(8,10,12)(3,4,14,1)(13,16)-6,5=11",8,4,4.5,False,2,連続開催の最終週で馬場は傷んできており、前週よりも時計の掛かる馬場。
201701020504,4,3歳未勝利,芝,1200,曇,良,11:25,2017-09-02,札幌,9,8,16,2014105445,スマイルウィーク,牝3,54,05203,岩田康誠,1:12.1,1,10-12,36.4,28.6,10,434(-2),01086,[東]斎藤誠,008803,原禮子,,,,,,,,,,,,"9,15-7(2,12)10(8,14)4(1,16)13,3(5,6)-11",10,2,5.0,False,"9,15,7,2(8,10,12)(3,4,14,1)(13,16)-6,5=11",12,2,4.5,False,2,連続開催の最終週で馬場は傷んできており、前週よりも時計の掛かる馬場。
201701020504,4,3歳未勝利,芝,1200,曇,良,11:25,2017-09-02,札幌,10,7,14,2014103439,ハナエミ,牝3,53,01153,木幡初也,1:12.2,1/2,7-8,36.7,124.8,11,414(+6),01056,[東]本間忍,100800,日進牧場,,,,,,,,,,,,"9,15-7(2,12)10(8,14)4(1,16)13,3(5,6)-11",7,2,5.0,False,"9,15,7,2(8,10,12)(3,4,14,1)(13,16)-6,5=11",8,4,4.5,False,2,連続開催の最終週で馬場は傷んできており、前週よりも時計の掛かる馬場。
201701020504,4,3歳未勝利,芝,1200,曇,良,11:25,2017-09-02,札幌,11,3,6,2014104484,ラブパレード,牝3,54,01140,横山和生,1:12.3,1/2,14-14,36.0,180.0,13,466(+2),01115,[東]菊沢隆徳,855030,田頭勇貴,,,,,,,,,,,,"9,15-7(2,12)10(8,14)4(1,16)13,3(5,6)-11",14,2,6.5,False,"9,15,7,2(8,10,12)(3,4,14,1)(13,16)-6,5=11",14,1,8.0,False,2,連続開催の最終週で馬場は傷んできており、前週よりも時計の掛かる馬場。
201701020504,4,3歳未勝利,芝,1200,曇,良,11:25,2017-09-02,札幌,12,2,4,2014102653,ベルウッドカペラ,牡3,56,01112,荻野琢真,1:12.5,1.1/4,9-8,36.9,136.1,12,448(-2),01135,[西]高橋康之,137030,鈴木照雄,,,,,,,,,,,,"9,15-7(2,12)10(8,14)4(1,16)13,3(5,6)-11",9,1,5.0,False,"9,15,7,2(8,10,12)(3,4,14,1)(13,16)-6,5=11",8,4,4.5,False,2,連続開催の最終週で馬場は傷んできており、前週よりも時計の掛かる馬場。
201701020504,4,3歳未勝利,芝,1200,曇,良,11:25,2017-09-02,札幌,13,3,5,2014104260,クリュティエ,牝3,54,01116,藤岡康太,1:12.6,3/4,14-15,36.3,20.3,8,456(+6),01100,[東]松山将樹,854800,ノルマンディーサラブ...,,,,,,,,,,,,"9,15-7(2,12)10(8,14)4(1,16)13,3(5,6)-11",14,2,6.5,False,"9,15,7,2(8,10,12)(3,4,14,1)(13,16)-6,5=11",15,1,9.5,False,2,連続開催の最終週で馬場は傷んできており、前週よりも時計の掛かる馬場。
201701020504,4,3歳未勝利,芝,1200,曇,良,11:25,2017-09-02,札幌,14,6,12,2014103332,フレンドリーナイト,牡3,53,01170,横山武史,1:12.9,1.3/4,4-5,37.7,237.1,14,452(-16),01100,[東]松山将樹,786006,増山武志,,,,,,,,,,,,"9,15-7(2,12)10(8,14)4(1,16)13,3(5,6)-11",4,2,5.0,False,"9,15,7,2(8,10,12)(3,4,14,1)(13,16)-6,5=11",5,3,4.5,False,2,連続開催の最終週で馬場は傷んできており、前週よりも時計の掛かる馬場。
201701020504,4,3歳未勝利,芝,1200,曇,良,11:25,2017-09-02,札幌,15,5,9,2014100438,クララフトゥーラ,牝3,53,01151,井上敏樹,1:13.0,クビ,1-1,38.5,347.9,16,420(-10),01036,[東]高橋義博,851009,岡田牧雄,,,,,,,,,,,,"9,15-7(2,12)10(8,14)4(1,16)13,3(5,6)-11",1,1,0.0,False,"9,15,7,2(8,10,12)(3,4,14,1)(13,16)-6,5=11",1,1,0.0,False,2,連続開催の最終週で馬場は傷んできており、前週よりも時計の掛かる馬場。
201701020504,4,3歳未勝利,芝,1200,曇,良,11:25,2017-09-02,札幌,16,6,11,2014103478,ナイスメジャー,牡3,56,01141,中井裕二,1:16.2,大,16-16,39.3,306.2,15,488(-4),01031,[東]伊藤伸一,957030,鎌田博隆,,,,,,,,,,,,"9,15-7(2,12)10(8,14)4(1,16)13,3(5,6)-11",16,1,10.0,False,"9,15,7,2(8,10,12)(3,4,14,1)(13,16)-6,5=11",16,1,15.5,False,2,連続開催の最終週で馬場は傷んできており、前週よりも時計の掛かる馬場。
201701020505,5,2歳新馬,芝,1500,曇,良,12:15,2017-09-02,札幌,1,6,6,2015103210,スズカフェラリー,牝2,54,01014,福永祐一,1:32.9,,8-8-4,35.1,2.6,2,430(0),00362,[西]橋田満,382004,永井啓弍,700.0,,,,,,"(*2,8,9)(1,3,7,10)(5,6)-4",8,2,0.0,False,"(*2,8,9)(1,3,10)5(7,6)4",8,2,0.0,False,"2(3,8)(9,10,6)5-(1,7)-4",4,3,0.0,False,2,連続開催の最終週で馬場は傷んできており、前週よりも時計の掛かる馬場。
201701020505,5,2歳新馬,芝,1500,曇,良,12:15,2017-09-02,札幌,2,5,5,2015104675,アンブロジオ,牡2,54,01116,藤岡康太,1:33.5,3.1/2,8-7-7,35.8,12.2,4,448(0),01115,[東]菊沢隆徳,506800,シルクレーシング,280.0,,,,,,"(*2,8,9)(1,3,7,10)(5,6)-4",8,2,0.0,False,"(*2,8,9)(1,3,10)5(7,6)4",7,1,0.0,False,"2(3,8)(9,10,6)5-(1,7)-4",7,1,0.0,False,2,連続開催の最終週で馬場は傷んできており、前週よりも時計の掛かる馬場。
201701020505,5,2歳新馬,芝,1500,曇,良,12:15,2017-09-02,札幌,3,8,10,2015104325,サトノテラス,牡2,54,05339,ルメール,1:33.5,クビ,4-4-4,36.0,2.2,1,528(0),00386,[東]藤沢和雄,790031,里見治,180.0,,,,,,"(*2,8,9)(1,3,7,10)(5,6)-4",4,4,0.0,False,"(*2,8,9)(1,3,10)5(7,6)4",4,3,0.0,False,"2(3,8)(9,10,6)5-(1,7)-4",4,3,0.0,False,2,連続開催の最終週で馬場は傷んできており、前週よりも時計の掛かる馬場。
201701020505,5,2歳新馬,芝,1500,曇,良,12:15,2017-09-02,札幌,4,3,3,2015100130,ケイツーリラ,牝2,51,01170,横山武史,1:33.7,1.1/2,4-4-2,36.3,41.0,7,438(0),01026,[東]鈴木伸尋,103006,楠本勝美,110.0,,,,,,"(*2,8,9)(1,3,7,10)(5,6)-4",4,4,0.0,False,"(*2,8,9)(1,3,10)5(7,6)4",4,3,0.0,False,"2(3,8)(9,10,6)5-(1,7)-4",2,2,0.0,False,2,連続開催の最終週で馬場は傷んできており、前週よりも時計の掛かる馬場。
201701020505,5,2歳新馬,芝,1500,曇,良,12:15,2017-09-02,札幌,5,2,2,2015106291,クルーズヴォイス,牝2,54,01122,三浦皇成,1:34.4,4,1-1-1,37.3,19.8,6,426(0),01031,[東]伊藤伸一,694008,本間茂,70.0,,,,,,"(*2,8,9)(1,3,7,10)(5,6)-4",1,3,0.0,True,"(*2,8,9)(1,3,10)5(7,6)4",1,3,0.0,True,"2(3,8)(9,10,6)5-(1,7)-4",1,1,0.0,False,2,連続開催の最終週で馬場は傷んできており、前週よりも時計の掛かる馬場。
201701020505,5,2歳新馬,芝,1500,曇,良,12:15,2017-09-02,札幌,6,7,7,2015106199,ジョーダンドリーム,牝2,54,01095,吉田隼人,1:34.4,アタマ,4-8-8,36.5,15.6,5,398(0),01055,[西]藤原英昭,037803,廣崎利洋ＨＤ,,,,,,,"(*2,8,9)(1,3,7,10)(5,6)-4",4,4,0.0,False,"(*2,8,9)(1,3,10)5(7,6)4",8,2,0.0,False,"2(3,8)(9,10,6)5-(1,7)-4",8,2,3.5,False,2,連続開催の最終週で馬場は傷んできており、前週よりも時計の掛かる馬場。
201701020505,5,2歳新馬,芝,1500,曇,良,12:15,2017-09-02,札幌,7,7,8,2015100398,コスモダリア,牝2,54,00663,蛯名正義,1:34.5,1/2,2-2-2,37.3,9.0,3,422(0),00409,[東]二ノ宮敬,294002,田中由子,,,,,,,"(*2,8,9)(1,3,7,10)(5,6)-4",2,3,0.0,False,"(*2,8,9)(1,3,10)5(7,6)4",2,3,0.0,False,"2(3,8)(9,10,6)5-(1,7)-4",2,2,0.0,False,2,連続開催の最終週で馬場は傷んできており、前週よりも時計の掛かる馬場。
201701020505,5,2歳新馬,芝,1500,曇,良,12:15,2017-09-02,札幌,8,1,1,2015105613,ディーズフェイク,牝2,54,01025,勝浦正樹,1:34.7,1.1/4,4-4-8,37.2,46.1,8,468(0),00435,[東]藤原辰雄,970007,秋谷壽之,,,,,,,"(*2,8,9)(1,3,7,10)(5,6)-4",4,4,0.0,False,"(*2,8,9)(1,3,10)5(7,6)4",4,3,0.0,False,"2(3,8)(9,10,6)5-(1,7)-4",8,2,3.5,False,2,連続開催の最終週で馬場は傷んできており、前週よりも時計の掛かる馬場。
201701020505,5,2歳新馬,芝,1500,曇,良,12:15,2017-09-02,札幌,9,8,9,2015100148,ペイシャキャサリン,牝2,53,01153,木幡初也,1:34.8,1/2,2-2-4,37.6,102.7,10,432(0),01056,[東]本間忍,163002,北所直人,,,,,,,"(*2,8,9)(1,3,7,10)(5,6)-4",2,3,0.0,False,"(*2,8,9)(1,3,10)5(7,6)4",2,3,0.0,False,"2(3,8)(9,10,6)5-(1,7)-4",4,3,0.0,False,2,連続開催の最終週で馬場は傷んできており、前週よりも時計の掛かる馬場。
201701020505,5,2歳新馬,芝,1500,曇,良,12:15,2017-09-02,札幌,10,4,4,2015106049,アルマライル,牡2,54,01093,藤岡佑介,1:34.9,1/2,10-10-10,36.8,80.9,9,490(0),01109,[東]伊藤大士,095700,コウトミックレーシン...,,,,,,,"(*2,8,9)(1,3,7,10)(5,6)-4",10,1,3.5,False,"(*2,8,9)(1,3,10)5(7,6)4",10,1,0.0,False,"2(3,8)(9,10,6)5-(1,7)-4",10,1,7.0,False,2,連続開催の最終週で馬場は傷んできており、前週よりも時計の掛かる馬場。
201701020506,6,3歳以上500万下,ダ,1000,曇,良,12:45,2017-09-02,札幌,1,6,7,2014104002,ヤマニンアンプリメ,牝3,53,01124,国分恭介,0:58.7,,3-3,35.2,20.1,7,466(+14),00261,[西]中村均,329004,土井肇,750.0,,,,,,,,,,,"(*4,10)(3,9,7)(2,1,12)-5,11,6,8",3,3,0.0,False,"(*4,10)(9,7)3-(2,1,12)-5,11,6,8",3,2,0.0,False,-3,
201701020506,6,3歳以上500万下,ダ,1000,曇,良,12:45,2017-09-02,札幌,2,4,4,2013100991,モズワッショイ,牝4,55,01116,藤岡康太,0:58.8,1/2,1-1,35.5,6.2,4,412(+2),01113,[西]牧浦充徳,005803,キャピタル・システム,300.0,,,,,,,,,,,"(*4,10)(3,9,7)(2,1,12)-5,11,6,8",1,2,0.0,True,"(*4,10)(9,7)3-(2,1,12)-5,11,6,8",1,2,0.0,True,-3,
201701020506,6,3歳以上500万下,ダ,1000,曇,良,12:45,2017-09-02,札幌,3,3,3,2014101353,サンデュランゴ,牝3,50,01170,横山武史,0:58.8,クビ,3-5,35.3,4.2,3,476(+4),01131,[東]蛯名利弘,059803,加藤ステーブル,190.0,,,,,,,,,,,"(*4,10)(3,9,7)(2,1,12)-5,11,6,8",3,3,0.0,False,"(*4,10)(9,7)3-(2,1,12)-5,11,6,8",5,1,0.0,False,-3,
201701020506,6,3歳以上500万下,ダ,1000,曇,良,12:45,2017-09-02,札幌,4,7,9,2014104418,スズカグラーテ,牝3,53,01144,菱田裕二,0:58.9,クビ,3-3,35.4,2.8,1,446(+14),00380,[東]柄崎孝,382004,永井啓弍,110.0,,,,,,,,,,,"(*4,10)(3,9,7)(2,1,12)-5,11,6,8",3,3,0.0,False,"(*4,10)(9,7)3-(2,1,12)-5,11,6,8",3,2,0.0,False,-3,
201701020506,6,3歳以上500万下,ダ,1000,曇,良,12:45,2017-09-02,札幌,5,7,10,2013104593,ハイデンガールズ,牝4,55,01127,丸山元気,0:59.2,2,2-2,35.8,15.2,6,454(0),00423,[東]上原博之,321800,友駿ホースクラブ,75.0,,,,,,,,,,,"(*4,10)(3,9,7)(2,1,12)-5,11,6,8",2,2,0.0,False,"(*4,10)(9,7)3-(2,1,12)-5,11,6,8",2,2,0.0,False,-3,
201701020506,6,3歳以上500万下,ダ,1000,曇,良,12:45,2017-09-02,札幌,6,1,1,2014103509,プリモガナドール,牝3,53,01032,池添謙一,0:59.4,1.1/4,6-6,35.6,3.7,2,454(+2),01099,[西]本田優,616030,水谷昌晃,,,,,,,,,,,,"(*4,10)(3,9,7)(2,1,12)-5,11,6,8",6,3,0.0,False,"(*4,10)(9,7)3-(2,1,12)-5,11,6,8",6,3,3.5,False,-3,
201701020506,6,3歳以上500万下,ダ,1000,曇,良,12:45,2017-09-02,札幌,7,2,2,2013104168,ミスユー,牝4,55,01109,黛弘人,0:59.6,1.1/4,6-6,35.8,47.6,8,460(+6),00435,[東]藤原辰雄,367800,グランド牧場,,,,,,,,,,,,"(*4,10)(3,9,7)(2,1,12)-5,11,6,8",6,3,0.0,False,"(*4,10)(9,7)3-(2,1,12)-5,11,6,8",6,3,3.5,False,-3,
201701020506,6,3歳以上500万下,ダ,1000,曇,良,12:45,2017-09-02,札幌,8,8,11,2010105167,ボストンビリーヴ,牝7,54,01163,坂井瑠星,0:59.9,2,10-10,35.7,61.0,9,478(+2),00397,[西]岩元市三,320800,ボストンホース,,,,,,,,,,,,"(*4,10)(3,9,7)(2,1,12)-5,11,6,8",10,1,5.0,False,"(*4,10)(9,7)3-(2,1,12)-5,11,6,8",10,1,8.5,False,-3,
201701020506,6,3歳以上500万下,ダ,1000,曇,良,12:45,2017-09-02,札幌,9,5,6,2013100062,ココロノキャンバス,牝4,54,01151,井上敏樹,1:00.1,1,11-11,35.7,289.1,12,410(+16),00428,[東]石毛善彦,855030,田頭勇貴,,,,,,,,,,,,"(*4,10)(3,9,7)(2,1,12)-5,11,6,8",11,1,6.5,False,"(*4,10)(9,7)3-(2,1,12)-5,11,6,8",11,1,10.0,False,-3,
201701020506,6,3歳以上500万下,ダ,1000,曇,良,12:45,2017-09-02,札幌,10,8,12,2014102639,ラガーユミリン,牝3,52,01147,城戸義政,1:00.3,1.1/4,6-6,36.5,14.1,5,452(+2),01021,[西]池添兼雄,263005,奥村啓二,,,,,,,,,,,,"(*4,10)(3,9,7)(2,1,12)-5,11,6,8",6,3,0.0,False,"(*4,10)(9,7)3-(2,1,12)-5,11,6,8",6,3,3.5,False,-3,
201701020506,6,3歳以上500万下,ダ,1000,曇,良,12:45,2017-09-02,札幌,11,6,8,2011105627,トウカイマインド,牝6,55,01140,横山和生,1:00.5,3/4,12-12,36.0,264.7,11,464(0),01063,[東]的場均,695004,内村正則,,,,,,,,,,,,"(*4,10)(3,9,7)(2,1,12)-5,11,6,8",12,1,8.0,False,"(*4,10)(9,7)3-(2,1,12)-5,11,6,8",12,1,11.5,False,-3,
201701020506,6,3歳以上500万下,ダ,1000,曇,良,12:45,2017-09-02,札幌,12,5,5,2013105630,ロイヤルフレア,牝4,55,01009,柴田大知,1:00.6,3/4,9-9,36.5,134.4,10,444(-2),01132,[東]金成貴史,140033,片山晃,,,,,,,,,,,,"(*4,10)(3,9,7)(2,1,12)-5,11,6,8",9,1,3.5,False,"(*4,10)(9,7)3-(2,1,12)-5,11,6,8",9,1,7.0,False,-3,
201701020507,7,3歳以上500万下,ダ,1700,曇,良,13:15,2017-09-02,札幌,1,3,3,2013100655,セイカエドミザカ,牡4,57,05339,ルメール,1:45.7,,5-5-5-2,37.3,5.1,3,488(+6),01020,[東]相沢郁,284008,久米大,750.0,"(*4,6)(5,9)(3,13)(1,10,11)14(2,8)12-7",5,2,0.0,False,"(*4,6)-(5,9)(3,13)(1,11,14)(2,10)8-12-7",5,2,3.5,False,"(*4,6)(5,9)3,13,1(11,14)2,8(12,10)-7",5,1,0.0,False,"6(4,5,9,3)(1,13)-11,14(2,8)(12,10)-7",2,4,0.0,False,-3,
201701020507,7,3歳以上500万下,ダ,1700,曇,良,13:15,2017-09-02,札幌,2,4,6,2014104753,シンコーマーチャン,牡3,54,01127,丸山元気,1:45.9,1.1/2,2-2-2-1,38.0,7.2,4,482(+2),00417,[東]土田稔,982006,豊原正嗣,300.0,"(*4,6)(5,9)(3,13)(1,10,11)14(2,8)12-7",2,2,0.0,False,"(*4,6)-(5,9)(3,13)(1,11,14)(2,10)8-12-7",2,2,0.0,False,"(*4,6)(5,9)3,13,1(11,14)2,8(12,10)-7",2,2,0.0,False,"6(4,5,9,3)(1,13)-11,14(2,8)(12,10)-7",1,1,0.0,False,-3,
201701020507,7,3歳以上500万下,ダ,1700,曇,良,13:15,2017-09-02,札幌,3,4,5,2013101765,マコトシャムロック,牡4,57,05203,岩田康誠,1:46.2,1.3/4,3-3-3-2,38.1,2.7,1,496(+8),01011,[西]松田国英,864800,ディアマント,190.0,"(*4,6)(5,9)(3,13)(1,10,11)14(2,8)12-7",3,2,0.0,False,"(*4,6)-(5,9)(3,13)(1,11,14)(2,10)8-12-7",3,2,3.5,False,"(*4,6)(5,9)3,13,1(11,14)2,8(12,10)-7",3,2,0.0,False,"6(4,5,9,3)(1,13)-11,14(2,8)(12,10)-7",2,4,0.0,False,-3,
201701020507,7,3歳以上500万下,ダ,1700,曇,良,13:15,2017-09-02,札幌,4,1,1,2013100258,ドラゴンイモン,牡4,56,01153,木幡初也,1:46.2,クビ,7-7-7-6,37.5,14.3,6,474(0),00405,[東]小西一男,605009,井門敏雄,110.0,"(*4,6)(5,9)(3,13)(1,10,11)14(2,8)12-7",7,3,0.0,False,"(*4,6)-(5,9)(3,13)(1,11,14)(2,10)8-12-7",7,3,3.5,False,"(*4,6)(5,9)3,13,1(11,14)2,8(12,10)-7",7,1,3.0,False,"6(4,5,9,3)(1,13)-11,14(2,8)(12,10)-7",6,2,0.0,False,-3,
201701020507,7,3歳以上500万下,ダ,1700,曇,良,13:15,2017-09-02,札幌,5,8,13,2014106104,オクラホマ,牡3,54,01014,福永祐一,1:46.6,2.1/2,5-5-6-6,38.1,4.8,2,506(+12),01022,[西]石坂正,431002,馬場幸夫,75.0,"(*4,6)(5,9)(3,13)(1,10,11)14(2,8)12-7",5,2,0.0,False,"(*4,6)-(5,9)(3,13)(1,11,14)(2,10)8-12-7",5,2,3.5,False,"(*4,6)(5,9)3,13,1(11,14)2,8(12,10)-7",6,1,1.5,False,"6(4,5,9,3)(1,13)-11,14(2,8)(12,10)-7",6,2,0.0,False,-3,
201701020507,7,3歳以上500万下,ダ,1700,曇,良,13:15,2017-09-02,札幌,6,2,2,2013102819,メイショウカマクラ,牡4,57,01015,古川吉洋,1:47.2,3.1/2,11-10-10-10,38.2,19.5,7,528(-2),00378,[西]沖芳夫,523005,松本好雄,,"(*4,6)(5,9)(3,13)(1,10,11)14(2,8)12-7",11,2,0.0,False,"(*4,6)-(5,9)(3,13)(1,11,14)(2,10)8-12-7",10,2,3.5,False,"(*4,6)(5,9)3,13,1(11,14)2,8(12,10)-7",10,1,3.0,False,"6(4,5,9,3)(1,13)-11,14(2,8)(12,10)-7",10,2,5.0,False,-3,
201701020507,7,3歳以上500万下,ダ,1700,曇,良,13:15,2017-09-02,札幌,7,7,11,2013102133,クラウンロマン,牝4,55,01140,横山和生,1:47.5,2,7-7-8-8,38.6,37.0,10,456(0),01125,[東]小野次郎,251033,矢野まり子,,"(*4,6)(5,9)(3,13)(1,10,11)14(2,8)12-7",7,3,0.0,False,"(*4,6)-(5,9)(3,13)(1,11,14)(2,10)8-12-7",7,3,3.5,False,"(*4,6)(5,9)3,13,1(11,14)2,8(12,10)-7",8,2,3.0,False,"6(4,5,9,3)(1,13)-11,14(2,8)(12,10)-7",8,1,3.5,False,-3,
201701020507,7,3歳以上500万下,ダ,1700,曇,良,13:15,2017-09-02,札幌,8,5,8,2013100215,ヴィレッジダンサー,牝4,55,01025,勝浦正樹,1:47.5,ハナ,11-12-11-10,38.3,12.3,5,486(+8),01109,[東]伊藤大士,935800,木村牧場,,"(*4,6)(5,9)(3,13)(1,10,11)14(2,8)12-7",11,2,0.0,False,"(*4,6)-(5,9)(3,13)(1,11,14)(2,10)8-12-7",12,1,3.5,False,"(*4,6)(5,9)3,13,1(11,14)2,8(12,10)-7",11,1,4.5,False,"6(4,5,9,3)(1,13)-11,14(2,8)(12,10)-7",10,2,5.0,False,-3,
201701020507,7,3歳以上500万下,ダ,1700,曇,良,13:15,2017-09-02,札幌,9,5,7,2014103590,シルヴァーメテオ,牡3,53,01163,坂井瑠星,1:47.7,1.1/4,14-14-14-14,37.6,79.7,11,478(+8),01048,[東]畠山吉宏,542800,ライオンレースホース,,"(*4,6)(5,9)(3,13)(1,10,11)14(2,8)12-7",14,1,3.5,False,"(*4,6)-(5,9)(3,13)(1,11,14)(2,10)8-12-7",14,1,10.5,False,"(*4,6)(5,9)3,13,1(11,14)2,8(12,10)-7",14,1,8.0,False,"6(4,5,9,3)(1,13)-11,14(2,8)(12,10)-7",14,1,8.5,False,-3,
201701020507,7,3歳以上500万下,ダ,1700,曇,良,13:15,2017-09-02,札幌,10,8,14,2010100109,サンレイフローラ,牝7,54,01151,井上敏樹,1:47.9,1.1/4,10-7-8-9,39.0,189.6,14,454(-2),00434,[西]西橋豊治,979033,永井宏明,,"(*4,6)(5,9)(3,13)(1,10,11)14(2,8)12-7",10,1,0.0,False,"(*4,6)-(5,9)(3,13)(1,11,14)(2,10)8-12-7",7,3,3.5,False,"(*4,6)(5,9)3,13,1(11,14)2,8(12,10)-7",8,2,3.0,False,"6(4,5,9,3)(1,13)-11,14(2,8)(12,10)-7",9,1,5.0,False,-3,
201701020507,7,3歳以上500万下,ダ,1700,曇,良,13:15,2017-09-02,札幌,11,6,10,2014103980,クリノゼノビア,牝3,52,01144,菱田裕二,1:48.0,クビ,7-10-12-12,38.6,105.0,13,420(+6),01009,[西]田所秀孝,970006,栗本博晴,,"(*4,6)(5,9)(3,13)(1,10,11)14(2,8)12-7",7,3,0.0,False,"(*4,6)-(5,9)(3,13)(1,11,14)(2,10)8-12-7",10,2,3.5,False,"(*4,6)(5,9)3,13,1(11,14)2,8(12,10)-7",12,2,4.5,False,"6(4,5,9,3)(1,13)-11,14(2,8)(12,10)-7",12,2,5.0,False,-3,
201701020507,7,3歳以上500万下,ダ,1700,曇,良,13:15,2017-09-02,札幌,12,6,9,2014105183,リトルプリンス,牡3,51,01170,横山武史,1:48.0,クビ,3-3-3-2,39.9,101.4,12,498(-4),00388,[西]山内研二,694008,本間茂,,"(*4,6)(5,9)(3,13)(1,10,11)14(2,8)12-7",3,2,0.0,False,"(*4,6)-(5,9)(3,13)(1,11,14)(2,10)8-12-7",3,2,3.5,False,"(*4,6)(5,9)3,13,1(11,14)2,8(12,10)-7",3,2,0.0,False,"6(4,5,9,3)(1,13)-11,14(2,8)(12,10)-7",2,4,0.0,False,-3,
201701020507,7,3歳以上500万下,ダ,1700,曇,良,13:15,2017-09-02,札幌,13,7,12,2013102105,ゴッドカリビアン,牝4,55,01093,藤岡佑介,1:48.1,1/2,13-13-12-12,38.7,19.7,8,448(-4),01121,[西]角田晃一,998007,中西憲治,,"(*4,6)(5,9)(3,13)(1,10,11)14(2,8)12-7",13,1,0.0,False,"(*4,6)-(5,9)(3,13)(1,11,14)(2,10)8-12-7",13,1,7.0,False,"(*4,6)(5,9)3,13,1(11,14)2,8(12,10)-7",12,2,4.5,False,"6(4,5,9,3)(1,13)-11,14(2,8)(12,10)-7",12,2,5.0,False,-3,
201701020507,7,3歳以上500万下,ダ,1700,曇,良,13:15,2017-09-02,札幌,14,3,4,2014102613,メイショウラクエン,牡3,53,01147,城戸義政,1:49.1,6,1-1-1-2,41.2,30.2,9,452(+6),01021,[西]池添兼雄,523005,松本好雄,,"(*4,6)(5,9)(3,13)(1,10,11)14(2,8)12-7",1,2,0.0,True,"(*4,6)-(5,9)(3,13)(1,11,14)(2,10)8-12-7",1,2,0.0,True,"(*4,6)(5,9)3,13,1(11,14)2,8(12,10)-7",1,2,0.0,True,"6(4,5,9,3)(1,13)-11,14(2,8)(12,10)-7",2,4,0.0,False,-3,
201701020508,8,3歳以上500万下,芝,2000,曇,良,13:45,2017-09-02,札幌,1,4,7,2013105214,エルリストン,セ4,57,01014,福永祐一,2:02.5,,9-10-10-2,36.0,15.6,7,474(+6),01154,[西]橋口慎介,808800,Ｇ１レーシング,750.0,"10(11,13)(1,5)9,16,8(3,7)2,14,6,15,12,4",9,2,3.0,False,"10,11(1,13)(5,9)(3,8,16)(2,7)14-(12,6,15)4",10,2,1.5,False,"10(11,5,13,4)16(1,8,9)(3,2,7)(12,14,15)-6",10,3,0.0,False,"16(10,11,5,7)(3,8,9,15)(4,2)(13,14)12(1,6)",2,4,0.0,False,2,連続開催の最終週で馬場は傷んできており、前週よりも時計の掛かる馬場。
201701020508,8,3歳以上500万下,芝,2000,曇,良,13:45,2017-09-02,札幌,2,5,9,2013100597,ルナーランダー,牡4,57,05339,ルメール,2:02.8,1.3/4,6-5-7-6,36.5,3.9,1,498(0),01066,[西]岡田稲男,003060,Ｈ．Ｈ．シェイク・モ...,300.0,"10(11,13)(1,5)9,16,8(3,7)2,14,6,15,12,4",6,1,0.0,False,"10,11(1,13)(5,9)(3,8,16)(2,7)14-(12,6,15)4",5,2,1.5,False,"10(11,5,13,4)16(1,8,9)(3,2,7)(12,14,15)-6",7,3,0.0,False,"16(10,11,5,7)(3,8,9,15)(4,2)(13,14)12(1,6)",6,4,0.0,False,2,連続開催の最終週で馬場は傷んできており、前週よりも時計の掛かる馬場。
201701020508,8,3歳以上500万下,芝,2000,曇,良,13:45,2017-09-02,札幌,3,8,16,2014105748,グレンマクナス,牡3,54,01095,吉田隼人,2:02.9,3/4,7-7-6-1,36.7,6.5,3,508(+10),01062,[西]藤岡健一,415800,社台レースホース,190.0,"10(11,13)(1,5)9,16,8(3,7)2,14,6,15,12,4",7,1,1.5,False,"10,11(1,13)(5,9)(3,8,16)(2,7)14-(12,6,15)4",7,3,1.5,False,"10(11,5,13,4)16(1,8,9)(3,2,7)(12,14,15)-6",6,1,0.0,False,"16(10,11,5,7)(3,8,9,15)(4,2)(13,14)12(1,6)",1,1,0.0,False,2,連続開催の最終週で馬場は傷んできており、前週よりも時計の掛かる馬場。
201701020508,8,3歳以上500万下,芝,2000,曇,良,13:45,2017-09-02,札幌,4,8,15,2011104013,アドマイヤアロマ,牝6,55,01093,藤岡佑介,2:03.2,2,14-13-13-6,36.4,76.9,14,468(+18),01069,[西]中尾秀正,398002,近藤利一,110.0,"10(11,13)(1,5)9,16,8(3,7)2,14,6,15,12,4",14,1,7.5,False,"10,11(1,13)(5,9)(3,8,16)(2,7)14-(12,6,15)4",13,3,5.0,False,"10(11,5,13,4)16(1,8,9)(3,2,7)(12,14,15)-6",13,3,0.0,False,"16(10,11,5,7)(3,8,9,15)(4,2)(13,14)12(1,6)",6,4,0.0,False,2,連続開催の最終週で馬場は傷んできており、前週よりも時計の掛かる馬場。
201701020508,8,3歳以上500万下,芝,2000,曇,良,13:45,2017-09-02,札幌,5,4,8,2012103146,ゴージャスガール,牝5,55,01116,藤岡康太,2:03.4,1.1/2,8-7-7-6,37.1,10.2,5,454(+2),01102,[東]大竹正博,994002,飯田正剛,75.0,"10(11,13)(1,5)9,16,8(3,7)2,14,6,15,12,4",8,1,3.0,False,"10,11(1,13)(5,9)(3,8,16)(2,7)14-(12,6,15)4",7,3,1.5,False,"10(11,5,13,4)16(1,8,9)(3,2,7)(12,14,15)-6",7,3,0.0,False,"16(10,11,5,7)(3,8,9,15)(4,2)(13,14)12(1,6)",6,4,0.0,False,2,連続開催の最終週で馬場は傷んできており、前週よりも時計の掛かる馬場。
201701020508,8,3歳以上500万下,芝,2000,曇,良,13:45,2017-09-02,札幌,6,1,2,2012104832,レレオーネ,牡5,57,00663,蛯名正義,2:03.5,クビ,11-10-10-10,37.0,39.8,11,482(-8),01101,[西]吉田直弘,486800,キャロットファーム,,"10(11,13)(1,5)9,16,8(3,7)2,14,6,15,12,4",11,1,3.0,False,"10,11(1,13)(5,9)(3,8,16)(2,7)14-(12,6,15)4",10,2,1.5,False,"10(11,5,13,4)16(1,8,9)(3,2,7)(12,14,15)-6",10,3,0.0,False,"16(10,11,5,7)(3,8,9,15)(4,2)(13,14)12(1,6)",10,2,0.0,False,2,連続開催の最終週で馬場は傷んできており、前週よりも時計の掛かる馬場。
201701020508,8,3歳以上500万下,芝,2000,曇,良,13:45,2017-09-02,札幌,7,2,3,2013100206,ウインドオブホープ,セ4,56,01153,木幡初也,2:03.9,2.1/2,9-7-10-6,37.4,70.4,13,524(+4),01097,[東]鹿戸雄一,935800,木村牧場,,"10(11,13)(1,5)9,16,8(3,7)2,14,6,15,12,4",9,2,3.0,False,"10,11(1,13)(5,9)(3,8,16)(2,7)14-(12,6,15)4",7,3,1.5,False,"10(11,5,13,4)16(1,8,9)(3,2,7)(12,14,15)-6",10,3,0.0,False,"16(10,11,5,7)(3,8,9,15)(4,2)(13,14)12(1,6)",6,4,0.0,False,2,連続開催の最終週で馬場は傷んできており、前週よりも時計の掛かる馬場。
201701020508,8,3歳以上500万下,芝,2000,曇,良,13:45,2017-09-02,札幌,8,7,14,2012104872,アドマイヤガスト,牡5,57,01127,丸山元気,2:04.4,3,12-12-13-12,37.5,148.6,16,522(-12),00423,[東]上原博之,398002,近藤利一,,"10(11,13)(1,5)9,16,8(3,7)2,14,6,15,12,4",12,1,4.5,False,"10,11(1,13)(5,9)(3,8,16)(2,7)14-(12,6,15)4",12,1,1.5,False,"10(11,5,13,4)16(1,8,9)(3,2,7)(12,14,15)-6",13,3,0.0,False,"16(10,11,5,7)(3,8,9,15)(4,2)(13,14)12(1,6)",12,2,0.0,False,2,連続開催の最終週で馬場は傷んできており、前週よりも時計の掛かる馬場。
201701020508,8,3歳以上500万下,芝,2000,曇,良,13:45,2017-09-02,札幌,9,6,12,2014104506,ナンヨープルートー,牡3,54,05203,岩田康誠,2:04.7,1.3/4,15-13-13-14,37.8,11.5,6,514(+10),01092,[西]松永幹夫,512031,中村徳也,,"10(11,13)(1,5)9,16,8(3,7)2,14,6,15,12,4",15,1,9.0,False,"10,11(1,13)(5,9)(3,8,16)(2,7)14-(12,6,15)4",13,3,5.0,False,"10(11,5,13,4)16(1,8,9)(3,2,7)(12,14,15)-6",13,3,0.0,False,"16(10,11,5,7)(3,8,9,15)(4,2)(13,14)12(1,6)",14,1,0.0,False,2,連続開催の最終週で馬場は傷んできており、前週よりも時計の掛かる馬場。
201701020508,8,3歳以上500万下,芝,2000,曇,良,13:45,2017-09-02,札幌,10,3,6,2014102468,スウィフトハート,牡3,54,00837,井上俊彦,2:04.9,3/4,13-13-16-15,37.5,125.9,15,478(-4),05111,[地]林和弘,857033,平井ひろみ,,"10(11,13)(1,5)9,16,8(3,7)2,14,6,15,12,4",13,1,6.0,False,"10,11(1,13)(5,9)(3,8,16)(2,7)14-(12,6,15)4",13,3,5.0,False,"10(11,5,13,4)16(1,8,9)(3,2,7)(12,14,15)-6",16,1,3.5,False,"16(10,11,5,7)(3,8,9,15)(4,2)(13,14)12(1,6)",15,2,0.0,False,2,連続開催の最終週で馬場は傷んできており、前週よりも時計の掛かる馬場。
201701020508,8,3歳以上500万下,芝,2000,曇,良,13:45,2017-09-02,札幌,11,2,4,2013101946,マイネルクラフト,牡4,57,01009,柴田大知,2:05.2,1.3/4,16-16-2-10,39.2,7.0,4,486(-2),01051,[東]岩戸孝樹,546800,サラブレッドクラブ・...,,"10(11,13)(1,5)9,16,8(3,7)2,14,6,15,12,4",16,1,10.5,False,"10,11(1,13)(5,9)(3,8,16)(2,7)14-(12,6,15)4",16,1,5.0,False,"10(11,5,13,4)16(1,8,9)(3,2,7)(12,14,15)-6",2,4,0.0,False,"16(10,11,5,7)(3,8,9,15)(4,2)(13,14)12(1,6)",10,2,0.0,False,2,連続開催の最終週で馬場は傷んできており、前週よりも時計の掛かる馬場。
201701020508,8,3歳以上500万下,芝,2000,曇,良,13:45,2017-09-02,札幌,12,5,10,2014105213,スカイロックゲート,牡3,54,05389,岩橋勇二,2:05.2,クビ,1-1-1-2,39.3,51.6,12,488(-4),05630,[地]田中淳司,362800,下河辺牧場,,"10(11,13)(1,5)9,16,8(3,7)2,14,6,15,12,4",1,1,0.0,False,"10,11(1,13)(5,9)(3,8,16)(2,7)14-(12,6,15)4",1,1,0.0,False,"10(11,5,13,4)16(1,8,9)(3,2,7)(12,14,15)-6",1,1,0.0,False,"16(10,11,5,7)(3,8,9,15)(4,2)(13,14)12(1,6)",2,4,0.0,False,2,連続開催の最終週で馬場は傷んできており、前週よりも時計の掛かる馬場。
201701020508,8,3歳以上500万下,芝,2000,曇,良,13:45,2017-09-02,札幌,13,3,5,2014105389,ドロウアカード,牝3,52,00700,四位洋文,2:05.3,1/2,4-5-2-2,39.3,4.2,2,454(+6),01121,[西]角田晃一,808800,Ｇ１レーシング,,"10(11,13)(1,5)9,16,8(3,7)2,14,6,15,12,4",4,2,0.0,False,"10,11(1,13)(5,9)(3,8,16)(2,7)14-(12,6,15)4",5,2,1.5,False,"10(11,5,13,4)16(1,8,9)(3,2,7)(12,14,15)-6",2,4,0.0,False,"16(10,11,5,7)(3,8,9,15)(4,2)(13,14)12(1,6)",2,4,0.0,False,2,連続開催の最終週で馬場は傷んできており、前週よりも時計の掛かる馬場。
201701020508,8,3歳以上500万下,芝,2000,曇,良,13:45,2017-09-02,札幌,14,6,11,2014100726,マイネルズイーガー,牡3,54,01109,黛弘人,2:05.3,ハナ,2-2-2-2,39.3,22.5,9,508(0),00399,[東]国枝栄,546800,サラブレッドクラブ・...,,"10(11,13)(1,5)9,16,8(3,7)2,14,6,15,12,4",2,2,0.0,False,"10,11(1,13)(5,9)(3,8,16)(2,7)14-(12,6,15)4",2,1,1.5,False,"10(11,5,13,4)16(1,8,9)(3,2,7)(12,14,15)-6",2,4,0.0,False,"16(10,11,5,7)(3,8,9,15)(4,2)(13,14)12(1,6)",2,4,0.0,False,2,連続開催の最終週で馬場は傷んできており、前週よりも時計の掛かる馬場。
201701020508,8,3歳以上500万下,芝,2000,曇,良,13:45,2017-09-02,札幌,15,7,13,2014104111,コールストーム,牡3,54,01122,三浦皇成,2:06.4,7,2-3-2-12,40.4,17.0,8,490(0),01111,[西]鈴木孝志,788800,ノースヒルズ,,"10(11,13)(1,5)9,16,8(3,7)2,14,6,15,12,4",2,2,0.0,False,"10,11(1,13)(5,9)(3,8,16)(2,7)14-(12,6,15)4",3,2,1.5,False,"10(11,5,13,4)16(1,8,9)(3,2,7)(12,14,15)-6",2,4,0.0,False,"16(10,11,5,7)(3,8,9,15)(4,2)(13,14)12(1,6)",12,2,0.0,False,2,連続開催の最終週で馬場は傷んできており、前週よりも時計の掛かる馬場。
201701020508,8,3歳以上500万下,芝,2000,曇,良,13:45,2017-09-02,札幌,16,1,1,2014105117,トモジャヴァリ,牡3,54,01025,勝浦正樹,2:07.6,7,4-3-7-15,41.3,32.6,10,456(+12),01026,[東]鈴木伸尋,905033,吉冨学,,"10(11,13)(1,5)9,16,8(3,7)2,14,6,15,12,4",4,2,0.0,False,"10,11(1,13)(5,9)(3,8,16)(2,7)14-(12,6,15)4",3,2,1.5,False,"10(11,5,13,4)16(1,8,9)(3,2,7)(12,14,15)-6",7,3,0.0,False,"16(10,11,5,7)(3,8,9,15)(4,2)(13,14)12(1,6)",15,2,0.0,False,2,連続開催の最終週で馬場は傷んできており、前週よりも時計の掛かる馬場。
201701020509,9,3歳以上500万下,ダ,1700,曇,良,14:15,2017-09-02,札幌,1,3,3,2014110077,ストロボスコープ,牡3,54,05339,ルメール,1:45.7,,2-3-3-2,38.7,1.5,1,470(-6),00386,[東]藤沢和雄,003060,Ｈ．Ｈ．シェイク・モ...,750.0,"14-(3,6)-1-(8,9)-(10,11)4,13-(7,12)-5,2",2,2,3.5,False,"14-6-3,1(8,9)(4,10)11-13-7,12-(5,2)",3,1,7.0,False,"14=6-(3,9)(1,8,10)4,11(5,13)2-(7,12)",3,2,9.5,False,"14,3,9(6,8,10)(1,4)(2,11)(5,13)-(7,12)",2,1,1.5,False,-3,
201701020509,9,3歳以上500万下,ダ,1700,曇,良,14:15,2017-09-02,札幌,2,3,4,2011104443,アンリキャトル,セ6,57,01095,吉田隼人,1:46.0,2,9-7-8-7,38.4,41.6,9,446(-14),01079,[東]古賀慎明,338007,村野康司,300.0,"14-(3,6)-1-(8,9)-(10,11)4,13-(7,12)-5,2",9,1,14.0,False,"14-6-3,1(8,9)(4,10)11-13-7,12-(5,2)",7,2,8.5,False,"14=6-(3,9)(1,8,10)4,11(5,13)2-(7,12)",8,1,9.5,False,"14,3,9(6,8,10)(1,4)(2,11)(5,13)-(7,12)",7,2,3.0,False,-3,
201701020509,9,3歳以上500万下,ダ,1700,曇,良,14:15,2017-09-02,札幌,3,6,9,2014101710,スプリングフット,牡3,53,01151,井上敏樹,1:46.0,ハナ,5-5-3-3,39.0,8.4,2,488(-4),01005,[東]小桧山悟,270006,島川隆哉,190.0,"14-(3,6)-1-(8,9)-(10,11)4,13-(7,12)-5,2",5,2,10.5,False,"14-6-3,1(8,9)(4,10)11-13-7,12-(5,2)",5,2,8.5,False,"14=6-(3,9)(1,8,10)4,11(5,13)2-(7,12)",3,2,9.5,False,"14,3,9(6,8,10)(1,4)(2,11)(5,13)-(7,12)",3,1,3.0,False,-3,
201701020509,9,3歳以上500万下,ダ,1700,曇,良,14:15,2017-09-02,札幌,4,6,10,2014102666,アシャカリブラ,牡3,54,05534,石川倭,1:46.1,クビ,7-7-5-4,38.8,11.8,5,516(+6),01151,[西]斉藤崇史,905033,吉冨学,110.0,"14-(3,6)-1-(8,9)-(10,11)4,13-(7,12)-5,2",7,2,14.0,False,"14-6-3,1(8,9)(4,10)11-13-7,12-(5,2)",7,2,8.5,False,"14=6-(3,9)(1,8,10)4,11(5,13)2-(7,12)",5,3,9.5,False,"14,3,9(6,8,10)(1,4)(2,11)(5,13)-(7,12)",4,3,3.0,False,-3,
201701020509,9,3歳以上500万下,ダ,1700,曇,良,14:15,2017-09-02,札幌,5,5,8,2014101707,セレニティフレア,牝3,52,01140,横山和生,1:46.4,2,5-5-5-4,39.1,69.6,10,446(+6),00417,[東]土田稔,270006,島川隆哉,75.0,"14-(3,6)-1-(8,9)-(10,11)4,13-(7,12)-5,2",5,2,10.5,False,"14-6-3,1(8,9)(4,10)11-13-7,12-(5,2)",5,2,8.5,False,"14=6-(3,9)(1,8,10)4,11(5,13)2-(7,12)",5,3,9.5,False,"14,3,9(6,8,10)(1,4)(2,11)(5,13)-(7,12)",4,3,3.0,False,-3,
201701020509,9,3歳以上500万下,ダ,1700,曇,良,14:15,2017-09-02,札幌,6,7,11,2012102849,メイショウナゴミ,牝5,54,01163,坂井瑠星,1:46.8,2.1/2,7-9-9-9,39.1,20.0,6,450(+6),01049,[西]南井克巳,911008,松本好隆,,"14-(3,6)-1-(8,9)-(10,11)4,13-(7,12)-5,2",7,2,14.0,False,"14-6-3,1(8,9)(4,10)11-13-7,12-(5,2)",9,1,8.5,False,"14=6-(3,9)(1,8,10)4,11(5,13)2-(7,12)",9,1,11.0,False,"14,3,9(6,8,10)(1,4)(2,11)(5,13)-(7,12)",9,2,3.0,False,-3,
201701020509,9,3歳以上500万下,ダ,1700,曇,良,14:15,2017-09-02,札幌,7,2,2,2014110017,ホワイトドラゴン,牡3,54,01116,藤岡康太,1:46.9,3/4,14-13-12-9,38.9,9.9,4,510(0),01046,[西]鮫島一歩,514008,窪田康志,,"14-(3,6)-1-(8,9)-(10,11)4,13-(7,12)-5,2",14,1,24.0,False,"14-6-3,1(8,9)(4,10)11-13-7,12-(5,2)",13,2,20.5,False,"14=6-(3,9)(1,8,10)4,11(5,13)2-(7,12)",12,1,11.0,False,"14,3,9(6,8,10)(1,4)(2,11)(5,13)-(7,12)",9,2,3.0,False,-3,
201701020509,9,3歳以上500万下,ダ,1700,曇,良,14:15,2017-09-02,札幌,8,4,5,2012102542,カゼノドリーム,牡5,57,00663,蛯名正義,1:47.2,2,13-13-10-11,39.3,151.5,12,448(-4),01010,[東]中野栄治,186006,深井孟,,"14-(3,6)-1-(8,9)-(10,11)4,13-(7,12)-5,2",13,1,22.5,False,"14-6-3,1(8,9)(4,10)11-13-7,12-(5,2)",13,2,20.5,False,"14=6-(3,9)(1,8,10)4,11(5,13)2-(7,12)",10,2,11.0,False,"14,3,9(6,8,10)(1,4)(2,11)(5,13)-(7,12)",11,2,3.0,False,-3,
201701020509,9,3歳以上500万下,ダ,1700,曇,良,14:15,2017-09-02,札幌,9,1,1,2014102258,キンイロジャッカル,牡3,54,05203,岩田康誠,1:47.4,1.1/4,4-4-5-7,40.1,9.3,3,504(+4),01020,[東]相沢郁,812008,石瀬浩三,,"14-(3,6)-1-(8,9)-(10,11)4,13-(7,12)-5,2",4,1,7.0,False,"14-6-3,1(8,9)(4,10)11-13-7,12-(5,2)",4,1,8.5,False,"14=6-(3,9)(1,8,10)4,11(5,13)2-(7,12)",5,3,9.5,False,"14,3,9(6,8,10)(1,4)(2,11)(5,13)-(7,12)",7,2,3.0,False,-3,
201701020509,9,3歳以上500万下,ダ,1700,曇,良,14:15,2017-09-02,札幌,10,7,12,2014102038,マスラオ,牡3,53,01153,木幡初也,1:47.7,2,11-12-13-13,39.4,31.0,7,442(+2),01132,[東]金成貴史,098803,Ｇリビエール・レーシ...,,"14-(3,6)-1-(8,9)-(10,11)4,13-(7,12)-5,2",11,2,19.0,False,"14-6-3,1(8,9)(4,10)11-13-7,12-(5,2)",12,1,17.0,False,"14=6-(3,9)(1,8,10)4,11(5,13)2-(7,12)",13,2,14.5,False,"14,3,9(6,8,10)(1,4)(2,11)(5,13)-(7,12)",13,2,6.5,False,-3,
201701020509,9,3歳以上500万下,ダ,1700,曇,良,14:15,2017-09-02,札幌,11,8,13,2014101763,ショーカノン,牝3,49,01170,横山武史,1:47.8,1/2,10-10-10-11,39.9,31.9,8,508(+8),01026,[東]鈴木伸尋,905033,吉冨学,,"14-(3,6)-1-(8,9)-(10,11)4,13-(7,12)-5,2",10,1,15.5,False,"14-6-3,1(8,9)(4,10)11-13-7,12-(5,2)",10,1,12.0,False,"14=6-(3,9)(1,8,10)4,11(5,13)2-(7,12)",10,2,11.0,False,"14,3,9(6,8,10)(1,4)(2,11)(5,13)-(7,12)",11,2,3.0,False,-3,
201701020509,9,3歳以上500万下,ダ,1700,曇,良,14:15,2017-09-02,札幌,12,4,6,2013104911,ジュアンマリエ,牝4,55,01143,原田和真,1:47.8,アタマ,2-2-2-4,41.1,143.2,11,444(+2),00390,[東]池上昌弘,547800,ヒダカ・ブリーダーズ...,,"14-(3,6)-1-(8,9)-(10,11)4,13-(7,12)-5,2",2,2,3.5,False,"14-6-3,1(8,9)(4,10)11-13-7,12-(5,2)",2,1,3.5,False,"14=6-(3,9)(1,8,10)4,11(5,13)2-(7,12)",2,1,6.0,False,"14,3,9(6,8,10)(1,4)(2,11)(5,13)-(7,12)",4,3,3.0,False,-3,
201701020509,9,3歳以上500万下,ダ,1700,曇,良,14:15,2017-09-02,札幌,13,8,14,2014104468,ブルーヘヴン,牝3,52,01109,黛弘人,1:48.3,3,1-1-1-1,42.7,176.6,13,496(-4),01023,[東]伊藤圭三,547800,ヒダカ・ブリーダーズ...,,"14-(3,6)-1-(8,9)-(10,11)4,13-(7,12)-5,2",1,1,0.0,False,"14-6-3,1(8,9)(4,10)11-13-7,12-(5,2)",1,1,0.0,False,"14=6-(3,9)(1,8,10)4,11(5,13)2-(7,12)",1,1,0.0,False,"14,3,9(6,8,10)(1,4)(2,11)(5,13)-(7,12)",1,1,0.0,False,-3,
201701020509,9,3歳以上500万下,ダ,1700,曇,良,14:15,2017-09-02,札幌,14,5,7,2013100550,サンマルドライヴ,牡4,57,01036,竹之下智,1:48.6,1.3/4,11-11-13-13,40.3,237.6,14,444(+10),01120,[西]千田輝彦,580007,相馬勇,,"14-(3,6)-1-(8,9)-(10,11)4,13-(7,12)-5,2",11,2,19.0,False,"14-6-3,1(8,9)(4,10)11-13-7,12-(5,2)",11,1,15.5,False,"14=6-(3,9)(1,8,10)4,11(5,13)2-(7,12)",13,2,14.5,False,"14,3,9(6,8,10)(1,4)(2,11)(5,13)-(7,12)",13,2,6.5,False,-3,
201701020510,10,札幌スポニチ賞(2勝),芝,1200,曇,良,14:50,2017-09-02,札幌,1,7,14,2013105721,アットザシーサイド,牝4,55,00700,四位洋文,1:09.1,,5-5,34.3,3.2,2,440(-4),00411,[西]浅見秀一,758005,吉田照哉,"1,535.0",,,,,,,,,,,"15,13(9,12)-(2,8,14)(1,5,10)6(4,3,11)(7,16)",5,3,5.0,False,"15(13,9,12)(8,14)(5,10,11,6)2(3,16)1-(4,7)",5,2,0.0,False,2,連続開催の最終週で馬場は傷んできており、前週よりも時計の掛かる馬場。
201701020510,10,札幌スポニチ賞(2勝),芝,1200,曇,良,14:50,2017-09-02,札幌,2,5,10,2013110119,ベリースコール,セ4,57,01144,菱田裕二,1:09.7,3.1/2,8-7,34.7,29.3,10,492(+12),00397,[西]岩元市三,464030,田畑利彦,610.0,,,,,,,,,,,"15,13(9,12)-(2,8,14)(1,5,10)6(4,3,11)(7,16)",8,3,5.0,False,"15(13,9,12)(8,14)(5,10,11,6)2(3,16)1-(4,7)",7,4,0.0,False,2,連続開催の最終週で馬場は傷んできており、前週よりも時計の掛かる馬場。
201701020510,10,札幌スポニチ賞(2勝),芝,1200,曇,良,14:50,2017-09-02,札幌,3,6,11,2012105410,シンフォニア,牝5,55,01015,古川吉洋,1:09.8,1/2,12-7,34.5,38.4,11,494(+6),01044,[西]昆貢,271008,安原浩司,385.0,,,,,,,,,,,"15,13(9,12)-(2,8,14)(1,5,10)6(4,3,11)(7,16)",12,3,5.0,False,"15(13,9,12)(8,14)(5,10,11,6)2(3,16)1-(4,7)",7,4,0.0,False,2,連続開催の最終週で馬場は傷んできており、前週よりも時計の掛かる馬場。
201701020510,10,札幌スポニチ賞(2勝),芝,1200,曇,良,14:50,2017-09-02,札幌,4,3,5,2013103934,カルヴァリオ,セ4,57,01014,福永祐一,1:10.0,1.1/4,8-7,35.0,8.0,3,466(+6),01102,[東]大竹正博,854800,ノルマンディーサラブ...,230.0,,,,,,,,,,,"15,13(9,12)-(2,8,14)(1,5,10)6(4,3,11)(7,16)",8,3,5.0,False,"15(13,9,12)(8,14)(5,10,11,6)2(3,16)1-(4,7)",7,4,0.0,False,2,連続開催の最終週で馬場は傷んできており、前週よりも時計の掛かる馬場。
201701020510,10,札幌スポニチ賞(2勝),芝,1200,曇,良,14:50,2017-09-02,札幌,5,8,16,2012102808,イキオイ,牡5,57,01122,三浦皇成,1:10.1,1/2,15-12,34.5,26.3,9,448(+6),01008,[東]杉浦宏昭,537006,西村憲人,150.0,,,,,,,,,,,"15,13(9,12)-(2,8,14)(1,5,10)6(4,3,11)(7,16)",15,2,5.0,False,"15(13,9,12)(8,14)(5,10,11,6)2(3,16)1-(4,7)",12,2,0.0,False,2,連続開催の最終週で馬場は傷んできており、前週よりも時計の掛かる馬場。
201701020510,10,札幌スポニチ賞(2勝),芝,1200,曇,良,14:50,2017-09-02,札幌,6,2,3,2013104606,ペイシャフェリシタ,牝4,55,05339,ルメール,1:10.1,ハナ,12-12,34.8,2.8,1,482(+2),01088,[東]高木登,163002,北所直人,,,,,,,,,,,,"15,13(9,12)-(2,8,14)(1,5,10)6(4,3,11)(7,16)",12,3,5.0,False,"15(13,9,12)(8,14)(5,10,11,6)2(3,16)1-(4,7)",12,2,0.0,False,2,連続開催の最終週で馬場は傷んできており、前週よりも時計の掛かる馬場。
201701020510,10,札幌スポニチ賞(2勝),芝,1200,曇,良,14:50,2017-09-02,札幌,7,6,12,2012102281,マイネルエスパス,牡5,57,01009,柴田大知,1:10.2,1/2,3-2,35.8,17.6,7,514(+4),01052,[東]菊川正達,546800,サラブレッドクラブ・...,,,,,,,,,,,,"15,13(9,12)-(2,8,14)(1,5,10)6(4,3,11)(7,16)",3,2,1.5,False,"15(13,9,12)(8,14)(5,10,11,6)2(3,16)1-(4,7)",2,3,0.0,False,2,連続開催の最終週で馬場は傷んできており、前週よりも時計の掛かる馬場。
201701020510,10,札幌スポニチ賞(2勝),芝,1200,曇,良,14:50,2017-09-02,札幌,8,5,9,2014104304,デスティニーソング,牝3,53,01116,藤岡康太,1:10.2,クビ,3-2,35.8,14.1,6,428(+8),01149,[西]松下武士,854800,ノルマンディーサラブ...,,,,,,,,,,,,"15,13(9,12)-(2,8,14)(1,5,10)6(4,3,11)(7,16)",3,2,1.5,False,"15(13,9,12)(8,14)(5,10,11,6)2(3,16)1-(4,7)",2,3,0.0,False,2,連続開催の最終週で馬場は傷んできており、前週よりも時計の掛かる馬場。
201701020510,10,札幌スポニチ賞(2勝),芝,1200,曇,良,14:50,2017-09-02,札幌,9,3,6,2014106011,アズールムーン,牝3,53,01093,藤岡佑介,1:10.4,1,11-7,35.3,12.4,4,522(+14),01086,[東]斎藤誠,506800,シルクレーシング,,,,,,,,,,,,"15,13(9,12)-(2,8,14)(1,5,10)6(4,3,11)(7,16)",11,1,5.0,False,"15(13,9,12)(8,14)(5,10,11,6)2(3,16)1-(4,7)",7,4,0.0,False,2,連続開催の最終週で馬場は傷んできており、前週よりも時計の掛かる馬場。
201701020510,10,札幌スポニチ賞(2勝),芝,1200,曇,良,14:50,2017-09-02,札幌,10,4,7,2008102644,アドマイヤクーガー,牡9,57,01102,北村友一,1:10.6,1,15-15,35.0,234.0,16,478(+6),01105,[西]須貝尚介,398002,近藤利一,,,,,,,,,,,,"15,13(9,12)-(2,8,14)(1,5,10)6(4,3,11)(7,16)",15,2,5.0,False,"15(13,9,12)(8,14)(5,10,11,6)2(3,16)1-(4,7)",15,2,3.5,False,2,連続開催の最終週で馬場は傷んできており、前週よりも時計の掛かる馬場。
201701020510,10,札幌スポニチ賞(2勝),芝,1200,曇,良,14:50,2017-09-02,札幌,11,4,8,2014103850,イリスファルコン,牝3,53,00663,蛯名正義,1:10.6,クビ,5-5,35.9,21.8,8,420(+4),00438,[西]安田隆行,547033,菅原広隆,,,,,,,,,,,,"15,13(9,12)-(2,8,14)(1,5,10)6(4,3,11)(7,16)",5,3,5.0,False,"15(13,9,12)(8,14)(5,10,11,6)2(3,16)1-(4,7)",5,2,0.0,False,2,連続開催の最終週で馬場は傷んできており、前週よりも時計の掛かる馬場。
201701020510,10,札幌スポニチ賞(2勝),芝,1200,曇,良,14:50,2017-09-02,札幌,12,7,13,2012101040,トゥルームーン,牝5,55,01025,勝浦正樹,1:11.3,4,2-2,37.0,159.6,14,500(-2),01106,[東]牧光二,639009,鈴木芳夫,,,,,,,,,,,,"15,13(9,12)-(2,8,14)(1,5,10)6(4,3,11)(7,16)",2,1,1.5,False,"15(13,9,12)(8,14)(5,10,11,6)2(3,16)1-(4,7)",2,3,0.0,False,2,連続開催の最終週で馬場は傷んできており、前週よりも時計の掛かる馬場。
201701020510,10,札幌スポニチ賞(2勝),芝,1200,曇,良,14:50,2017-09-02,札幌,13,1,2,2014102733,ロイヤルメジャー,牝3,53,01147,城戸義政,1:11.3,クビ,5-11,36.6,12.8,5,452(+4),00388,[西]山内研二,694008,本間茂,,,,,,,,,,,,"15,13(9,12)-(2,8,14)(1,5,10)6(4,3,11)(7,16)",5,3,5.0,False,"15(13,9,12)(8,14)(5,10,11,6)2(3,16)1-(4,7)",11,1,0.0,False,2,連続開催の最終週で馬場は傷んできており、前週よりも時計の掛かる馬場。
201701020510,10,札幌スポニチ賞(2勝),芝,1200,曇,良,14:50,2017-09-02,札幌,14,2,4,2009100706,リバティーホール,牝8,55,01032,池添謙一,1:12.0,4,12-15,36.7,78.1,13,462(+12),00436,[東]堀井雅広,029007,吉田好雄,,,,,,,,,,,,"15,13(9,12)-(2,8,14)(1,5,10)6(4,3,11)(7,16)",12,3,5.0,False,"15(13,9,12)(8,14)(5,10,11,6)2(3,16)1-(4,7)",15,2,3.5,False,2,連続開催の最終週で馬場は傷んできており、前週よりも時計の掛かる馬場。
201701020510,10,札幌スポニチ賞(2勝),芝,1200,曇,良,14:50,2017-09-02,札幌,15,8,15,2012101349,ジュエルアラモード,牝5,55,01127,丸山元気,1:12.0,ハナ,1-1,37.8,165.6,15,512(+4),01100,[東]松山将樹,936800,西川礦,,,,,,,,,,,,"15,13(9,12)-(2,8,14)(1,5,10)6(4,3,11)(7,16)",1,1,0.0,False,"15(13,9,12)(8,14)(5,10,11,6)2(3,16)1-(4,7)",1,1,0.0,False,2,連続開催の最終週で馬場は傷んできており、前週よりも時計の掛かる馬場。
201701020510,10,札幌スポニチ賞(2勝),芝,1200,曇,良,14:50,2017-09-02,札幌,16,1,1,2013102856,ブラックジョー,セ4,57,05203,岩田康誠,1:13.2,7,8-14,38.2,72.9,12,478(+8),01042,[西]安達昭夫,381002,山内邦一,,,,,,,,,,,,"15,13(9,12)-(2,8,14)(1,5,10)6(4,3,11)(7,16)",8,3,5.0,False,"15(13,9,12)(8,14)(5,10,11,6)2(3,16)1-(4,7)",14,1,0.0,False,2,連続開催の最終週で馬場は傷んできており、前週よりも時計の掛かる馬場。
201701020511,11,第52回札幌2歳S(GIII),芝,1800,曇,良,15:25,2017-09-02,札幌,1,7,11,2015104185,ロックディスタウン,牝2,54,05339,ルメール,1:51.4,,7-6-6-4,36.1,3.0,1,490(0),00409,[東]二ノ宮敬,226800,サンデーレーシング,"3,149.7","12,13(5,14)(2,6)11(1,4,10)(3,8,9)7",7,1,1.5,False,"12,13(5,14)6(2,11)(1,4)(3,8,10)9-7",6,2,1.5,False,"12(13,14)(5,6)11(2,1,4)(3,8,10)9,7",6,1,0.0,False,"(12,*13,14)(6,11,7)(5,1,4)(2,9)(3,8,10)",4,3,0.0,False,2,連続開催の最終週で馬場は傷んできており、前週よりも時計の掛かる馬場。
201701020511,11,第52回札幌2歳S(GIII),芝,1800,曇,良,15:25,2017-09-02,札幌,2,8,14,2015104835,ファストアプローチ,牡2,54,00663,蛯名正義,1:51.4,クビ,3-3-2-2,36.4,8.9,4,538(+6),00386,[東]藤沢和雄,124008,山本英俊,"1,214.2","12,13(5,14)(2,6)11(1,4,10)(3,8,9)7",3,2,1.5,False,"12,13(5,14)6(2,11)(1,4)(3,8,10)9-7",3,2,1.5,False,"12(13,14)(5,6)11(2,1,4)(3,8,10)9,7",2,2,0.0,False,"(12,*13,14)(6,11,7)(5,1,4)(2,9)(3,8,10)",2,3,0.0,False,2,連続開催の最終週で馬場は傷んできており、前週よりも時計の掛かる馬場。
201701020511,11,第52回札幌2歳S(GIII),芝,1800,曇,良,15:25,2017-09-02,札幌,3,5,7,2015100887,ダブルシャープ,牡2,54,05534,石川倭,1:51.4,アタマ,14-14-14-4,35.3,17.8,7,470(0),05509,[地]米川昇,395031,小林克己,787.1,"12,13(5,14)(2,6)11(1,4,10)(3,8,9)7",14,1,1.5,False,"12,13(5,14)6(2,11)(1,4)(3,8,10)9-7",14,1,5.0,False,"12(13,14)(5,6)11(2,1,4)(3,8,10)9,7",14,1,1.5,False,"(12,*13,14)(6,11,7)(5,1,4)(2,9)(3,8,10)",4,3,0.0,False,2,連続開催の最終週で馬場は傷んできており、前週よりも時計の掛かる馬場。
201701020511,11,第52回札幌2歳S(GIII),芝,1800,曇,良,15:25,2017-09-02,札幌,4,1,1,2015101701,シスターフラッグ,牝2,54,05203,岩田康誠,1:51.7,1.3/4,8-8-7-7,36.3,13.0,5,496(0),01148,[西]西村真幸,168033,小林正和,470.0,"12,13(5,14)(2,6)11(1,4,10)(3,8,9)7",8,3,1.5,False,"12,13(5,14)6(2,11)(1,4)(3,8,10)9-7",8,2,1.5,False,"12(13,14)(5,6)11(2,1,4)(3,8,10)9,7",7,3,0.0,False,"(12,*13,14)(6,11,7)(5,1,4)(2,9)(3,8,10)",7,3,0.0,False,2,連続開催の最終週で馬場は傷んできており、前週よりも時計の掛かる馬場。
201701020511,11,第52回札幌2歳S(GIII),芝,1800,曇,良,15:25,2017-09-02,札幌,5,4,6,2015106379,コスモインザハート,牡2,54,01009,柴田大知,1:51.7,ハナ,5-5-4-4,36.5,20.5,8,478(+8),01028,[西]西園正都,716800,ビッグレッドファーム,310.0,"12,13(5,14)(2,6)11(1,4,10)(3,8,9)7",5,2,1.5,False,"12,13(5,14)6(2,11)(1,4)(3,8,10)9-7",5,1,1.5,False,"12(13,14)(5,6)11(2,1,4)(3,8,10)9,7",4,2,0.0,False,"(12,*13,14)(6,11,7)(5,1,4)(2,9)(3,8,10)",4,3,0.0,False,2,連続開催の最終週で馬場は傷んできており、前週よりも時計の掛かる馬場。
201701020511,11,第52回札幌2歳S(GIII),芝,1800,曇,良,15:25,2017-09-02,札幌,6,6,10,2015102743,クリノクーニング,牡2,54,01102,北村友一,1:51.7,ハナ,8-10-10-12,36.0,4.5,2,456(-2),01105,[西]須貝尚介,970006,栗本博晴,,"12,13(5,14)(2,6)11(1,4,10)(3,8,9)7",8,3,1.5,False,"12,13(5,14)6(2,11)(1,4)(3,8,10)9-7",10,3,1.5,False,"12(13,14)(5,6)11(2,1,4)(3,8,10)9,7",10,3,0.0,False,"(12,*13,14)(6,11,7)(5,1,4)(2,9)(3,8,10)",12,3,0.0,False,2,連続開催の最終週で馬場は傷んできており、前週よりも時計の掛かる馬場。
201701020511,11,第52回札幌2歳S(GIII),芝,1800,曇,良,15:25,2017-09-02,札幌,7,3,3,2015101465,ミスマンマミーア,牝2,54,05089,宮崎光行,1:51.7,クビ,11-10-10-12,36.0,16.5,6,458(-2),05453,[地]松本隆宏,396803,新生ファーム,,"12,13(5,14)(2,6)11(1,4,10)(3,8,9)7",11,3,1.5,False,"12,13(5,14)6(2,11)(1,4)(3,8,10)9-7",10,3,1.5,False,"12(13,14)(5,6)11(2,1,4)(3,8,10)9,7",10,3,0.0,False,"(12,*13,14)(6,11,7)(5,1,4)(2,9)(3,8,10)",12,3,0.0,False,2,連続開催の最終週で馬場は傷んできており、前週よりも時計の掛かる馬場。
201701020511,11,第52回札幌2歳S(GIII),芝,1800,曇,良,15:25,2017-09-02,札幌,8,6,9,2015102741,ロードトレジャー,牡2,54,01122,三浦皇成,1:52.0,1.3/4,11-13-13-10,36.1,29.3,10,464(-6),01068,[東]小島茂之,170800,ロードホースクラブ,,"12,13(5,14)(2,6)11(1,4,10)(3,8,9)7",11,3,1.5,False,"12,13(5,14)6(2,11)(1,4)(3,8,10)9-7",13,1,1.5,False,"12(13,14)(5,6)11(2,1,4)(3,8,10)9,7",13,1,0.0,False,"(12,*13,14)(6,11,7)(5,1,4)(2,9)(3,8,10)",10,2,0.0,False,2,連続開催の最終週で馬場は傷んできており、前週よりも時計の掛かる馬場。
201701020511,11,第52回札幌2歳S(GIII),芝,1800,曇,良,15:25,2017-09-02,札幌,9,8,13,2015110024,マツカゼ,牡2,54,01014,福永祐一,1:52.1,1/2,2-2-2-1,37.2,31.5,11,502(+4),01075,[西]矢作芳人,542800,ライオンレースホース,,"12,13(5,14)(2,6)11(1,4,10)(3,8,9)7",2,1,1.5,False,"12,13(5,14)6(2,11)(1,4)(3,8,10)9-7",2,1,1.5,False,"12(13,14)(5,6)11(2,1,4)(3,8,10)9,7",2,2,0.0,False,"(12,*13,14)(6,11,7)(5,1,4)(2,9)(3,8,10)",1,3,0.0,True,2,連続開催の最終週で馬場は傷んできており、前週よりも時計の掛かる馬場。
201701020511,11,第52回札幌2歳S(GIII),芝,1800,曇,良,15:25,2017-09-02,札幌,10,3,4,2015104988,カレンシリエージョ,牝2,54,01032,池添謙一,1:52.3,1.1/4,8-8-7-7,36.9,6.5,3,460(0),01111,[西]鈴木孝志,869006,鈴木隆司,,"12,13(5,14)(2,6)11(1,4,10)(3,8,9)7",8,3,1.5,False,"12,13(5,14)6(2,11)(1,4)(3,8,10)9-7",8,2,1.5,False,"12(13,14)(5,6)11(2,1,4)(3,8,10)9,7",7,3,0.0,False,"(12,*13,14)(6,11,7)(5,1,4)(2,9)(3,8,10)",7,3,0.0,False,2,連続開催の最終週で馬場は傷んできており、前週よりも時計の掛かる馬場。
201701020511,11,第52回札幌2歳S(GIII),芝,1800,曇,良,15:25,2017-09-02,札幌,11,5,8,2015103211,ディバインブリーズ,牡2,54,01116,藤岡康太,1:52.7,2.1/2,11-10-10-12,37.0,52.7,12,490(+4),01105,[西]須貝尚介,053803,杉山忠国,,"12,13(5,14)(2,6)11(1,4,10)(3,8,9)7",11,3,1.5,False,"12,13(5,14)6(2,11)(1,4)(3,8,10)9-7",10,3,1.5,False,"12(13,14)(5,6)11(2,1,4)(3,8,10)9,7",10,3,0.0,False,"(12,*13,14)(6,11,7)(5,1,4)(2,9)(3,8,10)",12,3,0.0,False,2,連続開催の最終週で馬場は傷んできており、前週よりも時計の掛かる馬場。
201701020511,11,第52回札幌2歳S(GIII),芝,1800,曇,良,15:25,2017-09-02,札幌,12,2,2,2015100726,ヴィオトポス,牝2,54,01153,木幡初也,1:52.8,1/2,5-6-7-10,37.4,106.7,13,434(0),01027,[東]田村康仁,546800,サラブレッドクラブ・...,,"12,13(5,14)(2,6)11(1,4,10)(3,8,9)7",5,2,1.5,False,"12,13(5,14)6(2,11)(1,4)(3,8,10)9-7",6,2,1.5,False,"12(13,14)(5,6)11(2,1,4)(3,8,10)9,7",7,3,0.0,False,"(12,*13,14)(6,11,7)(5,1,4)(2,9)(3,8,10)",10,2,0.0,False,2,連続開催の最終週で馬場は傷んできており、前週よりも時計の掛かる馬場。
201701020511,11,第52回札幌2歳S(GIII),芝,1800,曇,良,15:25,2017-09-02,札幌,13,4,5,2015103925,ロジャージーニアス,牡2,54,01095,吉田隼人,1:53.6,5,3-3-4-7,38.5,28.2,9,470(0),01147,[東]武井亮,837008,武田修,,"12,13(5,14)(2,6)11(1,4,10)(3,8,9)7",3,2,1.5,False,"12,13(5,14)6(2,11)(1,4)(3,8,10)9-7",3,2,1.5,False,"12(13,14)(5,6)11(2,1,4)(3,8,10)9,7",4,2,0.0,False,"(12,*13,14)(6,11,7)(5,1,4)(2,9)(3,8,10)",7,3,0.0,False,2,連続開催の最終週で馬場は傷んできており、前週よりも時計の掛かる馬場。
201701020511,11,第52回札幌2歳S(GIII),芝,1800,曇,良,15:25,2017-09-02,札幌,14,7,12,2015106180,サージュミノル,牡2,54,01163,坂井瑠星,1:54.2,3.1/2,1-1-1-2,39.4,132.0,14,458(0),01099,[西]本田優,265008,吉岡實,,"12,13(5,14)(2,6)11(1,4,10)(3,8,9)7",1,1,0.0,False,"12,13(5,14)6(2,11)(1,4)(3,8,10)9-7",1,1,0.0,False,"12(13,14)(5,6)11(2,1,4)(3,8,10)9,7",1,1,0.0,False,"(12,*13,14)(6,11,7)(5,1,4)(2,9)(3,8,10)",2,3,0.0,False,2,連続開催の最終週で馬場は傷んできており、前週よりも時計の掛かる馬場。
201701020512,12,日高特別(2勝),芝,2000,曇,良,16:05,2017-09-02,札幌,1,2,3,2014106132,トリコロールブルー,牡3,54,05339,ルメール,2:03.3,,7-7-8-4,36.1,3.2,1,506(+32),01061,[西]友道康夫,506800,シルクレーシング,"1,535.7","(*12,2)6(4,1,10)3(11,13,16)(8,15)-(7,14)-5-9",7,1,0.0,False,"(*12,2)6(4,1,10)(3,16)11(8,13,15)-(7,14)-(9,5)",7,2,0.0,False,"5(12,10)(2,6,16,14)(4,1,3)(8,11,15)9,7-13",8,3,0.0,False,"(5,*10,16)(3,15)(12,11)(4,8,14)(2,6,7)(9,1)=13",4,2,0.0,False,2,連続開催の最終週で馬場は傷んできており、前週よりも時計の掛かる馬場。
201701020512,12,日高特別(2勝),芝,2000,曇,良,16:05,2017-09-02,札幌,2,8,16,2014101558,レッドローゼス,牡3,54,00663,蛯名正義,2:03.3,クビ,8-7-4-2,36.2,4.2,2,476(+4),00399,[東]国枝栄,180800,東京ホースレーシング,610.2,"(*12,2)6(4,1,10)3(11,13,16)(8,15)-(7,14)-5-9",8,3,0.0,False,"(*12,2)6(4,1,10)(3,16)11(8,13,15)-(7,14)-(9,5)",7,2,0.0,False,"5(12,10)(2,6,16,14)(4,1,3)(8,11,15)9,7-13",4,4,0.0,False,"(5,*10,16)(3,15)(12,11)(4,8,14)(2,6,7)(9,1)=13",2,3,0.0,False,2,連続開催の最終週で馬場は傷んできており、前週よりも時計の掛かる馬場。
201701020512,12,日高特別(2勝),芝,2000,曇,良,16:05,2017-09-02,札幌,3,5,10,2012106040,ミスズダンディー,牡5,57,01124,国分恭介,2:03.5,1,4-4-2-1,36.5,53.4,9,470(-2),00379,[西]加藤敬二,382004,永井啓弍,385.1,"(*12,2)6(4,1,10)3(11,13,16)(8,15)-(7,14)-5-9",4,3,0.0,False,"(*12,2)6(4,1,10)(3,16)11(8,13,15)-(7,14)-(9,5)",4,3,0.0,False,"5(12,10)(2,6,16,14)(4,1,3)(8,11,15)9,7-13",2,2,0.0,False,"(5,*10,16)(3,15)(12,11)(4,8,14)(2,6,7)(9,1)=13",1,3,0.0,True,2,連続開催の最終週で馬場は傷んできており、前週よりも時計の掛かる馬場。
201701020512,12,日高特別(2勝),芝,2000,曇,良,16:05,2017-09-02,札幌,4,8,15,2011101045,スズカヴァンガード,セ6,57,01015,古川吉洋,2:03.5,クビ,11-10-11-4,36.0,116.6,13,484(0),01068,[東]小島茂之,382004,永井啓弍,230.0,"(*12,2)6(4,1,10)3(11,13,16)(8,15)-(7,14)-5-9",11,2,0.0,False,"(*12,2)6(4,1,10)(3,16)11(8,13,15)-(7,14)-(9,5)",10,3,0.0,False,"5(12,10)(2,6,16,14)(4,1,3)(8,11,15)9,7-13",11,3,0.0,False,"(5,*10,16)(3,15)(12,11)(4,8,14)(2,6,7)(9,1)=13",4,2,0.0,False,2,連続開催の最終週で馬場は傷んできており、前週よりも時計の掛かる馬場。
201701020512,12,日高特別(2勝),芝,2000,曇,良,16:05,2017-09-02,札幌,5,4,8,2012101989,アンドリエッテ,牝5,55,01014,福永祐一,2:03.6,1/2,11-10-11-8,36.1,8.5,4,470(+4),01123,[西]牧田和弥,875006,永田和彦,150.0,"(*12,2)6(4,1,10)3(11,13,16)(8,15)-(7,14)-5-9",11,2,0.0,False,"(*12,2)6(4,1,10)(3,16)11(8,13,15)-(7,14)-(9,5)",10,3,0.0,False,"5(12,10)(2,6,16,14)(4,1,3)(8,11,15)9,7-13",11,3,0.0,False,"(5,*10,16)(3,15)(12,11)(4,8,14)(2,6,7)(9,1)=13",8,3,0.0,False,2,連続開催の最終週で馬場は傷んできており、前週よりも時計の掛かる馬場。
201701020512,12,日高特別(2勝),芝,2000,曇,良,16:05,2017-09-02,札幌,6,4,7,2013103324,ハナズレジェンド,牡4,57,01122,三浦皇成,2:03.9,1.1/2,13-13-15-11,36.1,4.6,3,458(-2),01075,[西]矢作芳人,553800,広尾レース,,"(*12,2)6(4,1,10)3(11,13,16)(8,15)-(7,14)-5-9",13,2,3.5,False,"(*12,2)6(4,1,10)(3,16)11(8,13,15)-(7,14)-(9,5)",13,2,3.5,False,"5(12,10)(2,6,16,14)(4,1,3)(8,11,15)9,7-13",15,1,1.5,False,"(5,*10,16)(3,15)(12,11)(4,8,14)(2,6,7)(9,1)=13",11,3,0.0,False,2,連続開催の最終週で馬場は傷んできており、前週よりも時計の掛かる馬場。
201701020512,12,日高特別(2勝),芝,2000,曇,良,16:05,2017-09-02,札幌,7,3,5,2011102450,サウンドメモリー,牡6,57,01116,藤岡康太,2:04.0,1/2,15-15-1-2,37.2,36.6,8,494(+4),00408,[東]田中清隆,399009,嶋田賢,,"(*12,2)6(4,1,10)3(11,13,16)(8,15)-(7,14)-5-9",15,1,7.0,False,"(*12,2)6(4,1,10)(3,16)11(8,13,15)-(7,14)-(9,5)",15,2,7.0,False,"5(12,10)(2,6,16,14)(4,1,3)(8,11,15)9,7-13",1,1,0.0,False,"(5,*10,16)(3,15)(12,11)(4,8,14)(2,6,7)(9,1)=13",2,3,0.0,False,2,連続開催の最終週で馬場は傷んできており、前週よりも時計の掛かる馬場。
201701020512,12,日高特別(2勝),芝,2000,曇,良,16:05,2017-09-02,札幌,8,6,11,2014103577,メイショウテンシャ,牡3,54,01032,池添謙一,2:04.0,クビ,8-9-11-6,36.6,12.3,6,468(+4),01021,[西]池添兼雄,523005,松本好雄,,"(*12,2)6(4,1,10)3(11,13,16)(8,15)-(7,14)-5-9",8,3,0.0,False,"(*12,2)6(4,1,10)(3,16)11(8,13,15)-(7,14)-(9,5)",9,1,0.0,False,"5(12,10)(2,6,16,14)(4,1,3)(8,11,15)9,7-13",11,3,0.0,False,"(5,*10,16)(3,15)(12,11)(4,8,14)(2,6,7)(9,1)=13",6,2,0.0,False,2,連続開催の最終週で馬場は傷んできており、前週よりも時計の掛かる馬場。
201701020512,12,日高特別(2勝),芝,2000,曇,良,16:05,2017-09-02,札幌,9,7,14,2014101408,ストーンリバー,牡3,54,05522,井上幹太,2:04.3,2,13-13-4-8,37.2,74.8,12,500(+2),05055,[地]堂山芳則,279008,石川幸司,,"(*12,2)6(4,1,10)3(11,13,16)(8,15)-(7,14)-5-9",13,2,3.5,False,"(*12,2)6(4,1,10)(3,16)11(8,13,15)-(7,14)-(9,5)",13,2,3.5,False,"5(12,10)(2,6,16,14)(4,1,3)(8,11,15)9,7-13",4,4,0.0,False,"(5,*10,16)(3,15)(12,11)(4,8,14)(2,6,7)(9,1)=13",8,3,0.0,False,2,連続開催の最終週で馬場は傷んできており、前週よりも時計の掛かる馬場。
201701020512,12,日高特別(2勝),芝,2000,曇,良,16:05,2017-09-02,札幌,10,5,9,2013101930,コスモピクシス,牝4,55,01009,柴田大知,2:04.4,クビ,16-15-14-14,36.8,64.1,11,420(0),01010,[東]中野栄治,716800,ビッグレッドファーム,,"(*12,2)6(4,1,10)3(11,13,16)(8,15)-(7,14)-5-9",16,1,10.5,False,"(*12,2)6(4,1,10)(3,16)11(8,13,15)-(7,14)-(9,5)",15,2,7.0,False,"5(12,10)(2,6,16,14)(4,1,3)(8,11,15)9,7-13",14,1,0.0,False,"(5,*10,16)(3,15)(12,11)(4,8,14)(2,6,7)(9,1)=13",14,2,0.0,False,2,連続開催の最終週で馬場は傷んできており、前週よりも時計の掛かる馬場。
201701020512,12,日高特別(2勝),芝,2000,曇,良,16:05,2017-09-02,札幌,11,2,4,2013103687,クラウンディバイダ,牡4,57,01093,藤岡佑介,2:04.9,3,4-4-8-8,37.6,12.4,7,476(+8),01086,[東]斎藤誠,826800,クラウン,,"(*12,2)6(4,1,10)3(11,13,16)(8,15)-(7,14)-5-9",4,3,0.0,False,"(*12,2)6(4,1,10)(3,16)11(8,13,15)-(7,14)-(9,5)",4,3,0.0,False,"5(12,10)(2,6,16,14)(4,1,3)(8,11,15)9,7-13",8,3,0.0,False,"(5,*10,16)(3,15)(12,11)(4,8,14)(2,6,7)(9,1)=13",8,3,0.0,False,2,連続開催の最終週で馬場は傷んできており、前週よりも時計の掛かる馬場。
201701020512,12,日高特別(2勝),芝,2000,曇,良,16:05,2017-09-02,札幌,12,6,12,2013100637,ラヴアンドポップ,牡4,57,01102,北村友一,2:05.0,3/4,1-1-2-6,38.0,55.6,10,460(-8),00438,[西]安田隆行,003060,Ｈ．Ｈ．シェイク・モ...,,"(*12,2)6(4,1,10)3(11,13,16)(8,15)-(7,14)-5-9",1,2,0.0,True,"(*12,2)6(4,1,10)(3,16)11(8,13,15)-(7,14)-(9,5)",1,2,0.0,True,"5(12,10)(2,6,16,14)(4,1,3)(8,11,15)9,7-13",2,2,0.0,False,"(5,*10,16)(3,15)(12,11)(4,8,14)(2,6,7)(9,1)=13",6,2,0.0,False,2,連続開催の最終週で馬場は傷んできており、前週よりも時計の掛かる馬場。
201701020512,12,日高特別(2勝),芝,2000,曇,良,16:05,2017-09-02,札幌,13,1,1,2012103796,フォワードカフェ,牡5,57,00700,四位洋文,2:05.2,1,4-4-8-14,37.9,10.4,5,524(+8),01013,[東]小島太,505007,西川恭子,,"(*12,2)6(4,1,10)3(11,13,16)(8,15)-(7,14)-5-9",4,3,0.0,False,"(*12,2)6(4,1,10)(3,16)11(8,13,15)-(7,14)-(9,5)",4,3,0.0,False,"5(12,10)(2,6,16,14)(4,1,3)(8,11,15)9,7-13",8,3,0.0,False,"(5,*10,16)(3,15)(12,11)(4,8,14)(2,6,7)(9,1)=13",14,2,0.0,False,2,連続開催の最終週で馬場は傷んできており、前週よりも時計の掛かる馬場。
201701020512,12,日高特別(2勝),芝,2000,曇,良,16:05,2017-09-02,札幌,14,1,2,2011103554,ランドオザリール,牡6,57,05203,岩田康誠,2:05.4,1.1/4,2-2-4-11,38.3,127.8,14,524(+4),01066,[西]岡田稲男,226800,サンデーレーシング,,"(*12,2)6(4,1,10)3(11,13,16)(8,15)-(7,14)-5-9",2,2,0.0,False,"(*12,2)6(4,1,10)(3,16)11(8,13,15)-(7,14)-(9,5)",2,2,0.0,False,"5(12,10)(2,6,16,14)(4,1,3)(8,11,15)9,7-13",4,4,0.0,False,"(5,*10,16)(3,15)(12,11)(4,8,14)(2,6,7)(9,1)=13",11,3,0.0,False,2,連続開催の最終週で馬場は傷んできており、前週よりも時計の掛かる馬場。
201701020512,12,日高特別(2勝),芝,2000,曇,良,16:05,2017-09-02,札幌,15,3,6,2012105999,トーセンラーク,牝5,55,01140,横山和生,2:05.6,1.1/4,3-3-4-11,38.5,217.3,15,502(+8),00392,[東]古賀史生,270006,島川隆哉,,"(*12,2)6(4,1,10)3(11,13,16)(8,15)-(7,14)-5-9",3,1,0.0,False,"(*12,2)6(4,1,10)(3,16)11(8,13,15)-(7,14)-(9,5)",3,1,0.0,False,"5(12,10)(2,6,16,14)(4,1,3)(8,11,15)9,7-13",4,4,0.0,False,"(5,*10,16)(3,15)(12,11)(4,8,14)(2,6,7)(9,1)=13",11,3,0.0,False,2,連続開催の最終週で馬場は傷んできており、前週よりも時計の掛かる馬場。
201701020512,12,日高特別(2勝),芝,2000,曇,良,16:05,2017-09-02,札幌,16,7,13,2011101806,エヴォリューション,牝6,55,01147,城戸義政,2:06.2,3.1/2,8-10-16-16,38.1,218.7,16,494(+2),01025,[西]佐藤正雄,055030,岡田隆寛,,"(*12,2)6(4,1,10)3(11,13,16)(8,15)-(7,14)-5-9",8,3,0.0,False,"(*12,2)6(4,1,10)(3,16)11(8,13,15)-(7,14)-(9,5)",10,3,0.0,False,"5(12,10)(2,6,16,14)(4,1,3)(8,11,15)9,7-13",16,1,5.0,False,"(5,*10,16)(3,15)(12,11)(4,8,14)(2,6,7)(9,1)=13",16,1,6.0,False,2,連続開催の最終週で馬場は傷んできており、前週よりも時計の掛かる馬場。
