race_id,race_number,race_name,surface,distance_m,weather,going,start_time,race_date,racecourse,finish_pos,waku,umaban,horse_id,horse_name,sex_age,kinryo,jockey_id,jockey_name,time,margin,passing_order,last_3f,odds_final,popularity,weight,trainer_id,trainer_name,owner_id,owner_name,prize,corner1_raw,corner1_rank,corner1_group_size,corner1_gap_len_est,corner1_is_leader,corner2_raw,corner2_rank,corner2_group_size,corner2_gap_len_est,corner2_is_leader,corner3_raw,corner3_rank,corner3_group_size,corner3_gap_len_est,corner3_is_leader,corner4_raw,corner4_rank,corner4_group_size,corner4_gap_len_est,corner4_is_leader,track_index,track_comment
201706040701,1,2歳未勝利,ダ,1200,曇,重,10:10,2017-09-24,中山,1,5,10,2015101242,クラウンエンジニア,牡2,54,05386,戸崎圭太,1:13.3,,2-2,38.5,5.8,3,482(+6),01112,[東]田島俊明,043033,矢野恭裕,500.0,,,,,,,,,,,"9,10(5,12,11)(1,13)(4,14)(2,16)6(8,15)3,7",2,1,1.5,False,"9(10,11)(5,12)(4,13)(1,6,14,16)(2,8)15,3,7",2,2,0.0,False,-15,
201706040701,1,2歳未勝利,ダ,1200,曇,重,10:10,2017-09-24,中山,2,3,6,2015103532,パズルリンクス,牡2,54,01096,大野拓弥,1:13.4,1/2+ハナ,12-8,37.9,116.7,13,430(-6),01153,[東]中舘英二,482002,水上行雄,200.0,,,,,,,,,,,"9,10(5,12,11)(1,13)(4,14)(2,16)6(8,15)3,7",12,1,1.5,False,"9(10,11)(5,12)(4,13)(1,6,14,16)(2,8)15,3,7",8,4,0.0,False,-15,
201706040701,1,2歳未勝利,ダ,1200,曇,重,10:10,2017-09-24,中山,3(降),2,4,2015102504,ラプターゲイル,牝2,54,01009,柴田大知,1:13.4,,8-6,38.1,124.7,14,440(+4),01132,[東]金成貴史,716800,ビッグレッドファーム,130.0,,,,,,,,,,,"9,10(5,12,11)(1,13)(4,14)(2,16)6(8,15)3,7",8,2,1.5,False,"9(10,11)(5,12)(4,13)(1,6,14,16)(2,8)15,3,7",6,2,0.0,False,-15,
201706040701,1,2歳未勝利,ダ,1200,曇,重,10:10,2017-09-24,中山,4,3,5,2015101776,ニシノシコン,牡2,54,01134,嶋田純次,1:13.6,1.1/4,3-4,38.6,38.5,8,444(-2),01038,[東]手塚貴久,897009,西山茂行,75.0,,,,,,,,,,,"9,10(5,12,11)(1,13)(4,14)(2,16)6(8,15)3,7",3,3,1.5,False,"9(10,11)(5,12)(4,13)(1,6,14,16)(2,8)15,3,7",4,2,0.0,False,-15,
201706040701,1,2歳未勝利,ダ,1200,曇,重,10:10,2017-09-24,中山,5,6,11,2015103569,ラインマッシモ,牡2,54,01092,津村明秀,1:13.7,1/2,3-2,38.7,10.9,5,458(+6),01131,[東]蛯名利弘,796002,大澤繁昌,50.0,,,,,,,,,,,"9,10(5,12,11)(1,13)(4,14)(2,16)6(8,15)3,7",3,3,1.5,False,"9(10,11)(5,12)(4,13)(1,6,14,16)(2,8)15,3,7",2,2,0.0,False,-15,
201706040701,1,2歳未勝利,ダ,1200,曇,重,10:10,2017-09-24,中山,6,5,9,2015105581,セグレートシチー,牡2,54,01122,三浦皇成,1:13.8,クビ,1-1,39.2,42.7,9,508(+24),01023,[東]伊藤圭三,321800,友駿ホースクラブ,,,,,,,,,,,,"9,10(5,12,11)(1,13)(4,14)(2,16)6(8,15)3,7",1,1,0.0,False,"9(10,11)(5,12)(4,13)(1,6,14,16)(2,8)15,3,7",1,1,0.0,False,-15,
201706040701,1,2歳未勝利,ダ,1200,曇,重,10:10,2017-09-24,中山,7,4,7,2015100634,ベリンダ,牝2,54,00422,内田博幸,1:14.0,1.1/4,16-16,38.0,2.9,1,426(0),01127,[東]栗田徹,788800,ノースヒルズ,,,,,,,,,,,,"9,10(5,12,11)(1,13)(4,14)(2,16)6(8,15)3,7",16,1,3.0,False,"9(10,11)(5,12)(4,13)(1,6,14,16)(2,8)15,3,7",16,1,3.0,False,-15,
201706040701,1,2歳未勝利,ダ,1200,曇,重,10:10,2017-09-24,中山,8,2,3,2015102620,ベルクカッツェ,牡2,51,01158,野中悠太,1:14.0,クビ,15-15,38.2,7.7,4,450(-4),01029,[東]根本康広,855030,田頭勇貴,,,,,,,,,,,,"9,10(5,12,11)(1,13)(4,14)(2,16)6(8,15)3,7",15,1,1.5,False,"9(10,11)(5,12)(4,13)(1,6,14,16)(2,8)15,3,7",15,1,1.5,False,-15,
201706040701,1,2歳未勝利,ダ,1200,曇,重,10:10,2017-09-24,中山,9,1,2,2015101244,クラウンミリオン,牡2,54,01004,西田雄一,1:14.1,3/4,10-12,38.7,251.6,15,468(-4),01031,[東]伊藤伸一,251033,矢野まり子,,,,,,,,,,,,"9,10(5,12,11)(1,13)(4,14)(2,16)6(8,15)3,7",10,2,1.5,False,"9(10,11)(5,12)(4,13)(1,6,14,16)(2,8)15,3,7",12,2,0.0,False,-15,
201706040701,1,2歳未勝利,ダ,1200,曇,重,10:10,2017-09-24,中山,10,6,12,2015109012,サイモンルチアーノ,牡2,54,00733,吉田豊,1:14.1,ハナ,3-4,39.2,4.6,2,488(-4),00408,[東]田中清隆,132030,澤田昭紀,,,,,,,,,,,,"9,10(5,12,11)(1,13)(4,14)(2,16)6(8,15)3,7",3,3,1.5,False,"9(10,11)(5,12)(4,13)(1,6,14,16)(2,8)15,3,7",4,2,0.0,False,-15,
201706040701,1,2歳未勝利,ダ,1200,曇,重,10:10,2017-09-24,中山,11,8,16,2015100044,ポイズンピル,牡2,51,01164,藤田菜七,1:14.2,1/2,10-8,38.8,30.3,7,430(-4),01029,[東]根本康広,855030,田頭勇貴,,,,,,,,,,,,"9,10(5,12,11)(1,13)(4,14)(2,16)6(8,15)3,7",10,2,1.5,False,"9(10,11)(5,12)(4,13)(1,6,14,16)(2,8)15,3,7",8,4,0.0,False,-15,
201706040701,1,2歳未勝利,ダ,1200,曇,重,10:10,2017-09-24,中山,12,8,15,2015102445,ロトヴィーナス,牝2,54,01029,武士沢友,1:14.5,2,13-14,38.9,43.2,10,508(-8),01005,[東]小桧山悟,262002,國武佳博,,,,,,,,,,,,"9,10(5,12,11)(1,13)(4,14)(2,16)6(8,15)3,7",13,2,1.5,False,"9(10,11)(5,12)(4,13)(1,6,14,16)(2,8)15,3,7",14,1,0.0,False,-15,
201706040701,1,2歳未勝利,ダ,1200,曇,重,10:10,2017-09-24,中山,13,4,8,2015106408,マカロン,牝2,51,01161,菊沢一樹,1:14.8,1.3/4,13-12,39.2,96.7,12,462(-4),00383,[東]伊藤正徳,226006,小林博雄,,,,,,,,,,,,"9,10(5,12,11)(1,13)(4,14)(2,16)6(8,15)3,7",13,2,1.5,False,"9(10,11)(5,12)(4,13)(1,6,14,16)(2,8)15,3,7",12,2,0.0,False,-15,
201706040701,1,2歳未勝利,ダ,1200,曇,重,10:10,2017-09-24,中山,14,7,13,2015109158,ミネコガンバロウネ,牝2,54,01129,菅原隆一,1:14.9,1/2,6-6,39.7,290.1,16,460(-4),00383,[東]伊藤正徳,781002,栗山道郎,,,,,,,,,,,,"9,10(5,12,11)(1,13)(4,14)(2,16)6(8,15)3,7",6,2,1.5,False,"9(10,11)(5,12)(4,13)(1,6,14,16)(2,8)15,3,7",6,2,0.0,False,-15,
201706040701,1,2歳未勝利,ダ,1200,曇,重,10:10,2017-09-24,中山,15,7,14,2015105422,ケルース,牡2,54,00684,田中勝春,1:15.1,1.1/4,8-8,39.8,50.6,11,488(-6),01007,[東]柴田政人,434006,橋本忠雄,,,,,,,,,,,,"9,10(5,12,11)(1,13)(4,14)(2,16)6(8,15)3,7",8,2,1.5,False,"9(10,11)(5,12)(4,13)(1,6,14,16)(2,8)15,3,7",8,4,0.0,False,-15,
201706040701,1,2歳未勝利,ダ,1200,曇,重,10:10,2017-09-24,中山,16,1,1,2015103878,パリモンマルトル,牝2,54,01140,横山和生,1:16.1,6,6-8,41.0,12.1,6,450(+14),01125,[東]小野次郎,629800,ミルファーム,,,,,,,,,,,,"9,10(5,12,11)(1,13)(4,14)(2,16)6(8,15)3,7",6,2,1.5,False,"9(10,11)(5,12)(4,13)(1,6,14,16)(2,8)15,3,7",8,4,0.0,False,-15,
201706040702,2,2歳未勝利,芝,1600,晴,良,10:45,2017-09-24,中山,1,7,9,2015103456,タイドオーバー,牝2,54,01009,柴田大知,1:36.8,,4-3-3,35.1,20.6,6,424(-2),01047,[東]勢司和浩,716800,ビッグレッドファーム,500.0,,,,,,"(2,*6)7(3,9,12)(8,10)4,5,1-11",4,3,0.0,False,"2-6(7,9)12(3,10,5)(8,4,1)=11",3,2,3.5,False,"(*2,6)9(7,12)(10,5)(3,4,1)8=11",3,1,0.0,False,-9,馬場は乾き、土曜と比べて時計は出やすくなった。ただし、コンディションが大きく変わったわけではない。
201706040702,2,2歳未勝利,芝,1600,晴,良,10:45,2017-09-24,中山,2,5,5,2015103128,イルルーメ,牡2,51,01170,横山武史,1:37.1,2,10-6-6,35.1,19.7,5,476(-6),01014,[東]高市圭二,677009,西森鶴,200.0,,,,,,"(2,*6)7(3,9,12)(8,10)4,5,1-11",10,1,1.5,False,"2-6(7,9)12(3,10,5)(8,4,1)=11",6,3,3.5,False,"(*2,6)9(7,12)(10,5)(3,4,1)8=11",6,2,0.0,False,-9,馬場は乾き、土曜と比べて時計は出やすくなった。ただし、コンディションが大きく変わったわけではない。
201706040702,2,2歳未勝利,芝,1600,晴,良,10:45,2017-09-24,中山,3,4,4,2015102118,ペイシェンス,牝2,53,01151,井上敏樹,1:37.2,1/2,9-9-8,34.9,7.9,3,456(-10),01076,[東]小笠倫弘,163002,北所直人,130.0,,,,,,"(2,*6)7(3,9,12)(8,10)4,5,1-11",9,1,0.0,False,"2-6(7,9)12(3,10,5)(8,4,1)=11",9,3,3.5,False,"(*2,6)9(7,12)(10,5)(3,4,1)8=11",8,3,0.0,False,-9,馬場は乾き、土曜と比べて時計は出やすくなった。ただし、コンディションが大きく変わったわけではない。
201706040702,2,2歳未勝利,芝,1600,晴,良,10:45,2017-09-24,中山,4,8,12,2015104514,バットオールソー,牡2,54,01077,石橋脩,1:37.2,クビ,4-5-4,35.4,4.3,2,446(+2),01124,[東]大和田成,308033,久保田定,75.0,,,,,,"(2,*6)7(3,9,12)(8,10)4,5,1-11",4,3,0.0,False,"2-6(7,9)12(3,10,5)(8,4,1)=11",5,1,3.5,False,"(*2,6)9(7,12)(10,5)(3,4,1)8=11",4,2,0.0,False,-9,馬場は乾き、土曜と比べて時計は出やすくなった。ただし、コンディションが大きく変わったわけではない。
201706040702,2,2歳未勝利,芝,1600,晴,良,10:45,2017-09-24,中山,5,6,8,2015101145,トーセンリゲル,牡2,54,05443,本田正重,1:37.2,ハナ,7-9-11,34.9,140.0,10,430(0),00417,[東]土田稔,270006,島川隆哉,50.0,,,,,,"(2,*6)7(3,9,12)(8,10)4,5,1-11",7,2,0.0,False,"2-6(7,9)12(3,10,5)(8,4,1)=11",9,3,3.5,False,"(*2,6)9(7,12)(10,5)(3,4,1)8=11",11,1,0.0,False,-9,馬場は乾き、土曜と比べて時計は出やすくなった。ただし、コンディションが大きく変わったわけではない。
201706040702,2,2歳未勝利,芝,1600,晴,良,10:45,2017-09-24,中山,6,1,1,2015104325,サトノテラス,牡2,54,05386,戸崎圭太,1:37.4,1.1/4,11-9-8,35.1,1.7,1,530(+2),00386,[東]藤沢和雄,790031,里見治,,,,,,,"(2,*6)7(3,9,12)(8,10)4,5,1-11",11,1,3.0,False,"2-6(7,9)12(3,10,5)(8,4,1)=11",9,3,3.5,False,"(*2,6)9(7,12)(10,5)(3,4,1)8=11",8,3,0.0,False,-9,馬場は乾き、土曜と比べて時計は出やすくなった。ただし、コンディションが大きく変わったわけではない。
201706040702,2,2歳未勝利,芝,1600,晴,良,10:45,2017-09-24,中山,6,6,7,2015105455,ウェディングベール,牝2,51,01164,藤田菜七,1:37.4,同着,3-3-4,35.7,87.4,9,428(+2),01096,[東]粕谷昌央,851009,岡田牧雄,,,,,,,"(2,*6)7(3,9,12)(8,10)4,5,1-11",3,1,0.0,False,"2-6(7,9)12(3,10,5)(8,4,1)=11",3,2,3.5,False,"(*2,6)9(7,12)(10,5)(3,4,1)8=11",4,2,0.0,False,-9,馬場は乾き、土曜と比べて時計は出やすくなった。ただし、コンディションが大きく変わったわけではない。
201706040702,2,2歳未勝利,芝,1600,晴,良,10:45,2017-09-24,中山,8,3,3,2015106331,アイファートニオー,牡2,54,00689,江田照男,1:37.5,クビ,4-6-8,35.5,68.3,8,426(+2),01152,[東]竹内正洋,119007,中島稔,,,,,,,"(2,*6)7(3,9,12)(8,10)4,5,1-11",4,3,0.0,False,"2-6(7,9)12(3,10,5)(8,4,1)=11",6,3,3.5,False,"(*2,6)9(7,12)(10,5)(3,4,1)8=11",8,3,0.0,False,-9,馬場は乾き、土曜と比べて時計は出やすくなった。ただし、コンディションが大きく変わったわけではない。
201706040702,2,2歳未勝利,芝,1600,晴,良,10:45,2017-09-24,中山,9,5,6,2015105405,ミフラーブ,牝2,54,01051,嘉藤貴行,1:37.5,クビ,1-2-2,36.1,282.4,12,480(+2),00359,[東]高橋祥泰,629800,ミルファーム,,,,,,,"(2,*6)7(3,9,12)(8,10)4,5,1-11",1,2,0.0,True,"2-6(7,9)12(3,10,5)(8,4,1)=11",2,1,3.5,False,"(*2,6)9(7,12)(10,5)(3,4,1)8=11",2,2,0.0,False,-9,馬場は乾き、土曜と比べて時計は出やすくなった。ただし、コンディションが大きく変わったわけではない。
201706040702,2,2歳未勝利,芝,1600,晴,良,10:45,2017-09-24,中山,10,7,10,2015101838,クニノオーシャン,牡2,54,01085,松岡正海,1:37.7,1.1/4,7-6-6,35.7,18.0,4,468(+4),00421,[東]浅野洋一,881800,太陽光,,,,,,,"(2,*6)7(3,9,12)(8,10)4,5,1-11",7,2,0.0,False,"2-6(7,9)12(3,10,5)(8,4,1)=11",6,3,3.5,False,"(*2,6)9(7,12)(10,5)(3,4,1)8=11",6,2,0.0,False,-9,馬場は乾き、土曜と比べて時計は出やすくなった。ただし、コンディションが大きく変わったわけではない。
201706040702,2,2歳未勝利,芝,1600,晴,良,10:45,2017-09-24,中山,11,2,2,2015105638,マイネルパブリック,牡2,54,01118,宮崎北斗,1:38.1,2.1/2,2-1-1,37.1,247.0,11,476(+8),01114,[東]和田正一,546800,サラブレッドクラブ・...,,,,,,,"(2,*6)7(3,9,12)(8,10)4,5,1-11",2,2,0.0,False,"2-6(7,9)12(3,10,5)(8,4,1)=11",1,1,0.0,False,"(*2,6)9(7,12)(10,5)(3,4,1)8=11",1,2,0.0,True,-9,馬場は乾き、土曜と比べて時計は出やすくなった。ただし、コンディションが大きく変わったわけではない。
201706040702,2,2歳未勝利,芝,1600,晴,良,10:45,2017-09-24,中山,12,8,11,2015103181,ウサギノダンス,牡2,54,00663,蛯名正義,1:40.3,大,12-12-12,34.5,21.2,7,466(-6),00437,[東]南田美知,129005,桐谷茂,,,,,,,"(2,*6)7(3,9,12)(8,10)4,5,1-11",12,1,6.5,False,"2-6(7,9)12(3,10,5)(8,4,1)=11",12,1,9.5,False,"(*2,6)9(7,12)(10,5)(3,4,1)8=11",12,1,6.0,False,-9,馬場は乾き、土曜と比べて時計は出やすくなった。ただし、コンディションが大きく変わったわけではない。
201706040703,3,3歳未勝利,ダ,1800,晴,重,11:10,2017-09-24,中山,1,1,2,2014102253,デザートスネーク,牡3,56,01095,吉田隼人,1:53.5,,3-3-4-3,37.5,12.8,5,486(-4),01147,[東]武井亮,812008,石瀬浩三,500.0,"(*8,12)(2,13)(5,14)1(10,11)7(3,16)9,6-15-4",3,2,0.0,False,"8,12(2,13)(5,14)1(10,11)(3,7,16)(9,6)-15-4",3,2,1.5,False,"(*8,13)6,2(1,12,14)(10,11)-(3,5,9,16)4-7=15",4,1,1.5,False,"(*8,13)2,6,1-(10,14,11)-(3,12,9)4(5,16)7=15",3,1,0.0,False,-13,
201706040703,3,3歳未勝利,ダ,1800,晴,重,11:10,2017-09-24,中山,2,4,8,2014105944,シャープシューター,牡3,56,05386,戸崎圭太,1:53.5,クビ,1-1-1-1,37.8,3.4,2,506(+6),01067,[東]久保田貴,226800,サンデーレーシング,200.0,"(*8,12)(2,13)(5,14)1(10,11)7(3,16)9,6-15-4",1,2,0.0,True,"8,12(2,13)(5,14)1(10,11)(3,7,16)(9,6)-15-4",1,1,0.0,False,"(*8,13)6,2(1,12,14)(10,11)-(3,5,9,16)4-7=15",1,2,0.0,True,"(*8,13)2,6,1-(10,14,11)-(3,12,9)4(5,16)7=15",1,2,0.0,True,-13,
201706040703,3,3歳未勝利,ダ,1800,晴,重,11:10,2017-09-24,中山,3,1,1,2014100604,アウトオンアリム,牡3,56,01117,丸田恭介,1:53.9,2.1/2,7-7-5-5,37.7,2.3,1,518(+4),01102,[東]大竹正博,788800,ノースヒルズ,130.0,"(*8,12)(2,13)(5,14)1(10,11)7(3,16)9,6-15-4",7,1,0.0,False,"8,12(2,13)(5,14)1(10,11)(3,7,16)(9,6)-15-4",7,1,1.5,False,"(*8,13)6,2(1,12,14)(10,11)-(3,5,9,16)4-7=15",5,3,1.5,False,"(*8,13)2,6,1-(10,14,11)-(3,12,9)4(5,16)7=15",5,1,3.0,False,-13,
201706040703,3,3歳未勝利,ダ,1800,晴,重,11:10,2017-09-24,中山,4,7,13,2014105145,ランボシ,牡3,56,01118,宮崎北斗,1:54.3,2,3-3-2-2,38.6,12.2,4,478(-8),01081,[東]中川公成,362008,古川智洋,75.0,"(*8,12)(2,13)(5,14)1(10,11)7(3,16)9,6-15-4",3,2,0.0,False,"8,12(2,13)(5,14)1(10,11)(3,7,16)(9,6)-15-4",3,2,1.5,False,"(*8,13)6,2(1,12,14)(10,11)-(3,5,9,16)4-7=15",2,2,0.0,False,"(*8,13)2,6,1-(10,14,11)-(3,12,9)4(5,16)7=15",2,2,0.0,False,-13,
201706040703,3,3歳未勝利,ダ,1800,晴,重,11:10,2017-09-24,中山,5,5,10,2014105248,ルーファス,牡3,56,01122,三浦皇成,1:55.9,10,8-8-8-6,39.6,63.4,9,472(-8),01119,[東]田中剛,808800,Ｇ１レーシング,50.0,"(*8,12)(2,13)(5,14)1(10,11)7(3,16)9,6-15-4",8,2,0.0,False,"8,12(2,13)(5,14)1(10,11)(3,7,16)(9,6)-15-4",8,2,1.5,False,"(*8,13)6,2(1,12,14)(10,11)-(3,5,9,16)4-7=15",8,2,1.5,False,"(*8,13)2,6,1-(10,14,11)-(3,12,9)4(5,16)7=15",6,3,6.5,False,-13,
201706040703,3,3歳未勝利,ダ,1800,晴,重,11:10,2017-09-24,中山,6,3,6,2014106133,カドモス,牡3,56,05243,柴山雄一,1:56.2,1.3/4,14-13-3-4,40.3,91.4,11,542(+4),00359,[東]高橋祥泰,790005,吉田勝己,,"(*8,12)(2,13)(5,14)1(10,11)7(3,16)9,6-15-4",14,1,1.5,False,"8,12(2,13)(5,14)1(10,11)(3,7,16)(9,6)-15-4",13,2,1.5,False,"(*8,13)6,2(1,12,14)(10,11)-(3,5,9,16)4-7=15",3,1,0.0,False,"(*8,13)2,6,1-(10,14,11)-(3,12,9)4(5,16)7=15",4,1,1.5,False,-13,
201706040703,3,3歳未勝利,ダ,1800,晴,重,11:10,2017-09-24,中山,7,6,11,2014105438,ヘイポーラ,牝3,54,01029,武士沢友,1:56.3,3/4,8-8-8-6,40.0,17.1,6,496(+6),01116,[東]新開幸一,138030,稲川一,,"(*8,12)(2,13)(5,14)1(10,11)7(3,16)9,6-15-4",8,2,0.0,False,"8,12(2,13)(5,14)1(10,11)(3,7,16)(9,6)-15-4",8,2,1.5,False,"(*8,13)6,2(1,12,14)(10,11)-(3,5,9,16)4-7=15",8,2,1.5,False,"(*8,13)2,6,1-(10,14,11)-(3,12,9)4(5,16)7=15",6,3,6.5,False,-13,
201706040703,3,3歳未勝利,ダ,1800,晴,重,11:10,2017-09-24,中山,8,7,14,2014105467,ラディアンスウェイ,牡3,56,01077,石橋脩,1:56.9,3.1/2,5-5-5-6,40.7,17.8,7,432(+2),01070,[東]堀宣行,415800,社台レースホース,,"(*8,12)(2,13)(5,14)1(10,11)7(3,16)9,6-15-4",5,2,0.0,False,"8,12(2,13)(5,14)1(10,11)(3,7,16)(9,6)-15-4",5,2,1.5,False,"(*8,13)6,2(1,12,14)(10,11)-(3,5,9,16)4-7=15",5,3,1.5,False,"(*8,13)2,6,1-(10,14,11)-(3,12,9)4(5,16)7=15",6,3,6.5,False,-13,
201706040703,3,3歳未勝利,ダ,1800,晴,重,11:10,2017-09-24,中山,9,4,7,2014101387,スギノエンプレス,牝3,54,00422,内田博幸,1:57.1,1,10-10-15-15,39.8,6.0,3,472(-4),01086,[東]斎藤誠,053803,杉山忠国,,"(*8,12)(2,13)(5,14)1(10,11)7(3,16)9,6-15-4",10,1,0.0,False,"8,12(2,13)(5,14)1(10,11)(3,7,16)(9,6)-15-4",10,3,1.5,False,"(*8,13)6,2(1,12,14)(10,11)-(3,5,9,16)4-7=15",15,1,8.5,False,"(*8,13)2,6,1-(10,14,11)-(3,12,9)4(5,16)7=15",15,1,10.0,False,-13,
201706040703,3,3歳未勝利,ダ,1800,晴,重,11:10,2017-09-24,中山,10,5,9,2014110022,コスモライジン,牡3,56,01009,柴田大知,1:57.1,ハナ,13-13-10-9,40.4,86.3,10,456(+4),00359,[東]高橋祥泰,716800,ビッグレッドファーム,,"(*8,12)(2,13)(5,14)1(10,11)7(3,16)9,6-15-4",13,1,0.0,False,"8,12(2,13)(5,14)1(10,11)(3,7,16)(9,6)-15-4",13,2,1.5,False,"(*8,13)6,2(1,12,14)(10,11)-(3,5,9,16)4-7=15",10,4,5.0,False,"(*8,13)2,6,1-(10,14,11)-(3,12,9)4(5,16)7=15",9,3,10.0,False,-13,
201706040703,3,3歳未勝利,ダ,1800,晴,重,11:10,2017-09-24,中山,11,2,3,2014106281,テンゴールドラブ,牝3,52,01149,伴啓太,1:57.3,1.1/2,11-10-10-9,40.5,232.1,14,438(-12),01141,[東]尾形和幸,075006,天白泰司,,"(*8,12)(2,13)(5,14)1(10,11)7(3,16)9,6-15-4",11,2,0.0,False,"8,12(2,13)(5,14)1(10,11)(3,7,16)(9,6)-15-4",10,3,1.5,False,"(*8,13)6,2(1,12,14)(10,11)-(3,5,9,16)4-7=15",10,4,5.0,False,"(*8,13)2,6,1-(10,14,11)-(3,12,9)4(5,16)7=15",9,3,10.0,False,-13,
201706040703,3,3歳未勝利,ダ,1800,晴,重,11:10,2017-09-24,中山,12,2,4,2014101381,クインズダルビー,セ3,56,01109,黛弘人,1:57.3,アタマ,16-16-14-12,40.4,97.9,12,460(0),01074,[東]奥平雅士,390803,亀田和弘,,"(*8,12)(2,13)(5,14)1(10,11)7(3,16)9,6-15-4",16,1,8.5,False,"8,12(2,13)(5,14)1(10,11)(3,7,16)(9,6)-15-4",16,1,8.5,False,"(*8,13)6,2(1,12,14)(10,11)-(3,5,9,16)4-7=15",14,1,5.0,False,"(*8,13)2,6,1-(10,14,11)-(3,12,9)4(5,16)7=15",12,1,10.0,False,-13,
201706040703,3,3歳未勝利,ダ,1800,晴,重,11:10,2017-09-24,中山,13,8,16,2014102239,エンジェルナンバー,牝3,54,00689,江田照男,1:57.7,2.1/2,11-10-10-13,41.0,152.7,13,430(-2),01089,[東]武市康男,851009,岡田牧雄,,"(*8,12)(2,13)(5,14)1(10,11)7(3,16)9,6-15-4",11,2,0.0,False,"8,12(2,13)(5,14)1(10,11)(3,7,16)(9,6)-15-4",10,3,1.5,False,"(*8,13)6,2(1,12,14)(10,11)-(3,5,9,16)4-7=15",10,4,5.0,False,"(*8,13)2,6,1-(10,14,11)-(3,12,9)4(5,16)7=15",13,2,10.0,False,-13,
201706040703,3,3歳未勝利,ダ,1800,晴,重,11:10,2017-09-24,中山,14,6,12,2014102871,パープルハート,牝3,53,01151,井上敏樹,1:58.0,1.3/4,2-2-5-9,41.8,259.1,15,494(-8),01052,[東]菊川正達,686800,吉田牧場,,"(*8,12)(2,13)(5,14)1(10,11)7(3,16)9,6-15-4",2,2,0.0,False,"8,12(2,13)(5,14)1(10,11)(3,7,16)(9,6)-15-4",2,1,1.5,False,"(*8,13)6,2(1,12,14)(10,11)-(3,5,9,16)4-7=15",5,3,1.5,False,"(*8,13)2,6,1-(10,14,11)-(3,12,9)4(5,16)7=15",9,3,10.0,False,-13,
201706040703,3,3歳未勝利,ダ,1800,晴,重,11:10,2017-09-24,中山,15,8,15,2014104736,サクラトップキング,牡3,53,01158,野中悠太,1:58.4,2.1/2,15-15-16-16,40.3,401.9,16,512(-6),00420,[東]宗像義忠,018803,トップフェロウ,,"(*8,12)(2,13)(5,14)1(10,11)7(3,16)9,6-15-4",15,1,5.0,False,"8,12(2,13)(5,14)1(10,11)(3,7,16)(9,6)-15-4",15,1,5.0,False,"(*8,13)6,2(1,12,14)(10,11)-(3,5,9,16)4-7=15",16,1,14.5,False,"(*8,13)2,6,1-(10,14,11)-(3,12,9)4(5,16)7=15",16,1,16.0,False,-13,
201706040703,3,3歳未勝利,ダ,1800,晴,重,11:10,2017-09-24,中山,16,3,5,2014105911,ドラゴンワーグナー,牡3,56,01043,北村宏司,1:59.2,5,5-5-10-13,42.4,31.0,8,484(+3),01118,[東]高柳瑞樹,514008,窪田康志,,"(*8,12)(2,13)(5,14)1(10,11)7(3,16)9,6-15-4",5,2,0.0,False,"8,12(2,13)(5,14)1(10,11)(3,7,16)(9,6)-15-4",5,2,1.5,False,"(*8,13)6,2(1,12,14)(10,11)-(3,5,9,16)4-7=15",10,4,5.0,False,"(*8,13)2,6,1-(10,14,11)-(3,12,9)4(5,16)7=15",13,2,10.0,False,-13,
201706040704,4,2歳新馬,ダ,1200,晴,重,11:40,2017-09-24,中山,1,8,16,2015103498,デンコウケンジャ,牡2,54,00641,柴田善臣,1:11.7,,5-2,37.5,6.4,3,488(0),01136,[西]高橋亮,484007,田中康弘,700.0,,,,,,,,,,,"(*2,8)(4,7)(9,16)-15-14-(5,6)1-12,3-10=13=11",5,2,0.0,False,"8,16(2,9)7-15(4,6)14-(1,5)=(3,12)=10=13=11",2,1,1.5,False,-14,
201706040704,4,2歳新馬,ダ,1200,晴,重,11:40,2017-09-24,中山,2,5,9,2015104378,リードザウインド,牝2,54,01122,三浦皇成,1:12.3,3.1/2,5-3,38.1,15.5,4,462(0),01068,[東]小島茂之,758005,吉田照哉,280.0,,,,,,,,,,,"(*2,8)(4,7)(9,16)-15-14-(5,6)1-12,3-10=13=11",5,2,0.0,False,"8,16(2,9)7-15(4,6)14-(1,5)=(3,12)=10=13=11",3,2,1.5,False,-14,
201706040704,4,2歳新馬,ダ,1200,晴,重,11:40,2017-09-24,中山,3,4,8,2015100512,タガノアム,牝2,54,01075,田辺裕信,1:12.9,3.1/2,2-1,38.9,4.2,2,480(0),00411,[西]浅見秀一,859002,八木良司,180.0,,,,,,,,,,,"(*2,8)(4,7)(9,16)-15-14-(5,6)1-12,3-10=13=11",2,2,0.0,False,"8,16(2,9)7-15(4,6)14-(1,5)=(3,12)=10=13=11",1,1,0.0,False,-14,
201706040704,4,2歳新馬,ダ,1200,晴,重,11:40,2017-09-24,中山,4,3,6,2015103373,カナメ,牡2,54,01043,北村宏司,1:13.1,1.1/4,9-7,37.7,36.7,6,526(0),01109,[東]伊藤大士,960030,玉腰勇吉,110.0,,,,,,,,,,,"(*2,8)(4,7)(9,16)-15-14-(5,6)1-12,3-10=13=11",9,2,10.5,False,"8,16(2,9)7-15(4,6)14-(1,5)=(3,12)=10=13=11",7,2,5.0,False,-14,
201706040704,4,2歳新馬,ダ,1200,晴,重,11:40,2017-09-24,中山,5,4,7,2015103080,エルモアレッタ,牝2,51,01158,野中悠太,1:14.0,5,3-5,39.9,20.1,5,470(0),00405,[東]小西一男,855030,田頭勇貴,70.0,,,,,,,,,,,"(*2,8)(4,7)(9,16)-15-14-(5,6)1-12,3-10=13=11",3,2,0.0,False,"8,16(2,9)7-15(4,6)14-(1,5)=(3,12)=10=13=11",5,1,1.5,False,-14,
201706040704,4,2歳新馬,ダ,1200,晴,重,11:40,2017-09-24,中山,6,8,15,2015106416,パスイ,牡2,54,00726,岩部純二,1:14.4,2.1/2,7-6,39.7,62.5,11,476(0),01014,[東]高市圭二,629800,ミルファーム,,,,,,,,,,,,"(*2,8)(4,7)(9,16)-15-14-(5,6)1-12,3-10=13=11",7,1,3.5,False,"8,16(2,9)7-15(4,6)14-(1,5)=(3,12)=10=13=11",6,1,5.0,False,-14,
201706040704,4,2歳新馬,ダ,1200,晴,重,11:40,2017-09-24,中山,7,1,1,2015101066,ブルベアタカナ,牡2,51,01169,武藤雅,1:14.6,1.1/4,11-10,38.9,46.7,10,434(0),01010,[東]中野栄治,843800,ブルアンドベア,,,,,,,,,,,,"(*2,8)(4,7)(9,16)-15-14-(5,6)1-12,3-10=13=11",11,1,10.5,False,"8,16(2,9)7-15(4,6)14-(1,5)=(3,12)=10=13=11",10,2,8.5,False,-14,
201706040704,4,2歳新馬,ダ,1200,晴,重,11:40,2017-09-24,中山,8,7,14,2015100277,タケノライデン,牡2,54,01051,嘉藤貴行,1:15.0,2.1/2,8-9,39.9,83.4,12,484(0),01112,[東]田島俊明,405006,礒野日出夫,,,,,,,,,,,,"(*2,8)(4,7)(9,16)-15-14-(5,6)1-12,3-10=13=11",8,1,7.0,False,"8,16(2,9)7-15(4,6)14-(1,5)=(3,12)=10=13=11",9,1,5.0,False,-14,
201706040704,4,2歳新馬,ダ,1200,晴,重,11:40,2017-09-24,中山,9,3,5,2015109017,ソウシソウアイ,牝2,53,01153,木幡初也,1:15.6,3.1/2,9-10,40.1,243.2,15,472(0),01090,[東]天間昭一,772002,西村新一郎,,,,,,,,,,,,"(*2,8)(4,7)(9,16)-15-14-(5,6)1-12,3-10=13=11",9,2,10.5,False,"8,16(2,9)7-15(4,6)14-(1,5)=(3,12)=10=13=11",10,2,8.5,False,-14,
201706040704,4,2歳新馬,ダ,1200,晴,重,11:40,2017-09-24,中山,10,2,3,2015105805,ペンテコステ,牝2,54,01135,杉原誠人,1:16.1,3,13-12,39.9,230.6,14,432(0),00428,[東]石毛善彦,629800,ミルファーム,,,,,,,,,,,,"(*2,8)(4,7)(9,16)-15-14-(5,6)1-12,3-10=13=11",13,1,15.5,False,"8,16(2,9)7-15(4,6)14-(1,5)=(3,12)=10=13=11",12,2,14.5,False,-14,
201706040704,4,2歳新馬,ダ,1200,晴,重,11:40,2017-09-24,中山,11,5,10,2015101348,プタハ,牡2,54,05386,戸崎圭太,1:16.1,アタマ,14-14,39.2,1.9,1,522(0),01086,[東]斎藤誠,227007,高瀬真尚,,,,,,,,,,,,"(*2,8)(4,7)(9,16)-15-14-(5,6)1-12,3-10=13=11",14,1,19.0,False,"8,16(2,9)7-15(4,6)14-(1,5)=(3,12)=10=13=11",14,1,20.5,False,-14,
201706040704,4,2歳新馬,ダ,1200,晴,重,11:40,2017-09-24,中山,12,2,4,2015103044,ダッシュトマホーク,牡2,51,01164,藤田菜七,1:16.1,クビ,3-7,42.0,46.2,9,450(0),01080,[東]清水英克,855030,田頭勇貴,,,,,,,,,,,,"(*2,8)(4,7)(9,16)-15-14-(5,6)1-12,3-10=13=11",3,2,0.0,False,"8,16(2,9)7-15(4,6)14-(1,5)=(3,12)=10=13=11",7,2,5.0,False,-14,
201706040704,4,2歳新馬,ダ,1200,晴,重,11:40,2017-09-24,中山,13,6,12,2015103911,ダイメイジャガー,牡2,54,01134,嶋田純次,1:16.2,1/2,12-12,40.2,367.6,16,454(0),01010,[東]中野栄治,177033,宮本昇,,,,,,,,,,,,"(*2,8)(4,7)(9,16)-15-14-(5,6)1-12,3-10=13=11",12,1,14.0,False,"8,16(2,9)7-15(4,6)14-(1,5)=(3,12)=10=13=11",12,2,14.5,False,-14,
201706040704,4,2歳新馬,ダ,1200,晴,重,11:40,2017-09-24,中山,14,7,13,2015102123,スズカアーチスト,牝2,54,00422,内田博幸,1:16.4,1.1/2,15-15,38.2,40.8,7,470(0),01023,[東]伊藤圭三,382004,永井啓弍,,,,,,,,,,,,"(*2,8)(4,7)(9,16)-15-14-(5,6)1-12,3-10=13=11",15,1,25.0,False,"8,16(2,9)7-15(4,6)14-(1,5)=(3,12)=10=13=11",15,1,26.5,False,-14,
201706040704,4,2歳新馬,ダ,1200,晴,重,11:40,2017-09-24,中山,15,1,2,2015103550,プリンシアブラスカ,牝2,54,01131,西村太一,1:16.5,3/4,1-3,42.5,42.8,8,434(0),01067,[東]久保田貴,253030,芳川貴行,,,,,,,,,,,,"(*2,8)(4,7)(9,16)-15-14-(5,6)1-12,3-10=13=11",1,2,0.0,True,"8,16(2,9)7-15(4,6)14-(1,5)=(3,12)=10=13=11",3,2,1.5,False,-14,
201706040704,4,2歳新馬,ダ,1200,晴,重,11:40,2017-09-24,中山,16,6,11,2015109057,トウショウデヴィル,牡2,54,01127,丸山元気,1:17.2,4,16-16,37.5,203.3,13,520(0),00417,[東]土田稔,078800,トウショウ産業,,,,,,,,,,,,"(*2,8)(4,7)(9,16)-15-14-(5,6)1-12,3-10=13=11",16,1,31.0,False,"8,16(2,9)7-15(4,6)14-(1,5)=(3,12)=10=13=11",16,1,32.5,False,-14,
201706040705,5,2歳新馬,芝,2000,晴,良,12:30,2017-09-24,中山,1,8,12,2015104406,ダイワメモリー,牝2,54,00422,内田博幸,2:06.1,,4-4-5-5,34.2,4.9,2,466(0),00399,[東]国枝栄,587008,大城敬三,700.0,"1(2,6)(4,12)9(5,8)10-(11,3)-7",4,2,0.0,False,"(*1,6)-2(4,12)9(5,8,7)10(11,3)",4,2,3.5,False,"(*1,6)(7,3)12(4,10,8)(2,9)(11,5)",5,1,0.0,False,"(*1,6)(7,3)12,8(4,10)9-(2,11,5)",5,1,0.0,False,-9,馬場は乾き、土曜と比べて時計は出やすくなった。ただし、コンディションが大きく変わったわけではない。
201706040705,5,2歳新馬,芝,2000,晴,良,12:30,2017-09-24,中山,2,1,1,2015100751,マイネルプリンチペ,牡2,54,01009,柴田大知,2:06.2,3/4,1-1-1-1,34.7,2.6,1,446(0),01048,[東]畠山吉宏,546800,サラブレッドクラブ・...,280.0,"1(2,6)(4,12)9(5,8)10-(11,3)-7",1,1,0.0,False,"(*1,6)-2(4,12)9(5,8,7)10(11,3)",1,2,0.0,True,"(*1,6)(7,3)12(4,10,8)(2,9)(11,5)",1,2,0.0,True,"(*1,6)(7,3)12,8(4,10)9-(2,11,5)",1,2,0.0,True,-9,馬場は乾き、土曜と比べて時計は出やすくなった。ただし、コンディションが大きく変わったわけではない。
201706040705,5,2歳新馬,芝,2000,晴,良,12:30,2017-09-24,中山,3,3,3,2015104226,エピキュリアン,牡2,54,01095,吉田隼人,2:06.2,クビ,10-11-3-3,34.4,6.5,4,494(0),01059,[東]加藤征弘,338007,村野康司,180.0,"1(2,6)(4,12)9(5,8)10-(11,3)-7",10,2,3.5,False,"(*1,6)-2(4,12)9(5,8,7)10(11,3)",11,2,3.5,False,"(*1,6)(7,3)12(4,10,8)(2,9)(11,5)",3,2,0.0,False,"(*1,6)(7,3)12,8(4,10)9-(2,11,5)",3,2,0.0,False,-9,馬場は乾き、土曜と比べて時計は出やすくなった。ただし、コンディションが大きく変わったわけではない。
201706040705,5,2歳新馬,芝,2000,晴,良,12:30,2017-09-24,中山,4,7,9,2015106081,シャープスティーン,牝2,54,05386,戸崎圭太,2:06.4,1.1/4,6-6-9-9,34.1,4.9,3,458(0),01147,[東]武井亮,675030,林正道,110.0,"1(2,6)(4,12)9(5,8)10-(11,3)-7",6,1,0.0,False,"(*1,6)-2(4,12)9(5,8,7)10(11,3)",6,1,3.5,False,"(*1,6)(7,3)12(4,10,8)(2,9)(11,5)",9,2,0.0,False,"(*1,6)(7,3)12,8(4,10)9-(2,11,5)",9,1,1.5,False,-9,馬場は乾き、土曜と比べて時計は出やすくなった。ただし、コンディションが大きく変わったわけではない。
201706040705,5,2歳新馬,芝,2000,晴,良,12:30,2017-09-24,中山,5,5,6,2015100756,マノン,牝2,54,01077,石橋脩,2:06.7,2,2-2-2-2,35.2,40.4,8,440(0),01051,[東]岩戸孝樹,716800,ビッグレッドファーム,70.0,"1(2,6)(4,12)9(5,8)10-(11,3)-7",2,2,0.0,False,"(*1,6)-2(4,12)9(5,8,7)10(11,3)",2,2,0.0,False,"(*1,6)(7,3)12(4,10,8)(2,9)(11,5)",2,2,0.0,False,"(*1,6)(7,3)12,8(4,10)9-(2,11,5)",2,2,0.0,False,-9,馬場は乾き、土曜と比べて時計は出やすくなった。ただし、コンディションが大きく変わったわけではない。
201706040705,5,2歳新馬,芝,2000,晴,良,12:30,2017-09-24,中山,6,6,8,2015104940,ハーツイグニション,牝2,54,01043,北村宏司,2:06.8,1/2,7-7-6-6,34.7,15.0,6,444(0),00420,[東]宗像義忠,790005,吉田勝己,,"1(2,6)(4,12)9(5,8)10-(11,3)-7",7,2,0.0,False,"(*1,6)-2(4,12)9(5,8,7)10(11,3)",7,3,3.5,False,"(*1,6)(7,3)12(4,10,8)(2,9)(11,5)",6,3,0.0,False,"(*1,6)(7,3)12,8(4,10)9-(2,11,5)",6,1,1.5,False,-9,馬場は乾き、土曜と比べて時計は出やすくなった。ただし、コンディションが大きく変わったわけではない。
201706040705,5,2歳新馬,芝,2000,晴,良,12:30,2017-09-24,中山,7,7,10,2015103423,ツォルニッヒ,牝2,54,01122,三浦皇成,2:07.2,2.1/2,9-10-6-7,35.2,55.3,10,468(0),01088,[東]高木登,877800,ラ・メール,,"1(2,6)(4,12)9(5,8)10-(11,3)-7",9,1,0.0,False,"(*1,6)-2(4,12)9(5,8,7)10(11,3)",10,1,3.5,False,"(*1,6)(7,3)12(4,10,8)(2,9)(11,5)",6,3,0.0,False,"(*1,6)(7,3)12,8(4,10)9-(2,11,5)",7,2,1.5,False,-9,馬場は乾き、土曜と比べて時計は出やすくなった。ただし、コンディションが大きく変わったわけではない。
201706040705,5,2歳新馬,芝,2000,晴,良,12:30,2017-09-24,中山,8,6,7,2015105816,ショウナンカマクラ,牡2,54,01092,津村明秀,2:07.4,1.1/4,12-7-3-3,35.7,96.0,11,482(0),01131,[東]蛯名利弘,331002,国本哲秀,,"1(2,6)(4,12)9(5,8)10-(11,3)-7",12,1,7.0,False,"(*1,6)-2(4,12)9(5,8,7)10(11,3)",7,3,3.5,False,"(*1,6)(7,3)12(4,10,8)(2,9)(11,5)",3,2,0.0,False,"(*1,6)(7,3)12,8(4,10)9-(2,11,5)",3,2,0.0,False,-9,馬場は乾き、土曜と比べて時計は出やすくなった。ただし、コンディションが大きく変わったわけではない。
201706040705,5,2歳新馬,芝,2000,晴,良,12:30,2017-09-24,中山,9,4,4,2015104000,ニコラオス,牡2,54,01025,勝浦正樹,2:07.5,クビ,4-4-6-7,35.5,40.4,7,498(0),01010,[東]中野栄治,461008,八巻弘一,,"1(2,6)(4,12)9(5,8)10-(11,3)-7",4,2,0.0,False,"(*1,6)-2(4,12)9(5,8,7)10(11,3)",4,2,3.5,False,"(*1,6)(7,3)12(4,10,8)(2,9)(11,5)",6,3,0.0,False,"(*1,6)(7,3)12,8(4,10)9-(2,11,5)",7,2,1.5,False,-9,馬場は乾き、土曜と比べて時計は出やすくなった。ただし、コンディションが大きく変わったわけではない。
201706040705,5,2歳新馬,芝,2000,晴,良,12:30,2017-09-24,中山,10,8,11,2015104805,ドーファン,牡2,54,05243,柴山雄一,2:07.5,アタマ,10-11-11-10,34.9,11.0,5,506(0),01081,[東]中川公成,506800,シルクレーシング,,"1(2,6)(4,12)9(5,8)10-(11,3)-7",10,2,3.5,False,"(*1,6)-2(4,12)9(5,8,7)10(11,3)",11,2,3.5,False,"(*1,6)(7,3)12(4,10,8)(2,9)(11,5)",11,2,0.0,False,"(*1,6)(7,3)12,8(4,10)9-(2,11,5)",10,3,5.0,False,-9,馬場は乾き、土曜と比べて時計は出やすくなった。ただし、コンディションが大きく変わったわけではない。
201706040705,5,2歳新馬,芝,2000,晴,良,12:30,2017-09-24,中山,11,5,5,2015101941,シックスマイル,牝2,54,00733,吉田豊,2:07.6,1/2,7-7-11-10,35.0,112.4,12,456(0),00349,[東]尾形充弘,017009,古川嘉治,,"1(2,6)(4,12)9(5,8)10-(11,3)-7",7,2,0.0,False,"(*1,6)-2(4,12)9(5,8,7)10(11,3)",7,3,3.5,False,"(*1,6)(7,3)12(4,10,8)(2,9)(11,5)",11,2,0.0,False,"(*1,6)(7,3)12,8(4,10)9-(2,11,5)",10,3,5.0,False,-9,馬場は乾き、土曜と比べて時計は出やすくなった。ただし、コンディションが大きく変わったわけではない。
201706040705,5,2歳新馬,芝,2000,晴,良,12:30,2017-09-24,中山,12,2,2,2015103674,ジャストアキッス,牝2,51,01169,武藤雅,2:07.6,アタマ,2-3-9-10,35.3,53.0,9,494(0),01064,[東]武藤善則,102800,ターフ・スポート,,"1(2,6)(4,12)9(5,8)10-(11,3)-7",2,2,0.0,False,"(*1,6)-2(4,12)9(5,8,7)10(11,3)",3,1,3.5,False,"(*1,6)(7,3)12(4,10,8)(2,9)(11,5)",9,2,0.0,False,"(*1,6)(7,3)12,8(4,10)9-(2,11,5)",10,3,5.0,False,-9,馬場は乾き、土曜と比べて時計は出やすくなった。ただし、コンディションが大きく変わったわけではない。
201706040706,6,3歳以上500万下,ダ,1800,晴,稍重,13:00,2017-09-24,中山,1,5,10,2014102387,モリトシラユリ,牝3,52,05386,戸崎圭太,1:53.4,,9-8-8-8,37.6,1.6,1,480(-2),00436,[東]堀井雅広,239002,石橋忠之,750.0,"6(4,12)(3,11)13-(8,16)10-(14,5)7,15(1,2)9",9,1,3.5,False,"6(4,12)(3,11)13,8(10,16)5,14,7(1,15)2-9",8,2,1.5,False,"12-6,4(13,5)(3,8)-(11,16,10)7,14-(1,15)2-9",8,3,8.5,False,"12(6,4)(13,5)(3,8)10,16-(11,14)7(1,15)2-9",8,1,0.0,False,-12,
201706040706,6,3歳以上500万下,ダ,1800,晴,稍重,13:00,2017-09-24,中山,2,4,8,2013105703,シトロプシス,牝4,55,00684,田中勝春,1:53.5,1/2,7-7-6-6,38.1,22.2,7,474(0),01048,[東]畠山吉宏,415800,社台レースホース,300.0,"6(4,12)(3,11)13-(8,16)10-(14,5)7,15(1,2)9",7,2,3.5,False,"6(4,12)(3,11)13,8(10,16)5,14,7(1,15)2-9",7,1,1.5,False,"12-6,4(13,5)(3,8)-(11,16,10)7,14-(1,15)2-9",6,2,5.0,False,"12(6,4)(13,5)(3,8)10,16-(11,14)7(1,15)2-9",6,2,0.0,False,-12,
201706040706,6,3歳以上500万下,ダ,1800,晴,稍重,13:00,2017-09-24,中山,3,2,3,2014103600,ジュブリーユ,牝3,52,00689,江田照男,1:53.6,3/4,4-4-6-6,38.3,6.0,2,486(0),01106,[東]牧光二,851009,岡田牧雄,190.0,"6(4,12)(3,11)13-(8,16)10-(14,5)7,15(1,2)9",4,2,0.0,False,"6(4,12)(3,11)13,8(10,16)5,14,7(1,15)2-9",4,2,0.0,False,"12-6,4(13,5)(3,8)-(11,16,10)7,14-(1,15)2-9",6,2,5.0,False,"12(6,4)(13,5)(3,8)10,16-(11,14)7(1,15)2-9",6,2,0.0,False,-12,
201706040706,6,3歳以上500万下,ダ,1800,晴,稍重,13:00,2017-09-24,中山,4,2,4,2012102119,ハッピーサークル,牝5,55,01077,石橋脩,1:54.0,2.1/2,2-2-3-2,39.2,20.9,6,482(+4),01112,[東]田島俊明,099007,西村專次,110.0,"6(4,12)(3,11)13-(8,16)10-(14,5)7,15(1,2)9",2,2,0.0,False,"6(4,12)(3,11)13,8(10,16)5,14,7(1,15)2-9",2,2,0.0,False,"12-6,4(13,5)(3,8)-(11,16,10)7,14-(1,15)2-9",3,1,5.0,False,"12(6,4)(13,5)(3,8)10,16-(11,14)7(1,15)2-9",2,2,0.0,False,-12,
201706040706,6,3歳以上500万下,ダ,1800,晴,稍重,13:00,2017-09-24,中山,5,6,12,2013105436,ライムチャン,牝4,55,01025,勝浦正樹,1:54.0,クビ,2-2-1-1,39.7,12.2,4,484(+10),01106,[東]牧光二,026700,ケンレーシング組合,75.0,"6(4,12)(3,11)13-(8,16)10-(14,5)7,15(1,2)9",2,2,0.0,False,"6(4,12)(3,11)13,8(10,16)5,14,7(1,15)2-9",2,2,0.0,False,"12-6,4(13,5)(3,8)-(11,16,10)7,14-(1,15)2-9",1,1,0.0,False,"12(6,4)(13,5)(3,8)10,16-(11,14)7(1,15)2-9",1,1,0.0,False,-12,
201706040706,6,3歳以上500万下,ダ,1800,晴,稍重,13:00,2017-09-24,中山,6,3,5,2013106142,スプリングキャロル,牝4,55,01142,長岡禎仁,1:54.1,1/2,10-10-4-4,39.0,67.4,12,432(+8),01068,[東]小島茂之,226800,サンデーレーシング,,"6(4,12)(3,11)13-(8,16)10-(14,5)7,15(1,2)9",10,2,7.0,False,"6(4,12)(3,11)13,8(10,16)5,14,7(1,15)2-9",10,1,1.5,False,"12-6,4(13,5)(3,8)-(11,16,10)7,14-(1,15)2-9",4,2,5.0,False,"12(6,4)(13,5)(3,8)10,16-(11,14)7(1,15)2-9",4,2,0.0,False,-12,
201706040706,6,3歳以上500万下,ダ,1800,晴,稍重,13:00,2017-09-24,中山,7,8,16,2013101497,テンノサクラコ,牝4,52,01158,野中悠太,1:54.3,1.1/4,7-8-8-9,38.6,72.1,13,482(+14),00405,[東]小西一男,075006,天白泰司,,"6(4,12)(3,11)13-(8,16)10-(14,5)7,15(1,2)9",7,2,3.5,False,"6(4,12)(3,11)13,8(10,16)5,14,7(1,15)2-9",8,2,1.5,False,"12-6,4(13,5)(3,8)-(11,16,10)7,14-(1,15)2-9",8,3,8.5,False,"12(6,4)(13,5)(3,8)10,16-(11,14)7(1,15)2-9",9,1,1.5,False,-12,
201706040706,6,3歳以上500万下,ダ,1800,晴,稍重,13:00,2017-09-24,中山,8,7,13,2013101391,デフィニール,牝4,55,01009,柴田大知,1:54.3,アタマ,6-6-4-4,39.2,54.3,10,472(0),01108,[東]矢野英一,032800,ローレルレーシング,,"6(4,12)(3,11)13-(8,16)10-(14,5)7,15(1,2)9",6,1,0.0,False,"6(4,12)(3,11)13,8(10,16)5,14,7(1,15)2-9",6,1,0.0,False,"12-6,4(13,5)(3,8)-(11,16,10)7,14-(1,15)2-9",4,2,5.0,False,"12(6,4)(13,5)(3,8)10,16-(11,14)7(1,15)2-9",4,2,0.0,False,-12,
201706040706,6,3歳以上500万下,ダ,1800,晴,稍重,13:00,2017-09-24,中山,9,7,14,2013104089,トキメキユキチャン,牝4,52,01169,武藤雅,1:54.3,クビ,10-11-12-10,38.3,37.3,9,436(-4),01035,[東]佐藤吉勝,268006,片岡正雄,,"6(4,12)(3,11)13-(8,16)10-(14,5)7,15(1,2)9",10,2,7.0,False,"6(4,12)(3,11)13,8(10,16)5,14,7(1,15)2-9",11,1,3.0,False,"12-6,4(13,5)(3,8)-(11,16,10)7,14-(1,15)2-9",12,1,10.0,False,"12(6,4)(13,5)(3,8)10,16-(11,14)7(1,15)2-9",10,2,5.0,False,-12,
201706040706,6,3歳以上500万下,ダ,1800,晴,稍重,13:00,2017-09-24,中山,10,3,6,2014104248,ホノカ,牝3,49,01164,藤田菜七,1:54.7,2.1/2,1-1-2-2,40.0,8.3,3,482(+2),01052,[東]菊川正達,051803,ＫＴレーシング,,"6(4,12)(3,11)13-(8,16)10-(14,5)7,15(1,2)9",1,1,0.0,False,"6(4,12)(3,11)13,8(10,16)5,14,7(1,15)2-9",1,1,0.0,False,"12-6,4(13,5)(3,8)-(11,16,10)7,14-(1,15)2-9",2,1,3.5,False,"12(6,4)(13,5)(3,8)10,16-(11,14)7(1,15)2-9",2,2,0.0,False,-12,
201706040706,6,3歳以上500万下,ダ,1800,晴,稍重,13:00,2017-09-24,中山,11,1,2,2013105365,ラインセイラ,牝4,55,01029,武士沢友,1:55.0,2,14-15-15-15,38.3,65.9,11,470(+4),01094,[東]水野貴広,796002,大澤繁昌,,"6(4,12)(3,11)13-(8,16)10-(14,5)7,15(1,2)9",14,2,8.5,False,"6(4,12)(3,11)13,8(10,16)5,14,7(1,15)2-9",15,1,4.5,False,"12-6,4(13,5)(3,8)-(11,16,10)7,14-(1,15)2-9",15,1,13.5,False,"12(6,4)(13,5)(3,8)10,16-(11,14)7(1,15)2-9",15,1,5.0,False,-12,
201706040706,6,3歳以上500万下,ダ,1800,晴,稍重,13:00,2017-09-24,中山,12,1,1,2014100221,ウインミストレス,牝3,52,00422,内田博幸,1:55.0,ハナ,14-13-13-13,38.7,19.5,5,460(+2),01089,[東]武市康男,494800,ウイン,,"6(4,12)(3,11)13-(8,16)10-(14,5)7,15(1,2)9",14,2,8.5,False,"6(4,12)(3,11)13,8(10,16)5,14,7(1,15)2-9",13,2,4.5,False,"12-6,4(13,5)(3,8)-(11,16,10)7,14-(1,15)2-9",13,2,13.5,False,"12(6,4)(13,5)(3,8)10,16-(11,14)7(1,15)2-9",13,2,5.0,False,-12,
201706040706,6,3歳以上500万下,ダ,1800,晴,稍重,13:00,2017-09-24,中山,13,8,15,2012103681,テイア,牝5,55,01134,嶋田純次,1:55.4,2.1/2,13-13-13-13,39.0,302.0,15,428(+10),00428,[東]石毛善彦,629800,ミルファーム,,"6(4,12)(3,11)13-(8,16)10-(14,5)7,15(1,2)9",13,1,8.5,False,"6(4,12)(3,11)13,8(10,16)5,14,7(1,15)2-9",13,2,4.5,False,"12-6,4(13,5)(3,8)-(11,16,10)7,14-(1,15)2-9",13,2,13.5,False,"12(6,4)(13,5)(3,8)10,16-(11,14)7(1,15)2-9",13,2,5.0,False,-12,
201706040706,6,3歳以上500万下,ダ,1800,晴,稍重,13:00,2017-09-24,中山,14,4,7,2014105292,バブルウィズジョイ,牝3,49,01170,横山武史,1:56.5,7,12-12-11-12,40.6,28.2,8,490(-8),01103,[東]尾関知人,226800,サンデーレーシング,,"6(4,12)(3,11)13-(8,16)10-(14,5)7,15(1,2)9",12,1,7.0,False,"6(4,12)(3,11)13,8(10,16)5,14,7(1,15)2-9",12,1,4.5,False,"12-6,4(13,5)(3,8)-(11,16,10)7,14-(1,15)2-9",11,1,8.5,False,"12(6,4)(13,5)(3,8)10,16-(11,14)7(1,15)2-9",12,1,5.0,False,-12,
201706040706,6,3歳以上500万下,ダ,1800,晴,稍重,13:00,2017-09-24,中山,15,6,11,2014105976,ジャンヌ,牝3,51,01151,井上敏樹,1:56.7,1.1/2,4-4-8-10,41.0,352.8,16,392(0),01038,[東]手塚貴久,007060,荒牧政美,,"6(4,12)(3,11)13-(8,16)10-(14,5)7,15(1,2)9",4,2,0.0,False,"6(4,12)(3,11)13,8(10,16)5,14,7(1,15)2-9",4,2,0.0,False,"12-6,4(13,5)(3,8)-(11,16,10)7,14-(1,15)2-9",8,3,8.5,False,"12(6,4)(13,5)(3,8)10,16-(11,14)7(1,15)2-9",10,2,5.0,False,-12,
201706040706,6,3歳以上500万下,ダ,1800,晴,稍重,13:00,2017-09-24,中山,16,5,9,2014105893,シルヴァーナ,牝3,52,01119,伊藤工真,1:57.0,1.1/2,16-16-16-16,39.9,203.9,14,456(+4),00420,[東]宗像義忠,486800,キャロットファーム,,"6(4,12)(3,11)13-(8,16)10-(14,5)7,15(1,2)9",16,1,8.5,False,"6(4,12)(3,11)13,8(10,16)5,14,7(1,15)2-9",16,1,8.0,False,"12-6,4(13,5)(3,8)-(11,16,10)7,14-(1,15)2-9",16,1,17.0,False,"12(6,4)(13,5)(3,8)10,16-(11,14)7(1,15)2-9",16,1,8.5,False,-12,
201706040707,7,3歳以上500万下,芝,1200,曇,良,13:30,2017-09-24,中山,1,2,4,2013100782,ファド,牝4,52,01169,武藤雅,1:08.3,,1-1,34.0,6.0,3,496(-2),01108,[東]矢野英一,098803,Ｇリビエール・レーシ...,750.0,,,,,,,,,,,"4,12(3,16)(10,11,15)(5,6)(2,14)8(1,13)-(7,9)",1,1,0.0,False,"4(12,16)(3,10,11)15(5,6)14(2,13)(1,8)9,7",1,1,0.0,False,-9,馬場は乾き、土曜と比べて時計は出やすくなった。ただし、コンディションが大きく変わったわけではない。
201706040707,7,3歳以上500万下,芝,1200,曇,良,13:30,2017-09-24,中山,2,1,2,2013102424,プレイヤード,牡4,57,00689,江田照男,1:08.6,2,10-11,33.4,16.2,6,506(-6),01119,[東]田中剛,948006,前田幸治,300.0,,,,,,,,,,,"4,12(3,16)(10,11,15)(5,6)(2,14)8(1,13)-(7,9)",10,2,1.5,False,"4(12,16)(3,10,11)15(5,6)14(2,13)(1,8)9,7",11,2,0.0,False,-9,馬場は乾き、土曜と比べて時計は出やすくなった。ただし、コンディションが大きく変わったわけではない。
201706040707,7,3歳以上500万下,芝,1200,曇,良,13:30,2017-09-24,中山,3,8,16,2014103714,ショウナンアエラ,牡3,55,00422,内田博幸,1:08.7,3/4,3-2,34.0,2.4,1,478(+6),01145,[東]奥村武,331002,国本哲秀,190.0,,,,,,,,,,,"4,12(3,16)(10,11,15)(5,6)(2,14)8(1,13)-(7,9)",3,2,1.5,False,"4(12,16)(3,10,11)15(5,6)14(2,13)(1,8)9,7",2,2,0.0,False,-9,馬場は乾き、土曜と比べて時計は出やすくなった。ただし、コンディションが大きく変わったわけではない。
201706040707,7,3歳以上500万下,芝,1200,曇,良,13:30,2017-09-24,中山,4,6,11,2014102705,ニシノヒナマツリ,牝3,53,01127,丸山元気,1:09.0,1.3/4,5-4,34.2,15.5,5,468(0),01029,[東]根本康広,897009,西山茂行,110.0,,,,,,,,,,,"4,12(3,16)(10,11,15)(5,6)(2,14)8(1,13)-(7,9)",5,3,1.5,False,"4(12,16)(3,10,11)15(5,6)14(2,13)(1,8)9,7",4,3,0.0,False,-9,馬場は乾き、土曜と比べて時計は出やすくなった。ただし、コンディションが大きく変わったわけではない。
201706040707,7,3歳以上500万下,芝,1200,曇,良,13:30,2017-09-24,中山,5,3,6,2013104362,コスモフレンチ,牡4,57,01009,柴田大知,1:09.0,クビ,8-8,34.0,5.1,2,518(+6),01051,[東]岩戸孝樹,716800,ビッグレッドファーム,75.0,,,,,,,,,,,"4,12(3,16)(10,11,15)(5,6)(2,14)8(1,13)-(7,9)",8,2,1.5,False,"4(12,16)(3,10,11)15(5,6)14(2,13)(1,8)9,7",8,2,0.0,False,-9,馬場は乾き、土曜と比べて時計は出やすくなった。ただし、コンディションが大きく変わったわけではない。
201706040707,7,3歳以上500万下,芝,1200,曇,良,13:30,2017-09-24,中山,6,5,10,2013106078,プルメリアブーケ,牝4,55,05243,柴山雄一,1:09.1,クビ,5-4,34.3,23.3,10,460(+10),00412,[東]高橋裕,790005,吉田勝己,,,,,,,,,,,,"4,12(3,16)(10,11,15)(5,6)(2,14)8(1,13)-(7,9)",5,3,1.5,False,"4(12,16)(3,10,11)15(5,6)14(2,13)(1,8)9,7",4,3,0.0,False,-9,馬場は乾き、土曜と比べて時計は出やすくなった。ただし、コンディションが大きく変わったわけではない。
201706040707,7,3歳以上500万下,芝,1200,曇,良,13:30,2017-09-24,中山,7,1,1,2012101289,サンマルバロン,セ5,57,01097,小島太一,1:09.2,1/2,13-13,33.8,22.5,9,470(0),01013,[東]小島太,580007,相馬勇,,,,,,,,,,,,"4,12(3,16)(10,11,15)(5,6)(2,14)8(1,13)-(7,9)",13,2,1.5,False,"4(12,16)(3,10,11)15(5,6)14(2,13)(1,8)9,7",13,2,0.0,False,-9,馬場は乾き、土曜と比べて時計は出やすくなった。ただし、コンディションが大きく変わったわけではない。
201706040707,7,3歳以上500万下,芝,1200,曇,良,13:30,2017-09-24,中山,8,3,5,2012102169,ウィズアットレース,牝5,52,01170,横山武史,1:09.2,クビ,8-8,34.3,12.0,4,426(0),00390,[東]池上昌弘,851009,岡田牧雄,,,,,,,,,,,,"4,12(3,16)(10,11,15)(5,6)(2,14)8(1,13)-(7,9)",8,2,1.5,False,"4(12,16)(3,10,11)15(5,6)14(2,13)(1,8)9,7",8,2,0.0,False,-9,馬場は乾き、土曜と比べて時計は出やすくなった。ただし、コンディションが大きく変わったわけではない。
201706040707,7,3歳以上500万下,芝,1200,曇,良,13:30,2017-09-24,中山,9,6,12,2014104247,パストラル,牝3,53,01109,黛弘人,1:09.3,クビ,2-2,34.7,41.7,12,456(0),00353,[東]和田正道,684030,岡田壮史,,,,,,,,,,,,"4,12(3,16)(10,11,15)(5,6)(2,14)8(1,13)-(7,9)",2,1,1.5,False,"4(12,16)(3,10,11)15(5,6)14(2,13)(1,8)9,7",2,2,0.0,False,-9,馬場は乾き、土曜と比べて時計は出やすくなった。ただし、コンディションが大きく変わったわけではない。
201706040707,7,3歳以上500万下,芝,1200,曇,良,13:30,2017-09-24,中山,10,7,13,2014103847,ブラディーリッパー,牝3,53,00733,吉田豊,1:09.3,クビ,13-11,33.9,16.8,7,500(+4),00392,[東]古賀史生,013803,ディアレストクラブ,,,,,,,,,,,,"4,12(3,16)(10,11,15)(5,6)(2,14)8(1,13)-(7,9)",13,2,1.5,False,"4(12,16)(3,10,11)15(5,6)14(2,13)(1,8)9,7",11,2,0.0,False,-9,馬場は乾き、土曜と比べて時計は出やすくなった。ただし、コンディションが大きく変わったわけではない。
201706040707,7,3歳以上500万下,芝,1200,曇,良,13:30,2017-09-24,中山,11,2,3,2013103743,ダーリンラブラ,牝4,55,01025,勝浦正樹,1:09.3,ハナ,3-4,34.6,90.7,13,442(-26),01051,[東]岩戸孝樹,363800,三嶋牧場,,,,,,,,,,,,"4,12(3,16)(10,11,15)(5,6)(2,14)8(1,13)-(7,9)",3,2,1.5,False,"4(12,16)(3,10,11)15(5,6)14(2,13)(1,8)9,7",4,3,0.0,False,-9,馬場は乾き、土曜と比べて時計は出やすくなった。ただし、コンディションが大きく変わったわけではない。
201706040707,7,3歳以上500万下,芝,1200,曇,良,13:30,2017-09-24,中山,12,7,14,2013110105,スキャットエディ,牡4,57,05386,戸崎圭太,1:09.5,1,10-10,34.3,19.1,8,494(+8),01086,[東]斎藤誠,675030,林正道,,,,,,,,,,,,"4,12(3,16)(10,11,15)(5,6)(2,14)8(1,13)-(7,9)",10,2,1.5,False,"4(12,16)(3,10,11)15(5,6)14(2,13)(1,8)9,7",10,1,0.0,False,-9,馬場は乾き、土曜と比べて時計は出やすくなった。ただし、コンディションが大きく変わったわけではない。
201706040707,7,3歳以上500万下,芝,1200,曇,良,13:30,2017-09-24,中山,13,8,15,2013106441,ミキノドラマー,牡4,57,01004,西田雄一,1:09.7,1,5-7,34.9,37.5,11,488(0),00437,[東]南田美知,918002,谷口久和,,,,,,,,,,,,"4,12(3,16)(10,11,15)(5,6)(2,14)8(1,13)-(7,9)",5,3,1.5,False,"4(12,16)(3,10,11)15(5,6)14(2,13)(1,8)9,7",7,1,0.0,False,-9,馬場は乾き、土曜と比べて時計は出やすくなった。ただし、コンディションが大きく変わったわけではない。
201706040707,7,3歳以上500万下,芝,1200,曇,良,13:30,2017-09-24,中山,14,4,7,2012102188,フォーワンタイキ,牡5,57,00641,柴田善臣,1:10.0,1.3/4,15-16,34.3,129.5,15,452(-2),00428,[東]石毛善彦,011033,川島与市,,,,,,,,,,,,"4,12(3,16)(10,11,15)(5,6)(2,14)8(1,13)-(7,9)",15,2,5.0,False,"4(12,16)(3,10,11)15(5,6)14(2,13)(1,8)9,7",16,1,1.5,False,-9,馬場は乾き、土曜と比べて時計は出やすくなった。ただし、コンディションが大きく変わったわけではない。
201706040707,7,3歳以上500万下,芝,1200,曇,良,13:30,2017-09-24,中山,15,5,9,2012104235,ラトゥール,牝5,52,01164,藤田菜七,1:10.0,クビ,15-15,34.3,100.3,14,456(+4),00420,[東]宗像義忠,274008,佐藤壽男,,,,,,,,,,,,"4,12(3,16)(10,11,15)(5,6)(2,14)8(1,13)-(7,9)",15,2,5.0,False,"4(12,16)(3,10,11)15(5,6)14(2,13)(1,8)9,7",15,1,0.0,False,-9,馬場は乾き、土曜と比べて時計は出やすくなった。ただし、コンディションが大きく変わったわけではない。
201706040707,7,3歳以上500万下,芝,1200,曇,良,13:30,2017-09-24,中山,16,4,8,2013103572,オウケンダイヤ,牝4,52,01158,野中悠太,1:10.0,ハナ,12-13,34.7,322.4,16,406(+2),01029,[東]根本康広,731006,福井明,,,,,,,,,,,,"4,12(3,16)(10,11,15)(5,6)(2,14)8(1,13)-(7,9)",12,1,1.5,False,"4(12,16)(3,10,11)15(5,6)14(2,13)(1,8)9,7",13,2,0.0,False,-9,馬場は乾き、土曜と比べて時計は出やすくなった。ただし、コンディションが大きく変わったわけではない。
201706040708,8,3歳以上500万下,ダ,1800,曇,稍重,14:01,2017-09-24,中山,1,5,9,2014101710,スプリングフット,牡3,53,01151,井上敏樹,1:52.5,,7-6-5-4,37.4,8.3,4,488(0),01005,[東]小桧山悟,270006,島川隆哉,750.0,"(*10,11)(1,12,14)3,9,4,16(5,13)(15,6)-7(2,8)",7,1,1.5,False,"10(11,14)(1,12)(3,9)(4,16)(15,5,13)(6,7)-2,8",6,2,0.0,False,"10,11(3,14)(12,9)(1,16)13(4,5,6,7)(15,2)-8",5,2,1.5,False,"10,11,3(14,9)12(16,13)(1,4,7)(6,2)(15,8)5",4,2,3.0,False,-11,
201706040708,8,3歳以上500万下,ダ,1800,曇,稍重,14:01,2017-09-24,中山,2,6,11,2013104828,アポロナイスジャブ,牡4,57,00733,吉田豊,1:52.6,1/2,2-2-2-2,37.9,6.8,3,436(+4),01153,[東]中舘英二,033700,アポロサラブレッドク...,300.0,"(*10,11)(1,12,14)3,9,4,16(5,13)(15,6)-7(2,8)",2,2,0.0,False,"10(11,14)(1,12)(3,9)(4,16)(15,5,13)(6,7)-2,8",2,2,0.0,False,"10,11(3,14)(12,9)(1,16)13(4,5,6,7)(15,2)-8",2,1,1.5,False,"10,11,3(14,9)12(16,13)(1,4,7)(6,2)(15,8)5",2,1,1.5,False,-11,
201706040708,8,3歳以上500万下,ダ,1800,曇,稍重,14:01,2017-09-24,中山,3,6,12,2014106522,セガールモチンモク,セ3,51,01169,武藤雅,1:53.2,3.1/2,3-4-5-6,38.1,14.0,6,482(+8),01096,[東]粕谷昌央,334009,小田切有一,190.0,"(*10,11)(1,12,14)3,9,4,16(5,13)(15,6)-7(2,8)",3,3,0.0,False,"10(11,14)(1,12)(3,9)(4,16)(15,5,13)(6,7)-2,8",4,2,0.0,False,"10,11(3,14)(12,9)(1,16)13(4,5,6,7)(15,2)-8",5,2,1.5,False,"10,11,3(14,9)12(16,13)(1,4,7)(6,2)(15,8)5",6,1,3.0,False,-11,
201706040708,8,3歳以上500万下,ダ,1800,曇,稍重,14:01,2017-09-24,中山,4,4,8,2014102106,スターフラッシュ,牡3,54,01095,吉田隼人,1:53.7,3,15-16-16-14,37.5,94.1,11,466(0),01147,[東]武井亮,117030,中西功,110.0,"(*10,11)(1,12,14)3,9,4,16(5,13)(15,6)-7(2,8)",15,2,8.0,False,"10(11,14)(1,12)(3,9)(4,16)(15,5,13)(6,7)-2,8",16,1,5.0,False,"10,11(3,14)(12,9)(1,16)13(4,5,6,7)(15,2)-8",16,1,5.0,False,"10,11,3(14,9)12(16,13)(1,4,7)(6,2)(15,8)5",14,2,3.0,False,-11,
201706040708,8,3歳以上500万下,ダ,1800,曇,稍重,14:01,2017-09-24,中山,5,7,13,2014105391,ハイアーグラウンド,牡3,54,00422,内田博幸,1:53.8,クビ,10-10-9-7,38.3,15.7,8,496(+2),01124,[東]大和田成,783800,小村アセットＭ,75.0,"(*10,11)(1,12,14)3,9,4,16(5,13)(15,6)-7(2,8)",10,2,4.5,False,"10(11,14)(1,12)(3,9)(4,16)(15,5,13)(6,7)-2,8",10,3,0.0,False,"10,11(3,14)(12,9)(1,16)13(4,5,6,7)(15,2)-8",9,1,1.5,False,"10,11,3(14,9)12(16,13)(1,4,7)(6,2)(15,8)5",7,2,3.0,False,-11,
201706040708,8,3歳以上500万下,ダ,1800,曇,稍重,14:01,2017-09-24,中山,6,8,15,2012104872,アドマイヤガスト,牡5,57,01127,丸山元気,1:53.9,1/2,12-10-14-14,38.0,194.6,15,524(+2),00423,[東]上原博之,398002,近藤利一,,"(*10,11)(1,12,14)3,9,4,16(5,13)(15,6)-7(2,8)",12,2,4.5,False,"10(11,14)(1,12)(3,9)(4,16)(15,5,13)(6,7)-2,8",10,3,0.0,False,"10,11(3,14)(12,9)(1,16)13(4,5,6,7)(15,2)-8",14,2,1.5,False,"10,11,3(14,9)12(16,13)(1,4,7)(6,2)(15,8)5",14,2,3.0,False,-11,
201706040708,8,3歳以上500万下,ダ,1800,曇,稍重,14:01,2017-09-24,中山,7,5,10,2013100946,ミラクルウィング,牡4,55,01149,伴啓太,1:53.9,クビ,1-1-1-1,39.3,56.8,10,458(-6),00359,[東]高橋祥泰,265006,星野壽市,,"(*10,11)(1,12,14)3,9,4,16(5,13)(15,6)-7(2,8)",1,2,0.0,True,"10(11,14)(1,12)(3,9)(4,16)(15,5,13)(6,7)-2,8",1,1,0.0,False,"10,11(3,14)(12,9)(1,16)13(4,5,6,7)(15,2)-8",1,1,0.0,False,"10,11,3(14,9)12(16,13)(1,4,7)(6,2)(15,8)5",1,1,0.0,False,-11,
201706040708,8,3歳以上500万下,ダ,1800,曇,稍重,14:01,2017-09-24,中山,8,8,16,2014110023,リードザフィールド,牡3,54,01096,大野拓弥,1:54.0,クビ,9-8-7-7,38.6,19.6,9,460(-2),01088,[東]高木登,851009,岡田牧雄,,"(*10,11)(1,12,14)3,9,4,16(5,13)(15,6)-7(2,8)",9,1,4.5,False,"10(11,14)(1,12)(3,9)(4,16)(15,5,13)(6,7)-2,8",8,2,0.0,False,"10,11(3,14)(12,9)(1,16)13(4,5,6,7)(15,2)-8",7,2,1.5,False,"10,11,3(14,9)12(16,13)(1,4,7)(6,2)(15,8)5",7,2,3.0,False,-11,
201706040708,8,3歳以上500万下,ダ,1800,曇,稍重,14:01,2017-09-24,中山,9,2,3,2013104779,ビークイック,牡4,57,00663,蛯名正義,1:54.0,クビ,6-6-3-3,39.1,14.1,7,480(+16),00408,[東]田中清隆,616800,フジワラ・ファーム,,"(*10,11)(1,12,14)3,9,4,16(5,13)(15,6)-7(2,8)",6,1,0.0,False,"10(11,14)(1,12)(3,9)(4,16)(15,5,13)(6,7)-2,8",6,2,0.0,False,"10,11(3,14)(12,9)(1,16)13(4,5,6,7)(15,2)-8",3,2,1.5,False,"10,11,3(14,9)12(16,13)(1,4,7)(6,2)(15,8)5",3,1,3.0,False,-11,
201706040708,8,3歳以上500万下,ダ,1800,曇,稍重,14:01,2017-09-24,中山,10,2,4,2014100658,フィスキオ,牡3,54,01043,北村宏司,1:54.6,3.1/2,8-8-10-9,39.0,10.7,5,478(+10),01127,[東]栗田徹,788800,ノースヒルズ,,"(*10,11)(1,12,14)3,9,4,16(5,13)(15,6)-7(2,8)",8,1,3.0,False,"10(11,14)(1,12)(3,9)(4,16)(15,5,13)(6,7)-2,8",8,2,0.0,False,"10,11(3,14)(12,9)(1,16)13(4,5,6,7)(15,2)-8",10,4,1.5,False,"10,11,3(14,9)12(16,13)(1,4,7)(6,2)(15,8)5",9,3,3.0,False,-11,
201706040708,8,3歳以上500万下,ダ,1800,曇,稍重,14:01,2017-09-24,中山,11,1,1,2014104888,サリーバットマン,セ3,51,01170,横山武史,1:54.9,1.3/4,3-4-7-9,39.6,142.6,13,498(-2),01026,[東]鈴木伸尋,143033,黒須不二男,,"(*10,11)(1,12,14)3,9,4,16(5,13)(15,6)-7(2,8)",3,3,0.0,False,"10(11,14)(1,12)(3,9)(4,16)(15,5,13)(6,7)-2,8",4,2,0.0,False,"10,11(3,14)(12,9)(1,16)13(4,5,6,7)(15,2)-8",7,2,1.5,False,"10,11,3(14,9)12(16,13)(1,4,7)(6,2)(15,8)5",9,3,3.0,False,-11,
201706040708,8,3歳以上500万下,ダ,1800,曇,稍重,14:01,2017-09-24,中山,12,4,7,2014109087,ナスノカンザン,牡3,54,01075,田辺裕信,1:55.1,1,14-13-10-9,39.5,2.7,1,508(-6),01076,[東]小笠倫弘,051800,那須野牧場,,"(*10,11)(1,12,14)3,9,4,16(5,13)(15,6)-7(2,8)",14,1,8.0,False,"10(11,14)(1,12)(3,9)(4,16)(15,5,13)(6,7)-2,8",13,2,0.0,False,"10,11(3,14)(12,9)(1,16)13(4,5,6,7)(15,2)-8",10,4,1.5,False,"10,11,3(14,9)12(16,13)(1,4,7)(6,2)(15,8)5",9,3,3.0,False,-11,
201706040708,8,3歳以上500万下,ダ,1800,曇,稍重,14:01,2017-09-24,中山,13,7,14,2012104829,シーサイドジャズ,牡5,57,01077,石橋脩,1:55.3,1.1/4,3-2-3-4,40.4,101.1,12,502(-4),01017,[東]萩原清,708800,金子真人ホールディン...,,"(*10,11)(1,12,14)3,9,4,16(5,13)(15,6)-7(2,8)",3,3,0.0,False,"10(11,14)(1,12)(3,9)(4,16)(15,5,13)(6,7)-2,8",2,2,0.0,False,"10,11(3,14)(12,9)(1,16)13(4,5,6,7)(15,2)-8",3,2,1.5,False,"10,11,3(14,9)12(16,13)(1,4,7)(6,2)(15,8)5",4,2,3.0,False,-11,
201706040708,8,3歳以上500万下,ダ,1800,曇,稍重,14:01,2017-09-24,中山,14,3,6,2014102784,コトブキファルコン,牡3,54,01143,原田和真,1:55.5,1.1/4,12-13-10-12,39.9,187.0,14,502(-10),01132,[東]金成貴史,566006,尾上松壽,,"(*10,11)(1,12,14)3,9,4,16(5,13)(15,6)-7(2,8)",12,2,4.5,False,"10(11,14)(1,12)(3,9)(4,16)(15,5,13)(6,7)-2,8",13,2,0.0,False,"10,11(3,14)(12,9)(1,16)13(4,5,6,7)(15,2)-8",10,4,1.5,False,"10,11,3(14,9)12(16,13)(1,4,7)(6,2)(15,8)5",12,2,3.0,False,-11,
201706040708,8,3歳以上500万下,ダ,1800,曇,稍重,14:01,2017-09-24,中山,15,3,5,2013104512,フィンガーポスト,牡4,54,01158,野中悠太,1:55.5,アタマ,10-10-10-16,39.8,251.4,16,492(0),00349,[東]尾形充弘,934006,伊東純一,,"(*10,11)(1,12,14)3,9,4,16(5,13)(15,6)-7(2,8)",10,2,4.5,False,"10(11,14)(1,12)(3,9)(4,16)(15,5,13)(6,7)-2,8",10,3,0.0,False,"10,11(3,14)(12,9)(1,16)13(4,5,6,7)(15,2)-8",10,4,1.5,False,"10,11,3(14,9)12(16,13)(1,4,7)(6,2)(15,8)5",16,1,3.0,False,-11,
201706040708,8,3歳以上500万下,ダ,1800,曇,稍重,14:01,2017-09-24,中山,16,1,2,2014105476,ショワドゥロワ,牡3,54,01122,三浦皇成,1:55.7,1.1/2,15-15-14-12,39.8,4.6,2,498(-2),01097,[東]鹿戸雄一,338007,村野康司,,"(*10,11)(1,12,14)3,9,4,16(5,13)(15,6)-7(2,8)",15,2,8.0,False,"10(11,14)(1,12)(3,9)(4,16)(15,5,13)(6,7)-2,8",15,1,3.5,False,"10,11(3,14)(12,9)(1,16)13(4,5,6,7)(15,2)-8",14,2,1.5,False,"10,11,3(14,9)12(16,13)(1,4,7)(6,2)(15,8)5",12,2,3.0,False,-11,
201706040709,9,芙蓉S(OP),芝,2000,曇,良,14:35,2017-09-24,中山,1,4,4,2015100258,サンリヴァル,牡2,54,01075,田辺裕信,2:03.6,,2-2-2-2,34.1,4.6,3,482(0),01062,[西]藤岡健一,320030,幅田京子,"1,617.5","3-4,6-(2,8)(5,7)-1",2,1,3.5,False,"3-4,6-(2,8)-5-7,1",2,1,3.5,False,"3(4,6)(2,8)5,1,7",2,2,0.0,False,"3(4,6)2(5,8)1-7",2,2,0.0,False,-10,馬場は乾き、土曜と比べて時計は出やすくなった。ただし、コンディションが大きく変わったわけではない。
201706040709,9,芙蓉S(OP),芝,2000,曇,良,14:35,2017-09-24,中山,2,6,6,2015104835,ファストアプローチ,牡2,55,00663,蛯名正義,2:03.8,1.1/4,3-3-2-2,34.2,2.9,2,536(-2),00386,[東]藤沢和雄,124008,山本英俊,645.0,"3-4,6-(2,8)(5,7)-1",3,1,5.0,False,"3-4,6-(2,8)-5-7,1",3,1,5.0,False,"3(4,6)(2,8)5,1,7",2,2,0.0,False,"3(4,6)2(5,8)1-7",2,2,0.0,False,-10,馬場は乾き、土曜と比べて時計は出やすくなった。ただし、コンディションが大きく変わったわけではない。
201706040709,9,芙蓉S(OP),芝,2000,曇,良,14:35,2017-09-24,中山,3,2,2,2015105084,スターフィールド,牡2,54,01096,大野拓弥,2:04.0,1.1/4,4-4-4-4,34.2,8.6,4,478(+8),01038,[東]手塚貴久,265006,星野壽市,402.5,"3-4,6-(2,8)(5,7)-1",4,2,8.5,False,"3-4,6-(2,8)-5-7,1",4,2,8.5,False,"3(4,6)(2,8)5,1,7",4,2,0.0,False,"3(4,6)2(5,8)1-7",4,1,0.0,False,-10,馬場は乾き、土曜と比べて時計は出やすくなった。ただし、コンディションが大きく変わったわけではない。
201706040709,9,芙蓉S(OP),芝,2000,曇,良,14:35,2017-09-24,中山,4,8,8,2015104898,トゥザフロンティア,牡2,54,05386,戸崎圭太,2:04.0,アタマ,4-4-4-5,34.1,2.2,1,488(+6),01071,[西]池江泰寿,486800,キャロットファーム,240.0,"3-4,6-(2,8)(5,7)-1",4,2,8.5,False,"3-4,6-(2,8)-5-7,1",4,2,8.5,False,"3(4,6)(2,8)5,1,7",4,2,0.0,False,"3(4,6)2(5,8)1-7",5,2,0.0,False,-10,馬場は乾き、土曜と比べて時計は出やすくなった。ただし、コンディションが大きく変わったわけではない。
201706040709,9,芙蓉S(OP),芝,2000,曇,良,14:35,2017-09-24,中山,5,3,3,2015103120,コスモイグナーツ,牡2,54,01009,柴田大知,2:04.1,1/2,1-1-1-1,34.8,36.4,6,458(+2),00359,[東]高橋祥泰,716800,ビッグレッドファーム,160.0,"3-4,6-(2,8)(5,7)-1",1,1,0.0,False,"3-4,6-(2,8)-5-7,1",1,1,0.0,False,"3(4,6)(2,8)5,1,7",1,1,0.0,False,"3(4,6)2(5,8)1-7",1,1,0.0,False,-10,馬場は乾き、土曜と比べて時計は出やすくなった。ただし、コンディションが大きく変わったわけではない。
201706040709,9,芙蓉S(OP),芝,2000,曇,良,14:35,2017-09-24,中山,6,5,5,2015103495,ノーブルバルカン,牡2,54,01169,武藤雅,2:04.2,3/4,6-6-6-5,34.2,19.7,5,442(-2),01064,[東]武藤善則,755030,吉木伸彦,,"3-4,6-(2,8)(5,7)-1",6,2,8.5,False,"3-4,6-(2,8)-5-7,1",6,1,12.0,False,"3(4,6)(2,8)5,1,7",6,1,0.0,False,"3(4,6)2(5,8)1-7",5,2,0.0,False,-10,馬場は乾き、土曜と比べて時計は出やすくなった。ただし、コンディションが大きく変わったわけではない。
201706040709,9,芙蓉S(OP),芝,2000,曇,良,14:35,2017-09-24,中山,7,1,1,2015101106,トーセンブル,牡2,54,05443,本田正重,2:05.0,5,8-8-7-7,34.9,93.6,7,414(-13),05628,[地]山中尊徳,270006,島川隆哉,,"3-4,6-(2,8)(5,7)-1",8,1,12.0,False,"3-4,6-(2,8)-5-7,1",8,1,17.0,False,"3(4,6)(2,8)5,1,7",7,1,1.5,False,"3(4,6)2(5,8)1-7",7,1,0.0,False,-10,馬場は乾き、土曜と比べて時計は出やすくなった。ただし、コンディションが大きく変わったわけではない。
201706040709,9,芙蓉S(OP),芝,2000,曇,良,14:35,2017-09-24,中山,8,7,7,2015100482,ソッフィダモーレ,牝2,54,01135,杉原誠人,2:06.3,8,6-7-8-8,36.1,276.3,8,450(0),01031,[東]伊藤伸一,629800,ミルファーム,,"3-4,6-(2,8)(5,7)-1",6,2,8.5,False,"3-4,6-(2,8)-5-7,1",7,1,15.5,False,"3(4,6)(2,8)5,1,7",8,1,3.0,False,"3(4,6)2(5,8)1-7",8,1,3.5,False,-10,馬場は乾き、土曜と比べて時計は出やすくなった。ただし、コンディションが大きく変わったわけではない。
201706040710,10,外房特別(2勝),芝,1600,曇,良,15:10,2017-09-24,中山,1,8,9,2012104139,ウイングチップ,セ5,57,01117,丸田恭介,1:33.6,,6-8-6,34.2,12.3,5,498(0),00420,[東]宗像義忠,415800,社台レースホース,"1,521.7",,,,,,"3,6(1,7,8)(4,5,9)2",6,3,1.5,False,"3,6(1,7)(4,5,8)9,2",8,1,1.5,False,"3,6(1,7,8)(4,5,9)2",6,3,1.5,False,-10,馬場は乾き、土曜と比べて時計は出やすくなった。ただし、コンディションが大きく変わったわけではない。
201706040710,10,外房特別(2勝),芝,1600,曇,良,15:10,2017-09-24,中山,2,8,8,2014106012,ハウメア,牝3,53,05386,戸崎圭太,1:33.6,クビ,3-5-3,34.4,2.0,1,466(+2),00386,[東]藤沢和雄,226800,サンデーレーシング,606.2,,,,,,"3,6(1,7,8)(4,5,9)2",3,3,1.5,False,"3,6(1,7)(4,5,8)9,2",5,3,1.5,False,"3,6(1,7,8)(4,5,9)2",3,3,1.5,False,-10,馬場は乾き、土曜と比べて時計は出やすくなった。ただし、コンディションが大きく変わったわけではない。
201706040710,10,外房特別(2勝),芝,1600,曇,良,15:10,2017-09-24,中山,3,3,3,2011103403,ヴェアリアスサマー,牡6,57,01158,野中悠太,1:33.6,ハナ,1-1-1,34.9,28.1,6,512(-4),01109,[東]伊藤大士,928030,小林秀樹,383.1,,,,,,"3,6(1,7,8)(4,5,9)2",1,1,0.0,False,"3,6(1,7)(4,5,8)9,2",1,1,0.0,False,"3,6(1,7,8)(4,5,9)2",1,1,0.0,False,-10,馬場は乾き、土曜と比べて時計は出やすくなった。ただし、コンディションが大きく変わったわけではない。
201706040710,10,外房特別(2勝),芝,1600,曇,良,15:10,2017-09-24,中山,4,1,1,2011105136,マイネルディアベル,牡6,57,01118,宮崎北斗,1:33.7,3/4,3-3-3,34.7,33.7,7,478(+4),00417,[東]土田稔,546800,サラブレッドクラブ・...,230.0,,,,,,"3,6(1,7,8)(4,5,9)2",3,3,1.5,False,"3,6(1,7)(4,5,8)9,2",3,2,1.5,False,"3,6(1,7,8)(4,5,9)2",3,3,1.5,False,-10,馬場は乾き、土曜と比べて時計は出やすくなった。ただし、コンディションが大きく変わったわけではない。
201706040710,10,外房特別(2勝),芝,1600,曇,良,15:10,2017-09-24,中山,5,5,5,2013109027,キャプテンペリー,セ4,57,01096,大野拓弥,1:33.7,アタマ,6-5-6,34.4,3.8,2,488(+2),01051,[東]岩戸孝樹,075800,千明牧場,150.0,,,,,,"3,6(1,7,8)(4,5,9)2",6,3,1.5,False,"3,6(1,7)(4,5,8)9,2",5,3,1.5,False,"3,6(1,7,8)(4,5,9)2",6,3,1.5,False,-10,馬場は乾き、土曜と比べて時計は出やすくなった。ただし、コンディションが大きく変わったわけではない。
201706040710,10,外房特別(2勝),芝,1600,曇,良,15:10,2017-09-24,中山,6,4,4,2013101932,ペルソナリテ,牝4,55,01009,柴田大知,1:33.8,1/2,6-5-6,34.6,8.7,4,432(+4),01020,[東]相沢郁,546800,サラブレッドクラブ・...,,,,,,,"3,6(1,7,8)(4,5,9)2",6,3,1.5,False,"3,6(1,7)(4,5,8)9,2",5,3,1.5,False,"3,6(1,7,8)(4,5,9)2",6,3,1.5,False,-10,馬場は乾き、土曜と比べて時計は出やすくなった。ただし、コンディションが大きく変わったわけではない。
201706040710,10,外房特別(2勝),芝,1600,曇,良,15:10,2017-09-24,中山,7,2,2,2012105999,トーセンラーク,牝5,55,01140,横山和生,1:33.9,クビ,9-9-9,34.4,98.7,9,484(-18),00392,[東]古賀史生,270006,島川隆哉,,,,,,,"3,6(1,7,8)(4,5,9)2",9,1,1.5,False,"3,6(1,7)(4,5,8)9,2",9,1,3.0,False,"3,6(1,7,8)(4,5,9)2",9,1,1.5,False,-10,馬場は乾き、土曜と比べて時計は出やすくなった。ただし、コンディションが大きく変わったわけではない。
201706040710,10,外房特別(2勝),芝,1600,曇,良,15:10,2017-09-24,中山,8,7,7,2014103189,エメラルスター,牡3,55,01077,石橋脩,1:34.2,2,3-3-3,35.1,4.8,3,458(+8),01020,[東]相沢郁,630006,高橋勉,,,,,,,"3,6(1,7,8)(4,5,9)2",3,3,1.5,False,"3,6(1,7)(4,5,8)9,2",3,2,1.5,False,"3,6(1,7,8)(4,5,9)2",3,3,1.5,False,-10,馬場は乾き、土曜と比べて時計は出やすくなった。ただし、コンディションが大きく変わったわけではない。
201706040710,10,外房特別(2勝),芝,1600,曇,良,15:10,2017-09-24,中山,9,6,6,2013105680,サバイバルポケット,牝4,55,01127,丸山元気,1:34.3,クビ,2-2-2,35.5,47.7,8,484(-4),01143,[東]和田雄二,615030,福田光博,,,,,,,"3,6(1,7,8)(4,5,9)2",2,1,1.5,False,"3,6(1,7)(4,5,8)9,2",2,1,1.5,False,"3,6(1,7,8)(4,5,9)2",2,1,1.5,False,-10,馬場は乾き、土曜と比べて時計は出やすくなった。ただし、コンディションが大きく変わったわけではない。
201706040711,11,第63回産経賞オールカマー(GII),芝,2200,曇,良,15:45,2017-09-24,中山,1,3,6,2012104669,ルージュバック,牝5,55,01043,北村宏司,2:13.8,,4-4-4-3,33.9,7.8,5,456(+4),01102,[東]大竹正博,486800,キャロットファーム,"6,819.0","10,7-13(6,8,17)(9,15)1(2,11)(3,16)-5,12-14-4",4,3,5.0,False,"10-7-13(6,17)8(1,9,15)11(3,2)16(12,5)-14-4",4,2,7.0,False,"10-7-13,6(8,17)1(9,15)(3,2,11)(12,16)(14,5)-4",4,1,8.5,False,"10=7(6,8)(13,9)1(3,2)11(12,17)(15,16)14,4,5",3,2,6.0,False,-10,馬場は乾き、土曜と比べて時計は出やすくなった。ただし、コンディションが大きく変わったわけではない。
201706040711,11,第63回産経賞オールカマー(GII),芝,2200,曇,良,15:45,2017-09-24,中山,2,4,8,2011103854,ステファノス,牡6,56,05386,戸崎圭太,2:13.9,1/2,4-6-5-3,33.9,3.8,1,482(-2),01055,[西]藤原英昭,486800,キャロットファーム,"2,734.0","10,7-13(6,8,17)(9,15)1(2,11)(3,16)-5,12-14-4",4,3,5.0,False,"10-7-13(6,17)8(1,9,15)11(3,2)16(12,5)-14-4",6,1,7.0,False,"10-7-13,6(8,17)1(9,15)(3,2,11)(12,16)(14,5)-4",5,2,8.5,False,"10=7(6,8)(13,9)1(3,2)11(12,17)(15,16)14,4,5",3,2,6.0,False,-10,馬場は乾き、土曜と比べて時計は出やすくなった。ただし、コンディションが大きく変わったわけではない。
201706040711,11,第63回産経賞オールカマー(GII),芝,2200,曇,良,15:45,2017-09-24,中山,3,5,9,2012104008,タンタアレグリア,牡5,57,00663,蛯名正義,2:13.9,クビ,7-7-8-5,33.6,5.4,3,480(-8),00399,[東]国枝栄,808800,Ｇ１レーシング,"1,717.0","10,7-13(6,8,17)(9,15)1(2,11)(3,16)-5,12-14-4",7,2,5.0,False,"10-7-13(6,17)8(1,9,15)11(3,2)16(12,5)-14-4",7,3,7.0,False,"10-7-13,6(8,17)1(9,15)(3,2,11)(12,16)(14,5)-4",8,2,8.5,False,"10=7(6,8)(13,9)1(3,2)11(12,17)(15,16)14,4,5",5,2,6.0,False,-10,馬場は乾き、土曜と比べて時計は出やすくなった。ただし、コンディションが大きく変わったわけではない。
201706040711,11,第63回産経賞オールカマー(GII),芝,2200,曇,良,15:45,2017-09-24,中山,4,5,10,2010105964,マイネルミラノ,牡7,56,01009,柴田大知,2:14.0,クビ,1-1-1-1,35.0,40.4,10,494(+14),01020,[東]相沢郁,546800,サラブレッドクラブ・...,"1,000.0","10,7-13(6,8,17)(9,15)1(2,11)(3,16)-5,12-14-4",1,1,0.0,False,"10-7-13(6,17)8(1,9,15)11(3,2)16(12,5)-14-4",1,1,0.0,False,"10-7-13,6(8,17)1(9,15)(3,2,11)(12,16)(14,5)-4",1,1,0.0,False,"10=7(6,8)(13,9)1(3,2)11(12,17)(15,16)14,4,5",1,1,0.0,False,-10,馬場は乾き、土曜と比べて時計は出やすくなった。ただし、コンディションが大きく変わったわけではない。
201706040711,11,第63回産経賞オールカマー(GII),芝,2200,曇,良,15:45,2017-09-24,中山,5,2,3,2011106394,ショウナンバッハ,牡6,56,00641,柴田善臣,2:14.0,アタマ,12-11-10-8,33.5,87.9,13,448(0),00423,[東]上原博之,331002,国本哲秀,670.0,"10,7-13(6,8,17)(9,15)1(2,11)(3,16)-5,12-14-4",12,2,5.0,False,"10-7-13(6,17)8(1,9,15)11(3,2)16(12,5)-14-4",11,2,7.0,False,"10-7-13,6(8,17)1(9,15)(3,2,11)(12,16)(14,5)-4",10,3,8.5,False,"10=7(6,8)(13,9)1(3,2)11(12,17)(15,16)14,4,5",8,2,6.0,False,-10,馬場は乾き、土曜と比べて時計は出やすくなった。ただし、コンディションが大きく変わったわけではない。
201706040711,11,第63回産経賞オールカマー(GII),芝,2200,曇,良,15:45,2017-09-24,中山,6,4,7,2009102678,ディサイファ,牡8,56,05243,柴山雄一,2:14.1,1/2,2-2-2-2,34.6,135.2,14,504(+4),01013,[東]小島太,003060,Ｈ．Ｈ．シェイク・モ...,,"10,7-13(6,8,17)(9,15)1(2,11)(3,16)-5,12-14-4",2,1,1.5,False,"10-7-13(6,17)8(1,9,15)11(3,2)16(12,5)-14-4",2,1,3.5,False,"10-7-13,6(8,17)1(9,15)(3,2,11)(12,16)(14,5)-4",2,1,3.5,False,"10=7(6,8)(13,9)1(3,2)11(12,17)(15,16)14,4,5",2,1,6.0,False,-10,馬場は乾き、土曜と比べて時計は出やすくなった。ただし、コンディションが大きく変わったわけではない。
201706040711,11,第63回産経賞オールカマー(GII),芝,2200,曇,良,15:45,2017-09-24,中山,7,1,2,2011104019,アルバート,牡6,57,01077,石橋脩,2:14.3,1.1/4,10-11-10-8,33.7,6.4,4,482(+2),01070,[東]堀宣行,675030,林正道,,"10,7-13(6,8,17)(9,15)1(2,11)(3,16)-5,12-14-4",10,2,5.0,False,"10-7-13(6,17)8(1,9,15)11(3,2)16(12,5)-14-4",11,2,7.0,False,"10-7-13,6(8,17)1(9,15)(3,2,11)(12,16)(14,5)-4",10,3,8.5,False,"10=7(6,8)(13,9)1(3,2)11(12,17)(15,16)14,4,5",8,2,6.0,False,-10,馬場は乾き、土曜と比べて時計は出やすくなった。ただし、コンディションが大きく変わったわけではない。
201706040711,11,第63回産経賞オールカマー(GII),芝,2200,曇,良,15:45,2017-09-24,中山,8,6,12,2010104287,デニムアンドルビー,牝7,54,01095,吉田隼人,2:14.3,ハナ,15-14-13-11,33.5,20.8,8,456(-8),01053,[西]角居勝彦,708800,金子真人ホールディン...,,"10,7-13(6,8,17)(9,15)1(2,11)(3,16)-5,12-14-4",15,1,10.0,False,"10-7-13(6,17)8(1,9,15)11(3,2)16(12,5)-14-4",14,2,7.0,False,"10-7-13,6(8,17)1(9,15)(3,2,11)(12,16)(14,5)-4",13,2,8.5,False,"10=7(6,8)(13,9)1(3,2)11(12,17)(15,16)14,4,5",11,2,6.0,False,-10,馬場は乾き、土曜と比べて時計は出やすくなった。ただし、コンディションが大きく変わったわけではない。
201706040711,11,第63回産経賞オールカマー(GII),芝,2200,曇,良,15:45,2017-09-24,中山,9,7,14,2012104650,モンドインテロ,牡5,56,01075,田辺裕信,2:14.6,2,16-16-15-15,33.5,5.3,2,482(-10),01038,[東]手塚貴久,506800,シルクレーシング,,"10,7-13(6,8,17)(9,15)1(2,11)(3,16)-5,12-14-4",16,1,13.5,False,"10-7-13(6,17)8(1,9,15)11(3,2)16(12,5)-14-4",16,1,10.5,False,"10-7-13,6(8,17)1(9,15)(3,2,11)(12,16)(14,5)-4",15,2,8.5,False,"10=7(6,8)(13,9)1(3,2)11(12,17)(15,16)14,4,5",15,1,6.0,False,-10,馬場は乾き、土曜と比べて時計は出やすくなった。ただし、コンディションが大きく変わったわけではない。
201706040711,11,第63回産経賞オールカマー(GII),芝,2200,曇,良,15:45,2017-09-24,中山,10,2,4,2012104678,ブラックバゴ,牡5,56,00422,内田博幸,2:14.8,1.1/2,17-17-17-16,33.4,13.5,7,520(+4),01086,[東]斎藤誠,506800,シルクレーシング,,"10,7-13(6,8,17)(9,15)1(2,11)(3,16)-5,12-14-4",17,1,17.0,False,"10-7-13(6,17)8(1,9,15)11(3,2)16(12,5)-14-4",17,1,14.0,False,"10-7-13,6(8,17)1(9,15)(3,2,11)(12,16)(14,5)-4",17,1,12.0,False,"10=7(6,8)(13,9)1(3,2)11(12,17)(15,16)14,4,5",16,1,7.5,False,-10,馬場は乾き、土曜と比べて時計は出やすくなった。ただし、コンディションが大きく変わったわけではない。
201706040711,11,第63回産経賞オールカマー(GII),芝,2200,曇,良,15:45,2017-09-24,中山,11,1,1,2011101814,パリカラノテガミ,牡6,56,00684,田中勝春,2:14.9,3/4,9-7-7-7,34.7,199.0,15,454(-4),01080,[東]清水英克,399009,嶋田賢,,"10,7-13(6,8,17)(9,15)1(2,11)(3,16)-5,12-14-4",9,1,5.0,False,"10-7-13(6,17)8(1,9,15)11(3,2)16(12,5)-14-4",7,3,7.0,False,"10-7-13,6(8,17)1(9,15)(3,2,11)(12,16)(14,5)-4",7,1,8.5,False,"10=7(6,8)(13,9)1(3,2)11(12,17)(15,16)14,4,5",7,1,6.0,False,-10,馬場は乾き、土曜と比べて時計は出やすくなった。ただし、コンディションが大きく変わったわけではない。
201706040711,11,第63回産経賞オールカマー(GII),芝,2200,曇,良,15:45,2017-09-24,中山,12,8,16,2011103985,ツクバアズマオー,牡6,56,00733,吉田豊,2:14.9,ハナ,12-13-13-13,34.2,30.8,9,480(0),00349,[東]尾形充弘,576009,荻原昭二,,"10,7-13(6,8,17)(9,15)1(2,11)(3,16)-5,12-14-4",12,2,5.0,False,"10-7-13(6,17)8(1,9,15)11(3,2)16(12,5)-14-4",13,1,7.0,False,"10-7-13,6(8,17)1(9,15)(3,2,11)(12,16)(14,5)-4",13,2,8.5,False,"10=7(6,8)(13,9)1(3,2)11(12,17)(15,16)14,4,5",13,2,6.0,False,-10,馬場は乾き、土曜と比べて時計は出やすくなった。ただし、コンディションが大きく変わったわけではない。
201706040711,11,第63回産経賞オールカマー(GII),芝,2200,曇,良,15:45,2017-09-24,中山,13,8,15,2013105844,カフジプリンス,牡4,56,01117,丸田恭介,2:15.1,1.1/4,7-7-8-13,34.8,11.2,6,514(-10),01075,[西]矢作芳人,019004,加藤守,,"10,7-13(6,8,17)(9,15)1(2,11)(3,16)-5,12-14-4",7,2,5.0,False,"10-7-13(6,17)8(1,9,15)11(3,2)16(12,5)-14-4",7,3,7.0,False,"10-7-13,6(8,17)1(9,15)(3,2,11)(12,16)(14,5)-4",8,2,8.5,False,"10=7(6,8)(13,9)1(3,2)11(12,17)(15,16)14,4,5",13,2,6.0,False,-10,馬場は乾き、土曜と比べて時計は出やすくなった。ただし、コンディションが大きく変わったわけではない。
201706040711,11,第63回産経賞オールカマー(GII),芝,2200,曇,良,15:45,2017-09-24,中山,14,6,11,2012103930,マイネルサージュ,牡5,56,01085,松岡正海,2:15.3,1.1/4,10-10-10-10,34.8,51.2,12,500(-2),01097,[東]鹿戸雄一,546800,サラブレッドクラブ・...,,"10,7-13(6,8,17)(9,15)1(2,11)(3,16)-5,12-14-4",10,2,5.0,False,"10-7-13(6,17)8(1,9,15)11(3,2)16(12,5)-14-4",10,1,7.0,False,"10-7-13,6(8,17)1(9,15)(3,2,11)(12,16)(14,5)-4",10,3,8.5,False,"10=7(6,8)(13,9)1(3,2)11(12,17)(15,16)14,4,5",10,1,6.0,False,-10,馬場は乾き、土曜と比べて時計は出やすくなった。ただし、コンディションが大きく変わったわけではない。
201706040711,11,第63回産経賞オールカマー(GII),芝,2200,曇,良,15:45,2017-09-24,中山,15,3,5,2012104926,グランアルマダ,牡5,56,01092,津村明秀,2:15.6,2,14-14-15-17,34.6,47.3,11,526(0),01028,[西]西園正都,226800,サンデーレーシング,,"10,7-13(6,8,17)(9,15)1(2,11)(3,16)-5,12-14-4",14,1,8.5,False,"10-7-13(6,17)8(1,9,15)11(3,2)16(12,5)-14-4",14,2,7.0,False,"10-7-13,6(8,17)1(9,15)(3,2,11)(12,16)(14,5)-4",15,2,8.5,False,"10=7(6,8)(13,9)1(3,2)11(12,17)(15,16)14,4,5",17,1,9.0,False,-10,馬場は乾き、土曜と比べて時計は出やすくなった。ただし、コンディションが大きく変わったわけではない。
201706040711,11,第63回産経賞オールカマー(GII),芝,2200,曇,良,15:45,2017-09-24,中山,16,8,17,2010102243,トルークマクト,牡7,56,01096,大野拓弥,2:16.3,4,4-4-5-11,36.3,486.7,17,454(-10),01103,[東]尾関知人,629800,ミルファーム,,"10,7-13(6,8,17)(9,15)1(2,11)(3,16)-5,12-14-4",4,3,5.0,False,"10-7-13(6,17)8(1,9,15)11(3,2)16(12,5)-14-4",4,2,7.0,False,"10-7-13,6(8,17)1(9,15)(3,2,11)(12,16)(14,5)-4",5,2,8.5,False,"10=7(6,8)(13,9)1(3,2)11(12,17)(15,16)14,4,5",11,2,6.0,False,-10,馬場は乾き、土曜と比べて時計は出やすくなった。ただし、コンディションが大きく変わったわけではない。
201706040711,11,第63回産経賞オールカマー(GII),芝,2200,曇,良,15:45,2017-09-24,中山,17,7,13,2009104977,マイネルディーン,牡8,56,01122,三浦皇成,2:16.4,1/2,3-3-3-5,36.6,325.0,16,460(-6),01097,[東]鹿戸雄一,546800,サラブレッドクラブ・...,,"10,7-13(6,8,17)(9,15)1(2,11)(3,16)-5,12-14-4",3,1,5.0,False,"10-7-13(6,17)8(1,9,15)11(3,2)16(12,5)-14-4",3,1,7.0,False,"10-7-13,6(8,17)1(9,15)(3,2,11)(12,16)(14,5)-4",3,1,7.0,False,"10=7(6,8)(13,9)1(3,2)11(12,17)(15,16)14,4,5",5,2,6.0,False,-10,馬場は乾き、土曜と比べて時計は出やすくなった。ただし、コンディションが大きく変わったわけではない。
201706040712,12,3歳以上500万下,ダ,1200,曇,稍重,16:25,2017-09-24,中山,1,7,14,2014101658,エニグマ,牡3,55,00733,吉田豊,1:11.2,,12-11,36.3,5.3,2,494(-2),01134,[東]高橋文雅,812008,石瀬浩三,750.0,,,,,,,,,,,"2(4,16)1,15,5,7(6,10)(9,13)(11,14)(12,8)=3",12,2,4.5,False,"2(4,16)-1,15,5(6,9,7,13)(11,10,14)12-3,8",11,3,6.5,False,-11,
201706040712,12,3歳以上500万下,ダ,1200,曇,稍重,16:25,2017-09-24,中山,2,8,16,2014104418,スズカグラーテ,牝3,53,01142,長岡禎仁,1:11.2,クビ,2-2,37.3,3.0,1,440(-6),00380,[東]柄崎孝,382004,永井啓弍,300.0,,,,,,,,,,,"2(4,16)1,15,5,7(6,10)(9,13)(11,14)(12,8)=3",2,2,0.0,False,"2(4,16)-1,15,5(6,9,7,13)(11,10,14)12-3,8",2,2,0.0,False,-11,
201706040712,12,3歳以上500万下,ダ,1200,曇,稍重,16:25,2017-09-24,中山,3,1,1,2013109028,タイガーヴォーグ,牡4,57,01025,勝浦正樹,1:11.5,2,4-4,37.5,21.3,8,494(-6),01026,[東]鈴木伸尋,075800,千明牧場,190.0,,,,,,,,,,,"2(4,16)1,15,5,7(6,10)(9,13)(11,14)(12,8)=3",4,1,0.0,False,"2(4,16)-1,15,5(6,9,7,13)(11,10,14)12-3,8",4,1,3.5,False,-11,
201706040712,12,3歳以上500万下,ダ,1200,曇,稍重,16:25,2017-09-24,中山,4,2,4,2012105638,メランコリア,牝5,55,00422,内田博幸,1:11.8,1.1/2,2-2,38.0,17.8,7,494(+10),01131,[東]蛯名利弘,629800,ミルファーム,110.0,,,,,,,,,,,"2(4,16)1,15,5,7(6,10)(9,13)(11,14)(12,8)=3",2,2,0.0,False,"2(4,16)-1,15,5(6,9,7,13)(11,10,14)12-3,8",2,2,0.0,False,-11,
201706040712,12,3歳以上500万下,ダ,1200,曇,稍重,16:25,2017-09-24,中山,5,1,2,2014101353,サンデュランゴ,牝3,50,01170,横山武史,1:11.8,クビ,1-1,38.2,6.8,4,476(0),01131,[東]蛯名利弘,059803,加藤ステーブル,75.0,,,,,,,,,,,"2(4,16)1,15,5,7(6,10)(9,13)(11,14)(12,8)=3",1,1,0.0,False,"2(4,16)-1,15,5(6,9,7,13)(11,10,14)12-3,8",1,1,0.0,False,-11,
201706040712,12,3歳以上500万下,ダ,1200,曇,稍重,16:25,2017-09-24,中山,6,7,13,2011104167,アサクサレーサー,牡6,54,01169,武藤雅,1:12.0,1,10-7,37.3,8.5,5,472(+4),01054,[東]戸田博文,537009,田原慶子,,,,,,,,,,,,"2(4,16)1,15,5,7(6,10)(9,13)(11,14)(12,8)=3",10,2,4.5,False,"2(4,16)-1,15,5(6,9,7,13)(11,10,14)12-3,8",7,4,6.5,False,-11,
201706040712,12,3歳以上500万下,ダ,1200,曇,稍重,16:25,2017-09-24,中山,7,5,9,2013102398,グローリアスクロワ,牝4,55,01096,大野拓弥,1:12.0,クビ,10-7,37.3,64.1,11,464(+16),00417,[東]土田稔,641030,日下部勝徳,,,,,,,,,,,,"2(4,16)1,15,5,7(6,10)(9,13)(11,14)(12,8)=3",10,2,4.5,False,"2(4,16)-1,15,5(6,9,7,13)(11,10,14)12-3,8",7,4,6.5,False,-11,
201706040712,12,3歳以上500万下,ダ,1200,曇,稍重,16:25,2017-09-24,中山,8,8,15,2013104429,ギンゴー,牡4,57,05243,柴山雄一,1:12.3,1.3/4,5-5,38.2,13.7,6,488(0),01089,[東]武市康男,629800,ミルファーム,,,,,,,,,,,,"2(4,16)1,15,5,7(6,10)(9,13)(11,14)(12,8)=3",5,1,1.5,False,"2(4,16)-1,15,5(6,9,7,13)(11,10,14)12-3,8",5,1,5.0,False,-11,
201706040712,12,3歳以上500万下,ダ,1200,曇,稍重,16:25,2017-09-24,中山,9,6,11,2013103299,コスモコレクション,牡4,57,01009,柴田大知,1:12.3,アタマ,12-11,37.4,70.9,12,476(+4),01112,[東]田島俊明,716800,ビッグレッドファーム,,,,,,,,,,,,"2(4,16)1,15,5,7(6,10)(9,13)(11,14)(12,8)=3",12,2,4.5,False,"2(4,16)-1,15,5(6,9,7,13)(11,10,14)12-3,8",11,3,6.5,False,-11,
201706040712,12,3歳以上500万下,ダ,1200,曇,稍重,16:25,2017-09-24,中山,10,6,12,2012102008,カシノキングダム,牡5,55,01149,伴啓太,1:12.5,3/4,14-14,37.4,187.9,15,480(+6),00370,[東]二本柳俊,514009,柏木務,,,,,,,,,,,,"2(4,16)1,15,5,7(6,10)(9,13)(11,14)(12,8)=3",14,2,4.5,False,"2(4,16)-1,15,5(6,9,7,13)(11,10,14)12-3,8",14,1,6.5,False,-11,
201706040712,12,3歳以上500万下,ダ,1200,曇,稍重,16:25,2017-09-24,中山,11,3,6,2012105964,サウスリュウセイ,牡5,57,01004,西田雄一,1:12.6,3/4,8-7,38.0,143.2,14,460(-7),01064,[東]武藤善則,393002,南波壽,,,,,,,,,,,,"2(4,16)1,15,5,7(6,10)(9,13)(11,14)(12,8)=3",8,2,4.5,False,"2(4,16)-1,15,5(6,9,7,13)(11,10,14)12-3,8",7,4,6.5,False,-11,
201706040712,12,3歳以上500万下,ダ,1200,曇,稍重,16:25,2017-09-24,中山,12,4,8,2014103843,バトルサンバ,牡3,55,01075,田辺裕信,1:13.0,2.1/2,14-16,37.9,5.9,3,514(0),01141,[東]尾形和幸,309008,山科統,,,,,,,,,,,,"2(4,16)1,15,5,7(6,10)(9,13)(11,14)(12,8)=3",14,2,4.5,False,"2(4,16)-1,15,5(6,9,7,13)(11,10,14)12-3,8",16,1,11.5,False,-11,
201706040712,12,3歳以上500万下,ダ,1200,曇,稍重,16:25,2017-09-24,中山,13,5,10,2013103705,タイキマロン,牝4,52,01161,菊沢一樹,1:13.1,1/2,8-11,38.5,30.7,10,474(+6),01023,[東]伊藤圭三,536800,大樹ファーム,,,,,,,,,,,,"2(4,16)1,15,5,7(6,10)(9,13)(11,14)(12,8)=3",8,2,4.5,False,"2(4,16)-1,15,5(6,9,7,13)(11,10,14)12-3,8",11,3,6.5,False,-11,
201706040712,12,3歳以上500万下,ダ,1200,曇,稍重,16:25,2017-09-24,中山,14,4,7,2014105750,チェアーグライド,牡3,55,01092,津村明秀,1:13.4,1.3/4,7-7,39.0,129.2,13,498(-4),01108,[東]矢野英一,415800,社台レースホース,,,,,,,,,,,,"2(4,16)1,15,5,7(6,10)(9,13)(11,14)(12,8)=3",7,1,4.5,False,"2(4,16)-1,15,5(6,9,7,13)(11,10,14)12-3,8",7,4,6.5,False,-11,
201706040712,12,3歳以上500万下,ダ,1200,曇,稍重,16:25,2017-09-24,中山,15,2,3,2013100549,サンマルトゥーレ,牡4,57,01135,杉原誠人,1:13.4,クビ,16-15,37.4,360.5,16,472(+8),01035,[東]佐藤吉勝,580007,相馬勇,,,,,,,,,,,,"2(4,16)1,15,5,7(6,10)(9,13)(11,14)(12,8)=3",16,1,10.5,False,"2(4,16)-1,15,5(6,9,7,13)(11,10,14)12-3,8",15,1,10.0,False,-11,
201706040712,12,3歳以上500万下,ダ,1200,曇,稍重,16:25,2017-09-24,中山,16,3,5,2014100264,アントレーン,牝3,53,01085,松岡正海,1:14.7,8,6-6,40.4,25.3,9,440(+10),00421,[東]浅野洋一,973006,鹽田久義,,,,,,,,,,,,"2(4,16)1,15,5,7(6,10)(9,13)(11,14)(12,8)=3",6,1,3.0,False,"2(4,16)-1,15,5(6,9,7,13)(11,10,14)12-3,8",6,1,6.5,False,-11,
201709040701,1,2歳未勝利,ダ,1200,晴,良,09:55,2017-09-24,阪神,1,6,8,2015100902,ソリストサンダー,牡2,54,01130,高倉稜,1:12.7,,8-4,36.5,2.2,1,470(+4),01025,[西]佐藤正雄,870004,村上稔,500.0,,,,,,,,,,,"3,12-(6,7)10,5,1,8-9-13,11,4,2",8,1,9.5,False,"3,12,6(10,8)(7,5)1=9-13,11-(4,2)",4,2,3.0,False,-7,
201709040701,1,2歳未勝利,ダ,1200,晴,良,09:55,2017-09-24,阪神,2,3,3,2015100672,ラフィングマッチ,牡2,54,01037,太宰啓介,1:12.9,1.1/2,1-1,37.7,26.4,7,466(0),01078,[西]北出成人,788800,ノースヒルズ,200.0,,,,,,,,,,,"3,12-(6,7)10,5,1,8-9-13,11,4,2",1,1,0.0,False,"3,12,6(10,8)(7,5)1=9-13,11-(4,2)",1,1,0.0,False,-7,
201709040701,1,2歳未勝利,ダ,1200,晴,良,09:55,2017-09-24,阪神,3,5,6,2015101830,コウエイアンカ,牡2,54,00894,小牧太,1:13.2,1.3/4,3-3,37.5,7.3,4,466(-10),00400,[西]柴田光陽,495005,伊東政清,130.0,,,,,,,,,,,"3,12-(6,7)10,5,1,8-9-13,11,4,2",3,2,5.0,False,"3,12,6(10,8)(7,5)1=9-13,11-(4,2)",3,1,3.0,False,-7,
201709040701,1,2歳未勝利,ダ,1200,晴,良,09:55,2017-09-24,阪神,4,4,5,2015100524,タガノプレトリア,牡2,54,01116,藤岡康太,1:13.6,2.1/2,6-6,37.5,14.0,6,440(0),01018,[西]宮徹,859002,八木良司,75.0,,,,,,,,,,,"3,12-(6,7)10,5,1,8-9-13,11,4,2",6,1,6.5,False,"3,12,6(10,8)(7,5)1=9-13,11-(4,2)",6,2,3.0,False,-7,
201709040701,1,2歳未勝利,ダ,1200,晴,良,09:55,2017-09-24,阪神,5,7,11,2015100594,ビコーズオブユー,セ2,54,01062,川島信二,1:14.5,5,11-11,37.0,9.4,5,488(+2),01039,[西]中竹和也,041002,前田晋二,50.0,,,,,,,,,,,"3,12-(6,7)10,5,1,8-9-13,11,4,2",11,1,18.0,False,"3,12,6(10,8)(7,5)1=9-13,11-(4,2)",11,1,14.0,False,-7,
201709040701,1,2歳未勝利,ダ,1200,晴,良,09:55,2017-09-24,阪神,6,7,10,2015103009,モスアゲート,牝2,54,01128,川須栄彦,1:14.8,1.3/4,5-4,38.9,132.0,10,424(+2),01142,[西]森田直行,716800,ビッグレッドファーム,,,,,,,,,,,,"3,12-(6,7)10,5,1,8-9-13,11,4,2",5,1,5.0,False,"3,12,6(10,8)(7,5)1=9-13,11-(4,2)",4,2,3.0,False,-7,
201709040701,1,2歳未勝利,ダ,1200,晴,良,09:55,2017-09-24,阪神,7,8,12,2015103325,エムケイフローラル,牝2,54,01093,藤岡佑介,1:14.9,3/4,2-2,39.5,6.6,3,430(+2),01099,[西]本田優,269800,丸幸小林牧場,,,,,,,,,,,,"3,12-(6,7)10,5,1,8-9-13,11,4,2",2,1,1.5,False,"3,12,6(10,8)(7,5)1=9-13,11-(4,2)",2,1,1.5,False,-7,
201709040701,1,2歳未勝利,ダ,1200,晴,良,09:55,2017-09-24,阪神,8,4,4,2015103757,プラチナバローズ,牡2,54,01088,川田将雅,1:15.2,1.1/2,12-12,37.2,28.0,8,468(+8),01149,[西]松下武士,859007,猪熊広次,,,,,,,,,,,,"3,12-(6,7)10,5,1,8-9-13,11,4,2",12,1,19.5,False,"3,12,6(10,8)(7,5)1=9-13,11-(4,2)",12,2,17.5,False,-7,
201709040701,1,2歳未勝利,ダ,1200,晴,良,09:55,2017-09-24,阪神,9,1,1,2015106091,アーヴァイン,牡2,54,01014,福永祐一,1:15.3,3/4,7-8,39.1,5.7,2,466(-4),00411,[西]浅見秀一,675030,林正道,,,,,,,,,,,,"3,12-(6,7)10,5,1,8-9-13,11,4,2",7,1,8.0,False,"3,12,6(10,8)(7,5)1=9-13,11-(4,2)",8,1,3.0,False,-7,
201709040701,1,2歳未勝利,ダ,1200,晴,良,09:55,2017-09-24,阪神,10,6,9,2015103766,クリノヒビキ,牡2,51,01168,富田暁,1:15.5,1.1/4,9-9,38.6,146.9,11,476(+2),01057,[西]湯窪幸雄,970006,栗本博晴,,,,,,,,,,,,"3,12-(6,7)10,5,1,8-9-13,11,4,2",9,1,13.0,False,"3,12,6(10,8)(7,5)1=9-13,11-(4,2)",9,1,9.0,False,-7,
201709040701,1,2歳未勝利,ダ,1200,晴,良,09:55,2017-09-24,阪神,11,5,7,2015101428,クリノマンチェスー,牝2,54,01034,酒井学,1:15.6,3/4,3-6,39.8,114.2,9,412(-2),01009,[西]田所秀孝,970006,栗本博晴,,,,,,,,,,,,"3,12-(6,7)10,5,1,8-9-13,11,4,2",3,2,5.0,False,"3,12,6(10,8)(7,5)1=9-13,11-(4,2)",6,2,3.0,False,-7,
201709040701,1,2歳未勝利,ダ,1200,晴,良,09:55,2017-09-24,阪神,12,8,13,2015103098,ブルベアアシタバ,牡2,53,01163,坂井瑠星,1:17.1,9,10-10,39.8,280.1,13,442(-6),01156,[東]青木孝文,843800,ブルアンドベア,,,,,,,,,,,,"3,12-(6,7)10,5,1,8-9-13,11,4,2",10,1,16.5,False,"3,12,6(10,8)(7,5)1=9-13,11-(4,2)",10,1,12.5,False,-7,
201709040701,1,2歳未勝利,ダ,1200,晴,良,09:55,2017-09-24,阪神,13,2,2,2015100824,サツキロビン,牝2,54,00732,幸英明,1:17.4,2,13-12,39.2,206.8,12,456(+2),01040,[西]服部利之,212008,小野博郷,,,,,,,,,,,,"3,12-(6,7)10,5,1,8-9-13,11,4,2",13,1,21.0,False,"3,12,6(10,8)(7,5)1=9-13,11-(4,2)",12,2,17.5,False,-7,
201709040702,2,2歳未勝利,芝,1400,晴,良,10:25,2017-09-24,阪神,1,3,3,2015102377,ダノンスマッシュ,牡2,54,01014,福永祐一,1:21.9,,7-5,34.4,2.2,1,462(-4),00438,[西]安田隆行,619800,ダノックス,500.0,,,,,,,,,,,"6(4,12)5,11,10,3,2(1,13)7(8,9)",7,1,4.5,False,"6(4,12)5(11,3)(10,2)1,13(8,7)9",5,2,0.0,False,-10,前日と比べて馬場は乾き、速い時計の出るコンディションになっていった。
201709040702,2,2歳未勝利,芝,1400,晴,良,10:25,2017-09-24,阪神,2,5,6,2015100978,ラブカンプー,牝2,54,05212,Ｍ．デム,1:22.2,2,1-1,35.3,2.6,2,432(+2),01142,[西]森田直行,291002,増田陽一,200.0,,,,,,,,,,,"6(4,12)5,11,10,3,2(1,13)7(8,9)",1,1,0.0,False,"6(4,12)5(11,3)(10,2)1,13(8,7)9",1,1,0.0,False,-10,前日と比べて馬場は乾き、速い時計の出るコンディションになっていった。
201709040702,2,2歳未勝利,芝,1400,晴,良,10:25,2017-09-24,阪神,3,4,5,2015106136,ケイココサージュ,牝2,54,01018,和田竜二,1:22.6,2.1/2,4-4,35.4,26.9,4,444(-2),00356,[西]坂口正則,878800,コロンバスサークル,130.0,,,,,,,,,,,"6(4,12)5,11,10,3,2(1,13)7(8,9)",4,1,0.0,False,"6(4,12)5(11,3)(10,2)1,13(8,7)9",4,1,0.0,False,-10,前日と比べて馬場は乾き、速い時計の出るコンディションになっていった。
201709040702,2,2歳未勝利,芝,1400,晴,良,10:25,2017-09-24,阪神,4,6,8,2015104799,ヴァルディノート,牡2,54,05339,ルメール,1:22.8,1.1/2,12-11,34.6,4.4,3,460(-2),01002,[西]音無秀孝,486800,キャロットファーム,75.0,,,,,,,,,,,"6(4,12)5,11,10,3,2(1,13)7(8,9)",12,2,6.0,False,"6(4,12)5(11,3)(10,2)1,13(8,7)9",11,2,1.5,False,-10,前日と比べて馬場は乾き、速い時計の出るコンディションになっていった。
201709040702,2,2歳未勝利,芝,1400,晴,良,10:25,2017-09-24,阪神,5,2,2,2015104283,フレネシー,牡2,54,00700,四位洋文,1:22.9,クビ,8-7,35.2,48.8,6,406(-6),00411,[西]浅見秀一,872800,三田昌宏,50.0,,,,,,,,,,,"6(4,12)5,11,10,3,2(1,13)7(8,9)",8,1,6.0,False,"6(4,12)5(11,3)(10,2)1,13(8,7)9",7,2,0.0,False,-10,前日と比べて馬場は乾き、速い時計の出るコンディションになっていった。
201709040702,2,2歳未勝利,芝,1400,晴,良,10:25,2017-09-24,阪神,6,7,10,2015102565,セイウンデルレイ,牡2,54,00732,幸英明,1:23.3,2.1/2,6-7,35.8,98.6,8,478(+4),01073,[西]宮本博,897009,西山茂行,,,,,,,,,,,,"6(4,12)5,11,10,3,2(1,13)7(8,9)",6,1,3.0,False,"6(4,12)5(11,3)(10,2)1,13(8,7)9",7,2,0.0,False,-10,前日と比べて馬場は乾き、速い時計の出るコンディションになっていった。
201709040702,2,2歳未勝利,芝,1400,晴,良,10:25,2017-09-24,阪神,7,1,1,2015106383,エイシンペガサス,牡2,54,05203,岩田康誠,1:23.3,アタマ,9-9,35.4,149.4,11,416(-8),01098,[西]野中賢二,785800,栄進堂,,,,,,,,,,,,"6(4,12)5,11,10,3,2(1,13)7(8,9)",9,2,6.0,False,"6(4,12)5(11,3)(10,2)1,13(8,7)9",9,1,0.0,False,-10,前日と比べて馬場は乾き、速い時計の出るコンディションになっていった。
201709040702,2,2歳未勝利,芝,1400,晴,良,10:25,2017-09-24,阪神,8,7,11,2015103026,アスターシャンティ,牡2,54,01114,田中健,1:23.3,クビ,5-5,35.9,224.4,12,442(+2),01049,[西]南井克巳,935003,加藤久枝,,,,,,,,,,,,"6(4,12)5,11,10,3,2(1,13)7(8,9)",5,1,1.5,False,"6(4,12)5(11,3)(10,2)1,13(8,7)9",5,2,0.0,False,-10,前日と比べて馬場は乾き、速い時計の出るコンディションになっていった。
201709040702,2,2歳未勝利,芝,1400,晴,良,10:25,2017-09-24,阪神,9,4,4,2015102817,メイショウツバキ,牝2,53,01157,鮫島克駿,1:23.5,1.1/4,2-2,36.5,29.0,5,444(+2),00434,[西]西橋豊治,911008,松本好隆,,,,,,,,,,,,"6(4,12)5,11,10,3,2(1,13)7(8,9)",2,2,0.0,False,"6(4,12)5(11,3)(10,2)1,13(8,7)9",2,2,0.0,False,-10,前日と比べて馬場は乾き、速い時計の出るコンディションになっていった。
201709040702,2,2歳未勝利,芝,1400,晴,良,10:25,2017-09-24,阪神,10,5,7,2015100195,アルマアノン,牝2,54,01102,北村友一,1:23.8,1.3/4,11-11,35.6,62.1,7,442(+4),00429,[西]佐々木晶,095700,コウトミックレーシン...,,,,,,,,,,,,"6(4,12)5,11,10,3,2(1,13)7(8,9)",11,1,6.0,False,"6(4,12)5(11,3)(10,2)1,13(8,7)9",11,2,1.5,False,-10,前日と比べて馬場は乾き、速い時計の出るコンディションになっていった。
201709040702,2,2歳未勝利,芝,1400,晴,良,10:25,2017-09-24,阪神,11,6,9,2015102973,マエガミ,牝2,51,01159,三津谷隼,1:23.8,アタマ,12-13,35.4,345.9,13,434(-4),01009,[西]田所秀孝,297007,副島義久,,,,,,,,,,,,"6(4,12)5,11,10,3,2(1,13)7(8,9)",12,2,6.0,False,"6(4,12)5(11,3)(10,2)1,13(8,7)9",13,1,1.5,False,-10,前日と比べて馬場は乾き、速い時計の出るコンディションになっていった。
201709040702,2,2歳未勝利,芝,1400,晴,良,10:25,2017-09-24,阪神,12,8,12,2015103228,スリーヘリオス,牡2,54,01126,松山弘平,1:24.0,1.1/4,2-2,36.9,103.7,9,466(-6),01107,[西]村山明,061800,永井商事,,,,,,,,,,,,"6(4,12)5,11,10,3,2(1,13)7(8,9)",2,2,0.0,False,"6(4,12)5(11,3)(10,2)1,13(8,7)9",2,2,0.0,False,-10,前日と比べて馬場は乾き、速い時計の出るコンディションになっていった。
201709040702,2,2歳未勝利,芝,1400,晴,良,10:25,2017-09-24,阪神,13,8,13,2015102093,ダイメイギンガ,牝2,53,01160,荻野極,1:24.0,ハナ,9-10,36.1,115.4,10,456(+10),01142,[西]森田直行,688006,宮本孝一,,,,,,,,,,,,"6(4,12)5,11,10,3,2(1,13)7(8,9)",9,2,6.0,False,"6(4,12)5(11,3)(10,2)1,13(8,7)9",10,1,1.5,False,-10,前日と比べて馬場は乾き、速い時計の出るコンディションになっていった。
201709040703,3,3歳未勝利,ダ,1800,晴,良,10:55,2017-09-24,阪神,1,8,16,2014100474,ジューンアンカー,牡3,56,01046,高田潤,1:54.4,,3-3-7-6,37.2,40.9,12,454(+4),01057,[西]湯窪幸雄,017803,吉川潤,500.0,"11,4,16-(6,8)(1,3)13(5,12,14)2(7,10)-15,9",3,1,3.0,False,"11,4,16(6,8)(1,3)(5,13)(2,12,14)(7,10)-15-9",3,1,3.0,False,"(*11,4,15)3-(8,10)-(16,13)6(1,12,14)(2,7)(5,9)",7,2,7.0,False,"(*11,4,3)15,8(16,10)13(1,12)(2,14)7(6,9)5",6,2,1.5,False,-7,
201709040703,3,3歳未勝利,ダ,1800,晴,良,10:55,2017-09-24,阪神,2,2,3,2014106253,コペルニクス,牡3,56,01088,川田将雅,1:54.4,クビ,6-6-4-2,37.7,5.2,3,432(-4),01002,[西]音無秀孝,372006,近藤英子,200.0,"11,4,16-(6,8)(1,3)13(5,12,14)2(7,10)-15,9",6,2,6.5,False,"11,4,16(6,8)(1,3)(5,13)(2,12,14)(7,10)-15-9",6,2,3.0,False,"(*11,4,15)3-(8,10)-(16,13)6(1,12,14)(2,7)(5,9)",4,1,0.0,False,"(*11,4,3)15,8(16,10)13(1,12)(2,14)7(6,9)5",2,3,0.0,False,-7,
201709040703,3,3歳未勝利,ダ,1800,晴,良,10:55,2017-09-24,阪神,3,5,10,2014105791,ジョンドゥ,牡3,55,01160,荻野極,1:54.6,1,13-13-5-6,37.6,14.1,6,508(0),01149,[西]松下武士,138007,吉田和美,130.0,"11,4,16-(6,8)(1,3)13(5,12,14)2(7,10)-15,9",13,2,6.5,False,"11,4,16(6,8)(1,3)(5,13)(2,12,14)(7,10)-15-9",13,2,3.0,False,"(*11,4,15)3-(8,10)-(16,13)6(1,12,14)(2,7)(5,9)",5,2,3.5,False,"(*11,4,3)15,8(16,10)13(1,12)(2,14)7(6,9)5",6,2,1.5,False,-7,
201709040703,3,3歳未勝利,ダ,1800,晴,良,10:55,2017-09-24,阪神,4,1,2,2014103669,ワンダーラジャ,牡3,56,01018,和田竜二,1:54.7,3/4,12-10-13-11,37.0,5.0,2,494(-2),00378,[西]沖芳夫,634001,山本信行,75.0,"11,4,16-(6,8)(1,3)13(5,12,14)2(7,10)-15,9",12,1,6.5,False,"11,4,16(6,8)(1,3)(5,13)(2,12,14)(7,10)-15-9",10,3,3.0,False,"(*11,4,15)3-(8,10)-(16,13)6(1,12,14)(2,7)(5,9)",13,2,7.0,False,"(*11,4,3)15,8(16,10)13(1,12)(2,14)7(6,9)5",11,2,1.5,False,-7,
201709040703,3,3歳未勝利,ダ,1800,晴,良,10:55,2017-09-24,阪神,5,2,4,2014102179,パーセプション,牡3,56,00666,武豊,1:54.8,1/2,2-2-2-2,38.4,12.6,5,532(-2),01098,[西]野中賢二,003060,Ｈ．Ｈ．シェイク・モ...,50.0,"11,4,16-(6,8)(1,3)13(5,12,14)2(7,10)-15,9",2,1,1.5,False,"11,4,16(6,8)(1,3)(5,13)(2,12,14)(7,10)-15-9",2,1,1.5,False,"(*11,4,15)3-(8,10)-(16,13)6(1,12,14)(2,7)(5,9)",2,3,0.0,False,"(*11,4,3)15,8(16,10)13(1,12)(2,14)7(6,9)5",2,3,0.0,False,-7,
201709040703,3,3歳未勝利,ダ,1800,晴,良,10:55,2017-09-24,阪神,6,8,15,2014106025,レディアリエッタ,牝3,54,05203,岩田康誠,1:54.9,1/2,15-15-2-4,38.4,33.2,10,438(-12),01055,[西]藤原英昭,534006,寺田千代乃,,"11,4,16-(6,8)(1,3)13(5,12,14)2(7,10)-15,9",15,1,10.0,False,"11,4,16(6,8)(1,3)(5,13)(2,12,14)(7,10)-15-9",15,1,6.5,False,"(*11,4,15)3-(8,10)-(16,13)6(1,12,14)(2,7)(5,9)",2,3,0.0,False,"(*11,4,3)15,8(16,10)13(1,12)(2,14)7(6,9)5",4,1,0.0,False,-7,
201709040703,3,3歳未勝利,ダ,1800,晴,良,10:55,2017-09-24,阪神,7,1,1,2014105300,ベルメーリャ,牝3,54,01126,松山弘平,1:55.1,1,6-6-10-9,37.7,16.2,8,544(+2),01142,[西]森田直行,221007,吉田安惠,,"11,4,16-(6,8)(1,3)13(5,12,14)2(7,10)-15,9",6,2,6.5,False,"11,4,16(6,8)(1,3)(5,13)(2,12,14)(7,10)-15-9",6,2,3.0,False,"(*11,4,15)3-(8,10)-(16,13)6(1,12,14)(2,7)(5,9)",10,3,7.0,False,"(*11,4,3)15,8(16,10)13(1,12)(2,14)7(6,9)5",9,2,1.5,False,-7,
201709040703,3,3歳未勝利,ダ,1800,晴,良,10:55,2017-09-24,阪神,8,6,11,2014103238,メイショウクロス,牡3,53,01168,富田暁,1:55.1,アタマ,1-1-1-1,38.8,8.0,4,516(-6),00356,[西]坂口正則,523005,松本好雄,,"11,4,16-(6,8)(1,3)13(5,12,14)2(7,10)-15,9",1,1,0.0,False,"11,4,16(6,8)(1,3)(5,13)(2,12,14)(7,10)-15-9",1,1,0.0,False,"(*11,4,15)3-(8,10)-(16,13)6(1,12,14)(2,7)(5,9)",1,3,0.0,True,"(*11,4,3)15,8(16,10)13(1,12)(2,14)7(6,9)5",1,3,0.0,True,-7,
201709040703,3,3歳未勝利,ダ,1800,晴,良,10:55,2017-09-24,阪神,9,3,5,2014104091,ジュンハーツ,牝3,54,05339,ルメール,1:55.3,1,9-8-15-16,37.1,3.1,1,502(+8),01061,[西]友道康夫,165033,河合純二,,"11,4,16-(6,8)(1,3)13(5,12,14)2(7,10)-15,9",9,3,6.5,False,"11,4,16(6,8)(1,3)(5,13)(2,12,14)(7,10)-15-9",8,2,3.0,False,"(*11,4,15)3-(8,10)-(16,13)6(1,12,14)(2,7)(5,9)",15,2,7.0,False,"(*11,4,3)15,8(16,10)13(1,12)(2,14)7(6,9)5",16,1,1.5,False,-7,
201709040703,3,3歳未勝利,ダ,1800,晴,良,10:55,2017-09-24,阪神,10,4,8,2014105624,アリストレジェンド,牡3,56,01102,北村友一,1:55.4,1/2,4-4-5-5,38.7,14.3,7,486(-26),00438,[西]安田隆行,415800,社台レースホース,,"11,4,16-(6,8)(1,3)13(5,12,14)2(7,10)-15,9",4,2,6.5,False,"11,4,16(6,8)(1,3)(5,13)(2,12,14)(7,10)-15-9",4,2,3.0,False,"(*11,4,15)3-(8,10)-(16,13)6(1,12,14)(2,7)(5,9)",5,2,3.5,False,"(*11,4,3)15,8(16,10)13(1,12)(2,14)7(6,9)5",5,1,1.5,False,-7,
201709040703,3,3歳未勝利,ダ,1800,晴,良,10:55,2017-09-24,阪神,11,7,13,2014106193,オルトロス,牡3,56,01014,福永祐一,1:55.5,3/4,8-8-7-8,38.1,25.9,9,502(0),01058,[西]大久保龍,226800,サンデーレーシング,,"11,4,16-(6,8)(1,3)13(5,12,14)2(7,10)-15,9",8,1,6.5,False,"11,4,16(6,8)(1,3)(5,13)(2,12,14)(7,10)-15-9",8,2,3.0,False,"(*11,4,15)3-(8,10)-(16,13)6(1,12,14)(2,7)(5,9)",7,2,7.0,False,"(*11,4,3)15,8(16,10)13(1,12)(2,14)7(6,9)5",8,1,1.5,False,-7,
201709040703,3,3歳未勝利,ダ,1800,晴,良,10:55,2017-09-24,阪神,12,4,7,2014106313,レッドラフィーネ,牝3,54,01116,藤岡康太,1:56.1,3.1/2,13-13-13-13,38.3,34.9,11,422(-10),01117,[西]高野友和,180800,東京ホースレーシング,,"11,4,16-(6,8)(1,3)13(5,12,14)2(7,10)-15,9",13,2,6.5,False,"11,4,16(6,8)(1,3)(5,13)(2,12,14)(7,10)-15-9",13,2,3.0,False,"(*11,4,15)3-(8,10)-(16,13)6(1,12,14)(2,7)(5,9)",13,2,7.0,False,"(*11,4,3)15,8(16,10)13(1,12)(2,14)7(6,9)5",13,1,1.5,False,-7,
201709040703,3,3歳未勝利,ダ,1800,晴,良,10:55,2017-09-24,阪神,13,6,12,2014105001,ニホンピロメイデー,牝3,54,01034,酒井学,1:56.5,2.1/2,9-10-10-9,39.0,607.7,16,440(-6),01009,[西]田所秀孝,985001,小林百太郎,,"11,4,16-(6,8)(1,3)13(5,12,14)2(7,10)-15,9",9,3,6.5,False,"11,4,16(6,8)(1,3)(5,13)(2,12,14)(7,10)-15-9",10,3,3.0,False,"(*11,4,15)3-(8,10)-(16,13)6(1,12,14)(2,7)(5,9)",10,3,7.0,False,"(*11,4,3)15,8(16,10)13(1,12)(2,14)7(6,9)5",9,2,1.5,False,-7,
201709040703,3,3歳未勝利,ダ,1800,晴,良,10:55,2017-09-24,阪神,14,7,14,2014101557,ヴォーチェドーロ,牝3,53,01156,加藤祥太,1:56.6,1/2,9-10-10-11,39.0,234.6,14,480(-10),01130,[西]吉村圭司,514008,窪田康志,,"11,4,16-(6,8)(1,3)13(5,12,14)2(7,10)-15,9",9,3,6.5,False,"11,4,16(6,8)(1,3)(5,13)(2,12,14)(7,10)-15-9",10,3,3.0,False,"(*11,4,15)3-(8,10)-(16,13)6(1,12,14)(2,7)(5,9)",10,3,7.0,False,"(*11,4,3)15,8(16,10)13(1,12)(2,14)7(6,9)5",11,2,1.5,False,-7,
201709040703,3,3歳未勝利,ダ,1800,晴,良,10:55,2017-09-24,阪神,15,5,9,2014103476,メイショウタカモリ,牡3,56,00732,幸英明,1:56.7,1/2,16-16-15-14,38.7,283.6,15,486(-6),00261,[西]中村均,523005,松本好雄,,"11,4,16-(6,8)(1,3)13(5,12,14)2(7,10)-15,9",16,1,11.5,False,"11,4,16(6,8)(1,3)(5,13)(2,12,14)(7,10)-15-9",16,1,10.0,False,"(*11,4,15)3-(8,10)-(16,13)6(1,12,14)(2,7)(5,9)",15,2,7.0,False,"(*11,4,3)15,8(16,10)13(1,12)(2,14)7(6,9)5",14,2,1.5,False,-7,
201709040703,3,3歳未勝利,ダ,1800,晴,良,10:55,2017-09-24,阪神,16,3,6,2014110126,グランドホール,牝3,51,01165,森裕太朗,1:57.6,5,4-4-9-14,40.0,229.0,13,452(-4),00397,[西]岩元市三,464030,田畑利彦,,"11,4,16-(6,8)(1,3)13(5,12,14)2(7,10)-15,9",4,2,6.5,False,"11,4,16(6,8)(1,3)(5,13)(2,12,14)(7,10)-15-9",4,2,3.0,False,"(*11,4,15)3-(8,10)-(16,13)6(1,12,14)(2,7)(5,9)",9,1,7.0,False,"(*11,4,3)15,8(16,10)13(1,12)(2,14)7(6,9)5",14,2,1.5,False,-7,
201709040704,4,障害3歳以上未勝利,芝,2970,晴,良,11:25,2017-09-24,阪神,1,5,7,2011102236,ダンツキャンサー,牝6,58,00727,植野貴也,3:19.4,,2-2-1-1,13.4,6.5,4,486(-4),00431,[西]谷潔,248005,山元哲二,780.0,"10,7-3(8,11,2)-1,5,9(6,13)=4=12",2,1,1.5,False,"10,7-3,11,8-2(1,5)9,13,6=4=12",2,1,1.5,False,"7,10,3,8=11,1,6,5-13-2-4=12   9",1,1,0.0,False,"7,3-8-10=(11,1,6)=5,13,4=(2,12)   9",1,1,0.0,False,,前日と比べて馬場は乾き、速い時計の出るコンディションになっていった。
201709040704,4,障害3歳以上未勝利,芝,2970,晴,良,11:25,2017-09-24,阪神,2,3,3,2014100967,マサノハヤテ,牡3,58,00691,北沢伸也,3:20.0,4,3-3-3-2,13.5,3.3,1,502(0),00425,[西]加用正,806002,猪野毛雅人,310.0,"10,7-3(8,11,2)-1,5,9(6,13)=4=12",3,1,5.0,False,"10,7-3,11,8-2(1,5)9,13,6=4=12",3,1,5.0,False,"7,10,3,8=11,1,6,5-13-2-4=12   9",3,1,3.0,False,"7,3-8-10=(11,1,6)=5,13,4=(2,12)   9",2,1,1.5,False,,前日と比べて馬場は乾き、速い時計の出るコンディションになっていった。
201709040704,4,障害3歳以上未勝利,芝,2970,晴,良,11:25,2017-09-24,阪神,3,6,8,2013105685,メメニシコリ,牡4,60,01072,黒岩悠,3:21.5,9,4-5-4-3,13.6,4.3,2,460(+2),01050,[西]飯田雄三,118030,本谷惠,200.0,"10,7-3(8,11,2)-1,5,9(6,13)=4=12",4,3,5.0,False,"10,7-3,11,8-2(1,5)9,13,6=4=12",5,1,8.0,False,"7,10,3,8=11,1,6,5-13-2-4=12   9",4,1,4.5,False,"7,3-8-10=(11,1,6)=5,13,4=(2,12)   9",3,1,5.0,False,,前日と比べて馬場は乾き、速い時計の出るコンディションになっていった。
201709040704,4,障害3歳以上未勝利,芝,2970,晴,良,11:25,2017-09-24,阪神,4,5,6,2013104743,シゲルクロカジキ,牡4,60,01059,石神深一,3:23.8,大,10-11-7-5,13.7,24.1,8,488(-6),01040,[西]服部利之,674004,森中蕃,120.0,"10,7-3(8,11,2)-1,5,9(6,13)=4=12",10,2,11.5,False,"10,7-3,11,8-2(1,5)9,13,6=4=12",11,1,14.5,False,"7,10,3,8=11,1,6,5-13-2-4=12   9",7,1,13.5,False,"7,3-8-10=(11,1,6)=5,13,4=(2,12)   9",5,3,14.5,False,,前日と比べて馬場は乾き、速い時計の出るコンディションになっていった。
201709040704,4,障害3歳以上未勝利,芝,2970,晴,良,11:25,2017-09-24,阪神,5,1,1,2011105806,メイショウヒコボシ,牡6,60,01139,森一馬,3:23.9,クビ,7-7-6-5,13.7,8.8,5,530(+4),01042,[西]安達昭夫,789006,松本和子,78.0,"10,7-3(8,11,2)-1,5,9(6,13)=4=12",7,1,8.5,False,"10,7-3,11,8-2(1,5)9,13,6=4=12",7,2,11.5,False,"7,10,3,8=11,1,6,5-13-2-4=12   9",6,1,12.0,False,"7,3-8-10=(11,1,6)=5,13,4=(2,12)   9",5,3,14.5,False,,前日と比べて馬場は乾き、速い時計の出るコンディションになっていった。
201709040704,4,障害3歳以上未勝利,芝,2970,晴,良,11:25,2017-09-24,阪神,6,7,10,2011101775,ヴィンセンツイヤー,セ6,60,01008,山本康志,3:25.4,9,1-1-2-4,13.8,57.2,9,480(-2),01100,[東]松山将樹,854800,ノルマンディーサラブ...,,"10,7-3(8,11,2)-1,5,9(6,13)=4=12",1,1,0.0,False,"10,7-3,11,8-2(1,5)9,13,6=4=12",1,1,0.0,False,"7,10,3,8=11,1,6,5-13-2-4=12   9",2,1,1.5,False,"7,3-8-10=(11,1,6)=5,13,4=(2,12)   9",4,1,8.5,False,,前日と比べて馬場は乾き、速い時計の出るコンディションになっていった。
201709040704,4,障害3歳以上未勝利,芝,2970,晴,良,11:25,2017-09-24,阪神,7,4,5,2013106258,アドマイヤデライト,牡4,60,01066,難波剛健,3:25.9,3,8-7-8-8,13.9,9.1,6,528(+6),01084,[西]梅田智之,398002,近藤利一,,"10,7-3(8,11,2)-1,5,9(6,13)=4=12",8,1,10.0,False,"10,7-3,11,8-2(1,5)9,13,6=4=12",7,2,11.5,False,"7,10,3,8=11,1,6,5-13-2-4=12   9",8,1,15.0,False,"7,3-8-10=(11,1,6)=5,13,4=(2,12)   9",8,1,20.5,False,,前日と比べて馬場は乾き、速い時計の出るコンディションになっていった。
201709040704,4,障害3歳以上未勝利,芝,2970,晴,良,11:25,2017-09-24,阪神,8,7,11,2014105442,サンライズレイド,セ3,58,00652,熊沢重文,3:26.3,2.1/2,4-4-5-5,13.9,80.8,10,510(+4),01002,[西]音無秀孝,306008,松岡隆雄,,"10,7-3(8,11,2)-1,5,9(6,13)=4=12",4,3,5.0,False,"10,7-3,11,8-2(1,5)9,13,6=4=12",4,1,6.5,False,"7,10,3,8=11,1,6,5-13-2-4=12   9",5,1,10.5,False,"7,3-8-10=(11,1,6)=5,13,4=(2,12)   9",5,3,14.5,False,,前日と比べて馬場は乾き、速い時計の出るコンディションになっていった。
201709040704,4,障害3歳以上未勝利,芝,2970,晴,良,11:25,2017-09-24,阪神,9,4,4,2011102559,ユキノサンブライト,牝6,58,01087,上野翔,3:28.3,大,12-12-11-10,14.0,135.6,11,468(+6),00353,[東]和田正道,623005,井上基之,,"10,7-3(8,11,2)-1,5,9(6,13)=4=12",12,1,17.5,False,"10,7-3,11,8-2(1,5)9,13,6=4=12",12,1,20.5,False,"7,10,3,8=11,1,6,5-13-2-4=12   9",11,1,25.5,False,"7,3-8-10=(11,1,6)=5,13,4=(2,12)   9",10,1,23.5,False,,前日と比べて馬場は乾き、速い時計の出るコンディションになっていった。
201709040704,4,障害3歳以上未勝利,芝,2970,晴,良,11:25,2017-09-24,阪神,10,8,12,2013102700,カリスマフォンテン,牝4,58,01113,草野太郎,3:28.4,クビ,13-13-12-11,14.0,344.5,13,520(+10),00428,[東]石毛善彦,186001,吉橋計,,"10,7-3(8,11,2)-1,5,9(6,13)=4=12",13,1,23.5,False,"10,7-3,11,8-2(1,5)9,13,6=4=12",13,1,26.5,False,"7,10,3,8=11,1,6,5-13-2-4=12   9",12,1,31.5,False,"7,3-8-10=(11,1,6)=5,13,4=(2,12)   9",11,2,29.5,False,,前日と比べて馬場は乾き、速い時計の出るコンディションになっていった。
201709040704,4,障害3歳以上未勝利,芝,2970,晴,良,11:25,2017-09-24,阪神,11,8,13,2011104273,ルファルシオン,牡6,60,01067,平沢健治,3:28.7,2,10-10-9-9,14.1,10.4,7,508(-8),01011,[西]松田国英,148800,グリーンファーム,,"10,7-3(8,11,2)-1,5,9(6,13)=4=12",10,2,11.5,False,"10,7-3,11,8-2(1,5)9,13,6=4=12",10,1,13.0,False,"7,10,3,8=11,1,6,5-13-2-4=12   9",9,1,18.5,False,"7,3-8-10=(11,1,6)=5,13,4=(2,12)   9",9,1,22.0,False,,前日と比べて馬場は乾き、速い時計の出るコンディションになっていった。
201709040704,4,障害3歳以上未勝利,芝,2970,晴,良,11:25,2017-09-24,阪神,12,2,2,2012105033,ツーエムカイザー,牡5,60,01105,田村太雅,3:30.5,大,4-6-10-11,14.2,155.9,12,494(-8),01025,[西]佐藤正雄,616030,水谷昌晃,,"10,7-3(8,11,2)-1,5,9(6,13)=4=12",4,3,5.0,False,"10,7-3,11,8-2(1,5)9,13,6=4=12",6,1,11.5,False,"7,10,3,8=11,1,6,5-13-2-4=12   9",10,1,22.0,False,"7,3-8-10=(11,1,6)=5,13,4=(2,12)   9",11,2,29.5,False,,前日と比べて馬場は乾き、速い時計の出るコンディションになっていった。
201709040704,4,障害3歳以上未勝利,芝,2970,晴,良,11:25,2017-09-24,阪神,中,6,9,2013105539,ヨカグラ,セ4,60,00655,林満明,,,9-9,,6.2,3,492(+16),01039,[西]中竹和也,415800,社台レースホース,,"10,7-3(8,11,2)-1,5,9(6,13)=4=12",9,1,11.5,False,"10,7-3,11,8-2(1,5)9,13,6=4=12",9,1,11.5,False,"7,10,3,8=11,1,6,5-13-2-4=12   9",13,1,37.5,False,"7,3-8-10=(11,1,6)=5,13,4=(2,12)   9",13,1,35.5,False,,前日と比べて馬場は乾き、速い時計の出るコンディションになっていった。
201709040705,5,2歳新馬,芝,2000,晴,良,12:15,2017-09-24,阪神,1,5,5,2015100533,ドンアルゴス,牡2,53,01156,加藤祥太,2:02.8,,3-3-2-2,34.0,24.0,6,496(0),01087,[西]庄野靖志,440006,山田貢一,700.0,"8-3,5-6,2,4-7,1",3,1,5.0,False,"8-3,5,6,2,4-7,1",3,1,5.0,False,"8-5-3,6,2(1,4)7",2,1,3.5,False,"8,5(3,6,2)(1,4,7)",2,1,1.5,False,-10,前日と比べて馬場は乾き、速い時計の出るコンディションになっていった。
201709040705,5,2歳新馬,芝,2000,晴,良,12:15,2017-09-24,阪神,2,6,6,2015100523,アルムフォルツァ,牡2,54,00732,幸英明,2:02.9,1/2,4-4-4-3,33.6,6.8,3,444(0),00422,[西]五十嵐忠,899030,崎川美枝子,280.0,"8-3,5-6,2,4-7,1",4,1,8.5,False,"8-3,5,6,2,4-7,1",4,1,6.5,False,"8-5-3,6,2(1,4)7",4,1,8.5,False,"8,5(3,6,2)(1,4,7)",3,3,1.5,False,-10,前日と比べて馬場は乾き、速い時計の出るコンディションになっていった。
201709040705,5,2歳新馬,芝,2000,晴,良,12:15,2017-09-24,阪神,3,2,2,2015104390,レッドエクシード,牡2,54,05203,岩田康誠,2:03.3,2.1/2,5-5-5-3,33.9,1.8,1,458(0),01092,[西]松永幹夫,180800,東京ホースレーシング,180.0,"8-3,5-6,2,4-7,1",5,1,10.0,False,"8-3,5,6,2,4-7,1",5,1,8.0,False,"8-5-3,6,2(1,4)7",5,1,10.0,False,"8,5(3,6,2)(1,4,7)",3,3,1.5,False,-10,前日と比べて馬場は乾き、速い時計の出るコンディションになっていった。
201709040705,5,2歳新馬,芝,2000,晴,良,12:15,2017-09-24,阪神,4,7,7,2015104995,エタリオウ,牡2,54,01014,福永祐一,2:03.4,3/4,7-7-8-6,33.8,9.2,4,472(0),01061,[西]友道康夫,098803,Ｇリビエール・レーシ...,110.0,"8-3,5-6,2,4-7,1",7,1,15.0,False,"8-3,5,6,2,4-7,1",7,1,13.0,False,"8-5-3,6,2(1,4)7",8,1,10.0,False,"8,5(3,6,2)(1,4,7)",6,3,1.5,False,-10,前日と比べて馬場は乾き、速い時計の出るコンディションになっていった。
201709040705,5,2歳新馬,芝,2000,晴,良,12:15,2017-09-24,阪神,5,4,4,2015104751,トーセンブレイヴ,牡2,54,05339,ルメール,2:03.5,3/4,6-6-6-6,33.9,3.7,2,496(0),01071,[西]池江泰寿,270006,島川隆哉,70.0,"8-3,5-6,2,4-7,1",6,1,11.5,False,"8-3,5,6,2,4-7,1",6,1,9.5,False,"8-5-3,6,2(1,4)7",6,2,10.0,False,"8,5(3,6,2)(1,4,7)",6,3,1.5,False,-10,前日と比べて馬場は乾き、速い時計の出るコンディションになっていった。
201709040705,5,2歳新馬,芝,2000,晴,良,12:15,2017-09-24,阪神,6,1,1,2015104883,サニーレイ,牝2,54,00666,武豊,2:05.1,10,8-8-6-6,35.5,16.0,5,462(0),01098,[西]野中賢二,943030,橋元勇氣,,"8-3,5-6,2,4-7,1",8,1,16.5,False,"8-3,5,6,2,4-7,1",8,1,14.5,False,"8-5-3,6,2(1,4)7",6,2,10.0,False,"8,5(3,6,2)(1,4,7)",6,3,1.5,False,-10,前日と比べて馬場は乾き、速い時計の出るコンディションになっていった。
201709040705,5,2歳新馬,芝,2000,晴,良,12:15,2017-09-24,阪神,7,8,8,2015105573,エクスパートラン,牡2,54,01093,藤岡佑介,2:05.5,2.1/2,1-1-1-1,37.0,69.8,7,444(0),01085,[西]小崎憲,490800,キヨタケ牧場,,"8-3,5-6,2,4-7,1",1,1,0.0,False,"8-3,5,6,2,4-7,1",1,1,0.0,False,"8-5-3,6,2(1,4)7",1,1,0.0,False,"8,5(3,6,2)(1,4,7)",1,1,0.0,False,-10,前日と比べて馬場は乾き、速い時計の出るコンディションになっていった。
201709040705,5,2歳新馬,芝,2000,晴,良,12:15,2017-09-24,阪神,8,3,3,2015104307,ヒダザクラ,牝2,54,01102,北村友一,2:05.9,2.1/2,2-2-3-3,36.7,110.6,8,482(0),01083,[西]松永昌博,927033,日下部猛,,"8-3,5-6,2,4-7,1",2,1,3.5,False,"8-3,5,6,2,4-7,1",2,1,3.5,False,"8-5-3,6,2(1,4)7",3,1,7.0,False,"8,5(3,6,2)(1,4,7)",3,3,1.5,False,-10,前日と比べて馬場は乾き、速い時計の出るコンディションになっていった。
201709040706,6,2歳新馬,ダ,1400,晴,良,12:45,2017-09-24,阪神,1,3,5,2015110007,オペラグローブ,牝2,54,01088,川田将雅,1:26.6,,1-1,38.9,4.0,2,478(0),01137,[西]中内田充,091803,山紫水明,700.0,,,,,,,,,,,"5(13,12)16(1,15)14(4,8,9)-(3,6)(2,11)-10-7",1,1,0.0,False,"(*5,12)-16(1,15)13,14,4,8(6,2)(3,9,11)-(10,7)",1,2,0.0,True,-6,
201709040706,6,2歳新馬,ダ,1400,晴,良,12:45,2017-09-24,阪神,2,6,12,2015104964,スーブレット,牝2,54,05339,ルメール,1:26.6,クビ,2-2,38.8,3.0,1,472(0),01022,[西]石坂正,506800,シルクレーシング,280.0,,,,,,,,,,,"5(13,12)16(1,15)14(4,8,9)-(3,6)(2,11)-10-7",2,2,0.0,False,"(*5,12)-16(1,15)13,14,4,8(6,2)(3,9,11)-(10,7)",2,2,0.0,False,-6,
201709040706,6,2歳新馬,ダ,1400,晴,良,12:45,2017-09-24,阪神,3,8,16,2015100971,キッチンウイッチ,牝2,54,01133,水口優也,1:27.1,3,4-3,38.9,45.0,10,438(0),00365,[西]崎山博樹,851007,山上和良,180.0,,,,,,,,,,,"5(13,12)16(1,15)14(4,8,9)-(3,6)(2,11)-10-7",4,1,0.0,False,"(*5,12)-16(1,15)13,14,4,8(6,2)(3,9,11)-(10,7)",3,1,3.5,False,-6,
201709040706,6,2歳新馬,ダ,1400,晴,良,12:45,2017-09-24,阪神,4,3,6,2015106302,ブルベアブロッコリ,牡2,53,01155,義英真,1:27.2,3/4,11-10,37.9,22.3,7,464(0),01041,[西]藤沢則雄,843800,ブルアンドベア,110.0,,,,,,,,,,,"5(13,12)16(1,15)14(4,8,9)-(3,6)(2,11)-10-7",11,2,3.5,False,"(*5,12)-16(1,15)13,14,4,8(6,2)(3,9,11)-(10,7)",10,2,8.0,False,-6,
201709040706,6,2歳新馬,ダ,1400,晴,良,12:45,2017-09-24,阪神,5,1,1,2015103393,コラード,牡2,54,01116,藤岡康太,1:27.5,1.3/4,5-4,39.1,13.6,5,494(0),01033,[西]木原一良,463800,名古屋友豊,70.0,,,,,,,,,,,"5(13,12)16(1,15)14(4,8,9)-(3,6)(2,11)-10-7",5,2,0.0,False,"(*5,12)-16(1,15)13,14,4,8(6,2)(3,9,11)-(10,7)",4,2,3.5,False,-6,
201709040706,6,2歳新馬,ダ,1400,晴,良,12:45,2017-09-24,阪神,6,2,4,2015105100,エンジェルウィング,牝2,54,01014,福永祐一,1:27.5,クビ,8-8,38.7,11.1,4,516(0),01123,[西]牧田和弥,486800,キャロットファーム,,,,,,,,,,,,"5(13,12)16(1,15)14(4,8,9)-(3,6)(2,11)-10-7",8,3,0.0,False,"(*5,12)-16(1,15)13,14,4,8(6,2)(3,9,11)-(10,7)",8,1,6.5,False,-6,
201709040706,6,2歳新馬,ダ,1400,晴,良,12:45,2017-09-24,阪神,7,7,14,2015103932,トモジャクアルト,牡2,54,00732,幸英明,1:27.6,クビ,7-7,39.0,19.7,6,488(0),01032,[西]大根田裕,238033,吉冨朝美,,,,,,,,,,,,"5(13,12)16(1,15)14(4,8,9)-(3,6)(2,11)-10-7",7,1,0.0,False,"(*5,12)-16(1,15)13,14,4,8(6,2)(3,9,11)-(10,7)",7,1,5.0,False,-6,
201709040706,6,2歳新馬,ダ,1400,晴,良,12:45,2017-09-24,阪神,8,1,2,2015100606,ブラスト,牡2,54,01126,松山弘平,1:27.9,2,13-10,38.5,185.9,14,538(0),00261,[西]中村均,754033,槙和美,,,,,,,,,,,,"5(13,12)16(1,15)14(4,8,9)-(3,6)(2,11)-10-7",13,2,3.5,False,"(*5,12)-16(1,15)13,14,4,8(6,2)(3,9,11)-(10,7)",10,2,8.0,False,-6,
201709040706,6,2歳新馬,ダ,1400,晴,良,12:45,2017-09-24,阪神,9,4,7,2015103199,スズカビレッジ,牡2,54,01018,和田竜二,1:28.0,クビ,16-15,37.5,77.4,12,452(0),01148,[西]西村真幸,382004,永井啓弍,,,,,,,,,,,,"5(13,12)16(1,15)14(4,8,9)-(3,6)(2,11)-10-7",16,1,10.5,False,"(*5,12)-16(1,15)13,14,4,8(6,2)(3,9,11)-(10,7)",15,2,11.5,False,-6,
201709040706,6,2歳新馬,ダ,1400,晴,良,12:45,2017-09-24,阪神,10,4,8,2015103797,ウォーターボルグ,牡2,53,01146,岩崎翼,1:28.1,3/4,8-9,39.2,67.3,11,510(0),01072,[西]河内洋,538009,山岡良一,,,,,,,,,,,,"5(13,12)16(1,15)14(4,8,9)-(3,6)(2,11)-10-7",8,3,0.0,False,"(*5,12)-16(1,15)13,14,4,8(6,2)(3,9,11)-(10,7)",9,1,8.0,False,-6,
201709040706,6,2歳新馬,ダ,1400,晴,良,12:45,2017-09-24,阪神,11,5,10,2015103265,ナムラシシマル,牡2,51,01159,三津谷隼,1:28.4,1.3/4,15-15,38.3,277.9,15,496(0),00387,[西]目野哲也,945004,奈村信重,,,,,,,,,,,,"5(13,12)16(1,15)14(4,8,9)-(3,6)(2,11)-10-7",15,1,7.0,False,"(*5,12)-16(1,15)13,14,4,8(6,2)(3,9,11)-(10,7)",15,2,11.5,False,-6,
201709040706,6,2歳新馬,ダ,1400,晴,良,12:45,2017-09-24,阪神,12,2,3,2015103610,デンコウグランデ,牡2,54,01154,松若風馬,1:28.7,1.3/4,11-12,39.4,112.6,13,476(0),01095,[西]荒川義之,484007,田中康弘,,,,,,,,,,,,"5(13,12)16(1,15)14(4,8,9)-(3,6)(2,11)-10-7",11,2,3.5,False,"(*5,12)-16(1,15)13,14,4,8(6,2)(3,9,11)-(10,7)",12,3,8.0,False,-6,
201709040706,6,2歳新馬,ダ,1400,晴,良,12:45,2017-09-24,阪神,13,6,11,2015102454,パープルヒストリー,牡2,54,01114,田中健,1:29.0,2,13-12,39.5,362.4,16,434(0),00396,[西]福島信晴,554009,中野銀十,,,,,,,,,,,,"5(13,12)16(1,15)14(4,8,9)-(3,6)(2,11)-10-7",13,2,3.5,False,"(*5,12)-16(1,15)13,14,4,8(6,2)(3,9,11)-(10,7)",12,3,8.0,False,-6,
201709040706,6,2歳新馬,ダ,1400,晴,良,12:45,2017-09-24,阪神,14,8,15,2015102550,クールキッズ,牝2,53,01160,荻野極,1:30.3,8,5-4,41.9,4.2,3,494(0),01110,[西]清水久詞,762007,川上哲司,,,,,,,,,,,,"5(13,12)16(1,15)14(4,8,9)-(3,6)(2,11)-10-7",5,2,0.0,False,"(*5,12)-16(1,15)13,14,4,8(6,2)(3,9,11)-(10,7)",4,2,3.5,False,-6,
201709040706,6,2歳新馬,ダ,1400,晴,良,12:45,2017-09-24,阪神,15,7,13,2015101241,クラウンチャンプ,牡2,54,01144,菱田裕二,1:30.5,1.1/2,2-6,42.4,32.0,8,482(0),01084,[西]梅田智之,043033,矢野恭裕,,,,,,,,,,,,"5(13,12)16(1,15)14(4,8,9)-(3,6)(2,11)-10-7",2,2,0.0,False,"(*5,12)-16(1,15)13,14,4,8(6,2)(3,9,11)-(10,7)",6,1,3.5,False,-6,
201709040706,6,2歳新馬,ダ,1400,晴,良,12:45,2017-09-24,阪神,16,5,9,2015103077,タユウグロ,牡2,54,00666,武豊,1:30.6,1/2,8-12,41.4,40.8,9,486(0),01085,[西]小崎憲,464030,田畑利彦,,,,,,,,,,,,"5(13,12)16(1,15)14(4,8,9)-(3,6)(2,11)-10-7",8,3,0.0,False,"(*5,12)-16(1,15)13,14,4,8(6,2)(3,9,11)-(10,7)",12,3,8.0,False,-6,
201709040707,7,3歳以上500万下,芝,1600,晴,良,13:15,2017-09-24,阪神,1,8,17,2014110031,モズアスコット,牡3,55,05339,ルメール,1:32.7,,5-6,33.9,3.7,2,486(+8),01075,[西]矢作芳人,005803,キャピタル・システム,750.0,,,,,,,,,,,"9-(7,18)10(6,17)-(15,13)(1,12)-8-(3,14)-(5,16)(11,4)2",5,2,3.5,False,"9-(7,18)(6,10)17(15,13)(1,12)8(3,14)16(11,5)(2,4)",6,1,3.5,False,-11,前日と比べて馬場は乾き、速い時計の出るコンディションになっていった。
201709040707,7,3歳以上500万下,芝,1600,晴,良,13:15,2017-09-24,阪神,2,6,12,2014101392,キャスパリーグ,牝3,53,00666,武豊,1:33.3,3.1/2,9-9,33.9,12.0,3,440(+10),00411,[西]浅見秀一,053803,杉山忠国,300.0,,,,,,,,,,,"9-(7,18)10(6,17)-(15,13)(1,12)-8-(3,14)-(5,16)(11,4)2",9,2,7.0,False,"9-(7,18)(6,10)17(15,13)(1,12)8(3,14)16(11,5)(2,4)",9,2,3.5,False,-11,前日と比べて馬場は乾き、速い時計の出るコンディションになっていった。
201709040707,7,3歳以上500万下,芝,1600,晴,良,13:15,2017-09-24,阪神,3,7,15,2014106110,コロナシオン,牝3,53,01088,川田将雅,1:33.4,1/2,7-7,34.4,13.6,6,460(+2),01144,[西]池添学,226800,サンデーレーシング,190.0,,,,,,,,,,,"9-(7,18)10(6,17)-(15,13)(1,12)-8-(3,14)-(5,16)(11,4)2",7,2,7.0,False,"9-(7,18)(6,10)17(15,13)(1,12)8(3,14)16(11,5)(2,4)",7,2,3.5,False,-11,前日と比べて馬場は乾き、速い時計の出るコンディションになっていった。
201709040707,7,3歳以上500万下,芝,1600,晴,良,13:15,2017-09-24,阪神,4,4,8,2014101588,シャイニーピース,牡3,55,00732,幸英明,1:33.5,1/2,11-11,33.9,28.2,10,480(-2),00396,[西]福島信晴,531006,小林昌志,110.0,,,,,,,,,,,"9-(7,18)10(6,17)-(15,13)(1,12)-8-(3,14)-(5,16)(11,4)2",11,1,10.5,False,"9-(7,18)(6,10)17(15,13)(1,12)8(3,14)16(11,5)(2,4)",11,1,3.5,False,-11,前日と比べて馬場は乾き、速い時計の出るコンディションになっていった。
201709040707,7,3歳以上500万下,芝,1600,晴,良,13:15,2017-09-24,阪神,5,5,10,2014106068,アドマイヤアルパマ,牝3,53,01032,池添謙一,1:33.7,1.1/2,4-4,35.1,131.7,14,426(-4),01105,[西]須貝尚介,398002,近藤利一,75.0,,,,,,,,,,,"9-(7,18)10(6,17)-(15,13)(1,12)-8-(3,14)-(5,16)(11,4)2",4,1,3.5,False,"9-(7,18)(6,10)17(15,13)(1,12)8(3,14)16(11,5)(2,4)",4,2,3.5,False,-11,前日と比べて馬場は乾き、速い時計の出るコンディションになっていった。
201709040707,7,3歳以上500万下,芝,1600,晴,良,13:15,2017-09-24,阪神,6,1,1,2014101964,グロワールシチー,牡3,55,01014,福永祐一,1:33.9,1.1/4,9-9,34.6,20.0,8,460(-4),01066,[西]岡田稲男,321800,友駿ホースクラブ,,,,,,,,,,,,"9-(7,18)10(6,17)-(15,13)(1,12)-8-(3,14)-(5,16)(11,4)2",9,2,7.0,False,"9-(7,18)(6,10)17(15,13)(1,12)8(3,14)16(11,5)(2,4)",9,2,3.5,False,-11,前日と比べて馬場は乾き、速い時計の出るコンディションになっていった。
201709040707,7,3歳以上500万下,芝,1600,晴,良,13:15,2017-09-24,阪神,7,3,6,2014105389,ドロウアカード,牝3,53,00700,四位洋文,1:34.0,3/4,5-4,35.4,13.5,5,442(-12),01121,[西]角田晃一,808800,Ｇ１レーシング,,,,,,,,,,,,"9-(7,18)10(6,17)-(15,13)(1,12)-8-(3,14)-(5,16)(11,4)2",5,2,3.5,False,"9-(7,18)(6,10)17(15,13)(1,12)8(3,14)16(11,5)(2,4)",4,2,3.5,False,-11,前日と比べて馬場は乾き、速い時計の出るコンディションになっていった。
201709040707,7,3歳以上500万下,芝,1600,晴,良,13:15,2017-09-24,阪神,8,8,18,2013103024,マテラアリオン,牡4,57,01102,北村友一,1:34.1,クビ,2-2,35.7,14.8,7,476(+2),01138,[西]浜田多実,550033,大野照旺,,,,,,,,,,,,"9-(7,18)10(6,17)-(15,13)(1,12)-8-(3,14)-(5,16)(11,4)2",2,2,3.5,False,"9-(7,18)(6,10)17(15,13)(1,12)8(3,14)16(11,5)(2,4)",2,2,3.5,False,-11,前日と比べて馬場は乾き、速い時計の出るコンディションになっていった。
201709040707,7,3歳以上500万下,芝,1600,晴,良,13:15,2017-09-24,阪神,9,8,16,2012105115,ティーエスクライ,牝5,55,01144,菱田裕二,1:34.1,クビ,14-14,34.0,33.6,12,456(+2),00397,[西]岩元市三,464030,田畑利彦,,,,,,,,,,,,"9-(7,18)10(6,17)-(15,13)(1,12)-8-(3,14)-(5,16)(11,4)2",14,2,17.5,False,"9-(7,18)(6,10)17(15,13)(1,12)8(3,14)16(11,5)(2,4)",14,1,3.5,False,-11,前日と比べて馬場は乾き、速い時計の出るコンディションになっていった。
201709040707,7,3歳以上500万下,芝,1600,晴,良,13:15,2017-09-24,阪神,10,7,13,2014110099,ゴールドハット,牡3,55,05212,Ｍ．デム,1:34.3,1,7-7,35.2,2.7,1,414(-4),01053,[西]角居勝彦,882800,小林英一ホールディン...,,,,,,,,,,,,"9-(7,18)10(6,17)-(15,13)(1,12)-8-(3,14)-(5,16)(11,4)2",7,2,7.0,False,"9-(7,18)(6,10)17(15,13)(1,12)8(3,14)16(11,5)(2,4)",7,2,3.5,False,-11,前日と比べて馬場は乾き、速い時計の出るコンディションになっていった。
201709040707,7,3歳以上500万下,芝,1600,晴,良,13:15,2017-09-24,阪神,11,4,7,2013110031,マディディ,セ4,56,01163,坂井瑠星,1:34.3,アタマ,2-2,35.9,148.6,16,470(+4),01146,[西]奥村豊,877800,ラ・メール,,,,,,,,,,,,"9-(7,18)10(6,17)-(15,13)(1,12)-8-(3,14)-(5,16)(11,4)2",2,2,3.5,False,"9-(7,18)(6,10)17(15,13)(1,12)8(3,14)16(11,5)(2,4)",2,2,3.5,False,-11,前日と比べて馬場は乾き、速い時計の出るコンディションになっていった。
201709040707,7,3歳以上500万下,芝,1600,晴,良,13:15,2017-09-24,阪神,12,3,5,2014110056,メリオラ,牡3,55,01093,藤岡佑介,1:34.3,ハナ,14-15,34.1,137.8,15,418(0),01039,[西]中竹和也,948006,前田幸治,,,,,,,,,,,,"9-(7,18)10(6,17)-(15,13)(1,12)-8-(3,14)-(5,16)(11,4)2",14,2,17.5,False,"9-(7,18)(6,10)17(15,13)(1,12)8(3,14)16(11,5)(2,4)",15,2,3.5,False,-11,前日と比べて馬場は乾き、速い時計の出るコンディションになっていった。
201709040707,7,3歳以上500万下,芝,1600,晴,良,13:15,2017-09-24,阪神,13,1,2,2013103573,オブリゲーション,牡4,57,01116,藤岡康太,1:34.3,クビ,18-17,33.9,13.3,4,460(-6),01146,[西]奥村豊,302800,辻牧場,,,,,,,,,,,,"9-(7,18)10(6,17)-(15,13)(1,12)-8-(3,14)-(5,16)(11,4)2",18,1,17.5,False,"9-(7,18)(6,10)17(15,13)(1,12)8(3,14)16(11,5)(2,4)",17,2,3.5,False,-11,前日と比べて馬場は乾き、速い時計の出るコンディションになっていった。
201709040707,7,3歳以上500万下,芝,1600,晴,良,13:15,2017-09-24,阪神,14,5,9,2014101118,レディギャング,牝3,53,01019,秋山真一,1:34.4,クビ,1-1,36.4,20.7,9,466(+2),01142,[西]森田直行,110030,近藤克麿,,,,,,,,,,,,"9-(7,18)10(6,17)-(15,13)(1,12)-8-(3,14)-(5,16)(11,4)2",1,1,0.0,False,"9-(7,18)(6,10)17(15,13)(1,12)8(3,14)16(11,5)(2,4)",1,1,0.0,False,-11,前日と比べて馬場は乾き、速い時計の出るコンディションになっていった。
201709040707,7,3歳以上500万下,芝,1600,晴,良,13:15,2017-09-24,阪神,15,7,14,2014105848,サトノマサムネ,セ3,55,01062,川島信二,1:34.4,クビ,12-12,34.6,224.4,18,464(+18),01028,[西]西園正都,790031,里見治,,,,,,,,,,,,"9-(7,18)10(6,17)-(15,13)(1,12)-8-(3,14)-(5,16)(11,4)2",12,2,14.0,False,"9-(7,18)(6,10)17(15,13)(1,12)8(3,14)16(11,5)(2,4)",12,2,3.5,False,-11,前日と比べて馬場は乾き、速い時計の出るコンディションになっていった。
201709040707,7,3歳以上500万下,芝,1600,晴,良,13:15,2017-09-24,阪神,16,2,3,2013105972,ラハトケレブ,牡4,57,01154,松若風馬,1:34.6,1.1/4,12-12,34.7,110.0,13,482(+4),01123,[西]牧田和弥,875006,永田和彦,,,,,,,,,,,,"9-(7,18)10(6,17)-(15,13)(1,12)-8-(3,14)-(5,16)(11,4)2",12,2,14.0,False,"9-(7,18)(6,10)17(15,13)(1,12)8(3,14)16(11,5)(2,4)",12,2,3.5,False,-11,前日と比べて馬場は乾き、速い時計の出るコンディションになっていった。
201709040707,7,3歳以上500万下,芝,1600,晴,良,13:15,2017-09-24,阪神,17,6,11,2014101357,シゲルボブキャット,牡3,55,01037,太宰啓介,1:34.7,1/2,16-15,34.5,179.0,17,448(+2),00356,[西]坂口正則,674004,森中蕃,,,,,,,,,,,,"9-(7,18)10(6,17)-(15,13)(1,12)-8-(3,14)-(5,16)(11,4)2",16,2,17.5,False,"9-(7,18)(6,10)17(15,13)(1,12)8(3,14)16(11,5)(2,4)",15,2,3.5,False,-11,前日と比べて馬場は乾き、速い時計の出るコンディションになっていった。
201709040707,7,3歳以上500万下,芝,1600,晴,良,13:15,2017-09-24,阪神,18,2,4,2014104738,カウントオンイット,牝3,53,01126,松山弘平,1:35.4,4,16-17,35.0,28.5,11,502(+12),01117,[西]高野友和,994002,飯田正剛,,,,,,,,,,,,"9-(7,18)10(6,17)-(15,13)(1,12)-8-(3,14)-(5,16)(11,4)2",16,2,17.5,False,"9-(7,18)(6,10)17(15,13)(1,12)8(3,14)16(11,5)(2,4)",17,2,3.5,False,-11,前日と比べて馬場は乾き、速い時計の出るコンディションになっていった。
201709040708,8,3歳以上500万下,ダ,1800,晴,良,13:50,2017-09-24,阪神,1,6,12,2012102758,タマモアタック,牡5,57,00894,小牧太,1:52.5,,3-2-4-2,36.7,5.0,2,478(-2),01025,[西]佐藤正雄,515800,タマモ,750.0,"2,3(4,12)(8,14,16)11(5,7,15)(10,6,13)-1,9",3,2,1.5,False,"2(3,12)4,14(8,16)11(5,7,15)(10,6,13)9,1",2,2,0.0,False,"(*2,13)3,12(4,14)(8,16)(7,11)9(5,6,15)-(10,1)",4,1,1.5,False,"(*2,13,12)(3,14)(8,7)(4,11)9,6,5(10,16)(1,15)",2,3,0.0,False,-6,
201709040708,8,3歳以上500万下,ダ,1800,晴,良,13:50,2017-09-24,阪神,2,7,14,2014105356,アドラメレク,牡3,54,05339,ルメール,1:52.8,1.3/4,5-5-5-4,36.8,5.9,4,454(-2),01022,[西]石坂正,808800,Ｇ１レーシング,300.0,"2,3(4,12)(8,14,16)11(5,7,15)(10,6,13)-1,9",5,3,1.5,False,"2(3,12)4,14(8,16)11(5,7,15)(10,6,13)9,1",5,1,1.5,False,"(*2,13)3,12(4,14)(8,16)(7,11)9(5,6,15)-(10,1)",5,2,1.5,False,"(*2,13,12)(3,14)(8,7)(4,11)9,6,5(10,16)(1,15)",4,2,0.0,False,-6,
201709040708,8,3歳以上500万下,ダ,1800,晴,良,13:50,2017-09-24,阪神,3,7,13,2014106256,フォースライン,牡3,54,01102,北村友一,1:53.1,2,12-12-2-2,37.5,10.6,6,516(+6),01101,[西]吉田直弘,790005,吉田勝己,190.0,"2,3(4,12)(8,14,16)11(5,7,15)(10,6,13)-1,9",12,3,1.5,False,"2(3,12)4,14(8,16)11(5,7,15)(10,6,13)9,1",12,3,1.5,False,"(*2,13)3,12(4,14)(8,16)(7,11)9(5,6,15)-(10,1)",2,2,0.0,False,"(*2,13,12)(3,14)(8,7)(4,11)9,6,5(10,16)(1,15)",2,3,0.0,False,-6,
201709040708,8,3歳以上500万下,ダ,1800,晴,良,13:50,2017-09-24,阪神,4,5,9,2014103582,メイショウマトイ,牡3,54,05212,Ｍ．デム,1:53.3,1.1/4,16-15-11-10,36.7,4.8,1,468(-8),01099,[西]本田優,523005,松本好雄,110.0,"2,3(4,12)(8,14,16)11(5,7,15)(10,6,13)-1,9",16,1,6.5,False,"2(3,12)4,14(8,16)11(5,7,15)(10,6,13)9,1",15,1,1.5,False,"(*2,13)3,12(4,14)(8,16)(7,11)9(5,6,15)-(10,1)",11,1,1.5,False,"(*2,13,12)(3,14)(8,7)(4,11)9,6,5(10,16)(1,15)",10,1,0.0,False,-6,
201709040708,8,3歳以上500万下,ダ,1800,晴,良,13:50,2017-09-24,阪神,5,4,8,2013101765,マコトシャムロック,牡4,57,05203,岩田康誠,1:53.4,1/2,5-6-7-6,37.3,9.3,5,484(-12),01011,[西]松田国英,864800,ディアマント,75.0,"2,3(4,12)(8,14,16)11(5,7,15)(10,6,13)-1,9",5,3,1.5,False,"2(3,12)4,14(8,16)11(5,7,15)(10,6,13)9,1",6,2,1.5,False,"(*2,13)3,12(4,14)(8,16)(7,11)9(5,6,15)-(10,1)",7,2,1.5,False,"(*2,13,12)(3,14)(8,7)(4,11)9,6,5(10,16)(1,15)",6,2,0.0,False,-6,
201709040708,8,3歳以上500万下,ダ,1800,晴,良,13:50,2017-09-24,阪神,6,4,7,2012100260,ジョウショーチカラ,牡5,57,01116,藤岡康太,1:53.4,ハナ,9-9-9-6,37.0,38.8,9,522(-4),01040,[西]服部利之,380008,熊田義孝,,"2,3(4,12)(8,14,16)11(5,7,15)(10,6,13)-1,9",9,3,1.5,False,"2(3,12)4,14(8,16)11(5,7,15)(10,6,13)9,1",9,3,1.5,False,"(*2,13)3,12(4,14)(8,16)(7,11)9(5,6,15)-(10,1)",9,2,1.5,False,"(*2,13,12)(3,14)(8,7)(4,11)9,6,5(10,16)(1,15)",6,2,0.0,False,-6,
201709040708,8,3歳以上500万下,ダ,1800,晴,良,13:50,2017-09-24,阪神,7,2,4,2012104423,キングズアフェアー,セ5,57,01018,和田竜二,1:53.7,1.3/4,3-4-5-8,37.6,5.0,3,518(+6),01146,[西]奥村豊,758005,吉田照哉,,"2,3(4,12)(8,14,16)11(5,7,15)(10,6,13)-1,9",3,2,1.5,False,"2(3,12)4,14(8,16)11(5,7,15)(10,6,13)9,1",4,1,0.0,False,"(*2,13)3,12(4,14)(8,16)(7,11)9(5,6,15)-(10,1)",5,2,1.5,False,"(*2,13,12)(3,14)(8,7)(4,11)9,6,5(10,16)(1,15)",8,2,0.0,False,-6,
201709040708,8,3歳以上500万下,ダ,1800,晴,良,13:50,2017-09-24,阪神,8,5,10,2013104987,デイジーフローラ,牝4,52,01165,森裕太朗,1:53.8,1/2,12-12-15-13,36.9,11.9,7,508(+6),01002,[西]音無秀孝,306008,松岡隆雄,,"2,3(4,12)(8,14,16)11(5,7,15)(10,6,13)-1,9",12,3,1.5,False,"2(3,12)4,14(8,16)11(5,7,15)(10,6,13)9,1",12,3,1.5,False,"(*2,13)3,12(4,14)(8,16)(7,11)9(5,6,15)-(10,1)",15,2,5.0,False,"(*2,13,12)(3,14)(8,7)(4,11)9,6,5(10,16)(1,15)",13,2,3.0,False,-6,
201709040708,8,3歳以上500万下,ダ,1800,晴,良,13:50,2017-09-24,阪神,9,6,11,2013102819,メイショウカマクラ,牡4,57,01015,古川吉洋,1:53.8,クビ,8-8-9-8,37.2,42.5,10,520(-8),00378,[西]沖芳夫,523005,松本好雄,,"2,3(4,12)(8,14,16)11(5,7,15)(10,6,13)-1,9",8,1,1.5,False,"2(3,12)4,14(8,16)11(5,7,15)(10,6,13)9,1",8,1,1.5,False,"(*2,13)3,12(4,14)(8,16)(7,11)9(5,6,15)-(10,1)",9,2,1.5,False,"(*2,13,12)(3,14)(8,7)(4,11)9,6,5(10,16)(1,15)",8,2,0.0,False,-6,
201709040708,8,3歳以上500万下,ダ,1800,晴,良,13:50,2017-09-24,阪神,10,1,1,2013105036,インテグリティー,牡4,56,01157,鮫島克駿,1:53.9,クビ,15-16-15-15,36.7,65.7,12,464(-10),01129,[西]高橋義忠,948006,前田幸治,,"2,3(4,12)(8,14,16)11(5,7,15)(10,6,13)-1,9",15,1,5.0,False,"2(3,12)4,14(8,16)11(5,7,15)(10,6,13)9,1",16,1,3.0,False,"(*2,13)3,12(4,14)(8,16)(7,11)9(5,6,15)-(10,1)",15,2,5.0,False,"(*2,13,12)(3,14)(8,7)(4,11)9,6,5(10,16)(1,15)",15,2,3.0,False,-6,
201709040708,8,3歳以上500万下,ダ,1800,晴,良,13:50,2017-09-24,阪神,11,3,6,2013104079,プログレスシチー,牡4,57,01124,国分恭介,1:54.0,1/2,12-12-12-11,37.3,50.1,11,480(-2),01042,[西]安達昭夫,321800,友駿ホースクラブ,,"2,3(4,12)(8,14,16)11(5,7,15)(10,6,13)-1,9",12,3,1.5,False,"2(3,12)4,14(8,16)11(5,7,15)(10,6,13)9,1",12,3,1.5,False,"(*2,13)3,12(4,14)(8,16)(7,11)9(5,6,15)-(10,1)",12,3,1.5,False,"(*2,13,12)(3,14)(8,7)(4,11)9,6,5(10,16)(1,15)",11,1,1.5,False,-6,
201709040708,8,3歳以上500万下,ダ,1800,晴,良,13:50,2017-09-24,阪神,12,1,2,2013104326,カフジナイサー,牡4,57,01046,高田潤,1:54.5,3,1-1-1-1,39.0,14.3,8,472(0),01033,[西]木原一良,019004,加藤守,,"2,3(4,12)(8,14,16)11(5,7,15)(10,6,13)-1,9",1,1,0.0,False,"2(3,12)4,14(8,16)11(5,7,15)(10,6,13)9,1",1,1,0.0,False,"(*2,13)3,12(4,14)(8,16)(7,11)9(5,6,15)-(10,1)",1,2,0.0,True,"(*2,13,12)(3,14)(8,7)(4,11)9,6,5(10,16)(1,15)",1,3,0.0,True,-6,
201709040708,8,3歳以上500万下,ダ,1800,晴,良,13:50,2017-09-24,阪神,13,2,3,2014103195,ナガラエンカ,牝3,52,01126,松山弘平,1:55.3,5,2-2-3-4,39.6,68.5,13,452(+22),00422,[西]五十嵐忠,024700,長良レーシングクラブ,,"2,3(4,12)(8,14,16)11(5,7,15)(10,6,13)-1,9",2,1,1.5,False,"2(3,12)4,14(8,16)11(5,7,15)(10,6,13)9,1",2,2,0.0,False,"(*2,13)3,12(4,14)(8,16)(7,11)9(5,6,15)-(10,1)",3,1,0.0,False,"(*2,13,12)(3,14)(8,7)(4,11)9,6,5(10,16)(1,15)",4,2,0.0,False,-6,
201709040708,8,3歳以上500万下,ダ,1800,晴,良,13:50,2017-09-24,阪神,14,3,5,2013101202,サンライズミライ,牡4,57,01138,藤懸貴志,1:55.8,3,9-9-12-12,39.2,189.7,16,494(-6),01082,[西]平田修,306008,松岡隆雄,,"2,3(4,12)(8,14,16)11(5,7,15)(10,6,13)-1,9",9,3,1.5,False,"2(3,12)4,14(8,16)11(5,7,15)(10,6,13)9,1",9,3,1.5,False,"(*2,13)3,12(4,14)(8,16)(7,11)9(5,6,15)-(10,1)",12,3,1.5,False,"(*2,13,12)(3,14)(8,7)(4,11)9,6,5(10,16)(1,15)",12,1,3.0,False,-6,
201709040708,8,3歳以上500万下,ダ,1800,晴,良,13:50,2017-09-24,阪神,15,8,15,2014106395,ワイドコマンダー,牡3,54,00732,幸英明,1:56.3,3,9-9-12-15,39.2,84.5,14,512(+4),00425,[西]加用正,320030,幅田京子,,"2,3(4,12)(8,14,16)11(5,7,15)(10,6,13)-1,9",9,3,1.5,False,"2(3,12)4,14(8,16)11(5,7,15)(10,6,13)9,1",9,3,1.5,False,"(*2,13)3,12(4,14)(8,16)(7,11)9(5,6,15)-(10,1)",12,3,1.5,False,"(*2,13,12)(3,14)(8,7)(4,11)9,6,5(10,16)(1,15)",15,2,3.0,False,-6,
201709040708,8,3歳以上500万下,ダ,1800,晴,良,13:50,2017-09-24,阪神,16,8,16,2014105031,マーケットレイズン,牝3,49,01168,富田暁,1:56.4,1/2,5-6-7-13,39.8,144.7,15,440(+2),01040,[西]服部利之,684006,峰哲馬,,"2,3(4,12)(8,14,16)11(5,7,15)(10,6,13)-1,9",5,3,1.5,False,"2(3,12)4,14(8,16)11(5,7,15)(10,6,13)9,1",6,2,1.5,False,"(*2,13)3,12(4,14)(8,16)(7,11)9(5,6,15)-(10,1)",7,2,1.5,False,"(*2,13,12)(3,14)(8,7)(4,11)9,6,5(10,16)(1,15)",13,2,3.0,False,-6,
201709040709,9,甲東特別(2勝),芝,1600,晴,良,14:25,2017-09-24,阪神,1,1,1,2013106148,ムーンクエイク,セ4,57,05339,ルメール,1:32.9,,2-2,33.5,1.9,1,494(+2),00386,[東]藤沢和雄,486800,キャロットファーム,"1,524.5",,,,,,,,,,,"4,1,8,5,3(9,6)7,2",2,1,1.5,False,"4,1,8(5,6)-(3,9)(2,7)",2,1,1.5,False,-12,前日と比べて馬場は乾き、速い時計の出るコンディションになっていった。
201709040709,9,甲東特別(2勝),芝,1600,晴,良,14:25,2017-09-24,阪神,2,4,4,2013105537,カイザーバル,牝4,55.5,00700,四位洋文,1:33.3,2.1/2,1-1,34.2,4.5,2,482(+6),01053,[西]角居勝彦,415800,社台レースホース,607.0,,,,,,,,,,,"4,1,8,5,3(9,6)7,2",1,1,0.0,False,"4,1,8(5,6)-(3,9)(2,7)",1,1,0.0,False,-12,前日と比べて馬場は乾き、速い時計の出るコンディションになっていった。
201709040709,9,甲東特別(2勝),芝,1600,晴,良,14:25,2017-09-24,阪神,3,5,5,2013105397,テラノヴァ,牝4,55,05212,Ｍ．デム,1:33.4,クビ,4-4,33.7,5.9,4,490(+6),01105,[西]須貝尚介,415800,社台レースホース,383.5,,,,,,,,,,,"4,1,8,5,3(9,6)7,2",4,1,4.5,False,"4,1,8(5,6)-(3,9)(2,7)",4,2,3.0,False,-12,前日と比べて馬場は乾き、速い時計の出るコンディションになっていった。
201709040709,9,甲東特別(2勝),芝,1600,晴,良,14:25,2017-09-24,阪神,4,6,6,2014102155,チャレアーダ,牝3,52,01014,福永祐一,1:33.6,1.1/2,6-4,33.9,4.5,3,468(+12),01137,[西]中内田充,003060,Ｈ．Ｈ．シェイク・モ...,230.0,,,,,,,,,,,"4,1,8,5,3(9,6)7,2",6,2,6.0,False,"4,1,8(5,6)-(3,9)(2,7)",4,2,3.0,False,-12,前日と比べて馬場は乾き、速い時計の出るコンディションになっていった。
201709040709,9,甲東特別(2勝),芝,1600,晴,良,14:25,2017-09-24,阪神,5,2,2,2012105352,インクレディブル,牡5,53,01138,藤懸貴志,1:34.0,2.1/2,9-8,33.7,118.9,9,524(+3),00261,[西]中村均,245030,前田葉子,150.0,,,,,,,,,,,"4,1,8,5,3(9,6)7,2",9,1,7.5,False,"4,1,8(5,6)-(3,9)(2,7)",8,2,6.5,False,-12,前日と比べて馬場は乾き、速い時計の出るコンディションになっていった。
201709040709,9,甲東特別(2勝),芝,1600,晴,良,14:25,2017-09-24,阪神,6,8,8,2012104217,コートシャルマン,牝5,52,01018,和田竜二,1:34.2,1.1/4,3-3,34.7,13.6,5,466(-2),01092,[西]松永幹夫,415800,社台レースホース,,,,,,,,,,,,"4,1,8,5,3(9,6)7,2",3,1,3.0,False,"4,1,8(5,6)-(3,9)(2,7)",3,1,3.0,False,-12,前日と比べて馬場は乾き、速い時計の出るコンディションになっていった。
201709040709,9,甲東特別(2勝),芝,1600,晴,良,14:25,2017-09-24,阪神,7,8,9,2012100055,ハッピームーン,牡5,53,05203,岩田康誠,1:34.2,アタマ,6-6,34.1,89.2,8,458(0),01020,[東]相沢郁,812008,石瀬浩三,,,,,,,,,,,,"4,1,8,5,3(9,6)7,2",6,2,6.0,False,"4,1,8(5,6)-(3,9)(2,7)",6,2,6.5,False,-12,前日と比べて馬場は乾き、速い時計の出るコンディションになっていった。
201709040709,9,甲東特別(2勝),芝,1600,晴,良,14:25,2017-09-24,阪神,8,3,3,2013103050,ヴェゼール,牡4,56,01146,岩崎翼,1:34.2,アタマ,5-6,34.2,81.1,7,546(+2),01072,[西]河内洋,078006,畑佐博,,,,,,,,,,,,"4,1,8,5,3(9,6)7,2",5,1,6.0,False,"4,1,8(5,6)-(3,9)(2,7)",6,2,6.5,False,-12,前日と比べて馬場は乾き、速い時計の出るコンディションになっていった。
201709040709,9,甲東特別(2勝),芝,1600,晴,良,14:25,2017-09-24,阪神,9,7,7,2011105849,ナムラアッパー,牡6,53,00732,幸英明,1:34.2,ハナ,8-8,33.9,66.0,6,420(-4),00396,[西]福島信晴,945004,奈村信重,,,,,,,,,,,,"4,1,8,5,3(9,6)7,2",8,1,6.0,False,"4,1,8(5,6)-(3,9)(2,7)",8,2,6.5,False,-12,前日と比べて馬場は乾き、速い時計の出るコンディションになっていった。
201709040710,10,ムーンライトH(3勝),芝,2000,晴,良,15:01,2017-09-24,阪神,1,1,1,2013105358,キンショーユキヒメ,牝4,53,01018,和田竜二,2:00.6,,6-6-5-6,34.6,6.8,3,512(+6),00261,[西]中村均,405006,礒野日出夫,"1,852.2","4(2,9)(5,11)(1,8)(3,12)(10,14)(6,13)-7",6,2,0.0,False,"4(2,9)(5,11)1,8(3,12)14(6,10)13-7",6,1,0.0,False,"(*4,9,14)2(1,5,11)(8,12)3,10,6(7,13)",5,3,0.0,False,"(*4,9)14(2,11)(1,5)(8,12)3(6,10)(7,13)",6,2,0.0,False,-12,前日と比べて馬場は乾き、速い時計の出るコンディションになっていった。
201709040710,10,ムーンライトH(3勝),芝,2000,晴,良,15:01,2017-09-24,阪神,2,7,12,2013105870,ラヴィエベール,牡4,56,05339,ルメール,2:00.6,クビ,8-8-8-8,34.6,1.8,1,488(-8),00386,[東]藤沢和雄,506800,シルクレーシング,739.2,"4(2,9)(5,11)(1,8)(3,12)(10,14)(6,13)-7",8,2,0.0,False,"4(2,9)(5,11)1,8(3,12)14(6,10)13-7",8,2,1.5,False,"(*4,9,14)2(1,5,11)(8,12)3,10,6(7,13)",8,2,0.0,False,"(*4,9)14(2,11)(1,5)(8,12)3(6,10)(7,13)",8,2,0.0,False,-12,前日と比べて馬場は乾き、速い時計の出るコンディションになっていった。
201709040710,10,ムーンライトH(3勝),芝,2000,晴,良,15:01,2017-09-24,阪神,3,6,10,2013104956,ハクサンルドルフ,牡4,57.5,01088,川田将雅,2:00.6,アタマ,10-11-11-11,34.3,7.7,4,468(+4),01028,[西]西園正都,841030,河崎五市,464.6,"4(2,9)(5,11)(1,8)(3,12)(10,14)(6,13)-7",10,2,0.0,False,"4(2,9)(5,11)1,8(3,12)14(6,10)13-7",11,2,1.5,False,"(*4,9,14)2(1,5,11)(8,12)3,10,6(7,13)",11,1,1.5,False,"(*4,9)14(2,11)(1,5)(8,12)3(6,10)(7,13)",11,2,0.0,False,-12,前日と比べて馬場は乾き、速い時計の出るコンディションになっていった。
201709040710,10,ムーンライトH(3勝),芝,2000,晴,良,15:01,2017-09-24,阪神,4,3,4,2012102682,プリメラアスール,牝5,53,05203,岩田康誠,2:00.7,3/4,1-1-1-1,35.1,9.9,5,510(0),01111,[西]鈴木孝志,047803,アスール,270.0,"4(2,9)(5,11)(1,8)(3,12)(10,14)(6,13)-7",1,1,0.0,False,"4(2,9)(5,11)1,8(3,12)14(6,10)13-7",1,1,0.0,False,"(*4,9,14)2(1,5,11)(8,12)3,10,6(7,13)",1,3,0.0,True,"(*4,9)14(2,11)(1,5)(8,12)3(6,10)(7,13)",1,2,0.0,True,-12,前日と比べて馬場は乾き、速い時計の出るコンディションになっていった。
201709040710,10,ムーンライトH(3勝),芝,2000,晴,良,15:01,2017-09-24,阪神,5,6,9,2012100740,マイネルネーベル,牡5,54,01124,国分恭介,2:00.8,クビ,2-2-2-2,35.1,37.9,9,464(-2),00422,[西]五十嵐忠,546800,サラブレッドクラブ・...,182.0,"4(2,9)(5,11)(1,8)(3,12)(10,14)(6,13)-7",2,2,0.0,False,"4(2,9)(5,11)1,8(3,12)14(6,10)13-7",2,2,0.0,False,"(*4,9,14)2(1,5,11)(8,12)3,10,6(7,13)",2,3,0.0,False,"(*4,9)14(2,11)(1,5)(8,12)3(6,10)(7,13)",2,2,0.0,False,-12,前日と比べて馬場は乾き、速い時計の出るコンディションになっていった。
201709040710,10,ムーンライトH(3勝),芝,2000,晴,良,15:01,2017-09-24,阪神,6,2,2,2009103405,スズカルパン,牡8,55,00894,小牧太,2:00.9,3/4,2-2-4-4,35.1,36.5,8,472(0),00434,[西]西橋豊治,979033,永井宏明,,"4(2,9)(5,11)(1,8)(3,12)(10,14)(6,13)-7",2,2,0.0,False,"4(2,9)(5,11)1,8(3,12)14(6,10)13-7",2,2,0.0,False,"(*4,9,14)2(1,5,11)(8,12)3,10,6(7,13)",4,1,0.0,False,"(*4,9)14(2,11)(1,5)(8,12)3(6,10)(7,13)",4,2,0.0,False,-12,前日と比べて馬場は乾き、速い時計の出るコンディションになっていった。
201709040710,10,ムーンライトH(3勝),芝,2000,晴,良,15:01,2017-09-24,阪神,7,4,6,2012104772,ジャズファンク,牡5,54,00666,武豊,2:00.9,ハナ,12-11-12-11,34.5,28.9,7,492(-10),01121,[西]角田晃一,010803,市川義美ホールディン...,,"4(2,9)(5,11)(1,8)(3,12)(10,14)(6,13)-7",12,2,0.0,False,"4(2,9)(5,11)1,8(3,12)14(6,10)13-7",11,2,1.5,False,"(*4,9,14)2(1,5,11)(8,12)3,10,6(7,13)",12,1,3.0,False,"(*4,9)14(2,11)(1,5)(8,12)3(6,10)(7,13)",11,2,0.0,False,-12,前日と比べて馬場は乾き、速い時計の出るコンディションになっていった。
201709040710,10,ムーンライトH(3勝),芝,2000,晴,良,15:01,2017-09-24,阪神,8,4,5,2012104823,ベルラップ,牡5,56,01034,酒井学,2:01.0,1/2,4-4-5-6,35.1,49.9,10,508(+2),01148,[西]西村真幸,226800,サンデーレーシング,,"4(2,9)(5,11)(1,8)(3,12)(10,14)(6,13)-7",4,2,0.0,False,"4(2,9)(5,11)1,8(3,12)14(6,10)13-7",4,2,0.0,False,"(*4,9,14)2(1,5,11)(8,12)3,10,6(7,13)",5,3,0.0,False,"(*4,9)14(2,11)(1,5)(8,12)3(6,10)(7,13)",6,2,0.0,False,-12,前日と比べて馬場は乾き、速い時計の出るコンディションになっていった。
201709040710,10,ムーンライトH(3勝),芝,2000,晴,良,15:01,2017-09-24,阪神,9,8,13,2013106018,ギモーヴ,牝4,53,01014,福永祐一,2:01.2,1.1/4,12-13-13-13,34.7,6.2,2,472(+2),01144,[西]池添学,138007,吉田和美,,"4(2,9)(5,11)(1,8)(3,12)(10,14)(6,13)-7",12,2,0.0,False,"4(2,9)(5,11)1,8(3,12)14(6,10)13-7",13,1,1.5,False,"(*4,9,14)2(1,5,11)(8,12)3,10,6(7,13)",13,2,3.0,False,"(*4,9)14(2,11)(1,5)(8,12)3(6,10)(7,13)",13,2,0.0,False,-12,前日と比べて馬場は乾き、速い時計の出るコンディションになっていった。
201709040710,10,ムーンライトH(3勝),芝,2000,晴,良,15:01,2017-09-24,阪神,10,5,8,2012103980,クィーンチャーム,牝5,52,01019,秋山真一,2:01.3,クビ,6-7-8-8,35.2,25.0,6,454(+12),01071,[西]池江泰寿,226800,サンデーレーシング,,"4(2,9)(5,11)(1,8)(3,12)(10,14)(6,13)-7",6,2,0.0,False,"4(2,9)(5,11)1,8(3,12)14(6,10)13-7",7,1,1.5,False,"(*4,9,14)2(1,5,11)(8,12)3,10,6(7,13)",8,2,0.0,False,"(*4,9)14(2,11)(1,5)(8,12)3(6,10)(7,13)",8,2,0.0,False,-12,前日と比べて馬場は乾き、速い時計の出るコンディションになっていった。
201709040710,10,ムーンライトH(3勝),芝,2000,晴,良,15:01,2017-09-24,阪神,11,8,14,2011101337,コウエイワンマン,牡6,54,01126,松山弘平,2:01.6,2,10-10-2-3,35.9,93.8,11,524(+2),01003,[西]川村禎彦,542008,釘田義広,,"4(2,9)(5,11)(1,8)(3,12)(10,14)(6,13)-7",10,2,0.0,False,"4(2,9)(5,11)1,8(3,12)14(6,10)13-7",10,1,1.5,False,"(*4,9,14)2(1,5,11)(8,12)3,10,6(7,13)",2,3,0.0,False,"(*4,9)14(2,11)(1,5)(8,12)3(6,10)(7,13)",3,1,0.0,False,-12,前日と比べて馬場は乾き、速い時計の出るコンディションになっていった。
201709040710,10,ムーンライトH(3勝),芝,2000,晴,良,15:01,2017-09-24,阪神,12,3,3,2011105920,メイショウコルノ,牡6,53,00732,幸英明,2:01.6,ハナ,8-8-10-10,35.4,147.8,12,548(+4),01072,[西]河内洋,523005,松本好雄,,"4(2,9)(5,11)(1,8)(3,12)(10,14)(6,13)-7",8,2,0.0,False,"4(2,9)(5,11)1,8(3,12)14(6,10)13-7",8,2,1.5,False,"(*4,9,14)2(1,5,11)(8,12)3,10,6(7,13)",10,1,0.0,False,"(*4,9)14(2,11)(1,5)(8,12)3(6,10)(7,13)",10,1,0.0,False,-12,前日と比べて馬場は乾き、速い時計の出るコンディションになっていった。
201709040710,10,ムーンライトH(3勝),芝,2000,晴,良,15:01,2017-09-24,阪神,13,5,7,2010103543,エーティータラント,牡7,54,01168,富田暁,2:01.7,クビ,14-14-13-13,35.2,344.0,14,506(-4),01033,[西]木原一良,878005,荒木徹,,"4(2,9)(5,11)(1,8)(3,12)(10,14)(6,13)-7",14,1,3.5,False,"4(2,9)(5,11)1,8(3,12)14(6,10)13-7",14,1,5.0,False,"(*4,9,14)2(1,5,11)(8,12)3,10,6(7,13)",13,2,3.0,False,"(*4,9)14(2,11)(1,5)(8,12)3(6,10)(7,13)",13,2,0.0,False,-12,前日と比べて馬場は乾き、速い時計の出るコンディションになっていった。
201709040710,10,ムーンライトH(3勝),芝,2000,晴,良,15:01,2017-09-24,阪神,14,7,11,2012104930,レインボーソング,牝5,52,01144,菱田裕二,2:02.2,3,4-4-5-4,36.4,180.3,13,482(-8),01137,[西]中内田充,138007,吉田和美,,"4(2,9)(5,11)(1,8)(3,12)(10,14)(6,13)-7",4,2,0.0,False,"4(2,9)(5,11)1,8(3,12)14(6,10)13-7",4,2,0.0,False,"(*4,9,14)2(1,5,11)(8,12)3,10,6(7,13)",5,3,0.0,False,"(*4,9)14(2,11)(1,5)(8,12)3(6,10)(7,13)",4,2,0.0,False,-12,前日と比べて馬場は乾き、速い時計の出るコンディションになっていった。
201709040711,11,第65回神戸新聞杯(GII),芝,2400,晴,良,15:35,2017-09-24,阪神,1,5,8,2014106201,レイデオロ,牡3,56,05339,ルメール,2:24.6,,4-4-3-3,34.1,2.2,1,476(-4),00386,[東]藤沢和雄,486800,キャロットファーム,"5,500.8","6,3,9(2,8)-(4,11,12)5,14,10-1,7-13",4,2,3.0,False,"6,3-9,8,2(11,12)(4,14)5,10-1,7,13",4,1,6.5,False,"6,3(9,8)-2(4,12)11(5,14)-10-(1,7)13",3,2,1.5,False,"(*6,3)(9,8)2(4,11)(14,12)(5,10)1(13,7)",3,2,0.0,False,-12,前日と比べて馬場は乾き、速い時計の出るコンディションになっていった。
201709040711,11,第65回神戸新聞杯(GII),芝,2400,晴,良,15:35,2017-09-24,阪神,2,4,5,2014101976,キセキ,牡3,56,05212,Ｍ．デム,2:24.9,2,9-10-9-10,33.9,3.5,2,486(-12),01053,[西]角居勝彦,248030,石川達絵,"2,228.8","6,3,9(2,8)-(4,11,12)5,14,10-1,7-13",9,1,6.5,False,"6,3-9,8,2(11,12)(4,14)5,10-1,7,13",10,1,8.0,False,"6,3(9,8)-2(4,12)11(5,14)-10-(1,7)13",9,2,5.0,False,"(*6,3)(9,8)2(4,11)(14,12)(5,10)1(13,7)",10,2,0.0,False,-12,前日と比べて馬場は乾き、速い時計の出るコンディションになっていった。
201709040711,11,第65回神戸新聞杯(GII),芝,2400,晴,良,15:35,2017-09-24,阪神,3,2,2,2014105887,サトノアーサー,牡3,56,01088,川田将雅,2:25.1,3/4,4-5-5-5,34.4,6.9,3,480(+14),01071,[西]池江泰寿,790031,里見治,"1,414.4","6,3,9(2,8)-(4,11,12)5,14,10-1,7-13",4,2,3.0,False,"6,3-9,8,2(11,12)(4,14)5,10-1,7,13",5,1,8.0,False,"6,3(9,8)-2(4,12)11(5,14)-10-(1,7)13",5,1,5.0,False,"(*6,3)(9,8)2(4,11)(14,12)(5,10)1(13,7)",5,1,0.0,False,-12,前日と比べて馬場は乾き、速い時計の出るコンディションになっていった。
201709040711,11,第65回神戸新聞杯(GII),芝,2400,晴,良,15:35,2017-09-24,阪神,4,3,3,2014106010,ダンビュライト,牡3,56,00666,武豊,2:25.2,1/2,2-2-2-2,35.0,8.6,4,480(+16),01002,[西]音無秀孝,226800,サンデーレーシング,810.0,"6,3,9(2,8)-(4,11,12)5,14,10-1,7-13",2,1,1.5,False,"6,3-9,8,2(11,12)(4,14)5,10-1,7,13",2,1,1.5,False,"6,3(9,8)-2(4,12)11(5,14)-10-(1,7)13",2,1,1.5,False,"(*6,3)(9,8)2(4,11)(14,12)(5,10)1(13,7)",2,2,0.0,False,-12,前日と比べて馬場は乾き、速い時計の出るコンディションになっていった。
201709040711,11,第65回神戸新聞杯(GII),芝,2400,晴,良,15:35,2017-09-24,阪神,5,8,14,2014106005,アドマイヤウイナー,牡3,56,01019,秋山真一,2:25.3,1/2,10-8-9-8,34.4,49.0,8,484(-8),01105,[西]須貝尚介,398002,近藤利一,540.0,"6,3,9(2,8)-(4,11,12)5,14,10-1,7-13",10,1,8.0,False,"6,3-9,8,2(11,12)(4,14)5,10-1,7,13",8,2,8.0,False,"6,3(9,8)-2(4,12)11(5,14)-10-(1,7)13",9,2,5.0,False,"(*6,3)(9,8)2(4,11)(14,12)(5,10)1(13,7)",8,2,0.0,False,-12,前日と比べて馬場は乾き、速い時計の出るコンディションになっていった。
201709040711,11,第65回神戸新聞杯(GII),芝,2400,晴,良,15:35,2017-09-24,阪神,6,3,4,2014110081,ベストアプローチ,牡3,56,05203,岩田康誠,2:25.4,3/4,6-8-6-6,34.6,14.9,5,484(+10),01055,[西]藤原英昭,003060,Ｈ．Ｈ．シェイク・モ...,,"6,3,9(2,8)-(4,11,12)5,14,10-1,7-13",6,3,6.5,False,"6,3-9,8,2(11,12)(4,14)5,10-1,7,13",8,2,8.0,False,"6,3(9,8)-2(4,12)11(5,14)-10-(1,7)13",6,2,5.0,False,"(*6,3)(9,8)2(4,11)(14,12)(5,10)1(13,7)",6,2,0.0,False,-12,前日と比べて馬場は乾き、速い時計の出るコンディションになっていった。
201709040711,11,第65回神戸新聞杯(GII),芝,2400,晴,良,15:35,2017-09-24,阪神,7,6,9,2014100971,マイスタイル,牡3,56,00660,横山典弘,2:25.4,ハナ,3-3-3-3,34.9,17.2,7,462(0),01044,[西]昆貢,534006,寺田千代乃,,"6,3,9(2,8)-(4,11,12)5,14,10-1,7-13",3,1,3.0,False,"6,3-9,8,2(11,12)(4,14)5,10-1,7,13",3,1,5.0,False,"6,3(9,8)-2(4,12)11(5,14)-10-(1,7)13",3,2,1.5,False,"(*6,3)(9,8)2(4,11)(14,12)(5,10)1(13,7)",3,2,0.0,False,-12,前日と比べて馬場は乾き、速い時計の出るコンディションになっていった。
201709040711,11,第65回神戸新聞杯(GII),芝,2400,晴,良,15:35,2017-09-24,阪神,8,1,1,2014103577,メイショウテンシャ,牡3,56,01093,藤岡佑介,2:25.8,2.1/2,12-12-12-12,34.5,268.7,13,460(-8),01021,[西]池添兼雄,523005,松本好雄,,"6,3,9(2,8)-(4,11,12)5,14,10-1,7-13",12,1,13.0,False,"6,3-9,8,2(11,12)(4,14)5,10-1,7,13",12,1,13.0,False,"6,3(9,8)-2(4,12)11(5,14)-10-(1,7)13",12,2,12.0,False,"(*6,3)(9,8)2(4,11)(14,12)(5,10)1(13,7)",12,1,0.0,False,-12,前日と比べて馬場は乾き、速い時計の出るコンディションになっていった。
201709040711,11,第65回神戸新聞杯(GII),芝,2400,晴,良,15:35,2017-09-24,阪神,9,7,11,2014104449,カデナ,牡3,56,01014,福永祐一,2:25.9,1/2,6-6-8-6,35.1,15.6,6,464(+10),01039,[西]中竹和也,948006,前田幸治,,"6,3,9(2,8)-(4,11,12)5,14,10-1,7-13",6,3,6.5,False,"6,3-9,8,2(11,12)(4,14)5,10-1,7,13",6,2,8.0,False,"6,3(9,8)-2(4,12)11(5,14)-10-(1,7)13",8,1,5.0,False,"(*6,3)(9,8)2(4,11)(14,12)(5,10)1(13,7)",6,2,0.0,False,-12,前日と比べて馬場は乾き、速い時計の出るコンディションになっていった。
201709040711,11,第65回神戸新聞杯(GII),芝,2400,晴,良,15:35,2017-09-24,阪神,10,4,6,2014104968,アダムバローズ,牡3,56,01032,池添謙一,2:26.4,3,1-1-1-1,36.3,74.9,9,508(+10),01121,[西]角田晃一,859007,猪熊広次,,"6,3,9(2,8)-(4,11,12)5,14,10-1,7-13",1,1,0.0,False,"6,3-9,8,2(11,12)(4,14)5,10-1,7,13",1,1,0.0,False,"6,3(9,8)-2(4,12)11(5,14)-10-(1,7)13",1,1,0.0,False,"(*6,3)(9,8)2(4,11)(14,12)(5,10)1(13,7)",1,2,0.0,True,-12,前日と比べて馬場は乾き、速い時計の出るコンディションになっていった。
201709040711,11,第65回神戸新聞杯(GII),芝,2400,晴,良,15:35,2017-09-24,阪神,11,7,12,2014103163,エテレインミノル,牡3,56,01102,北村友一,2:26.7,2,6-6-6-8,35.8,209.8,12,484(+6),01078,[西]北出成人,265008,吉岡實,,"6,3,9(2,8)-(4,11,12)5,14,10-1,7-13",6,3,6.5,False,"6,3-9,8,2(11,12)(4,14)5,10-1,7,13",6,2,8.0,False,"6,3(9,8)-2(4,12)11(5,14)-10-(1,7)13",6,2,5.0,False,"(*6,3)(9,8)2(4,11)(14,12)(5,10)1(13,7)",8,2,0.0,False,-12,前日と比べて馬場は乾き、速い時計の出るコンディションになっていった。
201709040711,11,第65回神戸新聞杯(GII),芝,2400,晴,良,15:35,2017-09-24,阪神,12,6,10,2014102898,ホウオウドリーム,牡3,56,01116,藤岡康太,2:26.9,1,11-11-11-10,35.9,117.6,10,488(-4),01075,[西]矢作芳人,906033,小笹芳央,,"6,3,9(2,8)-(4,11,12)5,14,10-1,7-13",11,1,9.5,False,"6,3-9,8,2(11,12)(4,14)5,10-1,7,13",11,1,9.5,False,"6,3(9,8)-2(4,12)11(5,14)-10-(1,7)13",11,1,8.5,False,"(*6,3)(9,8)2(4,11)(14,12)(5,10)1(13,7)",10,2,0.0,False,-12,前日と比べて馬場は乾き、速い時計の出るコンディションになっていった。
201709040711,11,第65回神戸新聞杯(GII),芝,2400,晴,良,15:35,2017-09-24,阪神,13,5,7,2014102159,タガノシャルドネ,牡3,56,01018,和田竜二,2:27.0,1/2,13-13-12-13,35.5,142.1,11,436(-4),01003,[西]川村禎彦,874800,八木秀之,,"6,3,9(2,8)-(4,11,12)5,14,10-1,7-13",13,1,14.5,False,"6,3-9,8,2(11,12)(4,14)5,10-1,7,13",13,1,14.5,False,"6,3(9,8)-2(4,12)11(5,14)-10-(1,7)13",12,2,12.0,False,"(*6,3)(9,8)2(4,11)(14,12)(5,10)1(13,7)",13,2,0.0,False,-12,前日と比べて馬場は乾き、速い時計の出るコンディションになっていった。
201709040711,11,第65回神戸新聞杯(GII),芝,2400,晴,良,15:35,2017-09-24,阪神,14,8,13,2014100523,タガノヤグラ,牡3,56,01138,藤懸貴志,2:27.2,1.1/2,14-14-14-13,35.7,323.0,14,450(-2),01120,[西]千田輝彦,859002,八木良司,,"6,3,9(2,8)-(4,11,12)5,14,10-1,7-13",14,1,18.0,False,"6,3-9,8,2(11,12)(4,14)5,10-1,7,13",14,1,16.0,False,"6,3(9,8)-2(4,12)11(5,14)-10-(1,7)13",14,1,12.0,False,"(*6,3)(9,8)2(4,11)(14,12)(5,10)1(13,7)",13,2,0.0,False,-12,前日と比べて馬場は乾き、速い時計の出るコンディションになっていった。
201709040712,12,3歳以上1000万下,ダ,1400,晴,良,16:10,2017-09-24,阪神,1,2,3,2014102137,ファッショニスタ,牝3,53,01088,川田将雅,1:23.4,,3-3,36.7,3.4,2,488(0),00438,[西]安田隆行,003060,Ｈ．Ｈ．シェイク・モ...,"1,050.0",,,,,,,,,,,"1,2(8,3)16(4,6)(15,11)(5,10,12)(7,13,14)9",3,2,1.5,False,"1-2(8,3)(6,16)(4,11)5(15,10,12,9)13(7,14)",3,2,3.5,False,-5,
201709040712,12,3歳以上1000万下,ダ,1400,晴,良,16:10,2017-09-24,阪神,2,3,6,2013103618,ヴェンジェンス,牡4,57,00732,幸英明,1:23.5,3/4,6-5,36.6,5.7,3,482(-8),01032,[西]大根田裕,350002,宮川純造,420.0,,,,,,,,,,,"1,2(8,3)16(4,6)(15,11)(5,10,12)(7,13,14)9",6,2,1.5,False,"1-2(8,3)(6,16)(4,11)5(15,10,12,9)13(7,14)",5,2,3.5,False,-5,
201709040712,12,3歳以上1000万下,ダ,1400,晴,良,16:10,2017-09-24,阪神,3,1,2,2013105956,ソーディヴァイン,牝4,55,05339,ルメール,1:23.6,クビ,2-2,37.1,3.1,1,536(+8),01148,[西]西村真幸,506800,シルクレーシング,260.0,,,,,,,,,,,"1,2(8,3)16(4,6)(15,11)(5,10,12)(7,13,14)9",2,1,1.5,False,"1-2(8,3)(6,16)(4,11)5(15,10,12,9)13(7,14)",2,1,3.5,False,-5,
201709040712,12,3歳以上1000万下,ダ,1400,晴,良,16:10,2017-09-24,阪神,4,3,5,2014105323,ファームフェイス,牝3,53,00666,武豊,1:23.6,クビ,10-9,36.3,10.7,5,460(-4),01104,[西]笹田和秀,808800,Ｇ１レーシング,160.0,,,,,,,,,,,"1,2(8,3)16(4,6)(15,11)(5,10,12)(7,13,14)9",10,3,1.5,False,"1-2(8,3)(6,16)(4,11)5(15,10,12,9)13(7,14)",9,1,3.5,False,-5,
201709040712,12,3歳以上1000万下,ダ,1400,晴,良,16:10,2017-09-24,阪神,5,1,1,2014102989,メイショウジーク,牡3,55,01014,福永祐一,1:23.8,1.1/4,1-1,37.7,22.6,8,468(+6),01137,[西]中内田充,911008,松本好隆,105.0,,,,,,,,,,,"1,2(8,3)16(4,6)(15,11)(5,10,12)(7,13,14)9",1,1,0.0,False,"1-2(8,3)(6,16)(4,11)5(15,10,12,9)13(7,14)",1,1,0.0,False,-5,
201709040712,12,3歳以上1000万下,ダ,1400,晴,良,16:10,2017-09-24,阪神,6,6,12,2014105482,ユラノト,牡3,55,00660,横山典弘,1:23.9,クビ,10-10,36.4,16.5,6,470(-10),01011,[西]松田国英,415800,社台レースホース,,,,,,,,,,,,"1,2(8,3)16(4,6)(15,11)(5,10,12)(7,13,14)9",10,3,1.5,False,"1-2(8,3)(6,16)(4,11)5(15,10,12,9)13(7,14)",10,4,3.5,False,-5,
201709040712,12,3歳以上1000万下,ダ,1400,晴,良,16:10,2017-09-24,阪神,7,7,14,2012102422,ラバニーユ,牝5,55,05203,岩田康誠,1:24.1,1,13-15,36.4,35.6,9,432(+6),01142,[西]森田直行,948006,前田幸治,,,,,,,,,,,,"1,2(8,3)16(4,6)(15,11)(5,10,12)(7,13,14)9",13,3,1.5,False,"1-2(8,3)(6,16)(4,11)5(15,10,12,9)13(7,14)",15,2,3.5,False,-5,
201709040712,12,3歳以上1000万下,ダ,1400,晴,良,16:10,2017-09-24,阪神,8,8,15,2014105778,スターカットダイヤ,牡3,55,05212,Ｍ．デム,1:24.2,1/2,8-10,37.0,7.3,4,450(-4),01082,[西]平田修,234008,小林仁幸,,,,,,,,,,,,"1,2(8,3)16(4,6)(15,11)(5,10,12)(7,13,14)9",8,2,1.5,False,"1-2(8,3)(6,16)(4,11)5(15,10,12,9)13(7,14)",10,4,3.5,False,-5,
201709040712,12,3歳以上1000万下,ダ,1400,晴,良,16:10,2017-09-24,阪神,9,4,8,2010104044,アドマイヤシェル,牡7,57,01126,松山弘平,1:24.2,アタマ,3-3,37.5,229.0,15,528(+6),01069,[西]中尾秀正,398002,近藤利一,,,,,,,,,,,,"1,2(8,3)16(4,6)(15,11)(5,10,12)(7,13,14)9",3,2,1.5,False,"1-2(8,3)(6,16)(4,11)5(15,10,12,9)13(7,14)",3,2,3.5,False,-5,
201709040712,12,3歳以上1000万下,ダ,1400,晴,良,16:10,2017-09-24,阪神,10,5,9,2012106232,ヒルノデンハーグ,セ5,57,01015,古川吉洋,1:24.3,1/2,16-10,36.5,89.3,12,486(+6),01044,[西]昆貢,823800,ヒルノ,,,,,,,,,,,,"1,2(8,3)16(4,6)(15,11)(5,10,12)(7,13,14)9",16,1,1.5,False,"1-2(8,3)(6,16)(4,11)5(15,10,12,9)13(7,14)",10,4,3.5,False,-5,
201709040712,12,3歳以上1000万下,ダ,1400,晴,良,16:10,2017-09-24,阪神,11,6,11,2013102849,ベルクリア,牝4,55,01154,松若風馬,1:24.3,クビ,8-7,37.2,21.8,7,466(+6),01101,[西]吉田直弘,482002,水上行雄,,,,,,,,,,,,"1,2(8,3)16(4,6)(15,11)(5,10,12)(7,13,14)9",8,2,1.5,False,"1-2(8,3)(6,16)(4,11)5(15,10,12,9)13(7,14)",7,2,3.5,False,-5,
201709040712,12,3歳以上1000万下,ダ,1400,晴,良,16:10,2017-09-24,阪神,12,5,10,2012101154,キングカーティス,牡5,57,01019,秋山真一,1:24.5,3/4,10-10,37.2,194.5,14,448(-4),01085,[西]小崎憲,547800,ヒダカ・ブリーダーズ...,,,,,,,,,,,,"1,2(8,3)16(4,6)(15,11)(5,10,12)(7,13,14)9",10,3,1.5,False,"1-2(8,3)(6,16)(4,11)5(15,10,12,9)13(7,14)",10,4,3.5,False,-5,
201709040712,12,3歳以上1000万下,ダ,1400,晴,良,16:10,2017-09-24,阪神,13,4,7,2013102941,ランドハイパワー,牡4,57,01124,国分恭介,1:24.5,クビ,13-15,36.9,98.3,13,488(-10),01042,[西]安達昭夫,862009,木村昌三,,,,,,,,,,,,"1,2(8,3)16(4,6)(15,11)(5,10,12)(7,13,14)9",13,3,1.5,False,"1-2(8,3)(6,16)(4,11)5(15,10,12,9)13(7,14)",15,2,3.5,False,-5,
201709040712,12,3歳以上1000万下,ダ,1400,晴,良,16:10,2017-09-24,阪神,14,7,13,2011101354,ビタミンエース,牡6,56,01146,岩崎翼,1:24.9,2.1/2,13-14,37.3,325.6,16,518(-1),01099,[西]本田優,870004,村上稔,,,,,,,,,,,,"1,2(8,3)16(4,6)(15,11)(5,10,12)(7,13,14)9",13,3,1.5,False,"1-2(8,3)(6,16)(4,11)5(15,10,12,9)13(7,14)",14,1,3.5,False,-5,
201709040712,12,3歳以上1000万下,ダ,1400,晴,良,16:10,2017-09-24,阪神,15,2,4,2014103085,マルモレイナ,牝3,53,01114,田中健,1:25.3,2.1/2,6-7,38.3,88.9,11,466(+18),01033,[西]木原一良,019700,まるも組合,,,,,,,,,,,,"1,2(8,3)16(4,6)(15,11)(5,10,12)(7,13,14)9",6,2,1.5,False,"1-2(8,3)(6,16)(4,11)5(15,10,12,9)13(7,14)",7,2,3.5,False,-5,
201709040712,12,3歳以上1000万下,ダ,1400,晴,良,16:10,2017-09-24,阪神,16,8,16,2012105613,トップリバティ,牡5,57,01018,和田竜二,1:26.1,5,5-5,39.2,75.5,10,532(+4),01111,[西]鈴木孝志,916800,宮内牧場,,,,,,,,,,,,"1,2(8,3)16(4,6)(15,11)(5,10,12)(7,13,14)9",5,1,1.5,False,"1-2(8,3)(6,16)(4,11)5(15,10,12,9)13(7,14)",5,2,3.5,False,-5,
