race_id,race_number,race_name,surface,distance_m,weather,going,start_time,race_date,racecourse,finish_pos,waku,umaban,horse_id,horse_name,sex_age,kinryo,jockey_id,jockey_name,time,margin,passing_order,last_3f,odds_final,popularity,weight,trainer_id,trainer_name,owner_id,owner_name,prize,corner1_raw,corner1_rank,corner1_group_size,corner1_gap_len_est,corner1_is_leader,corner2_raw,corner2_rank,corner2_group_size,corner2_gap_len_est,corner2_is_leader,corner3_raw,corner3_rank,corner3_group_size,corner3_gap_len_est,corner3_is_leader,corner4_raw,corner4_rank,corner4_group_size,corner4_gap_len_est,corner4_is_leader,track_index,track_comment
202203020501,1,障害3歳以上未勝利,芝,2770,曇,重,10:10,2022-07-16,福島,1,5,5,2015105399,ギガバッケン,セ7,60,01149,伴啓太,3:02.5,,2-2-1-1,13.2,12.8,8,544(-2),01051,[東]岩戸孝樹,854800,ノルマンディーサラブ...,790.0,"2,5-11,4-6=(7,3)-10-(1,12)-9,8",2,1,1.5,False,"2,5-11-4-6,3,7=12,10-9-1,8",2,1,1.5,False,"(2,*5)11,4=(6,3)-12-9=7=8,10-1",1,2,0.0,True,"5,11,4,2-(6,3)=12-9=7-8=1-10",1,1,0.0,False,,
202203020501,1,障害3歳以上未勝利,芝,2770,曇,重,10:10,2022-07-16,福島,2,4,4,2016102723,プロース,牡6,60,01059,石神深一,3:03.1,3.1/2,4-4-4-3,13.2,3.4,1,514(+6),01052,[東]菊川正達,418030,高樽さゆり,320.0,"2,5-11,4-6=(7,3)-10-(1,12)-9,8",4,1,6.5,False,"2,5-11-4-6,3,7=12,10-9-1,8",4,1,8.5,False,"(2,*5)11,4=(6,3)-12-9=7=8,10-1",4,1,1.5,False,"5,11,4,2-(6,3)=12-9=7-8=1-10",3,1,3.0,False,,
202203020501,1,障害3歳以上未勝利,芝,2770,曇,重,10:10,2022-07-16,福島,3,8,11,2015104707,グレンガリー,セ7,60,01068,蓑島靖典,3:04.3,7,3-3-3-2,13.3,9.3,7,440(-6),01017,[東]萩原清,790005,吉田勝己,200.0,"2,5-11,4-6=(7,3)-10-(1,12)-9,8",3,1,5.0,False,"2,5-11-4-6,3,7=12,10-9-1,8",3,1,5.0,False,"(2,*5)11,4=(6,3)-12-9=7=8,10-1",3,1,0.0,False,"5,11,4,2-(6,3)=12-9=7-8=1-10",2,1,1.5,False,,
202203020501,1,障害3歳以上未勝利,芝,2770,曇,重,10:10,2022-07-16,福島,4,3,3,2017106236,アースブレイブ,セ5,60,01023,江田勇亮,3:04.5,1,6-6-5-5,13.3,6.6,3,460(0),00420,[東]宗像義忠,339008,松山増男,120.0,"2,5-11,4-6=(7,3)-10-(1,12)-9,8",6,2,16.0,False,"2,5-11-4-6,3,7=12,10-9-1,8",6,1,13.5,False,"(2,*5)11,4=(6,3)-12-9=7=8,10-1",5,2,7.5,False,"5,11,4,2-(6,3)=12-9=7-8=1-10",5,2,8.0,False,,
202203020501,1,障害3歳以上未勝利,芝,2770,曇,重,10:10,2022-07-16,福島,5,7,9,2016102184,オノーレペスカ,牝6,58,01120,大江原圭,3:05.0,3.1/2,11-10-8-8,13.4,32.4,9,448(+2),01005,[東]小桧山悟,082031,三岡陽,79.0,"2,5-11,4-6=(7,3)-10-(1,12)-9,8",11,1,26.5,False,"2,5-11-4-6,3,7=12,10-9-1,8",10,1,26.0,False,"(2,*5)11,4=(6,3)-12-9=7=8,10-1",8,1,14.5,False,"5,11,4,2-(6,3)=12-9=7-8=1-10",8,1,17.5,False,,
202203020501,1,障害3歳以上未勝利,芝,2770,曇,重,10:10,2022-07-16,福島,6,8,12,2018105810,ラジェドール,牡4,60,01113,草野太郎,3:05.6,3.1/2,9-8-7-7,13.4,7.8,4,504(+10),01076,[東]小笠倫弘,156033,根岸朋弘,,"2,5-11,4-6=(7,3)-10-(1,12)-9,8",9,2,23.0,False,"2,5-11-4-6,3,7=12,10-9-1,8",8,1,21.0,False,"(2,*5)11,4=(6,3)-12-9=7=8,10-1",7,1,11.0,False,"5,11,4,2-(6,3)=12-9=7-8=1-10",7,1,14.0,False,,
202203020501,1,障害3歳以上未勝利,芝,2770,曇,重,10:10,2022-07-16,福島,7,5,6,2014104991,マイネルツァイト,牡8,60,01123,小野寺祐,3:06.3,4,5-5-5-5,13.5,5.0,2,528(+2),01124,[東]大和田成,546800,サラブレッドクラブ・...,,"2,5-11,4-6=(7,3)-10-(1,12)-9,8",5,1,10.0,False,"2,5-11-4-6,3,7=12,10-9-1,8",5,1,12.0,False,"(2,*5)11,4=(6,3)-12-9=7=8,10-1",5,2,7.5,False,"5,11,4,2-(6,3)=12-9=7-8=1-10",5,2,8.0,False,,
202203020501,1,障害3歳以上未勝利,芝,2770,曇,重,10:10,2022-07-16,福島,8,2,2,2017101831,ペオース,セ5,60,01035,白浜雄造,3:09.0,大,1-1-2-4,13.6,8.8,5,476(0),01058,[西]大久保龍,788800,ノースヒルズ,,"2,5-11,4-6=(7,3)-10-(1,12)-9,8",1,1,0.0,False,"2,5-11-4-6,3,7=12,10-9-1,8",1,1,0.0,False,"(2,*5)11,4=(6,3)-12-9=7=8,10-1",2,2,0.0,False,"5,11,4,2-(6,3)=12-9=7-8=1-10",4,1,4.5,False,,
202203020501,1,障害3歳以上未勝利,芝,2770,曇,重,10:10,2022-07-16,福島,9,1,1,2016102820,コラルブラッシュ,牡6,60,01061,大庭和弥,3:09.6,3.1/2,9-11-12-11,13.7,173.8,12,466(0),01031,[東]伊藤伸一,831033,中島俊房,,"2,5-11,4-6=(7,3)-10-(1,12)-9,8",9,2,23.0,False,"2,5-11-4-6,3,7=12,10-9-1,8",11,1,29.5,False,"(2,*5)11,4=(6,3)-12-9=7=8,10-1",12,1,31.5,False,"5,11,4,2-(6,3)=12-9=7-8=1-10",11,1,33.0,False,,
202203020501,1,障害3歳以上未勝利,芝,2770,曇,重,10:10,2022-07-16,福島,10,6,8,2017105196,ペールエール,牡5,60,01046,高田潤,3:10.7,7,12-12-10-10,13.8,8.9,6,518(+2),00438,[西]安田隆行,675030,林正道,,"2,5-11,4-6=(7,3)-10-(1,12)-9,8",12,1,28.0,False,"2,5-11-4-6,3,7=12,10-9-1,8",12,1,31.0,False,"(2,*5)11,4=(6,3)-12-9=7=8,10-1",10,1,26.5,False,"5,11,4,2-(6,3)=12-9=7-8=1-10",10,1,27.0,False,,
202203020501,1,障害3歳以上未勝利,芝,2770,曇,重,10:10,2022-07-16,福島,11,6,7,2017103800,フルートフルデイズ,牝5,57,01196,小牧加矢,3:10.9,1.1/4,6-7-9-9,13.8,39.0,10,468(-8),01138,[西]浜田多実,994002,飯田正剛,,"2,5-11,4-6=(7,3)-10-(1,12)-9,8",6,2,16.0,False,"2,5-11-4-6,3,7=12,10-9-1,8",7,1,15.0,False,"(2,*5)11,4=(6,3)-12-9=7=8,10-1",9,1,20.5,False,"5,11,4,2-(6,3)=12-9=7-8=1-10",9,1,23.5,False,,
202203020501,1,障害3歳以上未勝利,芝,2770,曇,重,10:10,2022-07-16,福島,12,7,10,2019100404,シゲルアライグマ,牡3,58,00727,植野貴也,3:13.6,大,8-9-11-12,14.0,113.9,11,498(-8),00421,[東]浅野洋一,674004,森中蕃,,"2,5-11,4-6=(7,3)-10-(1,12)-9,8",8,1,19.5,False,"2,5-11-4-6,3,7=12,10-9-1,8",9,1,22.5,False,"(2,*5)11,4=(6,3)-12-9=7=8,10-1",11,1,28.0,False,"5,11,4,2-(6,3)=12-9=7-8=1-10",12,1,36.5,False,,
202203020502,2,3歳未勝利,ダ,1700,曇,不良,10:45,2022-07-16,福島,1,8,15,2019105457,ラジエル,牝3,54,05386,戸崎圭太,1:45.4,,5-5-2-2,37.3,3.7,2,442(0),01175,[東]宮田敬介,506800,シルクレーシング,520.0,"1(9,10)3,15(5,14)(4,12)13(6,8)2,11,7",5,1,1.5,False,"1,9(3,10)15(4,14)5(6,12,13)8(2,11,7)",5,1,1.5,False,"1(10,15)(3,9)14,4(6,5)(2,13,7)8,11,12",2,2,0.0,False,"1,15,10-(3,14)(9,4)6-(2,5)13(8,7)(12,11)",2,1,1.5,False,-21,
202203020502,2,3歳未勝利,ダ,1700,曇,不良,10:45,2022-07-16,福島,2,7,13,2019103210,フレンチギフト,牝3,54,01179,菅原明良,1:46.4,6,10-9-10-11,37.4,3.5,1,464(+4),01081,[東]中川公成,281033,多田賢司,210.0,"1(9,10)3,15(5,14)(4,12)13(6,8)2,11,7",10,1,1.5,False,"1,9(3,10)15(4,14)5(6,12,13)8(2,11,7)",9,3,1.5,False,"1(10,15)(3,9)14,4(6,5)(2,13,7)8,11,12",10,3,1.5,False,"1,15,10-(3,14)(9,4)6-(2,5)13(8,7)(12,11)",11,1,10.0,False,-21,
202203020502,2,3歳未勝利,ダ,1700,曇,不良,10:45,2022-07-16,福島,3,5,8,2019105580,カリカ,牝3,54,00733,吉田豊,1:46.5,クビ,11-12-13-12,37.3,6.3,5,476(-2),00405,[東]小西一男,149007,平岡茂樹,130.0,"1(9,10)3,15(5,14)(4,12)13(6,8)2,11,7",11,2,1.5,False,"1,9(3,10)15(4,14)5(6,12,13)8(2,11,7)",12,1,1.5,False,"1(10,15)(3,9)14,4(6,5)(2,13,7)8,11,12",13,1,1.5,False,"1,15,10-(3,14)(9,4)6-(2,5)13(8,7)(12,11)",12,2,10.0,False,-21,
202203020502,2,3歳未勝利,ダ,1700,曇,不良,10:45,2022-07-16,福島,4,3,4,2019104592,カプラローラ,牝3,54,05212,Ｍ．デム,1:46.5,クビ,8-6-7-6,37.9,5.6,4,462(+2),01115,[東]菊沢隆徳,338007,村野康司,78.0,"1(9,10)3,15(5,14)(4,12)13(6,8)2,11,7",8,2,1.5,False,"1,9(3,10)15(4,14)5(6,12,13)8(2,11,7)",6,2,1.5,False,"1(10,15)(3,9)14,4(6,5)(2,13,7)8,11,12",7,1,1.5,False,"1,15,10-(3,14)(9,4)6-(2,5)13(8,7)(12,11)",6,2,6.5,False,-21,
202203020502,2,3歳未勝利,ダ,1700,曇,不良,10:45,2022-07-16,福島,5,1,1,2019100884,ヴェルーリヤ,牝3,52,01188,永野猛蔵,1:46.5,ハナ,1-1-1-1,38.6,119.2,13,418(0),01103,[東]尾関知人,032800,ローレルレーシング,52.0,"1(9,10)3,15(5,14)(4,12)13(6,8)2,11,7",1,1,0.0,False,"1,9(3,10)15(4,14)5(6,12,13)8(2,11,7)",1,1,0.0,False,"1(10,15)(3,9)14,4(6,5)(2,13,7)8,11,12",1,1,0.0,False,"1,15,10-(3,14)(9,4)6-(2,5)13(8,7)(12,11)",1,1,0.0,False,-21,
202203020502,2,3歳未勝利,ダ,1700,曇,不良,10:45,2022-07-16,福島,6,8,14,2019104284,クロミチャン,牝3,54,01009,柴田大知,1:47.0,3,6-6-6-4,38.6,17.0,6,446(+2),01048,[東]畠山吉宏,064803,リトルブルーファーム,,"1(9,10)3,15(5,14)(4,12)13(6,8)2,11,7",6,2,1.5,False,"1,9(3,10)15(4,14)5(6,12,13)8(2,11,7)",6,2,1.5,False,"1(10,15)(3,9)14,4(6,5)(2,13,7)8,11,12",6,1,0.0,False,"1,15,10-(3,14)(9,4)6-(2,5)13(8,7)(12,11)",4,2,6.5,False,-21,
202203020502,2,3歳未勝利,ダ,1700,曇,不良,10:45,2022-07-16,福島,7,6,10,2019102548,コリコ,牝3,54,00689,江田照男,1:47.3,1.3/4,2-3-2-3,39.2,4.5,3,426(-2),01096,[東]粕谷昌央,464008,大野富生,,"1(9,10)3,15(5,14)(4,12)13(6,8)2,11,7",2,2,0.0,False,"1,9(3,10)15(4,14)5(6,12,13)8(2,11,7)",3,2,1.5,False,"1(10,15)(3,9)14,4(6,5)(2,13,7)8,11,12",2,2,0.0,False,"1,15,10-(3,14)(9,4)6-(2,5)13(8,7)(12,11)",3,1,3.0,False,-21,
202203020502,2,3歳未勝利,ダ,1700,曇,不良,10:45,2022-07-16,福島,8,6,11,2019104975,エクセレントジェム,牝3,51,01184,原優介,1:47.4,クビ,14-13-14-14,38.0,101.8,11,470(-10),01048,[東]畠山吉宏,415800,社台レースホース,,"1(9,10)3,15(5,14)(4,12)13(6,8)2,11,7",14,1,3.0,False,"1,9(3,10)15(4,14)5(6,12,13)8(2,11,7)",13,3,1.5,False,"1(10,15)(3,9)14,4(6,5)(2,13,7)8,11,12",14,1,3.0,False,"1,15,10-(3,14)(9,4)6-(2,5)13(8,7)(12,11)",14,2,10.0,False,-21,
202203020502,2,3歳未勝利,ダ,1700,曇,不良,10:45,2022-07-16,福島,9,4,6,2019102130,デルマワルキューレ,牝3,54,01161,菊沢一樹,1:47.4,ハナ,11-9-8-8,38.6,82.1,9,418(+8),01047,[東]勢司和浩,274002,浅沼廣幸,,"1(9,10)3,15(5,14)(4,12)13(6,8)2,11,7",11,2,1.5,False,"1,9(3,10)15(4,14)5(6,12,13)8(2,11,7)",9,3,1.5,False,"1(10,15)(3,9)14,4(6,5)(2,13,7)8,11,12",8,2,1.5,False,"1,15,10-(3,14)(9,4)6-(2,5)13(8,7)(12,11)",8,1,6.5,False,-21,
202203020502,2,3歳未勝利,ダ,1700,曇,不良,10:45,2022-07-16,福島,10,2,2,2019100077,ノーブルオーキッド,牝3,54,01118,宮崎北斗,1:47.4,クビ,13-13-10-9,38.4,44.2,7,456(+4),01081,[東]中川公成,065803,京都ホースレーシング,,"1(9,10)3,15(5,14)(4,12)13(6,8)2,11,7",13,1,1.5,False,"1,9(3,10)15(4,14)5(6,12,13)8(2,11,7)",13,3,1.5,False,"1(10,15)(3,9)14,4(6,5)(2,13,7)8,11,12",10,3,1.5,False,"1,15,10-(3,14)(9,4)6-(2,5)13(8,7)(12,11)",9,2,10.0,False,-21,
202203020502,2,3歳未勝利,ダ,1700,曇,不良,10:45,2022-07-16,福島,11,5,9,2019103644,イサチルウキウキ,牝3,54,01153,木幡初也,1:47.6,1.1/2,2-2-4-6,39.3,118.9,12,452(-3),01152,[東]竹内正洋,162033,小坂功,,"1(9,10)3,15(5,14)(4,12)13(6,8)2,11,7",2,2,0.0,False,"1,9(3,10)15(4,14)5(6,12,13)8(2,11,7)",2,1,1.5,False,"1(10,15)(3,9)14,4(6,5)(2,13,7)8,11,12",4,2,0.0,False,"1,15,10-(3,14)(9,4)6-(2,5)13(8,7)(12,11)",6,2,6.5,False,-21,
202203020502,2,3歳未勝利,ダ,1700,曇,不良,10:45,2022-07-16,福島,12,3,5,2019101709,モンタナサファイア,牝3,54,01135,杉原誠人,1:47.7,クビ,6-8-8-9,38.9,57.1,8,406(-6),01124,[東]大和田成,708800,金子真人ホールディン...,,"1(9,10)3,15(5,14)(4,12)13(6,8)2,11,7",6,2,1.5,False,"1,9(3,10)15(4,14)5(6,12,13)8(2,11,7)",8,1,1.5,False,"1(10,15)(3,9)14,4(6,5)(2,13,7)8,11,12",8,2,1.5,False,"1,15,10-(3,14)(9,4)6-(2,5)13(8,7)(12,11)",9,2,10.0,False,-21,
202203020502,2,3歳未勝利,ダ,1700,曇,不良,10:45,2022-07-16,福島,13,4,7,2019102371,グリモワール,牝3,54,00726,岩部純二,1:48.8,7,15-13-10-12,39.8,83.6,10,486(0),01074,[東]奥平雅士,032800,ローレルレーシング,,"1(9,10)3,15(5,14)(4,12)13(6,8)2,11,7",15,1,4.5,False,"1,9(3,10)15(4,14)5(6,12,13)8(2,11,7)",13,3,1.5,False,"1(10,15)(3,9)14,4(6,5)(2,13,7)8,11,12",10,3,1.5,False,"1,15,10-(3,14)(9,4)6-(2,5)13(8,7)(12,11)",12,2,10.0,False,-21,
202203020502,2,3歳未勝利,ダ,1700,曇,不良,10:45,2022-07-16,福島,14,2,3,2019100058,シャルムドール,牝3,51,01201,水沼元輝,1:48.9,3/4,4-3-4-4,40.6,300.8,14,434(+8),01187,[東]西田雄一,951033,諸岡慶,,"1(9,10)3,15(5,14)(4,12)13(6,8)2,11,7",4,1,0.0,False,"1,9(3,10)15(4,14)5(6,12,13)8(2,11,7)",3,2,1.5,False,"1(10,15)(3,9)14,4(6,5)(2,13,7)8,11,12",4,2,0.0,False,"1,15,10-(3,14)(9,4)6-(2,5)13(8,7)(12,11)",4,2,6.5,False,-21,
202203020502,2,3歳未勝利,ダ,1700,曇,不良,10:45,2022-07-16,福島,15,7,12,2019105883,コロディア,牝3,51,01197,佐々木大,1:49.3,2.1/2,8-9-15-14,39.8,365.8,15,474(+7),01090,[東]天間昭一,428033,今中俊平,,"1(9,10)3,15(5,14)(4,12)13(6,8)2,11,7",8,2,1.5,False,"1,9(3,10)15(4,14)5(6,12,13)8(2,11,7)",9,3,1.5,False,"1(10,15)(3,9)14,4(6,5)(2,13,7)8,11,12",15,1,4.5,False,"1,15,10-(3,14)(9,4)6-(2,5)13(8,7)(12,11)",14,2,10.0,False,-21,
202203020503,3,3歳未勝利,ダ,1700,曇,不良,11:15,2022-07-16,福島,1,1,1,2019106419,モントブレッチア,牝3,54,05386,戸崎圭太,1:45.0,,4-3-2-2,37.3,2.8,1,444(+2),01086,[東]斎藤誠,477030,藤澤眞佐子,520.0,"(*11,12)6(7,1,5)-(4,2,10)14(9,13)-(3,8)-15",4,3,0.0,False,"11,12(6,1)(7,5)(4,2)10,9,14,13-(3,8)-15",3,2,1.5,False,"11(12,1)(6,7,5)(10,2)(9,13)-8(14,3)-(4,15)",2,2,0.0,False,"11(12,1)(6,7)5(10,2)-9(14,8,13)3-15   4",2,2,0.0,False,-21,
202203020503,3,3歳未勝利,ダ,1700,曇,不良,11:15,2022-07-16,福島,2,2,2,2019104826,トリプルスリル,牡3,56,01162,木幡巧也,1:45.5,3,7-7-7-7,37.5,8.5,3,478(-2),01106,[東]牧光二,310007,吉田千津,210.0,"(*11,12)6(7,1,5)-(4,2,10)14(9,13)-(3,8)-15",7,3,3.5,False,"11,12(6,1)(7,5)(4,2)10,9,14,13-(3,8)-15",7,2,1.5,False,"11(12,1)(6,7,5)(10,2)(9,13)-8(14,3)-(4,15)",7,2,0.0,False,"11(12,1)(6,7)5(10,2)-9(14,8,13)3-15   4",7,2,0.0,False,-21,
202203020503,3,3歳未勝利,ダ,1700,曇,不良,11:15,2022-07-16,福島,3,4,7,2019103592,ベイビールビオ,牡3,56,01075,田辺裕信,1:45.5,1/2,4-5-4-4,37.6,3.6,2,492(0),01027,[東]田村康仁,858800,大塚亮一,130.0,"(*11,12)6(7,1,5)-(4,2,10)14(9,13)-(3,8)-15",4,3,0.0,False,"11,12(6,1)(7,5)(4,2)10,9,14,13-(3,8)-15",5,2,1.5,False,"11(12,1)(6,7,5)(10,2)(9,13)-8(14,3)-(4,15)",4,3,0.0,False,"11(12,1)(6,7)5(10,2)-9(14,8,13)3-15   4",4,2,0.0,False,-21,
202203020503,3,3歳未勝利,ダ,1700,曇,不良,11:15,2022-07-16,福島,4,6,10,2019105300,ケリーズノベル,セ3,56,01179,菅原明良,1:45.5,ハナ,7-9-7-7,37.4,25.1,9,510(0),01147,[東]武井亮,506800,シルクレーシング,78.0,"(*11,12)6(7,1,5)-(4,2,10)14(9,13)-(3,8)-15",7,3,3.5,False,"11,12(6,1)(7,5)(4,2)10,9,14,13-(3,8)-15",9,1,1.5,False,"11(12,1)(6,7,5)(10,2)(9,13)-8(14,3)-(4,15)",7,2,0.0,False,"11(12,1)(6,7)5(10,2)-9(14,8,13)3-15   4",7,2,0.0,False,-21,
202203020503,3,3歳未勝利,ダ,1700,曇,不良,11:15,2022-07-16,福島,5,5,9,2019104651,エーデルフォルム,牡3,53,01197,佐々木大,1:45.7,1.1/4,11-10-9-9,37.4,11.2,4,494(+6),01070,[東]堀宣行,758005,吉田照哉,52.0,"(*11,12)6(7,1,5)-(4,2,10)14(9,13)-(3,8)-15",11,2,3.5,False,"11,12(6,1)(7,5)(4,2)10,9,14,13-(3,8)-15",10,1,3.0,False,"11(12,1)(6,7,5)(10,2)(9,13)-8(14,3)-(4,15)",9,2,0.0,False,"11(12,1)(6,7)5(10,2)-9(14,8,13)3-15   4",9,1,3.5,False,-21,
202203020503,3,3歳未勝利,ダ,1700,曇,不良,11:15,2022-07-16,福島,6,5,8,2019109068,センジュ,牡3,54,01188,永野猛蔵,1:45.8,3/4,13-13-11-10,37.0,22.0,8,456(-4),00437,[東]南田美知,066031,荒井城志,,"(*11,12)6(7,1,5)-(4,2,10)14(9,13)-(3,8)-15",13,2,7.0,False,"11,12(6,1)(7,5)(4,2)10,9,14,13-(3,8)-15",13,2,9.5,False,"11(12,1)(6,7,5)(10,2)(9,13)-8(14,3)-(4,15)",11,1,3.5,False,"11(12,1)(6,7)5(10,2)-9(14,8,13)3-15   4",10,3,3.5,False,-21,
202203020503,3,3歳未勝利,ダ,1700,曇,不良,11:15,2022-07-16,福島,7,8,14,2019101814,チャールストン,牡3,56,01143,原田和真,1:45.9,1/2,10-11-12-10,36.9,15.1,7,498(-4),01005,[東]小桧山悟,082031,三岡陽,,"(*11,12)6(7,1,5)-(4,2,10)14(9,13)-(3,8)-15",10,1,3.5,False,"11,12(6,1)(7,5)(4,2)10,9,14,13-(3,8)-15",11,1,4.5,False,"11(12,1)(6,7,5)(10,2)(9,13)-8(14,3)-(4,15)",12,2,3.5,False,"11(12,1)(6,7)5(10,2)-9(14,8,13)3-15   4",10,3,3.5,False,-21,
202203020503,3,3歳未勝利,ダ,1700,曇,不良,11:15,2022-07-16,福島,8,4,6,2019100070,オースピシャス,牝3,54,01118,宮崎北斗,1:46.1,1.1/4,3-3-4-4,38.2,29.9,10,450(-2),01177,[東]伊坂重信,065803,京都ホースレーシング,,"(*11,12)6(7,1,5)-(4,2,10)14(9,13)-(3,8)-15",3,1,0.0,False,"11,12(6,1)(7,5)(4,2)10,9,14,13-(3,8)-15",3,2,1.5,False,"11(12,1)(6,7,5)(10,2)(9,13)-8(14,3)-(4,15)",4,3,0.0,False,"11(12,1)(6,7)5(10,2)-9(14,8,13)3-15   4",4,2,0.0,False,-21,
202203020503,3,3歳未勝利,ダ,1700,曇,不良,11:15,2022-07-16,福島,9,3,5,2019103825,スペシャルナンバー,牡3,56,01092,津村明秀,1:46.1,ハナ,4-5-4-6,38.2,77.5,13,484(0),01163,[東]林徹,547800,ヒダカ・ブリーダーズ...,,"(*11,12)6(7,1,5)-(4,2,10)14(9,13)-(3,8)-15",4,3,0.0,False,"11,12(6,1)(7,5)(4,2)10,9,14,13-(3,8)-15",5,2,1.5,False,"11(12,1)(6,7,5)(10,2)(9,13)-8(14,3)-(4,15)",4,3,0.0,False,"11(12,1)(6,7)5(10,2)-9(14,8,13)3-15   4",6,1,0.0,False,-21,
202203020503,3,3歳未勝利,ダ,1700,曇,不良,11:15,2022-07-16,福島,10,6,11,2019102153,ヤマタケコーチャン,牡3,56,00726,岩部純二,1:46.2,1/2,1-1-1-1,38.7,11.6,5,430(-4),01024,[東]萱野浩二,631002,山中和子,,"(*11,12)6(7,1,5)-(4,2,10)14(9,13)-(3,8)-15",1,2,0.0,True,"11,12(6,1)(7,5)(4,2)10,9,14,13-(3,8)-15",1,1,0.0,False,"11(12,1)(6,7,5)(10,2)(9,13)-8(14,3)-(4,15)",1,1,0.0,False,"11(12,1)(6,7)5(10,2)-9(14,8,13)3-15   4",1,1,0.0,False,-21,
202203020503,3,3歳未勝利,ダ,1700,曇,不良,11:15,2022-07-16,福島,11,7,12,2019100084,ネオネイア,牡3,56,00422,内田博幸,1:46.5,1.1/2,2-2-2-2,38.9,33.3,11,466(0),01026,[東]鈴木伸尋,502033,西田俊二,,"(*11,12)6(7,1,5)-(4,2,10)14(9,13)-(3,8)-15",2,2,0.0,False,"11,12(6,1)(7,5)(4,2)10,9,14,13-(3,8)-15",2,1,1.5,False,"11(12,1)(6,7,5)(10,2)(9,13)-8(14,3)-(4,15)",2,2,0.0,False,"11(12,1)(6,7)5(10,2)-9(14,8,13)3-15   4",2,2,0.0,False,-21,
202203020503,3,3歳未勝利,ダ,1700,曇,不良,11:15,2022-07-16,福島,12,2,3,2019104786,プレンドクエスト,牝3,54,01077,石橋脩,1:46.6,3/4,13-13-12-13,37.6,13.4,6,458(0),01150,[東]池上昌和,415800,社台レースホース,,"(*11,12)6(7,1,5)-(4,2,10)14(9,13)-(3,8)-15",13,2,7.0,False,"11,12(6,1)(7,5)(4,2)10,9,14,13-(3,8)-15",13,2,9.5,False,"11(12,1)(6,7,5)(10,2)(9,13)-8(14,3)-(4,15)",12,2,3.5,False,"11(12,1)(6,7)5(10,2)-9(14,8,13)3-15   4",13,1,3.5,False,-21,
202203020503,3,3歳未勝利,ダ,1700,曇,不良,11:15,2022-07-16,福島,13,8,15,2019102580,レジェスティーナ,牡3,56,00689,江田照男,1:47.7,7,15-15-14-14,38.1,34.2,12,536(0),01081,[東]中川公成,245800,佐藤牧場,,"(*11,12)6(7,1,5)-(4,2,10)14(9,13)-(3,8)-15",15,1,10.5,False,"11,12(6,1)(7,5)(4,2)10,9,14,13-(3,8)-15",15,1,13.0,False,"11(12,1)(6,7,5)(10,2)(9,13)-8(14,3)-(4,15)",14,2,7.0,False,"11(12,1)(6,7)5(10,2)-9(14,8,13)3-15   4",14,1,7.0,False,-21,
202203020503,3,3歳未勝利,ダ,1700,曇,不良,11:15,2022-07-16,福島,14,7,13,2019105953,アンダーレ,セ3,56,00733,吉田豊,1:48.8,7,11-12-9-10,40.4,252.8,14,442(+6),01153,[東]中舘英二,553800,広尾レース,,"(*11,12)6(7,1,5)-(4,2,10)14(9,13)-(3,8)-15",11,2,3.5,False,"11,12(6,1)(7,5)(4,2)10,9,14,13-(3,8)-15",12,1,6.0,False,"11(12,1)(6,7,5)(10,2)(9,13)-8(14,3)-(4,15)",9,2,0.0,False,"11(12,1)(6,7)5(10,2)-9(14,8,13)3-15   4",10,3,3.5,False,-21,
202203020503,3,3歳未勝利,ダ,1700,曇,不良,11:15,2022-07-16,福島,中,3,4,2019100331,アースロマン,牡3,56,01108,的場勇人,,,7-7-14,,396.4,15,488(-2),01096,[東]粕谷昌央,339008,松山増男,,"(*11,12)6(7,1,5)-(4,2,10)14(9,13)-(3,8)-15",7,3,3.5,False,"11,12(6,1)(7,5)(4,2)10,9,14,13-(3,8)-15",7,2,1.5,False,"11(12,1)(6,7,5)(10,2)(9,13)-8(14,3)-(4,15)",14,2,7.0,False,"11(12,1)(6,7)5(10,2)-9(14,8,13)3-15   4",15,1,13.0,False,-21,
202203020504,4,障害3歳以上OP,芝,3380,曇,重,11:45,2022-07-16,福島,1,4,4,2015105048,ジンゴイスト,セ7,60,01046,高田潤,3:47.8,,4-4-3-2,13.5,3.6,2,488(+4),01183,[西]辻野泰之,226800,サンデーレーシング,"1,350.0","5-(2,6)-(4,1)-3",4,2,7.0,False,"5,6,2(4,1)3",4,2,3.0,False,"(*5,6)=(4,1,3)2",3,3,6.0,False,"5-(6,4)(1,3)=2",2,2,3.5,False,,
202203020504,4,障害3歳以上OP,芝,3380,曇,重,11:45,2022-07-16,福島,2,5,5,2016104832,マイサンシャイン,牡6,58,01196,小牧加矢,3:47.8,ハナ,1-1-1-1,13.5,1.9,1,492(+8),00422,[西]五十嵐忠,872800,三田昌宏,540.0,"5-(2,6)-(4,1)-3",1,1,0.0,False,"5,6,2(4,1)3",1,1,0.0,False,"(*5,6)=(4,1,3)2",1,2,0.0,True,"5-(6,4)(1,3)=2",1,1,0.0,False,,
202203020504,4,障害3歳以上OP,芝,3380,曇,重,11:45,2022-07-16,福島,3,3,3,2016105007,ポートロイヤル,セ6,60,01149,伴啓太,3:49.6,大,6-6-3-4,13.6,9.6,4,456(-14),01118,[東]高柳瑞樹,415800,社台レースホース,340.0,"5-(2,6)-(4,1)-3",6,1,10.5,False,"5,6,2(4,1)3",6,1,3.0,False,"(*5,6)=(4,1,3)2",3,3,6.0,False,"5-(6,4)(1,3)=2",4,2,3.5,False,,
202203020504,4,障害3歳以上OP,芝,3380,曇,重,11:45,2022-07-16,福島,4,1,1,2015104549,テトラルキア,セ7,60,01120,大江原圭,3:49.9,2,4-4-3-4,13.6,15.3,5,482(-12),01124,[東]大和田成,758005,吉田照哉,200.0,"5-(2,6)-(4,1)-3",4,2,7.0,False,"5,6,2(4,1)3",4,2,3.0,False,"(*5,6)=(4,1,3)2",3,3,6.0,False,"5-(6,4)(1,3)=2",4,2,3.5,False,,
202203020504,4,障害3歳以上OP,芝,3380,曇,重,11:45,2022-07-16,福島,5,2,2,2012103796,フォワードカフェ,牡10,61,01059,石神深一,3:50.3,2,2-3-6-6,13.6,3.7,3,526(-10),01165,[東]和田勇介,505007,西川恭子,135.0,"5-(2,6)-(4,1)-3",2,2,3.5,False,"5,6,2(4,1)3",3,1,3.0,False,"(*5,6)=(4,1,3)2",6,1,6.0,False,"5-(6,4)(1,3)=2",6,1,9.5,False,,
202203020504,4,障害3歳以上OP,芝,3380,曇,重,11:45,2022-07-16,福島,6,6,6,2015110004,ストレイライトラン,セ7,60,01113,草野太郎,3:51.0,4,2-2-2-2,13.7,26.3,6,494(-6),01093,[東]松永康利,032800,ローレルレーシング,,"5-(2,6)-(4,1)-3",2,2,3.5,False,"5,6,2(4,1)3",2,1,1.5,False,"(*5,6)=(4,1,3)2",2,2,0.0,False,"5-(6,4)(1,3)=2",2,2,3.5,False,,
202203020505,5,2歳新馬,芝,1800,曇,重,12:35,2022-07-16,福島,1,5,7,2020105795,フェアエールング,牝2,54,01009,柴田大知,1:52.5,,1-1-1-2,34.6,5.9,3,428(0),01114,[東]和田正一,546800,サラブレッドクラブ・...,700.0,"(*7,8)12(6,13)4(9,11)3,5,10-(2,1)",1,2,0.0,True,"7,8,12(6,4)13(3,9,11)(5,10)-1,2",1,1,0.0,False,"(*7,8)(12,13)(6,4)5(9,11)(3,10)-(2,1)",1,2,0.0,True,"(7,*8)6,12,13(4,5)-9(3,10)(2,1,11)",2,2,0.0,False,2,
202203020505,5,2歳新馬,芝,1800,曇,重,12:35,2022-07-16,福島,2,6,8,2020103513,ナンヨークリスタル,牡2,54,05212,Ｍ．デム,1:52.9,2.1/2,2-2-2-1,34.9,4.2,2,464(0),01092,[西]松永幹夫,512031,中村徳也,280.0,"(*7,8)12(6,13)4(9,11)3,5,10-(2,1)",2,2,0.0,False,"7,8,12(6,4)13(3,9,11)(5,10)-1,2",2,1,1.5,False,"(*7,8)(12,13)(6,4)5(9,11)(3,10)-(2,1)",2,2,0.0,False,"(7,*8)6,12,13(4,5)-9(3,10)(2,1,11)",1,2,0.0,True,2,
202203020505,5,2歳新馬,芝,1800,曇,重,12:35,2022-07-16,福島,3,5,6,2020102191,グランツグリーン,牡2,54,01169,武藤雅,1:52.9,ハナ,4-4-5-3,34.6,12.8,4,414(0),01020,[東]相沢郁,295007,斎藤光政,180.0,"(*7,8)12(6,13)4(9,11)3,5,10-(2,1)",4,2,0.0,False,"7,8,12(6,4)13(3,9,11)(5,10)-1,2",4,2,3.0,False,"(*7,8)(12,13)(6,4)5(9,11)(3,10)-(2,1)",5,2,0.0,False,"(7,*8)6,12,13(4,5)-9(3,10)(2,1,11)",3,1,0.0,False,2,
202203020505,5,2歳新馬,芝,1800,曇,重,12:35,2022-07-16,福島,4,8,13,2020100720,シャンボール,牡2,54,00733,吉田豊,1:53.7,5,4-6-3-5,35.5,30.3,7,470(0),00423,[東]上原博之,948006,前田幸治,110.0,"(*7,8)12(6,13)4(9,11)3,5,10-(2,1)",4,2,0.0,False,"7,8,12(6,4)13(3,9,11)(5,10)-1,2",6,1,3.0,False,"(*7,8)(12,13)(6,4)5(9,11)(3,10)-(2,1)",3,2,0.0,False,"(7,*8)6,12,13(4,5)-9(3,10)(2,1,11)",5,1,3.0,False,2,
202203020505,5,2歳新馬,芝,1800,曇,重,12:35,2022-07-16,福島,5,8,12,2020103728,ヤングローゼス,牡2,54,05386,戸崎圭太,1:53.8,1/2,3-3-3-4,35.7,1.9,1,494(0),01038,[東]手塚貴久,232031,藤田晋,70.0,"(*7,8)12(6,13)4(9,11)3,5,10-(2,1)",3,1,0.0,False,"7,8,12(6,4)13(3,9,11)(5,10)-1,2",3,1,3.0,False,"(*7,8)(12,13)(6,4)5(9,11)(3,10)-(2,1)",3,2,0.0,False,"(7,*8)6,12,13(4,5)-9(3,10)(2,1,11)",4,1,1.5,False,2,
202203020505,5,2歳新馬,芝,1800,曇,重,12:35,2022-07-16,福島,6,4,5,2020106166,ヒルズカーン,牡2,54,01143,原田和真,1:53.9,3/4,10-10-7-6,35.4,108.4,11,452(0),01093,[東]松永康利,171002,湯澤寛,,"(*7,8)12(6,13)4(9,11)3,5,10-(2,1)",10,1,1.5,False,"7,8,12(6,4)13(3,9,11)(5,10)-1,2",10,2,3.0,False,"(*7,8)(12,13)(6,4)5(9,11)(3,10)-(2,1)",7,1,0.0,False,"(7,*8)6,12,13(4,5)-9(3,10)(2,1,11)",6,2,3.0,False,2,
202203020505,5,2歳新馬,芝,1800,曇,重,12:35,2022-07-16,福島,7,4,4,2020101223,エルクリード,牡2,54,01179,菅原明良,1:54.9,6,6-4-5-6,36.6,53.2,9,494(0),01147,[東]武井亮,345803,磯波勇Ｆ,,"(*7,8)12(6,13)4(9,11)3,5,10-(2,1)",6,1,0.0,False,"7,8,12(6,4)13(3,9,11)(5,10)-1,2",4,2,3.0,False,"(*7,8)(12,13)(6,4)5(9,11)(3,10)-(2,1)",5,2,0.0,False,"(7,*8)6,12,13(4,5)-9(3,10)(2,1,11)",6,2,3.0,False,2,
202203020505,5,2歳新馬,芝,1800,曇,重,12:35,2022-07-16,福島,8,6,9,2020101725,エルカリエンテ,牡2,52,01188,永野猛蔵,1:55.0,1/2,7-7-8-8,36.3,27.4,6,520(0),01124,[東]大和田成,708800,金子真人ホールディン...,,"(*7,8)12(6,13)4(9,11)3,5,10-(2,1)",7,2,0.0,False,"7,8,12(6,4)13(3,9,11)(5,10)-1,2",7,3,3.0,False,"(*7,8)(12,13)(6,4)5(9,11)(3,10)-(2,1)",8,2,0.0,False,"(7,*8)6,12,13(4,5)-9(3,10)(2,1,11)",8,1,6.5,False,2,
202203020505,5,2歳新馬,芝,1800,曇,重,12:35,2022-07-16,福島,9,3,3,2020105494,ニシノライコウ,牡2,54,00422,内田博幸,1:55.2,1.1/4,9-7-10-9,36.4,18.7,5,476(0),01079,[東]古賀慎明,897009,西山茂行,,"(*7,8)12(6,13)4(9,11)3,5,10-(2,1)",9,1,0.0,False,"7,8,12(6,4)13(3,9,11)(5,10)-1,2",7,3,3.0,False,"(*7,8)(12,13)(6,4)5(9,11)(3,10)-(2,1)",10,2,0.0,False,"(7,*8)6,12,13(4,5)-9(3,10)(2,1,11)",9,2,6.5,False,2,
202203020505,5,2歳新馬,芝,1800,曇,重,12:35,2022-07-16,福島,10,2,2,2020104519,シーズオブホープ,牡2,54,01162,木幡巧也,1:55.7,3,12-13-12-11,36.6,46.2,8,460(0),01089,[東]武市康男,018803,トップフェロウ,,"(*7,8)12(6,13)4(9,11)3,5,10-(2,1)",12,2,6.5,False,"7,8,12(6,4)13(3,9,11)(5,10)-1,2",13,1,8.0,False,"(*7,8)(12,13)(6,4)5(9,11)(3,10)-(2,1)",12,2,3.5,False,"(7,*8)6,12,13(4,5)-9(3,10)(2,1,11)",11,3,6.5,False,2,
202203020505,5,2歳新馬,芝,1800,曇,重,12:35,2022-07-16,福島,11,7,11,2020102849,テンコマンドゥール,牡2,54,01092,津村明秀,1:55.9,1.1/4,7-7-8-11,37.2,141.6,12,486(0),01108,[東]矢野英一,075006,天白泰司,,"(*7,8)12(6,13)4(9,11)3,5,10-(2,1)",7,2,0.0,False,"7,8,12(6,4)13(3,9,11)(5,10)-1,2",7,3,3.0,False,"(*7,8)(12,13)(6,4)5(9,11)(3,10)-(2,1)",8,2,0.0,False,"(7,*8)6,12,13(4,5)-9(3,10)(2,1,11)",11,3,6.5,False,2,
202203020505,5,2歳新馬,芝,1800,曇,重,12:35,2022-07-16,福島,12,7,10,2020106477,シゲルヴィンセント,牡2,54,00641,柴田善臣,1:56.2,2,11-10-10-9,37.4,184.6,13,494(0),01094,[東]水野貴広,674004,森中蕃,,"(*7,8)12(6,13)4(9,11)3,5,10-(2,1)",11,1,3.0,False,"7,8,12(6,4)13(3,9,11)(5,10)-1,2",10,2,3.0,False,"(*7,8)(12,13)(6,4)5(9,11)(3,10)-(2,1)",10,2,0.0,False,"(7,*8)6,12,13(4,5)-9(3,10)(2,1,11)",9,2,6.5,False,2,
202203020505,5,2歳新馬,芝,1800,曇,重,12:35,2022-07-16,福島,13,1,1,2020101353,マロンアイス,牡2,54,01077,石橋脩,1:56.3,クビ,12-12-12-11,37.2,93.0,10,476(0),01150,[東]池上昌和,398030,保坂和孝,,"(*7,8)12(6,13)4(9,11)3,5,10-(2,1)",12,2,6.5,False,"7,8,12(6,4)13(3,9,11)(5,10)-1,2",12,1,6.5,False,"(*7,8)(12,13)(6,4)5(9,11)(3,10)-(2,1)",12,2,3.5,False,"(7,*8)6,12,13(4,5)-9(3,10)(2,1,11)",11,3,6.5,False,2,
202203020506,6,2歳新馬,ダ,1150,曇,重,13:05,2022-07-16,福島,1,8,12,2020101832,シナジーエフェクト,牡2,54,05386,戸崎圭太,1:09.4,,4-4,36.5,1.9,1,446(0),01170,[西]坂口智康,003060,ゴドルフィン,700.0,,,,,,,,,,,"11,5,6,12,7(1,9)(3,13)-8-4,10   2",4,1,4.5,False,"11,5,6(1,12)7,9(3,13)-8,10,4   2",4,2,3.0,False,-21,
202203020506,6,2歳新馬,ダ,1150,曇,重,13:05,2022-07-16,福島,2,7,11,2020101739,サルフトピッチ,牝2,52,01188,永野猛蔵,1:09.5,1/2,1-1,37.2,16.2,6,430(0),01116,[東]新開幸一,040803,明栄商事,280.0,,,,,,,,,,,"11,5,6,12,7(1,9)(3,13)-8-4,10   2",1,1,0.0,False,"11,5,6(1,12)7,9(3,13)-8,10,4   2",1,1,0.0,False,-21,
202203020506,6,2歳新馬,ダ,1150,曇,重,13:05,2022-07-16,福島,3,4,5,2020106129,サウザンパンチ,牡2,54,01092,津村明秀,1:09.8,2,2-2,37.3,13.1,5,418(0),01086,[東]斎藤誠,075800,千明牧場,180.0,,,,,,,,,,,"11,5,6,12,7(1,9)(3,13)-8-4,10   2",2,1,1.5,False,"11,5,6(1,12)7,9(3,13)-8,10,4   2",2,1,1.5,False,-21,
202203020506,6,2歳新馬,ダ,1150,曇,重,13:05,2022-07-16,福島,4,5,7,2020105040,エコロヴィーガ,牝2,51,01183,小林脩斗,1:09.9,クビ,5-6,36.9,6.0,2,474(0),01108,[東]矢野英一,783033,原村正紀,110.0,,,,,,,,,,,"11,5,6,12,7(1,9)(3,13)-8-4,10   2",5,1,6.0,False,"11,5,6(1,12)7,9(3,13)-8,10,4   2",6,1,3.0,False,-21,
202203020506,6,2歳新馬,ダ,1150,曇,重,13:05,2022-07-16,福島,5,3,3,2020106458,カゲマル,牡2,54,01077,石橋脩,1:09.9,クビ,8-8,36.5,10.3,4,478(0),01028,[西]西園正都,646030,中辻明,70.0,,,,,,,,,,,"11,5,6,12,7(1,9)(3,13)-8-4,10   2",8,2,6.0,False,"11,5,6(1,12)7,9(3,13)-8,10,4   2",8,2,4.5,False,-21,
202203020506,6,2歳新馬,ダ,1150,曇,重,13:05,2022-07-16,福島,6,6,9,2020106441,ワクワクルンルン,牝2,54,01009,柴田大知,1:09.9,アタマ,6-7,36.8,8.3,3,450(0),01048,[東]畠山吉宏,032800,ローレルレーシング,,,,,,,,,,,,"11,5,6,12,7(1,9)(3,13)-8-4,10   2",6,2,6.0,False,"11,5,6(1,12)7,9(3,13)-8,10,4   2",7,1,4.5,False,-21,
202203020506,6,2歳新馬,ダ,1150,曇,重,13:05,2022-07-16,福島,7,1,1,2020105525,カツノテンス,牡2,54,01085,松岡正海,1:10.3,2.1/2,6-4,37.2,165.0,11,440(0),01031,[東]伊藤伸一,863800,勝野産業,,,,,,,,,,,,"11,5,6,12,7(1,9)(3,13)-8-4,10   2",6,2,6.0,False,"11,5,6(1,12)7,9(3,13)-8,10,4   2",4,2,3.0,False,-21,
202203020506,6,2歳新馬,ダ,1150,曇,重,13:05,2022-07-16,福島,8,8,13,2020105643,プメハナ,牝2,54,01179,菅原明良,1:10.5,1.1/4,8-8,37.1,23.2,8,448(0),01046,[西]鮫島一歩,788800,ノースヒルズ,,,,,,,,,,,,"11,5,6,12,7(1,9)(3,13)-8-4,10   2",8,2,6.0,False,"11,5,6(1,12)7,9(3,13)-8,10,4   2",8,2,4.5,False,-21,
202203020506,6,2歳新馬,ダ,1150,曇,重,13:05,2022-07-16,福島,9,6,8,2020106982,ヨロ,牡2,54,01135,杉原誠人,1:10.5,アタマ,10-10,36.4,70.7,10,482(0),01124,[東]大和田成,629800,ミルファーム,,,,,,,,,,,,"11,5,6,12,7(1,9)(3,13)-8-4,10   2",10,1,9.5,False,"11,5,6(1,12)7,9(3,13)-8,10,4   2",10,1,8.0,False,-21,
202203020506,6,2歳新馬,ダ,1150,曇,重,13:05,2022-07-16,福島,10,7,10,2020106146,セイウンミライズ,牡2,54,01169,武藤雅,1:11.0,3,12-11,36.3,24.2,9,458(0),01074,[東]奥平雅士,897009,西山茂行,,,,,,,,,,,,"11,5,6,12,7(1,9)(3,13)-8-4,10   2",12,1,14.5,False,"11,5,6(1,12)7,9(3,13)-8,10,4   2",11,1,9.5,False,-21,
202203020506,6,2歳新馬,ダ,1150,曇,重,13:05,2022-07-16,福島,11,5,6,2020102916,チャクラバーディ,牝2,54,01143,原田和真,1:11.3,2,3-3,38.6,168.5,12,402(0),01143,[東]和田雄二,526031,望月文恵,,,,,,,,,,,,"11,5,6,12,7(1,9)(3,13)-8-4,10   2",3,1,3.0,False,"11,5,6(1,12)7,9(3,13)-8,10,4   2",3,1,3.0,False,-21,
202203020506,6,2歳新馬,ダ,1150,曇,重,13:05,2022-07-16,福島,12,4,4,2020103980,オースミシエロ,牝2,54,01117,丸田恭介,1:11.5,3/4,11-12,37.0,22.3,7,468(0),01033,[西]木原一良,712800,オースミ,,,,,,,,,,,,"11,5,6,12,7(1,9)(3,13)-8-4,10   2",11,1,13.0,False,"11,5,6(1,12)7,9(3,13)-8,10,4   2",12,1,11.0,False,-21,
202203020506,6,2歳新馬,ダ,1150,曇,重,13:05,2022-07-16,福島,除,2,2,2020103622,フェブルウス,牡2,54,00422,内田博幸,,,,,---,,448(0),00423,[東]上原博之,808800,Ｇ１レーシング,,,,,,,,,,,,"11,5,6,12,7(1,9)(3,13)-8-4,10   2",13,1,20.5,False,"11,5,6(1,12)7,9(3,13)-8,10,4   2",13,1,17.0,False,-21,
202203020507,7,3歳未勝利,芝,1200,曇,重,13:35,2022-07-16,福島,1,4,8,2019101270,ヨール,牝3,54,01075,田辺裕信,1:09.3,,2-2,35.0,2.5,1,438(+6),01038,[東]手塚貴久,491030,藤田在子,520.0,,,,,,,,,,,"(*1,8)9,12(5,14)(7,6,15)(3,16,13)(4,11)2,10",2,2,0.0,False,"(*1,8)9,12,14,5,6(7,16,15)(3,4,13,11)(2,10)",2,2,0.0,False,2,
202203020507,7,3歳未勝利,芝,1200,曇,重,13:35,2022-07-16,福島,2,5,9,2019105021,ボンジューママ,牝3,54,01117,丸田恭介,1:10.4,7,3-3,35.9,10.1,5,430(+8),00420,[東]宗像義忠,386008,田口廣,210.0,,,,,,,,,,,"(*1,8)9,12(5,14)(7,6,15)(3,16,13)(4,11)2,10",3,1,0.0,False,"(*1,8)9,12,14,5,6(7,16,15)(3,4,13,11)(2,10)",3,1,0.0,False,2,
202203020507,7,3歳未勝利,芝,1200,曇,重,13:35,2022-07-16,福島,3,7,14,2019106290,プリティーメモリー,牝3,54,01158,野中悠太,1:10.4,アタマ,5-5,35.6,6.7,3,400(+4),01177,[東]伊坂重信,457002,海谷幸司,130.0,,,,,,,,,,,"(*1,8)9,12(5,14)(7,6,15)(3,16,13)(4,11)2,10",5,2,1.5,False,"(*1,8)9,12,14,5,6(7,16,15)(3,4,13,11)(2,10)",5,1,3.0,False,2,
202203020507,7,3歳未勝利,芝,1200,曇,重,13:35,2022-07-16,福島,4,6,12,2019101123,アルーリングリップ,牝3,54,01119,伊藤工真,1:10.6,1.1/4,4-4,36.0,178.6,13,412(+2),01132,[東]金成貴史,982033,尾上寿夫,78.0,,,,,,,,,,,"(*1,8)9,12(5,14)(7,6,15)(3,16,13)(4,11)2,10",4,1,1.5,False,"(*1,8)9,12,14,5,6(7,16,15)(3,4,13,11)(2,10)",4,1,1.5,False,2,
202203020507,7,3歳未勝利,芝,1200,曇,重,13:35,2022-07-16,福島,5,1,1,2019100849,セイグッドバイ,牝3,54,01162,木幡巧也,1:10.7,クビ,1-1,36.5,3.2,2,474(0),01106,[東]牧光二,812008,石瀬浩三,52.0,,,,,,,,,,,"(*1,8)9,12(5,14)(7,6,15)(3,16,13)(4,11)2,10",1,2,0.0,True,"(*1,8)9,12,14,5,6(7,16,15)(3,4,13,11)(2,10)",1,2,0.0,True,2,
202203020507,7,3歳未勝利,芝,1200,曇,重,13:35,2022-07-16,福島,6,8,15,2019104072,タマノフィオーレ,牝3,52,01188,永野猛蔵,1:10.8,1/2,7-8,35.8,7.7,4,442(+6),01109,[東]伊藤大士,960030,玉腰勇吉,,,,,,,,,,,,"(*1,8)9,12(5,14)(7,6,15)(3,16,13)(4,11)2,10",7,3,1.5,False,"(*1,8)9,12,14,5,6(7,16,15)(3,4,13,11)(2,10)",8,3,6.0,False,2,
202203020507,7,3歳未勝利,芝,1200,曇,重,13:35,2022-07-16,福島,7,3,6,2019102851,ライドオンタイム,牝3,54,00689,江田照男,1:10.8,クビ,7-7,35.8,95.7,12,418(-6),01182,[東]辻哲英,361030,高嶋祐子,,,,,,,,,,,,"(*1,8)9,12(5,14)(7,6,15)(3,16,13)(4,11)2,10",7,3,1.5,False,"(*1,8)9,12,14,5,6(7,16,15)(3,4,13,11)(2,10)",7,1,6.0,False,2,
202203020507,7,3歳未勝利,芝,1200,曇,重,13:35,2022-07-16,福島,8,6,11,2019104874,フルティージャ,牝3,51,01183,小林脩斗,1:10.9,3/4,13-11,35.5,21.9,6,440(0),01163,[東]林徹,415800,社台レースホース,,,,,,,,,,,,"(*1,8)9,12(5,14)(7,6,15)(3,16,13)(4,11)2,10",13,2,1.5,False,"(*1,8)9,12,14,5,6(7,16,15)(3,4,13,11)(2,10)",11,4,6.0,False,2,
202203020507,7,3歳未勝利,芝,1200,曇,重,13:35,2022-07-16,福島,9,8,16,2019101241,ステラレギア,牝3,54,01161,菊沢一樹,1:11.0,3/4,10-8,35.8,79.9,11,424(-1),01167,[東]稲垣幸雄,854800,ノルマンディーサラブ...,,,,,,,,,,,,"(*1,8)9,12(5,14)(7,6,15)(3,16,13)(4,11)2,10",10,3,1.5,False,"(*1,8)9,12,14,5,6(7,16,15)(3,4,13,11)(2,10)",8,3,6.0,False,2,
202203020507,7,3歳未勝利,芝,1200,曇,重,13:35,2022-07-16,福島,10,2,3,2019102849,キープオンラビン,牝3,54,01143,原田和真,1:11.0,アタマ,10-11,35.8,279.5,15,428(+2),01127,[東]栗田徹,440030,高嶋航,,,,,,,,,,,,"(*1,8)9,12(5,14)(7,6,15)(3,16,13)(4,11)2,10",10,3,1.5,False,"(*1,8)9,12,14,5,6(7,16,15)(3,4,13,11)(2,10)",11,4,6.0,False,2,
202203020507,7,3歳未勝利,芝,1200,曇,重,13:35,2022-07-16,福島,11,3,5,2019109102,メイオーシャン,牝3,54,05386,戸崎圭太,1:11.1,クビ,5-6,36.4,34.6,7,464(+4),01047,[東]勢司和浩,075800,千明牧場,,,,,,,,,,,,"(*1,8)9,12(5,14)(7,6,15)(3,16,13)(4,11)2,10",5,2,1.5,False,"(*1,8)9,12,14,5,6(7,16,15)(3,4,13,11)(2,10)",6,1,4.5,False,2,
202203020507,7,3歳未勝利,芝,1200,曇,重,13:35,2022-07-16,福島,12,5,10,2019103030,アーストラベル,牝3,54,00422,内田博幸,1:11.1,アタマ,16-15,35.4,73.8,10,406(-2),01165,[東]和田勇介,669033,中村智幸,,,,,,,,,,,,"(*1,8)9,12(5,14)(7,6,15)(3,16,13)(4,11)2,10",16,1,3.0,False,"(*1,8)9,12,14,5,6(7,16,15)(3,4,13,11)(2,10)",15,2,6.0,False,2,
202203020507,7,3歳未勝利,芝,1200,曇,重,13:35,2022-07-16,福島,13,4,7,2019100142,ルナブリエ,牝3,54,01092,津村明秀,1:11.2,3/4,7-8,36.2,46.7,8,442(+4),01187,[東]西田雄一,204033,池田草龍,,,,,,,,,,,,"(*1,8)9,12(5,14)(7,6,15)(3,16,13)(4,11)2,10",7,3,1.5,False,"(*1,8)9,12,14,5,6(7,16,15)(3,4,13,11)(2,10)",8,3,6.0,False,2,
202203020507,7,3歳未勝利,芝,1200,曇,重,13:35,2022-07-16,福島,14,2,4,2019106879,ラルスフェイス,牝3,54,01135,杉原誠人,1:11.3,1/2,13-11,35.9,237.4,14,448(+4),01109,[東]伊藤大士,874033,ＳＴレーシング,,,,,,,,,,,,"(*1,8)9,12(5,14)(7,6,15)(3,16,13)(4,11)2,10",13,2,1.5,False,"(*1,8)9,12,14,5,6(7,16,15)(3,4,13,11)(2,10)",11,4,6.0,False,2,
202203020507,7,3歳未勝利,芝,1200,曇,重,13:35,2022-07-16,福島,15,7,13,2019104013,フミローグ,セ3,53,01184,原優介,1:11.3,アタマ,10-11,36.1,54.4,9,450(+10),01097,[東]鹿戸雄一,131803,林文彦,,,,,,,,,,,,"(*1,8)9,12(5,14)(7,6,15)(3,16,13)(4,11)2,10",10,3,1.5,False,"(*1,8)9,12,14,5,6(7,16,15)(3,4,13,11)(2,10)",11,4,6.0,False,2,
202203020507,7,3歳未勝利,芝,1200,曇,重,13:35,2022-07-16,福島,16,1,2,2019106720,キタノシェクール,牝3,54,01167,木幡育也,1:11.4,クビ,15-15,35.9,337.1,16,420(-10),01056,[東]本間忍,163002,北所直人,,,,,,,,,,,,"(*1,8)9,12(5,14)(7,6,15)(3,16,13)(4,11)2,10",15,1,1.5,False,"(*1,8)9,12,14,5,6(7,16,15)(3,4,13,11)(2,10)",15,2,6.0,False,2,
202203020508,8,3歳以上1勝クラス,芝,1200,曇,重,14:05,2022-07-16,福島,1,3,6,2018104250,ケリアテソーロ,牝4,55,01092,津村明秀,1:09.5,,4-3,35.3,16.3,6,440(-6),01177,[東]伊坂重信,089803,了徳寺健二ホールディ...,770.0,,,,,,,,,,,"(*4,12)10(3,6,14)(1,15)-(5,16)(2,13)11(9,7,8)",4,3,0.0,False,"(*4,12)(6,15)14(3,10,1)(5,16,13)11(2,7)(9,8)",3,2,0.0,False,2,
202203020508,8,3歳以上1勝クラス,芝,1200,曇,重,14:05,2022-07-16,福島,2,2,4,2018102069,ラナキラ,牝4,55,01075,田辺裕信,1:09.5,アタマ,1-1,35.7,7.1,4,456(-2),01103,[東]尾関知人,788800,ノースヒルズ,250.0,,,,,,,,,,,"(*4,12)10(3,6,14)(1,15)-(5,16)(2,13)11(9,7,8)",1,2,0.0,True,"(*4,12)(6,15)14(3,10,1)(5,16,13)11(2,7)(9,8)",1,2,0.0,True,2,
202203020508,8,3歳以上1勝クラス,芝,1200,曇,重,14:05,2022-07-16,福島,2,8,15,2019105940,アリシアン,牝3,52,00733,吉田豊,1:09.5,同着,7-3,35.2,5.8,3,486(-10),01059,[東]加藤征弘,553800,広尾レース,250.0,,,,,,,,,,,"(*4,12)10(3,6,14)(1,15)-(5,16)(2,13)11(9,7,8)",7,2,0.0,False,"(*4,12)(6,15)14(3,10,1)(5,16,13)11(2,7)(9,8)",3,2,0.0,False,2,
202203020508,8,3歳以上1勝クラス,芝,1200,曇,重,14:05,2022-07-16,福島,4,2,3,2018105239,プラウドルック,牝4,55,01162,木幡巧也,1:09.6,クビ,4-6,35.4,32.4,10,454(+8),01181,[西]茶木太樹,790005,吉田勝己,120.0,,,,,,,,,,,"(*4,12)10(3,6,14)(1,15)-(5,16)(2,13)11(9,7,8)",4,3,0.0,False,"(*4,12)(6,15)14(3,10,1)(5,16,13)11(2,7)(9,8)",6,3,0.0,False,2,
202203020508,8,3歳以上1勝クラス,芝,1200,曇,重,14:05,2022-07-16,福島,5,3,5,2018103709,ララサンスフル,牝4,55,01179,菅原明良,1:09.6,アタマ,9-9,34.8,16.7,7,498(0),01102,[東]大竹正博,851800,フジイ興産,77.0,,,,,,,,,,,"(*4,12)10(3,6,14)(1,15)-(5,16)(2,13)11(9,7,8)",9,2,3.5,False,"(*4,12)(6,15)14(3,10,1)(5,16,13)11(2,7)(9,8)",9,3,0.0,False,2,
202203020508,8,3歳以上1勝クラス,芝,1200,曇,重,14:05,2022-07-16,福島,6,7,13,2018103103,ブラックハート,牝4,53,01188,永野猛蔵,1:09.7,3/4,11-9,34.8,17.9,8,414(-6),01093,[東]松永康利,117800,高昭牧場,,,,,,,,,,,,"(*4,12)10(3,6,14)(1,15)-(5,16)(2,13)11(9,7,8)",11,2,3.5,False,"(*4,12)(6,15)14(3,10,1)(5,16,13)11(2,7)(9,8)",9,3,0.0,False,2,
202203020508,8,3歳以上1勝クラス,芝,1200,曇,重,14:05,2022-07-16,福島,7,6,11,2018100576,ファントムルージュ,牝4,52,01183,小林脩斗,1:09.7,クビ,13-12,34.6,383.3,16,450(+2),01017,[東]萩原清,306803,ＨｏｒｓｅＮｅｔ,,,,,,,,,,,,"(*4,12)10(3,6,14)(1,15)-(5,16)(2,13)11(9,7,8)",13,1,3.5,False,"(*4,12)(6,15)14(3,10,1)(5,16,13)11(2,7)(9,8)",12,1,0.0,False,2,
202203020508,8,3歳以上1勝クラス,芝,1200,曇,重,14:05,2022-07-16,福島,8,1,1,2019101833,ウインクルシャープ,牝3,50,01173,山田敬士,1:09.7,ハナ,7-6,35.3,19.7,9,450(-6),01136,[西]高橋亮,952006,塚本能交,,,,,,,,,,,,"(*4,12)10(3,6,14)(1,15)-(5,16)(2,13)11(9,7,8)",7,2,0.0,False,"(*4,12)(6,15)14(3,10,1)(5,16,13)11(2,7)(9,8)",6,3,0.0,False,2,
202203020508,8,3歳以上1勝クラス,芝,1200,曇,重,14:05,2022-07-16,福島,9,5,10,2018104016,サクラカレント,牝4,55,01077,石橋脩,1:09.8,クビ,3-6,35.7,43.4,11,484(+2),01132,[東]金成貴史,019800,さくらコマース,,,,,,,,,,,,"(*4,12)10(3,6,14)(1,15)-(5,16)(2,13)11(9,7,8)",3,1,0.0,False,"(*4,12)(6,15)14(3,10,1)(5,16,13)11(2,7)(9,8)",6,3,0.0,False,2,
202203020508,8,3歳以上1勝クラス,芝,1200,曇,重,14:05,2022-07-16,福島,10,8,16,2017102178,メルテッドハニー,牝5,52,01197,佐々木大,1:09.9,3/4,9-9,35.1,122.8,14,402(-2),01012,[東]大江原哲,855030,田頭勇貴,,,,,,,,,,,,"(*4,12)10(3,6,14)(1,15)-(5,16)(2,13)11(9,7,8)",9,2,3.5,False,"(*4,12)(6,15)14(3,10,1)(5,16,13)11(2,7)(9,8)",9,3,0.0,False,2,
202203020508,8,3歳以上1勝クラス,芝,1200,曇,重,14:05,2022-07-16,福島,11,6,12,2019101454,ラッキークローバー,牝3,49,01184,原優介,1:09.9,クビ,2-2,36.1,2.6,1,436(+2),01027,[東]田村康仁,087803,ＨｉｍＲｏｃｋＲａｃ...,,,,,,,,,,,,"(*4,12)10(3,6,14)(1,15)-(5,16)(2,13)11(9,7,8)",2,2,0.0,False,"(*4,12)(6,15)14(3,10,1)(5,16,13)11(2,7)(9,8)",2,2,0.0,False,2,
202203020508,8,3歳以上1勝クラス,芝,1200,曇,重,14:05,2022-07-16,福島,12,4,7,2018106254,ニシノリース,牝4,55,05212,Ｍ．デム,1:10.1,1.1/4,14-13,34.8,5.7,2,434(-4),00417,[東]土田稔,897009,西山茂行,,,,,,,,,,,,"(*4,12)10(3,6,14)(1,15)-(5,16)(2,13)11(9,7,8)",14,3,3.5,False,"(*4,12)(6,15)14(3,10,1)(5,16,13)11(2,7)(9,8)",13,2,0.0,False,2,
202203020508,8,3歳以上1勝クラス,芝,1200,曇,重,14:05,2022-07-16,福島,13,5,9,2019103949,ニシノコチ,牝3,52,00422,内田博幸,1:10.2,クビ,14-15,34.9,87.9,13,474(-4),01165,[東]和田勇介,897009,西山茂行,,,,,,,,,,,,"(*4,12)10(3,6,14)(1,15)-(5,16)(2,13)11(9,7,8)",14,3,3.5,False,"(*4,12)(6,15)14(3,10,1)(5,16,13)11(2,7)(9,8)",15,2,0.0,False,2,
202203020508,8,3歳以上1勝クラス,芝,1200,曇,重,14:05,2022-07-16,福島,14,1,2,2019101262,ショウナンアメリア,牝3,52,05386,戸崎圭太,1:10.3,3/4,11-13,35.3,14.4,5,436(-2),01145,[東]奥村武,331002,国本哲秀,,,,,,,,,,,,"(*4,12)10(3,6,14)(1,15)-(5,16)(2,13)11(9,7,8)",11,2,3.5,False,"(*4,12)(6,15)14(3,10,1)(5,16,13)11(2,7)(9,8)",13,2,0.0,False,2,
202203020508,8,3歳以上1勝クラス,芝,1200,曇,重,14:05,2022-07-16,福島,15,7,14,2018104482,インヴァネス,牝4,55,01135,杉原誠人,1:10.5,1.1/4,4-5,36.3,53.3,12,450(+4),01195,[東]嘉藤貴行,853033,矢野亨憲,,,,,,,,,,,,"(*4,12)10(3,6,14)(1,15)-(5,16)(2,13)11(9,7,8)",4,3,0.0,False,"(*4,12)(6,15)14(3,10,1)(5,16,13)11(2,7)(9,8)",5,1,0.0,False,2,
202203020508,8,3歳以上1勝クラス,芝,1200,曇,重,14:05,2022-07-16,福島,16,4,8,2017105940,ジェラペッシュ,牝5,55,00641,柴田善臣,1:10.5,ハナ,14-15,35.2,267.7,15,464(0),00437,[東]南田美知,932008,柴田洋一,,,,,,,,,,,,"(*4,12)10(3,6,14)(1,15)-(5,16)(2,13)11(9,7,8)",14,3,3.5,False,"(*4,12)(6,15)14(3,10,1)(5,16,13)11(2,7)(9,8)",15,2,0.0,False,2,
202203020509,9,南相馬特別(1勝),芝,2000,曇,重,14:36,2022-07-16,福島,1,8,10,2018105360,アイアゲート,牝4,55,01092,津村明秀,2:02.6,,5-5-5-4,36.2,26.3,6,508(0),01162,[東]田中博康,506800,シルクレーシング,"1,091.7","4,6(2,3)(5,10)7-1,8=9",5,2,1.5,False,"(*4,6)(2,3)(5,10)-7-1,8=9",5,2,0.0,False,"(*4,6)(2,3)(5,10)(1,7)-(8,9)",5,2,0.0,False,"4(6,3)(2,10)(5,1,7)(8,9)",4,2,0.0,False,2,
202203020509,9,南相馬特別(1勝),芝,2000,曇,重,14:36,2022-07-16,福島,2,3,3,2019105560,ヴァーンフリート,牡3,54,05386,戸崎圭太,2:02.6,クビ,3-3-3-2,36.5,2.0,1,518(+4),01038,[東]手塚貴久,486800,キャロットファーム,436.2,"4,6(2,3)(5,10)7-1,8=9",3,2,1.5,False,"(*4,6)(2,3)(5,10)-7-1,8=9",3,2,0.0,False,"(*4,6)(2,3)(5,10)(1,7)-(8,9)",3,2,0.0,False,"4(6,3)(2,10)(5,1,7)(8,9)",2,2,0.0,False,2,
202203020509,9,南相馬特別(1勝),芝,2000,曇,重,14:36,2022-07-16,福島,3,2,2,2019100841,テラフォーミング,牡3,54,01077,石橋脩,2:02.6,ハナ,3-3-3-4,36.4,4.9,3,450(-4),01020,[東]相沢郁,812008,石瀬浩三,273.1,"4,6(2,3)(5,10)7-1,8=9",3,2,1.5,False,"(*4,6)(2,3)(5,10)-7-1,8=9",3,2,0.0,False,"(*4,6)(2,3)(5,10)(1,7)-(8,9)",3,2,0.0,False,"4(6,3)(2,10)(5,1,7)(8,9)",4,2,0.0,False,2,
202203020509,9,南相馬特別(1勝),芝,2000,曇,重,14:36,2022-07-16,福島,4,4,4,2019103561,オーシャンズヨリ,牡3,54,01075,田辺裕信,2:03.0,2.1/2,1-1-1-1,37.1,3.6,2,466(+2),01152,[東]竹内正洋,484031,辻子依旦,160.0,"4,6(2,3)(5,10)7-1,8=9",1,1,0.0,False,"(*4,6)(2,3)(5,10)-7-1,8=9",1,2,0.0,True,"(*4,6)(2,3)(5,10)(1,7)-(8,9)",1,2,0.0,True,"4(6,3)(2,10)(5,1,7)(8,9)",1,1,0.0,False,2,
202203020509,9,南相馬特別(1勝),芝,2000,曇,重,14:36,2022-07-16,福島,5,1,1,2019105354,ライリッズ,牡3,54,01179,菅原明良,2:03.1,クビ,8-8-7-6,36.5,6.6,4,474(-6),01175,[東]宮田敬介,486800,キャロットファーム,107.0,"4,6(2,3)(5,10)7-1,8=9",8,1,5.0,False,"(*4,6)(2,3)(5,10)-7-1,8=9",8,1,7.0,False,"(*4,6)(2,3)(5,10)(1,7)-(8,9)",7,2,0.0,False,"4(6,3)(2,10)(5,1,7)(8,9)",6,3,0.0,False,2,
202203020509,9,南相馬特別(1勝),芝,2000,曇,重,14:36,2022-07-16,福島,6,7,7,2018105118,パソロブレス,牡4,57,01169,武藤雅,2:03.4,2,7-7-7-6,36.8,50.7,8,490(-2),01064,[東]武藤善則,148800,グリーンファーム,,"4,6(2,3)(5,10)7-1,8=9",7,1,1.5,False,"(*4,6)(2,3)(5,10)-7-1,8=9",7,1,3.5,False,"(*4,6)(2,3)(5,10)(1,7)-(8,9)",7,2,0.0,False,"4(6,3)(2,10)(5,1,7)(8,9)",6,3,0.0,False,2,
202203020509,9,南相馬特別(1勝),芝,2000,曇,重,14:36,2022-07-16,福島,7,7,8,2019100221,リニュー,牡3,54,01161,菊沢一樹,2:03.4,ハナ,9-9-9-9,36.4,21.7,5,442(+2),01080,[東]清水英克,030803,コスモヴューファーム,,"4,6(2,3)(5,10)7-1,8=9",9,1,6.5,False,"(*4,6)(2,3)(5,10)-7-1,8=9",9,1,8.5,False,"(*4,6)(2,3)(5,10)(1,7)-(8,9)",9,2,3.5,False,"4(6,3)(2,10)(5,1,7)(8,9)",9,2,0.0,False,2,
202203020509,9,南相馬特別(1勝),芝,2000,曇,重,14:36,2022-07-16,福島,8,5,5,2019102988,ケッツァー,牡3,54,01009,柴田大知,2:03.7,1.3/4,5-5-5-6,37.3,50.1,7,480(0),01089,[東]武市康男,716800,ビッグレッドファーム,,"4,6(2,3)(5,10)7-1,8=9",5,2,1.5,False,"(*4,6)(2,3)(5,10)-7-1,8=9",5,2,0.0,False,"(*4,6)(2,3)(5,10)(1,7)-(8,9)",5,2,0.0,False,"4(6,3)(2,10)(5,1,7)(8,9)",6,3,0.0,False,2,
202203020509,9,南相馬特別(1勝),芝,2000,曇,重,14:36,2022-07-16,福島,9,8,9,2017103406,ガラデレオン,牡5,57,01162,木幡巧也,2:04.5,5,10-10-9-9,37.4,147.3,9,496(-2),01063,[東]的場均,895030,山口敦広,,"4,6(2,3)(5,10)7-1,8=9",10,1,12.5,False,"(*4,6)(2,3)(5,10)-7-1,8=9",10,1,14.5,False,"(*4,6)(2,3)(5,10)(1,7)-(8,9)",9,2,3.5,False,"4(6,3)(2,10)(5,1,7)(8,9)",9,2,0.0,False,2,
202203020509,9,南相馬特別(1勝),芝,2000,曇,重,14:36,2022-07-16,福島,10,6,6,2016100764,マイネルバッカーノ,牡6,57,01201,水沼元輝,2:05.7,7,2-2-2-2,39.7,213.9,10,508(+10),00437,[東]南田美知,528033,Ｍｒ．ホース,,"4,6(2,3)(5,10)7-1,8=9",2,1,1.5,False,"(*4,6)(2,3)(5,10)-7-1,8=9",2,2,0.0,False,"(*4,6)(2,3)(5,10)(1,7)-(8,9)",2,2,0.0,False,"4(6,3)(2,10)(5,1,7)(8,9)",2,2,0.0,False,2,
202203020510,10,いわき特別(2勝),ダ,1700,曇,重,15:11,2022-07-16,福島,1,2,2,2019105746,ホウオウルーレット,牡3,54,01075,田辺裕信,1:43.1,,10-10-8-6,36.3,1.4,1,492(-2),01127,[東]栗田徹,906033,小笹芳央,"1,545.0","(*9,11)12(5,6)15,7(4,13)-(2,10,14)8-3,1",10,3,5.0,False,"(*9,11)(5,12)(6,15)(4,7)13,2(8,10,14)(3,1)",10,1,1.5,False,"(*9,11,12,1)(5,15,7)(4,8,2,13)6(3,10,14)",8,4,0.0,False,"(9,*11)1(5,12)(4,15,7,2)(3,8)(6,10)13,14",6,4,0.0,False,-21,
202203020510,10,いわき特別(2勝),ダ,1700,曇,重,15:11,2022-07-16,福島,2,1,1,2018104611,スクリーンプロセス,セ4,54,01188,永野猛蔵,1:44.0,5,15-14-2-3,37.7,31.7,8,532(+4),01081,[東]中川公成,415800,社台レースホース,610.0,"(*9,11)12(5,6)15,7(4,13)-(2,10,14)8-3,1",15,1,10.0,False,"(*9,11)(5,12)(6,15)(4,7)13,2(8,10,14)(3,1)",14,2,1.5,False,"(*9,11,12,1)(5,15,7)(4,8,2,13)6(3,10,14)",2,4,0.0,False,"(9,*11)1(5,12)(4,15,7,2)(3,8)(6,10)13,14",3,1,0.0,False,-21,
202203020510,10,いわき特別(2勝),ダ,1700,曇,重,15:11,2022-07-16,福島,3,5,8,2016104845,ガルヴィハーラ,牡6,55,00422,内田博幸,1:44.1,3/4,13-11-8-10,37.3,46.3,9,504(+8),01017,[東]萩原清,486800,キャロットファーム,385.0,"(*9,11)12(5,6)15,7(4,13)-(2,10,14)8-3,1",13,1,5.0,False,"(*9,11)(5,12)(6,15)(4,7)13,2(8,10,14)(3,1)",11,3,1.5,False,"(*9,11,12,1)(5,15,7)(4,8,2,13)6(3,10,14)",8,4,0.0,False,"(9,*11)1(5,12)(4,15,7,2)(3,8)(6,10)13,14",10,2,0.0,False,-21,
202203020510,10,いわき特別(2勝),ダ,1700,曇,重,15:11,2022-07-16,福島,4,3,4,2017104606,リュウグウハヤブサ,牡5,54,01092,津村明秀,1:44.2,1/2,8-7-8-6,37.4,23.5,7,496(-6),01177,[東]伊坂重信,437030,深澤朝房,230.0,"(*9,11)12(5,6)15,7(4,13)-(2,10,14)8-3,1",8,2,1.5,False,"(*9,11)(5,12)(6,15)(4,7)13,2(8,10,14)(3,1)",7,2,0.0,False,"(*9,11,12,1)(5,15,7)(4,8,2,13)6(3,10,14)",8,4,0.0,False,"(9,*11)1(5,12)(4,15,7,2)(3,8)(6,10)13,14",6,4,0.0,False,-21,
202203020510,10,いわき特別(2勝),ダ,1700,曇,重,15:11,2022-07-16,福島,5,5,9,2018101894,ターニングアップ,牡4,54,01135,杉原誠人,1:44.3,クビ,1-1-1-2,38.0,60.8,10,470(+2),00428,[東]石毛善彦,629800,ミルファーム,151.0,"(*9,11)12(5,6)15,7(4,13)-(2,10,14)8-3,1",1,2,0.0,True,"(*9,11)(5,12)(6,15)(4,7)13,2(8,10,14)(3,1)",1,2,0.0,True,"(*9,11,12,1)(5,15,7)(4,8,2,13)6(3,10,14)",1,4,0.0,True,"(9,*11)1(5,12)(4,15,7,2)(3,8)(6,10)13,14",2,2,0.0,False,-21,
202203020510,10,いわき特別(2勝),ダ,1700,曇,重,15:11,2022-07-16,福島,6,2,3,2017104945,メデタシメデタシ,牝5,51,01161,菊沢一樹,1:44.4,3/4,14-14-13-10,37.3,61.3,11,452(0),01079,[東]古賀慎明,425030,堂守貴志,,"(*9,11)12(5,6)15,7(4,13)-(2,10,14)8-3,1",14,1,8.5,False,"(*9,11)(5,12)(6,15)(4,7)13,2(8,10,14)(3,1)",14,2,1.5,False,"(*9,11,12,1)(5,15,7)(4,8,2,13)6(3,10,14)",13,3,0.0,False,"(9,*11)1(5,12)(4,15,7,2)(3,8)(6,10)13,14",10,2,0.0,False,-21,
202203020510,10,いわき特別(2勝),ダ,1700,曇,重,15:11,2022-07-16,福島,7,6,10,2018105342,ラフルオリータ,牝4,53,01179,菅原明良,1:44.6,1.1/4,10-11-13-12,37.5,8.6,2,488(0),01169,[東]加藤士津,542800,ライオンレースホース,,"(*9,11)12(5,6)15,7(4,13)-(2,10,14)8-3,1",10,3,5.0,False,"(*9,11)(5,12)(6,15)(4,7)13,2(8,10,14)(3,1)",11,3,1.5,False,"(*9,11,12,1)(5,15,7)(4,8,2,13)6(3,10,14)",13,3,0.0,False,"(9,*11)1(5,12)(4,15,7,2)(3,8)(6,10)13,14",12,2,0.0,False,-21,
202203020510,10,いわき特別(2勝),ダ,1700,曇,重,15:11,2022-07-16,福島,8,8,15,2017104164,グラスデスティーノ,牡5,55,01162,木幡巧也,1:44.7,クビ,6-5-5-6,38.1,21.5,6,480(+2),01106,[東]牧光二,541800,半沢,,"(*9,11)12(5,6)15,7(4,13)-(2,10,14)8-3,1",6,1,0.0,False,"(*9,11)(5,12)(6,15)(4,7)13,2(8,10,14)(3,1)",5,2,0.0,False,"(*9,11,12,1)(5,15,7)(4,8,2,13)6(3,10,14)",5,3,0.0,False,"(9,*11)1(5,12)(4,15,7,2)(3,8)(6,10)13,14",6,4,0.0,False,-21,
202203020510,10,いわき特別(2勝),ダ,1700,曇,重,15:11,2022-07-16,福島,9,6,11,2017105081,チェインストーリー,牝5,52,01173,山田敬士,1:44.9,1.1/4,2-2-2-1,38.6,11.3,3,510(-6),01012,[東]大江原哲,758005,吉田照哉,,"(*9,11)12(5,6)15,7(4,13)-(2,10,14)8-3,1",2,2,0.0,False,"(*9,11)(5,12)(6,15)(4,7)13,2(8,10,14)(3,1)",2,2,0.0,False,"(*9,11,12,1)(5,15,7)(4,8,2,13)6(3,10,14)",2,4,0.0,False,"(9,*11)1(5,12)(4,15,7,2)(3,8)(6,10)13,14",1,2,0.0,True,-21,
202203020510,10,いわき特別(2勝),ダ,1700,曇,重,15:11,2022-07-16,福島,10,4,7,2018103872,メタスペクター,牡4,55,05212,Ｍ．デム,1:44.9,アタマ,7-7-5-6,38.3,16.0,5,464(0),00405,[東]小西一男,872006,松尾正,,"(*9,11)12(5,6)15,7(4,13)-(2,10,14)8-3,1",7,1,1.5,False,"(*9,11)(5,12)(6,15)(4,7)13,2(8,10,14)(3,1)",7,2,0.0,False,"(*9,11,12,1)(5,15,7)(4,8,2,13)6(3,10,14)",5,3,0.0,False,"(9,*11)1(5,12)(4,15,7,2)(3,8)(6,10)13,14",6,4,0.0,False,-21,
202203020510,10,いわき特別(2勝),ダ,1700,曇,重,15:11,2022-07-16,福島,11,4,6,2017103912,アキノスマート,牡5,53,00689,江田照男,1:45.1,1.1/4,4-5-12-12,38.2,85.3,12,498(+2),01119,[東]田中剛,561006,穐吉正孝,,"(*9,11)12(5,6)15,7(4,13)-(2,10,14)8-3,1",4,2,0.0,False,"(*9,11)(5,12)(6,15)(4,7)13,2(8,10,14)(3,1)",5,2,0.0,False,"(*9,11,12,1)(5,15,7)(4,8,2,13)6(3,10,14)",12,1,0.0,False,"(9,*11)1(5,12)(4,15,7,2)(3,8)(6,10)13,14",12,2,0.0,False,-21,
202203020510,10,いわき特別(2勝),ダ,1700,曇,重,15:11,2022-07-16,福島,12,3,5,2017102593,ナーシサステソーロ,牝5,51,01117,丸田恭介,1:45.6,3,4-3-5-4,39.1,119.9,13,446(-2),01074,[東]奥平雅士,089803,了徳寺健二ホールディ...,,"(*9,11)12(5,6)15,7(4,13)-(2,10,14)8-3,1",4,2,0.0,False,"(*9,11)(5,12)(6,15)(4,7)13,2(8,10,14)(3,1)",3,2,0.0,False,"(*9,11,12,1)(5,15,7)(4,8,2,13)6(3,10,14)",5,3,0.0,False,"(9,*11)1(5,12)(4,15,7,2)(3,8)(6,10)13,14",4,2,0.0,False,-21,
202203020510,10,いわき特別(2勝),ダ,1700,曇,重,15:11,2022-07-16,福島,13,7,12,2017101537,デクスター,セ5,54,00733,吉田豊,1:45.7,1/2,3-3-2-4,39.4,153.3,14,460(-2),01152,[東]竹内正洋,336030,小林竜太郎,,"(*9,11)12(5,6)15,7(4,13)-(2,10,14)8-3,1",3,1,0.0,False,"(*9,11)(5,12)(6,15)(4,7)13,2(8,10,14)(3,1)",3,2,0.0,False,"(*9,11,12,1)(5,15,7)(4,8,2,13)6(3,10,14)",2,4,0.0,False,"(9,*11)1(5,12)(4,15,7,2)(3,8)(6,10)13,14",4,2,0.0,False,-21,
202203020510,10,いわき特別(2勝),ダ,1700,曇,重,15:11,2022-07-16,福島,14,8,14,2018104849,ブリエヴェール,牡4,55,01169,武藤雅,1:45.7,クビ,10-11-13-15,38.6,14.6,4,454(-4),01076,[東]小笠倫弘,148800,グリーンファーム,,"(*9,11)12(5,6)15,7(4,13)-(2,10,14)8-3,1",10,3,5.0,False,"(*9,11)(5,12)(6,15)(4,7)13,2(8,10,14)(3,1)",11,3,1.5,False,"(*9,11,12,1)(5,15,7)(4,8,2,13)6(3,10,14)",13,3,0.0,False,"(9,*11)1(5,12)(4,15,7,2)(3,8)(6,10)13,14",15,1,1.5,False,-21,
202203020510,10,いわき特別(2勝),ダ,1700,曇,重,15:11,2022-07-16,福島,15,7,13,2017109076,スピードオブラブ,牝5,50,01184,原優介,1:46.0,1.1/2,8-9-8-14,39.2,336.5,15,448(-4),01081,[東]中川公成,873033,石井義人,,"(*9,11)12(5,6)15,7(4,13)-(2,10,14)8-3,1",8,2,1.5,False,"(*9,11)(5,12)(6,15)(4,7)13,2(8,10,14)(3,1)",9,1,0.0,False,"(*9,11,12,1)(5,15,7)(4,8,2,13)6(3,10,14)",8,4,0.0,False,"(9,*11)1(5,12)(4,15,7,2)(3,8)(6,10)13,14",14,1,0.0,False,-21,
202203020511,11,バーデンバーデンC(3勝),芝,1200,曇,稍重,15:45,2022-07-16,福島,1,3,3,2018100040,アビッグチア,牝4,55,01134,嶋田純次,1:09.0,,1-1,34.5,8.3,4,512(+8),01094,[東]水野貴広,491030,藤田在子,"1,859.6",,,,,,,,,,,"3-2(4,7)(6,1,9)(8,5)",1,1,0.0,False,"3-2(6,4,7)(1,9)(8,5)",1,1,0.0,False,2,
202203020511,11,バーデンバーデンC(3勝),芝,1200,曇,稍重,15:45,2022-07-16,福島,2,8,9,2017106612,バルトリ,牝5,55,01075,田辺裕信,1:09.8,5,5-6,34.5,3.6,2,458(-4),01191,[東]蛯名正義,003060,ゴドルフィン,745.6,,,,,,,,,,,"3-2(4,7)(6,1,9)(8,5)",5,3,3.5,False,"3-2(6,4,7)(1,9)(8,5)",6,2,3.5,False,2,
202203020511,11,バーデンバーデンC(3勝),芝,1200,曇,稍重,15:45,2022-07-16,福島,3,6,6,2016104480,レッドクレオス,牡6,57,01135,杉原誠人,1:09.8,ハナ,5-3,34.5,25.4,7,472(-6),01191,[東]蛯名正義,180800,東京ホースレーシング,462.8,,,,,,,,,,,"3-2(4,7)(6,1,9)(8,5)",5,3,3.5,False,"3-2(6,4,7)(1,9)(8,5)",3,3,3.5,False,2,
202203020511,11,バーデンバーデンC(3勝),芝,1200,曇,稍重,15:45,2022-07-16,福島,4,2,2,2016101956,オルダージュ,セ6,57,05386,戸崎圭太,1:09.9,クビ,2-2,35.0,21.5,6,474(-12),01156,[東]青木孝文,854800,ノルマンディーサラブ...,280.0,,,,,,,,,,,"3-2(4,7)(6,1,9)(8,5)",2,1,3.5,False,"3-2(6,4,7)(1,9)(8,5)",2,1,3.5,False,2,
202203020511,11,バーデンバーデンC(3勝),芝,1200,曇,稍重,15:45,2022-07-16,福島,5,1,1,2016105211,オースミカテドラル,牡6,57,01179,菅原明良,1:09.9,クビ,5-6,34.5,8.7,5,466(+6),01136,[西]高橋亮,712800,オースミ,184.0,,,,,,,,,,,"3-2(4,7)(6,1,9)(8,5)",5,3,3.5,False,"3-2(6,4,7)(1,9)(8,5)",6,2,3.5,False,2,
202203020511,11,バーデンバーデンC(3勝),芝,1200,曇,稍重,15:45,2022-07-16,福島,6,5,5,2017100452,ルクルト,牡5,57,05212,Ｍ．デム,1:10.0,アタマ,8-8,34.5,2.8,1,466(+6),01130,[西]吉村圭司,010803,市川義美ホールディン...,,,,,,,,,,,,"3-2(4,7)(6,1,9)(8,5)",8,2,3.5,False,"3-2(6,4,7)(1,9)(8,5)",8,2,3.5,False,2,
202203020511,11,バーデンバーデンC(3勝),芝,1200,曇,稍重,15:45,2022-07-16,福島,7,8,8,2017102037,シャチ,牡5,57,01173,山田敬士,1:10.1,1/2,8-8,34.6,93.9,9,460(-8),01005,[東]小桧山悟,981002,中村勝彦,,,,,,,,,,,,"3-2(4,7)(6,1,9)(8,5)",8,2,3.5,False,"3-2(6,4,7)(1,9)(8,5)",8,2,3.5,False,2,
202203020511,11,バーデンバーデンC(3勝),芝,1200,曇,稍重,15:45,2022-07-16,福島,8,7,7,2016105630,レノーア,牝6,55,01092,津村明秀,1:10.3,1.1/4,3-3,35.2,47.2,8,434(+2),01020,[東]相沢郁,078006,畑佐博,,,,,,,,,,,,"3-2(4,7)(6,1,9)(8,5)",3,2,3.5,False,"3-2(6,4,7)(1,9)(8,5)",3,3,3.5,False,2,
202203020511,11,バーデンバーデンC(3勝),芝,1200,曇,稍重,15:45,2022-07-16,福島,9,4,4,2017100969,ショウナンバービー,牝5,55,01188,永野猛蔵,1:11.4,7,3-3,36.3,3.7,3,504(0),01119,[東]田中剛,679800,湘南,,,,,,,,,,,,"3-2(4,7)(6,1,9)(8,5)",3,2,3.5,False,"3-2(6,4,7)(1,9)(8,5)",3,3,3.5,False,2,
202203020512,12,3歳以上1勝クラス,ダ,1150,曇,重,16:30,2022-07-16,福島,1,3,6,2019104952,ロープスピニング,牝3,49,01183,小林脩斗,1:07.3,,1-1,35.9,3.4,1,422(+2),01064,[東]武藤善則,758005,吉田照哉,770.0,,,,,,,,,,,"6(12,13)10(1,14)5(4,15)7(8,9)-11-2-16-3",1,1,0.0,False,"6(12,13)(10,1)(4,5)14(7,15)(8,9)11,2=16-3",1,1,0.0,False,-21,
202203020512,12,3歳以上1勝クラス,ダ,1150,曇,重,16:30,2022-07-16,福島,2,1,1,2019105754,ルプランドル,牝3,52,01162,木幡巧也,1:07.9,3.1/2,5-4,36.0,3.6,2,464(-2),01024,[東]萱野浩二,393803,ＫＡＪＩＭＯＴＯホー...,310.0,,,,,,,,,,,"6(12,13)10(1,14)5(4,15)7(8,9)-11-2-16-3",5,2,0.0,False,"6(12,13)(10,1)(4,5)14(7,15)(8,9)11,2=16-3",4,2,0.0,False,-21,
202203020512,12,3歳以上1勝クラス,ダ,1150,曇,重,16:30,2022-07-16,福島,3,3,5,2017101153,カゼノタニノアヤカ,牝5,55,05386,戸崎圭太,1:07.9,クビ,7-6,35.8,8.2,4,436(-16),00438,[西]安田隆行,345033,増田和啓,190.0,,,,,,,,,,,"6(12,13)10(1,14)5(4,15)7(8,9)-11-2-16-3",7,1,0.0,False,"6(12,13)(10,1)(4,5)14(7,15)(8,9)11,2=16-3",6,2,0.0,False,-21,
202203020512,12,3歳以上1勝クラス,ダ,1150,曇,重,16:30,2022-07-16,福島,4,2,4,2018104689,ミトグラフィア,牝4,52,01184,原優介,1:08.0,クビ,8-6,35.8,140.8,13,412(-4),01118,[東]高柳瑞樹,808800,Ｇ１レーシング,120.0,,,,,,,,,,,"6(12,13)10(1,14)5(4,15)7(8,9)-11-2-16-3",8,2,0.0,False,"6(12,13)(10,1)(4,5)14(7,15)(8,9)11,2=16-3",6,2,0.0,False,-21,
202203020512,12,3歳以上1勝クラス,ダ,1150,曇,重,16:30,2022-07-16,福島,5,7,13,2016106262,ホシフルドヒョウ,牡6,57,01158,野中悠太,1:08.1,1,2-2,36.5,48.2,9,490(-12),01051,[東]岩戸孝樹,247030,芳賀克也,77.0,,,,,,,,,,,"6(12,13)10(1,14)5(4,15)7(8,9)-11-2-16-3",2,2,0.0,False,"6(12,13)(10,1)(4,5)14(7,15)(8,9)11,2=16-3",2,2,0.0,False,-21,
202203020512,12,3歳以上1勝クラス,ダ,1150,曇,重,16:30,2022-07-16,福島,6,5,10,2018104790,エンピレオ,牝4,55,01161,菊沢一樹,1:08.5,2.1/2,4-4,36.7,4.1,3,460(-10),01115,[東]菊沢隆徳,415800,社台レースホース,,,,,,,,,,,,"6(12,13)10(1,14)5(4,15)7(8,9)-11-2-16-3",4,1,0.0,False,"6(12,13)(10,1)(4,5)14(7,15)(8,9)11,2=16-3",4,2,0.0,False,-21,
202203020512,12,3歳以上1勝クラス,ダ,1150,曇,重,16:30,2022-07-16,福島,7,4,7,2018104263,ブロードマリー,牝4,55,01119,伊藤工真,1:08.6,1/2,10-9,36.2,66.8,10,436(+10),01163,[東]林徹,310800,ユートピア牧場,,,,,,,,,,,,"6(12,13)10(1,14)5(4,15)7(8,9)-11-2-16-3",10,1,0.0,False,"6(12,13)(10,1)(4,5)14(7,15)(8,9)11,2=16-3",9,2,0.0,False,-21,
202203020512,12,3歳以上1勝クラス,ダ,1150,曇,重,16:30,2022-07-16,福島,8,6,12,2018101474,ウインラザンツ,牡4,57,01085,松岡正海,1:08.8,1.1/2,2-2,37.3,21.3,7,514(-8),01048,[東]畠山吉宏,494800,ウイン,,,,,,,,,,,,"6(12,13)10(1,14)5(4,15)7(8,9)-11-2-16-3",2,2,0.0,False,"6(12,13)(10,1)(4,5)14(7,15)(8,9)11,2=16-3",2,2,0.0,False,-21,
202203020512,12,3歳以上1勝クラス,ダ,1150,曇,重,16:30,2022-07-16,福島,9,1,2,2018102211,フェスティヴノンノ,牝4,55,00689,江田照男,1:09.2,2,14-14,36.0,163.7,14,458(+2),01090,[東]天間昭一,070803,臼井義太郎,,,,,,,,,,,,"6(12,13)10(1,14)5(4,15)7(8,9)-11-2-16-3",14,1,7.0,False,"6(12,13)(10,1)(4,5)14(7,15)(8,9)11,2=16-3",14,1,1.5,False,-21,
202203020512,12,3歳以上1勝クラス,ダ,1150,曇,重,16:30,2022-07-16,福島,10,8,15,2017102721,アイガーテソーロ,牡5,57,01167,木幡育也,1:09.2,クビ,8-9,37.0,114.8,12,482(-6),01119,[東]田中剛,089803,了徳寺健二ホールディ...,,,,,,,,,,,,"6(12,13)10(1,14)5(4,15)7(8,9)-11-2-16-3",8,2,0.0,False,"6(12,13)(10,1)(4,5)14(7,15)(8,9)11,2=16-3",9,2,0.0,False,-21,
202203020512,12,3歳以上1勝クラス,ダ,1150,曇,重,16:30,2022-07-16,福島,11,6,11,2018102961,ビゾンテノブファロ,牡4,57,01143,原田和真,1:09.3,1/2,13-13,36.5,172.0,15,476(-18),01005,[東]小桧山悟,032803,ニューマレコード,,,,,,,,,,,,"6(12,13)10(1,14)5(4,15)7(8,9)-11-2-16-3",13,1,3.5,False,"6(12,13)(10,1)(4,5)14(7,15)(8,9)11,2=16-3",13,1,0.0,False,-21,
202203020512,12,3歳以上1勝クラス,ダ,1150,曇,重,16:30,2022-07-16,福島,12,5,9,2017100622,ワルツフォーデビー,牡5,57,05212,Ｍ．デム,1:09.4,1/2,11-11,36.9,20.9,6,452(0),01171,[東]小手川準,784033,風早信昭,,,,,,,,,,,,"6(12,13)10(1,14)5(4,15)7(8,9)-11-2-16-3",11,2,0.0,False,"6(12,13)(10,1)(4,5)14(7,15)(8,9)11,2=16-3",11,2,0.0,False,-21,
202203020512,12,3歳以上1勝クラス,ダ,1150,曇,重,16:30,2022-07-16,福島,13,4,8,2018106729,ダイメイソテツ,牡4,54,01197,佐々木大,1:09.7,1.3/4,11-11,37.2,225.5,16,510(-12),01010,[東]中野栄治,688006,宮本孝一,,,,,,,,,,,,"6(12,13)10(1,14)5(4,15)7(8,9)-11-2-16-3",11,2,0.0,False,"6(12,13)(10,1)(4,5)14(7,15)(8,9)11,2=16-3",11,2,0.0,False,-21,
202203020512,12,3歳以上1勝クラス,ダ,1150,曇,重,16:30,2022-07-16,福島,14,2,3,2018103443,コパノフレディー,牡4,57,01179,菅原明良,1:10.0,1.3/4,16-16,35.7,26.9,8,496(0),00423,[東]上原博之,966007,小林祥晃,,,,,,,,,,,,"6(12,13)10(1,14)5(4,15)7(8,9)-11-2-16-3",16,1,14.0,False,"6(12,13)(10,1)(4,5)14(7,15)(8,9)11,2=16-3",16,1,11.0,False,-21,
202203020512,12,3歳以上1勝クラス,ダ,1150,曇,重,16:30,2022-07-16,福島,15,8,16,2019100484,ニシノアンドレア,牡3,52,01188,永野猛蔵,1:10.6,3.1/2,15-15,36.9,8.7,5,506(0),01023,[東]伊藤圭三,897009,西山茂行,,,,,,,,,,,,"6(12,13)10(1,14)5(4,15)7(8,9)-11-2-16-3",15,1,10.5,False,"6(12,13)(10,1)(4,5)14(7,15)(8,9)11,2=16-3",15,1,7.5,False,-21,
202203020512,12,3歳以上1勝クラス,ダ,1150,曇,重,16:30,2022-07-16,福島,16,7,14,2018106087,ジュエルシーカー,牝4,55,01117,丸田恭介,1:12.0,8,5-8,40.1,81.7,11,436(+18),01027,[東]田村康仁,361800,杵臼牧場,,,,,,,,,,,,"6(12,13)10(1,14)5(4,15)7(8,9)-11-2-16-3",5,2,0.0,False,"6(12,13)(10,1)(4,5)14(7,15)(8,9)11,2=16-3",8,1,0.0,False,-21,
202210030501,1,2歳未勝利,芝,1200,曇,稍重,10:01,2022-07-16,小倉,1,4,7,2020109155,テイエムユメキュウ,牝2,54,01099,鮫島良太,1:09.4,,1-1,35.8,3.2,1,444(-6),01050,[西]飯田雄三,356002,竹園正繼,520.0,,,,,,,,,,,"7,10,6(11,12)(5,13)(9,15)(2,4)(1,14)=8-3",1,1,0.0,False,"7(6,10)12(5,11,13)4(9,15)(2,1)14-8=3",1,1,0.0,False,-10,
202210030501,1,2歳未勝利,芝,1200,曇,稍重,10:01,2022-07-16,小倉,2,3,4,2020109129,オバケノキンタ,牡2,52,01185,小沢大仁,1:09.6,1.1/4,10-8,35.1,6.0,4,438(-4),01032,[西]大根田裕,149033,内田玄祥,210.0,,,,,,,,,,,"7,10,6(11,12)(5,13)(9,15)(2,4)(1,14)=8-3",10,2,3.0,False,"7(6,10)12(5,11,13)4(9,15)(2,1)14-8=3",8,1,0.0,False,-10,
202210030501,1,2歳未勝利,芝,1200,曇,稍重,10:01,2022-07-16,小倉,3,7,13,2020109135,コウユーオモイノセ,牡2,54,01180,団野大成,1:10.0,2.1/2,6-5,35.9,12.0,5,468(-2),01151,[西]斉藤崇史,116033,加治屋貞光,130.0,,,,,,,,,,,"7,10,6(11,12)(5,13)(9,15)(2,4)(1,14)=8-3",6,2,3.0,False,"7(6,10)12(5,11,13)4(9,15)(2,1)14-8=3",5,3,0.0,False,-10,
202210030501,1,2歳未勝利,芝,1200,曇,稍重,10:01,2022-07-16,小倉,4,4,6,2020109164,カシノサヴィ,牝2,54,00732,幸英明,1:10.0,アタマ,3-2,36.1,3.9,2,430(+14),00431,[西]谷潔,514009,柏木務,78.0,,,,,,,,,,,"7,10,6(11,12)(5,13)(9,15)(2,4)(1,14)=8-3",3,1,3.0,False,"7(6,10)12(5,11,13)4(9,15)(2,1)14-8=3",2,2,0.0,False,-10,
202210030501,1,2歳未勝利,芝,1200,曇,稍重,10:01,2022-07-16,小倉,5,1,1,2020109137,カシノスターリング,牡2,51,01199,角田大河,1:10.2,3/4,12-11,35.5,115.6,12,460(-10),01090,[東]天間昭一,514009,柏木務,52.0,,,,,,,,,,,"7,10,6(11,12)(5,13)(9,15)(2,4)(1,14)=8-3",12,2,3.0,False,"7(6,10)12(5,11,13)4(9,15)(2,1)14-8=3",11,2,0.0,False,-10,
202210030501,1,2歳未勝利,芝,1200,曇,稍重,10:01,2022-07-16,小倉,6,7,12,2020109148,ゴーツウキリシマ,牝2,54,01116,藤岡康太,1:10.2,クビ,4-4,36.2,13.1,6,448(-8),01123,[西]牧田和弥,772002,西村新一郎,,,,,,,,,,,,"7,10,6(11,12)(5,13)(9,15)(2,4)(1,14)=8-3",4,2,3.0,False,"7(6,10)12(5,11,13)4(9,15)(2,1)14-8=3",4,1,0.0,False,-10,
202210030501,1,2歳未勝利,芝,1200,曇,稍重,10:01,2022-07-16,小倉,7,6,10,2020109138,キリシマラッキー,牡2,54,01147,城戸義政,1:10.4,1.1/4,2-2,36.7,99.2,11,444(-4),00428,[東]石毛善彦,628009,土屋君春,,,,,,,,,,,,"7,10,6(11,12)(5,13)(9,15)(2,4)(1,14)=8-3",2,1,1.5,False,"7(6,10)12(5,11,13)4(9,15)(2,1)14-8=3",2,2,0.0,False,-10,
202210030501,1,2歳未勝利,芝,1200,曇,稍重,10:01,2022-07-16,小倉,8,6,11,2020109150,エイヨーチャクラ,牝2,54,00894,小牧太,1:10.7,1.1/2,4-5,36.7,202.1,14,430(-2),01123,[西]牧田和弥,623033,柳田英子,,,,,,,,,,,,"7,10,6(11,12)(5,13)(9,15)(2,4)(1,14)=8-3",4,2,3.0,False,"7(6,10)12(5,11,13)4(9,15)(2,1)14-8=3",5,3,0.0,False,-10,
202210030501,1,2歳未勝利,芝,1200,曇,稍重,10:01,2022-07-16,小倉,9,5,8,2020109134,セロンテソーロ,牝2,50,01187,永島まな,1:10.9,1.1/4,14-14,35.4,38.4,7,422(0),01077,[東]加藤和宏,089803,了徳寺健二ホールディ...,,,,,,,,,,,,"7,10,6(11,12)(5,13)(9,15)(2,4)(1,14)=8-3",14,1,9.0,False,"7(6,10)12(5,11,13)4(9,15)(2,1)14-8=3",14,1,3.5,False,-10,
202210030501,1,2歳未勝利,芝,1200,曇,稍重,10:01,2022-07-16,小倉,10,8,15,2020109154,テイエムハヤカケン,牡2,54,01168,富田暁,1:10.9,アタマ,8-9,36.6,4.7,3,494(-2),01033,[西]木原一良,356002,竹園正繼,,,,,,,,,,,,"7,10,6(11,12)(5,13)(9,15)(2,4)(1,14)=8-3",8,2,3.0,False,"7(6,10)12(5,11,13)4(9,15)(2,1)14-8=3",9,2,0.0,False,-10,
202210030501,1,2歳未勝利,芝,1200,曇,稍重,10:01,2022-07-16,小倉,11,5,9,2020109153,テイエムジンキュウ,牡2,54,01171,西村淳也,1:10.9,クビ,8-9,36.6,93.6,10,474(-8),01138,[西]浜田多実,356002,竹園正繼,,,,,,,,,,,,"7,10,6(11,12)(5,13)(9,15)(2,4)(1,14)=8-3",8,2,3.0,False,"7(6,10)12(5,11,13)4(9,15)(2,1)14-8=3",9,2,0.0,False,-10,
202210030501,1,2歳未勝利,芝,1200,曇,稍重,10:01,2022-07-16,小倉,12,3,5,2020109168,カシノジャッカル,牡2,53,01176,亀田温心,1:11.0,クビ,6-5,36.8,150.2,13,398(0),01078,[西]北出成人,514009,柏木務,,,,,,,,,,,,"7,10,6(11,12)(5,13)(9,15)(2,4)(1,14)=8-3",6,2,3.0,False,"7(6,10)12(5,11,13)4(9,15)(2,1)14-8=3",5,3,0.0,False,-10,
202210030501,1,2歳未勝利,芝,1200,曇,稍重,10:01,2022-07-16,小倉,13,8,14,2020109126,キスウマイ,牡2,54,01138,藤懸貴志,1:12.4,9,12-13,37.7,58.0,8,472(+4),01092,[西]松永幹夫,158033,山下良子,,,,,,,,,,,,"7,10,6(11,12)(5,13)(9,15)(2,4)(1,14)=8-3",12,2,3.0,False,"7(6,10)12(5,11,13)4(9,15)(2,1)14-8=3",13,1,0.0,False,-10,
202210030501,1,2歳未勝利,芝,1200,曇,稍重,10:01,2022-07-16,小倉,14,2,2,2020109147,カシノロマネ,牝2,54,01165,森裕太朗,1:12.5,1/2,10-11,38.1,253.1,15,376(+2),01041,[西]藤沢則雄,514009,柏木務,,,,,,,,,,,,"7,10,6(11,12)(5,13)(9,15)(2,4)(1,14)=8-3",10,2,3.0,False,"7(6,10)12(5,11,13)4(9,15)(2,1)14-8=3",11,2,0.0,False,-10,
202210030501,1,2歳未勝利,芝,1200,曇,稍重,10:01,2022-07-16,小倉,15,2,3,2020109115,カシノアルバ,牡2,52,01191,松本大輝,1:12.7,1.1/4,15-15,36.6,78.6,9,438(+2),01143,[東]和田雄二,514009,柏木務,,,,,,,,,,,,"7,10,6(11,12)(5,13)(9,15)(2,4)(1,14)=8-3",15,1,12.5,False,"7(6,10)12(5,11,13)4(9,15)(2,1)14-8=3",15,1,9.5,False,-10,
202210030502,2,3歳未勝利,ダ,1700,曇,重,10:35,2022-07-16,小倉,1,7,13,2019100635,ラニカイ,牝3,54,01014,福永祐一,1:44.4,,4-5-3-3,36.9,4.0,2,480(-2),01092,[西]松永幹夫,788800,ノースヒルズ,520.0,"9(11,16)(8,6,13)1(7,15)(2,14)10,4-(3,12)5",4,3,0.0,False,"9,11(8,16)(1,6,13)(7,15,14)2,10,4(3,12)5",5,3,1.5,False,"(*9,11)(13,16)8(1,15,14)(6,10)(7,2)5,12-3,4",3,2,0.0,False,"11,9,13-8,1(15,16,14)(6,10,2)(7,12,5)=3=4",3,1,3.0,False,-13,
202210030502,2,3歳未勝利,ダ,1700,曇,重,10:35,2022-07-16,小倉,2,6,11,2019102059,ブランアルディ,牝3,54,01088,川田将雅,1:44.6,1.1/4,2-2-2-1,37.4,3.1,1,484(+4),01183,[西]辻野泰之,537033,野田善己,210.0,"9(11,16)(8,6,13)1(7,15)(2,14)10,4-(3,12)5",2,2,0.0,False,"9,11(8,16)(1,6,13)(7,15,14)2,10,4(3,12)5",2,1,1.5,False,"(*9,11)(13,16)8(1,15,14)(6,10)(7,2)5,12-3,4",2,2,0.0,False,"11,9,13-8,1(15,16,14)(6,10,2)(7,12,5)=3=4",1,1,0.0,False,-13,
202210030502,2,3歳未勝利,ダ,1700,曇,重,10:35,2022-07-16,小倉,3,4,8,2019103035,ラストファンタジー,牝3,54,01126,松山弘平,1:45.7,7,4-3-5-4,38.1,8.8,4,480(-2),01176,[西]吉岡辰弥,170800,ロードホースクラブ,130.0,"9(11,16)(8,6,13)1(7,15)(2,14)10,4-(3,12)5",4,3,0.0,False,"9,11(8,16)(1,6,13)(7,15,14)2,10,4(3,12)5",3,2,1.5,False,"(*9,11)(13,16)8(1,15,14)(6,10)(7,2)5,12-3,4",5,1,0.0,False,"11,9,13-8,1(15,16,14)(6,10,2)(7,12,5)=3=4",4,1,6.5,False,-13,
202210030502,2,3歳未勝利,ダ,1700,曇,重,10:35,2022-07-16,小倉,4,5,9,2019105402,アルファカリーナ,牝3,54,01163,坂井瑠星,1:46.1,2.1/2,1-1-1-2,38.9,5.7,3,428(+2),01144,[西]池添学,506800,シルクレーシング,78.0,"9(11,16)(8,6,13)1(7,15)(2,14)10,4-(3,12)5",1,1,0.0,False,"9,11(8,16)(1,6,13)(7,15,14)2,10,4(3,12)5",1,1,0.0,False,"(*9,11)(13,16)8(1,15,14)(6,10)(7,2)5,12-3,4",1,2,0.0,True,"11,9,13-8,1(15,16,14)(6,10,2)(7,12,5)=3=4",2,1,1.5,False,-13,
202210030502,2,3歳未勝利,ダ,1700,曇,重,10:35,2022-07-16,小倉,5,1,1,2019103978,クリニエールグラス,牝3,54,01171,西村淳也,1:46.8,4,7-5-6-5,39.0,30.1,9,440(0),01138,[西]浜田多実,306008,松岡隆雄,52.0,"9(11,16)(8,6,13)1(7,15)(2,14)10,4-(3,12)5",7,1,0.0,False,"9,11(8,16)(1,6,13)(7,15,14)2,10,4(3,12)5",5,3,1.5,False,"(*9,11)(13,16)8(1,15,14)(6,10)(7,2)5,12-3,4",6,3,0.0,False,"11,9,13-8,1(15,16,14)(6,10,2)(7,12,5)=3=4",5,1,8.0,False,-13,
202210030502,2,3歳未勝利,ダ,1700,曇,重,10:35,2022-07-16,小倉,6,1,2,2019103474,エイシンスマック,牝3,54,01174,岩田望来,1:47.2,2.1/2,10-11-11-9,39.0,9.1,5,430(-4),01098,[西]野中賢二,785800,栄進堂,,"9(11,16)(8,6,13)1(7,15)(2,14)10,4-(3,12)5",10,2,0.0,False,"9,11(8,16)(1,6,13)(7,15,14)2,10,4(3,12)5",11,1,1.5,False,"(*9,11)(13,16)8(1,15,14)(6,10)(7,2)5,12-3,4",11,2,0.0,False,"11,9,13-8,1(15,16,14)(6,10,2)(7,12,5)=3=4",9,3,8.0,False,-13,
202210030502,2,3歳未勝利,ダ,1700,曇,重,10:35,2022-07-16,小倉,7,7,14,2019103752,モズネズコ,牝3,52,01191,松本大輝,1:47.6,2.1/2,10-8-6-6,39.8,10.5,6,488(-10),01149,[西]松下武士,005803,キャピタル・システム,,"9(11,16)(8,6,13)1(7,15)(2,14)10,4-(3,12)5",10,2,0.0,False,"9,11(8,16)(1,6,13)(7,15,14)2,10,4(3,12)5",8,3,1.5,False,"(*9,11)(13,16)8(1,15,14)(6,10)(7,2)5,12-3,4",6,3,0.0,False,"11,9,13-8,1(15,16,14)(6,10,2)(7,12,5)=3=4",6,3,8.0,False,-13,
202210030502,2,3歳未勝利,ダ,1700,曇,重,10:35,2022-07-16,小倉,8,8,15,2019103744,サルセル,牝3,54,01128,川須栄彦,1:47.7,1/2,8-8-6-6,39.9,393.2,16,480(+10),01181,[西]茶木太樹,373008,中村祐子,,"9(11,16)(8,6,13)1(7,15)(2,14)10,4-(3,12)5",8,2,0.0,False,"9,11(8,16)(1,6,13)(7,15,14)2,10,4(3,12)5",8,3,1.5,False,"(*9,11)(13,16)8(1,15,14)(6,10)(7,2)5,12-3,4",6,3,0.0,False,"11,9,13-8,1(15,16,14)(6,10,2)(7,12,5)=3=4",6,3,8.0,False,-13,
202210030502,2,3歳未勝利,ダ,1700,曇,重,10:35,2022-07-16,小倉,9,3,5,2019106522,オリビアバローズ,牝3,54,01154,松若風馬,1:47.7,クビ,16-16-13-12,39.3,73.2,12,474(-16),01168,[西]上村洋行,859007,猪熊広次,,"9(11,16)(8,6,13)1(7,15)(2,14)10,4-(3,12)5",16,1,5.0,False,"9,11(8,16)(1,6,13)(7,15,14)2,10,4(3,12)5",16,1,4.5,False,"(*9,11)(13,16)8(1,15,14)(6,10)(7,2)5,12-3,4",13,1,0.0,False,"11,9,13-8,1(15,16,14)(6,10,2)(7,12,5)=3=4",12,3,8.0,False,-13,
202210030502,2,3歳未勝利,ダ,1700,曇,重,10:35,2022-07-16,小倉,10,6,12,2019105635,チェリーオントップ,牝3,54,01116,藤岡康太,1:47.8,クビ,14-14-14-12,39.3,183.2,14,442(-2),01061,[西]友道康夫,346031,吉田ひとみ,,"9(11,16)(8,6,13)1(7,15)(2,14)10,4-(3,12)5",14,2,5.0,False,"9,11(8,16)(1,6,13)(7,15,14)2,10,4(3,12)5",14,2,4.5,False,"(*9,11)(13,16)8(1,15,14)(6,10)(7,2)5,12-3,4",14,1,1.5,False,"11,9,13-8,1(15,16,14)(6,10,2)(7,12,5)=3=4",12,3,8.0,False,-13,
202210030502,2,3歳未勝利,ダ,1700,曇,重,10:35,2022-07-16,小倉,11,4,7,2019106161,ルクスアモール,牝3,54,01168,富田暁,1:49.0,7,8-8-11-12,40.7,54.7,10,468(0),01058,[西]大久保龍,397803,ルクス,,"9(11,16)(8,6,13)1(7,15)(2,14)10,4-(3,12)5",8,2,0.0,False,"9,11(8,16)(1,6,13)(7,15,14)2,10,4(3,12)5",8,3,1.5,False,"(*9,11)(13,16)8(1,15,14)(6,10)(7,2)5,12-3,4",11,2,0.0,False,"11,9,13-8,1(15,16,14)(6,10,2)(7,12,5)=3=4",12,3,8.0,False,-13,
202210030502,2,3歳未勝利,ダ,1700,曇,重,10:35,2022-07-16,小倉,12,2,3,2019102500,ソフィアコール,牝3,50,01193,今村聖奈,1:49.1,3/4,14-14-15-15,40.0,24.0,8,422(-2),01085,[西]小崎憲,392803,高瀬正志,,"9(11,16)(8,6,13)1(7,15)(2,14)10,4-(3,12)5",14,2,5.0,False,"9,11(8,16)(1,6,13)(7,15,14)2,10,4(3,12)5",14,2,4.5,False,"(*9,11)(13,16)8(1,15,14)(6,10)(7,2)5,12-3,4",15,1,5.0,False,"11,9,13-8,1(15,16,14)(6,10,2)(7,12,5)=3=4",15,1,14.0,False,-13,
202210030502,2,3歳未勝利,ダ,1700,曇,重,10:35,2022-07-16,小倉,13,8,16,2019100611,ラティツィア,牝3,54,00732,幸英明,1:49.2,1/2,2-3-3-6,41.8,177.0,13,484(0),01039,[西]中竹和也,788800,ノースヒルズ,,"9(11,16)(8,6,13)1(7,15)(2,14)10,4-(3,12)5",2,2,0.0,False,"9,11(8,16)(1,6,13)(7,15,14)2,10,4(3,12)5",3,2,1.5,False,"(*9,11)(13,16)8(1,15,14)(6,10)(7,2)5,12-3,4",3,2,0.0,False,"11,9,13-8,1(15,16,14)(6,10,2)(7,12,5)=3=4",6,3,8.0,False,-13,
202210030502,2,3歳未勝利,ダ,1700,曇,重,10:35,2022-07-16,小倉,14,3,6,2019106610,メイショウセロジネ,牝3,52,01185,小沢大仁,1:49.6,2.1/2,4-5-9-9,41.5,70.7,11,438(-2),01083,[西]松永昌博,523005,松本好雄,,"9(11,16)(8,6,13)1(7,15)(2,14)10,4-(3,12)5",4,3,0.0,False,"9,11(8,16)(1,6,13)(7,15,14)2,10,4(3,12)5",5,3,1.5,False,"(*9,11)(13,16)8(1,15,14)(6,10)(7,2)5,12-3,4",9,2,0.0,False,"11,9,13-8,1(15,16,14)(6,10,2)(7,12,5)=3=4",9,3,8.0,False,-13,
202210030502,2,3歳未勝利,ダ,1700,曇,重,10:35,2022-07-16,小倉,15,5,10,2019102597,ミスオタワ,牝3,54,01156,加藤祥太,1:49.8,1.1/4,12-12-9-9,41.8,19.7,7,448(-18),01157,[西]杉山晴紀,550008,高田博,,"9(11,16)(8,6,13)1(7,15)(2,14)10,4-(3,12)5",12,1,0.0,False,"9,11(8,16)(1,6,13)(7,15,14)2,10,4(3,12)5",12,1,3.0,False,"(*9,11)(13,16)8(1,15,14)(6,10)(7,2)5,12-3,4",9,2,0.0,False,"11,9,13-8,1(15,16,14)(6,10,2)(7,12,5)=3=4",9,3,8.0,False,-13,
202210030502,2,3歳未勝利,ダ,1700,曇,重,10:35,2022-07-16,小倉,16,2,4,2019101462,シエラメンテ,牝3,51,01195,川端海翼,1:50.3,3,13-13-16-16,41.1,220.1,15,476(+2),01138,[西]浜田多実,815033,木部厳生,,"9(11,16)(8,6,13)1(7,15)(2,14)10,4-(3,12)5",13,1,1.5,False,"9,11(8,16)(1,6,13)(7,15,14)2,10,4(3,12)5",13,1,4.5,False,"(*9,11)(13,16)8(1,15,14)(6,10)(7,2)5,12-3,4",16,1,6.5,False,"11,9,13-8,1(15,16,14)(6,10,2)(7,12,5)=3=4",16,1,20.0,False,-13,
202210030503,3,3歳未勝利,芝,1800,曇,稍重,11:05,2022-07-16,小倉,1,3,6,2019104872,オーダーナチュラル,牡3,52,01193,今村聖奈,1:48.0,,7-5-5-4,35.3,5.0,3,442(-4),01136,[西]高橋亮,415800,社台レースホース,520.0,"15,16(8,9,13)5(7,6)2(10,11)1,12(3,4,14)",7,2,1.5,False,"15,16(8,13)(5,9,6)(2,7)(10,11)(1,12)(3,4,14)",5,3,1.5,False,"15(8,16,13)(9,6)(5,11)(7,12)2,4(1,10,14)3",5,2,0.0,False,"(15,*16,13)(8,6)(9,12)(5,11)(2,4)-1(3,7,10)14",4,2,0.0,False,-10,
202210030503,3,3歳未勝利,芝,1800,曇,稍重,11:05,2022-07-16,小倉,2,8,16,2019105384,ダノンマイソウル,牡3,56,01163,坂井瑠星,1:48.0,アタマ,2-2-2-1,35.6,6.6,4,526(+12),01075,[西]矢作芳人,619800,ダノックス,210.0,"15,16(8,9,13)5(7,6)2(10,11)1,12(3,4,14)",2,1,1.5,False,"15,16(8,13)(5,9,6)(2,7)(10,11)(1,12)(3,4,14)",2,1,1.5,False,"15(8,16,13)(9,6)(5,11)(7,12)2,4(1,10,14)3",2,3,0.0,False,"(15,*16,13)(8,6)(9,12)(5,11)(2,4)-1(3,7,10)14",1,3,0.0,True,-10,
202210030503,3,3歳未勝利,芝,1800,曇,稍重,11:05,2022-07-16,小倉,3,4,8,2019106321,アオイゴールドワン,牡3,56,01018,和田竜二,1:48.0,ハナ,3-3-2-4,35.5,2.2,1,464(0),01110,[西]清水久詞,443033,新谷幸義,130.0,"15,16(8,9,13)5(7,6)2(10,11)1,12(3,4,14)",3,3,1.5,False,"15,16(8,13)(5,9,6)(2,7)(10,11)(1,12)(3,4,14)",3,2,1.5,False,"15(8,16,13)(9,6)(5,11)(7,12)2,4(1,10,14)3",2,3,0.0,False,"(15,*16,13)(8,6)(9,12)(5,11)(2,4)-1(3,7,10)14",4,2,0.0,False,-10,
202210030503,3,3歳未勝利,芝,1800,曇,稍重,11:05,2022-07-16,小倉,4,5,9,2019104061,マノンルージュ,牡3,56,01116,藤岡康太,1:48.0,アタマ,3-5-5-6,35.3,19.8,6,466(+10),01098,[西]野中賢二,948030,間野隆司,78.0,"15,16(8,9,13)5(7,6)2(10,11)1,12(3,4,14)",3,3,1.5,False,"15,16(8,13)(5,9,6)(2,7)(10,11)(1,12)(3,4,14)",5,3,1.5,False,"15(8,16,13)(9,6)(5,11)(7,12)2,4(1,10,14)3",5,2,0.0,False,"(15,*16,13)(8,6)(9,12)(5,11)(2,4)-1(3,7,10)14",6,2,0.0,False,-10,
202210030503,3,3歳未勝利,芝,1800,曇,稍重,11:05,2022-07-16,小倉,5,6,12,2019106746,サウンドエトワール,牝3,54,01125,国分優作,1:48.1,3/4,13-12-9-6,34.9,142.4,13,442(-2),01155,[西]渡辺薫彦,168006,増田雄一,52.0,"15,16(8,9,13)5(7,6)2(10,11)1,12(3,4,14)",13,1,3.0,False,"15,16(8,13)(5,9,6)(2,7)(10,11)(1,12)(3,4,14)",12,2,1.5,False,"15(8,16,13)(9,6)(5,11)(7,12)2,4(1,10,14)3",9,2,0.0,False,"(15,*16,13)(8,6)(9,12)(5,11)(2,4)-1(3,7,10)14",6,2,0.0,False,-10,
202210030503,3,3歳未勝利,芝,1800,曇,稍重,11:05,2022-07-16,小倉,6,7,13,2019106107,チョッピー,牝3,54,01126,松山弘平,1:48.4,1.1/2,3-3-2-2,35.9,4.6,2,448(0),01078,[西]北出成人,370008,岡浩二,,"15,16(8,9,13)5(7,6)2(10,11)1,12(3,4,14)",3,3,1.5,False,"15,16(8,13)(5,9,6)(2,7)(10,11)(1,12)(3,4,14)",3,2,1.5,False,"15(8,16,13)(9,6)(5,11)(7,12)2,4(1,10,14)3",2,3,0.0,False,"(15,*16,13)(8,6)(9,12)(5,11)(2,4)-1(3,7,10)14",2,3,0.0,False,-10,
202210030503,3,3歳未勝利,芝,1800,曇,稍重,11:05,2022-07-16,小倉,7,1,2,2019103289,ティグル,牡3,53,01172,服部寿希,1:48.4,クビ,9-8-11-10,35.1,9.6,5,458(+2),01039,[西]中竹和也,944030,加藤誠,,"15,16(8,9,13)5(7,6)2(10,11)1,12(3,4,14)",9,1,1.5,False,"15,16(8,13)(5,9,6)(2,7)(10,11)(1,12)(3,4,14)",8,2,1.5,False,"15(8,16,13)(9,6)(5,11)(7,12)2,4(1,10,14)3",11,1,0.0,False,"(15,*16,13)(8,6)(9,12)(5,11)(2,4)-1(3,7,10)14",10,2,0.0,False,-10,
202210030503,3,3歳未勝利,芝,1800,曇,稍重,11:05,2022-07-16,小倉,8,2,4,2019100649,アリアンロッド,牝3,54,01124,国分恭介,1:48.5,1/2,14-14-12-10,35.1,112.0,10,486(-4),01046,[西]鮫島一歩,788800,ノースヒルズ,,"15,16(8,9,13)5(7,6)2(10,11)1,12(3,4,14)",14,3,3.0,False,"15,16(8,13)(5,9,6)(2,7)(10,11)(1,12)(3,4,14)",14,3,1.5,False,"15(8,16,13)(9,6)(5,11)(7,12)2,4(1,10,14)3",12,1,1.5,False,"(15,*16,13)(8,6)(9,12)(5,11)(2,4)-1(3,7,10)14",10,2,0.0,False,-10,
202210030503,3,3歳未勝利,芝,1800,曇,稍重,11:05,2022-07-16,小倉,9,6,11,2019106972,ロストボール,セ3,56,01165,森裕太朗,1:48.8,1.1/2,10-10-7-8,35.8,390.3,15,402(0),01185,[西]小林真也,333031,大田恭充,,"15,16(8,9,13)5(7,6)2(10,11)1,12(3,4,14)",10,2,1.5,False,"15,16(8,13)(5,9,6)(2,7)(10,11)(1,12)(3,4,14)",10,2,1.5,False,"15(8,16,13)(9,6)(5,11)(7,12)2,4(1,10,14)3",7,2,0.0,False,"(15,*16,13)(8,6)(9,12)(5,11)(2,4)-1(3,7,10)14",8,2,0.0,False,-10,
202210030503,3,3歳未勝利,芝,1800,曇,稍重,11:05,2022-07-16,小倉,10,2,3,2019106617,サンライズルーチェ,牡3,56,01168,富田暁,1:48.8,ハナ,14-14-16-13,34.9,87.5,9,508(-4),01072,[西]河内洋,306008,松岡隆雄,,"15,16(8,9,13)5(7,6)2(10,11)1,12(3,4,14)",14,3,3.0,False,"15,16(8,13)(5,9,6)(2,7)(10,11)(1,12)(3,4,14)",14,3,1.5,False,"15(8,16,13)(9,6)(5,11)(7,12)2,4(1,10,14)3",16,1,1.5,False,"(15,*16,13)(8,6)(9,12)(5,11)(2,4)-1(3,7,10)14",13,3,3.5,False,-10,
202210030503,3,3歳未勝利,芝,1800,曇,稍重,11:05,2022-07-16,小倉,11,1,1,2019106501,フレイエ,牡3,53,01199,角田大河,1:48.9,3/4,12-12-13-12,35.2,266.1,14,464(0),01032,[西]大根田裕,548033,奥裕嗣,,"15,16(8,9,13)5(7,6)2(10,11)1,12(3,4,14)",12,1,1.5,False,"15,16(8,13)(5,9,6)(2,7)(10,11)(1,12)(3,4,14)",12,2,1.5,False,"15(8,16,13)(9,6)(5,11)(7,12)2,4(1,10,14)3",13,3,1.5,False,"(15,*16,13)(8,6)(9,12)(5,11)(2,4)-1(3,7,10)14",12,1,3.5,False,-10,
202210030503,3,3歳未勝利,芝,1800,曇,稍重,11:05,2022-07-16,小倉,12,3,5,2019105636,オーウェンバローズ,牡3,56,01171,西村淳也,1:49.1,1.1/2,6-5-7-8,36.1,41.1,7,448(-10),01183,[西]辻野泰之,859007,猪熊広次,,"15,16(8,9,13)5(7,6)2(10,11)1,12(3,4,14)",6,1,1.5,False,"15,16(8,13)(5,9,6)(2,7)(10,11)(1,12)(3,4,14)",5,3,1.5,False,"15(8,16,13)(9,6)(5,11)(7,12)2,4(1,10,14)3",7,2,0.0,False,"(15,*16,13)(8,6)(9,12)(5,11)(2,4)-1(3,7,10)14",8,2,0.0,False,-10,
202210030503,3,3歳未勝利,芝,1800,曇,稍重,11:05,2022-07-16,小倉,13,5,10,2019103032,ブーケコサージュ,牝3,54,01099,鮫島良太,1:49.7,3.1/2,10-10-13-13,36.0,137.8,12,422(-6),01164,[西]安田翔伍,170800,ロードホースクラブ,,"15,16(8,9,13)5(7,6)2(10,11)1,12(3,4,14)",10,2,1.5,False,"15,16(8,13)(5,9,6)(2,7)(10,11)(1,12)(3,4,14)",10,2,1.5,False,"15(8,16,13)(9,6)(5,11)(7,12)2,4(1,10,14)3",13,3,1.5,False,"(15,*16,13)(8,6)(9,12)(5,11)(2,4)-1(3,7,10)14",13,3,3.5,False,-10,
202210030503,3,3歳未勝利,芝,1800,曇,稍重,11:05,2022-07-16,小倉,14,8,15,2019100144,メイマックス,セ3,56,01037,太宰啓介,1:49.9,1.1/4,1-1-1-2,37.6,529.8,16,444(-6),01044,[西]昆貢,768005,古賀和夫,,"15,16(8,9,13)5(7,6)2(10,11)1,12(3,4,14)",1,1,0.0,False,"15,16(8,13)(5,9,6)(2,7)(10,11)(1,12)(3,4,14)",1,1,0.0,False,"15(8,16,13)(9,6)(5,11)(7,12)2,4(1,10,14)3",1,1,0.0,False,"(15,*16,13)(8,6)(9,12)(5,11)(2,4)-1(3,7,10)14",2,3,0.0,False,-10,
202210030503,3,3歳未勝利,芝,1800,曇,稍重,11:05,2022-07-16,小倉,15,7,14,2019101728,アスペッタティーバ,牡3,56,01154,松若風馬,1:52.6,大,14-14-13-16,38.9,114.4,11,532(0),00427,[西]森秀行,329803,小松達昌,,"15,16(8,9,13)5(7,6)2(10,11)1,12(3,4,14)",14,3,3.0,False,"15,16(8,13)(5,9,6)(2,7)(10,11)(1,12)(3,4,14)",14,3,1.5,False,"15(8,16,13)(9,6)(5,11)(7,12)2,4(1,10,14)3",13,3,1.5,False,"(15,*16,13)(8,6)(9,12)(5,11)(2,4)-1(3,7,10)14",16,1,3.5,False,-10,
202210030503,3,3歳未勝利,芝,1800,曇,稍重,11:05,2022-07-16,小倉,16,4,7,2019105520,レッドヴェルティス,牡3,56,01174,岩田望来,1:52.8,1.1/2,7-8-9-13,39.7,49.4,8,488(-12),01061,[西]友道康夫,180800,東京ホースレーシング,,"15,16(8,9,13)5(7,6)2(10,11)1,12(3,4,14)",7,2,1.5,False,"15,16(8,13)(5,9,6)(2,7)(10,11)(1,12)(3,4,14)",8,2,1.5,False,"15(8,16,13)(9,6)(5,11)(7,12)2,4(1,10,14)3",9,2,0.0,False,"(15,*16,13)(8,6)(9,12)(5,11)(2,4)-1(3,7,10)14",13,3,3.5,False,-10,
202210030504,4,3歳未勝利,ダ,1000,曇,重,11:35,2022-07-16,小倉,1,5,7,2019106682,ロックユアハート,牝3,54,01163,坂井瑠星,0:57.9,,1-1,35.3,5.0,2,458(+6),01075,[西]矢作芳人,831800,青芝商事,520.0,,,,,,,,,,,"(*7,8,10)11(1,2,12)(9,13)4(5,14)-(3,6)",1,3,0.0,True,"7(8,10)11(1,2,12)9,4(5,13)(3,14)6",1,1,0.0,False,-13,
202210030504,4,3歳未勝利,ダ,1000,曇,重,11:35,2022-07-16,小倉,2,6,10,2019103421,テイエムフェロー,牡3,56,01099,鮫島良太,0:58.0,クビ,2-2,35.4,2.0,1,488(-4),01050,[西]飯田雄三,356002,竹園正繼,210.0,,,,,,,,,,,"(*7,8,10)11(1,2,12)(9,13)4(5,14)-(3,6)",2,3,0.0,False,"7(8,10)11(1,2,12)9,4(5,13)(3,14)6",2,2,0.0,False,-13,
202210030504,4,3歳未勝利,ダ,1000,曇,重,11:35,2022-07-16,小倉,3,7,11,2019103965,ピンクムーン,牝3,52,01185,小沢大仁,0:58.3,2,4-4,35.6,7.2,4,428(-6),01155,[西]渡辺薫彦,552031,森中啓子,130.0,,,,,,,,,,,"(*7,8,10)11(1,2,12)(9,13)4(5,14)-(3,6)",4,1,0.0,False,"7(8,10)11(1,2,12)9,4(5,13)(3,14)6",4,1,0.0,False,-13,
202210030504,4,3歳未勝利,ダ,1000,曇,重,11:35,2022-07-16,小倉,4,3,3,2019105709,グッドウッドガイ,牡3,56,01141,中井裕二,0:58.5,1.1/2,13-12,34.6,14.5,5,506(+6),01107,[西]村山明,379031,栗原正章,78.0,,,,,,,,,,,"(*7,8,10)11(1,2,12)(9,13)4(5,14)-(3,6)",13,2,3.5,False,"7(8,10)11(1,2,12)9,4(5,13)(3,14)6",12,2,1.5,False,-13,
202210030504,4,3歳未勝利,ダ,1000,曇,重,11:35,2022-07-16,小倉,5,2,2,2019104477,ミティエラ,牝3,54,01116,藤岡康太,0:58.5,ハナ,5-5,35.6,22.3,6,496(+6),01168,[西]上村洋行,231033,吉田晴哉,52.0,,,,,,,,,,,"(*7,8,10)11(1,2,12)(9,13)4(5,14)-(3,6)",5,3,0.0,False,"7(8,10)11(1,2,12)9,4(5,13)(3,14)6",5,3,0.0,False,-13,
202210030504,4,3歳未勝利,ダ,1000,曇,重,11:35,2022-07-16,小倉,6,6,9,2019100051,キャプテンローレル,牡3,56,01147,城戸義政,0:58.5,ハナ,8-8,35.4,122.4,13,458(-2),01091,[西]羽月友彦,032800,ローレルレーシング,,,,,,,,,,,,"(*7,8,10)11(1,2,12)(9,13)4(5,14)-(3,6)",8,2,0.0,False,"7(8,10)11(1,2,12)9,4(5,13)(3,14)6",8,1,0.0,False,-13,
202210030504,4,3歳未勝利,ダ,1000,曇,重,11:35,2022-07-16,小倉,7,7,12,2019102554,ワンダークレイモア,牡3,56,01142,長岡禎仁,0:58.7,3/4,5-5,35.8,5.7,3,472(-2),01157,[西]杉山晴紀,184033,山本能成,,,,,,,,,,,,"(*7,8,10)11(1,2,12)(9,13)4(5,14)-(3,6)",5,3,0.0,False,"7(8,10)11(1,2,12)9,4(5,13)(3,14)6",5,3,0.0,False,-13,
202210030504,4,3歳未勝利,ダ,1000,曇,重,11:35,2022-07-16,小倉,8,5,8,2019101472,ユーフェイス,牡3,56,01126,松山弘平,0:59.1,2.1/2,2-2,36.5,31.8,7,490(+4),01111,[西]鈴木孝志,874033,ＳＴレーシング,,,,,,,,,,,,"(*7,8,10)11(1,2,12)(9,13)4(5,14)-(3,6)",2,3,0.0,False,"7(8,10)11(1,2,12)9,4(5,13)(3,14)6",2,2,0.0,False,-13,
202210030504,4,3歳未勝利,ダ,1000,曇,重,11:35,2022-07-16,小倉,9,3,4,2019106669,サザンクロスナイト,牡3,52,01193,今村聖奈,0:59.1,クビ,10-9,35.8,66.4,11,472(-2),01066,[西]岡田稲男,851007,山上和良,,,,,,,,,,,,"(*7,8,10)11(1,2,12)(9,13)4(5,14)-(3,6)",10,1,0.0,False,"7(8,10)11(1,2,12)9,4(5,13)(3,14)6",9,1,1.5,False,-13,
202210030504,4,3歳未勝利,ダ,1000,曇,重,11:35,2022-07-16,小倉,10,4,5,2019102342,サンライズモストロ,牡3,56,01018,和田竜二,0:59.1,ハナ,11-10,35.6,90.5,12,492(-18),01091,[西]羽月友彦,306008,松岡隆雄,,,,,,,,,,,,"(*7,8,10)11(1,2,12)(9,13)4(5,14)-(3,6)",11,2,0.0,False,"7(8,10)11(1,2,12)9,4(5,13)(3,14)6",10,2,1.5,False,-13,
202210030504,4,3歳未勝利,ダ,1000,曇,重,11:35,2022-07-16,小倉,11,4,6,2019106426,ニホンピロペリー,牡3,56,01124,国分恭介,0:59.2,1/2,13-14,35.3,46.2,9,476(+6),01040,[西]服部利之,587031,小林英一,,,,,,,,,,,,"(*7,8,10)11(1,2,12)(9,13)4(5,14)-(3,6)",13,2,3.5,False,"7(8,10)11(1,2,12)9,4(5,13)(3,14)6",14,1,1.5,False,-13,
202210030504,4,3歳未勝利,ダ,1000,曇,重,11:35,2022-07-16,小倉,12,8,13,2019101473,スペースザリッパー,牡3,56,00732,幸英明,0:59.6,2.1/2,8-10,36.4,31.9,8,510(-6),01087,[西]庄野靖志,346803,吉澤ホールディングス,,,,,,,,,,,,"(*7,8,10)11(1,2,12)(9,13)4(5,14)-(3,6)",8,2,0.0,False,"7(8,10)11(1,2,12)9,4(5,13)(3,14)6",10,2,1.5,False,-13,
202210030504,4,3歳未勝利,ダ,1000,曇,重,11:35,2022-07-16,小倉,13,8,14,2019102825,メイショウベレー,牝3,52,01191,松本大輝,0:59.7,クビ,11-12,36.2,269.4,14,440(+2),01041,[西]藤沢則雄,523005,松本好雄,,,,,,,,,,,,"(*7,8,10)11(1,2,12)(9,13)4(5,14)-(3,6)",11,2,0.0,False,"7(8,10)11(1,2,12)9,4(5,13)(3,14)6",12,2,1.5,False,-13,
202210030504,4,3歳未勝利,ダ,1000,曇,重,11:35,2022-07-16,小倉,14,1,1,2019102536,シンシナティ,牝3,53,01176,亀田温心,1:00.0,2,5-5,37.1,60.3,10,444(+6),01032,[西]大根田裕,208033,中西桂子,,,,,,,,,,,,"(*7,8,10)11(1,2,12)(9,13)4(5,14)-(3,6)",5,3,0.0,False,"7(8,10)11(1,2,12)9,4(5,13)(3,14)6",5,3,0.0,False,-13,
202210030505,5,2歳新馬,芝,1800,晴,良,12:25,2022-07-16,小倉,1,6,6,2020105626,コンクシェル,牝2,54,01014,福永祐一,1:48.4,,6-6-6-4,35.4,6.3,4,444(0),01110,[西]清水久詞,041002,前田晋二,700.0,"(*1,5)(3,7)4,6-2",6,1,1.5,False,"1,5(3,7)-4(6,2)",6,2,5.0,False,"(*1,5)(3,7)2(4,6)",6,2,0.0,False,"(*1,5,7)(3,6,2)-4",4,3,0.0,False,-10,Aコース5日目。やや速い時計が出る馬場だが先週ほどではない。外目を通した先行・差し馬が徐々に台頭していった。
202210030505,5,2歳新馬,芝,1800,晴,良,12:25,2022-07-16,小倉,2,7,7,2020101555,サトノキャサリン,牝2,54,01163,坂井瑠星,1:48.7,2,3-3-3-2,36.1,17.8,5,426(0),01130,[西]吉村圭司,075803,サトミホースカンパニ...,280.0,"(*1,5)(3,7)4,6-2",3,2,0.0,False,"1,5(3,7)-4(6,2)",3,2,1.5,False,"(*1,5)(3,7)2(4,6)",3,2,0.0,False,"(*1,5,7)(3,6,2)-4",2,3,0.0,False,-10,Aコース5日目。やや速い時計が出る馬場だが先週ほどではない。外目を通した先行・差し馬が徐々に台頭していった。
202210030505,5,2歳新馬,芝,1800,晴,良,12:25,2022-07-16,小倉,3,3,3,2020103441,フラッシングレート,牝2,54,01018,和田竜二,1:49.1,2.1/2,3-3-3-4,36.4,4.1,2,468(0),01002,[西]音無秀孝,790005,吉田勝己,180.0,"(*1,5)(3,7)4,6-2",3,2,0.0,False,"1,5(3,7)-4(6,2)",3,2,1.5,False,"(*1,5)(3,7)2(4,6)",3,2,0.0,False,"(*1,5,7)(3,6,2)-4",4,3,0.0,False,-10,Aコース5日目。やや速い時計が出る馬場だが先週ほどではない。外目を通した先行・差し馬が徐々に台頭していった。
202210030505,5,2歳新馬,芝,1800,晴,良,12:25,2022-07-16,小倉,4,4,4,2020104534,ネーブル,牝2,50,01193,今村聖奈,1:49.3,1.1/4,5-5-6-7,36.2,20.5,6,452(0),01082,[西]平田修,994002,飯田正剛,110.0,"(*1,5)(3,7)4,6-2",5,1,0.0,False,"1,5(3,7)-4(6,2)",5,1,5.0,False,"(*1,5)(3,7)2(4,6)",6,2,0.0,False,"(*1,5,7)(3,6,2)-4",7,1,3.5,False,-10,Aコース5日目。やや速い時計が出る馬場だが先週ほどではない。外目を通した先行・差し馬が徐々に台頭していった。
202210030505,5,2歳新馬,芝,1800,晴,良,12:25,2022-07-16,小倉,5,1,1,2020103607,ウインターズテイル,牝2,54,01126,松山弘平,1:49.4,1/2,1-1-1-1,37.0,5.3,3,450(0),01176,[西]吉岡辰弥,486800,キャロットファーム,70.0,"(*1,5)(3,7)4,6-2",1,2,0.0,True,"1,5(3,7)-4(6,2)",1,1,0.0,False,"(*1,5)(3,7)2(4,6)",1,2,0.0,True,"(*1,5,7)(3,6,2)-4",1,3,0.0,True,-10,Aコース5日目。やや速い時計が出る馬場だが先週ほどではない。外目を通した先行・差し馬が徐々に台頭していった。
202210030505,5,2歳新馬,芝,1800,晴,良,12:25,2022-07-16,小倉,6,2,2,2020103561,エルモサミオ,牝2,54,01088,川田将雅,1:49.8,2.1/2,7-6-5-4,37.0,2.1,1,480(0),01164,[西]安田翔伍,849030,山口功一郎,,"(*1,5)(3,7)4,6-2",7,1,5.0,False,"1,5(3,7)-4(6,2)",6,2,5.0,False,"(*1,5)(3,7)2(4,6)",5,1,0.0,False,"(*1,5,7)(3,6,2)-4",4,3,0.0,False,-10,Aコース5日目。やや速い時計が出る馬場だが先週ほどではない。外目を通した先行・差し馬が徐々に台頭していった。
202210030505,5,2歳新馬,芝,1800,晴,良,12:25,2022-07-16,小倉,7,5,5,2020102297,マロンアルジャン,牝2,54,01174,岩田望来,1:49.8,クビ,2-2-2-2,37.3,38.5,7,444(0),01123,[西]牧田和弥,188800,ＹＧＧホースクラブ,,"(*1,5)(3,7)4,6-2",2,2,0.0,False,"1,5(3,7)-4(6,2)",2,1,1.5,False,"(*1,5)(3,7)2(4,6)",2,2,0.0,False,"(*1,5,7)(3,6,2)-4",2,3,0.0,False,-10,Aコース5日目。やや速い時計が出る馬場だが先週ほどではない。外目を通した先行・差し馬が徐々に台頭していった。
202210030506,6,2歳新馬,芝,1200,晴,良,12:55,2022-07-16,小倉,1,1,1,2020105534,タガノタント,牡2,54,01018,和田竜二,1:08.8,,2-2,34.4,4.6,2,510(0),01111,[西]鈴木孝志,859002,八木良司,700.0,,,,,,,,,,,"6(1,7)4(5,8)2=3",2,2,0.0,False,"(*6,1)(4,7)(2,5,8)=3",2,2,0.0,False,-10,Aコース5日目。やや速い時計が出る馬場だが先週ほどではない。外目を通した先行・差し馬が徐々に台頭していった。
202210030506,6,2歳新馬,芝,1200,晴,良,12:55,2022-07-16,小倉,2,6,6,2020103284,トールキン,牡2,54,01126,松山弘平,1:08.9,クビ,1-1,34.6,5.6,3,488(0),01028,[西]西園正都,790005,吉田勝己,280.0,,,,,,,,,,,"6(1,7)4(5,8)2=3",1,1,0.0,False,"(*6,1)(4,7)(2,5,8)=3",1,2,0.0,True,-10,Aコース5日目。やや速い時計が出る馬場だが先週ほどではない。外目を通した先行・差し馬が徐々に台頭していった。
202210030506,6,2歳新馬,芝,1200,晴,良,12:55,2022-07-16,小倉,3,8,8,2020104572,ペイシャフラワー,牝2,50,01187,永島まな,1:09.9,6,5-5,35.2,12.1,5,454(0),01135,[西]高橋康之,163002,北所直人,180.0,,,,,,,,,,,"6(1,7)4(5,8)2=3",5,2,0.0,False,"(*6,1)(4,7)(2,5,8)=3",5,3,0.0,False,-10,Aコース5日目。やや速い時計が出る馬場だが先週ほどではない。外目を通した先行・差し馬が徐々に台頭していった。
202210030506,6,2歳新馬,芝,1200,晴,良,12:55,2022-07-16,小倉,4,7,7,2020102932,タロントゥーズ,牡2,54,01088,川田将雅,1:10.1,1.1/4,2-3,35.6,1.9,1,450(0),01058,[西]大久保龍,041002,前田晋二,110.0,,,,,,,,,,,"6(1,7)4(5,8)2=3",2,2,0.0,False,"(*6,1)(4,7)(2,5,8)=3",3,2,0.0,False,-10,Aコース5日目。やや速い時計が出る馬場だが先週ほどではない。外目を通した先行・差し馬が徐々に台頭していった。
202210030506,6,2歳新馬,芝,1200,晴,良,12:55,2022-07-16,小倉,5,4,4,2020103952,ラコンチャ,牡2,54,00732,幸英明,1:10.7,3.1/2,4-3,36.1,7.8,4,444(0),01032,[西]大根田裕,548033,奥裕嗣,70.0,,,,,,,,,,,"6(1,7)4(5,8)2=3",4,1,0.0,False,"(*6,1)(4,7)(2,5,8)=3",3,2,0.0,False,-10,Aコース5日目。やや速い時計が出る馬場だが先週ほどではない。外目を通した先行・差し馬が徐々に台頭していった。
202210030506,6,2歳新馬,芝,1200,晴,良,12:55,2022-07-16,小倉,6,5,5,2020105532,タガノヴィクター,牡2,54,01124,国分恭介,1:10.8,3/4,5-5,36.0,16.3,6,478(0),00425,[西]加用正,859002,八木良司,,,,,,,,,,,,"6(1,7)4(5,8)2=3",5,2,0.0,False,"(*6,1)(4,7)(2,5,8)=3",5,3,0.0,False,-10,Aコース5日目。やや速い時計が出る馬場だが先週ほどではない。外目を通した先行・差し馬が徐々に台頭していった。
202210030506,6,2歳新馬,芝,1200,晴,良,12:55,2022-07-16,小倉,7,2,2,2020106141,エスオールージュ,牝2,52,01185,小沢大仁,1:10.9,クビ,7-5,35.9,111.6,8,448(0),01041,[西]藤沢則雄,150031,岡本昌市,,,,,,,,,,,,"6(1,7)4(5,8)2=3",7,1,0.0,False,"(*6,1)(4,7)(2,5,8)=3",5,3,0.0,False,-10,Aコース5日目。やや速い時計が出る馬場だが先週ほどではない。外目を通した先行・差し馬が徐々に台頭していった。
202210030506,6,2歳新馬,芝,1200,晴,良,12:55,2022-07-16,小倉,8,3,3,2020109142,カシノニケ,牝2,54,01141,中井裕二,1:14.1,大,8-8,37.9,95.7,7,462(0),01187,[東]西田雄一,514009,柏木務,,,,,,,,,,,,"6(1,7)4(5,8)2=3",8,1,6.0,False,"(*6,1)(4,7)(2,5,8)=3",8,1,6.0,False,-10,Aコース5日目。やや速い時計が出る馬場だが先週ほどではない。外目を通した先行・差し馬が徐々に台頭していった。
202210030507,7,3歳未勝利,芝,2000,晴,良,13:25,2022-07-16,小倉,1,6,11,2019104850,バレエマスター,牡3,56,01116,藤岡康太,1:59.2,,8-9-5-3,35.2,15.5,5,464(-8),01084,[西]梅田智之,758005,吉田照哉,520.0,"14,12,2(5,13)4,17(3,7,11)-(1,15)-(6,8)9,16,10,18",8,3,4.5,False,"(*14,12)(2,13)5(4,17)7,11,3(1,15)8,6,9-(18,16)-10",9,1,1.5,False,"(*14,12,13)2(5,11)(4,7,9)-(1,8,17,3)(18,15)10(6,16)",5,2,0.0,False,"(*12,13)(2,11)(14,9)(5,8)7,4(18,3)(1,15)10-(6,16)17",3,2,0.0,False,-12,Aコース5日目。やや速い時計が出る馬場だが先週ほどではない。外目を通した先行・差し馬が徐々に台頭していった。
202210030507,7,3歳未勝利,芝,2000,晴,良,13:25,2022-07-16,小倉,2,4,8,2019105349,ルージュラジョア,牝3,54,01088,川田将雅,1:59.6,2,13-13-10-7,35.0,2.1,1,452(0),01148,[西]西村真幸,180800,東京ホースレーシング,210.0,"14,12,2(5,13)4,17(3,7,11)-(1,15)-(6,8)9,16,10,18",13,2,11.5,False,"(*14,12)(2,13)5(4,17)7,11,3(1,15)8,6,9-(18,16)-10",13,1,3.0,False,"(*14,12,13)2(5,11)(4,7,9)-(1,8,17,3)(18,15)10(6,16)",10,4,3.5,False,"(*12,13)(2,11)(14,9)(5,8)7,4(18,3)(1,15)10-(6,16)17",7,2,0.0,False,-12,Aコース5日目。やや速い時計が出る馬場だが先週ほどではない。外目を通した先行・差し馬が徐々に台頭していった。
202210030507,7,3歳未勝利,芝,2000,晴,良,13:25,2022-07-16,小倉,3,1,2,2019102044,エルゲルージ,牡3,56,01163,坂井瑠星,1:59.7,1,3-3-4-3,35.8,2.8,2,500(-10),01166,[西]石坂公一,689033,犬塚悠治郎,130.0,"14,12,2(5,13)4,17(3,7,11)-(1,15)-(6,8)9,16,10,18",3,1,3.0,False,"(*14,12)(2,13)5(4,17)7,11,3(1,15)8,6,9-(18,16)-10",3,2,0.0,False,"(*14,12,13)2(5,11)(4,7,9)-(1,8,17,3)(18,15)10(6,16)",4,1,0.0,False,"(*12,13)(2,11)(14,9)(5,8)7,4(18,3)(1,15)10-(6,16)17",3,2,0.0,False,-12,Aコース5日目。やや速い時計が出る馬場だが先週ほどではない。外目を通した先行・差し馬が徐々に台頭していった。
202210030507,7,3歳未勝利,芝,2000,晴,良,13:25,2022-07-16,小倉,4,5,9,2019101866,ヴァレプロフォンダ,牡3,56,01018,和田竜二,2:00.0,1.1/2,15-15-7-5,35.8,8.4,3,496(+4),01157,[西]杉山晴紀,003060,ゴドルフィン,78.0,"14,12,2(5,13)4,17(3,7,11)-(1,15)-(6,8)9,16,10,18",15,1,11.5,False,"(*14,12)(2,13)5(4,17)7,11,3(1,15)8,6,9-(18,16)-10",15,1,6.0,False,"(*14,12,13)2(5,11)(4,7,9)-(1,8,17,3)(18,15)10(6,16)",7,3,0.0,False,"(*12,13)(2,11)(14,9)(5,8)7,4(18,3)(1,15)10-(6,16)17",5,2,0.0,False,-12,Aコース5日目。やや速い時計が出る馬場だが先週ほどではない。外目を通した先行・差し馬が徐々に台頭していった。
202210030507,7,3歳未勝利,芝,2000,晴,良,13:25,2022-07-16,小倉,5,7,13,2019105179,スタローン,牡3,52,01193,今村聖奈,2:00.2,1,4-3-2-2,36.4,16.5,6,474(+8),01160,[西]武幸四郎,550033,大野照旺,52.0,"14,12,2(5,13)4,17(3,7,11)-(1,15)-(6,8)9,16,10,18",4,2,3.0,False,"(*14,12)(2,13)5(4,17)7,11,3(1,15)8,6,9-(18,16)-10",3,2,0.0,False,"(*14,12,13)2(5,11)(4,7,9)-(1,8,17,3)(18,15)10(6,16)",2,3,0.0,False,"(*12,13)(2,11)(14,9)(5,8)7,4(18,3)(1,15)10-(6,16)17",2,2,0.0,False,-12,Aコース5日目。やや速い時計が出る馬場だが先週ほどではない。外目を通した先行・差し馬が徐々に台頭していった。
202210030507,7,3歳未勝利,芝,2000,晴,良,13:25,2022-07-16,小倉,6,8,18,2019103333,バクシンフォワード,牡3,56,01180,団野大成,2:00.5,2,18-16-14-11,35.7,59.3,9,454(0),01110,[西]清水久詞,053803,杉山忠国,,"14,12,2(5,13)4,17(3,7,11)-(1,15)-(6,8)9,16,10,18",18,1,16.0,False,"(*14,12)(2,13)5(4,17)7,11,3(1,15)8,6,9-(18,16)-10",16,2,9.5,False,"(*14,12,13)2(5,11)(4,7,9)-(1,8,17,3)(18,15)10(6,16)",14,2,3.5,False,"(*12,13)(2,11)(14,9)(5,8)7,4(18,3)(1,15)10-(6,16)17",11,2,1.5,False,-12,Aコース5日目。やや速い時計が出る馬場だが先週ほどではない。外目を通した先行・差し馬が徐々に台頭していった。
202210030507,7,3歳未勝利,芝,2000,晴,良,13:25,2022-07-16,小倉,7,6,12,2019103232,ニシノクレセント,牡3,56,00732,幸英明,2:00.7,1.1/4,2-2-2-1,37.0,14.3,4,502(-6),01173,[西]長谷川浩,897009,西山茂行,,"14,12,2(5,13)4,17(3,7,11)-(1,15)-(6,8)9,16,10,18",2,1,1.5,False,"(*14,12)(2,13)5(4,17)7,11,3(1,15)8,6,9-(18,16)-10",2,2,0.0,False,"(*14,12,13)2(5,11)(4,7,9)-(1,8,17,3)(18,15)10(6,16)",2,3,0.0,False,"(*12,13)(2,11)(14,9)(5,8)7,4(18,3)(1,15)10-(6,16)17",1,2,0.0,True,-12,Aコース5日目。やや速い時計が出る馬場だが先週ほどではない。外目を通した先行・差し馬が徐々に台頭していった。
202210030507,7,3歳未勝利,芝,2000,晴,良,13:25,2022-07-16,小倉,8,2,3,2019103745,アイスソード,牡3,53,01199,角田大河,2:00.7,クビ,8-10-10-11,36.1,272.7,15,446(+2),01130,[西]吉村圭司,943030,橋元勇氣,,"14,12,2(5,13)4,17(3,7,11)-(1,15)-(6,8)9,16,10,18",8,3,4.5,False,"(*14,12)(2,13)5(4,17)7,11,3(1,15)8,6,9-(18,16)-10",10,1,3.0,False,"(*14,12,13)2(5,11)(4,7,9)-(1,8,17,3)(18,15)10(6,16)",10,4,3.5,False,"(*12,13)(2,11)(14,9)(5,8)7,4(18,3)(1,15)10-(6,16)17",11,2,1.5,False,-12,Aコース5日目。やや速い時計が出る馬場だが先週ほどではない。外目を通した先行・差し馬が徐々に台頭していった。
202210030507,7,3歳未勝利,芝,2000,晴,良,13:25,2022-07-16,小倉,9,7,15,2019103575,ムーンスター,牝3,54,01102,北村友一,2:01.1,2,11-11-14-13,36.2,222.8,11,424(-6),01046,[西]鮫島一歩,504007,田島政光,,"14,12,2(5,13)4,17(3,7,11)-(1,15)-(6,8)9,16,10,18",11,2,8.0,False,"(*14,12)(2,13)5(4,17)7,11,3(1,15)8,6,9-(18,16)-10",11,2,3.0,False,"(*14,12,13)2(5,11)(4,7,9)-(1,8,17,3)(18,15)10(6,16)",14,2,3.5,False,"(*12,13)(2,11)(14,9)(5,8)7,4(18,3)(1,15)10-(6,16)17",13,2,1.5,False,-12,Aコース5日目。やや速い時計が出る馬場だが先週ほどではない。外目を通した先行・差し馬が徐々に台頭していった。
202210030507,7,3歳未勝利,芝,2000,晴,良,13:25,2022-07-16,小倉,10,3,5,2019110002,スタニングスター,牝3,54,01014,福永祐一,2:01.2,3/4,4-5-5-7,37.2,22.6,7,422(-6),01061,[西]友道康夫,415800,社台レースホース,,"14,12,2(5,13)4,17(3,7,11)-(1,15)-(6,8)9,16,10,18",4,2,3.0,False,"(*14,12)(2,13)5(4,17)7,11,3(1,15)8,6,9-(18,16)-10",5,1,0.0,False,"(*14,12,13)2(5,11)(4,7,9)-(1,8,17,3)(18,15)10(6,16)",5,2,0.0,False,"(*12,13)(2,11)(14,9)(5,8)7,4(18,3)(1,15)10-(6,16)17",7,2,0.0,False,-12,Aコース5日目。やや速い時計が出る馬場だが先週ほどではない。外目を通した先行・差し馬が徐々に台頭していった。
202210030507,7,3歳未勝利,芝,2000,晴,良,13:25,2022-07-16,小倉,11,4,7,2019101272,レイワガンタン,牡3,55,01176,亀田温心,2:02.3,7,8-8-7-9,38.1,219.1,10,458(-6),01078,[西]北出成人,853002,松本俊廣,,"14,12,2(5,13)4,17(3,7,11)-(1,15)-(6,8)9,16,10,18",8,3,4.5,False,"(*14,12)(2,13)5(4,17)7,11,3(1,15)8,6,9-(18,16)-10",8,1,0.0,False,"(*14,12,13)2(5,11)(4,7,9)-(1,8,17,3)(18,15)10(6,16)",7,3,0.0,False,"(*12,13)(2,11)(14,9)(5,8)7,4(18,3)(1,15)10-(6,16)17",9,1,0.0,False,-12,Aコース5日目。やや速い時計が出る馬場だが先週ほどではない。外目を通した先行・差し馬が徐々に台頭していった。
202210030507,7,3歳未勝利,芝,2000,晴,良,13:25,2022-07-16,小倉,12,5,10,2019103015,ロードレアル,牡3,56,01142,長岡禎仁,2:02.4,3/4,17-18-16-15,37.4,271.6,14,460(-8),01157,[西]杉山晴紀,170800,ロードホースクラブ,,"14,12,2(5,13)4,17(3,7,11)-(1,15)-(6,8)9,16,10,18",17,1,14.5,False,"(*14,12)(2,13)5(4,17)7,11,3(1,15)8,6,9-(18,16)-10",18,1,13.0,False,"(*14,12,13)2(5,11)(4,7,9)-(1,8,17,3)(18,15)10(6,16)",16,1,3.5,False,"(*12,13)(2,11)(14,9)(5,8)7,4(18,3)(1,15)10-(6,16)17",15,1,1.5,False,-12,Aコース5日目。やや速い時計が出る馬場だが先週ほどではない。外目を通した先行・差し馬が徐々に台頭していった。
202210030507,7,3歳未勝利,芝,2000,晴,良,13:25,2022-07-16,小倉,13,8,16,2019104085,メイショウカミヨシ,牝3,54,01168,富田暁,2:02.5,1/2,16-16-17-16,37.3,298.1,16,442(+4),01184,[西]四位洋文,523005,松本好雄,,"14,12,2(5,13)4,17(3,7,11)-(1,15)-(6,8)9,16,10,18",16,1,13.0,False,"(*14,12)(2,13)5(4,17)7,11,3(1,15)8,6,9-(18,16)-10",16,2,9.5,False,"(*14,12,13)2(5,11)(4,7,9)-(1,8,17,3)(18,15)10(6,16)",17,2,3.5,False,"(*12,13)(2,11)(14,9)(5,8)7,4(18,3)(1,15)10-(6,16)17",16,2,5.0,False,-12,Aコース5日目。やや速い時計が出る馬場だが先週ほどではない。外目を通した先行・差し馬が徐々に台頭していった。
202210030507,7,3歳未勝利,芝,2000,晴,良,13:25,2022-07-16,小倉,14,2,4,2019100883,ラヴァーズリング,牝3,54,01128,川須栄彦,2:04.0,9,6-6-7-10,39.8,419.0,18,472(-2),01135,[西]高橋康之,372008,三宅勝俊,,"14,12,2(5,13)4,17(3,7,11)-(1,15)-(6,8)9,16,10,18",6,1,3.0,False,"(*14,12)(2,13)5(4,17)7,11,3(1,15)8,6,9-(18,16)-10",6,2,0.0,False,"(*14,12,13)2(5,11)(4,7,9)-(1,8,17,3)(18,15)10(6,16)",7,3,0.0,False,"(*12,13)(2,11)(14,9)(5,8)7,4(18,3)(1,15)10-(6,16)17",10,1,1.5,False,-12,Aコース5日目。やや速い時計が出る馬場だが先週ほどではない。外目を通した先行・差し馬が徐々に台頭していった。
202210030507,7,3歳未勝利,芝,2000,晴,良,13:25,2022-07-16,小倉,15,1,1,2019105936,カリグラフィー,牝3,54,01130,高倉稜,2:04.2,1,11-11-10-13,39.6,304.6,17,456(-10),01180,[西]田中克典,553800,広尾レース,,"14,12,2(5,13)4,17(3,7,11)-(1,15)-(6,8)9,16,10,18",11,2,8.0,False,"(*14,12)(2,13)5(4,17)7,11,3(1,15)8,6,9-(18,16)-10",11,2,3.0,False,"(*14,12,13)2(5,11)(4,7,9)-(1,8,17,3)(18,15)10(6,16)",10,4,3.5,False,"(*12,13)(2,11)(14,9)(5,8)7,4(18,3)(1,15)10-(6,16)17",13,2,1.5,False,-12,Aコース5日目。やや速い時計が出る馬場だが先週ほどではない。外目を通した先行・差し馬が徐々に台頭していった。
202210030507,7,3歳未勝利,芝,2000,晴,良,13:25,2022-07-16,小倉,16,8,17,2019105535,シャルムランプ,牝3,52,01191,松本大輝,2:04.5,2,7-6-10-18,39.9,264.3,13,408(-2),01123,[西]牧田和弥,486800,キャロットファーム,,"14,12,2(5,13)4,17(3,7,11)-(1,15)-(6,8)9,16,10,18",7,1,4.5,False,"(*14,12)(2,13)5(4,17)7,11,3(1,15)8,6,9-(18,16)-10",6,2,0.0,False,"(*14,12,13)2(5,11)(4,7,9)-(1,8,17,3)(18,15)10(6,16)",10,4,3.5,False,"(*12,13)(2,11)(14,9)(5,8)7,4(18,3)(1,15)10-(6,16)17",18,1,5.0,False,-12,Aコース5日目。やや速い時計が出る馬場だが先週ほどではない。外目を通した先行・差し馬が徐々に台頭していった。
202210030507,7,3歳未勝利,芝,2000,晴,良,13:25,2022-07-16,小倉,17,3,6,2019103406,メイショウコウヨウ,牝3,54,01147,城戸義政,2:04.7,1.1/4,13-14-17-16,39.6,229.8,12,416(-8),01095,[西]荒川義之,523005,松本好雄,,"14,12,2(5,13)4,17(3,7,11)-(1,15)-(6,8)9,16,10,18",13,2,11.5,False,"(*14,12)(2,13)5(4,17)7,11,3(1,15)8,6,9-(18,16)-10",14,1,4.5,False,"(*14,12,13)2(5,11)(4,7,9)-(1,8,17,3)(18,15)10(6,16)",17,2,3.5,False,"(*12,13)(2,11)(14,9)(5,8)7,4(18,3)(1,15)10-(6,16)17",16,2,5.0,False,-12,Aコース5日目。やや速い時計が出る馬場だが先週ほどではない。外目を通した先行・差し馬が徐々に台頭していった。
202210030507,7,3歳未勝利,芝,2000,晴,良,13:25,2022-07-16,小倉,18,7,14,2019106824,ホープインザダーク,牡3,56,01160,荻野極,2:04.9,1,1-1-1-5,41.2,37.2,8,516(+6),01071,[西]池江泰寿,026803,ＤＭＭドリームクラブ,,"14,12,2(5,13)4,17(3,7,11)-(1,15)-(6,8)9,16,10,18",1,1,0.0,False,"(*14,12)(2,13)5(4,17)7,11,3(1,15)8,6,9-(18,16)-10",1,2,0.0,True,"(*14,12,13)2(5,11)(4,7,9)-(1,8,17,3)(18,15)10(6,16)",1,3,0.0,True,"(*12,13)(2,11)(14,9)(5,8)7,4(18,3)(1,15)10-(6,16)17",5,2,0.0,False,-12,Aコース5日目。やや速い時計が出る馬場だが先週ほどではない。外目を通した先行・差し馬が徐々に台頭していった。
202210030508,8,3歳以上1勝クラス,ダ,1700,晴,重,13:55,2022-07-16,小倉,1,8,13,2019101752,ヒロノシュン,セ3,54,01018,和田竜二,1:43.9,,2-2-2-2,37.7,3.5,2,484(-6),01003,[西]川村禎彦,936033,高原将浩,770.0,"3(4,13)2,12(6,7)(8,10)14(1,11)9,5",2,2,0.0,False,"3(4,13)2,12(6,7,10)(8,14)-11,1(5,9)",2,2,0.0,False,"(*3,13)10(6,4,14)2(8,12,11)7(1,5)9",2,2,0.0,False,"(*3,13)-6(10,11)(8,14)(1,2)(4,12,5)9,7",2,2,0.0,False,-13,
202210030508,8,3歳以上1勝クラス,ダ,1700,晴,重,13:55,2022-07-16,小倉,2,1,1,2019105211,スーパーチーフ,牡3,54,01163,坂井瑠星,1:44.8,5,11-12-12-8,37.5,7.6,3,480(-6),01151,[西]斉藤崇史,226800,サンデーレーシング,310.0,"3(4,13)2,12(6,7)(8,10)14(1,11)9,5",11,2,1.5,False,"3(4,13)2,12(6,7,10)(8,14)-11,1(5,9)",12,1,6.5,False,"(*3,13)10(6,4,14)2(8,12,11)7(1,5)9",12,2,0.0,False,"(*3,13)-6(10,11)(8,14)(1,2)(4,12,5)9,7",8,2,3.5,False,-13,
202210030508,8,3歳以上1勝クラス,ダ,1700,晴,重,13:55,2022-07-16,小倉,3,3,3,2019101479,ウインアウォード,牡3,54,01154,松若風馬,1:44.8,アタマ,1-1-1-1,38.6,32.7,8,514(-8),01157,[西]杉山晴紀,494800,ウイン,190.0,"3(4,13)2,12(6,7)(8,10)14(1,11)9,5",1,1,0.0,False,"3(4,13)2,12(6,7,10)(8,14)-11,1(5,9)",1,1,0.0,False,"(*3,13)10(6,4,14)2(8,12,11)7(1,5)9",1,2,0.0,True,"(*3,13)-6(10,11)(8,14)(1,2)(4,12,5)9,7",1,2,0.0,True,-13,
202210030508,8,3歳以上1勝クラス,ダ,1700,晴,重,13:55,2022-07-16,小倉,4,4,6,2018103828,ニホンピロハーバー,牡4,57,01116,藤岡康太,1:45.0,1.1/4,6-6-4-3,38.4,28.8,7,490(0),01042,[西]安達昭夫,587031,小林英一,120.0,"3(4,13)2,12(6,7)(8,10)14(1,11)9,5",6,2,1.5,False,"3(4,13)2,12(6,7,10)(8,14)-11,1(5,9)",6,3,1.5,False,"(*3,13)10(6,4,14)2(8,12,11)7(1,5)9",4,3,0.0,False,"(*3,13)-6(10,11)(8,14)(1,2)(4,12,5)9,7",3,1,3.5,False,-13,
202210030508,8,3歳以上1勝クラス,ダ,1700,晴,重,13:55,2022-07-16,小倉,5,5,8,2019103419,サンライズアリオン,牡3,54,01126,松山弘平,1:45.1,クビ,8-9-8-6,38.2,2.4,1,512(-4),01082,[西]平田修,306008,松岡隆雄,77.0,"3(4,13)2,12(6,7)(8,10)14(1,11)9,5",8,2,1.5,False,"3(4,13)2,12(6,7,10)(8,14)-11,1(5,9)",9,2,1.5,False,"(*3,13)10(6,4,14)2(8,12,11)7(1,5)9",8,3,0.0,False,"(*3,13)-6(10,11)(8,14)(1,2)(4,12,5)9,7",6,2,3.5,False,-13,
202210030508,8,3歳以上1勝クラス,ダ,1700,晴,重,13:55,2022-07-16,小倉,6,2,2,2019100617,ブライトホルン,牡3,52,01191,松本大輝,1:45.4,2,4-4-7-8,38.7,12.7,6,470(+4),01155,[西]渡辺薫彦,788800,ノースヒルズ,,"3(4,13)2,12(6,7)(8,10)14(1,11)9,5",4,1,0.0,False,"3(4,13)2,12(6,7,10)(8,14)-11,1(5,9)",4,1,0.0,False,"(*3,13)10(6,4,14)2(8,12,11)7(1,5)9",7,1,0.0,False,"(*3,13)-6(10,11)(8,14)(1,2)(4,12,5)9,7",8,2,3.5,False,-13,
202210030508,8,3歳以上1勝クラス,ダ,1700,晴,重,13:55,2022-07-16,小倉,7,7,11,2019104551,ポルテーニャ,牝3,50,01185,小沢大仁,1:45.4,クビ,11-11-8-4,38.5,142.4,12,424(0),01148,[西]西村真幸,808800,Ｇ１レーシング,,"3(4,13)2,12(6,7)(8,10)14(1,11)9,5",11,2,1.5,False,"3(4,13)2,12(6,7,10)(8,14)-11,1(5,9)",11,1,5.0,False,"(*3,13)10(6,4,14)2(8,12,11)7(1,5)9",8,3,0.0,False,"(*3,13)-6(10,11)(8,14)(1,2)(4,12,5)9,7",4,2,3.5,False,-13,
202210030508,8,3歳以上1勝クラス,ダ,1700,晴,重,13:55,2022-07-16,小倉,8,6,9,2018104151,ノーブルキャニオン,牡4,57,01099,鮫島良太,1:46.0,3.1/2,13-13-14-13,38.5,394.6,14,478(-2),01113,[西]牧浦充徳,755030,吉木伸彦,,"3(4,13)2,12(6,7)(8,10)14(1,11)9,5",13,1,1.5,False,"3(4,13)2,12(6,7,10)(8,14)-11,1(5,9)",13,2,6.5,False,"(*3,13)10(6,4,14)2(8,12,11)7(1,5)9",14,1,0.0,False,"(*3,13)-6(10,11)(8,14)(1,2)(4,12,5)9,7",13,1,3.5,False,-13,
202210030508,8,3歳以上1勝クラス,ダ,1700,晴,重,13:55,2022-07-16,小倉,9,4,5,2019100251,ワールドハート,牡3,54,05429,岡田祥嗣,1:46.2,1,14-13-12-10,39.0,58.6,10,424(-11),01178,[西]杉山佳明,086700,ＣＯＣＯＲＯ組合,,"3(4,13)2,12(6,7)(8,10)14(1,11)9,5",14,1,3.0,False,"3(4,13)2,12(6,7,10)(8,14)-11,1(5,9)",13,2,6.5,False,"(*3,13)10(6,4,14)2(8,12,11)7(1,5)9",12,2,0.0,False,"(*3,13)-6(10,11)(8,14)(1,2)(4,12,5)9,7",10,3,3.5,False,-13,
202210030508,8,3歳以上1勝クラス,ダ,1700,晴,重,13:55,2022-07-16,小倉,10,6,10,2017101068,シャープレシオ,牡5,57,01168,富田暁,1:46.6,2.1/2,8-6-3-4,40.2,97.5,11,472(-9),01104,[西]笹田和秀,015008,青山洋一,,"3(4,13)2,12(6,7)(8,10)14(1,11)9,5",8,2,1.5,False,"3(4,13)2,12(6,7,10)(8,14)-11,1(5,9)",6,3,1.5,False,"(*3,13)10(6,4,14)2(8,12,11)7(1,5)9",3,1,0.0,False,"(*3,13)-6(10,11)(8,14)(1,2)(4,12,5)9,7",4,2,3.5,False,-13,
202210030508,8,3歳以上1勝クラス,ダ,1700,晴,重,13:55,2022-07-16,小倉,11,7,12,2018101994,ジョイフルダンサー,牝4,54,01176,亀田温心,1:46.8,1,5-5-8-10,40.0,223.8,13,440(+4),01078,[西]北出成人,858800,大塚亮一,,"3(4,13)2,12(6,7)(8,10)14(1,11)9,5",5,1,1.5,False,"3(4,13)2,12(6,7,10)(8,14)-11,1(5,9)",5,1,1.5,False,"(*3,13)10(6,4,14)2(8,12,11)7(1,5)9",8,3,0.0,False,"(*3,13)-6(10,11)(8,14)(1,2)(4,12,5)9,7",10,3,3.5,False,-13,
202210030508,8,3歳以上1勝クラス,ダ,1700,晴,重,13:55,2022-07-16,小倉,12,5,7,2018105849,メイショウキートス,牝4,55,01141,中井裕二,1:47.1,2,6-6-11-14,40.1,9.7,5,444(-8),01137,[西]中内田充,911008,松本好隆,,"3(4,13)2,12(6,7)(8,10)14(1,11)9,5",6,2,1.5,False,"3(4,13)2,12(6,7,10)(8,14)-11,1(5,9)",6,3,1.5,False,"(*3,13)10(6,4,14)2(8,12,11)7(1,5)9",11,1,0.0,False,"(*3,13)-6(10,11)(8,14)(1,2)(4,12,5)9,7",14,1,5.0,False,-13,
202210030508,8,3歳以上1勝クラス,ダ,1700,晴,重,13:55,2022-07-16,小倉,13,3,4,2019101966,アクティブバイオ,牡3,54,01180,団野大成,1:47.2,クビ,2-2-4-10,40.7,52.5,9,478(-6),01128,[西]今野貞一,930800,バイオ,,"3(4,13)2,12(6,7)(8,10)14(1,11)9,5",2,2,0.0,False,"3(4,13)2,12(6,7,10)(8,14)-11,1(5,9)",2,2,0.0,False,"(*3,13)10(6,4,14)2(8,12,11)7(1,5)9",4,3,0.0,False,"(*3,13)-6(10,11)(8,14)(1,2)(4,12,5)9,7",10,3,3.5,False,-13,
202210030508,8,3歳以上1勝クラス,ダ,1700,晴,重,13:55,2022-07-16,小倉,14,8,14,2018105187,ブレーヴジャッカル,牡4,57,01174,岩田望来,1:47.4,1.1/4,10-9-4-6,40.9,7.9,4,470(-2),01173,[西]長谷川浩,506800,シルクレーシング,,"3(4,13)2,12(6,7)(8,10)14(1,11)9,5",10,1,1.5,False,"3(4,13)2,12(6,7,10)(8,14)-11,1(5,9)",9,2,1.5,False,"(*3,13)10(6,4,14)2(8,12,11)7(1,5)9",4,3,0.0,False,"(*3,13)-6(10,11)(8,14)(1,2)(4,12,5)9,7",6,2,3.5,False,-13,
202210030509,9,都井岬特別(1勝),芝,2000,晴,良,14:25,2022-07-16,小倉,1,4,4,2019104700,ラリュエル,牝3,52,01163,坂井瑠星,1:59.0,,1-1-1-1,34.6,2.3,1,430(+6),01075,[西]矢作芳人,415800,社台レースホース,"1,089.6","4,3(1,5,7)(2,8)6-9",1,1,0.0,False,"4,3(1,5,7)(2,8)6-9",1,1,0.0,False,"(*4,6)3(1,7)(2,5,8)-9",1,2,0.0,True,"4,6(3,7,8)1(5,9)2",1,1,0.0,False,-12,Aコース5日目。やや速い時計が出る馬場だが先週ほどではない。外目を通した先行・差し馬が徐々に台頭していった。
202210030509,9,都井岬特別(1勝),芝,2000,晴,良,14:25,2022-07-16,小倉,2,8,8,2019100664,エグランタイン,牝3,52,01152,小崎綾也,1:59.2,1.1/4,6-6-6-3,34.2,31.0,8,448(+18),01104,[西]笹田和秀,788800,ノースヒルズ,435.6,"4,3(1,5,7)(2,8)6-9",6,2,1.5,False,"4,3(1,5,7)(2,8)6-9",6,2,1.5,False,"(*4,6)3(1,7)(2,5,8)-9",6,3,0.0,False,"4,6(3,7,8)1(5,9)2",3,3,1.5,False,-12,Aコース5日目。やや速い時計が出る馬場だが先週ほどではない。外目を通した先行・差し馬が徐々に台頭していった。
202210030509,9,都井岬特別(1勝),芝,2000,晴,良,14:25,2022-07-16,小倉,3,6,6,2019105062,エーデルブルーメ,牝3,52,01102,北村友一,1:59.8,3.1/2,8-8-2-2,35.3,2.9,2,468(-2),00438,[西]安田隆行,506800,シルクレーシング,272.8,"4,3(1,5,7)(2,8)6-9",8,1,1.5,False,"4,3(1,5,7)(2,8)6-9",8,1,1.5,False,"(*4,6)3(1,7)(2,5,8)-9",2,2,0.0,False,"4,6(3,7,8)1(5,9)2",2,1,1.5,False,-12,Aコース5日目。やや速い時計が出る馬場だが先週ほどではない。外目を通した先行・差し馬が徐々に台頭していった。
202210030509,9,都井岬特別(1勝),芝,2000,晴,良,14:25,2022-07-16,小倉,4,7,7,2019105209,エピプランセス,牝3,52,01126,松山弘平,1:59.8,クビ,3-3-4-3,35.0,5.0,3,436(0),01144,[西]池添学,226800,サンデーレーシング,160.0,"4,3(1,5,7)(2,8)6-9",3,3,1.5,False,"4,3(1,5,7)(2,8)6-9",3,3,1.5,False,"(*4,6)3(1,7)(2,5,8)-9",4,2,0.0,False,"4,6(3,7,8)1(5,9)2",3,3,1.5,False,-12,Aコース5日目。やや速い時計が出る馬場だが先週ほどではない。外目を通した先行・差し馬が徐々に台頭していった。
202210030509,9,都井岬特別(1勝),芝,2000,晴,良,14:25,2022-07-16,小倉,5,3,3,2019105374,プレミアスコア,牝3,52,01174,岩田望来,1:59.9,1/2,2-2-3-3,35.3,10.1,4,478(+6),01092,[西]松永幹夫,486800,キャロットファーム,107.0,"4,3(1,5,7)(2,8)6-9",2,1,1.5,False,"4,3(1,5,7)(2,8)6-9",2,1,1.5,False,"(*4,6)3(1,7)(2,5,8)-9",3,1,0.0,False,"4,6(3,7,8)1(5,9)2",3,3,1.5,False,-12,Aコース5日目。やや速い時計が出る馬場だが先週ほどではない。外目を通した先行・差し馬が徐々に台頭していった。
202210030509,9,都井岬特別(1勝),芝,2000,晴,良,14:25,2022-07-16,小倉,6,2,2,2019100249,ツッチーフェイス,牝3,52,01185,小沢大仁,2:00.1,1,6-6-6-9,35.1,19.1,5,470(+8),01128,[西]今野貞一,874033,ＳＴレーシング,,"4,3(1,5,7)(2,8)6-9",6,2,1.5,False,"4,3(1,5,7)(2,8)6-9",6,2,1.5,False,"(*4,6)3(1,7)(2,5,8)-9",6,3,0.0,False,"4,6(3,7,8)1(5,9)2",9,1,1.5,False,-12,Aコース5日目。やや速い時計が出る馬場だが先週ほどではない。外目を通した先行・差し馬が徐々に台頭していった。
202210030509,9,都井岬特別(1勝),芝,2000,晴,良,14:25,2022-07-16,小倉,7,1,1,2019102215,サク,牝3,52,00732,幸英明,2:00.5,2.1/2,3-3-4-6,35.7,24.9,7,452(+18),01078,[西]北出成人,635031,増田江利子,,"4,3(1,5,7)(2,8)6-9",3,3,1.5,False,"4,3(1,5,7)(2,8)6-9",3,3,1.5,False,"(*4,6)3(1,7)(2,5,8)-9",4,2,0.0,False,"4,6(3,7,8)1(5,9)2",6,1,1.5,False,-12,Aコース5日目。やや速い時計が出る馬場だが先週ほどではない。外目を通した先行・差し馬が徐々に台頭していった。
202210030509,9,都井岬特別(1勝),芝,2000,晴,良,14:25,2022-07-16,小倉,8,5,5,2018104571,ワイドアウェイク,牝4,55,01018,和田竜二,2:00.5,ハナ,3-3-6-7,35.5,105.1,9,486(-2),00425,[西]加用正,148800,グリーンファーム,,"4,3(1,5,7)(2,8)6-9",3,3,1.5,False,"4,3(1,5,7)(2,8)6-9",3,3,1.5,False,"(*4,6)3(1,7)(2,5,8)-9",6,3,0.0,False,"4,6(3,7,8)1(5,9)2",7,2,1.5,False,-12,Aコース5日目。やや速い時計が出る馬場だが先週ほどではない。外目を通した先行・差し馬が徐々に台頭していった。
202210030509,9,都井岬特別(1勝),芝,2000,晴,良,14:25,2022-07-16,小倉,9,8,9,2018101981,カツコ,牝4,55,01193,今村聖奈,2:00.9,2.1/2,9-9-9-7,35.4,19.8,6,466(+8),01158,[西]寺島良,837008,武田修,,"4,3(1,5,7)(2,8)6-9",9,1,5.0,False,"4,3(1,5,7)(2,8)6-9",9,1,5.0,False,"(*4,6)3(1,7)(2,5,8)-9",9,1,3.5,False,"4,6(3,7,8)1(5,9)2",7,2,1.5,False,-12,Aコース5日目。やや速い時計が出る馬場だが先週ほどではない。外目を通した先行・差し馬が徐々に台頭していった。
202210030510,10,糸島特別(2勝),ダ,1000,晴,重,15:01,2022-07-16,小倉,1,8,14,2017103110,ショウゲッコウ,牝5,55,01160,荻野極,0:57.8,,2-3,34.7,11.6,6,472(-8),01178,[西]杉山佳明,547800,ヒダカ・ブリーダーズ...,"1,539.4",,,,,,,,,,,"12(11,13,14)(3,7,4,6)8(2,1,10)(5,9)",2,3,0.0,False,"12-11(13,14)(3,4,6)(7,8)1,2(5,10)9",3,2,3.5,False,-13,
202210030510,10,糸島特別(2勝),ダ,1000,晴,重,15:01,2022-07-16,小倉,2,7,12,2018106502,ムジック,牝4,55,01142,長岡禎仁,0:58.1,2,1-1,35.2,34.2,8,484(0),01136,[西]高橋亮,363800,三嶋牧場,608.4,,,,,,,,,,,"12(11,13,14)(3,7,4,6)8(2,1,10)(5,9)",1,1,0.0,False,"12-11(13,14)(3,4,6)(7,8)1,2(5,10)9",1,1,0.0,False,-13,
202210030510,10,糸島特別(2勝),ダ,1000,晴,重,15:01,2022-07-16,小倉,3,4,6,2017106295,ラインガルーダ,牡5,57,01185,小沢大仁,0:58.1,アタマ,5-5,34.8,8.4,5,464(-8),01083,[西]松永昌博,796002,大澤繁昌,384.2,,,,,,,,,,,"12(11,13,14)(3,7,4,6)8(2,1,10)(5,9)",5,4,0.0,False,"12-11(13,14)(3,4,6)(7,8)1,2(5,10)9",5,3,3.5,False,-13,
202210030510,10,糸島特別(2勝),ダ,1000,晴,重,15:01,2022-07-16,小倉,4,1,1,2017101726,オカリナ,牡5,57,01099,鮫島良太,0:58.4,1.1/2,10-10,34.5,117.8,13,528(-14),01018,[西]宮徹,874800,八木秀之,230.0,,,,,,,,,,,"12(11,13,14)(3,7,4,6)8(2,1,10)(5,9)",10,3,0.0,False,"12-11(13,14)(3,4,6)(7,8)1,2(5,10)9",10,1,3.5,False,-13,
202210030510,10,糸島特別(2勝),ダ,1000,晴,重,15:01,2022-07-16,小倉,5,7,11,2018110093,フリード,牝4,55,01088,川田将雅,0:58.5,1/2,2-2,35.4,2.4,1,504(0),01028,[西]西園正都,716800,ビッグレッドファーム,151.0,,,,,,,,,,,"12(11,13,14)(3,7,4,6)8(2,1,10)(5,9)",2,3,0.0,False,"12-11(13,14)(3,4,6)(7,8)1,2(5,10)9",2,1,3.5,False,-13,
202210030510,10,糸島特別(2勝),ダ,1000,晴,重,15:01,2022-07-16,小倉,6,4,5,2019105652,シホノディレット,牡3,54,01191,松本大輝,0:58.6,3/4,13-12,34.4,6.6,3,528(-4),01178,[西]杉山佳明,262033,村瀬寛紀,,,,,,,,,,,,"12(11,13,14)(3,7,4,6)8(2,1,10)(5,9)",13,2,0.0,False,"12-11(13,14)(3,4,6)(7,8)1,2(5,10)9",12,2,5.0,False,-13,
202210030510,10,糸島特別(2勝),ダ,1000,晴,重,15:01,2022-07-16,小倉,7,5,8,2018100623,ミラクル,牝4,55,01018,和田竜二,0:58.7,クビ,9-8,35.0,41.1,11,454(-14),00425,[西]加用正,959800,協栄,,,,,,,,,,,,"12(11,13,14)(3,7,4,6)8(2,1,10)(5,9)",9,1,0.0,False,"12-11(13,14)(3,4,6)(7,8)1,2(5,10)9",8,2,3.5,False,-13,
202210030510,10,糸島特別(2勝),ダ,1000,晴,重,15:01,2022-07-16,小倉,8,3,4,2019101156,ゴッドクインビー,牝3,52,01199,角田大河,0:58.7,ハナ,5-5,35.3,5.7,2,432(-8),01121,[西]角田晃一,998007,中西憲治,,,,,,,,,,,,"12(11,13,14)(3,7,4,6)8(2,1,10)(5,9)",5,4,0.0,False,"12-11(13,14)(3,4,6)(7,8)1,2(5,10)9",5,3,3.5,False,-13,
202210030510,10,糸島特別(2勝),ダ,1000,晴,重,15:01,2022-07-16,小倉,9,2,2,2018104687,デアリングウーマン,牝4,55,00732,幸英明,0:58.7,クビ,10-11,34.8,7.9,4,450(+16),01121,[西]角田晃一,370008,岡浩二,,,,,,,,,,,,"12(11,13,14)(3,7,4,6)8(2,1,10)(5,9)",10,3,0.0,False,"12-11(13,14)(3,4,6)(7,8)1,2(5,10)9",11,1,5.0,False,-13,
202210030510,10,糸島特別(2勝),ダ,1000,晴,重,15:01,2022-07-16,小倉,10,8,13,2016105963,ビートマジック,セ6,57,01138,藤懸貴志,0:58.8,3/4,2-3,35.7,34.6,10,470(-4),01185,[西]小林真也,851009,岡田牧雄,,,,,,,,,,,,"12(11,13,14)(3,7,4,6)8(2,1,10)(5,9)",2,3,0.0,False,"12-11(13,14)(3,4,6)(7,8)1,2(5,10)9",3,2,3.5,False,-13,
202210030510,10,糸島特別(2勝),ダ,1000,晴,重,15:01,2022-07-16,小倉,11,3,3,2018105495,パロットビーク,牝4,55,00660,横山典弘,0:59.0,1.1/4,5-5,35.7,22.4,7,470(+10),01092,[西]松永幹夫,415800,社台レースホース,,,,,,,,,,,,"12(11,13,14)(3,7,4,6)8(2,1,10)(5,9)",5,4,0.0,False,"12-11(13,14)(3,4,6)(7,8)1,2(5,10)9",5,3,3.5,False,-13,
202210030510,10,糸島特別(2勝),ダ,1000,晴,重,15:01,2022-07-16,小倉,12,6,10,2015102013,クリノカサット,牝7,55,01165,森裕太朗,0:59.2,3/4,10-12,35.3,336.6,14,452(-6),01041,[西]藤沢則雄,970006,栗本博晴,,,,,,,,,,,,"12(11,13,14)(3,7,4,6)8(2,1,10)(5,9)",10,3,0.0,False,"12-11(13,14)(3,4,6)(7,8)1,2(5,10)9",12,2,5.0,False,-13,
202210030510,10,糸島特別(2勝),ダ,1000,晴,重,15:01,2022-07-16,小倉,13,5,7,2017102402,ロードクラージュ,セ5,57,01141,中井裕二,0:59.4,1.1/4,5-8,36.1,34.5,9,466(+12),00438,[西]安田隆行,170800,ロードホースクラブ,,,,,,,,,,,,"12(11,13,14)(3,7,4,6)8(2,1,10)(5,9)",5,4,0.0,False,"12-11(13,14)(3,4,6)(7,8)1,2(5,10)9",8,2,3.5,False,-13,
202210030510,10,糸島特別(2勝),ダ,1000,晴,重,15:01,2022-07-16,小倉,14,6,9,2017100922,フチサンメルチャン,牡5,57,00894,小牧太,0:59.4,クビ,13-14,35.3,67.5,12,470(+2),01040,[西]服部利之,117030,中西功,,,,,,,,,,,,"12(11,13,14)(3,7,4,6)8(2,1,10)(5,9)",13,2,0.0,False,"12-11(13,14)(3,4,6)(7,8)1,2(5,10)9",14,1,5.0,False,-13,
202210030511,11,西部日刊スポーツ杯(3勝),ダ,1700,晴,重,15:35,2022-07-16,小倉,1,1,1,2017106704,ミステリオーソ,牡5,56,01116,藤岡康太,1:43.8,,12-11-11-7,37.2,4.7,2,486(-4),01160,[西]武幸四郎,506800,シルクレーシング,"1,873.6","(2,10,*15)4(9,11)(12,13)(5,6)7(1,3,16)14,8",12,3,0.0,False,"(*2,15)10(4,11)(12,13)9,5,6-(1,3,7)16-(8,14)",11,3,6.5,False,"2(15,10)(12,11)7(4,5,13,14)(1,6)(9,3)16-8",11,2,0.0,False,"(*2,15)(10,11)(12,7)(1,5,13,14)(4,16,9,6,3)8",7,4,0.0,False,-13,
202210030511,11,西部日刊スポーツ杯(3勝),ダ,1700,晴,重,15:35,2022-07-16,小倉,2,4,8,2018102060,ハンディーズピーク,牡4,54,01163,坂井瑠星,1:43.9,クビ,16-15-16-16,36.7,8.7,5,512(-2),01058,[西]大久保龍,948006,前田幸治,749.6,"(2,10,*15)4(9,11)(12,13)(5,6)7(1,3,16)14,8",16,1,1.5,False,"(*2,15)10(4,11)(12,13)9,5,6-(1,3,7)16-(8,14)",15,2,10.0,False,"2(15,10)(12,11)7(4,5,13,14)(1,6)(9,3)16-8",16,1,3.5,False,"(*2,15)(10,11)(12,7)(1,5,13,14)(4,16,9,6,3)8",16,1,0.0,False,-13,
202210030511,11,西部日刊スポーツ杯(3勝),ダ,1700,晴,重,15:35,2022-07-16,小倉,3,4,7,2017105502,ファシネートゼット,牝5,53,01019,秋山真一,1:44.2,2,11-11-6-5,37.9,45.8,11,476(+4),01082,[西]平田修,138007,吉田和美,464.8,"(2,10,*15)4(9,11)(12,13)(5,6)7(1,3,16)14,8",11,1,0.0,False,"(*2,15)10(4,11)(12,13)9,5,6-(1,3,7)16-(8,14)",11,3,6.5,False,"2(15,10)(12,11)7(4,5,13,14)(1,6)(9,3)16-8",6,1,0.0,False,"(*2,15)(10,11)(12,7)(1,5,13,14)(4,16,9,6,3)8",5,2,0.0,False,-13,
202210030511,11,西部日刊スポーツ杯(3勝),ダ,1700,晴,重,15:35,2022-07-16,小倉,4,5,10,2017105343,アドマイヤメティス,牝5,53,01037,太宰啓介,1:44.2,ハナ,2-3-2-3,38.2,32.7,9,414(-4),01188,[西]畑端省吾,535031,近藤旬子,280.0,"(2,10,*15)4(9,11)(12,13)(5,6)7(1,3,16)14,8",2,3,0.0,False,"(*2,15)10(4,11)(12,13)9,5,6-(1,3,7)16-(8,14)",3,1,0.0,False,"2(15,10)(12,11)7(4,5,13,14)(1,6)(9,3)16-8",2,2,0.0,False,"(*2,15)(10,11)(12,7)(1,5,13,14)(4,16,9,6,3)8",3,2,0.0,False,-13,
202210030511,11,西部日刊スポーツ杯(3勝),ダ,1700,晴,重,15:35,2022-07-16,小倉,5,6,12,2017105027,エターナリー,牡5,54,01174,岩田望来,1:44.3,クビ,7-6-4-5,38.2,8.1,4,450(-4),01183,[西]辻野泰之,231033,吉田晴哉,184.0,"(2,10,*15)4(9,11)(12,13)(5,6)7(1,3,16)14,8",7,2,0.0,False,"(*2,15)10(4,11)(12,13)9,5,6-(1,3,7)16-(8,14)",6,2,0.0,False,"2(15,10)(12,11)7(4,5,13,14)(1,6)(9,3)16-8",4,2,0.0,False,"(*2,15)(10,11)(12,7)(1,5,13,14)(4,16,9,6,3)8",5,2,0.0,False,-13,
202210030511,11,西部日刊スポーツ杯(3勝),ダ,1700,晴,重,15:35,2022-07-16,小倉,6,3,6,2018104746,セイクリッドゲイズ,牡4,55,01180,団野大成,1:44.3,アタマ,9-10-11-11,37.7,9.4,6,498(-4),00429,[西]佐々木晶,415800,社台レースホース,,"(2,10,*15)4(9,11)(12,13)(5,6)7(1,3,16)14,8",9,2,0.0,False,"(*2,15)10(4,11)(12,13)9,5,6-(1,3,7)16-(8,14)",10,1,3.0,False,"2(15,10)(12,11)7(4,5,13,14)(1,6)(9,3)16-8",11,2,0.0,False,"(*2,15)(10,11)(12,7)(1,5,13,14)(4,16,9,6,3)8",11,5,0.0,False,-13,
202210030511,11,西部日刊スポーツ杯(3勝),ダ,1700,晴,重,15:35,2022-07-16,小倉,7,2,3,2017104687,アジャストザルート,牡5,54,01168,富田暁,1:44.4,3/4,12-11-13-11,37.7,53.0,12,488(-10),01144,[西]池添学,415800,社台レースホース,,"(2,10,*15)4(9,11)(12,13)(5,6)7(1,3,16)14,8",12,3,0.0,False,"(*2,15)10(4,11)(12,13)9,5,6-(1,3,7)16-(8,14)",11,3,6.5,False,"2(15,10)(12,11)7(4,5,13,14)(1,6)(9,3)16-8",13,2,0.0,False,"(*2,15)(10,11)(12,7)(1,5,13,14)(4,16,9,6,3)8",11,5,0.0,False,-13,
202210030511,11,西部日刊スポーツ杯(3勝),ダ,1700,晴,重,15:35,2022-07-16,小倉,8,6,11,2015101339,ダノンロイヤル,牡7,54,01185,小沢大仁,1:44.8,2.1/2,5-4-4-3,38.7,56.1,13,548(+2),01120,[西]千田輝彦,619800,ダノックス,,"(2,10,*15)4(9,11)(12,13)(5,6)7(1,3,16)14,8",5,2,0.0,False,"(*2,15)10(4,11)(12,13)9,5,6-(1,3,7)16-(8,14)",4,2,0.0,False,"2(15,10)(12,11)7(4,5,13,14)(1,6)(9,3)16-8",4,2,0.0,False,"(*2,15)(10,11)(12,7)(1,5,13,14)(4,16,9,6,3)8",3,2,0.0,False,-13,
202210030511,11,西部日刊スポーツ杯(3勝),ダ,1700,晴,重,15:35,2022-07-16,小倉,9,3,5,2016103289,モダスオペランディ,牡6,55,01124,国分恭介,1:45.0,1,9-9-7-7,38.6,10.2,7,524(+2),01028,[西]西園正都,003060,ゴドルフィン,,"(2,10,*15)4(9,11)(12,13)(5,6)7(1,3,16)14,8",9,2,0.0,False,"(*2,15)10(4,11)(12,13)9,5,6-(1,3,7)16-(8,14)",9,1,1.5,False,"2(15,10)(12,11)7(4,5,13,14)(1,6)(9,3)16-8",7,4,0.0,False,"(*2,15)(10,11)(12,7)(1,5,13,14)(4,16,9,6,3)8",7,4,0.0,False,-13,
202210030511,11,西部日刊スポーツ杯(3勝),ダ,1700,晴,重,15:35,2022-07-16,小倉,10,7,14,2017101036,クリノホノオ,牡5,56,00732,幸英明,1:45.1,1/2,15-15-7-7,38.6,13.4,8,500(+18),00431,[西]谷潔,970006,栗本博晴,,"(2,10,*15)4(9,11)(12,13)(5,6)7(1,3,16)14,8",15,1,0.0,False,"(*2,15)10(4,11)(12,13)9,5,6-(1,3,7)16-(8,14)",15,2,10.0,False,"2(15,10)(12,11)7(4,5,13,14)(1,6)(9,3)16-8",7,4,0.0,False,"(*2,15)(10,11)(12,7)(1,5,13,14)(4,16,9,6,3)8",7,4,0.0,False,-13,
202210030511,11,西部日刊スポーツ杯(3勝),ダ,1700,晴,重,15:35,2022-07-16,小倉,11,8,15,2018103086,ヴァーチャリティ,牝4,52,01171,西村淳也,1:45.2,1/2,1-2-2-2,39.2,38.7,10,448(-12),01087,[西]庄野靖志,791800,桑田牧場,,"(2,10,*15)4(9,11)(12,13)(5,6)7(1,3,16)14,8",1,3,0.0,True,"(*2,15)10(4,11)(12,13)9,5,6-(1,3,7)16-(8,14)",2,2,0.0,False,"2(15,10)(12,11)7(4,5,13,14)(1,6)(9,3)16-8",2,2,0.0,False,"(*2,15)(10,11)(12,7)(1,5,13,14)(4,16,9,6,3)8",2,2,0.0,False,-13,
202210030511,11,西部日刊スポーツ杯(3勝),ダ,1700,晴,重,15:35,2022-07-16,小倉,12,8,16,2017101445,ウインダークローズ,牡5,53,01018,和田竜二,1:45.3,1/2,12-14-15-11,38.5,87.4,15,484(-14),01084,[西]梅田智之,494800,ウイン,,"(2,10,*15)4(9,11)(12,13)(5,6)7(1,3,16)14,8",12,3,0.0,False,"(*2,15)10(4,11)(12,13)9,5,6-(1,3,7)16-(8,14)",14,1,6.5,False,"2(15,10)(12,11)7(4,5,13,14)(1,6)(9,3)16-8",15,1,0.0,False,"(*2,15)(10,11)(12,7)(1,5,13,14)(4,16,9,6,3)8",11,5,0.0,False,-13,
202210030511,11,西部日刊スポーツ杯(3勝),ダ,1700,晴,重,15:35,2022-07-16,小倉,13,7,13,2018104345,ランスオブアース,牝4,52,01193,今村聖奈,1:45.4,クビ,7-6-7-7,39.0,8.1,3,484(+4),01099,[西]本田優,968006,五影隆則,,"(2,10,*15)4(9,11)(12,13)(5,6)7(1,3,16)14,8",7,2,0.0,False,"(*2,15)10(4,11)(12,13)9,5,6-(1,3,7)16-(8,14)",6,2,0.0,False,"2(15,10)(12,11)7(4,5,13,14)(1,6)(9,3)16-8",7,4,0.0,False,"(*2,15)(10,11)(12,7)(1,5,13,14)(4,16,9,6,3)8",7,4,0.0,False,-13,
202210030511,11,西部日刊スポーツ杯(3勝),ダ,1700,晴,重,15:35,2022-07-16,小倉,14,5,9,2016106126,ソルトイブキ,牡6,54,01130,高倉稜,1:45.7,2,5-8-13-11,39.0,116.7,16,484(0),01033,[西]木原一良,781033,杉浦敏夫,,"(2,10,*15)4(9,11)(12,13)(5,6)7(1,3,16)14,8",5,2,0.0,False,"(*2,15)10(4,11)(12,13)9,5,6-(1,3,7)16-(8,14)",8,1,0.0,False,"2(15,10)(12,11)7(4,5,13,14)(1,6)(9,3)16-8",13,2,0.0,False,"(*2,15)(10,11)(12,7)(1,5,13,14)(4,16,9,6,3)8",11,5,0.0,False,-13,
202210030511,11,西部日刊スポーツ杯(3勝),ダ,1700,晴,重,15:35,2022-07-16,小倉,15,1,2,2017105589,ヴィクターバローズ,セ5,54,01126,松山弘平,1:46.0,1.3/4,2-1-1-1,40.1,62.4,14,454(-10),01168,[西]上村洋行,859007,猪熊広次,,"(2,10,*15)4(9,11)(12,13)(5,6)7(1,3,16)14,8",2,3,0.0,False,"(*2,15)10(4,11)(12,13)9,5,6-(1,3,7)16-(8,14)",1,2,0.0,True,"2(15,10)(12,11)7(4,5,13,14)(1,6)(9,3)16-8",1,1,0.0,False,"(*2,15)(10,11)(12,7)(1,5,13,14)(4,16,9,6,3)8",1,2,0.0,True,-13,
202210030511,11,西部日刊スポーツ杯(3勝),ダ,1700,晴,重,15:35,2022-07-16,小倉,16,2,4,2018105833,アルメイダミノル,牡4,55,00660,横山典弘,1:48.4,大,4-4-7-11,41.9,4.0,1,528(+6),01078,[西]北出成人,265008,吉岡實,,"(2,10,*15)4(9,11)(12,13)(5,6)7(1,3,16)14,8",4,1,0.0,False,"(*2,15)10(4,11)(12,13)9,5,6-(1,3,7)16-(8,14)",4,2,0.0,False,"2(15,10)(12,11)7(4,5,13,14)(1,6)(9,3)16-8",7,4,0.0,False,"(*2,15)(10,11)(12,7)(1,5,13,14)(4,16,9,6,3)8",11,5,0.0,False,-13,
202210030512,12,3歳以上1勝クラス,芝,1200,晴,良,16:15,2022-07-16,小倉,1,4,4,2017100240,スノーテーラー,牝5,55,01163,坂井瑠星,1:07.9,,2-2,34.3,10.2,7,454(+16),01050,[西]飯田雄三,730002,中西浩一,770.0,,,,,,,,,,,"1,4(8,9)(10,12)5(6,11)2,7,3",2,1,1.5,False,"(*1,4)(8,9)(10,12)(5,6,11)(2,7)3",2,2,0.0,False,-12,Aコース5日目。やや速い時計が出る馬場だが先週ほどではない。外目を通した先行・差し馬が徐々に台頭していった。
202210030512,12,3歳以上1勝クラス,芝,1200,晴,良,16:15,2022-07-16,小倉,2,5,5,2019104361,テーオースパロー,牡3,54,01174,岩田望来,1:08.1,1,7-7,34.0,4.6,1,484(-2),01110,[西]清水久詞,304008,小笹公也,310.0,,,,,,,,,,,"1,4(8,9)(10,12)5(6,11)2,7,3",7,1,1.5,False,"(*1,4)(8,9)(10,12)(5,6,11)(2,7)3",7,3,0.0,False,-12,Aコース5日目。やや速い時計が出る馬場だが先週ほどではない。外目を通した先行・差し馬が徐々に台頭していった。
202210030512,12,3歳以上1勝クラス,芝,1200,晴,良,16:15,2022-07-16,小倉,3,6,8,2018103125,モラトリアム,牝4,55,01018,和田竜二,1:08.2,3/4,3-3,34.4,6.2,4,446(+4),01072,[西]河内洋,180033,安藤晋平,190.0,,,,,,,,,,,"1,4(8,9)(10,12)5(6,11)2,7,3",3,2,1.5,False,"(*1,4)(8,9)(10,12)(5,6,11)(2,7)3",3,2,0.0,False,-12,Aコース5日目。やや速い時計が出る馬場だが先週ほどではない。外目を通した先行・差し馬が徐々に台頭していった。
202210030512,12,3歳以上1勝クラス,芝,1200,晴,良,16:15,2022-07-16,小倉,4,7,10,2019103584,オラヴェリタス,牡3,50,01193,今村聖奈,1:08.3,1,5-5,34.4,6.6,5,496(0),01158,[西]寺島良,053803,杉山忠国,120.0,,,,,,,,,,,"1,4(8,9)(10,12)5(6,11)2,7,3",5,2,1.5,False,"(*1,4)(8,9)(10,12)(5,6,11)(2,7)3",5,2,0.0,False,-12,Aコース5日目。やや速い時計が出る馬場だが先週ほどではない。外目を通した先行・差し馬が徐々に台頭していった。
202210030512,12,3歳以上1勝クラス,芝,1200,晴,良,16:15,2022-07-16,小倉,5,1,1,2018100008,ナサ,牝4,52,01199,角田大河,1:08.5,1,1-1,35.0,31.0,9,456(0),01041,[西]藤沢則雄,367033,杉浦和也,77.0,,,,,,,,,,,"1,4(8,9)(10,12)5(6,11)2,7,3",1,1,0.0,False,"(*1,4)(8,9)(10,12)(5,6,11)(2,7)3",1,2,0.0,True,-12,Aコース5日目。やや速い時計が出る馬場だが先週ほどではない。外目を通した先行・差し馬が徐々に台頭していった。
202210030512,12,3歳以上1勝クラス,芝,1200,晴,良,16:15,2022-07-16,小倉,6,7,9,2018105258,バンベルク,牡4,57,01171,西村淳也,1:08.5,ハナ,3-3,34.7,7.6,6,472(0),01185,[西]小林真也,486800,キャロットファーム,,,,,,,,,,,,"1,4(8,9)(10,12)5(6,11)2,7,3",3,2,1.5,False,"(*1,4)(8,9)(10,12)(5,6,11)(2,7)3",3,2,0.0,False,-12,Aコース5日目。やや速い時計が出る馬場だが先週ほどではない。外目を通した先行・差し馬が徐々に台頭していった。
202210030512,12,3歳以上1勝クラス,芝,1200,晴,良,16:15,2022-07-16,小倉,7,2,2,2018102822,テイエムエメラルド,牝4,55,01126,松山弘平,1:08.6,1/2,10-10,34.2,5.8,3,448(-8),01050,[西]飯田雄三,356002,竹園正繼,,,,,,,,,,,,"1,4(8,9)(10,12)5(6,11)2,7,3",10,1,1.5,False,"(*1,4)(8,9)(10,12)(5,6,11)(2,7)3",10,2,0.0,False,-12,Aコース5日目。やや速い時計が出る馬場だが先週ほどではない。外目を通した先行・差し馬が徐々に台頭していった。
202210030512,12,3歳以上1勝クラス,芝,1200,晴,良,16:15,2022-07-16,小倉,8,8,11,2019103320,プレヴォール,牡3,54,01180,団野大成,1:08.7,1/2,8-7,34.4,76.4,12,462(-2),01186,[西]中村直也,053803,杉山忠国,,,,,,,,,,,,"1,4(8,9)(10,12)5(6,11)2,7,3",8,2,1.5,False,"(*1,4)(8,9)(10,12)(5,6,11)(2,7)3",7,3,0.0,False,-12,Aコース5日目。やや速い時計が出る馬場だが先週ほどではない。外目を通した先行・差し馬が徐々に台頭していった。
202210030512,12,3歳以上1勝クラス,芝,1200,晴,良,16:15,2022-07-16,小倉,9,6,7,2015103306,メイショウナスカ,牝7,51,01187,永島まな,1:08.8,3/4,11-10,34.2,50.0,10,472(-20),01136,[西]高橋亮,523005,松本好雄,,,,,,,,,,,,"1,4(8,9)(10,12)5(6,11)2,7,3",11,1,3.0,False,"(*1,4)(8,9)(10,12)(5,6,11)(2,7)3",10,2,0.0,False,-12,Aコース5日目。やや速い時計が出る馬場だが先週ほどではない。外目を通した先行・差し馬が徐々に台頭していった。
202210030512,12,3歳以上1勝クラス,芝,1200,晴,良,16:15,2022-07-16,小倉,10,3,3,2019101743,タムロキュラムン,牝3,52,00732,幸英明,1:08.9,3/4,12-12,34.2,5.2,2,442(-2),01028,[西]西園正都,586006,谷口屯,,,,,,,,,,,,"1,4(8,9)(10,12)5(6,11)2,7,3",12,1,4.5,False,"(*1,4)(8,9)(10,12)(5,6,11)(2,7)3",12,1,0.0,False,-12,Aコース5日目。やや速い時計が出る馬場だが先週ほどではない。外目を通した先行・差し馬が徐々に台頭していった。
202210030512,12,3歳以上1勝クラス,芝,1200,晴,良,16:15,2022-07-16,小倉,11,5,6,2019103004,グラストンベリー,牝3,52,01128,川須栄彦,1:09.0,1/2,8-7,34.8,18.9,8,422(-2),01062,[西]藤岡健一,170800,ロードホースクラブ,,,,,,,,,,,,"1,4(8,9)(10,12)5(6,11)2,7,3",8,2,1.5,False,"(*1,4)(8,9)(10,12)(5,6,11)(2,7)3",7,3,0.0,False,-12,Aコース5日目。やや速い時計が出る馬場だが先週ほどではない。外目を通した先行・差し馬が徐々に台頭していった。
202210030512,12,3歳以上1勝クラス,芝,1200,晴,良,16:15,2022-07-16,小倉,12,8,12,2016102111,ファタリテ,牡6,55,01185,小沢大仁,1:09.2,1.1/4,5-5,35.2,64.4,11,452(+2),01032,[西]大根田裕,548033,奥裕嗣,,,,,,,,,,,,"1,4(8,9)(10,12)5(6,11)2,7,3",5,2,1.5,False,"(*1,4)(8,9)(10,12)(5,6,11)(2,7)3",5,2,0.0,False,-12,Aコース5日目。やや速い時計が出る馬場だが先週ほどではない。外目を通した先行・差し馬が徐々に台頭していった。
202202011101,1,2歳未勝利,芝,1800,曇,稍重,09:50,2022-07-16,函館,1,5,5,2020101535,サンライズフォルス,牡2,54,01127,丸山元気,1:54.6,,2-2-2-2,36.7,1.5,1,486(-8),01091,[西]羽月友彦,399803,ライフハウス,520.0,"3,5(1,6)(2,4)7,8",2,1,1.5,False,"3,5(1,6)2,4,7,8",2,1,1.5,False,"(*3,5)(1,2,6)(7,4)-8",2,2,0.0,False,"(*3,5)(1,2,6)4,7=8",2,2,0.0,False,11,
202202011101,1,2歳未勝利,芝,1800,曇,稍重,09:50,2022-07-16,函館,2,1,1,2020105944,ニシノシャイニング,牡2,54,01025,勝浦正樹,1:54.8,1,3-3-3-3,36.7,18.8,5,444(-2),01010,[東]中野栄治,897009,西山茂行,210.0,"3,5(1,6)(2,4)7,8",3,2,1.5,False,"3,5(1,6)2,4,7,8",3,2,1.5,False,"(*3,5)(1,2,6)(7,4)-8",3,3,0.0,False,"(*3,5)(1,2,6)4,7=8",3,3,0.0,False,11,
202202011101,1,2歳未勝利,芝,1800,曇,稍重,09:50,2022-07-16,函館,3,2,2,2020106692,アオラキ,牡2,54,01032,池添謙一,1:54.9,1/2,5-5-3-3,36.8,3.2,2,444(0),01027,[東]田村康仁,553031,石井輝昭,130.0,"3,5(1,6)(2,4)7,8",5,2,1.5,False,"3,5(1,6)2,4,7,8",5,1,1.5,False,"(*3,5)(1,2,6)(7,4)-8",3,3,0.0,False,"(*3,5)(1,2,6)4,7=8",3,3,0.0,False,11,
202202011101,1,2歳未勝利,芝,1800,曇,稍重,09:50,2022-07-16,函館,4,4,4,2020101769,ダイヤノジャック,牝2,54,01157,鮫島克駿,1:55.6,4,5-6-6-6,37.2,10.2,3,454(+10),00425,[西]加用正,959800,協栄,78.0,"3,5(1,6)(2,4)7,8",5,2,1.5,False,"3,5(1,6)2,4,7,8",6,1,3.0,False,"(*3,5)(1,2,6)(7,4)-8",6,2,0.0,False,"(*3,5)(1,2,6)4,7=8",6,1,0.0,False,11,
202202011101,1,2歳未勝利,芝,1800,曇,稍重,09:50,2022-07-16,函館,5,3,3,2020100801,サノノビスケッツ,牡2,53,01181,秋山稔樹,1:55.9,1.1/2,1-1-1-1,38.1,103.3,8,444(+6),01131,[東]蛯名利弘,735033,佐野信幸,52.0,"3,5(1,6)(2,4)7,8",1,1,0.0,False,"3,5(1,6)2,4,7,8",1,1,0.0,False,"(*3,5)(1,2,6)(7,4)-8",1,2,0.0,True,"(*3,5)(1,2,6)4,7=8",1,2,0.0,True,11,
202202011101,1,2歳未勝利,芝,1800,曇,稍重,09:50,2022-07-16,函館,6,6,6,2020103989,ジューンナックル,牡2,54,01140,横山和生,1:55.9,クビ,3-3-3-3,37.8,14.3,4,444(-2),01005,[東]小桧山悟,017803,吉川潤,,"3,5(1,6)(2,4)7,8",3,2,1.5,False,"3,5(1,6)2,4,7,8",3,2,1.5,False,"(*3,5)(1,2,6)(7,4)-8",3,3,0.0,False,"(*3,5)(1,2,6)4,7=8",3,3,0.0,False,11,
202202011101,1,2歳未勝利,芝,1800,曇,稍重,09:50,2022-07-16,函館,7,7,7,2020104394,シャイナライ,牝2,54,01109,黛弘人,1:55.9,クビ,7-7-6-7,37.5,47.0,7,434(+2),00420,[東]宗像義忠,629800,ミルファーム,,"3,5(1,6)(2,4)7,8",7,1,1.5,False,"3,5(1,6)2,4,7,8",7,1,4.5,False,"(*3,5)(1,2,6)(7,4)-8",6,2,0.0,False,"(*3,5)(1,2,6)4,7=8",7,1,1.5,False,11,
202202011101,1,2歳未勝利,芝,1800,曇,稍重,09:50,2022-07-16,函館,8,8,8,2020100882,フレンドキング,牡2,51,01192,横山琉人,2:02.9,大,8-8-8-8,43.7,37.0,6,438(-6),00437,[東]南田美知,145030,横尾晴人,,"3,5(1,6)(2,4)7,8",8,1,3.0,False,"3,5(1,6)2,4,7,8",8,1,6.0,False,"(*3,5)(1,2,6)(7,4)-8",8,1,3.5,False,"(*3,5)(1,2,6)4,7=8",8,1,7.5,False,11,
202202011102,2,3歳未勝利,ダ,1700,曇,稍重,10:25,2022-07-16,函館,1,8,14,2019100624,ルチア,牝3,54,01170,横山武史,1:48.1,,3-3-2-2,38.3,3.7,1,492(-4),01102,[東]大竹正博,788800,ノースヒルズ,520.0,"2,6(9,14)(13,11)3(1,10)(4,5,7)-8   12",3,2,1.5,False,"2-6(9,14)(1,13,11)(3,10)-(4,5,7)=8   12",3,2,3.5,False,"(*2,6,14)(1,11)-(4,9,10)(3,7)(13,5)=8   12",2,3,0.0,False,"(*2,14)6(1,11)-(4,9)(13,3)(7,5)10=8   12",2,2,0.0,False,-15,
202202011102,2,3歳未勝利,ダ,1700,曇,稍重,10:25,2022-07-16,函館,2,1,1,2019104684,ベガスバケーション,牝3,54,01091,丹内祐次,1:48.1,クビ,8-5-4-4,38.1,9.3,5,432(+2),01108,[東]矢野英一,415800,社台レースホース,210.0,"2,6(9,14)(13,11)3(1,10)(4,5,7)-8   12",8,2,1.5,False,"2-6(9,14)(1,13,11)(3,10)-(4,5,7)=8   12",5,3,3.5,False,"(*2,6,14)(1,11)-(4,9,10)(3,7)(13,5)=8   12",4,2,0.0,False,"(*2,14)6(1,11)-(4,9)(13,3)(7,5)10=8   12",4,2,0.0,False,-15,
202202011102,2,3歳未勝利,ダ,1700,曇,稍重,10:25,2022-07-16,函館,3,3,3,2019104086,エピファニアペスカ,牝3,51,01202,鷲頭虎太,1:48.6,3,7-8-9-8,38.1,5.4,4,466(-10),01083,[西]松永昌博,417030,山田信太郎,130.0,"2,6(9,14)(13,11)3(1,10)(4,5,7)-8   12",7,1,1.5,False,"2-6(9,14)(1,13,11)(3,10)-(4,5,7)=8   12",8,2,3.5,False,"(*2,6,14)(1,11)-(4,9,10)(3,7)(13,5)=8   12",9,2,3.5,False,"(*2,14)6(1,11)-(4,9)(13,3)(7,5)10=8   12",8,2,3.5,False,-15,
202202011102,2,3歳未勝利,ダ,1700,曇,稍重,10:25,2022-07-16,函館,4,7,11,2019104924,ベッラアルバ,牝3,54,01095,吉田隼人,1:48.7,1/2,5-5-4-4,38.8,4.1,2,456(-2),01039,[西]中竹和也,415800,社台レースホース,78.0,"2,6(9,14)(13,11)3(1,10)(4,5,7)-8   12",5,2,1.5,False,"2-6(9,14)(1,13,11)(3,10)-(4,5,7)=8   12",5,3,3.5,False,"(*2,6,14)(1,11)-(4,9,10)(3,7)(13,5)=8   12",4,2,0.0,False,"(*2,14)6(1,11)-(4,9)(13,3)(7,5)10=8   12",4,2,0.0,False,-15,
202202011102,2,3歳未勝利,ダ,1700,曇,稍重,10:25,2022-07-16,函館,5,3,4,2019104794,デルマニンフ,牝3,54,01062,川島信二,1:49.0,1.3/4,10-10-6-6,38.7,51.1,11,400(-6),01095,[西]荒川義之,274002,浅沼廣幸,52.0,"2,6(9,14)(13,11)3(1,10)(4,5,7)-8   12",10,3,1.5,False,"2-6(9,14)(1,13,11)(3,10)-(4,5,7)=8   12",10,3,7.0,False,"(*2,6,14)(1,11)-(4,9,10)(3,7)(13,5)=8   12",6,3,3.5,False,"(*2,14)6(1,11)-(4,9)(13,3)(7,5)10=8   12",6,2,3.5,False,-15,
202202011102,2,3歳未勝利,ダ,1700,曇,稍重,10:25,2022-07-16,函館,6,2,2,2019101022,ピッコロバンビーナ,牝3,51,01200,西塚洸二,1:49.0,クビ,1-1-1-1,39.3,44.6,9,442(+6),01190,[東]村田一誠,074031,谷口祐人,,"2,6(9,14)(13,11)3(1,10)(4,5,7)-8   12",1,1,0.0,False,"2-6(9,14)(1,13,11)(3,10)-(4,5,7)=8   12",1,1,0.0,False,"(*2,6,14)(1,11)-(4,9,10)(3,7)(13,5)=8   12",1,3,0.0,True,"(*2,14)6(1,11)-(4,9)(13,3)(7,5)10=8   12",1,2,0.0,True,-15,
202202011102,2,3歳未勝利,ダ,1700,曇,稍重,10:25,2022-07-16,函館,6,4,6,2019105573,コルティーナ,牝3,54,01157,鮫島克駿,1:49.0,同着,2-2-2-3,39.2,4.9,3,490(-2),01154,[西]橋口慎介,486800,キャロットファーム,,"2,6(9,14)(13,11)3(1,10)(4,5,7)-8   12",2,1,1.5,False,"2-6(9,14)(1,13,11)(3,10)-(4,5,7)=8   12",2,1,3.5,False,"(*2,6,14)(1,11)-(4,9,10)(3,7)(13,5)=8   12",2,3,0.0,False,"(*2,14)6(1,11)-(4,9)(13,3)(7,5)10=8   12",3,1,0.0,False,-15,
202202011102,2,3歳未勝利,ダ,1700,曇,稍重,10:25,2022-07-16,函館,8,8,13,2019105501,シゲルハナミザケ,牝3,51,01192,横山琉人,1:49.1,3/4,5-5-11-8,38.5,32.8,7,464(0),01111,[西]鈴木孝志,674004,森中蕃,,"2,6(9,14)(13,11)3(1,10)(4,5,7)-8   12",5,2,1.5,False,"2-6(9,14)(1,13,11)(3,10)-(4,5,7)=8   12",5,3,3.5,False,"(*2,6,14)(1,11)-(4,9,10)(3,7)(13,5)=8   12",11,2,3.5,False,"(*2,14)6(1,11)-(4,9)(13,3)(7,5)10=8   12",8,2,3.5,False,-15,
202202011102,2,3歳未勝利,ダ,1700,曇,稍重,10:25,2022-07-16,函館,9,6,9,2019102331,テーオーシャンス,牝3,54,01144,菱田裕二,1:49.4,1.1/2,3-3-6-6,39.1,62.5,12,418(-2),01176,[西]吉岡辰弥,304008,小笹公也,,"2,6(9,14)(13,11)3(1,10)(4,5,7)-8   12",3,2,1.5,False,"2-6(9,14)(1,13,11)(3,10)-(4,5,7)=8   12",3,2,3.5,False,"(*2,6,14)(1,11)-(4,9,10)(3,7)(13,5)=8   12",6,3,3.5,False,"(*2,14)6(1,11)-(4,9)(13,3)(7,5)10=8   12",6,2,3.5,False,-15,
202202011102,2,3歳未勝利,ダ,1700,曇,稍重,10:25,2022-07-16,函館,10,4,5,2019104671,ホヲユイットウ,牝3,54,01178,斎藤新,1:49.5,1/2,10-10-11-10,38.9,33.9,8,414(-2),01165,[東]和田勇介,634033,村田能光,,"2,6(9,14)(13,11)3(1,10)(4,5,7)-8   12",10,3,1.5,False,"2-6(9,14)(1,13,11)(3,10)-(4,5,7)=8   12",10,3,7.0,False,"(*2,6,14)(1,11)-(4,9,10)(3,7)(13,5)=8   12",11,2,3.5,False,"(*2,14)6(1,11)-(4,9)(13,3)(7,5)10=8   12",10,2,3.5,False,-15,
202202011102,2,3歳未勝利,ダ,1700,曇,稍重,10:25,2022-07-16,函館,11,5,7,2019101645,ユイ,牝3,50,01190,古川奈穂,1:49.7,1.1/4,10-10-9-10,39.2,9.8,6,438(-4),01135,[西]高橋康之,380033,佐藤理,,"2,6(9,14)(13,11)3(1,10)(4,5,7)-8   12",10,3,1.5,False,"2-6(9,14)(1,13,11)(3,10)-(4,5,7)=8   12",10,3,7.0,False,"(*2,6,14)(1,11)-(4,9,10)(3,7)(13,5)=8   12",9,2,3.5,False,"(*2,14)6(1,11)-(4,9)(13,3)(7,5)10=8   12",10,2,3.5,False,-15,
202202011102,2,3歳未勝利,ダ,1700,曇,稍重,10:25,2022-07-16,函館,12,6,10,2019100763,コスモパンドラ,牝3,54,01109,黛弘人,1:50.2,3,8-8-6-12,39.9,166.5,13,452(+4),01096,[東]粕谷昌央,716800,ビッグレッドファーム,,"2,6(9,14)(13,11)3(1,10)(4,5,7)-8   12",8,2,1.5,False,"2-6(9,14)(1,13,11)(3,10)-(4,5,7)=8   12",8,2,3.5,False,"(*2,6,14)(1,11)-(4,9,10)(3,7)(13,5)=8   12",6,3,3.5,False,"(*2,14)6(1,11)-(4,9)(13,3)(7,5)10=8   12",12,1,3.5,False,-15,
202202011102,2,3歳未勝利,ダ,1700,曇,稍重,10:25,2022-07-16,函館,13,5,8,2019109076,キョウエイパーリオ,牝3,53,01181,秋山稔樹,1:51.0,5,13-13-13-13,39.0,47.0,10,494(+8),01081,[東]中川公成,619002,田中晴夫,,"2,6(9,14)(13,11)3(1,10)(4,5,7)-8   12",13,1,5.0,False,"2-6(9,14)(1,13,11)(3,10)-(4,5,7)=8   12",13,1,13.0,False,"(*2,6,14)(1,11)-(4,9,10)(3,7)(13,5)=8   12",13,1,9.5,False,"(*2,14)6(1,11)-(4,9)(13,3)(7,5)10=8   12",13,1,9.5,False,-15,
202202011102,2,3歳未勝利,ダ,1700,曇,稍重,10:25,2022-07-16,函館,除,7,12,2019103191,シーズマイホープ,牝3,51,01177,小林凌大,,,,,---,,442(-8),01103,[東]尾関知人,849030,山口功一郎,,"2,6(9,14)(13,11)3(1,10)(4,5,7)-8   12",14,1,11.0,False,"2-6(9,14)(1,13,11)(3,10)-(4,5,7)=8   12",14,1,19.0,False,"(*2,6,14)(1,11)-(4,9,10)(3,7)(13,5)=8   12",14,1,15.5,False,"(*2,14)6(1,11)-(4,9)(13,3)(7,5)10=8   12",14,1,15.5,False,-15,
202202011103,3,3歳未勝利,芝,1200,曇,稍重,10:55,2022-07-16,函館,1,1,2,2019107071,シンゼンコイチャン,牝3,54,01032,池添謙一,1:10.9,,5-4,35.9,16.5,7,462(+12),01139,[西]飯田祐史,043030,原司郎,520.0,,,,,,,,,,,"13,7(1,12)(2,9)(8,6,10,15)4(5,11)3-(14,16)",5,2,1.5,False,"(*13,7)1(2,12)(8,9,10,15)(5,6,11)(4,3)-16,14",4,2,0.0,False,11,
202202011103,3,3歳未勝利,芝,1200,曇,稍重,10:55,2022-07-16,函館,2,4,8,2019101446,ワンリオン,牡3,53,01192,横山琉人,1:10.9,ハナ,7-6,35.7,4.6,2,490(-4),01113,[西]牧浦充徳,889006,河村祥史,210.0,,,,,,,,,,,"13,7(1,12)(2,9)(8,6,10,15)4(5,11)3-(14,16)",7,4,1.5,False,"(*13,7)1(2,12)(8,9,10,15)(5,6,11)(4,3)-16,14",6,4,0.0,False,11,
202202011103,3,3歳未勝利,芝,1200,曇,稍重,10:55,2022-07-16,函館,3,5,10,2019100666,イラーレ,牝3,54,00666,武豊,1:11.0,クビ,7-6,35.8,2.4,1,426(+2),01078,[西]北出成人,788800,ノースヒルズ,130.0,,,,,,,,,,,"13,7(1,12)(2,9)(8,6,10,15)4(5,11)3-(14,16)",7,4,1.5,False,"(*13,7)1(2,12)(8,9,10,15)(5,6,11)(4,3)-16,14",6,4,0.0,False,11,
202202011103,3,3歳未勝利,芝,1200,曇,稍重,10:55,2022-07-16,函館,4,7,13,2019100411,タマモペアリング,牝3,52,01186,角田大和,1:11.2,1.1/4,1-1,36.7,10.6,5,464(+6),01121,[西]角田晃一,515800,タマモ,78.0,,,,,,,,,,,"13,7(1,12)(2,9)(8,6,10,15)4(5,11)3-(14,16)",1,1,0.0,False,"(*13,7)1(2,12)(8,9,10,15)(5,6,11)(4,3)-16,14",1,2,0.0,True,11,
202202011103,3,3歳未勝利,芝,1200,曇,稍重,10:55,2022-07-16,函館,5,2,3,2019100590,ステラフィオーレ,牝3,54,01093,藤岡佑介,1:11.2,ハナ,14-13,35.4,121.7,11,466(+6),01092,[西]松永幹夫,358803,ホシノレーシング,52.0,,,,,,,,,,,"13,7(1,12)(2,9)(8,6,10,15)4(5,11)3-(14,16)",14,1,1.5,False,"(*13,7)1(2,12)(8,9,10,15)(5,6,11)(4,3)-16,14",13,2,0.0,False,11,
202202011103,3,3歳未勝利,芝,1200,曇,稍重,10:55,2022-07-16,函館,6,4,7,2019104865,ファイアーコード,牝3,51,01194,大久保友,1:11.4,1.1/2,2-2,36.8,315.2,16,424(+2),01082,[西]平田修,851009,岡田牧雄,,,,,,,,,,,,"13,7(1,12)(2,9)(8,6,10,15)4(5,11)3-(14,16)",2,1,1.5,False,"(*13,7)1(2,12)(8,9,10,15)(5,6,11)(4,3)-16,14",2,2,0.0,False,11,
202202011103,3,3歳未勝利,芝,1200,曇,稍重,10:55,2022-07-16,函館,7,5,9,2019100739,コスモサルム,牡3,56,01091,丹内祐次,1:11.6,3/4,5-6,36.6,16.3,6,466(-2),01124,[東]大和田成,716800,ビッグレッドファーム,,,,,,,,,,,,"13,7(1,12)(2,9)(8,6,10,15)4(5,11)3-(14,16)",5,2,1.5,False,"(*13,7)1(2,12)(8,9,10,15)(5,6,11)(4,3)-16,14",6,4,0.0,False,11,
202202011103,3,3歳未勝利,芝,1200,曇,稍重,10:55,2022-07-16,函館,8,6,12,2019101983,ショウナンタイジュ,牡3,56,01127,丸山元気,1:11.6,ハナ,3-4,36.8,5.3,3,478(-10),01195,[東]嘉藤貴行,331002,国本哲秀,,,,,,,,,,,,"13,7(1,12)(2,9)(8,6,10,15)4(5,11)3-(14,16)",3,2,1.5,False,"(*13,7)1(2,12)(8,9,10,15)(5,6,11)(4,3)-16,14",4,2,0.0,False,11,
202202011103,3,3歳未勝利,芝,1200,曇,稍重,10:55,2022-07-16,函館,9,3,5,2019102648,エスティメート,牡3,56,01109,黛弘人,1:11.8,1.1/4,12-10,36.2,176.8,14,462(-2),01077,[東]加藤和宏,629800,ミルファーム,,,,,,,,,,,,"13,7(1,12)(2,9)(8,6,10,15)4(5,11)3-(14,16)",12,2,1.5,False,"(*13,7)1(2,12)(8,9,10,15)(5,6,11)(4,3)-16,14",10,3,0.0,False,11,
202202011103,3,3歳未勝利,芝,1200,曇,稍重,10:55,2022-07-16,函館,10,1,1,2019106190,ハッピーノリクン,牡3,53,01177,小林凌大,1:11.8,クビ,3-3,37.0,27.1,9,438(+2),01026,[東]鈴木伸尋,016033,足立範子,,,,,,,,,,,,"13,7(1,12)(2,9)(8,6,10,15)4(5,11)3-(14,16)",3,2,1.5,False,"(*13,7)1(2,12)(8,9,10,15)(5,6,11)(4,3)-16,14",3,1,0.0,False,11,
202202011103,3,3歳未勝利,芝,1200,曇,稍重,10:55,2022-07-16,函館,11,8,15,2019105871,ヒロシゲパール,牝3,51,01202,鷲頭虎太,1:11.9,1/2,7-6,36.7,10.1,4,480(-2),01170,[西]坂口智康,083803,ウエストヒルズ,,,,,,,,,,,,"13,7(1,12)(2,9)(8,6,10,15)4(5,11)3-(14,16)",7,4,1.5,False,"(*13,7)1(2,12)(8,9,10,15)(5,6,11)(4,3)-16,14",6,4,0.0,False,11,
202202011103,3,3歳未勝利,芝,1200,曇,稍重,10:55,2022-07-16,函館,12,6,11,2019110028,マーナーパス,牡3,56,01144,菱田裕二,1:12.1,1.1/4,12-10,36.5,99.7,10,472(-4),01066,[西]岡田稲男,003060,ゴドルフィン,,,,,,,,,,,,"13,7(1,12)(2,9)(8,6,10,15)4(5,11)3-(14,16)",12,2,1.5,False,"(*13,7)1(2,12)(8,9,10,15)(5,6,11)(4,3)-16,14",10,3,0.0,False,11,
202202011103,3,3歳未勝利,芝,1200,曇,稍重,10:55,2022-07-16,函館,13,3,6,2019100881,アルファロッソ,牝3,50,01190,古川奈穂,1:12.4,1.1/2,7-10,37.2,184.4,15,442(-2),01075,[西]矢作芳人,472800,貴悦,,,,,,,,,,,,"13,7(1,12)(2,9)(8,6,10,15)4(5,11)3-(14,16)",7,4,1.5,False,"(*13,7)1(2,12)(8,9,10,15)(5,6,11)(4,3)-16,14",10,3,0.0,False,11,
202202011103,3,3歳未勝利,芝,1200,曇,稍重,10:55,2022-07-16,函館,14,8,16,2019100220,フェデフルール,牝3,54,01112,荻野琢真,1:13.0,3.1/2,15-15,36.9,127.7,12,448(+20),01101,[西]吉田直弘,030803,コスモヴューファーム,,,,,,,,,,,,"13,7(1,12)(2,9)(8,6,10,15)4(5,11)3-(14,16)",15,2,5.0,False,"(*13,7)1(2,12)(8,9,10,15)(5,6,11)(4,3)-16,14",15,1,3.5,False,11,
202202011103,3,3歳未勝利,芝,1200,曇,稍重,10:55,2022-07-16,函館,15,2,4,2019110131,ゴールデンベリル,牝3,52,01178,斎藤新,1:13.1,3/4,11-13,37.8,24.4,8,440(-8),01096,[東]粕谷昌央,716800,ビッグレッドファーム,,,,,,,,,,,,"13,7(1,12)(2,9)(8,6,10,15)4(5,11)3-(14,16)",11,1,1.5,False,"(*13,7)1(2,12)(8,9,10,15)(5,6,11)(4,3)-16,14",13,2,0.0,False,11,
202202011103,3,3歳未勝利,芝,1200,曇,稍重,10:55,2022-07-16,函館,16,7,14,2019104931,スリーエクセレント,牡3,56,01095,吉田隼人,1:13.8,4,15-16,37.7,171.8,13,480(-6),01062,[西]藤岡健一,015008,青山洋一,,,,,,,,,,,,"13,7(1,12)(2,9)(8,6,10,15)4(5,11)3-(14,16)",15,2,5.0,False,"(*13,7)1(2,12)(8,9,10,15)(5,6,11)(4,3)-16,14",16,1,5.0,False,11,
202202011104,4,3歳未勝利,ダ,1700,小雨,稍重,11:25,2022-07-16,函館,1,8,14,2019110076,ワンダフルヘヴン,牝3,54,01144,菱田裕二,1:45.7,,2-2-2-2,38.4,1.8,1,486(-4),01067,[東]久保田貴,086803,レッドマジック,520.0,"7,14(6,12)(4,5,10,13)1-8(2,11)-3,9",2,1,1.5,False,"7(6,14)12(1,4,10,13)5,8,11,2-(3,9)",2,2,0.0,False,"(*7,14)12,6-1-(10,13)8(4,11)(2,5)(3,9)",2,2,0.0,False,"(*7,14)-12,6,1=8,13(10,11)2(4,9)(3,5)",2,2,0.0,False,-15,
202202011104,4,3歳未勝利,ダ,1700,小雨,稍重,11:25,2022-07-16,函館,2,7,12,2019104593,アトランティス,牡3,56,05203,岩田康誠,1:46.5,5,3-4-3-3,39.0,12.7,4,490(0),01164,[西]安田翔伍,849030,山口功一郎,210.0,"7,14(6,12)(4,5,10,13)1-8(2,11)-3,9",3,2,1.5,False,"7(6,14)12(1,4,10,13)5,8,11,2-(3,9)",4,1,0.0,False,"(*7,14)12,6-1-(10,13)8(4,11)(2,5)(3,9)",3,1,0.0,False,"(*7,14)-12,6,1=8,13(10,11)2(4,9)(3,5)",3,1,3.5,False,-15,
202202011104,4,3歳未勝利,ダ,1700,小雨,稍重,11:25,2022-07-16,函館,3,5,7,2019101092,レオプレシード,牡3,56,01091,丹内祐次,1:46.7,1.1/4,1-1-1-1,39.5,16.1,5,516(+2),01171,[東]小手川準,209800,レオ,130.0,"7,14(6,12)(4,5,10,13)1-8(2,11)-3,9",1,1,0.0,False,"7(6,14)12(1,4,10,13)5,8,11,2-(3,9)",1,1,0.0,False,"(*7,14)12,6-1-(10,13)8(4,11)(2,5)(3,9)",1,2,0.0,True,"(*7,14)-12,6,1=8,13(10,11)2(4,9)(3,5)",1,2,0.0,True,-15,
202202011104,4,3歳未勝利,ダ,1700,小雨,稍重,11:25,2022-07-16,函館,4,1,1,2019103395,ミルトイグニス,牡3,56,01178,斎藤新,1:47.5,5,9-5-5-5,39.4,5.5,3,506(+4),01089,[東]武市康男,695033,永山勝敏,78.0,"7,14(6,12)(4,5,10,13)1-8(2,11)-3,9",9,1,1.5,False,"7(6,14)12(1,4,10,13)5,8,11,2-(3,9)",5,4,0.0,False,"(*7,14)12,6-1-(10,13)8(4,11)(2,5)(3,9)",5,1,5.0,False,"(*7,14)-12,6,1=8,13(10,11)2(4,9)(3,5)",5,1,6.5,False,-15,
202202011104,4,3歳未勝利,ダ,1700,小雨,稍重,11:25,2022-07-16,函館,5,4,6,2019100874,テイエムビシャモン,牡3,56,01015,古川吉洋,1:47.7,3/4,3-2-4-4,40.0,4.1,2,492(+2),01033,[西]木原一良,356002,竹園正繼,52.0,"7,14(6,12)(4,5,10,13)1-8(2,11)-3,9",3,2,1.5,False,"7(6,14)12(1,4,10,13)5,8,11,2-(3,9)",2,2,0.0,False,"(*7,14)12,6-1-(10,13)8(4,11)(2,5)(3,9)",4,1,1.5,False,"(*7,14)-12,6,1=8,13(10,11)2(4,9)(3,5)",4,1,5.0,False,-15,
202202011104,4,3歳未勝利,ダ,1700,小雨,稍重,11:25,2022-07-16,函館,6,5,8,2019106144,メダツヤツ,牡3,56,01109,黛弘人,1:47.8,3/4,10-10-8-6,38.9,138.5,12,434(-18),00405,[東]小西一男,872006,松尾正,,"7,14(6,12)(4,5,10,13)1-8(2,11)-3,9",10,1,5.0,False,"7(6,14)12(1,4,10,13)5,8,11,2-(3,9)",10,1,1.5,False,"(*7,14)12,6-1-(10,13)8(4,11)(2,5)(3,9)",8,1,8.5,False,"(*7,14)-12,6,1=8,13(10,11)2(4,9)(3,5)",6,1,12.5,False,-15,
202202011104,4,3歳未勝利,ダ,1700,小雨,稍重,11:25,2022-07-16,函館,7,7,11,2019101840,モーゲン,牡3,56,01032,池添謙一,1:48.3,2.1/2,11-11-9-8,39.3,203.9,13,438(-4),01138,[西]浜田多実,189033,宮田美恵子,,"7,14(6,12)(4,5,10,13)1-8(2,11)-3,9",11,2,5.0,False,"7(6,14)12(1,4,10,13)5,8,11,2-(3,9)",11,1,3.0,False,"(*7,14)12,6-1-(10,13)8(4,11)(2,5)(3,9)",9,2,8.5,False,"(*7,14)-12,6,1=8,13(10,11)2(4,9)(3,5)",8,2,14.0,False,-15,
202202011104,4,3歳未勝利,ダ,1700,小雨,稍重,11:25,2022-07-16,函館,8,8,13,2019100526,ラッフルズプレース,牡3,56,01127,丸山元気,1:48.8,3,5-5-6-7,40.3,91.2,10,450(+2),01163,[東]林徹,398030,保坂和孝,,"7,14(6,12)(4,5,10,13)1-8(2,11)-3,9",5,4,1.5,False,"7(6,14)12(1,4,10,13)5,8,11,2-(3,9)",5,4,0.0,False,"(*7,14)12,6-1-(10,13)8(4,11)(2,5)(3,9)",6,2,8.5,False,"(*7,14)-12,6,1=8,13(10,11)2(4,9)(3,5)",7,1,14.0,False,-15,
202202011104,4,3歳未勝利,ダ,1700,小雨,稍重,11:25,2022-07-16,函館,9,2,2,2019101470,クリノソプラノ,牝3,51,01177,小林凌大,1:49.2,2.1/2,11-12-11-10,40.0,251.4,14,470(-8),01031,[東]伊藤伸一,970006,栗本博晴,,"7,14(6,12)(4,5,10,13)1-8(2,11)-3,9",11,2,5.0,False,"7(6,14)12(1,4,10,13)5,8,11,2-(3,9)",12,1,4.5,False,"(*7,14)12,6-1-(10,13)8(4,11)(2,5)(3,9)",11,2,8.5,False,"(*7,14)-12,6,1=8,13(10,11)2(4,9)(3,5)",10,1,14.0,False,-15,
202202011104,4,3歳未勝利,ダ,1700,小雨,稍重,11:25,2022-07-16,函館,10,6,9,2019103029,ブラックオパール,牝3,51,01192,横山琉人,1:49.8,3.1/2,14-13-13-11,40.3,17.6,6,490(+6),01149,[西]松下武士,170800,ロードホースクラブ,,"7,14(6,12)(4,5,10,13)1-8(2,11)-3,9",14,1,10.0,False,"7(6,14)12(1,4,10,13)5,8,11,2-(3,9)",13,2,8.0,False,"(*7,14)12,6-1-(10,13)8(4,11)(2,5)(3,9)",13,2,8.5,False,"(*7,14)-12,6,1=8,13(10,11)2(4,9)(3,5)",11,2,14.0,False,-15,
202202011104,4,3歳未勝利,ダ,1700,小雨,稍重,11:25,2022-07-16,函館,11,4,5,2019102953,チャコワールド,牡3,52,01190,古川奈穂,1:50.1,1.3/4,5-9-11-13,40.9,63.2,8,430(+2),01046,[西]鮫島一歩,831033,中島俊房,,"7,14(6,12)(4,5,10,13)1-8(2,11)-3,9",5,4,1.5,False,"7(6,14)12(1,4,10,13)5,8,11,2-(3,9)",9,1,0.0,False,"(*7,14)12,6-1-(10,13)8(4,11)(2,5)(3,9)",11,2,8.5,False,"(*7,14)-12,6,1=8,13(10,11)2(4,9)(3,5)",13,2,14.0,False,-15,
202202011104,4,3歳未勝利,ダ,1700,小雨,稍重,11:25,2022-07-16,函館,12,3,4,2019109028,ケーリエール,牡3,55,01182,泉谷楓真,1:50.2,3/4,5-5-9-11,41.2,56.9,7,482(-10),01099,[西]本田優,894030,村上憲政,,"7,14(6,12)(4,5,10,13)1-8(2,11)-3,9",5,4,1.5,False,"7(6,14)12(1,4,10,13)5,8,11,2-(3,9)",5,4,0.0,False,"(*7,14)12,6-1-(10,13)8(4,11)(2,5)(3,9)",9,2,8.5,False,"(*7,14)-12,6,1=8,13(10,11)2(4,9)(3,5)",11,2,14.0,False,-15,
202202011104,4,3歳未勝利,ダ,1700,小雨,稍重,11:25,2022-07-16,函館,13,3,3,2019110075,フウジンショウジョ,牝3,52,01186,角田大和,1:51.4,7,13-13-13-13,41.9,91.7,11,496(0),01112,[東]田島俊明,086803,レッドマジック,,"7,14(6,12)(4,5,10,13)1-8(2,11)-3,9",13,1,8.5,False,"7(6,14)12(1,4,10,13)5,8,11,2-(3,9)",13,2,8.0,False,"(*7,14)12,6-1-(10,13)8(4,11)(2,5)(3,9)",13,2,8.5,False,"(*7,14)-12,6,1=8,13(10,11)2(4,9)(3,5)",13,2,14.0,False,-15,
202202011104,4,3歳未勝利,ダ,1700,小雨,稍重,11:25,2022-07-16,函館,14,6,10,2019101649,オフショアガール,牝3,54,01062,川島信二,1:52.4,6,5-5-6-8,43.8,80.8,9,438(+6),01073,[西]宮本博,362800,下河辺牧場,,"7,14(6,12)(4,5,10,13)1-8(2,11)-3,9",5,4,1.5,False,"7(6,14)12(1,4,10,13)5,8,11,2-(3,9)",5,4,0.0,False,"(*7,14)12,6-1-(10,13)8(4,11)(2,5)(3,9)",6,2,8.5,False,"(*7,14)-12,6,1=8,13(10,11)2(4,9)(3,5)",8,2,14.0,False,-15,
202202011105,5,3歳未勝利,芝,2000,小雨,稍重,12:15,2022-07-16,函館,1,6,11,2019105466,オウケンムーンアイ,牝3,54,01144,菱田裕二,2:04.6,,11-12-9-6,37.3,12.8,6,428(-6),01175,[東]宮田敬介,731006,福井明,520.0,"1(2,12)(5,7)13,10(3,8)14(4,9,11)-15,6-16",11,3,1.5,False,"1,2,12,5(7,13)10,3,8(4,14)(9,11)-15,6,16",12,2,7.5,False,"1,2(5,12,13)7(3,10)(14,11)(4,6)8(15,9)16",9,2,1.5,False,"(*1,2)(5,12,13)(7,11)3(14,10,6)(4,15,9)(16,8)",6,2,0.0,False,13,
202202011105,5,3歳未勝利,芝,2000,小雨,稍重,12:15,2022-07-16,函館,2,1,2,2019104080,ダノンフロイデ,牡3,56,01140,横山和生,2:04.6,クビ,2-2-2-2,38.0,6.0,3,470(-2),01055,[西]藤原英昭,619800,ダノックス,210.0,"1(2,12)(5,7)13,10(3,8)14(4,9,11)-15,6-16",2,2,0.0,False,"1,2,12,5(7,13)10,3,8(4,14)(9,11)-15,6,16",2,1,1.5,False,"1,2(5,12,13)7(3,10)(14,11)(4,6)8(15,9)16",2,1,1.5,False,"(*1,2)(5,12,13)(7,11)3(14,10,6)(4,15,9)(16,8)",2,2,0.0,False,13,
202202011105,5,3歳未勝利,芝,2000,小雨,稍重,12:15,2022-07-16,函館,3,8,15,2019100675,オオキニ,牡3,56,01093,藤岡佑介,2:04.7,1/2,14-14-14-12,36.9,21.8,10,442(-8),01111,[西]鈴木孝志,370008,岡浩二,130.0,"1(2,12)(5,7)13,10(3,8)14(4,9,11)-15,6-16",14,1,5.0,False,"1,2,12,5(7,13)10,3,8(4,14)(9,11)-15,6,16",14,1,11.0,False,"1,2(5,12,13)7(3,10)(14,11)(4,6)8(15,9)16",14,2,1.5,False,"(*1,2)(5,12,13)(7,11)3(14,10,6)(4,15,9)(16,8)",12,3,0.0,False,13,
202202011105,5,3歳未勝利,芝,2000,小雨,稍重,12:15,2022-07-16,函館,4,3,5,2019104052,ジェトライ,牝3,52,01186,角田大和,2:04.8,1/2,4-4-3-3,38.0,21.8,9,476(+8),01137,[西]中内田充,030060,Ｈ．Ｈ．シェイク・フ...,78.0,"1(2,12)(5,7)13,10(3,8)14(4,9,11)-15,6-16",4,2,0.0,False,"1,2,12,5(7,13)10,3,8(4,14)(9,11)-15,6,16",4,1,4.5,False,"1,2(5,12,13)7(3,10)(14,11)(4,6)8(15,9)16",3,3,1.5,False,"(*1,2)(5,12,13)(7,11)3(14,10,6)(4,15,9)(16,8)",3,3,0.0,False,13,
202202011105,5,3歳未勝利,芝,2000,小雨,稍重,12:15,2022-07-16,函館,5,2,4,2019106038,ヒルノロワール,牡3,56,01030,松田大作,2:05.0,1.1/2,11-10-11-12,37.5,52.1,11,482(-14),01078,[西]北出成人,823800,ヒルノ,52.0,"1(2,12)(5,7)13,10(3,8)14(4,9,11)-15,6-16",11,3,1.5,False,"1,2,12,5(7,13)10,3,8(4,14)(9,11)-15,6,16",10,2,7.5,False,"1,2(5,12,13)7(3,10)(14,11)(4,6)8(15,9)16",11,2,1.5,False,"(*1,2)(5,12,13)(7,11)3(14,10,6)(4,15,9)(16,8)",12,3,0.0,False,13,
202202011105,5,3歳未勝利,芝,2000,小雨,稍重,12:15,2022-07-16,函館,6,6,12,2019100759,マイネルキング,牡3,56,01170,横山武史,2:05.0,クビ,2-3-3-3,38.2,7.6,5,482(+2),01020,[東]相沢郁,546800,サラブレッドクラブ・...,,"1(2,12)(5,7)13,10(3,8)14(4,9,11)-15,6-16",2,2,0.0,False,"1,2,12,5(7,13)10,3,8(4,14)(9,11)-15,6,16",3,1,3.0,False,"1,2(5,12,13)7(3,10)(14,11)(4,6)8(15,9)16",3,3,1.5,False,"(*1,2)(5,12,13)(7,11)3(14,10,6)(4,15,9)(16,8)",3,3,0.0,False,13,
202202011105,5,3歳未勝利,芝,2000,小雨,稍重,12:15,2022-07-16,函館,7,3,6,2019106416,キセキノエンジェル,牝3,54,01025,勝浦正樹,2:05.0,ハナ,15-15-11-9,37.5,3.8,1,452(0),00428,[東]石毛善彦,011033,川島与市,,"1(2,12)(5,7)13,10(3,8)14(4,9,11)-15,6-16",15,1,6.5,False,"1,2,12,5(7,13)10,3,8(4,14)(9,11)-15,6,16",15,1,12.5,False,"1,2(5,12,13)7(3,10)(14,11)(4,6)8(15,9)16",11,2,1.5,False,"(*1,2)(5,12,13)(7,11)3(14,10,6)(4,15,9)(16,8)",9,3,0.0,False,13,
202202011105,5,3歳未勝利,芝,2000,小雨,稍重,12:15,2022-07-16,函館,8,2,3,2019103742,ムガ,牝3,54,01015,古川吉洋,2:05.1,1/2,8-8-7-8,38.0,67.0,14,464(+6),01032,[西]大根田裕,497031,村田博司,,"1(2,12)(5,7)13,10(3,8)14(4,9,11)-15,6-16",8,2,1.5,False,"1,2,12,5(7,13)10,3,8(4,14)(9,11)-15,6,16",8,1,6.0,False,"1,2(5,12,13)7(3,10)(14,11)(4,6)8(15,9)16",7,2,1.5,False,"(*1,2)(5,12,13)(7,11)3(14,10,6)(4,15,9)(16,8)",8,1,0.0,False,13,
202202011105,5,3歳未勝利,芝,2000,小雨,稍重,12:15,2022-07-16,函館,9,8,16,2019100740,ヴァンデスト,牝3,54,01091,丹内祐次,2:05.2,クビ,16-16-16-15,37.2,19.5,8,400(+6),01100,[東]松山将樹,546800,サラブレッドクラブ・...,,"1(2,12)(5,7)13,10(3,8)14(4,9,11)-15,6-16",16,1,10.0,False,"1,2,12,5(7,13)10,3,8(4,14)(9,11)-15,6,16",16,1,14.0,False,"1,2(5,12,13)7(3,10)(14,11)(4,6)8(15,9)16",16,1,1.5,False,"(*1,2)(5,12,13)(7,11)3(14,10,6)(4,15,9)(16,8)",15,2,0.0,False,13,
202202011105,5,3歳未勝利,芝,2000,小雨,稍重,12:15,2022-07-16,函館,10,5,9,2019104836,ウィングローリー,牡3,53,01202,鷲頭虎太,2:05.4,1.1/4,11-12-14-12,37.6,14.6,7,458(-10),01184,[西]四位洋文,945006,原田豊,,"1(2,12)(5,7)13,10(3,8)14(4,9,11)-15,6-16",11,3,1.5,False,"1,2,12,5(7,13)10,3,8(4,14)(9,11)-15,6,16",12,2,7.5,False,"1,2(5,12,13)7(3,10)(14,11)(4,6)8(15,9)16",14,2,1.5,False,"(*1,2)(5,12,13)(7,11)3(14,10,6)(4,15,9)(16,8)",12,3,0.0,False,13,
202202011105,5,3歳未勝利,芝,2000,小雨,稍重,12:15,2022-07-16,函館,11,7,13,2019100461,ハコダテジョー,牡3,53,01192,横山琉人,2:05.6,1.1/4,6-5-3-3,38.8,65.4,13,456(-4),01020,[東]相沢郁,321004,河内孝夫,,"1(2,12)(5,7)13,10(3,8)14(4,9,11)-15,6-16",6,1,0.0,False,"1,2,12,5(7,13)10,3,8(4,14)(9,11)-15,6,16",5,2,4.5,False,"1,2(5,12,13)7(3,10)(14,11)(4,6)8(15,9)16",3,3,1.5,False,"(*1,2)(5,12,13)(7,11)3(14,10,6)(4,15,9)(16,8)",3,3,0.0,False,13,
202202011105,5,3歳未勝利,芝,2000,小雨,稍重,12:15,2022-07-16,函館,12,4,7,2019102672,バレル,牡3,56,01157,鮫島克駿,2:05.7,1/2,4-5-6-6,38.7,7.4,4,470(0),01157,[西]杉山晴紀,888800,ＣＨＥＶＡＬＡＴＴＡ...,,"1(2,12)(5,7)13,10(3,8)14(4,9,11)-15,6-16",4,2,0.0,False,"1,2,12,5(7,13)10,3,8(4,14)(9,11)-15,6,16",5,2,4.5,False,"1,2(5,12,13)7(3,10)(14,11)(4,6)8(15,9)16",6,1,1.5,False,"(*1,2)(5,12,13)(7,11)3(14,10,6)(4,15,9)(16,8)",6,2,0.0,False,13,
202202011105,5,3歳未勝利,芝,2000,小雨,稍重,12:15,2022-07-16,函館,13,4,8,2019104821,ソレジャートポスト,牡3,56,01178,斎藤新,2:06.1,2.1/2,8-9-13-15,38.4,136.3,16,460(+2),01159,[西]高柳大輔,310007,吉田千津,,"1(2,12)(5,7)13,10(3,8)14(4,9,11)-15,6-16",8,2,1.5,False,"1,2,12,5(7,13)10,3,8(4,14)(9,11)-15,6,16",9,1,7.5,False,"1,2(5,12,13)7(3,10)(14,11)(4,6)8(15,9)16",13,1,1.5,False,"(*1,2)(5,12,13)(7,11)3(14,10,6)(4,15,9)(16,8)",15,2,0.0,False,13,
202202011105,5,3歳未勝利,芝,2000,小雨,稍重,12:15,2022-07-16,函館,14,7,14,2019105428,ボルダーズビーチ,牝3,54,05203,岩田康誠,2:06.2,3/4,10-10-9-9,38.9,133.5,15,452(+6),01158,[西]寺島良,506800,シルクレーシング,,"1(2,12)(5,7)13,10(3,8)14(4,9,11)-15,6-16",10,1,1.5,False,"1,2,12,5(7,13)10,3,8(4,14)(9,11)-15,6,16",10,2,7.5,False,"1,2(5,12,13)7(3,10)(14,11)(4,6)8(15,9)16",9,2,1.5,False,"(*1,2)(5,12,13)(7,11)3(14,10,6)(4,15,9)(16,8)",9,3,0.0,False,13,
202202011105,5,3歳未勝利,芝,2000,小雨,稍重,12:15,2022-07-16,函館,15,5,10,2019106520,スノーホルンロード,セ3,56,05243,柴山雄一,2:06.4,1.1/4,7-7-7-9,39.3,58.4,12,480(-10),00399,[東]国枝栄,399009,嶋田賢,,"1(2,12)(5,7)13,10(3,8)14(4,9,11)-15,6-16",7,1,1.5,False,"1,2,12,5(7,13)10,3,8(4,14)(9,11)-15,6,16",7,1,4.5,False,"1,2(5,12,13)7(3,10)(14,11)(4,6)8(15,9)16",7,2,1.5,False,"(*1,2)(5,12,13)(7,11)3(14,10,6)(4,15,9)(16,8)",9,3,0.0,False,13,
202202011105,5,3歳未勝利,芝,2000,小雨,稍重,12:15,2022-07-16,函館,16,1,1,2019105304,ゲイングラウンド,牡3,56,01095,吉田隼人,2:06.9,3,1-1-1-1,40.4,5.2,2,498(-8),01105,[西]須貝尚介,486800,キャロットファーム,,"1(2,12)(5,7)13,10(3,8)14(4,9,11)-15,6-16",1,1,0.0,False,"1,2,12,5(7,13)10,3,8(4,14)(9,11)-15,6,16",1,1,0.0,False,"1,2(5,12,13)7(3,10)(14,11)(4,6)8(15,9)16",1,1,0.0,False,"(*1,2)(5,12,13)(7,11)3(14,10,6)(4,15,9)(16,8)",1,2,0.0,True,13,
202202011106,6,3歳未勝利,ダ,1700,小雨,稍重,12:45,2022-07-16,函館,1,8,13,2019102066,バレストラ,牝3,50,01190,古川奈穂,1:46.3,,3-2-1-1,39.3,6.2,3,474(+8),01075,[西]矢作芳人,266031,ＸＩＡＯジャパン,520.0,"(1,*9)(12,13)-(3,11)4(7,14)(5,10)-(8,6)=2",3,2,0.0,False,"(*1,9,12,13)-3-11(4,7)14,10,5(8,6)-2",2,4,0.0,False,"13-1(3,9,12)7-14-(11,10)(4,8)-(5,2)-6",1,1,0.0,False,"13-3-1-(9,7)14,12-8-(10,2)4,5-11,6",1,1,0.0,False,-15,
202202011106,6,3歳未勝利,ダ,1700,小雨,稍重,12:45,2022-07-16,函館,2,3,3,2019103512,シャンダス,牡3,56,01091,丹内祐次,1:47.7,9,5-5-3-2,40.2,3.8,2,456(-6),01008,[東]杉浦宏昭,537006,西村憲人,210.0,"(1,*9)(12,13)-(3,11)4(7,14)(5,10)-(8,6)=2",5,2,3.5,False,"(*1,9,12,13)-3-11(4,7)14,10,5(8,6)-2",5,1,3.5,False,"13-1(3,9,12)7-14-(11,10)(4,8)-(5,2)-6",3,3,3.5,False,"13-3-1-(9,7)14,12-8-(10,2)4,5-11,6",2,1,3.5,False,-15,
202202011106,6,3歳未勝利,ダ,1700,小雨,稍重,12:45,2022-07-16,函館,3,1,1,2019102777,ヤマニンクイッカー,牡3,56,05243,柴山雄一,1:47.9,1,2-1-2-3,40.5,2.8,1,454(-4),01112,[東]田島俊明,329004,土井肇,130.0,"(1,*9)(12,13)-(3,11)4(7,14)(5,10)-(8,6)=2",2,2,0.0,False,"(*1,9,12,13)-3-11(4,7)14,10,5(8,6)-2",1,4,0.0,True,"13-1(3,9,12)7-14-(11,10)(4,8)-(5,2)-6",2,1,3.5,False,"13-3-1-(9,7)14,12-8-(10,2)4,5-11,6",3,1,7.0,False,-15,
202202011106,6,3歳未勝利,ダ,1700,小雨,稍重,12:45,2022-07-16,函館,4,5,8,2019103158,セイウンガレオン,牡3,56,01109,黛弘人,1:48.1,1.1/4,12-12-10-8,39.2,16.7,6,528(+2),01074,[東]奥平雅士,897009,西山茂行,78.0,"(1,*9)(12,13)-(3,11)4(7,14)(5,10)-(8,6)=2",12,2,7.0,False,"(*1,9,12,13)-3-11(4,7)14,10,5(8,6)-2",12,2,10.0,False,"13-1(3,9,12)7-14-(11,10)(4,8)-(5,2)-6",10,2,10.5,False,"13-3-1-(9,7)14,12-8-(10,2)4,5-11,6",8,1,15.5,False,-15,
202202011106,6,3歳未勝利,ダ,1700,小雨,稍重,12:45,2022-07-16,函館,5,6,9,2019102799,ニャンチンノン,牡3,53,01200,西塚洸二,1:48.3,1,1-2-3-4,40.8,29.9,7,454(0),01039,[西]中竹和也,944030,加藤誠,52.0,"(1,*9)(12,13)-(3,11)4(7,14)(5,10)-(8,6)=2",1,2,0.0,True,"(*1,9,12,13)-3-11(4,7)14,10,5(8,6)-2",2,4,0.0,False,"13-1(3,9,12)7-14-(11,10)(4,8)-(5,2)-6",3,3,3.5,False,"13-3-1-(9,7)14,12-8-(10,2)4,5-11,6",4,2,10.5,False,-15,
202202011106,6,3歳未勝利,ダ,1700,小雨,稍重,12:45,2022-07-16,函館,6,4,5,2019103537,シードザブレイク,牡3,56,01093,藤岡佑介,1:48.3,ハナ,10-11-12-12,38.9,55.6,10,498(+2),01087,[西]庄野靖志,372008,三宅勝俊,,"(1,*9)(12,13)-(3,11)4(7,14)(5,10)-(8,6)=2",10,2,3.5,False,"(*1,9,12,13)-3-11(4,7)14,10,5(8,6)-2",11,1,10.0,False,"13-1(3,9,12)7-14-(11,10)(4,8)-(5,2)-6",12,2,14.0,False,"13-3-1-(9,7)14,12-8-(10,2)4,5-11,6",12,1,20.5,False,-15,
202202011106,6,3歳未勝利,ダ,1700,小雨,稍重,12:45,2022-07-16,函館,7,5,7,2019103302,ユリシーズ,セ3,56,01015,古川吉洋,1:48.7,2,8-7-6-4,40.9,82.2,12,454(0),01032,[西]大根田裕,912002,中西宏彰,,"(1,*9)(12,13)-(3,11)4(7,14)(5,10)-(8,6)=2",8,2,3.5,False,"(*1,9,12,13)-3-11(4,7)14,10,5(8,6)-2",7,2,7.0,False,"13-1(3,9,12)7-14-(11,10)(4,8)-(5,2)-6",6,1,3.5,False,"13-3-1-(9,7)14,12-8-(10,2)4,5-11,6",4,2,10.5,False,-15,
202202011106,6,3歳未勝利,ダ,1700,小雨,稍重,12:45,2022-07-16,函館,8,7,12,2019104609,インブリウム,牡3,55,01181,秋山稔樹,1:49.1,2.1/2,3-2-3-7,41.5,6.3,4,444(-2),01097,[東]鹿戸雄一,415800,社台レースホース,,"(1,*9)(12,13)-(3,11)4(7,14)(5,10)-(8,6)=2",3,2,0.0,False,"(*1,9,12,13)-3-11(4,7)14,10,5(8,6)-2",2,4,0.0,False,"13-1(3,9,12)7-14-(11,10)(4,8)-(5,2)-6",3,3,3.5,False,"13-3-1-(9,7)14,12-8-(10,2)4,5-11,6",7,1,12.0,False,-15,
202202011106,6,3歳未勝利,ダ,1700,小雨,稍重,12:45,2022-07-16,函館,9,8,14,2019101316,ナムラハルク,牡3,55,01182,泉谷楓真,1:49.3,1.1/2,8-9-7-6,41.2,176.8,14,490(-1),01065,[西]大橋勇樹,972002,奈村睦弘,,"(1,*9)(12,13)-(3,11)4(7,14)(5,10)-(8,6)=2",8,2,3.5,False,"(*1,9,12,13)-3-11(4,7)14,10,5(8,6)-2",9,1,7.0,False,"13-1(3,9,12)7-14-(11,10)(4,8)-(5,2)-6",7,1,7.0,False,"13-3-1-(9,7)14,12-8-(10,2)4,5-11,6",6,1,10.5,False,-15,
202202011106,6,3歳未勝利,ダ,1700,小雨,稍重,12:45,2022-07-16,函館,10,2,2,2019105753,ホウオウベリテ,牡3,56,01140,横山和生,1:49.4,1/2,14-14-12-9,40.1,7.9,5,454(+4),01088,[東]高木登,906033,小笹芳央,,"(1,*9)(12,13)-(3,11)4(7,14)(5,10)-(8,6)=2",14,1,13.0,False,"(*1,9,12,13)-3-11(4,7)14,10,5(8,6)-2",14,1,13.5,False,"13-1(3,9,12)7-14-(11,10)(4,8)-(5,2)-6",12,2,14.0,False,"13-3-1-(9,7)14,12-8-(10,2)4,5-11,6",9,2,19.0,False,-15,
202202011106,6,3歳未勝利,ダ,1700,小雨,稍重,12:45,2022-07-16,函館,11,6,10,2019106927,マルカフロンターレ,牡3,56,01032,池添謙一,1:49.5,クビ,10-10-8-9,40.7,103.5,13,472(-18),01138,[西]浜田多実,927033,日下部猛,,"(1,*9)(12,13)-(3,11)4(7,14)(5,10)-(8,6)=2",10,2,3.5,False,"(*1,9,12,13)-3-11(4,7)14,10,5(8,6)-2",10,1,8.5,False,"13-1(3,9,12)7-14-(11,10)(4,8)-(5,2)-6",8,2,10.5,False,"13-3-1-(9,7)14,12-8-(10,2)4,5-11,6",9,2,19.0,False,-15,
202202011106,6,3歳未勝利,ダ,1700,小雨,稍重,12:45,2022-07-16,函館,12,3,4,2019100891,リーディングラン,牝3,54,01115,浜中俊,1:50.4,5,7-7-10-11,41.5,51.1,9,470(+2),01134,[東]高橋文雅,535006,岡村善行,,"(1,*9)(12,13)-(3,11)4(7,14)(5,10)-(8,6)=2",7,1,3.5,False,"(*1,9,12,13)-3-11(4,7)14,10,5(8,6)-2",7,2,7.0,False,"13-1(3,9,12)7-14-(11,10)(4,8)-(5,2)-6",10,2,10.5,False,"13-3-1-(9,7)14,12-8-(10,2)4,5-11,6",11,1,19.0,False,-15,
202202011106,6,3歳未勝利,ダ,1700,小雨,稍重,12:45,2022-07-16,函館,13,4,6,2019100430,ロイエンタール,牡3,56,01095,吉田隼人,1:51.2,5,12-12-14-14,41.4,66.0,11,508(+4),01176,[西]吉岡辰弥,798033,山口裕介,,"(1,*9)(12,13)-(3,11)4(7,14)(5,10)-(8,6)=2",12,2,7.0,False,"(*1,9,12,13)-3-11(4,7)14,10,5(8,6)-2",12,2,10.0,False,"13-1(3,9,12)7-14-(11,10)(4,8)-(5,2)-6",14,1,17.5,False,"13-3-1-(9,7)14,12-8-(10,2)4,5-11,6",14,1,25.5,False,-15,
202202011106,6,3歳未勝利,ダ,1700,小雨,稍重,12:45,2022-07-16,函館,14,7,11,2019103257,ゴッドスイートビー,牝3,52,01186,角田大和,1:51.9,4,5-6-8-13,43.1,50.3,8,410(0),01139,[西]飯田祐史,998007,中西憲治,,"(1,*9)(12,13)-(3,11)4(7,14)(5,10)-(8,6)=2",5,2,3.5,False,"(*1,9,12,13)-3-11(4,7)14,10,5(8,6)-2",6,1,7.0,False,"13-1(3,9,12)7-14-(11,10)(4,8)-(5,2)-6",8,2,10.5,False,"13-3-1-(9,7)14,12-8-(10,2)4,5-11,6",13,1,24.0,False,-15,
202202011107,7,3歳以上1勝クラス,ダ,1000,小雨,稍重,13:15,2022-07-16,函館,1,6,7,2017103497,スズカサウスソング,牡5,56,01182,泉谷楓真,0:58.7,,1-1,35.6,2.5,1,510(+2),00362,[西]橋田満,382004,永井啓弍,770.0,,,,,,,,,,,"(*7,11)12(3,2,8)(6,4)(1,5)10,9",1,2,0.0,True,"7,11,12,2,8(6,4)(3,5)-(1,9)10",1,1,0.0,False,-15,
202202011107,7,3歳以上1勝クラス,ダ,1000,小雨,稍重,13:15,2022-07-16,函館,2,8,11,2019102155,スンヌンタイ,牝3,52,01170,横山武史,0:59.0,1.3/4,2-2,35.8,6.0,2,498(+2),01051,[東]岩戸孝樹,855030,田頭勇貴,310.0,,,,,,,,,,,"(*7,11)12(3,2,8)(6,4)(1,5)10,9",2,2,0.0,False,"7,11,12,2,8(6,4)(3,5)-(1,9)10",2,1,1.5,False,-15,
202202011107,7,3歳以上1勝クラス,ダ,1000,小雨,稍重,13:15,2022-07-16,函館,3,8,12,2019105130,プラソン,牝3,52,01093,藤岡佑介,0:59.1,1/2,3-3,35.8,7.0,4,442(+4),01158,[西]寺島良,297002,市川義美,190.0,,,,,,,,,,,"(*7,11)12(3,2,8)(6,4)(1,5)10,9",3,1,0.0,False,"7,11,12,2,8(6,4)(3,5)-(1,9)10",3,1,3.0,False,-15,
202202011107,7,3歳以上1勝クラス,ダ,1000,小雨,稍重,13:15,2022-07-16,函館,4,2,2,2019104374,アカザ,牝3,52,01025,勝浦正樹,0:59.3,1,4-4,35.8,18.6,8,434(+2),01177,[東]伊坂重信,624007,鈴木康弘,120.0,,,,,,,,,,,"(*7,11)12(3,2,8)(6,4)(1,5)10,9",4,3,0.0,False,"7,11,12,2,8(6,4)(3,5)-(1,9)10",4,1,4.5,False,-15,
202202011107,7,3歳以上1勝クラス,ダ,1000,小雨,稍重,13:15,2022-07-16,函館,5,4,4,2018103902,サウンドブライアン,牡4,57,01032,池添謙一,0:59.5,1.1/2,7-6,35.7,6.4,3,488(+6),01107,[西]村山明,168006,増田雄一,77.0,,,,,,,,,,,"(*7,11)12(3,2,8)(6,4)(1,5)10,9",7,2,0.0,False,"7,11,12,2,8(6,4)(3,5)-(1,9)10",6,2,6.0,False,-15,
202202011107,7,3歳以上1勝クラス,ダ,1000,小雨,稍重,13:15,2022-07-16,函館,6,6,8,2017104666,トランペットシェル,セ5,54,01200,西塚洸二,0:59.7,1.1/4,4-5,36.2,14.1,7,490(-4),01012,[東]大江原哲,727008,谷掛龍夫,,,,,,,,,,,,"(*7,11)12(3,2,8)(6,4)(1,5)10,9",4,3,0.0,False,"7,11,12,2,8(6,4)(3,5)-(1,9)10",5,1,6.0,False,-15,
202202011107,7,3歳以上1勝クラス,ダ,1000,小雨,稍重,13:15,2022-07-16,函館,7,5,6,2018103904,カツノサンキュウ,牡4,54,01192,横山琉人,1:00.1,2.1/2,7-6,36.3,130.8,11,480(0),01024,[東]萱野浩二,693800,聖心台牧場,,,,,,,,,,,,"(*7,11)12(3,2,8)(6,4)(1,5)10,9",7,2,0.0,False,"7,11,12,2,8(6,4)(3,5)-(1,9)10",6,2,6.0,False,-15,
202202011107,7,3歳以上1勝クラス,ダ,1000,小雨,稍重,13:15,2022-07-16,函館,8,5,5,2018101033,サノノヒーロー,セ4,57,01091,丹内祐次,1:00.3,1.1/4,9-8,36.2,7.4,5,474(+2),01141,[東]尾形和幸,735033,佐野信幸,,,,,,,,,,,,"(*7,11)12(3,2,8)(6,4)(1,5)10,9",9,2,0.0,False,"7,11,12,2,8(6,4)(3,5)-(1,9)10",8,2,6.0,False,-15,
202202011107,7,3歳以上1勝クラス,ダ,1000,小雨,稍重,13:15,2022-07-16,函館,9,1,1,2018102566,インゴットバード,牡4,54,01202,鷲頭虎太,1:00.7,2.1/2,9-10,36.7,36.0,9,492(-8),01123,[西]牧田和弥,408031,小島吉彦,,,,,,,,,,,,"(*7,11)12(3,2,8)(6,4)(1,5)10,9",9,2,0.0,False,"7,11,12,2,8(6,4)(3,5)-(1,9)10",10,2,9.5,False,-15,
202202011107,7,3歳以上1勝クラス,ダ,1000,小雨,稍重,13:15,2022-07-16,函館,10,7,9,2019100512,キョウエイゾロ,牝3,49,01177,小林凌大,1:00.7,クビ,12-10,36.3,52.1,10,462(-2),01177,[東]伊坂重信,619002,田中晴夫,,,,,,,,,,,,"(*7,11)12(3,2,8)(6,4)(1,5)10,9",12,1,1.5,False,"7,11,12,2,8(6,4)(3,5)-(1,9)10",10,2,9.5,False,-15,
202202011107,7,3歳以上1勝クラス,ダ,1000,小雨,稍重,13:15,2022-07-16,函館,11,3,3,2019104535,スピンオフ,牝3,52,00666,武豊,1:01.0,1.3/4,4-8,37.5,11.5,6,458(-2),01085,[西]小崎憲,318803,ニッシンホールディン...,,,,,,,,,,,,"(*7,11)12(3,2,8)(6,4)(1,5)10,9",4,3,0.0,False,"7,11,12,2,8(6,4)(3,5)-(1,9)10",8,2,6.0,False,-15,
202202011107,7,3歳以上1勝クラス,ダ,1000,小雨,稍重,13:15,2022-07-16,函館,12,7,10,2018100601,シンシアハート,牝4,54,01181,秋山稔樹,1:01.3,2,11-12,37.0,248.1,12,428(+6),01131,[東]蛯名利弘,854800,ノルマンディーサラブ...,,,,,,,,,,,,"(*7,11)12(3,2,8)(6,4)(1,5)10,9",11,1,0.0,False,"7,11,12,2,8(6,4)(3,5)-(1,9)10",12,1,9.5,False,-15,
202202011108,8,3歳以上1勝クラス,芝,1200,小雨,稍重,13:45,2022-07-16,函館,1,5,8,2019100688,スウィートプロミス,牝3,52,01032,池添謙一,1:11.2,,1-1,36.2,7.2,4,468(-2),01103,[東]尾関知人,148800,グリーンファーム,770.0,,,,,,,,,,,"8,12(3,14)(6,7)13(1,11)(9,4)10(2,5)",1,1,0.0,False,"8,12(3,14,7)(6,13)11(9,1)4(2,10,5)",1,1,0.0,False,20,
202202011108,8,3歳以上1勝クラス,芝,1200,小雨,稍重,13:45,2022-07-16,函館,2,7,12,2018102791,クレマチステソーロ,牝4,55,01157,鮫島克駿,1:11.3,1/2,2-2,36.1,7.8,5,478(+2),01047,[東]勢司和浩,089803,了徳寺健二ホールディ...,310.0,,,,,,,,,,,"8,12(3,14)(6,7)13(1,11)(9,4)10(2,5)",2,1,1.5,False,"8,12(3,14,7)(6,13)11(9,1)4(2,10,5)",2,1,1.5,False,20,
202202011108,8,3歳以上1勝クラス,芝,1200,小雨,稍重,13:45,2022-07-16,函館,3,5,7,2019106565,メイショウソウゲツ,牝3,52,00666,武豊,1:11.4,3/4,5-3,35.9,4.3,2,454(+2),01099,[西]本田優,523005,松本好雄,190.0,,,,,,,,,,,"8,12(3,14)(6,7)13(1,11)(9,4)10(2,5)",5,2,1.5,False,"8,12(3,14,7)(6,13)11(9,1)4(2,10,5)",3,3,1.5,False,20,
202202011108,8,3歳以上1勝クラス,芝,1200,小雨,稍重,13:45,2022-07-16,函館,4,3,3,2018104077,グリュレーヴ,牝4,52,01192,横山琉人,1:11.6,1,3-3,36.3,16.5,7,498(+4),00429,[西]佐々木晶,994002,飯田正剛,120.0,,,,,,,,,,,"8,12(3,14)(6,7)13(1,11)(9,4)10(2,5)",3,2,1.5,False,"8,12(3,14,7)(6,13)11(9,1)4(2,10,5)",3,3,1.5,False,20,
202202011108,8,3歳以上1勝クラス,芝,1200,小雨,稍重,13:45,2022-07-16,函館,5,3,4,2018104762,キャニオニング,牝4,54,01181,秋山稔樹,1:11.6,クビ,10-11,35.6,173.4,13,450(0),01190,[東]村田一誠,758005,吉田照哉,77.0,,,,,,,,,,,"8,12(3,14)(6,7)13(1,11)(9,4)10(2,5)",10,2,1.5,False,"8,12(3,14,7)(6,13)11(9,1)4(2,10,5)",11,1,1.5,False,20,
202202011108,8,3歳以上1勝クラス,芝,1200,小雨,稍重,13:45,2022-07-16,函館,6,8,13,2017104827,エターナルハート,牝5,53,01186,角田大和,1:11.7,クビ,7-6,36.0,24.5,9,412(-4),01128,[西]今野貞一,026803,ＤＭＭドリームクラブ,,,,,,,,,,,,"8,12(3,14)(6,7)13(1,11)(9,4)10(2,5)",7,1,1.5,False,"8,12(3,14,7)(6,13)11(9,1)4(2,10,5)",6,2,1.5,False,20,
202202011108,8,3歳以上1勝クラス,芝,1200,小雨,稍重,13:45,2022-07-16,函館,7,7,11,2019104995,ショウナンナウシカ,牝3,52,01095,吉田隼人,1:11.8,3/4,8-8,36.0,18.0,8,466(+4),01102,[東]大竹正博,331002,国本哲秀,,,,,,,,,,,,"8,12(3,14)(6,7)13(1,11)(9,4)10(2,5)",8,2,1.5,False,"8,12(3,14,7)(6,13)11(9,1)4(2,10,5)",8,1,1.5,False,20,
202202011108,8,3歳以上1勝クラス,芝,1200,小雨,稍重,13:45,2022-07-16,函館,8,8,14,2019101053,トラーパニ,牝3,52,01170,横山武史,1:11.8,クビ,3-3,36.4,3.6,1,460(+10),01168,[西]上村洋行,138007,吉田和美,,,,,,,,,,,,"8,12(3,14)(6,7)13(1,11)(9,4)10(2,5)",3,2,1.5,False,"8,12(3,14,7)(6,13)11(9,1)4(2,10,5)",3,3,1.5,False,20,
202202011108,8,3歳以上1勝クラス,芝,1200,小雨,稍重,13:45,2022-07-16,函館,9,1,1,2019100581,ヒルノローザンヌ,牝3,51,01182,泉谷楓真,1:11.9,クビ,8-9,36.1,6.5,3,492(+6),01148,[西]西村真幸,823800,ヒルノ,,,,,,,,,,,,"8,12(3,14)(6,7)13(1,11)(9,4)10(2,5)",8,2,1.5,False,"8,12(3,14,7)(6,13)11(9,1)4(2,10,5)",9,2,1.5,False,20,
202202011108,8,3歳以上1勝クラス,芝,1200,小雨,稍重,13:45,2022-07-16,函館,10,2,2,2017101756,ピュリフィアン,牝5,52,01202,鷲頭虎太,1:11.9,クビ,13-12,35.5,36.0,10,424(-6),01149,[西]松下武士,258033,野嶋祥二,,,,,,,,,,,,"8,12(3,14)(6,7)13(1,11)(9,4)10(2,5)",13,2,1.5,False,"8,12(3,14,7)(6,13)11(9,1)4(2,10,5)",12,3,1.5,False,20,
202202011108,8,3歳以上1勝クラス,芝,1200,小雨,稍重,13:45,2022-07-16,函館,11,6,10,2019100742,コスモプルエバ,牝3,49,01177,小林凌大,1:12.0,1/2,12-12,35.8,66.8,12,434(+2),01109,[東]伊藤大士,716800,ビッグレッドファーム,,,,,,,,,,,,"8,12(3,14)(6,7)13(1,11)(9,4)10(2,5)",12,1,1.5,False,"8,12(3,14,7)(6,13)11(9,1)4(2,10,5)",12,3,1.5,False,20,
202202011108,8,3歳以上1勝クラス,芝,1200,小雨,稍重,13:45,2022-07-16,函館,12,4,6,2018103488,キャットリング,牝4,55,01144,菱田裕二,1:12.0,クビ,5-6,36.4,185.0,14,424(-4),01041,[西]藤沢則雄,285008,榊原浩一,,,,,,,,,,,,"8,12(3,14)(6,7)13(1,11)(9,4)10(2,5)",5,2,1.5,False,"8,12(3,14,7)(6,13)11(9,1)4(2,10,5)",6,2,1.5,False,20,
202202011108,8,3歳以上1勝クラス,芝,1200,小雨,稍重,13:45,2022-07-16,函館,13,6,9,2018104471,グレイトミッション,牝4,55,01091,丹内祐次,1:12.1,クビ,10-9,36.0,9.8,6,464(0),01052,[東]菊川正達,266031,ＸＩＡＯジャパン,,,,,,,,,,,,"8,12(3,14)(6,7)13(1,11)(9,4)10(2,5)",10,2,1.5,False,"8,12(3,14,7)(6,13)11(9,1)4(2,10,5)",9,2,1.5,False,20,
202202011108,8,3歳以上1勝クラス,芝,1200,小雨,稍重,13:45,2022-07-16,函館,14,4,5,2017103103,シューラヴァーグ,牝5,55,01015,古川吉洋,1:12.2,1,13-12,35.7,56.6,11,450(-4),01188,[西]畑端省吾,132800,ヒダカファーム,,,,,,,,,,,,"8,12(3,14)(6,7)13(1,11)(9,4)10(2,5)",13,2,1.5,False,"8,12(3,14,7)(6,13)11(9,1)4(2,10,5)",12,3,1.5,False,20,
202202011109,9,湯浜特別(1勝),ダ,1700,小雨,稍重,14:15,2022-07-16,函館,1,5,5,2019100932,キタノセレナード,牡3,54,01095,吉田隼人,1:46.0,,7-6-4-3,38.3,1.7,1,444(0),01170,[西]坂口智康,163002,北所直人,"1,098.0","6(1,7)11(3,2)(5,10)4-9-12,8",7,2,0.0,False,"6,1,7(3,11)(5,2)(4,10)9-12,8",6,2,3.0,False,"(*6,1)7(3,5,11)(4,10,9,2)(12,8)",4,3,0.0,False,"(6,*1)(5,7)(9,11)2(3,10,12,8)4",3,2,0.0,False,-15,
202202011109,9,湯浜特別(1勝),ダ,1700,小雨,稍重,14:15,2022-07-16,函館,2,6,7,2017104238,フームスムート,牡5,57,01170,横山武史,1:46.1,クビ,2-3-3-3,38.5,6.5,3,544(+4),01094,[東]水野貴広,013803,ディアレストクラブ,438.0,"6(1,7)11(3,2)(5,10)4-9-12,8",2,2,0.0,False,"6,1,7(3,11)(5,2)(4,10)9-12,8",3,1,3.0,False,"(*6,1)7(3,5,11)(4,10,9,2)(12,8)",3,1,0.0,False,"(6,*1)(5,7)(9,11)2(3,10,12,8)4",3,2,0.0,False,-15,
202202011109,9,湯浜特別(1勝),ダ,1700,小雨,稍重,14:15,2022-07-16,函館,3,1,1,2019100284,アウグスト,牡3,54,01178,斎藤新,1:46.1,ハナ,2-2-2-1,38.7,3.6,2,510(+4),01086,[東]斎藤誠,353803,ＧＥＴＮＥＸＴ,274.0,"6(1,7)11(3,2)(5,10)4-9-12,8",2,2,0.0,False,"6,1,7(3,11)(5,2)(4,10)9-12,8",2,1,1.5,False,"(*6,1)7(3,5,11)(4,10,9,2)(12,8)",2,2,0.0,False,"(6,*1)(5,7)(9,11)2(3,10,12,8)4",1,2,0.0,True,-15,
202202011109,9,湯浜特別(1勝),ダ,1700,小雨,稍重,14:15,2022-07-16,函館,4,7,9,2019105148,カズラポニアン,牡3,54,01140,横山和生,1:46.6,3,10-10-7-5,38.7,9.5,4,486(-2),01175,[東]宮田敬介,879800,雅苑興業,160.0,"6(1,7)11(3,2)(5,10)4-9-12,8",10,1,3.5,False,"6,1,7(3,11)(5,2)(4,10)9-12,8",10,1,3.0,False,"(*6,1)7(3,5,11)(4,10,9,2)(12,8)",7,4,0.0,False,"(6,*1)(5,7)(9,11)2(3,10,12,8)4",5,2,0.0,False,-15,
202202011109,9,湯浜特別(1勝),ダ,1700,小雨,稍重,14:15,2022-07-16,函館,5,6,8,2018101519,ケイツーマルカ,牝4,55,01015,古川吉洋,1:46.8,1.1/2,12-12-11-8,38.6,167.0,12,510(+8),01026,[東]鈴木伸尋,103006,楠本勝美,107.0,"6(1,7)11(3,2)(5,10)4-9-12,8",12,1,8.5,False,"6,1,7(3,11)(5,2)(4,10)9-12,8",12,1,8.0,False,"(*6,1)7(3,5,11)(4,10,9,2)(12,8)",11,2,0.0,False,"(6,*1)(5,7)(9,11)2(3,10,12,8)4",8,4,0.0,False,-15,
202202011109,9,湯浜特別(1勝),ダ,1700,小雨,稍重,14:15,2022-07-16,函館,6,8,11,2019110089,ハナキリ,牡3,54,01030,松田大作,1:46.9,クビ,4-4-4-5,39.2,22.5,6,478(-2),00427,[西]森秀行,550033,大野照旺,,"6(1,7)11(3,2)(5,10)4-9-12,8",4,1,0.0,False,"6,1,7(3,11)(5,2)(4,10)9-12,8",4,2,3.0,False,"(*6,1)7(3,5,11)(4,10,9,2)(12,8)",4,3,0.0,False,"(6,*1)(5,7)(9,11)2(3,10,12,8)4",5,2,0.0,False,-15,
202202011109,9,湯浜特別(1勝),ダ,1700,小雨,稍重,14:15,2022-07-16,函館,7,8,12,2018102453,ネオヒューズ,牡4,57,01127,丸山元気,1:47.2,2,11-11-11-8,39.0,104.2,9,514(+6),00405,[東]小西一男,502033,西田俊二,,"6(1,7)11(3,2)(5,10)4-9-12,8",11,1,7.0,False,"6,1,7(3,11)(5,2)(4,10)9-12,8",11,1,6.5,False,"(*6,1)7(3,5,11)(4,10,9,2)(12,8)",11,2,0.0,False,"(6,*1)(5,7)(9,11)2(3,10,12,8)4",8,4,0.0,False,-15,
202202011109,9,湯浜特別(1勝),ダ,1700,小雨,稍重,14:15,2022-07-16,函館,8,5,6,2019101448,ビップアクア,牝3,52,01157,鮫島克駿,1:47.6,2.1/2,1-1-1-2,40.2,83.1,8,444(+10),01112,[東]田島俊明,524030,鈴木邦英,,"6(1,7)11(3,2)(5,10)4-9-12,8",1,1,0.0,False,"6,1,7(3,11)(5,2)(4,10)9-12,8",1,1,0.0,False,"(*6,1)7(3,5,11)(4,10,9,2)(12,8)",1,2,0.0,True,"(6,*1)(5,7)(9,11)2(3,10,12,8)4",2,2,0.0,False,-15,
202202011109,9,湯浜特別(1勝),ダ,1700,小雨,稍重,14:15,2022-07-16,函館,9,7,10,2018102030,オーホンブリック,牡4,57,01186,角田大和,1:48.1,2.1/2,7-8-7-8,40.1,112.4,10,510(+6),01130,[西]吉村圭司,788800,ノースヒルズ,,"6(1,7)11(3,2)(5,10)4-9-12,8",7,2,0.0,False,"6,1,7(3,11)(5,2)(4,10)9-12,8",8,2,3.0,False,"(*6,1)7(3,5,11)(4,10,9,2)(12,8)",7,4,0.0,False,"(6,*1)(5,7)(9,11)2(3,10,12,8)4",8,4,0.0,False,-15,
202202011109,9,湯浜特別(1勝),ダ,1700,小雨,稍重,14:15,2022-07-16,函館,10,4,4,2015105481,ブロッコリー,牡7,57,01091,丹内祐次,1:48.2,1/2,9-8-7-12,40.2,64.5,7,476(-16),01123,[西]牧田和弥,399009,嶋田賢,,"6(1,7)11(3,2)(5,10)4-9-12,8",9,1,0.0,False,"6,1,7(3,11)(5,2)(4,10)9-12,8",8,2,3.0,False,"(*6,1)7(3,5,11)(4,10,9,2)(12,8)",7,4,0.0,False,"(6,*1)(5,7)(9,11)2(3,10,12,8)4",12,1,0.0,False,-15,
202202011109,9,湯浜特別(1勝),ダ,1700,小雨,稍重,14:15,2022-07-16,函館,11,2,2,2018100046,タナキーボー,牡4,57,01194,大久保友,1:48.3,1/2,5-6-7-7,40.4,117.4,11,500(-2),01110,[西]清水久詞,126031,田中俊彰,,"6(1,7)11(3,2)(5,10)4-9-12,8",5,2,0.0,False,"6,1,7(3,11)(5,2)(4,10)9-12,8",6,2,3.0,False,"(*6,1)7(3,5,11)(4,10,9,2)(12,8)",7,4,0.0,False,"(6,*1)(5,7)(9,11)2(3,10,12,8)4",7,1,0.0,False,-15,
202202011109,9,湯浜特別(1勝),ダ,1700,小雨,稍重,14:15,2022-07-16,函館,12,3,3,2018106219,アスターナランハ,牡4,57,01182,泉谷楓真,1:50.3,大,5-4-4-8,42.5,19.5,5,464(+2),01049,[西]南井克巳,935003,加藤久枝,,"6(1,7)11(3,2)(5,10)4-9-12,8",5,2,0.0,False,"6,1,7(3,11)(5,2)(4,10)9-12,8",4,2,3.0,False,"(*6,1)7(3,5,11)(4,10,9,2)(12,8)",4,3,0.0,False,"(6,*1)(5,7)(9,11)2(3,10,12,8)4",8,4,0.0,False,-15,
202202011110,10,かもめ島特別(2勝),芝,1800,小雨,稍重,14:50,2022-07-16,函館,1,3,3,2019100735,オンリーオピニオン,牝3,52,01091,丹内祐次,1:51.4,,1-1-1-1,36.4,3.8,1,488(+8),01109,[東]伊藤大士,546800,サラブレッドクラブ・...,"1,540.1","3,5-(2,4)8(9,14)(6,11,13)1-10-12-7",1,1,0.0,False,"3,5(2,4)9,8,14(6,11)13,1-10-12-7",1,1,0.0,False,"3,5(2,4)(9,14,12)8,13(6,11,1)-10-7",1,1,0.0,False,"(*3,5)4(2,12)(9,14,1)13(8,11)10-6,7",1,2,0.0,True,24,
202202011110,10,かもめ島特別(2勝),芝,1800,小雨,稍重,14:50,2022-07-16,函館,2,3,4,2018102328,アサケレディ,牝4,55,01144,菱田裕二,1:51.6,1.1/4,3-3-3-3,36.2,31.0,11,482(+12),01065,[西]大橋勇樹,904031,大橋公堯,608.6,"3,5-(2,4)8(9,14)(6,11,13)1-10-12-7",3,2,5.0,False,"3,5(2,4)9,8,14(6,11)13,1-10-12-7",3,2,1.5,False,"3,5(2,4)(9,14,12)8,13(6,11,1)-10-7",3,2,1.5,False,"(*3,5)4(2,12)(9,14,1)13(8,11)10-6,7",3,1,0.0,False,24,
202202011110,10,かもめ島特別(2勝),芝,1800,小雨,稍重,14:50,2022-07-16,函館,3,4,5,2018100397,ハーツラプソディ,牝4,55,01112,荻野琢真,1:51.7,1/2,2-2-2-2,36.6,4.7,3,498(+2),01128,[西]今野貞一,272008,下河辺隆行,384.3,"3,5-(2,4)8(9,14)(6,11,13)1-10-12-7",2,1,1.5,False,"3,5(2,4)9,8,14(6,11)13,1-10-12-7",2,1,1.5,False,"3,5(2,4)(9,14,12)8,13(6,11,1)-10-7",2,1,1.5,False,"(*3,5)4(2,12)(9,14,1)13(8,11)10-6,7",2,2,0.0,False,24,
202202011110,10,かもめ島特別(2勝),芝,1800,小雨,稍重,14:50,2022-07-16,函館,4,7,11,2017105623,ルーツドール,牝5,55,01093,藤岡佑介,1:51.8,1,8-8-10-10,35.8,12.0,5,534(+4),01062,[西]藤岡健一,226800,サンデーレーシング,230.0,"3,5-(2,4)8(9,14)(6,11,13)1-10-12-7",8,3,5.0,False,"3,5(2,4)9,8,14(6,11)13,1-10-12-7",8,2,4.5,False,"3,5(2,4)(9,14,12)8,13(6,11,1)-10-7",10,3,3.0,False,"(*3,5)4(2,12)(9,14,1)13(8,11)10-6,7",10,2,0.0,False,24,
202202011110,10,かもめ島特別(2勝),芝,1800,小雨,稍重,14:50,2022-07-16,函館,5,6,9,2018102158,アインゲーブング,牝4,55,01170,横山武史,1:51.8,ハナ,6-5-5-6,36.2,6.6,4,446(-2),01133,[東]黒岩陽一,546800,サラブレッドクラブ・...,151.0,"3,5-(2,4)8(9,14)(6,11,13)1-10-12-7",6,2,5.0,False,"3,5(2,4)9,8,14(6,11)13,1-10-12-7",5,1,1.5,False,"3,5(2,4)(9,14,12)8,13(6,11,1)-10-7",5,3,1.5,False,"(*3,5)4(2,12)(9,14,1)13(8,11)10-6,7",6,3,0.0,False,24,
202202011110,10,かもめ島特別(2勝),芝,1800,小雨,稍重,14:50,2022-07-16,函館,6,2,2,2018102715,ローゼライト,牝4,55,00666,武豊,1:52.0,1,3-3-3-4,36.6,18.7,7,436(-4),01110,[西]清水久詞,723033,中村忠彦,,"3,5-(2,4)8(9,14)(6,11,13)1-10-12-7",3,2,5.0,False,"3,5(2,4)9,8,14(6,11)13,1-10-12-7",3,2,1.5,False,"3,5(2,4)(9,14,12)8,13(6,11,1)-10-7",3,2,1.5,False,"(*3,5)4(2,12)(9,14,1)13(8,11)10-6,7",4,2,0.0,False,24,
202202011110,10,かもめ島特別(2勝),芝,1800,小雨,稍重,14:50,2022-07-16,函館,7,7,12,2018105084,ファジェス,牝4,55,05203,岩田康誠,1:52.2,1.1/4,13-13-5-4,36.6,15.8,6,494(+4),00438,[西]安田隆行,486800,キャロットファーム,,"3,5-(2,4)8(9,14)(6,11,13)1-10-12-7",13,1,12.0,False,"3,5(2,4)9,8,14(6,11)13,1-10-12-7",13,1,13.0,False,"3,5(2,4)(9,14,12)8,13(6,11,1)-10-7",5,3,1.5,False,"(*3,5)4(2,12)(9,14,1)13(8,11)10-6,7",4,2,0.0,False,24,
202202011110,10,かもめ島特別(2勝),芝,1800,小雨,稍重,14:50,2022-07-16,函館,8,1,1,2018105628,トーセンメラニー,牝4,55,01115,浜中俊,1:52.2,クビ,11-11-10-6,36.2,24.8,9,476(-10),01005,[東]小桧山悟,270006,島川隆哉,,"3,5-(2,4)8(9,14)(6,11,13)1-10-12-7",11,1,5.0,False,"3,5(2,4)9,8,14(6,11)13,1-10-12-7",11,1,6.0,False,"3,5(2,4)(9,14,12)8,13(6,11,1)-10-7",10,3,3.0,False,"(*3,5)4(2,12)(9,14,1)13(8,11)10-6,7",6,3,0.0,False,24,
202202011110,10,かもめ島特別(2勝),芝,1800,小雨,稍重,14:50,2022-07-16,函館,9,8,14,2017104824,エンジェルサークル,牝5,55,01181,秋山稔樹,1:52.3,アタマ,6-7-5-6,36.7,32.1,12,442(-4),01081,[東]中川公成,758005,吉田照哉,,"3,5-(2,4)8(9,14)(6,11,13)1-10-12-7",6,2,5.0,False,"3,5(2,4)9,8,14(6,11)13,1-10-12-7",7,1,4.5,False,"3,5(2,4)(9,14,12)8,13(6,11,1)-10-7",5,3,1.5,False,"(*3,5)4(2,12)(9,14,1)13(8,11)10-6,7",6,3,0.0,False,24,
202202011110,10,かもめ島特別(2勝),芝,1800,小雨,稍重,14:50,2022-07-16,函館,10,5,8,2017101905,ウィズダイヤモンズ,牝5,55,01178,斎藤新,1:52.4,1/2,5-6-8-10,36.7,88.3,13,428(-4),01018,[西]宮徹,546800,サラブレッドクラブ・...,,"3,5-(2,4)8(9,14)(6,11,13)1-10-12-7",5,1,5.0,False,"3,5(2,4)9,8,14(6,11)13,1-10-12-7",6,1,3.0,False,"3,5(2,4)(9,14,12)8,13(6,11,1)-10-7",8,1,1.5,False,"(*3,5)4(2,12)(9,14,1)13(8,11)10-6,7",10,2,0.0,False,24,
202202011110,10,かもめ島特別(2勝),芝,1800,小雨,稍重,14:50,2022-07-16,函館,11,8,13,2018104925,インナリオ,牝4,55,01032,池添謙一,1:52.4,クビ,8-10-9-9,36.5,26.6,10,480(+6),01126,[東]木村哲也,226800,サンデーレーシング,,"3,5-(2,4)8(9,14)(6,11,13)1-10-12-7",8,3,5.0,False,"3,5(2,4)9,8,14(6,11)13,1-10-12-7",10,1,4.5,False,"3,5(2,4)(9,14,12)8,13(6,11,1)-10-7",9,1,3.0,False,"(*3,5)4(2,12)(9,14,1)13(8,11)10-6,7",9,1,0.0,False,24,
202202011110,10,かもめ島特別(2勝),芝,1800,小雨,稍重,14:50,2022-07-16,函館,12,6,10,2019105337,テーオーアリエス,牝3,52,01157,鮫島克駿,1:53.2,5,12-12-13-12,36.8,20.2,8,482(0),01066,[西]岡田稲男,304008,小笹公也,,"3,5-(2,4)8(9,14)(6,11,13)1-10-12-7",12,1,8.5,False,"3,5(2,4)9,8,14(6,11)13,1-10-12-7",12,1,9.5,False,"3,5(2,4)(9,14,12)8,13(6,11,1)-10-7",13,1,6.5,False,"(*3,5)4(2,12)(9,14,1)13(8,11)10-6,7",12,1,0.0,False,24,
202202011110,10,かもめ島特別(2勝),芝,1800,小雨,稍重,14:50,2022-07-16,函館,13,5,7,2018104563,オメガロマンス,牝4,55,01140,横山和生,1:53.5,2,14-14-14-14,36.6,4.4,2,458(0),01086,[東]斎藤誠,008803,原禮子,,"3,5-(2,4)8(9,14)(6,11,13)1-10-12-7",14,1,15.5,False,"3,5(2,4)9,8,14(6,11)13,1-10-12-7",14,1,16.5,False,"3,5(2,4)(9,14,12)8,13(6,11,1)-10-7",14,1,10.0,False,"(*3,5)4(2,12)(9,14,1)13(8,11)10-6,7",14,1,5.0,False,24,
202202011110,10,かもめ島特別(2勝),芝,1800,小雨,稍重,14:50,2022-07-16,函館,14,4,6,2018102087,クインズバジル,牝4,55,01015,古川吉洋,1:54.2,4,8-8-10-13,38.2,220.7,14,464(0),01084,[西]梅田智之,331803,ケイアイスタリオン,,"3,5-(2,4)8(9,14)(6,11,13)1-10-12-7",8,3,5.0,False,"3,5(2,4)9,8,14(6,11)13,1-10-12-7",8,2,4.5,False,"3,5(2,4)(9,14,12)8,13(6,11,1)-10-7",10,3,3.0,False,"(*3,5)4(2,12)(9,14,1)13(8,11)10-6,7",13,1,3.5,False,24,
202202011111,11,第54回函館2歳S(GIII),芝,1200,小雨,稍重,15:25,2022-07-16,函館,1,8,12,2020103589,ブトンドール,牝2,54,01157,鮫島克駿,1:11.8,,9-6,36.6,7.0,4,478(-8),01144,[西]池添学,879800,雅苑興業,"3,146.2",,,,,,,,,,,"3,5(1,11,13)6(4,9)(8,10,12)7-2",9,3,1.5,False,"(*3,5)(1,13)6(8,9,12)(4,11)(10,7)-2",6,3,0.0,False,28,
202202011111,11,第54回函館2歳S(GIII),芝,1200,小雨,稍重,15:25,2022-07-16,函館,2,3,3,2020106406,クリダーム,牡2,54,00666,武豊,1:12.0,1.1/4,1-1,37.5,5.4,3,468(0),01105,[西]須貝尚介,356803,インゼルレーシング,"1,213.2",,,,,,,,,,,"3,5(1,11,13)6(4,9)(8,10,12)7-2",1,1,0.0,False,"(*3,5)(1,13)6(8,9,12)(4,11)(10,7)-2",1,2,0.0,True,28,
202202011111,11,第54回函館2歳S(GIII),芝,1200,小雨,稍重,15:25,2022-07-16,函館,3,2,2,2020104144,オマツリオトコ,牡2,54,01170,横山武史,1:12.0,クビ,13-13,35.8,23.0,8,476(-8),01023,[東]伊藤圭三,370803,是枝浩平,786.6,,,,,,,,,,,"3,5(1,11,13)6(4,9)(8,10,12)7-2",13,1,5.0,False,"(*3,5)(1,13)6(8,9,12)(4,11)(10,7)-2",13,1,3.5,False,28,
202202011111,11,第54回函館2歳S(GIII),芝,1200,小雨,稍重,15:25,2022-07-16,函館,4,6,9,2020106623,ゴキゲンサン,牝2,54,01093,藤岡佑介,1:12.2,1,7-6,37.1,30.9,10,486(-2),01109,[東]伊藤大士,318803,ニッシンホールディン...,470.0,,,,,,,,,,,"3,5(1,11,13)6(4,9)(8,10,12)7-2",7,2,1.5,False,"(*3,5)(1,13)6(8,9,12)(4,11)(10,7)-2",6,3,0.0,False,28,
202202011111,11,第54回函館2歳S(GIII),芝,1200,小雨,稍重,15:25,2022-07-16,函館,5,6,8,2020103634,ミスヨコハマ,牝2,54,01178,斎藤新,1:12.2,アタマ,9-6,37.0,17.5,7,460(0),01086,[東]斎藤誠,464008,大野富生,310.0,,,,,,,,,,,"3,5(1,11,13)6(4,9)(8,10,12)7-2",9,3,1.5,False,"(*3,5)(1,13)6(8,9,12)(4,11)(10,7)-2",6,3,0.0,False,28,
202202011111,11,第54回函館2歳S(GIII),芝,1200,小雨,稍重,15:25,2022-07-16,函館,6,5,6,2020100383,ニシノシークレット,牡2,54,01025,勝浦正樹,1:12.2,ハナ,6-5,37.3,14.5,6,476(+4),01190,[東]村田一誠,897009,西山茂行,,,,,,,,,,,,"3,5(1,11,13)6(4,9)(8,10,12)7-2",6,1,1.5,False,"(*3,5)(1,13)6(8,9,12)(4,11)(10,7)-2",5,1,0.0,False,28,
202202011111,11,第54回函館2歳S(GIII),芝,1200,小雨,稍重,15:25,2022-07-16,函館,7,5,7,2020102993,シンゼンイズモ,牡2,54,01115,浜中俊,1:12.3,クビ,12-11,36.8,79.7,12,488(-4),01095,[西]荒川義之,043030,原司郎,,,,,,,,,,,,"3,5(1,11,13)6(4,9)(8,10,12)7-2",12,1,1.5,False,"(*3,5)(1,13)6(8,9,12)(4,11)(10,7)-2",11,2,0.0,False,28,
202202011111,11,第54回函館2歳S(GIII),芝,1200,小雨,稍重,15:25,2022-07-16,函館,8,4,5,2020103328,スプレモフレイバー,牡2,54,01095,吉田隼人,1:12.7,2.1/2,2-2,38.1,3.5,1,468(-2),01067,[東]久保田貴,236033,尾田信夫,,,,,,,,,,,,"3,5(1,11,13)6(4,9)(8,10,12)7-2",2,1,1.5,False,"(*3,5)(1,13)6(8,9,12)(4,11)(10,7)-2",2,2,0.0,False,28,
202202011111,11,第54回函館2歳S(GIII),芝,1200,小雨,稍重,15:25,2022-07-16,函館,9,8,13,2020101217,アスクドリームモア,牡2,54,05203,岩田康誠,1:12.9,1.1/4,3-3,38.1,11.3,5,478(-4),01055,[西]藤原英昭,037803,廣崎利洋ＨＤ,,,,,,,,,,,,"3,5(1,11,13)6(4,9)(8,10,12)7-2",3,3,1.5,False,"(*3,5)(1,13)6(8,9,12)(4,11)(10,7)-2",3,2,0.0,False,28,
202202011111,11,第54回函館2歳S(GIII),芝,1200,小雨,稍重,15:25,2022-07-16,函館,10,4,4,2020100690,オボロヅキヨ,牡2,54,01030,松田大作,1:13.4,2.1/2,7-9,38.3,184.1,13,428(+6),01155,[西]渡辺薫彦,799033,椎名節,,,,,,,,,,,,"3,5(1,11,13)6(4,9)(8,10,12)7-2",7,2,1.5,False,"(*3,5)(1,13)6(8,9,12)(4,11)(10,7)-2",9,2,0.0,False,28,
202202011111,11,第54回函館2歳S(GIII),芝,1200,小雨,稍重,15:25,2022-07-16,函館,11,7,10,2020100958,ミシェラドラータ,牡2,54,01032,池添謙一,1:13.4,アタマ,9-11,38.2,4.9,2,480(+2),01110,[西]清水久詞,520031,福盛訓之,,,,,,,,,,,,"3,5(1,11,13)6(4,9)(8,10,12)7-2",9,3,1.5,False,"(*3,5)(1,13)6(8,9,12)(4,11)(10,7)-2",11,2,0.0,False,28,
202202011111,11,第54回函館2歳S(GIII),芝,1200,小雨,稍重,15:25,2022-07-16,函館,12,7,11,2020100272,ニーナブランド,牝2,54,01140,横山和生,1:13.6,1.1/4,3-9,38.8,23.8,9,430(+10),00412,[東]高橋裕,013803,ディアレストクラブ,,,,,,,,,,,,"3,5(1,11,13)6(4,9)(8,10,12)7-2",3,3,1.5,False,"(*3,5)(1,13)6(8,9,12)(4,11)(10,7)-2",9,2,0.0,False,28,
202202011111,11,第54回函館2歳S(GIII),芝,1200,小雨,稍重,15:25,2022-07-16,函館,13,1,1,2020105131,ロッソランパンテ,牝2,54,01122,三浦皇成,1:14.3,4,3-3,39.5,40.9,11,452(+2),01008,[東]杉浦宏昭,164031,堀田浩司,,,,,,,,,,,,"3,5(1,11,13)6(4,9)(8,10,12)7-2",3,3,1.5,False,"(*3,5)(1,13)6(8,9,12)(4,11)(10,7)-2",3,2,0.0,False,28,
202202011112,12,3歳以上1勝クラス,芝,2600,小雨,稍重,16:05,2022-07-16,函館,1,2,2,2019104572,タイムオブフライト,牡3,54,01095,吉田隼人,2:48.5,,4-3-3-3,37.0,6.3,4,434(0),01183,[西]辻野泰之,808800,Ｇ１レーシング,770.0,"3,8,5(2,7)9(6,1)4",4,2,3.0,False,"3,8(2,5)(9,7)(6,1)4",3,2,1.5,False,"3,8(2,9)(7,1)6,4-5",3,2,1.5,False,"(*3,8)(2,9)1,6,4-7-5",3,2,0.0,False,33,
202202011112,12,3歳以上1勝クラス,芝,2600,小雨,稍重,16:05,2022-07-16,函館,2,8,8,2018102163,ギンノサジ,牝4,55,01091,丹内祐次,2:48.6,1/2,2-2-2-2,37.3,9.5,5,484(+18),01093,[東]松永康利,546800,サラブレッドクラブ・...,310.0,"3,8,5(2,7)9(6,1)4",2,1,1.5,False,"3,8(2,5)(9,7)(6,1)4",2,1,1.5,False,"3,8(2,9)(7,1)6,4-5",2,1,1.5,False,"(*3,8)(2,9)1,6,4-7-5",2,2,0.0,False,33,
202202011112,12,3歳以上1勝クラス,芝,2600,小雨,稍重,16:05,2022-07-16,函館,3,3,3,2019104126,ミアステラ,牡3,54,01015,古川吉洋,2:48.8,1,1-1-1-1,37.6,16.1,7,492(-2),01032,[西]大根田裕,548033,奥裕嗣,190.0,"3,8,5(2,7)9(6,1)4",1,1,0.0,False,"3,8(2,5)(9,7)(6,1)4",1,1,0.0,False,"3,8(2,9)(7,1)6,4-5",1,1,0.0,False,"(*3,8)(2,9)1,6,4-7-5",1,2,0.0,True,33,
202202011112,12,3歳以上1勝クラス,芝,2600,小雨,稍重,16:05,2022-07-16,函館,4,6,6,2018105511,シングマイハート,牝4,55,05203,岩田康誠,2:49.0,1.1/4,7-7-7-6,37.3,6.0,3,464(+10),01103,[東]尾関知人,415800,社台レースホース,120.0,"3,8,5(2,7)9(6,1)4",7,2,3.0,False,"3,8(2,5)(9,7)(6,1)4",7,2,1.5,False,"3,8(2,9)(7,1)6,4-5",7,1,1.5,False,"(*3,8)(2,9)1,6,4-7-5",6,1,1.5,False,33,
202202011112,12,3歳以上1勝クラス,芝,2600,小雨,稍重,16:05,2022-07-16,函館,5,8,9,2017105531,アイスジェイド,牡5,57,01157,鮫島克駿,2:49.4,2.1/2,6-5-3-3,37.9,14.0,6,488(0),01123,[西]牧田和弥,486800,キャロットファーム,77.0,"3,8,5(2,7)9(6,1)4",6,1,3.0,False,"3,8(2,5)(9,7)(6,1)4",5,2,1.5,False,"3,8(2,9)(7,1)6,4-5",3,2,1.5,False,"(*3,8)(2,9)1,6,4-7-5",3,2,0.0,False,33,
202202011112,12,3歳以上1勝クラス,芝,2600,小雨,稍重,16:05,2022-07-16,函館,6,1,1,2019105370,ファンタジア,牝3,52,01170,横山武史,2:49.5,1/2,7-7-5-5,37.9,2.9,1,498(+2),01070,[東]堀宣行,248030,石川達絵,,"3,8,5(2,7)9(6,1)4",7,2,3.0,False,"3,8(2,5)(9,7)(6,1)4",7,2,1.5,False,"3,8(2,9)(7,1)6,4-5",5,2,1.5,False,"(*3,8)(2,9)1,6,4-7-5",5,1,0.0,False,33,
202202011112,12,3歳以上1勝クラス,芝,2600,小雨,稍重,16:05,2022-07-16,函館,7,4,4,2019106742,フィレンツェ,牡3,54,01093,藤岡佑介,2:49.9,2.1/2,9-9-8-7,38.0,3.6,2,452(+2),01169,[東]加藤士津,464030,田畑利彦,,"3,8,5(2,7)9(6,1)4",9,1,3.0,False,"3,8(2,5)(9,7)(6,1)4",9,1,1.5,False,"3,8(2,9)(7,1)6,4-5",8,1,3.0,False,"(*3,8)(2,9)1,6,4-7-5",7,1,3.0,False,33,
202202011112,12,3歳以上1勝クラス,芝,2600,小雨,稍重,16:05,2022-07-16,函館,8,5,5,2019100663,ディサイド,牡3,54,01122,三浦皇成,2:51.6,10,3-3-9-9,39.1,32.8,9,486(+2),01117,[西]高野友和,242031,前田幸大,,"3,8,5(2,7)9(6,1)4",3,1,3.0,False,"3,8(2,5)(9,7)(6,1)4",3,2,1.5,False,"3,8(2,9)(7,1)6,4-5",9,1,6.5,False,"(*3,8)(2,9)1,6,4-7-5",9,1,10.0,False,33,
202202011112,12,3歳以上1勝クラス,芝,2600,小雨,稍重,16:05,2022-07-16,函館,9,7,7,2018105428,トラウンシュタイン,牡4,54,01192,横山琉人,2:52.7,7,4-5-5-8,41.1,21.5,8,458(0),01146,[西]奥村豊,808800,Ｇ１レーシング,,"3,8,5(2,7)9(6,1)4",4,2,3.0,False,"3,8(2,5)(9,7)(6,1)4",5,2,1.5,False,"3,8(2,9)(7,1)6,4-5",5,2,1.5,False,"(*3,8)(2,9)1,6,4-7-5",8,1,6.5,False,33,
