race_id,race_number,race_name,surface,distance_m,weather,going,start_time,race_date,racecourse,finish_pos,waku,umaban,horse_id,horse_name,sex_age,kinryo,jockey_id,jockey_name,time,margin,passing_order,last_3f,odds_final,popularity,weight,trainer_id,trainer_name,owner_id,owner_name,prize,corner1_raw,corner1_rank,corner1_group_size,corner1_gap_len_est,corner1_is_leader,corner2_raw,corner2_rank,corner2_group_size,corner2_gap_len_est,corner2_is_leader,corner3_raw,corner3_rank,corner3_group_size,corner3_gap_len_est,corner3_is_leader,corner4_raw,corner4_rank,corner4_group_size,corner4_gap_len_est,corner4_is_leader,track_index,track_comment
202205020401,1,3歳未勝利,ダ,1600,曇,稍重,09:55,2022-05-01,東京,1,3,5,2019105063,アーレンダール,牝3,54,05585,レーン,1:38.1,,2-2,37.4,1.4,1,490(+2),01175,[東]宮田敬介,226800,サンデーレーシング,520.0,,,,,,,,,,,"(*11,5)(1,6,7,14)9(3,8,10)15(4,12,16)2,13",2,2,0.0,False,"(*11,5,14)(1,6,10)(3,7,9)8,15(12,16)(4,2,13)",2,3,0.0,False,-10,
202205020401,1,3歳未勝利,ダ,1600,曇,稍重,09:55,2022-05-01,東京,2,7,13,2019106031,サンマルソムニア,牝3,54,01118,宮崎北斗,1:39.1,6,16-14,37.0,223.8,12,436(-10),01035,[東]佐藤吉勝,580007,相馬勇,210.0,,,,,,,,,,,"(*11,5)(1,6,7,14)9(3,8,10)15(4,12,16)2,13",16,1,1.5,False,"(*11,5,14)(1,6,10)(3,7,9)8,15(12,16)(4,2,13)",14,3,1.5,False,-10,
202205020401,1,3歳未勝利,ダ,1600,曇,稍重,09:55,2022-05-01,東京,3,5,10,2019102312,エターナルプライド,牝3,54,01029,武士沢友,1:39.2,クビ,8-4,38.2,20.6,8,462(+6),01112,[東]田島俊明,934006,伊東純一,130.0,,,,,,,,,,,"(*11,5)(1,6,7,14)9(3,8,10)15(4,12,16)2,13",8,3,0.0,False,"(*11,5,14)(1,6,10)(3,7,9)8,15(12,16)(4,2,13)",4,3,0.0,False,-10,
202205020401,1,3歳未勝利,ダ,1600,曇,稍重,09:55,2022-05-01,東京,4,8,16,2019104284,クロミチャン,牝3,54,01009,柴田大知,1:39.2,アタマ,12-12,37.3,17.5,7,446(-12),01048,[東]畠山吉宏,064803,リトルブルーファーム,78.0,,,,,,,,,,,"(*11,5)(1,6,7,14)9(3,8,10)15(4,12,16)2,13",12,3,0.0,False,"(*11,5,14)(1,6,10)(3,7,9)8,15(12,16)(4,2,13)",12,2,1.5,False,-10,
202205020401,1,3歳未勝利,ダ,1600,曇,稍重,09:55,2022-05-01,東京,5,4,8,2019100524,シャンダローム,牝3,54,01179,菅原明良,1:39.2,ハナ,8-10,37.7,17.4,6,448(0),01081,[東]中川公成,281033,多田賢司,52.0,,,,,,,,,,,"(*11,5)(1,6,7,14)9(3,8,10)15(4,12,16)2,13",8,3,0.0,False,"(*11,5,14)(1,6,10)(3,7,9)8,15(12,16)(4,2,13)",10,1,0.0,False,-10,
202205020401,1,3歳未勝利,ダ,1600,曇,稍重,09:55,2022-05-01,東京,6,7,14,2019101787,ヒメカミノメガミ,牝3,54,01150,石川裕紀,1:39.2,アタマ,3-2,38.5,11.1,4,506(-4),01047,[東]勢司和浩,243008,國分純,,,,,,,,,,,,"(*11,5)(1,6,7,14)9(3,8,10)15(4,12,16)2,13",3,4,0.0,False,"(*11,5,14)(1,6,10)(3,7,9)8,15(12,16)(4,2,13)",2,3,0.0,False,-10,
202205020401,1,3歳未勝利,ダ,1600,曇,稍重,09:55,2022-05-01,東京,7,3,6,2019104975,エクセレントジェム,牝3,54,01096,大野拓弥,1:40.0,5,3-4,39.0,59.7,10,480(+4),01048,[東]畠山吉宏,415800,社台レースホース,,,,,,,,,,,,"(*11,5)(1,6,7,14)9(3,8,10)15(4,12,16)2,13",3,4,0.0,False,"(*11,5,14)(1,6,10)(3,7,9)8,15(12,16)(4,2,13)",4,3,0.0,False,-10,
202205020401,1,3歳未勝利,ダ,1600,曇,稍重,09:55,2022-05-01,東京,8,6,11,2019107007,パワポケビー,牝3,54,00689,江田照男,1:40.1,1/2,1-1,39.5,140.0,11,480(+4),01010,[東]中野栄治,302033,柳原達也,,,,,,,,,,,,"(*11,5)(1,6,7,14)9(3,8,10)15(4,12,16)2,13",1,2,0.0,True,"(*11,5,14)(1,6,10)(3,7,9)8,15(12,16)(4,2,13)",1,3,0.0,True,-10,
202205020401,1,3歳未勝利,ダ,1600,曇,稍重,09:55,2022-05-01,東京,9,8,15,2019105440,ビヨンドザリミット,牝3,52,01191,松本大輝,1:40.2,1/2,11-11,38.5,10.1,2,452(-10),01147,[東]武井亮,463031,フィールドレーシング,,,,,,,,,,,,"(*11,5)(1,6,7,14)9(3,8,10)15(4,12,16)2,13",11,1,0.0,False,"(*11,5,14)(1,6,10)(3,7,9)8,15(12,16)(4,2,13)",11,1,1.5,False,-10,
202205020401,1,3歳未勝利,ダ,1600,曇,稍重,09:55,2022-05-01,東京,10,1,1,2019101453,ビーブルー,牝3,51,01192,横山琉人,1:40.5,1.3/4,3-4,39.4,14.5,5,456(-4),01086,[東]斎藤誠,087803,ＨｉｍＲｏｃｋＲａｃ...,,,,,,,,,,,,"(*11,5)(1,6,7,14)9(3,8,10)15(4,12,16)2,13",3,4,0.0,False,"(*11,5,14)(1,6,10)(3,7,9)8,15(12,16)(4,2,13)",4,3,0.0,False,-10,
202205020401,1,3歳未勝利,ダ,1600,曇,稍重,09:55,2022-05-01,東京,11,2,3,2019103140,キタノズーナクア,牝3,54,01158,野中悠太,1:40.7,3/4,8-7,39.4,43.9,9,454(+6),01076,[東]小笠倫弘,163002,北所直人,,,,,,,,,,,,"(*11,5)(1,6,7,14)9(3,8,10)15(4,12,16)2,13",8,3,0.0,False,"(*11,5,14)(1,6,10)(3,7,9)8,15(12,16)(4,2,13)",7,3,0.0,False,-10,
202205020401,1,3歳未勝利,ダ,1600,曇,稍重,09:55,2022-05-01,東京,12,6,12,2019104163,ヨーコマイラヴ,牝3,52,01173,山田敬士,1:40.9,1.1/2,12-12,39.0,226.3,13,472(0),01100,[東]松山将樹,016700,サミットレーシング,,,,,,,,,,,,"(*11,5)(1,6,7,14)9(3,8,10)15(4,12,16)2,13",12,3,0.0,False,"(*11,5,14)(1,6,10)(3,7,9)8,15(12,16)(4,2,13)",12,2,1.5,False,-10,
202205020401,1,3歳未勝利,ダ,1600,曇,稍重,09:55,2022-05-01,東京,13,5,9,2019104784,マルアズール,牝3,54,01162,木幡巧也,1:41.0,クビ,7-7,39.7,10.5,3,408(0),01106,[東]牧光二,415800,社台レースホース,,,,,,,,,,,,"(*11,5)(1,6,7,14)9(3,8,10)15(4,12,16)2,13",7,1,0.0,False,"(*11,5,14)(1,6,10)(3,7,9)8,15(12,16)(4,2,13)",7,3,0.0,False,-10,
202205020401,1,3歳未勝利,ダ,1600,曇,稍重,09:55,2022-05-01,東京,14,1,2,2019103155,エリーピコット,牝3,54,01092,津村明秀,1:41.0,クビ,15-14,38.9,343.2,14,500(+10),01051,[東]岩戸孝樹,012033,谷川正純,,,,,,,,,,,,"(*11,5)(1,6,7,14)9(3,8,10)15(4,12,16)2,13",15,1,0.0,False,"(*11,5,14)(1,6,10)(3,7,9)8,15(12,16)(4,2,13)",14,3,1.5,False,-10,
202205020401,1,3歳未勝利,ダ,1600,曇,稍重,09:55,2022-05-01,東京,15,2,4,2019100480,キーエデン,牝3,52,01188,永野猛蔵,1:42.1,7,12-14,40.0,371.0,16,458(+4),01133,[東]黒岩陽一,338008,北前孔一郎,,,,,,,,,,,,"(*11,5)(1,6,7,14)9(3,8,10)15(4,12,16)2,13",12,3,0.0,False,"(*11,5,14)(1,6,10)(3,7,9)8,15(12,16)(4,2,13)",14,3,1.5,False,-10,
202205020401,1,3歳未勝利,ダ,1600,曇,稍重,09:55,2022-05-01,東京,16,4,7,2019103317,ウチノランスター,牝3,54,01117,丸田恭介,1:43.6,9,3-7,42.4,366.2,15,414(+6),01167,[東]稲垣幸雄,070700,Ｈ．ＦＡｓｓｏｃｉａ...,,,,,,,,,,,,"(*11,5)(1,6,7,14)9(3,8,10)15(4,12,16)2,13",3,4,0.0,False,"(*11,5,14)(1,6,10)(3,7,9)8,15(12,16)(4,2,13)",7,3,0.0,False,-10,
202205020402,2,3歳未勝利,ダ,1400,曇,稍重,10:25,2022-05-01,東京,1,3,6,2019106022,プレミアムクイーン,牝3,54,01162,木幡巧也,1:25.8,,4-3,37.6,14.4,5,486(-6),01106,[東]牧光二,510033,天堀忠博,520.0,,,,,,,,,,,"(*10,11,14)(3,6,13,15)-4-(5,12)(9,16)-(1,8)-7-2",4,4,0.0,False,"(*10,11)(3,6,14)(13,15)(5,4)(9,12,16)(1,8)7-2",3,3,0.0,False,-10,
202205020402,2,3歳未勝利,ダ,1400,曇,稍重,10:25,2022-05-01,東京,2,2,4,2019102483,ロイズピーク,牡3,56,00689,江田照男,1:25.9,3/4,8-8,37.4,36.8,11,484(+4),01064,[東]武藤善則,371009,高橋文男,210.0,,,,,,,,,,,"(*10,11,14)(3,6,13,15)-4-(5,12)(9,16)-(1,8)-7-2",8,1,3.5,False,"(*10,11)(3,6,14)(13,15)(5,4)(9,12,16)(1,8)7-2",8,2,0.0,False,-10,
202205020402,2,3歳未勝利,ダ,1400,曇,稍重,10:25,2022-05-01,東京,3,2,3,2019102326,エレガントミッシー,牝3,54,01179,菅原明良,1:25.9,クビ,4-3,37.7,4.6,2,424(+6),01035,[東]佐藤吉勝,934006,伊東純一,130.0,,,,,,,,,,,"(*10,11,14)(3,6,13,15)-4-(5,12)(9,16)-(1,8)-7-2",4,4,0.0,False,"(*10,11)(3,6,14)(13,15)(5,4)(9,12,16)(1,8)7-2",3,3,0.0,False,-10,
202205020402,2,3歳未勝利,ダ,1400,曇,稍重,10:25,2022-05-01,東京,4,4,7,2019102421,グリーンライズ,牡3,54,01188,永野猛蔵,1:26.2,1.3/4,15-15,36.9,8.3,4,450(0),01143,[東]和田雄二,975002,加藤興一,78.0,,,,,,,,,,,"(*10,11,14)(3,6,13,15)-4-(5,12)(9,16)-(1,8)-7-2",15,1,14.0,False,"(*10,11)(3,6,14)(13,15)(5,4)(9,12,16)(1,8)7-2",15,1,0.0,False,-10,
202205020402,2,3歳未勝利,ダ,1400,曇,稍重,10:25,2022-05-01,東京,5,6,11,2019100244,ドルズプライスレス,牡3,56,05386,戸崎圭太,1:26.3,3/4,2-2,38.3,3.0,1,510(+6),01112,[東]田島俊明,259031,佐々木貴将,52.0,,,,,,,,,,,"(*10,11,14)(3,6,13,15)-4-(5,12)(9,16)-(1,8)-7-2",2,3,0.0,False,"(*10,11)(3,6,14)(13,15)(5,4)(9,12,16)(1,8)7-2",2,2,0.0,False,-10,
202205020402,2,3歳未勝利,ダ,1400,曇,稍重,10:25,2022-05-01,東京,6,3,5,2019100160,ゲンショウ,牡3,56,01009,柴田大知,1:26.4,1/2,9-8,37.9,15.9,7,504(-6),01169,[東]加藤士津,716800,ビッグレッドファーム,,,,,,,,,,,,"(*10,11,14)(3,6,13,15)-4-(5,12)(9,16)-(1,8)-7-2",9,2,7.0,False,"(*10,11)(3,6,14)(13,15)(5,4)(9,12,16)(1,8)7-2",8,2,0.0,False,-10,
202205020402,2,3歳未勝利,ダ,1400,曇,稍重,10:25,2022-05-01,東京,7,8,16,2019103571,セイウンマリンガー,牝3,54,01158,野中悠太,1:26.4,ハナ,11-10,37.6,19.2,8,410(-10),01056,[東]本間忍,897009,西山茂行,,,,,,,,,,,,"(*10,11,14)(3,6,13,15)-4-(5,12)(9,16)-(1,8)-7-2",11,2,7.0,False,"(*10,11)(3,6,14)(13,15)(5,4)(9,12,16)(1,8)7-2",10,3,0.0,False,-10,
202205020402,2,3歳未勝利,ダ,1400,曇,稍重,10:25,2022-05-01,東京,8,1,1,2019102125,デルマサラマンダー,牡3,56,00733,吉田豊,1:26.6,1,13-13,37.6,234.2,14,474(-4),01125,[東]小野次郎,274002,浅沼廣幸,,,,,,,,,,,,"(*10,11,14)(3,6,13,15)-4-(5,12)(9,16)-(1,8)-7-2",13,2,10.5,False,"(*10,11)(3,6,14)(13,15)(5,4)(9,12,16)(1,8)7-2",13,2,0.0,False,-10,
202205020402,2,3歳未勝利,ダ,1400,曇,稍重,10:25,2022-05-01,東京,9,6,12,2019101525,ロードシャマール,牡3,56,01092,津村明秀,1:26.7,1/2,9-10,38.0,19.8,9,490(+2),01116,[東]新開幸一,170800,ロードホースクラブ,,,,,,,,,,,,"(*10,11,14)(3,6,13,15)-4-(5,12)(9,16)-(1,8)-7-2",9,2,7.0,False,"(*10,11)(3,6,14)(13,15)(5,4)(9,12,16)(1,8)7-2",10,3,0.0,False,-10,
202205020402,2,3歳未勝利,ダ,1400,曇,稍重,10:25,2022-05-01,東京,10,5,9,2019105737,カペラスター,牡3,56,01117,丸田恭介,1:26.8,クビ,11-10,38.0,39.5,12,478(0),01080,[東]清水英克,201033,永見貴昭,,,,,,,,,,,,"(*10,11,14)(3,6,13,15)-4-(5,12)(9,16)-(1,8)-7-2",11,2,7.0,False,"(*10,11)(3,6,14)(13,15)(5,4)(9,12,16)(1,8)7-2",10,3,0.0,False,-10,
202205020402,2,3歳未勝利,ダ,1400,曇,稍重,10:25,2022-05-01,東京,11,7,13,2019105745,フレイムジョーカー,牡3,54,01191,松本大輝,1:26.8,ハナ,4-6,38.5,15.1,6,488(0),01081,[東]中川公成,854800,ノルマンディーサラブ...,,,,,,,,,,,,"(*10,11,14)(3,6,13,15)-4-(5,12)(9,16)-(1,8)-7-2",4,4,0.0,False,"(*10,11)(3,6,14)(13,15)(5,4)(9,12,16)(1,8)7-2",6,2,0.0,False,-10,
202205020402,2,3歳未勝利,ダ,1400,曇,稍重,10:25,2022-05-01,東京,12,8,15,2019100574,サバンナチャンス,牝3,54,01153,木幡初也,1:26.8,クビ,4-6,38.5,6.0,3,458(-6),01152,[東]竹内正洋,044803,由井健太郎,,,,,,,,,,,,"(*10,11,14)(3,6,13,15)-4-(5,12)(9,16)-(1,8)-7-2",4,4,0.0,False,"(*10,11)(3,6,14)(13,15)(5,4)(9,12,16)(1,8)7-2",6,2,0.0,False,-10,
202205020402,2,3歳未勝利,ダ,1400,曇,稍重,10:25,2022-05-01,東京,13,4,8,2019109102,メイオーシャン,牝3,54,01096,大野拓弥,1:27.4,3.1/2,13-13,38.4,237.0,15,460(+2),01047,[東]勢司和浩,075800,千明牧場,,,,,,,,,,,,"(*10,11,14)(3,6,13,15)-4-(5,12)(9,16)-(1,8)-7-2",13,2,10.5,False,"(*10,11)(3,6,14)(13,15)(5,4)(9,12,16)(1,8)7-2",13,2,0.0,False,-10,
202205020402,2,3歳未勝利,ダ,1400,曇,稍重,10:25,2022-05-01,東京,14,5,10,2019105373,ソーブラック,牝3,54,01150,石川裕紀,1:27.5,クビ,1-1,39.6,30.5,10,438(-10),01038,[東]手塚貴久,011008,平田修,,,,,,,,,,,,"(*10,11,14)(3,6,13,15)-4-(5,12)(9,16)-(1,8)-7-2",1,3,0.0,True,"(*10,11)(3,6,14)(13,15)(5,4)(9,12,16)(1,8)7-2",1,2,0.0,True,-10,
202205020402,2,3歳未勝利,ダ,1400,曇,稍重,10:25,2022-05-01,東京,15,7,14,2019100022,マアイノマ,牝3,54,00684,田中勝春,1:29.7,大,2-3,41.6,311.4,16,472(+2),01010,[東]中野栄治,247030,芳賀克也,,,,,,,,,,,,"(*10,11,14)(3,6,13,15)-4-(5,12)(9,16)-(1,8)-7-2",2,3,0.0,False,"(*10,11)(3,6,14)(13,15)(5,4)(9,12,16)(1,8)7-2",3,3,0.0,False,-10,
202205020402,2,3歳未勝利,ダ,1400,曇,稍重,10:25,2022-05-01,東京,中,1,2,2019104140,サクランボ,牝3,54,01135,杉原誠人,,,16-16,,50.3,13,454(+18),00437,[東]南田美知,629800,ミルファーム,,,,,,,,,,,,"(*10,11,14)(3,6,13,15)-4-(5,12)(9,16)-(1,8)-7-2",16,1,17.5,False,"(*10,11)(3,6,14)(13,15)(5,4)(9,12,16)(1,8)7-2",16,1,3.5,False,-10,
202205020403,3,3歳未勝利,ダ,2100,曇,稍重,10:55,2022-05-01,東京,1,7,13,2019106387,トップスティール,牡3,56,01009,柴田大知,2:14.2,,6-6-6-3,36.3,18.5,5,494(-2),01174,[東]深山雅史,149002,井山登,520.0,"(*1,14)(2,5,7)(6,13)(4,15)12(3,16)8-10-9=11",6,2,0.0,False,"1,14(2,5,7)13,6(12,15)4(3,8,16)-10=9=11",6,1,1.5,False,"(*1,14)(2,5,7)(6,13)(12,15)(4,8,16)(3,10)-9=11",6,2,0.0,False,"(*1,14)(2,5,7,13)(6,12,15)(4,8,16)(3,10)9=11",3,4,0.0,False,-10,
202205020403,3,3歳未勝利,ダ,2100,曇,稍重,10:55,2022-05-01,東京,2,4,7,2019104056,トップオブジェラス,牡3,56,01179,菅原明良,2:14.2,クビ,3-3-3-3,36.4,2.3,1,492(-2),01088,[東]高木登,399009,嶋田賢,210.0,"(*1,14)(2,5,7)(6,13)(4,15)12(3,16)8-10-9=11",3,3,0.0,False,"1,14(2,5,7)13,6(12,15)4(3,8,16)-10=9=11",3,3,1.5,False,"(*1,14)(2,5,7)(6,13)(12,15)(4,8,16)(3,10)-9=11",3,3,0.0,False,"(*1,14)(2,5,7,13)(6,12,15)(4,8,16)(3,10)9=11",3,4,0.0,False,-10,
202205020403,3,3歳未勝利,ダ,2100,曇,稍重,10:55,2022-05-01,東京,3,6,12,2019105036,ヒシアラカン,牡3,56,05585,レーン,2:14.5,1.3/4,10-8-8-7,36.4,3.0,2,470(-4),01070,[東]堀宣行,044008,阿部雅英,130.0,"(*1,14)(2,5,7)(6,13)(4,15)12(3,16)8-10-9=11",10,1,0.0,False,"1,14(2,5,7)13,6(12,15)4(3,8,16)-10=9=11",8,2,3.0,False,"(*1,14)(2,5,7)(6,13)(12,15)(4,8,16)(3,10)-9=11",8,2,0.0,False,"(*1,14)(2,5,7,13)(6,12,15)(4,8,16)(3,10)9=11",7,3,0.0,False,-10,
202205020403,3,3歳未勝利,ダ,2100,曇,稍重,10:55,2022-05-01,東京,4,1,1,2019102424,エクセレントマン,牡3,56,01170,横山武史,2:15.2,4,1-1-1-1,37.7,5.0,3,462(-10),00405,[東]小西一男,713005,田島榮二郎,78.0,"(*1,14)(2,5,7)(6,13)(4,15)12(3,16)8-10-9=11",1,2,0.0,True,"1,14(2,5,7)13,6(12,15)4(3,8,16)-10=9=11",1,1,0.0,False,"(*1,14)(2,5,7)(6,13)(12,15)(4,8,16)(3,10)-9=11",1,2,0.0,True,"(*1,14)(2,5,7,13)(6,12,15)(4,8,16)(3,10)9=11",1,2,0.0,True,-10,
202205020403,3,3歳未勝利,ダ,2100,曇,稍重,10:55,2022-05-01,東京,5,8,15,2019109053,グランシャーク,牡3,56,05386,戸崎圭太,2:15.2,クビ,8-8-8-7,37.0,23.3,6,502(-4),01112,[東]田島俊明,851009,岡田牧雄,52.0,"(*1,14)(2,5,7)(6,13)(4,15)12(3,16)8-10-9=11",8,2,0.0,False,"1,14(2,5,7)13,6(12,15)4(3,8,16)-10=9=11",8,2,3.0,False,"(*1,14)(2,5,7)(6,13)(12,15)(4,8,16)(3,10)-9=11",8,2,0.0,False,"(*1,14)(2,5,7,13)(6,12,15)(4,8,16)(3,10)9=11",7,3,0.0,False,-10,
202205020403,3,3歳未勝利,ダ,2100,曇,稍重,10:55,2022-05-01,東京,6,4,8,2019104478,アコークロー,牝3,54,01117,丸田恭介,2:15.3,1/2,13-11-10-10,36.9,152.1,11,486(+2),01102,[東]大竹正博,808800,Ｇ１レーシング,,"(*1,14)(2,5,7)(6,13)(4,15)12(3,16)8-10-9=11",13,1,0.0,False,"1,14(2,5,7)13,6(12,15)4(3,8,16)-10=9=11",11,3,3.0,False,"(*1,14)(2,5,7)(6,13)(12,15)(4,8,16)(3,10)-9=11",10,3,0.0,False,"(*1,14)(2,5,7,13)(6,12,15)(4,8,16)(3,10)9=11",10,3,0.0,False,-10,
202205020403,3,3歳未勝利,ダ,2100,曇,稍重,10:55,2022-05-01,東京,7,1,2,2019104953,インペリアルライン,セ3,56,01162,木幡巧也,2:15.3,アタマ,3-3-3-3,37.5,11.6,4,456(-18),01153,[東]中舘英二,415800,社台レースホース,,"(*1,14)(2,5,7)(6,13)(4,15)12(3,16)8-10-9=11",3,3,0.0,False,"1,14(2,5,7)13,6(12,15)4(3,8,16)-10=9=11",3,3,1.5,False,"(*1,14)(2,5,7)(6,13)(12,15)(4,8,16)(3,10)-9=11",3,3,0.0,False,"(*1,14)(2,5,7,13)(6,12,15)(4,8,16)(3,10)9=11",3,4,0.0,False,-10,
202205020403,3,3歳未勝利,ダ,2100,曇,稍重,10:55,2022-05-01,東京,8,2,3,2019105722,スクナ,牡3,56,01143,原田和真,2:15.4,1/2,11-11-13-13,36.7,39.0,8,462(+2),01189,[東]堀内岳志,624007,鈴木康弘,,"(*1,14)(2,5,7)(6,13)(4,15)12(3,16)8-10-9=11",11,2,0.0,False,"1,14(2,5,7)13,6(12,15)4(3,8,16)-10=9=11",11,3,3.0,False,"(*1,14)(2,5,7)(6,13)(12,15)(4,8,16)(3,10)-9=11",13,2,0.0,False,"(*1,14)(2,5,7,13)(6,12,15)(4,8,16)(3,10)9=11",13,2,0.0,False,-10,
202205020403,3,3歳未勝利,ダ,2100,曇,稍重,10:55,2022-05-01,東京,9,3,5,2019102682,ジョリエス,牡3,56,01158,野中悠太,2:15.6,1,3-3-3-3,37.8,222.8,13,458(+2),01171,[東]小手川準,986031,須本浩行,,"(*1,14)(2,5,7)(6,13)(4,15)12(3,16)8-10-9=11",3,3,0.0,False,"1,14(2,5,7)13,6(12,15)4(3,8,16)-10=9=11",3,3,1.5,False,"(*1,14)(2,5,7)(6,13)(12,15)(4,8,16)(3,10)-9=11",3,3,0.0,False,"(*1,14)(2,5,7,13)(6,12,15)(4,8,16)(3,10)9=11",3,4,0.0,False,-10,
202205020403,3,3歳未勝利,ダ,2100,曇,稍重,10:55,2022-05-01,東京,10,3,6,2019105392,フロールシュタット,牡3,56,01096,大野拓弥,2:15.7,1,6-7-6-7,37.6,28.2,7,458(-8),01054,[東]戸田博文,790005,吉田勝己,,"(*1,14)(2,5,7)(6,13)(4,15)12(3,16)8-10-9=11",6,2,0.0,False,"1,14(2,5,7)13,6(12,15)4(3,8,16)-10=9=11",7,1,3.0,False,"(*1,14)(2,5,7)(6,13)(12,15)(4,8,16)(3,10)-9=11",6,2,0.0,False,"(*1,14)(2,5,7,13)(6,12,15)(4,8,16)(3,10)9=11",7,3,0.0,False,-10,
202205020403,3,3歳未勝利,ダ,2100,曇,稍重,10:55,2022-05-01,東京,11,2,4,2019100644,サントゥアーリオ,セ3,56,00689,江田照男,2:15.9,1,8-10-10-10,37.5,248.9,15,436(-12),01064,[東]武藤善則,788800,ノースヒルズ,,"(*1,14)(2,5,7)(6,13)(4,15)12(3,16)8-10-9=11",8,2,0.0,False,"1,14(2,5,7)13,6(12,15)4(3,8,16)-10=9=11",10,1,3.0,False,"(*1,14)(2,5,7)(6,13)(12,15)(4,8,16)(3,10)-9=11",10,3,0.0,False,"(*1,14)(2,5,7,13)(6,12,15)(4,8,16)(3,10)9=11",10,3,0.0,False,-10,
202205020403,3,3歳未勝利,ダ,2100,曇,稍重,10:55,2022-05-01,東京,12,7,14,2019103001,トヨリュウオー,牝3,54,01135,杉原誠人,2:16.5,3.1/2,2-2-2-2,38.9,160.1,12,430(0),01124,[東]大和田成,355803,しょうじ,,"(*1,14)(2,5,7)(6,13)(4,15)12(3,16)8-10-9=11",2,2,0.0,False,"1,14(2,5,7)13,6(12,15)4(3,8,16)-10=9=11",2,1,1.5,False,"(*1,14)(2,5,7)(6,13)(12,15)(4,8,16)(3,10)-9=11",2,2,0.0,False,"(*1,14)(2,5,7,13)(6,12,15)(4,8,16)(3,10)9=11",2,2,0.0,False,-10,
202205020403,3,3歳未勝利,ダ,2100,曇,稍重,10:55,2022-05-01,東京,13,5,10,2019101012,ロードマグマ,牡3,56,01150,石川裕紀,2:16.8,2,14-14-13-13,38.1,80.4,10,460(-4),01052,[東]菊川正達,170800,ロードホースクラブ,,"(*1,14)(2,5,7)(6,13)(4,15)12(3,16)8-10-9=11",14,1,3.5,False,"1,14(2,5,7)13,6(12,15)4(3,8,16)-10=9=11",14,1,6.5,False,"(*1,14)(2,5,7)(6,13)(12,15)(4,8,16)(3,10)-9=11",13,2,0.0,False,"(*1,14)(2,5,7,13)(6,12,15)(4,8,16)(3,10)9=11",13,2,0.0,False,-10,
202205020403,3,3歳未勝利,ダ,2100,曇,稍重,10:55,2022-05-01,東京,14,8,16,2019106006,メールブルー,牡3,54,01188,永野猛蔵,2:17.2,2.1/2,11-11-10-10,38.8,242.5,14,494(-6),01023,[東]伊藤圭三,799033,椎名節,,"(*1,14)(2,5,7)(6,13)(4,15)12(3,16)8-10-9=11",11,2,0.0,False,"1,14(2,5,7)13,6(12,15)4(3,8,16)-10=9=11",11,3,3.0,False,"(*1,14)(2,5,7)(6,13)(12,15)(4,8,16)(3,10)-9=11",10,3,0.0,False,"(*1,14)(2,5,7,13)(6,12,15)(4,8,16)(3,10)9=11",10,3,0.0,False,-10,
202205020403,3,3歳未勝利,ダ,2100,曇,稍重,10:55,2022-05-01,東京,15,6,11,2019105189,エフジーノット,牡3,56,01092,津村明秀,2:17.4,1,16-16-16-16,36.8,47.3,9,530(0),01133,[東]黒岩陽一,506800,シルクレーシング,,"(*1,14)(2,5,7)(6,13)(4,15)12(3,16)8-10-9=11",16,1,13.0,False,"1,14(2,5,7)13,6(12,15)4(3,8,16)-10=9=11",16,1,18.5,False,"(*1,14)(2,5,7)(6,13)(12,15)(4,8,16)(3,10)-9=11",16,1,9.5,False,"(*1,14)(2,5,7,13)(6,12,15)(4,8,16)(3,10)9=11",16,1,6.0,False,-10,
202205020403,3,3歳未勝利,ダ,2100,曇,稍重,10:55,2022-05-01,東京,16,5,9,2019100836,ロマンバローズ,牡3,54,01191,松本大輝,2:17.8,2.1/2,15-15-15-15,38.8,552.0,16,504(-10),01031,[東]伊藤伸一,313033,菅實,,"(*1,14)(2,5,7)(6,13)(4,15)12(3,16)8-10-9=11",15,1,7.0,False,"1,14(2,5,7)13,6(12,15)4(3,8,16)-10=9=11",15,1,12.5,False,"(*1,14)(2,5,7)(6,13)(12,15)(4,8,16)(3,10)-9=11",15,1,3.5,False,"(*1,14)(2,5,7,13)(6,12,15)(4,8,16)(3,10)9=11",15,1,0.0,False,-10,
202205020404,4,3歳未勝利,芝,1400,曇,良,11:25,2022-05-01,東京,1,7,14,2019105555,ヴェールアンレーヴ,牝3,54,05386,戸崎圭太,1:22.1,,9-7,34.6,4.2,1,428(-12),01175,[東]宮田敬介,026803,ＤＭＭドリームクラブ,520.0,,,,,,,,,,,"16-(1,8,10)(3,4,15)9(2,14)(11,12)7(5,13)(6,17)-18",9,2,3.5,False,"16-10(1,15)(8,12)(3,4,14)(11,2,7)13(5,9)(6,17)-18",7,3,3.5,False,-10,午前中はやや速い時計が出ていて好位からの押し切りが見られた。強い雨が降り出した8R以降は一気に馬場が悪化してタフな外差し馬場へと変化した。
202205020404,4,3歳未勝利,芝,1400,曇,良,11:25,2022-05-01,東京,2,1,1,2019100944,ベルウッドツクバ,牡3,56,01009,柴田大知,1:22.2,1,2-3,34.9,25.8,10,460(-4),01109,[東]伊藤大士,137030,鈴木照雄,210.0,,,,,,,,,,,"16-(1,8,10)(3,4,15)9(2,14)(11,12)7(5,13)(6,17)-18",2,3,3.5,False,"16-10(1,15)(8,12)(3,4,14)(11,2,7)13(5,9)(6,17)-18",3,2,3.5,False,-10,午前中はやや速い時計が出ていて好位からの押し切りが見られた。強い雨が降り出した8R以降は一気に馬場が悪化してタフな外差し馬場へと変化した。
202205020404,4,3歳未勝利,芝,1400,曇,良,11:25,2022-05-01,東京,3,5,10,2019105503,フロスティグレイ,セ3,56,01158,野中悠太,1:22.4,1.1/2,2-2,35.3,41.8,12,476(-6),01175,[東]宮田敬介,506800,シルクレーシング,130.0,,,,,,,,,,,"16-(1,8,10)(3,4,15)9(2,14)(11,12)7(5,13)(6,17)-18",2,3,3.5,False,"16-10(1,15)(8,12)(3,4,14)(11,2,7)13(5,9)(6,17)-18",2,1,3.5,False,-10,午前中はやや速い時計が出ていて好位からの押し切りが見られた。強い雨が降り出した8R以降は一気に馬場が悪化してタフな外差し馬場へと変化した。
202205020404,4,3歳未勝利,芝,1400,曇,良,11:25,2022-05-01,東京,4,7,13,2019105310,ベロア,牝3,54,01170,横山武史,1:22.5,クビ,14-13,34.5,42.4,13,426(+2),00399,[東]国枝栄,790005,吉田勝己,78.0,,,,,,,,,,,"16-(1,8,10)(3,4,15)9(2,14)(11,12)7(5,13)(6,17)-18",14,2,3.5,False,"16-10(1,15)(8,12)(3,4,14)(11,2,7)13(5,9)(6,17)-18",13,1,3.5,False,-10,午前中はやや速い時計が出ていて好位からの押し切りが見られた。強い雨が降り出した8R以降は一気に馬場が悪化してタフな外差し馬場へと変化した。
202205020404,4,3歳未勝利,芝,1400,曇,良,11:25,2022-05-01,東京,5,7,15,2019104764,ジェットグリッター,牝3,54,01150,石川裕紀,1:22.5,アタマ,5-3,35.2,11.4,6,424(+4),01127,[東]栗田徹,758005,吉田照哉,52.0,,,,,,,,,,,"16-(1,8,10)(3,4,15)9(2,14)(11,12)7(5,13)(6,17)-18",5,3,3.5,False,"16-10(1,15)(8,12)(3,4,14)(11,2,7)13(5,9)(6,17)-18",3,2,3.5,False,-10,午前中はやや速い時計が出ていて好位からの押し切りが見られた。強い雨が降り出した8R以降は一気に馬場が悪化してタフな外差し馬場へと変化した。
202205020404,4,3歳未勝利,芝,1400,曇,良,11:25,2022-05-01,東京,6,2,4,2019105131,レーヌデゼトワール,牝3,54,01092,津村明秀,1:22.6,1/2,5-7,35.1,6.4,4,420(0),01163,[東]林徹,530033,星野隆男,,,,,,,,,,,,"16-(1,8,10)(3,4,15)9(2,14)(11,12)7(5,13)(6,17)-18",5,3,3.5,False,"16-10(1,15)(8,12)(3,4,14)(11,2,7)13(5,9)(6,17)-18",7,3,3.5,False,-10,午前中はやや速い時計が出ていて好位からの押し切りが見られた。強い雨が降り出した8R以降は一気に馬場が悪化してタフな外差し馬場へと変化した。
202205020404,4,3歳未勝利,芝,1400,曇,良,11:25,2022-05-01,東京,7,6,12,2019103550,ドキ,牡3,56,05212,Ｍ．デム,1:22.6,クビ,11-5,35.2,19.8,8,460(+2),01171,[東]小手川準,646030,中辻明,,,,,,,,,,,,"16-(1,8,10)(3,4,15)9(2,14)(11,12)7(5,13)(6,17)-18",11,2,3.5,False,"16-10(1,15)(8,12)(3,4,14)(11,2,7)13(5,9)(6,17)-18",5,2,3.5,False,-10,午前中はやや速い時計が出ていて好位からの押し切りが見られた。強い雨が降り出した8R以降は一気に馬場が悪化してタフな外差し馬場へと変化した。
202205020404,4,3歳未勝利,芝,1400,曇,良,11:25,2022-05-01,東京,8,8,18,2019104971,ジェリービーンロウ,牝3,54,01096,大野拓弥,1:22.7,1/2,18-18,34.2,23.1,9,458(+2),01162,[東]田中博康,758005,吉田照哉,,,,,,,,,,,,"16-(1,8,10)(3,4,15)9(2,14)(11,12)7(5,13)(6,17)-18",18,1,7.0,False,"16-10(1,15)(8,12)(3,4,14)(11,2,7)13(5,9)(6,17)-18",18,1,7.0,False,-10,午前中はやや速い時計が出ていて好位からの押し切りが見られた。強い雨が降り出した8R以降は一気に馬場が悪化してタフな外差し馬場へと変化した。
202205020404,4,3歳未勝利,芝,1400,曇,良,11:25,2022-05-01,東京,9,4,7,2019106727,インサニティ,牝3,54,00733,吉田豊,1:22.9,3/4,13-10,35.1,15.3,7,438(+10),01134,[東]高橋文雅,812008,石瀬浩三,,,,,,,,,,,,"16-(1,8,10)(3,4,15)9(2,14)(11,12)7(5,13)(6,17)-18",13,1,3.5,False,"16-10(1,15)(8,12)(3,4,14)(11,2,7)13(5,9)(6,17)-18",10,3,3.5,False,-10,午前中はやや速い時計が出ていて好位からの押し切りが見られた。強い雨が降り出した8R以降は一気に馬場が悪化してタフな外差し馬場へと変化した。
202205020404,4,3歳未勝利,芝,1400,曇,良,11:25,2022-05-01,東京,10,1,2,2019104643,ミッドナイトミニー,牝3,54,01162,木幡巧也,1:22.9,アタマ,9-10,35.2,5.9,3,452(-8),01008,[東]杉浦宏昭,880033,小林善一,,,,,,,,,,,,"16-(1,8,10)(3,4,15)9(2,14)(11,12)7(5,13)(6,17)-18",9,2,3.5,False,"16-10(1,15)(8,12)(3,4,14)(11,2,7)13(5,9)(6,17)-18",10,3,3.5,False,-10,午前中はやや速い時計が出ていて好位からの押し切りが見られた。強い雨が降り出した8R以降は一気に馬場が悪化してタフな外差し馬場へと変化した。
202205020404,4,3歳未勝利,芝,1400,曇,良,11:25,2022-05-01,東京,11,3,6,2019104898,ルージュライゼ,牝3,54,01179,菅原明良,1:22.9,クビ,16-16,34.7,5.7,2,426(-6),01127,[東]栗田徹,180800,東京ホースレーシング,,,,,,,,,,,,"16-(1,8,10)(3,4,15)9(2,14)(11,12)7(5,13)(6,17)-18",16,2,3.5,False,"16-10(1,15)(8,12)(3,4,14)(11,2,7)13(5,9)(6,17)-18",16,2,3.5,False,-10,午前中はやや速い時計が出ていて好位からの押し切りが見られた。強い雨が降り出した8R以降は一気に馬場が悪化してタフな外差し馬場へと変化した。
202205020404,4,3歳未勝利,芝,1400,曇,良,11:25,2022-05-01,東京,12,4,8,2019106290,プリティーメモリー,牝3,51,01192,横山琉人,1:23.5,3.1/2,2-5,36.1,8.2,5,392(+2),01177,[東]伊坂重信,457002,海谷幸司,,,,,,,,,,,,"16-(1,8,10)(3,4,15)9(2,14)(11,12)7(5,13)(6,17)-18",2,3,3.5,False,"16-10(1,15)(8,12)(3,4,14)(11,2,7)13(5,9)(6,17)-18",5,2,3.5,False,-10,午前中はやや速い時計が出ていて好位からの押し切りが見られた。強い雨が降り出した8R以降は一気に馬場が悪化してタフな外差し馬場へと変化した。
202205020404,4,3歳未勝利,芝,1400,曇,良,11:25,2022-05-01,東京,13,2,3,2019105827,ルネッタ,牝3,50,01190,古川奈穂,1:23.6,3/4,5-7,36.1,157.0,15,408(-8),01112,[東]田島俊明,854800,ノルマンディーサラブ...,,,,,,,,,,,,"16-(1,8,10)(3,4,15)9(2,14)(11,12)7(5,13)(6,17)-18",5,3,3.5,False,"16-10(1,15)(8,12)(3,4,14)(11,2,7)13(5,9)(6,17)-18",7,3,3.5,False,-10,午前中はやや速い時計が出ていて好位からの押し切りが見られた。強い雨が降り出した8R以降は一気に馬場が悪化してタフな外差し馬場へと変化した。
202205020404,4,3歳未勝利,芝,1400,曇,良,11:25,2022-05-01,東京,14,3,5,2019102046,シャイニーメモリー,牝3,54,01135,杉原誠人,1:23.8,1.1/2,14-14,35.7,318.4,17,442(+4),01051,[東]岩戸孝樹,855030,田頭勇貴,,,,,,,,,,,,"16-(1,8,10)(3,4,15)9(2,14)(11,12)7(5,13)(6,17)-18",14,2,3.5,False,"16-10(1,15)(8,12)(3,4,14)(11,2,7)13(5,9)(6,17)-18",14,2,3.5,False,-10,午前中はやや速い時計が出ていて好位からの押し切りが見られた。強い雨が降り出した8R以降は一気に馬場が悪化してタフな外差し馬場へと変化した。
202205020404,4,3歳未勝利,芝,1400,曇,良,11:25,2022-05-01,東京,15,8,16,2019102385,アダムズテソーロ,牡3,56,00689,江田照男,1:24.0,1,1-1,37.2,182.0,16,460(+2),01195,[東]嘉藤貴行,089803,了徳寺健二ホールディ...,,,,,,,,,,,,"16-(1,8,10)(3,4,15)9(2,14)(11,12)7(5,13)(6,17)-18",1,1,0.0,False,"16-10(1,15)(8,12)(3,4,14)(11,2,7)13(5,9)(6,17)-18",1,1,0.0,False,-10,午前中はやや速い時計が出ていて好位からの押し切りが見られた。強い雨が降り出した8R以降は一気に馬場が悪化してタフな外差し馬場へと変化した。
202205020404,4,3歳未勝利,芝,1400,曇,良,11:25,2022-05-01,東京,16,8,17,2019104024,ビロングゴールド,牝3,52,01191,松本大輝,1:24.0,クビ,16-16,35.8,31.5,11,464(0),01093,[東]松永康利,269800,丸幸小林牧場,,,,,,,,,,,,"16-(1,8,10)(3,4,15)9(2,14)(11,12)7(5,13)(6,17)-18",16,2,3.5,False,"16-10(1,15)(8,12)(3,4,14)(11,2,7)13(5,9)(6,17)-18",16,2,3.5,False,-10,午前中はやや速い時計が出ていて好位からの押し切りが見られた。強い雨が降り出した8R以降は一気に馬場が悪化してタフな外差し馬場へと変化した。
202205020404,4,3歳未勝利,芝,1400,曇,良,11:25,2022-05-01,東京,17,5,9,2019102434,サリーギャップ,牝3,52,01188,永野猛蔵,1:24.7,4,8-14,36.6,74.1,14,472(+2),01169,[東]加藤士津,518800,梅田牧場,,,,,,,,,,,,"16-(1,8,10)(3,4,15)9(2,14)(11,12)7(5,13)(6,17)-18",8,1,3.5,False,"16-10(1,15)(8,12)(3,4,14)(11,2,7)13(5,9)(6,17)-18",14,2,3.5,False,-10,午前中はやや速い時計が出ていて好位からの押し切りが見られた。強い雨が降り出した8R以降は一気に馬場が悪化してタフな外差し馬場へと変化した。
202205020404,4,3歳未勝利,芝,1400,曇,良,11:25,2022-05-01,東京,18,6,11,2019100829,キタノルシファ,牝3,52,01173,山田敬士,1:24.7,ハナ,11-10,36.9,467.4,18,396(+8),01096,[東]粕谷昌央,163002,北所直人,,,,,,,,,,,,"16-(1,8,10)(3,4,15)9(2,14)(11,12)7(5,13)(6,17)-18",11,2,3.5,False,"16-10(1,15)(8,12)(3,4,14)(11,2,7)13(5,9)(6,17)-18",10,3,3.5,False,-10,午前中はやや速い時計が出ていて好位からの押し切りが見られた。強い雨が降り出した8R以降は一気に馬場が悪化してタフな外差し馬場へと変化した。
202205020405,5,3歳未勝利,芝,1800,曇,良,12:15,2022-05-01,東京,1,2,4,2019105559,ロジマンボ,牡3,56,05386,戸崎圭太,1:49.6,,3-4-4,33.9,2.0,1,474(-8),01079,[東]古賀慎明,399030,久米田正明,520.0,,,,,,"(*9,10)(4,15)(5,8)(1,7,6,13)(2,12,14,16)11,3",3,2,0.0,False,"9(10,15)(4,5,8,13,16)(1,7,14)(6,12)(2,11)3",4,5,0.0,False,"(*9,10,15)(4,5,8,13)(1,7,6,14,16)12(2,11)-3",4,4,0.0,False,-8,午前中はやや速い時計が出ていて好位からの押し切りが見られた。強い雨が降り出した8R以降は一気に馬場が悪化してタフな外差し馬場へと変化した。
202205020405,5,3歳未勝利,芝,1800,曇,良,12:15,2022-05-01,東京,2,8,15,2019106865,アオイアルファワン,牡3,52,01190,古川奈穂,1:49.6,クビ,3-2-2,34.1,49.2,8,444(-4),01075,[西]矢作芳人,443033,新谷幸義,210.0,,,,,,"(*9,10)(4,15)(5,8)(1,7,6,13)(2,12,14,16)11,3",3,2,0.0,False,"9(10,15)(4,5,8,13,16)(1,7,14)(6,12)(2,11)3",2,2,0.0,False,"(*9,10,15)(4,5,8,13)(1,7,6,14,16)12(2,11)-3",2,3,0.0,False,-8,午前中はやや速い時計が出ていて好位からの押し切りが見られた。強い雨が降り出した8R以降は一気に馬場が悪化してタフな外差し馬場へと変化した。
202205020405,5,3歳未勝利,芝,1800,曇,良,12:15,2022-05-01,東京,3,7,13,2019104159,カヨウネンカ,牝3,54,05212,Ｍ．デム,1:50.0,2.1/2,7-4-4,34.3,3.5,2,440(+2),01086,[東]斎藤誠,629800,ミルファーム,130.0,,,,,,"(*9,10)(4,15)(5,8)(1,7,6,13)(2,12,14,16)11,3",7,4,0.0,False,"9(10,15)(4,5,8,13,16)(1,7,14)(6,12)(2,11)3",4,5,0.0,False,"(*9,10,15)(4,5,8,13)(1,7,6,14,16)12(2,11)-3",4,4,0.0,False,-8,午前中はやや速い時計が出ていて好位からの押し切りが見られた。強い雨が降り出した8R以降は一気に馬場が悪化してタフな外差し馬場へと変化した。
202205020405,5,3歳未勝利,芝,1800,曇,良,12:15,2022-05-01,東京,4,7,14,2019104040,アクロビンジャー,牡3,56,00733,吉田豊,1:50.0,クビ,11-9-8,34.1,4.8,3,452(0),01054,[東]戸田博文,346803,吉澤ホールディングス,78.0,,,,,,"(*9,10)(4,15)(5,8)(1,7,6,13)(2,12,14,16)11,3",11,4,0.0,False,"9(10,15)(4,5,8,13,16)(1,7,14)(6,12)(2,11)3",9,3,0.0,False,"(*9,10,15)(4,5,8,13)(1,7,6,14,16)12(2,11)-3",8,5,0.0,False,-8,午前中はやや速い時計が出ていて好位からの押し切りが見られた。強い雨が降り出した8R以降は一気に馬場が悪化してタフな外差し馬場へと変化した。
202205020405,5,3歳未勝利,芝,1800,曇,良,12:15,2022-05-01,東京,5,6,11,2019103081,エンドロール,牡3,54,01188,永野猛蔵,1:50.1,1/2,15-14-14,33.8,15.8,5,458(0),01156,[東]青木孝文,018033,石川秀守,52.0,,,,,,"(*9,10)(4,15)(5,8)(1,7,6,13)(2,12,14,16)11,3",15,1,0.0,False,"9(10,15)(4,5,8,13,16)(1,7,14)(6,12)(2,11)3",14,2,0.0,False,"(*9,10,15)(4,5,8,13)(1,7,6,14,16)12(2,11)-3",14,2,0.0,False,-8,午前中はやや速い時計が出ていて好位からの押し切りが見られた。強い雨が降り出した8R以降は一気に馬場が悪化してタフな外差し馬場へと変化した。
202205020405,5,3歳未勝利,芝,1800,曇,良,12:15,2022-05-01,東京,6,5,10,2019106716,ヒドゥンキング,牡3,53,01192,横山琉人,1:50.1,ハナ,2-2-2,34.7,37.1,6,448(-2),01109,[東]伊藤大士,971033,高橋貴士,,,,,,,"(*9,10)(4,15)(5,8)(1,7,6,13)(2,12,14,16)11,3",2,2,0.0,False,"9(10,15)(4,5,8,13,16)(1,7,14)(6,12)(2,11)3",2,2,0.0,False,"(*9,10,15)(4,5,8,13)(1,7,6,14,16)12(2,11)-3",2,3,0.0,False,-8,午前中はやや速い時計が出ていて好位からの押し切りが見られた。強い雨が降り出した8R以降は一気に馬場が悪化してタフな外差し馬場へと変化した。
202205020405,5,3歳未勝利,芝,1800,曇,良,12:15,2022-05-01,東京,7,1,2,2019104263,ブローヴェイス,牡3,54,01191,松本大輝,1:50.2,3/4,11-14-14,33.9,50.9,9,424(+2),00421,[東]浅野洋一,730033,豊井義次,,,,,,,"(*9,10)(4,15)(5,8)(1,7,6,13)(2,12,14,16)11,3",11,4,0.0,False,"9(10,15)(4,5,8,13,16)(1,7,14)(6,12)(2,11)3",14,2,0.0,False,"(*9,10,15)(4,5,8,13)(1,7,6,14,16)12(2,11)-3",14,2,0.0,False,-8,午前中はやや速い時計が出ていて好位からの押し切りが見られた。強い雨が降り出した8R以降は一気に馬場が悪化してタフな外差し馬場へと変化した。
202205020405,5,3歳未勝利,芝,1800,曇,良,12:15,2022-05-01,東京,8,4,8,2019106919,ラスティンボーイ,牡3,56,01162,木幡巧也,1:50.2,アタマ,5-4-4,34.5,44.9,7,452(0),01047,[東]勢司和浩,493033,齋藤秀昭,,,,,,,"(*9,10)(4,15)(5,8)(1,7,6,13)(2,12,14,16)11,3",5,2,0.0,False,"9(10,15)(4,5,8,13,16)(1,7,14)(6,12)(2,11)3",4,5,0.0,False,"(*9,10,15)(4,5,8,13)(1,7,6,14,16)12(2,11)-3",4,4,0.0,False,-8,午前中はやや速い時計が出ていて好位からの押し切りが見られた。強い雨が降り出した8R以降は一気に馬場が悪化してタフな外差し馬場へと変化した。
202205020405,5,3歳未勝利,芝,1800,曇,良,12:15,2022-05-01,東京,9,3,6,2019102028,セルリアンルネッタ,牡3,56,01117,丸田恭介,1:50.4,1.1/4,7-12-8,34.4,352.8,15,458(0),01135,[西]高橋康之,459800,イクタ,,,,,,,"(*9,10)(4,15)(5,8)(1,7,6,13)(2,12,14,16)11,3",7,4,0.0,False,"9(10,15)(4,5,8,13,16)(1,7,14)(6,12)(2,11)3",12,2,0.0,False,"(*9,10,15)(4,5,8,13)(1,7,6,14,16)12(2,11)-3",8,5,0.0,False,-8,午前中はやや速い時計が出ていて好位からの押し切りが見られた。強い雨が降り出した8R以降は一気に馬場が悪化してタフな外差し馬場へと変化した。
202205020405,5,3歳未勝利,芝,1800,曇,良,12:15,2022-05-01,東京,10,4,7,2019106416,キセキノエンジェル,牝3,54,01179,菅原明良,1:50.5,1/2,7-9-8,34.6,11.8,4,450(+4),00428,[東]石毛善彦,011033,川島与市,,,,,,,"(*9,10)(4,15)(5,8)(1,7,6,13)(2,12,14,16)11,3",7,4,0.0,False,"9(10,15)(4,5,8,13,16)(1,7,14)(6,12)(2,11)3",9,3,0.0,False,"(*9,10,15)(4,5,8,13)(1,7,6,14,16)12(2,11)-3",8,5,0.0,False,-8,午前中はやや速い時計が出ていて好位からの押し切りが見られた。強い雨が降り出した8R以降は一気に馬場が悪化してタフな外差し馬場へと変化した。
202205020405,5,3歳未勝利,芝,1800,曇,良,12:15,2022-05-01,東京,11,5,9,2019106025,ダインスレイフ,牝3,54,01019,秋山真一,1:50.5,ハナ,1-1-1,35.1,187.7,13,438(-10),01069,[西]中尾秀正,348803,ゴールドアップ・カン...,,,,,,,"(*9,10)(4,15)(5,8)(1,7,6,13)(2,12,14,16)11,3",1,2,0.0,True,"9(10,15)(4,5,8,13,16)(1,7,14)(6,12)(2,11)3",1,1,0.0,False,"(*9,10,15)(4,5,8,13)(1,7,6,14,16)12(2,11)-3",1,3,0.0,True,-8,午前中はやや速い時計が出ていて好位からの押し切りが見られた。強い雨が降り出した8R以降は一気に馬場が悪化してタフな外差し馬場へと変化した。
202205020405,5,3歳未勝利,芝,1800,曇,良,12:15,2022-05-01,東京,12,1,1,2019105805,ペルグランデ,牝3,54,01009,柴田大知,1:50.7,1,7-9-8,34.7,210.3,14,430(0),01131,[東]蛯名利弘,716800,ビッグレッドファーム,,,,,,,"(*9,10)(4,15)(5,8)(1,7,6,13)(2,12,14,16)11,3",7,4,0.0,False,"9(10,15)(4,5,8,13,16)(1,7,14)(6,12)(2,11)3",9,3,0.0,False,"(*9,10,15)(4,5,8,13)(1,7,6,14,16)12(2,11)-3",8,5,0.0,False,-8,午前中はやや速い時計が出ていて好位からの押し切りが見られた。強い雨が降り出した8R以降は一気に馬場が悪化してタフな外差し馬場へと変化した。
202205020405,5,3歳未勝利,芝,1800,曇,良,12:15,2022-05-01,東京,13,3,5,2019104676,ハニーズスマイル,牝3,54,01135,杉原誠人,1:50.9,1.1/2,5-4-4,35.2,133.9,11,434(+8),01081,[東]中川公成,751030,高橋明裕,,,,,,,"(*9,10)(4,15)(5,8)(1,7,6,13)(2,12,14,16)11,3",5,2,0.0,False,"9(10,15)(4,5,8,13,16)(1,7,14)(6,12)(2,11)3",4,5,0.0,False,"(*9,10,15)(4,5,8,13)(1,7,6,14,16)12(2,11)-3",4,4,0.0,False,-8,午前中はやや速い時計が出ていて好位からの押し切りが見られた。強い雨が降り出した8R以降は一気に馬場が悪化してタフな外差し馬場へと変化した。
202205020405,5,3歳未勝利,芝,1800,曇,良,12:15,2022-05-01,東京,14,2,3,2019104443,キャンミナーレ,牝3,54,01147,城戸義政,1:51.0,1/2,16-16-16,34.2,132.3,10,478(0),01110,[西]清水久詞,808800,Ｇ１レーシング,,,,,,,"(*9,10)(4,15)(5,8)(1,7,6,13)(2,12,14,16)11,3",16,1,1.5,False,"9(10,15)(4,5,8,13,16)(1,7,14)(6,12)(2,11)3",16,1,0.0,False,"(*9,10,15)(4,5,8,13)(1,7,6,14,16)12(2,11)-3",16,1,3.5,False,-8,午前中はやや速い時計が出ていて好位からの押し切りが見られた。強い雨が降り出した8R以降は一気に馬場が悪化してタフな外差し馬場へと変化した。
202205020405,5,3歳未勝利,芝,1800,曇,良,12:15,2022-05-01,東京,15,6,12,2019105651,ナックメジャー,牡3,56,01096,大野拓弥,1:51.2,1.1/4,11-12-13,35.0,159.6,12,486(-2),01008,[東]杉浦宏昭,931033,小松欣也,,,,,,,"(*9,10)(4,15)(5,8)(1,7,6,13)(2,12,14,16)11,3",11,4,0.0,False,"9(10,15)(4,5,8,13,16)(1,7,14)(6,12)(2,11)3",12,2,0.0,False,"(*9,10,15)(4,5,8,13)(1,7,6,14,16)12(2,11)-3",13,1,0.0,False,-8,午前中はやや速い時計が出ていて好位からの押し切りが見られた。強い雨が降り出した8R以降は一気に馬場が悪化してタフな外差し馬場へと変化した。
202205020405,5,3歳未勝利,芝,1800,曇,良,12:15,2022-05-01,東京,16,8,16,2019103175,サンアーバイン,牝3,54,01036,竹之下智,1:51.6,2.1/2,11-4-8,35.6,420.7,16,430(-16),01125,[東]小野次郎,059803,加藤ステーブル,,,,,,,"(*9,10)(4,15)(5,8)(1,7,6,13)(2,12,14,16)11,3",11,4,0.0,False,"9(10,15)(4,5,8,13,16)(1,7,14)(6,12)(2,11)3",4,5,0.0,False,"(*9,10,15)(4,5,8,13)(1,7,6,14,16)12(2,11)-3",8,5,0.0,False,-8,午前中はやや速い時計が出ていて好位からの押し切りが見られた。強い雨が降り出した8R以降は一気に馬場が悪化してタフな外差し馬場へと変化した。
202205020406,6,3歳1勝クラス,芝,1600,曇,良,12:45,2022-05-01,東京,1,1,1,2019104844,アオイモエ,牝3,54,01096,大野拓弥,1:35.5,,1-1,34.0,4.3,4,402(+2),01153,[東]中舘英二,443033,新谷幸義,750.0,,,,,,,,,,,"1,7(4,8)(6,9)-(5,10)3-2",1,1,0.0,False,"1,7(4,8,3)(6,9)10,5,2",1,1,0.0,False,-8,午前中はやや速い時計が出ていて好位からの押し切りが見られた。強い雨が降り出した8R以降は一気に馬場が悪化してタフな外差し馬場へと変化した。
202205020406,6,3歳1勝クラス,芝,1600,曇,良,12:45,2022-05-01,東京,2,3,3,2019103152,サイード,牡3,56,05212,Ｍ．デム,1:35.7,3/4,9-3,33.9,3.8,2,492(+4),01121,[西]角田晃一,948006,前田幸治,300.0,,,,,,,,,,,"1,7(4,8)(6,9)-(5,10)3-2",9,1,5.0,False,"1,7(4,8,3)(6,9)10,5,2",3,3,1.5,False,-8,午前中はやや速い時計が出ていて好位からの押し切りが見られた。強い雨が降り出した8R以降は一気に馬場が悪化してタフな外差し馬場へと変化した。
202205020406,6,3歳1勝クラス,芝,1600,曇,良,12:45,2022-05-01,東京,3,7,8,2019105336,ライラスター,牡3,56,01170,横山武史,1:35.7,クビ,3-3,33.9,2.9,1,482(0),01126,[東]木村哲也,486800,キャロットファーム,190.0,,,,,,,,,,,"1,7(4,8)(6,9)-(5,10)3-2",3,2,1.5,False,"1,7(4,8,3)(6,9)10,5,2",3,3,1.5,False,-8,午前中はやや速い時計が出ていて好位からの押し切りが見られた。強い雨が降り出した8R以降は一気に馬場が悪化してタフな外差し馬場へと変化した。
202205020406,6,3歳1勝クラス,芝,1600,曇,良,12:45,2022-05-01,東京,4,6,6,2019103897,ハピネスアゲン,牝3,54,00689,江田照男,1:35.7,クビ,5-6,33.7,8.4,5,448(+2),01024,[東]萱野浩二,350004,浅川皓司,110.0,,,,,,,,,,,"1,7(4,8)(6,9)-(5,10)3-2",5,2,1.5,False,"1,7(4,8,3)(6,9)10,5,2",6,2,1.5,False,-8,午前中はやや速い時計が出ていて好位からの押し切りが見られた。強い雨が降り出した8R以降は一気に馬場が悪化してタフな外差し馬場へと変化した。
202205020406,6,3歳1勝クラス,芝,1600,曇,良,12:45,2022-05-01,東京,5,7,7,2019103790,ミツカネムーン,牝3,52,01191,松本大輝,1:35.8,1/2,2-2,34.2,72.9,8,426(-4),01080,[東]清水英克,006803,小山田満,75.0,,,,,,,,,,,"1,7(4,8)(6,9)-(5,10)3-2",2,1,1.5,False,"1,7(4,8,3)(6,9)10,5,2",2,1,1.5,False,-8,午前中はやや速い時計が出ていて好位からの押し切りが見られた。強い雨が降り出した8R以降は一気に馬場が悪化してタフな外差し馬場へと変化した。
202205020406,6,3歳1勝クラス,芝,1600,曇,良,12:45,2022-05-01,東京,6,8,9,2019105321,メトセラ,牡3,56,05585,レーン,1:36.1,1.1/2,5-6,34.0,4.2,3,480(-10),01075,[西]矢作芳人,877800,ラ・メール,,,,,,,,,,,,"1,7(4,8)(6,9)-(5,10)3-2",5,2,1.5,False,"1,7(4,8,3)(6,9)10,5,2",6,2,1.5,False,-8,午前中はやや速い時計が出ていて好位からの押し切りが見られた。強い雨が降り出した8R以降は一気に馬場が悪化してタフな外差し馬場へと変化した。
202205020406,6,3歳1勝クラス,芝,1600,曇,良,12:45,2022-05-01,東京,7,8,10,2019101793,クイーンドライヴ,牝3,54,01092,津村明秀,1:36.2,3/4,7-8,34.0,52.1,7,406(0),01080,[東]清水英克,045033,井村誉志雄,,,,,,,,,,,,"1,7(4,8)(6,9)-(5,10)3-2",7,2,5.0,False,"1,7(4,8,3)(6,9)10,5,2",8,1,1.5,False,-8,午前中はやや速い時計が出ていて好位からの押し切りが見られた。強い雨が降り出した8R以降は一気に馬場が悪化してタフな外差し馬場へと変化した。
202205020406,6,3歳1勝クラス,芝,1600,曇,良,12:45,2022-05-01,東京,8,4,4,2019102988,ケッツァー,牡3,56,01009,柴田大知,1:36.5,2,3-3,34.7,45.8,6,488(0),01089,[東]武市康男,716800,ビッグレッドファーム,,,,,,,,,,,,"1,7(4,8)(6,9)-(5,10)3-2",3,2,1.5,False,"1,7(4,8,3)(6,9)10,5,2",3,3,1.5,False,-8,午前中はやや速い時計が出ていて好位からの押し切りが見られた。強い雨が降り出した8R以降は一気に馬場が悪化してタフな外差し馬場へと変化した。
202205020406,6,3歳1勝クラス,芝,1600,曇,良,12:45,2022-05-01,東京,9,5,5,2019103390,ウインドエラ,牝3,54,01147,城戸義政,1:36.9,2.1/2,7-9,34.5,443.9,10,444(-2),00437,[東]南田美知,629800,ミルファーム,,,,,,,,,,,,"1,7(4,8)(6,9)-(5,10)3-2",7,2,5.0,False,"1,7(4,8,3)(6,9)10,5,2",9,1,3.0,False,-8,午前中はやや速い時計が出ていて好位からの押し切りが見られた。強い雨が降り出した8R以降は一気に馬場が悪化してタフな外差し馬場へと変化した。
202205020406,6,3歳1勝クラス,芝,1600,曇,良,12:45,2022-05-01,東京,10,2,2,2019102887,セプテンベル,牝3,51,01192,横山琉人,1:37.0,クビ,10-10,34.4,134.5,9,422(-6),01147,[東]武井亮,073803,大冨智弘,,,,,,,,,,,,"1,7(4,8)(6,9)-(5,10)3-2",10,1,8.5,False,"1,7(4,8,3)(6,9)10,5,2",10,1,4.5,False,-8,午前中はやや速い時計が出ていて好位からの押し切りが見られた。強い雨が降り出した8R以降は一気に馬場が悪化してタフな外差し馬場へと変化した。
202205020407,7,4歳以上1勝クラス,ダ,1400,雨,稍重,13:15,2022-05-01,東京,1,1,1,2018105608,パラノイド,牝4,55,01179,菅原明良,1:24.1,,8-8,35.7,10.0,4,470(0),01017,[東]萩原清,172002,池谷誠一,770.0,,,,,,,,,,,"2(8,13)4(10,14)-6(1,12)(7,11,16)(3,9)-15-5",8,2,3.5,False,"(*2,8,13)(4,14)16,10-(1,6)(7,12)(9,11)3-5-15",8,2,5.0,False,-19,
202205020407,7,4歳以上1勝クラス,ダ,1400,雨,稍重,13:15,2022-05-01,東京,2,2,4,2018105420,スキャッターシード,牝4,55,01170,横山武史,1:24.4,1.3/4,4-4,36.7,1.9,1,548(-6),01086,[東]斎藤誠,808800,Ｇ１レーシング,310.0,,,,,,,,,,,"2(8,13)4(10,14)-6(1,12)(7,11,16)(3,9)-15-5",4,1,0.0,False,"(*2,8,13)(4,14)16,10-(1,6)(7,12)(9,11)3-5-15",4,2,0.0,False,-19,
202205020407,7,4歳以上1勝クラス,ダ,1400,雨,稍重,13:15,2022-05-01,東京,3,7,14,2018102338,アラカザーム,牝4,55,00684,田中勝春,1:24.7,1.3/4,5-4,36.9,17.4,7,460(+16),01093,[東]松永康利,336030,小林竜太郎,190.0,,,,,,,,,,,"2(8,13)4(10,14)-6(1,12)(7,11,16)(3,9)-15-5",5,2,0.0,False,"(*2,8,13)(4,14)16,10-(1,6)(7,12)(9,11)3-5-15",4,2,0.0,False,-19,
202205020407,7,4歳以上1勝クラス,ダ,1400,雨,稍重,13:15,2022-05-01,東京,4,1,2,2018106472,シーオブドリームス,牝4,55,01092,津村明秀,1:24.8,1/2,1-1,37.4,9.1,3,486(+6),01108,[東]矢野英一,536800,大樹ファーム,120.0,,,,,,,,,,,"2(8,13)4(10,14)-6(1,12)(7,11,16)(3,9)-15-5",1,1,0.0,False,"(*2,8,13)(4,14)16,10-(1,6)(7,12)(9,11)3-5-15",1,3,0.0,True,-19,
202205020407,7,4歳以上1勝クラス,ダ,1400,雨,稍重,13:15,2022-05-01,東京,5,4,7,2017101771,ヤマニンエルモサ,牝5,55,01096,大野拓弥,1:24.9,3/4,10-10,36.3,17.2,6,494(+6),01182,[東]辻哲英,329004,土井肇,77.0,,,,,,,,,,,"2(8,13)4(10,14)-6(1,12)(7,11,16)(3,9)-15-5",10,3,3.5,False,"(*2,8,13)(4,14)16,10-(1,6)(7,12)(9,11)3-5-15",10,2,5.0,False,-19,
202205020407,7,4歳以上1勝クラス,ダ,1400,雨,稍重,13:15,2022-05-01,東京,6,5,10,2017100874,ヴァルゴスピカ,牝5,53,01188,永野猛蔵,1:25.0,3/4,5-7,36.9,52.1,10,452(+16),01051,[東]岩戸孝樹,851009,岡田牧雄,,,,,,,,,,,,"2(8,13)4(10,14)-6(1,12)(7,11,16)(3,9)-15-5",5,2,0.0,False,"(*2,8,13)(4,14)16,10-(1,6)(7,12)(9,11)3-5-15",7,1,1.5,False,-19,
202205020407,7,4歳以上1勝クラス,ダ,1400,雨,稍重,13:15,2022-05-01,東京,7,3,5,2018101519,ケイツーマルカ,牝4,55,01019,秋山真一,1:25.9,5,16-15,36.5,21.2,8,504(0),01026,[東]鈴木伸尋,103006,楠本勝美,,,,,,,,,,,,"2(8,13)4(10,14)-6(1,12)(7,11,16)(3,9)-15-5",16,1,10.5,False,"(*2,8,13)(4,14)16,10-(1,6)(7,12)(9,11)3-5-15",15,1,8.5,False,-19,
202205020407,7,4歳以上1勝クラス,ダ,1400,雨,稍重,13:15,2022-05-01,東京,8,6,11,2017105151,ユールファーナ,牝5,52,01192,横山琉人,1:25.9,ハナ,10-12,37.0,82.7,11,434(-8),01165,[東]和田勇介,486800,キャロットファーム,,,,,,,,,,,,"2(8,13)4(10,14)-6(1,12)(7,11,16)(3,9)-15-5",10,3,3.5,False,"(*2,8,13)(4,14)16,10-(1,6)(7,12)(9,11)3-5-15",12,2,5.0,False,-19,
202205020407,7,4歳以上1勝クラス,ダ,1400,雨,稍重,13:15,2022-05-01,東京,9,2,3,2017105940,ジェラペッシュ,牝5,55,00733,吉田豊,1:26.0,1/2,13-14,37.0,438.0,15,466(+6),00437,[東]南田美知,932008,柴田洋一,,,,,,,,,,,,"2(8,13)4(10,14)-6(1,12)(7,11,16)(3,9)-15-5",13,2,3.5,False,"(*2,8,13)(4,14)16,10-(1,6)(7,12)(9,11)3-5-15",14,1,5.0,False,-19,
202205020407,7,4歳以上1勝クラス,ダ,1400,雨,稍重,13:15,2022-05-01,東京,10,5,9,2018105231,ラヴォルタ,牝4,55,05585,レーン,1:26.0,クビ,13-12,37.1,4.6,2,494(-6),01027,[東]田村康仁,486800,キャロットファーム,,,,,,,,,,,,"2(8,13)4(10,14)-6(1,12)(7,11,16)(3,9)-15-5",13,2,3.5,False,"(*2,8,13)(4,14)16,10-(1,6)(7,12)(9,11)3-5-15",12,2,5.0,False,-19,
202205020407,7,4歳以上1勝クラス,ダ,1400,雨,稍重,13:15,2022-05-01,東京,11,7,13,2017105286,ナリノクリスティー,牝5,52,01201,水沼元輝,1:26.1,クビ,2-2,38.6,84.0,12,484(0),00423,[東]上原博之,333030,成塚清志,,,,,,,,,,,,"2(8,13)4(10,14)-6(1,12)(7,11,16)(3,9)-15-5",2,2,0.0,False,"(*2,8,13)(4,14)16,10-(1,6)(7,12)(9,11)3-5-15",2,3,0.0,False,-19,
202205020407,7,4歳以上1勝クラス,ダ,1400,雨,稍重,13:15,2022-05-01,東京,12,4,8,2016105479,ルミエールソレイユ,牝6,55,01009,柴田大知,1:26.2,3/4,2-2,38.7,102.2,13,482(-4),01096,[東]粕谷昌央,851009,岡田牧雄,,,,,,,,,,,,"2(8,13)4(10,14)-6(1,12)(7,11,16)(3,9)-15-5",2,2,0.0,False,"(*2,8,13)(4,14)16,10-(1,6)(7,12)(9,11)3-5-15",2,3,0.0,False,-19,
202205020407,7,4歳以上1勝クラス,ダ,1400,雨,稍重,13:15,2022-05-01,東京,13,6,12,2017105267,ショコラブリアン,牝5,55,05212,Ｍ．デム,1:26.4,3/4,8-10,37.9,15.1,5,520(-12),01103,[東]尾関知人,060031,木村直人,,,,,,,,,,,,"2(8,13)4(10,14)-6(1,12)(7,11,16)(3,9)-15-5",8,2,3.5,False,"(*2,8,13)(4,14)16,10-(1,6)(7,12)(9,11)3-5-15",10,2,5.0,False,-19,
202205020407,7,4歳以上1勝クラス,ダ,1400,雨,稍重,13:15,2022-05-01,東京,14,8,16,2018101051,タマダイヤモンド,牝4,55,01150,石川裕紀,1:26.6,1.1/2,10-6,38.7,36.8,9,488(+4),01020,[東]相沢郁,898004,玉井鶴枝,,,,,,,,,,,,"2(8,13)4(10,14)-6(1,12)(7,11,16)(3,9)-15-5",10,3,3.5,False,"(*2,8,13)(4,14)16,10-(1,6)(7,12)(9,11)3-5-15",6,1,0.0,False,-19,
202205020407,7,4歳以上1勝クラス,ダ,1400,雨,稍重,13:15,2022-05-01,東京,15,3,6,2018100529,ジャグリング,牝4,55,01162,木幡巧也,1:26.7,クビ,7-8,38.3,188.9,14,458(-4),01116,[東]新開幸一,373008,中村祐子,,,,,,,,,,,,"2(8,13)4(10,14)-6(1,12)(7,11,16)(3,9)-15-5",7,1,3.5,False,"(*2,8,13)(4,14)16,10-(1,6)(7,12)(9,11)3-5-15",8,2,5.0,False,-19,
202205020407,7,4歳以上1勝クラス,ダ,1400,雨,稍重,13:15,2022-05-01,東京,16,8,15,2018103298,タイセイルージュ,牝4,55,01135,杉原誠人,1:27.1,2.1/2,15-16,37.4,454.9,16,472(+2),01109,[東]伊藤大士,224007,田中成奉,,,,,,,,,,,,"2(8,13)4(10,14)-6(1,12)(7,11,16)(3,9)-15-5",15,1,7.0,False,"(*2,8,13)(4,14)16,10-(1,6)(7,12)(9,11)3-5-15",16,1,12.0,False,-19,
202205020408,8,4歳以上2勝クラス,芝,1600,雨,稍重,13:45,2022-05-01,東京,1,7,7,2018100671,フィアスプライド,牝4,55,01179,菅原明良,1:34.5,,7-6,34.0,4.3,2,476(-4),00399,[東]国枝栄,003060,ゴドルフィン,"1,110.0",,,,,,,,,,,"9,3-5,8(4,6)7,2(1,10)",7,1,6.5,False,"9,3(5,8)4(6,7)(2,1)-10",6,2,1.5,False,-6,
202205020408,8,4歳以上2勝クラス,芝,1600,雨,稍重,13:45,2022-05-01,東京,2,8,9,2018105004,アップリバー,牝4,55,01092,津村明秀,1:34.7,3/4,1-1,35.0,27.7,7,492(0),01106,[東]牧光二,011008,平田修,440.0,,,,,,,,,,,"9,3-5,8(4,6)7,2(1,10)",1,1,0.0,False,"9,3(5,8)4(6,7)(2,1)-10",1,1,0.0,False,-6,
202205020408,8,4歳以上2勝クラス,芝,1600,雨,稍重,13:45,2022-05-01,東京,3,7,8,2014105531,アオイシンゴ,セ8,57,05386,戸崎圭太,1:34.7,クビ,4-3,34.4,6.7,4,496(-6),01079,[東]古賀慎明,443033,新谷幸義,280.0,,,,,,,,,,,"9,3-5,8(4,6)7,2(1,10)",4,1,6.5,False,"9,3(5,8)4(6,7)(2,1)-10",3,2,1.5,False,-6,
202205020408,8,4歳以上2勝クラス,芝,1600,雨,稍重,13:45,2022-05-01,東京,4,5,5,2018100389,シャンブル,牝4,55,05212,Ｍ．デム,1:34.9,1.1/4,3-3,34.7,6.8,5,480(0),01130,[西]吉村圭司,888800,ＣＨＥＶＡＬＡＴＴＡ...,170.0,,,,,,,,,,,"9,3-5,8(4,6)7,2(1,10)",3,1,5.0,False,"9,3(5,8)4(6,7)(2,1)-10",3,2,1.5,False,-6,
202205020408,8,4歳以上2勝クラス,芝,1600,雨,稍重,13:45,2022-05-01,東京,5,1,1,2018105143,レフトゥバーズ,牝4,55,01170,横山武史,1:34.9,アタマ,9-8,34.1,2.1,1,444(-6),01017,[東]萩原清,172002,池谷誠一,111.0,,,,,,,,,,,"9,3-5,8(4,6)7,2(1,10)",9,2,8.0,False,"9,3(5,8)4(6,7)(2,1)-10",8,2,1.5,False,-6,
202205020408,8,4歳以上2勝クラス,芝,1600,雨,稍重,13:45,2022-05-01,東京,6,2,2,2018103560,ワザモノ,牡4,57,01150,石川裕紀,1:34.9,クビ,8-8,34.1,22.2,6,490(-6),01103,[東]尾関知人,854800,ノルマンディーサラブ...,,,,,,,,,,,,"9,3-5,8(4,6)7,2(1,10)",8,1,8.0,False,"9,3(5,8)4(6,7)(2,1)-10",8,2,1.5,False,-6,
202205020408,8,4歳以上2勝クラス,芝,1600,雨,稍重,13:45,2022-05-01,東京,7,6,6,2018103729,スリートップキズナ,牡4,55,01188,永野猛蔵,1:35.0,アタマ,5-6,34.5,6.2,3,456(0),01023,[東]伊藤圭三,061800,永井商事,,,,,,,,,,,,"9,3-5,8(4,6)7,2(1,10)",5,2,6.5,False,"9,3(5,8)4(6,7)(2,1)-10",6,2,1.5,False,-6,
202205020408,8,4歳以上2勝クラス,芝,1600,雨,稍重,13:45,2022-05-01,東京,8,3,3,2017103722,セイウンパワフル,牡5,54,01192,横山琉人,1:35.3,2,2-2,35.3,42.9,8,472(-2),01086,[東]斎藤誠,897009,西山茂行,,,,,,,,,,,,"9,3-5,8(4,6)7,2(1,10)",2,1,1.5,False,"9,3(5,8)4(6,7)(2,1)-10",2,1,1.5,False,-6,
202205020408,8,4歳以上2勝クラス,芝,1600,雨,稍重,13:45,2022-05-01,東京,9,8,10,2017102872,ニルカンタテソーロ,牡5,55,01191,松本大輝,1:36.3,6,9-10,34.9,145.9,9,448(-6),01171,[東]小手川準,089803,了徳寺健二ホールディ...,,,,,,,,,,,,"9,3-5,8(4,6)7,2(1,10)",9,2,8.0,False,"9,3(5,8)4(6,7)(2,1)-10",10,1,5.0,False,-6,
202205020408,8,4歳以上2勝クラス,芝,1600,雨,稍重,13:45,2022-05-01,東京,10,4,4,2016105718,スズカユース,牝6,55,01143,原田和真,1:36.4,1/2,5-5,36.0,285.3,10,460(+16),01189,[東]堀内岳志,382004,永井啓弍,,,,,,,,,,,,"9,3-5,8(4,6)7,2(1,10)",5,2,6.5,False,"9,3(5,8)4(6,7)(2,1)-10",5,1,1.5,False,-6,
202205020409,9,陣馬特別(2勝),芝,2400,雨,稍重,14:15,2022-05-01,東京,1,2,2,2018105162,レッドヴェロシティ,牡4,57,05212,Ｍ．デム,2:27.3,,12-12-11-8,36.2,2.4,1,538(-2),01126,[東]木村哲也,180800,東京ホースレーシング,"1,539.4","6,5-8,1(3,9)(4,11)-10(7,12)-2",12,1,13.5,False,"6=5-(1,8)(3,9)(4,11)-10(7,12)-2",12,1,16.5,False,"6=5-(1,8)-(3,9)(4,11)(7,10)(12,2)",11,2,13.0,False,"6=5(1,8)(3,9)4(7,10,11,2)12",8,4,6.0,False,0,
202205020409,9,陣馬特別(2勝),芝,2400,雨,稍重,14:15,2022-05-01,東京,2,6,8,2016102767,プレイリードリーム,牡6,56,01179,菅原明良,2:27.3,クビ,3-3-3-3,36.7,4.9,2,460(0),01042,[西]安達昭夫,635009,田所英子,608.4,"6,5-8,1(3,9)(4,11)-10(7,12)-2",3,1,5.0,False,"6=5-(1,8)(3,9)(4,11)-10(7,12)-2",3,2,9.5,False,"6=5-(1,8)-(3,9)(4,11)(7,10)(12,2)",3,2,9.5,False,"6=5(1,8)(3,9)4(7,10,11,2)12",3,2,6.0,False,0,
202205020409,9,陣馬特別(2勝),芝,2400,雨,稍重,14:15,2022-05-01,東京,3,1,1,2018105573,レインフロムヘヴン,牡4,56,05585,レーン,2:27.4,クビ,4-3-3-3,36.9,5.0,3,460(+8),01070,[東]堀宣行,415800,社台レースホース,384.2,"6,5-8,1(3,9)(4,11)-10(7,12)-2",4,1,6.5,False,"6=5-(1,8)(3,9)(4,11)-10(7,12)-2",3,2,9.5,False,"6=5-(1,8)-(3,9)(4,11)(7,10)(12,2)",3,2,9.5,False,"6=5(1,8)(3,9)4(7,10,11,2)12",3,2,6.0,False,0,
202205020409,9,陣馬特別(2勝),芝,2400,雨,稍重,14:15,2022-05-01,東京,4,7,10,2016103041,レッドクーゲル,牡6,53,00733,吉田豊,2:27.6,1.1/2,9-9-9-8,36.5,119.5,12,448(+4),01103,[東]尾関知人,180800,東京ホースレーシング,230.0,"6,5-8,1(3,9)(4,11)-10(7,12)-2",9,1,10.0,False,"6=5-(1,8)(3,9)(4,11)-10(7,12)-2",9,1,13.0,False,"6=5-(1,8)-(3,9)(4,11)(7,10)(12,2)",9,2,13.0,False,"6=5(1,8)(3,9)4(7,10,11,2)12",8,4,6.0,False,0,
202205020409,9,陣馬特別(2勝),芝,2400,雨,稍重,14:15,2022-05-01,東京,5,6,7,2017101436,ウインエアフォルク,牡5,54,01158,野中悠太,2:27.7,1/2,10-10-9-8,36.6,78.1,11,472(-6),01029,[東]根本康広,863033,成富直行,151.0,"6,5-8,1(3,9)(4,11)-10(7,12)-2",10,2,10.0,False,"6=5-(1,8)(3,9)(4,11)-10(7,12)-2",10,2,13.0,False,"6=5-(1,8)-(3,9)(4,11)(7,10)(12,2)",9,2,13.0,False,"6=5(1,8)(3,9)4(7,10,11,2)12",8,4,6.0,False,0,
202205020409,9,陣馬特別(2勝),芝,2400,雨,稍重,14:15,2022-05-01,東京,6,8,11,2017100389,マベルロンジュ,牝5,53,01162,木幡巧也,2:27.8,クビ,7-7-7-8,36.7,23.0,9,466(+4),01094,[東]水野貴広,252030,落合幸弘,,"6,5-8,1(3,9)(4,11)-10(7,12)-2",7,2,6.5,False,"6=5-(1,8)(3,9)(4,11)-10(7,12)-2",7,2,9.5,False,"6=5-(1,8)-(3,9)(4,11)(7,10)(12,2)",7,2,13.0,False,"6=5(1,8)(3,9)4(7,10,11,2)12",8,4,6.0,False,0,
202205020409,9,陣馬特別(2勝),芝,2400,雨,稍重,14:15,2022-05-01,東京,7,8,12,2016105768,サトノフォース,セ6,55,05386,戸崎圭太,2:28.3,3.1/2,10-10-11-12,37.0,21.9,8,468(-6),01191,[東]蛯名正義,075803,サトミホースカンパニ...,,"6,5-8,1(3,9)(4,11)-10(7,12)-2",10,2,10.0,False,"6=5-(1,8)(3,9)(4,11)-10(7,12)-2",10,2,13.0,False,"6=5-(1,8)-(3,9)(4,11)(7,10)(12,2)",11,2,13.0,False,"6=5(1,8)(3,9)4(7,10,11,2)12",12,1,6.0,False,0,
202205020409,9,陣馬特別(2勝),芝,2400,雨,稍重,14:15,2022-05-01,東京,8,7,9,2018104711,エトワールマタン,牝4,52,01150,石川裕紀,2:28.3,アタマ,5-5-5-5,37.4,14.6,6,444(-2),01118,[東]高柳瑞樹,244033,丹羽久一郎,,"6,5-8,1(3,9)(4,11)-10(7,12)-2",5,2,6.5,False,"6=5-(1,8)(3,9)(4,11)-10(7,12)-2",5,2,9.5,False,"6=5-(1,8)-(3,9)(4,11)(7,10)(12,2)",5,2,13.0,False,"6=5(1,8)(3,9)4(7,10,11,2)12",5,2,6.0,False,0,
202205020409,9,陣馬特別(2勝),芝,2400,雨,稍重,14:15,2022-05-01,東京,9,5,5,2017105144,ポレンティア,牝5,53,01092,津村明秀,2:29.2,5,2-2-2-2,38.9,17.1,7,530(+14),01162,[東]田中博康,506800,シルクレーシング,,"6,5-8,1(3,9)(4,11)-10(7,12)-2",2,1,1.5,False,"6=5-(1,8)(3,9)(4,11)-10(7,12)-2",2,1,6.0,False,"6=5-(1,8)-(3,9)(4,11)(7,10)(12,2)",2,1,6.0,False,"6=5(1,8)(3,9)4(7,10,11,2)12",2,1,6.0,False,0,
202205020409,9,陣馬特別(2勝),芝,2400,雨,稍重,14:15,2022-05-01,東京,10,5,6,2016102550,シュブリーム,牡6,53,00684,田中勝春,2:30.1,5,1-1-1-1,40.6,12.4,5,472(-6),01124,[東]大和田成,290006,栗坂崇,,"6,5-8,1(3,9)(4,11)-10(7,12)-2",1,1,0.0,False,"6=5-(1,8)(3,9)(4,11)-10(7,12)-2",1,1,0.0,False,"6=5-(1,8)-(3,9)(4,11)(7,10)(12,2)",1,1,0.0,False,"6=5(1,8)(3,9)4(7,10,11,2)12",1,1,0.0,False,0,
202205020409,9,陣馬特別(2勝),芝,2400,雨,稍重,14:15,2022-05-01,東京,11,4,4,2018105345,エクランドール,牝4,53,01170,横山武史,2:30.2,1/2,7-7-7-7,39.2,10.0,4,426(0),01038,[東]手塚貴久,226800,サンデーレーシング,,"6,5-8,1(3,9)(4,11)-10(7,12)-2",7,2,6.5,False,"6=5-(1,8)(3,9)(4,11)-10(7,12)-2",7,2,9.5,False,"6=5-(1,8)-(3,9)(4,11)(7,10)(12,2)",7,2,13.0,False,"6=5(1,8)(3,9)4(7,10,11,2)12",7,1,6.0,False,0,
202205020409,9,陣馬特別(2勝),芝,2400,雨,稍重,14:15,2022-05-01,東京,12,3,3,2016103962,ヴィント,牡6,52,01036,竹之下智,2:30.7,3.1/2,5-5-5-5,39.9,73.0,10,534(-10),01120,[西]千田輝彦,055803,平山靖,,"6,5-8,1(3,9)(4,11)-10(7,12)-2",5,2,6.5,False,"6=5-(1,8)(3,9)(4,11)-10(7,12)-2",5,2,9.5,False,"6=5-(1,8)-(3,9)(4,11)(7,10)(12,2)",5,2,13.0,False,"6=5(1,8)(3,9)4(7,10,11,2)12",5,2,6.0,False,0,
202205020410,10,ブリリアントS(L),ダ,2100,雨,不良,14:50,2022-05-01,東京,1,8,16,2015103217,アルドーレ,牡7,56,05585,レーン,2:07.1,,6-5-5-5,36.1,4.6,1,488(-10),01148,[西]西村真幸,271008,安原浩司,"2,335.0","10,11(6,9)8,16(1,12)14,2(3,15)4-(7,13)5",6,1,3.0,False,"10-11,6,9(8,16)-12-1-14,2-(3,15)-4-(7,13)5",5,2,6.5,False,"(*10,11)6,9(8,16)-12-1,2,14-(3,15)-4-(7,13)-5",5,2,1.5,False,"(*10,11)(6,9)16(12,2)(8,1)(14,15)3,4(7,13)-5",5,1,0.0,False,-24,
202205020410,10,ブリリアントS(L),ダ,2100,雨,不良,14:50,2022-05-01,東京,2,3,6,2016105713,ハヤブサナンデクン,牡6,55,01096,大野拓弥,2:07.4,1.3/4,3-3-3-3,36.6,6.6,4,512(+10),01130,[西]吉村圭司,837008,武田修,930.0,"10,11(6,9)8,16(1,12)14,2(3,15)4-(7,13)5",3,2,1.5,False,"10-11,6,9(8,16)-12-1-14,2-(3,15)-4-(7,13)5",3,1,5.0,False,"(*10,11)6,9(8,16)-12-1,2,14-(3,15)-4-(7,13)-5",3,1,0.0,False,"(*10,11)(6,9)16(12,2)(8,1)(14,15)3,4(7,13)-5",3,2,0.0,False,-24,
202205020410,10,ブリリアントS(L),ダ,2100,雨,不良,14:50,2022-05-01,東京,3,8,15,2017102011,キタノヴィジョン,牡5,54,01117,丸田恭介,2:07.5,3/4,11-11-11-10,36.0,10.7,7,488(-4),01024,[東]萱野浩二,163002,北所直人,585.0,"10,11(6,9)8,16(1,12)14,2(3,15)4-(7,13)5",11,2,4.5,False,"10-11,6,9(8,16)-12-1-14,2-(3,15)-4-(7,13)5",11,2,22.0,False,"(*10,11)6,9(8,16)-12-1,2,14-(3,15)-4-(7,13)-5",11,2,15.0,False,"(*10,11)(6,9)16(12,2)(8,1)(14,15)3,4(7,13)-5",10,2,0.0,False,-24,
202205020410,10,ブリリアントS(L),ダ,2100,雨,不良,14:50,2022-05-01,東京,4,1,2,2017110066,アメリカンフェイス,牡5,54,00733,吉田豊,2:07.8,1.3/4,10-10-9-6,36.6,39.9,11,502(+4),01054,[東]戸田博文,346803,吉澤ホールディングス,350.0,"10,11(6,9)8,16(1,12)14,2(3,15)4-(7,13)5",10,1,4.5,False,"10-11,6,9(8,16)-12-1-14,2-(3,15)-4-(7,13)5",10,1,18.5,False,"(*10,11)6,9(8,16)-12-1,2,14-(3,15)-4-(7,13)-5",9,1,10.0,False,"(*10,11)(6,9)16(12,2)(8,1)(14,15)3,4(7,13)-5",6,2,0.0,False,-24,
202205020410,10,ブリリアントS(L),ダ,2100,雨,不良,14:50,2022-05-01,東京,5,6,11,2016102214,トップウイナー,牡6,55,01147,城戸義政,2:08.0,1.1/2,2-2-2-2,37.4,112.2,15,468(-8),01111,[西]鈴木孝志,916800,宮内牧場,230.0,"10,11(6,9)8,16(1,12)14,2(3,15)4-(7,13)5",2,1,1.5,False,"10-11,6,9(8,16)-12-1-14,2-(3,15)-4-(7,13)5",2,1,3.5,False,"(*10,11)6,9(8,16)-12-1,2,14-(3,15)-4-(7,13)-5",2,2,0.0,False,"(*10,11)(6,9)16(12,2)(8,1)(14,15)3,4(7,13)-5",2,2,0.0,False,-24,
202205020410,10,ブリリアントS(L),ダ,2100,雨,不良,14:50,2022-05-01,東京,6,2,4,2016101147,ロードリバーサル,牡6,54,01092,津村明秀,2:08.0,アタマ,13-13-13-13,36.1,70.4,13,496(0),01062,[西]藤岡健一,170800,ロードホースクラブ,,"10,11(6,9)8,16(1,12)14,2(3,15)4-(7,13)5",13,1,4.5,False,"10-11,6,9(8,16)-12-1-14,2-(3,15)-4-(7,13)5",13,1,25.5,False,"(*10,11)6,9(8,16)-12-1,2,14-(3,15)-4-(7,13)-5",13,1,18.5,False,"(*10,11)(6,9)16(12,2)(8,1)(14,15)3,4(7,13)-5",13,1,1.5,False,-24,
202205020410,10,ブリリアントS(L),ダ,2100,雨,不良,14:50,2022-05-01,東京,7,1,1,2018104876,ユアヒストリー,牡4,54,01150,石川裕紀,2:08.0,クビ,7-8-8-8,36.6,32.0,9,464(+4),01144,[西]池添学,962031,ＭＯＭＯレーシング,,"10,11(6,9)8,16(1,12)14,2(3,15)4-(7,13)5",7,2,3.0,False,"10-11,6,9(8,16)-12-1-14,2-(3,15)-4-(7,13)5",8,1,13.5,False,"(*10,11)6,9(8,16)-12-1,2,14-(3,15)-4-(7,13)-5",8,1,8.5,False,"(*10,11)(6,9)16(12,2)(8,1)(14,15)3,4(7,13)-5",8,2,0.0,False,-24,
202205020410,10,ブリリアントS(L),ダ,2100,雨,不良,14:50,2022-05-01,東京,8,7,13,2016105013,デュアライズ,牡6,55,01179,菅原明良,2:08.2,1.1/4,14-14-14-14,36.0,5.1,2,456(+2),01153,[東]中舘英二,371009,高橋文男,,"10,11(6,9)8,16(1,12)14,2(3,15)4-(7,13)5",14,2,8.0,False,"10-11,6,9(8,16)-12-1-14,2-(3,15)-4-(7,13)5",14,2,29.0,False,"(*10,11)6,9(8,16)-12-1,2,14-(3,15)-4-(7,13)-5",14,2,22.0,False,"(*10,11)(6,9)16(12,2)(8,1)(14,15)3,4(7,13)-5",14,2,1.5,False,-24,
202205020410,10,ブリリアントS(L),ダ,2100,雨,不良,14:50,2022-05-01,東京,9,7,14,2015102979,エイコーン,牡7,55,05386,戸崎圭太,2:08.4,1,9-9-10-10,36.9,34.1,10,464(+2),01101,[西]吉田直弘,316031,西森功,,"10,11(6,9)8,16(1,12)14,2(3,15)4-(7,13)5",9,1,3.0,False,"10-11,6,9(8,16)-12-1-14,2-(3,15)-4-(7,13)5",9,1,17.0,False,"(*10,11)6,9(8,16)-12-1,2,14-(3,15)-4-(7,13)-5",10,1,11.5,False,"(*10,11)(6,9)16(12,2)(8,1)(14,15)3,4(7,13)-5",10,2,0.0,False,-24,
202205020410,10,ブリリアントS(L),ダ,2100,雨,不良,14:50,2022-05-01,東京,10,6,12,2016100617,スマッシングハーツ,牡6,56,01170,横山武史,2:08.4,クビ,7-7-7-6,37.2,5.8,3,508(-8),01172,[西]新谷功一,948006,前田幸治,,"10,11(6,9)8,16(1,12)14,2(3,15)4-(7,13)5",7,2,3.0,False,"10-11,6,9(8,16)-12-1-14,2-(3,15)-4-(7,13)5",7,1,10.0,False,"(*10,11)6,9(8,16)-12-1,2,14-(3,15)-4-(7,13)-5",7,1,5.0,False,"(*10,11)(6,9)16(12,2)(8,1)(14,15)3,4(7,13)-5",6,2,0.0,False,-24,
202205020410,10,ブリリアントS(L),ダ,2100,雨,不良,14:50,2022-05-01,東京,11,5,9,2015105411,ホウオウスクラム,牡7,54,01192,横山琉人,2:08.8,2.1/2,3-4-4-3,37.9,193.5,16,526(-8),01145,[東]奥村武,906033,小笹芳央,,"10,11(6,9)8,16(1,12)14,2(3,15)4-(7,13)5",3,2,1.5,False,"10-11,6,9(8,16)-12-1-14,2-(3,15)-4-(7,13)5",4,1,6.5,False,"(*10,11)6,9(8,16)-12-1,2,14-(3,15)-4-(7,13)-5",4,1,1.5,False,"(*10,11)(6,9)16(12,2)(8,1)(14,15)3,4(7,13)-5",3,2,0.0,False,-24,
202205020410,10,ブリリアントS(L),ダ,2100,雨,不良,14:50,2022-05-01,東京,12,5,10,2017100887,リネンファッション,牝5,54,01019,秋山真一,2:09.1,2,1-1-1-1,38.5,22.4,8,456(-9),01170,[西]坂口智康,851005,戸山光男,,"10,11(6,9)8,16(1,12)14,2(3,15)4-(7,13)5",1,1,0.0,False,"10-11,6,9(8,16)-12-1-14,2-(3,15)-4-(7,13)5",1,1,0.0,False,"(*10,11)6,9(8,16)-12-1,2,14-(3,15)-4-(7,13)-5",1,2,0.0,True,"(*10,11)(6,9)16(12,2)(8,1)(14,15)3,4(7,13)-5",1,2,0.0,True,-24,
202205020410,10,ブリリアントS(L),ダ,2100,雨,不良,14:50,2022-05-01,東京,13,2,3,2017104819,ダノンファスト,牡5,56,01162,木幡巧也,2:09.5,2.1/2,11-11-11-12,37.7,40.7,12,472(0),01115,[東]菊沢隆徳,619800,ダノックス,,"10,11(6,9)8,16(1,12)14,2(3,15)4-(7,13)5",11,2,4.5,False,"10-11,6,9(8,16)-12-1-14,2-(3,15)-4-(7,13)5",11,2,22.0,False,"(*10,11)6,9(8,16)-12-1,2,14-(3,15)-4-(7,13)-5",11,2,15.0,False,"(*10,11)(6,9)16(12,2)(8,1)(14,15)3,4(7,13)-5",12,1,0.0,False,-24,
202205020410,10,ブリリアントS(L),ダ,2100,雨,不良,14:50,2022-05-01,東京,14,4,7,2017101323,リッターシュラーク,牡5,54,01118,宮崎北斗,2:09.5,ハナ,14-14-14-14,37.4,9.6,6,520(0),01081,[東]中川公成,316031,西森功,,"10,11(6,9)8,16(1,12)14,2(3,15)4-(7,13)5",14,2,8.0,False,"10-11,6,9(8,16)-12-1-14,2-(3,15)-4-(7,13)5",14,2,29.0,False,"(*10,11)6,9(8,16)-12-1,2,14-(3,15)-4-(7,13)-5",14,2,22.0,False,"(*10,11)(6,9)16(12,2)(8,1)(14,15)3,4(7,13)-5",14,2,1.5,False,-24,
202205020410,10,ブリリアントS(L),ダ,2100,雨,不良,14:50,2022-05-01,東京,15,3,5,2016101163,ロードマイウェイ,牡6,56,01188,永野猛蔵,2:09.8,2,16-16-16-16,37.1,89.1,14,488(+8),01157,[西]杉山晴紀,170800,ロードホースクラブ,,"10,11(6,9)8,16(1,12)14,2(3,15)4-(7,13)5",16,1,8.0,False,"10-11,6,9(8,16)-12-1-14,2-(3,15)-4-(7,13)5",16,1,29.0,False,"(*10,11)6,9(8,16)-12-1,2,14-(3,15)-4-(7,13)-5",16,1,25.5,False,"(*10,11)(6,9)16(12,2)(8,1)(14,15)3,4(7,13)-5",16,1,5.0,False,-24,
202205020410,10,ブリリアントS(L),ダ,2100,雨,不良,14:50,2022-05-01,東京,16,4,8,2017104867,ヒロイックテイル,牡5,56,05212,Ｍ．デム,2:12.7,大,5-5-5-8,41.3,7.8,5,490(-12),01099,[西]本田優,758005,吉田照哉,,"10,11(6,9)8,16(1,12)14,2(3,15)4-(7,13)5",5,1,1.5,False,"10-11,6,9(8,16)-12-1-14,2-(3,15)-4-(7,13)5",5,2,6.5,False,"(*10,11)6,9(8,16)-12-1,2,14-(3,15)-4-(7,13)-5",5,2,1.5,False,"(*10,11)(6,9)16(12,2)(8,1)(14,15)3,4(7,13)-5",8,2,0.0,False,-24,
202205020411,11,スイートピーS(L),芝,1800,雨,稍重,15:30,2022-05-01,東京,1,4,4,2019100215,ウインエクレール,牝3,54,05212,Ｍ．デム,1:48.9,,3-2-3,36.4,2.7,1,470(+6),01048,[東]畠山吉宏,494800,ウイン,"2,021.7",,,,,,"(*2,3)4,7,5(1,8,6,10)9",3,1,0.0,False,"2(4,3,10)-7-6(5,8)9,1",2,3,0.0,False,"(*2,10)4,3(7,6)(5,8)1,9",3,1,0.0,False,5,
202205020411,11,スイートピーS(L),芝,1800,雨,稍重,15:30,2022-05-01,東京,2,8,9,2019100618,コントディヴェール,牝3,54,01179,菅原明良,1:49.1,1.1/2,10-9-10,35.6,9.6,6,464(-2),01110,[西]清水久詞,948006,前田幸治,806.2,,,,,,"(*2,3)4,7,5(1,8,6,10)9",10,1,3.0,False,"2(4,3,10)-7-6(5,8)9,1",9,1,7.0,False,"(*2,10)4,3(7,6)(5,8)1,9",10,1,3.0,False,5,
202205020411,11,スイートピーS(L),芝,1800,雨,稍重,15:30,2022-05-01,東京,3,6,6,2019105533,ラリベラ,牝3,54,01191,松本大輝,1:49.7,3.1/2,6-6-5,36.8,26.2,8,444(-14),00438,[西]安田隆行,879800,雅苑興業,503.1,,,,,,"(*2,3)4,7,5(1,8,6,10)9",6,4,3.0,False,"2(4,3,10)-7-6(5,8)9,1",6,1,7.0,False,"(*2,10)4,3(7,6)(5,8)1,9",5,2,1.5,False,5,
202205020411,11,スイートピーS(L),芝,1800,雨,稍重,15:30,2022-05-01,東京,4,7,8,2019105570,ローブエリタージュ,牝3,54,01170,横山武史,1:50.0,1.1/2,6-7-7,36.9,4.7,3,396(0),01038,[東]手塚貴久,506800,シルクレーシング,300.0,,,,,,"(*2,3)4,7,5(1,8,6,10)9",6,4,3.0,False,"2(4,3,10)-7-6(5,8)9,1",7,2,7.0,False,"(*2,10)4,3(7,6)(5,8)1,9",7,2,1.5,False,5,
202205020411,11,スイートピーS(L),芝,1800,雨,稍重,15:30,2022-05-01,東京,5,2,2,2019101629,グランスラムアスク,牝3,54,01190,古川奈穂,1:50.0,クビ,1-1-1,37.8,9.0,5,446(-2),01075,[西]矢作芳人,037803,廣崎利洋ＨＤ,200.0,,,,,,"(*2,3)4,7,5(1,8,6,10)9",1,2,0.0,True,"2(4,3,10)-7-6(5,8)9,1",1,1,0.0,False,"(*2,10)4,3(7,6)(5,8)1,9",1,2,0.0,True,5,
202205020411,11,スイートピーS(L),芝,1800,雨,稍重,15:30,2022-05-01,東京,6,8,10,2019103094,ニシノメグレス,牝3,54,01092,津村明秀,1:50.1,1/2,6-2-2,37.8,22.0,7,414(+6),01024,[東]萱野浩二,897009,西山茂行,,,,,,,"(*2,3)4,7,5(1,8,6,10)9",6,4,3.0,False,"2(4,3,10)-7-6(5,8)9,1",2,3,0.0,False,"(*2,10)4,3(7,6)(5,8)1,9",2,2,0.0,False,5,
202205020411,11,スイートピーS(L),芝,1800,雨,稍重,15:30,2022-05-01,東京,7,1,1,2019105634,カランセ,牝3,54,01150,石川裕紀,1:51.0,5,6-10-9,37.7,74.2,9,464(+2),01132,[東]金成貴史,268033,野田努,,,,,,,"(*2,3)4,7,5(1,8,6,10)9",6,4,3.0,False,"2(4,3,10)-7-6(5,8)9,1",10,1,8.5,False,"(*2,10)4,3(7,6)(5,8)1,9",9,1,1.5,False,5,
202205020411,11,スイートピーS(L),芝,1800,雨,稍重,15:30,2022-05-01,東京,8,5,5,2019106373,シークルーズ,牝3,54,05386,戸崎圭太,1:51.0,ハナ,5-7-7,38.0,4.2,2,422(-6),01157,[西]杉山晴紀,669007,飯田良枝,,,,,,,"(*2,3)4,7,5(1,8,6,10)9",5,1,3.0,False,"2(4,3,10)-7-6(5,8)9,1",7,2,7.0,False,"(*2,10)4,3(7,6)(5,8)1,9",7,2,1.5,False,5,
202205020411,11,スイートピーS(L),芝,1800,雨,稍重,15:30,2022-05-01,東京,9,7,7,2019105768,フィールシンパシー,牝3,54,01192,横山琉人,1:51.4,2.1/2,4-5-5,38.6,8.6,4,440(+6),01068,[東]小島茂之,851009,岡田牧雄,,,,,,,"(*2,3)4,7,5(1,8,6,10)9",4,1,1.5,False,"2(4,3,10)-7-6(5,8)9,1",5,1,3.5,False,"(*2,10)4,3(7,6)(5,8)1,9",5,2,1.5,False,5,
202205020411,11,スイートピーS(L),芝,1800,雨,稍重,15:30,2022-05-01,東京,10,3,3,2019106510,ユキノエリザベス,牝3,54,01188,永野猛蔵,1:52.4,6,2-2-4,39.8,94.4,10,450(-16),01152,[東]竹内正洋,623005,井上基之,,,,,,,"(*2,3)4,7,5(1,8,6,10)9",2,2,0.0,False,"2(4,3,10)-7-6(5,8)9,1",2,3,0.0,False,"(*2,10)4,3(7,6)(5,8)1,9",4,1,1.5,False,5,
202205020412,12,4歳以上2勝クラス,ダ,1300,雨,不良,16:10,2022-05-01,東京,1,5,9,2018105503,ロコポルティ,牡4,57,05386,戸崎圭太,1:16.6,,3-4,35.1,2.3,1,530(+8),01028,[西]西園正都,506800,シルクレーシング,"1,110.0",,,,,,,,,,,"(*6,7)(4,9,12)10(8,11,14)(2,15)(3,5)(1,13)-16",3,3,0.0,False,"(*6,7)-4,9(2,8,11,12)10(3,5,14)(1,15)13,16",4,1,5.0,False,-24,
202205020412,12,4歳以上2勝クラス,ダ,1300,雨,不良,16:10,2022-05-01,東京,2,3,6,2018106471,ブルースコード,牡4,55,01188,永野猛蔵,1:16.8,1.1/2,1-1,35.9,10.8,5,478(-12),01023,[東]伊藤圭三,885800,ビクトリーホースラン...,440.0,,,,,,,,,,,"(*6,7)(4,9,12)10(8,11,14)(2,15)(3,5)(1,13)-16",1,2,0.0,True,"(*6,7)-4,9(2,8,11,12)10(3,5,14)(1,15)13,16",1,2,0.0,True,-24,
202205020412,12,4歳以上2勝クラス,ダ,1300,雨,不良,16:10,2022-05-01,東京,3,4,7,2017102612,ソラン,牡5,57,00733,吉田豊,1:16.9,クビ,2-2,35.9,143.4,16,530(+8),01187,[東]西田雄一,624007,鈴木康弘,280.0,,,,,,,,,,,"(*6,7)(4,9,12)10(8,11,14)(2,15)(3,5)(1,13)-16",2,2,0.0,False,"(*6,7)-4,9(2,8,11,12)10(3,5,14)(1,15)13,16",2,2,0.0,False,-24,
202205020412,12,4歳以上2勝クラス,ダ,1300,雨,不良,16:10,2022-05-01,東京,4,2,4,2017105689,クロッチ,セ5,57,01153,木幡初也,1:17.0,1,3-3,35.6,139.3,15,460(+8),01008,[東]杉浦宏昭,064803,リトルブルーファーム,170.0,,,,,,,,,,,"(*6,7)(4,9,12)10(8,11,14)(2,15)(3,5)(1,13)-16",3,3,0.0,False,"(*6,7)-4,9(2,8,11,12)10(3,5,14)(1,15)13,16",3,1,3.5,False,-24,
202205020412,12,4歳以上2勝クラス,ダ,1300,雨,不良,16:10,2022-05-01,東京,5,1,1,2018102120,ロードミッドナイト,牡4,57,01162,木幡巧也,1:17.7,4,14-13,35.3,9.8,4,528(-2),01162,[東]田中博康,170800,ロードホースクラブ,111.0,,,,,,,,,,,"(*6,7)(4,9,12)10(8,11,14)(2,15)(3,5)(1,13)-16",14,2,0.0,False,"(*6,7)-4,9(2,8,11,12)10(3,5,14)(1,15)13,16",13,2,5.0,False,-24,
202205020412,12,4歳以上2勝クラス,ダ,1300,雨,不良,16:10,2022-05-01,東京,6,1,2,2017104744,エリモグリッター,セ5,57,05212,Ｍ．デム,1:17.8,クビ,10-5,36.1,17.0,8,472(-8),01010,[東]中野栄治,953030,山本三津子,,,,,,,,,,,,"(*6,7)(4,9,12)10(8,11,14)(2,15)(3,5)(1,13)-16",10,2,0.0,False,"(*6,7)-4,9(2,8,11,12)10(3,5,14)(1,15)13,16",5,4,5.0,False,-24,
202205020412,12,4歳以上2勝クラス,ダ,1300,雨,不良,16:10,2022-05-01,東京,7,8,15,2016101561,グーテンモルゲン,牡6,57,01117,丸田恭介,1:17.8,クビ,10-13,35.4,75.1,13,520(-2),01123,[西]牧田和弥,768006,薪浦亨,,,,,,,,,,,,"(*6,7)(4,9,12)10(8,11,14)(2,15)(3,5)(1,13)-16",10,2,0.0,False,"(*6,7)-4,9(2,8,11,12)10(3,5,14)(1,15)13,16",13,2,5.0,False,-24,
202205020412,12,4歳以上2勝クラス,ダ,1300,雨,不良,16:10,2022-05-01,東京,8,4,8,2017101162,サツキマス,牝5,55,01158,野中悠太,1:17.9,3/4,7-5,36.2,110.3,14,454(0),01112,[東]田島俊明,302031,越村哲男,,,,,,,,,,,,"(*6,7)(4,9,12)10(8,11,14)(2,15)(3,5)(1,13)-16",7,3,0.0,False,"(*6,7)-4,9(2,8,11,12)10(3,5,14)(1,15)13,16",5,4,5.0,False,-24,
202205020412,12,4歳以上2勝クラス,ダ,1300,雨,不良,16:10,2022-05-01,東京,9,7,13,2017100524,レイテントロアー,牡5,57,01135,杉原誠人,1:18.0,クビ,14-15,35.4,13.4,6,488(+4),01195,[東]嘉藤貴行,853033,矢野亨憲,,,,,,,,,,,,"(*6,7)(4,9,12)10(8,11,14)(2,15)(3,5)(1,13)-16",14,2,0.0,False,"(*6,7)-4,9(2,8,11,12)10(3,5,14)(1,15)13,16",15,1,5.0,False,-24,
202205020412,12,4歳以上2勝クラス,ダ,1300,雨,不良,16:10,2022-05-01,東京,10,5,10,2018102969,タイセイブレイズ,牡4,54,01192,横山琉人,1:18.1,3/4,6-9,36.1,16.3,7,464(-4),01113,[西]牧浦充徳,224007,田中成奉,,,,,,,,,,,,"(*6,7)(4,9,12)10(8,11,14)(2,15)(3,5)(1,13)-16",6,1,0.0,False,"(*6,7)-4,9(2,8,11,12)10(3,5,14)(1,15)13,16",9,1,5.0,False,-24,
202205020412,12,4歳以上2勝クラス,ダ,1300,雨,不良,16:10,2022-05-01,東京,11,2,3,2016100040,カネコメアサヒ,牡6,57,01150,石川裕紀,1:18.1,クビ,12-10,35.9,40.1,11,440(-6),01069,[西]中尾秀正,530007,高岡義雄,,,,,,,,,,,,"(*6,7)(4,9,12)10(8,11,14)(2,15)(3,5)(1,13)-16",12,2,0.0,False,"(*6,7)-4,9(2,8,11,12)10(3,5,14)(1,15)13,16",10,3,5.0,False,-24,
202205020412,12,4歳以上2勝クラス,ダ,1300,雨,不良,16:10,2022-05-01,東京,12,8,16,2017104128,バーンパッション,牡5,55,01191,松本大輝,1:18.3,1,16-16,35.5,62.0,12,478(-8),01081,[東]中川公成,851009,岡田牧雄,,,,,,,,,,,,"(*6,7)(4,9,12)10(8,11,14)(2,15)(3,5)(1,13)-16",16,1,3.5,False,"(*6,7)-4,9(2,8,11,12)10(3,5,14)(1,15)13,16",16,1,6.5,False,-24,
202205020412,12,4歳以上2勝クラス,ダ,1300,雨,不良,16:10,2022-05-01,東京,13,6,11,2017103143,グランドストローク,牡5,57,05585,レーン,1:18.5,1.1/2,7-5,36.7,6.3,2,474(+4),01094,[東]水野貴広,030803,コスモヴューファーム,,,,,,,,,,,,"(*6,7)(4,9,12)10(8,11,14)(2,15)(3,5)(1,13)-16",7,3,0.0,False,"(*6,7)-4,9(2,8,11,12)10(3,5,14)(1,15)13,16",5,4,5.0,False,-24,
202205020412,12,4歳以上2勝クラス,ダ,1300,雨,不良,16:10,2022-05-01,東京,14,7,14,2018103173,アティード,牡4,57,01170,横山武史,1:18.5,アタマ,7-10,36.3,6.9,3,516(0),01169,[東]加藤士津,392803,高瀬正志,,,,,,,,,,,,"(*6,7)(4,9,12)10(8,11,14)(2,15)(3,5)(1,13)-16",7,3,0.0,False,"(*6,7)-4,9(2,8,11,12)10(3,5,14)(1,15)13,16",10,3,5.0,False,-24,
202205020412,12,4歳以上2勝クラス,ダ,1300,雨,不良,16:10,2022-05-01,東京,15,3,5,2016104078,ホウオウモントレー,牝6,55,01179,菅原明良,1:18.9,2.1/2,12-10,36.7,29.9,9,528(+12),01108,[東]矢野英一,906033,小笹芳央,,,,,,,,,,,,"(*6,7)(4,9,12)10(8,11,14)(2,15)(3,5)(1,13)-16",12,2,0.0,False,"(*6,7)-4,9(2,8,11,12)10(3,5,14)(1,15)13,16",10,3,5.0,False,-24,
202205020412,12,4歳以上2勝クラス,ダ,1300,雨,不良,16:10,2022-05-01,東京,16,6,12,2018105460,プレフェリータ,牝4,55,01092,津村明秀,1:20.6,10,3-5,38.8,31.6,10,478(-2),01017,[東]萩原清,808800,Ｇ１レーシング,,,,,,,,,,,,"(*6,7)(4,9,12)10(8,11,14)(2,15)(3,5)(1,13)-16",3,3,0.0,False,"(*6,7)-4,9(2,8,11,12)10(3,5,14)(1,15)13,16",5,4,5.0,False,-24,
202209021201,1,3歳未勝利,ダ,1800,小雨,不良,10:05,2022-05-01,阪神,1,6,7,2019102208,エグモント,牝3,52,01185,小沢大仁,1:53.0,,1-1-1-1,37.4,66.7,9,516(-8),01186,[西]中村直也,393803,ＫＡＪＩＭＯＴＯホー...,520.0,"7,11-(1,9)10,6(3,4)12(2,8)5",1,1,0.0,False,"7,11-(1,9)10(3,6)4(2,12)-(5,8)",1,1,0.0,False,"7,11,9,1(6,10)3,12(2,4)5,8",1,1,0.0,False,"(*7,11)9(1,10)6(3,12)-(2,5)-8,4",1,2,0.0,True,-19,
202209021201,1,3歳未勝利,ダ,1800,小雨,不良,10:05,2022-05-01,阪神,2,8,11,2019102794,スカンジナビア,牝3,54,01168,富田暁,1:53.1,1/2,2-2-2-2,37.4,2.8,2,452(0),01184,[西]四位洋文,010803,市川義美ホールディン...,210.0,"7,11-(1,9)10,6(3,4)12(2,8)5",2,1,1.5,False,"7,11-(1,9)10(3,6)4(2,12)-(5,8)",2,1,1.5,False,"7,11,9,1(6,10)3,12(2,4)5,8",2,1,1.5,False,"(*7,11)9(1,10)6(3,12)-(2,5)-8,4",2,2,0.0,False,-19,
202209021201,1,3歳未勝利,ダ,1800,小雨,不良,10:05,2022-05-01,阪神,3,7,9,2019100622,スパークルアイズ,牝3,54,01095,吉田隼人,1:53.6,3,3-3-3-3,37.7,1.9,1,490(+4),01160,[西]武幸四郎,788800,ノースヒルズ,130.0,"7,11-(1,9)10,6(3,4)12(2,8)5",3,2,5.0,False,"7,11-(1,9)10(3,6)4(2,12)-(5,8)",3,2,5.0,False,"7,11,9,1(6,10)3,12(2,4)5,8",3,1,3.0,False,"(*7,11)9(1,10)6(3,12)-(2,5)-8,4",3,1,0.0,False,-19,
202209021201,1,3歳未勝利,ダ,1800,小雨,不良,10:05,2022-05-01,阪神,4,7,10,2019101187,クリノフラッグ,牝3,54,01018,和田竜二,1:54.1,3,5-5-5-4,38.0,14.2,5,450(-6),01003,[西]川村禎彦,970006,栗本博晴,78.0,"7,11-(1,9)10,6(3,4)12(2,8)5",5,1,5.0,False,"7,11-(1,9)10(3,6)4(2,12)-(5,8)",5,1,5.0,False,"7,11,9,1(6,10)3,12(2,4)5,8",5,2,4.5,False,"(*7,11)9(1,10)6(3,12)-(2,5)-8,4",4,2,0.0,False,-19,
202209021201,1,3歳未勝利,ダ,1800,小雨,不良,10:05,2022-05-01,阪神,5,8,12,2019102986,シゲルオトヒメ,牝3,54,01034,酒井学,1:54.3,1.1/4,9-9-8-7,37.8,8.4,3,430(+22),00431,[西]谷潔,674004,森中蕃,52.0,"7,11-(1,9)10,6(3,4)12(2,8)5",9,1,6.5,False,"7,11-(1,9)10(3,6)4(2,12)-(5,8)",9,2,5.0,False,"7,11,9,1(6,10)3,12(2,4)5,8",8,1,6.0,False,"(*7,11)9(1,10)6(3,12)-(2,5)-8,4",7,2,0.0,False,-19,
202209021201,1,3歳未勝利,ダ,1800,小雨,不良,10:05,2022-05-01,阪神,6,5,6,2019104657,ルールザウイングス,牝3,54,01099,鮫島良太,1:54.3,アタマ,6-6-5-6,38.1,33.6,6,482(-4),01018,[西]宮徹,415800,社台レースホース,,"7,11-(1,9)10,6(3,4)12(2,8)5",6,1,6.5,False,"7,11-(1,9)10(3,6)4(2,12)-(5,8)",6,2,5.0,False,"7,11,9,1(6,10)3,12(2,4)5,8",5,2,4.5,False,"(*7,11)9(1,10)6(3,12)-(2,5)-8,4",6,1,0.0,False,-19,
202209021201,1,3歳未勝利,ダ,1800,小雨,不良,10:05,2022-05-01,阪神,7,2,2,2019107041,ジュンダッシュ,牝3,54,00732,幸英明,1:55.2,5,10-9-9-9,38.5,57.5,8,420(0),01138,[西]浜田多実,165033,河合純二,,"7,11-(1,9)10,6(3,4)12(2,8)5",10,2,6.5,False,"7,11-(1,9)10(3,6)4(2,12)-(5,8)",9,2,5.0,False,"7,11,9,1(6,10)3,12(2,4)5,8",9,2,6.0,False,"(*7,11)9(1,10)6(3,12)-(2,5)-8,4",9,2,3.5,False,-19,
202209021201,1,3歳未勝利,ダ,1800,小雨,不良,10:05,2022-05-01,阪神,8,3,3,2019103018,ライトストリーム,牝3,54,01030,松田大作,1:55.5,2,7-6-7-7,39.1,154.3,12,462(-6),01170,[西]坂口智康,170800,ロードホースクラブ,,"7,11-(1,9)10,6(3,4)12(2,8)5",7,2,6.5,False,"7,11-(1,9)10(3,6)4(2,12)-(5,8)",6,2,5.0,False,"7,11,9,1(6,10)3,12(2,4)5,8",7,1,4.5,False,"(*7,11)9(1,10)6(3,12)-(2,5)-8,4",7,2,0.0,False,-19,
202209021201,1,3歳未勝利,ダ,1800,小雨,不良,10:05,2022-05-01,阪神,9,5,5,2019100187,クロミツ,牝3,54,01128,川須栄彦,1:55.8,1.3/4,12-11-11-9,38.9,94.9,10,482(-2),01149,[西]松下武士,693033,金山敏也,,"7,11-(1,9)10,6(3,4)12(2,8)5",12,1,6.5,False,"7,11-(1,9)10(3,6)4(2,12)-(5,8)",11,2,8.5,False,"7,11,9,1(6,10)3,12(2,4)5,8",11,1,6.0,False,"(*7,11)9(1,10)6(3,12)-(2,5)-8,4",9,2,3.5,False,-19,
202209021201,1,3歳未勝利,ダ,1800,小雨,不良,10:05,2022-05-01,阪神,10,6,8,2019103106,パープルツバメ,牝3,54,01085,松岡正海,1:55.8,アタマ,10-11-12-11,38.6,105.3,11,422(+4),01050,[西]飯田雄三,554009,中野銀十,,"7,11-(1,9)10,6(3,4)12(2,8)5",10,2,6.5,False,"7,11-(1,9)10(3,6)4(2,12)-(5,8)",11,2,8.5,False,"7,11,9,1(6,10)3,12(2,4)5,8",12,1,7.5,False,"(*7,11)9(1,10)6(3,12)-(2,5)-8,4",11,1,7.0,False,-19,
202209021201,1,3歳未勝利,ダ,1800,小雨,不良,10:05,2022-05-01,阪神,11,1,1,2019102589,アジアンライナー,牝3,54,01037,太宰啓介,1:56.1,1.3/4,3-3-4-4,40.1,9.9,4,492(+2),01168,[西]上村洋行,117800,高昭牧場,,"7,11-(1,9)10,6(3,4)12(2,8)5",3,2,5.0,False,"7,11-(1,9)10(3,6)4(2,12)-(5,8)",3,2,5.0,False,"7,11,9,1(6,10)3,12(2,4)5,8",4,1,4.5,False,"(*7,11)9(1,10)6(3,12)-(2,5)-8,4",4,2,0.0,False,-19,
202209021201,1,3歳未勝利,ダ,1800,小雨,不良,10:05,2022-05-01,阪神,12,4,4,2019104798,タイセイシュネル,牝3,54,01140,横山和生,1:58.3,大,7-8-9-12,41.3,57.0,7,466(0),01164,[西]安田翔伍,224007,田中成奉,,"7,11-(1,9)10,6(3,4)12(2,8)5",7,2,6.5,False,"7,11-(1,9)10(3,6)4(2,12)-(5,8)",8,1,5.0,False,"7,11,9,1(6,10)3,12(2,4)5,8",9,2,6.0,False,"(*7,11)9(1,10)6(3,12)-(2,5)-8,4",12,1,8.5,False,-19,
202209021202,2,3歳未勝利,ダ,1200,曇,不良,10:35,2022-05-01,阪神,1,8,15,2019101673,リッキーヤスオカ,牡3,56,01163,坂井瑠星,1:11.8,,1-1,37.1,2.2,1,498(-6),01085,[西]小崎憲,072803,スリーエイチレーシン...,520.0,,,,,,,,,,,"(7,*15)10,5(8,14)3,11(2,16)(1,13)-(6,9)12=4",1,2,0.0,True,"(7,*15)-(5,10)(3,8,14,11)-(2,16)-1,13(6,9)-12=4",1,2,0.0,True,-19,
202209021202,2,3歳未勝利,ダ,1200,曇,不良,10:35,2022-05-01,阪神,2,6,11,2019103092,ワンダーウィルク,牡3,56,01095,吉田隼人,1:12.0,1,8-5,36.4,4.1,2,498(-6),01128,[西]今野貞一,184033,山本能成,210.0,,,,,,,,,,,"(7,*15)10,5(8,14)3,11(2,16)(1,13)-(6,9)12=4",8,1,3.0,False,"(7,*15)-(5,10)(3,8,14,11)-(2,16)-1,13(6,9)-12=4",5,4,3.5,False,-19,
202209021202,2,3歳未勝利,ダ,1200,曇,不良,10:35,2022-05-01,阪神,3,3,6,2019104814,カルネ,牡3,56,01174,岩田望来,1:12.3,2,13-13,35.7,16.6,7,456(-8),00438,[西]安田隆行,866006,寺田寿男,130.0,,,,,,,,,,,"(7,*15)10,5(8,14)3,11(2,16)(1,13)-(6,9)12=4",13,2,6.5,False,"(7,*15)-(5,10)(3,8,14,11)-(2,16)-1,13(6,9)-12=4",13,2,12.0,False,-19,
202209021202,2,3歳未勝利,ダ,1200,曇,不良,10:35,2022-05-01,阪神,4,3,5,2019105437,カフジペンタゴン,牡3,56,01115,浜中俊,1:12.3,クビ,4-3,37.3,7.3,3,458(-2),01075,[西]矢作芳人,019004,加藤守,78.0,,,,,,,,,,,"(7,*15)10,5(8,14)3,11(2,16)(1,13)-(6,9)12=4",4,1,1.5,False,"(7,*15)-(5,10)(3,8,14,11)-(2,16)-1,13(6,9)-12=4",3,2,3.5,False,-19,
202209021202,2,3歳未勝利,ダ,1200,曇,不良,10:35,2022-05-01,阪神,5,4,7,2019106156,ルクスマイティー,牝3,51,01199,角田大河,1:12.3,ハナ,2-2,37.6,25.9,8,438(+4),01140,[西]石橋守,397803,ルクス,52.0,,,,,,,,,,,"(7,*15)10,5(8,14)3,11(2,16)(1,13)-(6,9)12=4",2,2,0.0,False,"(7,*15)-(5,10)(3,8,14,11)-(2,16)-1,13(6,9)-12=4",2,2,0.0,False,-19,
202209021202,2,3歳未勝利,ダ,1200,曇,不良,10:35,2022-05-01,阪神,6,5,9,2019103199,ジョーリベリカ,牡3,56,01140,横山和生,1:12.4,クビ,13-13,35.8,12.6,6,452(-2),01110,[西]清水久詞,839004,上田けい子,,,,,,,,,,,,"(7,*15)10,5(8,14)3,11(2,16)(1,13)-(6,9)12=4",13,2,6.5,False,"(7,*15)-(5,10)(3,8,14,11)-(2,16)-1,13(6,9)-12=4",13,2,12.0,False,-19,
202209021202,2,3歳未勝利,ダ,1200,曇,不良,10:35,2022-05-01,阪神,7,5,10,2019103769,ミーナティエルナ,牝3,50,01193,今村聖奈,1:12.4,アタマ,3-3,37.3,9.4,4,426(0),01158,[西]寺島良,188800,ＹＧＧホースクラブ,,,,,,,,,,,,"(7,*15)10,5(8,14)3,11(2,16)(1,13)-(6,9)12=4",3,1,0.0,False,"(7,*15)-(5,10)(3,8,14,11)-(2,16)-1,13(6,9)-12=4",3,2,3.5,False,-19,
202209021202,2,3歳未勝利,ダ,1200,曇,不良,10:35,2022-05-01,阪神,8,8,16,2019101370,ウイングブラボー,牡3,56,00894,小牧太,1:12.6,1.1/4,9-9,36.7,157.3,12,438(+2),01040,[西]服部利之,780009,池田實,,,,,,,,,,,,"(7,*15)10,5(8,14)3,11(2,16)(1,13)-(6,9)12=4",9,2,3.0,False,"(7,*15)-(5,10)(3,8,14,11)-(2,16)-1,13(6,9)-12=4",9,2,7.0,False,-19,
202209021202,2,3歳未勝利,ダ,1200,曇,不良,10:35,2022-05-01,阪神,9,2,3,2019100569,テイエムフォンテ,牡3,56,01099,鮫島良太,1:12.6,クビ,7-5,37.2,156.5,11,504(-2),01050,[西]飯田雄三,356002,竹園正繼,,,,,,,,,,,,"(7,*15)10,5(8,14)3,11(2,16)(1,13)-(6,9)12=4",7,1,1.5,False,"(7,*15)-(5,10)(3,8,14,11)-(2,16)-1,13(6,9)-12=4",5,4,3.5,False,-19,
202209021202,2,3歳未勝利,ダ,1200,曇,不良,10:35,2022-05-01,阪神,10,1,1,2019102825,メイショウベレー,牝3,54,00732,幸英明,1:12.9,1.1/2,11-11,36.8,120.4,10,438(+4),01041,[西]藤沢則雄,523005,松本好雄,,,,,,,,,,,,"(7,*15)10,5(8,14)3,11(2,16)(1,13)-(6,9)12=4",11,2,3.0,False,"(7,*15)-(5,10)(3,8,14,11)-(2,16)-1,13(6,9)-12=4",11,1,10.5,False,-19,
202209021202,2,3歳未勝利,ダ,1200,曇,不良,10:35,2022-05-01,阪神,11,4,8,2019103468,スナークユウマ,牡3,56,01018,和田竜二,1:12.9,クビ,5-5,37.5,257.3,14,488(0),01003,[西]川村禎彦,478030,杉本豊,,,,,,,,,,,,"(7,*15)10,5(8,14)3,11(2,16)(1,13)-(6,9)12=4",5,2,1.5,False,"(7,*15)-(5,10)(3,8,14,11)-(2,16)-1,13(6,9)-12=4",5,4,3.5,False,-19,
202209021202,2,3歳未勝利,ダ,1200,曇,不良,10:35,2022-05-01,阪神,12,7,13,2019102603,クロゴマプリン,牝3,54,01124,国分恭介,1:13.0,1/2,11-12,36.7,365.7,16,422(0),01032,[西]大根田裕,117800,高昭牧場,,,,,,,,,,,,"(7,*15)10,5(8,14)3,11(2,16)(1,13)-(6,9)12=4",11,2,3.0,False,"(7,*15)-(5,10)(3,8,14,11)-(2,16)-1,13(6,9)-12=4",12,1,12.0,False,-19,
202209021202,2,3歳未勝利,ダ,1200,曇,不良,10:35,2022-05-01,阪神,13,1,2,2019100075,ルナリュミエール,牝3,54,01133,水口優也,1:13.2,3/4,9-9,37.3,67.1,9,430(-10),01104,[西]笹田和秀,065803,京都ホースレーシング,,,,,,,,,,,,"(7,*15)10,5(8,14)3,11(2,16)(1,13)-(6,9)12=4",9,2,3.0,False,"(7,*15)-(5,10)(3,8,14,11)-(2,16)-1,13(6,9)-12=4",9,2,7.0,False,-19,
202209021202,2,3歳未勝利,ダ,1200,曇,不良,10:35,2022-05-01,阪神,14,7,14,2019100359,タマモカラボス,牝3,51,01195,川端海翼,1:14.1,5,5-5,38.7,202.7,13,418(-12),01033,[西]木原一良,515800,タマモ,,,,,,,,,,,,"(7,*15)10,5(8,14)3,11(2,16)(1,13)-(6,9)12=4",5,2,1.5,False,"(7,*15)-(5,10)(3,8,14,11)-(2,16)-1,13(6,9)-12=4",5,4,3.5,False,-19,
202209021202,2,3歳未勝利,ダ,1200,曇,不良,10:35,2022-05-01,阪神,15,6,12,2019101114,フラミンゴマリーナ,牝3,54,01156,加藤祥太,1:14.4,1.1/2,15-15,37.6,264.1,15,438(-2),01084,[西]梅田智之,092700,ＶｉｒｉｄｉａｎＫｅ...,,,,,,,,,,,,"(7,*15)10,5(8,14)3,11(2,16)(1,13)-(6,9)12=4",15,1,6.5,False,"(7,*15)-(5,10)(3,8,14,11)-(2,16)-1,13(6,9)-12=4",15,1,15.5,False,-19,
202209021202,2,3歳未勝利,ダ,1200,曇,不良,10:35,2022-05-01,阪神,16,2,4,2019105709,グッドウッドガイ,牡3,56,01126,松山弘平,1:16.9,大,16-16,37.3,10.1,5,504(-16),01107,[西]村山明,379031,栗原正章,,,,,,,,,,,,"(7,*15)10,5(8,14)3,11(2,16)(1,13)-(6,9)12=4",16,1,12.5,False,"(7,*15)-(5,10)(3,8,14,11)-(2,16)-1,13(6,9)-12=4",16,1,21.5,False,-19,
202209021203,3,3歳未勝利,ダ,1800,曇,不良,11:05,2022-05-01,阪神,1,6,9,2019100011,マテンロウマジック,牡3,56,00660,横山典弘,1:52.4,,5-5-3-3,38.3,2.5,1,478(-4),01136,[西]高橋亮,534006,寺田千代乃,520.0,"(2,*5)(4,10)9,8(1,13,14)6-3,7-(12,11)",5,1,0.0,False,"(2,*5)(4,10)9,8(1,14)13,6,3-7(12,11)",5,1,0.0,False,"(2,*5)9,10(4,8,14)1-13,6(11,3)=(12,7)",3,1,0.0,False,"(*2,5)9(4,14)8(10,3)1(13,11)6-12-7",3,1,0.0,False,-21,
202209021203,3,3歳未勝利,ダ,1800,曇,不良,11:05,2022-05-01,阪神,2,3,3,2019106882,シエロフェイス,牡3,56,01163,坂井瑠星,1:52.4,クビ,11-11-11-7,37.4,3.1,2,434(-2),01075,[西]矢作芳人,874033,ＳＴレーシング,210.0,"(2,*5)(4,10)9,8(1,13,14)6-3,7-(12,11)",11,1,5.0,False,"(2,*5)(4,10)9,8(1,14)13,6,3-7(12,11)",11,1,4.5,False,"(2,*5)9,10(4,8,14)1-13,6(11,3)=(12,7)",11,2,6.5,False,"(*2,5)9(4,14)8(10,3)1(13,11)6-12-7",7,2,0.0,False,-21,
202209021203,3,3歳未勝利,ダ,1800,曇,不良,11:05,2022-05-01,阪神,3,3,4,2019103419,サンライズアリオン,牡3,56,01018,和田竜二,1:52.6,1.1/4,3-3-5-4,38.4,24.2,8,514(-4),01082,[西]平田修,306008,松岡隆雄,130.0,"(2,*5)(4,10)9,8(1,13,14)6-3,7-(12,11)",3,2,0.0,False,"(2,*5)(4,10)9,8(1,14)13,6,3-7(12,11)",3,2,0.0,False,"(2,*5)9,10(4,8,14)1-13,6(11,3)=(12,7)",5,3,1.5,False,"(*2,5)9(4,14)8(10,3)1(13,11)6-12-7",4,2,0.0,False,-21,
202209021203,3,3歳未勝利,ダ,1800,曇,不良,11:05,2022-05-01,阪神,4,8,14,2019103731,エイシングラス,牡3,56,01034,酒井学,1:53.0,2.1/2,7-7-5-4,38.7,8.5,3,476(0),01155,[西]渡辺薫彦,785800,栄進堂,78.0,"(2,*5)(4,10)9,8(1,13,14)6-3,7-(12,11)",7,3,1.5,False,"(2,*5)(4,10)9,8(1,14)13,6,3-7(12,11)",7,2,1.5,False,"(2,*5)9,10(4,8,14)1-13,6(11,3)=(12,7)",5,3,1.5,False,"(*2,5)9(4,14)8(10,3)1(13,11)6-12-7",4,2,0.0,False,-21,
202209021203,3,3歳未勝利,ダ,1800,曇,不良,11:05,2022-05-01,阪神,5,7,11,2019102591,エスケイカイザー,牡3,56,01037,太宰啓介,1:53.1,3/4,13-13-11-10,37.9,9.2,4,496(+4),01188,[西]畑端省吾,139031,伊藤輔則,52.0,"(2,*5)(4,10)9,8(1,13,14)6-3,7-(12,11)",13,2,10.0,False,"(2,*5)(4,10)9,8(1,14)13,6,3-7(12,11)",13,2,8.0,False,"(2,*5)9,10(4,8,14)1-13,6(11,3)=(12,7)",11,2,6.5,False,"(*2,5)9(4,14)8(10,3)1(13,11)6-12-7",10,2,0.0,False,-21,
202209021203,3,3歳未勝利,ダ,1800,曇,不良,11:05,2022-05-01,阪神,6,5,8,2019102689,アンタゴニスタ,牡3,53,01199,角田大河,1:53.6,3,6-6-5-6,39.2,248.7,13,486(-10),01123,[西]牧田和弥,078006,畑佐博,,"(2,*5)(4,10)9,8(1,13,14)6-3,7-(12,11)",6,1,1.5,False,"(2,*5)(4,10)9,8(1,14)13,6,3-7(12,11)",6,1,1.5,False,"(2,*5)9,10(4,8,14)1-13,6(11,3)=(12,7)",5,3,1.5,False,"(*2,5)9(4,14)8(10,3)1(13,11)6-12-7",6,1,0.0,False,-21,
202209021203,3,3歳未勝利,ダ,1800,曇,不良,11:05,2022-05-01,阪神,7,6,10,2019102545,アグネスリュウ,牡3,56,01030,松田大作,1:53.7,クビ,3-3-4-7,39.3,12.3,6,518(-10),01073,[西]宮本博,560030,渡辺公美子,,"(2,*5)(4,10)9,8(1,13,14)6-3,7-(12,11)",3,2,0.0,False,"(2,*5)(4,10)9,8(1,14)13,6,3-7(12,11)",3,2,0.0,False,"(2,*5)9,10(4,8,14)1-13,6(11,3)=(12,7)",4,1,1.5,False,"(*2,5)9(4,14)8(10,3)1(13,11)6-12-7",7,2,0.0,False,-21,
202209021203,3,3歳未勝利,ダ,1800,曇,不良,11:05,2022-05-01,阪神,8,8,13,2019100612,グロズニーグラード,牡3,56,01122,三浦皇成,1:54.1,2.1/2,7-9-9-10,39.2,61.7,9,458(-2),01154,[西]橋口慎介,117031,前田幸貴,,"(2,*5)(4,10)9,8(1,13,14)6-3,7-(12,11)",7,3,1.5,False,"(2,*5)(4,10)9,8(1,14)13,6,3-7(12,11)",9,1,1.5,False,"(2,*5)9,10(4,8,14)1-13,6(11,3)=(12,7)",9,1,5.0,False,"(*2,5)9(4,14)8(10,3)1(13,11)6-12-7",10,2,0.0,False,-21,
202209021203,3,3歳未勝利,ダ,1800,曇,不良,11:05,2022-05-01,阪神,9,4,5,2019103679,クラップアンドチア,牡3,54,01185,小沢大仁,1:54.2,クビ,1-1-1-2,40.3,91.6,10,520(-8),01021,[西]池添兼雄,966002,深見富朗,,"(2,*5)(4,10)9,8(1,13,14)6-3,7-(12,11)",1,2,0.0,True,"(2,*5)(4,10)9,8(1,14)13,6,3-7(12,11)",1,2,0.0,True,"(2,*5)9,10(4,8,14)1-13,6(11,3)=(12,7)",1,2,0.0,True,"(*2,5)9(4,14)8(10,3)1(13,11)6-12-7",2,2,0.0,False,-21,
202209021203,3,3歳未勝利,ダ,1800,曇,不良,11:05,2022-05-01,阪神,10,2,2,2019104081,メイショウヒシャ,牡3,56,01126,松山弘平,1:55.0,5,2-2-2-1,41.2,23.0,7,514(-18),01095,[西]荒川義之,523005,松本好雄,,"(2,*5)(4,10)9,8(1,13,14)6-3,7-(12,11)",2,2,0.0,False,"(2,*5)(4,10)9,8(1,14)13,6,3-7(12,11)",2,2,0.0,False,"(2,*5)9,10(4,8,14)1-13,6(11,3)=(12,7)",2,2,0.0,False,"(*2,5)9(4,14)8(10,3)1(13,11)6-12-7",1,2,0.0,True,-21,
202209021203,3,3歳未勝利,ダ,1800,曇,不良,11:05,2022-05-01,阪神,11,1,1,2019102802,ワンダーデュエル,牡3,56,01116,藤岡康太,1:55.0,アタマ,7-7-8-9,40.2,125.1,12,480(0),01159,[西]高柳大輔,184033,山本能成,,"(2,*5)(4,10)9,8(1,13,14)6-3,7-(12,11)",7,3,1.5,False,"(2,*5)(4,10)9,8(1,14)13,6,3-7(12,11)",7,2,1.5,False,"(2,*5)9,10(4,8,14)1-13,6(11,3)=(12,7)",8,1,1.5,False,"(*2,5)9(4,14)8(10,3)1(13,11)6-12-7",9,1,0.0,False,-21,
202209021203,3,3歳未勝利,ダ,1800,曇,不良,11:05,2022-05-01,阪神,12,7,12,2019104220,レーダーベクター,牡3,56,01133,水口優也,1:55.3,2,13-13-13-13,39.2,558.5,14,454(-10),01123,[西]牧田和弥,851007,山上和良,,"(2,*5)(4,10)9,8(1,13,14)6-3,7-(12,11)",13,2,10.0,False,"(2,*5)(4,10)9,8(1,14)13,6,3-7(12,11)",13,2,8.0,False,"(2,*5)9,10(4,8,14)1-13,6(11,3)=(12,7)",13,2,12.5,False,"(*2,5)9(4,14)8(10,3)1(13,11)6-12-7",13,1,3.5,False,-21,
202209021203,3,3歳未勝利,ダ,1800,曇,不良,11:05,2022-05-01,阪神,13,5,7,2019105902,コヨイノツキ,牡3,56,00732,幸英明,1:56.3,6,12-12-13-14,39.9,123.6,11,500(-6),00431,[西]谷潔,370008,岡浩二,,"(2,*5)(4,10)9,8(1,13,14)6-3,7-(12,11)",12,1,6.5,False,"(2,*5)(4,10)9,8(1,14)13,6,3-7(12,11)",12,1,8.0,False,"(2,*5)9,10(4,8,14)1-13,6(11,3)=(12,7)",13,2,12.5,False,"(*2,5)9(4,14)8(10,3)1(13,11)6-12-7",14,1,7.0,False,-21,
202209021203,3,3歳未勝利,ダ,1800,曇,不良,11:05,2022-05-01,阪神,14,4,6,2019105435,ドンクライベイビー,牡3,56,01174,岩田望来,1:56.4,クビ,10-10-10-12,41.3,9.6,5,516(-4),01071,[西]池江泰寿,831800,青芝商事,,"(2,*5)(4,10)9,8(1,13,14)6-3,7-(12,11)",10,1,1.5,False,"(2,*5)(4,10)9,8(1,14)13,6,3-7(12,11)",10,1,3.0,False,"(2,*5)9,10(4,8,14)1-13,6(11,3)=(12,7)",10,1,6.5,False,"(*2,5)9(4,14)8(10,3)1(13,11)6-12-7",12,1,0.0,False,-21,
202209021204,4,3歳未勝利,芝,2400,曇,稍重,11:35,2022-05-01,阪神,1,4,4,2019102496,スズノマーベリック,牡3,56,01014,福永祐一,2:29.6,,6-6-5-5,36.2,3.6,2,464(-8),01166,[西]石坂公一,835030,小紫嘉之,520.0,"10,5(1,11)3(4,9)-6,7,2(8,12)",6,2,1.5,False,"10(1,5)(3,11)(4,9)-6,7-2-(8,12)",6,2,0.0,False,"10-5-(1,11)(4,3)-9(7,6)-2,8,12",5,2,7.0,False,"(*10,5,11)3(1,4,6)(7,9,2)=8,12",5,3,0.0,False,-8,
202209021204,4,3歳未勝利,芝,2400,曇,稍重,11:35,2022-05-01,阪神,2,5,5,2019101619,クロスオブゴールド,牡3,56,01174,岩田望来,2:29.6,アタマ,2-2-2-2,36.5,15.4,5,436(0),01168,[西]上村洋行,272008,下河辺隆行,210.0,"10,5(1,11)3(4,9)-6,7,2(8,12)",2,1,1.5,False,"10(1,5)(3,11)(4,9)-6,7-2-(8,12)",2,2,0.0,False,"10-5-(1,11)(4,3)-9(7,6)-2,8,12",2,1,3.5,False,"(*10,5,11)3(1,4,6)(7,9,2)=8,12",2,3,0.0,False,-8,
202209021204,4,3歳未勝利,芝,2400,曇,稍重,11:35,2022-05-01,阪神,3,3,3,2019106821,ファベル,牡3,56,05339,ルメール,2:30.6,6,5-4-5-4,37.3,1.6,1,438(0),01061,[西]友道康夫,046803,フクキタル,130.0,"10,5(1,11)3(4,9)-6,7,2(8,12)",5,1,1.5,False,"10(1,5)(3,11)(4,9)-6,7-2-(8,12)",4,2,0.0,False,"10-5-(1,11)(4,3)-9(7,6)-2,8,12",5,2,7.0,False,"(*10,5,11)3(1,4,6)(7,9,2)=8,12",4,1,0.0,False,-8,
202209021204,4,3歳未勝利,芝,2400,曇,稍重,11:35,2022-05-01,阪神,4,5,6,2019106226,ブロンドケリー,牡3,52,01193,今村聖奈,2:30.7,クビ,8-8-8-5,37.2,31.9,6,454(-4),01158,[西]寺島良,616030,水谷昌晃,78.0,"10,5(1,11)3(4,9)-6,7,2(8,12)",8,1,5.0,False,"10(1,5)(3,11)(4,9)-6,7-2-(8,12)",8,1,3.5,False,"10-5-(1,11)(4,3)-9(7,6)-2,8,12",8,2,10.5,False,"(*10,5,11)3(1,4,6)(7,9,2)=8,12",5,3,0.0,False,-8,
202209021204,4,3歳未勝利,芝,2400,曇,稍重,11:35,2022-05-01,阪神,5,6,7,2019103021,ロードブライト,牡3,56,01030,松田大作,2:31.2,3,9-9-8-8,37.5,60.5,8,508(-8),01164,[西]安田翔伍,170800,ロードホースクラブ,52.0,"10,5(1,11)3(4,9)-6,7,2(8,12)",9,1,6.5,False,"10(1,5)(3,11)(4,9)-6,7-2-(8,12)",9,1,5.0,False,"10-5-(1,11)(4,3)-9(7,6)-2,8,12",8,2,10.5,False,"(*10,5,11)3(1,4,6)(7,9,2)=8,12",8,3,0.0,False,-8,
202209021204,4,3歳未勝利,芝,2400,曇,稍重,11:35,2022-05-01,阪神,6,8,11,2019100235,ワイドカイザー,牡3,56,01116,藤岡康太,2:31.3,1/2,3-4-3-2,38.1,7.2,3,484(-6),01062,[西]藤岡健一,331007,幅田昌伸,,"10,5(1,11)3(4,9)-6,7,2(8,12)",3,2,1.5,False,"10(1,5)(3,11)(4,9)-6,7-2-(8,12)",4,2,0.0,False,"10-5-(1,11)(4,3)-9(7,6)-2,8,12",3,2,7.0,False,"(*10,5,11)3(1,4,6)(7,9,2)=8,12",2,3,0.0,False,-8,
202209021204,4,3歳未勝利,芝,2400,曇,稍重,11:35,2022-05-01,阪神,7,1,1,2019100561,ヤマカツブラック,牡3,54,01185,小沢大仁,2:31.9,3.1/2,3-2-3-5,38.5,106.8,10,522(-2),01021,[西]池添兼雄,240005,山田博康,,"10,5(1,11)3(4,9)-6,7,2(8,12)",3,2,1.5,False,"10(1,5)(3,11)(4,9)-6,7-2-(8,12)",2,2,0.0,False,"10-5-(1,11)(4,3)-9(7,6)-2,8,12",3,2,7.0,False,"(*10,5,11)3(1,4,6)(7,9,2)=8,12",5,3,0.0,False,-8,
202209021204,4,3歳未勝利,芝,2400,曇,稍重,11:35,2022-05-01,阪神,8,7,9,2019100198,ウインシュプリーム,牡3,56,01125,国分優作,2:32.6,4,6-6-7-8,38.9,69.5,9,454(-2),00425,[西]加用正,494800,ウイン,,"10,5(1,11)3(4,9)-6,7,2(8,12)",6,2,1.5,False,"10(1,5)(3,11)(4,9)-6,7-2-(8,12)",6,2,0.0,False,"10-5-(1,11)(4,3)-9(7,6)-2,8,12",7,1,10.5,False,"(*10,5,11)3(1,4,6)(7,9,2)=8,12",8,3,0.0,False,-8,
202209021204,4,3歳未勝利,芝,2400,曇,稍重,11:35,2022-05-01,阪神,9,6,8,2019104085,メイショウカミヨシ,牝3,51,01199,角田大河,2:32.7,3/4,11-11-11-11,37.9,169.1,11,432(-4),01184,[西]四位洋文,523005,松本好雄,,"10,5(1,11)3(4,9)-6,7,2(8,12)",11,2,8.0,False,"10(1,5)(3,11)(4,9)-6,7-2-(8,12)",11,2,12.0,False,"10-5-(1,11)(4,3)-9(7,6)-2,8,12",11,1,15.5,False,"(*10,5,11)3(1,4,6)(7,9,2)=8,12",11,1,6.0,False,-8,
202209021204,4,3歳未勝利,芝,2400,曇,稍重,11:35,2022-05-01,阪神,10,8,12,2019104463,フォートウィリアム,牡3,56,01034,酒井学,2:33.0,1.3/4,11-11-12-12,38.0,276.4,12,510(-10),01149,[西]松下武士,808800,Ｇ１レーシング,,"10,5(1,11)3(4,9)-6,7,2(8,12)",11,2,8.0,False,"10(1,5)(3,11)(4,9)-6,7-2-(8,12)",11,2,12.0,False,"10-5-(1,11)(4,3)-9(7,6)-2,8,12",12,1,17.0,False,"(*10,5,11)3(1,4,6)(7,9,2)=8,12",12,1,7.5,False,-8,
202209021204,4,3歳未勝利,芝,2400,曇,稍重,11:35,2022-05-01,阪神,11,2,2,2019105199,ルクス,牡3,56,01032,池添謙一,2:33.1,1/2,10-10-10-8,39.4,43.9,7,534(0),01082,[西]平田修,397803,ルクス,,"10,5(1,11)3(4,9)-6,7,2(8,12)",10,1,8.0,False,"10(1,5)(3,11)(4,9)-6,7-2-(8,12)",10,1,8.5,False,"10-5-(1,11)(4,3)-9(7,6)-2,8,12",10,1,14.0,False,"(*10,5,11)3(1,4,6)(7,9,2)=8,12",8,3,0.0,False,-8,
202209021204,4,3歳未勝利,芝,2400,曇,稍重,11:35,2022-05-01,阪神,12,7,10,2019100575,ベラコリーダ,牝3,54,00732,幸英明,2:33.9,5,1-1-1-1,40.8,14.0,4,456(+2),01151,[西]斉藤崇史,463800,名古屋友豊,,"10,5(1,11)3(4,9)-6,7,2(8,12)",1,1,0.0,False,"10(1,5)(3,11)(4,9)-6,7-2-(8,12)",1,1,0.0,False,"10-5-(1,11)(4,3)-9(7,6)-2,8,12",1,1,0.0,False,"(*10,5,11)3(1,4,6)(7,9,2)=8,12",1,3,0.0,True,-8,
202209021205,5,3歳1勝クラス,芝,1400,曇,稍重,12:25,2022-05-01,阪神,1,6,7,2019109094,ブッシュガーデン,牝3,54,01168,富田暁,1:21.2,,2-2,35.7,6.7,4,460(+4),01147,[東]武井亮,051800,那須野牧場,750.0,,,,,,,,,,,"5,7,2,8,3-(1,10)6,4-(9,12)11",2,1,1.5,False,"(*5,7)(2,8)3-(10,6)1,4-9=11-12",2,2,0.0,False,-11,
202209021205,5,3歳1勝クラス,芝,1400,曇,稍重,12:25,2022-05-01,阪神,2,1,1,2019106184,カフジテトラゴン,牝3,54,05339,ルメール,1:21.5,2,6-8,35.1,4.4,2,444(+2),01161,[西]武英智,019004,加藤守,300.0,,,,,,,,,,,"5,7,2,8,3-(1,10)6,4-(9,12)11",6,2,9.5,False,"(*5,7)(2,8)3-(10,6)1,4-9=11-12",8,1,3.5,False,-11,
202209021205,5,3歳1勝クラス,芝,1400,曇,稍重,12:25,2022-05-01,阪神,3,2,2,2019104095,トータルリコール,牡3,56,01014,福永祐一,1:21.5,クビ,3-3,35.7,16.2,7,462(0),01097,[東]鹿戸雄一,972033,山本又一郎,190.0,,,,,,,,,,,"5,7,2,8,3-(1,10)6,4-(9,12)11",3,1,3.0,False,"(*5,7)(2,8)3-(10,6)1,4-9=11-12",3,2,0.0,False,-11,
202209021205,5,3歳1勝クラス,芝,1400,曇,稍重,12:25,2022-05-01,阪神,4,5,5,2019101005,タイセイブリリオ,牡3,56,01122,三浦皇成,1:22.0,3,1-1,36.6,6.7,5,468(0),01065,[西]大橋勇樹,224007,田中成奉,110.0,,,,,,,,,,,"5,7,2,8,3-(1,10)6,4-(9,12)11",1,1,0.0,False,"(*5,7)(2,8)3-(10,6)1,4-9=11-12",1,2,0.0,True,-11,
202209021205,5,3歳1勝クラス,芝,1400,曇,稍重,12:25,2022-05-01,阪神,5,3,3,2019110060,モズゴールドバレル,牝3,54,01093,藤岡佑介,1:22.2,1.1/4,5-5,36.3,3.0,1,448(+14),01062,[西]藤岡健一,005803,キャピタル・システム,75.0,,,,,,,,,,,"5,7,2,8,3-(1,10)6,4-(9,12)11",5,1,6.0,False,"(*5,7)(2,8)3-(10,6)1,4-9=11-12",5,1,0.0,False,-11,
202209021205,5,3歳1勝クラス,芝,1400,曇,稍重,12:25,2022-05-01,阪神,6,5,6,2019106670,セルバーグ,牡3,56,01032,池添謙一,1:22.3,3/4,8-6,35.9,13.2,6,430(-4),01111,[西]鈴木孝志,702033,桑畑夏美,,,,,,,,,,,,"5,7,2,8,3-(1,10)6,4-(9,12)11",8,1,9.5,False,"(*5,7)(2,8)3-(10,6)1,4-9=11-12",6,2,3.5,False,-11,
202209021205,5,3歳1勝クラス,芝,1400,曇,稍重,12:25,2022-05-01,阪神,7,6,8,2019105970,スリードレフォン,牡3,56,01034,酒井学,1:22.3,アタマ,4-3,36.6,183.9,11,504(-2),01033,[西]木原一良,061800,永井商事,,,,,,,,,,,,"5,7,2,8,3-(1,10)6,4-(9,12)11",4,1,4.5,False,"(*5,7)(2,8)3-(10,6)1,4-9=11-12",3,2,0.0,False,-11,
202209021205,5,3歳1勝クラス,芝,1400,曇,稍重,12:25,2022-05-01,阪神,8,7,9,2019103320,プレヴォール,牡3,56,01174,岩田望来,1:22.4,1/2,10-10,35.4,73.0,10,462(+2),01186,[西]中村直也,053803,杉山忠国,,,,,,,,,,,,"5,7,2,8,3-(1,10)6,4-(9,12)11",10,2,14.5,False,"(*5,7)(2,8)3-(10,6)1,4-9=11-12",10,1,8.5,False,-11,
202209021205,5,3歳1勝クラス,芝,1400,曇,稍重,12:25,2022-05-01,阪神,9,7,10,2019100586,マコトダイトウレン,牝3,54,01085,松岡正海,1:22.7,1.3/4,6-6,36.5,57.3,8,448(+2),01110,[西]清水久詞,864800,ディアマント,,,,,,,,,,,,"5,7,2,8,3-(1,10)6,4-(9,12)11",6,2,9.5,False,"(*5,7)(2,8)3-(10,6)1,4-9=11-12",6,2,3.5,False,-11,
202209021205,5,3歳1勝クラス,芝,1400,曇,稍重,12:25,2022-05-01,阪神,10,4,4,2019101626,ピンクマクフィー,牝3,54,01163,坂井瑠星,1:22.7,クビ,9-9,36.1,4.8,3,418(-6),01184,[西]四位洋文,072803,スリーエイチレーシン...,,,,,,,,,,,,"5,7,2,8,3-(1,10)6,4-(9,12)11",9,1,11.0,False,"(*5,7)(2,8)3-(10,6)1,4-9=11-12",9,1,5.0,False,-11,
202209021205,5,3歳1勝クラス,芝,1400,曇,稍重,12:25,2022-05-01,阪神,11,8,11,2019102320,サイモンカーチス,牡3,56,00732,幸英明,1:23.8,7,12-11,36.2,335.3,12,472(-2),01084,[西]梅田智之,132030,澤田昭紀,,,,,,,,,,,,"5,7,2,8,3-(1,10)6,4-(9,12)11",12,1,14.5,False,"(*5,7)(2,8)3-(10,6)1,4-9=11-12",11,1,14.5,False,-11,
202209021205,5,3歳1勝クラス,芝,1400,曇,稍重,12:25,2022-05-01,阪神,12,8,12,2019106053,トウケイラオフェン,牝3,54,00666,武豊,1:27.3,大,10-12,39.5,60.8,9,508(-12),05755,[地]永島太郎,258006,木村信彦,,,,,,,,,,,,"5,7,2,8,3-(1,10)6,4-(9,12)11",10,2,14.5,False,"(*5,7)(2,8)3-(10,6)1,4-9=11-12",12,1,18.0,False,-11,
202209021206,6,4歳以上1勝クラス,ダ,1800,曇,不良,12:55,2022-05-01,阪神,1,1,1,2018102938,ピュアジャッジ,セ4,57,01088,川田将雅,1:50.6,,1-1-1-1,36.3,1.8,1,488(-8),01110,[西]清水久詞,510800,山際牧場,770.0,"1,8(2,7)-3,4,6,5",1,1,0.0,False,"1,8(2,7)-3,4,6,5",1,1,0.0,False,"1(8,7)3(2,5)4,6",1,1,0.0,False,"1(8,7)3,5,2(4,6)",1,1,0.0,False,-20,
202209021206,6,4歳以上1勝クラス,ダ,1800,曇,不良,12:55,2022-05-01,阪神,2,3,3,2018100858,メイショウマントル,牡4,57,01114,田中健,1:51.4,5,5-5-4-4,36.7,7.1,4,518(-2),01042,[西]安達昭夫,789006,松本和子,310.0,"1,8(2,7)-3,4,6,5",5,1,5.0,False,"1,8(2,7)-3,4,6,5",5,1,5.0,False,"1(8,7)3(2,5)4,6",4,1,0.0,False,"1(8,7)3,5,2(4,6)",4,1,0.0,False,-20,
202209021206,6,4歳以上1勝クラス,ダ,1800,曇,不良,12:55,2022-05-01,阪神,3,4,4,2017104076,テーオーバフェット,牡5,57,01128,川須栄彦,1:52.4,6,6-6-7-7,37.0,6.2,3,510(-4),01084,[西]梅田智之,304008,小笹公也,190.0,"1,8(2,7)-3,4,6,5",6,1,6.5,False,"1,8(2,7)-3,4,6,5",6,1,6.5,False,"1(8,7)3(2,5)4,6",7,1,0.0,False,"1(8,7)3,5,2(4,6)",7,2,3.0,False,-20,
202209021206,6,4歳以上1勝クラス,ダ,1800,曇,不良,12:55,2022-05-01,阪神,4,6,6,2018105853,メイショウホタルビ,牝4,53,01185,小沢大仁,1:52.6,1,7-7-8-7,37.1,21.6,7,436(-2),01065,[西]大橋勇樹,789006,松本和子,120.0,"1,8(2,7)-3,4,6,5",7,1,8.0,False,"1,8(2,7)-3,4,6,5",7,1,8.0,False,"1(8,7)3(2,5)4,6",8,1,1.5,False,"1(8,7)3,5,2(4,6)",7,2,3.0,False,-20,
202209021206,6,4歳以上1勝クラス,ダ,1800,曇,不良,12:55,2022-05-01,阪神,5,5,5,2016106594,キングリスティア,セ6,57,01168,富田暁,1:52.7,1,8-8-5-5,37.6,5.2,2,514(-4),01072,[西]河内洋,539002,廣崎利洋,77.0,"1,8(2,7)-3,4,6,5",8,1,9.5,False,"1,8(2,7)-3,4,6,5",8,1,9.5,False,"1(8,7)3(2,5)4,6",5,2,0.0,False,"1(8,7)3,5,2(4,6)",5,1,1.5,False,-20,
202209021206,6,4歳以上1勝クラス,ダ,1800,曇,不良,12:55,2022-05-01,阪神,6,2,2,2018105852,メイショウストーム,セ4,54,01199,角田大河,1:52.9,1.1/4,3-3-5-6,37.8,21.5,6,462(0),01083,[西]松永昌博,911008,松本好隆,,"1,8(2,7)-3,4,6,5",3,2,1.5,False,"1,8(2,7)-3,4,6,5",3,2,1.5,False,"1(8,7)3(2,5)4,6",5,2,0.0,False,"1(8,7)3,5,2(4,6)",6,1,3.0,False,-20,
202209021206,6,4歳以上1勝クラス,ダ,1800,曇,不良,12:55,2022-05-01,阪神,7,8,8,2017100265,クリノヴジュアル,牡5,57,01163,坂井瑠星,1:53.0,クビ,2-2-2-2,38.5,83.7,8,504(+8),01003,[西]川村禎彦,970006,栗本博晴,,"1,8(2,7)-3,4,6,5",2,1,1.5,False,"1,8(2,7)-3,4,6,5",2,1,1.5,False,"1(8,7)3(2,5)4,6",2,2,0.0,False,"1(8,7)3,5,2(4,6)",2,2,0.0,False,-20,
202209021206,6,4歳以上1勝クラス,ダ,1800,曇,不良,12:55,2022-05-01,阪神,8,7,7,2018110095,パラディズム,牡4,57,01174,岩田望来,1:54.4,8,3-3-2-2,39.8,9.4,5,500(+2),01098,[西]野中賢二,045803,カナヤマホールディン...,,"1,8(2,7)-3,4,6,5",3,2,1.5,False,"1,8(2,7)-3,4,6,5",3,2,1.5,False,"1(8,7)3(2,5)4,6",2,2,0.0,False,"1(8,7)3,5,2(4,6)",2,2,0.0,False,-20,
202209021207,7,4歳以上1勝クラス,ダ,1400,曇,不良,13:25,2022-05-01,阪神,1,2,2,2017100403,プライムライン,牡5,57,01088,川田将雅,1:23.9,,2-2,36.0,1.8,1,464(0),01180,[西]田中克典,553800,広尾レース,770.0,,,,,,,,,,,"11(2,7)1(6,10)(3,5,8)4,9",2,2,0.0,False,"(*11,2)(1,7)(6,10)3(5,8)9,4",2,2,0.0,False,-17,
202209021207,7,4歳以上1勝クラス,ダ,1400,曇,不良,13:25,2022-05-01,阪神,2,8,11,2018104884,ヴィレーヌ,牝4,55,01032,池添謙一,1:24.5,3.1/2,1-1,36.7,36.5,6,474(-12),01185,[西]小林真也,790005,吉田勝己,310.0,,,,,,,,,,,"11(2,7)1(6,10)(3,5,8)4,9",1,1,0.0,False,"(*11,2)(1,7)(6,10)3(5,8)9,4",1,2,0.0,True,-17,
202209021207,7,4歳以上1勝クラス,ダ,1400,曇,不良,13:25,2022-05-01,阪神,3,3,3,2017102599,テイエムファルコン,牡5,57,00732,幸英明,1:24.7,1.1/4,7-7,36.3,9.1,4,494(-22),01050,[西]飯田雄三,356002,竹園正繼,190.0,,,,,,,,,,,"11(2,7)1(6,10)(3,5,8)4,9",7,3,0.0,False,"(*11,2)(1,7)(6,10)3(5,8)9,4",7,1,0.0,False,-17,
202209021207,7,4歳以上1勝クラス,ダ,1400,曇,不良,13:25,2022-05-01,阪神,4,8,10,2017101722,タガノトランキーロ,牡5,54,01199,角田大河,1:24.7,クビ,5-5,36.4,4.0,2,492(+2),01140,[西]石橋守,859002,八木良司,120.0,,,,,,,,,,,"11(2,7)1(6,10)(3,5,8)4,9",5,2,0.0,False,"(*11,2)(1,7)(6,10)3(5,8)9,4",5,2,0.0,False,-17,
202209021207,7,4歳以上1勝クラス,ダ,1400,曇,不良,13:25,2022-05-01,阪神,5,4,4,2013105979,セカンドエフォート,牡9,57,01122,三浦皇成,1:24.9,1,10-11,36.2,67.5,10,512(-2),01107,[西]村山明,506800,シルクレーシング,77.0,,,,,,,,,,,"11(2,7)1(6,10)(3,5,8)4,9",10,1,0.0,False,"(*11,2)(1,7)(6,10)3(5,8)9,4",11,1,1.5,False,-17,
202209021207,7,4歳以上1勝クラス,ダ,1400,曇,不良,13:25,2022-05-01,阪神,6,7,9,2017109047,メイショウカリスマ,牡5,57,01037,太宰啓介,1:25.2,1.3/4,11-10,36.5,65.7,9,506(-6),01136,[西]高橋亮,789006,松本和子,,,,,,,,,,,,"11(2,7)1(6,10)(3,5,8)4,9",11,1,1.5,False,"(*11,2)(1,7)(6,10)3(5,8)9,4",10,1,0.0,False,-17,
202209021207,7,4歳以上1勝クラス,ダ,1400,曇,不良,13:25,2022-05-01,阪神,7,6,6,2018106193,キクノクライフ,牡4,57,01018,和田竜二,1:25.2,クビ,5-5,37.0,106.0,11,496(-2),01101,[西]吉田直弘,372002,菊池五郎,,,,,,,,,,,,"11(2,7)1(6,10)(3,5,8)4,9",5,2,0.0,False,"(*11,2)(1,7)(6,10)3(5,8)9,4",5,2,0.0,False,-17,
202209021207,7,4歳以上1勝クラス,ダ,1400,曇,不良,13:25,2022-05-01,阪神,8,5,5,2018105284,ピエトラサンタ,牡4,57,01174,岩田望来,1:25.3,クビ,7-8,36.9,6.1,3,522(+2),01061,[西]友道康夫,708800,金子真人ホールディン...,,,,,,,,,,,,"11(2,7)1(6,10)(3,5,8)4,9",7,3,0.0,False,"(*11,2)(1,7)(6,10)3(5,8)9,4",8,2,0.0,False,-17,
202209021207,7,4歳以上1勝クラス,ダ,1400,曇,不良,13:25,2022-05-01,阪神,9,7,8,2018102588,ロードドレイク,牡4,57,01128,川須栄彦,1:25.4,1/2,7-8,36.9,14.1,5,436(-4),01149,[西]松下武士,170800,ロードホースクラブ,,,,,,,,,,,,"11(2,7)1(6,10)(3,5,8)4,9",7,3,0.0,False,"(*11,2)(1,7)(6,10)3(5,8)9,4",8,2,0.0,False,-17,
202209021207,7,4歳以上1勝クラス,ダ,1400,曇,不良,13:25,2022-05-01,阪神,10,1,1,2018106550,メイショウサトワ,牡4,57,01125,国分優作,1:26.1,4,4-3,38.0,53.3,8,518(-12),01065,[西]大橋勇樹,523005,松本好雄,,,,,,,,,,,,"11(2,7)1(6,10)(3,5,8)4,9",4,1,0.0,False,"(*11,2)(1,7)(6,10)3(5,8)9,4",3,2,0.0,False,-17,
202209021207,7,4歳以上1勝クラス,ダ,1400,曇,不良,13:25,2022-05-01,阪神,11,6,7,2017104119,プティシュシュ,牝5,53,01185,小沢大仁,1:27.5,8,2-3,39.5,41.0,7,446(-12),00429,[西]佐々木晶,336030,小林竜太郎,,,,,,,,,,,,"11(2,7)1(6,10)(3,5,8)4,9",2,2,0.0,False,"(*11,2)(1,7)(6,10)3(5,8)9,4",3,2,0.0,False,-17,
202209021208,8,蓬莱峡特別(2勝),芝,1800,曇,稍重,13:55,2022-05-01,阪神,1,4,4,2018103615,ルース,牝4,55,01032,池添謙一,1:49.4,,1-1,33.7,3.5,2,496(0),01021,[西]池添兼雄,169008,山田和夫,"1,528.2",,,,,,,,,,,"4,6(2,7)8(1,5)3",1,1,0.0,False,"4,6(2,7)(5,8)1,3",1,1,0.0,False,-11,
202209021208,8,蓬莱峡特別(2勝),芝,1800,曇,稍重,13:55,2022-05-01,阪神,2,6,6,2017105522,アトリビュート,牝5,55,01163,坂井瑠星,1:49.6,1.1/4,2-2,33.7,6.0,3,454(0),01117,[西]高野友和,506800,シルクレーシング,605.2,,,,,,,,,,,"4,6(2,7)8(1,5)3",2,1,1.5,False,"4,6(2,7)(5,8)1,3",2,1,1.5,False,-11,
202209021208,8,蓬莱峡特別(2勝),芝,1800,曇,稍重,13:55,2022-05-01,阪神,3,7,7,2018100654,シーニックウェイ,牝4,55,01115,浜中俊,1:49.9,2,3-3,33.8,6.9,4,474(+6),01160,[西]武幸四郎,003060,ゴドルフィン,382.6,,,,,,,,,,,"4,6(2,7)8(1,5)3",3,2,1.5,False,"4,6(2,7)(5,8)1,3",3,2,1.5,False,-11,
202209021208,8,蓬莱峡特別(2勝),芝,1800,曇,稍重,13:55,2022-05-01,阪神,4,1,1,2018106832,ブライズルーム,牝4,55,01075,田辺裕信,1:50.0,1/2,6-7,33.6,65.2,7,432(-6),01152,[東]竹内正洋,451800,ヤナガワ牧場,230.0,,,,,,,,,,,"4,6(2,7)8(1,5)3",6,2,1.5,False,"4,6(2,7)(5,8)1,3",7,1,1.5,False,-11,
202209021208,8,蓬莱峡特別(2勝),芝,1800,曇,稍重,13:55,2022-05-01,阪神,5,5,5,2015106165,アトミカ,牝7,55,01174,岩田望来,1:50.4,2,6-5,34.1,18.8,5,454(+10),01104,[西]笹田和秀,096803,東堂レーシング,151.0,,,,,,,,,,,"4,6(2,7)8(1,5)3",6,2,1.5,False,"4,6(2,7)(5,8)1,3",5,2,1.5,False,-11,
202209021208,8,蓬莱峡特別(2勝),芝,1800,曇,稍重,13:55,2022-05-01,阪神,6,3,3,2017105212,フアナ,牝5,55,01014,福永祐一,1:50.6,1.1/4,8-8,34.1,1.7,1,472(0),01002,[西]音無秀孝,372006,近藤英子,,,,,,,,,,,,"4,6(2,7)8(1,5)3",8,1,1.5,False,"4,6(2,7)(5,8)1,3",8,1,3.0,False,-11,
202209021208,8,蓬莱峡特別(2勝),芝,1800,曇,稍重,13:55,2022-05-01,阪神,7,2,2,2017103886,ラキ,牝5,55,01152,小崎綾也,1:50.7,1/2,3-3,34.5,79.8,8,470(+6),01085,[西]小崎憲,318803,ニッシンホールディン...,,,,,,,,,,,,"4,6(2,7)8(1,5)3",3,2,1.5,False,"4,6(2,7)(5,8)1,3",3,2,1.5,False,-11,
202209021208,8,蓬莱峡特別(2勝),芝,1800,曇,稍重,13:55,2022-05-01,阪神,8,8,8,2014104031,ハローユニコーン,牝8,55,01095,吉田隼人,1:51.2,3,5-5,34.9,41.8,6,480(+2),01046,[西]鮫島一歩,888800,ＣＨＥＶＡＬＡＴＴＡ...,,,,,,,,,,,,"4,6(2,7)8(1,5)3",5,1,1.5,False,"4,6(2,7)(5,8)1,3",5,2,1.5,False,-11,
202209021209,9,山陽特別(2勝),芝,1400,曇,稍重,14:25,2022-05-01,阪神,1,8,9,2018106388,メイショウホシアイ,牝4,53,01144,菱田裕二,1:21.2,,2-2,34.4,2.1,1,480(-4),01136,[西]高橋亮,523005,松本好雄,"1,535.2",,,,,,,,,,,"5,9(6,10)2(3,8)4,7   1",2,1,1.5,False,"(*5,9)10(2,6,8)3,4,7   1",2,2,0.0,False,-11,
202209021209,9,山陽特別(2勝),芝,1400,曇,稍重,14:25,2022-05-01,阪神,2,5,5,2016105622,ウインスピリタス,牡6,55,01125,国分優作,1:21.4,1.1/4,1-1,34.7,24.8,8,486(-12),01173,[西]長谷川浩,494800,ウイン,607.2,,,,,,,,,,,"5,9(6,10)2(3,8)4,7   1",1,1,0.0,False,"(*5,9)10(2,6,8)3,4,7   1",1,2,0.0,True,-11,
202209021209,9,山陽特別(2勝),芝,1400,曇,稍重,14:25,2022-05-01,阪神,3,2,2,2017103885,アサケエース,牡5,54,01185,小沢大仁,1:21.5,クビ,5-4,34.4,29.7,9,442(-2),01065,[西]大橋勇樹,904031,大橋公堯,383.6,,,,,,,,,,,"5,9(6,10)2(3,8)4,7   1",5,1,1.5,False,"(*5,9)10(2,6,8)3,4,7   1",4,3,0.0,False,-11,
202209021209,9,山陽特別(2勝),芝,1400,曇,稍重,14:25,2022-05-01,阪神,4,7,7,2017105993,ムーンライト,牝5,53,01014,福永祐一,1:21.5,アタマ,9-9,34.0,17.3,6,480(+12),01110,[西]清水久詞,248030,石川達絵,230.0,,,,,,,,,,,"5,9(6,10)2(3,8)4,7   1",9,1,3.0,False,"(*5,9)10(2,6,8)3,4,7   1",9,1,3.0,False,-11,
202209021209,9,山陽特別(2勝),芝,1400,曇,稍重,14:25,2022-05-01,阪神,5,3,3,2016102102,クリノオウジャ,牡6,55,01174,岩田望来,1:21.6,1/2,6-7,34.3,6.0,3,444(-4),01129,[西]高橋義忠,488007,栗本守,151.0,,,,,,,,,,,"5,9(6,10)2(3,8)4,7   1",6,2,1.5,False,"(*5,9)10(2,6,8)3,4,7   1",7,1,0.0,False,-11,
202209021209,9,山陽特別(2勝),芝,1400,曇,稍重,14:25,2022-05-01,阪神,6,8,10,2018106455,メイショウハボタン,牝4,53,00666,武豊,1:21.6,1/2,3-3,34.7,6.4,4,470(-2),01049,[西]南井克巳,523005,松本好雄,,,,,,,,,,,,"5,9(6,10)2(3,8)4,7   1",3,2,1.5,False,"(*5,9)10(2,6,8)3,4,7   1",3,1,0.0,False,-11,
202209021209,9,山陽特別(2勝),芝,1400,曇,稍重,14:25,2022-05-01,阪神,7,6,6,2018103611,デルマカンノン,牝4,54,05339,ルメール,1:21.9,1.1/2,3-4,34.8,5.6,2,448(+8),00422,[西]五十嵐忠,274002,浅沼廣幸,,,,,,,,,,,,"5,9(6,10)2(3,8)4,7   1",3,2,1.5,False,"(*5,9)10(2,6,8)3,4,7   1",4,3,0.0,False,-11,
202209021209,9,山陽特別(2勝),芝,1400,曇,稍重,14:25,2022-05-01,阪神,8,7,8,2016103272,スキップ,牡6,55,01018,和田竜二,1:22.1,1.1/4,6-4,34.9,18.2,7,484(+2),00425,[西]加用正,959800,協栄,,,,,,,,,,,,"5,9(6,10)2(3,8)4,7   1",6,2,1.5,False,"(*5,9)10(2,6,8)3,4,7   1",4,3,0.0,False,-11,
202209021209,9,山陽特別(2勝),芝,1400,曇,稍重,14:25,2022-05-01,阪神,9,4,4,2018106835,メイショウオニユリ,牝4,52,01032,池添謙一,1:22.8,4,8-8,35.4,9.1,5,448(0),01021,[西]池添兼雄,523005,松本好雄,,,,,,,,,,,,"5,9(6,10)2(3,8)4,7   1",8,1,1.5,False,"(*5,9)10(2,6,8)3,4,7   1",8,1,1.5,False,-11,
202209021209,9,山陽特別(2勝),芝,1400,曇,稍重,14:25,2022-05-01,阪神,取,1,1,2015105791,タイセイトレンディ,セ7,54,01163,坂井瑠星,,,,,---,,計不,01180,[西]田中克典,224007,田中成奉,,,,,,,,,,,,"5,9(6,10)2(3,8)4,7   1",10,1,9.0,False,"(*5,9)10(2,6,8)3,4,7   1",10,1,9.0,False,-11,
202209021210,10,端午S(OP),ダ,1400,晴,重,15:01,2022-05-01,阪神,1,2,2,2019100636,リメイク,牡3,57,01014,福永祐一,1:23.2,,5-5,35.3,3.1,1,478(-2),01172,[西]新谷功一,948006,前田幸治,"1,824.5",,,,,,,,,,,"11(5,6,7)(3,2)9(8,4)(1,10)",5,2,0.0,False,"11(5,6,7)(3,2,9)(8,4)1,10",5,3,0.0,False,-16,
202209021210,10,端午S(OP),ダ,1400,晴,重,15:01,2022-05-01,阪神,2,5,5,2019105972,ジレトール,牡3,56,01088,川田将雅,1:23.5,2,2-2,35.9,3.9,3,472(-8),01092,[西]松永幹夫,486800,キャロットファーム,727.0,,,,,,,,,,,"11(5,6,7)(3,2)9(8,4)(1,10)",2,3,0.0,False,"11(5,6,7)(3,2,9)(8,4)1,10",2,3,0.0,False,-16,
202209021210,10,端午S(OP),ダ,1400,晴,重,15:01,2022-05-01,阪神,3,3,3,2019106293,ファーンヒル,牡3,56,00666,武豊,1:23.6,1/2,5-5,35.7,73.7,9,458(+2),01110,[西]清水久詞,045803,カナヤマホールディン...,453.5,,,,,,,,,,,"11(5,6,7)(3,2)9(8,4)(1,10)",5,2,0.0,False,"11(5,6,7)(3,2,9)(8,4)1,10",5,3,0.0,False,-16,
202209021210,10,端午S(OP),ダ,1400,晴,重,15:01,2022-05-01,阪神,4,8,11,2019100297,カセノダンサー,牝3,54,01077,石橋脩,1:23.7,1/2,1-1,36.1,30.9,7,472(-2),01069,[西]中尾秀正,759033,平川進,270.0,,,,,,,,,,,"11(5,6,7)(3,2)9(8,4)(1,10)",1,1,0.0,False,"11(5,6,7)(3,2,9)(8,4)1,10",1,1,0.0,False,-16,
202209021210,10,端午S(OP),ダ,1400,晴,重,15:01,2022-05-01,阪神,5,4,4,2019105446,グットディール,牡3,56,05339,ルメール,1:23.7,クビ,8-8,35.5,5.9,4,492(0),01105,[西]須貝尚介,271008,安原浩司,180.0,,,,,,,,,,,"11(5,6,7)(3,2)9(8,4)(1,10)",8,2,0.0,False,"11(5,6,7)(3,2,9)(8,4)1,10",8,2,0.0,False,-16,
202209021210,10,端午S(OP),ダ,1400,晴,重,15:01,2022-05-01,阪神,6,7,8,2019103879,バトルクライ,牡3,56,01174,岩田望来,1:23.9,1.1/4,8-8,35.8,3.6,2,482(+2),01088,[東]高木登,098803,Ｇリビエール・レーシ...,,,,,,,,,,,,"11(5,6,7)(3,2)9(8,4)(1,10)",8,2,0.0,False,"11(5,6,7)(3,2,9)(8,4)1,10",8,2,0.0,False,-16,
202209021210,10,端午S(OP),ダ,1400,晴,重,15:01,2022-05-01,阪神,7,7,9,2019102238,クロジシジョー,牡3,56,00732,幸英明,1:24.0,3/4,7-5,36.0,9.5,5,430(-4),01066,[西]岡田稲男,321004,河内孝夫,,,,,,,,,,,,"11(5,6,7)(3,2)9(8,4)(1,10)",7,1,0.0,False,"11(5,6,7)(3,2,9)(8,4)1,10",5,3,0.0,False,-16,
202209021210,10,端午S(OP),ダ,1400,晴,重,15:01,2022-05-01,阪神,8,1,1,2019106214,フルム,牡3,56,01133,水口優也,1:24.1,1/2,10-10,35.9,53.8,8,474(-10),01138,[西]浜田多実,065803,京都ホースレーシング,,,,,,,,,,,,"11(5,6,7)(3,2)9(8,4)(1,10)",10,2,0.0,False,"11(5,6,7)(3,2,9)(8,4)1,10",10,1,0.0,False,-16,
202209021210,10,端午S(OP),ダ,1400,晴,重,15:01,2022-05-01,阪神,9,8,10,2019110104,ラヤス,牡3,56,01095,吉田隼人,1:24.4,2,10-11,36.0,23.3,6,514(-4),00427,[西]森秀行,232031,藤田晋,,,,,,,,,,,,"11(5,6,7)(3,2)9(8,4)(1,10)",10,2,0.0,False,"11(5,6,7)(3,2,9)(8,4)1,10",11,1,1.5,False,-16,
202209021210,10,端午S(OP),ダ,1400,晴,重,15:01,2022-05-01,阪神,10,6,7,2019103831,スズカワールド,牡3,56,01034,酒井学,1:24.6,1,2-2,36.9,78.9,10,504(-2),01065,[西]大橋勇樹,382004,永井啓弍,,,,,,,,,,,,"11(5,6,7)(3,2)9(8,4)(1,10)",2,3,0.0,False,"11(5,6,7)(3,2,9)(8,4)1,10",2,3,0.0,False,-16,
202209021210,10,端午S(OP),ダ,1400,晴,重,15:01,2022-05-01,阪神,11,6,6,2019102970,エイシンヌプリ,牝3,54,01122,三浦皇成,1:25.7,7,2-2,38.0,109.2,11,480(-8),01047,[東]勢司和浩,785800,栄進堂,,,,,,,,,,,,"11(5,6,7)(3,2)9(8,4)(1,10)",2,3,0.0,False,"11(5,6,7)(3,2,9)(8,4)1,10",2,3,0.0,False,-16,
202209021211,11,第165回天皇賞(春)(GI),芝,3200,晴,稍重,15:40,2022-05-01,阪神,1,8,16,2018103559,タイトルホルダー,牡4,58,01140,横山和生,3:16.2,,1-1-1-1,36.4,4.9,2,474(-2),01127,[東]栗田徹,518002,山田弘,"20,378.0","16-8,15(7,18)-1(2,6)(11,9,14)13,5(4,12)-3-10   17",1,1,0.0,False,"16,8,15(7,18)(2,1)6(11,14)9(4,13)5(3,12)-10   17",1,1,0.0,False,"16-(8,7)18,2,1(11,6)(9,14,5)(4,13,12,15)3,10   17",1,1,0.0,False,"16,7-18-(8,2,1)(9,11)5,6(4,13,14)(10,3,12)=15   17",1,1,0.0,False,-8,
202209021211,11,第165回天皇賞(春)(GI),芝,3200,晴,稍重,15:40,2022-05-01,阪神,2,8,18,2017102170,ディープボンド,牡5,58,01018,和田竜二,3:17.3,7,4-4-4-3,37.1,2.1,1,504(-6),01058,[西]大久保龍,041002,前田晋二,"8,108.0","16-8,15(7,18)-1(2,6)(11,9,14)13,5(4,12)-3-10   17",4,2,5.0,False,"16,8,15(7,18)(2,1)6(11,14)9(4,13)5(3,12)-10   17",4,2,3.0,False,"16-(8,7)18,2,1(11,6)(9,14,5)(4,13,12,15)3,10   17",4,1,3.5,False,"16,7-18-(8,2,1)(9,11)5,6(4,13,14)(10,3,12)=15   17",3,1,5.0,False,-8,
202209021211,11,第165回天皇賞(春)(GI),芝,3200,晴,稍重,15:40,2022-05-01,阪神,3,4,7,2018106545,テーオーロイヤル,牡4,58,01144,菱田裕二,3:17.4,1,4-4-2-2,37.4,9.9,4,460(+4),01066,[西]岡田稲男,304008,小笹公也,"5,054.0","16-8,15(7,18)-1(2,6)(11,9,14)13,5(4,12)-3-10   17",4,2,5.0,False,"16,8,15(7,18)(2,1)6(11,14)9(4,13)5(3,12)-10   17",4,2,3.0,False,"16-(8,7)18,2,1(11,6)(9,14,5)(4,13,12,15)3,10   17",2,2,3.5,False,"16,7-18-(8,2,1)(9,11)5,6(4,13,14)(10,3,12)=15   17",2,1,1.5,False,-8,
202209021211,11,第165回天皇賞(春)(GI),芝,3200,晴,稍重,15:40,2022-05-01,阪神,4,5,9,2017104936,ヒートオンビート,牡5,58,01032,池添謙一,3:18.0,3.1/2,9-11-9-7,37.0,12.4,5,478(-2),01061,[西]友道康夫,415800,社台レースホース,"3,000.0","16-8,15(7,18)-1(2,6)(11,9,14)13,5(4,12)-3-10   17",9,3,8.5,False,"16,8,15(7,18)(2,1)6(11,14)9(4,13)5(3,12)-10   17",11,1,3.0,False,"16-(8,7)18,2,1(11,6)(9,14,5)(4,13,12,15)3,10   17",9,3,6.5,False,"16,7-18-(8,2,1)(9,11)5,6(4,13,14)(10,3,12)=15   17",7,2,8.5,False,-8,
202209021211,11,第165回天皇賞(春)(GI),芝,3200,晴,稍重,15:40,2022-05-01,阪神,5,1,1,2017105477,アイアンバローズ,牡5,58,01077,石橋脩,3:18.3,2,6-6-6-4,37.7,7.8,3,496(-2),01168,[西]上村洋行,859007,猪熊広次,"2,000.0","16-8,15(7,18)-1(2,6)(11,9,14)13,5(4,12)-3-10   17",6,1,8.5,False,"16,8,15(7,18)(2,1)6(11,14)9(4,13)5(3,12)-10   17",6,2,3.0,False,"16-(8,7)18,2,1(11,6)(9,14,5)(4,13,12,15)3,10   17",6,1,6.5,False,"16,7-18-(8,2,1)(9,11)5,6(4,13,14)(10,3,12)=15   17",4,3,8.5,False,-8,
202209021211,11,第165回天皇賞(春)(GI),芝,3200,晴,稍重,15:40,2022-05-01,阪神,6,6,11,2015100744,マイネルファンロン,牡7,58,01085,松岡正海,3:18.7,2.1/2,9-9-7-7,37.9,82.9,14,478(-12),01038,[東]手塚貴久,546800,サラブレッドクラブ・...,,"16-8,15(7,18)-1(2,6)(11,9,14)13,5(4,12)-3-10   17",9,3,8.5,False,"16,8,15(7,18)(2,1)6(11,14)9(4,13)5(3,12)-10   17",9,2,3.0,False,"16-(8,7)18,2,1(11,6)(9,14,5)(4,13,12,15)3,10   17",7,2,6.5,False,"16,7-18-(8,2,1)(9,11)5,6(4,13,14)(10,3,12)=15   17",7,2,8.5,False,-8,
202209021211,11,第165回天皇賞(春)(GI),芝,3200,晴,稍重,15:40,2022-05-01,阪神,7,7,13,2017101707,ロバートソンキー,牡5,58,01119,伊藤工真,3:18.8,3/4,12-12-12-11,37.5,45.4,10,470(-12),01163,[東]林徹,398030,保坂和孝,,"16-8,15(7,18)-1(2,6)(11,9,14)13,5(4,12)-3-10   17",12,1,8.5,False,"16,8,15(7,18)(2,1)6(11,14)9(4,13)5(3,12)-10   17",12,2,3.0,False,"16-(8,7)18,2,1(11,6)(9,14,5)(4,13,12,15)3,10   17",12,4,6.5,False,"16,7-18-(8,2,1)(9,11)5,6(4,13,14)(10,3,12)=15   17",11,3,10.0,False,-8,
202209021211,11,第165回天皇賞(春)(GI),芝,3200,晴,稍重,15:40,2022-05-01,阪神,8,7,14,2017105612,ヴァルコス,牡5,58,01122,三浦皇成,3:18.9,1/2,9-9-9-11,37.6,126.1,17,518(0),01061,[西]友道康夫,006030,佐々木主浩,,"16-8,15(7,18)-1(2,6)(11,9,14)13,5(4,12)-3-10   17",9,3,8.5,False,"16,8,15(7,18)(2,1)6(11,14)9(4,13)5(3,12)-10   17",9,2,3.0,False,"16-(8,7)18,2,1(11,6)(9,14,5)(4,13,12,15)3,10   17",9,3,6.5,False,"16,7-18-(8,2,1)(9,11)5,6(4,13,14)(10,3,12)=15   17",11,3,10.0,False,-8,
202209021211,11,第165回天皇賞(春)(GI),芝,3200,晴,稍重,15:40,2022-05-01,阪神,9,3,6,2016105526,メロディーレーン,牝6,56,01174,岩田望来,3:19.0,クビ,7-8-7-10,38.0,123.3,16,352(+6),01142,[西]森田直行,851009,岡田牧雄,,"16-8,15(7,18)-1(2,6)(11,9,14)13,5(4,12)-3-10   17",7,2,8.5,False,"16,8,15(7,18)(2,1)6(11,14)9(4,13)5(3,12)-10   17",8,1,3.0,False,"16-(8,7)18,2,1(11,6)(9,14,5)(4,13,12,15)3,10   17",7,2,6.5,False,"16,7-18-(8,2,1)(9,11)5,6(4,13,14)(10,3,12)=15   17",10,1,10.0,False,-8,
202209021211,11,第165回天皇賞(春)(GI),芝,3200,晴,稍重,15:40,2022-05-01,阪神,10,5,10,2016104990,トーセンカンビーナ,牡6,58,01116,藤岡康太,3:19.4,2.1/2,17-17-17-14,37.8,146.7,18,472(-2),01059,[東]加藤征弘,270006,島川隆哉,,"16-8,15(7,18)-1(2,6)(11,9,14)13,5(4,12)-3-10   17",17,1,17.0,False,"16,8,15(7,18)(2,1)6(11,14)9(4,13)5(3,12)-10   17",17,1,6.5,False,"16-(8,7)18,2,1(11,6)(9,14,5)(4,13,12,15)3,10   17",17,1,8.0,False,"16,7-18-(8,2,1)(9,11)5,6(4,13,14)(10,3,12)=15   17",14,3,10.0,False,-8,
202209021211,11,第165回天皇賞(春)(GI),芝,3200,晴,稍重,15:40,2022-05-01,阪神,11,3,5,2018105293,マカオンドール,牡4,58,01126,松山弘平,3:20.2,5,13-14-9-9,39.3,13.6,6,488(-4),01128,[西]今野貞一,147031,關陽彦,,"16-8,15(7,18)-1(2,6)(11,9,14)13,5(4,12)-3-10   17",13,1,10.0,False,"16,8,15(7,18)(2,1)6(11,14)9(4,13)5(3,12)-10   17",14,1,3.0,False,"16-(8,7)18,2,1(11,6)(9,14,5)(4,13,12,15)3,10   17",9,3,6.5,False,"16,7-18-(8,2,1)(9,11)5,6(4,13,14)(10,3,12)=15   17",9,1,8.5,False,-8,
202209021211,11,第165回天皇賞(春)(GI),芝,3200,晴,稍重,15:40,2022-05-01,阪神,12,2,3,2016104291,ディバインフォース,牡6,58,01075,田辺裕信,3:20.2,ハナ,16-15-16-14,38.7,67.9,12,462(-2),01158,[西]寺島良,231033,吉田晴哉,,"16-8,15(7,18)-1(2,6)(11,9,14)13,5(4,12)-3-10   17",16,1,13.5,False,"16,8,15(7,18)(2,1)6(11,14)9(4,13)5(3,12)-10   17",15,2,3.0,False,"16-(8,7)18,2,1(11,6)(9,14,5)(4,13,12,15)3,10   17",16,1,6.5,False,"16,7-18-(8,2,1)(9,11)5,6(4,13,14)(10,3,12)=15   17",14,3,10.0,False,-8,
202209021211,11,第165回天皇賞(春)(GI),芝,3200,晴,稍重,15:40,2022-05-01,阪神,13,2,4,2015105032,ユーキャンスマイル,牡7,58,01093,藤岡佑介,3:20.7,2.1/2,14-12-12-11,39.4,78.6,13,516(+2),01061,[西]友道康夫,708800,金子真人ホールディン...,,"16-8,15(7,18)-1(2,6)(11,9,14)13,5(4,12)-3-10   17",14,2,10.0,False,"16,8,15(7,18)(2,1)6(11,14)9(4,13)5(3,12)-10   17",12,2,3.0,False,"16-(8,7)18,2,1(11,6)(9,14,5)(4,13,12,15)3,10   17",12,4,6.5,False,"16,7-18-(8,2,1)(9,11)5,6(4,13,14)(10,3,12)=15   17",11,3,10.0,False,-8,
202209021211,11,第165回天皇賞(春)(GI),芝,3200,晴,稍重,15:40,2022-05-01,阪神,14,4,8,2014104386,クレッシェンドラヴ,牡8,58,00422,内田博幸,3:21.1,2.1/2,2-2-2-4,40.7,117.2,15,496(-10),01163,[東]林徹,553800,広尾レース,,"16-8,15(7,18)-1(2,6)(11,9,14)13,5(4,12)-3-10   17",2,1,3.5,False,"16,8,15(7,18)(2,1)6(11,14)9(4,13)5(3,12)-10   17",2,1,1.5,False,"16-(8,7)18,2,1(11,6)(9,14,5)(4,13,12,15)3,10   17",2,2,3.5,False,"16,7-18-(8,2,1)(9,11)5,6(4,13,14)(10,3,12)=15   17",4,3,8.5,False,-8,
202209021211,11,第165回天皇賞(春)(GI),芝,3200,晴,稍重,15:40,2022-05-01,阪神,15,6,12,2016104624,ハヤヤッコ,牡6,58,00666,武豊,3:21.1,クビ,14-15-12-14,39.6,58.1,11,476(-8),00399,[東]国枝栄,708800,金子真人ホールディン...,,"16-8,15(7,18)-1(2,6)(11,9,14)13,5(4,12)-3-10   17",14,2,10.0,False,"16,8,15(7,18)(2,1)6(11,14)9(4,13)5(3,12)-10   17",15,2,3.0,False,"16-(8,7)18,2,1(11,6)(9,14,5)(4,13,12,15)3,10   17",12,4,6.5,False,"16,7-18-(8,2,1)(9,11)5,6(4,13,14)(10,3,12)=15   17",14,3,10.0,False,-8,
202209021211,11,第165回天皇賞(春)(GI),芝,3200,晴,稍重,15:40,2022-05-01,阪神,16,1,2,2016104887,ハーツイストワール,牡6,58,05339,ルメール,3:22.2,7,7-6-5-4,41.6,31.7,7,480(-10),00399,[東]国枝栄,399009,嶋田賢,,"16-8,15(7,18)-1(2,6)(11,9,14)13,5(4,12)-3-10   17",7,2,8.5,False,"16,8,15(7,18)(2,1)6(11,14)9(4,13)5(3,12)-10   17",6,2,3.0,False,"16-(8,7)18,2,1(11,6)(9,14,5)(4,13,12,15)3,10   17",5,1,5.0,False,"16,7-18-(8,2,1)(9,11)5,6(4,13,14)(10,3,12)=15   17",4,3,8.5,False,-8,
202209021211,11,第165回天皇賞(春)(GI),芝,3200,晴,稍重,15:40,2022-05-01,阪神,17,7,15,2016100527,タガノディアマンテ,牡6,58,00732,幸英明,3:24.1,大,3-3-12-17,41.5,41.6,9,484(0),01046,[西]鮫島一歩,859002,八木良司,,"16-8,15(7,18)-1(2,6)(11,9,14)13,5(4,12)-3-10   17",3,1,5.0,False,"16,8,15(7,18)(2,1)6(11,14)9(4,13)5(3,12)-10   17",3,1,3.0,False,"16-(8,7)18,2,1(11,6)(9,14,5)(4,13,12,15)3,10   17",12,4,6.5,False,"16,7-18-(8,2,1)(9,11)5,6(4,13,14)(10,3,12)=15   17",17,1,16.0,False,-8,
202209021211,11,第165回天皇賞(春)(GI),芝,3200,晴,稍重,15:40,2022-05-01,阪神,中,8,17,2016104946,シルヴァーソニック,牡6,58,01088,川田将雅,,,,,35.8,8,454(+6),01071,[西]池江泰寿,415800,社台レースホース,,"16-8,15(7,18)-1(2,6)(11,9,14)13,5(4,12)-3-10   17",18,1,23.0,False,"16,8,15(7,18)(2,1)6(11,14)9(4,13)5(3,12)-10   17",18,1,12.5,False,"16-(8,7)18,2,1(11,6)(9,14,5)(4,13,12,15)3,10   17",18,1,14.0,False,"16,7-18-(8,2,1)(9,11)5,6(4,13,14)(10,3,12)=15   17",18,1,22.0,False,-8,
202209021212,12,陽春S(3勝),ダ,1200,晴,重,16:25,2022-05-01,阪神,1,2,3,2017106438,スナークダヴィンチ,牡5,55,01095,吉田隼人,1:10.3,,8-8,35.6,3.7,2,486(+2),01098,[西]野中賢二,478030,杉本豊,"1,875.7",,,,,,,,,,,"1,4,7,11-(2,5,16)(3,12,14)9,15,8,13(6,10)",8,3,8.0,False,"1,4,7(2,5,16,11)(3,12,14)(15,9)(6,8)13,10",8,3,3.0,False,-16,
202209021212,12,陽春S(3勝),ダ,1200,晴,重,16:25,2022-05-01,阪神,2,5,9,2013100975,クリノサンレオ,牡9,53,01165,森裕太朗,1:10.4,1/2,11-11,35.5,21.6,8,476(-2),01041,[西]藤沢則雄,970006,栗本博晴,750.2,,,,,,,,,,,"1,4,7,11-(2,5,16)(3,12,14)9,15,8,13(6,10)",11,1,8.0,False,"1,4,7(2,5,16,11)(3,12,14)(15,9)(6,8)13,10",11,2,3.0,False,-16,
202209021212,12,陽春S(3勝),ダ,1200,晴,重,16:25,2022-05-01,阪神,3,3,5,2018105798,スズカキンシャサ,牡4,55,01174,岩田望来,1:10.4,1/2,5-4,36.0,3.0,1,476(0),01168,[西]上村洋行,382004,永井啓弍,465.1,,,,,,,,,,,"1,4,7,11-(2,5,16)(3,12,14)9,15,8,13(6,10)",5,3,8.0,False,"1,4,7(2,5,16,11)(3,12,14)(15,9)(6,8)13,10",4,4,3.0,False,-16,
202209021212,12,陽春S(3勝),ダ,1200,晴,重,16:25,2022-05-01,阪神,4,3,6,2016100939,ゴッドバンブルビー,牝6,53,01168,富田暁,1:10.5,1/2,15-13,35.2,13.9,6,464(+2),01139,[西]飯田祐史,998007,中西憲治,280.0,,,,,,,,,,,"1,4,7,11-(2,5,16)(3,12,14)9,15,8,13(6,10)",15,2,12.5,False,"1,4,7(2,5,16,11)(3,12,14)(15,9)(6,8)13,10",13,2,3.0,False,-16,
202209021212,12,陽春S(3勝),ダ,1200,晴,重,16:25,2022-05-01,阪神,5,4,8,2015100894,ダンケシェーン,セ7,54,00660,横山典弘,1:10.7,1.1/4,13-13,35.5,8.0,3,482(0),01044,[西]昆貢,032800,ローレルレーシング,184.0,,,,,,,,,,,"1,4,7,11-(2,5,16)(3,12,14)9,15,8,13(6,10)",13,1,11.0,False,"1,4,7(2,5,16,11)(3,12,14)(15,9)(6,8)13,10",13,2,3.0,False,-16,
202209021212,12,陽春S(3勝),ダ,1200,晴,重,16:25,2022-05-01,阪神,6,8,15,2015103374,バーニングペスカ,牡7,56,01093,藤岡佑介,1:10.9,3/4,12-11,36.0,11.5,5,476(-2),01083,[西]松永昌博,417030,山田信太郎,,,,,,,,,,,,"1,4,7,11-(2,5,16)(3,12,14)9,15,8,13(6,10)",12,1,9.5,False,"1,4,7(2,5,16,11)(3,12,14)(15,9)(6,8)13,10",11,2,3.0,False,-16,
202209021212,12,陽春S(3勝),ダ,1200,晴,重,16:25,2022-05-01,阪神,7,2,4,2017110145,イッシン,牡5,53,01163,坂井瑠星,1:11.1,1.1/2,2-2,37.2,88.6,14,548(-4),01186,[西]中村直也,675030,林正道,,,,,,,,,,,,"1,4,7,11-(2,5,16)(3,12,14)9,15,8,13(6,10)",2,1,1.5,False,"1,4,7(2,5,16,11)(3,12,14)(15,9)(6,8)13,10",2,1,1.5,False,-16,
202209021212,12,陽春S(3勝),ダ,1200,晴,重,16:25,2022-05-01,阪神,8,1,2,2015100524,タガノプレトリア,牡7,54,01116,藤岡康太,1:11.3,3/4,5-4,36.9,44.1,12,472(-2),01018,[西]宮徹,859002,八木良司,,,,,,,,,,,,"1,4,7,11-(2,5,16)(3,12,14)9,15,8,13(6,10)",5,3,8.0,False,"1,4,7(2,5,16,11)(3,12,14)(15,9)(6,8)13,10",4,4,3.0,False,-16,
202209021212,12,陽春S(3勝),ダ,1200,晴,重,16:25,2022-05-01,阪神,9,5,10,2015102637,メイショウラビエ,牝7,51,01185,小沢大仁,1:11.3,アタマ,15-16,35.9,148.5,16,500(+2),01021,[西]池添兼雄,523005,松本好雄,,,,,,,,,,,,"1,4,7,11-(2,5,16)(3,12,14)9,15,8,13(6,10)",15,2,12.5,False,"1,4,7(2,5,16,11)(3,12,14)(15,9)(6,8)13,10",16,1,4.5,False,-16,
202209021212,12,陽春S(3勝),ダ,1200,晴,重,16:25,2022-05-01,阪神,10,8,16,2018103503,プラチナムレイアー,牡4,54,01126,松山弘平,1:11.4,1/2,5-4,36.9,17.7,7,484(-2),01176,[西]吉岡辰弥,851009,岡田牧雄,,,,,,,,,,,,"1,4,7,11-(2,5,16)(3,12,14)9,15,8,13(6,10)",5,3,8.0,False,"1,4,7(2,5,16,11)(3,12,14)(15,9)(6,8)13,10",4,4,3.0,False,-16,
202209021212,12,陽春S(3勝),ダ,1200,晴,重,16:25,2022-05-01,阪神,11,6,11,2018106697,エイユーストロング,牡4,54,01018,和田竜二,1:11.6,1.1/2,4-4,37.3,37.4,11,462(-4),01111,[西]鈴木孝志,529002,笹部義則,,,,,,,,,,,,"1,4,7,11-(2,5,16)(3,12,14)9,15,8,13(6,10)",4,1,4.5,False,"1,4,7(2,5,16,11)(3,12,14)(15,9)(6,8)13,10",4,4,3.0,False,-16,
202209021212,12,陽春S(3勝),ダ,1200,晴,重,16:25,2022-05-01,阪神,12,7,13,2015102824,メイショウコゴミ,牝7,51,01193,今村聖奈,1:11.9,2,14-15,36.5,59.2,13,446(0),01139,[西]飯田祐史,523005,松本好雄,,,,,,,,,,,,"1,4,7,11-(2,5,16)(3,12,14)9,15,8,13(6,10)",14,1,12.5,False,"1,4,7(2,5,16,11)(3,12,14)(15,9)(6,8)13,10",15,1,3.0,False,-16,
202209021212,12,陽春S(3勝),ダ,1200,晴,重,16:25,2022-05-01,阪神,13,6,12,2015103247,ドラグーンシチー,牡7,53,01085,松岡正海,1:12.2,1.3/4,8-8,37.5,105.1,15,500(0),01078,[西]北出成人,321800,友駿ホースクラブ,,,,,,,,,,,,"1,4,7,11-(2,5,16)(3,12,14)9,15,8,13(6,10)",8,3,8.0,False,"1,4,7(2,5,16,11)(3,12,14)(15,9)(6,8)13,10",8,3,3.0,False,-16,
202209021212,12,陽春S(3勝),ダ,1200,晴,重,16:25,2022-05-01,阪神,14,7,14,2016104193,メイショウハナモリ,牡6,55,01154,松若風馬,1:12.2,クビ,8-8,37.5,29.0,9,524(+6),01099,[西]本田優,523005,松本好雄,,,,,,,,,,,,"1,4,7,11-(2,5,16)(3,12,14)9,15,8,13(6,10)",8,3,8.0,False,"1,4,7(2,5,16,11)(3,12,14)(15,9)(6,8)13,10",8,3,3.0,False,-16,
202209021212,12,陽春S(3勝),ダ,1200,晴,重,16:25,2022-05-01,阪神,15,1,1,2017101381,アサカディオネ,牝5,52,01034,酒井学,1:12.3,クビ,1-1,38.6,31.9,10,462(-2),00429,[西]佐々木晶,905007,浅川昌彦,,,,,,,,,,,,"1,4,7,11-(2,5,16)(3,12,14)9,15,8,13(6,10)",1,1,0.0,False,"1,4,7(2,5,16,11)(3,12,14)(15,9)(6,8)13,10",1,1,0.0,False,-16,
202209021212,12,陽春S(3勝),ダ,1200,晴,重,16:25,2022-05-01,阪神,16,4,7,2018103596,タマモヒメギミ,牝4,52,01124,国分恭介,1:12.6,2,3-3,38.5,8.9,4,500(+8),00422,[西]五十嵐忠,515800,タマモ,,,,,,,,,,,,"1,4,7,11-(2,5,16)(3,12,14)9,15,8,13(6,10)",3,1,3.0,False,"1,4,7(2,5,16,11)(3,12,14)(15,9)(6,8)13,10",3,1,3.0,False,-16,
202203010601,1,3歳未勝利,ダ,1150,曇,重,09:50,2022-05-01,福島,1,5,9,2019102747,マキアージュ,牝3,54,01091,丹内祐次,1:09.4,,3-2,37.3,4.0,3,446(-8),01052,[東]菊川正達,373008,中村祐子,520.0,,,,,,,,,,,"(13,*15)(9,16)7-(8,5)(4,6)1(14,12)3-11(2,10)",3,2,0.0,False,"(*13,9)15,16-(7,5)(8,6)4,14(1,12)(3,11)-2-10",2,2,0.0,False,-6,
202203010601,1,3歳未勝利,ダ,1150,曇,重,09:50,2022-05-01,福島,2,7,13,2019106772,カルド,牡3,55,01181,秋山稔樹,1:09.4,ハナ,2-1,37.4,2.6,1,448(-2),01129,[西]高橋義忠,895030,山口敦広,210.0,,,,,,,,,,,"(13,*15)(9,16)7-(8,5)(4,6)1(14,12)3-11(2,10)",2,2,0.0,False,"(*13,9)15,16-(7,5)(8,6)4,14(1,12)(3,11)-2-10",1,2,0.0,True,-6,
202203010601,1,3歳未勝利,ダ,1150,曇,重,09:50,2022-05-01,福島,3,8,16,2019103224,オーブラック,牡3,53,01184,原優介,1:10.4,6,3-4,38.3,3.9,2,488(+6),01156,[東]青木孝文,036006,加藤徹,130.0,,,,,,,,,,,"(13,*15)(9,16)7-(8,5)(4,6)1(14,12)3-11(2,10)",3,2,0.0,False,"(*13,9)15,16-(7,5)(8,6)4,14(1,12)(3,11)-2-10",4,1,1.5,False,-6,
202203010601,1,3歳未勝利,ダ,1150,曇,重,09:50,2022-05-01,福島,4,3,6,2019101843,ヤマトカチドキ,牝3,52,01186,角田大和,1:10.6,1.1/4,8-7,37.8,142.5,14,466(-2),01027,[東]田村康仁,439033,醍醐徹,78.0,,,,,,,,,,,"(13,*15)(9,16)7-(8,5)(4,6)1(14,12)3-11(2,10)",8,2,3.5,False,"(*13,9)15,16-(7,5)(8,6)4,14(1,12)(3,11)-2-10",7,2,5.0,False,-6,
202203010601,1,3歳未勝利,ダ,1150,曇,重,09:50,2022-05-01,福島,5,6,11,2019101268,セオリーリターン,牝3,54,01134,嶋田純次,1:10.9,2,14-13,37.3,185.6,15,444(0),01094,[東]水野貴広,491030,藤田在子,52.0,,,,,,,,,,,"(13,*15)(9,16)7-(8,5)(4,6)1(14,12)3-11(2,10)",14,1,7.0,False,"(*13,9)15,16-(7,5)(8,6)4,14(1,12)(3,11)-2-10",13,2,6.5,False,-6,
202203010601,1,3歳未勝利,ダ,1150,曇,重,09:50,2022-05-01,福島,6,2,4,2019106730,マイアミュレット,セ3,55,01176,亀田温心,1:10.9,クビ,8-9,38.0,60.2,10,454(-14),01090,[東]天間昭一,344803,マークス,,,,,,,,,,,,"(13,*15)(9,16)7-(8,5)(4,6)1(14,12)3-11(2,10)",8,2,3.5,False,"(*13,9)15,16-(7,5)(8,6)4,14(1,12)(3,11)-2-10",9,1,5.0,False,-6,
202203010601,1,3歳未勝利,ダ,1150,曇,重,09:50,2022-05-01,福島,7,7,14,2019105739,ルナエルモッサ,牝3,51,01200,西塚洸二,1:10.9,クビ,11-10,37.7,13.4,5,420(0),01127,[東]栗田徹,851009,岡田牧雄,,,,,,,,,,,,"(13,*15)(9,16)7-(8,5)(4,6)1(14,12)3-11(2,10)",11,2,3.5,False,"(*13,9)15,16-(7,5)(8,6)4,14(1,12)(3,11)-2-10",10,1,6.5,False,-6,
202203010601,1,3歳未勝利,ダ,1150,曇,重,09:50,2022-05-01,福島,8,8,15,2019109092,ドリーム,牝3,51,01194,大久保友,1:11.1,1.1/4,1-3,39.2,70.0,11,438(-8),01135,[西]高橋康之,985033,阿部東亜子,,,,,,,,,,,,"(13,*15)(9,16)7-(8,5)(4,6)1(14,12)3-11(2,10)",1,2,0.0,True,"(*13,9)15,16-(7,5)(8,6)4,14(1,12)(3,11)-2-10",3,1,0.0,False,-6,
202203010601,1,3歳未勝利,ダ,1150,曇,重,09:50,2022-05-01,福島,9,3,5,2019100568,クインズハッピー,牝3,54,01169,武藤雅,1:11.5,2.1/2,6-5,38.8,48.9,8,446(-4),01114,[東]和田正一,331803,ケイアイスタリオン,,,,,,,,,,,,"(13,*15)(9,16)7-(8,5)(4,6)1(14,12)3-11(2,10)",6,2,3.5,False,"(*13,9)15,16-(7,5)(8,6)4,14(1,12)(3,11)-2-10",5,2,5.0,False,-6,
202203010601,1,3歳未勝利,ダ,1150,曇,重,09:50,2022-05-01,福島,10,2,3,2019102346,ムーンワード,牝3,54,01178,斎藤新,1:11.6,1/2,13-13,38.3,16.5,6,490(-10),01008,[東]杉浦宏昭,934006,伊東純一,,,,,,,,,,,,"(13,*15)(9,16)7-(8,5)(4,6)1(14,12)3-11(2,10)",13,1,3.5,False,"(*13,9)15,16-(7,5)(8,6)4,14(1,12)(3,11)-2-10",13,2,6.5,False,-6,
202203010601,1,3歳未勝利,ダ,1150,曇,重,09:50,2022-05-01,福島,11,4,8,2019101003,ブラッドライン,牡3,56,01127,丸山元気,1:12.0,2.1/2,6-7,39.4,9.8,4,482(+4),01109,[東]伊藤大士,427030,前原敏行,,,,,,,,,,,,"(13,*15)(9,16)7-(8,5)(4,6)1(14,12)3-11(2,10)",6,2,3.5,False,"(*13,9)15,16-(7,5)(8,6)4,14(1,12)(3,11)-2-10",7,2,5.0,False,-6,
202203010601,1,3歳未勝利,ダ,1150,曇,重,09:50,2022-05-01,福島,12,4,7,2019104123,ルルネージュ,牝3,54,01157,鮫島克駿,1:12.8,5,5-5,40.6,33.0,7,474(-8),01089,[東]武市康男,013803,ディアレストクラブ,,,,,,,,,,,,"(13,*15)(9,16)7-(8,5)(4,6)1(14,12)3-11(2,10)",5,1,0.0,False,"(*13,9)15,16-(7,5)(8,6)4,14(1,12)(3,11)-2-10",5,2,5.0,False,-6,
202203010601,1,3歳未勝利,ダ,1150,曇,重,09:50,2022-05-01,福島,13,1,2,2019101820,カツノナインズ,牝3,54,00726,岩部純二,1:12.8,クビ,15-15,39.0,139.2,13,420(-4),01031,[東]伊藤伸一,863800,勝野産業,,,,,,,,,,,,"(13,*15)(9,16)7-(8,5)(4,6)1(14,12)3-11(2,10)",15,2,7.0,False,"(*13,9)15,16-(7,5)(8,6)4,14(1,12)(3,11)-2-10",15,1,10.0,False,-6,
202203010601,1,3歳未勝利,ダ,1150,曇,重,09:50,2022-05-01,福島,14,6,12,2019106773,ノットクラッシュ,牝3,54,01161,菊沢一樹,1:12.9,クビ,11-11,39.8,193.7,16,472(-10),00417,[東]土田稔,895030,山口敦広,,,,,,,,,,,,"(13,*15)(9,16)7-(8,5)(4,6)1(14,12)3-11(2,10)",11,2,3.5,False,"(*13,9)15,16-(7,5)(8,6)4,14(1,12)(3,11)-2-10",11,2,6.5,False,-6,
202203010601,1,3歳未勝利,ダ,1150,曇,重,09:50,2022-05-01,福島,15,1,1,2019100313,ソプラノナイト,牝3,52,01164,藤田菜七,1:12.9,クビ,10-11,39.9,51.9,9,460(-2),01114,[東]和田正一,911800,スピードファーム,,,,,,,,,,,,"(13,*15)(9,16)7-(8,5)(4,6)1(14,12)3-11(2,10)",10,1,3.5,False,"(*13,9)15,16-(7,5)(8,6)4,14(1,12)(3,11)-2-10",11,2,6.5,False,-6,
202203010601,1,3歳未勝利,ダ,1150,曇,重,09:50,2022-05-01,福島,16,5,10,2019100556,タガノルナ,牝3,50,01187,永島まな,1:13.1,1.1/2,15-16,39.3,98.3,12,436(+10),01082,[西]平田修,859002,八木良司,,,,,,,,,,,,"(13,*15)(9,16)7-(8,5)(4,6)1(14,12)3-11(2,10)",15,2,7.0,False,"(*13,9)15,16-(7,5)(8,6)4,14(1,12)(3,11)-2-10",16,1,13.5,False,-6,
202203010602,2,3歳未勝利,芝,1800,曇,稍重,10:15,2022-05-01,福島,1,8,13,2019105793,アイキャンドウイッ,牡3,56,01160,荻野極,1:50.1,,4-4-4-3,35.3,2.5,1,452(-2),01071,[西]池江泰寿,346803,吉澤ホールディングス,520.0,"12,2,6,13,10,9,8-3,4(5,11)(1,7)",4,1,4.5,False,"12,2,6(10,13)9-(3,8)4(1,11)(5,7)",4,2,3.0,False,"2(12,6)(10,9,13)(3,8,7)(1,4)(5,11)",4,3,0.0,False,"(*2,6)13,10(9,8)(3,1)4(12,5)7,11",3,1,0.0,False,-1,
202203010602,2,3歳未勝利,芝,1800,曇,稍重,10:15,2022-05-01,福島,2,5,6,2019103100,サルサロッサ,牝3,54,01157,鮫島克駿,1:50.6,3,3-3-2-2,36.0,53.4,8,450(+2),01118,[東]高柳瑞樹,851009,岡田牧雄,210.0,"12,2,6,13,10,9,8-3,4(5,11)(1,7)",3,1,3.0,False,"12,2,6(10,13)9-(3,8)4(1,11)(5,7)",3,1,3.0,False,"2(12,6)(10,9,13)(3,8,7)(1,4)(5,11)",2,2,0.0,False,"(*2,6)13,10(9,8)(3,1)4(12,5)7,11",2,2,0.0,False,-1,
202203010602,2,3歳未勝利,芝,1800,曇,稍重,10:15,2022-05-01,福島,3,1,1,2019103488,ジョーカーブラウン,牡3,55,01181,秋山稔樹,1:50.7,1/2,12-10-10-7,35.4,8.0,4,516(0),01100,[東]松山将樹,081700,プレミアムレースホー...,130.0,"12,2,6,13,10,9,8-3,4(5,11)(1,7)",12,2,14.0,False,"12,2,6(10,13)9-(3,8)4(1,11)(5,7)",10,2,6.5,False,"2(12,6)(10,9,13)(3,8,7)(1,4)(5,11)",10,2,0.0,False,"(*2,6)13,10(9,8)(3,1)4(12,5)7,11",7,2,1.5,False,-1,
202203010602,2,3歳未勝利,芝,1800,曇,稍重,10:15,2022-05-01,福島,4,6,9,2019102493,メロウヴォイス,牝3,54,01127,丸山元気,1:50.8,1/2,6-6-4-5,35.9,15.4,6,424(-10),00423,[東]上原博之,281008,水上ふじ子,78.0,"12,2,6,13,10,9,8-3,4(5,11)(1,7)",6,1,7.5,False,"12,2,6(10,13)9-(3,8)4(1,11)(5,7)",6,1,3.0,False,"2(12,6)(10,9,13)(3,8,7)(1,4)(5,11)",4,3,0.0,False,"(*2,6)13,10(9,8)(3,1)4(12,5)7,11",5,2,1.5,False,-1,
202203010602,2,3歳未勝利,芝,1800,曇,稍重,10:15,2022-05-01,福島,5,4,4,2019109100,メンアットワーク,牡3,56,01178,斎藤新,1:50.9,1/2,9-9-10-9,35.7,4.2,3,454(-2),01086,[東]斎藤誠,075800,千明牧場,52.0,"12,2,6,13,10,9,8-3,4(5,11)(1,7)",9,1,14.0,False,"12,2,6(10,13)9-(3,8)4(1,11)(5,7)",9,1,6.5,False,"2(12,6)(10,9,13)(3,8,7)(1,4)(5,11)",10,2,0.0,False,"(*2,6)13,10(9,8)(3,1)4(12,5)7,11",9,1,1.5,False,-1,
202203010602,2,3歳未勝利,芝,1800,曇,稍重,10:15,2022-05-01,福島,6,4,5,2019105820,クトゥネシリカ,牡3,53,01184,原優介,1:51.1,1.1/2,10-12-12-10,35.6,15.3,5,422(0),01189,[東]堀内岳志,854800,ノルマンディーサラブ...,,"12,2,6,13,10,9,8-3,4(5,11)(1,7)",10,2,14.0,False,"12,2,6(10,13)9-(3,8)4(1,11)(5,7)",12,2,6.5,False,"2(12,6)(10,9,13)(3,8,7)(1,4)(5,11)",12,2,0.0,False,"(*2,6)13,10(9,8)(3,1)4(12,5)7,11",10,2,1.5,False,-1,
202203010602,2,3歳未勝利,芝,1800,曇,稍重,10:15,2022-05-01,福島,7,6,8,2019102510,アップフルーク,牡3,56,01161,菊沢一樹,1:51.3,1.1/2,7-7-7-5,36.3,79.1,9,496(+2),01100,[東]松山将樹,954033,村山正道,,"12,2,6,13,10,9,8-3,4(5,11)(1,7)",7,1,9.0,False,"12,2,6(10,13)9-(3,8)4(1,11)(5,7)",7,2,6.5,False,"2(12,6)(10,9,13)(3,8,7)(1,4)(5,11)",7,3,0.0,False,"(*2,6)13,10(9,8)(3,1)4(12,5)7,11",5,2,1.5,False,-1,
202203010602,2,3歳未勝利,芝,1800,曇,稍重,10:15,2022-05-01,福島,8,7,10,2019106826,ホイッスルベイト,牝3,54,01109,黛弘人,1:51.3,クビ,5-4-4-4,36.5,24.7,7,442(-6),01024,[東]萱野浩二,851007,山上和良,,"12,2,6,13,10,9,8-3,4(5,11)(1,7)",5,1,6.0,False,"12,2,6(10,13)9-(3,8)4(1,11)(5,7)",4,2,3.0,False,"2(12,6)(10,9,13)(3,8,7)(1,4)(5,11)",4,3,0.0,False,"(*2,6)13,10(9,8)(3,1)4(12,5)7,11",4,1,1.5,False,-1,
202203010602,2,3歳未勝利,芝,1800,曇,稍重,10:15,2022-05-01,福島,9,2,2,2019100910,ゼンノテンバ,牝3,54,01091,丹内祐次,1:51.4,クビ,2-2-1-1,37.0,3.4,2,430(-2),01171,[東]小手川準,052803,大迫久美子,,"12,2,6,13,10,9,8-3,4(5,11)(1,7)",2,1,1.5,False,"12,2,6(10,13)9-(3,8)4(1,11)(5,7)",2,1,1.5,False,"2(12,6)(10,9,13)(3,8,7)(1,4)(5,11)",1,1,0.0,False,"(*2,6)13,10(9,8)(3,1)4(12,5)7,11",1,2,0.0,True,-1,
202203010602,2,3歳未勝利,芝,1800,曇,稍重,10:15,2022-05-01,福島,10,3,3,2019102615,キタノパフューム,牝3,53,01182,泉谷楓真,1:51.8,2.1/2,8-7-7-7,36.7,272.7,10,434(-8),01131,[東]蛯名利弘,163002,北所直人,,"12,2,6,13,10,9,8-3,4(5,11)(1,7)",8,1,12.5,False,"12,2,6(10,13)9-(3,8)4(1,11)(5,7)",7,2,6.5,False,"2(12,6)(10,9,13)(3,8,7)(1,4)(5,11)",7,3,0.0,False,"(*2,6)13,10(9,8)(3,1)4(12,5)7,11",7,2,1.5,False,-1,
202203010602,2,3歳未勝利,芝,1800,曇,稍重,10:15,2022-05-01,福島,11,7,11,2019106547,エレウテリア,牡3,56,01169,武藤雅,1:52.4,4,10-10-12-13,36.8,278.4,11,464(-2),01093,[東]松永康利,251800,和田牧場,,"12,2,6,13,10,9,8-3,4(5,11)(1,7)",10,2,14.0,False,"12,2,6(10,13)9-(3,8)4(1,11)(5,7)",10,2,6.5,False,"2(12,6)(10,9,13)(3,8,7)(1,4)(5,11)",12,2,0.0,False,"(*2,6)13,10(9,8)(3,1)4(12,5)7,11",13,1,3.0,False,-1,
202203010602,2,3歳未勝利,芝,1800,曇,稍重,10:15,2022-05-01,福島,12,5,7,2019102792,スペキュレーター,牡3,52,01187,永島まな,1:53.7,8,12-12-7-12,38.7,355.1,12,464(0),01031,[東]伊藤伸一,855030,田頭勇貴,,"12,2,6,13,10,9,8-3,4(5,11)(1,7)",12,2,14.0,False,"12,2,6(10,13)9-(3,8)4(1,11)(5,7)",12,2,6.5,False,"2(12,6)(10,9,13)(3,8,7)(1,4)(5,11)",7,3,0.0,False,"(*2,6)13,10(9,8)(3,1)4(12,5)7,11",12,1,1.5,False,-1,
202203010602,2,3歳未勝利,芝,1800,曇,稍重,10:15,2022-05-01,福島,13,8,12,2019103535,ハグミーモア,牝3,51,01197,佐々木大,1:55.6,大,1-1-2-10,40.9,431.4,13,410(-4),01052,[東]菊川正達,040700,ＩＨＲ,,"12,2,6,13,10,9,8-3,4(5,11)(1,7)",1,1,0.0,False,"12,2,6(10,13)9-(3,8)4(1,11)(5,7)",1,1,0.0,False,"2(12,6)(10,9,13)(3,8,7)(1,4)(5,11)",2,2,0.0,False,"(*2,6)13,10(9,8)(3,1)4(12,5)7,11",10,2,1.5,False,-1,
202203010603,3,3歳未勝利,ダ,1700,曇,重,10:45,2022-05-01,福島,1,1,1,2019100541,タガノクリステル,牝3,54,01157,鮫島克駿,1:47.4,,5-3-4-3,37.8,4.1,2,478(+4),01173,[西]長谷川浩,859002,八木良司,520.0,"11(9,14)10(1,7)15-(4,13)-5,12,6,3-8,2",5,2,0.0,False,"11,9(1,10,14)-7,15,4,13-(5,12)(6,3)=2-8",3,3,1.5,False,"11(9,14)(1,15)13(7,10,3)6,5,12,4,2-8",4,2,0.0,False,"11,9(1,14,15)(7,3)13-6,5,12,10(4,2)-8",3,3,1.5,False,-6,
202203010603,3,3歳未勝利,ダ,1700,曇,重,10:45,2022-05-01,福島,2,6,11,2019104083,ラブミーディザイア,牝3,53,01181,秋山稔樹,1:48.2,5,1-1-1-1,38.9,4.9,3,478(-2),01165,[東]和田勇介,966007,小林祥晃,210.0,"11(9,14)10(1,7)15-(4,13)-5,12,6,3-8,2",1,1,0.0,False,"11,9(1,10,14)-7,15,4,13-(5,12)(6,3)=2-8",1,1,0.0,False,"11(9,14)(1,15)13(7,10,3)6,5,12,4,2-8",1,1,0.0,False,"11,9(1,14,15)(7,3)13-6,5,12,10(4,2)-8",1,1,0.0,False,-6,
202203010603,3,3歳未勝利,ダ,1700,曇,重,10:45,2022-05-01,福島,3,8,15,2019101122,ベルカノア,牝3,54,01169,武藤雅,1:48.3,1,7-7-4-3,38.7,14.4,6,462(-4),01064,[東]武藤善則,965030,子安裕樹,130.0,"11(9,14)10(1,7)15-(4,13)-5,12,6,3-8,2",7,1,0.0,False,"11,9(1,10,14)-7,15,4,13-(5,12)(6,3)=2-8",7,1,6.5,False,"11(9,14)(1,15)13(7,10,3)6,5,12,4,2-8",4,2,0.0,False,"11,9(1,14,15)(7,3)13-6,5,12,10(4,2)-8",3,3,1.5,False,-6,
202203010603,3,3歳未勝利,ダ,1700,曇,重,10:45,2022-05-01,福島,4,5,9,2019106121,レインボーエンゼル,牝3,52,01186,角田大和,1:48.4,クビ,2-2-2-2,39.0,3.8,1,462(-2),01125,[東]小野次郎,315800,イーデン産業,78.0,"11(9,14)10(1,7)15-(4,13)-5,12,6,3-8,2",2,2,0.0,False,"11,9(1,10,14)-7,15,4,13-(5,12)(6,3)=2-8",2,1,1.5,False,"11(9,14)(1,15)13(7,10,3)6,5,12,4,2-8",2,2,0.0,False,"11,9(1,14,15)(7,3)13-6,5,12,10(4,2)-8",2,1,1.5,False,-6,
202203010603,3,3歳未勝利,ダ,1700,曇,重,10:45,2022-05-01,福島,5,2,3,2019101403,プラチナジェット,牝3,54,01127,丸山元気,1:48.4,ハナ,13-12-7-6,38.3,5.8,4,452(-6),01132,[東]金成貴史,086803,レッドマジック,52.0,"11(9,14)10(1,7)15-(4,13)-5,12,6,3-8,2",13,1,11.5,False,"11,9(1,10,14)-7,15,4,13-(5,12)(6,3)=2-8",12,2,13.0,False,"11(9,14)(1,15)13(7,10,3)6,5,12,4,2-8",7,3,0.0,False,"11,9(1,14,15)(7,3)13-6,5,12,10(4,2)-8",6,2,1.5,False,-6,
202203010603,3,3歳未勝利,ダ,1700,曇,重,10:45,2022-05-01,福島,6,8,14,2019101395,ウォークル,牝3,51,01202,鷲頭虎太,1:48.8,2.1/2,2-3-2-3,39.3,16.5,7,414(-2),01124,[東]大和田成,490006,門野重雄,,"11(9,14)10(1,7)15-(4,13)-5,12,6,3-8,2",2,2,0.0,False,"11,9(1,10,14)-7,15,4,13-(5,12)(6,3)=2-8",3,3,1.5,False,"11(9,14)(1,15)13(7,10,3)6,5,12,4,2-8",2,2,0.0,False,"11,9(1,14,15)(7,3)13-6,5,12,10(4,2)-8",3,3,1.5,False,-6,
202203010603,3,3歳未勝利,ダ,1700,曇,重,10:45,2022-05-01,福島,7,4,7,2019103995,エディッタ,牝3,51,01197,佐々木大,1:49.4,4,5-6-7-6,39.3,26.9,9,454(+2),01102,[東]大竹正博,536800,大樹ファーム,,"11(9,14)10(1,7)15-(4,13)-5,12,6,3-8,2",5,2,0.0,False,"11,9(1,10,14)-7,15,4,13-(5,12)(6,3)=2-8",6,1,5.0,False,"11(9,14)(1,15)13(7,10,3)6,5,12,4,2-8",7,3,0.0,False,"11,9(1,14,15)(7,3)13-6,5,12,10(4,2)-8",6,2,1.5,False,-6,
202203010603,3,3歳未勝利,ダ,1700,曇,重,10:45,2022-05-01,福島,8,3,5,2019100275,キガサ,牝3,54,01091,丹内祐次,1:49.5,1/2,10-10-11-10,39.2,18.2,8,430(+4),01179,[東]鈴木慎太,716800,ビッグレッドファーム,,"11(9,14)10(1,7)15-(4,13)-5,12,6,3-8,2",10,1,7.0,False,"11,9(1,10,14)-7,15,4,13-(5,12)(6,3)=2-8",10,2,13.0,False,"11(9,14)(1,15)13(7,10,3)6,5,12,4,2-8",11,1,1.5,False,"11,9(1,14,15)(7,3)13-6,5,12,10(4,2)-8",10,1,6.5,False,-6,
202203010603,3,3歳未勝利,ダ,1700,曇,重,10:45,2022-05-01,福島,9,7,13,2019106618,ソングオブバラード,牝3,53,01176,亀田温心,1:49.6,クビ,8-9-6-8,39.7,32.7,10,442(-12),01182,[東]辻哲英,547800,ヒダカ・ブリーダーズ...,,"11(9,14)10(1,7)15-(4,13)-5,12,6,3-8,2",8,2,3.5,False,"11,9(1,10,14)-7,15,4,13-(5,12)(6,3)=2-8",9,1,9.5,False,"11(9,14)(1,15)13(7,10,3)6,5,12,4,2-8",6,1,0.0,False,"11,9(1,14,15)(7,3)13-6,5,12,10(4,2)-8",8,1,1.5,False,-6,
202203010603,3,3歳未勝利,ダ,1700,曇,重,10:45,2022-05-01,福島,10,4,6,2019105386,セントレア,牝3,54,05203,岩田康誠,1:50.0,2.1/2,12-12-10-9,39.8,12.2,5,468(+4),00438,[西]安田隆行,370033,長谷川守正,,"11(9,14)10(1,7)15-(4,13)-5,12,6,3-8,2",12,1,10.0,False,"11,9(1,10,14)-7,15,4,13-(5,12)(6,3)=2-8",12,2,13.0,False,"11(9,14)(1,15)13(7,10,3)6,5,12,4,2-8",10,1,0.0,False,"11,9(1,14,15)(7,3)13-6,5,12,10(4,2)-8",9,1,5.0,False,-6,
202203010603,3,3歳未勝利,ダ,1700,曇,重,10:45,2022-05-01,福島,11,7,12,2019104519,アイスフォーゲル,牝3,54,01160,荻野極,1:50.4,2.1/2,11-10-12-11,39.9,157.0,13,496(+2),01020,[東]相沢郁,226800,サンデーレーシング,,"11(9,14)10(1,7)15-(4,13)-5,12,6,3-8,2",11,1,8.5,False,"11,9(1,10,14)-7,15,4,13-(5,12)(6,3)=2-8",10,2,13.0,False,"11(9,14)(1,15)13(7,10,3)6,5,12,4,2-8",12,1,3.0,False,"11,9(1,14,15)(7,3)13-6,5,12,10(4,2)-8",11,1,8.0,False,-6,
202203010603,3,3歳未勝利,ダ,1700,曇,重,10:45,2022-05-01,福島,12,3,4,2019103250,ドリーマーイモン,牝3,51,01184,原優介,1:50.8,2.1/2,8-8-13-13,40.0,291.0,14,422(-10),01100,[東]松山将樹,605009,井門敏雄,,"11(9,14)10(1,7)15-(4,13)-5,12,6,3-8,2",8,2,3.5,False,"11,9(1,10,14)-7,15,4,13-(5,12)(6,3)=2-8",8,1,8.0,False,"11(9,14)(1,15)13(7,10,3)6,5,12,4,2-8",13,1,4.5,False,"11,9(1,14,15)(7,3)13-6,5,12,10(4,2)-8",13,2,9.5,False,-6,
202203010603,3,3歳未勝利,ダ,1700,曇,重,10:45,2022-05-01,福島,13,5,8,2019100999,アイズダンシング,牝3,54,01025,勝浦正樹,1:51.2,2.1/2,14-15-15-15,39.5,129.5,12,470(0),00405,[東]小西一男,032800,ローレルレーシング,,"11(9,14)10(1,7)15-(4,13)-5,12,6,3-8,2",14,1,15.0,False,"11,9(1,10,14)-7,15,4,13-(5,12)(6,3)=2-8",15,1,22.5,False,"11(9,14)(1,15)13(7,10,3)6,5,12,4,2-8",15,1,9.5,False,"11,9(1,14,15)(7,3)13-6,5,12,10(4,2)-8",15,1,13.0,False,-6,
202203010603,3,3歳未勝利,ダ,1700,曇,重,10:45,2022-05-01,福島,14,2,2,2019103432,ディアマンネージュ,牝3,54,01161,菊沢一樹,1:51.7,3,15-14-14-13,40.6,48.6,11,476(0),00428,[東]石毛善彦,542800,ライオンレースホース,,"11(9,14)10(1,7)15-(4,13)-5,12,6,3-8,2",15,1,16.5,False,"11,9(1,10,14)-7,15,4,13-(5,12)(6,3)=2-8",14,1,19.0,False,"11(9,14)(1,15)13(7,10,3)6,5,12,4,2-8",14,1,6.0,False,"11,9(1,14,15)(7,3)13-6,5,12,10(4,2)-8",13,2,9.5,False,-6,
202203010603,3,3歳未勝利,ダ,1700,曇,重,10:45,2022-05-01,福島,15,6,10,2019104664,プリンセスコゼット,牝3,54,01166,川又賢治,1:53.9,大,4-3-7-12,43.9,336.9,15,426(-4),01178,[西]杉山佳明,751030,高橋明裕,,"11(9,14)10(1,7)15-(4,13)-5,12,6,3-8,2",4,1,0.0,False,"11,9(1,10,14)-7,15,4,13-(5,12)(6,3)=2-8",3,3,1.5,False,"11(9,14)(1,15)13(7,10,3)6,5,12,4,2-8",7,3,0.0,False,"11,9(1,14,15)(7,3)13-6,5,12,10(4,2)-8",12,1,9.5,False,-6,
202203010604,4,障害4歳以上未勝利,芝,2770,曇,稍重,11:15,2022-05-01,福島,1,8,14,2017104163,ロードエクスプレス,牡5,60,01139,森一馬,3:06.0,,3-2-1-1,13.4,7.5,5,474(-6),01170,[西]坂口智康,170800,ロードホースクラブ,790.0,"(*4,10)14,13,6(3,9,2)(11,12)-5=1=8-7",3,1,0.0,False,"4(14,10)13,6,3(9,2)(11,12)-5=1=8-7",2,2,0.0,False,"14(4,10)6-(3,13,2)-11,12(5,9)=8,1=7",1,1,0.0,False,"14(10,6)(4,13,2)(3,11,12)-5,9=8=1-7",1,1,0.0,False,,
202203010604,4,障害4歳以上未勝利,芝,2770,曇,稍重,11:15,2022-05-01,福島,2,4,6,2018105378,ミッキーセサミ,牡4,59,01113,草野太郎,3:06.2,1.1/2,5-5-4-2,13.4,23.4,9,470(-20),01115,[東]菊沢隆徳,441007,野田みづき,320.0,"(*4,10)14,13,6(3,9,2)(11,12)-5=1=8-7",5,1,3.0,False,"4(14,10)13,6,3(9,2)(11,12)-5=1=8-7",5,1,1.5,False,"14(4,10)6-(3,13,2)-11,12(5,9)=8,1=7",4,1,0.0,False,"14(10,6)(4,13,2)(3,11,12)-5,9=8=1-7",2,2,0.0,False,,
202203010604,4,障害4歳以上未勝利,芝,2770,曇,稍重,11:15,2022-05-01,福島,3,2,2,2018105731,メイショウアツイタ,牡4,59,01066,難波剛健,3:06.4,3/4,6-7-5-4,13.5,5.2,3,490(-4),01129,[西]高橋義忠,523005,松本好雄,200.0,"(*4,10)14,13,6(3,9,2)(11,12)-5=1=8-7",6,3,3.0,False,"4(14,10)13,6,3(9,2)(11,12)-5=1=8-7",7,2,3.0,False,"14(4,10)6-(3,13,2)-11,12(5,9)=8,1=7",5,3,3.5,False,"14(10,6)(4,13,2)(3,11,12)-5,9=8=1-7",4,3,0.0,False,,
202203010604,4,障害4歳以上未勝利,芝,2770,曇,稍重,11:15,2022-05-01,福島,4,7,12,2016100559,ミトノマルーン,牡6,60,01046,高田潤,3:06.4,クビ,9-9-9-7,13.5,3.5,1,488(+4),01161,[西]武英智,018700,ロイヤルパーク,120.0,"(*4,10)14,13,6(3,9,2)(11,12)-5=1=8-7",9,2,3.0,False,"4(14,10)13,6,3(9,2)(11,12)-5=1=8-7",9,2,3.0,False,"14(4,10)6-(3,13,2)-11,12(5,9)=8,1=7",9,1,8.5,False,"14(10,6)(4,13,2)(3,11,12)-5,9=8=1-7",7,3,0.0,False,,
202203010604,4,障害4歳以上未勝利,芝,2770,曇,稍重,11:15,2022-05-01,福島,5,7,11,2013103941,グリニッチヴィレジ,牝9,57,01196,小牧加矢,3:06.6,1,9-9-8-7,13.5,13.7,6,444(-4),01090,[東]天間昭一,878800,コロンバスサークル,79.0,"(*4,10)14,13,6(3,9,2)(11,12)-5=1=8-7",9,2,3.0,False,"4(14,10)13,6,3(9,2)(11,12)-5=1=8-7",9,2,3.0,False,"14(4,10)6-(3,13,2)-11,12(5,9)=8,1=7",8,1,7.0,False,"14(10,6)(4,13,2)(3,11,12)-5,9=8=1-7",7,3,0.0,False,,
202203010604,4,障害4歳以上未勝利,芝,2770,曇,稍重,11:15,2022-05-01,福島,6,8,13,2013101031,シーザワールド,牡9,60,01061,大庭和弥,3:06.6,ハナ,4-4-5-4,13.5,64.4,13,514(0),01063,[東]的場均,169031,村岡曉憲,,"(*4,10)14,13,6(3,9,2)(11,12)-5=1=8-7",4,1,1.5,False,"4(14,10)13,6,3(9,2)(11,12)-5=1=8-7",4,1,0.0,False,"14(4,10)6-(3,13,2)-11,12(5,9)=8,1=7",5,3,3.5,False,"14(10,6)(4,13,2)(3,11,12)-5,9=8=1-7",4,3,0.0,False,,
202203010604,4,障害4歳以上未勝利,芝,2770,曇,稍重,11:15,2022-05-01,福島,7,3,3,2017104844,ダイワセントライト,牡5,60,01123,小野寺祐,3:07.0,2.1/2,6-6-5-7,13.5,6.6,4,488(-4),01195,[東]嘉藤貴行,593031,大城正一,,"(*4,10)14,13,6(3,9,2)(11,12)-5=1=8-7",6,3,3.0,False,"4(14,10)13,6,3(9,2)(11,12)-5=1=8-7",6,1,3.0,False,"14(4,10)6-(3,13,2)-11,12(5,9)=8,1=7",5,3,3.5,False,"14(10,6)(4,13,2)(3,11,12)-5,9=8=1-7",7,3,0.0,False,,
202203010604,4,障害4歳以上未勝利,芝,2770,曇,稍重,11:15,2022-05-01,福島,8,4,5,2017106236,アースブレイブ,セ5,60,01023,江田勇亮,3:07.8,5,11-11-10-10,13.6,22.3,8,462(+4),00420,[東]宗像義忠,339008,松山増男,,"(*4,10)14,13,6(3,9,2)(11,12)-5=1=8-7",11,1,6.5,False,"4(14,10)13,6,3(9,2)(11,12)-5=1=8-7",11,1,6.5,False,"14(4,10)6-(3,13,2)-11,12(5,9)=8,1=7",10,2,8.5,False,"14(10,6)(4,13,2)(3,11,12)-5,9=8=1-7",10,1,3.5,False,,
202203010604,4,障害4歳以上未勝利,芝,2770,曇,稍重,11:15,2022-05-01,福島,9,5,8,2018106621,メイショウアルト,牡4,59,01072,黒岩悠,3:08.2,2.1/2,13-13-12-12,13.6,51.3,12,478(-6),01136,[西]高橋亮,523005,松本好雄,,"(*4,10)14,13,6(3,9,2)(11,12)-5=1=8-7",13,1,18.5,False,"4(14,10)13,6,3(9,2)(11,12)-5=1=8-7",13,1,18.5,False,"14(4,10)6-(3,13,2)-11,12(5,9)=8,1=7",12,1,14.5,False,"14(10,6)(4,13,2)(3,11,12)-5,9=8=1-7",12,1,11.0,False,,
202203010604,4,障害4歳以上未勝利,芝,2770,曇,稍重,11:15,2022-05-01,福島,10,6,10,2018106213,モーニングアヤメ,牝4,57,01087,上野翔,3:08.3,3/4,2-2-2-2,13.6,43.8,10,430(0),00421,[東]浅野洋一,606006,今朝光,,"(*4,10)14,13,6(3,9,2)(11,12)-5=1=8-7",2,2,0.0,False,"4(14,10)13,6,3(9,2)(11,12)-5=1=8-7",2,2,0.0,False,"14(4,10)6-(3,13,2)-11,12(5,9)=8,1=7",2,2,0.0,False,"14(10,6)(4,13,2)(3,11,12)-5,9=8=1-7",2,2,0.0,False,,
202203010604,4,障害4歳以上未勝利,芝,2770,曇,稍重,11:15,2022-05-01,福島,11,6,9,2017101181,ビップテッペン,牡5,60,01101,中村将之,3:09.2,5,6-7-10-11,13.7,84.1,14,442(-4),01112,[東]田島俊明,524030,鈴木邦英,,"(*4,10)14,13,6(3,9,2)(11,12)-5=1=8-7",6,3,3.0,False,"4(14,10)13,6,3(9,2)(11,12)-5=1=8-7",7,2,3.0,False,"14(4,10)6-(3,13,2)-11,12(5,9)=8,1=7",10,2,8.5,False,"14(10,6)(4,13,2)(3,11,12)-5,9=8=1-7",11,1,5.0,False,,
202203010604,4,障害4歳以上未勝利,芝,2770,曇,稍重,11:15,2022-05-01,福島,12,5,7,2015102764,ヴィーヴァバッカス,牡7,60,01149,伴啓太,3:11.6,大,14-14-14-14,13.8,5.1,2,478(-2),01020,[東]相沢郁,683002,芹澤精一,,"(*4,10)14,13,6(3,9,2)(11,12)-5=1=8-7",14,1,22.0,False,"4(14,10)13,6,3(9,2)(11,12)-5=1=8-7",14,1,22.0,False,"14(4,10)6-(3,13,2)-11,12(5,9)=8,1=7",14,1,22.0,False,"14(10,6)(4,13,2)(3,11,12)-5,9=8=1-7",14,1,20.5,False,,
202203010604,4,障害4歳以上未勝利,芝,2770,曇,稍重,11:15,2022-05-01,福島,13,1,1,2018103232,メモリーエアシップ,牡4,59,01035,白浜雄造,3:12.7,7,12-12-13-13,13.9,49.9,11,470(+8),01021,[西]池添兼雄,351800,シンザンクラブ,,"(*4,10)14,13,6(3,9,2)(11,12)-5=1=8-7",12,1,12.5,False,"4(14,10)13,6,3(9,2)(11,12)-5=1=8-7",12,1,12.5,False,"14(4,10)6-(3,13,2)-11,12(5,9)=8,1=7",13,1,16.0,False,"14(10,6)(4,13,2)(3,11,12)-5,9=8=1-7",13,1,17.0,False,,
202203010604,4,障害4歳以上未勝利,芝,2770,曇,稍重,11:15,2022-05-01,福島,中,3,4,2017105001,ルナエクリプス,牡5,60,01069,五十嵐雄,,,1-1-2-4,,18.5,7,528(-8),01027,[東]田村康仁,231033,吉田晴哉,,"(*4,10)14,13,6(3,9,2)(11,12)-5=1=8-7",1,2,0.0,True,"4(14,10)13,6,3(9,2)(11,12)-5=1=8-7",1,1,0.0,False,"14(4,10)6-(3,13,2)-11,12(5,9)=8,1=7",2,2,0.0,False,"14(10,6)(4,13,2)(3,11,12)-5,9=8=1-7",4,3,0.0,False,,
202203010605,5,3歳未勝利,芝,1200,曇,稍重,12:10,2022-05-01,福島,1,1,2,2019101833,ウインクルシャープ,牝3,50,01187,永島まな,1:10.2,,4-5,35.3,14.2,6,456(-6),01136,[西]高橋亮,952006,塚本能交,520.0,,,,,,,,,,,"8-3,5(1,2,9)(4,7,12)10(6,15)14,13,11-16",4,3,5.0,False,"(*8,3)(4,5)(1,2)9(7,12)(6,15,10)13,14,11-16",5,2,0.0,False,-1,
202203010605,5,3歳未勝利,芝,1200,曇,稍重,12:10,2022-05-01,福島,2,2,4,2019101446,ワンリオン,牡3,56,01171,西村淳也,1:10.5,1.3/4,7-3,35.4,10.1,4,482(-10),01113,[西]牧浦充徳,889006,河村祥史,210.0,,,,,,,,,,,"8-3,5(1,2,9)(4,7,12)10(6,15)14,13,11-16",7,3,5.0,False,"(*8,3)(4,5)(1,2)9(7,12)(6,15,10)13,14,11-16",3,2,0.0,False,-1,
202203010605,5,3歳未勝利,芝,1200,曇,稍重,12:10,2022-05-01,福島,3,6,12,2019100596,ヤマニンサルバム,牡3,55,01176,亀田温心,1:10.8,2,7-8,35.8,2.6,1,506(+8),01186,[西]中村直也,329004,土井肇,130.0,,,,,,,,,,,"8-3,5(1,2,9)(4,7,12)10(6,15)14,13,11-16",7,3,5.0,False,"(*8,3)(4,5)(1,2)9(7,12)(6,15,10)13,14,11-16",8,2,0.0,False,-1,
202203010605,5,3歳未勝利,芝,1200,曇,稍重,12:10,2022-05-01,福島,4,1,1,2019104948,リゾルテッツァ,牡3,54,01186,角田大和,1:10.9,クビ,4-5,36.0,28.3,9,490(0),01121,[西]角田晃一,415800,社台レースホース,78.0,,,,,,,,,,,"8-3,5(1,2,9)(4,7,12)10(6,15)14,13,11-16",4,3,5.0,False,"(*8,3)(4,5)(1,2)9(7,12)(6,15,10)13,14,11-16",5,2,0.0,False,-1,
202203010605,5,3歳未勝利,芝,1200,曇,稍重,12:10,2022-05-01,福島,5,5,10,2019101682,ジーツーガッキー,牝3,52,01164,藤田菜七,1:11.1,1.1/4,10-10,35.9,4.0,2,496(-4),01062,[西]藤岡健一,331007,幅田昌伸,52.0,,,,,,,,,,,"8-3,5(1,2,9)(4,7,12)10(6,15)14,13,11-16",10,1,5.0,False,"(*8,3)(4,5)(1,2)9(7,12)(6,15,10)13,14,11-16",10,3,0.0,False,-1,
202203010605,5,3歳未勝利,芝,1200,曇,稍重,12:10,2022-05-01,福島,6,6,11,2019104527,ウムラウト,牝3,51,01202,鷲頭虎太,1:11.1,クビ,15-15,35.1,42.9,11,372(-8),01130,[西]吉村圭司,808800,Ｇ１レーシング,,,,,,,,,,,,"8-3,5(1,2,9)(4,7,12)10(6,15)14,13,11-16",15,1,8.0,False,"(*8,3)(4,5)(1,2)9(7,12)(6,15,10)13,14,11-16",15,1,3.0,False,-1,
202203010605,5,3歳未勝利,芝,1200,曇,稍重,12:10,2022-05-01,福島,7,2,3,2019105279,ダグザ,セ3,56,01178,斎藤新,1:11.2,クビ,2-2,36.6,17.9,7,482(0),00438,[西]安田隆行,486800,キャロットファーム,,,,,,,,,,,,"8-3,5(1,2,9)(4,7,12)10(6,15)14,13,11-16",2,1,3.5,False,"(*8,3)(4,5)(1,2)9(7,12)(6,15,10)13,14,11-16",2,2,0.0,False,-1,
202203010605,5,3歳未勝利,芝,1200,曇,稍重,12:10,2022-05-01,福島,8,4,7,2019106190,ハッピーノリクン,牡3,56,01161,菊沢一樹,1:11.3,1/2,7-8,36.2,59.5,13,434(+4),01026,[東]鈴木伸尋,016033,足立範子,,,,,,,,,,,,"8-3,5(1,2,9)(4,7,12)10(6,15)14,13,11-16",7,3,5.0,False,"(*8,3)(4,5)(1,2)9(7,12)(6,15,10)13,14,11-16",8,2,0.0,False,-1,
202203010605,5,3歳未勝利,芝,1200,曇,稍重,12:10,2022-05-01,福島,9,8,15,2019104906,ルージュエピス,牝3,51,01200,西塚洸二,1:11.5,1.1/4,11-10,36.2,28.5,10,460(-8),01068,[東]小島茂之,180800,東京ホースレーシング,,,,,,,,,,,,"8-3,5(1,2,9)(4,7,12)10(6,15)14,13,11-16",11,2,5.0,False,"(*8,3)(4,5)(1,2)9(7,12)(6,15,10)13,14,11-16",10,3,0.0,False,-1,
202203010605,5,3歳未勝利,芝,1200,曇,稍重,12:10,2022-05-01,福島,10,7,13,2019100911,エヴリーサンクス,牝3,54,01166,川又賢治,1:11.5,クビ,14-13,35.8,44.1,12,470(+12),01171,[東]小手川準,463031,フィールドレーシング,,,,,,,,,,,,"8-3,5(1,2,9)(4,7,12)10(6,15)14,13,11-16",14,1,6.5,False,"(*8,3)(4,5)(1,2)9(7,12)(6,15,10)13,14,11-16",13,1,0.0,False,-1,
202203010605,5,3歳未勝利,芝,1200,曇,稍重,12:10,2022-05-01,福島,11,4,8,2019106589,タマモテラコッタ,牡3,53,01194,大久保友,1:11.6,3/4,1-1,37.3,6.9,3,488(-10),01049,[西]南井克巳,515800,タマモ,,,,,,,,,,,,"8-3,5(1,2,9)(4,7,12)10(6,15)14,13,11-16",1,1,0.0,False,"(*8,3)(4,5)(1,2)9(7,12)(6,15,10)13,14,11-16",1,2,0.0,True,-1,
202203010605,5,3歳未勝利,芝,1200,曇,稍重,12:10,2022-05-01,福島,12,5,9,2019103310,モンテジュエル,牝3,54,01169,武藤雅,1:11.8,1.1/4,4-7,36.9,24.9,8,432(-2),01094,[東]水野貴広,716800,ビッグレッドファーム,,,,,,,,,,,,"8-3,5(1,2,9)(4,7,12)10(6,15)14,13,11-16",4,3,5.0,False,"(*8,3)(4,5)(1,2)9(7,12)(6,15,10)13,14,11-16",7,1,0.0,False,-1,
202203010605,5,3歳未勝利,芝,1200,曇,稍重,12:10,2022-05-01,福島,13,3,5,2019103633,チャイムリープ,牝3,53,01181,秋山稔樹,1:12.3,3,3-3,37.5,13.6,5,456(-8),01088,[東]高木登,430002,塩川和則,,,,,,,,,,,,"8-3,5(1,2,9)(4,7,12)10(6,15)14,13,11-16",3,1,5.0,False,"(*8,3)(4,5)(1,2)9(7,12)(6,15,10)13,14,11-16",3,2,0.0,False,-1,
202203010605,5,3歳未勝利,芝,1200,曇,稍重,12:10,2022-05-01,福島,14,8,16,2019102992,テイエムヒロイン,牝3,51,01172,服部寿希,1:12.7,2.1/2,16-16,36.4,298.3,15,416(+6),01077,[東]加藤和宏,356002,竹園正繼,,,,,,,,,,,,"8-3,5(1,2,9)(4,7,12)10(6,15)14,13,11-16",16,1,11.5,False,"(*8,3)(4,5)(1,2)9(7,12)(6,15,10)13,14,11-16",16,1,6.5,False,-1,
202203010605,5,3歳未勝利,芝,1200,曇,稍重,12:10,2022-05-01,福島,15,7,14,2019100068,トゥワイス,牝3,54,01167,木幡育也,1:13.5,5,13-14,38.0,256.2,14,372(-14),01119,[東]田中剛,854030,吉野智博,,,,,,,,,,,,"8-3,5(1,2,9)(4,7,12)10(6,15)14,13,11-16",13,1,5.0,False,"(*8,3)(4,5)(1,2)9(7,12)(6,15,10)13,14,11-16",14,1,1.5,False,-1,
202203010605,5,3歳未勝利,芝,1200,曇,稍重,12:10,2022-05-01,福島,16,3,6,2019100085,マハロマヤ,牝3,51,01198,土田真翔,1:14.0,3,11-10,38.7,352.4,16,426(-4),01010,[東]中野栄治,313008,友水達也,,,,,,,,,,,,"8-3,5(1,2,9)(4,7,12)10(6,15)14,13,11-16",11,2,5.0,False,"(*8,3)(4,5)(1,2)9(7,12)(6,15,10)13,14,11-16",10,3,0.0,False,-1,
202203010606,6,3歳未勝利,芝,2600,曇,稍重,12:35,2022-05-01,福島,1,5,7,2019100788,マイネルメサイア,牡3,56,01091,丹内祐次,2:42.8,,4-4-1-1,36.8,2.0,1,456(-8),01038,[東]手塚貴久,546800,サラブレッドクラブ・...,520.0,"1,5=2(4,7)(8,6)-(3,9)(13,12)11-10",4,2,7.5,False,"1,5-2(4,7)(8,6)9(3,12,13)-(11,10)",4,2,5.0,False,"(2,*7,6)(1,4,5,8)(13,9)12-3-10-11",1,3,0.0,True,"7(2,6)(8,9)4-13,5(1,12)3=10=11",1,1,0.0,False,-1,
202203010606,6,3歳未勝利,芝,2600,曇,稍重,12:35,2022-05-01,福島,2,6,8,2019105808,ホウオウユニコーン,牡3,56,05203,岩田康誠,2:42.9,クビ,6-6-4-4,36.7,9.6,4,454(-2),01145,[東]奥村武,906033,小笹芳央,210.0,"1,5=2(4,7)(8,6)-(3,9)(13,12)11-10",6,2,7.5,False,"1,5-2(4,7)(8,6)9(3,12,13)-(11,10)",6,2,5.0,False,"(2,*7,6)(1,4,5,8)(13,9)12-3-10-11",4,4,0.0,False,"7(2,6)(8,9)4-13,5(1,12)3=10=11",4,2,0.0,False,-1,
202203010606,6,3歳未勝利,芝,2600,曇,稍重,12:35,2022-05-01,福島,3,5,6,2019103873,ヴァーグエスタード,牡3,56,01157,鮫島克駿,2:43.1,1,6-6-2-2,37.1,3.5,2,454(-4),01166,[西]石坂公一,013803,ディアレストクラブ,130.0,"1,5=2(4,7)(8,6)-(3,9)(13,12)11-10",6,2,7.5,False,"1,5-2(4,7)(8,6)9(3,12,13)-(11,10)",6,2,5.0,False,"(2,*7,6)(1,4,5,8)(13,9)12-3-10-11",2,3,0.0,False,"7(2,6)(8,9)4-13,5(1,12)3=10=11",2,2,0.0,False,-1,
202203010606,6,3歳未勝利,芝,2600,曇,稍重,12:35,2022-05-01,福島,4,6,9,2019104352,ウロボン,牡3,56,01109,黛弘人,2:43.3,1.1/4,8-8-8-4,36.9,5.9,3,460(+2),01147,[東]武井亮,149002,井山登,78.0,"1,5=2(4,7)(8,6)-(3,9)(13,12)11-10",8,2,11.0,False,"1,5-2(4,7)(8,6)9(3,12,13)-(11,10)",8,1,5.0,False,"(2,*7,6)(1,4,5,8)(13,9)12-3-10-11",8,2,0.0,False,"7(2,6)(8,9)4-13,5(1,12)3=10=11",4,2,0.0,False,-1,
202203010606,6,3歳未勝利,芝,2600,曇,稍重,12:35,2022-05-01,福島,5,8,12,2019103344,ブルーシグナル,牡3,56,01141,中井裕二,2:44.1,5,10-9-10-9,37.6,129.0,10,456(-4),01143,[東]和田雄二,713005,田島榮二郎,52.0,"1,5=2(4,7)(8,6)-(3,9)(13,12)11-10",10,2,11.0,False,"1,5-2(4,7)(8,6)9(3,12,13)-(11,10)",9,3,5.0,False,"(2,*7,6)(1,4,5,8)(13,9)12-3-10-11",10,1,0.0,False,"7(2,6)(8,9)4-13,5(1,12)3=10=11",9,2,5.0,False,-1,
202203010606,6,3歳未勝利,芝,2600,曇,稍重,12:35,2022-05-01,福島,6,3,3,2019104782,ストームシャドウ,牡3,56,01127,丸山元気,2:44.4,1.3/4,8-9-11-11,37.6,20.5,6,450(-6),01163,[東]林徹,308002,飯塚知一,,"1,5=2(4,7)(8,6)-(3,9)(13,12)11-10",8,2,11.0,False,"1,5-2(4,7)(8,6)9(3,12,13)-(11,10)",9,3,5.0,False,"(2,*7,6)(1,4,5,8)(13,9)12-3-10-11",11,1,3.5,False,"7(2,6)(8,9)4-13,5(1,12)3=10=11",11,1,5.0,False,-1,
202203010606,6,3歳未勝利,芝,2600,曇,稍重,12:35,2022-05-01,福島,7,2,2,2019104821,ソレジャートポスト,牡3,56,01178,斎藤新,2:44.4,クビ,3-3-2-2,38.4,79.8,9,458(0),01159,[西]高柳大輔,310007,吉田千津,,"1,5=2(4,7)(8,6)-(3,9)(13,12)11-10",3,1,7.5,False,"1,5-2(4,7)(8,6)9(3,12,13)-(11,10)",3,1,5.0,False,"(2,*7,6)(1,4,5,8)(13,9)12-3-10-11",2,3,0.0,False,"7(2,6)(8,9)4-13,5(1,12)3=10=11",2,2,0.0,False,-1,
202203010606,6,3歳未勝利,芝,2600,曇,稍重,12:35,2022-05-01,福島,8,8,13,2019105270,ブレットアーチ,牡3,56,01171,西村淳也,2:44.5,3/4,10-9-8-7,38.2,39.9,7,468(-2),01149,[西]松下武士,790005,吉田勝己,,"1,5=2(4,7)(8,6)-(3,9)(13,12)11-10",10,2,11.0,False,"1,5-2(4,7)(8,6)9(3,12,13)-(11,10)",9,3,5.0,False,"(2,*7,6)(1,4,5,8)(13,9)12-3-10-11",8,2,0.0,False,"7(2,6)(8,9)4-13,5(1,12)3=10=11",7,1,3.5,False,-1,
202203010606,6,3歳未勝利,芝,2600,曇,稍重,12:35,2022-05-01,福島,9,4,4,2019100638,ペアブロッサム,牝3,52,01186,角田大和,2:45.3,5,4-4-4-6,39.1,43.7,8,462(0),01111,[西]鈴木孝志,788800,ノースヒルズ,,"1,5=2(4,7)(8,6)-(3,9)(13,12)11-10",4,2,7.5,False,"1,5-2(4,7)(8,6)9(3,12,13)-(11,10)",4,2,5.0,False,"(2,*7,6)(1,4,5,8)(13,9)12-3-10-11",4,4,0.0,False,"7(2,6)(8,9)4-13,5(1,12)3=10=11",6,1,0.0,False,-1,
202203010606,6,3歳未勝利,芝,2600,曇,稍重,12:35,2022-05-01,福島,10,4,5,2019102204,マゼンダフラッシュ,牝3,54,01161,菊沢一樹,2:45.9,3.1/2,2-2-4-8,39.7,226.4,12,444(+8),01074,[東]奥平雅士,134031,松田幸生,,"1,5=2(4,7)(8,6)-(3,9)(13,12)11-10",2,1,1.5,False,"1,5-2(4,7)(8,6)9(3,12,13)-(11,10)",2,1,1.5,False,"(2,*7,6)(1,4,5,8)(13,9)12-3-10-11",4,4,0.0,False,"7(2,6)(8,9)4-13,5(1,12)3=10=11",8,1,5.0,False,-1,
202203010606,6,3歳未勝利,芝,2600,曇,稍重,12:35,2022-05-01,福島,11,7,10,2019101942,ホーネット,牡3,53,01197,佐々木大,2:46.2,2,13-12-12-12,38.6,375.0,13,420(-4),00428,[東]石毛善彦,935800,木村牧場,,"1,5=2(4,7)(8,6)-(3,9)(13,12)11-10",13,1,14.5,False,"1,5-2(4,7)(8,6)9(3,12,13)-(11,10)",12,2,8.5,False,"(2,*7,6)(1,4,5,8)(13,9)12-3-10-11",12,1,7.0,False,"7(2,6)(8,9)4-13,5(1,12)3=10=11",12,1,11.0,False,-1,
202203010606,6,3歳未勝利,芝,2600,曇,稍重,12:35,2022-05-01,福島,12,7,11,2019104935,フライシュッツ,牡3,53,01194,大久保友,2:46.7,3,12-12-13-13,38.7,157.1,11,496(-2),00438,[西]安田隆行,415800,社台レースホース,,"1,5=2(4,7)(8,6)-(3,9)(13,12)11-10",12,1,11.0,False,"1,5-2(4,7)(8,6)9(3,12,13)-(11,10)",12,2,8.5,False,"(2,*7,6)(1,4,5,8)(13,9)12-3-10-11",13,1,10.5,False,"7(2,6)(8,9)4-13,5(1,12)3=10=11",13,1,17.0,False,-1,
202203010606,6,3歳未勝利,芝,2600,曇,稍重,12:35,2022-05-01,福島,13,1,1,2019100461,ハコダテジョー,牡3,56,01160,荻野極,2:47.1,2.1/2,1-1-4-9,40.9,14.1,5,462(+2),01020,[東]相沢郁,321004,河内孝夫,,"1,5=2(4,7)(8,6)-(3,9)(13,12)11-10",1,1,0.0,False,"1,5-2(4,7)(8,6)9(3,12,13)-(11,10)",1,1,0.0,False,"(2,*7,6)(1,4,5,8)(13,9)12-3-10-11",4,4,0.0,False,"7(2,6)(8,9)4-13,5(1,12)3=10=11",9,2,5.0,False,-1,
202203010607,7,4歳以上1勝クラス,ダ,1700,小雨,重,13:05,2022-05-01,福島,1,7,9,2018102062,ランスルー,牡4,57,01157,鮫島克駿,1:46.8,,3-3-2-1,36.0,2.5,1,542(-2),01076,[東]小笠倫弘,041002,前田晋二,770.0,"1,6(8,9)(10,11)(4,12)(5,7)2,3",3,2,1.5,False,"1,6(8,9)(10,11)12(4,5)7(2,3)",3,2,1.5,False,"(1,6,9,*12)3(8,11)(10,2)(5,7)4",2,4,0.0,False,"(1,6,*9)12(8,3)11,10,2=7-5-4",1,3,0.0,True,-6,
202203010607,7,4歳以上1勝クラス,ダ,1700,小雨,重,13:05,2022-05-01,福島,2,1,1,2017102389,ロードインファイト,牡5,55,01186,角田大和,1:46.8,ハナ,1-1-2-2,36.1,5.7,3,446(+2),01098,[西]野中賢二,170800,ロードホースクラブ,310.0,"1,6(8,9)(10,11)(4,12)(5,7)2,3",1,1,0.0,False,"1,6(8,9)(10,11)12(4,5)7(2,3)",1,1,0.0,False,"(1,6,9,*12)3(8,11)(10,2)(5,7)4",2,4,0.0,False,"(1,6,*9)12(8,3)11,10,2=7-5-4",2,3,0.0,False,-6,
202203010607,7,4歳以上1勝クラス,ダ,1700,小雨,重,13:05,2022-05-01,福島,3,6,8,2018103330,マサカウマザンマイ,牡4,54,01184,原優介,1:47.3,3,3-3-6-5,36.2,15.2,6,478(0),01156,[東]青木孝文,638033,鈴木慈雄,190.0,"1,6(8,9)(10,11)(4,12)(5,7)2,3",3,2,1.5,False,"1,6(8,9)(10,11)12(4,5)7(2,3)",3,2,1.5,False,"(1,6,9,*12)3(8,11)(10,2)(5,7)4",6,2,0.0,False,"(1,6,*9)12(8,3)11,10,2=7-5-4",5,2,0.0,False,-6,
202203010607,7,4歳以上1勝クラス,ダ,1700,小雨,重,13:05,2022-05-01,福島,4,8,11,2017101291,パイプライナー,牡5,57,01142,長岡禎仁,1:47.5,1.1/4,5-5-6-7,36.4,5.1,2,508(-2),01157,[西]杉山晴紀,888800,ＣＨＥＶＡＬＡＴＴＡ...,120.0,"1,6(8,9)(10,11)(4,12)(5,7)2,3",5,2,1.5,False,"1,6(8,9)(10,11)12(4,5)7(2,3)",5,2,1.5,False,"(1,6,9,*12)3(8,11)(10,2)(5,7)4",6,2,0.0,False,"(1,6,*9)12(8,3)11,10,2=7-5-4",7,1,0.0,False,-6,
202203010607,7,4歳以上1勝クラス,ダ,1700,小雨,重,13:05,2022-05-01,福島,5,3,3,2018110132,アメリカンエール,牡4,57,01091,丹内祐次,1:47.7,1,12-11-5-5,36.8,6.9,4,494(-4),01054,[東]戸田博文,346803,吉澤ホールディングス,77.0,"1,6(8,9)(10,11)(4,12)(5,7)2,3",12,1,3.0,False,"1,6(8,9)(10,11)12(4,5)7(2,3)",11,2,1.5,False,"(1,6,9,*12)3(8,11)(10,2)(5,7)4",5,1,0.0,False,"(1,6,*9)12(8,3)11,10,2=7-5-4",5,2,0.0,False,-6,
202203010607,7,4歳以上1勝クラス,ダ,1700,小雨,重,13:05,2022-05-01,福島,6,8,12,2015102743,クリノクーニング,牡7,56,01181,秋山稔樹,1:48.1,2.1/2,7-7-1-4,37.4,16.0,7,470(+8),01031,[東]伊藤伸一,970006,栗本博晴,,"1,6(8,9)(10,11)(4,12)(5,7)2,3",7,2,1.5,False,"1,6(8,9)(10,11)12(4,5)7(2,3)",7,1,1.5,False,"(1,6,9,*12)3(8,11)(10,2)(5,7)4",1,4,0.0,True,"(1,6,*9)12(8,3)11,10,2=7-5-4",4,1,0.0,False,-6,
202203010607,7,4歳以上1勝クラス,ダ,1700,小雨,重,13:05,2022-05-01,福島,7,2,2,2018103973,アデウス,牝4,55,01178,斎藤新,1:48.2,クビ,11-11-8-9,36.8,55.8,9,448(0),01035,[東]佐藤吉勝,832008,平本敏夫,,"1,6(8,9)(10,11)(4,12)(5,7)2,3",11,1,1.5,False,"1,6(8,9)(10,11)12(4,5)7(2,3)",11,2,1.5,False,"(1,6,9,*12)3(8,11)(10,2)(5,7)4",8,2,0.0,False,"(1,6,*9)12(8,3)11,10,2=7-5-4",9,1,3.0,False,-6,
202203010607,7,4歳以上1勝クラス,ダ,1700,小雨,重,13:05,2022-05-01,福島,8,7,10,2018100953,シングンジョーイ,牡4,57,01161,菊沢一樹,1:48.2,クビ,5-5-8-8,36.9,57.0,10,454(+2),01177,[東]伊坂重信,771009,伊坂重憲,,"1,6(8,9)(10,11)(4,12)(5,7)2,3",5,2,1.5,False,"1,6(8,9)(10,11)12(4,5)7(2,3)",5,2,1.5,False,"(1,6,9,*12)3(8,11)(10,2)(5,7)4",8,2,0.0,False,"(1,6,*9)12(8,3)11,10,2=7-5-4",8,1,1.5,False,-6,
202203010607,7,4歳以上1勝クラス,ダ,1700,小雨,重,13:05,2022-05-01,福島,9,5,6,2018100995,ルーパステソーロ,牡4,57,01171,西村淳也,1:48.4,1,2-2-2-2,37.7,7.9,5,538(-6),01169,[東]加藤士津,089803,了徳寺健二ホールディ...,,"1,6(8,9)(10,11)(4,12)(5,7)2,3",2,1,1.5,False,"1,6(8,9)(10,11)12(4,5)7(2,3)",2,1,1.5,False,"(1,6,9,*12)3(8,11)(10,2)(5,7)4",2,4,0.0,False,"(1,6,*9)12(8,3)11,10,2=7-5-4",2,3,0.0,False,-6,
202203010607,7,4歳以上1勝クラス,ダ,1700,小雨,重,13:05,2022-05-01,福島,10,5,5,2018104727,ナリノヴィエンヌ,セ4,57,01108,的場勇人,1:50.5,大,9-8-10-11,39.0,163.8,12,516(-4),00423,[東]上原博之,333030,成塚清志,,"1,6(8,9)(10,11)(4,12)(5,7)2,3",9,2,1.5,False,"1,6(8,9)(10,11)12(4,5)7(2,3)",8,2,1.5,False,"(1,6,9,*12)3(8,11)(10,2)(5,7)4",10,2,0.0,False,"(1,6,*9)12(8,3)11,10,2=7-5-4",11,1,12.5,False,-6,
202203010607,7,4歳以上1勝クラス,ダ,1700,小雨,重,13:05,2022-05-01,福島,11,4,4,2017106492,シゲルタイヨウ,セ5,57,01167,木幡育也,1:50.6,3/4,7-8-12-12,39.0,118.1,11,456(0),01189,[東]堀内岳志,133031,山口謙太郎,,"1,6(8,9)(10,11)(4,12)(5,7)2,3",7,2,1.5,False,"1,6(8,9)(10,11)12(4,5)7(2,3)",8,2,1.5,False,"(1,6,9,*12)3(8,11)(10,2)(5,7)4",12,1,0.0,False,"(1,6,*9)12(8,3)11,10,2=7-5-4",12,1,16.0,False,-6,
202203010607,7,4歳以上1勝クラス,ダ,1700,小雨,重,13:05,2022-05-01,福島,12,6,7,2018105344,トピックス,牡4,56,01176,亀田温心,1:51.5,5,9-10-10-10,40.0,23.2,8,472(0),01047,[東]勢司和浩,493033,齋藤秀昭,,"1,6(8,9)(10,11)(4,12)(5,7)2,3",9,2,1.5,False,"1,6(8,9)(10,11)12(4,5)7(2,3)",10,1,1.5,False,"(1,6,9,*12)3(8,11)(10,2)(5,7)4",10,2,0.0,False,"(1,6,*9)12(8,3)11,10,2=7-5-4",10,1,9.0,False,-6,
202203010608,8,4歳以上1勝クラス,ダ,1150,小雨,重,13:35,2022-05-01,福島,1,4,4,2018104310,アルバミノル,牡4,55,01186,角田大和,1:08.3,,3-3,36.4,2.0,1,474(+2),01153,[東]中舘英二,265008,吉岡實,770.0,,,,,,,,,,,"(*1,8)(4,6)5(2,3)(7,9)",3,2,0.0,False,"(*1,8)(4,6,5)-(2,3)(7,9)",3,3,0.0,False,-8,
202203010608,8,4歳以上1勝クラス,ダ,1150,小雨,重,13:35,2022-05-01,福島,2,5,5,2018101033,サノノヒーロー,セ4,54,01198,土田真翔,1:08.6,1.3/4,5-3,36.5,11.2,5,472(+4),01141,[東]尾形和幸,735033,佐野信幸,310.0,,,,,,,,,,,"(*1,8)(4,6)5(2,3)(7,9)",5,1,0.0,False,"(*1,8)(4,6,5)-(2,3)(7,9)",3,3,0.0,False,-8,
202203010608,8,4歳以上1勝クラス,ダ,1150,小雨,重,13:35,2022-05-01,福島,3,8,8,2018103293,ヨドノゴールド,牡4,54,01184,原優介,1:08.6,クビ,2-2,36.8,5.6,3,474(+4),01028,[西]西園正都,471002,海原聖一,190.0,,,,,,,,,,,"(*1,8)(4,6)5(2,3)(7,9)",2,2,0.0,False,"(*1,8)(4,6,5)-(2,3)(7,9)",2,2,0.0,False,-8,
202203010608,8,4歳以上1勝クラス,ダ,1150,小雨,重,13:35,2022-05-01,福島,4,1,1,2018102096,テイエムハヤテオー,牡4,57,05203,岩田康誠,1:09.3,4,1-1,37.6,4.1,2,472(-2),01050,[西]飯田雄三,356002,竹園正繼,120.0,,,,,,,,,,,"(*1,8)(4,6)5(2,3)(7,9)",1,2,0.0,True,"(*1,8)(4,6,5)-(2,3)(7,9)",1,2,0.0,True,-8,
202203010608,8,4歳以上1勝クラス,ダ,1150,小雨,重,13:35,2022-05-01,福島,5,6,6,2018101474,ウインラザンツ,牡4,57,01091,丹内祐次,1:09.3,アタマ,3-3,37.4,9.5,4,506(-2),01048,[東]畠山吉宏,494800,ウイン,77.0,,,,,,,,,,,"(*1,8)(4,6)5(2,3)(7,9)",3,2,0.0,False,"(*1,8)(4,6,5)-(2,3)(7,9)",3,3,0.0,False,-8,
202203010608,8,4歳以上1勝クラス,ダ,1150,小雨,重,13:35,2022-05-01,福島,6,3,3,2018104786,ライラテソーロ,牡4,57,01160,荻野極,1:09.4,クビ,6-6,37.1,39.2,8,508(+2),01074,[東]奥平雅士,089803,了徳寺健二ホールディ...,,,,,,,,,,,,"(*1,8)(4,6)5(2,3)(7,9)",6,2,0.0,False,"(*1,8)(4,6,5)-(2,3)(7,9)",6,2,3.5,False,-8,
202203010608,8,4歳以上1勝クラス,ダ,1150,小雨,重,13:35,2022-05-01,福島,7,7,7,2018103862,ブレーヴトライ,牡4,57,01127,丸山元気,1:09.4,クビ,8-8,36.8,15.9,6,472(-2),00405,[東]小西一男,547800,ヒダカ・ブリーダーズ...,,,,,,,,,,,,"(*1,8)(4,6)5(2,3)(7,9)",8,2,0.0,False,"(*1,8)(4,6,5)-(2,3)(7,9)",8,2,3.5,False,-8,
202203010608,8,4歳以上1勝クラス,ダ,1150,小雨,重,13:35,2022-05-01,福島,8,8,9,2018101951,タガノスペルノヴァ,牡4,57,01157,鮫島克駿,1:10.2,5,8-8,37.6,19.5,7,432(-2),01003,[西]川村禎彦,859002,八木良司,,,,,,,,,,,,"(*1,8)(4,6)5(2,3)(7,9)",8,2,0.0,False,"(*1,8)(4,6,5)-(2,3)(7,9)",8,2,3.5,False,-8,
202203010608,8,4歳以上1勝クラス,ダ,1150,小雨,重,13:35,2022-05-01,福島,9,2,2,2016103105,メイショウウグイス,牝6,55,01015,古川吉洋,1:10.5,2,6-6,38.2,138.7,9,476(-12),01072,[西]河内洋,523005,松本好雄,,,,,,,,,,,,"(*1,8)(4,6)5(2,3)(7,9)",6,2,0.0,False,"(*1,8)(4,6,5)-(2,3)(7,9)",6,2,3.5,False,-8,
202203010609,9,桑折特別(1勝),芝,2000,小雨,稍重,14:05,2022-05-01,福島,1,3,5,2018105115,ビューティーウェイ,牝4,55,05203,岩田康誠,2:01.2,,9-9-7-6,35.9,7.2,5,426(-8),01105,[西]須貝尚介,858800,大塚亮一,"1,111.3","15-(3,2)-(1,10)(4,14)11(5,8)-9-13-6(7,12)",9,2,7.0,False,"15-(3,2)-1-10(4,14)-11,5,8-9,13,6,7,12",9,1,15.5,False,"15-(3,2)-1,10,4(5,14)11,8,6-(9,13)(7,12)",7,2,10.0,False,"15(3,2)-10,1(5,4)14(8,11)6,13,9,7,12",6,2,5.0,False,2,
202203010609,9,桑折特別(1勝),芝,2000,小雨,稍重,14:05,2022-05-01,福島,2,2,3,2018102718,ヘネラルカレーラ,牝4,55,01186,角田大和,2:01.4,1.1/4,2-2-2-2,37.1,9.0,6,470(0),01121,[西]角田晃一,788800,ノースヒルズ,441.8,"15-(3,2)-(1,10)(4,14)11(5,8)-9-13-6(7,12)",2,2,3.5,False,"15-(3,2)-1-10(4,14)-11,5,8-9,13,6,7,12",2,2,3.5,False,"15-(3,2)-1,10,4(5,14)11,8,6-(9,13)(7,12)",2,2,3.5,False,"15(3,2)-10,1(5,4)14(8,11)6,13,9,7,12",2,2,0.0,False,2,
202203010609,9,桑折特別(1勝),芝,2000,小雨,稍重,14:05,2022-05-01,福島,3,7,13,2018106324,エニシノウタ,牝4,55,01157,鮫島克駿,2:02.0,3.1/2,12-12-12-12,35.9,4.7,1,452(+4),01104,[西]笹田和秀,370008,岡浩二,275.9,"15-(3,2)-(1,10)(4,14)11(5,8)-9-13-6(7,12)",12,1,14.0,False,"15-(3,2)-1-10(4,14)-11,5,8-9,13,6,7,12",12,1,22.0,False,"15-(3,2)-1,10,4(5,14)11,8,6-(9,13)(7,12)",12,2,16.5,False,"15(3,2)-10,1(5,4)14(8,11)6,13,9,7,12",12,1,6.5,False,2,
202203010609,9,桑折特別(1勝),芝,2000,小雨,稍重,14:05,2022-05-01,福島,4,2,2,2017101451,ウインローズブーケ,牝5,55,01160,荻野極,2:02.1,クビ,2-2-2-2,37.8,42.4,11,448(+2),01101,[西]吉田直弘,494800,ウイン,160.0,"15-(3,2)-(1,10)(4,14)11(5,8)-9-13-6(7,12)",2,2,3.5,False,"15-(3,2)-1-10(4,14)-11,5,8-9,13,6,7,12",2,2,3.5,False,"15-(3,2)-1,10,4(5,14)11,8,6-(9,13)(7,12)",2,2,3.5,False,"15(3,2)-10,1(5,4)14(8,11)6,13,9,7,12",2,2,0.0,False,2,
202203010609,9,桑折特別(1勝),芝,2000,小雨,稍重,14:05,2022-05-01,福島,5,5,8,2018104730,シャドウエリス,牝4,55,01127,丸山元気,2:02.2,1/2,9-10-10-9,36.6,6.1,3,452(-2),01132,[東]金成貴史,308002,飯塚知一,107.0,"15-(3,2)-(1,10)(4,14)11(5,8)-9-13-6(7,12)",9,2,7.0,False,"15-(3,2)-1-10(4,14)-11,5,8-9,13,6,7,12",10,1,17.0,False,"15-(3,2)-1,10,4(5,14)11,8,6-(9,13)(7,12)",10,1,11.5,False,"15(3,2)-10,1(5,4)14(8,11)6,13,9,7,12",9,2,5.0,False,2,
202203010609,9,桑折特別(1勝),芝,2000,小雨,稍重,14:05,2022-05-01,福島,6,4,6,2017101940,レットミーアウト,牝5,55,01091,丹内祐次,2:02.2,アタマ,13-13-11-11,36.4,6.5,4,476(+6),01094,[東]水野貴広,546800,サラブレッドクラブ・...,,"15-(3,2)-(1,10)(4,14)11(5,8)-9-13-6(7,12)",13,1,17.5,False,"15-(3,2)-1-10(4,14)-11,5,8-9,13,6,7,12",13,1,23.5,False,"15-(3,2)-1,10,4(5,14)11,8,6-(9,13)(7,12)",11,1,13.0,False,"15(3,2)-10,1(5,4)14(8,11)6,13,9,7,12",11,1,5.0,False,2,
202203010609,9,桑折特別(1勝),芝,2000,小雨,稍重,14:05,2022-05-01,福島,7,3,4,2018103206,クオンタム,牝4,55,01109,黛弘人,2:02.3,3/4,6-6-6-6,37.3,55.6,14,442(0),01190,[東]村田一誠,629800,ミルファーム,,"15-(3,2)-(1,10)(4,14)11(5,8)-9-13-6(7,12)",6,2,7.0,False,"15-(3,2)-1-10(4,14)-11,5,8-9,13,6,7,12",6,2,10.5,False,"15-(3,2)-1,10,4(5,14)11,8,6-(9,13)(7,12)",6,1,10.0,False,"15(3,2)-10,1(5,4)14(8,11)6,13,9,7,12",6,2,5.0,False,2,
202203010609,9,桑折特別(1勝),芝,2000,小雨,稍重,14:05,2022-05-01,福島,8,8,14,2018105819,フミチャン,牝4,55,01176,亀田温心,2:02.4,1/2,6-6-7-8,37.2,34.6,9,490(+10),01097,[東]鹿戸雄一,131803,林文彦,,"15-(3,2)-(1,10)(4,14)11(5,8)-9-13-6(7,12)",6,2,7.0,False,"15-(3,2)-1-10(4,14)-11,5,8-9,13,6,7,12",6,2,10.5,False,"15-(3,2)-1,10,4(5,14)11,8,6-(9,13)(7,12)",7,2,10.0,False,"15(3,2)-10,1(5,4)14(8,11)6,13,9,7,12",8,1,5.0,False,2,
202203010609,9,桑折特別(1勝),芝,2000,小雨,稍重,14:05,2022-05-01,福島,9,8,15,2018103242,ピナ,牝4,55,01181,秋山稔樹,2:02.5,クビ,1-1-1-1,38.6,38.2,10,478(-2),01131,[東]蛯名利弘,078006,畑佐博,,"15-(3,2)-(1,10)(4,14)11(5,8)-9-13-6(7,12)",1,1,0.0,False,"15-(3,2)-1-10(4,14)-11,5,8-9,13,6,7,12",1,1,0.0,False,"15-(3,2)-1,10,4(5,14)11,8,6-(9,13)(7,12)",1,1,0.0,False,"15(3,2)-10,1(5,4)14(8,11)6,13,9,7,12",1,1,0.0,False,2,
202203010609,9,桑折特別(1勝),芝,2000,小雨,稍重,14:05,2022-05-01,福島,10,6,11,2018106701,ルヴァンノワール,牝4,55,01164,藤田菜七,2:02.7,1.1/4,8-8-9-9,37.3,11.6,7,434(+4),01087,[西]庄野靖志,092700,ＶｉｒｉｄｉａｎＫｅ...,,"15-(3,2)-(1,10)(4,14)11(5,8)-9-13-6(7,12)",8,1,7.0,False,"15-(3,2)-1-10(4,14)-11,5,8-9,13,6,7,12",8,1,14.0,False,"15-(3,2)-1,10,4(5,14)11,8,6-(9,13)(7,12)",9,1,10.0,False,"15(3,2)-10,1(5,4)14(8,11)6,13,9,7,12",9,2,5.0,False,2,
202203010609,9,桑折特別(1勝),芝,2000,小雨,稍重,14:05,2022-05-01,福島,11,6,10,2018104663,タウゼントシェーン,牝4,55,01166,川又賢治,2:02.8,クビ,4-5-5-4,37.9,5.4,2,422(-2),01075,[西]矢作芳人,415800,社台レースホース,,"15-(3,2)-(1,10)(4,14)11(5,8)-9-13-6(7,12)",4,2,7.0,False,"15-(3,2)-1-10(4,14)-11,5,8-9,13,6,7,12",5,1,10.5,False,"15-(3,2)-1,10,4(5,14)11,8,6-(9,13)(7,12)",5,1,8.5,False,"15(3,2)-10,1(5,4)14(8,11)6,13,9,7,12",4,1,3.5,False,2,
202203010609,9,桑折特別(1勝),芝,2000,小雨,稍重,14:05,2022-05-01,福島,12,1,1,2018106276,ラピスデラビオス,牝4,55,01138,藤懸貴志,2:03.0,1.1/4,4-4-4-5,38.3,50.1,12,426(+6),01117,[西]高野友和,463800,名古屋友豊,,"15-(3,2)-(1,10)(4,14)11(5,8)-9-13-6(7,12)",4,2,7.0,False,"15-(3,2)-1-10(4,14)-11,5,8-9,13,6,7,12",4,1,7.0,False,"15-(3,2)-1,10,4(5,14)11,8,6-(9,13)(7,12)",4,1,7.0,False,"15(3,2)-10,1(5,4)14(8,11)6,13,9,7,12",5,1,5.0,False,2,
202203010609,9,桑折特別(1勝),芝,2000,小雨,稍重,14:05,2022-05-01,福島,13,4,7,2017102597,ローズパルファン,牝5,55,01025,勝浦正樹,2:03.3,2,14-14-14-14,37.0,15.3,8,424(-8),01119,[東]田中剛,321800,友駿ホースクラブ,,"15-(3,2)-(1,10)(4,14)11(5,8)-9-13-6(7,12)",14,2,17.5,False,"15-(3,2)-1-10(4,14)-11,5,8-9,13,6,7,12",14,1,25.0,False,"15-(3,2)-1,10,4(5,14)11,8,6-(9,13)(7,12)",14,2,16.5,False,"15(3,2)-10,1(5,4)14(8,11)6,13,9,7,12",14,1,9.5,False,2,
202203010609,9,桑折特別(1勝),芝,2000,小雨,稍重,14:05,2022-05-01,福島,14,5,9,2018102226,ユーベルント,牝4,55,01184,原優介,2:04.0,4,11-11-12-13,37.9,157.4,15,442(0),01189,[東]堀内岳志,854800,ノルマンディーサラブ...,,"15-(3,2)-(1,10)(4,14)11(5,8)-9-13-6(7,12)",11,1,10.5,False,"15-(3,2)-1-10(4,14)-11,5,8-9,13,6,7,12",11,1,20.5,False,"15-(3,2)-1,10,4(5,14)11,8,6-(9,13)(7,12)",12,2,16.5,False,"15(3,2)-10,1(5,4)14(8,11)6,13,9,7,12",13,1,8.0,False,2,
202203010609,9,桑折特別(1勝),芝,2000,小雨,稍重,14:05,2022-05-01,福島,15,7,12,2016102719,スズロザーナ,牝6,55,01015,古川吉洋,2:04.2,1,14-15-14-15,37.9,55.0,13,452(+4),00412,[東]高橋裕,591033,森達郎,,"15-(3,2)-(1,10)(4,14)11(5,8)-9-13-6(7,12)",14,2,17.5,False,"15-(3,2)-1-10(4,14)-11,5,8-9,13,6,7,12",15,1,26.5,False,"15-(3,2)-1,10,4(5,14)11,8,6-(9,13)(7,12)",14,2,16.5,False,"15(3,2)-10,1(5,4)14(8,11)6,13,9,7,12",15,1,11.0,False,2,
202203010610,10,喜多方特別(2勝),ダ,1700,雨,重,14:40,2022-05-01,福島,1,2,2,2017103688,リリーミニスター,セ5,57,01157,鮫島克駿,1:44.9,,2-2-2-2,38.2,5.2,3,470(-14),01021,[西]池添兼雄,862006,土井孝夫,"1,546.4","3,2(1,14)6(12,7)11,4(8,10)15=5   13,9",2,1,1.5,False,"3,2,1,14(12,6)(4,7)11-(8,15)-10-5   13,9",2,1,1.5,False,"3,2(1,14,6)(12,11)7,4(8,15)10-5   13,9",2,1,1.5,False,"3,2(1,14)6,11-12(7,15)4,8,10,5   13,9",2,1,1.5,False,-12,
202203010610,10,喜多方特別(2勝),ダ,1700,雨,重,14:40,2022-05-01,福島,2,6,11,2016104152,トーアシオン,セ6,57,01176,亀田温心,1:44.9,クビ,8-9-6-6,37.8,8.3,5,484(0),01182,[東]辻哲英,784800,高山ランド,610.4,"3,2(1,14)6(12,7)11,4(8,10)15=5   13,9",8,1,1.5,False,"3,2,1,14(12,6)(4,7)11-(8,15)-10-5   13,9",9,1,4.5,False,"3,2(1,14,6)(12,11)7,4(8,15)10-5   13,9",6,2,1.5,False,"3,2(1,14)6,11-12(7,15)4,8,10,5   13,9",6,1,3.0,False,-12,
202203010610,10,喜多方特別(2勝),ダ,1700,雨,重,14:40,2022-05-01,福島,3,8,14,2018101516,トモジャリア,牡4,57,01169,武藤雅,1:45.0,1/2,3-4-3-3,38.2,7.9,4,470(+2),01076,[東]小笠倫弘,905033,吉冨学,385.2,"3,2(1,14)6(12,7)11,4(8,10)15=5   13,9",3,2,1.5,False,"3,2,1,14(12,6)(4,7)11-(8,15)-10-5   13,9",4,1,4.5,False,"3,2(1,14,6)(12,11)7,4(8,15)10-5   13,9",3,3,1.5,False,"3,2(1,14)6,11-12(7,15)4,8,10,5   13,9",3,2,1.5,False,-12,
202203010610,10,喜多方特別(2勝),ダ,1700,雨,重,14:40,2022-05-01,福島,4,2,3,2018103473,サヴァビアン,牡4,57,01138,藤懸貴志,1:45.1,1/2,1-1-1-1,38.5,55.3,11,442(+18),01091,[西]羽月友彦,851009,岡田牧雄,230.0,"3,2(1,14)6(12,7)11,4(8,10)15=5   13,9",1,1,0.0,False,"3,2,1,14(12,6)(4,7)11-(8,15)-10-5   13,9",1,1,0.0,False,"3,2(1,14,6)(12,11)7,4(8,15)10-5   13,9",1,1,0.0,False,"3,2(1,14)6,11-12(7,15)4,8,10,5   13,9",1,1,0.0,False,-12,
202203010610,10,喜多方特別(2勝),ダ,1700,雨,重,14:40,2022-05-01,福島,5,1,1,2017100468,ラヴィータエベラ,牡5,57,01130,高倉稜,1:45.4,1.1/2,3-3-3-3,38.5,2.7,1,508(+4),01180,[西]田中克典,686006,平井裕,151.0,"3,2(1,14)6(12,7)11,4(8,10)15=5   13,9",3,2,1.5,False,"3,2,1,14(12,6)(4,7)11-(8,15)-10-5   13,9",3,1,3.0,False,"3,2(1,14,6)(12,11)7,4(8,15)10-5   13,9",3,3,1.5,False,"3,2(1,14)6,11-12(7,15)4,8,10,5   13,9",3,2,1.5,False,-12,
202203010610,10,喜多方特別(2勝),ダ,1700,雨,重,14:40,2022-05-01,福島,6,4,6,2018100821,タイセイスラッガー,牡4,57,01015,古川吉洋,1:45.4,ハナ,5-5-3-5,38.5,4.2,2,528(+2),00412,[東]高橋裕,224007,田中成奉,,"3,2(1,14)6(12,7)11,4(8,10)15=5   13,9",5,1,1.5,False,"3,2,1,14(12,6)(4,7)11-(8,15)-10-5   13,9",5,2,4.5,False,"3,2(1,14,6)(12,11)7,4(8,15)10-5   13,9",3,3,1.5,False,"3,2(1,14)6,11-12(7,15)4,8,10,5   13,9",5,1,1.5,False,-12,
202203010610,10,喜多方特別(2勝),ダ,1700,雨,重,14:40,2022-05-01,福島,7,3,4,2017100275,サンキーウエスト,牝5,55,00726,岩部純二,1:45.5,1/2,9-7-9-10,38.1,54.9,10,450(+6),01024,[東]萱野浩二,059803,加藤ステーブル,,"3,2(1,14)6(12,7)11,4(8,10)15=5   13,9",9,1,3.0,False,"3,2,1,14(12,6)(4,7)11-(8,15)-10-5   13,9",7,2,4.5,False,"3,2(1,14,6)(12,11)7,4(8,15)10-5   13,9",9,1,3.0,False,"3,2(1,14)6,11-12(7,15)4,8,10,5   13,9",10,1,6.5,False,-12,
202203010610,10,喜多方特別(2勝),ダ,1700,雨,重,14:40,2022-05-01,福島,8,5,8,2016102372,ブリッツェンシチー,セ6,57,01161,菊沢一樹,1:46.0,3,10-10-10-11,38.4,99.2,13,526(+4),01079,[東]古賀慎明,321800,友駿ホースクラブ,,"3,2(1,14)6(12,7)11,4(8,10)15=5   13,9",10,2,3.0,False,"3,2,1,14(12,6)(4,7)11-(8,15)-10-5   13,9",10,2,8.0,False,"3,2(1,14,6)(12,11)7,4(8,15)10-5   13,9",10,2,3.0,False,"3,2(1,14)6,11-12(7,15)4,8,10,5   13,9",11,1,8.0,False,-12,
202203010610,10,喜多方特別(2勝),ダ,1700,雨,重,14:40,2022-05-01,福島,9,8,15,2018100346,フューリアス,牡4,57,01109,黛弘人,1:46.3,1.1/2,12-10-10-8,38.7,180.6,14,436(-2),01190,[東]村田一誠,026700,ケンレーシング組合,,"3,2(1,14)6(12,7)11,4(8,10)15=5   13,9",12,1,3.0,False,"3,2,1,14(12,6)(4,7)11-(8,15)-10-5   13,9",10,2,8.0,False,"3,2(1,14,6)(12,11)7,4(8,15)10-5   13,9",10,2,3.0,False,"3,2(1,14)6,11-12(7,15)4,8,10,5   13,9",8,2,6.5,False,-12,
202203010610,10,喜多方特別(2勝),ダ,1700,雨,重,14:40,2022-05-01,福島,10,3,5,2017105170,アイスシェルフ,牡5,57,01127,丸山元気,1:46.4,1/2,13-13-13-13,38.0,14.3,6,538(-6),01167,[東]稲垣幸雄,790005,吉田勝己,,"3,2(1,14)6(12,7)11,4(8,10)15=5   13,9",13,1,9.0,False,"3,2,1,14(12,6)(4,7)11-(8,15)-10-5   13,9",13,1,15.0,False,"3,2(1,14,6)(12,11)7,4(8,15)10-5   13,9",13,1,6.5,False,"3,2(1,14)6,11-12(7,15)4,8,10,5   13,9",13,1,11.0,False,-12,
202203010610,10,喜多方特別(2勝),ダ,1700,雨,重,14:40,2022-05-01,福島,11,6,10,2018105205,ペイルライダー,牝4,55,01171,西村淳也,1:46.4,クビ,10-12-12-12,38.6,49.0,9,486(+4),01121,[西]角田晃一,010803,市川義美ホールディン...,,"3,2(1,14)6(12,7)11,4(8,10)15=5   13,9",10,2,3.0,False,"3,2,1,14(12,6)(4,7)11-(8,15)-10-5   13,9",12,1,11.5,False,"3,2(1,14,6)(12,11)7,4(8,15)10-5   13,9",12,1,3.0,False,"3,2(1,14)6,11-12(7,15)4,8,10,5   13,9",12,1,9.5,False,-12,
202203010610,10,喜多方特別(2勝),ダ,1700,雨,重,14:40,2022-05-01,福島,12,7,12,2018104339,メイショウナリヒラ,牡4,57,01182,泉谷楓真,1:46.6,1.1/2,6-5-6-7,39.4,24.2,7,468(0),01049,[西]南井克巳,911008,松本好隆,,"3,2(1,14)6(12,7)11,4(8,10)15=5   13,9",6,2,1.5,False,"3,2,1,14(12,6)(4,7)11-(8,15)-10-5   13,9",5,2,4.5,False,"3,2(1,14,6)(12,11)7,4(8,15)10-5   13,9",6,2,1.5,False,"3,2(1,14)6,11-12(7,15)4,8,10,5   13,9",7,1,6.5,False,-12,
202203010610,10,喜多方特別(2勝),ダ,1700,雨,重,14:40,2022-05-01,福島,13,4,7,2018103256,チェリーオリオン,牡4,57,01178,斎藤新,1:46.6,クビ,6-7-8-8,39.3,46.3,8,496(-10),00405,[東]小西一男,527030,櫻井悦朗,,"3,2(1,14)6(12,7)11,4(8,10)15=5   13,9",6,2,1.5,False,"3,2,1,14(12,6)(4,7)11-(8,15)-10-5   13,9",7,2,4.5,False,"3,2(1,14,6)(12,11)7,4(8,15)10-5   13,9",8,1,1.5,False,"3,2(1,14)6,11-12(7,15)4,8,10,5   13,9",8,2,6.5,False,-12,
202203010610,10,喜多方特別(2勝),ダ,1700,雨,重,14:40,2022-05-01,福島,取,5,9,2017106662,インウィクトス,牡5,57,01184,原優介,,,,,---,,計不,01005,[東]小桧山悟,446006,加藤厚子,,"3,2(1,14)6(12,7)11,4(8,10)15=5   13,9",15,1,16.5,False,"3,2,1,14(12,6)(4,7)11-(8,15)-10-5   13,9",15,1,22.5,False,"3,2(1,14,6)(12,11)7,4(8,15)10-5   13,9",15,1,14.0,False,"3,2(1,14)6,11-12(7,15)4,8,10,5   13,9",15,1,18.5,False,-12,
202203010610,10,喜多方特別(2勝),ダ,1700,雨,重,14:40,2022-05-01,福島,中,7,13,2017103382,フォギーデイ,牝5,55,01025,勝浦正樹,,,,,88.8,12,484(+8),01094,[東]水野貴広,055030,岡田隆寛,,"3,2(1,14)6(12,7)11,4(8,10)15=5   13,9",14,1,15.0,False,"3,2,1,14(12,6)(4,7)11-(8,15)-10-5   13,9",14,1,21.0,False,"3,2(1,14,6)(12,11)7,4(8,15)10-5   13,9",14,1,12.5,False,"3,2(1,14)6,11-12(7,15)4,8,10,5   13,9",14,1,17.0,False,-12,
202203010611,11,吾妻小富士S(OP),ダ,1700,雨,重,15:20,2022-05-01,福島,1,5,8,2018105060,ラーゴム,牡4,58,01157,鮫島克駿,1:43.3,,2-2-3-3,36.6,8.9,5,526(-4),01151,[西]斉藤崇史,675030,林正道,"2,242.0","(*11,14,8)5(13,6)12(4,9)1(7,10)(2,3,15)",2,3,0.0,False,"11,8(5,14,6)(12,13)(4,9)(1,7)(2,10)-3-15",2,1,1.5,False,"(*11,6)(5,8,14)(13,4,9,7)(12,1,10)2,3=15",3,3,0.0,False,"(*11,6)(5,8)(4,14,7)9(13,1)10,3(12,2)=15",3,2,0.0,False,-15,
202203010611,11,吾妻小富士S(OP),ダ,1700,雨,重,15:20,2022-05-01,福島,2,4,7,2017100358,サンライズラポール,牡5,56,01171,西村淳也,1:43.3,クビ,11-10-6-5,36.4,18.7,6,518(+4),01082,[西]平田修,306008,松岡隆雄,892.0,"(*11,14,8)5(13,6)12(4,9)1(7,10)(2,3,15)",11,2,0.0,False,"11,8(5,14,6)(12,13)(4,9)(1,7)(2,10)-3-15",10,2,1.5,False,"(*11,6)(5,8,14)(13,4,9,7)(12,1,10)2,3=15",6,4,0.0,False,"(*11,6)(5,8)(4,14,7)9(13,1)10,3(12,2)=15",5,3,0.0,False,-15,
202203010611,11,吾妻小富士S(OP),ダ,1700,雨,重,15:20,2022-05-01,福島,3,5,9,2018104059,ブラックアーメット,牡4,56,01182,泉谷楓真,1:43.4,3/4,8-8-6-8,36.4,8.2,4,506(-4),01121,[西]角田晃一,208008,窪田芳郎,556.0,"(*11,14,8)5(13,6)12(4,9)1(7,10)(2,3,15)",8,2,0.0,False,"11,8(5,14,6)(12,13)(4,9)(1,7)(2,10)-3-15",8,2,1.5,False,"(*11,6)(5,8,14)(13,4,9,7)(12,1,10)2,3=15",6,4,0.0,False,"(*11,6)(5,8)(4,14,7)9(13,1)10,3(12,2)=15",8,1,0.0,False,-15,
202203010611,11,吾妻小富士S(OP),ダ,1700,雨,重,15:20,2022-05-01,福島,4,2,3,2017103641,ケンシンコウ,牡5,58,01127,丸山元気,1:43.7,1.1/2,13-14-14-12,36.1,3.1,1,498(-2),00405,[東]小西一男,028031,天野克彦,330.0,"(*11,14,8)5(13,6)12(4,9)1(7,10)(2,3,15)",13,3,0.0,False,"11,8(5,14,6)(12,13)(4,9)(1,7)(2,10)-3-15",14,1,5.0,False,"(*11,6)(5,8,14)(13,4,9,7)(12,1,10)2,3=15",14,1,1.5,False,"(*11,6)(5,8)(4,14,7)9(13,1)10,3(12,2)=15",12,1,1.5,False,-15,
202203010611,11,吾妻小富士S(OP),ダ,1700,雨,重,15:20,2022-05-01,福島,5,3,5,2017101380,ベルダーイメル,牡5,56,01062,川島信二,1:43.8,3/4,4-3-3-3,37.0,19.4,8,456(-14),01099,[西]本田優,334803,ケーエスＨＤ,220.0,"(*11,14,8)5(13,6)12(4,9)1(7,10)(2,3,15)",4,1,0.0,False,"11,8(5,14,6)(12,13)(4,9)(1,7)(2,10)-3-15",3,3,1.5,False,"(*11,6)(5,8,14)(13,4,9,7)(12,1,10)2,3=15",3,3,0.0,False,"(*11,6)(5,8)(4,14,7)9(13,1)10,3(12,2)=15",3,2,0.0,False,-15,
202203010611,11,吾妻小富士S(OP),ダ,1700,雨,重,15:20,2022-05-01,福島,6,8,14,2016102663,ハギノアトラス,牡6,56,01169,武藤雅,1:43.9,1/2,2-3-3-5,37.1,21.9,9,492(-12),01046,[西]鮫島一歩,631006,安岡美津子,,"(*11,14,8)5(13,6)12(4,9)1(7,10)(2,3,15)",2,3,0.0,False,"11,8(5,14,6)(12,13)(4,9)(1,7)(2,10)-3-15",3,3,1.5,False,"(*11,6)(5,8,14)(13,4,9,7)(12,1,10)2,3=15",3,3,0.0,False,"(*11,6)(5,8)(4,14,7)9(13,1)10,3(12,2)=15",5,3,0.0,False,-15,
202203010611,11,吾妻小富士S(OP),ダ,1700,雨,重,15:20,2022-05-01,福島,7,3,4,2014106120,エクレアスパークル,牡8,57,01160,荻野極,1:43.9,アタマ,8-8-6-5,36.9,7.6,3,476(-2),01128,[西]今野貞一,008060,李柱坤,,"(*11,14,8)5(13,6)12(4,9)1(7,10)(2,3,15)",8,2,0.0,False,"11,8(5,14,6)(12,13)(4,9)(1,7)(2,10)-3-15",8,2,1.5,False,"(*11,6)(5,8,14)(13,4,9,7)(12,1,10)2,3=15",6,4,0.0,False,"(*11,6)(5,8)(4,14,7)9(13,1)10,3(12,2)=15",5,3,0.0,False,-15,
202203010611,11,吾妻小富士S(OP),ダ,1700,雨,重,15:20,2022-05-01,福島,8,4,6,2017110076,ニュートンテソーロ,牡5,56,01091,丹内祐次,1:43.9,ハナ,5-3-2-2,37.4,19.3,7,504(-2),01162,[東]田中博康,089803,了徳寺健二ホールディ...,,"(*11,14,8)5(13,6)12(4,9)1(7,10)(2,3,15)",5,2,0.0,False,"11,8(5,14,6)(12,13)(4,9)(1,7)(2,10)-3-15",3,3,1.5,False,"(*11,6)(5,8,14)(13,4,9,7)(12,1,10)2,3=15",2,2,0.0,False,"(*11,6)(5,8)(4,14,7)9(13,1)10,3(12,2)=15",2,2,0.0,False,-15,
202203010611,11,吾妻小富士S(OP),ダ,1700,雨,重,15:20,2022-05-01,福島,9,6,11,2016102177,メイショウウズマサ,牡6,57,05203,岩田康誠,1:44.2,1.3/4,1-1-1-1,37.8,4.1,2,504(0),00438,[西]安田隆行,523005,松本好雄,,"(*11,14,8)5(13,6)12(4,9)1(7,10)(2,3,15)",1,3,0.0,True,"11,8(5,14,6)(12,13)(4,9)(1,7)(2,10)-3-15",1,1,0.0,False,"(*11,6)(5,8,14)(13,4,9,7)(12,1,10)2,3=15",1,2,0.0,True,"(*11,6)(5,8)(4,14,7)9(13,1)10,3(12,2)=15",1,2,0.0,True,-15,
202203010611,11,吾妻小富士S(OP),ダ,1700,雨,重,15:20,2022-05-01,福島,10,1,1,2017101831,ペオース,セ5,56,01178,斎藤新,1:44.4,1.1/2,10-10-10-9,37.1,22.8,10,470(0),01058,[西]大久保龍,788800,ノースヒルズ,,"(*11,14,8)5(13,6)12(4,9)1(7,10)(2,3,15)",10,1,0.0,False,"11,8(5,14,6)(12,13)(4,9)(1,7)(2,10)-3-15",10,2,1.5,False,"(*11,6)(5,8,14)(13,4,9,7)(12,1,10)2,3=15",10,3,0.0,False,"(*11,6)(5,8)(4,14,7)9(13,1)10,3(12,2)=15",9,2,0.0,False,-15,
202203010611,11,吾妻小富士S(OP),ダ,1700,雨,重,15:20,2022-05-01,福島,11,6,10,2017100097,ミヤジコクオウ,牡5,57,01015,古川吉洋,1:44.8,2.1/2,11-12-10-11,37.5,54.1,13,512(0),01003,[西]川村禎彦,911009,曽我司,,"(*11,14,8)5(13,6)12(4,9)1(7,10)(2,3,15)",11,2,0.0,False,"11,8(5,14,6)(12,13)(4,9)(1,7)(2,10)-3-15",12,2,1.5,False,"(*11,6)(5,8,14)(13,4,9,7)(12,1,10)2,3=15",10,3,0.0,False,"(*11,6)(5,8)(4,14,7)9(13,1)10,3(12,2)=15",11,1,0.0,False,-15,
202203010611,11,吾妻小富士S(OP),ダ,1700,雨,重,15:20,2022-05-01,福島,12,2,2,2017110069,アンセッドヴァウ,セ5,56,01186,角田大和,1:44.8,クビ,13-12-13-13,37.3,112.3,14,446(-12),01039,[西]中竹和也,944030,加藤誠,,"(*11,14,8)5(13,6)12(4,9)1(7,10)(2,3,15)",13,3,0.0,False,"11,8(5,14,6)(12,13)(4,9)(1,7)(2,10)-3-15",12,2,1.5,False,"(*11,6)(5,8,14)(13,4,9,7)(12,1,10)2,3=15",13,1,0.0,False,"(*11,6)(5,8)(4,14,7)9(13,1)10,3(12,2)=15",13,2,1.5,False,-15,
202203010611,11,吾妻小富士S(OP),ダ,1700,雨,重,15:20,2022-05-01,福島,13,7,12,2016101093,ダンツキャッスル,牡6,57,05243,柴山雄一,1:45.4,3.1/2,7-6-10-13,38.1,35.7,11,496(+16),00431,[西]谷潔,248005,山元哲二,,"(*11,14,8)5(13,6)12(4,9)1(7,10)(2,3,15)",7,1,0.0,False,"11,8(5,14,6)(12,13)(4,9)(1,7)(2,10)-3-15",6,2,1.5,False,"(*11,6)(5,8,14)(13,4,9,7)(12,1,10)2,3=15",10,3,0.0,False,"(*11,6)(5,8)(4,14,7)9(13,1)10,3(12,2)=15",13,2,1.5,False,-15,
202203010611,11,吾妻小富士S(OP),ダ,1700,雨,重,15:20,2022-05-01,福島,14,7,13,2015105143,ヴィーダ,セ7,56,01025,勝浦正樹,1:45.7,2,5-6-6-9,38.7,46.4,12,450(-6),01179,[東]鈴木慎太,341803,スマイルファーム,,"(*11,14,8)5(13,6)12(4,9)1(7,10)(2,3,15)",5,2,0.0,False,"11,8(5,14,6)(12,13)(4,9)(1,7)(2,10)-3-15",6,2,1.5,False,"(*11,6)(5,8,14)(13,4,9,7)(12,1,10)2,3=15",6,4,0.0,False,"(*11,6)(5,8)(4,14,7)9(13,1)10,3(12,2)=15",9,2,0.0,False,-15,
202203010611,11,吾妻小富士S(OP),ダ,1700,雨,重,15:20,2022-05-01,福島,15,8,15,2015104582,ケイティクレバー,牡7,56,01176,亀田温心,1:46.4,4,13-15-15-15,38.0,168.8,15,462(0),01080,[東]清水英克,083006,瀧本和義,,"(*11,14,8)5(13,6)12(4,9)1(7,10)(2,3,15)",13,3,0.0,False,"11,8(5,14,6)(12,13)(4,9)(1,7)(2,10)-3-15",15,1,8.5,False,"(*11,6)(5,8,14)(13,4,9,7)(12,1,10)2,3=15",15,1,7.5,False,"(*11,6)(5,8)(4,14,7)9(13,1)10,3(12,2)=15",15,1,7.5,False,-15,
202203010612,12,4歳以上1勝クラス,芝,1200,雨,稍重,16:01,2022-05-01,福島,1,2,2,2017104258,セイラブミー,牝5,55,01025,勝浦正樹,1:11.6,,6-5,35.9,5.5,3,472(-4),01109,[東]伊藤大士,629800,ミルファーム,770.0,,,,,,,,,,,"(*1,9,10)(7,3)(6,2)5(4,8)",6,2,0.0,False,"(1,9,*10)-7(2,3,5)-(6,4,8)",5,3,3.5,False,20,
202203010612,12,4歳以上1勝クラス,芝,1200,雨,稍重,16:01,2022-05-01,福島,2,5,5,2017101991,テンジュイン,牝5,54,01182,泉谷楓真,1:11.8,3/4,8-5,36.0,8.0,4,460(0),01120,[西]千田輝彦,471033,中村政夫,310.0,,,,,,,,,,,"(*1,9,10)(7,3)(6,2)5(4,8)",8,1,0.0,False,"(1,9,*10)-7(2,3,5)-(6,4,8)",5,3,3.5,False,20,
202203010612,12,4歳以上1勝クラス,芝,1200,雨,稍重,16:01,2022-05-01,福島,3,7,7,2018104250,ケリアテソーロ,牝4,55,01157,鮫島克駿,1:12.1,2,4-4,36.6,21.7,8,448(-2),01177,[東]伊坂重信,089803,了徳寺健二ホールディ...,190.0,,,,,,,,,,,"(*1,9,10)(7,3)(6,2)5(4,8)",4,2,0.0,False,"(1,9,*10)-7(2,3,5)-(6,4,8)",4,1,3.5,False,20,
202203010612,12,4歳以上1勝クラス,芝,1200,雨,稍重,16:01,2022-05-01,福島,4,3,3,2017103104,ミズリーナ,牝5,55,01108,的場勇人,1:12.2,クビ,4-5,36.7,10.6,6,484(+6),01063,[東]的場均,789002,北山敏隆,120.0,,,,,,,,,,,"(*1,9,10)(7,3)(6,2)5(4,8)",4,2,0.0,False,"(1,9,*10)-7(2,3,5)-(6,4,8)",5,3,3.5,False,20,
202203010612,12,4歳以上1勝クラス,芝,1200,雨,稍重,16:01,2022-05-01,福島,5,8,10,2016101553,ペプチドルーカス,牡6,57,01166,川又賢治,1:12.2,クビ,2-1,37.0,3.1,1,452(0),01130,[西]吉村圭司,500007,沼川一彦,77.0,,,,,,,,,,,"(*1,9,10)(7,3)(6,2)5(4,8)",2,3,0.0,False,"(1,9,*10)-7(2,3,5)-(6,4,8)",1,3,0.0,True,20,
202203010612,12,4歳以上1勝クラス,芝,1200,雨,稍重,16:01,2022-05-01,福島,6,7,8,2018103120,フロスティクォーツ,牡4,57,01091,丹内祐次,1:12.4,1,9-8,36.3,10.4,5,466(-6),01077,[東]加藤和宏,542800,ライオンレースホース,,,,,,,,,,,,"(*1,9,10)(7,3)(6,2)5(4,8)",9,2,0.0,False,"(1,9,*10)-7(2,3,5)-(6,4,8)",8,3,7.0,False,20,
202203010612,12,4歳以上1勝クラス,芝,1200,雨,稍重,16:01,2022-05-01,福島,7,4,4,2017101903,マイネルホイッスル,牡5,54,01184,原優介,1:12.4,ハナ,9-8,36.4,12.2,7,484(+2),01028,[西]西園正都,546800,サラブレッドクラブ・...,,,,,,,,,,,,"(*1,9,10)(7,3)(6,2)5(4,8)",9,2,0.0,False,"(1,9,*10)-7(2,3,5)-(6,4,8)",8,3,7.0,False,20,
202203010612,12,4歳以上1勝クラス,芝,1200,雨,稍重,16:01,2022-05-01,福島,8,8,9,2017103309,ホウオウエンジェル,牝5,54,01176,亀田温心,1:12.6,1,2-2,37.4,3.4,2,466(-6),01077,[東]加藤和宏,906033,小笹芳央,,,,,,,,,,,,"(*1,9,10)(7,3)(6,2)5(4,8)",2,3,0.0,False,"(1,9,*10)-7(2,3,5)-(6,4,8)",2,3,0.0,False,20,
202203010612,12,4歳以上1勝クラス,芝,1200,雨,稍重,16:01,2022-05-01,福島,9,1,1,2018101392,コアレスロング,牝4,53,01186,角田大和,1:12.8,1,1-2,37.7,79.9,9,462(-8),01125,[東]小野次郎,531006,小林昌志,,,,,,,,,,,,"(*1,9,10)(7,3)(6,2)5(4,8)",1,3,0.0,True,"(1,9,*10)-7(2,3,5)-(6,4,8)",2,3,0.0,False,20,
202203010612,12,4歳以上1勝クラス,芝,1200,雨,稍重,16:01,2022-05-01,福島,10,6,6,2016100059,アランチオーネ,牝6,52,01200,西塚洸二,1:14.5,10,6-8,38.8,95.3,10,430(+4),00412,[東]高橋裕,032800,ローレルレーシング,,,,,,,,,,,,"(*1,9,10)(7,3)(6,2)5(4,8)",6,2,0.0,False,"(1,9,*10)-7(2,3,5)-(6,4,8)",8,3,7.0,False,20,
