race_id,race_number,race_name,surface,distance_m,weather,going,start_time,race_date,racecourse,finish_pos,waku,umaban,horse_id,horse_name,sex_age,kinryo,jockey_id,jockey_name,time,margin,passing_order,last_3f,odds_final,popularity,weight,trainer_id,trainer_name,owner_id,owner_name,prize,corner1_raw,corner1_rank,corner1_group_size,corner1_gap_len_est,corner1_is_leader,corner2_raw,corner2_rank,corner2_group_size,corner2_gap_len_est,corner2_is_leader,corner3_raw,corner3_rank,corner3_group_size,corner3_gap_len_est,corner3_is_leader,corner4_raw,corner4_rank,corner4_group_size,corner4_gap_len_est,corner4_is_leader,track_index,track_comment
202206030201,1,3歳未勝利,ダ,1800,晴,重,09:55,2022-03-27,中山,1,4,8,2019104644,ハローサブリナ,牝3,54,05386,戸崎圭太,1:55.6,,2-2-2-1,39.3,3.0,1,514(+6),01133,[東]黒岩陽一,381031,小林誠,520.0,"(*4,8)(12,13)(2,11,14)(9,10,15)16-(3,7)-(1,5)-6",2,2,0.0,False,"(*4,8)(12,13)(2,11)14(9,10,15)16-(3,7)-5,1,6",2,2,0.0,False,"(*4,8)(12,13)(2,11)14(9,10)15,16(3,7)-5,6-1",2,2,0.0,False,"(4,*8,13)12(2,14)11,9(10,15)16(3,7)-6-(5,1)",1,3,0.0,True,-14,
202206030201,1,3歳未勝利,ダ,1800,晴,重,09:55,2022-03-27,中山,2,7,13,2019104717,クオーレドーロ,牝3,54,01096,大野拓弥,1:55.6,クビ,3-3-3-2,39.1,5.5,4,450(0),00423,[東]上原博之,415800,社台レースホース,210.0,"(*4,8)(12,13)(2,11,14)(9,10,15)16-(3,7)-(1,5)-6",3,2,0.0,False,"(*4,8)(12,13)(2,11)14(9,10,15)16-(3,7)-5,1,6",3,2,0.0,False,"(*4,8)(12,13)(2,11)14(9,10)15,16(3,7)-5,6-1",3,2,0.0,False,"(4,*8,13)12(2,14)11,9(10,15)16(3,7)-6-(5,1)",2,3,0.0,False,-14,
202206030201,1,3歳未勝利,ダ,1800,晴,重,09:55,2022-03-27,中山,3,7,14,2019105553,レーヴディノエル,牝3,54,01122,三浦皇成,1:56.0,2,5-7-7-5,39.3,5.0,2,488(+8),01127,[東]栗田徹,790005,吉田勝己,130.0,"(*4,8)(12,13)(2,11,14)(9,10,15)16-(3,7)-(1,5)-6",5,3,0.0,False,"(*4,8)(12,13)(2,11)14(9,10,15)16-(3,7)-5,1,6",7,1,0.0,False,"(*4,8)(12,13)(2,11)14(9,10)15,16(3,7)-5,6-1",7,1,0.0,False,"(4,*8,13)12(2,14)11,9(10,15)16(3,7)-6-(5,1)",5,2,0.0,False,-14,
202206030201,1,3歳未勝利,ダ,1800,晴,重,09:55,2022-03-27,中山,4,1,2,2019105332,ハッピーバレー,牝3,54,01169,武藤雅,1:56.0,クビ,5-5-5-5,39.4,6.0,5,452(0),01038,[東]手塚貴久,431002,馬場幸夫,78.0,"(*4,8)(12,13)(2,11,14)(9,10,15)16-(3,7)-(1,5)-6",5,3,0.0,False,"(*4,8)(12,13)(2,11)14(9,10,15)16-(3,7)-5,1,6",5,2,0.0,False,"(*4,8)(12,13)(2,11)14(9,10)15,16(3,7)-5,6-1",5,2,0.0,False,"(4,*8,13)12(2,14)11,9(10,15)16(3,7)-6-(5,1)",5,2,0.0,False,-14,
202206030201,1,3歳未勝利,ダ,1800,晴,重,09:55,2022-03-27,中山,5,1,1,2019105763,ミラモンテ,牝3,51,01183,小林脩斗,1:56.5,3,14-15-16-15,37.9,216.0,12,452(-14),01051,[東]岩戸孝樹,275033,西浩明,52.0,"(*4,8)(12,13)(2,11,14)(9,10,15)16-(3,7)-(1,5)-6",14,2,7.0,False,"(*4,8)(12,13)(2,11)14(9,10,15)16-(3,7)-5,1,6",15,1,8.5,False,"(*4,8)(12,13)(2,11)14(9,10)15,16(3,7)-5,6-1",16,1,10.0,False,"(4,*8,13)12(2,14)11,9(10,15)16(3,7)-6-(5,1)",15,2,8.5,False,-14,
202206030201,1,3歳未勝利,ダ,1800,晴,重,09:55,2022-03-27,中山,6,8,16,2019104975,エクセレントジェム,牝3,54,01127,丸山元気,1:56.6,クビ,11-11-11-11,39.3,164.7,11,476(-6),01048,[東]畠山吉宏,415800,社台レースホース,,"(*4,8)(12,13)(2,11,14)(9,10,15)16-(3,7)-(1,5)-6",11,1,0.0,False,"(*4,8)(12,13)(2,11)14(9,10,15)16-(3,7)-5,1,6",11,1,0.0,False,"(*4,8)(12,13)(2,11)14(9,10)15,16(3,7)-5,6-1",11,1,1.5,False,"(4,*8,13)12(2,14)11,9(10,15)16(3,7)-6-(5,1)",11,1,1.5,False,-14,
202206030201,1,3歳未勝利,ダ,1800,晴,重,09:55,2022-03-27,中山,7,5,9,2019109019,カルヴァドス,牝3,54,01115,浜中俊,1:56.9,1.3/4,8-8-8-8,39.9,23.6,7,470(-2),01077,[東]加藤和宏,854800,ノルマンディーサラブ...,,"(*4,8)(12,13)(2,11,14)(9,10,15)16-(3,7)-(1,5)-6",8,3,0.0,False,"(*4,8)(12,13)(2,11)14(9,10,15)16-(3,7)-5,1,6",8,3,0.0,False,"(*4,8)(12,13)(2,11)14(9,10)15,16(3,7)-5,6-1",8,2,0.0,False,"(4,*8,13)12(2,14)11,9(10,15)16(3,7)-6-(5,1)",8,1,1.5,False,-14,
202206030201,1,3歳未勝利,ダ,1800,晴,重,09:55,2022-03-27,中山,8,2,3,2019101381,ニシノカケハシ,牝3,54,00422,内田博幸,1:56.9,クビ,12-12-12-12,39.5,219.0,13,442(-8),01100,[東]松山将樹,897009,西山茂行,,"(*4,8)(12,13)(2,11,14)(9,10,15)16-(3,7)-(1,5)-6",12,2,3.5,False,"(*4,8)(12,13)(2,11)14(9,10,15)16-(3,7)-5,1,6",12,2,3.5,False,"(*4,8)(12,13)(2,11)14(9,10)15,16(3,7)-5,6-1",12,2,1.5,False,"(4,*8,13)12(2,14)11,9(10,15)16(3,7)-6-(5,1)",12,2,1.5,False,-14,
202206030201,1,3歳未勝利,ダ,1800,晴,重,09:55,2022-03-27,中山,9,8,15,2019105342,バンブリッジ,牝3,54,01092,津村明秀,1:57.3,2.1/2,8-8-10-9,40.2,5.3,3,454(-4),01103,[東]尾関知人,226800,サンデーレーシング,,"(*4,8)(12,13)(2,11,14)(9,10,15)16-(3,7)-(1,5)-6",8,3,0.0,False,"(*4,8)(12,13)(2,11)14(9,10,15)16-(3,7)-5,1,6",8,3,0.0,False,"(*4,8)(12,13)(2,11)14(9,10)15,16(3,7)-5,6-1",10,1,0.0,False,"(4,*8,13)12(2,14)11,9(10,15)16(3,7)-6-(5,1)",9,2,1.5,False,-14,
202206030201,1,3歳未勝利,ダ,1800,晴,重,09:55,2022-03-27,中山,10,4,7,2019103741,ムーランマグノリア,牝3,54,01029,武士沢友,1:57.5,1,12-12-12-12,40.0,328.0,14,434(-8),01179,[東]鈴木慎太,103006,楠本勝美,,"(*4,8)(12,13)(2,11,14)(9,10,15)16-(3,7)-(1,5)-6",12,2,3.5,False,"(*4,8)(12,13)(2,11)14(9,10,15)16-(3,7)-5,1,6",12,2,3.5,False,"(*4,8)(12,13)(2,11)14(9,10)15,16(3,7)-5,6-1",12,2,1.5,False,"(4,*8,13)12(2,14)11,9(10,15)16(3,7)-6-(5,1)",12,2,1.5,False,-14,
202206030201,1,3歳未勝利,ダ,1800,晴,重,09:55,2022-03-27,中山,11,6,12,2019105491,ナンヨーリリー,牝3,54,01178,斎藤新,1:57.5,クビ,3-3-3-4,41.1,33.3,9,416(+2),01086,[東]斎藤誠,512031,中村徳也,,"(*4,8)(12,13)(2,11,14)(9,10,15)16-(3,7)-(1,5)-6",3,2,0.0,False,"(*4,8)(12,13)(2,11)14(9,10,15)16-(3,7)-5,1,6",3,2,0.0,False,"(*4,8)(12,13)(2,11)14(9,10)15,16(3,7)-5,6-1",3,2,0.0,False,"(4,*8,13)12(2,14)11,9(10,15)16(3,7)-6-(5,1)",4,1,0.0,False,-14,
202206030201,1,3歳未勝利,ダ,1800,晴,重,09:55,2022-03-27,中山,12,6,11,2019102260,アカネ,牝3,52,01188,永野猛蔵,1:57.5,ハナ,5-5-5-7,40.9,18.7,6,478(+12),01147,[東]武井亮,063700,池袋レーシング,,"(*4,8)(12,13)(2,11,14)(9,10,15)16-(3,7)-(1,5)-6",5,3,0.0,False,"(*4,8)(12,13)(2,11)14(9,10,15)16-(3,7)-5,1,6",5,2,0.0,False,"(*4,8)(12,13)(2,11)14(9,10)15,16(3,7)-5,6-1",5,2,0.0,False,"(4,*8,13)12(2,14)11,9(10,15)16(3,7)-6-(5,1)",7,1,0.0,False,-14,
202206030201,1,3歳未勝利,ダ,1800,晴,重,09:55,2022-03-27,中山,13,3,6,2019102796,レアリアルノーヴ,牝3,54,00689,江田照男,1:58.1,3.1/2,16-16-15-14,39.8,349.6,15,460(-6),01031,[東]伊藤伸一,884033,西田順彦,,"(*4,8)(12,13)(2,11,14)(9,10,15)16-(3,7)-(1,5)-6",16,1,10.5,False,"(*4,8)(12,13)(2,11)14(9,10,15)16-(3,7)-5,1,6",16,1,10.0,False,"(*4,8)(12,13)(2,11)14(9,10)15,16(3,7)-5,6-1",15,1,6.5,False,"(4,*8,13)12(2,14)11,9(10,15)16(3,7)-6-(5,1)",14,1,5.0,False,-14,
202206030201,1,3歳未勝利,ダ,1800,晴,重,09:55,2022-03-27,中山,14,2,4,2019103147,レインツリー,牝3,54,01179,菅原明良,1:58.5,2.1/2,1-1-1-2,42.2,29.3,8,442(-4),01153,[東]中舘英二,788800,ノースヒルズ,,"(*4,8)(12,13)(2,11,14)(9,10,15)16-(3,7)-(1,5)-6",1,2,0.0,True,"(*4,8)(12,13)(2,11)14(9,10,15)16-(3,7)-5,1,6",1,2,0.0,True,"(*4,8)(12,13)(2,11)14(9,10)15,16(3,7)-5,6-1",1,2,0.0,True,"(4,*8,13)12(2,14)11,9(10,15)16(3,7)-6-(5,1)",2,3,0.0,False,-14,
202206030201,1,3歳未勝利,ダ,1800,晴,重,09:55,2022-03-27,中山,15,5,10,2019101223,ブライティアコバ,牝3,51,01197,佐々木大,1:58.7,1.1/2,8-8-8-9,41.8,387.3,16,456(-4),01052,[東]菊川正達,531006,小林昌志,,"(*4,8)(12,13)(2,11,14)(9,10,15)16-(3,7)-(1,5)-6",8,3,0.0,False,"(*4,8)(12,13)(2,11)14(9,10,15)16-(3,7)-5,1,6",8,3,0.0,False,"(*4,8)(12,13)(2,11)14(9,10)15,16(3,7)-5,6-1",8,2,0.0,False,"(4,*8,13)12(2,14)11,9(10,15)16(3,7)-6-(5,1)",9,2,1.5,False,-14,
202206030201,1,3歳未勝利,ダ,1800,晴,重,09:55,2022-03-27,中山,16,3,5,2019105275,ハミングバード,牝3,54,01158,野中悠太,2:00.7,大,14-14-14-15,42.6,96.6,10,482(0),01047,[東]勢司和浩,486800,キャロットファーム,,"(*4,8)(12,13)(2,11,14)(9,10,15)16-(3,7)-(1,5)-6",14,2,7.0,False,"(*4,8)(12,13)(2,11)14(9,10,15)16-(3,7)-5,1,6",14,1,7.0,False,"(*4,8)(12,13)(2,11)14(9,10)15,16(3,7)-5,6-1",14,1,5.0,False,"(4,*8,13)12(2,14)11,9(10,15)16(3,7)-6-(5,1)",15,2,8.5,False,-14,
202206030202,2,3歳未勝利,ダ,1200,晴,重,10:25,2022-03-27,中山,1,5,10,2019100938,セイウンハルカニ,牡3,56,05386,戸崎圭太,1:11.1,,2-2,36.3,3.8,3,466(-6),01152,[東]竹内正洋,897009,西山茂行,520.0,,,,,,,,,,,"3(8,10)6,11(1,4,14)13,15(5,12)16(2,9)=7",2,2,0.0,False,"3(8,10)(6,11)-(1,14)4,13,12(5,15)(2,9)-16=7",2,2,0.0,False,-17,
202206030202,2,3歳未勝利,ダ,1200,晴,重,10:25,2022-03-27,中山,2,6,11,2019105775,ホウオウノーサイド,牡3,56,01178,斎藤新,1:11.2,1/2,5-4,36.1,5.4,4,466(-6),01086,[東]斎藤誠,906033,小笹芳央,210.0,,,,,,,,,,,"3(8,10)6,11(1,4,14)13,15(5,12)16(2,9)=7",5,1,1.5,False,"3(8,10)(6,11)-(1,14)4,13,12(5,15)(2,9)-16=7",4,2,0.0,False,-17,
202206030202,2,3歳未勝利,ダ,1200,晴,重,10:25,2022-03-27,中山,3,3,6,2019100571,ケイアイユニバース,牡3,56,00422,内田博幸,1:11.5,1.3/4,4-4,36.5,2.4,1,470(-4),00423,[東]上原博之,331803,ケイアイスタリオン,130.0,,,,,,,,,,,"3(8,10)6,11(1,4,14)13,15(5,12)16(2,9)=7",4,1,0.0,False,"3(8,10)(6,11)-(1,14)4,13,12(5,15)(2,9)-16=7",4,2,0.0,False,-17,
202206030202,2,3歳未勝利,ダ,1200,晴,重,10:25,2022-03-27,中山,4,2,3,2019103224,オーブラック,牡3,56,01091,丹内祐次,1:11.6,1,1-1,37.0,3.6,2,486(-10),01156,[東]青木孝文,036006,加藤徹,78.0,,,,,,,,,,,"3(8,10)6,11(1,4,14)13,15(5,12)16(2,9)=7",1,1,0.0,False,"3(8,10)(6,11)-(1,14)4,13,12(5,15)(2,9)-16=7",1,1,0.0,False,-17,
202206030202,2,3歳未勝利,ダ,1200,晴,重,10:25,2022-03-27,中山,5,4,8,2019103934,ハピネスガッサン,牝3,54,01169,武藤雅,1:12.3,4,2-2,37.6,102.6,9,420(-6),01112,[東]田島俊明,099007,西村專次,52.0,,,,,,,,,,,"3(8,10)6,11(1,4,14)13,15(5,12)16(2,9)=7",2,2,0.0,False,"3(8,10)(6,11)-(1,14)4,13,12(5,15)(2,9)-16=7",2,2,0.0,False,-17,
202206030202,2,3歳未勝利,ダ,1200,晴,重,10:25,2022-03-27,中山,6,7,13,2019102634,シャーマエスパーダ,牡3,56,01150,石川裕紀,1:12.5,1,9-9,37.1,26.0,5,472(-8),00412,[東]高橋裕,316031,西森功,,,,,,,,,,,,"3(8,10)6,11(1,4,14)13,15(5,12)16(2,9)=7",9,1,1.5,False,"3(8,10)(6,11)-(1,14)4,13,12(5,15)(2,9)-16=7",9,1,5.0,False,-17,
202206030202,2,3歳未勝利,ダ,1200,晴,重,10:25,2022-03-27,中山,7,1,1,2019103628,ホウオウモンスター,牡3,56,01179,菅原明良,1:13.4,5,6-6,38.1,151.5,11,434(-14),01141,[東]尾形和幸,906033,小笹芳央,,,,,,,,,,,,"3(8,10)6,11(1,4,14)13,15(5,12)16(2,9)=7",6,3,1.5,False,"3(8,10)(6,11)-(1,14)4,13,12(5,15)(2,9)-16=7",6,2,3.5,False,-17,
202206030202,2,3歳未勝利,ダ,1200,晴,重,10:25,2022-03-27,中山,8,2,4,2019101476,キタノロッキー,牡3,56,01092,津村明秀,1:13.5,3/4,6-8,38.2,140.7,10,430(+2),01026,[東]鈴木伸尋,935800,木村牧場,,,,,,,,,,,,"3(8,10)6,11(1,4,14)13,15(5,12)16(2,9)=7",6,3,1.5,False,"3(8,10)(6,11)-(1,14)4,13,12(5,15)(2,9)-16=7",8,1,3.5,False,-17,
202206030202,2,3歳未勝利,ダ,1200,晴,重,10:25,2022-03-27,中山,9,6,12,2019100082,デカメロン,牝3,54,01153,木幡初也,1:13.5,アタマ,11-10,37.8,51.1,6,396(-2),01005,[東]小桧山悟,082031,三岡陽,,,,,,,,,,,,"3(8,10)6,11(1,4,14)13,15(5,12)16(2,9)=7",11,2,3.0,False,"3(8,10)(6,11)-(1,14)4,13,12(5,15)(2,9)-16=7",10,1,6.5,False,-17,
202206030202,2,3歳未勝利,ダ,1200,晴,重,10:25,2022-03-27,中山,10,1,2,2019106101,ロデム,牡3,56,00684,田中勝春,1:13.9,2.1/2,14-13,37.9,66.4,7,480(-8),01035,[東]佐藤吉勝,738800,サンコウ牧場,,,,,,,,,,,,"3(8,10)6,11(1,4,14)13,15(5,12)16(2,9)=7",14,2,3.0,False,"3(8,10)(6,11)-(1,14)4,13,12(5,15)(2,9)-16=7",13,2,6.5,False,-17,
202206030202,2,3歳未勝利,ダ,1200,晴,重,10:25,2022-03-27,中山,11,7,14,2019101308,ミザール,牡3,56,01144,菱田裕二,1:14.1,1.1/2,6-6,38.8,311.6,13,480(+4),01109,[東]伊藤大士,078006,畑佐博,,,,,,,,,,,,"3(8,10)6,11(1,4,14)13,15(5,12)16(2,9)=7",6,3,1.5,False,"3(8,10)(6,11)-(1,14)4,13,12(5,15)(2,9)-16=7",6,2,3.5,False,-17,
202206030202,2,3歳未勝利,ダ,1200,晴,重,10:25,2022-03-27,中山,12,5,9,2019100442,バトルフロイデン,牡3,56,01162,木幡巧也,1:14.2,クビ,14-13,38.2,73.1,8,476(0),01106,[東]牧光二,394009,宮川秋信,,,,,,,,,,,,"3(8,10)6,11(1,4,14)13,15(5,12)16(2,9)=7",14,2,3.0,False,"3(8,10)(6,11)-(1,14)4,13,12(5,15)(2,9)-16=7",13,2,6.5,False,-17,
202206030202,2,3歳未勝利,ダ,1200,晴,重,10:25,2022-03-27,中山,13,3,5,2019103926,ヨツバノクローバー,牝3,52,01188,永野猛蔵,1:14.5,1.3/4,11-11,38.8,457.0,14,426(-2),01010,[東]中野栄治,461008,八巻弘一,,,,,,,,,,,,"3(8,10)6,11(1,4,14)13,15(5,12)16(2,9)=7",11,2,3.0,False,"3(8,10)(6,11)-(1,14)4,13,12(5,15)(2,9)-16=7",11,2,6.5,False,-17,
202206030202,2,3歳未勝利,ダ,1200,晴,重,10:25,2022-03-27,中山,14,8,15,2019106447,アキノスター,牡3,56,01127,丸山元気,1:15.7,7,10-11,40.1,468.4,15,462(-12),01119,[東]田中剛,561006,穐吉正孝,,,,,,,,,,,,"3(8,10)6,11(1,4,14)13,15(5,12)16(2,9)=7",10,1,3.0,False,"3(8,10)(6,11)-(1,14)4,13,12(5,15)(2,9)-16=7",11,2,6.5,False,-17,
202206030202,2,3歳未勝利,ダ,1200,晴,重,10:25,2022-03-27,中山,15,8,16,2019101557,シャトースウィフト,牡3,53,01192,横山琉人,1:15.9,1.1/2,13-15,40.1,492.4,16,474(+2),01131,[東]蛯名利弘,155006,円城幸男,,,,,,,,,,,,"3(8,10)6,11(1,4,14)13,15(5,12)16(2,9)=7",13,1,3.0,False,"3(8,10)(6,11)-(1,14)4,13,12(5,15)(2,9)-16=7",15,1,10.0,False,-17,
202206030202,2,3歳未勝利,ダ,1200,晴,重,10:25,2022-03-27,中山,16,4,7,2019103807,ジャパンナイト,牡3,54,01173,山田敬士,1:17.5,10,16-16,39.7,304.1,12,454(+8),01008,[東]杉浦宏昭,597031,森口聡,,,,,,,,,,,,"3(8,10)6,11(1,4,14)13,15(5,12)16(2,9)=7",16,1,9.0,False,"3(8,10)(6,11)-(1,14)4,13,12(5,15)(2,9)-16=7",16,1,16.0,False,-17,
202206030203,3,3歳未勝利,ダ,1800,曇,重,10:55,2022-03-27,中山,1,1,1,2019103099,オヤノナナヒカリ,牡3,56,00422,内田博幸,1:53.9,,1-1-1-1,38.4,1.3,1,442(0),01175,[東]宮田敬介,072803,スリーエイチレーシン...,520.0,"1,7(6,14)9,16,2,15(3,4,12)11-(5,13)-10-8",1,1,0.0,False,"1,7(6,14)(9,16)2-15(3,4)12,11-(5,13)-(8,10)",1,1,0.0,False,"1,7,14(6,9,16)2,11(3,4)12-(8,5,15)(13,10)",1,1,0.0,False,"1,7-(9,14,16)(6,2,11)(3,4)(8,12)-5-10,15,13",1,1,0.0,False,-14,
202206030203,3,3歳未勝利,ダ,1800,曇,重,10:55,2022-03-27,中山,2,5,9,2019103391,マヨン,牡3,56,01122,三浦皇成,1:55.3,9,5-5-4-3,39.2,11.2,4,472(0),01147,[東]武井亮,535033,古賀慎一,210.0,"1,7(6,14)9,16,2,15(3,4,12)11-(5,13)-10-8",5,1,1.5,False,"1,7(6,14)(9,16)2-15(3,4)12,11-(5,13)-(8,10)",5,2,1.5,False,"1,7,14(6,9,16)2,11(3,4)12-(8,5,15)(13,10)",4,3,3.0,False,"1,7-(9,14,16)(6,2,11)(3,4)(8,12)-5-10,15,13",3,3,5.0,False,-14,
202206030203,3,3歳未勝利,ダ,1800,曇,重,10:55,2022-03-27,中山,3,6,11,2019104222,パフオブウインド,牡3,54,01173,山田敬士,1:55.8,2.1/2,12-12-8-6,39.4,8.0,2,468(-8),01005,[東]小桧山悟,316031,西森功,130.0,"1,7(6,14)9,16,2,15(3,4,12)11-(5,13)-10-8",12,1,6.0,False,"1,7(6,14)(9,16)2-15(3,4)12,11-(5,13)-(8,10)",12,1,6.5,False,"1,7,14(6,9,16)2,11(3,4)12-(8,5,15)(13,10)",8,1,4.5,False,"1,7-(9,14,16)(6,2,11)(3,4)(8,12)-5-10,15,13",6,3,5.0,False,-14,
202206030203,3,3歳未勝利,ダ,1800,曇,重,10:55,2022-03-27,中山,4,4,8,2019103728,トクシースタローン,牡3,56,01162,木幡巧也,1:55.8,クビ,16-15-12-11,38.7,58.9,8,496(0),01182,[東]辻哲英,250033,ＡＩレーシング,78.0,"1,7(6,14)9,16,2,15(3,4,12)11-(5,13)-10-8",16,1,16.5,False,"1,7(6,14)(9,16)2-15(3,4)12,11-(5,13)-(8,10)",15,2,13.5,False,"1,7,14(6,9,16)2,11(3,4)12-(8,5,15)(13,10)",12,3,8.0,False,"1,7-(9,14,16)(6,2,11)(3,4)(8,12)-5-10,15,13",11,2,5.0,False,-14,
202206030203,3,3歳未勝利,ダ,1800,曇,重,10:55,2022-03-27,中山,5,2,4,2019109053,グランシャーク,牡3,54,01188,永野猛蔵,1:55.9,1/2,9-9-9-9,39.4,164.4,13,506(+12),01112,[東]田島俊明,851009,岡田牧雄,52.0,"1,7(6,14)9,16,2,15(3,4,12)11-(5,13)-10-8",9,3,6.0,False,"1,7(6,14)(9,16)2-15(3,4)12,11-(5,13)-(8,10)",9,2,5.0,False,"1,7,14(6,9,16)2,11(3,4)12-(8,5,15)(13,10)",9,2,4.5,False,"1,7-(9,14,16)(6,2,11)(3,4)(8,12)-5-10,15,13",9,2,5.0,False,-14,
202206030203,3,3歳未勝利,ダ,1800,曇,重,10:55,2022-03-27,中山,6,3,5,2019102682,ジョリエス,牡3,56,01144,菱田裕二,1:56.4,3,13-13-12-13,39.2,231.5,14,456(-8),01171,[東]小手川準,986031,須本浩行,,"1,7(6,14)9,16,2,15(3,4,12)11-(5,13)-10-8",13,2,9.5,False,"1,7(6,14)(9,16)2-15(3,4)12,11-(5,13)-(8,10)",13,2,10.0,False,"1,7,14(6,9,16)2,11(3,4)12-(8,5,15)(13,10)",12,3,8.0,False,"1,7-(9,14,16)(6,2,11)(3,4)(8,12)-5-10,15,13",13,1,8.5,False,-14,
202206030203,3,3歳未勝利,ダ,1800,曇,重,10:55,2022-03-27,中山,7,4,7,2019106663,シャムトラダイコウ,牝3,54,01127,丸山元気,1:56.4,クビ,2-2-2-2,40.7,85.0,11,476(-4),01010,[東]中野栄治,187033,西村静子,,"1,7(6,14)9,16,2,15(3,4,12)11-(5,13)-10-8",2,1,1.5,False,"1,7(6,14)(9,16)2-15(3,4)12,11-(5,13)-(8,10)",2,1,1.5,False,"1,7,14(6,9,16)2,11(3,4)12-(8,5,15)(13,10)",2,1,1.5,False,"1,7-(9,14,16)(6,2,11)(3,4)(8,12)-5-10,15,13",2,1,1.5,False,-14,
202206030203,3,3歳未勝利,ダ,1800,曇,重,10:55,2022-03-27,中山,8,8,16,2019100942,ニシノブチヌケ,牡3,56,01091,丹内祐次,1:56.5,クビ,6-5-4-3,40.5,99.3,12,536(+2),01108,[東]矢野英一,897009,西山茂行,,"1,7(6,14)9,16,2,15(3,4,12)11-(5,13)-10-8",6,1,3.0,False,"1,7(6,14)(9,16)2-15(3,4)12,11-(5,13)-(8,10)",5,2,1.5,False,"1,7,14(6,9,16)2,11(3,4)12-(8,5,15)(13,10)",4,3,3.0,False,"1,7-(9,14,16)(6,2,11)(3,4)(8,12)-5-10,15,13",3,3,5.0,False,-14,
202206030203,3,3歳未勝利,ダ,1800,曇,重,10:55,2022-03-27,中山,9,1,2,2019103344,ブルーシグナル,牡3,53,01183,小林脩斗,1:56.5,クビ,7-7-7-6,40.3,47.4,7,460(+6),01143,[東]和田雄二,713005,田島榮二郎,,"1,7(6,14)9,16,2,15(3,4,12)11-(5,13)-10-8",7,1,4.5,False,"1,7(6,14)(9,16)2-15(3,4)12,11-(5,13)-(8,10)",7,1,1.5,False,"1,7,14(6,9,16)2,11(3,4)12-(8,5,15)(13,10)",7,1,3.0,False,"1,7-(9,14,16)(6,2,11)(3,4)(8,12)-5-10,15,13",6,3,5.0,False,-14,
202206030203,3,3歳未勝利,ダ,1800,曇,重,10:55,2022-03-27,中山,10,7,14,2019105882,グレートバリア,セ3,56,01092,津村明秀,1:56.6,クビ,3-3-3-3,40.7,31.0,6,474(0),01020,[東]相沢郁,694008,本間茂,,"1,7(6,14)9,16,2,15(3,4,12)11-(5,13)-10-8",3,2,1.5,False,"1,7(6,14)(9,16)2-15(3,4)12,11-(5,13)-(8,10)",3,2,1.5,False,"1,7,14(6,9,16)2,11(3,4)12-(8,5,15)(13,10)",3,1,3.0,False,"1,7-(9,14,16)(6,2,11)(3,4)(8,12)-5-10,15,13",3,3,5.0,False,-14,
202206030203,3,3歳未勝利,ダ,1800,曇,重,10:55,2022-03-27,中山,11,2,3,2019102445,ヴィオレントアズル,牡3,56,01015,古川吉洋,1:57.2,3.1/2,9-9-9-9,40.7,311.5,16,418(-4),01077,[東]加藤和宏,851009,岡田牧雄,,"1,7(6,14)9,16,2,15(3,4,12)11-(5,13)-10-8",9,3,6.0,False,"1,7(6,14)(9,16)2-15(3,4)12,11-(5,13)-(8,10)",9,2,5.0,False,"1,7,14(6,9,16)2,11(3,4)12-(8,5,15)(13,10)",9,2,4.5,False,"1,7-(9,14,16)(6,2,11)(3,4)(8,12)-5-10,15,13",9,2,5.0,False,-14,
202206030203,3,3歳未勝利,ダ,1800,曇,重,10:55,2022-03-27,中山,12,6,12,2019106356,キャビランテ,牡3,56,01179,菅原明良,1:57.4,1.1/4,9-11-11-11,40.7,10.0,3,518(+20),00420,[東]宗像義忠,524031,ＴＮレースホース,,"1,7(6,14)9,16,2,15(3,4,12)11-(5,13)-10-8",9,3,6.0,False,"1,7(6,14)(9,16)2-15(3,4)12,11-(5,13)-(8,10)",11,1,5.0,False,"1,7,14(6,9,16)2,11(3,4)12-(8,5,15)(13,10)",11,1,4.5,False,"1,7-(9,14,16)(6,2,11)(3,4)(8,12)-5-10,15,13",11,2,5.0,False,-14,
202206030203,3,3歳未勝利,ダ,1800,曇,重,10:55,2022-03-27,中山,13,5,10,2019104454,クルベリ,牡3,56,01169,武藤雅,1:57.5,クビ,15-15-15-14,40.2,20.6,5,526(+6),01038,[東]手塚貴久,808800,Ｇ１レーシング,,"1,7(6,14)9,16,2,15(3,4,12)11-(5,13)-10-8",15,1,13.0,False,"1,7(6,14)(9,16)2-15(3,4)12,11-(5,13)-(8,10)",15,2,13.5,False,"1,7,14(6,9,16)2,11(3,4)12-(8,5,15)(13,10)",15,2,8.0,False,"1,7-(9,14,16)(6,2,11)(3,4)(8,12)-5-10,15,13",14,1,12.0,False,-14,
202206030203,3,3歳未勝利,ダ,1800,曇,重,10:55,2022-03-27,中山,14,7,13,2019101310,アストロロジー,牡3,56,01096,大野拓弥,1:57.7,1,13-13-15-16,40.3,81.7,10,480(-14),01134,[東]高橋文雅,812008,石瀬浩三,,"1,7(6,14)9,16,2,15(3,4,12)11-(5,13)-10-8",13,2,9.5,False,"1,7(6,14)(9,16)2-15(3,4)12,11-(5,13)-(8,10)",13,2,10.0,False,"1,7,14(6,9,16)2,11(3,4)12-(8,5,15)(13,10)",15,2,8.0,False,"1,7-(9,14,16)(6,2,11)(3,4)(8,12)-5-10,15,13",16,1,15.0,False,-14,
202206030203,3,3歳未勝利,ダ,1800,曇,重,10:55,2022-03-27,中山,15,3,6,2019100073,エンベルト,牡3,56,01150,石川裕紀,1:58.3,3.1/2,3-3-4-6,42.3,67.8,9,430(-6),01063,[東]的場均,917031,八嶋長久,,"1,7(6,14)9,16,2,15(3,4,12)11-(5,13)-10-8",3,2,1.5,False,"1,7(6,14)(9,16)2-15(3,4)12,11-(5,13)-(8,10)",3,2,1.5,False,"1,7,14(6,9,16)2,11(3,4)12-(8,5,15)(13,10)",4,3,3.0,False,"1,7-(9,14,16)(6,2,11)(3,4)(8,12)-5-10,15,13",6,3,5.0,False,-14,
202206030203,3,3歳未勝利,ダ,1800,曇,重,10:55,2022-03-27,中山,16,8,15,2019106300,トップランク,牡3,53,01198,土田真翔,1:58.7,2.1/2,8-8-12-15,41.6,272.9,15,462(-6),01141,[東]尾形和幸,535033,古賀慎一,,"1,7(6,14)9,16,2,15(3,4,12)11-(5,13)-10-8",8,1,6.0,False,"1,7(6,14)(9,16)2-15(3,4)12,11-(5,13)-(8,10)",8,1,5.0,False,"1,7,14(6,9,16)2,11(3,4)12-(8,5,15)(13,10)",12,3,8.0,False,"1,7-(9,14,16)(6,2,11)(3,4)(8,12)-5-10,15,13",15,1,13.5,False,-14,
202206030204,4,3歳未勝利,芝,1800,曇,重,11:25,2022-03-27,中山,1,4,7,2019102775,ヤマニンパニータ,牝3,54,00689,江田照男,1:50.4,,3-3-2-2,36.0,6.7,4,440(-6),01182,[東]辻哲英,329004,土井肇,520.0,"5,11(1,7,15)(4,10)12(3,8,14)-6(2,9)-(13,16)",3,3,1.5,False,"5,11,7,15(1,4,10)(3,8,12)14,6-9,2,16,13",3,1,3.0,False,"5(7,11,4)15(1,10)(3,12,14)(6,8)-9-(2,16)13",2,3,0.0,False,"5,7(1,11,4)15(3,10,14)6,9,12(2,8,16)13",2,1,1.5,False,-1,
202206030204,4,3歳未勝利,芝,1800,曇,重,11:25,2022-03-27,中山,2,3,5,2019103607,イルモンド,牝3,54,01150,石川裕紀,1:50.6,1.1/4,1-1-1-1,36.5,3.1,1,464(-2),01150,[東]池上昌和,858800,大塚亮一,210.0,"5,11(1,7,15)(4,10)12(3,8,14)-6(2,9)-(13,16)",1,1,0.0,False,"5,11,7,15(1,4,10)(3,8,12)14,6-9,2,16,13",1,1,0.0,False,"5(7,11,4)15(1,10)(3,12,14)(6,8)-9-(2,16)13",1,1,0.0,False,"5,7(1,11,4)15(3,10,14)6,9,12(2,8,16)13",1,1,0.0,False,-1,
202206030204,4,3歳未勝利,芝,1800,曇,重,11:25,2022-03-27,中山,3,1,1,2019106716,ヒドゥンキング,牡3,53,01192,横山琉人,1:50.7,3/4,3-5-6-3,36.0,25.9,7,452(-2),01109,[東]伊藤大士,971033,高橋貴士,130.0,"5,11(1,7,15)(4,10)12(3,8,14)-6(2,9)-(13,16)",3,3,1.5,False,"5,11,7,15(1,4,10)(3,8,12)14,6-9,2,16,13",5,3,4.5,False,"5(7,11,4)15(1,10)(3,12,14)(6,8)-9-(2,16)13",6,2,0.0,False,"5,7(1,11,4)15(3,10,14)6,9,12(2,8,16)13",3,3,1.5,False,-1,
202206030204,4,3歳未勝利,芝,1800,曇,重,11:25,2022-03-27,中山,4,2,3,2019101288,サイモンバロン,牡3,56,01115,浜中俊,1:51.0,2,9-8-8-7,36.0,4.6,2,486(+20),01047,[東]勢司和浩,132030,澤田昭紀,78.0,"5,11(1,7,15)(4,10)12(3,8,14)-6(2,9)-(13,16)",9,3,1.5,False,"5,11,7,15(1,4,10)(3,8,12)14,6-9,2,16,13",8,3,4.5,False,"5(7,11,4)15(1,10)(3,12,14)(6,8)-9-(2,16)13",8,3,0.0,False,"5,7(1,11,4)15(3,10,14)6,9,12(2,8,16)13",7,3,1.5,False,-1,
202206030204,4,3歳未勝利,芝,1800,曇,重,11:25,2022-03-27,中山,5,8,15,2019100787,エリオトローピオ,牝3,54,01091,丹内祐次,1:51.2,1.1/2,3-4-5-6,36.6,9.0,5,404(-2),01174,[東]深山雅史,546800,サラブレッドクラブ・...,52.0,"5,11(1,7,15)(4,10)12(3,8,14)-6(2,9)-(13,16)",3,3,1.5,False,"5,11,7,15(1,4,10)(3,8,12)14,6-9,2,16,13",4,1,4.5,False,"5(7,11,4)15(1,10)(3,12,14)(6,8)-9-(2,16)13",5,1,0.0,False,"5,7(1,11,4)15(3,10,14)6,9,12(2,8,16)13",6,1,1.5,False,-1,
202206030204,4,3歳未勝利,芝,1800,曇,重,11:25,2022-03-27,中山,6,3,6,2019101175,ルナーサウスポール,牡3,56,01135,杉原誠人,1:51.3,クビ,12-12-11-10,36.0,167.1,14,462(0),01118,[東]高柳瑞樹,208008,窪田芳郎,,"5,11(1,7,15)(4,10)12(3,8,14)-6(2,9)-(13,16)",12,1,5.0,False,"5,11,7,15(1,4,10)(3,8,12)14,6-9,2,16,13",12,1,6.0,False,"5(7,11,4)15(1,10)(3,12,14)(6,8)-9-(2,16)13",11,2,0.0,False,"5,7(1,11,4)15(3,10,14)6,9,12(2,8,16)13",10,1,1.5,False,-1,
202206030204,4,3歳未勝利,芝,1800,曇,重,11:25,2022-03-27,中山,7,2,4,2019105369,ヴィルトブリーゼ,牝3,54,01092,津村明秀,1:51.5,1.1/4,6-5-2-3,37.1,9.8,6,428(0),01079,[東]古賀慎明,486800,キャロットファーム,,"5,11(1,7,15)(4,10)12(3,8,14)-6(2,9)-(13,16)",6,2,1.5,False,"5,11,7,15(1,4,10)(3,8,12)14,6-9,2,16,13",5,3,4.5,False,"5(7,11,4)15(1,10)(3,12,14)(6,8)-9-(2,16)13",2,3,0.0,False,"5,7(1,11,4)15(3,10,14)6,9,12(2,8,16)13",3,3,1.5,False,-1,
202206030204,4,3歳未勝利,芝,1800,曇,重,11:25,2022-03-27,中山,8,5,9,2019103173,ペイシャワールド,牡3,56,01029,武士沢友,1:51.7,1.1/4,13-13-13-11,36.1,157.7,13,510(0),01131,[東]蛯名利弘,163002,北所直人,,"5,11(1,7,15)(4,10)12(3,8,14)-6(2,9)-(13,16)",13,2,5.0,False,"5,11,7,15(1,4,10)(3,8,12)14,6-9,2,16,13",13,1,9.5,False,"5(7,11,4)15(1,10)(3,12,14)(6,8)-9-(2,16)13",13,1,3.5,False,"5,7(1,11,4)15(3,10,14)6,9,12(2,8,16)13",11,1,3.0,False,-1,
202206030204,4,3歳未勝利,芝,1800,曇,重,11:25,2022-03-27,中山,9,7,14,2019102053,ブルボンティアラ,牝3,54,01009,柴田大知,1:52.0,2,9-11-8-7,36.9,29.3,8,418(-6),01031,[東]伊藤伸一,716800,ビッグレッドファーム,,"5,11(1,7,15)(4,10)12(3,8,14)-6(2,9)-(13,16)",9,3,1.5,False,"5,11,7,15(1,4,10)(3,8,12)14,6-9,2,16,13",11,1,4.5,False,"5(7,11,4)15(1,10)(3,12,14)(6,8)-9-(2,16)13",8,3,0.0,False,"5,7(1,11,4)15(3,10,14)6,9,12(2,8,16)13",7,3,1.5,False,-1,
202206030204,4,3歳未勝利,芝,1800,曇,重,11:25,2022-03-27,中山,10,5,10,2019100865,コスモテンペスタ,牝3,52,01188,永野猛蔵,1:53.0,6,6-5-6-7,38.3,311.1,16,446(+2),01076,[東]小笠倫弘,716800,ビッグレッドファーム,,"5,11(1,7,15)(4,10)12(3,8,14)-6(2,9)-(13,16)",6,2,1.5,False,"5,11,7,15(1,4,10)(3,8,12)14,6-9,2,16,13",5,3,4.5,False,"5(7,11,4)15(1,10)(3,12,14)(6,8)-9-(2,16)13",6,2,0.0,False,"5,7(1,11,4)15(3,10,14)6,9,12(2,8,16)13",7,3,1.5,False,-1,
202206030204,4,3歳未勝利,芝,1800,曇,重,11:25,2022-03-27,中山,11,6,11,2019103549,ヒラボクフラワー,牝3,54,01144,菱田裕二,1:53.0,ハナ,2-2-2-3,38.7,214.2,15,418(0),01102,[東]大竹正博,984800,平田牧場,,"5,11(1,7,15)(4,10)12(3,8,14)-6(2,9)-(13,16)",2,1,1.5,False,"5,11,7,15(1,4,10)(3,8,12)14,6-9,2,16,13",2,1,1.5,False,"5(7,11,4)15(1,10)(3,12,14)(6,8)-9-(2,16)13",2,3,0.0,False,"5,7(1,11,4)15(3,10,14)6,9,12(2,8,16)13",3,3,1.5,False,-1,
202206030204,4,3歳未勝利,芝,1800,曇,重,11:25,2022-03-27,中山,12,8,16,2019104440,トーセンアンジェロ,牝3,54,01127,丸山元気,1:53.3,2,15-15-14-13,37.4,76.8,11,430(-4),01081,[東]中川公成,270006,島川隆哉,,"5,11(1,7,15)(4,10)12(3,8,14)-6(2,9)-(13,16)",15,2,8.5,False,"5,11,7,15(1,4,10)(3,8,12)14,6-9,2,16,13",15,1,12.5,False,"5(7,11,4)15(1,10)(3,12,14)(6,8)-9-(2,16)13",14,2,7.0,False,"5,7(1,11,4)15(3,10,14)6,9,12(2,8,16)13",13,3,4.5,False,-1,
202206030204,4,3歳未勝利,芝,1800,曇,重,11:25,2022-03-27,中山,13,1,2,2019105210,ジャドブッファン,牡3,56,01096,大野拓弥,1:53.4,1/2,13-14-14-13,37.5,63.0,10,490(0),01145,[東]奥村武,808800,Ｇ１レーシング,,"5,11(1,7,15)(4,10)12(3,8,14)-6(2,9)-(13,16)",13,2,5.0,False,"5,11,7,15(1,4,10)(3,8,12)14,6-9,2,16,13",14,1,11.0,False,"5(7,11,4)15(1,10)(3,12,14)(6,8)-9-(2,16)13",14,2,7.0,False,"5,7(1,11,4)15(3,10,14)6,9,12(2,8,16)13",13,3,4.5,False,-1,
202206030204,4,3歳未勝利,芝,1800,曇,重,11:25,2022-03-27,中山,14,7,13,2019105750,カルチェリノイオリ,牝3,54,00422,内田博幸,1:53.4,ハナ,15-16-16-16,37.3,36.8,9,428(-6),01096,[東]粕谷昌央,457002,海谷幸司,,"5,11(1,7,15)(4,10)12(3,8,14)-6(2,9)-(13,16)",15,2,8.5,False,"5,11,7,15(1,4,10)(3,8,12)14,6-9,2,16,13",16,1,14.0,False,"5(7,11,4)15(1,10)(3,12,14)(6,8)-9-(2,16)13",16,1,7.0,False,"5,7(1,11,4)15(3,10,14)6,9,12(2,8,16)13",16,1,4.5,False,-1,
202206030204,4,3歳未勝利,芝,1800,曇,重,11:25,2022-03-27,中山,15,6,12,2019105089,ヴィアルネッサンス,牝3,54,05386,戸崎圭太,1:53.5,クビ,8-8-8-12,38.5,5.1,3,434(0),01126,[東]木村哲也,790005,吉田勝己,,"5,11(1,7,15)(4,10)12(3,8,14)-6(2,9)-(13,16)",8,1,1.5,False,"5,11,7,15(1,4,10)(3,8,12)14,6-9,2,16,13",8,3,4.5,False,"5(7,11,4)15(1,10)(3,12,14)(6,8)-9-(2,16)13",8,3,0.0,False,"5,7(1,11,4)15(3,10,14)6,9,12(2,8,16)13",12,1,4.5,False,-1,
202206030204,4,3歳未勝利,芝,1800,曇,重,11:25,2022-03-27,中山,16,4,8,2019105805,ペルグランデ,牝3,51,01183,小林脩斗,1:53.8,1.3/4,9-8-11-13,38.6,83.2,12,434(+2),01131,[東]蛯名利弘,716800,ビッグレッドファーム,,"5,11(1,7,15)(4,10)12(3,8,14)-6(2,9)-(13,16)",9,3,1.5,False,"5,11,7,15(1,4,10)(3,8,12)14,6-9,2,16,13",8,3,4.5,False,"5(7,11,4)15(1,10)(3,12,14)(6,8)-9-(2,16)13",11,2,0.0,False,"5,7(1,11,4)15(3,10,14)6,9,12(2,8,16)13",13,3,4.5,False,-1,
202206030205,5,3歳1勝クラス,ダ,1200,曇,重,12:15,2022-03-27,中山,1,8,15,2019105058,ミユキアイラブユー,牡3,54,01188,永野猛蔵,1:10.7,,2-2,37.2,6.3,3,560(+4),01068,[東]小島茂之,890007,長井純一,750.0,,,,,,,,,,,"11,15,10(3,13)(2,4,9)(8,12)-6(7,14)(1,5)",2,1,1.5,False,"(*11,15)10(3,4,13)(8,12,9)(1,6)2(5,7)14",2,2,0.0,False,-17,
202206030205,5,3歳1勝クラス,ダ,1200,曇,重,12:15,2022-03-27,中山,2,4,6,2019106808,ウィンダミア,牡3,56,01127,丸山元気,1:11.1,2.1/2,11-10,36.5,3.1,1,462(+8),01163,[東]林徹,553800,広尾レース,300.0,,,,,,,,,,,"11,15,10(3,13)(2,4,9)(8,12)-6(7,14)(1,5)",11,1,6.5,False,"(*11,15)10(3,4,13)(8,12,9)(1,6)2(5,7)14",10,2,0.0,False,-17,
202206030205,5,3歳1勝クラス,ダ,1200,曇,重,12:15,2022-03-27,中山,3,5,9,2019105913,ライラボンド,牡3,56,01142,長岡禎仁,1:11.1,クビ,6-7,37.0,12.3,5,500(0),01110,[西]清水久詞,188800,ＹＧＧホースクラブ,190.0,,,,,,,,,,,"11,15,10(3,13)(2,4,9)(8,12)-6(7,14)(1,5)",6,3,3.0,False,"(*11,15)10(3,4,13)(8,12,9)(1,6)2(5,7)14",7,3,0.0,False,-17,
202206030205,5,3歳1勝クラス,ダ,1200,曇,重,12:15,2022-03-27,中山,4,5,8,2019101741,イグザルト,牡3,56,01092,津村明秀,1:11.4,1.3/4,9-7,37.1,18.8,8,488(-4),01119,[東]田中剛,015008,青山洋一,110.0,,,,,,,,,,,"11,15,10(3,13)(2,4,9)(8,12)-6(7,14)(1,5)",9,2,3.0,False,"(*11,15)10(3,4,13)(8,12,9)(1,6)2(5,7)14",7,3,0.0,False,-17,
202206030205,5,3歳1勝クラス,ダ,1200,曇,重,12:15,2022-03-27,中山,5,7,12,2019100718,スコラーリ,牡3,56,05386,戸崎圭太,1:11.5,1/2,9-7,37.3,4.8,2,474(+4),01017,[東]萩原清,138007,吉田和美,75.0,,,,,,,,,,,"11,15,10(3,13)(2,4,9)(8,12)-6(7,14)(1,5)",9,2,3.0,False,"(*11,15)10(3,4,13)(8,12,9)(1,6)2(5,7)14",7,3,0.0,False,-17,
202206030205,5,3歳1勝クラス,ダ,1200,曇,重,12:15,2022-03-27,中山,6,3,4,2019104952,ロープスピニング,牝3,54,01169,武藤雅,1:11.7,1.1/4,6-4,37.7,14.1,7,436(+4),01064,[東]武藤善則,758005,吉田照哉,,,,,,,,,,,,"11,15,10(3,13)(2,4,9)(8,12)-6(7,14)(1,5)",6,3,3.0,False,"(*11,15)10(3,4,13)(8,12,9)(1,6)2(5,7)14",4,3,0.0,False,-17,
202206030205,5,3歳1勝クラス,ダ,1200,曇,重,12:15,2022-03-27,中山,7,7,13,2019103440,ミラビリス,牝3,54,01178,斎藤新,1:12.3,4,4-4,38.4,7.1,4,446(+6),01086,[東]斎藤誠,553031,石井輝昭,,,,,,,,,,,,"11,15,10(3,13)(2,4,9)(8,12)-6(7,14)(1,5)",4,2,3.0,False,"(*11,15)10(3,4,13)(8,12,9)(1,6)2(5,7)14",4,3,0.0,False,-17,
202206030205,5,3歳1勝クラス,ダ,1200,曇,重,12:15,2022-03-27,中山,8,6,11,2019100132,ペイシャカレン,牝3,54,00689,江田照男,1:12.3,クビ,1-1,39.0,20.4,9,444(-2),01096,[東]粕谷昌央,163002,北所直人,,,,,,,,,,,,"11,15,10(3,13)(2,4,9)(8,12)-6(7,14)(1,5)",1,1,0.0,False,"(*11,15)10(3,4,13)(8,12,9)(1,6)2(5,7)14",1,2,0.0,True,-17,
202206030205,5,3歳1勝クラス,ダ,1200,曇,重,12:15,2022-03-27,中山,9,8,14,2019104733,トゥーレツリー,牝3,54,01140,横山和生,1:12.4,クビ,12-15,37.7,13.6,6,432(-2),01164,[西]安田翔伍,415800,社台レースホース,,,,,,,,,,,,"11,15,10(3,13)(2,4,9)(8,12)-6(7,14)(1,5)",12,2,6.5,False,"(*11,15)10(3,4,13)(8,12,9)(1,6)2(5,7)14",15,1,0.0,False,-17,
202206030205,5,3歳1勝クラス,ダ,1200,曇,重,12:15,2022-03-27,中山,10,2,3,2019101018,リュタン,牡3,56,01091,丹内祐次,1:12.4,ハナ,4-4,38.5,82.4,12,482(-8),01064,[東]武藤善則,716800,ビッグレッドファーム,,,,,,,,,,,,"11,15,10(3,13)(2,4,9)(8,12)-6(7,14)(1,5)",4,2,3.0,False,"(*11,15)10(3,4,13)(8,12,9)(1,6)2(5,7)14",4,3,0.0,False,-17,
202206030205,5,3歳1勝クラス,ダ,1200,曇,重,12:15,2022-03-27,中山,11,4,7,2019101428,ローズブルーム,牝3,54,01135,杉原誠人,1:12.5,3/4,12-13,37.8,319.2,15,446(0),01109,[東]伊藤大士,629800,ミルファーム,,,,,,,,,,,,"11,15,10(3,13)(2,4,9)(8,12)-6(7,14)(1,5)",12,2,6.5,False,"(*11,15)10(3,4,13)(8,12,9)(1,6)2(5,7)14",13,2,0.0,False,-17,
202206030205,5,3歳1勝クラス,ダ,1200,曇,重,12:15,2022-03-27,中山,12,1,1,2019102714,ライヴアメシスト,牝3,51,01183,小林脩斗,1:12.7,3/4,14-10,37.9,87.1,13,414(-6),01133,[東]黒岩陽一,214033,澤田孝之,,,,,,,,,,,,"11,15,10(3,13)(2,4,9)(8,12)-6(7,14)(1,5)",14,2,6.5,False,"(*11,15)10(3,4,13)(8,12,9)(1,6)2(5,7)14",10,2,0.0,False,-17,
202206030205,5,3歳1勝クラス,ダ,1200,曇,重,12:15,2022-03-27,中山,13,3,5,2019100512,キョウエイゾロ,牝3,54,01150,石川裕紀,1:12.8,1/2,14-13,38.0,223.1,14,462(-6),01177,[東]伊坂重信,619002,田中晴夫,,,,,,,,,,,,"11,15,10(3,13)(2,4,9)(8,12)-6(7,14)(1,5)",14,2,6.5,False,"(*11,15)10(3,4,13)(8,12,9)(1,6)2(5,7)14",13,2,0.0,False,-17,
202206030205,5,3歳1勝クラス,ダ,1200,曇,重,12:15,2022-03-27,中山,14,6,10,2019100055,アリススプリングス,牝3,54,01122,三浦皇成,1:13.0,1.1/4,3-3,39.3,20.7,10,436(+2),00412,[東]高橋裕,471800,アラキファーム,,,,,,,,,,,,"11,15,10(3,13)(2,4,9)(8,12)-6(7,14)(1,5)",3,1,3.0,False,"(*11,15)10(3,4,13)(8,12,9)(1,6)2(5,7)14",3,1,0.0,False,-17,
202206030205,5,3歳1勝クラス,ダ,1200,曇,重,12:15,2022-03-27,中山,15,2,2,2019104313,ショウナンワオン,牝3,54,00422,内田博幸,1:13.6,3.1/2,6-12,39.5,44.5,11,464(-6),01089,[東]武市康男,679800,湘南,,,,,,,,,,,,"11,15,10(3,13)(2,4,9)(8,12)-6(7,14)(1,5)",6,3,3.0,False,"(*11,15)10(3,4,13)(8,12,9)(1,6)2(5,7)14",12,1,0.0,False,-17,
202206030206,6,4歳以上1勝クラス,ダ,1800,曇,重,12:45,2022-03-27,中山,1,6,7,2018104439,スイートフィル,牝4,55,01179,菅原明良,1:53.5,,8-8-6-3,37.9,20.2,6,462(0),01052,[東]菊川正達,431800,シンボリ牧場,770.0,"9(5,4)10(1,3)6,7,2,11-8",8,1,1.5,False,"9,4(5,10)3(1,6)7,2,11-8",8,1,1.5,False,"(*9,4)10(5,3)(7,6)1,2(11,8)",6,2,0.0,False,"(*9,4)(10,7)(5,3,6)(11,1,2)8",3,2,0.0,False,-14,
202206030206,6,4歳以上1勝クラス,ダ,1800,曇,重,12:45,2022-03-27,中山,2,7,9,2017105276,ミュアウッズ,牝5,55,05386,戸崎圭太,1:53.5,ハナ,1-1-1-1,38.4,2.4,1,576(-4),01103,[東]尾関知人,790005,吉田勝己,310.0,"9(5,4)10(1,3)6,7,2,11-8",1,1,0.0,False,"9,4(5,10)3(1,6)7,2,11-8",1,1,0.0,False,"(*9,4)10(5,3)(7,6)1,2(11,8)",1,2,0.0,True,"(*9,4)(10,7)(5,3,6)(11,1,2)8",1,2,0.0,True,-14,
202206030206,6,4歳以上1勝クラス,ダ,1800,曇,重,12:45,2022-03-27,中山,3,6,6,2018106606,ビーマイセルフ,牝4,55,01135,杉原誠人,1:53.9,2,7-6-6-5,38.3,3.3,2,462(0),01024,[東]萱野浩二,629800,ミルファーム,190.0,"9(5,4)10(1,3)6,7,2,11-8",7,1,0.0,False,"9,4(5,10)3(1,6)7,2,11-8",6,2,1.5,False,"(*9,4)10(5,3)(7,6)1,2(11,8)",6,2,0.0,False,"(*9,4)(10,7)(5,3,6)(11,1,2)8",5,3,0.0,False,-14,
202206030206,6,4歳以上1勝クラス,ダ,1800,曇,重,12:45,2022-03-27,中山,4,4,4,2018103135,トロンアゲイン,牝4,55,01096,大野拓弥,1:53.9,アタマ,2-2-2-2,38.7,6.9,4,452(-4),01165,[東]和田勇介,117800,高昭牧場,120.0,"9(5,4)10(1,3)6,7,2,11-8",2,2,0.0,False,"9,4(5,10)3(1,6)7,2,11-8",2,1,1.5,False,"(*9,4)10(5,3)(7,6)1,2(11,8)",2,2,0.0,False,"(*9,4)(10,7)(5,3,6)(11,1,2)8",2,2,0.0,False,-14,
202206030206,6,4歳以上1勝クラス,ダ,1800,曇,重,12:45,2022-03-27,中山,5,2,2,2018100595,メイショウホオズキ,牝4,55,01122,三浦皇成,1:54.4,3,9-9-9-8,38.6,5.5,3,480(+2),01118,[東]高柳瑞樹,523005,松本好雄,77.0,"9(5,4)10(1,3)6,7,2,11-8",9,1,3.0,False,"9,4(5,10)3(1,6)7,2,11-8",9,1,3.0,False,"(*9,4)10(5,3)(7,6)1,2(11,8)",9,1,1.5,False,"(*9,4)(10,7)(5,3,6)(11,1,2)8",8,3,0.0,False,-14,
202206030206,6,4歳以上1勝クラス,ダ,1800,曇,重,12:45,2022-03-27,中山,6,8,10,2017103539,ココリミネルヴァ,牝5,55,01158,野中悠太,1:54.6,1,4-3-3-3,39.3,91.4,10,430(+4),01079,[東]古賀慎明,675033,美崎光二郎,,"9(5,4)10(1,3)6,7,2,11-8",4,1,0.0,False,"9,4(5,10)3(1,6)7,2,11-8",3,2,1.5,False,"(*9,4)10(5,3)(7,6)1,2(11,8)",3,1,0.0,False,"(*9,4)(10,7)(5,3,6)(11,1,2)8",3,2,0.0,False,-14,
202206030206,6,4歳以上1勝クラス,ダ,1800,曇,重,12:45,2022-03-27,中山,7,8,11,2016102733,チアフルローズ,牝6,55,01091,丹内祐次,1:54.7,1/2,10-10-10-8,38.8,39.4,8,476(-8),01094,[東]水野貴広,013803,ディアレストクラブ,,"9(5,4)10(1,3)6,7,2,11-8",10,1,4.5,False,"9,4(5,10)3(1,6)7,2,11-8",10,1,4.5,False,"(*9,4)10(5,3)(7,6)1,2(11,8)",10,2,1.5,False,"(*9,4)(10,7)(5,3,6)(11,1,2)8",8,3,0.0,False,-14,
202206030206,6,4歳以上1勝クラス,ダ,1800,曇,重,12:45,2022-03-27,中山,8,1,1,2017105011,エレガントチャーム,牝5,52,01183,小林脩斗,1:54.9,1.1/4,5-6-8-8,39.2,13.5,5,484(+2),01115,[東]菊沢隆徳,808800,Ｇ１レーシング,,"9(5,4)10(1,3)6,7,2,11-8",5,2,0.0,False,"9,4(5,10)3(1,6)7,2,11-8",6,2,1.5,False,"(*9,4)10(5,3)(7,6)1,2(11,8)",8,1,0.0,False,"(*9,4)(10,7)(5,3,6)(11,1,2)8",8,3,0.0,False,-14,
202206030206,6,4歳以上1勝クラス,ダ,1800,曇,重,12:45,2022-03-27,中山,9,7,8,2018103206,クオンタム,牝4,55,00689,江田照男,1:55.0,3/4,11-11-10-11,39.0,94.8,11,448(-4),01190,[東]村田一誠,629800,ミルファーム,,"9(5,4)10(1,3)6,7,2,11-8",11,1,8.0,False,"9,4(5,10)3(1,6)7,2,11-8",11,1,8.0,False,"(*9,4)10(5,3)(7,6)1,2(11,8)",10,2,1.5,False,"(*9,4)(10,7)(5,3,6)(11,1,2)8",11,1,0.0,False,-14,
202206030206,6,4歳以上1勝クラス,ダ,1800,曇,重,12:45,2022-03-27,中山,10,5,5,2018105552,トレイトセオリー,牝4,55,00422,内田博幸,1:55.2,1.1/4,2-3-4-5,39.8,53.0,9,454(+4),01165,[東]和田勇介,415800,社台レースホース,,"9(5,4)10(1,3)6,7,2,11-8",2,2,0.0,False,"9,4(5,10)3(1,6)7,2,11-8",3,2,1.5,False,"(*9,4)10(5,3)(7,6)1,2(11,8)",4,2,0.0,False,"(*9,4)(10,7)(5,3,6)(11,1,2)8",5,3,0.0,False,-14,
202206030206,6,4歳以上1勝クラス,ダ,1800,曇,重,12:45,2022-03-27,中山,11,3,3,2018102987,アオイシチフク,牝4,52,01192,横山琉人,1:55.3,1/2,5-5-4-5,39.9,37.3,7,488(0),01153,[東]中舘英二,137030,鈴木照雄,,"9(5,4)10(1,3)6,7,2,11-8",5,2,0.0,False,"9,4(5,10)3(1,6)7,2,11-8",5,1,1.5,False,"(*9,4)10(5,3)(7,6)1,2(11,8)",4,2,0.0,False,"(*9,4)(10,7)(5,3,6)(11,1,2)8",5,3,0.0,False,-14,
202206030207,7,4歳以上1勝クラス,ダ,1200,曇,重,13:15,2022-03-27,中山,1,5,8,2018106448,トミケンカラバティ,牡4,55,01188,永野猛蔵,1:11.7,,7-5,36.6,2.1,1,452(-2),01141,[東]尾形和幸,735033,佐野信幸,770.0,,,,,,,,,,,"(*2,11)(1,4,12,9)(3,8,13)10(15,14)-5(6,7)",7,3,0.0,False,"(*2,11)(1,9)(4,8)(3,12)(10,13)14(15,5)=(6,7)",5,2,0.0,False,-17,
202206030207,7,4歳以上1勝クラス,ダ,1200,曇,重,13:15,2022-03-27,中山,2,5,9,2018103387,スリーマイトコーズ,牝4,55,01127,丸山元気,1:11.9,1.1/4,3-3,37.0,24.1,6,452(+4),01119,[東]田中剛,061800,永井商事,310.0,,,,,,,,,,,"(*2,11)(1,4,12,9)(3,8,13)10(15,14)-5(6,7)",3,4,0.0,False,"(*2,11)(1,9)(4,8)(3,12)(10,13)14(15,5)=(6,7)",3,2,0.0,False,-17,
202206030207,7,4歳以上1勝クラス,ダ,1200,曇,重,13:15,2022-03-27,中山,3,2,3,2018101817,アイスマン,牡4,57,00422,内田博幸,1:11.9,ハナ,7-7,36.7,24.3,8,472(-2),00417,[東]土田稔,370008,岡浩二,190.0,,,,,,,,,,,"(*2,11)(1,4,12,9)(3,8,13)10(15,14)-5(6,7)",7,3,0.0,False,"(*2,11)(1,9)(4,8)(3,12)(10,13)14(15,5)=(6,7)",7,2,0.0,False,-17,
202206030207,7,4歳以上1勝クラス,ダ,1200,曇,重,13:15,2022-03-27,中山,4,6,10,2018100562,ノーブルハーバー,牝4,55,01179,菅原明良,1:12.1,3/4,10-9,36.8,24.7,9,462(+2),01026,[東]鈴木伸尋,755030,吉木伸彦,120.0,,,,,,,,,,,"(*2,11)(1,4,12,9)(3,8,13)10(15,14)-5(6,7)",10,1,0.0,False,"(*2,11)(1,9)(4,8)(3,12)(10,13)14(15,5)=(6,7)",9,2,0.0,False,-17,
202206030207,7,4歳以上1勝クラス,ダ,1200,曇,重,13:15,2022-03-27,中山,5,1,1,2018106472,シーオブドリームス,牝4,55,01092,津村明秀,1:12.5,2.1/2,3-3,37.6,11.8,4,476(0),01108,[東]矢野英一,536800,大樹ファーム,77.0,,,,,,,,,,,"(*2,11)(1,4,12,9)(3,8,13)10(15,14)-5(6,7)",3,4,0.0,False,"(*2,11)(1,9)(4,8)(3,12)(10,13)14(15,5)=(6,7)",3,2,0.0,False,-17,
202206030207,7,4歳以上1勝クラス,ダ,1200,曇,重,13:15,2022-03-27,中山,6,6,11,2016105470,リゼ,牝6,55,01109,黛弘人,1:12.6,1/2,2-2,38.0,197.7,14,466(+20),01195,[東]嘉藤貴行,851009,岡田牧雄,,,,,,,,,,,,"(*2,11)(1,4,12,9)(3,8,13)10(15,14)-5(6,7)",2,2,0.0,False,"(*2,11)(1,9)(4,8)(3,12)(10,13)14(15,5)=(6,7)",2,2,0.0,False,-17,
202206030207,7,4歳以上1勝クラス,ダ,1200,曇,重,13:15,2022-03-27,中山,7,3,5,2018101051,タマダイヤモンド,牝4,52,01192,横山琉人,1:12.6,ハナ,13-12,36.3,15.6,5,484(+2),01020,[東]相沢郁,898004,玉井鶴枝,,,,,,,,,,,,"(*2,11)(1,4,12,9)(3,8,13)10(15,14)-5(6,7)",13,1,3.5,False,"(*2,11)(1,9)(4,8)(3,12)(10,13)14(15,5)=(6,7)",12,2,0.0,False,-17,
202206030207,7,4歳以上1勝クラス,ダ,1200,曇,重,13:15,2022-03-27,中山,8,8,14,2018103443,コパノフレディー,牡4,57,01096,大野拓弥,1:12.6,クビ,11-11,37.2,4.3,2,494(-2),00423,[東]上原博之,966007,小林祥晃,,,,,,,,,,,,"(*2,11)(1,4,12,9)(3,8,13)10(15,14)-5(6,7)",11,2,0.0,False,"(*2,11)(1,9)(4,8)(3,12)(10,13)14(15,5)=(6,7)",11,1,0.0,False,-17,
202206030207,7,4歳以上1勝クラス,ダ,1200,曇,重,13:15,2022-03-27,中山,9,2,2,2018105992,スマイルアモーレ,牝4,55,01122,三浦皇成,1:12.7,クビ,1-1,38.1,7.5,3,450(-2),01169,[東]加藤士津,385031,星加浩一,,,,,,,,,,,,"(*2,11)(1,4,12,9)(3,8,13)10(15,14)-5(6,7)",1,2,0.0,True,"(*2,11)(1,9)(4,8)(3,12)(10,13)14(15,5)=(6,7)",1,2,0.0,True,-17,
202206030207,7,4歳以上1勝クラス,ダ,1200,曇,重,13:15,2022-03-27,中山,10,8,15,2018101281,セブンパワー,セ4,57,01150,石川裕紀,1:12.9,1.1/2,11-12,37.4,40.4,12,444(-8),01116,[東]新開幸一,903007,前迫義幸,,,,,,,,,,,,"(*2,11)(1,4,12,9)(3,8,13)10(15,14)-5(6,7)",11,2,0.0,False,"(*2,11)(1,9)(4,8)(3,12)(10,13)14(15,5)=(6,7)",12,2,0.0,False,-17,
202206030207,7,4歳以上1勝クラス,ダ,1200,曇,重,13:15,2022-03-27,中山,11,7,13,2018105379,ロジローズ,牡4,57,01144,菱田裕二,1:13.0,クビ,7-9,37.8,24.3,7,458(+2),01102,[東]大竹正博,399030,久米田正明,,,,,,,,,,,,"(*2,11)(1,4,12,9)(3,8,13)10(15,14)-5(6,7)",7,3,0.0,False,"(*2,11)(1,9)(4,8)(3,12)(10,13)14(15,5)=(6,7)",9,2,0.0,False,-17,
202206030207,7,4歳以上1勝クラス,ダ,1200,曇,重,13:15,2022-03-27,中山,12,3,4,2018104409,レオテソーロ,牡4,57,01162,木幡巧也,1:13.3,1.3/4,3-5,38.4,28.7,10,474(-2),01048,[東]畠山吉宏,089803,了徳寺健二ホールディ...,,,,,,,,,,,,"(*2,11)(1,4,12,9)(3,8,13)10(15,14)-5(6,7)",3,4,0.0,False,"(*2,11)(1,9)(4,8)(3,12)(10,13)14(15,5)=(6,7)",5,2,0.0,False,-17,
202206030207,7,4歳以上1勝クラス,ダ,1200,曇,重,13:15,2022-03-27,中山,13,4,7,2017109077,リネンフリー,牝5,55,01158,野中悠太,1:13.6,1.3/4,14-14,37.1,210.2,15,442(+6),00437,[東]南田美知,851005,戸山光男,,,,,,,,,,,,"(*2,11)(1,4,12,9)(3,8,13)10(15,14)-5(6,7)",14,2,3.5,False,"(*2,11)(1,9)(4,8)(3,12)(10,13)14(15,5)=(6,7)",14,2,6.0,False,-17,
202206030207,7,4歳以上1勝クラス,ダ,1200,曇,重,13:15,2022-03-27,中山,14,4,6,2018104105,ハイオプターレ,牡4,57,00689,江田照男,1:13.8,1.1/4,14-14,37.3,120.8,13,530(-4),01088,[東]高木登,013803,ディアレストクラブ,,,,,,,,,,,,"(*2,11)(1,4,12,9)(3,8,13)10(15,14)-5(6,7)",14,2,3.5,False,"(*2,11)(1,9)(4,8)(3,12)(10,13)14(15,5)=(6,7)",14,2,6.0,False,-17,
202206030207,7,4歳以上1勝クラス,ダ,1200,曇,重,13:15,2022-03-27,中山,15,7,12,2018106598,ドルフィンクエスト,牡4,57,01135,杉原誠人,1:14.1,1.1/2,3-7,39.3,37.3,11,456(-10),01109,[東]伊藤大士,629800,ミルファーム,,,,,,,,,,,,"(*2,11)(1,4,12,9)(3,8,13)10(15,14)-5(6,7)",3,4,0.0,False,"(*2,11)(1,9)(4,8)(3,12)(10,13)14(15,5)=(6,7)",7,2,0.0,False,-17,
202206030208,8,4歳以上2勝クラス,芝,1800,曇,重,13:45,2022-03-27,中山,1,4,4,2016100550,ヒルノダカール,牡6,57,01015,古川吉洋,1:48.8,,1-1-1-1,35.8,6.3,3,516(-2),01078,[西]北出成人,823800,ヒルノ,"1,110.0","4,10(2,6,8)(1,9)5(7,11)3",1,1,0.0,False,"(*4,10)8(2,6)(1,9)5,7,3,11",1,2,0.0,True,"(*4,10)8,2(1,6,9)(5,11)(3,7)",1,2,0.0,True,"4,10(2,8)-1(5,6)(3,9)(11,7)",1,1,0.0,False,-1,
202206030208,8,4歳以上2勝クラス,芝,1800,曇,重,13:45,2022-03-27,中山,2,5,5,2015102127,スズカノロッソ,セ7,57,01091,丹内祐次,1:49.0,1.1/4,8-8-8-6,35.1,15.2,5,490(+12),01068,[東]小島茂之,382004,永井啓弍,440.0,"4,10(2,6,8)(1,9)5(7,11)3",8,1,1.5,False,"(*4,10)8(2,6)(1,9)5,7,3,11",8,1,0.0,False,"(*4,10)8,2(1,6,9)(5,11)(3,7)",8,2,1.5,False,"4,10(2,8)-1(5,6)(3,9)(11,7)",6,2,5.0,False,-1,
202206030208,8,4歳以上2勝クラス,芝,1800,曇,重,13:45,2022-03-27,中山,3,2,2,2018105213,ルドヴィクス,牡4,57,01144,菱田裕二,1:49.0,ハナ,3-4-4-3,35.5,9.9,4,516(-6),01067,[東]久保田貴,941033,村木克子,280.0,"4,10(2,6,8)(1,9)5(7,11)3",3,3,1.5,False,"(*4,10)8(2,6)(1,9)5,7,3,11",4,2,0.0,False,"(*4,10)8,2(1,6,9)(5,11)(3,7)",4,1,1.5,False,"4,10(2,8)-1(5,6)(3,9)(11,7)",3,2,1.5,False,-1,
202206030208,8,4歳以上2勝クラス,芝,1800,曇,重,13:45,2022-03-27,中山,4,8,10,2018105274,アンダープロット,牡4,57,01150,石川裕紀,1:49.0,クビ,2-2-2-2,35.9,1.7,1,498(+4),01059,[東]加藤征弘,506800,シルクレーシング,170.0,"4,10(2,6,8)(1,9)5(7,11)3",2,1,1.5,False,"(*4,10)8(2,6)(1,9)5,7,3,11",2,2,0.0,False,"(*4,10)8,2(1,6,9)(5,11)(3,7)",2,2,0.0,False,"4,10(2,8)-1(5,6)(3,9)(11,7)",2,1,1.5,False,-1,
202206030208,8,4歳以上2勝クラス,芝,1800,曇,重,13:45,2022-03-27,中山,5,1,1,2016104665,ミトロジー,セ6,57,01122,三浦皇成,1:49.1,1/2,6-6-5-5,35.4,4.9,2,482(0),01103,[東]尾関知人,506800,シルクレーシング,111.0,"4,10(2,6,8)(1,9)5(7,11)3",6,2,1.5,False,"(*4,10)8(2,6)(1,9)5,7,3,11",6,2,0.0,False,"(*4,10)8,2(1,6,9)(5,11)(3,7)",5,3,1.5,False,"4,10(2,8)-1(5,6)(3,9)(11,7)",5,1,5.0,False,-1,
202206030208,8,4歳以上2勝クラス,芝,1800,曇,重,13:45,2022-03-27,中山,6,7,8,2017104232,ディアセオリー,牡5,57,01096,大野拓弥,1:49.3,1,3-3-3-3,36.0,42.3,8,496(+4),01088,[東]高木登,013803,ディアレストクラブ,,"4,10(2,6,8)(1,9)5(7,11)3",3,3,1.5,False,"(*4,10)8(2,6)(1,9)5,7,3,11",3,1,0.0,False,"(*4,10)8,2(1,6,9)(5,11)(3,7)",3,1,0.0,False,"4,10(2,8)-1(5,6)(3,9)(11,7)",3,2,1.5,False,-1,
202206030208,8,4歳以上2勝クラス,芝,1800,曇,重,13:45,2022-03-27,中山,7,3,3,2017103299,メタルスパーク,セ5,54,01197,佐々木大,1:49.6,1.3/4,11-10-10-8,35.5,181.5,10,494(+2),01052,[東]菊川正達,013803,ディアレストクラブ,,"4,10(2,6,8)(1,9)5(7,11)3",11,1,1.5,False,"(*4,10)8(2,6)(1,9)5,7,3,11",10,1,3.0,False,"(*4,10)8,2(1,6,9)(5,11)(3,7)",10,2,1.5,False,"4,10(2,8)-1(5,6)(3,9)(11,7)",8,2,5.0,False,-1,
202206030208,8,4歳以上2勝クラス,芝,1800,曇,重,13:45,2022-03-27,中山,8,6,6,2015105451,ブラックデビル,セ7,54,01192,横山琉人,1:50.4,5,3-4-5-6,36.8,207.1,11,472(-2),01010,[東]中野栄治,684030,岡田壮史,,"4,10(2,6,8)(1,9)5(7,11)3",3,3,1.5,False,"(*4,10)8(2,6)(1,9)5,7,3,11",4,2,0.0,False,"(*4,10)8,2(1,6,9)(5,11)(3,7)",5,3,1.5,False,"4,10(2,8)-1(5,6)(3,9)(11,7)",6,2,5.0,False,-1,
202206030208,8,4歳以上2勝クラス,芝,1800,曇,重,13:45,2022-03-27,中山,9,7,9,2018104881,ジオフロント,牡4,57,01179,菅原明良,1:50.8,2.1/2,6-6-5-8,37.1,15.7,6,456(0),01110,[西]清水久詞,226800,サンデーレーシング,,"4,10(2,6,8)(1,9)5(7,11)3",6,2,1.5,False,"(*4,10)8(2,6)(1,9)5,7,3,11",6,2,0.0,False,"(*4,10)8,2(1,6,9)(5,11)(3,7)",5,3,1.5,False,"4,10(2,8)-1(5,6)(3,9)(11,7)",8,2,5.0,False,-1,
202206030208,8,4歳以上2勝クラス,芝,1800,曇,重,13:45,2022-03-27,中山,10,8,11,2017104646,フローズンスタイル,牝5,53,01188,永野猛蔵,1:50.9,1,9-11-8-10,37.0,41.5,7,454(+2),01133,[東]黒岩陽一,758005,吉田照哉,,"4,10(2,6,8)(1,9)5(7,11)3",9,2,1.5,False,"(*4,10)8(2,6)(1,9)5,7,3,11",11,1,4.5,False,"(*4,10)8,2(1,6,9)(5,11)(3,7)",8,2,1.5,False,"4,10(2,8)-1(5,6)(3,9)(11,7)",10,2,5.0,False,-1,
202206030208,8,4歳以上2勝クラス,芝,1800,曇,重,13:45,2022-03-27,中山,11,6,7,2018103684,カイザーノヴァ,牡4,57,00422,内田博幸,1:51.0,1/2,9-9-10-10,36.8,47.5,9,460(-6),01179,[東]鈴木慎太,553800,広尾レース,,"4,10(2,6,8)(1,9)5(7,11)3",9,2,1.5,False,"(*4,10)8(2,6)(1,9)5,7,3,11",9,1,1.5,False,"(*4,10)8,2(1,6,9)(5,11)(3,7)",10,2,1.5,False,"4,10(2,8)-1(5,6)(3,9)(11,7)",10,2,5.0,False,-1,
202206030209,9,ミモザ賞(1勝),芝,2000,曇,重,14:15,2022-03-27,中山,1,4,4,2019107033,ラブパイロー,牝3,54,01158,野中悠太,2:02.6,,1-1-1-1,36.2,33.0,7,474(+2),01124,[東]大和田成,291002,増田陽一,"1,048.9","4,5(3,8)2,1,7-6",1,1,0.0,False,"4,5(3,8)1,2-7,6",1,1,0.0,False,"4,5(3,8)(1,2)7,6",1,1,0.0,False,"(*4,5)-(3,1,2)(7,8)6",1,2,0.0,True,-1,
202206030209,9,ミモザ賞(1勝),芝,2000,曇,重,14:15,2022-03-27,中山,2,5,5,2019105062,エーデルブルーメ,牝3,54,01140,横山和生,2:02.8,1.1/4,2-2-2-2,36.3,2.5,1,464(-2),00438,[西]安田隆行,506800,シルクレーシング,415.4,"4,5(3,8)2,1,7-6",2,1,1.5,False,"4,5(3,8)1,2-7,6",2,1,1.5,False,"4,5(3,8)(1,2)7,6",2,1,1.5,False,"(*4,5)-(3,1,2)(7,8)6",2,2,0.0,False,-1,
202206030209,9,ミモザ賞(1勝),芝,2000,曇,重,14:15,2022-03-27,中山,3,7,7,2019103973,ルージュリナージュ,牝3,54,05386,戸崎圭太,2:02.9,3/4,7-7-7-6,35.9,5.5,4,424(-6),00420,[東]宗像義忠,180800,東京ホースレーシング,262.7,"4,5(3,8)2,1,7-6",7,1,4.5,False,"4,5(3,8)1,2-7,6",7,1,6.5,False,"4,5(3,8)(1,2)7,6",7,1,1.5,False,"(*4,5)-(3,1,2)(7,8)6",6,2,3.5,False,-1,
202206030209,9,ミモザ賞(1勝),芝,2000,曇,重,14:15,2022-03-27,中山,4,6,6,2019104550,ストキャスティーク,牝3,54,01144,菱田裕二,2:02.9,ハナ,8-8-8-8,35.7,12.6,5,446(-2),01102,[東]大竹正博,499033,藤田岳彦,150.0,"4,5(3,8)2,1,7-6",8,1,8.0,False,"4,5(3,8)1,2-7,6",8,1,8.0,False,"4,5(3,8)(1,2)7,6",8,1,3.0,False,"(*4,5)-(3,1,2)(7,8)6",8,1,3.5,False,-1,
202206030209,9,ミモザ賞(1勝),芝,2000,曇,重,14:15,2022-03-27,中山,5,3,3,2019105634,カランセ,牝3,54,01150,石川裕紀,2:03.6,4,3-3-3-3,36.9,77.8,8,462(-12),01132,[東]金成貴史,268033,野田努,103.0,"4,5(3,8)2,1,7-6",3,2,1.5,False,"4,5(3,8)1,2-7,6",3,2,1.5,False,"4,5(3,8)(1,2)7,6",3,2,1.5,False,"(*4,5)-(3,1,2)(7,8)6",3,3,3.5,False,-1,
202206030209,9,ミモザ賞(1勝),芝,2000,曇,重,14:15,2022-03-27,中山,6,2,2,2019104674,エバーハンティング,牝3,54,01179,菅原明良,2:03.8,1.1/4,5-6-5-3,37.0,4.2,3,412(+2),01068,[東]小島茂之,039030,宇田豊,,"4,5(3,8)2,1,7-6",5,1,1.5,False,"4,5(3,8)1,2-7,6",6,1,3.0,False,"4,5(3,8)(1,2)7,6",5,2,1.5,False,"(*4,5)-(3,1,2)(7,8)6",3,3,3.5,False,-1,
202206030209,9,ミモザ賞(1勝),芝,2000,曇,重,14:15,2022-03-27,中山,7,1,1,2019105430,シゲルイワイザケ,牝3,54,01122,三浦皇成,2:03.9,3/4,6-5-5-3,37.1,3.4,2,476(-10),01155,[西]渡辺薫彦,674004,森中蕃,,"4,5(3,8)2,1,7-6",6,1,3.0,False,"4,5(3,8)1,2-7,6",5,1,1.5,False,"4,5(3,8)(1,2)7,6",5,2,1.5,False,"(*4,5)-(3,1,2)(7,8)6",3,3,3.5,False,-1,
202206030209,9,ミモザ賞(1勝),芝,2000,曇,重,14:15,2022-03-27,中山,8,8,8,2019104421,トーセンシュシュ,牝3,54,01188,永野猛蔵,2:04.8,5,3-3-3-6,38.1,26.1,6,476(-14),01027,[東]田村康仁,270006,島川隆哉,,"4,5(3,8)2,1,7-6",3,2,1.5,False,"4,5(3,8)1,2-7,6",3,2,1.5,False,"4,5(3,8)(1,2)7,6",3,2,1.5,False,"(*4,5)-(3,1,2)(7,8)6",6,2,3.5,False,-1,
202206030210,10,春興S(3勝),芝,1600,曇,重,14:50,2022-03-27,中山,1,4,8,2018100382,ソウルラッシュ,牡4,56,01115,浜中俊,1:34.1,,5-3-2,35.8,2.2,1,500(+6),01071,[西]池江泰寿,248030,石川達絵,"1,875.7",,,,,,"3(5,6,7)(8,10,14)(2,15)9(1,12)(4,11)16,13",5,3,0.0,False,"3,5(8,6)10(2,7)(15,14,12)1(9,11)(4,16)13",3,2,1.5,False,"3(8,5,6)-(2,10)(15,12)(7,14)(9,1)11,4(13,16)",2,3,0.0,False,-1,
202206030210,10,春興S(3勝),芝,1600,曇,重,14:50,2022-03-27,中山,2,2,3,2018101646,ウインシャーロット,牝4,53,01150,石川裕紀,1:34.4,2,1-1-1,36.4,4.0,2,498(-8),01114,[東]和田正一,494800,ウイン,750.2,,,,,,"3(5,6,7)(8,10,14)(2,15)9(1,12)(4,11)16,13",1,1,0.0,False,"3,5(8,6)10(2,7)(15,14,12)1(9,11)(4,16)13",1,1,0.0,False,"3(8,5,6)-(2,10)(15,12)(7,14)(9,1)11,4(13,16)",1,1,0.0,False,-1,
202206030210,10,春興S(3勝),芝,1600,曇,重,14:50,2022-03-27,中山,3,5,9,2016104500,ブレイブメジャー,牡6,55,01092,津村明秀,1:34.9,2.1/2,10-12-11,35.7,57.3,12,496(-2),01017,[東]萩原清,506800,シルクレーシング,465.1,,,,,,"3(5,6,7)(8,10,14)(2,15)9(1,12)(4,11)16,13",10,1,0.0,False,"3,5(8,6)10(2,7)(15,14,12)1(9,11)(4,16)13",12,2,1.5,False,"3(8,5,6)-(2,10)(15,12)(7,14)(9,1)11,4(13,16)",11,2,3.5,False,-1,
202206030210,10,春興S(3勝),芝,1600,曇,重,14:50,2022-03-27,中山,4,5,10,2015101707,ルーカス,牡7,56,00422,内田博幸,1:34.9,ハナ,5-5-5,36.3,24.1,7,524(-2),01070,[東]堀宣行,506800,シルクレーシング,280.0,,,,,,"3(5,6,7)(8,10,14)(2,15)9(1,12)(4,11)16,13",5,3,0.0,False,"3,5(8,6)10(2,7)(15,14,12)1(9,11)(4,16)13",5,1,1.5,False,"3(8,5,6)-(2,10)(15,12)(7,14)(9,1)11,4(13,16)",5,2,3.5,False,-1,
202206030210,10,春興S(3勝),芝,1600,曇,重,14:50,2022-03-27,中山,5,1,2,2016102493,ウインレフィナード,牡6,54,01091,丹内祐次,1:35.0,3/4,8-6-5,36.3,62.8,13,464(-4),01048,[東]畠山吉宏,494800,ウイン,184.0,,,,,,"3(5,6,7)(8,10,14)(2,15)9(1,12)(4,11)16,13",8,2,0.0,False,"3,5(8,6)10(2,7)(15,14,12)1(9,11)(4,16)13",6,2,1.5,False,"3(8,5,6)-(2,10)(15,12)(7,14)(9,1)11,4(13,16)",5,2,3.5,False,-1,
202206030210,10,春興S(3勝),芝,1600,曇,重,14:50,2022-03-27,中山,6,1,1,2017110129,リーガルバトル,牡5,55,01122,三浦皇成,1:35.2,1.1/2,11-11-11,36.1,18.0,5,532(0),01134,[東]高橋文雅,138007,吉田和美,,,,,,,"3(5,6,7)(8,10,14)(2,15)9(1,12)(4,11)16,13",11,2,0.0,False,"3,5(8,6)10(2,7)(15,14,12)1(9,11)(4,16)13",11,1,1.5,False,"3(8,5,6)-(2,10)(15,12)(7,14)(9,1)11,4(13,16)",11,2,3.5,False,-1,
202206030210,10,春興S(3勝),芝,1600,曇,重,14:50,2022-03-27,中山,7,7,13,2016105060,トオヤリトセイト,牡6,55,01096,大野拓弥,1:35.3,クビ,16-16-15,35.5,20.4,6,482(-12),01149,[西]松下武士,634033,村田能光,,,,,,,"3(5,6,7)(8,10,14)(2,15)9(1,12)(4,11)16,13",16,1,1.5,False,"3,5(8,6)10(2,7)(15,14,12)1(9,11)(4,16)13",16,1,1.5,False,"3(8,5,6)-(2,10)(15,12)(7,14)(9,1)11,4(13,16)",15,2,5.0,False,-1,
202206030210,10,春興S(3勝),芝,1600,曇,重,14:50,2022-03-27,中山,8,6,12,2017103291,グルアーブ,牝5,52,01188,永野猛蔵,1:35.3,アタマ,11-8-7,36.4,49.5,10,438(-4),01163,[東]林徹,854800,ノルマンディーサラブ...,,,,,,,"3(5,6,7)(8,10,14)(2,15)9(1,12)(4,11)16,13",11,2,0.0,False,"3,5(8,6)10(2,7)(15,14,12)1(9,11)(4,16)13",8,3,1.5,False,"3(8,5,6)-(2,10)(15,12)(7,14)(9,1)11,4(13,16)",7,2,3.5,False,-1,
202206030210,10,春興S(3勝),芝,1600,曇,重,14:50,2022-03-27,中山,9,3,5,2017100511,アールクインダム,牝5,53,01162,木幡巧也,1:35.5,3/4,2-2-2,37.4,25.1,8,480(-6),01109,[東]伊藤大士,427030,前原敏行,,,,,,,"3(5,6,7)(8,10,14)(2,15)9(1,12)(4,11)16,13",2,3,0.0,False,"3,5(8,6)10(2,7)(15,14,12)1(9,11)(4,16)13",2,1,1.5,False,"3(8,5,6)-(2,10)(15,12)(7,14)(9,1)11,4(13,16)",2,3,0.0,False,-1,
202206030210,10,春興S(3勝),芝,1600,曇,重,14:50,2022-03-27,中山,10,8,15,2016104137,メイケイハリアー,牡6,54,01144,菱田裕二,1:35.5,クビ,8-8-7,36.6,56.6,11,478(-2),01033,[西]木原一良,004800,名古屋競馬,,,,,,,"3(5,6,7)(8,10,14)(2,15)9(1,12)(4,11)16,13",8,2,0.0,False,"3,5(8,6)10(2,7)(15,14,12)1(9,11)(4,16)13",8,3,1.5,False,"3(8,5,6)-(2,10)(15,12)(7,14)(9,1)11,4(13,16)",7,2,3.5,False,-1,
202206030210,10,春興S(3勝),芝,1600,曇,重,14:50,2022-03-27,中山,11,6,11,2016105502,ホウオウカトリーヌ,牝6,50,01201,水沼元輝,1:35.5,ハナ,13-12-13,36.2,259.1,16,492(-2),01077,[東]加藤和宏,906033,小笹芳央,,,,,,,"3(5,6,7)(8,10,14)(2,15)9(1,12)(4,11)16,13",13,2,0.0,False,"3,5(8,6)10(2,7)(15,14,12)1(9,11)(4,16)13",12,2,1.5,False,"3(8,5,6)-(2,10)(15,12)(7,14)(9,1)11,4(13,16)",13,1,3.5,False,-1,
202206030210,10,春興S(3勝),芝,1600,曇,重,14:50,2022-03-27,中山,12,8,16,2014101029,スーパーブレイク,牡8,53,01169,武藤雅,1:35.7,1.1/2,15-14-15,36.1,251.3,15,490(+4),01054,[東]戸田博文,425030,堂守貴志,,,,,,,"3(5,6,7)(8,10,14)(2,15)9(1,12)(4,11)16,13",15,1,0.0,False,"3,5(8,6)10(2,7)(15,14,12)1(9,11)(4,16)13",14,2,1.5,False,"3(8,5,6)-(2,10)(15,12)(7,14)(9,1)11,4(13,16)",15,2,5.0,False,-1,
202206030210,10,春興S(3勝),芝,1600,曇,重,14:50,2022-03-27,中山,13,2,4,2016104475,ヴィッテルスバッハ,牡6,55,01127,丸山元気,1:35.8,クビ,13-14-14,36.3,37.1,9,468(-6),01150,[東]池上昌和,486800,キャロットファーム,,,,,,,"3(5,6,7)(8,10,14)(2,15)9(1,12)(4,11)16,13",13,2,0.0,False,"3,5(8,6)10(2,7)(15,14,12)1(9,11)(4,16)13",14,2,1.5,False,"3(8,5,6)-(2,10)(15,12)(7,14)(9,1)11,4(13,16)",14,1,5.0,False,-1,
202206030210,10,春興S(3勝),芝,1600,曇,重,14:50,2022-03-27,中山,14,4,7,2013102840,ケルティックソード,牡9,53,01178,斎藤新,1:36.0,1.1/4,2-6-9,37.3,180.8,14,496(-4),01172,[西]新谷功一,231033,吉田晴哉,,,,,,,"3(5,6,7)(8,10,14)(2,15)9(1,12)(4,11)16,13",2,3,0.0,False,"3,5(8,6)10(2,7)(15,14,12)1(9,11)(4,16)13",6,2,1.5,False,"3(8,5,6)-(2,10)(15,12)(7,14)(9,1)11,4(13,16)",9,2,3.5,False,-1,
202206030210,10,春興S(3勝),芝,1600,曇,重,14:50,2022-03-27,中山,15,7,14,2017105353,シンハリング,牝5,53,01179,菅原明良,1:36.0,クビ,5-8-9,37.2,8.7,4,512(+2),00399,[東]国枝栄,026803,ＤＭＭドリームクラブ,,,,,,,"3(5,6,7)(8,10,14)(2,15)9(1,12)(4,11)16,13",5,3,0.0,False,"3,5(8,6)10(2,7)(15,14,12)1(9,11)(4,16)13",8,3,1.5,False,"3(8,5,6)-(2,10)(15,12)(7,14)(9,1)11,4(13,16)",9,2,3.5,False,-1,
202206030210,10,春興S(3勝),芝,1600,曇,重,14:50,2022-03-27,中山,16,3,6,2017102838,ハーモニーマゼラン,牡5,56,05386,戸崎圭太,1:37.0,6,2-3-2,38.7,6.6,3,538(+6),01106,[東]牧光二,641030,日下部勝徳,,,,,,,"3(5,6,7)(8,10,14)(2,15)9(1,12)(4,11)16,13",2,3,0.0,False,"3,5(8,6)10(2,7)(15,14,12)1(9,11)(4,16)13",3,2,1.5,False,"3(8,5,6)-(2,10)(15,12)(7,14)(9,1)11,4(13,16)",2,3,0.0,False,-1,
202206030211,11,第29回マーチS(GIII),ダ,1800,曇,重,15:30,2022-03-27,中山,1,6,12,2017106404,メイショウハリオ,牡5,57,01115,浜中俊,1:50.2,,14-14-11-8,36.5,5.8,2,492(-16),01066,[西]岡田稲男,523005,松本好雄,"3,857.4","(*5,7)9(3,10)(6,11)14,4(1,16)(8,15)12,2-13",14,1,1.5,False,"(*5,7)(3,9)10(6,11)(4,14)(8,1,16,15)12(2,13)",14,1,0.0,False,"(*5,7,9)(3,10)(6,11)(8,4,14)(15,12)(1,16,13)2",11,2,0.0,False,"(*5,7,9,10)(3,6)11(8,4,14,12)(16,15,13)1,2",8,4,0.0,False,-14,
202206030211,11,第29回マーチS(GIII),ダ,1800,曇,重,15:30,2022-03-27,中山,2,5,10,2017103641,ケンシンコウ,牡5,57,01127,丸山元気,1:50.3,1/2,4-5-4-2,37.1,39.3,12,500(-4),00405,[東]小西一男,028031,天野克彦,"1,516.4","(*5,7)9(3,10)(6,11)14,4(1,16)(8,15)12,2-13",4,2,0.0,False,"(*5,7)(3,9)10(6,11)(4,14)(8,1,16,15)12(2,13)",5,1,0.0,False,"(*5,7,9)(3,10)(6,11)(8,4,14)(15,12)(1,16,13)2",4,2,0.0,False,"(*5,7,9,10)(3,6)11(8,4,14,12)(16,15,13)1,2",2,4,0.0,False,-14,
202206030211,11,第29回マーチS(GIII),ダ,1800,曇,重,15:30,2022-03-27,中山,3,3,6,2016102633,ブルベアイリーデ,牡6,57,05386,戸崎圭太,1:50.9,3.1/2,6-6-6-5,37.5,5.8,3,496(-2),01157,[西]杉山晴紀,674004,森中蕃,764.1,"(*5,7)9(3,10)(6,11)14,4(1,16)(8,15)12,2-13",6,2,0.0,False,"(*5,7)(3,9)10(6,11)(4,14)(8,1,16,15)12(2,13)",6,2,0.0,False,"(*5,7,9)(3,10)(6,11)(8,4,14)(15,12)(1,16,13)2",6,2,0.0,False,"(*5,7,9,10)(3,6)11(8,4,14,12)(16,15,13)1,2",5,2,0.0,False,-14,
202206030211,11,第29回マーチS(GIII),ダ,1800,曇,重,15:30,2022-03-27,中山,3,6,11,2014102787,ヒストリーメイカー,牡8,56,00422,内田博幸,1:50.9,同着,6-6-6-7,37.5,5.0,1,524(-4),01172,[西]新谷功一,288009,岩崎僖澄,764.1,"(*5,7)9(3,10)(6,11)14,4(1,16)(8,15)12,2-13",6,2,0.0,False,"(*5,7)(3,9)10(6,11)(4,14)(8,1,16,15)12(2,13)",6,2,0.0,False,"(*5,7,9)(3,10)(6,11)(8,4,14)(15,12)(1,16,13)2",6,2,0.0,False,"(*5,7,9,10)(3,6)11(8,4,14,12)(16,15,13)1,2",7,1,0.0,False,-14,
202206030211,11,第29回マーチS(GIII),ダ,1800,曇,重,15:30,2022-03-27,中山,5,7,13,2014104449,カデナ,牡8,57.5,01122,三浦皇成,1:51.2,1.1/2,16-15-13-12,37.3,17.9,8,474(-10),01039,[西]中竹和也,948006,前田幸治,380.0,"(*5,7)9(3,10)(6,11)14,4(1,16)(8,15)12,2-13",16,1,6.5,False,"(*5,7)(3,9)10(6,11)(4,14)(8,1,16,15)12(2,13)",15,2,0.0,False,"(*5,7,9)(3,10)(6,11)(8,4,14)(15,12)(1,16,13)2",13,3,0.0,False,"(*5,7,9,10)(3,6)11(8,4,14,12)(16,15,13)1,2",12,3,0.0,False,-14,
202206030211,11,第29回マーチS(GIII),ダ,1800,曇,重,15:30,2022-03-27,中山,6,8,16,2016110013,デュープロセス,牡6,57,01015,古川吉洋,1:51.3,1/2,10-10-13-12,37.4,60.1,14,474(-6),00438,[西]安田隆行,003060,ゴドルフィン,,"(*5,7)9(3,10)(6,11)14,4(1,16)(8,15)12,2-13",10,2,1.5,False,"(*5,7)(3,9)10(6,11)(4,14)(8,1,16,15)12(2,13)",10,4,0.0,False,"(*5,7,9)(3,10)(6,11)(8,4,14)(15,12)(1,16,13)2",13,3,0.0,False,"(*5,7,9,10)(3,6)11(8,4,14,12)(16,15,13)1,2",12,3,0.0,False,-14,
202206030211,11,第29回マーチS(GIII),ダ,1800,曇,重,15:30,2022-03-27,中山,7,7,14,2016105537,オメガレインボー,牡6,56.5,01140,横山和生,1:51.3,アタマ,8-8-8-8,37.7,6.6,4,462(-6),01164,[西]安田翔伍,008803,原禮子,,"(*5,7)9(3,10)(6,11)14,4(1,16)(8,15)12,2-13",8,1,0.0,False,"(*5,7)(3,9)10(6,11)(4,14)(8,1,16,15)12(2,13)",8,2,0.0,False,"(*5,7,9)(3,10)(6,11)(8,4,14)(15,12)(1,16,13)2",8,3,0.0,False,"(*5,7,9,10)(3,6)11(8,4,14,12)(16,15,13)1,2",8,4,0.0,False,-14,
202206030211,11,第29回マーチS(GIII),ダ,1800,曇,重,15:30,2022-03-27,中山,8,5,9,2014104259,アナザートゥルース,セ8,57.5,01179,菅原明良,1:51.4,1/2,3-3-2-2,38.3,10.1,7,482(-3),01088,[東]高木登,854800,ノルマンディーサラブ...,,"(*5,7)9(3,10)(6,11)14,4(1,16)(8,15)12,2-13",3,1,0.0,False,"(*5,7)(3,9)10(6,11)(4,14)(8,1,16,15)12(2,13)",3,2,0.0,False,"(*5,7,9)(3,10)(6,11)(8,4,14)(15,12)(1,16,13)2",2,3,0.0,False,"(*5,7,9,10)(3,6)11(8,4,14,12)(16,15,13)1,2",2,4,0.0,False,-14,
202206030211,11,第29回マーチS(GIII),ダ,1800,曇,重,15:30,2022-03-27,中山,9,4,8,2016103957,デルマルーヴル,牡6,55,01091,丹内祐次,1:51.5,1/2,12-10-8-8,38.0,139.9,15,508(+1),01054,[東]戸田博文,274002,浅沼廣幸,,"(*5,7)9(3,10)(6,11)14,4(1,16)(8,15)12,2-13",12,2,1.5,False,"(*5,7)(3,9)10(6,11)(4,14)(8,1,16,15)12(2,13)",10,4,0.0,False,"(*5,7,9)(3,10)(6,11)(8,4,14)(15,12)(1,16,13)2",8,3,0.0,False,"(*5,7,9,10)(3,6)11(8,4,14,12)(16,15,13)1,2",8,4,0.0,False,-14,
202206030211,11,第29回マーチS(GIII),ダ,1800,曇,重,15:30,2022-03-27,中山,10,2,4,2016104231,ダノンスプレンダー,牡6,56.5,01178,斎藤新,1:51.6,クビ,9-8-8-8,38.0,9.4,6,510(0),00438,[西]安田隆行,619800,ダノックス,,"(*5,7)9(3,10)(6,11)14,4(1,16)(8,15)12,2-13",9,1,1.5,False,"(*5,7)(3,9)10(6,11)(4,14)(8,1,16,15)12(2,13)",8,2,0.0,False,"(*5,7,9)(3,10)(6,11)(8,4,14)(15,12)(1,16,13)2",8,3,0.0,False,"(*5,7,9,10)(3,6)11(8,4,14,12)(16,15,13)1,2",8,4,0.0,False,-14,
202206030211,11,第29回マーチS(GIII),ダ,1800,曇,重,15:30,2022-03-27,中山,11,2,3,2014106120,エクレアスパークル,牡8,56,01092,津村明秀,1:51.7,3/4,4-3-4-5,38.4,23.4,10,478(-2),01128,[西]今野貞一,008060,李柱坤,,"(*5,7)9(3,10)(6,11)14,4(1,16)(8,15)12,2-13",4,2,0.0,False,"(*5,7)(3,9)10(6,11)(4,14)(8,1,16,15)12(2,13)",3,2,0.0,False,"(*5,7,9)(3,10)(6,11)(8,4,14)(15,12)(1,16,13)2",4,2,0.0,False,"(*5,7,9,10)(3,6)11(8,4,14,12)(16,15,13)1,2",5,2,0.0,False,-14,
202206030211,11,第29回マーチS(GIII),ダ,1800,曇,重,15:30,2022-03-27,中山,12,1,2,2017104819,ダノンファスト,牡5,56,00684,田中勝春,1:51.9,3/4,15-15-16-16,37.7,23.4,9,472(-2),01115,[東]菊沢隆徳,619800,ダノックス,,"(*5,7)9(3,10)(6,11)14,4(1,16)(8,15)12,2-13",15,1,3.0,False,"(*5,7)(3,9)10(6,11)(4,14)(8,1,16,15)12(2,13)",15,2,0.0,False,"(*5,7,9)(3,10)(6,11)(8,4,14)(15,12)(1,16,13)2",16,1,0.0,False,"(*5,7,9,10)(3,6)11(8,4,14,12)(16,15,13)1,2",16,1,1.5,False,-14,
202206030211,11,第29回マーチS(GIII),ダ,1800,曇,重,15:30,2022-03-27,中山,13,3,5,2017106279,アイオライト,牡5,56,01144,菱田裕二,1:52.2,1.3/4,1-1-1-1,39.2,9.1,5,492(-2),01064,[東]武藤善則,855030,田頭勇貴,,"(*5,7)9(3,10)(6,11)14,4(1,16)(8,15)12,2-13",1,2,0.0,True,"(*5,7)(3,9)10(6,11)(4,14)(8,1,16,15)12(2,13)",1,2,0.0,True,"(*5,7,9)(3,10)(6,11)(8,4,14)(15,12)(1,16,13)2",1,3,0.0,True,"(*5,7,9,10)(3,6)11(8,4,14,12)(16,15,13)1,2",1,4,0.0,True,-14,
202206030211,11,第29回マーチS(GIII),ダ,1800,曇,重,15:30,2022-03-27,中山,14,4,7,2016106260,ワイドファラオ,牡6,57.5,01096,大野拓弥,1:52.3,1/2,2-2-2-2,39.3,41.7,13,520(+3),01183,[西]辻野泰之,331007,幅田昌伸,,"(*5,7)9(3,10)(6,11)14,4(1,16)(8,15)12,2-13",2,2,0.0,False,"(*5,7)(3,9)10(6,11)(4,14)(8,1,16,15)12(2,13)",2,2,0.0,False,"(*5,7,9)(3,10)(6,11)(8,4,14)(15,12)(1,16,13)2",2,3,0.0,False,"(*5,7,9,10)(3,6)11(8,4,14,12)(16,15,13)1,2",2,4,0.0,False,-14,
202206030211,11,第29回マーチS(GIII),ダ,1800,曇,重,15:30,2022-03-27,中山,15,8,15,2015101960,マイネルユキツバキ,牡7,57,01009,柴田大知,1:52.9,3.1/2,12-10-11-12,39.2,187.2,16,536(0),01088,[東]高木登,546800,サラブレッドクラブ・...,,"(*5,7)9(3,10)(6,11)14,4(1,16)(8,15)12,2-13",12,2,1.5,False,"(*5,7)(3,9)10(6,11)(4,14)(8,1,16,15)12(2,13)",10,4,0.0,False,"(*5,7,9)(3,10)(6,11)(8,4,14)(15,12)(1,16,13)2",11,2,0.0,False,"(*5,7,9,10)(3,6)11(8,4,14,12)(16,15,13)1,2",12,3,0.0,False,-14,
202206030211,11,第29回マーチS(GIII),ダ,1800,曇,重,15:30,2022-03-27,中山,16,1,1,2014105506,バレッティ,セ8,56,01158,野中悠太,1:53.9,6,10-10-13-15,40.0,37.7,11,504(-8),01067,[東]久保田貴,415800,社台レースホース,,"(*5,7)9(3,10)(6,11)14,4(1,16)(8,15)12,2-13",10,2,1.5,False,"(*5,7)(3,9)10(6,11)(4,14)(8,1,16,15)12(2,13)",10,4,0.0,False,"(*5,7,9)(3,10)(6,11)(8,4,14)(15,12)(1,16,13)2",13,3,0.0,False,"(*5,7,9,10)(3,6)11(8,4,14,12)(16,15,13)1,2",15,1,0.0,False,-14,
202206030212,12,4歳以上2勝クラス,芝,1200,曇,重,16:10,2022-03-27,中山,1,5,7,2018106077,イルクオーレ,セ4,57,01179,菅原明良,1:09.1,,2-2,35.4,5.1,3,492(-2),01134,[東]高橋文雅,547800,ヒダカ・ブリーダーズ...,"1,110.0",,,,,,,,,,,"2,7(4,10)13(1,5,11)(3,9,12)8-6",2,1,1.5,False,"2,7(4,10)(1,5,13)11(3,9,12)8,6",2,1,1.5,False,-1,
202206030212,12,4歳以上2勝クラス,芝,1200,曇,重,16:10,2022-03-27,中山,2,3,3,2017100461,ワンスカイ,牡5,57,01150,石川裕紀,1:09.3,1.1/4,9-9,35.0,2.5,1,512(-4),01086,[東]斎藤誠,686006,平井裕,440.0,,,,,,,,,,,"2,7(4,10)13(1,5,11)(3,9,12)8-6",9,3,1.5,False,"2,7(4,10)(1,5,13)11(3,9,12)8,6",9,3,1.5,False,-1,
202206030212,12,4歳以上2勝クラス,芝,1200,曇,重,16:10,2022-03-27,中山,3,2,2,2018104041,マウンテンムスメ,牝4,53,01188,永野猛蔵,1:09.5,1.1/4,1-1,35.9,4.6,2,464(-4),01010,[東]中野栄治,772002,西村新一郎,280.0,,,,,,,,,,,"2,7(4,10)13(1,5,11)(3,9,12)8-6",1,1,0.0,False,"2,7(4,10)(1,5,13)11(3,9,12)8,6",1,1,0.0,False,-1,
202206030212,12,4歳以上2勝クラス,芝,1200,曇,重,16:10,2022-03-27,中山,4,7,10,2018103926,ショウナンラスボス,牡4,57,01122,三浦皇成,1:09.5,クビ,3-3,35.6,8.6,4,466(-6),01145,[東]奥村武,331002,国本哲秀,170.0,,,,,,,,,,,"2,7(4,10)13(1,5,11)(3,9,12)8-6",3,2,1.5,False,"2,7(4,10)(1,5,13)11(3,9,12)8,6",3,2,1.5,False,-1,
202206030212,12,4歳以上2勝クラス,芝,1200,曇,重,16:10,2022-03-27,中山,5,4,4,2018101730,スイーツマジック,牝4,55,01096,大野拓弥,1:09.6,クビ,3-3,35.7,44.2,8,472(-6),01035,[東]佐藤吉勝,911800,スピードファーム,111.0,,,,,,,,,,,"2,7(4,10)13(1,5,11)(3,9,12)8-6",3,2,1.5,False,"2,7(4,10)(1,5,13)11(3,9,12)8,6",3,2,1.5,False,-1,
202206030212,12,4歳以上2勝クラス,芝,1200,曇,重,16:10,2022-03-27,中山,6,6,9,2018103205,クムシラコ,牡4,57,01109,黛弘人,1:09.7,3/4,9-9,35.4,22.2,7,472(0),00428,[東]石毛善彦,629800,ミルファーム,,,,,,,,,,,,"2,7(4,10)13(1,5,11)(3,9,12)8-6",9,3,1.5,False,"2,7(4,10)(1,5,13)11(3,9,12)8,6",9,3,1.5,False,-1,
202206030212,12,4歳以上2勝クラス,芝,1200,曇,重,16:10,2022-03-27,中山,7,5,6,2018101054,チャイブテソーロ,牝4,55,01144,菱田裕二,1:09.7,アタマ,13-13,34.8,46.7,9,478(0),01089,[東]武市康男,089803,了徳寺健二ホールディ...,,,,,,,,,,,,"2,7(4,10)13(1,5,11)(3,9,12)8-6",13,1,5.0,False,"2,7(4,10)(1,5,13)11(3,9,12)8,6",13,1,3.0,False,-1,
202206030212,12,4歳以上2勝クラス,芝,1200,曇,重,16:10,2022-03-27,中山,8,4,5,2018103485,ジャガード,牡4,54,01183,小林脩斗,1:09.8,1/2,6-5,35.7,49.5,10,414(0),01143,[東]和田雄二,290006,栗坂崇,,,,,,,,,,,,"2,7(4,10)13(1,5,11)(3,9,12)8-6",6,3,1.5,False,"2,7(4,10)(1,5,13)11(3,9,12)8,6",5,3,1.5,False,-1,
202206030212,12,4歳以上2勝クラス,芝,1200,曇,重,16:10,2022-03-27,中山,9,6,8,2017101919,コスモカッティーボ,牡5,57,01009,柴田大知,1:09.8,ハナ,12-12,35.3,94.9,11,494(+2),01048,[東]畠山吉宏,716800,ビッグレッドファーム,,,,,,,,,,,,"2,7(4,10)13(1,5,11)(3,9,12)8-6",12,1,1.5,False,"2,7(4,10)(1,5,13)11(3,9,12)8,6",12,1,1.5,False,-1,
202206030212,12,4歳以上2勝クラス,芝,1200,曇,重,16:10,2022-03-27,中山,10,1,1,2018100073,ルミナスライン,牝4,55,01091,丹内祐次,1:09.9,1/2,6-5,35.8,9.2,5,436(0),01080,[東]清水英克,027803,ブルースターズファー...,,,,,,,,,,,,"2,7(4,10)13(1,5,11)(3,9,12)8-6",6,3,1.5,False,"2,7(4,10)(1,5,13)11(3,9,12)8,6",5,3,1.5,False,-1,
202206030212,12,4歳以上2勝クラス,芝,1200,曇,重,16:10,2022-03-27,中山,11,8,13,2018102845,カフェアヴニール,牡4,54,01192,横山琉人,1:09.9,ハナ,5-5,35.9,103.3,12,472(-2),01153,[東]中舘英二,629007,西川光一,,,,,,,,,,,,"2,7(4,10)13(1,5,11)(3,9,12)8-6",5,1,1.5,False,"2,7(4,10)(1,5,13)11(3,9,12)8,6",5,3,1.5,False,-1,
202206030212,12,4歳以上2勝クラス,芝,1200,曇,重,16:10,2022-03-27,中山,12,7,11,2018102216,ロンギングバース,牡4,57,01153,木幡初也,1:10.0,クビ,6-8,35.8,197.1,13,476(+4),01152,[東]竹内正洋,113030,坂本浩一,,,,,,,,,,,,"2,7(4,10)13(1,5,11)(3,9,12)8-6",6,3,1.5,False,"2,7(4,10)(1,5,13)11(3,9,12)8,6",8,1,1.5,False,-1,
202206030212,12,4歳以上2勝クラス,芝,1200,曇,重,16:10,2022-03-27,中山,13,8,12,2018100593,タイガーリリー,牝4,55,01135,杉原誠人,1:10.2,1.1/2,9-9,35.9,12.0,6,468(-8),01103,[東]尾関知人,629800,ミルファーム,,,,,,,,,,,,"2,7(4,10)13(1,5,11)(3,9,12)8-6",9,3,1.5,False,"2,7(4,10)(1,5,13)11(3,9,12)8,6",9,3,1.5,False,-1,
202209020201,1,3歳未勝利,ダ,1800,晴,重,09:50,2022-03-27,阪神,1,8,16,2019102460,ウィルフルネス,牝3,54,01168,富田暁,1:53.8,,2-2-2-2,39.1,18.3,7,480(-6),01184,[西]四位洋文,547800,ヒダカ・ブリーダーズ...,520.0,"(*9,16)12(5,13)-6,8,15,2(10,14)(1,4,11)3,7",2,2,0.0,False,"9,16,12(5,13)6-8,15,2,10(1,14)(3,4,11)-7",2,1,1.5,False,"(*9,16)(12,6)-13,5,15,8(2,10,11)1(3,4)=7-14",2,2,0.0,False,"(*9,16)-12-6(5,15)-1,11(8,13,10)(2,4)3-7=14",2,2,0.0,False,-17,
202209020201,1,3歳未勝利,ダ,1800,晴,重,09:50,2022-03-27,阪神,2,5,9,2019103971,クレスコジョケツ,牝3,54,01034,酒井学,1:54.3,3,1-1-1-1,39.7,2.5,1,464(-6),01033,[西]木原一良,143007,堀川三郎,210.0,"(*9,16)12(5,13)-6,8,15,2(10,14)(1,4,11)3,7",1,2,0.0,True,"9,16,12(5,13)6-8,15,2,10(1,14)(3,4,11)-7",1,1,0.0,False,"(*9,16)(12,6)-13,5,15,8(2,10,11)1(3,4)=7-14",1,2,0.0,True,"(*9,16)-12-6(5,15)-1,11(8,13,10)(2,4)3-7=14",1,2,0.0,True,-17,
202209020201,1,3歳未勝利,ダ,1800,晴,重,09:50,2022-03-27,阪神,3,6,12,2019106376,ウェイバックホーム,牝3,54,01093,藤岡佑介,1:54.7,2.1/2,3-3-3-3,39.8,5.5,4,430(-2),01138,[西]浜田多実,994002,飯田正剛,130.0,"(*9,16)12(5,13)-6,8,15,2(10,14)(1,4,11)3,7",3,1,0.0,False,"9,16,12(5,13)6-8,15,2,10(1,14)(3,4,11)-7",3,1,3.0,False,"(*9,16)(12,6)-13,5,15,8(2,10,11)1(3,4)=7-14",3,2,0.0,False,"(*9,16)-12-6(5,15)-1,11(8,13,10)(2,4)3-7=14",3,1,3.5,False,-17,
202209020201,1,3歳未勝利,ダ,1800,晴,重,09:50,2022-03-27,阪神,4,8,15,2019101187,クリノフラッグ,牝3,54,01018,和田竜二,1:55.5,5,8-8-7-5,39.8,56.8,8,450(-8),01003,[西]川村禎彦,970006,栗本博晴,78.0,"(*9,16)12(5,13)-6,8,15,2(10,14)(1,4,11)3,7",8,1,6.5,False,"9,16,12(5,13)6-8,15,2,10(1,14)(3,4,11)-7",8,1,8.0,False,"(*9,16)(12,6)-13,5,15,8(2,10,11)1(3,4)=7-14",7,1,6.5,False,"(*9,16)-12-6(5,15)-1,11(8,13,10)(2,4)3-7=14",5,2,7.0,False,-17,
202209020201,1,3歳未勝利,ダ,1800,晴,重,09:50,2022-03-27,阪神,5,3,5,2019102457,ノンズブレス,牝3,51,01199,角田大河,1:55.5,クビ,4-4-6-5,40.0,5.3,3,450(0),01140,[西]石橋守,466033,今村明浩,52.0,"(*9,16)12(5,13)-6,8,15,2(10,14)(1,4,11)3,7",4,2,0.0,False,"9,16,12(5,13)6-8,15,2,10(1,14)(3,4,11)-7",4,2,3.0,False,"(*9,16)(12,6)-13,5,15,8(2,10,11)1(3,4)=7-14",6,1,5.0,False,"(*9,16)-12-6(5,15)-1,11(8,13,10)(2,4)3-7=14",5,2,7.0,False,-17,
202209020201,1,3歳未勝利,ダ,1800,晴,重,09:50,2022-03-27,阪神,6,1,1,2019104875,エギーユ,牝3,54,00732,幸英明,1:55.7,1.1/4,12-11-12-7,39.3,4.8,2,482(-6),01173,[西]長谷川浩,415800,社台レースホース,,"(*9,16)12(5,13)-6,8,15,2(10,14)(1,4,11)3,7",12,3,8.0,False,"9,16,12(5,13)6-8,15,2,10(1,14)(3,4,11)-7",11,2,11.0,False,"(*9,16)(12,6)-13,5,15,8(2,10,11)1(3,4)=7-14",12,1,8.0,False,"(*9,16)-12-6(5,15)-1,11(8,13,10)(2,4)3-7=14",7,1,10.5,False,-17,
202209020201,1,3歳未勝利,ダ,1800,晴,重,09:50,2022-03-27,阪神,7,6,11,2019102229,ポジティブガール,牝3,51,01191,松本大輝,1:55.7,クビ,12-13-9-8,39.6,11.8,5,444(-6),01185,[西]小林真也,136007,平川浩之,,"(*9,16)12(5,13)-6,8,15,2(10,14)(1,4,11)3,7",12,3,8.0,False,"9,16,12(5,13)6-8,15,2,10(1,14)(3,4,11)-7",13,3,11.0,False,"(*9,16)(12,6)-13,5,15,8(2,10,11)1(3,4)=7-14",9,3,8.0,False,"(*9,16)-12-6(5,15)-1,11(8,13,10)(2,4)3-7=14",8,1,12.0,False,-17,
202209020201,1,3歳未勝利,ダ,1800,晴,重,09:50,2022-03-27,阪神,8,2,4,2019103575,ムーンスター,牝3,54,01095,吉田隼人,1:56.5,5,12-13-13-12,39.9,84.7,10,424(+4),01046,[西]鮫島一歩,504007,田島政光,,"(*9,16)12(5,13)-6,8,15,2(10,14)(1,4,11)3,7",12,3,8.0,False,"9,16,12(5,13)6-8,15,2,10(1,14)(3,4,11)-7",13,3,11.0,False,"(*9,16)(12,6)-13,5,15,8(2,10,11)1(3,4)=7-14",13,2,8.0,False,"(*9,16)-12-6(5,15)-1,11(8,13,10)(2,4)3-7=14",12,2,12.0,False,-17,
202209020201,1,3歳未勝利,ダ,1800,晴,重,09:50,2022-03-27,阪神,9,5,10,2019105506,ノーブルラベンダー,牝3,54,01116,藤岡康太,1:56.7,1.1/4,10-10-9-9,40.5,126.2,13,428(-6),01091,[西]羽月友彦,831800,青芝商事,,"(*9,16)12(5,13)-6,8,15,2(10,14)(1,4,11)3,7",10,2,8.0,False,"9,16,12(5,13)6-8,15,2,10(1,14)(3,4,11)-7",10,1,11.0,False,"(*9,16)(12,6)-13,5,15,8(2,10,11)1(3,4)=7-14",9,3,8.0,False,"(*9,16)-12-6(5,15)-1,11(8,13,10)(2,4)3-7=14",9,3,12.0,False,-17,
202209020201,1,3歳未勝利,ダ,1800,晴,重,09:50,2022-03-27,阪神,10,1,2,2019101006,アルフワイラ,牝3,50,01193,今村聖奈,1:56.9,3/4,9-9-9-12,40.6,14.4,6,500(-2),01158,[西]寺島良,102800,ターフ・スポート,,"(*9,16)12(5,13)-6,8,15,2(10,14)(1,4,11)3,7",9,1,8.0,False,"9,16,12(5,13)6-8,15,2,10(1,14)(3,4,11)-7",9,1,9.5,False,"(*9,16)(12,6)-13,5,15,8(2,10,11)1(3,4)=7-14",9,3,8.0,False,"(*9,16)-12-6(5,15)-1,11(8,13,10)(2,4)3-7=14",12,2,12.0,False,-17,
202209020201,1,3歳未勝利,ダ,1800,晴,重,09:50,2022-03-27,阪神,11,4,7,2019105263,ナイトダイバー,牝3,54,01171,西村淳也,1:57.0,3/4,16-16-15-15,39.7,115.6,11,482(0),01157,[西]杉山晴紀,053803,杉山忠国,,"(*9,16)12(5,13)-6,8,15,2(10,14)(1,4,11)3,7",16,1,9.5,False,"9,16,12(5,13)6-8,15,2,10(1,14)(3,4,11)-7",16,1,14.5,False,"(*9,16)(12,6)-13,5,15,8(2,10,11)1(3,4)=7-14",15,1,14.0,False,"(*9,16)-12-6(5,15)-1,11(8,13,10)(2,4)3-7=14",15,1,15.5,False,-17,
202209020201,1,3歳未勝利,ダ,1800,晴,重,09:50,2022-03-27,阪神,12,2,3,2019104809,エトーソ,牝3,51,01194,大久保友,1:57.3,1.3/4,15-13-13-14,40.8,320.7,14,438(+10),01110,[西]清水久詞,758005,吉田照哉,,"(*9,16)12(5,13)-6,8,15,2(10,14)(1,4,11)3,7",15,1,8.0,False,"9,16,12(5,13)6-8,15,2,10(1,14)(3,4,11)-7",13,3,11.0,False,"(*9,16)(12,6)-13,5,15,8(2,10,11)1(3,4)=7-14",13,2,8.0,False,"(*9,16)-12-6(5,15)-1,11(8,13,10)(2,4)3-7=14",14,1,12.0,False,-17,
202209020201,1,3歳未勝利,ダ,1800,晴,重,09:50,2022-03-27,阪神,13,3,6,2019104133,ジャンヌサンライズ,牝3,54,05525,藤井勘一,1:58.4,7,6-6-3-4,43.2,403.9,16,476(-6),01166,[西]石坂公一,306008,松岡隆雄,,"(*9,16)12(5,13)-6,8,15,2(10,14)(1,4,11)3,7",6,1,3.5,False,"9,16,12(5,13)6-8,15,2,10(1,14)(3,4,11)-7",6,1,3.0,False,"(*9,16)(12,6)-13,5,15,8(2,10,11)1(3,4)=7-14",3,2,0.0,False,"(*9,16)-12-6(5,15)-1,11(8,13,10)(2,4)3-7=14",4,1,7.0,False,-17,
202209020201,1,3歳未勝利,ダ,1800,晴,重,09:50,2022-03-27,阪神,14,7,13,2019104355,ノーブルブロンド,牝3,54,01154,松若風馬,1:59.7,8,4-4-5-9,43.8,61.9,9,456(-10),01176,[西]吉岡辰弥,346803,吉澤ホールディングス,,"(*9,16)12(5,13)-6,8,15,2(10,14)(1,4,11)3,7",4,2,0.0,False,"9,16,12(5,13)6-8,15,2,10(1,14)(3,4,11)-7",4,2,3.0,False,"(*9,16)(12,6)-13,5,15,8(2,10,11)1(3,4)=7-14",5,1,3.5,False,"(*9,16)-12-6(5,15)-1,11(8,13,10)(2,4)3-7=14",9,3,12.0,False,-17,
202209020201,1,3歳未勝利,ダ,1800,晴,重,09:50,2022-03-27,阪神,15,4,8,2019104620,テイケイレジーナ,牝3,54,01114,田中健,1:59.9,1.1/4,7-7-8-9,43.9,355.4,15,434(-8),01095,[西]荒川義之,840008,兼松忠男,,"(*9,16)12(5,13)-6,8,15,2(10,14)(1,4,11)3,7",7,1,5.0,False,"9,16,12(5,13)6-8,15,2,10(1,14)(3,4,11)-7",7,1,6.5,False,"(*9,16)(12,6)-13,5,15,8(2,10,11)1(3,4)=7-14",8,1,8.0,False,"(*9,16)-12-6(5,15)-1,11(8,13,10)(2,4)3-7=14",9,3,12.0,False,-17,
202209020201,1,3歳未勝利,ダ,1800,晴,重,09:50,2022-03-27,阪神,16,7,14,2019105035,シエルエトワール,牝3,50,01190,古川奈穂,2:05.4,大,10-11-16-16,47.0,125.8,12,394(0),01159,[西]高柳大輔,486800,キャロットファーム,,"(*9,16)12(5,13)-6,8,15,2(10,14)(1,4,11)3,7",10,2,8.0,False,"9,16,12(5,13)6-8,15,2,10(1,14)(3,4,11)-7",11,2,11.0,False,"(*9,16)(12,6)-13,5,15,8(2,10,11)1(3,4)=7-14",16,1,17.5,False,"(*9,16)-12-6(5,15)-1,11(8,13,10)(2,4)3-7=14",16,1,21.5,False,-17,
202209020202,2,3歳未勝利,ダ,1200,晴,重,10:15,2022-03-27,阪神,1,2,3,2019103556,サクハル,牡3,56,01154,松若風馬,1:11.6,,3-2,36.3,48.9,8,488(0),01128,[西]今野貞一,602033,落合稔,520.0,,,,,,,,,,,"5,8(3,6,14)15(2,10,11)(16,12)(4,13)(1,7,9)",3,3,1.5,False,"5(3,8,14)(6,15)(2,11)12(10,16)-13,4-(7,9)1",2,3,0.0,False,-17,
202209020202,2,3歳未勝利,ダ,1200,晴,重,10:15,2022-03-27,阪神,2,3,5,2019103641,ルアル,牡3,56,01171,西村淳也,1:11.7,1/2,1-1,36.6,5.7,2,506(-6),01042,[西]安達昭夫,102800,ターフ・スポート,210.0,,,,,,,,,,,"5,8(3,6,14)15(2,10,11)(16,12)(4,13)(1,7,9)",1,1,0.0,False,"5(3,8,14)(6,15)(2,11)12(10,16)-13,4-(7,9)1",1,1,0.0,False,-17,
202209020202,2,3歳未勝利,ダ,1200,晴,重,10:15,2022-03-27,阪神,3,1,2,2019103721,キクノヴェール,牡3,56,01034,酒井学,1:13.0,8,7-7,37.4,402.3,14,434(-2),01078,[西]北出成人,372002,菊池五郎,130.0,,,,,,,,,,,"5,8(3,6,14)15(2,10,11)(16,12)(4,13)(1,7,9)",7,3,1.5,False,"5(3,8,14)(6,15)(2,11)12(10,16)-13,4-(7,9)1",7,2,0.0,False,-17,
202209020202,2,3歳未勝利,ダ,1200,晴,重,10:15,2022-03-27,阪神,4,3,6,2019100051,キャプテンローレル,牡3,56,05525,藤井勘一,1:13.0,アタマ,3-5,37.5,29.0,7,460(-4),01091,[西]羽月友彦,032800,ローレルレーシング,78.0,,,,,,,,,,,"5,8(3,6,14)15(2,10,11)(16,12)(4,13)(1,7,9)",3,3,1.5,False,"5(3,8,14)(6,15)(2,11)12(10,16)-13,4-(7,9)1",5,2,0.0,False,-17,
202209020202,2,3歳未勝利,ダ,1200,晴,重,10:15,2022-03-27,阪神,5,7,14,2019103276,オーシンプラス,牡3,56,01116,藤岡康太,1:13.2,3/4,3-2,37.8,7.3,4,472(0),01018,[西]宮徹,518031,大田慎治,52.0,,,,,,,,,,,"5,8(3,6,14)15(2,10,11)(16,12)(4,13)(1,7,9)",3,3,1.5,False,"5(3,8,14)(6,15)(2,11)12(10,16)-13,4-(7,9)1",2,3,0.0,False,-17,
202209020202,2,3歳未勝利,ダ,1200,晴,重,10:15,2022-03-27,阪神,6,6,11,2019110031,エクセトラ,牡3,55,01182,泉谷楓真,1:13.3,1/2,7-7,37.5,5.9,3,486(0),01130,[西]吉村圭司,003060,ゴドルフィン,,,,,,,,,,,,"5,8(3,6,14)15(2,10,11)(16,12)(4,13)(1,7,9)",7,3,1.5,False,"5(3,8,14)(6,15)(2,11)12(10,16)-13,4-(7,9)1",7,2,0.0,False,-17,
202209020202,2,3歳未勝利,ダ,1200,晴,重,10:15,2022-03-27,阪神,7,8,15,2019103418,ミキノプリンス,牡3,56,01018,和田竜二,1:13.3,アタマ,6-5,37.6,8.3,5,486(+2),01065,[西]大橋勇樹,918002,谷口久和,,,,,,,,,,,,"5,8(3,6,14)15(2,10,11)(16,12)(4,13)(1,7,9)",6,1,1.5,False,"5(3,8,14)(6,15)(2,11)12(10,16)-13,4-(7,9)1",5,2,0.0,False,-17,
202209020202,2,3歳未勝利,ダ,1200,晴,重,10:15,2022-03-27,阪神,8,4,7,2019104130,シゲルクジラ,牡3,56,01124,国分恭介,1:14.0,4,14-14,37.4,319.5,13,476(-4),01003,[西]川村禎彦,674004,森中蕃,,,,,,,,,,,,"5,8(3,6,14)15(2,10,11)(16,12)(4,13)(1,7,9)",14,3,1.5,False,"5(3,8,14)(6,15)(2,11)12(10,16)-13,4-(7,9)1",14,2,8.5,False,-17,
202209020202,2,3歳未勝利,ダ,1200,晴,重,10:15,2022-03-27,阪神,9,6,12,2019101780,アスターモノゴン,牡3,53,01199,角田大河,1:14.1,3/4,10-9,38.1,2.0,1,454(+2),01039,[西]中竹和也,935003,加藤久枝,,,,,,,,,,,,"5,8(3,6,14)15(2,10,11)(16,12)(4,13)(1,7,9)",10,2,1.5,False,"5(3,8,14)(6,15)(2,11)12(10,16)-13,4-(7,9)1",9,1,0.0,False,-17,
202209020202,2,3歳未勝利,ダ,1200,晴,重,10:15,2022-03-27,阪神,10,7,13,2019110066,エンジェルシリカ,牝3,50,01190,古川奈穂,1:14.3,3/4,12-12,37.9,65.5,10,440(-2),01075,[西]矢作芳人,242031,前田幸大,,,,,,,,,,,,"5,8(3,6,14)15(2,10,11)(16,12)(4,13)(1,7,9)",12,2,1.5,False,"5(3,8,14)(6,15)(2,11)12(10,16)-13,4-(7,9)1",12,1,3.5,False,-17,
202209020202,2,3歳未勝利,ダ,1200,晴,重,10:15,2022-03-27,阪神,11,2,4,2019103468,スナークユウマ,牡3,56,01168,富田暁,1:14.6,2,12-13,38.3,559.9,16,488(+2),01003,[西]川村禎彦,478030,杉本豊,,,,,,,,,,,,"5,8(3,6,14)15(2,10,11)(16,12)(4,13)(1,7,9)",12,2,1.5,False,"5(3,8,14)(6,15)(2,11)12(10,16)-13,4-(7,9)1",13,1,5.0,False,-17,
202209020202,2,3歳未勝利,ダ,1200,晴,重,10:15,2022-03-27,阪神,12,8,16,2019102012,クリノオスカル,牝3,54,01125,国分優作,1:14.8,1.1/4,10-10,38.8,533.5,15,412(+4),01065,[西]大橋勇樹,970006,栗本博晴,,,,,,,,,,,,"5,8(3,6,14)15(2,10,11)(16,12)(4,13)(1,7,9)",10,2,1.5,False,"5(3,8,14)(6,15)(2,11)12(10,16)-13,4-(7,9)1",10,2,0.0,False,-17,
202209020202,2,3歳未勝利,ダ,1200,晴,重,10:15,2022-03-27,阪神,13,4,8,2019103708,メイショウレイメイ,牡3,53,01194,大久保友,1:14.9,1/2,2-2,39.7,15.1,6,510(-4),01144,[西]池添学,523005,松本好雄,,,,,,,,,,,,"5,8(3,6,14)15(2,10,11)(16,12)(4,13)(1,7,9)",2,1,1.5,False,"5(3,8,14)(6,15)(2,11)12(10,16)-13,4-(7,9)1",2,3,0.0,False,-17,
202209020202,2,3歳未勝利,ダ,1200,晴,重,10:15,2022-03-27,阪神,14,5,10,2019102328,コパノサンタフェ,牝3,54,01095,吉田隼人,1:15.2,2,7-10,39.3,59.6,9,448(+6),01084,[西]梅田智之,966007,小林祥晃,,,,,,,,,,,,"5,8(3,6,14)15(2,10,11)(16,12)(4,13)(1,7,9)",7,3,1.5,False,"5(3,8,14)(6,15)(2,11)12(10,16)-13,4-(7,9)1",10,2,0.0,False,-17,
202209020202,2,3歳未勝利,ダ,1200,晴,重,10:15,2022-03-27,阪神,15,5,9,2019106599,プリティプリティー,牝3,50,01193,今村聖奈,1:15.3,1/2,14-14,38.5,169.2,11,450(-4),01104,[西]笹田和秀,616800,フジワラ・ファーム,,,,,,,,,,,,"5,8(3,6,14)15(2,10,11)(16,12)(4,13)(1,7,9)",14,3,1.5,False,"5(3,8,14)(6,15)(2,11)12(10,16)-13,4-(7,9)1",14,2,8.5,False,-17,
202209020202,2,3歳未勝利,ダ,1200,晴,重,10:15,2022-03-27,阪神,16,1,1,2019109148,カシノグロウ,牝3,54,00732,幸英明,1:17.1,大,14-16,40.5,248.0,12,462(-10),01041,[西]藤沢則雄,514009,柏木務,,,,,,,,,,,,"5,8(3,6,14)15(2,10,11)(16,12)(4,13)(1,7,9)",14,3,1.5,False,"5(3,8,14)(6,15)(2,11)12(10,16)-13,4-(7,9)1",16,1,8.5,False,-17,
202209020203,3,3歳未勝利,ダ,1800,晴,重,10:45,2022-03-27,阪神,1,5,5,2019106633,テイエムアラジン,牡3,56,01125,国分優作,1:53.7,,3-3-3-2,38.7,45.6,9,502(-2),01170,[西]坂口智康,356002,竹園正繼,520.0,"(*2,3)(4,5)-(6,10)(7,9)(8,11)-12-1",3,2,0.0,False,"2,3(4,5)6,10,7,9,11,8,12-1",3,2,1.5,False,"2,3,5,4(7,10)(6,9)8-(12,1)11",3,1,3.0,False,"2(3,5)(10,9)4,7-6(8,1)12=11",2,2,0.0,False,-17,
202209020203,3,3歳未勝利,ダ,1800,晴,重,10:45,2022-03-27,阪神,2,7,9,2019101974,ナムラダイゴロー,牡3,56,01147,城戸義政,1:53.9,3/4,7-8-7-4,38.5,4.5,3,444(-2),01095,[西]荒川義之,972002,奈村睦弘,210.0,"(*2,3)(4,5)-(6,10)(7,9)(8,11)-12-1",7,2,3.5,False,"2,3(4,5)6,10,7,9,11,8,12-1",8,1,6.0,False,"2,3,5,4(7,10)(6,9)8-(12,1)11",7,2,4.5,False,"2(3,5)(10,9)4,7-6(8,1)12=11",4,2,0.0,False,-17,
202209020203,3,3歳未勝利,ダ,1800,晴,重,10:45,2022-03-27,阪神,3,2,2,2019103984,テイエムファクター,牡3,56,01168,富田暁,1:54.1,1.1/4,1-1-1-1,39.4,28.9,8,464(-10),01033,[西]木原一良,356002,竹園正繼,130.0,"(*2,3)(4,5)-(6,10)(7,9)(8,11)-12-1",1,2,0.0,True,"2,3(4,5)6,10,7,9,11,8,12-1",1,1,0.0,False,"2,3,5,4(7,10)(6,9)8-(12,1)11",1,1,0.0,False,"2(3,5)(10,9)4,7-6(8,1)12=11",1,1,0.0,False,-17,
202209020203,3,3歳未勝利,ダ,1800,晴,重,10:45,2022-03-27,阪神,4,6,8,2019100251,ワールドハート,牡3,56,05429,岡田祥嗣,1:54.6,3.1/2,9-10-9-9,38.8,2.5,1,426(-4),01178,[西]杉山佳明,086700,ＣＯＣＯＲＯ組合,78.0,"(*2,3)(4,5)-(6,10)(7,9)(8,11)-12-1",9,2,3.5,False,"2,3(4,5)6,10,7,9,11,8,12-1",10,1,9.0,False,"2,3,5,4(7,10)(6,9)8-(12,1)11",9,1,4.5,False,"2(3,5)(10,9)4,7-6(8,1)12=11",9,2,5.0,False,-17,
202209020203,3,3歳未勝利,ダ,1800,晴,重,10:45,2022-03-27,阪神,5,7,10,2019102313,ミステリーボックス,セ3,56,01171,西村淳也,1:54.7,クビ,5-6-5-4,39.3,3.8,2,492(-4),01091,[西]羽月友彦,306008,松岡隆雄,52.0,"(*2,3)(4,5)-(6,10)(7,9)(8,11)-12-1",5,2,3.5,False,"2,3(4,5)6,10,7,9,11,8,12-1",6,1,3.0,False,"2,3,5,4(7,10)(6,9)8-(12,1)11",5,2,4.5,False,"2(3,5)(10,9)4,7-6(8,1)12=11",4,2,0.0,False,-17,
202209020203,3,3歳未勝利,ダ,1800,晴,重,10:45,2022-03-27,阪神,6,5,6,2019103558,ファーストプライズ,牡3,56,01034,酒井学,1:54.8,3/4,5-5-7-8,39.2,80.7,10,450(+6),01180,[西]田中克典,851009,岡田牧雄,,"(*2,3)(4,5)-(6,10)(7,9)(8,11)-12-1",5,2,3.5,False,"2,3(4,5)6,10,7,9,11,8,12-1",5,1,1.5,False,"2,3,5,4(7,10)(6,9)8-(12,1)11",7,2,4.5,False,"2(3,5)(10,9)4,7-6(8,1)12=11",8,1,5.0,False,-17,
202209020203,3,3歳未勝利,ダ,1800,晴,重,10:45,2022-03-27,阪神,7,3,3,2019106893,ハマーフェイス,牡3,56,01128,川須栄彦,1:55.2,2.1/2,2-2-2-2,40.3,23.7,7,444(-4),01155,[西]渡辺薫彦,874033,ＳＴレーシング,,"(*2,3)(4,5)-(6,10)(7,9)(8,11)-12-1",2,2,0.0,False,"2,3(4,5)6,10,7,9,11,8,12-1",2,1,1.5,False,"2,3,5,4(7,10)(6,9)8-(12,1)11",2,1,1.5,False,"2(3,5)(10,9)4,7-6(8,1)12=11",2,2,0.0,False,-17,
202209020203,3,3歳未勝利,ダ,1800,晴,重,10:45,2022-03-27,阪神,8,1,1,2019103608,リアルグローリー,牡3,56,00732,幸英明,1:55.4,3/4,12-12-10-9,39.3,14.6,5,448(-6),01065,[西]大橋勇樹,300700,ＣＬＵＢＲＵＮＦＯＲ...,,"(*2,3)(4,5)-(6,10)(7,9)(8,11)-12-1",12,1,10.5,False,"2,3(4,5)6,10,7,9,11,8,12-1",12,1,14.0,False,"2,3,5,4(7,10)(6,9)8-(12,1)11",10,2,8.0,False,"2(3,5)(10,9)4,7-6(8,1)12=11",9,2,5.0,False,-17,
202209020203,3,3歳未勝利,ダ,1800,晴,重,10:45,2022-03-27,阪神,9,6,7,2019101672,クロガネ,牡3,52,01193,今村聖奈,1:55.7,2,7-7-5-7,40.3,17.7,6,472(-4),01158,[西]寺島良,248030,石川達絵,,"(*2,3)(4,5)-(6,10)(7,9)(8,11)-12-1",7,2,3.5,False,"2,3(4,5)6,10,7,9,11,8,12-1",7,1,4.5,False,"2,3,5,4(7,10)(6,9)8-(12,1)11",5,2,4.5,False,"2(3,5)(10,9)4,7-6(8,1)12=11",7,1,1.5,False,-17,
202209020203,3,3歳未勝利,ダ,1800,晴,重,10:45,2022-03-27,阪神,10,8,12,2019104790,ソウルフルハート,牝3,54,01141,中井裕二,1:55.9,3/4,11-11-10-11,39.8,437.8,12,468(+4),01186,[西]中村直也,669033,中村智幸,,"(*2,3)(4,5)-(6,10)(7,9)(8,11)-12-1",11,1,7.0,False,"2,3(4,5)6,10,7,9,11,8,12-1",11,1,10.5,False,"2,3,5,4(7,10)(6,9)8-(12,1)11",10,2,8.0,False,"2(3,5)(10,9)4,7-6(8,1)12=11",11,1,5.0,False,-17,
202209020203,3,3歳未勝利,ダ,1800,晴,重,10:45,2022-03-27,阪神,11,4,4,2019102765,ゴルド,牡3,53,01199,角田大河,1:56.1,1.1/4,3-3-4-6,41.0,7.1,4,550(0),01168,[西]上村洋行,789002,北山敏隆,,"(*2,3)(4,5)-(6,10)(7,9)(8,11)-12-1",3,2,0.0,False,"2,3(4,5)6,10,7,9,11,8,12-1",3,2,1.5,False,"2,3,5,4(7,10)(6,9)8-(12,1)11",4,1,4.5,False,"2(3,5)(10,9)4,7-6(8,1)12=11",6,1,0.0,False,-17,
202209020203,3,3歳未勝利,ダ,1800,晴,重,10:45,2022-03-27,阪神,12,8,11,2019106797,メッチャサス,牝3,51,01195,川端海翼,1:57.5,9,9-9-12-12,40.8,248.8,11,436(0),01138,[西]浜田多実,333031,大田恭充,,"(*2,3)(4,5)-(6,10)(7,9)(8,11)-12-1",9,2,3.5,False,"2,3(4,5)6,10,7,9,11,8,12-1",9,1,7.5,False,"2,3,5,4(7,10)(6,9)8-(12,1)11",12,1,8.0,False,"2(3,5)(10,9)4,7-6(8,1)12=11",12,1,11.0,False,-17,
202209020204,4,障害4歳以上未勝利,芝,2970,晴,稍重,11:15,2022-03-27,阪神,1,6,9,2018106129,アレデラヴァン,セ4,59,01059,石神深一,3:22.5,,3-4-1-1,13.6,3.1,2,520(-10),01056,[東]本間忍,430002,塩川和則,790.0,"10,6(9,4)(7,5)(2,1)12-13-8=3   11",3,2,1.5,False,"(*10,4)6(9,5)-(7,1)2,12,13,8-3   11",4,2,0.0,False,"(*9,10)4(7,5)6(2,1)-12=13,3,8   11",1,2,0.0,True,"9,7-4,5-(10,2)12-6-1=13-3=8   11",1,1,0.0,False,,
202209020204,4,障害4歳以上未勝利,芝,2970,晴,稍重,11:15,2022-03-27,阪神,2,4,5,2016103252,ジェミニキング,セ6,60,01066,難波剛健,3:22.9,2.1/2,5-4-4-4,13.7,4.5,3,488(-4),01040,[西]服部利之,372008,三宅勝俊,320.0,"10,6(9,4)(7,5)(2,1)12-13-8=3   11",5,2,1.5,False,"(*10,4)6(9,5)-(7,1)2,12,13,8-3   11",4,2,0.0,False,"(*9,10)4(7,5)6(2,1)-12=13,3,8   11",4,2,0.0,False,"9,7-4,5-(10,2)12-6-1=13-3=8   11",4,1,6.5,False,,
202209020204,4,障害4歳以上未勝利,芝,2970,晴,稍重,11:15,2022-03-27,阪神,3,4,4,2016101646,グランドビクトリー,牡6,60,01063,小坂忠士,3:23.2,1.1/2,3-2-3-3,13.7,15.2,5,502(0),01111,[西]鈴木孝志,464030,田畑利彦,200.0,"10,6(9,4)(7,5)(2,1)12-13-8=3   11",3,2,1.5,False,"(*10,4)6(9,5)-(7,1)2,12,13,8-3   11",2,2,0.0,False,"(*9,10)4(7,5)6(2,1)-12=13,3,8   11",3,1,0.0,False,"9,7-4,5-(10,2)12-6-1=13-3=8   11",3,1,5.0,False,,
202209020204,4,障害4歳以上未勝利,芝,2970,晴,稍重,11:15,2022-03-27,阪神,4,2,2,2017102894,ルドンカズマ,牡5,60,01101,中村将之,3:23.9,4,7-8-7-5,13.7,11.0,4,502(+4),01157,[西]杉山晴紀,879800,雅苑興業,120.0,"10,6(9,4)(7,5)(2,1)12-13-8=3   11",7,2,1.5,False,"(*10,4)6(9,5)-(7,1)2,12,13,8-3   11",8,1,3.5,False,"(*9,10)4(7,5)6(2,1)-12=13,3,8   11",7,2,0.0,False,"9,7-4,5-(10,2)12-6-1=13-3=8   11",5,2,10.0,False,,
202209020204,4,障害4歳以上未勝利,芝,2970,晴,稍重,11:15,2022-03-27,阪神,5,5,7,2016105770,ビッグスコール,牡6,60,01149,伴啓太,3:23.9,アタマ,5-6-4-2,13.7,99.7,12,548(+2),01090,[東]天間昭一,603033,木村廣太,79.0,"10,6(9,4)(7,5)(2,1)12-13-8=3   11",5,2,1.5,False,"(*10,4)6(9,5)-(7,1)2,12,13,8-3   11",6,2,3.5,False,"(*9,10)4(7,5)6(2,1)-12=13,3,8   11",4,2,0.0,False,"9,7-4,5-(10,2)12-6-1=13-3=8   11",2,1,1.5,False,,
202209020204,4,障害4歳以上未勝利,芝,2970,晴,稍重,11:15,2022-03-27,阪神,6,8,12,2018106583,ロードリスペクト,牡4,59,01067,平沢健治,3:24.6,4,9-9-9-7,13.8,26.7,8,486(0),01186,[西]中村直也,170800,ロードホースクラブ,,"10,6(9,4)(7,5)(2,1)12-13-8=3   11",9,1,1.5,False,"(*10,4)6(9,5)-(7,1)2,12,13,8-3   11",9,1,5.0,False,"(*9,10)4(7,5)6(2,1)-12=13,3,8   11",9,1,3.5,False,"9,7-4,5-(10,2)12-6-1=13-3=8   11",7,1,10.0,False,,
202209020204,4,障害4歳以上未勝利,芝,2970,晴,稍重,11:15,2022-03-27,阪神,7,1,1,2017104163,ロードエクスプレス,牡5,60,01139,森一馬,3:25.6,6,7-6-7-9,13.8,17.0,6,480(+10),01170,[西]坂口智康,170800,ロードホースクラブ,,"10,6(9,4)(7,5)(2,1)12-13-8=3   11",7,2,1.5,False,"(*10,4)6(9,5)-(7,1)2,12,13,8-3   11",6,2,3.5,False,"(*9,10)4(7,5)6(2,1)-12=13,3,8   11",7,2,0.0,False,"9,7-4,5-(10,2)12-6-1=13-3=8   11",9,1,17.0,False,,
202209020204,4,障害4歳以上未勝利,芝,2970,晴,稍重,11:15,2022-03-27,阪神,8,8,13,2014105356,アドラメレク,牡8,60,00691,北沢伸也,3:26.3,4,10-10-10-10,13.9,24.3,7,472(-4),01173,[西]長谷川浩,808800,Ｇ１レーシング,,"10,6(9,4)(7,5)(2,1)12-13-8=3   11",10,1,5.0,False,"(*10,4)6(9,5)-(7,1)2,12,13,8-3   11",10,1,6.5,False,"(*9,10)4(7,5)6(2,1)-12=13,3,8   11",10,1,9.5,False,"9,7-4,5-(10,2)12-6-1=13-3=8   11",10,1,23.0,False,,
202209020204,4,障害4歳以上未勝利,芝,2970,晴,稍重,11:15,2022-03-27,阪神,9,5,6,2017100541,アスターマリンバ,牡5,60,00727,植野貴也,3:26.9,3.1/2,2-3-6-8,13.9,27.2,9,538(-4),01039,[西]中竹和也,935003,加藤久枝,,"10,6(9,4)(7,5)(2,1)12-13-8=3   11",2,1,1.5,False,"(*10,4)6(9,5)-(7,1)2,12,13,8-3   11",3,1,0.0,False,"(*9,10)4(7,5)6(2,1)-12=13,3,8   11",6,1,0.0,False,"9,7-4,5-(10,2)12-6-1=13-3=8   11",8,1,13.5,False,,
202209020204,4,障害4歳以上未勝利,芝,2970,晴,稍重,11:15,2022-03-27,阪神,10,3,3,2017105001,ルナエクリプス,牡5,60,01069,五十嵐雄,3:27.0,クビ,12-12-11-11,13.9,51.8,10,536(+4),01027,[東]田村康仁,231033,吉田晴哉,,"10,6(9,4)(7,5)(2,1)12-13-8=3   11",12,1,14.5,False,"(*10,4)6(9,5)-(7,1)2,12,13,8-3   11",12,1,11.5,False,"(*9,10)4(7,5)6(2,1)-12=13,3,8   11",11,1,11.0,False,"9,7-4,5-(10,2)12-6-1=13-3=8   11",11,1,26.5,False,,
202209020204,4,障害4歳以上未勝利,芝,2970,晴,稍重,11:15,2022-03-27,阪神,11,6,8,2017105587,ミッキーメテオ,牡5,60,01005,西谷誠,3:27.2,1.1/4,11-11-12-12,14.0,3.0,1,512(+6),01137,[西]中内田充,441007,野田みづき,,"10,6(9,4)(7,5)(2,1)12-13-8=3   11",11,1,8.5,False,"(*10,4)6(9,5)-(7,1)2,12,13,8-3   11",11,1,8.0,False,"(*9,10)4(7,5)6(2,1)-12=13,3,8   11",12,1,12.5,False,"9,7-4,5-(10,2)12-6-1=13-3=8   11",12,1,32.5,False,,
202209020204,4,障害4歳以上未勝利,芝,2970,晴,稍重,11:15,2022-03-27,阪神,12,7,10,2018106213,モーニングアヤメ,牝4,57,01087,上野翔,3:28.6,9,1-1-2-5,14.0,113.0,13,430(-14),00421,[東]浅野洋一,606006,今朝光,,"10,6(9,4)(7,5)(2,1)12-13-8=3   11",1,1,0.0,False,"(*10,4)6(9,5)-(7,1)2,12,13,8-3   11",1,2,0.0,True,"(*9,10)4(7,5)6(2,1)-12=13,3,8   11",2,2,0.0,False,"9,7-4,5-(10,2)12-6-1=13-3=8   11",5,2,10.0,False,,
202209020204,4,障害4歳以上未勝利,芝,2970,晴,稍重,11:15,2022-03-27,阪神,中,7,11,2018103232,メモリーエアシップ,牡4,57,01196,小牧加矢,,,,,63.8,11,462(+4),01021,[西]池添兼雄,351800,シンザンクラブ,,"10,6(9,4)(7,5)(2,1)12-13-8=3   11",13,1,20.5,False,"(*10,4)6(9,5)-(7,1)2,12,13,8-3   11",13,1,17.5,False,"(*9,10)4(7,5)6(2,1)-12=13,3,8   11",13,1,18.5,False,"9,7-4,5-(10,2)12-6-1=13-3=8   11",13,1,38.5,False,,
202209020205,5,3歳未勝利,ダ,1400,晴,重,12:05,2022-03-27,阪神,1,4,8,2019102656,ロードオルデン,牡3,56,00732,幸英明,1:25.1,,9-4,37.2,2.3,1,468(+8),01183,[西]辻野泰之,170800,ロードホースクラブ,520.0,,,,,,,,,,,"4-(10,16)(9,11)(13,14)5(1,8)-(2,3)-15-6,12-7",9,2,3.5,False,"4(10,16)(9,8)11(13,14)(1,3)2-5-7(15,12)-6",4,2,0.0,False,-17,
202209020205,5,3歳未勝利,ダ,1400,晴,重,12:05,2022-03-27,阪神,2,5,9,2019106390,タイセイエピソード,牡3,56,01154,松若風馬,1:25.9,5,4-4,38.5,13.3,4,468(0),01157,[西]杉山晴紀,224007,田中成奉,210.0,,,,,,,,,,,"4-(10,16)(9,11)(13,14)5(1,8)-(2,3)-15-6,12-7",4,2,3.5,False,"4(10,16)(9,8)11(13,14)(1,3)2-5-7(15,12)-6",4,2,0.0,False,-17,
202209020205,5,3歳未勝利,ダ,1400,晴,重,12:05,2022-03-27,阪神,3,4,7,2019102537,セイクリッド,牝3,54,01124,国分恭介,1:26.3,2.1/2,16-13,36.3,173.4,15,454(0),01032,[西]大根田裕,912002,中西宏彰,130.0,,,,,,,,,,,"4-(10,16)(9,11)(13,14)5(1,8)-(2,3)-15-6,12-7",16,1,19.0,False,"4(10,16)(9,8)11(13,14)(1,3)2-5-7(15,12)-6",13,1,7.0,False,-17,
202209020205,5,3歳未勝利,ダ,1400,晴,重,12:05,2022-03-27,阪神,4,2,4,2019100566,ミロワール,牝3,51,01194,大久保友,1:26.4,1/2,1-1,39.4,3.2,2,440(-10),01144,[西]池添学,879800,雅苑興業,78.0,,,,,,,,,,,"4-(10,16)(9,11)(13,14)5(1,8)-(2,3)-15-6,12-7",1,1,0.0,False,"4(10,16)(9,8)11(13,14)(1,3)2-5-7(15,12)-6",1,1,0.0,False,-17,
202209020205,5,3歳未勝利,ダ,1400,晴,重,12:05,2022-03-27,阪神,5,1,1,2019104477,ミティエラ,牝3,54,01116,藤岡康太,1:26.5,クビ,9-9,38.5,35.9,9,488(-6),01168,[西]上村洋行,231033,吉田晴哉,52.0,,,,,,,,,,,"4-(10,16)(9,11)(13,14)5(1,8)-(2,3)-15-6,12-7",9,2,3.5,False,"4(10,16)(9,8)11(13,14)(1,3)2-5-7(15,12)-6",9,2,0.0,False,-17,
202209020205,5,3歳未勝利,ダ,1400,晴,重,12:05,2022-03-27,阪神,6,2,3,2019102342,サンライズモストロ,牡3,56,01018,和田竜二,1:26.7,1.1/4,11-9,38.4,21.5,6,512(-6),01091,[西]羽月友彦,306008,松岡隆雄,,,,,,,,,,,,"4-(10,16)(9,11)(13,14)5(1,8)-(2,3)-15-6,12-7",11,2,7.0,False,"4(10,16)(9,8)11(13,14)(1,3)2-5-7(15,12)-6",9,2,0.0,False,-17,
202209020205,5,3歳未勝利,ダ,1400,晴,重,12:05,2022-03-27,阪神,7,6,11,2019105484,リアルファンタジア,牝3,54,01171,西村淳也,1:26.8,クビ,4-6,39.3,89.1,12,454(0),01113,[西]牧浦充徳,790005,吉田勝己,,,,,,,,,,,,"4-(10,16)(9,11)(13,14)5(1,8)-(2,3)-15-6,12-7",4,2,3.5,False,"4(10,16)(9,8)11(13,14)(1,3)2-5-7(15,12)-6",6,1,0.0,False,-17,
202209020205,5,3歳未勝利,ダ,1400,晴,重,12:05,2022-03-27,阪神,8,5,10,2019105437,カフジペンタゴン,牡3,52,01190,古川奈穂,1:26.8,ハナ,2-2,39.6,6.6,3,460(+4),01075,[西]矢作芳人,019004,加藤守,,,,,,,,,,,,"4-(10,16)(9,11)(13,14)5(1,8)-(2,3)-15-6,12-7",2,2,3.5,False,"4(10,16)(9,8)11(13,14)(1,3)2-5-7(15,12)-6",2,2,0.0,False,-17,
202209020205,5,3歳未勝利,ダ,1400,晴,重,12:05,2022-03-27,阪神,9,1,2,2019106426,ニホンピロペリー,牡3,56,01114,田中健,1:26.9,3/4,11-11,38.6,38.5,10,480(-4),01040,[西]服部利之,587031,小林英一,,,,,,,,,,,,"4-(10,16)(9,11)(13,14)5(1,8)-(2,3)-15-6,12-7",11,2,7.0,False,"4(10,16)(9,8)11(13,14)(1,3)2-5-7(15,12)-6",11,1,0.0,False,-17,
202209020205,5,3歳未勝利,ダ,1400,晴,重,12:05,2022-03-27,阪神,10,7,13,2019103653,メイショウイモジ,牡3,53,01191,松本大輝,1:27.2,2,6-7,39.5,75.2,11,450(+4),01041,[西]藤沢則雄,523005,松本好雄,,,,,,,,,,,,"4-(10,16)(9,11)(13,14)5(1,8)-(2,3)-15-6,12-7",6,2,3.5,False,"4(10,16)(9,8)11(13,14)(1,3)2-5-7(15,12)-6",7,2,0.0,False,-17,
202209020205,5,3歳未勝利,ダ,1400,晴,重,12:05,2022-03-27,阪神,11,8,15,2019104114,パレスガード,牡3,56,01034,酒井学,1:27.3,クビ,13-14,38.0,108.8,14,450(0),01101,[西]吉田直弘,482002,水上行雄,,,,,,,,,,,,"4-(10,16)(9,11)(13,14)5(1,8)-(2,3)-15-6,12-7",13,1,10.5,False,"4(10,16)(9,8)11(13,14)(1,3)2-5-7(15,12)-6",14,2,7.0,False,-17,
202209020205,5,3歳未勝利,ダ,1400,晴,重,12:05,2022-03-27,阪神,12,8,16,2019106360,トゥースアンネイル,牡3,56,01138,藤懸貴志,1:27.5,1.1/4,2-2,40.2,19.4,5,530(-8),01117,[西]高野友和,994002,飯田正剛,,,,,,,,,,,,"4-(10,16)(9,11)(13,14)5(1,8)-(2,3)-15-6,12-7",2,2,3.5,False,"4(10,16)(9,8)11(13,14)(1,3)2-5-7(15,12)-6",2,2,0.0,False,-17,
202209020205,5,3歳未勝利,ダ,1400,晴,重,12:05,2022-03-27,阪神,13,6,12,2019106543,パーフェクトボディ,牡3,56,01168,富田暁,1:27.6,1/2,15-14,37.8,22.1,7,486(0),00362,[西]橋田満,158033,山下良子,,,,,,,,,,,,"4-(10,16)(9,11)(13,14)5(1,8)-(2,3)-15-6,12-7",15,1,15.5,False,"4(10,16)(9,8)11(13,14)(1,3)2-5-7(15,12)-6",14,2,7.0,False,-17,
202209020205,5,3歳未勝利,ダ,1400,晴,重,12:05,2022-03-27,阪神,14,7,14,2019100545,アルムレジリエンス,牡3,56,05525,藤井勘一,1:28.7,7,6-7,41.0,349.4,16,456(+10),01046,[西]鮫島一歩,899030,崎川美枝子,,,,,,,,,,,,"4-(10,16)(9,11)(13,14)5(1,8)-(2,3)-15-6,12-7",6,2,3.5,False,"4(10,16)(9,8)11(13,14)(1,3)2-5-7(15,12)-6",7,2,0.0,False,-17,
202209020205,5,3歳未勝利,ダ,1400,晴,重,12:05,2022-03-27,阪神,15,3,5,2019105851,ライブリインパクト,牡3,53,01199,角田大河,1:29.4,4,8-12,41.3,28.0,8,468(-2),01140,[西]石橋守,849009,加藤哲郎,,,,,,,,,,,,"4-(10,16)(9,11)(13,14)5(1,8)-(2,3)-15-6,12-7",8,1,3.5,False,"4(10,16)(9,8)11(13,14)(1,3)2-5-7(15,12)-6",12,1,3.5,False,-17,
202209020205,5,3歳未勝利,ダ,1400,晴,重,12:05,2022-03-27,阪神,16,3,6,2019101235,ルイナール,牝3,54,01030,松田大作,1:30.1,4,14-16,40.3,92.8,13,462(0),01178,[西]杉山佳明,646030,中辻明,,,,,,,,,,,,"4-(10,16)(9,11)(13,14)5(1,8)-(2,3)-15-6,12-7",14,1,14.0,False,"4(10,16)(9,8)11(13,14)(1,3)2-5-7(15,12)-6",16,1,10.5,False,-17,
202209020206,6,3歳未勝利,芝,1600,晴,稍重,12:35,2022-03-27,阪神,1,8,17,2019106925,ムーンリットナイト,牡3,56,01018,和田竜二,1:35.2,,7-7,34.8,9.0,4,488(+4),00425,[西]加用正,148800,グリーンファーム,520.0,,,,,,,,,,,"(*1,11)(6,13,14)7(2,17)9,10-(8,15)-(4,12)(3,5)-16",7,2,0.0,False,"(*1,11)(13,14)(6,7)17(2,9,10)(8,15)4,12,3-(16,5)",7,1,0.0,False,-9,
202209020206,6,3歳未勝利,芝,1600,晴,稍重,12:35,2022-03-27,阪神,2,1,1,2019100652,ハギノモーリス,牡3,56,01138,藤懸貴志,1:35.4,1.1/4,1-1,35.4,1.5,1,470(-6),01117,[西]高野友和,950006,日隈良江,210.0,,,,,,,,,,,"(*1,11)(6,13,14)7(2,17)9,10-(8,15)-(4,12)(3,5)-16",1,2,0.0,True,"(*1,11)(13,14)(6,7)17(2,9,10)(8,15)4,12,3-(16,5)",1,2,0.0,True,-9,
202209020206,6,3歳未勝利,芝,1600,晴,稍重,12:35,2022-03-27,阪神,3,6,11,2019105637,ヴァモスロード,牡3,56,00732,幸英明,1:35.5,3/4,2-2,35.5,5.0,2,522(0),01028,[西]西園正都,721008,久保博文,130.0,,,,,,,,,,,"(*1,11)(6,13,14)7(2,17)9,10-(8,15)-(4,12)(3,5)-16",2,2,0.0,False,"(*1,11)(13,14)(6,7)17(2,9,10)(8,15)4,12,3-(16,5)",2,2,0.0,False,-9,
202209020206,6,3歳未勝利,芝,1600,晴,稍重,12:35,2022-03-27,阪神,4,4,7,2019102935,プラティナマリア,牝3,54,01154,松若風馬,1:35.7,1.1/4,6-5,35.4,27.2,5,444(0),01154,[西]橋口慎介,547800,ヒダカ・ブリーダーズ...,78.0,,,,,,,,,,,"(*1,11)(6,13,14)7(2,17)9,10-(8,15)-(4,12)(3,5)-16",6,1,0.0,False,"(*1,11)(13,14)(6,7)17(2,9,10)(8,15)4,12,3-(16,5)",5,2,0.0,False,-9,
202209020206,6,3歳未勝利,芝,1600,晴,稍重,12:35,2022-03-27,阪神,5,5,9,2019103523,フィンスタビライザ,牡3,56,01116,藤岡康太,1:35.8,1/2,9-8,35.3,44.5,7,462(+2),01042,[西]安達昭夫,702002,玉井宏和,52.0,,,,,,,,,,,"(*1,11)(6,13,14)7(2,17)9,10-(8,15)-(4,12)(3,5)-16",9,1,0.0,False,"(*1,11)(13,14)(6,7)17(2,9,10)(8,15)4,12,3-(16,5)",8,3,0.0,False,-9,
202209020206,6,3歳未勝利,芝,1600,晴,稍重,12:35,2022-03-27,阪神,6,2,4,2019101703,ナリタクオン,牡3,56,01124,国分恭介,1:35.9,1/2,13-13,34.8,219.2,13,464(0),01073,[西]宮本博,712800,オースミ,,,,,,,,,,,,"(*1,11)(6,13,14)7(2,17)9,10-(8,15)-(4,12)(3,5)-16",13,2,8.5,False,"(*1,11)(13,14)(6,7)17(2,9,10)(8,15)4,12,3-(16,5)",13,1,0.0,False,-9,
202209020206,6,3歳未勝利,芝,1600,晴,稍重,12:35,2022-03-27,阪神,7,1,2,2019105179,スタローン,牡3,53,01199,角田大河,1:35.9,ハナ,7-8,35.4,86.8,9,474(+12),01160,[西]武幸四郎,265033,大野剛嗣,,,,,,,,,,,,"(*1,11)(6,13,14)7(2,17)9,10-(8,15)-(4,12)(3,5)-16",7,2,0.0,False,"(*1,11)(13,14)(6,7)17(2,9,10)(8,15)4,12,3-(16,5)",8,3,0.0,False,-9,
202209020206,6,3歳未勝利,芝,1600,晴,稍重,12:35,2022-03-27,阪神,8,8,15,2019100152,バトルキャット,牝3,54,01171,西村淳也,1:36.0,1/2,11-11,35.1,135.5,11,470(0),01157,[西]杉山晴紀,484031,辻子依旦,,,,,,,,,,,,"(*1,11)(6,13,14)7(2,17)9,10-(8,15)-(4,12)(3,5)-16",11,2,5.0,False,"(*1,11)(13,14)(6,7)17(2,9,10)(8,15)4,12,3-(16,5)",11,2,0.0,False,-9,
202209020206,6,3歳未勝利,芝,1600,晴,稍重,12:35,2022-03-27,阪神,9,4,8,2019104797,スカーレットオーラ,牝3,54,01093,藤岡佑介,1:36.1,クビ,11-11,35.2,7.2,3,444(0),01137,[西]中内田充,415800,社台レースホース,,,,,,,,,,,,"(*1,11)(6,13,14)7(2,17)9,10-(8,15)-(4,12)(3,5)-16",11,2,5.0,False,"(*1,11)(13,14)(6,7)17(2,9,10)(8,15)4,12,3-(16,5)",11,2,0.0,False,-9,
202209020206,6,3歳未勝利,芝,1600,晴,稍重,12:35,2022-03-27,阪神,10,2,3,2019101633,サンライズアムール,牡3,56,01034,酒井学,1:36.2,1,15-15,34.7,38.0,6,506(0),01185,[西]小林真也,399803,ライフハウス,,,,,,,,,,,,"(*1,11)(6,13,14)7(2,17)9,10-(8,15)-(4,12)(3,5)-16",15,2,8.5,False,"(*1,11)(13,14)(6,7)17(2,9,10)(8,15)4,12,3-(16,5)",15,1,3.0,False,-9,
202209020206,6,3歳未勝利,芝,1600,晴,稍重,12:35,2022-03-27,阪神,11,5,10,2019106938,ブエナディオサ,牝3,54,01036,竹之下智,1:36.6,2.1/2,10-8,36.0,464.5,17,452(+34),01120,[西]千田輝彦,965031,エースレーシング,,,,,,,,,,,,"(*1,11)(6,13,14)7(2,17)9,10-(8,15)-(4,12)(3,5)-16",10,1,1.5,False,"(*1,11)(13,14)(6,7)17(2,9,10)(8,15)4,12,3-(16,5)",8,3,0.0,False,-9,
202209020206,6,3歳未勝利,芝,1600,晴,稍重,12:35,2022-03-27,阪神,12,6,12,2019103745,アイスソード,牡3,53,01191,松本大輝,1:36.8,1.1/4,13-14,35.5,258.0,15,454(0),01130,[西]吉村圭司,943030,橋元勇氣,,,,,,,,,,,,"(*1,11)(6,13,14)7(2,17)9,10-(8,15)-(4,12)(3,5)-16",13,2,8.5,False,"(*1,11)(13,14)(6,7)17(2,9,10)(8,15)4,12,3-(16,5)",14,1,1.5,False,-9,
202209020206,6,3歳未勝利,芝,1600,晴,稍重,12:35,2022-03-27,阪神,13,7,14,2019105420,シウン,牝3,54,01168,富田暁,1:37.0,1.1/2,3-3,36.8,116.5,10,446(0),01105,[西]須貝尚介,098803,Ｇリビエール・レーシ...,,,,,,,,,,,,"(*1,11)(6,13,14)7(2,17)9,10-(8,15)-(4,12)(3,5)-16",3,3,0.0,False,"(*1,11)(13,14)(6,7)17(2,9,10)(8,15)4,12,3-(16,5)",3,2,0.0,False,-9,
202209020206,6,3歳未勝利,芝,1600,晴,稍重,12:35,2022-03-27,阪神,14,3,6,2019105244,トリブート,牡3,56,01167,木幡育也,1:37.4,2.1/2,3-5,37.1,253.0,14,486(+12),01160,[西]武幸四郎,866006,寺田寿男,,,,,,,,,,,,"(*1,11)(6,13,14)7(2,17)9,10-(8,15)-(4,12)(3,5)-16",3,3,0.0,False,"(*1,11)(13,14)(6,7)17(2,9,10)(8,15)4,12,3-(16,5)",5,2,0.0,False,-9,
202209020206,6,3歳未勝利,芝,1600,晴,稍重,12:35,2022-03-27,阪神,15,8,16,2019106659,トモノレオン,牡3,56,01156,加藤祥太,1:37.6,3/4,17-16,35.8,403.6,16,430(0),01178,[西]杉山佳明,729008,共田義夫,,,,,,,,,,,,"(*1,11)(6,13,14)7(2,17)9,10-(8,15)-(4,12)(3,5)-16",17,1,12.0,False,"(*1,11)(13,14)(6,7)17(2,9,10)(8,15)4,12,3-(16,5)",16,2,6.5,False,-9,
202209020206,6,3歳未勝利,芝,1600,晴,稍重,12:35,2022-03-27,阪神,16,7,13,2019102523,タレントゥーサ,牝3,54,01030,松田大作,1:37.6,クビ,3-3,37.4,53.2,8,438(+4),01071,[西]池江泰寿,553800,広尾レース,,,,,,,,,,,,"(*1,11)(6,13,14)7(2,17)9,10-(8,15)-(4,12)(3,5)-16",3,3,0.0,False,"(*1,11)(13,14)(6,7)17(2,9,10)(8,15)4,12,3-(16,5)",3,2,0.0,False,-9,
202209020206,6,3歳未勝利,芝,1600,晴,稍重,12:35,2022-03-27,阪神,17,3,5,2019100594,ブリエールセレスト,牝3,50,01193,今村聖奈,1:39.3,10,15-16,37.5,218.7,12,384(0),01155,[西]渡辺薫彦,643031,土井久美子,,,,,,,,,,,,"(*1,11)(6,13,14)7(2,17)9,10-(8,15)-(4,12)(3,5)-16",15,2,8.5,False,"(*1,11)(13,14)(6,7)17(2,9,10)(8,15)4,12,3-(16,5)",16,2,6.5,False,-9,
202209020207,7,3歳1勝クラス,ダ,1200,晴,稍重,13:05,2022-03-27,阪神,1,6,7,2019105652,シホノディレット,牡3,53,01191,松本大輝,1:11.2,,2-2,36.0,75.3,10,530(-14),01178,[西]杉山佳明,262033,村瀬寛紀,750.0,,,,,,,,,,,"(*6,7)8(2,5,10)11(3,9)1-4",2,2,0.0,False,"(*6,7,8)(2,5,10,11)(3,9)1-4",2,3,0.0,False,-17,
202209020207,7,3歳1勝クラス,ダ,1200,晴,稍重,13:05,2022-03-27,阪神,2,2,2,2019102238,クロジシジョー,牡3,56,00732,幸英明,1:11.8,3.1/2,4-4,36.5,2.1,1,438(+4),01066,[西]岡田稲男,321004,河内孝夫,300.0,,,,,,,,,,,"(*6,7)8(2,5,10)11(3,9)1-4",4,3,0.0,False,"(*6,7,8)(2,5,10,11)(3,9)1-4",4,4,0.0,False,-17,
202209020207,7,3歳1勝クラス,ダ,1200,晴,稍重,13:05,2022-03-27,阪神,3,5,5,2019101975,ナムラフランク,牡3,56,01018,和田竜二,1:12.0,1.1/4,4-4,36.6,3.2,2,472(-2),01111,[西]鈴木孝志,972002,奈村睦弘,190.0,,,,,,,,,,,"(*6,7)8(2,5,10)11(3,9)1-4",4,3,0.0,False,"(*6,7,8)(2,5,10,11)(3,9)1-4",4,4,0.0,False,-17,
202209020207,7,3歳1勝クラス,ダ,1200,晴,稍重,13:05,2022-03-27,阪神,4,1,1,2019105250,ウォームライト,牡3,56,01093,藤岡佑介,1:12.2,1.1/4,10-10,36.5,22.8,5,496(+8),01184,[西]四位洋文,208008,窪田芳郎,110.0,,,,,,,,,,,"(*6,7)8(2,5,10)11(3,9)1-4",10,1,0.0,False,"(*6,7,8)(2,5,10,11)(3,9)1-4",10,1,0.0,False,-17,
202209020207,7,3歳1勝クラス,ダ,1200,晴,稍重,13:05,2022-03-27,阪神,5,6,6,2019102481,エクサープト,牝3,54,01138,藤懸貴志,1:12.5,1.3/4,1-1,37.4,8.9,4,476(-6),01166,[西]石坂公一,482002,水上行雄,75.0,,,,,,,,,,,"(*6,7)8(2,5,10)11(3,9)1-4",1,2,0.0,True,"(*6,7,8)(2,5,10,11)(3,9)1-4",1,3,0.0,True,-17,
202209020207,7,3歳1勝クラス,ダ,1200,晴,稍重,13:05,2022-03-27,阪神,6,3,3,2019104259,メイショウトール,牡3,53,01199,角田大河,1:12.6,1/2,8-8,37.0,31.1,6,474(0),01140,[西]石橋守,523005,松本好雄,,,,,,,,,,,,"(*6,7)8(2,5,10)11(3,9)1-4",8,2,0.0,False,"(*6,7,8)(2,5,10,11)(3,9)1-4",8,2,0.0,False,-17,
202209020207,7,3歳1勝クラス,ダ,1200,晴,稍重,13:05,2022-03-27,阪神,7,8,10,2019102065,ワセダタンク,牡3,56,01171,西村淳也,1:12.6,クビ,4-4,37.1,5.1,3,496(-2),01154,[西]橋口慎介,073803,大冨智弘,,,,,,,,,,,,"(*6,7)8(2,5,10)11(3,9)1-4",4,3,0.0,False,"(*6,7,8)(2,5,10,11)(3,9)1-4",4,4,0.0,False,-17,
202209020207,7,3歳1勝クラス,ダ,1200,晴,稍重,13:05,2022-03-27,阪神,8,7,9,2019103162,オーロベルディ,牝3,51,01194,大久保友,1:12.9,1.1/2,8-8,37.2,49.1,9,476(0),01021,[西]池添兼雄,018700,ロイヤルパーク,,,,,,,,,,,,"(*6,7)8(2,5,10)11(3,9)1-4",8,2,0.0,False,"(*6,7,8)(2,5,10,11)(3,9)1-4",8,2,0.0,False,-17,
202209020207,7,3歳1勝クラス,ダ,1200,晴,稍重,13:05,2022-03-27,阪神,9,4,4,2019103915,メイショウツガミネ,牡3,52,01193,今村聖奈,1:13.5,3.1/2,11-11,37.2,116.2,11,458(-4),01049,[西]南井克巳,523005,松本好雄,,,,,,,,,,,,"(*6,7)8(2,5,10)11(3,9)1-4",11,1,3.5,False,"(*6,7,8)(2,5,10,11)(3,9)1-4",11,1,3.5,False,-17,
202209020207,7,3歳1勝クラス,ダ,1200,晴,稍重,13:05,2022-03-27,阪神,10,8,11,2019103102,ファンデル,牝3,54,01141,中井裕二,1:13.9,2.1/2,7-4,38.4,36.4,7,458(+4),01178,[西]杉山佳明,646030,中辻明,,,,,,,,,,,,"(*6,7)8(2,5,10)11(3,9)1-4",7,1,0.0,False,"(*6,7,8)(2,5,10,11)(3,9)1-4",4,4,0.0,False,-17,
202209020207,7,3歳1勝クラス,ダ,1200,晴,稍重,13:05,2022-03-27,阪神,11,7,8,2019100551,アルムブラーヴ,牡3,56,01168,富田暁,1:14.1,1,3-2,38.8,47.7,8,478(-6),01003,[西]川村禎彦,899030,崎川美枝子,,,,,,,,,,,,"(*6,7)8(2,5,10)11(3,9)1-4",3,1,0.0,False,"(*6,7,8)(2,5,10,11)(3,9)1-4",2,3,0.0,False,-17,
202209020208,8,4歳以上1勝クラス,ダ,1800,晴,稍重,13:35,2022-03-27,阪神,1,7,8,2017100376,アラジンバローズ,セ5,57,01141,中井裕二,1:52.4,,2-2-2-2,37.4,3.9,2,482(0),01137,[西]中内田充,859007,猪熊広次,770.0,"4,8,11(5,7)(3,6)-1,9,10-2",2,1,1.5,False,"4,8,11(5,7)(3,6)-1,9,10,2",2,1,1.5,False,"4,8,11(7,6,10)3,1(5,2,9)",2,1,1.5,False,"(*4,8)11(7,10)3(6,1,9)2=5",2,2,0.0,False,-17,
202209020208,8,4歳以上1勝クラス,ダ,1800,晴,稍重,13:35,2022-03-27,阪神,2,7,9,2017105824,キースローガン,牡5,57,05525,藤井勘一,1:52.7,2,9-9-9-7,37.0,23.9,9,478(-8),01003,[西]川村禎彦,338008,北前孔一郎,310.0,"4,8,11(5,7)(3,6)-1,9,10-2",9,1,8.0,False,"4,8,11(5,7)(3,6)-1,9,10,2",9,1,8.0,False,"4,8,11(7,6,10)3,1(5,2,9)",9,3,4.5,False,"(*4,8)11(7,10)3(6,1,9)2=5",7,3,0.0,False,-17,
202209020208,8,4歳以上1勝クラス,ダ,1800,晴,稍重,13:35,2022-03-27,阪神,3,6,7,2018106368,スズカルビコン,牡4,57,01156,加藤祥太,1:52.9,3/4,4-4-4-4,37.7,11.7,5,514(0),01157,[西]杉山晴紀,382004,永井啓弍,190.0,"4,8,11(5,7)(3,6)-1,9,10-2",4,2,3.0,False,"4,8,11(5,7)(3,6)-1,9,10,2",4,2,3.0,False,"4,8,11(7,6,10)3,1(5,2,9)",4,3,3.0,False,"(*4,8)11(7,10)3(6,1,9)2=5",4,2,0.0,False,-17,
202209020208,8,4歳以上1勝クラス,ダ,1800,晴,稍重,13:35,2022-03-27,阪神,4,1,1,2018106451,レイクリエイター,牡4,57,01093,藤岡佑介,1:53.0,3/4,8-8-8-7,37.4,8.9,4,474(-4),01138,[西]浜田多実,306008,松岡隆雄,120.0,"4,8,11(5,7)(3,6)-1,9,10-2",8,1,6.5,False,"4,8,11(5,7)(3,6)-1,9,10,2",8,1,6.5,False,"4,8,11(7,6,10)3,1(5,2,9)",8,1,4.5,False,"(*4,8)11(7,10)3(6,1,9)2=5",7,3,0.0,False,-17,
202209020208,8,4歳以上1勝クラス,ダ,1800,晴,稍重,13:35,2022-03-27,阪神,5,3,3,2018103195,ハイラブハンター,牡4,54,01191,松本大輝,1:53.2,3/4,6-6-7-6,37.8,3.0,1,486(0),00431,[西]谷潔,142006,服部新平,77.0,"4,8,11(5,7)(3,6)-1,9,10-2",6,2,3.0,False,"4,8,11(5,7)(3,6)-1,9,10,2",6,2,3.0,False,"4,8,11(7,6,10)3,1(5,2,9)",7,1,3.0,False,"(*4,8)11(7,10)3(6,1,9)2=5",6,1,0.0,False,-17,
202209020208,8,4歳以上1勝クラス,ダ,1800,晴,稍重,13:35,2022-03-27,阪神,6,8,11,2018102386,タガノネクステージ,牡4,57,01018,和田竜二,1:53.2,ハナ,3-3-3-3,38.1,18.5,7,486(+4),01111,[西]鈴木孝志,859002,八木良司,,"4,8,11(5,7)(3,6)-1,9,10-2",3,1,3.0,False,"4,8,11(5,7)(3,6)-1,9,10,2",3,1,3.0,False,"4,8,11(7,6,10)3,1(5,2,9)",3,1,3.0,False,"(*4,8)11(7,10)3(6,1,9)2=5",3,1,0.0,False,-17,
202209020208,8,4歳以上1勝クラス,ダ,1800,晴,稍重,13:35,2022-03-27,阪神,7,4,4,2017106231,レッドシリウス,牡5,57,01116,藤岡康太,1:53.3,3/4,1-1-1-1,38.4,22.9,8,548(+1),01120,[西]千田輝彦,163008,高野葉子,,"4,8,11(5,7)(3,6)-1,9,10-2",1,1,0.0,False,"4,8,11(5,7)(3,6)-1,9,10,2",1,1,0.0,False,"4,8,11(7,6,10)3,1(5,2,9)",1,1,0.0,False,"(*4,8)11(7,10)3(6,1,9)2=5",1,2,0.0,True,-17,
202209020208,8,4歳以上1勝クラス,ダ,1800,晴,稍重,13:35,2022-03-27,阪神,8,2,2,2017103046,スリーシャーペン,牡5,57,01168,富田暁,1:53.6,2,11-11-9-10,37.9,74.2,10,480(-4),01033,[西]木原一良,061800,永井商事,,"4,8,11(5,7)(3,6)-1,9,10-2",11,1,13.0,False,"4,8,11(5,7)(3,6)-1,9,10,2",11,1,11.0,False,"4,8,11(7,6,10)3,1(5,2,9)",9,3,4.5,False,"(*4,8)11(7,10)3(6,1,9)2=5",10,1,0.0,False,-17,
202209020208,8,4歳以上1勝クラス,ダ,1800,晴,稍重,13:35,2022-03-27,阪神,9,8,10,2018105129,ロンズデーライト,牡4,57,01095,吉田隼人,1:53.9,1.1/2,10-10-4-4,38.6,3.9,3,500(+6),01144,[西]池添学,506800,シルクレーシング,,"4,8,11(5,7)(3,6)-1,9,10-2",10,1,9.5,False,"4,8,11(5,7)(3,6)-1,9,10,2",10,1,9.5,False,"4,8,11(7,6,10)3,1(5,2,9)",4,3,3.0,False,"(*4,8)11(7,10)3(6,1,9)2=5",4,2,0.0,False,-17,
202209020208,8,4歳以上1勝クラス,ダ,1800,晴,稍重,13:35,2022-03-27,阪神,10,6,6,2018101946,タガノチュール,牡4,57,00732,幸英明,1:54.1,1.1/2,6-6-4-7,38.7,17.1,6,486(-2),01028,[西]西園正都,859002,八木良司,,"4,8,11(5,7)(3,6)-1,9,10-2",6,2,3.0,False,"4,8,11(5,7)(3,6)-1,9,10,2",6,2,3.0,False,"4,8,11(7,6,10)3,1(5,2,9)",4,3,3.0,False,"(*4,8)11(7,10)3(6,1,9)2=5",7,3,0.0,False,-17,
202209020208,8,4歳以上1勝クラス,ダ,1800,晴,稍重,13:35,2022-03-27,阪神,11,5,5,2018103280,インテグラルシチー,牡4,57,01124,国分恭介,1:58.2,大,4-4-9-11,42.0,124.7,11,520(-4),01123,[西]牧田和弥,321800,友駿ホースクラブ,,"4,8,11(5,7)(3,6)-1,9,10-2",4,2,3.0,False,"4,8,11(5,7)(3,6)-1,9,10,2",4,2,3.0,False,"4,8,11(7,6,10)3,1(5,2,9)",9,3,4.5,False,"(*4,8)11(7,10)3(6,1,9)2=5",11,1,6.0,False,-17,
202209020209,9,四国新聞杯(2勝),芝,2000,晴,稍重,14:05,2022-03-27,阪神,1,8,8,2018102608,ヴェルトハイム,牝4,55,01018,和田竜二,2:01.8,,7-7-7-7,34.3,1.8,1,474(-4),01061,[西]友道康夫,170800,ロードホースクラブ,"1,529.6","1,3(2,6)(4,7)(5,8)",7,2,1.5,False,"1,3(2,6)(4,7)(5,8)",7,2,1.5,False,"1(3,6)(2,4,7)(5,8)",7,2,0.0,False,"(*1,3,6)(2,4,7)(5,8)",7,2,0.0,False,-9,
202209020209,9,四国新聞杯(2勝),芝,2000,晴,稍重,14:05,2022-03-27,阪神,2,6,6,2017105212,フアナ,牝5,55,01154,松若風馬,2:01.8,クビ,3-3-2-2,34.7,3.4,2,472(+18),01002,[西]音無秀孝,372006,近藤英子,605.6,"1,3(2,6)(4,7)(5,8)",3,2,1.5,False,"1,3(2,6)(4,7)(5,8)",3,2,1.5,False,"1(3,6)(2,4,7)(5,8)",2,2,0.0,False,"(*1,3,6)(2,4,7)(5,8)",2,3,0.0,False,-9,
202209020209,9,四国新聞杯(2勝),芝,2000,晴,稍重,14:05,2022-03-27,阪神,3,5,5,2015106165,アトミカ,牝7,55,01116,藤岡康太,2:02.1,1.3/4,7-7-7-7,34.6,54.9,8,446(+10),01104,[西]笹田和秀,096803,東堂レーシング,382.8,"1,3(2,6)(4,7)(5,8)",7,2,1.5,False,"1,3(2,6)(4,7)(5,8)",7,2,1.5,False,"1(3,6)(2,4,7)(5,8)",7,2,0.0,False,"(*1,3,6)(2,4,7)(5,8)",7,2,0.0,False,-9,
202209020209,9,四国新聞杯(2勝),芝,2000,晴,稍重,14:05,2022-03-27,阪神,4,4,4,2018102328,アサケレディ,牝4,55,01034,酒井学,2:02.1,ハナ,5-5-4-4,34.8,13.6,5,470(0),01065,[西]大橋勇樹,904031,大橋公堯,230.0,"1,3(2,6)(4,7)(5,8)",5,2,1.5,False,"1,3(2,6)(4,7)(5,8)",5,2,1.5,False,"1(3,6)(2,4,7)(5,8)",4,3,0.0,False,"(*1,3,6)(2,4,7)(5,8)",4,3,0.0,False,-9,
202209020209,9,四国新聞杯(2勝),芝,2000,晴,稍重,14:05,2022-03-27,阪神,5,1,1,2018103615,ルース,牝4,55,01124,国分恭介,2:02.1,クビ,1-1-1-1,35.1,6.9,3,500(+6),01021,[西]池添兼雄,169008,山田和夫,151.0,"1,3(2,6)(4,7)(5,8)",1,1,0.0,False,"1,3(2,6)(4,7)(5,8)",1,1,0.0,False,"1(3,6)(2,4,7)(5,8)",1,1,0.0,False,"(*1,3,6)(2,4,7)(5,8)",1,3,0.0,True,-9,
202209020209,9,四国新聞杯(2勝),芝,2000,晴,稍重,14:05,2022-03-27,阪神,6,3,3,2017104748,サウンドレベッカ,牝5,55,00732,幸英明,2:02.3,1.1/4,2-2-2-2,35.2,21.0,6,470(+14),01042,[西]安達昭夫,168006,増田雄一,,"1,3(2,6)(4,7)(5,8)",2,1,1.5,False,"1,3(2,6)(4,7)(5,8)",2,1,1.5,False,"1(3,6)(2,4,7)(5,8)",2,2,0.0,False,"(*1,3,6)(2,4,7)(5,8)",2,3,0.0,False,-9,
202209020209,9,四国新聞杯(2勝),芝,2000,晴,稍重,14:05,2022-03-27,阪神,7,2,2,2017101905,ウィズダイヤモンズ,牝5,55,01125,国分優作,2:02.6,1.1/2,3-3-4-4,35.4,47.1,7,418(-6),01018,[西]宮徹,546800,サラブレッドクラブ・...,,"1,3(2,6)(4,7)(5,8)",3,2,1.5,False,"1,3(2,6)(4,7)(5,8)",3,2,1.5,False,"1(3,6)(2,4,7)(5,8)",4,3,0.0,False,"(*1,3,6)(2,4,7)(5,8)",4,3,0.0,False,-9,
202209020209,9,四国新聞杯(2勝),芝,2000,晴,稍重,14:05,2022-03-27,阪神,8,7,7,2018105263,コーディアル,牝4,55,01095,吉田隼人,2:03.2,4,5-5-4-4,35.9,8.1,4,490(-2),01117,[西]高野友和,486800,キャロットファーム,,"1,3(2,6)(4,7)(5,8)",5,2,1.5,False,"1,3(2,6)(4,7)(5,8)",5,2,1.5,False,"1(3,6)(2,4,7)(5,8)",4,3,0.0,False,"(*1,3,6)(2,4,7)(5,8)",4,3,0.0,False,-9,
202209020210,10,御堂筋S(3勝),芝,2400,晴,稍重,14:40,2022-03-27,阪神,1,8,11,2016102175,ダンディズム,セ6,57,01168,富田暁,2:27.0,,10-10-10-11,34.3,20.9,7,476(-4),01098,[西]野中賢二,045803,カナヤマホールディン...,"1,863.8","8,9,2,3(4,7)6,5-10-11-1",10,1,13.0,False,"8,9,2,3(4,7)(5,6)-10-11,1",10,1,11.5,False,"8,9(2,3)(4,7)-(5,6)10-11,1",10,1,8.5,False,"(*8,9)(2,3)(4,7)(5,6)(10,1)11",11,1,0.0,False,-9,
202209020210,10,御堂筋S(3勝),芝,2400,晴,稍重,14:40,2022-03-27,阪神,2,2,2,2018104788,トゥーフェイス,牡4,56,01018,和田竜二,2:27.2,1.1/4,3-3-3-3,35.3,3.6,2,486(-10),01116,[東]新開幸一,415800,社台レースホース,746.8,"8,9,2,3(4,7)6,5-10-11-1",3,1,3.0,False,"8,9,2,3(4,7)(5,6)-10-11,1",3,1,3.0,False,"8,9(2,3)(4,7)-(5,6)10-11,1",3,2,1.5,False,"(*8,9)(2,3)(4,7)(5,6)(10,1)11",3,2,0.0,False,-9,
202209020210,10,御堂筋S(3勝),芝,2400,晴,稍重,14:40,2022-03-27,阪神,3,6,6,2017101707,ロバートソンキー,牡5,57,01119,伊藤工真,2:27.2,ハナ,7-7-7-7,34.8,2.1,1,482(+16),01163,[東]林徹,398030,保坂和孝,463.4,"8,9,2,3(4,7)6,5-10-11-1",7,1,4.5,False,"8,9,2,3(4,7)(5,6)-10-11,1",7,2,4.5,False,"8,9(2,3)(4,7)-(5,6)10-11,1",7,2,5.0,False,"(*8,9)(2,3)(4,7)(5,6)(10,1)11",7,2,0.0,False,-9,
202209020210,10,御堂筋S(3勝),芝,2400,晴,稍重,14:40,2022-03-27,阪神,4,7,8,2018105088,テンカハル,牡4,56,01093,藤岡佑介,2:27.3,1/2,1-1-1-1,35.6,18.3,6,502(+12),01075,[西]矢作芳人,542800,ライオンレースホース,280.0,"8,9,2,3(4,7)6,5-10-11-1",1,1,0.0,False,"8,9,2,3(4,7)(5,6)-10-11,1",1,1,0.0,False,"8,9(2,3)(4,7)-(5,6)10-11,1",1,1,0.0,False,"(*8,9)(2,3)(4,7)(5,6)(10,1)11",1,2,0.0,True,-9,
202209020210,10,御堂筋S(3勝),芝,2400,晴,稍重,14:40,2022-03-27,阪神,5,7,9,2016105210,ノーチカルチャート,牡6,57,01116,藤岡康太,2:27.4,1/2,2-2-2-2,35.7,74.6,10,494(+12),01146,[西]奥村豊,415800,社台レースホース,184.0,"8,9,2,3(4,7)6,5-10-11-1",2,1,1.5,False,"8,9,2,3(4,7)(5,6)-10-11,1",2,1,1.5,False,"8,9(2,3)(4,7)-(5,6)10-11,1",2,1,1.5,False,"(*8,9)(2,3)(4,7)(5,6)(10,1)11",2,2,0.0,False,-9,
202209020210,10,御堂筋S(3勝),芝,2400,晴,稍重,14:40,2022-03-27,阪神,6,4,4,2018104712,レイオブウォーター,牡4,56,01095,吉田隼人,2:27.7,1.1/2,5-5-5-5,35.5,8.7,3,502(-2),01061,[西]友道康夫,858800,大塚亮一,,"8,9,2,3(4,7)6,5-10-11-1",5,2,4.5,False,"8,9,2,3(4,7)(5,6)-10-11,1",5,2,4.5,False,"8,9(2,3)(4,7)-(5,6)10-11,1",5,2,1.5,False,"(*8,9)(2,3)(4,7)(5,6)(10,1)11",5,2,0.0,False,-9,
202209020210,10,御堂筋S(3勝),芝,2400,晴,稍重,14:40,2022-03-27,阪神,7,6,7,2016104589,レティキュール,牝6,55,01034,酒井学,2:27.7,アタマ,5-5-5-5,35.5,23.7,8,450(-4),01151,[西]斉藤崇史,226800,サンデーレーシング,,"8,9,2,3(4,7)6,5-10-11-1",5,2,4.5,False,"8,9,2,3(4,7)(5,6)-10-11,1",5,2,4.5,False,"8,9(2,3)(4,7)-(5,6)10-11,1",5,2,1.5,False,"(*8,9)(2,3)(4,7)(5,6)(10,1)11",5,2,0.0,False,-9,
202209020210,10,御堂筋S(3勝),芝,2400,晴,稍重,14:40,2022-03-27,阪神,8,8,10,2017105495,ラインハイト,牡5,57,01171,西村淳也,2:27.8,1/2,9-9-9-9,35.2,79.4,11,488(+4),01176,[西]吉岡辰弥,486800,キャロットファーム,,"8,9,2,3(4,7)6,5-10-11-1",9,1,9.5,False,"8,9,2,3(4,7)(5,6)-10-11,1",9,1,8.0,False,"8,9(2,3)(4,7)-(5,6)10-11,1",9,1,5.0,False,"(*8,9)(2,3)(4,7)(5,6)(10,1)11",9,2,0.0,False,-9,
202209020210,10,御堂筋S(3勝),芝,2400,晴,稍重,14:40,2022-03-27,阪神,9,1,1,2018105131,セファーラジエル,牡4,56,00732,幸英明,2:28.0,1.1/2,11-11-11-9,35.4,13.7,5,524(+2),01159,[西]高柳大輔,226800,サンデーレーシング,,"8,9,2,3(4,7)6,5-10-11-1",11,1,16.5,False,"8,9,2,3(4,7)(5,6)-10-11,1",11,1,13.0,False,"8,9(2,3)(4,7)-(5,6)10-11,1",11,1,10.0,False,"(*8,9)(2,3)(4,7)(5,6)(10,1)11",9,2,0.0,False,-9,
202209020210,10,御堂筋S(3勝),芝,2400,晴,稍重,14:40,2022-03-27,阪神,10,5,5,2018105033,レヴェッツァ,牡4,56,01030,松田大作,2:28.3,1.1/2,8-7-7-7,35.9,9.1,4,492(+2),01151,[西]斉藤崇史,376033,早野誠,,"8,9,2,3(4,7)6,5-10-11-1",8,1,6.0,False,"8,9,2,3(4,7)(5,6)-10-11,1",7,2,4.5,False,"8,9(2,3)(4,7)-(5,6)10-11,1",7,2,5.0,False,"(*8,9)(2,3)(4,7)(5,6)(10,1)11",7,2,0.0,False,-9,
202209020210,10,御堂筋S(3勝),芝,2400,晴,稍重,14:40,2022-03-27,阪神,11,3,3,2016104397,タイセイモナーク,牡6,57,01154,松若風馬,2:28.4,1,4-4-3-3,36.5,29.0,9,500(-2),01148,[西]西村真幸,224007,田中成奉,,"8,9,2,3(4,7)6,5-10-11-1",4,1,4.5,False,"8,9,2,3(4,7)(5,6)-10-11,1",4,1,4.5,False,"8,9(2,3)(4,7)-(5,6)10-11,1",3,2,1.5,False,"(*8,9)(2,3)(4,7)(5,6)(10,1)11",3,2,0.0,False,-9,
202209020211,11,六甲S(L),芝,1600,晴,稍重,15:20,2022-03-27,阪神,1,6,12,2017104685,エアロロノア,牡5,57,00732,幸英明,1:33.7,,10-7,34.0,6.7,4,500(-6),01104,[西]笹田和秀,084800,ラッキーフィールド,"2,540.6",,,,,,,,,,,"(*6,5)16(4,7,10,15)(8,14)(3,12)-18,11(2,13)17(1,9)",10,2,0.0,False,"(*6,5)(16,15)(4,10)(7,14,12)8(2,3,18)(11,13)17(1,9)",7,3,0.0,False,-9,
202209020211,11,六甲S(L),芝,1600,晴,稍重,15:20,2022-03-27,阪神,2,5,10,2017104719,ファルコニア,牡5,57,01095,吉田隼人,1:33.9,1,4-5,34.5,5.4,2,470(0),01117,[西]高野友和,415800,社台レースホース,"1,011.6",,,,,,,,,,,"(*6,5)16(4,7,10,15)(8,14)(3,12)-18,11(2,13)17(1,9)",4,4,0.0,False,"(*6,5)(16,15)(4,10)(7,14,12)8(2,3,18)(11,13)17(1,9)",5,2,0.0,False,-9,
202209020211,11,六甲S(L),芝,1600,晴,稍重,15:20,2022-03-27,阪神,3,1,2,2017102897,カレンシュトラウス,牡5,56,01018,和田竜二,1:34.1,1.1/4,14-11,34.0,3.0,1,514(-4),01082,[西]平田修,869006,鈴木隆司,635.8,,,,,,,,,,,"(*6,5)16(4,7,10,15)(8,14)(3,12)-18,11(2,13)17(1,9)",14,2,5.0,False,"(*6,5)(16,15)(4,10)(7,14,12)8(2,3,18)(11,13)17(1,9)",11,3,0.0,False,-9,
202209020211,11,六甲S(L),芝,1600,晴,稍重,15:20,2022-03-27,阪神,4,4,8,2017106387,スマートリアン,牝5,54,01182,泉谷楓真,1:34.1,クビ,8-10,34.3,9.2,5,476(-2),01140,[西]石橋守,007803,大川徹,380.0,,,,,,,,,,,"(*6,5)16(4,7,10,15)(8,14)(3,12)-18,11(2,13)17(1,9)",8,2,0.0,False,"(*6,5)(16,15)(4,10)(7,14,12)8(2,3,18)(11,13)17(1,9)",10,1,0.0,False,-9,
202209020211,11,六甲S(L),芝,1600,晴,稍重,15:20,2022-03-27,阪神,5,6,11,2017104771,ラルナブリラーレ,牝5,54,01034,酒井学,1:34.2,3/4,13-14,34.0,33.5,9,482(+2),01166,[西]石坂公一,415800,社台レースホース,250.0,,,,,,,,,,,"(*6,5)16(4,7,10,15)(8,14)(3,12)-18,11(2,13)17(1,9)",13,1,5.0,False,"(*6,5)(16,15)(4,10)(7,14,12)8(2,3,18)(11,13)17(1,9)",14,2,0.0,False,-9,
202209020211,11,六甲S(L),芝,1600,晴,稍重,15:20,2022-03-27,阪神,6,3,6,2017101429,ウインカーネリアン,牡5,56,01125,国分優作,1:34.3,クビ,1-1,35.3,18.6,7,512(+16),01097,[東]鹿戸雄一,494800,ウイン,,,,,,,,,,,,"(*6,5)16(4,7,10,15)(8,14)(3,12)-18,11(2,13)17(1,9)",1,2,0.0,True,"(*6,5)(16,15)(4,10)(7,14,12)8(2,3,18)(11,13)17(1,9)",1,2,0.0,True,-9,
202209020211,11,六甲S(L),芝,1600,晴,稍重,15:20,2022-03-27,阪神,7,8,16,2018105366,レッドベルオーブ,牡4,56,01141,中井裕二,1:34.4,1,3-3,35.2,5.9,3,492(+14),01055,[西]藤原英昭,180800,東京ホースレーシング,,,,,,,,,,,,"(*6,5)16(4,7,10,15)(8,14)(3,12)-18,11(2,13)17(1,9)",3,1,0.0,False,"(*6,5)(16,15)(4,10)(7,14,12)8(2,3,18)(11,13)17(1,9)",3,2,0.0,False,-9,
202209020211,11,六甲S(L),芝,1600,晴,稍重,15:20,2022-03-27,阪神,8,7,13,2016104839,ブランノワール,牝6,54,01112,荻野琢真,1:34.5,3/4,14-14,34.3,199.5,17,466(+10),01105,[西]須貝尚介,506800,シルクレーシング,,,,,,,,,,,,"(*6,5)16(4,7,10,15)(8,14)(3,12)-18,11(2,13)17(1,9)",14,2,5.0,False,"(*6,5)(16,15)(4,10)(7,14,12)8(2,3,18)(11,13)17(1,9)",14,2,0.0,False,-9,
202209020211,11,六甲S(L),芝,1600,晴,稍重,15:20,2022-03-27,阪神,9,1,1,2015106423,ラセット,牡7,57,01171,西村淳也,1:34.6,1/2,17-17,34.0,50.6,12,494(-2),01087,[西]庄野靖志,311800,桂土地,,,,,,,,,,,,"(*6,5)16(4,7,10,15)(8,14)(3,12)-18,11(2,13)17(1,9)",17,2,5.0,False,"(*6,5)(16,15)(4,10)(7,14,12)8(2,3,18)(11,13)17(1,9)",17,2,0.0,False,-9,
202209020211,11,六甲S(L),芝,1600,晴,稍重,15:20,2022-03-27,阪神,10,2,4,2017110033,トリプルエース,牡5,56,01116,藤岡康太,1:34.8,3/4,4-5,35.3,21.4,8,496(-10),01151,[西]斉藤崇史,003060,ゴドルフィン,,,,,,,,,,,,"(*6,5)16(4,7,10,15)(8,14)(3,12)-18,11(2,13)17(1,9)",4,4,0.0,False,"(*6,5)(16,15)(4,10)(7,14,12)8(2,3,18)(11,13)17(1,9)",5,2,0.0,False,-9,
202209020211,11,六甲S(L),芝,1600,晴,稍重,15:20,2022-03-27,阪神,11,8,18,2015105105,フランツ,牡7,56,01154,松若風馬,1:34.8,アタマ,12-11,34.8,132.8,14,446(-2),01002,[西]音無秀孝,372006,近藤英子,,,,,,,,,,,,"(*6,5)16(4,7,10,15)(8,14)(3,12)-18,11(2,13)17(1,9)",12,1,3.5,False,"(*6,5)(16,15)(4,10)(7,14,12)8(2,3,18)(11,13)17(1,9)",11,3,0.0,False,-9,
202209020211,11,六甲S(L),芝,1600,晴,稍重,15:20,2022-03-27,阪神,12,2,3,2016104672,レッドサイオン,セ6,56,01167,木幡育也,1:34.9,1,10-11,34.9,97.8,13,430(-6),01191,[東]蛯名正義,180800,東京ホースレーシング,,,,,,,,,,,,"(*6,5)16(4,7,10,15)(8,14)(3,12)-18,11(2,13)17(1,9)",10,2,0.0,False,"(*6,5)(16,15)(4,10)(7,14,12)8(2,3,18)(11,13)17(1,9)",11,3,0.0,False,-9,
202209020211,11,六甲S(L),芝,1600,晴,稍重,15:20,2022-03-27,阪神,13,8,17,2016102044,アイラブテーラー,牝6,56,01168,富田暁,1:35.1,1.1/4,16-16,34.7,46.0,11,454(-6),01072,[西]河内洋,730002,中西浩一,,,,,,,,,,,,"(*6,5)16(4,7,10,15)(8,14)(3,12)-18,11(2,13)17(1,9)",16,1,5.0,False,"(*6,5)(16,15)(4,10)(7,14,12)8(2,3,18)(11,13)17(1,9)",16,1,0.0,False,-9,
202209020211,11,六甲S(L),芝,1600,晴,稍重,15:20,2022-03-27,阪神,14,4,7,2017100404,クラヴァシュドール,牝5,54,01093,藤岡佑介,1:35.2,クビ,4-7,35.5,13.1,6,470(-6),01137,[西]中内田充,091803,山紫水明,,,,,,,,,,,,"(*6,5)16(4,7,10,15)(8,14)(3,12)-18,11(2,13)17(1,9)",4,4,0.0,False,"(*6,5)(16,15)(4,10)(7,14,12)8(2,3,18)(11,13)17(1,9)",7,3,0.0,False,-9,
202209020211,11,六甲S(L),芝,1600,晴,稍重,15:20,2022-03-27,阪神,15,7,15,2015105214,メイケイダイハード,牡7,58,01124,国分恭介,1:35.2,クビ,4-3,35.9,139.3,15,550(0),01039,[西]中竹和也,004800,名古屋競馬,,,,,,,,,,,,"(*6,5)16(4,7,10,15)(8,14)(3,12)-18,11(2,13)17(1,9)",4,4,0.0,False,"(*6,5)(16,15)(4,10)(7,14,12)8(2,3,18)(11,13)17(1,9)",3,2,0.0,False,-9,
202209020211,11,六甲S(L),芝,1600,晴,稍重,15:20,2022-03-27,阪神,16,7,14,2018110045,ショックアクション,牡4,56,01030,松田大作,1:35.3,1/2,8-7,35.7,38.7,10,504(-4),01058,[西]大久保龍,003060,ゴドルフィン,,,,,,,,,,,,"(*6,5)16(4,7,10,15)(8,14)(3,12)-18,11(2,13)17(1,9)",8,2,0.0,False,"(*6,5)(16,15)(4,10)(7,14,12)8(2,3,18)(11,13)17(1,9)",7,3,0.0,False,-9,
202209020211,11,六甲S(L),芝,1600,晴,稍重,15:20,2022-03-27,阪神,17,3,5,2016110148,サンノゼテソーロ,牡6,56,05525,藤井勘一,1:35.7,2.1/2,2-2,36.6,255.0,18,464(-6),01162,[東]田中博康,089803,了徳寺健二ホールディ...,,,,,,,,,,,,"(*6,5)16(4,7,10,15)(8,14)(3,12)-18,11(2,13)17(1,9)",2,2,0.0,False,"(*6,5)(16,15)(4,10)(7,14,12)8(2,3,18)(11,13)17(1,9)",2,2,0.0,False,-9,
202209020211,11,六甲S(L),芝,1600,晴,稍重,15:20,2022-03-27,阪神,18,5,9,2016105772,ケイアイサクソニー,牡6,56,01138,藤懸貴志,1:36.1,2.1/2,17-17,35.5,161.3,16,510(+4),01176,[西]吉岡辰弥,331803,ケイアイスタリオン,,,,,,,,,,,,"(*6,5)16(4,7,10,15)(8,14)(3,12)-18,11(2,13)17(1,9)",17,2,5.0,False,"(*6,5)(16,15)(4,10)(7,14,12)8(2,3,18)(11,13)17(1,9)",17,2,0.0,False,-9,
202209020212,12,4歳以上2勝クラス,ダ,1200,晴,稍重,16:01,2022-03-27,阪神,1,8,14,2017100604,レディオマジック,牡5,57,01093,藤岡佑介,1:11.9,,8-5,36.4,4.4,2,488(+2),00429,[西]佐々木晶,087803,ＨｉｍＲｏｃｋＲａｃ...,"1,110.0",,,,,,,,,,,"(7,*12)10(6,15)8,4,14(1,9)(2,3,13)-5-11",8,1,3.0,False,"(7,*12)15,10,14(6,8,9)(4,1,13)3(2,5)-11",5,1,3.0,False,-17,
202209020212,12,4歳以上2勝クラス,ダ,1200,晴,稍重,16:01,2022-03-27,阪神,2,7,12,2016100952,ヴァリアント,牡6,54,01199,角田大河,1:12.0,1/2,1-1,37.4,27.8,8,486(-4),01181,[西]茶木太樹,045803,カナヤマホールディン...,440.0,,,,,,,,,,,"(7,*12)10(6,15)8,4,14(1,9)(2,3,13)-5-11",1,2,0.0,True,"(7,*12)15,10,14(6,8,9)(4,1,13)3(2,5)-11",1,2,0.0,True,-17,
202209020212,12,4歳以上2勝クラス,ダ,1200,晴,稍重,16:01,2022-03-27,阪神,3,5,9,2018100985,ペプチドサンライズ,牡4,57,01168,富田暁,1:12.4,2,9-6,36.7,2.6,1,450(0),01033,[西]木原一良,500007,沼川一彦,280.0,,,,,,,,,,,"(7,*12)10(6,15)8,4,14(1,9)(2,3,13)-5-11",9,2,3.0,False,"(7,*12)15,10,14(6,8,9)(4,1,13)3(2,5)-11",6,3,3.0,False,-17,
202209020212,12,4歳以上2勝クラス,ダ,1200,晴,稍重,16:01,2022-03-27,阪神,4,6,10,2017101562,ダイシンウィット,牡5,57,01095,吉田隼人,1:12.4,ハナ,3-4,37.4,37.0,10,504(-4),01076,[東]小笠倫弘,929002,大八木信行,170.0,,,,,,,,,,,"(7,*12)10(6,15)8,4,14(1,9)(2,3,13)-5-11",3,1,0.0,False,"(7,*12)15,10,14(6,8,9)(4,1,13)3(2,5)-11",4,1,1.5,False,-17,
202209020212,12,4歳以上2勝クラス,ダ,1200,晴,稍重,16:01,2022-03-27,阪神,5,3,5,2018106097,ディオスクーロイ,牡4,56,01182,泉谷楓真,1:12.5,3/4,14-13,36.4,11.3,5,476(+4),01149,[西]松下武士,258033,野嶋祥二,111.0,,,,,,,,,,,"(7,*12)10(6,15)8,4,14(1,9)(2,3,13)-5-11",14,1,6.5,False,"(7,*12)15,10,14(6,8,9)(4,1,13)3(2,5)-11",13,2,3.0,False,-17,
202209020212,12,4歳以上2勝クラス,ダ,1200,晴,稍重,16:01,2022-03-27,阪神,6,2,3,2016106585,テーオーポシブル,セ6,57,01112,荻野琢真,1:12.6,3/4,11-12,36.7,16.1,6,474(-1),01084,[西]梅田智之,304008,小笹公也,,,,,,,,,,,,"(7,*12)10(6,15)8,4,14(1,9)(2,3,13)-5-11",11,3,3.0,False,"(7,*12)15,10,14(6,8,9)(4,1,13)3(2,5)-11",12,1,3.0,False,-17,
202209020212,12,4歳以上2勝クラス,ダ,1200,晴,稍重,16:01,2022-03-27,阪神,7,2,2,2017100922,フチサンメルチャン,牡5,57,00894,小牧太,1:12.7,1/2,11-13,36.8,106.1,12,468(-8),01040,[西]服部利之,117030,中西功,,,,,,,,,,,,"(7,*12)10(6,15)8,4,14(1,9)(2,3,13)-5-11",11,3,3.0,False,"(7,*12)15,10,14(6,8,9)(4,1,13)3(2,5)-11",13,2,3.0,False,-17,
202209020212,12,4歳以上2勝クラス,ダ,1200,晴,稍重,16:01,2022-03-27,阪神,8,8,15,2016105963,ビートマジック,セ6,57,01034,酒井学,1:12.7,ハナ,4-3,37.8,6.2,3,476(+2),01185,[西]小林真也,851009,岡田牧雄,,,,,,,,,,,,"(7,*12)10(6,15)8,4,14(1,9)(2,3,13)-5-11",4,2,0.0,False,"(7,*12)15,10,14(6,8,9)(4,1,13)3(2,5)-11",3,1,0.0,False,-17,
202209020212,12,4歳以上2勝クラス,ダ,1200,晴,稍重,16:01,2022-03-27,阪神,9,3,4,2018104022,サウスジェラート,牝4,55,00732,幸英明,1:12.8,クビ,7-9,37.4,29.0,9,482(+2),01177,[東]伊坂重信,992800,谷岡牧場,,,,,,,,,,,,"(7,*12)10(6,15)8,4,14(1,9)(2,3,13)-5-11",7,1,1.5,False,"(7,*12)15,10,14(6,8,9)(4,1,13)3(2,5)-11",9,3,3.0,False,-17,
202209020212,12,4歳以上2勝クラス,ダ,1200,晴,稍重,16:01,2022-03-27,阪神,10,1,1,2018102451,ゲンパチミーティア,セ4,53,01190,古川奈穂,1:13.0,1.1/2,9-9,37.3,17.2,7,464(-10),01075,[西]矢作芳人,689002,平野武志,,,,,,,,,,,,"(7,*12)10(6,15)8,4,14(1,9)(2,3,13)-5-11",9,2,3.0,False,"(7,*12)15,10,14(6,8,9)(4,1,13)3(2,5)-11",9,3,3.0,False,-17,
202209020212,12,4歳以上2勝クラス,ダ,1200,晴,稍重,16:01,2022-03-27,阪神,11,4,7,2018101834,ウンエンリヒカイ,牡4,57,01124,国分恭介,1:13.2,1.1/4,2-2,38.5,74.1,11,522(+1),01028,[西]西園正都,331007,幅田昌伸,,,,,,,,,,,,"(7,*12)10(6,15)8,4,14(1,9)(2,3,13)-5-11",2,2,0.0,False,"(7,*12)15,10,14(6,8,9)(4,1,13)3(2,5)-11",2,2,0.0,False,-17,
202209020212,12,4歳以上2勝クラス,ダ,1200,晴,稍重,16:01,2022-03-27,阪神,12,4,6,2017100699,クリノイコライザー,セ5,57,01128,川須栄彦,1:13.2,ハナ,4-6,38.0,6.5,4,444(+2),01069,[西]中尾秀正,970006,栗本博晴,,,,,,,,,,,,"(7,*12)10(6,15)8,4,14(1,9)(2,3,13)-5-11",4,2,0.0,False,"(7,*12)15,10,14(6,8,9)(4,1,13)3(2,5)-11",6,3,3.0,False,-17,
202209020212,12,4歳以上2勝クラス,ダ,1200,晴,稍重,16:01,2022-03-27,阪神,13,7,13,2015102013,クリノカサット,牝7,52,01191,松本大輝,1:13.4,3/4,11-9,37.6,177.0,14,462(-26),01041,[西]藤沢則雄,970006,栗本博晴,,,,,,,,,,,,"(7,*12)10(6,15)8,4,14(1,9)(2,3,13)-5-11",11,3,3.0,False,"(7,*12)15,10,14(6,8,9)(4,1,13)3(2,5)-11",9,3,3.0,False,-17,
202209020212,12,4歳以上2勝クラス,ダ,1200,晴,稍重,16:01,2022-03-27,阪神,14,5,8,2017101489,ドラゴンズバック,牡5,57,01167,木幡育也,1:13.9,3,6-6,38.5,243.0,15,476(-4),01031,[東]伊藤伸一,855030,田頭勇貴,,,,,,,,,,,,"(7,*12)10(6,15)8,4,14(1,9)(2,3,13)-5-11",6,1,0.0,False,"(7,*12)15,10,14(6,8,9)(4,1,13)3(2,5)-11",6,3,3.0,False,-17,
202209020212,12,4歳以上2勝クラス,ダ,1200,晴,稍重,16:01,2022-03-27,阪神,15,6,11,2017102704,ジャッジ,牡5,57,01141,中井裕二,1:14.9,6,15-15,38.4,170.1,13,516(-14),01143,[東]和田雄二,713005,田島榮二郎,,,,,,,,,,,,"(7,*12)10(6,15)8,4,14(1,9)(2,3,13)-5-11",15,1,10.0,False,"(7,*12)15,10,14(6,8,9)(4,1,13)3(2,5)-11",15,1,6.5,False,-17,
202207020601,1,3歳未勝利,ダ,1800,晴,不良,10:05,2022-03-27,中京,1,5,8,2019104768,ドライゼ,牝3,54,01014,福永祐一,1:54.2,,11-11-10-11,38.6,25.6,7,492(0),01105,[西]須貝尚介,415800,社台レースホース,520.0,"12(13,14)4(3,5)(1,6)7,2(8,11)10-9,15",11,2,1.5,False,"12(13,14)4,5(3,6)-1(7,2)-(8,11)10-9,15",11,2,8.5,False,"(*13,14)(12,5,6)3(4,2,1)-(7,8)-10-15,11,9",10,2,3.5,False,"(*13,14)(5,6)(12,3)(2,1)(4,7)8,10-15-9,11",11,1,0.0,False,-15,
202207020601,1,3歳未勝利,ダ,1800,晴,不良,10:05,2022-03-27,中京,2,4,6,2019106586,エリザベスミノル,牝3,54,00660,横山典弘,1:54.9,4,7-6-3-3,40.6,3.0,2,428(-4),01099,[西]本田優,265008,吉岡實,210.0,"12(13,14)4(3,5)(1,6)7,2(8,11)10-9,15",7,2,0.0,False,"12(13,14)4,5(3,6)-1(7,2)-(8,11)10-9,15",6,2,1.5,False,"(*13,14)(12,5,6)3(4,2,1)-(7,8)-10-15,11,9",3,3,0.0,False,"(*13,14)(5,6)(12,3)(2,1)(4,7)8,10-15-9,11",3,2,0.0,False,-15,
202207020601,1,3歳未勝利,ダ,1800,晴,不良,10:05,2022-03-27,中京,3,2,3,2019101299,ディスコ,牝3,54,00666,武豊,1:55.1,1.1/4,5-6-6-5,40.4,1.9,1,478(-2),01002,[西]音無秀孝,346803,吉澤ホールディングス,130.0,"12(13,14)4(3,5)(1,6)7,2(8,11)10-9,15",5,2,0.0,False,"12(13,14)4,5(3,6)-1(7,2)-(8,11)10-9,15",6,2,1.5,False,"(*13,14)(12,5,6)3(4,2,1)-(7,8)-10-15,11,9",6,1,0.0,False,"(*13,14)(5,6)(12,3)(2,1)(4,7)8,10-15-9,11",5,2,0.0,False,-15,
202207020601,1,3歳未勝利,ダ,1800,晴,不良,10:05,2022-03-27,中京,4,8,15,2019102364,クリノビビ,牝3,54,01085,松岡正海,1:55.2,3/4,15-15-13-13,38.7,207.1,12,444(+4),00431,[西]谷潔,970006,栗本博晴,78.0,"12(13,14)4(3,5)(1,6)7,2(8,11)10-9,15",15,1,6.5,False,"12(13,14)4,5(3,6)-1(7,2)-(8,11)10-9,15",15,1,13.5,False,"(*13,14)(12,5,6)3(4,2,1)-(7,8)-10-15,11,9",13,1,10.5,False,"(*13,14)(5,6)(12,3)(2,1)(4,7)8,10-15-9,11",13,1,5.0,False,-15,
202207020601,1,3歳未勝利,ダ,1800,晴,不良,10:05,2022-03-27,中京,5,4,7,2019100676,アスタラグローリア,牝3,51,01177,小林凌大,1:55.3,クビ,9-9-10-9,39.8,53.1,8,424(-4),01132,[東]金成貴史,547800,ヒダカ・ブリーダーズ...,52.0,"12(13,14)4(3,5)(1,6)7,2(8,11)10-9,15",9,1,0.0,False,"12(13,14)4,5(3,6)-1(7,2)-(8,11)10-9,15",9,2,5.0,False,"(*13,14)(12,5,6)3(4,2,1)-(7,8)-10-15,11,9",10,2,3.5,False,"(*13,14)(5,6)(12,3)(2,1)(4,7)8,10-15-9,11",9,2,0.0,False,-15,
202207020601,1,3歳未勝利,ダ,1800,晴,不良,10:05,2022-03-27,中京,6,2,2,2019102331,テーオーシャンス,牝3,53,01176,亀田温心,1:55.3,ハナ,10-9-7-7,40.3,264.2,13,410(0),01176,[西]吉岡辰弥,304008,小笹公也,,"12(13,14)4(3,5)(1,6)7,2(8,11)10-9,15",10,1,1.5,False,"12(13,14)4,5(3,6)-1(7,2)-(8,11)10-9,15",9,2,5.0,False,"(*13,14)(12,5,6)3(4,2,1)-(7,8)-10-15,11,9",7,3,0.0,False,"(*13,14)(5,6)(12,3)(2,1)(4,7)8,10-15-9,11",7,2,0.0,False,-15,
202207020601,1,3歳未勝利,ダ,1800,晴,不良,10:05,2022-03-27,中京,7,3,5,2019106340,サクラトップラン,牝3,54,01157,鮫島克駿,1:55.3,クビ,5-5-3-3,40.9,22.3,6,436(-2),01069,[西]中尾秀正,018803,トップフェロウ,,"12(13,14)4(3,5)(1,6)7,2(8,11)10-9,15",5,2,0.0,False,"12(13,14)4,5(3,6)-1(7,2)-(8,11)10-9,15",5,1,1.5,False,"(*13,14)(12,5,6)3(4,2,1)-(7,8)-10-15,11,9",3,3,0.0,False,"(*13,14)(5,6)(12,3)(2,1)(4,7)8,10-15-9,11",3,2,0.0,False,-15,
202207020601,1,3歳未勝利,ダ,1800,晴,不良,10:05,2022-03-27,中京,8,1,1,2019106610,メイショウセロジネ,牝3,54,01130,高倉稜,1:55.6,1.3/4,7-8-7-7,40.7,91.7,10,442(-10),01083,[西]松永昌博,523005,松本好雄,,"12(13,14)4(3,5)(1,6)7,2(8,11)10-9,15",7,2,0.0,False,"12(13,14)4,5(3,6)-1(7,2)-(8,11)10-9,15",8,1,5.0,False,"(*13,14)(12,5,6)3(4,2,1)-(7,8)-10-15,11,9",7,3,0.0,False,"(*13,14)(5,6)(12,3)(2,1)(4,7)8,10-15-9,11",7,2,0.0,False,-15,
202207020601,1,3歳未勝利,ダ,1800,晴,不良,10:05,2022-03-27,中京,9,8,14,2019101869,ベストフィーチャー,牝3,54,01075,田辺裕信,1:55.6,ハナ,2-2-2-2,41.4,134.2,11,434(0),01066,[西]岡田稲男,003060,ゴドルフィン,,"12(13,14)4(3,5)(1,6)7,2(8,11)10-9,15",2,2,0.0,False,"12(13,14)4,5(3,6)-1(7,2)-(8,11)10-9,15",2,2,0.0,False,"(*13,14)(12,5,6)3(4,2,1)-(7,8)-10-15,11,9",2,2,0.0,False,"(*13,14)(5,6)(12,3)(2,1)(4,7)8,10-15-9,11",2,2,0.0,False,-15,
202207020601,1,3歳未勝利,ダ,1800,晴,不良,10:05,2022-03-27,中京,10,6,10,2019103406,メイショウコウヨウ,牝3,54,01037,太宰啓介,1:56.0,2.1/2,13-13-12-12,40.0,276.3,14,410(-6),01095,[西]荒川義之,523005,松本好雄,,"12(13,14)4(3,5)(1,6)7,2(8,11)10-9,15",13,1,1.5,False,"12(13,14)4,5(3,6)-1(7,2)-(8,11)10-9,15",13,1,8.5,False,"(*13,14)(12,5,6)3(4,2,1)-(7,8)-10-15,11,9",12,1,7.0,False,"(*13,14)(5,6)(12,3)(2,1)(4,7)8,10-15-9,11",12,1,1.5,False,-15,
202207020601,1,3歳未勝利,ダ,1800,晴,不良,10:05,2022-03-27,中京,11,5,9,2019103327,ルクスレジーナ,牝3,52,01185,小沢大仁,1:56.6,3.1/2,14-14-15-14,39.9,21.3,5,460(0),01105,[西]須貝尚介,053803,杉山忠国,,"12(13,14)4(3,5)(1,6)7,2(8,11)10-9,15",14,1,5.0,False,"12(13,14)4,5(3,6)-1(7,2)-(8,11)10-9,15",14,1,12.0,False,"(*13,14)(12,5,6)3(4,2,1)-(7,8)-10-15,11,9",15,1,13.5,False,"(*13,14)(5,6)(12,3)(2,1)(4,7)8,10-15-9,11",14,1,8.5,False,-15,
202207020601,1,3歳未勝利,ダ,1800,晴,不良,10:05,2022-03-27,中京,12,7,13,2019106001,ベレン,牝3,54,05203,岩田康誠,1:57.4,5,2-2-1-1,43.2,6.8,3,476(0),01183,[西]辻野泰之,799033,椎名節,,"12(13,14)4(3,5)(1,6)7,2(8,11)10-9,15",2,2,0.0,False,"12(13,14)4,5(3,6)-1(7,2)-(8,11)10-9,15",2,2,0.0,False,"(*13,14)(12,5,6)3(4,2,1)-(7,8)-10-15,11,9",1,2,0.0,True,"(*13,14)(5,6)(12,3)(2,1)(4,7)8,10-15-9,11",1,2,0.0,True,-15,
202207020601,1,3歳未勝利,ダ,1800,晴,不良,10:05,2022-03-27,中京,13,3,4,2019104950,リメインステディ,牝3,50,01187,永島まな,1:58.0,3.1/2,4-4-7-9,43.1,439.2,15,436(+2),01165,[東]和田勇介,310007,吉田千津,,"12(13,14)4(3,5)(1,6)7,2(8,11)10-9,15",4,1,0.0,False,"12(13,14)4,5(3,6)-1(7,2)-(8,11)10-9,15",4,1,0.0,False,"(*13,14)(12,5,6)3(4,2,1)-(7,8)-10-15,11,9",7,3,0.0,False,"(*13,14)(5,6)(12,3)(2,1)(4,7)8,10-15-9,11",9,2,0.0,False,-15,
202207020601,1,3歳未勝利,ダ,1800,晴,不良,10:05,2022-03-27,中京,14,7,12,2019105573,コルティーナ,牝3,51,01186,角田大和,1:58.0,ハナ,1-1-3-5,43.7,16.1,4,476(-14),01154,[西]橋口慎介,486800,キャロットファーム,,"12(13,14)4(3,5)(1,6)7,2(8,11)10-9,15",1,1,0.0,False,"12(13,14)4,5(3,6)-1(7,2)-(8,11)10-9,15",1,1,0.0,False,"(*13,14)(12,5,6)3(4,2,1)-(7,8)-10-15,11,9",3,3,0.0,False,"(*13,14)(5,6)(12,3)(2,1)(4,7)8,10-15-9,11",5,2,0.0,False,-15,
202207020601,1,3歳未勝利,ダ,1800,晴,不良,10:05,2022-03-27,中京,15,6,11,2019104916,サントゥスタッシュ,牝3,52,01164,藤田菜七,1:58.9,5,11-11-14-15,42.3,77.9,9,466(0),01092,[西]松永幹夫,415800,社台レースホース,,"12(13,14)4(3,5)(1,6)7,2(8,11)10-9,15",11,2,1.5,False,"12(13,14)4,5(3,6)-1(7,2)-(8,11)10-9,15",11,2,8.5,False,"(*13,14)(12,5,6)3(4,2,1)-(7,8)-10-15,11,9",14,1,12.0,False,"(*13,14)(5,6)(12,3)(2,1)(4,7)8,10-15-9,11",15,1,10.0,False,-15,
202207020602,2,3歳未勝利,ダ,1200,晴,不良,10:35,2022-03-27,中京,1,6,11,2019102164,ジダイノチョウジ,牡3,56,01014,福永祐一,1:12.2,,1-1,37.2,4.0,3,510(-6),01039,[西]中竹和也,370008,岡浩二,520.0,,,,,,,,,,,"11,15(1,2,12)(3,10)4,16,5,7-(14,8,13)=(6,9)",1,1,0.0,False,"11,15(1,12)(3,2,10)4,16(5,7)13(14,8)-6-9",1,1,0.0,False,-15,
202207020602,2,3歳未勝利,ダ,1200,晴,不良,10:35,2022-03-27,中京,2,6,12,2019106608,アタカンテ,牝3,52,01164,藤田菜七,1:12.4,1,3-3,37.1,3.6,1,480(-10),01055,[西]藤原英昭,331007,幅田昌伸,210.0,,,,,,,,,,,"11,15(1,2,12)(3,10)4,16,5,7-(14,8,13)=(6,9)",3,3,1.5,False,"11,15(1,12)(3,2,10)4,16(5,7)13(14,8)-6-9",3,2,1.5,False,-15,
202207020602,2,3歳未勝利,ダ,1200,晴,不良,10:35,2022-03-27,中京,3,1,2,2019103600,キュートヘスティア,牝3,53,01176,亀田温心,1:12.5,1/2,3-5,37.1,7.3,5,446(-8),01182,[東]辻哲英,361800,杵臼牧場,130.0,,,,,,,,,,,"11,15(1,2,12)(3,10)4,16,5,7-(14,8,13)=(6,9)",3,3,1.5,False,"11,15(1,12)(3,2,10)4,16(5,7)13(14,8)-6-9",5,3,1.5,False,-15,
202207020602,2,3歳未勝利,ダ,1200,晴,不良,10:35,2022-03-27,中京,4,1,1,2019105600,コブラクロー,牡3,56,01160,荻野極,1:12.5,アタマ,3-3,37.2,5.6,4,570(+6),01046,[西]鮫島一歩,178033,山口正行,78.0,,,,,,,,,,,"11,15(1,2,12)(3,10)4,16,5,7-(14,8,13)=(6,9)",3,3,1.5,False,"11,15(1,12)(3,2,10)4,16(5,7)13(14,8)-6-9",3,2,1.5,False,-15,
202207020602,2,3歳未勝利,ダ,1200,晴,不良,10:35,2022-03-27,中京,5,8,15,2019101096,ペイシャブライティ,牡3,56,01166,川又賢治,1:12.7,1.1/2,2-2,37.5,4.0,2,498(+4),01093,[東]松永康利,163002,北所直人,52.0,,,,,,,,,,,"11,15(1,2,12)(3,10)4,16,5,7-(14,8,13)=(6,9)",2,1,1.5,False,"11,15(1,12)(3,2,10)4,16(5,7)13(14,8)-6-9",2,1,1.5,False,-15,
202207020602,2,3歳未勝利,ダ,1200,晴,不良,10:35,2022-03-27,中京,6,2,3,2019103820,スズカノアイル,牡3,54,01185,小沢大仁,1:13.2,3,6-5,37.6,161.8,10,470(-6),01130,[西]吉村圭司,382004,永井啓弍,,,,,,,,,,,,"11,15(1,2,12)(3,10)4,16,5,7-(14,8,13)=(6,9)",6,2,1.5,False,"11,15(1,12)(3,2,10)4,16(5,7)13(14,8)-6-9",5,3,1.5,False,-15,
202207020602,2,3歳未勝利,ダ,1200,晴,不良,10:35,2022-03-27,中京,7,8,16,2019101857,ジュンツーポイント,牡3,56,01161,菊沢一樹,1:13.4,1.1/2,9-9,37.4,231.8,12,482(+2),01047,[東]勢司和浩,165033,河合純二,,,,,,,,,,,,"11,15(1,2,12)(3,10)4,16,5,7-(14,8,13)=(6,9)",9,1,3.0,False,"11,15(1,12)(3,2,10)4,16(5,7)13(14,8)-6-9",9,1,3.0,False,-15,
202207020602,2,3歳未勝利,ダ,1200,晴,不良,10:35,2022-03-27,中京,8,5,10,2019102825,メイショウベレー,牝3,51,01186,角田大和,1:13.5,1/2,6-5,37.9,111.6,9,434(0),01041,[西]藤沢則雄,523005,松本好雄,,,,,,,,,,,,"11,15(1,2,12)(3,10)4,16,5,7-(14,8,13)=(6,9)",6,2,1.5,False,"11,15(1,12)(3,2,10)4,16(5,7)13(14,8)-6-9",5,3,1.5,False,-15,
202207020602,2,3歳未勝利,ダ,1200,晴,不良,10:35,2022-03-27,中京,9,3,5,2019105701,ブラックラスター,牡3,56,01170,横山武史,1:14.0,2.1/2,10-10,37.8,20.8,6,508(-6),01026,[東]鈴木伸尋,425031,田代洋己,,,,,,,,,,,,"11,15(1,2,12)(3,10)4,16,5,7-(14,8,13)=(6,9)",10,1,4.5,False,"11,15(1,12)(3,2,10)4,16(5,7)13(14,8)-6-9",10,2,3.0,False,-15,
202207020602,2,3歳未勝利,ダ,1200,晴,不良,10:35,2022-03-27,中京,10,4,7,2019106669,サザンクロスナイト,牡3,56,01133,水口優也,1:14.1,1/2,11-10,37.7,327.2,13,470(+2),01066,[西]岡田稲男,851007,山上和良,,,,,,,,,,,,"11,15(1,2,12)(3,10)4,16,5,7-(14,8,13)=(6,9)",11,1,6.0,False,"11,15(1,12)(3,2,10)4,16(5,7)13(14,8)-6-9",10,2,3.0,False,-15,
202207020602,2,3歳未勝利,ダ,1200,晴,不良,10:35,2022-03-27,中京,11,4,8,2019106355,ワイワイドリーム,牡3,56,01117,丸田恭介,1:14.4,2,12-13,37.7,352.9,14,544(0),01195,[東]嘉藤貴行,731033,山田泰司,,,,,,,,,,,,"11,15(1,2,12)(3,10)4,16,5,7-(14,8,13)=(6,9)",12,3,9.5,False,"11,15(1,12)(3,2,10)4,16(5,7)13(14,8)-6-9",13,2,3.0,False,-15,
202207020602,2,3歳未勝利,ダ,1200,晴,不良,10:35,2022-03-27,中京,12,2,4,2019102561,ジューンキララ,牝3,54,01157,鮫島克駿,1:14.4,アタマ,8-8,38.6,212.9,11,420(-2),01135,[西]高橋康之,017803,吉川潤,,,,,,,,,,,,"11,15(1,2,12)(3,10)4,16,5,7-(14,8,13)=(6,9)",8,1,1.5,False,"11,15(1,12)(3,2,10)4,16(5,7)13(14,8)-6-9",8,1,1.5,False,-15,
202207020602,2,3歳未勝利,ダ,1200,晴,不良,10:35,2022-03-27,中京,13,7,14,2019103044,ケイツークローナ,牡3,55,01181,秋山稔樹,1:14.5,1/2,12-13,37.8,537.2,16,464(0),01174,[東]深山雅史,103006,楠本勝美,,,,,,,,,,,,"11,15(1,2,12)(3,10)4,16,5,7-(14,8,13)=(6,9)",12,3,9.5,False,"11,15(1,12)(3,2,10)4,16(5,7)13(14,8)-6-9",13,2,3.0,False,-15,
202207020602,2,3歳未勝利,ダ,1200,晴,不良,10:35,2022-03-27,中京,14,3,6,2019105692,カンタベリーホープ,牡3,53,01177,小林凌大,1:14.6,1/2,15-15,36.7,25.8,8,436(-2),01063,[東]的場均,684006,峰哲馬,,,,,,,,,,,,"11,15(1,2,12)(3,10)4,16,5,7-(14,8,13)=(6,9)",15,2,15.5,False,"11,15(1,12)(3,2,10)4,16(5,7)13(14,8)-6-9",15,1,6.5,False,-15,
202207020602,2,3歳未勝利,ダ,1200,晴,不良,10:35,2022-03-27,中京,15,5,9,2019101352,ペイシャラピッド,牝3,54,01085,松岡正海,1:15.8,7,15-16,38.0,404.5,15,410(-14),01031,[東]伊藤伸一,163002,北所直人,,,,,,,,,,,,"11,15(1,2,12)(3,10)4,16,5,7-(14,8,13)=(6,9)",15,2,15.5,False,"11,15(1,12)(3,2,10)4,16(5,7)13(14,8)-6-9",16,1,10.0,False,-15,
202207020602,2,3歳未勝利,ダ,1200,晴,不良,10:35,2022-03-27,中京,16,7,13,2019101587,カマンザ,牡3,52,01187,永島まな,1:16.3,2.1/2,12-12,39.6,22.8,7,482(0),01178,[西]杉山佳明,331007,幅田昌伸,,,,,,,,,,,,"11,15(1,2,12)(3,10)4,16,5,7-(14,8,13)=(6,9)",12,3,9.5,False,"11,15(1,12)(3,2,10)4,16(5,7)13(14,8)-6-9",12,1,3.0,False,-15,
202207020603,3,3歳未勝利,ダ,1800,晴,不良,11:05,2022-03-27,中京,1,7,13,2019104551,ポルテーニャ,牝3,54,01174,岩田望来,1:53.2,,2-2-2-2,38.1,2.4,1,430(-2),01148,[西]西村真幸,808800,Ｇ１レーシング,520.0,"16(5,13)(10,14)4(15,7)8(1,3)2(11,12)-(9,6)",2,2,0.0,False,"16(5,13)(10,14,7)(4,15)8,3-1(2,12)-11-9-6",2,2,0.0,False,"16(13,7)(14,4)(3,1)5(8,15)-(10,2,12)-11-9=6",2,2,0.0,False,"(*16,13)4(14,7)(3,1)(5,8,15)-(2,12)(10,11)-9=6",2,2,0.0,False,-15,
202207020603,3,3歳未勝利,ダ,1800,晴,不良,11:05,2022-03-27,中京,2,2,4,2019103746,ヒロノアステロイド,牡3,56,00666,武豊,1:53.2,クビ,6-7-4-3,37.8,3.3,2,558(-2),01084,[西]梅田智之,807800,サンエイ開発,210.0,"16(5,13)(10,14)4(15,7)8(1,3)2(11,12)-(9,6)",6,1,0.0,False,"16(5,13)(10,14,7)(4,15)8,3-1(2,12)-11-9-6",7,2,0.0,False,"16(13,7)(14,4)(3,1)5(8,15)-(10,2,12)-11-9=6",4,2,0.0,False,"(*16,13)4(14,7)(3,1)(5,8,15)-(2,12)(10,11)-9=6",3,1,0.0,False,-15,
202207020603,3,3歳未勝利,ダ,1800,晴,不良,11:05,2022-03-27,中京,3,1,1,2019101840,モーゲン,牡3,56,01157,鮫島克駿,1:55.5,大,10-11-6-6,39.9,130.0,11,450(-8),01138,[西]浜田多実,189033,宮田美恵子,130.0,"16(5,13)(10,14)4(15,7)8(1,3)2(11,12)-(9,6)",10,2,0.0,False,"16(5,13)(10,14,7)(4,15)8,3-1(2,12)-11-9-6",11,1,5.0,False,"16(13,7)(14,4)(3,1)5(8,15)-(10,2,12)-11-9=6",6,2,0.0,False,"(*16,13)4(14,7)(3,1)(5,8,15)-(2,12)(10,11)-9=6",6,2,0.0,False,-15,
202207020603,3,3歳未勝利,ダ,1800,晴,不良,11:05,2022-03-27,中京,4,8,16,2019106036,リュウノイチモンジ,牡3,55,01176,亀田温心,1:55.6,1/2,1-1-1-1,40.6,48.6,8,478(+2),01123,[西]牧田和弥,952033,二口雅一,78.0,"16(5,13)(10,14)4(15,7)8(1,3)2(11,12)-(9,6)",1,1,0.0,False,"16(5,13)(10,14,7)(4,15)8,3-1(2,12)-11-9-6",1,1,0.0,False,"16(13,7)(14,4)(3,1)5(8,15)-(10,2,12)-11-9=6",1,1,0.0,False,"(*16,13)4(14,7)(3,1)(5,8,15)-(2,12)(10,11)-9=6",1,2,0.0,True,-15,
202207020603,3,3歳未勝利,ダ,1800,晴,不良,11:05,2022-03-27,中京,5,1,2,2019102310,サンライズコブラ,牡3,52,01187,永島まな,1:55.7,1/2,12-12-11-11,39.3,169.0,12,484(+12),01082,[西]平田修,306008,松岡隆雄,52.0,"16(5,13)(10,14)4(15,7)8(1,3)2(11,12)-(9,6)",12,1,0.0,False,"16(5,13)(10,14,7)(4,15)8,3-1(2,12)-11-9-6",12,2,5.0,False,"16(13,7)(14,4)(3,1)5(8,15)-(10,2,12)-11-9=6",11,3,3.5,False,"(*16,13)4(14,7)(3,1)(5,8,15)-(2,12)(10,11)-9=6",11,2,3.5,False,-15,
202207020603,3,3歳未勝利,ダ,1800,晴,不良,11:05,2022-03-27,中京,6,5,9,2019103037,ロードエメラルド,牡3,56,05243,柴山雄一,1:56.1,2.1/2,15-15-15-15,38.4,259.1,14,422(+8),01142,[西]森田直行,170800,ロードホースクラブ,,"16(5,13)(10,14)4(15,7)8(1,3)2(11,12)-(9,6)",15,2,3.5,False,"16(5,13)(10,14,7)(4,15)8,3-1(2,12)-11-9-6",15,1,12.0,False,"16(13,7)(14,4)(3,1)5(8,15)-(10,2,12)-11-9=6",15,1,10.5,False,"(*16,13)4(14,7)(3,1)(5,8,15)-(2,12)(10,11)-9=6",15,1,7.0,False,-15,
202207020603,3,3歳未勝利,ダ,1800,晴,不良,11:05,2022-03-27,中京,7,7,14,2019104859,ピエナカイト,牡3,56,01037,太宰啓介,1:56.3,1.1/4,4-4-4-4,40.9,189.0,13,516(-12),01139,[西]飯田祐史,023007,本谷兼三,,"16(5,13)(10,14)4(15,7)8(1,3)2(11,12)-(9,6)",4,2,0.0,False,"16(5,13)(10,14,7)(4,15)8,3-1(2,12)-11-9-6",4,3,0.0,False,"16(13,7)(14,4)(3,1)5(8,15)-(10,2,12)-11-9=6",4,2,0.0,False,"(*16,13)4(14,7)(3,1)(5,8,15)-(2,12)(10,11)-9=6",4,2,0.0,False,-15,
202207020603,3,3歳未勝利,ダ,1800,晴,不良,11:05,2022-03-27,中京,8,6,12,2019102567,メイショウクモジ,牡3,56,01032,池添謙一,1:56.3,クビ,13-12-11-11,39.9,78.9,9,466(-10),01033,[西]木原一良,523005,松本好雄,,"16(5,13)(10,14)4(15,7)8(1,3)2(11,12)-(9,6)",13,2,0.0,False,"16(5,13)(10,14,7)(4,15)8,3-1(2,12)-11-9-6",12,2,5.0,False,"16(13,7)(14,4)(3,1)5(8,15)-(10,2,12)-11-9=6",11,3,3.5,False,"(*16,13)4(14,7)(3,1)(5,8,15)-(2,12)(10,11)-9=6",11,2,3.5,False,-15,
202207020603,3,3歳未勝利,ダ,1800,晴,不良,11:05,2022-03-27,中京,9,8,15,2019102542,ジューンレインボー,牝3,54,01170,横山武史,1:56.5,3/4,7-7-9-8,40.6,4.0,3,418(-2),01161,[西]武英智,017803,吉川潤,,"16(5,13)(10,14)4(15,7)8(1,3)2(11,12)-(9,6)",7,2,0.0,False,"16(5,13)(10,14,7)(4,15)8,3-1(2,12)-11-9-6",7,2,0.0,False,"16(13,7)(14,4)(3,1)5(8,15)-(10,2,12)-11-9=6",9,2,0.0,False,"(*16,13)4(14,7)(3,1)(5,8,15)-(2,12)(10,11)-9=6",8,3,0.0,False,-15,
202207020603,3,3歳未勝利,ダ,1800,晴,不良,11:05,2022-03-27,中京,10,3,5,2019104699,ローズパレード,牝3,54,01160,荻野極,1:56.6,1/2,2-2-8-8,40.8,19.7,6,462(+4),01142,[西]森田直行,148800,グリーンファーム,,"16(5,13)(10,14)4(15,7)8(1,3)2(11,12)-(9,6)",2,2,0.0,False,"16(5,13)(10,14,7)(4,15)8,3-1(2,12)-11-9-6",2,2,0.0,False,"16(13,7)(14,4)(3,1)5(8,15)-(10,2,12)-11-9=6",8,1,0.0,False,"(*16,13)4(14,7)(3,1)(5,8,15)-(2,12)(10,11)-9=6",8,3,0.0,False,-15,
202207020603,3,3歳未勝利,ダ,1800,晴,不良,11:05,2022-03-27,中京,11,6,11,2019100238,パンケーキ,牝3,53,01181,秋山稔樹,1:56.8,1.1/4,13-14-14-13,39.9,401.9,16,416(-8),01012,[東]大江原哲,855030,田頭勇貴,,"16(5,13)(10,14)4(15,7)8(1,3)2(11,12)-(9,6)",13,2,0.0,False,"16(5,13)(10,14,7)(4,15)8,3-1(2,12)-11-9-6",14,1,8.5,False,"16(13,7)(14,4)(3,1)5(8,15)-(10,2,12)-11-9=6",14,1,7.0,False,"(*16,13)4(14,7)(3,1)(5,8,15)-(2,12)(10,11)-9=6",13,2,3.5,False,-15,
202207020603,3,3歳未勝利,ダ,1800,晴,不良,11:05,2022-03-27,中京,12,2,3,2019104024,ビロングゴールド,牝3,51,01184,原優介,1:57.0,1.1/2,10-10-6-6,41.3,10.9,4,464(-6),01093,[東]松永康利,269800,丸幸小林牧場,,"16(5,13)(10,14)4(15,7)8(1,3)2(11,12)-(9,6)",10,2,0.0,False,"16(5,13)(10,14,7)(4,15)8,3-1(2,12)-11-9-6",10,1,1.5,False,"16(13,7)(14,4)(3,1)5(8,15)-(10,2,12)-11-9=6",6,2,0.0,False,"(*16,13)4(14,7)(3,1)(5,8,15)-(2,12)(10,11)-9=6",6,2,0.0,False,-15,
202207020603,3,3歳未勝利,ダ,1800,晴,不良,11:05,2022-03-27,中京,13,5,10,2019104033,メイショウサキガケ,牡3,56,01130,高倉稜,1:57.1,1/2,4-4-11-13,40.7,79.1,10,442(0),01095,[西]荒川義之,523005,松本好雄,,"16(5,13)(10,14)4(15,7)8(1,3)2(11,12)-(9,6)",4,2,0.0,False,"16(5,13)(10,14,7)(4,15)8,3-1(2,12)-11-9-6",4,3,0.0,False,"16(13,7)(14,4)(3,1)5(8,15)-(10,2,12)-11-9=6",11,3,3.5,False,"(*16,13)4(14,7)(3,1)(5,8,15)-(2,12)(10,11)-9=6",13,2,3.5,False,-15,
202207020603,3,3歳未勝利,ダ,1800,晴,不良,11:05,2022-03-27,中京,14,4,7,2019102957,バイタルエリア,牡3,56,05203,岩田康誠,1:57.2,1/2,7-4-2-4,42.0,46.9,7,524(0),01169,[東]加藤士津,854800,ノルマンディーサラブ...,,"16(5,13)(10,14)4(15,7)8(1,3)2(11,12)-(9,6)",7,2,0.0,False,"16(5,13)(10,14,7)(4,15)8,3-1(2,12)-11-9-6",4,3,0.0,False,"16(13,7)(14,4)(3,1)5(8,15)-(10,2,12)-11-9=6",2,2,0.0,False,"(*16,13)4(14,7)(3,1)(5,8,15)-(2,12)(10,11)-9=6",4,2,0.0,False,-15,
202207020603,3,3歳未勝利,ダ,1800,晴,不良,11:05,2022-03-27,中京,15,4,8,2019102749,エクセランソワレ,牝3,52,01164,藤田菜七,1:57.3,1/2,9-9-9-8,41.4,284.7,15,472(+4),01170,[西]坂口智康,467033,藤井亮輔,,"16(5,13)(10,14)4(15,7)8(1,3)2(11,12)-(9,6)",9,1,0.0,False,"16(5,13)(10,14,7)(4,15)8,3-1(2,12)-11-9-6",9,1,0.0,False,"16(13,7)(14,4)(3,1)5(8,15)-(10,2,12)-11-9=6",9,2,0.0,False,"(*16,13)4(14,7)(3,1)(5,8,15)-(2,12)(10,11)-9=6",8,3,0.0,False,-15,
202207020603,3,3歳未勝利,ダ,1800,晴,不良,11:05,2022-03-27,中京,16,3,6,2019104701,サイレントブラック,牡3,56,01077,石橋脩,2:09.2,大,15-16-16-16,47.7,15.6,5,532(0),01183,[西]辻野泰之,026803,ＤＭＭドリームクラブ,,"16(5,13)(10,14)4(15,7)8(1,3)2(11,12)-(9,6)",15,2,3.5,False,"16(5,13)(10,14,7)(4,15)8,3-1(2,12)-11-9-6",16,1,15.5,False,"16(13,7)(14,4)(3,1)5(8,15)-(10,2,12)-11-9=6",16,1,16.5,False,"(*16,13)4(14,7)(3,1)(5,8,15)-(2,12)(10,11)-9=6",16,1,13.0,False,-15,
202207020604,4,3歳未勝利,ダ,1400,晴,不良,11:35,2022-03-27,中京,1,7,13,2019101264,アポロプラネット,牡3,56,01075,田辺裕信,1:25.0,,8-5,37.8,3.8,1,492(0),01051,[東]岩戸孝樹,033700,アポロサラブレッドク...,520.0,,,,,,,,,,,"(*9,10)(2,16)12,14,5(4,13,7)(6,11)-(8,15)3=1",8,3,3.0,False,"(*9,10)(16,12)(2,14,13,7)4(5,6,11)(8,15)3=1",5,4,0.0,False,-15,
202207020604,4,3歳未勝利,ダ,1400,晴,不良,11:35,2022-03-27,中京,2,6,12,2019101606,ゴールデンヨシノ,牡3,56,05203,岩田康誠,1:25.1,1/2,5-3,38.2,7.5,4,438(-2),00420,[東]宗像義忠,728033,清水義徳,210.0,,,,,,,,,,,"(*9,10)(2,16)12,14,5(4,13,7)(6,11)-(8,15)3=1",5,1,0.0,False,"(*9,10)(16,12)(2,14,13,7)4(5,6,11)(8,15)3=1",3,2,0.0,False,-15,
202207020604,4,3歳未勝利,ダ,1400,晴,不良,11:35,2022-03-27,中京,3,5,9,2019106278,アイアコス,牡3,54,01164,藤田菜七,1:25.3,1.1/4,1-1,38.8,40.3,10,460(-8),01132,[東]金成貴史,982033,尾上寿夫,130.0,,,,,,,,,,,"(*9,10)(2,16)12,14,5(4,13,7)(6,11)-(8,15)3=1",1,2,0.0,True,"(*9,10)(16,12)(2,14,13,7)4(5,6,11)(8,15)3=1",1,2,0.0,True,-15,
202207020604,4,3歳未勝利,ダ,1400,晴,不良,11:35,2022-03-27,中京,4,8,16,2019101698,ダノンマジック,牡3,56,01174,岩田望来,1:25.7,2.1/2,3-3,39.0,4.5,3,434(-4),01162,[東]田中博康,619800,ダノックス,78.0,,,,,,,,,,,"(*9,10)(2,16)12,14,5(4,13,7)(6,11)-(8,15)3=1",3,2,0.0,False,"(*9,10)(16,12)(2,14,13,7)4(5,6,11)(8,15)3=1",3,2,0.0,False,-15,
202207020604,4,3歳未勝利,ダ,1400,晴,不良,11:35,2022-03-27,中京,5,3,6,2019100482,キージュピター,牡3,56,01117,丸田恭介,1:25.7,ハナ,11-10,38.2,51.5,14,490(-6),01156,[東]青木孝文,338008,北前孔一郎,52.0,,,,,,,,,,,"(*9,10)(2,16)12,14,5(4,13,7)(6,11)-(8,15)3=1",11,2,3.0,False,"(*9,10)(16,12)(2,14,13,7)4(5,6,11)(8,15)3=1",10,3,0.0,False,-15,
202207020604,4,3歳未勝利,ダ,1400,晴,不良,11:35,2022-03-27,中京,6,4,7,2019104776,ライブインステラ,牝3,54,01019,秋山真一,1:25.9,1.1/2,8-5,38.6,50.4,13,468(-4),01125,[東]小野次郎,310007,吉田千津,,,,,,,,,,,,"(*9,10)(2,16)12,14,5(4,13,7)(6,11)-(8,15)3=1",8,3,3.0,False,"(*9,10)(16,12)(2,14,13,7)4(5,6,11)(8,15)3=1",5,4,0.0,False,-15,
202207020604,4,3歳未勝利,ダ,1400,晴,不良,11:35,2022-03-27,中京,7,8,15,2019101177,アーサーズウィーク,牡3,56,01170,横山武史,1:26.1,1.1/4,13-13,38.1,34.7,8,520(-8),01116,[東]新開幸一,506800,シルクレーシング,,,,,,,,,,,,"(*9,10)(2,16)12,14,5(4,13,7)(6,11)-(8,15)3=1",13,2,6.5,False,"(*9,10)(16,12)(2,14,13,7)4(5,6,11)(8,15)3=1",13,2,0.0,False,-15,
202207020604,4,3歳未勝利,ダ,1400,晴,不良,11:35,2022-03-27,中京,8,7,14,2019102738,タイセイクレセント,牡3,54,01185,小沢大仁,1:26.2,1/2,6-5,39.2,22.1,6,482(+2),01086,[東]斎藤誠,224007,田中成奉,,,,,,,,,,,,"(*9,10)(2,16)12,14,5(4,13,7)(6,11)-(8,15)3=1",6,1,1.5,False,"(*9,10)(16,12)(2,14,13,7)4(5,6,11)(8,15)3=1",5,4,0.0,False,-15,
202207020604,4,3歳未勝利,ダ,1400,晴,不良,11:35,2022-03-27,中京,9,2,3,2019104696,インパチェンス,牡3,56,01157,鮫島克駿,1:26.4,1,15-15,38.2,22.5,7,494(-2),01076,[東]小笠倫弘,310007,吉田千津,,,,,,,,,,,,"(*9,10)(2,16)12,14,5(4,13,7)(6,11)-(8,15)3=1",15,1,6.5,False,"(*9,10)(16,12)(2,14,13,7)4(5,6,11)(8,15)3=1",15,1,0.0,False,-15,
202207020604,4,3歳未勝利,ダ,1400,晴,不良,11:35,2022-03-27,中京,10,5,10,2019105784,ステラナビゲーター,牡3,55,01181,秋山稔樹,1:26.4,クビ,2-2,39.9,3.9,2,504(-6),01052,[東]菊川正達,878800,コロンバスサークル,,,,,,,,,,,,"(*9,10)(2,16)12,14,5(4,13,7)(6,11)-(8,15)3=1",2,2,0.0,False,"(*9,10)(16,12)(2,14,13,7)4(5,6,11)(8,15)3=1",2,2,0.0,False,-15,
202207020604,4,3歳未勝利,ダ,1400,晴,不良,11:35,2022-03-27,中京,11,2,4,2019102152,マディソンテソーロ,牡3,53,01184,原優介,1:26.5,1/2,8-9,39.3,40.6,11,454(0),01169,[東]加藤士津,089803,了徳寺健二ホールディ...,,,,,,,,,,,,"(*9,10)(2,16)12,14,5(4,13,7)(6,11)-(8,15)3=1",8,3,3.0,False,"(*9,10)(16,12)(2,14,13,7)4(5,6,11)(8,15)3=1",9,1,0.0,False,-15,
202207020604,4,3歳未勝利,ダ,1400,晴,不良,11:35,2022-03-27,中京,12,4,8,2019103550,ドキ,牡3,56,01014,福永祐一,1:26.5,クビ,13-13,38.6,8.3,5,458(0),01171,[東]小手川準,646030,中辻明,,,,,,,,,,,,"(*9,10)(2,16)12,14,5(4,13,7)(6,11)-(8,15)3=1",13,2,6.5,False,"(*9,10)(16,12)(2,14,13,7)4(5,6,11)(8,15)3=1",13,2,0.0,False,-15,
202207020604,4,3歳未勝利,ダ,1400,晴,不良,11:35,2022-03-27,中京,13,3,5,2019102671,スピリットサント,牡3,53,01186,角田大和,1:27.3,5,7-10,40.2,39.2,9,490(-2),01129,[西]高橋義忠,752800,ニットー商事,,,,,,,,,,,,"(*9,10)(2,16)12,14,5(4,13,7)(6,11)-(8,15)3=1",7,1,3.0,False,"(*9,10)(16,12)(2,14,13,7)4(5,6,11)(8,15)3=1",10,3,0.0,False,-15,
202207020604,4,3歳未勝利,ダ,1400,晴,不良,11:35,2022-03-27,中京,14,6,11,2019101647,ゼフィアス,牝3,51,01177,小林凌大,1:27.4,クビ,11-10,40.0,153.9,16,396(-8),01185,[西]小林真也,362800,下河辺牧場,,,,,,,,,,,,"(*9,10)(2,16)12,14,5(4,13,7)(6,11)-(8,15)3=1",11,2,3.0,False,"(*9,10)(16,12)(2,14,13,7)4(5,6,11)(8,15)3=1",10,3,0.0,False,-15,
202207020604,4,3歳未勝利,ダ,1400,晴,不良,11:35,2022-03-27,中京,15,1,1,2019107011,スーパーショット,牡3,56,01032,池添謙一,1:30.3,大,16-16,41.0,42.8,12,470(0),01066,[西]岡田稲男,018700,ロイヤルパーク,,,,,,,,,,,,"(*9,10)(2,16)12,14,5(4,13,7)(6,11)-(8,15)3=1",16,1,12.5,False,"(*9,10)(16,12)(2,14,13,7)4(5,6,11)(8,15)3=1",16,1,6.0,False,-15,
202207020604,4,3歳未勝利,ダ,1400,晴,不良,11:35,2022-03-27,中京,16,1,2,2019106729,ハクサンメモリー,牝3,50,01187,永島まな,1:30.4,クビ,3-5,43.7,139.5,15,434(+2),01135,[西]高橋康之,841030,河崎五市,,,,,,,,,,,,"(*9,10)(2,16)12,14,5(4,13,7)(6,11)-(8,15)3=1",3,2,0.0,False,"(*9,10)(16,12)(2,14,13,7)4(5,6,11)(8,15)3=1",5,4,0.0,False,-15,
202207020605,5,3歳未勝利,芝,2000,晴,重,12:25,2022-03-27,中京,1,7,14,2019105040,セントカメリア,牝3,54,01014,福永祐一,2:03.8,,2-2-2-2,35.9,6.3,3,434(-6),01117,[西]高野友和,506800,シルクレーシング,520.0,"(*2,14)-(8,6)17(3,13)(15,16)9-(4,11)(5,7)-(1,12)-10",2,2,0.0,False,"2,14(8,6)(13,17)(3,16)(9,15)4-(5,11)7-1,12-10",2,1,1.5,False,"2,14,6(8,17)13(3,16,4)(9,15)7(5,11)1-12=10",2,1,1.5,False,"2,14,6(8,13)(3,16,4,17)(9,15)(5,7,1)11,12=10",2,1,1.5,False,4,
202207020605,5,3歳未勝利,芝,2000,晴,重,12:25,2022-03-27,中京,2,8,16,2019103133,ララヴォルシエル,牡3,56,01174,岩田望来,2:04.3,3,8-7-7-6,35.8,3.9,2,436(+2),01183,[西]辻野泰之,851800,フジイ興産,210.0,"(*2,14)-(8,6)17(3,13)(15,16)9-(4,11)(5,7)-(1,12)-10",8,2,3.5,False,"2,14(8,6)(13,17)(3,16)(9,15)4-(5,11)7-1,12-10",7,2,1.5,False,"2,14,6(8,17)13(3,16,4)(9,15)7(5,11)1-12=10",7,3,3.0,False,"2,14,6(8,13)(3,16,4,17)(9,15)(5,7,1)11,12=10",6,4,3.0,False,4,
202207020605,5,3歳未勝利,芝,2000,晴,重,12:25,2022-03-27,中京,3,7,13,2019104568,ビレッジスター,牡3,56,01170,横山武史,2:04.3,クビ,6-5-6-4,36.1,11.0,6,438(+4),01180,[西]田中克典,138007,吉田和美,130.0,"(*2,14)-(8,6)17(3,13)(15,16)9-(4,11)(5,7)-(1,12)-10",6,2,3.5,False,"2,14(8,6)(13,17)(3,16)(9,15)4-(5,11)7-1,12-10",5,2,1.5,False,"2,14,6(8,17)13(3,16,4)(9,15)7(5,11)1-12=10",6,1,3.0,False,"2,14,6(8,13)(3,16,4,17)(9,15)(5,7,1)11,12=10",4,2,3.0,False,4,
202207020605,5,3歳未勝利,芝,2000,晴,重,12:25,2022-03-27,中京,4,4,8,2019104639,サトノストロング,牡3,56,01157,鮫島克駿,2:04.5,1,3-3-4-4,36.3,8.2,5,470(-10),01086,[東]斎藤誠,075803,サトミホースカンパニ...,78.0,"(*2,14)-(8,6)17(3,13)(15,16)9-(4,11)(5,7)-(1,12)-10",3,2,3.5,False,"2,14(8,6)(13,17)(3,16)(9,15)4-(5,11)7-1,12-10",3,2,1.5,False,"2,14,6(8,17)13(3,16,4)(9,15)7(5,11)1-12=10",4,2,3.0,False,"2,14,6(8,13)(3,16,4,17)(9,15)(5,7,1)11,12=10",4,2,3.0,False,4,
202207020605,5,3歳未勝利,芝,2000,晴,重,12:25,2022-03-27,中京,5,2,4,2019100668,サンセットクラウド,牡3,56,00666,武豊,2:04.6,1,11-11-7-6,36.1,2.8,1,442(0),01075,[西]矢作芳人,041002,前田晋二,52.0,"(*2,14)-(8,6)17(3,13)(15,16)9-(4,11)(5,7)-(1,12)-10",11,2,7.0,False,"2,14(8,6)(13,17)(3,16)(9,15)4-(5,11)7-1,12-10",11,1,1.5,False,"2,14,6(8,17)13(3,16,4)(9,15)7(5,11)1-12=10",7,3,3.0,False,"2,14,6(8,13)(3,16,4,17)(9,15)(5,7,1)11,12=10",6,4,3.0,False,4,
202207020605,5,3歳未勝利,芝,2000,晴,重,12:25,2022-03-27,中京,6,8,15,2019103081,エンドロール,牡3,54,01164,藤田菜七,2:04.7,1/2,8-9-10-10,35.9,38.1,8,462(0),01156,[東]青木孝文,018033,石川秀守,,"(*2,14)-(8,6)17(3,13)(15,16)9-(4,11)(5,7)-(1,12)-10",8,2,3.5,False,"2,14(8,6)(13,17)(3,16)(9,15)4-(5,11)7-1,12-10",9,2,1.5,False,"2,14,6(8,17)13(3,16,4)(9,15)7(5,11)1-12=10",10,2,3.0,False,"2,14,6(8,13)(3,16,4,17)(9,15)(5,7,1)11,12=10",10,2,3.0,False,4,
202207020605,5,3歳未勝利,芝,2000,晴,重,12:25,2022-03-27,中京,7,1,2,2019103356,ケイカ,牝3,51,01186,角田大和,2:04.8,クビ,1-1-1-1,37.1,21.6,7,444(+8),01087,[西]庄野靖志,311800,桂土地,,"(*2,14)-(8,6)17(3,13)(15,16)9-(4,11)(5,7)-(1,12)-10",1,2,0.0,True,"2,14(8,6)(13,17)(3,16)(9,15)4-(5,11)7-1,12-10",1,1,0.0,False,"2,14,6(8,17)13(3,16,4)(9,15)7(5,11)1-12=10",1,1,0.0,False,"2,14,6(8,13)(3,16,4,17)(9,15)(5,7,1)11,12=10",1,1,0.0,False,4,
202207020605,5,3歳未勝利,芝,2000,晴,重,12:25,2022-03-27,中京,8,3,6,2019100620,アンブロジアーナ,牝3,51,01172,服部寿希,2:05.3,3,3-3-3-3,37.2,66.7,10,408(-6),01039,[西]中竹和也,944030,加藤誠,,"(*2,14)-(8,6)17(3,13)(15,16)9-(4,11)(5,7)-(1,12)-10",3,2,3.5,False,"2,14(8,6)(13,17)(3,16)(9,15)4-(5,11)7-1,12-10",3,2,1.5,False,"2,14,6(8,17)13(3,16,4)(9,15)7(5,11)1-12=10",3,1,3.0,False,"2,14,6(8,13)(3,16,4,17)(9,15)(5,7,1)11,12=10",3,1,3.0,False,4,
202207020605,5,3歳未勝利,芝,2000,晴,重,12:25,2022-03-27,中京,9,5,9,2019106751,イズジョーアーサー,牡3,56,05203,岩田康誠,2:05.5,1.1/2,10-9-10-10,36.8,7.5,4,480(-2),01161,[西]武英智,897030,泉一郎,,"(*2,14)-(8,6)17(3,13)(15,16)9-(4,11)(5,7)-(1,12)-10",10,1,3.5,False,"2,14(8,6)(13,17)(3,16)(9,15)4-(5,11)7-1,12-10",9,2,1.5,False,"2,14,6(8,17)13(3,16,4)(9,15)7(5,11)1-12=10",10,2,3.0,False,"2,14,6(8,13)(3,16,4,17)(9,15)(5,7,1)11,12=10",10,2,3.0,False,4,
202207020605,5,3歳未勝利,芝,2000,晴,重,12:25,2022-03-27,中京,10,2,3,2019100779,ナイキグロ,牡3,56,01165,森裕太朗,2:05.6,1/2,6-7-7-6,37.1,205.0,13,472(+2),01174,[東]深山雅史,716800,ビッグレッドファーム,,"(*2,14)-(8,6)17(3,13)(15,16)9-(4,11)(5,7)-(1,12)-10",6,2,3.5,False,"2,14(8,6)(13,17)(3,16)(9,15)4-(5,11)7-1,12-10",7,2,1.5,False,"2,14,6(8,17)13(3,16,4)(9,15)7(5,11)1-12=10",7,3,3.0,False,"2,14,6(8,13)(3,16,4,17)(9,15)(5,7,1)11,12=10",6,4,3.0,False,4,
202207020605,5,3歳未勝利,芝,2000,晴,重,12:25,2022-03-27,中京,11,6,12,2019105824,アレナリア,牝3,51,01184,原優介,2:06.2,3.1/2,15-16-16-16,36.6,305.9,16,424(-6),01096,[東]粕谷昌央,854800,ノルマンディーサラブ...,,"(*2,14)-(8,6)17(3,13)(15,16)9-(4,11)(5,7)-(1,12)-10",15,2,10.5,False,"2,14(8,6)(13,17)(3,16)(9,15)4-(5,11)7-1,12-10",16,1,10.0,False,"2,14,6(8,17)13(3,16,4)(9,15)7(5,11)1-12=10",16,1,6.5,False,"2,14,6(8,13)(3,16,4,17)(9,15)(5,7,1)11,12=10",16,1,4.5,False,4,
202207020605,5,3歳未勝利,芝,2000,晴,重,12:25,2022-03-27,中京,12,1,1,2019103900,メイショウトツカ,牡3,56,00660,横山典弘,2:06.5,1.3/4,15-15-15-12,37.4,71.8,11,456(-2),01092,[西]松永幹夫,523005,松本好雄,,"(*2,14)-(8,6)17(3,13)(15,16)9-(4,11)(5,7)-(1,12)-10",15,2,10.5,False,"2,14(8,6)(13,17)(3,16)(9,15)4-(5,11)7-1,12-10",15,1,8.5,False,"2,14,6(8,17)13(3,16,4)(9,15)7(5,11)1-12=10",15,1,3.0,False,"2,14,6(8,13)(3,16,4,17)(9,15)(5,7,1)11,12=10",12,3,3.0,False,4,
202207020605,5,3歳未勝利,芝,2000,晴,重,12:25,2022-03-27,中京,13,4,7,2019105625,マジックゲール,牡3,56,01075,田辺裕信,2:06.6,1/2,13-14-12-12,37.6,206.9,14,462(-6),01052,[東]菊川正達,686800,吉田牧場,,"(*2,14)-(8,6)17(3,13)(15,16)9-(4,11)(5,7)-(1,12)-10",13,2,7.0,False,"2,14(8,6)(13,17)(3,16)(9,15)4-(5,11)7-1,12-10",14,1,5.0,False,"2,14,6(8,17)13(3,16,4)(9,15)7(5,11)1-12=10",12,1,3.0,False,"2,14,6(8,13)(3,16,4,17)(9,15)(5,7,1)11,12=10",12,3,3.0,False,4,
202207020605,5,3歳未勝利,芝,2000,晴,重,12:25,2022-03-27,中京,14,3,5,2019101201,イロコイザタ,牝3,52,01185,小沢大仁,2:06.7,1/2,13-12-13-12,37.6,238.7,15,466(0),01123,[西]牧田和弥,149033,内田玄祥,,"(*2,14)-(8,6)17(3,13)(15,16)9-(4,11)(5,7)-(1,12)-10",13,2,7.0,False,"2,14(8,6)(13,17)(3,16)(9,15)4-(5,11)7-1,12-10",12,2,5.0,False,"2,14,6(8,17)13(3,16,4)(9,15)7(5,11)1-12=10",13,2,3.0,False,"2,14,6(8,13)(3,16,4,17)(9,15)(5,7,1)11,12=10",12,3,3.0,False,4,
202207020605,5,3歳未勝利,芝,2000,晴,重,12:25,2022-03-27,中京,15,8,17,2019102611,コスモダークナイト,牡3,56,01085,松岡正海,2:06.8,3/4,5-5-4-6,38.4,62.5,9,498(+10),01097,[東]鹿戸雄一,716800,ビッグレッドファーム,,"(*2,14)-(8,6)17(3,13)(15,16)9-(4,11)(5,7)-(1,12)-10",5,1,3.5,False,"2,14(8,6)(13,17)(3,16)(9,15)4-(5,11)7-1,12-10",5,2,1.5,False,"2,14,6(8,17)13(3,16,4)(9,15)7(5,11)1-12=10",4,2,3.0,False,"2,14,6(8,13)(3,16,4,17)(9,15)(5,7,1)11,12=10",6,4,3.0,False,4,
202207020605,5,3歳未勝利,芝,2000,晴,重,12:25,2022-03-27,中京,16,6,11,2019100943,サードフォース,牡3,56,05243,柴山雄一,2:07.0,1,11-12-13-15,37.7,160.0,12,570(0),01044,[西]昆貢,866006,寺田寿男,,"(*2,14)-(8,6)17(3,13)(15,16)9-(4,11)(5,7)-(1,12)-10",11,2,7.0,False,"2,14(8,6)(13,17)(3,16)(9,15)4-(5,11)7-1,12-10",12,2,5.0,False,"2,14,6(8,17)13(3,16,4)(9,15)7(5,11)1-12=10",13,2,3.0,False,"2,14,6(8,13)(3,16,4,17)(9,15)(5,7,1)11,12=10",15,1,3.0,False,4,
202207020605,5,3歳未勝利,芝,2000,晴,重,12:25,2022-03-27,中京,17,5,10,2019103678,クリノモンスター,牡3,55,01181,秋山稔樹,2:12.3,大,17-17-17-17,40.9,416.8,17,470(-12),01142,[西]森田直行,970006,栗本博晴,,"(*2,14)-(8,6)17(3,13)(15,16)9-(4,11)(5,7)-(1,12)-10",17,1,14.0,False,"2,14(8,6)(13,17)(3,16)(9,15)4-(5,11)7-1,12-10",17,1,13.5,False,"2,14,6(8,17)13(3,16,4)(9,15)7(5,11)1-12=10",17,1,12.5,False,"2,14,6(8,13)(3,16,4,17)(9,15)(5,7,1)11,12=10",17,1,10.5,False,4,
202207020606,6,4歳以上1勝クラス,ダ,1800,晴,不良,12:55,2022-03-27,中京,1,7,11,2018105605,セブンデイズ,牡4,57,01174,岩田望来,1:51.3,,8-8-6-6,37.0,1.7,1,492(-2),01162,[東]田中博康,903007,前迫義幸,770.0,"6,7(4,9)(2,5,10)(1,12,11)8,13,14-3",8,3,1.5,False,"6,7(4,9)(5,10)2(1,12,11)(13,8,14)-3",8,3,1.5,False,"(*6,7)9(4,10)(5,11)2(1,12,14)(13,8)=3",6,2,0.0,False,"6,7,9(4,10)11(2,5)(1,12)(13,8,14)=3",6,1,3.0,False,-15,
202207020606,6,4歳以上1勝クラス,ダ,1800,晴,不良,12:55,2022-03-27,中京,2,5,8,2016102615,ゾロ,牡6,54,01186,角田大和,1:52.7,8,11-11-12-11,37.9,190.3,12,472(+2),01171,[東]小手川準,789002,北山敏隆,310.0,"6,7(4,9)(2,5,10)(1,12,11)8,13,14-3",11,1,1.5,False,"6,7(4,9)(5,10)2(1,12,11)(13,8,14)-3",11,3,1.5,False,"(*6,7)9(4,10)(5,11)2(1,12,14)(13,8)=3",12,2,0.0,False,"6,7,9(4,10)11(2,5)(1,12)(13,8,14)=3",11,3,3.0,False,-15,
202207020606,6,4歳以上1勝クラス,ダ,1800,晴,不良,12:55,2022-03-27,中京,3,6,9,2016105913,サクララージャン,牡6,54,01177,小林凌大,1:52.7,アタマ,3-3-3-3,38.9,41.8,7,500(+4),01132,[東]金成貴史,019800,さくらコマース,190.0,"6,7(4,9)(2,5,10)(1,12,11)8,13,14-3",3,2,1.5,False,"6,7(4,9)(5,10)2(1,12,11)(13,8,14)-3",3,2,1.5,False,"(*6,7)9(4,10)(5,11)2(1,12,14)(13,8)=3",3,1,0.0,False,"6,7,9(4,10)11(2,5)(1,12)(13,8,14)=3",3,1,3.0,False,-15,
202207020606,6,4歳以上1勝クラス,ダ,1800,晴,不良,12:55,2022-03-27,中京,4,6,10,2017102787,シュバルツイェガー,牡5,56,01181,秋山稔樹,1:52.8,1/2,5-5-4-4,38.8,87.3,11,476(0),01088,[東]高木登,316031,西森功,120.0,"6,7(4,9)(2,5,10)(1,12,11)8,13,14-3",5,3,1.5,False,"6,7(4,9)(5,10)2(1,12,11)(13,8,14)-3",5,2,1.5,False,"(*6,7)9(4,10)(5,11)2(1,12,14)(13,8)=3",4,2,0.0,False,"6,7,9(4,10)11(2,5)(1,12)(13,8,14)=3",4,2,3.0,False,-15,
202207020606,6,4歳以上1勝クラス,ダ,1800,晴,不良,12:55,2022-03-27,中京,5,5,7,2018101956,タガノリバイバー,牝4,55,01019,秋山真一,1:52.9,3/4,2-2-2-2,39.2,11.9,5,488(-2),01032,[西]大根田裕,859002,八木良司,77.0,"6,7(4,9)(2,5,10)(1,12,11)8,13,14-3",2,1,1.5,False,"6,7(4,9)(5,10)2(1,12,11)(13,8,14)-3",2,1,1.5,False,"(*6,7)9(4,10)(5,11)2(1,12,14)(13,8)=3",2,2,0.0,False,"6,7,9(4,10)11(2,5)(1,12)(13,8,14)=3",2,1,1.5,False,-15,
202207020606,6,4歳以上1勝クラス,ダ,1800,晴,不良,12:55,2022-03-27,中京,6,8,13,2018104819,エコロカナワン,牡4,57,01075,田辺裕信,1:52.9,アタマ,12-11-12-11,38.0,8.1,4,496(0),01089,[東]武市康男,783033,原村正紀,,"6,7(4,9)(2,5,10)(1,12,11)8,13,14-3",12,1,3.0,False,"6,7(4,9)(5,10)2(1,12,11)(13,8,14)-3",11,3,1.5,False,"(*6,7)9(4,10)(5,11)2(1,12,14)(13,8)=3",12,2,0.0,False,"6,7,9(4,10)11(2,5)(1,12)(13,8,14)=3",11,3,3.0,False,-15,
202207020606,6,4歳以上1勝クラス,ダ,1800,晴,不良,12:55,2022-03-27,中京,7,4,5,2017101318,タイガ,牡5,54,01184,原優介,1:53.0,1/2,5-5-6-7,38.8,54.2,8,504(-2),01189,[東]堀内岳志,020803,三度屋,,"6,7(4,9)(2,5,10)(1,12,11)8,13,14-3",5,3,1.5,False,"6,7(4,9)(5,10)2(1,12,11)(13,8,14)-3",5,2,1.5,False,"(*6,7)9(4,10)(5,11)2(1,12,14)(13,8)=3",6,2,0.0,False,"6,7,9(4,10)11(2,5)(1,12)(13,8,14)=3",7,2,3.0,False,-15,
202207020606,6,4歳以上1勝クラス,ダ,1800,晴,不良,12:55,2022-03-27,中京,8,2,2,2018106492,メイショウキリモン,牡4,55,01185,小沢大仁,1:53.0,アタマ,5-7-8-7,38.6,57.6,9,460(+2),01095,[西]荒川義之,523005,松本好雄,,"6,7(4,9)(2,5,10)(1,12,11)8,13,14-3",5,3,1.5,False,"6,7(4,9)(5,10)2(1,12,11)(13,8,14)-3",7,1,1.5,False,"(*6,7)9(4,10)(5,11)2(1,12,14)(13,8)=3",8,1,0.0,False,"6,7,9(4,10)11(2,5)(1,12)(13,8,14)=3",7,2,3.0,False,-15,
202207020606,6,4歳以上1勝クラス,ダ,1800,晴,不良,12:55,2022-03-27,中京,9,3,3,2016100305,セイカヤマノ,牡6,57,05243,柴山雄一,1:53.1,クビ,14-14-14-14,37.3,232.5,13,506(+10),00437,[東]南田美知,578005,久米誠,,"6,7(4,9)(2,5,10)(1,12,11)8,13,14-3",14,1,8.0,False,"6,7(4,9)(5,10)2(1,12,11)(13,8,14)-3",14,1,5.0,False,"(*6,7)9(4,10)(5,11)2(1,12,14)(13,8)=3",14,1,6.0,False,"6,7,9(4,10)11(2,5)(1,12)(13,8,14)=3",14,1,9.0,False,-15,
202207020606,6,4歳以上1勝クラス,ダ,1800,晴,不良,12:55,2022-03-27,中京,10,7,12,2017105471,ゴルトファルベン,牡5,57,01157,鮫島克駿,1:53.2,3/4,8-8-9-9,38.7,32.2,6,500(-6),01130,[西]吉村圭司,226800,サンデーレーシング,,"6,7(4,9)(2,5,10)(1,12,11)8,13,14-3",8,3,1.5,False,"6,7(4,9)(5,10)2(1,12,11)(13,8,14)-3",8,3,1.5,False,"(*6,7)9(4,10)(5,11)2(1,12,14)(13,8)=3",9,3,0.0,False,"6,7,9(4,10)11(2,5)(1,12)(13,8,14)=3",9,2,3.0,False,-15,
202207020606,6,4歳以上1勝クラス,ダ,1800,晴,不良,12:55,2022-03-27,中京,11,1,1,2018106324,エニシノウタ,牝4,55,01014,福永祐一,1:53.2,クビ,8-8-9-9,38.7,6.0,3,446(+4),01104,[西]笹田和秀,370008,岡浩二,,"6,7(4,9)(2,5,10)(1,12,11)8,13,14-3",8,3,1.5,False,"6,7(4,9)(5,10)2(1,12,11)(13,8,14)-3",8,3,1.5,False,"(*6,7)9(4,10)(5,11)2(1,12,14)(13,8)=3",9,3,0.0,False,"6,7,9(4,10)11(2,5)(1,12)(13,8,14)=3",9,2,3.0,False,-15,
202207020606,6,4歳以上1勝クラス,ダ,1800,晴,不良,12:55,2022-03-27,中京,12,4,6,2018105996,サムハンター,牡4,53,01187,永島まな,1:53.4,1,1-1-1-1,39.7,5.5,2,482(+22),01135,[西]高橋康之,436800,駒秀,,"6,7(4,9)(2,5,10)(1,12,11)8,13,14-3",1,1,0.0,False,"6,7(4,9)(5,10)2(1,12,11)(13,8,14)-3",1,1,0.0,False,"(*6,7)9(4,10)(5,11)2(1,12,14)(13,8)=3",1,2,0.0,True,"6,7,9(4,10)11(2,5)(1,12)(13,8,14)=3",1,1,0.0,False,-15,
202207020606,6,4歳以上1勝クラス,ダ,1800,晴,不良,12:55,2022-03-27,中京,13,3,4,2018100761,ルリオウ,牡4,57,01160,荻野極,1:54.0,3.1/2,3-3-4-4,39.9,63.6,10,498(-4),01027,[東]田村康仁,858800,大塚亮一,,"6,7(4,9)(2,5,10)(1,12,11)8,13,14-3",3,2,1.5,False,"6,7(4,9)(5,10)2(1,12,11)(13,8,14)-3",3,2,1.5,False,"(*6,7)9(4,10)(5,11)2(1,12,14)(13,8)=3",4,2,0.0,False,"6,7,9(4,10)11(2,5)(1,12)(13,8,14)=3",4,2,3.0,False,-15,
202207020606,6,4歳以上1勝クラス,ダ,1800,晴,不良,12:55,2022-03-27,中京,14,8,14,2018103040,イントゥザワールド,牡4,54,01200,西塚洸二,1:54.2,1.1/2,13-11-9-11,39.6,408.5,14,446(-4),01134,[東]高橋文雅,812008,石瀬浩三,,"6,7(4,9)(2,5,10)(1,12,11)8,13,14-3",13,1,4.5,False,"6,7(4,9)(5,10)2(1,12,11)(13,8,14)-3",11,3,1.5,False,"(*6,7)9(4,10)(5,11)2(1,12,14)(13,8)=3",9,3,0.0,False,"6,7,9(4,10)11(2,5)(1,12)(13,8,14)=3",11,3,3.0,False,-15,
202207020607,7,4歳以上1勝クラス,芝,2200,晴,重,13:25,2022-03-27,中京,1,1,2,2017105402,ダノンセレスタ,牡5,57,01075,田辺裕信,2:16.1,,3-3-8-7,36.4,7.4,3,502(-6),01002,[西]音無秀孝,619800,ダノックス,770.0,"15,14(2,7)(4,5)10-13,3(1,6,16)(12,11)-9-8",3,2,1.5,False,"15-14(2,7)(4,5)10(3,13)(1,6,16)(12,11)-9,8",3,2,3.5,False,"(*15,5)10(14,7)(4,13)(2,6)(3,16)(1,12,11)-(8,9)",8,2,0.0,False,"15,5(14,10)(7,13)(2,4)6(3,16)(1,12,11)8-9",7,2,1.5,False,4,
202207020607,7,4歳以上1勝クラス,芝,2200,晴,重,13:25,2022-03-27,中京,2,7,13,2018104477,ヴィトーリア,牡4,56,00660,横山典弘,2:16.2,1/2,8-8-6-5,36.7,2.2,1,440(+2),01161,[西]武英智,866006,寺田寿男,310.0,"15,14(2,7)(4,5)10-13,3(1,6,16)(12,11)-9-8",8,1,5.0,False,"15-14(2,7)(4,5)10(3,13)(1,6,16)(12,11)-9,8",8,2,3.5,False,"(*15,5)10(14,7)(4,13)(2,6)(3,16)(1,12,11)-(8,9)",6,2,0.0,False,"15,5(14,10)(7,13)(2,4)6(3,16)(1,12,11)8-9",5,2,1.5,False,4,
202207020607,7,4歳以上1勝クラス,芝,2200,晴,重,13:25,2022-03-27,中京,3,7,14,2017104677,オメガデラックス,セ5,57,05203,岩田康誠,2:16.3,クビ,2-2-4-3,36.9,93.3,13,438(-4),01164,[西]安田翔伍,008803,原禮子,190.0,"15,14(2,7)(4,5)10-13,3(1,6,16)(12,11)-9-8",2,1,1.5,False,"15-14(2,7)(4,5)10(3,13)(1,6,16)(12,11)-9,8",2,1,3.5,False,"(*15,5)10(14,7)(4,13)(2,6)(3,16)(1,12,11)-(8,9)",4,2,0.0,False,"15,5(14,10)(7,13)(2,4)6(3,16)(1,12,11)8-9",3,2,1.5,False,4,
202207020607,7,4歳以上1勝クラス,芝,2200,晴,重,13:25,2022-03-27,中京,4,4,8,2018102917,ネイチャーシップ,牡4,54,01164,藤田菜七,2:16.3,ハナ,16-16-15-15,35.9,8.5,5,496(+2),01029,[東]根本康広,369803,サザンホールディング,120.0,"15,14(2,7)(4,5)10-13,3(1,6,16)(12,11)-9-8",16,1,13.5,False,"15-14(2,7)(4,5)10(3,13)(1,6,16)(12,11)-9,8",16,1,8.5,False,"(*15,5)10(14,7)(4,13)(2,6)(3,16)(1,12,11)-(8,9)",15,2,3.5,False,"15,5(14,10)(7,13)(2,4)6(3,16)(1,12,11)8-9",15,1,1.5,False,4,
202207020607,7,4歳以上1勝クラス,芝,2200,晴,重,13:25,2022-03-27,中京,5,4,7,2018103102,ケンハービンジャー,牡4,53,01186,角田大和,2:16.4,1/2,3-3-4-5,36.9,81.7,11,434(0),01099,[西]本田優,912002,中西宏彰,77.0,"15,14(2,7)(4,5)10-13,3(1,6,16)(12,11)-9-8",3,2,1.5,False,"15-14(2,7)(4,5)10(3,13)(1,6,16)(12,11)-9,8",3,2,3.5,False,"(*15,5)10(14,7)(4,13)(2,6)(3,16)(1,12,11)-(8,9)",4,2,0.0,False,"15,5(14,10)(7,13)(2,4)6(3,16)(1,12,11)8-9",5,2,1.5,False,4,
202207020607,7,4歳以上1勝クラス,芝,2200,晴,重,13:25,2022-03-27,中京,6,3,6,2018104850,テーオーソロス,牡4,54,01185,小沢大仁,2:16.5,1/2,10-10-8-9,36.7,8.3,4,472(0),01018,[西]宮徹,304008,小笹公也,,"15,14(2,7)(4,5)10-13,3(1,6,16)(12,11)-9-8",10,3,6.5,False,"15-14(2,7)(4,5)10(3,13)(1,6,16)(12,11)-9,8",10,3,3.5,False,"(*15,5)10(14,7)(4,13)(2,6)(3,16)(1,12,11)-(8,9)",8,2,0.0,False,"15,5(14,10)(7,13)(2,4)6(3,16)(1,12,11)8-9",9,1,1.5,False,4,
202207020607,7,4歳以上1勝クラス,芝,2200,晴,重,13:25,2022-03-27,中京,7,6,11,2018100722,オーパンバル,牝4,54,01152,小崎綾也,2:16.5,クビ,13-13-12-12,36.3,64.4,10,452(-4),01098,[西]野中賢二,318803,ニッシンホールディン...,,"15,14(2,7)(4,5)10-13,3(1,6,16)(12,11)-9-8",13,2,6.5,False,"15-14(2,7)(4,5)10(3,13)(1,6,16)(12,11)-9,8",13,2,3.5,False,"(*15,5)10(14,7)(4,13)(2,6)(3,16)(1,12,11)-(8,9)",12,3,0.0,False,"15,5(14,10)(7,13)(2,4)6(3,16)(1,12,11)8-9",12,3,1.5,False,4,
202207020607,7,4歳以上1勝クラス,芝,2200,晴,重,13:25,2022-03-27,中京,8,6,12,2018105337,ミスカイウラニ,牝4,54,01019,秋山真一,2:16.8,1.1/2,13-13-12-12,36.6,125.7,14,450(+10),01082,[西]平田修,063803,諸江幸祐,,"15,14(2,7)(4,5)10-13,3(1,6,16)(12,11)-9-8",13,2,6.5,False,"15-14(2,7)(4,5)10(3,13)(1,6,16)(12,11)-9,8",13,2,3.5,False,"(*15,5)10(14,7)(4,13)(2,6)(3,16)(1,12,11)-(8,9)",12,3,0.0,False,"15,5(14,10)(7,13)(2,4)6(3,16)(1,12,11)8-9",12,3,1.5,False,4,
202207020607,7,4歳以上1勝クラス,芝,2200,晴,重,13:25,2022-03-27,中京,9,1,1,2018104917,レベランス,牡4,56,00666,武豊,2:17.0,1.1/2,10-10-12-12,36.8,7.1,2,458(0),01105,[西]須貝尚介,486800,キャロットファーム,,"15,14(2,7)(4,5)10-13,3(1,6,16)(12,11)-9-8",10,3,6.5,False,"15-14(2,7)(4,5)10(3,13)(1,6,16)(12,11)-9,8",10,3,3.5,False,"(*15,5)10(14,7)(4,13)(2,6)(3,16)(1,12,11)-(8,9)",12,3,0.0,False,"15,5(14,10)(7,13)(2,4)6(3,16)(1,12,11)8-9",12,3,1.5,False,4,
202207020607,7,4歳以上1勝クラス,芝,2200,晴,重,13:25,2022-03-27,中京,10,8,15,2017104096,サンライズヘルメス,牡5,57,01157,鮫島克駿,2:17.2,1.1/4,1-1-1-1,38.1,10.4,6,488(0),01072,[西]河内洋,306008,松岡隆雄,,"15,14(2,7)(4,5)10-13,3(1,6,16)(12,11)-9-8",1,1,0.0,False,"15-14(2,7)(4,5)10(3,13)(1,6,16)(12,11)-9,8",1,1,0.0,False,"(*15,5)10(14,7)(4,13)(2,6)(3,16)(1,12,11)-(8,9)",1,2,0.0,True,"15,5(14,10)(7,13)(2,4)6(3,16)(1,12,11)8-9",1,1,0.0,False,4,
202207020607,7,4歳以上1勝クラス,芝,2200,晴,重,13:25,2022-03-27,中京,11,8,16,2017106141,ナムラショウグン,牡5,57,01174,岩田望来,2:18.2,6,10-10-10-10,38.2,86.8,12,488(0),01091,[西]羽月友彦,972002,奈村睦弘,,"15,14(2,7)(4,5)10-13,3(1,6,16)(12,11)-9-8",10,3,6.5,False,"15-14(2,7)(4,5)10(3,13)(1,6,16)(12,11)-9,8",10,3,3.5,False,"(*15,5)10(14,7)(4,13)(2,6)(3,16)(1,12,11)-(8,9)",10,2,0.0,False,"15,5(14,10)(7,13)(2,4)6(3,16)(1,12,11)8-9",10,2,1.5,False,4,
202207020607,7,4歳以上1勝クラス,芝,2200,晴,重,13:25,2022-03-27,中京,12,2,4,2018105398,ブリングトゥライフ,牝4,54,01166,川又賢治,2:18.4,1.1/4,5-5-6-7,38.8,34.9,9,474(+2),01188,[西]畑端省吾,808800,Ｇ１レーシング,,"15,14(2,7)(4,5)10-13,3(1,6,16)(12,11)-9-8",5,2,1.5,False,"15-14(2,7)(4,5)10(3,13)(1,6,16)(12,11)-9,8",5,2,3.5,False,"(*15,5)10(14,7)(4,13)(2,6)(3,16)(1,12,11)-(8,9)",6,2,0.0,False,"15,5(14,10)(7,13)(2,4)6(3,16)(1,12,11)8-9",7,2,1.5,False,4,
202207020607,7,4歳以上1勝クラス,芝,2200,晴,重,13:25,2022-03-27,中京,13,2,3,2016100742,ナミブ,セ6,57,00726,岩部純二,2:18.9,3,9-8-10-10,39.0,351.0,16,468(+2),00437,[東]南田美知,629800,ミルファーム,,"15,14(2,7)(4,5)10-13,3(1,6,16)(12,11)-9-8",9,1,6.5,False,"15-14(2,7)(4,5)10(3,13)(1,6,16)(12,11)-9,8",8,2,3.5,False,"(*15,5)10(14,7)(4,13)(2,6)(3,16)(1,12,11)-(8,9)",10,2,0.0,False,"15,5(14,10)(7,13)(2,4)6(3,16)(1,12,11)8-9",10,2,1.5,False,4,
202207020607,7,4歳以上1勝クラス,芝,2200,晴,重,13:25,2022-03-27,中京,14,5,9,2016100255,ウインリベルタ,牡6,57,01160,荻野極,2:19.1,1,15-15-15-16,38.2,247.1,15,488(+4),01156,[東]青木孝文,494800,ウイン,,"15,14(2,7)(4,5)10-13,3(1,6,16)(12,11)-9-8",15,1,10.0,False,"15-14(2,7)(4,5)10(3,13)(1,6,16)(12,11)-9,8",15,1,7.0,False,"(*15,5)10(14,7)(4,13)(2,6)(3,16)(1,12,11)-(8,9)",15,2,3.5,False,"15,5(14,10)(7,13)(2,4)6(3,16)(1,12,11)8-9",16,1,5.0,False,4,
202207020607,7,4歳以上1勝クラス,芝,2200,晴,重,13:25,2022-03-27,中京,15,3,5,2018106739,マイネルジャッカル,牡4,56,01085,松岡正海,2:19.4,2,5-5-2-2,40.1,15.9,7,472(-2),01187,[東]西田雄一,546800,サラブレッドクラブ・...,,"15,14(2,7)(4,5)10-13,3(1,6,16)(12,11)-9-8",5,2,1.5,False,"15-14(2,7)(4,5)10(3,13)(1,6,16)(12,11)-9,8",5,2,3.5,False,"(*15,5)10(14,7)(4,13)(2,6)(3,16)(1,12,11)-(8,9)",2,2,0.0,False,"15,5(14,10)(7,13)(2,4)6(3,16)(1,12,11)8-9",2,1,1.5,False,4,
202207020607,7,4歳以上1勝クラス,芝,2200,晴,重,13:25,2022-03-27,中京,16,5,10,2018103186,セイウンゴールド,牡4,56,01025,勝浦正樹,2:19.5,1/2,7-7-3-3,40.1,19.6,8,488(+6),00423,[東]上原博之,897009,西山茂行,,"15,14(2,7)(4,5)10-13,3(1,6,16)(12,11)-9-8",7,1,1.5,False,"15-14(2,7)(4,5)10(3,13)(1,6,16)(12,11)-9,8",7,1,3.5,False,"(*15,5)10(14,7)(4,13)(2,6)(3,16)(1,12,11)-(8,9)",3,1,0.0,False,"15,5(14,10)(7,13)(2,4)6(3,16)(1,12,11)8-9",3,2,1.5,False,4,
202207020608,8,4歳以上1勝クラス,芝,1200,晴,重,13:55,2022-03-27,中京,1,8,16,2018103181,シゲルセンム,牝4,55,01019,秋山真一,1:09.8,,1-1,35.4,6.8,3,462(+14),00431,[西]谷潔,674004,森中蕃,770.0,,,,,,,,,,,"(*16,11)(6,8)(10,18)(13,15)(1,17)12(3,9)4-5,14,2,7",1,2,0.0,True,"(*16,11)(6,8)(10,18)(13,15)(1,17)-(3,12,9)4,5,14(2,7)",1,2,0.0,True,4,
202207020608,8,4歳以上1勝クラス,芝,1200,晴,重,13:55,2022-03-27,中京,2,5,10,2018102667,ニューアリオン,牡4,57,01157,鮫島克駿,1:09.9,1,5-5,35.0,24.0,8,478(-2),01172,[西]新谷功一,463031,フィールドレーシング,310.0,,,,,,,,,,,"(*16,11)(6,8)(10,18)(13,15)(1,17)12(3,9)4-5,14,2,7",5,2,0.0,False,"(*16,11)(6,8)(10,18)(13,15)(1,17)-(3,12,9)4,5,14(2,7)",5,2,0.0,False,4,
202207020608,8,4歳以上1勝クラス,芝,1200,晴,重,13:55,2022-03-27,中京,3,2,4,2017100169,ソルトキャピタル,牡5,57,01037,太宰啓介,1:09.9,アタマ,14-14,33.9,11.2,4,530(-6),01161,[西]武英智,781033,杉浦敏夫,190.0,,,,,,,,,,,"(*16,11)(6,8)(10,18)(13,15)(1,17)12(3,9)4-5,14,2,7",14,1,0.0,False,"(*16,11)(6,8)(10,18)(13,15)(1,17)-(3,12,9)4,5,14(2,7)",14,1,3.5,False,4,
202207020608,8,4歳以上1勝クラス,芝,1200,晴,重,13:55,2022-03-27,中京,4,7,13,2018100773,ユナイテッドハーツ,牡4,57,01117,丸田恭介,1:10.2,1.3/4,7-7,35.0,56.3,12,428(-8),01116,[東]新開幸一,858800,大塚亮一,120.0,,,,,,,,,,,"(*16,11)(6,8)(10,18)(13,15)(1,17)12(3,9)4-5,14,2,7",7,2,0.0,False,"(*16,11)(6,8)(10,18)(13,15)(1,17)-(3,12,9)4,5,14(2,7)",7,2,0.0,False,4,
202207020608,8,4歳以上1勝クラス,芝,1200,晴,重,13:55,2022-03-27,中京,5,3,6,2018102069,ラナキラ,牝4,55,01014,福永祐一,1:10.2,アタマ,3-3,35.5,2.8,1,460(+10),01103,[東]尾関知人,788800,ノースヒルズ,77.0,,,,,,,,,,,"(*16,11)(6,8)(10,18)(13,15)(1,17)12(3,9)4-5,14,2,7",3,2,0.0,False,"(*16,11)(6,8)(10,18)(13,15)(1,17)-(3,12,9)4,5,14(2,7)",3,2,0.0,False,4,
202207020608,8,4歳以上1勝クラス,芝,1200,晴,重,13:55,2022-03-27,中京,6,8,18,2016102446,ワンダーヘイルネス,セ6,57,00660,横山典弘,1:10.3,クビ,5-5,35.4,34.7,9,492(+2),01072,[西]河内洋,184033,山本能成,,,,,,,,,,,,"(*16,11)(6,8)(10,18)(13,15)(1,17)12(3,9)4-5,14,2,7",5,2,0.0,False,"(*16,11)(6,8)(10,18)(13,15)(1,17)-(3,12,9)4,5,14(2,7)",5,2,0.0,False,4,
202207020608,8,4歳以上1勝クラス,芝,1200,晴,重,13:55,2022-03-27,中京,7,4,8,2017104453,マイネルチューダ,牡5,57,01170,横山武史,1:10.4,1/2,3-3,35.8,3.1,2,454(0),01074,[東]奥平雅士,546800,サラブレッドクラブ・...,,,,,,,,,,,,"(*16,11)(6,8)(10,18)(13,15)(1,17)12(3,9)4-5,14,2,7",3,2,0.0,False,"(*16,11)(6,8)(10,18)(13,15)(1,17)-(3,12,9)4,5,14(2,7)",3,2,0.0,False,4,
202207020608,8,4歳以上1勝クラス,芝,1200,晴,重,13:55,2022-03-27,中京,8,2,3,2018101551,クリノザウルス,牡4,57,01085,松岡正海,1:10.4,クビ,12-11,34.6,18.3,7,480(-2),01056,[東]本間忍,970006,栗本博晴,,,,,,,,,,,,"(*16,11)(6,8)(10,18)(13,15)(1,17)12(3,9)4-5,14,2,7",12,2,0.0,False,"(*16,11)(6,8)(10,18)(13,15)(1,17)-(3,12,9)4,5,14(2,7)",11,3,3.5,False,4,
202207020608,8,4歳以上1勝クラス,芝,1200,晴,重,13:55,2022-03-27,中京,9,6,11,2018105444,レインボークラウド,牝4,52,01186,角田大和,1:10.5,3/4,2-2,36.1,43.9,10,454(+1),01166,[西]石坂公一,221007,吉田安惠,,,,,,,,,,,,"(*16,11)(6,8)(10,18)(13,15)(1,17)12(3,9)4-5,14,2,7",2,2,0.0,False,"(*16,11)(6,8)(10,18)(13,15)(1,17)-(3,12,9)4,5,14(2,7)",2,2,0.0,False,4,
202207020608,8,4歳以上1勝クラス,芝,1200,晴,重,13:55,2022-03-27,中京,10,8,17,2018103883,スマートルグラン,牝4,52,01200,西塚洸二,1:10.5,ハナ,9-9,35.0,17.5,6,436(+6),01097,[東]鹿戸雄一,007803,大川徹,,,,,,,,,,,,"(*16,11)(6,8)(10,18)(13,15)(1,17)12(3,9)4-5,14,2,7",9,2,0.0,False,"(*16,11)(6,8)(10,18)(13,15)(1,17)-(3,12,9)4,5,14(2,7)",9,2,0.0,False,4,
202207020608,8,4歳以上1勝クラス,芝,1200,晴,重,13:55,2022-03-27,中京,11,7,15,2018109052,エコロデイジー,牝4,53,01185,小沢大仁,1:10.6,クビ,7-7,35.4,52.0,11,480(+4),01113,[西]牧浦充徳,783033,原村正紀,,,,,,,,,,,,"(*16,11)(6,8)(10,18)(13,15)(1,17)12(3,9)4-5,14,2,7",7,2,0.0,False,"(*16,11)(6,8)(10,18)(13,15)(1,17)-(3,12,9)4,5,14(2,7)",7,2,0.0,False,4,
202207020608,8,4歳以上1勝クラス,芝,1200,晴,重,13:55,2022-03-27,中京,12,1,1,2018102649,タツリュウオー,牝4,54,01176,亀田温心,1:10.6,クビ,9-9,35.2,17.2,5,456(+6),00425,[西]加用正,355803,しょうじ,,,,,,,,,,,,"(*16,11)(6,8)(10,18)(13,15)(1,17)12(3,9)4-5,14,2,7",9,2,0.0,False,"(*16,11)(6,8)(10,18)(13,15)(1,17)-(3,12,9)4,5,14(2,7)",9,2,0.0,False,4,
202207020608,8,4歳以上1勝クラス,芝,1200,晴,重,13:55,2022-03-27,中京,13,6,12,2018106581,セレッソフレイム,牝4,52,01172,服部寿希,1:10.7,1/2,11-11,34.9,275.4,18,450(0),01040,[西]服部利之,372008,三宅勝俊,,,,,,,,,,,,"(*16,11)(6,8)(10,18)(13,15)(1,17)12(3,9)4-5,14,2,7",11,1,0.0,False,"(*16,11)(6,8)(10,18)(13,15)(1,17)-(3,12,9)4,5,14(2,7)",11,3,3.5,False,4,
202207020608,8,4歳以上1勝クラス,芝,1200,晴,重,13:55,2022-03-27,中京,14,4,7,2018110112,バラードインミラノ,牡4,54,01177,小林凌大,1:10.7,クビ,18-17,34.2,61.9,13,418(-2),01048,[東]畠山吉宏,716800,ビッグレッドファーム,,,,,,,,,,,,"(*16,11)(6,8)(10,18)(13,15)(1,17)12(3,9)4-5,14,2,7",18,1,8.0,False,"(*16,11)(6,8)(10,18)(13,15)(1,17)-(3,12,9)4,5,14(2,7)",17,2,6.5,False,4,
202207020608,8,4歳以上1勝クラス,芝,1200,晴,重,13:55,2022-03-27,中京,15,5,9,2018106612,オリアメンディ,牝4,55,00726,岩部純二,1:10.7,ハナ,12-11,34.9,209.7,17,456(0),00428,[東]石毛善彦,629800,ミルファーム,,,,,,,,,,,,"(*16,11)(6,8)(10,18)(13,15)(1,17)12(3,9)4-5,14,2,7",12,2,0.0,False,"(*16,11)(6,8)(10,18)(13,15)(1,17)-(3,12,9)4,5,14(2,7)",11,3,3.5,False,4,
202207020608,8,4歳以上1勝クラス,芝,1200,晴,重,13:55,2022-03-27,中京,16,3,5,2018100576,ファントムルージュ,牝4,55,01174,岩田望来,1:10.9,1,15-15,34.7,89.0,14,448(-12),01017,[東]萩原清,306803,ＨｏｒｓｅＮｅｔ,,,,,,,,,,,,"(*16,11)(6,8)(10,18)(13,15)(1,17)12(3,9)4-5,14,2,7",15,1,3.5,False,"(*16,11)(6,8)(10,18)(13,15)(1,17)-(3,12,9)4,5,14(2,7)",15,1,5.0,False,4,
202207020608,8,4歳以上1勝クラス,芝,1200,晴,重,13:55,2022-03-27,中京,17,1,2,2017105028,アピテソーロ,牡5,57,01160,荻野極,1:11.4,3,17-17,34.8,200.2,16,490(-18),01074,[東]奥平雅士,089803,了徳寺健二ホールディ...,,,,,,,,,,,,"(*16,11)(6,8)(10,18)(13,15)(1,17)12(3,9)4-5,14,2,7",17,1,6.5,False,"(*16,11)(6,8)(10,18)(13,15)(1,17)-(3,12,9)4,5,14(2,7)",17,2,6.5,False,4,
202207020608,8,4歳以上1勝クラス,芝,1200,晴,重,13:55,2022-03-27,中京,18,7,14,2017100441,ヒメノジャッカル,牡5,57,05203,岩田康誠,1:12.0,4,16-16,35.6,167.2,15,452(-2),01087,[西]庄野靖志,541008,橋場勇二,,,,,,,,,,,,"(*16,11)(6,8)(10,18)(13,15)(1,17)12(3,9)4-5,14,2,7",16,1,5.0,False,"(*16,11)(6,8)(10,18)(13,15)(1,17)-(3,12,9)4,5,14(2,7)",16,1,6.5,False,4,
202207020609,9,大寒桜賞(1勝),芝,2200,晴,重,14:25,2022-03-27,中京,1,5,5,2019104600,ブラックブロッサム,牡3,56,01170,横山武史,2:14.1,,3-3-3-2,36.4,2.4,2,522(-4),01151,[西]斉藤崇史,506800,シルクレーシング,"1,048.2","6-4-5,2-(3,8)7,1",3,1,7.0,False,"6,4-5-2-3,8(7,1)",3,1,5.0,False,"4,6-5,2-(7,3)1,8",3,1,5.0,False,"(*4,5,2)-7(6,3)-8,1",2,3,0.0,False,2,
202207020609,9,大寒桜賞(1勝),芝,2200,晴,重,14:25,2022-03-27,中京,2,7,7,2019103907,サンライズエース,牡3,56,01157,鮫島克駿,2:15.4,8,7-7-5-4,37.3,6.2,3,484(-2),01072,[西]河内洋,399803,ライフハウス,415.2,"6-4-5,2-(3,8)7,1",7,1,12.0,False,"6,4-5-2-3,8(7,1)",7,2,13.5,False,"4,6-5,2-(7,3)1,8",5,2,10.0,False,"(*4,5,2)-7(6,3)-8,1",4,1,3.5,False,2,
202207020609,9,大寒桜賞(1勝),芝,2200,晴,重,14:25,2022-03-27,中京,3,2,2,2019105366,フェーングロッテン,牡3,56,01014,福永祐一,2:15.6,3/4,4-4-4-2,37.9,10.9,4,478(+2),01073,[西]宮本博,226800,サンデーレーシング,262.6,"6-4-5,2-(3,8)7,1",4,1,8.5,False,"6,4-5-2-3,8(7,1)",4,1,8.5,False,"4,6-5,2-(7,3)1,8",4,1,6.5,False,"(*4,5,2)-7(6,3)-8,1",2,3,0.0,False,2,
202207020609,9,大寒桜賞(1勝),芝,2200,晴,重,14:25,2022-03-27,中京,4,8,8,2019100549,タガノバルコス,牡3,56,01019,秋山真一,2:16.4,5,5-6-8-7,37.5,45.5,7,478(+2),01046,[西]鮫島一歩,859002,八木良司,150.0,"6-4-5,2-(3,8)7,1",5,2,12.0,False,"6,4-5-2-3,8(7,1)",6,1,13.5,False,"4,6-5,2-(7,3)1,8",8,1,11.5,False,"(*4,5,2)-7(6,3)-8,1",7,1,7.0,False,2,
202207020609,9,大寒桜賞(1勝),芝,2200,晴,重,14:25,2022-03-27,中京,5,3,3,2019104761,ジルバーン,牡3,56,00660,横山典弘,2:16.5,3/4,5-5-5-5,38.1,26.0,6,418(-8),01161,[西]武英智,415800,社台レースホース,103.0,"6-4-5,2-(3,8)7,1",5,2,12.0,False,"6,4-5-2-3,8(7,1)",5,1,12.0,False,"4,6-5,2-(7,3)1,8",5,2,10.0,False,"(*4,5,2)-7(6,3)-8,1",5,2,3.5,False,2,
202207020609,9,大寒桜賞(1勝),芝,2200,晴,重,14:25,2022-03-27,中京,6,4,4,2019104092,メイショウゲキリン,牡3,56,01032,池添謙一,2:17.2,4,2-2-1-1,39.6,2.3,1,504(-4),01021,[西]池添兼雄,523005,松本好雄,,"6-4-5,2-(3,8)7,1",2,1,3.5,False,"6,4-5-2-3,8(7,1)",2,1,1.5,False,"4,6-5,2-(7,3)1,8",1,1,0.0,False,"(*4,5,2)-7(6,3)-8,1",1,3,0.0,True,2,
202207020609,9,大寒桜賞(1勝),芝,2200,晴,重,14:25,2022-03-27,中京,7,1,1,2019104369,アナザーエデン,牡3,56,01160,荻野極,2:19.4,大,8-7-7-8,40.3,85.7,8,486(-20),01130,[西]吉村圭司,010803,市川義美ホールディン...,,"6-4-5,2-(3,8)7,1",8,1,13.5,False,"6,4-5-2-3,8(7,1)",7,2,13.5,False,"4,6-5,2-(7,3)1,8",7,1,10.0,False,"(*4,5,2)-7(6,3)-8,1",8,1,8.5,False,2,
202207020609,9,大寒桜賞(1勝),芝,2200,晴,重,14:25,2022-03-27,中京,8,6,6,2019101612,アスクオンディープ,牡3,56,01174,岩田望来,2:21.6,大,1-1-2-5,43.2,11.3,5,484(-2),01055,[西]藤原英昭,037803,廣崎利洋ＨＤ,,"6-4-5,2-(3,8)7,1",1,1,0.0,False,"6,4-5-2-3,8(7,1)",1,1,0.0,False,"4,6-5,2-(7,3)1,8",2,1,1.5,False,"(*4,5,2)-7(6,3)-8,1",5,2,3.5,False,2,
202207020610,10,鈴鹿S(3勝),ダ,1900,晴,重,15:01,2022-03-27,中京,1,4,7,2017101895,ペルセウスシチー,牡5,56,01170,横山武史,1:57.1,,11-11-8-8,37.3,4.3,3,484(-2),01150,[東]池上昌和,321800,友駿ホースクラブ,"1,874.3","(*6,10,15)(1,2,14)(13,12)(5,9)-7-16(3,11)-(4,8)",11,1,3.5,False,"6(10,15)1(2,14)(13,12)5,9,7,16(3,11)8,4",11,1,3.0,False,"(*6,10,15)14(1,13,12)(5,2,9,7,8)(3,16,11)-4",8,5,0.0,False,"6(10,15,14)(1,13)12(5,9,7)(2,8)(3,16)11,4",8,3,0.0,False,-15,
202207020610,10,鈴鹿S(3勝),ダ,1900,晴,重,15:01,2022-03-27,中京,2,8,16,2018106311,ラヴォラーレ,牡4,54,01075,田辺裕信,1:57.5,2.1/2,12-12-13-13,37.4,29.5,7,522(-2),01089,[東]武市康男,032800,ローレルレーシング,749.8,"(*6,10,15)(1,2,14)(13,12)(5,9)-7-16(3,11)-(4,8)",12,1,7.0,False,"6(10,15)1(2,14)(13,12)5,9,7,16(3,11)8,4",12,1,4.5,False,"(*6,10,15)14(1,13,12)(5,2,9,7,8)(3,16,11)-4",13,3,0.0,False,"6(10,15,14)(1,13)12(5,9,7)(2,8)(3,16)11,4",13,2,0.0,False,-15,
202207020610,10,鈴鹿S(3勝),ダ,1900,晴,重,15:01,2022-03-27,中京,3,3,6,2018106084,ペプチドナイル,牡4,55,00666,武豊,1:58.0,3,1-1-1-1,38.8,3.5,2,524(-4),01161,[西]武英智,500007,沼川一彦,464.9,"(*6,10,15)(1,2,14)(13,12)(5,9)-7-16(3,11)-(4,8)",1,3,0.0,True,"6(10,15)1(2,14)(13,12)5,9,7,16(3,11)8,4",1,1,0.0,False,"(*6,10,15)14(1,13,12)(5,2,9,7,8)(3,16,11)-4",1,3,0.0,True,"6(10,15,14)(1,13)12(5,9,7)(2,8)(3,16)11,4",1,1,0.0,False,-15,
202207020610,10,鈴鹿S(3勝),ダ,1900,晴,重,15:01,2022-03-27,中京,4,2,4,2016100279,ベルジュネス,セ6,54,01019,秋山真一,1:58.0,クビ,15-16-16-16,37.4,128.4,13,464(-2),01048,[東]畠山吉宏,851009,岡田牧雄,280.0,"(*6,10,15)(1,2,14)(13,12)(5,9)-7-16(3,11)-(4,8)",15,2,10.5,False,"6(10,15)1(2,14)(13,12)5,9,7,16(3,11)8,4",16,1,6.0,False,"(*6,10,15)14(1,13,12)(5,2,9,7,8)(3,16,11)-4",16,1,3.5,False,"6(10,15,14)(1,13)12(5,9,7)(2,8)(3,16)11,4",16,1,1.5,False,-15,
202207020610,10,鈴鹿S(3勝),ダ,1900,晴,重,15:01,2022-03-27,中京,5,5,10,2018106211,テイエムマグマ,牡4,54,01130,高倉稜,1:58.1,クビ,2-2-2-2,38.9,39.6,9,510(+4),01157,[西]杉山晴紀,356002,竹園正繼,184.0,"(*6,10,15)(1,2,14)(13,12)(5,9)-7-16(3,11)-(4,8)",2,3,0.0,False,"6(10,15)1(2,14)(13,12)5,9,7,16(3,11)8,4",2,2,0.0,False,"(*6,10,15)14(1,13,12)(5,2,9,7,8)(3,16,11)-4",2,3,0.0,False,"6(10,15,14)(1,13)12(5,9,7)(2,8)(3,16)11,4",2,3,0.0,False,-15,
202207020610,10,鈴鹿S(3勝),ダ,1900,晴,重,15:01,2022-03-27,中京,6,6,12,2018100474,ナリタフォルテ,牡4,55,05203,岩田康誠,1:58.4,2,7-7-5-7,38.9,19.0,6,578(-6),01033,[西]木原一良,712800,オースミ,,"(*6,10,15)(1,2,14)(13,12)(5,9)-7-16(3,11)-(4,8)",7,2,0.0,False,"6(10,15)1(2,14)(13,12)5,9,7,16(3,11)8,4",7,2,0.0,False,"(*6,10,15)14(1,13,12)(5,2,9,7,8)(3,16,11)-4",5,3,0.0,False,"6(10,15,14)(1,13)12(5,9,7)(2,8)(3,16)11,4",7,1,0.0,False,-15,
202207020610,10,鈴鹿S(3勝),ダ,1900,晴,重,15:01,2022-03-27,中京,7,2,3,2014102153,ブライトンロック,牡8,55,01025,勝浦正樹,1:58.6,3/4,13-13-13-13,38.4,62.2,12,468(0),01195,[東]嘉藤貴行,810008,坂巻勝彦,,"(*6,10,15)(1,2,14)(13,12)(5,9)-7-16(3,11)-(4,8)",13,2,7.0,False,"6(10,15)1(2,14)(13,12)5,9,7,16(3,11)8,4",13,2,4.5,False,"(*6,10,15)14(1,13,12)(5,2,9,7,8)(3,16,11)-4",13,3,0.0,False,"6(10,15,14)(1,13)12(5,9,7)(2,8)(3,16)11,4",13,2,0.0,False,-15,
202207020610,10,鈴鹿S(3勝),ダ,1900,晴,重,15:01,2022-03-27,中京,8,1,2,2018106571,メイショウフンジン,牡4,56,01077,石橋脩,1:58.6,クビ,4-5-8-11,38.9,10.1,4,510(+2),01028,[西]西園正都,523005,松本好雄,,"(*6,10,15)(1,2,14)(13,12)(5,9)-7-16(3,11)-(4,8)",4,3,0.0,False,"6(10,15)1(2,14)(13,12)5,9,7,16(3,11)8,4",5,2,0.0,False,"(*6,10,15)14(1,13,12)(5,2,9,7,8)(3,16,11)-4",8,5,0.0,False,"6(10,15,14)(1,13)12(5,9,7)(2,8)(3,16)11,4",11,2,0.0,False,-15,
202207020610,10,鈴鹿S(3勝),ダ,1900,晴,重,15:01,2022-03-27,中京,9,7,14,2017105350,シルヴェリオ,牡5,55,01014,福永祐一,1:58.9,2,4-5-4-2,39.6,11.4,5,508(-6),01144,[西]池添学,226800,サンデーレーシング,,"(*6,10,15)(1,2,14)(13,12)(5,9)-7-16(3,11)-(4,8)",4,3,0.0,False,"6(10,15)1(2,14)(13,12)5,9,7,16(3,11)8,4",5,2,0.0,False,"(*6,10,15)14(1,13,12)(5,2,9,7,8)(3,16,11)-4",4,1,0.0,False,"6(10,15,14)(1,13)12(5,9,7)(2,8)(3,16)11,4",2,3,0.0,False,-15,
202207020610,10,鈴鹿S(3勝),ダ,1900,晴,重,15:01,2022-03-27,中京,10,1,1,2017110050,エイシンアメンラー,牡5,55,05243,柴山雄一,1:59.0,1/2,4-4-5-5,39.6,37.6,8,510(+8),01098,[西]野中賢二,785800,栄進堂,,"(*6,10,15)(1,2,14)(13,12)(5,9)-7-16(3,11)-(4,8)",4,3,0.0,False,"6(10,15)1(2,14)(13,12)5,9,7,16(3,11)8,4",4,1,0.0,False,"(*6,10,15)14(1,13,12)(5,2,9,7,8)(3,16,11)-4",5,3,0.0,False,"6(10,15,14)(1,13)12(5,9,7)(2,8)(3,16)11,4",5,2,0.0,False,-15,
202207020610,10,鈴鹿S(3勝),ダ,1900,晴,重,15:01,2022-03-27,中京,11,7,13,2018109080,レプンカムイ,牡4,55,01157,鮫島克駿,1:59.3,1.3/4,7-7-5-5,39.8,2.9,1,478(-2),01154,[西]橋口慎介,245030,前田葉子,,"(*6,10,15)(1,2,14)(13,12)(5,9)-7-16(3,11)-(4,8)",7,2,0.0,False,"6(10,15)1(2,14)(13,12)5,9,7,16(3,11)8,4",7,2,0.0,False,"(*6,10,15)14(1,13,12)(5,2,9,7,8)(3,16,11)-4",5,3,0.0,False,"6(10,15,14)(1,13)12(5,9,7)(2,8)(3,16)11,4",5,2,0.0,False,-15,
202207020610,10,鈴鹿S(3勝),ダ,1900,晴,重,15:01,2022-03-27,中京,12,3,5,2017105012,チェルアルコ,牝5,51,01185,小沢大仁,1:59.4,1/2,9-9-8-8,39.7,153.0,14,518(-2),01142,[西]森田直行,231033,吉田晴哉,,"(*6,10,15)(1,2,14)(13,12)(5,9)-7-16(3,11)-(4,8)",9,2,0.0,False,"6(10,15)1(2,14)(13,12)5,9,7,16(3,11)8,4",9,1,0.0,False,"(*6,10,15)14(1,13,12)(5,2,9,7,8)(3,16,11)-4",8,5,0.0,False,"6(10,15,14)(1,13)12(5,9,7)(2,8)(3,16)11,4",8,3,0.0,False,-15,
202207020610,10,鈴鹿S(3勝),ダ,1900,晴,重,15:01,2022-03-27,中京,13,8,15,2017106365,スズカパンサー,牡5,54,01152,小崎綾也,1:59.7,1.3/4,2-2-2-2,40.5,59.7,11,460(-8),01148,[西]西村真幸,382004,永井啓弍,,"(*6,10,15)(1,2,14)(13,12)(5,9)-7-16(3,11)-(4,8)",2,3,0.0,False,"6(10,15)1(2,14)(13,12)5,9,7,16(3,11)8,4",2,2,0.0,False,"(*6,10,15)14(1,13,12)(5,2,9,7,8)(3,16,11)-4",2,3,0.0,False,"6(10,15,14)(1,13)12(5,9,7)(2,8)(3,16)11,4",2,3,0.0,False,-15,
202207020610,10,鈴鹿S(3勝),ダ,1900,晴,重,15:01,2022-03-27,中京,14,5,9,2017103518,スズカゴウケツ,牡5,54,01032,池添謙一,1:59.7,クビ,9-10-8-8,39.9,50.4,10,490(+2),01023,[東]伊藤圭三,382004,永井啓弍,,"(*6,10,15)(1,2,14)(13,12)(5,9)-7-16(3,11)-(4,8)",9,2,0.0,False,"6(10,15)1(2,14)(13,12)5,9,7,16(3,11)8,4",10,1,1.5,False,"(*6,10,15)14(1,13,12)(5,2,9,7,8)(3,16,11)-4",8,5,0.0,False,"6(10,15,14)(1,13)12(5,9,7)(2,8)(3,16)11,4",8,3,0.0,False,-15,
202207020610,10,鈴鹿S(3勝),ダ,1900,晴,重,15:01,2022-03-27,中京,15,6,11,2015105088,ヴォウジラール,セ7,55,01160,荻野極,2:00.5,5,13-13-13-15,40.4,201.5,15,502(-12),01103,[東]尾関知人,226800,サンデーレーシング,,"(*6,10,15)(1,2,14)(13,12)(5,9)-7-16(3,11)-(4,8)",13,2,7.0,False,"6(10,15)1(2,14)(13,12)5,9,7,16(3,11)8,4",13,2,4.5,False,"(*6,10,15)14(1,13,12)(5,2,9,7,8)(3,16,11)-4",13,3,0.0,False,"6(10,15,14)(1,13)12(5,9,7)(2,8)(3,16)11,4",15,1,0.0,False,-15,
202207020610,10,鈴鹿S(3勝),ダ,1900,晴,重,15:01,2022-03-27,中京,16,4,8,2014105509,アルーフクライ,セ8,54,01117,丸田恭介,2:00.7,1.1/4,15-15-8-11,40.9,216.8,16,482(0),00420,[東]宗像義忠,415800,社台レースホース,,"(*6,10,15)(1,2,14)(13,12)(5,9)-7-16(3,11)-(4,8)",15,2,10.5,False,"6(10,15)1(2,14)(13,12)5,9,7,16(3,11)8,4",15,1,4.5,False,"(*6,10,15)14(1,13,12)(5,2,9,7,8)(3,16,11)-4",8,5,0.0,False,"6(10,15,14)(1,13)12(5,9,7)(2,8)(3,16)11,4",11,2,0.0,False,-15,
202207020611,11,第52回高松宮記念(GI),芝,1200,晴,重,15:40,2022-03-27,中京,1,1,2,2016106453,ナランフレグ,牡6,57,01117,丸田恭介,1:08.3,,15-14,33.9,27.8,8,486(-12),00420,[東]宗像義忠,555031,村木克成,"17,378.0",,,,,,,,,,,"(*7,8)(4,10)(5,15)(1,9,17)(3,11)(13,16)18(2,6)12,14",15,2,0.0,False,"(*7,8)(4,10)(1,5,15)(9,17)3(13,11,16)(2,6,18)-12,14",14,3,0.0,False,2,
202207020611,11,第52回高松宮記念(GI),芝,1200,晴,重,15:40,2022-03-27,中京,2,5,9,2017110144,ロータスランド,牝5,55,01174,岩田望来,1:08.3,クビ,7-8,34.3,12.9,5,476(-8),01183,[西]辻野泰之,882800,小林英一ホールディン...,"6,908.0",,,,,,,,,,,"(*7,8)(4,10)(5,15)(1,9,17)(3,11)(13,16)18(2,6)12,14",7,3,0.0,False,"(*7,8)(4,10)(1,5,15)(9,17)3(13,11,16)(2,6,18)-12,14",8,2,0.0,False,2,
202207020611,11,第52回高松宮記念(GI),芝,1200,晴,重,15:40,2022-03-27,中京,3,5,10,2015101028,キルロード,セ7,57,01161,菊沢一樹,1:08.3,ハナ,3-3,34.7,225.8,17,500(-6),01027,[東]田村康仁,865800,エンジェルレーシング,"4,354.0",,,,,,,,,,,"(*7,8)(4,10)(5,15)(1,9,17)(3,11)(13,16)18(2,6)12,14",3,2,0.0,False,"(*7,8)(4,10)(1,5,15)(9,17)3(13,11,16)(2,6,18)-12,14",3,2,0.0,False,2,
202207020611,11,第52回高松宮記念(GI),芝,1200,晴,重,15:40,2022-03-27,中京,4,7,13,2015104364,トゥラヴェスーラ,牡7,57,01157,鮫島克駿,1:08.4,クビ,12-11,34.2,27.0,7,490(-2),01135,[西]高橋康之,758005,吉田照哉,"2,600.0",,,,,,,,,,,"(*7,8)(4,10)(5,15)(1,9,17)(3,11)(13,16)18(2,6)12,14",12,2,0.0,False,"(*7,8)(4,10)(1,5,15)(9,17)3(13,11,16)(2,6,18)-12,14",11,3,0.0,False,2,
202207020611,11,第52回高松宮記念(GI),芝,1200,晴,重,15:40,2022-03-27,中京,5,8,17,2018105069,メイケイエール,牝4,55,01032,池添謙一,1:08.4,クビ,7-8,34.4,5.2,2,468(-4),01161,[西]武英智,004800,名古屋競馬,"1,700.0",,,,,,,,,,,"(*7,8)(4,10)(5,15)(1,9,17)(3,11)(13,16)18(2,6)12,14",7,3,0.0,False,"(*7,8)(4,10)(1,5,15)(9,17)3(13,11,16)(2,6,18)-12,14",8,2,0.0,False,2,
202207020611,11,第52回高松宮記念(GI),芝,1200,晴,重,15:40,2022-03-27,中京,6,4,7,2017105563,レシステンシア,牝5,55,01170,横山武史,1:08.6,1,1-1,35.2,2.2,1,516(+18),01149,[西]松下武士,486800,キャロットファーム,,,,,,,,,,,,"(*7,8)(4,10)(5,15)(1,9,17)(3,11)(13,16)18(2,6)12,14",1,2,0.0,True,"(*7,8)(4,10)(1,5,15)(9,17)3(13,11,16)(2,6,18)-12,14",1,2,0.0,True,2,
202207020611,11,第52回高松宮記念(GI),芝,1200,晴,重,15:40,2022-03-27,中京,7,2,3,2017105541,シャインガーネット,牝5,55,01075,田辺裕信,1:08.6,ハナ,10-10,34.5,30.0,9,482(+2),01127,[東]栗田徹,849030,山口功一郎,,,,,,,,,,,,"(*7,8)(4,10)(5,15)(1,9,17)(3,11)(13,16)18(2,6)12,14",10,2,0.0,False,"(*7,8)(4,10)(1,5,15)(9,17)3(13,11,16)(2,6,18)-12,14",10,1,0.0,False,2,
202207020611,11,第52回高松宮記念(GI),芝,1200,晴,重,15:40,2022-03-27,中京,8,6,12,2016103143,エイティーンガール,牝6,55,01019,秋山真一,1:08.6,ハナ,17-17,33.8,128.0,15,456(0),01139,[西]飯田祐史,835033,中山泰志,,,,,,,,,,,,"(*7,8)(4,10)(5,15)(1,9,17)(3,11)(13,16)18(2,6)12,14",17,1,0.0,False,"(*7,8)(4,10)(1,5,15)(9,17)3(13,11,16)(2,6,18)-12,14",17,1,3.5,False,2,
202207020611,11,第52回高松宮記念(GI),芝,1200,晴,重,15:40,2022-03-27,中京,9,3,6,2017106720,サンライズオネスト,牡5,57,00666,武豊,1:08.6,クビ,15-14,34.1,60.7,11,478(-2),01072,[西]河内洋,306008,松岡隆雄,,,,,,,,,,,,"(*7,8)(4,10)(5,15)(1,9,17)(3,11)(13,16)18(2,6)12,14",15,2,0.0,False,"(*7,8)(4,10)(1,5,15)(9,17)3(13,11,16)(2,6,18)-12,14",14,3,0.0,False,2,
202207020611,11,第52回高松宮記念(GI),芝,1200,晴,重,15:40,2022-03-27,中京,9,7,15,2016102197,ファストフォース,牡6,57,05243,柴山雄一,1:08.6,同着,5-5,34.7,204.0,16,522(+4),01148,[西]西村真幸,271008,安原浩司,,,,,,,,,,,,"(*7,8)(4,10)(5,15)(1,9,17)(3,11)(13,16)18(2,6)12,14",5,2,0.0,False,"(*7,8)(4,10)(1,5,15)(9,17)3(13,11,16)(2,6,18)-12,14",5,3,0.0,False,2,
202207020611,11,第52回高松宮記念(GI),芝,1200,晴,重,15:40,2022-03-27,中京,11,4,8,2015110013,ジャンダルム,牡7,57,01160,荻野極,1:08.7,クビ,2-2,35.3,65.0,13,514(+4),01071,[西]池江泰寿,948006,前田幸治,,,,,,,,,,,,"(*7,8)(4,10)(5,15)(1,9,17)(3,11)(13,16)18(2,6)12,14",2,2,0.0,False,"(*7,8)(4,10)(1,5,15)(9,17)3(13,11,16)(2,6,18)-12,14",2,2,0.0,False,2,
202207020611,11,第52回高松宮記念(GI),芝,1200,晴,重,15:40,2022-03-27,中京,12,8,18,2018104934,グレナディアガーズ,牡4,57,01014,福永祐一,1:08.8,1/2,14-14,34.3,5.6,3,460(-8),01137,[西]中内田充,226800,サンデーレーシング,,,,,,,,,,,,"(*7,8)(4,10)(5,15)(1,9,17)(3,11)(13,16)18(2,6)12,14",14,1,0.0,False,"(*7,8)(4,10)(1,5,15)(9,17)3(13,11,16)(2,6,18)-12,14",14,3,0.0,False,2,
202207020611,11,第52回高松宮記念(GI),芝,1200,晴,重,15:40,2022-03-27,中京,13,2,4,2015101599,ライトオンキュー,牡7,57,00660,横山典弘,1:08.9,1/2,3-3,35.2,80.5,14,518(+6),01044,[西]昆貢,003060,ゴドルフィン,,,,,,,,,,,,"(*7,8)(4,10)(5,15)(1,9,17)(3,11)(13,16)18(2,6)12,14",3,2,0.0,False,"(*7,8)(4,10)(1,5,15)(9,17)3(13,11,16)(2,6,18)-12,14",3,2,0.0,False,2,
202207020611,11,第52回高松宮記念(GI),芝,1200,晴,重,15:40,2022-03-27,中京,14,7,14,2015103057,ダイアトニック,牡7,57,05203,岩田康誠,1:08.9,クビ,18-18,34.0,18.4,6,474(-4),00438,[西]安田隆行,506800,シルクレーシング,,,,,,,,,,,,"(*7,8)(4,10)(5,15)(1,9,17)(3,11)(13,16)18(2,6)12,14",18,1,1.5,False,"(*7,8)(4,10)(1,5,15)(9,17)3(13,11,16)(2,6,18)-12,14",18,1,5.0,False,2,
202207020611,11,第52回高松宮記念(GI),芝,1200,晴,重,15:40,2022-03-27,中京,15,1,1,2017105327,サリオス,牡5,57,01077,石橋脩,1:08.9,ハナ,7-5,35.0,10.7,4,550(+8),01070,[東]堀宣行,506800,シルクレーシング,,,,,,,,,,,,"(*7,8)(4,10)(5,15)(1,9,17)(3,11)(13,16)18(2,6)12,14",7,3,0.0,False,"(*7,8)(4,10)(1,5,15)(9,17)3(13,11,16)(2,6,18)-12,14",5,3,0.0,False,2,
202207020611,11,第52回高松宮記念(GI),芝,1200,晴,重,15:40,2022-03-27,中京,16,6,11,2016103690,クリノガウディー,牡6,57,01085,松岡正海,1:09.2,1.3/4,10-11,35.0,64.8,12,492(-2),01041,[西]藤沢則雄,970006,栗本博晴,,,,,,,,,,,,"(*7,8)(4,10)(5,15)(1,9,17)(3,11)(13,16)18(2,6)12,14",10,2,0.0,False,"(*7,8)(4,10)(1,5,15)(9,17)3(13,11,16)(2,6,18)-12,14",11,3,0.0,False,2,
202207020611,11,第52回高松宮記念(GI),芝,1200,晴,重,15:40,2022-03-27,中京,17,3,5,2018104029,レイハリア,牝4,55,01176,亀田温心,1:09.3,1/2,5-5,35.4,47.2,10,452(+6),01112,[東]田島俊明,547800,ヒダカ・ブリーダーズ...,,,,,,,,,,,,"(*7,8)(4,10)(5,15)(1,9,17)(3,11)(13,16)18(2,6)12,14",5,2,0.0,False,"(*7,8)(4,10)(1,5,15)(9,17)3(13,11,16)(2,6,18)-12,14",5,3,0.0,False,2,
202207020611,11,第52回高松宮記念(GI),芝,1200,晴,重,15:40,2022-03-27,中京,18,8,16,2014102625,ダイメイフジ,牡8,57,01185,小沢大仁,1:09.4,クビ,12-11,35.1,389.8,18,530(+2),01142,[西]森田直行,177033,宮本昇,,,,,,,,,,,,"(*7,8)(4,10)(5,15)(1,9,17)(3,11)(13,16)18(2,6)12,14",12,2,0.0,False,"(*7,8)(4,10)(1,5,15)(9,17)3(13,11,16)(2,6,18)-12,14",11,3,0.0,False,2,
202207020612,12,四日市特別(2勝),ダ,1400,晴,重,16:25,2022-03-27,中京,1,8,16,2018104959,ラフストリーム,牡4,57,01181,秋山稔樹,1:23.5,,5-5,36.7,4.6,2,542(+18),01147,[東]武井亮,160031,牧埜幸一,"1,547.1",,,,,,,,,,,"(*5,10)-(11,15)16(4,8)(2,13)(3,12)(1,14)(9,6)7",5,1,3.5,False,"5,10(11,15)16(4,8)2(13,12)(1,3)14,6(7,9)",5,1,1.5,False,-15,
202207020612,12,四日市特別(2勝),ダ,1400,晴,重,16:25,2022-03-27,中京,2,3,6,2018104030,ワーズワース,牡4,57,00666,武豊,1:23.9,2.1/2,14-14,36.2,11.1,7,504(-6),01110,[西]清水久詞,045803,カナヤマホールディン...,610.6,,,,,,,,,,,"(*5,10)-(11,15)16(4,8)(2,13)(3,12)(1,14)(9,6)7",14,2,3.5,False,"5,10(11,15)16(4,8)2(13,12)(1,3)14,6(7,9)",14,1,3.0,False,-15,
202207020612,12,四日市特別(2勝),ダ,1400,晴,重,16:25,2022-03-27,中京,3,1,2,2017101791,ウーゴ,牡5,57,01037,太宰啓介,1:24.0,クビ,8-8,36.8,7.2,4,504(+2),01136,[西]高橋亮,788800,ノースヒルズ,385.3,,,,,,,,,,,"(*5,10)-(11,15)16(4,8)(2,13)(3,12)(1,14)(9,6)7",8,2,3.5,False,"5,10(11,15)16(4,8)2(13,12)(1,3)14,6(7,9)",8,1,1.5,False,-15,
202207020612,12,四日市特別(2勝),ダ,1400,晴,重,16:25,2022-03-27,中京,4,1,1,2018104626,マイナーズライト,牡4,57,01025,勝浦正樹,1:24.2,1.1/4,12-11,36.6,50.9,11,468(+2),01012,[東]大江原哲,758005,吉田照哉,230.0,,,,,,,,,,,"(*5,10)-(11,15)16(4,8)(2,13)(3,12)(1,14)(9,6)7",12,2,3.5,False,"5,10(11,15)16(4,8)2(13,12)(1,3)14,6(7,9)",11,2,1.5,False,-15,
202207020612,12,四日市特別(2勝),ダ,1400,晴,重,16:25,2022-03-27,中京,5,4,8,2018110138,サトノムスタング,牡4,57,01174,岩田望来,1:24.2,クビ,6-6,37.3,6.7,3,476(+4),01124,[東]大和田成,658033,里見治紀,151.0,,,,,,,,,,,"(*5,10)-(11,15)16(4,8)(2,13)(3,12)(1,14)(9,6)7",6,2,3.5,False,"5,10(11,15)16(4,8)2(13,12)(1,3)14,6(7,9)",6,2,1.5,False,-15,
202207020612,12,四日市特別(2勝),ダ,1400,晴,重,16:25,2022-03-27,中京,6,6,12,2018106597,キュムロンニンバス,牡4,57,01085,松岡正海,1:24.5,1.3/4,10-9,37.1,28.9,9,492(-10),00437,[東]南田美知,629800,ミルファーム,,,,,,,,,,,,"(*5,10)-(11,15)16(4,8)(2,13)(3,12)(1,14)(9,6)7",10,2,3.5,False,"5,10(11,15)16(4,8)2(13,12)(1,3)14,6(7,9)",9,2,1.5,False,-15,
202207020612,12,四日市特別(2勝),ダ,1400,晴,重,16:25,2022-03-27,中京,7,5,10,2018101929,スカリーワグ,牡4,57,01164,藤田菜七,1:24.5,アタマ,2-2,38.5,8.7,5,528(+12),01055,[西]藤原英昭,547800,ヒダカ・ブリーダーズ...,,,,,,,,,,,,"(*5,10)-(11,15)16(4,8)(2,13)(3,12)(1,14)(9,6)7",2,2,0.0,False,"5,10(11,15)16(4,8)2(13,12)(1,3)14,6(7,9)",2,1,1.5,False,-15,
202207020612,12,四日市特別(2勝),ダ,1400,晴,重,16:25,2022-03-27,中京,8,8,15,2018100997,エコロマンボ,牝4,55,05203,岩田康誠,1:24.7,1.1/4,3-3,38.0,4.3,1,506(-10),01113,[西]牧浦充徳,783033,原村正紀,,,,,,,,,,,,"(*5,10)-(11,15)16(4,8)(2,13)(3,12)(1,14)(9,6)7",3,2,3.5,False,"5,10(11,15)16(4,8)2(13,12)(1,3)14,6(7,9)",3,2,1.5,False,-15,
202207020612,12,四日市特別(2勝),ダ,1400,晴,重,16:25,2022-03-27,中京,9,2,4,2017100275,サンキーウエスト,牝5,55,00726,岩部純二,1:24.7,アタマ,6-6,37.8,43.7,10,444(0),01024,[東]萱野浩二,059803,加藤ステーブル,,,,,,,,,,,,"(*5,10)-(11,15)16(4,8)(2,13)(3,12)(1,14)(9,6)7",6,2,3.5,False,"5,10(11,15)16(4,8)2(13,12)(1,3)14,6(7,9)",6,2,1.5,False,-15,
202207020612,12,四日市特別(2勝),ダ,1400,晴,重,16:25,2022-03-27,中京,10,2,3,2016105718,スズカユース,牝6,55,01161,菊沢一樹,1:24.7,クビ,10-11,37.3,164.5,15,444(-4),01189,[東]堀内岳志,382004,永井啓弍,,,,,,,,,,,,"(*5,10)-(11,15)16(4,8)(2,13)(3,12)(1,14)(9,6)7",10,2,3.5,False,"5,10(11,15)16(4,8)2(13,12)(1,3)14,6(7,9)",11,2,1.5,False,-15,
202207020612,12,四日市特別(2勝),ダ,1400,晴,重,16:25,2022-03-27,中京,11,7,14,2018106473,タイキドミニオン,牡4,57,01176,亀田温心,1:24.8,クビ,12-13,37.2,12.6,8,526(+4),01117,[西]高野友和,536800,大樹ファーム,,,,,,,,,,,,"(*5,10)-(11,15)16(4,8)(2,13)(3,12)(1,14)(9,6)7",12,2,3.5,False,"5,10(11,15)16(4,8)2(13,12)(1,3)14,6(7,9)",13,1,1.5,False,-15,
202207020612,12,四日市特別(2勝),ダ,1400,晴,重,16:25,2022-03-27,中京,12,6,11,2017104135,コーリンバニラ,牝5,55,01185,小沢大仁,1:25.3,3,3-3,38.6,210.4,16,510(+6),01077,[東]加藤和宏,872033,伊藤恵介,,,,,,,,,,,,"(*5,10)-(11,15)16(4,8)(2,13)(3,12)(1,14)(9,6)7",3,2,3.5,False,"5,10(11,15)16(4,8)2(13,12)(1,3)14,6(7,9)",3,2,1.5,False,-15,
202207020612,12,四日市特別(2勝),ダ,1400,晴,重,16:25,2022-03-27,中京,13,7,13,2018103916,アオイカツマ,牡4,57,01160,荻野極,1:25.9,3.1/2,8-9,38.7,9.8,6,478(-6),01079,[東]古賀慎明,443033,新谷幸義,,,,,,,,,,,,"(*5,10)-(11,15)16(4,8)(2,13)(3,12)(1,14)(9,6)7",8,2,3.5,False,"5,10(11,15)16(4,8)2(13,12)(1,3)14,6(7,9)",9,2,1.5,False,-15,
202207020612,12,四日市特別(2勝),ダ,1400,晴,重,16:25,2022-03-27,中京,14,4,7,2016102924,ペプチドオリバー,牡6,57,01186,角田大和,1:26.0,1/2,16-15,38.0,52.9,12,490(-2),00428,[東]石毛善彦,500007,沼川一彦,,,,,,,,,,,,"(*5,10)-(11,15)16(4,8)(2,13)(3,12)(1,14)(9,6)7",16,1,3.5,False,"5,10(11,15)16(4,8)2(13,12)(1,3)14,6(7,9)",15,2,3.0,False,-15,
202207020612,12,四日市特別(2勝),ダ,1400,晴,重,16:25,2022-03-27,中京,15,3,5,2017104889,マカオンブラン,牡5,57,01157,鮫島克駿,1:26.5,3,1-1,40.6,66.1,13,500(+4),01128,[西]今野貞一,147031,關陽彦,,,,,,,,,,,,"(*5,10)-(11,15)16(4,8)(2,13)(3,12)(1,14)(9,6)7",1,2,0.0,True,"5,10(11,15)16(4,8)2(13,12)(1,3)14,6(7,9)",1,1,0.0,False,-15,
202207020612,12,四日市特別(2勝),ダ,1400,晴,重,16:25,2022-03-27,中京,16,5,9,2017100861,サノハニー,牝5,55,01075,田辺裕信,1:26.9,2.1/2,14-15,39.1,94.5,14,470(-18),01010,[東]中野栄治,735033,佐野信幸,,,,,,,,,,,,"(*5,10)-(11,15)16(4,8)(2,13)(3,12)(1,14)(9,6)7",14,2,3.5,False,"5,10(11,15)16(4,8)2(13,12)(1,3)14,6(7,9)",15,2,3.0,False,-15,
