race_id,race_number,race_name,surface,distance_m,weather,going,start_time,race_date,racecourse,finish_pos,waku,umaban,horse_id,horse_name,sex_age,kinryo,jockey_id,jockey_name,time,margin,passing_order,last_3f,odds_final,popularity,weight,trainer_id,trainer_name,owner_id,owner_name,prize,corner1_raw,corner1_rank,corner1_group_size,corner1_gap_len_est,corner1_is_leader,corner2_raw,corner2_rank,corner2_group_size,corner2_gap_len_est,corner2_is_leader,corner3_raw,corner3_rank,corner3_group_size,corner3_gap_len_est,corner3_is_leader,corner4_raw,corner4_rank,corner4_group_size,corner4_gap_len_est,corner4_is_leader,track_index,track_comment
202405010801,1,3歳未勝利,ダ,1400,晴,良,10:05,2024-02-18,東京,1,5,9,2021110005,ローリーグローリー,牝3,55,00666,武豊,1:26.1,,2-2,37.7,2.5,2,460(0),01191,[東]蛯名正義,356803,インゼルレーシング,550.0,,,,,,,,,,,"3-9(10,11,16)15,13(5,7,12)2(8,6,14)1-4",2,1,3.5,False,"3,9(10,11)(15,16)13,7-(2,12)6,14,1(8,4)-5",2,1,1.5,False,-5,
202405010801,1,3歳未勝利,ダ,1400,晴,良,10:05,2024-02-18,東京,2,6,11,2021104762,レッドアレグロ,牡3,57,05339,ルメール,1:26.1,クビ,3-3,37.6,2.2,1,466(-8),01126,[東]木村哲也,180800,東京ホースレーシング,220.0,,,,,,,,,,,"3-9(10,11,16)15,13(5,7,12)2(8,6,14)1-4",3,3,3.5,False,"3,9(10,11)(15,16)13,7-(2,12)6,14,1(8,4)-5",3,2,1.5,False,-5,
202405010801,1,3歳未勝利,ダ,1400,晴,良,10:05,2024-02-18,東京,3,2,3,2021110164,インビンシブルパパ,牡3,55,05627,ムルザバ,1:26.3,1.1/2,1-1,38.2,12.6,4,520(0),01109,[東]伊藤大士,855031,迫田三果子,140.0,,,,,,,,,,,"3-9(10,11,16)15,13(5,7,12)2(8,6,14)1-4",1,1,0.0,False,"3,9(10,11)(15,16)13,7-(2,12)6,14,1(8,4)-5",1,1,0.0,False,-5,
202405010801,1,3歳未勝利,ダ,1400,晴,良,10:05,2024-02-18,東京,4,1,2,2021109094,オモカゲジョー,牡3,57,00689,江田照男,1:27.0,4,11-9,37.5,25.0,6,478(-6),01074,[東]奥平雅士,051800,那須野牧場,83.0,,,,,,,,,,,"3-9(10,11,16)15,13(5,7,12)2(8,6,14)1-4",11,1,5.0,False,"3,9(10,11)(15,16)13,7-(2,12)6,14,1(8,4)-5",9,2,6.5,False,-5,
202405010801,1,3歳未勝利,ダ,1400,晴,良,10:05,2024-02-18,東京,5,8,15,2021101739,フォルスタクラス,牡3,57,01122,三浦皇成,1:27.2,1.1/2,6-5,38.5,87.0,11,466(-6),00423,[東]上原博之,788800,ノースヒルズ,55.0,,,,,,,,,,,"3-9(10,11,16)15,13(5,7,12)2(8,6,14)1-4",6,1,3.5,False,"3,9(10,11)(15,16)13,7-(2,12)6,14,1(8,4)-5",5,2,1.5,False,-5,
202405010801,1,3歳未勝利,ダ,1400,晴,良,10:05,2024-02-18,東京,6,5,10,2021107073,セイウンダキシメテ,牝3,54,01188,永野猛蔵,1:27.5,1.1/2,3-3,38.9,97.9,12,450(0),00417,[東]土田稔,897009,西山茂行,,,,,,,,,,,,"3-9(10,11,16)15,13(5,7,12)2(8,6,14)1-4",3,3,3.5,False,"3,9(10,11)(15,16)13,7-(2,12)6,14,1(8,4)-5",3,2,1.5,False,-5,
202405010801,1,3歳未勝利,ダ,1400,晴,良,10:05,2024-02-18,東京,7,4,8,2021100300,エンセリオ,牝3,55,01179,菅原明良,1:27.7,1.1/2,12-14,37.2,29.4,7,436(+4),01076,[東]小笠倫弘,788800,ノースヒルズ,,,,,,,,,,,,"3-9(10,11,16)15,13(5,7,12)2(8,6,14)1-4",12,3,5.0,False,"3,9(10,11)(15,16)13,7-(2,12)6,14,1(8,4)-5",14,2,9.5,False,-5,
202405010801,1,3歳未勝利,ダ,1400,晴,良,10:05,2024-02-18,東京,8,1,1,2021102784,ノアスペシャル,牝3,55,00422,内田博幸,1:27.9,1,15-13,37.7,37.5,9,438(-4),01179,[東]鈴木慎太,861002,佐山公男,,,,,,,,,,,,"3-9(10,11,16)15,13(5,7,12)2(8,6,14)1-4",15,1,5.0,False,"3,9(10,11)(15,16)13,7-(2,12)6,14,1(8,4)-5",13,1,9.5,False,-5,
202405010801,1,3歳未勝利,ダ,1400,晴,良,10:05,2024-02-18,東京,9,2,4,2021104663,ミスヨシゼン,牝3,55,01140,横山和生,1:28.0,1/2,16-14,37.5,176.4,14,470(+4),01079,[東]古賀慎明,434006,橋本忠雄,,,,,,,,,,,,"3-9(10,11,16)15,13(5,7,12)2(8,6,14)1-4",16,1,8.5,False,"3,9(10,11)(15,16)13,7-(2,12)6,14,1(8,4)-5",14,2,9.5,False,-5,
202405010801,1,3歳未勝利,ダ,1400,晴,良,10:05,2024-02-18,東京,10,4,7,2021102087,タマエスポワール,牡3,57,01150,石川裕紀,1:28.1,1/2,8-8,38.9,9.8,3,508(0),01020,[東]相沢郁,898004,玉井鶴枝,,,,,,,,,,,,"3-9(10,11,16)15,13(5,7,12)2(8,6,14)1-4",8,3,5.0,False,"3,9(10,11)(15,16)13,7-(2,12)6,14,1(8,4)-5",8,1,3.0,False,-5,
202405010801,1,3歳未勝利,ダ,1400,晴,良,10:05,2024-02-18,東京,11,7,13,2021102721,スマートスコープ,牡3,57,05643,キング,1:28.7,3.1/2,7-7,39.6,20.4,5,496(-4),01059,[東]加藤征弘,007803,大川徹,,,,,,,,,,,,"3-9(10,11,16)15,13(5,7,12)2(8,6,14)1-4",7,1,5.0,False,"3,9(10,11)(15,16)13,7-(2,12)6,14,1(8,4)-5",7,1,1.5,False,-5,
202405010801,1,3歳未勝利,ダ,1400,晴,良,10:05,2024-02-18,東京,12,8,16,2021106184,ムメ,牝3,55,01077,石橋脩,1:28.7,ハナ,3-5,39.9,174.8,13,436(0),01192,[東]上原佑紀,497031,村田博司,,,,,,,,,,,,"3-9(10,11,16)15,13(5,7,12)2(8,6,14)1-4",3,3,3.5,False,"3,9(10,11)(15,16)13,7-(2,12)6,14,1(8,4)-5",5,2,1.5,False,-5,
202405010801,1,3歳未勝利,ダ,1400,晴,良,10:05,2024-02-18,東京,13,7,14,2021105076,エンツォ,牡3,57,01075,田辺裕信,1:28.7,クビ,12-12,38.7,36.6,8,450(+2),01165,[東]和田勇介,340031,小山大介,,,,,,,,,,,,"3-9(10,11,16)15,13(5,7,12)2(8,6,14)1-4",12,3,5.0,False,"3,9(10,11)(15,16)13,7-(2,12)6,14,1(8,4)-5",12,1,8.0,False,-5,
202405010801,1,3歳未勝利,ダ,1400,晴,良,10:05,2024-02-18,東京,14,3,6,2021100559,ジャンバラヤ,牡3,57,01126,松山弘平,1:28.9,1.1/2,12-11,39.1,62.8,10,422(+2),01153,[東]中舘英二,078006,畑佐博,,,,,,,,,,,,"3-9(10,11,16)15,13(5,7,12)2(8,6,14)1-4",12,3,5.0,False,"3,9(10,11)(15,16)13,7-(2,12)6,14,1(8,4)-5",11,1,6.5,False,-5,
202405010801,1,3歳未勝利,ダ,1400,晴,良,10:05,2024-02-18,東京,15,6,12,2021107312,イサチルイトムスビ,牝3,55,01153,木幡初也,1:29.8,5,8-9,40.3,476.1,16,472(+12),01152,[東]竹内正洋,162033,小坂功,,,,,,,,,,,,"3-9(10,11,16)15,13(5,7,12)2(8,6,14)1-4",8,3,5.0,False,"3,9(10,11)(15,16)13,7-(2,12)6,14,1(8,4)-5",9,2,6.5,False,-5,
202405010801,1,3歳未勝利,ダ,1400,晴,良,10:05,2024-02-18,東京,16,3,5,2021105364,ナックジュピター,牝3,55,01167,木幡育也,1:31.4,10,8-16,40.6,183.2,15,420(-14),01008,[東]杉浦宏昭,931033,小松欣也,,,,,,,,,,,,"3-9(10,11,16)15,13(5,7,12)2(8,6,14)1-4",8,3,5.0,False,"3,9(10,11)(15,16)13,7-(2,12)6,14,1(8,4)-5",16,1,13.0,False,-5,
202405010802,2,3歳未勝利,ダ,2100,晴,良,10:35,2024-02-18,東京,1,3,6,2021100374,ニシノコルベット,牡3,57,01169,武藤雅,2:14.9,,2-2-2-2,38.6,25.7,6,462(-4),01094,[東]水野貴広,897009,西山茂行,550.0,"1,6(5,16)(11,8)-14(2,15)7(9,10)-(3,13)4-12",2,1,1.5,False,"1,6,5(11,16)8(2,14)15(9,7)-10-3,13,4-12",2,1,1.5,False,"(*1,6)2(5,11,16)-(8,14)9,15(10,7)(3,13)4,12",2,2,0.0,False,"(*1,6)(5,11,2)16(9,8,14)-15,7,4(10,3,13)12",2,2,0.0,False,0,
202405010802,2,3歳未勝利,ダ,2100,晴,良,10:35,2024-02-18,東京,2,8,16,2021104949,クーアフュルスト,牡3,57,05627,ムルザバ,2:14.9,クビ,3-4-4-6,38.2,3.8,3,464(-6),01124,[東]大和田成,026700,ケンレーシング組合,220.0,"1,6(5,16)(11,8)-14(2,15)7(9,10)-(3,13)4-12",3,2,1.5,False,"1,6,5(11,16)8(2,14)15(9,7)-10-3,13,4-12",4,2,3.0,False,"(*1,6)2(5,11,16)-(8,14)9,15(10,7)(3,13)4,12",4,3,0.0,False,"(*1,6)(5,11,2)16(9,8,14)-15,7,4(10,3,13)12",6,1,0.0,False,0,
202405010802,2,3歳未勝利,ダ,2100,晴,良,10:35,2024-02-18,東京,3,6,11,2021105929,デフィニティーボ,牡3,57,01077,石橋脩,2:15.3,2.1/2,5-4-4-3,38.8,3.7,2,488(+4),01192,[東]上原佑紀,373008,中村祐子,140.0,"1,6(5,16)(11,8)-14(2,15)7(9,10)-(3,13)4-12",5,2,1.5,False,"1,6,5(11,16)8(2,14)15(9,7)-10-3,13,4-12",4,2,3.0,False,"(*1,6)2(5,11,16)-(8,14)9,15(10,7)(3,13)4,12",4,3,0.0,False,"(*1,6)(5,11,2)16(9,8,14)-15,7,4(10,3,13)12",3,3,0.0,False,0,
202405010802,2,3歳未勝利,ダ,2100,晴,良,10:35,2024-02-18,東京,4,2,4,2021104974,ヒットアンドロール,牡3,57,01153,木幡初也,2:15.8,3,15-15-15-12,38.0,49.4,9,450(+2),00420,[東]宗像義忠,960006,薗部博之,83.0,"1,6(5,16)(11,8)-14(2,15)7(9,10)-(3,13)4-12",15,1,8.5,False,"1,6,5(11,16)8(2,14)15(9,7)-10-3,13,4-12",15,1,13.0,False,"(*1,6)2(5,11,16)-(8,14)9,15(10,7)(3,13)4,12",15,1,5.0,False,"(*1,6)(5,11,2)16(9,8,14)-15,7,4(10,3,13)12",12,1,6.5,False,0,
202405010802,2,3歳未勝利,ダ,2100,晴,良,10:35,2024-02-18,東京,5,8,15,2021106353,シグムンド,牡3,57,01009,柴田大知,2:15.9,3/4,8-9-10-10,38.5,350.0,15,494(-12),01051,[東]岩戸孝樹,855030,田頭勇貴,55.0,"1,6(5,16)(11,8)-14(2,15)7(9,10)-(3,13)4-12",8,2,5.0,False,"1,6,5(11,16)8(2,14)15(9,7)-10-3,13,4-12",9,1,3.0,False,"(*1,6)2(5,11,16)-(8,14)9,15(10,7)(3,13)4,12",10,1,5.0,False,"(*1,6)(5,11,2)16(9,8,14)-15,7,4(10,3,13)12",10,1,3.5,False,0,
202405010802,2,3歳未勝利,ダ,2100,晴,良,10:35,2024-02-18,東京,6,6,12,2021101881,エルキーオ,牡3,57,01122,三浦皇成,2:16.5,4,16-16-16-16,38.2,119.6,12,486(+4),01116,[東]新開幸一,013803,ディアレストクラブ,,"1,6(5,16)(11,8)-14(2,15)7(9,10)-(3,13)4-12",16,1,12.0,False,"1,6,5(11,16)8(2,14)15(9,7)-10-3,13,4-12",16,1,16.5,False,"(*1,6)2(5,11,16)-(8,14)9,15(10,7)(3,13)4,12",16,1,6.5,False,"(*1,6)(5,11,2)16(9,8,14)-15,7,4(10,3,13)12",16,1,6.5,False,0,
202405010802,2,3歳未勝利,ダ,2100,晴,良,10:35,2024-02-18,東京,7,4,7,2021100635,エクセルグラン,牡3,57,01162,木幡巧也,2:16.5,アタマ,10-10-11-11,38.8,302.2,14,458(+2),01134,[東]高橋文雅,012033,谷川正純,,"1,6(5,16)(11,8)-14(2,15)7(9,10)-(3,13)4-12",10,1,5.0,False,"1,6,5(11,16)8(2,14)15(9,7)-10-3,13,4-12",10,2,3.0,False,"(*1,6)2(5,11,16)-(8,14)9,15(10,7)(3,13)4,12",11,2,5.0,False,"(*1,6)(5,11,2)16(9,8,14)-15,7,4(10,3,13)12",11,1,5.0,False,0,
202405010802,2,3歳未勝利,ダ,2100,晴,良,10:35,2024-02-18,東京,8,3,5,2021105418,クラッチプレイヤー,牡3,57,05339,ルメール,2:16.7,3/4,3-3-4-3,40.3,2.7,1,516(-4),00399,[東]国枝栄,708800,金子真人ホールディン...,,"1,6(5,16)(11,8)-14(2,15)7(9,10)-(3,13)4-12",3,2,1.5,False,"1,6,5(11,16)8(2,14)15(9,7)-10-3,13,4-12",3,1,3.0,False,"(*1,6)2(5,11,16)-(8,14)9,15(10,7)(3,13)4,12",4,3,0.0,False,"(*1,6)(5,11,2)16(9,8,14)-15,7,4(10,3,13)12",3,3,0.0,False,0,
202405010802,2,3歳未勝利,ダ,2100,晴,良,10:35,2024-02-18,東京,9,7,14,2021107009,ハクシュ,牡3,57,01174,岩田望来,2:17.0,2,7-7-7-7,40.1,22.6,5,512(-8),01059,[東]加藤征弘,986033,佐久間拓士,,"1,6(5,16)(11,8)-14(2,15)7(9,10)-(3,13)4-12",7,1,5.0,False,"1,6,5(11,16)8(2,14)15(9,7)-10-3,13,4-12",7,2,3.0,False,"(*1,6)2(5,11,16)-(8,14)9,15(10,7)(3,13)4,12",7,2,3.5,False,"(*1,6)(5,11,2)16(9,8,14)-15,7,4(10,3,13)12",7,3,0.0,False,0,
202405010802,2,3歳未勝利,ダ,2100,晴,良,10:35,2024-02-18,東京,10,2,3,2021101030,ワカミヤノミコト,牡3,56,01188,永野猛蔵,2:17.2,1.1/4,13-13-13-13,39.2,47.1,8,472(-4),01167,[東]稲垣幸雄,253030,芳川貴行,,"1,6(5,16)(11,8)-14(2,15)7(9,10)-(3,13)4-12",13,2,8.5,False,"1,6,5(11,16)8(2,14)15(9,7)-10-3,13,4-12",13,1,10.0,False,"(*1,6)2(5,11,16)-(8,14)9,15(10,7)(3,13)4,12",13,2,5.0,False,"(*1,6)(5,11,2)16(9,8,14)-15,7,4(10,3,13)12",13,3,6.5,False,0,
202405010802,2,3歳未勝利,ダ,2100,晴,良,10:35,2024-02-18,東京,11,1,2,2021102954,ダイタジャスティス,牡3,57,00733,吉田豊,2:17.3,クビ,8-7-3-3,40.9,29.8,7,484(-2),01125,[東]小野次郎,698031,中込哲太郎,,"1,6(5,16)(11,8)-14(2,15)7(9,10)-(3,13)4-12",8,2,5.0,False,"1,6,5(11,16)8(2,14)15(9,7)-10-3,13,4-12",7,2,3.0,False,"(*1,6)2(5,11,16)-(8,14)9,15(10,7)(3,13)4,12",3,1,0.0,False,"(*1,6)(5,11,2)16(9,8,14)-15,7,4(10,3,13)12",3,3,0.0,False,0,
202405010802,2,3歳未勝利,ダ,2100,晴,良,10:35,2024-02-18,東京,12,5,9,2021102901,ハートライト,牝3,55,05386,戸崎圭太,2:17.5,1.1/4,11-10-9-7,40.6,6.6,4,484(0),01162,[東]田中博康,943030,橋元勇氣,,"1,6(5,16)(11,8)-14(2,15)7(9,10)-(3,13)4-12",11,2,5.0,False,"1,6,5(11,16)8(2,14)15(9,7)-10-3,13,4-12",10,2,3.0,False,"(*1,6)2(5,11,16)-(8,14)9,15(10,7)(3,13)4,12",9,1,3.5,False,"(*1,6)(5,11,2)16(9,8,14)-15,7,4(10,3,13)12",7,3,0.0,False,0,
202405010802,2,3歳未勝利,ダ,2100,晴,良,10:35,2024-02-18,東京,13,4,8,2021103301,ミラクルジニア,牡3,54,01205,小林勝太,2:17.5,ハナ,5-6-7-7,40.6,77.0,11,454(-10),01195,[東]嘉藤貴行,547800,ヒダカ・ブリーダーズ...,,"1,6(5,16)(11,8)-14(2,15)7(9,10)-(3,13)4-12",5,2,1.5,False,"1,6,5(11,16)8(2,14)15(9,7)-10-3,13,4-12",6,1,3.0,False,"(*1,6)2(5,11,16)-(8,14)9,15(10,7)(3,13)4,12",7,2,3.5,False,"(*1,6)(5,11,2)16(9,8,14)-15,7,4(10,3,13)12",7,3,0.0,False,0,
202405010802,2,3歳未勝利,ダ,2100,晴,良,10:35,2024-02-18,東京,14,1,1,2021106322,ケーリーバンド,牡3,56,01184,原優介,2:17.9,2.1/2,1-1-1-1,41.7,76.3,10,454(-2),01035,[東]佐藤吉勝,911800,スピードファーム,,"1,6(5,16)(11,8)-14(2,15)7(9,10)-(3,13)4-12",1,1,0.0,False,"1,6,5(11,16)8(2,14)15(9,7)-10-3,13,4-12",1,1,0.0,False,"(*1,6)2(5,11,16)-(8,14)9,15(10,7)(3,13)4,12",1,2,0.0,True,"(*1,6)(5,11,2)16(9,8,14)-15,7,4(10,3,13)12",1,2,0.0,True,0,
202405010802,2,3歳未勝利,ダ,2100,晴,良,10:35,2024-02-18,東京,15,7,13,2021104425,クルシナ,牡3,56,01192,横山琉人,2:18.3,2.1/2,13-14-13-13,40.3,795.8,16,496(-2),01143,[東]和田雄二,490006,門野重雄,,"1,6(5,16)(11,8)-14(2,15)7(9,10)-(3,13)4-12",13,2,8.5,False,"1,6,5(11,16)8(2,14)15(9,7)-10-3,13,4-12",14,1,11.5,False,"(*1,6)2(5,11,16)-(8,14)9,15(10,7)(3,13)4,12",13,2,5.0,False,"(*1,6)(5,11,2)16(9,8,14)-15,7,4(10,3,13)12",13,3,6.5,False,0,
202405010802,2,3歳未勝利,ダ,2100,晴,良,10:35,2024-02-18,東京,16,5,10,2021105043,ビクトリーフォース,牡3,57,01150,石川裕紀,2:20.0,10,11-12-11-13,42.0,154.1,13,480(-2),01163,[東]林徹,148800,グリーンファーム,,"1,6(5,16)(11,8)-14(2,15)7(9,10)-(3,13)4-12",11,2,5.0,False,"1,6,5(11,16)8(2,14)15(9,7)-10-3,13,4-12",12,1,6.5,False,"(*1,6)2(5,11,16)-(8,14)9,15(10,7)(3,13)4,12",11,2,5.0,False,"(*1,6)(5,11,2)16(9,8,14)-15,7,4(10,3,13)12",13,3,6.5,False,0,
202405010803,3,3歳新馬,ダ,1400,晴,良,11:05,2024-02-18,東京,1,4,7,2021100958,ビッグフラワー,牡3,57,05627,ムルザバ,1:28.2,,5-6,37.5,2.7,1,484(0),01059,[東]加藤征弘,922030,丸山担,620.0,,,,,,,,,,,"(*11,16)(3,10)(7,13)(1,9,8)(2,15,12)-(4,14)-5-6",5,2,0.0,False,"(*11,16)(3,10)13(1,7)8(2,9,12)15-(4,14)-5-6",6,2,0.0,False,-5,
202405010803,3,3歳新馬,ダ,1400,晴,良,11:05,2024-02-18,東京,2,2,4,2021101983,デルマルドラ,牡3,57,01140,横山和生,1:28.4,1,13-13,37.0,20.6,7,448(0),01125,[東]小野次郎,274002,浅沼廣幸,250.0,,,,,,,,,,,"(*11,16)(3,10)(7,13)(1,9,8)(2,15,12)-(4,14)-5-6",13,2,3.5,False,"(*11,16)(3,10)13(1,7)8(2,9,12)15-(4,14)-5-6",13,2,3.5,False,-5,
202405010803,3,3歳新馬,ダ,1400,晴,良,11:05,2024-02-18,東京,3,8,16,2021105181,ライネスヘルツ,牝3,55,01126,松山弘平,1:28.5,3/4,2-2,38.3,11.1,5,422(0),00423,[東]上原博之,758005,吉田照哉,160.0,,,,,,,,,,,"(*11,16)(3,10)(7,13)(1,9,8)(2,15,12)-(4,14)-5-6",2,2,0.0,False,"(*11,16)(3,10)13(1,7)8(2,9,12)15-(4,14)-5-6",2,2,0.0,False,-5,
202405010803,3,3歳新馬,ダ,1400,晴,良,11:05,2024-02-18,東京,4,1,1,2021104990,ヘヴィリピーテッド,牡3,57,01179,菅原明良,1:28.6,1/2,7-6,37.9,6.2,3,492(0),01068,[東]小島茂之,922030,丸山担,93.0,,,,,,,,,,,"(*11,16)(3,10)(7,13)(1,9,8)(2,15,12)-(4,14)-5-6",7,3,0.0,False,"(*11,16)(3,10)13(1,7)8(2,9,12)15-(4,14)-5-6",6,2,0.0,False,-5,
202405010803,3,3歳新馬,ダ,1400,晴,良,11:05,2024-02-18,東京,5,6,11,2021101120,サンマルブーケ,牝3,55,01169,武藤雅,1:29.2,3.1/2,1-1,39.1,40.6,11,484(0),01081,[東]中川公成,580007,相馬勇,62.0,,,,,,,,,,,"(*11,16)(3,10)(7,13)(1,9,8)(2,15,12)-(4,14)-5-6",1,2,0.0,True,"(*11,16)(3,10)13(1,7)8(2,9,12)15-(4,14)-5-6",1,2,0.0,True,-5,
202405010803,3,3歳新馬,ダ,1400,晴,良,11:05,2024-02-18,東京,6,2,3,2021102841,エイシンポリシー,牝3,55,01077,石橋脩,1:29.3,クビ,3-3,38.8,32.7,9,468(0),01047,[東]勢司和浩,785800,栄進堂,,,,,,,,,,,,"(*11,16)(3,10)(7,13)(1,9,8)(2,15,12)-(4,14)-5-6",3,2,0.0,False,"(*11,16)(3,10)13(1,7)8(2,9,12)15-(4,14)-5-6",3,2,0.0,False,-5,
202405010803,3,3歳新馬,ダ,1400,晴,良,11:05,2024-02-18,東京,7,8,15,2021103261,ティファニジェンヌ,牝3,55,05643,キング,1:29.3,クビ,10-12,38.2,5.0,2,448(0),01165,[東]和田勇介,805033,吉田智,,,,,,,,,,,,"(*11,16)(3,10)(7,13)(1,9,8)(2,15,12)-(4,14)-5-6",10,3,0.0,False,"(*11,16)(3,10)13(1,7)8(2,9,12)15-(4,14)-5-6",12,1,0.0,False,-5,
202405010803,3,3歳新馬,ダ,1400,晴,良,11:05,2024-02-18,東京,8,4,8,2021106255,アイリュール,牝3,55,01009,柴田大知,1:29.3,アタマ,7-8,38.4,21.1,8,470(0),01119,[東]田中剛,245800,佐藤牧場,,,,,,,,,,,,"(*11,16)(3,10)(7,13)(1,9,8)(2,15,12)-(4,14)-5-6",7,3,0.0,False,"(*11,16)(3,10)13(1,7)8(2,9,12)15-(4,14)-5-6",8,1,0.0,False,-5,
202405010803,3,3歳新馬,ダ,1400,晴,良,11:05,2024-02-18,東京,9,5,10,2021104336,オプションプラン,牡3,57,01153,木幡初也,1:29.8,2.1/2,3-3,39.3,117.4,14,484(0),01077,[東]加藤和宏,851009,岡田牧雄,,,,,,,,,,,,"(*11,16)(3,10)(7,13)(1,9,8)(2,15,12)-(4,14)-5-6",3,2,0.0,False,"(*11,16)(3,10)13(1,7)8(2,9,12)15-(4,14)-5-6",3,2,0.0,False,-5,
202405010803,3,3歳新馬,ダ,1400,晴,良,11:05,2024-02-18,東京,10,6,12,2021106588,ラヴィデクラ,牝3,55,00733,吉田豊,1:29.8,ハナ,10-9,38.8,142.3,15,416(0),01096,[東]粕谷昌央,643031,土井久美子,,,,,,,,,,,,"(*11,16)(3,10)(7,13)(1,9,8)(2,15,12)-(4,14)-5-6",10,3,0.0,False,"(*11,16)(3,10)13(1,7)8(2,9,12)15-(4,14)-5-6",9,3,0.0,False,-5,
202405010803,3,3歳新馬,ダ,1400,晴,良,11:05,2024-02-18,東京,11,3,6,2021102527,キミハレモネード,牝3,55,01029,武士沢友,1:30.2,2.1/2,16-16,38.0,34.5,10,424(0),01005,[東]小桧山悟,032803,ニューマレコード,,,,,,,,,,,,"(*11,16)(3,10)(7,13)(1,9,8)(2,15,12)-(4,14)-5-6",16,1,10.5,False,"(*11,16)(3,10)13(1,7)8(2,9,12)15-(4,14)-5-6",16,1,10.5,False,-5,
202405010803,3,3歳新馬,ダ,1400,晴,良,11:05,2024-02-18,東京,12,7,13,2021107308,キョウエイチアフル,牝3,55,01085,松岡正海,1:30.4,1.1/2,5-5,39.8,14.1,6,440(0),01047,[東]勢司和浩,619002,田中晴夫,,,,,,,,,,,,"(*11,16)(3,10)(7,13)(1,9,8)(2,15,12)-(4,14)-5-6",5,2,0.0,False,"(*11,16)(3,10)13(1,7)8(2,9,12)15-(4,14)-5-6",5,1,0.0,False,-5,
202405010803,3,3歳新馬,ダ,1400,晴,良,11:05,2024-02-18,東京,13,5,9,2021101757,アナベルアンヌリー,牝3,55,01162,木幡巧也,1:30.8,2,7-9,39.8,7.2,4,484(0),01106,[東]牧光二,626031,ＹＭホース,,,,,,,,,,,,"(*11,16)(3,10)(7,13)(1,9,8)(2,15,12)-(4,14)-5-6",7,3,0.0,False,"(*11,16)(3,10)13(1,7)8(2,9,12)15-(4,14)-5-6",9,3,0.0,False,-5,
202405010803,3,3歳新馬,ダ,1400,晴,良,11:05,2024-02-18,東京,14,7,14,2021102255,ロロスピアー,牡3,54,01205,小林勝太,1:31.6,5,13-13,40.1,154.0,16,426(0),01125,[東]小野次郎,997031,ＩＺＵＲＵジャパン,,,,,,,,,,,,"(*11,16)(3,10)(7,13)(1,9,8)(2,15,12)-(4,14)-5-6",13,2,3.5,False,"(*11,16)(3,10)13(1,7)8(2,9,12)15-(4,14)-5-6",13,2,3.5,False,-5,
202405010803,3,3歳新馬,ダ,1400,晴,良,11:05,2024-02-18,東京,15,3,5,2021100353,アストリット,牝3,55,01129,菅原隆一,1:31.8,1,15-15,40.0,48.2,12,476(0),01131,[東]蛯名利弘,775002,上田忠男,,,,,,,,,,,,"(*11,16)(3,10)(7,13)(1,9,8)(2,15,12)-(4,14)-5-6",15,1,7.0,False,"(*11,16)(3,10)13(1,7)8(2,9,12)15-(4,14)-5-6",15,1,7.0,False,-5,
202405010803,3,3歳新馬,ダ,1400,晴,良,11:05,2024-02-18,東京,16,1,2,2021103650,プッティー,牝3,55,01117,丸田恭介,1:32.0,1,10-9,41.0,98.5,13,458(0),01056,[東]本間忍,464030,田畑利彦,,,,,,,,,,,,"(*11,16)(3,10)(7,13)(1,9,8)(2,15,12)-(4,14)-5-6",10,3,0.0,False,"(*11,16)(3,10)13(1,7)8(2,9,12)15-(4,14)-5-6",9,3,0.0,False,-5,
202405010804,4,3歳未勝利,芝,1800,晴,良,11:35,2024-02-18,東京,1,3,5,2021105670,ベストミーエヴァー,牝3,55,05339,ルメール,1:48.4,,3-4-4,33.7,2.7,1,490(+14),00399,[東]国枝栄,506800,シルクレーシング,550.0,,,,,,"6,1(5,13)4(3,9,7,16)(10,12)11,15(2,8)-14",3,2,1.5,False,"6,1,13(4,5)(3,9,7)10(11,12)(15,16)(2,8)-14",4,2,3.0,False,"(*6,1)13(4,5)(3,9,7)(12,10)(11,16)15(2,8)-14",4,2,0.0,False,-16,開催8日目でDコース8日目。土曜と同じ時計水準の馬場。末脚が問われやすく、インもまだまだ使えるコンディション。
202405010804,4,3歳未勝利,芝,1800,晴,良,11:35,2024-02-18,東京,2,1,1,2021106766,マイネルオーシャン,牡3,57,01122,三浦皇成,1:48.4,クビ,2-2-2,33.9,3.2,3,468(+2),01097,[東]鹿戸雄一,546800,サラブレッドクラブ・...,220.0,,,,,,"6,1(5,13)4(3,9,7,16)(10,12)11,15(2,8)-14",2,1,1.5,False,"6,1,13(4,5)(3,9,7)10(11,12)(15,16)(2,8)-14",2,1,1.5,False,"(*6,1)13(4,5)(3,9,7)(12,10)(11,16)15(2,8)-14",2,2,0.0,False,-16,開催8日目でDコース8日目。土曜と同じ時計水準の馬場。末脚が問われやすく、インもまだまだ使えるコンディション。
202405010804,4,3歳未勝利,芝,1800,晴,良,11:35,2024-02-18,東京,3,8,16,2021104887,デュアルウィルダー,牡3,57,05643,キング,1:48.7,1.3/4,6-12-11,33.4,14.6,4,522(0),01070,[東]堀宣行,415800,社台レースホース,140.0,,,,,,"6,1(5,13)4(3,9,7,16)(10,12)11,15(2,8)-14",6,4,1.5,False,"6,1,13(4,5)(3,9,7)10(11,12)(15,16)(2,8)-14",12,2,3.0,False,"(*6,1)13(4,5)(3,9,7)(12,10)(11,16)15(2,8)-14",11,2,0.0,False,-16,開催8日目でDコース8日目。土曜と同じ時計水準の馬場。末脚が問われやすく、インもまだまだ使えるコンディション。
202405010804,4,3歳未勝利,芝,1800,晴,良,11:35,2024-02-18,東京,4,5,9,2021104899,ドリームクルーズ,牝3,55,05661,ピーヒュ,1:48.9,1.1/4,6-6-6,33.9,46.4,8,496(-4),01054,[東]戸田博文,026803,ＤＭＭドリームクラブ,83.0,,,,,,"6,1(5,13)4(3,9,7,16)(10,12)11,15(2,8)-14",6,4,1.5,False,"6,1,13(4,5)(3,9,7)10(11,12)(15,16)(2,8)-14",6,3,3.0,False,"(*6,1)13(4,5)(3,9,7)(12,10)(11,16)15(2,8)-14",6,3,0.0,False,-16,開催8日目でDコース8日目。土曜と同じ時計水準の馬場。末脚が問われやすく、インもまだまだ使えるコンディション。
202405010804,4,3歳未勝利,芝,1800,晴,良,11:35,2024-02-18,東京,5,6,12,2021103537,トゥルーサクセサー,牡3,57,01179,菅原明良,1:49.0,1/2,10-10-9,33.8,2.8,2,468(+12),01088,[東]高木登,851009,岡田牧雄,55.0,,,,,,"6,1(5,13)4(3,9,7,16)(10,12)11,15(2,8)-14",10,2,1.5,False,"6,1,13(4,5)(3,9,7)10(11,12)(15,16)(2,8)-14",10,2,3.0,False,"(*6,1)13(4,5)(3,9,7)(12,10)(11,16)15(2,8)-14",9,2,0.0,False,-16,開催8日目でDコース8日目。土曜と同じ時計水準の馬場。末脚が問われやすく、インもまだまだ使えるコンディション。
202405010804,4,3歳未勝利,芝,1800,晴,良,11:35,2024-02-18,東京,6,4,7,2021105151,ダノンタイムリー,牡3,57,00660,横山典弘,1:49.1,3/4,6-6-6,34.2,18.2,5,460(-10),01103,[東]尾関知人,619800,ダノックス,,,,,,,"6,1(5,13)4(3,9,7,16)(10,12)11,15(2,8)-14",6,4,1.5,False,"6,1,13(4,5)(3,9,7)10(11,12)(15,16)(2,8)-14",6,3,3.0,False,"(*6,1)13(4,5)(3,9,7)(12,10)(11,16)15(2,8)-14",6,3,0.0,False,-16,開催8日目でDコース8日目。土曜と同じ時計水準の馬場。末脚が問われやすく、インもまだまだ使えるコンディション。
202405010804,4,3歳未勝利,芝,1800,晴,良,11:35,2024-02-18,東京,7,2,3,2021106792,コスモカノア,牝3,55,05386,戸崎圭太,1:49.1,アタマ,6-6-6,34.1,74.4,9,374(-2),01124,[東]大和田成,716800,ビッグレッドファーム,,,,,,,"6,1(5,13)4(3,9,7,16)(10,12)11,15(2,8)-14",6,4,1.5,False,"6,1,13(4,5)(3,9,7)10(11,12)(15,16)(2,8)-14",6,3,3.0,False,"(*6,1)13(4,5)(3,9,7)(12,10)(11,16)15(2,8)-14",6,3,0.0,False,-16,開催8日目でDコース8日目。土曜と同じ時計水準の馬場。末脚が問われやすく、インもまだまだ使えるコンディション。
202405010804,4,3歳未勝利,芝,1800,晴,良,11:35,2024-02-18,東京,8,6,11,2021101669,ロデオクイーン,牝3,54,01188,永野猛蔵,1:49.3,1.1/4,12-10-11,34.0,440.2,14,380(-10),01118,[東]高柳瑞樹,003060,ゴドルフィン,,,,,,,"6,1(5,13)4(3,9,7,16)(10,12)11,15(2,8)-14",12,1,1.5,False,"6,1,13(4,5)(3,9,7)10(11,12)(15,16)(2,8)-14",10,2,3.0,False,"(*6,1)13(4,5)(3,9,7)(12,10)(11,16)15(2,8)-14",11,2,0.0,False,-16,開催8日目でDコース8日目。土曜と同じ時計水準の馬場。末脚が問われやすく、インもまだまだ使えるコンディション。
202405010804,4,3歳未勝利,芝,1800,晴,良,11:35,2024-02-18,東京,9,7,13,2021103504,スノーディーヴァ,牝3,55,01126,松山弘平,1:49.4,3/4,3-3-3,34.8,136.7,10,452(0),01174,[東]深山雅史,854800,ノルマンディーサラブ...,,,,,,,"6,1(5,13)4(3,9,7,16)(10,12)11,15(2,8)-14",3,2,1.5,False,"6,1,13(4,5)(3,9,7)10(11,12)(15,16)(2,8)-14",3,1,3.0,False,"(*6,1)13(4,5)(3,9,7)(12,10)(11,16)15(2,8)-14",3,1,0.0,False,-16,開催8日目でDコース8日目。土曜と同じ時計水準の馬場。末脚が問われやすく、インもまだまだ使えるコンディション。
202405010804,4,3歳未勝利,芝,1800,晴,良,11:35,2024-02-18,東京,10,8,15,2021101950,フォレストゲート,牡3,57,01029,武士沢友,1:49.5,1/2,13-12-13,34.1,166.2,11,476(-2),01171,[東]小手川準,069700,チームユッキレーシン...,,,,,,,"6,1(5,13)4(3,9,7,16)(10,12)11,15(2,8)-14",13,1,3.0,False,"6,1,13(4,5)(3,9,7)10(11,12)(15,16)(2,8)-14",12,2,3.0,False,"(*6,1)13(4,5)(3,9,7)(12,10)(11,16)15(2,8)-14",13,1,0.0,False,-16,開催8日目でDコース8日目。土曜と同じ時計水準の馬場。末脚が問われやすく、インもまだまだ使えるコンディション。
202405010804,4,3歳未勝利,芝,1800,晴,良,11:35,2024-02-18,東京,11,2,4,2021103295,アショカ,牡3,57,01174,岩田望来,1:49.6,クビ,5-4-4,34.8,41.4,6,476(0),01067,[東]久保田貴,909006,草間庸文,,,,,,,"6,1(5,13)4(3,9,7,16)(10,12)11,15(2,8)-14",5,1,1.5,False,"6,1,13(4,5)(3,9,7)10(11,12)(15,16)(2,8)-14",4,2,3.0,False,"(*6,1)13(4,5)(3,9,7)(12,10)(11,16)15(2,8)-14",4,2,0.0,False,-16,開催8日目でDコース8日目。土曜と同じ時計水準の馬場。末脚が問われやすく、インもまだまだ使えるコンディション。
202405010804,4,3歳未勝利,芝,1800,晴,良,11:35,2024-02-18,東京,12,1,2,2021101395,ワオン,牡3,57,01169,武藤雅,1:49.8,1.1/4,14-14-14,34.1,42.8,7,470(-2),01064,[東]武藤善則,021007,下河辺美智子,,,,,,,"6,1(5,13)4(3,9,7,16)(10,12)11,15(2,8)-14",14,2,3.0,False,"6,1,13(4,5)(3,9,7)10(11,12)(15,16)(2,8)-14",14,2,3.0,False,"(*6,1)13(4,5)(3,9,7)(12,10)(11,16)15(2,8)-14",14,2,0.0,False,-16,開催8日目でDコース8日目。土曜と同じ時計水準の馬場。末脚が問われやすく、インもまだまだ使えるコンディション。
202405010804,4,3歳未勝利,芝,1800,晴,良,11:35,2024-02-18,東京,13,3,6,2021105937,プレシャスシル,牝3,52,01205,小林勝太,1:50.1,2,1-1-1,35.7,650.8,16,422(+4),01052,[東]菊川正達,669031,橋本善太,,,,,,,"6,1(5,13)4(3,9,7,16)(10,12)11,15(2,8)-14",1,1,0.0,False,"6,1,13(4,5)(3,9,7)10(11,12)(15,16)(2,8)-14",1,1,0.0,False,"(*6,1)13(4,5)(3,9,7)(12,10)(11,16)15(2,8)-14",1,2,0.0,True,-16,開催8日目でDコース8日目。土曜と同じ時計水準の馬場。末脚が問われやすく、インもまだまだ使えるコンディション。
202405010804,4,3歳未勝利,芝,1800,晴,良,11:35,2024-02-18,東京,14,4,8,2021109072,ベルウッドリアン,牡3,57,00733,吉田豊,1:50.1,クビ,14-14-14,34.5,235.8,12,504(-2),01134,[東]高橋文雅,137030,鈴木照雄,,,,,,,"6,1(5,13)4(3,9,7,16)(10,12)11,15(2,8)-14",14,2,3.0,False,"6,1,13(4,5)(3,9,7)10(11,12)(15,16)(2,8)-14",14,2,3.0,False,"(*6,1)13(4,5)(3,9,7)(12,10)(11,16)15(2,8)-14",14,2,0.0,False,-16,開催8日目でDコース8日目。土曜と同じ時計水準の馬場。末脚が問われやすく、インもまだまだ使えるコンディション。
202405010804,4,3歳未勝利,芝,1800,晴,良,11:35,2024-02-18,東京,15,7,14,2021104149,サンタルチア,牝3,55,01140,横山和生,1:50.3,1.1/4,16-16-16,34.3,311.0,13,388(-6),01125,[東]小野次郎,078006,畑佐博,,,,,,,"6,1(5,13)4(3,9,7,16)(10,12)11,15(2,8)-14",16,1,6.5,False,"6,1,13(4,5)(3,9,7)10(11,12)(15,16)(2,8)-14",16,1,6.5,False,"(*6,1)13(4,5)(3,9,7)(12,10)(11,16)15(2,8)-14",16,1,3.5,False,-16,開催8日目でDコース8日目。土曜と同じ時計水準の馬場。末脚が問われやすく、インもまだまだ使えるコンディション。
202405010804,4,3歳未勝利,芝,1800,晴,良,11:35,2024-02-18,東京,16,5,10,2021100501,ディーファンクス,牡3,57,00689,江田照男,1:50.4,クビ,10-9-9,35.3,468.3,15,474(+4),01035,[東]佐藤吉勝,849033,松谷翔太,,,,,,,"6,1(5,13)4(3,9,7,16)(10,12)11,15(2,8)-14",10,2,1.5,False,"6,1,13(4,5)(3,9,7)10(11,12)(15,16)(2,8)-14",9,1,3.0,False,"(*6,1)13(4,5)(3,9,7)(12,10)(11,16)15(2,8)-14",9,2,0.0,False,-16,開催8日目でDコース8日目。土曜と同じ時計水準の馬場。末脚が問われやすく、インもまだまだ使えるコンディション。
202405010805,5,3歳1勝クラス,芝,1600,晴,良,12:25,2024-02-18,東京,1,7,10,2021106069,ポッドテオ,牡3,57,05643,キング,1:35.7,,6-4,33.7,4.0,3,470(+2),01048,[東]畠山吉宏,042033,小川眞査雄,780.0,,,,,,,,,,,"6,8(3,7,9)(5,10,11)12,1,4,2",6,3,1.5,False,"6(8,9)(3,7,10,11)(5,12)4(1,2)",4,4,0.0,False,-16,開催8日目でDコース8日目。土曜と同じ時計水準の馬場。末脚が問われやすく、インもまだまだ使えるコンディション。
202405010805,5,3歳1勝クラス,芝,1600,晴,良,12:25,2024-02-18,東京,2,6,7,2021105871,ソニックライン,牡3,57,05339,ルメール,1:35.8,クビ,3-4,33.9,3.6,2,504(+8),01126,[東]木村哲也,226800,サンデーレーシング,310.0,,,,,,,,,,,"6,8(3,7,9)(5,10,11)12,1,4,2",3,3,1.5,False,"6(8,9)(3,7,10,11)(5,12)4(1,2)",4,4,0.0,False,-16,開催8日目でDコース8日目。土曜と同じ時計水準の馬場。末脚が問われやすく、インもまだまだ使えるコンディション。
202405010805,5,3歳1勝クラス,芝,1600,晴,良,12:25,2024-02-18,東京,3,4,4,2021103303,ドリーミングアップ,牡3,57,00733,吉田豊,1:36.0,1.1/4,11-10,33.6,49.2,10,460(+6),01134,[東]高橋文雅,768005,古賀和夫,200.0,,,,,,,,,,,"6,8(3,7,9)(5,10,11)12,1,4,2",11,1,4.5,False,"6(8,9)(3,7,10,11)(5,12)4(1,2)",10,1,0.0,False,-16,開催8日目でDコース8日目。土曜と同じ時計水準の馬場。末脚が問われやすく、インもまだまだ使えるコンディション。
202405010805,5,3歳1勝クラス,芝,1600,晴,良,12:25,2024-02-18,東京,4,5,5,2021106369,チャンネルトンネル,牡3,57,01085,松岡正海,1:36.0,ハナ,6-8,33.8,3.2,1,480(-4),01189,[東]堀内岳志,208008,窪田芳郎,120.0,,,,,,,,,,,"6,8(3,7,9)(5,10,11)12,1,4,2",6,3,1.5,False,"6(8,9)(3,7,10,11)(5,12)4(1,2)",8,2,0.0,False,-16,開催8日目でDコース8日目。土曜と同じ時計水準の馬場。末脚が問われやすく、インもまだまだ使えるコンディション。
202405010805,5,3歳1勝クラス,芝,1600,晴,良,12:25,2024-02-18,東京,5,3,3,2021105578,ショウナンラピダス,牡3,57,05386,戸崎圭太,1:36.1,1/2,3-4,34.2,5.9,4,484(-2),00399,[東]国枝栄,331002,国本哲秀,78.0,,,,,,,,,,,"6,8(3,7,9)(5,10,11)12,1,4,2",3,3,1.5,False,"6(8,9)(3,7,10,11)(5,12)4(1,2)",4,4,0.0,False,-16,開催8日目でDコース8日目。土曜と同じ時計水準の馬場。末脚が問われやすく、インもまだまだ使えるコンディション。
202405010805,5,3歳1勝クラス,芝,1600,晴,良,12:25,2024-02-18,東京,6,8,11,2021102106,ツルマウカタチ,牡3,57,01150,石川裕紀,1:36.2,3/4,6-4,34.3,22.6,6,472(-12),01038,[東]手塚貴久,265006,星野壽市,,,,,,,,,,,,"6,8(3,7,9)(5,10,11)12,1,4,2",6,3,1.5,False,"6(8,9)(3,7,10,11)(5,12)4(1,2)",4,4,0.0,False,-16,開催8日目でDコース8日目。土曜と同じ時計水準の馬場。末脚が問われやすく、インもまだまだ使えるコンディション。
202405010805,5,3歳1勝クラス,芝,1600,晴,良,12:25,2024-02-18,東京,7,6,8,2021106102,エコロライジン,牡3,57,01179,菅原明良,1:36.2,クビ,2-2,34.4,10.5,5,456(-8),01108,[東]矢野英一,783033,原村正紀,,,,,,,,,,,,"6,8(3,7,9)(5,10,11)12,1,4,2",2,1,1.5,False,"6(8,9)(3,7,10,11)(5,12)4(1,2)",2,2,0.0,False,-16,開催8日目でDコース8日目。土曜と同じ時計水準の馬場。末脚が問われやすく、インもまだまだ使えるコンディション。
202405010805,5,3歳1勝クラス,芝,1600,晴,良,12:25,2024-02-18,東京,8,8,12,2021104554,リメリック,牡3,57,05627,ムルザバ,1:36.4,1,9-8,34.2,33.5,8,464(-6),00420,[東]宗像義忠,716800,ビッグレッドファーム,,,,,,,,,,,,"6,8(3,7,9)(5,10,11)12,1,4,2",9,1,1.5,False,"6(8,9)(3,7,10,11)(5,12)4(1,2)",8,2,0.0,False,-16,開催8日目でDコース8日目。土曜と同じ時計水準の馬場。末脚が問われやすく、インもまだまだ使えるコンディション。
202405010805,5,3歳1勝クラス,芝,1600,晴,良,12:25,2024-02-18,東京,9,2,2,2021100152,ベストオブユー,牡3,57,01075,田辺裕信,1:36.4,アタマ,12-11,33.9,45.9,9,426(+16),01067,[東]久保田貴,373008,中村祐子,,,,,,,,,,,,"6,8(3,7,9)(5,10,11)12,1,4,2",12,1,6.0,False,"6(8,9)(3,7,10,11)(5,12)4(1,2)",11,2,0.0,False,-16,開催8日目でDコース8日目。土曜と同じ時計水準の馬場。末脚が問われやすく、インもまだまだ使えるコンディション。
202405010805,5,3歳1勝クラス,芝,1600,晴,良,12:25,2024-02-18,東京,10,7,9,2021104326,ユキノロイヤル,牡3,57,01077,石橋脩,1:36.5,1/2,3-2,34.7,28.3,7,444(0),01125,[東]小野次郎,623005,井上基之,,,,,,,,,,,,"6,8(3,7,9)(5,10,11)12,1,4,2",3,3,1.5,False,"6(8,9)(3,7,10,11)(5,12)4(1,2)",2,2,0.0,False,-16,開催8日目でDコース8日目。土曜と同じ時計水準の馬場。末脚が問われやすく、インもまだまだ使えるコンディション。
202405010805,5,3歳1勝クラス,芝,1600,晴,良,12:25,2024-02-18,東京,11,1,1,2021103326,ミューシグ,牝3,55,00422,内田博幸,1:37.2,4,10-11,34.6,279.8,12,466(-6),00437,[東]南田美知,629800,ミルファーム,,,,,,,,,,,,"6,8(3,7,9)(5,10,11)12,1,4,2",10,1,3.0,False,"6(8,9)(3,7,10,11)(5,12)4(1,2)",11,2,0.0,False,-16,開催8日目でDコース8日目。土曜と同じ時計水準の馬場。末脚が問われやすく、インもまだまだ使えるコンディション。
202405010805,5,3歳1勝クラス,芝,1600,晴,良,12:25,2024-02-18,東京,12,5,6,2021104724,トーセンクライネ,牝3,55,01140,横山和生,1:37.5,1.3/4,1-1,35.8,163.4,11,448(-2),01027,[東]田村康仁,270006,島川隆哉,,,,,,,,,,,,"6,8(3,7,9)(5,10,11)12,1,4,2",1,1,0.0,False,"6(8,9)(3,7,10,11)(5,12)4(1,2)",1,1,0.0,False,-16,開催8日目でDコース8日目。土曜と同じ時計水準の馬場。末脚が問われやすく、インもまだまだ使えるコンディション。
202405010806,6,4歳以上1勝クラス,芝,1800,晴,良,12:55,2024-02-18,東京,1,4,7,2020101199,ロードプレイヤー,牡4,57,01075,田辺裕信,1:46.2,,11-13-12,34.3,7.8,4,452(-4),01141,[東]尾形和幸,170800,ロードホースクラブ,800.0,,,,,,"(2,*8)(12,15)10(1,5,14)(3,6)(7,16)(4,11)9,13",11,2,0.0,False,"15(8,14)(2,12)10(1,6)5(4,16)3,7(9,11)-13",13,1,1.5,False,"15(8,14)(2,12)(1,10)(4,6)(5,16)(3,7)(9,11)13",12,2,0.0,False,-16,開催8日目でDコース8日目。土曜と同じ時計水準の馬場。末脚が問われやすく、インもまだまだ使えるコンディション。
202405010806,6,4歳以上1勝クラス,芝,1800,晴,良,12:55,2024-02-18,東京,2,1,1,2020102861,ラテラルシンキング,牡4,56,01184,原優介,1:46.3,クビ,6-7-6,35.0,19.2,7,432(+6),01133,[東]黒岩陽一,415800,社台レースホース,320.0,,,,,,"(2,*8)(12,15)10(1,5,14)(3,6)(7,16)(4,11)9,13",6,3,0.0,False,"15(8,14)(2,12)10(1,6)5(4,16)3,7(9,11)-13",7,2,0.0,False,"15(8,14)(2,12)(1,10)(4,6)(5,16)(3,7)(9,11)13",6,2,0.0,False,-16,開催8日目でDコース8日目。土曜と同じ時計水準の馬場。末脚が問われやすく、インもまだまだ使えるコンディション。
202405010806,6,4歳以上1勝クラス,芝,1800,晴,良,12:55,2024-02-18,東京,3,8,15,2020103653,ガールズレジェンド,牝4,55,01126,松山弘平,1:46.4,1,3-1-1,35.7,60.2,9,462(+12),01132,[東]金成貴史,086803,レッドマジック,200.0,,,,,,"(2,*8)(12,15)10(1,5,14)(3,6)(7,16)(4,11)9,13",3,2,0.0,False,"15(8,14)(2,12)10(1,6)5(4,16)3,7(9,11)-13",1,1,0.0,False,"15(8,14)(2,12)(1,10)(4,6)(5,16)(3,7)(9,11)13",1,1,0.0,False,-16,開催8日目でDコース8日目。土曜と同じ時計水準の馬場。末脚が問われやすく、インもまだまだ使えるコンディション。
202405010806,6,4歳以上1勝クラス,芝,1800,晴,良,12:55,2024-02-18,東京,4,2,4,2020103947,ホウオウムサシ,牡4,57,05627,ムルザバ,1:46.5,1/2,13-10-8,35.0,1.8,1,450(-2),01191,[東]蛯名正義,906033,小笹芳央,120.0,,,,,,"(2,*8)(12,15)10(1,5,14)(3,6)(7,16)(4,11)9,13",13,2,0.0,False,"15(8,14)(2,12)10(1,6)5(4,16)3,7(9,11)-13",10,2,0.0,False,"15(8,14)(2,12)(1,10)(4,6)(5,16)(3,7)(9,11)13",8,2,0.0,False,-16,開催8日目でDコース8日目。土曜と同じ時計水準の馬場。末脚が問われやすく、インもまだまだ使えるコンディション。
202405010806,6,4歳以上1勝クラス,芝,1800,晴,良,12:55,2024-02-18,東京,5,7,13,2020103727,ゴールドシーン,セ4,57,05386,戸崎圭太,1:46.6,クビ,16-16-16,34.2,13.2,5,464(+4),01163,[東]林徹,486800,キャロットファーム,80.0,,,,,,"(2,*8)(12,15)10(1,5,14)(3,6)(7,16)(4,11)9,13",16,1,1.5,False,"15(8,14)(2,12)10(1,6)5(4,16)3,7(9,11)-13",16,1,5.0,False,"15(8,14)(2,12)(1,10)(4,6)(5,16)(3,7)(9,11)13",16,1,0.0,False,-16,開催8日目でDコース8日目。土曜と同じ時計水準の馬場。末脚が問われやすく、インもまだまだ使えるコンディション。
202405010806,6,4歳以上1勝クラス,芝,1800,晴,良,12:55,2024-02-18,東京,6,3,6,2020102862,レシプロシティ,牝4,55,01174,岩田望来,1:46.6,クビ,9-7-8,35.1,14.4,6,454(0),01027,[東]田村康仁,415800,社台レースホース,,,,,,,"(2,*8)(12,15)10(1,5,14)(3,6)(7,16)(4,11)9,13",9,2,0.0,False,"15(8,14)(2,12)10(1,6)5(4,16)3,7(9,11)-13",7,2,0.0,False,"15(8,14)(2,12)(1,10)(4,6)(5,16)(3,7)(9,11)13",8,2,0.0,False,-16,開催8日目でDコース8日目。土曜と同じ時計水準の馬場。末脚が問われやすく、インもまだまだ使えるコンディション。
202405010806,6,4歳以上1勝クラス,芝,1800,晴,良,12:55,2024-02-18,東京,7,8,16,2020103416,テンペスト,牝4,55,05339,ルメール,1:46.9,2,11-10-10,35.2,5.3,2,438(-12),00399,[東]国枝栄,486800,キャロットファーム,,,,,,,"(2,*8)(12,15)10(1,5,14)(3,6)(7,16)(4,11)9,13",11,2,0.0,False,"15(8,14)(2,12)10(1,6)5(4,16)3,7(9,11)-13",10,2,0.0,False,"15(8,14)(2,12)(1,10)(4,6)(5,16)(3,7)(9,11)13",10,2,0.0,False,-16,開催8日目でDコース8日目。土曜と同じ時計水準の馬場。末脚が問われやすく、インもまだまだ使えるコンディション。
202405010806,6,4歳以上1勝クラス,芝,1800,晴,良,12:55,2024-02-18,東京,8,6,11,2020106986,エンライトメント,牡4,57,00422,内田博幸,1:47.0,1/2,13-14-14,34.8,389.4,15,496(+12),01086,[東]斎藤誠,629800,ミルファーム,,,,,,,"(2,*8)(12,15)10(1,5,14)(3,6)(7,16)(4,11)9,13",13,2,0.0,False,"15(8,14)(2,12)10(1,6)5(4,16)3,7(9,11)-13",14,2,1.5,False,"15(8,14)(2,12)(1,10)(4,6)(5,16)(3,7)(9,11)13",14,2,0.0,False,-16,開催8日目でDコース8日目。土曜と同じ時計水準の馬場。末脚が問われやすく、インもまだまだ使えるコンディション。
202405010806,6,4歳以上1勝クラス,芝,1800,晴,良,12:55,2024-02-18,東京,9,5,10,2019105807,ルークスヘリオス,牡5,58,01162,木幡巧也,1:47.3,1.3/4,5-6-6,36.0,336.1,14,504(+28),01081,[東]中川公成,851009,岡田牧雄,,,,,,,"(2,*8)(12,15)10(1,5,14)(3,6)(7,16)(4,11)9,13",5,1,0.0,False,"15(8,14)(2,12)10(1,6)5(4,16)3,7(9,11)-13",6,1,0.0,False,"15(8,14)(2,12)(1,10)(4,6)(5,16)(3,7)(9,11)13",6,2,0.0,False,-16,開催8日目でDコース8日目。土曜と同じ時計水準の馬場。末脚が問われやすく、インもまだまだ使えるコンディション。
202405010806,6,4歳以上1勝クラス,芝,1800,晴,良,12:55,2024-02-18,東京,10,5,9,2019105497,アルゲンテウス,セ5,58,01179,菅原明良,1:47.4,1/2,15-14-14,35.2,84.6,10,470(-16),01068,[東]小島茂之,506800,シルクレーシング,,,,,,,"(2,*8)(12,15)10(1,5,14)(3,6)(7,16)(4,11)9,13",15,1,0.0,False,"15(8,14)(2,12)10(1,6)5(4,16)3,7(9,11)-13",14,2,1.5,False,"15(8,14)(2,12)(1,10)(4,6)(5,16)(3,7)(9,11)13",14,2,0.0,False,-16,開催8日目でDコース8日目。土曜と同じ時計水準の馬場。末脚が問われやすく、インもまだまだ使えるコンディション。
202405010806,6,4歳以上1勝クラス,芝,1800,晴,良,12:55,2024-02-18,東京,11,2,3,2019105794,ホワイトターフ,牝5,55,01188,永野猛蔵,1:47.4,ハナ,9-12-12,35.5,225.9,13,464(+8),01080,[東]清水英克,854800,ノルマンディーサラブ...,,,,,,,"(2,*8)(12,15)10(1,5,14)(3,6)(7,16)(4,11)9,13",9,2,0.0,False,"15(8,14)(2,12)10(1,6)5(4,16)3,7(9,11)-13",12,1,0.0,False,"15(8,14)(2,12)(1,10)(4,6)(5,16)(3,7)(9,11)13",12,2,0.0,False,-16,開催8日目でDコース8日目。土曜と同じ時計水準の馬場。末脚が問われやすく、インもまだまだ使えるコンディション。
202405010806,6,4歳以上1勝クラス,芝,1800,晴,良,12:55,2024-02-18,東京,12,3,5,2019105420,シウン,牝5,53,01205,小林勝太,1:47.4,アタマ,6-9-10,35.7,224.2,12,482(0),01108,[東]矢野英一,098803,Ｇリビエール・レーシ...,,,,,,,"(2,*8)(12,15)10(1,5,14)(3,6)(7,16)(4,11)9,13",6,3,0.0,False,"15(8,14)(2,12)10(1,6)5(4,16)3,7(9,11)-13",9,1,0.0,False,"15(8,14)(2,12)(1,10)(4,6)(5,16)(3,7)(9,11)13",10,2,0.0,False,-16,開催8日目でDコース8日目。土曜と同じ時計水準の馬場。末脚が問われやすく、インもまだまだ使えるコンディション。
202405010806,6,4歳以上1勝クラス,芝,1800,晴,良,12:55,2024-02-18,東京,13,6,12,2020103917,デオヴォレンティ,牝4,55,01009,柴田大知,1:47.5,1/2,3-4-4,36.4,163.2,11,450(+12),01131,[東]蛯名利弘,851009,岡田牧雄,,,,,,,"(2,*8)(12,15)10(1,5,14)(3,6)(7,16)(4,11)9,13",3,2,0.0,False,"15(8,14)(2,12)10(1,6)5(4,16)3,7(9,11)-13",4,2,0.0,False,"15(8,14)(2,12)(1,10)(4,6)(5,16)(3,7)(9,11)13",4,2,0.0,False,-16,開催8日目でDコース8日目。土曜と同じ時計水準の馬場。末脚が問われやすく、インもまだまだ使えるコンディション。
202405010806,6,4歳以上1勝クラス,芝,1800,晴,良,12:55,2024-02-18,東京,13,7,14,2020104124,ウイニングライブ,牡4,57,01119,伊藤工真,1:47.5,同着,6-2-2,36.7,428.8,16,448(+16),01132,[東]金成貴史,086803,レッドマジック,,,,,,,"(2,*8)(12,15)10(1,5,14)(3,6)(7,16)(4,11)9,13",6,3,0.0,False,"15(8,14)(2,12)10(1,6)5(4,16)3,7(9,11)-13",2,2,0.0,False,"15(8,14)(2,12)(1,10)(4,6)(5,16)(3,7)(9,11)13",2,2,0.0,False,-16,開催8日目でDコース8日目。土曜と同じ時計水準の馬場。末脚が問われやすく、インもまだまだ使えるコンディション。
202405010806,6,4歳以上1勝クラス,芝,1800,晴,良,12:55,2024-02-18,東京,15,1,2,2020103469,ダノンフレア,牝4,55,05643,キング,1:47.6,1/2,2-4-4,36.5,48.5,8,456(0),01017,[東]萩原清,619800,ダノックス,,,,,,,"(2,*8)(12,15)10(1,5,14)(3,6)(7,16)(4,11)9,13",2,2,0.0,False,"15(8,14)(2,12)10(1,6)5(4,16)3,7(9,11)-13",4,2,0.0,False,"15(8,14)(2,12)(1,10)(4,6)(5,16)(3,7)(9,11)13",4,2,0.0,False,-16,開催8日目でDコース8日目。土曜と同じ時計水準の馬場。末脚が問われやすく、インもまだまだ使えるコンディション。
202405010806,6,4歳以上1勝クラス,芝,1800,晴,良,12:55,2024-02-18,東京,16,4,8,2020103052,ライツオブキングス,牡4,57,01171,西村淳也,1:48.4,5,1-2-2,37.6,7.4,3,502(-2),01097,[東]鹿戸雄一,415800,社台レースホース,,,,,,,"(2,*8)(12,15)10(1,5,14)(3,6)(7,16)(4,11)9,13",1,2,0.0,True,"15(8,14)(2,12)10(1,6)5(4,16)3,7(9,11)-13",2,2,0.0,False,"15(8,14)(2,12)(1,10)(4,6)(5,16)(3,7)(9,11)13",2,2,0.0,False,-16,開催8日目でDコース8日目。土曜と同じ時計水準の馬場。末脚が問われやすく、インもまだまだ使えるコンディション。
202405010807,7,4歳以上2勝クラス,ダ,2100,晴,良,13:25,2024-02-18,東京,1,3,5,2020103086,カレンアルカンタラ,牡4,57,01171,西村淳也,2:12.5,,5-6-6-6,38.2,15.5,5,500(+4),01172,[西]新谷功一,869006,鈴木隆司,"1,140.0","16,1-14,6(5,12)15(2,3,10)(7,11)(4,8)=9,13",5,2,6.5,False,"(*16,1)-15(6,14)(5,12)(2,3)10(7,11)4,8=9,13",6,2,3.5,False,"(*16,1)(15,14)6(5,12)(2,3,11)(8,10)(4,7)-13,9",6,2,0.0,False,"(16,1,*14)(6,15)(5,12)(2,11)(3,8,10)4(7,13)9",6,2,0.0,False,0,
202405010807,7,4歳以上2勝クラス,ダ,2100,晴,良,13:25,2024-02-18,東京,2,3,6,2018103018,トーホウボルツ,牡6,58,01140,横山和生,2:12.5,ハナ,4-4-5-4,38.5,57.1,9,482(+2),01195,[東]嘉藤貴行,965800,東豊物産,460.0,"16,1-14,6(5,12)15(2,3,10)(7,11)(4,8)=9,13",4,1,6.5,False,"(*16,1)-15(6,14)(5,12)(2,3)10(7,11)4,8=9,13",4,2,3.5,False,"(*16,1)(15,14)6(5,12)(2,3,11)(8,10)(4,7)-13,9",5,1,0.0,False,"(16,1,*14)(6,15)(5,12)(2,11)(3,8,10)4(7,13)9",4,2,0.0,False,0,
202405010807,7,4歳以上2勝クラス,ダ,2100,晴,良,13:25,2024-02-18,東京,3,4,8,2019104478,アコークロー,牝5,56,05339,ルメール,2:12.6,1/2,13-14-11-10,37.9,1.8,1,494(-2),01102,[東]大竹正博,808800,Ｇ１レーシング,290.0,"16,1-14,6(5,12)15(2,3,10)(7,11)(4,8)=9,13",13,2,6.5,False,"(*16,1)-15(6,14)(5,12)(2,3)10(7,11)4,8=9,13",14,1,5.0,False,"(*16,1)(15,14)6(5,12)(2,3,11)(8,10)(4,7)-13,9",11,2,0.0,False,"(16,1,*14)(6,15)(5,12)(2,11)(3,8,10)4(7,13)9",10,3,0.0,False,0,
202405010807,7,4歳以上2勝クラス,ダ,2100,晴,良,13:25,2024-02-18,東京,4,6,11,2017105439,キングサーガ,セ7,58,05386,戸崎圭太,2:12.9,2,11-11-8-8,38.4,5.2,2,490(+2),01071,[西]池江泰寿,486800,キャロットファーム,170.0,"16,1-14,6(5,12)15(2,3,10)(7,11)(4,8)=9,13",11,2,6.5,False,"(*16,1)-15(6,14)(5,12)(2,3)10(7,11)4,8=9,13",11,2,3.5,False,"(*16,1)(15,14)6(5,12)(2,3,11)(8,10)(4,7)-13,9",8,3,0.0,False,"(16,1,*14)(6,15)(5,12)(2,11)(3,8,10)4(7,13)9",8,2,0.0,False,0,
202405010807,7,4歳以上2勝クラス,ダ,2100,晴,良,13:25,2024-02-18,東京,5,8,16,2020101020,ペイシャモノノフ,牡4,54,01205,小林勝太,2:13.2,1.1/2,1-1-1-2,39.5,83.5,10,476(0),01188,[西]畑端省吾,163002,北所直人,114.0,"16,1-14,6(5,12)15(2,3,10)(7,11)(4,8)=9,13",1,1,0.0,False,"(*16,1)-15(6,14)(5,12)(2,3)10(7,11)4,8=9,13",1,2,0.0,True,"(*16,1)(15,14)6(5,12)(2,3,11)(8,10)(4,7)-13,9",1,2,0.0,True,"(16,1,*14)(6,15)(5,12)(2,11)(3,8,10)4(7,13)9",2,3,0.0,False,0,
202405010807,7,4歳以上2勝クラス,ダ,2100,晴,良,13:25,2024-02-18,東京,6,2,4,2016104152,トーアシオン,セ8,58,00422,内田博幸,2:13.2,クビ,13-13-13-13,38.3,123.2,12,484(+4),01182,[東]辻哲英,784800,高山ランド,,"16,1-14,6(5,12)15(2,3,10)(7,11)(4,8)=9,13",13,2,6.5,False,"(*16,1)-15(6,14)(5,12)(2,3)10(7,11)4,8=9,13",13,1,3.5,False,"(*16,1)(15,14)6(5,12)(2,3,11)(8,10)(4,7)-13,9",13,2,0.0,False,"(16,1,*14)(6,15)(5,12)(2,11)(3,8,10)4(7,13)9",13,1,0.0,False,0,
202405010807,7,4歳以上2勝クラス,ダ,2100,晴,良,13:25,2024-02-18,東京,7,1,1,2020101941,バリアントバイオ,牡4,57,01126,松山弘平,2:13.2,アタマ,2-2-2-2,39.4,7.1,4,528(+2),01128,[西]今野貞一,930800,バイオ,,"16,1-14,6(5,12)15(2,3,10)(7,11)(4,8)=9,13",2,1,1.5,False,"(*16,1)-15(6,14)(5,12)(2,3)10(7,11)4,8=9,13",2,2,0.0,False,"(*16,1)(15,14)6(5,12)(2,3,11)(8,10)(4,7)-13,9",2,2,0.0,False,"(16,1,*14)(6,15)(5,12)(2,11)(3,8,10)4(7,13)9",2,3,0.0,False,0,
202405010807,7,4歳以上2勝クラス,ダ,2100,晴,良,13:25,2024-02-18,東京,8,6,12,2020102315,ヨリノサファイヤ,牝4,53,01164,藤田菜七,2:13.3,クビ,5-6-6-6,39.1,6.7,3,518(-2),01029,[東]根本康広,484031,辻子依旦,,"16,1-14,6(5,12)15(2,3,10)(7,11)(4,8)=9,13",5,2,6.5,False,"(*16,1)-15(6,14)(5,12)(2,3)10(7,11)4,8=9,13",6,2,3.5,False,"(*16,1)(15,14)6(5,12)(2,3,11)(8,10)(4,7)-13,9",6,2,0.0,False,"(16,1,*14)(6,15)(5,12)(2,11)(3,8,10)4(7,13)9",6,2,0.0,False,0,
202405010807,7,4歳以上2勝クラス,ダ,2100,晴,良,13:25,2024-02-18,東京,9,7,14,2019104044,メイショウカゲカツ,牡5,58,01077,石橋脩,2:13.4,3/4,3-4-3-1,39.7,29.8,7,508(+6),01028,[西]西園正都,523005,松本好雄,,"16,1-14,6(5,12)15(2,3,10)(7,11)(4,8)=9,13",3,1,5.0,False,"(*16,1)-15(6,14)(5,12)(2,3)10(7,11)4,8=9,13",4,2,3.5,False,"(*16,1)(15,14)6(5,12)(2,3,11)(8,10)(4,7)-13,9",3,2,0.0,False,"(16,1,*14)(6,15)(5,12)(2,11)(3,8,10)4(7,13)9",1,3,0.0,True,0,
202405010807,7,4歳以上2勝クラス,ダ,2100,晴,良,13:25,2024-02-18,東京,10,5,9,2019105458,クアトロマジコ,牡5,58,01085,松岡正海,2:13.9,3,15-15-16-16,38.8,235.1,14,512(-6),01189,[東]堀内岳志,858800,大塚亮一,,"16,1-14,6(5,12)15(2,3,10)(7,11)(4,8)=9,13",15,1,12.5,False,"(*16,1)-15(6,14)(5,12)(2,3)10(7,11)4,8=9,13",15,1,11.0,False,"(*16,1)(15,14)6(5,12)(2,3,11)(8,10)(4,7)-13,9",16,1,5.0,False,"(16,1,*14)(6,15)(5,12)(2,11)(3,8,10)4(7,13)9",16,1,0.0,False,0,
202405010807,7,4歳以上2勝クラス,ダ,2100,晴,良,13:25,2024-02-18,東京,11,4,7,2019104546,ワカミヤプレスト,牡5,58,01158,野中悠太,2:14.0,1/2,11-11-13-14,39.0,171.7,13,522(+2),01167,[東]稲垣幸雄,253030,芳川貴行,,"16,1-14,6(5,12)15(2,3,10)(7,11)(4,8)=9,13",11,2,6.5,False,"(*16,1)-15(6,14)(5,12)(2,3)10(7,11)4,8=9,13",11,2,3.5,False,"(*16,1)(15,14)6(5,12)(2,3,11)(8,10)(4,7)-13,9",13,2,0.0,False,"(16,1,*14)(6,15)(5,12)(2,11)(3,8,10)4(7,13)9",14,2,0.0,False,0,
202405010807,7,4歳以上2勝クラス,ダ,2100,晴,良,13:25,2024-02-18,東京,12,5,10,2020103318,コルサファターレ,牡4,57,05660,キングス,2:14.1,1/2,8-10-11-10,39.4,28.1,6,504(+6),01081,[東]中川公成,506800,シルクレーシング,,"16,1-14,6(5,12)15(2,3,10)(7,11)(4,8)=9,13",8,3,6.5,False,"(*16,1)-15(6,14)(5,12)(2,3)10(7,11)4,8=9,13",10,1,3.5,False,"(*16,1)(15,14)6(5,12)(2,3,11)(8,10)(4,7)-13,9",11,2,0.0,False,"(16,1,*14)(6,15)(5,12)(2,11)(3,8,10)4(7,13)9",10,3,0.0,False,0,
202405010807,7,4歳以上2勝クラス,ダ,2100,晴,良,13:25,2024-02-18,東京,13,7,13,2019105979,スリーエクスプレス,牡5,57,01188,永野猛蔵,2:14.1,ハナ,16-16-15-14,39.1,245.0,15,494(-4),01023,[東]伊藤圭三,061800,永井商事,,"16,1-14,6(5,12)15(2,3,10)(7,11)(4,8)=9,13",16,1,14.0,False,"(*16,1)-15(6,14)(5,12)(2,3)10(7,11)4,8=9,13",16,1,12.5,False,"(*16,1)(15,14)6(5,12)(2,3,11)(8,10)(4,7)-13,9",15,1,3.5,False,"(16,1,*14)(6,15)(5,12)(2,11)(3,8,10)4(7,13)9",14,2,0.0,False,0,
202405010807,7,4歳以上2勝クラス,ダ,2100,晴,良,13:25,2024-02-18,東京,14,8,15,2018100440,クリーンドリーム,牡6,58,01174,岩田望来,2:15.1,6,7-3-3-4,41.2,46.9,8,496(+8),01026,[東]鈴木伸尋,726008,石橋和夫,,"16,1-14,6(5,12)15(2,3,10)(7,11)(4,8)=9,13",7,1,6.5,False,"(*16,1)-15(6,14)(5,12)(2,3)10(7,11)4,8=9,13",3,1,3.5,False,"(*16,1)(15,14)6(5,12)(2,3,11)(8,10)(4,7)-13,9",3,2,0.0,False,"(16,1,*14)(6,15)(5,12)(2,11)(3,8,10)4(7,13)9",4,2,0.0,False,0,
202405010807,7,4歳以上2勝クラス,ダ,2100,晴,良,13:25,2024-02-18,東京,15,1,2,2018105908,カサデガ,牡6,58,01162,木幡巧也,2:16.1,6,8-8-8-8,41.7,451.4,16,466(0),01056,[東]本間忍,367033,杉浦和也,,"16,1-14,6(5,12)15(2,3,10)(7,11)(4,8)=9,13",8,3,6.5,False,"(*16,1)-15(6,14)(5,12)(2,3)10(7,11)4,8=9,13",8,2,3.5,False,"(*16,1)(15,14)6(5,12)(2,3,11)(8,10)(4,7)-13,9",8,3,0.0,False,"(16,1,*14)(6,15)(5,12)(2,11)(3,8,10)4(7,13)9",8,2,0.0,False,0,
202405010807,7,4歳以上2勝クラス,ダ,2100,晴,良,13:25,2024-02-18,東京,16,2,3,2019104922,バックスクリーン,セ5,58,05661,ピーヒュ,2:16.4,2,8-8-8-10,41.7,87.9,11,502(-14),01182,[東]辻哲英,026803,ＤＭＭドリームクラブ,,"16,1-14,6(5,12)15(2,3,10)(7,11)(4,8)=9,13",8,3,6.5,False,"(*16,1)-15(6,14)(5,12)(2,3)10(7,11)4,8=9,13",8,2,3.5,False,"(*16,1)(15,14)6(5,12)(2,3,11)(8,10)(4,7)-13,9",8,3,0.0,False,"(16,1,*14)(6,15)(5,12)(2,11)(3,8,10)4(7,13)9",10,3,0.0,False,0,
202405010808,8,4歳以上2勝クラス,芝,1400,晴,良,13:55,2024-02-18,東京,1,1,1,2020102853,シャドウフューリー,牡4,58,05339,ルメール,1:21.1,,3-4,33.2,1.8,1,482(+2),01157,[西]杉山晴紀,308002,飯塚知一,"1,140.0",,,,,,,,,,,"11-3(1,7)4(2,10)6(9,5)-(8,12)",3,2,3.5,False,"11-(3,7)1,4(2,10)(9,6)(8,12,5)",4,1,3.5,False,-16,開催8日目でDコース8日目。土曜と同じ時計水準の馬場。末脚が問われやすく、インもまだまだ使えるコンディション。
202405010808,8,4歳以上2勝クラス,芝,1400,晴,良,13:55,2024-02-18,東京,2,8,11,2020103093,プレジャークルーズ,牝4,56,05643,キング,1:21.2,3/4,1-1,33.9,17.2,5,506(0),01102,[東]大竹正博,758005,吉田照哉,460.0,,,,,,,,,,,"11-3(1,7)4(2,10)6(9,5)-(8,12)",1,1,0.0,False,"11-(3,7)1,4(2,10)(9,6)(8,12,5)",1,1,0.0,False,-16,開催8日目でDコース8日目。土曜と同じ時計水準の馬場。末脚が問われやすく、インもまだまだ使えるコンディション。
202405010808,8,4歳以上2勝クラス,芝,1400,晴,良,13:55,2024-02-18,東京,3,7,10,2020102836,セフィロ,牝4,56,00733,吉田豊,1:21.4,1.1/2,6-6,33.2,18.8,6,458(-4),01115,[東]菊沢隆徳,338007,村野康司,290.0,,,,,,,,,,,"11-3(1,7)4(2,10)6(9,5)-(8,12)",6,2,3.5,False,"11-(3,7)1,4(2,10)(9,6)(8,12,5)",6,2,5.0,False,-16,開催8日目でDコース8日目。土曜と同じ時計水準の馬場。末脚が問われやすく、インもまだまだ使えるコンディション。
202405010808,8,4歳以上2勝クラス,芝,1400,晴,良,13:55,2024-02-18,東京,4,4,4,2019105238,フリートオブフット,牝5,56,01126,松山弘平,1:21.4,ハナ,5-5,33.4,49.3,9,444(-8),01145,[東]奥村武,506800,シルクレーシング,170.0,,,,,,,,,,,"11-3(1,7)4(2,10)6(9,5)-(8,12)",5,1,3.5,False,"11-(3,7)1,4(2,10)(9,6)(8,12,5)",5,1,5.0,False,-16,開催8日目でDコース8日目。土曜と同じ時計水準の馬場。末脚が問われやすく、インもまだまだ使えるコンディション。
202405010808,8,4歳以上2勝クラス,芝,1400,晴,良,13:55,2024-02-18,東京,5,2,2,2019101079,アスクビギンアゲン,牡5,58,01174,岩田望来,1:21.6,1.1/4,6-6,33.4,47.5,8,558(-2),01084,[西]梅田智之,539002,廣崎利洋,114.0,,,,,,,,,,,"11-3(1,7)4(2,10)6(9,5)-(8,12)",6,2,3.5,False,"11-(3,7)1,4(2,10)(9,6)(8,12,5)",6,2,5.0,False,-16,開催8日目でDコース8日目。土曜と同じ時計水準の馬場。末脚が問われやすく、インもまだまだ使えるコンディション。
202405010808,8,4歳以上2勝クラス,芝,1400,晴,良,13:55,2024-02-18,東京,6,3,3,2020106910,エッセレンチ,牝4,56,00666,武豊,1:21.8,1.1/4,2-2,34.1,7.4,4,428(-2),01191,[東]蛯名正義,363800,三嶋牧場,,,,,,,,,,,,"11-3(1,7)4(2,10)6(9,5)-(8,12)",2,1,3.5,False,"11-(3,7)1,4(2,10)(9,6)(8,12,5)",2,2,3.5,False,-16,開催8日目でDコース8日目。土曜と同じ時計水準の馬場。末脚が問われやすく、インもまだまだ使えるコンディション。
202405010808,8,4歳以上2勝クラス,芝,1400,晴,良,13:55,2024-02-18,東京,7,5,6,2020103076,ポリーフォリア,牝4,56,05627,ムルザバ,1:22.0,1,8-8,33.5,4.7,2,490(+2),01026,[東]鈴木伸尋,758005,吉田照哉,,,,,,,,,,,,"11-3(1,7)4(2,10)6(9,5)-(8,12)",8,1,3.5,False,"11-(3,7)1,4(2,10)(9,6)(8,12,5)",8,2,5.0,False,-16,開催8日目でDコース8日目。土曜と同じ時計水準の馬場。末脚が問われやすく、インもまだまだ使えるコンディション。
202405010808,8,4歳以上2勝クラス,芝,1400,晴,良,13:55,2024-02-18,東京,8,7,9,2020104477,スイーツバイキング,牝4,56,01171,西村淳也,1:22.1,3/4,9-8,33.7,154.7,11,456(+6),01102,[東]大竹正博,422030,ＹＴレーシング,,,,,,,,,,,,"11-3(1,7)4(2,10)6(9,5)-(8,12)",9,2,3.5,False,"11-(3,7)1,4(2,10)(9,6)(8,12,5)",8,2,5.0,False,-16,開催8日目でDコース8日目。土曜と同じ時計水準の馬場。末脚が問われやすく、インもまだまだ使えるコンディション。
202405010808,8,4歳以上2勝クラス,芝,1400,晴,良,13:55,2024-02-18,東京,9,8,12,2020106174,キタノブライド,牝4,56,01179,菅原明良,1:22.2,1/2,11-10,33.5,6.4,3,424(0),00412,[東]高橋裕,163002,北所直人,,,,,,,,,,,,"11-3(1,7)4(2,10)6(9,5)-(8,12)",11,2,7.0,False,"11-(3,7)1,4(2,10)(9,6)(8,12,5)",10,3,5.0,False,-16,開催8日目でDコース8日目。土曜と同じ時計水準の馬場。末脚が問われやすく、インもまだまだ使えるコンディション。
202405010808,8,4歳以上2勝クラス,芝,1400,晴,良,13:55,2024-02-18,東京,10,6,8,2020102535,トーセントラム,牡4,56,01164,藤田菜七,1:22.2,クビ,11-10,33.5,122.7,10,456(+4),01005,[東]小桧山悟,270006,島川隆哉,,,,,,,,,,,,"11-3(1,7)4(2,10)6(9,5)-(8,12)",11,2,7.0,False,"11-(3,7)1,4(2,10)(9,6)(8,12,5)",10,3,5.0,False,-16,開催8日目でDコース8日目。土曜と同じ時計水準の馬場。末脚が問われやすく、インもまだまだ使えるコンディション。
202405010808,8,4歳以上2勝クラス,芝,1400,晴,良,13:55,2024-02-18,東京,11,6,7,2020103634,ミスヨコハマ,牝4,56,01077,石橋脩,1:22.4,1.1/4,3-2,34.6,32.3,7,472(+6),01086,[東]斎藤誠,464008,大野富生,,,,,,,,,,,,"11-3(1,7)4(2,10)6(9,5)-(8,12)",3,2,3.5,False,"11-(3,7)1,4(2,10)(9,6)(8,12,5)",2,2,3.5,False,-16,開催8日目でDコース8日目。土曜と同じ時計水準の馬場。末脚が問われやすく、インもまだまだ使えるコンディション。
202405010808,8,4歳以上2勝クラス,芝,1400,晴,良,13:55,2024-02-18,東京,12,5,5,2017101230,ピースディオン,牡7,55,01205,小林勝太,1:23.5,7,9-10,34.8,390.2,12,498(+2),01141,[東]尾形和幸,947030,久米田正平,,,,,,,,,,,,"11-3(1,7)4(2,10)6(9,5)-(8,12)",9,2,3.5,False,"11-(3,7)1,4(2,10)(9,6)(8,12,5)",10,3,5.0,False,-16,開催8日目でDコース8日目。土曜と同じ時計水準の馬場。末脚が問われやすく、インもまだまだ使えるコンディション。
202405010809,9,ヒヤシンスS(L),ダ,1600,晴,良,14:25,2024-02-18,東京,1,1,1,2021106640,ラムジェット,牡3,57,01122,三浦皇成,1:36.3,,10-9,36.1,13.9,5,500(+4),00429,[西]佐々木晶,948006,前田幸治,"1,925.2",,,,,,,,,,,"9,7(4,11)6,8(2,10)5,1,3",10,1,4.5,False,"9,7(4,11)(6,8)(2,10)(5,1)-3",9,2,1.5,False,-5,
202405010809,9,ヒヤシンスS(L),ダ,1600,晴,良,14:25,2024-02-18,東京,2,8,11,2021101660,アンクエンチャブル,牡3,57,05339,ルメール,1:36.8,3,3-3,37.4,2.3,1,514(-4),01118,[東]高柳瑞樹,003060,ゴドルフィン,767.2,,,,,,,,,,,"9,7(4,11)6,8(2,10)5,1,3",3,2,1.5,False,"9,7(4,11)(6,8)(2,10)(5,1)-3",3,2,1.5,False,-5,
202405010809,9,ヒヤシンスS(L),ダ,1600,晴,良,14:25,2024-02-18,東京,3,8,10,2021100561,ハビレ,牡3,57,01179,菅原明良,1:36.8,ハナ,7-7,36.9,34.7,8,498(+22),01147,[東]武井亮,535033,古賀慎一,483.6,,,,,,,,,,,"9,7(4,11)6,8(2,10)5,1,3",7,2,3.0,False,"9,7(4,11)(6,8)(2,10)(5,1)-3",7,2,1.5,False,-5,
202405010809,9,ヒヤシンスS(L),ダ,1600,晴,良,14:25,2024-02-18,東京,4,6,6,2021105360,ロジアデレード,牡3,57,01158,野中悠太,1:37.0,1.1/2,5-5,37.4,3.4,2,498(+16),01167,[東]稲垣幸雄,399030,久米田正明,290.0,,,,,,,,,,,"9,7(4,11)6,8(2,10)5,1,3",5,1,1.5,False,"9,7(4,11)(6,8)(2,10)(5,1)-3",5,2,1.5,False,-5,
202405010809,9,ヒヤシンスS(L),ダ,1600,晴,良,14:25,2024-02-18,東京,5,4,4,2021103868,チカッパ,牡3,57,05643,キング,1:37.3,2,3-3,37.9,17.0,6,482(0),01039,[西]中竹和也,370008,岡浩二,190.0,,,,,,,,,,,"9,7(4,11)6,8(2,10)5,1,3",3,2,1.5,False,"9,7(4,11)(6,8)(2,10)(5,1)-3",3,2,1.5,False,-5,
202405010809,9,ヒヤシンスS(L),ダ,1600,晴,良,14:25,2024-02-18,東京,6,2,2,2021105276,バロンドール,牡3,57,00660,横山典弘,1:37.4,1/2,7-7,37.5,6.7,3,526(+2),01092,[西]松永幹夫,866006,寺田寿男,,,,,,,,,,,,"9,7(4,11)6,8(2,10)5,1,3",7,2,3.0,False,"9,7(4,11)(6,8)(2,10)(5,1)-3",7,2,1.5,False,-5,
202405010809,9,ヒヤシンスS(L),ダ,1600,晴,良,14:25,2024-02-18,東京,7,7,9,2021103812,ワイワイレジェンド,牡3,57,00733,吉田豊,1:37.6,1.1/4,1-1,38.5,7.6,4,464(+8),01075,[西]矢作芳人,513008,山田裕仁,,,,,,,,,,,,"9,7(4,11)6,8(2,10)5,1,3",1,1,0.0,False,"9,7(4,11)(6,8)(2,10)(5,1)-3",1,1,0.0,False,-5,
202405010809,9,ヒヤシンスS(L),ダ,1600,晴,良,14:25,2024-02-18,東京,8,7,8,2021102905,ホルトバージ,牡3,57,01174,岩田望来,1:37.7,1/2,6-5,38.0,18.2,7,468(-2),01158,[西]寺島良,188800,ＹＧＧホースクラブ,,,,,,,,,,,,"9,7(4,11)6,8(2,10)5,1,3",6,1,3.0,False,"9,7(4,11)(6,8)(2,10)(5,1)-3",5,2,1.5,False,-5,
202405010809,9,ヒヤシンスS(L),ダ,1600,晴,良,14:25,2024-02-18,東京,9,3,3,2021102281,バナマンテソーロ,牡3,57,01126,松山弘平,1:37.7,ハナ,11-11,37.2,48.4,9,504(-4),01169,[東]加藤士津,089803,了徳寺健二ホールディ...,,,,,,,,,,,,"9,7(4,11)6,8(2,10)5,1,3",11,1,6.0,False,"9,7(4,11)(6,8)(2,10)(5,1)-3",11,1,5.0,False,-5,
202405010809,9,ヒヤシンスS(L),ダ,1600,晴,良,14:25,2024-02-18,東京,10,5,5,2021102745,ペッパーミル,牡3,57,00422,内田博幸,1:38.9,7,9-9,38.7,102.7,10,498(+2),01169,[東]加藤士津,521033,橋詰弘一,,,,,,,,,,,,"9,7(4,11)6,8(2,10)5,1,3",9,1,3.0,False,"9,7(4,11)(6,8)(2,10)(5,1)-3",9,2,1.5,False,-5,
202405010809,9,ヒヤシンスS(L),ダ,1600,晴,良,14:25,2024-02-18,東京,11,6,7,2021110137,ピカリ,牝3,55,05386,戸崎圭太,1:39.2,1.1/2,2-2,39.9,122.1,11,482(-2),00427,[西]森秀行,232031,藤田晋,,,,,,,,,,,,"9,7(4,11)6,8(2,10)5,1,3",2,1,1.5,False,"9,7(4,11)(6,8)(2,10)(5,1)-3",2,1,1.5,False,-5,
202405010810,10,コパノリッキーC(3勝),芝,2000,晴,良,15:01,2024-02-18,東京,1,4,4,2019104984,レッドラディエンス,牡5,58,05386,戸崎圭太,2:01.8,,1-1-1,33.1,2.6,2,498(+8),01061,[西]友道康夫,180800,東京ホースレーシング,"1,859.6",,,,,,"4(2,6)7(3,8)9(1,5)",1,1,0.0,False,"4,6(2,9)(7,8)3(1,5)",1,1,0.0,False,"(*4,6)9,2(7,8)3(1,5)",1,2,0.0,True,-16,開催8日目でDコース8日目。土曜と同じ時計水準の馬場。末脚が問われやすく、インもまだまだ使えるコンディション。
202405010810,10,コパノリッキーC(3勝),芝,2000,晴,良,15:01,2024-02-18,東京,2,8,8,2019104711,トーセンリョウ,牡5,56,05627,ムルザバ,2:01.9,1,5-5-5,32.8,6.9,3,462(+2),01059,[東]加藤征弘,270006,島川隆哉,745.6,,,,,,"4(2,6)7(3,8)9(1,5)",5,2,0.0,False,"4,6(2,9)(7,8)3(1,5)",5,2,1.5,False,"(*4,6)9,2(7,8)3(1,5)",5,2,1.5,False,-16,開催8日目でDコース8日目。土曜と同じ時計水準の馬場。末脚が問われやすく、インもまだまだ使えるコンディション。
202405010810,10,コパノリッキーC(3勝),芝,2000,晴,良,15:01,2024-02-18,東京,3,8,9,2020105749,マイネルモーント,牡4,56,05339,ルメール,2:02.0,1,7-3-3,33.1,2.6,1,458(+8),01088,[東]高木登,546800,サラブレッドクラブ・...,462.8,,,,,,"4(2,6)7(3,8)9(1,5)",7,1,0.0,False,"4,6(2,9)(7,8)3(1,5)",3,2,1.5,False,"(*4,6)9,2(7,8)3(1,5)",3,1,0.0,False,-16,開催8日目でDコース8日目。土曜と同じ時計水準の馬場。末脚が問われやすく、インもまだまだ使えるコンディション。
202405010810,10,コパノリッキーC(3勝),芝,2000,晴,良,15:01,2024-02-18,東京,4,5,5,2018101660,ワイドエンペラー,牡6,57,01174,岩田望来,2:02.2,1,8-8-8,32.8,9.7,4,500(+8),01062,[西]藤岡健一,331007,幅田昌伸,280.0,,,,,,"4(2,6)7(3,8)9(1,5)",8,2,0.0,False,"4,6(2,9)(7,8)3(1,5)",8,2,1.5,False,"(*4,6)9,2(7,8)3(1,5)",8,2,1.5,False,-16,開催8日目でDコース8日目。土曜と同じ時計水準の馬場。末脚が問われやすく、インもまだまだ使えるコンディション。
202405010810,10,コパノリッキーC(3勝),芝,2000,晴,良,15:01,2024-02-18,東京,5,2,2,2020103881,コスモサガルマータ,牡4,55,01085,松岡正海,2:02.3,1,2-3-4,33.3,10.2,5,498(+2),01084,[西]梅田智之,716800,ビッグレッドファーム,184.0,,,,,,"4(2,6)7(3,8)9(1,5)",2,2,0.0,False,"4,6(2,9)(7,8)3(1,5)",3,2,1.5,False,"(*4,6)9,2(7,8)3(1,5)",4,1,1.5,False,-16,開催8日目でDコース8日目。土曜と同じ時計水準の馬場。末脚が問われやすく、インもまだまだ使えるコンディション。
202405010810,10,コパノリッキーC(3勝),芝,2000,晴,良,15:01,2024-02-18,東京,6,3,3,2016106292,オールイズウェル,牡8,55,00689,江田照男,2:02.5,1,5-7-7,33.2,96.9,9,496(-6),00429,[西]佐々木晶,336030,小林竜太郎,,,,,,,"4(2,6)7(3,8)9(1,5)",5,2,0.0,False,"4,6(2,9)(7,8)3(1,5)",7,1,1.5,False,"(*4,6)9,2(7,8)3(1,5)",7,1,1.5,False,-16,開催8日目でDコース8日目。土曜と同じ時計水準の馬場。末脚が問われやすく、インもまだまだ使えるコンディション。
202405010810,10,コパノリッキーC(3勝),芝,2000,晴,良,15:01,2024-02-18,東京,7,6,6,2018104591,サウンドウォリアー,牡6,56,05661,ピーヒュ,2:02.6,3/4,2-2-2,33.8,46.2,7,510(-4),01135,[西]高橋康之,168006,増田雄一,,,,,,,"4(2,6)7(3,8)9(1,5)",2,2,0.0,False,"4,6(2,9)(7,8)3(1,5)",2,1,1.5,False,"(*4,6)9,2(7,8)3(1,5)",2,2,0.0,False,-16,開催8日目でDコース8日目。土曜と同じ時計水準の馬場。末脚が問われやすく、インもまだまだ使えるコンディション。
202405010810,10,コパノリッキーC(3勝),芝,2000,晴,良,15:01,2024-02-18,東京,8,7,7,2018104697,サザンナイツ,セ6,55,01150,石川裕紀,2:02.6,クビ,4-5-5,33.5,24.9,6,454(+6),01163,[東]林徹,029803,ジャコモ,,,,,,,"4(2,6)7(3,8)9(1,5)",4,1,0.0,False,"4,6(2,9)(7,8)3(1,5)",5,2,1.5,False,"(*4,6)9,2(7,8)3(1,5)",5,2,1.5,False,-16,開催8日目でDコース8日目。土曜と同じ時計水準の馬場。末脚が問われやすく、インもまだまだ使えるコンディション。
202405010810,10,コパノリッキーC(3勝),芝,2000,晴,良,15:01,2024-02-18,東京,9,1,1,2018104395,ボーンジーニアス,牡6,53,05643,キング,2:05.0,大,8-8-8,35.5,55.2,8,474(+8),00405,[東]小西一男,685030,和泉憲一,,,,,,,"4(2,6)7(3,8)9(1,5)",8,2,0.0,False,"4,6(2,9)(7,8)3(1,5)",8,2,1.5,False,"(*4,6)9,2(7,8)3(1,5)",8,2,1.5,False,-16,開催8日目でDコース8日目。土曜と同じ時計水準の馬場。末脚が問われやすく、インもまだまだ使えるコンディション。
202405010811,11,第41回フェブラリーS(GI),ダ,1600,晴,良,15:40,2024-02-18,東京,1,5,9,2018106084,ペプチドナイル,牡6,58,01093,藤岡佑介,1:35.7,,4-4,37.5,38.0,11,528(-6),01161,[西]武英智,500007,沼川一彦,"12,361.2",,,,,,,,,,,"15(1,14)(4,9)(2,5)-7,12,3(10,6,11)-8-16,13",4,2,0.0,False,"15(1,14)(4,9)(2,5)7(3,10,12)(6,11)-8(16,13)",4,2,0.0,False,-5,
202405010811,11,第41回フェブラリーS(GI),ダ,1600,晴,良,15:40,2024-02-18,東京,2,4,7,2019104476,ガイアフォース,牡5,58,01142,長岡禎仁,1:35.9,1.1/4,8-8,37.2,13.0,5,494(-6),01157,[西]杉山晴紀,300803,ＫＲジャパン,"4,903.2",,,,,,,,,,,"15(1,14)(4,9)(2,5)-7,12,3(10,6,11)-8-16,13",8,1,3.5,False,"15(1,14)(4,9)(2,5)7(3,10,12)(6,11)-8(16,13)",8,1,0.0,False,-5,
202405010811,11,第41回フェブラリーS(GI),ダ,1600,晴,良,15:40,2024-02-18,東京,3,4,8,2019102737,セキフウ,牡5,58,00666,武豊,1:35.9,クビ,14-14,36.4,48.2,13,490(-9),01160,[西]武幸四郎,646030,中辻明,"3,051.6",,,,,,,,,,,"15(1,14)(4,9)(2,5)-7,12,3(10,6,11)-8-16,13",14,1,10.0,False,"15(1,14)(4,9)(2,5)7(3,10,12)(6,11)-8(16,13)",14,1,3.5,False,-5,
202405010811,11,第41回フェブラリーS(GI),ダ,1600,晴,良,15:40,2024-02-18,東京,4,5,10,2017101719,タガノビューティー,牡7,58,01077,石橋脩,1:35.9,ハナ,11-9,37.0,17.1,7,520(0),01028,[西]西園正都,859002,八木良司,"1,800.0",,,,,,,,,,,"15(1,14)(4,9)(2,5)-7,12,3(10,6,11)-8-16,13",11,3,6.5,False,"15(1,14)(4,9)(2,5)7(3,10,12)(6,11)-8(16,13)",9,3,0.0,False,-5,
202405010811,11,第41回フェブラリーS(GI),ダ,1600,晴,良,15:40,2024-02-18,東京,5,6,11,2019103943,キングズソード,牡5,58,01174,岩田望来,1:36.0,1/2,11-12,37.0,9.4,4,520(+10),01158,[西]寺島良,547800,ヒダカ・ブリーダーズ...,"1,200.0",,,,,,,,,,,"15(1,14)(4,9)(2,5)-7,12,3(10,6,11)-8-16,13",11,3,6.5,False,"15(1,14)(4,9)(2,5)7(3,10,12)(6,11)-8(16,13)",12,2,0.0,False,-5,
202405010811,11,第41回フェブラリーS(GI),ダ,1600,晴,良,15:40,2024-02-18,東京,6,7,13,2016105188,レッドルゼル,牡8,58,01102,北村友一,1:36.5,3,16-15,36.9,13.5,6,490(0),00438,[西]安田隆行,180800,東京ホースレーシング,,,,,,,,,,,,"15(1,14)(4,9)(2,5)-7,12,3(10,6,11)-8-16,13",16,1,15.0,False,"15(1,14)(4,9)(2,5)7(3,10,12)(6,11)-8(16,13)",15,2,3.5,False,-5,
202405010811,11,第41回フェブラリーS(GI),ダ,1600,晴,良,15:40,2024-02-18,東京,7,2,3,2020104376,ミックファイア,牡4,58,05380,矢野貴之,1:36.5,ハナ,10-9,37.6,34.4,9,486(-8),05667,[地]渡辺和雄,385031,星加浩一,,,,,,,,,,,,"15(1,14)(4,9)(2,5)-7,12,3(10,6,11)-8-16,13",10,1,6.5,False,"15(1,14)(4,9)(2,5)7(3,10,12)(6,11)-8(16,13)",9,3,0.0,False,-5,
202405010811,11,第41回フェブラリーS(GI),ダ,1600,晴,良,15:40,2024-02-18,東京,8,7,14,2019102383,ウィルソンテソーロ,牡5,58,01126,松山弘平,1:36.6,アタマ,2-2,38.5,3.9,2,484(-3),01171,[東]小手川準,089803,了徳寺健二ホールディ...,,,,,,,,,,,,"15(1,14)(4,9)(2,5)-7,12,3(10,6,11)-8-16,13",2,2,0.0,False,"15(1,14)(4,9)(2,5)7(3,10,12)(6,11)-8(16,13)",2,2,0.0,False,-5,
202405010811,11,第41回フェブラリーS(GI),ダ,1600,晴,良,15:40,2024-02-18,東京,9,8,15,2019105079,ドンフランキー,牡5,58,01032,池添謙一,1:36.6,アタマ,1-1,38.7,36.0,10,592(+4),01151,[西]斉藤崇史,376033,早野誠,,,,,,,,,,,,"15(1,14)(4,9)(2,5)-7,12,3(10,6,11)-8-16,13",1,1,0.0,False,"15(1,14)(4,9)(2,5)7(3,10,12)(6,11)-8(16,13)",1,1,0.0,False,-5,
202405010811,11,第41回フェブラリーS(GI),ダ,1600,晴,良,15:40,2024-02-18,東京,10,8,16,2019103529,アルファマム,牝5,56,05643,キング,1:36.7,3/4,15-15,37.0,41.7,12,464(-2),00429,[西]佐々木晶,686006,平井裕,,,,,,,,,,,,"15(1,14)(4,9)(2,5)-7,12,3(10,6,11)-8-16,13",15,1,13.5,False,"15(1,14)(4,9)(2,5)7(3,10,12)(6,11)-8(16,13)",15,2,3.5,False,-5,
202405010811,11,第41回フェブラリーS(GI),ダ,1600,晴,良,15:40,2024-02-18,東京,11,1,1,2018100916,イグナイター,牡6,58,01171,西村淳也,1:36.7,クビ,2-2,38.6,34.1,8,512(+9),05691,[地]新子雅司,537033,野田善己,,,,,,,,,,,,"15(1,14)(4,9)(2,5)-7,12,3(10,6,11)-8-16,13",2,2,0.0,False,"15(1,14)(4,9)(2,5)7(3,10,12)(6,11)-8(16,13)",2,2,0.0,False,-5,
202405010811,11,第41回フェブラリーS(GI),ダ,1600,晴,良,15:40,2024-02-18,東京,12,2,4,2020103626,ドゥラエレーデ,牡4,58,05627,ムルザバ,1:36.8,クビ,4-4,38.5,5.5,3,514(+4),01144,[西]池添学,072803,スリーエイチレーシン...,,,,,,,,,,,,"15(1,14)(4,9)(2,5)-7,12,3(10,6,11)-8-16,13",4,2,0.0,False,"15(1,14)(4,9)(2,5)7(3,10,12)(6,11)-8(16,13)",4,2,0.0,False,-5,
202405010811,11,第41回フェブラリーS(GI),ダ,1600,晴,良,15:40,2024-02-18,東京,13,6,12,2019102512,スピーディキック,牝5,56,05404,御神本訓,1:37.7,5,9-9,38.9,107.0,15,484(-3),05766,[地]藤原智行,910002,加藤鈴幸,,,,,,,,,,,,"15(1,14)(4,9)(2,5)-7,12,3(10,6,11)-8-16,13",9,1,5.0,False,"15(1,14)(4,9)(2,5)7(3,10,12)(6,11)-8(16,13)",9,3,0.0,False,-5,
202405010811,11,第41回フェブラリーS(GI),ダ,1600,晴,良,15:40,2024-02-18,東京,14,3,5,2020102904,オメガギネス,牡4,58,05339,ルメール,1:38.0,1.3/4,6-6,39.5,3.2,1,496(+2),01124,[東]大和田成,008803,原禮子,,,,,,,,,,,,"15(1,14)(4,9)(2,5)-7,12,3(10,6,11)-8-16,13",6,2,0.0,False,"15(1,14)(4,9)(2,5)7(3,10,12)(6,11)-8(16,13)",6,2,0.0,False,-5,
202405010811,11,第41回フェブラリーS(GI),ダ,1600,晴,良,15:40,2024-02-18,東京,15,3,6,2016106606,カラテ,牡8,58,01179,菅原明良,1:38.3,2,11-12,39.2,122.1,16,534(-6),01183,[西]辻野泰之,975030,小田切光,,,,,,,,,,,,"15(1,14)(4,9)(2,5)-7,12,3(10,6,11)-8-16,13",11,3,6.5,False,"15(1,14)(4,9)(2,5)7(3,10,12)(6,11)-8(16,13)",12,2,0.0,False,-5,
202405010811,11,第41回フェブラリーS(GI),ダ,1600,晴,良,15:40,2024-02-18,東京,16,1,2,2020103075,シャンパンカラー,牡4,58,00422,内田博幸,1:38.4,1/2,6-6,40.0,61.3,14,508(+4),01119,[東]田中剛,015008,青山洋一,,,,,,,,,,,,"15(1,14)(4,9)(2,5)-7,12,3(10,6,11)-8-16,13",6,2,0.0,False,"15(1,14)(4,9)(2,5)7(3,10,12)(6,11)-8(16,13)",6,2,0.0,False,-5,
202405010812,12,大島特別(2勝),ダ,1400,晴,良,16:25,2024-02-18,東京,1,7,14,2020102751,エミサキホコル,牡4,58,01142,長岡禎仁,1:24.3,,4-5,36.4,4.9,2,490(-10),01178,[西]杉山佳明,192031,亀岡和彦,"1,588.5",,,,,,,,,,,"2(3,4)(6,14)15,10-16(7,13)(5,9)(8,12)1-11",4,2,0.0,False,"2-3(6,4)14(10,15)16(7,13)-9-5(8,1)12-11",5,1,3.5,False,-2,
202405010812,12,大島特別(2勝),ダ,1400,晴,良,16:25,2024-02-18,東京,2,1,1,2020105144,ニシキギミッチー,牡4,58,00666,武豊,1:24.7,2,15-13,35.4,3.4,1,498(-2),01026,[東]鈴木伸尋,716031,茂木国久,631.0,,,,,,,,,,,"2(3,4)(6,14)15,10-16(7,13)(5,9)(8,12)1-11",15,1,5.0,False,"2-3(6,4)14(10,15)16(7,13)-9-5(8,1)12-11",13,2,10.5,False,-2,
202405010812,12,大島特別(2勝),ダ,1400,晴,良,16:25,2024-02-18,東京,3,7,13,2019106895,マウントベル,牝5,56,01174,岩田望来,1:24.9,1.1/2,9-9,36.5,9.0,5,498(-4),01059,[東]加藤征弘,196031,長谷川祐司,395.5,,,,,,,,,,,"2(3,4)(6,14)15,10-16(7,13)(5,9)(8,12)1-11",9,2,5.0,False,"2-3(6,4)14(10,15)16(7,13)-9-5(8,1)12-11",9,2,3.5,False,-2,
202405010812,12,大島特別(2勝),ダ,1400,晴,良,16:25,2024-02-18,東京,4,3,6,2018106144,レオカクテル,牡6,58,01117,丸田恭介,1:25.1,1.1/4,4-3,37.4,28.3,9,502(-2),01024,[東]萱野浩二,209800,レオ,230.0,,,,,,,,,,,"2(3,4)(6,14)15,10-16(7,13)(5,9)(8,12)1-11",4,2,0.0,False,"2-3(6,4)14(10,15)16(7,13)-9-5(8,1)12-11",3,2,3.5,False,-2,
202405010812,12,大島特別(2勝),ダ,1400,晴,良,16:25,2024-02-18,東京,5,5,9,2020105869,ストライク,牡4,58,01077,石橋脩,1:25.1,ハナ,11-11,36.4,21.9,8,500(-2),01169,[東]加藤士津,392803,高瀬正志,155.0,,,,,,,,,,,"2(3,4)(6,14)15,10-16(7,13)(5,9)(8,12)1-11",11,2,5.0,False,"2-3(6,4)14(10,15)16(7,13)-9-5(8,1)12-11",11,1,7.0,False,-2,
202405010812,12,大島特別(2勝),ダ,1400,晴,良,16:25,2024-02-18,東京,6,4,8,2019102493,メロウヴォイス,牝5,56,00733,吉田豊,1:25.3,1,13-13,36.0,46.4,12,464(0),00423,[東]上原博之,281008,水上ふじ子,,,,,,,,,,,,"2(3,4)(6,14)15,10-16(7,13)(5,9)(8,12)1-11",13,2,5.0,False,"2-3(6,4)14(10,15)16(7,13)-9-5(8,1)12-11",13,2,10.5,False,-2,
202405010812,12,大島特別(2勝),ダ,1400,晴,良,16:25,2024-02-18,東京,7,3,5,2019100567,ロジヴィクトリア,牝5,56,01158,野中悠太,1:25.3,クビ,11-12,36.3,50.2,14,490(-2),01116,[東]新開幸一,399030,久米田正明,,,,,,,,,,,,"2(3,4)(6,14)15,10-16(7,13)(5,9)(8,12)1-11",11,2,5.0,False,"2-3(6,4)14(10,15)16(7,13)-9-5(8,1)12-11",12,1,10.5,False,-2,
202405010812,12,大島特別(2勝),ダ,1400,晴,良,16:25,2024-02-18,東京,8,2,3,2020105361,エリンアキレウス,牡4,58,05643,キング,1:25.6,1.1/2,2-2,38.1,5.9,3,538(-4),01080,[東]清水英克,855030,田頭勇貴,,,,,,,,,,,,"2(3,4)(6,14)15,10-16(7,13)(5,9)(8,12)1-11",2,2,0.0,False,"2-3(6,4)14(10,15)16(7,13)-9-5(8,1)12-11",2,1,3.5,False,-2,
202405010812,12,大島特別(2勝),ダ,1400,晴,良,16:25,2024-02-18,東京,9,8,16,2019103016,カールスモーキー,牡5,58,05661,ピーヒュ,1:25.6,アタマ,8-8,37.3,103.7,16,494(-6),01165,[東]和田勇介,036034,中村伊三美,,,,,,,,,,,,"2(3,4)(6,14)15,10-16(7,13)(5,9)(8,12)1-11",8,1,5.0,False,"2-3(6,4)14(10,15)16(7,13)-9-5(8,1)12-11",8,1,3.5,False,-2,
202405010812,12,大島特別(2勝),ダ,1400,晴,良,16:25,2024-02-18,東京,10,1,2,2019104592,カプラローラ,牝5,56,01184,原優介,1:25.8,3/4,1-1,38.6,8.8,4,480(-6),01115,[東]菊沢隆徳,338007,村野康司,,,,,,,,,,,,"2(3,4)(6,14)15,10-16(7,13)(5,9)(8,12)1-11",1,1,0.0,False,"2-3(6,4)14(10,15)16(7,13)-9-5(8,1)12-11",1,1,0.0,False,-2,
202405010812,12,大島特別(2勝),ダ,1400,晴,良,16:25,2024-02-18,東京,11,6,12,2020103985,グラスシフォン,牝4,56,01179,菅原明良,1:25.9,3/4,13-15,36.4,11.6,6,432(+8),01100,[東]松山将樹,541800,半沢,,,,,,,,,,,,"2(3,4)(6,14)15,10-16(7,13)(5,9)(8,12)1-11",13,2,5.0,False,"2-3(6,4)14(10,15)16(7,13)-9-5(8,1)12-11",15,1,10.5,False,-2,
202405010812,12,大島特別(2勝),ダ,1400,晴,良,16:25,2024-02-18,東京,12,6,11,2019102552,ジューンポンポン,牝5,56,01140,横山和生,1:26.0,クビ,16-16,36.1,41.3,11,486(0),01165,[東]和田勇介,017803,吉川潤,,,,,,,,,,,,"2(3,4)(6,14)15,10-16(7,13)(5,9)(8,12)1-11",16,1,8.5,False,"2-3(6,4)14(10,15)16(7,13)-9-5(8,1)12-11",16,1,14.0,False,-2,
202405010812,12,大島特別(2勝),ダ,1400,晴,良,16:25,2024-02-18,東京,13,8,15,2020103605,ホウオウドラッカー,牡4,58,01075,田辺裕信,1:26.1,3/4,6-6,38.0,17.4,7,502(-4),01145,[東]奥村武,906033,小笹芳央,,,,,,,,,,,,"2(3,4)(6,14)15,10-16(7,13)(5,9)(8,12)1-11",6,1,0.0,False,"2-3(6,4)14(10,15)16(7,13)-9-5(8,1)12-11",6,2,3.5,False,-2,
202405010812,12,大島特別(2勝),ダ,1400,晴,良,16:25,2024-02-18,東京,14,4,7,2019102884,ゲンパチプライド,牡5,58,01169,武藤雅,1:26.2,クビ,9-9,37.8,36.1,10,494(-2),01187,[東]西田雄一,689002,平野武志,,,,,,,,,,,,"2(3,4)(6,14)15,10-16(7,13)(5,9)(8,12)1-11",9,2,5.0,False,"2-3(6,4)14(10,15)16(7,13)-9-5(8,1)12-11",9,2,3.5,False,-2,
202405010812,12,大島特別(2勝),ダ,1400,晴,良,16:25,2024-02-18,東京,15,2,4,2018103276,マブストーク,牡6,58,01162,木幡巧也,1:26.3,1/2,2-3,38.7,74.1,15,492(-4),01106,[東]牧光二,301700,マブレーシング,,,,,,,,,,,,"2(3,4)(6,14)15,10-16(7,13)(5,9)(8,12)1-11",2,2,0.0,False,"2-3(6,4)14(10,15)16(7,13)-9-5(8,1)12-11",3,2,3.5,False,-2,
202405010812,12,大島特別(2勝),ダ,1400,晴,良,16:25,2024-02-18,東京,16,5,10,2019105112,フミバレンタイン,牝5,56,01122,三浦皇成,1:26.5,1.1/4,7-6,38.4,46.5,13,474(-4),01097,[東]鹿戸雄一,131803,林文彦,,,,,,,,,,,,"2(3,4)(6,14)15,10-16(7,13)(5,9)(8,12)1-11",7,1,1.5,False,"2-3(6,4)14(10,15)16(7,13)-9-5(8,1)12-11",6,2,3.5,False,-2,
202408020801,1,3歳未勝利,ダ,1800,曇,稍重,09:55,2024-02-18,京都,1,4,4,2021105962,レイクスター,牝3,55,01163,坂井瑠星,1:56.3,,3-4-4-4,39.1,3.2,2,478(+2),01168,[西]上村洋行,370033,長谷川守正,550.0,"(*3,7)(4,10)(2,9,12)(1,5,11)-(6,8)",3,2,0.0,False,"(*3,7)10,4(9,12)(2,11)-(1,5)-(6,8)",4,1,1.5,False,"(*3,7,10)(4,9,12)(2,11)(1,5)(6,8)",4,3,0.0,False,"(3,*7,10)4(9,12)2(5,11)(1,8)6",4,1,0.0,False,0,
202408020801,1,3歳未勝利,ダ,1800,曇,稍重,09:55,2024-02-18,京都,2,2,2,2021105887,リエータメンテ,牝3,55,05659,ルメート,1:57.1,5,5-7-7-7,39.5,1.5,1,454(-4),01055,[西]藤原英昭,226800,サンデーレーシング,220.0,"(*3,7)(4,10)(2,9,12)(1,5,11)-(6,8)",5,3,0.0,False,"(*3,7)10,4(9,12)(2,11)-(1,5)-(6,8)",7,2,1.5,False,"(*3,7,10)(4,9,12)(2,11)(1,5)(6,8)",7,2,0.0,False,"(3,*7,10)4(9,12)2(5,11)(1,8)6",7,1,0.0,False,0,
202408020801,1,3歳未勝利,ダ,1800,曇,稍重,09:55,2024-02-18,京都,3,7,10,2021100680,ベレニーチェ,牝3,55,01116,藤岡康太,1:57.2,1/2,3-3-2-2,40.2,9.2,3,450(0),01161,[西]武英智,224031,河野孝明,140.0,"(*3,7)(4,10)(2,9,12)(1,5,11)-(6,8)",3,2,0.0,False,"(*3,7)10,4(9,12)(2,11)-(1,5)-(6,8)",3,1,0.0,False,"(*3,7,10)(4,9,12)(2,11)(1,5)(6,8)",2,3,0.0,False,"(3,*7,10)4(9,12)2(5,11)(1,8)6",2,3,0.0,False,0,
202408020801,1,3歳未勝利,ダ,1800,曇,稍重,09:55,2024-02-18,京都,4,3,3,2021107371,アマントアスク,牝3,55,01154,松若風馬,1:58.0,5,1-1-1-2,41.1,38.2,6,456(+6),01072,[西]河内洋,037803,廣崎利洋ＨＤ,83.0,"(*3,7)(4,10)(2,9,12)(1,5,11)-(6,8)",1,2,0.0,True,"(*3,7)10,4(9,12)(2,11)-(1,5)-(6,8)",1,2,0.0,True,"(*3,7,10)(4,9,12)(2,11)(1,5)(6,8)",1,3,0.0,True,"(3,*7,10)4(9,12)2(5,11)(1,8)6",2,3,0.0,False,0,
202408020801,1,3歳未勝利,ダ,1800,曇,稍重,09:55,2024-02-18,京都,5,8,12,2021102307,モノノフゴールド,牝3,55,01180,団野大成,1:58.2,1,5-5-4-5,40.9,38.5,7,486(-2),01076,[東]小笠倫弘,368803,ウエスト．フォレスト...,55.0,"(*3,7)(4,10)(2,9,12)(1,5,11)-(6,8)",5,3,0.0,False,"(*3,7)10,4(9,12)(2,11)-(1,5)-(6,8)",5,2,1.5,False,"(*3,7,10)(4,9,12)(2,11)(1,5)(6,8)",4,3,0.0,False,"(3,*7,10)4(9,12)2(5,11)(1,8)6",5,2,0.0,False,0,
202408020801,1,3歳未勝利,ダ,1800,曇,稍重,09:55,2024-02-18,京都,6,5,6,2021102299,リュクスブリランテ,牝3,55,01156,加藤祥太,1:58.2,クビ,11-11-11-12,40.0,359.8,12,418(+2),01087,[西]庄野靖志,215008,田畑憲士,,"(*3,7)(4,10)(2,9,12)(1,5,11)-(6,8)",11,2,3.5,False,"(*3,7)10,4(9,12)(2,11)-(1,5)-(6,8)",11,2,8.5,False,"(*3,7,10)(4,9,12)(2,11)(1,5)(6,8)",11,2,0.0,False,"(3,*7,10)4(9,12)2(5,11)(1,8)6",12,1,0.0,False,0,
202408020801,1,3歳未勝利,ダ,1800,曇,稍重,09:55,2024-02-18,京都,7,7,9,2021100236,デアパーディタ,牝3,55,01092,津村明秀,1:58.3,1/2,5-5-4-5,41.0,90.3,9,432(-4),01147,[東]武井亮,463031,フィールドレーシング,,"(*3,7)(4,10)(2,9,12)(1,5,11)-(6,8)",5,3,0.0,False,"(*3,7)10,4(9,12)(2,11)-(1,5)-(6,8)",5,2,1.5,False,"(*3,7,10)(4,9,12)(2,11)(1,5)(6,8)",4,3,0.0,False,"(3,*7,10)4(9,12)2(5,11)(1,8)6",5,2,0.0,False,0,
202408020801,1,3歳未勝利,ダ,1800,曇,稍重,09:55,2024-02-18,京都,8,5,5,2021100994,メイショウムーヴ,牝3,55,01018,和田竜二,1:59.0,4,8-9-9-8,41.1,62.3,8,446(0),01095,[西]荒川義之,523005,松本好雄,,"(*3,7)(4,10)(2,9,12)(1,5,11)-(6,8)",8,3,0.0,False,"(*3,7)10,4(9,12)(2,11)-(1,5)-(6,8)",9,2,5.0,False,"(*3,7,10)(4,9,12)(2,11)(1,5)(6,8)",9,2,0.0,False,"(3,*7,10)4(9,12)2(5,11)(1,8)6",8,2,0.0,False,0,
202408020801,1,3歳未勝利,ダ,1800,曇,稍重,09:55,2024-02-18,京都,9,6,7,2021106562,ゴーゴーケイコ,牝3,55,05212,Ｍ．デム,1:59.1,クビ,2-2-2-1,42.2,19.4,4,458(-2),01153,[東]中舘英二,091034,中村規,,"(*3,7)(4,10)(2,9,12)(1,5,11)-(6,8)",2,2,0.0,False,"(*3,7)10,4(9,12)(2,11)-(1,5)-(6,8)",2,2,0.0,False,"(*3,7,10)(4,9,12)(2,11)(1,5)(6,8)",2,3,0.0,False,"(3,*7,10)4(9,12)2(5,11)(1,8)6",1,3,0.0,True,0,
202408020801,1,3歳未勝利,ダ,1800,曇,稍重,09:55,2024-02-18,京都,10,8,11,2021102044,クリノトパーズ,牝3,54,01208,田口貫太,1:59.1,クビ,8-7-7-8,41.5,32.8,5,422(-2),01065,[西]大橋勇樹,970006,栗本博晴,,"(*3,7)(4,10)(2,9,12)(1,5,11)-(6,8)",8,3,0.0,False,"(*3,7)10,4(9,12)(2,11)-(1,5)-(6,8)",7,2,1.5,False,"(*3,7,10)(4,9,12)(2,11)(1,5)(6,8)",7,2,0.0,False,"(3,*7,10)4(9,12)2(5,11)(1,8)6",8,2,0.0,False,0,
202408020801,1,3歳未勝利,ダ,1800,曇,稍重,09:55,2024-02-18,京都,11,6,8,2021102139,クリノアクアマリン,牝3,55,01015,古川吉洋,1:59.3,1,11-11-11-10,41.2,341.1,11,414(-2),01041,[西]藤沢則雄,970006,栗本博晴,,"(*3,7)(4,10)(2,9,12)(1,5,11)-(6,8)",11,2,3.5,False,"(*3,7)10,4(9,12)(2,11)-(1,5)-(6,8)",11,2,8.5,False,"(*3,7,10)(4,9,12)(2,11)(1,5)(6,8)",11,2,0.0,False,"(3,*7,10)4(9,12)2(5,11)(1,8)6",10,2,0.0,False,0,
202408020801,1,3歳未勝利,ダ,1800,曇,稍重,09:55,2024-02-18,京都,12,1,1,2021106288,ミオン,牝3,54,01182,泉谷楓真,1:59.5,1.1/4,8-9-9-10,41.7,256.0,10,456(-8),01018,[西]宮徹,161006,首藤徳,,"(*3,7)(4,10)(2,9,12)(1,5,11)-(6,8)",8,3,0.0,False,"(*3,7)10,4(9,12)(2,11)-(1,5)-(6,8)",9,2,5.0,False,"(*3,7,10)(4,9,12)(2,11)(1,5)(6,8)",9,2,0.0,False,"(3,*7,10)4(9,12)2(5,11)(1,8)6",10,2,0.0,False,0,
202408020802,2,3歳未勝利,ダ,1200,曇,稍重,10:25,2024-02-18,京都,1,8,14,2021103073,プロミシングスター,牡3,56,01208,田口貫太,1:12.6,,2-2,36.6,1.2,1,446(0),00425,[西]加用正,350002,宮川純造,550.0,,,,,,,,,,,"3(10,14)(4,15)(1,5)-(2,7)(6,9)8-11=12=13",2,2,0.0,False,"3(10,14)(4,5,15)(1,9)(2,7)-6,8-11-12=13",2,2,0.0,False,-4,
202408020802,2,3歳未勝利,ダ,1200,曇,稍重,10:25,2024-02-18,京都,2,6,10,2021104362,イーサンハンター,牡3,57,01163,坂井瑠星,1:13.0,2.1/2,2-2,37.0,5.1,2,496(-2),01010,[東]中野栄治,544008,国本勇,220.0,,,,,,,,,,,"3(10,14)(4,15)(1,5)-(2,7)(6,9)8-11=12=13",2,2,0.0,False,"3(10,14)(4,5,15)(1,9)(2,7)-6,8-11-12=13",2,2,0.0,False,-4,
202408020802,2,3歳未勝利,ダ,1200,曇,稍重,10:25,2024-02-18,京都,3,2,3,2021102906,リュウノシンクウハ,牡3,57,01154,松若風馬,1:13.3,2,1-1,37.5,13.7,3,490(-18),01123,[西]牧田和弥,952033,二口雅一,140.0,,,,,,,,,,,"3(10,14)(4,15)(1,5)-(2,7)(6,9)8-11=12=13",1,1,0.0,False,"3(10,14)(4,5,15)(1,9)(2,7)-6,8-11-12=13",1,1,0.0,False,-4,
202408020802,2,3歳未勝利,ダ,1200,曇,稍重,10:25,2024-02-18,京都,4,5,9,2021106345,ミルトコルサ,牡3,57,01180,団野大成,1:13.3,クビ,10-7,36.3,34.2,7,476(+6),01178,[西]杉山佳明,695033,永山勝敏,83.0,,,,,,,,,,,"3(10,14)(4,15)(1,5)-(2,7)(6,9)8-11=12=13",10,2,3.5,False,"3(10,14)(4,5,15)(1,9)(2,7)-6,8-11-12=13",7,2,0.0,False,-4,
202408020802,2,3歳未勝利,ダ,1200,曇,稍重,10:25,2024-02-18,京都,5,8,15,2021100715,エクステンシヴリー,牡3,57,05659,ルメート,1:13.4,クビ,4-4,37.2,15.7,4,510(-6),01194,[西]小栗実,542800,ライオンレースホース,55.0,,,,,,,,,,,"3(10,14)(4,15)(1,5)-(2,7)(6,9)8-11=12=13",4,2,0.0,False,"3(10,14)(4,5,15)(1,9)(2,7)-6,8-11-12=13",4,3,0.0,False,-4,
202408020802,2,3歳未勝利,ダ,1200,曇,稍重,10:25,2024-02-18,京都,6,4,7,2021101577,カレンマウラー,牡3,57,01116,藤岡康太,1:13.5,3/4,8-9,36.7,28.1,5,460(+2),01164,[西]安田翔伍,869006,鈴木隆司,,,,,,,,,,,,"3(10,14)(4,15)(1,5)-(2,7)(6,9)8-11=12=13",8,2,3.5,False,"3(10,14)(4,5,15)(1,9)(2,7)-6,8-11-12=13",9,2,0.0,False,-4,
202408020802,2,3歳未勝利,ダ,1200,曇,稍重,10:25,2024-02-18,京都,7,1,1,2021102336,ヨシノヤッタルデー,牡3,56,01182,泉谷楓真,1:13.6,1/2,6-7,37.2,32.8,6,450(-6),01039,[西]中竹和也,728033,清水義徳,,,,,,,,,,,,"3(10,14)(4,15)(1,5)-(2,7)(6,9)8-11=12=13",6,2,0.0,False,"3(10,14)(4,5,15)(1,9)(2,7)-6,8-11-12=13",7,2,0.0,False,-4,
202408020802,2,3歳未勝利,ダ,1200,曇,稍重,10:25,2024-02-18,京都,8,3,4,2021106705,コンスピリート,牡3,57,01092,津村明秀,1:13.7,1/2,4-4,37.5,46.8,8,510(+8),01110,[西]清水久詞,041002,前田晋二,,,,,,,,,,,,"3(10,14)(4,15)(1,5)-(2,7)(6,9)8-11=12=13",4,2,0.0,False,"3(10,14)(4,5,15)(1,9)(2,7)-6,8-11-12=13",4,3,0.0,False,-4,
202408020802,2,3歳未勝利,ダ,1200,曇,稍重,10:25,2024-02-18,京都,9,4,6,2021100056,ハッピーモンスター,牡3,57,01062,川島信二,1:13.9,1.1/4,10-11,36.9,315.3,11,454(-12),01188,[西]畑端省吾,372008,三宅勝俊,,,,,,,,,,,,"3(10,14)(4,15)(1,5)-(2,7)(6,9)8-11=12=13",10,2,3.5,False,"3(10,14)(4,5,15)(1,9)(2,7)-6,8-11-12=13",11,1,3.5,False,-4,
202408020802,2,3歳未勝利,ダ,1200,曇,稍重,10:25,2024-02-18,京都,10,3,5,2021102963,フタバ,牝3,55,01124,国分恭介,1:14.0,1/2,6-4,37.7,79.9,9,404(+6),01148,[西]西村真幸,783031,辻雄二,,,,,,,,,,,,"3(10,14)(4,15)(1,5)-(2,7)(6,9)8-11=12=13",6,2,0.0,False,"3(10,14)(4,5,15)(1,9)(2,7)-6,8-11-12=13",4,3,0.0,False,-4,
202408020802,2,3歳未勝利,ダ,1200,曇,稍重,10:25,2024-02-18,京都,11,7,12,2021103516,ポジティブスピン,牝3,55,00641,柴田善臣,1:14.4,2.1/2,14-14,35.8,141.2,10,446(-18),01056,[東]本間忍,304030,松田整二,,,,,,,,,,,,"3(10,14)(4,15)(1,5)-(2,7)(6,9)8-11=12=13",14,1,13.0,False,"3(10,14)(4,5,15)(1,9)(2,7)-6,8-11-12=13",14,1,12.0,False,-4,
202408020802,2,3歳未勝利,ダ,1200,曇,稍重,10:25,2024-02-18,京都,12,5,8,2021102817,カラツノ,牡3,57,01015,古川吉洋,1:14.5,3/4,12-12,37.2,541.7,15,470(0),01188,[西]畑端省吾,297007,副島義久,,,,,,,,,,,,"3(10,14)(4,15)(1,5)-(2,7)(6,9)8-11=12=13",12,1,3.5,False,"3(10,14)(4,5,15)(1,9)(2,7)-6,8-11-12=13",12,1,5.0,False,-4,
202408020802,2,3歳未勝利,ダ,1200,曇,稍重,10:25,2024-02-18,京都,13,2,2,2021107249,キングムーン,牡3,57,01141,中井裕二,1:15.9,8,8-9,39.1,474.8,13,458(+2),01124,[東]大和田成,291002,増田陽一,,,,,,,,,,,,"3(10,14)(4,15)(1,5)-(2,7)(6,9)8-11=12=13",8,2,3.5,False,"3(10,14)(4,5,15)(1,9)(2,7)-6,8-11-12=13",9,2,0.0,False,-4,
202408020802,2,3歳未勝利,ダ,1200,曇,稍重,10:25,2024-02-18,京都,14,6,11,2021103012,ヒロノワカ,セ3,57,01152,小崎綾也,1:16.1,1.1/2,13-13,38.5,537.7,14,444(+2),01003,[西]川村禎彦,936033,高原将浩,,,,,,,,,,,,"3(10,14)(4,15)(1,5)-(2,7)(6,9)8-11=12=13",13,1,7.0,False,"3(10,14)(4,5,15)(1,9)(2,7)-6,8-11-12=13",13,1,8.5,False,-4,
202408020802,2,3歳未勝利,ダ,1200,曇,稍重,10:25,2024-02-18,京都,15,7,13,2021102579,ワープエンジン,牝3,55,01138,藤懸貴志,1:17.2,7,15-15,37.5,365.4,12,466(0),01156,[東]青木孝文,722033,樋口雅彦,,,,,,,,,,,,"3(10,14)(4,15)(1,5)-(2,7)(6,9)8-11=12=13",15,1,19.0,False,"3(10,14)(4,5,15)(1,9)(2,7)-6,8-11-12=13",15,1,18.0,False,-4,
202408020803,3,3歳未勝利,ダ,1900,曇,稍重,10:55,2024-02-18,京都,1,3,4,2021103020,ムルソー,牡3,57,01180,団野大成,1:59.4,,1-1-1-1,37.4,6.7,4,520(-2),01151,[西]斉藤崇史,196031,長谷川祐司,550.0,"(*4,7,13)(14,15)(3,8)9-5,1-6,11,12,2,10",1,3,0.0,True,"4(7,13)(3,8,14,15)9(5,1)-6,11,12,2,10",1,1,0.0,False,"4(7,13)(3,1)(8,14,15)(9,5)(2,6)-(10,11)12",1,1,0.0,False,"4-7,1,13(3,5)8(14,6)(9,2)(10,11)(12,15)",1,1,0.0,False,0,
202408020803,3,3歳未勝利,ダ,1900,曇,稍重,10:55,2024-02-18,京都,2,4,7,2021105554,カールスタード,牡3,57,05659,ルメート,2:01.7,大,2-2-2-2,39.5,3.4,1,488(0),01176,[西]吉岡辰弥,506800,シルクレーシング,220.0,"(*4,7,13)(14,15)(3,8)9-5,1-6,11,12,2,10",2,3,0.0,False,"4(7,13)(3,8,14,15)9(5,1)-6,11,12,2,10",2,2,0.0,False,"4(7,13)(3,1)(8,14,15)(9,5)(2,6)-(10,11)12",2,2,0.0,False,"4-7,1,13(3,5)8(14,6)(9,2)(10,11)(12,15)",2,1,3.5,False,0,
202408020803,3,3歳未勝利,ダ,1900,曇,稍重,10:55,2024-02-18,京都,3,1,1,2021105526,ジーティーパワー,牡3,57,01163,坂井瑠星,2:02.3,3.1/2,10-9-4-3,39.8,5.0,2,520(-6),01075,[西]矢作芳人,464030,田畑利彦,140.0,"(*4,7,13)(14,15)(3,8)9-5,1-6,11,12,2,10",10,1,5.0,False,"4(7,13)(3,8,14,15)9(5,1)-6,11,12,2,10",9,2,0.0,False,"4(7,13)(3,1)(8,14,15)(9,5)(2,6)-(10,11)12",4,2,0.0,False,"4-7,1,13(3,5)8(14,6)(9,2)(10,11)(12,15)",3,1,5.0,False,0,
202408020803,3,3歳未勝利,ダ,1900,曇,稍重,10:55,2024-02-18,京都,4,2,2,2021100845,エスシーヤマト,牝3,55,01124,国分恭介,2:02.5,1.1/4,14-14-11-10,39.3,60.3,11,436(-4),01169,[東]加藤士津,703030,工藤圭司,83.0,"(*4,7,13)(14,15)(3,8)9-5,1-6,11,12,2,10",14,1,13.0,False,"4(7,13)(3,8,14,15)9(5,1)-6,11,12,2,10",14,1,8.0,False,"4(7,13)(3,1)(8,14,15)(9,5)(2,6)-(10,11)12",11,2,0.0,False,"4-7,1,13(3,5)8(14,6)(9,2)(10,11)(12,15)",10,2,6.5,False,0,
202408020803,3,3歳未勝利,ダ,1900,曇,稍重,10:55,2024-02-18,京都,5,3,5,2021103682,マジックブルー,牡3,57,01125,国分優作,2:02.7,1.1/4,9-9-9-5,39.7,15.0,8,468(+6),01075,[西]矢作芳人,553800,広尾レース,55.0,"(*4,7,13)(14,15)(3,8)9-5,1-6,11,12,2,10",9,1,3.5,False,"4(7,13)(3,8,14,15)9(5,1)-6,11,12,2,10",9,2,0.0,False,"4(7,13)(3,1)(8,14,15)(9,5)(2,6)-(10,11)12",9,2,0.0,False,"4-7,1,13(3,5)8(14,6)(9,2)(10,11)(12,15)",5,2,6.5,False,0,
202408020803,3,3歳未勝利,ダ,1900,曇,稍重,10:55,2024-02-18,京都,6,2,3,2021103993,マジカルレイズ,牡3,57,01138,藤懸貴志,2:03.3,4,6-4-4-5,40.8,62.0,12,464(-6),01091,[西]羽月友彦,065803,京都ホースレーシング,,"(*4,7,13)(14,15)(3,8)9-5,1-6,11,12,2,10",6,2,0.0,False,"4(7,13)(3,8,14,15)9(5,1)-6,11,12,2,10",4,4,0.0,False,"4(7,13)(3,1)(8,14,15)(9,5)(2,6)-(10,11)12",4,2,0.0,False,"4-7,1,13(3,5)8(14,6)(9,2)(10,11)(12,15)",5,2,6.5,False,0,
202408020803,3,3歳未勝利,ダ,1900,曇,稍重,10:55,2024-02-18,京都,7,4,6,2021104580,オイデレオ,牡3,57,01062,川島信二,2:03.4,1/2,11-11-11-8,40.2,9.9,5,510(-4),01095,[西]荒川義之,304030,松田整二,,"(*4,7,13)(14,15)(3,8)9-5,1-6,11,12,2,10",11,1,8.5,False,"4(7,13)(3,8,14,15)9(5,1)-6,11,12,2,10",11,1,3.5,False,"4(7,13)(3,1)(8,14,15)(9,5)(2,6)-(10,11)12",11,2,0.0,False,"4-7,1,13(3,5)8(14,6)(9,2)(10,11)(12,15)",8,2,6.5,False,0,
202408020803,3,3歳未勝利,ダ,1900,曇,稍重,10:55,2024-02-18,京都,8,7,13,2021104597,ユウトザキンパツ,牡3,57,01152,小崎綾也,2:03.6,1.1/2,2-2-2-4,41.3,6.4,3,488(+2),01085,[西]小崎憲,686031,中川雄斗,,"(*4,7,13)(14,15)(3,8)9-5,1-6,11,12,2,10",2,3,0.0,False,"4(7,13)(3,8,14,15)9(5,1)-6,11,12,2,10",2,2,0.0,False,"4(7,13)(3,1)(8,14,15)(9,5)(2,6)-(10,11)12",2,2,0.0,False,"4-7,1,13(3,5)8(14,6)(9,2)(10,11)(12,15)",4,1,6.5,False,0,
202408020803,3,3歳未勝利,ダ,1900,曇,稍重,10:55,2024-02-18,京都,9,7,12,2021100679,ホワイトリバー,牡3,57,01015,古川吉洋,2:04.2,3.1/2,13-13-15-14,40.2,230.8,14,450(-10),01161,[西]武英智,791800,桑田牧場,,"(*4,7,13)(14,15)(3,8)9-5,1-6,11,12,2,10",13,1,11.5,False,"4(7,13)(3,8,14,15)9(5,1)-6,11,12,2,10",13,1,6.5,False,"4(7,13)(3,1)(8,14,15)(9,5)(2,6)-(10,11)12",15,1,3.5,False,"4-7,1,13(3,5)8(14,6)(9,2)(10,11)(12,15)",14,2,6.5,False,0,
202408020803,3,3歳未勝利,ダ,1900,曇,稍重,10:55,2024-02-18,京都,10,8,14,2021103065,レイドデザート,牡3,56,01208,田口貫太,2:04.2,クビ,4-4-6-8,41.4,11.3,6,532(-6),01032,[西]大根田裕,548033,奥裕嗣,,"(*4,7,13)(14,15)(3,8)9-5,1-6,11,12,2,10",4,2,0.0,False,"4(7,13)(3,8,14,15)9(5,1)-6,11,12,2,10",4,4,0.0,False,"4(7,13)(3,1)(8,14,15)(9,5)(2,6)-(10,11)12",6,3,0.0,False,"4-7,1,13(3,5)8(14,6)(9,2)(10,11)(12,15)",8,2,6.5,False,0,
202408020803,3,3歳未勝利,ダ,1900,曇,稍重,10:55,2024-02-18,京都,11,5,9,2021106175,スナークダリ,牡3,57,01092,津村明秀,2:04.3,クビ,8-8-9-10,41.3,22.6,9,512(-8),01003,[西]川村禎彦,478030,杉本豊,,"(*4,7,13)(14,15)(3,8)9-5,1-6,11,12,2,10",8,1,0.0,False,"4(7,13)(3,8,14,15)9(5,1)-6,11,12,2,10",8,1,0.0,False,"4(7,13)(3,1)(8,14,15)(9,5)(2,6)-(10,11)12",9,2,0.0,False,"4-7,1,13(3,5)8(14,6)(9,2)(10,11)(12,15)",10,2,6.5,False,0,
202408020803,3,3歳未勝利,ダ,1900,曇,稍重,10:55,2024-02-18,京都,12,5,8,2021104138,ピオニエーレ,牡3,57,01018,和田竜二,2:04.6,2,6-4-6-7,41.8,27.5,10,442(0),01138,[西]浜田多実,045803,カナヤマホールディン...,,"(*4,7,13)(14,15)(3,8)9-5,1-6,11,12,2,10",6,2,0.0,False,"4(7,13)(3,8,14,15)9(5,1)-6,11,12,2,10",4,4,0.0,False,"4(7,13)(3,1)(8,14,15)(9,5)(2,6)-(10,11)12",6,3,0.0,False,"4-7,1,13(3,5)8(14,6)(9,2)(10,11)(12,15)",7,1,6.5,False,0,
202408020803,3,3歳未勝利,ダ,1900,曇,稍重,10:55,2024-02-18,京都,13,6,11,2021104800,フォージドブリック,牡3,57,01154,松若風馬,2:05.2,3.1/2,12-12-13-12,41.5,14.9,7,544(+4),01142,[西]森田直行,231033,吉田晴哉,,"(*4,7,13)(14,15)(3,8)9-5,1-6,11,12,2,10",12,1,10.0,False,"4(7,13)(3,8,14,15)9(5,1)-6,11,12,2,10",12,1,5.0,False,"4(7,13)(3,1)(8,14,15)(9,5)(2,6)-(10,11)12",13,2,3.5,False,"4-7,1,13(3,5)8(14,6)(9,2)(10,11)(12,15)",12,2,6.5,False,0,
202408020803,3,3歳未勝利,ダ,1900,曇,稍重,10:55,2024-02-18,京都,14,6,10,2021103355,メイショウトレック,牡3,56,01182,泉谷楓真,2:05.9,4,15-15-13-12,42.3,442.6,15,436(-6),01041,[西]藤沢則雄,523005,松本好雄,,"(*4,7,13)(14,15)(3,8)9-5,1-6,11,12,2,10",15,1,14.5,False,"4(7,13)(3,8,14,15)9(5,1)-6,11,12,2,10",15,1,9.5,False,"4(7,13)(3,1)(8,14,15)(9,5)(2,6)-(10,11)12",13,2,3.5,False,"4-7,1,13(3,5)8(14,6)(9,2)(10,11)(12,15)",12,2,6.5,False,0,
202408020803,3,3歳未勝利,ダ,1900,曇,稍重,10:55,2024-02-18,京都,15,8,15,2021103608,エターナルブルー,セ3,57,01116,藤岡康太,2:07.5,10,4-4-6-14,44.6,66.1,13,466(+2),01181,[西]茶木太樹,547800,ヒダカ・ブリーダーズ...,,"(*4,7,13)(14,15)(3,8)9-5,1-6,11,12,2,10",4,2,0.0,False,"4(7,13)(3,8,14,15)9(5,1)-6,11,12,2,10",4,4,0.0,False,"4(7,13)(3,1)(8,14,15)(9,5)(2,6)-(10,11)12",6,3,0.0,False,"4-7,1,13(3,5)8(14,6)(9,2)(10,11)(12,15)",14,2,6.5,False,0,
202408020804,4,3歳新馬,ダ,1400,曇,稍重,11:25,2024-02-18,京都,1,2,4,2021104878,キングヴァージル,牡3,57,01163,坂井瑠星,1:26.3,,4-3,38.3,2.0,1,508(0),01075,[西]矢作芳人,213033,加藤裕司,620.0,,,,,,,,,,,"(*9,16)10(1,4)(8,14)(6,15)-5-11,13,12-3=7   2",4,2,0.0,False,"(*9,16)(1,10,4)14(6,8)15=(11,5)-(13,12,3)=7   2",3,3,0.0,False,-4,
202408020804,4,3歳新馬,ダ,1400,曇,稍重,11:25,2024-02-18,京都,2,7,14,2021104549,クインズアトリア,牝3,55,05212,Ｍ．デム,1:26.4,1/2,6-6,38.1,7.9,4,460(0),01176,[西]吉岡辰弥,331803,ケイアイスタリオン,250.0,,,,,,,,,,,"(*9,16)10(1,4)(8,14)(6,15)-5-11,13,12-3=7   2",6,2,0.0,False,"(*9,16)(1,10,4)14(6,8)15=(11,5)-(13,12,3)=7   2",6,1,0.0,False,-4,
202408020804,4,3歳新馬,ダ,1400,曇,稍重,11:25,2024-02-18,京都,3,8,16,2021100226,セキテイレア,牝3,55,00641,柴田善臣,1:26.4,ハナ,2-2,38.7,23.7,7,438(0),01092,[西]松永幹夫,564031,杉山元洋,160.0,,,,,,,,,,,"(*9,16)10(1,4)(8,14)(6,15)-5-11,13,12-3=7   2",2,2,0.0,False,"(*9,16)(1,10,4)14(6,8)15=(11,5)-(13,12,3)=7   2",2,2,0.0,False,-4,
202408020804,4,3歳新馬,ダ,1400,曇,稍重,11:25,2024-02-18,京都,4,1,1,2021105413,ビップジェンマ,牝3,55,01018,和田竜二,1:26.4,クビ,4-3,38.5,29.7,8,466(0),01149,[西]松下武士,524030,鈴木邦英,93.0,,,,,,,,,,,"(*9,16)10(1,4)(8,14)(6,15)-5-11,13,12-3=7   2",4,2,0.0,False,"(*9,16)(1,10,4)14(6,8)15=(11,5)-(13,12,3)=7   2",3,3,0.0,False,-4,
202408020804,4,3歳新馬,ダ,1400,曇,稍重,11:25,2024-02-18,京都,5,5,9,2021104063,デュアル,牡3,57,01116,藤岡康太,1:26.9,3,1-1,39.3,5.7,2,488(0),01098,[西]野中賢二,045803,カナヤマホールディン...,62.0,,,,,,,,,,,"(*9,16)10(1,4)(8,14)(6,15)-5-11,13,12-3=7   2",1,2,0.0,True,"(*9,16)(1,10,4)14(6,8)15=(11,5)-(13,12,3)=7   2",1,2,0.0,True,-4,
202408020804,4,3歳新馬,ダ,1400,曇,稍重,11:25,2024-02-18,京都,6,8,15,2021102585,ミキノクラップス,牡3,56,01208,田口貫太,1:27.1,1.1/4,8-9,38.6,18.8,6,454(0),01065,[西]大橋勇樹,918002,谷口久和,,,,,,,,,,,,"(*9,16)10(1,4)(8,14)(6,15)-5-11,13,12-3=7   2",8,2,0.0,False,"(*9,16)(1,10,4)14(6,8)15=(11,5)-(13,12,3)=7   2",9,1,0.0,False,-4,
202408020804,4,3歳新馬,ダ,1400,曇,稍重,11:25,2024-02-18,京都,7,6,11,2021104210,ニホンピロトッティ,牝3,55,01125,国分優作,1:27.3,1,11-10,37.6,134.9,15,394(0),01193,[西]緒方努,587031,小林英一,,,,,,,,,,,,"(*9,16)10(1,4)(8,14)(6,15)-5-11,13,12-3=7   2",11,1,7.0,False,"(*9,16)(1,10,4)14(6,8)15=(11,5)-(13,12,3)=7   2",10,2,6.0,False,-4,
202408020804,4,3歳新馬,ダ,1400,曇,稍重,11:25,2024-02-18,京都,8,3,6,2021104012,ルナプレス,牝3,55,00894,小牧太,1:27.8,3,8-7,39.4,6.2,3,472(0),01041,[西]藤沢則雄,520030,大戸志浦,,,,,,,,,,,,"(*9,16)10(1,4)(8,14)(6,15)-5-11,13,12-3=7   2",8,2,0.0,False,"(*9,16)(1,10,4)14(6,8)15=(11,5)-(13,12,3)=7   2",7,2,0.0,False,-4,
202408020804,4,3歳新馬,ダ,1400,曇,稍重,11:25,2024-02-18,京都,9,3,5,2021100337,ゼンカイパイロ,牡3,57,05659,ルメート,1:28.1,2,10-10,38.8,14.8,5,492(0),01120,[西]千田輝彦,338030,木村直樹,,,,,,,,,,,,"(*9,16)10(1,4)(8,14)(6,15)-5-11,13,12-3=7   2",10,1,3.5,False,"(*9,16)(1,10,4)14(6,8)15=(11,5)-(13,12,3)=7   2",10,2,6.0,False,-4,
202408020804,4,3歳新馬,ダ,1400,曇,稍重,11:25,2024-02-18,京都,10,2,3,2021104325,クールソル,牝3,55,01180,団野大成,1:28.2,1/2,14-12,37.9,34.0,9,462(0),01086,[東]斎藤誠,675030,林正道,,,,,,,,,,,,"(*9,16)10(1,4)(8,14)(6,15)-5-11,13,12-3=7   2",14,1,13.5,False,"(*9,16)(1,10,4)14(6,8)15=(11,5)-(13,12,3)=7   2",12,3,9.5,False,-4,
202408020804,4,3歳新馬,ダ,1400,曇,稍重,11:25,2024-02-18,京都,11,7,13,2021104912,ブラッドサーガ,牡3,57,01154,松若風馬,1:28.3,1/2,12-12,38.3,90.5,13,476(0),01142,[西]森田直行,758005,吉田照哉,,,,,,,,,,,,"(*9,16)10(1,4)(8,14)(6,15)-5-11,13,12-3=7   2",12,1,8.5,False,"(*9,16)(1,10,4)14(6,8)15=(11,5)-(13,12,3)=7   2",12,3,9.5,False,-4,
202408020804,4,3歳新馬,ダ,1400,曇,稍重,11:25,2024-02-18,京都,12,6,12,2021103606,マーブルカリクロ,セ3,57,01141,中井裕二,1:28.3,ハナ,13-12,38.3,40.7,10,468(0),01181,[西]茶木太樹,090006,下村直,,,,,,,,,,,,"(*9,16)10(1,4)(8,14)(6,15)-5-11,13,12-3=7   2",13,1,10.0,False,"(*9,16)(1,10,4)14(6,8)15=(11,5)-(13,12,3)=7   2",12,3,9.5,False,-4,
202408020804,4,3歳新馬,ダ,1400,曇,稍重,11:25,2024-02-18,京都,13,4,8,2021103526,ファセリア,牡3,57,01138,藤懸貴志,1:28.4,1,6-7,40.1,78.2,12,474(0),01172,[西]新谷功一,854800,ノルマンディーサラブ...,,,,,,,,,,,,"(*9,16)10(1,4)(8,14)(6,15)-5-11,13,12-3=7   2",6,2,0.0,False,"(*9,16)(1,10,4)14(6,8)15=(11,5)-(13,12,3)=7   2",7,2,0.0,False,-4,
202408020804,4,3歳新馬,ダ,1400,曇,稍重,11:25,2024-02-18,京都,14,5,10,2021102732,ペプチドアーニャ,牝3,55,01034,酒井学,1:28.7,1.3/4,3-3,40.8,49.8,11,410(0),01188,[西]畑端省吾,500007,沼川一彦,,,,,,,,,,,,"(*9,16)10(1,4)(8,14)(6,15)-5-11,13,12-3=7   2",3,1,0.0,False,"(*9,16)(1,10,4)14(6,8)15=(11,5)-(13,12,3)=7   2",3,3,0.0,False,-4,
202408020804,4,3歳新馬,ダ,1400,曇,稍重,11:25,2024-02-18,京都,15,4,7,2021102509,スポットライト,牝3,55,01015,古川吉洋,1:37.2,大,15-15,42.6,125.6,14,434(0),01188,[西]畑端省吾,889006,河村祥史,,,,,,,,,,,,"(*9,16)10(1,4)(8,14)(6,15)-5-11,13,12-3=7   2",15,1,19.5,False,"(*9,16)(1,10,4)14(6,8)15=(11,5)-(13,12,3)=7   2",15,1,15.5,False,-4,
202408020804,4,3歳新馬,ダ,1400,曇,稍重,11:25,2024-02-18,京都,取,1,2,2021103589,ヴィライザベル,牝3,55,01147,城戸義政,,,,,---,,計不,01173,[西]長谷川浩,055030,岡田隆寛,,,,,,,,,,,,"(*9,16)10(1,4)(8,14)(6,15)-5-11,13,12-3=7   2",16,1,25.5,False,"(*9,16)(1,10,4)14(6,8)15=(11,5)-(13,12,3)=7   2",16,1,21.5,False,-4,
202408020805,5,3歳未勝利,芝,1800,曇,良,12:15,2024-02-18,京都,1,6,9,2021105570,シルバーカレッジ,牡3,57,05212,Ｍ．デム,1:47.5,,9-7,34.7,2.8,1,502(-6),01160,[西]武幸四郎,226800,サンデーレーシング,550.0,,,,,,,,,,,"11,2,7(5,13)(1,12,10)(3,4,9)(6,8)",9,3,3.0,False,"(*11,2)7(5,13,10)(12,9)(1,4)8(3,6)",7,2,0.0,False,-5,連続開催15日目でDコース2日目。序盤のペースが上がりづらく、直線での末脚勝負になりがちだった。
202408020805,5,3歳未勝利,芝,1800,曇,良,12:15,2024-02-18,京都,2,2,2,2021104854,ミナデオロ,牡3,57,05659,ルメート,1:47.6,1/2,2-2,35.1,9.0,5,494(-8),01055,[西]藤原英昭,226800,サンデーレーシング,220.0,,,,,,,,,,,"11,2,7(5,13)(1,12,10)(3,4,9)(6,8)",2,1,1.5,False,"(*11,2)7(5,13,10)(12,9)(1,4)8(3,6)",2,2,0.0,False,-5,連続開催15日目でDコース2日目。序盤のペースが上がりづらく、直線での末脚勝負になりがちだった。
202408020805,5,3歳未勝利,芝,1800,曇,良,12:15,2024-02-18,京都,3,4,4,2021106100,パフュームセント,牝3,55,01180,団野大成,1:47.8,1.1/2,9-9,34.7,25.4,7,436(0),01151,[西]斉藤崇史,463800,名古屋友豊,140.0,,,,,,,,,,,"11,2,7(5,13)(1,12,10)(3,4,9)(6,8)",9,3,3.0,False,"(*11,2)7(5,13,10)(12,9)(1,4)8(3,6)",9,2,0.0,False,-5,連続開催15日目でDコース2日目。序盤のペースが上がりづらく、直線での末脚勝負になりがちだった。
202408020805,5,3歳未勝利,芝,1800,曇,良,12:15,2024-02-18,京都,4,7,10,2021105880,レッドエヴァンス,牡3,57,01116,藤岡康太,1:48.0,1,6-4,35.2,3.8,2,496(-10),01002,[西]音無秀孝,180800,東京ホースレーシング,83.0,,,,,,,,,,,"11,2,7(5,13)(1,12,10)(3,4,9)(6,8)",6,3,3.0,False,"(*11,2)7(5,13,10)(12,9)(1,4)8(3,6)",4,3,0.0,False,-5,連続開催15日目でDコース2日目。序盤のペースが上がりづらく、直線での末脚勝負になりがちだった。
202408020805,5,3歳未勝利,芝,1800,曇,良,12:15,2024-02-18,京都,5,5,7,2021103249,ロビンバローズ,牝3,55,01154,松若風馬,1:48.1,3/4,3-3,35.5,16.5,6,400(0),01155,[西]渡辺薫彦,859007,猪熊広次,55.0,,,,,,,,,,,"11,2,7(5,13)(1,12,10)(3,4,9)(6,8)",3,1,3.0,False,"(*11,2)7(5,13,10)(12,9)(1,4)8(3,6)",3,1,0.0,False,-5,連続開催15日目でDコース2日目。序盤のペースが上がりづらく、直線での末脚勝負になりがちだった。
202408020805,5,3歳未勝利,芝,1800,曇,良,12:15,2024-02-18,京都,6,8,12,2021103914,ビッグポケット,牡3,57,01034,酒井学,1:48.3,1,6-7,35.3,187.4,11,492(-4),00405,[東]小西一男,040803,明栄商事,,,,,,,,,,,,"11,2,7(5,13)(1,12,10)(3,4,9)(6,8)",6,3,3.0,False,"(*11,2)7(5,13,10)(12,9)(1,4)8(3,6)",7,2,0.0,False,-5,連続開催15日目でDコース2日目。序盤のペースが上がりづらく、直線での末脚勝負になりがちだった。
202408020805,5,3歳未勝利,芝,1800,曇,良,12:15,2024-02-18,京都,7,7,11,2021106641,ハギノインスパイア,牝3,55,01163,坂井瑠星,1:48.6,1.3/4,1-1,36.2,5.5,4,428(-10),01158,[西]寺島良,950006,日隈良江,,,,,,,,,,,,"11,2,7(5,13)(1,12,10)(3,4,9)(6,8)",1,1,0.0,False,"(*11,2)7(5,13,10)(12,9)(1,4)8(3,6)",1,2,0.0,True,-5,連続開催15日目でDコース2日目。序盤のペースが上がりづらく、直線での末脚勝負になりがちだった。
202408020805,5,3歳未勝利,芝,1800,曇,良,12:15,2024-02-18,京都,8,4,5,2021105537,ビダーヤ,牡3,57,01092,津村明秀,1:48.7,1,4-4,36.0,5.2,3,494(-10),01075,[西]矢作芳人,026803,ＤＭＭドリームクラブ,,,,,,,,,,,,"11,2,7(5,13)(1,12,10)(3,4,9)(6,8)",4,2,3.0,False,"(*11,2)7(5,13,10)(12,9)(1,4)8(3,6)",4,3,0.0,False,-5,連続開催15日目でDコース2日目。序盤のペースが上がりづらく、直線での末脚勝負になりがちだった。
202408020805,5,3歳未勝利,芝,1800,曇,良,12:15,2024-02-18,京都,9,1,1,2021102469,ブライティアブエナ,牝3,54,01208,田口貫太,1:48.7,ハナ,6-9,35.6,100.6,10,464(+6),00429,[西]佐々木晶,531006,小林昌志,,,,,,,,,,,,"11,2,7(5,13)(1,12,10)(3,4,9)(6,8)",6,3,3.0,False,"(*11,2)7(5,13,10)(12,9)(1,4)8(3,6)",9,2,0.0,False,-5,連続開催15日目でDコース2日目。序盤のペースが上がりづらく、直線での末脚勝負になりがちだった。
202408020805,5,3歳未勝利,芝,1800,曇,良,12:15,2024-02-18,京都,10,6,8,2021101758,ブラックライズ,牡3,57,01124,国分恭介,1:48.8,クビ,12-11,35.6,89.7,9,456(-6),01110,[西]清水久詞,356803,インゼルレーシング,,,,,,,,,,,,"11,2,7(5,13)(1,12,10)(3,4,9)(6,8)",12,2,3.0,False,"(*11,2)7(5,13,10)(12,9)(1,4)8(3,6)",11,1,0.0,False,-5,連続開催15日目でDコース2日目。序盤のペースが上がりづらく、直線での末脚勝負になりがちだった。
202408020805,5,3歳未勝利,芝,1800,曇,良,12:15,2024-02-18,京都,11,5,6,2021100791,ハクサンシャトル,牡3,57,01099,鮫島良太,1:49.1,1.3/4,12-12,35.7,462.0,13,438(0),01050,[西]飯田雄三,841030,河崎五市,,,,,,,,,,,,"11,2,7(5,13)(1,12,10)(3,4,9)(6,8)",12,2,3.0,False,"(*11,2)7(5,13,10)(12,9)(1,4)8(3,6)",12,2,0.0,False,-5,連続開催15日目でDコース2日目。序盤のペースが上がりづらく、直線での末脚勝負になりがちだった。
202408020805,5,3歳未勝利,芝,1800,曇,良,12:15,2024-02-18,京都,12,3,3,2021102921,ムーンボウ,牝3,55,01138,藤懸貴志,1:51.1,大,9-12,37.7,206.6,12,452(0),01117,[西]高野友和,463800,名古屋友豊,,,,,,,,,,,,"11,2,7(5,13)(1,12,10)(3,4,9)(6,8)",9,3,3.0,False,"(*11,2)7(5,13,10)(12,9)(1,4)8(3,6)",12,2,0.0,False,-5,連続開催15日目でDコース2日目。序盤のペースが上がりづらく、直線での末脚勝負になりがちだった。
202408020805,5,3歳未勝利,芝,1800,曇,良,12:15,2024-02-18,京都,中,8,13,2021103122,キーコンセプト,牡3,57,01018,和田竜二,,,4-4,,40.0,8,480(0),01111,[西]鈴木孝志,788800,ノースヒルズ,,,,,,,,,,,,"11,2,7(5,13)(1,12,10)(3,4,9)(6,8)",4,2,3.0,False,"(*11,2)7(5,13,10)(12,9)(1,4)8(3,6)",4,3,0.0,False,-5,連続開催15日目でDコース2日目。序盤のペースが上がりづらく、直線での末脚勝負になりがちだった。
202408020806,6,3歳1勝クラス,ダ,1900,曇,良,12:45,2024-02-18,京都,1,7,8,2021105477,ハーバーライト,牡3,57,01018,和田竜二,1:59.2,,7-7-5-3,37.4,7.6,4,520(-8),01129,[西]高橋義忠,872800,三田昌宏,780.0,"9,1-11,3(4,7)-8(6,10)-2-5",7,1,10.0,False,"9,1-(3,11)4,7-8(6,10)-2-5",7,1,10.0,False,"9,1(4,3)(8,11)(6,7)(10,5)2",5,2,1.5,False,"(*9,1)(4,8)3(6,10)(2,11)5,7",3,2,0.0,False,0,
202408020806,6,3歳1勝クラス,ダ,1900,曇,良,12:45,2024-02-18,京都,2,1,1,2021110108,カンジ,牡3,57,01154,松若風馬,1:59.4,3/4,2-2-2-2,38.0,28.0,7,486(-2),01147,[東]武井亮,969031,ＴＮレーシング,310.0,"9,1-11,3(4,7)-8(6,10)-2-5",2,1,1.5,False,"9,1-(3,11)4,7-8(6,10)-2-5",2,1,1.5,False,"9,1(4,3)(8,11)(6,7)(10,5)2",2,1,1.5,False,"(*9,1)(4,8)3(6,10)(2,11)5,7",2,2,0.0,False,0,
202408020806,6,3歳1勝クラス,ダ,1900,曇,良,12:45,2024-02-18,京都,3,4,4,2021103140,メイプルタピット,牡3,57,01015,古川吉洋,1:59.6,1.1/2,5-5-3-3,38.0,9.4,5,510(+6),00437,[東]南田美知,390002,節英司,200.0,"9,1-11,3(4,7)-8(6,10)-2-5",5,2,6.5,False,"9,1-(3,11)4,7-8(6,10)-2-5",5,1,5.0,False,"9,1(4,3)(8,11)(6,7)(10,5)2",3,2,1.5,False,"(*9,1)(4,8)3(6,10)(2,11)5,7",3,2,0.0,False,0,
202408020806,6,3歳1勝クラス,ダ,1900,曇,良,12:45,2024-02-18,京都,4,2,2,2021101448,タイセイリアル,牡3,57,01163,坂井瑠星,1:59.8,1.1/4,10-10-11-8,37.3,3.3,2,442(-8),01075,[西]矢作芳人,224007,田中成奉,120.0,"9,1-11,3(4,7)-8(6,10)-2-5",10,1,13.5,False,"9,1-(3,11)4,7-8(6,10)-2-5",10,1,13.5,False,"9,1(4,3)(8,11)(6,7)(10,5)2",11,1,1.5,False,"(*9,1)(4,8)3(6,10)(2,11)5,7",8,2,0.0,False,0,
202408020806,6,3歳1勝クラス,ダ,1900,曇,良,12:45,2024-02-18,京都,5,3,3,2021102903,ワンパット,牡3,57,01037,太宰啓介,2:00.5,4,4-3-3-5,38.8,37.9,8,472(-4),01136,[西]高橋亮,866006,寺田寿男,78.0,"9,1-11,3(4,7)-8(6,10)-2-5",4,1,6.5,False,"9,1-(3,11)4,7-8(6,10)-2-5",3,2,5.0,False,"9,1(4,3)(8,11)(6,7)(10,5)2",3,2,1.5,False,"(*9,1)(4,8)3(6,10)(2,11)5,7",5,1,0.0,False,0,
202408020806,6,3歳1勝クラス,ダ,1900,曇,良,12:45,2024-02-18,京都,6,8,10,2021106164,キングオブフジ,牡3,57,05659,ルメート,2:00.5,クビ,8-8-9-6,38.4,5.7,3,486(-2),01121,[西]角田晃一,705031,浅川慶太,,"9,1-11,3(4,7)-8(6,10)-2-5",8,2,10.0,False,"9,1-(3,11)4,7-8(6,10)-2-5",8,2,10.0,False,"9,1(4,3)(8,11)(6,7)(10,5)2",9,2,1.5,False,"(*9,1)(4,8)3(6,10)(2,11)5,7",6,2,0.0,False,0,
202408020806,6,3歳1勝クラス,ダ,1900,曇,良,12:45,2024-02-18,京都,7,7,9,2021100130,ロードフォアエース,牡3,56,01208,田口貫太,2:00.6,1/2,1-1-1-1,39.3,2.6,1,532(+12),01061,[西]友道康夫,170800,ロードホースクラブ,,"9,1-11,3(4,7)-8(6,10)-2-5",1,1,0.0,False,"9,1-(3,11)4,7-8(6,10)-2-5",1,1,0.0,False,"9,1(4,3)(8,11)(6,7)(10,5)2",1,1,0.0,False,"(*9,1)(4,8)3(6,10)(2,11)5,7",1,2,0.0,True,0,
202408020806,6,3歳1勝クラス,ダ,1900,曇,良,12:45,2024-02-18,京都,8,6,6,2021103866,クロダブシ,牡3,57,01034,酒井学,2:00.9,2,8-8-7-6,38.9,116.4,11,448(-4),01092,[西]松永幹夫,370008,岡浩二,,"9,1-11,3(4,7)-8(6,10)-2-5",8,2,10.0,False,"9,1-(3,11)4,7-8(6,10)-2-5",8,2,10.0,False,"9,1(4,3)(8,11)(6,7)(10,5)2",7,2,1.5,False,"(*9,1)(4,8)3(6,10)(2,11)5,7",6,2,0.0,False,0,
202408020806,6,3歳1勝クラス,ダ,1900,曇,良,12:45,2024-02-18,京都,9,5,5,2021106180,シーリュウシー,牡3,57,01124,国分恭介,2:02.2,8,11-11-9-10,39.9,15.8,6,478(-4),01066,[西]岡田稲男,798008,一村哲也,,"9,1-11,3(4,7)-8(6,10)-2-5",11,1,17.0,False,"9,1-(3,11)4,7-8(6,10)-2-5",11,1,17.0,False,"9,1(4,3)(8,11)(6,7)(10,5)2",9,2,1.5,False,"(*9,1)(4,8)3(6,10)(2,11)5,7",10,1,0.0,False,0,
202408020806,6,3歳1勝クラス,ダ,1900,曇,良,12:45,2024-02-18,京都,10,8,11,2021110065,メイショウトム,牡3,57,01180,団野大成,2:03.1,5,3-3-5-8,41.2,79.1,10,480(-4),01072,[西]河内洋,523005,松本好雄,,"9,1-11,3(4,7)-8(6,10)-2-5",3,1,5.0,False,"9,1-(3,11)4,7-8(6,10)-2-5",3,2,5.0,False,"9,1(4,3)(8,11)(6,7)(10,5)2",5,2,1.5,False,"(*9,1)(4,8)3(6,10)(2,11)5,7",8,2,0.0,False,0,
202408020806,6,3歳1勝クラス,ダ,1900,曇,良,12:45,2024-02-18,京都,11,6,7,2021105251,ドルチアーリア,牝3,55,05212,Ｍ．デム,2:03.8,4,5-6-7-11,41.7,67.8,9,484(-4),01172,[西]新谷功一,415800,社台レースホース,,"9,1-11,3(4,7)-8(6,10)-2-5",5,2,6.5,False,"9,1-(3,11)4,7-8(6,10)-2-5",6,1,6.5,False,"9,1(4,3)(8,11)(6,7)(10,5)2",7,2,1.5,False,"(*9,1)(4,8)3(6,10)(2,11)5,7",11,1,1.5,False,0,
202408020807,7,4歳以上1勝クラス,芝,2400,曇,良,13:15,2024-02-18,京都,1,7,7,2020105798,マイネルカンパーナ,牡4,57,01018,和田竜二,2:27.4,,2-2-2-1,34.3,5.6,3,412(-2),01156,[東]青木孝文,546800,サラブレッドクラブ・...,800.0,"8=7,4(3,6)(5,1)2",2,1,6.0,False,"8=7,4(3,6)(5,1)2",2,1,6.0,False,"8-(7,4)(3,6)-(5,1)-2",2,2,3.5,False,"(*7,4)(8,3,6)(5,1)2",1,2,0.0,True,-5,連続開催15日目でDコース2日目。序盤のペースが上がりづらく、直線での末脚勝負になりがちだった。
202408020807,7,4歳以上1勝クラス,芝,2400,曇,良,13:15,2024-02-18,京都,2,4,4,2020100606,タナサンブラック,牡4,57,01163,坂井瑠星,2:27.6,1.1/4,3-3-2-2,34.5,3.9,2,500(-14),01177,[東]伊坂重信,126031,田中俊彰,320.0,"8=7,4(3,6)(5,1)2",3,1,7.5,False,"8=7,4(3,6)(5,1)2",3,1,7.5,False,"8-(7,4)(3,6)-(5,1)-2",2,2,3.5,False,"(*7,4)(8,3,6)(5,1)2",2,2,0.0,False,-5,連続開催15日目でDコース2日目。序盤のペースが上がりづらく、直線での末脚勝負になりがちだった。
202408020807,7,4歳以上1勝クラス,芝,2400,曇,良,13:15,2024-02-18,京都,3,2,2,2020101916,ペネトレイトゴー,セ4,56,01208,田口貫太,2:28.0,2.1/2,8-8-8-8,34.1,43.2,6,444(-12),00427,[西]森秀行,590033,前川俊行,200.0,"8=7,4(3,6)(5,1)2",8,1,7.5,False,"8=7,4(3,6)(5,1)2",8,1,7.5,False,"8-(7,4)(3,6)-(5,1)-2",8,1,10.5,False,"(*7,4)(8,3,6)(5,1)2",8,1,0.0,False,-5,連続開催15日目でDコース2日目。序盤のペースが上がりづらく、直線での末脚勝負になりがちだった。
202408020807,7,4歳以上1勝クラス,芝,2400,曇,良,13:15,2024-02-18,京都,4,3,3,2019105051,アメジストブラック,牡5,58,05659,ルメート,2:28.1,クビ,4-4-4-3,34.7,1.8,1,522(-4),01137,[西]中内田充,226800,サンデーレーシング,120.0,"8=7,4(3,6)(5,1)2",4,2,7.5,False,"8=7,4(3,6)(5,1)2",4,2,7.5,False,"8-(7,4)(3,6)-(5,1)-2",4,2,3.5,False,"(*7,4)(8,3,6)(5,1)2",3,3,0.0,False,-5,連続開催15日目でDコース2日目。序盤のペースが上がりづらく、直線での末脚勝負になりがちだった。
202408020807,7,4歳以上1勝クラス,芝,2400,曇,良,13:15,2024-02-18,京都,5,5,5,2018105021,グルーヴビート,牡6,58,01116,藤岡康太,2:28.3,1.1/4,6-6-6-6,34.6,7.3,4,486(-2),01186,[西]中村直也,226800,サンデーレーシング,80.0,"8=7,4(3,6)(5,1)2",6,2,7.5,False,"8=7,4(3,6)(5,1)2",6,2,7.5,False,"8-(7,4)(3,6)-(5,1)-2",6,2,7.0,False,"(*7,4)(8,3,6)(5,1)2",6,2,0.0,False,-5,連続開催15日目でDコース2日目。序盤のペースが上がりづらく、直線での末脚勝負になりがちだった。
202408020807,7,4歳以上1勝クラス,芝,2400,曇,良,13:15,2024-02-18,京都,6,6,6,2017104623,ハナビマンカイ,セ7,58,01125,国分優作,2:28.5,1.1/4,4-4-4-3,35.1,11.5,5,436(-10),01170,[西]坂口智康,037803,廣崎利洋ＨＤ,,"8=7,4(3,6)(5,1)2",4,2,7.5,False,"8=7,4(3,6)(5,1)2",4,2,7.5,False,"8-(7,4)(3,6)-(5,1)-2",4,2,3.5,False,"(*7,4)(8,3,6)(5,1)2",3,3,0.0,False,-5,連続開催15日目でDコース2日目。序盤のペースが上がりづらく、直線での末脚勝負になりがちだった。
202408020807,7,4歳以上1勝クラス,芝,2400,曇,良,13:15,2024-02-18,京都,7,1,1,2019100740,ヴァンデスト,牝5,55,01182,泉谷楓真,2:28.6,1/2,6-6-6-6,34.9,43.7,7,414(-2),01041,[西]藤沢則雄,714031,酒井孝敏,,"8=7,4(3,6)(5,1)2",6,2,7.5,False,"8=7,4(3,6)(5,1)2",6,2,7.5,False,"8-(7,4)(3,6)-(5,1)-2",6,2,7.0,False,"(*7,4)(8,3,6)(5,1)2",6,2,0.0,False,-5,連続開催15日目でDコース2日目。序盤のペースが上がりづらく、直線での末脚勝負になりがちだった。
202408020807,7,4歳以上1勝クラス,芝,2400,曇,良,13:15,2024-02-18,京都,8,8,8,2019103302,ユリシーズ,セ5,58,01015,古川吉洋,2:29.8,7,1-1-1-3,36.5,150.4,8,474(+2),01032,[西]大根田裕,208033,中西桂子,,"8=7,4(3,6)(5,1)2",1,1,0.0,False,"8=7,4(3,6)(5,1)2",1,1,0.0,False,"8-(7,4)(3,6)-(5,1)-2",1,1,0.0,False,"(*7,4)(8,3,6)(5,1)2",3,3,0.0,False,-5,連続開催15日目でDコース2日目。序盤のペースが上がりづらく、直線での末脚勝負になりがちだった。
202408020808,8,4歳以上1勝クラス,ダ,1200,曇,良,13:45,2024-02-18,京都,1,4,7,2020106611,アロットドリーム,牝4,56,00641,柴田善臣,1:12.2,,2-2,36.8,1.6,1,446(+2),01099,[西]本田優,694008,本間茂,800.0,,,,,,,,,,,"6(7,11)(1,12)(2,10,15)(5,14,16)9(4,3,13)8",2,2,0.0,False,"6(7,11)(1,12)(2,10,15)(5,14)16(3,9)(4,13)8",2,2,0.0,False,-4,
202408020808,8,4歳以上1勝クラス,ダ,1200,曇,良,13:45,2024-02-18,京都,2,6,11,2020102544,パスカリ,牝4,56,01154,松若風馬,1:12.2,1/2,2-2,36.7,6.7,3,470(-2),01157,[西]杉山晴紀,808800,Ｇ１レーシング,320.0,,,,,,,,,,,"6(7,11)(1,12)(2,10,15)(5,14,16)9(4,3,13)8",2,2,0.0,False,"6(7,11)(1,12)(2,10,15)(5,14)16(3,9)(4,13)8",2,2,0.0,False,-4,
202408020808,8,4歳以上1勝クラス,ダ,1200,曇,良,13:45,2024-02-18,京都,3,7,14,2020105929,スターペスカオリ,牝4,55,01182,泉谷楓真,1:12.3,1/2,9-9,36.3,50.5,8,446(+2),01140,[西]石橋守,710002,河野和香子,200.0,,,,,,,,,,,"6(7,11)(1,12)(2,10,15)(5,14,16)9(4,3,13)8",9,3,0.0,False,"6(7,11)(1,12)(2,10,15)(5,14)16(3,9)(4,13)8",9,2,0.0,False,-4,
202408020808,8,4歳以上1勝クラス,ダ,1200,曇,良,13:45,2024-02-18,京都,4,4,8,2020105156,フェリ,牝4,56,01138,藤懸貴志,1:12.3,クビ,16-16,35.7,95.3,11,470(-10),00429,[西]佐々木晶,547800,ヒダカ・ブリーダーズ...,120.0,,,,,,,,,,,"6(7,11)(1,12)(2,10,15)(5,14,16)9(4,3,13)8",16,1,0.0,False,"6(7,11)(1,12)(2,10,15)(5,14)16(3,9)(4,13)8",16,1,0.0,False,-4,
202408020808,8,4歳以上1勝クラス,ダ,1200,曇,良,13:45,2024-02-18,京都,5,3,6,2019102701,ネイト,牝5,56,01018,和田竜二,1:12.3,アタマ,1-1,37.0,9.8,4,440(-4),01194,[西]小栗実,473008,武田茂男,80.0,,,,,,,,,,,"6(7,11)(1,12)(2,10,15)(5,14,16)9(4,3,13)8",1,1,0.0,False,"6(7,11)(1,12)(2,10,15)(5,14)16(3,9)(4,13)8",1,1,0.0,False,-4,
202408020808,8,4歳以上1勝クラス,ダ,1200,曇,良,13:45,2024-02-18,京都,6,8,15,2020101777,シゲルミライ,牝4,56,01180,団野大成,1:12.7,2,6-6,36.9,18.8,5,486(+2),01003,[西]川村禎彦,088034,關美和,,,,,,,,,,,,"6(7,11)(1,12)(2,10,15)(5,14,16)9(4,3,13)8",6,3,0.0,False,"6(7,11)(1,12)(2,10,15)(5,14)16(3,9)(4,13)8",6,3,0.0,False,-4,
202408020808,8,4歳以上1勝クラス,ダ,1200,曇,良,13:45,2024-02-18,京都,7,5,9,2020103274,ロンシャンクイーン,牝4,56,01092,津村明秀,1:13.2,3,12-12,37.0,21.4,6,434(+10),01098,[西]野中賢二,866006,寺田寿男,,,,,,,,,,,,"6(7,11)(1,12)(2,10,15)(5,14,16)9(4,3,13)8",12,1,0.0,False,"6(7,11)(1,12)(2,10,15)(5,14)16(3,9)(4,13)8",12,2,0.0,False,-4,
202408020808,8,4歳以上1勝クラス,ダ,1200,曇,良,13:45,2024-02-18,京都,8,5,10,2020102640,サイモンオリーブ,牝4,56,01156,加藤祥太,1:13.2,クビ,6-6,37.4,120.0,14,466(0),01084,[西]梅田智之,132030,澤田昭紀,,,,,,,,,,,,"6(7,11)(1,12)(2,10,15)(5,14,16)9(4,3,13)8",6,3,0.0,False,"6(7,11)(1,12)(2,10,15)(5,14)16(3,9)(4,13)8",6,3,0.0,False,-4,
202408020808,8,4歳以上1勝クラス,ダ,1200,曇,良,13:45,2024-02-18,京都,9,1,1,2020104751,ゼットカレン,牝4,56,01116,藤岡康太,1:13.4,3/4,4-4,37.8,36.9,7,472(-8),01018,[西]宮徹,730800,フォーレスト,,,,,,,,,,,,"6(7,11)(1,12)(2,10,15)(5,14,16)9(4,3,13)8",4,2,0.0,False,"6(7,11)(1,12)(2,10,15)(5,14)16(3,9)(4,13)8",4,2,0.0,False,-4,
202408020808,8,4歳以上1勝クラス,ダ,1200,曇,良,13:45,2024-02-18,京都,10,7,13,2018101215,クリノヴァニラ,牝6,56,01124,国分恭介,1:13.4,クビ,13-14,37.1,209.2,15,500(0),01135,[西]高橋康之,970006,栗本博晴,,,,,,,,,,,,"6(7,11)(1,12)(2,10,15)(5,14,16)9(4,3,13)8",13,3,0.0,False,"6(7,11)(1,12)(2,10,15)(5,14)16(3,9)(4,13)8",14,2,0.0,False,-4,
202408020808,8,4歳以上1勝クラス,ダ,1200,曇,良,13:45,2024-02-18,京都,11,2,3,2020101823,ファイアネイド,牝4,56,01163,坂井瑠星,1:13.4,ハナ,13-12,37.2,5.5,2,464(+2),01164,[西]安田翔伍,003060,ゴドルフィン,,,,,,,,,,,,"6(7,11)(1,12)(2,10,15)(5,14,16)9(4,3,13)8",13,3,0.0,False,"6(7,11)(1,12)(2,10,15)(5,14)16(3,9)(4,13)8",12,2,0.0,False,-4,
202408020808,8,4歳以上1勝クラス,ダ,1200,曇,良,13:45,2024-02-18,京都,12,8,16,2019105528,デームフォーチュン,牝5,56,01152,小崎綾也,1:13.5,クビ,9-11,37.4,105.0,12,484(+4),01117,[西]高野友和,790005,吉田勝己,,,,,,,,,,,,"6(7,11)(1,12)(2,10,15)(5,14,16)9(4,3,13)8",9,3,0.0,False,"6(7,11)(1,12)(2,10,15)(5,14)16(3,9)(4,13)8",11,1,0.0,False,-4,
202408020808,8,4歳以上1勝クラス,ダ,1200,曇,良,13:45,2024-02-18,京都,13,3,5,2020103050,ナンヨーノサラ,牝4,56,05212,Ｍ．デム,1:13.6,3/4,9-9,37.7,57.7,9,462(-4),01008,[東]杉浦宏昭,512031,中村徳也,,,,,,,,,,,,"6(7,11)(1,12)(2,10,15)(5,14,16)9(4,3,13)8",9,3,0.0,False,"6(7,11)(1,12)(2,10,15)(5,14)16(3,9)(4,13)8",9,2,0.0,False,-4,
202408020808,8,4歳以上1勝クラス,ダ,1200,曇,良,13:45,2024-02-18,京都,14,2,4,2020104769,コロル,牝4,56,01147,城戸義政,1:14.1,2.1/2,13-14,37.9,272.5,16,462(-4),01146,[西]奥村豊,616800,フジワラ・ファーム,,,,,,,,,,,,"6(7,11)(1,12)(2,10,15)(5,14,16)9(4,3,13)8",13,3,0.0,False,"6(7,11)(1,12)(2,10,15)(5,14)16(3,9)(4,13)8",14,2,0.0,False,-4,
202408020808,8,4歳以上1勝クラス,ダ,1200,曇,良,13:45,2024-02-18,京都,15,6,12,2020100874,スノーヴァース,牝4,55,01208,田口貫太,1:14.2,1/2,4-4,38.6,77.8,10,408(+6),01032,[西]大根田裕,646030,中辻明,,,,,,,,,,,,"6(7,11)(1,12)(2,10,15)(5,14,16)9(4,3,13)8",4,2,0.0,False,"6(7,11)(1,12)(2,10,15)(5,14)16(3,9)(4,13)8",4,2,0.0,False,-4,
202408020808,8,4歳以上1勝クラス,ダ,1200,曇,良,13:45,2024-02-18,京都,16,1,2,2020105430,クラシカルスカラー,牝4,56,01125,国分優作,1:14.4,1.1/2,6-6,38.6,119.4,13,444(-8),01091,[西]羽月友彦,482002,水上行雄,,,,,,,,,,,,"6(7,11)(1,12)(2,10,15)(5,14,16)9(4,3,13)8",6,3,0.0,False,"6(7,11)(1,12)(2,10,15)(5,14)16(3,9)(4,13)8",6,3,0.0,False,-4,
202408020809,9,天ケ瀬特別(2勝),ダ,1800,曇,良,14:15,2024-02-18,京都,1,1,1,2020105991,ヴァンドゥラン,牡4,57,01092,津村明秀,1:52.7,,7-6-7-7,36.9,34.0,8,494(+4),01159,[西]高柳大輔,854800,ノルマンディーサラブ...,"1,580.8","(*6,10)(2,3)11,12(1,4)5-8,9-7,13",7,2,1.5,False,"(*6,10)(2,3)12(1,4,11)-5,9(7,8)13",6,3,0.0,False,"(*10,7)(6,3)(2,12)-(1,4)9(5,11)13,8",7,2,3.5,False,"(*10,7)(6,2,12)3(1,4,9)5,13-11-8",7,3,0.0,False,0,
202408020809,9,天ケ瀬特別(2勝),ダ,1800,曇,良,14:15,2024-02-18,京都,2,6,9,2019104853,パーティーベル,牡5,58,01163,坂井瑠星,1:52.9,1.1/4,11-10-9-7,36.8,3.1,1,458(0),01092,[西]松永幹夫,008803,原禮子,628.8,"(*6,10)(2,3)11,12(1,4)5-8,9-7,13",11,1,6.5,False,"(*6,10)(2,3)12(1,4,11)-5,9(7,8)13",10,1,5.0,False,"(*10,7)(6,3)(2,12)-(1,4)9(5,11)13,8",9,1,3.5,False,"(*10,7)(6,2,12)3(1,4,9)5,13-11-8",7,3,0.0,False,0,
202408020809,9,天ケ瀬特別(2勝),ダ,1800,曇,良,14:15,2024-02-18,京都,3,7,10,2019105140,カレンマックナイト,牡5,58,01138,藤懸貴志,1:53.0,1/2,2-2-1-1,38.0,11.4,6,448(-2),01082,[西]平田修,869006,鈴木隆司,394.4,"(*6,10)(2,3)11,12(1,4)5-8,9-7,13",2,2,0.0,False,"(*6,10)(2,3)12(1,4,11)-5,9(7,8)13",2,2,0.0,False,"(*10,7)(6,3)(2,12)-(1,4)9(5,11)13,8",1,2,0.0,True,"(*10,7)(6,2,12)3(1,4,9)5,13-11-8",1,2,0.0,True,0,
202408020809,9,天ケ瀬特別(2勝),ダ,1800,曇,良,14:15,2024-02-18,京都,4,8,12,2020104872,ツウカイリアル,牡4,57,01208,田口貫太,1:53.0,クビ,6-5-5-3,37.4,4.6,2,502(0),01087,[西]庄野靖志,338030,木村直樹,230.0,"(*6,10)(2,3)11,12(1,4)5-8,9-7,13",6,1,1.5,False,"(*6,10)(2,3)12(1,4,11)-5,9(7,8)13",5,1,0.0,False,"(*10,7)(6,3)(2,12)-(1,4)9(5,11)13,8",5,2,0.0,False,"(*10,7)(6,2,12)3(1,4,9)5,13-11-8",3,3,0.0,False,0,
202408020809,9,天ケ瀬特別(2勝),ダ,1800,曇,良,14:15,2024-02-18,京都,5,5,7,2017102043,ファイヴレター,牡7,58,01116,藤岡康太,1:53.2,1.1/2,12-11-2-2,38.2,172.2,13,474(-2),01035,[東]佐藤吉勝,389008,熊坂俊一,155.0,"(*6,10)(2,3)11,12(1,4)5-8,9-7,13",12,1,10.0,False,"(*6,10)(2,3)12(1,4,11)-5,9(7,8)13",11,2,5.0,False,"(*10,7)(6,3)(2,12)-(1,4)9(5,11)13,8",2,2,0.0,False,"(*10,7)(6,2,12)3(1,4,9)5,13-11-8",2,2,0.0,False,0,
202408020809,9,天ケ瀬特別(2勝),ダ,1800,曇,良,14:15,2024-02-18,京都,6,2,2,2019106475,カネトシブルーム,牡5,58,01182,泉谷楓真,1:53.5,1.1/2,3-3-5-3,38.0,5.9,4,522(+10),01065,[西]大橋勇樹,939006,兼松昌男,,"(*6,10)(2,3)11,12(1,4)5-8,9-7,13",3,2,0.0,False,"(*6,10)(2,3)12(1,4,11)-5,9(7,8)13",3,2,0.0,False,"(*10,7)(6,3)(2,12)-(1,4)9(5,11)13,8",5,2,0.0,False,"(*10,7)(6,2,12)3(1,4,9)5,13-11-8",3,3,0.0,False,0,
202408020809,9,天ケ瀬特別(2勝),ダ,1800,曇,良,14:15,2024-02-18,京都,7,4,5,2017100415,ラブスピール,牝7,56,01154,松若風馬,1:54.0,3,9-9-10-10,37.8,67.9,11,454(-6),01142,[西]森田直行,291002,増田陽一,,"(*6,10)(2,3)11,12(1,4)5-8,9-7,13",9,1,1.5,False,"(*6,10)(2,3)12(1,4,11)-5,9(7,8)13",9,1,3.5,False,"(*10,7)(6,3)(2,12)-(1,4)9(5,11)13,8",10,2,3.5,False,"(*10,7)(6,2,12)3(1,4,9)5,13-11-8",10,1,0.0,False,0,
202408020809,9,天ケ瀬特別(2勝),ダ,1800,曇,良,14:15,2024-02-18,京都,8,8,13,2018100858,メイショウマントル,牡6,58,01125,国分優作,1:54.2,1.1/2,13-13-12-11,37.7,36.8,9,522(+8),01042,[西]安達昭夫,789006,松本和子,,"(*6,10)(2,3)11,12(1,4)5-8,9-7,13",13,1,11.5,False,"(*6,10)(2,3)12(1,4,11)-5,9(7,8)13",13,1,5.0,False,"(*10,7)(6,3)(2,12)-(1,4)9(5,11)13,8",12,1,3.5,False,"(*10,7)(6,2,12)3(1,4,9)5,13-11-8",11,1,1.5,False,0,
202408020809,9,天ケ瀬特別(2勝),ダ,1800,曇,良,14:15,2024-02-18,京都,9,6,8,2019104636,シュプリンガー,セ5,58,05659,ルメート,1:54.3,クビ,10-11-13-13,37.5,8.1,5,496(0),01194,[西]小栗実,542800,ライオンレースホース,,"(*6,10)(2,3)11,12(1,4)5-8,9-7,13",10,1,5.0,False,"(*6,10)(2,3)12(1,4,11)-5,9(7,8)13",11,2,5.0,False,"(*10,7)(6,3)(2,12)-(1,4)9(5,11)13,8",13,1,5.0,False,"(*10,7)(6,2,12)3(1,4,9)5,13-11-8",13,1,8.5,False,0,
202408020809,9,天ケ瀬特別(2勝),ダ,1800,曇,良,14:15,2024-02-18,京都,10,4,4,2020110151,グレン,牡4,57,01180,団野大成,1:54.5,1.1/4,7-6-7-7,38.7,5.7,3,490(-6),01098,[西]野中賢二,045803,カナヤマホールディン...,,"(*6,10)(2,3)11,12(1,4)5-8,9-7,13",7,2,1.5,False,"(*6,10)(2,3)12(1,4,11)-5,9(7,8)13",6,3,0.0,False,"(*10,7)(6,3)(2,12)-(1,4)9(5,11)13,8",7,2,3.5,False,"(*10,7)(6,2,12)3(1,4,9)5,13-11-8",7,3,0.0,False,0,
202408020809,9,天ケ瀬特別(2勝),ダ,1800,曇,良,14:15,2024-02-18,京都,11,7,11,2018103473,サヴァビアン,牡6,58,01147,城戸義政,1:54.6,1/2,5-6-10-12,38.1,166.1,12,436(-4),01091,[西]羽月友彦,851009,岡田牧雄,,"(*6,10)(2,3)11,12(1,4)5-8,9-7,13",5,1,0.0,False,"(*6,10)(2,3)12(1,4,11)-5,9(7,8)13",6,3,0.0,False,"(*10,7)(6,3)(2,12)-(1,4)9(5,11)13,8",10,2,3.5,False,"(*10,7)(6,2,12)3(1,4,9)5,13-11-8",12,1,5.0,False,0,
202408020809,9,天ケ瀬特別(2勝),ダ,1800,曇,良,14:15,2024-02-18,京都,12,5,6,2019102794,スカンジナビア,牝5,56,01034,酒井学,1:54.8,1.1/2,1-1-3-3,39.6,54.3,10,490(+10),01042,[西]安達昭夫,010803,市川義美ホールディン...,,"(*6,10)(2,3)11,12(1,4)5-8,9-7,13",1,2,0.0,True,"(*6,10)(2,3)12(1,4,11)-5,9(7,8)13",1,2,0.0,True,"(*10,7)(6,3)(2,12)-(1,4)9(5,11)13,8",3,2,0.0,False,"(*10,7)(6,2,12)3(1,4,9)5,13-11-8",3,3,0.0,False,0,
202408020809,9,天ケ瀬特別(2勝),ダ,1800,曇,良,14:15,2024-02-18,京都,13,3,3,2019104928,ヴィブラツィオーネ,牡5,58,01018,和田竜二,1:58.1,大,3-3-3-6,42.8,15.6,7,484(+2),01182,[東]辻哲英,213033,加藤裕司,,"(*6,10)(2,3)11,12(1,4)5-8,9-7,13",3,2,0.0,False,"(*6,10)(2,3)12(1,4,11)-5,9(7,8)13",3,2,0.0,False,"(*10,7)(6,3)(2,12)-(1,4)9(5,11)13,8",3,2,0.0,False,"(*10,7)(6,2,12)3(1,4,9)5,13-11-8",6,1,0.0,False,0,
202408020810,10,斑鳩S(3勝),芝,1600,曇,良,14:50,2024-02-18,京都,1,4,4,2019101609,ディオ,牡5,58,05212,Ｍ．デム,1:33.0,,3-3,34.1,3.1,1,500(-6),01183,[西]辻野泰之,248030,石川達絵,"1,867.3",,,,,,,,,,,"8,3,4,10(1,11)(2,9)5,12,7,6",3,1,3.0,False,"8,3,4(1,10)11(5,2,9)-(6,12)7",3,1,3.0,False,-5,連続開催15日目でDコース2日目。序盤のペースが上がりづらく、直線での末脚勝負になりがちだった。
202408020810,10,斑鳩S(3勝),芝,1600,曇,良,14:50,2024-02-18,京都,2,8,11,2020103354,アイスグリーン,牡4,58,01180,団野大成,1:33.2,1.1/4,5-6,33.8,5.3,4,484(+2),01144,[西]池添学,506800,シルクレーシング,747.8,,,,,,,,,,,"8,3,4,10(1,11)(2,9)5,12,7,6",5,2,4.5,False,"8,3,4(1,10)11(5,2,9)-(6,12)7",6,1,3.0,False,-5,連続開催15日目でDコース2日目。序盤のペースが上がりづらく、直線での末脚勝負になりがちだった。
202408020810,10,斑鳩S(3勝),芝,1600,曇,良,14:50,2024-02-18,京都,3,3,3,2020103102,セオ,牡4,58,01163,坂井瑠星,1:33.5,1.3/4,2-2,34.8,3.3,2,486(-4),01168,[西]上村洋行,310007,吉田千津,463.9,,,,,,,,,,,"8,3,4,10(1,11)(2,9)5,12,7,6",2,1,1.5,False,"8,3,4(1,10)11(5,2,9)-(6,12)7",2,1,1.5,False,-5,連続開催15日目でDコース2日目。序盤のペースが上がりづらく、直線での末脚勝負になりがちだった。
202408020810,10,斑鳩S(3勝),芝,1600,曇,良,14:50,2024-02-18,京都,4,7,9,2018101579,シャイニングフジ,牝6,56,01116,藤岡康太,1:33.6,1/2,7-7,34.0,50.2,8,498(-2),01104,[西]笹田和秀,857004,林進,280.0,,,,,,,,,,,"8,3,4,10(1,11)(2,9)5,12,7,6",7,2,4.5,False,"8,3,4(1,10)11(5,2,9)-(6,12)7",7,3,3.0,False,-5,連続開催15日目でDコース2日目。序盤のペースが上がりづらく、直線での末脚勝負になりがちだった。
202408020810,10,斑鳩S(3勝),芝,1600,曇,良,14:50,2024-02-18,京都,5,5,6,2019107075,ブランデーロック,牡5,58,00641,柴田善臣,1:33.7,1,12-10,33.5,23.6,6,484(0),01005,[東]小桧山悟,822031,新井利宜,184.0,,,,,,,,,,,"8,3,4,10(1,11)(2,9)5,12,7,6",12,1,9.0,False,"8,3,4(1,10)11(5,2,9)-(6,12)7",10,2,6.5,False,-5,連続開催15日目でDコース2日目。序盤のペースが上がりづらく、直線での末脚勝負になりがちだった。
202408020810,10,斑鳩S(3勝),芝,1600,曇,良,14:50,2024-02-18,京都,6,7,10,2019105555,ヴェールアンレーヴ,牝5,56,01154,松若風馬,1:33.8,3/4,4-4,34.7,14.2,5,452(-2),01175,[東]宮田敬介,026803,ＤＭＭドリームクラブ,,,,,,,,,,,,"8,3,4,10(1,11)(2,9)5,12,7,6",4,1,4.5,False,"8,3,4(1,10)11(5,2,9)-(6,12)7",4,2,3.0,False,-5,連続開催15日目でDコース2日目。序盤のペースが上がりづらく、直線での末脚勝負になりがちだった。
202408020810,10,斑鳩S(3勝),芝,1600,曇,良,14:50,2024-02-18,京都,7,6,7,2017106086,メイショウベッピン,牝7,56,01018,和田竜二,1:33.9,1/2,11-12,33.7,185.0,11,486(0),01095,[西]荒川義之,523005,松本好雄,,,,,,,,,,,,"8,3,4,10(1,11)(2,9)5,12,7,6",11,1,7.5,False,"8,3,4(1,10)11(5,2,9)-(6,12)7",12,1,6.5,False,-5,連続開催15日目でDコース2日目。序盤のペースが上がりづらく、直線での末脚勝負になりがちだった。
202408020810,10,斑鳩S(3勝),芝,1600,曇,良,14:50,2024-02-18,京都,8,8,12,2020103271,ショウナンアレクサ,牡4,58,05659,ルメート,1:34.0,1/2,10-10,34.0,3.8,3,504(+4),01110,[西]清水久詞,331002,国本哲秀,,,,,,,,,,,,"8,3,4,10(1,11)(2,9)5,12,7,6",10,1,6.0,False,"8,3,4(1,10)11(5,2,9)-(6,12)7",10,2,6.5,False,-5,連続開催15日目でDコース2日目。序盤のペースが上がりづらく、直線での末脚勝負になりがちだった。
202408020810,10,斑鳩S(3勝),芝,1600,曇,良,14:50,2024-02-18,京都,9,1,1,2019104850,バレエマスター,牡5,58,01015,古川吉洋,1:34.1,3/4,5-4,34.9,80.3,9,478(+2),01084,[西]梅田智之,758005,吉田照哉,,,,,,,,,,,,"8,3,4,10(1,11)(2,9)5,12,7,6",5,2,4.5,False,"8,3,4(1,10)11(5,2,9)-(6,12)7",4,2,3.0,False,-5,連続開催15日目でDコース2日目。序盤のペースが上がりづらく、直線での末脚勝負になりがちだった。
202408020810,10,斑鳩S(3勝),芝,1600,曇,良,14:50,2024-02-18,京都,10,6,8,2018100043,ロワンディシー,牡6,58,01092,津村明秀,1:34.2,クビ,1-1,35.8,46.4,7,458(+8),01078,[西]北出成人,853002,松本俊廣,,,,,,,,,,,,"8,3,4,10(1,11)(2,9)5,12,7,6",1,1,0.0,False,"8,3,4(1,10)11(5,2,9)-(6,12)7",1,1,0.0,False,-5,連続開催15日目でDコース2日目。序盤のペースが上がりづらく、直線での末脚勝負になりがちだった。
202408020810,10,斑鳩S(3勝),芝,1600,曇,良,14:50,2024-02-18,京都,11,2,2,2018104160,ニホンピロタイズ,牡6,58,01208,田口貫太,1:34.2,ハナ,7-7,34.6,194.5,12,522(+14),01065,[西]大橋勇樹,587031,小林英一,,,,,,,,,,,,"8,3,4,10(1,11)(2,9)5,12,7,6",7,2,4.5,False,"8,3,4(1,10)11(5,2,9)-(6,12)7",7,3,3.0,False,-5,連続開催15日目でDコース2日目。序盤のペースが上がりづらく、直線での末脚勝負になりがちだった。
202408020810,10,斑鳩S(3勝),芝,1600,曇,良,14:50,2024-02-18,京都,12,5,5,2018103590,リッケンバッカー,牡6,58,01124,国分恭介,1:34.4,1.1/4,9-7,34.7,124.4,10,492(+8),01148,[西]西村真幸,271008,安原浩司,,,,,,,,,,,,"8,3,4,10(1,11)(2,9)5,12,7,6",9,1,4.5,False,"8,3,4(1,10)11(5,2,9)-(6,12)7",7,3,3.0,False,-5,連続開催15日目でDコース2日目。序盤のペースが上がりづらく、直線での末脚勝負になりがちだった。
202408020811,11,大和S(OP),ダ,1200,曇,良,15:30,2024-02-18,京都,1,4,4,2019105967,スズカコテキタイ,牡5,58,01180,団野大成,1:10.7,,10-10,35.3,16.4,8,496(-4),01145,[東]奥村武,382004,永井啓弍,"2,229.4",,,,,,,,,,,"3,9(1,5,13)-(10,2,12)7-4,6,8,11",10,1,8.5,False,"(*3,9)13(1,5)2(10,12)7(8,4,6)11",10,3,0.0,False,-4,
202408020811,11,大和S(OP),ダ,1200,曇,良,15:30,2024-02-18,京都,2,8,12,2018102969,タイセイブレイズ,牡6,57,05212,Ｍ．デム,1:10.8,3/4,6-7,35.9,3.0,1,480(0),01113,[西]牧浦充徳,224007,田中成奉,888.4,,,,,,,,,,,"3,9(1,5,13)-(10,2,12)7-4,6,8,11",6,3,5.0,False,"(*3,9)13(1,5)2(10,12)7(8,4,6)11",7,2,0.0,False,-4,
202408020811,11,大和S(OP),ダ,1200,曇,良,15:30,2024-02-18,京都,3,4,5,2019105741,イスラアネーロ,牡5,57,01018,和田竜二,1:10.8,ハナ,3-4,36.3,17.6,9,458(-4),01130,[西]吉村圭司,425030,堂守貴志,554.2,,,,,,,,,,,"3,9(1,5,13)-(10,2,12)7-4,6,8,11",3,3,1.5,False,"(*3,9)13(1,5)2(10,12)7(8,4,6)11",4,2,0.0,False,-4,
202408020811,11,大和S(OP),ダ,1200,曇,良,15:30,2024-02-18,京都,4,1,1,2020105622,パラシュラーマ,牡4,57,01154,松若風馬,1:10.9,3/4,3-4,36.5,5.1,2,486(-2),01138,[西]浜田多実,788800,ノースヒルズ,330.0,,,,,,,,,,,"3,9(1,5,13)-(10,2,12)7-4,6,8,11",3,3,1.5,False,"(*3,9)13(1,5)2(10,12)7(8,4,6)11",4,2,0.0,False,-4,
202408020811,11,大和S(OP),ダ,1200,曇,良,15:30,2024-02-18,京都,5,5,7,2018106147,メイショウミツヤス,牡6,57,01015,古川吉洋,1:11.0,1/2,9-9,35.9,34.3,10,524(+2),01033,[西]木原一良,911008,松本好隆,220.0,,,,,,,,,,,"3,9(1,5,13)-(10,2,12)7-4,6,8,11",9,1,5.0,False,"(*3,9)13(1,5)2(10,12)7(8,4,6)11",9,1,0.0,False,-4,
202408020811,11,大和S(OP),ダ,1200,曇,良,15:30,2024-02-18,京都,6,3,3,2019105968,チェイスザドリーム,牝5,57,01163,坂井瑠星,1:11.2,1,1-1,37.0,6.7,3,474(-4),01075,[西]矢作芳人,547800,ヒダカ・ブリーダーズ...,,,,,,,,,,,,"3,9(1,5,13)-(10,2,12)7-4,6,8,11",1,1,0.0,False,"(*3,9)13(1,5)2(10,12)7(8,4,6)11",1,2,0.0,True,-4,
202408020811,11,大和S(OP),ダ,1200,曇,良,15:30,2024-02-18,京都,7,2,2,2019103065,ゼットレヨン,牡5,57,01034,酒井学,1:11.3,クビ,6-6,36.5,7.8,4,488(-4),01101,[西]吉田直弘,730800,フォーレスト,,,,,,,,,,,,"3,9(1,5,13)-(10,2,12)7-4,6,8,11",6,3,5.0,False,"(*3,9)13(1,5)2(10,12)7(8,4,6)11",6,1,0.0,False,-4,
202408020811,11,大和S(OP),ダ,1200,曇,良,15:30,2024-02-18,京都,8,7,11,2017101534,オーヴァーネクサス,牡7,58,01116,藤岡康太,1:11.3,クビ,13-13,35.6,74.7,11,508(+4),01149,[西]松下武士,547800,ヒダカ・ブリーダーズ...,,,,,,,,,,,,"3,9(1,5,13)-(10,2,12)7-4,6,8,11",13,1,13.0,False,"(*3,9)13(1,5)2(10,12)7(8,4,6)11",13,1,0.0,False,-4,
202408020811,11,大和S(OP),ダ,1200,曇,良,15:30,2024-02-18,京都,9,5,6,2017101380,ベルダーイメル,牡7,60,00641,柴田善臣,1:11.3,アタマ,11-10,35.8,9.6,5,472(+2),01099,[西]本田優,334803,ケーエスＨＤ,,,,,,,,,,,,"3,9(1,5,13)-(10,2,12)7-4,6,8,11",11,1,10.0,False,"(*3,9)13(1,5)2(10,12)7(8,4,6)11",10,3,0.0,False,-4,
202408020811,11,大和S(OP),ダ,1200,曇,良,15:30,2024-02-18,京都,10,6,8,2018106183,ボイラーハウス,牡6,57,01125,国分優作,1:11.5,1.1/4,12-10,36.0,91.0,13,496(+4),01152,[東]竹内正洋,306031,永田博之,,,,,,,,,,,,"3,9(1,5,13)-(10,2,12)7-4,6,8,11",12,1,11.5,False,"(*3,9)13(1,5)2(10,12)7(8,4,6)11",10,3,0.0,False,-4,
202408020811,11,大和S(OP),ダ,1200,曇,良,15:30,2024-02-18,京都,11,6,9,2018106074,ヴァガボンド,牡6,57,05659,ルメート,1:11.7,1.1/2,2-2,37.4,13.8,7,496(-4),01110,[西]清水久詞,045803,カナヤマホールディン...,,,,,,,,,,,,"3,9(1,5,13)-(10,2,12)7-4,6,8,11",2,1,1.5,False,"(*3,9)13(1,5)2(10,12)7(8,4,6)11",2,2,0.0,False,-4,
202408020811,11,大和S(OP),ダ,1200,曇,良,15:30,2024-02-18,京都,12,7,10,2016102177,メイショウウズマサ,牡8,58,01141,中井裕二,1:11.9,1.1/4,6-7,37.1,78.0,12,498(-4),00438,[西]安田隆行,523005,松本好雄,,,,,,,,,,,,"3,9(1,5,13)-(10,2,12)7-4,6,8,11",6,3,5.0,False,"(*3,9)13(1,5)2(10,12)7(8,4,6)11",7,2,0.0,False,-4,
202408020811,11,大和S(OP),ダ,1200,曇,良,15:30,2024-02-18,京都,13,8,13,2019106521,ヘラルドバローズ,牡5,57,01092,津村明秀,1:12.8,5,3-3,38.4,10.2,6,506(+4),01158,[西]寺島良,859007,猪熊広次,,,,,,,,,,,,"3,9(1,5,13)-(10,2,12)7-4,6,8,11",3,3,1.5,False,"(*3,9)13(1,5)2(10,12)7(8,4,6)11",3,1,0.0,False,-4,
202408020812,12,4歳以上2勝クラス,芝,1600,晴,良,16:10,2024-02-18,京都,1,8,8,2020103899,セーヌドゥレーヴ,牝4,56,01163,坂井瑠星,1:33.9,,6-6,33.3,1.5,1,466(+2),01176,[西]吉岡辰弥,854800,ノルマンディーサラブ...,"1,140.0",,,,,,,,,,,"5-(9,1)-(2,4)-(3,8)(6,7)",6,2,10.5,False,"5,1,9,4-2,8,3(6,7)",6,1,9.5,False,-5,連続開催15日目でDコース2日目。序盤のペースが上がりづらく、直線での末脚勝負になりがちだった。
202408020812,12,4歳以上2勝クラス,芝,1600,晴,良,16:10,2024-02-18,京都,2,1,1,2019106925,ムーンリットナイト,牡5,58,05212,Ｍ．デム,1:33.9,アタマ,2-2,34.2,4.3,2,508(+2),00425,[西]加用正,148800,グリーンファーム,460.0,,,,,,,,,,,"5-(9,1)-(2,4)-(3,8)(6,7)",2,2,3.5,False,"5,1,9,4-2,8,3(6,7)",2,1,1.5,False,-5,連続開催15日目でDコース2日目。序盤のペースが上がりづらく、直線での末脚勝負になりがちだった。
202408020812,12,4歳以上2勝クラス,芝,1600,晴,良,16:10,2024-02-18,京都,3,8,9,2020101031,アスクエピソード,牡4,58,05659,ルメート,1:34.2,2,2-3,34.3,9.7,4,468(-6),01055,[西]藤原英昭,037803,廣崎利洋ＨＤ,290.0,,,,,,,,,,,"5-(9,1)-(2,4)-(3,8)(6,7)",2,2,3.5,False,"5,1,9,4-2,8,3(6,7)",3,1,3.0,False,-5,連続開催15日目でDコース2日目。序盤のペースが上がりづらく、直線での末脚勝負になりがちだった。
202408020812,12,4歳以上2勝クラス,芝,1600,晴,良,16:10,2024-02-18,京都,4,4,4,2018104317,ミツルハピネス,牝6,56,01034,酒井学,1:34.3,クビ,4-4,34.2,26.7,6,520(+4),01194,[西]小栗実,316033,守内ひろ子,170.0,,,,,,,,,,,"5-(9,1)-(2,4)-(3,8)(6,7)",4,2,7.0,False,"5,1,9,4-2,8,3(6,7)",4,1,4.5,False,-5,連続開催15日目でDコース2日目。序盤のペースが上がりづらく、直線での末脚勝負になりがちだった。
202408020812,12,4歳以上2勝クラス,芝,1600,晴,良,16:10,2024-02-18,京都,5,2,2,2020106557,コンクイスタ,牡4,58,01116,藤岡康太,1:34.5,1.1/4,4-5,34.1,8.3,3,484(-2),01176,[西]吉岡辰弥,102800,ターフ・スポート,114.0,,,,,,,,,,,"5-(9,1)-(2,4)-(3,8)(6,7)",4,2,7.0,False,"5,1,9,4-2,8,3(6,7)",5,1,8.0,False,-5,連続開催15日目でDコース2日目。序盤のペースが上がりづらく、直線での末脚勝負になりがちだった。
202408020812,12,4歳以上2勝クラス,芝,1600,晴,良,16:10,2024-02-18,京都,6,5,5,2019102820,メイショウラナキラ,牡5,58,01018,和田竜二,1:34.7,1.1/4,1-1,35.2,16.0,5,464(0),01136,[西]高橋亮,523005,松本好雄,,,,,,,,,,,,"5-(9,1)-(2,4)-(3,8)(6,7)",1,1,0.0,False,"5,1,9,4-2,8,3(6,7)",1,1,0.0,False,-5,連続開催15日目でDコース2日目。序盤のペースが上がりづらく、直線での末脚勝負になりがちだった。
202408020812,12,4歳以上2勝クラス,芝,1600,晴,良,16:10,2024-02-18,京都,7,6,6,2017105224,キングダムウイナー,牡7,58,01125,国分優作,1:35.2,3,8-8,34.4,151.3,9,502(-8),01180,[西]田中克典,542800,ライオンレースホース,,,,,,,,,,,,"5-(9,1)-(2,4)-(3,8)(6,7)",8,2,10.5,False,"5,1,9,4-2,8,3(6,7)",8,2,11.0,False,-5,連続開催15日目でDコース2日目。序盤のペースが上がりづらく、直線での末脚勝負になりがちだった。
202408020812,12,4歳以上2勝クラス,芝,1600,晴,良,16:10,2024-02-18,京都,8,7,7,2017104128,バーンパッション,牡7,57,01208,田口貫太,1:35.3,3/4,8-8,34.5,120.2,8,482(+6),01090,[東]天間昭一,851009,岡田牧雄,,,,,,,,,,,,"5-(9,1)-(2,4)-(3,8)(6,7)",8,2,10.5,False,"5,1,9,4-2,8,3(6,7)",8,2,11.0,False,-5,連続開催15日目でDコース2日目。序盤のペースが上がりづらく、直線での末脚勝負になりがちだった。
202408020812,12,4歳以上2勝クラス,芝,1600,晴,良,16:10,2024-02-18,京都,中,3,3,2018102202,オブデュモンド,セ6,58,01092,津村明秀,,,6-7,,34.5,7,516(-12),01191,[東]蛯名正義,845008,多田信尊,,,,,,,,,,,,"5-(9,1)-(2,4)-(3,8)(6,7)",6,2,10.5,False,"5,1,9,4-2,8,3(6,7)",7,1,11.0,False,-5,連続開催15日目でDコース2日目。序盤のペースが上がりづらく、直線での末脚勝負になりがちだった。
202410020401,1,3歳未勝利,ダ,1700,晴,良,09:50,2024-02-18,小倉,1,7,14,2021103987,スナークラファエロ,牡3,56,01185,小沢大仁,1:46.4,,4-4-3-3,39.0,6.8,3,472(-6),01098,[西]野中賢二,478030,杉本豊,550.0,"9(5,16)14,13-12,10,6,7-11(3,8)1(4,2)15",4,1,0.0,False,"9,16,5-(13,14)-12,10,6,7-11-(3,8)1-2,4,15",4,2,6.5,False,"9,5(16,14)-(10,6)12,13,7-1,11(8,15)(3,4)2",3,2,1.5,False,"(*9,5)14-6,10(16,12)-7,1,13(11,4)(3,15)2,8",3,1,0.0,False,3,
202410020401,1,3歳未勝利,ダ,1700,晴,良,09:50,2024-02-18,小倉,2,5,9,2021105711,ズバットマサムネ,牡3,54,01187,永島まな,1:46.6,1.1/4,1-1-1-1,39.8,3.9,2,490(+4),01178,[西]杉山佳明,915008,塩澤正樹,220.0,"9(5,16)14,13-12,10,6,7-11(3,8)1(4,2)15",1,1,0.0,False,"9,16,5-(13,14)-12,10,6,7-11-(3,8)1-2,4,15",1,1,0.0,False,"9,5(16,14)-(10,6)12,13,7-1,11(8,15)(3,4)2",1,1,0.0,False,"(*9,5)14-6,10(16,12)-7,1,13(11,4)(3,15)2,8",1,2,0.0,True,3,
202410020401,1,3歳未勝利,ダ,1700,晴,良,09:50,2024-02-18,小倉,3,3,5,2021103197,タマモキャリコ,セ3,57,01127,丸山元気,1:46.6,クビ,2-3-2-2,39.6,8.5,4,420(-8),01003,[西]川村禎彦,515800,タマモ,140.0,"9(5,16)14,13-12,10,6,7-11(3,8)1(4,2)15",2,2,0.0,False,"9,16,5-(13,14)-12,10,6,7-11-(3,8)1-2,4,15",3,1,3.0,False,"9,5(16,14)-(10,6)12,13,7-1,11(8,15)(3,4)2",2,1,1.5,False,"(*9,5)14-6,10(16,12)-7,1,13(11,4)(3,15)2,8",2,2,0.0,False,3,
202410020401,1,3歳未勝利,ダ,1700,晴,良,09:50,2024-02-18,小倉,4,3,6,2021104194,ベルノレイズ,牡3,57,01168,富田暁,1:47.2,3.1/2,8-8-5-4,39.3,2.2,1,502(-4),01185,[西]小林真也,330700,スズノレーシングクラ...,83.0,"9(5,16)14,13-12,10,6,7-11(3,8)1(4,2)15",8,1,8.0,False,"9,16,5-(13,14)-12,10,6,7-11-(3,8)1-2,4,15",8,1,13.0,False,"9,5(16,14)-(10,6)12,13,7-1,11(8,15)(3,4)2",5,2,5.0,False,"(*9,5)14-6,10(16,12)-7,1,13(11,4)(3,15)2,8",4,1,3.5,False,3,
202410020401,1,3歳未勝利,ダ,1700,晴,良,09:50,2024-02-18,小倉,5,5,10,2021102245,キモンキャリントン,牡3,53,01204,河原田菜,1:47.7,2.1/2,7-7-5-5,39.8,57.9,10,432(+4),01155,[西]渡辺薫彦,966007,小林祥晃,55.0,"9(5,16)14,13-12,10,6,7-11(3,8)1(4,2)15",7,1,6.5,False,"9,16,5-(13,14)-12,10,6,7-11-(3,8)1-2,4,15",7,1,11.5,False,"9,5(16,14)-(10,6)12,13,7-1,11(8,15)(3,4)2",5,2,5.0,False,"(*9,5)14-6,10(16,12)-7,1,13(11,4)(3,15)2,8",5,1,5.0,False,3,
202410020401,1,3歳未勝利,ダ,1700,晴,良,09:50,2024-02-18,小倉,6,1,1,2021106294,ゼンダンスカイ,牡3,57,01144,菱田裕二,1:47.8,1/2,13-13-10-9,38.5,12.9,5,460(-10),01121,[西]角田晃一,377031,ゼンレーシング,,"9(5,16)14,13-12,10,6,7-11(3,8)1(4,2)15",13,1,13.0,False,"9,16,5-(13,14)-12,10,6,7-11-(3,8)1-2,4,15",13,1,21.5,False,"9,5(16,14)-(10,6)12,13,7-1,11(8,15)(3,4)2",10,1,11.5,False,"(*9,5)14-6,10(16,12)-7,1,13(11,4)(3,15)2,8",9,1,10.0,False,3,
202410020401,1,3歳未勝利,ダ,1700,晴,良,09:50,2024-02-18,小倉,7,2,4,2021104413,ウェイトゥゴー,牝3,54,01197,佐々木大,1:48.2,2.1/2,14-15-14-11,38.5,13.4,6,468(-6),01105,[西]須貝尚介,271008,安原浩司,,"9(5,16)14,13-12,10,6,7-11(3,8)1(4,2)15",14,2,13.0,False,"9,16,5-(13,14)-12,10,6,7-11-(3,8)1-2,4,15",15,1,26.5,False,"9,5(16,14)-(10,6)12,13,7-1,11(8,15)(3,4)2",14,2,13.0,False,"(*9,5)14-6,10(16,12)-7,1,13(11,4)(3,15)2,8",11,2,11.5,False,3,
202410020401,1,3歳未勝利,ダ,1700,晴,良,09:50,2024-02-18,小倉,8,6,12,2021102631,エスオーライジング,牡3,57,01130,高倉稜,1:48.5,1.1/2,6-6-7-6,40.5,312.4,16,480(+12),01033,[西]木原一良,150031,岡本昌市,,"9(5,16)14,13-12,10,6,7-11(3,8)1(4,2)15",6,1,5.0,False,"9,16,5-(13,14)-12,10,6,7-11-(3,8)1-2,4,15",6,1,10.0,False,"9,5(16,14)-(10,6)12,13,7-1,11(8,15)(3,4)2",7,1,5.0,False,"(*9,5)14-6,10(16,12)-7,1,13(11,4)(3,15)2,8",6,2,5.0,False,3,
202410020401,1,3歳未勝利,ダ,1700,晴,良,09:50,2024-02-18,小倉,9,1,2,2021100516,カシノカンピオーネ,牡3,57,01161,菊沢一樹,1:49.0,3.1/2,14-14-16-15,39.1,125.4,13,492(+4),01090,[東]天間昭一,514009,柏木務,,"9(5,16)14,13-12,10,6,7-11(3,8)1(4,2)15",14,2,13.0,False,"9,16,5-(13,14)-12,10,6,7-11-(3,8)1-2,4,15",14,1,25.0,False,"9,5(16,14)-(10,6)12,13,7-1,11(8,15)(3,4)2",16,1,13.0,False,"(*9,5)14-6,10(16,12)-7,1,13(11,4)(3,15)2,8",15,1,11.5,False,3,
202410020401,1,3歳未勝利,ダ,1700,晴,良,09:50,2024-02-18,小倉,10,2,3,2021100794,ドナアフロディテ,牝3,55,01115,浜中俊,1:49.1,1/2,11-11-14-13,39.4,48.5,8,456(+2),01087,[西]庄野靖志,620031,山田容子,,"9(5,16)14,13-12,10,6,7-11(3,8)1(4,2)15",11,2,13.0,False,"9,16,5-(13,14)-12,10,6,7-11-(3,8)1-2,4,15",11,2,21.5,False,"9,5(16,14)-(10,6)12,13,7-1,11(8,15)(3,4)2",14,2,13.0,False,"(*9,5)14-6,10(16,12)-7,1,13(11,4)(3,15)2,8",13,2,11.5,False,3,
202410020401,1,3歳未勝利,ダ,1700,晴,良,09:50,2024-02-18,小倉,11,6,11,2021105090,ミリオーレアルバ,牡3,57,01157,鮫島克駿,1:49.3,1.1/2,10-10-11-11,39.9,55.8,9,484(-2),01157,[西]杉山晴紀,542800,ライオンレースホース,,"9(5,16)14,13-12,10,6,7-11(3,8)1(4,2)15",10,1,13.0,False,"9,16,5-(13,14)-12,10,6,7-11-(3,8)1-2,4,15",10,1,18.0,False,"9,5(16,14)-(10,6)12,13,7-1,11(8,15)(3,4)2",11,1,13.0,False,"(*9,5)14-6,10(16,12)-7,1,13(11,4)(3,15)2,8",11,2,11.5,False,3,
202410020401,1,3歳未勝利,ダ,1700,晴,良,09:50,2024-02-18,小倉,12,4,7,2021101425,ダンツニーヴァ,牡3,57,01019,秋山真一,1:49.5,1,9-9-9-8,41.0,23.2,7,562(-6),00431,[西]谷潔,248005,山元哲二,,"9(5,16)14,13-12,10,6,7-11(3,8)1(4,2)15",9,1,9.5,False,"9,16,5-(13,14)-12,10,6,7-11-(3,8)1-2,4,15",9,1,14.5,False,"9,5(16,14)-(10,6)12,13,7-1,11(8,15)(3,4)2",9,1,8.0,False,"(*9,5)14-6,10(16,12)-7,1,13(11,4)(3,15)2,8",8,1,8.5,False,3,
202410020401,1,3歳未勝利,ダ,1700,晴,良,09:50,2024-02-18,小倉,13,8,15,2021105186,シンボルザサン,セ3,57,01160,荻野極,1:50.0,3,16-16-12-13,40.5,239.3,14,452(+8),01145,[東]奥村武,758005,吉田照哉,,"9(5,16)14,13-12,10,6,7-11(3,8)1(4,2)15",16,1,13.0,False,"9,16,5-(13,14)-12,10,6,7-11-(3,8)1-2,4,15",16,1,28.0,False,"9,5(16,14)-(10,6)12,13,7-1,11(8,15)(3,4)2",12,2,13.0,False,"(*9,5)14-6,10(16,12)-7,1,13(11,4)(3,15)2,8",13,2,11.5,False,3,
202410020401,1,3歳未勝利,ダ,1700,晴,良,09:50,2024-02-18,小倉,14,4,8,2021103992,ベストオブキング,牡3,57,01133,水口優也,1:50.6,3.1/2,11-11-12-16,41.0,286.1,15,486(+6),01041,[西]藤沢則雄,055700,グリーンスウォード,,"9(5,16)14,13-12,10,6,7-11(3,8)1(4,2)15",11,2,13.0,False,"9,16,5-(13,14)-12,10,6,7-11-(3,8)1-2,4,15",11,2,21.5,False,"9,5(16,14)-(10,6)12,13,7-1,11(8,15)(3,4)2",12,2,13.0,False,"(*9,5)14-6,10(16,12)-7,1,13(11,4)(3,15)2,8",16,1,13.0,False,3,
202410020401,1,3歳未勝利,ダ,1700,晴,良,09:50,2024-02-18,小倉,15,7,13,2021105110,カルデナール,牡3,55,01200,西塚洸二,1:51.0,2.1/2,5-4-8-10,42.8,103.6,12,478(-14),01144,[西]池添学,415800,社台レースホース,,"9(5,16)14,13-12,10,6,7-11(3,8)1(4,2)15",5,1,1.5,False,"9,16,5-(13,14)-12,10,6,7-11-(3,8)1-2,4,15",4,2,6.5,False,"9,5(16,14)-(10,6)12,13,7-1,11(8,15)(3,4)2",8,1,6.5,False,"(*9,5)14-6,10(16,12)-7,1,13(11,4)(3,15)2,8",10,1,11.5,False,3,
202410020401,1,3歳未勝利,ダ,1700,晴,良,09:50,2024-02-18,小倉,16,8,16,2021106402,アドーネ,牡3,54,01193,今村聖奈,1:51.6,3.1/2,2-2-3-6,44.3,81.9,11,468(+10),01111,[西]鈴木孝志,895030,山口敦広,,"9(5,16)14,13-12,10,6,7-11(3,8)1(4,2)15",2,2,0.0,False,"9,16,5-(13,14)-12,10,6,7-11-(3,8)1-2,4,15",2,1,1.5,False,"9,5(16,14)-(10,6)12,13,7-1,11(8,15)(3,4)2",3,2,1.5,False,"(*9,5)14-6,10(16,12)-7,1,13(11,4)(3,15)2,8",6,2,5.0,False,3,
202410020402,2,3歳未勝利,芝,1200,晴,良,10:15,2024-02-18,小倉,1,7,14,2021102914,モズトキキ,牝3,55,01176,亀田温心,1:08.8,,7-4,34.8,2.6,1,536(-2),01107,[西]村山明,005803,キャピタル・システム,550.0,,,,,,,,,,,"1(7,17)(4,9,12)(11,13,14)18,6(5,10,16)2-3-15-8",7,3,0.0,False,"1-(7,17)(11,4,12,14)9(13,18)(6,16)10(5,2)-(15,3)-8",4,4,3.5,False,-10,連続開催12日目でBコース4日目。土曜よりも少し速めの時計レベル。外伸び傾向で差し有利。
202410020402,2,3歳未勝利,芝,1200,晴,良,10:15,2024-02-18,小倉,2,4,7,2021100297,ブルボンクイーン,牝3,55,01157,鮫島克駿,1:08.9,1/2,2-2,35.3,4.1,2,472(+6),01121,[西]角田晃一,788800,ノースヒルズ,220.0,,,,,,,,,,,"1(7,17)(4,9,12)(11,13,14)18,6(5,10,16)2-3-15-8",2,2,0.0,False,"1-(7,17)(11,4,12,14)9(13,18)(6,16)10(5,2)-(15,3)-8",2,2,3.5,False,-10,連続開催12日目でBコース4日目。土曜よりも少し速めの時計レベル。外伸び傾向で差し有利。
202410020402,2,3歳未勝利,芝,1200,晴,良,10:15,2024-02-18,小倉,3,8,18,2021103052,サニイアール,牝3,55,01091,丹内祐次,1:09.0,1/2,10-9,34.8,27.3,8,444(-2),01027,[東]田村康仁,858800,大塚亮一,140.0,,,,,,,,,,,"1(7,17)(4,9,12)(11,13,14)18,6(5,10,16)2-3-15-8",10,1,0.0,False,"1-(7,17)(11,4,12,14)9(13,18)(6,16)10(5,2)-(15,3)-8",9,2,3.5,False,-10,連続開催12日目でBコース4日目。土曜よりも少し速めの時計レベル。外伸び傾向で差し有利。
202410020402,2,3歳未勝利,芝,1200,晴,良,10:15,2024-02-18,小倉,4,5,10,2021102339,ユッカラン,牝3,55,01096,大野拓弥,1:09.2,1.1/4,12-13,34.8,34.5,10,450(+4),01100,[東]松山将樹,607033,大野裕,83.0,,,,,,,,,,,"1(7,17)(4,9,12)(11,13,14)18,6(5,10,16)2-3-15-8",12,3,1.5,False,"1-(7,17)(11,4,12,14)9(13,18)(6,16)10(5,2)-(15,3)-8",13,1,3.5,False,-10,連続開催12日目でBコース4日目。土曜よりも少し速めの時計レベル。外伸び傾向で差し有利。
202410020402,2,3歳未勝利,芝,1200,晴,良,10:15,2024-02-18,小倉,5,8,16,2021101528,クイーンカナロア,牝3,52,01193,今村聖奈,1:09.3,1,12-11,34.9,9.9,4,428(-10),01062,[西]藤岡健一,015060,張月勝,55.0,,,,,,,,,,,"1(7,17)(4,9,12)(11,13,14)18,6(5,10,16)2-3-15-8",12,3,1.5,False,"1-(7,17)(11,4,12,14)9(13,18)(6,16)10(5,2)-(15,3)-8",11,2,3.5,False,-10,連続開催12日目でBコース4日目。土曜よりも少し速めの時計レベル。外伸び傾向で差し有利。
202410020402,2,3歳未勝利,芝,1200,晴,良,10:15,2024-02-18,小倉,6,1,1,2021100718,テキーラワルツ,牝3,53,01200,西塚洸二,1:09.4,1/2,1-1,35.9,403.3,18,438(-4),01032,[西]大根田裕,211031,成田才仁,,,,,,,,,,,,"1(7,17)(4,9,12)(11,13,14)18,6(5,10,16)2-3-15-8",1,1,0.0,False,"1-(7,17)(11,4,12,14)9(13,18)(6,16)10(5,2)-(15,3)-8",1,1,0.0,False,-10,連続開催12日目でBコース4日目。土曜よりも少し速めの時計レベル。外伸び傾向で差し有利。
202410020402,2,3歳未勝利,芝,1200,晴,良,10:15,2024-02-18,小倉,7,6,11,2021100233,テーオーサファイア,牝3,54,01181,秋山稔樹,1:09.5,クビ,7-4,35.5,32.8,9,430(-8),01018,[西]宮徹,304008,小笹公也,,,,,,,,,,,,"1(7,17)(4,9,12)(11,13,14)18,6(5,10,16)2-3-15-8",7,3,0.0,False,"1-(7,17)(11,4,12,14)9(13,18)(6,16)10(5,2)-(15,3)-8",4,4,3.5,False,-10,連続開催12日目でBコース4日目。土曜よりも少し速めの時計レベル。外伸び傾向で差し有利。
202410020402,2,3歳未勝利,芝,1200,晴,良,10:15,2024-02-18,小倉,8,6,12,2021102165,バニッツア,牝3,52,01203,石田拓郎,1:10.0,3,4-4,36.2,336.8,17,376(+2),01123,[西]牧田和弥,875006,永田和彦,,,,,,,,,,,,"1(7,17)(4,9,12)(11,13,14)18,6(5,10,16)2-3-15-8",4,3,0.0,False,"1-(7,17)(11,4,12,14)9(13,18)(6,16)10(5,2)-(15,3)-8",4,4,3.5,False,-10,連続開催12日目でBコース4日目。土曜よりも少し速めの時計レベル。外伸び傾向で差し有利。
202410020402,2,3歳未勝利,芝,1200,晴,良,10:15,2024-02-18,小倉,9,8,17,2021100460,カワカミガンビエ,牝3,55,01127,丸山元気,1:10.0,クビ,2-2,36.3,11.3,5,486(+6),01099,[西]本田優,691800,三石川上牧場,,,,,,,,,,,,"1(7,17)(4,9,12)(11,13,14)18,6(5,10,16)2-3-15-8",2,2,0.0,False,"1-(7,17)(11,4,12,14)9(13,18)(6,16)10(5,2)-(15,3)-8",2,2,3.5,False,-10,連続開催12日目でBコース4日目。土曜よりも少し速めの時計レベル。外伸び傾向で差し有利。
202410020402,2,3歳未勝利,芝,1200,晴,良,10:15,2024-02-18,小倉,10,7,13,2021101064,ノイヤー,牝3,54,01186,角田大和,1:10.0,ハナ,7-9,36.0,5.0,3,456(+2),01136,[西]高橋亮,045803,カナヤマホールディン...,,,,,,,,,,,,"1(7,17)(4,9,12)(11,13,14)18,6(5,10,16)2-3-15-8",7,3,0.0,False,"1-(7,17)(11,4,12,14)9(13,18)(6,16)10(5,2)-(15,3)-8",9,2,3.5,False,-10,連続開催12日目でBコース4日目。土曜よりも少し速めの時計レベル。外伸び傾向で差し有利。
202410020402,2,3歳未勝利,芝,1200,晴,良,10:15,2024-02-18,小倉,11,2,4,2021103933,スマートレイヴ,牝3,54,01199,角田大河,1:10.1,1,4-4,36.3,25.1,7,412(-2),01104,[西]笹田和秀,007803,大川徹,,,,,,,,,,,,"1(7,17)(4,9,12)(11,13,14)18,6(5,10,16)2-3-15-8",4,3,0.0,False,"1-(7,17)(11,4,12,14)9(13,18)(6,16)10(5,2)-(15,3)-8",4,4,3.5,False,-10,連続開催12日目でBコース4日目。土曜よりも少し速めの時計レベル。外伸び傾向で差し有利。
202410020402,2,3歳未勝利,芝,1200,晴,良,10:15,2024-02-18,小倉,12,5,9,2021102368,オーシーズウォーム,牝3,52,01187,永島まな,1:10.6,3,4-8,36.8,56.8,11,404(+2),01184,[西]四位洋文,097031,栗山学,,,,,,,,,,,,"1(7,17)(4,9,12)(11,13,14)18,6(5,10,16)2-3-15-8",4,3,0.0,False,"1-(7,17)(11,4,12,14)9(13,18)(6,16)10(5,2)-(15,3)-8",8,1,3.5,False,-10,連続開催12日目でBコース4日目。土曜よりも少し速めの時計レベル。外伸び傾向で差し有利。
202410020402,2,3歳未勝利,芝,1200,晴,良,10:15,2024-02-18,小倉,13,3,6,2021106008,プラビータ,牝3,51,01204,河原田菜,1:10.7,クビ,11-11,36.4,18.0,6,492(+10),01108,[東]矢野英一,330031,高岡浩行,,,,,,,,,,,,"1(7,17)(4,9,12)(11,13,14)18,6(5,10,16)2-3-15-8",11,1,1.5,False,"1-(7,17)(11,4,12,14)9(13,18)(6,16)10(5,2)-(15,3)-8",11,2,3.5,False,-10,連続開催12日目でBコース4日目。土曜よりも少し速めの時計レベル。外伸び傾向で差し有利。
202410020402,2,3歳未勝利,芝,1200,晴,良,10:15,2024-02-18,小倉,14,2,3,2021106677,トゥームレイダー,牝3,55,01166,川又賢治,1:10.7,クビ,16-16,35.7,202.2,15,440(0),01130,[西]吉村圭司,888800,ＣＨＥＶＡＬＡＴＴＡ...,,,,,,,,,,,,"1(7,17)(4,9,12)(11,13,14)18,6(5,10,16)2-3-15-8",16,1,5.0,False,"1-(7,17)(11,4,12,14)9(13,18)(6,16)10(5,2)-(15,3)-8",16,2,7.0,False,-10,連続開催12日目でBコース4日目。土曜よりも少し速めの時計レベル。外伸び傾向で差し有利。
202410020402,2,3歳未勝利,芝,1200,晴,良,10:15,2024-02-18,小倉,15,7,15,2021106968,ラッキーラン,牝3,54,01185,小沢大仁,1:10.8,クビ,17-16,35.3,302.8,16,404(0),01135,[西]高橋康之,015803,サイプレスホールディ...,,,,,,,,,,,,"1(7,17)(4,9,12)(11,13,14)18,6(5,10,16)2-3-15-8",17,1,8.5,False,"1-(7,17)(11,4,12,14)9(13,18)(6,16)10(5,2)-(15,3)-8",16,2,7.0,False,-10,連続開催12日目でBコース4日目。土曜よりも少し速めの時計レベル。外伸び傾向で差し有利。
202410020402,2,3歳未勝利,芝,1200,晴,良,10:15,2024-02-18,小倉,16,1,2,2021103913,エレンバローズ,牝3,54,01191,松本大輝,1:11.0,1.1/4,15-14,36.4,193.7,14,416(0),01149,[西]松下武士,859007,猪熊広次,,,,,,,,,,,,"1(7,17)(4,9,12)(11,13,14)18,6(5,10,16)2-3-15-8",15,1,1.5,False,"1-(7,17)(11,4,12,14)9(13,18)(6,16)10(5,2)-(15,3)-8",14,2,3.5,False,-10,連続開催12日目でBコース4日目。土曜よりも少し速めの時計レベル。外伸び傾向で差し有利。
202410020402,2,3歳未勝利,芝,1200,晴,良,10:15,2024-02-18,小倉,17,3,5,2021106842,ジュエルソング,牝3,51,01206,小林美駒,1:11.4,2.1/2,12-14,37.0,188.2,13,354(-8),00420,[東]宗像義忠,546800,サラブレッドクラブ・...,,,,,,,,,,,,"1(7,17)(4,9,12)(11,13,14)18,6(5,10,16)2-3-15-8",12,3,1.5,False,"1-(7,17)(11,4,12,14)9(13,18)(6,16)10(5,2)-(15,3)-8",14,2,3.5,False,-10,連続開催12日目でBコース4日目。土曜よりも少し速めの時計レベル。外伸び傾向で差し有利。
202410020402,2,3歳未勝利,芝,1200,晴,良,10:15,2024-02-18,小倉,18,4,8,2021106983,ゼンノツキヨミ,牝3,55,01019,秋山真一,1:11.7,1.3/4,18-18,35.7,75.3,12,440(0),01160,[西]武幸四郎,052803,大迫久美子,,,,,,,,,,,,"1(7,17)(4,9,12)(11,13,14)18,6(5,10,16)2-3-15-8",18,1,12.0,False,"1-(7,17)(11,4,12,14)9(13,18)(6,16)10(5,2)-(15,3)-8",18,1,10.5,False,-10,連続開催12日目でBコース4日目。土曜よりも少し速めの時計レベル。外伸び傾向で差し有利。
202410020403,3,4歳以上1勝クラス,ダ,1000,晴,良,10:45,2024-02-18,小倉,1,7,11,2019104720,クロンヌドラレーヌ,牝5,54,01177,小林凌大,0:59.1,,11-10,35.6,30.8,9,450(+4),01074,[東]奥平雅士,542800,ライオンレースホース,800.0,,,,,,,,,,,"3(5,8,12)(1,2,14)(4,10)7,11(9,13)-6",11,1,1.5,False,"3,5(1,12)(4,2,8)14,7(11,10)9,13,6",10,2,3.0,False,3,
202410020403,3,4歳以上1勝クラス,ダ,1000,晴,良,10:45,2024-02-18,小倉,2,4,5,2019103965,ピンクムーン,牝5,52,01204,河原田菜,0:59.2,クビ,2-2,36.6,6.3,3,452(-10),01155,[西]渡辺薫彦,088034,關美和,320.0,,,,,,,,,,,"3(5,8,12)(1,2,14)(4,10)7,11(9,13)-6",2,3,0.0,False,"3,5(1,12)(4,2,8)14,7(11,10)9,13,6",2,1,1.5,False,3,
202410020403,3,4歳以上1勝クラス,ダ,1000,晴,良,10:45,2024-02-18,小倉,3,3,4,2019101794,ヒメカミノイタダキ,牡5,58,01161,菊沢一樹,0:59.2,クビ,8-5,36.1,94.1,12,512(+16),01089,[東]武市康男,243008,國分純,200.0,,,,,,,,,,,"3(5,8,12)(1,2,14)(4,10)7,11(9,13)-6",8,2,0.0,False,"3,5(1,12)(4,2,8)14,7(11,10)9,13,6",5,3,1.5,False,3,
202410020403,3,4歳以上1勝クラス,ダ,1000,晴,良,10:45,2024-02-18,小倉,4,6,9,2019103887,シックザイン,牡5,58,01025,勝浦正樹,0:59.3,1/2,12-12,35.7,68.6,11,480(+2),01094,[東]水野貴広,013803,ディアレストクラブ,120.0,,,,,,,,,,,"3(5,8,12)(1,2,14)(4,10)7,11(9,13)-6",12,2,1.5,False,"3,5(1,12)(4,2,8)14,7(11,10)9,13,6",12,1,3.0,False,3,
202410020403,3,4歳以上1勝クラス,ダ,1000,晴,良,10:45,2024-02-18,小倉,5,8,14,2016102446,ワンダーヘイルネス,セ8,58,01168,富田暁,0:59.4,1/2,5-8,36.5,8.0,5,490(-2),01072,[西]河内洋,184033,山本能成,80.0,,,,,,,,,,,"3(5,8,12)(1,2,14)(4,10)7,11(9,13)-6",5,3,0.0,False,"3,5(1,12)(4,2,8)14,7(11,10)9,13,6",8,1,1.5,False,3,
202410020403,3,4歳以上1勝クラス,ダ,1000,晴,良,10:45,2024-02-18,小倉,6,4,6,2019101624,スターザサンライズ,牝5,54,01200,西塚洸二,0:59.5,1/2,14-14,35.5,11.0,6,448(-4),00438,[西]安田隆行,399803,ライフハウス,,,,,,,,,,,,"3(5,8,12)(1,2,14)(4,10)7,11(9,13)-6",14,1,5.0,False,"3,5(1,12)(4,2,8)14,7(11,10)9,13,6",14,1,6.0,False,3,
202410020403,3,4歳以上1勝クラス,ダ,1000,晴,良,10:45,2024-02-18,小倉,7,3,3,2020101481,サザンレイク,牝4,53,01207,佐藤翔馬,0:59.6,1/2,1-1,37.1,7.9,4,498(0),01029,[東]根本康広,369803,サザンホールディング,,,,,,,,,,,,"3(5,8,12)(1,2,14)(4,10)7,11(9,13)-6",1,1,0.0,False,"3,5(1,12)(4,2,8)14,7(11,10)9,13,6",1,1,0.0,False,3,
202410020403,3,4歳以上1勝クラス,ダ,1000,晴,良,10:45,2024-02-18,小倉,8,2,2,2019106183,カフェクロニクル,牡5,57,01197,佐々木大,0:59.6,クビ,5-5,36.8,5.5,2,474(+4),01070,[東]堀宣行,629007,西川光一,,,,,,,,,,,,"3(5,8,12)(1,2,14)(4,10)7,11(9,13)-6",5,3,0.0,False,"3,5(1,12)(4,2,8)14,7(11,10)9,13,6",5,3,1.5,False,3,
202410020403,3,4歳以上1勝クラス,ダ,1000,晴,良,10:45,2024-02-18,小倉,9,8,13,2020102872,シャドウダッチェス,牝4,53,01187,永島まな,0:59.7,クビ,12-13,36.0,29.0,8,484(+2),01174,[東]深山雅史,308002,飯塚知一,,,,,,,,,,,,"3(5,8,12)(1,2,14)(4,10)7,11(9,13)-6",12,2,1.5,False,"3,5(1,12)(4,2,8)14,7(11,10)9,13,6",13,1,4.5,False,3,
202410020403,3,4歳以上1勝クラス,ダ,1000,晴,良,10:45,2024-02-18,小倉,10,6,10,2019107007,パワポケビー,牝5,52,01206,小林美駒,0:59.8,1/2,8-10,36.7,2.5,1,508(+12),01010,[東]中野栄治,302033,柳原達也,,,,,,,,,,,,"3(5,8,12)(1,2,14)(4,10)7,11(9,13)-6",8,2,0.0,False,"3,5(1,12)(4,2,8)14,7(11,10)9,13,6",10,2,3.0,False,3,
202410020403,3,4歳以上1勝クラス,ダ,1000,晴,良,10:45,2024-02-18,小倉,11,5,7,2019102203,ラージベル,牝5,53,01201,水沼元輝,0:59.8,クビ,10-9,36.5,130.8,14,476(-4),01093,[東]松永康利,781800,リーヴァ,,,,,,,,,,,,"3(5,8,12)(1,2,14)(4,10)7,11(9,13)-6",10,1,0.0,False,"3,5(1,12)(4,2,8)14,7(11,10)9,13,6",9,1,3.0,False,3,
202410020403,3,4歳以上1勝クラス,ダ,1000,晴,良,10:45,2024-02-18,小倉,12,1,1,2018102477,スパークリングアイ,牡6,57,01185,小沢大仁,1:00.2,2.1/2,5-3,37.4,95.5,13,504(-12),01032,[西]大根田裕,548033,奥裕嗣,,,,,,,,,,,,"3(5,8,12)(1,2,14)(4,10)7,11(9,13)-6",5,3,0.0,False,"3,5(1,12)(4,2,8)14,7(11,10)9,13,6",3,2,1.5,False,3,
202410020403,3,4歳以上1勝クラス,ダ,1000,晴,良,10:45,2024-02-18,小倉,13,7,12,2020102639,カンフーダンス,牝4,53,01195,川端海翼,1:00.6,2,2-3,38.0,22.1,7,480(-6),01082,[西]平田修,506800,シルクレーシング,,,,,,,,,,,,"3(5,8,12)(1,2,14)(4,10)7,11(9,13)-6",2,3,0.0,False,"3,5(1,12)(4,2,8)14,7(11,10)9,13,6",3,2,1.5,False,3,
202410020403,3,4歳以上1勝クラス,ダ,1000,晴,良,10:45,2024-02-18,小倉,14,5,8,2020104295,メルティーショコラ,牝4,53,01203,石田拓郎,1:02.0,9,2-5,39.4,58.7,10,474(0),01064,[東]武藤善則,040803,明栄商事,,,,,,,,,,,,"3(5,8,12)(1,2,14)(4,10)7,11(9,13)-6",2,3,0.0,False,"3,5(1,12)(4,2,8)14,7(11,10)9,13,6",5,3,1.5,False,3,
202410020404,4,障害4歳以上未勝利,芝,2860,晴,良,11:15,2024-02-18,小倉,1,5,5,2020105728,クリノクオン,牡4,59,01052,金子光希,3:10.6,,2-2-1-1,13.3,3.2,1,460(0),01031,[東]伊藤伸一,970006,栗本博晴,790.0,"(*2,5)-10=(11,6)-12,4(1,3)(7,9)   8",2,2,0.0,False,"(*2,5)-10-6,11-(12,4)=1(7,3,9)   8",2,2,0.0,False,"5-2(10,6)-12=4-11-9-3-1-7   8",1,1,0.0,False,"5-10,6,12,2-4=(11,9)-3-1-7   8",1,1,0.0,False,,連続開催12日目でBコース4日目。土曜よりも少し速めの時計レベル。外伸び傾向で差し有利。
202410020404,4,障害4歳以上未勝利,芝,2860,晴,良,11:15,2024-02-18,小倉,2,8,12,2019103563,アスターディゴン,牡5,60,01072,黒岩悠,3:11.3,4,6-6-5-4,13.4,3.3,2,490(-6),01039,[西]中竹和也,935003,加藤久枝,320.0,"(*2,5)-10=(11,6)-12,4(1,3)(7,9)   8",6,1,13.0,False,"(*2,5)-10-6,11-(12,4)=1(7,3,9)   8",6,2,12.0,False,"5-2(10,6)-12=4-11-9-3-1-7   8",5,1,7.0,False,"5-10,6,12,2-4=(11,9)-3-1-7   8",4,1,6.5,False,,連続開催12日目でBコース4日目。土曜よりも少し速めの時計レベル。外伸び傾向で差し有利。
202410020404,4,障害4歳以上未勝利,芝,2860,晴,良,11:15,2024-02-18,小倉,3,5,6,2019105204,ソリタリオ,牡5,60,01196,小牧加矢,3:12.5,7,4-4-3-3,13.5,6.5,3,480(-8),01148,[西]西村真幸,226800,サンデーレーシング,200.0,"(*2,5)-10=(11,6)-12,4(1,3)(7,9)   8",4,2,9.5,False,"(*2,5)-10-6,11-(12,4)=1(7,3,9)   8",4,1,7.0,False,"5-2(10,6)-12=4-11-9-3-1-7   8",3,2,3.5,False,"5-10,6,12,2-4=(11,9)-3-1-7   8",3,1,5.0,False,,連続開催12日目でBコース4日目。土曜よりも少し速めの時計レベル。外伸び傾向で差し有利。
202410020404,4,障害4歳以上未勝利,芝,2860,晴,良,11:15,2024-02-18,小倉,4,4,4,2019104908,ノーティアス,牡5,60,01069,五十嵐雄,3:12.5,クビ,7-6-6-6,13.5,65.3,12,512(+4),00420,[東]宗像義忠,758005,吉田照哉,120.0,"(*2,5)-10=(11,6)-12,4(1,3)(7,9)   8",7,1,14.5,False,"(*2,5)-10-6,11-(12,4)=1(7,3,9)   8",6,2,12.0,False,"5-2(10,6)-12=4-11-9-3-1-7   8",6,1,13.0,False,"5-10,6,12,2-4=(11,9)-3-1-7   8",6,1,11.5,False,,連続開催12日目でBコース4日目。土曜よりも少し速めの時計レベル。外伸び傾向で差し有利。
202410020404,4,障害4歳以上未勝利,芝,2860,晴,良,11:15,2024-02-18,小倉,5,7,10,2019100510,キタノブレイド,牡5,57,01201,水沼元輝,3:12.7,1.1/4,3-3-3-2,13.5,12.7,6,474(0),01024,[東]萱野浩二,163002,北所直人,79.0,"(*2,5)-10=(11,6)-12,4(1,3)(7,9)   8",3,1,3.5,False,"(*2,5)-10-6,11-(12,4)=1(7,3,9)   8",3,1,3.5,False,"5-2(10,6)-12=4-11-9-3-1-7   8",3,2,3.5,False,"5-10,6,12,2-4=(11,9)-3-1-7   8",2,1,3.5,False,,連続開催12日目でBコース4日目。土曜よりも少し速めの時計レベル。外伸び傾向で差し有利。
202410020404,4,障害4歳以上未勝利,芝,2860,晴,良,11:15,2024-02-18,小倉,6,7,9,2020103173,トーアモルペウス,セ4,59,01059,石神深一,3:13.0,1.1/2,10-9-8-7,13.5,40.5,10,484(+8),01182,[東]辻哲英,784800,高山ランド,,"(*2,5)-10=(11,6)-12,4(1,3)(7,9)   8",10,2,14.5,False,"(*2,5)-10-6,11-(12,4)=1(7,3,9)   8",9,3,18.0,False,"5-2(10,6)-12=4-11-9-3-1-7   8",8,1,20.0,False,"5-10,6,12,2-4=(11,9)-3-1-7   8",7,2,17.5,False,,連続開催12日目でBコース4日目。土曜よりも少し速めの時計レベル。外伸び傾向で差し有利。
202410020404,4,障害4歳以上未勝利,芝,2860,晴,良,11:15,2024-02-18,小倉,7,2,2,2017104000,ユキノグローリー,牡7,60,01113,草野太郎,3:13.4,2.1/2,1-1-2-5,13.5,9.3,5,502(-4),00428,[東]石毛善彦,623005,井上基之,,"(*2,5)-10=(11,6)-12,4(1,3)(7,9)   8",1,2,0.0,True,"(*2,5)-10-6,11-(12,4)=1(7,3,9)   8",1,2,0.0,True,"5-2(10,6)-12=4-11-9-3-1-7   8",2,1,3.5,False,"5-10,6,12,2-4=(11,9)-3-1-7   8",5,1,8.0,False,,連続開催12日目でBコース4日目。土曜よりも少し速めの時計レベル。外伸び傾向で差し有利。
202410020404,4,障害4歳以上未勝利,芝,2860,晴,良,11:15,2024-02-18,小倉,8,3,3,2020101429,ローディアマント,セ4,59,01061,大庭和弥,3:14.2,5,8-9-9-9,13.6,37.9,9,478(+6),01103,[東]尾関知人,506800,シルクレーシング,,"(*2,5)-10=(11,6)-12,4(1,3)(7,9)   8",8,2,14.5,False,"(*2,5)-10-6,11-(12,4)=1(7,3,9)   8",9,3,18.0,False,"5-2(10,6)-12=4-11-9-3-1-7   8",9,1,23.5,False,"5-10,6,12,2-4=(11,9)-3-1-7   8",9,1,21.0,False,,連続開催12日目でBコース4日目。土曜よりも少し速めの時計レベル。外伸び傾向で差し有利。
202410020404,4,障害4歳以上未勝利,芝,2860,晴,良,11:15,2024-02-18,小倉,9,1,1,2019105578,ヴラディア,牡5,60,01149,伴啓太,3:14.5,2,8-8-10-10,13.6,19.3,7,494(0),00405,[東]小西一男,842033,小泉修,,"(*2,5)-10=(11,6)-12,4(1,3)(7,9)   8",8,2,14.5,False,"(*2,5)-10-6,11-(12,4)=1(7,3,9)   8",8,1,18.0,False,"5-2(10,6)-12=4-11-9-3-1-7   8",10,1,27.0,False,"5-10,6,12,2-4=(11,9)-3-1-7   8",10,1,24.5,False,,連続開催12日目でBコース4日目。土曜よりも少し速めの時計レベル。外伸び傾向で差し有利。
202410020404,4,障害4歳以上未勝利,芝,2860,晴,良,11:15,2024-02-18,小倉,10,8,11,2018104331,ヴァトレニ,セ6,60,01139,森一馬,3:14.7,1.1/4,4-5-7-7,13.6,7.2,4,448(0),01173,[西]長谷川浩,449030,野田政義,,"(*2,5)-10=(11,6)-12,4(1,3)(7,9)   8",4,2,9.5,False,"(*2,5)-10-6,11-(12,4)=1(7,3,9)   8",5,1,8.5,False,"5-2(10,6)-12=4-11-9-3-1-7   8",7,1,16.5,False,"5-10,6,12,2-4=(11,9)-3-1-7   8",7,2,17.5,False,,連続開催12日目でBコース4日目。土曜よりも少し速めの時計レベル。外伸び傾向で差し有利。
202410020404,4,障害4歳以上未勝利,芝,2860,晴,良,11:15,2024-02-18,小倉,11,6,7,2020102841,ノイアーターク,セ4,59,01101,中村将之,3:16.0,8,10-9-11-11,13.7,48.3,11,454(+4),00438,[西]安田隆行,415800,社台レースホース,,"(*2,5)-10=(11,6)-12,4(1,3)(7,9)   8",10,2,14.5,False,"(*2,5)-10-6,11-(12,4)=1(7,3,9)   8",9,3,18.0,False,"5-2(10,6)-12=4-11-9-3-1-7   8",11,1,30.5,False,"5-10,6,12,2-4=(11,9)-3-1-7   8",11,1,28.0,False,,連続開催12日目でBコース4日目。土曜よりも少し速めの時計レベル。外伸び傾向で差し有利。
202410020404,4,障害4歳以上未勝利,芝,2860,晴,良,11:15,2024-02-18,小倉,中,6,8,2019102399,テイエムクロマル,牡5,60,01120,大江原圭,,,,,28.8,8,494(-16),01043,[東]石栗龍彦,356002,竹園正繼,,"(*2,5)-10=(11,6)-12,4(1,3)(7,9)   8",12,1,20.5,False,"(*2,5)-10-6,11-(12,4)=1(7,3,9)   8",12,1,24.0,False,"5-2(10,6)-12=4-11-9-3-1-7   8",12,1,36.5,False,"5-10,6,12,2-4=(11,9)-3-1-7   8",12,1,34.0,False,,連続開催12日目でBコース4日目。土曜よりも少し速めの時計レベル。外伸び傾向で差し有利。
202410020405,5,3歳未勝利,芝,2000,晴,良,12:05,2024-02-18,小倉,1,5,10,2021101003,ラブカ,牡3,56,01185,小沢大仁,2:00.7,,12-12-12-9,35.9,288.8,16,444(-10),01128,[西]今野貞一,535033,古賀慎一,385.0,"2,14(8,7)3(9,13)(1,15)(4,17)(10,12)(11,5)-16=6   18",12,2,1.5,False,"2,14(3,8,7)(1,9,13)(4,15)17,10,12,11(16,5)=6   18",12,1,3.0,False,"(2,*3)14(1,8,7)(13,17)(4,9,15)10(11,12,5)-16=6   18",12,1,0.0,False,"(*3,14)(2,13,17)(1,7)4,10(11,9,15)8-12(16,5)=6   18",9,1,1.5,False,-7,連続開催12日目でBコース4日目。土曜よりも少し速めの時計レベル。外伸び傾向で差し有利。
202410020405,5,3歳未勝利,芝,2000,晴,良,12:05,2024-02-18,小倉,1,7,13,2021104411,マイノワール,牡3,57,01157,鮫島克駿,2:00.7,同着,6-6-7-3,36.2,3.3,2,468(0),01104,[西]笹田和秀,543031,松島一晃,385.0,"2,14(8,7)3(9,13)(1,15)(4,17)(10,12)(11,5)-16=6   18",6,2,1.5,False,"2,14(3,8,7)(1,9,13)(4,15)17,10,12,11(16,5)=6   18",6,3,1.5,False,"(2,*3)14(1,8,7)(13,17)(4,9,15)10(11,12,5)-16=6   18",7,2,0.0,False,"(*3,14)(2,13,17)(1,7)4,10(11,9,15)8-12(16,5)=6   18",3,3,0.0,False,-7,連続開催12日目でBコース4日目。土曜よりも少し速めの時計レベル。外伸び傾向で差し有利。
202410020405,5,3歳未勝利,芝,2000,晴,良,12:05,2024-02-18,小倉,3,1,1,2021106559,クインズスピカ,牝3,55,01161,菊沢一樹,2:00.9,1,8-6-4-6,36.6,94.2,10,450(-16),01190,[東]村田一誠,331803,ケイアイスタリオン,140.0,"2,14(8,7)3(9,13)(1,15)(4,17)(10,12)(11,5)-16=6   18",8,2,1.5,False,"2,14(3,8,7)(1,9,13)(4,15)17,10,12,11(16,5)=6   18",6,3,1.5,False,"(2,*3)14(1,8,7)(13,17)(4,9,15)10(11,12,5)-16=6   18",4,3,0.0,False,"(*3,14)(2,13,17)(1,7)4,10(11,9,15)8-12(16,5)=6   18",6,2,0.0,False,-7,連続開催12日目でBコース4日目。土曜よりも少し速めの時計レベル。外伸び傾向で差し有利。
202410020405,5,3歳未勝利,芝,2000,晴,良,12:05,2024-02-18,小倉,4,8,17,2021105285,ライフセービング,牡3,56,01181,秋山稔樹,2:01.0,3/4,10-11-7-3,36.5,8.5,4,448(-4),01018,[西]宮徹,758005,吉田照哉,83.0,"2,14(8,7)3(9,13)(1,15)(4,17)(10,12)(11,5)-16=6   18",10,2,1.5,False,"2,14(3,8,7)(1,9,13)(4,15)17,10,12,11(16,5)=6   18",11,1,1.5,False,"(2,*3)14(1,8,7)(13,17)(4,9,15)10(11,12,5)-16=6   18",7,2,0.0,False,"(*3,14)(2,13,17)(1,7)4,10(11,9,15)8-12(16,5)=6   18",3,3,0.0,False,-7,連続開催12日目でBコース4日目。土曜よりも少し速めの時計レベル。外伸び傾向で差し有利。
202410020405,5,3歳未勝利,芝,2000,晴,良,12:05,2024-02-18,小倉,5,2,4,2021102835,メイショウマドロス,牡3,56,01199,角田大河,2:01.2,1,10-9-9-8,36.6,25.7,6,482(-2),01140,[西]石橋守,523005,松本好雄,55.0,"2,14(8,7)3(9,13)(1,15)(4,17)(10,12)(11,5)-16=6   18",10,2,1.5,False,"2,14(3,8,7)(1,9,13)(4,15)17,10,12,11(16,5)=6   18",9,2,1.5,False,"(2,*3)14(1,8,7)(13,17)(4,9,15)10(11,12,5)-16=6   18",9,3,0.0,False,"(*3,14)(2,13,17)(1,7)4,10(11,9,15)8-12(16,5)=6   18",8,1,0.0,False,-7,連続開催12日目でBコース4日目。土曜よりも少し速めの時計レベル。外伸び傾向で差し有利。
202410020405,5,3歳未勝利,芝,2000,晴,良,12:05,2024-02-18,小倉,6,4,7,2021105886,ホウオウトランプ,牡3,57,01115,浜中俊,2:01.2,ハナ,3-3-4-6,36.9,2.8,1,516(0),01071,[西]池江泰寿,906033,小笹芳央,,"2,14(8,7)3(9,13)(1,15)(4,17)(10,12)(11,5)-16=6   18",3,2,1.5,False,"2,14(3,8,7)(1,9,13)(4,15)17,10,12,11(16,5)=6   18",3,3,1.5,False,"(2,*3)14(1,8,7)(13,17)(4,9,15)10(11,12,5)-16=6   18",4,3,0.0,False,"(*3,14)(2,13,17)(1,7)4,10(11,9,15)8-12(16,5)=6   18",6,2,0.0,False,-7,連続開催12日目でBコース4日目。土曜よりも少し速めの時計レベル。外伸び傾向で差し有利。
202410020405,5,3歳未勝利,芝,2000,晴,良,12:05,2024-02-18,小倉,7,2,3,2021104635,リフレクトザムーン,牝3,51,01206,小林美駒,2:01.5,2,5-3-1-1,37.5,63.2,9,458(+6),01141,[東]尾形和幸,243033,望月雅博,,"2,14(8,7)3(9,13)(1,15)(4,17)(10,12)(11,5)-16=6   18",5,1,1.5,False,"2,14(3,8,7)(1,9,13)(4,15)17,10,12,11(16,5)=6   18",3,3,1.5,False,"(2,*3)14(1,8,7)(13,17)(4,9,15)10(11,12,5)-16=6   18",1,2,0.0,True,"(*3,14)(2,13,17)(1,7)4,10(11,9,15)8-12(16,5)=6   18",1,2,0.0,True,-7,連続開催12日目でBコース4日目。土曜よりも少し速めの時計レベル。外伸び傾向で差し有利。
202410020405,5,3歳未勝利,芝,2000,晴,良,12:05,2024-02-18,小倉,8,7,14,2021100437,エイシンボナパルト,牡3,57,01095,吉田隼人,2:01.5,アタマ,2-2-3-2,37.4,3.4,3,482(-6),01130,[西]吉村圭司,785800,栄進堂,,"2,14(8,7)3(9,13)(1,15)(4,17)(10,12)(11,5)-16=6   18",2,1,1.5,False,"2,14(3,8,7)(1,9,13)(4,15)17,10,12,11(16,5)=6   18",2,1,1.5,False,"(2,*3)14(1,8,7)(13,17)(4,9,15)10(11,12,5)-16=6   18",3,1,0.0,False,"(*3,14)(2,13,17)(1,7)4,10(11,9,15)8-12(16,5)=6   18",2,2,0.0,False,-7,連続開催12日目でBコース4日目。土曜よりも少し速めの時計レベル。外伸び傾向で差し有利。
202410020405,5,3歳未勝利,芝,2000,晴,良,12:05,2024-02-18,小倉,9,6,11,2021106813,マイネルブラボー,牡3,57,01091,丹内祐次,2:01.5,アタマ,14-14-13-10,36.4,55.2,8,432(0),01076,[東]小笠倫弘,546800,サラブレッドクラブ・...,,"2,14(8,7)3(9,13)(1,15)(4,17)(10,12)(11,5)-16=6   18",14,2,1.5,False,"2,14(3,8,7)(1,9,13)(4,15)17,10,12,11(16,5)=6   18",14,1,6.0,False,"(2,*3)14(1,8,7)(13,17)(4,9,15)10(11,12,5)-16=6   18",13,3,0.0,False,"(*3,14)(2,13,17)(1,7)4,10(11,9,15)8-12(16,5)=6   18",10,3,1.5,False,-7,連続開催12日目でBコース4日目。土曜よりも少し速めの時計レベル。外伸び傾向で差し有利。
202410020405,5,3歳未勝利,芝,2000,晴,良,12:05,2024-02-18,小倉,10,1,2,2021102701,サイコウダネ,牡3,54,01195,川端海翼,2:02.1,3.1/2,1-1-2-3,38.1,202.8,14,452(+14),01110,[西]清水久詞,344803,マークス,,"2,14(8,7)3(9,13)(1,15)(4,17)(10,12)(11,5)-16=6   18",1,1,0.0,False,"2,14(3,8,7)(1,9,13)(4,15)17,10,12,11(16,5)=6   18",1,1,0.0,False,"(2,*3)14(1,8,7)(13,17)(4,9,15)10(11,12,5)-16=6   18",2,2,0.0,False,"(*3,14)(2,13,17)(1,7)4,10(11,9,15)8-12(16,5)=6   18",3,3,0.0,False,-7,連続開催12日目でBコース4日目。土曜よりも少し速めの時計レベル。外伸び傾向で差し有利。
202410020405,5,3歳未勝利,芝,2000,晴,良,12:05,2024-02-18,小倉,11,7,15,2021106719,サンデーダイヤ,牡3,57,01168,富田暁,2:02.1,アタマ,8-9-9-10,37.5,173.1,13,474(-10),01086,[東]斎藤誠,209031,山口雄司,,"2,14(8,7)3(9,13)(1,15)(4,17)(10,12)(11,5)-16=6   18",8,2,1.5,False,"2,14(3,8,7)(1,9,13)(4,15)17,10,12,11(16,5)=6   18",9,2,1.5,False,"(2,*3)14(1,8,7)(13,17)(4,9,15)10(11,12,5)-16=6   18",9,3,0.0,False,"(*3,14)(2,13,17)(1,7)4,10(11,9,15)8-12(16,5)=6   18",10,3,1.5,False,-7,連続開催12日目でBコース4日目。土曜よりも少し速めの時計レベル。外伸び傾向で差し有利。
202410020405,5,3歳未勝利,芝,2000,晴,良,12:05,2024-02-18,小倉,12,5,9,2021102340,ゴーダンシング,牝3,51,01204,河原田菜,2:02.3,1,6-6-9-10,37.7,370.2,17,458(-6),01161,[西]武英智,182033,前田剛,,"2,14(8,7)3(9,13)(1,15)(4,17)(10,12)(11,5)-16=6   18",6,2,1.5,False,"2,14(3,8,7)(1,9,13)(4,15)17,10,12,11(16,5)=6   18",6,3,1.5,False,"(2,*3)14(1,8,7)(13,17)(4,9,15)10(11,12,5)-16=6   18",9,3,0.0,False,"(*3,14)(2,13,17)(1,7)4,10(11,9,15)8-12(16,5)=6   18",10,3,1.5,False,-7,連続開催12日目でBコース4日目。土曜よりも少し速めの時計レベル。外伸び傾向で差し有利。
202410020405,5,3歳未勝利,芝,2000,晴,良,12:05,2024-02-18,小倉,13,6,12,2021106203,ウインボレロ,牡3,54,01187,永島まな,2:02.4,1,12-13-13-14,37.2,18.4,5,436(+8),01038,[東]手塚貴久,494800,ウイン,,"2,14(8,7)3(9,13)(1,15)(4,17)(10,12)(11,5)-16=6   18",12,2,1.5,False,"2,14(3,8,7)(1,9,13)(4,15)17,10,12,11(16,5)=6   18",13,1,4.5,False,"(2,*3)14(1,8,7)(13,17)(4,9,15)10(11,12,5)-16=6   18",13,3,0.0,False,"(*3,14)(2,13,17)(1,7)4,10(11,9,15)8-12(16,5)=6   18",14,1,5.0,False,-7,連続開催12日目でBコース4日目。土曜よりも少し速めの時計レベル。外伸び傾向で差し有利。
202410020405,5,3歳未勝利,芝,2000,晴,良,12:05,2024-02-18,小倉,14,3,5,2021103057,アーベントイアー,牡3,57,01025,勝浦正樹,2:02.5,1/2,14-15-13-15,37.3,271.4,15,484(-4),01094,[東]水野貴広,013803,ディアレストクラブ,,"2,14(8,7)3(9,13)(1,15)(4,17)(10,12)(11,5)-16=6   18",14,2,1.5,False,"2,14(3,8,7)(1,9,13)(4,15)17,10,12,11(16,5)=6   18",15,2,6.0,False,"(2,*3)14(1,8,7)(13,17)(4,9,15)10(11,12,5)-16=6   18",13,3,0.0,False,"(*3,14)(2,13,17)(1,7)4,10(11,9,15)8-12(16,5)=6   18",15,2,5.0,False,-7,連続開催12日目でBコース4日目。土曜よりも少し速めの時計レベル。外伸び傾向で差し有利。
202410020405,5,3歳未勝利,芝,2000,晴,良,12:05,2024-02-18,小倉,15,8,16,2021106814,ヒャクシキ,牡3,56,01197,佐々木大,2:02.5,ハナ,16-15-16-15,36.8,53.4,7,406(-8),01010,[東]中野栄治,716800,ビッグレッドファーム,,"2,14(8,7)3(9,13)(1,15)(4,17)(10,12)(11,5)-16=6   18",16,1,5.0,False,"2,14(3,8,7)(1,9,13)(4,15)17,10,12,11(16,5)=6   18",15,2,6.0,False,"(2,*3)14(1,8,7)(13,17)(4,9,15)10(11,12,5)-16=6   18",16,1,3.5,False,"(*3,14)(2,13,17)(1,7)4,10(11,9,15)8-12(16,5)=6   18",15,2,5.0,False,-7,連続開催12日目でBコース4日目。土曜よりも少し速めの時計レベル。外伸び傾向で差し有利。
202410020405,5,3歳未勝利,芝,2000,晴,良,12:05,2024-02-18,小倉,16,3,6,2021106835,マイネルコモドーア,牡3,57,01178,斎藤新,2:02.6,1/2,17-17-17-17,36.0,113.2,11,440(-6),01173,[西]長谷川浩,546800,サラブレッドクラブ・...,,"2,14(8,7)3(9,13)(1,15)(4,17)(10,12)(11,5)-16=6   18",17,1,11.0,False,"2,14(3,8,7)(1,9,13)(4,15)17,10,12,11(16,5)=6   18",17,1,12.0,False,"(2,*3)14(1,8,7)(13,17)(4,9,15)10(11,12,5)-16=6   18",17,1,9.5,False,"(*3,14)(2,13,17)(1,7)4,10(11,9,15)8-12(16,5)=6   18",17,1,11.0,False,-7,連続開催12日目でBコース4日目。土曜よりも少し速めの時計レベル。外伸び傾向で差し有利。
202410020405,5,3歳未勝利,芝,2000,晴,良,12:05,2024-02-18,小倉,17,4,8,2021101180,ホワイトシップ,セ3,57,01109,黛弘人,2:03.1,3,3-3-4-13,38.7,119.4,12,420(0),01147,[東]武井亮,696031,ＦＡレーシング,,"2,14(8,7)3(9,13)(1,15)(4,17)(10,12)(11,5)-16=6   18",3,2,1.5,False,"2,14(3,8,7)(1,9,13)(4,15)17,10,12,11(16,5)=6   18",3,3,1.5,False,"(2,*3)14(1,8,7)(13,17)(4,9,15)10(11,12,5)-16=6   18",4,3,0.0,False,"(*3,14)(2,13,17)(1,7)4,10(11,9,15)8-12(16,5)=6   18",13,1,1.5,False,-7,連続開催12日目でBコース4日目。土曜よりも少し速めの時計レベル。外伸び傾向で差し有利。
202410020405,5,3歳未勝利,芝,2000,晴,良,12:05,2024-02-18,小倉,除,8,18,2021105534,サトノアライヴ,牡3,57,01127,丸山元気,,,,,---,,442(+6),01105,[西]須貝尚介,790031,里見治,,"2,14(8,7)3(9,13)(1,15)(4,17)(10,12)(11,5)-16=6   18",18,1,17.0,False,"2,14(3,8,7)(1,9,13)(4,15)17,10,12,11(16,5)=6   18",18,1,18.0,False,"(2,*3)14(1,8,7)(13,17)(4,9,15)10(11,12,5)-16=6   18",18,1,15.5,False,"(*3,14)(2,13,17)(1,7)4,10(11,9,15)8-12(16,5)=6   18",18,1,17.0,False,-7,連続開催12日目でBコース4日目。土曜よりも少し速めの時計レベル。外伸び傾向で差し有利。
202410020406,6,4歳以上1勝クラス,ダ,2400,晴,良,12:35,2024-02-18,小倉,1,4,4,2020103414,ムジェロ,牡4,57,00732,幸英明,2:35.4,,3-3-2-2,38.3,1.7,1,514(+2),01055,[西]藤原英昭,877800,ラ・メール,800.0,"(*1,3)(2,7,4)(9,10,8)(12,13)5,11-6",3,3,0.0,False,"(*1,3)(2,7,4)8(9,10)13,12,5,11,6",3,3,0.0,False,"(*1,3,4)(2,7,8)(9,10)-(13,5)12,6,11",2,3,0.0,False,"1(3,4)(2,8,10)9,7-13-(12,5)-6-11",2,2,0.0,False,3,
202410020406,6,4歳以上1勝クラス,ダ,2400,晴,良,12:35,2024-02-18,小倉,2,7,10,2018105256,サトノバトラー,セ6,57,01197,佐々木大,2:35.4,クビ,6-7-7-4,37.7,6.9,3,510(+6),01070,[東]堀宣行,790031,里見治,320.0,"(*1,3)(2,7,4)(9,10,8)(12,13)5,11-6",6,3,0.0,False,"(*1,3)(2,7,4)8(9,10)13,12,5,11,6",7,2,0.0,False,"(*1,3,4)(2,7,8)(9,10)-(13,5)12,6,11",7,2,0.0,False,"1(3,4)(2,8,10)9,7-13-(12,5)-6-11",4,3,0.0,False,3,
202410020406,6,4歳以上1勝クラス,ダ,2400,晴,良,12:35,2024-02-18,小倉,3,6,9,2020103754,アマートカヴァロ,牡4,56,01199,角田大河,2:35.7,1.3/4,6-7-7-7,38.0,37.6,8,478(+2),01104,[西]笹田和秀,651031,猪又晶介,200.0,"(*1,3)(2,7,4)(9,10,8)(12,13)5,11-6",6,3,0.0,False,"(*1,3)(2,7,4)8(9,10)13,12,5,11,6",7,2,0.0,False,"(*1,3,4)(2,7,8)(9,10)-(13,5)12,6,11",7,2,0.0,False,"1(3,4)(2,8,10)9,7-13-(12,5)-6-11",7,1,0.0,False,3,
202410020406,6,4歳以上1勝クラス,ダ,2400,晴,良,12:35,2024-02-18,小倉,4,6,8,2019104712,フロンタルジェダイ,牡5,58,01168,富田暁,2:36.1,2.1/2,6-6-4-4,38.7,4.2,2,546(-2),01129,[西]高橋義忠,665033,高橋正雄,120.0,"(*1,3)(2,7,4)(9,10,8)(12,13)5,11-6",6,3,0.0,False,"(*1,3)(2,7,4)8(9,10)13,12,5,11,6",6,1,0.0,False,"(*1,3,4)(2,7,8)(9,10)-(13,5)12,6,11",4,3,0.0,False,"1(3,4)(2,8,10)9,7-13-(12,5)-6-11",4,3,0.0,False,3,
202410020406,6,4歳以上1勝クラス,ダ,2400,晴,良,12:35,2024-02-18,小倉,5,8,13,2020110107,ジャスパーワールド,牡4,56,01191,松本大輝,2:36.2,3/4,9-9-9-9,38.1,48.9,9,522(-10),00427,[西]森秀行,672033,加藤和夫,80.0,"(*1,3)(2,7,4)(9,10,8)(12,13)5,11-6",9,2,0.0,False,"(*1,3)(2,7,4)8(9,10)13,12,5,11,6",9,1,0.0,False,"(*1,3,4)(2,7,8)(9,10)-(13,5)12,6,11",9,2,3.5,False,"1(3,4)(2,8,10)9,7-13-(12,5)-6-11",9,1,5.0,False,3,
202410020406,6,4歳以上1勝クラス,ダ,2400,晴,良,12:35,2024-02-18,小倉,6,2,2,2019104882,エミサソウツバサ,牡5,55,01202,鷲頭虎太,2:36.4,3/4,3-3-4-4,39.0,84.0,11,518(+2),01178,[西]杉山佳明,192031,亀岡和彦,,"(*1,3)(2,7,4)(9,10,8)(12,13)5,11-6",3,3,0.0,False,"(*1,3)(2,7,4)8(9,10)13,12,5,11,6",3,3,0.0,False,"(*1,3,4)(2,7,8)(9,10)-(13,5)12,6,11",4,3,0.0,False,"1(3,4)(2,8,10)9,7-13-(12,5)-6-11",4,3,0.0,False,3,
202410020406,6,4歳以上1勝クラス,ダ,2400,晴,良,12:35,2024-02-18,小倉,7,5,7,2019106069,ウインアラジン,牡5,58,01161,菊沢一樹,2:36.6,3/4,3-3-4-8,39.1,51.1,10,506(+2),01158,[西]寺島良,494800,ウイン,,"(*1,3)(2,7,4)(9,10,8)(12,13)5,11-6",3,3,0.0,False,"(*1,3)(2,7,4)8(9,10)13,12,5,11,6",3,3,0.0,False,"(*1,3,4)(2,7,8)(9,10)-(13,5)12,6,11",4,3,0.0,False,"1(3,4)(2,8,10)9,7-13-(12,5)-6-11",8,1,1.5,False,3,
202410020406,6,4歳以上1勝クラス,ダ,2400,晴,良,12:35,2024-02-18,小倉,8,3,3,2020102594,ユアフラッシュ,牝4,55,01091,丹内祐次,2:36.8,1.1/2,2-2-2-2,39.7,11.2,4,460(+2),01183,[西]辻野泰之,808800,Ｇ１レーシング,,"(*1,3)(2,7,4)(9,10,8)(12,13)5,11-6",2,2,0.0,False,"(*1,3)(2,7,4)8(9,10)13,12,5,11,6",2,2,0.0,False,"(*1,3,4)(2,7,8)(9,10)-(13,5)12,6,11",2,3,0.0,False,"1(3,4)(2,8,10)9,7-13-(12,5)-6-11",2,2,0.0,False,3,
202410020406,6,4歳以上1勝クラス,ダ,2400,晴,良,12:35,2024-02-18,小倉,9,1,1,2020105670,タッチャブル,牡4,57,01157,鮫島克駿,2:36.8,アタマ,1-1-1-1,39.7,30.9,7,518(-2),01186,[西]中村直也,858800,大塚亮一,,"(*1,3)(2,7,4)(9,10,8)(12,13)5,11-6",1,2,0.0,True,"(*1,3)(2,7,4)8(9,10)13,12,5,11,6",1,2,0.0,True,"(*1,3,4)(2,7,8)(9,10)-(13,5)12,6,11",1,3,0.0,True,"1(3,4)(2,8,10)9,7-13-(12,5)-6-11",1,1,0.0,False,3,
202410020406,6,4歳以上1勝クラス,ダ,2400,晴,良,12:35,2024-02-18,小倉,10,4,5,2020102589,リオンエトワール,牡4,54,01187,永島まな,2:37.0,1,11-11-9-10,38.8,19.3,5,444(+4),01189,[東]堀内岳志,542800,ライオンレースホース,,"(*1,3)(2,7,4)(9,10,8)(12,13)5,11-6",11,1,0.0,False,"(*1,3)(2,7,4)8(9,10)13,12,5,11,6",11,1,3.0,False,"(*1,3,4)(2,7,8)(9,10)-(13,5)12,6,11",9,2,3.5,False,"1(3,4)(2,8,10)9,7-13-(12,5)-6-11",10,2,8.5,False,3,
202410020406,6,4歳以上1勝クラス,ダ,2400,晴,良,12:35,2024-02-18,小倉,11,5,6,2019100577,アンノウンウォリア,牡5,54,01206,小林美駒,2:37.0,ハナ,13-13-12-12,38.3,24.6,6,456(-6),01082,[西]平田修,479033,吉田昌久,,"(*1,3)(2,7,4)(9,10,8)(12,13)5,11-6",13,1,5.0,False,"(*1,3)(2,7,4)8(9,10)13,12,5,11,6",13,1,6.0,False,"(*1,3,4)(2,7,8)(9,10)-(13,5)12,6,11",12,1,5.0,False,"1(3,4)(2,8,10)9,7-13-(12,5)-6-11",12,1,12.0,False,3,
202410020406,6,4歳以上1勝クラス,ダ,2400,晴,良,12:35,2024-02-18,小倉,12,8,12,2020101323,アットアブラスト,牡4,57,01133,水口優也,2:37.0,ハナ,9-10-11-10,38.6,250.0,13,466(0),01123,[西]牧田和弥,851009,岡田牧雄,,"(*1,3)(2,7,4)(9,10,8)(12,13)5,11-6",9,2,0.0,False,"(*1,3)(2,7,4)8(9,10)13,12,5,11,6",10,1,1.5,False,"(*1,3,4)(2,7,8)(9,10)-(13,5)12,6,11",11,1,3.5,False,"1(3,4)(2,8,10)9,7-13-(12,5)-6-11",10,2,8.5,False,3,
202410020406,6,4歳以上1勝クラス,ダ,2400,晴,良,12:35,2024-02-18,小倉,13,7,11,2018100961,スカイドゥエラー,牡6,58,01146,和田翼,2:37.7,4,12-12-13-13,38.8,85.9,12,462(+16),00431,[西]谷潔,547800,ヒダカ・ブリーダーズ...,,"(*1,3)(2,7,4)(9,10,8)(12,13)5,11-6",12,1,1.5,False,"(*1,3)(2,7,4)8(9,10)13,12,5,11,6",12,1,4.5,False,"(*1,3,4)(2,7,8)(9,10)-(13,5)12,6,11",13,1,6.5,False,"1(3,4)(2,8,10)9,7-13-(12,5)-6-11",13,1,15.5,False,3,
202410020407,7,3歳未勝利,芝,1800,晴,良,13:05,2024-02-18,小倉,1,4,7,2021107220,グレイトクラウン,牝3,55,01096,大野拓弥,1:48.1,,7-7-8-6,35.8,36.1,12,452(-8),01100,[東]松山将樹,208006,新井原博,550.0,"5,8,13(3,4)14(7,12)(2,16)(6,10,11)1,15=9",7,2,3.0,False,"5-(8,13)3(4,12)(2,7,14)(1,10,11,16)6-15=9",7,3,3.5,False,"(*5,8)13(3,12)(4,14)(2,7)16,1(10,11)-6-15=9",8,2,0.0,False,"5,8(3,12)13(7,4,14)(1,16)(2,10,11)-6=15   9",6,3,1.5,False,-7,連続開催12日目でBコース4日目。土曜よりも少し速めの時計レベル。外伸び傾向で差し有利。
202410020407,7,3歳未勝利,芝,1800,晴,良,13:05,2024-02-18,小倉,2,2,3,2021100588,ホワイトビーチ,牡3,55,01177,小林凌大,1:48.3,1.1/2,4-4-4-3,36.5,36.0,10,482(-14),01010,[東]中野栄治,312803,ライフエンタープライ...,220.0,"5,8,13(3,4)14(7,12)(2,16)(6,10,11)1,15=9",4,2,3.0,False,"5-(8,13)3(4,12)(2,7,14)(1,10,11,16)6-15=9",4,1,3.5,False,"(*5,8)13(3,12)(4,14)(2,7)16,1(10,11)-6-15=9",4,2,0.0,False,"5,8(3,12)13(7,4,14)(1,16)(2,10,11)-6=15   9",3,2,1.5,False,-7,連続開催12日目でBコース4日目。土曜よりも少し速めの時計レベル。外伸び傾向で差し有利。
202410020407,7,3歳未勝利,芝,1800,晴,良,13:05,2024-02-18,小倉,3,6,12,2021107174,ラストスピリッツ,牡3,57,01144,菱田裕二,1:48.6,2,7-5-4-3,36.9,4.6,2,498(-4),01193,[西]緒方努,000031,伊藤良兵,140.0,"5,8,13(3,4)14(7,12)(2,16)(6,10,11)1,15=9",7,2,3.0,False,"5-(8,13)3(4,12)(2,7,14)(1,10,11,16)6-15=9",5,2,3.5,False,"(*5,8)13(3,12)(4,14)(2,7)16,1(10,11)-6-15=9",4,2,0.0,False,"5,8(3,12)13(7,4,14)(1,16)(2,10,11)-6=15   9",3,2,1.5,False,-7,連続開催12日目でBコース4日目。土曜よりも少し速めの時計レベル。外伸び傾向で差し有利。
202410020407,7,3歳未勝利,芝,1800,晴,良,13:05,2024-02-18,小倉,4,2,4,2021106217,ウインサマースノー,牡3,57,01157,鮫島克駿,1:48.7,1/2,4-5-6-6,36.6,22.2,7,466(+4),01050,[西]飯田雄三,494800,ウイン,83.0,"5,8,13(3,4)14(7,12)(2,16)(6,10,11)1,15=9",4,2,3.0,False,"5-(8,13)3(4,12)(2,7,14)(1,10,11,16)6-15=9",5,2,3.5,False,"(*5,8)13(3,12)(4,14)(2,7)16,1(10,11)-6-15=9",6,2,0.0,False,"5,8(3,12)13(7,4,14)(1,16)(2,10,11)-6=15   9",6,3,1.5,False,-7,連続開催12日目でBコース4日目。土曜よりも少し速めの時計レベル。外伸び傾向で差し有利。
202410020407,7,3歳未勝利,芝,1800,晴,良,13:05,2024-02-18,小倉,5,5,10,2021100705,ジューンバタフライ,牝3,55,01019,秋山真一,1:48.9,1,11-10-12-11,36.3,7.6,5,468(0),01139,[西]飯田祐史,017803,吉川潤,55.0,"5,8,13(3,4)14(7,12)(2,16)(6,10,11)1,15=9",11,3,3.0,False,"5-(8,13)3(4,12)(2,7,14)(1,10,11,16)6-15=9",10,4,3.5,False,"(*5,8)13(3,12)(4,14)(2,7)16,1(10,11)-6-15=9",12,2,1.5,False,"5,8(3,12)13(7,4,14)(1,16)(2,10,11)-6=15   9",11,3,1.5,False,-7,連続開催12日目でBコース4日目。土曜よりも少し速めの時計レベル。外伸び傾向で差し有利。
202410020407,7,3歳未勝利,芝,1800,晴,良,13:05,2024-02-18,小倉,6,1,2,2021106436,クリノモルガナイト,牡3,54,01201,水沼元輝,1:49.0,クビ,9-7-8-11,36.7,129.7,14,464(-2),01056,[東]本間忍,970006,栗本博晴,,"5,8,13(3,4)14(7,12)(2,16)(6,10,11)1,15=9",9,2,3.0,False,"5-(8,13)3(4,12)(2,7,14)(1,10,11,16)6-15=9",7,3,3.5,False,"(*5,8)13(3,12)(4,14)(2,7)16,1(10,11)-6-15=9",8,2,0.0,False,"5,8(3,12)13(7,4,14)(1,16)(2,10,11)-6=15   9",11,3,1.5,False,-7,連続開催12日目でBコース4日目。土曜よりも少し速めの時計レベル。外伸び傾向で差し有利。
202410020407,7,3歳未勝利,芝,1800,晴,良,13:05,2024-02-18,小倉,7,1,1,2021102327,ゴトク,牡3,57,01091,丹内祐次,1:49.0,クビ,14-10-11-9,36.5,3.4,1,452(-8),01148,[西]西村真幸,302800,辻牧場,,"5,8,13(3,4)14(7,12)(2,16)(6,10,11)1,15=9",14,1,3.0,False,"5-(8,13)3(4,12)(2,7,14)(1,10,11,16)6-15=9",10,4,3.5,False,"(*5,8)13(3,12)(4,14)(2,7)16,1(10,11)-6-15=9",11,1,1.5,False,"5,8(3,12)13(7,4,14)(1,16)(2,10,11)-6=15   9",9,2,1.5,False,-7,連続開催12日目でBコース4日目。土曜よりも少し速めの時計レベル。外伸び傾向で差し有利。
202410020407,7,3歳未勝利,芝,1800,晴,良,13:05,2024-02-18,小倉,8,7,14,2021107169,ネムレスクイーン,牝3,54,01197,佐々木大,1:49.0,ハナ,6-7-6-6,36.9,39.4,13,418(-8),01192,[東]上原佑紀,463031,フィールドレーシング,,"5,8,13(3,4)14(7,12)(2,16)(6,10,11)1,15=9",6,1,3.0,False,"5-(8,13)3(4,12)(2,7,14)(1,10,11,16)6-15=9",7,3,3.5,False,"(*5,8)13(3,12)(4,14)(2,7)16,1(10,11)-6-15=9",6,2,0.0,False,"5,8(3,12)13(7,4,14)(1,16)(2,10,11)-6=15   9",6,3,1.5,False,-7,連続開催12日目でBコース4日目。土曜よりも少し速めの時計レベル。外伸び傾向で差し有利。
202410020407,7,3歳未勝利,芝,1800,晴,良,13:05,2024-02-18,小倉,9,7,13,2021100698,ヴィーケン,牡3,55,01200,西塚洸二,1:49.3,1.1/2,3-2-3-5,37.9,21.5,6,484(+6),01135,[西]高橋康之,912002,中西宏彰,,"5,8,13(3,4)14(7,12)(2,16)(6,10,11)1,15=9",3,1,3.0,False,"5-(8,13)3(4,12)(2,7,14)(1,10,11,16)6-15=9",2,2,3.5,False,"(*5,8)13(3,12)(4,14)(2,7)16,1(10,11)-6-15=9",3,1,0.0,False,"5,8(3,12)13(7,4,14)(1,16)(2,10,11)-6=15   9",5,1,1.5,False,-7,連続開催12日目でBコース4日目。土曜よりも少し速めの時計レベル。外伸び傾向で差し有利。
202410020407,7,3歳未勝利,芝,1800,晴,良,13:05,2024-02-18,小倉,10,3,5,2021109155,テイエムシマジン,牡3,54,01193,今村聖奈,1:49.3,クビ,1-1-1-1,38.1,29.6,8,474(-7),01111,[西]鈴木孝志,356002,竹園正繼,,"5,8,13(3,4)14(7,12)(2,16)(6,10,11)1,15=9",1,1,0.0,False,"5-(8,13)3(4,12)(2,7,14)(1,10,11,16)6-15=9",1,1,0.0,False,"(*5,8)13(3,12)(4,14)(2,7)16,1(10,11)-6-15=9",1,2,0.0,True,"5,8(3,12)13(7,4,14)(1,16)(2,10,11)-6=15   9",1,1,0.0,False,-7,連続開催12日目でBコース4日目。土曜よりも少し速めの時計レベル。外伸び傾向で差し有利。
202410020407,7,3歳未勝利,芝,1800,晴,良,13:05,2024-02-18,小倉,11,4,8,2021104105,ルクスマーベリック,牡3,57,01127,丸山元気,1:49.6,2,2-2-2-2,38.3,5.6,3,456(+10),01092,[西]松永幹夫,397803,ルクス,,"5,8,13(3,4)14(7,12)(2,16)(6,10,11)1,15=9",2,1,1.5,False,"5-(8,13)3(4,12)(2,7,14)(1,10,11,16)6-15=9",2,2,3.5,False,"(*5,8)13(3,12)(4,14)(2,7)16,1(10,11)-6-15=9",2,2,0.0,False,"5,8(3,12)13(7,4,14)(1,16)(2,10,11)-6=15   9",2,1,1.5,False,-7,連続開催12日目でBコース4日目。土曜よりも少し速めの時計レベル。外伸び傾向で差し有利。
202410020407,7,3歳未勝利,芝,1800,晴,良,13:05,2024-02-18,小倉,12,3,6,2021100154,ウインドスピード,牡3,57,01095,吉田隼人,1:49.8,3/4,11-14-14-14,36.6,36.0,11,456(+14),01170,[西]坂口智康,036034,中村伊三美,,"5,8,13(3,4)14(7,12)(2,16)(6,10,11)1,15=9",11,3,3.0,False,"5-(8,13)3(4,12)(2,7,14)(1,10,11,16)6-15=9",14,1,3.5,False,"(*5,8)13(3,12)(4,14)(2,7)16,1(10,11)-6-15=9",14,1,5.0,False,"5,8(3,12)13(7,4,14)(1,16)(2,10,11)-6=15   9",14,1,5.0,False,-7,連続開催12日目でBコース4日目。土曜よりも少し速めの時計レベル。外伸び傾向で差し有利。
202410020407,7,3歳未勝利,芝,1800,晴,良,13:05,2024-02-18,小倉,13,8,16,2021105708,ビキニオンザビーチ,牝3,52,01187,永島まな,1:49.9,1,9-10-10-9,37.5,6.1,4,444(0),01071,[西]池江泰寿,831800,青芝商事,,"5,8,13(3,4)14(7,12)(2,16)(6,10,11)1,15=9",9,2,3.0,False,"5-(8,13)3(4,12)(2,7,14)(1,10,11,16)6-15=9",10,4,3.5,False,"(*5,8)13(3,12)(4,14)(2,7)16,1(10,11)-6-15=9",10,1,0.0,False,"5,8(3,12)13(7,4,14)(1,16)(2,10,11)-6=15   9",9,2,1.5,False,-7,連続開催12日目でBコース4日目。土曜よりも少し速めの時計レベル。外伸び傾向で差し有利。
202410020407,7,3歳未勝利,芝,1800,晴,良,13:05,2024-02-18,小倉,14,6,11,2021100402,ニシノリピート,牝3,55,01135,杉原誠人,1:50.0,1/2,11-10-12-11,37.3,35.1,9,450(-8),01068,[東]小島茂之,897009,西山茂行,,"5,8,13(3,4)14(7,12)(2,16)(6,10,11)1,15=9",11,3,3.0,False,"5-(8,13)3(4,12)(2,7,14)(1,10,11,16)6-15=9",10,4,3.5,False,"(*5,8)13(3,12)(4,14)(2,7)16,1(10,11)-6-15=9",12,2,1.5,False,"5,8(3,12)13(7,4,14)(1,16)(2,10,11)-6=15   9",11,3,1.5,False,-7,連続開催12日目でBコース4日目。土曜よりも少し速めの時計レベル。外伸び傾向で差し有利。
202410020407,7,3歳未勝利,芝,1800,晴,良,13:05,2024-02-18,小倉,15,8,15,2021100987,タニオブカンナ,牝3,55,01178,斎藤新,1:52.0,大,15-15-15-15,38.3,240.0,16,430(0),01046,[西]鮫島一歩,155031,谷正之,,"5,8,13(3,4)14(7,12)(2,16)(6,10,11)1,15=9",15,1,4.5,False,"5-(8,13)3(4,12)(2,7,14)(1,10,11,16)6-15=9",15,1,7.0,False,"(*5,8)13(3,12)(4,14)(2,7)16,1(10,11)-6-15=9",15,1,8.5,False,"5,8(3,12)13(7,4,14)(1,16)(2,10,11)-6=15   9",15,1,11.0,False,-7,連続開催12日目でBコース4日目。土曜よりも少し速めの時計レベル。外伸び傾向で差し有利。
202410020407,7,3歳未勝利,芝,1800,晴,良,13:05,2024-02-18,小倉,中,5,9,2021103811,マリリン,牝3,51,01206,小林美駒,,,16-16-16,,138.6,15,498(-8),01190,[東]村田一誠,853030,小原準一郎,,"5,8,13(3,4)14(7,12)(2,16)(6,10,11)1,15=9",16,1,10.5,False,"5-(8,13)3(4,12)(2,7,14)(1,10,11,16)6-15=9",16,1,13.0,False,"(*5,8)13(3,12)(4,14)(2,7)16,1(10,11)-6-15=9",16,1,14.5,False,"5,8(3,12)13(7,4,14)(1,16)(2,10,11)-6=15   9",16,1,17.0,False,-7,連続開催12日目でBコース4日目。土曜よりも少し速めの時計レベル。外伸び傾向で差し有利。
202410020408,8,4歳以上1勝クラス,芝,2000,晴,良,13:35,2024-02-18,小倉,1,6,6,2020105760,エリダヌス,牝4,55,01091,丹内祐次,2:01.1,,3-2-3-2,35.0,3.9,2,488(+2),01156,[東]青木孝文,716800,ビッグレッドファーム,800.0,"1,8,6,5,3(4,7)-9,2",3,1,3.0,False,"1(8,6)5,3,4,7-9-2",2,2,0.0,False,"(1,*8)(6,3,4)5(7,2)-9",3,3,0.0,False,"(6,*1,8)(5,3,4)7(9,2)",2,3,0.0,False,-7,連続開催12日目でBコース4日目。土曜よりも少し速めの時計レベル。外伸び傾向で差し有利。
202410020408,8,4歳以上1勝クラス,芝,2000,晴,良,13:35,2024-02-18,小倉,2,3,3,2020102868,ピクシレーション,牝4,55,01161,菊沢一樹,2:01.2,1/2,5-5-3-4,35.0,5.1,4,464(-4),01115,[東]菊沢隆徳,415800,社台レースホース,320.0,"1,8,6,5,3(4,7)-9,2",5,1,6.0,False,"1(8,6)5,3,4,7-9-2",5,1,1.5,False,"(1,*8)(6,3,4)5(7,2)-9",3,3,0.0,False,"(6,*1,8)(5,3,4)7(9,2)",4,3,0.0,False,-7,連続開催12日目でBコース4日目。土曜よりも少し速めの時計レベル。外伸び傾向で差し有利。
202410020408,8,4歳以上1勝クラス,芝,2000,晴,良,13:35,2024-02-18,小倉,3,5,5,2019105440,ビヨンドザリミット,牝5,56,01144,菱田裕二,2:01.2,アタマ,4-4-6-4,34.8,65.4,9,470(-4),01167,[東]稲垣幸雄,463031,フィールドレーシング,200.0,"1,8,6,5,3(4,7)-9,2",4,1,4.5,False,"1(8,6)5,3,4,7-9-2",4,1,0.0,False,"(1,*8)(6,3,4)5(7,2)-9",6,1,0.0,False,"(6,*1,8)(5,3,4)7(9,2)",4,3,0.0,False,-7,連続開催12日目でBコース4日目。土曜よりも少し速めの時計レベル。外伸び傾向で差し有利。
202410020408,8,4歳以上1勝クラス,芝,2000,晴,良,13:35,2024-02-18,小倉,4,1,1,2020105614,ルソルティール,牝4,54,01197,佐々木大,2:01.3,1/2,1-1-2-1,35.4,3.4,1,422(-20),01110,[西]清水久詞,788800,ノースヒルズ,120.0,"1,8,6,5,3(4,7)-9,2",1,1,0.0,False,"1(8,6)5,3,4,7-9-2",1,1,0.0,False,"(1,*8)(6,3,4)5(7,2)-9",2,2,0.0,False,"(6,*1,8)(5,3,4)7(9,2)",1,3,0.0,True,-7,連続開催12日目でBコース4日目。土曜よりも少し速めの時計レベル。外伸び傾向で差し有利。
202410020408,8,4歳以上1勝クラス,芝,2000,晴,良,13:35,2024-02-18,小倉,5,4,4,2018102186,キュンストラー,牝6,56,01127,丸山元気,2:01.3,アタマ,6-6-3-4,35.1,4.9,3,410(-2),01093,[東]松永康利,546800,サラブレッドクラブ・...,80.0,"1,8,6,5,3(4,7)-9,2",6,2,6.0,False,"1(8,6)5,3,4,7-9-2",6,1,3.0,False,"(1,*8)(6,3,4)5(7,2)-9",3,3,0.0,False,"(6,*1,8)(5,3,4)7(9,2)",4,3,0.0,False,-7,連続開催12日目でBコース4日目。土曜よりも少し速めの時計レベル。外伸び傾向で差し有利。
202410020408,8,4歳以上1勝クラス,芝,2000,晴,良,13:35,2024-02-18,小倉,6,8,8,2020106900,アームテイル,牝4,55,01157,鮫島克駿,2:01.4,1/2,2-2-1-2,35.5,9.6,6,448(-10),01165,[東]和田勇介,363800,三嶋牧場,,"1,8,6,5,3(4,7)-9,2",2,1,1.5,False,"1(8,6)5,3,4,7-9-2",2,2,0.0,False,"(1,*8)(6,3,4)5(7,2)-9",1,2,0.0,True,"(6,*1,8)(5,3,4)7(9,2)",2,3,0.0,False,-7,連続開催12日目でBコース4日目。土曜よりも少し速めの時計レベル。外伸び傾向で差し有利。
202410020408,8,4歳以上1勝クラス,芝,2000,晴,良,13:35,2024-02-18,小倉,7,8,9,2020103599,ヴィラーゴスリーブ,牝4,53,01200,西塚洸二,2:02.0,3.1/2,8-8-9-8,35.2,17.7,7,484(-4),01055,[西]藤原英昭,226800,サンデーレーシング,,"1,8,6,5,3(4,7)-9,2",8,1,9.5,False,"1(8,6)5,3,4,7-9-2",8,1,8.0,False,"(1,*8)(6,3,4)5(7,2)-9",9,1,3.5,False,"(6,*1,8)(5,3,4)7(9,2)",8,2,0.0,False,-7,連続開催12日目でBコース4日目。土曜よりも少し速めの時計レベル。外伸び傾向で差し有利。
202410020408,8,4歳以上1勝クラス,芝,2000,晴,良,13:35,2024-02-18,小倉,8,2,2,2019105764,スノーディザイア,牝5,56,00732,幸英明,2:02.2,1,9-9-7-8,35.7,8.8,5,466(-12),01048,[東]畠山吉宏,854800,ノルマンディーサラブ...,,"1,8,6,5,3(4,7)-9,2",9,1,11.0,False,"1(8,6)5,3,4,7-9-2",9,1,11.5,False,"(1,*8)(6,3,4)5(7,2)-9",7,2,0.0,False,"(6,*1,8)(5,3,4)7(9,2)",8,2,0.0,False,-7,連続開催12日目でBコース4日目。土曜よりも少し速めの時計レベル。外伸び傾向で差し有利。
202410020408,8,4歳以上1勝クラス,芝,2000,晴,良,13:35,2024-02-18,小倉,9,7,7,2020104649,プロミシングギャル,牝4,55,01095,吉田隼人,2:02.2,アタマ,6-7-7-7,35.7,39.9,8,434(-28),01142,[西]森田直行,110030,近藤克麿,,"1,8,6,5,3(4,7)-9,2",6,2,6.0,False,"1(8,6)5,3,4,7-9-2",7,1,4.5,False,"(1,*8)(6,3,4)5(7,2)-9",7,2,0.0,False,"(6,*1,8)(5,3,4)7(9,2)",7,1,0.0,False,-7,連続開催12日目でBコース4日目。土曜よりも少し速めの時計レベル。外伸び傾向で差し有利。
202410020409,9,伊万里特別(2勝),ダ,1000,晴,良,14:05,2024-02-18,小倉,1,4,5,2019103162,オーロベルディ,牝5,56,01115,浜中俊,0:58.5,,5-4,35.5,5.0,2,498(+2),01193,[西]緒方努,018700,ロイヤルパーク,"1,582.2",,,,,,,,,,,"8,3(1,12)(5,14)(2,4,11)13(7,6)(9,10)",5,2,1.5,False,"8-(1,3)5-12(2,4,14)11(13,6)10(7,9)",4,1,3.5,False,3,
202410020409,9,伊万里特別(2勝),ダ,1000,晴,良,14:05,2024-02-18,小倉,2,5,8,2019101714,デルマシルフ,牝5,56,01144,菱田裕二,0:58.7,1.1/2,1-1,36.1,4.3,1,480(0),01188,[西]畑端省吾,274002,浅沼廣幸,629.2,,,,,,,,,,,"8,3(1,12)(5,14)(2,4,11)13(7,6)(9,10)",1,1,0.0,False,"8-(1,3)5-12(2,4,14)11(13,6)10(7,9)",1,1,0.0,False,3,
202410020409,9,伊万里特別(2勝),ダ,1000,晴,良,14:05,2024-02-18,小倉,3,1,1,2019105860,オースミメッシーナ,牝5,56,00732,幸英明,0:58.7,クビ,3-2,35.9,16.2,8,448(-8),01073,[西]宮本博,712800,オースミ,394.6,,,,,,,,,,,"8,3(1,12)(5,14)(2,4,11)13(7,6)(9,10)",3,2,1.5,False,"8-(1,3)5-12(2,4,14)11(13,6)10(7,9)",2,2,3.5,False,3,
202410020409,9,伊万里特別(2勝),ダ,1000,晴,良,14:05,2024-02-18,小倉,4,3,4,2019105218,フェズカズマ,牡5,58,01178,斎藤新,0:59.2,2.1/2,7-6,35.9,7.3,4,492(+4),00438,[西]安田隆行,879800,雅苑興業,230.0,,,,,,,,,,,"8,3(1,12)(5,14)(2,4,11)13(7,6)(9,10)",7,3,1.5,False,"8-(1,3)5-12(2,4,14)11(13,6)10(7,9)",6,3,7.0,False,3,
202410020409,9,伊万里特別(2勝),ダ,1000,晴,良,14:05,2024-02-18,小倉,5,7,11,2019102747,マキアージュ,牝5,56,01206,小林美駒,0:59.2,クビ,7-9,35.9,5.1,3,464(+2),01052,[東]菊川正達,373008,中村祐子,155.0,,,,,,,,,,,"8,3(1,12)(5,14)(2,4,11)13(7,6)(9,10)",7,3,1.5,False,"8-(1,3)5-12(2,4,14)11(13,6)10(7,9)",9,1,7.0,False,3,
202410020409,9,伊万里特別(2勝),ダ,1000,晴,良,14:05,2024-02-18,小倉,6,4,6,2019105058,ミユキアイラブユー,セ5,58,01135,杉原誠人,0:59.2,ハナ,11-10,35.6,8.9,5,566(-12),01068,[東]小島茂之,890007,長井純一,,,,,,,,,,,,"8,3(1,12)(5,14)(2,4,11)13(7,6)(9,10)",11,2,1.5,False,"8-(1,3)5-12(2,4,14)11(13,6)10(7,9)",10,2,7.0,False,3,
202410020409,9,伊万里特別(2勝),ダ,1000,晴,良,14:05,2024-02-18,小倉,7,3,3,2019110130,ルヴェルジェ,牝5,56,01112,荻野琢真,0:59.5,1.3/4,2-2,36.8,61.0,13,470(+2),01185,[西]小林真也,854800,ノルマンディーサラブ...,,,,,,,,,,,,"8,3(1,12)(5,14)(2,4,11)13(7,6)(9,10)",2,1,1.5,False,"8-(1,3)5-12(2,4,14)11(13,6)10(7,9)",2,2,3.5,False,3,
202410020409,9,伊万里特別(2勝),ダ,1000,晴,良,14:05,2024-02-18,小倉,8,2,2,2020104363,バスドラムガール,牝4,56,01133,水口優也,0:59.5,ハナ,7-6,36.2,24.3,10,452(-2),01091,[西]羽月友彦,065803,京都ホースレーシング,,,,,,,,,,,,"8,3(1,12)(5,14)(2,4,11)13(7,6)(9,10)",7,3,1.5,False,"8-(1,3)5-12(2,4,14)11(13,6)10(7,9)",6,3,7.0,False,3,
202410020409,9,伊万里特別(2勝),ダ,1000,晴,良,14:05,2024-02-18,小倉,9,6,10,2019100288,ヤマイチエスポ,牝5,56,01128,川須栄彦,0:59.6,3/4,13-12,35.8,30.3,11,492(+22),01069,[西]中尾秀正,698033,森和久,,,,,,,,,,,,"8,3(1,12)(5,14)(2,4,11)13(7,6)(9,10)",13,2,1.5,False,"8-(1,3)5-12(2,4,14)11(13,6)10(7,9)",12,1,7.0,False,3,
202410020409,9,伊万里特別(2勝),ダ,1000,晴,良,14:05,2024-02-18,小倉,10,8,13,2020104671,コパノバークレー,牝4,56,01186,角田大和,0:59.6,ハナ,10-10,36.1,13.7,6,468(+24),01155,[西]渡辺薫彦,966007,小林祥晃,,,,,,,,,,,,"8,3(1,12)(5,14)(2,4,11)13(7,6)(9,10)",10,1,1.5,False,"8-(1,3)5-12(2,4,14)11(13,6)10(7,9)",10,2,7.0,False,3,
202410020409,9,伊万里特別(2勝),ダ,1000,晴,良,14:05,2024-02-18,小倉,11,8,14,2020105136,テイエムスイスイ,牝4,56,01161,菊沢一樹,0:59.9,1.1/2,5-6,36.8,64.3,14,516(+12),01043,[東]石栗龍彦,356002,竹園正繼,,,,,,,,,,,,"8,3(1,12)(5,14)(2,4,11)13(7,6)(9,10)",5,2,1.5,False,"8-(1,3)5-12(2,4,14)11(13,6)10(7,9)",6,3,7.0,False,3,
202410020409,9,伊万里特別(2勝),ダ,1000,晴,良,14:05,2024-02-18,小倉,12,6,9,2019103261,ニシノラーナ,牝5,56,01025,勝浦正樹,1:00.0,1/2,13-13,36.3,42.6,12,496(-2),01077,[東]加藤和宏,897009,西山茂行,,,,,,,,,,,,"8,3(1,12)(5,14)(2,4,11)13(7,6)(9,10)",13,2,1.5,False,"8-(1,3)5-12(2,4,14)11(13,6)10(7,9)",13,2,7.0,False,3,
202410020409,9,伊万里特別(2勝),ダ,1000,晴,良,14:05,2024-02-18,小倉,13,7,12,2020106047,フェイマスドクター,牡4,58,01201,水沼元輝,1:00.3,1.3/4,3-5,37.4,15.9,7,520(+6),01081,[東]中川公成,631031,山崎康,,,,,,,,,,,,"8,3(1,12)(5,14)(2,4,11)13(7,6)(9,10)",3,2,1.5,False,"8-(1,3)5-12(2,4,14)11(13,6)10(7,9)",5,1,7.0,False,3,
202410020409,9,伊万里特別(2勝),ダ,1000,晴,良,14:05,2024-02-18,小倉,14,5,7,2020104129,バサラ,牝4,56,01177,小林凌大,1:00.4,3/4,11-13,36.8,18.9,9,440(-4),01023,[東]伊藤圭三,379803,ＯＵＭＡ,,,,,,,,,,,,"8,3(1,12)(5,14)(2,4,11)13(7,6)(9,10)",11,2,1.5,False,"8-(1,3)5-12(2,4,14)11(13,6)10(7,9)",13,2,7.0,False,3,
202410020410,10,唐戸特別(2勝),芝,1200,晴,良,14:40,2024-02-18,小倉,1,2,3,2020102630,アルーリングビュー,牝4,56,01197,佐々木大,1:07.8,,9-9,34.0,4.1,1,468(+2),01130,[西]吉村圭司,415800,社台レースホース,"1,591.3",,,,,,,,,,,"9,1(2,7)11,13(8,18)(3,10,15,16)(4,14,17)(6,12)5",9,4,3.0,False,"(9,*1)(2,7)(11,13,18)8(3,10,15,16)17(4,6,14,5)12",9,4,0.0,False,-10,連続開催12日目でBコース4日目。土曜よりも少し速めの時計レベル。外伸び傾向で差し有利。
202410020410,10,唐戸特別(2勝),芝,1200,晴,良,14:40,2024-02-18,小倉,2,2,4,2019104738,サウンドクレア,牝5,56,01176,亀田温心,1:07.9,3/4,13-14,33.9,71.9,14,450(0),01042,[西]安達昭夫,168006,増田雄一,631.8,,,,,,,,,,,"9,1(2,7)11,13(8,18)(3,10,15,16)(4,14,17)(6,12)5",13,3,3.0,False,"(9,*1)(2,7)(11,13,18)8(3,10,15,16)17(4,6,14,5)12",14,4,0.0,False,-10,連続開催12日目でBコース4日目。土曜よりも少し速めの時計レベル。外伸び傾向で差し有利。
202410020410,10,唐戸特別(2勝),芝,1200,晴,良,14:40,2024-02-18,小倉,3,1,2,2020106330,ラウラーナ,牝4,56,01115,浜中俊,1:07.9,ハナ,3-3,34.6,13.1,6,424(-2),00420,[東]宗像義忠,013700,ディアレスト,395.9,,,,,,,,,,,"9,1(2,7)11,13(8,18)(3,10,15,16)(4,14,17)(6,12)5",3,2,1.5,False,"(9,*1)(2,7)(11,13,18)8(3,10,15,16)17(4,6,14,5)12",3,2,0.0,False,-10,連続開催12日目でBコース4日目。土曜よりも少し速めの時計レベル。外伸び傾向で差し有利。
202410020410,10,唐戸特別(2勝),芝,1200,晴,良,14:40,2024-02-18,小倉,4,7,15,2017101991,テンジュイン,牝7,56,01191,松本大輝,1:07.9,アタマ,9-9,34.0,97.3,17,462(0),01120,[西]千田輝彦,135803,ドリーム＆Ｄｒｅａｍ,230.0,,,,,,,,,,,"9,1(2,7)11,13(8,18)(3,10,15,16)(4,14,17)(6,12)5",9,4,3.0,False,"(9,*1)(2,7)(11,13,18)8(3,10,15,16)17(4,6,14,5)12",9,4,0.0,False,-10,連続開催12日目でBコース4日目。土曜よりも少し速めの時計レベル。外伸び傾向で差し有利。
202410020410,10,唐戸特別(2勝),芝,1200,晴,良,14:40,2024-02-18,小倉,5,1,1,2018104559,ナリタローゼ,牝6,56,01199,角田大河,1:08.0,クビ,2-1,34.9,27.5,10,476(-6),01136,[西]高橋亮,712800,オースミ,155.0,,,,,,,,,,,"9,1(2,7)11,13(8,18)(3,10,15,16)(4,14,17)(6,12)5",2,1,1.5,False,"(9,*1)(2,7)(11,13,18)8(3,10,15,16)17(4,6,14,5)12",1,2,0.0,True,-10,連続開催12日目でBコース4日目。土曜よりも少し速めの時計レベル。外伸び傾向で差し有利。
202410020410,10,唐戸特別(2勝),芝,1200,晴,良,14:40,2024-02-18,小倉,6,4,8,2018106455,メイショウハボタン,牝6,56,01127,丸山元気,1:08.0,アタマ,7-8,34.3,7.2,4,470(0),01099,[西]本田優,523005,松本好雄,,,,,,,,,,,,"9,1(2,7)11,13(8,18)(3,10,15,16)(4,14,17)(6,12)5",7,2,3.0,False,"(9,*1)(2,7)(11,13,18)8(3,10,15,16)17(4,6,14,5)12",8,1,0.0,False,-10,連続開催12日目でBコース4日目。土曜よりも少し速めの時計レベル。外伸び傾向で差し有利。
202410020410,10,唐戸特別(2勝),芝,1200,晴,良,14:40,2024-02-18,小倉,7,8,16,2019105412,プリモカリーナ,牝5,56,01178,斎藤新,1:08.0,ハナ,9-9,34.1,5.1,2,442(-2),00438,[西]安田隆行,542800,ライオンレースホース,,,,,,,,,,,,"9,1(2,7)11,13(8,18)(3,10,15,16)(4,14,17)(6,12)5",9,4,3.0,False,"(9,*1)(2,7)(11,13,18)8(3,10,15,16)17(4,6,14,5)12",9,4,0.0,False,-10,連続開催12日目でBコース4日目。土曜よりも少し速めの時計レベル。外伸び傾向で差し有利。
202410020410,10,唐戸特別(2勝),芝,1200,晴,良,14:40,2024-02-18,小倉,8,7,14,2019103897,ハピネスアゲン,牝5,56,01025,勝浦正樹,1:08.0,ハナ,13-14,34.0,8.9,5,456(+2),01024,[東]萱野浩二,350004,浅川皓司,,,,,,,,,,,,"9,1(2,7)11,13(8,18)(3,10,15,16)(4,14,17)(6,12)5",13,3,3.0,False,"(9,*1)(2,7)(11,13,18)8(3,10,15,16)17(4,6,14,5)12",14,4,0.0,False,-10,連続開催12日目でBコース4日目。土曜よりも少し速めの時計レベル。外伸び傾向で差し有利。
202410020410,10,唐戸特別(2勝),芝,1200,晴,良,14:40,2024-02-18,小倉,9,3,6,2018101964,アルムファーツリー,牝6,56,01095,吉田隼人,1:08.1,1/2,16-14,34.0,40.4,12,462(-14),01003,[西]川村禎彦,899030,崎川美枝子,,,,,,,,,,,,"9,1(2,7)11,13(8,18)(3,10,15,16)(4,14,17)(6,12)5",16,2,3.0,False,"(9,*1)(2,7)(11,13,18)8(3,10,15,16)17(4,6,14,5)12",14,4,0.0,False,-10,連続開催12日目でBコース4日目。土曜よりも少し速めの時計レベル。外伸び傾向で差し有利。
202410020410,10,唐戸特別(2勝),芝,1200,晴,良,14:40,2024-02-18,小倉,10,6,11,2019101270,ヨール,牝5,56,01091,丹内祐次,1:08.2,1/2,5-5,34.7,14.4,7,442(0),01038,[東]手塚貴久,491030,藤田在子,,,,,,,,,,,,"9,1(2,7)11,13(8,18)(3,10,15,16)(4,14,17)(6,12)5",5,1,1.5,False,"(9,*1)(2,7)(11,13,18)8(3,10,15,16)17(4,6,14,5)12",5,3,0.0,False,-10,連続開催12日目でBコース4日目。土曜よりも少し速めの時計レベル。外伸び傾向で差し有利。
202410020410,10,唐戸特別(2勝),芝,1200,晴,良,14:40,2024-02-18,小倉,11,8,17,2019100604,ヤマニンアンフィル,牝5,56,01157,鮫島克駿,1:08.3,クビ,13-13,34.3,6.4,3,480(+8),01151,[西]斉藤崇史,329004,土井肇,,,,,,,,,,,,"9,1(2,7)11,13(8,18)(3,10,15,16)(4,14,17)(6,12)5",13,3,3.0,False,"(9,*1)(2,7)(11,13,18)8(3,10,15,16)17(4,6,14,5)12",13,1,0.0,False,-10,連続開催12日目でBコース4日目。土曜よりも少し速めの時計レベル。外伸び傾向で差し有利。
202410020410,10,唐戸特別(2勝),芝,1200,晴,良,14:40,2024-02-18,小倉,12,6,12,2020100686,ジョリダム,牝4,56,01168,富田暁,1:08.4,3/4,16-18,34.2,19.6,8,442(-2),01161,[西]武英智,791800,桑田牧場,,,,,,,,,,,,"9,1(2,7)11,13(8,18)(3,10,15,16)(4,14,17)(6,12)5",16,2,3.0,False,"(9,*1)(2,7)(11,13,18)8(3,10,15,16)17(4,6,14,5)12",18,1,0.0,False,-10,連続開催12日目でBコース4日目。土曜よりも少し速めの時計レベル。外伸び傾向で差し有利。
202410020410,10,唐戸特別(2勝),芝,1200,晴,良,14:40,2024-02-18,小倉,13,3,5,2020101763,トーホウフランゴ,牝4,56,01187,永島まな,1:08.4,アタマ,18-14,34.1,27.6,11,438(0),01135,[西]高橋康之,965800,東豊物産,,,,,,,,,,,,"9,1(2,7)11,13(8,18)(3,10,15,16)(4,14,17)(6,12)5",18,1,3.0,False,"(9,*1)(2,7)(11,13,18)8(3,10,15,16)17(4,6,14,5)12",14,4,0.0,False,-10,連続開催12日目でBコース4日目。土曜よりも少し速めの時計レベル。外伸び傾向で差し有利。
202410020410,10,唐戸特別(2勝),芝,1200,晴,良,14:40,2024-02-18,小倉,14,5,10,2020104942,シルフィードレーヴ,牝4,56,00732,幸英明,1:08.4,アタマ,9-9,34.5,22.1,9,450(+4),01028,[西]西園正都,275031,山崎太嗣,,,,,,,,,,,,"9,1(2,7)11,13(8,18)(3,10,15,16)(4,14,17)(6,12)5",9,4,3.0,False,"(9,*1)(2,7)(11,13,18)8(3,10,15,16)17(4,6,14,5)12",9,4,0.0,False,-10,連続開催12日目でBコース4日目。土曜よりも少し速めの時計レベル。外伸び傾向で差し有利。
202410020410,10,唐戸特別(2勝),芝,1200,晴,良,14:40,2024-02-18,小倉,15,5,9,2020102331,メイショウオトギ,牝4,56,01160,荻野極,1:08.6,1,1-2,35.7,79.5,15,432(+6),01144,[西]池添学,523005,松本好雄,,,,,,,,,,,,"9,1(2,7)11,13(8,18)(3,10,15,16)(4,14,17)(6,12)5",1,1,0.0,False,"(9,*1)(2,7)(11,13,18)8(3,10,15,16)17(4,6,14,5)12",2,2,0.0,False,-10,連続開催12日目でBコース4日目。土曜よりも少し速めの時計レベル。外伸び傾向で差し有利。
202410020410,10,唐戸特別(2勝),芝,1200,晴,良,14:40,2024-02-18,小倉,16,8,18,2018100636,ステラダイヤ,牝6,56,01096,大野拓弥,1:08.6,アタマ,7-5,34.9,87.8,16,494(-4),01118,[東]高柳瑞樹,092700,ＶｉｒｉｄｉａｎＫｅ...,,,,,,,,,,,,"9,1(2,7)11,13(8,18)(3,10,15,16)(4,14,17)(6,12)5",7,2,3.0,False,"(9,*1)(2,7)(11,13,18)8(3,10,15,16)17(4,6,14,5)12",5,3,0.0,False,-10,連続開催12日目でBコース4日目。土曜よりも少し速めの時計レベル。外伸び傾向で差し有利。
202410020410,10,唐戸特別(2勝),芝,1200,晴,良,14:40,2024-02-18,小倉,17,4,7,2020100121,イイヒニナル,牝4,56,01202,鷲頭虎太,1:08.7,1/2,3-3,35.4,65.4,13,380(-4),01120,[西]千田輝彦,195033,米津佳昭,,,,,,,,,,,,"9,1(2,7)11,13(8,18)(3,10,15,16)(4,14,17)(6,12)5",3,2,1.5,False,"(9,*1)(2,7)(11,13,18)8(3,10,15,16)17(4,6,14,5)12",3,2,0.0,False,-10,連続開催12日目でBコース4日目。土曜よりも少し速めの時計レベル。外伸び傾向で差し有利。
202410020410,10,唐戸特別(2勝),芝,1200,晴,良,14:40,2024-02-18,小倉,18,7,13,2020101492,シンリンゲンカイ,牝4,56,01161,菊沢一樹,1:08.9,1.1/2,6-5,35.3,161.7,18,462(-10),01043,[東]石栗龍彦,714031,酒井孝敏,,,,,,,,,,,,"9,1(2,7)11,13(8,18)(3,10,15,16)(4,14,17)(6,12)5",6,1,3.0,False,"(9,*1)(2,7)(11,13,18)8(3,10,15,16)17(4,6,14,5)12",5,3,0.0,False,-10,連続開催12日目でBコース4日目。土曜よりも少し速めの時計レベル。外伸び傾向で差し有利。
202410020411,11,第58回小倉大賞典(GIII),芝,1800,晴,良,15:20,2024-02-18,小倉,1,6,12,2019105532,エピファニー,牡5,57,01135,杉原誠人,1:45.1,,7-7-6-4,34.6,5.8,3,504(-2),01175,[東]宮田敬介,506800,シルクレーシング,"4,356.0","9,8,6,7,16,13(5,12)10(11,14)(4,3)2   15,1",7,2,7.5,False,"9-8,6-7(13,16)(5,12)(10,14)11(4,3)-2   15,1",7,2,8.5,False,"9-8-6-(7,16)(13,12)(5,14)-(10,11)(4,3)-2   15,1",6,2,10.5,False,"9-8-7(12,6)(13,16,14)(5,11)(4,3)(10,2)   15,1",4,2,7.0,False,-7,連続開催12日目でBコース4日目。土曜よりも少し速めの時計レベル。外伸び傾向で差し有利。
202410020411,11,第58回小倉大賞典(GIII),芝,1800,晴,良,15:20,2024-02-18,小倉,2,6,11,2018104708,ロングラン,セ6,57,01091,丹内祐次,1:45.3,1,10-11-10-9,34.3,6.6,4,478(-4),01165,[東]和田勇介,993033,梅澤明,"1,716.0","9,8,6,7,16,13(5,12)10(11,14)(4,3)2   15,1",10,2,7.5,False,"9-8,6-7(13,16)(5,12)(10,14)11(4,3)-2   15,1",11,1,8.5,False,"9-8-6-(7,16)(13,12)(5,14)-(10,11)(4,3)-2   15,1",10,2,14.0,False,"9-8-7(12,6)(13,16,14)(5,11)(4,3)(10,2)   15,1",9,2,7.0,False,-7,連続開催12日目でBコース4日目。土曜よりも少し速めの時計レベル。外伸び傾向で差し有利。
202410020411,11,第58回小倉大賞典(GIII),芝,1800,晴,良,15:20,2024-02-18,小倉,3,5,9,2019106670,セルバーグ,牡5,57,01193,今村聖奈,1:45.4,1/2,1-1-1-1,36.8,18.8,10,442(+2),01111,[西]鈴木孝志,702033,桑畑夏美,"1,108.0","9,8,6,7,16,13(5,12)10(11,14)(4,3)2   15,1",1,1,0.0,False,"9-8,6-7(13,16)(5,12)(10,14)11(4,3)-2   15,1",1,1,0.0,False,"9-8-6-(7,16)(13,12)(5,14)-(10,11)(4,3)-2   15,1",1,1,0.0,False,"9-8-7(12,6)(13,16,14)(5,11)(4,3)(10,2)   15,1",1,1,0.0,False,-7,連続開催12日目でBコース4日目。土曜よりも少し速めの時計レベル。外伸び傾向で差し有利。
202410020411,11,第58回小倉大賞典(GIII),芝,1800,晴,良,15:20,2024-02-18,小倉,4,4,7,2019105252,アルナシーム,牡5,57,01157,鮫島克駿,1:45.4,ハナ,4-4-4-3,35.2,4.7,1,444(-2),01154,[西]橋口慎介,542800,ライオンレースホース,650.0,"9,8,6,7,16,13(5,12)10(11,14)(4,3)2   15,1",4,1,4.5,False,"9-8,6-7(13,16)(5,12)(10,14)11(4,3)-2   15,1",4,1,8.5,False,"9-8-6-(7,16)(13,12)(5,14)-(10,11)(4,3)-2   15,1",4,2,10.5,False,"9-8-7(12,6)(13,16,14)(5,11)(4,3)(10,2)   15,1",3,1,7.0,False,-7,連続開催12日目でBコース4日目。土曜よりも少し速めの時計レベル。外伸び傾向で差し有利。
202410020411,11,第58回小倉大賞典(GIII),芝,1800,晴,良,15:20,2024-02-18,小倉,5,4,8,2019105366,フェーングロッテン,セ5,58,00732,幸英明,1:45.8,2.1/2,2-2-2-2,36.6,17.7,9,478(-8),01073,[西]宮本博,226800,サンデーレーシング,430.0,"9,8,6,7,16,13(5,12)10(11,14)(4,3)2   15,1",2,1,1.5,False,"9-8,6-7(13,16)(5,12)(10,14)11(4,3)-2   15,1",2,1,3.5,False,"9-8-6-(7,16)(13,12)(5,14)-(10,11)(4,3)-2   15,1",2,1,3.5,False,"9-8-7(12,6)(13,16,14)(5,11)(4,3)(10,2)   15,1",2,1,3.5,False,-7,連続開催12日目でBコース4日目。土曜よりも少し速めの時計レベル。外伸び傾向で差し有利。
202410020411,11,第58回小倉大賞典(GIII),芝,1800,晴,良,15:20,2024-02-18,小倉,6,3,5,2017103201,クリノプレミアム,牝7,55.5,01025,勝浦正樹,1:45.8,アタマ,7-7-8-9,35.1,15.6,7,486(-2),01031,[東]伊藤伸一,970006,栗本博晴,,"9,8,6,7,16,13(5,12)10(11,14)(4,3)2   15,1",7,2,7.5,False,"9-8,6-7(13,16)(5,12)(10,14)11(4,3)-2   15,1",7,2,8.5,False,"9-8-6-(7,16)(13,12)(5,14)-(10,11)(4,3)-2   15,1",8,2,10.5,False,"9-8-7(12,6)(13,16,14)(5,11)(4,3)(10,2)   15,1",9,2,7.0,False,-7,連続開催12日目でBコース4日目。土曜よりも少し速めの時計レベル。外伸び傾向で差し有利。
202410020411,11,第58回小倉大賞典(GIII),芝,1800,晴,良,15:20,2024-02-18,小倉,7,1,2,2016104711,カテドラル,牡8,58.5,01178,斎藤新,1:45.9,アタマ,14-14-14-13,34.3,14.3,6,490(+2),01144,[西]池添学,486800,キャロットファーム,,"9,8,6,7,16,13(5,12)10(11,14)(4,3)2   15,1",14,1,7.5,False,"9-8,6-7(13,16)(5,12)(10,14)11(4,3)-2   15,1",14,1,12.0,False,"9-8-6-(7,16)(13,12)(5,14)-(10,11)(4,3)-2   15,1",14,1,17.5,False,"9-8-7(12,6)(13,16,14)(5,11)(4,3)(10,2)   15,1",13,2,7.0,False,-7,連続開催12日目でBコース4日目。土曜よりも少し速めの時計レベル。外伸び傾向で差し有利。
202410020411,11,第58回小倉大賞典(GIII),芝,1800,晴,良,15:20,2024-02-18,小倉,8,2,3,2016102175,ダンディズム,セ8,57,01168,富田暁,1:45.9,アタマ,12-12-12-11,34.6,8.8,5,478(0),01098,[西]野中賢二,045803,カナヤマホールディン...,,"9,8,6,7,16,13(5,12)10(11,14)(4,3)2   15,1",12,2,7.5,False,"9-8,6-7(13,16)(5,12)(10,14)11(4,3)-2   15,1",12,2,8.5,False,"9-8-6-(7,16)(13,12)(5,14)-(10,11)(4,3)-2   15,1",12,2,14.0,False,"9-8-7(12,6)(13,16,14)(5,11)(4,3)(10,2)   15,1",11,2,7.0,False,-7,連続開催12日目でBコース4日目。土曜よりも少し速めの時計レベル。外伸び傾向で差し有利。
202410020411,11,第58回小倉大賞典(GIII),芝,1800,晴,良,15:20,2024-02-18,小倉,9,7,13,2018105215,イクスプロージョン,牡6,57,01176,亀田温心,1:45.9,クビ,6-5-6-6,35.5,100.1,15,484(+8),01157,[西]杉山晴紀,372006,近藤英子,,"9,8,6,7,16,13(5,12)10(11,14)(4,3)2   15,1",6,1,7.5,False,"9-8,6-7(13,16)(5,12)(10,14)11(4,3)-2   15,1",5,2,8.5,False,"9-8-6-(7,16)(13,12)(5,14)-(10,11)(4,3)-2   15,1",6,2,10.5,False,"9-8-7(12,6)(13,16,14)(5,11)(4,3)(10,2)   15,1",6,3,7.0,False,-7,連続開催12日目でBコース4日目。土曜よりも少し速めの時計レベル。外伸び傾向で差し有利。
202410020411,11,第58回小倉大賞典(GIII),芝,1800,晴,良,15:20,2024-02-18,小倉,10,3,6,2017105214,アドマイヤビルゴ,牡7,57.5,01160,荻野極,1:46.0,1/2,3-3-3-4,36.1,44.6,12,444(0),01061,[西]友道康夫,535031,近藤旬子,,"9,8,6,7,16,13(5,12)10(11,14)(4,3)2   15,1",3,1,3.0,False,"9-8,6-7(13,16)(5,12)(10,14)11(4,3)-2   15,1",3,1,5.0,False,"9-8-6-(7,16)(13,12)(5,14)-(10,11)(4,3)-2   15,1",3,1,7.0,False,"9-8-7(12,6)(13,16,14)(5,11)(4,3)(10,2)   15,1",4,2,7.0,False,-7,連続開催12日目でBコース4日目。土曜よりも少し速めの時計レベル。外伸び傾向で差し有利。
202410020411,11,第58回小倉大賞典(GIII),芝,1800,晴,良,15:20,2024-02-18,小倉,11,2,4,2018101071,アサマノイタズラ,牡6,55,01134,嶋田純次,1:46.1,クビ,12-12-12-11,34.8,27.2,11,506(0),01038,[東]手塚貴久,265006,星野壽市,,"9,8,6,7,16,13(5,12)10(11,14)(4,3)2   15,1",12,2,7.5,False,"9-8,6-7(13,16)(5,12)(10,14)11(4,3)-2   15,1",12,2,8.5,False,"9-8-6-(7,16)(13,12)(5,14)-(10,11)(4,3)-2   15,1",12,2,14.0,False,"9-8-7(12,6)(13,16,14)(5,11)(4,3)(10,2)   15,1",11,2,7.0,False,-7,連続開催12日目でBコース4日目。土曜よりも少し速めの時計レベル。外伸び傾向で差し有利。
202410020411,11,第58回小倉大賞典(GIII),芝,1800,晴,良,15:20,2024-02-18,小倉,12,7,14,2019100824,ゴールドエクリプス,牝5,53,01199,角田大河,1:46.2,3/4,10-9-8-6,35.5,4.8,2,492(0),01058,[西]大久保龍,712033,居城寿与,,"9,8,6,7,16,13(5,12)10(11,14)(4,3)2   15,1",10,2,7.5,False,"9-8,6-7(13,16)(5,12)(10,14)11(4,3)-2   15,1",9,2,8.5,False,"9-8-6-(7,16)(13,12)(5,14)-(10,11)(4,3)-2   15,1",8,2,10.5,False,"9-8-7(12,6)(13,16,14)(5,11)(4,3)(10,2)   15,1",6,3,7.0,False,-7,連続開催12日目でBコース4日目。土曜よりも少し速めの時計レベル。外伸び傾向で差し有利。
202410020411,11,第58回小倉大賞典(GIII),芝,1800,晴,良,15:20,2024-02-18,小倉,13,5,10,2015100744,マイネルファンロン,牡9,56,01127,丸山元気,1:46.5,2,9-9-10-13,35.4,73.2,13,492(+2),01038,[東]手塚貴久,546800,サラブレッドクラブ・...,,"9,8,6,7,16,13(5,12)10(11,14)(4,3)2   15,1",9,1,7.5,False,"9-8,6-7(13,16)(5,12)(10,14)11(4,3)-2   15,1",9,2,8.5,False,"9-8-6-(7,16)(13,12)(5,14)-(10,11)(4,3)-2   15,1",10,2,14.0,False,"9-8-7(12,6)(13,16,14)(5,11)(4,3)(10,2)   15,1",13,2,7.0,False,-7,連続開催12日目でBコース4日目。土曜よりも少し速めの時計レベル。外伸び傾向で差し有利。
202410020411,11,第58回小倉大賞典(GIII),芝,1800,晴,良,15:20,2024-02-18,小倉,14,8,16,2016105272,シフルマン,牡8,56,01186,角田大和,1:46.9,2.1/2,5-5-4-6,36.7,86.2,14,508(-8),01069,[西]中尾秀正,808800,Ｇ１レーシング,,"9,8,6,7,16,13(5,12)10(11,14)(4,3)2   15,1",5,1,6.0,False,"9-8,6-7(13,16)(5,12)(10,14)11(4,3)-2   15,1",5,2,8.5,False,"9-8-6-(7,16)(13,12)(5,14)-(10,11)(4,3)-2   15,1",4,2,10.5,False,"9-8-7(12,6)(13,16,14)(5,11)(4,3)(10,2)   15,1",6,3,7.0,False,-7,連続開催12日目でBコース4日目。土曜よりも少し速めの時計レベル。外伸び傾向で差し有利。
202410020411,11,第58回小倉大賞典(GIII),芝,1800,晴,良,15:20,2024-02-18,小倉,取,1,1,2018104475,ディープモンスター,牡6,58.5,01115,浜中俊,,,,,---,,計不,01071,[西]池江泰寿,026803,ＤＭＭドリームクラブ,,"9,8,6,7,16,13(5,12)10(11,14)(4,3)2   15,1",16,1,15.0,False,"9-8,6-7(13,16)(5,12)(10,14)11(4,3)-2   15,1",16,1,19.5,False,"9-8-6-(7,16)(13,12)(5,14)-(10,11)(4,3)-2   15,1",16,1,25.0,False,"9-8-7(12,6)(13,16,14)(5,11)(4,3)(10,2)   15,1",16,1,14.5,False,-7,連続開催12日目でBコース4日目。土曜よりも少し速めの時計レベル。外伸び傾向で差し有利。
202410020411,11,第58回小倉大賞典(GIII),芝,1800,晴,良,15:20,2024-02-18,小倉,中,8,15,2018105192,ホウオウアマゾン,牡6,58,01197,佐々木大,,,,,16.4,8,510(-2),01075,[西]矢作芳人,906033,小笹芳央,,"9,8,6,7,16,13(5,12)10(11,14)(4,3)2   15,1",15,1,13.5,False,"9-8,6-7(13,16)(5,12)(10,14)11(4,3)-2   15,1",15,1,18.0,False,"9-8-6-(7,16)(13,12)(5,14)-(10,11)(4,3)-2   15,1",15,1,23.5,False,"9-8-7(12,6)(13,16,14)(5,11)(4,3)(10,2)   15,1",15,1,13.0,False,-7,連続開催12日目でBコース4日目。土曜よりも少し速めの時計レベル。外伸び傾向で差し有利。
202410020412,12,4歳以上1勝クラス,芝,1200,晴,良,16:10,2024-02-18,小倉,1,4,8,2019103193,トリップトゥムーン,牡5,57,01191,松本大輝,1:08.0,,9-6,34.0,12.2,7,450(0),01172,[西]新谷功一,851009,岡田牧雄,800.0,,,,,,,,,,,"(*4,15)(13,16)(1,10)(14,17)(5,7,8)(12,18)6,11,2,3   9",9,3,0.0,False,"(4,*15)(13,10)16(1,7,8)14(5,6,12,17)(11,18)(2,3)   9",6,3,0.0,False,-10,連続開催12日目でBコース4日目。土曜よりも少し速めの時計レベル。外伸び傾向で差し有利。
202410020412,12,4歳以上1勝クラス,芝,1200,晴,良,16:10,2024-02-18,小倉,2,3,6,2020101378,アイヲツグモノ,牝4,56,01161,菊沢一樹,1:08.0,クビ,14-10,33.7,20.5,11,488(-2),01113,[西]牧浦充徳,372008,三宅勝俊,320.0,,,,,,,,,,,"(*4,15)(13,16)(1,10)(14,17)(5,7,8)(12,18)6,11,2,3   9",14,1,0.0,False,"(4,*15)(13,10)16(1,7,8)14(5,6,12,17)(11,18)(2,3)   9",10,4,0.0,False,-10,連続開催12日目でBコース4日目。土曜よりも少し速めの時計レベル。外伸び傾向で差し有利。
202410020412,12,4歳以上1勝クラス,芝,1200,晴,良,16:10,2024-02-18,小倉,3,7,15,2017101448,ウインアステロイド,牡7,58,01127,丸山元気,1:08.1,クビ,2-1,34.7,9.0,4,474(+4),01114,[東]和田正一,494800,ウイン,200.0,,,,,,,,,,,"(*4,15)(13,16)(1,10)(14,17)(5,7,8)(12,18)6,11,2,3   9",2,2,0.0,False,"(4,*15)(13,10)16(1,7,8)14(5,6,12,17)(11,18)(2,3)   9",1,2,0.0,True,-10,連続開催12日目でBコース4日目。土曜よりも少し速めの時計レベル。外伸び傾向で差し有利。
202410020412,12,4歳以上1勝クラス,芝,1200,晴,良,16:10,2024-02-18,小倉,4,5,10,2018101951,タガノスペルノヴァ,牡6,58,01095,吉田隼人,1:08.2,1/2,5-3,34.4,6.2,2,436(-2),01003,[西]川村禎彦,859002,八木良司,120.0,,,,,,,,,,,"(*4,15)(13,16)(1,10)(14,17)(5,7,8)(12,18)6,11,2,3   9",5,2,0.0,False,"(4,*15)(13,10)16(1,7,8)14(5,6,12,17)(11,18)(2,3)   9",3,2,0.0,False,-10,連続開催12日目でBコース4日目。土曜よりも少し速めの時計レベル。外伸び傾向で差し有利。
202410020412,12,4歳以上1勝クラス,芝,1200,晴,良,16:10,2024-02-18,小倉,5,7,13,2020102208,マテンロウアネモス,牝4,52,01206,小林美駒,1:08.2,アタマ,3-3,34.6,15.7,10,436(0),01067,[東]久保田貴,534006,寺田千代乃,80.0,,,,,,,,,,,"(*4,15)(13,16)(1,10)(14,17)(5,7,8)(12,18)6,11,2,3   9",3,2,0.0,False,"(4,*15)(13,10)16(1,7,8)14(5,6,12,17)(11,18)(2,3)   9",3,2,0.0,False,-10,連続開催12日目でBコース4日目。土曜よりも少し速めの時計レベル。外伸び傾向で差し有利。
202410020412,12,4歳以上1勝クラス,芝,1200,晴,良,16:10,2024-02-18,小倉,6,6,12,2020102934,ディナトセレーネ,牝4,56,01096,大野拓弥,1:08.3,1/2,12-10,34.1,15.5,9,466(+2),01103,[東]尾関知人,415800,社台レースホース,,,,,,,,,,,,"(*4,15)(13,16)(1,10)(14,17)(5,7,8)(12,18)6,11,2,3   9",12,2,0.0,False,"(4,*15)(13,10)16(1,7,8)14(5,6,12,17)(11,18)(2,3)   9",10,4,0.0,False,-10,連続開催12日目でBコース4日目。土曜よりも少し速めの時計レベル。外伸び傾向で差し有利。
202410020412,12,4歳以上1勝クラス,芝,1200,晴,良,16:10,2024-02-18,小倉,7,4,7,2020104824,シンデレラスマイル,牝4,56,01144,菱田裕二,1:08.3,アタマ,9-6,34.3,11.6,6,432(0),01064,[東]武藤善則,852030,佐々木雄二,,,,,,,,,,,,"(*4,15)(13,16)(1,10)(14,17)(5,7,8)(12,18)6,11,2,3   9",9,3,0.0,False,"(4,*15)(13,10)16(1,7,8)14(5,6,12,17)(11,18)(2,3)   9",6,3,0.0,False,-10,連続開催12日目でBコース4日目。土曜よりも少し速めの時計レベル。外伸び傾向で差し有利。
202410020412,12,4歳以上1勝クラス,芝,1200,晴,良,16:10,2024-02-18,小倉,8,8,16,2019105265,アエリーゾ,牝5,53,01195,川端海翼,1:08.4,1/2,3-5,34.8,9.7,5,454(-6),01087,[西]庄野靖志,226800,サンデーレーシング,,,,,,,,,,,,"(*4,15)(13,16)(1,10)(14,17)(5,7,8)(12,18)6,11,2,3   9",3,2,0.0,False,"(4,*15)(13,10)16(1,7,8)14(5,6,12,17)(11,18)(2,3)   9",5,1,0.0,False,-10,連続開催12日目でBコース4日目。土曜よりも少し速めの時計レベル。外伸び傾向で差し有利。
202410020412,12,4歳以上1勝クラス,芝,1200,晴,良,16:10,2024-02-18,小倉,9,6,11,2019104657,ルールザウイングス,牝5,56,01168,富田暁,1:08.4,アタマ,15-14,33.9,69.7,17,468(-10),01050,[西]飯田雄三,426031,橋本浩,,,,,,,,,,,,"(*4,15)(13,16)(1,10)(14,17)(5,7,8)(12,18)6,11,2,3   9",15,1,1.5,False,"(4,*15)(13,10)16(1,7,8)14(5,6,12,17)(11,18)(2,3)   9",14,2,0.0,False,-10,連続開催12日目でBコース4日目。土曜よりも少し速めの時計レベル。外伸び傾向で差し有利。
202410020412,12,4歳以上1勝クラス,芝,1200,晴,良,16:10,2024-02-18,小倉,10,7,14,2019103008,ロードリライアブル,牡5,57,01185,小沢大仁,1:08.6,1,7-9,34.7,58.7,15,500(-2),01110,[西]清水久詞,170800,ロードホースクラブ,,,,,,,,,,,,"(*4,15)(13,16)(1,10)(14,17)(5,7,8)(12,18)6,11,2,3   9",7,2,0.0,False,"(4,*15)(13,10)16(1,7,8)14(5,6,12,17)(11,18)(2,3)   9",9,1,0.0,False,-10,連続開催12日目でBコース4日目。土曜よりも少し速めの時計レベル。外伸び傾向で差し有利。
202410020412,12,4歳以上1勝クラス,芝,1200,晴,良,16:10,2024-02-18,小倉,11,1,1,2018105201,デイトンウェイ,牡6,56,01200,西塚洸二,1:08.7,クビ,5-6,34.9,15.3,8,500(-2),01098,[西]野中賢二,506800,シルクレーシング,,,,,,,,,,,,"(*4,15)(13,16)(1,10)(14,17)(5,7,8)(12,18)6,11,2,3   9",5,2,0.0,False,"(4,*15)(13,10)16(1,7,8)14(5,6,12,17)(11,18)(2,3)   9",6,3,0.0,False,-10,連続開催12日目でBコース4日目。土曜よりも少し速めの時計レベル。外伸び傾向で差し有利。
202410020412,12,4歳以上1勝クラス,芝,1200,晴,良,16:10,2024-02-18,小倉,11,2,3,2020105892,ヴァルトラウテ,牝4,56,01157,鮫島克駿,1:08.7,同着,17-16,34.0,5.7,1,434(-14),01186,[西]中村直也,854800,ノルマンディーサラブ...,,,,,,,,,,,,"(*4,15)(13,16)(1,10)(14,17)(5,7,8)(12,18)6,11,2,3   9",17,1,4.5,False,"(4,*15)(13,10)16(1,7,8)14(5,6,12,17)(11,18)(2,3)   9",16,2,0.0,False,-10,連続開催12日目でBコース4日目。土曜よりも少し速めの時計レベル。外伸び傾向で差し有利。
202410020412,12,4歳以上1勝クラス,芝,1200,晴,良,16:10,2024-02-18,小倉,13,8,18,2020100741,ノーブルラン,牡4,58,01091,丹内祐次,1:08.7,1/2,12-14,34.5,27.5,14,474(+2),01141,[東]尾形和幸,535006,岡村善行,,,,,,,,,,,,"(*4,15)(13,16)(1,10)(14,17)(5,7,8)(12,18)6,11,2,3   9",12,2,0.0,False,"(4,*15)(13,10)16(1,7,8)14(5,6,12,17)(11,18)(2,3)   9",14,2,0.0,False,-10,連続開催12日目でBコース4日目。土曜よりも少し速めの時計レベル。外伸び傾向で差し有利。
202410020412,12,4歳以上1勝クラス,芝,1200,晴,良,16:10,2024-02-18,小倉,14,8,17,2020101247,ミネヒメ,牝4,56,01109,黛弘人,1:08.9,1,7-10,35.0,26.1,13,430(+2),01056,[東]本間忍,629800,ミルファーム,,,,,,,,,,,,"(*4,15)(13,16)(1,10)(14,17)(5,7,8)(12,18)6,11,2,3   9",7,2,0.0,False,"(4,*15)(13,10)16(1,7,8)14(5,6,12,17)(11,18)(2,3)   9",10,4,0.0,False,-10,連続開催12日目でBコース4日目。土曜よりも少し速めの時計レベル。外伸び傾向で差し有利。
202410020412,12,4歳以上1勝クラス,芝,1200,晴,良,16:10,2024-02-18,小倉,15,1,2,2020101093,ショッキングブルー,牝4,53,01187,永島まな,1:09.0,3/4,16-16,34.4,68.8,16,444(0),01080,[東]清水英克,716800,ビッグレッドファーム,,,,,,,,,,,,"(*4,15)(13,16)(1,10)(14,17)(5,7,8)(12,18)6,11,2,3   9",16,1,3.0,False,"(4,*15)(13,10)16(1,7,8)14(5,6,12,17)(11,18)(2,3)   9",16,2,0.0,False,-10,連続開催12日目でBコース4日目。土曜よりも少し速めの時計レベル。外伸び傾向で差し有利。
202410020412,12,4歳以上1勝クラス,芝,1200,晴,良,16:10,2024-02-18,小倉,16,3,5,2019103123,エリカフェリーチェ,牝5,56,01115,浜中俊,1:09.1,クビ,9-10,35.1,24.9,12,470(-2),01176,[西]吉岡辰弥,195031,三木正浩,,,,,,,,,,,,"(*4,15)(13,16)(1,10)(14,17)(5,7,8)(12,18)6,11,2,3   9",9,3,0.0,False,"(4,*15)(13,10)16(1,7,8)14(5,6,12,17)(11,18)(2,3)   9",10,4,0.0,False,-10,連続開催12日目でBコース4日目。土曜よりも少し速めの時計レベル。外伸び傾向で差し有利。
202410020412,12,4歳以上1勝クラス,芝,1200,晴,良,16:10,2024-02-18,小倉,17,2,4,2020101229,レディメローラ,牝4,56,00732,幸英明,1:10.0,5,1-2,36.6,7.4,3,394(-6),01078,[西]北出成人,853002,松本俊廣,,,,,,,,,,,,"(*4,15)(13,16)(1,10)(14,17)(5,7,8)(12,18)6,11,2,3   9",1,2,0.0,True,"(4,*15)(13,10)16(1,7,8)14(5,6,12,17)(11,18)(2,3)   9",2,2,0.0,False,-10,連続開催12日目でBコース4日目。土曜よりも少し速めの時計レベル。外伸び傾向で差し有利。
202410020412,12,4歳以上1勝クラス,芝,1200,晴,良,16:10,2024-02-18,小倉,取,5,9,2020104739,ランスオブサウンド,牝4,55,01199,角田大河,,,,,---,,計不,01146,[西]奥村豊,477006,五影慶則,,,,,,,,,,,,"(*4,15)(13,16)(1,10)(14,17)(5,7,8)(12,18)6,11,2,3   9",18,1,10.5,False,"(4,*15)(13,10)16(1,7,8)14(5,6,12,17)(11,18)(2,3)   9",18,1,6.0,False,-10,連続開催12日目でBコース4日目。土曜よりも少し速めの時計レベル。外伸び傾向で差し有利。
