race_id,race_number,race_name,surface,distance_m,weather,going,start_time,race_date,racecourse,finish_pos,waku,umaban,horse_id,horse_name,sex_age,kinryo,jockey_id,jockey_name,time,margin,passing_order,last_3f,odds_final,popularity,weight,trainer_id,trainer_name,owner_id,owner_name,prize,corner1_raw,corner1_rank,corner1_group_size,corner1_gap_len_est,corner1_is_leader,corner2_raw,corner2_rank,corner2_group_size,corner2_gap_len_est,corner2_is_leader,corner3_raw,corner3_rank,corner3_group_size,corner3_gap_len_est,corner3_is_leader,corner4_raw,corner4_rank,corner4_group_size,corner4_gap_len_est,corner4_is_leader,track_index,track_comment
202006050501,1,2歳未勝利,ダ,1200,晴,良,09:50,2020-12-19,中山,1,3,6,2018110070,リンカーンテソーロ,牡2,55,01096,大野拓弥,1:12.5,,1-1,37.9,13.3,4,474(+16),01169,[東]加藤士津,089803,了徳寺健二ホールディ...,510.0,,,,,,,,,,,"(*6,11)9(1,10)(13,14)(5,12,7)-(2,8,15)4,16,3",1,2,0.0,True,"6,11,9(1,10)13,14,5,12,7(2,15)8(4,16)3",1,1,0.0,False,2,
202006050501,1,2歳未勝利,ダ,1200,晴,良,09:50,2020-12-19,中山,2,7,13,2018102215,トップヴィヴィット,牡2,55,01170,横山武史,1:12.9,2.1/2,6-6,37.8,1.7,1,492(-4),01081,[東]中川公成,358031,紅露純,200.0,,,,,,,,,,,"(*6,11)9(1,10)(13,14)(5,12,7)-(2,8,15)4,16,3",6,2,0.0,False,"6,11,9(1,10)13,14,5,12,7(2,15)8(4,16)3",6,1,3.0,False,2,
202006050501,1,2歳未勝利,ダ,1200,晴,良,09:50,2020-12-19,中山,3,5,10,2018100675,チュイション,牡2,55,01122,三浦皇成,1:13.0,3/4,4-4,38.0,6.2,3,474(+6),01118,[東]高柳瑞樹,003060,ゴドルフィン,130.0,,,,,,,,,,,"(*6,11)9(1,10)(13,14)(5,12,7)-(2,8,15)4,16,3",4,2,0.0,False,"6,11,9(1,10)13,14,5,12,7(2,15)8(4,16)3",4,2,3.0,False,2,
202006050501,1,2歳未勝利,ダ,1200,晴,良,09:50,2020-12-19,中山,4,6,11,2018104798,ホノノルーカ,牝2,51,01177,小林凌大,1:13.5,2.1/2,2-2,38.9,35.9,6,400(+2),01163,[東]林徹,433031,鈴木誠,77.0,,,,,,,,,,,"(*6,11)9(1,10)(13,14)(5,12,7)-(2,8,15)4,16,3",2,2,0.0,False,"6,11,9(1,10)13,14,5,12,7(2,15)8(4,16)3",2,1,1.5,False,2,
202006050501,1,2歳未勝利,ダ,1200,晴,良,09:50,2020-12-19,中山,5,7,14,2018102409,アヴォカド,牝2,54,01174,岩田望来,1:13.8,2,6-7,38.6,14.8,5,472(+2),01147,[東]武井亮,268008,小田吉男,51.0,,,,,,,,,,,"(*6,11)9(1,10)(13,14)(5,12,7)-(2,8,15)4,16,3",6,2,0.0,False,"6,11,9(1,10)13,14,5,12,7(2,15)8(4,16)3",7,1,4.5,False,2,
202006050501,1,2歳未勝利,ダ,1200,晴,良,09:50,2020-12-19,中山,6,6,12,2018103400,スマイルハライト,牝2,54,01095,吉田隼人,1:14.1,1.1/2,8-9,38.7,52.5,8,432(-8),01100,[東]松山将樹,344031,松野真一,,,,,,,,,,,,"(*6,11)9(1,10)(13,14)(5,12,7)-(2,8,15)4,16,3",8,3,0.0,False,"6,11,9(1,10)13,14,5,12,7(2,15)8(4,16)3",9,1,7.5,False,2,
202006050501,1,2歳未勝利,ダ,1200,晴,良,09:50,2020-12-19,中山,7,1,1,2018103564,アルトヴォラーレ,牝2,54,05386,戸崎圭太,1:14.1,1/2,4-4,39.2,4.7,2,460(-2),00423,[東]上原博之,854800,ノルマンディーサラブ...,,,,,,,,,,,,"(*6,11)9(1,10)(13,14)(5,12,7)-(2,8,15)4,16,3",4,2,0.0,False,"6,11,9(1,10)13,14,5,12,7(2,15)8(4,16)3",4,2,3.0,False,2,
202006050501,1,2歳未勝利,ダ,1200,晴,良,09:50,2020-12-19,中山,8,5,9,2018104371,タイセイラグーン,牝2,54,01077,石橋脩,1:14.2,クビ,3-3,39.5,47.7,7,440(+2),01023,[東]伊藤圭三,224007,田中成奉,,,,,,,,,,,,"(*6,11)9(1,10)(13,14)(5,12,7)-(2,8,15)4,16,3",3,1,0.0,False,"6,11,9(1,10)13,14,5,12,7(2,15)8(4,16)3",3,1,3.0,False,2,
202006050501,1,2歳未勝利,ダ,1200,晴,良,09:50,2020-12-19,中山,9,4,8,2018106062,ニシノサラマ,牡2,52,01184,原優介,1:14.3,1/2,11-13,38.5,312.4,11,442(+4),01005,[東]小桧山悟,897009,西山茂行,,,,,,,,,,,,"(*6,11)9(1,10)(13,14)(5,12,7)-(2,8,15)4,16,3",11,3,3.5,False,"6,11,9(1,10)13,14,5,12,7(2,15)8(4,16)3",13,1,9.0,False,2,
202006050501,1,2歳未勝利,ダ,1200,晴,良,09:50,2020-12-19,中山,10,3,5,2018102713,ブリューナク,牡2,55,00689,江田照男,1:14.6,2,8-8,39.2,128.8,10,446(+16),01012,[東]大江原哲,351803,ＯＲＴＥＧＡ,,,,,,,,,,,,"(*6,11)9(1,10)(13,14)(5,12,7)-(2,8,15)4,16,3",8,3,0.0,False,"6,11,9(1,10)13,14,5,12,7(2,15)8(4,16)3",8,1,6.0,False,2,
202006050501,1,2歳未勝利,ダ,1200,晴,良,09:50,2020-12-19,中山,11,2,3,2018101258,コスモヴィテス,牡2,55,01009,柴田大知,1:14.9,1.1/2,16-16,38.6,391.9,14,442(-4),01051,[東]岩戸孝樹,716800,ビッグレッドファーム,,,,,,,,,,,,"(*6,11)9(1,10)(13,14)(5,12,7)-(2,8,15)4,16,3",16,1,6.5,False,"6,11,9(1,10)13,14,5,12,7(2,15)8(4,16)3",16,1,9.0,False,2,
202006050501,1,2歳未勝利,ダ,1200,晴,良,09:50,2020-12-19,中山,12,8,15,2018106436,フレンドロマン,牝2,53,01178,斎藤新,1:14.9,クビ,11-11,39.1,65.0,9,398(+6),00437,[東]南田美知,145030,横尾晴人,,,,,,,,,,,,"(*6,11)9(1,10)(13,14)(5,12,7)-(2,8,15)4,16,3",11,3,3.5,False,"6,11,9(1,10)13,14,5,12,7(2,15)8(4,16)3",11,2,9.0,False,2,
202006050501,1,2歳未勝利,ダ,1200,晴,良,09:50,2020-12-19,中山,13,8,16,2018100556,キタノフェスタ,牝2,54,01162,木幡巧也,1:15.4,2.1/2,15-14,39.3,377.6,13,392(-6),01090,[東]天間昭一,163002,北所直人,,,,,,,,,,,,"(*6,11)9(1,10)(13,14)(5,12,7)-(2,8,15)4,16,3",15,1,5.0,False,"6,11,9(1,10)13,14,5,12,7(2,15)8(4,16)3",14,2,9.0,False,2,
202006050501,1,2歳未勝利,ダ,1200,晴,良,09:50,2020-12-19,中山,14,2,4,2018103972,ブリスク,牡2,54,01167,木幡育也,1:15.5,クビ,14-14,39.5,462.4,16,474(-2),01035,[東]佐藤吉勝,832008,平本敏夫,,,,,,,,,,,,"(*6,11)9(1,10)(13,14)(5,12,7)-(2,8,15)4,16,3",14,1,3.5,False,"6,11,9(1,10)13,14,5,12,7(2,15)8(4,16)3",14,2,9.0,False,2,
202006050501,1,2歳未勝利,ダ,1200,晴,良,09:50,2020-12-19,中山,15,1,2,2018109130,パンサン,牝2,54,01154,松若風馬,1:16.3,5,11-11,40.6,377.1,12,398(+2),00421,[東]浅野洋一,370803,是枝浩平,,,,,,,,,,,,"(*6,11)9(1,10)(13,14)(5,12,7)-(2,8,15)4,16,3",11,3,3.5,False,"6,11,9(1,10)13,14,5,12,7(2,15)8(4,16)3",11,2,9.0,False,2,
202006050501,1,2歳未勝利,ダ,1200,晴,良,09:50,2020-12-19,中山,16,4,7,2018104118,ワイワイホワイト,牝2,54,01051,嘉藤貴行,1:17.1,5,8-10,41.7,447.1,15,440(0),00408,[東]田中清隆,731033,山田泰司,,,,,,,,,,,,"(*6,11)9(1,10)(13,14)(5,12,7)-(2,8,15)4,16,3",8,3,0.0,False,"6,11,9(1,10)13,14,5,12,7(2,15)8(4,16)3",10,1,9.0,False,2,
202006050502,2,2歳未勝利,ダ,1800,晴,良,10:20,2020-12-19,中山,1,4,7,2018102987,アオイシチフク,牝2,54,01043,北村宏司,1:57.8,,4-5-4-3,38.9,3.4,2,476(-4),01153,[東]中舘英二,137030,鈴木照雄,510.0,"3,11,14(4,7)(5,12)(2,9,15)13(1,6)16,10,8",4,2,3.0,False,"3,11,14,4,7(5,12)(2,9,15)(1,13)(6,16)10,8",5,1,6.0,False,"3(11,14)(4,5,7)12(2,9,10)(13,15)1(6,16,8)",4,3,0.0,False,"(*11,14)(3,7)(5,12)(4,2,9)(15,10)(1,13,8)6,16",3,2,0.0,False,9,
202006050502,2,2歳未勝利,ダ,1800,晴,良,10:20,2020-12-19,中山,2,3,5,2018105819,フミチャン,牝2,54,01122,三浦皇成,1:58.0,1.1/2,6-6-4-5,39.1,7.4,4,470(+2),01097,[東]鹿戸雄一,131803,林文彦,200.0,"3,11,14(4,7)(5,12)(2,9,15)13(1,6)16,10,8",6,2,3.0,False,"3,11,14,4,7(5,12)(2,9,15)(1,13)(6,16)10,8",6,2,6.0,False,"3(11,14)(4,5,7)12(2,9,10)(13,15)1(6,16,8)",4,3,0.0,False,"(*11,14)(3,7)(5,12)(4,2,9)(15,10)(1,13,8)6,16",5,2,0.0,False,9,
202006050502,2,2歳未勝利,ダ,1800,晴,良,10:20,2020-12-19,中山,3,6,12,2018109105,レッドウッドヒル,牝2,54,05339,ルメール,1:58.1,3/4,6-6-7-5,39.0,2.3,1,482(+2),01147,[東]武井亮,051800,那須野牧場,130.0,"3,11,14(4,7)(5,12)(2,9,15)13(1,6)16,10,8",6,2,3.0,False,"3,11,14,4,7(5,12)(2,9,15)(1,13)(6,16)10,8",6,2,6.0,False,"3(11,14)(4,5,7)12(2,9,10)(13,15)1(6,16,8)",7,1,0.0,False,"(*11,14)(3,7)(5,12)(4,2,9)(15,10)(1,13,8)6,16",5,2,0.0,False,9,
202006050502,2,2歳未勝利,ダ,1800,晴,良,10:20,2020-12-19,中山,4,4,8,2018103755,ペイシャオウユー,牝2,54,05386,戸崎圭太,1:58.2,1/2,16-16-14-12,38.6,5.7,3,456(+4),01043,[東]石栗龍彦,163002,北所直人,77.0,"3,11,14(4,7)(5,12)(2,9,15)13(1,6)16,10,8",16,1,6.0,False,"3,11,14,4,7(5,12)(2,9,15)(1,13)(6,16)10,8",16,1,7.5,False,"3(11,14)(4,5,7)12(2,9,10)(13,15)1(6,16,8)",14,3,0.0,False,"(*11,14)(3,7)(5,12)(4,2,9)(15,10)(1,13,8)6,16",12,3,0.0,False,9,
202006050502,2,2歳未勝利,ダ,1800,晴,良,10:20,2020-12-19,中山,5,8,15,2018102433,キュン,牝2,54,01174,岩田望来,1:58.7,2.1/2,8-8-11-10,39.4,46.7,7,462(-4),01054,[東]戸田博文,346803,吉澤ホールディングス,51.0,"3,11,14(4,7)(5,12)(2,9,15)13(1,6)16,10,8",8,3,3.0,False,"3,11,14,4,7(5,12)(2,9,15)(1,13)(6,16)10,8",8,3,6.0,False,"3(11,14)(4,5,7)12(2,9,10)(13,15)1(6,16,8)",11,2,0.0,False,"(*11,14)(3,7)(5,12)(4,2,9)(15,10)(1,13,8)6,16",10,2,0.0,False,9,
202006050502,2,2歳未勝利,ダ,1800,晴,良,10:20,2020-12-19,中山,6,5,9,2018104389,アポロスマイル,牝2,54,01162,木幡巧也,1:58.8,3/4,8-8-8-7,39.6,19.4,5,482(+2),01051,[東]岩戸孝樹,033700,アポロサラブレッドク...,,"3,11,14(4,7)(5,12)(2,9,15)13(1,6)16,10,8",8,3,3.0,False,"3,11,14,4,7(5,12)(2,9,15)(1,13)(6,16)10,8",8,3,6.0,False,"3(11,14)(4,5,7)12(2,9,10)(13,15)1(6,16,8)",8,3,0.0,False,"(*11,14)(3,7)(5,12)(4,2,9)(15,10)(1,13,8)6,16",7,3,0.0,False,9,
202006050502,2,2歳未勝利,ダ,1800,晴,良,10:20,2020-12-19,中山,7,1,2,2018101624,ウインジュノー,牝2,54,01091,丹内祐次,1:58.9,1/2,8-8-8-7,39.7,51.5,8,506(-2),01100,[東]松山将樹,494800,ウイン,,"3,11,14(4,7)(5,12)(2,9,15)13(1,6)16,10,8",8,3,3.0,False,"3,11,14,4,7(5,12)(2,9,15)(1,13)(6,16)10,8",8,3,6.0,False,"3(11,14)(4,5,7)12(2,9,10)(13,15)1(6,16,8)",8,3,0.0,False,"(*11,14)(3,7)(5,12)(4,2,9)(15,10)(1,13,8)6,16",7,3,0.0,False,9,
202006050502,2,2歳未勝利,ダ,1800,晴,良,10:20,2020-12-19,中山,8,7,14,2018102896,ファインディーヴァ,牝2,53,01178,斎藤新,1:59.1,3/4,3-3-2-2,40.4,93.1,10,476(-10),01086,[東]斎藤誠,053803,杉山忠国,,"3,11,14(4,7)(5,12)(2,9,15)13(1,6)16,10,8",3,1,3.0,False,"3,11,14,4,7(5,12)(2,9,15)(1,13)(6,16)10,8",3,1,3.0,False,"3(11,14)(4,5,7)12(2,9,10)(13,15)1(6,16,8)",2,2,0.0,False,"(*11,14)(3,7)(5,12)(4,2,9)(15,10)(1,13,8)6,16",2,2,0.0,False,9,
202006050502,2,2歳未勝利,ダ,1800,晴,良,10:20,2020-12-19,中山,9,7,13,2018101491,アッシュゲイル,牝2,54,00733,吉田豊,1:59.1,クビ,11-11-11-12,39.7,533.1,16,454(-2),00417,[東]土田稔,895030,山口敦広,,"3,11,14(4,7)(5,12)(2,9,15)13(1,6)16,10,8",11,1,3.0,False,"3,11,14,4,7(5,12)(2,9,15)(1,13)(6,16)10,8",11,2,6.0,False,"3(11,14)(4,5,7)12(2,9,10)(13,15)1(6,16,8)",11,2,0.0,False,"(*11,14)(3,7)(5,12)(4,2,9)(15,10)(1,13,8)6,16",12,3,0.0,False,9,
202006050502,2,2歳未勝利,ダ,1800,晴,良,10:20,2020-12-19,中山,10,1,1,2018100691,オリンピックトーチ,牝2,51,01177,小林凌大,1:59.4,1.1/2,12-11-13-12,39.9,521.9,15,450(-4),01023,[東]伊藤圭三,003060,ゴドルフィン,,"3,11,14(4,7)(5,12)(2,9,15)13(1,6)16,10,8",12,2,3.0,False,"3,11,14,4,7(5,12)(2,9,15)(1,13)(6,16)10,8",11,2,6.0,False,"3(11,14)(4,5,7)12(2,9,10)(13,15)1(6,16,8)",13,1,0.0,False,"(*11,14)(3,7)(5,12)(4,2,9)(15,10)(1,13,8)6,16",12,3,0.0,False,9,
202006050502,2,2歳未勝利,ダ,1800,晴,良,10:20,2020-12-19,中山,11,8,16,2018103591,ベルザキャット,牝2,54,01131,西村太一,1:59.7,2,14-13-14-16,40.1,472.3,14,442(+10),01134,[東]高橋文雅,629800,ミルファーム,,"3,11,14(4,7)(5,12)(2,9,15)13(1,6)16,10,8",14,1,3.0,False,"3,11,14,4,7(5,12)(2,9,15)(1,13)(6,16)10,8",13,2,6.0,False,"3(11,14)(4,5,7)12(2,9,10)(13,15)1(6,16,8)",14,3,0.0,False,"(*11,14)(3,7)(5,12)(4,2,9)(15,10)(1,13,8)6,16",16,1,1.5,False,9,
202006050502,2,2歳未勝利,ダ,1800,晴,良,10:20,2020-12-19,中山,12,5,10,2018103495,グラスピレ,牝2,54,01075,田辺裕信,1:59.9,1.1/4,15-15-8-10,40.7,45.4,6,460(-16),01023,[東]伊藤圭三,854800,ノルマンディーサラブ...,,"3,11,14(4,7)(5,12)(2,9,15)13(1,6)16,10,8",15,1,4.5,False,"3,11,14,4,7(5,12)(2,9,15)(1,13)(6,16)10,8",15,1,6.0,False,"3(11,14)(4,5,7)12(2,9,10)(13,15)1(6,16,8)",8,3,0.0,False,"(*11,14)(3,7)(5,12)(4,2,9)(15,10)(1,13,8)6,16",10,2,0.0,False,9,
202006050502,2,2歳未勝利,ダ,1800,晴,良,10:20,2020-12-19,中山,13,3,6,2018106604,イッツライフ,牝2,54,00726,岩部純二,2:00.2,1.3/4,12-13-14-15,40.6,441.7,13,456(+4),01031,[東]伊藤伸一,629800,ミルファーム,,"3,11,14(4,7)(5,12)(2,9,15)13(1,6)16,10,8",12,2,3.0,False,"3,11,14,4,7(5,12)(2,9,15)(1,13)(6,16)10,8",13,2,6.0,False,"3(11,14)(4,5,7)12(2,9,10)(13,15)1(6,16,8)",14,3,0.0,False,"(*11,14)(3,7)(5,12)(4,2,9)(15,10)(1,13,8)6,16",15,1,0.0,False,9,
202006050502,2,2歳未勝利,ダ,1800,晴,良,10:20,2020-12-19,中山,14,6,11,2018101466,インプルーヴ,牝2,53,01167,木幡育也,2:00.2,クビ,2-2-2-1,41.6,167.2,12,436(0),01035,[東]佐藤吉勝,812008,石瀬浩三,,"3,11,14(4,7)(5,12)(2,9,15)13(1,6)16,10,8",2,1,1.5,False,"3,11,14,4,7(5,12)(2,9,15)(1,13)(6,16)10,8",2,1,1.5,False,"3(11,14)(4,5,7)12(2,9,10)(13,15)1(6,16,8)",2,2,0.0,False,"(*11,14)(3,7)(5,12)(4,2,9)(15,10)(1,13,8)6,16",1,2,0.0,True,9,
202006050502,2,2歳未勝利,ダ,1800,晴,良,10:20,2020-12-19,中山,15,2,4,2018104372,パンプイットアップ,牝2,54,01077,石橋脩,2:01.9,10,4-4-4-7,43.0,166.2,11,472(0),01023,[東]伊藤圭三,547800,ヒダカ・ブリーダーズ...,,"3,11,14(4,7)(5,12)(2,9,15)13(1,6)16,10,8",4,2,3.0,False,"3,11,14,4,7(5,12)(2,9,15)(1,13)(6,16)10,8",4,1,4.5,False,"3(11,14)(4,5,7)12(2,9,10)(13,15)1(6,16,8)",4,3,0.0,False,"(*11,14)(3,7)(5,12)(4,2,9)(15,10)(1,13,8)6,16",7,3,0.0,False,9,
202006050502,2,2歳未勝利,ダ,1800,晴,良,10:20,2020-12-19,中山,16,2,3,2018100543,キタノスウォード,牝2,51,01184,原優介,2:03.0,7,1-1-1-3,44.5,53.8,9,462(-6),01024,[東]萱野浩二,163002,北所直人,,"3,11,14(4,7)(5,12)(2,9,15)13(1,6)16,10,8",1,1,0.0,False,"3,11,14,4,7(5,12)(2,9,15)(1,13)(6,16)10,8",1,1,0.0,False,"3(11,14)(4,5,7)12(2,9,10)(13,15)1(6,16,8)",1,1,0.0,False,"(*11,14)(3,7)(5,12)(4,2,9)(15,10)(1,13,8)6,16",3,2,0.0,False,9,
202006050503,3,2歳未勝利,芝,1200,晴,良,10:50,2020-12-19,中山,1,4,8,2018104347,ユキノファラオ,牡2,55,01170,横山武史,1:10.3,,6-5,35.5,2.7,1,466(-4),00428,[東]石毛善彦,623005,井上基之,510.0,,,,,,,,,,,"2,9(3,10)11(8,14)15,7(4,12)-(1,16)-13-5,6",6,2,1.5,False,"2,9(3,10)8(11,14)15(7,4,12)-(1,16)-13-5-6",5,1,1.5,False,6,良馬場発表ではあるものの、前週とは一転して時計の掛かる馬場。
202006050503,3,2歳未勝利,芝,1200,晴,良,10:50,2020-12-19,中山,2,7,14,2018100756,シュアーヴアリア,牝2,54,05386,戸崎圭太,1:10.8,3,6-6,36.0,3.2,2,472(0),00412,[東]高橋裕,013803,ディアレストクラブ,200.0,,,,,,,,,,,"2,9(3,10)11(8,14)15,7(4,12)-(1,16)-13-5,6",6,2,1.5,False,"2,9(3,10)8(11,14)15(7,4,12)-(1,16)-13-5-6",6,2,1.5,False,6,良馬場発表ではあるものの、前週とは一転して時計の掛かる馬場。
202006050503,3,2歳未勝利,芝,1200,晴,良,10:50,2020-12-19,中山,3,2,3,2018100769,デンプシーロール,牡2,55,01174,岩田望来,1:11.0,1.1/4,3-3,36.5,5.9,3,424(0),01133,[東]黒岩陽一,466033,今村明浩,130.0,,,,,,,,,,,"2,9(3,10)11(8,14)15,7(4,12)-(1,16)-13-5,6",3,2,1.5,False,"2,9(3,10)8(11,14)15(7,4,12)-(1,16)-13-5-6",3,2,1.5,False,6,良馬場発表ではあるものの、前週とは一転して時計の掛かる馬場。
202006050503,3,2歳未勝利,芝,1200,晴,良,10:50,2020-12-19,中山,4,5,10,2018101782,コスモサンレミ,牝2,54,01009,柴田大知,1:11.2,1.1/4,3-3,36.8,10.3,5,444(+2),01010,[東]中野栄治,716800,ビッグレッドファーム,77.0,,,,,,,,,,,"2,9(3,10)11(8,14)15,7(4,12)-(1,16)-13-5,6",3,2,1.5,False,"2,9(3,10)8(11,14)15(7,4,12)-(1,16)-13-5-6",3,2,1.5,False,6,良馬場発表ではあるものの、前週とは一転して時計の掛かる馬場。
202006050503,3,2歳未勝利,芝,1200,晴,良,10:50,2020-12-19,中山,5,8,15,2018104940,バクラヴァ,牝2,54,01075,田辺裕信,1:11.2,クビ,8-8,36.3,11.4,6,438(-8),00405,[東]小西一男,138007,吉田和美,51.0,,,,,,,,,,,"2,9(3,10)11(8,14)15,7(4,12)-(1,16)-13-5,6",8,1,1.5,False,"2,9(3,10)8(11,14)15(7,4,12)-(1,16)-13-5-6",8,1,1.5,False,6,良馬場発表ではあるものの、前週とは一転して時計の掛かる馬場。
202006050503,3,2歳未勝利,芝,1200,晴,良,10:50,2020-12-19,中山,6,1,2,2018102952,エクセルボス,牡2,52,01184,原優介,1:11.4,1,1-1,37.4,291.9,13,464(+2),01171,[東]小手川準,012033,谷川正純,,,,,,,,,,,,"2,9(3,10)11(8,14)15,7(4,12)-(1,16)-13-5,6",1,1,0.0,False,"2,9(3,10)8(11,14)15(7,4,12)-(1,16)-13-5-6",1,1,0.0,False,6,良馬場発表ではあるものの、前週とは一転して時計の掛かる馬場。
202006050503,3,2歳未勝利,芝,1200,晴,良,10:50,2020-12-19,中山,7,7,13,2018100994,アウリガテソーロ,牡2,55,01162,木幡巧也,1:11.5,3/4,14-14,35.4,89.0,9,510(-2),01169,[東]加藤士津,089803,了徳寺健二ホールディ...,,,,,,,,,,,,"2,9(3,10)11(8,14)15,7(4,12)-(1,16)-13-5,6",14,1,10.0,False,"2,9(3,10)8(11,14)15(7,4,12)-(1,16)-13-5-6",14,1,8.5,False,6,良馬場発表ではあるものの、前週とは一転して時計の掛かる馬場。
202006050503,3,2歳未勝利,芝,1200,晴,良,10:50,2020-12-19,中山,8,1,1,2018104582,ハローマイキー,牡2,55,00422,内田博幸,1:11.6,1/2,12-12,36.1,10.0,4,496(+16),01133,[東]黒岩陽一,381031,小林誠,,,,,,,,,,,,"2,9(3,10)11(8,14)15,7(4,12)-(1,16)-13-5,6",12,2,6.5,False,"2,9(3,10)8(11,14)15(7,4,12)-(1,16)-13-5-6",12,2,5.0,False,6,良馬場発表ではあるものの、前週とは一転して時計の掛かる馬場。
202006050503,3,2歳未勝利,芝,1200,晴,良,10:50,2020-12-19,中山,9,8,16,2018103487,クールシラユリ,牝2,54,01092,津村明秀,1:11.7,1/2,12-12,36.1,48.2,7,422(0),01171,[東]小手川準,015006,村島昭男,,,,,,,,,,,,"2,9(3,10)11(8,14)15,7(4,12)-(1,16)-13-5,6",12,2,6.5,False,"2,9(3,10)8(11,14)15(7,4,12)-(1,16)-13-5-6",12,2,5.0,False,6,良馬場発表ではあるものの、前週とは一転して時計の掛かる馬場。
202006050503,3,2歳未勝利,芝,1200,晴,良,10:50,2020-12-19,中山,10,2,4,2018100224,ヴィータハイジア,牝2,53,01178,斎藤新,1:11.9,1.1/2,10-9,36.7,390.4,15,398(0),01086,[東]斎藤誠,087803,ＨｉｍＲｏｃｋＲａｃ...,,,,,,,,,,,,"2,9(3,10)11(8,14)15,7(4,12)-(1,16)-13-5,6",10,2,3.0,False,"2,9(3,10)8(11,14)15(7,4,12)-(1,16)-13-5-6",9,3,1.5,False,6,良馬場発表ではあるものの、前週とは一転して時計の掛かる馬場。
202006050503,3,2歳未勝利,芝,1200,晴,良,10:50,2020-12-19,中山,11,6,11,2018103561,ラグランジア,牝2,54,01169,武藤雅,1:12.0,クビ,5-6,37.3,51.2,8,448(+8),01112,[東]田島俊明,851009,岡田牧雄,,,,,,,,,,,,"2,9(3,10)11(8,14)15,7(4,12)-(1,16)-13-5,6",5,1,1.5,False,"2,9(3,10)8(11,14)15(7,4,12)-(1,16)-13-5-6",6,2,1.5,False,6,良馬場発表ではあるものの、前週とは一転して時計の掛かる馬場。
202006050503,3,2歳未勝利,芝,1200,晴,良,10:50,2020-12-19,中山,12,6,12,2018109096,ピスターシュドール,牝2,51,01177,小林凌大,1:12.0,クビ,10-9,36.8,269.3,11,416(-6),01076,[東]小笠倫弘,148800,グリーンファーム,,,,,,,,,,,,"2,9(3,10)11(8,14)15,7(4,12)-(1,16)-13-5,6",10,2,3.0,False,"2,9(3,10)8(11,14)15(7,4,12)-(1,16)-13-5-6",9,3,1.5,False,6,良馬場発表ではあるものの、前週とは一転して時計の掛かる馬場。
202006050503,3,2歳未勝利,芝,1200,晴,良,10:50,2020-12-19,中山,13,4,7,2018104216,コスモザクロ,牡2,55,01091,丹内祐次,1:12.1,3/4,9-9,37.0,132.4,10,438(+12),01165,[東]和田勇介,760008,岡田繁幸,,,,,,,,,,,,"2,9(3,10)11(8,14)15,7(4,12)-(1,16)-13-5,6",9,1,3.0,False,"2,9(3,10)8(11,14)15(7,4,12)-(1,16)-13-5-6",9,3,1.5,False,6,良馬場発表ではあるものの、前週とは一転して時計の掛かる馬場。
202006050503,3,2歳未勝利,芝,1200,晴,良,10:50,2020-12-19,中山,14,5,9,2018100330,パドマーヴァティ,牝2,54,01025,勝浦正樹,1:12.2,クビ,2-2,38.1,383.9,14,404(+2),00437,[東]南田美知,910006,伊達敏明,,,,,,,,,,,,"2,9(3,10)11(8,14)15,7(4,12)-(1,16)-13-5,6",2,1,1.5,False,"2,9(3,10)8(11,14)15(7,4,12)-(1,16)-13-5-6",2,1,1.5,False,6,良馬場発表ではあるものの、前週とは一転して時計の掛かる馬場。
202006050503,3,2歳未勝利,芝,1200,晴,良,10:50,2020-12-19,中山,15,3,5,2018102692,ヤエノリバー,牝2,54,01140,横山和生,1:12.4,1.1/2,15-15,36.0,290.5,12,444(-8),01125,[東]小野次郎,777004,山本弥恵子,,,,,,,,,,,,"2,9(3,10)11(8,14)15,7(4,12)-(1,16)-13-5,6",15,1,13.5,False,"2,9(3,10)8(11,14)15(7,4,12)-(1,16)-13-5-6",15,1,12.0,False,6,良馬場発表ではあるものの、前週とは一転して時計の掛かる馬場。
202006050503,3,2歳未勝利,芝,1200,晴,良,10:50,2020-12-19,中山,16,3,6,2018100182,リコネクト,牝2,54,01004,西田雄一,1:13.5,7,16-16,36.9,668.2,16,432(0),00437,[東]南田美知,629800,ミルファーム,,,,,,,,,,,,"2,9(3,10)11(8,14)15,7(4,12)-(1,16)-13-5,6",16,1,15.0,False,"2,9(3,10)8(11,14)15(7,4,12)-(1,16)-13-5-6",16,1,15.5,False,6,良馬場発表ではあるものの、前週とは一転して時計の掛かる馬場。
202006050504,4,2歳未勝利,ダ,1800,晴,良,11:20,2020-12-19,中山,1,6,11,2018104503,アンクラウデッド,牡2,55,05339,ルメール,1:57.1,,3-3-2-1,40.7,1.8,1,482(+2),01079,[東]古賀慎明,415800,社台レースホース,510.0,"(*4,10)11-(12,14)(5,13)2,8,7(1,16)9(6,15)=3",3,1,0.0,False,"(*4,10)11(12,14)(5,13)(2,8)7-(1,16)(9,6,15)=3",3,1,0.0,False,"(*10,11)(12,14)(13,8)5(7,15)(1,16,6)2,9,4=3",2,2,0.0,False,"11,10-12(14,8)(5,15)7(13,6)(1,16)(2,9)=3=4",1,1,0.0,False,9,
202006050504,4,2歳未勝利,ダ,1800,晴,良,11:20,2020-12-19,中山,2,3,5,2018106478,レディヴィクトリア,牝2,54,01043,北村宏司,1:57.5,2.1/2,6-6-7-6,40.5,65.1,8,430(0),01047,[東]勢司和浩,074031,谷口祐人,165.0,"(*4,10)11-(12,14)(5,13)2,8,7(1,16)9(6,15)=3",6,2,3.5,False,"(*4,10)11(12,14)(5,13)(2,8)7-(1,16)(9,6,15)=3",6,2,0.0,False,"(*10,11)(12,14)(13,8)5(7,15)(1,16,6)2,9,4=3",7,1,0.0,False,"11,10-12(14,8)(5,15)7(13,6)(1,16)(2,9)=3=4",6,2,5.0,False,9,
202006050504,4,2歳未勝利,ダ,1800,晴,良,11:20,2020-12-19,中山,2,4,8,2018105310,ロングテール,牡2,55,01127,丸山元気,1:57.5,同着,9-8-5-4,40.6,20.5,5,494(-2),01163,[東]林徹,398030,保坂和孝,165.0,"(*4,10)11-(12,14)(5,13)2,8,7(1,16)9(6,15)=3",9,1,5.0,False,"(*4,10)11(12,14)(5,13)(2,8)7-(1,16)(9,6,15)=3",8,2,0.0,False,"(*10,11)(12,14)(13,8)5(7,15)(1,16,6)2,9,4=3",5,2,0.0,False,"11,10-12(14,8)(5,15)7(13,6)(1,16)(2,9)=3=4",4,2,5.0,False,9,
202006050504,4,2歳未勝利,ダ,1800,晴,良,11:20,2020-12-19,中山,4,3,6,2018106797,シバノトロフェオ,牡2,55,00684,田中勝春,1:57.6,クビ,14-13-10-9,40.1,5.5,2,492(+8),00420,[東]宗像義忠,796033,柴一男,77.0,"(*4,10)11-(12,14)(5,13)2,8,7(1,16)9(6,15)=3",14,2,6.5,False,"(*4,10)11(12,14)(5,13)(2,8)7-(1,16)(9,6,15)=3",13,3,3.5,False,"(*10,11)(12,14)(13,8)5(7,15)(1,16,6)2,9,4=3",10,3,0.0,False,"11,10-12(14,8)(5,15)7(13,6)(1,16)(2,9)=3=4",9,2,5.0,False,9,
202006050504,4,2歳未勝利,ダ,1800,晴,良,11:20,2020-12-19,中山,5,8,16,2018100935,マッシブディール,セ2,55,01169,武藤雅,1:58.4,5,11-11-10-11,40.9,170.9,11,506(+6),01150,[東]池上昌和,851009,岡田牧雄,51.0,"(*4,10)11-(12,14)(5,13)2,8,7(1,16)9(6,15)=3",11,2,6.5,False,"(*4,10)11(12,14)(5,13)(2,8)7-(1,16)(9,6,15)=3",11,2,3.5,False,"(*10,11)(12,14)(13,8)5(7,15)(1,16,6)2,9,4=3",10,3,0.0,False,"11,10-12(14,8)(5,15)7(13,6)(1,16)(2,9)=3=4",11,2,5.0,False,9,
202006050504,4,2歳未勝利,ダ,1800,晴,良,11:20,2020-12-19,中山,6,5,9,2018104513,ショスタコーヴィチ,牡2,55,01018,和田竜二,1:58.4,クビ,13-13-14-13,40.4,113.5,10,436(+4),01124,[東]大和田成,008803,原禮子,,"(*4,10)11-(12,14)(5,13)2,8,7(1,16)9(6,15)=3",13,1,6.5,False,"(*4,10)11(12,14)(5,13)(2,8)7-(1,16)(9,6,15)=3",13,3,3.5,False,"(*10,11)(12,14)(13,8)5(7,15)(1,16,6)2,9,4=3",14,1,1.5,False,"11,10-12(14,8)(5,15)7(13,6)(1,16)(2,9)=3=4",13,2,5.0,False,9,
202006050504,4,2歳未勝利,ダ,1800,晴,良,11:20,2020-12-19,中山,7,4,7,2018101553,テイエムダイアタリ,牡2,55,00733,吉田豊,1:58.6,3/4,10-10-8-8,41.4,45.1,7,502(+6),01043,[東]石栗龍彦,356002,竹園正繼,,"(*4,10)11-(12,14)(5,13)2,8,7(1,16)9(6,15)=3",10,1,6.5,False,"(*4,10)11(12,14)(5,13)(2,8)7-(1,16)(9,6,15)=3",10,1,0.0,False,"(*10,11)(12,14)(13,8)5(7,15)(1,16,6)2,9,4=3",8,2,0.0,False,"11,10-12(14,8)(5,15)7(13,6)(1,16)(2,9)=3=4",8,1,5.0,False,9,
202006050504,4,2歳未勝利,ダ,1800,晴,良,11:20,2020-12-19,中山,8,6,12,2018109057,フレンドジェイ,牡2,55,01009,柴田大知,1:58.7,3/4,4-4-3-3,42.0,333.3,14,462(0),00437,[東]南田美知,145030,横尾晴人,,"(*4,10)11-(12,14)(5,13)2,8,7(1,16)9(6,15)=3",4,2,3.5,False,"(*4,10)11(12,14)(5,13)(2,8)7-(1,16)(9,6,15)=3",4,2,0.0,False,"(*10,11)(12,14)(13,8)5(7,15)(1,16,6)2,9,4=3",3,2,0.0,False,"11,10-12(14,8)(5,15)7(13,6)(1,16)(2,9)=3=4",3,1,5.0,False,9,
202006050504,4,2歳未勝利,ダ,1800,晴,良,11:20,2020-12-19,中山,9,8,15,2018103947,スマートリン,牡2,55,01118,宮崎北斗,1:58.7,ハナ,14-13-8-6,41.5,475.5,16,504(+10),00421,[東]浅野洋一,773007,鈴木伸昭,,"(*4,10)11-(12,14)(5,13)2,8,7(1,16)9(6,15)=3",14,2,6.5,False,"(*4,10)11(12,14)(5,13)(2,8)7-(1,16)(9,6,15)=3",13,3,3.5,False,"(*10,11)(12,14)(13,8)5(7,15)(1,16,6)2,9,4=3",8,2,0.0,False,"11,10-12(14,8)(5,15)7(13,6)(1,16)(2,9)=3=4",6,2,5.0,False,9,
202006050504,4,2歳未勝利,ダ,1800,晴,良,11:20,2020-12-19,中山,10,5,10,2018105372,ギャラクサイト,牡2,55,01170,横山武史,1:58.9,1.1/4,2-2-1-2,42.5,5.8,3,484(0),01027,[東]田村康仁,506800,シルクレーシング,,"(*4,10)11-(12,14)(5,13)2,8,7(1,16)9(6,15)=3",2,2,0.0,False,"(*4,10)11(12,14)(5,13)(2,8)7-(1,16)(9,6,15)=3",2,2,0.0,False,"(*10,11)(12,14)(13,8)5(7,15)(1,16,6)2,9,4=3",1,2,0.0,True,"11,10-12(14,8)(5,15)7(13,6)(1,16)(2,9)=3=4",2,1,1.5,False,9,
202006050504,4,2歳未勝利,ダ,1800,晴,良,11:20,2020-12-19,中山,11,1,2,2018102288,セイウンジャック,牡2,55,00689,江田照男,1:59.4,3,8-8-13-13,41.7,247.6,12,448(-2),01063,[東]的場均,897009,西山茂行,,"(*4,10)11-(12,14)(5,13)2,8,7(1,16)9(6,15)=3",8,1,3.5,False,"(*4,10)11(12,14)(5,13)(2,8)7-(1,16)(9,6,15)=3",8,2,0.0,False,"(*10,11)(12,14)(13,8)5(7,15)(1,16,6)2,9,4=3",13,1,0.0,False,"11,10-12(14,8)(5,15)7(13,6)(1,16)(2,9)=3=4",13,2,5.0,False,9,
202006050504,4,2歳未勝利,ダ,1800,晴,良,11:20,2020-12-19,中山,12,1,1,2018100910,スターオブソフィア,牝2,54,01029,武士沢友,1:59.7,1.3/4,11-11-10-11,42.2,84.6,9,410(0),01171,[東]小手川準,791033,光安了,,"(*4,10)11-(12,14)(5,13)2,8,7(1,16)9(6,15)=3",11,2,6.5,False,"(*4,10)11(12,14)(5,13)(2,8)7-(1,16)(9,6,15)=3",11,2,3.5,False,"(*10,11)(12,14)(13,8)5(7,15)(1,16,6)2,9,4=3",10,3,0.0,False,"11,10-12(14,8)(5,15)7(13,6)(1,16)(2,9)=3=4",11,2,5.0,False,9,
202006050504,4,2歳未勝利,ダ,1800,晴,良,11:20,2020-12-19,中山,13,2,3,2018106696,ペイシャスカイ,牡2,55,01108,的場勇人,2:00.1,2.1/2,16-16-16-15,41.1,468.9,15,502(+20),01063,[東]的場均,163002,北所直人,,"(*4,10)11-(12,14)(5,13)2,8,7(1,16)9(6,15)=3",16,1,12.5,False,"(*4,10)11(12,14)(5,13)(2,8)7-(1,16)(9,6,15)=3",16,1,9.5,False,"(*10,11)(12,14)(13,8)5(7,15)(1,16,6)2,9,4=3",16,1,9.0,False,"11,10-12(14,8)(5,15)7(13,6)(1,16)(2,9)=3=4",15,1,11.0,False,9,
202006050504,4,2歳未勝利,ダ,1800,晴,良,11:20,2020-12-19,中山,14,7,14,2018100430,ゼンダンピューマ,セ2,55,01091,丹内祐次,2:00.7,3.1/2,4-4-3-4,44.0,278.3,13,452(-6),00435,[東]藤原辰雄,377031,渡邊善男,,"(*4,10)11-(12,14)(5,13)2,8,7(1,16)9(6,15)=3",4,2,3.5,False,"(*4,10)11(12,14)(5,13)(2,8)7-(1,16)(9,6,15)=3",4,2,0.0,False,"(*10,11)(12,14)(13,8)5(7,15)(1,16,6)2,9,4=3",3,2,0.0,False,"11,10-12(14,8)(5,15)7(13,6)(1,16)(2,9)=3=4",4,2,5.0,False,9,
202006050504,4,2歳未勝利,ダ,1800,晴,良,11:20,2020-12-19,中山,15,7,13,2018104078,ハムレボ,牡2,55,01075,田辺裕信,2:01.3,3.1/2,6-6-5-9,44.4,7.1,4,508(+6),01102,[東]大竹正博,452033,伊藤功一,,"(*4,10)11-(12,14)(5,13)2,8,7(1,16)9(6,15)=3",6,2,3.5,False,"(*4,10)11(12,14)(5,13)(2,8)7-(1,16)(9,6,15)=3",6,2,0.0,False,"(*10,11)(12,14)(13,8)5(7,15)(1,16,6)2,9,4=3",5,2,0.0,False,"11,10-12(14,8)(5,15)7(13,6)(1,16)(2,9)=3=4",9,2,5.0,False,9,
202006050504,4,2歳未勝利,ダ,1800,晴,良,11:20,2020-12-19,中山,中,2,4,2018102670,クラックステソーロ,牡2,52,01184,原優介,,,1-1-15-16,,38.1,6,476(+4),01048,[東]畠山吉宏,089803,了徳寺健二ホールディ...,,"(*4,10)11-(12,14)(5,13)2,8,7(1,16)9(6,15)=3",1,2,0.0,True,"(*4,10)11(12,14)(5,13)(2,8)7-(1,16)(9,6,15)=3",1,2,0.0,True,"(*10,11)(12,14)(13,8)5(7,15)(1,16,6)2,9,4=3",15,1,3.0,False,"11,10-12(14,8)(5,15)7(13,6)(1,16)(2,9)=3=4",16,1,17.0,False,9,
202006050505,5,2歳新馬,芝,1800,晴,良,12:10,2020-12-19,中山,1,5,9,2018103407,アールバロン,牡2,55,01043,北村宏司,1:54.0,,2-2-2-2,36.2,9.6,5,492(0),01109,[東]伊藤大士,427030,前原敏行,700.0,"(*6,9)(5,4,10,15)11(2,3,14)(1,8)12,7-13",2,2,0.0,False,"(*6,9)10(5,4,15)11(2,3,14)(1,8)(7,12)-13",2,2,0.0,False,"(*6,9)10(5,4,15)11-(2,3,14)(1,8)-(7,12)-13",2,2,0.0,False,"(*6,9)(5,10)(4,11)15(2,3,14)1(12,8)(7,13)",2,2,0.0,False,6,良馬場発表ではあるものの、前週とは一転して時計の掛かる馬場。
202006050505,5,2歳新馬,芝,1800,晴,良,12:10,2020-12-19,中山,2,4,6,2018106669,ターゲット,牡2,54,01178,斎藤新,1:54.4,2.1/2,1-1-1-1,36.6,27.4,7,510(0),01086,[東]斎藤誠,248030,石川達絵,280.0,"(*6,9)(5,4,10,15)11(2,3,14)(1,8)12,7-13",1,2,0.0,True,"(*6,9)10(5,4,15)11(2,3,14)(1,8)(7,12)-13",1,2,0.0,True,"(*6,9)10(5,4,15)11-(2,3,14)(1,8)-(7,12)-13",1,2,0.0,True,"(*6,9)(5,10)(4,11)15(2,3,14)1(12,8)(7,13)",1,2,0.0,True,6,良馬場発表ではあるものの、前週とは一転して時計の掛かる馬場。
202006050505,5,2歳新馬,芝,1800,晴,良,12:10,2020-12-19,中山,3,6,10,2018103489,ホウオウリアリティ,牡2,55,01096,大野拓弥,1:54.4,クビ,3-3-3-3,36.4,8.1,4,474(0),01088,[東]高木登,906033,小笹芳央,180.0,"(*6,9)(5,4,10,15)11(2,3,14)(1,8)12,7-13",3,4,0.0,False,"(*6,9)10(5,4,15)11(2,3,14)(1,8)(7,12)-13",3,1,0.0,False,"(*6,9)10(5,4,15)11-(2,3,14)(1,8)-(7,12)-13",3,1,0.0,False,"(*6,9)(5,10)(4,11)15(2,3,14)1(12,8)(7,13)",3,2,0.0,False,6,良馬場発表ではあるものの、前週とは一転して時計の掛かる馬場。
202006050505,5,2歳新馬,芝,1800,晴,良,12:10,2020-12-19,中山,4,6,11,2018101988,レープハフト,牝2,54,05386,戸崎圭太,1:54.6,1.1/4,7-7-7-5,36.4,28.2,8,468(0),01175,[東]宮田敬介,610033,山本剛士,110.0,"(*6,9)(5,4,10,15)11(2,3,14)(1,8)12,7-13",7,1,0.0,False,"(*6,9)10(5,4,15)11(2,3,14)(1,8)(7,12)-13",7,1,0.0,False,"(*6,9)10(5,4,15)11-(2,3,14)(1,8)-(7,12)-13",7,1,0.0,False,"(*6,9)(5,10)(4,11)15(2,3,14)1(12,8)(7,13)",5,2,0.0,False,6,良馬場発表ではあるものの、前週とは一転して時計の掛かる馬場。
202006050505,5,2歳新馬,芝,1800,晴,良,12:10,2020-12-19,中山,5,3,5,2018105986,エイシンリヒト,牡2,55,01018,和田竜二,1:54.6,クビ,3-4-4-3,36.5,4.8,3,444(0),01128,[西]今野貞一,785800,栄進堂,70.0,"(*6,9)(5,4,10,15)11(2,3,14)(1,8)12,7-13",3,4,0.0,False,"(*6,9)10(5,4,15)11(2,3,14)(1,8)(7,12)-13",4,3,0.0,False,"(*6,9)10(5,4,15)11-(2,3,14)(1,8)-(7,12)-13",4,3,0.0,False,"(*6,9)(5,10)(4,11)15(2,3,14)1(12,8)(7,13)",3,2,0.0,False,6,良馬場発表ではあるものの、前週とは一転して時計の掛かる馬場。
202006050505,5,2歳新馬,芝,1800,晴,良,12:10,2020-12-19,中山,6,7,12,2018105475,ウルランテ,牡2,55,01170,横山武史,1:54.9,1.1/2,13-13-13-12,35.8,17.5,6,500(0),01115,[東]菊沢隆徳,226800,サンデーレーシング,,"(*6,9)(5,4,10,15)11(2,3,14)(1,8)12,7-13",13,1,0.0,False,"(*6,9)10(5,4,15)11(2,3,14)(1,8)(7,12)-13",13,2,0.0,False,"(*6,9)10(5,4,15)11-(2,3,14)(1,8)-(7,12)-13",13,2,7.0,False,"(*6,9)(5,10)(4,11)15(2,3,14)1(12,8)(7,13)",12,2,0.0,False,6,良馬場発表ではあるものの、前週とは一転して時計の掛かる馬場。
202006050505,5,2歳新馬,芝,1800,晴,良,12:10,2020-12-19,中山,7,2,3,2018103504,ペルスネージュ,牝2,54,05339,ルメール,1:55.0,1.1/4,8-8-8-8,36.5,2.8,1,452(0),01126,[東]木村哲也,486800,キャロットファーム,,"(*6,9)(5,4,10,15)11(2,3,14)(1,8)12,7-13",8,3,0.0,False,"(*6,9)10(5,4,15)11(2,3,14)(1,8)(7,12)-13",8,3,0.0,False,"(*6,9)10(5,4,15)11-(2,3,14)(1,8)-(7,12)-13",8,3,3.5,False,"(*6,9)(5,10)(4,11)15(2,3,14)1(12,8)(7,13)",8,3,0.0,False,6,良馬場発表ではあるものの、前週とは一転して時計の掛かる馬場。
202006050505,5,2歳新馬,芝,1800,晴,良,12:10,2020-12-19,中山,8,1,1,2018104599,ローラーコースター,牝2,54,01150,石川裕紀,1:55.1,クビ,11-11-11-11,36.3,56.9,10,472(0),01109,[東]伊藤大士,148800,グリーンファーム,,"(*6,9)(5,4,10,15)11(2,3,14)(1,8)12,7-13",11,2,0.0,False,"(*6,9)10(5,4,15)11(2,3,14)(1,8)(7,12)-13",11,2,0.0,False,"(*6,9)10(5,4,15)11-(2,3,14)(1,8)-(7,12)-13",11,2,3.5,False,"(*6,9)(5,10)(4,11)15(2,3,14)1(12,8)(7,13)",11,1,0.0,False,6,良馬場発表ではあるものの、前週とは一転して時計の掛かる馬場。
202006050505,5,2歳新馬,芝,1800,晴,良,12:10,2020-12-19,中山,9,8,14,2018100671,フィアスプライド,牝2,54,01127,丸山元気,1:55.2,1/2,8-8-8-8,36.7,4.8,2,488(0),00399,[東]国枝栄,003060,ゴドルフィン,,"(*6,9)(5,4,10,15)11(2,3,14)(1,8)12,7-13",8,3,0.0,False,"(*6,9)10(5,4,15)11(2,3,14)(1,8)(7,12)-13",8,3,0.0,False,"(*6,9)10(5,4,15)11-(2,3,14)(1,8)-(7,12)-13",8,3,3.5,False,"(*6,9)(5,10)(4,11)15(2,3,14)1(12,8)(7,13)",8,3,0.0,False,6,良馬場発表ではあるものの、前週とは一転して時計の掛かる馬場。
202006050505,5,2歳新馬,芝,1800,晴,良,12:10,2020-12-19,中山,10,2,2,2018103527,シルバーライニング,牡2,55,01134,嶋田純次,1:55.7,3,8-8-8-8,37.2,376.7,15,426(0),01056,[東]本間忍,629800,ミルファーム,,"(*6,9)(5,4,10,15)11(2,3,14)(1,8)12,7-13",8,3,0.0,False,"(*6,9)10(5,4,15)11(2,3,14)(1,8)(7,12)-13",8,3,0.0,False,"(*6,9)10(5,4,15)11-(2,3,14)(1,8)-(7,12)-13",8,3,3.5,False,"(*6,9)(5,10)(4,11)15(2,3,14)1(12,8)(7,13)",8,3,0.0,False,6,良馬場発表ではあるものの、前週とは一転して時計の掛かる馬場。
202006050505,5,2歳新馬,芝,1800,晴,良,12:10,2020-12-19,中山,11,7,13,2018102051,エルニド,牡2,55,01122,三浦皇成,1:55.7,アタマ,15-15-15-14,36.3,35.8,9,412(0),01103,[東]尾関知人,788800,ノースヒルズ,,"(*6,9)(5,4,10,15)11(2,3,14)(1,8)12,7-13",15,1,5.0,False,"(*6,9)10(5,4,15)11(2,3,14)(1,8)(7,12)-13",15,1,3.5,False,"(*6,9)10(5,4,15)11-(2,3,14)(1,8)-(7,12)-13",15,1,10.5,False,"(*6,9)(5,10)(4,11)15(2,3,14)1(12,8)(7,13)",14,2,0.0,False,6,良馬場発表ではあるものの、前週とは一転して時計の掛かる馬場。
202006050505,5,2歳新馬,芝,1800,晴,良,12:10,2020-12-19,中山,12,4,7,2018102004,カズノオジョウ,牝2,54,01169,武藤雅,1:55.7,ハナ,14-13-13-14,36.6,139.8,13,466(0),01076,[東]小笠倫弘,457004,鈴木可一,,"(*6,9)(5,4,10,15)11(2,3,14)(1,8)12,7-13",14,1,1.5,False,"(*6,9)10(5,4,15)11(2,3,14)(1,8)(7,12)-13",13,2,0.0,False,"(*6,9)10(5,4,15)11-(2,3,14)(1,8)-(7,12)-13",13,2,7.0,False,"(*6,9)(5,10)(4,11)15(2,3,14)1(12,8)(7,13)",14,2,0.0,False,6,良馬場発表ではあるものの、前週とは一転して時計の掛かる馬場。
202006050505,5,2歳新馬,芝,1800,晴,良,12:10,2020-12-19,中山,13,8,15,2018104740,パウンシングプーマ,牝2,54,00422,内田博幸,1:55.8,1/2,3-4-4-7,37.7,304.0,14,446(0),01133,[東]黒岩陽一,428033,今中俊平,,"(*6,9)(5,4,10,15)11(2,3,14)(1,8)12,7-13",3,4,0.0,False,"(*6,9)10(5,4,15)11(2,3,14)(1,8)(7,12)-13",4,3,0.0,False,"(*6,9)10(5,4,15)11-(2,3,14)(1,8)-(7,12)-13",4,3,0.0,False,"(*6,9)(5,10)(4,11)15(2,3,14)1(12,8)(7,13)",7,1,0.0,False,6,良馬場発表ではあるものの、前週とは一転して時計の掛かる馬場。
202006050505,5,2歳新馬,芝,1800,晴,良,12:10,2020-12-19,中山,14,5,8,2018100393,フェアリーアイ,牝2,54,01092,津村明秀,1:56.0,1,11-11-11-12,37.2,99.9,11,472(0),01020,[東]相沢郁,443007,細谷典幸,,"(*6,9)(5,4,10,15)11(2,3,14)(1,8)12,7-13",11,2,0.0,False,"(*6,9)10(5,4,15)11(2,3,14)(1,8)(7,12)-13",11,2,0.0,False,"(*6,9)10(5,4,15)11-(2,3,14)(1,8)-(7,12)-13",11,2,3.5,False,"(*6,9)(5,10)(4,11)15(2,3,14)1(12,8)(7,13)",12,2,0.0,False,6,良馬場発表ではあるものの、前週とは一転して時計の掛かる馬場。
202006050505,5,2歳新馬,芝,1800,晴,良,12:10,2020-12-19,中山,15,3,4,2018102107,ソーラーストーム,牡2,55,01095,吉田隼人,1:56.1,1/2,3-4-4-5,38.0,124.6,12,468(0),01059,[東]加藤征弘,034060,Ｊ．ウィルソン,,"(*6,9)(5,4,10,15)11(2,3,14)(1,8)12,7-13",3,4,0.0,False,"(*6,9)10(5,4,15)11(2,3,14)(1,8)(7,12)-13",4,3,0.0,False,"(*6,9)10(5,4,15)11-(2,3,14)(1,8)-(7,12)-13",4,3,0.0,False,"(*6,9)(5,10)(4,11)15(2,3,14)1(12,8)(7,13)",5,2,0.0,False,6,良馬場発表ではあるものの、前週とは一転して時計の掛かる馬場。
202006050506,6,2歳新馬,ダ,1200,曇,良,12:45,2020-12-19,中山,1,6,12,2018101509,サッビアマーゴ,牡2,55,01077,石橋脩,1:14.7,,8-7,37.8,2.5,1,542(0),00412,[東]高橋裕,316031,西森功,700.0,,,,,,,,,,,"11(10,14)(6,15,16)5(12,9,13)(2,3,4)-7-(8,1)",8,3,0.0,False,"11-(10,14)16(6,15)(12,9)5(2,3)(13,4)7,8,1",7,2,3.5,False,2,
202006050506,6,2歳新馬,ダ,1200,曇,良,12:45,2020-12-19,中山,2,1,2,2018105517,リーチザワールド,牡2,55,01170,横山武史,1:14.7,1/2,11-10,37.6,14.6,6,542(0),01165,[東]和田勇介,226800,サンデーレーシング,280.0,,,,,,,,,,,"11(10,14)(6,15,16)5(12,9,13)(2,3,4)-7-(8,1)",11,3,0.0,False,"11-(10,14)16(6,15)(12,9)5(2,3)(13,4)7,8,1",10,2,3.5,False,2,
202006050506,6,2歳新馬,ダ,1200,曇,良,12:45,2020-12-19,中山,3,5,9,2018106001,ニシノカシン,牡2,55,00422,内田博幸,1:14.9,1.1/4,8-7,38.0,10.0,5,484(0),01079,[東]古賀慎明,897009,西山茂行,180.0,,,,,,,,,,,"11(10,14)(6,15,16)5(12,9,13)(2,3,4)-7-(8,1)",8,3,0.0,False,"11-(10,14)16(6,15)(12,9)5(2,3)(13,4)7,8,1",7,2,3.5,False,2,
202006050506,6,2歳新馬,ダ,1200,曇,良,12:45,2020-12-19,中山,4,6,11,2018100066,ビトエノスター,牡2,55,01043,北村宏司,1:15.1,3/4,1-1,38.9,49.1,10,430(0),01118,[東]高柳瑞樹,303030,山崎泰博,110.0,,,,,,,,,,,"11(10,14)(6,15,16)5(12,9,13)(2,3,4)-7-(8,1)",1,1,0.0,False,"11-(10,14)16(6,15)(12,9)5(2,3)(13,4)7,8,1",1,1,0.0,False,2,
202006050506,6,2歳新馬,ダ,1200,曇,良,12:45,2020-12-19,中山,5,5,10,2018104193,ニシノメタル,牡2,55,01169,武藤雅,1:15.3,1.1/2,2-2,38.9,7.0,3,434(0),01064,[東]武藤善則,897009,西山茂行,70.0,,,,,,,,,,,"11(10,14)(6,15,16)5(12,9,13)(2,3,4)-7-(8,1)",2,2,0.0,False,"11-(10,14)16(6,15)(12,9)5(2,3)(13,4)7,8,1",2,2,3.5,False,2,
202006050506,6,2歳新馬,ダ,1200,曇,良,12:45,2020-12-19,中山,6,4,7,2018103727,カザルス,牡2,55,01092,津村明秀,1:15.5,1.1/4,14-14,37.8,9.5,4,490(0),00435,[東]藤原辰雄,108007,浅田次郎,,,,,,,,,,,,"11(10,14)(6,15,16)5(12,9,13)(2,3,4)-7-(8,1)",14,1,3.5,False,"11-(10,14)16(6,15)(12,9)5(2,3)(13,4)7,8,1",14,1,3.5,False,2,
202006050506,6,2歳新馬,ダ,1200,曇,良,12:45,2020-12-19,中山,7,7,14,2018101807,スゴウデノハンター,セ2,52,01177,小林凌大,1:15.5,クビ,2-2,39.1,165.5,12,428(0),01076,[東]小笠倫弘,370008,岡浩二,,,,,,,,,,,,"11(10,14)(6,15,16)5(12,9,13)(2,3,4)-7-(8,1)",2,2,0.0,False,"11-(10,14)16(6,15)(12,9)5(2,3)(13,4)7,8,1",2,2,3.5,False,2,
202006050506,6,2歳新馬,ダ,1200,曇,良,12:45,2020-12-19,中山,8,2,3,2018106145,アコルダール,牝2,54,01140,横山和生,1:15.7,1.1/4,11-10,38.6,21.8,7,438(0),01115,[東]菊沢隆徳,854800,ノルマンディーサラブ...,,,,,,,,,,,,"11(10,14)(6,15,16)5(12,9,13)(2,3,4)-7-(8,1)",11,3,0.0,False,"11-(10,14)16(6,15)(12,9)5(2,3)(13,4)7,8,1",10,2,3.5,False,2,
202006050506,6,2歳新馬,ダ,1200,曇,良,12:45,2020-12-19,中山,9,8,15,2018100042,ヴィットリオーザ,牡2,55,01134,嶋田純次,1:16.1,2,4-5,39.4,23.6,8,512(0),01031,[東]伊藤伸一,491030,藤田在子,,,,,,,,,,,,"11(10,14)(6,15,16)5(12,9,13)(2,3,4)-7-(8,1)",4,3,0.0,False,"11-(10,14)16(6,15)(12,9)5(2,3)(13,4)7,8,1",5,2,3.5,False,2,
202006050506,6,2歳新馬,ダ,1200,曇,良,12:45,2020-12-19,中山,10,3,5,2018102462,スクリーニング,牝2,54,01075,田辺裕信,1:16.1,アタマ,7-9,39.3,24.5,9,456(0),00405,[東]小西一男,768033,島田久,,,,,,,,,,,,"11(10,14)(6,15,16)5(12,9,13)(2,3,4)-7-(8,1)",7,1,0.0,False,"11-(10,14)16(6,15)(12,9)5(2,3)(13,4)7,8,1",9,1,3.5,False,2,
202006050506,6,2歳新馬,ダ,1200,曇,良,12:45,2020-12-19,中山,11,8,16,2018102483,ベルベデール,牝2,54,01158,野中悠太,1:16.2,3/4,4-4,39.6,264.1,14,454(0),01029,[東]根本康広,040700,ＩＨＲ,,,,,,,,,,,,"11(10,14)(6,15,16)5(12,9,13)(2,3,4)-7-(8,1)",4,3,0.0,False,"11-(10,14)16(6,15)(12,9)5(2,3)(13,4)7,8,1",4,1,3.5,False,2,
202006050506,6,2歳新馬,ダ,1200,曇,良,12:45,2020-12-19,中山,12,4,8,2018104015,パクスジャポニカ,牡2,55,00726,岩部純二,1:16.2,アタマ,15-15,38.2,201.4,13,494(0),01024,[東]萱野浩二,855030,田頭勇貴,,,,,,,,,,,,"11(10,14)(6,15,16)5(12,9,13)(2,3,4)-7-(8,1)",15,2,7.0,False,"11-(10,14)16(6,15)(12,9)5(2,3)(13,4)7,8,1",15,1,5.0,False,2,
202006050506,6,2歳新馬,ダ,1200,曇,良,12:45,2020-12-19,中山,13,7,13,2018104598,メレカリキマカ,牡2,55,05339,ルメール,1:16.9,4,8-12,40.0,4.9,2,494(0),01068,[東]小島茂之,922030,丸山担,,,,,,,,,,,,"11(10,14)(6,15,16)5(12,9,13)(2,3,4)-7-(8,1)",8,3,0.0,False,"11-(10,14)16(6,15)(12,9)5(2,3)(13,4)7,8,1",12,2,3.5,False,2,
202006050506,6,2歳新馬,ダ,1200,曇,良,12:45,2020-12-19,中山,14,1,1,2018104202,タツセンジンムソウ,牡2,55,01029,武士沢友,1:17.0,アタマ,15-16,39.0,107.9,11,482(0),00392,[東]古賀史生,124033,鈴木高幸,,,,,,,,,,,,"11(10,14)(6,15,16)5(12,9,13)(2,3,4)-7-(8,1)",15,2,7.0,False,"11-(10,14)16(6,15)(12,9)5(2,3)(13,4)7,8,1",16,1,6.5,False,2,
202006050506,6,2歳新馬,ダ,1200,曇,良,12:45,2020-12-19,中山,15,2,4,2018105994,ペイシャキララ,牝2,54,01150,石川裕紀,1:17.6,4,11-12,40.5,287.8,15,400(0),01043,[東]石栗龍彦,163002,北所直人,,,,,,,,,,,,"11(10,14)(6,15,16)5(12,9,13)(2,3,4)-7-(8,1)",11,3,0.0,False,"11-(10,14)16(6,15)(12,9)5(2,3)(13,4)7,8,1",12,2,3.5,False,2,
202006050506,6,2歳新馬,ダ,1200,曇,良,12:45,2020-12-19,中山,16,3,6,2018100863,カシノオラフ,牡2,55,01109,黛弘人,1:17.6,ハナ,4-5,41.0,387.7,16,448(0),01143,[東]和田雄二,514009,柏木務,,,,,,,,,,,,"11(10,14)(6,15,16)5(12,9,13)(2,3,4)-7-(8,1)",4,3,0.0,False,"11-(10,14)16(6,15)(12,9)5(2,3)(13,4)7,8,1",5,2,3.5,False,2,
202006050507,7,2歳未勝利,芝,1600,曇,良,13:15,2020-12-19,中山,1,7,14,2018101300,ドラミモン,牡2,55,01174,岩田望来,1:37.2,,7-7-6,35.7,12.7,4,446(+2),01027,[東]田村康仁,965030,子安裕樹,510.0,,,,,,"8(2,9)(5,10)11(1,6,13,14)(4,7,15)16(3,12)",7,4,0.0,False,"2(8,9)(11,10)5(6,14)13(1,4,15)7,16,12-3",7,2,0.0,False,"(*2,8,9)(11,10)(5,14)6(13,15,16)(1,4)7-12-3",6,2,0.0,False,6,良馬場発表ではあるものの、前週とは一転して時計の掛かる馬場。
202006050507,7,2歳未勝利,芝,1600,曇,良,13:15,2020-12-19,中山,2,5,9,2018103929,ビューティフルデイ,牝2,54,01122,三浦皇成,1:37.3,クビ,2-2-2,36.3,2.8,1,450(+8),00399,[東]国枝栄,154800,タイヘイ牧場,200.0,,,,,,"8(2,9)(5,10)11(1,6,13,14)(4,7,15)16(3,12)",2,2,0.0,False,"2(8,9)(11,10)5(6,14)13(1,4,15)7,16,12-3",2,2,0.0,False,"(*2,8,9)(11,10)(5,14)6(13,15,16)(1,4)7-12-3",2,3,0.0,False,6,良馬場発表ではあるものの、前週とは一転して時計の掛かる馬場。
202006050507,7,2歳未勝利,芝,1600,曇,良,13:15,2020-12-19,中山,3,5,10,2018101646,ウインシャーロット,牝2,54,01150,石川裕紀,1:37.3,ハナ,4-4-4,36.1,33.0,8,488(+26),01114,[東]和田正一,494800,ウイン,130.0,,,,,,"8(2,9)(5,10)11(1,6,13,14)(4,7,15)16(3,12)",4,2,0.0,False,"2(8,9)(11,10)5(6,14)13(1,4,15)7,16,12-3",4,2,0.0,False,"(*2,8,9)(11,10)(5,14)6(13,15,16)(1,4)7-12-3",4,2,0.0,False,6,良馬場発表ではあるものの、前週とは一転して時計の掛かる馬場。
202006050507,7,2歳未勝利,芝,1600,曇,良,13:15,2020-12-19,中山,4,8,16,2018100373,アップストリーム,牝2,54,01092,津村明秀,1:37.6,1.1/2,14-14-9,35.4,3.4,2,476(-6),01038,[東]手塚貴久,272008,下河辺隆行,77.0,,,,,,"8(2,9)(5,10)11(1,6,13,14)(4,7,15)16(3,12)",14,1,0.0,False,"2(8,9)(11,10)5(6,14)13(1,4,15)7,16,12-3",14,1,1.5,False,"(*2,8,9)(11,10)(5,14)6(13,15,16)(1,4)7-12-3",9,3,0.0,False,6,良馬場発表ではあるものの、前週とは一転して時計の掛かる馬場。
202006050507,7,2歳未勝利,芝,1600,曇,良,13:15,2020-12-19,中山,5,4,8,2018103916,アオイカツマ,牡2,55,05212,Ｍ．デム,1:37.6,1/2,1-2-2,36.6,13.7,5,468(+4),01079,[東]古賀慎明,443033,新谷幸義,51.0,,,,,,"8(2,9)(5,10)11(1,6,13,14)(4,7,15)16(3,12)",1,1,0.0,False,"2(8,9)(11,10)5(6,14)13(1,4,15)7,16,12-3",2,2,0.0,False,"(*2,8,9)(11,10)(5,14)6(13,15,16)(1,4)7-12-3",2,3,0.0,False,6,良馬場発表ではあるものの、前週とは一転して時計の掛かる馬場。
202006050507,7,2歳未勝利,芝,1600,曇,良,13:15,2020-12-19,中山,6,8,15,2018100456,レッドルーベンス,牡2,55,01127,丸山元気,1:37.7,クビ,11-10-9,35.9,25.9,7,480(+6),01097,[東]鹿戸雄一,180800,東京ホースレーシング,,,,,,,"8(2,9)(5,10)11(1,6,13,14)(4,7,15)16(3,12)",11,3,0.0,False,"2(8,9)(11,10)5(6,14)13(1,4,15)7,16,12-3",10,3,0.0,False,"(*2,8,9)(11,10)(5,14)6(13,15,16)(1,4)7-12-3",9,3,0.0,False,6,良馬場発表ではあるものの、前週とは一転して時計の掛かる馬場。
202006050507,7,2歳未勝利,芝,1600,曇,良,13:15,2020-12-19,中山,7,3,6,2018103163,アルマブレイド,牡2,55,00733,吉田豊,1:37.8,1/2,7-7-8,36.3,43.0,9,482(+4),01134,[東]高橋文雅,095700,コウトミックレーシン...,,,,,,,"8(2,9)(5,10)11(1,6,13,14)(4,7,15)16(3,12)",7,4,0.0,False,"2(8,9)(11,10)5(6,14)13(1,4,15)7,16,12-3",7,2,0.0,False,"(*2,8,9)(11,10)(5,14)6(13,15,16)(1,4)7-12-3",8,1,0.0,False,6,良馬場発表ではあるものの、前週とは一転して時計の掛かる馬場。
202006050507,7,2歳未勝利,芝,1600,曇,良,13:15,2020-12-19,中山,8,6,11,2018106506,シルバースピリット,牡2,55,05339,ルメール,1:37.9,1/2,6-4-4,36.7,5.1,3,452(+6),00386,[東]藤沢和雄,399009,嶋田賢,,,,,,,"8(2,9)(5,10)11(1,6,13,14)(4,7,15)16(3,12)",6,1,0.0,False,"2(8,9)(11,10)5(6,14)13(1,4,15)7,16,12-3",4,2,0.0,False,"(*2,8,9)(11,10)(5,14)6(13,15,16)(1,4)7-12-3",4,2,0.0,False,6,良馬場発表ではあるものの、前週とは一転して時計の掛かる馬場。
202006050507,7,2歳未勝利,芝,1600,曇,良,13:15,2020-12-19,中山,9,2,4,2018105360,アイアゲート,牝2,54,01170,横山武史,1:38.1,1.1/2,11-10-12,36.2,14.8,6,492(+2),01162,[東]田中博康,506800,シルクレーシング,,,,,,,"8(2,9)(5,10)11(1,6,13,14)(4,7,15)16(3,12)",11,3,0.0,False,"2(8,9)(11,10)5(6,14)13(1,4,15)7,16,12-3",10,3,0.0,False,"(*2,8,9)(11,10)(5,14)6(13,15,16)(1,4)7-12-3",12,2,0.0,False,6,良馬場発表ではあるものの、前週とは一転して時計の掛かる馬場。
202006050507,7,2歳未勝利,芝,1600,曇,良,13:15,2020-12-19,中山,10,7,13,2018102169,マイネルレイヨン,牡2,52,01184,原優介,1:38.3,1.1/2,7-9-9,36.6,47.1,10,490(+4),00423,[東]上原博之,546800,サラブレッドクラブ・...,,,,,,,"8(2,9)(5,10)11(1,6,13,14)(4,7,15)16(3,12)",7,4,0.0,False,"2(8,9)(11,10)5(6,14)13(1,4,15)7,16,12-3",9,1,0.0,False,"(*2,8,9)(11,10)(5,14)6(13,15,16)(1,4)7-12-3",9,3,0.0,False,6,良馬場発表ではあるものの、前週とは一転して時計の掛かる馬場。
202006050507,7,2歳未勝利,芝,1600,曇,良,13:15,2020-12-19,中山,11,4,7,2018104845,バジェナート,牝2,54,01162,木幡巧也,1:38.5,3/4,11-13-14,36.5,183.6,11,400(-10),01147,[東]武井亮,758005,吉田照哉,,,,,,,"8(2,9)(5,10)11(1,6,13,14)(4,7,15)16(3,12)",11,3,0.0,False,"2(8,9)(11,10)5(6,14)13(1,4,15)7,16,12-3",13,1,0.0,False,"(*2,8,9)(11,10)(5,14)6(13,15,16)(1,4)7-12-3",14,1,0.0,False,6,良馬場発表ではあるものの、前週とは一転して時計の掛かる馬場。
202006050507,7,2歳未勝利,芝,1600,曇,良,13:15,2020-12-19,中山,12,3,5,2018100626,ウンジョウノメガミ,牝2,54,01140,横山和生,1:38.6,1/2,4-6-6,37.2,310.4,13,460(+8),01109,[東]伊藤大士,317033,鈴木正浩,,,,,,,"8(2,9)(5,10)11(1,6,13,14)(4,7,15)16(3,12)",4,2,0.0,False,"2(8,9)(11,10)5(6,14)13(1,4,15)7,16,12-3",6,1,0.0,False,"(*2,8,9)(11,10)(5,14)6(13,15,16)(1,4)7-12-3",6,2,0.0,False,6,良馬場発表ではあるものの、前週とは一転して時計の掛かる馬場。
202006050507,7,2歳未勝利,芝,1600,曇,良,13:15,2020-12-19,中山,13,6,12,2018103445,ウエスタンアミーゴ,牝2,54,05386,戸崎圭太,1:38.9,2,15-15-15,36.6,287.9,12,406(+8),01174,[東]深山雅史,929006,西川賢,,,,,,,"8(2,9)(5,10)11(1,6,13,14)(4,7,15)16(3,12)",15,2,0.0,False,"2(8,9)(11,10)5(6,14)13(1,4,15)7,16,12-3",15,1,3.0,False,"(*2,8,9)(11,10)(5,14)6(13,15,16)(1,4)7-12-3",15,1,3.5,False,6,良馬場発表ではあるものの、前週とは一転して時計の掛かる馬場。
202006050507,7,2歳未勝利,芝,1600,曇,良,13:15,2020-12-19,中山,14,1,2,2018106186,カシマポポ,牝2,54,01091,丹内祐次,1:38.9,クビ,2-1-1,38.1,749.1,16,448(-4),01169,[東]加藤士津,813007,松浦一久,,,,,,,"8(2,9)(5,10)11(1,6,13,14)(4,7,15)16(3,12)",2,2,0.0,False,"2(8,9)(11,10)5(6,14)13(1,4,15)7,16,12-3",1,1,0.0,False,"(*2,8,9)(11,10)(5,14)6(13,15,16)(1,4)7-12-3",1,3,0.0,True,6,良馬場発表ではあるものの、前週とは一転して時計の掛かる馬場。
202006050507,7,2歳未勝利,芝,1600,曇,良,13:15,2020-12-19,中山,15,2,3,2018100585,ワンモアナイン,牝2,53,01178,斎藤新,1:39.8,5,15-16-16,37.0,449.2,14,456(+4),01005,[東]小桧山悟,331006,本杉芳郎,,,,,,,"8(2,9)(5,10)11(1,6,13,14)(4,7,15)16(3,12)",15,2,0.0,False,"2(8,9)(11,10)5(6,14)13(1,4,15)7,16,12-3",16,1,6.5,False,"(*2,8,9)(11,10)(5,14)6(13,15,16)(1,4)7-12-3",16,1,7.0,False,6,良馬場発表ではあるものの、前週とは一転して時計の掛かる馬場。
202006050507,7,2歳未勝利,芝,1600,曇,良,13:15,2020-12-19,中山,16,1,1,2018106789,ハルモニア,牝2,53,01167,木幡育也,1:41.5,10,7-10-12,39.7,510.1,15,430(+6),01167,[東]稲垣幸雄,188800,ＹＧＧホースクラブ,,,,,,,"8(2,9)(5,10)11(1,6,13,14)(4,7,15)16(3,12)",7,4,0.0,False,"2(8,9)(11,10)5(6,14)13(1,4,15)7,16,12-3",10,3,0.0,False,"(*2,8,9)(11,10)(5,14)6(13,15,16)(1,4)7-12-3",12,2,0.0,False,6,良馬場発表ではあるものの、前週とは一転して時計の掛かる馬場。
202006050508,8,3歳以上1勝クラス,ダ,2500,曇,良,13:45,2020-12-19,中山,1,3,3,2017104721,サトノパシュート,牡3,55,05339,ルメール,2:45.0,,3-3-2-2,38.5,2.2,1,472(0),01053,[西]角居勝彦,075803,サトミホースカンパニ...,760.0,"(*4,9)3-2-6,11(8,7)(5,10)   1",3,1,0.0,False,"(*4,9)3,2-6(11,7)8,10,5   1",3,1,0.0,False,"(4,*9,3)2(6,11,7)10,8-5   1",2,3,0.0,False,"(*9,3)-2(4,11,7)10,6(8,5)   1",2,2,0.0,False,9,
202006050508,8,3歳以上1勝クラス,ダ,2500,曇,良,13:45,2020-12-19,中山,2,8,10,2017100450,トップリーチ,牡3,55,01122,三浦皇成,2:45.2,3/4,9-9-8-7,38.1,9.8,5,458(+4),01024,[東]萱野浩二,358031,紅露純,300.0,"(*4,9)3-2-6,11(8,7)(5,10)   1",9,2,8.5,False,"(*4,9)3,2-6(11,7)8,10,5   1",9,1,6.5,False,"(4,*9,3)2(6,11,7)10,8-5   1",8,1,0.0,False,"(*9,3)-2(4,11,7)10,6(8,5)   1",7,1,3.5,False,9,
202006050508,8,3歳以上1勝クラス,ダ,2500,曇,良,13:45,2020-12-19,中山,3,6,7,2017100725,カッティングロック,牡3,55,01151,井上敏樹,2:45.2,クビ,7-6-5-4,38.3,5.1,3,512(-8),01020,[東]相沢郁,812008,石瀬浩三,190.0,"(*4,9)3-2-6,11(8,7)(5,10)   1",7,2,8.5,False,"(*4,9)3,2-6(11,7)8,10,5   1",6,2,5.0,False,"(4,*9,3)2(6,11,7)10,8-5   1",5,3,0.0,False,"(*9,3)-2(4,11,7)10,6(8,5)   1",4,3,3.5,False,9,
202006050508,8,3歳以上1勝クラス,ダ,2500,曇,良,13:45,2020-12-19,中山,4,2,2,2017104682,カフェキング,牡3,55,01077,石橋脩,2:45.9,4,4-4-4-3,39.3,4.6,2,476(0),01070,[東]堀宣行,629007,西川光一,110.0,"(*4,9)3-2-6,11(8,7)(5,10)   1",4,1,3.5,False,"(*4,9)3,2-6(11,7)8,10,5   1",4,1,1.5,False,"(4,*9,3)2(6,11,7)10,8-5   1",4,1,0.0,False,"(*9,3)-2(4,11,7)10,6(8,5)   1",3,1,3.5,False,9,
202006050508,8,3歳以上1勝クラス,ダ,2500,曇,良,13:45,2020-12-19,中山,5,7,9,2017104314,レアリザトゥール,牡3,55,01169,武藤雅,2:46.3,2.1/2,2-2-1-1,39.9,6.5,4,468(+8),01171,[東]小手川準,065803,京都ホースレーシング,76.0,"(*4,9)3-2-6,11(8,7)(5,10)   1",2,2,0.0,False,"(*4,9)3,2-6(11,7)8,10,5   1",2,2,0.0,False,"(4,*9,3)2(6,11,7)10,8-5   1",1,3,0.0,True,"(*9,3)-2(4,11,7)10,6(8,5)   1",1,2,0.0,True,9,
202006050508,8,3歳以上1勝クラス,ダ,2500,曇,良,13:45,2020-12-19,中山,6,8,11,2016101579,マコトネネキリマル,牡4,57,01092,津村明秀,2:46.7,2.1/2,6-6-5-4,39.9,21.1,6,458(0),01177,[東]伊坂重信,864800,ディアマント,,"(*4,9)3-2-6,11(8,7)(5,10)   1",6,1,8.5,False,"(*4,9)3,2-6(11,7)8,10,5   1",6,2,5.0,False,"(4,*9,3)2(6,11,7)10,8-5   1",5,3,0.0,False,"(*9,3)-2(4,11,7)10,6(8,5)   1",4,3,3.5,False,9,
202006050508,8,3歳以上1勝クラス,ダ,2500,曇,良,13:45,2020-12-19,中山,7,5,5,2017105033,ルカ,牡3,55,01174,岩田望来,2:47.6,5,9-10-10-9,39.9,25.4,7,486(+6),01054,[東]戸田博文,208008,窪田芳郎,,"(*4,9)3-2-6,11(8,7)(5,10)   1",9,2,8.5,False,"(*4,9)3,2-6(11,7)8,10,5   1",10,1,8.0,False,"(4,*9,3)2(6,11,7)10,8-5   1",10,1,5.0,False,"(*9,3)-2(4,11,7)10,6(8,5)   1",9,2,5.0,False,9,
202006050508,8,3歳以上1勝クラス,ダ,2500,曇,良,13:45,2020-12-19,中山,8,7,8,2015100559,トモジャタイクーン,牡5,57,01170,横山武史,2:47.6,クビ,7-8-9-9,40.2,36.0,8,506(+4),01026,[東]鈴木伸尋,905033,吉冨学,,"(*4,9)3-2-6,11(8,7)(5,10)   1",7,2,8.5,False,"(*4,9)3,2-6(11,7)8,10,5   1",8,1,5.0,False,"(4,*9,3)2(6,11,7)10,8-5   1",9,1,1.5,False,"(*9,3)-2(4,11,7)10,6(8,5)   1",9,2,5.0,False,9,
202006050508,8,3歳以上1勝クラス,ダ,2500,曇,良,13:45,2020-12-19,中山,9,6,6,2017101436,ウインエアフォルク,牡3,55,01158,野中悠太,2:48.3,4,5-5-5-8,41.4,59.5,9,466(0),01029,[東]根本康広,863033,成富直行,,"(*4,9)3-2-6,11(8,7)(5,10)   1",5,1,7.0,False,"(*4,9)3,2-6(11,7)8,10,5   1",5,1,5.0,False,"(4,*9,3)2(6,11,7)10,8-5   1",5,3,0.0,False,"(*9,3)-2(4,11,7)10,6(8,5)   1",8,1,5.0,False,9,
202006050508,8,3歳以上1勝クラス,ダ,2500,曇,良,13:45,2020-12-19,中山,10,4,4,2015109031,ハンドリー,牝5,55,00684,田中勝春,2:48.4,3/4,1-1-2-4,41.9,104.0,10,474(+14),01093,[東]松永康利,687033,大倉佑介,,"(*4,9)3-2-6,11(8,7)(5,10)   1",1,2,0.0,True,"(*4,9)3,2-6(11,7)8,10,5   1",1,2,0.0,True,"(4,*9,3)2(6,11,7)10,8-5   1",2,3,0.0,False,"(*9,3)-2(4,11,7)10,6(8,5)   1",4,3,3.5,False,9,
202006050508,8,3歳以上1勝クラス,ダ,2500,曇,良,13:45,2020-12-19,中山,除,1,1,2017103825,ピースボヌール,牡3,55,00422,内田博幸,,,,,---,,502(+2),01086,[東]斎藤誠,072803,スリーエイチレーシン...,,"(*4,9)3-2-6,11(8,7)(5,10)   1",11,1,14.5,False,"(*4,9)3,2-6(11,7)8,10,5   1",11,1,14.0,False,"(4,*9,3)2(6,11,7)10,8-5   1",11,1,11.0,False,"(*9,3)-2(4,11,7)10,6(8,5)   1",11,1,11.0,False,9,
202006050509,9,ひいらぎ賞(1勝),芝,1600,曇,良,14:15,2020-12-19,中山,1,5,6,2018110007,シュネルマイスター,牡2,55,05339,ルメール,1:35.8,,5-6-4,35.4,1.9,1,474(+14),01038,[東]手塚貴久,226800,サンデーレーシング,"1,035.2",,,,,,"1,8,4,5(3,6,9,11)2(7,10)12",5,4,4.5,False,"(*1,4)(3,8)5(6,9)2(7,11)-12,10",6,2,0.0,False,"4(1,3)(6,8,5)7(2,9)12,11=10",4,3,0.0,False,6,良馬場発表ではあるものの、前週とは一転して時計の掛かる馬場。
202006050509,9,ひいらぎ賞(1勝),芝,1600,曇,良,14:15,2020-12-19,中山,2,2,2,2018103560,ワザモノ,牡2,55,01109,黛弘人,1:36.3,3,9-8-8,35.6,16.6,6,504(+4),01103,[東]尾関知人,854800,ノルマンディーサラブ...,407.2,,,,,,"1,8,4,5(3,6,9,11)2(7,10)12",9,1,4.5,False,"(*1,4)(3,8)5(6,9)2(7,11)-12,10",8,1,0.0,False,"4(1,3)(6,8,5)7(2,9)12,11=10",8,2,0.0,False,6,良馬場発表ではあるものの、前週とは一転して時計の掛かる馬場。
202006050509,9,ひいらぎ賞(1勝),芝,1600,曇,良,14:15,2020-12-19,中山,3,5,5,2018100226,アラビアンナイト,牝2,54,05386,戸崎圭太,1:36.4,3/4,4-5-4,36.1,3.6,2,428(+2),01027,[東]田村康仁,087803,ＨｉｍＲｏｃｋＲａｃ...,253.6,,,,,,"1,8,4,5(3,6,9,11)2(7,10)12",4,1,4.5,False,"(*1,4)(3,8)5(6,9)2(7,11)-12,10",5,1,0.0,False,"4(1,3)(6,8,5)7(2,9)12,11=10",4,3,0.0,False,6,良馬場発表ではあるものの、前週とは一転して時計の掛かる馬場。
202006050509,9,ひいらぎ賞(1勝),芝,1600,曇,良,14:15,2020-12-19,中山,4,4,4,2018103517,コスモアシュラ,牡2,55,01009,柴田大知,1:36.5,3/4,3-2-1,36.5,21.0,7,506(+6),01010,[東]中野栄治,760008,岡田繁幸,150.0,,,,,,"1,8,4,5(3,6,9,11)2(7,10)12",3,1,3.0,False,"(*1,4)(3,8)5(6,9)2(7,11)-12,10",2,2,0.0,False,"4(1,3)(6,8,5)7(2,9)12,11=10",1,1,0.0,False,6,良馬場発表ではあるものの、前週とは一転して時計の掛かる馬場。
202006050509,9,ひいらぎ賞(1勝),芝,1600,曇,良,14:15,2020-12-19,中山,5,3,3,2018104961,アヴァノス,牡2,55,01127,丸山元気,1:36.5,ハナ,5-3-2,36.3,10.8,3,458(0),01114,[東]和田正一,790005,吉田勝己,101.0,,,,,,"1,8,4,5(3,6,9,11)2(7,10)12",5,4,4.5,False,"(*1,4)(3,8)5(6,9)2(7,11)-12,10",3,2,0.0,False,"4(1,3)(6,8,5)7(2,9)12,11=10",2,2,0.0,False,6,良馬場発表ではあるものの、前週とは一転して時計の掛かる馬場。
202006050509,9,ひいらぎ賞(1勝),芝,1600,曇,良,14:15,2020-12-19,中山,6,8,12,2018101642,ウインミニヨン,牝2,54,01092,津村明秀,1:36.7,1.1/2,12-11-10,35.4,15.6,5,400(-6),01173,[西]長谷川浩,494800,ウイン,,,,,,,"1,8,4,5(3,6,9,11)2(7,10)12",12,1,4.5,False,"(*1,4)(3,8)5(6,9)2(7,11)-12,10",11,1,3.5,False,"4(1,3)(6,8,5)7(2,9)12,11=10",10,1,0.0,False,6,良馬場発表ではあるものの、前週とは一転して時計の掛かる馬場。
202006050509,9,ひいらぎ賞(1勝),芝,1600,曇,良,14:15,2020-12-19,中山,7,7,9,2018101640,グロリユーノワール,牝2,54,01158,野中悠太,1:37.0,1.1/2,5-6-8,36.5,75.4,9,440(-2),01080,[東]清水英克,030803,コスモヴューファーム,,,,,,,"1,8,4,5(3,6,9,11)2(7,10)12",5,4,4.5,False,"(*1,4)(3,8)5(6,9)2(7,11)-12,10",6,2,0.0,False,"4(1,3)(6,8,5)7(2,9)12,11=10",8,2,0.0,False,6,良馬場発表ではあるものの、前週とは一転して時計の掛かる馬場。
202006050509,9,ひいらぎ賞(1勝),芝,1600,曇,良,14:15,2020-12-19,中山,8,8,11,2018104460,サクセスエース,牡2,55,01153,木幡初也,1:37.5,3.1/2,5-9-11,36.7,96.9,10,484(+12),01152,[東]竹内正洋,639009,鈴木芳夫,,,,,,,"1,8,4,5(3,6,9,11)2(7,10)12",5,4,4.5,False,"(*1,4)(3,8)5(6,9)2(7,11)-12,10",9,2,0.0,False,"4(1,3)(6,8,5)7(2,9)12,11=10",11,1,1.5,False,6,良馬場発表ではあるものの、前週とは一転して時計の掛かる馬場。
202006050509,9,ひいらぎ賞(1勝),芝,1600,曇,良,14:15,2020-12-19,中山,9,6,7,2018103296,サニーオーシャン,牡2,55,01075,田辺裕信,1:37.8,1.1/2,10-9-7,37.0,13.9,4,452(0),01010,[東]中野栄治,471002,海原聖一,,,,,,,"1,8,4,5(3,6,9,11)2(7,10)12",10,2,4.5,False,"(*1,4)(3,8)5(6,9)2(7,11)-12,10",9,2,0.0,False,"4(1,3)(6,8,5)7(2,9)12,11=10",7,1,0.0,False,6,良馬場発表ではあるものの、前週とは一転して時計の掛かる馬場。
202006050509,9,ひいらぎ賞(1勝),芝,1600,曇,良,14:15,2020-12-19,中山,10,1,1,2018104041,マウンテンムスメ,牝2,54,00689,江田照男,1:38.5,4,1-1-2,38.6,202.9,12,452(-4),01010,[東]中野栄治,772002,西村新一郎,,,,,,,"1,8,4,5(3,6,9,11)2(7,10)12",1,1,0.0,False,"(*1,4)(3,8)5(6,9)2(7,11)-12,10",1,2,0.0,True,"4(1,3)(6,8,5)7(2,9)12,11=10",2,2,0.0,False,6,良馬場発表ではあるものの、前週とは一転して時計の掛かる馬場。
202006050509,9,ひいらぎ賞(1勝),芝,1600,曇,良,14:15,2020-12-19,中山,11,6,8,2018101455,マルス,牡2,55,01162,木幡巧也,1:38.6,クビ,2-3-4,38.5,60.9,8,440(+6),01051,[東]岩戸孝樹,855030,田頭勇貴,,,,,,,"1,8,4,5(3,6,9,11)2(7,10)12",2,1,1.5,False,"(*1,4)(3,8)5(6,9)2(7,11)-12,10",3,2,0.0,False,"4(1,3)(6,8,5)7(2,9)12,11=10",4,3,0.0,False,6,良馬場発表ではあるものの、前週とは一転して時計の掛かる馬場。
202006050509,9,ひいらぎ賞(1勝),芝,1600,曇,良,14:15,2020-12-19,中山,12,7,10,2018104117,トーセンマッシモ,牡2,55,00684,田中勝春,1:40.4,大,10-12-12,38.8,127.5,11,492(+8),00420,[東]宗像義忠,270006,島川隆哉,,,,,,,"1,8,4,5(3,6,9,11)2(7,10)12",10,2,4.5,False,"(*1,4)(3,8)5(6,9)2(7,11)-12,10",12,1,5.0,False,"4(1,3)(6,8,5)7(2,9)12,11=10",12,1,7.5,False,6,良馬場発表ではあるものの、前週とは一転して時計の掛かる馬場。
202006050510,10,仲冬S(3勝),ダ,1800,曇,良,14:50,2020-12-19,中山,1,4,7,2017105555,シェダル,牡3,56,01170,横山武史,1:54.3,,5-6-5-6,37.8,11.3,5,530(+2),01127,[東]栗田徹,506800,シルクレーシング,"1,858.5","12,9(2,13)(4,7,8)1-(3,5)(6,14)11,16-(15,10)",5,3,1.5,False,"12(9,13)(2,8)(4,7)1-(3,5)(6,14)11,16-(15,10)",6,2,0.0,False,"(*12,9)(13,8)(2,4,7)14(1,3,5,16)(6,11)10,15",5,3,0.0,False,"(*12,9)13(2,8)(4,7)(1,3,14,16)5(6,11)(15,10)",6,2,0.0,False,9,
202006050510,10,仲冬S(3勝),ダ,1800,曇,良,14:50,2020-12-19,中山,2,5,9,2017105395,ライトウォーリア,牡3,56,01095,吉田隼人,1:54.4,1/2,2-2-2-2,38.3,7.7,3,502(+14),01117,[西]高野友和,486800,キャロットファーム,741.0,"12,9(2,13)(4,7,8)1-(3,5)(6,14)11,16-(15,10)",2,1,1.5,False,"12(9,13)(2,8)(4,7)1-(3,5)(6,14)11,16-(15,10)",2,2,0.0,False,"(*12,9)(13,8)(2,4,7)14(1,3,5,16)(6,11)10,15",2,2,0.0,False,"(*12,9)13(2,8)(4,7)(1,3,14,16)5(6,11)(15,10)",2,2,0.0,False,9,
202006050510,10,仲冬S(3勝),ダ,1800,曇,良,14:50,2020-12-19,中山,3,7,13,2015100222,ウインフォルティス,牡5,57,01018,和田竜二,1:54.5,1/2,3-2-3-3,38.3,23.6,7,506(+10),00425,[西]加用正,494800,ウイン,465.5,"12,9(2,13)(4,7,8)1-(3,5)(6,14)11,16-(15,10)",3,2,1.5,False,"12(9,13)(2,8)(4,7)1-(3,5)(6,14)11,16-(15,10)",2,2,0.0,False,"(*12,9)(13,8)(2,4,7)14(1,3,5,16)(6,11)10,15",3,2,0.0,False,"(*12,9)13(2,8)(4,7)(1,3,14,16)5(6,11)(15,10)",3,1,0.0,False,9,
202006050510,10,仲冬S(3勝),ダ,1800,曇,良,14:50,2020-12-19,中山,4,6,11,2016103327,エンダウメント,牡4,57,01025,勝浦正樹,1:54.7,1.1/4,13-13-13-13,37.7,28.6,9,492(-10),01121,[西]角田晃一,003060,ゴドルフィン,270.0,"12,9(2,13)(4,7,8)1-(3,5)(6,14)11,16-(15,10)",13,1,5.0,False,"12(9,13)(2,8)(4,7)1-(3,5)(6,14)11,16-(15,10)",13,1,3.5,False,"(*12,9)(13,8)(2,4,7)14(1,3,5,16)(6,11)10,15",13,2,0.0,False,"(*12,9)13(2,8)(4,7)(1,3,14,16)5(6,11)(15,10)",13,2,0.0,False,9,
202006050510,10,仲冬S(3勝),ダ,1800,曇,良,14:50,2020-12-19,中山,5,4,8,2017106553,ゼノヴァース,牡3,56,05339,ルメール,1:54.7,ハナ,5-4-3-4,38.4,1.9,1,464(+2),00386,[東]藤沢和雄,046803,フクキタル,182.0,"12,9(2,13)(4,7,8)1-(3,5)(6,14)11,16-(15,10)",5,3,1.5,False,"12(9,13)(2,8)(4,7)1-(3,5)(6,14)11,16-(15,10)",4,2,0.0,False,"(*12,9)(13,8)(2,4,7)14(1,3,5,16)(6,11)10,15",3,2,0.0,False,"(*12,9)13(2,8)(4,7)(1,3,14,16)5(6,11)(15,10)",4,2,0.0,False,9,
202006050510,10,仲冬S(3勝),ダ,1800,曇,良,14:50,2020-12-19,中山,6,2,4,2015100958,ライジングドラゴン,牡5,57,01150,石川裕紀,1:54.8,1/2,5-6-5-6,38.4,37.8,10,450(+4),01101,[西]吉田直弘,820009,鈴木義孝,,"12,9(2,13)(4,7,8)1-(3,5)(6,14)11,16-(15,10)",5,3,1.5,False,"12(9,13)(2,8)(4,7)1-(3,5)(6,14)11,16-(15,10)",6,2,0.0,False,"(*12,9)(13,8)(2,4,7)14(1,3,5,16)(6,11)10,15",5,3,0.0,False,"(*12,9)13(2,8)(4,7)(1,3,14,16)5(6,11)(15,10)",6,2,0.0,False,9,
202006050510,10,仲冬S(3勝),ダ,1800,曇,良,14:50,2020-12-19,中山,7,6,12,2016104992,キャンディスイート,牝4,55,01122,三浦皇成,1:54.9,1/2,1-1-1-1,38.8,7.0,2,482(+8),01081,[東]中川公成,310007,吉田千津,,"12,9(2,13)(4,7,8)1-(3,5)(6,14)11,16-(15,10)",1,1,0.0,False,"12(9,13)(2,8)(4,7)1-(3,5)(6,14)11,16-(15,10)",1,1,0.0,False,"(*12,9)(13,8)(2,4,7)14(1,3,5,16)(6,11)10,15",1,2,0.0,True,"(*12,9)13(2,8)(4,7)(1,3,14,16)5(6,11)(15,10)",1,2,0.0,True,9,
202006050510,10,仲冬S(3勝),ダ,1800,曇,良,14:50,2020-12-19,中山,8,5,10,2017105789,メイショウダジン,牡3,56,01009,柴田大知,1:54.9,クビ,15-15-15-15,37.7,12.8,6,464(-2),01083,[西]松永昌博,523005,松本好雄,,"12,9(2,13)(4,7,8)1-(3,5)(6,14)11,16-(15,10)",15,2,10.0,False,"12(9,13)(2,8)(4,7)1-(3,5)(6,14)11,16-(15,10)",15,2,8.5,False,"(*12,9)(13,8)(2,4,7)14(1,3,5,16)(6,11)10,15",15,1,0.0,False,"(*12,9)13(2,8)(4,7)(1,3,14,16)5(6,11)(15,10)",15,2,0.0,False,9,
202006050510,10,仲冬S(3勝),ダ,1800,曇,良,14:50,2020-12-19,中山,9,2,3,2016100908,ベルキューズ,牝4,55,00422,内田博幸,1:55.0,クビ,9-9-9-8,38.3,266.1,15,496(+6),01147,[東]武井亮,032800,ローレルレーシング,,"12,9(2,13)(4,7,8)1-(3,5)(6,14)11,16-(15,10)",9,2,5.0,False,"12(9,13)(2,8)(4,7)1-(3,5)(6,14)11,16-(15,10)",9,2,3.5,False,"(*12,9)(13,8)(2,4,7)14(1,3,5,16)(6,11)10,15",9,4,0.0,False,"(*12,9)13(2,8)(4,7)(1,3,14,16)5(6,11)(15,10)",8,4,0.0,False,9,
202006050510,10,仲冬S(3勝),ダ,1800,曇,良,14:50,2020-12-19,中山,10,1,2,2017103280,バンクオブクラウズ,牡3,56,01034,酒井学,1:55.2,1.1/4,3-4-5-4,38.8,7.8,4,514(+2),01166,[西]石坂公一,854800,ノルマンディーサラブ...,,"12,9(2,13)(4,7,8)1-(3,5)(6,14)11,16-(15,10)",3,2,1.5,False,"12(9,13)(2,8)(4,7)1-(3,5)(6,14)11,16-(15,10)",4,2,0.0,False,"(*12,9)(13,8)(2,4,7)14(1,3,5,16)(6,11)10,15",5,3,0.0,False,"(*12,9)13(2,8)(4,7)(1,3,14,16)5(6,11)(15,10)",4,2,0.0,False,9,
202006050510,10,仲冬S(3勝),ダ,1800,曇,良,14:50,2020-12-19,中山,11,8,15,2017100811,デルマオニキス,牡3,56,01140,横山和生,1:55.2,クビ,15-15-16-15,37.7,25.2,8,480(-2),01047,[東]勢司和浩,274002,浅沼廣幸,,"12,9(2,13)(4,7,8)1-(3,5)(6,14)11,16-(15,10)",15,2,10.0,False,"12(9,13)(2,8)(4,7)1-(3,5)(6,14)11,16-(15,10)",15,2,8.5,False,"(*12,9)(13,8)(2,4,7)14(1,3,5,16)(6,11)10,15",16,1,1.5,False,"(*12,9)13(2,8)(4,7)(1,3,14,16)5(6,11)(15,10)",15,2,0.0,False,9,
202006050510,10,仲冬S(3勝),ダ,1800,曇,良,14:50,2020-12-19,中山,12,7,14,2014105599,リフトトゥヘヴン,牡6,57,01154,松若風馬,1:55.5,1.1/2,11-11-8-8,38.9,111.8,12,490(0),01059,[東]加藤征弘,922030,丸山担,,"12,9(2,13)(4,7,8)1-(3,5)(6,14)11,16-(15,10)",11,2,5.0,False,"12(9,13)(2,8)(4,7)1-(3,5)(6,14)11,16-(15,10)",11,2,3.5,False,"(*12,9)(13,8)(2,4,7)14(1,3,5,16)(6,11)10,15",8,1,0.0,False,"(*12,9)13(2,8)(4,7)(1,3,14,16)5(6,11)(15,10)",8,4,0.0,False,9,
202006050510,10,仲冬S(3勝),ダ,1800,曇,良,14:50,2020-12-19,中山,13,8,16,2016102362,エターナルヴィテス,牡4,57,00684,田中勝春,1:55.7,1.1/2,14-14-9-8,38.9,252.4,14,478(+4),01100,[東]松山将樹,062007,永井廣司,,"12,9(2,13)(4,7,8)1-(3,5)(6,14)11,16-(15,10)",14,1,6.5,False,"12(9,13)(2,8)(4,7)1-(3,5)(6,14)11,16-(15,10)",14,1,5.0,False,"(*12,9)(13,8)(2,4,7)14(1,3,5,16)(6,11)10,15",9,4,0.0,False,"(*12,9)13(2,8)(4,7)(1,3,14,16)5(6,11)(15,10)",8,4,0.0,False,9,
202006050510,10,仲冬S(3勝),ダ,1800,曇,良,14:50,2020-12-19,中山,14,3,6,2014105851,ビービーガウディ,牡6,57,01096,大野拓弥,1:56.2,2.1/2,11-11-13-13,39.2,108.9,11,486(+6),01067,[東]久保田貴,185800,坂東牧場,,"12,9(2,13)(4,7,8)1-(3,5)(6,14)11,16-(15,10)",11,2,5.0,False,"12(9,13)(2,8)(4,7)1-(3,5)(6,14)11,16-(15,10)",11,2,3.5,False,"(*12,9)(13,8)(2,4,7)14(1,3,5,16)(6,11)10,15",13,2,0.0,False,"(*12,9)13(2,8)(4,7)(1,3,14,16)5(6,11)(15,10)",13,2,0.0,False,9,
202006050510,10,仲冬S(3勝),ダ,1800,曇,良,14:50,2020-12-19,中山,15,3,5,2014106091,ダンサクドゥーロ,牡6,57,01174,岩田望来,1:56.3,1/2,9-9-9-12,39.5,190.4,13,532(+6),01083,[西]松永昌博,790005,吉田勝己,,"12,9(2,13)(4,7,8)1-(3,5)(6,14)11,16-(15,10)",9,2,5.0,False,"12(9,13)(2,8)(4,7)1-(3,5)(6,14)11,16-(15,10)",9,2,3.5,False,"(*12,9)(13,8)(2,4,7)14(1,3,5,16)(6,11)10,15",9,4,0.0,False,"(*12,9)13(2,8)(4,7)(1,3,14,16)5(6,11)(15,10)",12,1,0.0,False,9,
202006050510,10,仲冬S(3勝),ダ,1800,曇,良,14:50,2020-12-19,中山,16,1,1,2014100899,ビッグアイランド,牡6,57,01127,丸山元気,1:58.8,大,8-8-9-8,42.0,302.0,16,536(+8),01155,[西]渡辺薫彦,948006,前田幸治,,"12,9(2,13)(4,7,8)1-(3,5)(6,14)11,16-(15,10)",8,1,1.5,False,"12(9,13)(2,8)(4,7)1-(3,5)(6,14)11,16-(15,10)",8,1,0.0,False,"(*12,9)(13,8)(2,4,7)14(1,3,5,16)(6,11)10,15",9,4,0.0,False,"(*12,9)13(2,8)(4,7)(1,3,14,16)5(6,11)(15,10)",8,4,0.0,False,9,
202006050511,11,第6回ターコイズS(GIII),芝,1600,曇,良,15:25,2020-12-19,中山,1,4,8,2017102342,スマイルカナ,牝3,54,01009,柴田大知,1:34.6,,2-3-3,35.7,4.8,1,436(+10),00359,[東]高橋祥泰,760008,岡田繁幸,"3,658.1",,,,,,"16,8(4,10,12)(5,9)(2,3,14)(7,11)1(6,15)13",2,1,1.5,False,"16,12-8,4(5,10,14)(2,3,9,15)11(1,7)6-13",3,1,5.0,False,"16,12-8,4(5,14,15)(2,3)10(1,6,9)7(13,11)",3,1,5.0,False,6,良馬場発表ではあるものの、前週とは一転して時計の掛かる馬場。
202006050511,11,第6回ターコイズS(GIII),芝,1600,曇,良,15:25,2020-12-19,中山,2,3,5,2016104349,アンドラステ,牝4,54,01174,岩田望来,1:34.6,ハナ,6-5-5,35.4,6.7,3,470(0),01137,[西]中内田充,415800,社台レースホース,"1,416.6",,,,,,"16,8(4,10,12)(5,9)(2,3,14)(7,11)1(6,15)13",6,2,1.5,False,"16,12-8,4(5,10,14)(2,3,9,15)11(1,7)6-13",5,3,6.5,False,"16,12-8,4(5,14,15)(2,3)10(1,6,9)7(13,11)",5,3,6.5,False,6,良馬場発表ではあるものの、前週とは一転して時計の掛かる馬場。
202006050511,11,第6回ターコイズS(GIII),芝,1600,曇,良,15:25,2020-12-19,中山,3,2,3,2016104593,フェアリーポルカ,牝4,56,01018,和田竜二,1:34.8,1.1/4,8-8-8,35.4,14.6,9,506(+8),01148,[西]西村真幸,610033,山本剛士,908.3,,,,,,"16,8(4,10,12)(5,9)(2,3,14)(7,11)1(6,15)13",8,3,1.5,False,"16,12-8,4(5,10,14)(2,3,9,15)11(1,7)6-13",8,4,6.5,False,"16,12-8,4(5,14,15)(2,3)10(1,6,9)7(13,11)",8,2,6.5,False,6,良馬場発表ではあるものの、前週とは一転して時計の掛かる馬場。
202006050511,11,第6回ターコイズS(GIII),芝,1600,曇,良,15:25,2020-12-19,中山,4,7,13,2017105366,シーズンズギフト,牝3,53,01092,津村明秀,1:34.9,1/2,16-16-15,34.8,11.7,7,486(-4),01133,[東]黒岩陽一,486800,キャロットファーム,540.0,,,,,,"16,8(4,10,12)(5,9)(2,3,14)(7,11)1(6,15)13",16,1,1.5,False,"16,12-8,4(5,10,14)(2,3,9,15)11(1,7)6-13",16,1,10.0,False,"16,12-8,4(5,14,15)(2,3)10(1,6,9)7(13,11)",15,2,6.5,False,6,良馬場発表ではあるものの、前週とは一転して時計の掛かる馬場。
202006050511,11,第6回ターコイズS(GIII),芝,1600,曇,良,15:25,2020-12-19,中山,5,2,4,2017105193,ビッククインバイオ,牝3,53,05386,戸崎圭太,1:35.0,1/2,3-4-4,35.9,33.0,12,482(0),01106,[東]牧光二,930800,バイオ,360.0,,,,,,"16,8(4,10,12)(5,9)(2,3,14)(7,11)1(6,15)13",3,3,1.5,False,"16,12-8,4(5,10,14)(2,3,9,15)11(1,7)6-13",4,1,6.5,False,"16,12-8,4(5,14,15)(2,3)10(1,6,9)7(13,11)",4,1,6.5,False,6,良馬場発表ではあるものの、前週とは一転して時計の掛かる馬場。
202006050511,11,第6回ターコイズS(GIII),芝,1600,曇,良,15:25,2020-12-19,中山,6,3,6,2017100437,インターミッション,牝3,53,01150,石川裕紀,1:35.0,クビ,14-15-11,35.2,9.0,5,410(-4),01038,[東]手塚貴久,362800,下河辺牧場,,,,,,,"16,8(4,10,12)(5,9)(2,3,14)(7,11)1(6,15)13",14,2,1.5,False,"16,12-8,4(5,10,14)(2,3,9,15)11(1,7)6-13",15,1,6.5,False,"16,12-8,4(5,14,15)(2,3)10(1,6,9)7(13,11)",11,3,6.5,False,6,良馬場発表ではあるものの、前週とは一転して時計の掛かる馬場。
202006050511,11,第6回ターコイズS(GIII),芝,1600,曇,良,15:25,2020-12-19,中山,7,7,14,2016105198,ランブリングアレー,牝4,55,01095,吉田隼人,1:35.1,3/4,8-5-5,35.8,5.0,2,470(-8),01061,[西]友道康夫,415800,社台レースホース,,,,,,,"16,8(4,10,12)(5,9)(2,3,14)(7,11)1(6,15)13",8,3,1.5,False,"16,12-8,4(5,10,14)(2,3,9,15)11(1,7)6-13",5,3,6.5,False,"16,12-8,4(5,14,15)(2,3)10(1,6,9)7(13,11)",5,3,6.5,False,6,良馬場発表ではあるものの、前週とは一転して時計の掛かる馬場。
202006050511,11,第6回ターコイズS(GIII),芝,1600,曇,良,15:25,2020-12-19,中山,8,8,15,2016104512,スイープセレリタス,牝4,53,01127,丸山元気,1:35.2,クビ,14-8-5,35.8,108.8,14,518(+8),00386,[東]藤沢和雄,506800,シルクレーシング,,,,,,,"16,8(4,10,12)(5,9)(2,3,14)(7,11)1(6,15)13",14,2,1.5,False,"16,12-8,4(5,10,14)(2,3,9,15)11(1,7)6-13",8,4,6.5,False,"16,12-8,4(5,14,15)(2,3)10(1,6,9)7(13,11)",5,3,6.5,False,6,良馬場発表ではあるものの、前週とは一転して時計の掛かる馬場。
202006050511,11,第6回ターコイズS(GIII),芝,1600,曇,良,15:25,2020-12-19,中山,9,1,2,2017105541,シャインガーネット,牝3,54,01075,田辺裕信,1:35.3,1/2,8-8-8,35.9,10.2,6,476(+12),01127,[東]栗田徹,849030,山口功一郎,,,,,,,"16,8(4,10,12)(5,9)(2,3,14)(7,11)1(6,15)13",8,3,1.5,False,"16,12-8,4(5,10,14)(2,3,9,15)11(1,7)6-13",8,4,6.5,False,"16,12-8,4(5,14,15)(2,3)10(1,6,9)7(13,11)",8,2,6.5,False,6,良馬場発表ではあるものの、前週とは一転して時計の掛かる馬場。
202006050511,11,第6回ターコイズS(GIII),芝,1600,曇,良,15:25,2020-12-19,中山,10,4,7,2016104807,ドナウデルタ,牝4,55,05339,ルメール,1:35.3,アタマ,11-13-14,35.7,7.9,4,448(+4),01022,[西]石坂正,226800,サンデーレーシング,,,,,,,"16,8(4,10,12)(5,9)(2,3,14)(7,11)1(6,15)13",11,2,1.5,False,"16,12-8,4(5,10,14)(2,3,9,15)11(1,7)6-13",13,2,6.5,False,"16,12-8,4(5,14,15)(2,3)10(1,6,9)7(13,11)",14,1,6.5,False,6,良馬場発表ではあるものの、前週とは一転して時計の掛かる馬場。
202006050511,11,第6回ターコイズS(GIII),芝,1600,曇,良,15:25,2020-12-19,中山,11,1,1,2015104720,レッドレグナント,牝5,52,01169,武藤雅,1:35.5,1.1/4,13-13-11,35.9,241.7,16,492(+6),01102,[東]大竹正博,180800,東京ホースレーシング,,,,,,,"16,8(4,10,12)(5,9)(2,3,14)(7,11)1(6,15)13",13,1,1.5,False,"16,12-8,4(5,10,14)(2,3,9,15)11(1,7)6-13",13,2,6.5,False,"16,12-8,4(5,14,15)(2,3)10(1,6,9)7(13,11)",11,3,6.5,False,6,良馬場発表ではあるものの、前週とは一転して時計の掛かる馬場。
202006050511,11,第6回ターコイズS(GIII),芝,1600,曇,良,15:25,2020-12-19,中山,12,6,12,2017102822,クリスティ,牝3,53,01154,松若風馬,1:35.6,クビ,3-2-2,37.1,14.6,8,486(0),01157,[西]杉山晴紀,040030,薪浦英稔,,,,,,,"16,8(4,10,12)(5,9)(2,3,14)(7,11)1(6,15)13",3,3,1.5,False,"16,12-8,4(5,10,14)(2,3,9,15)11(1,7)6-13",2,1,1.5,False,"16,12-8,4(5,14,15)(2,3)10(1,6,9)7(13,11)",2,1,1.5,False,6,良馬場発表ではあるものの、前週とは一転して時計の掛かる馬場。
202006050511,11,第6回ターコイズS(GIII),芝,1600,曇,良,15:25,2020-12-19,中山,13,5,9,2015104921,アロハリリー,牝5,54,01034,酒井学,1:35.6,ハナ,6-8-11,36.2,70.9,13,462(-2),01117,[西]高野友和,790005,吉田勝己,,,,,,,"16,8(4,10,12)(5,9)(2,3,14)(7,11)1(6,15)13",6,2,1.5,False,"16,12-8,4(5,10,14)(2,3,9,15)11(1,7)6-13",8,4,6.5,False,"16,12-8,4(5,14,15)(2,3)10(1,6,9)7(13,11)",11,3,6.5,False,6,良馬場発表ではあるものの、前週とは一転して時計の掛かる馬場。
202006050511,11,第6回ターコイズS(GIII),芝,1600,曇,良,15:25,2020-12-19,中山,14,6,11,2017105485,サンクテュエール,牝3,54,01043,北村宏司,1:35.8,1.1/4,11-12-15,36.3,28.2,11,472(+16),00386,[東]藤沢和雄,486800,キャロットファーム,,,,,,,"16,8(4,10,12)(5,9)(2,3,14)(7,11)1(6,15)13",11,2,1.5,False,"16,12-8,4(5,10,14)(2,3,9,15)11(1,7)6-13",12,1,6.5,False,"16,12-8,4(5,14,15)(2,3)10(1,6,9)7(13,11)",15,2,6.5,False,6,良馬場発表ではあるものの、前週とは一転して時計の掛かる馬場。
202006050511,11,第6回ターコイズS(GIII),芝,1600,曇,良,15:25,2020-12-19,中山,15,5,10,2015103392,モルフェオルフェ,牝5,52,00689,江田照男,1:36.0,1.1/2,3-5-10,36.8,141.6,15,460(+4),01012,[東]大江原哲,404002,並河賢一郎,,,,,,,"16,8(4,10,12)(5,9)(2,3,14)(7,11)1(6,15)13",3,3,1.5,False,"16,12-8,4(5,10,14)(2,3,9,15)11(1,7)6-13",5,3,6.5,False,"16,12-8,4(5,14,15)(2,3)10(1,6,9)7(13,11)",10,1,6.5,False,6,良馬場発表ではあるものの、前週とは一転して時計の掛かる馬場。
202006050511,11,第6回ターコイズS(GIII),芝,1600,曇,良,15:25,2020-12-19,中山,16,8,16,2015104387,トロワゼトワル,牝5,57,01178,斎藤新,1:36.3,2,1-1-1,38.0,22.7,10,464(+2),00438,[西]安田隆行,415800,社台レースホース,,,,,,,"16,8(4,10,12)(5,9)(2,3,14)(7,11)1(6,15)13",1,1,0.0,False,"16,12-8,4(5,10,14)(2,3,9,15)11(1,7)6-13",1,1,0.0,False,"16,12-8,4(5,14,15)(2,3)10(1,6,9)7(13,11)",1,1,0.0,False,6,良馬場発表ではあるものの、前週とは一転して時計の掛かる馬場。
202006050512,12,3歳以上2勝クラス,芝,2000,曇,良,16:01,2020-12-19,中山,1,7,12,2015105003,ムーンライトナイト,牝5,55,01095,吉田隼人,2:04.5,,15-15-11-9,35.2,19.1,6,454(+10),01067,[東]久保田貴,506800,シルクレーシング,"1,100.0","13(1,3)4,5,15(2,8,10)14(6,7,9)11-12",15,1,6.5,False,"13(1,3)(5,4)2(8,15)(6,10)(7,14)(9,11)12",15,1,0.0,False,"13(1,3,4)(2,5,15)(6,8)10(12,7,14)(9,11)",11,3,0.0,False,"13(2,1,3)(6,5,4)15(12,8)(9,7,10)14,11",9,2,0.0,False,6,良馬場発表ではあるものの、前週とは一転して時計の掛かる馬場。
202006050512,12,3歳以上2勝クラス,芝,2000,曇,良,16:01,2020-12-19,中山,2,2,2,2016104262,アップライトスピン,牝4,55,01075,田辺裕信,2:04.5,クビ,7-6-5-2,35.8,7.5,4,480(-2),01150,[東]池上昌和,486800,キャロットファーム,440.0,"13(1,3)4,5,15(2,8,10)14(6,7,9)11-12",7,3,3.0,False,"13(1,3)(5,4)2(8,15)(6,10)(7,14)(9,11)12",6,1,0.0,False,"13(1,3,4)(2,5,15)(6,8)10(12,7,14)(9,11)",5,3,0.0,False,"13(2,1,3)(6,5,4)15(12,8)(9,7,10)14,11",2,3,0.0,False,6,良馬場発表ではあるものの、前週とは一転して時計の掛かる馬場。
202006050512,12,3歳以上2勝クラス,芝,2000,曇,良,16:01,2020-12-19,中山,3,4,6,2016100587,フラル,牝4,55,01034,酒井学,2:04.5,クビ,11-9-8-5,35.4,217.3,14,472(+2),01078,[西]北出成人,788800,ノースヒルズ,280.0,"13(1,3)4,5,15(2,8,10)14(6,7,9)11-12",11,3,3.0,False,"13(1,3)(5,4)2(8,15)(6,10)(7,14)(9,11)12",9,2,0.0,False,"13(1,3,4)(2,5,15)(6,8)10(12,7,14)(9,11)",8,2,0.0,False,"13(2,1,3)(6,5,4)15(12,8)(9,7,10)14,11",5,3,0.0,False,6,良馬場発表ではあるものの、前週とは一転して時計の掛かる馬場。
202006050512,12,3歳以上2勝クラス,芝,2000,曇,良,16:01,2020-12-19,中山,4,8,15,2016104352,ガロシェ,牝4,55,05212,Ｍ．デム,2:04.7,3/4,6-7-5-8,35.9,6.7,3,462(0),01054,[東]戸田博文,226800,サンデーレーシング,170.0,"13(1,3)4,5,15(2,8,10)14(6,7,9)11-12",6,1,3.0,False,"13(1,3)(5,4)2(8,15)(6,10)(7,14)(9,11)12",7,2,0.0,False,"13(1,3,4)(2,5,15)(6,8)10(12,7,14)(9,11)",5,3,0.0,False,"13(2,1,3)(6,5,4)15(12,8)(9,7,10)14,11",8,1,0.0,False,6,良馬場発表ではあるものの、前週とは一転して時計の掛かる馬場。
202006050512,12,3歳以上2勝クラス,芝,2000,曇,良,16:01,2020-12-19,中山,5,5,9,2017106203,アカイイト,牝3,54,01122,三浦皇成,2:04.8,1,11-13-14-11,35.2,4.5,2,502(+6),01039,[西]中竹和也,370008,岡浩二,110.0,"13(1,3)4,5,15(2,8,10)14(6,7,9)11-12",11,3,3.0,False,"13(1,3)(5,4)2(8,15)(6,10)(7,14)(9,11)12",13,2,0.0,False,"13(1,3,4)(2,5,15)(6,8)10(12,7,14)(9,11)",14,2,0.0,False,"13(2,1,3)(6,5,4)15(12,8)(9,7,10)14,11",11,3,0.0,False,6,良馬場発表ではあるものの、前週とは一転して時計の掛かる馬場。
202006050512,12,3歳以上2勝クラス,芝,2000,曇,良,16:01,2020-12-19,中山,6,7,13,2015105960,カサーレ,牝5,55,00689,江田照男,2:05.0,1.1/4,1-1-1-1,36.6,147.6,13,444(-8),01176,[西]吉岡辰弥,994002,飯田正剛,,"13(1,3)4,5,15(2,8,10)14(6,7,9)11-12",1,1,0.0,False,"13(1,3)(5,4)2(8,15)(6,10)(7,14)(9,11)12",1,1,0.0,False,"13(1,3,4)(2,5,15)(6,8)10(12,7,14)(9,11)",1,1,0.0,False,"13(2,1,3)(6,5,4)15(12,8)(9,7,10)14,11",1,1,0.0,False,6,良馬場発表ではあるものの、前週とは一転して時計の掛かる馬場。
202006050512,12,3歳以上2勝クラス,芝,2000,曇,良,16:01,2020-12-19,中山,7,3,5,2016100634,ベストクィーン,牝4,55,01018,和田竜二,2:05.0,ハナ,5-4-5-5,36.3,82.3,11,420(-4),00434,[西]西橋豊治,307033,田畑富子,,"13(1,3)4,5,15(2,8,10)14(6,7,9)11-12",5,1,1.5,False,"13(1,3)(5,4)2(8,15)(6,10)(7,14)(9,11)12",4,2,0.0,False,"13(1,3,4)(2,5,15)(6,8)10(12,7,14)(9,11)",5,3,0.0,False,"13(2,1,3)(6,5,4)15(12,8)(9,7,10)14,11",5,3,0.0,False,6,良馬場発表ではあるものの、前週とは一転して時計の掛かる馬場。
202006050512,12,3歳以上2勝クラス,芝,2000,曇,良,16:01,2020-12-19,中山,8,5,8,2017104970,ルヴェルソー,牝3,54,01096,大野拓弥,2:05.3,1.1/2,7-7-8-9,36.3,13.3,5,446(+2),01162,[東]田中博康,148800,グリーンファーム,,"13(1,3)4,5,15(2,8,10)14(6,7,9)11-12",7,3,3.0,False,"13(1,3)(5,4)2(8,15)(6,10)(7,14)(9,11)12",7,2,0.0,False,"13(1,3,4)(2,5,15)(6,8)10(12,7,14)(9,11)",8,2,0.0,False,"13(2,1,3)(6,5,4)15(12,8)(9,7,10)14,11",9,2,0.0,False,6,良馬場発表ではあるものの、前週とは一転して時計の掛かる馬場。
202006050512,12,3歳以上2勝クラス,芝,2000,曇,良,16:01,2020-12-19,中山,9,6,11,2014104031,ハローユニコーン,牝6,55,05386,戸崎圭太,2:05.6,1.3/4,14-13-14-15,35.9,73.1,10,476(+12),01046,[西]鮫島一歩,888800,ＣＨＥＶＡＬＡＴＴＡ...,,"13(1,3)4,5,15(2,8,10)14(6,7,9)11-12",14,1,3.0,False,"13(1,3)(5,4)2(8,15)(6,10)(7,14)(9,11)12",13,2,0.0,False,"13(1,3,4)(2,5,15)(6,8)10(12,7,14)(9,11)",14,2,0.0,False,"13(2,1,3)(6,5,4)15(12,8)(9,7,10)14,11",15,1,1.5,False,6,良馬場発表ではあるものの、前週とは一転して時計の掛かる馬場。
202006050512,12,3歳以上2勝クラス,芝,2000,曇,良,16:01,2020-12-19,中山,10,2,3,2016104596,フォークテイル,牝4,55,01170,横山武史,2:05.7,1/2,2-2-2-2,37.2,31.6,7,448(+4),01081,[東]中川公成,226800,サンデーレーシング,,"13(1,3)4,5,15(2,8,10)14(6,7,9)11-12",2,2,0.0,False,"13(1,3)(5,4)2(8,15)(6,10)(7,14)(9,11)12",2,2,0.0,False,"13(1,3,4)(2,5,15)(6,8)10(12,7,14)(9,11)",2,3,0.0,False,"13(2,1,3)(6,5,4)15(12,8)(9,7,10)14,11",2,3,0.0,False,6,良馬場発表ではあるものの、前週とは一転して時計の掛かる馬場。
202006050512,12,3歳以上2勝クラス,芝,2000,曇,良,16:01,2020-12-19,中山,10,8,14,2016104520,スコッチリール,牝4,54,01178,斎藤新,2:05.7,同着,10-11-11-14,36.3,257.9,15,468(+2),01163,[東]林徹,226800,サンデーレーシング,,"13(1,3)4,5,15(2,8,10)14(6,7,9)11-12",10,1,3.0,False,"13(1,3)(5,4)2(8,15)(6,10)(7,14)(9,11)12",11,2,0.0,False,"13(1,3,4)(2,5,15)(6,8)10(12,7,14)(9,11)",11,3,0.0,False,"13(2,1,3)(6,5,4)15(12,8)(9,7,10)14,11",14,1,0.0,False,6,良馬場発表ではあるものの、前週とは一転して時計の掛かる馬場。
202006050512,12,3歳以上2勝クラス,芝,2000,曇,良,16:01,2020-12-19,中山,12,4,7,2017105308,フェアリーグルーヴ,牝3,54,01127,丸山元気,2:05.7,クビ,11-11-11-11,36.3,59.8,9,434(-6),01134,[東]高橋文雅,226800,サンデーレーシング,,"13(1,3)4,5,15(2,8,10)14(6,7,9)11-12",11,3,3.0,False,"13(1,3)(5,4)2(8,15)(6,10)(7,14)(9,11)12",11,2,0.0,False,"13(1,3,4)(2,5,15)(6,8)10(12,7,14)(9,11)",11,3,0.0,False,"13(2,1,3)(6,5,4)15(12,8)(9,7,10)14,11",11,3,0.0,False,6,良馬場発表ではあるものの、前週とは一転して時計の掛かる馬場。
202006050512,12,3歳以上2勝クラス,芝,2000,曇,良,16:01,2020-12-19,中山,13,1,1,2016110056,ファインスティール,牝4,55,01174,岩田望来,2:05.8,クビ,2-2-2-2,37.3,34.6,8,516(0),01176,[西]吉岡辰弥,851009,岡田牧雄,,"13(1,3)4,5,15(2,8,10)14(6,7,9)11-12",2,2,0.0,False,"13(1,3)(5,4)2(8,15)(6,10)(7,14)(9,11)12",2,2,0.0,False,"13(1,3,4)(2,5,15)(6,8)10(12,7,14)(9,11)",2,3,0.0,False,"13(2,1,3)(6,5,4)15(12,8)(9,7,10)14,11",2,3,0.0,False,6,良馬場発表ではあるものの、前週とは一転して時計の掛かる馬場。
202006050512,12,3歳以上2勝クラス,芝,2000,曇,良,16:01,2020-12-19,中山,14,3,4,2016105305,フラッシングジェム,牝4,55,01169,武藤雅,2:05.9,3/4,4-4-2-5,37.4,98.7,12,472(-4),01124,[東]大和田成,415800,社台レースホース,,"13(1,3)4,5,15(2,8,10)14(6,7,9)11-12",4,1,0.0,False,"13(1,3)(5,4)2(8,15)(6,10)(7,14)(9,11)12",4,2,0.0,False,"13(1,3,4)(2,5,15)(6,8)10(12,7,14)(9,11)",2,3,0.0,False,"13(2,1,3)(6,5,4)15(12,8)(9,7,10)14,11",5,3,0.0,False,6,良馬場発表ではあるものの、前週とは一転して時計の掛かる馬場。
202006050512,12,3歳以上2勝クラス,芝,2000,曇,良,16:01,2020-12-19,中山,15,6,10,2017105480,マッチレスノヴェル,牝3,54,05339,ルメール,2:06.8,5,7-9-10-11,37.6,2.0,1,460(0),01097,[東]鹿戸雄一,790005,吉田勝己,,"13(1,3)4,5,15(2,8,10)14(6,7,9)11-12",7,3,3.0,False,"13(1,3)(5,4)2(8,15)(6,10)(7,14)(9,11)12",9,2,0.0,False,"13(1,3,4)(2,5,15)(6,8)10(12,7,14)(9,11)",10,1,0.0,False,"13(2,1,3)(6,5,4)15(12,8)(9,7,10)14,11",11,3,0.0,False,6,良馬場発表ではあるものの、前週とは一転して時計の掛かる馬場。
202009060501,1,2歳未勝利,ダ,1800,曇,良,10:10,2020-12-19,阪神,1,8,16,2018100897,ウェルドーン,牝2,54,01088,川田将雅,1:55.9,,3-3-3-2,39.7,1.9,1,494(-2),01121,[西]角田晃一,271008,安原浩司,510.0,"(*2,3)-(1,12,16)5(6,13)7,8(4,15)9(11,14)10",3,3,3.5,False,"2,3(1,16)12(6,5)13(4,7)8(11,15)-9(10,14)",3,2,1.5,False,"(*2,3)16(1,6)5(13,12)8(4,7)-(11,15)9,10-14",3,1,0.0,False,"(*3,16)(2,6,5)(13,12)8(7,9)(1,4,10)(11,15,14)",2,2,0.0,False,2,
202009060501,1,2歳未勝利,ダ,1800,曇,良,10:10,2020-12-19,阪神,2,6,12,2018104796,レヴィーアクイーン,牝2,53,01180,団野大成,1:56.9,6,3-5-7-6,40.2,22.3,7,480(-8),01104,[西]笹田和秀,140031,奥田貴敏,200.0,"(*2,3)-(1,12,16)5(6,13)7,8(4,15)9(11,14)10",3,3,3.5,False,"2,3(1,16)12(6,5)13(4,7)8(11,15)-9(10,14)",5,1,1.5,False,"(*2,3)16(1,6)5(13,12)8(4,7)-(11,15)9,10-14",7,2,0.0,False,"(*3,16)(2,6,5)(13,12)8(7,9)(1,4,10)(11,15,14)",6,2,0.0,False,2,
202009060501,1,2歳未勝利,ダ,1800,曇,良,10:10,2020-12-19,阪神,3,3,5,2018102794,レディアリエス,牝2,54,05203,岩田康誠,1:57.0,1/2,6-6-6-3,40.6,5.2,2,476(+2),01154,[西]橋口慎介,321800,友駿ホースクラブ,130.0,"(*2,3)-(1,12,16)5(6,13)7,8(4,15)9(11,14)10",6,1,3.5,False,"2,3(1,16)12(6,5)13(4,7)8(11,15)-9(10,14)",6,2,1.5,False,"(*2,3)16(1,6)5(13,12)8(4,7)-(11,15)9,10-14",6,1,0.0,False,"(*3,16)(2,6,5)(13,12)8(7,9)(1,4,10)(11,15,14)",3,3,0.0,False,2,
202009060501,1,2歳未勝利,ダ,1800,曇,良,10:10,2020-12-19,阪神,4,3,6,2018105106,アイリスクォーツ,牝2,54,01102,北村友一,1:57.0,ハナ,7-6-4-3,40.6,17.2,6,512(0),01117,[西]高野友和,486800,キャロットファーム,77.0,"(*2,3)-(1,12,16)5(6,13)7,8(4,15)9(11,14)10",7,2,3.5,False,"2,3(1,16)12(6,5)13(4,7)8(11,15)-9(10,14)",6,2,1.5,False,"(*2,3)16(1,6)5(13,12)8(4,7)-(11,15)9,10-14",4,2,0.0,False,"(*3,16)(2,6,5)(13,12)8(7,9)(1,4,10)(11,15,14)",3,3,0.0,False,2,
202009060501,1,2歳未勝利,ダ,1800,曇,良,10:10,2020-12-19,阪神,5,4,8,2018100565,アスターベルデ,牝2,54,01014,福永祐一,1:57.1,1/2,10-11-9-8,40.2,8.7,4,498(+4),01039,[西]中竹和也,935003,加藤久枝,51.0,"(*2,3)-(1,12,16)5(6,13)7,8(4,15)9(11,14)10",10,1,5.0,False,"2,3(1,16)12(6,5)13(4,7)8(11,15)-9(10,14)",11,1,1.5,False,"(*2,3)16(1,6)5(13,12)8(4,7)-(11,15)9,10-14",9,1,0.0,False,"(*3,16)(2,6,5)(13,12)8(7,9)(1,4,10)(11,15,14)",8,1,0.0,False,2,
202009060501,1,2歳未勝利,ダ,1800,曇,良,10:10,2020-12-19,阪神,6,5,9,2018104784,ビブラマリエ,牝2,54,01163,坂井瑠星,1:58.0,5,13-14-14-9,40.7,117.7,9,444(0),01149,[西]松下武士,415800,社台レースホース,,"(*2,3)-(1,12,16)5(6,13)7,8(4,15)9(11,14)10",13,1,5.0,False,"2,3(1,16)12(6,5)13(4,7)8(11,15)-9(10,14)",14,1,5.0,False,"(*2,3)16(1,6)5(13,12)8(4,7)-(11,15)9,10-14",14,1,3.5,False,"(*3,16)(2,6,5)(13,12)8(7,9)(1,4,10)(11,15,14)",9,2,0.0,False,2,
202009060501,1,2歳未勝利,ダ,1800,曇,良,10:10,2020-12-19,阪神,7,5,10,2018103153,エスケイダンサー,牝2,54,01125,国分優作,1:58.1,3/4,16-15-15-11,40.5,820.7,16,426(-2),01016,[西]西浦勝一,139031,伊藤輔則,,"(*2,3)-(1,12,16)5(6,13)7,8(4,15)9(11,14)10",16,1,5.0,False,"2,3(1,16)12(6,5)13(4,7)8(11,15)-9(10,14)",15,2,5.0,False,"(*2,3)16(1,6)5(13,12)8(4,7)-(11,15)9,10-14",15,1,5.0,False,"(*3,16)(2,6,5)(13,12)8(7,9)(1,4,10)(11,15,14)",11,3,0.0,False,2,
202009060501,1,2歳未勝利,ダ,1800,曇,良,10:10,2020-12-19,阪神,8,7,13,2018103324,チョコラータ,牝2,54,01099,鮫島良太,1:58.2,クビ,7-8-7-6,41.6,531.2,15,464(0),01159,[西]高柳大輔,021006,新木鈴子,,"(*2,3)-(1,12,16)5(6,13)7,8(4,15)9(11,14)10",7,2,3.5,False,"2,3(1,16)12(6,5)13(4,7)8(11,15)-9(10,14)",8,1,1.5,False,"(*2,3)16(1,6)5(13,12)8(4,7)-(11,15)9,10-14",7,2,0.0,False,"(*3,16)(2,6,5)(13,12)8(7,9)(1,4,10)(11,15,14)",6,2,0.0,False,2,
202009060501,1,2歳未勝利,ダ,1800,曇,良,10:10,2020-12-19,阪神,9,2,3,2018105601,ヒロノクイーン,牝2,54,01166,川又賢治,1:58.3,1/2,2-2-2-1,42.2,7.7,3,476(-10),01158,[西]寺島良,807800,サンエイ開発,,"(*2,3)-(1,12,16)5(6,13)7,8(4,15)9(11,14)10",2,2,0.0,False,"2,3(1,16)12(6,5)13(4,7)8(11,15)-9(10,14)",2,1,1.5,False,"(*2,3)16(1,6)5(13,12)8(4,7)-(11,15)9,10-14",2,2,0.0,False,"(*3,16)(2,6,5)(13,12)8(7,9)(1,4,10)(11,15,14)",1,2,0.0,True,2,
202009060501,1,2歳未勝利,ダ,1800,曇,良,10:10,2020-12-19,阪神,10,4,7,2018102824,トーホウサキ,牝2,54,05525,藤井勘一,1:58.6,2,9-9-10-9,41.5,373.6,13,442(+4),01166,[西]石坂公一,965800,東豊物産,,"(*2,3)-(1,12,16)5(6,13)7,8(4,15)9(11,14)10",9,1,3.5,False,"2,3(1,16)12(6,5)13(4,7)8(11,15)-9(10,14)",9,2,1.5,False,"(*2,3)16(1,6)5(13,12)8(4,7)-(11,15)9,10-14",10,2,0.0,False,"(*3,16)(2,6,5)(13,12)8(7,9)(1,4,10)(11,15,14)",9,2,0.0,False,2,
202009060501,1,2歳未勝利,ダ,1800,曇,良,10:10,2020-12-19,阪神,11,7,14,2018104132,サクラトップキセキ,牝2,54,01124,国分恭介,1:58.9,1.3/4,14-15-16-14,40.8,122.7,10,454(-2),01069,[西]中尾秀正,018803,トップフェロウ,,"(*2,3)-(1,12,16)5(6,13)7,8(4,15)9(11,14)10",14,2,5.0,False,"2,3(1,16)12(6,5)13(4,7)8(11,15)-9(10,14)",15,2,5.0,False,"(*2,3)16(1,6)5(13,12)8(4,7)-(11,15)9,10-14",16,1,8.5,False,"(*3,16)(2,6,5)(13,12)8(7,9)(1,4,10)(11,15,14)",14,3,0.0,False,2,
202009060501,1,2歳未勝利,ダ,1800,曇,良,10:10,2020-12-19,阪神,12,2,4,2018105537,テイケイラハイナ,牝2,54,01114,田中健,1:59.4,3,11-9-10-11,42.3,144.3,11,432(-8),01095,[西]荒川義之,840008,兼松忠男,,"(*2,3)-(1,12,16)5(6,13)7,8(4,15)9(11,14)10",11,2,5.0,False,"2,3(1,16)12(6,5)13(4,7)8(11,15)-9(10,14)",9,2,1.5,False,"(*2,3)16(1,6)5(13,12)8(4,7)-(11,15)9,10-14",10,2,0.0,False,"(*3,16)(2,6,5)(13,12)8(7,9)(1,4,10)(11,15,14)",11,3,0.0,False,2,
202009060501,1,2歳未勝利,ダ,1800,曇,良,10:10,2020-12-19,阪神,13,6,11,2018106456,メイショウサチヒメ,牝2,54,01015,古川吉洋,1:59.4,ハナ,14-12-12-14,42.0,295.8,12,440(-2),01083,[西]松永昌博,523005,松本好雄,,"(*2,3)-(1,12,16)5(6,13)7,8(4,15)9(11,14)10",14,2,5.0,False,"2,3(1,16)12(6,5)13(4,7)8(11,15)-9(10,14)",12,2,1.5,False,"(*2,3)16(1,6)5(13,12)8(4,7)-(11,15)9,10-14",12,2,3.5,False,"(*3,16)(2,6,5)(13,12)8(7,9)(1,4,10)(11,15,14)",14,3,0.0,False,2,
202009060501,1,2歳未勝利,ダ,1800,曇,良,10:10,2020-12-19,阪神,14,8,15,2018105581,クリノス,牝2,54,01147,城戸義政,2:00.6,7,11-12-12-14,43.2,462.5,14,446(+8),01166,[西]石坂公一,051030,阿部榮乃進,,"(*2,3)-(1,12,16)5(6,13)7,8(4,15)9(11,14)10",11,2,5.0,False,"2,3(1,16)12(6,5)13(4,7)8(11,15)-9(10,14)",12,2,1.5,False,"(*2,3)16(1,6)5(13,12)8(4,7)-(11,15)9,10-14",12,2,3.5,False,"(*3,16)(2,6,5)(13,12)8(7,9)(1,4,10)(11,15,14)",14,3,0.0,False,2,
202009060501,1,2歳未勝利,ダ,1800,曇,良,10:10,2020-12-19,阪神,15,1,2,2018102653,ワンダーハート,牝2,54,01126,松山弘平,2:01.9,8,1-1-1-3,45.9,12.7,5,448(-4),01085,[西]小崎憲,184033,山本能成,,"(*2,3)-(1,12,16)5(6,13)7,8(4,15)9(11,14)10",1,2,0.0,True,"2,3(1,16)12(6,5)13(4,7)8(11,15)-9(10,14)",1,1,0.0,False,"(*2,3)16(1,6)5(13,12)8(4,7)-(11,15)9,10-14",1,2,0.0,True,"(*3,16)(2,6,5)(13,12)8(7,9)(1,4,10)(11,15,14)",3,3,0.0,False,2,
202009060501,1,2歳未勝利,ダ,1800,曇,良,10:10,2020-12-19,阪神,中,1,1,2018100092,ナムラテス,牝2,54,01130,高倉稜,,,3-3-4-11,,51.0,8,502(+2),01157,[西]杉山晴紀,972002,奈村睦弘,,"(*2,3)-(1,12,16)5(6,13)7,8(4,15)9(11,14)10",3,3,3.5,False,"2,3(1,16)12(6,5)13(4,7)8(11,15)-9(10,14)",3,2,1.5,False,"(*2,3)16(1,6)5(13,12)8(4,7)-(11,15)9,10-14",4,2,0.0,False,"(*3,16)(2,6,5)(13,12)8(7,9)(1,4,10)(11,15,14)",11,3,0.0,False,2,
202009060502,2,2歳未勝利,ダ,1200,曇,良,10:40,2020-12-19,阪神,1,6,11,2018106560,メイショウヒューマ,牡2,55,01093,藤岡佑介,1:13.4,,1-1,38.1,1.2,1,488(0),01062,[西]藤岡健一,523005,松本好雄,510.0,,,,,,,,,,,"11(12,14,16)1(10,13)(2,4,15)-(8,9)-3(5,6,7)",1,1,0.0,False,"(*11,12)14(1,10,16)(4,13)2,15-(8,9)-5=(6,7,3)",1,2,0.0,True,2,
202009060502,2,2歳未勝利,ダ,1200,曇,良,10:40,2020-12-19,阪神,2,5,10,2018101964,アルムファーツリー,牝2,54,01126,松山弘平,1:13.7,1.3/4,6-4,38.0,16.3,4,456(+4),01003,[西]川村禎彦,899030,崎川美枝子,200.0,,,,,,,,,,,"11(12,14,16)1(10,13)(2,4,15)-(8,9)-3(5,6,7)",6,2,0.0,False,"(*11,12)14(1,10,16)(4,13)2,15-(8,9)-5=(6,7,3)",4,3,0.0,False,2,
202009060502,2,2歳未勝利,ダ,1200,曇,良,10:40,2020-12-19,阪神,3,4,8,2018105010,アブルマドール,牡2,55,01163,坂井瑠星,1:14.0,1.3/4,11-11,37.6,31.0,6,464(0),01164,[西]安田翔伍,226800,サンデーレーシング,130.0,,,,,,,,,,,"11(12,14,16)1(10,13)(2,4,15)-(8,9)-3(5,6,7)",11,2,3.5,False,"(*11,12)14(1,10,16)(4,13)2,15-(8,9)-5=(6,7,3)",11,2,5.0,False,2,
202009060502,2,2歳未勝利,ダ,1200,曇,良,10:40,2020-12-19,阪神,4,8,15,2018100891,テンシノエア,牝2,54,00732,幸英明,1:14.0,ハナ,8-10,37.9,105.5,10,428(-6),01022,[西]石坂正,740800,浜本牧場,77.0,,,,,,,,,,,"11(12,14,16)1(10,13)(2,4,15)-(8,9)-3(5,6,7)",8,3,0.0,False,"(*11,12)14(1,10,16)(4,13)2,15-(8,9)-5=(6,7,3)",10,1,1.5,False,2,
202009060502,2,2歳未勝利,ダ,1200,曇,良,10:40,2020-12-19,阪神,5,7,13,2018104363,チェックメイト,牡2,55,00666,武豊,1:14.0,ハナ,6-7,38.2,15.0,3,516(+10),01160,[西]武幸四郎,202033,川勝裕之,51.0,,,,,,,,,,,"11(12,14,16)1(10,13)(2,4,15)-(8,9)-3(5,6,7)",6,2,0.0,False,"(*11,12)14(1,10,16)(4,13)2,15-(8,9)-5=(6,7,3)",7,2,0.0,False,2,
202009060502,2,2歳未勝利,ダ,1200,曇,良,10:40,2020-12-19,阪神,6,6,12,2018102719,フィールドモーリス,牡2,55,05525,藤井勘一,1:14.4,2.1/2,2-2,39.0,348.5,15,448(-4),01028,[西]西園正都,769009,地田勝三,,,,,,,,,,,,"11(12,14,16)1(10,13)(2,4,15)-(8,9)-3(5,6,7)",2,3,0.0,False,"(*11,12)14(1,10,16)(4,13)2,15-(8,9)-5=(6,7,3)",2,2,0.0,False,2,
202009060502,2,2歳未勝利,ダ,1200,曇,良,10:40,2020-12-19,阪神,7,7,14,2018106306,トーホウグロリアス,牡2,55,01102,北村友一,1:14.6,1.1/4,2-3,39.2,6.9,2,490(0),00431,[西]谷潔,965800,東豊物産,,,,,,,,,,,,"11(12,14,16)1(10,13)(2,4,15)-(8,9)-3(5,6,7)",2,3,0.0,False,"(*11,12)14(1,10,16)(4,13)2,15-(8,9)-5=(6,7,3)",3,1,0.0,False,2,
202009060502,2,2歳未勝利,ダ,1200,曇,良,10:40,2020-12-19,阪神,8,2,4,2018101078,アラタマリスト,牝2,54,01037,太宰啓介,1:14.7,1/2,8-7,38.7,315.1,14,436(+2),01138,[西]浜田多実,585030,荒木謙次,,,,,,,,,,,,"11(12,14,16)1(10,13)(2,4,15)-(8,9)-3(5,6,7)",8,3,0.0,False,"(*11,12)14(1,10,16)(4,13)2,15-(8,9)-5=(6,7,3)",7,2,0.0,False,2,
202009060502,2,2歳未勝利,ダ,1200,曇,良,10:40,2020-12-19,阪神,9,1,2,2018101129,グリントスター,牡2,55,01130,高倉稜,1:14.7,ハナ,8-9,38.8,86.8,9,464(+8),01101,[西]吉田直弘,504007,田島政光,,,,,,,,,,,,"11(12,14,16)1(10,13)(2,4,15)-(8,9)-3(5,6,7)",8,3,0.0,False,"(*11,12)14(1,10,16)(4,13)2,15-(8,9)-5=(6,7,3)",9,1,0.0,False,2,
202009060502,2,2歳未勝利,ダ,1200,曇,良,10:40,2020-12-19,阪神,10,8,16,2018110025,メイショウシルト,牡2,54,01180,団野大成,1:14.8,クビ,2-4,39.2,20.1,5,476(+12),01072,[西]河内洋,523005,松本好雄,,,,,,,,,,,,"11(12,14,16)1(10,13)(2,4,15)-(8,9)-3(5,6,7)",2,3,0.0,False,"(*11,12)14(1,10,16)(4,13)2,15-(8,9)-5=(6,7,3)",4,3,0.0,False,2,
202009060502,2,2歳未勝利,ダ,1200,曇,良,10:40,2020-12-19,阪神,11,1,1,2018100022,ショウナンガルーダ,牡2,55,05203,岩田康誠,1:14.8,ハナ,5-4,39.2,33.0,7,430(+2),01129,[西]高橋義忠,331002,国本哲秀,,,,,,,,,,,,"11(12,14,16)1(10,13)(2,4,15)-(8,9)-3(5,6,7)",5,1,0.0,False,"(*11,12)14(1,10,16)(4,13)2,15-(8,9)-5=(6,7,3)",4,3,0.0,False,2,
202009060502,2,2歳未勝利,ダ,1200,曇,良,10:40,2020-12-19,阪神,12,3,5,2018104425,タマモポラリス,牝2,54,01032,池添謙一,1:15.2,2.1/2,14-13,38.0,84.8,8,446(-2),01021,[西]池添兼雄,515800,タマモ,,,,,,,,,,,,"11(12,14,16)1(10,13)(2,4,15)-(8,9)-3(5,6,7)",14,3,7.0,False,"(*11,12)14(1,10,16)(4,13)2,15-(8,9)-5=(6,7,3)",13,1,8.5,False,2,
202009060502,2,2歳未勝利,ダ,1200,曇,良,10:40,2020-12-19,阪神,13,5,9,2018102763,ココナチャン,牝2,54,01147,城戸義政,1:15.5,1.3/4,11-11,39.0,213.2,13,426(-2),01110,[西]清水久詞,762007,川上哲司,,,,,,,,,,,,"11(12,14,16)1(10,13)(2,4,15)-(8,9)-3(5,6,7)",11,2,3.5,False,"(*11,12)14(1,10,16)(4,13)2,15-(8,9)-5=(6,7,3)",11,2,5.0,False,2,
202009060502,2,2歳未勝利,ダ,1200,曇,良,10:40,2020-12-19,阪神,14,4,7,2018100573,タマモキラキラボシ,牝2,54,01124,国分恭介,1:15.6,3/4,14-14,37.5,113.7,11,434(+2),01039,[西]中竹和也,515800,タマモ,,,,,,,,,,,,"11(12,14,16)1(10,13)(2,4,15)-(8,9)-3(5,6,7)",14,3,7.0,False,"(*11,12)14(1,10,16)(4,13)2,15-(8,9)-5=(6,7,3)",14,3,14.5,False,2,
202009060502,2,2歳未勝利,ダ,1200,曇,良,10:40,2020-12-19,阪神,15,3,6,2018101864,ジンジャーミント,牝2,54,01166,川又賢治,1:16.8,7,14-14,39.2,529.1,16,434(0),01091,[西]羽月友彦,482002,水上行雄,,,,,,,,,,,,"11(12,14,16)1(10,13)(2,4,15)-(8,9)-3(5,6,7)",14,3,7.0,False,"(*11,12)14(1,10,16)(4,13)2,15-(8,9)-5=(6,7,3)",14,3,14.5,False,2,
202009060502,2,2歳未勝利,ダ,1200,曇,良,10:40,2020-12-19,阪神,16,2,3,2018103299,アーサーズシスター,牝2,54,01036,竹之下智,1:17.9,7,13-14,39.8,198.1,12,436(0),01160,[西]武幸四郎,646030,中辻明,,,,,,,,,,,,"11(12,14,16)1(10,13)(2,4,15)-(8,9)-3(5,6,7)",13,1,7.0,False,"(*11,12)14(1,10,16)(4,13)2,15-(8,9)-5=(6,7,3)",14,3,14.5,False,2,
202009060503,3,2歳未勝利,ダ,1800,曇,良,11:10,2020-12-19,阪神,1,4,8,2018104876,ユアヒストリー,牡2,54,01180,団野大成,1:56.1,,7-5-5-3,38.6,2.2,1,460(-4),01144,[西]池添学,059700,ユアストーリー,510.0,"1,2,14(4,15)6(8,10)11(5,16,13)9,3,7,12",7,2,3.0,False,"1,2(4,14)(15,8)(6,10)11(5,16)(13,9)3,7-12",5,2,1.5,False,"1(4,2,14)(15,8)6(16,11,10)(5,9,7)-(3,13,12)",5,2,0.0,False,"(*1,14)8(4,15)11(16,7)(6,9,10)(2,12)(5,3,13)",3,1,0.0,False,2,
202009060503,3,2歳未勝利,ダ,1800,曇,良,11:10,2020-12-19,阪神,2,8,15,2018106211,テイエムマグマ,牡2,55,01130,高倉稜,1:56.2,3/4,4-5-5-4,38.7,31.8,7,498(-2),01157,[西]杉山晴紀,356002,竹園正繼,200.0,"1,2,14(4,15)6(8,10)11(5,16,13)9,3,7,12",4,2,3.0,False,"1,2(4,14)(15,8)(6,10)11(5,16)(13,9)3,7-12",5,2,1.5,False,"1(4,2,14)(15,8)6(16,11,10)(5,9,7)-(3,13,12)",5,2,0.0,False,"(*1,14)8(4,15)11(16,7)(6,9,10)(2,12)(5,3,13)",4,2,0.0,False,2,
202009060503,3,2歳未勝利,ダ,1800,曇,良,11:10,2020-12-19,阪神,3,8,16,2018101012,クリノドラゴン,牡2,55,01124,国分恭介,1:56.4,1,10-10-8-7,38.6,12.7,5,478(0),01057,[西]湯窪幸雄,970006,栗本博晴,130.0,"1,2,14(4,15)6(8,10)11(5,16,13)9,3,7,12",10,3,3.0,False,"1,2(4,14)(15,8)(6,10)11(5,16)(13,9)3,7-12",10,2,1.5,False,"1(4,2,14)(15,8)6(16,11,10)(5,9,7)-(3,13,12)",8,3,0.0,False,"(*1,14)8(4,15)11(16,7)(6,9,10)(2,12)(5,3,13)",7,2,0.0,False,2,
202009060503,3,2歳未勝利,ダ,1800,曇,良,11:10,2020-12-19,阪神,4,6,11,2018106219,アスターナランハ,牡2,55,01125,国分優作,1:56.5,クビ,9-9-8-6,38.7,6.4,3,474(+4),01049,[西]南井克巳,935003,加藤久枝,77.0,"1,2,14(4,15)6(8,10)11(5,16,13)9,3,7,12",9,1,3.0,False,"1,2(4,14)(15,8)(6,10)11(5,16)(13,9)3,7-12",9,1,1.5,False,"1(4,2,14)(15,8)6(16,11,10)(5,9,7)-(3,13,12)",8,3,0.0,False,"(*1,14)8(4,15)11(16,7)(6,9,10)(2,12)(5,3,13)",6,1,0.0,False,2,
202009060503,3,2歳未勝利,ダ,1800,曇,良,11:10,2020-12-19,阪神,5,5,9,2018101746,タイスケフェイス,牡2,55,01037,太宰啓介,1:56.5,ハナ,13-12-11-9,38.4,76.7,9,476(-2),01140,[西]石橋守,874033,ＳＴレーシング,51.0,"1,2,14(4,15)6(8,10)11(5,16,13)9,3,7,12",13,1,3.0,False,"1,2(4,14)(15,8)(6,10)11(5,16)(13,9)3,7-12",12,2,1.5,False,"1(4,2,14)(15,8)6(16,11,10)(5,9,7)-(3,13,12)",11,3,0.0,False,"(*1,14)8(4,15)11(16,7)(6,9,10)(2,12)(5,3,13)",9,3,0.0,False,2,
202009060503,3,2歳未勝利,ダ,1800,曇,良,11:10,2020-12-19,阪神,6,7,14,2018103993,キゾク,牡2,55,01032,池添謙一,1:56.7,1.1/4,3-3-2-2,39.5,8.9,4,500(+4),01021,[西]池添兼雄,537006,西村憲人,,"1,2,14(4,15)6(8,10)11(5,16,13)9,3,7,12",3,1,3.0,False,"1,2(4,14)(15,8)(6,10)11(5,16)(13,9)3,7-12",3,2,1.5,False,"1(4,2,14)(15,8)6(16,11,10)(5,9,7)-(3,13,12)",2,3,0.0,False,"(*1,14)8(4,15)11(16,7)(6,9,10)(2,12)(5,3,13)",2,2,0.0,False,2,
202009060503,3,2歳未勝利,ダ,1800,曇,良,11:10,2020-12-19,阪神,7,2,3,2018105738,トーアエレクトロン,牡2,55,01147,城戸義政,1:56.9,3/4,14-14-14-14,38.6,93.1,10,470(0),01091,[西]羽月友彦,784800,高山ランド,,"1,2,14(4,15)6(8,10)11(5,16,13)9,3,7,12",14,1,4.5,False,"1,2(4,14)(15,8)(6,10)11(5,16)(13,9)3,7-12",14,1,1.5,False,"1(4,2,14)(15,8)6(16,11,10)(5,9,7)-(3,13,12)",14,3,3.5,False,"(*1,14)8(4,15)11(16,7)(6,9,10)(2,12)(5,3,13)",14,3,0.0,False,2,
202009060503,3,2歳未勝利,ダ,1800,曇,良,11:10,2020-12-19,阪神,8,2,4,2018100830,ダイシンピスケス,牡2,55,00666,武豊,1:57.2,1.1/2,4-3-2-4,39.9,4.3,2,496(+16),00427,[西]森秀行,929002,大八木信行,,"1,2,14(4,15)6(8,10)11(5,16,13)9,3,7,12",4,2,3.0,False,"1,2(4,14)(15,8)(6,10)11(5,16)(13,9)3,7-12",3,2,1.5,False,"1(4,2,14)(15,8)6(16,11,10)(5,9,7)-(3,13,12)",2,3,0.0,False,"(*1,14)8(4,15)11(16,7)(6,9,10)(2,12)(5,3,13)",4,2,0.0,False,2,
202009060503,3,2歳未勝利,ダ,1800,曇,良,11:10,2020-12-19,阪神,9,1,1,2018106139,モジダスクルーゼス,牡2,55,01163,坂井瑠星,1:57.2,ハナ,1-1-1-1,40.2,381.6,15,502(-2),01101,[西]吉田直弘,952033,二口雅一,,"1,2,14(4,15)6(8,10)11(5,16,13)9,3,7,12",1,1,0.0,False,"1,2(4,14)(15,8)(6,10)11(5,16)(13,9)3,7-12",1,1,0.0,False,"1(4,2,14)(15,8)6(16,11,10)(5,9,7)-(3,13,12)",1,1,0.0,False,"(*1,14)8(4,15)11(16,7)(6,9,10)(2,12)(5,3,13)",1,2,0.0,True,2,
202009060503,3,2歳未勝利,ダ,1800,曇,良,11:10,2020-12-19,阪神,10,6,12,2018101580,グランツエクラ,牡2,55,01099,鮫島良太,1:57.3,3/4,16-16-14-12,38.9,98.7,11,486(-2),01050,[西]飯田雄三,288009,岩崎僖澄,,"1,2,14(4,15)6(8,10)11(5,16,13)9,3,7,12",16,1,7.5,False,"1,2(4,14)(15,8)(6,10)11(5,16)(13,9)3,7-12",16,1,6.5,False,"1(4,2,14)(15,8)6(16,11,10)(5,9,7)-(3,13,12)",14,3,3.5,False,"(*1,14)8(4,15)11(16,7)(6,9,10)(2,12)(5,3,13)",12,2,0.0,False,2,
202009060503,3,2歳未勝利,ダ,1800,曇,良,11:10,2020-12-19,阪神,11,4,7,2018106474,タイキフロリゼル,牡2,55,01093,藤岡佑介,1:58.0,4,15-15-11-7,39.8,17.8,6,472(-2),00362,[西]橋田満,536800,大樹ファーム,,"1,2,14(4,15)6(8,10)11(5,16,13)9,3,7,12",15,1,6.0,False,"1,2(4,14)(15,8)(6,10)11(5,16)(13,9)3,7-12",15,1,3.0,False,"1(4,2,14)(15,8)6(16,11,10)(5,9,7)-(3,13,12)",11,3,0.0,False,"(*1,14)8(4,15)11(16,7)(6,9,10)(2,12)(5,3,13)",7,2,0.0,False,2,
202009060503,3,2歳未勝利,ダ,1800,曇,良,11:10,2020-12-19,阪神,12,5,10,2018106554,メイショウメイスイ,牡2,55,00732,幸英明,1:59.3,8,7-7-8-9,41.4,37.6,8,438(-8),01140,[西]石橋守,523005,松本好雄,,"1,2,14(4,15)6(8,10)11(5,16,13)9,3,7,12",7,2,3.0,False,"1,2(4,14)(15,8)(6,10)11(5,16)(13,9)3,7-12",7,2,1.5,False,"1(4,2,14)(15,8)6(16,11,10)(5,9,7)-(3,13,12)",8,3,0.0,False,"(*1,14)8(4,15)11(16,7)(6,9,10)(2,12)(5,3,13)",9,3,0.0,False,2,
202009060503,3,2歳未勝利,ダ,1800,曇,良,11:10,2020-12-19,阪神,13,3,6,2018102118,ランツァ,牡2,55,05203,岩田康誠,1:59.4,クビ,6-7-7-9,41.8,194.8,13,468(-6),01073,[西]宮本博,788800,ノースヒルズ,,"1,2,14(4,15)6(8,10)11(5,16,13)9,3,7,12",6,1,3.0,False,"1,2(4,14)(15,8)(6,10)11(5,16)(13,9)3,7-12",7,2,1.5,False,"1(4,2,14)(15,8)6(16,11,10)(5,9,7)-(3,13,12)",7,1,0.0,False,"(*1,14)8(4,15)11(16,7)(6,9,10)(2,12)(5,3,13)",9,3,0.0,False,2,
202009060503,3,2歳未勝利,ダ,1800,曇,良,11:10,2020-12-19,阪神,14,7,13,2018106369,サルバトーレミノル,牡2,55,01126,松山弘平,1:59.8,2.1/2,10-12-14-14,41.5,168.9,12,534(0),01099,[西]本田優,265008,吉岡實,,"1,2,14(4,15)6(8,10)11(5,16,13)9,3,7,12",10,3,3.0,False,"1,2(4,14)(15,8)(6,10)11(5,16)(13,9)3,7-12",12,2,1.5,False,"1(4,2,14)(15,8)6(16,11,10)(5,9,7)-(3,13,12)",14,3,3.5,False,"(*1,14)8(4,15)11(16,7)(6,9,10)(2,12)(5,3,13)",14,3,0.0,False,2,
202009060503,3,2歳未勝利,ダ,1800,曇,良,11:10,2020-12-19,阪神,15,3,5,2018106120,マスクトライ,セ2,55,01015,古川吉洋,2:01.6,大,10-10-11-14,43.7,362.4,14,466(-2),01083,[西]松永昌博,905031,萬納寺聖仁,,"1,2,14(4,15)6(8,10)11(5,16,13)9,3,7,12",10,3,3.0,False,"1,2(4,14)(15,8)(6,10)11(5,16)(13,9)3,7-12",10,2,1.5,False,"1(4,2,14)(15,8)6(16,11,10)(5,9,7)-(3,13,12)",11,3,0.0,False,"(*1,14)8(4,15)11(16,7)(6,9,10)(2,12)(5,3,13)",14,3,0.0,False,2,
202009060503,3,2歳未勝利,ダ,1800,曇,良,11:10,2020-12-19,阪神,16,1,2,2018109144,キリシマムテキ,牡2,55,01135,杉原誠人,2:05.6,大,2-2-2-12,48.1,498.8,16,450(-8),00428,[東]石毛善彦,628009,土屋君春,,"1,2,14(4,15)6(8,10)11(5,16,13)9,3,7,12",2,1,1.5,False,"1,2(4,14)(15,8)(6,10)11(5,16)(13,9)3,7-12",2,1,1.5,False,"1(4,2,14)(15,8)6(16,11,10)(5,9,7)-(3,13,12)",2,3,0.0,False,"(*1,14)8(4,15)11(16,7)(6,9,10)(2,12)(5,3,13)",12,2,0.0,False,2,
202009060504,4,2歳未勝利,芝,1800,曇,良,11:40,2020-12-19,阪神,1,1,2,2018105011,ショウナンアレス,牡2,55,01032,池添謙一,1:48.2,,4-2,34.4,3.0,1,520(+4),01021,[西]池添兼雄,331002,国本哲秀,510.0,,,,,,,,,,,"6(1,10)2(7,4,16)17(5,8,13)9(12,11,14)15,18-3",4,1,0.0,False,"6(10,2)(1,16)13(4,17,18,3)(7,14)15(5,8,9)(12,11)",2,2,0.0,False,-9,Bコースに替わって2週目で前週と比べればやや時計は掛かっていたが、それでも速い時計の出るレベル。昼頃、一時的に雨が降ったが、大きな影響はなかった。
202009060504,4,2歳未勝利,芝,1800,曇,良,11:40,2020-12-19,阪神,2,3,6,2018105071,セブンサミット,牡2,55,01014,福永祐一,1:48.2,クビ,1-1,34.5,5.6,4,502(+4),01022,[西]石坂正,486800,キャロットファーム,200.0,,,,,,,,,,,"6(1,10)2(7,4,16)17(5,8,13)9(12,11,14)15,18-3",1,1,0.0,False,"6(10,2)(1,16)13(4,17,18,3)(7,14)15(5,8,9)(12,11)",1,1,0.0,False,-9,Bコースに替わって2週目で前週と比べればやや時計は掛かっていたが、それでも速い時計の出るレベル。昼頃、一時的に雨が降ったが、大きな影響はなかった。
202009060504,4,2歳未勝利,芝,1800,曇,良,11:40,2020-12-19,阪神,3,8,17,2018104881,ジオフロント,牡2,55,01088,川田将雅,1:48.8,3.1/2,8-7,34.7,4.0,2,448(+4),01110,[西]清水久詞,226800,サンデーレーシング,130.0,,,,,,,,,,,"6(1,10)2(7,4,16)17(5,8,13)9(12,11,14)15,18-3",8,1,0.0,False,"6(10,2)(1,16)13(4,17,18,3)(7,14)15(5,8,9)(12,11)",7,4,0.0,False,-9,Bコースに替わって2週目で前週と比べればやや時計は掛かっていたが、それでも速い時計の出るレベル。昼頃、一時的に雨が降ったが、大きな影響はなかった。
202009060504,4,2歳未勝利,芝,1800,曇,良,11:40,2020-12-19,阪神,4,8,16,2018104787,ウラエウス,牡2,55,01163,坂井瑠星,1:49.1,2,5-4,35.2,11.0,5,476(+2),01099,[西]本田優,758005,吉田照哉,77.0,,,,,,,,,,,"6(1,10)2(7,4,16)17(5,8,13)9(12,11,14)15,18-3",5,3,0.0,False,"6(10,2)(1,16)13(4,17,18,3)(7,14)15(5,8,9)(12,11)",4,2,0.0,False,-9,Bコースに替わって2週目で前週と比べればやや時計は掛かっていたが、それでも速い時計の出るレベル。昼頃、一時的に雨が降ったが、大きな影響はなかった。
202009060504,4,2歳未勝利,芝,1800,曇,良,11:40,2020-12-19,阪神,5,1,1,2018101962,タガノイグナイト,牡2,55,00666,武豊,1:49.1,クビ,2-4,35.2,18.0,6,480(+6),00422,[西]五十嵐忠,859002,八木良司,51.0,,,,,,,,,,,"6(1,10)2(7,4,16)17(5,8,13)9(12,11,14)15,18-3",2,2,0.0,False,"6(10,2)(1,16)13(4,17,18,3)(7,14)15(5,8,9)(12,11)",4,2,0.0,False,-9,Bコースに替わって2週目で前週と比べればやや時計は掛かっていたが、それでも速い時計の出るレベル。昼頃、一時的に雨が降ったが、大きな影響はなかった。
202009060504,4,2歳未勝利,芝,1800,曇,良,11:40,2020-12-19,阪神,6,5,10,2018100096,キトゥンズマーチ,牝2,54,05525,藤井勘一,1:49.1,クビ,2-2,35.3,75.1,10,466(-2),01176,[西]吉岡辰弥,854800,ノルマンディーサラブ...,,,,,,,,,,,,"6(1,10)2(7,4,16)17(5,8,13)9(12,11,14)15,18-3",2,2,0.0,False,"6(10,2)(1,16)13(4,17,18,3)(7,14)15(5,8,9)(12,11)",2,2,0.0,False,-9,Bコースに替わって2週目で前週と比べればやや時計は掛かっていたが、それでも速い時計の出るレベル。昼頃、一時的に雨が降ったが、大きな影響はなかった。
202009060504,4,2歳未勝利,芝,1800,曇,良,11:40,2020-12-19,阪神,7,7,15,2018104240,アイコンテーラー,牝2,54,00732,幸英明,1:49.3,1.1/4,16-13,35.0,105.9,11,468(+4),01072,[西]河内洋,730002,中西浩一,,,,,,,,,,,,"6(1,10)2(7,4,16)17(5,8,13)9(12,11,14)15,18-3",16,1,0.0,False,"6(10,2)(1,16)13(4,17,18,3)(7,14)15(5,8,9)(12,11)",13,1,0.0,False,-9,Bコースに替わって2週目で前週と比べればやや時計は掛かっていたが、それでも速い時計の出るレベル。昼頃、一時的に雨が降ったが、大きな影響はなかった。
202009060504,4,2歳未勝利,芝,1800,曇,良,11:40,2020-12-19,阪神,8,2,4,2018106518,スマートブリーズ,牡2,55,01093,藤岡佑介,1:49.4,1/2,5-7,35.3,49.9,7,528(-4),01140,[西]石橋守,007803,大川徹,,,,,,,,,,,,"6(1,10)2(7,4,16)17(5,8,13)9(12,11,14)15,18-3",5,3,0.0,False,"6(10,2)(1,16)13(4,17,18,3)(7,14)15(5,8,9)(12,11)",7,4,0.0,False,-9,Bコースに替わって2週目で前週と比べればやや時計は掛かっていたが、それでも速い時計の出るレベル。昼頃、一時的に雨が降ったが、大きな影響はなかった。
202009060504,4,2歳未勝利,芝,1800,曇,良,11:40,2020-12-19,阪神,9,3,5,2018102016,ヤマニンジャベリン,牡2,55,05429,岡田祥嗣,1:49.5,1/2,9-14,35.1,264.2,15,534(0),00411,[西]浅見秀一,329004,土井肇,,,,,,,,,,,,"6(1,10)2(7,4,16)17(5,8,13)9(12,11,14)15,18-3",9,3,0.0,False,"6(10,2)(1,16)13(4,17,18,3)(7,14)15(5,8,9)(12,11)",14,3,0.0,False,-9,Bコースに替わって2週目で前週と比べればやや時計は掛かっていたが、それでも速い時計の出るレベル。昼頃、一時的に雨が降ったが、大きな影響はなかった。
202009060504,4,2歳未勝利,芝,1800,曇,良,11:40,2020-12-19,阪神,10,4,8,2018105814,マケルナマサムネ,牡2,55,01166,川又賢治,1:49.6,1/2,9-14,35.2,115.1,12,458(0),01144,[西]池添学,915008,塩澤正樹,,,,,,,,,,,,"6(1,10)2(7,4,16)17(5,8,13)9(12,11,14)15,18-3",9,3,0.0,False,"6(10,2)(1,16)13(4,17,18,3)(7,14)15(5,8,9)(12,11)",14,3,0.0,False,-9,Bコースに替わって2週目で前週と比べればやや時計は掛かっていたが、それでも速い時計の出るレベル。昼頃、一時的に雨が降ったが、大きな影響はなかった。
202009060504,4,2歳未勝利,芝,1800,曇,良,11:40,2020-12-19,阪神,11,7,13,2018110096,グレイテストギフト,牡2,55,05203,岩田康誠,1:49.7,1/2,9-6,35.7,143.2,13,508(+2),01092,[西]松永幹夫,788800,ノースヒルズ,,,,,,,,,,,,"6(1,10)2(7,4,16)17(5,8,13)9(12,11,14)15,18-3",9,3,0.0,False,"6(10,2)(1,16)13(4,17,18,3)(7,14)15(5,8,9)(12,11)",6,1,0.0,False,-9,Bコースに替わって2週目で前週と比べればやや時計は掛かっていたが、それでも速い時計の出るレベル。昼頃、一時的に雨が降ったが、大きな影響はなかった。
202009060504,4,2歳未勝利,芝,1800,曇,良,11:40,2020-12-19,阪神,12,5,9,2018105188,モデュロール,牡2,54,01180,団野大成,1:49.7,クビ,12-14,35.3,67.3,8,450(+4),01130,[西]吉村圭司,506800,シルクレーシング,,,,,,,,,,,,"6(1,10)2(7,4,16)17(5,8,13)9(12,11,14)15,18-3",12,1,0.0,False,"6(10,2)(1,16)13(4,17,18,3)(7,14)15(5,8,9)(12,11)",14,3,0.0,False,-9,Bコースに替わって2週目で前週と比べればやや時計は掛かっていたが、それでも速い時計の出るレベル。昼頃、一時的に雨が降ったが、大きな影響はなかった。
202009060504,4,2歳未勝利,芝,1800,曇,良,11:40,2020-12-19,阪神,13,4,7,2018104157,タマモナセバナル,牡2,55,01125,国分優作,1:49.7,ハナ,5-11,35.5,567.0,16,460(+2),01065,[西]大橋勇樹,515800,タマモ,,,,,,,,,,,,"6(1,10)2(7,4,16)17(5,8,13)9(12,11,14)15,18-3",5,3,0.0,False,"6(10,2)(1,16)13(4,17,18,3)(7,14)15(5,8,9)(12,11)",11,2,0.0,False,-9,Bコースに替わって2週目で前週と比べればやや時計は掛かっていたが、それでも速い時計の出るレベル。昼頃、一時的に雨が降ったが、大きな影響はなかった。
202009060504,4,2歳未勝利,芝,1800,曇,良,11:40,2020-12-19,阪神,14,7,14,2018105433,インワンシティング,牡2,55,01126,松山弘平,1:50.0,2,13-11,35.8,5.2,3,450(0),00411,[西]浅見秀一,808800,Ｇ１レーシング,,,,,,,,,,,,"6(1,10)2(7,4,16)17(5,8,13)9(12,11,14)15,18-3",13,3,0.0,False,"6(10,2)(1,16)13(4,17,18,3)(7,14)15(5,8,9)(12,11)",11,2,0.0,False,-9,Bコースに替わって2週目で前週と比べればやや時計は掛かっていたが、それでも速い時計の出るレベル。昼頃、一時的に雨が降ったが、大きな影響はなかった。
202009060504,4,2歳未勝利,芝,1800,曇,良,11:40,2020-12-19,阪神,15,6,12,2018101877,キンジラレタアソビ,セ2,55,01015,古川吉洋,1:50.1,クビ,13-17,35.4,567.0,16,438(+6),00427,[西]森秀行,149033,内田玄祥,,,,,,,,,,,,"6(1,10)2(7,4,16)17(5,8,13)9(12,11,14)15,18-3",13,3,0.0,False,"6(10,2)(1,16)13(4,17,18,3)(7,14)15(5,8,9)(12,11)",17,2,0.0,False,-9,Bコースに替わって2週目で前週と比べればやや時計は掛かっていたが、それでも速い時計の出るレベル。昼頃、一時的に雨が降ったが、大きな影響はなかった。
202009060504,4,2歳未勝利,芝,1800,曇,良,11:40,2020-12-19,阪神,16,2,3,2018101349,シゲルシャイン,牡2,55,01124,国分恭介,1:50.1,ハナ,18-7,36.0,171.5,14,448(+6),01057,[西]湯窪幸雄,674004,森中蕃,,,,,,,,,,,,"6(1,10)2(7,4,16)17(5,8,13)9(12,11,14)15,18-3",18,1,5.0,False,"6(10,2)(1,16)13(4,17,18,3)(7,14)15(5,8,9)(12,11)",7,4,0.0,False,-9,Bコースに替わって2週目で前週と比べればやや時計は掛かっていたが、それでも速い時計の出るレベル。昼頃、一時的に雨が降ったが、大きな影響はなかった。
202009060504,4,2歳未勝利,芝,1800,曇,良,11:40,2020-12-19,阪神,17,6,11,2018100900,ビーチリゾート,牝2,54,01135,杉原誠人,1:50.1,アタマ,13-17,35.5,902.5,18,446(-8),01056,[東]本間忍,629800,ミルファーム,,,,,,,,,,,,"6(1,10)2(7,4,16)17(5,8,13)9(12,11,14)15,18-3",13,3,0.0,False,"6(10,2)(1,16)13(4,17,18,3)(7,14)15(5,8,9)(12,11)",17,2,0.0,False,-9,Bコースに替わって2週目で前週と比べればやや時計は掛かっていたが、それでも速い時計の出るレベル。昼頃、一時的に雨が降ったが、大きな影響はなかった。
202009060504,4,2歳未勝利,芝,1800,曇,良,11:40,2020-12-19,阪神,18,8,18,2018105941,エイシンニーダー,牡2,55,01102,北村友一,1:50.8,4,17-7,36.7,71.4,9,480(+6),01069,[西]中尾秀正,785800,栄進堂,,,,,,,,,,,,"6(1,10)2(7,4,16)17(5,8,13)9(12,11,14)15,18-3",17,1,1.5,False,"6(10,2)(1,16)13(4,17,18,3)(7,14)15(5,8,9)(12,11)",7,4,0.0,False,-9,Bコースに替わって2週目で前週と比べればやや時計は掛かっていたが、それでも速い時計の出るレベル。昼頃、一時的に雨が降ったが、大きな影響はなかった。
202009060505,5,2歳新馬,芝,1600,晴,良,12:30,2020-12-19,阪神,1,6,12,2018110004,エリザベスタワー,牝2,54,00666,武豊,1:36.9,,14-12,33.6,3.5,2,512(0),01117,[西]高野友和,415800,社台レースホース,700.0,,,,,,,,,,,"2,9,14,1(10,15)(3,6,13,17)(5,16)11(7,12)4-18-8",14,2,4.5,False,"(*2,9)14(1,10,15)3(6,13,17)5(11,12,16)(7,4)18-8",12,3,0.0,False,-9,Bコースに替わって2週目で前週と比べればやや時計は掛かっていたが、それでも速い時計の出るレベル。昼頃、一時的に雨が降ったが、大きな影響はなかった。
202009060505,5,2歳新馬,芝,1600,晴,良,12:30,2020-12-19,阪神,2,7,14,2018101616,ウインアキレウス,牡2,55,01125,国分優作,1:37.1,1.1/4,3-3,34.5,133.2,14,482(0),00425,[西]加用正,494800,ウイン,280.0,,,,,,,,,,,"2,9,14,1(10,15)(3,6,13,17)(5,16)11(7,12)4-18-8",3,1,3.0,False,"(*2,9)14(1,10,15)3(6,13,17)5(11,12,16)(7,4)18-8",3,1,0.0,False,-9,Bコースに替わって2週目で前週と比べればやや時計は掛かっていたが、それでも速い時計の出るレベル。昼頃、一時的に雨が降ったが、大きな影響はなかった。
202009060505,5,2歳新馬,芝,1600,晴,良,12:30,2020-12-19,阪神,3,8,16,2018106545,テーオーロイヤル,牡2,55,00732,幸英明,1:37.3,1.1/2,11-12,34.1,26.1,6,462(0),01066,[西]岡田稲男,304008,小笹公也,180.0,,,,,,,,,,,"2,9,14,1(10,15)(3,6,13,17)(5,16)11(7,12)4-18-8",11,2,4.5,False,"(*2,9)14(1,10,15)3(6,13,17)5(11,12,16)(7,4)18-8",12,3,0.0,False,-9,Bコースに替わって2週目で前週と比べればやや時計は掛かっていたが、それでも速い時計の出るレベル。昼頃、一時的に雨が降ったが、大きな影響はなかった。
202009060505,5,2歳新馬,芝,1600,晴,良,12:30,2020-12-19,阪神,4,7,15,2018101808,フューチャーポップ,牝2,54,01163,坂井瑠星,1:37.3,ハナ,5-4,34.5,55.4,9,414(0),01176,[西]吉岡辰弥,798033,山口裕介,110.0,,,,,,,,,,,"2,9,14,1(10,15)(3,6,13,17)(5,16)11(7,12)4-18-8",5,2,4.5,False,"(*2,9)14(1,10,15)3(6,13,17)5(11,12,16)(7,4)18-8",4,3,0.0,False,-9,Bコースに替わって2週目で前週と比べればやや時計は掛かっていたが、それでも速い時計の出るレベル。昼頃、一時的に雨が降ったが、大きな影響はなかった。
202009060505,5,2歳新馬,芝,1600,晴,良,12:30,2020-12-19,阪神,5,1,1,2018104578,セブンフォールド,牡2,55,01014,福永祐一,1:37.4,3/4,4-4,34.6,4.7,3,468(0),01055,[西]藤原英昭,415800,社台レースホース,70.0,,,,,,,,,,,"2,9,14,1(10,15)(3,6,13,17)(5,16)11(7,12)4-18-8",4,1,4.5,False,"(*2,9)14(1,10,15)3(6,13,17)5(11,12,16)(7,4)18-8",4,3,0.0,False,-9,Bコースに替わって2週目で前週と比べればやや時計は掛かっていたが、それでも速い時計の出るレベル。昼頃、一時的に雨が降ったが、大きな影響はなかった。
202009060505,5,2歳新馬,芝,1600,晴,良,12:30,2020-12-19,阪神,6,7,13,2018101586,スエヒロヴァン,牝2,54,01156,加藤祥太,1:37.7,1.1/2,7-8,34.7,138.4,15,470(0),01041,[西]藤沢則雄,981800,みどり住宅,,,,,,,,,,,,"2,9,14,1(10,15)(3,6,13,17)(5,16)11(7,12)4-18-8",7,4,4.5,False,"(*2,9)14(1,10,15)3(6,13,17)5(11,12,16)(7,4)18-8",8,3,0.0,False,-9,Bコースに替わって2週目で前週と比べればやや時計は掛かっていたが、それでも速い時計の出るレベル。昼頃、一時的に雨が降ったが、大きな影響はなかった。
202009060505,5,2歳新馬,芝,1600,晴,良,12:30,2020-12-19,阪神,7,1,2,2018102375,キラーマウンテン,牡2,55,01126,松山弘平,1:37.7,クビ,1-1,35.2,162.4,16,482(0),01042,[西]安達昭夫,381002,山内邦一,,,,,,,,,,,,"2,9,14,1(10,15)(3,6,13,17)(5,16)11(7,12)4-18-8",1,1,0.0,False,"(*2,9)14(1,10,15)3(6,13,17)5(11,12,16)(7,4)18-8",1,2,0.0,True,-9,Bコースに替わって2週目で前週と比べればやや時計は掛かっていたが、それでも速い時計の出るレベル。昼頃、一時的に雨が降ったが、大きな影響はなかった。
202009060505,5,2歳新馬,芝,1600,晴,良,12:30,2020-12-19,阪神,8,5,10,2018105267,ガルフォート,牡2,55,01088,川田将雅,1:37.8,クビ,5-4,35.0,6.4,4,444(0),01137,[西]中内田充,486800,キャロットファーム,,,,,,,,,,,,"2,9,14,1(10,15)(3,6,13,17)(5,16)11(7,12)4-18-8",5,2,4.5,False,"(*2,9)14(1,10,15)3(6,13,17)5(11,12,16)(7,4)18-8",4,3,0.0,False,-9,Bコースに替わって2週目で前週と比べればやや時計は掛かっていたが、それでも速い時計の出るレベル。昼頃、一時的に雨が降ったが、大きな影響はなかった。
202009060505,5,2歳新馬,芝,1600,晴,良,12:30,2020-12-19,阪神,9,2,4,2018106565,ブレーヴソウル,牡2,55,01032,池添謙一,1:38.0,1.1/4,16-15,34.4,36.1,7,446(0),01160,[西]武幸四郎,547800,ヒダカ・ブリーダーズ...,,,,,,,,,,,,"2,9,14,1(10,15)(3,6,13,17)(5,16)11(7,12)4-18-8",16,1,4.5,False,"(*2,9)14(1,10,15)3(6,13,17)5(11,12,16)(7,4)18-8",15,2,0.0,False,-9,Bコースに替わって2週目で前週と比べればやや時計は掛かっていたが、それでも速い時計の出るレベル。昼頃、一時的に雨が降ったが、大きな影響はなかった。
202009060505,5,2歳新馬,芝,1600,晴,良,12:30,2020-12-19,阪神,10,4,7,2018101299,アスクドンキバック,牡2,55,05203,岩田康誠,1:38.0,アタマ,14-15,34.5,45.0,8,460(0),01084,[西]梅田智之,037803,廣崎利洋ＨＤ,,,,,,,,,,,,"2,9,14,1(10,15)(3,6,13,17)(5,16)11(7,12)4-18-8",14,2,4.5,False,"(*2,9)14(1,10,15)3(6,13,17)5(11,12,16)(7,4)18-8",15,2,0.0,False,-9,Bコースに替わって2週目で前週と比べればやや時計は掛かっていたが、それでも速い時計の出るレベル。昼頃、一時的に雨が降ったが、大きな影響はなかった。
202009060505,5,2歳新馬,芝,1600,晴,良,12:30,2020-12-19,阪神,11,8,17,2018105470,ローウェル,牡2,55,01102,北村友一,1:38.0,クビ,7-8,35.0,3.4,1,538(0),01151,[西]斉藤崇史,506800,シルクレーシング,,,,,,,,,,,,"2,9,14,1(10,15)(3,6,13,17)(5,16)11(7,12)4-18-8",7,4,4.5,False,"(*2,9)14(1,10,15)3(6,13,17)5(11,12,16)(7,4)18-8",8,3,0.0,False,-9,Bコースに替わって2週目で前週と比べればやや時計は掛かっていたが、それでも速い時計の出るレベル。昼頃、一時的に雨が降ったが、大きな影響はなかった。
202009060505,5,2歳新馬,芝,1600,晴,良,12:30,2020-12-19,阪神,12,6,11,2018102552,コルス,牡2,55,01124,国分恭介,1:38.2,1,13-12,34.9,86.8,11,476(0),01168,[西]上村洋行,547800,ヒダカ・ブリーダーズ...,,,,,,,,,,,,"2,9,14,1(10,15)(3,6,13,17)(5,16)11(7,12)4-18-8",13,1,4.5,False,"(*2,9)14(1,10,15)3(6,13,17)5(11,12,16)(7,4)18-8",12,3,0.0,False,-9,Bコースに替わって2週目で前週と比べればやや時計は掛かっていたが、それでも速い時計の出るレベル。昼頃、一時的に雨が降ったが、大きな影響はなかった。
202009060505,5,2歳新馬,芝,1600,晴,良,12:30,2020-12-19,阪神,13,3,5,2018105929,エイシンイルハーン,牡2,55,05525,藤井勘一,1:38.2,クビ,11-11,35.1,99.2,12,480(0),01058,[西]大久保龍,149009,平井淑郎,,,,,,,,,,,,"2,9,14,1(10,15)(3,6,13,17)(5,16)11(7,12)4-18-8",11,2,4.5,False,"(*2,9)14(1,10,15)3(6,13,17)5(11,12,16)(7,4)18-8",11,1,0.0,False,-9,Bコースに替わって2週目で前週と比べればやや時計は掛かっていたが、それでも速い時計の出るレベル。昼頃、一時的に雨が降ったが、大きな影響はなかった。
202009060505,5,2歳新馬,芝,1600,晴,良,12:30,2020-12-19,阪神,14,2,3,2018103810,ライヴキャンディー,牡2,55,01130,高倉稜,1:38.5,1.1/2,7-7,35.6,344.5,18,408(0),01155,[西]渡辺薫彦,214033,澤田孝之,,,,,,,,,,,,"2,9,14,1(10,15)(3,6,13,17)(5,16)11(7,12)4-18-8",7,4,4.5,False,"(*2,9)14(1,10,15)3(6,13,17)5(11,12,16)(7,4)18-8",7,1,0.0,False,-9,Bコースに替わって2週目で前週と比べればやや時計は掛かっていたが、それでも速い時計の出るレベル。昼頃、一時的に雨が降ったが、大きな影響はなかった。
202009060505,5,2歳新馬,芝,1600,晴,良,12:30,2020-12-19,阪神,15,3,6,2018106661,テーオーハーバード,牡2,54,01180,団野大成,1:38.5,クビ,7-8,35.5,14.6,5,494(0),01104,[西]笹田和秀,304008,小笹公也,,,,,,,,,,,,"2,9,14,1(10,15)(3,6,13,17)(5,16)11(7,12)4-18-8",7,4,4.5,False,"(*2,9)14(1,10,15)3(6,13,17)5(11,12,16)(7,4)18-8",8,3,0.0,False,-9,Bコースに替わって2週目で前週と比べればやや時計は掛かっていたが、それでも速い時計の出るレベル。昼頃、一時的に雨が降ったが、大きな影響はなかった。
202009060505,5,2歳新馬,芝,1600,晴,良,12:30,2020-12-19,阪神,16,5,9,2018103452,タイガーブルズアイ,牡2,55,01146,和田翼,1:38.6,1/2,2-2,36.1,113.7,13,462(0),01065,[西]大橋勇樹,049033,伊藤和夫,,,,,,,,,,,,"2,9,14,1(10,15)(3,6,13,17)(5,16)11(7,12)4-18-8",2,1,1.5,False,"(*2,9)14(1,10,15)3(6,13,17)5(11,12,16)(7,4)18-8",2,2,0.0,False,-9,Bコースに替わって2週目で前週と比べればやや時計は掛かっていたが、それでも速い時計の出るレベル。昼頃、一時的に雨が降ったが、大きな影響はなかった。
202009060505,5,2歳新馬,芝,1600,晴,良,12:30,2020-12-19,阪神,17,8,18,2018106454,マハラジャゴールド,牡2,55,01037,太宰啓介,1:40.1,9,17-17,36.2,186.5,17,446(0),01140,[西]石橋守,978007,林孝輝,,,,,,,,,,,,"2,9,14,1(10,15)(3,6,13,17)(5,16)11(7,12)4-18-8",17,1,8.0,False,"(*2,9)14(1,10,15)3(6,13,17)5(11,12,16)(7,4)18-8",17,1,0.0,False,-9,Bコースに替わって2週目で前週と比べればやや時計は掛かっていたが、それでも速い時計の出るレベル。昼頃、一時的に雨が降ったが、大きな影響はなかった。
202009060505,5,2歳新馬,芝,1600,晴,良,12:30,2020-12-19,阪神,18,4,8,2018104818,モンキャドー,牡2,55,01093,藤岡佑介,1:42.4,大,18-18,38.1,86.8,10,472(0),01002,[西]音無秀孝,148800,グリーンファーム,,,,,,,,,,,,"2,9,14,1(10,15)(3,6,13,17)(5,16)11(7,12)4-18-8",18,1,11.5,False,"(*2,9)14(1,10,15)3(6,13,17)5(11,12,16)(7,4)18-8",18,1,3.5,False,-9,Bコースに替わって2週目で前週と比べればやや時計は掛かっていたが、それでも速い時計の出るレベル。昼頃、一時的に雨が降ったが、大きな影響はなかった。
202009060506,6,2歳新馬,ダ,1200,曇,良,13:05,2020-12-19,阪神,1,7,12,2018100985,ペプチドサンライズ,牡2,55,01015,古川吉洋,1:13.9,,1-1,37.3,3.7,1,444(0),01033,[西]木原一良,500007,沼川一彦,700.0,,,,,,,,,,,"12,2(3,8)9(1,7)-14,13,10,6-11(5,4)",1,1,0.0,False,"12,2(3,8)(1,7,9,10)13-14,6(11,4)5",1,1,0.0,False,2,
202009060506,6,2歳新馬,ダ,1200,曇,良,13:05,2020-12-19,阪神,2,3,4,2018106446,サンライズアポロン,牡2,55,05525,藤井勘一,1:15.2,8,13-12,36.4,163.6,13,496(0),01138,[西]浜田多実,306008,松岡隆雄,280.0,,,,,,,,,,,"12,2(3,8)9(1,7)-14,13,10,6-11(5,4)",13,2,13.0,False,"12,2(3,8)(1,7,9,10)13-14,6(11,4)5",12,2,6.5,False,2,
202009060506,6,2歳新馬,ダ,1200,曇,良,13:05,2020-12-19,阪神,3,5,7,2018103019,オオシマアジサイ,牝2,54,01037,太宰啓介,1:15.5,1.3/4,6-5,38.2,8.3,5,476(0),01136,[西]高橋亮,487800,大島牧場,180.0,,,,,,,,,,,"12,2(3,8)9(1,7)-14,13,10,6-11(5,4)",6,2,1.5,False,"12,2(3,8)(1,7,9,10)13-14,6(11,4)5",5,4,1.5,False,2,
202009060506,6,2歳新馬,ダ,1200,曇,良,13:05,2020-12-19,阪神,4,6,10,2018101540,ティーグランパ,牡2,55,05203,岩田康誠,1:15.7,1,10-5,37.9,4.2,2,522(0),00422,[西]五十嵐忠,966002,深見富朗,110.0,,,,,,,,,,,"12,2(3,8)9(1,7)-14,13,10,6-11(5,4)",10,1,8.0,False,"12,2(3,8)(1,7,9,10)13-14,6(11,4)5",5,4,1.5,False,2,
202009060506,6,2歳新馬,ダ,1200,曇,良,13:05,2020-12-19,阪神,5,1,1,2018102543,ドナレイラニ,牝2,53,01180,団野大成,1:15.7,クビ,6-5,38.4,80.5,12,448(0),01113,[西]牧浦充徳,440006,山田貢一,70.0,,,,,,,,,,,"12,2(3,8)9(1,7)-14,13,10,6-11(5,4)",6,2,1.5,False,"12,2(3,8)(1,7,9,10)13-14,6(11,4)5",5,4,1.5,False,2,
202009060506,6,2歳新馬,ダ,1200,曇,良,13:05,2020-12-19,阪神,6,4,5,2018101236,クリノハーヴィー,牡2,55,00732,幸英明,1:15.7,クビ,13-14,36.9,39.9,10,468(0),01041,[西]藤沢則雄,970006,栗本博晴,,,,,,,,,,,,"12,2(3,8)9(1,7)-14,13,10,6-11(5,4)",13,2,13.0,False,"12,2(3,8)(1,7,9,10)13-14,6(11,4)5",14,1,6.5,False,2,
202009060506,6,2歳新馬,ダ,1200,曇,良,13:05,2020-12-19,阪神,7,4,6,2018100817,ナムライダテン,牡2,55,01099,鮫島良太,1:15.8,クビ,11-11,37.5,5.7,3,490(0),01173,[西]長谷川浩,972002,奈村睦弘,,,,,,,,,,,,"12,2(3,8)9(1,7)-14,13,10,6-11(5,4)",11,1,9.5,False,"12,2(3,8)(1,7,9,10)13-14,6(11,4)5",11,1,6.5,False,2,
202009060506,6,2歳新馬,ダ,1200,曇,良,13:05,2020-12-19,阪神,8,3,3,2018101183,パインヒル,牝2,54,01130,高倉稜,1:15.9,1/2,3-3,38.9,73.6,11,450(0),01113,[西]牧浦充徳,306008,松岡隆雄,,,,,,,,,,,,"12,2(3,8)9(1,7)-14,13,10,6-11(5,4)",3,2,1.5,False,"12,2(3,8)(1,7,9,10)13-14,6(11,4)5",3,2,1.5,False,2,
202009060506,6,2歳新馬,ダ,1200,曇,良,13:05,2020-12-19,阪神,9,5,8,2018106586,サンライズテソロ,牡2,55,01156,加藤祥太,1:16.2,2,3-3,39.1,33.7,9,452(0),01166,[西]石坂公一,306008,松岡隆雄,,,,,,,,,,,,"12,2(3,8)9(1,7)-14,13,10,6-11(5,4)",3,2,1.5,False,"12,2(3,8)(1,7,9,10)13-14,6(11,4)5",3,2,1.5,False,2,
202009060506,6,2歳新馬,ダ,1200,曇,良,13:05,2020-12-19,阪神,10,2,2,2018103568,エルプシオン,牡2,55,01163,坂井瑠星,1:16.3,クビ,2-2,39.4,7.4,4,486(0),01091,[西]羽月友彦,854800,ノルマンディーサラブ...,,,,,,,,,,,,"12,2(3,8)9(1,7)-14,13,10,6-11(5,4)",2,1,1.5,False,"12,2(3,8)(1,7,9,10)13-14,6(11,4)5",2,1,1.5,False,2,
202009060506,6,2歳新馬,ダ,1200,曇,良,13:05,2020-12-19,阪神,11,7,11,2018101124,ベッロルナ,牡2,55,01093,藤岡佑介,1:16.3,クビ,12-12,37.7,20.6,7,518(0),01168,[西]上村洋行,260006,藤田孟司,,,,,,,,,,,,"12,2(3,8)9(1,7)-14,13,10,6-11(5,4)",12,1,13.0,False,"12,2(3,8)(1,7,9,10)13-14,6(11,4)5",12,2,6.5,False,2,
202009060506,6,2歳新馬,ダ,1200,曇,良,13:05,2020-12-19,阪神,12,8,13,2018106199,メイショウカモーン,牝2,54,01125,国分優作,1:16.6,1.3/4,9-9,39.0,181.0,14,452(0),01041,[西]藤沢則雄,523005,松本好雄,,,,,,,,,,,,"12,2(3,8)9(1,7)-14,13,10,6-11(5,4)",9,1,6.5,False,"12,2(3,8)(1,7,9,10)13-14,6(11,4)5",9,1,1.5,False,2,
202009060506,6,2歳新馬,ダ,1200,曇,良,13:05,2020-12-19,阪神,13,6,9,2018109074,サウンドハーヴィー,牡2,55,01102,北村友一,1:17.2,3.1/2,5-5,39.9,27.4,8,486(0),01159,[西]高柳大輔,168006,増田雄一,,,,,,,,,,,,"12,2(3,8)9(1,7)-14,13,10,6-11(5,4)",5,1,1.5,False,"12,2(3,8)(1,7,9,10)13-14,6(11,4)5",5,4,1.5,False,2,
202009060506,6,2歳新馬,ダ,1200,曇,良,13:05,2020-12-19,阪神,14,8,14,2018106203,メイショウコトダマ,牡2,55,01126,松山弘平,1:17.6,2,8-10,39.8,13.2,6,476(0),01095,[西]荒川義之,523005,松本好雄,,,,,,,,,,,,"12,2(3,8)9(1,7)-14,13,10,6-11(5,4)",8,1,5.0,False,"12,2(3,8)(1,7,9,10)13-14,6(11,4)5",10,1,5.0,False,2,
202009060507,7,2歳1勝クラス,ダ,1800,曇,良,13:35,2020-12-19,阪神,1,1,1,2018110117,フランスゴデイナ,牡2,55,01014,福永祐一,1:53.6,,2-2-2-2,37.2,2.0,1,476(0),00427,[西]森秀行,366031,稻井田有司,730.0,"4-1(2,8)(3,6,9)-5,7",2,1,3.5,False,"4,1,8,2(6,9)3-5,7",2,1,1.5,False,"4,1,8(2,9)(3,6,5)-7",2,1,1.5,False,"(*4,1)8(2,9,5)3(6,7)",2,2,0.0,False,2,
202009060507,7,2歳1勝クラス,ダ,1800,曇,良,13:35,2020-12-19,阪神,2,8,8,2018106508,メイショウハナモモ,牝2,54,00666,武豊,1:54.5,5,3-3-3-3,37.9,3.4,2,448(+4),01053,[西]角居勝彦,523005,松本好雄,290.0,"4-1(2,8)(3,6,9)-5,7",3,2,3.5,False,"4,1,8,2(6,9)3-5,7",3,1,3.0,False,"4,1,8(2,9)(3,6,5)-7",3,1,3.0,False,"(*4,1)8(2,9,5)3(6,7)",3,1,0.0,False,2,
202009060507,7,2歳1勝クラス,ダ,1800,曇,良,13:35,2020-12-19,阪神,3,2,2,2018101994,ジョイフルダンサー,牝2,54,01125,国分優作,1:54.9,2.1/2,3-4-4-4,38.2,53.0,7,448(-10),01016,[西]西浦勝一,858800,大塚亮一,180.0,"4-1(2,8)(3,6,9)-5,7",3,2,3.5,False,"4,1,8,2(6,9)3-5,7",4,1,4.5,False,"4,1,8(2,9)(3,6,5)-7",4,2,3.0,False,"(*4,1)8(2,9,5)3(6,7)",4,3,0.0,False,2,
202009060507,7,2歳1勝クラス,ダ,1800,曇,良,13:35,2020-12-19,阪神,4,7,7,2018101946,タガノチュール,牡2,55,01037,太宰啓介,1:55.0,1/2,9-9-9-8,37.7,133.8,9,468(+8),01028,[西]西園正都,859002,八木良司,110.0,"4-1(2,8)(3,6,9)-5,7",9,1,8.5,False,"4,1,8,2(6,9)3-5,7",9,1,9.5,False,"4,1,8(2,9)(3,6,5)-7",9,1,6.5,False,"(*4,1)8(2,9,5)3(6,7)",8,2,0.0,False,2,
202009060507,7,2歳1勝クラス,ダ,1800,曇,良,13:35,2020-12-19,阪神,5,4,4,2018102386,タガノネクステージ,牡2,55,01126,松山弘平,1:55.1,1/2,1-1-1-1,38.9,12.4,5,490(+8),01111,[西]鈴木孝志,859002,八木良司,73.0,"4-1(2,8)(3,6,9)-5,7",1,1,0.0,False,"4,1,8,2(6,9)3-5,7",1,1,0.0,False,"4,1,8(2,9)(3,6,5)-7",1,1,0.0,False,"(*4,1)8(2,9,5)3(6,7)",1,2,0.0,True,2,
202009060507,7,2歳1勝クラス,ダ,1800,曇,良,13:35,2020-12-19,阪神,6,3,3,2018106157,タイセイヴィーナス,牝2,54,00732,幸英明,1:55.2,1/2,5-7-6-7,38.3,17.0,6,464(-12),01065,[西]大橋勇樹,224007,田中成奉,,"4-1(2,8)(3,6,9)-5,7",5,3,3.5,False,"4,1,8,2(6,9)3-5,7",7,1,4.5,False,"4,1,8(2,9)(3,6,5)-7",6,3,3.0,False,"(*4,1)8(2,9,5)3(6,7)",7,1,0.0,False,2,
202009060507,7,2歳1勝クラス,ダ,1800,曇,良,13:35,2020-12-19,阪神,7,8,9,2018101001,ピクトルテソーロ,牡2,55,01102,北村友一,1:55.7,3,5-5-4-4,38.9,8.0,3,484(+6),01162,[東]田中博康,089803,了徳寺健二ホールディ...,,"4-1(2,8)(3,6,9)-5,7",5,3,3.5,False,"4,1,8,2(6,9)3-5,7",5,2,4.5,False,"4,1,8(2,9)(3,6,5)-7",4,2,3.0,False,"(*4,1)8(2,9,5)3(6,7)",4,3,0.0,False,2,
202009060507,7,2歳1勝クラス,ダ,1800,曇,良,13:35,2020-12-19,阪神,8,5,5,2018101596,フェブキラナ,牡2,55,01124,国分恭介,1:55.7,クビ,8-8-6-4,38.8,9.9,4,470(-2),01003,[西]川村禎彦,542008,釘田義広,,"4-1(2,8)(3,6,9)-5,7",8,1,7.0,False,"4,1,8,2(6,9)3-5,7",8,1,8.0,False,"4,1,8(2,9)(3,6,5)-7",6,3,3.0,False,"(*4,1)8(2,9,5)3(6,7)",4,3,0.0,False,2,
202009060507,7,2歳1勝クラス,ダ,1800,曇,良,13:35,2020-12-19,阪神,9,6,6,2018102045,フォルセティ,牡2,55,01163,坂井瑠星,1:56.3,3.1/2,5-5-6-8,39.3,102.4,8,454(+2),01162,[東]田中博康,245030,前田葉子,,"4-1(2,8)(3,6,9)-5,7",5,3,3.5,False,"4,1,8,2(6,9)3-5,7",5,2,4.5,False,"4,1,8(2,9)(3,6,5)-7",6,3,3.0,False,"(*4,1)8(2,9,5)3(6,7)",8,2,0.0,False,2,
202009060508,8,3歳以上1勝クラス,ダ,2000,曇,良,14:05,2020-12-19,阪神,1,3,3,2017105293,ヴァーダイト,牡3,55,01180,団野大成,2:08.2,,3-3-2-2,37.2,6.2,3,490(+4),01002,[西]音無秀孝,486800,キャロットファーム,760.0,"4,2-3-(8,7)-9,1,11(5,10)-6",3,1,5.0,False,"4,2-3(8,7)9,1,11(5,10)-6",3,1,5.0,False,"(*4,3)2,7(8,9)(5,1,11)10,6",2,2,0.0,False,"(*4,3)(2,7,9)(8,11)(5,1)10,6",2,2,0.0,False,2,
202009060508,8,3歳以上1勝クラス,ダ,2000,曇,良,14:05,2020-12-19,阪神,2,7,9,2017105082,ヴェラアズール,牡3,56,01014,福永祐一,2:08.4,1.1/2,6-6-5-3,37.0,2.6,1,502(-4),01155,[西]渡辺薫彦,486800,キャロットファーム,300.0,"4,2-3-(8,7)-9,1,11(5,10)-6",6,1,12.0,False,"4,2-3(8,7)9,1,11(5,10)-6",6,1,5.0,False,"(*4,3)2,7(8,9)(5,1,11)10,6",5,2,1.5,False,"(*4,3)(2,7,9)(8,11)(5,1)10,6",3,3,0.0,False,2,
202009060508,8,3歳以上1勝クラス,ダ,2000,曇,良,14:05,2020-12-19,阪神,3,8,11,2017106255,レッドレビン,牡3,56,01093,藤岡佑介,2:08.8,2.1/2,8-8-7-6,37.2,5.0,2,498(+2),01044,[西]昆貢,180800,東京ホースレーシング,190.0,"4,2-3-(8,7)-9,1,11(5,10)-6",8,1,15.0,False,"4,2-3(8,7)9,1,11(5,10)-6",8,1,8.0,False,"(*4,3)2,7(8,9)(5,1,11)10,6",7,3,1.5,False,"(*4,3)(2,7,9)(8,11)(5,1)10,6",6,2,0.0,False,2,
202009060508,8,3歳以上1勝クラス,ダ,2000,曇,良,14:05,2020-12-19,阪神,4,5,5,2016105216,オーマオ,牡4,57,01126,松山弘平,2:09.0,1.1/4,9-9-7-8,37.5,25.1,8,456(+10),01107,[西]村山明,758005,吉田照哉,110.0,"4,2-3-(8,7)-9,1,11(5,10)-6",9,2,15.0,False,"4,2-3(8,7)9,1,11(5,10)-6",9,2,8.0,False,"(*4,3)2,7(8,9)(5,1,11)10,6",7,3,1.5,False,"(*4,3)(2,7,9)(8,11)(5,1)10,6",8,2,0.0,False,2,
202009060508,8,3歳以上1勝クラス,ダ,2000,曇,良,14:05,2020-12-19,阪神,5,6,6,2017106319,メイショウコジョウ,牡3,56,00732,幸英明,2:09.2,1.1/4,11-11-11-11,37.4,6.7,5,462(0),01140,[西]石橋守,523005,松本好雄,76.0,"4,2-3-(8,7)-9,1,11(5,10)-6",11,1,18.5,False,"4,2-3(8,7)9,1,11(5,10)-6",11,1,11.5,False,"(*4,3)2,7(8,9)(5,1,11)10,6",11,1,3.0,False,"(*4,3)(2,7,9)(8,11)(5,1)10,6",11,1,1.5,False,2,
202009060508,8,3歳以上1勝クラス,ダ,2000,曇,良,14:05,2020-12-19,阪神,6,1,1,2017104104,オンザフェーヴル,牡3,56,05203,岩田康誠,2:09.4,1.1/4,7-7-7-8,37.8,6.4,4,486(-6),01098,[西]野中賢二,539002,廣崎利洋,,"4,2-3-(8,7)-9,1,11(5,10)-6",7,1,13.5,False,"4,2-3(8,7)9,1,11(5,10)-6",7,1,6.5,False,"(*4,3)2,7(8,9)(5,1,11)10,6",7,3,1.5,False,"(*4,3)(2,7,9)(8,11)(5,1)10,6",8,2,0.0,False,2,
202009060508,8,3歳以上1勝クラス,ダ,2000,曇,良,14:05,2020-12-19,阪神,7,2,2,2017106505,チェーロ,牡3,56,01063,小坂忠士,2:09.6,1.1/4,2-2-3-3,38.5,48.2,9,490(+6),01146,[西]奥村豊,353803,ＧＥＴＮＥＸＴ,,"4,2-3-(8,7)-9,1,11(5,10)-6",2,1,1.5,False,"4,2-3(8,7)9,1,11(5,10)-6",2,1,1.5,False,"(*4,3)2,7(8,9)(5,1,11)10,6",3,1,0.0,False,"(*4,3)(2,7,9)(8,11)(5,1)10,6",3,3,0.0,False,2,
202009060508,8,3歳以上1勝クラス,ダ,2000,曇,良,14:05,2020-12-19,阪神,8,8,10,2016100738,アナザークイーン,牝4,55,01135,杉原誠人,2:10.0,2.1/2,9-9-10-10,38.2,244.1,11,462(0),01090,[東]天間昭一,716800,ビッグレッドファーム,,"4,2-3-(8,7)-9,1,11(5,10)-6",9,2,15.0,False,"4,2-3(8,7)9,1,11(5,10)-6",9,2,8.0,False,"(*4,3)2,7(8,9)(5,1,11)10,6",10,1,1.5,False,"(*4,3)(2,7,9)(8,11)(5,1)10,6",10,1,0.0,False,2,
202009060508,8,3歳以上1勝クラス,ダ,2000,曇,良,14:05,2020-12-19,阪神,9,4,4,2015104254,エイカイキング,牡5,57,01125,国分優作,2:10.1,3/4,1-1-1-1,39.2,67.3,10,484(-4),01170,[西]坂口智康,683033,二木英徳,,"4,2-3-(8,7)-9,1,11(5,10)-6",1,1,0.0,False,"4,2-3(8,7)9,1,11(5,10)-6",1,1,0.0,False,"(*4,3)2,7(8,9)(5,1,11)10,6",1,2,0.0,True,"(*4,3)(2,7,9)(8,11)(5,1)10,6",1,2,0.0,True,2,
202009060508,8,3歳以上1勝クラス,ダ,2000,曇,良,14:05,2020-12-19,阪神,10,7,8,2017105044,シュテルクスト,牡3,56,01099,鮫島良太,2:10.2,1/2,4-4-5-6,38.9,13.9,6,474(0),01011,[西]松田国英,226800,サンデーレーシング,,"4,2-3-(8,7)-9,1,11(5,10)-6",4,2,8.5,False,"4,2-3(8,7)9,1,11(5,10)-6",4,2,5.0,False,"(*4,3)2,7(8,9)(5,1,11)10,6",5,2,1.5,False,"(*4,3)(2,7,9)(8,11)(5,1)10,6",6,2,0.0,False,2,
202009060508,8,3歳以上1勝クラス,ダ,2000,曇,良,14:05,2020-12-19,阪神,11,6,7,2017101442,ウインベイランダー,牡3,56,01166,川又賢治,2:11.1,5,4-4-4-3,39.8,15.9,7,484(+4),01158,[西]寺島良,494800,ウイン,,"4,2-3-(8,7)-9,1,11(5,10)-6",4,2,8.5,False,"4,2-3(8,7)9,1,11(5,10)-6",4,2,5.0,False,"(*4,3)2,7(8,9)(5,1,11)10,6",4,1,1.5,False,"(*4,3)(2,7,9)(8,11)(5,1)10,6",3,3,0.0,False,2,
202009060509,9,北摂特別(2勝),芝,1200,曇,良,14:35,2020-12-19,阪神,1,2,2,2016104198,アレス,牝4,55,01093,藤岡佑介,1:08.6,,4-4,34.2,3.7,2,458(0),01044,[西]昆貢,854800,ノルマンディーサラブ...,"1,531.5",,,,,,,,,,,"1,5,13(2,6,10)(4,7)(8,11)(3,9)14,12",4,3,3.0,False,"1,5,13(2,6)10(4,7)11(3,8,9)(14,12)",4,2,3.0,False,-8,Bコースに替わって2週目で前週と比べればやや時計は掛かっていたが、それでも速い時計の出るレベル。昼頃、一時的に雨が降ったが、大きな影響はなかった。
202009060509,9,北摂特別(2勝),芝,1200,曇,良,14:35,2020-12-19,阪神,2,6,10,2017105443,ビップウインク,牝3,54,05203,岩田康誠,1:08.6,ハナ,4-6,34.1,2.5,1,504(0),01110,[西]清水久詞,524030,鈴木邦英,609.0,,,,,,,,,,,"1,5,13(2,6,10)(4,7)(8,11)(3,9)14,12",4,3,3.0,False,"1,5,13(2,6)10(4,7)11(3,8,9)(14,12)",6,1,3.0,False,-8,Bコースに替わって2週目で前週と比べればやや時計は掛かっていたが、それでも速い時計の出るレベル。昼頃、一時的に雨が降ったが、大きな影響はなかった。
202009060509,9,北摂特別(2勝),芝,1200,曇,良,14:35,2020-12-19,阪神,3,5,7,2017104705,シオミチクレバ,牝3,54,01180,団野大成,1:08.9,1.3/4,7-7,34.2,29.8,8,492(+4),01113,[西]牧浦充徳,727008,谷掛龍夫,384.5,,,,,,,,,,,"1,5,13(2,6,10)(4,7)(8,11)(3,9)14,12",7,2,3.0,False,"1,5,13(2,6)10(4,7)11(3,8,9)(14,12)",7,2,3.0,False,-8,Bコースに替わって2週目で前週と比べればやや時計は掛かっていたが、それでも速い時計の出るレベル。昼頃、一時的に雨が降ったが、大きな影響はなかった。
202009060509,9,北摂特別(2勝),芝,1200,曇,良,14:35,2020-12-19,阪神,4,1,1,2016104740,アドマイヤデルタ,牡4,57,01135,杉原誠人,1:09.1,1.1/4,1-1,35.1,133.3,13,492(+6),01175,[東]宮田敬介,535031,近藤旬子,230.0,,,,,,,,,,,"1,5,13(2,6,10)(4,7)(8,11)(3,9)14,12",1,1,0.0,False,"1,5,13(2,6)10(4,7)11(3,8,9)(14,12)",1,1,0.0,False,-8,Bコースに替わって2週目で前週と比べればやや時計は掛かっていたが、それでも速い時計の出るレベル。昼頃、一時的に雨が降ったが、大きな影響はなかった。
202009060509,9,北摂特別(2勝),芝,1200,曇,良,14:35,2020-12-19,阪神,5,5,8,2014103990,モハー,牝6,55,01037,太宰啓介,1:09.1,アタマ,9-10,34.2,68.5,11,522(+6),01168,[西]上村洋行,789002,北山敏隆,150.0,,,,,,,,,,,"1,5,13(2,6,10)(4,7)(8,11)(3,9)14,12",9,2,3.0,False,"1,5,13(2,6)10(4,7)11(3,8,9)(14,12)",10,3,3.0,False,-8,Bコースに替わって2週目で前週と比べればやや時計は掛かっていたが、それでも速い時計の出るレベル。昼頃、一時的に雨が降ったが、大きな影響はなかった。
202009060509,9,北摂特別(2勝),芝,1200,曇,良,14:35,2020-12-19,阪神,6,3,3,2013100731,ピースマインド,牡7,57,01015,古川吉洋,1:09.1,アタマ,11-10,34.1,23.5,7,466(+2),01018,[西]宮徹,075002,小川勲,,,,,,,,,,,,"1,5,13(2,6,10)(4,7)(8,11)(3,9)14,12",11,2,3.0,False,"1,5,13(2,6)10(4,7)11(3,8,9)(14,12)",10,3,3.0,False,-8,Bコースに替わって2週目で前週と比べればやや時計は掛かっていたが、それでも速い時計の出るレベル。昼頃、一時的に雨が降ったが、大きな影響はなかった。
202009060509,9,北摂特別(2勝),芝,1200,曇,良,14:35,2020-12-19,阪神,7,3,4,2015102817,メイショウツバキ,牝5,55,05525,藤井勘一,1:09.2,1/2,7-7,34.5,139.4,14,468(+4),00434,[西]西橋豊治,911008,松本好隆,,,,,,,,,,,,"1,5,13(2,6,10)(4,7)(8,11)(3,9)14,12",7,2,3.0,False,"1,5,13(2,6)10(4,7)11(3,8,9)(14,12)",7,2,3.0,False,-8,Bコースに替わって2週目で前週と比べればやや時計は掛かっていたが、それでも速い時計の出るレベル。昼頃、一時的に雨が降ったが、大きな影響はなかった。
202009060509,9,北摂特別(2勝),芝,1200,曇,良,14:35,2020-12-19,阪神,8,6,9,2016103272,スキップ,牡4,57,01126,松山弘平,1:09.3,1/2,11-10,34.3,8.0,4,486(+2),00425,[西]加用正,959800,協栄,,,,,,,,,,,,"1,5,13(2,6,10)(4,7)(8,11)(3,9)14,12",11,2,3.0,False,"1,5,13(2,6)10(4,7)11(3,8,9)(14,12)",10,3,3.0,False,-8,Bコースに替わって2週目で前週と比べればやや時計は掛かっていたが、それでも速い時計の出るレベル。昼頃、一時的に雨が降ったが、大きな影響はなかった。
202009060509,9,北摂特別(2勝),芝,1200,曇,良,14:35,2020-12-19,阪神,9,4,6,2017109130,ローランダー,牝3,54,01124,国分恭介,1:09.4,1,4-4,35.0,64.1,10,476(+2),01057,[西]湯窪幸雄,158033,山下良子,,,,,,,,,,,,"1,5,13(2,6,10)(4,7)(8,11)(3,9)14,12",4,3,3.0,False,"1,5,13(2,6)10(4,7)11(3,8,9)(14,12)",4,2,3.0,False,-8,Bコースに替わって2週目で前週と比べればやや時計は掛かっていたが、それでも速い時計の出るレベル。昼頃、一時的に雨が降ったが、大きな影響はなかった。
202009060509,9,北摂特別(2勝),芝,1200,曇,良,14:35,2020-12-19,阪神,10,8,14,2016104013,ファイトフォーラヴ,牡4,57,01130,高倉稜,1:09.4,アタマ,13-13,34.2,93.1,12,474(0),01140,[西]石橋守,839033,金山政信,,,,,,,,,,,,"1,5,13(2,6,10)(4,7)(8,11)(3,9)14,12",13,1,3.0,False,"1,5,13(2,6)10(4,7)11(3,8,9)(14,12)",13,2,3.0,False,-8,Bコースに替わって2週目で前週と比べればやや時計は掛かっていたが、それでも速い時計の出るレベル。昼頃、一時的に雨が降ったが、大きな影響はなかった。
202009060509,9,北摂特別(2勝),芝,1200,曇,良,14:35,2020-12-19,阪神,11,8,13,2015103673,トンボイ,牝5,55,01014,福永祐一,1:09.4,ハナ,3-3,35.1,8.0,3,454(0),01028,[西]西園正都,320030,幅田京子,,,,,,,,,,,,"1,5,13(2,6,10)(4,7)(8,11)(3,9)14,12",3,1,3.0,False,"1,5,13(2,6)10(4,7)11(3,8,9)(14,12)",3,1,3.0,False,-8,Bコースに替わって2週目で前週と比べればやや時計は掛かっていたが、それでも速い時計の出るレベル。昼頃、一時的に雨が降ったが、大きな影響はなかった。
202009060509,9,北摂特別(2勝),芝,1200,曇,良,14:35,2020-12-19,阪神,12,7,12,2015103210,スズカフェラリー,牝5,55,01032,池添謙一,1:09.5,1/2,14-13,34.3,60.6,9,440(+4),00362,[西]橋田満,382004,永井啓弍,,,,,,,,,,,,"1,5,13(2,6,10)(4,7)(8,11)(3,9)14,12",14,1,4.5,False,"1,5,13(2,6)10(4,7)11(3,8,9)(14,12)",13,2,3.0,False,-8,Bコースに替わって2週目で前週と比べればやや時計は掛かっていたが、それでも速い時計の出るレベル。昼頃、一時的に雨が降ったが、大きな影響はなかった。
202009060509,9,北摂特別(2勝),芝,1200,曇,良,14:35,2020-12-19,阪神,13,7,11,2017104873,エグレムニ,牡3,56,00732,幸英明,1:09.6,1/2,9-9,34.8,10.9,6,484(+2),00425,[西]加用正,758005,吉田照哉,,,,,,,,,,,,"1,5,13(2,6,10)(4,7)(8,11)(3,9)14,12",9,2,3.0,False,"1,5,13(2,6)10(4,7)11(3,8,9)(14,12)",9,1,3.0,False,-8,Bコースに替わって2週目で前週と比べればやや時計は掛かっていたが、それでも速い時計の出るレベル。昼頃、一時的に雨が降ったが、大きな影響はなかった。
202009060509,9,北摂特別(2勝),芝,1200,曇,良,14:35,2020-12-19,阪神,14,4,5,2017100460,ダノンボヌール,牝3,54,01102,北村友一,1:09.8,3/4,2-2,35.7,10.4,5,478(-6),01107,[西]村山明,619800,ダノックス,,,,,,,,,,,,"1,5,13(2,6,10)(4,7)(8,11)(3,9)14,12",2,1,1.5,False,"1,5,13(2,6)10(4,7)11(3,8,9)(14,12)",2,1,1.5,False,-8,Bコースに替わって2週目で前週と比べればやや時計は掛かっていたが、それでも速い時計の出るレベル。昼頃、一時的に雨が降ったが、大きな影響はなかった。
202009060510,10,再度山特別(2勝),芝,1800,曇,良,15:10,2020-12-19,阪神,1,4,4,2014106079,クリデュクール,牡6,57,01180,団野大成,1:46.7,,3-3,34.0,16.8,6,512(+12),00429,[西]佐々木晶,226800,サンデーレーシング,"1,526.6",,,,,,,,,,,"6,11(4,5,9)(1,8,10)7,2,3",3,3,1.5,False,"6,11(4,5,9)(1,8,10)7,2,3",3,3,1.5,False,-8,Bコースに替わって2週目で前週と比べればやや時計は掛かっていたが、それでも速い時計の出るレベル。昼頃、一時的に雨が降ったが、大きな影響はなかった。
202009060510,10,再度山特別(2勝),芝,1800,曇,良,15:10,2020-12-19,阪神,2,6,6,2017105600,ラヴユーライヴ,牝3,54,01163,坂井瑠星,1:46.7,ハナ,1-1,34.3,3.9,2,432(-8),01075,[西]矢作芳人,790005,吉田勝己,607.6,,,,,,,,,,,"6,11(4,5,9)(1,8,10)7,2,3",1,1,0.0,False,"6,11(4,5,9)(1,8,10)7,2,3",1,1,0.0,False,-8,Bコースに替わって2週目で前週と比べればやや時計は掛かっていたが、それでも速い時計の出るレベル。昼頃、一時的に雨が降ったが、大きな影響はなかった。
202009060510,10,再度山特別(2勝),芝,1800,曇,良,15:10,2020-12-19,阪神,3,5,5,2017105105,セウラサーリ,牝3,54,01032,池添謙一,1:46.8,3/4,3-3,34.0,5.8,3,460(0),01028,[西]西園正都,808800,Ｇ１レーシング,383.8,,,,,,,,,,,"6,11(4,5,9)(1,8,10)7,2,3",3,3,1.5,False,"6,11(4,5,9)(1,8,10)7,2,3",3,3,1.5,False,-8,Bコースに替わって2週目で前週と比べればやや時計は掛かっていたが、それでも速い時計の出るレベル。昼頃、一時的に雨が降ったが、大きな影響はなかった。
202009060510,10,再度山特別(2勝),芝,1800,曇,良,15:10,2020-12-19,阪神,4,1,1,2017101367,ゼンノジャスタ,牡3,56,01114,田中健,1:47.0,1.1/4,6-6,34.1,33.2,7,486(+12),00411,[西]浅見秀一,052803,大迫久美子,230.0,,,,,,,,,,,"6,11(4,5,9)(1,8,10)7,2,3",6,3,1.5,False,"6,11(4,5,9)(1,8,10)7,2,3",6,3,1.5,False,-8,Bコースに替わって2週目で前週と比べればやや時計は掛かっていたが、それでも速い時計の出るレベル。昼頃、一時的に雨が降ったが、大きな影響はなかった。
202009060510,10,再度山特別(2勝),芝,1800,曇,良,15:10,2020-12-19,阪神,5,2,2,2017105468,スペードエース,牡3,56,01014,福永祐一,1:47.1,3/4,10-10,33.9,2.5,1,464(+8),01061,[西]友道康夫,506800,シルクレーシング,150.0,,,,,,,,,,,"6,11(4,5,9)(1,8,10)7,2,3",10,1,3.0,False,"6,11(4,5,9)(1,8,10)7,2,3",10,1,3.0,False,-8,Bコースに替わって2週目で前週と比べればやや時計は掛かっていたが、それでも速い時計の出るレベル。昼頃、一時的に雨が降ったが、大きな影響はなかった。
202009060510,10,再度山特別(2勝),芝,1800,曇,良,15:10,2020-12-19,阪神,6,7,9,2017104748,サウンドレベッカ,牝3,54,01126,松山弘平,1:47.6,3,3-3,34.9,6.6,5,454(0),01042,[西]安達昭夫,168006,増田雄一,,,,,,,,,,,,"6,11(4,5,9)(1,8,10)7,2,3",3,3,1.5,False,"6,11(4,5,9)(1,8,10)7,2,3",3,3,1.5,False,-8,Bコースに替わって2週目で前週と比べればやや時計は掛かっていたが、それでも速い時計の出るレベル。昼頃、一時的に雨が降ったが、大きな影響はなかった。
202009060510,10,再度山特別(2勝),芝,1800,曇,良,15:10,2020-12-19,阪神,7,6,7,2016100550,ヒルノダカール,牡4,57,00666,武豊,1:47.6,クビ,9-9,34.6,6.2,4,524(0),01078,[西]北出成人,823800,ヒルノ,,,,,,,,,,,,"6,11(4,5,9)(1,8,10)7,2,3",9,1,1.5,False,"6,11(4,5,9)(1,8,10)7,2,3",9,1,1.5,False,-8,Bコースに替わって2週目で前週と比べればやや時計は掛かっていたが、それでも速い時計の出るレベル。昼頃、一時的に雨が降ったが、大きな影響はなかった。
202009060510,10,再度山特別(2勝),芝,1800,曇,良,15:10,2020-12-19,阪神,8,7,8,2016106126,ソルトイブキ,牡4,57,01124,国分恭介,1:47.6,ハナ,6-6,34.7,95.3,9,488(-2),01033,[西]木原一良,781033,杉浦敏夫,,,,,,,,,,,,"6,11(4,5,9)(1,8,10)7,2,3",6,3,1.5,False,"6,11(4,5,9)(1,8,10)7,2,3",6,3,1.5,False,-8,Bコースに替わって2週目で前週と比べればやや時計は掛かっていたが、それでも速い時計の出るレベル。昼頃、一時的に雨が降ったが、大きな影響はなかった。
202009060510,10,再度山特別(2勝),芝,1800,曇,良,15:10,2020-12-19,阪神,9,3,3,2016100969,グッドレイズ,牡4,57,00732,幸英明,1:47.6,ハナ,11-11,34.2,156.1,10,518(+18),01003,[西]川村禎彦,590031,杉立健次郎,,,,,,,,,,,,"6,11(4,5,9)(1,8,10)7,2,3",11,1,4.5,False,"6,11(4,5,9)(1,8,10)7,2,3",11,1,4.5,False,-8,Bコースに替わって2週目で前週と比べればやや時計は掛かっていたが、それでも速い時計の出るレベル。昼頃、一時的に雨が降ったが、大きな影響はなかった。
202009060510,10,再度山特別(2勝),芝,1800,曇,良,15:10,2020-12-19,阪神,10,8,11,2016104348,ウルクラフト,牝4,55,01102,北村友一,1:47.7,1/2,2-2,35.2,77.4,8,432(+6),01130,[西]吉村圭司,226800,サンデーレーシング,,,,,,,,,,,,"6,11(4,5,9)(1,8,10)7,2,3",2,1,1.5,False,"6,11(4,5,9)(1,8,10)7,2,3",2,1,1.5,False,-8,Bコースに替わって2週目で前週と比べればやや時計は掛かっていたが、それでも速い時計の出るレベル。昼頃、一時的に雨が降ったが、大きな影響はなかった。
202009060510,10,再度山特別(2勝),芝,1800,曇,良,15:10,2020-12-19,阪神,11,8,10,2013103153,ギャツビー,牡7,57,05203,岩田康誠,1:49.1,8,6-6,36.2,171.0,11,470(0),01046,[西]鮫島一歩,888800,ＣＨＥＶＡＬＡＴＴＡ...,,,,,,,,,,,,"6,11(4,5,9)(1,8,10)7,2,3",6,3,1.5,False,"6,11(4,5,9)(1,8,10)7,2,3",6,3,1.5,False,-8,Bコースに替わって2週目で前週と比べればやや時計は掛かっていたが、それでも速い時計の出るレベル。昼頃、一時的に雨が降ったが、大きな影響はなかった。
202009060511,11,タンザナイトS(OP),芝,1200,晴,良,15:45,2020-12-19,阪神,1,5,10,2014103751,ラヴィングアンサー,牡6,56,01102,北村友一,1:08.1,,13-13,33.3,5.8,3,510(+12),01022,[西]石坂正,570009,江口雄一郎,"2,335.0",,,,,,,,,,,"5(3,9)-14(1,4,13)16(2,6,7,11)(8,10)-15,12",13,2,3.5,False,"5,3,9-14(1,13)(4,16)(2,7)(6,11)(8,10)15,12",13,2,6.5,False,-8,Bコースに替わって2週目で前週と比べればやや時計は掛かっていたが、それでも速い時計の出るレベル。昼頃、一時的に雨が降ったが、大きな影響はなかった。
202009060511,11,タンザナイトS(OP),芝,1200,晴,良,15:45,2020-12-19,阪神,2,1,2,2014104076,ジョーアラビカ,牡6,56,01088,川田将雅,1:08.1,ハナ,9-9,33.6,4.3,2,498(+6),01110,[西]清水久詞,839004,上田けい子,930.0,,,,,,,,,,,"5(3,9)-14(1,4,13)16(2,6,7,11)(8,10)-15,12",9,4,3.5,False,"5,3,9-14(1,13)(4,16)(2,7)(6,11)(8,10)15,12",9,2,6.5,False,-8,Bコースに替わって2週目で前週と比べればやや時計は掛かっていたが、それでも速い時計の出るレベル。昼頃、一時的に雨が降ったが、大きな影響はなかった。
202009060511,11,タンザナイトS(OP),芝,1200,晴,良,15:45,2020-12-19,阪神,3,8,16,2015104347,ルッジェーロ,セ5,54,01180,団野大成,1:08.1,クビ,8-7,33.7,17.6,6,518(+8),01097,[東]鹿戸雄一,379008,村木隆,585.0,,,,,,,,,,,"5(3,9)-14(1,4,13)16(2,6,7,11)(8,10)-15,12",8,1,3.5,False,"5,3,9-14(1,13)(4,16)(2,7)(6,11)(8,10)15,12",7,2,6.5,False,-8,Bコースに替わって2週目で前週と比べればやや時計は掛かっていたが、それでも速い時計の出るレベル。昼頃、一時的に雨が降ったが、大きな影響はなかった。
202009060511,11,タンザナイトS(OP),芝,1200,晴,良,15:45,2020-12-19,阪神,4,4,8,2016102044,アイラブテーラー,牝4,54,05203,岩田康誠,1:08.1,ハナ,13-13,33.2,5.9,4,454(+28),01072,[西]河内洋,730002,中西浩一,350.0,,,,,,,,,,,"5(3,9)-14(1,4,13)16(2,6,7,11)(8,10)-15,12",13,2,3.5,False,"5,3,9-14(1,13)(4,16)(2,7)(6,11)(8,10)15,12",13,2,6.5,False,-8,Bコースに替わって2週目で前週と比べればやや時計は掛かっていたが、それでも速い時計の出るレベル。昼頃、一時的に雨が降ったが、大きな影響はなかった。
202009060511,11,タンザナイトS(OP),芝,1200,晴,良,15:45,2020-12-19,阪神,5,1,1,2013101042,ダイメイプリンセス,牝7,55.5,01032,池添謙一,1:08.2,1/2,5-5,33.9,33.2,12,512(+8),01142,[西]森田直行,688006,宮本孝一,230.0,,,,,,,,,,,"5(3,9)-14(1,4,13)16(2,6,7,11)(8,10)-15,12",5,3,3.5,False,"5,3,9-14(1,13)(4,16)(2,7)(6,11)(8,10)15,12",5,2,6.5,False,-8,Bコースに替わって2週目で前週と比べればやや時計は掛かっていたが、それでも速い時計の出るレベル。昼頃、一時的に雨が降ったが、大きな影響はなかった。
202009060511,11,タンザナイトS(OP),芝,1200,晴,良,15:45,2020-12-19,阪神,6,3,5,2016105772,ケイアイサクソニー,牡4,54,01138,藤懸貴志,1:08.4,1.1/4,1-1,34.9,13.5,5,500(+2),01176,[西]吉岡辰弥,331803,亀田和弘,,,,,,,,,,,,"5(3,9)-14(1,4,13)16(2,6,7,11)(8,10)-15,12",1,1,0.0,False,"5,3,9-14(1,13)(4,16)(2,7)(6,11)(8,10)15,12",1,1,0.0,False,-8,Bコースに替わって2週目で前週と比べればやや時計は掛かっていたが、それでも速い時計の出るレベル。昼頃、一時的に雨が降ったが、大きな影響はなかった。
202009060511,11,タンザナイトS(OP),芝,1200,晴,良,15:45,2020-12-19,阪神,7,2,4,2015106187,メジェールスー,牝5,52,05429,岡田祥嗣,1:08.7,1.1/2,5-7,34.3,31.0,11,480(+4),01055,[西]藤原英昭,444030,太田珠々子,,,,,,,,,,,,"5(3,9)-14(1,4,13)16(2,6,7,11)(8,10)-15,12",5,3,3.5,False,"5,3,9-14(1,13)(4,16)(2,7)(6,11)(8,10)15,12",7,2,6.5,False,-8,Bコースに替わって2週目で前週と比べればやや時計は掛かっていたが、それでも速い時計の出るレベル。昼頃、一時的に雨が降ったが、大きな影響はなかった。
202009060511,11,タンザナイトS(OP),芝,1200,晴,良,15:45,2020-12-19,阪神,8,2,3,2016101340,アスタールビー,牝4,53,01015,古川吉洋,1:08.7,クビ,2-2,35.1,17.9,7,438(-4),01049,[西]南井克巳,935003,加藤久枝,,,,,,,,,,,,"5(3,9)-14(1,4,13)16(2,6,7,11)(8,10)-15,12",2,2,0.0,False,"5,3,9-14(1,13)(4,16)(2,7)(6,11)(8,10)15,12",2,1,1.5,False,-8,Bコースに替わって2週目で前週と比べればやや時計は掛かっていたが、それでも速い時計の出るレベル。昼頃、一時的に雨が降ったが、大きな影響はなかった。
202009060511,11,タンザナイトS(OP),芝,1200,晴,良,15:45,2020-12-19,阪神,9,3,6,2015104165,アンヴァル,牝5,54,01093,藤岡佑介,1:08.7,アタマ,9-11,34.1,3.9,1,472(-4),01062,[西]藤岡健一,415800,社台レースホース,,,,,,,,,,,,"5(3,9)-14(1,4,13)16(2,6,7,11)(8,10)-15,12",9,4,3.5,False,"5,3,9-14(1,13)(4,16)(2,7)(6,11)(8,10)15,12",11,2,6.5,False,-8,Bコースに替わって2週目で前週と比べればやや時計は掛かっていたが、それでも速い時計の出るレベル。昼頃、一時的に雨が降ったが、大きな影響はなかった。
202009060511,11,タンザナイトS(OP),芝,1200,晴,良,15:45,2020-12-19,阪神,10,4,7,2015105850,カイザーメランジェ,牡5,56,01037,太宰啓介,1:09.0,1.3/4,9-9,34.5,196.3,16,488(-8),01010,[東]中野栄治,313008,友水達也,,,,,,,,,,,,"5(3,9)-14(1,4,13)16(2,6,7,11)(8,10)-15,12",9,4,3.5,False,"5,3,9-14(1,13)(4,16)(2,7)(6,11)(8,10)15,12",9,2,6.5,False,-8,Bコースに替わって2週目で前週と比べればやや時計は掛かっていたが、それでも速い時計の出るレベル。昼頃、一時的に雨が降ったが、大きな影響はなかった。
202009060511,11,タンザナイトS(OP),芝,1200,晴,良,15:45,2020-12-19,阪神,11,7,13,2012105451,ニシオボヌール,セ8,55,01014,福永祐一,1:09.2,1.1/4,5-5,34.9,25.9,9,502(+4),01136,[西]高橋亮,372008,三宅勝俊,,,,,,,,,,,,"5(3,9)-14(1,4,13)16(2,6,7,11)(8,10)-15,12",5,3,3.5,False,"5,3,9-14(1,13)(4,16)(2,7)(6,11)(8,10)15,12",5,2,6.5,False,-8,Bコースに替わって2週目で前週と比べればやや時計は掛かっていたが、それでも速い時計の出るレベル。昼頃、一時的に雨が降ったが、大きな影響はなかった。
202009060511,11,タンザナイトS(OP),芝,1200,晴,良,15:45,2020-12-19,阪神,12,7,14,2015100978,ラブカンプー,牝5,54,01124,国分恭介,1:09.3,3/4,4-4,35.1,82.9,15,458(+10),01142,[西]森田直行,291002,増田陽一,,,,,,,,,,,,"5(3,9)-14(1,4,13)16(2,6,7,11)(8,10)-15,12",4,1,3.5,False,"5,3,9-14(1,13)(4,16)(2,7)(6,11)(8,10)15,12",4,1,6.5,False,-8,Bコースに替わって2週目で前週と比べればやや時計は掛かっていたが、それでも速い時計の出るレベル。昼頃、一時的に雨が降ったが、大きな影響はなかった。
202009060511,11,タンザナイトS(OP),芝,1200,晴,良,15:45,2020-12-19,阪神,13,6,12,2014102185,ジョイフル,牡6,56,01166,川又賢治,1:09.4,1/2,16-16,34.1,59.2,14,520(+2),01130,[西]吉村圭司,003060,ゴドルフィン,,,,,,,,,,,,"5(3,9)-14(1,4,13)16(2,6,7,11)(8,10)-15,12",16,1,8.5,False,"5,3,9-14(1,13)(4,16)(2,7)(6,11)(8,10)15,12",16,1,8.0,False,-8,Bコースに替わって2週目で前週と比べればやや時計は掛かっていたが、それでも速い時計の出るレベル。昼頃、一時的に雨が降ったが、大きな影響はなかった。
202009060511,11,タンザナイトS(OP),芝,1200,晴,良,15:45,2020-12-19,阪神,14,8,15,2015100772,エイシンデネブ,牝5,53,00732,幸英明,1:09.4,クビ,15-15,34.3,18.7,8,430(-10),01170,[西]坂口智康,785800,栄進堂,,,,,,,,,,,,"5(3,9)-14(1,4,13)16(2,6,7,11)(8,10)-15,12",15,1,7.0,False,"5,3,9-14(1,13)(4,16)(2,7)(6,11)(8,10)15,12",15,1,6.5,False,-8,Bコースに替わって2週目で前週と比べればやや時計は掛かっていたが、それでも速い時計の出るレベル。昼頃、一時的に雨が降ったが、大きな影響はなかった。
202009060511,11,タンザナイトS(OP),芝,1200,晴,良,15:45,2020-12-19,阪神,15,6,11,2014103867,アユツリオヤジ,牡6,53,01163,坂井瑠星,1:09.5,クビ,9-11,35.0,49.8,13,498(0),01107,[西]村山明,005803,キャピタル・システム,,,,,,,,,,,,"5(3,9)-14(1,4,13)16(2,6,7,11)(8,10)-15,12",9,4,3.5,False,"5,3,9-14(1,13)(4,16)(2,7)(6,11)(8,10)15,12",11,2,6.5,False,-8,Bコースに替わって2週目で前週と比べればやや時計は掛かっていたが、それでも速い時計の出るレベル。昼頃、一時的に雨が降ったが、大きな影響はなかった。
202009060511,11,タンザナイトS(OP),芝,1200,晴,良,15:45,2020-12-19,阪神,16,5,9,2014103032,グランドロワ,牡6,55,01126,松山弘平,1:10.8,8,2-3,37.1,29.7,10,498(+6),01111,[西]鈴木孝志,464030,田畑利彦,,,,,,,,,,,,"5(3,9)-14(1,4,13)16(2,6,7,11)(8,10)-15,12",2,2,0.0,False,"5,3,9-14(1,13)(4,16)(2,7)(6,11)(8,10)15,12",3,1,3.0,False,-8,Bコースに替わって2週目で前週と比べればやや時計は掛かっていたが、それでも速い時計の出るレベル。昼頃、一時的に雨が降ったが、大きな影響はなかった。
202009060512,12,3歳以上1勝クラス,ダ,1400,晴,良,16:20,2020-12-19,阪神,1,3,5,2016110126,ポンペイワーム,牡4,57,01102,北村友一,1:24.3,,2-2,37.4,4.7,3,528(-4),01022,[西]石坂正,138007,吉田和美,760.0,,,,,,,,,,,"(*1,5)11,4,14,7(2,15)(13,16)3(10,8,12)6,9",2,2,0.0,False,"(*1,5)(4,11)14(15,7)(2,16)(3,13)12(10,8)6-9",2,2,0.0,False,2,
202009060512,12,3歳以上1勝クラス,ダ,1400,晴,良,16:20,2020-12-19,阪神,2,2,4,2017100978,タイガーサイレンス,牡3,56,01130,高倉稜,1:24.6,2,4-3,37.5,23.0,7,456(0),01065,[西]大橋勇樹,049033,伊藤和夫,300.0,,,,,,,,,,,"(*1,5)11,4,14,7(2,15)(13,16)3(10,8,12)6,9",4,1,1.5,False,"(*1,5)(4,11)14(15,7)(2,16)(3,13)12(10,8)6-9",3,2,0.0,False,2,
202009060512,12,3歳以上1勝クラス,ダ,1400,晴,良,16:20,2020-12-19,阪神,3,2,3,2017100257,フィロス,牝3,54,01093,藤岡佑介,1:24.8,3/4,11-10,36.8,53.6,11,446(-10),00434,[西]西橋豊治,884800,高橋ファーム,190.0,,,,,,,,,,,"(*1,5)11,4,14,7(2,15)(13,16)3(10,8,12)6,9",11,1,4.5,False,"(*1,5)(4,11)14(15,7)(2,16)(3,13)12(10,8)6-9",10,2,0.0,False,2,
202009060512,12,3歳以上1勝クラス,ダ,1400,晴,良,16:20,2020-12-19,阪神,4,8,15,2017104129,イバル,牡3,56,05203,岩田康誠,1:24.9,1/2,7-6,37.2,5.6,4,514(+23),01085,[西]小崎憲,334803,ケーエスＨＤ,110.0,,,,,,,,,,,"(*1,5)11,4,14,7(2,15)(13,16)3(10,8,12)6,9",7,2,4.5,False,"(*1,5)(4,11)14(15,7)(2,16)(3,13)12(10,8)6-9",6,2,0.0,False,2,
202009060512,12,3歳以上1勝クラス,ダ,1400,晴,良,16:20,2020-12-19,阪神,5,8,16,2017110004,トロイカ,牡3,56,01014,福永祐一,1:25.0,3/4,9-8,37.1,3.7,1,482(+6),01058,[西]大久保龍,003060,ゴドルフィン,76.0,,,,,,,,,,,"(*1,5)11,4,14,7(2,15)(13,16)3(10,8,12)6,9",9,2,4.5,False,"(*1,5)(4,11)14(15,7)(2,16)(3,13)12(10,8)6-9",8,2,0.0,False,2,
202009060512,12,3歳以上1勝クラス,ダ,1400,晴,良,16:20,2020-12-19,阪神,6,3,6,2017100873,サウンドプリズム,牡3,56,00666,武豊,1:25.2,1.1/4,15-15,36.6,33.8,8,442(+12),01161,[西]武英智,168006,増田雄一,,,,,,,,,,,,"(*1,5)11,4,14,7(2,15)(13,16)3(10,8,12)6,9",15,1,4.5,False,"(*1,5)(4,11)14(15,7)(2,16)(3,13)12(10,8)6-9",15,1,0.0,False,2,
202009060512,12,3歳以上1勝クラス,ダ,1400,晴,良,16:20,2020-12-19,阪神,7,5,10,2016100961,タガノゴマチャン,牡4,57,01156,加藤祥太,1:25.2,ハナ,12-13,36.9,61.7,13,474(+8),00425,[西]加用正,859002,八木良司,,,,,,,,,,,,"(*1,5)11,4,14,7(2,15)(13,16)3(10,8,12)6,9",12,3,4.5,False,"(*1,5)(4,11)14(15,7)(2,16)(3,13)12(10,8)6-9",13,2,0.0,False,2,
202009060512,12,3歳以上1勝クラス,ダ,1400,晴,良,16:20,2020-12-19,阪神,8,6,12,2016100601,ハニエル,牝4,55,00732,幸英明,1:25.3,アタマ,12-12,37.1,6.9,5,448(-2),01130,[西]吉村圭司,788800,ノースヒルズ,,,,,,,,,,,,"(*1,5)11,4,14,7(2,15)(13,16)3(10,8,12)6,9",12,3,4.5,False,"(*1,5)(4,11)14(15,7)(2,16)(3,13)12(10,8)6-9",12,1,0.0,False,2,
202009060512,12,3歳以上1勝クラス,ダ,1400,晴,良,16:20,2020-12-19,阪神,9,7,13,2017109088,シュアゲイト,牡3,56,01124,国分恭介,1:25.6,1.3/4,9-10,37.6,46.6,10,480(-10),01073,[西]宮本博,148800,グリーンファーム,,,,,,,,,,,,"(*1,5)11,4,14,7(2,15)(13,16)3(10,8,12)6,9",9,2,4.5,False,"(*1,5)(4,11)14(15,7)(2,16)(3,13)12(10,8)6-9",10,2,0.0,False,2,
202009060512,12,3歳以上1勝クラス,ダ,1400,晴,良,16:20,2020-12-19,阪神,10,7,14,2015102371,ロードラナキラ,牡5,57,01126,松山弘平,1:25.7,1,5-5,38.4,36.1,9,474(+10),01117,[西]高野友和,170800,ロードホースクラブ,,,,,,,,,,,,"(*1,5)11,4,14,7(2,15)(13,16)3(10,8,12)6,9",5,1,3.0,False,"(*1,5)(4,11)14(15,7)(2,16)(3,13)12(10,8)6-9",5,1,0.0,False,2,
202009060512,12,3歳以上1勝クラス,ダ,1400,晴,良,16:20,2020-12-19,阪神,11,1,1,2016110154,エヴァキュアン,牡4,57,01099,鮫島良太,1:25.8,クビ,1-1,39.0,55.7,12,506(0),01039,[西]中竹和也,944030,加藤誠,,,,,,,,,,,,"(*1,5)11,4,14,7(2,15)(13,16)3(10,8,12)6,9",1,2,0.0,True,"(*1,5)(4,11)14(15,7)(2,16)(3,13)12(10,8)6-9",1,2,0.0,True,2,
202009060512,12,3歳以上1勝クラス,ダ,1400,晴,良,16:20,2020-12-19,阪神,12,4,8,2014104419,デフィ,牡6,57,05525,藤井勘一,1:25.9,1/2,12-13,37.6,353.8,15,514(-4),01135,[西]高橋康之,380033,佐藤理,,,,,,,,,,,,"(*1,5)11,4,14,7(2,15)(13,16)3(10,8,12)6,9",12,3,4.5,False,"(*1,5)(4,11)14(15,7)(2,16)(3,13)12(10,8)6-9",13,2,0.0,False,2,
202009060512,12,3歳以上1勝クラス,ダ,1400,晴,良,16:20,2020-12-19,阪神,13,1,2,2016101172,ファイナライズ,牝4,55,01163,坂井瑠星,1:26.2,1.3/4,7-8,38.5,101.7,14,488(+8),01176,[西]吉岡辰弥,170800,ロードホースクラブ,,,,,,,,,,,,"(*1,5)11,4,14,7(2,15)(13,16)3(10,8,12)6,9",7,2,4.5,False,"(*1,5)(4,11)14(15,7)(2,16)(3,13)12(10,8)6-9",8,2,0.0,False,2,
202009060512,12,3歳以上1勝クラス,ダ,1400,晴,良,16:20,2020-12-19,阪神,14,4,7,2017106369,メイショウアサヒ,牝3,54,01032,池添謙一,1:26.7,3,6-6,39.1,20.7,6,472(-10),01104,[西]笹田和秀,911008,松本好隆,,,,,,,,,,,,"(*1,5)11,4,14,7(2,15)(13,16)3(10,8,12)6,9",6,1,4.5,False,"(*1,5)(4,11)14(15,7)(2,16)(3,13)12(10,8)6-9",6,2,0.0,False,2,
202009060512,12,3歳以上1勝クラス,ダ,1400,晴,良,16:20,2020-12-19,阪神,15,5,9,2016110129,ステイグリーン,牡4,57,01166,川又賢治,1:26.9,1.1/2,16-16,38.1,502.5,16,522(+10),00427,[西]森秀行,784033,風早信昭,,,,,,,,,,,,"(*1,5)11,4,14,7(2,15)(13,16)3(10,8,12)6,9",16,1,6.0,False,"(*1,5)(4,11)14(15,7)(2,16)(3,13)12(10,8)6-9",16,1,3.5,False,2,
202009060512,12,3歳以上1勝クラス,ダ,1400,晴,良,16:20,2020-12-19,阪神,16,6,11,2017104138,グランレイ,牡3,55,01180,団野大成,1:27.0,アタマ,3-3,39.9,4.6,2,462(0),01144,[西]池添学,463800,名古屋友豊,,,,,,,,,,,,"(*1,5)11,4,14,7(2,15)(13,16)3(10,8,12)6,9",3,1,0.0,False,"(*1,5)(4,11)14(15,7)(2,16)(3,13)12(10,8)6-9",3,2,0.0,False,2,
202007030501,1,2歳未勝利,ダ,1800,曇,良,10:00,2020-12-19,中京,1,6,11,2018110094,レディマーシー,牝2,54,00663,蛯名正義,1:54.7,,2-2-2-2,37.6,18.7,7,460(-6),01078,[西]北出成人,853002,松本俊廣,510.0,"7,11(6,12)16(4,14)2(1,9)(8,15)5(3,10)=13",2,1,1.5,False,"7,11,6,12,16(4,14)(2,1)9(5,8)15,3,10=13",2,1,1.5,False,"(*7,11)(6,12)16(4,14)(2,1)9,5(15,10)-8-3=13",2,2,0.0,False,"(*7,11)-(6,12)16,4(2,14)(5,9,1)-15,10-8=3=13",2,2,0.0,False,-4,
202007030501,1,2歳未勝利,ダ,1800,曇,良,10:00,2020-12-19,中京,2,3,6,2018110076,ヴォワドアンジェ,牝2,54,01171,西村淳也,1:55.5,5,3-3-3-3,38.1,5.7,2,460(+2),01039,[西]中竹和也,948006,前田幸治,200.0,"7,11(6,12)16(4,14)2(1,9)(8,15)5(3,10)=13",3,2,1.5,False,"7,11,6,12,16(4,14)(2,1)9(5,8)15,3,10=13",3,1,3.0,False,"(*7,11)(6,12)16(4,14)(2,1)9,5(15,10)-8-3=13",3,2,0.0,False,"(*7,11)-(6,12)16,4(2,14)(5,9,1)-15,10-8=3=13",3,2,3.5,False,-4,
202007030501,1,2歳未勝利,ダ,1800,曇,良,10:00,2020-12-19,中京,3,6,12,2018106193,キクノクライフ,牡2,55,00894,小牧太,1:55.6,1/2,3-4-3-3,38.3,2.2,1,488(-2),01101,[西]吉田直弘,372002,菊池五郎,130.0,"7,11(6,12)16(4,14)2(1,9)(8,15)5(3,10)=13",3,2,1.5,False,"7,11,6,12,16(4,14)(2,1)9(5,8)15,3,10=13",4,1,4.5,False,"(*7,11)(6,12)16(4,14)(2,1)9,5(15,10)-8-3=13",3,2,0.0,False,"(*7,11)-(6,12)16,4(2,14)(5,9,1)-15,10-8=3=13",3,2,3.5,False,-4,
202007030501,1,2歳未勝利,ダ,1800,曇,良,10:00,2020-12-19,中京,4,5,9,2018103470,シゲルバクハツ,牡2,54,01179,菅原明良,1:55.7,1/2,9-10-10-9,37.4,14.0,6,476(+4),00428,[東]石毛善彦,674004,森中蕃,77.0,"7,11(6,12)16(4,14)2(1,9)(8,15)5(3,10)=13",9,2,1.5,False,"7,11,6,12,16(4,14)(2,1)9(5,8)15,3,10=13",10,1,6.0,False,"(*7,11)(6,12)16(4,14)(2,1)9,5(15,10)-8-3=13",10,1,0.0,False,"(*7,11)-(6,12)16,4(2,14)(5,9,1)-15,10-8=3=13",9,3,5.0,False,-4,
202007030501,1,2歳未勝利,ダ,1800,曇,良,10:00,2020-12-19,中京,5,4,7,2018103300,テーオーアングル,牡2,55,01116,藤岡康太,1:56.1,2,1-1-1-1,39.0,5.8,3,484(+12),01018,[西]宮徹,304008,小笹公也,51.0,"7,11(6,12)16(4,14)2(1,9)(8,15)5(3,10)=13",1,1,0.0,False,"7,11,6,12,16(4,14)(2,1)9(5,8)15,3,10=13",1,1,0.0,False,"(*7,11)(6,12)16(4,14)(2,1)9,5(15,10)-8-3=13",1,2,0.0,True,"(*7,11)-(6,12)16,4(2,14)(5,9,1)-15,10-8=3=13",1,2,0.0,True,-4,
202007030501,1,2歳未勝利,ダ,1800,曇,良,10:00,2020-12-19,中京,6,1,2,2018110101,コスモシェルパ,牡2,55,01010,柴田未崎,1:56.5,2.1/2,8-8-8-7,38.5,143.4,14,444(+8),01018,[西]宮徹,716800,ビッグレッドファーム,,"7,11(6,12)16(4,14)2(1,9)(8,15)5(3,10)=13",8,1,1.5,False,"7,11,6,12,16(4,14)(2,1)9(5,8)15,3,10=13",8,2,6.0,False,"(*7,11)(6,12)16(4,14)(2,1)9,5(15,10)-8-3=13",8,2,0.0,False,"(*7,11)-(6,12)16,4(2,14)(5,9,1)-15,10-8=3=13",7,2,5.0,False,-4,
202007030501,1,2歳未勝利,ダ,1800,曇,良,10:00,2020-12-19,中京,7,8,16,2018100923,ヴィクトリオン,牡2,55,01128,川須栄彦,1:56.5,クビ,5-5-5-5,39.0,13.7,5,494(+4),01091,[西]羽月友彦,547033,菅原広隆,,"7,11(6,12)16(4,14)2(1,9)(8,15)5(3,10)=13",5,1,1.5,False,"7,11,6,12,16(4,14)(2,1)9(5,8)15,3,10=13",5,1,6.0,False,"(*7,11)(6,12)16(4,14)(2,1)9,5(15,10)-8-3=13",5,1,0.0,False,"(*7,11)-(6,12)16,4(2,14)(5,9,1)-15,10-8=3=13",5,1,3.5,False,-4,
202007030501,1,2歳未勝利,ダ,1800,曇,良,10:00,2020-12-19,中京,8,3,5,2018101915,ジャストビフォー,牡2,54,01161,菊沢一樹,1:56.9,2,13-11-11-9,38.5,204.3,15,462(+8),01027,[東]田村康仁,798033,山口裕介,,"7,11(6,12)16(4,14)2(1,9)(8,15)5(3,10)=13",13,1,1.5,False,"7,11,6,12,16(4,14)(2,1)9(5,8)15,3,10=13",11,2,6.0,False,"(*7,11)(6,12)16(4,14)(2,1)9,5(15,10)-8-3=13",11,1,1.5,False,"(*7,11)-(6,12)16,4(2,14)(5,9,1)-15,10-8=3=13",9,3,5.0,False,-4,
202007030501,1,2歳未勝利,ダ,1800,曇,良,10:00,2020-12-19,中京,9,5,10,2018106464,メイショウイッコン,牝2,52,01173,山田敬士,1:56.9,クビ,14-15-12-13,38.2,12.4,4,442(0),01136,[西]高橋亮,523005,松本好雄,,"7,11(6,12)16(4,14)2(1,9)(8,15)5(3,10)=13",14,2,1.5,False,"7,11,6,12,16(4,14)(2,1)9(5,8)15,3,10=13",15,1,9.0,False,"(*7,11)(6,12)16(4,14)(2,1)9,5(15,10)-8-3=13",12,2,1.5,False,"(*7,11)-(6,12)16,4(2,14)(5,9,1)-15,10-8=3=13",13,1,10.0,False,-4,
202007030501,1,2歳未勝利,ダ,1800,曇,良,10:00,2020-12-19,中京,10,7,14,2018104571,ワイドアウェイク,牝2,51,01182,泉谷楓真,1:57.0,1/2,6-6-6-7,39.3,23.8,8,486(-2),00425,[西]加用正,148800,グリーンファーム,,"7,11(6,12)16(4,14)2(1,9)(8,15)5(3,10)=13",6,2,1.5,False,"7,11,6,12,16(4,14)(2,1)9(5,8)15,3,10=13",6,2,6.0,False,"(*7,11)(6,12)16(4,14)(2,1)9,5(15,10)-8-3=13",6,2,0.0,False,"(*7,11)-(6,12)16,4(2,14)(5,9,1)-15,10-8=3=13",7,2,5.0,False,-4,
202007030501,1,2歳未勝利,ダ,1800,曇,良,10:00,2020-12-19,中京,11,8,15,2018105567,フレディアーノ,牡2,55,01157,鮫島克駿,1:57.5,3,11-13-12-12,38.9,57.1,10,530(+2),01129,[西]高橋義忠,231033,吉田晴哉,,"7,11(6,12)16(4,14)2(1,9)(8,15)5(3,10)=13",11,2,1.5,False,"7,11,6,12,16(4,14)(2,1)9(5,8)15,3,10=13",13,1,6.0,False,"(*7,11)(6,12)16(4,14)(2,1)9,5(15,10)-8-3=13",12,2,1.5,False,"(*7,11)-(6,12)16,4(2,14)(5,9,1)-15,10-8=3=13",12,1,8.5,False,-4,
202007030501,1,2歳未勝利,ダ,1800,曇,良,10:00,2020-12-19,中京,12,2,4,2018106081,エルシノア,牡2,54,01168,富田暁,1:58.3,5,6-6-6-6,40.6,43.8,9,538(-8),01161,[西]武英智,361800,杵臼牧場,,"7,11(6,12)16(4,14)2(1,9)(8,15)5(3,10)=13",6,2,1.5,False,"7,11,6,12,16(4,14)(2,1)9(5,8)15,3,10=13",6,2,6.0,False,"(*7,11)(6,12)16(4,14)(2,1)9,5(15,10)-8-3=13",6,2,0.0,False,"(*7,11)-(6,12)16,4(2,14)(5,9,1)-15,10-8=3=13",6,1,5.0,False,-4,
202007030501,1,2歳未勝利,ダ,1800,曇,良,10:00,2020-12-19,中京,13,1,1,2018101131,インバシオン,牡2,55,05243,柴山雄一,1:58.6,2,9-8-8-9,40.7,84.3,11,506(+18),01046,[西]鮫島一歩,504007,田島政光,,"7,11(6,12)16(4,14)2(1,9)(8,15)5(3,10)=13",9,2,1.5,False,"7,11,6,12,16(4,14)(2,1)9(5,8)15,3,10=13",8,2,6.0,False,"(*7,11)(6,12)16(4,14)(2,1)9,5(15,10)-8-3=13",8,2,0.0,False,"(*7,11)-(6,12)16,4(2,14)(5,9,1)-15,10-8=3=13",9,3,5.0,False,-4,
202007030501,1,2歳未勝利,ダ,1800,曇,良,10:00,2020-12-19,中京,14,4,8,2018103370,メイショウヤマミチ,牡2,54,01176,亀田温心,2:00.0,8,11-11-14-14,40.9,130.6,12,468(+4),01046,[西]鮫島一歩,523005,松本好雄,,"7,11(6,12)16(4,14)2(1,9)(8,15)5(3,10)=13",11,2,1.5,False,"7,11,6,12,16(4,14)(2,1)9(5,8)15,3,10=13",11,2,6.0,False,"(*7,11)(6,12)16(4,14)(2,1)9,5(15,10)-8-3=13",14,1,5.0,False,"(*7,11)-(6,12)16,4(2,14)(5,9,1)-15,10-8=3=13",14,1,13.5,False,-4,
202007030501,1,2歳未勝利,ダ,1800,曇,良,10:00,2020-12-19,中京,15,7,13,2018105991,ビービージェニファ,牝2,54,01062,川島信二,2:01.7,10,16-16-16-16,39.9,138.3,13,452(+4),00425,[西]加用正,185800,坂東牧場,,"7,11(6,12)16(4,14)2(1,9)(8,15)5(3,10)=13",16,1,7.5,False,"7,11,6,12,16(4,14)(2,1)9(5,8)15,3,10=13",16,1,15.0,False,"(*7,11)(6,12)16(4,14)(2,1)9,5(15,10)-8-3=13",16,1,14.5,False,"(*7,11)-(6,12)16,4(2,14)(5,9,1)-15,10-8=3=13",16,1,25.5,False,-4,
202007030501,1,2歳未勝利,ダ,1800,曇,良,10:00,2020-12-19,中京,16,2,3,2018100717,ワイワイライリー,牡2,55,01160,荻野極,2:02.4,4,14-14-15-15,42.7,261.2,16,476(-4),00408,[東]田中清隆,731033,山田泰司,,"7,11(6,12)16(4,14)2(1,9)(8,15)5(3,10)=13",14,2,1.5,False,"7,11,6,12,16(4,14)(2,1)9(5,8)15,3,10=13",14,1,7.5,False,"(*7,11)(6,12)16(4,14)(2,1)9,5(15,10)-8-3=13",15,1,8.5,False,"(*7,11)-(6,12)16,4(2,14)(5,9,1)-15,10-8=3=13",15,1,19.5,False,-4,
202007030502,2,3歳以上1勝クラス,ダ,1800,曇,良,10:30,2020-12-19,中京,1,4,4,2017105416,フラーレン,牝3,54,01116,藤岡康太,1:54.8,,2-2-2-3,37.1,4.3,2,510(+6),01123,[西]牧田和弥,226800,サンデーレーシング,760.0,"(*2,4)(1,6)9(3,7,10)8(5,11)",2,2,0.0,False,"(*2,4)(1,6)9(7,10)(3,8)(5,11)",2,2,0.0,False,"(*8,2,4)11-(9,6)(1,10)(3,7)5",2,3,0.0,False,"(*8,2)4,9(6,11)(1,3,7,10)5",3,1,0.0,False,-4,
202007030502,2,3歳以上1勝クラス,ダ,1800,曇,良,10:30,2020-12-19,中京,2,2,2,2017105343,アドマイヤメティス,牝3,54,01115,浜中俊,1:55.9,7,1-1-2-2,38.2,4.9,3,428(+2),01105,[西]須貝尚介,535031,近藤旬子,300.0,"(*2,4)(1,6)9(3,7,10)8(5,11)",1,2,0.0,True,"(*2,4)(1,6)9(7,10)(3,8)(5,11)",1,2,0.0,True,"(*8,2,4)11-(9,6)(1,10)(3,7)5",2,3,0.0,False,"(*8,2)4,9(6,11)(1,3,7,10)5",2,2,0.0,False,-4,
202007030502,2,3歳以上1勝クラス,ダ,1800,曇,良,10:30,2020-12-19,中京,3,7,9,2017101790,シェーン,牝3,54,01157,鮫島克駿,1:55.9,クビ,5-5-5-4,37.7,10.4,5,476(+4),01121,[西]角田晃一,788800,ノースヒルズ,190.0,"(*2,4)(1,6)9(3,7,10)8(5,11)",5,1,0.0,False,"(*2,4)(1,6)9(7,10)(3,8)(5,11)",5,1,0.0,False,"(*8,2,4)11-(9,6)(1,10)(3,7)5",5,2,3.5,False,"(*8,2)4,9(6,11)(1,3,7,10)5",4,1,1.5,False,-4,
202007030502,2,3歳以上1勝クラス,ダ,1800,曇,良,10:30,2020-12-19,中京,4,5,5,2017105012,チェルアルコ,牝3,51,01182,泉谷楓真,1:56.3,2.1/2,10-10-11-11,37.6,2.3,1,530(+4),01142,[西]森田直行,231033,吉田晴哉,110.0,"(*2,4)(1,6)9(3,7,10)8(5,11)",10,2,0.0,False,"(*2,4)(1,6)9(7,10)(3,8)(5,11)",10,2,0.0,False,"(*8,2,4)11-(9,6)(1,10)(3,7)5",11,1,3.5,False,"(*8,2)4,9(6,11)(1,3,7,10)5",11,1,1.5,False,-4,
202007030502,2,3歳以上1勝クラス,ダ,1800,曇,良,10:30,2020-12-19,中京,5,6,7,2015104593,フラッグサルート,牝5,52,01181,秋山稔樹,1:56.3,ハナ,6-6-9-7,37.7,67.7,9,452(+7),01138,[西]浜田多実,758005,吉田照哉,76.0,"(*2,4)(1,6)9(3,7,10)8(5,11)",6,3,0.0,False,"(*2,4)(1,6)9(7,10)(3,8)(5,11)",6,2,0.0,False,"(*8,2,4)11-(9,6)(1,10)(3,7)5",9,2,3.5,False,"(*8,2)4,9(6,11)(1,3,7,10)5",7,4,1.5,False,-4,
202007030502,2,3歳以上1勝クラス,ダ,1800,曇,良,10:30,2020-12-19,中京,6,8,11,2017100087,ナムラパフィン,牝3,52,01164,藤田菜七,1:56.5,1.1/2,10-10-4-5,38.7,8.1,4,430(+8),01111,[西]鈴木孝志,972002,奈村睦弘,,"(*2,4)(1,6)9(3,7,10)8(5,11)",10,2,0.0,False,"(*2,4)(1,6)9(7,10)(3,8)(5,11)",10,2,0.0,False,"(*8,2,4)11-(9,6)(1,10)(3,7)5",4,1,0.0,False,"(*8,2)4,9(6,11)(1,3,7,10)5",5,2,1.5,False,-4,
202007030502,2,3歳以上1勝クラス,ダ,1800,曇,良,10:30,2020-12-19,中京,7,7,8,2016104345,ベルヴォワ,牝4,55,01160,荻野極,1:56.6,クビ,9-8-1-1,38.9,27.5,7,476(+2),01075,[西]矢作芳人,808800,Ｇ１レーシング,,"(*2,4)(1,6)9(3,7,10)8(5,11)",9,1,0.0,False,"(*2,4)(1,6)9(7,10)(3,8)(5,11)",8,2,0.0,False,"(*8,2,4)11-(9,6)(1,10)(3,7)5",1,3,0.0,True,"(*8,2)4,9(6,11)(1,3,7,10)5",1,2,0.0,True,-4,
202007030502,2,3歳以上1勝クラス,ダ,1800,曇,良,10:30,2020-12-19,中京,8,1,1,2017105084,アルタグラシア,牝3,53,01168,富田暁,1:56.9,1.3/4,3-3-7-7,38.5,67.9,10,468(-2),01082,[西]平田修,415800,社台レースホース,,"(*2,4)(1,6)9(3,7,10)8(5,11)",3,2,0.0,False,"(*2,4)(1,6)9(7,10)(3,8)(5,11)",3,2,0.0,False,"(*8,2,4)11-(9,6)(1,10)(3,7)5",7,2,3.5,False,"(*8,2)4,9(6,11)(1,3,7,10)5",7,4,1.5,False,-4,
202007030502,2,3歳以上1勝クラス,ダ,1800,曇,良,10:30,2020-12-19,中京,9,6,6,2017103800,フルートフルデイズ,牝3,54,01141,中井裕二,1:57.1,1.1/2,3-3-5-5,39.0,139.2,11,472(+6),01138,[西]浜田多実,994002,飯田正剛,,"(*2,4)(1,6)9(3,7,10)8(5,11)",3,2,0.0,False,"(*2,4)(1,6)9(7,10)(3,8)(5,11)",3,2,0.0,False,"(*8,2,4)11-(9,6)(1,10)(3,7)5",5,2,3.5,False,"(*8,2)4,9(6,11)(1,3,7,10)5",5,2,1.5,False,-4,
202007030502,2,3歳以上1勝クラス,ダ,1800,曇,良,10:30,2020-12-19,中京,10,3,3,2017102885,ソニックビースト,牝3,54,01128,川須栄彦,1:57.3,1.1/4,6-8-9-7,38.7,12.4,6,498(+4),00411,[西]浅見秀一,053803,杉山忠国,,"(*2,4)(1,6)9(3,7,10)8(5,11)",6,3,0.0,False,"(*2,4)(1,6)9(7,10)(3,8)(5,11)",8,2,0.0,False,"(*8,2,4)11-(9,6)(1,10)(3,7)5",9,2,3.5,False,"(*8,2)4,9(6,11)(1,3,7,10)5",7,4,1.5,False,-4,
202007030502,2,3歳以上1勝クラス,ダ,1800,曇,良,10:30,2020-12-19,中京,11,8,10,2017103838,ピュアリーグッド,牝3,53,01176,亀田温心,1:59.0,10,6-6-7-7,40.6,44.1,8,466(+8),01069,[西]中尾秀正,994002,飯田正剛,,"(*2,4)(1,6)9(3,7,10)8(5,11)",6,3,0.0,False,"(*2,4)(1,6)9(7,10)(3,8)(5,11)",6,2,0.0,False,"(*8,2,4)11-(9,6)(1,10)(3,7)5",7,2,3.5,False,"(*8,2)4,9(6,11)(1,3,7,10)5",7,4,1.5,False,-4,
202007030503,3,3歳以上1勝クラス,ダ,1200,曇,良,11:00,2020-12-19,中京,1,2,4,2016100101,コウユークロガヨカ,牡4,54,01181,秋山稔樹,1:12.2,,2-2,36.7,2.0,1,472(0),01152,[東]竹内正洋,116033,加治屋貞光,760.0,,,,,,,,,,,"(*9,4)14(13,6,16)7-(5,10)(3,15)(2,12,8)1-11",2,2,0.0,False,"(*9,4)14(7,13,6,16)-(5,10)3(15,8)2,12(1,11)",2,2,0.0,False,-4,
202007030503,3,3歳以上1勝クラス,ダ,1200,曇,良,11:00,2020-12-19,中京,2,4,7,2016103900,エスケーアタランタ,牝4,54,01168,富田暁,1:12.4,1.1/4,7-4,36.4,4.5,2,468(+2),01033,[西]木原一良,993009,菅藤宗一,300.0,,,,,,,,,,,"(*9,4)14(13,6,16)7-(5,10)(3,15)(2,12,8)1-11",7,1,0.0,False,"(*9,4)14(7,13,6,16)-(5,10)3(15,8)2,12(1,11)",4,4,0.0,False,-4,
202007030503,3,3歳以上1勝クラス,ダ,1200,曇,良,11:00,2020-12-19,中京,3,5,9,2017103167,ハギノオーロ,牝3,54,01171,西村淳也,1:12.6,1.1/2,1-1,37.1,22.1,6,516(+10),01117,[西]高野友和,631006,安岡美津子,190.0,,,,,,,,,,,"(*9,4)14(13,6,16)7-(5,10)(3,15)(2,12,8)1-11",1,2,0.0,True,"(*9,4)14(7,13,6,16)-(5,10)3(15,8)2,12(1,11)",1,2,0.0,True,-4,
202007030503,3,3歳以上1勝クラス,ダ,1200,曇,良,11:00,2020-12-19,中京,4,7,13,2017100956,セントクリーガー,牝3,51,01182,泉谷楓真,1:12.9,1.1/2,4-4,37.0,6.4,3,500(+6),01168,[西]上村洋行,141033,中居路博,110.0,,,,,,,,,,,"(*9,4)14(13,6,16)7-(5,10)(3,15)(2,12,8)1-11",4,3,0.0,False,"(*9,4)14(7,13,6,16)-(5,10)3(15,8)2,12(1,11)",4,4,0.0,False,-4,
202007030503,3,3歳以上1勝クラス,ダ,1200,曇,良,11:00,2020-12-19,中京,5,8,16,2017100167,カイアワセ,牝3,54,05243,柴山雄一,1:13.0,1.1/4,4-4,37.1,37.6,9,436(0),01030,[東]星野忍,149033,内田玄祥,76.0,,,,,,,,,,,"(*9,4)14(13,6,16)7-(5,10)(3,15)(2,12,8)1-11",4,3,0.0,False,"(*9,4)14(7,13,6,16)-(5,10)3(15,8)2,12(1,11)",4,4,0.0,False,-4,
202007030503,3,3歳以上1勝クラス,ダ,1200,曇,良,11:00,2020-12-19,中京,6,3,6,2017102959,ゴーゴーレイワ,牝3,54,01115,浜中俊,1:13.3,1.3/4,4-4,37.4,6.6,4,476(+2),01016,[西]西浦勝一,710033,上山牧,,,,,,,,,,,,"(*9,4)14(13,6,16)7-(5,10)(3,15)(2,12,8)1-11",4,3,0.0,False,"(*9,4)14(7,13,6,16)-(5,10)3(15,8)2,12(1,11)",4,4,0.0,False,-4,
202007030503,3,3歳以上1勝クラス,ダ,1200,曇,良,11:00,2020-12-19,中京,7,5,10,2014100659,ラブリースパイス,牝6,54,01176,亀田温心,1:13.3,クビ,8-8,36.9,72.0,12,458(+20),01078,[西]北出成人,948006,前田幸治,,,,,,,,,,,,"(*9,4)14(13,6,16)7-(5,10)(3,15)(2,12,8)1-11",8,2,3.5,False,"(*9,4)14(7,13,6,16)-(5,10)3(15,8)2,12(1,11)",8,2,3.5,False,-4,
202007030503,3,3歳以上1勝クラス,ダ,1200,曇,良,11:00,2020-12-19,中京,8,3,5,2016101234,トウケイココノエ,牝4,55,01141,中井裕二,1:13.4,クビ,8-8,37.1,30.0,7,540(+4),01142,[西]森田直行,258006,木村信彦,,,,,,,,,,,,"(*9,4)14(13,6,16)7-(5,10)(3,15)(2,12,8)1-11",8,2,3.5,False,"(*9,4)14(7,13,6,16)-(5,10)3(15,8)2,12(1,11)",8,2,3.5,False,-4,
202007030503,3,3歳以上1勝クラス,ダ,1200,曇,良,11:00,2020-12-19,中京,9,8,15,2017104128,バーンパッション,牡3,55,01179,菅原明良,1:13.5,3/4,10-11,37.0,35.7,8,472(+12),01081,[東]中川公成,851009,岡田牧雄,,,,,,,,,,,,"(*9,4)14(13,6,16)7-(5,10)(3,15)(2,12,8)1-11",10,2,3.5,False,"(*9,4)14(7,13,6,16)-(5,10)3(15,8)2,12(1,11)",11,2,3.5,False,-4,
202007030503,3,3歳以上1勝クラス,ダ,1200,曇,良,11:00,2020-12-19,中京,10,4,8,2016105122,スターアイランド,牝4,53,01173,山田敬士,1:13.8,1.3/4,12-11,37.1,557.3,16,412(+4),01079,[東]古賀慎明,790033,荒井眞澄,,,,,,,,,,,,"(*9,4)14(13,6,16)7-(5,10)(3,15)(2,12,8)1-11",12,3,3.5,False,"(*9,4)14(7,13,6,16)-(5,10)3(15,8)2,12(1,11)",11,2,3.5,False,-4,
202007030503,3,3歳以上1勝クラス,ダ,1200,曇,良,11:00,2020-12-19,中京,11,1,2,2017101475,ストレガ,牝3,51,01183,小林脩斗,1:13.9,クビ,12-13,37.1,430.9,15,462(-6),00421,[東]浅野洋一,847033,清川信弘,,,,,,,,,,,,"(*9,4)14(13,6,16)7-(5,10)(3,15)(2,12,8)1-11",12,3,3.5,False,"(*9,4)14(7,13,6,16)-(5,10)3(15,8)2,12(1,11)",13,1,3.5,False,-4,
202007030503,3,3歳以上1勝クラス,ダ,1200,曇,良,11:00,2020-12-19,中京,12,2,3,2017103723,コトブキレイア,牝3,54,01119,伊藤工真,1:13.9,ハナ,10-10,37.4,56.8,11,458(+12),01132,[東]金成貴史,566006,尾上松壽,,,,,,,,,,,,"(*9,4)14(13,6,16)7-(5,10)(3,15)(2,12,8)1-11",10,2,3.5,False,"(*9,4)14(7,13,6,16)-(5,10)3(15,8)2,12(1,11)",10,1,3.5,False,-4,
202007030503,3,3歳以上1勝クラス,ダ,1200,曇,良,11:00,2020-12-19,中京,13,7,14,2017103766,フレッシュステージ,セ3,56,00894,小牧太,1:13.9,ハナ,3-3,38.2,50.9,10,438(-6),01104,[西]笹田和秀,772002,西村新一郎,,,,,,,,,,,,"(*9,4)14(13,6,16)7-(5,10)(3,15)(2,12,8)1-11",3,1,0.0,False,"(*9,4)14(7,13,6,16)-(5,10)3(15,8)2,12(1,11)",3,1,0.0,False,-4,
202007030503,3,3歳以上1勝クラス,ダ,1200,曇,良,11:00,2020-12-19,中京,14,6,12,2017104764,デルマトルマリン,牝3,54,01128,川須栄彦,1:14.2,1.3/4,12-14,37.4,320.0,14,480(+22),01123,[西]牧田和弥,274002,浅沼廣幸,,,,,,,,,,,,"(*9,4)14(13,6,16)7-(5,10)(3,15)(2,12,8)1-11",12,3,3.5,False,"(*9,4)14(7,13,6,16)-(5,10)3(15,8)2,12(1,11)",14,1,5.0,False,-4,
202007030503,3,3歳以上1勝クラス,ダ,1200,曇,良,11:00,2020-12-19,中京,15,1,1,2017101288,ヤサカパフィー,牝3,52,01164,藤田菜七,1:14.5,1.3/4,15-15,37.5,22.0,5,476(+6),01094,[東]水野貴広,220030,志邑宣彦,,,,,,,,,,,,"(*9,4)14(13,6,16)7-(5,10)(3,15)(2,12,8)1-11",15,1,3.5,False,"(*9,4)14(7,13,6,16)-(5,10)3(15,8)2,12(1,11)",15,2,5.0,False,-4,
202007030503,3,3歳以上1勝クラス,ダ,1200,曇,良,11:00,2020-12-19,中京,16,6,11,2015101985,ブロンドキュート,牝5,54,01161,菊沢一樹,1:14.8,2,16-15,37.5,212.2,13,458(0),01100,[東]松山将樹,321800,友駿ホースクラブ,,,,,,,,,,,,"(*9,4)14(13,6,16)7-(5,10)(3,15)(2,12,8)1-11",16,1,7.0,False,"(*9,4)14(7,13,6,16)-(5,10)3(15,8)2,12(1,11)",15,2,5.0,False,-4,
202007030504,4,障害3歳以上未勝利,芝,3000,晴,良,11:30,2020-12-19,中京,1,8,14,2016100614,トゥルボー,牡4,60,01123,小野寺祐,3:21.7,,4-4-3-4,13.4,17.3,6,506(+6),01076,[東]小笠倫弘,788800,ノースヒルズ,790.0,"2,11,7=14-4,13,5,3(1,8)=10=9-6   12",4,1,9.0,False,"2,11,7=14,13,4-(5,3)(1,8)-10=9-6   12",4,1,9.0,False,"2,11(7,14,13)=3-5,8-4,1=9-10=6   12",3,3,1.5,False,"2-(11,13)(7,14)-3=(5,8)-1-4=9=10,6   12",4,2,3.5,False,,Bコースに替わったが、最終週となり、ここまで2週と比較すれば時計は掛かっていた。
202007030504,4,障害3歳以上未勝利,芝,3000,晴,良,11:30,2020-12-19,中京,2,8,13,2014101558,レッドローゼス,牡6,60,01068,蓑島靖典,3:21.9,1.1/4,6-5-3-2,13.5,2.8,1,490(+6),00399,[東]国枝栄,180800,東京ホースレーシング,320.0,"2,11,7=14-4,13,5,3(1,8)=10=9-6   12",6,1,14.0,False,"2,11,7=14,13,4-(5,3)(1,8)-10=9-6   12",5,1,10.5,False,"2,11(7,14,13)=3-5,8-4,1=9-10=6   12",3,3,1.5,False,"2-(11,13)(7,14)-3=(5,8)-1-4=9=10,6   12",2,2,3.5,False,,Bコースに替わったが、最終週となり、ここまで2週と比較すれば時計は掛かっていた。
202007030504,4,障害3歳以上未勝利,芝,3000,晴,良,11:30,2020-12-19,中京,3,7,11,2017103189,クリノテルチャン,牝3,56,01061,大庭和弥,3:22.0,1/2,2-2-2-2,13.5,34.2,8,490(0),01131,[東]蛯名利弘,970006,栗本博晴,200.0,"2,11,7=14-4,13,5,3(1,8)=10=9-6   12",2,1,1.5,False,"2,11,7=14,13,4-(5,3)(1,8)-10=9-6   12",2,1,1.5,False,"2,11(7,14,13)=3-5,8-4,1=9-10=6   12",2,1,1.5,False,"2-(11,13)(7,14)-3=(5,8)-1-4=9=10,6   12",2,2,3.5,False,,Bコースに替わったが、最終週となり、ここまで2週と比較すれば時計は掛かっていた。
202007030504,4,障害3歳以上未勝利,芝,3000,晴,良,11:30,2020-12-19,中京,4,3,3,2012103491,ダイワスキャンプ,セ8,60,01069,五十嵐雄,3:22.3,1.3/4,8-7-6-6,13.5,6.8,4,440(-2),01097,[東]鹿戸雄一,593031,大城正一,120.0,"2,11,7=14-4,13,5,3(1,8)=10=9-6   12",8,1,17.0,False,"2,11,7=14,13,4-(5,3)(1,8)-10=9-6   12",7,2,15.5,False,"2,11(7,14,13)=3-5,8-4,1=9-10=6   12",6,1,7.5,False,"2-(11,13)(7,14)-3=(5,8)-1-4=9=10,6   12",6,1,7.0,False,,Bコースに替わったが、最終週となり、ここまで2週と比較すれば時計は掛かっていた。
202007030504,4,障害3歳以上未勝利,芝,3000,晴,良,11:30,2020-12-19,中京,5,2,2,2015105385,ウエスタンマリーヤ,牝5,58,01087,上野翔,3:22.8,3.1/2,1-1-1-1,13.5,48.5,9,486(0),01125,[東]小野次郎,929006,西川賢,79.0,"2,11,7=14-4,13,5,3(1,8)=10=9-6   12",1,1,0.0,False,"2,11,7=14,13,4-(5,3)(1,8)-10=9-6   12",1,1,0.0,False,"2,11(7,14,13)=3-5,8-4,1=9-10=6   12",1,1,0.0,False,"2-(11,13)(7,14)-3=(5,8)-1-4=9=10,6   12",1,1,0.0,False,,Bコースに替わったが、最終週となり、ここまで2週と比較すれば時計は掛かっていた。
202007030504,4,障害3歳以上未勝利,芝,3000,晴,良,11:30,2020-12-19,中京,6,5,7,2017104379,トーセンポエム,牡3,58,01113,草野太郎,3:23.2,2,3-3-3-4,13.5,107.9,11,496(+4),01008,[東]杉浦宏昭,270006,島川隆哉,,"2,11,7=14-4,13,5,3(1,8)=10=9-6   12",3,1,3.0,False,"2,11,7=14,13,4-(5,3)(1,8)-10=9-6   12",3,1,3.0,False,"2,11(7,14,13)=3-5,8-4,1=9-10=6   12",3,3,1.5,False,"2-(11,13)(7,14)-3=(5,8)-1-4=9=10,6   12",4,2,3.5,False,,Bコースに替わったが、最終週となり、ここまで2週と比較すれば時計は掛かっていた。
202007030504,4,障害3歳以上未勝利,芝,3000,晴,良,11:30,2020-12-19,中京,7,5,8,2017105431,マスカテル,牡3,58,01101,中村将之,3:23.4,1.1/2,9-9-8-7,13.6,4.1,2,490(+6),01073,[西]宮本博,506800,シルクレーシング,,"2,11,7=14-4,13,5,3(1,8)=10=9-6   12",9,2,17.0,False,"2,11,7=14,13,4-(5,3)(1,8)-10=9-6   12",9,2,15.5,False,"2,11(7,14,13)=3-5,8-4,1=9-10=6   12",8,1,12.5,False,"2-(11,13)(7,14)-3=(5,8)-1-4=9=10,6   12",7,2,13.0,False,,Bコースに替わったが、最終週となり、ここまで2週と比較すれば時計は掛かっていた。
202007030504,4,障害3歳以上未勝利,芝,3000,晴,良,11:30,2020-12-19,中京,8,4,5,2015105010,ハーツフェルト,牝5,58,01139,森一馬,3:24.8,8,7-7-7-7,13.7,4.9,3,496(+18),01151,[西]斉藤崇史,675030,林正道,,"2,11,7=14-4,13,5,3(1,8)=10=9-6   12",7,1,15.5,False,"2,11,7=14,13,4-(5,3)(1,8)-10=9-6   12",7,2,15.5,False,"2,11(7,14,13)=3-5,8-4,1=9-10=6   12",7,1,11.0,False,"2-(11,13)(7,14)-3=(5,8)-1-4=9=10,6   12",7,2,13.0,False,,Bコースに替わったが、最終週となり、ここまで2週と比較すれば時計は掛かっていた。
202007030504,4,障害3歳以上未勝利,芝,3000,晴,良,11:30,2020-12-19,中京,9,1,1,2016100737,シオンコタン,牝4,58,01120,大江原圭,3:26.1,8,9-9-10-9,13.7,128.0,12,446(+4),00380,[東]柄崎孝,648002,村田滋,,"2,11,7=14-4,13,5,3(1,8)=10=9-6   12",9,2,17.0,False,"2,11,7=14,13,4-(5,3)(1,8)-10=9-6   12",9,2,15.5,False,"2,11(7,14,13)=3-5,8-4,1=9-10=6   12",10,1,17.5,False,"2-(11,13)(7,14)-3=(5,8)-1-4=9=10,6   12",9,1,16.5,False,,Bコースに替わったが、最終週となり、ここまで2週と比較すれば時計は掛かっていた。
202007030504,4,障害3歳以上未勝利,芝,3000,晴,良,11:30,2020-12-19,中京,10,3,4,2017101806,リピネ,牝3,56,01080,佐久間寛,3:27.7,10,5-6-9-10,13.8,50.8,10,498(+2),01039,[西]中竹和也,788800,ノースヒルズ,,"2,11,7=14-4,13,5,3(1,8)=10=9-6   12",5,1,12.5,False,"2,11,7=14,13,4-(5,3)(1,8)-10=9-6   12",6,1,12.0,False,"2,11(7,14,13)=3-5,8-4,1=9-10=6   12",9,1,16.0,False,"2-(11,13)(7,14)-3=(5,8)-1-4=9=10,6   12",10,1,20.0,False,,Bコースに替わったが、最終週となり、ここまで2週と比較すれば時計は掛かっていた。
202007030504,4,障害3歳以上未勝利,芝,3000,晴,良,11:30,2020-12-19,中京,11,6,9,2017106162,シャーベットフィズ,牡3,58,01046,高田潤,3:28.3,3.1/2,12-12-11-11,13.9,28.9,7,492(+22),01057,[西]湯窪幸雄,943030,橋元勇氣,,"2,11,7=14-4,13,5,3(1,8)=10=9-6   12",12,1,29.0,False,"2,11,7=14,13,4-(5,3)(1,8)-10=9-6   12",12,1,25.0,False,"2,11(7,14,13)=3-5,8-4,1=9-10=6   12",11,1,23.5,False,"2-(11,13)(7,14)-3=(5,8)-1-4=9=10,6   12",11,1,26.0,False,,Bコースに替わったが、最終週となり、ここまで2週と比較すれば時計は掛かっていた。
202007030504,4,障害3歳以上未勝利,芝,3000,晴,良,11:30,2020-12-19,中京,12,4,6,2016104123,コトブキアゲート,牡4,60,01119,伊藤工真,3:29.2,5,13-13-13-13,13.9,129.2,13,476(-4),01112,[東]田島俊明,566006,尾上松壽,,"2,11,7=14-4,13,5,3(1,8)=10=9-6   12",13,1,32.5,False,"2,11,7=14,13,4-(5,3)(1,8)-10=9-6   12",13,1,28.5,False,"2,11(7,14,13)=3-5,8-4,1=9-10=6   12",13,1,33.0,False,"2-(11,13)(7,14)-3=(5,8)-1-4=9=10,6   12",13,1,33.5,False,,Bコースに替わったが、最終週となり、ここまで2週と比較すれば時計は掛かっていた。
202007030504,4,障害3歳以上未勝利,芝,3000,晴,良,11:30,2020-12-19,中京,13,6,10,2016101379,コンシード,セ4,60,01052,金子光希,3:31.7,大,11-11-12-12,14.1,266.3,14,472(+10),01090,[東]天間昭一,889006,河村祥史,,"2,11,7=14-4,13,5,3(1,8)=10=9-6   12",11,1,23.0,False,"2,11,7=14,13,4-(5,3)(1,8)-10=9-6   12",11,1,19.0,False,"2,11(7,14,13)=3-5,8-4,1=9-10=6   12",12,1,27.0,False,"2-(11,13)(7,14)-3=(5,8)-1-4=9=10,6   12",12,1,32.0,False,,Bコースに替わったが、最終週となり、ここまで2週と比較すれば時計は掛かっていた。
202007030504,4,障害3歳以上未勝利,芝,3000,晴,良,11:30,2020-12-19,中京,中,7,12,2017101355,クリノサンシャイン,牝3,56,00652,熊沢重文,,,,,8.5,5,434(+4),01135,[西]高橋康之,970006,栗本博晴,,"2,11,7=14-4,13,5,3(1,8)=10=9-6   12",14,1,38.5,False,"2,11,7=14,13,4-(5,3)(1,8)-10=9-6   12",14,1,34.5,False,"2,11(7,14,13)=3-5,8-4,1=9-10=6   12",14,1,39.0,False,"2-(11,13)(7,14)-3=(5,8)-1-4=9=10,6   12",14,1,39.5,False,,Bコースに替わったが、最終週となり、ここまで2週と比較すれば時計は掛かっていた。
202007030505,5,障害3歳以上OP,芝,3330,曇,良,12:20,2020-12-19,中京,1,3,4,2013109027,キャプテンペリー,セ7,60,01069,五十嵐雄,3:38.6,,2-1-1-1,13.1,10.2,7,512(-2),01051,[東]岩戸孝樹,075800,千明牧場,"1,350.0","(4,*9)-3,12(14,2)7(11,1)10,13(6,8)=5",2,2,0.0,False,"(*4,9)=(3,12)2,1,7-11,13,14,10(6,8)=5",1,2,0.0,True,"(*4,9)=7,12(3,13)1(2,11)10-6-8=14=5",1,2,0.0,True,"4,9,7-(12,13)-(10,3,11)(2,1)6=8=14=5",1,1,0.0,False,,Bコースに替わったが、最終週となり、ここまで2週と比較すれば時計は掛かっていた。
202007030505,5,障害3歳以上OP,芝,3330,曇,良,12:20,2020-12-19,中京,2,4,6,2014105892,ダノンロッソ,牡6,60,00727,植野貴也,3:38.9,2,12-12-11-11,13.1,27.2,9,458(+14),01011,[西]松田国英,619800,ダノックス,540.0,"(4,*9)-3,12(14,2)7(11,1)10,13(6,8)=5",12,2,6.5,False,"(*4,9)=(3,12)2,1,7-11,13,14,10(6,8)=5",12,2,17.0,False,"(*4,9)=7,12(3,13)1(2,11)10-6-8=14=5",11,1,11.0,False,"4,9,7-(12,13)-(10,3,11)(2,1)6=8=14=5",11,1,10.0,False,,Bコースに替わったが、最終週となり、ここまで2週と比較すれば時計は掛かっていた。
202007030505,5,障害3歳以上OP,芝,3330,曇,良,12:20,2020-12-19,中京,3,6,10,2011100643,テイエムコンドル,牡9,60,01149,伴啓太,3:38.9,アタマ,10-11-10-6,13.1,19.4,8,468(+4),01043,[東]石栗龍彦,356002,竹園正繼,340.0,"(4,*9)-3,12(14,2)7(11,1)10,13(6,8)=5",10,1,5.0,False,"(*4,9)=(3,12)2,1,7-11,13,14,10(6,8)=5",11,1,17.0,False,"(*4,9)=7,12(3,13)1(2,11)10-6-8=14=5",10,1,7.5,False,"4,9,7-(12,13)-(10,3,11)(2,1)6=8=14=5",6,3,10.0,False,,Bコースに替わったが、最終週となり、ここまで2週と比較すれば時計は掛かっていた。
202007030505,5,障害3歳以上OP,芝,3330,曇,良,12:20,2020-12-19,中京,4,8,13,2015100244,ウインリベロ,牡5,60,01087,上野翔,3:38.9,アタマ,11-9-5-4,13.1,44.4,11,432(-6),01094,[東]水野貴広,494800,ウイン,200.0,"(4,*9)-3,12(14,2)7(11,1)10,13(6,8)=5",11,1,6.5,False,"(*4,9)=(3,12)2,1,7-11,13,14,10(6,8)=5",9,1,14.0,False,"(*4,9)=7,12(3,13)1(2,11)10-6-8=14=5",5,2,7.5,False,"4,9,7-(12,13)-(10,3,11)(2,1)6=8=14=5",4,2,6.5,False,,Bコースに替わったが、最終週となり、ここまで2週と比較すれば時計は掛かっていた。
202007030505,5,障害3歳以上OP,芝,3330,曇,良,12:20,2020-12-19,中京,5,5,7,2015110032,アサクサゲンキ,セ5,60,00652,熊沢重文,3:39.2,1.3/4,7-7-3-3,13.2,3.8,1,480(+16),01002,[西]音無秀孝,537009,田原慶子,135.0,"(4,*9)-3,12(14,2)7(11,1)10,13(6,8)=5",7,1,5.0,False,"(*4,9)=(3,12)2,1,7-11,13,14,10(6,8)=5",7,1,9.0,False,"(*4,9)=7,12(3,13)1(2,11)10-6-8=14=5",3,1,6.0,False,"4,9,7-(12,13)-(10,3,11)(2,1)6=8=14=5",3,1,3.0,False,,Bコースに替わったが、最終週となり、ここまで2週と比較すれば時計は掛かっていた。
202007030505,5,障害3歳以上OP,芝,3330,曇,良,12:20,2020-12-19,中京,6,7,12,2014100814,マイネルパラディ,セ6,60,01035,白浜雄造,3:39.6,2.1/2,4-3-4-4,13.2,9.0,5,474(+10),01009,[西]田所秀孝,546800,サラブレッドクラブ・...,,"(4,*9)-3,12(14,2)7(11,1)10,13(6,8)=5",4,1,5.0,False,"(*4,9)=(3,12)2,1,7-11,13,14,10(6,8)=5",3,2,6.0,False,"(*4,9)=7,12(3,13)1(2,11)10-6-8=14=5",4,1,7.5,False,"4,9,7-(12,13)-(10,3,11)(2,1)6=8=14=5",4,2,6.5,False,,Bコースに替わったが、最終週となり、ここまで2週と比較すれば時計は掛かっていた。
202007030505,5,障害3歳以上OP,芝,3330,曇,良,12:20,2020-12-19,中京,7,3,3,2017105329,インザムード,セ3,58,01101,中村将之,3:39.9,1.3/4,3-3-5-6,13.2,8.7,4,462(+4),00411,[西]浅見秀一,872800,三田昌宏,,"(4,*9)-3,12(14,2)7(11,1)10,13(6,8)=5",3,1,3.5,False,"(*4,9)=(3,12)2,1,7-11,13,14,10(6,8)=5",3,2,6.0,False,"(*4,9)=7,12(3,13)1(2,11)10-6-8=14=5",5,2,7.5,False,"4,9,7-(12,13)-(10,3,11)(2,1)6=8=14=5",6,3,10.0,False,,Bコースに替わったが、最終週となり、ここまで2週と比較すれば時計は掛かっていた。
202007030505,5,障害3歳以上OP,芝,3330,曇,良,12:20,2020-12-19,中京,8,7,11,2016103631,ドゴール,牡4,60,01123,小野寺祐,3:40.3,2.1/2,8-8-8-6,13.2,35.1,10,470(+6),01133,[東]黒岩陽一,045803,カナヤマホールディン...,,"(4,*9)-3,12(14,2)7(11,1)10,13(6,8)=5",8,2,5.0,False,"(*4,9)=(3,12)2,1,7-11,13,14,10(6,8)=5",8,1,12.5,False,"(*4,9)=7,12(3,13)1(2,11)10-6-8=14=5",8,2,7.5,False,"4,9,7-(12,13)-(10,3,11)(2,1)6=8=14=5",6,3,10.0,False,,Bコースに替わったが、最終週となり、ここまで2週と比較すれば時計は掛かっていた。
202007030505,5,障害3歳以上OP,芝,3330,曇,良,12:20,2020-12-19,中京,9,6,9,2016104844,ポルトラーノ,セ4,60,01113,草野太郎,3:41.1,5,1-2-2-2,13.3,5.0,3,500(+2),01017,[東]萩原清,226800,サンデーレーシング,,"(4,*9)-3,12(14,2)7(11,1)10,13(6,8)=5",1,2,0.0,True,"(*4,9)=(3,12)2,1,7-11,13,14,10(6,8)=5",2,2,0.0,False,"(*4,9)=7,12(3,13)1(2,11)10-6-8=14=5",2,2,0.0,False,"4,9,7-(12,13)-(10,3,11)(2,1)6=8=14=5",2,1,1.5,False,,Bコースに替わったが、最終週となり、ここまで2週と比較すれば時計は掛かっていた。
202007030505,5,障害3歳以上OP,芝,3330,曇,良,12:20,2020-12-19,中京,10,1,1,2012104392,オールマンリバー,牡8,62,01066,難波剛健,3:41.3,1.1/4,8-6-7-9,13.3,9.1,6,512(0),00422,[西]五十嵐忠,872800,三田昌宏,,"(4,*9)-3,12(14,2)7(11,1)10,13(6,8)=5",8,2,5.0,False,"(*4,9)=(3,12)2,1,7-11,13,14,10(6,8)=5",6,1,7.5,False,"(*4,9)=7,12(3,13)1(2,11)10-6-8=14=5",7,1,7.5,False,"4,9,7-(12,13)-(10,3,11)(2,1)6=8=14=5",9,2,10.0,False,,Bコースに替わったが、最終週となり、ここまで2週と比較すれば時計は掛かっていた。
202007030505,5,障害3歳以上OP,芝,3330,曇,良,12:20,2020-12-19,中京,11,5,8,2014104771,トーヨーピース,牡6,62,01023,江田勇亮,3:41.7,2.1/2,12-12-12-12,13.3,259.6,14,490(+4),00417,[東]土田稔,599033,中嶋宏,,"(4,*9)-3,12(14,2)7(11,1)10,13(6,8)=5",12,2,6.5,False,"(*4,9)=(3,12)2,1,7-11,13,14,10(6,8)=5",12,2,17.0,False,"(*4,9)=7,12(3,13)1(2,11)10-6-8=14=5",12,1,14.5,False,"4,9,7-(12,13)-(10,3,11)(2,1)6=8=14=5",12,1,16.0,False,,Bコースに替わったが、最終週となり、ここまで2週と比較すれば時計は掛かっていた。
202007030505,5,障害3歳以上OP,芝,3330,曇,良,12:20,2020-12-19,中京,12,2,2,2015103481,コウユーホクト,牡5,62,01120,大江原圭,3:42.5,5,5-5-8-9,13.4,4.8,2,502(-4),01152,[東]竹内正洋,116033,加治屋貞光,,"(4,*9)-3,12(14,2)7(11,1)10,13(6,8)=5",5,2,5.0,False,"(*4,9)=(3,12)2,1,7-11,13,14,10(6,8)=5",5,1,6.0,False,"(*4,9)=7,12(3,13)1(2,11)10-6-8=14=5",8,2,7.5,False,"4,9,7-(12,13)-(10,3,11)(2,1)6=8=14=5",9,2,10.0,False,,Bコースに替わったが、最終週となり、ここまで2週と比較すれば時計は掛かっていた。
202007030505,5,障害3歳以上OP,芝,3330,曇,良,12:20,2020-12-19,中京,13,8,14,2016102238,ラフレシアレディ,牝4,58,01119,伊藤工真,3:48.5,大,5-10-13-13,13.7,121.7,12,482(-16),01048,[東]畠山吉宏,932031,吉田恵子,,"(4,*9)-3,12(14,2)7(11,1)10,13(6,8)=5",5,2,5.0,False,"(*4,9)=(3,12)2,1,7-11,13,14,10(6,8)=5",10,1,15.5,False,"(*4,9)=7,12(3,13)1(2,11)10-6-8=14=5",13,1,20.5,False,"4,9,7-(12,13)-(10,3,11)(2,1)6=8=14=5",13,1,22.0,False,,Bコースに替わったが、最終週となり、ここまで2週と比較すれば時計は掛かっていた。
202007030505,5,障害3歳以上OP,芝,3330,曇,良,12:20,2020-12-19,中京,14,4,5,2013103604,アグネスフォルテ,セ7,60,01005,西谷誠,3:50.4,大,14-14-14-14,13.8,191.6,13,442(+16),01123,[西]牧田和弥,078006,畑佐博,,"(4,*9)-3,12(14,2)7(11,1)10,13(6,8)=5",14,1,12.5,False,"(*4,9)=(3,12)2,1,7-11,13,14,10(6,8)=5",14,1,23.0,False,"(*4,9)=7,12(3,13)1(2,11)10-6-8=14=5",14,1,26.5,False,"4,9,7-(12,13)-(10,3,11)(2,1)6=8=14=5",14,1,28.0,False,,Bコースに替わったが、最終週となり、ここまで2週と比較すれば時計は掛かっていた。
202007030506,6,3歳以上1勝クラス,ダ,1800,晴,良,12:55,2020-12-19,中京,1,3,6,2017104887,ストークダバノン,牡3,56,00660,横山典弘,1:53.2,,6-6-6-6,37.3,2.9,1,510(+4),01092,[西]松永幹夫,415800,社台レースホース,760.0,"12,11,15,5,14,6-(3,9)2-7-13(4,16)-8-(1,10)",6,1,7.5,False,"12,11,15,5,14,6(3,9)2,7-13(4,16)-8-10,1",6,1,7.5,False,"12,11,15(5,14)(6,9)(3,7)-(2,4,16)(13,8)-(1,10)",6,2,3.0,False,"12,11,15(5,14)6(7,9)3-(4,8)(2,13,16)(1,10)",6,1,3.0,False,-4,
202007030506,6,3歳以上1勝クラス,ダ,1800,晴,良,12:55,2020-12-19,中京,2,7,14,2017103283,ゴールドパラディン,牡3,56,01115,浜中俊,1:53.3,クビ,5-5-4-4,37.7,4.4,3,436(+2),01176,[西]吉岡辰弥,854800,ノルマンディーサラブ...,300.0,"12,11,15,5,14,6-(3,9)2-7-13(4,16)-8-(1,10)",5,1,6.0,False,"12,11,15,5,14,6(3,9)2,7-13(4,16)-8-10,1",5,1,6.0,False,"12,11,15(5,14)(6,9)(3,7)-(2,4,16)(13,8)-(1,10)",4,2,3.0,False,"12,11,15(5,14)6(7,9)3-(4,8)(2,13,16)(1,10)",4,2,3.0,False,-4,
202007030506,6,3歳以上1勝クラス,ダ,1800,晴,良,12:55,2020-12-19,中京,3,6,11,2017110174,コラルノクターン,牡3,56,01157,鮫島克駿,1:53.6,1.3/4,2-2-2-2,38.3,3.5,2,510(-8),01055,[西]藤原英昭,766800,グリーンフィールズ,190.0,"12,11,15,5,14,6-(3,9)2-7-13(4,16)-8-(1,10)",2,1,1.5,False,"12,11,15,5,14,6(3,9)2,7-13(4,16)-8-10,1",2,1,1.5,False,"12,11,15(5,14)(6,9)(3,7)-(2,4,16)(13,8)-(1,10)",2,1,1.5,False,"12,11,15(5,14)6(7,9)3-(4,8)(2,13,16)(1,10)",2,1,1.5,False,-4,
202007030506,6,3歳以上1勝クラス,ダ,1800,晴,良,12:55,2020-12-19,中京,4,5,9,2017104513,レッドラトゥール,セ3,55,01176,亀田温心,1:53.7,1,7-7-6-7,37.8,25.0,8,480(+4),01087,[西]庄野靖志,180800,東京ホースレーシング,110.0,"12,11,15,5,14,6-(3,9)2-7-13(4,16)-8-(1,10)",7,2,11.0,False,"12,11,15,5,14,6(3,9)2,7-13(4,16)-8-10,1",7,2,7.5,False,"12,11,15(5,14)(6,9)(3,7)-(2,4,16)(13,8)-(1,10)",6,2,3.0,False,"12,11,15(5,14)6(7,9)3-(4,8)(2,13,16)(1,10)",7,2,3.0,False,-4,
202007030506,6,3歳以上1勝クラス,ダ,1800,晴,良,12:55,2020-12-19,中京,5,7,13,2016105133,レッドレイル,セ4,56,01165,森裕太朗,1:54.3,3.1/2,11-11-13-12,37.5,9.7,4,444(+6),01053,[西]角居勝彦,180800,東京ホースレーシング,76.0,"12,11,15,5,14,6-(3,9)2-7-13(4,16)-8-(1,10)",11,1,18.0,False,"12,11,15,5,14,6(3,9)2,7-13(4,16)-8-10,1",11,1,12.5,False,"12,11,15(5,14)(6,9)(3,7)-(2,4,16)(13,8)-(1,10)",13,2,6.5,False,"12,11,15(5,14)6(7,9)3-(4,8)(2,13,16)(1,10)",12,3,6.5,False,-4,
202007030506,6,3歳以上1勝クラス,ダ,1800,晴,良,12:55,2020-12-19,中京,6,4,7,2017102858,ジンフラッシュ,牡3,55,01161,菊沢一樹,1:54.4,クビ,10-10-8-7,38.2,20.7,6,494(-4),01125,[東]小野次郎,830030,長谷川清英,,"12,11,15,5,14,6-(3,9)2-7-13(4,16)-8-(1,10)",10,1,14.5,False,"12,11,15,5,14,6(3,9)2,7-13(4,16)-8-10,1",10,1,9.0,False,"12,11,15(5,14)(6,9)(3,7)-(2,4,16)(13,8)-(1,10)",8,2,3.0,False,"12,11,15(5,14)6(7,9)3-(4,8)(2,13,16)(1,10)",7,2,3.0,False,-4,
202007030506,6,3歳以上1勝クラス,ダ,1800,晴,良,12:55,2020-12-19,中京,7,4,8,2017109161,アストゥーリアス,牡3,56,01116,藤岡康太,1:54.4,クビ,14-14-13-10,37.6,33.9,9,468(-2),01091,[西]羽月友彦,547033,菅原広隆,,"12,11,15,5,14,6-(3,9)2-7-13(4,16)-8-(1,10)",14,1,21.5,False,"12,11,15,5,14,6(3,9)2,7-13(4,16)-8-10,1",14,1,16.0,False,"12,11,15(5,14)(6,9)(3,7)-(2,4,16)(13,8)-(1,10)",13,2,6.5,False,"12,11,15(5,14)6(7,9)3-(4,8)(2,13,16)(1,10)",10,2,6.5,False,-4,
202007030506,6,3歳以上1勝クラス,ダ,1800,晴,良,12:55,2020-12-19,中京,8,2,4,2017102758,グッドリドゥンス,牡3,56,05243,柴山雄一,1:55.2,5,12-12-10-10,38.7,135.9,13,482(+2),01063,[東]的場均,851002,林勝宗,,"12,11,15,5,14,6-(3,9)2-7-13(4,16)-8-(1,10)",12,2,18.0,False,"12,11,15,5,14,6(3,9)2,7-13(4,16)-8-10,1",12,2,12.5,False,"12,11,15(5,14)(6,9)(3,7)-(2,4,16)(13,8)-(1,10)",10,3,6.5,False,"12,11,15(5,14)6(7,9)3-(4,8)(2,13,16)(1,10)",10,2,6.5,False,-4,
202007030506,6,3歳以上1勝クラス,ダ,1800,晴,良,12:55,2020-12-19,中京,9,2,3,2017100106,クリノファイヤー,牝3,52,01173,山田敬士,1:55.8,3.1/2,7-7-8-9,39.6,202.7,15,456(-10),01056,[東]本間忍,970006,栗本博晴,,"12,11,15,5,14,6-(3,9)2-7-13(4,16)-8-(1,10)",7,2,11.0,False,"12,11,15,5,14,6(3,9)2,7-13(4,16)-8-10,1",7,2,7.5,False,"12,11,15(5,14)(6,9)(3,7)-(2,4,16)(13,8)-(1,10)",8,2,3.0,False,"12,11,15(5,14)6(7,9)3-(4,8)(2,13,16)(1,10)",9,1,3.0,False,-4,
202007030506,6,3歳以上1勝クラス,ダ,1800,晴,良,12:55,2020-12-19,中京,10,5,10,2017106413,メイショウメイユウ,牡3,55,01179,菅原明良,1:55.9,1,15-15-15-15,38.8,52.5,10,436(0),01095,[西]荒川義之,523005,松本好雄,,"12,11,15,5,14,6-(3,9)2-7-13(4,16)-8-(1,10)",15,2,25.0,False,"12,11,15,5,14,6(3,9)2,7-13(4,16)-8-10,1",15,1,19.5,False,"12,11,15(5,14)(6,9)(3,7)-(2,4,16)(13,8)-(1,10)",15,2,10.0,False,"12,11,15(5,14)6(7,9)3-(4,8)(2,13,16)(1,10)",15,2,6.5,False,-4,
202007030506,6,3歳以上1勝クラス,ダ,1800,晴,良,12:55,2020-12-19,中京,11,1,1,2017100682,サイモンルグラン,牡3,56,01128,川須栄彦,1:56.0,クビ,15-16-15-15,38.8,123.7,12,498(-4),01047,[東]勢司和浩,132030,澤田昭紀,,"12,11,15,5,14,6-(3,9)2-7-13(4,16)-8-(1,10)",15,2,25.0,False,"12,11,15,5,14,6(3,9)2,7-13(4,16)-8-10,1",16,1,21.0,False,"12,11,15(5,14)(6,9)(3,7)-(2,4,16)(13,8)-(1,10)",15,2,10.0,False,"12,11,15(5,14)6(7,9)3-(4,8)(2,13,16)(1,10)",15,2,6.5,False,-4,
202007030506,6,3歳以上1勝クラス,ダ,1800,晴,良,12:55,2020-12-19,中京,12,1,2,2017101398,シゲルモクセイ,牝3,51,01182,泉谷楓真,1:56.2,1.1/2,9-9-10-12,39.6,21.1,7,478(+30),00431,[西]谷潔,674004,森中蕃,,"12,11,15,5,14,6-(3,9)2-7-13(4,16)-8-(1,10)",9,1,11.0,False,"12,11,15,5,14,6(3,9)2,7-13(4,16)-8-10,1",9,1,7.5,False,"12,11,15(5,14)(6,9)(3,7)-(2,4,16)(13,8)-(1,10)",10,3,6.5,False,"12,11,15(5,14)6(7,9)3-(4,8)(2,13,16)(1,10)",12,3,6.5,False,-4,
202007030506,6,3歳以上1勝クラス,ダ,1800,晴,良,12:55,2020-12-19,中京,13,6,12,2017110030,ロイヤルパープル,セ3,56,01133,水口優也,1:56.3,クビ,1-1-1-1,41.2,159.8,14,494(-10),01059,[東]加藤征弘,003060,ゴドルフィン,,"12,11,15,5,14,6-(3,9)2-7-13(4,16)-8-(1,10)",1,1,0.0,False,"12,11,15,5,14,6(3,9)2,7-13(4,16)-8-10,1",1,1,0.0,False,"12,11,15(5,14)(6,9)(3,7)-(2,4,16)(13,8)-(1,10)",1,1,0.0,False,"12,11,15(5,14)6(7,9)3-(4,8)(2,13,16)(1,10)",1,1,0.0,False,-4,
202007030506,6,3歳以上1勝クラス,ダ,1800,晴,良,12:55,2020-12-19,中京,14,3,5,2016105033,ブーケオブジュエル,牝4,55,01171,西村淳也,1:56.5,3/4,4-4-4-4,40.9,12.0,5,482(-18),01169,[東]加藤士津,415800,社台レースホース,,"12,11,15,5,14,6-(3,9)2-7-13(4,16)-8-(1,10)",4,1,4.5,False,"12,11,15,5,14,6(3,9)2,7-13(4,16)-8-10,1",4,1,4.5,False,"12,11,15(5,14)(6,9)(3,7)-(2,4,16)(13,8)-(1,10)",4,2,3.0,False,"12,11,15(5,14)6(7,9)3-(4,8)(2,13,16)(1,10)",4,2,3.0,False,-4,
202007030506,6,3歳以上1勝クラス,ダ,1800,晴,良,12:55,2020-12-19,中京,15,8,15,2017104773,オルガンザ,牡3,55,01168,富田暁,1:57.2,4,3-3-3-3,41.8,86.7,11,544(-4),01098,[西]野中賢二,415800,社台レースホース,,"12,11,15,5,14,6-(3,9)2-7-13(4,16)-8-(1,10)",3,1,3.0,False,"12,11,15,5,14,6(3,9)2,7-13(4,16)-8-10,1",3,1,3.0,False,"12,11,15(5,14)(6,9)(3,7)-(2,4,16)(13,8)-(1,10)",3,1,3.0,False,"12,11,15(5,14)6(7,9)3-(4,8)(2,13,16)(1,10)",3,1,3.0,False,-4,
202007030506,6,3歳以上1勝クラス,ダ,1800,晴,良,12:55,2020-12-19,中京,16,8,16,2015105027,タイセイグランツ,牡5,57,01119,伊藤工真,2:00.1,大,12-12-10-12,43.6,457.5,16,512(-2),01156,[東]青木孝文,224007,田中成奉,,"12,11,15,5,14,6-(3,9)2-7-13(4,16)-8-(1,10)",12,2,18.0,False,"12,11,15,5,14,6(3,9)2,7-13(4,16)-8-10,1",12,2,12.5,False,"12,11,15(5,14)(6,9)(3,7)-(2,4,16)(13,8)-(1,10)",10,3,6.5,False,"12,11,15(5,14)6(7,9)3-(4,8)(2,13,16)(1,10)",12,3,6.5,False,-4,
202007030507,7,2歳未勝利,芝,2000,晴,良,13:25,2020-12-19,中京,1,5,9,2018105146,マテンロウエール,牡2,55,00660,横山典弘,2:01.4,,4-4-4-3,35.5,1.9,1,498(-2),01092,[西]松永幹夫,534006,寺田千代乃,510.0,"(*4,5)10(9,11)(6,12)(2,8,15)(16,17)(3,18)14-7-13-1",4,2,0.0,False,"(*4,5)10,9,11,6(8,12)(2,15)(16,17)(3,18)-14=(13,7)-1",4,1,1.5,False,"(*4,10)5(9,11,12)(6,8,15)(2,16,17)(3,18)-(14,7)(13,1)",4,3,0.0,False,"(*4,10)(9,11,15)(6,5,8,12,17)(3,2,18)14(13,1,16,7)",3,3,0.0,False,-7,Bコースに替わったが、最終週となり、ここまで2週と比較すれば時計は掛かっていた。
202007030507,7,2歳未勝利,芝,2000,晴,良,13:25,2020-12-19,中京,2,5,10,2018105809,リーブルミノル,牡2,52,01182,泉谷楓真,2:01.6,1.1/4,3-3-2-2,36.0,8.3,4,466(-8),01099,[西]本田優,265008,吉岡實,200.0,"(*4,5)10(9,11)(6,12)(2,8,15)(16,17)(3,18)14-7-13-1",3,1,0.0,False,"(*4,5)10,9,11,6(8,12)(2,15)(16,17)(3,18)-14=(13,7)-1",3,1,0.0,False,"(*4,10)5(9,11,12)(6,8,15)(2,16,17)(3,18)-(14,7)(13,1)",2,2,0.0,False,"(*4,10)(9,11,15)(6,5,8,12,17)(3,2,18)14(13,1,16,7)",2,2,0.0,False,-7,Bコースに替わったが、最終週となり、ここまで2週と比較すれば時計は掛かっていた。
202007030507,7,2歳未勝利,芝,2000,晴,良,13:25,2020-12-19,中京,3,6,11,2018101771,マイネルグロース,牡2,52,01181,秋山稔樹,2:02.8,7,4-5-4-3,37.0,61.7,10,442(-6),01132,[東]金成貴史,546800,サラブレッドクラブ・...,130.0,"(*4,5)10(9,11)(6,12)(2,8,15)(16,17)(3,18)14-7-13-1",4,2,0.0,False,"(*4,5)10,9,11,6(8,12)(2,15)(16,17)(3,18)-14=(13,7)-1",5,1,3.0,False,"(*4,10)5(9,11,12)(6,8,15)(2,16,17)(3,18)-(14,7)(13,1)",4,3,0.0,False,"(*4,10)(9,11,15)(6,5,8,12,17)(3,2,18)14(13,1,16,7)",3,3,0.0,False,-7,Bコースに替わったが、最終週となり、ここまで2週と比較すれば時計は掛かっていた。
202007030507,7,2歳未勝利,芝,2000,晴,良,13:25,2020-12-19,中京,4,2,3,2018100619,トーホウロゼリア,牝2,53,01176,亀田温心,2:03.0,3/4,13-13-13-11,36.7,73.4,12,448(-10),00431,[西]谷潔,965800,東豊物産,77.0,"(*4,5)10(9,11)(6,12)(2,8,15)(16,17)(3,18)14-7-13-1",13,2,0.0,False,"(*4,5)10,9,11,6(8,12)(2,15)(16,17)(3,18)-14=(13,7)-1",13,2,4.5,False,"(*4,10)5(9,11,12)(6,8,15)(2,16,17)(3,18)-(14,7)(13,1)",13,2,0.0,False,"(*4,10)(9,11,15)(6,5,8,12,17)(3,2,18)14(13,1,16,7)",11,3,0.0,False,-7,Bコースに替わったが、最終週となり、ここまで2週と比較すれば時計は掛かっていた。
202007030507,7,2歳未勝利,芝,2000,晴,良,13:25,2020-12-19,中京,5,4,8,2018105908,カサデガ,牡2,55,01141,中井裕二,2:03.1,3/4,8-7-7-6,37.0,7.4,3,452(-2),01158,[西]寺島良,367033,杉浦和也,51.0,"(*4,5)10(9,11)(6,12)(2,8,15)(16,17)(3,18)14-7-13-1",8,3,0.0,False,"(*4,5)10,9,11,6(8,12)(2,15)(16,17)(3,18)-14=(13,7)-1",7,2,4.5,False,"(*4,10)5(9,11,12)(6,8,15)(2,16,17)(3,18)-(14,7)(13,1)",7,3,0.0,False,"(*4,10)(9,11,15)(6,5,8,12,17)(3,2,18)14(13,1,16,7)",6,5,0.0,False,-7,Bコースに替わったが、最終週となり、ここまで2週と比較すれば時計は掛かっていた。
202007030507,7,2歳未勝利,芝,2000,晴,良,13:25,2020-12-19,中京,6,1,2,2018104209,ウォーターアークス,牡2,55,01116,藤岡康太,2:03.1,クビ,8-9-10-11,36.8,43.7,9,472(-2),01072,[西]河内洋,312006,山岡正人,,"(*4,5)10(9,11)(6,12)(2,8,15)(16,17)(3,18)14-7-13-1",8,3,0.0,False,"(*4,5)10,9,11,6(8,12)(2,15)(16,17)(3,18)-14=(13,7)-1",9,2,4.5,False,"(*4,10)5(9,11,12)(6,8,15)(2,16,17)(3,18)-(14,7)(13,1)",10,3,0.0,False,"(*4,10)(9,11,15)(6,5,8,12,17)(3,2,18)14(13,1,16,7)",11,3,0.0,False,-7,Bコースに替わったが、最終週となり、ここまで2週と比較すれば時計は掛かっていた。
202007030507,7,2歳未勝利,芝,2000,晴,良,13:25,2020-12-19,中京,7,7,15,2018105036,タスマンハイウェイ,牡2,54,01179,菅原明良,2:03.3,1.1/4,8-9-7-3,37.5,4.9,2,524(+2),01116,[東]新開幸一,790005,吉田勝己,,"(*4,5)10(9,11)(6,12)(2,8,15)(16,17)(3,18)14-7-13-1",8,3,0.0,False,"(*4,5)10,9,11,6(8,12)(2,15)(16,17)(3,18)-14=(13,7)-1",9,2,4.5,False,"(*4,10)5(9,11,12)(6,8,15)(2,16,17)(3,18)-(14,7)(13,1)",7,3,0.0,False,"(*4,10)(9,11,15)(6,5,8,12,17)(3,2,18)14(13,1,16,7)",3,3,0.0,False,-7,Bコースに替わったが、最終週となり、ここまで2週と比較すれば時計は掛かっていた。
202007030507,7,2歳未勝利,芝,2000,晴,良,13:25,2020-12-19,中京,8,8,17,2018103827,ニホンピロコール,牡2,55,00894,小牧太,2:03.3,ハナ,11-11-10-6,37.2,181.5,13,474(-2),01040,[西]服部利之,587031,小林英一,,"(*4,5)10(9,11)(6,12)(2,8,15)(16,17)(3,18)14-7-13-1",11,2,0.0,False,"(*4,5)10,9,11,6(8,12)(2,15)(16,17)(3,18)-14=(13,7)-1",11,2,4.5,False,"(*4,10)5(9,11,12)(6,8,15)(2,16,17)(3,18)-(14,7)(13,1)",10,3,0.0,False,"(*4,10)(9,11,15)(6,5,8,12,17)(3,2,18)14(13,1,16,7)",6,5,0.0,False,-7,Bコースに替わったが、最終週となり、ここまで2週と比較すれば時計は掛かっていた。
202007030507,7,2歳未勝利,芝,2000,晴,良,13:25,2020-12-19,中京,9,8,18,2018100231,バーガンディ,牡2,54,01161,菊沢一樹,2:03.3,ハナ,13-13-13-11,37.0,27.7,6,464(+8),01114,[東]和田正一,010033,山内晃,,"(*4,5)10(9,11)(6,12)(2,8,15)(16,17)(3,18)14-7-13-1",13,2,0.0,False,"(*4,5)10,9,11,6(8,12)(2,15)(16,17)(3,18)-14=(13,7)-1",13,2,4.5,False,"(*4,10)5(9,11,12)(6,8,15)(2,16,17)(3,18)-(14,7)(13,1)",13,2,0.0,False,"(*4,10)(9,11,15)(6,5,8,12,17)(3,2,18)14(13,1,16,7)",11,3,0.0,False,-7,Bコースに替わったが、最終週となり、ここまで2週と比較すれば時計は掛かっていた。
202007030507,7,2歳未勝利,芝,2000,晴,良,13:25,2020-12-19,中京,10,1,1,2018101658,ジョウショーペース,牡2,55,01128,川須栄彦,2:03.8,3,18-18-17-15,37.2,70.6,11,482(-4),01040,[西]服部利之,380008,熊田義孝,,"(*4,5)10(9,11)(6,12)(2,8,15)(16,17)(3,18)14-7-13-1",18,1,10.5,False,"(*4,5)10,9,11,6(8,12)(2,15)(16,17)(3,18)-14=(13,7)-1",18,1,17.5,False,"(*4,10)5(9,11,12)(6,8,15)(2,16,17)(3,18)-(14,7)(13,1)",17,2,3.5,False,"(*4,10)(9,11,15)(6,5,8,12,17)(3,2,18)14(13,1,16,7)",15,4,0.0,False,-7,Bコースに替わったが、最終週となり、ここまで2週と比較すれば時計は掛かっていた。
202007030507,7,2歳未勝利,芝,2000,晴,良,13:25,2020-12-19,中京,11,4,7,2018103531,シェーンシュタット,牡2,54,01168,富田暁,2:04.4,3.1/2,16-16-15-15,37.8,29.8,7,442(0),01169,[東]加藤士津,854800,ノルマンディーサラブ...,,"(*4,5)10(9,11)(6,12)(2,8,15)(16,17)(3,18)14-7-13-1",16,1,3.5,False,"(*4,5)10,9,11,6(8,12)(2,15)(16,17)(3,18)-14=(13,7)-1",16,2,14.0,False,"(*4,10)5(9,11,12)(6,8,15)(2,16,17)(3,18)-(14,7)(13,1)",15,2,3.5,False,"(*4,10)(9,11,15)(6,5,8,12,17)(3,2,18)14(13,1,16,7)",15,4,0.0,False,-7,Bコースに替わったが、最終週となり、ここまで2週と比較すれば時計は掛かっていた。
202007030507,7,2歳未勝利,芝,2000,晴,良,13:25,2020-12-19,中京,12,7,14,2018101394,シャイニーターフ,牡2,55,01142,長岡禎仁,2:04.5,3/4,15-15-15-14,38.0,504.5,16,422(-6),01052,[東]菊川正達,531006,小林昌志,,"(*4,5)10(9,11)(6,12)(2,8,15)(16,17)(3,18)14-7-13-1",15,1,0.0,False,"(*4,5)10,9,11,6(8,12)(2,15)(16,17)(3,18)-14=(13,7)-1",15,1,8.0,False,"(*4,10)5(9,11,12)(6,8,15)(2,16,17)(3,18)-(14,7)(13,1)",15,2,3.5,False,"(*4,10)(9,11,15)(6,5,8,12,17)(3,2,18)14(13,1,16,7)",14,1,0.0,False,-7,Bコースに替わったが、最終週となり、ここまで2週と比較すれば時計は掛かっていた。
202007030507,7,2歳未勝利,芝,2000,晴,良,13:25,2020-12-19,中京,13,6,12,2018102636,コーチェラ,牡2,53,01173,山田敬士,2:04.6,3/4,6-7-4-6,38.6,362.6,14,480(-2),01100,[東]松山将樹,798033,山口裕介,,"(*4,5)10(9,11)(6,12)(2,8,15)(16,17)(3,18)14-7-13-1",6,2,0.0,False,"(*4,5)10,9,11,6(8,12)(2,15)(16,17)(3,18)-14=(13,7)-1",7,2,4.5,False,"(*4,10)5(9,11,12)(6,8,15)(2,16,17)(3,18)-(14,7)(13,1)",4,3,0.0,False,"(*4,10)(9,11,15)(6,5,8,12,17)(3,2,18)14(13,1,16,7)",6,5,0.0,False,-7,Bコースに替わったが、最終週となり、ここまで2週と比較すれば時計は掛かっていた。
202007030507,7,2歳未勝利,芝,2000,晴,良,13:25,2020-12-19,中京,14,3,6,2018101930,トウカイクラルテ,セ2,55,05243,柴山雄一,2:04.6,ハナ,6-6-7-6,38.6,371.0,15,474(+14),01009,[西]田所秀孝,695004,内村正則,,"(*4,5)10(9,11)(6,12)(2,8,15)(16,17)(3,18)14-7-13-1",6,2,0.0,False,"(*4,5)10,9,11,6(8,12)(2,15)(16,17)(3,18)-14=(13,7)-1",6,1,4.5,False,"(*4,10)5(9,11,12)(6,8,15)(2,16,17)(3,18)-(14,7)(13,1)",7,3,0.0,False,"(*4,10)(9,11,15)(6,5,8,12,17)(3,2,18)14(13,1,16,7)",6,5,0.0,False,-7,Bコースに替わったが、最終週となり、ここまで2週と比較すれば時計は掛かっていた。
202007030507,7,2歳未勝利,芝,2000,晴,良,13:25,2020-12-19,中京,15,3,5,2018105506,スーパーフェイバー,牡2,53,01164,藤田菜七,2:04.8,1.1/4,2-2-3-6,38.8,27.0,5,494(+2),01075,[西]矢作芳人,808800,Ｇ１レーシング,,"(*4,5)10(9,11)(6,12)(2,8,15)(16,17)(3,18)14-7-13-1",2,2,0.0,False,"(*4,5)10,9,11,6(8,12)(2,15)(16,17)(3,18)-14=(13,7)-1",2,2,0.0,False,"(*4,10)5(9,11,12)(6,8,15)(2,16,17)(3,18)-(14,7)(13,1)",3,1,0.0,False,"(*4,10)(9,11,15)(6,5,8,12,17)(3,2,18)14(13,1,16,7)",6,5,0.0,False,-7,Bコースに替わったが、最終週となり、ここまで2週と比較すれば時計は掛かっていた。
202007030507,7,2歳未勝利,芝,2000,晴,良,13:25,2020-12-19,中京,16,7,13,2018106785,ハンデンアミーラ,牝2,54,01133,水口優也,2:05.6,5,17-16-17-15,38.9,886.4,18,420(-6),00428,[東]石毛善彦,244008,坂田行夫,,"(*4,5)10(9,11)(6,12)(2,8,15)(16,17)(3,18)14-7-13-1",17,1,7.0,False,"(*4,5)10,9,11,6(8,12)(2,15)(16,17)(3,18)-14=(13,7)-1",16,2,14.0,False,"(*4,10)5(9,11,12)(6,8,15)(2,16,17)(3,18)-(14,7)(13,1)",17,2,3.5,False,"(*4,10)(9,11,15)(6,5,8,12,17)(3,2,18)14(13,1,16,7)",15,4,0.0,False,-7,Bコースに替わったが、最終週となり、ここまで2週と比較すれば時計は掛かっていた。
202007030507,7,2歳未勝利,芝,2000,晴,良,13:25,2020-12-19,中京,17,8,16,2018105818,レジリエンススター,牝2,54,01160,荻野極,2:06.1,3,11-11-10-15,39.5,517.8,17,468(+6),01147,[東]武井亮,463031,フィールドレーシング,,"(*4,5)10(9,11)(6,12)(2,8,15)(16,17)(3,18)14-7-13-1",11,2,0.0,False,"(*4,5)10,9,11,6(8,12)(2,15)(16,17)(3,18)-14=(13,7)-1",11,2,4.5,False,"(*4,10)5(9,11,12)(6,8,15)(2,16,17)(3,18)-(14,7)(13,1)",10,3,0.0,False,"(*4,10)(9,11,15)(6,5,8,12,17)(3,2,18)14(13,1,16,7)",15,4,0.0,False,-7,Bコースに替わったが、最終週となり、ここまで2週と比較すれば時計は掛かっていた。
202007030507,7,2歳未勝利,芝,2000,晴,良,13:25,2020-12-19,中京,18,2,4,2018105032,サドルロード,セ2,55,01152,小崎綾也,2:07.3,7,1-1-1-1,41.7,43.0,8,524(+16),01071,[西]池江泰寿,226800,サンデーレーシング,,"(*4,5)10(9,11)(6,12)(2,8,15)(16,17)(3,18)14-7-13-1",1,2,0.0,True,"(*4,5)10,9,11,6(8,12)(2,15)(16,17)(3,18)-14=(13,7)-1",1,2,0.0,True,"(*4,10)5(9,11,12)(6,8,15)(2,16,17)(3,18)-(14,7)(13,1)",1,2,0.0,True,"(*4,10)(9,11,15)(6,5,8,12,17)(3,2,18)14(13,1,16,7)",1,2,0.0,True,-7,Bコースに替わったが、最終週となり、ここまで2週と比較すれば時計は掛かっていた。
202007030508,8,3歳以上1勝クラス,ダ,1400,晴,良,13:55,2020-12-19,中京,1,5,9,2017105364,アイムポッシブル,牝3,54,01171,西村淳也,1:25.2,,3-3,36.8,5.9,2,470(-2),01085,[西]小崎憲,226800,サンデーレーシング,760.0,,,,,,,,,,,"(*3,15)9(1,10,14)(8,11)6(2,16)(12,13)7(5,4)",3,1,0.0,False,"(*3,15)9(1,10)(8,14)11(6,2)16(7,12)13(5,4)",3,1,0.0,False,-4,
202007030508,8,3歳以上1勝クラス,ダ,1400,晴,良,13:55,2020-12-19,中京,2,6,11,2017105637,レッドブロンクス,牡3,55,01168,富田暁,1:25.7,3,7-8,36.8,10.5,6,474(+2),01022,[西]石坂正,180800,東京ホースレーシング,300.0,,,,,,,,,,,"(*3,15)9(1,10,14)(8,11)6(2,16)(12,13)7(5,4)",7,2,0.0,False,"(*3,15)9(1,10)(8,14)11(6,2)16(7,12)13(5,4)",8,1,0.0,False,-4,
202007030508,8,3歳以上1勝クラス,ダ,1400,晴,良,13:55,2020-12-19,中京,3,8,16,2016102188,メイショウコミチ,牝4,52,01182,泉谷楓真,1:25.7,クビ,10-11,36.5,38.9,10,452(+2),01099,[西]本田優,523005,松本好雄,190.0,,,,,,,,,,,"(*3,15)9(1,10,14)(8,11)6(2,16)(12,13)7(5,4)",10,2,0.0,False,"(*3,15)9(1,10)(8,14)11(6,2)16(7,12)13(5,4)",11,1,0.0,False,-4,
202007030508,8,3歳以上1勝クラス,ダ,1400,晴,良,13:55,2020-12-19,中京,4,5,10,2015104142,ミッキーチャイルド,牡5,54,01183,小林脩斗,1:25.9,1,4-4,37.3,7.7,4,502(+12),01067,[東]久保田貴,441007,野田みづき,110.0,,,,,,,,,,,"(*3,15)9(1,10,14)(8,11)6(2,16)(12,13)7(5,4)",4,3,0.0,False,"(*3,15)9(1,10)(8,14)11(6,2)16(7,12)13(5,4)",4,2,0.0,False,-4,
202007030508,8,3歳以上1勝クラス,ダ,1400,晴,良,13:55,2020-12-19,中京,5,2,4,2015104870,ネイビーアッシュ,牝5,54,01179,菅原明良,1:25.9,ハナ,15-15,36.2,11.4,7,494(+6),01177,[東]伊坂重信,790005,吉田勝己,76.0,,,,,,,,,,,"(*3,15)9(1,10,14)(8,11)6(2,16)(12,13)7(5,4)",15,2,0.0,False,"(*3,15)9(1,10)(8,14)11(6,2)16(7,12)13(5,4)",15,2,0.0,False,-4,
202007030508,8,3歳以上1勝クラス,ダ,1400,晴,良,13:55,2020-12-19,中京,6,2,3,2017105337,ミスビアンカ,牝3,54,01160,荻野極,1:26.0,3/4,1-1,37.8,10.4,5,460(+8),01129,[西]高橋義忠,506800,シルクレーシング,,,,,,,,,,,,"(*3,15)9(1,10,14)(8,11)6(2,16)(12,13)7(5,4)",1,2,0.0,True,"(*3,15)9(1,10)(8,14)11(6,2)16(7,12)13(5,4)",1,2,0.0,True,-4,
202007030508,8,3歳以上1勝クラス,ダ,1400,晴,良,13:55,2020-12-19,中京,7,1,2,2017100090,アメージングラン,牡3,55,01176,亀田温心,1:26.1,クビ,10-9,36.9,2.7,1,510(+6),01123,[西]牧田和弥,966002,深見富朗,,,,,,,,,,,,"(*3,15)9(1,10,14)(8,11)6(2,16)(12,13)7(5,4)",10,2,0.0,False,"(*3,15)9(1,10)(8,14)11(6,2)16(7,12)13(5,4)",9,2,0.0,False,-4,
202007030508,8,3歳以上1勝クラス,ダ,1400,晴,良,13:55,2020-12-19,中京,8,4,8,2017104163,ロードエクスプレス,牡3,56,01152,小崎綾也,1:26.1,クビ,7-6,37.3,6.5,3,468(+2),01170,[西]坂口智康,170800,ロードホースクラブ,,,,,,,,,,,,"(*3,15)9(1,10,14)(8,11)6(2,16)(12,13)7(5,4)",7,2,0.0,False,"(*3,15)9(1,10)(8,14)11(6,2)16(7,12)13(5,4)",6,2,0.0,False,-4,
202007030508,8,3歳以上1勝クラス,ダ,1400,晴,良,13:55,2020-12-19,中京,9,6,12,2016104066,スズカクローカス,牝4,54,01165,森裕太朗,1:26.3,1.1/4,12-12,37.0,22.6,8,460(0),00434,[西]西橋豊治,979033,永井宏明,,,,,,,,,,,,"(*3,15)9(1,10,14)(8,11)6(2,16)(12,13)7(5,4)",12,2,0.0,False,"(*3,15)9(1,10)(8,14)11(6,2)16(7,12)13(5,4)",12,2,0.0,False,-4,
202007030508,8,3歳以上1勝クラス,ダ,1400,晴,良,13:55,2020-12-19,中京,10,7,14,2017104800,サトノポーラスター,セ3,53,01181,秋山稔樹,1:26.3,ハナ,4-6,37.7,84.1,12,488(-8),01124,[東]大和田成,075803,サトミホースカンパニ...,,,,,,,,,,,,"(*3,15)9(1,10,14)(8,11)6(2,16)(12,13)7(5,4)",4,3,0.0,False,"(*3,15)9(1,10)(8,14)11(6,2)16(7,12)13(5,4)",6,2,0.0,False,-4,
202007030508,8,3歳以上1勝クラス,ダ,1400,晴,良,13:55,2020-12-19,中京,11,8,15,2017100874,ヴァルゴスピカ,牝3,53,01161,菊沢一樹,1:26.4,クビ,2-2,38.1,153.9,14,436(0),01163,[東]林徹,851009,岡田牧雄,,,,,,,,,,,,"(*3,15)9(1,10,14)(8,11)6(2,16)(12,13)7(5,4)",2,2,0.0,False,"(*3,15)9(1,10)(8,14)11(6,2)16(7,12)13(5,4)",2,2,0.0,False,-4,
202007030508,8,3歳以上1勝クラス,ダ,1400,晴,良,13:55,2020-12-19,中京,12,7,13,2016106134,エストレーモシチー,牡4,54,01172,服部寿希,1:26.4,クビ,12-14,37.1,257.4,16,452(-10),00408,[東]田中清隆,321800,友駿ホースクラブ,,,,,,,,,,,,"(*3,15)9(1,10,14)(8,11)6(2,16)(12,13)7(5,4)",12,2,0.0,False,"(*3,15)9(1,10)(8,14)11(6,2)16(7,12)13(5,4)",14,1,0.0,False,-4,
202007030508,8,3歳以上1勝クラス,ダ,1400,晴,良,13:55,2020-12-19,中京,13,3,6,2017109029,ルールシェーバー,牡3,56,01157,鮫島克駿,1:26.7,1.1/2,9-9,37.7,28.1,9,472(-2),01078,[西]北出成人,721001,儀賀好子,,,,,,,,,,,,"(*3,15)9(1,10,14)(8,11)6(2,16)(12,13)7(5,4)",9,1,0.0,False,"(*3,15)9(1,10)(8,14)11(6,2)16(7,12)13(5,4)",9,2,0.0,False,-4,
202007030508,8,3歳以上1勝クラス,ダ,1400,晴,良,13:55,2020-12-19,中京,14,4,7,2015103663,フレンドアリス,牝5,55,01159,三津谷隼,1:26.8,クビ,14-12,37.3,254.9,15,460(+2),00437,[東]南田美知,145030,横尾晴人,,,,,,,,,,,,"(*3,15)9(1,10,14)(8,11)6(2,16)(12,13)7(5,4)",14,1,0.0,False,"(*3,15)9(1,10)(8,14)11(6,2)16(7,12)13(5,4)",12,2,0.0,False,-4,
202007030508,8,3歳以上1勝クラス,ダ,1400,晴,良,13:55,2020-12-19,中京,15,1,1,2017104177,インプルソ,牡3,54,01173,山田敬士,1:26.8,クビ,4-4,38.2,148.3,13,498(+18),01100,[東]松山将樹,030803,コスモヴューファーム,,,,,,,,,,,,"(*3,15)9(1,10,14)(8,11)6(2,16)(12,13)7(5,4)",4,3,0.0,False,"(*3,15)9(1,10)(8,14)11(6,2)16(7,12)13(5,4)",4,2,0.0,False,-4,
202007030508,8,3歳以上1勝クラス,ダ,1400,晴,良,13:55,2020-12-19,中京,16,3,5,2017101151,ブルーパピヨン,牝3,52,01164,藤田菜七,1:28.2,9,15-15,38.4,41.0,11,458(-6),01112,[東]田島俊明,713005,田島榮二郎,,,,,,,,,,,,"(*3,15)9(1,10,14)(8,11)6(2,16)(12,13)7(5,4)",15,2,0.0,False,"(*3,15)9(1,10)(8,14)11(6,2)16(7,12)13(5,4)",15,2,0.0,False,-4,
202007030509,9,3歳以上1勝クラス,芝,2200,晴,良,14:25,2020-12-19,中京,1,6,11,2016104436,エフティイーリス,牝4,55,01119,伊藤工真,2:14.8,,6-7-9-6,35.7,41.2,10,450(-2),01132,[東]金成貴史,034030,吉野英子,760.0,"(*14,15)13(6,18)(5,7,11,17)(9,16)(8,10)(3,12)(1,2)4",6,4,0.0,False,"14,15-13(5,6,18)(8,7,11,17)(9,16)10(1,3,12)(4,2)",7,4,5.0,False,"(*14,15)(16,13)(5,6,18,9)(8,7,11,10)(3,12)(1,17)(4,2)",9,4,0.0,False,"(*14,15)16(6,13)(5,11,18,9)(8,7,10)(1,3)(17,12)(4,2)",6,4,0.0,False,-7,Bコースに替わったが、最終週となり、ここまで2週と比較すれば時計は掛かっていた。
202007030509,9,3歳以上1勝クラス,芝,2200,晴,良,14:25,2020-12-19,中京,2,7,13,2017104917,キングオブドラゴン,牡3,55,01128,川須栄彦,2:15.0,1,3-3-3-4,36.0,6.2,3,490(+14),01075,[西]矢作芳人,208008,窪田芳郎,300.0,"(*14,15)13(6,18)(5,7,11,17)(9,16)(8,10)(3,12)(1,2)4",3,1,0.0,False,"14,15-13(5,6,18)(8,7,11,17)(9,16)10(1,3,12)(4,2)",3,1,5.0,False,"(*14,15)(16,13)(5,6,18,9)(8,7,11,10)(3,12)(1,17)(4,2)",3,2,0.0,False,"(*14,15)16(6,13)(5,11,18,9)(8,7,10)(1,3)(17,12)(4,2)",4,2,0.0,False,-7,Bコースに替わったが、最終週となり、ここまで2週と比較すれば時計は掛かっていた。
202007030509,9,3歳以上1勝クラス,芝,2200,晴,良,14:25,2020-12-19,中京,3,5,10,2017102880,ハギノエスペラント,牡3,55,01171,西村淳也,2:15.2,1.1/2,12-13-9-10,35.8,6.3,4,494(+6),01011,[西]松田国英,950006,日隈良江,190.0,"(*14,15)13(6,18)(5,7,11,17)(9,16)(8,10)(3,12)(1,2)4",12,2,0.0,False,"14,15-13(5,6,18)(8,7,11,17)(9,16)10(1,3,12)(4,2)",13,1,5.0,False,"(*14,15)(16,13)(5,6,18,9)(8,7,11,10)(3,12)(1,17)(4,2)",9,4,0.0,False,"(*14,15)16(6,13)(5,11,18,9)(8,7,10)(1,3)(17,12)(4,2)",10,3,0.0,False,-7,Bコースに替わったが、最終週となり、ここまで2週と比較すれば時計は掛かっていた。
202007030509,9,3歳以上1勝クラス,芝,2200,晴,良,14:25,2020-12-19,中京,4,2,3,2016102175,ダンディズム,セ4,57,01116,藤岡康太,2:15.4,1.1/4,14-14-13-13,35.9,5.4,2,482(+4),01098,[西]野中賢二,045803,カナヤマホールディン...,110.0,"(*14,15)13(6,18)(5,7,11,17)(9,16)(8,10)(3,12)(1,2)4",14,2,0.0,False,"14,15-13(5,6,18)(8,7,11,17)(9,16)10(1,3,12)(4,2)",14,3,5.0,False,"(*14,15)(16,13)(5,6,18,9)(8,7,11,10)(3,12)(1,17)(4,2)",13,2,0.0,False,"(*14,15)16(6,13)(5,11,18,9)(8,7,10)(1,3)(17,12)(4,2)",13,2,0.0,False,-7,Bコースに替わったが、最終週となり、ここまで2週と比較すれば時計は掛かっていた。
202007030509,9,3歳以上1勝クラス,芝,2200,晴,良,14:25,2020-12-19,中京,5,8,16,2017100368,ロックグラス,牡3,55,05243,柴山雄一,2:15.4,クビ,10-11-3-3,36.5,199.7,14,464(+6),00431,[西]谷潔,240033,橋本謙一,76.0,"(*14,15)13(6,18)(5,7,11,17)(9,16)(8,10)(3,12)(1,2)4",10,2,0.0,False,"14,15-13(5,6,18)(8,7,11,17)(9,16)10(1,3,12)(4,2)",11,2,5.0,False,"(*14,15)(16,13)(5,6,18,9)(8,7,11,10)(3,12)(1,17)(4,2)",3,2,0.0,False,"(*14,15)16(6,13)(5,11,18,9)(8,7,10)(1,3)(17,12)(4,2)",3,1,0.0,False,-7,Bコースに替わったが、最終週となり、ここまで2週と比較すれば時計は掛かっていた。
202007030509,9,3歳以上1勝クラス,芝,2200,晴,良,14:25,2020-12-19,中京,6,1,2,2017104623,ハナビマンカイ,セ3,55,01157,鮫島克駿,2:15.6,3/4,16-17-17-17,35.9,15.1,5,452(0),01055,[西]藤原英昭,037803,廣崎利洋ＨＤ,,"(*14,15)13(6,18)(5,7,11,17)(9,16)(8,10)(3,12)(1,2)4",16,2,0.0,False,"14,15-13(5,6,18)(8,7,11,17)(9,16)10(1,3,12)(4,2)",17,2,5.0,False,"(*14,15)(16,13)(5,6,18,9)(8,7,11,10)(3,12)(1,17)(4,2)",17,2,0.0,False,"(*14,15)16(6,13)(5,11,18,9)(8,7,10)(1,3)(17,12)(4,2)",17,2,0.0,False,-7,Bコースに替わったが、最終週となり、ここまで2週と比較すれば時計は掛かっていた。
202007030509,9,3歳以上1勝クラス,芝,2200,晴,良,14:25,2020-12-19,中京,7,7,15,2017101715,タガノキングロード,牡3,52,01182,泉谷楓真,2:15.7,1/2,2-2-2-2,37.0,29.0,7,482(+4),00422,[西]五十嵐忠,859002,八木良司,,"(*14,15)13(6,18)(5,7,11,17)(9,16)(8,10)(3,12)(1,2)4",2,2,0.0,False,"14,15-13(5,6,18)(8,7,11,17)(9,16)10(1,3,12)(4,2)",2,1,1.5,False,"(*14,15)(16,13)(5,6,18,9)(8,7,11,10)(3,12)(1,17)(4,2)",2,2,0.0,False,"(*14,15)16(6,13)(5,11,18,9)(8,7,10)(1,3)(17,12)(4,2)",2,2,0.0,False,-7,Bコースに替わったが、最終週となり、ここまで2週と比較すれば時計は掛かっていた。
202007030509,9,3歳以上1勝クラス,芝,2200,晴,良,14:25,2020-12-19,中京,8,2,4,2017106699,ナムラドン,牡3,54,01168,富田暁,2:15.7,アタマ,18-17-17-17,36.0,16.9,6,480(-2),01110,[西]清水久詞,945004,奈村信重,,"(*14,15)13(6,18)(5,7,11,17)(9,16)(8,10)(3,12)(1,2)4",18,1,0.0,False,"14,15-13(5,6,18)(8,7,11,17)(9,16)10(1,3,12)(4,2)",17,2,5.0,False,"(*14,15)(16,13)(5,6,18,9)(8,7,11,10)(3,12)(1,17)(4,2)",17,2,0.0,False,"(*14,15)16(6,13)(5,11,18,9)(8,7,10)(1,3)(17,12)(4,2)",17,2,0.0,False,-7,Bコースに替わったが、最終週となり、ここまで2週と比較すれば時計は掛かっていた。
202007030509,9,3歳以上1勝クラス,芝,2200,晴,良,14:25,2020-12-19,中京,9,6,12,2013105556,シトラスクーラー,セ7,56,01179,菅原明良,2:16.1,2.1/2,14-14-13-15,36.5,36.3,9,460(-2),01088,[東]高木登,808800,Ｇ１レーシング,,"(*14,15)13(6,18)(5,7,11,17)(9,16)(8,10)(3,12)(1,2)4",14,2,0.0,False,"14,15-13(5,6,18)(8,7,11,17)(9,16)10(1,3,12)(4,2)",14,3,5.0,False,"(*14,15)(16,13)(5,6,18,9)(8,7,11,10)(3,12)(1,17)(4,2)",13,2,0.0,False,"(*14,15)16(6,13)(5,11,18,9)(8,7,10)(1,3)(17,12)(4,2)",15,2,0.0,False,-7,Bコースに替わったが、最終週となり、ここまで2週と比較すれば時計は掛かっていた。
202007030509,9,3歳以上1勝クラス,芝,2200,晴,良,14:25,2020-12-19,中京,10,4,7,2017105819,ハローキャンディ,牝3,53,00894,小牧太,2:16.3,1.1/2,6-7-9-10,37.0,31.8,8,432(0),01067,[東]久保田貴,001031,中西純穂,,"(*14,15)13(6,18)(5,7,11,17)(9,16)(8,10)(3,12)(1,2)4",6,4,0.0,False,"14,15-13(5,6,18)(8,7,11,17)(9,16)10(1,3,12)(4,2)",7,4,5.0,False,"(*14,15)(16,13)(5,6,18,9)(8,7,11,10)(3,12)(1,17)(4,2)",9,4,0.0,False,"(*14,15)16(6,13)(5,11,18,9)(8,7,10)(1,3)(17,12)(4,2)",10,3,0.0,False,-7,Bコースに替わったが、最終週となり、ここまで2週と比較すれば時計は掛かっていた。
202007030509,9,3歳以上1勝クラス,芝,2200,晴,良,14:25,2020-12-19,中京,11,8,18,2015106286,サダムラピュタ,牡5,56,01176,亀田温心,2:16.4,1/2,4-4-5-6,37.2,102.9,11,496(+16),01082,[西]平田修,420033,大西美生子,,"(*14,15)13(6,18)(5,7,11,17)(9,16)(8,10)(3,12)(1,2)4",4,2,0.0,False,"14,15-13(5,6,18)(8,7,11,17)(9,16)10(1,3,12)(4,2)",4,3,5.0,False,"(*14,15)(16,13)(5,6,18,9)(8,7,11,10)(3,12)(1,17)(4,2)",5,4,0.0,False,"(*14,15)16(6,13)(5,11,18,9)(8,7,10)(1,3)(17,12)(4,2)",6,4,0.0,False,-7,Bコースに替わったが、最終週となり、ここまで2週と比較すれば時計は掛かっていた。
202007030509,9,3歳以上1勝クラス,芝,2200,晴,良,14:25,2020-12-19,中京,12,4,8,2014100116,エスピリトゥオーゾ,牡6,57,01141,中井裕二,2:16.5,クビ,12-7-9-10,37.1,210.8,15,490(+12),01033,[西]木原一良,463800,名古屋友豊,,"(*14,15)13(6,18)(5,7,11,17)(9,16)(8,10)(3,12)(1,2)4",12,2,0.0,False,"14,15-13(5,6,18)(8,7,11,17)(9,16)10(1,3,12)(4,2)",7,4,5.0,False,"(*14,15)(16,13)(5,6,18,9)(8,7,11,10)(3,12)(1,17)(4,2)",9,4,0.0,False,"(*14,15)16(6,13)(5,11,18,9)(8,7,10)(1,3)(17,12)(4,2)",10,3,0.0,False,-7,Bコースに替わったが、最終週となり、ここまで2週と比較すれば時計は掛かっていた。
202007030509,9,3歳以上1勝クラス,芝,2200,晴,良,14:25,2020-12-19,中京,13,1,1,2015100339,アトムアストレア,牝5,54,01161,菊沢一樹,2:16.7,1.1/2,16-14-15-13,37.2,588.8,17,470(-2),01047,[東]勢司和浩,062007,永井廣司,,"(*14,15)13(6,18)(5,7,11,17)(9,16)(8,10)(3,12)(1,2)4",16,2,0.0,False,"14,15-13(5,6,18)(8,7,11,17)(9,16)10(1,3,12)(4,2)",14,3,5.0,False,"(*14,15)(16,13)(5,6,18,9)(8,7,11,10)(3,12)(1,17)(4,2)",15,2,0.0,False,"(*14,15)16(6,13)(5,11,18,9)(8,7,10)(1,3)(17,12)(4,2)",13,2,0.0,False,-7,Bコースに替わったが、最終週となり、ここまで2週と比較すれば時計は掛かっていた。
202007030509,9,3歳以上1勝クラス,芝,2200,晴,良,14:25,2020-12-19,中京,14,7,14,2016103067,トゥプエデス,牡4,57,01142,長岡禎仁,2:17.1,2.1/2,1-1-1-1,38.4,157.7,13,460(-2),01135,[西]高橋康之,380033,佐藤理,,"(*14,15)13(6,18)(5,7,11,17)(9,16)(8,10)(3,12)(1,2)4",1,2,0.0,True,"14,15-13(5,6,18)(8,7,11,17)(9,16)10(1,3,12)(4,2)",1,1,0.0,False,"(*14,15)(16,13)(5,6,18,9)(8,7,11,10)(3,12)(1,17)(4,2)",1,2,0.0,True,"(*14,15)16(6,13)(5,11,18,9)(8,7,10)(1,3)(17,12)(4,2)",1,2,0.0,True,-7,Bコースに替わったが、最終週となり、ここまで2週と比較すれば時計は掛かっていた。
202007030509,9,3歳以上1勝クラス,芝,2200,晴,良,14:25,2020-12-19,中京,15,5,9,2017105634,メラーキ,牡3,55,01115,浜中俊,2:17.7,3.1/2,10-11-5-6,38.5,2.1,1,468(-2),01061,[西]友道康夫,858800,大塚亮一,,"(*14,15)13(6,18)(5,7,11,17)(9,16)(8,10)(3,12)(1,2)4",10,2,0.0,False,"14,15-13(5,6,18)(8,7,11,17)(9,16)10(1,3,12)(4,2)",11,2,5.0,False,"(*14,15)(16,13)(5,6,18,9)(8,7,11,10)(3,12)(1,17)(4,2)",5,4,0.0,False,"(*14,15)16(6,13)(5,11,18,9)(8,7,10)(1,3)(17,12)(4,2)",6,4,0.0,False,-7,Bコースに替わったが、最終週となり、ここまで2週と比較すれば時計は掛かっていた。
202007030509,9,3歳以上1勝クラス,芝,2200,晴,良,14:25,2020-12-19,中京,16,8,17,2017103210,カドフィール,牡3,52,01181,秋山稔樹,2:17.8,クビ,6-7-15-15,38.2,291.5,16,436(+4),01141,[東]尾形和幸,274008,佐藤壽男,,"(*14,15)13(6,18)(5,7,11,17)(9,16)(8,10)(3,12)(1,2)4",6,4,0.0,False,"14,15-13(5,6,18)(8,7,11,17)(9,16)10(1,3,12)(4,2)",7,4,5.0,False,"(*14,15)(16,13)(5,6,18,9)(8,7,11,10)(3,12)(1,17)(4,2)",15,2,0.0,False,"(*14,15)16(6,13)(5,11,18,9)(8,7,10)(1,3)(17,12)(4,2)",15,2,0.0,False,-7,Bコースに替わったが、最終週となり、ここまで2週と比較すれば時計は掛かっていた。
202007030509,9,3歳以上1勝クラス,芝,2200,晴,良,14:25,2020-12-19,中京,17,3,6,2017105073,ウェイヴァリー,牡3,55,01160,荻野極,2:18.0,1.1/2,4-4-5-4,39.0,102.9,12,522(-4),01082,[西]平田修,486800,キャロットファーム,,"(*14,15)13(6,18)(5,7,11,17)(9,16)(8,10)(3,12)(1,2)4",4,2,0.0,False,"14,15-13(5,6,18)(8,7,11,17)(9,16)10(1,3,12)(4,2)",4,3,5.0,False,"(*14,15)(16,13)(5,6,18,9)(8,7,11,10)(3,12)(1,17)(4,2)",5,4,0.0,False,"(*14,15)16(6,13)(5,11,18,9)(8,7,10)(1,3)(17,12)(4,2)",4,2,0.0,False,-7,Bコースに替わったが、最終週となり、ここまで2週と比較すれば時計は掛かっていた。
202007030509,9,3歳以上1勝クラス,芝,2200,晴,良,14:25,2020-12-19,中京,18,3,5,2014109037,クリノハプスブルク,牡6,54,01183,小林脩斗,2:18.1,3/4,6-4-5-6,39.0,768.9,18,458(-3),01090,[東]天間昭一,970006,栗本博晴,,"(*14,15)13(6,18)(5,7,11,17)(9,16)(8,10)(3,12)(1,2)4",6,4,0.0,False,"14,15-13(5,6,18)(8,7,11,17)(9,16)10(1,3,12)(4,2)",4,3,5.0,False,"(*14,15)(16,13)(5,6,18,9)(8,7,11,10)(3,12)(1,17)(4,2)",5,4,0.0,False,"(*14,15)16(6,13)(5,11,18,9)(8,7,10)(1,3)(17,12)(4,2)",6,4,0.0,False,-7,Bコースに替わったが、最終週となり、ここまで2週と比較すれば時計は掛かっていた。
202007030510,10,報知杯中京2歳S(OP),芝,1200,晴,良,15:01,2020-12-19,中京,1,5,7,2018105067,ゴールドチャリス,牝2,54,01115,浜中俊,1:09.5,,6-4,34.5,12.5,7,414(-2),01160,[西]武幸四郎,463031,フィールドレーシング,"1,630.8",,,,,,,,,,,"2,3,11,1,14(7,12)10(8,13)(4,9)-(6,5)",6,2,6.0,False,"2,3,11-(7,1)14(8,10,12)(4,13)(6,9)5",4,2,6.5,False,-7,Bコースに替わったが、最終週となり、ここまで2週と比較すれば時計は掛かっていた。
202007030510,10,報知杯中京2歳S(OP),芝,1200,晴,良,15:01,2020-12-19,中京,2,1,1,2018105112,フォドラ,牝2,54,01171,西村淳也,1:09.6,1.1/4,4-4,34.7,4.9,2,406(+6),01113,[西]牧浦充徳,790005,吉田勝己,648.8,,,,,,,,,,,"2,3,11,1,14(7,12)10(8,13)(4,9)-(6,5)",4,1,4.5,False,"2,3,11-(7,1)14(8,10,12)(4,13)(6,9)5",4,2,6.5,False,-7,Bコースに替わったが、最終週となり、ここまで2週と比較すれば時計は掛かっていた。
202007030510,10,報知杯中京2歳S(OP),芝,1200,晴,良,15:01,2020-12-19,中京,3,2,2,2018105061,オールアットワンス,牝2,55,01179,菅原明良,1:09.7,クビ,1-1,35.6,5.3,3,440(0),01153,[東]中舘英二,790005,吉田勝己,404.4,,,,,,,,,,,"2,3,11,1,14(7,12)10(8,13)(4,9)-(6,5)",1,1,0.0,False,"2,3,11-(7,1)14(8,10,12)(4,13)(6,9)5",1,1,0.0,False,-7,Bコースに替わったが、最終週となり、ここまで2週と比較すれば時計は掛かっていた。
202007030510,10,報知杯中京2歳S(OP),芝,1200,晴,良,15:01,2020-12-19,中京,4,3,3,2018104234,ピンクカメハメハ,牡2,55,01176,亀田温心,1:09.9,1.1/4,2-2,35.6,12.2,6,464(+6),00427,[西]森秀行,695008,木村久子,240.0,,,,,,,,,,,"2,3,11,1,14(7,12)10(8,13)(4,9)-(6,5)",2,1,1.5,False,"2,3,11-(7,1)14(8,10,12)(4,13)(6,9)5",2,1,1.5,False,-7,Bコースに替わったが、最終週となり、ここまで2週と比較すれば時計は掛かっていた。
202007030510,10,報知杯中京2歳S(OP),芝,1200,晴,良,15:01,2020-12-19,中京,5,5,8,2018105042,ミエリ,牝2,54,01168,富田暁,1:09.9,アタマ,9-7,34.7,24.8,9,384(-8),01062,[西]藤岡健一,506800,シルクレーシング,160.0,,,,,,,,,,,"2,3,11,1,14(7,12)10(8,13)(4,9)-(6,5)",9,2,6.0,False,"2,3,11-(7,1)14(8,10,12)(4,13)(6,9)5",7,3,6.5,False,-7,Bコースに替わったが、最終週となり、ここまで2週と比較すれば時計は掛かっていた。
202007030510,10,報知杯中京2歳S(OP),芝,1200,晴,良,15:01,2020-12-19,中京,6,3,4,2018102287,ニシノアジャスト,牡2,56,01164,藤田菜七,1:09.9,クビ,11-10,34.3,8.5,5,526(+12),01171,[東]小手川準,897009,西山茂行,,,,,,,,,,,,"2,3,11,1,14(7,12)10(8,13)(4,9)-(6,5)",11,2,6.0,False,"2,3,11-(7,1)14(8,10,12)(4,13)(6,9)5",10,2,6.5,False,-7,Bコースに替わったが、最終週となり、ここまで2週と比較すれば時計は掛かっていた。
202007030510,10,報知杯中京2歳S(OP),芝,1200,晴,良,15:01,2020-12-19,中京,7,8,14,2018110001,ジュストコル,牡2,55,01116,藤岡康太,1:10.1,1.1/2,5-6,35.0,6.4,4,506(+2),01058,[西]大久保龍,758005,吉田照哉,,,,,,,,,,,,"2,3,11,1,14(7,12)10(8,13)(4,9)-(6,5)",5,1,6.0,False,"2,3,11-(7,1)14(8,10,12)(4,13)(6,9)5",6,1,6.5,False,-7,Bコースに替わったが、最終週となり、ここまで2週と比較すれば時計は掛かっていた。
202007030510,10,報知杯中京2歳S(OP),芝,1200,晴,良,15:01,2020-12-19,中京,8,6,10,2018104036,ハイプリーステス,牝2,54,05243,柴山雄一,1:10.2,クビ,8-7,34.9,283.0,12,414(+8),01030,[東]星野忍,855030,田頭勇貴,,,,,,,,,,,,"2,3,11,1,14(7,12)10(8,13)(4,9)-(6,5)",8,1,6.0,False,"2,3,11-(7,1)14(8,10,12)(4,13)(6,9)5",7,3,6.5,False,-7,Bコースに替わったが、最終週となり、ここまで2週と比較すれば時計は掛かっていた。
202007030510,10,報知杯中京2歳S(OP),芝,1200,晴,良,15:01,2020-12-19,中京,9,7,12,2018106583,ロードリスペクト,牡2,55,01157,鮫島克駿,1:10.3,3/4,6-7,35.0,4.6,1,478(-2),00411,[西]浅見秀一,170800,ロードホースクラブ,,,,,,,,,,,,"2,3,11,1,14(7,12)10(8,13)(4,9)-(6,5)",6,2,6.0,False,"2,3,11-(7,1)14(8,10,12)(4,13)(6,9)5",7,3,6.5,False,-7,Bコースに替わったが、最終週となり、ここまで2週と比較すれば時計は掛かっていた。
202007030510,10,報知杯中京2歳S(OP),芝,1200,晴,良,15:01,2020-12-19,中京,10,7,11,2018103205,クムシラコ,牡2,55,01133,水口優也,1:10.3,アタマ,3-3,35.7,102.2,11,458(+4),00428,[東]石毛善彦,629800,ミルファーム,,,,,,,,,,,,"2,3,11,1,14(7,12)10(8,13)(4,9)-(6,5)",3,1,3.0,False,"2,3,11-(7,1)14(8,10,12)(4,13)(6,9)5",3,1,3.0,False,-7,Bコースに替わったが、最終週となり、ここまで2週と比較すれば時計は掛かっていた。
202007030510,10,報知杯中京2歳S(OP),芝,1200,晴,良,15:01,2020-12-19,中京,11,4,5,2018104523,トーセンウォーリア,牡2,56,01160,荻野極,1:10.4,1/2,13-14,34.4,17.2,8,490(-4),01150,[東]池上昌和,270006,島川隆哉,,,,,,,,,,,,"2,3,11,1,14(7,12)10(8,13)(4,9)-(6,5)",13,2,9.5,False,"2,3,11-(7,1)14(8,10,12)(4,13)(6,9)5",14,1,6.5,False,-7,Bコースに替わったが、最終週となり、ここまで2週と比較すれば時計は掛かっていた。
202007030510,10,報知杯中京2歳S(OP),芝,1200,晴,良,15:01,2020-12-19,中京,12,8,13,2018106605,ホーキーポーキー,牝2,54,01142,長岡禎仁,1:10.4,クビ,9-10,34.9,289.6,14,454(+4),01089,[東]武市康男,629800,ミルファーム,,,,,,,,,,,,"2,3,11,1,14(7,12)10(8,13)(4,9)-(6,5)",9,2,6.0,False,"2,3,11-(7,1)14(8,10,12)(4,13)(6,9)5",10,2,6.5,False,-7,Bコースに替わったが、最終週となり、ここまで2週と比較すれば時計は掛かっていた。
202007030510,10,報知杯中京2歳S(OP),芝,1200,晴,良,15:01,2020-12-19,中京,13,6,9,2018106581,セレッソフレイム,牝2,54,00894,小牧太,1:10.6,1.1/4,11-12,34.9,29.0,10,432(0),01040,[西]服部利之,372008,三宅勝俊,,,,,,,,,,,,"2,3,11,1,14(7,12)10(8,13)(4,9)-(6,5)",11,2,6.0,False,"2,3,11-(7,1)14(8,10,12)(4,13)(6,9)5",12,2,6.5,False,-7,Bコースに替わったが、最終週となり、ここまで2週と比較すれば時計は掛かっていた。
202007030510,10,報知杯中京2歳S(OP),芝,1200,晴,良,15:01,2020-12-19,中京,14,4,6,2018100049,フクノラプラーニュ,牡2,55,01141,中井裕二,1:10.7,3/4,13-12,35.0,284.6,13,476(-2),01112,[東]田島俊明,159033,福島祐子,,,,,,,,,,,,"2,3,11,1,14(7,12)10(8,13)(4,9)-(6,5)",13,2,9.5,False,"2,3,11-(7,1)14(8,10,12)(4,13)(6,9)5",12,2,6.5,False,-7,Bコースに替わったが、最終週となり、ここまで2週と比較すれば時計は掛かっていた。
202007030511,11,有松特別(2勝),芝,1400,晴,良,15:35,2020-12-19,中京,1,6,7,2017105233,ペコリーノロマーノ,牝3,54,01171,西村淳也,1:21.7,,2-2,34.6,4.1,2,438(-8),01067,[東]久保田貴,011008,平田修,"1,535.0",,,,,,,,,,,"(*1,7)8,2(10,9)(5,11)(3,12,4)6",2,2,0.0,False,"(*1,7)(2,8)(5,10,9)(12,11)(3,4)6",2,2,0.0,False,-7,Bコースに替わったが、最終週となり、ここまで2週と比較すれば時計は掛かっていた。
202007030511,11,有松特別(2勝),芝,1400,晴,良,15:35,2020-12-19,中京,2,5,5,2015103357,メイショウドウドウ,牡5,57,00663,蛯名正義,1:21.8,1.1/4,7-5,34.2,7.9,4,488(+8),01095,[西]荒川義之,523005,松本好雄,610.0,,,,,,,,,,,"(*1,7)8,2(10,9)(5,11)(3,12,4)6",7,2,1.5,False,"(*1,7)(2,8)(5,10,9)(12,11)(3,4)6",5,3,0.0,False,-7,Bコースに替わったが、最終週となり、ここまで2週と比較すれば時計は掛かっていた。
202007030511,11,有松特別(2勝),芝,1400,晴,良,15:35,2020-12-19,中京,3,7,10,2016103398,ナリス,牝4,55,01116,藤岡康太,1:21.9,クビ,5-5,34.4,20.5,5,478(0),01128,[西]今野貞一,421005,萩英男,385.0,,,,,,,,,,,"(*1,7)8,2(10,9)(5,11)(3,12,4)6",5,2,1.5,False,"(*1,7)(2,8)(5,10,9)(12,11)(3,4)6",5,3,0.0,False,-7,Bコースに替わったが、最終週となり、ここまで2週と比較すれば時計は掛かっていた。
202007030511,11,有松特別(2勝),芝,1400,晴,良,15:35,2020-12-19,中京,4,1,1,2015105791,タイセイトレンディ,セ5,57,01176,亀田温心,1:21.9,ハナ,1-1,34.9,44.0,7,466(-2),01142,[西]森田直行,224007,田中成奉,230.0,,,,,,,,,,,"(*1,7)8,2(10,9)(5,11)(3,12,4)6",1,2,0.0,True,"(*1,7)(2,8)(5,10,9)(12,11)(3,4)6",1,2,0.0,True,-7,Bコースに替わったが、最終週となり、ここまで2週と比較すれば時計は掛かっていた。
202007030511,11,有松特別(2勝),芝,1400,晴,良,15:35,2020-12-19,中京,5,8,12,2016104298,トロイメント,牝4,55,05243,柴山雄一,1:21.9,クビ,9-8,34.2,52.1,9,456(+4),01016,[西]西浦勝一,808800,Ｇ１レーシング,150.0,,,,,,,,,,,"(*1,7)8,2(10,9)(5,11)(3,12,4)6",9,3,1.5,False,"(*1,7)(2,8)(5,10,9)(12,11)(3,4)6",8,2,0.0,False,-7,Bコースに替わったが、最終週となり、ここまで2週と比較すれば時計は掛かっていた。
202007030511,11,有松特別(2勝),芝,1400,晴,良,15:35,2020-12-19,中京,6,4,4,2017105449,アカノニジュウイチ,牝3,54,00660,横山典弘,1:22.0,クビ,9-10,34.1,1.8,1,450(+2),01103,[東]尾関知人,056803,岩切企画,,,,,,,,,,,,"(*1,7)8,2(10,9)(5,11)(3,12,4)6",9,3,1.5,False,"(*1,7)(2,8)(5,10,9)(12,11)(3,4)6",10,2,0.0,False,-7,Bコースに替わったが、最終週となり、ここまで2週と比較すれば時計は掛かっていた。
202007030511,11,有松特別(2勝),芝,1400,晴,良,15:35,2020-12-19,中京,7,5,6,2015101549,ディアボレット,牝5,55,01062,川島信二,1:22.1,1,12-12,34.1,48.9,8,462(+2),00425,[西]加用正,959800,協栄,,,,,,,,,,,,"(*1,7)8,2(10,9)(5,11)(3,12,4)6",12,1,1.5,False,"(*1,7)(2,8)(5,10,9)(12,11)(3,4)6",12,1,0.0,False,-7,Bコースに替わったが、最終週となり、ここまで2週と比較すれば時計は掛かっていた。
202007030511,11,有松特別(2勝),芝,1400,晴,良,15:35,2020-12-19,中京,8,2,2,2014102888,アドマイヤシナイ,牡6,57,01128,川須栄彦,1:22.1,アタマ,4-3,34.8,83.1,11,454(-4),00380,[東]柄崎孝,535031,近藤旬子,,,,,,,,,,,,"(*1,7)8,2(10,9)(5,11)(3,12,4)6",4,1,1.5,False,"(*1,7)(2,8)(5,10,9)(12,11)(3,4)6",3,2,0.0,False,-7,Bコースに替わったが、最終週となり、ここまで2週と比較すれば時計は掛かっていた。
202007030511,11,有松特別(2勝),芝,1400,晴,良,15:35,2020-12-19,中京,9,3,3,2015100043,ドクターデューン,牝5,55,01161,菊沢一樹,1:22.2,アタマ,9-10,34.4,34.1,6,480(+4),01115,[東]菊沢隆徳,701005,松岡悟,,,,,,,,,,,,"(*1,7)8,2(10,9)(5,11)(3,12,4)6",9,3,1.5,False,"(*1,7)(2,8)(5,10,9)(12,11)(3,4)6",10,2,0.0,False,-7,Bコースに替わったが、最終週となり、ここまで2週と比較すれば時計は掛かっていた。
202007030511,11,有松特別(2勝),芝,1400,晴,良,15:35,2020-12-19,中京,10,6,8,2016100298,ミニオンペール,牝4,55,01115,浜中俊,1:22.4,1.1/2,3-3,35.1,6.1,3,468(+4),01171,[東]小手川準,854800,ノルマンディーサラブ...,,,,,,,,,,,,"(*1,7)8,2(10,9)(5,11)(3,12,4)6",3,1,0.0,False,"(*1,7)(2,8)(5,10,9)(12,11)(3,4)6",3,2,0.0,False,-7,Bコースに替わったが、最終週となり、ここまで2週と比較すれば時計は掛かっていた。
202007030511,11,有松特別(2勝),芝,1400,晴,良,15:35,2020-12-19,中京,11,8,11,2015101573,プリヒストリー,セ5,57,01160,荻野極,1:22.5,クビ,7-8,34.8,67.7,10,478(0),01151,[西]斉藤崇史,003060,ゴドルフィン,,,,,,,,,,,,"(*1,7)8,2(10,9)(5,11)(3,12,4)6",7,2,1.5,False,"(*1,7)(2,8)(5,10,9)(12,11)(3,4)6",8,2,0.0,False,-7,Bコースに替わったが、最終週となり、ここまで2週と比較すれば時計は掛かっていた。
202007030511,11,有松特別(2勝),芝,1400,晴,良,15:35,2020-12-19,中京,12,7,9,2016104982,リバーシブルレーン,牡4,57,01179,菅原明良,1:22.6,3/4,5-5,35.0,86.3,12,438(-4),01088,[東]高木登,758005,吉田照哉,,,,,,,,,,,,"(*1,7)8,2(10,9)(5,11)(3,12,4)6",5,2,1.5,False,"(*1,7)(2,8)(5,10,9)(12,11)(3,4)6",5,3,0.0,False,-7,Bコースに替わったが、最終週となり、ここまで2週と比較すれば時計は掛かっていた。
202007030512,12,大須特別(2勝),ダ,1400,晴,良,16:10,2020-12-19,中京,1,7,14,2017104622,シホノレジーナ,牝3,54,01115,浜中俊,1:24.0,,3-2,36.1,1.8,1,500(+2),01158,[西]寺島良,262033,村瀬寛紀,"1,542.7",,,,,,,,,,,"4,8,14(6,13,15)(3,9,10)(2,7,16)5-(1,12,11)",3,1,3.0,False,"4(8,14)(6,13,15)(3,9,10)16(2,5,7)-11,12,1",2,2,0.0,False,-4,
202007030512,12,大須特別(2勝),ダ,1400,晴,良,16:10,2020-12-19,中京,2,2,4,2017101720,タガノハイライト,牝3,54,01141,中井裕二,1:24.3,1.3/4,1-1,36.7,9.8,3,528(-6),01151,[西]斉藤崇史,859002,八木良司,612.2,,,,,,,,,,,"4,8,14(6,13,15)(3,9,10)(2,7,16)5-(1,12,11)",1,1,0.0,False,"4(8,14)(6,13,15)(3,9,10)16(2,5,7)-11,12,1",1,1,0.0,False,-4,
202007030512,12,大須特別(2勝),ダ,1400,晴,良,16:10,2020-12-19,中京,3,7,13,2016104739,ラティーンセイル,牝4,55,01152,小崎綾也,1:24.5,1.1/2,4-4,36.4,37.1,11,500(+6),01059,[東]加藤征弘,486800,キャロットファーム,386.1,,,,,,,,,,,"4,8,14(6,13,15)(3,9,10)(2,7,16)5-(1,12,11)",4,3,3.0,False,"4(8,14)(6,13,15)(3,9,10)16(2,5,7)-11,12,1",4,3,0.0,False,-4,
202007030512,12,大須特別(2勝),ダ,1400,晴,良,16:10,2020-12-19,中京,4,6,11,2017102043,ファイヴレター,牡3,56,05243,柴山雄一,1:24.8,1.1/2,14-14,35.7,22.2,8,456(+4),01035,[東]佐藤吉勝,389008,熊坂俊一,230.0,,,,,,,,,,,"4,8,14(6,13,15)(3,9,10)(2,7,16)5-(1,12,11)",14,3,6.5,False,"4(8,14)(6,13,15)(3,9,10)16(2,5,7)-11,12,1",14,1,3.5,False,-4,
202007030512,12,大須特別(2勝),ダ,1400,晴,良,16:10,2020-12-19,中京,5,4,7,2016104424,チュウワフライヤー,牝4,55,01171,西村淳也,1:24.8,アタマ,10-11,36.2,20.2,7,512(+6),01058,[西]大久保龍,628007,中西忍,150.0,,,,,,,,,,,"4,8,14(6,13,15)(3,9,10)(2,7,16)5-(1,12,11)",10,3,3.0,False,"4(8,14)(6,13,15)(3,9,10)16(2,5,7)-11,12,1",11,3,0.0,False,-4,
202007030512,12,大須特別(2勝),ダ,1400,晴,良,16:10,2020-12-19,中京,6,8,15,2015102123,スズカアーチスト,牝5,55,01161,菊沢一樹,1:24.9,1/2,4-4,36.9,28.0,9,462(-2),00380,[東]柄崎孝,382004,永井啓弍,,,,,,,,,,,,"4,8,14(6,13,15)(3,9,10)(2,7,16)5-(1,12,11)",4,3,3.0,False,"4(8,14)(6,13,15)(3,9,10)16(2,5,7)-11,12,1",4,3,0.0,False,-4,
202007030512,12,大須特別(2勝),ダ,1400,晴,良,16:10,2020-12-19,中京,7,8,16,2016101907,プリミエラムール,牝4,55,01128,川須栄彦,1:24.9,アタマ,10-10,36.3,17.6,6,436(-12),01112,[東]田島俊明,542800,ライオンレースホース,,,,,,,,,,,,"4,8,14(6,13,15)(3,9,10)(2,7,16)5-(1,12,11)",10,3,3.0,False,"4(8,14)(6,13,15)(3,9,10)16(2,5,7)-11,12,1",10,1,0.0,False,-4,
202007030512,12,大須特別(2勝),ダ,1400,晴,良,16:10,2020-12-19,中京,8,4,8,2015103670,ラヴノット,牝5,55,01181,秋山稔樹,1:25.2,1.3/4,2-2,37.5,316.0,15,480(-8),00405,[東]小西一男,854800,ノルマンディーサラブ...,,,,,,,,,,,,"4,8,14(6,13,15)(3,9,10)(2,7,16)5-(1,12,11)",2,1,1.5,False,"4(8,14)(6,13,15)(3,9,10)16(2,5,7)-11,12,1",2,2,0.0,False,-4,
202007030512,12,大須特別(2勝),ダ,1400,晴,良,16:10,2020-12-19,中京,9,2,3,2017101124,プリマジア,牡3,56,01160,荻野極,1:25.2,クビ,7-7,36.8,6.8,2,460(0),01132,[東]金成貴史,326030,藤沼利夫,,,,,,,,,,,,"4,8,14(6,13,15)(3,9,10)(2,7,16)5-(1,12,11)",7,3,3.0,False,"4(8,14)(6,13,15)(3,9,10)16(2,5,7)-11,12,1",7,3,0.0,False,-4,
202007030512,12,大須特別(2勝),ダ,1400,晴,良,16:10,2020-12-19,中京,10,3,5,2014105352,ヴィーナスフローラ,牝6,55,01116,藤岡康太,1:25.3,3/4,13-11,36.6,28.7,10,480(+4),01105,[西]須貝尚介,858800,大塚亮一,,,,,,,,,,,,"4,8,14(6,13,15)(3,9,10)(2,7,16)5-(1,12,11)",13,1,3.0,False,"4(8,14)(6,13,15)(3,9,10)16(2,5,7)-11,12,1",11,3,0.0,False,-4,
202007030512,12,大須特別(2勝),ダ,1400,晴,良,16:10,2020-12-19,中京,11,5,10,2017105058,ライフレッスンズ,牡3,56,01179,菅原明良,1:25.3,アタマ,7-7,37.0,10.3,4,502(+6),00399,[東]国枝栄,708800,金子真人ホールディン...,,,,,,,,,,,,"4,8,14(6,13,15)(3,9,10)(2,7,16)5-(1,12,11)",7,3,3.0,False,"4(8,14)(6,13,15)(3,9,10)16(2,5,7)-11,12,1",7,3,0.0,False,-4,
202007030512,12,大須特別(2勝),ダ,1400,晴,良,16:10,2020-12-19,中京,12,1,2,2017103831,ロゼキルシュ,牝3,54,01176,亀田温心,1:25.6,1.1/2,10-11,37.1,67.9,12,490(+2),01157,[西]杉山晴紀,018803,トップフェロウ,,,,,,,,,,,,"4,8,14(6,13,15)(3,9,10)(2,7,16)5-(1,12,11)",10,3,3.0,False,"4(8,14)(6,13,15)(3,9,10)16(2,5,7)-11,12,1",11,3,0.0,False,-4,
202007030512,12,大須特別(2勝),ダ,1400,晴,良,16:10,2020-12-19,中京,13,6,12,2016106327,コンボルブルス,牡4,57,01182,泉谷楓真,1:25.6,アタマ,14-15,36.5,168.9,14,440(-2),01099,[西]本田優,894030,村上憲政,,,,,,,,,,,,"4,8,14(6,13,15)(3,9,10)(2,7,16)5-(1,12,11)",14,3,6.5,False,"4(8,14)(6,13,15)(3,9,10)16(2,5,7)-11,12,1",15,1,5.0,False,-4,
202007030512,12,大須特別(2勝),ダ,1400,晴,良,16:10,2020-12-19,中京,14,3,6,2016101943,ショウナンガナドル,牡4,57,01157,鮫島克駿,1:25.6,クビ,4-4,37.5,15.4,5,486(-6),01119,[東]田中剛,331002,国本哲秀,,,,,,,,,,,,"4,8,14(6,13,15)(3,9,10)(2,7,16)5-(1,12,11)",4,3,3.0,False,"4(8,14)(6,13,15)(3,9,10)16(2,5,7)-11,12,1",4,3,0.0,False,-4,
202007030512,12,大須特別(2勝),ダ,1400,晴,良,16:10,2020-12-19,中京,15,1,1,2014103444,ガチコ,牝6,55,01168,富田暁,1:25.7,3/4,14-16,36.5,69.9,13,478(+2),01134,[東]高橋文雅,115800,日東牧場,,,,,,,,,,,,"4,8,14(6,13,15)(3,9,10)(2,7,16)5-(1,12,11)",14,3,6.5,False,"4(8,14)(6,13,15)(3,9,10)16(2,5,7)-11,12,1",16,1,6.5,False,-4,
202007030512,12,大須特別(2勝),ダ,1400,晴,良,16:10,2020-12-19,中京,16,5,9,2014104103,マサキノテソーロ,牡6,57,01183,小林脩斗,1:25.9,1.1/4,7-7,37.5,445.6,16,528(+4),01077,[東]加藤和宏,089803,了徳寺健二ホールディ...,,,,,,,,,,,,"4,8,14(6,13,15)(3,9,10)(2,7,16)5-(1,12,11)",7,3,3.0,False,"4(8,14)(6,13,15)(3,9,10)16(2,5,7)-11,12,1",7,3,0.0,False,-4,
