race_id,race_number,race_name,surface,distance_m,weather,going,start_time,race_date,racecourse,finish_pos,waku,umaban,horse_id,horse_name,sex_age,kinryo,jockey_id,jockey_name,time,margin,passing_order,last_3f,odds_final,popularity,weight,trainer_id,trainer_name,owner_id,owner_name,prize,corner1_raw,corner1_rank,corner1_group_size,corner1_gap_len_est,corner1_is_leader,corner2_raw,corner2_rank,corner2_group_size,corner2_gap_len_est,corner2_is_leader,corner3_raw,corner3_rank,corner3_group_size,corner3_gap_len_est,corner3_is_leader,corner4_raw,corner4_rank,corner4_group_size,corner4_gap_len_est,corner4_is_leader,track_index,track_comment
201805010801,1,3歳未勝利,ダ,1400,晴,良,10:05,2018-02-18,東京,1,7,13,2015102551,ヴィグラスファイア,牡3,56,01075,田辺裕信,1:26.9,,5-4,38.3,4.5,3,480(+10),01017,[東]萩原清,506800,シルクレーシング,500.0,,,,,,,,,,,"(*8,11)-14-5,13,12,7,1,15,6-2,16-10,9,3=4",5,1,8.5,False,"(*8,11)14(5,13)(7,12)15-6,16-1-2=(10,3)9=4",4,2,0.0,False,7,
201805010801,1,3歳未勝利,ダ,1400,晴,良,10:05,2018-02-18,東京,2,8,16,2015104592,ヒロブラッサム,牝3,52,01169,武藤雅,1:27.1,1.1/2,12-10,37.4,25.7,8,486(0),01102,[東]大竹正博,833030,西野晴夫,200.0,,,,,,,,,,,"(*8,11)-14-5,13,12,7,1,15,6-2,16-10,9,3=4",12,1,21.0,False,"(*8,11)14(5,13)(7,12)15-6,16-1-2=(10,3)9=4",10,1,5.0,False,7,
201805010801,1,3歳未勝利,ダ,1400,晴,良,10:05,2018-02-18,東京,3,7,14,2015104297,ガブリエル,牡3,56,01014,福永祐一,1:27.2,クビ,3-3,38.9,4.1,1,474(-6),01124,[東]大和田成,008803,原禮子,130.0,,,,,,,,,,,"(*8,11)-14-5,13,12,7,1,15,6-2,16-10,9,3=4",3,1,3.5,False,"(*8,11)14(5,13)(7,12)15-6,16-1-2=(10,3)9=4",3,1,0.0,False,7,
201805010801,1,3歳未勝利,ダ,1400,晴,良,10:05,2018-02-18,東京,4,6,11,2015105958,グラデュエイト,牡3,56,05339,ルメール,1:27.5,1.3/4,2-2,39.4,4.9,4,502(+4),01059,[東]加藤征弘,249033,阿部友弘,75.0,,,,,,,,,,,"(*8,11)-14-5,13,12,7,1,15,6-2,16-10,9,3=4",2,2,0.0,False,"(*8,11)14(5,13)(7,12)15-6,16-1-2=(10,3)9=4",2,2,0.0,False,7,
201805010801,1,3歳未勝利,ダ,1400,晴,良,10:05,2018-02-18,東京,5,4,8,2015104481,アドバンスマルス,牡3,56,01077,石橋脩,1:27.5,ハナ,1-1,39.5,9.7,5,502(+2),00409,[東]二ノ宮敬,553800,広尾レース,50.0,,,,,,,,,,,"(*8,11)-14-5,13,12,7,1,15,6-2,16-10,9,3=4",1,2,0.0,True,"(*8,11)14(5,13)(7,12)15-6,16-1-2=(10,3)9=4",1,2,0.0,True,7,
201805010801,1,3歳未勝利,ダ,1400,晴,良,10:05,2018-02-18,東京,6,6,12,2015102303,ロトヴィグラス,牡3,56,05386,戸崎圭太,1:28.0,3,6-6,39.2,10.7,6,460(0),01014,[東]高市圭二,262002,國武佳博,,,,,,,,,,,,"(*8,11)-14-5,13,12,7,1,15,6-2,16-10,9,3=4",6,1,10.0,False,"(*8,11)14(5,13)(7,12)15-6,16-1-2=(10,3)9=4",6,2,0.0,False,7,
201805010801,1,3歳未勝利,ダ,1400,晴,良,10:05,2018-02-18,東京,7,8,15,2015105935,サマーボーイ,牡3,56,01122,三浦皇成,1:28.1,クビ,9-8,39.1,41.8,10,498(+14),01125,[東]小野次郎,030030,前田亘輝,,,,,,,,,,,,"(*8,11)-14-5,13,12,7,1,15,6-2,16-10,9,3=4",9,1,14.5,False,"(*8,11)14(5,13)(7,12)15-6,16-1-2=(10,3)9=4",8,1,0.0,False,7,
201805010801,1,3歳未勝利,ダ,1400,晴,良,10:05,2018-02-18,東京,8,3,5,2015106528,ダイヤクリーガー,牡3,56,05203,岩田康誠,1:28.5,2.1/2,4-4,39.9,4.2,2,516(+14),00409,[東]二ノ宮敬,623800,ダイヤモンドファーム,,,,,,,,,,,,"(*8,11)-14-5,13,12,7,1,15,6-2,16-10,9,3=4",4,1,7.0,False,"(*8,11)14(5,13)(7,12)15-6,16-1-2=(10,3)9=4",4,2,0.0,False,7,
201805010801,1,3歳未勝利,ダ,1400,晴,良,10:05,2018-02-18,東京,8,4,7,2015106525,ランドキングスター,牡3,56,05517,ミナリク,1:28.5,同着,7-6,39.7,33.6,9,506(+10),01056,[東]本間忍,862009,木村昌三,,,,,,,,,,,,"(*8,11)-14-5,13,12,7,1,15,6-2,16-10,9,3=4",7,1,11.5,False,"(*8,11)14(5,13)(7,12)15-6,16-1-2=(10,3)9=4",6,2,0.0,False,7,
201805010801,1,3歳未勝利,ダ,1400,晴,良,10:05,2018-02-18,東京,10,3,6,2015103445,アテンコール,牡3,56,00422,内田博幸,1:28.9,2.1/2,10-9,39.4,25.2,7,452(0),01090,[東]天間昭一,571006,齊藤直信,,,,,,,,,,,,"(*8,11)-14-5,13,12,7,1,15,6-2,16-10,9,3=4",10,1,16.0,False,"(*8,11)14(5,13)(7,12)15-6,16-1-2=(10,3)9=4",9,1,3.5,False,7,
201805010801,1,3歳未勝利,ダ,1400,晴,良,10:05,2018-02-18,東京,11,1,2,2015103919,シュガーボーイ,牡3,55,01151,井上敏樹,1:29.9,6,11-12,39.4,243.9,14,490(+20),01093,[東]松永康利,798033,山口裕介,,,,,,,,,,,,"(*8,11)-14-5,13,12,7,1,15,6-2,16-10,9,3=4",11,1,19.5,False,"(*8,11)14(5,13)(7,12)15-6,16-1-2=(10,3)9=4",12,1,12.0,False,7,
201805010801,1,3歳未勝利,ダ,1400,晴,良,10:05,2018-02-18,東京,12,5,10,2015100215,ウインオーバーカム,牡3,56,01051,嘉藤貴行,1:30.1,1,13-13,38.7,189.0,13,476(0),01026,[東]鈴木伸尋,494800,ウイン,,,,,,,,,,,,"(*8,11)-14-5,13,12,7,1,15,6-2,16-10,9,3=4",13,1,24.5,False,"(*8,11)14(5,13)(7,12)15-6,16-1-2=(10,3)9=4",13,2,18.0,False,7,
201805010801,1,3歳未勝利,ダ,1400,晴,良,10:05,2018-02-18,東京,13,1,1,2015100290,セイカハタハタクモ,牡3,56,00684,田中勝春,1:30.6,3,8-11,40.6,164.5,11,458(+16),01125,[東]小野次郎,284008,久米大,,,,,,,,,,,,"(*8,11)-14-5,13,12,7,1,15,6-2,16-10,9,3=4",8,1,13.0,False,"(*8,11)14(5,13)(7,12)15-6,16-1-2=(10,3)9=4",11,1,8.5,False,7,
201805010801,1,3歳未勝利,ダ,1400,晴,良,10:05,2018-02-18,東京,14,5,9,2015103510,パシフィックロード,牡3,56,01129,菅原隆一,1:30.9,2,14-15,39.2,317.2,15,462(+26),01131,[東]蛯名利弘,102800,ターフ・スポート,,,,,,,,,,,,"(*8,11)-14-5,13,12,7,1,15,6-2,16-10,9,3=4",14,1,26.0,False,"(*8,11)14(5,13)(7,12)15-6,16-1-2=(10,3)9=4",15,1,18.0,False,7,
201805010801,1,3歳未勝利,ダ,1400,晴,良,10:05,2018-02-18,東京,15,2,3,2015101653,フレイミングムーン,牝3,54,01108,的場勇人,1:31.2,2,15-13,39.7,395.8,16,454(-12),01036,[東]高橋義博,871006,高橋信博,,,,,,,,,,,,"(*8,11)-14-5,13,12,7,1,15,6-2,16-10,9,3=4",15,1,27.5,False,"(*8,11)14(5,13)(7,12)15-6,16-1-2=(10,3)9=4",13,2,18.0,False,7,
201805010801,1,3歳未勝利,ダ,1400,晴,良,10:05,2018-02-18,東京,16,2,4,2015103508,ハロービギン,牡3,56,01015,古川吉洋,1:42.4,大,16-16,42.4,183.5,12,452(0),01043,[東]石栗龍彦,898005,大原詔宏,,,,,,,,,,,,"(*8,11)-14-5,13,12,7,1,15,6-2,16-10,9,3=4",16,1,33.5,False,"(*8,11)14(5,13)(7,12)15-6,16-1-2=(10,3)9=4",16,1,24.0,False,7,
201805010802,2,3歳未勝利,ダ,2100,晴,良,10:35,2018-02-18,東京,1,7,13,2015104767,プレシャスリーフ,牡3,56,05339,ルメール,2:17.5,,7-7-4-4,37.0,3.0,2,456(+6),01118,[東]高柳瑞樹,226800,サンデーレーシング,500.0,"(*1,2)(3,5,16)6(9,13)4(8,10,14)11,15,12-7",7,2,0.0,False,"(*1,2)(3,16)5,6(9,13)4(10,14)8(15,11)-12-7",7,2,1.5,False,"(*1,2)16(3,13)(6,12)9(5,14)(4,10,15,11)8-7",4,2,0.0,False,"(*1,2)16(3,13)12(6,9)(10,15,14)5,11(4,8)=7",4,2,0.0,False,7,
201805010802,2,3歳未勝利,ダ,2100,晴,良,10:35,2018-02-18,東京,2,1,1,2015104321,サトノディード,牡3,56,01043,北村宏司,2:17.8,1.3/4,1-1-1-1,37.6,56.2,12,506(-8),00399,[東]国枝栄,075803,サトミホースカンパニ...,200.0,"(*1,2)(3,5,16)6(9,13)4(8,10,14)11,15,12-7",1,2,0.0,True,"(*1,2)(3,16)5,6(9,13)4(10,14)8(15,11)-12-7",1,2,0.0,True,"(*1,2)16(3,13)(6,12)9(5,14)(4,10,15,11)8-7",1,2,0.0,True,"(*1,2)16(3,13)12(6,9)(10,15,14)5,11(4,8)=7",1,2,0.0,True,7,
201805010802,2,3歳未勝利,ダ,2100,晴,良,10:35,2018-02-18,東京,3,6,12,2015104412,ユメノサキ,牡3,56,01096,大野拓弥,2:18.6,5,15-15-6-6,37.9,35.9,9,536(+8),01116,[東]新開幸一,588006,山田和正,130.0,"(*1,2)(3,5,16)6(9,13)4(8,10,14)11,15,12-7",15,1,3.0,False,"(*1,2)(3,16)5,6(9,13)4(10,14)8(15,11)-12-7",15,1,5.0,False,"(*1,2)16(3,13)(6,12)9(5,14)(4,10,15,11)8-7",6,2,0.0,False,"(*1,2)16(3,13)12(6,9)(10,15,14)5,11(4,8)=7",6,1,0.0,False,7,
201805010802,2,3歳未勝利,ダ,2100,晴,良,10:35,2018-02-18,東京,4,8,15,2015106102,ネコマヒカ,牡3,56,00689,江田照男,2:18.9,2,14-13-11-9,37.9,10.9,3,530(+2),01030,[東]星野忍,129005,桐谷茂,75.0,"(*1,2)(3,5,16)6(9,13)4(8,10,14)11,15,12-7",14,1,1.5,False,"(*1,2)(3,16)5,6(9,13)4(10,14)8(15,11)-12-7",13,2,1.5,False,"(*1,2)16(3,13)(6,12)9(5,14)(4,10,15,11)8-7",11,4,0.0,False,"(*1,2)16(3,13)12(6,9)(10,15,14)5,11(4,8)=7",9,3,0.0,False,7,
201805010802,2,3歳未勝利,ダ,2100,晴,良,10:35,2018-02-18,東京,5,1,2,2015100117,ゴールドキー,牡3,53,01158,野中悠太,2:19.0,クビ,2-2-2-2,38.7,34.2,7,468(-2),01150,[東]池上昌和,338008,北前孔一郎,50.0,"(*1,2)(3,5,16)6(9,13)4(8,10,14)11,15,12-7",2,2,0.0,False,"(*1,2)(3,16)5,6(9,13)4(10,14)8(15,11)-12-7",2,2,0.0,False,"(*1,2)16(3,13)(6,12)9(5,14)(4,10,15,11)8-7",2,2,0.0,False,"(*1,2)16(3,13)12(6,9)(10,15,14)5,11(4,8)=7",2,2,0.0,False,7,
201805010802,2,3歳未勝利,ダ,2100,晴,良,10:35,2018-02-18,東京,6,7,14,2015105963,ナリノリリー,牝3,54,01015,古川吉洋,2:19.5,3,10-10-9-9,38.6,32.0,5,444(-8),00423,[東]上原博之,333030,成塚清志,,"(*1,2)(3,5,16)6(9,13)4(8,10,14)11,15,12-7",10,3,0.0,False,"(*1,2)(3,16)5,6(9,13)4(10,14)8(15,11)-12-7",10,2,1.5,False,"(*1,2)16(3,13)(6,12)9(5,14)(4,10,15,11)8-7",9,2,0.0,False,"(*1,2)16(3,13)12(6,9)(10,15,14)5,11(4,8)=7",9,3,0.0,False,7,
201805010802,2,3歳未勝利,ダ,2100,晴,良,10:35,2018-02-18,東京,7,8,16,2015106356,フライオールデイズ,牡3,54,01169,武藤雅,2:19.6,1/2,3-3-3-3,39.2,16.9,4,484(+18),01048,[東]畠山吉宏,854800,ノルマンディーサラブ...,,"(*1,2)(3,5,16)6(9,13)4(8,10,14)11,15,12-7",3,3,0.0,False,"(*1,2)(3,16)5,6(9,13)4(10,14)8(15,11)-12-7",3,2,0.0,False,"(*1,2)16(3,13)(6,12)9(5,14)(4,10,15,11)8-7",3,1,0.0,False,"(*1,2)16(3,13)12(6,9)(10,15,14)5,11(4,8)=7",3,1,0.0,False,7,
201805010802,2,3歳未勝利,ダ,2100,晴,良,10:35,2018-02-18,東京,8,4,8,2015104764,クロックムッシュ,牡3,56,01077,石橋脩,2:19.7,1/2,10-12-15-14,38.2,41.0,10,472(+12),01038,[東]手塚貴久,831800,青芝商事,,"(*1,2)(3,5,16)6(9,13)4(8,10,14)11,15,12-7",10,3,0.0,False,"(*1,2)(3,16)5,6(9,13)4(10,14)8(15,11)-12-7",12,1,1.5,False,"(*1,2)16(3,13)(6,12)9(5,14)(4,10,15,11)8-7",15,1,0.0,False,"(*1,2)16(3,13)12(6,9)(10,15,14)5,11(4,8)=7",14,2,1.5,False,7,
201805010802,2,3歳未勝利,ダ,2100,晴,良,10:35,2018-02-18,東京,9,5,9,2015104156,ヘッドスタート,牡3,56,01122,三浦皇成,2:19.7,ハナ,7-7-8-7,38.9,1.9,1,460(0),01097,[東]鹿戸雄一,518002,山田弘,,"(*1,2)(3,5,16)6(9,13)4(8,10,14)11,15,12-7",7,2,0.0,False,"(*1,2)(3,16)5,6(9,13)4(10,14)8(15,11)-12-7",7,2,1.5,False,"(*1,2)16(3,13)(6,12)9(5,14)(4,10,15,11)8-7",8,1,0.0,False,"(*1,2)16(3,13)12(6,9)(10,15,14)5,11(4,8)=7",7,2,0.0,False,7,
201805010802,2,3歳未勝利,ダ,2100,晴,良,10:35,2018-02-18,東京,10,2,3,2015104059,ダノンシャレード,牡3,56,05420,真島大輔,2:20.0,2,3-3-4-4,39.5,33.6,6,524(-2),01067,[東]久保田貴,619800,ダノックス,,"(*1,2)(3,5,16)6(9,13)4(8,10,14)11,15,12-7",3,3,0.0,False,"(*1,2)(3,16)5,6(9,13)4(10,14)8(15,11)-12-7",3,2,0.0,False,"(*1,2)16(3,13)(6,12)9(5,14)(4,10,15,11)8-7",4,2,0.0,False,"(*1,2)16(3,13)12(6,9)(10,15,14)5,11(4,8)=7",4,2,0.0,False,7,
201805010802,2,3歳未勝利,ダ,2100,晴,良,10:35,2018-02-18,東京,11,6,11,2015103240,ケイアイムーンバ,牡3,56,01131,西村太一,2:20.4,2.1/2,13-13-11-13,39.1,98.6,14,490(+4),01059,[東]加藤征弘,331803,亀田和弘,,"(*1,2)(3,5,16)6(9,13)4(8,10,14)11,15,12-7",13,1,0.0,False,"(*1,2)(3,16)5,6(9,13)4(10,14)8(15,11)-12-7",13,2,1.5,False,"(*1,2)16(3,13)(6,12)9(5,14)(4,10,15,11)8-7",11,4,0.0,False,"(*1,2)16(3,13)12(6,9)(10,15,14)5,11(4,8)=7",13,1,1.5,False,7,
201805010802,2,3歳未勝利,ダ,2100,晴,良,10:35,2018-02-18,東京,12,2,4,2015101790,ニシノホクサイ,牡3,56,00422,内田博幸,2:20.7,1.3/4,9-9-11-14,39.3,53.4,11,454(-4),01029,[東]根本康広,897009,西山茂行,,"(*1,2)(3,5,16)6(9,13)4(8,10,14)11,15,12-7",9,1,0.0,False,"(*1,2)(3,16)5,6(9,13)4(10,14)8(15,11)-12-7",9,1,1.5,False,"(*1,2)16(3,13)(6,12)9(5,14)(4,10,15,11)8-7",11,4,0.0,False,"(*1,2)16(3,13)12(6,9)(10,15,14)5,11(4,8)=7",14,2,1.5,False,7,
201805010802,2,3歳未勝利,ダ,2100,晴,良,10:35,2018-02-18,東京,13,5,10,2015102173,ウサギノパンチ,牡3,56,05203,岩田康誠,2:20.8,1/2,10-10-11-9,39.8,35.4,8,462(+12),00436,[東]堀井雅広,129005,桐谷茂,,"(*1,2)(3,5,16)6(9,13)4(8,10,14)11,15,12-7",10,3,0.0,False,"(*1,2)(3,16)5,6(9,13)4(10,14)8(15,11)-12-7",10,2,1.5,False,"(*1,2)16(3,13)(6,12)9(5,14)(4,10,15,11)8-7",11,4,0.0,False,"(*1,2)16(3,13)12(6,9)(10,15,14)5,11(4,8)=7",9,3,0.0,False,7,
201805010802,2,3歳未勝利,ダ,2100,晴,良,10:35,2018-02-18,東京,14,3,6,2015103463,ウェブマスター,牡3,56,05517,ミナリク,2:22.1,8,6-6-6-7,41.3,144.0,15,490(-8),01145,[東]奥村武,248030,石川達絵,,"(*1,2)(3,5,16)6(9,13)4(8,10,14)11,15,12-7",6,1,0.0,False,"(*1,2)(3,16)5,6(9,13)4(10,14)8(15,11)-12-7",6,1,1.5,False,"(*1,2)16(3,13)(6,12)9(5,14)(4,10,15,11)8-7",6,2,0.0,False,"(*1,2)16(3,13)12(6,9)(10,15,14)5,11(4,8)=7",7,2,0.0,False,7,
201805010802,2,3歳未勝利,ダ,2100,晴,良,10:35,2018-02-18,東京,15,4,7,2015105556,パワーバンド,牡3,56,00732,幸英明,2:22.6,3,16-16-16-16,40.3,70.6,13,498(-2),00409,[東]二ノ宮敬,553800,広尾レース,,"(*1,2)(3,5,16)6(9,13)4(8,10,14)11,15,12-7",16,1,6.5,False,"(*1,2)(3,16)5,6(9,13)4(10,14)8(15,11)-12-7",16,1,8.5,False,"(*1,2)16(3,13)(6,12)9(5,14)(4,10,15,11)8-7",16,1,3.5,False,"(*1,2)16(3,13)12(6,9)(10,15,14)5,11(4,8)=7",16,1,7.5,False,7,
201805010802,2,3歳未勝利,ダ,2100,晴,良,10:35,2018-02-18,東京,16,3,5,2015103874,ウッドカービング,セ3,56,01135,杉原誠人,2:24.6,大,3-5-9-12,43.5,145.4,16,488(-16),01103,[東]尾関知人,629800,ミルファーム,,"(*1,2)(3,5,16)6(9,13)4(8,10,14)11,15,12-7",3,3,0.0,False,"(*1,2)(3,16)5,6(9,13)4(10,14)8(15,11)-12-7",5,1,0.0,False,"(*1,2)16(3,13)(6,12)9(5,14)(4,10,15,11)8-7",9,2,0.0,False,"(*1,2)16(3,13)12(6,9)(10,15,14)5,11(4,8)=7",12,1,0.0,False,7,
201805010803,3,3歳500万下,ダ,1400,晴,良,11:05,2018-02-18,東京,1,3,5,2015105066,レピアーウィット,牡3,56,05366,ムーア,1:25.7,,11-10,37.0,1.8,1,536(+10),01070,[東]堀宣行,708800,金子真人ホールディン...,720.0,,,,,,,,,,,"13(10,16)3(6,11)(2,7)(4,14)5-(1,15)9-8,12",11,1,0.0,False,"13(10,16)(3,11)6(2,7,14)(4,5)(1,15)9(8,12)",10,2,0.0,False,7,
201805010803,3,3歳500万下,ダ,1400,晴,良,11:05,2018-02-18,東京,2,7,13,2015100272,セイウンクールガイ,牡3,54,01169,武藤雅,1:26.0,2,1-1,38.1,51.6,11,446(-2),01074,[東]奥平雅士,897009,西山茂行,290.0,,,,,,,,,,,"13(10,16)3(6,11)(2,7)(4,14)5-(1,15)9-8,12",1,1,0.0,False,"13(10,16)(3,11)6(2,7,14)(4,5)(1,15)9(8,12)",1,1,0.0,False,7,
201805010803,3,3歳500万下,ダ,1400,晴,良,11:05,2018-02-18,東京,3,6,12,2015105549,ドリュウ,牡3,56,01075,田辺裕信,1:26.8,5,16-15,37.4,22.4,6,440(-4),00417,[東]土田稔,629800,ミルファーム,180.0,,,,,,,,,,,"13(10,16)3(6,11)(2,7)(4,14)5-(1,15)9-8,12",16,1,8.5,False,"13(10,16)(3,11)6(2,7,14)(4,5)(1,15)9(8,12)",15,2,0.0,False,7,
201805010803,3,3歳500万下,ダ,1400,晴,良,11:05,2018-02-18,東京,4,5,10,2015102280,レーヌダンス,牝3,54,05386,戸崎圭太,1:27.2,2.1/2,2-2,39.2,14.5,4,452(-4),01108,[東]矢野英一,601033,酒井喜生,110.0,,,,,,,,,,,"13(10,16)3(6,11)(2,7)(4,14)5-(1,15)9-8,12",2,2,0.0,False,"13(10,16)(3,11)6(2,7,14)(4,5)(1,15)9(8,12)",2,2,0.0,False,7,
201805010803,3,3歳500万下,ダ,1400,晴,良,11:05,2018-02-18,東京,5,2,4,2015105708,ワンダーツー,牡3,56,01025,勝浦正樹,1:27.3,クビ,9-10,38.6,25.7,8,524(0),01027,[東]田村康仁,798033,山口裕介,72.0,,,,,,,,,,,"13(10,16)3(6,11)(2,7)(4,14)5-(1,15)9-8,12",9,2,0.0,False,"13(10,16)(3,11)6(2,7,14)(4,5)(1,15)9(8,12)",10,2,0.0,False,7,
201805010803,3,3歳500万下,ダ,1400,晴,良,11:05,2018-02-18,東京,6,6,11,2015102313,シスル,牝3,54,01096,大野拓弥,1:27.5,1.1/4,5-4,39.2,41.9,10,478(+2),01116,[東]新開幸一,373008,中村祐子,,,,,,,,,,,,"13(10,16)3(6,11)(2,7)(4,14)5-(1,15)9-8,12",5,2,0.0,False,"13(10,16)(3,11)6(2,7,14)(4,5)(1,15)9(8,12)",4,2,0.0,False,7,
201805010803,3,3歳500万下,ダ,1400,晴,良,11:05,2018-02-18,東京,7,2,3,2015104873,ゴールドタンバリン,牝3,54,05339,ルメール,1:27.6,1/2,4-4,39.3,5.3,2,424(-2),01150,[東]池上昌和,138007,吉田和美,,,,,,,,,,,,"13(10,16)3(6,11)(2,7)(4,14)5-(1,15)9-8,12",4,1,0.0,False,"13(10,16)(3,11)6(2,7,14)(4,5)(1,15)9(8,12)",4,2,0.0,False,7,
201805010803,3,3歳500万下,ダ,1400,晴,良,11:05,2018-02-18,東京,8,7,14,2015101594,ダニエル,牡3,56,00422,内田博幸,1:27.6,クビ,9-7,39.1,15.6,5,506(+4),01132,[東]金成貴史,003060,Ｈ．Ｈ．シェイク・モ...,,,,,,,,,,,,"13(10,16)3(6,11)(2,7)(4,14)5-(1,15)9-8,12",9,2,0.0,False,"13(10,16)(3,11)6(2,7,14)(4,5)(1,15)9(8,12)",7,3,0.0,False,7,
201805010803,3,3歳500万下,ダ,1400,晴,良,11:05,2018-02-18,東京,9,5,9,2015105191,クワトロダッシュ,牡3,56,05203,岩田康誠,1:27.7,1/2,14-14,38.5,189.3,13,478(0),01106,[東]牧光二,021700,ザ・チャンピオンズ,,,,,,,,,,,,"13(10,16)3(6,11)(2,7)(4,14)5-(1,15)9-8,12",14,1,3.5,False,"13(10,16)(3,11)6(2,7,14)(4,5)(1,15)9(8,12)",14,1,0.0,False,7,
201805010803,3,3歳500万下,ダ,1400,晴,良,11:05,2018-02-18,東京,10,4,7,2015100120,ヴーディーズピアス,牝3,54,00732,幸英明,1:27.7,ハナ,7-7,39.1,369.4,16,468(0),01156,[東]青木孝文,754030,田島大史,,,,,,,,,,,,"13(10,16)3(6,11)(2,7)(4,14)5-(1,15)9-8,12",7,2,0.0,False,"13(10,16)(3,11)6(2,7,14)(4,5)(1,15)9(8,12)",7,3,0.0,False,7,
201805010803,3,3歳500万下,ダ,1400,晴,良,11:05,2018-02-18,東京,11,1,2,2015103364,メイショウタイシ,牡3,56,01014,福永祐一,1:27.7,クビ,7-7,39.2,22.6,7,488(-4),00438,[西]安田隆行,523005,松本好雄,,,,,,,,,,,,"13(10,16)3(6,11)(2,7)(4,14)5-(1,15)9-8,12",7,2,0.0,False,"13(10,16)(3,11)6(2,7,14)(4,5)(1,15)9(8,12)",7,3,0.0,False,7,
201805010803,3,3歳500万下,ダ,1400,晴,良,11:05,2018-02-18,東京,12,4,8,2015101678,プリンセスケイト,牝3,54,00660,横山典弘,1:27.8,1/2,15-15,38.4,6.3,3,524(+2),01044,[西]昆貢,003060,Ｈ．Ｈ．シェイク・モ...,,,,,,,,,,,,"13(10,16)3(6,11)(2,7)(4,14)5-(1,15)9-8,12",15,1,7.0,False,"13(10,16)(3,11)6(2,7,14)(4,5)(1,15)9(8,12)",15,2,0.0,False,7,
201805010803,3,3歳500万下,ダ,1400,晴,良,11:05,2018-02-18,東京,13,8,15,2015102606,イエローブレイヴ,牡3,56,01129,菅原隆一,1:28.0,1.1/4,12-12,39.0,240.8,14,516(-10),01089,[東]武市康男,816008,本田恒雄,,,,,,,,,,,,"13(10,16)3(6,11)(2,7)(4,14)5-(1,15)9-8,12",12,2,3.5,False,"13(10,16)(3,11)6(2,7,14)(4,5)(1,15)9(8,12)",12,2,0.0,False,7,
201805010803,3,3歳500万下,ダ,1400,晴,良,11:05,2018-02-18,東京,14,3,6,2015105429,ミラビリア,牝3,54,05420,真島大輔,1:28.1,1/2,5-6,39.7,147.1,12,462(+4),01153,[東]中舘英二,854800,ノルマンディーサラブ...,,,,,,,,,,,,"13(10,16)3(6,11)(2,7)(4,14)5-(1,15)9-8,12",5,2,0.0,False,"13(10,16)(3,11)6(2,7,14)(4,5)(1,15)9(8,12)",6,1,0.0,False,7,
201805010803,3,3歳500万下,ダ,1400,晴,良,11:05,2018-02-18,東京,15,1,1,2015103089,ミコジェンヌ,牝3,54,01015,古川吉洋,1:29.3,7,12-12,40.3,321.3,15,434(-4),00402,[東]谷原義明,535033,古賀慎一,,,,,,,,,,,,"13(10,16)3(6,11)(2,7)(4,14)5-(1,15)9-8,12",12,2,3.5,False,"13(10,16)(3,11)6(2,7,14)(4,5)(1,15)9(8,12)",12,2,0.0,False,7,
201805010803,3,3歳500万下,ダ,1400,晴,良,11:05,2018-02-18,東京,16,8,16,2015101745,ジェイエルスピード,牡3,53,01158,野中悠太,1:29.6,1.3/4,2-2,41.5,36.5,9,456(-4),00405,[東]小西一男,173033,橋元幸人,,,,,,,,,,,,"13(10,16)3(6,11)(2,7)(4,14)5-(1,15)9-8,12",2,2,0.0,False,"13(10,16)(3,11)6(2,7,14)(4,5)(1,15)9(8,12)",2,2,0.0,False,7,
201805010804,4,3歳未勝利,芝,1600,晴,良,11:35,2018-02-18,東京,1,7,13,2015104489,ロンギングファロー,牡3,56,05366,ムーア,1:35.5,,6-6,35.0,4.6,2,472(+4),01070,[東]堀宣行,113030,坂本浩一,500.0,,,,,,,,,,,"(*1,8)(3,12)4,13(7,10)(5,9)16(2,11,15)14-6",6,1,1.5,False,"(*1,8)(3,4,12)13(7,15)10,5(9,16)(2,11)-14-6",6,1,0.0,False,-3,前日と比べて少し時計は掛かっていたが、それでもやや速めの時計が出るレベル。
201805010804,4,3歳未勝利,芝,1600,晴,良,11:35,2018-02-18,東京,2,8,15,2015101054,バルトフォンテン,牡3,56,00422,内田博幸,1:35.5,クビ,12-7,34.8,116.9,11,494(-2),00412,[東]高橋裕,186001,吉橋計,200.0,,,,,,,,,,,"(*1,8)(3,12)4,13(7,10)(5,9)16(2,11,15)14-6",12,3,1.5,False,"(*1,8)(3,4,12)13(7,15)10,5(9,16)(2,11)-14-6",7,2,0.0,False,-3,前日と比べて少し時計は掛かっていたが、それでもやや速めの時計が出るレベル。
201805010804,4,3歳未勝利,芝,1600,晴,良,11:35,2018-02-18,東京,3,5,10,2015104892,エルディアマンテ,牝3,54,05339,ルメール,1:35.5,アタマ,7-9,34.7,1.5,1,420(-6),00399,[東]国枝栄,486800,キャロットファーム,130.0,,,,,,,,,,,"(*1,8)(3,12)4,13(7,10)(5,9)16(2,11,15)14-6",7,2,1.5,False,"(*1,8)(3,4,12)13(7,15)10,5(9,16)(2,11)-14-6",9,1,0.0,False,-3,前日と比べて少し時計は掛かっていたが、それでもやや速めの時計が出るレベル。
201805010804,4,3歳未勝利,芝,1600,晴,良,11:35,2018-02-18,東京,4,1,1,2015101057,マイネルイノメ,牡3,56,01009,柴田大知,1:35.6,1/2,1-1,35.5,18.7,4,490(-10),01097,[東]鹿戸雄一,546800,サラブレッドクラブ・...,75.0,,,,,,,,,,,"(*1,8)(3,12)4,13(7,10)(5,9)16(2,11,15)14-6",1,2,0.0,True,"(*1,8)(3,4,12)13(7,15)10,5(9,16)(2,11)-14-6",1,2,0.0,True,-3,前日と比べて少し時計は掛かっていたが、それでもやや速めの時計が出るレベル。
201805010804,4,3歳未勝利,芝,1600,晴,良,11:35,2018-02-18,東京,5,2,3,2015102785,ラブリーアゲン,牝3,54,00726,岩部純二,1:35.8,1.1/2,3-3,35.4,5.6,3,412(0),01024,[東]萱野浩二,350004,浅川皓司,50.0,,,,,,,,,,,"(*1,8)(3,12)4,13(7,10)(5,9)16(2,11,15)14-6",3,2,0.0,False,"(*1,8)(3,4,12)13(7,15)10,5(9,16)(2,11)-14-6",3,3,0.0,False,-3,前日と比べて少し時計は掛かっていたが、それでもやや速めの時計が出るレベル。
201805010804,4,3歳未勝利,芝,1600,晴,良,11:35,2018-02-18,東京,6,4,8,2015105435,ホウオウシックス,牡3,56,01096,大野拓弥,1:35.8,ハナ,2-2,35.7,33.4,5,456(+2),01141,[東]尾形和幸,906033,小笹芳央,,,,,,,,,,,,"(*1,8)(3,12)4,13(7,10)(5,9)16(2,11,15)14-6",2,2,0.0,False,"(*1,8)(3,4,12)13(7,15)10,5(9,16)(2,11)-14-6",2,2,0.0,False,-3,前日と比べて少し時計は掛かっていたが、それでもやや速めの時計が出るレベル。
201805010804,4,3歳未勝利,芝,1600,晴,良,11:35,2018-02-18,東京,7,4,7,2015104196,ブラーノ,牝3,54,01043,北村宏司,1:36.0,1.1/4,7-7,35.3,75.6,10,448(-4),01079,[東]古賀慎明,226800,サンデーレーシング,,,,,,,,,,,,"(*1,8)(3,12)4,13(7,10)(5,9)16(2,11,15)14-6",7,2,1.5,False,"(*1,8)(3,4,12)13(7,15)10,5(9,16)(2,11)-14-6",7,2,0.0,False,-3,前日と比べて少し時計は掛かっていたが、それでもやや速めの時計が出るレベル。
201805010804,4,3歳未勝利,芝,1600,晴,良,11:35,2018-02-18,東京,8,6,12,2015104885,オースオブゴールド,牝3,54,01077,石橋脩,1:36.1,クビ,3-3,35.8,36.9,7,438(+4),01127,[東]栗田徹,790005,吉田勝己,,,,,,,,,,,,"(*1,8)(3,12)4,13(7,10)(5,9)16(2,11,15)14-6",3,2,0.0,False,"(*1,8)(3,4,12)13(7,15)10,5(9,16)(2,11)-14-6",3,3,0.0,False,-3,前日と比べて少し時計は掛かっていたが、それでもやや速めの時計が出るレベル。
201805010804,4,3歳未勝利,芝,1600,晴,良,11:35,2018-02-18,東京,9,2,4,2015103881,ココロザシ,セ3,56,01051,嘉藤貴行,1:36.1,ハナ,5-3,35.7,64.0,9,440(0),00408,[東]田中清隆,629800,ミルファーム,,,,,,,,,,,,"(*1,8)(3,12)4,13(7,10)(5,9)16(2,11,15)14-6",5,1,0.0,False,"(*1,8)(3,4,12)13(7,15)10,5(9,16)(2,11)-14-6",3,3,0.0,False,-3,前日と比べて少し時計は掛かっていたが、それでもやや速めの時計が出るレベル。
201805010804,4,3歳未勝利,芝,1600,晴,良,11:35,2018-02-18,東京,10,1,2,2015106364,フルコスト,牡3,56,01108,的場勇人,1:36.1,クビ,12-13,34.9,34.6,6,444(+2),01063,[東]的場均,615030,福田光博,,,,,,,,,,,,"(*1,8)(3,12)4,13(7,10)(5,9)16(2,11,15)14-6",12,3,1.5,False,"(*1,8)(3,4,12)13(7,15)10,5(9,16)(2,11)-14-6",13,2,1.5,False,-3,前日と比べて少し時計は掛かっていたが、それでもやや速めの時計が出るレベル。
201805010804,4,3歳未勝利,芝,1600,晴,良,11:35,2018-02-18,東京,11,3,5,2015101728,ネイチャータイム,牡3,53,01158,野中悠太,1:36.2,クビ,9-10,35.3,193.9,13,430(+6),01029,[東]根本康広,506006,井上修一,,,,,,,,,,,,"(*1,8)(3,12)4,13(7,10)(5,9)16(2,11,15)14-6",9,2,1.5,False,"(*1,8)(3,4,12)13(7,15)10,5(9,16)(2,11)-14-6",10,1,1.5,False,-3,前日と比べて少し時計は掛かっていたが、それでもやや速めの時計が出るレベル。
201805010804,4,3歳未勝利,芝,1600,晴,良,11:35,2018-02-18,東京,12,6,11,2015103982,ティイ,牝3,52,01169,武藤雅,1:36.4,1.1/4,12-13,35.1,331.2,14,444(+14),01102,[東]大竹正博,372006,近藤英子,,,,,,,,,,,,"(*1,8)(3,12)4,13(7,10)(5,9)16(2,11,15)14-6",12,3,1.5,False,"(*1,8)(3,4,12)13(7,15)10,5(9,16)(2,11)-14-6",13,2,1.5,False,-3,前日と比べて少し時計は掛かっていたが、それでもやや速めの時計が出るレベル。
201805010804,4,3歳未勝利,芝,1600,晴,良,11:35,2018-02-18,東京,13,5,9,2015102422,ドナカデンツァ,牝3,54,00732,幸英明,1:36.4,クビ,9-11,35.4,140.4,12,442(+4),01089,[東]武市康男,042033,小川眞査雄,,,,,,,,,,,,"(*1,8)(3,12)4,13(7,10)(5,9)16(2,11,15)14-6",9,2,1.5,False,"(*1,8)(3,4,12)13(7,15)10,5(9,16)(2,11)-14-6",11,2,1.5,False,-3,前日と比べて少し時計は掛かっていたが、それでもやや速めの時計が出るレベル。
201805010804,4,3歳未勝利,芝,1600,晴,良,11:35,2018-02-18,東京,14,7,14,2015106447,ソンタク,牡3,56,01129,菅原隆一,1:36.7,1.3/4,15-15,35.0,562.6,15,444(-2),01063,[東]的場均,855030,田頭勇貴,,,,,,,,,,,,"(*1,8)(3,12)4,13(7,10)(5,9)16(2,11,15)14-6",15,1,1.5,False,"(*1,8)(3,4,12)13(7,15)10,5(9,16)(2,11)-14-6",15,1,5.0,False,-3,前日と比べて少し時計は掛かっていたが、それでもやや速めの時計が出るレベル。
201805010804,4,3歳未勝利,芝,1600,晴,良,11:35,2018-02-18,東京,15,8,16,2015105417,ホウオウカーニバル,牡3,56,05386,戸崎圭太,1:37.3,3.1/2,11-11,36.2,50.6,8,470(0),00341,[東]栗田博憲,906033,小笹芳央,,,,,,,,,,,,"(*1,8)(3,12)4,13(7,10)(5,9)16(2,11,15)14-6",11,1,1.5,False,"(*1,8)(3,4,12)13(7,15)10,5(9,16)(2,11)-14-6",11,2,1.5,False,-3,前日と比べて少し時計は掛かっていたが、それでもやや速めの時計が出るレベル。
201805010804,4,3歳未勝利,芝,1600,晴,良,11:35,2018-02-18,東京,16,3,6,2015104279,ヤマノブロッサム,牝3,54,01140,横山和生,1:37.7,2.1/2,16-16,35.5,720.7,16,412(-6),01008,[東]杉浦宏昭,467004,澤村敏雄,,,,,,,,,,,,"(*1,8)(3,12)4,13(7,10)(5,9)16(2,11,15)14-6",16,1,5.0,False,"(*1,8)(3,4,12)13(7,15)10,5(9,16)(2,11)-14-6",16,1,8.5,False,-3,前日と比べて少し時計は掛かっていたが、それでもやや速めの時計が出るレベル。
201805010805,5,3歳新馬,芝,1800,晴,良,12:25,2018-02-18,東京,1,2,4,2015105974,ライラックカラー,牡3,56,01043,北村宏司,1:50.2,,3-5-6,33.8,4.4,3,462(0),00386,[東]藤沢和雄,124008,山本英俊,600.0,,,,,,"1,12(3,4)(9,10,11)14(6,8)15(2,5,16)13,7",3,2,1.5,False,"(*1,12)(3,11)4(9,10)(6,8,14)15(2,16)(7,5,13)",5,1,0.0,False,"(*1,12)(3,11,8)4,10(9,15)14(6,16)(2,13)7-5",6,1,0.0,False,-3,前日と比べて少し時計は掛かっていたが、それでもやや速めの時計が出るレベル。
201805010805,5,3歳新馬,芝,1800,晴,良,12:25,2018-02-18,東京,2,1,1,2015110077,ランドネ,牝3,54,05386,戸崎圭太,1:50.2,クビ,1-1-1,34.2,11.3,5,516(0),01053,[西]角居勝彦,882800,小林英一ホールディン...,240.0,,,,,,"1,12(3,4)(9,10,11)14(6,8)15(2,5,16)13,7",1,1,0.0,False,"(*1,12)(3,11)4(9,10)(6,8,14)15(2,16)(7,5,13)",1,2,0.0,True,"(*1,12)(3,11,8)4,10(9,15)14(6,16)(2,13)7-5",1,2,0.0,True,-3,前日と比べて少し時計は掛かっていたが、それでもやや速めの時計が出るレベル。
201805010805,5,3歳新馬,芝,1800,晴,良,12:25,2018-02-18,東京,3,5,9,2015102375,ロードザナドゥ,牡3,56,01122,三浦皇成,1:50.7,3,5-6-8,34.1,15.5,6,482(0),00362,[西]橋田満,170800,ロードホースクラブ,150.0,,,,,,"1,12(3,4)(9,10,11)14(6,8)15(2,5,16)13,7",5,3,1.5,False,"(*1,12)(3,11)4(9,10)(6,8,14)15(2,16)(7,5,13)",6,2,0.0,False,"(*1,12)(3,11,8)4,10(9,15)14(6,16)(2,13)7-5",8,2,1.5,False,-3,前日と比べて少し時計は掛かっていたが、それでもやや速めの時計が出るレベル。
201805010805,5,3歳新馬,芝,1800,晴,良,12:25,2018-02-18,東京,4,2,3,2015102326,ルナフィリア,牝3,54,01014,福永祐一,1:50.9,1.1/2,3-3-3,34.6,51.2,11,484(0),01054,[東]戸田博文,166033,小濱忠一,90.0,,,,,,"1,12(3,4)(9,10,11)14(6,8)15(2,5,16)13,7",3,2,1.5,False,"(*1,12)(3,11)4(9,10)(6,8,14)15(2,16)(7,5,13)",3,2,0.0,False,"(*1,12)(3,11,8)4,10(9,15)14(6,16)(2,13)7-5",3,3,0.0,False,-3,前日と比べて少し時計は掛かっていたが、それでもやや速めの時計が出るレベル。
201805010805,5,3歳新馬,芝,1800,晴,良,12:25,2018-02-18,東京,5,6,12,2015104491,カプア,牝3,54,05517,ミナリク,1:51.0,3/4,2-2-2,34.9,48.0,10,468(0),01017,[東]萩原清,708800,金子真人ホールディン...,60.0,,,,,,"1,12(3,4)(9,10,11)14(6,8)15(2,5,16)13,7",2,1,1.5,False,"(*1,12)(3,11)4(9,10)(6,8,14)15(2,16)(7,5,13)",2,2,0.0,False,"(*1,12)(3,11,8)4,10(9,15)14(6,16)(2,13)7-5",2,2,0.0,False,-3,前日と比べて少し時計は掛かっていたが、それでもやや速めの時計が出るレベル。
201805010805,5,3歳新馬,芝,1800,晴,良,12:25,2018-02-18,東京,6,8,16,2015104385,オルトルート,牝3,54,01096,大野拓弥,1:51.0,ハナ,12-12-11,34.0,23.5,7,458(0),01102,[東]大竹正博,338007,村野康司,,,,,,,"1,12(3,4)(9,10,11)14(6,8)15(2,5,16)13,7",12,3,1.5,False,"(*1,12)(3,11)4(9,10)(6,8,14)15(2,16)(7,5,13)",12,2,0.0,False,"(*1,12)(3,11,8)4,10(9,15)14(6,16)(2,13)7-5",11,2,1.5,False,-3,前日と比べて少し時計は掛かっていたが、それでもやや速めの時計が出るレベル。
201805010805,5,3歳新馬,芝,1800,晴,良,12:25,2018-02-18,東京,7,3,6,2015104487,シャイニンオスカー,牝3,54,00641,柴田善臣,1:51.4,2.1/2,9-8-11,34.5,43.9,9,488(0),01054,[東]戸田博文,010803,市川義美ホールディン...,,,,,,,"1,12(3,4)(9,10,11)14(6,8)15(2,5,16)13,7",9,2,1.5,False,"(*1,12)(3,11)4(9,10)(6,8,14)15(2,16)(7,5,13)",8,3,0.0,False,"(*1,12)(3,11,8)4,10(9,15)14(6,16)(2,13)7-5",11,2,1.5,False,-3,前日と比べて少し時計は掛かっていたが、それでもやや速めの時計が出るレベル。
201805010805,5,3歳新馬,芝,1800,晴,良,12:25,2018-02-18,東京,8,8,15,2015101164,マーガレットスカイ,牝3,54,00684,田中勝春,1:51.4,クビ,11-11-8,34.7,29.4,8,492(0),01133,[東]黒岩陽一,337030,迎徹,,,,,,,"1,12(3,4)(9,10,11)14(6,8)15(2,5,16)13,7",11,1,1.5,False,"(*1,12)(3,11)4(9,10)(6,8,14)15(2,16)(7,5,13)",11,1,0.0,False,"(*1,12)(3,11,8)4,10(9,15)14(6,16)(2,13)7-5",8,2,1.5,False,-3,前日と比べて少し時計は掛かっていたが、それでもやや速めの時計が出るレベル。
201805010805,5,3歳新馬,芝,1800,晴,良,12:25,2018-02-18,東京,9,7,13,2015102225,カグヤヒメ,牝3,54,01029,武士沢友,1:51.5,クビ,15-14-13,34.2,138.5,14,480(0),01014,[東]高市圭二,253006,山本武司,,,,,,,"1,12(3,4)(9,10,11)14(6,8)15(2,5,16)13,7",15,1,1.5,False,"(*1,12)(3,11)4(9,10)(6,8,14)15(2,16)(7,5,13)",14,3,0.0,False,"(*1,12)(3,11,8)4,10(9,15)14(6,16)(2,13)7-5",13,2,1.5,False,-3,前日と比べて少し時計は掛かっていたが、それでもやや速めの時計が出るレベル。
201805010805,5,3歳新馬,芝,1800,晴,良,12:25,2018-02-18,東京,10,4,8,2015104413,ダカーポ,牝3,54,05420,真島大輔,1:51.5,クビ,9-8-3,35.2,6.6,4,432(0),01055,[西]藤原英昭,415800,社台レースホース,,,,,,,"1,12(3,4)(9,10,11)14(6,8)15(2,5,16)13,7",9,2,1.5,False,"(*1,12)(3,11)4(9,10)(6,8,14)15(2,16)(7,5,13)",8,3,0.0,False,"(*1,12)(3,11,8)4,10(9,15)14(6,16)(2,13)7-5",3,3,0.0,False,-3,前日と比べて少し時計は掛かっていたが、それでもやや速めの時計が出るレベル。
201805010805,5,3歳新馬,芝,1800,晴,良,12:25,2018-02-18,東京,11,5,10,2015109094,メイロビン,牝3,54,01051,嘉藤貴行,1:51.7,1,5-6-7,35.2,197.8,16,444(0),01051,[東]岩戸孝樹,075800,千明牧場,,,,,,,"1,12(3,4)(9,10,11)14(6,8)15(2,5,16)13,7",5,3,1.5,False,"(*1,12)(3,11)4(9,10)(6,8,14)15(2,16)(7,5,13)",6,2,0.0,False,"(*1,12)(3,11,8)4,10(9,15)14(6,16)(2,13)7-5",7,1,1.5,False,-3,前日と比べて少し時計は掛かっていたが、それでもやや速めの時計が出るレベル。
201805010805,5,3歳新馬,芝,1800,晴,良,12:25,2018-02-18,東京,12,6,11,2015101333,ダノンキャンディ,牝3,54,05203,岩田康誠,1:51.7,ハナ,5-3-3,35.5,4.0,2,470(0),01154,[西]橋口慎介,619800,ダノックス,,,,,,,"1,12(3,4)(9,10,11)14(6,8)15(2,5,16)13,7",5,3,1.5,False,"(*1,12)(3,11)4(9,10)(6,8,14)15(2,16)(7,5,13)",3,2,0.0,False,"(*1,12)(3,11,8)4,10(9,15)14(6,16)(2,13)7-5",3,3,0.0,False,-3,前日と比べて少し時計は掛かっていたが、それでもやや速めの時計が出るレベル。
201805010805,5,3歳新馬,芝,1800,晴,良,12:25,2018-02-18,東京,13,4,7,2015104241,ベネディクション,牡3,56,01077,石橋脩,1:51.9,1.1/4,16-14-15,34.5,86.8,13,490(0),01079,[東]古賀慎明,338007,村野康司,,,,,,,"1,12(3,4)(9,10,11)14(6,8)15(2,5,16)13,7",16,1,3.0,False,"(*1,12)(3,11)4(9,10)(6,8,14)15(2,16)(7,5,13)",14,3,0.0,False,"(*1,12)(3,11,8)4,10(9,15)14(6,16)(2,13)7-5",15,1,1.5,False,-3,前日と比べて少し時計は掛かっていたが、それでもやや速めの時計が出るレベル。
201805010805,5,3歳新馬,芝,1800,晴,良,12:25,2018-02-18,東京,14,7,14,2015102289,デコラティブ,牡3,54,01149,伴啓太,1:52.0,1/2,8-8-10,35.2,141.0,15,494(0),01118,[東]高柳瑞樹,040803,明栄商事,,,,,,,"1,12(3,4)(9,10,11)14(6,8)15(2,5,16)13,7",8,1,1.5,False,"(*1,12)(3,11)4(9,10)(6,8,14)15(2,16)(7,5,13)",8,3,0.0,False,"(*1,12)(3,11,8)4,10(9,15)14(6,16)(2,13)7-5",10,1,1.5,False,-3,前日と比べて少し時計は掛かっていたが、それでもやや速めの時計が出るレベル。
201805010805,5,3歳新馬,芝,1800,晴,良,12:25,2018-02-18,東京,15,3,5,2015103224,ショウザドリーム,牡3,56,00422,内田博幸,1:52.8,5,12-14-16,35.1,59.4,12,422(0),01011,[西]松田国英,547800,ヒダカ・ブリーダーズ...,,,,,,,"1,12(3,4)(9,10,11)14(6,8)15(2,5,16)13,7",12,3,1.5,False,"(*1,12)(3,11)4(9,10)(6,8,14)15(2,16)(7,5,13)",14,3,0.0,False,"(*1,12)(3,11,8)4,10(9,15)14(6,16)(2,13)7-5",16,1,5.0,False,-3,前日と比べて少し時計は掛かっていたが、それでもやや速めの時計が出るレベル。
201805010805,5,3歳新馬,芝,1800,晴,良,12:25,2018-02-18,東京,16,1,2,2015104785,アドマイヤヒビキ,牡3,56,05339,ルメール,1:53.2,2.1/2,12-12-13,36.0,3.4,1,564(0),01059,[東]加藤征弘,398002,近藤利一,,,,,,,"1,12(3,4)(9,10,11)14(6,8)15(2,5,16)13,7",12,3,1.5,False,"(*1,12)(3,11)4(9,10)(6,8,14)15(2,16)(7,5,13)",12,2,0.0,False,"(*1,12)(3,11,8)4,10(9,15)14(6,16)(2,13)7-5",13,2,1.5,False,-3,前日と比べて少し時計は掛かっていたが、それでもやや速めの時計が出るレベル。
201805010806,6,4歳以上500万下,芝,2400,晴,良,12:55,2018-02-18,東京,1,6,8,2014103084,エスティーム,牡4,56,05517,ミナリク,2:29.7,,1-1-1-1,34.8,7.4,4,524(-2),01132,[東]金成貴史,760008,岡田繁幸,750.0,"8,9(3,7,11)-(1,5)(4,6)-(2,13)-12-10",1,1,0.0,False,"8,9(3,7)-(1,11)5(4,6)(2,13)-12-10",1,1,0.0,False,"8,9(3,7)-(1,11)5,4,6(2,13)-10,12",1,1,0.0,False,"8,9(3,7)(1,11)(4,5)(13,6)2-10=12",1,1,0.0,False,-3,前日と比べて少し時計は掛かっていたが、それでもやや速めの時計が出るレベル。
201805010806,6,4歳以上500万下,芝,2400,晴,良,12:55,2018-02-18,東京,2,8,13,2014106228,ヴァンクールシルク,牡4,56,05339,ルメール,2:29.9,1,10-10-10-9,34.0,6.6,3,586(+20),01126,[東]木村哲也,506800,シルクレーシング,300.0,"8,9(3,7,11)-(1,5)(4,6)-(2,13)-12-10",10,2,8.5,False,"8,9(3,7)-(1,11)5(4,6)(2,13)-12-10",10,2,5.0,False,"8,9(3,7)-(1,11)5,4,6(2,13)-10,12",10,2,8.0,False,"8,9(3,7)(1,11)(4,5)(13,6)2-10=12",9,2,1.5,False,-3,前日と比べて少し時計は掛かっていたが、それでもやや速めの時計が出るレベル。
201805010806,6,4歳以上500万下,芝,2400,晴,良,12:55,2018-02-18,東京,3,4,4,2013105769,グリントオブライト,牝5,55,01122,三浦皇成,2:30.3,2.1/2,8-8-8-7,34.5,1.8,1,448(0),01054,[東]戸田博文,226800,サンデーレーシング,190.0,"8,9(3,7,11)-(1,5)(4,6)-(2,13)-12-10",8,2,5.0,False,"8,9(3,7)-(1,11)5(4,6)(2,13)-12-10",8,2,5.0,False,"8,9(3,7)-(1,11)5,4,6(2,13)-10,12",8,1,6.5,False,"8,9(3,7)(1,11)(4,5)(13,6)2-10=12",7,2,1.5,False,-3,前日と比べて少し時計は掛かっていたが、それでもやや速めの時計が出るレベル。
201805010806,6,4歳以上500万下,芝,2400,晴,良,12:55,2018-02-18,東京,4,1,1,2014101655,ルーラーキング,牡4,56,01096,大野拓弥,2:30.4,1/2,6-5-5-5,34.9,16.1,6,476(+6),01076,[東]小笠倫弘,763004,宮本貞雄,110.0,"8,9(3,7,11)-(1,5)(4,6)-(2,13)-12-10",6,2,5.0,False,"8,9(3,7)-(1,11)5(4,6)(2,13)-12-10",5,2,5.0,False,"8,9(3,7)-(1,11)5,4,6(2,13)-10,12",5,2,5.0,False,"8,9(3,7)(1,11)(4,5)(13,6)2-10=12",5,2,1.5,False,-3,前日と比べて少し時計は掛かっていたが、それでもやや速めの時計が出るレベル。
201805010806,6,4歳以上500万下,芝,2400,晴,良,12:55,2018-02-18,東京,5,6,9,2014102124,ブルースカイハーツ,牡4,54,01169,武藤雅,2:30.4,クビ,2-2-2-2,35.4,19.6,7,442(-10),01038,[東]手塚貴久,547800,ヒダカ・ブリーダーズ...,75.0,"8,9(3,7,11)-(1,5)(4,6)-(2,13)-12-10",2,1,1.5,False,"8,9(3,7)-(1,11)5(4,6)(2,13)-12-10",2,1,1.5,False,"8,9(3,7)-(1,11)5,4,6(2,13)-10,12",2,1,1.5,False,"8,9(3,7)(1,11)(4,5)(13,6)2-10=12",2,1,1.5,False,-3,前日と比べて少し時計は掛かっていたが、それでもやや速めの時計が出るレベル。
201805010806,6,4歳以上500万下,芝,2400,晴,良,12:55,2018-02-18,東京,6,4,5,2014101302,ヴァンベールシチー,牡4,56,01014,福永祐一,2:30.4,アタマ,6-7-7-7,34.7,5.8,2,428(+4),00390,[東]池上昌弘,321800,友駿ホースクラブ,,"8,9(3,7,11)-(1,5)(4,6)-(2,13)-12-10",6,2,5.0,False,"8,9(3,7)-(1,11)5(4,6)(2,13)-12-10",7,1,5.0,False,"8,9(3,7)-(1,11)5,4,6(2,13)-10,12",7,1,5.0,False,"8,9(3,7)(1,11)(4,5)(13,6)2-10=12",7,2,1.5,False,-3,前日と比べて少し時計は掛かっていたが、それでもやや速めの時計が出るレベル。
201805010806,6,4歳以上500万下,芝,2400,晴,良,12:55,2018-02-18,東京,7,2,2,2013100083,セシルクラウン,牡5,57,01077,石橋脩,2:30.5,3/4,10-10-10-11,34.4,10.9,5,496(+10),01126,[東]木村哲也,270006,島川隆哉,,"8,9(3,7,11)-(1,5)(4,6)-(2,13)-12-10",10,2,8.5,False,"8,9(3,7)-(1,11)5(4,6)(2,13)-12-10",10,2,5.0,False,"8,9(3,7)-(1,11)5,4,6(2,13)-10,12",10,2,8.0,False,"8,9(3,7)(1,11)(4,5)(13,6)2-10=12",11,1,1.5,False,-3,前日と比べて少し時計は掛かっていたが、それでもやや速めの時計が出るレベル。
201805010806,6,4歳以上500万下,芝,2400,晴,良,12:55,2018-02-18,東京,8,3,3,2013100206,ウインドオブホープ,セ5,57,01015,古川吉洋,2:30.5,クビ,3-3-3-3,35.3,150.8,10,534(-6),00428,[東]石毛善彦,935800,木村牧場,,"8,9(3,7,11)-(1,5)(4,6)-(2,13)-12-10",3,3,1.5,False,"8,9(3,7)-(1,11)5(4,6)(2,13)-12-10",3,2,1.5,False,"8,9(3,7)-(1,11)5,4,6(2,13)-10,12",3,2,1.5,False,"8,9(3,7)(1,11)(4,5)(13,6)2-10=12",3,2,1.5,False,-3,前日と比べて少し時計は掛かっていたが、それでもやや速めの時計が出るレベル。
201805010806,6,4歳以上500万下,芝,2400,晴,良,12:55,2018-02-18,東京,9,7,11,2014104542,ミヤビエメライン,牝4,51,01158,野中悠太,2:31.3,5,3-5-5-5,35.8,85.1,9,422(+2),01068,[東]小島茂之,127002,村上義勝,,"8,9(3,7,11)-(1,5)(4,6)-(2,13)-12-10",3,3,1.5,False,"8,9(3,7)-(1,11)5(4,6)(2,13)-12-10",5,2,5.0,False,"8,9(3,7)-(1,11)5,4,6(2,13)-10,12",5,2,5.0,False,"8,9(3,7)(1,11)(4,5)(13,6)2-10=12",5,2,1.5,False,-3,前日と比べて少し時計は掛かっていたが、それでもやや速めの時計が出るレベル。
201805010806,6,4歳以上500万下,芝,2400,晴,良,12:55,2018-02-18,東京,10,5,7,2012102188,フォーワンタイキ,牡6,57,01075,田辺裕信,2:31.5,1.1/2,3-3-3-3,36.2,71.2,8,456(+2),00428,[東]石毛善彦,011033,川島与市,,"8,9(3,7,11)-(1,5)(4,6)-(2,13)-12-10",3,3,1.5,False,"8,9(3,7)-(1,11)5(4,6)(2,13)-12-10",3,2,1.5,False,"8,9(3,7)-(1,11)5,4,6(2,13)-10,12",3,2,1.5,False,"8,9(3,7)(1,11)(4,5)(13,6)2-10=12",3,2,1.5,False,-3,前日と比べて少し時計は掛かっていたが、それでもやや速めの時計が出るレベル。
201805010806,6,4歳以上500万下,芝,2400,晴,良,12:55,2018-02-18,東京,11,5,6,2013105365,ラインセイラ,牝5,55,01029,武士沢友,2:31.6,1/2,8-8-9-9,35.6,222.8,12,472(-2),01094,[東]水野貴広,796002,大澤繁昌,,"8,9(3,7,11)-(1,5)(4,6)-(2,13)-12-10",8,2,5.0,False,"8,9(3,7)-(1,11)5(4,6)(2,13)-12-10",8,2,5.0,False,"8,9(3,7)-(1,11)5,4,6(2,13)-10,12",9,1,8.0,False,"8,9(3,7)(1,11)(4,5)(13,6)2-10=12",9,2,1.5,False,-3,前日と比べて少し時計は掛かっていたが、それでもやや速めの時計が出るレベル。
201805010806,6,4歳以上500万下,芝,2400,晴,良,12:55,2018-02-18,東京,12,7,10,2013100484,サーストンアクセス,牡5,57,01043,北村宏司,2:31.8,1,13-13-12-12,35.4,203.4,11,464(+4),00409,[東]二ノ宮敬,157002,齊藤宣勝,,"8,9(3,7,11)-(1,5)(4,6)-(2,13)-12-10",13,1,15.5,False,"8,9(3,7)-(1,11)5(4,6)(2,13)-12-10",13,1,12.0,False,"8,9(3,7)-(1,11)5,4,6(2,13)-10,12",12,1,11.5,False,"8,9(3,7)(1,11)(4,5)(13,6)2-10=12",12,1,5.0,False,-3,前日と比べて少し時計は掛かっていたが、それでもやや速めの時計が出るレベル。
201805010806,6,4歳以上500万下,芝,2400,晴,良,12:55,2018-02-18,東京,13,8,12,2013103937,フランチェスコ,牡5,57,01108,的場勇人,2:37.1,大,12-12-13-13,39.1,708.7,13,480(-4),01036,[東]高橋義博,457002,海谷幸司,,"8,9(3,7,11)-(1,5)(4,6)-(2,13)-12-10",12,1,12.0,False,"8,9(3,7)-(1,11)5(4,6)(2,13)-12-10",12,1,8.5,False,"8,9(3,7)-(1,11)5,4,6(2,13)-10,12",13,1,13.0,False,"8,9(3,7)(1,11)(4,5)(13,6)2-10=12",13,1,11.0,False,-3,前日と比べて少し時計は掛かっていたが、それでもやや速めの時計が出るレベル。
201805010807,7,4歳以上500万下,ダ,1300,晴,良,13:25,2018-02-18,東京,1,4,8,2013105382,シアーライン,牡5,57,05339,ルメール,1:19.0,,6-6,36.3,4.6,2,530(+16),01081,[東]中川公成,758005,吉田照哉,750.0,,,,,,,,,,,"13,15,10(3,5)8,16(1,4,12)7,14,6,11,9,2",6,1,3.0,False,"13,15(3,10)5,8,16(1,12)4,7(6,14)-(11,9)-2",6,1,3.0,False,7,
201805010807,7,4歳以上500万下,ダ,1300,晴,良,13:25,2018-02-18,東京,2,5,10,2013109028,タイガーヴォーグ,牡5,57,01025,勝浦正樹,1:19.0,ハナ,3-3,36.5,10.6,5,510(+14),01026,[東]鈴木伸尋,075800,千明牧場,300.0,,,,,,,,,,,"13,15,10(3,5)8,16(1,4,12)7,14,6,11,9,2",3,1,3.0,False,"13,15(3,10)5,8,16(1,12)4,7(6,14)-(11,9)-2",3,2,1.5,False,7,
201805010807,7,4歳以上500万下,ダ,1300,晴,良,13:25,2018-02-18,東京,3,3,5,2014105257,レイダー,牡4,57,05366,ムーア,1:19.3,2,4-5,36.7,5.0,3,530(+20),01070,[東]堀宣行,248030,石川達絵,190.0,,,,,,,,,,,"13,15,10(3,5)8,16(1,4,12)7,14,6,11,9,2",4,2,3.0,False,"13,15(3,10)5,8,16(1,12)4,7(6,14)-(11,9)-2",5,1,1.5,False,7,
201805010807,7,4歳以上500万下,ダ,1300,晴,良,13:25,2018-02-18,東京,4,7,14,2014102081,カガヤクミナノユメ,セ4,57,01140,横山和生,1:19.8,3,12-12,36.0,21.7,8,502(+4),01125,[東]小野次郎,243008,國分純,110.0,,,,,,,,,,,"13,15,10(3,5)8,16(1,4,12)7,14,6,11,9,2",12,1,6.0,False,"13,15(3,10)5,8,16(1,12)4,7(6,14)-(11,9)-2",12,2,6.0,False,7,
201805010807,7,4歳以上500万下,ダ,1300,晴,良,13:25,2018-02-18,東京,5,8,16,2014104970,ヴィーグリーズ,牡4,57,01009,柴田大知,1:20.1,1.1/2,7-7,37.2,41.7,9,474(0),01080,[東]清水英克,706800,服部牧場,75.0,,,,,,,,,,,"13,15,10(3,5)8,16(1,4,12)7,14,6,11,9,2",7,1,4.5,False,"13,15(3,10)5,8,16(1,12)4,7(6,14)-(11,9)-2",7,1,4.5,False,7,
201805010807,7,4歳以上500万下,ダ,1300,晴,良,13:25,2018-02-18,東京,6,8,15,2013104145,ハヤブサレディゴー,牝5,55,00666,武豊,1:20.1,ハナ,2-2,37.7,3.0,1,496(-2),01023,[東]伊藤圭三,837008,武田修,,,,,,,,,,,,"13,15,10(3,5)8,16(1,4,12)7,14,6,11,9,2",2,1,1.5,False,"13,15(3,10)5,8,16(1,12)4,7(6,14)-(11,9)-2",2,1,1.5,False,7,
201805010807,7,4歳以上500万下,ダ,1300,晴,良,13:25,2018-02-18,東京,7,2,3,2014102218,サウンドストリート,牡4,57,01014,福永祐一,1:20.6,3,4-3,38.1,7.1,4,464(+4),00353,[東]和田正道,168006,増田雄一,,,,,,,,,,,,"13,15,10(3,5)8,16(1,4,12)7,14,6,11,9,2",4,2,3.0,False,"13,15(3,10)5,8,16(1,12)4,7(6,14)-(11,9)-2",3,2,1.5,False,7,
201805010807,7,4歳以上500万下,ダ,1300,晴,良,13:25,2018-02-18,東京,8,5,9,2012100085,ファインダッシュ,牡6,57,00684,田中勝春,1:20.6,クビ,15-14,36.4,17.0,7,534(+8),01063,[東]的場均,149002,井山登,,,,,,,,,,,,"13,15,10(3,5)8,16(1,4,12)7,14,6,11,9,2",15,1,10.5,False,"13,15(3,10)5,8,16(1,12)4,7(6,14)-(11,9)-2",14,2,9.5,False,7,
201805010807,7,4歳以上500万下,ダ,1300,晴,良,13:25,2018-02-18,東京,9,3,6,2014104377,エンパシー,牡4,57,00689,江田照男,1:20.7,3/4,13-12,36.9,112.1,12,492(+12),01081,[東]中川公成,370008,岡浩二,,,,,,,,,,,,"13,15,10(3,5)8,16(1,4,12)7,14,6,11,9,2",13,1,7.5,False,"13,15(3,10)5,8,16(1,12)4,7(6,14)-(11,9)-2",12,2,6.0,False,7,
201805010807,7,4歳以上500万下,ダ,1300,晴,良,13:25,2018-02-18,東京,10,1,1,2014103674,ベルウッドミライ,牡4,54,01158,野中悠太,1:20.7,アタマ,8-8,37.6,50.4,11,464(-2),00409,[東]二ノ宮敬,137030,鈴木照雄,,,,,,,,,,,,"13,15,10(3,5)8,16(1,4,12)7,14,6,11,9,2",8,3,4.5,False,"13,15(3,10)5,8,16(1,12)4,7(6,14)-(11,9)-2",8,2,4.5,False,7,
201805010807,7,4歳以上500万下,ダ,1300,晴,良,13:25,2018-02-18,東京,11,7,13,2014101904,アルゴロオジエ,牝4,55,01122,三浦皇成,1:21.0,1.3/4,1-1,38.8,13.1,6,488(+2),01027,[東]田村康仁,865800,エンジェルレーシング,,,,,,,,,,,,"13,15,10(3,5)8,16(1,4,12)7,14,6,11,9,2",1,1,0.0,False,"13,15(3,10)5,8,16(1,12)4,7(6,14)-(11,9)-2",1,1,0.0,False,7,
201805010807,7,4歳以上500万下,ダ,1300,晴,良,13:25,2018-02-18,東京,12,4,7,2014102287,レアリティバイオ,牡4,57,01043,北村宏司,1:21.1,クビ,11-11,37.6,120.2,13,494(-6),01100,[東]松山将樹,930800,バイオ,,,,,,,,,,,,"13,15,10(3,5)8,16(1,4,12)7,14,6,11,9,2",11,1,4.5,False,"13,15(3,10)5,8,16(1,12)4,7(6,14)-(11,9)-2",11,1,6.0,False,7,
201805010807,7,4歳以上500万下,ダ,1300,晴,良,13:25,2018-02-18,東京,13,6,11,2014103366,シャイニングボルト,牡4,57,00422,内田博幸,1:21.5,2.1/2,14-14,37.3,42.0,10,472(-14),01047,[東]勢司和浩,877800,ラ・メール,,,,,,,,,,,,"13,15,10(3,5)8,16(1,4,12)7,14,6,11,9,2",14,1,9.0,False,"13,15(3,10)5,8,16(1,12)4,7(6,14)-(11,9)-2",14,2,9.5,False,7,
201805010807,7,4歳以上500万下,ダ,1300,晴,良,13:25,2018-02-18,東京,14,2,4,2014101590,シャイニードライヴ,セ4,57,01135,杉原誠人,1:21.7,1.1/4,8-10,38.4,534.0,16,448(+12),01035,[東]佐藤吉勝,531006,小林昌志,,,,,,,,,,,,"13,15,10(3,5)8,16(1,4,12)7,14,6,11,9,2",8,3,4.5,False,"13,15(3,10)5,8,16(1,12)4,7(6,14)-(11,9)-2",10,1,4.5,False,7,
201805010807,7,4歳以上500万下,ダ,1300,晴,良,13:25,2018-02-18,東京,15,6,12,2014101906,サンマルスイート,牝4,55,01097,小島太一,1:22.3,3.1/2,8-8,39.2,440.5,15,452(-4),01013,[東]小島太,580007,相馬勇,,,,,,,,,,,,"13,15,10(3,5)8,16(1,4,12)7,14,6,11,9,2",8,3,4.5,False,"13,15(3,10)5,8,16(1,12)4,7(6,14)-(11,9)-2",8,2,4.5,False,7,
201805010807,7,4歳以上500万下,ダ,1300,晴,良,13:25,2018-02-18,東京,16,1,2,2014101644,イエローマジック,セ4,55,01169,武藤雅,1:23.3,6,16-16,38.8,258.0,14,430(-16),01068,[東]小島茂之,881002,村井良孝,,,,,,,,,,,,"13,15,10(3,5)8,16(1,4,12)7,14,6,11,9,2",16,1,12.0,False,"13,15(3,10)5,8,16(1,12)4,7(6,14)-(11,9)-2",16,1,13.0,False,7,
201805010808,8,4歳以上1000万下,芝,2000,晴,良,13:55,2018-02-18,東京,1,7,8,2013106041,アップクォーク,牡5,57,05366,ムーア,2:02.9,,6-5-3,33.4,3.0,2,506(+2),01081,[東]中川公成,486800,キャロットファーム,"1,050.0",,,,,,"2,3,1(4,6)(5,8)(10,7,9)11",6,2,3.0,False,"2,3(1,6)(4,8)5,7(10,9)11",5,2,1.5,False,"2,3(1,8)6(5,4,7)(11,10,9)",3,2,1.5,False,-3,前日と比べて少し時計は掛かっていたが、それでもやや速めの時計が出るレベル。
201805010808,8,4歳以上1000万下,芝,2000,晴,良,13:55,2018-02-18,東京,2,3,3,2013105858,ブラックプラチナム,牡5,57,05339,ルメール,2:02.9,クビ,2-2-2,33.5,1.6,1,496(0),00341,[東]栗田博憲,790005,吉田勝己,420.0,,,,,,"2,3,1(4,6)(5,8)(10,7,9)11",2,1,1.5,False,"2,3(1,6)(4,8)5,7(10,9)11",2,1,1.5,False,"2,3(1,8)6(5,4,7)(11,10,9)",2,1,1.5,False,-3,前日と比べて少し時計は掛かっていたが、それでもやや速めの時計が出るレベル。
201805010808,8,4歳以上1000万下,芝,2000,晴,良,13:55,2018-02-18,東京,3,1,1,2012103708,サブライムカイザー,牡6,57,01096,大野拓弥,2:03.0,クビ,3-3-3,33.5,28.1,6,506(+4),00390,[東]池上昌弘,547800,ヒダカ・ブリーダーズ...,260.0,,,,,,"2,3,1(4,6)(5,8)(10,7,9)11",3,1,3.0,False,"2,3(1,6)(4,8)5,7(10,9)11",3,2,1.5,False,"2,3(1,8)6(5,4,7)(11,10,9)",3,2,1.5,False,-3,前日と比べて少し時計は掛かっていたが、それでもやや速めの時計が出るレベル。
201805010808,8,4歳以上1000万下,芝,2000,晴,良,13:55,2018-02-18,東京,4,6,7,2012103962,エニグマバリエート,牡6,57,01014,福永祐一,2:03.2,1.1/4,8-8-6,33.4,9.9,4,490(-2),01054,[東]戸田博文,686006,平井裕,160.0,,,,,,"2,3,1(4,6)(5,8)(10,7,9)11",8,3,3.0,False,"2,3(1,6)(4,8)5,7(10,9)11",8,1,3.0,False,"2,3(1,8)6(5,4,7)(11,10,9)",6,3,1.5,False,-3,前日と比べて少し時計は掛かっていたが、それでもやや速めの時計が出るレベル。
201805010808,8,4歳以上1000万下,芝,2000,晴,良,13:55,2018-02-18,東京,5,5,5,2011103229,オンタケハート,牡7,57,00684,田中勝春,2:03.3,1/2,6-7-6,33.5,86.3,7,484(-6),01109,[東]伊藤大士,052009,宮原廣伸,105.0,,,,,,"2,3,1(4,6)(5,8)(10,7,9)11",6,2,3.0,False,"2,3(1,6)(4,8)5,7(10,9)11",7,1,1.5,False,"2,3(1,8)6(5,4,7)(11,10,9)",6,3,1.5,False,-3,前日と比べて少し時計は掛かっていたが、それでもやや速めの時計が出るレベル。
201805010808,8,4歳以上1000万下,芝,2000,晴,良,13:55,2018-02-18,東京,6,8,11,2014105851,ビービーガウディ,牡4,56,01075,田辺裕信,2:03.5,1.1/4,11-11-9,33.4,24.2,5,474(+2),01067,[東]久保田貴,185800,坂東牧場,,,,,,,"2,3,1(4,6)(5,8)(10,7,9)11",11,1,3.0,False,"2,3(1,6)(4,8)5,7(10,9)11",11,1,3.0,False,"2,3(1,8)6(5,4,7)(11,10,9)",9,3,1.5,False,-3,前日と比べて少し時計は掛かっていたが、それでもやや速めの時計が出るレベル。
201805010808,8,4歳以上1000万下,芝,2000,晴,良,13:55,2018-02-18,東京,7,8,10,2014104432,スズカメジャー,牡4,56,01122,三浦皇成,2:03.5,ハナ,8-9-9,33.5,7.6,3,490(0),00362,[西]橋田満,382004,永井啓弍,,,,,,,"2,3,1(4,6)(5,8)(10,7,9)11",8,3,3.0,False,"2,3(1,6)(4,8)5,7(10,9)11",9,2,3.0,False,"2,3(1,8)6(5,4,7)(11,10,9)",9,3,1.5,False,-3,前日と比べて少し時計は掛かっていたが、それでもやや速めの時計が出るレベル。
201805010808,8,4歳以上1000万下,芝,2000,晴,良,13:55,2018-02-18,東京,8,2,2,2014103335,ローリングタワー,牡4,56,00641,柴田善臣,2:03.5,アタマ,1-1-1,34.3,111.1,8,444(0),01031,[東]伊藤伸一,694008,本間茂,,,,,,,"2,3,1(4,6)(5,8)(10,7,9)11",1,1,0.0,False,"2,3(1,6)(4,8)5,7(10,9)11",1,1,0.0,False,"2,3(1,8)6(5,4,7)(11,10,9)",1,1,0.0,False,-3,前日と比べて少し時計は掛かっていたが、それでもやや速めの時計が出るレベル。
201805010808,8,4歳以上1000万下,芝,2000,晴,良,13:55,2018-02-18,東京,9,4,4,2014101708,ホワイトソニック,牡4,53,01158,野中悠太,2:03.6,3/4,4-5-6,33.8,357.3,9,460(-4),01005,[東]小桧山悟,270006,島川隆哉,,,,,,,"2,3,1(4,6)(5,8)(10,7,9)11",4,2,3.0,False,"2,3(1,6)(4,8)5,7(10,9)11",5,2,1.5,False,"2,3(1,8)6(5,4,7)(11,10,9)",6,3,1.5,False,-3,前日と比べて少し時計は掛かっていたが、それでもやや速めの時計が出るレベル。
201805010808,8,4歳以上1000万下,芝,2000,晴,良,13:55,2018-02-18,東京,10,7,9,2010101988,スワンボート,牡8,57,01129,菅原隆一,2:05.2,10,8-9-9,35.2,483.3,10,476(-12),01007,[東]柴田政人,855030,田頭勇貴,,,,,,,"2,3,1(4,6)(5,8)(10,7,9)11",8,3,3.0,False,"2,3(1,6)(4,8)5,7(10,9)11",9,2,3.0,False,"2,3(1,8)6(5,4,7)(11,10,9)",9,3,1.5,False,-3,前日と比べて少し時計は掛かっていたが、それでもやや速めの時計が出るレベル。
201805010808,8,4歳以上1000万下,芝,2000,晴,良,13:55,2018-02-18,東京,11,6,6,2010103574,クリスフォンテン,セ8,56,01151,井上敏樹,2:06.1,5,4-3-5,36.5,595.8,11,446(-4),00428,[東]石毛善彦,186001,吉橋計,,,,,,,"2,3,1(4,6)(5,8)(10,7,9)11",4,2,3.0,False,"2,3(1,6)(4,8)5,7(10,9)11",3,2,1.5,False,"2,3(1,8)6(5,4,7)(11,10,9)",5,1,1.5,False,-3,前日と比べて少し時計は掛かっていたが、それでもやや速めの時計が出るレベル。
201805010809,9,ヒヤシンスS(OP),ダ,1600,晴,良,14:25,2018-02-18,東京,1,7,13,2015105907,スマハマ,牡3,56,01093,藤岡佑介,1:38.5,,2-2,36.8,3.7,1,528(+4),01136,[西]高橋亮,091803,山紫水明,"1,835.0",,,,,,,,,,,"12,13(6,9,16)15(3,8,11)(1,4)7(2,5)14,10",2,1,1.5,False,"(*12,13)(6,9,16)15(3,8,11)(2,1,7)(10,4,14)-5",2,2,0.0,False,7,
201805010809,9,ヒヤシンスS(OP),ダ,1600,晴,良,14:25,2018-02-18,東京,2,1,2,2015103311,タイキフェルヴール,牡3,56,00422,内田博幸,1:38.9,2.1/2,13-10,36.3,20.8,9,484(-4),01113,[西]牧浦充徳,536800,大樹ファーム,730.0,,,,,,,,,,,"12,13(6,9,16)15(3,8,11)(1,4)7(2,5)14,10",13,2,1.5,False,"(*12,13)(6,9,16)15(3,8,11)(2,1,7)(10,4,14)-5",10,3,0.0,False,7,
201805010809,9,ヒヤシンスS(OP),ダ,1600,晴,良,14:25,2018-02-18,東京,3,5,9,2015104347,ルッジェーロ,牡3,56,01014,福永祐一,1:39.1,1.1/2,3-3,37.2,26.2,10,512(0),01097,[東]鹿戸雄一,379008,村木隆,455.0,,,,,,,,,,,"12,13(6,9,16)15(3,8,11)(1,4)7(2,5)14,10",3,3,1.5,False,"(*12,13)(6,9,16)15(3,8,11)(2,1,7)(10,4,14)-5",3,3,0.0,False,7,
201805010809,9,ヒヤシンスS(OP),ダ,1600,晴,良,14:25,2018-02-18,東京,4,4,7,2015104571,グレートタイム,牡3,56,05366,ムーア,1:39.2,クビ,12-10,36.6,5.0,2,460(-10),01055,[西]藤原英昭,708800,金子真人ホールディン...,270.0,,,,,,,,,,,"12,13(6,9,16)15(3,8,11)(1,4)7(2,5)14,10",12,1,1.5,False,"(*12,13)(6,9,16)15(3,8,11)(2,1,7)(10,4,14)-5",10,3,0.0,False,7,
201805010809,9,ヒヤシンスS(OP),ダ,1600,晴,良,14:25,2018-02-18,東京,5,8,15,2015106405,ダークリパルサー,牡3,56,05386,戸崎圭太,1:39.4,1.1/4,6-6,37.4,8.2,5,496(+1),01132,[東]金成貴史,140033,片山晃,180.0,,,,,,,,,,,"12,13(6,9,16)15(3,8,11)(1,4)7(2,5)14,10",6,1,1.5,False,"(*12,13)(6,9,16)15(3,8,11)(2,1,7)(10,4,14)-5",6,1,0.0,False,7,
201805010809,9,ヒヤシンスS(OP),ダ,1600,晴,良,14:25,2018-02-18,東京,6,6,12,2015104024,メイショウイサナ,牡3,56,00666,武豊,1:39.8,2.1/2,1-1,38.2,14.9,7,512(0),01049,[西]南井克巳,523005,松本好雄,,,,,,,,,,,,"12,13(6,9,16)15(3,8,11)(1,4)7(2,5)14,10",1,1,0.0,False,"(*12,13)(6,9,16)15(3,8,11)(2,1,7)(10,4,14)-5",1,2,0.0,True,7,
201805010809,9,ヒヤシンスS(OP),ダ,1600,晴,良,14:25,2018-02-18,東京,7,8,16,2015103959,モリノラスボス,牡3,56,00689,江田照男,1:39.8,ハナ,3-3,38.0,325.0,15,508(+5),01012,[東]大江原哲,698033,森和久,,,,,,,,,,,,"12,13(6,9,16)15(3,8,11)(1,4)7(2,5)14,10",3,3,1.5,False,"(*12,13)(6,9,16)15(3,8,11)(2,1,7)(10,4,14)-5",3,3,0.0,False,7,
201805010809,9,ヒヤシンスS(OP),ダ,1600,晴,良,14:25,2018-02-18,東京,8,6,11,2015100299,ワカミヤオウジ,牡3,56,01075,田辺裕信,1:40.0,1,7-7,37.8,13.2,6,476(0),01127,[東]栗田徹,253030,芳川貴行,,,,,,,,,,,,"12,13(6,9,16)15(3,8,11)(1,4)7(2,5)14,10",7,3,1.5,False,"(*12,13)(6,9,16)15(3,8,11)(2,1,7)(10,4,14)-5",7,3,0.0,False,7,
201805010809,9,ヒヤシンスS(OP),ダ,1600,晴,良,14:25,2018-02-18,東京,9,4,8,2015105608,ワークアンドラブ,牡3,56,05203,岩田康誠,1:40.1,1/2,7-7,37.9,46.2,11,462(0),01009,[西]田所秀孝,966007,小林祥晃,,,,,,,,,,,,"12,13(6,9,16)15(3,8,11)(1,4)7(2,5)14,10",7,3,1.5,False,"(*12,13)(6,9,16)15(3,8,11)(2,1,7)(10,4,14)-5",7,3,0.0,False,7,
201805010809,9,ヒヤシンスS(OP),ダ,1600,晴,良,14:25,2018-02-18,東京,10,3,6,2015100894,ダンケシェーン,牡3,56,00660,横山典弘,1:40.1,ハナ,3-3,38.2,7.1,4,470(0),01044,[西]昆貢,032800,ローレルレーシング,,,,,,,,,,,,"12,13(6,9,16)15(3,8,11)(1,4)7(2,5)14,10",3,3,1.5,False,"(*12,13)(6,9,16)15(3,8,11)(2,1,7)(10,4,14)-5",3,3,0.0,False,7,
201805010809,9,ヒヤシンスS(OP),ダ,1600,晴,良,14:25,2018-02-18,東京,11,7,14,2015110065,ニシノトランザム,牡3,56,05517,ミナリク,1:40.2,3/4,15-13,37.4,119.9,13,480(0),00427,[西]森秀行,897009,西山茂行,,,,,,,,,,,,"12,13(6,9,16)15(3,8,11)(1,4)7(2,5)14,10",15,1,1.5,False,"(*12,13)(6,9,16)15(3,8,11)(2,1,7)(10,4,14)-5",13,3,0.0,False,7,
201805010809,9,ヒヤシンスS(OP),ダ,1600,晴,良,14:25,2018-02-18,東京,12,3,5,2015100355,ネコワシ,牡3,56,01009,柴田大知,1:40.2,アタマ,13-16,37.0,109.9,12,494(-4),01030,[東]星野忍,129005,桐谷茂,,,,,,,,,,,,"12,13(6,9,16)15(3,8,11)(1,4)7(2,5)14,10",13,2,1.5,False,"(*12,13)(6,9,16)15(3,8,11)(2,1,7)(10,4,14)-5",16,1,3.5,False,7,
201805010809,9,ヒヤシンスS(OP),ダ,1600,晴,良,14:25,2018-02-18,東京,13,1,1,2015106488,アスクハードスパン,牡3,56,05339,ルメール,1:40.7,3,10-10,38.2,15.0,8,512(-4),01072,[西]河内洋,037803,廣崎利洋ＨＤ,,,,,,,,,,,,"12,13(6,9,16)15(3,8,11)(1,4)7(2,5)14,10",10,2,1.5,False,"(*12,13)(6,9,16)15(3,8,11)(2,1,7)(10,4,14)-5",10,3,0.0,False,7,
201805010809,9,ヒヤシンスS(OP),ダ,1600,晴,良,14:25,2018-02-18,東京,14,2,3,2015100639,バーンフライ,牡3,56,01122,三浦皇成,1:40.7,クビ,7-7,38.5,121.2,14,478(+6),01075,[西]矢作芳人,788800,ノースヒルズ,,,,,,,,,,,,"12,13(6,9,16)15(3,8,11)(1,4)7(2,5)14,10",7,3,1.5,False,"(*12,13)(6,9,16)15(3,8,11)(2,1,7)(10,4,14)-5",7,3,0.0,False,7,
201805010809,9,ヒヤシンスS(OP),ダ,1600,晴,良,14:25,2018-02-18,東京,15,2,4,2015103616,メイショウオーパス,牡3,56,00732,幸英明,1:40.8,1/2,10-13,38.0,5.5,3,498(0),01139,[西]飯田祐史,523005,松本好雄,,,,,,,,,,,,"12,13(6,9,16)15(3,8,11)(1,4)7(2,5)14,10",10,2,1.5,False,"(*12,13)(6,9,16)15(3,8,11)(2,1,7)(10,4,14)-5",13,3,0.0,False,7,
201805010809,9,ヒヤシンスS(OP),ダ,1600,晴,良,14:25,2018-02-18,東京,16,5,10,2015101953,ビップレイジング,牡3,56,05420,真島大輔,1:41.0,1.1/4,16-13,38.2,616.7,16,444(-8),01085,[西]小崎憲,810033,三浦勝仁,,,,,,,,,,,,"12,13(6,9,16)15(3,8,11)(1,4)7(2,5)14,10",16,1,3.0,False,"(*12,13)(6,9,16)15(3,8,11)(2,1,7)(10,4,14)-5",13,3,0.0,False,7,
201805010810,10,アメジストS(3勝),芝,2000,晴,良,15:01,2018-02-18,東京,1,4,4,2012104549,カレンラストショー,牡6,56,00422,内田博幸,2:00.7,,1-1-1,33.8,5.8,3,446(-2),01154,[西]橋口慎介,869006,鈴木隆司,"1,848.0",,,,,,"4,7(3,12)(2,10)(5,9)(6,11)-1   8",1,1,0.0,False,"4,7(3,10,12)(5,9)(2,6,11)-1   8",1,1,0.0,False,"4,7(3,10,12)(2,5,9)(6,11)1   8",1,1,0.0,False,-3,前日と比べて少し時計は掛かっていたが、それでもやや速めの時計が出るレベル。
201805010810,10,アメジストS(3勝),芝,2000,晴,良,15:01,2018-02-18,東京,2,2,2,2014102607,テーオービクトリー,牝4,53,05386,戸崎圭太,2:00.8,1/2,5-8-6,33.2,6.3,4,462(-4),01066,[西]岡田稲男,304008,小笹公也,738.0,,,,,,"4,7(3,12)(2,10)(5,9)(6,11)-1   8",5,2,1.5,False,"4,7(3,10,12)(5,9)(2,6,11)-1   8",8,3,1.5,False,"4,7(3,10,12)(2,5,9)(6,11)1   8",6,3,1.5,False,-3,前日と比べて少し時計は掛かっていたが、それでもやや速めの時計が出るレベル。
201805010810,10,アメジストS(3勝),芝,2000,晴,良,15:01,2018-02-18,東京,3,5,5,2013106128,プロディガルサン,牡5,57.5,05339,ルメール,2:00.8,クビ,7-6-6,33.3,2.3,1,522(+10),00399,[東]国枝栄,708800,金子真人ホールディン...,464.0,,,,,,"4,7(3,12)(2,10)(5,9)(6,11)-1   8",7,2,1.5,False,"4,7(3,10,12)(5,9)(2,6,11)-1   8",6,2,1.5,False,"4,7(3,10,12)(2,5,9)(6,11)1   8",6,3,1.5,False,-3,前日と比べて少し時計は掛かっていたが、それでもやや速めの時計が出るレベル。
201805010810,10,アメジストS(3勝),芝,2000,晴,良,15:01,2018-02-18,東京,4,6,7,2013105872,アーバンキッド,牡5,55,01075,田辺裕信,2:00.9,1/2,2-2-2,33.8,25.7,8,486(0),01086,[東]斎藤誠,226800,サンデーレーシング,270.0,,,,,,"4,7(3,12)(2,10)(5,9)(6,11)-1   8",2,1,1.5,False,"4,7(3,10,12)(5,9)(2,6,11)-1   8",2,1,1.5,False,"4,7(3,10,12)(2,5,9)(6,11)1   8",2,1,1.5,False,-3,前日と比べて少し時計は掛かっていたが、それでもやや速めの時計が出るレベル。
201805010810,10,アメジストS(3勝),芝,2000,晴,良,15:01,2018-02-18,東京,5,3,3,2011103696,ショウナンマルシェ,セ7,56,01122,三浦皇成,2:01.0,クビ,3-3-3,33.8,9.8,5,482(+2),00409,[東]二ノ宮敬,331002,国本哲秀,182.0,,,,,,"4,7(3,12)(2,10)(5,9)(6,11)-1   8",3,2,1.5,False,"4,7(3,10,12)(5,9)(2,6,11)-1   8",3,3,1.5,False,"4,7(3,10,12)(2,5,9)(6,11)1   8",3,3,1.5,False,-3,前日と比べて少し時計は掛かっていたが、それでもやや速めの時計が出るレベル。
201805010810,10,アメジストS(3勝),芝,2000,晴,良,15:01,2018-02-18,東京,6,5,6,2013105900,アクート,牡5,55,01077,石橋脩,2:01.3,2,9-8-9,33.5,14.3,6,436(0),00420,[東]宗像義忠,226800,サンデーレーシング,,,,,,,"4,7(3,12)(2,10)(5,9)(6,11)-1   8",9,2,1.5,False,"4,7(3,10,12)(5,9)(2,6,11)-1   8",8,3,1.5,False,"4,7(3,10,12)(2,5,9)(6,11)1   8",9,2,1.5,False,-3,前日と比べて少し時計は掛かっていたが、それでもやや速めの時計が出るレベル。
201805010810,10,アメジストS(3勝),芝,2000,晴,良,15:01,2018-02-18,東京,7,7,10,2012103129,コスモナインボール,牡6,54,05517,ミナリク,2:01.4,1/2,5-3-3,34.1,25.4,7,492(-2),01143,[東]和田雄二,716800,ビッグレッドファーム,,,,,,,"4,7(3,12)(2,10)(5,9)(6,11)-1   8",5,2,1.5,False,"4,7(3,10,12)(5,9)(2,6,11)-1   8",3,3,1.5,False,"4,7(3,10,12)(2,5,9)(6,11)1   8",3,3,1.5,False,-3,前日と比べて少し時計は掛かっていたが、それでもやや速めの時計が出るレベル。
201805010810,10,アメジストS(3勝),芝,2000,晴,良,15:01,2018-02-18,東京,8,7,9,2013101928,マイネルラフレシア,牡5,56,01009,柴田大知,2:01.7,1.3/4,7-6-6,34.2,79.6,10,470(-4),00412,[東]高橋裕,546800,サラブレッドクラブ・...,,,,,,,"4,7(3,12)(2,10)(5,9)(6,11)-1   8",7,2,1.5,False,"4,7(3,10,12)(5,9)(2,6,11)-1   8",6,2,1.5,False,"4,7(3,10,12)(2,5,9)(6,11)1   8",6,3,1.5,False,-3,前日と比べて少し時計は掛かっていたが、それでもやや速めの時計が出るレベル。
201805010810,10,アメジストS(3勝),芝,2000,晴,良,15:01,2018-02-18,東京,9,8,12,2013106075,アドマイヤエイカン,牡5,56,05203,岩田康誠,2:01.7,アタマ,3-3-3,34.4,4.7,2,518(0),01105,[西]須貝尚介,398002,近藤利一,,,,,,,"4,7(3,12)(2,10)(5,9)(6,11)-1   8",3,2,1.5,False,"4,7(3,10,12)(5,9)(2,6,11)-1   8",3,3,1.5,False,"4,7(3,10,12)(2,5,9)(6,11)1   8",3,3,1.5,False,-3,前日と比べて少し時計は掛かっていたが、それでもやや速めの時計が出るレベル。
201805010810,10,アメジストS(3勝),芝,2000,晴,良,15:01,2018-02-18,東京,10,8,11,2013104816,ネイチャーレット,牡5,55,01158,野中悠太,2:02.0,1.3/4,9-8-9,34.3,68.7,9,470(0),01029,[東]根本康広,506006,井上修一,,,,,,,"4,7(3,12)(2,10)(5,9)(6,11)-1   8",9,2,1.5,False,"4,7(3,10,12)(5,9)(2,6,11)-1   8",8,3,1.5,False,"4,7(3,10,12)(2,5,9)(6,11)1   8",9,2,1.5,False,-3,前日と比べて少し時計は掛かっていたが、それでもやや速めの時計が出るレベル。
201805010810,10,アメジストS(3勝),芝,2000,晴,良,15:01,2018-02-18,東京,11,1,1,2014106387,ヴィーナスアロー,牝4,51,01169,武藤雅,2:02.1,3/4,11-11-11,34.2,323.6,11,416(-4),01029,[東]根本康広,096006,村山忠弘,,,,,,,"4,7(3,12)(2,10)(5,9)(6,11)-1   8",11,1,5.0,False,"4,7(3,10,12)(5,9)(2,6,11)-1   8",11,1,5.0,False,"4,7(3,10,12)(2,5,9)(6,11)1   8",11,1,1.5,False,-3,前日と比べて少し時計は掛かっていたが、それでもやや速めの時計が出るレベル。
201805010810,10,アメジストS(3勝),芝,2000,晴,良,15:01,2018-02-18,東京,取,6,8,2014106026,バルデス,牡4,55,01043,北村宏司,,,,,---,,計不,01126,[東]木村哲也,486800,キャロットファーム,,,,,,,"4,7(3,12)(2,10)(5,9)(6,11)-1   8",12,1,11.0,False,"4,7(3,10,12)(5,9)(2,6,11)-1   8",12,1,11.0,False,"4,7(3,10,12)(2,5,9)(6,11)1   8",12,1,7.5,False,-3,前日と比べて少し時計は掛かっていたが、それでもやや速めの時計が出るレベル。
201805010811,11,第35回フェブラリーS(GI),ダ,1600,晴,良,15:40,2018-02-18,東京,1,6,12,2012104314,ノンコノユメ,セ6,57,00422,内田博幸,1:36.0,,14-13,36.1,10.7,4,450(-6),01059,[東]加藤征弘,588006,山田和正,"10,340.2",,,,,,,,,,,"(*1,2)10-3-7-15(11,6)16(4,8,13,14)12(5,9)",14,1,10.5,False,"(*1,2)10,3-7(15,6)(11,16,14)(8,13)(4,5,9,12)",13,4,5.0,False,7,
201805010811,11,第35回フェブラリーS(GI),ダ,1600,晴,良,15:40,2018-02-18,東京,2,7,14,2013106119,ゴールドドリーム,牡5,57,05366,ムーア,1:36.0,クビ,10-8,36.4,2.1,1,524(-14),01082,[西]平田修,790005,吉田勝己,"4,097.2",,,,,,,,,,,"(*1,2)10-3-7-15(11,6)16(4,8,13,14)12(5,9)",10,4,10.5,False,"(*1,2)10,3-7(15,6)(11,16,14)(8,13)(4,5,9,12)",8,3,5.0,False,7,
201805010811,11,第35回フェブラリーS(GI),ダ,1600,晴,良,15:40,2018-02-18,東京,3,3,6,2010104916,インカンテーション,牡8,57,01122,三浦皇成,1:36.1,クビ,7-6,36.7,20.0,6,512(+5),01091,[西]羽月友彦,102800,ターフ・スポート,"2,548.6",,,,,,,,,,,"(*1,2)10-3-7-15(11,6)16(4,8,13,14)12(5,9)",7,2,10.5,False,"(*1,2)10,3-7(15,6)(11,16,14)(8,13)(4,5,9,12)",6,2,5.0,False,7,
201805010811,11,第35回フェブラリーS(GI),ダ,1600,晴,良,15:40,2018-02-18,東京,4,8,16,2014106474,サンライズノヴァ,牡4,57,05386,戸崎圭太,1:36.6,3,9-8,37.0,7.1,3,536(+4),01002,[西]音無秀孝,306008,松岡隆雄,"1,500.0",,,,,,,,,,,"(*1,2)10-3-7-15(11,6)16(4,8,13,14)12(5,9)",9,1,10.5,False,"(*1,2)10,3-7(15,6)(11,16,14)(8,13)(4,5,9,12)",8,3,5.0,False,7,
201805010811,11,第35回フェブラリーS(GI),ダ,1600,晴,良,15:40,2018-02-18,東京,5,7,13,2012102095,レッツゴードンキ,牝6,55,00732,幸英明,1:36.7,1/2,10-11,37.0,51.0,10,492(+4),01084,[西]梅田智之,037803,廣崎利洋ＨＤ,"1,000.0",,,,,,,,,,,"(*1,2)10-3-7-15(11,6)16(4,8,13,14)12(5,9)",10,4,10.5,False,"(*1,2)10,3-7(15,6)(11,16,14)(8,13)(4,5,9,12)",11,2,5.0,False,7,
201805010811,11,第35回フェブラリーS(GI),ダ,1600,晴,良,15:40,2018-02-18,東京,6,5,9,2011105960,キングズガード,牡7,57,01093,藤岡佑介,1:36.7,ハナ,15-13,36.8,81.5,12,470(-6),01158,[西]寺島良,100800,日進牧場,,,,,,,,,,,,"(*1,2)10-3-7-15(11,6)16(4,8,13,14)12(5,9)",15,2,10.5,False,"(*1,2)10,3-7(15,6)(11,16,14)(8,13)(4,5,9,12)",13,4,5.0,False,7,
201805010811,11,第35回フェブラリーS(GI),ダ,1600,晴,良,15:40,2018-02-18,東京,7,4,8,2011102556,メイショウスミトモ,牡7,57,01075,田辺裕信,1:37.1,2.1/2,10-11,37.4,242.3,15,486(+4),01049,[西]南井克巳,523005,松本好雄,,,,,,,,,,,,"(*1,2)10-3-7-15(11,6)16(4,8,13,14)12(5,9)",10,4,10.5,False,"(*1,2)10,3-7(15,6)(11,16,14)(8,13)(4,5,9,12)",11,2,5.0,False,7,
201805010811,11,第35回フェブラリーS(GI),ダ,1600,晴,良,15:40,2018-02-18,東京,8,3,5,2010102446,サウンドトゥルー,セ8,57,05517,ミナリク,1:37.5,2.1/2,15-13,37.6,54.4,11,478(-3),01088,[東]高木登,518002,山田弘,,,,,,,,,,,,"(*1,2)10-3-7-15(11,6)16(4,8,13,14)12(5,9)",15,2,10.5,False,"(*1,2)10,3-7(15,6)(11,16,14)(8,13)(4,5,9,12)",13,4,5.0,False,7,
201805010811,11,第35回フェブラリーS(GI),ダ,1600,晴,良,15:40,2018-02-18,東京,9,2,4,2010110078,アウォーディー,牡8,57,00666,武豊,1:37.6,クビ,10-13,37.7,23.6,7,516(+2),01092,[西]松永幹夫,948006,前田幸治,,,,,,,,,,,,"(*1,2)10-3-7-15(11,6)16(4,8,13,14)12(5,9)",10,4,10.5,False,"(*1,2)10,3-7(15,6)(11,16,14)(8,13)(4,5,9,12)",13,4,5.0,False,7,
201805010811,11,第35回フェブラリーS(GI),ダ,1600,晴,良,15:40,2018-02-18,東京,10,8,15,2010110127,ベストウォーリア,牡8,57,05339,ルメール,1:37.6,クビ,6-6,38.3,32.2,8,518(0),01022,[西]石坂正,431002,馬場幸夫,,,,,,,,,,,,"(*1,2)10-3-7-15(11,6)16(4,8,13,14)12(5,9)",6,1,10.5,False,"(*1,2)10,3-7(15,6)(11,16,14)(8,13)(4,5,9,12)",6,2,5.0,False,7,
201805010811,11,第35回フェブラリーS(GI),ダ,1600,晴,良,15:40,2018-02-18,東京,11,1,2,2013104055,ケイティブレイブ,牡5,57,01014,福永祐一,1:37.7,1/2,2-2,39.4,15.4,5,516(0),00387,[西]目野哲也,083006,瀧本和義,,,,,,,,,,,,"(*1,2)10-3-7-15(11,6)16(4,8,13,14)12(5,9)",2,2,0.0,False,"(*1,2)10,3-7(15,6)(11,16,14)(8,13)(4,5,9,12)",2,2,0.0,False,7,
201805010811,11,第35回フェブラリーS(GI),ダ,1600,晴,良,15:40,2018-02-18,東京,12,5,10,2012101830,テイエムジンソク,牡6,57,01015,古川吉洋,1:37.9,3/4,3-3,39.4,3.7,2,496(-2),01033,[西]木原一良,356002,竹園正繼,,,,,,,,,,,,"(*1,2)10-3-7-15(11,6)16(4,8,13,14)12(5,9)",3,1,0.0,False,"(*1,2)10,3-7(15,6)(11,16,14)(8,13)(4,5,9,12)",3,1,0.0,False,7,
201805010811,11,第35回フェブラリーS(GI),ダ,1600,晴,良,15:40,2018-02-18,東京,13,2,3,2012102452,ノボバカラ,牡6,57,01077,石橋脩,1:38.3,2.1/2,4-4,39.6,257.0,16,510(-8),01090,[東]天間昭一,978800,ＬＳ．Ｍ,,,,,,,,,,,,"(*1,2)10-3-7-15(11,6)16(4,8,13,14)12(5,9)",4,1,3.5,False,"(*1,2)10,3-7(15,6)(11,16,14)(8,13)(4,5,9,12)",4,1,1.5,False,7,
201805010811,11,第35回フェブラリーS(GI),ダ,1600,晴,良,15:40,2018-02-18,東京,14,6,11,2013101999,ロンドンタウン,牡5,57,05203,岩田康誠,1:38.5,1.1/2,7-8,39.0,33.2,9,522(+10),01123,[西]牧田和弥,768006,薪浦亨,,,,,,,,,,,,"(*1,2)10-3-7-15(11,6)16(4,8,13,14)12(5,9)",7,2,10.5,False,"(*1,2)10,3-7(15,6)(11,16,14)(8,13)(4,5,9,12)",8,3,5.0,False,7,
201805010811,11,第35回フェブラリーS(GI),ダ,1600,晴,良,15:40,2018-02-18,東京,15,4,7,2012104368,ララベル,牝6,55,05420,真島大輔,1:38.8,1.3/4,5-5,39.7,199.4,14,548(-16),05625,[地]荒山勝徳,758005,吉田照哉,,,,,,,,,,,,"(*1,2)10-3-7-15(11,6)16(4,8,13,14)12(5,9)",5,1,7.0,False,"(*1,2)10,3-7(15,6)(11,16,14)(8,13)(4,5,9,12)",5,1,5.0,False,7,
201805010811,11,第35回フェブラリーS(GI),ダ,1600,晴,良,15:40,2018-02-18,東京,16,1,1,2011105438,ニシケンモノノフ,牡7,57,00660,横山典弘,1:39.0,1.1/4,1-1,40.7,124.1,13,508(-6),01087,[西]庄野靖志,677009,西森鶴,,,,,,,,,,,,"(*1,2)10-3-7-15(11,6)16(4,8,13,14)12(5,9)",1,2,0.0,True,"(*1,2)10,3-7(15,6)(11,16,14)(8,13)(4,5,9,12)",1,2,0.0,True,7,
201805010812,12,大島特別(2勝),ダ,1400,晴,良,16:25,2018-02-18,東京,1,7,14,2013105325,ターゲリート,牡5,57,01014,福永祐一,1:25.7,,10-11,36.5,6.6,4,486(-8),01054,[東]戸田博文,808800,Ｇ１レーシング,"1,535.7",,,,,,,,,,,"(*6,15)10(3,4)(8,12)(9,16)(5,13,14)(2,7)=1   11",10,3,0.0,False,"(*6,15)10(4,12)(3,8)(5,13,16)(9,14)(2,7)-1   11",11,2,0.0,False,7,
201805010812,12,大島特別(2勝),ダ,1400,晴,良,16:25,2018-02-18,東京,2,5,10,2013101058,キタサンガンバ,牡5,57,05386,戸崎圭太,1:25.8,3/4,3-3,37.3,3.0,1,496(+8),01076,[東]小笠倫弘,373800,大野商事,610.2,,,,,,,,,,,"(*6,15)10(3,4)(8,12)(9,16)(5,13,14)(2,7)=1   11",3,1,0.0,False,"(*6,15)10(4,12)(3,8)(5,13,16)(9,14)(2,7)-1   11",3,1,0.0,False,7,
201805010812,12,大島特別(2勝),ダ,1400,晴,良,16:25,2018-02-18,東京,3,4,7,2012104192,ワイドリーザワン,牡6,57,01140,横山和生,1:25.8,アタマ,13-13,36.4,178.5,15,454(+2),01145,[東]奥村武,113030,坂本浩一,385.1,,,,,,,,,,,"(*6,15)10(3,4)(8,12)(9,16)(5,13,14)(2,7)=1   11",13,2,0.0,False,"(*6,15)10(4,12)(3,8)(5,13,16)(9,14)(2,7)-1   11",13,2,0.0,False,7,
201805010812,12,大島特別(2勝),ダ,1400,晴,良,16:25,2018-02-18,東京,4,2,4,2012105238,エメラルエナジー,牡6,57,05517,ミナリク,1:25.9,クビ,4-4,37.3,20.7,8,510(-4),01020,[東]相沢郁,630006,高橋勉,230.0,,,,,,,,,,,"(*6,15)10(3,4)(8,12)(9,16)(5,13,14)(2,7)=1   11",4,2,0.0,False,"(*6,15)10(4,12)(3,8)(5,13,16)(9,14)(2,7)-1   11",4,2,0.0,False,7,
201805010812,12,大島特別(2勝),ダ,1400,晴,良,16:25,2018-02-18,東京,5,8,16,2014104214,ノーフィアー,牡4,57,00689,江田照男,1:26.1,1.1/4,8-8,37.1,19.3,7,500(+6),01035,[東]佐藤吉勝,832008,平本敏夫,150.0,,,,,,,,,,,"(*6,15)10(3,4)(8,12)(9,16)(5,13,14)(2,7)=1   11",8,2,0.0,False,"(*6,15)10(4,12)(3,8)(5,13,16)(9,14)(2,7)-1   11",8,3,0.0,False,7,
201805010812,12,大島特別(2勝),ダ,1400,晴,良,16:25,2018-02-18,東京,6,5,9,2014104021,ワンダープラヤアン,牡4,57,01043,北村宏司,1:26.1,アタマ,8-11,36.9,5.4,3,484(+2),01142,[西]森田直行,184033,山本能成,,,,,,,,,,,,"(*6,15)10(3,4)(8,12)(9,16)(5,13,14)(2,7)=1   11",8,2,0.0,False,"(*6,15)10(4,12)(3,8)(5,13,16)(9,14)(2,7)-1   11",11,2,0.0,False,7,
201805010812,12,大島特別(2勝),ダ,1400,晴,良,16:25,2018-02-18,東京,7,8,15,2013101848,ケンコンイッテキ,牡5,57,01122,三浦皇成,1:26.4,1.3/4,2-2,38.0,31.5,9,514(+12),01112,[東]田島俊明,888800,ＣＨＥＶＡＬＡＴＴＡ...,,,,,,,,,,,,"(*6,15)10(3,4)(8,12)(9,16)(5,13,14)(2,7)=1   11",2,2,0.0,False,"(*6,15)10(4,12)(3,8)(5,13,16)(9,14)(2,7)-1   11",2,2,0.0,False,7,
201805010812,12,大島特別(2勝),ダ,1400,晴,良,16:25,2018-02-18,東京,8,4,8,2013102295,ロードプレミアム,牡5,57,05203,岩田康誠,1:27.0,3.1/2,6-6,38.2,13.9,6,496(+8),01086,[東]斎藤誠,170800,ロードホースクラブ,,,,,,,,,,,,"(*6,15)10(3,4)(8,12)(9,16)(5,13,14)(2,7)=1   11",6,2,0.0,False,"(*6,15)10(4,12)(3,8)(5,13,16)(9,14)(2,7)-1   11",6,2,0.0,False,7,
201805010812,12,大島特別(2勝),ダ,1400,晴,良,16:25,2018-02-18,東京,9,1,2,2013105028,コパノディール,牝5,55,01169,武藤雅,1:27.2,1.1/2,13-13,37.9,97.3,14,438(-4),00349,[東]尾形充弘,304033,小林照弘,,,,,,,,,,,,"(*6,15)10(3,4)(8,12)(9,16)(5,13,14)(2,7)=1   11",13,2,0.0,False,"(*6,15)10(4,12)(3,8)(5,13,16)(9,14)(2,7)-1   11",13,2,0.0,False,7,
201805010812,12,大島特別(2勝),ダ,1400,晴,良,16:25,2018-02-18,東京,10,6,12,2014100080,シゲルベンガルトラ,牡4,57,01096,大野拓弥,1:27.6,2.1/2,6-4,38.9,12.0,5,474(+30),00409,[東]二ノ宮敬,674004,森中蕃,,,,,,,,,,,,"(*6,15)10(3,4)(8,12)(9,16)(5,13,14)(2,7)=1   11",6,2,0.0,False,"(*6,15)10(4,12)(3,8)(5,13,16)(9,14)(2,7)-1   11",4,2,0.0,False,7,
201805010812,12,大島特別(2勝),ダ,1400,晴,良,16:25,2018-02-18,東京,11,3,5,2012104441,ワンボーイ,セ6,57,00684,田中勝春,1:27.7,クビ,10-8,38.7,84.0,13,488(-2),01116,[東]新開幸一,138030,稲川一,,,,,,,,,,,,"(*6,15)10(3,4)(8,12)(9,16)(5,13,14)(2,7)=1   11",10,3,0.0,False,"(*6,15)10(4,12)(3,8)(5,13,16)(9,14)(2,7)-1   11",8,3,0.0,False,7,
201805010812,12,大島特別(2勝),ダ,1400,晴,良,16:25,2018-02-18,東京,12,3,6,2013105665,ウィズエモーション,牝5,55,01075,田辺裕信,1:28.2,3,1-1,39.9,34.7,10,486(-2),00341,[東]栗田博憲,415800,社台レースホース,,,,,,,,,,,,"(*6,15)10(3,4)(8,12)(9,16)(5,13,14)(2,7)=1   11",1,2,0.0,True,"(*6,15)10(4,12)(3,8)(5,13,16)(9,14)(2,7)-1   11",1,2,0.0,True,7,
201805010812,12,大島特別(2勝),ダ,1400,晴,良,16:25,2018-02-18,東京,13,1,1,2012101317,ラインフェルス,牡6,57,00422,内田博幸,1:28.2,アタマ,15-15,38.3,68.2,12,490(+4),01086,[東]斎藤誠,338007,村野康司,,,,,,,,,,,,"(*6,15)10(3,4)(8,12)(9,16)(5,13,14)(2,7)=1   11",15,1,6.0,False,"(*6,15)10(4,12)(3,8)(5,13,16)(9,14)(2,7)-1   11",15,1,3.5,False,7,
201805010812,12,大島特別(2勝),ダ,1400,晴,良,16:25,2018-02-18,東京,14,2,3,2014102814,アースヴィグラス,牝4,55,00660,横山典弘,1:29.1,5,4-6,40.3,52.5,11,460(+6),01096,[東]粕谷昌央,339008,松山増男,,,,,,,,,,,,"(*6,15)10(3,4)(8,12)(9,16)(5,13,14)(2,7)=1   11",4,2,0.0,False,"(*6,15)10(4,12)(3,8)(5,13,16)(9,14)(2,7)-1   11",6,2,0.0,False,7,
201805010812,12,大島特別(2勝),ダ,1400,晴,良,16:25,2018-02-18,東京,15,7,13,2014102562,アーバンイェーガー,牡4,57,05366,ムーア,1:29.2,クビ,10-8,40.2,4.7,2,500(-10),01134,[東]高橋文雅,770006,西城公雄,,,,,,,,,,,,"(*6,15)10(3,4)(8,12)(9,16)(5,13,14)(2,7)=1   11",10,3,0.0,False,"(*6,15)10(4,12)(3,8)(5,13,16)(9,14)(2,7)-1   11",8,3,0.0,False,7,
201805010812,12,大島特別(2勝),ダ,1400,晴,良,16:25,2018-02-18,東京,取,6,11,2013100082,ワンパーセント,牡5,57,01129,菅原隆一,,,,,---,,計不,01081,[東]中川公成,270006,島川隆哉,,,,,,,,,,,,"(*6,15)10(3,4)(8,12)(9,16)(5,13,14)(2,7)=1   11",16,1,12.0,False,"(*6,15)10(4,12)(3,8)(5,13,16)(9,14)(2,7)-1   11",16,1,9.5,False,7,
201808020801,1,3歳未勝利,ダ,1800,晴,稍重,09:55,2018-02-18,京都,1,5,10,2015101532,コカボムクイーン,牝3,53,01156,加藤祥太,1:55.2,,1-1-1-1,38.8,2.5,1,448(+2),01087,[西]庄野靖志,372008,三宅勝俊,500.0,"(*10,11)(9,4,13)14,8(3,7)-(6,5)(2,16)-1-(15,12)",1,2,0.0,True,"(*10,11)(9,4,13)(3,14,8)-7-(6,5)(2,16)-1-12,15",1,2,0.0,True,"(*10,11)13(9,4)(3,8)-(7,5)14(6,2,16)-1,12-15",1,2,0.0,True,"10(9,13)11(4,3,8)-5(7,6,16)1,2,14,12,15",1,1,0.0,False,6,
201808020801,1,3歳未勝利,ダ,1800,晴,稍重,09:55,2018-02-18,京都,2,7,13,2015100162,クーファエラン,牝3,54,01114,田中健,1:55.9,4,3-3-3-2,39.2,4.1,2,440(-4),00411,[西]浅見秀一,052803,大迫久美子,200.0,"(*10,11)(9,4,13)14,8(3,7)-(6,5)(2,16)-1-(15,12)",3,3,0.0,False,"(*10,11)(9,4,13)(3,14,8)-7-(6,5)(2,16)-1-12,15",3,3,0.0,False,"(*10,11)13(9,4)(3,8)-(7,5)14(6,2,16)-1,12-15",3,1,0.0,False,"10(9,13)11(4,3,8)-5(7,6,16)1,2,14,12,15",2,2,0.0,False,6,
201808020801,1,3歳未勝利,ダ,1800,晴,稍重,09:55,2018-02-18,京都,3,2,4,2015104883,サニーレイ,牝3,54,05336,バルジュ,1:56.0,1/2,3-3-4-5,39.2,19.0,7,450(-4),01098,[西]野中賢二,943030,橋元勇氣,130.0,"(*10,11)(9,4,13)14,8(3,7)-(6,5)(2,16)-1-(15,12)",3,3,0.0,False,"(*10,11)(9,4,13)(3,14,8)-7-(6,5)(2,16)-1-12,15",3,3,0.0,False,"(*10,11)13(9,4)(3,8)-(7,5)14(6,2,16)-1,12-15",4,2,0.0,False,"10(9,13)11(4,3,8)-5(7,6,16)1,2,14,12,15",5,3,0.0,False,6,
201808020801,1,3歳未勝利,ダ,1800,晴,稍重,09:55,2018-02-18,京都,4,5,9,2015105508,リリープリンセス,牝3,54,01032,池添謙一,1:56.2,1.1/2,3-3-4-2,39.5,8.0,4,470(0),00438,[西]安田隆行,624008,村上龍太郎,75.0,"(*10,11)(9,4,13)14,8(3,7)-(6,5)(2,16)-1-(15,12)",3,3,0.0,False,"(*10,11)(9,4,13)(3,14,8)-7-(6,5)(2,16)-1-12,15",3,3,0.0,False,"(*10,11)13(9,4)(3,8)-(7,5)14(6,2,16)-1,12-15",4,2,0.0,False,"10(9,13)11(4,3,8)-5(7,6,16)1,2,14,12,15",2,2,0.0,False,6,
201808020801,1,3歳未勝利,ダ,1800,晴,稍重,09:55,2018-02-18,京都,5,3,5,2015101668,ラッシュオブジョイ,牝3,54,01116,藤岡康太,1:57.1,5,10-10-8-8,39.7,7.7,3,474(-6),01151,[西]斉藤崇史,003060,Ｈ．Ｈ．シェイク・モ...,50.0,"(*10,11)(9,4,13)14,8(3,7)-(6,5)(2,16)-1-(15,12)",10,2,5.0,False,"(*10,11)(9,4,13)(3,14,8)-7-(6,5)(2,16)-1-12,15",10,2,7.0,False,"(*10,11)13(9,4)(3,8)-(7,5)14(6,2,16)-1,12-15",8,2,3.5,False,"10(9,13)11(4,3,8)-5(7,6,16)1,2,14,12,15",8,1,3.5,False,6,
201808020801,1,3歳未勝利,ダ,1800,晴,稍重,09:55,2018-02-18,京都,6,4,8,2015102448,ミトノクイーン,牝3,53,01155,義英真,1:57.3,1,7-6-6-5,40.3,23.9,8,470(0),00365,[西]崎山博樹,018700,ロイヤルパーク,,"(*10,11)(9,4,13)14,8(3,7)-(6,5)(2,16)-1-(15,12)",7,1,1.5,False,"(*10,11)(9,4,13)(3,14,8)-7-(6,5)(2,16)-1-12,15",6,3,0.0,False,"(*10,11)13(9,4)(3,8)-(7,5)14(6,2,16)-1,12-15",6,2,0.0,False,"10(9,13)11(4,3,8)-5(7,6,16)1,2,14,12,15",5,3,0.0,False,6,
201808020801,1,3歳未勝利,ダ,1800,晴,稍重,09:55,2018-02-18,京都,7,3,6,2015102818,メイショウカラタチ,牝3,54,01099,鮫島良太,1:57.8,3,10-10-11-9,40.0,11.7,5,470(0),00434,[西]西橋豊治,523005,松本好雄,,"(*10,11)(9,4,13)14,8(3,7)-(6,5)(2,16)-1-(15,12)",10,2,5.0,False,"(*10,11)(9,4,13)(3,14,8)-7-(6,5)(2,16)-1-12,15",10,2,7.0,False,"(*10,11)13(9,4)(3,8)-(7,5)14(6,2,16)-1,12-15",11,3,3.5,False,"10(9,13)11(4,3,8)-5(7,6,16)1,2,14,12,15",9,3,3.5,False,6,
201808020801,1,3歳未勝利,ダ,1800,晴,稍重,09:55,2018-02-18,京都,8,1,1,2015103035,ナガラリバー,牝3,51,01168,富田暁,1:57.9,3/4,14-14-14-12,39.7,27.4,9,412(-6),00396,[西]福島信晴,024700,長良レーシングクラブ,,"(*10,11)(9,4,13)14,8(3,7)-(6,5)(2,16)-1-(15,12)",14,1,8.5,False,"(*10,11)(9,4,13)(3,14,8)-7-(6,5)(2,16)-1-12,15",14,1,10.5,False,"(*10,11)13(9,4)(3,8)-(7,5)14(6,2,16)-1,12-15",14,1,7.0,False,"10(9,13)11(4,3,8)-5(7,6,16)1,2,14,12,15",12,1,3.5,False,6,
201808020801,1,3歳未勝利,ダ,1800,晴,稍重,09:55,2018-02-18,京都,9,2,3,2015105804,エウプロシュネ,牝3,54,01125,国分優作,1:58.1,1,8-6-6-5,41.1,54.5,11,436(-2),01057,[西]湯窪幸雄,884800,高橋ファーム,,"(*10,11)(9,4,13)14,8(3,7)-(6,5)(2,16)-1-(15,12)",8,2,1.5,False,"(*10,11)(9,4,13)(3,14,8)-7-(6,5)(2,16)-1-12,15",6,3,0.0,False,"(*10,11)13(9,4)(3,8)-(7,5)14(6,2,16)-1,12-15",6,2,0.0,False,"10(9,13)11(4,3,8)-5(7,6,16)1,2,14,12,15",5,3,0.0,False,6,
201808020801,1,3歳未勝利,ダ,1800,晴,稍重,09:55,2018-02-18,京都,10,8,16,2015100974,ウインクルゴール,牝3,51,01159,三津谷隼,1:58.5,2.1/2,12-12-11-9,40.6,61.3,12,460(-6),01136,[西]高橋亮,952006,塚本能交,,"(*10,11)(9,4,13)14,8(3,7)-(6,5)(2,16)-1-(15,12)",12,2,5.0,False,"(*10,11)(9,4,13)(3,14,8)-7-(6,5)(2,16)-1-12,15",12,2,7.0,False,"(*10,11)13(9,4)(3,8)-(7,5)14(6,2,16)-1,12-15",11,3,3.5,False,"10(9,13)11(4,3,8)-5(7,6,16)1,2,14,12,15",9,3,3.5,False,6,
201808020801,1,3歳未勝利,ダ,1800,晴,稍重,09:55,2018-02-18,京都,11,6,11,2015105266,ジュンサロマ,牝3,53,01152,小崎綾也,1:59.4,5,2-2-2-4,42.8,16.7,6,452(-2),01086,[東]斎藤誠,165033,河合純二,,"(*10,11)(9,4,13)14,8(3,7)-(6,5)(2,16)-1-(15,12)",2,2,0.0,False,"(*10,11)(9,4,13)(3,14,8)-7-(6,5)(2,16)-1-12,15",2,2,0.0,False,"(*10,11)13(9,4)(3,8)-(7,5)14(6,2,16)-1,12-15",2,2,0.0,False,"10(9,13)11(4,3,8)-5(7,6,16)1,2,14,12,15",4,1,0.0,False,6,
201808020801,1,3歳未勝利,ダ,1800,晴,稍重,09:55,2018-02-18,京都,12,6,12,2015100205,スエヒロドラ,牝3,54,01124,国分恭介,1:59.5,クビ,15-15-15-15,41.1,145.5,15,442(-2),01041,[西]藤沢則雄,981800,みどり住宅,,"(*10,11)(9,4,13)14,8(3,7)-(6,5)(2,16)-1-(15,12)",15,2,12.0,False,"(*10,11)(9,4,13)(3,14,8)-7-(6,5)(2,16)-1-12,15",15,1,14.0,False,"(*10,11)13(9,4)(3,8)-(7,5)14(6,2,16)-1,12-15",15,1,8.5,False,"10(9,13)11(4,3,8)-5(7,6,16)1,2,14,12,15",15,1,8.0,False,6,
201808020801,1,3歳未勝利,ダ,1800,晴,稍重,09:55,2018-02-18,京都,13,7,14,2015101428,クリノマンチェスー,牝3,53,01160,荻野極,2:01.1,10,6-6-10-14,43.3,131.4,14,412(+6),01009,[西]田所秀孝,970006,栗本博晴,,"(*10,11)(9,4,13)14,8(3,7)-(6,5)(2,16)-1-(15,12)",6,1,0.0,False,"(*10,11)(9,4,13)(3,14,8)-7-(6,5)(2,16)-1-12,15",6,3,0.0,False,"(*10,11)13(9,4)(3,8)-(7,5)14(6,2,16)-1,12-15",10,1,3.5,False,"10(9,13)11(4,3,8)-5(7,6,16)1,2,14,12,15",14,1,6.5,False,6,
201808020801,1,3歳未勝利,ダ,1800,晴,稍重,09:55,2018-02-18,京都,14,4,7,2015102025,キンメ,牝3,54,01127,丸山元気,2:01.3,3/4,8-9-8-9,43.9,111.2,13,468(-4),01125,[東]小野次郎,006803,小山田満,,"(*10,11)(9,4,13)14,8(3,7)-(6,5)(2,16)-1-(15,12)",8,2,1.5,False,"(*10,11)(9,4,13)(3,14,8)-7-(6,5)(2,16)-1-12,15",9,1,3.5,False,"(*10,11)13(9,4)(3,8)-(7,5)14(6,2,16)-1,12-15",8,2,3.5,False,"10(9,13)11(4,3,8)-5(7,6,16)1,2,14,12,15",9,3,3.5,False,6,
201808020801,1,3歳未勝利,ダ,1800,晴,稍重,09:55,2018-02-18,京都,15,1,2,2015103547,クリノヘプバーン,牝3,54,01034,酒井学,2:01.6,1.3/4,12-12-11-13,43.7,52.9,10,486(0),01006,[西]作田誠二,970006,栗本博晴,,"(*10,11)(9,4,13)14,8(3,7)-(6,5)(2,16)-1-(15,12)",12,2,5.0,False,"(*10,11)(9,4,13)(3,14,8)-7-(6,5)(2,16)-1-12,15",12,2,7.0,False,"(*10,11)13(9,4)(3,8)-(7,5)14(6,2,16)-1,12-15",11,3,3.5,False,"10(9,13)11(4,3,8)-5(7,6,16)1,2,14,12,15",13,1,5.0,False,6,
201808020801,1,3歳未勝利,ダ,1800,晴,稍重,09:55,2018-02-18,京都,16,8,15,2015105405,ミフラーブ,牝3,54,01085,松岡正海,2:01.9,2,15-16-16-16,43.2,168.7,16,476(-14),00359,[東]高橋祥泰,629800,ミルファーム,,"(*10,11)(9,4,13)14,8(3,7)-(6,5)(2,16)-1-(15,12)",15,2,12.0,False,"(*10,11)(9,4,13)(3,14,8)-7-(6,5)(2,16)-1-12,15",16,1,15.5,False,"(*10,11)13(9,4)(3,8)-(7,5)14(6,2,16)-1,12-15",16,1,12.0,False,"10(9,13)11(4,3,8)-5(7,6,16)1,2,14,12,15",16,1,9.5,False,6,
201808020802,2,3歳未勝利,ダ,1200,晴,稍重,10:25,2018-02-18,京都,1,3,5,2015105740,スマートアルタイル,牡3,56,05212,Ｍ．デム,1:13.3,,8-7,36.5,2.9,2,450(0),01085,[西]小崎憲,007803,大川徹,500.0,,,,,,,,,,,"(*16,6,10)(1,7)(8,9)5-2(11,15)-13,12,14,4=3",8,1,0.0,False,"16,6(10,7)(1,8)(9,5)-15,2,11(13,14)-12-4=3",7,2,1.5,False,6,
201808020802,2,3歳未勝利,ダ,1200,晴,稍重,10:25,2018-02-18,京都,2,4,7,2015105561,ミルトシャトル,牡3,56,01126,松山弘平,1:14.0,4,4-3,37.6,1.7,1,456(0),01140,[西]石橋守,695033,永山勝敏,200.0,,,,,,,,,,,"(*16,6,10)(1,7)(8,9)5-2(11,15)-13,12,14,4=3",4,2,0.0,False,"16,6(10,7)(1,8)(9,5)-15,2,11(13,14)-12-4=3",3,2,1.5,False,6,
201808020802,2,3歳未勝利,ダ,1200,晴,稍重,10:25,2018-02-18,京都,3,4,8,2015103375,メイショウキタグニ,牡3,56,01125,国分優作,1:14.3,1.3/4,6-5,37.8,12.0,4,454(-10),01016,[西]西浦勝一,523005,松本好雄,130.0,,,,,,,,,,,"(*16,6,10)(1,7)(8,9)5-2(11,15)-13,12,14,4=3",6,2,0.0,False,"16,6(10,7)(1,8)(9,5)-15,2,11(13,14)-12-4=3",5,2,1.5,False,6,
201808020802,2,3歳未勝利,ダ,1200,晴,稍重,10:25,2018-02-18,京都,4,3,6,2015103603,メイショウバルコラ,牡3,55,01156,加藤祥太,1:14.4,3/4,2-2,38.2,18.9,6,504(-2),01041,[西]藤沢則雄,523005,松本好雄,75.0,,,,,,,,,,,"(*16,6,10)(1,7)(8,9)5-2(11,15)-13,12,14,4=3",2,3,0.0,False,"16,6(10,7)(1,8)(9,5)-15,2,11(13,14)-12-4=3",2,1,1.5,False,6,
201808020802,2,3歳未勝利,ダ,1200,晴,稍重,10:25,2018-02-18,京都,5,8,15,2015101537,セトノシャトル,牡3,56,01034,酒井学,1:14.5,1/2,10-9,37.2,11.2,3,516(+4),01111,[西]鈴木孝志,705006,難波澄子,50.0,,,,,,,,,,,"(*16,6,10)(1,7)(8,9)5-2(11,15)-13,12,14,4=3",10,2,3.5,False,"16,6(10,7)(1,8)(9,5)-15,2,11(13,14)-12-4=3",9,1,5.0,False,6,
201808020802,2,3歳未勝利,ダ,1200,晴,稍重,10:25,2018-02-18,京都,6,5,9,2015101425,トップホライゾン,牡3,56,01030,松田大作,1:15.1,3.1/2,6-7,38.6,195.0,10,498(-10),01024,[東]萱野浩二,973800,コオロ,,,,,,,,,,,,"(*16,6,10)(1,7)(8,9)5-2(11,15)-13,12,14,4=3",6,2,0.0,False,"16,6(10,7)(1,8)(9,5)-15,2,11(13,14)-12-4=3",7,2,1.5,False,6,
201808020802,2,3歳未勝利,ダ,1200,晴,稍重,10:25,2018-02-18,京都,7,8,16,2015103015,ビッグボス,牡3,55,01160,荻野極,1:15.1,アタマ,1-1,39.0,17.6,5,488(+2),01002,[西]音無秀孝,975030,小田切光,,,,,,,,,,,,"(*16,6,10)(1,7)(8,9)5-2(11,15)-13,12,14,4=3",1,3,0.0,True,"16,6(10,7)(1,8)(9,5)-15,2,11(13,14)-12-4=3",1,1,0.0,False,6,
201808020802,2,3歳未勝利,ダ,1200,晴,稍重,10:25,2018-02-18,京都,8,5,10,2015103187,ベルウッドホーク,牡3,55,01155,義英真,1:15.2,1/2,2-3,38.9,197.1,11,470(+2),01135,[西]高橋康之,137030,鈴木照雄,,,,,,,,,,,,"(*16,6,10)(1,7)(8,9)5-2(11,15)-13,12,14,4=3",2,3,0.0,False,"16,6(10,7)(1,8)(9,5)-15,2,11(13,14)-12-4=3",3,2,1.5,False,6,
201808020802,2,3歳未勝利,ダ,1200,晴,稍重,10:25,2018-02-18,京都,9,7,13,2015103841,スリーゴーディー,牝3,51,01159,三津谷隼,1:15.5,1.3/4,12-12,37.7,668.1,15,464(-2),00387,[西]目野哲也,061800,永井商事,,,,,,,,,,,,"(*16,6,10)(1,7)(8,9)5-2(11,15)-13,12,14,4=3",12,1,7.0,False,"16,6(10,7)(1,8)(9,5)-15,2,11(13,14)-12-4=3",12,2,8.0,False,6,
201808020802,2,3歳未勝利,ダ,1200,晴,稍重,10:25,2018-02-18,京都,10,6,11,2015105726,ケイジーワンダー,牡3,56,01124,国分恭介,1:15.5,ハナ,10-11,38.2,526.1,14,526(+10),01024,[東]萱野浩二,033009,鹿倉勝爾,,,,,,,,,,,,"(*16,6,10)(1,7)(8,9)5-2(11,15)-13,12,14,4=3",10,2,3.5,False,"16,6(10,7)(1,8)(9,5)-15,2,11(13,14)-12-4=3",11,1,8.0,False,6,
201808020802,2,3歳未勝利,ダ,1200,晴,稍重,10:25,2018-02-18,京都,11,1,1,2015104537,ボーンスキルフル,牝3,54,05336,バルジュ,1:15.6,3/4,4-5,39.2,33.6,7,452(-8),01113,[西]牧浦充徳,310007,吉田千津,,,,,,,,,,,,"(*16,6,10)(1,7)(8,9)5-2(11,15)-13,12,14,4=3",4,2,0.0,False,"16,6(10,7)(1,8)(9,5)-15,2,11(13,14)-12-4=3",5,2,1.5,False,6,
201808020802,2,3歳未勝利,ダ,1200,晴,稍重,10:25,2018-02-18,京都,12,7,14,2015102761,ファンダンゴ,牝3,54,01085,松岡正海,1:15.7,クビ,14-12,37.5,423.7,12,430(-4),01031,[東]伊藤伸一,629800,ミルファーム,,,,,,,,,,,,"(*16,6,10)(1,7)(8,9)5-2(11,15)-13,12,14,4=3",14,1,10.0,False,"16,6(10,7)(1,8)(9,5)-15,2,11(13,14)-12-4=3",12,2,8.0,False,6,
201808020802,2,3歳未勝利,ダ,1200,晴,稍重,10:25,2018-02-18,京都,13,1,2,2015100714,コスモエクセレント,牡3,56,01118,宮崎北斗,1:16.8,7,9-10,39.7,87.7,8,516(-10),01101,[西]吉田直弘,716800,ビッグレッドファーム,,,,,,,,,,,,"(*16,6,10)(1,7)(8,9)5-2(11,15)-13,12,14,4=3",9,1,3.5,False,"16,6(10,7)(1,8)(9,5)-15,2,11(13,14)-12-4=3",10,1,6.5,False,6,
201808020802,2,3歳未勝利,ダ,1200,晴,稍重,10:25,2018-02-18,京都,14,6,12,2015102041,ビップロベルト,牡3,53,01168,富田暁,1:16.8,アタマ,13-14,38.8,124.3,9,508(0),01110,[西]清水久詞,524030,鈴木邦英,,,,,,,,,,,,"(*16,6,10)(1,7)(8,9)5-2(11,15)-13,12,14,4=3",13,1,8.5,False,"16,6(10,7)(1,8)(9,5)-15,2,11(13,14)-12-4=3",14,1,11.5,False,6,
201808020802,2,3歳未勝利,ダ,1200,晴,稍重,10:25,2018-02-18,京都,15,2,4,2015100435,タニマサベーカ,牡3,56,01141,中井裕二,1:17.0,1.1/4,15-15,38.6,681.6,16,452(+2),00341,[東]栗田博憲,642004,谷研司,,,,,,,,,,,,"(*16,6,10)(1,7)(8,9)5-2(11,15)-13,12,14,4=3",15,1,11.5,False,"16,6(10,7)(1,8)(9,5)-15,2,11(13,14)-12-4=3",15,1,15.0,False,6,
201808020802,2,3歳未勝利,ダ,1200,晴,稍重,10:25,2018-02-18,京都,16,2,3,2015109043,クリノモンロー,牝3,54,01019,秋山真一,1:19.0,大,16-16,39.2,482.9,13,432(+2),01030,[東]星野忍,970006,栗本博晴,,,,,,,,,,,,"(*16,6,10)(1,7)(8,9)5-2(11,15)-13,12,14,4=3",16,1,17.5,False,"16,6(10,7)(1,8)(9,5)-15,2,11(13,14)-12-4=3",16,1,21.0,False,6,
201808020803,3,3歳未勝利,ダ,1800,晴,稍重,10:55,2018-02-18,京都,1,8,15,2015104751,トーセンブレイヴ,牡3,56,01116,藤岡康太,1:54.8,,1-1-1-1,38.8,3.6,3,502(0),01071,[西]池江泰寿,270006,島川隆哉,500.0,"15(10,11)(1,9,13)(7,14)3,12(5,4)(2,8)6",1,1,0.0,False,"15,10,11(1,13)9(3,7,14)-12-5(2,4,8)-6",1,1,0.0,False,"15,10-1(11,6)(13,14)(7,9,12)3(5,4)(2,8)",1,1,0.0,False,"15-(10,6)(13,14)(1,12)9-5(11,2,4)7(3,8)",1,1,0.0,False,6,
201808020803,3,3歳未勝利,ダ,1800,晴,稍重,10:55,2018-02-18,京都,2,4,6,2015103145,ナムラムツゴロー,牡3,56,01126,松山弘平,1:55.9,7,15-15-4-2,39.0,8.2,4,490(+2),00261,[西]中村均,945004,奈村信重,200.0,"15(10,11)(1,9,13)(7,14)3,12(5,4)(2,8)6",15,1,1.5,False,"15,10,11(1,13)9(3,7,14)-12-5(2,4,8)-6",15,1,13.5,False,"15,10-1(11,6)(13,14)(7,9,12)3(5,4)(2,8)",4,2,5.0,False,"15-(10,6)(13,14)(1,12)9-5(11,2,4)7(3,8)",2,2,3.5,False,6,
201808020803,3,3歳未勝利,ダ,1800,晴,稍重,10:55,2018-02-18,京都,3,7,13,2015100597,センスオブワンダー,牡3,56,01062,川島信二,1:56.0,1/2,4-4-6-4,39.1,3.0,1,456(+2),01095,[西]荒川義之,041002,前田晋二,130.0,"15(10,11)(1,9,13)(7,14)3,12(5,4)(2,8)6",4,3,0.0,False,"15,10,11(1,13)9(3,7,14)-12-5(2,4,8)-6",4,2,3.0,False,"15,10-1(11,6)(13,14)(7,9,12)3(5,4)(2,8)",6,2,5.0,False,"15-(10,6)(13,14)(1,12)9-5(11,2,4)7(3,8)",4,2,3.5,False,6,
201808020803,3,3歳未勝利,ダ,1800,晴,稍重,10:55,2018-02-18,京都,4,7,12,2015105494,マトラッセ,牡3,56,05336,バルジュ,1:56.0,クビ,10-10-8-6,38.8,291.4,13,476(0),01080,[東]清水英克,399009,嶋田賢,75.0,"15(10,11)(1,9,13)(7,14)3,12(5,4)(2,8)6",10,1,1.5,False,"15,10,11(1,13)9(3,7,14)-12-5(2,4,8)-6",10,1,6.5,False,"15,10-1(11,6)(13,14)(7,9,12)3(5,4)(2,8)",8,3,5.0,False,"15-(10,6)(13,14)(1,12)9-5(11,2,4)7(3,8)",6,2,3.5,False,6,
201808020803,3,3歳未勝利,ダ,1800,晴,稍重,10:55,2018-02-18,京都,5,5,9,2015105527,グランサージュ,牡3,56,01146,岩崎翼,1:56.3,1.3/4,4-6-8-8,39.1,12.4,5,470(0),01091,[西]羽月友彦,763004,宮本貞雄,50.0,"15(10,11)(1,9,13)(7,14)3,12(5,4)(2,8)6",4,3,0.0,False,"15,10,11(1,13)9(3,7,14)-12-5(2,4,8)-6",6,1,3.0,False,"15,10-1(11,6)(13,14)(7,9,12)3(5,4)(2,8)",8,3,5.0,False,"15-(10,6)(13,14)(1,12)9-5(11,2,4)7(3,8)",8,1,3.5,False,6,
201808020803,3,3歳未勝利,ダ,1800,晴,稍重,10:55,2018-02-18,京都,6,8,14,2015103226,オウケンキング,牡3,56,05212,Ｍ．デム,1:56.4,1/2,7-7-6-4,39.5,3.3,2,496(-16),00438,[西]安田隆行,731006,福井明,,"15(10,11)(1,9,13)(7,14)3,12(5,4)(2,8)6",7,2,0.0,False,"15,10,11(1,13)9(3,7,14)-12-5(2,4,8)-6",7,3,3.0,False,"15,10-1(11,6)(13,14)(7,9,12)3(5,4)(2,8)",6,2,5.0,False,"15-(10,6)(13,14)(1,12)9-5(11,2,4)7(3,8)",4,2,3.5,False,6,
201808020803,3,3歳未勝利,ダ,1800,晴,稍重,10:55,2018-02-18,京都,7,3,5,2015102325,シゲルワサビ,牡3,55,01152,小崎綾也,1:56.7,1.3/4,11-11-12-9,39.1,275.0,11,552(-8),00431,[西]谷潔,674004,森中蕃,,"15(10,11)(1,9,13)(7,14)3,12(5,4)(2,8)6",11,2,1.5,False,"15,10,11(1,13)9(3,7,14)-12-5(2,4,8)-6",11,1,10.0,False,"15,10-1(11,6)(13,14)(7,9,12)3(5,4)(2,8)",12,2,5.0,False,"15-(10,6)(13,14)(1,12)9-5(11,2,4)7(3,8)",9,1,7.0,False,6,
201808020803,3,3歳未勝利,ダ,1800,晴,稍重,10:55,2018-02-18,京都,8,2,2,2015101539,カイトチャン,牡3,56,01141,中井裕二,1:56.8,1/2,13-12-14-10,38.9,212.8,10,458(+4),01089,[東]武市康男,816008,本田恒雄,,"15(10,11)(1,9,13)(7,14)3,12(5,4)(2,8)6",13,2,1.5,False,"15,10,11(1,13)9(3,7,14)-12-5(2,4,8)-6",12,3,10.0,False,"15,10-1(11,6)(13,14)(7,9,12)3(5,4)(2,8)",14,2,5.0,False,"15-(10,6)(13,14)(1,12)9-5(11,2,4)7(3,8)",10,3,7.0,False,6,
201808020803,3,3歳未勝利,ダ,1800,晴,稍重,10:55,2018-02-18,京都,9,3,4,2015104394,パワフルヴォイス,牡3,55,01160,荻野極,1:57.7,5,11-12-12-10,39.9,17.9,6,496(-30),01101,[西]吉田直弘,415800,社台レースホース,,"15(10,11)(1,9,13)(7,14)3,12(5,4)(2,8)6",11,2,1.5,False,"15,10,11(1,13)9(3,7,14)-12-5(2,4,8)-6",12,3,10.0,False,"15,10-1(11,6)(13,14)(7,9,12)3(5,4)(2,8)",12,2,5.0,False,"15-(10,6)(13,14)(1,12)9-5(11,2,4)7(3,8)",10,3,7.0,False,6,
201808020803,3,3歳未勝利,ダ,1800,晴,稍重,10:55,2018-02-18,京都,10,6,10,2015103117,キクノゼファー,牡3,56,01085,松岡正海,1:57.9,1.1/4,2-2-2-2,41.7,285.8,12,444(-6),01078,[西]北出成人,372002,菊池五郎,,"15(10,11)(1,9,13)(7,14)3,12(5,4)(2,8)6",2,2,0.0,False,"15,10,11(1,13)9(3,7,14)-12-5(2,4,8)-6",2,1,1.5,False,"15,10-1(11,6)(13,14)(7,9,12)3(5,4)(2,8)",2,1,1.5,False,"15-(10,6)(13,14)(1,12)9-5(11,2,4)7(3,8)",2,2,3.5,False,6,
201808020803,3,3歳未勝利,ダ,1800,晴,稍重,10:55,2018-02-18,京都,11,1,1,2015102433,エリーエスパー,牝3,54,01030,松田大作,1:58.4,3,4-4-3-6,41.7,177.6,9,468(-2),01056,[東]本間忍,012033,谷川正純,,"15(10,11)(1,9,13)(7,14)3,12(5,4)(2,8)6",4,3,0.0,False,"15,10,11(1,13)9(3,7,14)-12-5(2,4,8)-6",4,2,3.0,False,"15,10-1(11,6)(13,14)(7,9,12)3(5,4)(2,8)",3,1,5.0,False,"15-(10,6)(13,14)(1,12)9-5(11,2,4)7(3,8)",6,2,3.5,False,6,
201808020803,3,3歳未勝利,ダ,1800,晴,稍重,10:55,2018-02-18,京都,12,5,8,2015102610,インペリオーソ,牝3,54,01125,国分優作,1:58.8,2.1/2,13-12-14-14,40.7,313.0,14,468(-4),01100,[東]松山将樹,265005,吉岡泰治,,"15(10,11)(1,9,13)(7,14)3,12(5,4)(2,8)6",13,2,1.5,False,"15,10,11(1,13)9(3,7,14)-12-5(2,4,8)-6",12,3,10.0,False,"15,10-1(11,6)(13,14)(7,9,12)3(5,4)(2,8)",14,2,5.0,False,"15-(10,6)(13,14)(1,12)9-5(11,2,4)7(3,8)",14,2,7.0,False,6,
201808020803,3,3歳未勝利,ダ,1800,晴,稍重,10:55,2018-02-18,京都,13,2,3,2015104232,カヴァロディーオ,牡3,53,01168,富田暁,2:00.7,大,9-7-11-14,43.3,18.3,7,486(-2),01105,[西]須貝尚介,098803,Ｇリビエール・レーシ...,,"15(10,11)(1,9,13)(7,14)3,12(5,4)(2,8)6",9,1,0.0,False,"15,10,11(1,13)9(3,7,14)-12-5(2,4,8)-6",7,3,3.0,False,"15,10-1(11,6)(13,14)(7,9,12)3(5,4)(2,8)",11,1,5.0,False,"15-(10,6)(13,14)(1,12)9-5(11,2,4)7(3,8)",14,2,7.0,False,6,
201808020803,3,3歳未勝利,ダ,1800,晴,稍重,10:55,2018-02-18,京都,14,4,7,2015100503,タガノデジェーロ,牡3,56,01127,丸山元気,2:02.1,8,7-7-8-13,44.8,99.2,8,474(-4),01003,[西]川村禎彦,859002,八木良司,,"15(10,11)(1,9,13)(7,14)3,12(5,4)(2,8)6",7,2,0.0,False,"15,10,11(1,13)9(3,7,14)-12-5(2,4,8)-6",7,3,3.0,False,"15,10-1(11,6)(13,14)(7,9,12)3(5,4)(2,8)",8,3,5.0,False,"15-(10,6)(13,14)(1,12)9-5(11,2,4)7(3,8)",13,1,7.0,False,6,
201808020803,3,3歳未勝利,ダ,1800,晴,稍重,10:55,2018-02-18,京都,15,6,11,2015103964,クリノエリザベッタ,牝3,54,01034,酒井学,2:02.1,クビ,2-3-4-10,45.1,607.2,15,490(-4),01090,[東]天間昭一,970006,栗本博晴,,"15(10,11)(1,9,13)(7,14)3,12(5,4)(2,8)6",2,2,0.0,False,"15,10,11(1,13)9(3,7,14)-12-5(2,4,8)-6",3,1,3.0,False,"15,10-1(11,6)(13,14)(7,9,12)3(5,4)(2,8)",4,2,5.0,False,"15-(10,6)(13,14)(1,12)9-5(11,2,4)7(3,8)",10,3,7.0,False,6,
201808020804,4,障害4歳以上OP,芝,3170,晴,良,11:25,2018-02-18,京都,1,7,11,2013105539,ヨカグラ,セ5,60,00655,林満明,3:37.5,,11-9-7-5,13.7,17.3,5,490(0),01039,[西]中竹和也,415800,社台レースホース,"1,350.0","1-9(7,10)12,4-2,13,3,6,11,8=5",11,1,14.5,False,"1-9(7,10)(4,12)(2,13)(3,6,11)8=5",9,3,3.5,False,"(*1,9)-(7,10)(2,13)(4,12,11)-8,6,3=5",7,3,3.5,False,"1,9(7,13)(2,10,11)12-4-8,6,3=5",5,3,1.5,False,,前日よりいくらか馬場は乾いたものの、連続開催の最終日で時計の掛かる馬場。
201808020804,4,障害4歳以上OP,芝,3170,晴,良,11:25,2018-02-18,京都,2,6,9,2011102236,ダンツキャンサー,牝7,60,00727,植野貴也,3:37.6,1/2,2-2-2-2,13.7,1.5,1,492(-2),00431,[西]谷潔,248005,山元哲二,540.0,"1-9(7,10)12,4-2,13,3,6,11,8=5",2,1,3.5,False,"1-9(7,10)(4,12)(2,13)(3,6,11)8=5",2,1,3.5,False,"(*1,9)-(7,10)(2,13)(4,12,11)-8,6,3=5",2,2,0.0,False,"1,9(7,13)(2,10,11)12-4-8,6,3=5",2,1,1.5,False,,前日よりいくらか馬場は乾いたものの、連続開催の最終日で時計の掛かる馬場。
201808020804,4,障害4歳以上OP,芝,3170,晴,良,11:25,2018-02-18,京都,3,8,13,2009100957,ビットアレグロ,牡9,60,01087,上野翔,3:37.7,1/2,8-7-5-3,13.7,29.1,10,502(-2),01093,[東]松永康利,684002,礒川正明,340.0,"1-9(7,10)12,4-2,13,3,6,11,8=5",8,1,10.0,False,"1-9(7,10)(4,12)(2,13)(3,6,11)8=5",7,2,3.5,False,"(*1,9)-(7,10)(2,13)(4,12,11)-8,6,3=5",5,2,3.5,False,"1,9(7,13)(2,10,11)12-4-8,6,3=5",3,2,1.5,False,,前日よりいくらか馬場は乾いたものの、連続開催の最終日で時計の掛かる馬場。
201808020804,4,障害4歳以上OP,芝,3170,晴,良,11:25,2018-02-18,京都,4,2,2,2013104481,クリスタルキャノン,牝5,58,01066,難波剛健,3:37.7,クビ,7-7-5-5,13.7,21.0,6,472(-6),01129,[西]高橋義忠,994002,飯田正剛,200.0,"1-9(7,10)12,4-2,13,3,6,11,8=5",7,1,8.5,False,"1-9(7,10)(4,12)(2,13)(3,6,11)8=5",7,2,3.5,False,"(*1,9)-(7,10)(2,13)(4,12,11)-8,6,3=5",5,2,3.5,False,"1,9(7,13)(2,10,11)12-4-8,6,3=5",5,3,1.5,False,,前日よりいくらか馬場は乾いたものの、連続開催の最終日で時計の掛かる馬場。
201808020804,4,障害4歳以上OP,芝,3170,晴,良,11:25,2018-02-18,京都,5,4,4,2013102112,エルゼロ,牡5,60,01059,石神深一,3:38.0,1.3/4,6-5-7-9,13.8,5.1,2,498(-4),01147,[東]武井亮,445030,磯波勇,135.0,"1-9(7,10)12,4-2,13,3,6,11,8=5",6,1,5.0,False,"1-9(7,10)(4,12)(2,13)(3,6,11)8=5",5,2,3.5,False,"(*1,9)-(7,10)(2,13)(4,12,11)-8,6,3=5",7,3,3.5,False,"1,9(7,13)(2,10,11)12-4-8,6,3=5",9,1,5.0,False,,前日よりいくらか馬場は乾いたものの、連続開催の最終日で時計の掛かる馬場。
201808020804,4,障害4歳以上OP,芝,3170,晴,良,11:25,2018-02-18,京都,6,8,12,2012103591,マイネルヴォーダン,牡6,60,01008,山本康志,3:38.0,クビ,5-5-7-8,13.8,28.5,9,512(-2),01023,[東]伊藤圭三,546800,サラブレッドクラブ・...,,"1-9(7,10)12,4-2,13,3,6,11,8=5",5,1,3.5,False,"1-9(7,10)(4,12)(2,13)(3,6,11)8=5",5,2,3.5,False,"(*1,9)-(7,10)(2,13)(4,12,11)-8,6,3=5",7,3,3.5,False,"1,9(7,13)(2,10,11)12-4-8,6,3=5",8,1,1.5,False,,前日よりいくらか馬場は乾いたものの、連続開催の最終日で時計の掛かる馬場。
201808020804,4,障害4歳以上OP,芝,3170,晴,良,11:25,2018-02-18,京都,7,3,3,2011101038,エアカーディナル,牡7,60,01046,高田潤,3:38.3,2,9-9-12-12,13.8,16.3,4,496(0),01104,[西]笹田和秀,084800,ラッキーフィールド,,"1-9(7,10)12,4-2,13,3,6,11,8=5",9,1,11.5,False,"1-9(7,10)(4,12)(2,13)(3,6,11)8=5",9,3,3.5,False,"(*1,9)-(7,10)(2,13)(4,12,11)-8,6,3=5",12,1,10.0,False,"1,9(7,13)(2,10,11)12-4-8,6,3=5",12,1,11.5,False,,前日よりいくらか馬場は乾いたものの、連続開催の最終日で時計の掛かる馬場。
201808020804,4,障害4歳以上OP,芝,3170,晴,良,11:25,2018-02-18,京都,8,5,7,2014102570,モズカタクラ,牡4,59,01063,小坂忠士,3:38.4,3/4,3-3-3-3,13.8,24.9,8,470(+4),01136,[西]高橋亮,005803,キャピタル・システム,,"1-9(7,10)12,4-2,13,3,6,11,8=5",3,2,3.5,False,"1-9(7,10)(4,12)(2,13)(3,6,11)8=5",3,2,3.5,False,"(*1,9)-(7,10)(2,13)(4,12,11)-8,6,3=5",3,2,3.5,False,"1,9(7,13)(2,10,11)12-4-8,6,3=5",3,2,1.5,False,,前日よりいくらか馬場は乾いたものの、連続開催の最終日で時計の掛かる馬場。
201808020804,4,障害4歳以上OP,芝,3170,晴,良,11:25,2018-02-18,京都,9,6,8,2013104031,スプレーモゲレイロ,牡5,60,01101,中村将之,3:38.8,2,12-12-10-10,13.8,48.3,11,462(-2),01025,[西]佐藤正雄,547800,ヒダカ・ブリーダーズ...,,"1-9(7,10)12,4-2,13,3,6,11,8=5",12,1,16.0,False,"1-9(7,10)(4,12)(2,13)(3,6,11)8=5",12,1,3.5,False,"(*1,9)-(7,10)(2,13)(4,12,11)-8,6,3=5",10,1,7.0,False,"1,9(7,13)(2,10,11)12-4-8,6,3=5",10,1,8.5,False,,前日よりいくらか馬場は乾いたものの、連続開催の最終日で時計の掛かる馬場。
201808020804,4,障害4歳以上OP,芝,3170,晴,良,11:25,2018-02-18,京都,10,7,10,2011106314,ウインレーベン,牡7,60,01067,平沢健治,3:39.2,2.1/2,3-3-3-5,13.8,15.4,3,478(+6),00261,[西]中村均,494800,ウイン,,"1-9(7,10)12,4-2,13,3,6,11,8=5",3,2,3.5,False,"1-9(7,10)(4,12)(2,13)(3,6,11)8=5",3,2,3.5,False,"(*1,9)-(7,10)(2,13)(4,12,11)-8,6,3=5",3,2,3.5,False,"1,9(7,13)(2,10,11)12-4-8,6,3=5",5,3,1.5,False,,前日よりいくらか馬場は乾いたものの、連続開催の最終日で時計の掛かる馬場。
201808020804,4,障害4歳以上OP,芝,3170,晴,良,11:25,2018-02-18,京都,11,5,6,2014100967,マサノハヤテ,牡4,59,00691,北沢伸也,3:39.3,クビ,10-9-11-11,13.8,23.7,7,504(+10),00425,[西]加用正,806002,猪野毛雅人,,"1-9(7,10)12,4-2,13,3,6,11,8=5",10,1,13.0,False,"1-9(7,10)(4,12)(2,13)(3,6,11)8=5",9,3,3.5,False,"(*1,9)-(7,10)(2,13)(4,12,11)-8,6,3=5",11,1,8.5,False,"1,9(7,13)(2,10,11)12-4-8,6,3=5",11,1,10.0,False,,前日よりいくらか馬場は乾いたものの、連続開催の最終日で時計の掛かる馬場。
201808020804,4,障害4歳以上OP,芝,3170,晴,良,11:25,2018-02-18,京都,12,4,5,2010100656,グリーティングワン,牡8,60,01068,蓑島靖典,3:40.2,5,13-13-13-13,13.9,324.3,13,434(-8),01007,[東]柴田政人,959030,井上久光,,"1-9(7,10)12,4-2,13,3,6,11,8=5",13,1,22.0,False,"1-9(7,10)(4,12)(2,13)(3,6,11)8=5",13,1,9.5,False,"(*1,9)-(7,10)(2,13)(4,12,11)-8,6,3=5",13,1,16.0,False,"1,9(7,13)(2,10,11)12-4-8,6,3=5",13,1,17.5,False,,前日よりいくらか馬場は乾いたものの、連続開催の最終日で時計の掛かる馬場。
201808020804,4,障害4歳以上OP,芝,3170,晴,良,11:25,2018-02-18,京都,13,1,1,2010103151,ゴースルー,牡8,60,01120,大江原圭,3:40.7,3,1-1-1-1,13.9,191.3,12,482(+6),01012,[東]大江原哲,761800,静内白井牧場,,"1-9(7,10)12,4-2,13,3,6,11,8=5",1,1,0.0,False,"1-9(7,10)(4,12)(2,13)(3,6,11)8=5",1,1,0.0,False,"(*1,9)-(7,10)(2,13)(4,12,11)-8,6,3=5",1,2,0.0,True,"1,9(7,13)(2,10,11)12-4-8,6,3=5",1,1,0.0,False,,前日よりいくらか馬場は乾いたものの、連続開催の最終日で時計の掛かる馬場。
201808020805,5,3歳未勝利,芝,2000,晴,良,12:15,2018-02-18,京都,1,8,12,2015104868,ネプチュナイト,牡3,56,05212,Ｍ．デム,2:01.5,,13-13-13-4,35.6,3.3,2,478(+4),01061,[西]友道康夫,790005,吉田勝己,500.0,"(*7,8)11(2,3,4)9(10,13)(1,6)5-12",13,1,3.5,False,"(*7,8)11(2,3)4,9,1(10,13)(5,6)-12",13,1,6.5,False,"(*7,8,11)(2,3,4)(1,9)(10,13)5,6,12",13,1,3.0,False,"(7,*8,11)(4,12)3,13(1,9,6)5(2,10)",4,2,0.0,False,7,前日よりいくらか馬場は乾いたものの、連続開催の最終日で時計の掛かる馬場。
201808020805,5,3歳未勝利,芝,2000,晴,良,12:15,2018-02-18,京都,2,5,6,2015104643,ダブルフラット,牡3,56,05336,バルジュ,2:02.0,3,10-11-12-8,36.0,16.6,6,500(-8),01053,[西]角居勝彦,708800,金子真人ホールディン...,200.0,"(*7,8)11(2,3,4)9(10,13)(1,6)5-12",10,2,0.0,False,"(*7,8)11(2,3)4,9,1(10,13)(5,6)-12",11,2,3.0,False,"(*7,8,11)(2,3,4)(1,9)(10,13)5,6,12",12,1,1.5,False,"(7,*8,11)(4,12)3,13(1,9,6)5(2,10)",8,3,1.5,False,7,前日よりいくらか馬場は乾いたものの、連続開催の最終日で時計の掛かる馬場。
201808020805,5,3歳未勝利,芝,2000,晴,良,12:15,2018-02-18,京都,3,8,13,2015106157,ムーンレイカー,牡3,56,01032,池添謙一,2:02.1,クビ,8-9-9-7,36.3,2.3,1,472(+2),01021,[西]池添兼雄,490006,門野重雄,130.0,"(*7,8)11(2,3,4)9(10,13)(1,6)5-12",8,2,0.0,False,"(*7,8)11(2,3)4,9,1(10,13)(5,6)-12",9,2,3.0,False,"(*7,8,11)(2,3,4)(1,9)(10,13)5,6,12",9,2,0.0,False,"(7,*8,11)(4,12)3,13(1,9,6)5(2,10)",7,1,1.5,False,7,前日よりいくらか馬場は乾いたものの、連続開催の最終日で時計の掛かる馬場。
201808020805,5,3歳未勝利,芝,2000,晴,良,12:15,2018-02-18,京都,4,4,5,2015104476,サトノシリウス,牡3,56,00700,四位洋文,2:02.1,クビ,12-11-11-11,36.2,4.5,3,474(0),01055,[西]藤原英昭,075803,サトミホースカンパニ...,75.0,"(*7,8)11(2,3,4)9(10,13)(1,6)5-12",12,1,0.0,False,"(*7,8)11(2,3)4,9,1(10,13)(5,6)-12",11,2,3.0,False,"(*7,8,11)(2,3,4)(1,9)(10,13)5,6,12",11,1,0.0,False,"(7,*8,11)(4,12)3,13(1,9,6)5(2,10)",11,1,1.5,False,7,前日よりいくらか馬場は乾いたものの、連続開催の最終日で時計の掛かる馬場。
201808020805,5,3歳未勝利,芝,2000,晴,良,12:15,2018-02-18,京都,5,1,1,2015103488,シゲルシイタケ,牡3,56,01037,太宰啓介,2:02.8,4,10-8-7-8,37.2,79.3,9,462(0),00400,[西]柴田光陽,674004,森中蕃,50.0,"(*7,8)11(2,3,4)9(10,13)(1,6)5-12",10,2,0.0,False,"(*7,8)11(2,3)4,9,1(10,13)(5,6)-12",8,1,3.0,False,"(*7,8,11)(2,3,4)(1,9)(10,13)5,6,12",7,2,0.0,False,"(7,*8,11)(4,12)3,13(1,9,6)5(2,10)",8,3,1.5,False,7,前日よりいくらか馬場は乾いたものの、連続開催の最終日で時計の掛かる馬場。
201808020805,5,3歳未勝利,芝,2000,晴,良,12:15,2018-02-18,京都,6,3,3,2015101654,アフリカンゴールド,牡3,56,01034,酒井学,2:03.2,2.1/2,4-4-4-6,37.8,16.4,5,466(-2),01028,[西]西園正都,003060,Ｈ．Ｈ．シェイク・モ...,,"(*7,8)11(2,3,4)9(10,13)(1,6)5-12",4,3,0.0,False,"(*7,8)11(2,3)4,9,1(10,13)(5,6)-12",4,2,0.0,False,"(*7,8,11)(2,3,4)(1,9)(10,13)5,6,12",4,3,0.0,False,"(7,*8,11)(4,12)3,13(1,9,6)5(2,10)",6,1,0.0,False,7,前日よりいくらか馬場は乾いたものの、連続開催の最終日で時計の掛かる馬場。
201808020805,5,3歳未勝利,芝,2000,晴,良,12:15,2018-02-18,京都,7,7,10,2015104439,オテンバキッズ,牝3,51,01159,三津谷隼,2:03.6,2.1/2,8-9-9-12,37.8,354.6,13,430(+2),01009,[西]田所秀孝,775006,瀬谷隆雄,,"(*7,8)11(2,3,4)9(10,13)(1,6)5-12",8,2,0.0,False,"(*7,8)11(2,3)4,9,1(10,13)(5,6)-12",9,2,3.0,False,"(*7,8,11)(2,3,4)(1,9)(10,13)5,6,12",9,2,0.0,False,"(7,*8,11)(4,12)3,13(1,9,6)5(2,10)",12,2,1.5,False,7,前日よりいくらか馬場は乾いたものの、連続開催の最終日で時計の掛かる馬場。
201808020805,5,3歳未勝利,芝,2000,晴,良,12:15,2018-02-18,京都,8,7,11,2015103322,マイネルシクザール,牡3,56,01118,宮崎北斗,2:03.6,クビ,3-3-2-2,38.4,345.5,12,550(-6),00412,[東]高橋裕,546800,サラブレッドクラブ・...,,"(*7,8)11(2,3,4)9(10,13)(1,6)5-12",3,1,0.0,False,"(*7,8)11(2,3)4,9,1(10,13)(5,6)-12",3,1,0.0,False,"(*7,8,11)(2,3,4)(1,9)(10,13)5,6,12",2,3,0.0,False,"(7,*8,11)(4,12)3,13(1,9,6)5(2,10)",2,3,0.0,False,7,前日よりいくらか馬場は乾いたものの、連続開催の最終日で時計の掛かる馬場。
201808020805,5,3歳未勝利,芝,2000,晴,良,12:15,2018-02-18,京都,9,6,9,2015105976,アンシェンヌヴィル,牝3,51,01168,富田暁,2:04.1,3,7-7-7-8,38.5,19.9,7,450(-4),01105,[西]須貝尚介,669007,飯田良枝,,"(*7,8)11(2,3,4)9(10,13)(1,6)5-12",7,1,0.0,False,"(*7,8)11(2,3)4,9,1(10,13)(5,6)-12",7,1,1.5,False,"(*7,8,11)(2,3,4)(1,9)(10,13)5,6,12",7,2,0.0,False,"(7,*8,11)(4,12)3,13(1,9,6)5(2,10)",8,3,1.5,False,7,前日よりいくらか馬場は乾いたものの、連続開催の最終日で時計の掛かる馬場。
201808020805,5,3歳未勝利,芝,2000,晴,良,12:15,2018-02-18,京都,10,6,8,2015104386,トウシンカイザー,牡3,56,01126,松山弘平,2:04.4,2,2-2-2-1,39.3,12.7,4,504(-4),01107,[西]村山明,786800,サトー,,"(*7,8)11(2,3,4)9(10,13)(1,6)5-12",2,2,0.0,False,"(*7,8)11(2,3)4,9,1(10,13)(5,6)-12",2,2,0.0,False,"(*7,8,11)(2,3,4)(1,9)(10,13)5,6,12",2,3,0.0,False,"(7,*8,11)(4,12)3,13(1,9,6)5(2,10)",1,3,0.0,True,7,前日よりいくらか馬場は乾いたものの、連続開催の最終日で時計の掛かる馬場。
201808020805,5,3歳未勝利,芝,2000,晴,良,12:15,2018-02-18,京都,11,5,7,2015105444,ブリリアントリリー,牝3,54,01141,中井裕二,2:04.7,1.3/4,1-1-1-2,39.6,315.9,11,470(+4),00341,[東]栗田博憲,854800,ノルマンディーサラブ...,,"(*7,8)11(2,3,4)9(10,13)(1,6)5-12",1,2,0.0,True,"(*7,8)11(2,3)4,9,1(10,13)(5,6)-12",1,2,0.0,True,"(*7,8,11)(2,3,4)(1,9)(10,13)5,6,12",1,3,0.0,True,"(7,*8,11)(4,12)3,13(1,9,6)5(2,10)",2,3,0.0,False,7,前日よりいくらか馬場は乾いたものの、連続開催の最終日で時計の掛かる馬場。
201808020805,5,3歳未勝利,芝,2000,晴,良,12:15,2018-02-18,京都,12,4,4,2015100225,ウインルチル,牝3,54,01085,松岡正海,2:04.8,1/2,4-6-4-4,39.5,43.0,8,424(-2),01146,[西]奥村豊,494800,ウイン,,"(*7,8)11(2,3,4)9(10,13)(1,6)5-12",4,3,0.0,False,"(*7,8)11(2,3)4,9,1(10,13)(5,6)-12",6,1,0.0,False,"(*7,8,11)(2,3,4)(1,9)(10,13)5,6,12",4,3,0.0,False,"(7,*8,11)(4,12)3,13(1,9,6)5(2,10)",4,2,0.0,False,7,前日よりいくらか馬場は乾いたものの、連続開催の最終日で時計の掛かる馬場。
201808020805,5,3歳未勝利,芝,2000,晴,良,12:15,2018-02-18,京都,13,2,2,2015100130,ケイツーリラ,牝3,54,01127,丸山元気,2:07.7,大,4-4-4-12,42.2,209.6,10,424(-6),01026,[東]鈴木伸尋,103006,楠本勝美,,"(*7,8)11(2,3,4)9(10,13)(1,6)5-12",4,3,0.0,False,"(*7,8)11(2,3)4,9,1(10,13)(5,6)-12",4,2,0.0,False,"(*7,8,11)(2,3,4)(1,9)(10,13)5,6,12",4,3,0.0,False,"(7,*8,11)(4,12)3,13(1,9,6)5(2,10)",12,2,1.5,False,7,前日よりいくらか馬場は乾いたものの、連続開催の最終日で時計の掛かる馬場。
201808020806,6,3歳500万下,ダ,1400,晴,良,12:45,2018-02-18,京都,1,4,8,2015100198,バイラ,牡3,56,01126,松山弘平,1:25.2,,2-2,37.0,5.4,3,492(0),01003,[西]川村禎彦,330007,杉澤光雄,720.0,,,,,,,,,,,"(*7,8)(1,11)(6,14)12(10,9)3(4,13)2,16,5,15",2,2,0.0,False,"(*7,8)(1,11)6(12,14)3(10,9)(2,4)13,5,16-15",2,2,0.0,False,6,
201808020806,6,3歳500万下,ダ,1400,晴,良,12:45,2018-02-18,京都,2,6,11,2015110102,シヴァージ,牡3,56,01116,藤岡康太,1:25.2,ハナ,3-3,36.8,2.3,1,498(+2),01098,[西]野中賢二,045803,カナヤマホールディン...,290.0,,,,,,,,,,,"(*7,8)(1,11)(6,14)12(10,9)3(4,13)2,16,5,15",3,2,0.0,False,"(*7,8)(1,11)6(12,14)3(10,9)(2,4)13,5,16-15",3,2,0.0,False,6,
201808020806,6,3歳500万下,ダ,1400,晴,良,12:45,2018-02-18,京都,3,1,1,2015102824,メイショウコゴミ,牝3,54,00700,四位洋文,1:25.4,1.1/4,3-3,37.0,3.7,2,436(+2),01139,[西]飯田祐史,523005,松本好雄,180.0,,,,,,,,,,,"(*7,8)(1,11)(6,14)12(10,9)3(4,13)2,16,5,15",3,2,0.0,False,"(*7,8)(1,11)6(12,14)3(10,9)(2,4)13,5,16-15",3,2,0.0,False,6,
201808020806,6,3歳500万下,ダ,1400,晴,良,12:45,2018-02-18,京都,4,4,7,2015100672,ラフィングマッチ,牡3,56,01034,酒井学,1:26.0,3.1/2,1-1,37.9,258.6,13,490(-6),01078,[西]北出成人,788800,ノースヒルズ,110.0,,,,,,,,,,,"(*7,8)(1,11)(6,14)12(10,9)3(4,13)2,16,5,15",1,2,0.0,True,"(*7,8)(1,11)6(12,14)3(10,9)(2,4)13,5,16-15",1,2,0.0,True,6,
201808020806,6,3歳500万下,ダ,1400,晴,良,12:45,2018-02-18,京都,5,3,6,2015102046,マイウェイアムール,牝3,54,01125,国分優作,1:26.2,1.1/4,5-5,37.6,19.5,6,484(-2),01075,[西]矢作芳人,464030,田畑利彦,72.0,,,,,,,,,,,"(*7,8)(1,11)(6,14)12(10,9)3(4,13)2,16,5,15",5,2,0.0,False,"(*7,8)(1,11)6(12,14)3(10,9)(2,4)13,5,16-15",5,1,0.0,False,6,
201808020806,6,3歳500万下,ダ,1400,晴,良,12:45,2018-02-18,京都,6,1,2,2015102095,クリノイダテン,牡3,55,01152,小崎綾也,1:26.4,1.1/2,13-11,37.1,13.5,5,432(-6),00431,[西]谷潔,970006,栗本博晴,,,,,,,,,,,,"(*7,8)(1,11)(6,14)12(10,9)3(4,13)2,16,5,15",13,1,0.0,False,"(*7,8)(1,11)6(12,14)3(10,9)(2,4)13,5,16-15",11,2,0.0,False,6,
201808020806,6,3歳500万下,ダ,1400,晴,良,12:45,2018-02-18,京都,7,2,4,2015105225,ロードエース,牡3,56,01124,国分恭介,1:26.4,アタマ,11-11,37.1,51.4,10,490(+4),01149,[西]松下武士,170800,ロードホースクラブ,,,,,,,,,,,,"(*7,8)(1,11)(6,14)12(10,9)3(4,13)2,16,5,15",11,2,0.0,False,"(*7,8)(1,11)6(12,14)3(10,9)(2,4)13,5,16-15",11,2,0.0,False,6,
201808020806,6,3歳500万下,ダ,1400,晴,良,12:45,2018-02-18,京都,8,3,5,2015103941,サンシャンペーン,牡3,56,01085,松岡正海,1:26.7,1.3/4,15-14,37.0,430.2,16,464(-4),01125,[東]小野次郎,453006,加藤信之,,,,,,,,,,,,"(*7,8)(1,11)(6,14)12(10,9)3(4,13)2,16,5,15",15,1,3.0,False,"(*7,8)(1,11)6(12,14)3(10,9)(2,4)13,5,16-15",14,1,1.5,False,6,
201808020806,6,3歳500万下,ダ,1400,晴,良,12:45,2018-02-18,京都,9,2,3,2015101021,ティカル,牡3,53,01168,富田暁,1:26.7,ハナ,10-8,37.7,100.6,11,504(+4),01144,[西]池添学,045803,カナヤマホールディン...,,,,,,,,,,,,"(*7,8)(1,11)(6,14)12(10,9)3(4,13)2,16,5,15",10,1,0.0,False,"(*7,8)(1,11)6(12,14)3(10,9)(2,4)13,5,16-15",8,1,0.0,False,6,
201808020806,6,3歳500万下,ダ,1400,晴,良,12:45,2018-02-18,京都,10,6,12,2015103481,コウユーホクト,牡3,56,01127,丸山元気,1:26.8,3/4,7-6,38.0,48.2,9,504(+6),01152,[東]竹内正洋,116033,加治屋貞光,,,,,,,,,,,,"(*7,8)(1,11)(6,14)12(10,9)3(4,13)2,16,5,15",7,1,0.0,False,"(*7,8)(1,11)6(12,14)3(10,9)(2,4)13,5,16-15",6,2,0.0,False,6,
201808020806,6,3歳500万下,ダ,1400,晴,良,12:45,2018-02-18,京都,11,5,9,2015106386,エイシンデルフィー,牝3,54,05336,バルジュ,1:27.2,2.1/2,8-9,38.2,42.6,8,450(-6),01128,[西]今野貞一,785800,栄進堂,,,,,,,,,,,,"(*7,8)(1,11)(6,14)12(10,9)3(4,13)2,16,5,15",8,2,0.0,False,"(*7,8)(1,11)6(12,14)3(10,9)(2,4)13,5,16-15",9,2,0.0,False,6,
201808020806,6,3歳500万下,ダ,1400,晴,良,12:45,2018-02-18,京都,12,7,13,2015101014,ダンツチョイス,牝3,53,01160,荻野極,1:27.5,1.3/4,11-13,38.2,119.7,12,438(-12),01099,[西]本田優,248005,山元哲二,,,,,,,,,,,,"(*7,8)(1,11)(6,14)12(10,9)3(4,13)2,16,5,15",11,2,0.0,False,"(*7,8)(1,11)6(12,14)3(10,9)(2,4)13,5,16-15",13,1,0.0,False,6,
201808020806,6,3歳500万下,ダ,1400,晴,良,12:45,2018-02-18,京都,13,8,15,2015102800,ナムラバンザイ,牡3,56,01019,秋山真一,1:27.6,3/4,16-16,37.3,270.9,14,440(0),00387,[西]目野哲也,945004,奈村信重,,,,,,,,,,,,"(*7,8)(1,11)(6,14)12(10,9)3(4,13)2,16,5,15",16,1,4.5,False,"(*7,8)(1,11)6(12,14)3(10,9)(2,4)13,5,16-15",16,1,6.5,False,6,
201808020806,6,3歳500万下,ダ,1400,晴,良,12:45,2018-02-18,京都,14,5,10,2015101666,アントーニオ,牡3,56,01032,池添謙一,1:28.0,2.1/2,8-9,39.0,24.4,7,434(-14),01130,[西]吉村圭司,003060,Ｈ．Ｈ．シェイク・モ...,,,,,,,,,,,,"(*7,8)(1,11)(6,14)12(10,9)3(4,13)2,16,5,15",8,2,0.0,False,"(*7,8)(1,11)6(12,14)3(10,9)(2,4)13,5,16-15",9,2,0.0,False,6,
201808020806,6,3歳500万下,ダ,1400,晴,良,12:45,2018-02-18,京都,15,7,14,2015110002,ディライトプロミス,牝3,54,05212,Ｍ．デム,1:28.1,1/2,5-6,39.4,8.4,4,448(-4),01144,[西]池添学,486800,キャロットファーム,,,,,,,,,,,,"(*7,8)(1,11)(6,14)12(10,9)3(4,13)2,16,5,15",5,2,0.0,False,"(*7,8)(1,11)6(12,14)3(10,9)(2,4)13,5,16-15",6,2,0.0,False,6,
201808020806,6,3歳500万下,ダ,1400,晴,良,12:45,2018-02-18,京都,16,8,16,2015106302,ブルベアブロッコリ,牡3,55,01156,加藤祥太,1:28.3,1,14-15,38.6,284.1,15,478(+4),01041,[西]藤沢則雄,843800,ブルアンドベア,,,,,,,,,,,,"(*7,8)(1,11)(6,14)12(10,9)3(4,13)2,16,5,15",14,1,1.5,False,"(*7,8)(1,11)6(12,14)3(10,9)(2,4)13,5,16-15",15,1,3.0,False,6,
201808020807,7,4歳以上500万下,芝,1600,晴,良,13:15,2018-02-18,京都,1,5,7,2014103284,エイシンスレイマン,牡4,57,01126,松山弘平,1:34.9,,9-7,35.1,2.6,2,478(+4),01028,[西]西園正都,785800,栄進堂,750.0,,,,,,,,,,,"(*2,9)(10,12)(1,5,13,14)(4,7)(6,3)8,11",9,2,0.0,False,"(*2,9)(10,12)(1,14)(5,7)6(4,13,3)(8,11)",7,2,0.0,False,7,前日よりいくらか馬場は乾いたものの、連続開催の最終日で時計の掛かる馬場。
201808020807,7,4歳以上500万下,芝,1600,晴,良,13:15,2018-02-18,京都,2,6,10,2014104278,ウインシャトレーヌ,牝4,55,05212,Ｍ．デム,1:35.2,1.3/4,3-3,35.8,2.1,1,494(+6),01058,[西]大久保龍,494800,ウイン,300.0,,,,,,,,,,,"(*2,9)(10,12)(1,5,13,14)(4,7)(6,3)8,11",3,2,0.0,False,"(*2,9)(10,12)(1,14)(5,7)6(4,13,3)(8,11)",3,2,0.0,False,7,前日よりいくらか馬場は乾いたものの、連続開催の最終日で時計の掛かる馬場。
201808020807,7,4歳以上500万下,芝,1600,晴,良,13:15,2018-02-18,京都,3,8,14,2014100524,ナンヨーマーズ,牡4,57,00700,四位洋文,1:35.4,1.1/4,5-5,35.8,23.9,6,462(+14),01110,[西]清水久詞,512031,中村徳也,190.0,,,,,,,,,,,"(*2,9)(10,12)(1,5,13,14)(4,7)(6,3)8,11",5,4,0.0,False,"(*2,9)(10,12)(1,14)(5,7)6(4,13,3)(8,11)",5,2,0.0,False,7,前日よりいくらか馬場は乾いたものの、連続開催の最終日で時計の掛かる馬場。
201808020807,7,4歳以上500万下,芝,1600,晴,良,13:15,2018-02-18,京都,4,7,11,2012104775,カレンオプシス,牝6,55,01019,秋山真一,1:35.6,1.1/2,14-13,35.3,12.5,5,494(0),01082,[西]平田修,869006,鈴木隆司,110.0,,,,,,,,,,,"(*2,9)(10,12)(1,5,13,14)(4,7)(6,3)8,11",14,1,1.5,False,"(*2,9)(10,12)(1,14)(5,7)6(4,13,3)(8,11)",13,2,0.0,False,7,前日よりいくらか馬場は乾いたものの、連続開催の最終日で時計の掛かる馬場。
201808020807,7,4歳以上500万下,芝,1600,晴,良,13:15,2018-02-18,京都,5,5,8,2012103211,ドラゴンマジック,セ6,57,01130,高倉稜,1:35.9,2,13-13,35.6,35.3,7,520(+6),01136,[西]高橋亮,514008,窪田康志,75.0,,,,,,,,,,,"(*2,9)(10,12)(1,5,13,14)(4,7)(6,3)8,11",13,1,0.0,False,"(*2,9)(10,12)(1,14)(5,7)6(4,13,3)(8,11)",13,2,0.0,False,7,前日よりいくらか馬場は乾いたものの、連続開催の最終日で時計の掛かる馬場。
201808020807,7,4歳以上500万下,芝,1600,晴,良,13:15,2018-02-18,京都,6,7,12,2014106472,コパノピエール,牡4,57,01116,藤岡康太,1:36.2,1.3/4,3-3,36.8,9.0,3,484(+2),01018,[西]宮徹,966007,小林祥晃,,,,,,,,,,,,"(*2,9)(10,12)(1,5,13,14)(4,7)(6,3)8,11",3,2,0.0,False,"(*2,9)(10,12)(1,14)(5,7)6(4,13,3)(8,11)",3,2,0.0,False,7,前日よりいくらか馬場は乾いたものの、連続開催の最終日で時計の掛かる馬場。
201808020807,7,4歳以上500万下,芝,1600,晴,良,13:15,2018-02-18,京都,7,3,3,2014104738,カウントオンイット,牝4,52,01168,富田暁,1:36.4,1.1/4,11-10,36.3,10.1,4,506(-2),01117,[西]高野友和,994002,飯田正剛,,,,,,,,,,,,"(*2,9)(10,12)(1,5,13,14)(4,7)(6,3)8,11",11,2,0.0,False,"(*2,9)(10,12)(1,14)(5,7)6(4,13,3)(8,11)",10,3,0.0,False,7,前日よりいくらか馬場は乾いたものの、連続開催の最終日で時計の掛かる馬場。
201808020807,7,4歳以上500万下,芝,1600,晴,良,13:15,2018-02-18,京都,8,6,9,2013103823,メイショウシャチ,牡5,57,01146,岩崎翼,1:36.6,1.1/2,2-2,37.5,252.0,13,478(+12),01140,[西]石橋守,523005,松本好雄,,,,,,,,,,,,"(*2,9)(10,12)(1,5,13,14)(4,7)(6,3)8,11",2,2,0.0,False,"(*2,9)(10,12)(1,14)(5,7)6(4,13,3)(8,11)",2,2,0.0,False,7,前日よりいくらか馬場は乾いたものの、連続開催の最終日で時計の掛かる馬場。
201808020807,7,4歳以上500万下,芝,1600,晴,良,13:15,2018-02-18,京都,9,3,4,2013106322,グランノーブル,牡5,57,01141,中井裕二,1:36.7,クビ,9-10,36.7,153.9,11,502(+2),00429,[西]佐々木晶,372008,三宅勝俊,,,,,,,,,,,,"(*2,9)(10,12)(1,5,13,14)(4,7)(6,3)8,11",9,2,0.0,False,"(*2,9)(10,12)(1,14)(5,7)6(4,13,3)(8,11)",10,3,0.0,False,7,前日よりいくらか馬場は乾いたものの、連続開催の最終日で時計の掛かる馬場。
201808020807,7,4歳以上500万下,芝,1600,晴,良,13:15,2018-02-18,京都,10,4,5,2014110059,ソニックアロー,牡4,57,01037,太宰啓介,1:36.8,1/2,5-7,37.1,66.8,8,534(+2),01138,[西]浜田多実,550033,大野照旺,,,,,,,,,,,,"(*2,9)(10,12)(1,5,13,14)(4,7)(6,3)8,11",5,4,0.0,False,"(*2,9)(10,12)(1,14)(5,7)6(4,13,3)(8,11)",7,2,0.0,False,7,前日よりいくらか馬場は乾いたものの、連続開催の最終日で時計の掛かる馬場。
201808020807,7,4歳以上500万下,芝,1600,晴,良,13:15,2018-02-18,京都,11,1,1,2014105471,ミエノインパルス,牡4,57,05336,バルジュ,1:37.2,2.1/2,5-5,37.6,149.3,10,482(+8),01135,[西]高橋康之,414030,里見美惠子,,,,,,,,,,,,"(*2,9)(10,12)(1,5,13,14)(4,7)(6,3)8,11",5,4,0.0,False,"(*2,9)(10,12)(1,14)(5,7)6(4,13,3)(8,11)",5,2,0.0,False,7,前日よりいくらか馬場は乾いたものの、連続開催の最終日で時計の掛かる馬場。
201808020807,7,4歳以上500万下,芝,1600,晴,良,13:15,2018-02-18,京都,12,4,6,2014102134,アサケハーツ,牡4,57,00722,小林徹弥,1:37.4,1.1/4,11-9,37.4,255.0,14,468(0),01065,[西]大橋勇樹,464009,大橋堯,,,,,,,,,,,,"(*2,9)(10,12)(1,5,13,14)(4,7)(6,3)8,11",11,2,0.0,False,"(*2,9)(10,12)(1,14)(5,7)6(4,13,3)(8,11)",9,1,0.0,False,7,前日よりいくらか馬場は乾いたものの、連続開催の最終日で時計の掛かる馬場。
201808020807,7,4歳以上500万下,芝,1600,晴,良,13:15,2018-02-18,京都,13,8,13,2013106191,ロゼリーナ,牝5,54,01160,荻野極,1:37.8,2.1/2,5-10,37.9,76.4,9,456(+18),01148,[西]西村真幸,506800,シルクレーシング,,,,,,,,,,,,"(*2,9)(10,12)(1,5,13,14)(4,7)(6,3)8,11",5,4,0.0,False,"(*2,9)(10,12)(1,14)(5,7)6(4,13,3)(8,11)",10,3,0.0,False,7,前日よりいくらか馬場は乾いたものの、連続開催の最終日で時計の掛かる馬場。
201808020807,7,4歳以上500万下,芝,1600,晴,良,13:15,2018-02-18,京都,14,2,2,2013104980,オンザフロウ,牝5,55,01114,田中健,1:38.1,2,1-1,39.0,212.4,12,454(0),00396,[西]福島信晴,477006,五影慶則,,,,,,,,,,,,"(*2,9)(10,12)(1,5,13,14)(4,7)(6,3)8,11",1,2,0.0,True,"(*2,9)(10,12)(1,14)(5,7)6(4,13,3)(8,11)",1,2,0.0,True,7,前日よりいくらか馬場は乾いたものの、連続開催の最終日で時計の掛かる馬場。
201808020808,8,4歳以上500万下,ダ,1400,晴,良,13:45,2018-02-18,京都,1,5,10,2014110089,ヒップホップスワン,牝4,52,01168,富田暁,1:25.4,,4-3,38.3,26.3,9,500(+2),01022,[西]石坂正,151006,吉田和子,750.0,,,,,,,,,,,"(6,8,*15)(10,11)13(4,14)(1,16)5(2,12)9-3-7",4,2,0.0,False,"(6,*15)(10,8,11,13,14)(4,1,12)16(5,9,2)-3=7",3,5,0.0,False,6,
201808020808,8,4歳以上500万下,ダ,1400,晴,良,13:45,2018-02-18,京都,2,6,12,2014100782,カムカム,牡4,57,05429,岡田祥嗣,1:25.6,1.1/4,12-8,37.4,11.4,6,478(-2),01138,[西]浜田多実,729008,共田義夫,300.0,,,,,,,,,,,"(6,8,*15)(10,11)13(4,14)(1,16)5(2,12)9-3-7",12,2,0.0,False,"(6,*15)(10,8,11,13,14)(4,1,12)16(5,9,2)-3=7",8,3,0.0,False,6,
201808020808,8,4歳以上500万下,ダ,1400,晴,良,13:45,2018-02-18,京都,3,7,14,2014105342,ラレータ,牡4,57,05336,バルジュ,1:25.6,クビ,7-3,38.0,8.2,5,476(+12),01117,[西]高野友和,808800,Ｇ１レーシング,190.0,,,,,,,,,,,"(6,8,*15)(10,11)13(4,14)(1,16)5(2,12)9-3-7",7,2,0.0,False,"(6,*15)(10,8,11,13,14)(4,1,12)16(5,9,2)-3=7",3,5,0.0,False,6,
201808020808,8,4歳以上500万下,ダ,1400,晴,良,13:45,2018-02-18,京都,4,2,4,2014101770,ゲキリン,牡4,57,01116,藤岡康太,1:25.6,ハナ,7-8,38.1,17.8,7,474(+2),01130,[西]吉村圭司,010803,市川義美ホールディン...,110.0,,,,,,,,,,,"(6,8,*15)(10,11)13(4,14)(1,16)5(2,12)9-3-7",7,2,0.0,False,"(6,*15)(10,8,11,13,14)(4,1,12)16(5,9,2)-3=7",8,3,0.0,False,6,
201808020808,8,4歳以上500万下,ダ,1400,晴,良,13:45,2018-02-18,京都,5,1,1,2014103603,サンライズカラマ,牡4,56,01155,義英真,1:26.0,2.1/2,9-8,38.3,35.4,11,492(0),00365,[西]崎山博樹,306008,松岡隆雄,75.0,,,,,,,,,,,"(6,8,*15)(10,11)13(4,14)(1,16)5(2,12)9-3-7",9,2,0.0,False,"(6,*15)(10,8,11,13,14)(4,1,12)16(5,9,2)-3=7",8,3,0.0,False,6,
201808020808,8,4歳以上500万下,ダ,1400,晴,良,13:45,2018-02-18,京都,6,8,15,2014110029,マラードザレコード,牡4,57,01126,松山弘平,1:26.0,クビ,1-1,39.0,2.7,1,476(-2),01111,[西]鈴木孝志,851009,岡田牧雄,,,,,,,,,,,,"(6,8,*15)(10,11)13(4,14)(1,16)5(2,12)9-3-7",1,3,0.0,True,"(6,*15)(10,8,11,13,14)(4,1,12)16(5,9,2)-3=7",1,2,0.0,True,6,
201808020808,8,4歳以上500万下,ダ,1400,晴,良,13:45,2018-02-18,京都,7,8,16,2013110021,キングライオン,牡5,57,01127,丸山元気,1:26.4,2.1/2,9-11,38.5,5.5,2,496(-6),01157,[西]杉山晴紀,542800,ライオンレースホース,,,,,,,,,,,,"(6,8,*15)(10,11)13(4,14)(1,16)5(2,12)9-3-7",9,2,0.0,False,"(6,*15)(10,8,11,13,14)(4,1,12)16(5,9,2)-3=7",11,1,0.0,False,6,
201808020808,8,4歳以上500万下,ダ,1400,晴,良,13:45,2018-02-18,京都,8,6,11,2013110086,トッコディルーチェ,セ5,56,01156,加藤祥太,1:26.9,3,4-3,39.6,200.8,15,498(-10),01039,[西]中竹和也,944030,加藤誠,,,,,,,,,,,,"(6,8,*15)(10,11)13(4,14)(1,16)5(2,12)9-3-7",4,2,0.0,False,"(6,*15)(10,8,11,13,14)(4,1,12)16(5,9,2)-3=7",3,5,0.0,False,6,
201808020808,8,4歳以上500万下,ダ,1400,晴,良,13:45,2018-02-18,京都,9,5,9,2014102683,ヤマノヒマワリ,牝4,55,01125,国分優作,1:26.9,クビ,14-12,38.6,52.4,12,478(-8),01050,[西]飯田雄三,986002,山住れい子,,,,,,,,,,,,"(6,8,*15)(10,11)13(4,14)(1,16)5(2,12)9-3-7",14,1,0.0,False,"(6,*15)(10,8,11,13,14)(4,1,12)16(5,9,2)-3=7",12,3,0.0,False,6,
201808020808,8,4歳以上500万下,ダ,1400,晴,良,13:45,2018-02-18,京都,10,3,6,2014100951,キーネットワーク,牡4,57,01032,池添謙一,1:27.4,3,2-2,40.5,25.8,8,498(+2),00387,[西]目野哲也,338008,北前孔一郎,,,,,,,,,,,,"(6,8,*15)(10,11)13(4,14)(1,16)5(2,12)9-3-7",2,3,0.0,False,"(6,*15)(10,8,11,13,14)(4,1,12)16(5,9,2)-3=7",2,2,0.0,False,6,
201808020808,8,4歳以上500万下,ダ,1400,晴,良,13:45,2018-02-18,京都,11,1,2,2014101899,エスプリゾーン,牡4,57,01085,松岡正海,1:27.6,1.1/4,12-12,39.4,35.0,10,462(+18),01065,[西]大橋勇樹,870004,村上稔,,,,,,,,,,,,"(6,8,*15)(10,11)13(4,14)(1,16)5(2,12)9-3-7",12,2,0.0,False,"(6,*15)(10,8,11,13,14)(4,1,12)16(5,9,2)-3=7",12,3,0.0,False,6,
201808020808,8,4歳以上500万下,ダ,1400,晴,良,13:45,2018-02-18,京都,12,3,5,2014102563,モズフレミントン,牡4,57,01034,酒井学,1:27.6,アタマ,11-12,39.6,149.2,14,452(+1),01142,[西]森田直行,005803,キャピタル・システム,,,,,,,,,,,,"(6,8,*15)(10,11)13(4,14)(1,16)5(2,12)9-3-7",11,1,0.0,False,"(6,*15)(10,8,11,13,14)(4,1,12)16(5,9,2)-3=7",12,3,0.0,False,6,
201808020808,8,4歳以上500万下,ダ,1400,晴,良,13:45,2018-02-18,京都,13,7,13,2013105192,アドマイヤムテキ,牡5,56,01160,荻野極,1:27.6,アタマ,6-3,40.1,7.3,3,510(-2),01069,[西]中尾秀正,398002,近藤利一,,,,,,,,,,,,"(6,8,*15)(10,11)13(4,14)(1,16)5(2,12)9-3-7",6,1,0.0,False,"(6,*15)(10,8,11,13,14)(4,1,12)16(5,9,2)-3=7",3,5,0.0,False,6,
201808020808,8,4歳以上500万下,ダ,1400,晴,良,13:45,2018-02-18,京都,14,2,3,2014104930,アイファーショコラ,牝4,52,01159,三津谷隼,1:28.1,3,15-15,39.4,367.9,16,420(-4),01006,[西]作田誠二,119007,中島稔,,,,,,,,,,,,"(6,8,*15)(10,11)13(4,14)(1,16)5(2,12)9-3-7",15,1,3.5,False,"(6,*15)(10,8,11,13,14)(4,1,12)16(5,9,2)-3=7",15,1,3.5,False,6,
201808020808,8,4歳以上500万下,ダ,1400,晴,良,13:45,2018-02-18,京都,15,4,7,2014110114,ナインオクロック,牡4,57,01030,松田大作,1:29.1,6,16-16,39.6,7.9,4,538(-11),01062,[西]藤岡健一,051803,ＫＴレーシング,,,,,,,,,,,,"(6,8,*15)(10,11)13(4,14)(1,16)5(2,12)9-3-7",16,1,7.0,False,"(6,*15)(10,8,11,13,14)(4,1,12)16(5,9,2)-3=7",16,1,9.5,False,6,
201808020808,8,4歳以上500万下,ダ,1400,晴,良,13:45,2018-02-18,京都,16,4,8,2013100689,ウメマツサクラ,牝5,55,01124,国分恭介,1:29.2,3/4,2-3,42.2,118.9,13,480(+4),01142,[西]森田直行,258006,木村信彦,,,,,,,,,,,,"(6,8,*15)(10,11)13(4,14)(1,16)5(2,12)9-3-7",2,3,0.0,False,"(6,*15)(10,8,11,13,14)(4,1,12)16(5,9,2)-3=7",3,5,0.0,False,6,
201808020809,9,春日特別(2勝),芝,1800,晴,良,14:15,2018-02-18,京都,1,5,6,2013104643,ストンライティング,牡5,57,01126,松山弘平,1:48.5,,11-11,35.3,7.8,4,446(+6),01003,[西]川村禎彦,752006,石川博,"1,526.6",,,,,,,,,,,"3,12,11(4,8,10)(9,1,5)2,6,7",11,1,4.5,False,"(*3,11)12-(4,8,10)(9,1,5)2,6,7",11,1,5.0,False,7,前日よりいくらか馬場は乾いたものの、連続開催の最終日で時計の掛かる馬場。
201808020809,9,春日特別(2勝),芝,1800,晴,良,14:15,2018-02-18,京都,2,6,8,2014103864,プリンセスルーラー,牝4,54,05212,Ｍ．デム,1:48.6,1/2,4-4,35.9,2.9,1,484(+6),01135,[西]高橋康之,071803,大森悌次,607.6,,,,,,,,,,,"3,12,11(4,8,10)(9,1,5)2,6,7",4,3,3.0,False,"(*3,11)12-(4,8,10)(9,1,5)2,6,7",4,3,3.5,False,7,前日よりいくらか馬場は乾いたものの、連続開催の最終日で時計の掛かる馬場。
201808020809,9,春日特別(2勝),芝,1800,晴,良,14:15,2018-02-18,京都,3,5,5,2014103577,メイショウテンシャ,牡4,56,01032,池添謙一,1:48.6,クビ,7-7,35.7,5.2,3,470(+6),01021,[西]池添兼雄,523005,松本好雄,383.8,,,,,,,,,,,"3,12,11(4,8,10)(9,1,5)2,6,7",7,3,3.0,False,"(*3,11)12-(4,8,10)(9,1,5)2,6,7",7,3,3.5,False,7,前日よりいくらか馬場は乾いたものの、連続開催の最終日で時計の掛かる馬場。
201808020809,9,春日特別(2勝),芝,1800,晴,良,14:15,2018-02-18,京都,4,6,7,2012105498,メイショウミツボシ,牡6,57,00700,四位洋文,1:48.6,アタマ,12-12,35.2,11.1,5,484(-4),01099,[西]本田優,523005,松本好雄,230.0,,,,,,,,,,,"3,12,11(4,8,10)(9,1,5)2,6,7",12,1,6.0,False,"(*3,11)12-(4,8,10)(9,1,5)2,6,7",12,1,6.5,False,7,前日よりいくらか馬場は乾いたものの、連続開催の最終日で時計の掛かる馬場。
201808020809,9,春日特別(2勝),芝,1800,晴,良,14:15,2018-02-18,京都,5,3,3,2014100595,ミスディレクション,セ4,56,01037,太宰啓介,1:48.7,1/2,1-1,36.4,2.9,2,492(-2),00379,[西]加藤敬二,788800,ノースヒルズ,150.0,,,,,,,,,,,"3,12,11(4,8,10)(9,1,5)2,6,7",1,1,0.0,False,"(*3,11)12-(4,8,10)(9,1,5)2,6,7",1,2,0.0,True,7,前日よりいくらか馬場は乾いたものの、連続開催の最終日で時計の掛かる馬場。
201808020809,9,春日特別(2勝),芝,1800,晴,良,14:15,2018-02-18,京都,6,8,11,2011104148,アグネスミニッツ,牡7,57,01124,国分恭介,1:48.9,1.1/2,3-2,36.5,292.9,12,506(-6),01072,[西]河内洋,710033,上山牧,,,,,,,,,,,,"3,12,11(4,8,10)(9,1,5)2,6,7",3,1,3.0,False,"(*3,11)12-(4,8,10)(9,1,5)2,6,7",2,2,0.0,False,7,前日よりいくらか馬場は乾いたものの、連続開催の最終日で時計の掛かる馬場。
201808020809,9,春日特別(2勝),芝,1800,晴,良,14:15,2018-02-18,京都,7,8,12,2012105115,ティーエスクライ,牝6,55,01146,岩崎翼,1:49.1,1.1/4,2-3,36.7,18.9,6,468(-4),00397,[西]岩元市三,464030,田畑利彦,,,,,,,,,,,,"3,12,11(4,8,10)(9,1,5)2,6,7",2,1,1.5,False,"(*3,11)12-(4,8,10)(9,1,5)2,6,7",3,1,0.0,False,7,前日よりいくらか馬場は乾いたものの、連続開催の最終日で時計の掛かる馬場。
201808020809,9,春日特別(2勝),芝,1800,晴,良,14:15,2018-02-18,京都,8,1,1,2010104111,トルストイ,牡8,57,01085,松岡正海,1:49.3,1.1/4,7-7,36.4,61.2,9,506(+4),01002,[西]音無秀孝,372006,近藤英子,,,,,,,,,,,,"3,12,11(4,8,10)(9,1,5)2,6,7",7,3,3.0,False,"(*3,11)12-(4,8,10)(9,1,5)2,6,7",7,3,3.5,False,7,前日よりいくらか馬場は乾いたものの、連続開催の最終日で時計の掛かる馬場。
201808020809,9,春日特別(2勝),芝,1800,晴,良,14:15,2018-02-18,京都,9,2,2,2011104612,ラディウス,牡7,57,01160,荻野極,1:49.4,クビ,10-10,36.2,20.5,7,472(+2),01117,[西]高野友和,463800,名古屋友豊,,,,,,,,,,,,"3,12,11(4,8,10)(9,1,5)2,6,7",10,1,3.0,False,"(*3,11)12-(4,8,10)(9,1,5)2,6,7",10,1,3.5,False,7,前日よりいくらか馬場は乾いたものの、連続開催の最終日で時計の掛かる馬場。
201808020809,9,春日特別(2勝),芝,1800,晴,良,14:15,2018-02-18,京都,10,7,10,2014103208,バルベーラ,牝4,54,01019,秋山真一,1:49.6,1.1/4,4-4,36.9,45.1,8,424(0),01155,[西]渡辺薫彦,045803,カナヤマホールディン...,,,,,,,,,,,,"3,12,11(4,8,10)(9,1,5)2,6,7",4,3,3.0,False,"(*3,11)12-(4,8,10)(9,1,5)2,6,7",4,3,3.5,False,7,前日よりいくらか馬場は乾いたものの、連続開催の最終日で時計の掛かる馬場。
201808020809,9,春日特別(2勝),芝,1800,晴,良,14:15,2018-02-18,京都,11,7,9,2013104336,トライブキング,牡5,57,05336,バルジュ,1:49.7,3/4,7-7,36.8,64.7,10,462(+18),01039,[西]中竹和也,948006,前田幸治,,,,,,,,,,,,"3,12,11(4,8,10)(9,1,5)2,6,7",7,3,3.0,False,"(*3,11)12-(4,8,10)(9,1,5)2,6,7",7,3,3.5,False,7,前日よりいくらか馬場は乾いたものの、連続開催の最終日で時計の掛かる馬場。
201808020809,9,春日特別(2勝),芝,1800,晴,良,14:15,2018-02-18,京都,12,4,4,2010105786,アドマイヤツヨシ,牡8,57,01116,藤岡康太,1:50.6,5,4-4,37.9,183.5,11,484(0),01084,[西]梅田智之,398002,近藤利一,,,,,,,,,,,,"3,12,11(4,8,10)(9,1,5)2,6,7",4,3,3.0,False,"(*3,11)12-(4,8,10)(9,1,5)2,6,7",4,3,3.5,False,7,前日よりいくらか馬場は乾いたものの、連続開催の最終日で時計の掛かる馬場。
201808020810,10,斑鳩S(3勝),芝,1400,晴,良,14:50,2018-02-18,京都,1,7,7,2014102625,ダイメイフジ,牡4,57,01126,松山弘平,1:22.0,,2-1,34.4,4.5,3,518(+4),01142,[西]森田直行,177033,宮本昇,"1,839.6",,,,,,,,,,,"2(3,7)5,1,8-6   4",2,2,0.0,False,"(2,3,*7)5-(1,8)-6   4",1,3,0.0,True,7,前日よりいくらか馬場は乾いたものの、連続開催の最終日で時計の掛かる馬場。
201808020810,10,斑鳩S(3勝),芝,1400,晴,良,14:50,2018-02-18,京都,2,8,8,2013105677,ロライマ,セ5,57,05212,Ｍ．デム,1:22.5,3,6-5,34.2,1.9,1,454(+2),01011,[西]松田国英,415800,社台レースホース,735.6,,,,,,,,,,,"2(3,7)5,1,8-6   4",6,1,3.0,False,"(2,3,*7)5-(1,8)-6   4",5,2,3.5,False,7,前日よりいくらか馬場は乾いたものの、連続開催の最終日で時計の掛かる馬場。
201808020810,10,斑鳩S(3勝),芝,1400,晴,良,14:50,2018-02-18,京都,3,5,5,2014100687,エントリーチケット,牝4,55,05336,バルジュ,1:22.5,ハナ,4-4,34.7,8.2,4,454(+4),01018,[西]宮徹,546800,サラブレッドクラブ・...,462.8,,,,,,,,,,,"2(3,7)5,1,8-6   4",4,1,0.0,False,"(2,3,*7)5-(1,8)-6   4",4,1,0.0,False,7,前日よりいくらか馬場は乾いたものの、連続開催の最終日で時計の掛かる馬場。
201808020810,10,斑鳩S(3勝),芝,1400,晴,良,14:50,2018-02-18,京都,4,3,3,2013100569,ドーヴァー,牡5,57,01032,池添謙一,1:23.2,4,2-2,35.6,3.4,2,506(+6),01023,[東]伊藤圭三,003060,Ｈ．Ｈ．シェイク・モ...,270.0,,,,,,,,,,,"2(3,7)5,1,8-6   4",2,2,0.0,False,"(2,3,*7)5-(1,8)-6   4",2,3,0.0,False,7,前日よりいくらか馬場は乾いたものの、連続開催の最終日で時計の掛かる馬場。
201808020810,10,斑鳩S(3勝),芝,1400,晴,良,14:50,2018-02-18,京都,5,2,2,2013104026,ラズールリッキー,牝5,55,01030,松田大作,1:23.4,1.1/4,1-2,35.8,15.5,5,458(-6),01147,[東]武井亮,851009,岡田牧雄,182.0,,,,,,,,,,,"2(3,7)5,1,8-6   4",1,1,0.0,False,"(2,3,*7)5-(1,8)-6   4",2,3,0.0,False,7,前日よりいくらか馬場は乾いたものの、連続開催の最終日で時計の掛かる馬場。
201808020810,10,斑鳩S(3勝),芝,1400,晴,良,14:50,2018-02-18,京都,6,1,1,2012101006,ペガサスボス,牡6,57,01085,松岡正海,1:23.6,1.1/2,5-5,35.4,20.7,6,528(+4),01075,[西]矢作芳人,261800,天羽牧場,,,,,,,,,,,,"2(3,7)5,1,8-6   4",5,1,1.5,False,"(2,3,*7)5-(1,8)-6   4",5,2,3.5,False,7,前日よりいくらか馬場は乾いたものの、連続開催の最終日で時計の掛かる馬場。
201808020810,10,斑鳩S(3勝),芝,1400,晴,良,14:50,2018-02-18,京都,7,6,6,2010200007,サンマルホーム,牡8,57,01099,鮫島良太,1:23.9,1.3/4,7-7,35.1,121.8,7,448(0),00388,[西]山内研二,580007,相馬勇,,,,,,,,,,,,"2(3,7)5,1,8-6   4",7,1,6.5,False,"(2,3,*7)5-(1,8)-6   4",7,1,7.0,False,7,前日よりいくらか馬場は乾いたものの、連続開催の最終日で時計の掛かる馬場。
201808020810,10,斑鳩S(3勝),芝,1400,晴,良,14:50,2018-02-18,京都,取,4,4,2014106097,パルティトゥーラ,牝4,55,01127,丸山元気,,,,,---,,計不,01114,[東]和田正一,486800,キャロットファーム,,,,,,,,,,,,"2(3,7)5,1,8-6   4",8,1,12.5,False,"(2,3,*7)5-(1,8)-6   4",8,1,13.0,False,7,前日よりいくらか馬場は乾いたものの、連続開催の最終日で時計の掛かる馬場。
201808020811,11,大和S(OP),ダ,1200,晴,良,15:30,2018-02-18,京都,1,5,8,2011110074,ナンチンノン,牡7,56,01124,国分恭介,1:10.8,,1-1,36.2,22.8,9,540(+2),01039,[西]中竹和也,944030,加藤誠,"2,232.2",,,,,,,,,,,"8(10,14)15(1,3,4)(6,12)(7,13)(11,9)2,5",1,1,0.0,False,"8(10,14)1(3,4,15)(11,7,12)(6,13)9,2,5",1,1,0.0,False,6,
201808020811,11,大和S(OP),ダ,1200,晴,良,15:30,2018-02-18,京都,2,8,14,2013104699,コウエイエンブレム,牡5,57.5,01126,松山弘平,1:11.1,1.3/4,2-2,36.3,1.9,1,536(0),00388,[西]山内研二,495005,伊東政清,889.2,,,,,,,,,,,"8(10,14)15(1,3,4)(6,12)(7,13)(11,9)2,5",2,2,0.0,False,"8(10,14)1(3,4,15)(11,7,12)(6,13)9,2,5",2,2,0.0,False,6,
201808020811,11,大和S(OP),ダ,1200,晴,良,15:30,2018-02-18,京都,3,6,11,2011100405,ラテンロック,牡7,55,01116,藤岡康太,1:11.3,1.1/4,12-8,35.9,15.1,4,500(-10),01101,[西]吉田直弘,708800,金子真人ホールディン...,554.6,,,,,,,,,,,"8(10,14)15(1,3,4)(6,12)(7,13)(11,9)2,5",12,2,0.0,False,"8(10,14)1(3,4,15)(11,7,12)(6,13)9,2,5",8,3,0.0,False,6,
201808020811,11,大和S(OP),ダ,1200,晴,良,15:30,2018-02-18,京都,4,6,10,2013104088,サイタスリーレッド,牡5,57,01030,松田大作,1:11.4,3/4,2-2,36.7,11.5,3,478(-2),01025,[西]佐藤正雄,537006,西村憲人,330.0,,,,,,,,,,,"8(10,14)15(1,3,4)(6,12)(7,13)(11,9)2,5",2,2,0.0,False,"8(10,14)1(3,4,15)(11,7,12)(6,13)9,2,5",2,2,0.0,False,6,
201808020811,11,大和S(OP),ダ,1200,晴,良,15:30,2018-02-18,京都,5,2,2,2010104680,ヒラボクプリンス,牡8,53,01037,太宰啓介,1:11.5,3/4,14-14,35.7,269.5,15,506(+4),00379,[西]加藤敬二,984800,平田牧場,220.0,,,,,,,,,,,"8(10,14)15(1,3,4)(6,12)(7,13)(11,9)2,5",14,1,0.0,False,"8(10,14)1(3,4,15)(11,7,12)(6,13)9,2,5",14,1,1.5,False,6,
201808020811,11,大和S(OP),ダ,1200,晴,良,15:30,2018-02-18,京都,6,1,1,2011102026,モンドクラッセ,牡7,57,01160,荻野極,1:11.6,クビ,5-4,36.7,20.5,7,532(0),01080,[東]清水英克,738800,サンコウ牧場,,,,,,,,,,,,"8(10,14)15(1,3,4)(6,12)(7,13)(11,9)2,5",5,3,0.0,False,"8(10,14)1(3,4,15)(11,7,12)(6,13)9,2,5",4,1,0.0,False,6,
201808020811,11,大和S(OP),ダ,1200,晴,良,15:30,2018-02-18,京都,7,5,9,2014104002,ヤマニンアンプリメ,牝4,52,01099,鮫島良太,1:11.6,クビ,12-13,35.9,4.4,2,486(+6),00261,[西]中村均,329004,土井肇,,,,,,,,,,,,"8(10,14)15(1,3,4)(6,12)(7,13)(11,9)2,5",12,2,0.0,False,"8(10,14)1(3,4,15)(11,7,12)(6,13)9,2,5",13,1,0.0,False,6,
201808020811,11,大和S(OP),ダ,1200,晴,良,15:30,2018-02-18,京都,8,3,5,2009100970,ナガラオリオン,牡9,55,00700,四位洋文,1:11.8,1.1/4,15-15,35.8,70.4,13,474(+4),01032,[西]大根田裕,024700,長良レーシングクラブ,,,,,,,,,,,,"8(10,14)15(1,3,4)(6,12)(7,13)(11,9)2,5",15,1,1.5,False,"8(10,14)1(3,4,15)(11,7,12)(6,13)9,2,5",15,1,3.0,False,6,
201808020811,11,大和S(OP),ダ,1200,晴,良,15:30,2018-02-18,京都,9,4,7,2012104108,ショコラブラン,牡6,56,05336,バルジュ,1:11.9,クビ,10-8,36.6,15.2,5,482(+12),00411,[西]浅見秀一,415800,社台レースホース,,,,,,,,,,,,"8(10,14)15(1,3,4)(6,12)(7,13)(11,9)2,5",10,2,0.0,False,"8(10,14)1(3,4,15)(11,7,12)(6,13)9,2,5",8,3,0.0,False,6,
201808020811,11,大和S(OP),ダ,1200,晴,良,15:30,2018-02-18,京都,10,3,4,2011103097,ヒカリブランデー,牡7,54,01034,酒井学,1:12.0,1/2,5-5,37.0,46.0,10,480(-12),00390,[東]池上昌弘,817800,ヒカリクラブ,,,,,,,,,,,,"8(10,14)15(1,3,4)(6,12)(7,13)(11,9)2,5",5,3,0.0,False,"8(10,14)1(3,4,15)(11,7,12)(6,13)9,2,5",5,3,0.0,False,6,
201808020811,11,大和S(OP),ダ,1200,晴,良,15:30,2018-02-18,京都,11,7,13,2010102569,ゴーインググレート,牡8,54,01146,岩崎翼,1:12.0,アタマ,10-11,36.5,47.5,11,494(0),00397,[西]岩元市三,464030,田畑利彦,,,,,,,,,,,,"8(10,14)15(1,3,4)(6,12)(7,13)(11,9)2,5",10,2,0.0,False,"8(10,14)1(3,4,15)(11,7,12)(6,13)9,2,5",11,2,0.0,False,6,
201808020811,11,大和S(OP),ダ,1200,晴,良,15:30,2018-02-18,京都,12,8,15,2014105801,メイソンジュニア,牡4,54,01032,池添謙一,1:12.7,4,4-5,37.7,16.1,6,490(-2),01155,[西]渡辺薫彦,045803,カナヤマホールディン...,,,,,,,,,,,,"8(10,14)15(1,3,4)(6,12)(7,13)(11,9)2,5",4,1,0.0,False,"8(10,14)1(3,4,15)(11,7,12)(6,13)9,2,5",5,3,0.0,False,6,
201808020811,11,大和S(OP),ダ,1200,晴,良,15:30,2018-02-18,京都,13,2,3,2012101489,ドリームドルチェ,牡6,54,01127,丸山元気,1:12.9,1.1/4,5-5,37.9,20.9,8,512(+2),01029,[東]根本康広,542800,ライオンレースホース,,,,,,,,,,,,"8(10,14)15(1,3,4)(6,12)(7,13)(11,9)2,5",5,3,0.0,False,"8(10,14)1(3,4,15)(11,7,12)(6,13)9,2,5",5,3,0.0,False,6,
201808020811,11,大和S(OP),ダ,1200,晴,良,15:30,2018-02-18,京都,14,7,12,2011101031,ペイシャモンシェリ,牡7,53,01019,秋山真一,1:13.3,2.1/2,8-8,38.1,247.8,14,482(+8),00387,[西]目野哲也,163002,北所直人,,,,,,,,,,,,"8(10,14)15(1,3,4)(6,12)(7,13)(11,9)2,5",8,2,0.0,False,"8(10,14)1(3,4,15)(11,7,12)(6,13)9,2,5",8,3,0.0,False,6,
201808020811,11,大和S(OP),ダ,1200,晴,良,15:30,2018-02-18,京都,15,4,6,2012103262,トウショウカウント,牡6,54,01085,松岡正海,1:14.4,7,8-11,39.2,57.9,12,504(+2),01024,[東]萱野浩二,078800,トウショウ産業,,,,,,,,,,,,"8(10,14)15(1,3,4)(6,12)(7,13)(11,9)2,5",8,2,0.0,False,"8(10,14)1(3,4,15)(11,7,12)(6,13)9,2,5",11,2,0.0,False,6,
201808020812,12,4歳以上1000万下,ダ,1800,晴,良,16:10,2018-02-18,京都,1,1,1,2013106446,ワンダーピルエット,牝5,54,01152,小崎綾也,1:53.8,,4-3-3-3,36.9,4.2,3,492(+2),01085,[西]小崎憲,306033,山本能行,"1,050.0","2(8,13)(1,16)-(5,10)11(6,12)14-(4,7)-(3,9)-15",4,2,0.0,False,"2,8(1,13)(5,16)(11,10)6(14,12)(4,7)(3,9)15",3,2,1.5,False,"(*2,8)(1,13)16(5,11,10)6(12,15)(3,14)7,4,9",3,2,0.0,False,"(*2,8)(1,13)10(6,11,16)(3,5,15)7(14,12,4)9",3,2,0.0,False,6,
201808020812,12,4歳以上1000万下,ダ,1800,晴,良,16:10,2018-02-18,京都,2,1,2,2013105705,トゥールエッフェル,牝5,55,01126,松山弘平,1:54.2,2.1/2,1-1-1-1,37.5,44.6,10,534(+14),00425,[西]加用正,148800,グリーンファーム,420.0,"2(8,13)(1,16)-(5,10)11(6,12)14-(4,7)-(3,9)-15",1,1,0.0,False,"2,8(1,13)(5,16)(11,10)6(14,12)(4,7)(3,9)15",1,1,0.0,False,"(*2,8)(1,13)16(5,11,10)6(12,15)(3,14)7,4,9",1,2,0.0,True,"(*2,8)(1,13)10(6,11,16)(3,5,15)7(14,12,4)9",1,2,0.0,True,6,
201808020812,12,4歳以上1000万下,ダ,1800,晴,良,16:10,2018-02-18,京都,3,2,3,2013105570,アームズレングス,牝5,55,05212,Ｍ．デム,1:54.3,1/2,14-14-12-9,36.8,3.0,1,492(0),01059,[東]加藤征弘,063803,いとはんホールディン...,260.0,"2(8,13)(1,16)-(5,10)11(6,12)14-(4,7)-(3,9)-15",14,2,10.5,False,"2,8(1,13)(5,16)(11,10)6(14,12)(4,7)(3,9)15",14,2,1.5,False,"(*2,8)(1,13)16(5,11,10)6(12,15)(3,14)7,4,9",12,2,0.0,False,"(*2,8)(1,13)10(6,11,16)(3,5,15)7(14,12,4)9",9,3,0.0,False,6,
201808020812,12,4歳以上1000万下,ダ,1800,晴,良,16:10,2018-02-18,京都,4,5,10,2014105828,バニーテール,牝4,54,05336,バルジュ,1:54.6,1.1/2,6-7-6-5,37.3,3.9,2,486(+10),01137,[西]中内田充,708800,金子真人ホールディン...,160.0,"2(8,13)(1,16)-(5,10)11(6,12)14-(4,7)-(3,9)-15",6,2,3.5,False,"2,8(1,13)(5,16)(11,10)6(14,12)(4,7)(3,9)15",7,2,1.5,False,"(*2,8)(1,13)16(5,11,10)6(12,15)(3,14)7,4,9",6,3,0.0,False,"(*2,8)(1,13)10(6,11,16)(3,5,15)7(14,12,4)9",5,1,0.0,False,6,
201808020812,12,4歳以上1000万下,ダ,1800,晴,良,16:10,2018-02-18,京都,5,4,7,2013103722,ピントゥリッキオ,牝5,55,01032,池添謙一,1:54.8,1.1/4,12-12-14-12,37.0,30.9,8,454(-6),01150,[東]池上昌和,858800,大塚亮一,52.5,"2(8,13)(1,16)-(5,10)11(6,12)14-(4,7)-(3,9)-15",12,2,7.0,False,"2,8(1,13)(5,16)(11,10)6(14,12)(4,7)(3,9)15",12,2,1.5,False,"(*2,8)(1,13)16(5,11,10)6(12,15)(3,14)7,4,9",14,1,0.0,False,"(*2,8)(1,13)10(6,11,16)(3,5,15)7(14,12,4)9",12,1,0.0,False,6,
201808020812,12,4歳以上1000万下,ダ,1800,晴,良,16:10,2018-02-18,京都,5,7,14,2011101806,エヴォリューション,牝7,55,01146,岩崎翼,1:54.8,同着,11-10-12-13,37.2,372.0,16,486(-4),01025,[西]佐藤正雄,055030,岡田隆寛,52.5,"2(8,13)(1,16)-(5,10)11(6,12)14-(4,7)-(3,9)-15",11,1,3.5,False,"2,8(1,13)(5,16)(11,10)6(14,12)(4,7)(3,9)15",10,2,1.5,False,"(*2,8)(1,13)16(5,11,10)6(12,15)(3,14)7,4,9",12,2,0.0,False,"(*2,8)(1,13)10(6,11,16)(3,5,15)7(14,12,4)9",13,3,0.0,False,6,
201808020812,12,4歳以上1000万下,ダ,1800,晴,良,16:10,2018-02-18,京都,7,8,15,2011103816,アドマイヤウイング,牝7,55,01116,藤岡康太,1:54.8,ハナ,16-16-10-9,37.2,14.0,6,494(+10),01084,[西]梅田智之,398002,近藤利一,,"2(8,13)(1,16)-(5,10)11(6,12)14-(4,7)-(3,9)-15",16,1,14.0,False,"2,8(1,13)(5,16)(11,10)6(14,12)(4,7)(3,9)15",16,1,1.5,False,"(*2,8)(1,13)16(5,11,10)6(12,15)(3,14)7,4,9",10,2,0.0,False,"(*2,8)(1,13)10(6,11,16)(3,5,15)7(14,12,4)9",9,3,0.0,False,6,
201808020812,12,4歳以上1000万下,ダ,1800,晴,良,16:10,2018-02-18,京都,8,3,6,2013103599,アルティマウェポン,牝5,52,01168,富田暁,1:54.8,ハナ,9-9-9-6,37.6,17.7,7,470(+6),01062,[西]藤岡健一,331007,幅田昌伸,,"2(8,13)(1,16)-(5,10)11(6,12)14-(4,7)-(3,9)-15",9,2,3.5,False,"2,8(1,13)(5,16)(11,10)6(14,12)(4,7)(3,9)15",9,1,1.5,False,"(*2,8)(1,13)16(5,11,10)6(12,15)(3,14)7,4,9",9,1,0.0,False,"(*2,8)(1,13)10(6,11,16)(3,5,15)7(14,12,4)9",6,3,0.0,False,6,
201808020812,12,4歳以上1000万下,ダ,1800,晴,良,16:10,2018-02-18,京都,9,6,11,2013103464,ルーレットクイーン,牝5,55,01030,松田大作,1:55.0,1.1/4,8-7-6-6,37.9,44.3,9,438(+6),01147,[東]武井亮,051803,ＫＴレーシング,,"2(8,13)(1,16)-(5,10)11(6,12)14-(4,7)-(3,9)-15",8,1,3.5,False,"2,8(1,13)(5,16)(11,10)6(14,12)(4,7)(3,9)15",7,2,1.5,False,"(*2,8)(1,13)16(5,11,10)6(12,15)(3,14)7,4,9",6,3,0.0,False,"(*2,8)(1,13)10(6,11,16)(3,5,15)7(14,12,4)9",6,3,0.0,False,6,
201808020812,12,4歳以上1000万下,ダ,1800,晴,良,16:10,2018-02-18,京都,10,2,4,2012100801,テイエムジョウネツ,牝6,55,01114,田中健,1:55.0,クビ,12-12-15-13,37.2,86.0,11,452(+18),01033,[西]木原一良,356002,竹園正繼,,"2(8,13)(1,16)-(5,10)11(6,12)14-(4,7)-(3,9)-15",12,2,7.0,False,"2,8(1,13)(5,16)(11,10)6(14,12)(4,7)(3,9)15",12,2,1.5,False,"(*2,8)(1,13)16(5,11,10)6(12,15)(3,14)7,4,9",15,1,1.5,False,"(*2,8)(1,13)10(6,11,16)(3,5,15)7(14,12,4)9",13,3,0.0,False,6,
201808020812,12,4歳以上1000万下,ダ,1800,晴,良,16:10,2018-02-18,京都,11,4,8,2014103524,メイショウグロッケ,牝4,54,01062,川島信二,1:55.3,2,2-2-2-2,38.5,13.4,5,462(0),01095,[西]荒川義之,911008,松本好隆,,"2(8,13)(1,16)-(5,10)11(6,12)14-(4,7)-(3,9)-15",2,2,0.0,False,"2,8(1,13)(5,16)(11,10)6(14,12)(4,7)(3,9)15",2,1,1.5,False,"(*2,8)(1,13)16(5,11,10)6(12,15)(3,14)7,4,9",2,2,0.0,False,"(*2,8)(1,13)10(6,11,16)(3,5,15)7(14,12,4)9",2,2,0.0,False,6,
201808020812,12,4歳以上1000万下,ダ,1800,晴,良,16:10,2018-02-18,京都,12,5,9,2013105408,スクラッタ,牝5,55,01141,中井裕二,1:55.5,1.1/4,14-14-16-16,37.5,246.2,14,424(+6),01089,[東]武市康男,758005,吉田照哉,,"2(8,13)(1,16)-(5,10)11(6,12)14-(4,7)-(3,9)-15",14,2,10.5,False,"2,8(1,13)(5,16)(11,10)6(14,12)(4,7)(3,9)15",14,2,1.5,False,"(*2,8)(1,13)16(5,11,10)6(12,15)(3,14)7,4,9",16,1,3.0,False,"(*2,8)(1,13)10(6,11,16)(3,5,15)7(14,12,4)9",16,1,0.0,False,6,
201808020812,12,4歳以上1000万下,ダ,1800,晴,良,16:10,2018-02-18,京都,13,7,13,2014104395,ショウナンナナイロ,牝4,53,01160,荻野極,1:55.6,1/2,2-3-3-3,38.7,8.3,4,438(-10),01117,[西]高野友和,331002,国本哲秀,,"2(8,13)(1,16)-(5,10)11(6,12)14-(4,7)-(3,9)-15",2,2,0.0,False,"2,8(1,13)(5,16)(11,10)6(14,12)(4,7)(3,9)15",3,2,1.5,False,"(*2,8)(1,13)16(5,11,10)6(12,15)(3,14)7,4,9",3,2,0.0,False,"(*2,8)(1,13)10(6,11,16)(3,5,15)7(14,12,4)9",3,2,0.0,False,6,
201808020812,12,4歳以上1000万下,ダ,1800,晴,良,16:10,2018-02-18,京都,14,3,5,2013104158,ハヤブサプリプリ,牝5,55,01085,松岡正海,1:56.4,5,6-5-6-9,39.2,169.9,13,460(-8),00435,[東]藤原辰雄,837008,武田修,,"2(8,13)(1,16)-(5,10)11(6,12)14-(4,7)-(3,9)-15",6,2,3.5,False,"2,8(1,13)(5,16)(11,10)6(14,12)(4,7)(3,9)15",5,2,1.5,False,"(*2,8)(1,13)16(5,11,10)6(12,15)(3,14)7,4,9",6,3,0.0,False,"(*2,8)(1,13)10(6,11,16)(3,5,15)7(14,12,4)9",9,3,0.0,False,6,
201808020812,12,4歳以上1000万下,ダ,1800,晴,良,16:10,2018-02-18,京都,15,6,12,2013106333,シゲルメジロザメ,牝5,54,01155,義英真,1:56.5,1/2,9-10-10-13,39.0,304.3,15,450(-4),01135,[西]高橋康之,674004,森中蕃,,"2(8,13)(1,16)-(5,10)11(6,12)14-(4,7)-(3,9)-15",9,2,3.5,False,"2,8(1,13)(5,16)(11,10)6(14,12)(4,7)(3,9)15",10,2,1.5,False,"(*2,8)(1,13)16(5,11,10)6(12,15)(3,14)7,4,9",10,2,0.0,False,"(*2,8)(1,13)10(6,11,16)(3,5,15)7(14,12,4)9",13,3,0.0,False,6,
201808020812,12,4歳以上1000万下,ダ,1800,晴,良,16:10,2018-02-18,京都,16,8,16,2014104248,ホノカ,牝4,54,01019,秋山真一,1:57.2,4,4-5-5-6,40.0,90.5,12,486(-4),01052,[東]菊川正達,051803,ＫＴレーシング,,"2(8,13)(1,16)-(5,10)11(6,12)14-(4,7)-(3,9)-15",4,2,0.0,False,"2,8(1,13)(5,16)(11,10)6(14,12)(4,7)(3,9)15",5,2,1.5,False,"(*2,8)(1,13)16(5,11,10)6(12,15)(3,14)7,4,9",5,1,0.0,False,"(*2,8)(1,13)10(6,11,16)(3,5,15)7(14,12,4)9",6,3,0.0,False,6,
201810010401,1,3歳未勝利,ダ,1700,晴,稍重,09:50,2018-02-18,小倉,1,8,14,2015110011,ソウルセイバー,牡3,56,01102,北村友一,1:48.0,,4-7-1-2,39.6,4.2,2,520(0),01039,[西]中竹和也,788800,ノースヒルズ,500.0,"1(3,4)(7,14)(6,8,5)-9-(11,15)-12,2-13,10",4,2,0.0,False,"1(3,4)(6,7)8,14(9,5)-(11,15)2,12-13-10",7,1,1.5,False,"(1,*14)3(6,7)(8,4)-9(5,15,2)11,13-12-10",1,2,0.0,True,"(*1,14)6,3(8,7)-(9,15,2)(4,13)5-11-(10,12)",2,2,0.0,False,0,
201810010401,1,3歳未勝利,ダ,1700,晴,稍重,09:50,2018-02-18,小倉,2,4,6,2015103538,ラドルクス,牝3,54,01115,浜中俊,1:48.2,1,6-4-4-3,39.4,11.7,7,474(-14),01042,[西]安達昭夫,482002,水上行雄,200.0,"1(3,4)(7,14)(6,8,5)-9-(11,15)-12,2-13,10",6,3,0.0,False,"1(3,4)(6,7)8,14(9,5)-(11,15)2,12-13-10",4,2,0.0,False,"(1,*14)3(6,7)(8,4)-9(5,15,2)11,13-12-10",4,2,0.0,False,"(*1,14)6,3(8,7)-(9,15,2)(4,13)5-11-(10,12)",3,1,0.0,False,0,
201810010401,1,3歳未勝利,ダ,1700,晴,稍重,09:50,2018-02-18,小倉,3,2,3,2015106183,ヤマカツケンザン,牡3,54,01165,森裕太朗,1:48.8,3.1/2,2-2-3-4,40.2,3.6,1,520(-6),01144,[西]池添学,240005,山田博康,130.0,"1(3,4)(7,14)(6,8,5)-9-(11,15)-12,2-13,10",2,2,0.0,False,"1(3,4)(6,7)8,14(9,5)-(11,15)2,12-13-10",2,2,0.0,False,"(1,*14)3(6,7)(8,4)-9(5,15,2)11,13-12-10",3,1,0.0,False,"(*1,14)6,3(8,7)-(9,15,2)(4,13)5-11-(10,12)",4,1,1.5,False,0,
201810010401,1,3歳未勝利,ダ,1700,晴,稍重,09:50,2018-02-18,小倉,4,2,2,2015102150,アリュールベルン,牡3,56,01144,菱田裕二,1:48.8,アタマ,13-12-9-7,39.2,47.2,11,480(-4),01046,[西]鮫島一歩,331030,四本昭弘,75.0,"1(3,4)(7,14)(6,8,5)-9-(11,15)-12,2-13,10",13,1,12.0,False,"1(3,4)(6,7)8,14(9,5)-(11,15)2,12-13-10",12,1,5.0,False,"(1,*14)3(6,7)(8,4)-9(5,15,2)11,13-12-10",9,3,3.5,False,"(*1,14)6,3(8,7)-(9,15,2)(4,13)5-11-(10,12)",7,3,5.0,False,0,
201810010401,1,3歳未勝利,ダ,1700,晴,稍重,09:50,2018-02-18,小倉,5,1,1,2015110031,キャットタング,牝3,54,01154,松若風馬,1:49.5,4,1-1-2-1,41.1,6.2,4,446(+2),01002,[西]音無秀孝,310007,吉田千津,50.0,"1(3,4)(7,14)(6,8,5)-9-(11,15)-12,2-13,10",1,1,0.0,False,"1(3,4)(6,7)8,14(9,5)-(11,15)2,12-13-10",1,1,0.0,False,"(1,*14)3(6,7)(8,4)-9(5,15,2)11,13-12-10",2,2,0.0,False,"(*1,14)6,3(8,7)-(9,15,2)(4,13)5-11-(10,12)",1,2,0.0,True,0,
201810010401,1,3歳未勝利,ダ,1700,晴,稍重,09:50,2018-02-18,小倉,6,7,13,2015110009,レリカリオ,牝3,54,00663,蛯名正義,1:49.7,1,14-14-13-10,39.7,33.6,8,460(+2),01075,[西]矢作芳人,788800,ノースヒルズ,,"1(3,4)(7,14)(6,8,5)-9-(11,15)-12,2-13,10",14,1,15.5,False,"1(3,4)(6,7)8,14(9,5)-(11,15)2,12-13-10",14,1,10.0,False,"(1,*14)3(6,7)(8,4)-9(5,15,2)11,13-12-10",13,1,5.0,False,"(*1,14)6,3(8,7)-(9,15,2)(4,13)5-11-(10,12)",10,2,5.0,False,0,
201810010401,1,3歳未勝利,ダ,1700,晴,稍重,09:50,2018-02-18,小倉,7,5,9,2015102945,ホクサイ,牡3,56,01117,丸田恭介,1:49.7,クビ,9-8-8-7,40.3,132.4,12,448(+6),01096,[東]粕谷昌央,759030,手嶋康雄,,"1(3,4)(7,14)(6,8,5)-9-(11,15)-12,2-13,10",9,1,3.5,False,"1(3,4)(6,7)8,14(9,5)-(11,15)2,12-13-10",8,2,1.5,False,"(1,*14)3(6,7)(8,4)-9(5,15,2)11,13-12-10",8,1,3.5,False,"(*1,14)6,3(8,7)-(9,15,2)(4,13)5-11-(10,12)",7,3,5.0,False,0,
201810010401,1,3歳未勝利,ダ,1700,晴,稍重,09:50,2018-02-18,小倉,8,8,15,2015104915,ネオシャンドマルス,牡3,56,01128,川須栄彦,1:49.8,クビ,10-10-9-7,40.2,44.8,9,502(-4),00392,[東]古賀史生,234008,小林仁幸,,"1(3,4)(7,14)(6,8,5)-9-(11,15)-12,2-13,10",10,2,7.0,False,"1(3,4)(6,7)8,14(9,5)-(11,15)2,12-13-10",10,2,5.0,False,"(1,*14)3(6,7)(8,4)-9(5,15,2)11,13-12-10",9,3,3.5,False,"(*1,14)6,3(8,7)-(9,15,2)(4,13)5-11-(10,12)",7,3,5.0,False,0,
201810010401,1,3歳未勝利,ダ,1700,晴,稍重,09:50,2018-02-18,小倉,9,5,8,2015105665,スマートギャツビー,牡3,56,01018,和田竜二,1:49.9,1/2,6-6-6-5,40.8,6.0,3,480(-8),01158,[西]寺島良,007803,大川徹,,"1(3,4)(7,14)(6,8,5)-9-(11,15)-12,2-13,10",6,3,0.0,False,"1(3,4)(6,7)8,14(9,5)-(11,15)2,12-13-10",6,1,0.0,False,"(1,*14)3(6,7)(8,4)-9(5,15,2)11,13-12-10",6,2,0.0,False,"(*1,14)6,3(8,7)-(9,15,2)(4,13)5-11-(10,12)",5,2,1.5,False,0,
201810010401,1,3歳未勝利,ダ,1700,晴,稍重,09:50,2018-02-18,小倉,10,6,10,2015109010,ザミーフォーリア,牡3,56,01142,長岡禎仁,1:51.5,10,15-15-15-14,40.3,361.3,15,500(-4),00436,[東]堀井雅広,315006,塩田清,,"1(3,4)(7,14)(6,8,5)-9-(11,15)-12,2-13,10",15,1,17.0,False,"1(3,4)(6,7)8,14(9,5)-(11,15)2,12-13-10",15,1,13.5,False,"(1,*14)3(6,7)(8,4)-9(5,15,2)11,13-12-10",15,1,12.0,False,"(*1,14)6,3(8,7)-(9,15,2)(4,13)5-11-(10,12)",14,2,12.0,False,0,
201810010401,1,3歳未勝利,ダ,1700,晴,稍重,09:50,2018-02-18,小倉,11,3,5,2015101859,サムライロード,牡3,53,01164,藤田菜七,1:52.2,4,6-8-9-12,42.7,45.0,10,470(+12),01127,[東]栗田徹,051803,ＫＴレーシング,,"1(3,4)(7,14)(6,8,5)-9-(11,15)-12,2-13,10",6,3,0.0,False,"1(3,4)(6,7)8,14(9,5)-(11,15)2,12-13-10",8,2,1.5,False,"(1,*14)3(6,7)(8,4)-9(5,15,2)11,13-12-10",9,3,3.5,False,"(*1,14)6,3(8,7)-(9,15,2)(4,13)5-11-(10,12)",12,1,5.0,False,0,
201810010401,1,3歳未勝利,ダ,1700,晴,稍重,09:50,2018-02-18,小倉,12,3,4,2015100655,ショウナンバリウス,牡3,56,01095,吉田隼人,1:52.4,1,2-2-6-10,43.3,10.1,6,494(+2),01145,[東]奥村武,331002,国本哲秀,,"1(3,4)(7,14)(6,8,5)-9-(11,15)-12,2-13,10",2,2,0.0,False,"1(3,4)(6,7)8,14(9,5)-(11,15)2,12-13-10",2,2,0.0,False,"(1,*14)3(6,7)(8,4)-9(5,15,2)11,13-12-10",6,2,0.0,False,"(*1,14)6,3(8,7)-(9,15,2)(4,13)5-11-(10,12)",10,2,5.0,False,0,
201810010401,1,3歳未勝利,ダ,1700,晴,稍重,09:50,2018-02-18,小倉,13,6,11,2015105437,ナイトメア,牡3,56,01091,丹内祐次,1:53.1,4,10-10-12-13,43.3,188.4,14,520(-4),01145,[東]奥村武,051803,ＫＴレーシング,,"1(3,4)(7,14)(6,8,5)-9-(11,15)-12,2-13,10",10,2,7.0,False,"1(3,4)(6,7)8,14(9,5)-(11,15)2,12-13-10",10,2,5.0,False,"(1,*14)3(6,7)(8,4)-9(5,15,2)11,13-12-10",12,1,3.5,False,"(*1,14)6,3(8,7)-(9,15,2)(4,13)5-11-(10,12)",13,1,8.5,False,0,
201810010401,1,3歳未勝利,ダ,1700,晴,稍重,09:50,2018-02-18,小倉,14,7,12,2015105996,スタービレ,牝3,53,01153,木幡初也,1:54.9,大,12-13-14-14,44.3,187.9,13,434(-4),01036,[東]高橋義博,677009,西森鶴,,"1(3,4)(7,14)(6,8,5)-9-(11,15)-12,2-13,10",12,1,10.5,False,"1(3,4)(6,7)8,14(9,5)-(11,15)2,12-13-10",13,1,6.5,False,"(1,*14)3(6,7)(8,4)-9(5,15,2)11,13-12-10",14,1,8.5,False,"(*1,14)6,3(8,7)-(9,15,2)(4,13)5-11-(10,12)",14,2,12.0,False,0,
201810010401,1,3歳未勝利,ダ,1700,晴,稍重,09:50,2018-02-18,小倉,中,4,7,2015100393,タカラトゥーン,牡3,56,05243,柴山雄一,,,4-4-4-5,,8.3,5,474(0),00435,[東]藤原辰雄,480007,村山義男,,"1(3,4)(7,14)(6,8,5)-9-(11,15)-12,2-13,10",4,2,0.0,False,"1(3,4)(6,7)8,14(9,5)-(11,15)2,12-13-10",4,2,0.0,False,"(1,*14)3(6,7)(8,4)-9(5,15,2)11,13-12-10",4,2,0.0,False,"(*1,14)6,3(8,7)-(9,15,2)(4,13)5-11-(10,12)",5,2,1.5,False,0,
201810010402,2,4歳以上500万下,ダ,1000,晴,稍重,10:15,2018-02-18,小倉,1,3,4,2012102200,トキワ,牝6,55,01154,松若風馬,0:58.9,,2-2,36.2,17.1,8,468(-10),01148,[西]西村真幸,464030,田畑利彦,750.0,,,,,,,,,,,"(*1,4)13(3,6,5,7)(2,10,14)-(8,12)(9,11)",2,2,0.0,False,"(*1,4)(3,13)6(2,5,7)10(8,14)12-(9,11)",2,2,0.0,False,0,
201810010402,2,4歳以上500万下,ダ,1000,晴,稍重,10:15,2018-02-18,小倉,2,3,3,2014101937,サトノレーヌ,牝4,55,01128,川須栄彦,0:59.2,2,4-3,36.2,11.2,6,430(0),01135,[西]高橋康之,075803,サトミホースカンパニ...,300.0,,,,,,,,,,,"(*1,4)13(3,6,5,7)(2,10,14)-(8,12)(9,11)",4,4,0.0,False,"(*1,4)(3,13)6(2,5,7)10(8,14)12-(9,11)",3,2,0.0,False,0,
201810010402,2,4歳以上500万下,ダ,1000,晴,稍重,10:15,2018-02-18,小倉,3,8,13,2012106437,ワンダーグロワール,牡6,56,01147,城戸義政,0:59.3,1/2,3-3,36.5,3.6,1,510(+2),01146,[西]奥村豊,184033,山本能成,190.0,,,,,,,,,,,"(*1,4)13(3,6,5,7)(2,10,14)-(8,12)(9,11)",3,1,0.0,False,"(*1,4)(3,13)6(2,5,7)10(8,14)12-(9,11)",3,2,0.0,False,0,
201810010402,2,4歳以上500万下,ダ,1000,晴,稍重,10:15,2018-02-18,小倉,4,6,10,2012102753,ブレーヴブラッド,牡6,54,01170,横山武史,0:59.3,ハナ,8-9,36.0,11.9,7,476(+6),01025,[西]佐藤正雄,894030,村上憲政,110.0,,,,,,,,,,,"(*1,4)13(3,6,5,7)(2,10,14)-(8,12)(9,11)",8,3,0.0,False,"(*1,4)(3,13)6(2,5,7)10(8,14)12-(9,11)",9,1,0.0,False,0,
201810010402,2,4歳以上500万下,ダ,1000,晴,稍重,10:15,2018-02-18,小倉,5,4,6,2014104226,ロードコメット,セ4,57,05243,柴山雄一,0:59.4,クビ,4-5,36.3,4.2,2,510(-6),01115,[東]菊沢隆徳,170800,ロードホースクラブ,75.0,,,,,,,,,,,"(*1,4)13(3,6,5,7)(2,10,14)-(8,12)(9,11)",4,4,0.0,False,"(*1,4)(3,13)6(2,5,7)10(8,14)12-(9,11)",5,1,0.0,False,0,
201810010402,2,4歳以上500万下,ダ,1000,晴,稍重,10:15,2018-02-18,小倉,6,2,2,2014103986,サンドベージュ,牝4,55,01109,黛弘人,0:59.4,アタマ,8-6,36.1,9.3,5,450(0),01143,[東]和田雄二,547800,ヒダカ・ブリーダーズ...,,,,,,,,,,,,"(*1,4)13(3,6,5,7)(2,10,14)-(8,12)(9,11)",8,3,0.0,False,"(*1,4)(3,13)6(2,5,7)10(8,14)12-(9,11)",6,3,0.0,False,0,
201810010402,2,4歳以上500万下,ダ,1000,晴,稍重,10:15,2018-02-18,小倉,7,1,1,2013100345,セレノグラフィー,セ5,57,01117,丸田恭介,0:59.5,1/2,1-1,36.8,6.2,3,498(-2),01102,[東]大竹正博,338007,村野康司,,,,,,,,,,,,"(*1,4)13(3,6,5,7)(2,10,14)-(8,12)(9,11)",1,2,0.0,True,"(*1,4)(3,13)6(2,5,7)10(8,14)12-(9,11)",1,2,0.0,True,0,
201810010402,2,4歳以上500万下,ダ,1000,晴,稍重,10:15,2018-02-18,小倉,8,5,8,2013104032,アポロリュウセイ,牡5,57,01091,丹内祐次,0:59.7,1.1/4,11-10,36.0,8.6,4,508(-2),01051,[東]岩戸孝樹,033700,アポロサラブレッドク...,,,,,,,,,,,,"(*1,4)13(3,6,5,7)(2,10,14)-(8,12)(9,11)",11,2,3.5,False,"(*1,4)(3,13)6(2,5,7)10(8,14)12-(9,11)",10,2,0.0,False,0,
201810010402,2,4歳以上500万下,ダ,1000,晴,稍重,10:15,2018-02-18,小倉,9,7,11,2014103907,メモリーフェーブル,牝4,55,01112,荻野琢真,0:59.9,1.1/4,13-13,35.9,45.1,11,450(-2),01058,[西]大久保龍,351800,シンザンクラブ,,,,,,,,,,,,"(*1,4)13(3,6,5,7)(2,10,14)-(8,12)(9,11)",13,2,3.5,False,"(*1,4)(3,13)6(2,5,7)10(8,14)12-(9,11)",13,2,3.5,False,0,
201810010402,2,4歳以上500万下,ダ,1000,晴,稍重,10:15,2018-02-18,小倉,10,7,12,2014102086,コンプレアンノ,牝4,55,01143,原田和真,1:00.1,1,11-12,36.3,322.6,14,436(+22),01005,[東]小桧山悟,238009,柴原榮,,,,,,,,,,,,"(*1,4)13(3,6,5,7)(2,10,14)-(8,12)(9,11)",11,2,3.5,False,"(*1,4)(3,13)6(2,5,7)10(8,14)12-(9,11)",12,1,0.0,False,0,
201810010402,2,4歳以上500万下,ダ,1000,晴,稍重,10:15,2018-02-18,小倉,11,4,5,2014104513,バングルバングル,牡4,56,01162,木幡巧也,1:00.1,クビ,4-6,37.1,27.5,10,500(-2),01106,[東]牧光二,759030,手嶋康雄,,,,,,,,,,,,"(*1,4)13(3,6,5,7)(2,10,14)-(8,12)(9,11)",4,4,0.0,False,"(*1,4)(3,13)6(2,5,7)10(8,14)12-(9,11)",6,3,0.0,False,0,
201810010402,2,4歳以上500万下,ダ,1000,晴,稍重,10:15,2018-02-18,小倉,12,5,7,2012104158,オールオブユー,牝6,55,01157,鮫島克駿,1:00.3,1.1/4,4-6,37.2,24.2,9,502(0),00411,[西]浅見秀一,872800,三田昌宏,,,,,,,,,,,,"(*1,4)13(3,6,5,7)(2,10,14)-(8,12)(9,11)",4,4,0.0,False,"(*1,4)(3,13)6(2,5,7)10(8,14)12-(9,11)",6,3,0.0,False,0,
201810010402,2,4歳以上500万下,ダ,1000,晴,稍重,10:15,2018-02-18,小倉,13,8,14,2012103731,アドバンスゴード,牡6,57,00894,小牧太,1:00.6,2,8-10,37.3,97.4,13,516(0),01113,[西]牧浦充徳,258030,山住勲,,,,,,,,,,,,"(*1,4)13(3,6,5,7)(2,10,14)-(8,12)(9,11)",8,3,0.0,False,"(*1,4)(3,13)6(2,5,7)10(8,14)12-(9,11)",10,2,0.0,False,0,
201810010402,2,4歳以上500万下,ダ,1000,晴,稍重,10:15,2018-02-18,小倉,14,6,9,2013101558,イチザプラチナ,牝5,52,01164,藤田菜七,1:00.8,1.1/4,13-13,36.8,55.1,12,432(+8),00379,[西]加藤敬二,610006,奈良崎孝一郎,,,,,,,,,,,,"(*1,4)13(3,6,5,7)(2,10,14)-(8,12)(9,11)",13,2,3.5,False,"(*1,4)(3,13)6(2,5,7)10(8,14)12-(9,11)",13,2,3.5,False,0,
201810010403,3,3歳未勝利,芝,2000,晴,良,10:45,2018-02-18,小倉,1,6,6,2015104975,グレートウォリアー,牡3,56,01088,川田将雅,2:02.4,,5-5-4-4,34.8,1.2,1,506(-4),01055,[西]藤原英昭,226800,サンデーレーシング,500.0,"4,8(2,9)-(1,6)(10,7)-5-3",5,2,5.0,False,"4,8(2,9)-(1,6)(10,7)-5,3",5,2,5.0,False,"(*4,8)9(2,6)(1,10,7)5-3",4,2,0.0,False,"(*4,8)9(2,6)(1,10,7)5=3",4,2,0.0,False,-4,前日と同レベルで、やや速めの時計が出る馬場。
201810010403,3,3歳未勝利,芝,2000,晴,良,10:45,2018-02-18,小倉,2,4,4,2015106181,ハイドラン,牝3,54,01115,浜中俊,2:02.4,ハナ,1-1-1-1,35.2,119.3,7,472(-8),01146,[西]奥村豊,477006,五影慶則,200.0,"4,8(2,9)-(1,6)(10,7)-5-3",1,1,0.0,False,"4,8(2,9)-(1,6)(10,7)-5,3",1,1,0.0,False,"(*4,8)9(2,6)(1,10,7)5-3",1,2,0.0,True,"(*4,8)9(2,6)(1,10,7)5=3",1,2,0.0,True,-4,前日と同レベルで、やや速めの時計が出る馬場。
201810010403,3,3歳未勝利,芝,2000,晴,良,10:45,2018-02-18,小倉,3,8,9,2015101540,トーホウアルテミス,牝3,54,01154,松若風馬,2:02.6,1.1/2,3-3-3-3,35.2,18.8,5,472(+2),00431,[西]谷潔,965800,東豊物産,130.0,"4,8(2,9)-(1,6)(10,7)-5-3",3,2,1.5,False,"4,8(2,9)-(1,6)(10,7)-5,3",3,2,1.5,False,"(*4,8)9(2,6)(1,10,7)5-3",3,1,0.0,False,"(*4,8)9(2,6)(1,10,7)5=3",3,1,0.0,False,-4,前日と同レベルで、やや速めの時計が出る馬場。
201810010403,3,3歳未勝利,芝,2000,晴,良,10:45,2018-02-18,小倉,4,7,8,2015105715,ウインイノベーター,牡3,56,01018,和田竜二,2:02.6,ハナ,2-2-2-2,35.3,8.6,3,448(-8),01028,[西]西園正都,494800,ウイン,75.0,"4,8(2,9)-(1,6)(10,7)-5-3",2,1,1.5,False,"4,8(2,9)-(1,6)(10,7)-5,3",2,1,1.5,False,"(*4,8)9(2,6)(1,10,7)5-3",2,2,0.0,False,"(*4,8)9(2,6)(1,10,7)5=3",2,2,0.0,False,-4,前日と同レベルで、やや速めの時計が出る馬場。
201810010403,3,3歳未勝利,芝,2000,晴,良,10:45,2018-02-18,小倉,5,2,2,2015103640,ブルベアトリュフ,牡3,56,00663,蛯名正義,2:02.9,2,3-3-4-4,35.4,8.8,4,454(0),01120,[西]千田輝彦,843800,ブルアンドベア,50.0,"4,8(2,9)-(1,6)(10,7)-5-3",3,2,1.5,False,"4,8(2,9)-(1,6)(10,7)-5,3",3,2,1.5,False,"(*4,8)9(2,6)(1,10,7)5-3",4,2,0.0,False,"(*4,8)9(2,6)(1,10,7)5=3",4,2,0.0,False,-4,前日と同レベルで、やや速めの時計が出る馬場。
201810010403,3,3歳未勝利,芝,2000,晴,良,10:45,2018-02-18,小倉,6,8,10,2015104659,ポートフィリップ,牡3,56,01128,川須栄彦,2:03.2,2,7-7-6-6,35.5,8.3,2,470(-4),01084,[西]梅田智之,506800,シルクレーシング,,"4,8(2,9)-(1,6)(10,7)-5-3",7,2,5.0,False,"4,8(2,9)-(1,6)(10,7)-5,3",7,2,5.0,False,"(*4,8)9(2,6)(1,10,7)5-3",6,3,0.0,False,"(*4,8)9(2,6)(1,10,7)5=3",6,3,0.0,False,-4,前日と同レベルで、やや速めの時計が出る馬場。
201810010403,3,3歳未勝利,芝,2000,晴,良,10:45,2018-02-18,小倉,7,1,1,2015103527,ユーロジャイズ,牡3,56,01004,西田雄一,2:03.3,クビ,5-5-6-6,35.5,83.2,6,448(0),01152,[東]竹内正洋,482002,水上行雄,,"4,8(2,9)-(1,6)(10,7)-5-3",5,2,5.0,False,"4,8(2,9)-(1,6)(10,7)-5,3",5,2,5.0,False,"(*4,8)9(2,6)(1,10,7)5-3",6,3,0.0,False,"(*4,8)9(2,6)(1,10,7)5=3",6,3,0.0,False,-4,前日と同レベルで、やや速めの時計が出る馬場。
201810010403,3,3歳未勝利,芝,2000,晴,良,10:45,2018-02-18,小倉,8,7,7,2015105677,シゲルジャガイモ,牡3,54,01165,森裕太朗,2:03.8,3,7-7-6-6,36.0,247.9,9,494(0),01111,[西]鈴木孝志,674004,森中蕃,,"4,8(2,9)-(1,6)(10,7)-5-3",7,2,5.0,False,"4,8(2,9)-(1,6)(10,7)-5,3",7,2,5.0,False,"(*4,8)9(2,6)(1,10,7)5-3",6,3,0.0,False,"(*4,8)9(2,6)(1,10,7)5=3",6,3,0.0,False,-4,前日と同レベルで、やや速めの時計が出る馬場。
201810010403,3,3歳未勝利,芝,2000,晴,良,10:45,2018-02-18,小倉,9,5,5,2015102587,ウェルズレジェンド,牡3,53,01170,横山武史,2:04.6,5,9-9-9-9,36.6,303.9,10,476(+2),01012,[東]大江原哲,656033,菊地祐司,,"4,8(2,9)-(1,6)(10,7)-5-3",9,1,8.5,False,"4,8(2,9)-(1,6)(10,7)-5,3",9,1,8.5,False,"(*4,8)9(2,6)(1,10,7)5-3",9,1,0.0,False,"(*4,8)9(2,6)(1,10,7)5=3",9,1,0.0,False,-4,前日と同レベルで、やや速めの時計が出る馬場。
201810010403,3,3歳未勝利,芝,2000,晴,良,10:45,2018-02-18,小倉,10,3,3,2015105773,カシノクリス,牝3,51,01164,藤田菜七,2:05.2,3.1/2,10-10-10-10,36.7,129.1,8,444(0),01143,[東]和田雄二,514009,柏木務,,"4,8(2,9)-(1,6)(10,7)-5-3",10,1,12.0,False,"4,8(2,9)-(1,6)(10,7)-5,3",10,1,10.0,False,"(*4,8)9(2,6)(1,10,7)5-3",10,1,3.5,False,"(*4,8)9(2,6)(1,10,7)5=3",10,1,6.0,False,-4,前日と同レベルで、やや速めの時計が出る馬場。
201810010404,4,3歳未勝利,芝,1200,晴,良,11:15,2018-02-18,小倉,1,3,5,2015102870,トーホウガーベラ,牝3,51,01170,横山武史,1:09.2,,2-2,35.4,7.7,5,444(-12),01049,[西]南井克巳,965800,東豊物産,500.0,,,,,,,,,,,"4,5(9,14)(1,3)(6,8,17)15,2,10(7,11,18)12,16-13",2,1,1.5,False,"(*4,5)(9,14)-(1,6,3,8)-15,17,10(2,11,18)16(7,12,13)",2,2,0.0,False,-4,前日と同レベルで、やや速めの時計が出る馬場。
201810010404,4,3歳未勝利,芝,1200,晴,良,11:15,2018-02-18,小倉,2,2,4,2015103550,プリンシアブラスカ,牝3,51,01164,藤田菜七,1:09.4,1.1/4,1-1,35.7,4.2,2,436(+10),01067,[東]久保田貴,253030,芳川貴行,200.0,,,,,,,,,,,"4,5(9,14)(1,3)(6,8,17)15,2,10(7,11,18)12,16-13",1,1,0.0,False,"(*4,5)(9,14)-(1,6,3,8)-15,17,10(2,11,18)16(7,12,13)",1,2,0.0,True,-4,前日と同レベルで、やや速めの時計が出る馬場。
201810010404,4,3歳未勝利,芝,1200,晴,良,11:15,2018-02-18,小倉,3,7,14,2015101549,ディアボレット,牝3,54,01095,吉田隼人,1:09.4,ハナ,3-3,35.4,3.0,1,454(+4),00425,[西]加用正,959800,協栄,130.0,,,,,,,,,,,"4,5(9,14)(1,3)(6,8,17)15,2,10(7,11,18)12,16-13",3,2,1.5,False,"(*4,5)(9,14)-(1,6,3,8)-15,17,10(2,11,18)16(7,12,13)",3,2,0.0,False,-4,前日と同レベルで、やや速めの時計が出る馬場。
201810010404,4,3歳未勝利,芝,1200,晴,良,11:15,2018-02-18,小倉,4,3,6,2015100919,ネオヴォイス,牝3,54,01115,浜中俊,1:09.5,3/4,7-5,35.2,10.5,6,440(+8),01042,[西]安達昭夫,381002,山内邦一,75.0,,,,,,,,,,,"4,5(9,14)(1,3)(6,8,17)15,2,10(7,11,18)12,16-13",7,3,1.5,False,"(*4,5)(9,14)-(1,6,3,8)-15,17,10(2,11,18)16(7,12,13)",5,4,3.5,False,-4,前日と同レベルで、やや速めの時計が出る馬場。
201810010404,4,3歳未勝利,芝,1200,晴,良,11:15,2018-02-18,小倉,5,5,9,2015106290,クロンヌデトワール,牝3,54,01018,和田竜二,1:09.6,3/4,3-3,35.7,6.9,3,448(-8),01128,[西]今野貞一,547800,ヒダカ・ブリーダーズ...,50.0,,,,,,,,,,,"4,5(9,14)(1,3)(6,8,17)15,2,10(7,11,18)12,16-13",3,2,1.5,False,"(*4,5)(9,14)-(1,6,3,8)-15,17,10(2,11,18)16(7,12,13)",3,2,0.0,False,-4,前日と同レベルで、やや速めの時計が出る馬場。
201810010404,4,3歳未勝利,芝,1200,晴,良,11:15,2018-02-18,小倉,6,2,3,2015103325,エムケイフローラル,牝3,54,00663,蛯名正義,1:09.8,3/4,5-5,35.7,7.3,4,436(-2),01099,[西]本田優,269800,丸幸小林牧場,,,,,,,,,,,,"4,5(9,14)(1,3)(6,8,17)15,2,10(7,11,18)12,16-13",5,2,1.5,False,"(*4,5)(9,14)-(1,6,3,8)-15,17,10(2,11,18)16(7,12,13)",5,4,3.5,False,-4,前日と同レベルで、やや速めの時計が出る馬場。
201810010404,4,3歳未勝利,芝,1200,晴,良,11:15,2018-02-18,小倉,7,4,8,2015102288,チャノカオリ,牝3,54,00894,小牧太,1:10.1,1.3/4,7-5,35.9,35.6,8,408(-4),00379,[西]加藤敬二,377008,山本茂,,,,,,,,,,,,"4,5(9,14)(1,3)(6,8,17)15,2,10(7,11,18)12,16-13",7,3,1.5,False,"(*4,5)(9,14)-(1,6,3,8)-15,17,10(2,11,18)16(7,12,13)",5,4,3.5,False,-4,前日と同レベルで、やや速めの時計が出る馬場。
201810010404,4,3歳未勝利,芝,1200,晴,良,11:15,2018-02-18,小倉,8,7,15,2015106031,タニノテーブル,牝3,54,01128,川須栄彦,1:10.2,3/4,10-9,35.7,280.0,16,446(-8),01107,[西]村山明,764001,谷水雄三,,,,,,,,,,,,"4,5(9,14)(1,3)(6,8,17)15,2,10(7,11,18)12,16-13",10,1,1.5,False,"(*4,5)(9,14)-(1,6,3,8)-15,17,10(2,11,18)16(7,12,13)",9,1,7.0,False,-4,前日と同レベルで、やや速めの時計が出る馬場。
201810010404,4,3歳未勝利,芝,1200,晴,良,11:15,2018-02-18,小倉,9,5,10,2015101751,ショウナンハイル,牝3,53,01162,木幡巧也,1:10.3,クビ,12-11,35.5,270.6,15,450(+16),01119,[東]田中剛,331002,国本哲秀,,,,,,,,,,,,"4,5(9,14)(1,3)(6,8,17)15,2,10(7,11,18)12,16-13",12,1,4.5,False,"(*4,5)(9,14)-(1,6,3,8)-15,17,10(2,11,18)16(7,12,13)",11,1,10.0,False,-4,前日と同レベルで、やや速めの時計が出る馬場。
201810010404,4,3歳未勝利,芝,1200,晴,良,11:15,2018-02-18,小倉,10,8,16,2015103361,ベルペスカ,牝3,54,01144,菱田裕二,1:10.4,3/4,17-15,35.1,26.4,7,460(0),01121,[西]角田晃一,417030,山田信太郎,,,,,,,,,,,,"4,5(9,14)(1,3)(6,8,17)15,2,10(7,11,18)12,16-13",17,1,6.0,False,"(*4,5)(9,14)-(1,6,3,8)-15,17,10(2,11,18)16(7,12,13)",15,1,10.0,False,-4,前日と同レベルで、やや速めの時計が出る馬場。
201810010404,4,3歳未勝利,芝,1200,晴,良,11:15,2018-02-18,小倉,11,6,11,2015105915,コンゴウサファイア,牝3,52,01165,森裕太朗,1:10.6,1.1/4,13-12,35.7,573.9,18,432(-12),00429,[西]佐々木晶,557006,金岡久夫,,,,,,,,,,,,"4,5(9,14)(1,3)(6,8,17)15,2,10(7,11,18)12,16-13",13,3,4.5,False,"(*4,5)(9,14)-(1,6,3,8)-15,17,10(2,11,18)16(7,12,13)",12,3,10.0,False,-4,前日と同レベルで、やや速めの時計が出る馬場。
201810010404,4,3歳未勝利,芝,1200,晴,良,11:15,2018-02-18,小倉,12,1,1,2015101734,アフロディテバイオ,牝3,54,01092,津村明秀,1:10.6,アタマ,5-5,36.5,150.4,14,418(0),01016,[西]西浦勝一,930800,バイオ,,,,,,,,,,,,"4,5(9,14)(1,3)(6,8,17)15,2,10(7,11,18)12,16-13",5,2,1.5,False,"(*4,5)(9,14)-(1,6,3,8)-15,17,10(2,11,18)16(7,12,13)",5,4,3.5,False,-4,前日と同レベルで、やや速めの時計が出る馬場。
201810010404,4,3歳未勝利,芝,1200,晴,良,11:15,2018-02-18,小倉,13,7,13,2015104148,ナンヨーセゾニエ,牝3,54,01117,丸田恭介,1:10.6,アタマ,18-16,35.0,36.6,9,420(+4),00420,[東]宗像義忠,512031,中村徳也,,,,,,,,,,,,"4,5(9,14)(1,3)(6,8,17)15,2,10(7,11,18)12,16-13",18,1,9.5,False,"(*4,5)(9,14)-(1,6,3,8)-15,17,10(2,11,18)16(7,12,13)",16,3,10.0,False,-4,前日と同レベルで、やや速めの時計が出る馬場。
201810010404,4,3歳未勝利,芝,1200,晴,良,11:15,2018-02-18,小倉,14,4,7,2015105354,ロジピエナ,牝3,54,05243,柴山雄一,1:10.8,1.1/2,13-16,35.9,75.0,12,438(-2),01115,[東]菊沢隆徳,399030,久米田正明,,,,,,,,,,,,"4,5(9,14)(1,3)(6,8,17)15,2,10(7,11,18)12,16-13",13,3,4.5,False,"(*4,5)(9,14)-(1,6,3,8)-15,17,10(2,11,18)16(7,12,13)",16,3,10.0,False,-4,前日と同レベルで、やや速めの時計が出る馬場。
201810010404,4,3歳未勝利,芝,1200,晴,良,11:15,2018-02-18,小倉,15,6,12,2015105679,ムーンライトクーラ,牝3,54,01154,松若風馬,1:10.9,クビ,16-16,35.7,111.0,13,402(+2),00419,[西]松元茂樹,404033,國枝久美子,,,,,,,,,,,,"4,5(9,14)(1,3)(6,8,17)15,2,10(7,11,18)12,16-13",16,1,4.5,False,"(*4,5)(9,14)-(1,6,3,8)-15,17,10(2,11,18)16(7,12,13)",16,3,10.0,False,-4,前日と同レベルで、やや速めの時計が出る馬場。
201810010404,4,3歳未勝利,芝,1200,晴,良,11:15,2018-02-18,小倉,16,8,18,2015103896,バルフルーリー,牝3,54,01142,長岡禎仁,1:10.9,クビ,13-12,35.9,550.0,17,398(+18),01093,[東]松永康利,013803,ディアレストクラブ,,,,,,,,,,,,"4,5(9,14)(1,3)(6,8,17)15,2,10(7,11,18)12,16-13",13,3,4.5,False,"(*4,5)(9,14)-(1,6,3,8)-15,17,10(2,11,18)16(7,12,13)",12,3,10.0,False,-4,前日と同レベルで、やや速めの時計が出る馬場。
201810010404,4,3歳未勝利,芝,1200,晴,良,11:15,2018-02-18,小倉,17,1,2,2015103394,アリディブリラーレ,牝3,54,01102,北村友一,1:11.4,3,11-12,36.7,40.8,10,408(-6),01154,[西]橋口慎介,506800,シルクレーシング,,,,,,,,,,,,"4,5(9,14)(1,3)(6,8,17)15,2,10(7,11,18)12,16-13",11,1,3.0,False,"(*4,5)(9,14)-(1,6,3,8)-15,17,10(2,11,18)16(7,12,13)",12,3,10.0,False,-4,前日と同レベルで、やや速めの時計が出る馬場。
201810010404,4,3歳未勝利,芝,1200,晴,良,11:15,2018-02-18,小倉,18,8,17,2015106371,ミントグリーン,牝3,54,01134,嶋田純次,1:11.7,1.3/4,7-10,37.4,43.1,11,422(-6),01038,[東]手塚貴久,629800,ミルファーム,,,,,,,,,,,,"4,5(9,14)(1,3)(6,8,17)15,2,10(7,11,18)12,16-13",7,3,1.5,False,"(*4,5)(9,14)-(1,6,3,8)-15,17,10(2,11,18)16(7,12,13)",10,1,8.5,False,-4,前日と同レベルで、やや速めの時計が出る馬場。
201810010405,5,3歳新馬,芝,2000,晴,良,12:05,2018-02-18,小倉,1,4,7,2015104925,ダンサール,牝3,53,01162,木幡巧也,2:02.7,,1-1-1-1,35.4,11.6,4,504(0),01105,[西]須貝尚介,808800,Ｇ１レーシング,600.0,"(*7,16)-14(12,4,17)(11,13)10,1(3,8)-(2,5,9)-6=15",1,2,0.0,True,"7,16(12,14)17(11,4)(10,13)1(3,8)(2,5,9)-6=15",1,1,0.0,False,"7,13(16,4,10,8)(12,11,14,9)-(1,5,17,3)6(2,15)",1,1,0.0,False,"7(4,10)8(13,14,9)11,16(1,5)(12,6)(2,15,3)=17",1,1,0.0,False,-4,前日と同レベルで、やや速めの時計が出る馬場。
201810010405,5,3歳新馬,芝,2000,晴,良,12:05,2018-02-18,小倉,2,2,4,2015101607,コンテント,牡3,56,01088,川田将雅,2:03.0,1.3/4,4-6-3-2,35.3,2.3,1,494(0),01055,[西]藤原英昭,003060,Ｈ．Ｈ．シェイク・モ...,240.0,"(*7,16)-14(12,4,17)(11,13)10,1(3,8)-(2,5,9)-6=15",4,3,3.5,False,"7,16(12,14)17(11,4)(10,13)1(3,8)(2,5,9)-6=15",6,2,1.5,False,"7,13(16,4,10,8)(12,11,14,9)-(1,5,17,3)6(2,15)",3,4,1.5,False,"7(4,10)8(13,14,9)11,16(1,5)(12,6)(2,15,3)=17",2,2,0.0,False,-4,前日と同レベルで、やや速めの時計が出る馬場。
201810010405,5,3歳新馬,芝,2000,晴,良,12:05,2018-02-18,小倉,3,5,10,2015104642,デサフィアンテ,牝3,54,01115,浜中俊,2:03.0,アタマ,9-8-3-2,35.4,3.9,2,466(0),01053,[西]角居勝彦,486800,キャロットファーム,150.0,"(*7,16)-14(12,4,17)(11,13)10,1(3,8)-(2,5,9)-6=15",9,1,3.5,False,"7,16(12,14)17(11,4)(10,13)1(3,8)(2,5,9)-6=15",8,2,1.5,False,"7,13(16,4,10,8)(12,11,14,9)-(1,5,17,3)6(2,15)",3,4,1.5,False,"7(4,10)8(13,14,9)11,16(1,5)(12,6)(2,15,3)=17",2,2,0.0,False,-4,前日と同レベルで、やや速めの時計が出る馬場。
201810010405,5,3歳新馬,芝,2000,晴,良,12:05,2018-02-18,小倉,4,6,11,2015103977,ショウナンバーチ,牝3,54,01157,鮫島克駿,2:03.1,1/2,7-6-7-8,35.1,39.0,9,448(0),01117,[西]高野友和,331002,国本哲秀,90.0,"(*7,16)-14(12,4,17)(11,13)10,1(3,8)-(2,5,9)-6=15",7,2,3.5,False,"7,16(12,14)17(11,4)(10,13)1(3,8)(2,5,9)-6=15",6,2,1.5,False,"7,13(16,4,10,8)(12,11,14,9)-(1,5,17,3)6(2,15)",7,4,1.5,False,"7(4,10)8(13,14,9)11,16(1,5)(12,6)(2,15,3)=17",8,1,0.0,False,-4,前日と同レベルで、やや速めの時計が出る馬場。
201810010405,5,3歳新馬,芝,2000,晴,良,12:05,2018-02-18,小倉,5,5,9,2015104310,カリンカ,牝3,54,01095,吉田隼人,2:03.4,2,13-13-7-5,35.5,33.6,8,434(0),00429,[西]佐々木晶,866006,寺田寿男,60.0,"(*7,16)-14(12,4,17)(11,13)10,1(3,8)-(2,5,9)-6=15",13,3,8.5,False,"7,16(12,14)17(11,4)(10,13)1(3,8)(2,5,9)-6=15",13,3,1.5,False,"7,13(16,4,10,8)(12,11,14,9)-(1,5,17,3)6(2,15)",7,4,1.5,False,"7(4,10)8(13,14,9)11,16(1,5)(12,6)(2,15,3)=17",5,3,0.0,False,-4,前日と同レベルで、やや速めの時計が出る馬場。
201810010405,5,3歳新馬,芝,2000,晴,良,12:05,2018-02-18,小倉,6,3,6,2015104621,レッドフィオナ,牝3,54,01018,和田竜二,2:03.4,ハナ,16-16-15-12,34.9,21.9,6,462(0),01101,[西]吉田直弘,180800,東京ホースレーシング,,"(*7,16)-14(12,4,17)(11,13)10,1(3,8)-(2,5,9)-6=15",16,1,12.0,False,"7,16(12,14)17(11,4)(10,13)1(3,8)(2,5,9)-6=15",16,1,5.0,False,"7,13(16,4,10,8)(12,11,14,9)-(1,5,17,3)6(2,15)",15,1,5.0,False,"7(4,10)8(13,14,9)11,16(1,5)(12,6)(2,15,3)=17",12,2,1.5,False,-4,前日と同レベルで、やや速めの時計が出る馬場。
201810010405,5,3歳新馬,芝,2000,晴,良,12:05,2018-02-18,小倉,7,3,5,2015104259,チカアレグレ,牝3,54,05243,柴山雄一,2:03.6,1.1/4,13-13-11-10,35.2,27.2,7,508(0),01039,[西]中竹和也,758005,吉田照哉,,"(*7,16)-14(12,4,17)(11,13)10,1(3,8)-(2,5,9)-6=15",13,3,8.5,False,"7,16(12,14)17(11,4)(10,13)1(3,8)(2,5,9)-6=15",13,3,1.5,False,"7,13(16,4,10,8)(12,11,14,9)-(1,5,17,3)6(2,15)",11,4,5.0,False,"7(4,10)8(13,14,9)11,16(1,5)(12,6)(2,15,3)=17",10,2,1.5,False,-4,前日と同レベルで、やや速めの時計が出る馬場。
201810010405,5,3歳新馬,芝,2000,晴,良,12:05,2018-02-18,小倉,8,1,1,2015100969,アールスター,牡3,56,01154,松若風馬,2:03.6,アタマ,10-10-11-10,35.3,50.4,11,500(0),01157,[西]杉山晴紀,742033,貝本隆三,,"(*7,16)-14(12,4,17)(11,13)10,1(3,8)-(2,5,9)-6=15",10,1,5.0,False,"7,16(12,14)17(11,4)(10,13)1(3,8)(2,5,9)-6=15",10,1,1.5,False,"7,13(16,4,10,8)(12,11,14,9)-(1,5,17,3)6(2,15)",11,4,5.0,False,"7(4,10)8(13,14,9)11,16(1,5)(12,6)(2,15,3)=17",10,2,1.5,False,-4,前日と同レベルで、やや速めの時計が出る馬場。
201810010405,5,3歳新馬,芝,2000,晴,良,12:05,2018-02-18,小倉,9,4,8,2015100461,ハコダテダリア,牝3,54,00663,蛯名正義,2:03.9,1.3/4,11-11-3-4,36.2,65.1,12,448(0),01062,[西]藤岡健一,321004,河内孝夫,,"(*7,16)-14(12,4,17)(11,13)10,1(3,8)-(2,5,9)-6=15",11,2,5.0,False,"7,16(12,14)17(11,4)(10,13)1(3,8)(2,5,9)-6=15",11,2,1.5,False,"7,13(16,4,10,8)(12,11,14,9)-(1,5,17,3)6(2,15)",3,4,1.5,False,"7(4,10)8(13,14,9)11,16(1,5)(12,6)(2,15,3)=17",4,1,0.0,False,-4,前日と同レベルで、やや速めの時計が出る馬場。
201810010405,5,3歳新馬,芝,2000,晴,良,12:05,2018-02-18,小倉,10,7,14,2015104436,サトノエメラルド,牡3,56,01102,北村友一,2:04.1,1.1/2,3-3-7-5,36.1,5.6,3,478(0),00438,[西]安田隆行,075803,サトミホースカンパニ...,,"(*7,16)-14(12,4,17)(11,13)10,1(3,8)-(2,5,9)-6=15",3,1,3.5,False,"7,16(12,14)17(11,4)(10,13)1(3,8)(2,5,9)-6=15",3,2,1.5,False,"7,13(16,4,10,8)(12,11,14,9)-(1,5,17,3)6(2,15)",7,4,1.5,False,"7(4,10)8(13,14,9)11,16(1,5)(12,6)(2,15,3)=17",5,3,0.0,False,-4,前日と同レベルで、やや速めの時計が出る馬場。
201810010405,5,3歳新馬,芝,2000,晴,良,12:05,2018-02-18,小倉,11,1,2,2015105786,ララシャンパーニュ,牡3,54,01165,森裕太朗,2:04.1,ハナ,13-13-16-14,35.3,43.8,10,436(0),01128,[西]今野貞一,851800,フジイ興産,,"(*7,16)-14(12,4,17)(11,13)10,1(3,8)-(2,5,9)-6=15",13,3,8.5,False,"7,16(12,14)17(11,4)(10,13)1(3,8)(2,5,9)-6=15",13,3,1.5,False,"7,13(16,4,10,8)(12,11,14,9)-(1,5,17,3)6(2,15)",16,2,5.0,False,"7(4,10)8(13,14,9)11,16(1,5)(12,6)(2,15,3)=17",14,3,1.5,False,-4,前日と同レベルで、やや速めの時計が出る馬場。
201810010405,5,3歳新馬,芝,2000,晴,良,12:05,2018-02-18,小倉,12,8,15,2015101386,ヒロノタイリク,牡3,56,01112,荻野琢真,2:04.5,2.1/2,17-17-16-14,35.7,284.0,16,500(0),01073,[西]宮本博,936033,高原将浩,,"(*7,16)-14(12,4,17)(11,13)10,1(3,8)-(2,5,9)-6=15",17,1,18.0,False,"7,16(12,14)17(11,4)(10,13)1(3,8)(2,5,9)-6=15",17,1,11.0,False,"7,13(16,4,10,8)(12,11,14,9)-(1,5,17,3)6(2,15)",16,2,5.0,False,"7(4,10)8(13,14,9)11,16(1,5)(12,6)(2,15,3)=17",14,3,1.5,False,-4,前日と同レベルで、やや速めの時計が出る馬場。
201810010405,5,3歳新馬,芝,2000,晴,良,12:05,2018-02-18,小倉,13,6,12,2015100319,スクープ,牡3,56,01144,菱田裕二,2:04.9,2.1/2,4-3-7-12,36.9,11.6,5,464(0),01121,[西]角田晃一,248030,石川達絵,,"(*7,16)-14(12,4,17)(11,13)10,1(3,8)-(2,5,9)-6=15",4,3,3.5,False,"7,16(12,14)17(11,4)(10,13)1(3,8)(2,5,9)-6=15",3,2,1.5,False,"7,13(16,4,10,8)(12,11,14,9)-(1,5,17,3)6(2,15)",7,4,1.5,False,"7(4,10)8(13,14,9)11,16(1,5)(12,6)(2,15,3)=17",12,2,1.5,False,-4,前日と同レベルで、やや速めの時計が出る馬場。
201810010405,5,3歳新馬,芝,2000,晴,良,12:05,2018-02-18,小倉,14,7,13,2015101641,インヴェンター,牡3,56,01128,川須栄彦,2:05.1,3/4,7-8-2-5,37.6,239.2,15,486(0),01066,[西]岡田稲男,003060,Ｈ．Ｈ．シェイク・モ...,,"(*7,16)-14(12,4,17)(11,13)10,1(3,8)-(2,5,9)-6=15",7,2,3.5,False,"7,16(12,14)17(11,4)(10,13)1(3,8)(2,5,9)-6=15",8,2,1.5,False,"7,13(16,4,10,8)(12,11,14,9)-(1,5,17,3)6(2,15)",2,1,1.5,False,"7(4,10)8(13,14,9)11,16(1,5)(12,6)(2,15,3)=17",5,3,0.0,False,-4,前日と同レベルで、やや速めの時計が出る馬場。
201810010405,5,3歳新馬,芝,2000,晴,良,12:05,2018-02-18,小倉,15,2,3,2015104182,ナハストーン,牡3,56,01092,津村明秀,2:05.3,1.1/4,11-11-11-14,37.0,69.3,13,416(0),01085,[西]小崎憲,506800,シルクレーシング,,"(*7,16)-14(12,4,17)(11,13)10,1(3,8)-(2,5,9)-6=15",11,2,5.0,False,"7,16(12,14)17(11,4)(10,13)1(3,8)(2,5,9)-6=15",11,2,1.5,False,"7,13(16,4,10,8)(12,11,14,9)-(1,5,17,3)6(2,15)",11,4,5.0,False,"7(4,10)8(13,14,9)11,16(1,5)(12,6)(2,15,3)=17",14,3,1.5,False,-4,前日と同レベルで、やや速めの時計が出る馬場。
201810010405,5,3歳新馬,芝,2000,晴,良,12:05,2018-02-18,小倉,16,8,16,2015103660,スマイルテーラー,牝3,54,01091,丹内祐次,2:05.4,3/4,2-2-3-9,37.8,290.9,17,500(0),01050,[西]飯田雄三,730002,中西浩一,,"(*7,16)-14(12,4,17)(11,13)10,1(3,8)-(2,5,9)-6=15",2,2,0.0,False,"7,16(12,14)17(11,4)(10,13)1(3,8)(2,5,9)-6=15",2,1,1.5,False,"7,13(16,4,10,8)(12,11,14,9)-(1,5,17,3)6(2,15)",3,4,1.5,False,"7(4,10)8(13,14,9)11,16(1,5)(12,6)(2,15,3)=17",9,1,1.5,False,-4,前日と同レベルで、やや速めの時計が出る馬場。
201810010405,5,3歳新馬,芝,2000,晴,良,12:05,2018-02-18,小倉,17,8,17,2015104874,サニツ,牝3,54,01038,中谷雄太,2:06.5,7,4-5-11-17,38.1,95.8,14,442(0),01148,[西]西村真幸,858800,大塚亮一,,"(*7,16)-14(12,4,17)(11,13)10,1(3,8)-(2,5,9)-6=15",4,3,3.5,False,"7,16(12,14)17(11,4)(10,13)1(3,8)(2,5,9)-6=15",5,1,1.5,False,"7,13(16,4,10,8)(12,11,14,9)-(1,5,17,3)6(2,15)",11,4,5.0,False,"7(4,10)8(13,14,9)11,16(1,5)(12,6)(2,15,3)=17",17,1,7.5,False,-4,前日と同レベルで、やや速めの時計が出る馬場。
201810010406,6,4歳以上500万下,ダ,2400,晴,良,12:35,2018-02-18,小倉,1,8,15,2013105593,ピエナクルーズ,牡5,57,01018,和田竜二,2:34.2,,10-11-8-7,38.4,7.2,2,454(-4),01139,[西]飯田祐史,023007,本谷兼三,750.0,"12,13(8,2)(5,6)11(3,7)(15,14,4)1(9,10)",10,3,1.5,False,"12,13,8(5,2)(11,6)7(3,4)(15,14)1(9,10)",11,2,3.0,False,"12,13,2(5,11)(6,4)(15,7)-(3,1)(9,10)8,14",8,2,3.0,False,"12,13-(2,11)(5,6)(15,4)-(3,7)-(9,1)10=14,8",7,2,5.0,False,1,
201810010406,6,4歳以上500万下,ダ,2400,晴,良,12:35,2018-02-18,小倉,2,7,13,2014106248,ブライトクォーツ,牡4,56,01095,吉田隼人,2:34.3,3/4,2-2-2-2,39.3,7.9,3,486(+16),01095,[西]荒川義之,506800,シルクレーシング,300.0,"12,13(8,2)(5,6)11(3,7)(15,14,4)1(9,10)",2,1,1.5,False,"12,13,8(5,2)(11,6)7(3,4)(15,14)1(9,10)",2,1,1.5,False,"12,13,2(5,11)(6,4)(15,7)-(3,1)(9,10)8,14",2,1,1.5,False,"12,13-(2,11)(5,6)(15,4)-(3,7)-(9,1)10=14,8",2,1,1.5,False,1,
201810010406,6,4歳以上500万下,ダ,2400,晴,良,12:35,2018-02-18,小倉,3,7,12,2014101287,サイドチェンジ,牡4,56,01157,鮫島克駿,2:35.1,5,1-1-1-1,40.3,1.8,1,508(+4),00390,[東]池上昌弘,858800,大塚亮一,190.0,"12,13(8,2)(5,6)11(3,7)(15,14,4)1(9,10)",1,1,0.0,False,"12,13,8(5,2)(11,6)7(3,4)(15,14)1(9,10)",1,1,0.0,False,"12,13,2(5,11)(6,4)(15,7)-(3,1)(9,10)8,14",1,1,0.0,False,"12,13-(2,11)(5,6)(15,4)-(3,7)-(9,1)10=14,8",1,1,0.0,False,1,
201810010406,6,4歳以上500万下,ダ,2400,晴,良,12:35,2018-02-18,小倉,4,4,6,2013101398,カタヨクノテンシ,牡5,55,01165,森裕太朗,2:35.5,2.1/2,5-6-6-5,39.9,45.0,11,494(-6),01050,[西]飯田雄三,763800,協和牧場,110.0,"12,13(8,2)(5,6)11(3,7)(15,14,4)1(9,10)",5,2,1.5,False,"12,13,8(5,2)(11,6)7(3,4)(15,14)1(9,10)",6,2,3.0,False,"12,13,2(5,11)(6,4)(15,7)-(3,1)(9,10)8,14",6,2,3.0,False,"12,13-(2,11)(5,6)(15,4)-(3,7)-(9,1)10=14,8",5,2,5.0,False,1,
201810010406,6,4歳以上500万下,ダ,2400,晴,良,12:35,2018-02-18,小倉,5,6,10,2013103085,バンダムザブラッド,牡5,57,01117,丸田恭介,2:35.6,3/4,14-14-12-13,39.2,118.1,14,468(-4),01102,[東]大竹正博,309008,山科統,75.0,"12,13(8,2)(5,6)11(3,7)(15,14,4)1(9,10)",14,2,1.5,False,"12,13,8(5,2)(11,6)7(3,4)(15,14)1(9,10)",14,2,3.0,False,"12,13,2(5,11)(6,4)(15,7)-(3,1)(9,10)8,14",12,2,6.5,False,"12,13-(2,11)(5,6)(15,4)-(3,7)-(9,1)10=14,8",13,1,12.0,False,1,
201810010406,6,4歳以上500万下,ダ,2400,晴,良,12:35,2018-02-18,小倉,6,3,4,2013105800,オーパ,セ5,57,01004,西田雄一,2:35.7,クビ,10-9-6-7,40.1,37.4,10,494(-10),01038,[東]手塚貴久,431002,馬場幸夫,,"12,13(8,2)(5,6)11(3,7)(15,14,4)1(9,10)",10,3,1.5,False,"12,13,8(5,2)(11,6)7(3,4)(15,14)1(9,10)",9,2,3.0,False,"12,13,2(5,11)(6,4)(15,7)-(3,1)(9,10)8,14",6,2,3.0,False,"12,13-(2,11)(5,6)(15,4)-(3,7)-(9,1)10=14,8",7,2,5.0,False,1,
201810010406,6,4歳以上500万下,ダ,2400,晴,良,12:35,2018-02-18,小倉,7,6,11,2014110023,リードザフィールド,牡4,55,01162,木幡巧也,2:35.7,ハナ,7-6-4-3,40.2,257.4,15,446(-6),01012,[東]大江原哲,851009,岡田牧雄,,"12,13(8,2)(5,6)11(3,7)(15,14,4)1(9,10)",7,1,1.5,False,"12,13,8(5,2)(11,6)7(3,4)(15,14)1(9,10)",6,2,3.0,False,"12,13,2(5,11)(6,4)(15,7)-(3,1)(9,10)8,14",4,2,3.0,False,"12,13-(2,11)(5,6)(15,4)-(3,7)-(9,1)10=14,8",3,2,5.0,False,1,
201810010406,6,4歳以上500万下,ダ,2400,晴,良,12:35,2018-02-18,小倉,8,2,2,2014105186,トモジャバルジャン,牡4,56,01092,津村明秀,2:35.8,1/2,3-4-3-3,40.6,15.2,5,528(+20),01026,[東]鈴木伸尋,905033,吉冨学,,"12,13(8,2)(5,6)11(3,7)(15,14,4)1(9,10)",3,2,1.5,False,"12,13,8(5,2)(11,6)7(3,4)(15,14)1(9,10)",4,2,3.0,False,"12,13,2(5,11)(6,4)(15,7)-(3,1)(9,10)8,14",3,1,3.0,False,"12,13-(2,11)(5,6)(15,4)-(3,7)-(9,1)10=14,8",3,2,5.0,False,1,
201810010406,6,4歳以上500万下,ダ,2400,晴,良,12:35,2018-02-18,小倉,9,2,3,2014102305,ダンツブレーブ,牡4,56,01154,松若風馬,2:36.1,2,8-9-10-9,39.9,51.6,12,454(+4),00388,[西]山内研二,248005,山元哲二,,"12,13(8,2)(5,6)11(3,7)(15,14,4)1(9,10)",8,2,1.5,False,"12,13,8(5,2)(11,6)7(3,4)(15,14)1(9,10)",9,2,3.0,False,"12,13,2(5,11)(6,4)(15,7)-(3,1)(9,10)8,14",10,2,6.5,False,"12,13-(2,11)(5,6)(15,4)-(3,7)-(9,1)10=14,8",9,2,8.5,False,1,
201810010406,6,4歳以上500万下,ダ,2400,晴,良,12:35,2018-02-18,小倉,10,3,5,2014110086,ラローデ,牝4,54,01102,北村友一,2:36.2,クビ,5-4-4-5,40.7,33.7,9,486(+4),01011,[西]松田国英,994002,飯田正剛,,"12,13(8,2)(5,6)11(3,7)(15,14,4)1(9,10)",5,2,1.5,False,"12,13,8(5,2)(11,6)7(3,4)(15,14)1(9,10)",4,2,3.0,False,"12,13,2(5,11)(6,4)(15,7)-(3,1)(9,10)8,14",4,2,3.0,False,"12,13-(2,11)(5,6)(15,4)-(3,7)-(9,1)10=14,8",5,2,5.0,False,1,
201810010406,6,4歳以上500万下,ダ,2400,晴,良,12:35,2018-02-18,小倉,11,4,7,2014105518,ブランニューカップ,牝4,54,01144,菱田裕二,2:36.3,3/4,8-8-8-9,40.5,64.2,13,444(-2),01066,[西]岡田稲男,310007,吉田千津,,"12,13(8,2)(5,6)11(3,7)(15,14,4)1(9,10)",8,2,1.5,False,"12,13,8(5,2)(11,6)7(3,4)(15,14)1(9,10)",8,1,3.0,False,"12,13,2(5,11)(6,4)(15,7)-(3,1)(9,10)8,14",8,2,3.0,False,"12,13-(2,11)(5,6)(15,4)-(3,7)-(9,1)10=14,8",9,2,8.5,False,1,
201810010406,6,4歳以上500万下,ダ,2400,晴,良,12:35,2018-02-18,小倉,12,1,1,2014101226,ハイクアウト,牡4,56,00894,小牧太,2:36.9,3.1/2,13-13-10-11,40.7,22.2,7,496(-2),01138,[西]浜田多実,788800,ノースヒルズ,,"12,13(8,2)(5,6)11(3,7)(15,14,4)1(9,10)",13,1,1.5,False,"12,13,8(5,2)(11,6)7(3,4)(15,14)1(9,10)",13,1,3.0,False,"12,13,2(5,11)(6,4)(15,7)-(3,1)(9,10)8,14",10,2,6.5,False,"12,13-(2,11)(5,6)(15,4)-(3,7)-(9,1)10=14,8",11,2,12.0,False,1,
201810010406,6,4歳以上500万下,ダ,2400,晴,良,12:35,2018-02-18,小倉,13,5,9,2014105771,シグネットリング,牡4,56,05243,柴山雄一,2:37.0,1/2,14-14-12-11,40.7,15.2,6,508(+10),01017,[東]萩原清,415800,社台レースホース,,"12,13(8,2)(5,6)11(3,7)(15,14,4)1(9,10)",14,2,1.5,False,"12,13,8(5,2)(11,6)7(3,4)(15,14)1(9,10)",14,2,3.0,False,"12,13,2(5,11)(6,4)(15,7)-(3,1)(9,10)8,14",12,2,6.5,False,"12,13-(2,11)(5,6)(15,4)-(3,7)-(9,1)10=14,8",11,2,12.0,False,1,
201810010406,6,4歳以上500万下,ダ,2400,晴,良,12:35,2018-02-18,小倉,14,8,14,2014105799,ミザイ,牝4,51,01170,横山武史,2:38.7,大,10-11-15-14,41.9,30.6,8,484(-2),01113,[西]牧浦充徳,258030,山住勲,,"12,13(8,2)(5,6)11(3,7)(15,14,4)1(9,10)",10,3,1.5,False,"12,13,8(5,2)(11,6)7(3,4)(15,14)1(9,10)",11,2,3.0,False,"12,13,2(5,11)(6,4)(15,7)-(3,1)(9,10)8,14",15,1,8.0,False,"12,13-(2,11)(5,6)(15,4)-(3,7)-(9,1)10=14,8",14,1,18.0,False,1,
201810010406,6,4歳以上500万下,ダ,2400,晴,良,12:35,2018-02-18,小倉,15,5,8,2014104437,ハニーゴールド,セ4,56,01133,水口優也,2:39.9,7,3-3-14-15,43.3,8.7,4,500(+4),01071,[西]池江泰寿,831800,青芝商事,,"12,13(8,2)(5,6)11(3,7)(15,14,4)1(9,10)",3,2,1.5,False,"12,13,8(5,2)(11,6)7(3,4)(15,14)1(9,10)",3,1,3.0,False,"12,13,2(5,11)(6,4)(15,7)-(3,1)(9,10)8,14",14,1,6.5,False,"12,13-(2,11)(5,6)(15,4)-(3,7)-(9,1)10=14,8",15,1,19.5,False,1,
201810010407,7,4歳以上500万下,芝,1200,晴,良,13:05,2018-02-18,小倉,1,1,2,2014100786,ドウディ,牡4,57,01095,吉田隼人,1:08.4,,14-12,34.3,4.8,2,488(+2),01035,[東]佐藤吉勝,072700,ｅ馬主組合,750.0,,,,,,,,,,,"5(12,13,18)(3,17)15(6,10,11)(9,16)1,2(7,8)-(4,14)",14,1,1.5,False,"5,18(12,13,17)(3,15)(10,11,16)6(9,2)(1,8)7(4,14)",12,2,1.5,False,-4,前日と同レベルで、やや速めの時計が出る馬場。
201810010407,7,4歳以上500万下,芝,1200,晴,良,13:05,2018-02-18,小倉,2,8,17,2014106179,キラーコンテンツ,牡4,57,01088,川田将雅,1:08.5,3/4,5-3,35.3,3.7,1,492(+14),01055,[西]藤原英昭,506800,シルクレーシング,300.0,,,,,,,,,,,"5(12,13,18)(3,17)15(6,10,11)(9,16)1,2(7,8)-(4,14)",5,2,0.0,False,"5,18(12,13,17)(3,15)(10,11,16)6(9,2)(1,8)7(4,14)",3,3,1.5,False,-4,前日と同レベルで、やや速めの時計が出る馬場。
201810010407,7,4歳以上500万下,芝,1200,晴,良,13:05,2018-02-18,小倉,3,2,4,2013106293,フリームーヴメント,牡5,57,01117,丸田恭介,1:08.9,2.1/2,17-17,34.4,46.5,13,464(0),00420,[東]宗像義忠,013803,ディアレストクラブ,190.0,,,,,,,,,,,"5(12,13,18)(3,17)15(6,10,11)(9,16)1,2(7,8)-(4,14)",17,2,5.0,False,"5,18(12,13,17)(3,15)(10,11,16)6(9,2)(1,8)7(4,14)",17,2,1.5,False,-4,前日と同レベルで、やや速めの時計が出る馬場。
201810010407,7,4歳以上500万下,芝,1200,晴,良,13:05,2018-02-18,小倉,4,4,8,2014100238,ウインペイザージュ,牝4,55,01144,菱田裕二,1:08.9,ハナ,15-14,34.7,112.9,15,452(+6),00261,[西]中村均,494800,ウイン,110.0,,,,,,,,,,,"5(12,13,18)(3,17)15(6,10,11)(9,16)1,2(7,8)-(4,14)",15,2,1.5,False,"5,18(12,13,17)(3,15)(10,11,16)6(9,2)(1,8)7(4,14)",14,2,1.5,False,-4,前日と同レベルで、やや速めの時計が出る馬場。
201810010407,7,4歳以上500万下,芝,1200,晴,良,13:05,2018-02-18,小倉,5,4,7,2012103508,ウイングアクティブ,牡6,57,01157,鮫島克駿,1:09.0,3/4,15-16,34.8,166.9,17,472(0),01040,[西]服部利之,780009,池田實,75.0,,,,,,,,,,,"5(12,13,18)(3,17)15(6,10,11)(9,16)1,2(7,8)-(4,14)",15,2,1.5,False,"5,18(12,13,17)(3,15)(10,11,16)6(9,2)(1,8)7(4,14)",16,1,1.5,False,-4,前日と同レベルで、やや速めの時計が出る馬場。
201810010407,7,4歳以上500万下,芝,1200,晴,良,13:05,2018-02-18,小倉,6,3,5,2014101006,タケデンサンダー,牡4,57,01049,二本柳壮,1:09.1,3/4,1-1,36.2,7.6,3,476(0),01089,[東]武市康男,604005,武市弘,,,,,,,,,,,,"5(12,13,18)(3,17)15(6,10,11)(9,16)1,2(7,8)-(4,14)",1,1,0.0,False,"5,18(12,13,17)(3,15)(10,11,16)6(9,2)(1,8)7(4,14)",1,1,0.0,False,-4,前日と同レベルで、やや速めの時計が出る馬場。
201810010407,7,4歳以上500万下,芝,1200,晴,良,13:05,2018-02-18,小倉,7,7,14,2013103969,ゴーフォワード,セ5,57,01154,松若風馬,1:09.1,ハナ,17-17,34.5,39.6,12,470(-2),00356,[西]坂口正則,182033,前田剛,,,,,,,,,,,,"5(12,13,18)(3,17)15(6,10,11)(9,16)1,2(7,8)-(4,14)",17,2,5.0,False,"5,18(12,13,17)(3,15)(10,11,16)6(9,2)(1,8)7(4,14)",17,2,1.5,False,-4,前日と同レベルで、やや速めの時計が出る馬場。
201810010407,7,4歳以上500万下,芝,1200,晴,良,13:05,2018-02-18,小倉,8,8,16,2013104350,ヒワラニ,牝5,55,01092,津村明秀,1:09.2,クビ,11-8,35.5,10.0,5,468(-10),01033,[西]木原一良,463800,名古屋友豊,,,,,,,,,,,,"5(12,13,18)(3,17)15(6,10,11)(9,16)1,2(7,8)-(4,14)",11,2,0.0,False,"5,18(12,13,17)(3,15)(10,11,16)6(9,2)(1,8)7(4,14)",8,3,1.5,False,-4,前日と同レベルで、やや速めの時計が出る馬場。
201810010407,7,4歳以上500万下,芝,1200,晴,良,13:05,2018-02-18,小倉,9,3,6,2013106245,アマルティア,牝5,55,01128,川須栄彦,1:09.2,クビ,8-11,35.6,8.3,4,444(-10),01006,[西]作田誠二,102800,ターフ・スポート,,,,,,,,,,,,"5(12,13,18)(3,17)15(6,10,11)(9,16)1,2(7,8)-(4,14)",8,3,0.0,False,"5,18(12,13,17)(3,15)(10,11,16)6(9,2)(1,8)7(4,14)",11,1,1.5,False,-4,前日と同レベルで、やや速めの時計が出る馬場。
201810010407,7,4歳以上500万下,芝,1200,晴,良,13:05,2018-02-18,小倉,10,7,15,2013106425,ハートイズハート,牡5,56,01153,木幡初也,1:09.3,1/2,7-6,35.9,152.0,16,466(-4),01010,[東]中野栄治,263006,北村和江,,,,,,,,,,,,"5(12,13,18)(3,17)15(6,10,11)(9,16)1,2(7,8)-(4,14)",7,1,0.0,False,"5,18(12,13,17)(3,15)(10,11,16)6(9,2)(1,8)7(4,14)",6,2,1.5,False,-4,前日と同レベルで、やや速めの時計が出る馬場。
201810010407,7,4歳以上500万下,芝,1200,晴,良,13:05,2018-02-18,小倉,11,8,18,2013102834,ロングハード,牝5,55,05243,柴山雄一,1:09.5,1.1/4,2-2,36.5,191.3,18,452(+10),01032,[西]大根田裕,602002,中井敏雄,,,,,,,,,,,,"5(12,13,18)(3,17)15(6,10,11)(9,16)1,2(7,8)-(4,14)",2,3,0.0,False,"5,18(12,13,17)(3,15)(10,11,16)6(9,2)(1,8)7(4,14)",2,1,1.5,False,-4,前日と同レベルで、やや速めの時計が出る馬場。
201810010407,7,4歳以上500万下,芝,1200,晴,良,13:05,2018-02-18,小倉,12,5,10,2014101553,ビービーバーレスク,牝4,52,01170,横山武史,1:09.7,1.1/4,8-8,36.2,17.2,8,492(+2),01120,[西]千田輝彦,185800,坂東牧場,,,,,,,,,,,,"5(12,13,18)(3,17)15(6,10,11)(9,16)1,2(7,8)-(4,14)",8,3,0.0,False,"5,18(12,13,17)(3,15)(10,11,16)6(9,2)(1,8)7(4,14)",8,3,1.5,False,-4,前日と同レベルで、やや速めの時計が出る馬場。
201810010407,7,4歳以上500万下,芝,1200,晴,良,13:05,2018-02-18,小倉,13,5,9,2013103950,リルティングインク,牝5,55,01115,浜中俊,1:09.8,クビ,11-12,36.1,20.5,9,448(-6),01080,[東]清水英克,854800,ノルマンディーサラブ...,,,,,,,,,,,,"5(12,13,18)(3,17)15(6,10,11)(9,16)1,2(7,8)-(4,14)",11,2,0.0,False,"5,18(12,13,17)(3,15)(10,11,16)6(9,2)(1,8)7(4,14)",12,2,1.5,False,-4,前日と同レベルで、やや速めの時計が出る馬場。
201810010407,7,4歳以上500万下,芝,1200,晴,良,13:05,2018-02-18,小倉,14,6,11,2013104782,サトノマイヒメ,牝5,55,01018,和田竜二,1:10.0,1.1/2,8-8,36.5,21.6,10,470(-4),01049,[西]南井克巳,075803,サトミホースカンパニ...,,,,,,,,,,,,"5(12,13,18)(3,17)15(6,10,11)(9,16)1,2(7,8)-(4,14)",8,3,0.0,False,"5,18(12,13,17)(3,15)(10,11,16)6(9,2)(1,8)7(4,14)",8,3,1.5,False,-4,前日と同レベルで、やや速めの時計が出る馬場。
201810010407,7,4歳以上500万下,芝,1200,晴,良,13:05,2018-02-18,小倉,15,2,3,2013103627,タニマサガール,牝5,52,01164,藤田菜七,1:10.1,3/4,5-6,36.8,13.4,6,444(-2),00341,[東]栗田博憲,642004,谷研司,,,,,,,,,,,,"5(12,13,18)(3,17)15(6,10,11)(9,16)1,2(7,8)-(4,14)",5,2,0.0,False,"5,18(12,13,17)(3,15)(10,11,16)6(9,2)(1,8)7(4,14)",6,2,1.5,False,-4,前日と同レベルで、やや速めの時計が出る馬場。
201810010407,7,4歳以上500万下,芝,1200,晴,良,13:05,2018-02-18,小倉,16,1,1,2012106421,ワラッチャオ,牝6,55,01102,北村友一,1:10.3,1.1/2,13-14,36.3,47.1,14,490(+8),00359,[東]高橋祥泰,334009,小田切有一,,,,,,,,,,,,"5(12,13,18)(3,17)15(6,10,11)(9,16)1,2(7,8)-(4,14)",13,1,0.0,False,"5,18(12,13,17)(3,15)(10,11,16)6(9,2)(1,8)7(4,14)",14,2,1.5,False,-4,前日と同レベルで、やや速めの時計が出る馬場。
201810010407,7,4歳以上500万下,芝,1200,晴,良,13:05,2018-02-18,小倉,17,7,13,2014106492,ペイシャゲラン,牝4,55,01142,長岡禎仁,1:10.6,1.1/2,2-3,37.6,23.7,11,448(+4),01093,[東]松永康利,163002,北所直人,,,,,,,,,,,,"5(12,13,18)(3,17)15(6,10,11)(9,16)1,2(7,8)-(4,14)",2,3,0.0,False,"5,18(12,13,17)(3,15)(10,11,16)6(9,2)(1,8)7(4,14)",3,3,1.5,False,-4,前日と同レベルで、やや速めの時計が出る馬場。
201810010407,7,4歳以上500万下,芝,1200,晴,良,13:05,2018-02-18,小倉,18,6,12,2013103961,ブランデーグラス,セ5,56,01162,木幡巧也,1:11.6,6,2-3,38.6,15.3,7,480(-8),01106,[東]牧光二,854800,ノルマンディーサラブ...,,,,,,,,,,,,"5(12,13,18)(3,17)15(6,10,11)(9,16)1,2(7,8)-(4,14)",2,3,0.0,False,"5,18(12,13,17)(3,15)(10,11,16)6(9,2)(1,8)7(4,14)",3,3,1.5,False,-4,前日と同レベルで、やや速めの時計が出る馬場。
201810010408,8,4歳以上500万下,芝,1800,晴,良,13:35,2018-02-18,小倉,1,2,4,2014100726,マイネルズイーガー,牡4,56,01091,丹内祐次,1:47.2,,1-1-1-1,36.2,6.2,4,496(-8),01064,[東]武藤善則,546800,サラブレッドクラブ・...,750.0,"4(9,13)(1,3)16(6,7,15)11,14(5,8)10,12=2",1,1,0.0,False,"4(9,13)(1,3)16(6,7,15)-(11,14)(5,8)10,12-2",1,1,0.0,False,"4(1,9,13)(3,16)12(6,7)(14,15)(8,10)-(5,11)-2",1,1,0.0,False,"4,16(1,9,13)(3,12)(14,6,15)10,7-8-2,5,11",1,1,0.0,False,-4,前日と同レベルで、やや速めの時計が出る馬場。
201810010408,8,4歳以上500万下,芝,1800,晴,良,13:35,2018-02-18,小倉,2,8,16,2014106105,ゼニステレスコープ,牡4,56,01088,川田将雅,1:47.6,2.1/2,6-6-5-2,36.3,5.7,2,442(-4),01144,[西]池添学,226800,サンデーレーシング,300.0,"4(9,13)(1,3)16(6,7,15)11,14(5,8)10,12=2",6,1,0.0,False,"4(9,13)(1,3)16(6,7,15)-(11,14)(5,8)10,12-2",6,1,0.0,False,"4(1,9,13)(3,16)12(6,7)(14,15)(8,10)-(5,11)-2",5,2,0.0,False,"4,16(1,9,13)(3,12)(14,6,15)10,7-8-2,5,11",2,1,1.5,False,-4,前日と同レベルで、やや速めの時計が出る馬場。
201810010408,8,4歳以上500万下,芝,1800,晴,良,13:35,2018-02-18,小倉,3,5,10,2014106068,アドマイヤアルパマ,牝4,54,01102,北村友一,1:48.0,2.1/2,14-14-12-11,35.7,5.8,3,428(+2),01105,[西]須貝尚介,398002,近藤利一,190.0,"4(9,13)(1,3)16(6,7,15)11,14(5,8)10,12=2",14,1,1.5,False,"4(9,13)(1,3)16(6,7,15)-(11,14)(5,8)10,12-2",14,1,3.5,False,"4(1,9,13)(3,16)12(6,7)(14,15)(8,10)-(5,11)-2",12,2,0.0,False,"4,16(1,9,13)(3,12)(14,6,15)10,7-8-2,5,11",11,1,1.5,False,-4,前日と同レベルで、やや速めの時計が出る馬場。
201810010408,8,4歳以上500万下,芝,1800,晴,良,13:35,2018-02-18,小倉,4,8,15,2014106436,メイクグローリー,牡4,56,01117,丸田恭介,1:48.1,1/2,7-7-10-8,36.1,126.3,14,476(-4),01148,[西]西村真幸,542800,ライオンレースホース,110.0,"4(9,13)(1,3)16(6,7,15)11,14(5,8)10,12=2",7,3,0.0,False,"4(9,13)(1,3)16(6,7,15)-(11,14)(5,8)10,12-2",7,3,0.0,False,"4(1,9,13)(3,16)12(6,7)(14,15)(8,10)-(5,11)-2",10,2,0.0,False,"4,16(1,9,13)(3,12)(14,6,15)10,7-8-2,5,11",8,3,1.5,False,-4,前日と同レベルで、やや速めの時計が出る馬場。
201810010408,8,4歳以上500万下,芝,1800,晴,良,13:35,2018-02-18,小倉,5,6,12,2013105109,トーアライジン,牡5,57,01128,川須栄彦,1:48.1,ハナ,15-15-7-6,36.7,15.8,7,498(-8),01107,[西]村山明,784800,高山ランド,75.0,"4(9,13)(1,3)16(6,7,15)11,14(5,8)10,12=2",15,1,3.0,False,"4(9,13)(1,3)16(6,7,15)-(11,14)(5,8)10,12-2",15,1,5.0,False,"4(1,9,13)(3,16)12(6,7)(14,15)(8,10)-(5,11)-2",7,1,0.0,False,"4,16(1,9,13)(3,12)(14,6,15)10,7-8-2,5,11",6,2,1.5,False,-4,前日と同レベルで、やや速めの時計が出る馬場。
201810010408,8,4歳以上500万下,芝,1800,晴,良,13:35,2018-02-18,小倉,6,5,9,2013103929,ナッツスター,牡5,57,01004,西田雄一,1:48.2,1/2,2-2-2-3,37.0,17.2,8,454(-4),01064,[東]武藤善則,681006,早川経一,,"4(9,13)(1,3)16(6,7,15)11,14(5,8)10,12=2",2,2,0.0,False,"4(9,13)(1,3)16(6,7,15)-(11,14)(5,8)10,12-2",2,2,0.0,False,"4(1,9,13)(3,16)12(6,7)(14,15)(8,10)-(5,11)-2",2,3,0.0,False,"4,16(1,9,13)(3,12)(14,6,15)10,7-8-2,5,11",3,3,1.5,False,-4,前日と同レベルで、やや速めの時計が出る馬場。
201810010408,8,4歳以上500万下,芝,1800,晴,良,13:35,2018-02-18,小倉,7,7,14,2012105695,エスペランサルル,牝6,55,01144,菱田裕二,1:48.2,ハナ,11-10-10-8,36.1,47.5,11,430(-6),00434,[西]西橋豊治,148033,江上幸隆,,"4(9,13)(1,3)16(6,7,15)11,14(5,8)10,12=2",11,1,1.5,False,"4(9,13)(1,3)16(6,7,15)-(11,14)(5,8)10,12-2",10,2,3.5,False,"4(1,9,13)(3,16)12(6,7)(14,15)(8,10)-(5,11)-2",10,2,0.0,False,"4,16(1,9,13)(3,12)(14,6,15)10,7-8-2,5,11",8,3,1.5,False,-4,前日と同レベルで、やや速めの時計が出る馬場。
201810010408,8,4歳以上500万下,芝,1800,晴,良,13:35,2018-02-18,小倉,8,1,2,2013101727,タガノガジュマル,牡5,57,01115,浜中俊,1:48.2,クビ,16-16-16-14,35.0,11.0,6,426(+6),01099,[西]本田優,859002,八木良司,,"4(9,13)(1,3)16(6,7,15)11,14(5,8)10,12=2",16,1,9.0,False,"4(9,13)(1,3)16(6,7,15)-(11,14)(5,8)10,12-2",16,1,8.5,False,"4(1,9,13)(3,16)12(6,7)(14,15)(8,10)-(5,11)-2",16,1,7.0,False,"4,16(1,9,13)(3,12)(14,6,15)10,7-8-2,5,11",14,1,10.0,False,-4,前日と同レベルで、やや速めの時計が出る馬場。
201810010408,8,4歳以上500万下,芝,1800,晴,良,13:35,2018-02-18,小倉,9,3,6,2013102687,トゥルーハート,牡5,57,01157,鮫島克駿,1:48.3,クビ,7-7-8-8,36.6,6.2,5,476(+2),01087,[西]庄野靖志,547800,ヒダカ・ブリーダーズ...,,"4(9,13)(1,3)16(6,7,15)11,14(5,8)10,12=2",7,3,0.0,False,"4(9,13)(1,3)16(6,7,15)-(11,14)(5,8)10,12-2",7,3,0.0,False,"4(1,9,13)(3,16)12(6,7)(14,15)(8,10)-(5,11)-2",8,2,0.0,False,"4,16(1,9,13)(3,12)(14,6,15)10,7-8-2,5,11",8,3,1.5,False,-4,前日と同レベルで、やや速めの時計が出る馬場。
201810010408,8,4歳以上500万下,芝,1800,晴,良,13:35,2018-02-18,小倉,10,7,13,2013103576,スノーマン,牡5,57,01018,和田竜二,1:48.5,1.1/4,2-2-2-3,37.3,4.9,1,492(-10),01129,[西]高橋義忠,273033,永井秀貴,,"4(9,13)(1,3)16(6,7,15)11,14(5,8)10,12=2",2,2,0.0,False,"4(9,13)(1,3)16(6,7,15)-(11,14)(5,8)10,12-2",2,2,0.0,False,"4(1,9,13)(3,16)12(6,7)(14,15)(8,10)-(5,11)-2",2,3,0.0,False,"4,16(1,9,13)(3,12)(14,6,15)10,7-8-2,5,11",3,3,1.5,False,-4,前日と同レベルで、やや速めの時計が出る馬場。
201810010408,8,4歳以上500万下,芝,1800,晴,良,13:35,2018-02-18,小倉,11,2,3,2013106315,メイショウカクオビ,セ5,55,01165,森裕太朗,1:48.8,2,4-4-5-6,37.5,88.5,12,480(-6),01049,[西]南井克巳,523005,松本好雄,,"4(9,13)(1,3)16(6,7,15)11,14(5,8)10,12=2",4,2,0.0,False,"4(9,13)(1,3)16(6,7,15)-(11,14)(5,8)10,12-2",4,2,0.0,False,"4(1,9,13)(3,16)12(6,7)(14,15)(8,10)-(5,11)-2",5,2,0.0,False,"4,16(1,9,13)(3,12)(14,6,15)10,7-8-2,5,11",6,2,1.5,False,-4,前日と同レベルで、やや速めの時計が出る馬場。
201810010408,8,4歳以上500万下,芝,1800,晴,良,13:35,2018-02-18,小倉,12,1,1,2014102361,マサノホウオウ,牡4,53,01170,横山武史,1:49.0,1.1/2,4-4-2-3,37.8,17.2,9,478(-8),00436,[東]堀井雅広,320803,古賀禎彦,,"4(9,13)(1,3)16(6,7,15)11,14(5,8)10,12=2",4,2,0.0,False,"4(9,13)(1,3)16(6,7,15)-(11,14)(5,8)10,12-2",4,2,0.0,False,"4(1,9,13)(3,16)12(6,7)(14,15)(8,10)-(5,11)-2",2,3,0.0,False,"4,16(1,9,13)(3,12)(14,6,15)10,7-8-2,5,11",3,3,1.5,False,-4,前日と同レベルで、やや速めの時計が出る馬場。
201810010408,8,4歳以上500万下,芝,1800,晴,良,13:35,2018-02-18,小倉,13,4,7,2014106101,ハムレット,牡4,56,01154,松若風馬,1:49.1,1/2,7-7-8-12,37.3,17.5,10,426(-2),00419,[西]松元茂樹,148800,グリーンファーム,,"4(9,13)(1,3)16(6,7,15)11,14(5,8)10,12=2",7,3,0.0,False,"4(9,13)(1,3)16(6,7,15)-(11,14)(5,8)10,12-2",7,3,0.0,False,"4(1,9,13)(3,16)12(6,7)(14,15)(8,10)-(5,11)-2",8,2,0.0,False,"4,16(1,9,13)(3,12)(14,6,15)10,7-8-2,5,11",12,1,3.0,False,-4,前日と同レベルで、やや速めの時計が出る馬場。
201810010408,8,4歳以上500万下,芝,1800,晴,良,13:35,2018-02-18,小倉,14,4,8,2014106482,ロックンルージュ,牝4,54,01142,長岡禎仁,1:49.1,クビ,12-12-12-13,36.8,189.5,15,496(+2),01081,[東]中川公成,407033,堀口晴男,,"4(9,13)(1,3)16(6,7,15)11,14(5,8)10,12=2",12,2,1.5,False,"4(9,13)(1,3)16(6,7,15)-(11,14)(5,8)10,12-2",12,2,3.5,False,"4(1,9,13)(3,16)12(6,7)(14,15)(8,10)-(5,11)-2",12,2,0.0,False,"4,16(1,9,13)(3,12)(14,6,15)10,7-8-2,5,11",13,1,6.5,False,-4,前日と同レベルで、やや速めの時計が出る馬場。
201810010408,8,4歳以上500万下,芝,1800,晴,良,13:35,2018-02-18,小倉,15,3,5,2014103296,カシノロマンス,牝4,54,01049,二本柳壮,1:50.5,8,12-12-14-15,37.6,102.1,13,426(-6),00370,[東]二本柳俊,514009,柏木務,,"4(9,13)(1,3)16(6,7,15)11,14(5,8)10,12=2",12,2,1.5,False,"4(9,13)(1,3)16(6,7,15)-(11,14)(5,8)10,12-2",12,2,3.5,False,"4(1,9,13)(3,16)12(6,7)(14,15)(8,10)-(5,11)-2",14,2,3.5,False,"4,16(1,9,13)(3,12)(14,6,15)10,7-8-2,5,11",15,1,11.5,False,-4,前日と同レベルで、やや速めの時計が出る馬場。
201810010408,8,4歳以上500万下,芝,1800,晴,良,13:35,2018-02-18,小倉,16,6,11,2013100948,コットンパール,牝5,55,01112,荻野琢真,1:50.6,3/4,10-10-14-16,37.7,246.3,16,452(-6),01014,[東]高市圭二,629800,ミルファーム,,"4(9,13)(1,3)16(6,7,15)11,14(5,8)10,12=2",10,1,0.0,False,"4(9,13)(1,3)16(6,7,15)-(11,14)(5,8)10,12-2",10,2,3.5,False,"4(1,9,13)(3,16)12(6,7)(14,15)(8,10)-(5,11)-2",14,2,3.5,False,"4,16(1,9,13)(3,12)(14,6,15)10,7-8-2,5,11",16,1,13.0,False,-4,前日と同レベルで、やや速めの時計が出る馬場。
201810010409,9,4歳以上500万下,ダ,1700,晴,良,14:05,2018-02-18,小倉,1,3,5,2014105425,ヘヴントゥナイト,牡4,56,01154,松若風馬,1:45.5,,3-3-3-2,38.2,7.0,3,478(+2),01157,[西]杉山晴紀,415800,社台レースホース,750.0,"3,4,5(1,8,7)10(2,9)12,6,13,16,14,15-11",3,1,3.0,False,"3,4,5(1,8,7)-10(2,9)12,6,13,14,16-15=11",3,1,3.0,False,"3,4,5(1,8,7)(10,14)(2,9)12(6,13)=16,15=11",3,1,3.0,False,"3-(1,4,5)14-(8,7)(12,10,9)(2,13)6=15-16=11",2,3,3.5,False,2,
201810010409,9,4歳以上500万下,ダ,1700,晴,良,14:05,2018-02-18,小倉,2,7,14,2014106117,ステイオンザトップ,牡4,56,01102,北村友一,1:45.9,2.1/2,14-13-7-5,38.1,6.6,2,466(-2),01105,[西]須貝尚介,506800,シルクレーシング,300.0,"3,4,5(1,8,7)10(2,9)12,6,13,16,14,15-11",14,1,9.0,False,"3,4,5(1,8,7)-10(2,9)12,6,13,14,16-15=11",13,1,11.0,False,"3,4,5(1,8,7)(10,14)(2,9)12(6,13)=16,15=11",7,2,3.0,False,"3-(1,4,5)14-(8,7)(12,10,9)(2,13)6=15-16=11",5,1,3.5,False,2,
201810010409,9,4歳以上500万下,ダ,1700,晴,良,14:05,2018-02-18,小倉,3,2,3,2012100005,マイネルネッツ,牡6,57,01091,丹内祐次,1:46.8,5,1-1-1-1,39.7,2.3,1,488(-4),01132,[東]金成貴史,546800,サラブレッドクラブ・...,190.0,"3,4,5(1,8,7)10(2,9)12,6,13,16,14,15-11",1,1,0.0,False,"3,4,5(1,8,7)-10(2,9)12,6,13,14,16-15=11",1,1,0.0,False,"3,4,5(1,8,7)(10,14)(2,9)12(6,13)=16,15=11",1,1,0.0,False,"3-(1,4,5)14-(8,7)(12,10,9)(2,13)6=15-16=11",1,1,0.0,False,2,
201810010409,9,4歳以上500万下,ダ,1700,晴,良,14:05,2018-02-18,小倉,4,1,1,2014103035,ジェミニズ,牡4,56,01018,和田竜二,1:47.0,1.1/4,4-4-4-2,39.6,7.9,5,496(-12),00397,[西]岩元市三,542800,ライオンレースホース,110.0,"3,4,5(1,8,7)10(2,9)12,6,13,16,14,15-11",4,3,3.0,False,"3,4,5(1,8,7)-10(2,9)12,6,13,14,16-15=11",4,3,3.0,False,"3,4,5(1,8,7)(10,14)(2,9)12(6,13)=16,15=11",4,3,3.0,False,"3-(1,4,5)14-(8,7)(12,10,9)(2,13)6=15-16=11",2,3,3.5,False,2,
201810010409,9,4歳以上500万下,ダ,1700,晴,良,14:05,2018-02-18,小倉,5,7,13,2014103311,マイネルストラトス,牡4,56,01117,丸田恭介,1:47.2,1.1/4,12-12-12-11,39.0,12.6,6,490(+5),00417,[東]土田稔,367033,杉浦和也,75.0,"3,4,5(1,8,7)10(2,9)12,6,13,16,14,15-11",12,1,6.0,False,"3,4,5(1,8,7)-10(2,9)12,6,13,14,16-15=11",12,1,9.5,False,"3,4,5(1,8,7)(10,14)(2,9)12(6,13)=16,15=11",12,2,3.0,False,"3-(1,4,5)14-(8,7)(12,10,9)(2,13)6=15-16=11",11,2,7.0,False,2,
201810010409,9,4歳以上500万下,ダ,1700,晴,良,14:05,2018-02-18,小倉,6,6,12,2014102122,クリノアントニヌス,牡4,56,01157,鮫島克駿,1:47.2,ハナ,10-10-11-8,39.1,117.3,12,522(-2),01003,[西]川村禎彦,970006,栗本博晴,,"3,4,5(1,8,7)10(2,9)12,6,13,16,14,15-11",10,1,3.0,False,"3,4,5(1,8,7)-10(2,9)12,6,13,14,16-15=11",10,1,6.5,False,"3,4,5(1,8,7)(10,14)(2,9)12(6,13)=16,15=11",11,1,3.0,False,"3-(1,4,5)14-(8,7)(12,10,9)(2,13)6=15-16=11",8,3,7.0,False,2,
201810010409,9,4歳以上500万下,ダ,1700,晴,良,14:05,2018-02-18,小倉,7,5,10,2013105979,セカンドエフォート,牡5,57,01038,中谷雄太,1:47.4,1.1/2,7-7-7-8,39.6,15.7,7,498(-6),01107,[西]村山明,506800,シルクレーシング,,"3,4,5(1,8,7)10(2,9)12,6,13,16,14,15-11",7,1,3.0,False,"3,4,5(1,8,7)-10(2,9)12,6,13,14,16-15=11",7,1,6.5,False,"3,4,5(1,8,7)(10,14)(2,9)12(6,13)=16,15=11",7,2,3.0,False,"3-(1,4,5)14-(8,7)(12,10,9)(2,13)6=15-16=11",8,3,7.0,False,2,
201810010409,9,4歳以上500万下,ダ,1700,晴,良,14:05,2018-02-18,小倉,8,3,6,2012102865,リーダーズ,牡6,57,05243,柴山雄一,1:48.1,4,11-11-12-13,39.8,43.2,10,498(-4),00435,[東]藤原辰雄,686006,平井裕,,"3,4,5(1,8,7)10(2,9)12,6,13,16,14,15-11",11,1,4.5,False,"3,4,5(1,8,7)-10(2,9)12,6,13,14,16-15=11",11,1,8.0,False,"3,4,5(1,8,7)(10,14)(2,9)12(6,13)=16,15=11",12,2,3.0,False,"3-(1,4,5)14-(8,7)(12,10,9)(2,13)6=15-16=11",13,1,7.0,False,2,
201810010409,9,4歳以上500万下,ダ,1700,晴,良,14:05,2018-02-18,小倉,9,4,7,2012100849,バリキ,牡6,54,01164,藤田菜七,1:48.5,2.1/2,4-4-4-6,41.0,7.6,4,456(+4),01111,[西]鈴木孝志,330007,杉澤光雄,,"3,4,5(1,8,7)10(2,9)12,6,13,16,14,15-11",4,3,3.0,False,"3,4,5(1,8,7)-10(2,9)12,6,13,14,16-15=11",4,3,3.0,False,"3,4,5(1,8,7)(10,14)(2,9)12(6,13)=16,15=11",4,3,3.0,False,"3-(1,4,5)14-(8,7)(12,10,9)(2,13)6=15-16=11",6,2,7.0,False,2,
201810010409,9,4歳以上500万下,ダ,1700,晴,良,14:05,2018-02-18,小倉,10,8,15,2014101240,ビービーパドル,牡4,56,01095,吉田隼人,1:48.5,ハナ,15-15-15-14,39.0,146.0,13,464(0),01153,[東]中舘英二,974030,坂東勝彦,,"3,4,5(1,8,7)10(2,9)12,6,13,16,14,15-11",15,1,10.5,False,"3,4,5(1,8,7)-10(2,9)12,6,13,14,16-15=11",15,1,16.0,False,"3,4,5(1,8,7)(10,14)(2,9)12(6,13)=16,15=11",15,1,10.5,False,"3-(1,4,5)14-(8,7)(12,10,9)(2,13)6=15-16=11",14,1,13.0,False,2,
201810010409,9,4歳以上500万下,ダ,1700,晴,良,14:05,2018-02-18,小倉,11,1,2,2012103633,ラックアサイン,牝6,52,01170,横山武史,1:49.0,3,8-8-9-11,41.0,183.4,15,488(-2),01012,[東]大江原哲,851009,岡田牧雄,,"3,4,5(1,8,7)10(2,9)12,6,13,16,14,15-11",8,2,3.0,False,"3,4,5(1,8,7)-10(2,9)12,6,13,14,16-15=11",8,2,6.5,False,"3,4,5(1,8,7)(10,14)(2,9)12(6,13)=16,15=11",9,2,3.0,False,"3-(1,4,5)14-(8,7)(12,10,9)(2,13)6=15-16=11",11,2,7.0,False,2,
201810010409,9,4歳以上500万下,ダ,1700,晴,良,14:05,2018-02-18,小倉,12,2,4,2014101625,エンパイアガール,牝4,54,01128,川須栄彦,1:49.0,ハナ,2-2-2-2,41.8,38.6,9,458(-6),01075,[西]矢作芳人,444030,太田珠々子,,"3,4,5(1,8,7)10(2,9)12,6,13,16,14,15-11",2,1,1.5,False,"3,4,5(1,8,7)-10(2,9)12,6,13,14,16-15=11",2,1,1.5,False,"3,4,5(1,8,7)(10,14)(2,9)12(6,13)=16,15=11",2,1,1.5,False,"3-(1,4,5)14-(8,7)(12,10,9)(2,13)6=15-16=11",2,3,3.5,False,2,
201810010409,9,4歳以上500万下,ダ,1700,晴,良,14:05,2018-02-18,小倉,13,4,8,2013101663,クラウンホイール,牡5,56,01153,木幡初也,1:49.1,1/2,4-4-4-6,41.6,152.8,14,518(-6),01090,[東]天間昭一,251033,矢野まり子,,"3,4,5(1,8,7)10(2,9)12,6,13,16,14,15-11",4,3,3.0,False,"3,4,5(1,8,7)-10(2,9)12,6,13,14,16-15=11",4,3,3.0,False,"3,4,5(1,8,7)(10,14)(2,9)12(6,13)=16,15=11",4,3,3.0,False,"3-(1,4,5)14-(8,7)(12,10,9)(2,13)6=15-16=11",6,2,7.0,False,2,
201810010409,9,4歳以上500万下,ダ,1700,晴,良,14:05,2018-02-18,小倉,14,5,9,2013101819,キャノンストーム,牡5,57,00894,小牧太,1:49.1,ハナ,8-8-9-8,41.1,36.0,8,504(+4),01104,[西]笹田和秀,948006,前田幸治,,"3,4,5(1,8,7)10(2,9)12,6,13,16,14,15-11",8,2,3.0,False,"3,4,5(1,8,7)-10(2,9)12,6,13,14,16-15=11",8,2,6.5,False,"3,4,5(1,8,7)(10,14)(2,9)12(6,13)=16,15=11",9,2,3.0,False,"3-(1,4,5)14-(8,7)(12,10,9)(2,13)6=15-16=11",8,3,7.0,False,2,
201810010409,9,4歳以上500万下,ダ,1700,晴,良,14:05,2018-02-18,小倉,15,8,16,2014102088,ランドジュピター,牡4,56,01144,菱田裕二,1:50.4,8,13-14-14-15,41.2,44.1,11,466(-4),01042,[西]安達昭夫,862009,木村昌三,,"3,4,5(1,8,7)10(2,9)12,6,13,16,14,15-11",13,1,7.5,False,"3,4,5(1,8,7)-10(2,9)12,6,13,14,16-15=11",14,1,12.5,False,"3,4,5(1,8,7)(10,14)(2,9)12(6,13)=16,15=11",14,1,9.0,False,"3-(1,4,5)14-(8,7)(12,10,9)(2,13)6=15-16=11",15,1,16.5,False,2,
201810010409,9,4歳以上500万下,ダ,1700,晴,良,14:05,2018-02-18,小倉,16,6,11,2013109145,カシノエイシ,牡5,57,01049,二本柳壮,1:51.3,5,16-16-16-16,39.9,360.6,16,560(+14),00370,[東]二本柳俊,514009,柏木務,,"3,4,5(1,8,7)10(2,9)12,6,13,16,14,15-11",16,1,14.0,False,"3,4,5(1,8,7)-10(2,9)12,6,13,14,16-15=11",16,1,22.0,False,"3,4,5(1,8,7)(10,14)(2,9)12(6,13)=16,15=11",16,1,16.5,False,"3-(1,4,5)14-(8,7)(12,10,9)(2,13)6=15-16=11",16,1,22.5,False,2,
201810010410,10,日田特別(1勝),芝,2000,晴,良,14:40,2018-02-18,小倉,1,6,7,2013102171,アルマレイモミ,牝5,55,01092,津村明秀,2:00.4,,9-9-6-3,36.0,11.7,6,450(-6),01016,[西]西浦勝一,095700,コウトミックレーシン...,"1,078.0","8-11,10-4,12-(2,9)3(7,6)(1,5)",9,2,13.5,False,"8-11-10-4,12-9,2,3,7,1(5,6)",9,1,20.0,False,"(*8,11)10(4,12)(2,3,9,7)1,5=6",6,4,0.0,False,"(*11,10)7(8,4,12,9)(2,3,1,5)=6",3,1,0.0,False,-4,前日と同レベルで、やや速めの時計が出る馬場。
201810010410,10,日田特別(1勝),芝,2000,晴,良,14:40,2018-02-18,小倉,2,3,3,2014105436,エレクトロニカ,牝4,54,01088,川田将雅,2:00.5,3/4,8-8-6-8,36.2,2.0,1,420(-4),01105,[西]須貝尚介,415800,社台レースホース,428.0,"8-11,10-4,12-(2,9)3(7,6)(1,5)",8,1,13.5,False,"8-11-10-4,12-9,2,3,7,1(5,6)",8,1,18.5,False,"(*8,11)10(4,12)(2,3,9,7)1,5=6",6,4,0.0,False,"(*11,10)7(8,4,12,9)(2,3,1,5)=6",8,4,0.0,False,-4,前日と同レベルで、やや速めの時計が出る馬場。
201810010410,10,日田特別(1勝),芝,2000,晴,良,14:40,2018-02-18,小倉,3,5,5,2013104960,アオイプリンセス,牝5,55,01038,中谷雄太,2:00.6,3/4,11-11-11-8,36.0,8.8,5,454(-2),01058,[西]大久保龍,974033,新谷正子,264.0,"8-11,10-4,12-(2,9)3(7,6)(1,5)",11,2,13.5,False,"8-11-10-4,12-9,2,3,7,1(5,6)",11,2,21.5,False,"(*8,11)10(4,12)(2,3,9,7)1,5=6",11,1,1.5,False,"(*11,10)7(8,4,12,9)(2,3,1,5)=6",8,4,0.0,False,-4,前日と同レベルで、やや速めの時計が出る馬場。
201810010410,10,日田特別(1勝),芝,2000,晴,良,14:40,2018-02-18,小倉,4,8,11,2014105389,ドロウアカード,牝4,54,01018,和田竜二,2:00.7,3/4,2-2-2-1,36.9,7.3,4,456(+2),01121,[西]角田晃一,808800,Ｇ１レーシング,160.0,"8-11,10-4,12-(2,9)3(7,6)(1,5)",2,1,3.5,False,"8-11-10-4,12-9,2,3,7,1(5,6)",2,1,3.5,False,"(*8,11)10(4,12)(2,3,9,7)1,5=6",2,2,0.0,False,"(*11,10)7(8,4,12,9)(2,3,1,5)=6",1,2,0.0,True,-4,前日と同レベルで、やや速めの時計が出る馬場。
201810010410,10,日田特別(1勝),芝,2000,晴,良,14:40,2018-02-18,小倉,5,8,12,2014103990,モハー,牝4,54,01133,水口優也,2:00.9,3/4,5-5-4-4,36.7,53.1,8,476(-26),00365,[西]崎山博樹,789002,北山敏隆,105.0,"8-11,10-4,12-(2,9)3(7,6)(1,5)",5,1,10.0,False,"8-11-10-4,12-9,2,3,7,1(5,6)",5,1,12.0,False,"(*8,11)10(4,12)(2,3,9,7)1,5=6",4,2,0.0,False,"(*11,10)7(8,4,12,9)(2,3,1,5)=6",4,4,0.0,False,-4,前日と同レベルで、やや速めの時計が出る馬場。
201810010410,10,日田特別(1勝),芝,2000,晴,良,14:40,2018-02-18,小倉,6,7,10,2014102146,リリックドラマ,牝4,54,01144,菱田裕二,2:00.9,ハナ,3-3-3-2,37.0,6.7,3,460(-4),01066,[西]岡田稲男,003060,Ｈ．Ｈ．シェイク・モ...,,"8-11,10-4,12-(2,9)3(7,6)(1,5)",3,1,5.0,False,"8-11-10-4,12-9,2,3,7,1(5,6)",3,1,7.0,False,"(*8,11)10(4,12)(2,3,9,7)1,5=6",3,1,0.0,False,"(*11,10)7(8,4,12,9)(2,3,1,5)=6",2,2,0.0,False,-4,前日と同レベルで、やや速めの時計が出る馬場。
201810010410,10,日田特別(1勝),芝,2000,晴,良,14:40,2018-02-18,小倉,7,1,1,2014100597,スパイクナード,牝4,54,01102,北村友一,2:01.1,1.1/2,11-10-10-8,36.6,5.3,2,434(-4),00429,[西]佐々木晶,948006,前田幸治,,"8-11,10-4,12-(2,9)3(7,6)(1,5)",11,2,13.5,False,"8-11-10-4,12-9,2,3,7,1(5,6)",10,1,21.5,False,"(*8,11)10(4,12)(2,3,9,7)1,5=6",10,1,0.0,False,"(*11,10)7(8,4,12,9)(2,3,1,5)=6",8,4,0.0,False,-4,前日と同レベルで、やや速めの時計が出る馬場。
201810010410,10,日田特別(1勝),芝,2000,晴,良,14:40,2018-02-18,小倉,8,7,9,2014100739,ラントシャフト,牝4,54,01091,丹内祐次,2:01.1,クビ,6-6-6-4,36.8,23.9,7,460(+12),01028,[西]西園正都,546800,サラブレッドクラブ・...,,"8-11,10-4,12-(2,9)3(7,6)(1,5)",6,2,13.5,False,"8-11-10-4,12-9,2,3,7,1(5,6)",6,1,15.5,False,"(*8,11)10(4,12)(2,3,9,7)1,5=6",6,4,0.0,False,"(*11,10)7(8,4,12,9)(2,3,1,5)=6",4,4,0.0,False,-4,前日と同レベルで、やや速めの時計が出る馬場。
201810010410,10,日田特別(1勝),芝,2000,晴,良,14:40,2018-02-18,小倉,9,4,4,2014100728,クイントゥープル,牝4,54,01109,黛弘人,2:01.2,クビ,4-4-4-4,37.1,161.7,10,438(-2),01010,[東]中野栄治,716800,ビッグレッドファーム,,"8-11,10-4,12-(2,9)3(7,6)(1,5)",4,1,8.5,False,"8-11-10-4,12-9,2,3,7,1(5,6)",4,1,10.5,False,"(*8,11)10(4,12)(2,3,9,7)1,5=6",4,2,0.0,False,"(*11,10)7(8,4,12,9)(2,3,1,5)=6",4,4,0.0,False,-4,前日と同レベルで、やや速めの時計が出る馬場。
201810010410,10,日田特別(1勝),芝,2000,晴,良,14:40,2018-02-18,小倉,10,2,2,2012106281,エヴァンジル,牝6,55,01162,木幡巧也,2:02.2,6,6-7-6-8,37.8,208.6,11,470(-6),01052,[東]菊川正達,851009,岡田牧雄,,"8-11,10-4,12-(2,9)3(7,6)(1,5)",6,2,13.5,False,"8-11-10-4,12-9,2,3,7,1(5,6)",7,1,17.0,False,"(*8,11)10(4,12)(2,3,9,7)1,5=6",6,4,0.0,False,"(*11,10)7(8,4,12,9)(2,3,1,5)=6",8,4,0.0,False,-4,前日と同レベルで、やや速めの時計が出る馬場。
201810010410,10,日田特別(1勝),芝,2000,晴,良,14:40,2018-02-18,小倉,11,6,8,2013102278,フェルクレール,牝5,55,01134,嶋田純次,2:02.5,2,1-1-1-4,38.7,89.8,9,428(-14),01141,[東]尾形和幸,195033,米津佳昭,,"8-11,10-4,12-(2,9)3(7,6)(1,5)",1,1,0.0,False,"8-11-10-4,12-9,2,3,7,1(5,6)",1,1,0.0,False,"(*8,11)10(4,12)(2,3,9,7)1,5=6",1,2,0.0,True,"(*11,10)7(8,4,12,9)(2,3,1,5)=6",4,4,0.0,False,-4,前日と同レベルで、やや速めの時計が出る馬場。
201810010410,10,日田特別(1勝),芝,2000,晴,良,14:40,2018-02-18,小倉,中,5,6,2014100339,イチザヒロイン,牝4,54,01157,鮫島克駿,,,9-11-12-12,,244.8,12,452(+4),00434,[西]西橋豊治,610006,奈良崎孝一郎,,"8-11,10-4,12-(2,9)3(7,6)(1,5)",9,2,13.5,False,"8-11-10-4,12-9,2,3,7,1(5,6)",11,2,21.5,False,"(*8,11)10(4,12)(2,3,9,7)1,5=6",12,1,7.5,False,"(*11,10)7(8,4,12,9)(2,3,1,5)=6",12,1,6.0,False,-4,前日と同レベルで、やや速めの時計が出る馬場。
201810010411,11,第52回小倉大賞典(GIII),芝,1800,晴,良,15:20,2018-02-18,小倉,1,7,13,2014102897,トリオンフ,セ4,54,01088,川田将雅,1:46.1,,6-5-3-2,34.2,2.3,1,532(-8),01105,[西]須貝尚介,051803,ＫＴレーシング,"4,156.7","(11,*14)5(9,10)(6,12,13)(2,16)4,1,7(3,8)-15",6,3,0.0,False,"(11,*14)-5-10(9,13)(6,12)16,2,4,1(3,7,8)15",5,2,7.0,False,"(*14,11)(9,5,10,13)(2,6,12)(1,4,16)(3,7,8)15",3,4,0.0,False,"(14,*10,13)(5,6)(11,12)9(16,8)(3,7)(1,15)4   2",2,3,0.0,False,-4,前日と同レベルで、やや速めの時計が出る馬場。
201810010411,11,第52回小倉大賞典(GIII),芝,1800,晴,良,15:20,2018-02-18,小倉,2,8,16,2012105433,クインズミラーグロ,牝6,53,01117,丸田恭介,1:46.5,2.1/2,9-9-10-9,34.1,121.4,15,460(0),00353,[東]和田正道,896800,クイーンズ・ランチ,"1,616.2","(11,*14)5(9,10)(6,12,13)(2,16)4,1,7(3,8)-15",9,2,0.0,False,"(11,*14)-5-10(9,13)(6,12)16,2,4,1(3,7,8)15",9,1,7.0,False,"(*14,11)(9,5,10,13)(2,6,12)(1,4,16)(3,7,8)15",10,3,0.0,False,"(14,*10,13)(5,6)(11,12)9(16,8)(3,7)(1,15)4   2",9,2,0.0,False,-4,前日と同レベルで、やや速めの時計が出る馬場。
201810010411,11,第52回小倉大賞典(GIII),芝,1800,晴,良,15:20,2018-02-18,小倉,3,1,1,2011105898,スズカデヴィアス,牡7,56.5,01095,吉田隼人,1:46.7,1.1/4,12-12-10-13,34.3,9.0,4,514(0),00362,[西]橋田満,382004,永井啓弍,"1,008.1","(11,*14)5(9,10)(6,12,13)(2,16)4,1,7(3,8)-15",12,1,1.5,False,"(11,*14)-5-10(9,13)(6,12)16,2,4,1(3,7,8)15",12,1,11.5,False,"(*14,11)(9,5,10,13)(2,6,12)(1,4,16)(3,7,8)15",10,3,0.0,False,"(14,*10,13)(5,6)(11,12)9(16,8)(3,7)(1,15)4   2",13,2,0.0,False,-4,前日と同レベルで、やや速めの時計が出る馬場。
201810010411,11,第52回小倉大賞典(GIII),芝,1800,晴,良,15:20,2018-02-18,小倉,4,3,6,2012110113,ダッシングブレイズ,牡6,57,01115,浜中俊,1:46.7,クビ,6-7-7-4,34.6,7.2,3,510(+10),01130,[西]吉村圭司,766800,グリーンフィールズ,620.0,"(11,*14)5(9,10)(6,12,13)(2,16)4,1,7(3,8)-15",6,3,0.0,False,"(11,*14)-5-10(9,13)(6,12)16,2,4,1(3,7,8)15",7,2,7.0,False,"(*14,11)(9,5,10,13)(2,6,12)(1,4,16)(3,7,8)15",7,3,0.0,False,"(14,*10,13)(5,6)(11,12)9(16,8)(3,7)(1,15)4   2",4,2,0.0,False,-4,前日と同レベルで、やや速めの時計が出る馬場。
201810010411,11,第52回小倉大賞典(GIII),芝,1800,晴,良,15:20,2018-02-18,小倉,5,4,8,2012104463,マサハヤドリーム,牡6,54,01018,和田竜二,1:46.8,1/2,14-13-13-9,34.2,18.7,7,466(-14),01128,[西]今野貞一,471033,中村政夫,410.0,"(11,*14)5(9,10)(6,12,13)(2,16)4,1,7(3,8)-15",14,2,3.0,False,"(11,*14)-5-10(9,13)(6,12)16,2,4,1(3,7,8)15",13,3,11.5,False,"(*14,11)(9,5,10,13)(2,6,12)(1,4,16)(3,7,8)15",13,3,0.0,False,"(14,*10,13)(5,6)(11,12)9(16,8)(3,7)(1,15)4   2",9,2,0.0,False,-4,前日と同レベルで、やや速めの時計が出る馬場。
201810010411,11,第52回小倉大賞典(GIII),芝,1800,晴,良,15:20,2018-02-18,小倉,6,2,3,2011104263,サトノスティング,牡7,53,01154,松若風馬,1:46.9,3/4,14-13-13-11,34.3,73.1,13,470(+2),01063,[東]的場均,075803,サトミホースカンパニ...,,"(11,*14)5(9,10)(6,12,13)(2,16)4,1,7(3,8)-15",14,2,3.0,False,"(11,*14)-5-10(9,13)(6,12)16,2,4,1(3,7,8)15",13,3,11.5,False,"(*14,11)(9,5,10,13)(2,6,12)(1,4,16)(3,7,8)15",13,3,0.0,False,"(14,*10,13)(5,6)(11,12)9(16,8)(3,7)(1,15)4   2",11,2,0.0,False,-4,前日と同レベルで、やや速めの時計が出る馬場。
201810010411,11,第52回小倉大賞典(GIII),芝,1800,晴,良,15:20,2018-02-18,小倉,7,8,15,2012104512,ハッピーユニバンス,牝6,51,01138,藤懸貴志,1:47.0,クビ,16-16-16-13,34.2,54.5,12,476(-14),01082,[西]平田修,164008,亀井哲也,,"(11,*14)5(9,10)(6,12,13)(2,16)4,1,7(3,8)-15",16,1,6.5,False,"(11,*14)-5-10(9,13)(6,12)16,2,4,1(3,7,8)15",16,1,11.5,False,"(*14,11)(9,5,10,13)(2,6,12)(1,4,16)(3,7,8)15",16,1,0.0,False,"(14,*10,13)(5,6)(11,12)9(16,8)(3,7)(1,15)4   2",13,2,0.0,False,-4,前日と同レベルで、やや速めの時計が出る馬場。
201810010411,11,第52回小倉大賞典(GIII),芝,1800,晴,良,15:20,2018-02-18,小倉,8,3,5,2014106205,サトノアリシア,牝4,51,01128,川須栄彦,1:47.1,1/2,3-3-3-4,35.2,24.3,8,476(-2),01082,[西]平田修,075803,サトミホースカンパニ...,,"(11,*14)5(9,10)(6,12,13)(2,16)4,1,7(3,8)-15",3,1,0.0,False,"(11,*14)-5-10(9,13)(6,12)16,2,4,1(3,7,8)15",3,1,3.5,False,"(*14,11)(9,5,10,13)(2,6,12)(1,4,16)(3,7,8)15",3,4,0.0,False,"(14,*10,13)(5,6)(11,12)9(16,8)(3,7)(1,15)4   2",4,2,0.0,False,-4,前日と同レベルで、やや速めの時計が出る馬場。
201810010411,11,第52回小倉大賞典(GIII),芝,1800,晴,良,15:20,2018-02-18,小倉,9,5,9,2010104113,ケイティープライド,牡8,52,01157,鮫島克駿,1:47.1,クビ,4-5-3-8,35.2,130.2,16,492(+4),01121,[西]角田晃一,808800,Ｇ１レーシング,,"(11,*14)5(9,10)(6,12,13)(2,16)4,1,7(3,8)-15",4,2,0.0,False,"(11,*14)-5-10(9,13)(6,12)16,2,4,1(3,7,8)15",5,2,7.0,False,"(*14,11)(9,5,10,13)(2,6,12)(1,4,16)(3,7,8)15",3,4,0.0,False,"(14,*10,13)(5,6)(11,12)9(16,8)(3,7)(1,15)4   2",8,1,0.0,False,-4,前日と同レベルで、やや速めの時計が出る馬場。
201810010411,11,第52回小倉大賞典(GIII),芝,1800,晴,良,15:20,2018-02-18,小倉,10,5,10,2013105387,タイセイサミット,牡5,56,01038,中谷雄太,1:47.1,アタマ,4-4-3-1,35.3,28.8,10,492(-4),01075,[西]矢作芳人,224007,田中成奉,,"(11,*14)5(9,10)(6,12,13)(2,16)4,1,7(3,8)-15",4,2,0.0,False,"(11,*14)-5-10(9,13)(6,12)16,2,4,1(3,7,8)15",4,1,7.0,False,"(*14,11)(9,5,10,13)(2,6,12)(1,4,16)(3,7,8)15",3,4,0.0,False,"(14,*10,13)(5,6)(11,12)9(16,8)(3,7)(1,15)4   2",1,3,0.0,True,-4,前日と同レベルで、やや速めの時計が出る馬場。
201810010411,11,第52回小倉大賞典(GIII),芝,1800,晴,良,15:20,2018-02-18,小倉,11,2,4,2012104785,ストレンジクォーク,牡6,54,05243,柴山雄一,1:47.1,ハナ,11-11-10-15,34.7,9.1,5,498(-6),01013,[東]小島太,486800,キャロットファーム,,"(11,*14)5(9,10)(6,12,13)(2,16)4,1,7(3,8)-15",11,1,0.0,False,"(11,*14)-5-10(9,13)(6,12)16,2,4,1(3,7,8)15",11,1,10.0,False,"(*14,11)(9,5,10,13)(2,6,12)(1,4,16)(3,7,8)15",10,3,0.0,False,"(14,*10,13)(5,6)(11,12)9(16,8)(3,7)(1,15)4   2",15,1,0.0,False,-4,前日と同レベルで、やや速めの時計が出る馬場。
201810010411,11,第52回小倉大賞典(GIII),芝,1800,晴,良,15:20,2018-02-18,小倉,12,6,12,2012106160,クラリティスカイ,牡6,57,01162,木幡巧也,1:47.2,クビ,6-7-7-6,35.2,83.4,14,500(-10),01086,[東]斎藤誠,053803,杉山忠国,,"(11,*14)5(9,10)(6,12,13)(2,16)4,1,7(3,8)-15",6,3,0.0,False,"(11,*14)-5-10(9,13)(6,12)16,2,4,1(3,7,8)15",7,2,7.0,False,"(*14,11)(9,5,10,13)(2,6,12)(1,4,16)(3,7,8)15",7,3,0.0,False,"(14,*10,13)(5,6)(11,12)9(16,8)(3,7)(1,15)4   2",6,2,0.0,False,-4,前日と同レベルで、やや速めの時計が出る馬場。
201810010411,11,第52回小倉大賞典(GIII),芝,1800,晴,良,15:20,2018-02-18,小倉,13,4,7,2008104835,ヒットザターゲット,牡10,56,00894,小牧太,1:47.2,クビ,13-13-13-11,34.6,34.6,11,518(-12),00379,[西]加藤敬二,041002,前田晋二,,"(11,*14)5(9,10)(6,12,13)(2,16)4,1,7(3,8)-15",13,1,3.0,False,"(11,*14)-5-10(9,13)(6,12)16,2,4,1(3,7,8)15",13,3,11.5,False,"(*14,11)(9,5,10,13)(2,6,12)(1,4,16)(3,7,8)15",13,3,0.0,False,"(14,*10,13)(5,6)(11,12)9(16,8)(3,7)(1,15)4   2",11,2,0.0,False,-4,前日と同レベルで、やや速めの時計が出る馬場。
201810010411,11,第52回小倉大賞典(GIII),芝,1800,晴,良,15:20,2018-02-18,小倉,14,7,14,2014100534,ウインガナドル,牡4,54,01092,津村明秀,1:47.5,1.3/4,1-1-1-2,35.9,16.1,6,456(-4),00423,[東]上原博之,494800,ウイン,,"(11,*14)5(9,10)(6,12,13)(2,16)4,1,7(3,8)-15",1,2,0.0,True,"(11,*14)-5-10(9,13)(6,12)16,2,4,1(3,7,8)15",1,2,0.0,True,"(*14,11)(9,5,10,13)(2,6,12)(1,4,16)(3,7,8)15",1,2,0.0,True,"(14,*10,13)(5,6)(11,12)9(16,8)(3,7)(1,15)4   2",2,3,0.0,False,-4,前日と同レベルで、やや速めの時計が出る馬場。
201810010411,11,第52回小倉大賞典(GIII),芝,1800,晴,良,15:20,2018-02-18,小倉,15,6,11,2012103496,ヤマカツライデン,牡6,55,01144,菱田裕二,1:47.7,1.1/4,2-2-2-6,36.1,26.6,9,546(+8),01021,[西]池添兼雄,240005,山田博康,,"(11,*14)5(9,10)(6,12,13)(2,16)4,1,7(3,8)-15",2,2,0.0,False,"(11,*14)-5-10(9,13)(6,12)16,2,4,1(3,7,8)15",2,2,0.0,False,"(*14,11)(9,5,10,13)(2,6,12)(1,4,16)(3,7,8)15",2,2,0.0,False,"(14,*10,13)(5,6)(11,12)9(16,8)(3,7)(1,15)4   2",6,2,0.0,False,-4,前日と同レベルで、やや速めの時計が出る馬場。
201810010411,11,第52回小倉大賞典(GIII),芝,1800,晴,良,15:20,2018-02-18,小倉,中,1,2,2012104551,ダノンメジャー,牡6,56.5,01102,北村友一,,,9-10-7,,6.4,2,494(-4),01154,[西]橋口慎介,619800,ダノックス,,"(11,*14)5(9,10)(6,12,13)(2,16)4,1,7(3,8)-15",9,2,0.0,False,"(11,*14)-5-10(9,13)(6,12)16,2,4,1(3,7,8)15",10,1,8.5,False,"(*14,11)(9,5,10,13)(2,6,12)(1,4,16)(3,7,8)15",7,3,0.0,False,"(14,*10,13)(5,6)(11,12)9(16,8)(3,7)(1,15)4   2",16,1,6.0,False,-4,前日と同レベルで、やや速めの時計が出る馬場。
201810010412,12,紫川特別(2勝),芝,1200,晴,良,16:01,2018-02-18,小倉,1,6,12,2014103751,ラヴィングアンサー,牡4,57,01102,北村友一,1:08.0,,12-12,33.4,7.9,4,496(0),01022,[西]石坂正,570009,江口雄一郎,"1,542.7",,,,,,,,,,,"(*2,13)(6,10)(3,4)(9,17)(1,15)5(8,12)-(7,11)(14,16)-18",12,2,0.0,False,"(2,*13)(6,10)(3,4)17(1,9)(8,15)(5,12)-11(14,16)(7,18)",12,2,0.0,False,-4,前日と同レベルで、やや速めの時計が出る馬場。
201810010412,12,紫川特別(2勝),芝,1200,晴,良,16:01,2018-02-18,小倉,2,7,13,2012100936,ブラッククローバー,牡6,57,01157,鮫島克駿,1:08.3,2,2-1,34.6,20.1,8,494(0),01003,[西]川村禎彦,830033,巴山尊文,612.2,,,,,,,,,,,"(*2,13)(6,10)(3,4)(9,17)(1,15)5(8,12)-(7,11)(14,16)-18",2,2,0.0,False,"(2,*13)(6,10)(3,4)17(1,9)(8,15)(5,12)-11(14,16)(7,18)",1,2,0.0,True,-4,前日と同レベルで、やや速めの時計が出る馬場。
201810010412,12,紫川特別(2勝),芝,1200,晴,良,16:01,2018-02-18,小倉,3,8,17,2014102972,メイショウカリン,牝4,55,00894,小牧太,1:08.4,1/2,7-7,34.4,8.3,5,486(-2),01104,[西]笹田和秀,523005,松本好雄,386.1,,,,,,,,,,,"(*2,13)(6,10)(3,4)(9,17)(1,15)5(8,12)-(7,11)(14,16)-18",7,2,0.0,False,"(2,*13)(6,10)(3,4)17(1,9)(8,15)(5,12)-11(14,16)(7,18)",7,1,0.0,False,-4,前日と同レベルで、やや速めの時計が出る馬場。
201810010412,12,紫川特別(2勝),芝,1200,晴,良,16:01,2018-02-18,小倉,4,6,11,2014104304,デスティニーソング,牝4,55,01144,菱田裕二,1:08.7,1.3/4,14-14,33.7,7.5,3,448(-4),01149,[西]松下武士,854800,ノルマンディーサラブ...,230.0,,,,,,,,,,,"(*2,13)(6,10)(3,4)(9,17)(1,15)5(8,12)-(7,11)(14,16)-18",14,2,3.5,False,"(2,*13)(6,10)(3,4)17(1,9)(8,15)(5,12)-11(14,16)(7,18)",14,1,3.5,False,-4,前日と同レベルで、やや速めの時計が出る馬場。
201810010412,12,紫川特別(2勝),芝,1200,晴,良,16:01,2018-02-18,小倉,5,2,4,2014102226,デザートストーム,牡4,57,01088,川田将雅,1:08.8,1/2,5-5,34.9,2.7,1,438(-4),01016,[西]西浦勝一,003060,Ｈ．Ｈ．シェイク・モ...,150.0,,,,,,,,,,,"(*2,13)(6,10)(3,4)(9,17)(1,15)5(8,12)-(7,11)(14,16)-18",5,2,0.0,False,"(2,*13)(6,10)(3,4)17(1,9)(8,15)(5,12)-11(14,16)(7,18)",5,2,0.0,False,-4,前日と同レベルで、やや速めの時計が出る馬場。
201810010412,12,紫川特別(2勝),芝,1200,晴,良,16:01,2018-02-18,小倉,6,1,1,2011106102,ヴァッフシュテルケ,牡7,57,01018,和田竜二,1:08.8,クビ,9-8,34.6,58.8,13,478(-10),00397,[西]岩元市三,916800,宮内牧場,,,,,,,,,,,,"(*2,13)(6,10)(3,4)(9,17)(1,15)5(8,12)-(7,11)(14,16)-18",9,2,0.0,False,"(2,*13)(6,10)(3,4)17(1,9)(8,15)(5,12)-11(14,16)(7,18)",8,2,0.0,False,-4,前日と同レベルで、やや速めの時計が出る馬場。
201810010412,12,紫川特別(2勝),芝,1200,晴,良,16:01,2018-02-18,小倉,7,5,10,2012100518,ダイシンバルカン,牡6,57,01154,松若風馬,1:08.9,クビ,3-3,35.1,5.8,2,510(-8),01101,[西]吉田直弘,929002,大八木信行,,,,,,,,,,,,"(*2,13)(6,10)(3,4)(9,17)(1,15)5(8,12)-(7,11)(14,16)-18",3,2,0.0,False,"(2,*13)(6,10)(3,4)17(1,9)(8,15)(5,12)-11(14,16)(7,18)",3,2,0.0,False,-4,前日と同レベルで、やや速めの時計が出る馬場。
201810010412,12,紫川特別(2勝),芝,1200,晴,良,16:01,2018-02-18,小倉,8,7,14,2013103167,キーナンバー,牡5,57,01092,津村明秀,1:08.9,クビ,16-15,33.7,16.2,6,512(-2),01018,[西]宮徹,338008,北前孔一郎,,,,,,,,,,,,"(*2,13)(6,10)(3,4)(9,17)(1,15)5(8,12)-(7,11)(14,16)-18",16,2,3.5,False,"(2,*13)(6,10)(3,4)17(1,9)(8,15)(5,12)-11(14,16)(7,18)",15,2,3.5,False,-4,前日と同レベルで、やや速めの時計が出る馬場。
201810010412,12,紫川特別(2勝),芝,1200,晴,良,16:01,2018-02-18,小倉,9,4,8,2014105533,ゴールドケープ,牝4,55,01091,丹内祐次,1:09.0,クビ,12-10,34.4,40.1,11,438(-6),01095,[西]荒川義之,148800,グリーンファーム,,,,,,,,,,,,"(*2,13)(6,10)(3,4)(9,17)(1,15)5(8,12)-(7,11)(14,16)-18",12,2,0.0,False,"(2,*13)(6,10)(3,4)17(1,9)(8,15)(5,12)-11(14,16)(7,18)",10,2,0.0,False,-4,前日と同レベルで、やや速めの時計が出る馬場。
201810010412,12,紫川特別(2勝),芝,1200,晴,良,16:01,2018-02-18,小倉,10,5,9,2011105069,ヤマニンマルキーザ,牡7,57,01143,原田和真,1:09.2,1.1/4,7-8,35.1,29.9,9,468(+2),01127,[東]栗田徹,329004,土井肇,,,,,,,,,,,,"(*2,13)(6,10)(3,4)(9,17)(1,15)5(8,12)-(7,11)(14,16)-18",7,2,0.0,False,"(2,*13)(6,10)(3,4)17(1,9)(8,15)(5,12)-11(14,16)(7,18)",8,2,0.0,False,-4,前日と同レベルで、やや速めの時計が出る馬場。
201810010412,12,紫川特別(2勝),芝,1200,晴,良,16:01,2018-02-18,小倉,11,7,15,2014102571,ウラガーノ,牝4,55,01115,浜中俊,1:09.2,ハナ,9-10,34.9,31.5,10,500(-8),01130,[西]吉村圭司,260006,藤田孟司,,,,,,,,,,,,"(*2,13)(6,10)(3,4)(9,17)(1,15)5(8,12)-(7,11)(14,16)-18",9,2,0.0,False,"(2,*13)(6,10)(3,4)17(1,9)(8,15)(5,12)-11(14,16)(7,18)",10,2,0.0,False,-4,前日と同レベルで、やや速めの時計が出る馬場。
201810010412,12,紫川特別(2勝),芝,1200,晴,良,16:01,2018-02-18,小倉,12,3,6,2012110068,エナジータウン,牡6,57,01117,丸田恭介,1:09.2,クビ,3-3,35.4,18.4,7,468(+14),01062,[西]藤岡健一,331007,幅田昌伸,,,,,,,,,,,,"(*2,13)(6,10)(3,4)(9,17)(1,15)5(8,12)-(7,11)(14,16)-18",3,2,0.0,False,"(2,*13)(6,10)(3,4)17(1,9)(8,15)(5,12)-11(14,16)(7,18)",3,2,0.0,False,-4,前日と同レベルで、やや速めの時計が出る馬場。
201810010412,12,紫川特別(2勝),芝,1200,晴,良,16:01,2018-02-18,小倉,13,1,2,2014100691,ソレイユフルール,牝4,55,01109,黛弘人,1:09.3,クビ,1-2,35.6,97.2,15,468(-4),01143,[東]和田雄二,912800,荻伏服部牧場,,,,,,,,,,,,"(*2,13)(6,10)(3,4)(9,17)(1,15)5(8,12)-(7,11)(14,16)-18",1,2,0.0,True,"(2,*13)(6,10)(3,4)17(1,9)(8,15)(5,12)-11(14,16)(7,18)",2,2,0.0,False,-4,前日と同レベルで、やや速めの時計が出る馬場。
201810010412,12,紫川特別(2勝),芝,1200,晴,良,16:01,2018-02-18,小倉,14,8,16,2011105905,スズカプリオール,牡7,57,01142,長岡禎仁,1:09.3,ハナ,16-15,34.1,150.2,17,496(-2),00380,[東]柄崎孝,382004,永井啓弍,,,,,,,,,,,,"(*2,13)(6,10)(3,4)(9,17)(1,15)5(8,12)-(7,11)(14,16)-18",16,2,3.5,False,"(2,*13)(6,10)(3,4)17(1,9)(8,15)(5,12)-11(14,16)(7,18)",15,2,3.5,False,-4,前日と同レベルで、やや速めの時計が出る馬場。
201810010412,12,紫川特別(2勝),芝,1200,晴,良,16:01,2018-02-18,小倉,15,8,18,2010102202,ゼンノコリオリ,牡8,57,01164,藤田菜七,1:09.3,クビ,18-17,33.8,118.2,16,482(-10),01136,[西]高橋亮,052803,大迫久美子,,,,,,,,,,,,"(*2,13)(6,10)(3,4)(9,17)(1,15)5(8,12)-(7,11)(14,16)-18",18,1,7.0,False,"(2,*13)(6,10)(3,4)17(1,9)(8,15)(5,12)-11(14,16)(7,18)",17,2,3.5,False,-4,前日と同レベルで、やや速めの時計が出る馬場。
201810010412,12,紫川特別(2勝),芝,1200,晴,良,16:01,2018-02-18,小倉,16,2,3,2012106382,クリノスイートピー,牝6,55,01134,嶋田純次,1:09.3,ハナ,5-5,35.4,175.4,18,434(-4),01030,[東]星野忍,488007,栗本守,,,,,,,,,,,,"(*2,13)(6,10)(3,4)(9,17)(1,15)5(8,12)-(7,11)(14,16)-18",5,2,0.0,False,"(2,*13)(6,10)(3,4)17(1,9)(8,15)(5,12)-11(14,16)(7,18)",5,2,0.0,False,-4,前日と同レベルで、やや速めの時計が出る馬場。
201810010412,12,紫川特別(2勝),芝,1200,晴,良,16:01,2018-02-18,小倉,17,3,5,2014103601,ゲンパチケンシン,牡4,57,01112,荻野琢真,1:09.5,1.1/4,11-12,35.1,70.8,14,478(0),00425,[西]加用正,689002,平野武志,,,,,,,,,,,,"(*2,13)(6,10)(3,4)(9,17)(1,15)5(8,12)-(7,11)(14,16)-18",11,1,0.0,False,"(2,*13)(6,10)(3,4)17(1,9)(8,15)(5,12)-11(14,16)(7,18)",12,2,0.0,False,-4,前日と同レベルで、やや速めの時計が出る馬場。
201810010412,12,紫川特別(2勝),芝,1200,晴,良,16:01,2018-02-18,小倉,18,4,7,2014110100,アースミステリー,牡4,57,01095,吉田隼人,1:10.0,3,14-17,35.1,58.5,12,462(0),00353,[東]和田正道,148800,グリーンファーム,,,,,,,,,,,,"(*2,13)(6,10)(3,4)(9,17)(1,15)5(8,12)-(7,11)(14,16)-18",14,2,3.5,False,"(2,*13)(6,10)(3,4)17(1,9)(8,15)(5,12)-11(14,16)(7,18)",17,2,3.5,False,-4,前日と同レベルで、やや速めの時計が出る馬場。
