race_id,race_number,race_name,surface,distance_m,weather,going,start_time,race_date,racecourse,finish_pos,waku,umaban,horse_id,horse_name,sex_age,kinryo,jockey_id,jockey_name,time,margin,passing_order,last_3f,odds_final,popularity,weight,trainer_id,trainer_name,owner_id,owner_name,prize,corner1_raw,corner1_rank,corner1_group_size,corner1_gap_len_est,corner1_is_leader,corner2_raw,corner2_rank,corner2_group_size,corner2_gap_len_est,corner2_is_leader,corner3_raw,corner3_rank,corner3_group_size,corner3_gap_len_est,corner3_is_leader,corner4_raw,corner4_rank,corner4_group_size,corner4_gap_len_est,corner4_is_leader,track_index,track_comment
201805050801,1,2歳未勝利,芝,1400,晴,良,10:00,2018-11-25,東京,1,8,16,2016100745,スペキュラース,牝2,54,01009,柴田大知,1:22.2,,3-3,34.8,10.9,5,450(+4),00359,[東]高橋祥泰,716800,ビッグレッドファーム,500.0,,,,,,,,,,,"(*8,18)(16,17)1(5,7,9)(2,6,15)-(3,10)14(13,11)-(12,4)",3,2,0.0,False,"8,18(16,17)9(1,5,7)15(2,6)10(3,11)(13,14)4,12",3,2,1.5,False,-16,連続開催の最終日となったが、前日と同レベルで速い時計の出る馬場。
201805050801,1,2歳未勝利,芝,1400,晴,良,10:00,2018-11-25,東京,2,8,17,2016106541,ゴールデンゾーン,牡2,55,05495,ビュイッ,1:22.4,1.1/4,3-3,34.9,1.9,1,476(+4),01020,[東]相沢郁,362030,星野祐介,200.0,,,,,,,,,,,"(*8,18)(16,17)1(5,7,9)(2,6,15)-(3,10)14(13,11)-(12,4)",3,2,0.0,False,"8,18(16,17)9(1,5,7)15(2,6)10(3,11)(13,14)4,12",3,2,1.5,False,-16,連続開催の最終日となったが、前日と同レベルで速い時計の出る馬場。
201805050801,1,2歳未勝利,芝,1400,晴,良,10:00,2018-11-25,東京,3,6,11,2016102312,ネリッサ,牝2,54,01043,北村宏司,1:22.4,クビ,15-13,34.0,4.4,2,422(0),01047,[東]勢司和浩,603033,木村廣太,130.0,,,,,,,,,,,"(*8,18)(16,17)1(5,7,9)(2,6,15)-(3,10)14(13,11)-(12,4)",15,2,3.5,False,"8,18(16,17)9(1,5,7)15(2,6)10(3,11)(13,14)4,12",13,2,1.5,False,-16,連続開催の最終日となったが、前日と同レベルで速い時計の出る馬場。
201805050801,1,2歳未勝利,芝,1400,晴,良,10:00,2018-11-25,東京,4,8,18,2016105055,ローゼンオルデン,牝2,52,01161,菊沢一樹,1:22.7,2,2-2,35.5,301.7,14,420(+4),01163,[東]林徹,290033,宮川保,75.0,,,,,,,,,,,"(*8,18)(16,17)1(5,7,9)(2,6,15)-(3,10)14(13,11)-(12,4)",2,2,0.0,False,"8,18(16,17)9(1,5,7)15(2,6)10(3,11)(13,14)4,12",2,1,1.5,False,-16,連続開催の最終日となったが、前日と同レベルで速い時計の出る馬場。
201805050801,1,2歳未勝利,芝,1400,晴,良,10:00,2018-11-25,東京,5,5,10,2016105122,スターアイランド,牝2,54,00422,内田博幸,1:22.8,3/4,12-12,34.6,31.7,6,408(+2),01079,[東]古賀慎明,790033,荒井眞澄,50.0,,,,,,,,,,,"(*8,18)(16,17)1(5,7,9)(2,6,15)-(3,10)14(13,11)-(12,4)",12,2,3.5,False,"8,18(16,17)9(1,5,7)15(2,6)10(3,11)(13,14)4,12",12,1,1.5,False,-16,連続開催の最終日となったが、前日と同レベルで速い時計の出る馬場。
201805050801,1,2歳未勝利,芝,1400,晴,良,10:00,2018-11-25,東京,6,4,8,2016102270,エンプレスアロー,牝2,51,01158,野中悠太,1:23.0,1,1-1,35.9,74.9,9,422(-16),01029,[東]根本康広,096006,村山忠弘,,,,,,,,,,,,"(*8,18)(16,17)1(5,7,9)(2,6,15)-(3,10)14(13,11)-(12,4)",1,2,0.0,True,"8,18(16,17)9(1,5,7)15(2,6)10(3,11)(13,14)4,12",1,1,0.0,False,-16,連続開催の最終日となったが、前日と同レベルで速い時計の出る馬場。
201805050801,1,2歳未勝利,芝,1400,晴,良,10:00,2018-11-25,東京,7,3,6,2016105510,ソルパシオン,牡2,55,05473,Ｃ．デム,1:23.0,クビ,9-10,35.0,10.3,4,476(+10),01153,[東]中舘英二,854800,ノルマンディーサラブ...,,,,,,,,,,,,"(*8,18)(16,17)1(5,7,9)(2,6,15)-(3,10)14(13,11)-(12,4)",9,3,0.0,False,"8,18(16,17)9(1,5,7)15(2,6)10(3,11)(13,14)4,12",10,2,1.5,False,-16,連続開催の最終日となったが、前日と同レベルで速い時計の出る馬場。
201805050801,1,2歳未勝利,芝,1400,晴,良,10:00,2018-11-25,東京,8,1,1,2016101700,ムスティッカ,牝2,52,01170,横山武史,1:23.1,3/4,5-6,35.3,150.7,11,414(-2),01052,[東]菊川正達,373008,中村祐子,,,,,,,,,,,,"(*8,18)(16,17)1(5,7,9)(2,6,15)-(3,10)14(13,11)-(12,4)",5,1,0.0,False,"8,18(16,17)9(1,5,7)15(2,6)10(3,11)(13,14)4,12",6,3,1.5,False,-16,連続開催の最終日となったが、前日と同レベルで速い時計の出る馬場。
201805050801,1,2歳未勝利,芝,1400,晴,良,10:00,2018-11-25,東京,9,1,2,2016105755,タナロット,牝2,54,01085,松岡正海,1:23.2,クビ,9-10,35.2,296.8,13,458(+2),01077,[東]加藤和宏,629800,ミルファーム,,,,,,,,,,,,"(*8,18)(16,17)1(5,7,9)(2,6,15)-(3,10)14(13,11)-(12,4)",9,3,0.0,False,"8,18(16,17)9(1,5,7)15(2,6)10(3,11)(13,14)4,12",10,2,1.5,False,-16,連続開催の最終日となったが、前日と同レベルで速い時計の出る馬場。
201805050801,1,2歳未勝利,芝,1400,晴,良,10:00,2018-11-25,東京,10,5,9,2016104090,ラインコマンダー,牡2,54,01169,武藤雅,1:23.3,1/2,6-5,35.7,7.7,3,446(+6),01094,[東]水野貴広,796002,大澤繁昌,,,,,,,,,,,,"(*8,18)(16,17)1(5,7,9)(2,6,15)-(3,10)14(13,11)-(12,4)",6,3,0.0,False,"8,18(16,17)9(1,5,7)15(2,6)10(3,11)(13,14)4,12",5,1,1.5,False,-16,連続開催の最終日となったが、前日と同レベルで速い時計の出る馬場。
201805050801,1,2歳未勝利,芝,1400,晴,良,10:00,2018-11-25,東京,11,7,15,2016105983,イッツザファースト,牡2,55,00684,田中勝春,1:23.7,2.1/2,9-9,35.8,34.0,7,482(+2),01052,[東]菊川正達,994002,飯田正剛,,,,,,,,,,,,"(*8,18)(16,17)1(5,7,9)(2,6,15)-(3,10)14(13,11)-(12,4)",9,3,0.0,False,"8,18(16,17)9(1,5,7)15(2,6)10(3,11)(13,14)4,12",9,1,1.5,False,-16,連続開催の最終日となったが、前日と同レベルで速い時計の出る馬場。
201805050801,1,2歳未勝利,芝,1400,晴,良,10:00,2018-11-25,東京,12,2,4,2016102709,チクリ,牡2,55,01025,勝浦正樹,1:24.0,1.3/4,17-17,35.3,355.9,15,508(+4),00383,[東]伊藤正徳,629800,ミルファーム,,,,,,,,,,,,"(*8,18)(16,17)1(5,7,9)(2,6,15)-(3,10)14(13,11)-(12,4)",17,2,7.0,False,"8,18(16,17)9(1,5,7)15(2,6)10(3,11)(13,14)4,12",17,1,1.5,False,-16,連続開催の最終日となったが、前日と同レベルで速い時計の出る馬場。
201805050801,1,2歳未勝利,芝,1400,晴,良,10:00,2018-11-25,東京,13,3,5,2016103853,トーセンアーチ,牝2,54,01130,高倉稜,1:24.0,クビ,6-6,36.2,72.9,8,454(+4),01089,[東]武市康男,270006,島川隆哉,,,,,,,,,,,,"(*8,18)(16,17)1(5,7,9)(2,6,15)-(3,10)14(13,11)-(12,4)",6,3,0.0,False,"8,18(16,17)9(1,5,7)15(2,6)10(3,11)(13,14)4,12",6,3,1.5,False,-16,連続開催の最終日となったが、前日と同レベルで速い時計の出る馬場。
201805050801,1,2歳未勝利,芝,1400,晴,良,10:00,2018-11-25,東京,13,4,7,2016103865,ヴェネレ,牝2,54,01122,三浦皇成,1:24.0,同着,6-6,36.2,117.0,10,444(+6),01141,[東]尾形和幸,371009,高橋文男,,,,,,,,,,,,"(*8,18)(16,17)1(5,7,9)(2,6,15)-(3,10)14(13,11)-(12,4)",6,3,0.0,False,"8,18(16,17)9(1,5,7)15(2,6)10(3,11)(13,14)4,12",6,3,1.5,False,-16,連続開催の最終日となったが、前日と同レベルで速い時計の出る馬場。
201805050801,1,2歳未勝利,芝,1400,晴,良,10:00,2018-11-25,東京,15,2,3,2016100737,シオンコタン,牝2,54,01109,黛弘人,1:24.1,クビ,12-13,35.8,530.2,18,432(-4),00380,[東]柄崎孝,648002,村田滋,,,,,,,,,,,,"(*8,18)(16,17)1(5,7,9)(2,6,15)-(3,10)14(13,11)-(12,4)",12,2,3.5,False,"8,18(16,17)9(1,5,7)15(2,6)10(3,11)(13,14)4,12",13,2,1.5,False,-16,連続開催の最終日となったが、前日と同レベルで速い時計の出る馬場。
201805050801,1,2歳未勝利,芝,1400,晴,良,10:00,2018-11-25,東京,16,7,13,2016106068,ユラニュス,牝2,54,01127,丸山元気,1:24.1,アタマ,15-15,35.6,200.1,12,426(-4),00417,[東]土田稔,201033,永見貴昭,,,,,,,,,,,,"(*8,18)(16,17)1(5,7,9)(2,6,15)-(3,10)14(13,11)-(12,4)",15,2,3.5,False,"8,18(16,17)9(1,5,7)15(2,6)10(3,11)(13,14)4,12",15,2,1.5,False,-16,連続開催の最終日となったが、前日と同レベルで速い時計の出る馬場。
201805050801,1,2歳未勝利,芝,1400,晴,良,10:00,2018-11-25,東京,17,6,12,2016105346,ホロポノ,牡2,55,00641,柴田善臣,1:24.3,1.1/4,17-18,35.3,493.8,17,448(0),01035,[東]佐藤吉勝,832008,平本敏夫,,,,,,,,,,,,"(*8,18)(16,17)1(5,7,9)(2,6,15)-(3,10)14(13,11)-(12,4)",17,2,7.0,False,"8,18(16,17)9(1,5,7)15(2,6)10(3,11)(13,14)4,12",18,1,3.0,False,-16,連続開催の最終日となったが、前日と同レベルで速い時計の出る馬場。
201805050801,1,2歳未勝利,芝,1400,晴,良,10:00,2018-11-25,東京,18,7,14,2016105628,ギュウホ,牡2,55,01135,杉原誠人,1:24.3,クビ,14-15,35.8,408.5,16,436(+2),00408,[東]田中清隆,629800,ミルファーム,,,,,,,,,,,,"(*8,18)(16,17)1(5,7,9)(2,6,15)-(3,10)14(13,11)-(12,4)",14,1,3.5,False,"8,18(16,17)9(1,5,7)15(2,6)10(3,11)(13,14)4,12",15,2,1.5,False,-16,連続開催の最終日となったが、前日と同レベルで速い時計の出る馬場。
201805050802,2,2歳未勝利,ダ,1600,晴,良,10:25,2018-11-25,東京,1,2,4,2016104473,キングテセウス,牡2,55,05495,ビュイッ,1:39.2,,4-3,38.2,3.9,2,504(0),01126,[東]木村哲也,398030,保坂和孝,500.0,,,,,,,,,,,"(3,*12)-5(2,4)-(7,8,6)11(15,16,14)-(13,1)=9-10",4,2,3.5,False,"(*3,12)(5,2,4)7(15,8,6)11(13,16,14)1-9=10",3,3,0.0,False,0,
201805050802,2,2歳未勝利,ダ,1600,晴,良,10:25,2018-11-25,東京,2,4,7,2016101313,ポルタメント,牡2,55,01075,田辺裕信,1:39.2,クビ,6-6,38.0,45.0,10,454(+4),01153,[東]中舘英二,948006,前田幸治,200.0,,,,,,,,,,,"(3,*12)-5(2,4)-(7,8,6)11(15,16,14)-(13,1)=9-10",6,3,7.0,False,"(*3,12)(5,2,4)7(15,8,6)11(13,16,14)1-9=10",6,1,0.0,False,0,
201805050802,2,2歳未勝利,ダ,1600,晴,良,10:25,2018-11-25,東京,3,8,15,2016105547,アシャカトブ,牡2,54,01169,武藤雅,1:39.4,1.1/4,10-7,37.9,14.4,6,492(-2),01076,[東]小笠倫弘,905033,吉冨学,130.0,,,,,,,,,,,"(3,*12)-5(2,4)-(7,8,6)11(15,16,14)-(13,1)=9-10",10,3,7.0,False,"(*3,12)(5,2,4)7(15,8,6)11(13,16,14)1-9=10",7,3,0.0,False,0,
201805050802,2,2歳未勝利,ダ,1600,晴,良,10:25,2018-11-25,東京,4,3,5,2016104576,ドンヒューズ,牡2,55,01088,川田将雅,1:39.6,1,3-3,38.6,11.2,5,512(-6),01097,[東]鹿戸雄一,972033,山本又一郎,75.0,,,,,,,,,,,"(3,*12)-5(2,4)-(7,8,6)11(15,16,14)-(13,1)=9-10",3,1,3.5,False,"(*3,12)(5,2,4)7(15,8,6)11(13,16,14)1-9=10",3,3,0.0,False,0,
201805050802,2,2歳未勝利,ダ,1600,晴,良,10:25,2018-11-25,東京,5,1,2,2016110133,イッツリット,牡2,55,05386,戸崎圭太,1:39.6,クビ,4-3,38.7,3.7,1,488(-2),01114,[東]和田正一,788800,ノースヒルズ,50.0,,,,,,,,,,,"(3,*12)-5(2,4)-(7,8,6)11(15,16,14)-(13,1)=9-10",4,2,3.5,False,"(*3,12)(5,2,4)7(15,8,6)11(13,16,14)1-9=10",3,3,0.0,False,0,
201805050802,2,2歳未勝利,ダ,1600,晴,良,10:25,2018-11-25,東京,6,1,1,2016106069,フーズサイド,牡2,55,01029,武士沢友,1:39.8,1,13-14,37.7,9.3,4,458(-2),00436,[東]堀井雅広,677009,西森鶴,,,,,,,,,,,,"(3,*12)-5(2,4)-(7,8,6)11(15,16,14)-(13,1)=9-10",13,2,10.5,False,"(*3,12)(5,2,4)7(15,8,6)11(13,16,14)1-9=10",14,1,0.0,False,0,
201805050802,2,2歳未勝利,ダ,1600,晴,良,10:25,2018-11-25,東京,7,2,3,2016105614,ラストクローザー,牡2,55,05509,モレイラ,1:40.0,1.1/2,2-1,39.3,5.7,3,484(-4),01133,[東]黒岩陽一,592033,加藤義久,,,,,,,,,,,,"(3,*12)-5(2,4)-(7,8,6)11(15,16,14)-(13,1)=9-10",2,2,0.0,False,"(*3,12)(5,2,4)7(15,8,6)11(13,16,14)1-9=10",1,2,0.0,True,0,
201805050802,2,2歳未勝利,ダ,1600,晴,良,10:25,2018-11-25,東京,8,4,8,2016100422,ロンリーウェイ,牡2,54,01151,井上敏樹,1:40.6,3.1/2,6-7,39.1,31.1,9,468(+2),01112,[東]田島俊明,853030,小原準一郎,,,,,,,,,,,,"(3,*12)-5(2,4)-(7,8,6)11(15,16,14)-(13,1)=9-10",6,3,7.0,False,"(*3,12)(5,2,4)7(15,8,6)11(13,16,14)1-9=10",7,3,0.0,False,0,
201805050802,2,2歳未勝利,ダ,1600,晴,良,10:25,2018-11-25,東京,9,6,12,2016105802,ロザムール,牝2,54,01117,丸田恭介,1:41.1,3,1-2,40.3,153.7,14,482(-4),00423,[東]上原博之,797008,栗山良子,,,,,,,,,,,,"(3,*12)-5(2,4)-(7,8,6)11(15,16,14)-(13,1)=9-10",1,2,0.0,True,"(*3,12)(5,2,4)7(15,8,6)11(13,16,14)1-9=10",2,2,0.0,False,0,
201805050802,2,2歳未勝利,ダ,1600,晴,良,10:25,2018-11-25,東京,10,5,10,2016100650,ファンタスティック,牡2,55,00422,内田博幸,1:41.4,2,16-16,37.9,142.6,13,468(+8),01064,[東]武藤善則,852030,佐々木雄二,,,,,,,,,,,,"(3,*12)-5(2,4)-(7,8,6)11(15,16,14)-(13,1)=9-10",16,1,20.0,False,"(*3,12)(5,2,4)7(15,8,6)11(13,16,14)1-9=10",16,1,9.5,False,0,
201805050802,2,2歳未勝利,ダ,1600,晴,良,10:25,2018-11-25,東京,11,8,16,2016102875,ニシノライリー,牝2,54,01043,北村宏司,1:41.4,クビ,10-11,39.5,64.2,11,472(0),01109,[東]伊藤大士,897009,西山茂行,,,,,,,,,,,,"(3,*12)-5(2,4)-(7,8,6)11(15,16,14)-(13,1)=9-10",10,3,7.0,False,"(*3,12)(5,2,4)7(15,8,6)11(13,16,14)1-9=10",11,3,0.0,False,0,
201805050802,2,2歳未勝利,ダ,1600,晴,良,10:25,2018-11-25,東京,12,7,13,2016102789,オレノソラ,牡2,55,00684,田中勝春,1:41.5,1/2,13-11,39.5,199.4,15,466(+14),01125,[東]小野次郎,750030,大久保與志雄,,,,,,,,,,,,"(3,*12)-5(2,4)-(7,8,6)11(15,16,14)-(13,1)=9-10",13,2,10.5,False,"(*3,12)(5,2,4)7(15,8,6)11(13,16,14)1-9=10",11,3,0.0,False,0,
201805050802,2,2歳未勝利,ダ,1600,晴,良,10:25,2018-11-25,東京,13,5,9,2016104991,サトノプロミネント,牡2,55,00660,横山典弘,1:41.6,1/2,15-15,38.9,22.7,8,446(+2),01063,[東]的場均,075803,サトミホースカンパニ...,,,,,,,,,,,,"(3,*12)-5(2,4)-(7,8,6)11(15,16,14)-(13,1)=9-10",15,1,16.5,False,"(*3,12)(5,2,4)7(15,8,6)11(13,16,14)1-9=10",15,1,3.5,False,0,
201805050802,2,2歳未勝利,ダ,1600,晴,良,10:25,2018-11-25,東京,14,3,6,2016110084,グーガルラヴィ,牡2,55,01085,松岡正海,1:43.1,9,6-7,41.6,14.7,7,508(+4),01038,[東]手塚貴久,491030,藤田在子,,,,,,,,,,,,"(3,*12)-5(2,4)-(7,8,6)11(15,16,14)-(13,1)=9-10",6,3,7.0,False,"(*3,12)(5,2,4)7(15,8,6)11(13,16,14)1-9=10",7,3,0.0,False,0,
201805050802,2,2歳未勝利,ダ,1600,晴,良,10:25,2018-11-25,東京,15,6,11,2016105538,マイネルファイヤー,牡2,55,01009,柴田大知,1:43.1,ハナ,9-10,41.4,204.4,16,478(+6),01115,[東]菊沢隆徳,546800,サラブレッドクラブ・...,,,,,,,,,,,,"(3,*12)-5(2,4)-(7,8,6)11(15,16,14)-(13,1)=9-10",9,1,7.0,False,"(*3,12)(5,2,4)7(15,8,6)11(13,16,14)1-9=10",10,1,0.0,False,0,
201805050802,2,2歳未勝利,ダ,1600,晴,良,10:25,2018-11-25,東京,16,7,14,2016105770,ビッグスコール,牡2,55,01150,石川裕紀,1:44.2,7,10-11,42.3,80.4,12,550(-4),01141,[東]尾形和幸,909006,草間庸文,,,,,,,,,,,,"(3,*12)-5(2,4)-(7,8,6)11(15,16,14)-(13,1)=9-10",10,3,7.0,False,"(*3,12)(5,2,4)7(15,8,6)11(13,16,14)1-9=10",11,3,0.0,False,0,
201805050803,3,2歳未勝利,芝,2000,晴,良,10:55,2018-11-25,東京,1,6,8,2016104563,ヴァンランディ,牡2,55,05339,ルメール,2:00.3,,7-7-7,34.0,3.0,1,444(0),00386,[東]藤沢和雄,226800,サンデーレーシング,500.0,,,,,,"2,5(1,12)6,9(3,8)13(7,10)11-4",7,2,3.0,False,"2,5(1,12)6,9(3,8)(7,13)(4,10,11)",7,2,3.0,False,"2,5(1,12)(6,9)8(3,13,11)(7,10)4",7,1,1.5,False,-16,連続開催の最終日となったが、前日と同レベルで速い時計の出る馬場。
201805050803,3,2歳未勝利,芝,2000,晴,良,10:55,2018-11-25,東京,2,8,13,2016105285,セントレオナード,牡2,55,05366,ムーア,2:00.4,3/4,9-9-8,34.0,3.0,2,456(-6),01070,[東]堀宣行,415800,社台レースホース,200.0,,,,,,"2,5(1,12)6,9(3,8)13(7,10)11-4",9,1,3.0,False,"2,5(1,12)6,9(3,8)(7,13)(4,10,11)",9,2,3.0,False,"2,5(1,12)(6,9)8(3,13,11)(7,10)4",8,3,1.5,False,-16,連続開催の最終日となったが、前日と同レベルで速い時計の出る馬場。
201805050803,3,2歳未勝利,芝,2000,晴,良,10:55,2018-11-25,東京,3,4,5,2016100706,レオンドーロ,牝2,54,01009,柴田大知,2:00.5,3/4,2-2-2,34.8,3.1,3,452(+2),00341,[東]栗田博憲,716800,ビッグレッドファーム,130.0,,,,,,"2,5(1,12)6,9(3,8)13(7,10)11-4",2,1,1.5,False,"2,5(1,12)6,9(3,8)(7,13)(4,10,11)",2,1,1.5,False,"2,5(1,12)(6,9)8(3,13,11)(7,10)4",2,1,1.5,False,-16,連続開催の最終日となったが、前日と同レベルで速い時計の出る馬場。
201805050803,3,2歳未勝利,芝,2000,晴,良,10:55,2018-11-25,東京,4,6,9,2016100026,フロントランナー,牡2,52,01167,木幡育也,2:01.3,5,6-6-5,35.3,36.9,7,432(0),01027,[東]田村康仁,798033,山口裕介,75.0,,,,,,"2,5(1,12)6,9(3,8)13(7,10)11-4",6,1,3.0,False,"2,5(1,12)6,9(3,8)(7,13)(4,10,11)",6,1,3.0,False,"2,5(1,12)(6,9)8(3,13,11)(7,10)4",5,2,1.5,False,-16,連続開催の最終日となったが、前日と同レベルで速い時計の出る馬場。
201805050803,3,2歳未勝利,芝,2000,晴,良,10:55,2018-11-25,東京,5,2,2,2016104215,エスコーバタハト,牡2,55,01075,田辺裕信,2:01.3,ハナ,1-1-1,35.8,17.6,5,482(+2),01052,[東]菊川正達,013803,ディアレストクラブ,50.0,,,,,,"2,5(1,12)6,9(3,8)13(7,10)11-4",1,1,0.0,False,"2,5(1,12)6,9(3,8)(7,13)(4,10,11)",1,1,0.0,False,"2,5(1,12)(6,9)8(3,13,11)(7,10)4",1,1,0.0,False,-16,連続開催の最終日となったが、前日と同レベルで速い時計の出る馬場。
201805050803,3,2歳未勝利,芝,2000,晴,良,10:55,2018-11-25,東京,6,4,4,2016106456,アースドラゴン,牡2,52,01158,野中悠太,2:01.5,1,13-11-13,34.6,34.0,6,466(-14),01029,[東]根本康広,339008,松山増男,,,,,,,"2,5(1,12)6,9(3,8)13(7,10)11-4",13,1,6.5,False,"2,5(1,12)6,9(3,8)(7,13)(4,10,11)",11,3,3.0,False,"2,5(1,12)(6,9)8(3,13,11)(7,10)4",13,1,1.5,False,-16,連続開催の最終日となったが、前日と同レベルで速い時計の出る馬場。
201805050803,3,2歳未勝利,芝,2000,晴,良,10:55,2018-11-25,東京,7,7,10,2016104238,ヤップヤップヤップ,牡2,55,01117,丸田恭介,2:01.5,アタマ,10-11-11,34.8,11.7,4,436(+4),00420,[東]宗像義忠,960006,薗部博之,,,,,,,"2,5(1,12)6,9(3,8)13(7,10)11-4",10,2,3.0,False,"2,5(1,12)6,9(3,8)(7,13)(4,10,11)",11,3,3.0,False,"2,5(1,12)(6,9)8(3,13,11)(7,10)4",11,2,1.5,False,-16,連続開催の最終日となったが、前日と同レベルで速い時計の出る馬場。
201805050803,3,2歳未勝利,芝,2000,晴,良,10:55,2018-11-25,東京,8,5,6,2016100742,ナミブ,牡2,55,01085,松岡正海,2:01.8,2,5-5-5,35.8,249.9,11,442(+4),00437,[東]南田美知,629800,ミルファーム,,,,,,,"2,5(1,12)6,9(3,8)13(7,10)11-4",5,1,1.5,False,"2,5(1,12)6,9(3,8)(7,13)(4,10,11)",5,1,1.5,False,"2,5(1,12)(6,9)8(3,13,11)(7,10)4",5,2,1.5,False,-16,連続開催の最終日となったが、前日と同レベルで速い時計の出る馬場。
201805050803,3,2歳未勝利,芝,2000,晴,良,10:55,2018-11-25,東京,9,7,11,2016101485,ナムラブル,牡2,55,01043,北村宏司,2:02.3,3,12-11-8,35.8,74.9,8,468(+4),01043,[東]石栗龍彦,945004,奈村信重,,,,,,,"2,5(1,12)6,9(3,8)13(7,10)11-4",12,1,3.0,False,"2,5(1,12)6,9(3,8)(7,13)(4,10,11)",11,3,3.0,False,"2,5(1,12)(6,9)8(3,13,11)(7,10)4",8,3,1.5,False,-16,連続開催の最終日となったが、前日と同レベルで速い時計の出る馬場。
201805050803,3,2歳未勝利,芝,2000,晴,良,10:55,2018-11-25,東京,10,1,1,2016106438,マリアルージュ,牝2,52,01161,菊沢一樹,2:02.4,3/4,3-3-3,36.6,149.2,9,434(-10),01048,[東]畠山吉宏,615033,河合裕明,,,,,,,"2,5(1,12)6,9(3,8)13(7,10)11-4",3,2,1.5,False,"2,5(1,12)6,9(3,8)(7,13)(4,10,11)",3,2,1.5,False,"2,5(1,12)(6,9)8(3,13,11)(7,10)4",3,2,1.5,False,-16,連続開催の最終日となったが、前日と同レベルで速い時計の出る馬場。
201805050803,3,2歳未勝利,芝,2000,晴,良,10:55,2018-11-25,東京,11,3,3,2016101379,コンシード,牡2,53,01170,横山武史,2:02.6,1.1/2,7-7-8,36.2,188.5,10,454(+4),01090,[東]天間昭一,889006,河村祥史,,,,,,,"2,5(1,12)6,9(3,8)13(7,10)11-4",7,2,3.0,False,"2,5(1,12)6,9(3,8)(7,13)(4,10,11)",7,2,3.0,False,"2,5(1,12)(6,9)8(3,13,11)(7,10)4",8,3,1.5,False,-16,連続開催の最終日となったが、前日と同レベルで速い時計の出る馬場。
201805050803,3,2歳未勝利,芝,2000,晴,良,10:55,2018-11-25,東京,12,8,12,2016100225,ショウチクバイ,牡2,55,01135,杉原誠人,2:02.9,2,3-3-3,37.1,425.9,13,486(0),00420,[東]宗像義忠,629800,ミルファーム,,,,,,,"2,5(1,12)6,9(3,8)13(7,10)11-4",3,2,1.5,False,"2,5(1,12)6,9(3,8)(7,13)(4,10,11)",3,2,1.5,False,"2,5(1,12)(6,9)8(3,13,11)(7,10)4",3,2,1.5,False,-16,連続開催の最終日となったが、前日と同レベルで速い時計の出る馬場。
201805050803,3,2歳未勝利,芝,2000,晴,良,10:55,2018-11-25,東京,13,5,7,2016100404,オンマイオウン,牝2,53,01169,武藤雅,2:03.7,5,10-9-11,37.0,393.2,12,474(-8),01064,[東]武藤善則,855030,田頭勇貴,,,,,,,"2,5(1,12)6,9(3,8)13(7,10)11-4",10,2,3.0,False,"2,5(1,12)6,9(3,8)(7,13)(4,10,11)",9,2,3.0,False,"2,5(1,12)(6,9)8(3,13,11)(7,10)4",11,2,1.5,False,-16,連続開催の最終日となったが、前日と同レベルで速い時計の出る馬場。
201805050804,4,2歳新馬,芝,1800,晴,良,11:25,2018-11-25,東京,1,2,2,2016105239,ラストドラフト,牡2,55,05339,ルメール,1:49.6,,5-5-5,33.1,2.5,1,454(0),01054,[東]戸田博文,415800,社台レースホース,700.0,,,,,,"6(8,10)7,2(1,9)(4,11)-(5,3)",5,1,1.5,False,"(*6,8)(7,10)2(1,9)(4,11)(5,3)",5,1,0.0,False,"6,8(7,10)2(1,9)(4,11)(5,3)",5,1,1.5,False,-16,連続開催の最終日となったが、前日と同レベルで速い時計の出る馬場。
201805050804,4,2歳新馬,芝,1800,晴,良,11:25,2018-11-25,東京,2,6,7,2016104877,ヒシイグアス,牡2,55,05366,ムーア,1:49.6,アタマ,4-3-3,33.2,5.2,3,496(0),01070,[東]堀宣行,044008,阿部雅英,280.0,,,,,,"6(8,10)7,2(1,9)(4,11)-(5,3)",4,1,0.0,False,"(*6,8)(7,10)2(1,9)(4,11)(5,3)",3,2,0.0,False,"6,8(7,10)2(1,9)(4,11)(5,3)",3,2,1.5,False,-16,連続開催の最終日となったが、前日と同レベルで速い時計の出る馬場。
201805050804,4,2歳新馬,芝,1800,晴,良,11:25,2018-11-25,東京,3,8,11,2016104220,ホウオウヒミコ,牝2,54,01088,川田将雅,1:49.9,2,8-8-8,33.0,15.0,5,446(0),01102,[東]大竹正博,906033,小笹芳央,180.0,,,,,,"6(8,10)7,2(1,9)(4,11)-(5,3)",8,2,1.5,False,"(*6,8)(7,10)2(1,9)(4,11)(5,3)",8,2,0.0,False,"6,8(7,10)2(1,9)(4,11)(5,3)",8,2,1.5,False,-16,連続開催の最終日となったが、前日と同レベルで速い時計の出る馬場。
201805050804,4,2歳新馬,芝,1800,晴,良,11:25,2018-11-25,東京,4,7,9,2016103298,エデリー,牡2,55,05495,ビュイッ,1:50.0,クビ,6-6-6,33.3,3.1,2,520(0),00386,[東]藤沢和雄,003060,ゴドルフィン,110.0,,,,,,"6(8,10)7,2(1,9)(4,11)-(5,3)",6,2,1.5,False,"(*6,8)(7,10)2(1,9)(4,11)(5,3)",6,2,0.0,False,"6,8(7,10)2(1,9)(4,11)(5,3)",6,2,1.5,False,-16,連続開催の最終日となったが、前日と同レベルで速い時計の出る馬場。
201805050804,4,2歳新馬,芝,1800,晴,良,11:25,2018-11-25,東京,5,1,1,2016100590,ファイティングマン,牡2,55,05212,Ｍ．デム,1:50.5,3,6-6-6,33.9,12.8,4,514(0),01103,[東]尾関知人,788800,ノースヒルズ,70.0,,,,,,"6(8,10)7,2(1,9)(4,11)-(5,3)",6,2,1.5,False,"(*6,8)(7,10)2(1,9)(4,11)(5,3)",6,2,0.0,False,"6,8(7,10)2(1,9)(4,11)(5,3)",6,2,1.5,False,-16,連続開催の最終日となったが、前日と同レベルで速い時計の出る馬場。
201805050804,4,2歳新馬,芝,1800,晴,良,11:25,2018-11-25,東京,6,6,6,2016100180,クーファピーカブー,牝2,54,00666,武豊,1:50.7,1.1/4,1-1-1,34.6,20.5,6,468(0),00411,[西]浅見秀一,052803,大迫久美子,,,,,,,"6(8,10)7,2(1,9)(4,11)-(5,3)",1,1,0.0,False,"(*6,8)(7,10)2(1,9)(4,11)(5,3)",1,2,0.0,True,"6,8(7,10)2(1,9)(4,11)(5,3)",1,1,0.0,False,-16,連続開催の最終日となったが、前日と同レベルで速い時計の出る馬場。
201805050804,4,2歳新馬,芝,1800,晴,良,11:25,2018-11-25,東京,7,8,10,2016104474,スイートウィスパー,牝2,54,01127,丸山元気,1:50.8,3/4,2-3-3,34.4,29.9,7,440(0),01017,[東]萩原清,506800,シルクレーシング,,,,,,,"6(8,10)7,2(1,9)(4,11)-(5,3)",2,2,0.0,False,"(*6,8)(7,10)2(1,9)(4,11)(5,3)",3,2,0.0,False,"6,8(7,10)2(1,9)(4,11)(5,3)",3,2,1.5,False,-16,連続開催の最終日となったが、前日と同レベルで速い時計の出る馬場。
201805050804,4,2歳新馬,芝,1800,晴,良,11:25,2018-11-25,東京,8,7,8,2016105477,プレシャスメール,牝2,54,05386,戸崎圭太,1:51.1,1.3/4,2-2-2,34.9,33.8,8,470(0),01165,[東]和田勇介,854800,ノルマンディーサラブ...,,,,,,,"6(8,10)7,2(1,9)(4,11)-(5,3)",2,2,0.0,False,"(*6,8)(7,10)2(1,9)(4,11)(5,3)",2,2,0.0,False,"6,8(7,10)2(1,9)(4,11)(5,3)",2,1,1.5,False,-16,連続開催の最終日となったが、前日と同レベルで速い時計の出る馬場。
201805050804,4,2歳新馬,芝,1800,晴,良,11:25,2018-11-25,東京,9,4,4,2016104965,エフェクトオン,牡2,55,01075,田辺裕信,1:51.2,1/2,8-8-8,34.2,43.0,9,446(0),01067,[東]久保田貴,415800,社台レースホース,,,,,,,"6(8,10)7,2(1,9)(4,11)-(5,3)",8,2,1.5,False,"(*6,8)(7,10)2(1,9)(4,11)(5,3)",8,2,0.0,False,"6,8(7,10)2(1,9)(4,11)(5,3)",8,2,1.5,False,-16,連続開催の最終日となったが、前日と同レベルで速い時計の出る馬場。
201805050804,4,2歳新馬,芝,1800,晴,良,11:25,2018-11-25,東京,10,3,3,2016102155,ココリガストン,牡2,55,01043,北村宏司,1:51.4,1.1/2,10-10-10,34.3,122.1,10,502(0),01079,[東]古賀慎明,675033,美崎光二郎,,,,,,,"6(8,10)7,2(1,9)(4,11)-(5,3)",10,2,5.0,False,"(*6,8)(7,10)2(1,9)(4,11)(5,3)",10,2,0.0,False,"6,8(7,10)2(1,9)(4,11)(5,3)",10,2,1.5,False,-16,連続開催の最終日となったが、前日と同レベルで速い時計の出る馬場。
201805050804,4,2歳新馬,芝,1800,晴,良,11:25,2018-11-25,東京,11,5,5,2016100168,バシクンレッツゴー,牡2,55,01025,勝浦正樹,1:52.2,5,10-10-10,35.0,133.3,11,492(0),01036,[東]高橋義博,132007,石橋英郎,,,,,,,"6(8,10)7,2(1,9)(4,11)-(5,3)",10,2,5.0,False,"(*6,8)(7,10)2(1,9)(4,11)(5,3)",10,2,0.0,False,"6,8(7,10)2(1,9)(4,11)(5,3)",10,2,1.5,False,-16,連続開催の最終日となったが、前日と同レベルで速い時計の出る馬場。
201805050805,5,3歳以上500万下,ダ,1400,晴,良,12:15,2018-11-25,東京,1,8,16,2014105342,ラレータ,牡4,57,05473,Ｃ．デム,1:25.6,,7-9,36.3,7.1,5,474(+4),01163,[東]林徹,808800,Ｇ１レーシング,750.0,,,,,,,,,,,"(*9,14)15(8,6)10(3,7,16)(2,12)(5,11,13)(1,4)",7,3,0.0,False,"(*9,14)(8,6,15)(3,7,10)(2,16)12(5,11)13(1,4)",9,2,0.0,False,0,
201805050805,5,3歳以上500万下,ダ,1400,晴,良,12:15,2018-11-25,東京,2,4,8,2015100942,ゴールドクロス,牡3,56,01127,丸山元気,1:25.7,3/4,4-3,36.9,9.9,6,478(0),00405,[東]小西一男,321004,河内孝夫,300.0,,,,,,,,,,,"(*9,14)15(8,6)10(3,7,16)(2,12)(5,11,13)(1,4)",4,2,0.0,False,"(*9,14)(8,6,15)(3,7,10)(2,16)12(5,11)13(1,4)",3,3,0.0,False,0,
201805050805,5,3歳以上500万下,ダ,1400,晴,良,12:15,2018-11-25,東京,3,3,6,2014103191,オールデン,牡4,57,05509,モレイラ,1:25.7,ハナ,4-3,36.9,3.4,1,454(-2),00405,[東]小西一男,693033,金山敏也,190.0,,,,,,,,,,,"(*9,14)15(8,6)10(3,7,16)(2,12)(5,11,13)(1,4)",4,2,0.0,False,"(*9,14)(8,6,15)(3,7,10)(2,16)12(5,11)13(1,4)",3,3,0.0,False,0,
201805050805,5,3歳以上500万下,ダ,1400,晴,良,12:15,2018-11-25,東京,4,6,11,2014100370,グッドヒューマー,牡4,57,01150,石川裕紀,1:25.9,1,12-12,36.2,26.1,8,490(+10),00412,[東]高橋裕,013803,ディアレストクラブ,110.0,,,,,,,,,,,"(*9,14)15(8,6)10(3,7,16)(2,12)(5,11,13)(1,4)",12,3,0.0,False,"(*9,14)(8,6,15)(3,7,10)(2,16)12(5,11)13(1,4)",12,2,0.0,False,0,
201805050805,5,3歳以上500万下,ダ,1400,晴,良,12:15,2018-11-25,東京,5,2,4,2012105606,レンズフルパワー,牡6,57,01029,武士沢友,1:26.2,2,15-15,36.3,5.9,3,512(+4),00437,[東]南田美知,307033,田畑富子,75.0,,,,,,,,,,,"(*9,14)15(8,6)10(3,7,16)(2,12)(5,11,13)(1,4)",15,2,0.0,False,"(*9,14)(8,6,15)(3,7,10)(2,16)12(5,11)13(1,4)",15,2,0.0,False,0,
201805050805,5,3歳以上500万下,ダ,1400,晴,良,12:15,2018-11-25,東京,6,7,13,2015103735,プロミネンス,牝3,53,01169,武藤雅,1:26.5,1.3/4,12-14,36.7,29.5,9,458(-12),01068,[東]小島茂之,292030,下河邉博,,,,,,,,,,,,"(*9,14)15(8,6)10(3,7,16)(2,12)(5,11,13)(1,4)",12,3,0.0,False,"(*9,14)(8,6,15)(3,7,10)(2,16)12(5,11)13(1,4)",14,1,0.0,False,0,
201805050805,5,3歳以上500万下,ダ,1400,晴,良,12:15,2018-11-25,東京,7,4,7,2013105128,ブレヴェスト,牡5,57,01043,北村宏司,1:26.7,3/4,7-6,37.5,137.2,11,490(+10),00402,[東]谷原義明,149007,平岡茂樹,,,,,,,,,,,,"(*9,14)15(8,6)10(3,7,16)(2,12)(5,11,13)(1,4)",7,3,0.0,False,"(*9,14)(8,6,15)(3,7,10)(2,16)12(5,11)13(1,4)",6,3,0.0,False,0,
201805050805,5,3歳以上500万下,ダ,1400,晴,良,12:15,2018-11-25,東京,8,1,1,2015102740,ハーモニーライズ,牡3,56,01075,田辺裕信,1:26.7,アタマ,15-15,36.8,6.2,4,506(+4),00417,[東]土田稔,641030,日下部勝徳,,,,,,,,,,,,"(*9,14)15(8,6)10(3,7,16)(2,12)(5,11,13)(1,4)",15,2,0.0,False,"(*9,14)(8,6,15)(3,7,10)(2,16)12(5,11)13(1,4)",15,2,0.0,False,0,
201805050805,5,3歳以上500万下,ダ,1400,晴,良,12:15,2018-11-25,東京,9,3,5,2014100333,スマートサクソン,牝4,55,01091,丹内祐次,1:26.8,3/4,12-12,37.1,46.7,10,496(-10),00392,[東]古賀史生,007803,大川徹,,,,,,,,,,,,"(*9,14)15(8,6)10(3,7,16)(2,12)(5,11,13)(1,4)",12,3,0.0,False,"(*9,14)(8,6,15)(3,7,10)(2,16)12(5,11)13(1,4)",12,2,0.0,False,0,
201805050805,5,3歳以上500万下,ダ,1400,晴,良,12:15,2018-11-25,東京,10,7,14,2014106482,ロックンルージュ,牝4,52,01167,木幡育也,1:27.1,2,2-2,38.5,233.1,13,500(+14),01081,[東]中川公成,407033,堀口晴男,,,,,,,,,,,,"(*9,14)15(8,6)10(3,7,16)(2,12)(5,11,13)(1,4)",2,2,0.0,False,"(*9,14)(8,6,15)(3,7,10)(2,16)12(5,11)13(1,4)",2,2,0.0,False,0,
201805050805,5,3歳以上500万下,ダ,1400,晴,良,12:15,2018-11-25,東京,11,5,9,2015105605,フレッシビレ,牝3,54,01122,三浦皇成,1:27.1,ハナ,1-1,38.6,14.0,7,512(+10),00435,[東]藤原辰雄,367800,グランド牧場,,,,,,,,,,,,"(*9,14)15(8,6)10(3,7,16)(2,12)(5,11,13)(1,4)",1,2,0.0,True,"(*9,14)(8,6,15)(3,7,10)(2,16)12(5,11)13(1,4)",1,2,0.0,True,0,
201805050805,5,3歳以上500万下,ダ,1400,晴,良,12:15,2018-11-25,東京,12,6,12,2015102492,メルムサール,セ3,56,00689,江田照男,1:27.4,1.3/4,10-11,37.8,269.3,15,428(+10),01119,[東]田中剛,788800,ノースヒルズ,,,,,,,,,,,,"(*9,14)15(8,6)10(3,7,16)(2,12)(5,11,13)(1,4)",10,2,0.0,False,"(*9,14)(8,6,15)(3,7,10)(2,16)12(5,11)13(1,4)",11,1,0.0,False,0,
201805050805,5,3歳以上500万下,ダ,1400,晴,良,12:15,2018-11-25,東京,13,5,10,2015101054,バルトフォンテン,牡3,56,00422,内田博幸,1:27.9,3,6-6,38.8,5.0,2,500(+2),00412,[東]高橋裕,057031,吉橋興生,,,,,,,,,,,,"(*9,14)15(8,6)10(3,7,16)(2,12)(5,11,13)(1,4)",6,1,0.0,False,"(*9,14)(8,6,15)(3,7,10)(2,16)12(5,11)13(1,4)",6,3,0.0,False,0,
201805050805,5,3歳以上500万下,ダ,1400,晴,良,12:15,2018-11-25,東京,14,1,2,2012105273,サンマルアリュール,牝6,55,00641,柴田善臣,1:27.9,クビ,10-9,38.5,252.8,14,516(-2),01035,[東]佐藤吉勝,580007,相馬勇,,,,,,,,,,,,"(*9,14)15(8,6)10(3,7,16)(2,12)(5,11,13)(1,4)",10,2,0.0,False,"(*9,14)(8,6,15)(3,7,10)(2,16)12(5,11)13(1,4)",9,2,0.0,False,0,
201805050805,5,3歳以上500万下,ダ,1400,晴,良,12:15,2018-11-25,東京,15,2,3,2015106328,オンディーヌ,牝3,52,01161,菊沢一樹,1:29.0,7,7-6,39.8,142.1,12,520(+6),01115,[東]菊沢隆徳,766007,的場徹,,,,,,,,,,,,"(*9,14)15(8,6)10(3,7,16)(2,12)(5,11,13)(1,4)",7,3,0.0,False,"(*9,14)(8,6,15)(3,7,10)(2,16)12(5,11)13(1,4)",6,3,0.0,False,0,
201805050805,5,3歳以上500万下,ダ,1400,晴,良,12:15,2018-11-25,東京,16,8,15,2015102219,ジェッシージェニー,牝3,53,01162,木幡巧也,1:29.5,3,3-3,40.6,413.6,16,450(+24),01116,[東]新開幸一,304030,松田整二,,,,,,,,,,,,"(*9,14)15(8,6)10(3,7,16)(2,12)(5,11,13)(1,4)",3,1,0.0,False,"(*9,14)(8,6,15)(3,7,10)(2,16)12(5,11)13(1,4)",3,3,0.0,False,0,
201805050806,6,3歳以上500万下,ダ,1600,晴,良,12:45,2018-11-25,東京,1,5,10,2014103124,ジュニエーブル,牡4,57,00641,柴田善臣,1:39.0,,14-13,36.0,35.2,8,452(+2),00437,[東]南田美知,932008,柴田洋一,750.0,,,,,,,,,,,"7,14(1,15)5(2,16,12)9,13(3,4,8)-10-6   11",14,1,6.5,False,"7,14(1,15)5(2,12)(13,16,9)(3,4)(10,8)6   11",13,2,1.5,False,0,
201805050806,6,3歳以上500万下,ダ,1600,晴,良,12:45,2018-11-25,東京,2,6,12,2013102025,アオテン,牡5,57,05473,Ｃ．デム,1:39.1,3/4,6-6,36.9,13.3,5,512(+4),01134,[東]高橋文雅,547800,ヒダカ・ブリーダーズ...,300.0,,,,,,,,,,,"7,14(1,15)5(2,16,12)9,13(3,4,8)-10-6   11",6,3,1.5,False,"7,14(1,15)5(2,12)(13,16,9)(3,4)(10,8)6   11",6,2,1.5,False,0,
201805050806,6,3歳以上500万下,ダ,1600,晴,良,12:45,2018-11-25,東京,3,7,13,2015105109,ミッキーボニータ,牡3,56,00660,横山典弘,1:39.1,クビ,10-8,36.6,5.3,2,456(+6),01017,[東]萩原清,441007,野田みづき,190.0,,,,,,,,,,,"7,14(1,15)5(2,16,12)9,13(3,4,8)-10-6   11",10,1,3.0,False,"7,14(1,15)5(2,12)(13,16,9)(3,4)(10,8)6   11",8,3,1.5,False,0,
201805050806,6,3歳以上500万下,ダ,1600,晴,良,12:45,2018-11-25,東京,4,2,3,2015103377,サイモンジルバ,牝3,54,05386,戸崎圭太,1:39.2,1/2,11-11,36.5,10.1,4,452(+2),01029,[東]根本康広,132030,澤田昭紀,110.0,,,,,,,,,,,"7,14(1,15)5(2,16,12)9,13(3,4,8)-10-6   11",11,3,3.0,False,"7,14(1,15)5(2,12)(13,16,9)(3,4)(10,8)6   11",11,2,1.5,False,0,
201805050806,6,3歳以上500万下,ダ,1600,晴,良,12:45,2018-11-25,東京,5,4,7,2015103677,モリトユウブ,牡3,56,00666,武豊,1:39.4,1.1/4,1-1,37.8,7.1,3,498(+2),00436,[東]堀井雅広,239002,石橋忠之,75.0,,,,,,,,,,,"7,14(1,15)5(2,16,12)9,13(3,4,8)-10-6   11",1,1,0.0,False,"7,14(1,15)5(2,12)(13,16,9)(3,4)(10,8)6   11",1,1,0.0,False,0,
201805050806,6,3歳以上500万下,ダ,1600,晴,良,12:45,2018-11-25,東京,6,8,15,2015102342,ブラウローゼット,牡3,56,01118,宮崎北斗,1:39.5,1/2,3-3,37.5,197.1,15,496(-2),01096,[東]粕谷昌央,030803,コスモヴューファーム,,,,,,,,,,,,"7,14(1,15)5(2,16,12)9,13(3,4,8)-10-6   11",3,2,1.5,False,"7,14(1,15)5(2,12)(13,16,9)(3,4)(10,8)6   11",3,2,1.5,False,0,
201805050806,6,3歳以上500万下,ダ,1600,晴,良,12:45,2018-11-25,東京,7,8,16,2014105271,クライベイビー,牝4,53,01161,菊沢一樹,1:39.6,クビ,6-8,37.2,28.5,7,486(+8),01115,[東]菊沢隆徳,808800,Ｇ１レーシング,,,,,,,,,,,,"7,14(1,15)5(2,16,12)9,13(3,4,8)-10-6   11",6,3,1.5,False,"7,14(1,15)5(2,12)(13,16,9)(3,4)(10,8)6   11",8,3,1.5,False,0,
201805050806,6,3歳以上500万下,ダ,1600,晴,良,12:45,2018-11-25,東京,8,2,4,2015106280,リンガスビンゴ,牝3,54,00422,内田博幸,1:39.6,クビ,11-11,36.9,19.9,6,524(+16),00359,[東]高橋祥泰,321006,伊藤巖,,,,,,,,,,,,"7,14(1,15)5(2,16,12)9,13(3,4,8)-10-6   11",11,3,3.0,False,"7,14(1,15)5(2,12)(13,16,9)(3,4)(10,8)6   11",11,2,1.5,False,0,
201805050806,6,3歳以上500万下,ダ,1600,晴,良,12:45,2018-11-25,東京,9,7,14,2014102171,メジャーロール,牡4,57,01108,的場勇人,1:40.0,2.1/2,2-2,38.2,158.0,12,452(0),01063,[東]的場均,074031,谷口祐人,,,,,,,,,,,,"7,14(1,15)5(2,16,12)9,13(3,4,8)-10-6   11",2,1,1.5,False,"7,14(1,15)5(2,12)(13,16,9)(3,4)(10,8)6   11",2,1,1.5,False,0,
201805050806,6,3歳以上500万下,ダ,1600,晴,良,12:45,2018-11-25,東京,10,5,9,2015102146,アメノムラクモ,牡3,55,01169,武藤雅,1:40.0,クビ,9-8,37.5,85.9,10,516(+2),01141,[東]尾形和幸,371009,高橋文男,,,,,,,,,,,,"7,14(1,15)5(2,16,12)9,13(3,4,8)-10-6   11",9,1,1.5,False,"7,14(1,15)5(2,12)(13,16,9)(3,4)(10,8)6   11",8,3,1.5,False,0,
201805050806,6,3歳以上500万下,ダ,1600,晴,良,12:45,2018-11-25,東京,11,4,8,2015104358,フラワーストリーム,牡3,56,01075,田辺裕信,1:40.2,1.1/4,11-13,37.2,89.3,11,474(+8),01150,[東]池上昌和,205033,花村誠,,,,,,,,,,,,"7,14(1,15)5(2,16,12)9,13(3,4,8)-10-6   11",11,3,3.0,False,"7,14(1,15)5(2,12)(13,16,9)(3,4)(10,8)6   11",13,2,1.5,False,0,
201805050806,6,3歳以上500万下,ダ,1600,晴,良,12:45,2018-11-25,東京,12,3,6,2015101744,ジェイエルノブレス,牝3,54,01127,丸山元気,1:40.2,ハナ,15-15,37.0,71.8,9,456(+16),00405,[東]小西一男,173033,橋元幸人,,,,,,,,,,,,"7,14(1,15)5(2,16,12)9,13(3,4,8)-10-6   11",15,1,10.0,False,"7,14(1,15)5(2,12)(13,16,9)(3,4)(10,8)6   11",15,1,1.5,False,0,
201805050806,6,3歳以上500万下,ダ,1600,晴,良,12:45,2018-11-25,東京,13,3,5,2015100093,ユイノチョッパー,牡3,56,05509,モレイラ,1:40.3,クビ,5-5,38.2,1.7,1,502(+2),01152,[東]竹内正洋,044803,由井健太郎,,,,,,,,,,,,"7,14(1,15)5(2,16,12)9,13(3,4,8)-10-6   11",5,1,1.5,False,"7,14(1,15)5(2,12)(13,16,9)(3,4)(10,8)6   11",5,1,1.5,False,0,
201805050806,6,3歳以上500万下,ダ,1600,晴,良,12:45,2018-11-25,東京,14,1,2,2015103663,フレンドアリス,牝3,52,01170,横山武史,1:40.3,アタマ,6-6,38.1,182.7,13,456(+6),00437,[東]南田美知,145030,横尾晴人,,,,,,,,,,,,"7,14(1,15)5(2,16,12)9,13(3,4,8)-10-6   11",6,3,1.5,False,"7,14(1,15)5(2,12)(13,16,9)(3,4)(10,8)6   11",6,2,1.5,False,0,
201805050806,6,3歳以上500万下,ダ,1600,晴,良,12:45,2018-11-25,東京,15,1,1,2014102358,スマイルプリティ,牝4,52,01167,木幡育也,1:40.4,3/4,3-3,38.5,184.4,14,466(-10),01056,[東]本間忍,192009,臼倉勲,,,,,,,,,,,,"7,14(1,15)5(2,16,12)9,13(3,4,8)-10-6   11",3,2,1.5,False,"7,14(1,15)5(2,12)(13,16,9)(3,4)(10,8)6   11",3,2,1.5,False,0,
201805050806,6,3歳以上500万下,ダ,1600,晴,良,12:45,2018-11-25,東京,除,6,11,2015106310,スターリバー,牝3,54,01061,大庭和弥,,,,,---,,454(+30),01093,[東]松永康利,855030,田頭勇貴,,,,,,,,,,,,"7,14(1,15)5(2,16,12)9,13(3,4,8)-10-6   11",16,1,16.0,False,"7,14(1,15)5(2,12)(13,16,9)(3,4)(10,8)6   11",16,1,7.5,False,0,
201805050807,7,ベゴニア賞(1勝),芝,1600,晴,良,13:15,2018-11-25,東京,1,3,3,2016104507,アントリューズ,牡2,55,05386,戸崎圭太,1:34.7,,4-5,33.2,8.8,3,490(+4),01127,[東]栗田徹,849030,山口功一郎,"1,021.0",,,,,,,,,,,"8-2,7,3,1(4,5)6",4,1,6.5,False,"8,2(4,7)(6,1,3)5",5,3,1.5,False,-16,連続開催の最終日となったが、前日と同レベルで速い時計の出る馬場。
201805050807,7,ベゴニア賞(1勝),芝,1600,晴,良,13:15,2018-11-25,東京,2,2,2,2016105199,ココフィーユ,牝2,54,05473,Ｃ．デム,1:34.8,3/4,2-2,33.6,11.1,5,426(-8),01086,[東]斎藤誠,072803,Ｓｈａｄｏｗ,406.0,,,,,,,,,,,"8-2,7,3,1(4,5)6",2,1,3.5,False,"8,2(4,7)(6,1,3)5",2,1,1.5,False,-16,連続開催の最終日となったが、前日と同レベルで速い時計の出る馬場。
201805050807,7,ベゴニア賞(1勝),芝,1600,晴,良,13:15,2018-11-25,東京,3,7,7,2016104982,リバーシブルレーン,牡2,55,05366,ムーア,1:34.8,ハナ,3-3,33.5,7.4,2,438(0),01088,[東]高木登,758005,吉田照哉,253.0,,,,,,,,,,,"8-2,7,3,1(4,5)6",3,1,5.0,False,"8,2(4,7)(6,1,3)5",3,2,1.5,False,-16,連続開催の最終日となったが、前日と同レベルで速い時計の出る馬場。
201805050807,7,ベゴニア賞(1勝),芝,1600,晴,良,13:15,2018-11-25,東京,4,6,6,2016105087,マードレヴォイス,牡2,55,00422,内田博幸,1:35.0,1.1/2,8-5,33.4,24.0,6,460(+2),01027,[東]田村康仁,013803,ディアレストクラブ,150.0,,,,,,,,,,,"8-2,7,3,1(4,5)6",8,1,8.0,False,"8,2(4,7)(6,1,3)5",5,3,1.5,False,-16,連続開催の最終日となったが、前日と同レベルで速い時計の出る馬場。
201805050807,7,ベゴニア賞(1勝),芝,1600,晴,良,13:15,2018-11-25,東京,5,4,4,2016100030,レディードリー,牝2,54,01122,三浦皇成,1:35.1,クビ,6-3,33.8,31.8,7,436(+10),00383,[東]伊藤正徳,226006,小林博雄,100.0,,,,,,,,,,,"8-2,7,3,1(4,5)6",6,2,8.0,False,"8,2(4,7)(6,1,3)5",3,2,1.5,False,-16,連続開催の最終日となったが、前日と同レベルで速い時計の出る馬場。
201805050807,7,ベゴニア賞(1勝),芝,1600,晴,良,13:15,2018-11-25,東京,6,1,1,2016104486,ルガールカルム,牝2,54,05339,ルメール,1:35.2,3/4,5-5,33.6,1.4,1,456(+4),01027,[東]田村康仁,226800,サンデーレーシング,,,,,,,,,,,,"8-2,7,3,1(4,5)6",5,1,8.0,False,"8,2(4,7)(6,1,3)5",5,3,1.5,False,-16,連続開催の最終日となったが、前日と同レベルで速い時計の出る馬場。
201805050807,7,ベゴニア賞(1勝),芝,1600,晴,良,13:15,2018-11-25,東京,7,5,5,2016101153,ダノンシティ,牡2,55,00666,武豊,1:35.7,3,6-8,34.0,10.4,4,454(+4),01154,[西]橋口慎介,619800,ダノックス,,,,,,,,,,,,"8-2,7,3,1(4,5)6",6,2,8.0,False,"8,2(4,7)(6,1,3)5",8,1,1.5,False,-16,連続開催の最終日となったが、前日と同レベルで速い時計の出る馬場。
201805050807,7,ベゴニア賞(1勝),芝,1600,晴,良,13:15,2018-11-25,東京,8,8,8,2016102020,ガトン,牡2,55,01092,津村明秀,1:35.9,1.1/4,1-1,34.9,47.4,8,514(+2),01020,[東]相沢郁,078006,畑佐博,,,,,,,,,,,,"8-2,7,3,1(4,5)6",1,1,0.0,False,"8,2(4,7)(6,1,3)5",1,1,0.0,False,-16,連続開催の最終日となったが、前日と同レベルで速い時計の出る馬場。
201805050808,8,オリエンタル賞(2勝),芝,1800,晴,良,13:50,2018-11-25,東京,1,6,10,2013105535,サトノキングダム,牡5,56,05212,Ｍ．デム,1:44.7,,2-3-3,33.8,4.1,2,466(-2),00399,[東]国枝栄,075803,サトミホースカンパニ...,"1,533.6",,,,,,"14,10,13(1,11)(5,7,8)(2,6)(3,9,12)-4",2,1,1.5,False,"14,13-10(1,11)(2,5,8)(6,7)12(3,9)=4",3,1,5.0,False,"(*14,13)-(10,1)2,11(5,8)(6,7,12)(3,9)-4",3,2,3.5,False,-16,連続開催の最終日となったが、前日と同レベルで速い時計の出る馬場。
201805050808,8,オリエンタル賞(2勝),芝,1800,晴,良,13:50,2018-11-25,東京,2,4,6,2014106117,ステイオンザトップ,牡4,54,01122,三浦皇成,1:44.9,1.1/4,9-9-9,33.3,22.6,7,472(0),01105,[西]須貝尚介,506800,シルクレーシング,609.6,,,,,,"14,10,13(1,11)(5,7,8)(2,6)(3,9,12)-4",9,2,3.0,False,"14,13-10(1,11)(2,5,8)(6,7)12(3,9)=4",9,2,5.0,False,"(*14,13)-(10,1)2,11(5,8)(6,7,12)(3,9)-4",9,3,5.0,False,-16,連続開催の最終日となったが、前日と同レベルで速い時計の出る馬場。
201805050808,8,オリエンタル賞(2勝),芝,1800,晴,良,13:50,2018-11-25,東京,3,7,11,2014102190,コーカス,牡4,57,05495,ビュイッ,1:45.2,2,4-4-6,34.0,9.7,5,508(+4),01055,[西]藤原英昭,003060,ゴドルフィン,384.8,,,,,,"14,10,13(1,11)(5,7,8)(2,6)(3,9,12)-4",4,2,3.0,False,"14,13-10(1,11)(2,5,8)(6,7)12(3,9)=4",4,2,5.0,False,"(*14,13)-(10,1)2,11(5,8)(6,7,12)(3,9)-4",6,1,5.0,False,-16,連続開催の最終日となったが、前日と同レベルで速い時計の出る馬場。
201805050808,8,オリエンタル賞(2勝),芝,1800,晴,良,13:50,2018-11-25,東京,4,3,3,2014105810,ヒストリア,牝4,54,01075,田辺裕信,1:45.3,3/4,11-12-12,33.4,16.7,6,466(0),01127,[東]栗田徹,849030,山口功一郎,230.0,,,,,,"14,10,13(1,11)(5,7,8)(2,6)(3,9,12)-4",11,3,3.0,False,"14,13-10(1,11)(2,5,8)(6,7)12(3,9)=4",12,2,5.0,False,"(*14,13)-(10,1)2,11(5,8)(6,7,12)(3,9)-4",12,2,5.0,False,-16,連続開催の最終日となったが、前日と同レベルで速い時計の出る馬場。
201805050808,8,オリエンタル賞(2勝),芝,1800,晴,良,13:50,2018-11-25,東京,5,2,2,2014101769,サーレンブラント,牡4,57,01088,川田将雅,1:45.4,クビ,9-6-5,34.3,47.1,10,460(+2),01054,[東]戸田博文,208008,窪田芳郎,150.0,,,,,,"14,10,13(1,11)(5,7,8)(2,6)(3,9,12)-4",9,2,3.0,False,"14,13-10(1,11)(2,5,8)(6,7)12(3,9)=4",6,3,5.0,False,"(*14,13)-(10,1)2,11(5,8)(6,7,12)(3,9)-4",5,1,3.5,False,-16,連続開催の最終日となったが、前日と同レベルで速い時計の出る馬場。
201805050808,8,オリエンタル賞(2勝),芝,1800,晴,良,13:50,2018-11-25,東京,6,4,5,2015104937,ヴェルテアシャフト,牡3,54,05509,モレイラ,1:45.5,1/2,6-6-7,34.1,6.4,3,504(0),01071,[西]池江泰寿,486800,キャロットファーム,,,,,,,"14,10,13(1,11)(5,7,8)(2,6)(3,9,12)-4",6,3,3.0,False,"14,13-10(1,11)(2,5,8)(6,7)12(3,9)=4",6,3,5.0,False,"(*14,13)-(10,1)2,11(5,8)(6,7,12)(3,9)-4",7,2,5.0,False,-16,連続開催の最終日となったが、前日と同レベルで速い時計の出る馬場。
201805050808,8,オリエンタル賞(2勝),芝,1800,晴,良,13:50,2018-11-25,東京,7,6,9,2013104025,プレイヤーサムソン,牡5,54,05473,Ｃ．デム,1:45.9,2.1/2,11-12-12,34.0,47.5,11,474(+2),01124,[東]大和田成,399009,嶋田賢,,,,,,,"14,10,13(1,11)(5,7,8)(2,6)(3,9,12)-4",11,3,3.0,False,"14,13-10(1,11)(2,5,8)(6,7)12(3,9)=4",12,2,5.0,False,"(*14,13)-(10,1)2,11(5,8)(6,7,12)(3,9)-4",12,2,5.0,False,-16,連続開催の最終日となったが、前日と同レベルで速い時計の出る馬場。
201805050808,8,オリエンタル賞(2勝),芝,1800,晴,良,13:50,2018-11-25,東京,8,7,12,2015103452,ゴールドギア,牡3,55,05339,ルメール,1:45.9,アタマ,11-11-9,34.2,2.6,1,478(+6),01023,[東]伊藤圭三,230008,有馬博文,,,,,,,"14,10,13(1,11)(5,7,8)(2,6)(3,9,12)-4",11,3,3.0,False,"14,13-10(1,11)(2,5,8)(6,7)12(3,9)=4",11,1,5.0,False,"(*14,13)-(10,1)2,11(5,8)(6,7,12)(3,9)-4",9,3,5.0,False,-16,連続開催の最終日となったが、前日と同レベルで速い時計の出る馬場。
201805050808,8,オリエンタル賞(2勝),芝,1800,晴,良,13:50,2018-11-25,東京,9,8,14,2014100485,クラークキー,牡4,57,00666,武豊,1:45.9,クビ,1-1-1,35.4,7.0,4,492(-4),01150,[東]池上昌和,398030,保坂和孝,,,,,,,"14,10,13(1,11)(5,7,8)(2,6)(3,9,12)-4",1,1,0.0,False,"14,13-10(1,11)(2,5,8)(6,7)12(3,9)=4",1,1,0.0,False,"(*14,13)-(10,1)2,11(5,8)(6,7,12)(3,9)-4",1,2,0.0,True,-16,連続開催の最終日となったが、前日と同レベルで速い時計の出る馬場。
201805050808,8,オリエンタル賞(2勝),芝,1800,晴,良,13:50,2018-11-25,東京,10,8,13,2013101938,フロムマイハート,牝5,53,01009,柴田大知,1:46.2,1.3/4,3-2-2,35.6,216.1,13,438(-12),01094,[東]水野貴広,546800,サラブレッドクラブ・...,,,,,,,"14,10,13(1,11)(5,7,8)(2,6)(3,9,12)-4",3,1,3.0,False,"14,13-10(1,11)(2,5,8)(6,7)12(3,9)=4",2,1,1.5,False,"(*14,13)-(10,1)2,11(5,8)(6,7,12)(3,9)-4",2,2,0.0,False,-16,連続開催の最終日となったが、前日と同レベルで速い時計の出る馬場。
201805050808,8,オリエンタル賞(2勝),芝,1800,晴,良,13:50,2018-11-25,東京,11,5,7,2013103386,スマートルビー,牝5,54,05386,戸崎圭太,1:46.2,クビ,6-9-9,34.5,31.3,9,442(-2),01103,[東]尾関知人,007803,大川徹,,,,,,,"14,10,13(1,11)(5,7,8)(2,6)(3,9,12)-4",6,3,3.0,False,"14,13-10(1,11)(2,5,8)(6,7)12(3,9)=4",9,2,5.0,False,"(*14,13)-(10,1)2,11(5,8)(6,7,12)(3,9)-4",9,3,5.0,False,-16,連続開催の最終日となったが、前日と同レベルで速い時計の出る馬場。
201805050808,8,オリエンタル賞(2勝),芝,1800,晴,良,13:50,2018-11-25,東京,12,3,4,2015104060,ロジスカーレット,牡3,53,00660,横山典弘,1:46.4,1.1/4,14-14-14,34.0,26.6,8,428(-2),00399,[東]国枝栄,399030,久米田正明,,,,,,,"14,10,13(1,11)(5,7,8)(2,6)(3,9,12)-4",14,1,6.5,False,"14,13-10(1,11)(2,5,8)(6,7)12(3,9)=4",14,1,11.0,False,"(*14,13)-(10,1)2,11(5,8)(6,7,12)(3,9)-4",14,1,8.5,False,-16,連続開催の最終日となったが、前日と同レベルで速い時計の出る馬場。
201805050808,8,オリエンタル賞(2勝),芝,1800,晴,良,13:50,2018-11-25,東京,13,5,8,2013106060,オールドクラシック,牡5,55,00422,内田博幸,1:47.0,3.1/2,6-6-7,35.5,180.4,12,478(-2),01075,[西]矢作芳人,781800,リーヴァ,,,,,,,"14,10,13(1,11)(5,7,8)(2,6)(3,9,12)-4",6,3,3.0,False,"14,13-10(1,11)(2,5,8)(6,7)12(3,9)=4",6,3,5.0,False,"(*14,13)-(10,1)2,11(5,8)(6,7,12)(3,9)-4",7,2,5.0,False,-16,連続開催の最終日となったが、前日と同レベルで速い時計の出る馬場。
201805050808,8,オリエンタル賞(2勝),芝,1800,晴,良,13:50,2018-11-25,東京,14,1,1,2012101971,ラウレアブルーム,牡6,53,01004,西田雄一,1:48.3,8,4-4-3,37.3,325.2,14,498(+4),01051,[東]岩戸孝樹,532002,横瀬兼二,,,,,,,"14,10,13(1,11)(5,7,8)(2,6)(3,9,12)-4",4,2,3.0,False,"14,13-10(1,11)(2,5,8)(6,7)12(3,9)=4",4,2,5.0,False,"(*14,13)-(10,1)2,11(5,8)(6,7,12)(3,9)-4",3,2,3.5,False,-16,連続開催の最終日となったが、前日と同レベルで速い時計の出る馬場。
201805050809,9,シャングリラ賞(2勝),ダ,1400,晴,良,14:25,2018-11-25,東京,1,4,7,2015105332,ミックベンハー,牡3,56,01169,武藤雅,1:24.3,,8-7,36.5,67.9,10,488(+4),01048,[東]畠山吉宏,159800,キラット・ワン,"1,544.1",,,,,,,,,,,"(*6,14)(16,9)(2,15,13)-(7,12)11,4-(1,3)8-5   10",8,2,3.5,False,"(*6,14)16(2,9)15(7,13)-12,11(4,3,8)1-5   10",7,2,0.0,False,0,
201805050809,9,シャングリラ賞(2勝),ダ,1400,晴,良,14:25,2018-11-25,東京,2,3,6,2015110028,アメリカンファクト,牡3,56,05386,戸崎圭太,1:24.4,3/4,1-1,37.3,5.2,3,502(-4),01054,[東]戸田博文,367008,吉澤克己,612.6,,,,,,,,,,,"(*6,14)(16,9)(2,15,13)-(7,12)11,4-(1,3)8-5   10",1,2,0.0,True,"(*6,14)16(2,9)15(7,13)-12,11(4,3,8)1-5   10",1,2,0.0,True,0,
201805050809,9,シャングリラ賞(2勝),ダ,1400,晴,良,14:25,2018-11-25,東京,3,1,2,2014100484,ハルクンノテソーロ,牡4,57,01122,三浦皇成,1:24.5,クビ,5-4,37.1,5.0,1,484(-2),01088,[東]高木登,089803,了徳寺健二ホールディ...,386.3,,,,,,,,,,,"(*6,14)(16,9)(2,15,13)-(7,12)11,4-(1,3)8-5   10",5,3,0.0,False,"(*6,14)16(2,9)15(7,13)-12,11(4,3,8)1-5   10",4,2,0.0,False,0,
201805050809,9,シャングリラ賞(2勝),ダ,1400,晴,良,14:25,2018-11-25,東京,4,6,12,2014110074,バスカヴィル,牡4,57,05495,ビュイッ,1:24.5,クビ,8-9,36.4,5.9,4,478(-2),01059,[東]加藤征弘,003060,ゴドルフィン,230.0,,,,,,,,,,,"(*6,14)(16,9)(2,15,13)-(7,12)11,4-(1,3)8-5   10",8,2,3.5,False,"(*6,14)16(2,9)15(7,13)-12,11(4,3,8)1-5   10",9,1,3.5,False,0,
201805050809,9,シャングリラ賞(2勝),ダ,1400,晴,良,14:25,2018-11-25,東京,5,8,16,2014102562,アーバンイェーガー,牡4,57,00422,内田博幸,1:24.7,1.1/4,3-3,37.4,5.2,2,512(-2),01134,[東]高橋文雅,770006,西城公雄,150.0,,,,,,,,,,,"(*6,14)(16,9)(2,15,13)-(7,12)11,4-(1,3)8-5   10",3,2,0.0,False,"(*6,14)16(2,9)15(7,13)-12,11(4,3,8)1-5   10",3,1,0.0,False,0,
201805050809,9,シャングリラ賞(2勝),ダ,1400,晴,良,14:25,2018-11-25,東京,6,4,8,2014101462,スズカゴーディー,牡4,57,01075,田辺裕信,1:24.7,ハナ,14-11,36.1,19.4,8,486(0),01023,[東]伊藤圭三,382004,永井啓弍,,,,,,,,,,,,"(*6,14)(16,9)(2,15,13)-(7,12)11,4-(1,3)8-5   10",14,1,8.5,False,"(*6,14)16(2,9)15(7,13)-12,11(4,3,8)1-5   10",11,3,5.0,False,0,
201805050809,9,シャングリラ賞(2勝),ダ,1400,晴,良,14:25,2018-11-25,東京,7,7,13,2015100894,ダンケシェーン,牡3,56,00660,横山典弘,1:25.1,2.1/2,5-7,37.3,9.0,7,480(+4),01044,[西]昆貢,032800,ローレルレーシング,,,,,,,,,,,,"(*6,14)(16,9)(2,15,13)-(7,12)11,4-(1,3)8-5   10",5,3,0.0,False,"(*6,14)16(2,9)15(7,13)-12,11(4,3,8)1-5   10",7,2,0.0,False,0,
201805050809,9,シャングリラ賞(2勝),ダ,1400,晴,良,14:25,2018-11-25,東京,8,6,11,2013101296,スズカプリズム,牝5,55,01043,北村宏司,1:25.3,1.1/4,10-10,37.0,79.4,11,484(+6),00362,[西]橋田満,382004,永井啓弍,,,,,,,,,,,,"(*6,14)(16,9)(2,15,13)-(7,12)11,4-(1,3)8-5   10",10,1,3.5,False,"(*6,14)16(2,9)15(7,13)-12,11(4,3,8)1-5   10",10,1,5.0,False,0,
201805050809,9,シャングリラ賞(2勝),ダ,1400,晴,良,14:25,2018-11-25,東京,9,5,9,2013101259,ローレルジャック,牡5,57,01085,松岡正海,1:25.6,2,3-4,38.2,65.6,9,494(+4),00412,[東]高橋裕,032800,ローレルレーシング,,,,,,,,,,,,"(*6,14)(16,9)(2,15,13)-(7,12)11,4-(1,3)8-5   10",3,2,0.0,False,"(*6,14)16(2,9)15(7,13)-12,11(4,3,8)1-5   10",4,2,0.0,False,0,
201805050809,9,シャングリラ賞(2勝),ダ,1400,晴,良,14:25,2018-11-25,東京,10,3,5,2011105976,トップアドバンス,牡7,57,01161,菊沢一樹,1:25.8,1.1/4,15-15,36.6,231.8,13,480(+4),01047,[東]勢司和浩,036033,柳内正基,,,,,,,,,,,,"(*6,14)(16,9)(2,15,13)-(7,12)11,4-(1,3)8-5   10",15,1,12.0,False,"(*6,14)16(2,9)15(7,13)-12,11(4,3,8)1-5   10",15,1,8.5,False,0,
201805050809,9,シャングリラ賞(2勝),ダ,1400,晴,良,14:25,2018-11-25,東京,11,8,15,2014104144,スカルバン,牡4,57,05509,モレイラ,1:25.9,クビ,5-6,38.4,7.3,6,500(+8),01147,[東]武井亮,051803,ＫＴレーシング,,,,,,,,,,,,"(*6,14)(16,9)(2,15,13)-(7,12)11,4-(1,3)8-5   10",5,3,0.0,False,"(*6,14)16(2,9)15(7,13)-12,11(4,3,8)1-5   10",6,1,0.0,False,0,
201805050809,9,シャングリラ賞(2勝),ダ,1400,晴,良,14:25,2018-11-25,東京,12,2,3,2014103967,フォーカード,牡4,57,05473,Ｃ．デム,1:26.4,3,12-11,37.8,7.0,5,470(-4),01085,[西]小崎憲,051803,ＫＴレーシング,,,,,,,,,,,,"(*6,14)(16,9)(2,15,13)-(7,12)11,4-(1,3)8-5   10",12,2,8.5,False,"(*6,14)16(2,9)15(7,13)-12,11(4,3,8)1-5   10",11,3,5.0,False,0,
201805050809,9,シャングリラ賞(2勝),ダ,1400,晴,良,14:25,2018-11-25,東京,13,1,1,2011104171,スマートダイバー,牡7,57,01091,丹内祐次,1:26.4,クビ,12-14,37.7,280.8,14,492(-2),00392,[東]古賀史生,007803,大川徹,,,,,,,,,,,,"(*6,14)(16,9)(2,15,13)-(7,12)11,4-(1,3)8-5   10",12,2,8.5,False,"(*6,14)16(2,9)15(7,13)-12,11(4,3,8)1-5   10",14,1,5.0,False,0,
201805050809,9,シャングリラ賞(2勝),ダ,1400,晴,良,14:25,2018-11-25,東京,14,7,14,2012100406,シゲルゴホウサイ,牝6,55,01127,丸山元気,1:26.7,2,2-2,39.5,110.3,12,464(-2),01142,[西]森田直行,674004,森中蕃,,,,,,,,,,,,"(*6,14)(16,9)(2,15,13)-(7,12)11,4-(1,3)8-5   10",2,2,0.0,False,"(*6,14)16(2,9)15(7,13)-12,11(4,3,8)1-5   10",2,2,0.0,False,0,
201805050809,9,シャングリラ賞(2勝),ダ,1400,晴,良,14:25,2018-11-25,東京,15,2,4,2012100997,クリノダイスーシー,牡6,57,01025,勝浦正樹,1:27.0,2,11-11,38.4,282.5,15,504(-6),01036,[東]高橋義博,970006,栗本博晴,,,,,,,,,,,,"(*6,14)(16,9)(2,15,13)-(7,12)11,4-(1,3)8-5   10",11,1,5.0,False,"(*6,14)16(2,9)15(7,13)-12,11(4,3,8)1-5   10",11,3,5.0,False,0,
201805050809,9,シャングリラ賞(2勝),ダ,1400,晴,良,14:25,2018-11-25,東京,除,5,10,2015105066,レピアーウィット,牡3,56,05366,ムーア,,,,,---,,530(-6),01070,[東]堀宣行,708800,金子真人ホールディン...,,,,,,,,,,,,"(*6,14)(16,9)(2,15,13)-(7,12)11,4-(1,3)8-5   10",16,1,18.0,False,"(*6,14)16(2,9)15(7,13)-12,11(4,3,8)1-5   10",16,1,14.5,False,0,
201805050810,10,ウェルカムS(3勝),芝,1800,晴,良,15:01,2018-11-25,東京,1,7,7,2013106041,アップクォーク,牡5,57,05495,ビュイッ,1:46.7,,6-3-4,32.9,3.8,2,506(-2),01081,[東]中川公成,486800,キャロットファーム,"1,842.4",,,,,,"3(4,5)(2,6)(1,7)9(8,10)",6,2,0.0,False,"(*3,4)(2,7,5)(1,6)(8,10,9)",3,3,0.0,False,"(*3,4)5(2,7)6,1(10,9)8",4,2,0.0,False,-16,連続開催の最終日となったが、前日と同レベルで速い時計の出る馬場。
201805050810,10,ウェルカムS(3勝),芝,1800,晴,良,15:01,2018-11-25,東京,2,2,2,2013106021,ジークカイザー,牡5,57,05509,モレイラ,1:46.7,アタマ,4-3-4,32.9,4.1,3,476(-4),01071,[西]池江泰寿,486800,キャロットファーム,736.4,,,,,,"3(4,5)(2,6)(1,7)9(8,10)",4,2,0.0,False,"(*3,4)(2,7,5)(1,6)(8,10,9)",3,3,0.0,False,"(*3,4)5(2,7)6,1(10,9)8",4,2,0.0,False,-16,連続開催の最終日となったが、前日と同レベルで速い時計の出る馬場。
201805050810,10,ウェルカムS(3勝),芝,1800,晴,良,15:01,2018-11-25,東京,3,4,4,2014101558,レッドローゼス,牡4,57,05366,ムーア,1:46.9,1.1/2,2-2-2,33.3,3.4,1,484(+4),00399,[東]国枝栄,180800,東京ホースレーシング,463.2,,,,,,"3(4,5)(2,6)(1,7)9(8,10)",2,2,0.0,False,"(*3,4)(2,7,5)(1,6)(8,10,9)",2,2,0.0,False,"(*3,4)5(2,7)6,1(10,9)8",2,2,0.0,False,-16,連続開催の最終日となったが、前日と同レベルで速い時計の出る馬場。
201805050810,10,ウェルカムS(3勝),芝,1800,晴,良,15:01,2018-11-25,東京,4,3,3,2014106076,イストワールファム,牝4,55,05386,戸崎圭太,1:47.1,1.1/4,1-1-1,33.5,7.5,4,458(0),01079,[東]古賀慎明,506800,シルクレーシング,270.0,,,,,,"3(4,5)(2,6)(1,7)9(8,10)",1,1,0.0,False,"(*3,4)(2,7,5)(1,6)(8,10,9)",1,2,0.0,True,"(*3,4)5(2,7)6,1(10,9)8",1,2,0.0,True,-16,連続開催の最終日となったが、前日と同レベルで速い時計の出る馬場。
201805050810,10,ウェルカムS(3勝),芝,1800,晴,良,15:01,2018-11-25,東京,5,1,1,2015100744,マイネルファンロン,牡3,55,01009,柴田大知,1:47.2,クビ,6-6-7,33.1,7.6,5,472(+8),01038,[東]手塚貴久,546800,サラブレッドクラブ・...,182.0,,,,,,"3(4,5)(2,6)(1,7)9(8,10)",6,2,0.0,False,"(*3,4)(2,7,5)(1,6)(8,10,9)",6,2,0.0,False,"(*3,4)5(2,7)6,1(10,9)8",7,1,1.5,False,-16,連続開催の最終日となったが、前日と同レベルで速い時計の出る馬場。
201805050810,10,ウェルカムS(3勝),芝,1800,晴,良,15:01,2018-11-25,東京,6,5,5,2011103696,ショウナンマルシェ,セ7,57,01122,三浦皇成,1:47.4,1.1/4,2-3-3,33.7,53.7,8,480(+4),01165,[東]和田勇介,331002,国本哲秀,,,,,,,"3(4,5)(2,6)(1,7)9(8,10)",2,2,0.0,False,"(*3,4)(2,7,5)(1,6)(8,10,9)",3,3,0.0,False,"(*3,4)5(2,7)6,1(10,9)8",3,1,0.0,False,-16,連続開催の最終日となったが、前日と同レベルで速い時計の出る馬場。
201805050810,10,ウェルカムS(3勝),芝,1800,晴,良,15:01,2018-11-25,東京,7,7,8,2014105053,チカノワール,牝4,55,00666,武豊,1:47.6,1.1/2,9-8-10,33.3,20.1,7,464(+4),01104,[西]笹田和秀,002803,キーファーズ,,,,,,,"3(4,5)(2,6)(1,7)9(8,10)",9,2,0.0,False,"(*3,4)(2,7,5)(1,6)(8,10,9)",8,3,0.0,False,"(*3,4)5(2,7)6,1(10,9)8",10,1,1.5,False,-16,連続開催の最終日となったが、前日と同レベルで速い時計の出る馬場。
201805050810,10,ウェルカムS(3勝),芝,1800,晴,良,15:01,2018-11-25,東京,8,8,10,2013105832,エンヴァール,牡5,57,05473,Ｃ．デム,1:47.6,アタマ,9-8-8,33.4,9.3,6,468(-2),01055,[西]藤原英昭,534006,寺田千代乃,,,,,,,"3(4,5)(2,6)(1,7)9(8,10)",9,2,0.0,False,"(*3,4)(2,7,5)(1,6)(8,10,9)",8,3,0.0,False,"(*3,4)5(2,7)6,1(10,9)8",8,2,1.5,False,-16,連続開催の最終日となったが、前日と同レベルで速い時計の出る馬場。
201805050810,10,ウェルカムS(3勝),芝,1800,晴,良,15:01,2018-11-25,東京,9,6,6,2011105107,クールオープニング,牡7,57,00422,内田博幸,1:48.7,7,4-6-6,34.8,150.3,10,458(-8),01154,[西]橋口慎介,041002,前田晋二,,,,,,,"3(4,5)(2,6)(1,7)9(8,10)",4,2,0.0,False,"(*3,4)(2,7,5)(1,6)(8,10,9)",6,2,0.0,False,"(*3,4)5(2,7)6,1(10,9)8",6,1,0.0,False,-16,連続開催の最終日となったが、前日と同レベルで速い時計の出る馬場。
201805050810,10,ウェルカムS(3勝),芝,1800,晴,良,15:01,2018-11-25,東京,10,8,9,2012101006,ペガサスボス,牡6,57,01169,武藤雅,1:50.6,大,8-8-8,36.4,116.8,9,532(+2),01075,[西]矢作芳人,261800,天羽牧場,,,,,,,"3(4,5)(2,6)(1,7)9(8,10)",8,1,0.0,False,"(*3,4)(2,7,5)(1,6)(8,10,9)",8,3,0.0,False,"(*3,4)5(2,7)6,1(10,9)8",8,2,1.5,False,-16,連続開催の最終日となったが、前日と同レベルで速い時計の出る馬場。
201805050811,11,第38回ジャパンC(GI),芝,2400,晴,良,15:40,2018-11-25,東京,1,1,1,2015104961,アーモンドアイ,牝3,53,05339,ルメール,2:20.6,,3-2-2-2,34.1,1.4,1,472(-8),00399,[東]国枝栄,506800,シルクレーシング,"30,302.4","8-13(1,10)(11,14)-(2,9)(3,7)4,12,5,6",3,2,3.5,False,"8-(1,13)10,11,14(2,9)(3,7)(4,12)5,6",2,2,3.5,False,"8-(1,13)(11,10)(14,9)(2,3,7)4-12-5-6",2,2,3.5,False,"8-(1,13)(11,10)(14,9)(3,7)2,4,12,5-6",2,2,3.5,False,-16,連続開催の最終日となったが、前日と同レベルで速い時計の出る馬場。
201805050811,11,第38回ジャパンC(GI),芝,2400,晴,良,15:40,2018-11-25,東京,2,5,8,2014101976,キセキ,牡4,57,01088,川田将雅,2:20.9,1.3/4,1-1-1-1,34.7,9.2,4,504(+8),01039,[西]中竹和也,248030,石川達絵,"12,086.4","8-13(1,10)(11,14)-(2,9)(3,7)4,12,5,6",1,1,0.0,False,"8-(1,13)10,11,14(2,9)(3,7)(4,12)5,6",1,1,0.0,False,"8-(1,13)(11,10)(14,9)(2,3,7)4-12-5-6",1,1,0.0,False,"8-(1,13)(11,10)(14,9)(3,7)2,4,12,5-6",1,1,0.0,False,-16,連続開催の最終日となったが、前日と同レベルで速い時計の出る馬場。
201805050811,11,第38回ジャパンC(GI),芝,2400,晴,良,15:40,2018-11-25,東京,3,7,11,2014106083,スワーヴリチャード,牡4,57,05212,Ｍ．デム,2:21.5,3.1/2,5-5-4-4,34.7,6.5,2,510(0),01087,[西]庄野靖志,887800,ＮＩＣＫＳ,"7,543.2","8-13(1,10)(11,14)-(2,9)(3,7)4,12,5,6",5,2,3.5,False,"8-(1,13)10,11,14(2,9)(3,7)(4,12)5,6",5,1,5.0,False,"8-(1,13)(11,10)(14,9)(2,3,7)4-12-5-6",4,2,3.5,False,"8-(1,13)(11,10)(14,9)(3,7)2,4,12,5-6",4,2,3.5,False,-16,連続開催の最終日となったが、前日と同レベルで速い時計の出る馬場。
201805050811,11,第38回ジャパンC(GI),芝,2400,晴,良,15:40,2018-11-25,東京,4,6,9,2012104759,シュヴァルグラン,牡6,57,05473,Ｃ．デム,2:21.5,クビ,7-7-6-6,34.5,12.9,5,468(-4),01061,[西]友道康夫,006030,佐々木主浩,"4,500.0","8-13(1,10)(11,14)-(2,9)(3,7)4,12,5,6",7,2,7.0,False,"8-(1,13)10,11,14(2,9)(3,7)(4,12)5,6",7,2,6.5,False,"8-(1,13)(11,10)(14,9)(2,3,7)4-12-5-6",6,2,3.5,False,"8-(1,13)(11,10)(14,9)(3,7)2,4,12,5-6",6,2,3.5,False,-16,連続開催の最終日となったが、前日と同レベルで速い時計の出る馬場。
201805050811,11,第38回ジャパンC(GI),芝,2400,晴,良,15:40,2018-11-25,東京,5,4,5,2014106160,ミッキースワロー,牡4,57,00660,横山典弘,2:21.9,2,13-13-13-13,33.9,62.6,8,482(0),01115,[東]菊沢隆徳,441007,野田みづき,"3,000.0","8-13(1,10)(11,14)-(2,9)(3,7)4,12,5,6",13,1,10.0,False,"8-(1,13)10,11,14(2,9)(3,7)(4,12)5,6",13,1,6.5,False,"8-(1,13)(11,10)(14,9)(2,3,7)4-12-5-6",13,1,10.5,False,"8-(1,13)(11,10)(14,9)(3,7)2,4,12,5-6",13,1,8.0,False,-16,連続開催の最終日となったが、前日と同レベルで速い時計の出る馬場。
201805050811,11,第38回ジャパンC(GI),芝,2400,晴,良,15:40,2018-11-25,東京,6,3,3,2013106101,サトノダイヤモンド,牡5,57,05509,モレイラ,2:21.9,クビ,9-9-8-8,34.7,7.1,3,504(-8),01071,[西]池江泰寿,075803,サトミホースカンパニ...,,"8-13(1,10)(11,14)-(2,9)(3,7)4,12,5,6",9,2,7.0,False,"8-(1,13)10,11,14(2,9)(3,7)(4,12)5,6",9,2,6.5,False,"8-(1,13)(11,10)(14,9)(2,3,7)4-12-5-6",8,3,3.5,False,"8-(1,13)(11,10)(14,9)(3,7)2,4,12,5-6",8,2,3.5,False,-16,連続開催の最終日となったが、前日と同レベルで速い時計の出る馬場。
201805050811,11,第38回ジャパンC(GI),芝,2400,晴,良,15:40,2018-11-25,東京,7,2,2,2015104624,ハッピーグリン,牡3,55,05286,服部茂史,2:22.2,1.3/4,7-7-8-10,34.9,341.2,14,460(+4),05630,[地]田中淳司,131031,会田裕一,,"8-13(1,10)(11,14)-(2,9)(3,7)4,12,5,6",7,2,7.0,False,"8-(1,13)10,11,14(2,9)(3,7)(4,12)5,6",7,2,6.5,False,"8-(1,13)(11,10)(14,9)(2,3,7)4-12-5-6",8,3,3.5,False,"8-(1,13)(11,10)(14,9)(3,7)2,4,12,5-6",10,1,3.5,False,-16,連続開催の最終日となったが、前日と同レベルで速い時計の出る馬場。
201805050811,11,第38回ジャパンC(GI),芝,2400,晴,良,15:40,2018-11-25,東京,8,8,14,2013101249,ウインテンダネス,牡5,57,00422,内田博幸,2:22.3,クビ,5-6-6-6,35.3,89.3,10,506(+2),01157,[西]杉山晴紀,494800,ウイン,,"8-13(1,10)(11,14)-(2,9)(3,7)4,12,5,6",5,2,3.5,False,"8-(1,13)10,11,14(2,9)(3,7)(4,12)5,6",6,1,6.5,False,"8-(1,13)(11,10)(14,9)(2,3,7)4-12-5-6",6,2,3.5,False,"8-(1,13)(11,10)(14,9)(3,7)2,4,12,5-6",6,2,3.5,False,-16,連続開催の最終日となったが、前日と同レベルで速い時計の出る馬場。
201805050811,11,第38回ジャパンC(GI),芝,2400,晴,良,15:40,2018-11-25,東京,9,3,4,2012104668,サトノクラウン,牡6,57,05495,ビュイッ,2:22.6,2,11-11-11-11,35.1,87.4,9,500(+18),01070,[東]堀宣行,075803,サトミホースカンパニ...,,"8-13(1,10)(11,14)-(2,9)(3,7)4,12,5,6",11,1,7.0,False,"8-(1,13)10,11,14(2,9)(3,7)(4,12)5,6",11,2,6.5,False,"8-(1,13)(11,10)(14,9)(2,3,7)4-12-5-6",11,1,3.5,False,"8-(1,13)(11,10)(14,9)(3,7)2,4,12,5-6",11,1,5.0,False,-16,連続開催の最終日となったが、前日と同レベルで速い時計の出る馬場。
201805050811,11,第38回ジャパンC(GI),芝,2400,晴,良,15:40,2018-11-25,東京,10,4,6,2013190003,サンダリングブルー,セ5,57,05471,ベリー,2:23.4,5,14-14-14-14,35.0,52.0,7,482(0),05730,[外]ムニュイ,153031,Ｃ．ウォッシュボーン,,"8-13(1,10)(11,14)-(2,9)(3,7)4,12,5,6",14,1,11.5,False,"8-(1,13)10,11,14(2,9)(3,7)(4,12)5,6",14,1,8.0,False,"8-(1,13)(11,10)(14,9)(2,3,7)4-12-5-6",14,1,14.0,False,"8-(1,13)(11,10)(14,9)(3,7)2,4,12,5-6",14,1,11.5,False,-16,連続開催の最終日となったが、前日と同レベルで速い時計の出る馬場。
201805050811,11,第38回ジャパンC(GI),芝,2400,晴,良,15:40,2018-11-25,東京,11,7,12,2014190001,カプリ,牡4,57,05366,ムーア,2:23.7,1.3/4,12-11-12-12,36.0,31.8,6,480(0),05518,[外]オブライ,a0006f,Derrick Sm...,,"8-13(1,10)(11,14)-(2,9)(3,7)4,12,5,6",12,1,8.5,False,"8-(1,13)10,11,14(2,9)(3,7)(4,12)5,6",11,2,6.5,False,"8-(1,13)(11,10)(14,9)(2,3,7)4-12-5-6",12,1,7.0,False,"8-(1,13)(11,10)(14,9)(3,7)2,4,12,5-6",12,1,6.5,False,-16,連続開催の最終日となったが、前日と同レベルで速い時計の出る馬場。
201805050811,11,第38回ジャパンC(GI),芝,2400,晴,良,15:40,2018-11-25,東京,12,6,10,2013104849,ガンコ,牡5,57,00663,蛯名正義,2:24.3,3.1/2,3-4-4-4,37.4,218.7,11,506(+6),00419,[西]松元茂樹,330007,杉澤光雄,,"8-13(1,10)(11,14)-(2,9)(3,7)4,12,5,6",3,2,3.5,False,"8-(1,13)10,11,14(2,9)(3,7)(4,12)5,6",4,1,3.5,False,"8-(1,13)(11,10)(14,9)(2,3,7)4-12-5-6",4,2,3.5,False,"8-(1,13)(11,10)(14,9)(3,7)2,4,12,5-6",4,2,3.5,False,-16,連続開催の最終日となったが、前日と同レベルで速い時計の出る馬場。
201805050811,11,第38回ジャパンC(GI),芝,2400,晴,良,15:40,2018-11-25,東京,13,8,13,2013102360,ノーブルマーズ,牡5,57,01130,高倉稜,2:24.8,3,2-2-2-2,38.2,241.9,12,492(-4),01073,[西]宮本博,755030,吉木伸彦,,"8-13(1,10)(11,14)-(2,9)(3,7)4,12,5,6",2,1,3.5,False,"8-(1,13)10,11,14(2,9)(3,7)(4,12)5,6",2,2,3.5,False,"8-(1,13)(11,10)(14,9)(2,3,7)4-12-5-6",2,2,3.5,False,"8-(1,13)(11,10)(14,9)(3,7)2,4,12,5-6",2,2,3.5,False,-16,連続開催の最終日となったが、前日と同レベルで速い時計の出る馬場。
201805050811,11,第38回ジャパンC(GI),芝,2400,晴,良,15:40,2018-11-25,東京,14,5,7,2011104377,サウンズオブアース,牡7,57,01075,田辺裕信,2:25.2,2.1/2,9-9-8-8,38.0,246.5,13,490(-2),01062,[西]藤岡健一,758005,吉田照哉,,"8-13(1,10)(11,14)-(2,9)(3,7)4,12,5,6",9,2,7.0,False,"8-(1,13)10,11,14(2,9)(3,7)(4,12)5,6",9,2,6.5,False,"8-(1,13)(11,10)(14,9)(2,3,7)4-12-5-6",8,3,3.5,False,"8-(1,13)(11,10)(14,9)(3,7)2,4,12,5-6",8,2,3.5,False,-16,連続開催の最終日となったが、前日と同レベルで速い時計の出る馬場。
201808050801,1,2歳未勝利,ダ,1200,晴,良,09:50,2018-11-25,京都,1,1,1,2016104058,レサイヤ,牡2,55,05203,岩田康誠,1:13.2,,1-1,38.1,8.9,5,480(+4),01128,[西]今野貞一,602033,落合稔,500.0,,,,,,,,,,,"(*1,13)12,10-14,4(5,6)(2,3,9,16)15=11-7=8",1,2,0.0,True,"(*1,13)-12-10-4(5,14,6)(2,3)-9-(15,16)=11,7=8",1,2,0.0,True,0,
201808050801,1,2歳未勝利,ダ,1200,晴,良,09:50,2018-11-25,京都,2,7,13,2016103713,モズベイビー,牡2,53,01164,藤田菜七,1:13.7,3,2-2,38.5,4.2,2,502(+6),01113,[西]牧浦充徳,005803,キャピタル・システム,200.0,,,,,,,,,,,"(*1,13)12,10-14,4(5,6)(2,3,9,16)15=11-7=8",2,2,0.0,False,"(*1,13)-12-10-4(5,14,6)(2,3)-9-(15,16)=11,7=8",2,2,0.0,False,0,
201808050801,1,2歳未勝利,ダ,1200,晴,良,09:50,2018-11-25,京都,3,3,5,2016101610,メイショウドウダン,牡2,55,01099,鮫島良太,1:13.8,1/2,7-6,37.4,139.8,11,438(+4),01083,[西]松永昌博,523005,松本好雄,130.0,,,,,,,,,,,"(*1,13)12,10-14,4(5,6)(2,3,9,16)15=11-7=8",7,2,6.5,False,"(*1,13)-12-10-4(5,14,6)(2,3)-9-(15,16)=11,7=8",6,3,10.5,False,0,
201808050801,1,2歳未勝利,ダ,1200,晴,良,09:50,2018-11-25,京都,4,6,12,2016110156,ユニキャラ,牝2,54,01014,福永祐一,1:13.9,3/4,3-3,38.5,3.9,1,484(0),01039,[西]中竹和也,370008,岡浩二,75.0,,,,,,,,,,,"(*1,13)12,10-14,4(5,6)(2,3,9,16)15=11-7=8",3,1,0.0,False,"(*1,13)-12-10-4(5,14,6)(2,3)-9-(15,16)=11,7=8",3,1,3.5,False,0,
201808050801,1,2歳未勝利,ダ,1200,晴,良,09:50,2018-11-25,京都,5,1,2,2016102048,アイファーメンバー,牡2,55,00894,小牧太,1:14.0,クビ,9-9,37.3,13.4,8,476(+2),00434,[西]西橋豊治,119007,中島稔,50.0,,,,,,,,,,,"(*1,13)12,10-14,4(5,6)(2,3,9,16)15=11-7=8",9,4,6.5,False,"(*1,13)-12-10-4(5,14,6)(2,3)-9-(15,16)=11,7=8",9,2,10.5,False,0,
201808050801,1,2歳未勝利,ダ,1200,晴,良,09:50,2018-11-25,京都,6,2,4,2016109083,スズカモンド,牡2,55,01154,松若風馬,1:14.0,クビ,6-5,37.8,7.9,4,458(+10),00431,[西]谷潔,382004,永井啓弍,,,,,,,,,,,,"(*1,13)12,10-14,4(5,6)(2,3,9,16)15=11-7=8",6,1,6.5,False,"(*1,13)-12-10-4(5,14,6)(2,3)-9-(15,16)=11,7=8",5,1,10.5,False,0,
201808050801,1,2歳未勝利,ダ,1200,晴,良,09:50,2018-11-25,京都,7,2,3,2016101923,トウケイクレナイ,牝2,54,01034,酒井学,1:14.1,1/2,9-9,37.4,9.8,6,474(-4),01139,[西]飯田祐史,258006,木村信彦,,,,,,,,,,,,"(*1,13)12,10-14,4(5,6)(2,3,9,16)15=11-7=8",9,4,6.5,False,"(*1,13)-12-10-4(5,14,6)(2,3)-9-(15,16)=11,7=8",9,2,10.5,False,0,
201808050801,1,2歳未勝利,ダ,1200,晴,良,09:50,2018-11-25,京都,8,5,10,2016105588,スペースコロニー,牡2,55,01133,水口優也,1:14.1,アタマ,4-4,38.6,49.8,9,440(0),01057,[西]湯窪幸雄,851007,山上和良,,,,,,,,,,,,"(*1,13)12,10-14,4(5,6)(2,3,9,16)15=11-7=8",4,1,1.5,False,"(*1,13)-12-10-4(5,14,6)(2,3)-9-(15,16)=11,7=8",4,1,7.0,False,0,
201808050801,1,2歳未勝利,ダ,1200,晴,良,09:50,2018-11-25,京都,9,3,6,2016101793,ユンゲンハフト,牝2,54,05299,吉原寛人,1:14.2,クビ,7-6,37.8,11.2,7,464(+12),01148,[西]西村真幸,041033,藤田好紀,,,,,,,,,,,,"(*1,13)12,10-14,4(5,6)(2,3,9,16)15=11-7=8",7,2,6.5,False,"(*1,13)-12-10-4(5,14,6)(2,3)-9-(15,16)=11,7=8",6,3,10.5,False,0,
201808050801,1,2歳未勝利,ダ,1200,晴,良,09:50,2018-11-25,京都,10,5,9,2016105523,エールジョリー,牝2,54,01144,菱田裕二,1:15.1,5,9-11,38.3,275.4,14,424(-2),01050,[西]飯田雄三,934033,佐伯由加理,,,,,,,,,,,,"(*1,13)12,10-14,4(5,6)(2,3,9,16)15=11-7=8",9,4,6.5,False,"(*1,13)-12-10-4(5,14,6)(2,3)-9-(15,16)=11,7=8",11,1,14.0,False,0,
201808050801,1,2歳未勝利,ダ,1200,晴,良,09:50,2018-11-25,京都,11,7,14,2016104455,スカーヴァティ,牝2,54,01102,北村友一,1:15.4,1.1/2,5-6,39.3,7.7,3,430(-2),01028,[西]西園正都,226800,サンデーレーシング,,,,,,,,,,,,"(*1,13)12,10-14,4(5,6)(2,3,9,16)15=11-7=8",5,1,5.0,False,"(*1,13)-12-10-4(5,14,6)(2,3)-9-(15,16)=11,7=8",6,3,10.5,False,0,
201808050801,1,2歳未勝利,ダ,1200,晴,良,09:50,2018-11-25,京都,12,8,15,2016106377,ヤマイチエルサ,牝2,52,01168,富田暁,1:15.6,1.1/4,13-12,38.5,162.1,13,418(0),01009,[西]田所秀孝,442030,坂本肇,,,,,,,,,,,,"(*1,13)12,10-14,4(5,6)(2,3,9,16)15=11-7=8",13,1,6.5,False,"(*1,13)-12-10-4(5,14,6)(2,3)-9-(15,16)=11,7=8",12,2,17.5,False,0,
201808050801,1,2歳未勝利,ダ,1200,晴,良,09:50,2018-11-25,京都,13,8,16,2016101920,メモリーハイル,牡2,55,01015,古川吉洋,1:16.1,3,9-12,39.2,78.8,10,496(+6),01121,[西]角田晃一,351800,シンザンクラブ,,,,,,,,,,,,"(*1,13)12,10-14,4(5,6)(2,3,9,16)15=11-7=8",9,4,6.5,False,"(*1,13)-12-10-4(5,14,6)(2,3)-9-(15,16)=11,7=8",12,2,17.5,False,0,
201808050801,1,2歳未勝利,ダ,1200,晴,良,09:50,2018-11-25,京都,14,4,7,2016105965,ビップデーア,牝2,54,01146,岩崎翼,1:17.0,5,15-15,38.5,333.9,15,410(0),01149,[西]松下武士,524030,鈴木邦英,,,,,,,,,,,,"(*1,13)12,10-14,4(5,6)(2,3,9,16)15=11-7=8",15,1,16.0,False,"(*1,13)-12-10-4(5,14,6)(2,3)-9-(15,16)=11,7=8",15,1,25.0,False,0,
201808050801,1,2歳未勝利,ダ,1200,晴,良,09:50,2018-11-25,京都,15,6,11,2016100173,アイファーリリー,牝2,53,01155,義英真,1:18.2,7,14-14,40.2,512.2,16,386(-6),00365,[西]崎山博樹,119007,中島稔,,,,,,,,,,,,"(*1,13)12,10-14,4(5,6)(2,3,9,16)15=11-7=8",14,1,12.5,False,"(*1,13)-12-10-4(5,14,6)(2,3)-9-(15,16)=11,7=8",14,1,23.5,False,0,
201808050801,1,2歳未勝利,ダ,1200,晴,良,09:50,2018-11-25,京都,16,4,8,2016103464,メイショウタンテツ,牡2,52,01171,西村淳也,1:19.2,6,16-16,38.9,141.1,12,446(+2),01042,[西]安達昭夫,523005,松本好雄,,,,,,,,,,,,"(*1,13)12,10-14,4(5,6)(2,3,9,16)15=11-7=8",16,1,22.0,False,"(*1,13)-12-10-4(5,14,6)(2,3)-9-(15,16)=11,7=8",16,1,31.0,False,0,
201808050802,2,2歳未勝利,芝,1400,晴,良,10:15,2018-11-25,京都,1,7,15,2016104613,テルモードーサ,牝2,54,05203,岩田康誠,1:21.9,,8-6,34.7,10.2,7,504(+8),01135,[西]高橋康之,790005,吉田勝己,500.0,,,,,,,,,,,"10,18(1,12,17)(6,13)15,11(2,7,14)(3,16)8,9-5-4",8,1,1.5,False,"10,18,1(12,17)(6,15)13(7,14,11)(3,16)2,8,9=4-5",6,2,3.0,False,-7,連続開催の最終日となったが、前日と同レベルで速めの時計が出る馬場。
201808050802,2,2歳未勝利,芝,1400,晴,良,10:15,2018-11-25,京都,2,3,6,2016104865,ブールバール,牝2,54,01034,酒井学,1:22.0,1/2,6-6,34.8,25.0,8,438(0),01058,[西]大久保龍,866006,寺田寿男,200.0,,,,,,,,,,,"10,18(1,12,17)(6,13)15,11(2,7,14)(3,16)8,9-5-4",6,2,1.5,False,"10,18,1(12,17)(6,15)13(7,14,11)(3,16)2,8,9=4-5",6,2,3.0,False,-7,連続開催の最終日となったが、前日と同レベルで速めの時計が出る馬場。
201808050802,2,2歳未勝利,芝,1400,晴,良,10:15,2018-11-25,京都,3,5,10,2016100819,ハナイロコマチ,牝2,54,01062,川島信二,1:22.0,クビ,1-1,35.4,3.8,1,440(0),01050,[西]飯田雄三,288009,岩崎僖澄,130.0,,,,,,,,,,,"10,18(1,12,17)(6,13)15,11(2,7,14)(3,16)8,9-5-4",1,1,0.0,False,"10,18,1(12,17)(6,15)13(7,14,11)(3,16)2,8,9=4-5",1,1,0.0,False,-7,連続開催の最終日となったが、前日と同レベルで速めの時計が出る馬場。
201808050802,2,2歳未勝利,芝,1400,晴,良,10:15,2018-11-25,京都,4,2,3,2016106064,ノーワン,牝2,54,05299,吉原寛人,1:22.1,クビ,13-12,34.3,8.7,5,474(-2),01104,[西]笹田和秀,041033,藤田好紀,75.0,,,,,,,,,,,"10,18(1,12,17)(6,13)15,11(2,7,14)(3,16)8,9-5-4",13,2,3.0,False,"10,18,1(12,17)(6,15)13(7,14,11)(3,16)2,8,9=4-5",12,2,3.0,False,-7,連続開催の最終日となったが、前日と同レベルで速めの時計が出る馬場。
201808050802,2,2歳未勝利,芝,1400,晴,良,10:15,2018-11-25,京都,5,1,1,2016104298,トロイメント,牝2,54,01115,浜中俊,1:22.3,1.1/4,3-3,35.3,8.0,4,430(+2),01016,[西]西浦勝一,808800,Ｇ１レーシング,50.0,,,,,,,,,,,"10,18(1,12,17)(6,13)15,11(2,7,14)(3,16)8,9-5-4",3,3,1.5,False,"10,18,1(12,17)(6,15)13(7,14,11)(3,16)2,8,9=4-5",3,1,3.0,False,-7,連続開催の最終日となったが、前日と同レベルで速めの時計が出る馬場。
201808050802,2,2歳未勝利,芝,1400,晴,良,10:15,2018-11-25,京都,6,6,11,2016104345,ベルヴォワ,牝2,54,01095,吉田隼人,1:22.6,1.3/4,9-9,35.2,5.2,2,472(-6),01075,[西]矢作芳人,808800,Ｇ１レーシング,,,,,,,,,,,,"10,18(1,12,17)(6,13)15,11(2,7,14)(3,16)8,9-5-4",9,1,3.0,False,"10,18,1(12,17)(6,15)13(7,14,11)(3,16)2,8,9=4-5",9,3,3.0,False,-7,連続開催の最終日となったが、前日と同レベルで速めの時計が出る馬場。
201808050802,2,2歳未勝利,芝,1400,晴,良,10:15,2018-11-25,京都,7,8,18,2016105289,プロム,牝2,54,01116,藤岡康太,1:22.7,1/2,2-2,35.9,6.0,3,492(+4),01018,[西]宮徹,758005,吉田照哉,,,,,,,,,,,,"10,18(1,12,17)(6,13)15,11(2,7,14)(3,16)8,9-5-4",2,1,1.5,False,"10,18,1(12,17)(6,15)13(7,14,11)(3,16)2,8,9=4-5",2,1,1.5,False,-7,連続開催の最終日となったが、前日と同レベルで速めの時計が出る馬場。
201808050802,2,2歳未勝利,芝,1400,晴,良,10:15,2018-11-25,京都,8,4,8,2016102863,エイシンロード,牝2,54,01014,福永祐一,1:22.8,1/2,15-15,34.7,9.3,6,484(+4),01146,[西]奥村豊,785800,栄進堂,,,,,,,,,,,,"10,18(1,12,17)(6,13)15,11(2,7,14)(3,16)8,9-5-4",15,1,3.0,False,"10,18,1(12,17)(6,15)13(7,14,11)(3,16)2,8,9=4-5",15,1,4.5,False,-7,連続開催の最終日となったが、前日と同レベルで速めの時計が出る馬場。
201808050802,2,2歳未勝利,芝,1400,晴,良,10:15,2018-11-25,京都,9,7,14,2016103248,フェニアンサイクル,牝2,54,01126,松山弘平,1:22.8,クビ,10-9,35.3,34.4,9,412(-8),01066,[西]岡田稲男,798008,一村哲也,,,,,,,,,,,,"10,18(1,12,17)(6,13)15,11(2,7,14)(3,16)8,9-5-4",10,3,3.0,False,"10,18,1(12,17)(6,15)13(7,14,11)(3,16)2,8,9=4-5",9,3,3.0,False,-7,連続開催の最終日となったが、前日と同レベルで速めの時計が出る馬場。
201808050802,2,2歳未勝利,芝,1400,晴,良,10:15,2018-11-25,京都,10,8,16,2016103785,クリノオンリーワン,牝2,54,01144,菱田裕二,1:23.0,1,13-12,35.2,501.5,18,430(0),00431,[西]谷潔,970006,栗本博晴,,,,,,,,,,,,"10,18(1,12,17)(6,13)15,11(2,7,14)(3,16)8,9-5-4",13,2,3.0,False,"10,18,1(12,17)(6,15)13(7,14,11)(3,16)2,8,9=4-5",12,2,3.0,False,-7,連続開催の最終日となったが、前日と同レベルで速めの時計が出る馬場。
201808050802,2,2歳未勝利,芝,1400,晴,良,10:15,2018-11-25,京都,11,7,13,2016101342,ジョースイーツ,牝2,53,01156,加藤祥太,1:23.3,1.3/4,6-8,36.1,69.5,11,478(+2),00378,[西]沖芳夫,839004,上田けい子,,,,,,,,,,,,"10,18(1,12,17)(6,13)15,11(2,7,14)(3,16)8,9-5-4",6,2,1.5,False,"10,18,1(12,17)(6,15)13(7,14,11)(3,16)2,8,9=4-5",8,1,3.0,False,-7,連続開催の最終日となったが、前日と同レベルで速めの時計が出る馬場。
201808050802,2,2歳未勝利,芝,1400,晴,良,10:15,2018-11-25,京都,12,4,7,2016101593,メイショウイヤサカ,牝2,52,01165,森裕太朗,1:23.6,1.3/4,10-9,36.1,275.7,14,428(-6),01041,[西]藤沢則雄,523005,松本好雄,,,,,,,,,,,,"10,18(1,12,17)(6,13)15,11(2,7,14)(3,16)8,9-5-4",10,3,3.0,False,"10,18,1(12,17)(6,15)13(7,14,11)(3,16)2,8,9=4-5",9,3,3.0,False,-7,連続開催の最終日となったが、前日と同レベルで速めの時計が出る馬場。
201808050802,2,2歳未勝利,芝,1400,晴,良,10:15,2018-11-25,京都,13,6,12,2016100634,ベストクィーン,牝2,54,01154,松若風馬,1:23.6,アタマ,3-4,36.5,45.7,10,420(0),00434,[西]西橋豊治,307033,田畑富子,,,,,,,,,,,,"10,18(1,12,17)(6,13)15,11(2,7,14)(3,16)8,9-5-4",3,3,1.5,False,"10,18,1(12,17)(6,15)13(7,14,11)(3,16)2,8,9=4-5",4,2,3.0,False,-7,連続開催の最終日となったが、前日と同レベルで速めの時計が出る馬場。
201808050802,2,2歳未勝利,芝,1400,晴,良,10:15,2018-11-25,京都,14,8,17,2016101187,バレエシューズ,牝2,54,01037,太宰啓介,1:23.8,1,3-4,36.8,214.8,13,412(+4),01136,[西]高橋亮,208008,窪田芳郎,,,,,,,,,,,,"10,18(1,12,17)(6,13)15,11(2,7,14)(3,16)8,9-5-4",3,3,1.5,False,"10,18,1(12,17)(6,15)13(7,14,11)(3,16)2,8,9=4-5",4,2,3.0,False,-7,連続開催の最終日となったが、前日と同レベルで速めの時計が出る馬場。
201808050802,2,2歳未勝利,芝,1400,晴,良,10:15,2018-11-25,京都,15,5,9,2016100372,ユウナブランシェ,牝2,54,01030,松田大作,1:24.0,1.1/4,16-16,35.8,475.4,17,422(+2),01120,[西]千田輝彦,537033,野田善己,,,,,,,,,,,,"10,18(1,12,17)(6,13)15,11(2,7,14)(3,16)8,9-5-4",16,1,4.5,False,"10,18,1(12,17)(6,15)13(7,14,11)(3,16)2,8,9=4-5",16,1,6.0,False,-7,連続開催の最終日となったが、前日と同レベルで速めの時計が出る馬場。
201808050802,2,2歳未勝利,芝,1400,晴,良,10:15,2018-11-25,京都,16,1,2,2016102866,ハーゲンフレイヤ,牝2,54,01152,小崎綾也,1:24.3,2,10-14,36.7,204.3,12,438(+18),01085,[西]小崎憲,005060,大谷正嗣,,,,,,,,,,,,"10,18(1,12,17)(6,13)15,11(2,7,14)(3,16)8,9-5-4",10,3,3.0,False,"10,18,1(12,17)(6,15)13(7,14,11)(3,16)2,8,9=4-5",14,1,3.0,False,-7,連続開催の最終日となったが、前日と同レベルで速めの時計が出る馬場。
201808050802,2,2歳未勝利,芝,1400,晴,良,10:15,2018-11-25,京都,17,2,4,2016101239,ピサノアマゾン,牝2,54,01157,鮫島克駿,1:24.6,2,18-17,35.3,406.3,15,456(-4),01136,[西]高橋亮,010803,市川義美ホールディン...,,,,,,,,,,,,"10,18(1,12,17)(6,13)15,11(2,7,14)(3,16)8,9-5-4",18,1,11.5,False,"10,18,1(12,17)(6,15)13(7,14,11)(3,16)2,8,9=4-5",17,1,12.0,False,-7,連続開催の最終日となったが、前日と同レベルで速めの時計が出る馬場。
201808050802,2,2歳未勝利,芝,1400,晴,良,10:15,2018-11-25,京都,18,3,5,2016104229,テンノイセヒメ,牝2,53,01166,川又賢治,1:24.8,1.1/4,17-18,35.6,471.9,16,408(-4),01159,[西]高柳大輔,075006,天白泰司,,,,,,,,,,,,"10,18(1,12,17)(6,13)15,11(2,7,14)(3,16)8,9-5-4",17,1,8.0,False,"10,18,1(12,17)(6,15)13(7,14,11)(3,16)2,8,9=4-5",18,1,15.5,False,-7,連続開催の最終日となったが、前日と同レベルで速めの時計が出る馬場。
201808050803,3,2歳未勝利,芝,2000,晴,良,10:40,2018-11-25,京都,1,6,8,2016100550,ヒルノダカール,牡2,55,01030,松田大作,2:01.7,,5-5-4-4,35.4,3.7,2,512(+6),01078,[西]北出成人,823800,ヒルノ,500.0,"3,7(1,10)8(5,11)9-6,12,4-2",5,1,1.5,False,"3,7(1,10)8(5,11)9-6,12,4-2",5,1,1.5,False,"(*3,7)10(1,8,11)9(5,6)(4,12)2",4,3,0.0,False,"(*3,7)10,8,1(9,11,6)5(4,12)2",4,1,1.5,False,-7,連続開催の最終日となったが、前日と同レベルで速めの時計が出る馬場。
201808050803,3,2歳未勝利,芝,2000,晴,良,10:40,2018-11-25,京都,2,5,6,2016104399,アドマイヤコースト,牡2,55,05203,岩田康誠,2:02.1,2.1/2,9-9-8-6,35.3,7.9,4,478(-2),01061,[西]友道康夫,398002,近藤利一,200.0,"3,7(1,10)8(5,11)9-6,12,4-2",9,1,5.0,False,"3,7(1,10)8(5,11)9-6,12,4-2",9,1,5.0,False,"(*3,7)10(1,8,11)9(5,6)(4,12)2",8,2,0.0,False,"(*3,7)10,8,1(9,11,6)5(4,12)2",6,3,3.0,False,-7,連続開催の最終日となったが、前日と同レベルで速めの時計が出る馬場。
201808050803,3,2歳未勝利,芝,2000,晴,良,10:40,2018-11-25,京都,3,5,5,2016105526,メロディーレーン,牝2,51,01159,三津谷隼,2:02.3,1.1/4,6-6-8-9,35.5,330.1,12,340(0),01142,[西]森田直行,851009,岡田牧雄,130.0,"3,7(1,10)8(5,11)9-6,12,4-2",6,2,1.5,False,"3,7(1,10)8(5,11)9-6,12,4-2",6,2,1.5,False,"(*3,7)10(1,8,11)9(5,6)(4,12)2",8,2,0.0,False,"(*3,7)10,8,1(9,11,6)5(4,12)2",9,1,3.0,False,-7,連続開催の最終日となったが、前日と同レベルで速めの時計が出る馬場。
201808050803,3,2歳未勝利,芝,2000,晴,良,10:40,2018-11-25,京都,4,7,10,2016104380,モンドヌーヴォー,牡2,55,01116,藤岡康太,2:02.4,クビ,3-3-3-3,36.2,5.2,3,464(+10),01062,[西]藤岡健一,486800,キャロットファーム,75.0,"3,7(1,10)8(5,11)9-6,12,4-2",3,2,1.5,False,"3,7(1,10)8(5,11)9-6,12,4-2",3,2,1.5,False,"(*3,7)10(1,8,11)9(5,6)(4,12)2",3,1,0.0,False,"(*3,7)10,8,1(9,11,6)5(4,12)2",3,1,0.0,False,-7,連続開催の最終日となったが、前日と同レベルで速めの時計が出る馬場。
201808050803,3,2歳未勝利,芝,2000,晴,良,10:40,2018-11-25,京都,5,6,7,2016101156,ロードゼウス,牡2,55,01093,藤岡佑介,2:02.4,クビ,2-2-2-2,36.4,2.4,1,454(+8),01137,[西]中内田充,170800,ロードホースクラブ,50.0,"3,7(1,10)8(5,11)9-6,12,4-2",2,1,1.5,False,"3,7(1,10)8(5,11)9-6,12,4-2",2,1,1.5,False,"(*3,7)10(1,8,11)9(5,6)(4,12)2",2,2,0.0,False,"(*3,7)10,8,1(9,11,6)5(4,12)2",2,2,0.0,False,-7,連続開催の最終日となったが、前日と同レベルで速めの時計が出る馬場。
201808050803,3,2歳未勝利,芝,2000,晴,良,10:40,2018-11-25,京都,6,8,12,2016104397,タイセイモナーク,牡2,55,05299,吉原寛人,2:02.4,クビ,10-10-10-10,35.5,45.6,8,472(+2),01148,[西]西村真幸,224007,田中成奉,,"3,7(1,10)8(5,11)9-6,12,4-2",10,1,6.5,False,"3,7(1,10)8(5,11)9-6,12,4-2",10,1,6.5,False,"(*3,7)10(1,8,11)9(5,6)(4,12)2",10,2,0.0,False,"(*3,7)10,8,1(9,11,6)5(4,12)2",10,2,3.0,False,-7,連続開催の最終日となったが、前日と同レベルで速めの時計が出る馬場。
201808050803,3,2歳未勝利,芝,2000,晴,良,10:40,2018-11-25,京都,7,4,4,2016101286,ダイダロス,セ2,55,01124,国分恭介,2:02.4,ハナ,11-11-10-10,35.4,21.9,7,450(+2),01073,[西]宮本博,788800,ノースヒルズ,,"3,7(1,10)8(5,11)9-6,12,4-2",11,1,8.0,False,"3,7(1,10)8(5,11)9-6,12,4-2",11,1,8.0,False,"(*3,7)10(1,8,11)9(5,6)(4,12)2",10,2,0.0,False,"(*3,7)10,8,1(9,11,6)5(4,12)2",10,2,3.0,False,-7,連続開催の最終日となったが、前日と同レベルで速めの時計が出る馬場。
201808050803,3,2歳未勝利,芝,2000,晴,良,10:40,2018-11-25,京都,8,3,3,2016101941,ヘイセイラスト,牝2,54,01126,松山弘平,2:02.5,クビ,1-1-1-1,36.5,18.5,6,520(+6),01091,[西]羽月友彦,398800,谷川牧場,,"3,7(1,10)8(5,11)9-6,12,4-2",1,1,0.0,False,"3,7(1,10)8(5,11)9-6,12,4-2",1,1,0.0,False,"(*3,7)10(1,8,11)9(5,6)(4,12)2",1,2,0.0,True,"(*3,7)10,8,1(9,11,6)5(4,12)2",1,2,0.0,True,-7,連続開催の最終日となったが、前日と同レベルで速めの時計が出る馬場。
201808050803,3,2歳未勝利,芝,2000,晴,良,10:40,2018-11-25,京都,9,2,2,2016104291,ディバインフォース,牡2,55,01112,荻野琢真,2:02.5,クビ,12-12-12-12,35.4,165.8,10,448(+2),01158,[西]寺島良,231033,吉田晴哉,,"3,7(1,10)8(5,11)9-6,12,4-2",12,1,11.5,False,"3,7(1,10)8(5,11)9-6,12,4-2",12,1,11.5,False,"(*3,7)10(1,8,11)9(5,6)(4,12)2",12,1,0.0,False,"(*3,7)10,8,1(9,11,6)5(4,12)2",12,1,3.0,False,-7,連続開催の最終日となったが、前日と同レベルで速めの時計が出る馬場。
201808050803,3,2歳未勝利,芝,2000,晴,良,10:40,2018-11-25,京都,10,8,11,2016105258,サウンドバレット,牡2,55,01032,池添謙一,2:02.8,1.3/4,6-6-4-6,36.3,59.6,9,468(+2),01135,[西]高橋康之,168006,増田雄一,,"3,7(1,10)8(5,11)9-6,12,4-2",6,2,1.5,False,"3,7(1,10)8(5,11)9-6,12,4-2",6,2,1.5,False,"(*3,7)10(1,8,11)9(5,6)(4,12)2",4,3,0.0,False,"(*3,7)10,8,1(9,11,6)5(4,12)2",6,3,3.0,False,-7,連続開催の最終日となったが、前日と同レベルで速めの時計が出る馬場。
201808050803,3,2歳未勝利,芝,2000,晴,良,10:40,2018-11-25,京都,11,7,9,2016102269,ワンダーエカルテ,牝2,54,01037,太宰啓介,2:03.3,3,8-8-7-6,36.7,309.6,11,496(-2),01140,[西]石橋守,306033,山本能行,,"3,7(1,10)8(5,11)9-6,12,4-2",8,1,1.5,False,"3,7(1,10)8(5,11)9-6,12,4-2",8,1,1.5,False,"(*3,7)10(1,8,11)9(5,6)(4,12)2",7,1,0.0,False,"(*3,7)10,8,1(9,11,6)5(4,12)2",6,3,3.0,False,-7,連続開催の最終日となったが、前日と同レベルで速めの時計が出る馬場。
201808050803,3,2歳未勝利,芝,2000,晴,良,10:40,2018-11-25,京都,12,1,1,2016100897,ロフティネス,牡2,55,01154,松若風馬,2:04.1,5,3-3-4-5,37.8,17.8,5,474(+12),01002,[西]音無秀孝,367008,吉澤克己,,"3,7(1,10)8(5,11)9-6,12,4-2",3,2,1.5,False,"3,7(1,10)8(5,11)9-6,12,4-2",3,2,1.5,False,"(*3,7)10(1,8,11)9(5,6)(4,12)2",4,3,0.0,False,"(*3,7)10,8,1(9,11,6)5(4,12)2",5,1,3.0,False,-7,連続開催の最終日となったが、前日と同レベルで速めの時計が出る馬場。
201808050804,4,障害3歳以上OP,芝,3170,晴,良,11:10,2018-11-25,京都,1,8,10,2009100502,メイショウオトコギ,セ9,60,00691,北沢伸也,3:34.3,,4-4-3-2,13.5,11.5,6,506(+6),01139,[西]飯田祐史,523005,松本好雄,"1,350.0","(6,*11)-2,10,5(3,4)-1=9-8   7",4,1,5.0,False,"(*6,11)2,10,5(3,4)-1=(9,8)   7",4,1,1.5,False,"(*6,11)(3,10)-5-(4,2)=1=8-9   7",3,2,0.0,False,"11(6,10)3,5-4-2=1=8=9   7",2,2,0.0,False,,連続開催の最終日となったが、前日と同レベルで速めの時計が出る馬場。
201808050804,4,障害3歳以上OP,芝,3170,晴,良,11:10,2018-11-25,京都,2,8,11,2013104138,メイショウダッサイ,牡5,60,01139,森一馬,3:34.7,2.1/2,1-2-2-1,13.5,4.7,2,518(+16),01139,[西]飯田祐史,523005,松本好雄,540.0,"(6,*11)-2,10,5(3,4)-1=9-8   7",1,2,0.0,True,"(*6,11)2,10,5(3,4)-1=(9,8)   7",2,2,0.0,False,"(*6,11)(3,10)-5-(4,2)=1=8-9   7",2,2,0.0,False,"11(6,10)3,5-4-2=1=8=9   7",1,1,0.0,False,,連続開催の最終日となったが、前日と同レベルで速めの時計が出る馬場。
201808050804,4,障害3歳以上OP,芝,3170,晴,良,11:10,2018-11-25,京都,3,3,3,2013106345,ユウキビバワンダー,セ5,62,01080,佐久間寛,3:34.7,クビ,6-6-3-4,13.5,3.0,1,526(+4),01041,[西]藤沢則雄,446002,雪本秀樹,340.0,"(6,*11)-2,10,5(3,4)-1=9-8   7",6,2,6.5,False,"(*6,11)2,10,5(3,4)-1=(9,8)   7",6,2,3.0,False,"(*6,11)(3,10)-5-(4,2)=1=8-9   7",3,2,0.0,False,"11(6,10)3,5-4-2=1=8=9   7",4,1,0.0,False,,連続開催の最終日となったが、前日と同レベルで速めの時計が出る馬場。
201808050804,4,障害3歳以上OP,芝,3170,晴,良,11:10,2018-11-25,京都,4,5,5,2011101041,スズカグランデ,セ7,60,01035,白浜雄造,3:35.0,1.1/2,5-5-5-5,13.6,46.8,10,454(+6),01158,[西]寺島良,382004,永井啓弍,200.0,"(6,*11)-2,10,5(3,4)-1=9-8   7",5,1,6.5,False,"(*6,11)2,10,5(3,4)-1=(9,8)   7",5,1,3.0,False,"(*6,11)(3,10)-5-(4,2)=1=8-9   7",5,1,3.5,False,"11(6,10)3,5-4-2=1=8=9   7",5,1,1.5,False,,連続開催の最終日となったが、前日と同レベルで速めの時計が出る馬場。
201808050804,4,障害3歳以上OP,芝,3170,晴,良,11:10,2018-11-25,京都,5,4,4,2011104402,パッシングブリーズ,牡7,60,01066,難波剛健,3:35.4,2.1/2,6-6-6-6,13.6,25.9,7,496(+2),00411,[西]浅見秀一,872800,三田昌宏,135.0,"(6,*11)-2,10,5(3,4)-1=9-8   7",6,2,6.5,False,"(*6,11)2,10,5(3,4)-1=(9,8)   7",6,2,3.0,False,"(*6,11)(3,10)-5-(4,2)=1=8-9   7",6,2,7.0,False,"11(6,10)3,5-4-2=1=8=9   7",6,1,5.0,False,,連続開催の最終日となったが、前日と同レベルで速めの時計が出る馬場。
201808050804,4,障害3歳以上OP,芝,3170,晴,良,11:10,2018-11-25,京都,6,6,6,2012103591,マイネルヴォーダン,牡6,60,01008,山本康志,3:35.9,3,2-1-1-2,13.6,32.6,9,510(+8),01023,[東]伊藤圭三,546800,サラブレッドクラブ・...,,"(6,*11)-2,10,5(3,4)-1=9-8   7",2,2,0.0,False,"(*6,11)2,10,5(3,4)-1=(9,8)   7",1,2,0.0,True,"(*6,11)(3,10)-5-(4,2)=1=8-9   7",1,2,0.0,True,"11(6,10)3,5-4-2=1=8=9   7",2,2,0.0,False,,連続開催の最終日となったが、前日と同レベルで速めの時計が出る馬場。
201808050804,4,障害3歳以上OP,芝,3170,晴,良,11:10,2018-11-25,京都,7,1,1,2013103690,サンホッブズ,牡5,60,01059,石神深一,3:36.7,5,8-8-8-8,13.7,8.4,5,478(+2),01153,[東]中舘英二,059803,加藤ステーブル,,"(6,*11)-2,10,5(3,4)-1=9-8   7",8,1,10.0,False,"(*6,11)2,10,5(3,4)-1=(9,8)   7",8,1,6.5,False,"(*6,11)(3,10)-5-(4,2)=1=8-9   7",8,1,13.0,False,"11(6,10)3,5-4-2=1=8=9   7",8,1,14.5,False,,連続開催の最終日となったが、前日と同レベルで速めの時計が出る馬場。
201808050804,4,障害3歳以上OP,芝,3170,晴,良,11:10,2018-11-25,京都,8,2,2,2012104466,バイオンディップス,牡6,60,01069,五十嵐雄,3:37.0,2,3-3-6-7,13.7,4.7,3,526(0),01068,[東]小島茂之,922030,丸山担,,"(6,*11)-2,10,5(3,4)-1=9-8   7",3,1,3.5,False,"(*6,11)2,10,5(3,4)-1=(9,8)   7",3,1,0.0,False,"(*6,11)(3,10)-5-(4,2)=1=8-9   7",6,2,7.0,False,"11(6,10)3,5-4-2=1=8=9   7",7,1,8.5,False,,連続開催の最終日となったが、前日と同レベルで速めの時計が出る馬場。
201808050804,4,障害3歳以上OP,芝,3170,晴,良,11:10,2018-11-25,京都,9,7,8,2010104370,カレンバッドボーイ,牡8,60,01005,西谷誠,3:40.3,大,10-9-9-9,13.9,29.0,8,490(+6),01154,[西]橋口慎介,869006,鈴木隆司,,"(6,*11)-2,10,5(3,4)-1=9-8   7",10,1,19.5,False,"(*6,11)2,10,5(3,4)-1=(9,8)   7",9,2,12.5,False,"(*6,11)(3,10)-5-(4,2)=1=8-9   7",9,1,19.0,False,"11(6,10)3,5-4-2=1=8=9   7",9,1,20.5,False,,連続開催の最終日となったが、前日と同レベルで速めの時計が出る馬場。
201808050804,4,障害3歳以上OP,芝,3170,晴,良,11:10,2018-11-25,京都,10,7,9,2012101108,トーセンメリッサ,牝6,58,01120,大江原圭,3:40.9,3.1/2,9-9-10-10,13.9,83.3,11,486(+4),01005,[東]小桧山悟,270006,島川隆哉,,"(6,*11)-2,10,5(3,4)-1=9-8   7",9,1,16.0,False,"(*6,11)2,10,5(3,4)-1=(9,8)   7",9,2,12.5,False,"(*6,11)(3,10)-5-(4,2)=1=8-9   7",10,1,22.5,False,"11(6,10)3,5-4-2=1=8=9   7",10,1,26.5,False,,連続開催の最終日となったが、前日と同レベルで速めの時計が出る馬場。
201808050804,4,障害3歳以上OP,芝,3170,晴,良,11:10,2018-11-25,京都,中,6,7,2011106314,ウインレーベン,牡7,60,00652,熊沢重文,,,,,6.2,4,474(+14),00261,[西]中村均,494800,ウイン,,"(6,*11)-2,10,5(3,4)-1=9-8   7",11,1,25.5,False,"(*6,11)2,10,5(3,4)-1=(9,8)   7",11,1,18.5,False,"(*6,11)(3,10)-5-(4,2)=1=8-9   7",11,1,28.5,False,"11(6,10)3,5-4-2=1=8=9   7",11,1,32.5,False,,連続開催の最終日となったが、前日と同レベルで速めの時計が出る馬場。
201808050805,5,2歳新馬,芝,1800,晴,良,12:01,2018-11-25,京都,1,6,12,2016104415,ウーリリ,牡2,55,01014,福永祐一,1:49.6,,5-4,34.0,1.8,1,476(0),01061,[西]友道康夫,708800,金子真人ホールディン...,700.0,,,,,,,,,,,"(*16,14)10,6(5,12)11(2,7)(3,4,15)8(1,13)9",5,2,1.5,False,"(*16,14)10(6,5,12)11(2,7)(4,15)3,13,1(8,9)",4,3,0.0,False,-7,連続開催の最終日となったが、前日と同レベルで速めの時計が出る馬場。
201808050805,5,2歳新馬,芝,1800,晴,良,12:01,2018-11-25,京都,2,6,11,2016104435,ミッキーブリランテ,牡2,55,01093,藤岡佑介,1:49.6,クビ,7-7,33.7,14.2,4,458(0),01075,[西]矢作芳人,441007,野田みづき,280.0,,,,,,,,,,,"(*16,14)10,6(5,12)11(2,7)(3,4,15)8(1,13)9",7,1,1.5,False,"(*16,14)10(6,5,12)11(2,7)(4,15)3,13,1(8,9)",7,1,0.0,False,-7,連続開催の最終日となったが、前日と同レベルで速めの時計が出る馬場。
201808050805,5,2歳新馬,芝,1800,晴,良,12:01,2018-11-25,京都,3,3,5,2016104657,スノーユニバンス,牝2,54,01102,北村友一,1:50.2,3.1/2,5-4,34.3,7.0,3,466(0),01082,[西]平田修,164008,亀井哲也,180.0,,,,,,,,,,,"(*16,14)10,6(5,12)11(2,7)(3,4,15)8(1,13)9",5,2,1.5,False,"(*16,14)10(6,5,12)11(2,7)(4,15)3,13,1(8,9)",4,3,0.0,False,-7,連続開催の最終日となったが、前日と同レベルで速めの時計が出る馬場。
201808050805,5,2歳新馬,芝,1800,晴,良,12:01,2018-11-25,京都,4,1,2,2016105662,アイタイ,牡2,55,01126,松山弘平,1:50.4,1.1/4,8-8,34.3,5.7,2,510(0),01039,[西]中竹和也,686006,平井裕,110.0,,,,,,,,,,,"(*16,14)10,6(5,12)11(2,7)(3,4,15)8(1,13)9",8,2,1.5,False,"(*16,14)10(6,5,12)11(2,7)(4,15)3,13,1(8,9)",8,2,0.0,False,-7,連続開催の最終日となったが、前日と同レベルで速めの時計が出る馬場。
201808050805,5,2歳新馬,芝,1800,晴,良,12:01,2018-11-25,京都,5,7,14,2016101128,リヴォルバー,牝2,54,01146,岩崎翼,1:50.6,1.1/2,2-2,35.2,85.7,11,466(0),01140,[西]石橋守,768006,薪浦亨,70.0,,,,,,,,,,,"(*16,14)10,6(5,12)11(2,7)(3,4,15)8(1,13)9",2,2,0.0,False,"(*16,14)10(6,5,12)11(2,7)(4,15)3,13,1(8,9)",2,2,0.0,False,-7,連続開催の最終日となったが、前日と同レベルで速めの時計が出る馬場。
201808050805,5,2歳新馬,芝,1800,晴,良,12:01,2018-11-25,京都,6,8,16,2016103270,ナツバ,牝2,54,01034,酒井学,1:50.9,1.3/4,1-1,35.5,150.0,14,434(0),01078,[西]北出成人,959800,協栄,,,,,,,,,,,,"(*16,14)10,6(5,12)11(2,7)(3,4,15)8(1,13)9",1,2,0.0,True,"(*16,14)10(6,5,12)11(2,7)(4,15)3,13,1(8,9)",1,2,0.0,True,-7,連続開催の最終日となったが、前日と同レベルで速めの時計が出る馬場。
201808050805,5,2歳新馬,芝,1800,晴,良,12:01,2018-11-25,京都,7,4,7,2016104701,ロッカーモーション,牝2,54,01116,藤岡康太,1:51.0,3/4,8-8,35.0,41.1,9,460(0),01146,[西]奥村豊,226800,サンデーレーシング,,,,,,,,,,,,"(*16,14)10,6(5,12)11(2,7)(3,4,15)8(1,13)9",8,2,1.5,False,"(*16,14)10(6,5,12)11(2,7)(4,15)3,13,1(8,9)",8,2,0.0,False,-7,連続開催の最終日となったが、前日と同レベルで速めの時計が出る馬場。
201808050805,5,2歳新馬,芝,1800,晴,良,12:01,2018-11-25,京都,8,1,1,2016103389,アワジ,牡2,55,05299,吉原寛人,1:51.4,2.1/2,14-14,34.9,64.1,10,480(0),01142,[西]森田直行,839033,金山政信,,,,,,,,,,,,"(*16,14)10,6(5,12)11(2,7)(3,4,15)8(1,13)9",14,2,1.5,False,"(*16,14)10(6,5,12)11(2,7)(4,15)3,13,1(8,9)",14,1,3.0,False,-7,連続開催の最終日となったが、前日と同レベルで速めの時計が出る馬場。
201808050805,5,2歳新馬,芝,1800,晴,良,12:01,2018-11-25,京都,9,5,10,2016103330,サブゼロ,牡2,55,01154,松若風馬,1:51.5,1/2,3-3,36.0,133.9,13,520(0),01120,[西]千田輝彦,003060,ゴドルフィン,,,,,,,,,,,,"(*16,14)10,6(5,12)11(2,7)(3,4,15)8(1,13)9",3,1,0.0,False,"(*16,14)10(6,5,12)11(2,7)(4,15)3,13,1(8,9)",3,1,0.0,False,-7,連続開催の最終日となったが、前日と同レベルで速めの時計が出る馬場。
201808050805,5,2歳新馬,芝,1800,晴,良,12:01,2018-11-25,京都,10,2,3,2016104898,ビザンティン,牡2,53,01168,富田暁,1:51.7,1.1/4,10-12,35.5,24.1,7,506(0),01105,[西]須貝尚介,415800,社台レースホース,,,,,,,,,,,,"(*16,14)10,6(5,12)11(2,7)(3,4,15)8(1,13)9",10,3,1.5,False,"(*16,14)10(6,5,12)11(2,7)(4,15)3,13,1(8,9)",12,1,0.0,False,-7,連続開催の最終日となったが、前日と同レベルで速めの時計が出る馬場。
201808050805,5,2歳新馬,芝,1800,晴,良,12:01,2018-11-25,京都,11,5,9,2016102925,ショウナンアリババ,牡2,53,01164,藤田菜七,1:51.8,1/2,16-15,34.9,17.3,5,474(0),01129,[西]高橋義忠,331002,国本哲秀,,,,,,,,,,,,"(*16,14)10,6(5,12)11(2,7)(3,4,15)8(1,13)9",16,1,1.5,False,"(*16,14)10(6,5,12)11(2,7)(4,15)3,13,1(8,9)",15,2,3.0,False,-7,連続開催の最終日となったが、前日と同レベルで速めの時計が出る馬場。
201808050805,5,2歳新馬,芝,1800,晴,良,12:01,2018-11-25,京都,12,2,4,2016101545,ナリタフローライト,牡2,55,00700,四位洋文,1:51.8,ハナ,10-10,35.6,127.3,12,432(0),01155,[西]渡辺薫彦,712800,オースミ,,,,,,,,,,,,"(*16,14)10,6(5,12)11(2,7)(3,4,15)8(1,13)9",10,3,1.5,False,"(*16,14)10(6,5,12)11(2,7)(4,15)3,13,1(8,9)",10,2,0.0,False,-7,連続開催の最終日となったが、前日と同レベルで速めの時計が出る馬場。
201808050805,5,2歳新馬,芝,1800,晴,良,12:01,2018-11-25,京都,13,7,13,2016101409,ケープリーガル,牝2,52,01165,森裕太朗,1:51.9,クビ,14-13,35.5,384.8,15,468(0),00434,[西]西橋豊治,377008,山本茂,,,,,,,,,,,,"(*16,14)10,6(5,12)11(2,7)(3,4,15)8(1,13)9",14,2,1.5,False,"(*16,14)10(6,5,12)11(2,7)(4,15)3,13,1(8,9)",13,1,1.5,False,-7,連続開催の最終日となったが、前日と同レベルで速めの時計が出る馬場。
201808050805,5,2歳新馬,芝,1800,晴,良,12:01,2018-11-25,京都,14,8,15,2016110018,ウルバーノ,牝2,54,01144,菱田裕二,1:52.1,1.1/4,10-10,36.0,22.4,6,448(0),01066,[西]岡田稲男,003060,ゴドルフィン,,,,,,,,,,,,"(*16,14)10,6(5,12)11(2,7)(3,4,15)8(1,13)9",10,3,1.5,False,"(*16,14)10(6,5,12)11(2,7)(4,15)3,13,1(8,9)",10,2,0.0,False,-7,連続開催の最終日となったが、前日と同レベルで速めの時計が出る馬場。
201808050805,5,2歳新馬,芝,1800,晴,良,12:01,2018-11-25,京都,15,4,8,2016106106,タニノシェクハンド,牡2,55,01152,小崎綾也,1:52.5,2.1/2,13-15,35.8,469.7,16,478(0),01107,[西]村山明,764001,谷水雄三,,,,,,,,,,,,"(*16,14)10,6(5,12)11(2,7)(3,4,15)8(1,13)9",13,1,1.5,False,"(*16,14)10(6,5,12)11(2,7)(4,15)3,13,1(8,9)",15,2,3.0,False,-7,連続開催の最終日となったが、前日と同レベルで速めの時計が出る馬場。
201808050805,5,2歳新馬,芝,1800,晴,良,12:01,2018-11-25,京都,16,3,6,2016101684,サンピラーアイ,牝2,54,01096,大野拓弥,1:53.4,5,4-4,37.7,39.7,8,492(0),01148,[西]西村真幸,542800,ライオンレースホース,,,,,,,,,,,,"(*16,14)10,6(5,12)11(2,7)(3,4,15)8(1,13)9",4,1,1.5,False,"(*16,14)10(6,5,12)11(2,7)(4,15)3,13,1(8,9)",4,3,0.0,False,-7,連続開催の最終日となったが、前日と同レベルで速めの時計が出る馬場。
201808050806,6,3歳以上500万下,ダ,1800,晴,良,12:30,2018-11-25,京都,1,5,9,2014105828,バニーテール,牝4,55,01093,藤岡佑介,1:52.8,,8-8-4-2,37.4,1.8,1,484(-2),01137,[西]中内田充,708800,金子真人ホールディン...,750.0,"(7,8,12,*15)(4,13,14)9(3,10)(1,5)11(2,6)",8,1,0.0,False,"(7,*15)(8,12)14,4,13,9-10,3(1,5)11(2,6)",8,1,4.5,False,"15(12,14)(7,9)(8,10)13,4(3,5)(1,6)(2,11)",4,2,0.0,False,"15(12,14,9)10,7,13,5(4,3)(8,1,6)(2,11)",2,3,0.0,False,0,
201808050806,6,3歳以上500万下,ダ,1800,晴,良,12:30,2018-11-25,京都,2,2,3,2014103215,サザンブリーズ,牡4,57,05203,岩田康誠,1:53.0,1.1/2,9-10-10-9,37.1,7.7,3,522(+2),01154,[西]橋口慎介,675030,林正道,300.0,"(7,8,12,*15)(4,13,14)9(3,10)(1,5)11(2,6)",9,2,0.0,False,"(7,*15)(8,12)14,4,13,9-10,3(1,5)11(2,6)",10,1,9.5,False,"15(12,14)(7,9)(8,10)13,4(3,5)(1,6)(2,11)",10,2,1.5,False,"15(12,14,9)10,7,13,5(4,3)(8,1,6)(2,11)",9,2,4.5,False,0,
201808050806,6,3歳以上500万下,ダ,1800,晴,良,12:30,2018-11-25,京都,3,6,10,2015104673,ナイルデルタ,牡3,54,01166,川又賢治,1:53.0,クビ,9-9-6-5,37.4,21.8,8,494(+14),01149,[西]松下武士,486800,キャロットファーム,190.0,"(7,8,12,*15)(4,13,14)9(3,10)(1,5)11(2,6)",9,2,0.0,False,"(7,*15)(8,12)14,4,13,9-10,3(1,5)11(2,6)",9,1,8.0,False,"15(12,14)(7,9)(8,10)13,4(3,5)(1,6)(2,11)",6,2,0.0,False,"15(12,14,9)10,7,13,5(4,3)(8,1,6)(2,11)",5,1,0.0,False,0,
201808050806,6,3歳以上500万下,ダ,1800,晴,良,12:30,2018-11-25,京都,4,3,5,2015104310,カリンカ,牝3,53,01014,福永祐一,1:53.1,1/2,11-11-10-8,37.2,16.3,6,432(+8),00429,[西]佐々木晶,866006,寺田寿男,110.0,"(7,8,12,*15)(4,13,14)9(3,10)(1,5)11(2,6)",11,2,0.0,False,"(7,*15)(8,12)14,4,13,9-10,3(1,5)11(2,6)",11,2,9.5,False,"15(12,14)(7,9)(8,10)13,4(3,5)(1,6)(2,11)",10,2,1.5,False,"15(12,14,9)10,7,13,5(4,3)(8,1,6)(2,11)",8,1,4.5,False,0,
201808050806,6,3歳以上500万下,ダ,1800,晴,良,12:30,2018-11-25,京都,5,8,14,2015101339,ダノンロイヤル,牡3,55,01154,松若風馬,1:53.7,3.1/2,5-5-2-2,38.5,15.0,5,536(+16),01120,[西]千田輝彦,619800,ダノックス,75.0,"(7,8,12,*15)(4,13,14)9(3,10)(1,5)11(2,6)",5,3,0.0,False,"(7,*15)(8,12)14,4,13,9-10,3(1,5)11(2,6)",5,1,0.0,False,"15(12,14)(7,9)(8,10)13,4(3,5)(1,6)(2,11)",2,2,0.0,False,"15(12,14,9)10,7,13,5(4,3)(8,1,6)(2,11)",2,3,0.0,False,0,
201808050806,6,3歳以上500万下,ダ,1800,晴,良,12:30,2018-11-25,京都,6,4,7,2013104759,メイショウバーズ,牝5,53,01164,藤田菜七,1:53.9,3/4,2-2-4-6,38.5,36.8,10,472(-2),01099,[西]本田優,911008,松本好隆,,"(7,8,12,*15)(4,13,14)9(3,10)(1,5)11(2,6)",2,4,0.0,False,"(7,*15)(8,12)14,4,13,9-10,3(1,5)11(2,6)",2,2,0.0,False,"15(12,14)(7,9)(8,10)13,4(3,5)(1,6)(2,11)",4,2,0.0,False,"15(12,14,9)10,7,13,5(4,3)(8,1,6)(2,11)",6,1,1.5,False,0,
201808050806,6,3歳以上500万下,ダ,1800,晴,良,12:30,2018-11-25,京都,7,8,15,2014105748,グレンマクナス,牡4,57,01116,藤岡康太,1:54.2,2,1-1-1-1,39.4,7.0,2,514(-6),01062,[西]藤岡健一,415800,社台レースホース,,"(7,8,12,*15)(4,13,14)9(3,10)(1,5)11(2,6)",1,4,0.0,True,"(7,*15)(8,12)14,4,13,9-10,3(1,5)11(2,6)",1,2,0.0,True,"15(12,14)(7,9)(8,10)13,4(3,5)(1,6)(2,11)",1,1,0.0,False,"15(12,14,9)10,7,13,5(4,3)(8,1,6)(2,11)",1,1,0.0,False,0,
201808050806,6,3歳以上500万下,ダ,1800,晴,良,12:30,2018-11-25,京都,8,1,1,2014104573,スズカチャレンジ,牡4,55,01168,富田暁,1:54.2,ハナ,11-11-12-11,38.1,103.5,13,488(+4),01033,[西]木原一良,382004,永井啓弍,,"(7,8,12,*15)(4,13,14)9(3,10)(1,5)11(2,6)",11,2,0.0,False,"(7,*15)(8,12)14,4,13,9-10,3(1,5)11(2,6)",11,2,9.5,False,"15(12,14)(7,9)(8,10)13,4(3,5)(1,6)(2,11)",12,2,1.5,False,"15(12,14,9)10,7,13,5(4,3)(8,1,6)(2,11)",11,3,4.5,False,0,
201808050806,6,3歳以上500万下,ダ,1800,晴,良,12:30,2018-11-25,京都,9,4,6,2015105052,ボナヴィーゴ,牡3,55,01102,北村友一,1:54.6,2.1/2,14-14-12-11,38.5,10.4,4,484(-2),00438,[西]安田隆行,138007,吉田和美,,"(7,8,12,*15)(4,13,14)9(3,10)(1,5)11(2,6)",14,2,0.0,False,"(7,*15)(8,12)14,4,13,9-10,3(1,5)11(2,6)",14,2,9.5,False,"15(12,14)(7,9)(8,10)13,4(3,5)(1,6)(2,11)",12,2,1.5,False,"15(12,14,9)10,7,13,5(4,3)(8,1,6)(2,11)",11,3,4.5,False,0,
201808050806,6,3歳以上500万下,ダ,1800,晴,良,12:30,2018-11-25,京都,10,7,13,2015105893,ハギノフロンティア,牡3,55,01157,鮫島克駿,1:54.8,3/4,5-7-8-7,39.1,32.4,9,522(+8),01011,[西]松田国英,950006,日隈良江,,"(7,8,12,*15)(4,13,14)9(3,10)(1,5)11(2,6)",5,3,0.0,False,"(7,*15)(8,12)14,4,13,9-10,3(1,5)11(2,6)",7,1,3.0,False,"15(12,14)(7,9)(8,10)13,4(3,5)(1,6)(2,11)",8,1,0.0,False,"15(12,14,9)10,7,13,5(4,3)(8,1,6)(2,11)",7,1,3.0,False,0,
201808050806,6,3歳以上500万下,ダ,1800,晴,良,12:30,2018-11-25,京都,11,6,11,2015106454,アスールダリア,牝3,53,01124,国分恭介,1:55.0,1.1/4,13-13-14-14,38.7,49.2,11,430(-4),01148,[西]西村真幸,271008,安原浩司,,"(7,8,12,*15)(4,13,14)9(3,10)(1,5)11(2,6)",13,1,0.0,False,"(7,*15)(8,12)14,4,13,9-10,3(1,5)11(2,6)",13,1,9.5,False,"15(12,14)(7,9)(8,10)13,4(3,5)(1,6)(2,11)",14,2,1.5,False,"15(12,14,9)10,7,13,5(4,3)(8,1,6)(2,11)",14,2,4.5,False,0,
201808050806,6,3歳以上500万下,ダ,1800,晴,良,12:30,2018-11-25,京都,12,2,2,2014100352,ケアリイカイ,牝4,55,00894,小牧太,1:55.7,4,14-14-14-14,39.6,333.3,15,434(-10),01040,[西]服部利之,316033,守内ひろ子,,"(7,8,12,*15)(4,13,14)9(3,10)(1,5)11(2,6)",14,2,0.0,False,"(7,*15)(8,12)14,4,13,9-10,3(1,5)11(2,6)",14,2,9.5,False,"15(12,14)(7,9)(8,10)13,4(3,5)(1,6)(2,11)",14,2,1.5,False,"15(12,14,9)10,7,13,5(4,3)(8,1,6)(2,11)",14,2,4.5,False,0,
201808050806,6,3歳以上500万下,ダ,1800,晴,良,12:30,2018-11-25,京都,13,5,8,2015101936,クリノアスコット,牝3,53,01015,古川吉洋,1:55.8,クビ,2-3-6-11,40.2,18.4,7,430(+8),01155,[西]渡辺薫彦,970006,栗本博晴,,"(7,8,12,*15)(4,13,14)9(3,10)(1,5)11(2,6)",2,4,0.0,False,"(7,*15)(8,12)14,4,13,9-10,3(1,5)11(2,6)",3,2,0.0,False,"15(12,14)(7,9)(8,10)13,4(3,5)(1,6)(2,11)",6,2,0.0,False,"15(12,14,9)10,7,13,5(4,3)(8,1,6)(2,11)",11,3,4.5,False,0,
201808050806,6,3歳以上500万下,ダ,1800,晴,良,12:30,2018-11-25,京都,14,3,4,2015101703,スマートヴォルフ,牡3,55,01034,酒井学,1:55.8,ハナ,5-6-9-9,40.1,116.7,14,470(-2),01140,[西]石橋守,007803,大川徹,,"(7,8,12,*15)(4,13,14)9(3,10)(1,5)11(2,6)",5,3,0.0,False,"(7,*15)(8,12)14,4,13,9-10,3(1,5)11(2,6)",6,1,1.5,False,"15(12,14)(7,9)(8,10)13,4(3,5)(1,6)(2,11)",9,1,1.5,False,"15(12,14,9)10,7,13,5(4,3)(8,1,6)(2,11)",9,2,4.5,False,0,
201808050806,6,3歳以上500万下,ダ,1800,晴,良,12:30,2018-11-25,京都,15,7,12,2015101281,ロイヤルパールス,牡3,52,01172,服部寿希,1:56.3,3,2-3-2-2,41.2,77.1,12,510(+6),01057,[西]湯窪幸雄,018700,ロイヤルパーク,,"(7,8,12,*15)(4,13,14)9(3,10)(1,5)11(2,6)",2,4,0.0,False,"(7,*15)(8,12)14,4,13,9-10,3(1,5)11(2,6)",3,2,0.0,False,"15(12,14)(7,9)(8,10)13,4(3,5)(1,6)(2,11)",2,2,0.0,False,"15(12,14,9)10,7,13,5(4,3)(8,1,6)(2,11)",2,3,0.0,False,0,
201808050807,7,3歳以上1000万下,ダ,1200,晴,良,13:01,2018-11-25,京都,1,7,14,2015105225,ロードエース,牡3,56,01014,福永祐一,1:11.3,,5-5,36.0,5.9,2,508(+14),01149,[西]松下武士,170800,ロードホースクラブ,"1,050.0",,,,,,,,,,,"2,8,9,16,14(6,7)3(4,5,10)(1,11)12,15,13",5,1,6.0,False,"2,8(9,16)14-6,7(3,4,5)(1,11,10)(13,12)-15",5,1,1.5,False,0,
201808050807,7,3歳以上1000万下,ダ,1200,晴,良,13:01,2018-11-25,京都,2,7,13,2015103374,バーニングペスカ,牡3,56,01093,藤岡佑介,1:11.4,1/2,16-14,34.9,2.2,1,476(+4),01083,[西]松永昌博,417030,山田信太郎,420.0,,,,,,,,,,,"2,8,9,16,14(6,7)3(4,5,10)(1,11)12,15,13",16,1,9.0,False,"2,8(9,16)14-6,7(3,4,5)(1,11,10)(13,12)-15",14,2,6.5,False,0,
201808050807,7,3歳以上1000万下,ダ,1200,晴,良,13:01,2018-11-25,京都,3,3,5,2014100529,クインズマラクータ,牡4,54,01171,西村淳也,1:11.8,2.1/2,9-8,36.0,68.3,12,524(+4),00388,[西]山内研二,331803,亀田和弘,260.0,,,,,,,,,,,"2,8,9,16,14(6,7)3(4,5,10)(1,11)12,15,13",9,3,6.0,False,"2,8(9,16)14-6,7(3,4,5)(1,11,10)(13,12)-15",8,3,6.5,False,0,
201808050807,7,3歳以上1000万下,ダ,1200,晴,良,13:01,2018-11-25,京都,4,6,12,2015106500,テーオージーニアス,牡3,56,01128,川須栄彦,1:11.8,ハナ,14-14,35.5,9.3,4,490(0),01084,[西]梅田智之,304008,小笹公也,160.0,,,,,,,,,,,"2,8,9,16,14(6,7)3(4,5,10)(1,11)12,15,13",14,1,6.0,False,"2,8(9,16)14-6,7(3,4,5)(1,11,10)(13,12)-15",14,2,6.5,False,0,
201808050807,7,3歳以上1000万下,ダ,1200,晴,良,13:01,2018-11-25,京都,5,3,6,2014104716,アッティーヴォ,牡4,57,01019,秋山真一,1:11.9,3/4,6-6,36.4,20.6,8,456(+6),01032,[西]大根田裕,548033,奥裕嗣,105.0,,,,,,,,,,,"2,8,9,16,14(6,7)3(4,5,10)(1,11)12,15,13",6,2,6.0,False,"2,8(9,16)14-6,7(3,4,5)(1,11,10)(13,12)-15",6,1,5.0,False,0,
201808050807,7,3歳以上1000万下,ダ,1200,晴,良,13:01,2018-11-25,京都,6,2,4,2014103732,ロングベスト,牡4,57,01015,古川吉洋,1:11.9,アタマ,9-8,36.2,10.2,5,518(+4),01032,[西]大根田裕,602002,中井敏雄,,,,,,,,,,,,"2,8,9,16,14(6,7)3(4,5,10)(1,11)12,15,13",9,3,6.0,False,"2,8(9,16)14-6,7(3,4,5)(1,11,10)(13,12)-15",8,3,6.5,False,0,
201808050807,7,3歳以上1000万下,ダ,1200,晴,良,13:01,2018-11-25,京都,7,8,16,2013103471,エネルムサシ,牡5,57,05203,岩田康誠,1:12.1,1.1/4,4-3,37.0,9.1,3,518(+4),01135,[西]高橋康之,624007,鈴木康弘,,,,,,,,,,,,"2,8,9,16,14(6,7)3(4,5,10)(1,11)12,15,13",4,1,4.5,False,"2,8(9,16)14-6,7(3,4,5)(1,11,10)(13,12)-15",3,2,1.5,False,0,
201808050807,7,3歳以上1000万下,ダ,1200,晴,良,13:01,2018-11-25,京都,8,6,11,2013102488,ゼットマックイーン,牡5,57,01126,松山弘平,1:12.2,3/4,12-11,36.1,64.4,11,462(+4),01101,[西]吉田直弘,730800,フォーレスト,,,,,,,,,,,,"2,8,9,16,14(6,7)3(4,5,10)(1,11)12,15,13",12,2,6.0,False,"2,8(9,16)14-6,7(3,4,5)(1,11,10)(13,12)-15",11,3,6.5,False,0,
201808050807,7,3歳以上1000万下,ダ,1200,晴,良,13:01,2018-11-25,京都,9,1,1,2013101400,キョウワエステル,牝5,55,01036,竹之下智,1:12.4,3/4,12-11,36.3,222.7,13,486(0),01120,[西]千田輝彦,763800,協和牧場,,,,,,,,,,,,"2,8,9,16,14(6,7)3(4,5,10)(1,11)12,15,13",12,2,6.0,False,"2,8(9,16)14-6,7(3,4,5)(1,11,10)(13,12)-15",11,3,6.5,False,0,
201808050807,7,3歳以上1000万下,ダ,1200,晴,良,13:01,2018-11-25,京都,10,5,9,2013101839,ドウカンヤマ,牡5,55,01165,森裕太朗,1:12.4,ハナ,3-3,37.5,43.3,10,502(+2),01088,[東]高木登,798008,一村哲也,,,,,,,,,,,,"2,8,9,16,14(6,7)3(4,5,10)(1,11)12,15,13",3,1,3.0,False,"2,8(9,16)14-6,7(3,4,5)(1,11,10)(13,12)-15",3,2,1.5,False,0,
201808050807,7,3歳以上1000万下,ダ,1200,晴,良,13:01,2018-11-25,京都,11,4,8,2014101645,リガス,牡4,57,01032,池添謙一,1:12.5,3/4,2-2,37.8,22.9,9,518(0),01021,[西]池添兼雄,045803,カナヤマホールディン...,,,,,,,,,,,,"2,8,9,16,14(6,7)3(4,5,10)(1,11)12,15,13",2,1,1.5,False,"2,8(9,16)14-6,7(3,4,5)(1,11,10)(13,12)-15",2,1,1.5,False,0,
201808050807,7,3歳以上1000万下,ダ,1200,晴,良,13:01,2018-11-25,京都,12,1,2,2015100589,ヤマニンレジスタ,牡3,56,01037,太宰啓介,1:12.6,1/2,1-1,38.1,13.2,7,500(0),01146,[西]奥村豊,329004,土井肇,,,,,,,,,,,,"2,8,9,16,14(6,7)3(4,5,10)(1,11)12,15,13",1,1,0.0,False,"2,8(9,16)14-6,7(3,4,5)(1,11,10)(13,12)-15",1,1,0.0,False,0,
201808050807,7,3歳以上1000万下,ダ,1200,晴,良,13:01,2018-11-25,京都,13,2,3,2012110080,アヴェーヌモン,牡6,54,01159,三津谷隼,1:13.3,4,8-8,37.6,234.2,14,540(-2),01039,[西]中竹和也,944030,加藤誠,,,,,,,,,,,,"2,8,9,16,14(6,7)3(4,5,10)(1,11)12,15,13",8,1,6.0,False,"2,8(9,16)14-6,7(3,4,5)(1,11,10)(13,12)-15",8,3,6.5,False,0,
201808050807,7,3歳以上1000万下,ダ,1200,晴,良,13:01,2018-11-25,京都,14,8,15,2014110104,スーパーモリオン,牡4,57,01115,浜中俊,1:13.4,1/2,15-16,36.9,11.5,6,516(-8),00411,[西]浅見秀一,675030,林正道,,,,,,,,,,,,"2,8,9,16,14(6,7)3(4,5,10)(1,11)12,15,13",15,1,7.5,False,"2,8(9,16)14-6,7(3,4,5)(1,11,10)(13,12)-15",16,1,10.0,False,0,
201808050807,7,3歳以上1000万下,ダ,1200,晴,良,13:01,2018-11-25,京都,15,4,7,2012102766,グレートブレス,牡6,55,01168,富田暁,1:13.4,クビ,6-7,37.9,286.2,15,526(+2),01159,[西]高柳大輔,547800,ヒダカ・ブリーダーズ...,,,,,,,,,,,,"2,8,9,16,14(6,7)3(4,5,10)(1,11)12,15,13",6,2,6.0,False,"2,8(9,16)14-6,7(3,4,5)(1,11,10)(13,12)-15",7,1,6.5,False,0,
201808050807,7,3歳以上1000万下,ダ,1200,晴,良,13:01,2018-11-25,京都,16,5,10,2011106193,メイショウカフウ,牡7,56,01156,加藤祥太,1:14.0,3.1/2,9-11,38.0,377.3,16,494(+14),01041,[西]藤沢則雄,789006,松本和子,,,,,,,,,,,,"2,8,9,16,14(6,7)3(4,5,10)(1,11)12,15,13",9,3,6.0,False,"2,8(9,16)14-6,7(3,4,5)(1,11,10)(13,12)-15",11,3,6.5,False,0,
201808050808,8,3歳以上1000万下,ダ,1900,晴,良,13:30,2018-11-25,京都,1,8,15,2014100900,メイショウテムズ,牡4,57,01015,古川吉洋,1:58.5,,7-6-6-3,37.4,5.4,3,498(+2),01087,[西]庄野靖志,523005,松本好雄,"1,050.0","2,12,14(1,11)13,15-6-5(7,10)8(4,9)3",7,1,4.5,False,"2,12,14(1,11)(15,13)-6-(7,10)(5,8,9)4,3",6,2,3.0,False,"2=12(1,14,6)15,11,13(7,10)(8,4,9)3-5",6,1,6.0,False,"2-1(15,12,6)-14,11,13(7,10)(8,4)(9,3)5",3,3,3.5,False,0,
201808050808,8,3歳以上1000万下,ダ,1900,晴,良,13:30,2018-11-25,京都,2,1,1,2014101827,クリノライメイ,牡4,57,01096,大野拓弥,1:58.7,1,4-4-3-2,37.8,76.3,9,510(+2),01095,[西]荒川義之,970006,栗本博晴,420.0,"2,12,14(1,11)13,15-6-5(7,10)8(4,9)3",4,2,3.0,False,"2,12,14(1,11)(15,13)-6-(7,10)(5,8,9)4,3",4,2,3.0,False,"2=12(1,14,6)15,11,13(7,10)(8,4,9)3-5",3,3,6.0,False,"2-1(15,12,6)-14,11,13(7,10)(8,4)(9,3)5",2,1,3.5,False,0,
201808050808,8,3歳以上1000万下,ダ,1900,晴,良,13:30,2018-11-25,京都,3,6,10,2014101156,ワンダーウマス,牡4,57,05203,岩田康誠,1:58.8,1/2,10-9-9-9,37.2,8.0,4,488(-2),01159,[西]高柳大輔,184033,山本能成,260.0,"2,12,14(1,11)13,15-6-5(7,10)8(4,9)3",10,2,11.5,False,"2,12,14(1,11)(15,13)-6-(7,10)(5,8,9)4,3",9,2,10.0,False,"2=12(1,14,6)15,11,13(7,10)(8,4,9)3-5",9,2,9.0,False,"2-1(15,12,6)-14,11,13(7,10)(8,4)(9,3)5",9,2,10.0,False,0,
201808050808,8,3歳以上1000万下,ダ,1900,晴,良,13:30,2018-11-25,京都,4,7,12,2015104739,ダノンフォワード,牡3,55,01014,福永祐一,1:59.0,1.1/4,2-2-2-3,38.1,1.9,1,456(+4),01055,[西]藤原英昭,619800,ダノックス,160.0,"2,12,14(1,11)13,15-6-5(7,10)8(4,9)3",2,1,1.5,False,"2,12,14(1,11)(15,13)-6-(7,10)(5,8,9)4,3",2,1,1.5,False,"2=12(1,14,6)15,11,13(7,10)(8,4,9)3-5",2,1,6.0,False,"2-1(15,12,6)-14,11,13(7,10)(8,4)(9,3)5",3,3,3.5,False,0,
201808050808,8,3歳以上1000万下,ダ,1900,晴,良,13:30,2018-11-25,京都,5,5,8,2013104902,サウンドスタジオ,牡5,57,01154,松若風馬,1:59.5,3,12-11-11-11,37.7,187.1,14,496(+10),01101,[西]吉田直弘,168006,増田雄一,105.0,"2,12,14(1,11)13,15-6-5(7,10)8(4,9)3",12,1,11.5,False,"2,12,14(1,11)(15,13)-6-(7,10)(5,8,9)4,3",11,3,10.0,False,"2=12(1,14,6)15,11,13(7,10)(8,4,9)3-5",11,3,9.0,False,"2-1(15,12,6)-14,11,13(7,10)(8,4)(9,3)5",11,2,10.0,False,0,
201808050808,8,3歳以上1000万下,ダ,1900,晴,良,13:30,2018-11-25,京都,6,3,4,2014100584,ライトオブピース,牡4,57,01157,鮫島克駿,1:59.5,クビ,13-14-11-11,37.6,14.6,5,496(+18),00429,[西]佐々木晶,041002,前田晋二,,"2,12,14(1,11)13,15-6-5(7,10)8(4,9)3",13,2,11.5,False,"2,12,14(1,11)(15,13)-6-(7,10)(5,8,9)4,3",14,1,10.0,False,"2=12(1,14,6)15,11,13(7,10)(8,4,9)3-5",11,3,9.0,False,"2-1(15,12,6)-14,11,13(7,10)(8,4)(9,3)5",11,2,10.0,False,0,
201808050808,8,3歳以上1000万下,ダ,1900,晴,良,13:30,2018-11-25,京都,7,6,11,2014105217,シュンノカミ,牡4,55,01168,富田暁,1:59.6,1/2,4-4-7-7,38.2,270.7,15,498(-6),00419,[西]松元茂樹,752006,石川博,,"2,12,14(1,11)13,15-6-5(7,10)8(4,9)3",4,2,3.0,False,"2,12,14(1,11)(15,13)-6-(7,10)(5,8,9)4,3",4,2,3.0,False,"2=12(1,14,6)15,11,13(7,10)(8,4,9)3-5",7,1,7.5,False,"2-1(15,12,6)-14,11,13(7,10)(8,4)(9,3)5",7,1,8.5,False,0,
201808050808,8,3歳以上1000万下,ダ,1900,晴,良,13:30,2018-11-25,京都,8,2,3,2015100748,マイネルカイノン,牡3,55,01124,国分恭介,1:59.7,クビ,15-15-14-13,37.6,22.5,7,508(+14),01018,[西]宮徹,546800,サラブレッドクラブ・...,,"2,12,14(1,11)13,15-6-5(7,10)8(4,9)3",15,1,11.5,False,"2,12,14(1,11)(15,13)-6-(7,10)(5,8,9)4,3",15,1,11.5,False,"2=12(1,14,6)15,11,13(7,10)(8,4,9)3-5",14,1,9.0,False,"2-1(15,12,6)-14,11,13(7,10)(8,4)(9,3)5",13,2,10.0,False,0,
201808050808,8,3歳以上1000万下,ダ,1900,晴,良,13:30,2018-11-25,京都,9,4,6,2014105073,スペクター,牝4,55,01115,浜中俊,1:59.7,アタマ,8-8-3-3,38.7,5.1,2,502(-8),01104,[西]笹田和秀,202033,川勝裕之,,"2,12,14(1,11)13,15-6-5(7,10)8(4,9)3",8,1,8.0,False,"2,12,14(1,11)(15,13)-6-(7,10)(5,8,9)4,3",8,1,6.5,False,"2=12(1,14,6)15,11,13(7,10)(8,4,9)3-5",3,3,6.0,False,"2-1(15,12,6)-14,11,13(7,10)(8,4)(9,3)5",3,3,3.5,False,0,
201808050808,8,3歳以上1000万下,ダ,1900,晴,良,13:30,2018-11-25,京都,10,2,2,2013104817,ラインフィール,牡5,57,01139,森一馬,1:59.8,1/2,1-1-1-1,39.8,117.0,12,506(+2),01083,[西]松永昌博,796002,大澤繁昌,,"2,12,14(1,11)13,15-6-5(7,10)8(4,9)3",1,1,0.0,False,"2,12,14(1,11)(15,13)-6-(7,10)(5,8,9)4,3",1,1,0.0,False,"2=12(1,14,6)15,11,13(7,10)(8,4,9)3-5",1,1,0.0,False,"2-1(15,12,6)-14,11,13(7,10)(8,4)(9,3)5",1,1,0.0,False,0,
201808050808,8,3歳以上1000万下,ダ,1900,晴,良,13:30,2018-11-25,京都,11,4,7,2012102418,タイユール,牡6,57,05299,吉原寛人,2:00.0,1.1/4,10-9-9-9,38.4,89.8,11,500(+2),00438,[西]安田隆行,948006,前田幸治,,"2,12,14(1,11)13,15-6-5(7,10)8(4,9)3",10,2,11.5,False,"2,12,14(1,11)(15,13)-6-(7,10)(5,8,9)4,3",9,2,10.0,False,"2=12(1,14,6)15,11,13(7,10)(8,4,9)3-5",9,2,9.0,False,"2-1(15,12,6)-14,11,13(7,10)(8,4)(9,3)5",9,2,10.0,False,0,
201808050808,8,3歳以上1000万下,ダ,1900,晴,良,13:30,2018-11-25,京都,12,8,14,2013105963,トリプライト,牝5,55,01102,北村友一,2:00.0,クビ,3-3-3-6,38.9,85.0,10,470(+2),01002,[西]音無秀孝,226800,サンデーレーシング,,"2,12,14(1,11)13,15-6-5(7,10)8(4,9)3",3,1,3.0,False,"2,12,14(1,11)(15,13)-6-(7,10)(5,8,9)4,3",3,1,3.0,False,"2=12(1,14,6)15,11,13(7,10)(8,4,9)3-5",3,3,6.0,False,"2-1(15,12,6)-14,11,13(7,10)(8,4)(9,3)5",6,1,7.0,False,0,
201808050808,8,3歳以上1000万下,ダ,1900,晴,良,13:30,2018-11-25,京都,13,3,5,2015103145,ナムラムツゴロー,牡3,55,01099,鮫島良太,2:00.1,クビ,9-11-15-15,37.8,59.7,8,492(+2),00261,[西]中村均,945004,奈村信重,,"2,12,14(1,11)13,15-6-5(7,10)8(4,9)3",9,1,11.5,False,"2,12,14(1,11)(15,13)-6-(7,10)(5,8,9)4,3",11,3,10.0,False,"2=12(1,14,6)15,11,13(7,10)(8,4,9)3-5",15,1,12.5,False,"2-1(15,12,6)-14,11,13(7,10)(8,4)(9,3)5",15,1,10.0,False,0,
201808050808,8,3歳以上1000万下,ダ,1900,晴,良,13:30,2018-11-25,京都,14,5,9,2014105892,ダノンロッソ,牡4,57,01095,吉田隼人,2:00.7,3.1/2,13-11-11-13,38.8,19.9,6,444(-4),01011,[西]松田国英,619800,ダノックス,,"2,12,14(1,11)13,15-6-5(7,10)8(4,9)3",13,2,11.5,False,"2,12,14(1,11)(15,13)-6-(7,10)(5,8,9)4,3",11,3,10.0,False,"2=12(1,14,6)15,11,13(7,10)(8,4,9)3-5",11,3,9.0,False,"2-1(15,12,6)-14,11,13(7,10)(8,4)(9,3)5",13,2,10.0,False,0,
201808050808,8,3歳以上1000万下,ダ,1900,晴,良,13:30,2018-11-25,京都,15,7,13,2011103797,スワーヴカイザー,セ7,57,00894,小牧太,2:01.0,2,6-6-8-8,39.6,165.5,13,550(+14),01087,[西]庄野靖志,887800,ＮＩＣＫＳ,,"2,12,14(1,11)13,15-6-5(7,10)8(4,9)3",6,1,3.0,False,"2,12,14(1,11)(15,13)-6-(7,10)(5,8,9)4,3",6,2,3.0,False,"2=12(1,14,6)15,11,13(7,10)(8,4,9)3-5",8,1,9.0,False,"2-1(15,12,6)-14,11,13(7,10)(8,4)(9,3)5",8,1,10.0,False,0,
201808050809,9,白菊賞(1勝),芝,1600,晴,良,14:05,2018-11-25,京都,1,7,7,2016104648,ラヴズオンリーユー,牝2,54,05203,岩田康誠,1:33.6,,6-6,33.9,2.3,1,452(-14),01075,[西]矢作芳人,026803,ＤＭＭドリームクラブ,"1,021.0",,,,,,,,,,,"(9,*8)1-6,2(7,3)5-4",6,2,5.0,False,"(9,*8)1-(6,2)7(5,3)-4",6,1,3.5,False,-7,連続開催の最終日となったが、前日と同レベルで速めの時計が出る馬場。
201808050809,9,白菊賞(1勝),芝,1600,晴,良,14:05,2018-11-25,京都,2,2,2,2016105198,ランブリングアレー,牝2,54,01115,浜中俊,1:33.9,1.3/4,5-4,34.3,5.9,3,464(+6),01061,[西]友道康夫,415800,社台レースホース,406.0,,,,,,,,,,,"(9,*8)1-6,2(7,3)5-4",5,1,5.0,False,"(9,*8)1-(6,2)7(5,3)-4",4,2,3.5,False,-7,連続開催の最終日となったが、前日と同レベルで速めの時計が出る馬場。
201808050809,9,白菊賞(1勝),芝,1600,晴,良,14:05,2018-11-25,京都,3,5,5,2016110010,メトロポール,牝2,54,01093,藤岡佑介,1:34.1,1.1/4,8-7,34.2,3.6,2,478(0),01130,[西]吉村圭司,003060,ゴドルフィン,253.0,,,,,,,,,,,"(9,*8)1-6,2(7,3)5-4",8,1,5.0,False,"(9,*8)1-(6,2)7(5,3)-4",7,2,3.5,False,-7,連続開催の最終日となったが、前日と同レベルで速めの時計が出る馬場。
201808050809,9,白菊賞(1勝),芝,1600,晴,良,14:05,2018-11-25,京都,4,3,3,2016103138,ビックピクチャー,牝2,54,01014,福永祐一,1:34.2,3/4,6-7,34.4,7.6,4,400(+10),01055,[西]藤原英昭,037803,廣崎利洋ＨＤ,150.0,,,,,,,,,,,"(9,*8)1-6,2(7,3)5-4",6,2,5.0,False,"(9,*8)1-(6,2)7(5,3)-4",7,2,3.5,False,-7,連続開催の最終日となったが、前日と同レベルで速めの時計が出る馬場。
201808050809,9,白菊賞(1勝),芝,1600,晴,良,14:05,2018-11-25,京都,5,6,6,2016106483,エイシンゾーン,牝2,54,01166,川又賢治,1:34.4,1.1/4,4-4,35.0,11.6,5,434(+6),00419,[西]松元茂樹,785800,栄進堂,100.0,,,,,,,,,,,"(9,*8)1-6,2(7,3)5-4",4,1,3.5,False,"(9,*8)1-(6,2)7(5,3)-4",4,2,3.5,False,-7,連続開催の最終日となったが、前日と同レベルで速めの時計が出る馬場。
201808050809,9,白菊賞(1勝),芝,1600,晴,良,14:05,2018-11-25,京都,6,8,8,2016100599,ディーブラッド,牝2,54,01126,松山弘平,1:35.7,8,1-1,37.3,32.0,7,422(-6),01092,[西]松永幹夫,948006,前田幸治,,,,,,,,,,,,"(9,*8)1-6,2(7,3)5-4",1,2,0.0,True,"(9,*8)1-(6,2)7(5,3)-4",1,2,0.0,True,-7,連続開催の最終日となったが、前日と同レベルで速めの時計が出る馬場。
201808050809,9,白菊賞(1勝),芝,1600,晴,良,14:05,2018-11-25,京都,7,4,4,2016102564,ハクサンフラワー,牝2,54,05299,吉原寛人,1:35.7,クビ,9-9,35.4,75.9,8,408(-1),05731,[地]加藤和義,841030,河崎五市,,,,,,,,,,,,"(9,*8)1-6,2(7,3)5-4",9,1,8.5,False,"(9,*8)1-(6,2)7(5,3)-4",9,1,7.0,False,-7,連続開催の最終日となったが、前日と同レベルで速めの時計が出る馬場。
201808050809,9,白菊賞(1勝),芝,1600,晴,良,14:05,2018-11-25,京都,8,1,1,2016104503,ルチアーナミノル,牝2,54,00700,四位洋文,1:36.1,2.1/2,3-3,37.4,15.9,6,486(+4),01099,[西]本田優,265008,吉岡實,,,,,,,,,,,,"(9,*8)1-6,2(7,3)5-4",3,1,0.0,False,"(9,*8)1-(6,2)7(5,3)-4",3,1,0.0,False,-7,連続開催の最終日となったが、前日と同レベルで速めの時計が出る馬場。
201808050809,9,白菊賞(1勝),芝,1600,晴,良,14:05,2018-11-25,京都,9,8,9,2016100105,ケイゴールド,牝2,54,01154,松若風馬,1:38.0,大,2-2,39.6,161.1,9,478(+4),01010,[東]中野栄治,313008,友水達也,,,,,,,,,,,,"(9,*8)1-6,2(7,3)5-4",2,2,0.0,False,"(9,*8)1-(6,2)7(5,3)-4",2,2,0.0,False,-7,連続開催の最終日となったが、前日と同レベルで速めの時計が出る馬場。
201808050810,10,渡月橋S(3勝),芝,1400,晴,良,14:41,2018-11-25,京都,1,1,1,2013105537,カイザーバル,牝5,55,00700,四位洋文,1:21.0,,7-7,33.3,6.3,2,490(0),01039,[西]中竹和也,415800,社台レースホース,"1,849.4",,,,,,,,,,,"7,11(2,6)(5,9)(1,3)8(14,4)10,12,13",7,2,1.5,False,"7,11,2,6,5,9(1,3)(14,4,8)10(13,12)",7,2,7.5,False,-7,連続開催の最終日となったが、前日と同レベルで速めの時計が出る馬場。
201808050810,10,渡月橋S(3勝),芝,1400,晴,良,14:41,2018-11-25,京都,2,2,2,2015104361,アマルフィコースト,牝3,54,01019,秋山真一,1:21.3,1.3/4,3-3,34.1,2.7,1,474(+8),01123,[西]牧田和弥,415800,社台レースホース,738.4,,,,,,,,,,,"7,11(2,6)(5,9)(1,3)8(14,4)10,12,13",3,2,1.5,False,"7,11,2,6,5,9(1,3)(14,4,8)10(13,12)",3,1,3.0,False,-7,連続開催の最終日となったが、前日と同レベルで速めの時計が出る馬場。
201808050810,10,渡月橋S(3勝),芝,1400,晴,良,14:41,2018-11-25,京都,3,3,3,2013103324,ハナズレジェンド,牡5,57,05299,吉原寛人,1:21.3,アタマ,7-7,33.5,7.6,4,468(+10),01075,[西]矢作芳人,553800,広尾レース,464.2,,,,,,,,,,,"7,11(2,6)(5,9)(1,3)8(14,4)10,12,13",7,2,1.5,False,"7,11,2,6,5,9(1,3)(14,4,8)10(13,12)",7,2,7.5,False,-7,連続開催の最終日となったが、前日と同レベルで速めの時計が出る馬場。
201808050810,10,渡月橋S(3勝),芝,1400,晴,良,14:41,2018-11-25,京都,4,7,12,2014110117,フィアーノロマーノ,牡4,57,01116,藤岡康太,1:21.3,クビ,13-13,32.9,6.6,3,542(+4),01117,[西]高野友和,138007,吉田和美,270.0,,,,,,,,,,,"7,11(2,6)(5,9)(1,3)8(14,4)10,12,13",13,1,3.0,False,"7,11,2,6,5,9(1,3)(14,4,8)10(13,12)",13,2,7.5,False,-7,連続開催の最終日となったが、前日と同レベルで速めの時計が出る馬場。
201808050810,10,渡月橋S(3勝),芝,1400,晴,良,14:41,2018-11-25,京都,5,4,5,2014104351,ヤマカツグレース,牝4,55,01124,国分恭介,1:21.3,ハナ,5-5,33.8,25.6,11,454(-6),01021,[西]池添兼雄,240005,山田博康,182.0,,,,,,,,,,,"7,11(2,6)(5,9)(1,3)8(14,4)10,12,13",5,2,1.5,False,"7,11,2,6,5,9(1,3)(14,4,8)10(13,12)",5,1,6.0,False,-7,連続開催の最終日となったが、前日と同レベルで速めの時計が出る馬場。
201808050810,10,渡月橋S(3勝),芝,1400,晴,良,14:41,2018-11-25,京都,6,7,11,2014103009,タイムトリップ,牡4,57,01095,吉田隼人,1:21.4,クビ,2-2,34.4,25.6,10,500(0),01052,[東]菊川正達,373008,中村祐子,,,,,,,,,,,,"7,11(2,6)(5,9)(1,3)8(14,4)10,12,13",2,1,1.5,False,"7,11,2,6,5,9(1,3)(14,4,8)10(13,12)",2,1,1.5,False,-7,連続開催の最終日となったが、前日と同レベルで速めの時計が出る馬場。
201808050810,10,渡月橋S(3勝),芝,1400,晴,良,14:41,2018-11-25,京都,7,3,4,2013100756,キアロスクーロ,セ5,57,01115,浜中俊,1:21.5,3/4,10-9,33.4,17.6,8,500(+4),01042,[西]安達昭夫,482002,水上行雄,,,,,,,,,,,,"7,11(2,6)(5,9)(1,3)8(14,4)10,12,13",10,2,1.5,False,"7,11,2,6,5,9(1,3)(14,4,8)10(13,12)",9,3,7.5,False,-7,連続開催の最終日となったが、前日と同レベルで速めの時計が出る馬場。
201808050810,10,渡月橋S(3勝),芝,1400,晴,良,14:41,2018-11-25,京都,8,8,14,2012104510,ネオスターダム,牡6,57,01126,松山弘平,1:21.5,アタマ,10-9,33.5,25.0,9,490(+2),01022,[西]石坂正,798008,一村哲也,,,,,,,,,,,,"7,11(2,6)(5,9)(1,3)8(14,4)10,12,13",10,2,1.5,False,"7,11,2,6,5,9(1,3)(14,4,8)10(13,12)",9,3,7.5,False,-7,連続開催の最終日となったが、前日と同レベルで速めの時計が出る馬場。
201808050810,10,渡月橋S(3勝),芝,1400,晴,良,14:41,2018-11-25,京都,9,5,8,2014104304,デスティニーソング,牝4,55,01157,鮫島克駿,1:21.5,アタマ,9-9,33.4,17.1,7,456(+6),01149,[西]松下武士,854800,ノルマンディーサラブ...,,,,,,,,,,,,"7,11(2,6)(5,9)(1,3)8(14,4)10,12,13",9,1,1.5,False,"7,11,2,6,5,9(1,3)(14,4,8)10(13,12)",9,3,7.5,False,-7,連続開催の最終日となったが、前日と同レベルで速めの時計が出る馬場。
201808050810,10,渡月橋S(3勝),芝,1400,晴,良,14:41,2018-11-25,京都,10,6,10,2012100560,テルメディカラカラ,牝6,55,01014,福永祐一,1:21.6,1/2,12-12,33.4,12.1,6,476(-2),01140,[西]石橋守,892002,小林薫,,,,,,,,,,,,"7,11(2,6)(5,9)(1,3)8(14,4)10,12,13",12,1,1.5,False,"7,11,2,6,5,9(1,3)(14,4,8)10(13,12)",12,1,7.5,False,-7,連続開催の最終日となったが、前日と同レベルで速めの時計が出る馬場。
201808050810,10,渡月橋S(3勝),芝,1400,晴,良,14:41,2018-11-25,京都,11,6,9,2015101786,ニシノキントウン,牡3,56,01015,古川吉洋,1:21.7,3/4,5-6,34.1,34.7,12,460(+4),01078,[西]北出成人,897009,西山茂行,,,,,,,,,,,,"7,11(2,6)(5,9)(1,3)8(14,4)10,12,13",5,2,1.5,False,"7,11,2,6,5,9(1,3)(14,4,8)10(13,12)",6,1,7.5,False,-7,連続開催の最終日となったが、前日と同レベルで速めの時計が出る馬場。
201808050810,10,渡月橋S(3勝),芝,1400,晴,良,14:41,2018-11-25,京都,12,8,13,2013105480,サプルマインド,牝5,55,01102,北村友一,1:21.8,3/4,14-13,33.5,10.7,5,456(+12),01055,[西]藤原英昭,415800,社台レースホース,,,,,,,,,,,,"7,11(2,6)(5,9)(1,3)8(14,4)10,12,13",14,1,4.5,False,"7,11,2,6,5,9(1,3)(14,4,8)10(13,12)",13,2,7.5,False,-7,連続開催の最終日となったが、前日と同レベルで速めの時計が出る馬場。
201808050810,10,渡月橋S(3勝),芝,1400,晴,良,14:41,2018-11-25,京都,13,5,7,2013104774,パーリオミノル,牝5,55,01032,池添謙一,1:21.9,3/4,1-1,35.0,184.5,13,460(+6),01078,[西]北出成人,265008,吉岡實,,,,,,,,,,,,"7,11(2,6)(5,9)(1,3)8(14,4)10,12,13",1,1,0.0,False,"7,11,2,6,5,9(1,3)(14,4,8)10(13,12)",1,1,0.0,False,-7,連続開催の最終日となったが、前日と同レベルで速めの時計が出る馬場。
201808050810,10,渡月橋S(3勝),芝,1400,晴,良,14:41,2018-11-25,京都,14,4,6,2012102404,エリーティアラ,牝6,55,01160,荻野極,1:22.2,1.3/4,3-4,34.9,379.7,14,480(+14),01089,[東]武市康男,012033,谷川正純,,,,,,,,,,,,"7,11(2,6)(5,9)(1,3)8(14,4)10,12,13",3,2,1.5,False,"7,11,2,6,5,9(1,3)(14,4,8)10(13,12)",4,1,4.5,False,-7,連続開催の最終日となったが、前日と同レベルで速めの時計が出る馬場。
201808050811,11,オータムリーフS(OP),ダ,1200,晴,良,15:15,2018-11-25,京都,1,5,10,2015110078,コパノキッキング,セ3,55,01116,藤岡康太,1:10.8,,5-5,34.9,1.6,1,476(+2),01107,[西]村山明,966007,小林祥晃,"2,235.0",,,,,,,,,,,"11,12(7,14)(5,10,16)(2,3,15)(6,8)13(1,9)4",5,3,1.5,False,"11,12(7,14)-(5,10)(2,3,15,16)(6,8)(1,9,13)4",5,2,5.0,False,0,
201808050811,11,オータムリーフS(OP),ダ,1200,晴,良,15:15,2018-11-25,京都,2,4,7,2014106231,ジューヌエコール,牝4,54,01102,北村友一,1:10.8,クビ,3-3,35.2,24.8,7,490(-10),00438,[西]安田隆行,226800,サンデーレーシング,890.0,,,,,,,,,,,"11,12(7,14)(5,10,16)(2,3,15)(6,8)13(1,9)4",3,2,1.5,False,"11,12(7,14)-(5,10)(2,3,15,16)(6,8)(1,9,13)4",3,2,1.5,False,0,
201808050811,11,オータムリーフS(OP),ダ,1200,晴,良,15:15,2018-11-25,京都,3,1,2,2013102815,ワンダーリーデル,牡5,56,01126,松山弘平,1:10.9,3/4,8-7,34.8,31.1,9,530(+6),00378,[西]沖芳夫,184033,山本能成,555.0,,,,,,,,,,,"11,12(7,14)(5,10,16)(2,3,15)(6,8)13(1,9)4",8,3,1.5,False,"11,12(7,14)-(5,10)(2,3,15,16)(6,8)(1,9,13)4",7,4,5.0,False,0,
201808050811,11,オータムリーフS(OP),ダ,1200,晴,良,15:15,2018-11-25,京都,4,7,14,2011110074,ナンチンノン,牡7,58,01124,国分恭介,1:11.3,2.1/2,3-3,35.6,52.5,11,538(-2),01039,[西]中竹和也,944030,加藤誠,330.0,,,,,,,,,,,"11,12(7,14)(5,10,16)(2,3,15)(6,8)13(1,9)4",3,2,1.5,False,"11,12(7,14)-(5,10)(2,3,15,16)(6,8)(1,9,13)4",3,2,1.5,False,0,
201808050811,11,オータムリーフS(OP),ダ,1200,晴,良,15:15,2018-11-25,京都,5,6,11,2015102846,ゴールドクイーン,牝3,54,01015,古川吉洋,1:11.4,クビ,1-1,36.1,20.4,5,456(-6),00356,[西]坂口正則,869800,加藤充彦,220.0,,,,,,,,,,,"11,12(7,14)(5,10,16)(2,3,15)(6,8)13(1,9)4",1,1,0.0,False,"11,12(7,14)-(5,10)(2,3,15,16)(6,8)(1,9,13)4",1,1,0.0,False,0,
201808050811,11,オータムリーフS(OP),ダ,1200,晴,良,15:15,2018-11-25,京都,6,8,15,2012110058,テーオーヘリオス,牡6,58,01115,浜中俊,1:11.5,3/4,8-7,35.4,8.2,3,514(+4),01084,[西]梅田智之,304008,小笹公也,,,,,,,,,,,,"11,12(7,14)(5,10,16)(2,3,15)(6,8)13(1,9)4",8,3,1.5,False,"11,12(7,14)-(5,10)(2,3,15,16)(6,8)(1,9,13)4",7,4,5.0,False,0,
201808050811,11,オータムリーフS(OP),ダ,1200,晴,良,15:15,2018-11-25,京都,7,2,4,2012102856,スマートアヴァロン,牡6,58,01034,酒井学,1:11.6,1/2,16-16,34.7,7.9,2,520(+4),01028,[西]西園正都,007803,大川徹,,,,,,,,,,,,"11,12(7,14)(5,10,16)(2,3,15)(6,8)13(1,9)4",16,1,1.5,False,"11,12(7,14)-(5,10)(2,3,15,16)(6,8)(1,9,13)4",16,1,5.0,False,0,
201808050811,11,オータムリーフS(OP),ダ,1200,晴,良,15:15,2018-11-25,京都,8,2,3,2011101046,ベック,牡7,56,05299,吉原寛人,1:11.6,ハナ,8-7,35.5,22.9,6,512(+2),01113,[西]牧浦充徳,425006,細川祐季子,,,,,,,,,,,,"11,12(7,14)(5,10,16)(2,3,15)(6,8)13(1,9)4",8,3,1.5,False,"11,12(7,14)-(5,10)(2,3,15,16)(6,8)(1,9,13)4",7,4,5.0,False,0,
201808050811,11,オータムリーフS(OP),ダ,1200,晴,良,15:15,2018-11-25,京都,9,6,12,2012105337,メイショウワダイコ,牡6,56,01032,池添謙一,1:11.7,3/4,2-2,36.3,39.9,10,534(-6),01021,[西]池添兼雄,523005,松本好雄,,,,,,,,,,,,"11,12(7,14)(5,10,16)(2,3,15)(6,8)13(1,9)4",2,1,1.5,False,"11,12(7,14)-(5,10)(2,3,15,16)(6,8)(1,9,13)4",2,1,1.5,False,0,
201808050811,11,オータムリーフS(OP),ダ,1200,晴,良,15:15,2018-11-25,京都,10,3,5,2013100991,モズワッショイ,牝5,54,01164,藤田菜七,1:12.0,1.3/4,5-5,36.2,26.6,8,426(-6),01113,[西]牧浦充徳,005803,キャピタル・システム,,,,,,,,,,,,"11,12(7,14)(5,10,16)(2,3,15)(6,8)13(1,9)4",5,3,1.5,False,"11,12(7,14)-(5,10)(2,3,15,16)(6,8)(1,9,13)4",5,2,5.0,False,0,
201808050811,11,オータムリーフS(OP),ダ,1200,晴,良,15:15,2018-11-25,京都,11,3,6,2015103140,タイセイプライド,牡3,55,01157,鮫島克駿,1:12.0,アタマ,11-11,35.6,52.7,12,502(+6),01148,[西]西村真幸,224007,田中成奉,,,,,,,,,,,,"11,12(7,14)(5,10,16)(2,3,15)(6,8)13(1,9)4",11,2,1.5,False,"11,12(7,14)-(5,10)(2,3,15,16)(6,8)(1,9,13)4",11,2,5.0,False,0,
201808050811,11,オータムリーフS(OP),ダ,1200,晴,良,15:15,2018-11-25,京都,12,5,9,2011103097,ヒカリブランデー,牡7,56,01128,川須栄彦,1:12.2,1.1/4,14-13,35.5,397.9,16,488(+10),01150,[東]池上昌和,817800,ヒカリクラブ,,,,,,,,,,,,"11,12(7,14)(5,10,16)(2,3,15)(6,8)13(1,9)4",14,2,1.5,False,"11,12(7,14)-(5,10)(2,3,15,16)(6,8)(1,9,13)4",13,3,5.0,False,0,
201808050811,11,オータムリーフS(OP),ダ,1200,晴,良,15:15,2018-11-25,京都,13,7,13,2012101489,ドリームドルチェ,牡6,56,01160,荻野極,1:12.3,3/4,13-13,35.7,131.4,15,510(+2),01029,[東]根本康広,542800,ライオンレースホース,,,,,,,,,,,,"11,12(7,14)(5,10,16)(2,3,15)(6,8)13(1,9)4",13,1,1.5,False,"11,12(7,14)-(5,10)(2,3,15,16)(6,8)(1,9,13)4",13,3,5.0,False,0,
201808050811,11,オータムリーフS(OP),ダ,1200,晴,良,15:15,2018-11-25,京都,14,1,1,2013104754,タイセイエクレール,牡5,56,01144,菱田裕二,1:12.3,アタマ,14-13,35.6,79.0,14,522(+6),01142,[西]森田直行,224007,田中成奉,,,,,,,,,,,,"11,12(7,14)(5,10,16)(2,3,15)(6,8)13(1,9)4",14,2,1.5,False,"11,12(7,14)-(5,10)(2,3,15,16)(6,8)(1,9,13)4",13,3,5.0,False,0,
201808050811,11,オータムリーフS(OP),ダ,1200,晴,良,15:15,2018-11-25,京都,15,8,16,2015103379,メイショウヒサカタ,牝3,53,01095,吉田隼人,1:12.7,2,5-7,36.7,66.1,13,488(+6),00411,[西]浅見秀一,523005,松本好雄,,,,,,,,,,,,"11,12(7,14)(5,10,16)(2,3,15)(6,8)13(1,9)4",5,3,1.5,False,"11,12(7,14)-(5,10)(2,3,15,16)(6,8)(1,9,13)4",7,4,5.0,False,0,
201808050811,11,オータムリーフS(OP),ダ,1200,晴,良,15:15,2018-11-25,京都,16,4,8,2015110036,モルトアレグロ,牝3,53,01096,大野拓弥,1:13.5,5,11-11,37.1,10.6,4,482(+10),01147,[東]武井亮,310007,吉田千津,,,,,,,,,,,,"11,12(7,14)(5,10,16)(2,3,15)(6,8)13(1,9)4",11,2,1.5,False,"11,12(7,14)-(5,10)(2,3,15,16)(6,8)(1,9,13)4",11,2,5.0,False,0,
201808050812,12,第63回京阪杯(GIII),芝,1200,晴,良,16:15,2018-11-25,京都,1,2,3,2015102377,ダノンスマッシュ,牡3,55,01102,北村友一,1:08.0,,4-3,33.6,3.4,1,470(-2),00438,[西]安田隆行,619800,ダノックス,"3,963.7",,,,,,,,,,,"(*16,8)12(3,4)17(1,5,7,11,13)(2,15)14,18,6,10-9",4,2,0.0,False,"(*16,8)(3,12,4)(1,5,17)(2,7,13)(14,11,15)(6,18)10-9",3,3,0.0,False,-7,連続開催の最終日となったが、前日と同レベルで速めの時計が出る馬場。
201808050812,12,第63回京阪杯(GIII),芝,1200,晴,良,16:15,2018-11-25,京都,2,3,6,2011103412,ナインテイルズ,牡7,56,05203,岩田康誠,1:08.3,1.3/4,16-15,33.1,58.0,12,476(+2),00261,[西]中村均,851009,岡田牧雄,"1,618.2",,,,,,,,,,,"(*16,8)12(3,4)17(1,5,7,11,13)(2,15)14,18,6,10-9",16,1,3.0,False,"(*16,8)(3,12,4)(1,5,17)(2,7,13)(14,11,15)(6,18)10-9",15,2,0.0,False,-7,連続開催の最終日となったが、前日と同レベルで速めの時計が出る馬場。
201808050812,12,第63回京阪杯(GIII),芝,1200,晴,良,16:15,2018-11-25,京都,3,4,8,2013103292,ダイアナヘイロー,牝5,55,01144,菱田裕二,1:08.3,ハナ,2-2,34.1,45.4,11,474(-2),01032,[西]大根田裕,436800,駒秀,989.1,,,,,,,,,,,"(*16,8)12(3,4)17(1,5,7,11,13)(2,15)14,18,6,10-9",2,2,0.0,False,"(*16,8)(3,12,4)(1,5,17)(2,7,13)(14,11,15)(6,18)10-9",2,2,0.0,False,-7,連続開催の最終日となったが、前日と同レベルで速めの時計が出る馬場。
201808050812,12,第63回京阪杯(GIII),芝,1200,晴,良,16:15,2018-11-25,京都,4,8,17,2015104165,アンヴァル,牝3,53,01034,酒井学,1:08.3,クビ,6-6,33.6,9.8,5,462(+6),01062,[西]藤岡健一,415800,社台レースホース,590.0,,,,,,,,,,,"(*16,8)12(3,4)17(1,5,7,11,13)(2,15)14,18,6,10-9",6,1,0.0,False,"(*16,8)(3,12,4)(1,5,17)(2,7,13)(14,11,15)(6,18)10-9",6,3,0.0,False,-7,連続開催の最終日となったが、前日と同レベルで速めの時計が出る馬場。
201808050812,12,第63回京阪杯(GIII),芝,1200,晴,良,16:15,2018-11-25,京都,5,1,1,2013105321,エスティタート,牝5,54,01116,藤岡康太,1:08.4,クビ,7-6,33.7,19.5,8,454(-4),01092,[西]松永幹夫,486800,キャロットファーム,195.0,,,,,,,,,,,"(*16,8)12(3,4)17(1,5,7,11,13)(2,15)14,18,6,10-9",7,5,0.0,False,"(*16,8)(3,12,4)(1,5,17)(2,7,13)(14,11,15)(6,18)10-9",6,3,0.0,False,-7,連続開催の最終日となったが、前日と同レベルで速めの時計が出る馬場。
201808050812,12,第63回京阪杯(GIII),芝,1200,晴,良,16:15,2018-11-25,京都,5,3,5,2011101542,コウエイタケル,牡7,56,00894,小牧太,1:08.4,同着,7-6,33.7,59.2,13,504(0),00388,[西]山内研二,495005,伊東政清,195.0,,,,,,,,,,,"(*16,8)12(3,4)17(1,5,7,11,13)(2,15)14,18,6,10-9",7,5,0.0,False,"(*16,8)(3,12,4)(1,5,17)(2,7,13)(14,11,15)(6,18)10-9",6,3,0.0,False,-7,連続開催の最終日となったが、前日と同レベルで速めの時計が出る馬場。
201808050812,12,第63回京阪杯(GIII),芝,1200,晴,良,16:15,2018-11-25,京都,7,7,13,2012103405,ベステンダンク,牡6,56,01126,松山弘平,1:08.6,1,7-9,33.8,14.1,7,514(0),01042,[西]安達昭夫,010803,市川義美ホールディン...,,,,,,,,,,,,"(*16,8)12(3,4)17(1,5,7,11,13)(2,15)14,18,6,10-9",7,5,0.0,False,"(*16,8)(3,12,4)(1,5,17)(2,7,13)(14,11,15)(6,18)10-9",9,3,0.0,False,-7,連続開催の最終日となったが、前日と同レベルで速めの時計が出る馬場。
201808050812,12,第63回京阪杯(GIII),芝,1200,晴,良,16:15,2018-11-25,京都,8,1,2,2012105252,フミノムーン,牡6,56,01125,国分優作,1:08.6,ハナ,12-9,33.8,94.3,17,450(+8),01016,[西]西浦勝一,087031,谷迪,,,,,,,,,,,,"(*16,8)12(3,4)17(1,5,7,11,13)(2,15)14,18,6,10-9",12,2,0.0,False,"(*16,8)(3,12,4)(1,5,17)(2,7,13)(14,11,15)(6,18)10-9",9,3,0.0,False,-7,連続開催の最終日となったが、前日と同レベルで速めの時計が出る馬場。
201808050812,12,第63回京阪杯(GIII),芝,1200,晴,良,16:15,2018-11-25,京都,9,6,12,2014105960,オールポッシブル,牝4,54,01160,荻野極,1:08.7,1/2,3-3,34.3,59.9,14,498(+6),01136,[西]高橋亮,808800,Ｇ１レーシング,,,,,,,,,,,,"(*16,8)12(3,4)17(1,5,7,11,13)(2,15)14,18,6,10-9",3,1,0.0,False,"(*16,8)(3,12,4)(1,5,17)(2,7,13)(14,11,15)(6,18)10-9",3,3,0.0,False,-7,連続開催の最終日となったが、前日と同レベルで速めの時計が出る馬場。
201808050812,12,第63回京阪杯(GIII),芝,1200,晴,良,16:15,2018-11-25,京都,10,2,4,2012102017,アレスバローズ,牡6,57,01093,藤岡佑介,1:08.7,ハナ,4-3,34.2,6.5,3,496(+4),01121,[西]角田晃一,859007,猪熊広次,,,,,,,,,,,,"(*16,8)12(3,4)17(1,5,7,11,13)(2,15)14,18,6,10-9",4,2,0.0,False,"(*16,8)(3,12,4)(1,5,17)(2,7,13)(14,11,15)(6,18)10-9",3,3,0.0,False,-7,連続開催の最終日となったが、前日と同レベルで速めの時計が出る馬場。
201808050812,12,第63回京阪杯(GIII),芝,1200,晴,良,16:15,2018-11-25,京都,11,8,18,2012105774,ナガラフラワー,牝6,54,01037,太宰啓介,1:08.7,アタマ,15-15,33.6,84.0,16,478(0),01136,[西]高橋亮,024700,長良レーシングクラブ,,,,,,,,,,,,"(*16,8)12(3,4)17(1,5,7,11,13)(2,15)14,18,6,10-9",15,1,1.5,False,"(*16,8)(3,12,4)(1,5,17)(2,7,13)(14,11,15)(6,18)10-9",15,2,0.0,False,-7,連続開催の最終日となったが、前日と同レベルで速めの時計が出る馬場。
201808050812,12,第63回京阪杯(GIII),芝,1200,晴,良,16:15,2018-11-25,京都,12,7,14,2013101315,キングハート,牡5,56,01115,浜中俊,1:08.7,ハナ,14-12,33.7,63.7,15,496(-4),01030,[東]星野忍,291002,増田陽一,,,,,,,,,,,,"(*16,8)12(3,4)17(1,5,7,11,13)(2,15)14,18,6,10-9",14,1,0.0,False,"(*16,8)(3,12,4)(1,5,17)(2,7,13)(14,11,15)(6,18)10-9",12,3,0.0,False,-7,連続開催の最終日となったが、前日と同レベルで速めの時計が出る馬場。
201808050812,12,第63回京阪杯(GIII),芝,1200,晴,良,16:15,2018-11-25,京都,13,6,11,2014102625,ダイメイフジ,牡4,56,01019,秋山真一,1:08.7,アタマ,7-12,33.8,21.1,9,518(+4),01142,[西]森田直行,177033,宮本昇,,,,,,,,,,,,"(*16,8)12(3,4)17(1,5,7,11,13)(2,15)14,18,6,10-9",7,5,0.0,False,"(*16,8)(3,12,4)(1,5,17)(2,7,13)(14,11,15)(6,18)10-9",12,3,0.0,False,-7,連続開催の最終日となったが、前日と同レベルで速めの時計が出る馬場。
201808050812,12,第63回京阪杯(GIII),芝,1200,晴,良,16:15,2018-11-25,京都,14,5,10,2013103934,カルヴァリオ,セ5,56,05243,柴山雄一,1:08.8,1/2,17-17,33.5,13.5,6,470(-4),01102,[東]大竹正博,854800,ノルマンディーサラブ...,,,,,,,,,,,,"(*16,8)12(3,4)17(1,5,7,11,13)(2,15)14,18,6,10-9",17,1,4.5,False,"(*16,8)(3,12,4)(1,5,17)(2,7,13)(14,11,15)(6,18)10-9",17,1,0.0,False,-7,連続開催の最終日となったが、前日と同レベルで速めの時計が出る馬場。
201808050812,12,第63回京阪杯(GIII),芝,1200,晴,良,16:15,2018-11-25,京都,15,8,16,2013103973,ワンスインナムーン,牝5,54,01096,大野拓弥,1:08.8,ハナ,1-1,34.7,4.9,2,450(-4),01086,[東]斎藤誠,063803,諸江幸祐,,,,,,,,,,,,"(*16,8)12(3,4)17(1,5,7,11,13)(2,15)14,18,6,10-9",1,2,0.0,True,"(*16,8)(3,12,4)(1,5,17)(2,7,13)(14,11,15)(6,18)10-9",1,2,0.0,True,-7,連続開催の最終日となったが、前日と同レベルで速めの時計が出る馬場。
201808050812,12,第63回京阪杯(GIII),芝,1200,晴,良,16:15,2018-11-25,京都,16,5,9,2015110032,アサクサゲンキ,牡3,55,05299,吉原寛人,1:08.9,3/4,18-18,33.1,37.1,10,468(+2),01002,[西]音無秀孝,537009,田原慶子,,,,,,,,,,,,"(*16,8)12(3,4)17(1,5,7,11,13)(2,15)14,18,6,10-9",18,1,8.0,False,"(*16,8)(3,12,4)(1,5,17)(2,7,13)(14,11,15)(6,18)10-9",18,1,3.5,False,-7,連続開催の最終日となったが、前日と同レベルで速めの時計が出る馬場。
201808050812,12,第63回京阪杯(GIII),芝,1200,晴,良,16:15,2018-11-25,京都,17,7,15,2013106051,ビップライブリー,牡5,56,00700,四位洋文,1:08.9,クビ,12-12,33.9,118.6,18,470(+2),01110,[西]清水久詞,524030,鈴木邦英,,,,,,,,,,,,"(*16,8)12(3,4)17(1,5,7,11,13)(2,15)14,18,6,10-9",12,2,0.0,False,"(*16,8)(3,12,4)(1,5,17)(2,7,13)(14,11,15)(6,18)10-9",12,3,0.0,False,-7,連続開催の最終日となったが、前日と同レベルで速めの時計が出る馬場。
201808050812,12,第63回京阪杯(GIII),芝,1200,晴,良,16:15,2018-11-25,京都,18,4,7,2012100582,グレイトチャーター,牡6,56,01014,福永祐一,1:09.1,1.1/4,7-9,34.3,8.4,4,496(+4),01046,[西]鮫島一歩,788800,ノースヒルズ,,,,,,,,,,,,"(*16,8)12(3,4)17(1,5,7,11,13)(2,15)14,18,6,10-9",7,5,0.0,False,"(*16,8)(3,12,4)(1,5,17)(2,7,13)(14,11,15)(6,18)10-9",9,3,0.0,False,-7,連続開催の最終日となったが、前日と同レベルで速めの時計が出る馬場。
