race_id,race_number,race_name,surface,distance_m,weather,going,start_time,race_date,racecourse,finish_pos,waku,umaban,horse_id,horse_name,sex_age,kinryo,jockey_id,jockey_name,time,margin,passing_order,last_3f,odds_final,popularity,weight,trainer_id,trainer_name,owner_id,owner_name,prize,corner1_raw,corner1_rank,corner1_group_size,corner1_gap_len_est,corner1_is_leader,corner2_raw,corner2_rank,corner2_group_size,corner2_gap_len_est,corner2_is_leader,corner3_raw,corner3_rank,corner3_group_size,corner3_gap_len_est,corner3_is_leader,corner4_raw,corner4_rank,corner4_group_size,corner4_gap_len_est,corner4_is_leader,track_index,track_comment
201806040401,1,2歳未勝利,ダ,1200,曇,稍重,10:10,2018-09-16,中山,1,6,12,2016100105,ケイゴールド,牝2,54,05386,戸崎圭太,1:12.7,,8-8,37.7,4.3,2,476(+2),01010,[東]中野栄治,313008,友水達也,500.0,,,,,,,,,,,"3,6,15,11(4,10,1)12-2,16,8(9,13)=5=14-7",8,1,4.5,False,"3,6,15,11(4,10,1)12,2(8,16)-13-9=5=14-7",8,1,4.5,False,-9,
201806040401,1,2歳未勝利,ダ,1200,曇,稍重,10:10,2018-09-16,中山,2,1,2,2016100823,セイスピカ,牝2,54,01122,三浦皇成,1:13.1,2.1/2,9-9,37.8,9.0,4,424(-4),01081,[東]中川公成,376008,金田成基,200.0,,,,,,,,,,,"3,6,15,11(4,10,1)12-2,16,8(9,13)=5=14-7",9,1,8.0,False,"3,6,15,11(4,10,1)12,2(8,16)-13-9=5=14-7",9,1,6.0,False,-9,
201806040401,1,2歳未勝利,ダ,1200,曇,稍重,10:10,2018-09-16,中山,3,2,3,2016106303,フレッシュスマイル,牝2,54,00422,内田博幸,1:13.2,3/4,1-1,39.3,2.8,1,458(+6),01047,[東]勢司和浩,750005,坪野谷和平,130.0,,,,,,,,,,,"3,6,15,11(4,10,1)12-2,16,8(9,13)=5=14-7",1,1,0.0,False,"3,6,15,11(4,10,1)12,2(8,16)-13-9=5=14-7",1,1,0.0,False,-9,
201806040401,1,2歳未勝利,ダ,1200,曇,稍重,10:10,2018-09-16,中山,4,6,11,2016109128,エリーバラード,牝2,52,01161,菊沢一樹,1:13.4,1.1/4,4-4,39.0,4.8,3,492(-2),01115,[東]菊沢隆徳,012033,谷川正純,75.0,,,,,,,,,,,"3,6,15,11(4,10,1)12-2,16,8(9,13)=5=14-7",4,1,4.5,False,"3,6,15,11(4,10,1)12,2(8,16)-13-9=5=14-7",4,1,4.5,False,-9,
201806040401,1,2歳未勝利,ダ,1200,曇,稍重,10:10,2018-09-16,中山,5,3,6,2016102185,ファロ,牝2,54,00684,田中勝春,1:13.5,1/2,2-2,39.5,20.0,7,472(+14),01165,[東]和田勇介,363800,三嶋牧場,50.0,,,,,,,,,,,"3,6,15,11(4,10,1)12-2,16,8(9,13)=5=14-7",2,1,1.5,False,"3,6,15,11(4,10,1)12,2(8,16)-13-9=5=14-7",2,1,1.5,False,-9,
201806040401,1,2歳未勝利,ダ,1200,曇,稍重,10:10,2018-09-16,中山,6,5,10,2016103024,シゲルアコヤガイ,牝2,53,01169,武藤雅,1:13.6,3/4,5-5,38.8,19.4,6,442(0),01094,[東]水野貴広,674004,森中蕃,,,,,,,,,,,,"3,6,15,11(4,10,1)12-2,16,8(9,13)=5=14-7",5,3,4.5,False,"3,6,15,11(4,10,1)12,2(8,16)-13-9=5=14-7",5,3,4.5,False,-9,
201806040401,1,2歳未勝利,ダ,1200,曇,稍重,10:10,2018-09-16,中山,7,4,8,2016101334,ニシノビアンカ,牝2,54,01096,大野拓弥,1:13.9,1.3/4,11-10,38.2,14.6,5,452(-2),01008,[東]杉浦宏昭,897009,西山茂行,,,,,,,,,,,,"3,6,15,11(4,10,1)12-2,16,8(9,13)=5=14-7",11,1,11.0,False,"3,6,15,11(4,10,1)12,2(8,16)-13-9=5=14-7",10,2,6.0,False,-9,
201806040401,1,2歳未勝利,ダ,1200,曇,稍重,10:10,2018-09-16,中山,8,8,16,2016106057,カガコルヴェヤ,牝2,54,01029,武士沢友,1:13.9,クビ,10-10,38.4,25.2,8,432(+2),01014,[東]高市圭二,700006,香川憲次,,,,,,,,,,,,"3,6,15,11(4,10,1)12-2,16,8(9,13)=5=14-7",10,1,9.5,False,"3,6,15,11(4,10,1)12,2(8,16)-13-9=5=14-7",10,2,6.0,False,-9,
201806040401,1,2歳未勝利,ダ,1200,曇,稍重,10:10,2018-09-16,中山,9,2,4,2016100803,シュンラン,牝2,51,01173,山田敬士,1:14.0,クビ,5-5,39.2,71.1,11,430(+4),01005,[東]小桧山悟,981002,中村勝彦,,,,,,,,,,,,"3,6,15,11(4,10,1)12-2,16,8(9,13)=5=14-7",5,3,4.5,False,"3,6,15,11(4,10,1)12,2(8,16)-13-9=5=14-7",5,3,4.5,False,-9,
201806040401,1,2歳未勝利,ダ,1200,曇,稍重,10:10,2018-09-16,中山,10,7,13,2016104118,エスワイロビン,牝2,53,01162,木幡巧也,1:14.2,1.1/4,12-12,38.3,150.3,14,434(-2),01165,[東]和田勇介,265005,吉岡泰治,,,,,,,,,,,,"3,6,15,11(4,10,1)12-2,16,8(9,13)=5=14-7",12,2,11.0,False,"3,6,15,11(4,10,1)12,2(8,16)-13-9=5=14-7",12,1,9.5,False,-9,
201806040401,1,2歳未勝利,ダ,1200,曇,稍重,10:10,2018-09-16,中山,11,8,15,2016105404,アラニ,牝2,51,01167,木幡育也,1:14.3,1/2,3-3,40.1,64.2,10,448(-14),01035,[東]佐藤吉勝,832008,平本敏夫,,,,,,,,,,,,"3,6,15,11(4,10,1)12-2,16,8(9,13)=5=14-7",3,1,3.0,False,"3,6,15,11(4,10,1)12,2(8,16)-13-9=5=14-7",3,1,3.0,False,-9,
201806040401,1,2歳未勝利,ダ,1200,曇,稍重,10:10,2018-09-16,中山,12,1,1,2016102712,シットリ,牝2,54,01085,松岡正海,1:15.1,5,5-5,40.4,165.5,15,484(+4),01031,[東]伊藤伸一,629800,ミルファーム,,,,,,,,,,,,"3,6,15,11(4,10,1)12-2,16,8(9,13)=5=14-7",5,3,4.5,False,"3,6,15,11(4,10,1)12,2(8,16)-13-9=5=14-7",5,3,4.5,False,-9,
201806040401,1,2歳未勝利,ダ,1200,曇,稍重,10:10,2018-09-16,中山,13,3,5,2016102225,ランペドゥーザ,牝2,54,01134,嶋田純次,1:16.3,7,14-14,38.6,140.8,13,472(0),01014,[東]高市圭二,629800,ミルファーム,,,,,,,,,,,,"3,6,15,11(4,10,1)12-2,16,8(9,13)=5=14-7",14,1,17.0,False,"3,6,15,11(4,10,1)12,2(8,16)-13-9=5=14-7",14,1,19.0,False,-9,
201806040401,1,2歳未勝利,ダ,1200,曇,稍重,10:10,2018-09-16,中山,14,5,9,2016100662,カイラーサナータ,牝2,54,01004,西田雄一,1:17.9,10,12-13,42.0,288.8,16,472(-2),01119,[東]田中剛,629800,ミルファーム,,,,,,,,,,,,"3,6,15,11(4,10,1)12-2,16,8(9,13)=5=14-7",12,2,11.0,False,"3,6,15,11(4,10,1)12,2(8,16)-13-9=5=14-7",13,1,13.0,False,-9,
201806040401,1,2歳未勝利,ダ,1200,曇,稍重,10:10,2018-09-16,中山,15,7,14,2016106186,ナミノハナ,牝2,52,01164,藤田菜七,1:18.5,3.1/2,15-15,39.4,45.3,9,408(-4),00383,[東]伊藤正徳,750030,大久保與志雄,,,,,,,,,,,,"3,6,15,11(4,10,1)12-2,16,8(9,13)=5=14-7",15,1,23.0,False,"3,6,15,11(4,10,1)12,2(8,16)-13-9=5=14-7",15,1,25.0,False,-9,
201806040401,1,2歳未勝利,ダ,1200,曇,稍重,10:10,2018-09-16,中山,16,4,7,2016105676,シゲルルビー,牝2,52,01170,横山武史,1:19.7,7,16-16,40.3,117.5,12,460(+6),01023,[東]伊藤圭三,674004,森中蕃,,,,,,,,,,,,"3,6,15,11(4,10,1)12-2,16,8(9,13)=5=14-7",16,1,26.5,False,"3,6,15,11(4,10,1)12,2(8,16)-13-9=5=14-7",16,1,28.5,False,-9,
201806040402,2,2歳未勝利,芝,1200,曇,稍重,10:40,2018-09-16,中山,1,3,6,2016105502,ホウオウカトリーヌ,牝2,54,01096,大野拓弥,1:08.6,,3-2,33.7,4.1,2,468(0),01127,[東]栗田徹,906033,小笹芳央,500.0,,,,,,,,,,,"10-16(6,11)(7,8)-14,2(13,12)1(3,9,15)5,4",3,2,3.5,False,"10-(6,16,11)7,8-14-(2,12)13,1-9,3,15,5,4",2,3,3.5,False,-12,
201806040402,2,2歳未勝利,芝,1200,曇,稍重,10:40,2018-09-16,中山,2,6,11,2016103615,カステヘルミ,牝2,53,01162,木幡巧也,1:09.3,4,3-2,34.4,6.0,4,432(-8),01051,[東]岩戸孝樹,855030,田頭勇貴,200.0,,,,,,,,,,,"10-16(6,11)(7,8)-14,2(13,12)1(3,9,15)5,4",3,2,3.5,False,"10-(6,16,11)7,8-14-(2,12)13,1-9,3,15,5,4",2,3,3.5,False,-12,
201806040402,2,2歳未勝利,芝,1200,曇,稍重,10:40,2018-09-16,中山,3,4,7,2016105673,トーセンリスト,牝2,54,01077,石橋脩,1:09.4,3/4,5-5,34.3,3.0,1,424(-8),01115,[東]菊沢隆徳,270006,島川隆哉,130.0,,,,,,,,,,,"10-16(6,11)(7,8)-14,2(13,12)1(3,9,15)5,4",5,2,3.5,False,"10-(6,16,11)7,8-14-(2,12)13,1-9,3,15,5,4",5,1,3.5,False,-12,
201806040402,2,2歳未勝利,芝,1200,曇,稍重,10:40,2018-09-16,中山,4,5,10,2016101091,テンモントム,牡2,51,01167,木幡育也,1:09.5,3/4,1-1,35.3,23.1,6,434(+6),01077,[東]加藤和宏,911800,スピードファーム,75.0,,,,,,,,,,,"10-16(6,11)(7,8)-14,2(13,12)1(3,9,15)5,4",1,1,0.0,False,"10-(6,16,11)7,8-14-(2,12)13,1-9,3,15,5,4",1,1,0.0,False,-12,
201806040402,2,2歳未勝利,芝,1200,曇,稍重,10:40,2018-09-16,中山,5,7,14,2016102368,ヤンチャプリヒメ,牝2,54,00422,内田博幸,1:10.0,3,7-7,34.5,20.6,5,436(+12),00421,[東]浅野洋一,855030,田頭勇貴,50.0,,,,,,,,,,,"10-16(6,11)(7,8)-14,2(13,12)1(3,9,15)5,4",7,1,7.0,False,"10-(6,16,11)7,8-14-(2,12)13,1-9,3,15,5,4",7,1,8.5,False,-12,
201806040402,2,2歳未勝利,芝,1200,曇,稍重,10:40,2018-09-16,中山,6,4,8,2016102532,エコロトム,牡2,52,01164,藤田菜七,1:10.2,1.1/4,5-6,35.0,4.3,3,452(-2),01029,[東]根本康広,783033,原村正紀,,,,,,,,,,,,"10-16(6,11)(7,8)-14,2(13,12)1(3,9,15)5,4",5,2,3.5,False,"10-(6,16,11)7,8-14-(2,12)13,1-9,3,15,5,4",6,1,5.0,False,-12,
201806040402,2,2歳未勝利,芝,1200,曇,稍重,10:40,2018-09-16,中山,7,8,16,2016105943,サイゴウパワー,牡2,54,01118,宮崎北斗,1:10.6,2.1/2,2-2,35.9,56.8,10,444(0),01031,[東]伊藤伸一,772002,西村新一郎,,,,,,,,,,,,"10-16(6,11)(7,8)-14,2(13,12)1(3,9,15)5,4",2,1,3.5,False,"10-(6,16,11)7,8-14-(2,12)13,1-9,3,15,5,4",2,3,3.5,False,-12,
201806040402,2,2歳未勝利,芝,1200,曇,稍重,10:40,2018-09-16,中山,8,6,12,2016102968,ハタノリュクス,牝2,52,01170,横山武史,1:10.8,1.1/2,9-8,35.0,48.1,8,426(-2),01162,[東]田中博康,672800,グッドラック・ファー...,,,,,,,,,,,,"10-16(6,11)(7,8)-14,2(13,12)1(3,9,15)5,4",9,2,8.5,False,"10-(6,16,11)7,8-14-(2,12)13,1-9,3,15,5,4",8,2,12.0,False,-12,
201806040402,2,2歳未勝利,芝,1200,曇,稍重,10:40,2018-09-16,中山,9,1,2,2016103375,ライド,牝2,52,01161,菊沢一樹,1:10.9,1/2,8-8,35.2,59.5,11,426(+12),01090,[東]天間昭一,547800,ヒダカ・ブリーダーズ...,,,,,,,,,,,,"10-16(6,11)(7,8)-14,2(13,12)1(3,9,15)5,4",8,1,8.5,False,"10-(6,16,11)7,8-14-(2,12)13,1-9,3,15,5,4",8,2,12.0,False,-12,
201806040402,2,2歳未勝利,芝,1200,曇,稍重,10:40,2018-09-16,中山,10,7,13,2016106301,ベリッシモファルコ,牝2,53,01169,武藤雅,1:11.0,1/2,9-10,35.2,106.4,12,452(+14),01023,[東]伊藤圭三,851009,岡田牧雄,,,,,,,,,,,,"10-16(6,11)(7,8)-14,2(13,12)1(3,9,15)5,4",9,2,8.5,False,"10-(6,16,11)7,8-14-(2,12)13,1-9,3,15,5,4",10,1,12.0,False,-12,
201806040402,2,2歳未勝利,芝,1200,曇,稍重,10:40,2018-09-16,中山,11,1,1,2016100127,ボルンタード,牡2,51,01173,山田敬士,1:11.2,1.1/4,11-11,35.3,130.5,13,458(+4),01036,[東]高橋義博,677009,西森鶴,,,,,,,,,,,,"10-16(6,11)(7,8)-14,2(13,12)1(3,9,15)5,4",11,1,8.5,False,"10-(6,16,11)7,8-14-(2,12)13,1-9,3,15,5,4",11,1,13.5,False,-12,
201806040402,2,2歳未勝利,芝,1200,曇,稍重,10:40,2018-09-16,中山,12,3,5,2016105556,ラタウィ,牝2,54,05386,戸崎圭太,1:11.3,3/4,15-15,35.0,49.8,9,434(+2),01043,[東]石栗龍彦,055030,岡田隆寛,,,,,,,,,,,,"10-16(6,11)(7,8)-14,2(13,12)1(3,9,15)5,4",15,1,8.5,False,"10-(6,16,11)7,8-14-(2,12)13,1-9,3,15,5,4",15,1,21.5,False,-12,
201806040402,2,2歳未勝利,芝,1200,曇,稍重,10:40,2018-09-16,中山,13,5,9,2016102482,カナデルハ,牝2,54,01091,丹内祐次,1:11.4,クビ,12-12,35.4,398.8,16,468(+12),01005,[東]小桧山悟,032803,アフロｉｎＥｌＰａｓ...,,,,,,,,,,,,"10-16(6,11)(7,8)-14,2(13,12)1(3,9,15)5,4",12,3,8.5,False,"10-(6,16,11)7,8-14-(2,12)13,1-9,3,15,5,4",12,1,17.0,False,-12,
201806040402,2,2歳未勝利,芝,1200,曇,稍重,10:40,2018-09-16,中山,14,2,3,2016106202,ドナリエラ,牝2,54,01029,武士沢友,1:11.4,ハナ,12-13,35.3,316.5,15,466(-10),01100,[東]松山将樹,629800,ミルファーム,,,,,,,,,,,,"10-16(6,11)(7,8)-14,2(13,12)1(3,9,15)5,4",12,3,8.5,False,"10-(6,16,11)7,8-14-(2,12)13,1-9,3,15,5,4",13,1,18.5,False,-12,
201806040402,2,2歳未勝利,芝,1200,曇,稍重,10:40,2018-09-16,中山,15,8,15,2016105488,ウインドシャルム,牝2,53,01153,木幡初也,1:11.6,1.1/4,12-14,35.6,132.4,14,406(+4),00412,[東]高橋裕,562002,福原正博,,,,,,,,,,,,"10-16(6,11)(7,8)-14,2(13,12)1(3,9,15)5,4",12,3,8.5,False,"10-(6,16,11)7,8-14-(2,12)13,1-9,3,15,5,4",14,1,20.0,False,-12,
201806040402,2,2歳未勝利,芝,1200,曇,稍重,10:40,2018-09-16,中山,16,2,4,2016101473,ゴールデンチョイス,牡2,54,01075,田辺裕信,1:11.9,2,16-16,35.3,31.9,7,448(+2),01064,[東]武藤善則,713005,田島榮二郎,,,,,,,,,,,,"10-16(6,11)(7,8)-14,2(13,12)1(3,9,15)5,4",16,1,10.0,False,"10-(6,16,11)7,8-14-(2,12)13,1-9,3,15,5,4",16,1,23.0,False,-12,
201806040403,3,2歳未勝利,芝,1600,曇,稍重,11:10,2018-09-16,中山,1,1,1,2016104475,ヴィッテルスバッハ,牡2,54,01077,石橋脩,1:36.2,,9-8-9,34.6,3.1,2,440(+2),01150,[東]池上昌和,486800,キャロットファーム,500.0,,,,,,"(*6,9)10(3,11,12)2,7(1,5,8)-(4,14)13-15",9,3,1.5,False,"(*6,9,10)12(3,2,11)(8,1)(5,7)(4,14)-13-15",8,2,0.0,False,"(*6,10)(9,12)(3,2,11)8(5,1)(14,7)-4,13-15",9,2,0.0,False,-12,
201806040403,3,2歳未勝利,芝,1600,曇,稍重,11:10,2018-09-16,中山,2,6,11,2016102493,ウインレフィナード,牡2,54,05386,戸崎圭太,1:36.4,1.1/2,4-5-5,35.0,2.3,1,436(+6),01048,[東]畠山吉宏,494800,ウイン,200.0,,,,,,"(*6,9)10(3,11,12)2,7(1,5,8)-(4,14)13-15",4,3,0.0,False,"(*6,9,10)12(3,2,11)(8,1)(5,7)(4,14)-13-15",5,3,0.0,False,"(*6,10)(9,12)(3,2,11)8(5,1)(14,7)-4,13-15",5,3,0.0,False,-12,
201806040403,3,2歳未勝利,芝,1600,曇,稍重,11:10,2018-09-16,中山,3,7,12,2016110048,スポーカンテソーロ,牝2,54,01095,吉田隼人,1:36.5,クビ,4-4-3,35.3,4.3,3,508(-4),01147,[東]武井亮,089803,了徳寺健二ホールディ...,130.0,,,,,,"(*6,9)10(3,11,12)2,7(1,5,8)-(4,14)13-15",4,3,0.0,False,"(*6,9,10)12(3,2,11)(8,1)(5,7)(4,14)-13-15",4,1,0.0,False,"(*6,10)(9,12)(3,2,11)8(5,1)(14,7)-4,13-15",3,2,0.0,False,-12,
201806040403,3,2歳未勝利,芝,1600,曇,稍重,11:10,2018-09-16,中山,4,5,8,2016106534,ナンヨーシンゲツ,牡2,51,01167,木幡育也,1:36.7,1.1/2,9-8-8,35.1,98.7,9,456(+6),01008,[東]杉浦宏昭,512031,中村徳也,75.0,,,,,,"(*6,9)10(3,11,12)2,7(1,5,8)-(4,14)13-15",9,3,1.5,False,"(*6,9,10)12(3,2,11)(8,1)(5,7)(4,14)-13-15",8,2,0.0,False,"(*6,10)(9,12)(3,2,11)8(5,1)(14,7)-4,13-15",8,1,0.0,False,-12,
201806040403,3,2歳未勝利,芝,1600,曇,稍重,11:10,2018-09-16,中山,5,4,6,2016102963,フレンドリボン,牝2,52,01164,藤田菜七,1:36.7,クビ,1-1-1,35.7,17.8,5,436(0),00437,[東]南田美知,145030,横尾晴人,50.0,,,,,,"(*6,9)10(3,11,12)2,7(1,5,8)-(4,14)13-15",1,2,0.0,True,"(*6,9,10)12(3,2,11)(8,1)(5,7)(4,14)-13-15",1,3,0.0,True,"(*6,10)(9,12)(3,2,11)8(5,1)(14,7)-4,13-15",1,2,0.0,True,-12,
201806040403,3,2歳未勝利,芝,1600,曇,稍重,11:10,2018-09-16,中山,6,2,2,2016102706,マメシボリ,牡2,54,01051,嘉藤貴行,1:36.7,アタマ,7-5-5,35.4,58.4,7,402(0),01074,[東]奥平雅士,629800,ミルファーム,,,,,,,"(*6,9)10(3,11,12)2,7(1,5,8)-(4,14)13-15",7,1,0.0,False,"(*6,9,10)12(3,2,11)(8,1)(5,7)(4,14)-13-15",5,3,0.0,False,"(*6,10)(9,12)(3,2,11)8(5,1)(14,7)-4,13-15",5,3,0.0,False,-12,
201806040403,3,2歳未勝利,芝,1600,曇,稍重,11:10,2018-09-16,中山,6,6,10,2016100155,ニシノゴウウン,牡2,54,01075,田辺裕信,1:36.7,同着,3-2-2,35.6,11.5,4,474(-4),01068,[東]小島茂之,897009,西山茂行,,,,,,,"(*6,9)10(3,11,12)2,7(1,5,8)-(4,14)13-15",3,1,0.0,False,"(*6,9,10)12(3,2,11)(8,1)(5,7)(4,14)-13-15",2,3,0.0,False,"(*6,10)(9,12)(3,2,11)8(5,1)(14,7)-4,13-15",2,2,0.0,False,-12,
201806040403,3,2歳未勝利,芝,1600,曇,稍重,11:10,2018-09-16,中山,8,8,14,2016102871,ラウズアップ,牡2,54,00726,岩部純二,1:36.8,クビ,12-12-11,34.8,58.9,8,412(+2),01024,[東]萱野浩二,855030,田頭勇貴,,,,,,,"(*6,9)10(3,11,12)2,7(1,5,8)-(4,14)13-15",12,2,5.0,False,"(*6,9,10)12(3,2,11)(8,1)(5,7)(4,14)-13-15",12,2,0.0,False,"(*6,10)(9,12)(3,2,11)8(5,1)(14,7)-4,13-15",11,2,0.0,False,-12,
201806040403,3,2歳未勝利,芝,1600,曇,稍重,11:10,2018-09-16,中山,9,3,5,2016103597,デルマシャンゼリゼ,牝2,52,01161,菊沢一樹,1:37.1,1.3/4,9-10-9,35.3,218.0,10,464(-4),01047,[東]勢司和浩,274002,浅沼廣幸,,,,,,,"(*6,9)10(3,11,12)2,7(1,5,8)-(4,14)13-15",9,3,1.5,False,"(*6,9,10)12(3,2,11)(8,1)(5,7)(4,14)-13-15",10,2,0.0,False,"(*6,10)(9,12)(3,2,11)8(5,1)(14,7)-4,13-15",9,2,0.0,False,-12,
201806040403,3,2歳未勝利,芝,1600,曇,稍重,11:10,2018-09-16,中山,10,3,4,2016109059,コアヴィクトリー,牡2,53,01151,井上敏樹,1:37.3,1.1/2,12-12-13,35.3,391.6,15,440(0),01063,[東]的場均,254033,西本資史,,,,,,,"(*6,9)10(3,11,12)2,7(1,5,8)-(4,14)13-15",12,2,5.0,False,"(*6,9,10)12(3,2,11)(8,1)(5,7)(4,14)-13-15",12,2,0.0,False,"(*6,10)(9,12)(3,2,11)8(5,1)(14,7)-4,13-15",13,1,3.5,False,-12,
201806040403,3,2歳未勝利,芝,1600,曇,稍重,11:10,2018-09-16,中山,11,4,7,2016100122,シゲルネコライト,牝2,54,01029,武士沢友,1:37.7,2,8-10-11,35.9,294.9,12,402(+4),01043,[東]石栗龍彦,674004,森中蕃,,,,,,,"(*6,9)10(3,11,12)2,7(1,5,8)-(4,14)13-15",8,1,1.5,False,"(*6,9,10)12(3,2,11)(8,1)(5,7)(4,14)-13-15",10,2,0.0,False,"(*6,10)(9,12)(3,2,11)8(5,1)(14,7)-4,13-15",11,2,0.0,False,-12,
201806040403,3,2歳未勝利,芝,1600,曇,稍重,11:10,2018-09-16,中山,12,2,3,2016104905,サバイバルクイーン,牝2,54,01150,石川裕紀,1:37.7,クビ,4-5-5,36.4,244.8,11,462(+2),01156,[東]青木孝文,615030,福田光博,,,,,,,"(*6,9)10(3,11,12)2,7(1,5,8)-(4,14)13-15",4,3,0.0,False,"(*6,9,10)12(3,2,11)(8,1)(5,7)(4,14)-13-15",5,3,0.0,False,"(*6,10)(9,12)(3,2,11)8(5,1)(14,7)-4,13-15",5,3,0.0,False,-12,
201806040403,3,2歳未勝利,芝,1600,曇,稍重,11:10,2018-09-16,中山,13,7,13,2016102700,ヘデラ,牝2,54,01135,杉原誠人,1:38.4,4,14-14-14,36.0,53.5,6,422(-4),01038,[東]手塚貴久,629800,ミルファーム,,,,,,,"(*6,9)10(3,11,12)2,7(1,5,8)-(4,14)13-15",14,1,5.0,False,"(*6,9,10)12(3,2,11)(8,1)(5,7)(4,14)-13-15",14,1,3.5,False,"(*6,10)(9,12)(3,2,11)8(5,1)(14,7)-4,13-15",14,1,5.0,False,-12,
201806040403,3,2歳未勝利,芝,1600,曇,稍重,11:10,2018-09-16,中山,14,5,9,2016100655,メドウスイート,牝2,52,01170,横山武史,1:38.7,1.3/4,2-2-3,37.7,299.3,13,434(+2),01118,[東]高柳瑞樹,669033,中村智幸,,,,,,,"(*6,9)10(3,11,12)2,7(1,5,8)-(4,14)13-15",2,2,0.0,False,"(*6,9,10)12(3,2,11)(8,1)(5,7)(4,14)-13-15",2,3,0.0,False,"(*6,10)(9,12)(3,2,11)8(5,1)(14,7)-4,13-15",3,2,0.0,False,-12,
201806040403,3,2歳未勝利,芝,1600,曇,稍重,11:10,2018-09-16,中山,15,8,15,2016103650,バイラール,牝2,54,01009,柴田大知,1:39.7,6,15-15-15,36.9,364.3,14,402(0),01051,[東]岩戸孝樹,716800,ビッグレッドファーム,,,,,,,"(*6,9)10(3,11,12)2,7(1,5,8)-(4,14)13-15",15,1,8.5,False,"(*6,9,10)12(3,2,11)(8,1)(5,7)(4,14)-13-15",15,1,7.0,False,"(*6,10)(9,12)(3,2,11)8(5,1)(14,7)-4,13-15",15,1,8.5,False,-12,
201806040404,4,3歳未勝利,ダ,1200,曇,稍重,11:40,2018-09-16,中山,1,5,10,2015104376,オーヴォドーロ,牝3,54,01075,田辺裕信,1:12.1,,12-10,36.9,4.5,2,470(+8),01067,[東]久保田貴,063803,諸江幸祐,500.0,,,,,,,,,,,"(*1,5)(4,6,8,12)(7,11)9(13,16)10(2,3)-14-15",12,1,0.0,False,"1,5(4,6)(12,11)(9,8)7(13,16,10)2,3(14,15)",10,3,1.5,False,-9,
201806040404,4,3歳未勝利,ダ,1200,曇,稍重,11:40,2018-09-16,中山,2,2,4,2015105239,レガロデルソル,牝3,54,01092,津村明秀,1:12.3,1.1/4,3-3,37.8,3.6,1,498(+6),01108,[東]矢野英一,100800,日進牧場,200.0,,,,,,,,,,,"(*1,5)(4,6,8,12)(7,11)9(13,16)10(2,3)-14-15",3,4,0.0,False,"1,5(4,6)(12,11)(9,8)7(13,16,10)2,3(14,15)",3,2,1.5,False,-9,
201806040404,4,3歳未勝利,ダ,1200,曇,稍重,11:40,2018-09-16,中山,3,7,13,2015110021,ステラストラータ,牡3,54,01161,菊沢一樹,1:12.4,3/4,10-10,37.3,17.0,7,474(+4),01012,[東]大江原哲,851009,岡田牧雄,130.0,,,,,,,,,,,"(*1,5)(4,6,8,12)(7,11)9(13,16)10(2,3)-14-15",10,2,0.0,False,"1,5(4,6)(12,11)(9,8)7(13,16,10)2,3(14,15)",10,3,1.5,False,-9,
201806040404,4,3歳未勝利,ダ,1200,曇,稍重,11:40,2018-09-16,中山,4,3,5,2015105729,トーホウアネモス,牡3,56,01122,三浦皇成,1:12.8,2.1/2,2-2,38.5,7.4,5,450(+8),01109,[東]伊藤大士,965800,東豊物産,75.0,,,,,,,,,,,"(*1,5)(4,6,8,12)(7,11)9(13,16)10(2,3)-14-15",2,2,0.0,False,"1,5(4,6)(12,11)(9,8)7(13,16,10)2,3(14,15)",2,1,1.5,False,-9,
201806040404,4,3歳未勝利,ダ,1200,曇,稍重,11:40,2018-09-16,中山,5,1,1,2015103639,バッカルコーン,牝3,52,01170,横山武史,1:12.8,クビ,1-1,38.6,91.9,12,426(-12),01064,[東]武藤善則,852030,佐々木雄二,50.0,,,,,,,,,,,"(*1,5)(4,6,8,12)(7,11)9(13,16)10(2,3)-14-15",1,2,0.0,True,"1,5(4,6)(12,11)(9,8)7(13,16,10)2,3(14,15)",1,1,0.0,False,-9,
201806040404,4,3歳未勝利,ダ,1200,曇,稍重,11:40,2018-09-16,中山,6,4,7,2015110055,ユナリオンス,牝3,51,01167,木幡育也,1:12.9,1/2,7-9,38.3,18.7,8,454(+2),01017,[東]萩原清,788800,ノースヒルズ,,,,,,,,,,,,"(*1,5)(4,6,8,12)(7,11)9(13,16)10(2,3)-14-15",7,2,0.0,False,"1,5(4,6)(12,11)(9,8)7(13,16,10)2,3(14,15)",9,1,1.5,False,-9,
201806040404,4,3歳未勝利,ダ,1200,曇,稍重,11:40,2018-09-16,中山,7,6,11,2015102630,アノマリー,牡3,55,01162,木幡巧也,1:13.0,1/2,7-5,38.4,7.4,4,494(+2),01051,[東]岩戸孝樹,855030,田頭勇貴,,,,,,,,,,,,"(*1,5)(4,6,8,12)(7,11)9(13,16)10(2,3)-14-15",7,2,0.0,False,"1,5(4,6)(12,11)(9,8)7(13,16,10)2,3(14,15)",5,2,1.5,False,-9,
201806040404,4,3歳未勝利,ダ,1200,曇,稍重,11:40,2018-09-16,中山,8,8,15,2015104792,サトノアルテミス,牝3,54,01077,石橋脩,1:13.0,クビ,16-15,36.8,12.3,6,488(0),01070,[東]堀宣行,075803,サトミホースカンパニ...,,,,,,,,,,,,"(*1,5)(4,6,8,12)(7,11)9(13,16)10(2,3)-14-15",16,1,7.0,False,"1,5(4,6)(12,11)(9,8)7(13,16,10)2,3(14,15)",15,2,3.0,False,-9,
201806040404,4,3歳未勝利,ダ,1200,曇,稍重,11:40,2018-09-16,中山,9,8,16,2015101494,ブラックキングダム,牡3,56,01009,柴田大知,1:13.1,1/2,10-10,38.1,6.0,3,472(+6),01141,[東]尾形和幸,909006,草間庸文,,,,,,,,,,,,"(*1,5)(4,6,8,12)(7,11)9(13,16)10(2,3)-14-15",10,2,0.0,False,"1,5(4,6)(12,11)(9,8)7(13,16,10)2,3(14,15)",10,3,1.5,False,-9,
201806040404,4,3歳未勝利,ダ,1200,曇,稍重,11:40,2018-09-16,中山,10,3,6,2015106248,ヴェルヴェット,牝3,54,00663,蛯名正義,1:13.2,クビ,3-3,38.7,35.6,10,448(+12),00408,[東]田中清隆,954033,村山正道,,,,,,,,,,,,"(*1,5)(4,6,8,12)(7,11)9(13,16)10(2,3)-14-15",3,4,0.0,False,"1,5(4,6)(12,11)(9,8)7(13,16,10)2,3(14,15)",3,2,1.5,False,-9,
201806040404,4,3歳未勝利,ダ,1200,曇,稍重,11:40,2018-09-16,中山,11,2,3,2015110092,イレイズザスレート,牡3,54,01164,藤田菜七,1:13.5,2,13-14,38.1,38.2,11,490(+12),01068,[東]小島茂之,732033,田記正規,,,,,,,,,,,,"(*1,5)(4,6,8,12)(7,11)9(13,16)10(2,3)-14-15",13,2,0.0,False,"1,5(4,6)(12,11)(9,8)7(13,16,10)2,3(14,15)",14,1,3.0,False,-9,
201806040404,4,3歳未勝利,ダ,1200,曇,稍重,11:40,2018-09-16,中山,12,1,2,2015101039,ラヴィーズロマーン,牡3,56,00684,田中勝春,1:13.5,ハナ,13-13,38.1,19.9,9,452(+4),01038,[東]手塚貴久,491030,藤田在子,,,,,,,,,,,,"(*1,5)(4,6,8,12)(7,11)9(13,16)10(2,3)-14-15",13,2,0.0,False,"1,5(4,6)(12,11)(9,8)7(13,16,10)2,3(14,15)",13,1,1.5,False,-9,
201806040404,4,3歳未勝利,ダ,1200,曇,稍重,11:40,2018-09-16,中山,13,6,12,2015110105,ワイルドリーク,牡3,54,01149,伴啓太,1:13.6,1/2,3-5,39.2,140.7,13,518(0),01118,[東]高柳瑞樹,138007,吉田和美,,,,,,,,,,,,"(*1,5)(4,6,8,12)(7,11)9(13,16)10(2,3)-14-15",3,4,0.0,False,"1,5(4,6)(12,11)(9,8)7(13,16,10)2,3(14,15)",5,2,1.5,False,-9,
201806040404,4,3歳未勝利,ダ,1200,曇,稍重,11:40,2018-09-16,中山,14,5,9,2015100297,リョウランレーヴ,牝3,54,01129,菅原隆一,1:13.8,1.1/2,9-7,39.0,480.1,16,448(+6),01125,[東]小野次郎,606033,佐藤啓子,,,,,,,,,,,,"(*1,5)(4,6,8,12)(7,11)9(13,16)10(2,3)-14-15",9,1,0.0,False,"1,5(4,6)(12,11)(9,8)7(13,16,10)2,3(14,15)",7,2,1.5,False,-9,
201806040404,4,3歳未勝利,ダ,1200,曇,稍重,11:40,2018-09-16,中山,15,7,14,2015102265,マサノメーテル,牝3,51,01173,山田敬士,1:14.3,3,15-15,38.5,352.8,15,470(+5),01080,[東]清水英克,806002,猪野毛雅人,,,,,,,,,,,,"(*1,5)(4,6,8,12)(7,11)9(13,16)10(2,3)-14-15",15,1,3.5,False,"1,5(4,6)(12,11)(9,8)7(13,16,10)2,3(14,15)",15,2,3.0,False,-9,
201806040404,4,3歳未勝利,ダ,1200,曇,稍重,11:40,2018-09-16,中山,16,4,8,2015100235,ウインダイバー,牡3,56,01091,丹内祐次,1:14.7,2.1/2,3-7,40.3,241.0,14,476(+8),01089,[東]武市康男,494800,ウイン,,,,,,,,,,,,"(*1,5)(4,6,8,12)(7,11)9(13,16)10(2,3)-14-15",3,4,0.0,False,"1,5(4,6)(12,11)(9,8)7(13,16,10)2,3(14,15)",7,2,1.5,False,-9,
201806040405,5,2歳新馬,芝,1800,曇,良,12:30,2018-09-16,中山,1,2,2,2016106077,サルウェーテ,牡2,54,00663,蛯名正義,1:51.4,,4-3-3-3,34.5,49.9,9,442(0),00436,[東]堀井雅広,677009,西森鶴,700.0,"(*1,3)8,2,11,12(7,13)4,10,9-6,5",4,1,1.5,False,"1,3,2,8-11,12(7,13)-4,10,9,6-5",3,1,3.0,False,"(*1,3)(2,8)6(11,12)4,7(10,13)9-5",3,2,0.0,False,"(*1,3)2-(11,8)6,12,4(10,7)(13,9)=5",3,1,0.0,False,-13,稍重でスタートしたが、良馬場に変更され、前日とは逆に終盤の方が時計は出やすくなった。
201806040405,5,2歳新馬,芝,1800,曇,良,12:30,2018-09-16,中山,2,3,3,2016101838,プライム,牡2,54,00422,内田博幸,1:51.4,クビ,2-2-2-2,34.7,3.5,1,486(0),01103,[東]尾関知人,045803,カナヤマホールディン...,280.0,"(*1,3)8,2,11,12(7,13)4,10,9-6,5",2,2,0.0,False,"1,3,2,8-11,12(7,13)-4,10,9,6-5",2,1,1.5,False,"(*1,3)(2,8)6(11,12)4,7(10,13)9-5",2,2,0.0,False,"(*1,3)2-(11,8)6,12,4(10,7)(13,9)=5",2,2,0.0,False,-13,稍重でスタートしたが、良馬場に変更され、前日とは逆に終盤の方が時計は出やすくなった。
201806040405,5,2歳新馬,芝,1800,曇,良,12:30,2018-09-16,中山,3,1,1,2016106342,マジックパフォーム,牝2,51,01167,木幡育也,1:51.5,3/4,1-1-1-1,34.9,107.4,12,440(0),00359,[東]高橋祥泰,639009,鈴木芳夫,180.0,"(*1,3)8,2,11,12(7,13)4,10,9-6,5",1,2,0.0,True,"1,3,2,8-11,12(7,13)-4,10,9,6-5",1,1,0.0,False,"(*1,3)(2,8)6(11,12)4,7(10,13)9-5",1,2,0.0,True,"(*1,3)2-(11,8)6,12,4(10,7)(13,9)=5",1,2,0.0,True,-13,稍重でスタートしたが、良馬場に変更され、前日とは逆に終盤の方が時計は出やすくなった。
201806040405,5,2歳新馬,芝,1800,曇,良,12:30,2018-09-16,中山,4,6,9,2016100151,インテンスライト,牡2,52,01161,菊沢一樹,1:51.9,2.1/2,11-11-12-11,34.1,4.0,2,490(0),01115,[東]菊沢隆徳,425030,堂守貴志,110.0,"(*1,3)8,2,11,12(7,13)4,10,9-6,5",11,1,7.5,False,"1,3,2,8-11,12(7,13)-4,10,9,6-5",11,1,16.0,False,"(*1,3)(2,8)6(11,12)4,7(10,13)9-5",12,1,1.5,False,"(*1,3)2-(11,8)6,12,4(10,7)(13,9)=5",11,2,6.5,False,-13,稍重でスタートしたが、良馬場に変更され、前日とは逆に終盤の方が時計は出やすくなった。
201806040405,5,2歳新馬,芝,1800,曇,良,12:30,2018-09-16,中山,5,8,12,2016105501,フォーコーナーズ,牡2,54,01075,田辺裕信,1:51.9,ハナ,6-6-6-7,34.8,4.1,3,500(0),01086,[東]斎藤誠,063803,諸江幸祐,70.0,"(*1,3)8,2,11,12(7,13)4,10,9-6,5",6,1,4.5,False,"1,3,2,8-11,12(7,13)-4,10,9,6-5",6,1,9.5,False,"(*1,3)(2,8)6(11,12)4,7(10,13)9-5",6,2,0.0,False,"(*1,3)2-(11,8)6,12,4(10,7)(13,9)=5",7,1,5.0,False,-13,稍重でスタートしたが、良馬場に変更され、前日とは逆に終盤の方が時計は出やすくなった。
201806040405,5,2歳新馬,芝,1800,曇,良,12:30,2018-09-16,中山,6,7,10,2016104631,アルタマレーア,牝2,54,05386,戸崎圭太,1:52.2,1.1/2,10-10-10-9,34.6,25.9,6,418(0),01112,[東]田島俊明,790005,吉田勝己,,"(*1,3)8,2,11,12(7,13)4,10,9-6,5",10,1,6.0,False,"1,3,2,8-11,12(7,13)-4,10,9,6-5",10,1,14.5,False,"(*1,3)(2,8)6(11,12)4,7(10,13)9-5",10,2,1.5,False,"(*1,3)2-(11,8)6,12,4(10,7)(13,9)=5",9,2,6.5,False,-13,稍重でスタートしたが、良馬場に変更され、前日とは逆に終盤の方が時計は出やすくなった。
201806040405,5,2歳新馬,芝,1800,曇,良,12:30,2018-09-16,中山,7,7,11,2016100018,フォーエロ,牡2,54,01127,丸山元気,1:52.3,1/2,5-5-6-4,35.2,52.4,10,450(0),01163,[東]林徹,851009,岡田牧雄,,"(*1,3)8,2,11,12(7,13)4,10,9-6,5",5,1,3.0,False,"1,3,2,8-11,12(7,13)-4,10,9,6-5",5,1,8.0,False,"(*1,3)(2,8)6(11,12)4,7(10,13)9-5",6,2,0.0,False,"(*1,3)2-(11,8)6,12,4(10,7)(13,9)=5",4,2,3.5,False,-13,稍重でスタートしたが、良馬場に変更され、前日とは逆に終盤の方が時計は出やすくなった。
201806040405,5,2歳新馬,芝,1800,曇,良,12:30,2018-09-16,中山,8,4,4,2016104769,エレンボーゲン,牝2,54,01122,三浦皇成,1:52.4,1/2,9-9-8-8,35.1,5.7,4,438(0),01097,[東]鹿戸雄一,506800,シルクレーシング,,"(*1,3)8,2,11,12(7,13)4,10,9-6,5",9,1,4.5,False,"1,3,2,8-11,12(7,13)-4,10,9,6-5",9,1,13.0,False,"(*1,3)(2,8)6(11,12)4,7(10,13)9-5",8,1,0.0,False,"(*1,3)2-(11,8)6,12,4(10,7)(13,9)=5",8,1,6.5,False,-13,稍重でスタートしたが、良馬場に変更され、前日とは逆に終盤の方が時計は出やすくなった。
201806040405,5,2歳新馬,芝,1800,曇,良,12:30,2018-09-16,中山,9,5,6,2016106350,エリーグローリー,牝2,53,01162,木幡巧也,1:53.0,3.1/2,12-12-5-6,36.0,37.8,8,456(0),01134,[東]高橋文雅,012033,谷川正純,,"(*1,3)8,2,11,12(7,13)4,10,9-6,5",12,1,11.0,False,"1,3,2,8-11,12(7,13)-4,10,9,6-5",12,1,17.5,False,"(*1,3)(2,8)6(11,12)4,7(10,13)9-5",5,1,0.0,False,"(*1,3)2-(11,8)6,12,4(10,7)(13,9)=5",6,1,3.5,False,-13,稍重でスタートしたが、良馬場に変更され、前日とは逆に終盤の方が時計は出やすくなった。
201806040405,5,2歳新馬,芝,1800,曇,良,12:30,2018-09-16,中山,10,6,8,2016104275,スティーリア,牝2,54,01150,石川裕紀,1:53.2,1.1/2,3-4-3-4,36.3,55.8,11,486(0),01150,[東]池上昌和,415800,社台レースホース,,"(*1,3)8,2,11,12(7,13)4,10,9-6,5",3,1,0.0,False,"1,3,2,8-11,12(7,13)-4,10,9,6-5",4,1,4.5,False,"(*1,3)(2,8)6(11,12)4,7(10,13)9-5",3,2,0.0,False,"(*1,3)2-(11,8)6,12,4(10,7)(13,9)=5",4,2,3.5,False,-13,稍重でスタートしたが、良馬場に変更され、前日とは逆に終盤の方が時計は出やすくなった。
201806040405,5,2歳新馬,芝,1800,曇,良,12:30,2018-09-16,中山,11,4,5,2016100726,ニューデイズドーン,牝2,54,01009,柴田大知,1:53.5,1.3/4,13-13-13-13,35.0,29.1,7,458(0),01048,[東]畠山吉宏,546800,サラブレッドクラブ・...,,"(*1,3)8,2,11,12(7,13)4,10,9-6,5",13,1,12.5,False,"1,3,2,8-11,12(7,13)-4,10,9,6-5",13,1,21.0,False,"(*1,3)(2,8)6(11,12)4,7(10,13)9-5",13,1,5.0,False,"(*1,3)2-(11,8)6,12,4(10,7)(13,9)=5",13,1,12.5,False,-13,稍重でスタートしたが、良馬場に変更され、前日とは逆に終盤の方が時計は出やすくなった。
201806040405,5,2歳新馬,芝,1800,曇,良,12:30,2018-09-16,中山,12,5,7,2016105007,ポートロイヤル,牡2,54,01096,大野拓弥,1:53.6,1/2,7-7-9-9,36.2,14.7,5,478(0),01118,[東]高柳瑞樹,415800,社台レースホース,,"(*1,3)8,2,11,12(7,13)4,10,9-6,5",7,2,4.5,False,"1,3,2,8-11,12(7,13)-4,10,9,6-5",7,2,9.5,False,"(*1,3)(2,8)6(11,12)4,7(10,13)9-5",9,1,1.5,False,"(*1,3)2-(11,8)6,12,4(10,7)(13,9)=5",9,2,6.5,False,-13,稍重でスタートしたが、良馬場に変更され、前日とは逆に終盤の方が時計は出やすくなった。
201806040405,5,2歳新馬,芝,1800,曇,良,12:30,2018-09-16,中山,13,8,13,2016106515,スッポン,牡2,54,01051,嘉藤貴行,1:53.8,1,7-7-10-11,36.2,202.8,13,474(0),01030,[東]星野忍,149033,内田玄祥,,"(*1,3)8,2,11,12(7,13)4,10,9-6,5",7,2,4.5,False,"1,3,2,8-11,12(7,13)-4,10,9,6-5",7,2,9.5,False,"(*1,3)(2,8)6(11,12)4,7(10,13)9-5",10,2,1.5,False,"(*1,3)2-(11,8)6,12,4(10,7)(13,9)=5",11,2,6.5,False,-13,稍重でスタートしたが、良馬場に変更され、前日とは逆に終盤の方が時計は出やすくなった。
201806040406,6,3歳未勝利,ダ,1800,曇,稍重,13:00,2018-09-16,中山,1,2,4,2015103370,シゲノブ,牡3,56,00422,内田博幸,1:54.8,,3-3-4-3,38.9,5.2,3,496(0),01127,[東]栗田徹,960030,玉腰勇吉,500.0,"(*3,7)(4,13)(12,14,16)(2,6,5,10)(8,9)15(1,11)",3,2,0.0,False,"3,7(4,13)(14,16)12(6,10)2,5(8,9)15(1,11)",3,2,1.5,False,"(*3,7,13)(4,16)(6,10)-(2,14,8)(1,12)15,5,9-11",4,2,0.0,False,"(*3,13)(4,7,16)-6-8-2(1,10)12,15,14,9,5,11",3,3,0.0,False,-9,
201806040406,6,3歳未勝利,ダ,1800,曇,稍重,13:00,2018-09-16,中山,2,8,16,2015100758,マイネルラッジョ,牡3,56,01009,柴田大知,1:54.8,クビ,5-5-4-3,38.9,3.4,1,538(+6),00423,[東]上原博之,546800,サラブレッドクラブ・...,200.0,"(*3,7)(4,13)(12,14,16)(2,6,5,10)(8,9)15(1,11)",5,3,0.0,False,"3,7(4,13)(14,16)12(6,10)2,5(8,9)15(1,11)",5,2,1.5,False,"(*3,7,13)(4,16)(6,10)-(2,14,8)(1,12)15,5,9-11",4,2,0.0,False,"(*3,13)(4,7,16)-6-8-2(1,10)12,15,14,9,5,11",3,3,0.0,False,-9,
201806040406,6,3歳未勝利,ダ,1800,曇,稍重,13:00,2018-09-16,中山,3,7,13,2015101624,シーオブセレニティ,牡3,56,01043,北村宏司,1:55.1,2,3-3-2-2,39.4,6.8,5,450(+8),01126,[東]木村哲也,003060,ゴドルフィン,130.0,"(*3,7)(4,13)(12,14,16)(2,6,5,10)(8,9)15(1,11)",3,2,0.0,False,"3,7(4,13)(14,16)12(6,10)2,5(8,9)15(1,11)",3,2,1.5,False,"(*3,7,13)(4,16)(6,10)-(2,14,8)(1,12)15,5,9-11",2,3,0.0,False,"(*3,13)(4,7,16)-6-8-2(1,10)12,15,14,9,5,11",2,2,0.0,False,-9,
201806040406,6,3歳未勝利,ダ,1800,曇,稍重,13:00,2018-09-16,中山,4,4,8,2015100289,セイカメテオライト,牡3,56,01150,石川裕紀,1:55.2,クビ,12-12-8-7,38.5,18.5,8,450(+2),01020,[東]相沢郁,284008,久米大,75.0,"(*3,7)(4,13)(12,14,16)(2,6,5,10)(8,9)15(1,11)",12,2,0.0,False,"3,7(4,13)(14,16)12(6,10)2,5(8,9)15(1,11)",12,2,3.0,False,"(*3,7,13)(4,16)(6,10)-(2,14,8)(1,12)15,5,9-11",8,3,3.5,False,"(*3,13)(4,7,16)-6-8-2(1,10)12,15,14,9,5,11",7,1,7.0,False,-9,
201806040406,6,3歳未勝利,ダ,1800,曇,稍重,13:00,2018-09-16,中山,5,3,6,2015104459,レッドアグラード,牡3,53,01167,木幡育也,1:55.3,3/4,8-8-6-6,39.1,6.7,4,514(+2),01054,[東]戸田博文,180800,東京ホースレーシング,50.0,"(*3,7)(4,13)(12,14,16)(2,6,5,10)(8,9)15(1,11)",8,4,0.0,False,"3,7(4,13)(14,16)12(6,10)2,5(8,9)15(1,11)",8,2,1.5,False,"(*3,7,13)(4,16)(6,10)-(2,14,8)(1,12)15,5,9-11",6,2,0.0,False,"(*3,13)(4,7,16)-6-8-2(1,10)12,15,14,9,5,11",6,1,3.5,False,-9,
201806040406,6,3歳未勝利,ダ,1800,曇,稍重,13:00,2018-09-16,中山,6,2,3,2015105243,サンシャイアン,牡3,56,01085,松岡正海,1:55.6,1.1/2,1-1-1-1,40.0,3.8,2,474(-2),01008,[東]杉浦宏昭,059803,加藤ステーブル,,"(*3,7)(4,13)(12,14,16)(2,6,5,10)(8,9)15(1,11)",1,2,0.0,True,"3,7(4,13)(14,16)12(6,10)2,5(8,9)15(1,11)",1,1,0.0,False,"(*3,7,13)(4,16)(6,10)-(2,14,8)(1,12)15,5,9-11",1,3,0.0,True,"(*3,13)(4,7,16)-6-8-2(1,10)12,15,14,9,5,11",1,2,0.0,True,-9,
201806040406,6,3歳未勝利,ダ,1800,曇,稍重,13:00,2018-09-16,中山,7,1,1,2015104105,パトロナ,牡3,55,01169,武藤雅,1:56.4,5,15-15-11-9,39.5,83.1,9,464(+2),01133,[東]黒岩陽一,415800,社台レースホース,,"(*3,7)(4,13)(12,14,16)(2,6,5,10)(8,9)15(1,11)",15,2,0.0,False,"3,7(4,13)(14,16)12(6,10)2,5(8,9)15(1,11)",15,2,3.0,False,"(*3,7,13)(4,16)(6,10)-(2,14,8)(1,12)15,5,9-11",11,2,3.5,False,"(*3,13)(4,7,16)-6-8-2(1,10)12,15,14,9,5,11",9,2,10.5,False,-9,
201806040406,6,3歳未勝利,ダ,1800,曇,稍重,13:00,2018-09-16,中山,8,6,12,2015103994,トーアスサノオー,牡3,53,01173,山田敬士,1:56.7,1.1/2,5-7-11-11,39.8,18.2,7,456(0),01030,[東]星野忍,784800,高山ランド,,"(*3,7)(4,13)(12,14,16)(2,6,5,10)(8,9)15(1,11)",5,3,0.0,False,"3,7(4,13)(14,16)12(6,10)2,5(8,9)15(1,11)",7,1,1.5,False,"(*3,7,13)(4,16)(6,10)-(2,14,8)(1,12)15,5,9-11",11,2,3.5,False,"(*3,13)(4,7,16)-6-8-2(1,10)12,15,14,9,5,11",11,1,10.5,False,-9,
201806040406,6,3歳未勝利,ダ,1800,曇,稍重,13:00,2018-09-16,中山,9,1,2,2015101398,アマゾンチャック,牝3,54,01118,宮崎北斗,1:57.2,3,8-10-8-8,40.6,365.7,16,468(+4),01163,[東]林徹,362800,下河辺牧場,,"(*3,7)(4,13)(12,14,16)(2,6,5,10)(8,9)15(1,11)",8,4,0.0,False,"3,7(4,13)(14,16)12(6,10)2,5(8,9)15(1,11)",10,1,1.5,False,"(*3,7,13)(4,16)(6,10)-(2,14,8)(1,12)15,5,9-11",8,3,3.5,False,"(*3,13)(4,7,16)-6-8-2(1,10)12,15,14,9,5,11",8,1,10.5,False,-9,
201806040406,6,3歳未勝利,ダ,1800,曇,稍重,13:00,2018-09-16,中山,10,8,15,2015103565,レコンキスタシチー,牡3,56,01119,伊藤工真,1:57.4,1.1/4,14-14-13-12,40.4,86.2,10,470(-4),01132,[東]金成貴史,321800,友駿ホースクラブ,,"(*3,7)(4,13)(12,14,16)(2,6,5,10)(8,9)15(1,11)",14,1,0.0,False,"3,7(4,13)(14,16)12(6,10)2,5(8,9)15(1,11)",14,1,3.0,False,"(*3,7,13)(4,16)(6,10)-(2,14,8)(1,12)15,5,9-11",13,1,3.5,False,"(*3,13)(4,7,16)-6-8-2(1,10)12,15,14,9,5,11",12,1,12.0,False,-9,
201806040406,6,3歳未勝利,ダ,1800,曇,稍重,13:00,2018-09-16,中山,11,4,7,2015103464,シオラパルク,セ3,56,01091,丹内祐次,1:57.5,3/4,2-2-2-3,41.9,241.0,12,464(-2),01141,[東]尾形和幸,371009,高橋文男,,"(*3,7)(4,13)(12,14,16)(2,6,5,10)(8,9)15(1,11)",2,2,0.0,False,"3,7(4,13)(14,16)12(6,10)2,5(8,9)15(1,11)",2,1,1.5,False,"(*3,7,13)(4,16)(6,10)-(2,14,8)(1,12)15,5,9-11",2,3,0.0,False,"(*3,13)(4,7,16)-6-8-2(1,10)12,15,14,9,5,11",3,3,0.0,False,-9,
201806040406,6,3歳未勝利,ダ,1800,曇,稍重,13:00,2018-09-16,中山,12,5,10,2015104418,モダンジャイブ,牡3,55,01162,木幡巧也,1:57.6,1/2,8-8-6-9,41.3,15.5,6,536(+22),01086,[東]斎藤誠,415800,社台レースホース,,"(*3,7)(4,13)(12,14,16)(2,6,5,10)(8,9)15(1,11)",8,4,0.0,False,"3,7(4,13)(14,16)12(6,10)2,5(8,9)15(1,11)",8,2,1.5,False,"(*3,7,13)(4,16)(6,10)-(2,14,8)(1,12)15,5,9-11",6,2,0.0,False,"(*3,13)(4,7,16)-6-8-2(1,10)12,15,14,9,5,11",9,2,10.5,False,-9,
201806040406,6,3歳未勝利,ダ,1800,曇,稍重,13:00,2018-09-16,中山,13,5,9,2015106144,シュネルスト,牡3,54,01161,菊沢一樹,1:58.1,3,12-12-15-14,40.6,351.5,15,498(-10),00341,[東]栗田博憲,854800,ノルマンディーサラブ...,,"(*3,7)(4,13)(12,14,16)(2,6,5,10)(8,9)15(1,11)",12,2,0.0,False,"3,7(4,13)(14,16)12(6,10)2,5(8,9)15(1,11)",12,2,3.0,False,"(*3,7,13)(4,16)(6,10)-(2,14,8)(1,12)15,5,9-11",15,1,6.5,False,"(*3,13)(4,7,16)-6-8-2(1,10)12,15,14,9,5,11",14,1,15.0,False,-9,
201806040406,6,3歳未勝利,ダ,1800,曇,稍重,13:00,2018-09-16,中山,14,7,14,2015101114,トーセンフェイム,牡3,56,01129,菅原隆一,1:58.3,1.1/4,5-5-8-13,41.6,295.9,13,484(+8),01007,[東]柴田政人,270006,島川隆哉,,"(*3,7)(4,13)(12,14,16)(2,6,5,10)(8,9)15(1,11)",5,3,0.0,False,"3,7(4,13)(14,16)12(6,10)2,5(8,9)15(1,11)",5,2,1.5,False,"(*3,7,13)(4,16)(6,10)-(2,14,8)(1,12)15,5,9-11",8,3,3.5,False,"(*3,13)(4,7,16)-6-8-2(1,10)12,15,14,9,5,11",13,1,13.5,False,-9,
201806040406,6,3歳未勝利,ダ,1800,曇,稍重,13:00,2018-09-16,中山,15,6,11,2015103012,チャンピオンノホシ,牡3,56,01029,武士沢友,1:58.9,4,15-15-16-16,40.8,297.5,14,540(-2),01047,[東]勢司和浩,750005,坪野谷和平,,"(*3,7)(4,13)(12,14,16)(2,6,5,10)(8,9)15(1,11)",15,2,0.0,False,"3,7(4,13)(14,16)12(6,10)2,5(8,9)15(1,11)",15,2,3.0,False,"(*3,7,13)(4,16)(6,10)-(2,14,8)(1,12)15,5,9-11",16,1,10.0,False,"(*3,13)(4,7,16)-6-8-2(1,10)12,15,14,9,5,11",16,1,18.0,False,-9,
201806040406,6,3歳未勝利,ダ,1800,曇,稍重,13:00,2018-09-16,中山,16,3,5,2015102560,マエストーソ,牡3,56,00684,田中勝春,1:59.9,6,8-11-14-15,42.7,232.9,11,522(+2),01116,[東]新開幸一,022700,スリースターズレーシ...,,"(*3,7)(4,13)(12,14,16)(2,6,5,10)(8,9)15(1,11)",8,4,0.0,False,"3,7(4,13)(14,16)12(6,10)2,5(8,9)15(1,11)",11,1,3.0,False,"(*3,7,13)(4,16)(6,10)-(2,14,8)(1,12)15,5,9-11",14,1,5.0,False,"(*3,13)(4,7,16)-6-8-2(1,10)12,15,14,9,5,11",15,1,16.5,False,-9,
201806040407,7,3歳以上500万下,芝,2500,曇,良,13:30,2018-09-16,中山,1,4,4,2014102038,マスラオ,セ4,57,01043,北村宏司,2:33.7,,5-5-3-4,35.9,11.1,5,438(-2),01132,[東]金成貴史,098803,Ｇリビエール・レーシ...,750.0,"5,11(1,7)4(3,6,9)(2,8,10)",5,1,1.5,False,"(*5,11)(1,7)4,9(3,6)(8,10)2",5,1,0.0,False,"(*5,11)(1,4,7)(3,6,9)10-(8,2)",3,3,0.0,False,"(*5,11,7)(1,4,6,10)3(8,9)2",4,4,0.0,False,-13,稍重でスタートしたが、良馬場に変更され、前日とは逆に終盤の方が時計は出やすくなった。
201806040407,7,3歳以上500万下,芝,2500,曇,良,13:30,2018-09-16,中山,2,3,3,2013105769,グリントオブライト,牝5,55,01122,三浦皇成,2:33.8,1/2,6-7-6-8,35.8,5.5,3,448(+2),01054,[東]戸田博文,226800,サンデーレーシング,300.0,"5,11(1,7)4(3,6,9)(2,8,10)",6,3,1.5,False,"(*5,11)(1,7)4,9(3,6)(8,10)2",7,2,1.5,False,"(*5,11)(1,4,7)(3,6,9)10-(8,2)",6,3,0.0,False,"(*5,11,7)(1,4,6,10)3(8,9)2",8,1,0.0,False,-13,稍重でスタートしたが、良馬場に変更され、前日とは逆に終盤の方が時計は出やすくなった。
201806040407,7,3歳以上500万下,芝,2500,曇,良,13:30,2018-09-16,中山,3,1,1,2015105352,ジョブックコメン,牝3,49,01173,山田敬士,2:33.9,3/4,3-3-3-4,36.2,5.0,2,416(-2),01005,[東]小桧山悟,976800,萩本企画,190.0,"5,11(1,7)4(3,6,9)(2,8,10)",3,2,1.5,False,"(*5,11)(1,7)4,9(3,6)(8,10)2",3,2,0.0,False,"(*5,11)(1,4,7)(3,6,9)10-(8,2)",3,3,0.0,False,"(*5,11,7)(1,4,6,10)3(8,9)2",4,4,0.0,False,-13,稍重でスタートしたが、良馬場に変更され、前日とは逆に終盤の方が時計は出やすくなった。
201806040407,7,3歳以上500万下,芝,2500,曇,良,13:30,2018-09-16,中山,4,8,10,2014106066,バラダガール,牝4,55,01075,田辺裕信,2:34.0,1/2,9-9-9-4,35.9,2.0,1,560(0),00399,[東]国枝栄,506800,シルクレーシング,110.0,"5,11(1,7)4(3,6,9)(2,8,10)",9,3,1.5,False,"(*5,11)(1,7)4,9(3,6)(8,10)2",9,2,1.5,False,"(*5,11)(1,4,7)(3,6,9)10-(8,2)",9,1,0.0,False,"(*5,11,7)(1,4,6,10)3(8,9)2",4,4,0.0,False,-13,稍重でスタートしたが、良馬場に変更され、前日とは逆に終盤の方が時計は出やすくなった。
201806040407,7,3歳以上500万下,芝,2500,曇,良,13:30,2018-09-16,中山,5,7,9,2014105759,マサハヤスター,牡4,57,00422,内田博幸,2:34.4,2.1/2,6-6-6-9,36.4,85.2,10,474(-4),01128,[西]今野貞一,471033,中村政夫,75.0,"5,11(1,7)4(3,6,9)(2,8,10)",6,3,1.5,False,"(*5,11)(1,7)4,9(3,6)(8,10)2",6,1,1.5,False,"(*5,11)(1,4,7)(3,6,9)10-(8,2)",6,3,0.0,False,"(*5,11,7)(1,4,6,10)3(8,9)2",9,2,0.0,False,-13,稍重でスタートしたが、良馬場に変更され、前日とは逆に終盤の方が時計は出やすくなった。
201806040407,7,3歳以上500万下,芝,2500,曇,良,13:30,2018-09-16,中山,6,6,6,2014100229,ウインクリムゾン,牡4,57,01085,松岡正海,2:34.4,アタマ,6-7-6-4,36.4,52.1,8,466(0),01088,[東]高木登,494800,ウイン,,"5,11(1,7)4(3,6,9)(2,8,10)",6,3,1.5,False,"(*5,11)(1,7)4,9(3,6)(8,10)2",7,2,1.5,False,"(*5,11)(1,4,7)(3,6,9)10-(8,2)",6,3,0.0,False,"(*5,11,7)(1,4,6,10)3(8,9)2",4,4,0.0,False,-13,稍重でスタートしたが、良馬場に変更され、前日とは逆に終盤の方が時計は出やすくなった。
201806040407,7,3歳以上500万下,芝,2500,曇,良,13:30,2018-09-16,中山,7,6,7,2015104991,トーセンヴィガー,牡3,54,01077,石橋脩,2:34.8,2.1/2,3-3-3-2,37.1,11.1,6,472(-2),01081,[東]中川公成,270006,島川隆哉,,"5,11(1,7)4(3,6,9)(2,8,10)",3,2,1.5,False,"(*5,11)(1,7)4,9(3,6)(8,10)2",3,2,0.0,False,"(*5,11)(1,4,7)(3,6,9)10-(8,2)",3,3,0.0,False,"(*5,11,7)(1,4,6,10)3(8,9)2",2,3,0.0,False,-13,稍重でスタートしたが、良馬場に変更され、前日とは逆に終盤の方が時計は出やすくなった。
201806040407,7,3歳以上500万下,芝,2500,曇,良,13:30,2018-09-16,中山,8,2,2,2014100735,プロヴェルビオ,牝4,53,01164,藤田菜七,2:35.0,1.1/2,9-11-10-11,36.5,45.4,7,452(+10),01029,[東]根本康広,863033,成富直行,,"5,11(1,7)4(3,6,9)(2,8,10)",9,3,1.5,False,"(*5,11)(1,7)4,9(3,6)(8,10)2",11,1,1.5,False,"(*5,11)(1,4,7)(3,6,9)10-(8,2)",10,2,3.5,False,"(*5,11,7)(1,4,6,10)3(8,9)2",11,1,0.0,False,-13,稍重でスタートしたが、良馬場に変更され、前日とは逆に終盤の方が時計は出やすくなった。
201806040407,7,3歳以上500万下,芝,2500,曇,良,13:30,2018-09-16,中山,9,7,8,2014102363,リュウシンローズ,牝4,53,01161,菊沢一樹,2:35.1,1/2,9-9-10-9,36.6,312.5,11,466(0),00436,[東]堀井雅広,740800,浜本牧場,,"5,11(1,7)4(3,6,9)(2,8,10)",9,3,1.5,False,"(*5,11)(1,7)4,9(3,6)(8,10)2",9,2,1.5,False,"(*5,11)(1,4,7)(3,6,9)10-(8,2)",10,2,3.5,False,"(*5,11,7)(1,4,6,10)3(8,9)2",9,2,0.0,False,-13,稍重でスタートしたが、良馬場に変更され、前日とは逆に終盤の方が時計は出やすくなった。
201806040407,7,3歳以上500万下,芝,2500,曇,良,13:30,2018-09-16,中山,10,5,5,2014104646,エールブリリアンツ,牡4,57,01112,荻野琢真,2:35.9,5,1-1-1-1,38.4,54.0,9,492(-2),01128,[西]今野貞一,934033,佐伯由加理,,"5,11(1,7)4(3,6,9)(2,8,10)",1,1,0.0,False,"(*5,11)(1,7)4,9(3,6)(8,10)2",1,2,0.0,True,"(*5,11)(1,4,7)(3,6,9)10-(8,2)",1,2,0.0,True,"(*5,11,7)(1,4,6,10)3(8,9)2",1,3,0.0,True,-13,稍重でスタートしたが、良馬場に変更され、前日とは逆に終盤の方が時計は出やすくなった。
201806040407,7,3歳以上500万下,芝,2500,曇,良,13:30,2018-09-16,中山,11,8,11,2013101567,デナリ,牡5,57,05386,戸崎圭太,2:36.6,4,2-2-2-2,39.1,8.4,4,494(+8),01027,[東]田村康仁,534006,寺田千代乃,,"5,11(1,7)4(3,6,9)(2,8,10)",2,1,1.5,False,"(*5,11)(1,7)4,9(3,6)(8,10)2",2,2,0.0,False,"(*5,11)(1,4,7)(3,6,9)10-(8,2)",2,2,0.0,False,"(*5,11,7)(1,4,6,10)3(8,9)2",2,3,0.0,False,-13,稍重でスタートしたが、良馬場に変更され、前日とは逆に終盤の方が時計は出やすくなった。
201806040408,8,3歳以上500万下,ダ,1800,曇,良,14:01,2018-09-16,中山,1,7,10,2014105685,ベディヴィア,牡4,57,05386,戸崎圭太,1:53.7,,4-4-6-6,38.4,4.8,2,462(-6),01098,[西]野中賢二,415800,社台レースホース,750.0,"6,9-12,10(1,7,11)8-(2,5)-4-3",4,1,6.5,False,"(*6,9)-12,10(1,7,11)8,2,5-4,3",4,1,5.0,False,"(*6,9)8(7,12)10-(1,11)2,5-3,4",6,1,0.0,False,"(*6,9,8)(7,12)10-1(11,2)-5,3-4",6,1,0.0,False,-9,
201806040408,8,3歳以上500万下,ダ,1800,曇,良,14:01,2018-09-16,中山,2,6,7,2013105842,スピアザゴールド,セ5,55,01170,横山武史,1:53.7,クビ,5-5-4-4,38.6,29.3,6,478(-2),01067,[東]久保田貴,486800,キャロットファーム,300.0,"6,9-12,10(1,7,11)8-(2,5)-4-3",5,3,6.5,False,"(*6,9)-12,10(1,7,11)8,2,5-4,3",5,3,5.0,False,"(*6,9)8(7,12)10-(1,11)2,5-3,4",4,2,0.0,False,"(*6,9,8)(7,12)10-1(11,2)-5,3-4",4,2,0.0,False,-9,
201806040408,8,3歳以上500万下,ダ,1800,曇,良,14:01,2018-09-16,中山,3,6,8,2015101542,トーホウフライト,牡3,54,00663,蛯名正義,1:53.7,ハナ,8-8-3-2,38.7,5.7,3,486(-4),00408,[東]田中清隆,965800,東豊物産,190.0,"6,9-12,10(1,7,11)8-(2,5)-4-3",8,1,6.5,False,"(*6,9)-12,10(1,7,11)8,2,5-4,3",8,1,5.0,False,"(*6,9)8(7,12)10-(1,11)2,5-3,4",3,1,0.0,False,"(*6,9,8)(7,12)10-1(11,2)-5,3-4",2,3,0.0,False,-9,
201806040408,8,3歳以上500万下,ダ,1800,曇,良,14:01,2018-09-16,中山,4,2,2,2013102553,ワイルドゲーム,牡5,57,01127,丸山元気,1:54.3,3.1/2,9-9-9-8,38.3,62.8,9,484(0),01043,[東]石栗龍彦,882800,小林英一ホールディン...,110.0,"6,9-12,10(1,7,11)8-(2,5)-4-3",9,2,10.0,False,"(*6,9)-12,10(1,7,11)8,2,5-4,3",9,1,6.5,False,"(*6,9)8(7,12)10-(1,11)2,5-3,4",9,1,3.5,False,"(*6,9,8)(7,12)10-1(11,2)-5,3-4",8,2,3.5,False,-9,
201806040408,8,3歳以上500万下,ダ,1800,曇,良,14:01,2018-09-16,中山,5,7,9,2015101125,トーセンヴィータ,牡3,54,01043,北村宏司,1:54.6,1.1/2,2-2-2-2,39.8,1.9,1,524(-6),01079,[東]古賀慎明,270006,島川隆哉,75.0,"6,9-12,10(1,7,11)8-(2,5)-4-3",2,1,1.5,False,"(*6,9)-12,10(1,7,11)8,2,5-4,3",2,2,0.0,False,"(*6,9)8(7,12)10-(1,11)2,5-3,4",2,2,0.0,False,"(*6,9,8)(7,12)10-1(11,2)-5,3-4",2,3,0.0,False,-9,
201806040408,8,3歳以上500万下,ダ,1800,曇,良,14:01,2018-09-16,中山,6,8,12,2013101758,クインズプルート,牡5,57,00422,内田博幸,1:54.6,クビ,3-3-4-4,39.5,8.4,5,516(-2),01074,[東]奥平雅士,896800,クイーンズ・ランチ,,"6,9-12,10(1,7,11)8-(2,5)-4-3",3,1,5.0,False,"(*6,9)-12,10(1,7,11)8,2,5-4,3",3,1,3.5,False,"(*6,9)8(7,12)10-(1,11)2,5-3,4",4,2,0.0,False,"(*6,9,8)(7,12)10-1(11,2)-5,3-4",4,2,0.0,False,-9,
201806040408,8,3歳以上500万下,ダ,1800,曇,良,14:01,2018-09-16,中山,7,5,6,2014104550,グラスブルース,牡4,57,01077,石橋脩,1:55.2,3.1/2,1-1-1-1,40.4,8.0,4,510(0),01106,[東]牧光二,541800,半沢,,"6,9-12,10(1,7,11)8-(2,5)-4-3",1,1,0.0,False,"(*6,9)-12,10(1,7,11)8,2,5-4,3",1,2,0.0,True,"(*6,9)8(7,12)10-(1,11)2,5-3,4",1,2,0.0,True,"(*6,9,8)(7,12)10-1(11,2)-5,3-4",1,3,0.0,True,-9,
201806040408,8,3歳以上500万下,ダ,1800,曇,良,14:01,2018-09-16,中山,8,1,1,2015103112,ヤマタケパンチ,牡3,54,00726,岩部純二,1:55.9,4,5-5-7-7,40.1,201.0,11,490(+6),01024,[東]萱野浩二,631002,山中和子,,"6,9-12,10(1,7,11)8-(2,5)-4-3",5,3,6.5,False,"(*6,9)-12,10(1,7,11)8,2,5-4,3",5,3,5.0,False,"(*6,9)8(7,12)10-(1,11)2,5-3,4",7,2,3.5,False,"(*6,9,8)(7,12)10-1(11,2)-5,3-4",7,1,3.5,False,-9,
201806040408,8,3歳以上500万下,ダ,1800,曇,良,14:01,2018-09-16,中山,9,3,3,2015106447,ソンタク,牡3,52,01164,藤田菜七,1:56.1,1.1/4,12-12-11-11,39.6,39.5,7,436(0),01063,[東]的場均,855030,田頭勇貴,,"6,9-12,10(1,7,11)8-(2,5)-4-3",12,1,17.0,False,"(*6,9)-12,10(1,7,11)8,2,5-4,3",12,1,13.0,False,"(*6,9)8(7,12)10-(1,11)2,5-3,4",11,1,8.5,False,"(*6,9,8)(7,12)10-1(11,2)-5,3-4",11,1,8.5,False,-9,
201806040408,8,3歳以上500万下,ダ,1800,曇,良,14:01,2018-09-16,中山,10,8,11,2014103901,ウイントリニティー,牡4,57,01085,松岡正海,1:56.9,5,5-5-7-8,41.1,93.6,10,492(+6),00359,[東]高橋祥泰,494800,ウイン,,"6,9-12,10(1,7,11)8-(2,5)-4-3",5,3,6.5,False,"(*6,9)-12,10(1,7,11)8,2,5-4,3",5,3,5.0,False,"(*6,9)8(7,12)10-(1,11)2,5-3,4",7,2,3.5,False,"(*6,9,8)(7,12)10-1(11,2)-5,3-4",8,2,3.5,False,-9,
201806040408,8,3歳以上500万下,ダ,1800,曇,良,14:01,2018-09-16,中山,11,4,4,2015100679,ゲームチェンジャー,牡3,54,01150,石川裕紀,1:57.7,5,11-11-12-12,41.1,58.4,8,502(+10),00405,[東]小西一男,040803,明栄商事,,"6,9-12,10(1,7,11)8-(2,5)-4-3",11,1,13.5,False,"(*6,9)-12,10(1,7,11)8,2,5-4,3",11,1,11.5,False,"(*6,9)8(7,12)10-(1,11)2,5-3,4",12,1,10.0,False,"(*6,9,8)(7,12)10-1(11,2)-5,3-4",12,1,12.0,False,-9,
201806040408,8,3歳以上500万下,ダ,1800,曇,良,14:01,2018-09-16,中山,12,5,5,2015106005,アヴォーリオ,牝3,52,01029,武士沢友,1:57.8,1/2,9-10-10-10,41.7,380.9,12,450(0),01030,[東]星野忍,102800,ターフ・スポート,,"6,9-12,10(1,7,11)8-(2,5)-4-3",9,2,10.0,False,"(*6,9)-12,10(1,7,11)8,2,5-4,3",10,1,8.0,False,"(*6,9)8(7,12)10-(1,11)2,5-3,4",10,1,5.0,False,"(*6,9,8)(7,12)10-1(11,2)-5,3-4",10,1,7.0,False,-9,
201806040409,9,汐留特別(1勝),芝,2000,曇,良,14:35,2018-09-16,中山,1,6,9,2015105193,オスカールビー,牝3,52,05386,戸崎圭太,1:59.2,,1-1-1-1,35.6,1.8,1,482(-4),01075,[西]矢作芳人,748009,森保彦,"1,083.6","9-13-10,1,8-2-4(3,7)(6,5)(11,12)",1,1,0.0,False,"9-13-10(1,8)-2-4,3(6,7)5(11,12)",1,1,0.0,False,"9=13-10-(1,8)2,4(3,5)(6,7)11-12",1,1,0.0,False,"9=13-10,8(1,2)4(3,7,5)(6,11)12",1,1,0.0,False,-13,稍重でスタートしたが、良馬場に変更され、前日とは逆に終盤の方が時計は出やすくなった。
201806040409,9,汐留特別(1勝),芝,2000,曇,良,14:35,2018-09-16,中山,2,6,8,2013105819,ラレッサングル,牝5,55,01122,三浦皇成,2:00.4,7,5-4-4-4,34.8,31.2,8,452(+4),01118,[東]高柳瑞樹,486800,キャロットファーム,429.6,"9-13-10,1,8-2-4(3,7)(6,5)(11,12)",5,1,10.0,False,"9-13-10(1,8)-2-4,3(6,7)5(11,12)",4,2,7.0,False,"9=13-10-(1,8)2,4(3,5)(6,7)11-12",4,2,13.0,False,"9=13-10,8(1,2)4(3,7,5)(6,11)12",4,1,11.0,False,-13,稍重でスタートしたが、良馬場に変更され、前日とは逆に終盤の方が時計は出やすくなった。
201806040409,9,汐留特別(1勝),芝,2000,曇,良,14:35,2018-09-16,中山,3,4,5,2014100717,キューンハイト,牝4,55,01009,柴田大知,2:00.5,クビ,10-11-8-8,34.3,11.0,5,424(0),00420,[東]宗像義忠,546800,サラブレッドクラブ・...,264.8,"9-13-10,1,8-2-4(3,7)(6,5)(11,12)",10,2,17.0,False,"9-13-10(1,8)-2-4,3(6,7)5(11,12)",11,1,15.5,False,"9=13-10-(1,8)2,4(3,5)(6,7)11-12",8,2,14.5,False,"9=13-10,8(1,2)4(3,7,5)(6,11)12",8,3,11.0,False,-13,稍重でスタートしたが、良馬場に変更され、前日とは逆に終盤の方が時計は出やすくなった。
201806040409,9,汐留特別(1勝),芝,2000,曇,良,14:35,2018-09-16,中山,4,7,10,2015102676,ランリーナ,牝3,52,00422,内田博幸,2:00.5,ハナ,3-3-3-3,35.2,16.4,6,464(-2),01152,[東]竹内正洋,044803,由井健太郎,160.0,"9-13-10,1,8-2-4(3,7)(6,5)(11,12)",3,1,7.0,False,"9-13-10(1,8)-2-4,3(6,7)5(11,12)",3,1,7.0,False,"9=13-10-(1,8)2,4(3,5)(6,7)11-12",3,1,9.5,False,"9=13-10,8(1,2)4(3,7,5)(6,11)12",3,1,9.5,False,-13,稍重でスタートしたが、良馬場に変更され、前日とは逆に終盤の方が時計は出やすくなった。
201806040409,9,汐留特別(1勝),芝,2000,曇,良,14:35,2018-09-16,中山,5,4,4,2015105003,ムーンライトナイト,牝3,52,01085,松岡正海,2:00.5,アタマ,7-7-7-7,34.5,5.4,2,436(+4),01067,[東]久保田貴,506800,シルクレーシング,105.0,"9-13-10,1,8-2-4(3,7)(6,5)(11,12)",7,1,17.0,False,"9-13-10(1,8)-2-4,3(6,7)5(11,12)",7,1,14.0,False,"9=13-10-(1,8)2,4(3,5)(6,7)11-12",7,1,14.5,False,"9=13-10,8(1,2)4(3,7,5)(6,11)12",7,1,11.0,False,-13,稍重でスタートしたが、良馬場に変更され、前日とは逆に終盤の方が時計は出やすくなった。
201806040409,9,汐留特別(1勝),芝,2000,曇,良,14:35,2018-09-16,中山,6,7,11,2014105363,ラレゾン,牝4,55,01096,大野拓弥,2:00.7,1.1/4,12-12-12-11,34.1,23.6,7,442(-6),01088,[東]高木登,415800,社台レースホース,,"9-13-10,1,8-2-4(3,7)(6,5)(11,12)",12,2,17.0,False,"9-13-10(1,8)-2-4,3(6,7)5(11,12)",12,2,15.5,False,"9=13-10-(1,8)2,4(3,5)(6,7)11-12",12,1,14.5,False,"9=13-10,8(1,2)4(3,7,5)(6,11)12",11,2,11.0,False,-13,稍重でスタートしたが、良馬場に変更され、前日とは逆に終盤の方が時計は出やすくなった。
201806040409,9,汐留特別(1勝),芝,2000,曇,良,14:35,2018-09-16,中山,7,2,2,2013106050,カマクラ,牝5,55,01169,武藤雅,2:00.8,1/2,6-6-6-5,35.0,34.0,9,472(+4),01054,[東]戸田博文,010803,市川義美ホールディン...,,"9-13-10,1,8-2-4(3,7)(6,5)(11,12)",6,1,13.5,False,"9-13-10(1,8)-2-4,3(6,7)5(11,12)",6,1,10.5,False,"9=13-10-(1,8)2,4(3,5)(6,7)11-12",6,1,13.0,False,"9=13-10,8(1,2)4(3,7,5)(6,11)12",5,2,11.0,False,-13,稍重でスタートしたが、良馬場に変更され、前日とは逆に終盤の方が時計は出やすくなった。
201806040409,9,汐留特別(1勝),芝,2000,曇,良,14:35,2018-09-16,中山,8,8,13,2015104197,インヴィジブルワン,牝3,52,01043,北村宏司,2:00.9,3/4,2-2-2-2,36.2,69.8,11,472(+2),01156,[東]青木孝文,226800,サンデーレーシング,,"9-13-10,1,8-2-4(3,7)(6,5)(11,12)",2,1,3.5,False,"9-13-10(1,8)-2-4,3(6,7)5(11,12)",2,1,3.5,False,"9=13-10-(1,8)2,4(3,5)(6,7)11-12",2,1,6.0,False,"9=13-10,8(1,2)4(3,7,5)(6,11)12",2,1,6.0,False,-13,稍重でスタートしたが、良馬場に変更され、前日とは逆に終盤の方が時計は出やすくなった。
201806040409,9,汐留特別(1勝),芝,2000,曇,良,14:35,2018-09-16,中山,9,5,7,2015104994,ミレフォリウム,牝3,52,01127,丸山元気,2:01.0,1/2,8-9-10-8,34.7,10.4,4,482(0),01153,[東]中舘英二,226800,サンデーレーシング,,"9-13-10,1,8-2-4(3,7)(6,5)(11,12)",8,2,17.0,False,"9-13-10(1,8)-2-4,3(6,7)5(11,12)",9,2,15.5,False,"9=13-10-(1,8)2,4(3,5)(6,7)11-12",10,2,14.5,False,"9=13-10,8(1,2)4(3,7,5)(6,11)12",8,3,11.0,False,-13,稍重でスタートしたが、良馬場に変更され、前日とは逆に終盤の方が時計は出やすくなった。
201806040409,9,汐留特別(1勝),芝,2000,曇,良,14:35,2018-09-16,中山,10,5,6,2013106157,レッドリュンヌ,牝5,55,01077,石橋脩,2:01.0,クビ,10-9-10-11,34.6,93.6,12,438(0),01038,[東]手塚貴久,180800,東京ホースレーシング,,"9-13-10,1,8-2-4(3,7)(6,5)(11,12)",10,2,17.0,False,"9-13-10(1,8)-2-4,3(6,7)5(11,12)",9,2,15.5,False,"9=13-10-(1,8)2,4(3,5)(6,7)11-12",10,2,14.5,False,"9=13-10,8(1,2)4(3,7,5)(6,11)12",11,2,11.0,False,-13,稍重でスタートしたが、良馬場に変更され、前日とは逆に終盤の方が時計は出やすくなった。
201806040409,9,汐留特別(1勝),芝,2000,曇,良,14:35,2018-09-16,中山,11,3,3,2015103021,ワタシヲマッテル,牝3,52,00663,蛯名正義,2:01.3,1.3/4,8-8-8-8,35.1,8.8,3,466(+10),01096,[東]粕谷昌央,334009,小田切有一,,"9-13-10,1,8-2-4(3,7)(6,5)(11,12)",8,2,17.0,False,"9-13-10(1,8)-2-4,3(6,7)5(11,12)",8,1,15.5,False,"9=13-10-(1,8)2,4(3,5)(6,7)11-12",8,2,14.5,False,"9=13-10,8(1,2)4(3,7,5)(6,11)12",8,3,11.0,False,-13,稍重でスタートしたが、良馬場に変更され、前日とは逆に終盤の方が時計は出やすくなった。
201806040409,9,汐留特別(1勝),芝,2000,曇,良,14:35,2018-09-16,中山,12,1,1,2015105829,ノーブルカリス,牝3,52,00689,江田照男,2:01.4,3/4,4-4-4-5,35.8,69.7,10,466(-14),01052,[東]菊川正達,755030,吉木伸彦,,"9-13-10,1,8-2-4(3,7)(6,5)(11,12)",4,1,8.5,False,"9-13-10(1,8)-2-4,3(6,7)5(11,12)",4,2,7.0,False,"9=13-10-(1,8)2,4(3,5)(6,7)11-12",4,2,13.0,False,"9=13-10,8(1,2)4(3,7,5)(6,11)12",5,2,11.0,False,-13,稍重でスタートしたが、良馬場に変更され、前日とは逆に終盤の方が時計は出やすくなった。
201806040409,9,汐留特別(1勝),芝,2000,曇,良,14:35,2018-09-16,中山,13,8,12,2014100635,キョウエイレガシー,牝4,55,01162,木幡巧也,2:01.8,2.1/2,12-12-13-13,34.9,133.9,13,414(-10),01024,[東]萱野浩二,619002,田中晴夫,,"9-13-10,1,8-2-4(3,7)(6,5)(11,12)",12,2,17.0,False,"9-13-10(1,8)-2-4,3(6,7)5(11,12)",12,2,15.5,False,"9=13-10-(1,8)2,4(3,5)(6,7)11-12",13,1,18.0,False,"9=13-10,8(1,2)4(3,7,5)(6,11)12",13,1,11.0,False,-13,稍重でスタートしたが、良馬場に変更され、前日とは逆に終盤の方が時計は出やすくなった。
201806040410,10,初風特別(2勝),芝,1200,曇,良,15:10,2018-09-16,中山,1,7,11,2014103714,ショウナンアエラ,牡4,57,00422,内田博幸,1:07.9,,3-2,33.6,4.2,2,480(-12),01145,[東]奥村武,331002,国本哲秀,"1,530.8",,,,,,,,,,,"4,10(6,11)(3,9)(2,1)13,12(5,8)7",3,2,1.5,False,"(*4,10,11)(6,3)(2,9)1(12,7,13,5)8",2,3,0.0,False,-14,稍重でスタートしたが、良馬場に変更され、前日とは逆に終盤の方が時計は出やすくなった。
201806040410,10,初風特別(2勝),芝,1200,曇,良,15:10,2018-09-16,中山,2,5,6,2012101643,イサチルホープ,牡6,57,05243,柴山雄一,1:08.2,2,3-4,33.8,35.8,10,472(-2),01032,[西]大根田裕,162033,小坂功,608.8,,,,,,,,,,,"4,10(6,11)(3,9)(2,1)13,12(5,8)7",3,2,1.5,False,"(*4,10,11)(6,3)(2,9)1(12,7,13,5)8",4,2,0.0,False,-14,稍重でスタートしたが、良馬場に変更され、前日とは逆に終盤の方が時計は出やすくなった。
201806040410,10,初風特別(2勝),芝,1200,曇,良,15:10,2018-09-16,中山,3,2,2,2012103929,ウォーターラボ,牝6,55,01122,三浦皇成,1:08.3,1/2,7-6,33.6,26.2,8,466(+2),00438,[西]安田隆行,538009,山岡良一,384.4,,,,,,,,,,,"4,10(6,11)(3,9)(2,1)13,12(5,8)7",7,2,1.5,False,"(*4,10,11)(6,3)(2,9)1(12,7,13,5)8",6,2,0.0,False,-14,稍重でスタートしたが、良馬場に変更され、前日とは逆に終盤の方が時計は出やすくなった。
201806040410,10,初風特別(2勝),芝,1200,曇,良,15:10,2018-09-16,中山,4,4,4,2015100672,ラフィングマッチ,牡3,55,01092,津村明秀,1:08.3,ハナ,1-1,34.2,5.7,3,482(-4),01078,[西]北出成人,788800,ノースヒルズ,230.0,,,,,,,,,,,"4,10(6,11)(3,9)(2,1)13,12(5,8)7",1,1,0.0,False,"(*4,10,11)(6,3)(2,9)1(12,7,13,5)8",1,3,0.0,True,-14,稍重でスタートしたが、良馬場に変更され、前日とは逆に終盤の方が時計は出やすくなった。
201806040410,10,初風特別(2勝),芝,1200,曇,良,15:10,2018-09-16,中山,5,3,3,2013102671,ワンダフルラッシュ,牝5,55,01085,松岡正海,1:08.3,クビ,5-4,33.8,13.4,5,458(+2),01038,[東]手塚貴久,546800,サラブレッドクラブ・...,150.0,,,,,,,,,,,"4,10(6,11)(3,9)(2,1)13,12(5,8)7",5,2,1.5,False,"(*4,10,11)(6,3)(2,9)1(12,7,13,5)8",4,2,0.0,False,-14,稍重でスタートしたが、良馬場に変更され、前日とは逆に終盤の方が時計は出やすくなった。
201806040410,10,初風特別(2勝),芝,1200,曇,良,15:10,2018-09-16,中山,6,1,1,2015104670,ガゼボ,牡3,55,01077,石橋脩,1:08.4,クビ,7-8,33.6,5.8,4,520(-10),01151,[西]斉藤崇史,138007,吉田和美,,,,,,,,,,,,"4,10(6,11)(3,9)(2,1)13,12(5,8)7",7,2,1.5,False,"(*4,10,11)(6,3)(2,9)1(12,7,13,5)8",8,1,0.0,False,-14,稍重でスタートしたが、良馬場に変更され、前日とは逆に終盤の方が時計は出やすくなった。
201806040410,10,初風特別(2勝),芝,1200,曇,良,15:10,2018-09-16,中山,7,7,10,2014100934,ラッシュアウト,セ4,57,01096,大野拓弥,1:08.4,アタマ,2-2,34.2,20.4,7,438(-4),01127,[東]栗田徹,851009,岡田牧雄,,,,,,,,,,,,"4,10(6,11)(3,9)(2,1)13,12(5,8)7",2,1,1.5,False,"(*4,10,11)(6,3)(2,9)1(12,7,13,5)8",2,3,0.0,False,-14,稍重でスタートしたが、良馬場に変更され、前日とは逆に終盤の方が時計は出やすくなった。
201806040410,10,初風特別(2勝),芝,1200,曇,良,15:10,2018-09-16,中山,8,5,7,2012104509,アドマイヤスカイ,牡6,57,01075,田辺裕信,1:08.5,1/2,13-9,33.2,15.6,6,456(-6),01084,[西]梅田智之,398002,近藤利一,,,,,,,,,,,,"4,10(6,11)(3,9)(2,1)13,12(5,8)7",13,1,3.0,False,"(*4,10,11)(6,3)(2,9)1(12,7,13,5)8",9,4,0.0,False,-14,稍重でスタートしたが、良馬場に変更され、前日とは逆に終盤の方が時計は出やすくなった。
201806040410,10,初風特別(2勝),芝,1200,曇,良,15:10,2018-09-16,中山,9,8,12,2011104121,オトコギマサムネ,セ7,57,01046,高田潤,1:08.7,1.1/4,10-9,33.7,78.7,11,488(+2),01158,[西]寺島良,915008,塩澤正樹,,,,,,,,,,,,"4,10(6,11)(3,9)(2,1)13,12(5,8)7",10,1,3.0,False,"(*4,10,11)(6,3)(2,9)1(12,7,13,5)8",9,4,0.0,False,-14,稍重でスタートしたが、良馬場に変更され、前日とは逆に終盤の方が時計は出やすくなった。
201806040410,10,初風特別(2勝),芝,1200,曇,良,15:10,2018-09-16,中山,10,4,5,2015104815,ラストプリマドンナ,牝3,53,05386,戸崎圭太,1:08.9,1.1/2,11-9,33.8,2.8,1,432(+6),01114,[東]和田正一,506800,シルクレーシング,,,,,,,,,,,,"4,10(6,11)(3,9)(2,1)13,12(5,8)7",11,2,3.0,False,"(*4,10,11)(6,3)(2,9)1(12,7,13,5)8",9,4,0.0,False,-14,稍重でスタートしたが、良馬場に変更され、前日とは逆に終盤の方が時計は出やすくなった。
201806040410,10,初風特別(2勝),芝,1200,曇,良,15:10,2018-09-16,中山,11,8,13,2013106087,ジュンザワールド,牡5,57,01043,北村宏司,1:09.1,1,9-9,34.2,98.6,12,532(-6),01047,[東]勢司和浩,165033,河合純二,,,,,,,,,,,,"4,10(6,11)(3,9)(2,1)13,12(5,8)7",9,1,1.5,False,"(*4,10,11)(6,3)(2,9)1(12,7,13,5)8",9,4,0.0,False,-14,稍重でスタートしたが、良馬場に変更され、前日とは逆に終盤の方が時計は出やすくなった。
201806040410,10,初風特別(2勝),芝,1200,曇,良,15:10,2018-09-16,中山,12,6,8,2013103410,オフクヒメ,牝5,55,01112,荻野琢真,1:09.2,1/2,11-13,34.1,29.8,9,456(+6),01149,[西]松下武士,513008,山田裕仁,,,,,,,,,,,,"4,10(6,11)(3,9)(2,1)13,12(5,8)7",11,2,3.0,False,"(*4,10,11)(6,3)(2,9)1(12,7,13,5)8",13,1,0.0,False,-14,稍重でスタートしたが、良馬場に変更され、前日とは逆に終盤の方が時計は出やすくなった。
201806040410,10,初風特別(2勝),芝,1200,曇,良,15:10,2018-09-16,中山,13,6,9,2013104275,シェアード,牡5,57,01162,木幡巧也,1:09.2,アタマ,5-6,34.6,163.1,13,476(+2),01106,[東]牧光二,934006,伊東純一,,,,,,,,,,,,"4,10(6,11)(3,9)(2,1)13,12(5,8)7",5,2,1.5,False,"(*4,10,11)(6,3)(2,9)1(12,7,13,5)8",6,2,0.0,False,-14,稍重でスタートしたが、良馬場に変更され、前日とは逆に終盤の方が時計は出やすくなった。
201806040411,11,ラジオ日本賞(OP),ダ,1800,曇,良,15:45,2018-09-16,中山,1,6,6,2015103221,ヒラボクラターシュ,牡3,53,00422,内田博幸,1:51.4,,2-2-2-2,37.5,3.4,2,526(+4),01058,[西]大久保龍,984800,平田牧場,"2,219.6","5,6,8,9,3-7(2,4)-1",2,1,1.5,False,"5,6,8(3,9)-7,4,2-1",2,1,1.5,False,"(*5,6)8(3,9)(7,4)(2,1)",2,2,0.0,False,"(*5,6)8(3,9)4(7,1)2",2,2,0.0,False,-9,
201806040411,11,ラジオ日本賞(OP),ダ,1800,曇,良,15:45,2018-09-16,中山,2,1,1,2012100627,アングライフェン,牡6,56,01122,三浦皇成,1:51.6,1.1/4,9-9-8-7,36.8,15.1,5,474(-6),00438,[西]安田隆行,948006,前田幸治,885.6,"5,6,8,9,3-7(2,4)-1",9,1,13.0,False,"5,6,8(3,9)-7,4,2-1",9,1,13.0,False,"(*5,6)8(3,9)(7,4)(2,1)",8,2,0.0,False,"(*5,6)8(3,9)4(7,1)2",7,2,0.0,False,-9,
201806040411,11,ラジオ日本賞(OP),ダ,1800,曇,良,15:45,2018-09-16,中山,3,5,5,2013103671,ヨシオ,牡5,56,01025,勝浦正樹,1:51.6,クビ,1-1-1-1,37.8,4.0,3,478(+2),00427,[西]森秀行,990033,仲山誉志夫,552.8,"5,6,8,9,3-7(2,4)-1",1,1,0.0,False,"5,6,8(3,9)-7,4,2-1",1,1,0.0,False,"(*5,6)8(3,9)(7,4)(2,1)",1,2,0.0,True,"(*5,6)8(3,9)4(7,1)2",1,2,0.0,True,-9,
201806040411,11,ラジオ日本賞(OP),ダ,1800,曇,良,15:45,2018-09-16,中山,4,4,4,2013104246,クインズサターン,牡5,57,05386,戸崎圭太,1:51.8,1.1/4,7-7-6-6,37.2,2.3,1,476(-6),01098,[西]野中賢二,896800,クイーンズ・ランチ,330.0,"5,6,8,9,3-7(2,4)-1",7,2,9.5,False,"5,6,8(3,9)-7,4,2-1",7,1,8.0,False,"(*5,6)8(3,9)(7,4)(2,1)",6,2,0.0,False,"(*5,6)8(3,9)4(7,1)2",6,1,0.0,False,-9,
201806040411,11,ラジオ日本賞(OP),ダ,1800,曇,良,15:45,2018-09-16,中山,5,2,2,2012110100,ゴールデンバローズ,牡6,56,01077,石橋脩,1:52.4,3.1/2,7-8-8-9,37.5,19.4,6,536(0),01070,[東]堀宣行,859007,猪熊広次,220.0,"5,6,8,9,3-7(2,4)-1",7,2,9.5,False,"5,6,8(3,9)-7,4,2-1",8,1,9.5,False,"(*5,6)8(3,9)(7,4)(2,1)",8,2,0.0,False,"(*5,6)8(3,9)4(7,1)2",9,1,0.0,False,-9,
201806040411,11,ラジオ日本賞(OP),ダ,1800,曇,良,15:45,2018-09-16,中山,6,8,9,2012101018,アルタイル,牡6,58,00684,田中勝春,1:52.5,クビ,4-4-4-4,38.2,14.1,4,484(-4),01038,[東]手塚貴久,491030,藤田在子,,"5,6,8,9,3-7(2,4)-1",4,1,4.5,False,"5,6,8(3,9)-7,4,2-1",4,2,3.0,False,"(*5,6)8(3,9)(7,4)(2,1)",4,2,0.0,False,"(*5,6)8(3,9)4(7,1)2",4,2,0.0,False,-9,
201806040411,11,ラジオ日本賞(OP),ダ,1800,曇,良,15:45,2018-09-16,中山,7,3,3,2011102102,サクラルコール,牡7,56,01043,北村宏司,1:52.8,2,5-4-4-4,38.5,46.1,9,490(+2),01112,[東]田島俊明,019800,さくらコマース,,"5,6,8,9,3-7(2,4)-1",5,1,6.0,False,"5,6,8(3,9)-7,4,2-1",4,2,3.0,False,"(*5,6)8(3,9)(7,4)(2,1)",4,2,0.0,False,"(*5,6)8(3,9)4(7,1)2",4,2,0.0,False,-9,
201806040411,11,ラジオ日本賞(OP),ダ,1800,曇,良,15:45,2018-09-16,中山,8,8,8,2012104504,マイネルオフィール,牡6,56,01009,柴田大知,1:53.1,2,3-3-3-3,39.1,21.2,7,488(-18),01050,[西]飯田雄三,546800,サラブレッドクラブ・...,,"5,6,8,9,3-7(2,4)-1",3,1,3.0,False,"5,6,8(3,9)-7,4,2-1",3,1,3.0,False,"(*5,6)8(3,9)(7,4)(2,1)",3,1,0.0,False,"(*5,6)8(3,9)4(7,1)2",3,1,0.0,False,-9,
201806040411,11,ラジオ日本賞(OP),ダ,1800,曇,良,15:45,2018-09-16,中山,9,7,7,2011100405,ラテンロック,牡7,56,01075,田辺裕信,1:53.5,2.1/2,6-6-6-7,38.9,32.3,8,510(+18),01101,[西]吉田直弘,708800,金子真人ホールディン...,,"5,6,8,9,3-7(2,4)-1",6,1,9.5,False,"5,6,8(3,9)-7,4,2-1",6,1,6.5,False,"(*5,6)8(3,9)(7,4)(2,1)",6,2,0.0,False,"(*5,6)8(3,9)4(7,1)2",7,2,0.0,False,-9,
201806040412,12,3歳以上500万下,ダ,1200,曇,良,16:25,2018-09-16,中山,1,5,10,2013104429,ギンゴー,牡5,57,01135,杉原誠人,1:11.5,,2-2,36.6,53.5,12,498(+16),01089,[東]武市康男,629800,ミルファーム,750.0,,,,,,,,,,,"(*8,9,10)14(4,7)16(5,11)13-3,6(2,15)12-1",2,3,0.0,False,"(*8,9,10)14(4,7)(5,11,16)13,3(6,15)2,12-1",2,3,0.0,False,-9,
201806040412,12,3歳以上500万下,ダ,1200,曇,良,16:25,2018-09-16,中山,2,6,12,2014104487,トロピカルスパート,牝4,55,01077,石橋脩,1:12.0,3,15-15,35.8,3.5,2,490(+8),01134,[東]高橋文雅,598002,日向均,300.0,,,,,,,,,,,"(*8,9,10)14(4,7)16(5,11)13-3,6(2,15)12-1",15,1,5.0,False,"(*8,9,10)14(4,7)(5,11,16)13,3(6,15)2,12-1",15,1,3.0,False,-9,
201806040412,12,3歳以上500万下,ダ,1200,曇,良,16:25,2018-09-16,中山,3,1,1,2015103663,フレンドアリス,牝3,51,01161,菊沢一樹,1:12.0,クビ,16-16,35.4,37.9,11,444(0),00437,[東]南田美知,145030,横尾晴人,190.0,,,,,,,,,,,"(*8,9,10)14(4,7)16(5,11)13-3,6(2,15)12-1",16,1,8.5,False,"(*8,9,10)14(4,7)(5,11,16)13,3(6,15)2,12-1",16,1,6.5,False,-9,
201806040412,12,3歳以上500万下,ダ,1200,曇,良,16:25,2018-09-16,中山,4,4,7,2013102098,テンプルツリー,牝5,52,01173,山田敬士,1:12.1,3/4,5-5,37.0,18.1,6,460(+2),00341,[東]栗田博憲,849030,山口功一郎,110.0,,,,,,,,,,,"(*8,9,10)14(4,7)16(5,11)13-3,6(2,15)12-1",5,2,0.0,False,"(*8,9,10)14(4,7)(5,11,16)13,3(6,15)2,12-1",5,2,0.0,False,-9,
201806040412,12,3歳以上500万下,ダ,1200,曇,良,16:25,2018-09-16,中山,5,7,13,2013110101,アースコレクション,牡5,57,01150,石川裕紀,1:12.1,ハナ,10-10,36.7,23.8,8,522(+4),01103,[東]尾関知人,148800,グリーンファーム,75.0,,,,,,,,,,,"(*8,9,10)14(4,7)16(5,11)13-3,6(2,15)12-1",10,1,0.0,False,"(*8,9,10)14(4,7)(5,11,16)13,3(6,15)2,12-1",10,1,0.0,False,-9,
201806040412,12,3歳以上500万下,ダ,1200,曇,良,16:25,2018-09-16,中山,6,4,8,2014105525,レッドオリアナ,牝4,55,01096,大野拓弥,1:12.2,クビ,1-1,37.4,25.0,9,448(+16),01038,[東]手塚貴久,180800,東京ホースレーシング,,,,,,,,,,,,"(*8,9,10)14(4,7)16(5,11)13-3,6(2,15)12-1",1,3,0.0,True,"(*8,9,10)14(4,7)(5,11,16)13,3(6,15)2,12-1",1,3,0.0,True,-9,
201806040412,12,3歳以上500万下,ダ,1200,曇,良,16:25,2018-09-16,中山,7,7,14,2013104516,テンキセキ,牝5,54,01162,木幡巧也,1:12.2,クビ,4-4,37.2,35.7,10,484(0),01106,[東]牧光二,075006,天白泰司,,,,,,,,,,,,"(*8,9,10)14(4,7)16(5,11)13-3,6(2,15)12-1",4,1,0.0,False,"(*8,9,10)14(4,7)(5,11,16)13,3(6,15)2,12-1",4,1,0.0,False,-9,
201806040412,12,3歳以上500万下,ダ,1200,曇,良,16:25,2018-09-16,中山,8,2,4,2015102342,ブラウローゼット,牡3,55,01118,宮崎北斗,1:12.4,1.1/2,5-5,37.3,99.2,14,482(+2),01096,[東]粕谷昌央,030803,コスモヴューファーム,,,,,,,,,,,,"(*8,9,10)14(4,7)16(5,11)13-3,6(2,15)12-1",5,2,0.0,False,"(*8,9,10)14(4,7)(5,11,16)13,3(6,15)2,12-1",5,2,0.0,False,-9,
201806040412,12,3歳以上500万下,ダ,1200,曇,良,16:25,2018-09-16,中山,9,8,15,2014105601,トワードポラリス,セ4,57,05386,戸崎圭太,1:12.4,アタマ,13-12,36.3,9.7,4,460(-4),01152,[東]竹内正洋,758005,吉田照哉,,,,,,,,,,,,"(*8,9,10)14(4,7)16(5,11)13-3,6(2,15)12-1",13,2,5.0,False,"(*8,9,10)14(4,7)(5,11,16)13,3(6,15)2,12-1",12,2,1.5,False,-9,
201806040412,12,3歳以上500万下,ダ,1200,曇,良,16:25,2018-09-16,中山,10,1,2,2014100845,エルヴス,牝4,55,01108,的場勇人,1:12.6,3/4,13-14,36.5,185.1,15,478(+2),01063,[東]的場均,851009,岡田牧雄,,,,,,,,,,,,"(*8,9,10)14(4,7)16(5,11)13-3,6(2,15)12-1",13,2,5.0,False,"(*8,9,10)14(4,7)(5,11,16)13,3(6,15)2,12-1",14,1,1.5,False,-9,
201806040412,12,3歳以上500万下,ダ,1200,曇,良,16:25,2018-09-16,中山,11,5,9,2014110076,メダーリアフレイム,セ4,57,01122,三浦皇成,1:12.6,クビ,2-2,37.8,12.8,5,464(0),01023,[東]伊藤圭三,003060,ゴドルフィン,,,,,,,,,,,,"(*8,9,10)14(4,7)16(5,11)13-3,6(2,15)12-1",2,3,0.0,False,"(*8,9,10)14(4,7)(5,11,16)13,3(6,15)2,12-1",2,3,0.0,False,-9,
201806040412,12,3歳以上500万下,ダ,1200,曇,良,16:25,2018-09-16,中山,12,8,16,2014102640,ラヴタクティクス,牝4,55,01009,柴田大知,1:12.7,1/2,7-7,37.5,2.9,1,496(-6),01090,[東]天間昭一,851009,岡田牧雄,,,,,,,,,,,,"(*8,9,10)14(4,7)16(5,11)13-3,6(2,15)12-1",7,1,0.0,False,"(*8,9,10)14(4,7)(5,11,16)13,3(6,15)2,12-1",7,3,0.0,False,-9,
201806040412,12,3歳以上500万下,ダ,1200,曇,良,16:25,2018-09-16,中山,13,3,5,2014105604,ノットオンリー,セ4,56,01153,木幡初也,1:13.0,1.3/4,8-7,37.7,282.2,16,428(-18),01124,[東]大和田成,308033,久保田定,,,,,,,,,,,,"(*8,9,10)14(4,7)16(5,11)13-3,6(2,15)12-1",8,2,0.0,False,"(*8,9,10)14(4,7)(5,11,16)13,3(6,15)2,12-1",7,3,0.0,False,-9,
201806040412,12,3歳以上500万下,ダ,1200,曇,良,16:25,2018-09-16,中山,14,2,3,2015110005,カポラヴォーロ,牡3,55,01127,丸山元気,1:13.0,クビ,11-11,37.2,55.0,13,482(-4),00436,[東]堀井雅広,547800,ヒダカ・ブリーダーズ...,,,,,,,,,,,,"(*8,9,10)14(4,7)16(5,11)13-3,6(2,15)12-1",11,1,3.5,False,"(*8,9,10)14(4,7)(5,11,16)13,3(6,15)2,12-1",11,1,1.5,False,-9,
201806040412,12,3歳以上500万下,ダ,1200,曇,良,16:25,2018-09-16,中山,15,6,11,2015110007,オペラグローブ,牝3,53,01092,津村明秀,1:13.0,ハナ,8-7,37.7,6.2,3,488(+10),01162,[東]田中博康,091803,山紫水明,,,,,,,,,,,,"(*8,9,10)14(4,7)16(5,11)13-3,6(2,15)12-1",8,2,0.0,False,"(*8,9,10)14(4,7)(5,11,16)13,3(6,15)2,12-1",7,3,0.0,False,-9,
201806040412,12,3歳以上500万下,ダ,1200,曇,良,16:25,2018-09-16,中山,16,3,6,2014101498,ブランシュ,牝4,53,01164,藤田菜七,1:13.7,4,12-12,37.8,23.2,7,448(+14),01029,[東]根本康広,895800,Ｂａｓｉｃ,,,,,,,,,,,,"(*8,9,10)14(4,7)16(5,11)13-3,6(2,15)12-1",12,1,5.0,False,"(*8,9,10)14(4,7)(5,11,16)13,3(6,15)2,12-1",12,2,1.5,False,-9,
201809040401,1,2歳未勝利,ダ,1400,曇,稍重,09:55,2018-09-16,阪神,1,8,13,2016102749,ガンケン,牡2,54,01126,松山弘平,1:25.2,,2-2,38.0,3.1,2,508(-2),01073,[西]宮本博,370008,岡浩二,500.0,,,,,,,,,,,"(*4,9,13)-(2,10,7)-(1,5)11,3(12,8)=6",2,3,0.0,False,"(*4,9,13)2(10,7)1-(5,11,8)(12,3)-6",2,3,0.0,False,-7,
201809040401,1,2歳未勝利,ダ,1400,曇,稍重,09:55,2018-09-16,阪神,2,4,4,2016106253,レクスミノル,牡2,54,05339,ルメール,1:25.5,1.3/4,1-1,38.4,5.3,3,470(+2),01099,[西]本田優,265008,吉岡實,200.0,,,,,,,,,,,"(*4,9,13)-(2,10,7)-(1,5)11,3(12,8)=6",1,3,0.0,True,"(*4,9,13)2(10,7)1-(5,11,8)(12,3)-6",1,3,0.0,True,-7,
201809040401,1,2歳未勝利,ダ,1400,曇,稍重,09:55,2018-09-16,阪神,3,1,1,2016101026,グランプリワン,牡2,54,01116,藤岡康太,1:27.7,大,7-7,39.8,61.6,8,456(-14),01095,[西]荒川義之,204800,グランプリ,130.0,,,,,,,,,,,"(*4,9,13)-(2,10,7)-(1,5)11,3(12,8)=6",7,2,7.0,False,"(*4,9,13)2(10,7)1-(5,11,8)(12,3)-6",7,1,0.0,False,-7,
201809040401,1,2歳未勝利,ダ,1400,曇,稍重,09:55,2018-09-16,阪神,4,2,2,2016110096,ピースプレイヤー,牡2,54,01154,松若風馬,1:28.0,1.3/4,4-4,40.4,6.2,4,474(-4),01117,[西]高野友和,994002,飯田正剛,75.0,,,,,,,,,,,"(*4,9,13)-(2,10,7)-(1,5)11,3(12,8)=6",4,3,3.5,False,"(*4,9,13)2(10,7)1-(5,11,8)(12,3)-6",4,1,0.0,False,-7,
201809040401,1,2歳未勝利,ダ,1400,曇,稍重,09:55,2018-09-16,阪神,5,6,8,2016101979,ゼッケイ,牡2,54,05212,Ｍ．デム,1:28.1,1/2,11-8,39.6,3.0,1,470(-2),01148,[西]西村真幸,302800,辻牧場,50.0,,,,,,,,,,,"(*4,9,13)-(2,10,7)-(1,5)11,3(12,8)=6",11,2,8.5,False,"(*4,9,13)2(10,7)1-(5,11,8)(12,3)-6",8,3,3.5,False,-7,
201809040401,1,2歳未勝利,ダ,1400,曇,稍重,09:55,2018-09-16,阪神,6,6,9,2016106504,メイショウイギョク,牡2,53,01166,川又賢治,1:28.3,1,2-2,41.1,16.8,6,468(+2),00356,[西]坂口正則,523005,松本好雄,,,,,,,,,,,,"(*4,9,13)-(2,10,7)-(1,5)11,3(12,8)=6",2,3,0.0,False,"(*4,9,13)2(10,7)1-(5,11,8)(12,3)-6",2,3,0.0,False,-7,
201809040401,1,2歳未勝利,ダ,1400,曇,稍重,09:55,2018-09-16,阪神,7,7,10,2016105975,カモンビューティー,牝2,52,01168,富田暁,1:28.3,クビ,4-5,40.7,15.5,5,430(-6),01161,[西]武英智,747033,中野秀樹,,,,,,,,,,,,"(*4,9,13)-(2,10,7)-(1,5)11,3(12,8)=6",4,3,3.5,False,"(*4,9,13)2(10,7)1-(5,11,8)(12,3)-6",5,2,0.0,False,-7,
201809040401,1,2歳未勝利,ダ,1400,曇,稍重,09:55,2018-09-16,阪神,8,7,11,2016109040,ブルベアアルジェン,牡2,54,01157,鮫島克駿,1:28.3,ハナ,9-8,40.0,110.7,10,514(+6),01003,[西]川村禎彦,843800,ブルアンドベア,,,,,,,,,,,,"(*4,9,13)-(2,10,7)-(1,5)11,3(12,8)=6",9,1,7.0,False,"(*4,9,13)2(10,7)1-(5,11,8)(12,3)-6",8,3,3.5,False,-7,
201809040401,1,2歳未勝利,ダ,1400,曇,稍重,09:55,2018-09-16,阪神,9,5,6,2016101400,アサケボス,牡2,54,00652,熊沢重文,1:28.3,クビ,13-13,38.8,202.6,13,442(-2),01065,[西]大橋勇樹,464009,大橋堯,,,,,,,,,,,,"(*4,9,13)-(2,10,7)-(1,5)11,3(12,8)=6",13,1,14.5,False,"(*4,9,13)2(10,7)1-(5,11,8)(12,3)-6",13,1,7.0,False,-7,
201809040401,1,2歳未勝利,ダ,1400,曇,稍重,09:55,2018-09-16,阪神,10,3,3,2016100817,オーミサルーテ,牡2,53,01155,義英真,1:28.5,1.1/4,10-11,40.0,150.3,12,464(0),00365,[西]崎山博樹,288009,岩崎僖澄,,,,,,,,,,,,"(*4,9,13)-(2,10,7)-(1,5)11,3(12,8)=6",10,1,8.5,False,"(*4,9,13)2(10,7)1-(5,11,8)(12,3)-6",11,2,3.5,False,-7,
201809040401,1,2歳未勝利,ダ,1400,曇,稍重,09:55,2018-09-16,阪神,11,4,5,2016105937,イズジョークラウン,牡2,54,01019,秋山真一,1:28.9,2.1/2,7-8,40.8,36.8,7,466(+6),00419,[西]松元茂樹,897030,泉一郎,,,,,,,,,,,,"(*4,9,13)-(2,10,7)-(1,5)11,3(12,8)=6",7,2,7.0,False,"(*4,9,13)2(10,7)1-(5,11,8)(12,3)-6",8,3,3.5,False,-7,
201809040401,1,2歳未勝利,ダ,1400,曇,稍重,09:55,2018-09-16,阪神,12,8,12,2016100012,クニサキミッチイ,牝2,54,01034,酒井学,1:29.2,1.3/4,11-11,40.7,146.3,11,436(+2),00434,[西]西橋豊治,629008,國島周夫,,,,,,,,,,,,"(*4,9,13)-(2,10,7)-(1,5)11,3(12,8)=6",11,2,8.5,False,"(*4,9,13)2(10,7)1-(5,11,8)(12,3)-6",11,2,3.5,False,-7,
201809040401,1,2歳未勝利,ダ,1400,曇,稍重,09:55,2018-09-16,阪神,13,5,7,2016101073,コパノサンデー,セ2,54,01152,小崎綾也,1:29.4,1.1/4,4-5,41.8,110.7,9,420(-16),01107,[西]村山明,304033,小林照弘,,,,,,,,,,,,"(*4,9,13)-(2,10,7)-(1,5)11,3(12,8)=6",4,3,3.5,False,"(*4,9,13)2(10,7)1-(5,11,8)(12,3)-6",5,2,0.0,False,-7,
201809040402,2,2歳未勝利,ダ,1800,曇,稍重,10:25,2018-09-16,阪神,1,8,9,2016101719,マルブツメロディー,牝2,54,01034,酒井学,1:54.6,,3-3-3-3,38.2,8.7,3,498(0),00425,[西]加用正,382033,大澤利久,500.0,"(*3,6)(4,9,8)-2-(1,7,5)",3,3,0.0,False,"(*3,6)(4,9,8)-2(1,5)7",3,3,0.0,False,"(3,*6)(4,9,8)1(2,5)=7",3,3,0.0,False,"(3,*6)9-8(4,1)-(2,5)=7",3,1,0.0,False,-7,
201809040402,2,2歳未勝利,ダ,1800,曇,稍重,10:25,2018-09-16,阪神,2,6,6,2016106245,カルロスミノル,牡2,54,01018,和田竜二,1:55.0,2.1/2,2-2-1-1,38.9,1.8,1,472(+4),01078,[西]北出成人,265008,吉岡實,200.0,"(*3,6)(4,9,8)-2-(1,7,5)",2,2,0.0,False,"(*3,6)(4,9,8)-2(1,5)7",2,2,0.0,False,"(3,*6)(4,9,8)1(2,5)=7",1,2,0.0,True,"(3,*6)9-8(4,1)-(2,5)=7",1,2,0.0,True,-7,
201809040402,2,2歳未勝利,ダ,1800,曇,稍重,10:25,2018-09-16,阪神,3,1,1,2016101752,タイセイレオーネ,牡2,54,01037,太宰啓介,1:56.6,10,7-7-6-5,39.9,26.4,5,460(-6),01149,[西]松下武士,224007,田中成奉,130.0,"(*3,6)(4,9,8)-2-(1,7,5)",7,3,7.0,False,"(*3,6)(4,9,8)-2(1,5)7",7,2,3.5,False,"(3,*6)(4,9,8)1(2,5)=7",6,1,0.0,False,"(3,*6)9-8(4,1)-(2,5)=7",5,2,3.5,False,-7,
201809040402,2,2歳未勝利,ダ,1800,曇,稍重,10:25,2018-09-16,阪神,4,4,4,2016104210,イマジンラヴ,牡2,54,01128,川須栄彦,1:57.0,2.1/2,3-3-3-5,40.4,36.3,7,486(+2),01084,[西]梅田智之,768006,薪浦亨,75.0,"(*3,6)(4,9,8)-2-(1,7,5)",3,3,0.0,False,"(*3,6)(4,9,8)-2(1,5)7",3,3,0.0,False,"(3,*6)(4,9,8)1(2,5)=7",3,3,0.0,False,"(3,*6)9-8(4,1)-(2,5)=7",5,2,3.5,False,-7,
201809040402,2,2歳未勝利,ダ,1800,曇,稍重,10:25,2018-09-16,阪神,5,3,3,2016103321,レルシュタープ,牡2,54,01014,福永祐一,1:57.9,5,1-1-2-2,41.8,2.8,2,448(0),01101,[西]吉田直弘,482002,水上行雄,50.0,"(*3,6)(4,9,8)-2-(1,7,5)",1,2,0.0,True,"(*3,6)(4,9,8)-2(1,5)7",1,2,0.0,True,"(3,*6)(4,9,8)1(2,5)=7",2,2,0.0,False,"(3,*6)9-8(4,1)-(2,5)=7",2,2,0.0,False,-7,
201809040402,2,2歳未勝利,ダ,1800,曇,稍重,10:25,2018-09-16,阪神,6,8,8,2016101744,デスティニープラン,牡2,53,01166,川又賢治,1:58.7,5,3-3-3-4,42.3,17.0,4,444(+6),00419,[西]松元茂樹,372008,三宅勝俊,,"(*3,6)(4,9,8)-2-(1,7,5)",3,3,0.0,False,"(*3,6)(4,9,8)-2(1,5)7",3,3,0.0,False,"(3,*6)(4,9,8)1(2,5)=7",3,3,0.0,False,"(3,*6)9-8(4,1)-(2,5)=7",4,1,3.5,False,-7,
201809040402,2,2歳未勝利,ダ,1800,曇,稍重,10:25,2018-09-16,阪神,7,5,5,2016102305,メイショウミチノク,牝2,51,01171,西村淳也,1:58.9,1.1/4,7-7-7-7,42.0,31.9,6,474(+12),01136,[西]高橋亮,523005,松本好雄,,"(*3,6)(4,9,8)-2-(1,7,5)",7,3,7.0,False,"(*3,6)(4,9,8)-2(1,5)7",7,2,3.5,False,"(3,*6)(4,9,8)1(2,5)=7",7,2,0.0,False,"(3,*6)9-8(4,1)-(2,5)=7",7,2,7.0,False,-7,
201809040402,2,2歳未勝利,ダ,1800,曇,稍重,10:25,2018-09-16,阪神,8,2,2,2016100830,ブルベアコローレ,牡2,53,01156,加藤祥太,2:00.2,8,6-6-7-7,43.3,80.3,9,486(+6),01041,[西]藤沢則雄,843800,ブルアンドベア,,"(*3,6)(4,9,8)-2-(1,7,5)",6,1,3.5,False,"(*3,6)(4,9,8)-2(1,5)7",6,1,3.5,False,"(3,*6)(4,9,8)1(2,5)=7",7,2,0.0,False,"(3,*6)9-8(4,1)-(2,5)=7",7,2,7.0,False,-7,
201809040402,2,2歳未勝利,ダ,1800,曇,稍重,10:25,2018-09-16,阪神,9,7,7,2016102018,ブルベアマローネ,牡2,54,00732,幸英明,2:05.1,大,7-9-9-9,46.7,48.1,8,474(+6),00378,[西]沖芳夫,843800,ブルアンドベア,,"(*3,6)(4,9,8)-2-(1,7,5)",7,3,7.0,False,"(*3,6)(4,9,8)-2(1,5)7",9,1,3.5,False,"(3,*6)(4,9,8)1(2,5)=7",9,1,6.0,False,"(3,*6)9-8(4,1)-(2,5)=7",9,1,13.0,False,-7,
201809040403,3,2歳未勝利,芝,1600,曇,良,10:55,2018-09-16,阪神,1,7,7,2016104867,ダノンファンタジー,牝2,54,01088,川田将雅,1:35.9,,4-3,34.4,1.3,1,460(+18),01137,[西]中内田充,619800,ダノックス,500.0,,,,,,,,,,,"8(1,9)7(3,2)6,4,5",4,1,0.0,False,"(*8,9)(1,7)(3,2,6)(4,5)",3,2,0.0,False,-8,前日よりも馬場は乾いて、速い時計の出る馬場。
201809040403,3,2歳未勝利,芝,1600,曇,良,10:55,2018-09-16,阪神,2,5,5,2016100555,レッドヴィータ,牝2,54,00660,横山典弘,1:36.2,2,9-8,34.2,9.2,3,448(0),01044,[西]昆貢,358031,紅露純,200.0,,,,,,,,,,,"8(1,9)7(3,2)6,4,5",9,1,3.0,False,"(*8,9)(1,7)(3,2,6)(4,5)",8,2,0.0,False,-8,前日よりも馬場は乾いて、速い時計の出る馬場。
201809040403,3,2歳未勝利,芝,1600,曇,良,10:55,2018-09-16,阪神,3,2,2,2016105969,ハミングデイズ,牝2,54,05339,ルメール,1:36.3,1/2,5-5,34.6,6.2,2,452(-2),01129,[西]高橋義忠,669007,飯田良枝,130.0,,,,,,,,,,,"8(1,9)7(3,2)6,4,5",5,2,0.0,False,"(*8,9)(1,7)(3,2,6)(4,5)",5,3,0.0,False,-8,前日よりも馬場は乾いて、速い時計の出る馬場。
201809040403,3,2歳未勝利,芝,1600,曇,良,10:55,2018-09-16,阪神,4,4,4,2016106417,セラールネイジュ,牝2,54,01032,池添謙一,1:36.6,1.3/4,8-8,34.6,87.7,7,432(+2),01160,[西]武幸四郎,065803,ニューワールドレーシ...,75.0,,,,,,,,,,,"8(1,9)7(3,2)6,4,5",8,1,1.5,False,"(*8,9)(1,7)(3,2,6)(4,5)",8,2,0.0,False,-8,前日よりも馬場は乾いて、速い時計の出る馬場。
201809040403,3,2歳未勝利,芝,1600,曇,良,10:55,2018-09-16,阪神,5,8,9,2016105365,サニーバレット,牝2,54,01014,福永祐一,1:36.9,2,2-2,35.7,60.5,6,468(-4),01091,[西]羽月友彦,547033,菅原広隆,50.0,,,,,,,,,,,"8(1,9)7(3,2)6,4,5",2,2,0.0,False,"(*8,9)(1,7)(3,2,6)(4,5)",2,2,0.0,False,-8,前日よりも馬場は乾いて、速い時計の出る馬場。
201809040403,3,2歳未勝利,芝,1600,曇,良,10:55,2018-09-16,阪神,6,1,1,2016105972,オレンジオレンジ,牝2,54,05212,Ｍ．デム,1:37.0,1/2,2-3,35.5,11.7,4,458(-2),01082,[西]平田修,669007,飯田良枝,,,,,,,,,,,,"8(1,9)7(3,2)6,4,5",2,2,0.0,False,"(*8,9)(1,7)(3,2,6)(4,5)",3,2,0.0,False,-8,前日よりも馬場は乾いて、速い時計の出る馬場。
201809040403,3,2歳未勝利,芝,1600,曇,良,10:55,2018-09-16,阪神,7,6,6,2016100257,ウインドルチェ,牝2,53,01160,荻野極,1:37.0,ハナ,7-5,35.4,167.4,9,436(-6),01101,[西]吉田直弘,494800,ウイン,,,,,,,,,,,,"8(1,9)7(3,2)6,4,5",7,1,0.0,False,"(*8,9)(1,7)(3,2,6)(4,5)",5,3,0.0,False,-8,前日よりも馬場は乾いて、速い時計の出る馬場。
201809040403,3,2歳未勝利,芝,1600,曇,良,10:55,2018-09-16,阪神,8,3,3,2016104865,ブールバール,牝2,54,01018,和田竜二,1:37.2,1.1/4,5-5,35.5,15.3,5,436(+12),01058,[西]大久保龍,866006,寺田寿男,,,,,,,,,,,,"8(1,9)7(3,2)6,4,5",5,2,0.0,False,"(*8,9)(1,7)(3,2,6)(4,5)",5,3,0.0,False,-8,前日よりも馬場は乾いて、速い時計の出る馬場。
201809040403,3,2歳未勝利,芝,1600,曇,良,10:55,2018-09-16,阪神,9,8,8,2016103762,ミスアニバーサリー,牝2,54,01115,浜中俊,1:38.9,大,1-1,37.7,148.4,8,466(-2),01110,[西]清水久詞,011008,平田修,,,,,,,,,,,,"8(1,9)7(3,2)6,4,5",1,1,0.0,False,"(*8,9)(1,7)(3,2,6)(4,5)",1,2,0.0,True,-8,前日よりも馬場は乾いて、速い時計の出る馬場。
201809040404,4,3歳未勝利,ダ,1800,晴,稍重,11:25,2018-09-16,阪神,1,3,5,2015103329,ジューングラスミー,牡3,56,01014,福永祐一,1:53.8,,4-4-3-2,37.8,7.1,3,500(-2),01130,[西]吉村圭司,017803,吉川潤,500.0,"(*12,6,14)5(4,3,9)(1,16)(2,10)15,7,8-11=13",4,1,0.0,False,"12(6,14)(4,3,5)(1,9)16(2,10)15-7,8-11=13",4,3,0.0,False,"12,14,5(6,3)(9,16)(1,10,7)8,15=2(4,11)=13",3,1,3.0,False,"(12,*14,5)7,3(9,8)1(6,15)(10,16)=11-2=4=13",2,3,0.0,False,-7,
201809040404,4,3歳未勝利,ダ,1800,晴,稍重,11:25,2018-09-16,阪神,2,7,14,2015103001,ビッグウェーブ,牡3,56,01088,川田将雅,1:54.4,3.1/2,2-2-2-1,38.6,2.6,1,476(0),01028,[西]西園正都,051803,ＫＴレーシング,200.0,"(*12,6,14)5(4,3,9)(1,16)(2,10)15,7,8-11=13",2,3,0.0,False,"12(6,14)(4,3,5)(1,9)16(2,10)15-7,8-11=13",2,2,0.0,False,"12,14,5(6,3)(9,16)(1,10,7)8,15=2(4,11)=13",2,1,1.5,False,"(12,*14,5)7,3(9,8)1(6,15)(10,16)=11-2=4=13",1,3,0.0,True,-7,
201809040404,4,3歳未勝利,ダ,1800,晴,稍重,11:25,2018-09-16,阪神,3,8,15,2015100139,メイショウヤシチ,牡3,56,01144,菱田裕二,1:54.6,1.1/4,12-12-12-9,37.9,13.0,7,474(0),01021,[西]池添兼雄,523005,松本好雄,130.0,"(*12,6,14)5(4,3,9)(1,16)(2,10)15,7,8-11=13",12,1,0.0,False,"12(6,14)(4,3,5)(1,9)16(2,10)15-7,8-11=13",12,1,0.0,False,"12,14,5(6,3)(9,16)(1,10,7)8,15=2(4,11)=13",12,1,4.5,False,"(12,*14,5)7,3(9,8)1(6,15)(10,16)=11-2=4=13",9,2,1.5,False,-7,
201809040404,4,3歳未勝利,ダ,1800,晴,稍重,11:25,2018-09-16,阪神,4,4,7,2015100833,ランドヘルメース,牡3,56,05212,Ｍ．デム,1:54.9,1.3/4,13-13-8-4,38.6,3.2,2,488(-6),01042,[西]安達昭夫,862009,木村昌三,75.0,"(*12,6,14)5(4,3,9)(1,16)(2,10)15,7,8-11=13",13,1,1.5,False,"12(6,14)(4,3,5)(1,9)16(2,10)15-7,8-11=13",13,1,3.5,False,"12,14,5(6,3)(9,16)(1,10,7)8,15=2(4,11)=13",8,3,3.0,False,"(12,*14,5)7,3(9,8)1(6,15)(10,16)=11-2=4=13",4,1,0.0,False,-7,
201809040404,4,3歳未勝利,ダ,1800,晴,稍重,11:25,2018-09-16,阪神,5,4,8,2015100628,ラティーノヒート,牡3,56,00732,幸英明,1:55.8,5,14-14-11-6,39.2,11.6,4,520(+2),01073,[西]宮本博,041002,前田晋二,50.0,"(*12,6,14)5(4,3,9)(1,16)(2,10)15,7,8-11=13",14,1,3.0,False,"12(6,14)(4,3,5)(1,9)16(2,10)15-7,8-11=13",14,1,5.0,False,"12,14,5(6,3)(9,16)(1,10,7)8,15=2(4,11)=13",11,1,3.0,False,"(12,*14,5)7,3(9,8)1(6,15)(10,16)=11-2=4=13",6,2,1.5,False,-7,
201809040404,4,3歳未勝利,ダ,1800,晴,稍重,11:25,2018-09-16,阪神,6,2,3,2015101567,ターコイズ,牝3,54,01018,和田竜二,1:55.8,アタマ,5-4-4-5,39.6,12.4,5,502(0),01028,[西]西園正都,003060,ゴドルフィン,,"(*12,6,14)5(4,3,9)(1,16)(2,10)15,7,8-11=13",5,3,0.0,False,"12(6,14)(4,3,5)(1,9)16(2,10)15-7,8-11=13",4,3,0.0,False,"12,14,5(6,3)(9,16)(1,10,7)8,15=2(4,11)=13",4,2,3.0,False,"(12,*14,5)7,3(9,8)1(6,15)(10,16)=11-2=4=13",5,1,1.5,False,-7,
201809040404,4,3歳未勝利,ダ,1800,晴,稍重,11:25,2018-09-16,阪神,7,1,1,2015105370,バトルチャンプ,牡3,56,01138,藤懸貴志,1:56.2,2.1/2,8-7-8-8,39.8,215.2,15,438(-2),01091,[西]羽月友彦,786006,増山武志,,"(*12,6,14)5(4,3,9)(1,16)(2,10)15,7,8-11=13",8,2,0.0,False,"12(6,14)(4,3,5)(1,9)16(2,10)15-7,8-11=13",7,2,0.0,False,"12,14,5(6,3)(9,16)(1,10,7)8,15=2(4,11)=13",8,3,3.0,False,"(12,*14,5)7,3(9,8)1(6,15)(10,16)=11-2=4=13",8,1,1.5,False,-7,
201809040404,4,3歳未勝利,ダ,1800,晴,稍重,11:25,2018-09-16,阪神,8,6,12,2015104341,アエラス,牡3,56,01141,中井裕二,1:56.5,2,1-1-1-2,40.7,109.0,12,470(-4),00438,[西]安田隆行,721008,久保博文,,"(*12,6,14)5(4,3,9)(1,16)(2,10)15,7,8-11=13",1,3,0.0,True,"12(6,14)(4,3,5)(1,9)16(2,10)15-7,8-11=13",1,1,0.0,False,"12,14,5(6,3)(9,16)(1,10,7)8,15=2(4,11)=13",1,1,0.0,False,"(12,*14,5)7,3(9,8)1(6,15)(10,16)=11-2=4=13",2,3,0.0,False,-7,
201809040404,4,3歳未勝利,ダ,1800,晴,稍重,11:25,2018-09-16,阪神,9,6,11,2015104808,アンジェロッティ,牡3,55,01160,荻野極,1:57.1,3.1/2,15-15-14-13,39.3,83.3,10,418(-2),01105,[西]須貝尚介,226800,サンデーレーシング,,"(*12,6,14)5(4,3,9)(1,16)(2,10)15,7,8-11=13",15,1,6.5,False,"12(6,14)(4,3,5)(1,9)16(2,10)15-7,8-11=13",15,1,8.5,False,"12,14,5(6,3)(9,16)(1,10,7)8,15=2(4,11)=13",14,2,10.5,False,"(12,*14,5)7,3(9,8)1(6,15)(10,16)=11-2=4=13",13,1,7.5,False,-7,
201809040404,4,3歳未勝利,ダ,1800,晴,稍重,11:25,2018-09-16,阪神,10,5,10,2015103998,トーアプリンセス,牝3,53,01155,義英真,1:58.1,6,10-10-8-11,41.4,46.6,9,444(-14),01123,[西]牧田和弥,784800,高山ランド,,"(*12,6,14)5(4,3,9)(1,16)(2,10)15,7,8-11=13",10,2,0.0,False,"12(6,14)(4,3,5)(1,9)16(2,10)15-7,8-11=13",10,2,0.0,False,"12,14,5(6,3)(9,16)(1,10,7)8,15=2(4,11)=13",8,3,3.0,False,"(12,*14,5)7,3(9,8)1(6,15)(10,16)=11-2=4=13",11,2,1.5,False,-7,
201809040404,4,3歳未勝利,ダ,1800,晴,稍重,11:25,2018-09-16,阪神,11,3,6,2015100582,ヤマニンフレッチェ,牡3,56,05429,岡田祥嗣,1:58.1,クビ,2-2-4-9,41.8,131.2,14,498(+5),01151,[西]斉藤崇史,329004,土井肇,,"(*12,6,14)5(4,3,9)(1,16)(2,10)15,7,8-11=13",2,3,0.0,False,"12(6,14)(4,3,5)(1,9)16(2,10)15-7,8-11=13",2,2,0.0,False,"12,14,5(6,3)(9,16)(1,10,7)8,15=2(4,11)=13",4,2,3.0,False,"(12,*14,5)7,3(9,8)1(6,15)(10,16)=11-2=4=13",9,2,1.5,False,-7,
201809040404,4,3歳未勝利,ダ,1800,晴,稍重,11:25,2018-09-16,阪神,12,5,9,2015100817,オーミティグリス,牡3,56,01062,川島信二,1:58.9,5,5-7-6-6,42.6,123.8,13,498(+2),01018,[西]宮徹,288009,岩崎僖澄,,"(*12,6,14)5(4,3,9)(1,16)(2,10)15,7,8-11=13",5,3,0.0,False,"12(6,14)(4,3,5)(1,9)16(2,10)15-7,8-11=13",7,2,0.0,False,"12,14,5(6,3)(9,16)(1,10,7)8,15=2(4,11)=13",6,2,3.0,False,"(12,*14,5)7,3(9,8)1(6,15)(10,16)=11-2=4=13",6,2,1.5,False,-7,
201809040404,4,3歳未勝利,ダ,1800,晴,稍重,11:25,2018-09-16,阪神,13,2,4,2015105504,ヴェールレガロ,牡3,56,01128,川須栄彦,2:00.3,9,5-4-14-15,41.7,12.9,6,492(0),01123,[西]牧田和弥,616030,水谷昌晃,,"(*12,6,14)5(4,3,9)(1,16)(2,10)15,7,8-11=13",5,3,0.0,False,"12(6,14)(4,3,5)(1,9)16(2,10)15-7,8-11=13",4,3,0.0,False,"12,14,5(6,3)(9,16)(1,10,7)8,15=2(4,11)=13",14,2,10.5,False,"(12,*14,5)7,3(9,8)1(6,15)(10,16)=11-2=4=13",15,1,17.0,False,-7,
201809040404,4,3歳未勝利,ダ,1800,晴,稍重,11:25,2018-09-16,阪神,14,8,16,2015104125,アナザーパラダイス,牝3,52,01168,富田暁,2:01.2,5,8-9-6-11,44.7,39.1,8,488(+2),01110,[西]清水久詞,231033,吉田晴哉,,"(*12,6,14)5(4,3,9)(1,16)(2,10)15,7,8-11=13",8,2,0.0,False,"12(6,14)(4,3,5)(1,9)16(2,10)15-7,8-11=13",9,1,0.0,False,"12,14,5(6,3)(9,16)(1,10,7)8,15=2(4,11)=13",6,2,3.0,False,"(12,*14,5)7,3(9,8)1(6,15)(10,16)=11-2=4=13",11,2,1.5,False,-7,
201809040404,4,3歳未勝利,ダ,1800,晴,稍重,11:25,2018-09-16,阪神,15,1,2,2015103338,イチザクイーン,牝3,54,01125,国分優作,2:01.2,クビ,10-10-13-14,43.4,429.1,16,434(-14),01040,[西]服部利之,610006,奈良崎孝一郎,,"(*12,6,14)5(4,3,9)(1,16)(2,10)15,7,8-11=13",10,2,0.0,False,"12(6,14)(4,3,5)(1,9)16(2,10)15-7,8-11=13",10,2,0.0,False,"12,14,5(6,3)(9,16)(1,10,7)8,15=2(4,11)=13",13,1,10.5,False,"(12,*14,5)7,3(9,8)1(6,15)(10,16)=11-2=4=13",14,1,11.0,False,-7,
201809040404,4,3歳未勝利,ダ,1800,晴,稍重,11:25,2018-09-16,阪神,16,7,13,2015101405,ホワイトウォッシュ,セ3,56,01034,酒井学,2:02.1,5,16-16-16-16,41.1,87.4,11,480(0),01028,[西]西園正都,041008,下河邉行雄,,"(*12,6,14)5(4,3,9)(1,16)(2,10)15,7,8-11=13",16,1,12.5,False,"12(6,14)(4,3,5)(1,9)16(2,10)15-7,8-11=13",16,1,14.5,False,"12,14,5(6,3)(9,16)(1,10,7)8,15=2(4,11)=13",16,1,16.5,False,"(12,*14,5)7,3(9,8)1(6,15)(10,16)=11-2=4=13",16,1,23.0,False,-7,
201809040405,5,2歳新馬,芝,1800,晴,良,12:15,2018-09-16,阪神,1,8,9,2016103046,ルモンド,牡2,54,01088,川田将雅,1:50.9,,4-3,34.9,1.8,1,456(0),01137,[西]中内田充,091803,山紫水明,700.0,,,,,,,,,,,"(*1,8)-6,9(5,2)(7,3)4",4,1,5.0,False,"(1,*8)(9,2)(6,7)3(5,4)",3,2,0.0,False,-9,前日よりも馬場は乾いて、速い時計の出る馬場。
201809040405,5,2歳新馬,芝,1800,晴,良,12:15,2018-09-16,阪神,2,7,7,2016106362,ヒロシゲヨッシー,牡2,54,01018,和田竜二,1:51.1,1.1/4,7-5,34.9,10.2,4,426(0),01078,[西]北出成人,287033,吉岡隆,280.0,,,,,,,,,,,"(*1,8)-6,9(5,2)(7,3)4",7,2,5.0,False,"(1,*8)(9,2)(6,7)3(5,4)",5,2,0.0,False,-9,前日よりも馬場は乾いて、速い時計の出る馬場。
201809040405,5,2歳新馬,芝,1800,晴,良,12:15,2018-09-16,阪神,3,4,4,2016104722,ハリスホーク,牡2,54,00732,幸英明,1:51.3,1.1/4,9-8,34.8,9.0,3,548(0),01081,[東]中川公成,506800,シルクレーシング,180.0,,,,,,,,,,,"(*1,8)-6,9(5,2)(7,3)4",9,1,5.0,False,"(1,*8)(9,2)(6,7)3(5,4)",8,2,0.0,False,-9,前日よりも馬場は乾いて、速い時計の出る馬場。
201809040405,5,2歳新馬,芝,1800,晴,良,12:15,2018-09-16,阪神,4,2,2,2016104682,フランクリン,牡2,54,05339,ルメール,1:51.7,2.1/2,5-3,35.6,3.0,2,482(0),01002,[西]音無秀孝,372006,近藤英子,110.0,,,,,,,,,,,"(*1,8)-6,9(5,2)(7,3)4",5,2,5.0,False,"(1,*8)(9,2)(6,7)3(5,4)",3,2,0.0,False,-9,前日よりも馬場は乾いて、速い時計の出る馬場。
201809040405,5,2歳新馬,芝,1800,晴,良,12:15,2018-09-16,阪神,5,8,8,2016105970,ケイツーテソーロ,牡2,54,01093,藤岡佑介,1:51.7,クビ,2-1,35.8,51.4,6,490(0),01075,[西]矢作芳人,089803,了徳寺健二ホールディ...,70.0,,,,,,,,,,,"(*1,8)-6,9(5,2)(7,3)4",2,2,0.0,False,"(1,*8)(9,2)(6,7)3(5,4)",1,2,0.0,True,-9,前日よりも馬場は乾いて、速い時計の出る馬場。
201809040405,5,2歳新馬,芝,1800,晴,良,12:15,2018-09-16,阪神,6,1,1,2016105762,メドック,牡2,54,01126,松山弘平,1:51.8,1/2,1-2,35.9,12.2,5,506(0),01144,[西]池添学,045803,カナヤマホールディン...,,,,,,,,,,,,"(*1,8)-6,9(5,2)(7,3)4",1,2,0.0,True,"(1,*8)(9,2)(6,7)3(5,4)",2,2,0.0,False,-9,前日よりも馬場は乾いて、速い時計の出る馬場。
201809040405,5,2歳新馬,芝,1800,晴,良,12:15,2018-09-16,阪神,7,6,6,2016105511,オプタートゥム,牝2,53,01156,加藤祥太,1:51.9,1/2,3-5,35.7,296.2,9,418(0),01006,[西]作田誠二,335006,田上雅春,,,,,,,,,,,,"(*1,8)-6,9(5,2)(7,3)4",3,1,3.5,False,"(1,*8)(9,2)(6,7)3(5,4)",5,2,0.0,False,-9,前日よりも馬場は乾いて、速い時計の出る馬場。
201809040405,5,2歳新馬,芝,1800,晴,良,12:15,2018-09-16,阪神,8,5,5,2016100006,ヒリュウコウスイ,牡2,54,01099,鮫島良太,1:52.0,1/2,5-8,35.6,101.2,7,484(0),00434,[西]西橋豊治,254033,西本資史,,,,,,,,,,,,"(*1,8)-6,9(5,2)(7,3)4",5,2,5.0,False,"(1,*8)(9,2)(6,7)3(5,4)",8,2,0.0,False,-9,前日よりも馬場は乾いて、速い時計の出る馬場。
201809040405,5,2歳新馬,芝,1800,晴,良,12:15,2018-09-16,阪神,9,3,3,2016103962,ヴィント,牡2,54,01036,竹之下智,1:52.1,3/4,7-7,35.8,278.0,8,532(0),01120,[西]千田輝彦,055803,平山靖,,,,,,,,,,,,"(*1,8)-6,9(5,2)(7,3)4",7,2,5.0,False,"(1,*8)(9,2)(6,7)3(5,4)",7,1,0.0,False,-9,前日よりも馬場は乾いて、速い時計の出る馬場。
201809040406,6,3歳以上500万下,ダ,1400,晴,稍重,12:45,2018-09-16,阪神,1,2,4,2015103400,オペラアクター,牡3,53,01168,富田暁,1:24.5,,1-1,37.5,6.9,4,416(-4),01033,[西]木原一良,547800,ヒダカ・ブリーダーズ...,750.0,,,,,,,,,,,"4(6,15)(5,3,16)10(7,11)9(1,14)(8,13,2)12",1,1,0.0,False,"4,6(5,15)(3,10,16)(7,11)(9,14,2)(1,13)12,8",1,1,0.0,False,-6,
201809040406,6,3歳以上500万下,ダ,1400,晴,稍重,12:45,2018-09-16,阪神,2,6,11,2014100120,クリノキング,セ4,57,01034,酒井学,1:24.6,1/2,8-8,36.8,22.6,8,464(+2),01057,[西]湯窪幸雄,488007,栗本守,300.0,,,,,,,,,,,"4(6,15)(5,3,16)10(7,11)9(1,14)(8,13,2)12",8,2,0.0,False,"4,6(5,15)(3,10,16)(7,11)(9,14,2)(1,13)12,8",8,2,1.5,False,-6,
201809040406,6,3歳以上500万下,ダ,1400,晴,稍重,12:45,2018-09-16,阪神,3,7,14,2014102477,アシャカリアン,牡4,57,00732,幸英明,1:24.9,2,11-10,36.9,3.5,1,482(-4),01032,[西]大根田裕,905033,吉冨学,190.0,,,,,,,,,,,"4(6,15)(5,3,16)10(7,11)9(1,14)(8,13,2)12",11,2,0.0,False,"4,6(5,15)(3,10,16)(7,11)(9,14,2)(1,13)12,8",10,3,1.5,False,-6,
201809040406,6,3歳以上500万下,ダ,1400,晴,稍重,12:45,2018-09-16,阪神,4,5,10,2015100524,タガノプレトリア,牡3,55,01116,藤岡康太,1:25.0,3/4,7-5,37.4,4.5,2,442(0),01018,[西]宮徹,859002,八木良司,110.0,,,,,,,,,,,"4(6,15)(5,3,16)10(7,11)9(1,14)(8,13,2)12",7,1,0.0,False,"4,6(5,15)(3,10,16)(7,11)(9,14,2)(1,13)12,8",5,3,1.5,False,-6,
201809040406,6,3歳以上500万下,ダ,1400,晴,稍重,12:45,2018-09-16,阪神,5,2,3,2014103182,アタミ,牡4,57,01130,高倉稜,1:25.2,1.1/4,4-5,37.8,7.1,5,466(-4),01009,[西]田所秀孝,297007,副島義久,75.0,,,,,,,,,,,"4(6,15)(5,3,16)10(7,11)9(1,14)(8,13,2)12",4,3,0.0,False,"4,6(5,15)(3,10,16)(7,11)(9,14,2)(1,13)12,8",5,3,1.5,False,-6,
201809040406,6,3歳以上500万下,ダ,1400,晴,稍重,12:45,2018-09-16,阪神,6,8,15,2014105805,バルコラベーロ,牡4,56,01156,加藤祥太,1:25.6,2.1/2,2-3,38.3,26.8,9,486(+4),01084,[西]梅田智之,226800,サンデーレーシング,,,,,,,,,,,,"4(6,15)(5,3,16)10(7,11)9(1,14)(8,13,2)12",2,2,0.0,False,"4,6(5,15)(3,10,16)(7,11)(9,14,2)(1,13)12,8",3,2,1.5,False,-6,
201809040406,6,3歳以上500万下,ダ,1400,晴,稍重,12:45,2018-09-16,阪神,7,1,2,2014103077,ウインストラグル,牡4,57,01144,菱田裕二,1:25.9,2,13-10,37.8,46.2,11,480(-10),01073,[西]宮本博,494800,ウイン,,,,,,,,,,,,"4(6,15)(5,3,16)10(7,11)9(1,14)(8,13,2)12",13,3,0.0,False,"4,6(5,15)(3,10,16)(7,11)(9,14,2)(1,13)12,8",10,3,1.5,False,-6,
201809040406,6,3歳以上500万下,ダ,1400,晴,稍重,12:45,2018-09-16,阪神,8,7,13,2015109131,コウエイユキチャン,セ3,53,01165,森裕太朗,1:26.2,2,13-13,37.9,62.3,13,496(+4),00388,[西]山内研二,495005,伊東政清,,,,,,,,,,,,"4(6,15)(5,3,16)10(7,11)9(1,14)(8,13,2)12",13,3,0.0,False,"4,6(5,15)(3,10,16)(7,11)(9,14,2)(1,13)12,8",13,2,1.5,False,-6,
201809040406,6,3歳以上500万下,ダ,1400,晴,稍重,12:45,2018-09-16,阪神,9,4,8,2014103872,オースミベリル,牡4,57,01062,川島信二,1:26.3,1/2,13-16,37.9,71.5,14,486(-8),01095,[西]荒川義之,712800,オースミ,,,,,,,,,,,,"4(6,15)(5,3,16)10(7,11)9(1,14)(8,13,2)12",13,3,0.0,False,"4,6(5,15)(3,10,16)(7,11)(9,14,2)(1,13)12,8",16,1,3.0,False,-6,
201809040406,6,3歳以上500万下,ダ,1400,晴,稍重,12:45,2018-09-16,阪神,10,5,9,2015103024,イイコトズクシ,牡3,55,01154,松若風馬,1:26.4,1/2,10-10,38.5,48.3,12,498(+10),01002,[西]音無秀孝,334009,小田切有一,,,,,,,,,,,,"4(6,15)(5,3,16)10(7,11)9(1,14)(8,13,2)12",10,1,0.0,False,"4,6(5,15)(3,10,16)(7,11)(9,14,2)(1,13)12,8",10,3,1.5,False,-6,
201809040406,6,3歳以上500万下,ダ,1400,晴,稍重,12:45,2018-09-16,阪神,11,3,6,2014102677,ラッシュワールド,牡4,57,01124,国分恭介,1:26.9,3,2-2,39.7,125.8,15,480(+9),01113,[西]牧浦充徳,555033,小林哲之,,,,,,,,,,,,"4(6,15)(5,3,16)10(7,11)9(1,14)(8,13,2)12",2,2,0.0,False,"4,6(5,15)(3,10,16)(7,11)(9,14,2)(1,13)12,8",2,1,1.5,False,-6,
201809040406,6,3歳以上500万下,ダ,1400,晴,稍重,12:45,2018-09-16,阪神,12,3,5,2015103375,メイショウキタグニ,牡3,55,01125,国分優作,1:27.3,2.1/2,4-3,40.0,15.6,6,470(+8),01016,[西]西浦勝一,523005,松本好雄,,,,,,,,,,,,"4(6,15)(5,3,16)10(7,11)9(1,14)(8,13,2)12",4,3,0.0,False,"4,6(5,15)(3,10,16)(7,11)(9,14,2)(1,13)12,8",3,2,1.5,False,-6,
201809040406,6,3歳以上500万下,ダ,1400,晴,稍重,12:45,2018-09-16,阪神,13,4,7,2014103468,クーペオブジェミニ,牡4,56,01166,川又賢治,1:27.3,クビ,8-8,39.6,214.2,16,456(+2),01158,[西]寺島良,145033,要海伸治,,,,,,,,,,,,"4(6,15)(5,3,16)10(7,11)9(1,14)(8,13,2)12",8,2,0.0,False,"4,6(5,15)(3,10,16)(7,11)(9,14,2)(1,13)12,8",8,2,1.5,False,-6,
201809040406,6,3歳以上500万下,ダ,1400,晴,稍重,12:45,2018-09-16,阪神,14,8,16,2015103697,グランロックハート,牡3,55,01114,田中健,1:27.4,3/4,4-5,39.9,28.4,10,506(+6),01138,[西]浜田多実,661030,飯田訓大,,,,,,,,,,,,"4(6,15)(5,3,16)10(7,11)9(1,14)(8,13,2)12",4,3,0.0,False,"4,6(5,15)(3,10,16)(7,11)(9,14,2)(1,13)12,8",5,3,1.5,False,-6,
201809040406,6,3歳以上500万下,ダ,1400,晴,稍重,12:45,2018-09-16,阪神,15,1,1,2015103228,スリーヘリオス,牡3,55,01014,福永祐一,1:27.5,クビ,11-13,39.4,6.7,3,490(+2),01107,[西]村山明,061800,永井商事,,,,,,,,,,,,"4(6,15)(5,3,16)10(7,11)9(1,14)(8,13,2)12",11,2,0.0,False,"4,6(5,15)(3,10,16)(7,11)(9,14,2)(1,13)12,8",13,2,1.5,False,-6,
201809040406,6,3歳以上500万下,ダ,1400,晴,稍重,12:45,2018-09-16,阪神,16,6,12,2014101924,ハートフルタイム,牡4,57,01099,鮫島良太,1:28.4,5,16-15,40.0,19.1,7,500(-4),01113,[西]牧浦充徳,015008,青山洋一,,,,,,,,,,,,"4(6,15)(5,3,16)10(7,11)9(1,14)(8,13,2)12",16,1,0.0,False,"4,6(5,15)(3,10,16)(7,11)(9,14,2)(1,13)12,8",15,1,1.5,False,-6,
201809040407,7,3歳以上500万下,ダ,1800,晴,稍重,13:15,2018-09-16,阪神,1,4,4,2014102860,リテラルフォース,牡4,57,05339,ルメール,1:53.0,,2-1-1-1,38.1,1.3,1,506(-6),01159,[西]高柳大輔,870004,村上稔,750.0,"(4,*11)13(3,5)10(1,9)12-(6,7)-2,8",2,2,0.0,False,"(*4,11)13(3,5)(1,9,10)-12-(6,7)2-8",1,2,0.0,True,"(*4,11)13(3,5,10)(1,9)12(6,7)2-8",1,2,0.0,True,"4,11(3,5,13,10)(1,9,12,2)(6,7)-8",1,1,0.0,False,-6,
201809040407,7,3歳以上500万下,ダ,1800,晴,稍重,13:15,2018-09-16,阪神,2,4,5,2013105895,ナンヨーアーミー,牡5,57,01093,藤岡佑介,1:53.6,3.1/2,4-4-4-3,38.4,26.4,6,542(-2),01110,[西]清水久詞,512031,中村徳也,300.0,"(4,*11)13(3,5)10(1,9)12-(6,7)-2,8",4,2,0.0,False,"(*4,11)13(3,5)(1,9,10)-12-(6,7)2-8",4,2,0.0,False,"(*4,11)13(3,5,10)(1,9)12(6,7)2-8",4,3,0.0,False,"4,11(3,5,13,10)(1,9,12,2)(6,7)-8",3,4,1.5,False,-6,
201809040407,7,3歳以上500万下,ダ,1800,晴,稍重,13:15,2018-09-16,阪神,3,2,2,2014100407,ブラックカード,牡4,57,00732,幸英明,1:54.0,2.1/2,12-12-12-7,38.0,28.5,7,460(-6),01111,[西]鈴木孝志,370008,岡浩二,190.0,"(4,*11)13(3,5)10(1,9)12-(6,7)-2,8",12,1,7.0,False,"(*4,11)13(3,5)(1,9,10)-12-(6,7)2-8",12,1,7.0,False,"(*4,11)13(3,5,10)(1,9)12(6,7)2-8",12,1,0.0,False,"4,11(3,5,13,10)(1,9,12,2)(6,7)-8",7,4,1.5,False,-6,
201809040407,7,3歳以上500万下,ダ,1800,晴,稍重,13:15,2018-09-16,阪神,4,5,7,2014102979,メイショウカンキ,牡4,57,01130,高倉稜,1:54.5,3,10-10-10-11,38.6,65.3,8,452(-6),01155,[西]渡辺薫彦,523005,松本好雄,110.0,"(4,*11)13(3,5)10(1,9)12-(6,7)-2,8",10,2,3.5,False,"(*4,11)13(3,5)(1,9,10)-12-(6,7)2-8",10,2,7.0,False,"(*4,11)13(3,5,10)(1,9)12(6,7)2-8",10,2,0.0,False,"4,11(3,5,13,10)(1,9,12,2)(6,7)-8",11,2,1.5,False,-6,
201809040407,7,3歳以上500万下,ダ,1800,晴,稍重,13:15,2018-09-16,阪神,5,3,3,2014106084,デイズ,牡4,57,01124,国分恭介,1:54.7,1.1/4,4-4-4-3,39.6,10.2,3,522(-10),01136,[西]高橋亮,063700,池袋レーシング,75.0,"(4,*11)13(3,5)10(1,9)12-(6,7)-2,8",4,2,0.0,False,"(*4,11)13(3,5)(1,9,10)-12-(6,7)2-8",4,2,0.0,False,"(*4,11)13(3,5,10)(1,9)12(6,7)2-8",4,3,0.0,False,"4,11(3,5,13,10)(1,9,12,2)(6,7)-8",3,4,1.5,False,-6,
201809040407,7,3歳以上500万下,ダ,1800,晴,稍重,13:15,2018-09-16,阪神,6,6,9,2011103385,ハギノセゾン,牝7,55,01126,松山弘平,1:54.9,1.1/4,7-6-7-7,39.4,96.6,9,482(+6),01046,[西]鮫島一歩,631006,安岡美津子,,"(4,*11)13(3,5)10(1,9)12-(6,7)-2,8",7,2,0.0,False,"(*4,11)13(3,5)(1,9,10)-12-(6,7)2-8",6,3,0.0,False,"(*4,11)13(3,5,10)(1,9)12(6,7)2-8",7,2,0.0,False,"4,11(3,5,13,10)(1,9,12,2)(6,7)-8",7,4,1.5,False,-6,
201809040407,7,3歳以上500万下,ダ,1800,晴,稍重,13:15,2018-09-16,阪神,7,5,6,2013105693,トウシンタイガー,セ5,57,01142,長岡禎仁,1:54.9,クビ,10-10-10-11,39.1,199.5,12,488(-14),00388,[西]山内研二,786800,サトー,,"(4,*11)13(3,5)10(1,9)12-(6,7)-2,8",10,2,3.5,False,"(*4,11)13(3,5)(1,9,10)-12-(6,7)2-8",10,2,7.0,False,"(*4,11)13(3,5,10)(1,9)12(6,7)2-8",10,2,0.0,False,"4,11(3,5,13,10)(1,9,12,2)(6,7)-8",11,2,1.5,False,-6,
201809040407,7,3歳以上500万下,ダ,1800,晴,稍重,13:15,2018-09-16,阪神,8,8,12,2014105933,シェアザモーメント,牡4,56,01166,川又賢治,1:54.9,ハナ,9-9-9-7,39.2,12.1,4,460(-2),01022,[西]石坂正,486800,キャロットファーム,,"(4,*11)13(3,5)10(1,9)12-(6,7)-2,8",9,1,0.0,False,"(*4,11)13(3,5)(1,9,10)-12-(6,7)2-8",9,1,3.5,False,"(*4,11)13(3,5,10)(1,9)12(6,7)2-8",9,1,0.0,False,"4,11(3,5,13,10)(1,9,12,2)(6,7)-8",7,4,1.5,False,-6,
201809040407,7,3歳以上500万下,ダ,1800,晴,稍重,13:15,2018-09-16,阪神,9,7,11,2015105904,グローバルビジネス,牡3,53,01156,加藤祥太,1:55.5,3.1/2,1-2-2-2,40.6,115.3,10,490(-4),01138,[西]浜田多実,514008,窪田康志,,"(4,*11)13(3,5)10(1,9)12-(6,7)-2,8",1,2,0.0,True,"(*4,11)13(3,5)(1,9,10)-12-(6,7)2-8",2,2,0.0,False,"(*4,11)13(3,5,10)(1,9)12(6,7)2-8",2,2,0.0,False,"4,11(3,5,13,10)(1,9,12,2)(6,7)-8",2,1,1.5,False,-6,
201809040407,7,3歳以上500万下,ダ,1800,晴,稍重,13:15,2018-09-16,阪神,10,6,8,2015106329,テイエムブルグッコ,牝3,52,01138,藤懸貴志,1:55.8,2,13-13-13-13,39.4,333.3,13,420(-10),01050,[西]飯田雄三,356002,竹園正繼,,"(4,*11)13(3,5)10(1,9)12-(6,7)-2,8",13,1,8.5,False,"(*4,11)13(3,5)(1,9,10)-12-(6,7)2-8",13,1,10.5,False,"(*4,11)13(3,5,10)(1,9)12(6,7)2-8",13,1,3.5,False,"4,11(3,5,13,10)(1,9,12,2)(6,7)-8",13,1,5.0,False,-6,
201809040407,7,3歳以上500万下,ダ,1800,晴,稍重,13:15,2018-09-16,阪神,11,7,10,2015103076,トキノオー,牡3,54,01063,小坂忠士,1:55.9,クビ,6-6-4-3,40.7,17.7,5,494(0),01146,[西]奥村豊,307033,田畑富子,,"(4,*11)13(3,5)10(1,9)12-(6,7)-2,8",6,1,0.0,False,"(*4,11)13(3,5)(1,9,10)-12-(6,7)2-8",6,3,0.0,False,"(*4,11)13(3,5,10)(1,9)12(6,7)2-8",4,3,0.0,False,"4,11(3,5,13,10)(1,9,12,2)(6,7)-8",3,4,1.5,False,-6,
201809040407,7,3歳以上500万下,ダ,1800,晴,稍重,13:15,2018-09-16,阪神,12,8,13,2014105660,メイショウオオヅツ,牡4,57,01115,浜中俊,1:56.3,2.1/2,3-3-3-3,41.3,6.4,2,524(+8),01072,[西]河内洋,523005,松本好雄,,"(4,*11)13(3,5)10(1,9)12-(6,7)-2,8",3,1,0.0,False,"(*4,11)13(3,5)(1,9,10)-12-(6,7)2-8",3,1,0.0,False,"(*4,11)13(3,5,10)(1,9)12(6,7)2-8",3,1,0.0,False,"4,11(3,5,13,10)(1,9,12,2)(6,7)-8",3,4,1.5,False,-6,
201809040407,7,3歳以上500万下,ダ,1800,晴,稍重,13:15,2018-09-16,阪神,13,1,1,2012103508,ウイングアクティブ,牡6,57,00894,小牧太,1:56.6,1.1/2,7-6-7-7,41.2,141.2,11,468(-8),01040,[西]服部利之,780009,池田實,,"(4,*11)13(3,5)10(1,9)12-(6,7)-2,8",7,2,0.0,False,"(*4,11)13(3,5)(1,9,10)-12-(6,7)2-8",6,3,0.0,False,"(*4,11)13(3,5,10)(1,9)12(6,7)2-8",7,2,0.0,False,"4,11(3,5,13,10)(1,9,12,2)(6,7)-8",7,4,1.5,False,-6,
201809040408,8,3歳以上500万下,芝,2000,晴,良,13:50,2018-09-16,阪神,1,3,4,2014105846,シャンティローザ,牝4,55,01088,川田将雅,1:59.1,,5-5-5-3,35.3,6.8,3,470(0),01092,[西]松永幹夫,358803,ホシノレーシング,750.0,"(*12,14)(1,6)(4,15)(2,7)(8,9)3(5,10,13)-11",5,2,0.0,False,"(*12,14)6,1(4,15)(2,7)(8,9)(5,3,10,13)-11",5,2,1.5,False,"12,14,6,1,4(8,15)2,7-9(10,13)(5,3)-11",5,1,6.0,False,"(*12,14)(4,6)1(8,2)(7,9)(10,15)-(13,11)3,5",3,2,0.0,False,-10,前日よりも馬場は乾いて、速い時計の出る馬場。
201809040408,8,3歳以上500万下,芝,2000,晴,良,13:50,2018-09-16,阪神,2,2,2,2014105436,エレクトロニカ,牝4,55,05339,ルメール,1:59.2,1/2,7-7-8-6,35.2,4.9,2,430(0),01105,[西]須貝尚介,415800,社台レースホース,300.0,"(*12,14)(1,6)(4,15)(2,7)(8,9)3(5,10,13)-11",7,2,0.0,False,"(*12,14)6,1(4,15)(2,7)(8,9)(5,3,10,13)-11",7,2,1.5,False,"12,14,6,1,4(8,15)2,7-9(10,13)(5,3)-11",8,1,6.0,False,"(*12,14)(4,6)1(8,2)(7,9)(10,15)-(13,11)3,5",6,2,0.0,False,-10,前日よりも馬場は乾いて、速い時計の出る馬場。
201809040408,8,3歳以上500万下,芝,2000,晴,良,13:50,2018-09-16,阪神,3,7,12,2014101505,ナルハヤ,牝4,55,01010,柴田未崎,1:59.5,1.3/4,1-1-1-1,36.2,32.9,8,506(+6),01084,[西]梅田智之,420006,陣内孝則,190.0,"(*12,14)(1,6)(4,15)(2,7)(8,9)3(5,10,13)-11",1,2,0.0,True,"(*12,14)6,1(4,15)(2,7)(8,9)(5,3,10,13)-11",1,2,0.0,True,"12,14,6,1,4(8,15)2,7-9(10,13)(5,3)-11",1,1,0.0,False,"(*12,14)(4,6)1(8,2)(7,9)(10,15)-(13,11)3,5",1,2,0.0,True,-10,前日よりも馬場は乾いて、速い時計の出る馬場。
201809040408,8,3歳以上500万下,芝,2000,晴,良,13:50,2018-09-16,阪神,4,5,9,2014104346,アバルラータ,牝4,55,05212,Ｍ．デム,1:59.5,アタマ,9-9-10-8,35.2,1.7,1,446(0),01046,[西]鮫島一歩,271008,安原浩司,110.0,"(*12,14)(1,6)(4,15)(2,7)(8,9)3(5,10,13)-11",9,2,0.0,False,"(*12,14)6,1(4,15)(2,7)(8,9)(5,3,10,13)-11",9,2,1.5,False,"12,14,6,1,4(8,15)2,7-9(10,13)(5,3)-11",10,1,11.0,False,"(*12,14)(4,6)1(8,2)(7,9)(10,15)-(13,11)3,5",8,2,0.0,False,-10,前日よりも馬場は乾いて、速い時計の出る馬場。
201809040408,8,3歳以上500万下,芝,2000,晴,良,13:50,2018-09-16,阪神,5,6,10,2015101619,ミッドサマーコモン,牝3,52,01018,和田竜二,1:59.9,2.1/2,12-11-11-10,35.4,14.0,5,434(0),01098,[西]野中賢二,003060,ゴドルフィン,75.0,"(*12,14)(1,6)(4,15)(2,7)(8,9)3(5,10,13)-11",12,3,0.0,False,"(*12,14)6,1(4,15)(2,7)(8,9)(5,3,10,13)-11",11,4,1.5,False,"12,14,6,1,4(8,15)2,7-9(10,13)(5,3)-11",11,2,11.0,False,"(*12,14)(4,6)1(8,2)(7,9)(10,15)-(13,11)3,5",10,2,0.0,False,-10,前日よりも馬場は乾いて、速い時計の出る馬場。
201809040408,8,3歳以上500万下,芝,2000,晴,良,13:50,2018-09-16,阪神,6,1,1,2015103213,スズカローレル,牝3,49,01171,西村淳也,2:00.0,3/4,3-4-4-5,36.2,115.1,11,410(0),00362,[西]橋田満,382004,永井啓弍,,"(*12,14)(1,6)(4,15)(2,7)(8,9)3(5,10,13)-11",3,2,0.0,False,"(*12,14)6,1(4,15)(2,7)(8,9)(5,3,10,13)-11",4,1,1.5,False,"12,14,6,1,4(8,15)2,7-9(10,13)(5,3)-11",4,1,4.5,False,"(*12,14)(4,6)1(8,2)(7,9)(10,15)-(13,11)3,5",5,1,0.0,False,-10,前日よりも馬場は乾いて、速い時計の出る馬場。
201809040408,8,3歳以上500万下,芝,2000,晴,良,13:50,2018-09-16,阪神,7,4,7,2015104257,エリンズロマーネ,牝3,52,01126,松山弘平,2:00.3,2,7-7-9-8,36.2,11.0,4,470(+2),01104,[西]笹田和秀,758005,吉田照哉,,"(*12,14)(1,6)(4,15)(2,7)(8,9)3(5,10,13)-11",7,2,0.0,False,"(*12,14)6,1(4,15)(2,7)(8,9)(5,3,10,13)-11",7,2,1.5,False,"12,14,6,1,4(8,15)2,7-9(10,13)(5,3)-11",9,1,7.5,False,"(*12,14)(4,6)1(8,2)(7,9)(10,15)-(13,11)3,5",8,2,0.0,False,-10,前日よりも馬場は乾いて、速い時計の出る馬場。
201809040408,8,3歳以上500万下,芝,2000,晴,良,13:50,2018-09-16,阪神,8,8,14,2014103392,レッドコルディス,牝4,55,01157,鮫島克駿,2:00.5,1.1/4,2-2-2-2,37.0,81.5,9,482(+6),01129,[西]高橋義忠,180800,東京ホースレーシング,,"(*12,14)(1,6)(4,15)(2,7)(8,9)3(5,10,13)-11",2,2,0.0,False,"(*12,14)6,1(4,15)(2,7)(8,9)(5,3,10,13)-11",2,2,0.0,False,"12,14,6,1,4(8,15)2,7-9(10,13)(5,3)-11",2,1,1.5,False,"(*12,14)(4,6)1(8,2)(7,9)(10,15)-(13,11)3,5",2,2,0.0,False,-10,前日よりも馬場は乾いて、速い時計の出る馬場。
201809040408,8,3歳以上500万下,芝,2000,晴,良,13:50,2018-09-16,阪神,9,7,13,2015102636,バトルガラクシア,牝3,51,01156,加藤祥太,2:00.6,1/2,12-11-11-12,35.8,383.7,14,476(-2),01099,[西]本田優,394009,宮川秋信,,"(*12,14)(1,6)(4,15)(2,7)(8,9)3(5,10,13)-11",12,3,0.0,False,"(*12,14)6,1(4,15)(2,7)(8,9)(5,3,10,13)-11",11,4,1.5,False,"12,14,6,1,4(8,15)2,7-9(10,13)(5,3)-11",11,2,11.0,False,"(*12,14)(4,6)1(8,2)(7,9)(10,15)-(13,11)3,5",12,2,3.5,False,-10,前日よりも馬場は乾いて、速い時計の出る馬場。
201809040408,8,3歳以上500万下,芝,2000,晴,良,13:50,2018-09-16,阪神,10,6,11,2013103688,メイショウケンプウ,牝5,55,00732,幸英明,2:00.6,クビ,15-15-15-12,35.5,231.8,12,454(+20),01041,[西]藤沢則雄,523005,松本好雄,,"(*12,14)(1,6)(4,15)(2,7)(8,9)3(5,10,13)-11",15,1,3.5,False,"(*12,14)6,1(4,15)(2,7)(8,9)(5,3,10,13)-11",15,1,5.0,False,"12,14,6,1,4(8,15)2,7-9(10,13)(5,3)-11",15,1,14.5,False,"(*12,14)(4,6)1(8,2)(7,9)(10,15)-(13,11)3,5",12,2,3.5,False,-10,前日よりも馬場は乾いて、速い時計の出る馬場。
201809040408,8,3歳以上500万下,芝,2000,晴,良,13:50,2018-09-16,阪神,11,4,6,2015104712,ハナソメイ,牝3,52,01116,藤岡康太,2:00.8,1,3-3-3-3,37.2,24.7,7,432(-4),01154,[西]橋口慎介,549033,林瑛子,,"(*12,14)(1,6)(4,15)(2,7)(8,9)3(5,10,13)-11",3,2,0.0,False,"(*12,14)6,1(4,15)(2,7)(8,9)(5,3,10,13)-11",3,1,0.0,False,"12,14,6,1,4(8,15)2,7-9(10,13)(5,3)-11",3,1,3.0,False,"(*12,14)(4,6)1(8,2)(7,9)(10,15)-(13,11)3,5",3,2,0.0,False,-10,前日よりも馬場は乾いて、速い時計の出る馬場。
201809040408,8,3歳以上500万下,芝,2000,晴,良,13:50,2018-09-16,阪神,12,2,3,2015104402,クードロア,牝3,51,01160,荻野極,2:01.0,1.1/4,11-11-13-14,35.9,98.4,10,430(-8),01151,[西]斉藤崇史,758005,吉田照哉,,"(*12,14)(1,6)(4,15)(2,7)(8,9)3(5,10,13)-11",11,1,0.0,False,"(*12,14)6,1(4,15)(2,7)(8,9)(5,3,10,13)-11",11,4,1.5,False,"12,14,6,1,4(8,15)2,7-9(10,13)(5,3)-11",13,2,11.0,False,"(*12,14)(4,6)1(8,2)(7,9)(10,15)-(13,11)3,5",14,1,3.5,False,-10,前日よりも馬場は乾いて、速い時計の出る馬場。
201809040408,8,3歳以上500万下,芝,2000,晴,良,13:50,2018-09-16,阪神,13,5,8,2013105707,リセエンヌ,牝5,55,01115,浜中俊,2:01.1,3/4,9-9-6-6,37.1,24.0,6,426(+2),01095,[西]荒川義之,758005,吉田照哉,,"(*12,14)(1,6)(4,15)(2,7)(8,9)3(5,10,13)-11",9,2,0.0,False,"(*12,14)6,1(4,15)(2,7)(8,9)(5,3,10,13)-11",9,2,1.5,False,"12,14,6,1,4(8,15)2,7-9(10,13)(5,3)-11",6,2,6.0,False,"(*12,14)(4,6)1(8,2)(7,9)(10,15)-(13,11)3,5",6,2,0.0,False,-10,前日よりも馬場は乾いて、速い時計の出る馬場。
201809040408,8,3歳以上500万下,芝,2000,晴,良,13:50,2018-09-16,阪神,14,8,15,2015105679,ムーンライトクーラ,牝3,51,01166,川又賢治,2:02.1,6,5-5-6-10,37.9,243.3,13,404(-4),00419,[西]松元茂樹,404033,國枝久美子,,"(*12,14)(1,6)(4,15)(2,7)(8,9)3(5,10,13)-11",5,2,0.0,False,"(*12,14)6,1(4,15)(2,7)(8,9)(5,3,10,13)-11",5,2,1.5,False,"12,14,6,1,4(8,15)2,7-9(10,13)(5,3)-11",6,2,6.0,False,"(*12,14)(4,6)1(8,2)(7,9)(10,15)-(13,11)3,5",10,2,0.0,False,-10,前日よりも馬場は乾いて、速い時計の出る馬場。
201809040408,8,3歳以上500万下,芝,2000,晴,良,13:50,2018-09-16,阪神,15,3,5,2015100716,コーラルバイン,牝3,50,01168,富田暁,2:02.3,1.1/2,12-11-13-15,37.1,442.4,15,424(+2),01110,[西]清水久詞,546800,サラブレッドクラブ・...,,"(*12,14)(1,6)(4,15)(2,7)(8,9)3(5,10,13)-11",12,3,0.0,False,"(*12,14)6,1(4,15)(2,7)(8,9)(5,3,10,13)-11",11,4,1.5,False,"12,14,6,1,4(8,15)2,7-9(10,13)(5,3)-11",13,2,11.0,False,"(*12,14)(4,6)1(8,2)(7,9)(10,15)-(13,11)3,5",15,1,5.0,False,-10,前日よりも馬場は乾いて、速い時計の出る馬場。
201809040409,9,夙川特別(2勝),ダ,1200,晴,稍重,14:25,2018-09-16,阪神,1,2,3,2015100512,タガノアム,牝3,53,05429,岡田祥嗣,1:11.1,,14-16,35.7,26.1,8,472(+14),00411,[西]浅見秀一,859002,八木良司,"1,535.7",,,,,,,,,,,"(*1,13,16)6,9(4,7,14)(10,11)5(8,12)(3,2,15)",14,3,1.5,False,"(*1,13)16,6,9,14(7,11)(4,10)(12,15)(5,8,2)3",16,1,4.5,False,-6,
201809040409,9,夙川特別(2勝),ダ,1200,晴,稍重,14:25,2018-09-16,阪神,2,3,5,2014110084,ハニージェイド,牝4,55,05212,Ｍ．デム,1:11.1,クビ,11-13,36.0,3.5,2,472(0),01046,[西]鮫島一歩,151006,吉田和子,610.2,,,,,,,,,,,"(*1,13,16)6,9(4,7,14)(10,11)5(8,12)(3,2,15)",11,1,1.5,False,"(*1,13)16,6,9,14(7,11)(4,10)(12,15)(5,8,2)3",13,3,4.5,False,-6,
201809040409,9,夙川特別(2勝),ダ,1200,晴,稍重,14:25,2018-09-16,阪神,3,7,14,2014106411,タテヤマ,牡4,57,01126,松山弘平,1:11.2,1/2,6-6,36.4,13.1,5,462(0),01155,[西]渡辺薫彦,089002,小島將之,385.1,,,,,,,,,,,"(*1,13,16)6,9(4,7,14)(10,11)5(8,12)(3,2,15)",6,3,1.5,False,"(*1,13)16,6,9,14(7,11)(4,10)(12,15)(5,8,2)3",6,1,4.5,False,-6,
201809040409,9,夙川特別(2勝),ダ,1200,晴,稍重,14:25,2018-09-16,阪神,4,5,10,2014103732,ロングベスト,牡4,57,00732,幸英明,1:11.2,ハナ,9-9,36.1,15.8,6,514(0),01032,[西]大根田裕,602002,中井敏雄,230.0,,,,,,,,,,,"(*1,13,16)6,9(4,7,14)(10,11)5(8,12)(3,2,15)",9,2,1.5,False,"(*1,13)16,6,9,14(7,11)(4,10)(12,15)(5,8,2)3",9,2,4.5,False,-6,
201809040409,9,夙川特別(2勝),ダ,1200,晴,稍重,14:25,2018-09-16,阪神,5,1,1,2013105956,ソーディヴァイン,牝5,55,01088,川田将雅,1:11.3,1/2,1-1,37.2,5.7,3,528(+2),01148,[西]西村真幸,506800,シルクレーシング,150.0,,,,,,,,,,,"(*1,13,16)6,9(4,7,14)(10,11)5(8,12)(3,2,15)",1,3,0.0,True,"(*1,13)16,6,9,14(7,11)(4,10)(12,15)(5,8,2)3",1,2,0.0,True,-6,
201809040409,9,夙川特別(2勝),ダ,1200,晴,稍重,14:25,2018-09-16,阪神,6,1,2,2013105961,アルーアキャロル,セ5,57,05339,ルメール,1:11.4,1/2,14-13,35.9,2.6,1,494(-14),01116,[東]新開幸一,506800,シルクレーシング,,,,,,,,,,,,"(*1,13,16)6,9(4,7,14)(10,11)5(8,12)(3,2,15)",14,3,1.5,False,"(*1,13)16,6,9,14(7,11)(4,10)(12,15)(5,8,2)3",13,3,4.5,False,-6,
201809040409,9,夙川特別(2勝),ダ,1200,晴,稍重,14:25,2018-09-16,阪神,7,5,9,2015103109,メイショウミライ,牡3,55,01018,和田竜二,1:11.6,1,5-5,37.1,13.0,4,478(-8),01049,[西]南井克巳,523005,松本好雄,,,,,,,,,,,,"(*1,13,16)6,9(4,7,14)(10,11)5(8,12)(3,2,15)",5,1,1.5,False,"(*1,13)16,6,9,14(7,11)(4,10)(12,15)(5,8,2)3",5,1,3.0,False,-6,
201809040409,9,夙川特別(2勝),ダ,1200,晴,稍重,14:25,2018-09-16,阪神,8,4,8,2015100639,バーンフライ,牡3,55,01152,小崎綾也,1:11.8,1,12-13,36.5,135.2,15,484(-10),01075,[西]矢作芳人,788800,ノースヒルズ,,,,,,,,,,,,"(*1,13,16)6,9(4,7,14)(10,11)5(8,12)(3,2,15)",12,2,1.5,False,"(*1,13)16,6,9,14(7,11)(4,10)(12,15)(5,8,2)3",13,3,4.5,False,-6,
201809040409,9,夙川特別(2勝),ダ,1200,晴,稍重,14:25,2018-09-16,阪神,9,3,6,2013100041,マリエラ,牡5,57,01034,酒井学,1:11.9,3/4,4-4,37.6,79.9,13,516(0),01046,[西]鮫島一歩,797008,栗山良子,,,,,,,,,,,,"(*1,13,16)6,9(4,7,14)(10,11)5(8,12)(3,2,15)",4,1,0.0,False,"(*1,13)16,6,9,14(7,11)(4,10)(12,15)(5,8,2)3",4,1,1.5,False,-6,
201809040409,9,夙川特別(2勝),ダ,1200,晴,稍重,14:25,2018-09-16,阪神,10,6,11,2013105511,タイセイスペリオル,牡5,57,01032,池添謙一,1:12.0,クビ,9-7,37.0,21.3,7,458(-2),01129,[西]高橋義忠,224007,田中成奉,,,,,,,,,,,,"(*1,13,16)6,9(4,7,14)(10,11)5(8,12)(3,2,15)",9,2,1.5,False,"(*1,13)16,6,9,14(7,11)(4,10)(12,15)(5,8,2)3",7,2,4.5,False,-6,
201809040409,9,夙川特別(2勝),ダ,1200,晴,稍重,14:25,2018-09-16,阪神,11,8,15,2010100463,キングソング,牡8,57,01166,川又賢治,1:12.1,3/4,14-11,36.6,289.8,16,432(-4),01082,[西]平田修,306008,松岡隆雄,,,,,,,,,,,,"(*1,13,16)6,9(4,7,14)(10,11)5(8,12)(3,2,15)",14,3,1.5,False,"(*1,13)16,6,9,14(7,11)(4,10)(12,15)(5,8,2)3",11,2,4.5,False,-6,
201809040409,9,夙川特別(2勝),ダ,1200,晴,稍重,14:25,2018-09-16,阪神,12,6,12,2014104021,ワンダープラヤアン,牡4,57,01116,藤岡康太,1:12.1,アタマ,12-11,36.9,32.2,9,476(-2),01142,[西]森田直行,184033,山本能成,,,,,,,,,,,,"(*1,13,16)6,9(4,7,14)(10,11)5(8,12)(3,2,15)",12,2,1.5,False,"(*1,13)16,6,9,14(7,11)(4,10)(12,15)(5,8,2)3",11,2,4.5,False,-6,
201809040409,9,夙川特別(2勝),ダ,1200,晴,稍重,14:25,2018-09-16,阪神,13,7,13,2013110126,ボーサンシー,牡5,57,01102,北村友一,1:12.5,2.1/2,2-2,38.3,61.6,11,536(+10),01144,[西]池添学,138007,吉田和美,,,,,,,,,,,,"(*1,13,16)6,9(4,7,14)(10,11)5(8,12)(3,2,15)",2,3,0.0,False,"(*1,13)16,6,9,14(7,11)(4,10)(12,15)(5,8,2)3",2,2,0.0,False,-6,
201809040409,9,夙川特別(2勝),ダ,1200,晴,稍重,14:25,2018-09-16,阪神,14,4,7,2012100511,タガノヴェルリー,牝6,55,01154,松若風馬,1:12.9,2.1/2,6-7,38.1,86.4,14,440(-4),01128,[西]今野貞一,859002,八木良司,,,,,,,,,,,,"(*1,13,16)6,9(4,7,14)(10,11)5(8,12)(3,2,15)",6,3,1.5,False,"(*1,13)16,6,9,14(7,11)(4,10)(12,15)(5,8,2)3",7,2,4.5,False,-6,
201809040409,9,夙川特別(2勝),ダ,1200,晴,稍重,14:25,2018-09-16,阪神,15,2,4,2013102547,クリノシャンボール,牡5,57,01157,鮫島克駿,1:13.3,2.1/2,6-9,38.4,42.0,10,494(-6),01003,[西]川村禎彦,970006,栗本博晴,,,,,,,,,,,,"(*1,13,16)6,9(4,7,14)(10,11)5(8,12)(3,2,15)",6,3,1.5,False,"(*1,13)16,6,9,14(7,11)(4,10)(12,15)(5,8,2)3",9,2,4.5,False,-6,
201809040409,9,夙川特別(2勝),ダ,1200,晴,稍重,14:25,2018-09-16,阪神,16,8,16,2013104542,ロマンチスト,牡5,57,01144,菱田裕二,1:13.4,1/2,2-3,39.1,70.8,12,526(-8),01138,[西]浜田多実,514008,窪田康志,,,,,,,,,,,,"(*1,13,16)6,9(4,7,14)(10,11)5(8,12)(3,2,15)",2,3,0.0,False,"(*1,13)16,6,9,14(7,11)(4,10)(12,15)(5,8,2)3",3,1,0.0,False,-6,
201809040410,10,能勢特別(2勝),芝,2000,晴,良,15:01,2018-09-16,阪神,1,5,5,2015103053,カフジバンガード,牡3,54,01014,福永祐一,1:59.7,,2-2-2-2,34.4,2.5,1,476(+2),00419,[西]松元茂樹,019004,加藤守,"1,521.7","1,5,7(8,4)(2,6)-3=9",2,1,1.5,False,"1-5,7(2,8,4)6-3-9",2,1,3.5,False,"1-5(7,4)8,2,6-3-9",2,1,3.5,False,"(*1,5)(7,4)(8,6)(2,3)-9",2,2,0.0,False,-10,前日よりも馬場は乾いて、速い時計の出る馬場。
201809040410,10,能勢特別(2勝),芝,2000,晴,良,15:01,2018-09-16,阪神,2,3,3,2014105788,アドマイヤアゼリ,牡4,57,05339,ルメール,2:00.1,2.1/2,8-8-8-7,34.3,4.6,3,452(0),01105,[西]須貝尚介,398002,近藤利一,606.2,"1,5,7(8,4)(2,6)-3=9",8,1,6.5,False,"1-5,7(2,8,4)6-3-9",8,1,8.5,False,"1-5(7,4)8,2,6-3-9",8,1,10.0,False,"(*1,5)(7,4)(8,6)(2,3)-9",7,2,0.0,False,-10,前日よりも馬場は乾いて、速い時計の出る馬場。
201809040410,10,能勢特別(2勝),芝,2000,晴,良,15:01,2018-09-16,阪神,3,1,1,2013103604,アグネスフォルテ,牡5,57,01115,浜中俊,2:00.2,クビ,1-1-1-1,35.1,13.2,6,448(-2),01123,[西]牧田和弥,078006,畑佐博,383.1,"1,5,7(8,4)(2,6)-3=9",1,1,0.0,False,"1-5,7(2,8,4)6-3-9",1,1,0.0,False,"1-5(7,4)8,2,6-3-9",1,1,0.0,False,"(*1,5)(7,4)(8,6)(2,3)-9",1,2,0.0,True,-10,前日よりも馬場は乾いて、速い時計の出る馬場。
201809040410,10,能勢特別(2勝),芝,2000,晴,良,15:01,2018-09-16,阪神,4,6,6,2015105110,ジャックローズ,牡3,54,01093,藤岡佑介,2:00.4,1.1/2,6-7-7-5,34.8,3.2,2,494(-4),01151,[西]斉藤崇史,506800,シルクレーシング,230.0,"1,5,7(8,4)(2,6)-3=9",6,2,3.0,False,"1-5,7(2,8,4)6-3-9",7,1,5.0,False,"1-5(7,4)8,2,6-3-9",7,1,6.5,False,"(*1,5)(7,4)(8,6)(2,3)-9",5,2,0.0,False,-10,前日よりも馬場は乾いて、速い時計の出る馬場。
201809040410,10,能勢特別(2勝),芝,2000,晴,良,15:01,2018-09-16,阪神,5,7,7,2015101174,ロードアクシス,牡3,54,01034,酒井学,2:00.7,2,3-3-3-3,35.3,12.2,5,456(+6),01146,[西]奥村豊,170800,ロードホースクラブ,150.0,"1,5,7(8,4)(2,6)-3=9",3,1,3.0,False,"1-5,7(2,8,4)6-3-9",3,1,5.0,False,"1-5(7,4)8,2,6-3-9",3,2,3.5,False,"(*1,5)(7,4)(8,6)(2,3)-9",3,2,0.0,False,-10,前日よりも馬場は乾いて、速い時計の出る馬場。
201809040410,10,能勢特別(2勝),芝,2000,晴,良,15:01,2018-09-16,阪神,6,8,8,2011103071,メイショウホウトウ,牡7,57,01156,加藤祥太,2:00.8,3/4,4-4-5-5,35.3,54.6,8,492(-6),00378,[西]沖芳夫,523005,松本好雄,,"1,5,7(8,4)(2,6)-3=9",4,2,3.0,False,"1-5,7(2,8,4)6-3-9",4,3,5.0,False,"1-5(7,4)8,2,6-3-9",5,1,3.5,False,"(*1,5)(7,4)(8,6)(2,3)-9",5,2,0.0,False,-10,前日よりも馬場は乾いて、速い時計の出る馬場。
201809040410,10,能勢特別(2勝),芝,2000,晴,良,15:01,2018-09-16,阪神,7,4,4,2015104356,シースプラッシュ,牡3,54,01037,太宰啓介,2:00.9,クビ,4-4-3-3,35.5,7.4,4,494(-2),01099,[西]本田優,415800,社台レースホース,,"1,5,7(8,4)(2,6)-3=9",4,2,3.0,False,"1-5,7(2,8,4)6-3-9",4,3,5.0,False,"1-5(7,4)8,2,6-3-9",3,2,3.5,False,"(*1,5)(7,4)(8,6)(2,3)-9",3,2,0.0,False,-10,前日よりも馬場は乾いて、速い時計の出る馬場。
201809040410,10,能勢特別(2勝),芝,2000,晴,良,15:01,2018-09-16,阪神,8,8,9,2010104412,サダムロードショー,牡8,57,01128,川須栄彦,2:01.1,1.1/4,9-9-9-9,34.8,193.3,9,470(-2),01069,[西]中尾秀正,096007,大西定,,"1,5,7(8,4)(2,6)-3=9",9,1,12.5,False,"1-5,7(2,8,4)6-3-9",9,1,12.0,False,"1-5(7,4)8,2,6-3-9",9,1,13.5,False,"(*1,5)(7,4)(8,6)(2,3)-9",9,1,3.5,False,-10,前日よりも馬場は乾いて、速い時計の出る馬場。
201809040410,10,能勢特別(2勝),芝,2000,晴,良,15:01,2018-09-16,阪神,9,2,2,2013105476,マルカブリスク,牡5,57,01018,和田竜二,2:01.2,1/2,6-4-6-7,35.6,31.7,7,438(-6),01128,[西]今野貞一,927033,日下部猛,,"1,5,7(8,4)(2,6)-3=9",6,2,3.0,False,"1-5,7(2,8,4)6-3-9",4,3,5.0,False,"1-5(7,4)8,2,6-3-9",6,1,5.0,False,"(*1,5)(7,4)(8,6)(2,3)-9",7,2,0.0,False,-10,前日よりも馬場は乾いて、速い時計の出る馬場。
201809040411,11,第36回関西TVローズS(GII),芝,1800,曇,良,15:35,2018-09-16,阪神,1,7,13,2015103350,カンタービレ,牝3,54,05339,ルメール,1:45.7,,2-1,33.6,9.3,5,434(-4),01039,[西]中竹和也,248030,石川達絵,"5,309.2",,,,,,,,,,,"(*12,13)(2,6)(4,11)(7,10)(1,5)(3,15)9(8,14)",2,2,0.0,False,"(12,*13)(2,6,11,10)4(7,5)(1,3,9,15)14,8",1,2,0.0,True,-10,前日よりも馬場は乾いて、速い時計の出る馬場。
201809040411,11,第36回関西TVローズS(GII),芝,1800,曇,良,15:35,2018-09-16,阪神,2,3,5,2015104793,サラキア,牝3,54,01032,池添謙一,1:45.9,1.1/4,9-8,33.4,4.2,2,450(+4),01144,[西]池添学,506800,シルクレーシング,"2,131.2",,,,,,,,,,,"(*12,13)(2,6)(4,11)(7,10)(1,5)(3,15)9(8,14)",9,2,0.0,False,"(12,*13)(2,6,11,10)4(7,5)(1,3,9,15)14,8",8,2,0.0,False,-10,前日よりも馬場は乾いて、速い時計の出る馬場。
201809040411,11,第36回関西TVローズS(GII),芝,1800,曇,良,15:35,2018-09-16,阪神,3,3,4,2015104183,ラテュロス,牝3,54,01019,秋山真一,1:46.0,1/2,5-7,33.6,88.2,13,418(-12),01117,[西]高野友和,415800,社台レースホース,"1,315.6",,,,,,,,,,,"(*12,13)(2,6)(4,11)(7,10)(1,5)(3,15)9(8,14)",5,2,0.0,False,"(12,*13)(2,6,11,10)4(7,5)(1,3,9,15)14,8",7,1,0.0,False,-10,前日よりも馬場は乾いて、速い時計の出る馬場。
201809040411,11,第36回関西TVローズS(GII),芝,1800,曇,良,15:35,2018-09-16,阪神,4,7,12,2015104352,ゴージャスランチ,牝3,54,00660,横山典弘,1:46.0,クビ,1-2,33.9,16.7,8,498(+6),01097,[東]鹿戸雄一,310007,吉田千津,780.0,,,,,,,,,,,"(*12,13)(2,6)(4,11)(7,10)(1,5)(3,15)9(8,14)",1,2,0.0,True,"(12,*13)(2,6,11,10)4(7,5)(1,3,9,15)14,8",2,2,0.0,False,-10,前日よりも馬場は乾いて、速い時計の出る馬場。
201809040411,11,第36回関西TVローズS(GII),芝,1800,曇,良,15:35,2018-09-16,阪神,5,8,14,2015104671,ウラヌスチャーム,牝3,54,01093,藤岡佑介,1:46.1,クビ,14-14,33.2,11.3,6,494(-2),01086,[東]斎藤誠,808800,Ｇ１レーシング,520.0,,,,,,,,,,,"(*12,13)(2,6)(4,11)(7,10)(1,5)(3,15)9(8,14)",14,2,0.0,False,"(12,*13)(2,6,11,10)4(7,5)(1,3,9,15)14,8",14,1,0.0,False,-10,前日よりも馬場は乾いて、速い時計の出る馬場。
201809040411,11,第36回関西TVローズS(GII),芝,1800,曇,良,15:35,2018-09-16,阪神,6,5,8,2015101376,サトノワルキューレ,牝3,54,05212,Ｍ．デム,1:46.2,3/4,14-15,33.1,3.0,1,452(0),01039,[西]中竹和也,075803,サトミホースカンパニ...,,,,,,,,,,,,"(*12,13)(2,6)(4,11)(7,10)(1,5)(3,15)9(8,14)",14,2,0.0,False,"(12,*13)(2,6,11,10)4(7,5)(1,3,9,15)14,8",15,1,1.5,False,-10,前日よりも馬場は乾いて、速い時計の出る馬場。
201809040411,11,第36回関西TVローズS(GII),芝,1800,曇,良,15:35,2018-09-16,阪神,7,4,7,2015104656,センテリュオ,牝3,54,01102,北村友一,1:46.4,1.1/4,7-8,33.9,8.5,4,444(-4),01117,[西]高野友和,486800,キャロットファーム,,,,,,,,,,,,"(*12,13)(2,6)(4,11)(7,10)(1,5)(3,15)9(8,14)",7,2,0.0,False,"(12,*13)(2,6,11,10)4(7,5)(1,3,9,15)14,8",8,2,0.0,False,-10,前日よりも馬場は乾いて、速い時計の出る馬場。
201809040411,11,第36回関西TVローズS(GII),芝,1800,曇,良,15:35,2018-09-16,阪神,8,1,1,2015105093,レッドランディーニ,牝3,54,01126,松山弘平,1:46.5,3/4,9-10,33.8,54.8,11,448(+12),01022,[西]石坂正,180800,東京ホースレーシング,,,,,,,,,,,,"(*12,13)(2,6)(4,11)(7,10)(1,5)(3,15)9(8,14)",9,2,0.0,False,"(12,*13)(2,6,11,10)4(7,5)(1,3,9,15)14,8",10,4,0.0,False,-10,前日よりも馬場は乾いて、速い時計の出る馬場。
201809040411,11,第36回関西TVローズS(GII),芝,1800,曇,良,15:35,2018-09-16,阪神,9,4,6,2015102382,オールフォーラヴ,牝3,54,01088,川田将雅,1:46.9,2.1/2,3-3,34.7,7.9,3,466(+22),01137,[西]中内田充,170800,ロードホースクラブ,,,,,,,,,,,,"(*12,13)(2,6)(4,11)(7,10)(1,5)(3,15)9(8,14)",3,2,0.0,False,"(12,*13)(2,6,11,10)4(7,5)(1,3,9,15)14,8",3,4,0.0,False,-10,前日よりも馬場は乾いて、速い時計の出る馬場。
201809040411,11,第36回関西TVローズS(GII),芝,1800,曇,良,15:35,2018-09-16,阪神,10,5,9,2015104721,アンコールプリュ,牝3,54,01116,藤岡康太,1:47.1,1.1/4,13-10,34.4,107.2,14,430(+10),01061,[西]友道康夫,708800,金子真人ホールディン...,,,,,,,,,,,,"(*12,13)(2,6)(4,11)(7,10)(1,5)(3,15)9(8,14)",13,1,0.0,False,"(12,*13)(2,6,11,10)4(7,5)(1,3,9,15)14,8",10,4,0.0,False,-10,前日よりも馬場は乾いて、速い時計の出る馬場。
201809040411,11,第36回関西TVローズS(GII),芝,1800,曇,良,15:35,2018-09-16,阪神,11,2,2,2015106056,ウスベニノキミ,牝3,54,01018,和田竜二,1:47.1,クビ,3-3,34.8,42.6,10,438(-4),01111,[西]鈴木孝志,370008,岡浩二,,,,,,,,,,,,"(*12,13)(2,6)(4,11)(7,10)(1,5)(3,15)9(8,14)",3,2,0.0,False,"(12,*13)(2,6,11,10)4(7,5)(1,3,9,15)14,8",3,4,0.0,False,-10,前日よりも馬場は乾いて、速い時計の出る馬場。
201809040411,11,第36回関西TVローズS(GII),芝,1800,曇,良,15:35,2018-09-16,阪神,12,6,10,2015104779,フィニフティ,牝3,54,01014,福永祐一,1:47.2,クビ,7-3,34.9,33.0,9,426(+6),01055,[西]藤原英昭,486800,キャロットファーム,,,,,,,,,,,,"(*12,13)(2,6)(4,11)(7,10)(1,5)(3,15)9(8,14)",7,2,0.0,False,"(12,*13)(2,6,11,10)4(7,5)(1,3,9,15)14,8",3,4,0.0,False,-10,前日よりも馬場は乾いて、速い時計の出る馬場。
201809040411,11,第36回関西TVローズS(GII),芝,1800,曇,良,15:35,2018-09-16,阪神,13,2,3,2015100600,スカーレットカラー,牝3,54,01037,太宰啓介,1:47.2,アタマ,11-10,34.4,87.2,12,454(+18),01136,[西]高橋亮,948006,前田幸治,,,,,,,,,,,,"(*12,13)(2,6)(4,11)(7,10)(1,5)(3,15)9(8,14)",11,2,0.0,False,"(12,*13)(2,6,11,10)4(7,5)(1,3,9,15)14,8",10,4,0.0,False,-10,前日よりも馬場は乾いて、速い時計の出る馬場。
201809040411,11,第36回関西TVローズS(GII),芝,1800,曇,良,15:35,2018-09-16,阪神,14,8,15,2015106173,レオコックブルー,牝3,54,01115,浜中俊,1:47.2,クビ,11-10,34.5,207.2,15,438(-6),01123,[西]牧田和弥,750033,親川智行,,,,,,,,,,,,"(*12,13)(2,6)(4,11)(7,10)(1,5)(3,15)9(8,14)",11,2,0.0,False,"(12,*13)(2,6,11,10)4(7,5)(1,3,9,15)14,8",10,4,0.0,False,-10,前日よりも馬場は乾いて、速い時計の出る馬場。
201809040411,11,第36回関西TVローズS(GII),芝,1800,曇,良,15:35,2018-09-16,阪神,15,6,11,2015104513,トーセンブレス,牝3,54,00641,柴田善臣,1:47.5,2,5-3,35.2,12.1,7,456(0),01059,[東]加藤征弘,270006,島川隆哉,,,,,,,,,,,,"(*12,13)(2,6)(4,11)(7,10)(1,5)(3,15)9(8,14)",5,2,0.0,False,"(12,*13)(2,6,11,10)4(7,5)(1,3,9,15)14,8",3,4,0.0,False,-10,前日よりも馬場は乾いて、速い時計の出る馬場。
201809040412,12,3歳以上500万下,芝,1200,曇,良,16:10,2018-09-16,阪神,1,3,6,2015105214,メイケイダイハード,牡3,53,01168,富田暁,1:09.4,,7-7,33.9,6.0,3,532(+4),01039,[西]中竹和也,004800,名古屋競馬,750.0,,,,,,,,,,,"(*2,9)11(1,5,12)(3,6)10,4(13,16)7,15-14,8",7,2,0.0,False,"(*2,9,11)(1,5,12)(3,6,10)4,13(15,16)(7,14)-8",7,3,0.0,False,-10,前日よりも馬場は乾いて、速い時計の出る馬場。
201809040412,12,3歳以上500万下,芝,1200,曇,良,16:10,2018-09-16,阪神,2,2,4,2013100007,ブレイズガール,牝5,55,00732,幸英明,1:09.4,ハナ,10-10,33.7,10.6,5,494(+2),01050,[西]飯田雄三,851009,岡田牧雄,300.0,,,,,,,,,,,"(*2,9)11(1,5,12)(3,6)10,4(13,16)7,15-14,8",10,1,1.5,False,"(*2,9,11)(1,5,12)(3,6,10)4,13(15,16)(7,14)-8",10,1,0.0,False,-10,前日よりも馬場は乾いて、速い時計の出る馬場。
201809040412,12,3歳以上500万下,芝,1200,曇,良,16:10,2018-09-16,阪神,3,8,15,2014110041,クーファディーヴァ,牝4,55,01019,秋山真一,1:09.5,1/2,14-12,33.5,11.4,6,470(0),01160,[西]武幸四郎,052803,大迫久美子,190.0,,,,,,,,,,,"(*2,9)11(1,5,12)(3,6)10,4(13,16)7,15-14,8",14,1,3.0,False,"(*2,9,11)(1,5,12)(3,6,10)4,13(15,16)(7,14)-8",12,2,1.5,False,-10,前日よりも馬場は乾いて、速い時計の出る馬場。
201809040412,12,3歳以上500万下,芝,1200,曇,良,16:10,2018-09-16,阪神,4,7,13,2014101392,キャスパリーグ,牝4,55,01014,福永祐一,1:09.6,3/4,11-11,33.8,6.1,4,438(-12),00411,[西]浅見秀一,053803,杉山忠国,110.0,,,,,,,,,,,"(*2,9)11(1,5,12)(3,6)10,4(13,16)7,15-14,8",11,2,1.5,False,"(*2,9,11)(1,5,12)(3,6,10)4,13(15,16)(7,14)-8",11,1,1.5,False,-10,前日よりも馬場は乾いて、速い時計の出る馬場。
201809040412,12,3歳以上500万下,芝,1200,曇,良,16:10,2018-09-16,阪神,5,5,10,2014105779,キスミーワンス,牝4,55,01115,浜中俊,1:09.6,クビ,9-7,34.1,19.0,8,444(+2),01121,[西]角田晃一,310007,吉田千津,75.0,,,,,,,,,,,"(*2,9)11(1,5,12)(3,6)10,4(13,16)7,15-14,8",9,1,0.0,False,"(*2,9,11)(1,5,12)(3,6,10)4,13(15,16)(7,14)-8",7,3,0.0,False,-10,前日よりも馬場は乾いて、速い時計の出る馬場。
201809040412,12,3歳以上500万下,芝,1200,曇,良,16:10,2018-09-16,阪神,6,4,7,2013103624,メイショウトキン,セ5,54,01171,西村淳也,1:09.8,1.1/4,13-14,33.8,42.2,10,478(+6),01042,[西]安達昭夫,523005,松本好雄,,,,,,,,,,,,"(*2,9)11(1,5,12)(3,6)10,4(13,16)7,15-14,8",13,1,1.5,False,"(*2,9,11)(1,5,12)(3,6,10)4,13(15,16)(7,14)-8",14,2,1.5,False,-10,前日よりも馬場は乾いて、速い時計の出る馬場。
201809040412,12,3歳以上500万下,芝,1200,曇,良,16:10,2018-09-16,阪神,7,6,11,2014110125,サウンドスカイメサ,牝4,55,01128,川須栄彦,1:09.8,クビ,3-2,34.7,347.2,16,442(-4),01107,[西]村山明,168006,増田雄一,,,,,,,,,,,,"(*2,9)11(1,5,12)(3,6)10,4(13,16)7,15-14,8",3,1,0.0,False,"(*2,9,11)(1,5,12)(3,6,10)4,13(15,16)(7,14)-8",2,3,0.0,False,-10,前日よりも馬場は乾いて、速い時計の出る馬場。
201809040412,12,3歳以上500万下,芝,1200,曇,良,16:10,2018-09-16,阪神,8,4,8,2015106290,クロンヌデトワール,牝3,53,01102,北村友一,1:09.8,アタマ,16-16,33.3,42.9,11,460(+18),01128,[西]今野貞一,547800,ヒダカ・ブリーダーズ...,,,,,,,,,,,,"(*2,9)11(1,5,12)(3,6)10,4(13,16)7,15-14,8",16,1,8.0,False,"(*2,9,11)(1,5,12)(3,6,10)4,13(15,16)(7,14)-8",16,1,5.0,False,-10,前日よりも馬場は乾いて、速い時計の出る馬場。
201809040412,12,3歳以上500万下,芝,1200,曇,良,16:10,2018-09-16,阪神,9,1,1,2012104943,プレシャスロード,セ6,57,01154,松若風馬,1:09.9,クビ,4-4,34.7,74.9,12,456(-12),00429,[西]佐々木晶,953030,山本三津子,,,,,,,,,,,,"(*2,9)11(1,5,12)(3,6)10,4(13,16)7,15-14,8",4,3,0.0,False,"(*2,9,11)(1,5,12)(3,6,10)4,13(15,16)(7,14)-8",4,3,0.0,False,-10,前日よりも馬場は乾いて、速い時計の出る馬場。
201809040412,12,3歳以上500万下,芝,1200,曇,良,16:10,2018-09-16,阪神,10,6,12,2015101355,サンライズカナロア,牡3,55,01141,中井裕二,1:09.9,クビ,4-4,34.6,4.2,2,458(0),00438,[西]安田隆行,306008,松岡隆雄,,,,,,,,,,,,"(*2,9)11(1,5,12)(3,6)10,4(13,16)7,15-14,8",4,3,0.0,False,"(*2,9,11)(1,5,12)(3,6,10)4,13(15,16)(7,14)-8",4,3,0.0,False,-10,前日よりも馬場は乾いて、速い時計の出る馬場。
201809040412,12,3歳以上500万下,芝,1200,曇,良,16:10,2018-09-16,阪神,11,1,2,2015103672,グロリアフライト,牝3,53,01124,国分恭介,1:10.0,1/2,1-1,35.0,26.7,9,426(+10),00422,[西]五十嵐忠,102800,ターフ・スポート,,,,,,,,,,,,"(*2,9)11(1,5,12)(3,6)10,4(13,16)7,15-14,8",1,2,0.0,True,"(*2,9,11)(1,5,12)(3,6,10)4,13(15,16)(7,14)-8",1,3,0.0,True,-10,前日よりも馬場は乾いて、速い時計の出る馬場。
201809040412,12,3歳以上500万下,芝,1200,曇,良,16:10,2018-09-16,阪神,12,7,14,2014105642,ファンタジステラ,牡4,57,01093,藤岡佑介,1:10.0,ハナ,15-14,33.8,3.8,1,426(-8),01002,[西]音無秀孝,148800,グリーンファーム,,,,,,,,,,,,"(*2,9)11(1,5,12)(3,6)10,4(13,16)7,15-14,8",15,1,6.5,False,"(*2,9,11)(1,5,12)(3,6,10)4,13(15,16)(7,14)-8",14,2,1.5,False,-10,前日よりも馬場は乾いて、速い時計の出る馬場。
201809040412,12,3歳以上500万下,芝,1200,曇,良,16:10,2018-09-16,阪神,13,2,3,2015100862,ハゼル,牡3,55,01018,和田竜二,1:10.5,3,7-7,34.9,17.4,7,492(+12),01111,[西]鈴木孝志,330007,杉澤光雄,,,,,,,,,,,,"(*2,9)11(1,5,12)(3,6)10,4(13,16)7,15-14,8",7,2,0.0,False,"(*2,9,11)(1,5,12)(3,6,10)4,13(15,16)(7,14)-8",7,3,0.0,False,-10,前日よりも馬場は乾いて、速い時計の出る馬場。
201809040412,12,3歳以上500万下,芝,1200,曇,良,16:10,2018-09-16,阪神,14,3,5,2014102975,デンコウアリオン,牡4,57,01015,古川吉洋,1:10.6,3/4,4-4,35.3,111.9,15,472(-16),01099,[西]本田優,484007,田中康弘,,,,,,,,,,,,"(*2,9)11(1,5,12)(3,6)10,4(13,16)7,15-14,8",4,3,0.0,False,"(*2,9,11)(1,5,12)(3,6,10)4,13(15,16)(7,14)-8",4,3,0.0,False,-10,前日よりも馬場は乾いて、速い時計の出る馬場。
201809040412,12,3歳以上500万下,芝,1200,曇,良,16:10,2018-09-16,阪神,15,5,9,2015104355,シーサイドロマンス,牝3,53,01130,高倉稜,1:10.9,2,2-2,35.9,80.0,13,466(-12),01073,[西]宮本博,310007,吉田千津,,,,,,,,,,,,"(*2,9)11(1,5,12)(3,6)10,4(13,16)7,15-14,8",2,2,0.0,False,"(*2,9,11)(1,5,12)(3,6,10)4,13(15,16)(7,14)-8",2,3,0.0,False,-10,前日よりも馬場は乾いて、速い時計の出る馬場。
201809040412,12,3歳以上500万下,芝,1200,曇,良,16:10,2018-09-16,阪神,16,8,16,2014103646,カロス,牡4,57,01126,松山弘平,1:10.9,アタマ,11-12,35.0,96.8,14,482(-12),01021,[西]池添兼雄,045803,カナヤマホールディン...,,,,,,,,,,,,"(*2,9)11(1,5,12)(3,6)10,4(13,16)7,15-14,8",11,2,1.5,False,"(*2,9,11)(1,5,12)(3,6,10)4,13(15,16)(7,14)-8",12,2,1.5,False,-10,前日よりも馬場は乾いて、速い時計の出る馬場。
