race_id,race_number,race_name,surface,distance_m,weather,going,start_time,race_date,racecourse,finish_pos,waku,umaban,horse_id,horse_name,sex_age,kinryo,jockey_id,jockey_name,time,margin,passing_order,last_3f,odds_final,popularity,weight,trainer_id,trainer_name,owner_id,owner_name,prize,corner1_raw,corner1_rank,corner1_group_size,corner1_gap_len_est,corner1_is_leader,corner2_raw,corner2_rank,corner2_group_size,corner2_gap_len_est,corner2_is_leader,corner3_raw,corner3_rank,corner3_group_size,corner3_gap_len_est,corner3_is_leader,corner4_raw,corner4_rank,corner4_group_size,corner4_gap_len_est,corner4_is_leader,track_index,track_comment
202303020501,1,障害3歳以上OP,芝,3380,雨,稍重,10:10,2023-07-15,福島,1,4,5,2013101904,マイネルヴァッサー,牡10,62,01123,小野寺祐,3:49.1,,6-5-3-3,13.6,7.2,3,428(-6),00417,[東]土田稔,546800,サラブレッドクラブ・...,"1,350.0","9(3,13)(10,1)5,11,2,7,12-(8,4)-6",6,1,0.0,False,"9(3,13,10)(11,5)1,2,7,12,4,8=6",5,2,0.0,False,"(*13,10)(9,5)-3-2,11-(7,12)(1,4)8=6",3,2,0.0,False,"(13,*10)5-(9,3)-2=7(1,12)(8,4)-6=11",3,1,0.0,False,,
202303020501,1,障害3歳以上OP,芝,3380,雨,稍重,10:10,2023-07-15,福島,2,2,2,2017104706,オメガエリタージュ,セ6,60,01063,小坂忠士,3:49.1,アタマ,8-8-6-6,13.6,4.2,1,438(-6),01183,[西]辻野泰之,008803,原禮子,540.0,"9(3,13)(10,1)5,11,2,7,12-(8,4)-6",8,1,3.0,False,"9(3,13,10)(11,5)1,2,7,12,4,8=6",8,1,1.5,False,"(*13,10)(9,5)-3-2,11-(7,12)(1,4)8=6",6,1,7.0,False,"(13,*10)5-(9,3)-2=7(1,12)(8,4)-6=11",6,1,7.0,False,,
202303020501,1,障害3歳以上OP,芝,3380,雨,稍重,10:10,2023-07-15,福島,3,7,10,2016104238,ヤップヤップヤップ,牡7,60,01023,江田勇亮,3:49.2,1/2,4-2-2-1,13.6,21.2,10,452(-10),00420,[東]宗像義忠,960006,薗部博之,340.0,"9(3,13)(10,1)5,11,2,7,12-(8,4)-6",4,2,0.0,False,"9(3,13,10)(11,5)1,2,7,12,4,8=6",2,3,0.0,False,"(*13,10)(9,5)-3-2,11-(7,12)(1,4)8=6",2,2,0.0,False,"(13,*10)5-(9,3)-2=7(1,12)(8,4)-6=11",1,2,0.0,True,,
202303020501,1,障害3歳以上OP,芝,3380,雨,稍重,10:10,2023-07-15,福島,4,3,3,2015104367,ジャディード,牡8,60,01059,石神深一,3:49.7,3,2-2-5-4,13.6,16.6,9,456(+2),01068,[東]小島茂之,922030,丸山担,200.0,"9(3,13)(10,1)5,11,2,7,12-(8,4)-6",2,2,0.0,False,"9(3,13,10)(11,5)1,2,7,12,4,8=6",2,3,0.0,False,"(*13,10)(9,5)-3-2,11-(7,12)(1,4)8=6",5,1,3.5,False,"(13,*10)5-(9,3)-2=7(1,12)(8,4)-6=11",4,2,3.5,False,,
202303020501,1,障害3歳以上OP,芝,3380,雨,稍重,10:10,2023-07-15,福島,5,8,13,2019106750,ダンツキタイ,牝4,57,01196,小牧加矢,3:49.9,1.1/2,2-2-1-2,13.6,4.7,2,490(-4),00431,[西]谷潔,248005,山元哲二,135.0,"9(3,13)(10,1)5,11,2,7,12-(8,4)-6",2,2,0.0,False,"9(3,13,10)(11,5)1,2,7,12,4,8=6",2,3,0.0,False,"(*13,10)(9,5)-3-2,11-(7,12)(1,4)8=6",1,2,0.0,True,"(13,*10)5-(9,3)-2=7(1,12)(8,4)-6=11",2,2,0.0,False,,
202303020501,1,障害3歳以上OP,芝,3380,雨,稍重,10:10,2023-07-15,福島,6,5,7,2017105386,リアム,牡6,60,01068,蓑島靖典,3:50.7,5,9-9-8-7,13.7,9.2,6,536(+2),01017,[東]萩原清,226800,サンデーレーシング,,"9(3,13)(10,1)5,11,2,7,12-(8,4)-6",9,1,4.5,False,"9(3,13,10)(11,5)1,2,7,12,4,8=6",9,1,3.0,False,"(*13,10)(9,5)-3-2,11-(7,12)(1,4)8=6",8,2,12.0,False,"(13,*10)5-(9,3)-2=7(1,12)(8,4)-6=11",7,1,13.0,False,,
202303020501,1,障害3歳以上OP,芝,3380,雨,稍重,10:10,2023-07-15,福島,7,1,1,2018105810,ラジェドール,セ5,60,01052,金子光希,3:51.2,3,4-7-10-8,13.7,34.1,11,498(+6),01076,[東]小笠倫弘,156033,根岸朋弘,,"9(3,13)(10,1)5,11,2,7,12-(8,4)-6",4,2,0.0,False,"9(3,13,10)(11,5)1,2,7,12,4,8=6",7,1,0.0,False,"(*13,10)(9,5)-3-2,11-(7,12)(1,4)8=6",10,2,12.0,False,"(13,*10)5-(9,3)-2=7(1,12)(8,4)-6=11",8,2,13.0,False,,
202303020501,1,障害3歳以上OP,芝,3380,雨,稍重,10:10,2023-07-15,福島,8,6,9,2018104266,ナギサ,牝5,60,01101,中村将之,3:51.2,クビ,1-1-3-4,13.7,14.8,8,504(-4),01099,[西]本田優,694008,本間茂,,"9(3,13)(10,1)5,11,2,7,12-(8,4)-6",1,1,0.0,False,"9(3,13,10)(11,5)1,2,7,12,4,8=6",1,1,0.0,False,"(*13,10)(9,5)-3-2,11-(7,12)(1,4)8=6",3,2,0.0,False,"(13,*10)5-(9,3)-2=7(1,12)(8,4)-6=11",4,2,3.5,False,,
202303020501,1,障害3歳以上OP,芝,3380,雨,稍重,10:10,2023-07-15,福島,9,6,8,2018100953,シングンジョーイ,牡5,57,01201,水沼元輝,3:51.4,3/4,11-12-12-10,13.7,70.2,12,452(+2),01177,[東]伊坂重信,771009,伊坂重憲,,"9(3,13)(10,1)5,11,2,7,12-(8,4)-6",11,2,9.5,False,"9(3,13,10)(11,5)1,2,7,12,4,8=6",12,1,7.5,False,"(*13,10)(9,5)-3-2,11-(7,12)(1,4)8=6",12,1,12.0,False,"(13,*10)5-(9,3)-2=7(1,12)(8,4)-6=11",10,2,13.0,False,,
202303020501,1,障害3歳以上OP,芝,3380,雨,稍重,10:10,2023-07-15,福島,10,4,4,2017104690,パーディシャー,牡6,60,01113,草野太郎,3:51.6,1.1/4,11-11-10-10,13.7,10.7,7,458(+6),01067,[東]久保田貴,415800,社台レースホース,,"9(3,13)(10,1)5,11,2,7,12-(8,4)-6",11,2,9.5,False,"9(3,13,10)(11,5)1,2,7,12,4,8=6",11,1,6.0,False,"(*13,10)(9,5)-3-2,11-(7,12)(1,4)8=6",10,2,12.0,False,"(13,*10)5-(9,3)-2=7(1,12)(8,4)-6=11",10,2,13.0,False,,
202303020501,1,障害3歳以上OP,芝,3380,雨,稍重,10:10,2023-07-15,福島,11,5,6,2015104549,テトラルキア,セ8,60,01120,大江原圭,3:52.3,4,13-13-13-12,13.7,139.4,13,498(+6),01124,[東]大和田成,758005,吉田照哉,,"9(3,13)(10,1)5,11,2,7,12-(8,4)-6",13,1,13.0,False,"9(3,13,10)(11,5)1,2,7,12,4,8=6",13,1,13.5,False,"(*13,10)(9,5)-3-2,11-(7,12)(1,4)8=6",13,1,18.0,False,"(13,*10)5-(9,3)-2=7(1,12)(8,4)-6=11",12,1,16.5,False,,
202303020501,1,障害3歳以上OP,芝,3380,雨,稍重,10:10,2023-07-15,福島,12,8,12,2016105007,ポートロイヤル,セ7,60,01149,伴啓太,3:52.6,1.3/4,10-10-8-8,13.8,8.9,5,454(-10),01118,[東]高柳瑞樹,415800,社台レースホース,,"9(3,13)(10,1)5,11,2,7,12-(8,4)-6",10,1,6.0,False,"9(3,13,10)(11,5)1,2,7,12,4,8=6",10,1,4.5,False,"(*13,10)(9,5)-3-2,11-(7,12)(1,4)8=6",8,2,12.0,False,"(13,*10)5-(9,3)-2=7(1,12)(8,4)-6=11",8,2,13.0,False,,
202303020501,1,障害3歳以上OP,芝,3380,雨,稍重,10:10,2023-07-15,福島,中,7,11,2018105731,メイショウアツイタ,牡5,60,01066,難波剛健,,,7-5-7-13,,8.0,4,494(-6),01129,[西]高橋義忠,523005,松本好雄,,"9(3,13)(10,1)5,11,2,7,12-(8,4)-6",7,1,1.5,False,"9(3,13,10)(11,5)1,2,7,12,4,8=6",5,2,0.0,False,"(*13,10)(9,5)-3-2,11-(7,12)(1,4)8=6",7,1,8.5,False,"(13,*10)5-(9,3)-2=7(1,12)(8,4)-6=11",13,1,22.5,False,,
202303020502,2,3歳未勝利,ダ,1700,雨,稍重,10:45,2023-07-15,福島,1,8,14,2020103888,ベルシャンソン,牝3,51,01201,水沼元輝,1:48.9,,6-5-5-4,39.8,14.2,7,474(-2),01187,[東]西田雄一,854800,ノルマンディーサラブ...,550.0,"(*2,3)4(5,10)14(8,7,9)(13,15)12-6-11=1",6,1,0.0,False,"2,3(5,4)(10,14)8(9,15)7,13,12-6=11=1",5,2,1.5,False,"(*2,3,4)5(8,10,14)(9,15)(13,12)(7,6)=11=1",5,3,0.0,False,"(*2,3,4)(5,8,14)10,15(9,6)13,12,7,11=1",4,3,0.0,False,-1,
202303020502,2,3歳未勝利,ダ,1700,雨,稍重,10:45,2023-07-15,福島,2,3,5,2020101086,サンマルリアン,牝3,53,01188,永野猛蔵,1:49.1,1.1/4,4-3-4-4,40.1,17.0,8,424(-6),01165,[東]和田勇介,580007,相馬勇,220.0,"(*2,3)4(5,10)14(8,7,9)(13,15)12-6-11=1",4,2,0.0,False,"2,3(5,4)(10,14)8(9,15)7,13,12-6=11=1",3,2,1.5,False,"(*2,3,4)5(8,10,14)(9,15)(13,12)(7,6)=11=1",4,1,0.0,False,"(*2,3,4)(5,8,14)10,15(9,6)13,12,7,11=1",4,3,0.0,False,-1,
202303020502,2,3歳未勝利,ダ,1700,雨,稍重,10:45,2023-07-15,福島,3,8,15,2020100624,ウワサノアノコ,牝3,54,01161,菊沢一樹,1:49.8,4,10-8-8-8,40.5,261.4,15,404(-10),01043,[東]石栗龍彦,781002,栗山道郎,140.0,"(*2,3)4(5,10)14(8,7,9)(13,15)12-6-11=1",10,2,0.0,False,"2,3(5,4)(10,14)8(9,15)7,13,12-6=11=1",8,2,1.5,False,"(*2,3,4)5(8,10,14)(9,15)(13,12)(7,6)=11=1",8,2,0.0,False,"(*2,3,4)(5,8,14)10,15(9,6)13,12,7,11=1",8,1,1.5,False,-1,
202303020502,2,3歳未勝利,ダ,1700,雨,稍重,10:45,2023-07-15,福島,4,6,11,2020104740,エドノアンジェラス,牝3,50,01206,小林美駒,1:49.9,1/2,14-14-14-14,39.2,218.2,14,492(-38),01020,[東]相沢郁,624009,遠藤喜松,83.0,"(*2,3)4(5,10)14(8,7,9)(13,15)12-6-11=1",14,1,7.0,False,"2,3(5,4)(10,14)8(9,15)7,13,12-6=11=1",14,1,14.0,False,"(*2,3,4)5(8,10,14)(9,15)(13,12)(7,6)=11=1",14,1,6.0,False,"(*2,3,4)(5,8,14)10,15(9,6)13,12,7,11=1",14,1,6.0,False,-1,
202303020502,2,3歳未勝利,ダ,1700,雨,稍重,10:45,2023-07-15,福島,5,5,8,2020103163,ロゴナンバーワン,牝3,54,00641,柴田善臣,1:49.9,クビ,7-7-5-4,40.7,8.7,5,420(-4),01125,[東]小野次郎,315800,イーデン産業,55.0,"(*2,3)4(5,10)14(8,7,9)(13,15)12-6-11=1",7,3,0.0,False,"2,3(5,4)(10,14)8(9,15)7,13,12-6=11=1",7,1,1.5,False,"(*2,3,4)5(8,10,14)(9,15)(13,12)(7,6)=11=1",5,3,0.0,False,"(*2,3,4)(5,8,14)10,15(9,6)13,12,7,11=1",4,3,0.0,False,-1,
202303020502,2,3歳未勝利,ダ,1700,雨,稍重,10:45,2023-07-15,福島,6,4,6,2020107089,ブレードランナー,牝3,52,01184,原優介,1:50.1,1.1/2,13-13-12-9,40.3,26.8,10,438(-4),01103,[東]尾関知人,855030,田頭勇貴,,"(*2,3)4(5,10)14(8,7,9)(13,15)12-6-11=1",13,1,3.5,False,"2,3(5,4)(10,14)8(9,15)7,13,12-6=11=1",13,1,8.0,False,"(*2,3,4)5(8,10,14)(9,15)(13,12)(7,6)=11=1",12,2,0.0,False,"(*2,3,4)(5,8,14)10,15(9,6)13,12,7,11=1",9,2,1.5,False,-1,
202303020502,2,3歳未勝利,ダ,1700,雨,稍重,10:45,2023-07-15,福島,7,6,10,2020101045,シズカノウミ,牝3,54,01096,大野拓弥,1:50.2,クビ,4-5-5-7,41.0,3.2,1,450(-2),01100,[東]松山将樹,081700,プレミアムレースホー...,,"(*2,3)4(5,10)14(8,7,9)(13,15)12-6-11=1",4,2,0.0,False,"2,3(5,4)(10,14)8(9,15)7,13,12-6=11=1",5,2,1.5,False,"(*2,3,4)5(8,10,14)(9,15)(13,12)(7,6)=11=1",5,3,0.0,False,"(*2,3,4)(5,8,14)10,15(9,6)13,12,7,11=1",7,1,0.0,False,-1,
202303020502,2,3歳未勝利,ダ,1700,雨,稍重,10:45,2023-07-15,福島,8,3,4,2020100433,オズモポリタン,牝3,54,00422,内田博幸,1:50.7,3,3-3-2-2,42.0,5.8,3,484(-6),01056,[東]本間忍,198031,琴浦諒,,"(*2,3)4(5,10)14(8,7,9)(13,15)12-6-11=1",3,1,0.0,False,"2,3(5,4)(10,14)8(9,15)7,13,12-6=11=1",3,2,1.5,False,"(*2,3,4)5(8,10,14)(9,15)(13,12)(7,6)=11=1",2,3,0.0,False,"(*2,3,4)(5,8,14)10,15(9,6)13,12,7,11=1",2,3,0.0,False,-1,
202303020502,2,3歳未勝利,ダ,1700,雨,稍重,10:45,2023-07-15,福島,9,5,9,2020105132,ルレーブアマゾン,牝3,52,01183,小林脩斗,1:50.7,クビ,7-8-8-9,41.3,24.0,9,470(0),01190,[東]村田一誠,826800,クラウン,,"(*2,3)4(5,10)14(8,7,9)(13,15)12-6-11=1",7,3,0.0,False,"2,3(5,4)(10,14)8(9,15)7,13,12-6=11=1",8,2,1.5,False,"(*2,3,4)5(8,10,14)(9,15)(13,12)(7,6)=11=1",8,2,0.0,False,"(*2,3,4)(5,8,14)10,15(9,6)13,12,7,11=1",9,2,1.5,False,-1,
202303020502,2,3歳未勝利,ダ,1700,雨,稍重,10:45,2023-07-15,福島,10,7,12,2020103288,ウォーカーカップ,牝3,54,01127,丸山元気,1:50.9,1.1/2,12-12-10-12,41.2,147.3,13,414(-12),01109,[東]伊藤大士,138007,吉田和美,,"(*2,3)4(5,10)14(8,7,9)(13,15)12-6-11=1",12,1,0.0,False,"2,3(5,4)(10,14)8(9,15)7,13,12-6=11=1",12,1,4.5,False,"(*2,3,4)5(8,10,14)(9,15)(13,12)(7,6)=11=1",10,2,0.0,False,"(*2,3,4)(5,8,14)10,15(9,6)13,12,7,11=1",12,1,3.0,False,-1,
202303020502,2,3歳未勝利,ダ,1700,雨,稍重,10:45,2023-07-15,福島,11,2,2,2020103506,スカイラー,牝3,54,05386,戸崎圭太,1:51.1,1.1/4,1-1-1-1,42.4,5.3,2,456(-6),00399,[東]国枝栄,199031,エムズレーシング,,"(*2,3)4(5,10)14(8,7,9)(13,15)12-6-11=1",1,2,0.0,True,"2,3(5,4)(10,14)8(9,15)7,13,12-6=11=1",1,1,0.0,False,"(*2,3,4)5(8,10,14)(9,15)(13,12)(7,6)=11=1",1,3,0.0,True,"(*2,3,4)(5,8,14)10,15(9,6)13,12,7,11=1",1,3,0.0,True,-1,
202303020502,2,3歳未勝利,ダ,1700,雨,稍重,10:45,2023-07-15,福島,12,4,7,2020105702,カヤドーブラック,牝3,54,01162,木幡巧也,1:51.2,1/2,7-10-12-13,41.3,13.3,6,446(-6),01133,[東]黒岩陽一,627007,黒澤尚,,"(*2,3)4(5,10)14(8,7,9)(13,15)12-6-11=1",7,3,0.0,False,"2,3(5,4)(10,14)8(9,15)7,13,12-6=11=1",10,1,1.5,False,"(*2,3,4)5(8,10,14)(9,15)(13,12)(7,6)=11=1",12,2,0.0,False,"(*2,3,4)(5,8,14)10,15(9,6)13,12,7,11=1",13,1,4.5,False,-1,
202303020502,2,3歳未勝利,ダ,1700,雨,稍重,10:45,2023-07-15,福島,13,7,13,2020106976,クレイプマートル,牝3,54,00689,江田照男,1:51.3,クビ,10-11-10-11,41.6,32.9,11,518(-6),01081,[東]中川公成,629800,ミルファーム,,"(*2,3)4(5,10)14(8,7,9)(13,15)12-6-11=1",10,2,0.0,False,"2,3(5,4)(10,14)8(9,15)7,13,12-6=11=1",11,1,3.0,False,"(*2,3,4)5(8,10,14)(9,15)(13,12)(7,6)=11=1",10,2,0.0,False,"(*2,3,4)(5,8,14)10,15(9,6)13,12,7,11=1",11,1,1.5,False,-1,
202303020502,2,3歳未勝利,ダ,1700,雨,稍重,10:45,2023-07-15,福島,14,2,3,2020106515,カフェクリア,牝3,54,01075,田辺裕信,1:52.0,4,2-2-2-2,43.3,7.6,4,468(+2),01070,[東]堀宣行,629007,西川光一,,"(*2,3)4(5,10)14(8,7,9)(13,15)12-6-11=1",2,2,0.0,False,"2,3(5,4)(10,14)8(9,15)7,13,12-6=11=1",2,1,1.5,False,"(*2,3,4)5(8,10,14)(9,15)(13,12)(7,6)=11=1",2,3,0.0,False,"(*2,3,4)(5,8,14)10,15(9,6)13,12,7,11=1",2,3,0.0,False,-1,
202303020502,2,3歳未勝利,ダ,1700,雨,稍重,10:45,2023-07-15,福島,15,1,1,2020103637,エリザベスベイ,牝3,53,01186,角田大和,1:56.0,大,15-15-15-15,42.3,126.1,12,414(+10),01153,[東]中舘英二,506800,シルクレーシング,,"(*2,3)4(5,10)14(8,7,9)(13,15)12-6-11=1",15,1,13.0,False,"2,3(5,4)(10,14)8(9,15)7,13,12-6=11=1",15,1,20.0,False,"(*2,3,4)5(8,10,14)(9,15)(13,12)(7,6)=11=1",15,1,12.0,False,"(*2,3,4)(5,8,14)10,15(9,6)13,12,7,11=1",15,1,12.0,False,-1,
202303020503,3,3歳未勝利,ダ,1700,雨,稍重,11:15,2023-07-15,福島,1,2,2,2020105372,ショウナンガロ,牡3,56,00422,内田博幸,1:47.4,,6-6-4-2,38.6,5.6,3,478(-8),01089,[東]武市康男,331002,国本哲秀,550.0,"(*5,6)(4,15)13(2,10)(7,11)9(8,3)(12,14)1",6,2,0.0,False,"(*5,6)-(4,15)13(2,10)-11(7,9)-3(8,12)-(1,14)",6,2,3.5,False,"(6,15,*10)(4,2,9)(5,11,13)12,3,7,8-1=14",4,3,0.0,False,"10(15,2,9)(6,4)-11-13,12-3(7,8)-(5,1)-14",2,3,0.0,False,-1,
202303020503,3,3歳未勝利,ダ,1700,雨,稍重,11:15,2023-07-15,福島,2,5,9,2020104495,ミエノサンダー,牡3,56,01117,丸田恭介,1:47.7,1.1/2,10-9-4-2,38.8,7.9,5,476(-6),00420,[東]宗像義忠,414030,里見美惠子,220.0,"(*5,6)(4,15)13(2,10)(7,11)9(8,3)(12,14)1",10,1,0.0,False,"(*5,6)-(4,15)13(2,10)-11(7,9)-3(8,12)-(1,14)",9,2,7.0,False,"(6,15,*10)(4,2,9)(5,11,13)12,3,7,8-1=14",4,3,0.0,False,"10(15,2,9)(6,4)-11-13,12-3(7,8)-(5,1)-14",2,3,0.0,False,-1,
202303020503,3,3歳未勝利,ダ,1700,雨,稍重,11:15,2023-07-15,福島,3,6,10,2020106013,インテンスシチー,牡3,56,01009,柴田大知,1:48.0,1.3/4,6-6-1-1,39.4,7.1,4,494(0),01143,[東]和田雄二,321800,友駿ホースクラブ,140.0,"(*5,6)(4,15)13(2,10)(7,11)9(8,3)(12,14)1",6,2,0.0,False,"(*5,6)-(4,15)13(2,10)-11(7,9)-3(8,12)-(1,14)",6,2,3.5,False,"(6,15,*10)(4,2,9)(5,11,13)12,3,7,8-1=14",1,3,0.0,True,"10(15,2,9)(6,4)-11-13,12-3(7,8)-(5,1)-14",1,1,0.0,False,-1,
202303020503,3,3歳未勝利,ダ,1700,雨,稍重,11:15,2023-07-15,福島,4,3,4,2020105675,ツカサレヴズ,牡3,56,00733,吉田豊,1:48.5,3.1/2,3-3-4-5,39.6,17.4,7,474(-2),01112,[東]田島俊明,523031,小泉禎剛,83.0,"(*5,6)(4,15)13(2,10)(7,11)9(8,3)(12,14)1",3,2,0.0,False,"(*5,6)-(4,15)13(2,10)-11(7,9)-3(8,12)-(1,14)",3,2,3.5,False,"(6,15,*10)(4,2,9)(5,11,13)12,3,7,8-1=14",4,3,0.0,False,"10(15,2,9)(6,4)-11-13,12-3(7,8)-(5,1)-14",5,2,0.0,False,-1,
202303020503,3,3歳未勝利,ダ,1700,雨,稍重,11:15,2023-07-15,福島,5,8,15,2020105578,トウロウノオノ,牝3,52,01184,原優介,1:48.5,ハナ,3-3-2-2,39.9,2.2,1,436(-4),01152,[東]竹内正洋,044803,由井健太郎,55.0,"(*5,6)(4,15)13(2,10)(7,11)9(8,3)(12,14)1",3,2,0.0,False,"(*5,6)-(4,15)13(2,10)-11(7,9)-3(8,12)-(1,14)",3,2,3.5,False,"(6,15,*10)(4,2,9)(5,11,13)12,3,7,8-1=14",2,3,0.0,False,"10(15,2,9)(6,4)-11-13,12-3(7,8)-(5,1)-14",2,3,0.0,False,-1,
202303020503,3,3歳未勝利,ダ,1700,雨,稍重,11:15,2023-07-15,福島,6,6,11,2020103227,ロジドレフォン,牡3,56,01043,北村宏司,1:49.2,4,8-8-7-7,40.0,72.3,9,506(+8),01079,[東]古賀慎明,399030,久米田正明,,"(*5,6)(4,15)13(2,10)(7,11)9(8,3)(12,14)1",8,2,0.0,False,"(*5,6)-(4,15)13(2,10)-11(7,9)-3(8,12)-(1,14)",8,1,7.0,False,"(6,15,*10)(4,2,9)(5,11,13)12,3,7,8-1=14",7,3,0.0,False,"10(15,2,9)(6,4)-11-13,12-3(7,8)-(5,1)-14",7,1,3.5,False,-1,
202303020503,3,3歳未勝利,ダ,1700,雨,稍重,11:15,2023-07-15,福島,7,7,12,2020101684,シンボリタイプ,牡3,56,00684,田中勝春,1:50.2,6,13-12-10-9,40.8,15.9,6,514(-12),01052,[東]菊川正達,431800,シンボリ牧場,,"(*5,6)(4,15)13(2,10)(7,11)9(8,3)(12,14)1",13,2,0.0,False,"(*5,6)-(4,15)13(2,10)-11(7,9)-3(8,12)-(1,14)",12,2,10.5,False,"(6,15,*10)(4,2,9)(5,11,13)12,3,7,8-1=14",10,1,0.0,False,"10(15,2,9)(6,4)-11-13,12-3(7,8)-(5,1)-14",9,1,8.5,False,-1,
202303020503,3,3歳未勝利,ダ,1700,雨,稍重,11:15,2023-07-15,福島,8,4,7,2020103897,シュヴァルツナーガ,牝3,54,01179,菅原明良,1:50.3,クビ,8-9-12-11,40.6,121.2,11,426(+2),01048,[東]畠山吉宏,201033,永見貴昭,,"(*5,6)(4,15)13(2,10)(7,11)9(8,3)(12,14)1",8,2,0.0,False,"(*5,6)-(4,15)13(2,10)-11(7,9)-3(8,12)-(1,14)",9,2,7.0,False,"(6,15,*10)(4,2,9)(5,11,13)12,3,7,8-1=14",12,1,3.0,False,"10(15,2,9)(6,4)-11-13,12-3(7,8)-(5,1)-14",11,2,12.0,False,-1,
202303020503,3,3歳未勝利,ダ,1700,雨,稍重,11:15,2023-07-15,福島,9,4,6,2020101150,ミッキーホーリー,牡3,56,01161,菊沢一樹,1:50.6,1.1/2,2-2-2-5,42.0,5.5,2,498(+2),01115,[東]菊沢隆徳,441007,野田みづき,,"(*5,6)(4,15)13(2,10)(7,11)9(8,3)(12,14)1",2,2,0.0,False,"(*5,6)-(4,15)13(2,10)-11(7,9)-3(8,12)-(1,14)",2,2,0.0,False,"(6,15,*10)(4,2,9)(5,11,13)12,3,7,8-1=14",2,3,0.0,False,"10(15,2,9)(6,4)-11-13,12-3(7,8)-(5,1)-14",5,2,0.0,False,-1,
202303020503,3,3歳未勝利,ダ,1700,雨,稍重,11:15,2023-07-15,福島,10,7,13,2020105696,シンキングファーザ,牡3,54,01183,小林脩斗,1:50.6,アタマ,5-5-7-8,41.5,108.6,10,458(-8),01112,[東]田島俊明,844008,佐藤雄司,,"(*5,6)(4,15)13(2,10)(7,11)9(8,3)(12,14)1",5,1,0.0,False,"(*5,6)-(4,15)13(2,10)-11(7,9)-3(8,12)-(1,14)",5,1,3.5,False,"(6,15,*10)(4,2,9)(5,11,13)12,3,7,8-1=14",7,3,0.0,False,"10(15,2,9)(6,4)-11-13,12-3(7,8)-(5,1)-14",8,1,7.0,False,-1,
202303020503,3,3歳未勝利,ダ,1700,雨,稍重,11:15,2023-07-15,福島,11,5,8,2020104127,エコログリッド,牡3,56,01131,西村太一,1:51.0,2,11-12-13-11,41.0,59.2,8,456(-14),01059,[東]加藤征弘,783033,原村正紀,,"(*5,6)(4,15)13(2,10)(7,11)9(8,3)(12,14)1",11,2,0.0,False,"(*5,6)-(4,15)13(2,10)-11(7,9)-3(8,12)-(1,14)",12,2,10.5,False,"(6,15,*10)(4,2,9)(5,11,13)12,3,7,8-1=14",13,1,4.5,False,"10(15,2,9)(6,4)-11-13,12-3(7,8)-(5,1)-14",11,2,12.0,False,-1,
202303020503,3,3歳未勝利,ダ,1700,雨,稍重,11:15,2023-07-15,福島,12,2,3,2020101075,オペラミラクル,牡3,56,01135,杉原誠人,1:51.1,1/2,11-11-11-10,41.6,188.7,13,506(-4),01027,[東]田村康仁,352031,二木英実,,"(*5,6)(4,15)13(2,10)(7,11)9(8,3)(12,14)1",11,2,0.0,False,"(*5,6)-(4,15)13(2,10)-11(7,9)-3(8,12)-(1,14)",11,1,10.5,False,"(6,15,*10)(4,2,9)(5,11,13)12,3,7,8-1=14",11,1,1.5,False,"10(15,2,9)(6,4)-11-13,12-3(7,8)-(5,1)-14",10,1,12.0,False,-1,
202303020503,3,3歳未勝利,ダ,1700,雨,稍重,11:15,2023-07-15,福島,13,8,14,2020104468,コロナオペルタ,牡3,52,01206,小林美駒,1:51.2,1/2,13-14-15-15,40.0,135.4,12,478(-14),01165,[東]和田勇介,851009,岡田牧雄,,"(*5,6)(4,15)13(2,10)(7,11)9(8,3)(12,14)1",13,2,0.0,False,"(*5,6)-(4,15)13(2,10)-11(7,9)-3(8,12)-(1,14)",14,2,14.0,False,"(6,15,*10)(4,2,9)(5,11,13)12,3,7,8-1=14",15,1,14.0,False,"10(15,2,9)(6,4)-11-13,12-3(7,8)-(5,1)-14",15,1,19.0,False,-1,
202303020503,3,3歳未勝利,ダ,1700,雨,稍重,11:15,2023-07-15,福島,14,1,1,2020102104,デルマコテナゲ,牡3,56,01143,原田和真,1:51.2,クビ,15-14-14-13,40.8,268.3,15,474(0),01125,[東]小野次郎,274002,浅沼廣幸,,"(*5,6)(4,15)13(2,10)(7,11)9(8,3)(12,14)1",15,1,0.0,False,"(*5,6)-(4,15)13(2,10)-11(7,9)-3(8,12)-(1,14)",14,2,14.0,False,"(6,15,*10)(4,2,9)(5,11,13)12,3,7,8-1=14",14,1,8.0,False,"10(15,2,9)(6,4)-11-13,12-3(7,8)-(5,1)-14",13,2,15.5,False,-1,
202303020503,3,3歳未勝利,ダ,1700,雨,稍重,11:15,2023-07-15,福島,15,3,5,2020100839,エルフィンドール,牝3,54,01108,的場勇人,1:57.0,大,1-1-7-13,47.8,266.4,14,476(+2),01063,[東]的場均,761800,静内白井牧場,,"(*5,6)(4,15)13(2,10)(7,11)9(8,3)(12,14)1",1,2,0.0,True,"(*5,6)-(4,15)13(2,10)-11(7,9)-3(8,12)-(1,14)",1,2,0.0,True,"(6,15,*10)(4,2,9)(5,11,13)12,3,7,8-1=14",7,3,0.0,False,"10(15,2,9)(6,4)-11-13,12-3(7,8)-(5,1)-14",13,2,15.5,False,-1,
202303020504,4,障害3歳以上未勝利,芝,2770,雨,稍重,11:45,2023-07-15,福島,1,7,9,2018105282,ブラウシュヴァルツ,セ5,60,01149,伴啓太,3:06.0,,1-1-1-1,13.4,3.6,2,484(-6),01133,[東]黒岩陽一,486800,キャロットファーム,790.0,"9-4,5(8,3,2)10(7,1)-11   6",1,1,0.0,False,"9-(4,10)(5,2)-8(7,3,1)-11   6",1,1,0.0,False,"9-(4,10)=5(7,2)-(3,11)1=8   6",1,1,0.0,False,"(*9,4)-10,5-(7,2)11,3=1=8   6",1,2,0.0,True,,
202303020504,4,障害3歳以上未勝利,芝,2770,雨,稍重,11:45,2023-07-15,福島,2,4,4,2015105440,ザスリーサーティ,牡8,60,01069,五十嵐雄,3:06.2,1.1/4,2-2-2-2,13.4,3.4,1,478(-4),01141,[東]尾形和幸,063803,諸江幸祐,320.0,"9-4,5(8,3,2)10(7,1)-11   6",2,1,3.5,False,"9-(4,10)(5,2)-8(7,3,1)-11   6",2,2,3.5,False,"9-(4,10)=5(7,2)-(3,11)1=8   6",2,2,3.5,False,"(*9,4)-10,5-(7,2)11,3=1=8   6",2,2,0.0,False,,
202303020504,4,障害3歳以上未勝利,芝,2770,雨,稍重,11:45,2023-07-15,福島,3,8,11,2016102723,プロース,牡7,60,01059,石神深一,3:07.0,5,10-10-7-7,13.5,4.7,3,510(0),01052,[東]菊川正達,418030,高樽さゆり,200.0,"9-4,5(8,3,2)10(7,1)-11   6",10,1,8.5,False,"9-(4,10)(5,2)-8(7,3,1)-11   6",10,1,10.5,False,"9-(4,10)=5(7,2)-(3,11)1=8   6",7,2,13.0,False,"(*9,4)-10,5-(7,2)11,3=1=8   6",7,1,8.5,False,,
202303020504,4,障害3歳以上未勝利,芝,2770,雨,稍重,11:45,2023-07-15,福島,4,5,5,2017104888,リメンバーメモリー,牡6,59,01196,小牧加矢,3:07.5,3,3-4-4-4,13.5,7.5,5,480(-2),00429,[西]佐々木晶,041002,前田晋二,120.0,"9-4,5(8,3,2)10(7,1)-11   6",3,1,5.0,False,"9-(4,10)(5,2)-8(7,3,1)-11   6",4,2,3.5,False,"9-(4,10)=5(7,2)-(3,11)1=8   6",4,1,9.5,False,"(*9,4)-10,5-(7,2)11,3=1=8   6",4,1,5.0,False,,
202303020504,4,障害3歳以上未勝利,芝,2770,雨,稍重,11:45,2023-07-15,福島,5,3,3,2018104789,アサクサトラマル,牡5,60,01068,蓑島靖典,3:07.9,2.1/2,4-7-7-8,13.6,36.4,9,458(0),01054,[東]戸田博文,537009,田原慶子,79.0,"9-4,5(8,3,2)10(7,1)-11   6",4,3,5.0,False,"9-(4,10)(5,2)-8(7,3,1)-11   6",7,3,7.0,False,"9-(4,10)=5(7,2)-(3,11)1=8   6",7,2,13.0,False,"(*9,4)-10,5-(7,2)11,3=1=8   6",8,1,10.0,False,,
202303020504,4,障害3歳以上未勝利,芝,2770,雨,稍重,11:45,2023-07-15,福島,6,8,10,2019104908,ノーティアス,牡4,60,01023,江田勇亮,3:08.1,1,7-2-2-3,13.6,15.4,6,504(0),00420,[東]宗像義忠,758005,吉田照哉,,"9-4,5(8,3,2)10(7,1)-11   6",7,1,5.0,False,"9-(4,10)(5,2)-8(7,3,1)-11   6",2,2,3.5,False,"9-(4,10)=5(7,2)-(3,11)1=8   6",2,2,3.5,False,"(*9,4)-10,5-(7,2)11,3=1=8   6",3,1,3.5,False,,
202303020504,4,障害3歳以上未勝利,芝,2770,雨,稍重,11:45,2023-07-15,福島,7,2,2,2018102226,ユーベルント,牝5,58,01061,大庭和弥,3:08.8,4,4-4-5-5,13.6,6.7,4,444(0),01189,[東]堀内岳志,854800,ノルマンディーサラブ...,,"9-4,5(8,3,2)10(7,1)-11   6",4,3,5.0,False,"9-(4,10)(5,2)-8(7,3,1)-11   6",4,2,3.5,False,"9-(4,10)=5(7,2)-(3,11)1=8   6",5,2,9.5,False,"(*9,4)-10,5-(7,2)11,3=1=8   6",5,2,8.5,False,,
202303020504,4,障害3歳以上未勝利,芝,2770,雨,稍重,11:45,2023-07-15,福島,8,6,7,2019106307,パワータイショウ,牡4,60,01123,小野寺祐,3:09.2,2.1/2,8-7-5-5,13.7,69.6,10,528(+10),01107,[西]村山明,772002,西村新一郎,,"9-4,5(8,3,2)10(7,1)-11   6",8,2,5.0,False,"9-(4,10)(5,2)-8(7,3,1)-11   6",7,3,7.0,False,"9-(4,10)=5(7,2)-(3,11)1=8   6",5,2,9.5,False,"(*9,4)-10,5-(7,2)11,3=1=8   6",5,2,8.5,False,,
202303020504,4,障害3歳以上未勝利,芝,2770,雨,稍重,11:45,2023-07-15,福島,9,1,1,2019104410,ミゲル,牡4,60,01113,草野太郎,3:13.2,大,8-7-9-9,13.9,19.4,7,490(-12),00417,[東]土田稔,270006,島川隆哉,,"9-4,5(8,3,2)10(7,1)-11   6",8,2,5.0,False,"9-(4,10)(5,2)-8(7,3,1)-11   6",7,3,7.0,False,"9-(4,10)=5(7,2)-(3,11)1=8   6",9,1,13.0,False,"(*9,4)-10,5-(7,2)11,3=1=8   6",9,1,16.0,False,,
202303020504,4,障害3歳以上未勝利,芝,2770,雨,稍重,11:45,2023-07-15,福島,10,7,8,2019100489,セイウンフィーバー,牡4,60,01120,大江原圭,3:13.9,4,4-6-10-10,14.0,85.8,11,454(0),01141,[東]尾形和幸,897009,西山茂行,,"9-4,5(8,3,2)10(7,1)-11   6",4,3,5.0,False,"9-(4,10)(5,2)-8(7,3,1)-11   6",6,1,7.0,False,"9-(4,10)=5(7,2)-(3,11)1=8   6",10,1,19.0,False,"(*9,4)-10,5-(7,2)11,3=1=8   6",10,1,22.0,False,,
202303020504,4,障害3歳以上未勝利,芝,2770,雨,稍重,11:45,2023-07-15,福島,中,6,6,2019104639,サトノストロング,セ4,60,01087,上野翔,,,,,33.6,8,456(-16),01079,[東]古賀慎明,790031,里見治,,"9-4,5(8,3,2)10(7,1)-11   6",11,1,14.5,False,"9-(4,10)(5,2)-8(7,3,1)-11   6",11,1,16.5,False,"9-(4,10)=5(7,2)-(3,11)1=8   6",11,1,25.0,False,"(*9,4)-10,5-(7,2)11,3=1=8   6",11,1,28.0,False,,
202303020505,5,2歳新馬,芝,1800,雨,稍重,12:35,2023-07-15,福島,1,8,14,2021102016,エコロマーズ,牡2,55,05212,Ｍ．デム,1:52.0,,2-2-2-1,36.2,3.6,2,484(0),01113,[西]牧浦充徳,783033,原村正紀,720.0,"(*7,14)(4,8,12)-9,13,10(3,6,11)2(1,5)",2,2,0.0,False,"7,14(4,8,12)9(10,13)11,3,6,2-(1,5)",2,1,1.5,False,"(*7,14,12,9)(4,8,13)11(10,6)2,3-5,1",2,4,0.0,False,"(*14,12,9)-(7,13)-(4,8,6)(10,11,1)2,3,5",1,3,0.0,True,15,
202303020505,5,2歳新馬,芝,1800,雨,稍重,12:35,2023-07-15,福島,2,7,12,2021106561,コイヌール,牡2,55,01122,三浦皇成,1:52.2,1.1/2,3-3-2-2,36.3,9.4,4,464(0),01097,[東]鹿戸雄一,486800,キャロットファーム,290.0,"(*7,14)(4,8,12)-9,13,10(3,6,11)2(1,5)",3,3,0.0,False,"7,14(4,8,12)9(10,13)11,3,6,2-(1,5)",3,3,1.5,False,"(*7,14,12,9)(4,8,13)11(10,6)2,3-5,1",2,4,0.0,False,"(*14,12,9)-(7,13)-(4,8,6)(10,11,1)2,3,5",2,3,0.0,False,15,
202303020505,5,2歳新馬,芝,1800,雨,稍重,12:35,2023-07-15,福島,3,6,9,2021104873,ポッドロゴ,牡2,55,01077,石橋脩,1:52.4,3/4,6-6-2-2,36.5,3.2,1,460(0),01028,[西]西園正都,042033,小川眞査雄,180.0,"(*7,14)(4,8,12)-9,13,10(3,6,11)2(1,5)",6,1,3.5,False,"7,14(4,8,12)9(10,13)11,3,6,2-(1,5)",6,1,1.5,False,"(*7,14,12,9)(4,8,13)11(10,6)2,3-5,1",2,4,0.0,False,"(*14,12,9)-(7,13)-(4,8,6)(10,11,1)2,3,5",2,3,0.0,False,15,
202303020505,5,2歳新馬,芝,1800,雨,稍重,12:35,2023-07-15,福島,4,8,13,2021105418,クラッチプレイヤー,牡2,55,01179,菅原明良,1:52.9,3.1/2,7-7-5-4,36.7,6.8,3,492(0),00399,[東]国枝栄,708800,金子真人ホールディン...,110.0,"(*7,14)(4,8,12)-9,13,10(3,6,11)2(1,5)",7,1,5.0,False,"7,14(4,8,12)9(10,13)11,3,6,2-(1,5)",7,2,1.5,False,"(*7,14,12,9)(4,8,13)11(10,6)2,3-5,1",5,3,0.0,False,"(*14,12,9)-(7,13)-(4,8,6)(10,11,1)2,3,5",4,2,3.5,False,15,
202303020505,5,2歳新馬,芝,1800,雨,稍重,12:35,2023-07-15,福島,5,2,2,2021104385,ユイノチョウシンキ,牡2,55,00733,吉田豊,1:53.2,1.3/4,12-12-11-12,36.4,67.5,13,472(0),01174,[東]深山雅史,044803,由井健太郎,72.0,"(*7,14)(4,8,12)-9,13,10(3,6,11)2(1,5)",12,1,6.5,False,"7,14(4,8,12)9(10,13)11,3,6,2-(1,5)",12,1,6.0,False,"(*7,14,12,9)(4,8,13)11(10,6)2,3-5,1",11,1,0.0,False,"(*14,12,9)-(7,13)-(4,8,6)(10,11,1)2,3,5",12,1,7.0,False,15,
202303020505,5,2歳新馬,芝,1800,雨,稍重,12:35,2023-07-15,福島,6,4,6,2021100514,キタノマキシム,牡2,53,01184,原優介,1:53.3,1/2,9-11-9-6,36.7,21.0,7,462(0),01031,[東]伊藤伸一,163002,北所直人,,"(*7,14)(4,8,12)-9,13,10(3,6,11)2(1,5)",9,3,6.5,False,"7,14(4,8,12)9(10,13)11,3,6,2-(1,5)",11,1,4.5,False,"(*7,14,12,9)(4,8,13)11(10,6)2,3-5,1",9,2,0.0,False,"(*14,12,9)-(7,13)-(4,8,6)(10,11,1)2,3,5",6,3,7.0,False,15,
202303020505,5,2歳新馬,芝,1800,雨,稍重,12:35,2023-07-15,福島,7,4,5,2021100162,ロードブレイズ,牡2,55,01162,木幡巧也,1:53.7,2.1/2,13-13-13-14,36.2,31.2,10,472(0),01167,[東]稲垣幸雄,170800,ロードホースクラブ,,"(*7,14)(4,8,12)-9,13,10(3,6,11)2(1,5)",13,2,6.5,False,"7,14(4,8,12)9(10,13)11,3,6,2-(1,5)",13,2,9.5,False,"(*7,14,12,9)(4,8,13)11(10,6)2,3-5,1",13,1,5.0,False,"(*14,12,9)-(7,13)-(4,8,6)(10,11,1)2,3,5",14,1,10.0,False,15,
202303020505,5,2歳新馬,芝,1800,雨,稍重,12:35,2023-07-15,福島,8,1,1,2021101671,サンダーアラート,牡2,55,00422,内田博幸,1:53.8,クビ,13-13-14-9,36.1,12.8,5,460(0),01162,[東]田中博康,003060,ゴドルフィン,,"(*7,14)(4,8,12)-9,13,10(3,6,11)2(1,5)",13,2,6.5,False,"7,14(4,8,12)9(10,13)11,3,6,2-(1,5)",13,2,9.5,False,"(*7,14,12,9)(4,8,13)11(10,6)2,3-5,1",14,1,6.5,False,"(*14,12,9)-(7,13)-(4,8,6)(10,11,1)2,3,5",9,3,7.0,False,15,
202303020505,5,2歳新馬,芝,1800,雨,稍重,12:35,2023-07-15,福島,9,7,11,2021101473,ベルベットハンマー,牝2,55,01009,柴田大知,1:53.9,3/4,9-9-8-9,37.4,56.2,12,428(0),01090,[東]天間昭一,716800,ビッグレッドファーム,,"(*7,14)(4,8,12)-9,13,10(3,6,11)2(1,5)",9,3,6.5,False,"7,14(4,8,12)9(10,13)11,3,6,2-(1,5)",9,1,1.5,False,"(*7,14,12,9)(4,8,13)11(10,6)2,3-5,1",8,1,0.0,False,"(*14,12,9)-(7,13)-(4,8,6)(10,11,1)2,3,5",9,3,7.0,False,15,
202303020505,5,2歳新馬,芝,1800,雨,稍重,12:35,2023-07-15,福島,10,3,4,2021105582,サトノアインス,牡2,55,05386,戸崎圭太,1:54.8,5,3-3-5-6,38.6,18.2,6,420(0),01017,[東]萩原清,790031,里見治,,"(*7,14)(4,8,12)-9,13,10(3,6,11)2(1,5)",3,3,0.0,False,"7,14(4,8,12)9(10,13)11,3,6,2-(1,5)",3,3,1.5,False,"(*7,14,12,9)(4,8,13)11(10,6)2,3-5,1",5,3,0.0,False,"(*14,12,9)-(7,13)-(4,8,6)(10,11,1)2,3,5",6,3,7.0,False,15,
202303020505,5,2歳新馬,芝,1800,雨,稍重,12:35,2023-07-15,福島,11,5,8,2021105053,キープインマインド,牡2,55,01043,北村宏司,1:55.4,3.1/2,3-3-5-6,39.2,33.2,11,478(0),01079,[東]古賀慎明,338007,村野康司,,"(*7,14)(4,8,12)-9,13,10(3,6,11)2(1,5)",3,3,0.0,False,"7,14(4,8,12)9(10,13)11,3,6,2-(1,5)",3,3,1.5,False,"(*7,14,12,9)(4,8,13)11(10,6)2,3-5,1",5,3,0.0,False,"(*14,12,9)-(7,13)-(4,8,6)(10,11,1)2,3,5",6,3,7.0,False,15,
202303020505,5,2歳新馬,芝,1800,雨,稍重,12:35,2023-07-15,福島,12,3,3,2021100784,ニシノサヨシグレ,牡2,54,01188,永野猛蔵,1:55.4,ハナ,9-10-12-13,38.4,101.2,14,498(0),01024,[東]萱野浩二,897009,西山茂行,,"(*7,14)(4,8,12)-9,13,10(3,6,11)2(1,5)",9,3,6.5,False,"7,14(4,8,12)9(10,13)11,3,6,2-(1,5)",10,1,3.0,False,"(*7,14,12,9)(4,8,13)11(10,6)2,3-5,1",12,1,1.5,False,"(*14,12,9)-(7,13)-(4,8,6)(10,11,1)2,3,5",13,1,8.5,False,15,
202303020505,5,2歳新馬,芝,1800,雨,稍重,12:35,2023-07-15,福島,13,6,10,2021102364,ロマンスヒコー,牡2,55,01135,杉原誠人,1:55.8,2,8-7-9-9,39.2,27.2,8,452(0),01035,[東]佐藤吉勝,563002,片山博志,,"(*7,14)(4,8,12)-9,13,10(3,6,11)2(1,5)",8,1,6.5,False,"7,14(4,8,12)9(10,13)11,3,6,2-(1,5)",7,2,1.5,False,"(*7,14,12,9)(4,8,13)11(10,6)2,3-5,1",9,2,0.0,False,"(*14,12,9)-(7,13)-(4,8,6)(10,11,1)2,3,5",9,3,7.0,False,15,
202303020505,5,2歳新馬,芝,1800,雨,稍重,12:35,2023-07-15,福島,14,5,7,2021101074,ヒューマンライツ,牡2,55,01092,津村明秀,1:57.0,7,1-1-1-4,41.2,30.8,9,454(0),01086,[東]斎藤誠,888800,ＣＨＥＶＡＬＡＴＴＡ...,,"(*7,14)(4,8,12)-9,13,10(3,6,11)2(1,5)",1,2,0.0,True,"7,14(4,8,12)9(10,13)11,3,6,2-(1,5)",1,1,0.0,False,"(*7,14,12,9)(4,8,13)11(10,6)2,3-5,1",1,4,0.0,True,"(*14,12,9)-(7,13)-(4,8,6)(10,11,1)2,3,5",4,2,3.5,False,15,
202303020506,6,2歳新馬,ダ,1150,雨,稍重,13:05,2023-07-15,福島,1,3,3,2021103204,アイアムユウシュン,牡2,55,05386,戸崎圭太,1:09.9,,2-2,37.6,3.0,1,494(0),01074,[東]奥平雅士,505006,堀紘一,720.0,,,,,,,,,,,"(*10,3)4-14(6,13)(1,2,12)-5-8(9,11)=7",2,2,0.0,False,"(*10,3)-4-14-(6,13)-2,12,1-(5,8)-(9,11)=7",2,2,0.0,False,2,
202303020506,6,2歳新馬,ダ,1150,雨,稍重,13:05,2023-07-15,福島,2,6,10,2021105111,レーザーショー,牡2,55,00422,内田博幸,1:10.4,3,1-1,38.2,5.7,3,470(0),01119,[東]田中剛,015008,青山洋一,290.0,,,,,,,,,,,"(*10,3)4-14(6,13)(1,2,12)-5-8(9,11)=7",1,2,0.0,True,"(*10,3)-4-14-(6,13)-2,12,1-(5,8)-(9,11)=7",1,2,0.0,True,2,
202303020506,6,2歳新馬,ダ,1150,雨,稍重,13:05,2023-07-15,福島,3,3,4,2021106310,カセノラオー,牡2,55,01122,三浦皇成,1:10.9,2.1/2,3-3,38.4,3.1,2,452(0),01069,[西]中尾秀正,759033,平川進,180.0,,,,,,,,,,,"(*10,3)4-14(6,13)(1,2,12)-5-8(9,11)=7",3,1,0.0,False,"(*10,3)-4-14-(6,13)-2,12,1-(5,8)-(9,11)=7",3,1,3.5,False,2,
202303020506,6,2歳新馬,ダ,1150,雨,稍重,13:05,2023-07-15,福島,4,8,14,2021103101,マケタラアカン,牡2,53,01183,小林脩斗,1:11.8,5,4-4,38.6,24.0,6,456(0),01067,[東]久保田貴,847033,清川信弘,110.0,,,,,,,,,,,"(*10,3)4-14(6,13)(1,2,12)-5-8(9,11)=7",4,1,3.5,False,"(*10,3)-4-14-(6,13)-2,12,1-(5,8)-(9,11)=7",4,1,7.0,False,2,
202303020506,6,2歳新馬,ダ,1150,雨,稍重,13:05,2023-07-15,福島,5,8,13,2021100730,コスモフレディ,牡2,55,01150,石川裕紀,1:12.0,1.1/2,5-5,38.5,14.4,5,444(0),01094,[東]水野貴広,716800,ビッグレッドファーム,72.0,,,,,,,,,,,"(*10,3)4-14(6,13)(1,2,12)-5-8(9,11)=7",5,2,3.5,False,"(*10,3)-4-14-(6,13)-2,12,1-(5,8)-(9,11)=7",5,2,10.5,False,2,
202303020506,6,2歳新馬,ダ,1150,雨,稍重,13:05,2023-07-15,福島,6,5,8,2021104308,アカリリッキー,牡2,55,01009,柴田大知,1:12.1,3/4,11-10,37.4,54.7,11,496(0),01109,[東]伊藤大士,966007,小林祥晃,,,,,,,,,,,,"(*10,3)4-14(6,13)(1,2,12)-5-8(9,11)=7",11,1,10.5,False,"(*10,3)-4-14-(6,13)-2,12,1-(5,8)-(9,11)=7",10,2,20.5,False,2,
202303020506,6,2歳新馬,ダ,1150,雨,稍重,13:05,2023-07-15,福島,7,6,9,2021107141,プレイフルネス,牝2,53,01164,藤田菜七,1:12.6,3,12-12,37.6,31.9,8,428(0),01174,[東]深山雅史,103006,楠本勝美,,,,,,,,,,,,"(*10,3)4-14(6,13)(1,2,12)-5-8(9,11)=7",12,2,10.5,False,"(*10,3)-4-14-(6,13)-2,12,1-(5,8)-(9,11)=7",12,2,24.0,False,2,
202303020506,6,2歳新馬,ダ,1150,雨,稍重,13:05,2023-07-15,福島,8,1,1,2021101820,サルバシオン,牡2,53,01184,原優介,1:12.6,ハナ,7-9,38.8,52.1,10,450(0),01156,[東]青木孝文,514033,谷口悦一,,,,,,,,,,,,"(*10,3)4-14(6,13)(1,2,12)-5-8(9,11)=7",7,3,3.5,False,"(*10,3)-4-14-(6,13)-2,12,1-(5,8)-(9,11)=7",9,1,17.0,False,2,
202303020506,6,2歳新馬,ダ,1150,雨,稍重,13:05,2023-07-15,福島,9,4,6,2021106933,リズヴェリオ,牝2,55,01096,大野拓弥,1:12.7,クビ,5-5,39.3,66.8,12,438(0),01027,[東]田村康仁,877800,ラ・メール,,,,,,,,,,,,"(*10,3)4-14(6,13)(1,2,12)-5-8(9,11)=7",5,2,3.5,False,"(*10,3)-4-14-(6,13)-2,12,1-(5,8)-(9,11)=7",5,2,10.5,False,2,
202303020506,6,2歳新馬,ダ,1150,雨,稍重,13:05,2023-07-15,福島,10,2,2,2021101877,キングレノン,牡2,55,00689,江田照男,1:13.1,2.1/2,7-7,39.4,38.0,9,464(0),01035,[東]佐藤吉勝,768006,薪浦亨,,,,,,,,,,,,"(*10,3)4-14(6,13)(1,2,12)-5-8(9,11)=7",7,3,3.5,False,"(*10,3)-4-14-(6,13)-2,12,1-(5,8)-(9,11)=7",7,1,14.0,False,2,
202303020506,6,2歳新馬,ダ,1150,雨,稍重,13:05,2023-07-15,福島,11,7,12,2021100105,ザッツ,牡2,55,00726,岩部純二,1:13.4,2,7-8,39.7,166.6,14,506(0),01024,[東]萱野浩二,693031,長谷川進一,,,,,,,,,,,,"(*10,3)4-14(6,13)(1,2,12)-5-8(9,11)=7",7,3,3.5,False,"(*10,3)-4-14-(6,13)-2,12,1-(5,8)-(9,11)=7",8,1,15.5,False,2,
202303020506,6,2歳新馬,ダ,1150,雨,稍重,13:05,2023-07-15,福島,12,4,5,2021103515,マインドマイワーズ,牡2,55,01179,菅原明良,1:13.6,1.1/2,10-10,39.5,9.6,4,458(0),01116,[東]新開幸一,851009,岡田牧雄,,,,,,,,,,,,"(*10,3)4-14(6,13)(1,2,12)-5-8(9,11)=7",10,1,7.0,False,"(*10,3)-4-14-(6,13)-2,12,1-(5,8)-(9,11)=7",10,2,20.5,False,2,
202303020506,6,2歳新馬,ダ,1150,雨,稍重,13:05,2023-07-15,福島,13,7,11,2021100882,スイートウィル,牝2,54,01188,永野猛蔵,1:13.7,アタマ,12-12,38.8,29.0,7,424(0),01107,[西]村山明,321800,友駿ホースクラブ,,,,,,,,,,,,"(*10,3)4-14(6,13)(1,2,12)-5-8(9,11)=7",12,2,10.5,False,"(*10,3)-4-14-(6,13)-2,12,1-(5,8)-(9,11)=7",12,2,24.0,False,2,
202303020506,6,2歳新馬,ダ,1150,雨,稍重,13:05,2023-07-15,福島,14,5,7,2021106960,サンサンサンキュー,牡2,52,01207,佐藤翔馬,1:14.5,5,14-14,37.9,157.0,13,456(0),01005,[東]小桧山悟,331006,本杉芳郎,,,,,,,,,,,,"(*10,3)4-14(6,13)(1,2,12)-5-8(9,11)=7",14,1,16.5,False,"(*10,3)-4-14-(6,13)-2,12,1-(5,8)-(9,11)=7",14,1,30.0,False,2,
202303020507,7,3歳未勝利,芝,2600,雨,稍重,13:35,2023-07-15,福島,1,8,16,2020102190,トロピカルライト,牝3,54,01117,丸田恭介,2:45.4,,5-9-7-4,36.8,1.8,1,458(0),00420,[東]宗像義忠,371009,高橋文男,550.0,"15-14,12,7-(6,11,16,10)(1,2,3,9)(5,8)4-13",5,4,10.0,False,"15-14(12,7)-(6,11,10,9)(1,2,16,3)(5,8)(13,4)",9,4,7.0,False,"(15,*12,14,7)(10,3)(11,16)9(1,5)8,4(6,13)-2",7,2,0.0,False,"(*12,14)7(15,11,16,10)(5,9,3)1,4(8,13)=6-2",4,4,0.0,False,15,
202303020507,7,3歳未勝利,芝,2600,雨,稍重,13:35,2023-07-15,福島,2,4,7,2020105611,ピーターサイト,牡3,56,00689,江田照男,2:46.6,7,4-3-2-3,38.4,60.4,11,472(+4),01190,[東]村田一誠,788800,ノースヒルズ,220.0,"15-14,12,7-(6,11,16,10)(1,2,3,9)(5,8)4-13",4,1,6.5,False,"15-14(12,7)-(6,11,10,9)(1,2,16,3)(5,8)(13,4)",3,2,3.5,False,"(15,*12,14,7)(10,3)(11,16)9(1,5)8,4(6,13)-2",2,4,0.0,False,"(*12,14)7(15,11,16,10)(5,9,3)1,4(8,13)=6-2",3,1,0.0,False,15,
202303020507,7,3歳未勝利,芝,2600,雨,稍重,13:35,2023-07-15,福島,3,5,10,2020101898,サンバデルンバ,牝3,54,05212,Ｍ．デム,2:46.7,1/2,5-5-5-4,38.3,4.6,2,456(+4),01109,[東]伊藤大士,860800,チャンピオンズファー...,140.0,"15-14,12,7-(6,11,16,10)(1,2,3,9)(5,8)4-13",5,4,10.0,False,"15-14(12,7)-(6,11,10,9)(1,2,16,3)(5,8)(13,4)",5,4,7.0,False,"(15,*12,14,7)(10,3)(11,16)9(1,5)8,4(6,13)-2",5,2,0.0,False,"(*12,14)7(15,11,16,10)(5,9,3)1,4(8,13)=6-2",4,4,0.0,False,15,
202303020507,7,3歳未勝利,芝,2600,雨,稍重,13:35,2023-07-15,福島,4,6,12,2020104512,ロコルルハーツ,牡3,56,01127,丸山元気,2:47.1,2.1/2,3-3-1-1,39.0,14.4,5,480(+6),01102,[東]大竹正博,746033,佐々木幸弘,83.0,"15-14,12,7-(6,11,16,10)(1,2,3,9)(5,8)4-13",3,1,5.0,False,"15-14(12,7)-(6,11,10,9)(1,2,16,3)(5,8)(13,4)",3,2,3.5,False,"(15,*12,14,7)(10,3)(11,16)9(1,5)8,4(6,13)-2",1,4,0.0,True,"(*12,14)7(15,11,16,10)(5,9,3)1,4(8,13)=6-2",1,2,0.0,True,15,
202303020507,7,3歳未勝利,芝,2600,雨,稍重,13:35,2023-07-15,福島,5,6,11,2020105216,ウインユアソング,牡3,56,01161,菊沢一樹,2:47.2,1,5-5-7-4,38.6,65.9,12,464(0),01100,[東]松山将樹,494800,ウイン,55.0,"15-14,12,7-(6,11,16,10)(1,2,3,9)(5,8)4-13",5,4,10.0,False,"15-14(12,7)-(6,11,10,9)(1,2,16,3)(5,8)(13,4)",5,4,7.0,False,"(15,*12,14,7)(10,3)(11,16)9(1,5)8,4(6,13)-2",7,2,0.0,False,"(*12,14)7(15,11,16,10)(5,9,3)1,4(8,13)=6-2",4,4,0.0,False,15,
202303020507,7,3歳未勝利,芝,2600,雨,稍重,13:35,2023-07-15,福島,6,3,5,2020105807,ヤマブキ,牡3,56,01150,石川裕紀,2:47.3,1/2,13-13-10-8,38.3,10.0,3,478(-10),01031,[東]伊藤伸一,027803,ブルースターズファー...,,"15-14,12,7-(6,11,16,10)(1,2,3,9)(5,8)4-13",13,2,10.0,False,"15-14(12,7)-(6,11,10,9)(1,2,16,3)(5,8)(13,4)",13,2,7.0,False,"(15,*12,14,7)(10,3)(11,16)9(1,5)8,4(6,13)-2",10,2,0.0,False,"(*12,14)7(15,11,16,10)(5,9,3)1,4(8,13)=6-2",8,3,0.0,False,15,
202303020507,7,3歳未勝利,芝,2600,雨,稍重,13:35,2023-07-15,福島,7,5,9,2020101922,ホウオウアルマン,牡3,55,01188,永野猛蔵,2:47.8,2.1/2,9-5-9-8,39.0,10.3,4,468(-2),01167,[東]稲垣幸雄,906033,小笹芳央,,"15-14,12,7-(6,11,16,10)(1,2,3,9)(5,8)4-13",9,4,10.0,False,"15-14(12,7)-(6,11,10,9)(1,2,16,3)(5,8)(13,4)",5,4,7.0,False,"(15,*12,14,7)(10,3)(11,16)9(1,5)8,4(6,13)-2",9,1,0.0,False,"(*12,14)7(15,11,16,10)(5,9,3)1,4(8,13)=6-2",8,3,0.0,False,15,
202303020507,7,3歳未勝利,芝,2600,雨,稍重,13:35,2023-07-15,福島,8,7,14,2020104467,ローマンシアター,牝3,54,01135,杉原誠人,2:47.8,クビ,2-2-2-2,39.7,28.7,7,486(+12),01080,[東]清水英克,669007,飯田良枝,,"15-14,12,7-(6,11,16,10)(1,2,3,9)(5,8)4-13",2,1,3.5,False,"15-14(12,7)-(6,11,10,9)(1,2,16,3)(5,8)(13,4)",2,1,3.5,False,"(15,*12,14,7)(10,3)(11,16)9(1,5)8,4(6,13)-2",2,4,0.0,False,"(*12,14)7(15,11,16,10)(5,9,3)1,4(8,13)=6-2",2,2,0.0,False,15,
202303020507,7,3歳未勝利,芝,2600,雨,稍重,13:35,2023-07-15,福島,9,7,13,2020103272,カームリー,牡3,56,01009,柴田大知,2:48.3,2.1/2,16-15-14-13,38.7,135.3,14,500(+8),00420,[東]宗像義忠,138007,吉田和美,,"15-14,12,7-(6,11,16,10)(1,2,3,9)(5,8)4-13",16,1,13.5,False,"15-14(12,7)-(6,11,10,9)(1,2,16,3)(5,8)(13,4)",15,2,7.0,False,"(15,*12,14,7)(10,3)(11,16)9(1,5)8,4(6,13)-2",14,2,1.5,False,"(*12,14)7(15,11,16,10)(5,9,3)1,4(8,13)=6-2",13,2,1.5,False,15,
202303020507,7,3歳未勝利,芝,2600,雨,稍重,13:35,2023-07-15,福島,10,2,3,2020101779,サンマルグレイト,牡3,56,00641,柴田善臣,2:48.3,ハナ,9-9-5-8,39.8,38.5,9,430(0),01035,[東]佐藤吉勝,580007,相馬勇,,"15-14,12,7-(6,11,16,10)(1,2,3,9)(5,8)4-13",9,4,10.0,False,"15-14(12,7)-(6,11,10,9)(1,2,16,3)(5,8)(13,4)",9,4,7.0,False,"(15,*12,14,7)(10,3)(11,16)9(1,5)8,4(6,13)-2",5,2,0.0,False,"(*12,14)7(15,11,16,10)(5,9,3)1,4(8,13)=6-2",8,3,0.0,False,15,
202303020507,7,3歳未勝利,芝,2600,雨,稍重,13:35,2023-07-15,福島,11,2,4,2020104785,スリアンヴォス,牡3,56,00422,内田博幸,2:48.3,クビ,15-15-13-12,38.9,16.9,6,490(+18),01143,[東]和田雄二,474008,大久保和夫,,"15-14,12,7-(6,11,16,10)(1,2,3,9)(5,8)4-13",15,1,10.0,False,"15-14(12,7)-(6,11,10,9)(1,2,16,3)(5,8)(13,4)",15,2,7.0,False,"(15,*12,14,7)(10,3)(11,16)9(1,5)8,4(6,13)-2",13,1,1.5,False,"(*12,14)7(15,11,16,10)(5,9,3)1,4(8,13)=6-2",12,1,1.5,False,15,
202303020507,7,3歳未勝利,芝,2600,雨,稍重,13:35,2023-07-15,福島,12,1,1,2020105728,クリノクオン,牡3,56,01085,松岡正海,2:48.6,2,9-9-10-11,39.7,35.2,8,452(+6),01031,[東]伊藤伸一,970006,栗本博晴,,"15-14,12,7-(6,11,16,10)(1,2,3,9)(5,8)4-13",9,4,10.0,False,"15-14(12,7)-(6,11,10,9)(1,2,16,3)(5,8)(13,4)",9,4,7.0,False,"(15,*12,14,7)(10,3)(11,16)9(1,5)8,4(6,13)-2",10,2,0.0,False,"(*12,14)7(15,11,16,10)(5,9,3)1,4(8,13)=6-2",11,1,0.0,False,15,
202303020507,7,3歳未勝利,芝,2600,雨,稍重,13:35,2023-07-15,福島,13,4,8,2020106978,レインボーウォリア,セ3,56,01134,嶋田純次,2:48.9,1.3/4,13-13-12-13,39.7,138.8,15,442(0),01177,[東]伊坂重信,629800,ミルファーム,,"15-14,12,7-(6,11,16,10)(1,2,3,9)(5,8)4-13",13,2,10.0,False,"15-14(12,7)-(6,11,10,9)(1,2,16,3)(5,8)(13,4)",13,2,7.0,False,"(15,*12,14,7)(10,3)(11,16)9(1,5)8,4(6,13)-2",12,1,0.0,False,"(*12,14)7(15,11,16,10)(5,9,3)1,4(8,13)=6-2",13,2,1.5,False,15,
202303020507,7,3歳未勝利,芝,2600,雨,稍重,13:35,2023-07-15,福島,14,8,15,2020101592,ポーラーナイト,牝3,52,01183,小林脩斗,2:50.1,7,1-1-2-4,42.0,114.3,13,468(-2),01167,[東]稲垣幸雄,362800,下河辺牧場,,"15-14,12,7-(6,11,16,10)(1,2,3,9)(5,8)4-13",1,1,0.0,False,"15-14(12,7)-(6,11,10,9)(1,2,16,3)(5,8)(13,4)",1,1,0.0,False,"(15,*12,14,7)(10,3)(11,16)9(1,5)8,4(6,13)-2",2,4,0.0,False,"(*12,14)7(15,11,16,10)(5,9,3)1,4(8,13)=6-2",4,4,0.0,False,15,
202303020507,7,3歳未勝利,芝,2600,雨,稍重,13:35,2023-07-15,福島,15,3,6,2020103485,ミントガーネット,牡3,54,01184,原優介,2:51.1,6,5-5-14-15,41.5,42.3,10,514(-8),01156,[東]青木孝文,790005,吉田勝己,,"15-14,12,7-(6,11,16,10)(1,2,3,9)(5,8)4-13",5,4,10.0,False,"15-14(12,7)-(6,11,10,9)(1,2,16,3)(5,8)(13,4)",5,4,7.0,False,"(15,*12,14,7)(10,3)(11,16)9(1,5)8,4(6,13)-2",14,2,1.5,False,"(*12,14)7(15,11,16,10)(5,9,3)1,4(8,13)=6-2",15,1,7.5,False,15,
202303020507,7,3歳未勝利,芝,2600,雨,稍重,13:35,2023-07-15,福島,16,1,2,2020105920,ゼンノエヴェック,牡3,56,01029,武士沢友,2:53.1,大,9-9-16-16,43.0,164.6,16,488(+5),01171,[東]小手川準,052803,大迫久美子,,"15-14,12,7-(6,11,16,10)(1,2,3,9)(5,8)4-13",9,4,10.0,False,"15-14(12,7)-(6,11,10,9)(1,2,16,3)(5,8)(13,4)",9,4,7.0,False,"(15,*12,14,7)(10,3)(11,16)9(1,5)8,4(6,13)-2",16,1,5.0,False,"(*12,14)7(15,11,16,10)(5,9,3)1,4(8,13)=6-2",16,1,11.0,False,15,
202303020508,8,3歳以上1勝クラス,芝,1200,雨,稍重,14:05,2023-07-15,福島,1,6,11,2019104738,サウンドクレア,牝4,56,05386,戸崎圭太,1:11.0,,3-4,35.4,2.4,1,446(-2),01042,[西]安達昭夫,168006,増田雄一,800.0,,,,,,,,,,,"(*14,15)(4,5,11)(1,8,10)13(7,9)(3,6)-2   12",3,3,0.0,False,"(*14,15)4(5,11)(1,8,10,13)(3,6,7)9-2   12",4,2,0.0,False,17,
202303020508,8,3歳以上1勝クラス,芝,1200,雨,稍重,14:05,2023-07-15,福島,2,8,14,2020100347,クリノリアルレディ,牝3,51,01184,原優介,1:11.0,ハナ,1-1,35.6,14.7,5,464(-4),01031,[東]伊藤伸一,970006,栗本博晴,320.0,,,,,,,,,,,"(*14,15)(4,5,11)(1,8,10)13(7,9)(3,6)-2   12",1,2,0.0,True,"(*14,15)4(5,11)(1,8,10,13)(3,6,7)9-2   12",1,2,0.0,True,17,
202303020508,8,3歳以上1勝クラス,芝,1200,雨,稍重,14:05,2023-07-15,福島,3,8,15,2019102303,アイムファイン,牝4,54,01164,藤田菜七,1:11.0,ハナ,2-2,35.5,102.2,13,402(-12),01074,[東]奥平雅士,629800,ミルファーム,200.0,,,,,,,,,,,"(*14,15)(4,5,11)(1,8,10)13(7,9)(3,6)-2   12",2,2,0.0,False,"(*14,15)4(5,11)(1,8,10,13)(3,6,7)9-2   12",2,2,0.0,False,17,
202303020508,8,3歳以上1勝クラス,芝,1200,雨,稍重,14:05,2023-07-15,福島,4,3,5,2020101262,エコロレジーナ,牝3,53,01161,菊沢一樹,1:11.1,3/4,3-4,35.4,5.6,3,474(-6),01115,[東]菊沢隆徳,783033,原村正紀,120.0,,,,,,,,,,,"(*14,15)(4,5,11)(1,8,10)13(7,9)(3,6)-2   12",3,3,0.0,False,"(*14,15)4(5,11)(1,8,10,13)(3,6,7)9-2   12",4,2,0.0,False,17,
202303020508,8,3歳以上1勝クラス,芝,1200,雨,稍重,14:05,2023-07-15,福島,5,3,4,2020103365,ウィズダムハート,牝3,53,01179,菅原明良,1:11.2,1/2,3-3,35.6,11.0,4,416(-6),01192,[東]上原佑紀,463031,フィールドレーシング,80.0,,,,,,,,,,,"(*14,15)(4,5,11)(1,8,10)13(7,9)(3,6)-2   12",3,3,0.0,False,"(*14,15)4(5,11)(1,8,10,13)(3,6,7)9-2   12",3,1,0.0,False,17,
202303020508,8,3歳以上1勝クラス,芝,1200,雨,稍重,14:05,2023-07-15,福島,6,2,3,2018106145,アコルダール,牝5,55,01188,永野猛蔵,1:11.3,1/2,12-10,35.0,26.1,9,456(-2),01196,[西]西園翔太,854800,ノルマンディーサラブ...,,,,,,,,,,,,"(*14,15)(4,5,11)(1,8,10)13(7,9)(3,6)-2   12",12,2,0.0,False,"(*14,15)4(5,11)(1,8,10,13)(3,6,7)9-2   12",10,3,0.0,False,17,
202303020508,8,3歳以上1勝クラス,芝,1200,雨,稍重,14:05,2023-07-15,福島,7,1,1,2020106987,スムースベルベット,牝3,53,01134,嶋田純次,1:11.4,クビ,6-6,35.5,4.5,2,494(0),01038,[東]手塚貴久,629800,ミルファーム,,,,,,,,,,,,"(*14,15)(4,5,11)(1,8,10)13(7,9)(3,6)-2   12",6,3,0.0,False,"(*14,15)4(5,11)(1,8,10,13)(3,6,7)9-2   12",6,4,0.0,False,17,
202303020508,8,3歳以上1勝クラス,芝,1200,雨,稍重,14:05,2023-07-15,福島,8,4,6,2019106028,ピースキーパー,牝4,56,01063,小坂忠士,1:11.4,クビ,12-10,35.1,38.8,10,436(-2),01146,[西]奥村豊,348803,ゴールドアップ・カン...,,,,,,,,,,,,"(*14,15)(4,5,11)(1,8,10)13(7,9)(3,6)-2   12",12,2,0.0,False,"(*14,15)4(5,11)(1,8,10,13)(3,6,7)9-2   12",10,3,0.0,False,17,
202303020508,8,3歳以上1勝クラス,芝,1200,雨,稍重,14:05,2023-07-15,福島,9,7,13,2019105940,アリシアン,牝4,56,00733,吉田豊,1:11.7,1.1/2,9-6,35.6,15.3,6,492(-4),01059,[東]加藤征弘,553800,広尾レース,,,,,,,,,,,,"(*14,15)(4,5,11)(1,8,10)13(7,9)(3,6)-2   12",9,1,0.0,False,"(*14,15)4(5,11)(1,8,10,13)(3,6,7)9-2   12",6,4,0.0,False,17,
202303020508,8,3歳以上1勝クラス,芝,1200,雨,稍重,14:05,2023-07-15,福島,10,5,9,2018104561,エンブレムコード,牝5,56,01092,津村明秀,1:11.8,3/4,10-13,35.6,16.7,7,466(+6),01103,[東]尾関知人,849030,山口功一郎,,,,,,,,,,,,"(*14,15)(4,5,11)(1,8,10)13(7,9)(3,6)-2   12",10,2,0.0,False,"(*14,15)4(5,11)(1,8,10,13)(3,6,7)9-2   12",13,1,0.0,False,17,
202303020508,8,3歳以上1勝クラス,芝,1200,雨,稍重,14:05,2023-07-15,福島,11,4,7,2018100593,タイガーリリー,牝5,56,00689,江田照男,1:12.0,1.1/4,10-10,35.8,52.7,11,462(+6),01103,[東]尾関知人,629800,ミルファーム,,,,,,,,,,,,"(*14,15)(4,5,11)(1,8,10)13(7,9)(3,6)-2   12",10,2,0.0,False,"(*14,15)4(5,11)(1,8,10,13)(3,6,7)9-2   12",10,3,0.0,False,17,
202303020508,8,3歳以上1勝クラス,芝,1200,雨,稍重,14:05,2023-07-15,福島,12,6,10,2019100207,ラッピングカラーズ,牝4,56,01085,松岡正海,1:12.3,1.3/4,6-6,36.4,20.5,8,480(-8),00420,[東]宗像義忠,030803,コスモヴューファーム,,,,,,,,,,,,"(*14,15)(4,5,11)(1,8,10)13(7,9)(3,6)-2   12",6,3,0.0,False,"(*14,15)4(5,11)(1,8,10,13)(3,6,7)9-2   12",6,4,0.0,False,17,
202303020508,8,3歳以上1勝クラス,芝,1200,雨,稍重,14:05,2023-07-15,福島,13,2,2,2019102892,プランタニエール,牝4,56,01162,木幡巧也,1:12.5,3/4,14-14,35.5,89.6,12,432(-5),01047,[東]勢司和浩,863033,成富直行,,,,,,,,,,,,"(*14,15)(4,5,11)(1,8,10)13(7,9)(3,6)-2   12",14,1,3.5,False,"(*14,15)4(5,11)(1,8,10,13)(3,6,7)9-2   12",14,1,3.5,False,17,
202303020508,8,3歳以上1勝クラス,芝,1200,雨,稍重,14:05,2023-07-15,福島,14,5,8,2019102518,シエラプリンセサ,牝4,53,01201,水沼元輝,1:13.2,4,6-6,37.3,129.3,14,444(-4),00423,[東]上原博之,321800,友駿ホースクラブ,,,,,,,,,,,,"(*14,15)(4,5,11)(1,8,10)13(7,9)(3,6)-2   12",6,3,0.0,False,"(*14,15)4(5,11)(1,8,10,13)(3,6,7)9-2   12",6,4,0.0,False,17,
202303020508,8,3歳以上1勝クラス,芝,1200,雨,稍重,14:05,2023-07-15,福島,除,7,12,2020104501,ブラウンウェーブ,牝3,53,01096,大野拓弥,,,,,---,,422(+2),00420,[東]宗像義忠,018803,櫻井秀樹,,,,,,,,,,,,"(*14,15)(4,5,11)(1,8,10)13(7,9)(3,6)-2   12",15,1,9.5,False,"(*14,15)4(5,11)(1,8,10,13)(3,6,7)9-2   12",15,1,9.5,False,17,
202303020509,9,南相馬特別(1勝),芝,2000,曇,稍重,14:36,2023-07-15,福島,1,8,9,2020103865,エイトキングゴッド,牡3,55,01184,原優介,2:04.1,,3-3-3-3,36.9,21.5,6,464(-4),01156,[東]青木孝文,851009,岡田牧雄,"1,136.6","1,6,9,4,5(7,2)8-3,10",3,1,3.0,False,"1,6(4,9)(7,5)2(3,8)-10",3,2,1.5,False,"(*1,6)(4,9)(7,5)(3,8,2)-10",3,2,0.0,False,"(*1,6)(4,9)(3,7)5,8,10,2",3,2,0.0,False,17,
202303020509,9,南相馬特別(1勝),芝,2000,曇,稍重,14:36,2023-07-15,福島,2,6,6,2019100841,テラフォーミング,牡4,58,01092,津村明秀,2:04.3,1.1/4,2-2-2-2,37.2,9.4,4,478(+4),01020,[東]相沢郁,812008,石瀬浩三,447.6,"1,6,9,4,5(7,2)8-3,10",2,1,1.5,False,"1,6(4,9)(7,5)2(3,8)-10",2,1,1.5,False,"(*1,6)(4,9)(7,5)(3,8,2)-10",2,2,0.0,False,"(*1,6)(4,9)(3,7)5,8,10,2",2,2,0.0,False,17,
202303020509,9,南相馬特別(1勝),芝,2000,曇,稍重,14:36,2023-07-15,福島,3,7,7,2019100913,ポリクシニーズ,牡4,58,01162,木幡巧也,2:04.6,1.1/2,6-5-5-5,37.2,85.8,9,476(-4),01133,[東]黒岩陽一,466033,今村明浩,283.8,"1,6,9,4,5(7,2)8-3,10",6,2,6.0,False,"1,6(4,9)(7,5)2(3,8)-10",5,2,1.5,False,"(*1,6)(4,9)(7,5)(3,8,2)-10",5,2,0.0,False,"(*1,6)(4,9)(3,7)5,8,10,2",5,2,0.0,False,17,
202303020509,9,南相馬特別(1勝),芝,2000,曇,稍重,14:36,2023-07-15,福島,4,4,4,2018100681,サンズオブタイム,牡5,58,01075,田辺裕信,2:04.7,クビ,4-3-3-3,37.4,5.7,3,488(-6),01165,[東]和田勇介,003060,ゴドルフィン,170.0,"1,6,9,4,5(7,2)8-3,10",4,1,4.5,False,"1,6(4,9)(7,5)2(3,8)-10",3,2,1.5,False,"(*1,6)(4,9)(7,5)(3,8,2)-10",3,2,0.0,False,"(*1,6)(4,9)(3,7)5,8,10,2",3,2,0.0,False,17,
202303020509,9,南相馬特別(1勝),芝,2000,曇,稍重,14:36,2023-07-15,福島,5,1,1,2019104746,イヴニングスター,牡4,58,01161,菊沢一樹,2:04.7,クビ,1-1-1-1,37.6,14.8,5,506(+4),01054,[東]戸田博文,338007,村野康司,111.0,"1,6,9,4,5(7,2)8-3,10",1,1,0.0,False,"1,6(4,9)(7,5)2(3,8)-10",1,1,0.0,False,"(*1,6)(4,9)(7,5)(3,8,2)-10",1,2,0.0,True,"(*1,6)(4,9)(3,7)5,8,10,2",1,2,0.0,True,17,
202303020509,9,南相馬特別(1勝),芝,2000,曇,稍重,14:36,2023-07-15,福島,6,3,3,2020104124,ウイニングライブ,牡3,55,01127,丸山元気,2:04.7,ハナ,9-8-7-5,37.1,34.5,8,428(-4),01132,[東]金成貴史,086803,レッドマジック,,"1,6,9,4,5(7,2)8-3,10",9,1,9.5,False,"1,6(4,9)(7,5)2(3,8)-10",8,2,1.5,False,"(*1,6)(4,9)(7,5)(3,8,2)-10",7,3,0.0,False,"(*1,6)(4,9)(3,7)5,8,10,2",5,2,0.0,False,17,
202303020509,9,南相馬特別(1勝),芝,2000,曇,稍重,14:36,2023-07-15,福島,7,8,10,2017101763,ラブエスポー,牝6,56,00689,江田照男,2:05.3,3.1/2,10-10-10-9,37.1,132.4,10,456(0),01131,[東]蛯名利弘,291002,増田陽一,,"1,6,9,4,5(7,2)8-3,10",10,1,11.0,False,"1,6(4,9)(7,5)2(3,8)-10",10,1,5.0,False,"(*1,6)(4,9)(7,5)(3,8,2)-10",10,1,3.5,False,"(*1,6)(4,9)(3,7)5,8,10,2",9,1,3.0,False,17,
202303020509,9,南相馬特別(1勝),芝,2000,曇,稍重,14:36,2023-07-15,福島,8,7,8,2020102918,オルソビアンコ,牝3,53,01122,三浦皇成,2:05.4,クビ,8-8-7-8,37.8,24.4,7,384(-6),01027,[東]田村康仁,385803,子安裕樹ＲＣ,,"1,6,9,4,5(7,2)8-3,10",8,1,6.0,False,"1,6(4,9)(7,5)2(3,8)-10",8,2,1.5,False,"(*1,6)(4,9)(7,5)(3,8,2)-10",7,3,0.0,False,"(*1,6)(4,9)(3,7)5,8,10,2",8,1,1.5,False,17,
202303020509,9,南相馬特別(1勝),芝,2000,曇,稍重,14:36,2023-07-15,福島,9,5,5,2020102681,オールザタイム,牝3,53,05386,戸崎圭太,2:05.4,アタマ,5-5-5-7,37.9,3.4,2,500(-8),00399,[東]国枝栄,808800,Ｇ１レーシング,,"1,6,9,4,5(7,2)8-3,10",5,1,6.0,False,"1,6(4,9)(7,5)2(3,8)-10",5,2,1.5,False,"(*1,6)(4,9)(7,5)(3,8,2)-10",5,2,0.0,False,"(*1,6)(4,9)(3,7)5,8,10,2",7,1,0.0,False,17,
202303020509,9,南相馬特別(1勝),芝,2000,曇,稍重,14:36,2023-07-15,福島,10,2,2,2020103679,ダニーデン,牡3,55,01043,北村宏司,2:06.8,8,6-7-7-10,39.1,2.1,1,502(+2),01182,[東]辻哲英,138007,吉田和美,,"1,6,9,4,5(7,2)8-3,10",6,2,6.0,False,"1,6(4,9)(7,5)2(3,8)-10",7,1,1.5,False,"(*1,6)(4,9)(7,5)(3,8,2)-10",7,3,0.0,False,"(*1,6)(4,9)(3,7)5,8,10,2",10,1,4.5,False,17,
202303020510,10,米沢特別(2勝),ダ,1150,曇,稍重,15:11,2023-07-15,福島,1,8,16,2020110137,エコロアイ,牝3,53,01179,菅原明良,1:08.6,,2-3,37.1,5.0,3,502(-10),00427,[西]森秀行,783033,原村正紀,"1,584.3",,,,,,,,,,,"7(8,16)-(12,9,13)-(3,10)(2,4,15)14(6,11)-5-1",2,2,0.0,False,"7-8,16,12,13-(2,10)(9,3,15)4,14,6,11-(1,5)",3,1,5.0,False,2,
202303020510,10,米沢特別(2勝),ダ,1150,曇,稍重,15:11,2023-07-15,福島,2,6,12,2018105495,パロットビーク,牝5,56,01077,石橋脩,1:09.0,2.1/2,4-4,37.2,55.0,8,464(0),01196,[西]西園翔太,415800,社台レースホース,629.8,,,,,,,,,,,"7(8,16)-(12,9,13)-(3,10)(2,4,15)14(6,11)-5-1",4,3,3.5,False,"7-8,16,12,13-(2,10)(9,3,15)4,14,6,11-(1,5)",4,1,6.5,False,2,
202303020510,10,米沢特別(2勝),ダ,1150,曇,稍重,15:11,2023-07-15,福島,3,8,15,2018102120,ロードミッドナイト,牡5,58,01075,田辺裕信,1:09.3,1.3/4,9-8,36.8,4.9,2,526(-2),01162,[東]田中博康,170800,ロードホースクラブ,394.9,,,,,,,,,,,"7(8,16)-(12,9,13)-(3,10)(2,4,15)14(6,11)-5-1",9,3,7.0,False,"7-8,16,12,13-(2,10)(9,3,15)4,14,6,11-(1,5)",8,3,11.5,False,2,
202303020510,10,米沢特別(2勝),ダ,1150,曇,稍重,15:11,2023-07-15,福島,4,1,2,2018109119,ルピナステソーロ,牝5,56,01009,柴田大知,1:09.3,クビ,9-6,36.7,107.4,11,470(+6),01048,[東]畠山吉宏,089803,了徳寺健二ホールディ...,230.0,,,,,,,,,,,"7(8,16)-(12,9,13)-(3,10)(2,4,15)14(6,11)-5-1",9,3,7.0,False,"7-8,16,12,13-(2,10)(9,3,15)4,14,6,11-(1,5)",6,2,11.5,False,2,
202303020510,10,米沢特別(2勝),ダ,1150,曇,稍重,15:11,2023-07-15,福島,5,4,8,2019100590,ステラフィオーレ,牝4,56,05212,Ｍ．デム,1:09.4,クビ,2-2,38.0,5.8,4,472(0),01194,[西]小栗実,358803,ホシノレーシング,155.0,,,,,,,,,,,"7(8,16)-(12,9,13)-(3,10)(2,4,15)14(6,11)-5-1",2,2,0.0,False,"7-8,16,12,13-(2,10)(9,3,15)4,14,6,11-(1,5)",2,1,3.5,False,2,
202303020510,10,米沢特別(2勝),ダ,1150,曇,稍重,15:11,2023-07-15,福島,6,7,14,2018104775,パルデンス,牡5,58,01169,武藤雅,1:09.5,1/2,12-12,36.8,94.4,10,494(+8),01010,[東]中野栄治,953030,山本三津子,,,,,,,,,,,,"7(8,16)-(12,9,13)-(3,10)(2,4,15)14(6,11)-5-1",12,1,7.0,False,"7-8,16,12,13-(2,10)(9,3,15)4,14,6,11-(1,5)",12,1,13.0,False,2,
202303020510,10,米沢特別(2勝),ダ,1150,曇,稍重,15:11,2023-07-15,福島,7,3,6,2019105773,フォトスフィア,牡4,58,01150,石川裕紀,1:09.6,1/2,13-13,36.7,124.4,12,512(+4),01048,[東]畠山吉宏,851009,岡田牧雄,,,,,,,,,,,,"7(8,16)-(12,9,13)-(3,10)(2,4,15)14(6,11)-5-1",13,2,7.0,False,"7-8,16,12,13-(2,10)(9,3,15)4,14,6,11-(1,5)",13,1,14.5,False,2,
202303020510,10,米沢特別(2勝),ダ,1150,曇,稍重,15:11,2023-07-15,福島,8,4,7,2019100132,ペイシャカレン,牝4,56,00689,江田照男,1:09.8,1.1/2,1-1,38.6,7.4,5,450(-2),01096,[東]粕谷昌央,163002,北所直人,,,,,,,,,,,,"7(8,16)-(12,9,13)-(3,10)(2,4,15)14(6,11)-5-1",1,1,0.0,False,"7-8,16,12,13-(2,10)(9,3,15)4,14,6,11-(1,5)",1,1,0.0,False,2,
202303020510,10,米沢特別(2勝),ダ,1150,曇,稍重,15:11,2023-07-15,福島,9,6,11,2020100829,コパノパサディナ,牡3,55,05386,戸崎圭太,1:10.1,1.1/2,13-14,37.1,2.4,1,516(+4),01107,[西]村山明,966007,小林祥晃,,,,,,,,,,,,"7(8,16)-(12,9,13)-(3,10)(2,4,15)14(6,11)-5-1",13,2,7.0,False,"7-8,16,12,13-(2,10)(9,3,15)4,14,6,11-(1,5)",14,1,16.0,False,2,
202303020510,10,米沢特別(2勝),ダ,1150,曇,稍重,15:11,2023-07-15,福島,10,2,4,2017104267,コルニリア,牡6,58,01135,杉原誠人,1:10.1,アタマ,9-11,37.5,177.5,15,456(-2),01124,[東]大和田成,629800,ミルファーム,,,,,,,,,,,,"7(8,16)-(12,9,13)-(3,10)(2,4,15)14(6,11)-5-1",9,3,7.0,False,"7-8,16,12,13-(2,10)(9,3,15)4,14,6,11-(1,5)",11,1,11.5,False,2,
202303020510,10,米沢特別(2勝),ダ,1150,曇,稍重,15:11,2023-07-15,福島,11,5,10,2019105766,アメトリーチェ,牝4,56,01122,三浦皇成,1:10.2,1,7-6,37.9,92.3,9,474(-4),01169,[東]加藤士津,854800,ノルマンディーサラブ...,,,,,,,,,,,,"7(8,16)-(12,9,13)-(3,10)(2,4,15)14(6,11)-5-1",7,2,7.0,False,"7-8,16,12,13-(2,10)(9,3,15)4,14,6,11-(1,5)",6,2,11.5,False,2,
202303020510,10,米沢特別(2勝),ダ,1150,曇,稍重,15:11,2023-07-15,福島,12,2,3,2019101433,サツキスカイ,牝4,56,01188,永野猛蔵,1:10.4,3/4,7-8,38.2,338.9,16,464(+23),00417,[東]土田稔,212008,小野博郷,,,,,,,,,,,,"7(8,16)-(12,9,13)-(3,10)(2,4,15)14(6,11)-5-1",7,2,7.0,False,"7-8,16,12,13-(2,10)(9,3,15)4,14,6,11-(1,5)",8,3,11.5,False,2,
202303020510,10,米沢特別(2勝),ダ,1150,曇,稍重,15:11,2023-07-15,福島,13,7,13,2019103692,トウカイファクター,牡4,58,00641,柴田善臣,1:10.5,1,4-5,38.7,30.6,6,466(-2),01052,[東]菊川正達,695004,内村正則,,,,,,,,,,,,"7(8,16)-(12,9,13)-(3,10)(2,4,15)14(6,11)-5-1",4,3,3.5,False,"7-8,16,12,13-(2,10)(9,3,15)4,14,6,11-(1,5)",5,1,8.0,False,2,
202303020510,10,米沢特別(2勝),ダ,1150,曇,稍重,15:11,2023-07-15,福島,14,1,1,2016101450,レゴリス,セ7,58,00422,内田博幸,1:10.7,1.1/4,16-15,36.9,135.7,13,492(-8),01182,[東]辻哲英,854800,ノルマンディーサラブ...,,,,,,,,,,,,"7(8,16)-(12,9,13)-(3,10)(2,4,15)14(6,11)-5-1",16,1,14.0,False,"7-8,16,12,13-(2,10)(9,3,15)4,14,6,11-(1,5)",15,2,19.5,False,2,
202303020510,10,米沢特別(2勝),ダ,1150,曇,稍重,15:11,2023-07-15,福島,15,5,9,2019100855,トラストパッキャオ,牝4,56,01096,大野拓弥,1:11.4,4,4-8,39.6,170.2,14,468(0),01088,[東]高木登,125008,菅波雅巳,,,,,,,,,,,,"7(8,16)-(12,9,13)-(3,10)(2,4,15)14(6,11)-5-1",4,3,3.5,False,"7-8,16,12,13-(2,10)(9,3,15)4,14,6,11-(1,5)",8,3,11.5,False,2,
202303020510,10,米沢特別(2勝),ダ,1150,曇,稍重,15:11,2023-07-15,福島,16,3,5,2019102413,エバニスタ,牡4,58,01186,角田大和,1:12.0,3.1/2,15-15,38.6,44.5,7,486(-4),01121,[西]角田晃一,078006,畑佐博,,,,,,,,,,,,"7(8,16)-(12,9,13)-(3,10)(2,4,15)14(6,11)-5-1",15,1,10.5,False,"7-8,16,12,13-(2,10)(9,3,15)4,14,6,11-(1,5)",15,2,19.5,False,2,
202303020511,11,バーデンバーデンC(3勝),芝,1200,曇,稍重,15:45,2023-07-15,福島,1,1,1,2019110102,デュガ,牡4,58,01179,菅原明良,1:10.2,,9-9,34.5,7.5,6,502(+4),00427,[西]森秀行,232031,藤田晋,"1,863.8",,,,,,,,,,,"6,9,10(4,8,11)2,5-(1,7)-3",9,2,8.0,False,"6,9,10(8,11)2(4,5)-(1,7)=3",9,2,6.5,False,20,
202303020511,11,バーデンバーデンC(3勝),芝,1200,曇,稍重,15:45,2023-07-15,福島,2,8,10,2019105658,オタルエバー,牡4,58,01043,北村宏司,1:10.7,3,3-3,36.1,5.7,4,492(-8),01039,[西]中竹和也,311031,住谷幾久子,746.8,,,,,,,,,,,"6,9,10(4,8,11)2,5-(1,7)-3",3,1,3.0,False,"6,9,10(8,11)2(4,5)-(1,7)=3",3,1,3.0,False,20,
202303020511,11,バーデンバーデンC(3勝),芝,1200,曇,稍重,15:45,2023-07-15,福島,3,4,4,2017106264,ビアイ,牝6,56,00422,内田博幸,1:10.9,1.1/4,4-7,36.2,18.4,7,508(-6),01188,[西]畑端省吾,297007,副島義久,463.4,,,,,,,,,,,"6,9,10(4,8,11)2,5-(1,7)-3",4,3,3.0,False,"6,9,10(8,11)2(4,5)-(1,7)=3",7,2,3.0,False,20,
202303020511,11,バーデンバーデンC(3勝),芝,1200,曇,稍重,15:45,2023-07-15,福島,4,5,5,2017106137,グレイトゲイナー,牡6,58,01075,田辺裕信,1:10.9,クビ,8-7,35.9,18.5,8,470(-6),00427,[西]森秀行,261008,田中慶治,280.0,,,,,,,,,,,"6,9,10(4,8,11)2,5-(1,7)-3",8,1,4.5,False,"6,9,10(8,11)2(4,5)-(1,7)=3",7,2,3.0,False,20,
202303020511,11,バーデンバーデンC(3勝),芝,1200,曇,稍重,15:45,2023-07-15,福島,5,6,6,2019102041,アドヴァイス,牝4,56,01122,三浦皇成,1:11.1,1,1-1,36.8,5.3,2,482(-6),01186,[西]中村直也,897030,泉一郎,184.0,,,,,,,,,,,"6,9,10(4,8,11)2,5-(1,7)-3",1,1,0.0,False,"6,9,10(8,11)2(4,5)-(1,7)=3",1,1,0.0,False,20,
202303020511,11,バーデンバーデンC(3勝),芝,1200,曇,稍重,15:45,2023-07-15,福島,6,8,11,2019104451,ビーオンザマーチ,牝4,56,05386,戸崎圭太,1:11.1,アタマ,4-4,36.4,18.9,9,460(-2),01163,[東]林徹,231033,吉田晴哉,,,,,,,,,,,,"6,9,10(4,8,11)2,5-(1,7)-3",4,3,3.0,False,"6,9,10(8,11)2(4,5)-(1,7)=3",4,2,3.0,False,20,
202303020511,11,バーデンバーデンC(3勝),芝,1200,曇,稍重,15:45,2023-07-15,福島,7,7,8,2019110001,ショウナンハクラク,牡4,58,01186,角田大和,1:11.2,3/4,4-4,36.4,3.9,1,468(0),01149,[西]松下武士,331002,国本哲秀,,,,,,,,,,,,"6,9,10(4,8,11)2,5-(1,7)-3",4,3,3.0,False,"6,9,10(8,11)2(4,5)-(1,7)=3",4,2,3.0,False,20,
202303020511,11,バーデンバーデンC(3勝),芝,1200,曇,稍重,15:45,2023-07-15,福島,8,6,7,2016100507,ヒロノトウリョウ,牡7,58,01117,丸田恭介,1:11.3,クビ,9-9,35.6,155.2,10,484(-6),01131,[東]蛯名利弘,212008,小野博郷,,,,,,,,,,,,"6,9,10(4,8,11)2,5-(1,7)-3",9,2,8.0,False,"6,9,10(8,11)2(4,5)-(1,7)=3",9,2,6.5,False,20,
202303020511,11,バーデンバーデンC(3勝),芝,1200,曇,稍重,15:45,2023-07-15,福島,9,2,2,2019104962,ウィリン,牝4,56,01092,津村明秀,1:11.7,2.1/2,7-6,36.8,5.4,3,430(-14),01163,[東]林徹,029803,ジャコモ,,,,,,,,,,,,"6,9,10(4,8,11)2,5-(1,7)-3",7,1,3.0,False,"6,9,10(8,11)2(4,5)-(1,7)=3",6,1,3.0,False,20,
202303020511,11,バーデンバーデンC(3勝),芝,1200,曇,稍重,15:45,2023-07-15,福島,10,7,9,2019101005,タイセイブリリオ,牡4,58,01077,石橋脩,1:11.7,ハナ,2-2,37.3,6.8,5,472(-6),01065,[西]大橋勇樹,224007,田中成奉,,,,,,,,,,,,"6,9,10(4,8,11)2,5-(1,7)-3",2,1,1.5,False,"6,9,10(8,11)2(4,5)-(1,7)=3",2,1,1.5,False,20,
202303020511,11,バーデンバーデンC(3勝),芝,1200,曇,稍重,15:45,2023-07-15,福島,11,3,3,2017101536,ジーガーロンシャン,牡6,58,01029,武士沢友,1:13.2,9,11-11,37.0,288.9,11,510(-6),00417,[東]土田稔,714031,酒井孝敏,,,,,,,,,,,,"6,9,10(4,8,11)2,5-(1,7)-3",11,1,11.5,False,"6,9,10(8,11)2(4,5)-(1,7)=3",11,1,12.5,False,20,
202303020512,12,3歳以上1勝クラス,ダ,1150,曇,稍重,16:30,2023-07-15,福島,1,3,6,2019101448,ビップアクア,牝4,56,01179,菅原明良,1:09.4,,9-8,36.3,7.4,4,446(+2),01112,[東]田島俊明,524030,鈴木邦英,800.0,,,,,,,,,,,"(*12,13)(4,16)(1,2,7,8)(6,11)(5,15,14)(3,10)-9",9,2,0.0,False,"(*12,13)(4,16)(1,2,8)-(6,11)(5,14)(7,15)(3,10)-9",8,2,3.5,False,2,
202303020512,12,3歳以上1勝クラス,ダ,1150,曇,稍重,16:30,2023-07-15,福島,2,6,12,2020106946,マジックタッチ,牡3,55,01122,三浦皇成,1:09.4,ハナ,1-1,37.1,3.2,1,532(0),01169,[東]加藤士津,034031,藤本栄史,320.0,,,,,,,,,,,"(*12,13)(4,16)(1,2,7,8)(6,11)(5,15,14)(3,10)-9",1,2,0.0,True,"(*12,13)(4,16)(1,2,8)-(6,11)(5,14)(7,15)(3,10)-9",1,2,0.0,True,2,
202303020512,12,3歳以上1勝クラス,ダ,1150,曇,稍重,16:30,2023-07-15,福島,3,8,16,2020100639,サイモンギフト,牡3,53,01184,原優介,1:09.4,クビ,3-3,36.9,3.4,2,488(+14),01047,[東]勢司和浩,132030,澤田昭紀,200.0,,,,,,,,,,,"(*12,13)(4,16)(1,2,7,8)(6,11)(5,15,14)(3,10)-9",3,2,0.0,False,"(*12,13)(4,16)(1,2,8)-(6,11)(5,14)(7,15)(3,10)-9",3,2,0.0,False,2,
202303020512,12,3歳以上1勝クラス,ダ,1150,曇,稍重,16:30,2023-07-15,福島,4,3,5,2019102102,ゲキザル,牡4,58,01161,菊沢一樹,1:09.6,1.1/4,11-10,36.3,21.3,7,464(+2),01156,[東]青木孝文,483007,橘倍男,120.0,,,,,,,,,,,"(*12,13)(4,16)(1,2,7,8)(6,11)(5,15,14)(3,10)-9",11,3,0.0,False,"(*12,13)(4,16)(1,2,8)-(6,11)(5,14)(7,15)(3,10)-9",10,2,3.5,False,2,
202303020512,12,3歳以上1勝クラス,ダ,1150,曇,稍重,16:30,2023-07-15,福島,5,8,15,2020105949,ケンキョ,牡3,55,01117,丸田恭介,1:09.7,クビ,11-12,36.4,5.1,3,460(-6),01134,[東]高橋文雅,986033,佐久間拓士,80.0,,,,,,,,,,,"(*12,13)(4,16)(1,2,7,8)(6,11)(5,15,14)(3,10)-9",11,3,0.0,False,"(*12,13)(4,16)(1,2,8)-(6,11)(5,14)(7,15)(3,10)-9",12,2,3.5,False,2,
202303020512,12,3歳以上1勝クラス,ダ,1150,曇,稍重,16:30,2023-07-15,福島,6,7,13,2019104141,ハジメテノチュウ,牡4,58,01135,杉原誠人,1:09.8,3/4,2-2,37.4,33.6,9,508(+12),00428,[東]石毛善彦,629800,ミルファーム,,,,,,,,,,,,"(*12,13)(4,16)(1,2,7,8)(6,11)(5,15,14)(3,10)-9",2,2,0.0,False,"(*12,13)(4,16)(1,2,8)-(6,11)(5,14)(7,15)(3,10)-9",2,2,0.0,False,2,
202303020512,12,3歳以上1勝クラス,ダ,1150,曇,稍重,16:30,2023-07-15,福島,7,2,4,2018103870,トランザクト,牡5,58,01169,武藤雅,1:09.8,アタマ,3-3,37.3,55.3,11,494(-4),01064,[東]武藤善則,040803,明栄商事,,,,,,,,,,,,"(*12,13)(4,16)(1,2,7,8)(6,11)(5,15,14)(3,10)-9",3,2,0.0,False,"(*12,13)(4,16)(1,2,8)-(6,11)(5,14)(7,15)(3,10)-9",3,2,0.0,False,2,
202303020512,12,3歳以上1勝クラス,ダ,1150,曇,稍重,16:30,2023-07-15,福島,8,1,1,2018103512,ホウオウジュレップ,牝5,56,01162,木幡巧也,1:09.9,3/4,5-5,37.1,33.8,10,420(-4),01106,[東]牧光二,906033,小笹芳央,,,,,,,,,,,,"(*12,13)(4,16)(1,2,7,8)(6,11)(5,15,14)(3,10)-9",5,4,0.0,False,"(*12,13)(4,16)(1,2,8)-(6,11)(5,14)(7,15)(3,10)-9",5,3,0.0,False,2,
202303020512,12,3歳以上1勝クラス,ダ,1150,曇,稍重,16:30,2023-07-15,福島,9,4,8,2018101551,クリノザウルス,牡5,58,01085,松岡正海,1:10.0,1/2,5-5,37.2,201.6,16,490(+10),01056,[東]本間忍,970006,栗本博晴,,,,,,,,,,,,"(*12,13)(4,16)(1,2,7,8)(6,11)(5,15,14)(3,10)-9",5,4,0.0,False,"(*12,13)(4,16)(1,2,8)-(6,11)(5,14)(7,15)(3,10)-9",5,3,0.0,False,2,
202303020512,12,3歳以上1勝クラス,ダ,1150,曇,稍重,16:30,2023-07-15,福島,10,2,3,2018105103,ミッキーフランケル,セ5,58,01150,石川裕紀,1:10.1,クビ,14-14,36.6,102.8,13,460(-16),01144,[西]池添学,441007,野田みづき,,,,,,,,,,,,"(*12,13)(4,16)(1,2,7,8)(6,11)(5,15,14)(3,10)-9",14,2,0.0,False,"(*12,13)(4,16)(1,2,8)-(6,11)(5,14)(7,15)(3,10)-9",14,2,3.5,False,2,
202303020512,12,3歳以上1勝クラス,ダ,1150,曇,稍重,16:30,2023-07-15,福島,11,5,10,2019102282,ウイスキータイム,牝4,56,01158,野中悠太,1:10.1,アタマ,14-14,36.7,19.3,6,480(0),01029,[東]根本康広,369803,サザンホールディング,,,,,,,,,,,,"(*12,13)(4,16)(1,2,7,8)(6,11)(5,15,14)(3,10)-9",14,2,0.0,False,"(*12,13)(4,16)(1,2,8)-(6,11)(5,14)(7,15)(3,10)-9",14,2,3.5,False,2,
202303020512,12,3歳以上1勝クラス,ダ,1150,曇,稍重,16:30,2023-07-15,福島,12,5,9,2020103747,アヴェッリーノ,牡3,55,01108,的場勇人,1:10.4,1.3/4,16-16,36.3,173.8,15,478(+2),01063,[東]的場均,917031,八嶋長久,,,,,,,,,,,,"(*12,13)(4,16)(1,2,7,8)(6,11)(5,15,14)(3,10)-9",16,1,3.5,False,"(*12,13)(4,16)(1,2,8)-(6,11)(5,14)(7,15)(3,10)-9",16,1,7.0,False,2,
202303020512,12,3歳以上1勝クラス,ダ,1150,曇,稍重,16:30,2023-07-15,福島,13,1,2,2018104533,サンフィニティ,牝5,55,01188,永野猛蔵,1:10.5,1/2,5-5,37.8,16.5,5,448(-1),01026,[東]鈴木伸尋,415800,社台レースホース,,,,,,,,,,,,"(*12,13)(4,16)(1,2,7,8)(6,11)(5,15,14)(3,10)-9",5,4,0.0,False,"(*12,13)(4,16)(1,2,8)-(6,11)(5,14)(7,15)(3,10)-9",5,3,0.0,False,2,
202303020512,12,3歳以上1勝クラス,ダ,1150,曇,稍重,16:30,2023-07-15,福島,14,7,14,2018103805,ソニックムーヴ,牡5,58,00422,内田博幸,1:10.8,2,11-10,37.5,144.0,14,484(-8),01177,[東]伊坂重信,854800,ノルマンディーサラブ...,,,,,,,,,,,,"(*12,13)(4,16)(1,2,7,8)(6,11)(5,15,14)(3,10)-9",11,3,0.0,False,"(*12,13)(4,16)(1,2,8)-(6,11)(5,14)(7,15)(3,10)-9",10,2,3.5,False,2,
202303020512,12,3歳以上1勝クラス,ダ,1150,曇,稍重,16:30,2023-07-15,福島,15,6,11,2019104737,ネクタリス,牡4,57,01186,角田大和,1:10.8,クビ,9-8,37.7,74.1,12,478(+2),01187,[東]西田雄一,758005,吉田照哉,,,,,,,,,,,,"(*12,13)(4,16)(1,2,7,8)(6,11)(5,15,14)(3,10)-9",9,2,0.0,False,"(*12,13)(4,16)(1,2,8)-(6,11)(5,14)(7,15)(3,10)-9",8,2,3.5,False,2,
202303020512,12,3歳以上1勝クラス,ダ,1150,曇,稍重,16:30,2023-07-15,福島,16,4,7,2020103609,トラネスハープ,牝3,50,01206,小林美駒,1:12.2,8,5-12,39.4,22.9,8,424(0),01147,[東]武井亮,290031,谷川昭雄,,,,,,,,,,,,"(*12,13)(4,16)(1,2,7,8)(6,11)(5,15,14)(3,10)-9",5,4,0.0,False,"(*12,13)(4,16)(1,2,8)-(6,11)(5,14)(7,15)(3,10)-9",12,2,3.5,False,2,
202307030501,1,2歳未勝利,芝,1200,曇,稍重,10:01,2023-07-15,中京,1,6,6,2021102315,アスクワンタイム,牡2,55,01174,岩田望来,1:09.3,,3-3,35.0,1.4,1,438(0),01084,[西]梅田智之,539002,廣崎利洋,550.0,,,,,,,,,,,"(*2,4)-(6,8)5-3,7=1",3,2,3.5,False,"(*2,4)6-8,5,7,3=1",3,1,0.0,False,-16,
202307030501,1,2歳未勝利,芝,1200,曇,稍重,10:01,2023-07-15,中京,2,4,4,2021105054,モンシュマン,牡2,55,01126,松山弘平,1:10.1,5,2-2,36.0,4.6,3,454(-2),01168,[西]上村洋行,415800,社台レースホース,220.0,,,,,,,,,,,"(*2,4)-(6,8)5-3,7=1",2,2,0.0,False,"(*2,4)6-8,5,7,3=1",2,2,0.0,False,-16,
202307030501,1,2歳未勝利,芝,1200,曇,稍重,10:01,2023-07-15,中京,3,5,5,2021103571,プレイフォーエフ,牝2,51,01204,河原田菜,1:10.4,2,5-5,35.6,42.0,6,438(-2),01156,[東]青木孝文,458033,仲谷善彰,140.0,,,,,,,,,,,"(*2,4)-(6,8)5-3,7=1",5,1,3.5,False,"(*2,4)6-8,5,7,3=1",5,1,5.0,False,-16,
202307030501,1,2歳未勝利,芝,1200,曇,稍重,10:01,2023-07-15,中京,4,7,7,2021104595,サニースター,牡2,55,01116,藤岡康太,1:10.7,1.1/2,7-6,35.7,90.4,7,468(0),01107,[西]村山明,237031,赤松敬之,83.0,,,,,,,,,,,"(*2,4)-(6,8)5-3,7=1",7,1,8.5,False,"(*2,4)6-8,5,7,3=1",6,1,6.5,False,-16,
202307030501,1,2歳未勝利,芝,1200,曇,稍重,10:01,2023-07-15,中京,5,8,8,2021106153,カルミナブラーナ,牡2,55,01144,菱田裕二,1:11.2,3,3-4,36.5,29.6,4,464(+4),01121,[西]角田晃一,865800,エンジェルレーシング,55.0,,,,,,,,,,,"(*2,4)-(6,8)5-3,7=1",3,2,3.5,False,"(*2,4)6-8,5,7,3=1",4,1,3.5,False,-16,
202307030501,1,2歳未勝利,芝,1200,曇,稍重,10:01,2023-07-15,中京,6,3,3,2021106721,タイセイタリスマン,牡2,55,01163,坂井瑠星,1:11.3,1/2,6-7,36.1,4.3,2,454(+4),01194,[西]小栗実,224007,田中成奉,,,,,,,,,,,,"(*2,4)-(6,8)5-3,7=1",6,1,7.0,False,"(*2,4)6-8,5,7,3=1",7,1,8.0,False,-16,
202307030501,1,2歳未勝利,芝,1200,曇,稍重,10:01,2023-07-15,中京,7,1,1,2021100776,ダイメイゼット,牡2,54,01182,泉谷楓真,1:12.0,4,8-8,35.4,172.3,8,446(-2),01099,[西]本田優,177033,宮本昇,,,,,,,,,,,,"(*2,4)-(6,8)5-3,7=1",8,1,14.5,False,"(*2,4)6-8,5,7,3=1",8,1,14.0,False,-16,
202307030501,1,2歳未勝利,芝,1200,曇,稍重,10:01,2023-07-15,中京,8,2,2,2021101604,マクッテソフィア,牝2,55,01124,国分恭介,1:12.1,1/2,1-1,38.1,37.0,5,410(-2),01003,[西]川村禎彦,965800,東豊物産,,,,,,,,,,,,"(*2,4)-(6,8)5-3,7=1",1,2,0.0,True,"(*2,4)6-8,5,7,3=1",1,2,0.0,True,-16,
202307030502,2,3歳未勝利,ダ,1800,曇,稍重,10:35,2023-07-15,中京,1,8,16,2020103444,ピュアグルーヴ,牝3,50,01204,河原田菜,1:55.3,,11-12-11-11,38.4,13.1,5,452(-6),01062,[西]藤岡健一,506800,シルクレーシング,550.0,"6,10(1,7)(2,11)(4,9)(3,13)(5,8,16)12-15   14",11,3,1.5,False,"(*6,10)(1,7,11)(2,9)4(3,13)5(8,16)-12,15   14",12,2,0.0,False,"6,10(1,7,11)4,2(3,9)-13-(8,16)15,5=12   14",11,2,10.0,False,"6,10(1,11)(7,4)3,2(13,9)-(8,16)15=(5,12)   14",11,2,6.5,False,-6,
202307030502,2,3歳未勝利,ダ,1800,曇,稍重,10:35,2023-07-15,中京,2,2,4,2020106642,オシゲ,牝3,54,01088,川田将雅,1:55.7,2.1/2,7-8-6-5,39.8,1.7,1,480(0),01105,[西]須貝尚介,324030,大和屋暁,220.0,"6,10(1,7)(2,11)(4,9)(3,13)(5,8,16)12-15   14",7,2,1.5,False,"(*6,10)(1,7,11)(2,9)4(3,13)5(8,16)-12,15   14",8,1,0.0,False,"6,10(1,7,11)4,2(3,9)-13-(8,16)15,5=12   14",6,1,1.5,False,"6,10(1,11)(7,4)3,2(13,9)-(8,16)15=(5,12)   14",5,2,1.5,False,-6,
202307030502,2,3歳未勝利,ダ,1800,曇,稍重,10:35,2023-07-15,中京,3,2,3,2020101281,リボンピーチ,牝3,54,01128,川須栄彦,1:55.8,クビ,9-9-8-7,39.7,71.1,9,458(-2),01091,[西]羽月友彦,763004,宮本貞雄,140.0,"6,10(1,7)(2,11)(4,9)(3,13)(5,8,16)12-15   14",9,2,1.5,False,"(*6,10)(1,7,11)(2,9)4(3,13)5(8,16)-12,15   14",9,2,0.0,False,"6,10(1,7,11)4,2(3,9)-13-(8,16)15,5=12   14",8,2,3.0,False,"6,10(1,11)(7,4)3,2(13,9)-(8,16)15=(5,12)   14",7,1,1.5,False,-6,
202307030502,2,3歳未勝利,ダ,1800,曇,稍重,10:35,2023-07-15,中京,4,8,15,2020100354,ワイドバレンシア,牝3,54,00732,幸英明,1:55.8,クビ,15-15-13-13,38.7,25.1,6,452(-8),01183,[西]辻野泰之,320030,幅田京子,83.0,"6,10(1,7)(2,11)(4,9)(3,13)(5,8,16)12-15   14",15,1,5.0,False,"(*6,10)(1,7,11)(2,9)4(3,13)5(8,16)-12,15   14",15,1,5.0,False,"6,10(1,7,11)4,2(3,9)-13-(8,16)15,5=12   14",13,1,10.0,False,"6,10(1,11)(7,4)3,2(13,9)-(8,16)15=(5,12)   14",13,1,6.5,False,-6,
202307030502,2,3歳未勝利,ダ,1800,曇,稍重,10:35,2023-07-15,中京,5,3,6,2020106854,ヴェロス,牝3,54,01116,藤岡康太,1:56.0,1.1/4,1-1-1-1,40.7,7.3,3,464(+2),01098,[西]野中賢二,363800,三嶋牧場,55.0,"6,10(1,7)(2,11)(4,9)(3,13)(5,8,16)12-15   14",1,1,0.0,False,"(*6,10)(1,7,11)(2,9)4(3,13)5(8,16)-12,15   14",1,2,0.0,True,"6,10(1,7,11)4,2(3,9)-13-(8,16)15,5=12   14",1,1,0.0,False,"6,10(1,11)(7,4)3,2(13,9)-(8,16)15=(5,12)   14",1,1,0.0,False,-6,
202307030502,2,3歳未勝利,ダ,1800,曇,稍重,10:35,2023-07-15,中京,6,5,10,2020106430,ワンダフルグレイス,牝3,54,01126,松山弘平,1:56.4,2.1/2,2-2-2-2,41.0,5.1,2,460(-12),01173,[西]長谷川浩,102031,米田稔,,"6,10(1,7)(2,11)(4,9)(3,13)(5,8,16)12-15   14",2,1,1.5,False,"(*6,10)(1,7,11)(2,9)4(3,13)5(8,16)-12,15   14",2,2,0.0,False,"6,10(1,7,11)4,2(3,9)-13-(8,16)15,5=12   14",2,1,1.5,False,"6,10(1,11)(7,4)3,2(13,9)-(8,16)15=(5,12)   14",2,1,1.5,False,-6,
202307030502,2,3歳未勝利,ダ,1800,曇,稍重,10:35,2023-07-15,中京,7,6,11,2020106456,エリカエクラ,牝3,54,01154,松若風馬,1:56.7,1.3/4,5-3-3-3,41.1,143.3,11,494(+18),01176,[西]吉岡辰弥,613031,唐澤絵里加,,"6,10(1,7)(2,11)(4,9)(3,13)(5,8,16)12-15   14",5,2,1.5,False,"(*6,10)(1,7,11)(2,9)4(3,13)5(8,16)-12,15   14",3,3,0.0,False,"6,10(1,7,11)4,2(3,9)-13-(8,16)15,5=12   14",3,3,1.5,False,"6,10(1,11)(7,4)3,2(13,9)-(8,16)15=(5,12)   14",3,2,1.5,False,-6,
202307030502,2,3歳未勝利,ダ,1800,曇,稍重,10:35,2023-07-15,中京,8,4,7,2020101539,ダンスフォーユー,牝3,54,01034,酒井学,1:57.0,2,3-3-3-5,41.3,123.6,10,472(+4),01166,[西]石坂公一,399803,ライフハウス,,"6,10(1,7)(2,11)(4,9)(3,13)(5,8,16)12-15   14",3,2,1.5,False,"(*6,10)(1,7,11)(2,9)4(3,13)5(8,16)-12,15   14",3,3,0.0,False,"6,10(1,7,11)4,2(3,9)-13-(8,16)15,5=12   14",3,3,1.5,False,"6,10(1,11)(7,4)3,2(13,9)-(8,16)15=(5,12)   14",5,2,1.5,False,-6,
202307030502,2,3歳未勝利,ダ,1800,曇,稍重,10:35,2023-07-15,中京,9,1,1,2020106837,ウィンウッドテール,牝3,54,01152,小崎綾也,1:57.3,1.3/4,3-3-3-3,41.7,7.7,4,420(-4),01172,[西]新谷功一,218031,梶正典,,"6,10(1,7)(2,11)(4,9)(3,13)(5,8,16)12-15   14",3,2,1.5,False,"(*6,10)(1,7,11)(2,9)4(3,13)5(8,16)-12,15   14",3,3,0.0,False,"6,10(1,7,11)4,2(3,9)-13-(8,16)15,5=12   14",3,3,1.5,False,"6,10(1,11)(7,4)3,2(13,9)-(8,16)15=(5,12)   14",3,2,1.5,False,-6,
202307030502,2,3歳未勝利,ダ,1800,曇,稍重,10:35,2023-07-15,中京,10,7,13,2020100400,ルージュサクシード,牝3,54,01180,団野大成,1:57.4,クビ,9-9-10-9,40.9,52.2,8,442(-2),01092,[西]松永幹夫,180800,東京ホースレーシング,,"6,10(1,7)(2,11)(4,9)(3,13)(5,8,16)12-15   14",9,2,1.5,False,"(*6,10)(1,7,11)(2,9)4(3,13)5(8,16)-12,15   14",9,2,0.0,False,"6,10(1,7,11)4,2(3,9)-13-(8,16)15,5=12   14",10,1,6.5,False,"6,10(1,11)(7,4)3,2(13,9)-(8,16)15=(5,12)   14",9,2,3.0,False,-6,
202307030502,2,3歳未勝利,ダ,1800,曇,稍重,10:35,2023-07-15,中京,11,1,2,2020101370,カロッテフリオーソ,牝3,51,01200,西塚洸二,1:57.9,2.1/2,5-6-7-8,41.9,511.7,15,418(+8),01032,[西]大根田裕,768008,飯田総一郎,,"6,10(1,7)(2,11)(4,9)(3,13)(5,8,16)12-15   14",5,2,1.5,False,"(*6,10)(1,7,11)(2,9)4(3,13)5(8,16)-12,15   14",6,2,0.0,False,"6,10(1,7,11)4,2(3,9)-13-(8,16)15,5=12   14",7,1,3.0,False,"6,10(1,11)(7,4)3,2(13,9)-(8,16)15=(5,12)   14",8,1,3.0,False,-6,
202307030502,2,3歳未勝利,ダ,1800,曇,稍重,10:35,2023-07-15,中京,12,5,9,2020105052,テイエムフジッコ,牝3,51,01208,田口貫太,1:59.4,9,7-6-8-9,43.2,37.6,7,482(-8),01033,[西]木原一良,356002,竹園正繼,,"6,10(1,7)(2,11)(4,9)(3,13)(5,8,16)12-15   14",7,2,1.5,False,"(*6,10)(1,7,11)(2,9)4(3,13)5(8,16)-12,15   14",6,2,0.0,False,"6,10(1,7,11)4,2(3,9)-13-(8,16)15,5=12   14",8,2,3.0,False,"6,10(1,11)(7,4)3,2(13,9)-(8,16)15=(5,12)   14",9,2,3.0,False,-6,
202307030502,2,3歳未勝利,ダ,1800,曇,稍重,10:35,2023-07-15,中京,13,6,12,2020103065,アーケイディア,牝3,51,01193,今村聖奈,1:59.4,ハナ,14-14-15-14,41.2,267.6,12,470(-4),01139,[西]飯田祐史,310007,吉田千津,,"6,10(1,7)(2,11)(4,9)(3,13)(5,8,16)12-15   14",14,1,1.5,False,"(*6,10)(1,7,11)(2,9)4(3,13)5(8,16)-12,15   14",14,1,3.5,False,"6,10(1,7,11)4,2(3,9)-13-(8,16)15,5=12   14",15,1,17.5,False,"6,10(1,11)(7,4)3,2(13,9)-(8,16)15=(5,12)   14",14,2,12.5,False,-6,
202307030502,2,3歳未勝利,ダ,1800,曇,稍重,10:35,2023-07-15,中京,14,4,8,2020105168,スナークメーテル,牝3,53,01182,泉谷楓真,1:59.4,アタマ,11-12-11-11,42.5,462.5,14,476(0),01098,[西]野中賢二,478030,杉本豊,,"6,10(1,7)(2,11)(4,9)(3,13)(5,8,16)12-15   14",11,3,1.5,False,"(*6,10)(1,7,11)(2,9)4(3,13)5(8,16)-12,15   14",12,2,0.0,False,"6,10(1,7,11)4,2(3,9)-13-(8,16)15,5=12   14",11,2,10.0,False,"6,10(1,11)(7,4)3,2(13,9)-(8,16)15=(5,12)   14",11,2,6.5,False,-6,
202307030502,2,3歳未勝利,ダ,1800,曇,稍重,10:35,2023-07-15,中京,15,3,5,2020106666,ロハ,牝3,54,01125,国分優作,2:02.1,大,11-11-14-14,44.8,343.4,13,482(+8),01041,[西]藤沢則雄,819031,森田和豊,,"6,10(1,7)(2,11)(4,9)(3,13)(5,8,16)12-15   14",11,3,1.5,False,"(*6,10)(1,7,11)(2,9)4(3,13)5(8,16)-12,15   14",11,1,0.0,False,"6,10(1,7,11)4,2(3,9)-13-(8,16)15,5=12   14",14,1,11.5,False,"6,10(1,11)(7,4)3,2(13,9)-(8,16)15=(5,12)   14",14,2,12.5,False,-6,
202307030502,2,3歳未勝利,ダ,1800,曇,稍重,10:35,2023-07-15,中京,取,7,14,2020103041,ツァウバークライス,牝3,51,01187,永島まな,,,,,---,,計不,01136,[西]高橋亮,758005,吉田照哉,,"6,10(1,7)(2,11)(4,9)(3,13)(5,8,16)12-15   14",16,1,11.0,False,"(*6,10)(1,7,11)(2,9)4(3,13)5(8,16)-12,15   14",16,1,11.0,False,"6,10(1,7,11)4,2(3,9)-13-(8,16)15,5=12   14",16,1,23.5,False,"6,10(1,11)(7,4)3,2(13,9)-(8,16)15=(5,12)   14",16,1,18.5,False,-6,
202307030503,3,3歳未勝利,ダ,1400,曇,稍重,11:05,2023-07-15,中京,1,8,15,2020100138,デアデルマーレ,牝3,54,01088,川田将雅,1:24.9,,2-2,38.2,1.6,1,486(+4),01170,[西]坂口智康,170800,ロードホースクラブ,550.0,,,,,,,,,,,"7(15,14)9,10,6-3(11,12)(5,4)-(2,1)(13,16)=8",2,2,0.0,False,"7,15(9,14)10,6-3(11,12)(5,4)-1(2,16)13-8",2,1,1.5,False,-10,
202307030503,3,3歳未勝利,ダ,1400,曇,稍重,11:05,2023-07-15,中京,2,4,7,2020100730,ブルーライトルナ,牝3,50,01204,河原田菜,1:25.1,3/4,1-1,38.5,15.7,5,460(+2),01065,[西]大橋勇樹,117800,高昭牧場,220.0,,,,,,,,,,,"7(15,14)9,10,6-3(11,12)(5,4)-(2,1)(13,16)=8",1,1,0.0,False,"7,15(9,14)10,6-3(11,12)(5,4)-1(2,16)13-8",1,1,0.0,False,-10,
202307030503,3,3歳未勝利,ダ,1400,曇,稍重,11:05,2023-07-15,中京,3,3,5,2020106182,メイショウホウセン,牡3,55,01199,角田大河,1:25.7,3.1/2,10-10,37.6,23.2,7,488(0),01120,[西]千田輝彦,523005,松本好雄,140.0,,,,,,,,,,,"7(15,14)9,10,6-3(11,12)(5,4)-(2,1)(13,16)=8",10,2,6.5,False,"7,15(9,14)10,6-3(11,12)(5,4)-1(2,16)13-8",10,2,6.5,False,-10,
202307030503,3,3歳未勝利,ダ,1400,曇,稍重,11:05,2023-07-15,中京,4,5,9,2020103510,イストロス,セ3,56,00732,幸英明,1:25.7,アタマ,4-3,38.8,10.0,3,502(+6),01002,[西]音無秀孝,226800,サンデーレーシング,83.0,,,,,,,,,,,"7(15,14)9,10,6-3(11,12)(5,4)-(2,1)(13,16)=8",4,1,0.0,False,"7,15(9,14)10,6-3(11,12)(5,4)-1(2,16)13-8",3,2,1.5,False,-10,
202307030503,3,3歳未勝利,ダ,1400,曇,稍重,11:05,2023-07-15,中京,5,3,6,2020100103,エイシンネクタル,牡3,56,01152,小崎綾也,1:25.9,1.1/2,6-6,38.6,59.4,10,456(-2),01085,[西]小崎憲,785800,栄進堂,55.0,,,,,,,,,,,"7(15,14)9,10,6-3(11,12)(5,4)-(2,1)(13,16)=8",6,1,3.0,False,"7,15(9,14)10,6-3(11,12)(5,4)-1(2,16)13-8",6,1,3.0,False,-10,
202307030503,3,3歳未勝利,ダ,1400,曇,稍重,11:05,2023-07-15,中京,6,7,14,2020103294,クロニオス,牡3,53,01193,今村聖奈,1:26.0,クビ,2-3,39.2,25.1,8,522(-4),01148,[西]西村真幸,506800,シルクレーシング,,,,,,,,,,,,"7(15,14)9,10,6-3(11,12)(5,4)-(2,1)(13,16)=8",2,2,0.0,False,"7,15(9,14)10,6-3(11,12)(5,4)-1(2,16)13-8",3,2,1.5,False,-10,
202307030503,3,3歳未勝利,ダ,1400,曇,稍重,11:05,2023-07-15,中京,7,5,10,2020110021,サブエガ,牡3,53,01187,永島まな,1:26.1,3/4,5-5,39.0,5.7,2,492(+6),01071,[西]池江泰寿,831800,青芝商事,,,,,,,,,,,,"7(15,14)9,10,6-3(11,12)(5,4)-(2,1)(13,16)=8",5,1,1.5,False,"7,15(9,14)10,6-3(11,12)(5,4)-1(2,16)13-8",5,1,1.5,False,-10,
202307030503,3,3歳未勝利,ダ,1400,曇,稍重,11:05,2023-07-15,中京,8,2,4,2020110078,ヴァンビスタ,牝3,54,01154,松若風馬,1:26.4,1.3/4,10-10,38.3,16.2,6,504(+10),01075,[西]矢作芳人,026803,ＤＭＭドリームクラブ,,,,,,,,,,,,"7(15,14)9,10,6-3(11,12)(5,4)-(2,1)(13,16)=8",10,2,6.5,False,"7,15(9,14)10,6-3(11,12)(5,4)-1(2,16)13-8",10,2,6.5,False,-10,
202307030503,3,3歳未勝利,ダ,1400,曇,稍重,11:05,2023-07-15,中京,9,6,11,2020110091,マラマ,牝3,54,01174,岩田望来,1:26.4,クビ,8-8,38.5,14.1,4,448(-2),01092,[西]松永幹夫,242031,前田幸大,,,,,,,,,,,,"7(15,14)9,10,6-3(11,12)(5,4)-(2,1)(13,16)=8",8,2,6.5,False,"7,15(9,14)10,6-3(11,12)(5,4)-1(2,16)13-8",8,2,6.5,False,-10,
202307030503,3,3歳未勝利,ダ,1400,曇,稍重,11:05,2023-07-15,中京,10,4,8,2020103901,ウインドワンピース,牡3,55,01182,泉谷楓真,1:26.5,クビ,16-16,36.8,518.2,16,516(-11),01041,[西]藤沢則雄,562002,福原正博,,,,,,,,,,,,"7(15,14)9,10,6-3(11,12)(5,4)-(2,1)(13,16)=8",16,1,16.0,False,"7,15(9,14)10,6-3(11,12)(5,4)-1(2,16)13-8",16,1,13.5,False,-10,
202307030503,3,3歳未勝利,ダ,1400,曇,稍重,11:05,2023-07-15,中京,11,2,3,2020103492,フェールデレーヴ,牝3,51,01200,西塚洸二,1:26.8,2,7-7,39.2,25.2,9,424(-12),01168,[西]上村洋行,506800,シルクレーシング,,,,,,,,,,,,"7(15,14)9,10,6-3(11,12)(5,4)-(2,1)(13,16)=8",7,1,6.5,False,"7,15(9,14)10,6-3(11,12)(5,4)-1(2,16)13-8",7,1,6.5,False,-10,
202307030503,3,3歳未勝利,ダ,1400,曇,稍重,11:05,2023-07-15,中京,12,1,2,2020104270,テクノダイヤモンド,牡3,53,01208,田口貫太,1:27.2,2,12-13,38.6,146.2,11,510(-6),01172,[西]新谷功一,266033,西村健,,,,,,,,,,,,"7(15,14)9,10,6-3(11,12)(5,4)-(2,1)(13,16)=8",12,2,10.0,False,"7,15(9,14)10,6-3(11,12)(5,4)-1(2,16)13-8",13,2,10.0,False,-10,
202307030503,3,3歳未勝利,ダ,1400,曇,稍重,11:05,2023-07-15,中京,13,7,13,2020102342,テーオーマルサス,牡3,56,01144,菱田裕二,1:27.3,3/4,14-15,38.5,163.9,12,482(0),01066,[西]岡田稲男,304008,小笹公也,,,,,,,,,,,,"7(15,14)9,10,6-3(11,12)(5,4)-(2,1)(13,16)=8",14,2,10.0,False,"7,15(9,14)10,6-3(11,12)(5,4)-1(2,16)13-8",15,1,10.0,False,-10,
202307030503,3,3歳未勝利,ダ,1400,曇,稍重,11:05,2023-07-15,中京,14,1,1,2020105595,ヤマニンアルテシマ,牝3,54,01138,藤懸貴志,1:27.6,1.1/2,12-12,39.0,277.2,15,482(-22),01173,[西]長谷川浩,329004,土井肇,,,,,,,,,,,,"7(15,14)9,10,6-3(11,12)(5,4)-(2,1)(13,16)=8",12,2,10.0,False,"7,15(9,14)10,6-3(11,12)(5,4)-1(2,16)13-8",12,1,10.0,False,-10,
202307030503,3,3歳未勝利,ダ,1400,曇,稍重,11:05,2023-07-15,中京,15,6,12,2020110072,クリソグランシャ,牡3,55,01181,秋山稔樹,1:27.6,クビ,8-8,39.8,250.5,14,524(+6),01110,[西]清水久詞,520031,福盛訓之,,,,,,,,,,,,"7(15,14)9,10,6-3(11,12)(5,4)-(2,1)(13,16)=8",8,2,6.5,False,"7,15(9,14)10,6-3(11,12)(5,4)-1(2,16)13-8",8,2,6.5,False,-10,
202307030503,3,3歳未勝利,ダ,1400,曇,稍重,11:05,2023-07-15,中京,16,8,16,2020106009,ルーヴェローチェ,牡3,56,01141,中井裕二,1:28.6,6,14-13,39.8,178.0,13,498(-4),01003,[西]川村禎彦,812008,石瀬浩三,,,,,,,,,,,,"7(15,14)9,10,6-3(11,12)(5,4)-(2,1)(13,16)=8",14,2,10.0,False,"7,15(9,14)10,6-3(11,12)(5,4)-1(2,16)13-8",13,2,10.0,False,-10,
202307030504,4,3歳未勝利,芝,2000,曇,良,11:35,2023-07-15,中京,1,8,13,2020103428,スイープアワーズ,牡3,56,01088,川田将雅,2:00.9,,3-3-4-4,35.5,3.1,2,450(0),01061,[西]友道康夫,858800,大塚亮一,550.0,"4,9(7,13)(10,14)(1,6,12)(8,11)5-3=2",3,2,1.5,False,"(*4,12)(9,13)7(10,14)(1,6,11)(5,8)-3=2",3,2,0.0,False,"4(9,12)-13(7,10,14)(1,11)6,5-(3,8)=2",4,1,3.5,False,"4(9,12)(7,13)(10,14)(1,11)6,5(3,8)=2",4,2,0.0,False,-16,開催5日目で今週からBコース使用。先週に引き続き高速馬場だった。速い末脚が問われる軽いコンディションで、逃げ残りや番手からの押し切りは難しかった。
202307030504,4,3歳未勝利,芝,2000,曇,良,11:35,2023-07-15,中京,2,1,1,2020110154,デッドリー,牝3,54,01174,岩田望来,2:01.1,1.1/4,7-8-8-8,35.4,2.4,1,448(0),01137,[西]中内田充,030060,Ｈ．Ｈ．シェイク・フ...,220.0,"4,9(7,13)(10,14)(1,6,12)(8,11)5-3=2",7,3,1.5,False,"(*4,12)(9,13)7(10,14)(1,6,11)(5,8)-3=2",8,3,0.0,False,"4(9,12)-13(7,10,14)(1,11)6,5-(3,8)=2",8,2,3.5,False,"4(9,12)(7,13)(10,14)(1,11)6,5(3,8)=2",8,2,0.0,False,-16,開催5日目で今週からBコース使用。先週に引き続き高速馬場だった。速い末脚が問われる軽いコンディションで、逃げ残りや番手からの押し切りは難しかった。
202307030504,4,3歳未勝利,芝,2000,曇,良,11:35,2023-07-15,中京,3,7,11,2020102716,ドゥヴァンスマン,牡3,56,01163,坂井瑠星,2:01.5,2.1/2,10-8-8-8,35.8,3.3,3,478(+2),01075,[西]矢作芳人,808800,Ｇ１レーシング,140.0,"4,9(7,13)(10,14)(1,6,12)(8,11)5-3=2",10,2,1.5,False,"(*4,12)(9,13)7(10,14)(1,6,11)(5,8)-3=2",8,3,0.0,False,"4(9,12)-13(7,10,14)(1,11)6,5-(3,8)=2",8,2,3.5,False,"4(9,12)(7,13)(10,14)(1,11)6,5(3,8)=2",8,2,0.0,False,-16,開催5日目で今週からBコース使用。先週に引き続き高速馬場だった。速い末脚が問われる軽いコンディションで、逃げ残りや番手からの押し切りは難しかった。
202307030504,4,3歳未勝利,芝,2000,曇,良,11:35,2023-07-15,中京,4,6,10,2020105628,アリクテラー,セ3,56,01116,藤岡康太,2:02.3,5,5-6-5-6,36.7,47.5,8,500(0),01160,[西]武幸四郎,788800,ノースヒルズ,83.0,"4,9(7,13)(10,14)(1,6,12)(8,11)5-3=2",5,2,1.5,False,"(*4,12)(9,13)7(10,14)(1,6,11)(5,8)-3=2",6,2,0.0,False,"4(9,12)-13(7,10,14)(1,11)6,5-(3,8)=2",5,3,3.5,False,"4(9,12)(7,13)(10,14)(1,11)6,5(3,8)=2",6,2,0.0,False,-16,開催5日目で今週からBコース使用。先週に引き続き高速馬場だった。速い末脚が問われる軽いコンディションで、逃げ残りや番手からの押し切りは難しかった。
202307030504,4,3歳未勝利,芝,2000,曇,良,11:35,2023-07-15,中京,5,4,6,2020106855,テーオーエンゲルス,牡3,53,01208,田口貫太,2:02.3,クビ,7-8-10-10,36.4,169.1,11,458(-4),01105,[西]須貝尚介,304008,小笹公也,55.0,"4,9(7,13)(10,14)(1,6,12)(8,11)5-3=2",7,3,1.5,False,"(*4,12)(9,13)7(10,14)(1,6,11)(5,8)-3=2",8,3,0.0,False,"4(9,12)-13(7,10,14)(1,11)6,5-(3,8)=2",10,1,3.5,False,"4(9,12)(7,13)(10,14)(1,11)6,5(3,8)=2",10,1,0.0,False,-16,開催5日目で今週からBコース使用。先週に引き続き高速馬場だった。速い末脚が問われる軽いコンディションで、逃げ残りや番手からの押し切りは難しかった。
202307030504,4,3歳未勝利,芝,2000,曇,良,11:35,2023-07-15,中京,6,3,3,2020103024,サーキュラーキー,牡3,53,01187,永島まな,2:02.3,アタマ,13-13-12-12,36.0,203.8,12,476(-4),01079,[東]古賀慎明,922030,丸山担,,"4,9(7,13)(10,14)(1,6,12)(8,11)5-3=2",13,1,5.0,False,"(*4,12)(9,13)7(10,14)(1,6,11)(5,8)-3=2",13,1,3.5,False,"4(9,12)-13(7,10,14)(1,11)6,5-(3,8)=2",12,2,8.5,False,"4(9,12)(7,13)(10,14)(1,11)6,5(3,8)=2",12,2,1.5,False,-16,開催5日目で今週からBコース使用。先週に引き続き高速馬場だった。速い末脚が問われる軽いコンディションで、逃げ残りや番手からの押し切りは難しかった。
202307030504,4,3歳未勝利,芝,2000,曇,良,11:35,2023-07-15,中京,7,7,12,2020100745,ココリアイランド,牡3,56,01154,松若風馬,2:02.4,3/4,7-2-2-2,37.2,50.9,9,428(-2),01079,[東]古賀慎明,675033,美崎光二郎,,"4,9(7,13)(10,14)(1,6,12)(8,11)5-3=2",7,3,1.5,False,"(*4,12)(9,13)7(10,14)(1,6,11)(5,8)-3=2",2,2,0.0,False,"4(9,12)-13(7,10,14)(1,11)6,5-(3,8)=2",2,2,0.0,False,"4(9,12)(7,13)(10,14)(1,11)6,5(3,8)=2",2,2,0.0,False,-16,開催5日目で今週からBコース使用。先週に引き続き高速馬場だった。速い末脚が問われる軽いコンディションで、逃げ残りや番手からの押し切りは難しかった。
202307030504,4,3歳未勝利,芝,2000,曇,良,11:35,2023-07-15,中京,8,8,14,2020106921,メイショウコムスビ,牡3,55,01182,泉谷楓真,2:02.5,クビ,5-6-5-6,36.9,31.3,7,454(-2),01099,[西]本田優,523005,松本好雄,,"4,9(7,13)(10,14)(1,6,12)(8,11)5-3=2",5,2,1.5,False,"(*4,12)(9,13)7(10,14)(1,6,11)(5,8)-3=2",6,2,0.0,False,"4(9,12)-13(7,10,14)(1,11)6,5-(3,8)=2",5,3,3.5,False,"4(9,12)(7,13)(10,14)(1,11)6,5(3,8)=2",6,2,0.0,False,-16,開催5日目で今週からBコース使用。先週に引き続き高速馬場だった。速い末脚が問われる軽いコンディションで、逃げ残りや番手からの押し切りは難しかった。
202307030504,4,3歳未勝利,芝,2000,曇,良,11:35,2023-07-15,中京,9,2,2,2020104655,ハートフルアース,牡3,56,00732,幸英明,2:03.3,5,14-14-14-14,35.8,16.8,4,490(-2),01176,[西]吉岡辰弥,346803,吉澤ホールディングス,,"4,9(7,13)(10,14)(1,6,12)(8,11)5-3=2",14,1,11.0,False,"(*4,12)(9,13)7(10,14)(1,6,11)(5,8)-3=2",14,1,9.5,False,"4(9,12)-13(7,10,14)(1,11)6,5-(3,8)=2",14,1,14.5,False,"4(9,12)(7,13)(10,14)(1,11)6,5(3,8)=2",14,1,7.5,False,-16,開催5日目で今週からBコース使用。先週に引き続き高速馬場だった。速い末脚が問われる軽いコンディションで、逃げ残りや番手からの押し切りは難しかった。
202307030504,4,3歳未勝利,芝,2000,曇,良,11:35,2023-07-15,中京,10,6,9,2020100972,フォルテカヴァロ,牡3,56,01142,長岡禎仁,2:03.4,3/4,2-3-2-2,38.3,396.8,14,462(-8),01140,[西]石橋守,651031,猪又晶介,,"4,9(7,13)(10,14)(1,6,12)(8,11)5-3=2",2,1,1.5,False,"(*4,12)(9,13)7(10,14)(1,6,11)(5,8)-3=2",3,2,0.0,False,"4(9,12)-13(7,10,14)(1,11)6,5-(3,8)=2",2,2,0.0,False,"4(9,12)(7,13)(10,14)(1,11)6,5(3,8)=2",2,2,0.0,False,-16,開催5日目で今週からBコース使用。先週に引き続き高速馬場だった。速い末脚が問われる軽いコンディションで、逃げ残りや番手からの押し切りは難しかった。
202307030504,4,3歳未勝利,芝,2000,曇,良,11:35,2023-07-15,中京,11,5,7,2020101689,エイユースイート,牝3,54,01144,菱田裕二,2:03.5,1/2,3-5-5-4,38.1,30.0,6,454(-8),01066,[西]岡田稲男,589007,笹部和子,,"4,9(7,13)(10,14)(1,6,12)(8,11)5-3=2",3,2,1.5,False,"(*4,12)(9,13)7(10,14)(1,6,11)(5,8)-3=2",5,1,0.0,False,"4(9,12)-13(7,10,14)(1,11)6,5-(3,8)=2",5,3,3.5,False,"4(9,12)(7,13)(10,14)(1,11)6,5(3,8)=2",4,2,0.0,False,-16,開催5日目で今週からBコース使用。先週に引き続き高速馬場だった。速い末脚が問われる軽いコンディションで、逃げ残りや番手からの押し切りは難しかった。
202307030504,4,3歳未勝利,芝,2000,曇,良,11:35,2023-07-15,中京,12,3,4,2020104786,プロフェッショナル,牝3,54,01141,中井裕二,2:03.8,2,1-1-1-1,38.8,151.9,10,476(-9),01128,[西]今野貞一,202033,川勝裕之,,"4,9(7,13)(10,14)(1,6,12)(8,11)5-3=2",1,1,0.0,False,"(*4,12)(9,13)7(10,14)(1,6,11)(5,8)-3=2",1,2,0.0,True,"4(9,12)-13(7,10,14)(1,11)6,5-(3,8)=2",1,1,0.0,False,"4(9,12)(7,13)(10,14)(1,11)6,5(3,8)=2",1,1,0.0,False,-16,開催5日目で今週からBコース使用。先週に引き続き高速馬場だった。速い末脚が問われる軽いコンディションで、逃げ残りや番手からの押し切りは難しかった。
202307030504,4,3歳未勝利,芝,2000,曇,良,11:35,2023-07-15,中京,13,5,8,2020103335,クラシカルビジュー,牝3,54,01126,松山弘平,2:04.3,2.1/2,10-11-12-12,38.0,28.9,5,462(-8),01110,[西]清水久詞,520031,福盛訓之,,"4,9(7,13)(10,14)(1,6,12)(8,11)5-3=2",10,2,1.5,False,"(*4,12)(9,13)7(10,14)(1,6,11)(5,8)-3=2",11,2,0.0,False,"4(9,12)-13(7,10,14)(1,11)6,5-(3,8)=2",12,2,8.5,False,"4(9,12)(7,13)(10,14)(1,11)6,5(3,8)=2",12,2,1.5,False,-16,開催5日目で今週からBコース使用。先週に引き続き高速馬場だった。速い末脚が問われる軽いコンディションで、逃げ残りや番手からの押し切りは難しかった。
202307030504,4,3歳未勝利,芝,2000,曇,良,11:35,2023-07-15,中京,14,4,5,2020100788,エピックライズ,牡3,52,01204,河原田菜,2:04.3,ハナ,12-11-11-11,38.3,215.8,13,436(-6),01159,[西]高柳大輔,870004,村上稔,,"4,9(7,13)(10,14)(1,6,12)(8,11)5-3=2",12,1,1.5,False,"(*4,12)(9,13)7(10,14)(1,6,11)(5,8)-3=2",11,2,0.0,False,"4(9,12)-13(7,10,14)(1,11)6,5-(3,8)=2",11,1,5.0,False,"4(9,12)(7,13)(10,14)(1,11)6,5(3,8)=2",11,1,1.5,False,-16,開催5日目で今週からBコース使用。先週に引き続き高速馬場だった。速い末脚が問われる軽いコンディションで、逃げ残りや番手からの押し切りは難しかった。
202307030505,5,2歳新馬,芝,1400,晴,良,12:25,2023-07-15,中京,1,8,8,2021105604,ステラスプレンダー,牝2,55,01126,松山弘平,1:22.1,,2-2,35.5,3.4,2,426(0),01166,[西]石坂公一,226800,サンデーレーシング,720.0,,,,,,,,,,,"5(4,8)(3,2)6-(1,7)",2,2,0.0,False,"5(4,8)(3,2)-(1,6)7",2,2,0.0,False,-16,開催5日目で今週からBコース使用。先週に引き続き高速馬場だった。速い末脚が問われる軽いコンディションで、逃げ残りや番手からの押し切りは難しかった。
202307030505,5,2歳新馬,芝,1400,晴,良,12:25,2023-07-15,中京,2,2,2,2021106176,スナークサファイア,牝2,55,01174,岩田望来,1:22.7,4,4-4,36.0,21.4,6,452(0),01003,[西]川村禎彦,478030,杉本豊,290.0,,,,,,,,,,,"5(4,8)(3,2)6-(1,7)",4,2,0.0,False,"5(4,8)(3,2)-(1,6)7",4,2,0.0,False,-16,開催5日目で今週からBコース使用。先週に引き続き高速馬場だった。速い末脚が問われる軽いコンディションで、逃げ残りや番手からの押し切りは難しかった。
202307030505,5,2歳新馬,芝,1400,晴,良,12:25,2023-07-15,中京,3,1,1,2021105563,シャドフ,牝2,55,01088,川田将雅,1:23.0,1.1/2,7-6,35.6,2.8,1,428(0),01087,[西]庄野靖志,389803,ケイズジャパン,180.0,,,,,,,,,,,"5(4,8)(3,2)6-(1,7)",7,2,3.5,False,"5(4,8)(3,2)-(1,6)7",6,2,3.5,False,-16,開催5日目で今週からBコース使用。先週に引き続き高速馬場だった。速い末脚が問われる軽いコンディションで、逃げ残りや番手からの押し切りは難しかった。
202307030505,5,2歳新馬,芝,1400,晴,良,12:25,2023-07-15,中京,4,3,3,2021105606,オウバイトウリ,牝2,55,01116,藤岡康太,1:23.3,2,4-4,36.6,3.6,3,480(0),01160,[西]武幸四郎,002803,キーファーズ,110.0,,,,,,,,,,,"5(4,8)(3,2)6-(1,7)",4,2,0.0,False,"5(4,8)(3,2)-(1,6)7",4,2,0.0,False,-16,開催5日目で今週からBコース使用。先週に引き続き高速馬場だった。速い末脚が問われる軽いコンディションで、逃げ残りや番手からの押し切りは難しかった。
202307030505,5,2歳新馬,芝,1400,晴,良,12:25,2023-07-15,中京,5,4,4,2021105256,メロディアスハード,牝2,55,01154,松若風馬,1:23.9,4,2-2,37.4,10.3,4,446(0),01178,[西]杉山佳明,758005,吉田照哉,72.0,,,,,,,,,,,"5(4,8)(3,2)6-(1,7)",2,2,0.0,False,"5(4,8)(3,2)-(1,6)7",2,2,0.0,False,-16,開催5日目で今週からBコース使用。先週に引き続き高速馬場だった。速い末脚が問われる軽いコンディションで、逃げ残りや番手からの押し切りは難しかった。
202307030505,5,2歳新馬,芝,1400,晴,良,12:25,2023-07-15,中京,6,5,5,2021104140,グレースルージュ,牝2,55,01163,坂井瑠星,1:24.2,1.1/2,1-1,37.8,11.3,5,414(0),01130,[西]吉村圭司,777031,山田有暉朗,,,,,,,,,,,,"5(4,8)(3,2)6-(1,7)",1,1,0.0,False,"5(4,8)(3,2)-(1,6)7",1,1,0.0,False,-16,開催5日目で今週からBコース使用。先週に引き続き高速馬場だった。速い末脚が問われる軽いコンディションで、逃げ残りや番手からの押し切りは難しかった。
202307030505,5,2歳新馬,芝,1400,晴,良,12:25,2023-07-15,中京,7,7,7,2021100994,メイショウムーヴ,牝2,55,01180,団野大成,1:24.2,ハナ,7-8,36.6,44.3,7,432(0),01095,[西]荒川義之,523005,松本好雄,,,,,,,,,,,,"5(4,8)(3,2)6-(1,7)",7,2,3.5,False,"5(4,8)(3,2)-(1,6)7",8,1,3.5,False,-16,開催5日目で今週からBコース使用。先週に引き続き高速馬場だった。速い末脚が問われる軽いコンディションで、逃げ残りや番手からの押し切りは難しかった。
202307030505,5,2歳新馬,芝,1400,晴,良,12:25,2023-07-15,中京,8,6,6,2021106235,シカンスイヨウ,牝2,55,01141,中井裕二,1:24.9,4,6-6,37.4,99.2,8,456(0),01170,[西]坂口智康,545008,中内田克二,,,,,,,,,,,,"5(4,8)(3,2)6-(1,7)",6,1,0.0,False,"5(4,8)(3,2)-(1,6)7",6,2,3.5,False,-16,開催5日目で今週からBコース使用。先週に引き続き高速馬場だった。速い末脚が問われる軽いコンディションで、逃げ残りや番手からの押し切りは難しかった。
202307030506,6,2歳新馬,芝,1200,晴,良,12:55,2023-07-15,中京,1,4,4,2021106615,キャンシーエンゼル,牝2,55,01174,岩田望来,1:08.7,,2-2,34.1,2.5,1,442(0),01111,[西]鈴木孝志,788800,ノースヒルズ,720.0,,,,,,,,,,,"6,4(2,8)5(3,9)1-7",2,1,1.5,False,"6-4,2,8-9(5,1)3=7",2,1,3.5,False,-19,開催5日目で今週からBコース使用。先週に引き続き高速馬場だった。速い末脚が問われる軽いコンディションで、逃げ残りや番手からの押し切りは難しかった。
202307030506,6,2歳新馬,芝,1200,晴,良,12:55,2023-07-15,中京,2,2,2,2021102433,アートフォーム,牝2,55,00732,幸英明,1:09.1,2.1/2,3-3,34.2,29.9,8,424(0),01188,[西]畑端省吾,808800,Ｇ１レーシング,290.0,,,,,,,,,,,"6,4(2,8)5(3,9)1-7",3,2,1.5,False,"6-4,2,8-9(5,1)3=7",3,1,5.0,False,-19,開催5日目で今週からBコース使用。先週に引き続き高速馬場だった。速い末脚が問われる軽いコンディションで、逃げ残りや番手からの押し切りは難しかった。
202307030506,6,2歳新馬,芝,1200,晴,良,12:55,2023-07-15,中京,3,1,1,2021105098,ディーエストッキー,牡2,55,01126,松山弘平,1:09.2,3/4,8-6,33.7,3.0,2,444(0),01154,[西]橋口慎介,847031,石橋充教,180.0,,,,,,,,,,,"6,4(2,8)5(3,9)1-7",8,1,1.5,False,"6-4,2,8-9(5,1)3=7",6,2,10.0,False,-19,開催5日目で今週からBコース使用。先週に引き続き高速馬場だった。速い末脚が問われる軽いコンディションで、逃げ残りや番手からの押し切りは難しかった。
202307030506,6,2歳新馬,芝,1200,晴,良,12:55,2023-07-15,中京,4,6,6,2021100401,ニシノミニョンヌ,牝2,51,01204,河原田菜,1:09.4,1,1-1,35.2,23.5,7,404(0),01073,[西]宮本博,897009,西山茂行,110.0,,,,,,,,,,,"6,4(2,8)5(3,9)1-7",1,1,0.0,False,"6-4,2,8-9(5,1)3=7",1,1,0.0,False,-19,開催5日目で今週からBコース使用。先週に引き続き高速馬場だった。速い末脚が問われる軽いコンディションで、逃げ残りや番手からの押し切りは難しかった。
202307030506,6,2歳新馬,芝,1200,晴,良,12:55,2023-07-15,中京,5,8,9,2021104991,スターターン,牡2,55,01180,団野大成,1:09.6,1.1/2,6-5,34.3,5.6,3,468(0),01170,[西]坂口智康,208008,窪田芳郎,72.0,,,,,,,,,,,"6,4(2,8)5(3,9)1-7",6,2,1.5,False,"6-4,2,8-9(5,1)3=7",5,1,10.0,False,-19,開催5日目で今週からBコース使用。先週に引き続き高速馬場だった。速い末脚が問われる軽いコンディションで、逃げ残りや番手からの押し切りは難しかった。
202307030506,6,2歳新馬,芝,1200,晴,良,12:55,2023-07-15,中京,6,3,3,2021105527,ゴージャスゴールド,牝2,55,01163,坂井瑠星,1:10.9,8,6-8,35.2,9.6,4,392(0),01136,[西]高橋亮,226800,サンデーレーシング,,,,,,,,,,,,"6,4(2,8)5(3,9)1-7",6,2,1.5,False,"6-4,2,8-9(5,1)3=7",8,1,10.0,False,-19,開催5日目で今週からBコース使用。先週に引き続き高速馬場だった。速い末脚が問われる軽いコンディションで、逃げ残りや番手からの押し切りは難しかった。
202307030506,6,2歳新馬,芝,1200,晴,良,12:55,2023-07-15,中京,7,5,5,2021104519,ガラシュ,牡2,52,01187,永島まな,1:11.1,1.1/2,5-6,35.6,13.2,5,504(0),01135,[西]高橋康之,065803,京都ホースレーシング,,,,,,,,,,,,"6,4(2,8)5(3,9)1-7",5,1,1.5,False,"6-4,2,8-9(5,1)3=7",6,2,10.0,False,-19,開催5日目で今週からBコース使用。先週に引き続き高速馬場だった。速い末脚が問われる軽いコンディションで、逃げ残りや番手からの押し切りは難しかった。
202307030506,6,2歳新馬,芝,1200,晴,良,12:55,2023-07-15,中京,8,7,7,2021101954,ヒロアプリオリ,牡2,52,01208,田口貫太,1:11.5,2.1/2,9-9,34.7,96.9,9,412(0),01003,[西]川村禎彦,752006,石川博,,,,,,,,,,,,"6,4(2,8)5(3,9)1-7",9,1,5.0,False,"6-4,2,8-9(5,1)3=7",9,1,16.0,False,-19,開催5日目で今週からBコース使用。先週に引き続き高速馬場だった。速い末脚が問われる軽いコンディションで、逃げ残りや番手からの押し切りは難しかった。
202307030506,6,2歳新馬,芝,1200,晴,良,12:55,2023-07-15,中京,9,8,8,2021100710,カネトシショウカ,牡2,52,01193,今村聖奈,1:12.5,6,3-4,37.5,22.7,6,444(0),01158,[西]寺島良,939006,兼松昌男,,,,,,,,,,,,"6,4(2,8)5(3,9)1-7",3,2,1.5,False,"6-4,2,8-9(5,1)3=7",4,1,6.5,False,-19,開催5日目で今週からBコース使用。先週に引き続き高速馬場だった。速い末脚が問われる軽いコンディションで、逃げ残りや番手からの押し切りは難しかった。
202307030507,7,3歳以上1勝クラス,ダ,1800,晴,稍重,13:25,2023-07-15,中京,1,7,9,2020100604,テーオーレガシー,牡3,54,01181,秋山稔樹,1:54.2,,2-1-1-1,38.8,14.2,6,512(0),01018,[西]宮徹,304008,小笹公也,800.0,"(*2,9)11-1,5,7,10(6,8)3,4",2,2,0.0,False,"(2,*9)11-(1,5)-7,10,6(3,8)4",1,2,0.0,True,"9(2,11)(5,4)(1,10)6,3,7,8",1,1,0.0,False,"(2,*9)(5,11)(10,4)(1,6)3-7,8",1,2,0.0,True,-6,
202307030507,7,3歳以上1勝クラス,ダ,1800,晴,稍重,13:25,2023-07-15,中京,2,5,5,2020106022,ショーヘーフェイス,牡3,55,01180,団野大成,1:54.4,1,5-4-4-3,38.8,10.2,5,534(-22),01095,[西]荒川義之,874033,ＳＴレーシング,320.0,"(*2,9)11-1,5,7,10(6,8)3,4",5,1,5.0,False,"(2,*9)11-(1,5)-7,10,6(3,8)4",4,2,3.5,False,"9(2,11)(5,4)(1,10)6,3,7,8",4,2,0.0,False,"(2,*9)(5,11)(10,4)(1,6)3-7,8",3,2,0.0,False,-6,
202307030507,7,3歳以上1勝クラス,ダ,1800,晴,稍重,13:25,2023-07-15,中京,3,6,6,2020106196,メイショウモズ,牡3,55,00732,幸英明,1:54.5,1/2,8-8-8-7,38.6,2.4,1,496(+6),01083,[西]松永昌博,523005,松本好雄,200.0,"(*2,9)11-1,5,7,10(6,8)3,4",8,2,8.0,False,"(2,*9)11-(1,5)-7,10,6(3,8)4",8,1,10.0,False,"9(2,11)(5,4)(1,10)6,3,7,8",8,1,0.0,False,"(2,*9)(5,11)(10,4)(1,6)3-7,8",7,2,0.0,False,-6,
202307030507,7,3歳以上1勝クラス,ダ,1800,晴,稍重,13:25,2023-07-15,中京,4,4,4,2020101861,アオイイーグル,牡3,52,01187,永島まな,1:55.3,5,11-11-4-5,39.6,4.4,2,490(+14),01058,[西]大久保龍,974033,新谷正子,120.0,"(*2,9)11-1,5,7,10(6,8)3,4",11,1,9.5,False,"(2,*9)11-(1,5)-7,10,6(3,8)4",11,1,10.0,False,"9(2,11)(5,4)(1,10)6,3,7,8",4,2,0.0,False,"(2,*9)(5,11)(10,4)(1,6)3-7,8",5,2,0.0,False,-6,
202307030507,7,3歳以上1勝クラス,ダ,1800,晴,稍重,13:25,2023-07-15,中京,5,6,7,2020102798,スマラグドス,牡3,52,01208,田口貫太,1:55.3,1/2,6-6-10-10,39.1,49.1,10,464(0),01028,[西]西園正都,148800,グリーンファーム,80.0,"(*2,9)11-1,5,7,10(6,8)3,4",6,1,6.5,False,"(2,*9)11-(1,5)-7,10,6(3,8)4",6,1,7.0,False,"9(2,11)(5,4)(1,10)6,3,7,8",10,1,3.0,False,"(2,*9)(5,11)(10,4)(1,6)3-7,8",10,1,3.5,False,-6,
202307030507,7,3歳以上1勝クラス,ダ,1800,晴,稍重,13:25,2023-07-15,中京,6,8,10,2020102687,バックトゥザライト,牡3,55,01174,岩田望来,1:55.4,アタマ,7-7-6-5,39.6,7.1,4,508(0),01183,[西]辻野泰之,686006,平井裕,,"(*2,9)11-1,5,7,10(6,8)3,4",7,1,8.0,False,"(2,*9)11-(1,5)-7,10,6(3,8)4",7,1,8.5,False,"9(2,11)(5,4)(1,10)6,3,7,8",6,2,0.0,False,"(2,*9)(5,11)(10,4)(1,6)3-7,8",5,2,0.0,False,-6,
202307030507,7,3歳以上1勝クラス,ダ,1800,晴,稍重,13:25,2023-07-15,中京,7,3,3,2020101641,エムズマインド,牡3,55,01062,川島信二,1:55.7,2,10-9-9-9,39.6,21.4,7,492(-4),01095,[西]荒川義之,023007,本谷兼三,,"(*2,9)11-1,5,7,10(6,8)3,4",10,1,8.0,False,"(2,*9)11-(1,5)-7,10,6(3,8)4",9,2,10.0,False,"9(2,11)(5,4)(1,10)6,3,7,8",9,1,1.5,False,"(2,*9)(5,11)(10,4)(1,6)3-7,8",9,1,0.0,False,-6,
202307030507,7,3歳以上1勝クラス,ダ,1800,晴,稍重,13:25,2023-07-15,中京,8,2,2,2020103902,ジャーヴィス,牡3,55,01034,酒井学,1:56.4,4,1-2-2-2,40.9,24.9,8,474(+6),01120,[西]千田輝彦,854800,ノルマンディーサラブ...,,"(*2,9)11-1,5,7,10(6,8)3,4",1,2,0.0,True,"(2,*9)11-(1,5)-7,10,6(3,8)4",2,2,0.0,False,"9(2,11)(5,4)(1,10)6,3,7,8",2,2,0.0,False,"(2,*9)(5,11)(10,4)(1,6)3-7,8",2,2,0.0,False,-6,
202307030507,7,3歳以上1勝クラス,ダ,1800,晴,稍重,13:25,2023-07-15,中京,9,7,8,2019106334,レタラ,牝4,55,01199,角田大河,1:56.8,2.1/2,8-9-11-11,40.5,193.7,11,466(+20),01130,[西]吉村圭司,994002,飯田正剛,,"(*2,9)11-1,5,7,10(6,8)3,4",8,2,8.0,False,"(2,*9)11-(1,5)-7,10,6(3,8)4",9,2,10.0,False,"9(2,11)(5,4)(1,10)6,3,7,8",11,1,4.5,False,"(2,*9)(5,11)(10,4)(1,6)3-7,8",11,1,5.0,False,-6,
202307030507,7,3歳以上1勝クラス,ダ,1800,晴,稍重,13:25,2023-07-15,中京,10,8,11,2019105647,ソクラテス,牡4,58,01126,松山弘平,1:57.3,3,3-3-2-3,41.8,34.6,9,502(+12),01002,[西]音無秀孝,372006,近藤英子,,"(*2,9)11-1,5,7,10(6,8)3,4",3,1,0.0,False,"(2,*9)11-(1,5)-7,10,6(3,8)4",3,1,0.0,False,"9(2,11)(5,4)(1,10)6,3,7,8",2,2,0.0,False,"(2,*9)(5,11)(10,4)(1,6)3-7,8",3,2,0.0,False,-6,
202307030507,7,3歳以上1勝クラス,ダ,1800,晴,稍重,13:25,2023-07-15,中京,11,1,1,2020104661,ダンテバローズ,牡3,55,01154,松若風馬,1:58.4,7,4-4-6-7,42.6,5.7,3,510(+6),01168,[西]上村洋行,859007,猪熊広次,,"(*2,9)11-1,5,7,10(6,8)3,4",4,1,3.5,False,"(2,*9)11-(1,5)-7,10,6(3,8)4",4,2,3.5,False,"9(2,11)(5,4)(1,10)6,3,7,8",6,2,0.0,False,"(2,*9)(5,11)(10,4)(1,6)3-7,8",7,2,0.0,False,-6,
202307030508,8,3歳以上1勝クラス,芝,2000,晴,良,13:55,2023-07-15,中京,1,5,5,2019106399,ダンツエスプリ,牡4,57,01182,泉谷楓真,2:00.5,,8-8-6-6,34.0,62.7,7,486(0),01099,[西]本田優,248005,山元哲二,800.0,"3(8,2)(1,4)(6,7)5",8,1,0.0,False,"3(8,2)(1,4)(6,7)5",8,1,0.0,False,"3(8,2)(1,4)(6,7,5)",6,3,0.0,False,"(*3,8)(1,2)4(6,7,5)",6,3,0.0,False,-19,開催5日目で今週からBコース使用。先週に引き続き高速馬場だった。速い末脚が問われる軽いコンディションで、逃げ残りや番手からの押し切りは難しかった。
202307030508,8,3歳以上1勝クラス,芝,2000,晴,良,13:55,2023-07-15,中京,2,4,4,2020103061,シュタールヴィント,牡3,55,01163,坂井瑠星,2:00.5,クビ,4-4-4-5,34.1,2.1,1,438(+2),01075,[西]矢作芳人,415800,社台レースホース,320.0,"3(8,2)(1,4)(6,7)5",4,2,0.0,False,"3(8,2)(1,4)(6,7)5",4,2,0.0,False,"3(8,2)(1,4)(6,7,5)",4,2,0.0,False,"(*3,8)(1,2)4(6,7,5)",5,1,0.0,False,-19,開催5日目で今週からBコース使用。先週に引き続き高速馬場だった。速い末脚が問われる軽いコンディションで、逃げ残りや番手からの押し切りは難しかった。
202307030508,8,3歳以上1勝クラス,芝,2000,晴,良,13:55,2023-07-15,中京,3,7,7,2020100773,バレーオブファイア,牡3,51,01204,河原田菜,2:01.3,5,6-6-6-6,34.7,57.7,6,456(-6),01077,[東]加藤和宏,464030,田畑利彦,200.0,"3(8,2)(1,4)(6,7)5",6,2,0.0,False,"3(8,2)(1,4)(6,7)5",6,2,0.0,False,"3(8,2)(1,4)(6,7,5)",6,3,0.0,False,"(*3,8)(1,2)4(6,7,5)",6,3,0.0,False,-19,開催5日目で今週からBコース使用。先週に引き続き高速馬場だった。速い末脚が問われる軽いコンディションで、逃げ残りや番手からの押し切りは難しかった。
202307030508,8,3歳以上1勝クラス,芝,2000,晴,良,13:55,2023-07-15,中京,4,2,2,2020103209,セレスティアリティ,牝3,53,01126,松山弘平,2:01.3,クビ,2-2-2-3,35.1,2.4,2,450(+4),01148,[西]西村真幸,226800,サンデーレーシング,120.0,"3(8,2)(1,4)(6,7)5",2,2,0.0,False,"3(8,2)(1,4)(6,7)5",2,2,0.0,False,"3(8,2)(1,4)(6,7,5)",2,2,0.0,False,"(*3,8)(1,2)4(6,7,5)",3,2,0.0,False,-19,開催5日目で今週からBコース使用。先週に引き続き高速馬場だった。速い末脚が問われる軽いコンディションで、逃げ残りや番手からの押し切りは難しかった。
202307030508,8,3歳以上1勝クラス,芝,2000,晴,良,13:55,2023-07-15,中京,5,8,8,2020103168,トーアライデン,牡3,55,01141,中井裕二,2:01.4,1/2,2-2-2-2,35.4,3.7,3,476(0),01107,[西]村山明,784800,高山ランド,80.0,"3(8,2)(1,4)(6,7)5",2,2,0.0,False,"3(8,2)(1,4)(6,7)5",2,2,0.0,False,"3(8,2)(1,4)(6,7,5)",2,2,0.0,False,"(*3,8)(1,2)4(6,7,5)",2,2,0.0,False,-19,開催5日目で今週からBコース使用。先週に引き続き高速馬場だった。速い末脚が問われる軽いコンディションで、逃げ残りや番手からの押し切りは難しかった。
202307030508,8,3歳以上1勝クラス,芝,2000,晴,良,13:55,2023-07-15,中京,6,1,1,2018105401,インフィニタス,牝5,53,01208,田口貫太,2:01.5,クビ,4-4-4-3,35.2,17.2,4,474(-2),01177,[東]伊坂重信,808800,Ｇ１レーシング,,"3(8,2)(1,4)(6,7)5",4,2,0.0,False,"3(8,2)(1,4)(6,7)5",4,2,0.0,False,"3(8,2)(1,4)(6,7,5)",4,2,0.0,False,"(*3,8)(1,2)4(6,7,5)",3,2,0.0,False,-19,開催5日目で今週からBコース使用。先週に引き続き高速馬場だった。速い末脚が問われる軽いコンディションで、逃げ残りや番手からの押し切りは難しかった。
202307030508,8,3歳以上1勝クラス,芝,2000,晴,良,13:55,2023-07-15,中京,7,6,6,2016100742,ナミブ,セ7,58,01142,長岡禎仁,2:01.7,1,6-6-6-6,35.2,53.2,5,460(0),00437,[東]南田美知,629800,ミルファーム,,"3(8,2)(1,4)(6,7)5",6,2,0.0,False,"3(8,2)(1,4)(6,7)5",6,2,0.0,False,"3(8,2)(1,4)(6,7,5)",6,3,0.0,False,"(*3,8)(1,2)4(6,7,5)",6,3,0.0,False,-19,開催5日目で今週からBコース使用。先週に引き続き高速馬場だった。速い末脚が問われる軽いコンディションで、逃げ残りや番手からの押し切りは難しかった。
202307030508,8,3歳以上1勝クラス,芝,2000,晴,良,13:55,2023-07-15,中京,8,3,3,2017105132,パラティーノヒル,牝6,53,01200,西塚洸二,2:03.0,8,1-1-1-1,37.1,92.8,8,408(-6),00437,[東]南田美知,528033,Ｍｒ．ホース,,"3(8,2)(1,4)(6,7)5",1,1,0.0,False,"3(8,2)(1,4)(6,7)5",1,1,0.0,False,"3(8,2)(1,4)(6,7,5)",1,1,0.0,False,"(*3,8)(1,2)4(6,7,5)",1,2,0.0,True,-19,開催5日目で今週からBコース使用。先週に引き続き高速馬場だった。速い末脚が問われる軽いコンディションで、逃げ残りや番手からの押し切りは難しかった。
202307030509,9,鞍ケ池特別(1勝),芝,1600,晴,良,14:25,2023-07-15,中京,1,2,2,2020105626,コンクシェル,牝3,53,01163,坂井瑠星,1:32.3,,1-1-1,34.0,4.3,2,462(0),01110,[西]清水久詞,041002,前田晋二,"1,134.5",,,,,,"2,3(6,4)-9,5,8-7   1",1,1,0.0,False,"2,3,6,4(5,9)8,7   1",1,1,0.0,False,"2,3,6(5,4)9(7,8)   1",1,1,0.0,False,-19,開催5日目で今週からBコース使用。先週に引き続き高速馬場だった。速い末脚が問われる軽いコンディションで、逃げ残りや番手からの押し切りは難しかった。
202307030509,9,鞍ケ池特別(1勝),芝,1600,晴,良,14:25,2023-07-15,中京,2,5,5,2020104160,アイオブザストーム,牝3,53,01180,団野大成,1:33.2,5,6-5-4,34.3,18.3,6,470(+4),01066,[西]岡田稲男,348803,ゴールドアップ・カン...,447.0,,,,,,"2,3(6,4)-9,5,8-7   1",6,1,6.5,False,"2,3,6,4(5,9)8,7   1",5,2,4.5,False,"2,3,6(5,4)9(7,8)   1",4,2,3.0,False,-19,開催5日目で今週からBコース使用。先週に引き続き高速馬場だった。速い末脚が問われる軽いコンディションで、逃げ残りや番手からの押し切りは難しかった。
202307030509,9,鞍ケ池特別(1勝),芝,1600,晴,良,14:25,2023-07-15,中京,3,8,9,2020103554,ラスハンメル,牡3,55,01116,藤岡康太,1:33.3,1/2,5-5-6,34.3,5.3,3,522(+8),01092,[西]松永幹夫,486800,キャロットファーム,283.5,,,,,,"2,3(6,4)-9,5,8-7   1",5,1,5.0,False,"2,3,6,4(5,9)8,7   1",5,2,4.5,False,"2,3,6(5,4)9(7,8)   1",6,1,3.0,False,-19,開催5日目で今週からBコース使用。先週に引き続き高速馬場だった。速い末脚が問われる軽いコンディションで、逃げ残りや番手からの押し切りは難しかった。
202307030509,9,鞍ケ池特別(1勝),芝,1600,晴,良,14:25,2023-07-15,中京,4,3,3,2019105487,アドマイヤジェイ,牡4,58,01174,岩田望来,1:33.3,ハナ,2-2-2,34.9,17.9,5,496(0),01061,[西]友道康夫,535031,近藤旬子,170.0,,,,,,"2,3(6,4)-9,5,8-7   1",2,1,1.5,False,"2,3,6,4(5,9)8,7   1",2,1,1.5,False,"2,3,6(5,4)9(7,8)   1",2,1,1.5,False,-19,開催5日目で今週からBコース使用。先週に引き続き高速馬場だった。速い末脚が問われる軽いコンディションで、逃げ残りや番手からの押し切りは難しかった。
202307030509,9,鞍ケ池特別(1勝),芝,1600,晴,良,14:25,2023-07-15,中京,5,7,7,2020105750,マイネルメモリー,牡3,55,00732,幸英明,1:33.3,クビ,8-8-7,34.2,9.0,4,450(+6),01018,[西]宮徹,546800,サラブレッドクラブ・...,111.0,,,,,,"2,3(6,4)-9,5,8-7   1",8,1,11.5,False,"2,3,6,4(5,9)8,7   1",8,1,6.0,False,"2,3,6(5,4)9(7,8)   1",7,2,3.0,False,-19,開催5日目で今週からBコース使用。先週に引き続き高速馬場だった。速い末脚が問われる軽いコンディションで、逃げ残りや番手からの押し切りは難しかった。
202307030509,9,鞍ケ池特別(1勝),芝,1600,晴,良,14:25,2023-07-15,中京,6,6,6,2020103692,アルナージェイン,牝3,53,01088,川田将雅,1:33.5,1.1/2,3-3-3,34.9,1.8,1,484(+4),01146,[西]奥村豊,731031,ＭＫレーシング,,,,,,,"2,3(6,4)-9,5,8-7   1",3,2,1.5,False,"2,3,6,4(5,9)8,7   1",3,1,3.0,False,"2,3,6(5,4)9(7,8)   1",3,1,3.0,False,-19,開催5日目で今週からBコース使用。先週に引き続き高速馬場だった。速い末脚が問われる軽いコンディションで、逃げ残りや番手からの押し切りは難しかった。
202307030509,9,鞍ケ池特別(1勝),芝,1600,晴,良,14:25,2023-07-15,中京,7,8,8,2020103538,オーシャントライブ,牡3,55,01126,松山弘平,1:34.5,6,7-7-7,35.3,18.3,7,452(0),01159,[西]高柳大輔,226800,サンデーレーシング,,,,,,,"2,3(6,4)-9,5,8-7   1",7,1,8.0,False,"2,3,6,4(5,9)8,7   1",7,1,4.5,False,"2,3,6(5,4)9(7,8)   1",7,2,3.0,False,-19,開催5日目で今週からBコース使用。先週に引き続き高速馬場だった。速い末脚が問われる軽いコンディションで、逃げ残りや番手からの押し切りは難しかった。
202307030509,9,鞍ケ池特別(1勝),芝,1600,晴,良,14:25,2023-07-15,中京,8,4,4,2019103638,ヴァンダービルト,牡4,58,01160,荻野極,1:35.3,5,3-4-4,36.5,131.3,8,526(+4),01087,[西]庄野靖志,972033,山本又一郎,,,,,,,"2,3(6,4)-9,5,8-7   1",3,2,1.5,False,"2,3,6,4(5,9)8,7   1",4,1,4.5,False,"2,3,6(5,4)9(7,8)   1",4,2,3.0,False,-19,開催5日目で今週からBコース使用。先週に引き続き高速馬場だった。速い末脚が問われる軽いコンディションで、逃げ残りや番手からの押し切りは難しかった。
202307030509,9,鞍ケ池特別(1勝),芝,1600,晴,良,14:25,2023-07-15,中京,除,1,1,2019105460,ミッキーキング,牡4,58,01144,菱田裕二,,,,,---,,462(-3),01002,[西]音無秀孝,441007,野田みづき,,,,,,,"2,3(6,4)-9,5,8-7   1",9,1,17.5,False,"2,3,6,4(5,9)8,7   1",9,1,12.0,False,"2,3,6(5,4)9(7,8)   1",9,1,9.0,False,-19,開催5日目で今週からBコース使用。先週に引き続き高速馬場だった。速い末脚が問われる軽いコンディションで、逃げ残りや番手からの押し切りは難しかった。
202307030510,10,大府特別(2勝),ダ,1800,晴,良,15:01,2023-07-15,中京,1,3,5,2020104760,ゼットリアン,牡3,55,01126,松山弘平,1:52.9,,4-4-4-5,37.1,1.7,1,436(-2),01101,[西]吉田直弘,730800,フォーレスト,"1,585.0","7(10,16)-(2,5)13(6,9)12-(1,3,14)-11-4-8-15",4,2,3.5,False,"7(10,16)-(2,5)13,6,9(1,12)(3,14)-11,4-8=15",4,2,3.5,False,"7(10,16)(2,5)(6,9,13)(3,12,8)(1,14)4,11-15",4,2,0.0,False,"7,10(2,16)(9,5,8)(6,13,12)3,14(1,4)-11,15",5,3,1.5,False,-6,
202307030510,10,大府特別(2勝),ダ,1800,晴,良,15:01,2023-07-15,中京,2,1,2,2020106896,メイショウポペット,牝3,53,01199,角田大河,1:53.3,2.1/2,4-4-4-3,37.5,17.6,4,466(-18),01121,[西]角田晃一,523005,松本好雄,630.0,"7(10,16)-(2,5)13(6,9)12-(1,3,14)-11-4-8-15",4,2,3.5,False,"7(10,16)-(2,5)13,6,9(1,12)(3,14)-11,4-8=15",4,2,3.5,False,"7(10,16)(2,5)(6,9,13)(3,12,8)(1,14)4,11-15",4,2,0.0,False,"7,10(2,16)(9,5,8)(6,13,12)3,14(1,4)-11,15",3,2,1.5,False,-6,
202307030510,10,大府特別(2勝),ダ,1800,晴,良,15:01,2023-07-15,中京,3,5,9,2020102045,フェルヴェンテ,牡3,55,01180,団野大成,1:53.7,2,7-8-6-5,37.7,4.9,2,472(+4),00425,[西]加用正,018700,ロイヤルパーク,395.0,"7(10,16)-(2,5)13(6,9)12-(1,3,14)-11-4-8-15",7,2,3.5,False,"7(10,16)-(2,5)13,6,9(1,12)(3,14)-11,4-8=15",8,1,6.5,False,"7(10,16)(2,5)(6,9,13)(3,12,8)(1,14)4,11-15",6,3,0.0,False,"7,10(2,16)(9,5,8)(6,13,12)3,14(1,4)-11,15",5,3,1.5,False,-6,
202307030510,10,大府特別(2勝),ダ,1800,晴,良,15:01,2023-07-15,中京,4,2,4,2018104156,ダッシュダクラウン,セ5,58,01144,菱田裕二,1:54.0,2,14-14-14-13,37.2,33.8,8,468(+2),01161,[西]武英智,385031,星加浩一,230.0,"7(10,16)-(2,5)13(6,9)12-(1,3,14)-11-4-8-15",14,1,14.0,False,"7(10,16)-(2,5)13,6,9(1,12)(3,14)-11,4-8=15",14,1,11.5,False,"7(10,16)(2,5)(6,9,13)(3,12,8)(1,14)4,11-15",14,1,0.0,False,"7,10(2,16)(9,5,8)(6,13,12)3,14(1,4)-11,15",13,2,3.0,False,-6,
202307030510,10,大府特別(2勝),ダ,1800,晴,良,15:01,2023-07-15,中京,5,4,7,2019105473,レッドバロッサ,セ4,58,01163,坂井瑠星,1:54.0,アタマ,1-1-1-1,38.5,19.9,6,496(-2),01002,[西]音無秀孝,180800,東京ホースレーシング,155.0,"7(10,16)-(2,5)13(6,9)12-(1,3,14)-11-4-8-15",1,1,0.0,False,"7(10,16)-(2,5)13,6,9(1,12)(3,14)-11,4-8=15",1,1,0.0,False,"7(10,16)(2,5)(6,9,13)(3,12,8)(1,14)4,11-15",1,1,0.0,False,"7,10(2,16)(9,5,8)(6,13,12)3,14(1,4)-11,15",1,1,0.0,False,-6,
202307030510,10,大府特別(2勝),ダ,1800,晴,良,15:01,2023-07-15,中京,6,4,8,2019105416,グーデンドラーク,牡4,58,00732,幸英明,1:54.3,1.1/2,15-15-9-5,38.0,6.3,3,514(+2),01144,[西]池添学,226800,サンデーレーシング,,"7(10,16)-(2,5)13(6,9)12-(1,3,14)-11-4-8-15",15,1,17.5,False,"7(10,16)-(2,5)13,6,9(1,12)(3,14)-11,4-8=15",15,1,15.0,False,"7(10,16)(2,5)(6,9,13)(3,12,8)(1,14)4,11-15",9,3,0.0,False,"7,10(2,16)(9,5,8)(6,13,12)3,14(1,4)-11,15",5,3,1.5,False,-6,
202307030510,10,大府特別(2勝),ダ,1800,晴,良,15:01,2023-07-15,中京,7,3,6,2019102265,ショウサンキズナ,牡4,58,01034,酒井学,1:54.5,1.1/2,7-7-6-8,38.5,33.9,9,520(0),01149,[西]松下武士,305030,鈴木昭和,,"7(10,16)-(2,5)13(6,9)12-(1,3,14)-11-4-8-15",7,2,3.5,False,"7(10,16)-(2,5)13,6,9(1,12)(3,14)-11,4-8=15",7,1,5.0,False,"7(10,16)(2,5)(6,9,13)(3,12,8)(1,14)4,11-15",6,3,0.0,False,"7,10(2,16)(9,5,8)(6,13,12)3,14(1,4)-11,15",8,3,1.5,False,-6,
202307030510,10,大府特別(2勝),ダ,1800,晴,良,15:01,2023-07-15,中京,8,7,14,2018104503,アンクラウデッド,牡5,58,01116,藤岡康太,1:54.9,2,10-11-12-12,38.4,78.2,11,502(+12),01079,[東]古賀慎明,415800,社台レースホース,,"7(10,16)-(2,5)13(6,9)12-(1,3,14)-11-4-8-15",10,3,7.0,False,"7(10,16)-(2,5)13,6,9(1,12)(3,14)-11,4-8=15",11,2,6.5,False,"7(10,16)(2,5)(6,9,13)(3,12,8)(1,14)4,11-15",12,2,0.0,False,"7,10(2,16)(9,5,8)(6,13,12)3,14(1,4)-11,15",12,1,3.0,False,-6,
202307030510,10,大府特別(2勝),ダ,1800,晴,良,15:01,2023-07-15,中京,9,6,12,2019106390,タイセイエピソード,牡4,58,01154,松若風馬,1:54.9,アタマ,9-9-9-8,38.7,23.6,7,476(0),01157,[西]杉山晴紀,224007,田中成奉,,"7(10,16)-(2,5)13(6,9)12-(1,3,14)-11-4-8-15",9,1,3.5,False,"7(10,16)-(2,5)13,6,9(1,12)(3,14)-11,4-8=15",9,2,6.5,False,"7(10,16)(2,5)(6,9,13)(3,12,8)(1,14)4,11-15",9,3,0.0,False,"7,10(2,16)(9,5,8)(6,13,12)3,14(1,4)-11,15",8,3,1.5,False,-6,
202307030510,10,大府特別(2勝),ダ,1800,晴,良,15:01,2023-07-15,中京,10,7,13,2019106330,プラチナドリーム,牡4,58,01125,国分優作,1:55.2,2,6-6-6-8,39.2,103.4,13,460(-4),01082,[西]平田修,994002,飯田正剛,,"7(10,16)-(2,5)13(6,9)12-(1,3,14)-11-4-8-15",6,1,3.5,False,"7(10,16)-(2,5)13,6,9(1,12)(3,14)-11,4-8=15",6,1,3.5,False,"7(10,16)(2,5)(6,9,13)(3,12,8)(1,14)4,11-15",6,3,0.0,False,"7,10(2,16)(9,5,8)(6,13,12)3,14(1,4)-11,15",8,3,1.5,False,-6,
202307030510,10,大府特別(2勝),ダ,1800,晴,良,15:01,2023-07-15,中京,11,8,15,2017105224,キングダムウイナー,牡6,58,01130,高倉稜,1:55.6,2,16-16-16-16,38.1,89.5,12,512(0),01180,[西]田中克典,542800,ライオンレースホース,,"7(10,16)-(2,5)13(6,9)12-(1,3,14)-11-4-8-15",16,1,21.0,False,"7(10,16)-(2,5)13,6,9(1,12)(3,14)-11,4-8=15",16,1,21.0,False,"7(10,16)(2,5)(6,9,13)(3,12,8)(1,14)4,11-15",16,1,5.0,False,"7,10(2,16)(9,5,8)(6,13,12)3,14(1,4)-11,15",16,1,8.0,False,-6,
202307030510,10,大府特別(2勝),ダ,1800,晴,良,15:01,2023-07-15,中京,12,8,16,2019106475,カネトシブルーム,牡4,58,01208,田口貫太,1:55.7,1/2,2-2-2-3,40.1,17.9,5,508(-2),01065,[西]大橋勇樹,939006,兼松昌男,,"7(10,16)-(2,5)13(6,9)12-(1,3,14)-11-4-8-15",2,2,0.0,False,"7(10,16)-(2,5)13,6,9(1,12)(3,14)-11,4-8=15",2,2,0.0,False,"7(10,16)(2,5)(6,9,13)(3,12,8)(1,14)4,11-15",2,2,0.0,False,"7,10(2,16)(9,5,8)(6,13,12)3,14(1,4)-11,15",3,2,1.5,False,-6,
202307030510,10,大府特別(2勝),ダ,1800,晴,良,15:01,2023-07-15,中京,13,1,1,2019106104,レイメイ,牡4,58,01019,秋山真一,1:55.9,1,10-9-12-13,39.3,147.1,15,480(0),01063,[東]的場均,370008,岡浩二,,"7(10,16)-(2,5)13(6,9)12-(1,3,14)-11-4-8-15",10,3,7.0,False,"7(10,16)-(2,5)13,6,9(1,12)(3,14)-11,4-8=15",9,2,6.5,False,"7(10,16)(2,5)(6,9,13)(3,12,8)(1,14)4,11-15",12,2,0.0,False,"7,10(2,16)(9,5,8)(6,13,12)3,14(1,4)-11,15",13,2,3.0,False,-6,
202307030510,10,大府特別(2勝),ダ,1800,晴,良,15:01,2023-07-15,中京,14,5,10,2016105715,アルベニス,セ7,58,01146,和田翼,1:55.9,クビ,2-2-2-2,40.3,70.8,10,446(+2),01041,[西]藤沢則雄,819031,森田和豊,,"7(10,16)-(2,5)13(6,9)12-(1,3,14)-11-4-8-15",2,2,0.0,False,"7(10,16)-(2,5)13,6,9(1,12)(3,14)-11,4-8=15",2,2,0.0,False,"7(10,16)(2,5)(6,9,13)(3,12,8)(1,14)4,11-15",2,2,0.0,False,"7,10(2,16)(9,5,8)(6,13,12)3,14(1,4)-11,15",2,1,1.5,False,-6,
202307030510,10,大府特別(2勝),ダ,1800,晴,良,15:01,2023-07-15,中京,15,2,3,2017106570,サマービート,セ6,58,01174,岩田望来,1:56.0,1/2,10-11-9-11,39.8,138.0,14,464(0),01064,[東]武藤善則,003060,ゴドルフィン,,"7(10,16)-(2,5)13(6,9)12-(1,3,14)-11-4-8-15",10,3,7.0,False,"7(10,16)-(2,5)13,6,9(1,12)(3,14)-11,4-8=15",11,2,6.5,False,"7(10,16)(2,5)(6,9,13)(3,12,8)(1,14)4,11-15",9,3,0.0,False,"7,10(2,16)(9,5,8)(6,13,12)3,14(1,4)-11,15",11,1,1.5,False,-6,
202307030510,10,大府特別(2勝),ダ,1800,晴,良,15:01,2023-07-15,中京,16,6,11,2018105955,エイシンヒビキ,牡5,58,01133,水口優也,1:56.8,5,13-13-15-15,39.8,313.8,16,468(-24),01041,[西]藤沢則雄,714031,酒井孝敏,,"7(10,16)-(2,5)13(6,9)12-(1,3,14)-11-4-8-15",13,1,10.5,False,"7(10,16)-(2,5)13,6,9(1,12)(3,14)-11,4-8=15",13,1,10.0,False,"7(10,16)(2,5)(6,9,13)(3,12,8)(1,14)4,11-15",15,1,1.5,False,"7,10(2,16)(9,5,8)(6,13,12)3,14(1,4)-11,15",15,1,6.5,False,-6,
202307030511,11,関ケ原S(3勝),芝,2000,晴,良,15:35,2023-07-15,中京,1,8,11,2018104011,ファユエン,牝5,56,01174,岩田望来,2:01.4,,9-6-4-6,33.2,11.3,5,460(-8),01047,[東]勢司和浩,967033,谷岡毅,"1,863.8","1(3,9)(5,6)7(4,8)11,10,2",9,1,0.0,False,"1(3,9)(5,6)(7,11)(4,8)10,2",6,2,0.0,False,"1,9,6(3,5,11)(4,7,10)(8,2)",4,3,3.0,False,"1,9,6(3,5)11(4,7)(8,10)2",6,1,3.0,False,-19,開催5日目で今週からBコース使用。先週に引き続き高速馬場だった。速い末脚が問われる軽いコンディションで、逃げ残りや番手からの押し切りは難しかった。
202307030511,11,関ケ原S(3勝),芝,2000,晴,良,15:35,2023-07-15,中京,2,5,5,2019104984,レッドラディエンス,牡4,58,01088,川田将雅,2:01.5,3/4,4-4-4-4,33.5,1.9,1,486(-2),01061,[西]友道康夫,180800,東京ホースレーシング,746.8,"1(3,9)(5,6)7(4,8)11,10,2",4,2,0.0,False,"1(3,9)(5,6)(7,11)(4,8)10,2",4,2,0.0,False,"1,9,6(3,5,11)(4,7,10)(8,2)",4,3,3.0,False,"1,9,6(3,5)11(4,7)(8,10)2",4,2,3.0,False,-19,開催5日目で今週からBコース使用。先週に引き続き高速馬場だった。速い末脚が問われる軽いコンディションで、逃げ残りや番手からの押し切りは難しかった。
202307030511,11,関ケ原S(3勝),芝,2000,晴,良,15:35,2023-07-15,中京,3,6,6,2018104591,サウンドウォリアー,牡5,58,01154,松若風馬,2:01.5,ハナ,4-4-3-3,33.6,8.9,4,492(0),01135,[西]高橋康之,168006,増田雄一,463.4,"1(3,9)(5,6)7(4,8)11,10,2",4,2,0.0,False,"1(3,9)(5,6)(7,11)(4,8)10,2",4,2,0.0,False,"1,9,6(3,5,11)(4,7,10)(8,2)",3,1,3.0,False,"1,9,6(3,5)11(4,7)(8,10)2",3,1,3.0,False,-19,開催5日目で今週からBコース使用。先週に引き続き高速馬場だった。速い末脚が問われる軽いコンディションで、逃げ残りや番手からの押し切りは難しかった。
202307030511,11,関ケ原S(3勝),芝,2000,晴,良,15:35,2023-07-15,中京,4,7,9,2018104225,リフレーミング,牡5,58,01116,藤岡康太,2:01.6,クビ,2-2-2-2,33.8,6.4,3,466(-12),01046,[西]鮫島一歩,097031,栗山学,280.0,"1(3,9)(5,6)7(4,8)11,10,2",2,2,0.0,False,"1(3,9)(5,6)(7,11)(4,8)10,2",2,2,0.0,False,"1,9,6(3,5,11)(4,7,10)(8,2)",2,1,1.5,False,"1,9,6(3,5)11(4,7)(8,10)2",2,1,1.5,False,-19,開催5日目で今週からBコース使用。先週に引き続き高速馬場だった。速い末脚が問われる軽いコンディションで、逃げ残りや番手からの押し切りは難しかった。
202307030511,11,関ケ原S(3勝),芝,2000,晴,良,15:35,2023-07-15,中京,5,2,2,2019104091,メイショウブレゲ,牡4,58,01182,泉谷楓真,2:01.6,ハナ,11-11-10-11,33.0,17.3,7,462(0),01099,[西]本田優,523005,松本好雄,184.0,"1(3,9)(5,6)7(4,8)11,10,2",11,1,3.0,False,"1(3,9)(5,6)(7,11)(4,8)10,2",11,1,1.5,False,"1,9,6(3,5,11)(4,7,10)(8,2)",10,2,3.0,False,"1,9,6(3,5)11(4,7)(8,10)2",11,1,3.0,False,-19,開催5日目で今週からBコース使用。先週に引き続き高速馬場だった。速い末脚が問われる軽いコンディションで、逃げ残りや番手からの押し切りは難しかった。
202307030511,11,関ケ原S(3勝),芝,2000,晴,良,15:35,2023-07-15,中京,6,8,10,2019101716,アップデート,牡4,58,01144,菱田裕二,2:01.9,2,10-10-7-9,33.5,31.4,8,508(+2),01157,[西]杉山晴紀,248030,石川達絵,,"1(3,9)(5,6)7(4,8)11,10,2",10,1,1.5,False,"1(3,9)(5,6)(7,11)(4,8)10,2",10,1,0.0,False,"1,9,6(3,5,11)(4,7,10)(8,2)",7,3,3.0,False,"1,9,6(3,5)11(4,7)(8,10)2",9,2,3.0,False,-19,開催5日目で今週からBコース使用。先週に引き続き高速馬場だった。速い末脚が問われる軽いコンディションで、逃げ残りや番手からの押し切りは難しかった。
202307030511,11,関ケ原S(3勝),芝,2000,晴,良,15:35,2023-07-15,中京,7,7,8,2018105033,レヴェッツァ,セ5,58,01180,団野大成,2:02.1,1.1/4,7-8-10-9,33.6,17.3,6,470(-4),01151,[西]斉藤崇史,376033,早野誠,,"1(3,9)(5,6)7(4,8)11,10,2",7,2,0.0,False,"1(3,9)(5,6)(7,11)(4,8)10,2",8,2,0.0,False,"1,9,6(3,5,11)(4,7,10)(8,2)",10,2,3.0,False,"1,9,6(3,5)11(4,7)(8,10)2",9,2,3.0,False,-19,開催5日目で今週からBコース使用。先週に引き続き高速馬場だった。速い末脚が問われる軽いコンディションで、逃げ残りや番手からの押し切りは難しかった。
202307030511,11,関ケ原S(3勝),芝,2000,晴,良,15:35,2023-07-15,中京,8,6,7,2017105408,ダノングロワール,牡6,58,01034,酒井学,2:02.2,クビ,6-6-7-7,33.9,69.8,10,486(-14),00399,[東]国枝栄,619800,ダノックス,,"1(3,9)(5,6)7(4,8)11,10,2",6,1,0.0,False,"1(3,9)(5,6)(7,11)(4,8)10,2",6,2,0.0,False,"1,9,6(3,5,11)(4,7,10)(8,2)",7,3,3.0,False,"1,9,6(3,5)11(4,7)(8,10)2",7,2,3.0,False,-19,開催5日目で今週からBコース使用。先週に引き続き高速馬場だった。速い末脚が問われる軽いコンディションで、逃げ残りや番手からの押し切りは難しかった。
202307030511,11,関ケ原S(3勝),芝,2000,晴,良,15:35,2023-07-15,中京,9,4,4,2017105248,オールザワールド,牡6,58,00732,幸英明,2:02.2,クビ,7-8-7-7,33.9,62.8,9,468(-8),01039,[西]中竹和也,041002,前田晋二,,"1(3,9)(5,6)7(4,8)11,10,2",7,2,0.0,False,"1(3,9)(5,6)(7,11)(4,8)10,2",8,2,0.0,False,"1,9,6(3,5,11)(4,7,10)(8,2)",7,3,3.0,False,"1,9,6(3,5)11(4,7)(8,10)2",7,2,3.0,False,-19,開催5日目で今週からBコース使用。先週に引き続き高速馬場だった。速い末脚が問われる軽いコンディションで、逃げ残りや番手からの押し切りは難しかった。
202307030511,11,関ケ原S(3勝),芝,2000,晴,良,15:35,2023-07-15,中京,10,3,3,2019100637,シンシアウィッシュ,牝4,56,01126,松山弘平,2:02.9,4,2-2-4-4,34.9,4.9,2,446(-6),01130,[西]吉村圭司,242031,前田幸大,,"1(3,9)(5,6)7(4,8)11,10,2",2,2,0.0,False,"1(3,9)(5,6)(7,11)(4,8)10,2",2,2,0.0,False,"1,9,6(3,5,11)(4,7,10)(8,2)",4,3,3.0,False,"1,9,6(3,5)11(4,7)(8,10)2",4,2,3.0,False,-19,開催5日目で今週からBコース使用。先週に引き続き高速馬場だった。速い末脚が問われる軽いコンディションで、逃げ残りや番手からの押し切りは難しかった。
202307030511,11,関ケ原S(3勝),芝,2000,晴,良,15:35,2023-07-15,中京,11,1,1,2018101007,ムエックス,牡5,58,01125,国分優作,2:03.3,2.1/2,1-1-1-1,35.7,225.9,11,508(-6),01032,[西]大根田裕,646030,中辻明,,"1(3,9)(5,6)7(4,8)11,10,2",1,1,0.0,False,"1(3,9)(5,6)(7,11)(4,8)10,2",1,1,0.0,False,"1,9,6(3,5,11)(4,7,10)(8,2)",1,1,0.0,False,"1,9,6(3,5)11(4,7)(8,10)2",1,1,0.0,False,-19,開催5日目で今週からBコース使用。先週に引き続き高速馬場だった。速い末脚が問われる軽いコンディションで、逃げ残りや番手からの押し切りは難しかった。
202307030512,12,3歳以上1勝クラス,ダ,1200,晴,良,16:15,2023-07-15,中京,1,8,16,2020110131,メタマックス,牡3,55,01154,松若風馬,1:11.7,,3-3,36.1,8.4,3,524(+6),00427,[西]森秀行,232031,藤田晋,800.0,,,,,,,,,,,"14,13(12,16)(1,15)2(3,8,4)(6,9,7,10)5   11",3,2,1.5,False,"14,13(12,16)(1,15)2,3(9,8,4,10)6,5,7   11",3,2,1.5,False,-10,
202307030512,12,3歳以上1勝クラス,ダ,1200,晴,良,16:15,2023-07-15,中京,2,7,13,2020104469,ゴッドセンド,牡3,52,01200,西塚洸二,1:11.7,クビ,2-2,36.3,29.8,8,470(-8),01138,[西]浜田多実,045803,カナヤマホールディン...,320.0,,,,,,,,,,,"14,13(12,16)(1,15)2(3,8,4)(6,9,7,10)5   11",2,1,1.5,False,"14,13(12,16)(1,15)2,3(9,8,4,10)6,5,7   11",2,1,1.5,False,-10,
202307030512,12,3歳以上1勝クラス,ダ,1200,晴,良,16:15,2023-07-15,中京,3,6,12,2019110013,シラキヌ,牝4,55,01181,秋山稔樹,1:11.9,1.1/4,3-3,36.4,13.9,6,492(-2),01185,[西]小林真也,003060,ゴドルフィン,200.0,,,,,,,,,,,"14,13(12,16)(1,15)2(3,8,4)(6,9,7,10)5   11",3,2,1.5,False,"14,13(12,16)(1,15)2,3(9,8,4,10)6,5,7   11",3,2,1.5,False,-10,
202307030512,12,3歳以上1勝クラス,ダ,1200,晴,良,16:15,2023-07-15,中京,4,8,15,2020110055,エメラルドビーチ,牡3,55,01088,川田将雅,1:12.1,1,5-5,36.4,1.8,1,522(0),01058,[西]大久保龍,003060,ゴドルフィン,120.0,,,,,,,,,,,"14,13(12,16)(1,15)2(3,8,4)(6,9,7,10)5   11",5,2,1.5,False,"14,13(12,16)(1,15)2,3(9,8,4,10)6,5,7   11",5,2,1.5,False,-10,
202307030512,12,3歳以上1勝クラス,ダ,1200,晴,良,16:15,2023-07-15,中京,5,1,2,2020102702,ストリンジェンド,牡3,55,01126,松山弘平,1:12.1,クビ,7-7,36.1,10.5,5,472(-10),01002,[西]音無秀孝,486800,キャロットファーム,80.0,,,,,,,,,,,"14,13(12,16)(1,15)2(3,8,4)(6,9,7,10)5   11",7,1,1.5,False,"14,13(12,16)(1,15)2,3(9,8,4,10)6,5,7   11",7,1,1.5,False,-10,
202307030512,12,3歳以上1勝クラス,ダ,1200,晴,良,16:15,2023-07-15,中京,6,7,14,2019105174,スマイルバック,牝4,56,01163,坂井瑠星,1:12.2,1/2,1-1,36.9,18.7,7,466(-2),01196,[西]西園翔太,542800,ライオンレースホース,,,,,,,,,,,,"14,13(12,16)(1,15)2(3,8,4)(6,9,7,10)5   11",1,1,0.0,False,"14,13(12,16)(1,15)2,3(9,8,4,10)6,5,7   11",1,1,0.0,False,-10,
202307030512,12,3歳以上1勝クラス,ダ,1200,晴,良,16:15,2023-07-15,中京,7,2,3,2019105798,ルワンジュ,牡4,58,01174,岩田望来,1:13.0,5,8-8,36.8,69.7,11,484(-10),01120,[西]千田輝彦,854800,ノルマンディーサラブ...,,,,,,,,,,,,"14,13(12,16)(1,15)2(3,8,4)(6,9,7,10)5   11",8,3,1.5,False,"14,13(12,16)(1,15)2,3(9,8,4,10)6,5,7   11",8,1,3.0,False,-10,
202307030512,12,3歳以上1勝クラス,ダ,1200,晴,良,16:15,2023-07-15,中京,8,3,6,2018100813,アイヴォリーアイ,牝5,55,01199,角田大河,1:13.1,1/2,11-13,36.7,34.9,9,494(-4),01170,[西]坂口智康,065803,京都ホースレーシング,,,,,,,,,,,,"14,13(12,16)(1,15)2(3,8,4)(6,9,7,10)5   11",11,4,1.5,False,"14,13(12,16)(1,15)2,3(9,8,4,10)6,5,7   11",13,1,3.0,False,-10,
202307030512,12,3歳以上1勝クラス,ダ,1200,晴,良,16:15,2023-07-15,中京,9,5,10,2020101088,エリスグリ,牡3,55,00660,横山典弘,1:13.2,1/2,11-9,36.8,6.7,2,492(+8),01123,[西]牧田和弥,117030,中西功,,,,,,,,,,,,"14,13(12,16)(1,15)2(3,8,4)(6,9,7,10)5   11",11,4,1.5,False,"14,13(12,16)(1,15)2,3(9,8,4,10)6,5,7   11",9,4,3.0,False,-10,
202307030512,12,3歳以上1勝クラス,ダ,1200,晴,良,16:15,2023-07-15,中京,10,1,1,2020100530,フォルティーナ,牝3,50,01195,川端海翼,1:13.4,1.1/2,5-5,37.6,216.4,15,430(-6),01140,[西]石橋守,651031,猪又晶介,,,,,,,,,,,,"14,13(12,16)(1,15)2(3,8,4)(6,9,7,10)5   11",5,2,1.5,False,"14,13(12,16)(1,15)2,3(9,8,4,10)6,5,7   11",5,2,1.5,False,-10,
202307030512,12,3歳以上1勝クラス,ダ,1200,晴,良,16:15,2023-07-15,中京,11,3,5,2019100026,ベルドラゴ,牡4,55,01208,田口貫太,1:13.8,2.1/2,15-14,37.3,76.1,12,480(+11),01087,[西]庄野靖志,554008,吉田勝利,,,,,,,,,,,,"14,13(12,16)(1,15)2(3,8,4)(6,9,7,10)5   11",15,1,1.5,False,"14,13(12,16)(1,15)2,3(9,8,4,10)6,5,7   11",14,1,4.5,False,-10,
202307030512,12,3歳以上1勝クラス,ダ,1200,晴,良,16:15,2023-07-15,中京,12,4,7,2019103953,シグルドリーヴァ,牝4,53,01187,永島まな,1:14.3,3.1/2,11-15,37.9,40.1,10,454(+5),00429,[西]佐々木晶,100800,日進牧場,,,,,,,,,,,,"14,13(12,16)(1,15)2(3,8,4)(6,9,7,10)5   11",11,4,1.5,False,"14,13(12,16)(1,15)2,3(9,8,4,10)6,5,7   11",15,1,6.0,False,-10,
202307030512,12,3歳以上1勝クラス,ダ,1200,晴,良,16:15,2023-07-15,中京,13,5,9,2018102133,マイネルグスタフ,牡5,58,00732,幸英明,1:14.8,3,11-9,38.4,153.6,14,510(0),01101,[西]吉田直弘,546800,サラブレッドクラブ・...,,,,,,,,,,,,"14,13(12,16)(1,15)2(3,8,4)(6,9,7,10)5   11",11,4,1.5,False,"14,13(12,16)(1,15)2,3(9,8,4,10)6,5,7   11",9,4,3.0,False,-10,
202307030512,12,3歳以上1勝クラス,ダ,1200,晴,良,16:15,2023-07-15,中京,14,4,8,2020103969,ヨウシタンレイ,牝3,50,01193,今村聖奈,1:15.3,3,8-9,39.2,9.8,4,458(-6),01083,[西]松永昌博,545008,中内田克二,,,,,,,,,,,,"14,13(12,16)(1,15)2(3,8,4)(6,9,7,10)5   11",8,3,1.5,False,"14,13(12,16)(1,15)2,3(9,8,4,10)6,5,7   11",9,4,3.0,False,-10,
202307030512,12,3歳以上1勝クラス,ダ,1200,晴,良,16:15,2023-07-15,中京,15,2,4,2019102164,ジダイノチョウジ,牡4,54,01204,河原田菜,1:15.4,1/2,8-9,39.2,110.6,13,518(+6),01039,[西]中竹和也,370008,岡浩二,,,,,,,,,,,,"14,13(12,16)(1,15)2(3,8,4)(6,9,7,10)5   11",8,3,1.5,False,"14,13(12,16)(1,15)2,3(9,8,4,10)6,5,7   11",9,4,3.0,False,-10,
202307030512,12,3歳以上1勝クラス,ダ,1200,晴,良,16:15,2023-07-15,中京,除,6,11,2020103285,アスクダイアムーン,牡3,55,01116,藤岡康太,,,,,---,,502(+14),01160,[西]武幸四郎,037803,廣崎利洋ＨＤ,,,,,,,,,,,,"14,13(12,16)(1,15)2(3,8,4)(6,9,7,10)5   11",16,1,7.5,False,"14,13(12,16)(1,15)2,3(9,8,4,10)6,5,7   11",16,1,12.0,False,-10,
202302020501,1,2歳未勝利,芝,1800,雨,重,09:50,2023-07-15,函館,1,1,1,2021106364,ゴードンテソーロ,牡2,55,01018,和田竜二,1:54.3,,1-1-1-1,37.8,4.9,3,452(+4),01106,[東]牧光二,089803,了徳寺健二ホールディ...,550.0,"1,4,8,7(2,9)-6,3,5",1,1,0.0,False,"1,4,8,7(2,9)-6-3,5",1,1,0.0,False,"1,4(7,8)(2,9)6-(3,5)",1,1,0.0,False,"1,4(7,9)8(2,6)-(3,5)",1,1,0.0,False,23,
202302020501,1,2歳未勝利,芝,1800,雨,重,09:50,2023-07-15,函館,2,8,9,2021106812,レディマキシマ,牝2,55,01091,丹内祐次,1:54.4,1,5-5-5-3,37.3,41.5,7,472(-8),01010,[東]中野栄治,546800,サラブレッドクラブ・...,220.0,"1,4,8,7(2,9)-6,3,5",5,2,4.5,False,"1,4,8,7(2,9)-6-3,5",5,2,4.5,False,"1,4(7,8)(2,9)6-(3,5)",5,2,1.5,False,"1,4(7,9)8(2,6)-(3,5)",3,2,1.5,False,23,
202302020501,1,2歳未勝利,芝,1800,雨,重,09:50,2023-07-15,函館,3,6,6,2021105285,ライフセービング,牡2,55,01015,古川吉洋,1:54.5,1/2,7-7-7-6,37.2,2.1,1,444(0),01018,[西]宮徹,758005,吉田照哉,140.0,"1,4,8,7(2,9)-6,3,5",7,1,8.0,False,"1,4,8,7(2,9)-6-3,5",7,1,8.0,False,"1,4(7,8)(2,9)6-(3,5)",7,1,1.5,False,"1,4(7,9)8(2,6)-(3,5)",6,2,1.5,False,23,
202302020501,1,2歳未勝利,芝,1800,雨,重,09:50,2023-07-15,函館,4,7,7,2021100680,ベレニーチェ,牝2,55,01030,松田大作,1:54.9,2.1/2,4-4-3-3,37.9,8.7,4,442(0),01161,[西]武英智,224031,河野孝明,83.0,"1,4,8,7(2,9)-6,3,5",4,1,4.5,False,"1,4,8,7(2,9)-6-3,5",4,1,4.5,False,"1,4(7,8)(2,9)6-(3,5)",3,2,1.5,False,"1,4(7,9)8(2,6)-(3,5)",3,2,1.5,False,23,
202302020501,1,2歳未勝利,芝,1800,雨,重,09:50,2023-07-15,函館,5,2,2,2021106443,サンディビーチ,牡2,53,01197,佐々木大,1:55.3,2.1/2,5-5-5-6,38.1,3.1,2,456(0),01109,[東]伊藤大士,318803,ニッシンホールディン...,55.0,"1,4,8,7(2,9)-6,3,5",5,2,4.5,False,"1,4,8,7(2,9)-6-3,5",5,2,4.5,False,"1,4(7,8)(2,9)6-(3,5)",5,2,1.5,False,"1,4(7,9)8(2,6)-(3,5)",6,2,1.5,False,23,
202302020501,1,2歳未勝利,芝,1800,雨,重,09:50,2023-07-15,函館,6,4,4,2021104033,マルジェラ,牡2,55,01171,西村淳也,1:55.8,3,2-2-2-2,39.2,36.6,6,482(-4),01035,[東]佐藤吉勝,849033,松谷翔太,,"1,4,8,7(2,9)-6,3,5",2,1,1.5,False,"1,4,8,7(2,9)-6-3,5",2,1,1.5,False,"1,4(7,8)(2,9)6-(3,5)",2,1,1.5,False,"1,4(7,9)8(2,6)-(3,5)",2,1,1.5,False,23,
202302020501,1,2歳未勝利,芝,1800,雨,重,09:50,2023-07-15,函館,7,5,5,2021102363,リケアヴィオレ,牡2,52,01205,小林勝太,1:55.8,クビ,9-9-8-8,38.2,146.6,9,458(-4),01131,[東]蛯名利弘,628031,稲場澄,,"1,4,8,7(2,9)-6,3,5",9,1,11.0,False,"1,4,8,7(2,9)-6-3,5",9,1,13.0,False,"1,4(7,8)(2,9)6-(3,5)",8,2,5.0,False,"1,4(7,9)8(2,6)-(3,5)",8,2,5.0,False,23,
202302020501,1,2歳未勝利,芝,1800,雨,重,09:50,2023-07-15,函館,8,8,8,2021100138,ロードバロンドール,牡2,55,01157,鮫島克駿,1:56.4,3.1/2,3-3-3-5,39.5,30.1,5,462(-2),01173,[西]長谷川浩,170800,ロードホースクラブ,,"1,4,8,7(2,9)-6,3,5",3,1,3.0,False,"1,4,8,7(2,9)-6-3,5",3,1,3.0,False,"1,4(7,8)(2,9)6-(3,5)",3,2,1.5,False,"1,4(7,9)8(2,6)-(3,5)",5,1,1.5,False,23,
202302020501,1,2歳未勝利,芝,1800,雨,重,09:50,2023-07-15,函館,9,3,3,2021106955,ガンバレユウキ,牡2,55,05203,岩田康誠,1:56.8,2.1/2,8-8-8-8,39.2,63.7,8,458(-2),01005,[東]小桧山悟,238009,柴原榮,,"1,4,8,7(2,9)-6,3,5",8,1,9.5,False,"1,4,8,7(2,9)-6-3,5",8,1,11.5,False,"1,4(7,8)(2,9)6-(3,5)",8,2,5.0,False,"1,4(7,9)8(2,6)-(3,5)",8,2,5.0,False,23,
202302020502,2,3歳未勝利,ダ,1700,雨,不良,10:25,2023-07-15,函館,1,4,4,2020100166,パラディ,牝3,54,01170,横山武史,1:44.7,,1-1-1-1,38.0,1.9,1,476(0),01184,[西]四位洋文,373008,中村祐子,550.0,"(*4,12)(9,10)(1,8)-2,7,13(5,6)-11=3",1,2,0.0,True,"4,12(1,10)9,8(7,2)-(5,13)6-11=3",1,1,0.0,False,"(*4,12)(1,10)(8,2)-(9,13)7-6,5,11=3",1,2,0.0,True,"4(1,12)-8,10,2-13-7(9,6)-(5,11)=3",1,1,0.0,False,-26,
202302020502,2,3歳未勝利,ダ,1700,雨,不良,10:25,2023-07-15,函館,2,1,1,2020103975,イリュージョン,牝3,54,01140,横山和生,1:44.8,クビ,5-3-3-2,37.8,8.3,4,464(0),01187,[東]西田雄一,055030,岡田隆寛,220.0,"(*4,12)(9,10)(1,8)-2,7,13(5,6)-11=3",5,2,0.0,False,"4,12(1,10)9,8(7,2)-(5,13)6-11=3",3,2,1.5,False,"(*4,12)(1,10)(8,2)-(9,13)7-6,5,11=3",3,2,0.0,False,"4(1,12)-8,10,2-13-7(9,6)-(5,11)=3",2,2,0.0,False,-26,
202302020502,2,3歳未勝利,ダ,1700,雨,不良,10:25,2023-07-15,函館,3,8,12,2020104111,チェイスザウェイ,牝3,52,01177,小林凌大,1:46.0,7,2-2-2-2,39.2,63.3,9,470(-2),01023,[東]伊藤圭三,547800,ヒダカ・ブリーダーズ...,140.0,"(*4,12)(9,10)(1,8)-2,7,13(5,6)-11=3",2,2,0.0,False,"4,12(1,10)9,8(7,2)-(5,13)6-11=3",2,1,1.5,False,"(*4,12)(1,10)(8,2)-(9,13)7-6,5,11=3",2,2,0.0,False,"4(1,12)-8,10,2-13-7(9,6)-(5,11)=3",2,2,0.0,False,-26,
202302020502,2,3歳未勝利,ダ,1700,雨,不良,10:25,2023-07-15,函館,4,6,8,2020103110,ウィンクルティアラ,牝3,54,01168,富田暁,1:46.5,3,5-6-5-4,39.2,11.7,5,438(+2),01182,[東]辻哲英,310007,吉田千津,83.0,"(*4,12)(9,10)(1,8)-2,7,13(5,6)-11=3",5,2,0.0,False,"4,12(1,10)9,8(7,2)-(5,13)6-11=3",6,1,3.0,False,"(*4,12)(1,10)(8,2)-(9,13)7-6,5,11=3",5,2,0.0,False,"4(1,12)-8,10,2-13-7(9,6)-(5,11)=3",4,1,3.5,False,-26,
202302020502,2,3歳未勝利,ダ,1700,雨,不良,10:25,2023-07-15,函館,5,5,7,2020101981,シルバービスケッツ,牝3,54,05203,岩田康誠,1:46.7,1.1/4,8-7-9-8,38.7,49.8,7,444(+12),01116,[東]新開幸一,440007,島川利子,55.0,"(*4,12)(9,10)(1,8)-2,7,13(5,6)-11=3",8,1,5.0,False,"4,12(1,10)9,8(7,2)-(5,13)6-11=3",7,2,3.0,False,"(*4,12)(1,10)(8,2)-(9,13)7-6,5,11=3",9,1,3.5,False,"4(1,12)-8,10,2-13-7(9,6)-(5,11)=3",8,1,13.5,False,-26,
202302020502,2,3歳未勝利,ダ,1700,雨,不良,10:25,2023-07-15,函館,6,7,10,2020103617,レディエンフェイス,牝3,54,00666,武豊,1:47.5,5,3-3-3-5,40.5,3.9,2,544(-4),01059,[東]加藤征弘,486800,キャロットファーム,,"(*4,12)(9,10)(1,8)-2,7,13(5,6)-11=3",3,2,0.0,False,"4,12(1,10)9,8(7,2)-(5,13)6-11=3",3,2,1.5,False,"(*4,12)(1,10)(8,2)-(9,13)7-6,5,11=3",3,2,0.0,False,"4(1,12)-8,10,2-13-7(9,6)-(5,11)=3",5,1,5.0,False,-26,
202302020502,2,3歳未勝利,ダ,1700,雨,不良,10:25,2023-07-15,函館,7,2,2,2020102624,コリアンドリ,牝3,54,01176,亀田温心,1:47.6,1/2,7-7-5-6,40.2,23.8,6,448(+4),01058,[西]大久保龍,415800,社台レースホース,,"(*4,12)(9,10)(1,8)-2,7,13(5,6)-11=3",7,1,3.5,False,"4,12(1,10)9,8(7,2)-(5,13)6-11=3",7,2,3.0,False,"(*4,12)(1,10)(8,2)-(9,13)7-6,5,11=3",5,2,0.0,False,"4(1,12)-8,10,2-13-7(9,6)-(5,11)=3",6,1,6.5,False,-26,
202302020502,2,3歳未勝利,ダ,1700,雨,不良,10:25,2023-07-15,函館,8,8,13,2020103564,パールシェル,牝3,54,05339,ルメール,1:48.1,2.1/2,9-9-7-7,40.3,5.7,3,448(-4),01017,[東]萩原清,808800,Ｇ１レーシング,,"(*4,12)(9,10)(1,8)-2,7,13(5,6)-11=3",9,1,6.5,False,"4,12(1,10)9,8(7,2)-(5,13)6-11=3",9,2,6.5,False,"(*4,12)(1,10)(8,2)-(9,13)7-6,5,11=3",7,2,3.5,False,"4(1,12)-8,10,2-13-7(9,6)-(5,11)=3",7,1,10.0,False,-26,
202302020502,2,3歳未勝利,ダ,1700,雨,不良,10:25,2023-07-15,函館,9,5,6,2020104109,ブルーブルースカイ,牝3,51,01198,土田真翔,1:48.3,1.1/2,10-11-10-9,40.0,195.0,10,448(-6),01190,[東]村田一誠,108007,浅田次郎,,"(*4,12)(9,10)(1,8)-2,7,13(5,6)-11=3",10,2,6.5,False,"4,12(1,10)9,8(7,2)-(5,13)6-11=3",11,1,6.5,False,"(*4,12)(1,10)(8,2)-(9,13)7-6,5,11=3",10,1,7.0,False,"4(1,12)-8,10,2-13-7(9,6)-(5,11)=3",9,2,13.5,False,-26,
202302020502,2,3歳未勝利,ダ,1700,雨,不良,10:25,2023-07-15,函館,10,7,11,2020105165,アルマケルブ,牝3,53,01192,横山琉人,1:49.3,6,12-12-12-11,40.5,217.9,12,460(-2),01003,[西]川村禎彦,095700,コウトミックレーシン...,,"(*4,12)(9,10)(1,8)-2,7,13(5,6)-11=3",12,1,10.0,False,"4,12(1,10)9,8(7,2)-(5,13)6-11=3",12,1,10.0,False,"(*4,12)(1,10)(8,2)-(9,13)7-6,5,11=3",12,1,10.0,False,"4(1,12)-8,10,2-13-7(9,6)-(5,11)=3",11,2,17.0,False,-26,
202302020502,2,3歳未勝利,ダ,1700,雨,不良,10:25,2023-07-15,函館,11,4,5,2020104746,プルシアンブルー,牝3,53,01185,小沢大仁,1:49.3,ハナ,10-9-11-11,40.8,209.9,11,446(0),01099,[西]本田優,200031,廣野敏樹,,"(*4,12)(9,10)(1,8)-2,7,13(5,6)-11=3",10,2,6.5,False,"4,12(1,10)9,8(7,2)-(5,13)6-11=3",9,2,6.5,False,"(*4,12)(1,10)(8,2)-(9,13)7-6,5,11=3",11,1,8.5,False,"4(1,12)-8,10,2-13-7(9,6)-(5,11)=3",11,2,17.0,False,-26,
202302020502,2,3歳未勝利,ダ,1700,雨,不良,10:25,2023-07-15,函館,12,6,9,2020105075,マルヨクレハ,牝3,51,01205,小林勝太,1:50.4,7,3-5-7-9,42.6,57.7,8,490(+4),01084,[西]梅田智之,131005,野村春行,,"(*4,12)(9,10)(1,8)-2,7,13(5,6)-11=3",3,2,0.0,False,"4,12(1,10)9,8(7,2)-(5,13)6-11=3",5,1,1.5,False,"(*4,12)(1,10)(8,2)-(9,13)7-6,5,11=3",7,2,3.5,False,"4(1,12)-8,10,2-13-7(9,6)-(5,11)=3",9,2,13.5,False,-26,
202302020502,2,3歳未勝利,ダ,1700,雨,不良,10:25,2023-07-15,函館,13,3,3,2020103442,クランプレミア,牝3,51,01202,鷲頭虎太,1:54.9,大,13-13-13-13,42.8,229.2,13,434(-12),01154,[西]橋口慎介,755033,会田浩史,,"(*4,12)(9,10)(1,8)-2,7,13(5,6)-11=3",13,1,16.0,False,"4,12(1,10)9,8(7,2)-(5,13)6-11=3",13,1,16.0,False,"(*4,12)(1,10)(8,2)-(9,13)7-6,5,11=3",13,1,16.0,False,"4(1,12)-8,10,2-13-7(9,6)-(5,11)=3",13,1,23.0,False,-26,
202302020503,3,3歳未勝利,芝,1200,雨,重,10:55,2023-07-15,函館,1,1,2,2020104824,シンデレラスマイル,牝3,54,01170,横山武史,1:11.6,,3-3,36.9,19.5,6,422(-10),01064,[東]武藤善則,852030,佐々木雄二,550.0,,,,,,,,,,,"(*9,15)(2,16)3,10(6,5)14,7(4,13)11,8-(12,1)",3,2,0.0,False,"9,15(2,3,16)(6,5,10)14,7,13(4,11)-(8,1)-12",3,3,1.5,False,19,
202302020503,3,3歳未勝利,芝,1200,雨,重,10:55,2023-07-15,函館,2,8,15,2020101171,ビスケット,牝3,52,01197,佐々木大,1:11.7,クビ,2-2,37.1,33.9,12,448(-2),01114,[東]和田正一,251800,和田牧場,220.0,,,,,,,,,,,"(*9,15)(2,16)3,10(6,5)14,7(4,13)11,8-(12,1)",2,2,0.0,False,"9,15(2,3,16)(6,5,10)14,7,13(4,11)-(8,1)-12",2,1,1.5,False,19,
202302020503,3,3歳未勝利,芝,1200,雨,重,10:55,2023-07-15,函館,3,3,5,2020100759,アルマロクザン,牝3,53,01192,横山琉人,1:11.9,1.1/4,7-6,36.8,3.9,2,470(+6),01134,[東]高橋文雅,095700,コウトミックレーシン...,140.0,,,,,,,,,,,"(*9,15)(2,16)3,10(6,5)14,7(4,13)11,8-(12,1)",7,2,1.5,False,"9,15(2,3,16)(6,5,10)14,7,13(4,11)-(8,1)-12",6,3,1.5,False,19,
202302020503,3,3歳未勝利,芝,1200,雨,重,10:55,2023-07-15,函館,4,6,11,2020104758,ゴコウサス,牡3,56,01115,浜中俊,1:11.9,クビ,13-12,36.0,22.7,7,456(-6),01104,[西]笹田和秀,370008,岡浩二,83.0,,,,,,,,,,,"(*9,15)(2,16)3,10(6,5)14,7(4,13)11,8-(12,1)",13,1,3.0,False,"9,15(2,3,16)(6,5,10)14,7,13(4,11)-(8,1)-12",12,2,4.5,False,19,
202302020503,3,3歳未勝利,芝,1200,雨,重,10:55,2023-07-15,函館,5,7,13,2020103243,ハイアーレルム,牝3,54,01102,北村友一,1:11.9,クビ,11-11,36.3,9.7,4,480(-2),00438,[西]安田隆行,486800,キャロットファーム,55.0,,,,,,,,,,,"(*9,15)(2,16)3,10(6,5)14,7(4,13)11,8-(12,1)",11,2,3.0,False,"9,15(2,3,16)(6,5,10)14,7,13(4,11)-(8,1)-12",11,1,4.5,False,19,
202302020503,3,3歳未勝利,芝,1200,雨,重,10:55,2023-07-15,函館,6,2,3,2020110076,メリタテス,牝3,50,01190,古川奈穂,1:12.0,1/2,5-3,37.2,8.3,3,434(0),01075,[西]矢作芳人,553800,広尾レース,,,,,,,,,,,,"(*9,15)(2,16)3,10(6,5)14,7(4,13)11,8-(12,1)",5,1,0.0,False,"9,15(2,3,16)(6,5,10)14,7,13(4,11)-(8,1)-12",3,3,1.5,False,19,
202302020503,3,3歳未勝利,芝,1200,雨,重,10:55,2023-07-15,函館,7,8,16,2020100441,ハナサキポプラ,牝3,54,01171,西村淳也,1:12.1,クビ,3-3,37.4,34.8,13,422(-6),01178,[西]杉山佳明,018033,石川秀守,,,,,,,,,,,,"(*9,15)(2,16)3,10(6,5)14,7(4,13)11,8-(12,1)",3,2,0.0,False,"9,15(2,3,16)(6,5,10)14,7,13(4,11)-(8,1)-12",3,3,1.5,False,19,
202302020503,3,3歳未勝利,芝,1200,雨,重,10:55,2023-07-15,函館,8,4,7,2020106712,ファルマリン,牝3,54,01157,鮫島克駿,1:12.2,1,10-10,36.9,29.3,9,402(-8),01142,[西]森田直行,418030,高樽さゆり,,,,,,,,,,,,"(*9,15)(2,16)3,10(6,5)14,7(4,13)11,8-(12,1)",10,1,3.0,False,"9,15(2,3,16)(6,5,10)14,7,13(4,11)-(8,1)-12",10,1,3.0,False,19,
202302020503,3,3歳未勝利,芝,1200,雨,重,10:55,2023-07-15,函館,9,4,8,2020101536,アイリスバローズ,牝3,54,01091,丹内祐次,1:12.3,クビ,14-14,36.3,30.1,11,464(-6),01168,[西]上村洋行,859007,猪熊広次,,,,,,,,,,,,"(*9,15)(2,16)3,10(6,5)14,7(4,13)11,8-(12,1)",14,1,4.5,False,"9,15(2,3,16)(6,5,10)14,7,13(4,11)-(8,1)-12",14,2,8.0,False,19,
202302020503,3,3歳未勝利,芝,1200,雨,重,10:55,2023-07-15,函館,10,3,6,2020100673,ヒルノピレネー,牡3,56,01030,松田大作,1:12.3,アタマ,7-6,37.2,14.3,5,438(-14),01078,[西]北出成人,823800,ヒルノ,,,,,,,,,,,,"(*9,15)(2,16)3,10(6,5)14,7(4,13)11,8-(12,1)",7,2,1.5,False,"9,15(2,3,16)(6,5,10)14,7,13(4,11)-(8,1)-12",6,3,1.5,False,19,
202302020503,3,3歳未勝利,芝,1200,雨,重,10:55,2023-07-15,函館,11,5,10,2020106895,ロッソジュリア,牝3,54,05339,ルメール,1:12.4,クビ,6-6,37.5,28.3,8,440(+4),01092,[西]松永幹夫,379803,ＯＵＭＡ,,,,,,,,,,,,"(*9,15)(2,16)3,10(6,5)14,7(4,13)11,8-(12,1)",6,1,1.5,False,"9,15(2,3,16)(6,5,10)14,7,13(4,11)-(8,1)-12",6,3,1.5,False,19,
202302020503,3,3歳未勝利,芝,1200,雨,重,10:55,2023-07-15,函館,12,1,1,2020102958,コンスピキュアス,牡3,56,01140,横山和生,1:12.4,クビ,15-14,35.9,37.2,14,442(-2),01127,[東]栗田徹,338007,村野康司,,,,,,,,,,,,"(*9,15)(2,16)3,10(6,5)14,7(4,13)11,8-(12,1)",15,2,8.0,False,"9,15(2,3,16)(6,5,10)14,7,13(4,11)-(8,1)-12",14,2,8.0,False,19,
202302020503,3,3歳未勝利,芝,1200,雨,重,10:55,2023-07-15,函館,13,7,14,2020101992,ライクアフラワー,牡3,56,01032,池添謙一,1:12.5,1/2,9-9,37.3,2.6,1,486(+6),01172,[西]新谷功一,687033,大倉佑介,,,,,,,,,,,,"(*9,15)(2,16)3,10(6,5)14,7(4,13)11,8-(12,1)",9,1,1.5,False,"9,15(2,3,16)(6,5,10)14,7,13(4,11)-(8,1)-12",9,1,1.5,False,19,
202302020503,3,3歳未勝利,芝,1200,雨,重,10:55,2023-07-15,函館,14,2,4,2020103799,マロンドレ,牡3,56,05203,岩田康誠,1:12.8,1.1/2,11-12,37.2,29.3,10,462(0),01102,[東]大竹正博,452033,伊藤功一,,,,,,,,,,,,"(*9,15)(2,16)3,10(6,5)14,7(4,13)11,8-(12,1)",11,2,3.0,False,"9,15(2,3,16)(6,5,10)14,7,13(4,11)-(8,1)-12",12,2,4.5,False,19,
202302020503,3,3歳未勝利,芝,1200,雨,重,10:55,2023-07-15,函館,15,5,9,2020104333,ハーツファンタジア,牝3,51,01202,鷲頭虎太,1:13.1,2,1-1,38.6,60.2,15,466(+6),01169,[東]加藤士津,542800,ライオンレースホース,,,,,,,,,,,,"(*9,15)(2,16)3,10(6,5)14,7(4,13)11,8-(12,1)",1,2,0.0,True,"9,15(2,3,16)(6,5,10)14,7,13(4,11)-(8,1)-12",1,1,0.0,False,19,
202302020503,3,3歳未勝利,芝,1200,雨,重,10:55,2023-07-15,函館,16,6,12,2020105416,クリノシークレット,牝3,51,01194,大久保友,1:13.5,2,15-16,37.1,524.2,16,442(-12),01056,[東]本間忍,970006,栗本博晴,,,,,,,,,,,,"(*9,15)(2,16)3,10(6,5)14,7(4,13)11,8-(12,1)",15,2,8.0,False,"9,15(2,3,16)(6,5,10)14,7,13(4,11)-(8,1)-12",16,1,11.5,False,19,
202302020504,4,3歳未勝利,ダ,1700,雨,不良,11:25,2023-07-15,函館,1,6,9,2020103389,ブリスキー,牡3,56,01157,鮫島克駿,1:45.9,,2-2-3-3,37.7,66.0,10,470(+4),01070,[東]堀宣行,708800,金子真人ホールディン...,550.0,"12(14,9)(4,5)(6,10)8,7(11,13)-2   1,3",2,2,0.0,False,"12(14,9)4(5,6,10)8(7,13)-11,2   1,3",2,2,0.0,False,"(*12,14)9,4(6,10)(8,13)5,7-2-11   1,3",3,1,0.0,False,"(*12,14)(4,9)-(6,10)13,8-(7,5)2=11   1,3",3,2,0.0,False,-26,
202302020504,4,3歳未勝利,ダ,1700,雨,不良,11:25,2023-07-15,函館,2,3,4,2020103700,ルージュミシェル,牝3,54,01102,北村友一,1:46.1,1,4-4-4-3,37.8,25.1,7,418(-2),01082,[西]平田修,180800,東京ホースレーシング,220.0,"12(14,9)(4,5)(6,10)8,7(11,13)-2   1,3",4,2,0.0,False,"12(14,9)4(5,6,10)8(7,13)-11,2   1,3",4,1,0.0,False,"(*12,14)9,4(6,10)(8,13)5,7-2-11   1,3",4,1,1.5,False,"(*12,14)(4,9)-(6,10)13,8-(7,5)2=11   1,3",3,2,0.0,False,-26,
202302020504,4,3歳未勝利,ダ,1700,雨,不良,11:25,2023-07-15,函館,3,8,14,2020102728,ポルトドール,牡3,56,00666,武豊,1:46.2,3/4,2-2-2-2,38.2,1.5,1,474(+2),01071,[西]池江泰寿,808800,Ｇ１レーシング,140.0,"12(14,9)(4,5)(6,10)8,7(11,13)-2   1,3",2,2,0.0,False,"12(14,9)4(5,6,10)8(7,13)-11,2   1,3",2,2,0.0,False,"(*12,14)9,4(6,10)(8,13)5,7-2-11   1,3",2,2,0.0,False,"(*12,14)(4,9)-(6,10)13,8-(7,5)2=11   1,3",2,2,0.0,False,-26,
202302020504,4,3歳未勝利,ダ,1700,雨,不良,11:25,2023-07-15,函館,4,7,12,2020101601,モダンフリンジ,牝3,54,01115,浜中俊,1:46.8,3.1/2,1-1-1-1,38.8,13.3,5,476(-6),01183,[西]辻野泰之,272008,下河辺隆行,83.0,"12(14,9)(4,5)(6,10)8,7(11,13)-2   1,3",1,1,0.0,False,"12(14,9)4(5,6,10)8(7,13)-11,2   1,3",1,1,0.0,False,"(*12,14)9,4(6,10)(8,13)5,7-2-11   1,3",1,2,0.0,True,"(*12,14)(4,9)-(6,10)13,8-(7,5)2=11   1,3",1,2,0.0,True,-26,
202302020504,4,3歳未勝利,ダ,1700,雨,不良,11:25,2023-07-15,函館,5,6,10,2020104060,ジェネロジテ,牡3,56,01015,古川吉洋,1:47.3,3,6-5-5-5,38.8,33.1,8,498(-4),01032,[西]大根田裕,350002,宮川純造,55.0,"12(14,9)(4,5)(6,10)8,7(11,13)-2   1,3",6,2,0.0,False,"12(14,9)4(5,6,10)8(7,13)-11,2   1,3",5,3,0.0,False,"(*12,14)9,4(6,10)(8,13)5,7-2-11   1,3",5,2,1.5,False,"(*12,14)(4,9)-(6,10)13,8-(7,5)2=11   1,3",5,2,3.5,False,-26,
202302020504,4,3歳未勝利,ダ,1700,雨,不良,11:25,2023-07-15,函館,6,5,8,2020100703,メイショウカジキ,牡3,56,01171,西村淳也,1:47.3,ハナ,8-8-7-8,38.5,19.7,6,458(+2),01084,[西]梅田智之,523005,松本好雄,,"12(14,9)(4,5)(6,10)8,7(11,13)-2   1,3",8,1,0.0,False,"12(14,9)4(5,6,10)8(7,13)-11,2   1,3",8,1,0.0,False,"(*12,14)9,4(6,10)(8,13)5,7-2-11   1,3",7,2,1.5,False,"(*12,14)(4,9)-(6,10)13,8-(7,5)2=11   1,3",8,1,5.0,False,-26,
202302020504,4,3歳未勝利,ダ,1700,雨,不良,11:25,2023-07-15,函館,7,4,6,2020102628,ダルジェント,牡3,56,01093,藤岡佑介,1:47.4,3/4,6-5-5-5,38.8,6.9,2,450(+2),01137,[西]中内田充,506800,シルクレーシング,,"12(14,9)(4,5)(6,10)8,7(11,13)-2   1,3",6,2,0.0,False,"12(14,9)4(5,6,10)8(7,13)-11,2   1,3",5,3,0.0,False,"(*12,14)9,4(6,10)(8,13)5,7-2-11   1,3",5,2,1.5,False,"(*12,14)(4,9)-(6,10)13,8-(7,5)2=11   1,3",5,2,3.5,False,-26,
202302020504,4,3歳未勝利,ダ,1700,雨,不良,11:25,2023-07-15,函館,8,8,13,2020100407,ピーチコーラル,牝3,51,01205,小林勝太,1:47.4,アタマ,10-9-7-7,38.6,75.8,11,402(-14),01182,[東]辻哲英,359803,前田ファーム,,"12(14,9)(4,5)(6,10)8,7(11,13)-2   1,3",10,2,1.5,False,"12(14,9)4(5,6,10)8(7,13)-11,2   1,3",9,2,0.0,False,"(*12,14)9,4(6,10)(8,13)5,7-2-11   1,3",7,2,1.5,False,"(*12,14)(4,9)-(6,10)13,8-(7,5)2=11   1,3",7,1,3.5,False,-26,
202302020504,4,3歳未勝利,ダ,1700,雨,不良,11:25,2023-07-15,函館,9,5,7,2020103744,フィールザクラウン,牡3,56,01091,丹内祐次,1:48.3,5,9-9-10-9,39.2,9.7,3,436(+10),01109,[東]伊藤大士,864009,櫻井正,,"12(14,9)(4,5)(6,10)8,7(11,13)-2   1,3",9,1,1.5,False,"12(14,9)4(5,6,10)8(7,13)-11,2   1,3",9,2,0.0,False,"(*12,14)9,4(6,10)(8,13)5,7-2-11   1,3",10,1,3.0,False,"(*12,14)(4,9)-(6,10)13,8-(7,5)2=11   1,3",9,2,8.5,False,-26,
202302020504,4,3歳未勝利,ダ,1700,雨,不良,11:25,2023-07-15,函館,10,2,2,2020106461,ミユキアルテミシア,牝3,52,01177,小林凌大,1:48.5,1.1/4,12-12-11-11,38.9,46.5,9,454(-4),00405,[東]小西一男,890007,長井純一,,"12(14,9)(4,5)(6,10)8,7(11,13)-2   1,3",12,1,5.0,False,"12(14,9)4(5,6,10)8(7,13)-11,2   1,3",12,1,5.0,False,"(*12,14)9,4(6,10)(8,13)5,7-2-11   1,3",11,1,6.5,False,"(*12,14)(4,9)-(6,10)13,8-(7,5)2=11   1,3",11,1,8.5,False,-26,
202302020504,4,3歳未勝利,ダ,1700,雨,不良,11:25,2023-07-15,函館,11,4,5,2020101727,エーレウォーン,牡3,56,01170,横山武史,1:48.6,3/4,4-5-9-9,39.6,10.0,4,488(-4),01086,[東]斎藤誠,268008,小田吉男,,"12(14,9)(4,5)(6,10)8,7(11,13)-2   1,3",4,2,0.0,False,"12(14,9)4(5,6,10)8(7,13)-11,2   1,3",5,3,0.0,False,"(*12,14)9,4(6,10)(8,13)5,7-2-11   1,3",9,1,1.5,False,"(*12,14)(4,9)-(6,10)13,8-(7,5)2=11   1,3",9,2,8.5,False,-26,
202302020504,4,3歳未勝利,ダ,1700,雨,不良,11:25,2023-07-15,函館,12,7,11,2020104453,ワクワクタロー,牡3,53,01198,土田真翔,1:51.6,大,10-11-12-12,41.3,290.2,12,496(-6),01089,[東]武市康男,772002,西村新一郎,,"12(14,9)(4,5)(6,10)8,7(11,13)-2   1,3",10,2,1.5,False,"12(14,9)4(5,6,10)8(7,13)-11,2   1,3",11,1,3.5,False,"(*12,14)9,4(6,10)(8,13)5,7-2-11   1,3",12,1,10.0,False,"(*12,14)(4,9)-(6,10)13,8-(7,5)2=11   1,3",12,1,14.5,False,-26,
202302020504,4,3歳未勝利,ダ,1700,雨,不良,11:25,2023-07-15,函館,除,1,1,2020101216,テイエムヒショウ,牡3,54,01197,佐々木大,,,,,---,,484(-6),01138,[西]浜田多実,356002,竹園正繼,,"12(14,9)(4,5)(6,10)8,7(11,13)-2   1,3",13,1,11.0,False,"12(14,9)4(5,6,10)8(7,13)-11,2   1,3",13,1,11.0,False,"(*12,14)9,4(6,10)(8,13)5,7-2-11   1,3",13,1,16.0,False,"(*12,14)(4,9)-(6,10)13,8-(7,5)2=11   1,3",13,1,20.5,False,-26,
202302020504,4,3歳未勝利,ダ,1700,雨,不良,11:25,2023-07-15,函館,除,3,3,2020104933,ロックジャム,牝3,51,01202,鷲頭虎太,,,,,---,,450(-8),01042,[西]安達昭夫,381002,山内邦一,,"12(14,9)(4,5)(6,10)8,7(11,13)-2   1,3",14,1,12.5,False,"12(14,9)4(5,6,10)8(7,13)-11,2   1,3",14,1,12.5,False,"(*12,14)9,4(6,10)(8,13)5,7-2-11   1,3",14,1,17.5,False,"(*12,14)(4,9)-(6,10)13,8-(7,5)2=11   1,3",14,1,22.0,False,-26,
202302020505,5,3歳未勝利,芝,2000,雨,重,12:15,2023-07-15,函館,1,2,2,2020104778,チャイボーグ,牝3,54,01095,吉田隼人,2:06.0,,7-6-5-4,36.7,8.2,4,460(+2),01063,[東]的場均,855030,田頭勇貴,550.0,"(*3,6)(1,4,8)7,2=5",7,1,1.5,False,"(*3,6)(1,8)4(2,7)=5",6,2,0.0,False,"(*3,6)(1,8)(2,4)7-5",5,2,0.0,False,"(*3,6)8(1,2,7)4-5",4,3,0.0,False,23,
202302020505,5,3歳未勝利,芝,2000,雨,重,12:15,2023-07-15,函館,2,8,8,2020103047,ホウオウバーナード,牡3,56,01170,横山武史,2:06.0,クビ,3-3-3-3,37.0,4.4,3,400(+6),01118,[東]高柳瑞樹,906033,小笹芳央,220.0,"(*3,6)(1,4,8)7,2=5",3,3,0.0,False,"(*3,6)(1,8)4(2,7)=5",3,2,0.0,False,"(*3,6)(1,8)(2,4)7-5",3,2,0.0,False,"(*3,6)8(1,2,7)4-5",3,1,0.0,False,23,
202302020505,5,3歳未勝利,芝,2000,雨,重,12:15,2023-07-15,函館,3,3,3,2020100640,プラニスフェリオ,牡3,56,05339,ルメール,2:06.1,1/2,1-1-1-1,37.2,2.9,2,494(0),01113,[西]牧浦充徳,482002,水上行雄,140.0,"(*3,6)(1,4,8)7,2=5",1,2,0.0,True,"(*3,6)(1,8)4(2,7)=5",1,2,0.0,True,"(*3,6)(1,8)(2,4)7-5",1,2,0.0,True,"(*3,6)8(1,2,7)4-5",1,2,0.0,True,23,
202302020505,5,3歳未勝利,芝,2000,雨,重,12:15,2023-07-15,函館,4,6,6,2020106980,ドライカプチーノ,牝3,54,01109,黛弘人,2:06.2,3/4,2-2-2-2,37.3,32.0,7,456(+2),01024,[東]萱野浩二,629800,ミルファーム,83.0,"(*3,6)(1,4,8)7,2=5",2,2,0.0,False,"(*3,6)(1,8)4(2,7)=5",2,2,0.0,False,"(*3,6)(1,8)(2,4)7-5",2,2,0.0,False,"(*3,6)8(1,2,7)4-5",2,2,0.0,False,23,
202302020505,5,3歳未勝利,芝,2000,雨,重,12:15,2023-07-15,函館,5,7,7,2020104667,ヨシノクラウン,牡3,54,01197,佐々木大,2:06.6,2.1/2,6-6-7-4,37.2,2.4,1,484(-2),01069,[西]中尾秀正,728033,清水義徳,55.0,"(*3,6)(1,4,8)7,2=5",6,1,0.0,False,"(*3,6)(1,8)4(2,7)=5",6,2,0.0,False,"(*3,6)(1,8)(2,4)7-5",7,1,0.0,False,"(*3,6)8(1,2,7)4-5",4,3,0.0,False,23,
202302020505,5,3歳未勝利,芝,2000,雨,重,12:15,2023-07-15,函館,6,5,5,2020103118,ブレイヴアロウ,牡3,52,01190,古川奈穂,2:07.1,3,8-8-8-8,37.2,55.3,8,492(-4),01075,[西]矢作芳人,213033,加藤裕司,,"(*3,6)(1,4,8)7,2=5",8,1,7.5,False,"(*3,6)(1,8)4(2,7)=5",8,1,6.0,False,"(*3,6)(1,8)(2,4)7-5",8,1,3.5,False,"(*3,6)8(1,2,7)4-5",8,1,3.5,False,23,
202302020505,5,3歳未勝利,芝,2000,雨,重,12:15,2023-07-15,函館,7,1,1,2020106671,プリュネルウィンク,牝3,54,01171,西村淳也,2:08.0,5,3-3-3-4,38.9,13.4,5,444(-4),01153,[東]中舘英二,399009,嶋田賢,,"(*3,6)(1,4,8)7,2=5",3,3,0.0,False,"(*3,6)(1,8)4(2,7)=5",3,2,0.0,False,"(*3,6)(1,8)(2,4)7-5",3,2,0.0,False,"(*3,6)8(1,2,7)4-5",4,3,0.0,False,23,
202302020505,5,3歳未勝利,芝,2000,雨,重,12:15,2023-07-15,函館,8,4,4,2020102139,ネザーランドリマ,牝3,54,01173,山田敬士,2:08.5,3,3-5-5-7,39.3,27.9,6,418(-6),01005,[東]小桧山悟,197002,小川敏夫,,"(*3,6)(1,4,8)7,2=5",3,3,0.0,False,"(*3,6)(1,8)4(2,7)=5",5,1,0.0,False,"(*3,6)(1,8)(2,4)7-5",5,2,0.0,False,"(*3,6)8(1,2,7)4-5",7,1,0.0,False,23,
202302020506,6,3歳未勝利,ダ,1700,雨,不良,12:45,2023-07-15,函館,1,8,11,2020107081,クリノクリスタル,牝3,53,01185,小沢大仁,1:44.9,,5-5-2-2,38.5,4.9,2,458(0),01065,[西]大橋勇樹,488007,栗本守,550.0,"4,6(1,10)(2,3,11)(5,8,9)-7",5,3,1.5,False,"4,6(1,10)(2,11)3(5,8,9)-7",5,2,1.5,False,"4(6,11)(2,10)1(5,3,8)-7,9",2,2,0.0,False,"4,11,6,2,10(5,8)7,1,3-9",2,1,1.5,False,-26,
202302020506,6,3歳未勝利,ダ,1700,雨,不良,12:45,2023-07-15,函館,2,6,7,2020100387,オールマキシマム,牝3,54,01170,横山武史,1:45.1,1,11-11-10-8,37.8,14.9,6,432(-6),01074,[東]奥平雅士,214002,保谷フミ子,220.0,"4,6(1,10)(2,3,11)(5,8,9)-7",11,1,5.0,False,"4,6(1,10)(2,11)3(5,8,9)-7",11,1,5.0,False,"4(6,11)(2,10)1(5,3,8)-7,9",10,1,3.5,False,"4,11,6,2,10(5,8)7,1,3-9",8,1,6.0,False,-26,
202302020506,6,3歳未勝利,ダ,1700,雨,不良,12:45,2023-07-15,函館,3,2,2,2020100300,ジョーエスポワール,牡3,56,01157,鮫島克駿,1:45.3,1.1/2,5-5-4-4,38.8,1.7,1,478(-2),01110,[西]清水久詞,032031,上田江吏子,140.0,"4,6(1,10)(2,3,11)(5,8,9)-7",5,3,1.5,False,"4,6(1,10)(2,11)3(5,8,9)-7",5,2,1.5,False,"4(6,11)(2,10)1(5,3,8)-7,9",4,2,0.0,False,"4,11,6,2,10(5,8)7,1,3-9",4,1,4.5,False,-26,
202302020506,6,3歳未勝利,ダ,1700,雨,不良,12:45,2023-07-15,函館,4,4,4,2020106947,ウインコマチ,牝3,54,01018,和田竜二,1:46.1,5,1-1-1-1,40.0,7.9,3,428(-2),01111,[西]鈴木孝志,916800,宮内牧場,83.0,"4,6(1,10)(2,3,11)(5,8,9)-7",1,1,0.0,False,"4,6(1,10)(2,11)3(5,8,9)-7",1,1,0.0,False,"4(6,11)(2,10)1(5,3,8)-7,9",1,1,0.0,False,"4,11,6,2,10(5,8)7,1,3-9",1,1,0.0,False,-26,
202302020506,6,3歳未勝利,ダ,1700,雨,不良,12:45,2023-07-15,函館,5,5,5,2020110101,ゴールデンマイク,牡3,56,05203,岩田康誠,1:46.4,1.3/4,8-8-7-6,39.6,14.3,4,496(+6),00427,[西]森秀行,232031,藤田晋,55.0,"4,6(1,10)(2,3,11)(5,8,9)-7",8,3,1.5,False,"4,6(1,10)(2,11)3(5,8,9)-7",8,3,1.5,False,"4(6,11)(2,10)1(5,3,8)-7,9",7,3,0.0,False,"4,11,6,2,10(5,8)7,1,3-9",6,2,6.0,False,-26,
202302020506,6,3歳未勝利,ダ,1700,雨,不良,12:45,2023-07-15,函館,6,7,8,2020104894,ジューンリリー,牝3,54,01015,古川吉洋,1:47.1,4,8-8-7-6,40.2,64.7,10,452(-2),01189,[東]堀内岳志,077031,手嶋美季,,"4,6(1,10)(2,3,11)(5,8,9)-7",8,3,1.5,False,"4,6(1,10)(2,11)3(5,8,9)-7",8,3,1.5,False,"4(6,11)(2,10)1(5,3,8)-7,9",7,3,0.0,False,"4,11,6,2,10(5,8)7,1,3-9",6,2,6.0,False,-26,
202302020506,6,3歳未勝利,ダ,1700,雨,不良,12:45,2023-07-15,函館,7,8,10,2020100070,クリノヒーロー,牡3,53,01205,小林勝太,1:47.2,1/2,3-3-4-5,40.7,59.1,9,470(0),00431,[西]谷潔,970006,栗本博晴,,"4,6(1,10)(2,3,11)(5,8,9)-7",3,2,1.5,False,"4,6(1,10)(2,11)3(5,8,9)-7",3,2,1.5,False,"4(6,11)(2,10)1(5,3,8)-7,9",4,2,0.0,False,"4,11,6,2,10(5,8)7,1,3-9",5,1,6.0,False,-26,
202302020506,6,3歳未勝利,ダ,1700,雨,不良,12:45,2023-07-15,函館,8,6,6,2020106867,エピックヒーロー,牡3,56,01091,丹内祐次,1:47.5,2,2-2-2-3,41.2,14.5,5,478(-8),01187,[東]西田雄一,363800,三嶋牧場,,"4,6(1,10)(2,3,11)(5,8,9)-7",2,1,1.5,False,"4,6(1,10)(2,11)3(5,8,9)-7",2,1,1.5,False,"4(6,11)(2,10)1(5,3,8)-7,9",2,2,0.0,False,"4,11,6,2,10(5,8)7,1,3-9",3,1,3.0,False,-26,
202302020506,6,3歳未勝利,ダ,1700,雨,不良,12:45,2023-07-15,函館,9,7,9,2020103523,アッシュフォード,牡3,56,01032,池添謙一,1:48.3,5,8-8-11-11,40.8,16.1,7,464(-4),01196,[西]西園翔太,506800,シルクレーシング,,"4,6(1,10)(2,3,11)(5,8,9)-7",8,3,1.5,False,"4,6(1,10)(2,11)3(5,8,9)-7",8,3,1.5,False,"4(6,11)(2,10)1(5,3,8)-7,9",11,1,5.0,False,"4,11,6,2,10(5,8)7,1,3-9",11,1,12.5,False,-26,
202302020506,6,3歳未勝利,ダ,1700,雨,不良,12:45,2023-07-15,函館,10,3,3,2020102967,テイケイヴィーノ,牝3,52,01197,佐々木大,1:48.7,2.1/2,5-7-7-10,41.8,18.6,8,426(+2),01095,[西]荒川義之,840008,兼松忠男,,"4,6(1,10)(2,3,11)(5,8,9)-7",5,3,1.5,False,"4,6(1,10)(2,11)3(5,8,9)-7",7,1,1.5,False,"4(6,11)(2,10)1(5,3,8)-7,9",7,3,0.0,False,"4,11,6,2,10(5,8)7,1,3-9",10,1,9.0,False,-26,
202302020506,6,3歳未勝利,ダ,1700,雨,不良,12:45,2023-07-15,函館,11,1,1,2020110094,ニトロジャーニー,牡3,56,01168,富田暁,1:49.1,2.1/2,3-3-6-9,42.5,80.0,11,496(-2),01147,[東]武井亮,969031,ＴＮレーシング,,"4,6(1,10)(2,3,11)(5,8,9)-7",3,2,1.5,False,"4,6(1,10)(2,11)3(5,8,9)-7",3,2,1.5,False,"4(6,11)(2,10)1(5,3,8)-7,9",6,1,0.0,False,"4,11,6,2,10(5,8)7,1,3-9",9,1,7.5,False,-26,
202302020507,7,3歳以上1勝クラス,芝,2600,雨,重,13:15,2023-07-15,函館,1,8,10,2019104808,ラウルピドゥ,牡4,58,01095,吉田隼人,2:46.9,,8-8-4-2,37.7,5.1,2,478(-4),01130,[西]吉村圭司,415800,社台レースホース,800.0,"11(2,7)(8,6)-(3,5)-(9,10)1-4",8,2,7.0,False,"11,2(8,7)6-(3,5)(9,10)(1,4)",8,2,5.0,False,"11(2,5)(8,7,10)(3,4)6,9-1",4,3,0.0,False,"11(2,5,10)(8,4)(3,7)9,6=1",2,3,0.0,False,23,
202302020507,7,3歳以上1勝クラス,芝,2600,雨,重,13:15,2023-07-15,函館,2,4,4,2020103154,コルデアニル,牝3,53,01091,丹内祐次,2:47.3,2,11-10-7-5,37.9,8.2,4,468(+8),01132,[東]金成貴史,326030,藤沼利夫,320.0,"11(2,7)(8,6)-(3,5)-(9,10)1-4",11,1,10.5,False,"11,2(8,7)6-(3,5)(9,10)(1,4)",10,2,5.0,False,"11(2,5)(8,7,10)(3,4)6,9-1",7,2,0.0,False,"11(2,5,10)(8,4)(3,7)9,6=1",5,2,0.0,False,23,
202302020507,7,3歳以上1勝クラス,芝,2600,雨,重,13:15,2023-07-15,函館,3,7,8,2018102163,ギンノサジ,牝5,54,01197,佐々木大,2:47.3,クビ,4-3-4-5,38.1,5.5,3,484(-4),01093,[東]松永康利,546800,サラブレッドクラブ・...,200.0,"11(2,7)(8,6)-(3,5)-(9,10)1-4",4,2,0.0,False,"11,2(8,7)6-(3,5)(9,10)(1,4)",3,2,1.5,False,"11(2,5)(8,7,10)(3,4)6,9-1",4,3,0.0,False,"11(2,5,10)(8,4)(3,7)9,6=1",5,2,0.0,False,23,
202302020507,7,3歳以上1勝クラス,芝,2600,雨,重,13:15,2023-07-15,函館,4,8,11,2018106739,マイネルジャッカル,牡5,58,01170,横山武史,2:47.4,1/2,1-1-1-1,38.5,8.9,5,474(-8),01187,[東]西田雄一,546800,サラブレッドクラブ・...,120.0,"11(2,7)(8,6)-(3,5)-(9,10)1-4",1,1,0.0,False,"11,2(8,7)6-(3,5)(9,10)(1,4)",1,1,0.0,False,"11(2,5)(8,7,10)(3,4)6,9-1",1,1,0.0,False,"11(2,5,10)(8,4)(3,7)9,6=1",1,1,0.0,False,23,
202302020507,7,3歳以上1勝クラス,芝,2600,雨,重,13:15,2023-07-15,函館,5,5,5,2020101344,フリンジティアラ,牝3,50,01190,古川奈穂,2:47.6,3/4,6-6-2-2,38.6,21.2,9,460(-2),01168,[西]上村洋行,005060,大谷正嗣,80.0,"11(2,7)(8,6)-(3,5)-(9,10)1-4",6,2,3.5,False,"11,2(8,7)6-(3,5)(9,10)(1,4)",6,2,5.0,False,"11(2,5)(8,7,10)(3,4)6,9-1",2,2,0.0,False,"11(2,5,10)(8,4)(3,7)9,6=1",2,3,0.0,False,23,
202302020507,7,3歳以上1勝クラス,芝,2600,雨,重,13:15,2023-07-15,函館,6,3,3,2019100212,ウインマイルート,牡4,58,01109,黛弘人,2:47.7,1/2,6-6-7-7,38.3,18.4,8,440(-18),01179,[東]鈴木慎太,494800,ウイン,,"11(2,7)(8,6)-(3,5)-(9,10)1-4",6,2,3.5,False,"11,2(8,7)6-(3,5)(9,10)(1,4)",6,2,5.0,False,"11(2,5)(8,7,10)(3,4)6,9-1",7,2,0.0,False,"11(2,5,10)(8,4)(3,7)9,6=1",7,2,0.0,False,23,
202302020507,7,3歳以上1勝クラス,芝,2600,雨,重,13:15,2023-07-15,函館,7,7,9,2018105123,ジェニーアムレット,牝5,56,01102,北村友一,2:47.8,1/2,8-8-10-9,38.0,25.6,10,462(+2),01144,[西]池添学,072803,スリーエイチレーシン...,,"11(2,7)(8,6)-(3,5)-(9,10)1-4",8,2,7.0,False,"11,2(8,7)6-(3,5)(9,10)(1,4)",8,2,5.0,False,"11(2,5)(8,7,10)(3,4)6,9-1",10,1,1.5,False,"11(2,5,10)(8,4)(3,7)9,6=1",9,1,0.0,False,23,
202302020507,7,3歳以上1勝クラス,芝,2600,雨,重,13:15,2023-07-15,函館,8,2,2,2017105531,アイスジェイド,牡6,58,01157,鮫島克駿,2:48.5,4,2-2-2-2,39.5,15.0,6,490(-2),01123,[西]牧田和弥,486800,キャロットファーム,,"11(2,7)(8,6)-(3,5)-(9,10)1-4",2,2,0.0,False,"11,2(8,7)6-(3,5)(9,10)(1,4)",2,1,1.5,False,"11(2,5)(8,7,10)(3,4)6,9-1",2,2,0.0,False,"11(2,5,10)(8,4)(3,7)9,6=1",2,3,0.0,False,23,
202302020507,7,3歳以上1勝クラス,芝,2600,雨,重,13:15,2023-07-15,函館,9,6,7,2020106439,ボーンイングランデ,牡3,55,01178,斎藤新,2:48.8,1.3/4,2-3-4-7,39.6,2.7,1,462(0),01101,[西]吉田直弘,910800,グランデオーナーズ,,"11(2,7)(8,6)-(3,5)-(9,10)1-4",2,2,0.0,False,"11,2(8,7)6-(3,5)(9,10)(1,4)",3,2,1.5,False,"11(2,5)(8,7,10)(3,4)6,9-1",4,3,0.0,False,"11(2,5,10)(8,4)(3,7)9,6=1",7,2,0.0,False,23,
202302020507,7,3歳以上1勝クラス,芝,2600,雨,重,13:15,2023-07-15,函館,10,6,6,2019102178,サノラキ,牡4,55,01205,小林勝太,2:49.3,3,4-5-9-10,39.7,107.8,11,498(+4),01131,[東]蛯名利弘,735033,佐野信幸,,"11(2,7)(8,6)-(3,5)-(9,10)1-4",4,2,0.0,False,"11,2(8,7)6-(3,5)(9,10)(1,4)",5,1,1.5,False,"11(2,5)(8,7,10)(3,4)6,9-1",9,1,0.0,False,"11(2,5,10)(8,4)(3,7)9,6=1",10,1,1.5,False,23,
202302020507,7,3歳以上1勝クラス,芝,2600,雨,重,13:15,2023-07-15,函館,11,1,1,2018102665,サツキハピネス,牝5,56,01140,横山和生,2:49.5,1.1/4,10-10-11-11,39.1,16.2,7,462(0),00417,[東]土田稔,212008,小野博郷,,"11(2,7)(8,6)-(3,5)-(9,10)1-4",10,1,7.0,False,"11,2(8,7)6-(3,5)(9,10)(1,4)",10,2,5.0,False,"11(2,5)(8,7,10)(3,4)6,9-1",11,1,5.0,False,"11(2,5,10)(8,4)(3,7)9,6=1",11,1,7.5,False,23,
202302020508,8,3歳以上1勝クラス,芝,1200,雨,重,13:45,2023-07-15,函館,1,5,7,2020106330,ラウラーナ,牝3,50,01202,鷲頭虎太,1:11.2,,6-2,35.5,4.7,2,422(0),00420,[東]宗像義忠,013700,ディアレスト,800.0,,,,,,,,,,,"(*1,3)2(6,11)(4,5,7)(9,13)(12,14)8,10",6,3,0.0,False,"(*1,3,11,7)2(6,5,14)(4,13)9(8,12)10",2,4,0.0,False,23,
202302020508,8,3歳以上1勝クラス,芝,1200,雨,重,13:45,2023-07-15,函館,2,8,14,2018104762,キャニオニング,牝5,56,01025,勝浦正樹,1:11.5,2,11-6,35.4,26.4,10,442(-8),01190,[東]村田一誠,758005,吉田照哉,320.0,,,,,,,,,,,"(*1,3)2(6,11)(4,5,7)(9,13)(12,14)8,10",11,2,0.0,False,"(*1,3,11,7)2(6,5,14)(4,13)9(8,12)10",6,3,0.0,False,23,
202302020508,8,3歳以上1勝クラス,芝,1200,雨,重,13:45,2023-07-15,函館,3,7,12,2018105518,ダブルスナッチ,牝5,56,01170,横山武史,1:11.7,1,11-12,35.6,4.1,1,440(+10),00420,[東]宗像義忠,506800,シルクレーシング,200.0,,,,,,,,,,,"(*1,3)2(6,11)(4,5,7)(9,13)(12,14)8,10",11,2,0.0,False,"(*1,3,11,7)2(6,5,14)(4,13)9(8,12)10",12,2,0.0,False,23,
202302020508,8,3歳以上1勝クラス,芝,1200,雨,重,13:45,2023-07-15,函館,4,8,13,2020102591,メリオルヴィータ,牝3,53,01157,鮫島克駿,1:11.8,1/2,9-9,35.8,11.2,6,492(+14),01150,[東]池上昌和,808800,Ｇ１レーシング,120.0,,,,,,,,,,,"(*1,3)2(6,11)(4,5,7)(9,13)(12,14)8,10",9,2,0.0,False,"(*1,3,11,7)2(6,5,14)(4,13)9(8,12)10",9,2,0.0,False,23,
202302020508,8,3歳以上1勝クラス,芝,1200,雨,重,13:45,2023-07-15,函館,5,7,11,2019103200,ネイキッドハート,牝4,56,01178,斎藤新,1:11.8,アタマ,4-2,36.2,28.7,11,440(+8),01182,[東]辻哲英,022700,スリースターズレーシ...,80.0,,,,,,,,,,,"(*1,3)2(6,11)(4,5,7)(9,13)(12,14)8,10",4,2,0.0,False,"(*1,3,11,7)2(6,5,14)(4,13)9(8,12)10",2,4,0.0,False,23,
202302020508,8,3歳以上1勝クラス,芝,1200,雨,重,13:45,2023-07-15,函館,6,6,10,2018102053,ドリームアゲイン,牝5,56,01093,藤岡佑介,1:11.9,1/2,14-14,35.5,17.8,8,470(+2),01180,[西]田中克典,948006,前田幸治,,,,,,,,,,,,"(*1,3)2(6,11)(4,5,7)(9,13)(12,14)8,10",14,1,1.5,False,"(*1,3,11,7)2(6,5,14)(4,13)9(8,12)10",14,1,0.0,False,23,
202302020508,8,3歳以上1勝クラス,芝,1200,雨,重,13:45,2023-07-15,函館,7,4,6,2019103790,ミツカネムーン,牝4,56,01091,丹内祐次,1:11.9,クビ,4-6,36.3,72.0,12,444(-4),01080,[東]清水英克,006803,小山田満,,,,,,,,,,,,"(*1,3)2(6,11)(4,5,7)(9,13)(12,14)8,10",4,2,0.0,False,"(*1,3,11,7)2(6,5,14)(4,13)9(8,12)10",6,3,0.0,False,23,
202302020508,8,3歳以上1勝クラス,芝,1200,雨,重,13:45,2023-07-15,函館,8,6,9,2020104086,ウェンダヴズクライ,牝3,50,01205,小林勝太,1:12.0,クビ,9-11,36.0,183.5,14,420(0),01029,[東]根本康広,082031,三岡陽,,,,,,,,,,,,"(*1,3)2(6,11)(4,5,7)(9,13)(12,14)8,10",9,2,0.0,False,"(*1,3,11,7)2(6,5,14)(4,13)9(8,12)10",11,1,0.0,False,23,
202302020508,8,3歳以上1勝クラス,芝,1200,雨,重,13:45,2023-07-15,函館,9,1,1,2020100997,マルモリディライト,牝3,52,01185,小沢大仁,1:12.1,3/4,1-1,36.9,6.4,3,460(+6),01140,[西]石橋守,970031,山下繁美,,,,,,,,,,,,"(*1,3)2(6,11)(4,5,7)(9,13)(12,14)8,10",1,2,0.0,True,"(*1,3,11,7)2(6,5,14)(4,13)9(8,12)10",1,4,0.0,True,23,
202302020508,8,3歳以上1勝クラス,芝,1200,雨,重,13:45,2023-07-15,函館,10,3,4,2019102068,シャウビンダー,牝4,56,05339,ルメール,1:12.2,1/2,6-9,36.5,7.3,5,428(+6),01105,[西]須貝尚介,708800,金子真人ホールディン...,,,,,,,,,,,,"(*1,3)2(6,11)(4,5,7)(9,13)(12,14)8,10",6,3,0.0,False,"(*1,3,11,7)2(6,5,14)(4,13)9(8,12)10",9,2,0.0,False,23,
202302020508,8,3歳以上1勝クラス,芝,1200,雨,重,13:45,2023-07-15,函館,11,2,2,2020105145,カワキタマックス,牝3,53,01018,和田竜二,1:12.2,ハナ,3-5,36.8,16.9,7,438(-6),01111,[西]鈴木孝志,469031,川島和範,,,,,,,,,,,,"(*1,3)2(6,11)(4,5,7)(9,13)(12,14)8,10",3,1,0.0,False,"(*1,3,11,7)2(6,5,14)(4,13)9(8,12)10",5,1,0.0,False,23,
202302020508,8,3歳以上1勝クラス,芝,1200,雨,重,13:45,2023-07-15,函館,12,4,5,2019106565,メイショウソウゲツ,牝4,56,00666,武豊,1:12.3,クビ,6-6,36.5,6.6,4,472(+8),01099,[西]本田優,523005,松本好雄,,,,,,,,,,,,"(*1,3)2(6,11)(4,5,7)(9,13)(12,14)8,10",6,3,0.0,False,"(*1,3,11,7)2(6,5,14)(4,13)9(8,12)10",6,3,0.0,False,23,
202302020508,8,3歳以上1勝クラス,芝,1200,雨,重,13:45,2023-07-15,函館,13,5,8,2019104871,ウェストファリア,牝4,55,01192,横山琉人,1:12.3,ハナ,13-12,36.1,138.8,13,392(0),01038,[東]手塚貴久,415800,社台レースホース,,,,,,,,,,,,"(*1,3)2(6,11)(4,5,7)(9,13)(12,14)8,10",13,1,0.0,False,"(*1,3,11,7)2(6,5,14)(4,13)9(8,12)10",12,2,0.0,False,23,
202302020508,8,3歳以上1勝クラス,芝,1200,雨,重,13:45,2023-07-15,函館,14,3,3,2020101378,アイヲツグモノ,牝3,53,01115,浜中俊,1:13.1,5,2-2,37.8,18.5,9,500(+2),01113,[西]牧浦充徳,372008,三宅勝俊,,,,,,,,,,,,"(*1,3)2(6,11)(4,5,7)(9,13)(12,14)8,10",2,2,0.0,False,"(*1,3,11,7)2(6,5,14)(4,13)9(8,12)10",2,4,0.0,False,23,
202302020509,9,湯浜特別(1勝),ダ,1700,小雨,不良,14:15,2023-07-15,函館,1,5,7,2020102044,オセアフラッグ,牡3,55,01170,横山武史,1:44.7,,6-6-5-5,37.1,3.5,1,484(-6),01059,[東]加藤征弘,266031,ＸＩＡＯジャパン,"1,145.7","(*3,4,5)8,12(7,14)9(2,11,13)1(6,10)",6,2,1.5,False,"(*3,4)(5,8)12(7,14)(2,9,13)11,1(6,10)",6,2,0.0,False,"(*3,4)8,12(7,5)(9,14,13)(2,11)(1,10)6",5,2,1.5,False,"(*3,4)8,12,7(2,9)13(6,1,14,10)(5,11)",5,1,3.0,False,-26,
202302020509,9,湯浜特別(1勝),ダ,1700,小雨,不良,14:15,2023-07-15,函館,2,5,8,2020102818,メイクザビート,牡3,55,01095,吉田隼人,1:44.7,アタマ,4-3-3-3,37.5,4.0,2,492(-4),01028,[西]西園正都,415800,社台レースホース,450.2,"(*3,4,5)8,12(7,14)9(2,11,13)1(6,10)",4,1,0.0,False,"(*3,4)(5,8)12(7,14)(2,9,13)11,1(6,10)",3,2,0.0,False,"(*3,4)8,12(7,5)(9,14,13)(2,11)(1,10)6",3,1,0.0,False,"(*3,4)8,12,7(2,9)13(6,1,14,10)(5,11)",3,1,0.0,False,-26,
202302020509,9,湯浜特別(1勝),ダ,1700,小雨,不良,14:15,2023-07-15,函館,3,2,2,2020105954,ネッケツシャチョウ,牡3,55,01112,荻野琢真,1:44.8,クビ,9-8-10-6,36.9,6.6,3,536(-4),01041,[西]藤沢則雄,756800,ミキハウスＨＫサービ...,285.1,"(*3,4,5)8,12(7,14)9(2,11,13)1(6,10)",9,3,1.5,False,"(*3,4)(5,8)12(7,14)(2,9,13)11,1(6,10)",8,3,0.0,False,"(*3,4)8,12(7,5)(9,14,13)(2,11)(1,10)6",10,2,1.5,False,"(*3,4)8,12,7(2,9)13(6,1,14,10)(5,11)",6,2,3.0,False,-26,
202302020509,9,湯浜特別(1勝),ダ,1700,小雨,不良,14:15,2023-07-15,函館,4,4,6,2020106370,サンマルパトロール,牡3,55,01168,富田暁,1:45.2,2.1/2,13-13-14-9,36.8,24.3,9,470(+2),01065,[西]大橋勇樹,580007,相馬勇,170.0,"(*3,4,5)8,12(7,14)9(2,11,13)1(6,10)",13,2,1.5,False,"(*3,4)(5,8)12(7,14)(2,9,13)11,1(6,10)",13,2,1.5,False,"(*3,4)8,12(7,5)(9,14,13)(2,11)(1,10)6",14,1,1.5,False,"(*3,4)8,12,7(2,9)13(6,1,14,10)(5,11)",9,4,3.0,False,-26,
202302020509,9,湯浜特別(1勝),ダ,1700,小雨,不良,14:15,2023-07-15,函館,5,1,1,2019103592,ベイビールビオ,牡4,58,01197,佐々木大,1:45.2,クビ,12-12-12-9,37.1,8.2,4,502(+2),01027,[東]田村康仁,858800,大塚亮一,111.0,"(*3,4,5)8,12(7,14)9(2,11,13)1(6,10)",12,1,1.5,False,"(*3,4)(5,8)12(7,14)(2,9,13)11,1(6,10)",12,1,1.5,False,"(*3,4)8,12(7,5)(9,14,13)(2,11)(1,10)6",12,2,1.5,False,"(*3,4)8,12,7(2,9)13(6,1,14,10)(5,11)",9,4,3.0,False,-26,
202302020509,9,湯浜特別(1勝),ダ,1700,小雨,不良,14:15,2023-07-15,函館,6,6,9,2020102559,ナチュラルリバー,牡3,55,01185,小沢大仁,1:45.2,クビ,8-8-7-6,37.5,12.5,7,462(-8),01161,[西]武英智,231033,吉田晴哉,,"(*3,4,5)8,12(7,14)9(2,11,13)1(6,10)",8,1,1.5,False,"(*3,4)(5,8)12(7,14)(2,9,13)11,1(6,10)",8,3,0.0,False,"(*3,4)8,12(7,5)(9,14,13)(2,11)(1,10)6",7,3,1.5,False,"(*3,4)8,12,7(2,9)13(6,1,14,10)(5,11)",6,2,3.0,False,-26,
202302020509,9,湯浜特別(1勝),ダ,1700,小雨,不良,14:15,2023-07-15,函館,7,7,12,2020103625,ゴルデールスカー,牡3,55,01018,和田竜二,1:45.3,1/2,5-5-4-4,37.9,67.2,11,462(-2),01058,[西]大久保龍,226800,サンデーレーシング,,"(*3,4,5)8,12(7,14)9(2,11,13)1(6,10)",5,1,1.5,False,"(*3,4)(5,8)12(7,14)(2,9,13)11,1(6,10)",5,1,0.0,False,"(*3,4)8,12(7,5)(9,14,13)(2,11)(1,10)6",4,1,1.5,False,"(*3,4)8,12,7(2,9)13(6,1,14,10)(5,11)",4,1,1.5,False,-26,
202302020509,9,湯浜特別(1勝),ダ,1700,小雨,不良,14:15,2023-07-15,函館,8,3,4,2020103255,トゥーテイルズ,牝3,53,01093,藤岡佑介,1:45.4,クビ,2-2-2-2,38.4,9.7,5,470(+14),01055,[西]藤原英昭,708800,金子真人ホールディン...,,"(*3,4,5)8,12(7,14)9(2,11,13)1(6,10)",2,3,0.0,False,"(*3,4)(5,8)12(7,14)(2,9,13)11,1(6,10)",2,2,0.0,False,"(*3,4)8,12(7,5)(9,14,13)(2,11)(1,10)6",2,2,0.0,False,"(*3,4)8,12,7(2,9)13(6,1,14,10)(5,11)",2,2,0.0,False,-26,
202302020509,9,湯浜特別(1勝),ダ,1700,小雨,不良,14:15,2023-07-15,函館,9,6,10,2019101325,アイファーエポック,牡4,58,01015,古川吉洋,1:45.7,1.3/4,13-13-12-9,37.6,81.0,12,480(0),01029,[東]根本康広,119007,中島稔,,"(*3,4,5)8,12(7,14)9(2,11,13)1(6,10)",13,2,1.5,False,"(*3,4)(5,8)12(7,14)(2,9,13)11,1(6,10)",13,2,1.5,False,"(*3,4)8,12(7,5)(9,14,13)(2,11)(1,10)6",12,2,1.5,False,"(*3,4)8,12,7(2,9)13(6,1,14,10)(5,11)",9,4,3.0,False,-26,
202302020509,9,湯浜特別(1勝),ダ,1700,小雨,不良,14:15,2023-07-15,函館,10,8,13,2020101465,フクノブルジュ,牡3,55,01166,川又賢治,1:45.9,1.1/4,9-8-7-8,38.2,44.5,10,472(+10),01152,[東]竹内正洋,159033,福島祐子,,"(*3,4,5)8,12(7,14)9(2,11,13)1(6,10)",9,3,1.5,False,"(*3,4)(5,8)12(7,14)(2,9,13)11,1(6,10)",8,3,0.0,False,"(*3,4)8,12(7,5)(9,14,13)(2,11)(1,10)6",7,3,1.5,False,"(*3,4)8,12,7(2,9)13(6,1,14,10)(5,11)",8,1,3.0,False,-26,
202302020509,9,湯浜特別(1勝),ダ,1700,小雨,不良,14:15,2023-07-15,函館,11,7,11,2020101200,ヒロノオオゾラ,牡3,55,01030,松田大作,1:46.1,1.1/2,9-11-10-13,38.2,14.7,8,468(-4),01073,[西]宮本博,936033,高原将浩,,"(*3,4,5)8,12(7,14)9(2,11,13)1(6,10)",9,3,1.5,False,"(*3,4)(5,8)12(7,14)(2,9,13)11,1(6,10)",11,1,0.0,False,"(*3,4)8,12(7,5)(9,14,13)(2,11)(1,10)6",10,2,1.5,False,"(*3,4)8,12,7(2,9)13(6,1,14,10)(5,11)",13,2,3.0,False,-26,
202302020509,9,湯浜特別(1勝),ダ,1700,小雨,不良,14:15,2023-07-15,函館,12,3,3,2019102306,ラッキーミーティア,牝4,56,01202,鷲頭虎太,1:46.4,1.1/2,1-1-1-1,39.4,168.8,14,462(+4),01177,[東]伊坂重信,188800,ＹＧＧホースクラブ,,"(*3,4,5)8,12(7,14)9(2,11,13)1(6,10)",1,3,0.0,True,"(*3,4)(5,8)12(7,14)(2,9,13)11,1(6,10)",1,2,0.0,True,"(*3,4)8,12(7,5)(9,14,13)(2,11)(1,10)6",1,2,0.0,True,"(*3,4)8,12,7(2,9)13(6,1,14,10)(5,11)",1,2,0.0,True,-26,
202302020509,9,湯浜特別(1勝),ダ,1700,小雨,不良,14:15,2023-07-15,函館,13,8,14,2019105434,サドル,牡4,58,01194,大久保友,1:47.8,9,6-6-7-9,40.1,97.3,13,502(+18),01087,[西]庄野靖志,199031,エムズレーシング,,"(*3,4,5)8,12(7,14)9(2,11,13)1(6,10)",6,2,1.5,False,"(*3,4)(5,8)12(7,14)(2,9,13)11,1(6,10)",6,2,0.0,False,"(*3,4)8,12(7,5)(9,14,13)(2,11)(1,10)6",7,3,1.5,False,"(*3,4)8,12,7(2,9)13(6,1,14,10)(5,11)",9,4,3.0,False,-26,
202302020509,9,湯浜特別(1勝),ダ,1700,小雨,不良,14:15,2023-07-15,函館,14,4,5,2019100029,タロファイター,牡4,58,01157,鮫島克駿,1:48.4,3.1/2,2-3-5-13,40.9,10.5,6,450(-6),01069,[西]中尾秀正,330031,高岡浩行,,"(*3,4,5)8,12(7,14)9(2,11,13)1(6,10)",2,3,0.0,False,"(*3,4)(5,8)12(7,14)(2,9,13)11,1(6,10)",3,2,0.0,False,"(*3,4)8,12(7,5)(9,14,13)(2,11)(1,10)6",5,2,1.5,False,"(*3,4)8,12,7(2,9)13(6,1,14,10)(5,11)",13,2,3.0,False,-26,
202302020510,10,かもめ島特別(2勝),芝,1800,小雨,重,14:50,2023-07-15,函館,1,7,12,2019104159,カヨウネンカ,牝4,56,01109,黛弘人,1:51.3,,12-13-10-9,35.9,12.8,5,462(-2),01086,[東]斎藤誠,629800,ミルファーム,"1,581.5","14,2,5-4(1,8)9(3,6)(11,10)12,13,7",12,1,6.5,False,"14,2,5(4,8)(1,3,9)10(6,11)13,12,7",13,1,4.5,False,"(*14,2)5(4,9)8(1,3,11)(13,6,12,10,7)",10,5,0.0,False,"(14,*2)(5,9)(4,11)(8,7)(3,12)(1,13,6,10)",9,2,0.0,False,26,
202302020510,10,かもめ島特別(2勝),芝,1800,小雨,重,14:50,2023-07-15,函館,2,7,11,2020100148,アルジーヌ,牝3,53,01171,西村淳也,1:51.3,クビ,10-10-7-5,36.1,4.0,2,456(+4),01137,[西]中内田充,170800,ロードホースクラブ,629.0,"14,2,5-4(1,8)9(3,6)(11,10)12,13,7",10,2,6.5,False,"14,2,5(4,8)(1,3,9)10(6,11)13,12,7",10,2,3.0,False,"(*14,2)5(4,9)8(1,3,11)(13,6,12,10,7)",7,3,0.0,False,"(14,*2)(5,9)(4,11)(8,7)(3,12)(1,13,6,10)",5,2,0.0,False,26,
202302020510,10,かもめ島特別(2勝),芝,1800,小雨,重,14:50,2023-07-15,函館,3,6,9,2019105377,シンティレーション,牝4,56,05339,ルメール,1:51.4,クビ,7-6-4-3,36.5,2.7,1,484(+6),01150,[東]池上昌和,506800,シルクレーシング,394.5,"14,2,5-4(1,8)9(3,6)(11,10)12,13,7",7,1,6.5,False,"14,2,5(4,8)(1,3,9)10(6,11)13,12,7",6,3,3.0,False,"(*14,2)5(4,9)8(1,3,11)(13,6,12,10,7)",4,2,0.0,False,"(14,*2)(5,9)(4,11)(8,7)(3,12)(1,13,6,10)",3,2,0.0,False,26,
202302020510,10,かもめ島特別(2勝),芝,1800,小雨,重,14:50,2023-07-15,函館,4,8,13,2019103838,ダイム,牝4,56,01140,横山和生,1:51.4,クビ,13-12-10-11,36.0,5.6,3,450(+12),01044,[西]昆貢,381803,エラドゥーラ,230.0,"14,2,5-4(1,8)9(3,6)(11,10)12,13,7",13,1,8.0,False,"14,2,5(4,8)(1,3,9)10(6,11)13,12,7",12,1,3.0,False,"(*14,2)5(4,9)8(1,3,11)(13,6,12,10,7)",10,5,0.0,False,"(14,*2)(5,9)(4,11)(8,7)(3,12)(1,13,6,10)",11,4,0.0,False,26,
202302020510,10,かもめ島特別(2勝),芝,1800,小雨,重,14:50,2023-07-15,函館,5,5,7,2019100693,アレグロモデラート,牝4,56,01168,富田暁,1:51.6,1.1/4,14-14-10-7,36.2,50.1,10,486(-14),01147,[東]武井亮,148800,グリーンファーム,155.0,"14,2,5-4(1,8)9(3,6)(11,10)12,13,7",14,1,9.5,False,"14,2,5(4,8)(1,3,9)10(6,11)13,12,7",14,1,6.0,False,"(*14,2)5(4,9)8(1,3,11)(13,6,12,10,7)",10,5,0.0,False,"(14,*2)(5,9)(4,11)(8,7)(3,12)(1,13,6,10)",7,2,0.0,False,26,
202302020510,10,かもめ島特別(2勝),芝,1800,小雨,重,14:50,2023-07-15,函館,6,4,5,2019104703,カンティプール,牝4,56,01178,斎藤新,1:51.7,1/2,3-3-3-3,36.9,15.6,6,490(+2),01155,[西]渡辺薫彦,415800,社台レースホース,,"14,2,5-4(1,8)9(3,6)(11,10)12,13,7",3,1,3.0,False,"14,2,5(4,8)(1,3,9)10(6,11)13,12,7",3,1,3.0,False,"(*14,2)5(4,9)8(1,3,11)(13,6,12,10,7)",3,1,0.0,False,"(14,*2)(5,9)(4,11)(8,7)(3,12)(1,13,6,10)",3,2,0.0,False,26,
202302020510,10,かもめ島特別(2勝),芝,1800,小雨,重,14:50,2023-07-15,函館,7,2,2,2020103009,フェステスバント,牝3,53,01093,藤岡佑介,1:51.8,クビ,2-2-2-1,37.2,17.9,7,422(+4),01062,[西]藤岡健一,758005,吉田照哉,,"14,2,5-4(1,8)9(3,6)(11,10)12,13,7",2,1,1.5,False,"14,2,5(4,8)(1,3,9)10(6,11)13,12,7",2,1,1.5,False,"(*14,2)5(4,9)8(1,3,11)(13,6,12,10,7)",2,2,0.0,False,"(14,*2)(5,9)(4,11)(8,7)(3,12)(1,13,6,10)",1,2,0.0,True,26,
202302020510,10,かもめ島特別(2勝),芝,1800,小雨,重,14:50,2023-07-15,函館,8,4,6,2018102204,ビルボードクィーン,牝5,56,01018,和田竜二,1:51.9,3/4,8-10-10-11,36.5,175.8,14,448(+2),01085,[西]小崎憲,282033,川崎賢二,,"14,2,5-4(1,8)9(3,6)(11,10)12,13,7",8,2,6.5,False,"14,2,5(4,8)(1,3,9)10(6,11)13,12,7",10,2,3.0,False,"(*14,2)5(4,9)8(1,3,11)(13,6,12,10,7)",10,5,0.0,False,"(14,*2)(5,9)(4,11)(8,7)(3,12)(1,13,6,10)",11,4,0.0,False,26,
202302020510,10,かもめ島特別(2勝),芝,1800,小雨,重,14:50,2023-07-15,函館,9,3,3,2015106165,アトミカ,牝8,56,01157,鮫島克駿,1:51.9,クビ,8-6-7-9,36.7,137.7,13,450(+4),01104,[西]笹田和秀,616800,フジワラ・ファーム,,"14,2,5-4(1,8)9(3,6)(11,10)12,13,7",8,2,6.5,False,"14,2,5(4,8)(1,3,9)10(6,11)13,12,7",6,3,3.0,False,"(*14,2)5(4,9)8(1,3,11)(13,6,12,10,7)",7,3,0.0,False,"(14,*2)(5,9)(4,11)(8,7)(3,12)(1,13,6,10)",9,2,0.0,False,26,
202302020510,10,かもめ島特別(2勝),芝,1800,小雨,重,14:50,2023-07-15,函館,10,5,8,2019104607,コルベイユ,牝4,56,01025,勝浦正樹,1:52.0,クビ,5-4-6-7,36.9,85.5,12,442(-2),01116,[東]新開幸一,153033,井手慶祐,,"14,2,5-4(1,8)9(3,6)(11,10)12,13,7",5,2,6.5,False,"14,2,5(4,8)(1,3,9)10(6,11)13,12,7",4,2,3.0,False,"(*14,2)5(4,9)8(1,3,11)(13,6,12,10,7)",6,1,0.0,False,"(14,*2)(5,9)(4,11)(8,7)(3,12)(1,13,6,10)",7,2,0.0,False,26,
202302020510,10,かもめ島特別(2勝),芝,1800,小雨,重,14:50,2023-07-15,函館,11,6,10,2018102176,エレフセリア,牝5,56,01091,丹内祐次,1:52.1,1/2,10-9-10-11,36.7,33.1,8,464(+2),01064,[東]武藤善則,546800,サラブレッドクラブ・...,,"14,2,5-4(1,8)9(3,6)(11,10)12,13,7",10,2,6.5,False,"14,2,5(4,8)(1,3,9)10(6,11)13,12,7",9,1,3.0,False,"(*14,2)5(4,9)8(1,3,11)(13,6,12,10,7)",10,5,0.0,False,"(14,*2)(5,9)(4,11)(8,7)(3,12)(1,13,6,10)",11,4,0.0,False,26,
202302020510,10,かもめ島特別(2勝),芝,1800,小雨,重,14:50,2023-07-15,函館,12,3,4,2020106910,エッセレンチ,牝3,53,00666,武豊,1:52.2,3/4,4-4-4-5,37.2,6.2,4,426(+8),01191,[東]蛯名正義,363800,三嶋牧場,,"14,2,5-4(1,8)9(3,6)(11,10)12,13,7",4,1,6.5,False,"14,2,5(4,8)(1,3,9)10(6,11)13,12,7",4,2,3.0,False,"(*14,2)5(4,9)8(1,3,11)(13,6,12,10,7)",4,2,0.0,False,"(14,*2)(5,9)(4,11)(8,7)(3,12)(1,13,6,10)",5,2,0.0,False,26,
202302020510,10,かもめ島特別(2勝),芝,1800,小雨,重,14:50,2023-07-15,函館,13,8,14,2019104868,ブルトンクール,牝4,56,05203,岩田康誠,1:54.3,大,1-1-1-2,39.7,81.6,11,454(+6),01116,[東]新開幸一,755033,会田浩史,,"14,2,5-4(1,8)9(3,6)(11,10)12,13,7",1,1,0.0,False,"14,2,5(4,8)(1,3,9)10(6,11)13,12,7",1,1,0.0,False,"(*14,2)5(4,9)8(1,3,11)(13,6,12,10,7)",1,2,0.0,True,"(14,*2)(5,9)(4,11)(8,7)(3,12)(1,13,6,10)",2,2,0.0,False,26,
202302020510,10,かもめ島特別(2勝),芝,1800,小雨,重,14:50,2023-07-15,函館,14,1,1,2019103774,メモリーサボアール,牝4,56,01015,古川吉洋,1:54.7,2.1/2,5-6-7-11,39.5,47.5,9,480(+4),01121,[西]角田晃一,351800,シンザンクラブ,,"14,2,5-4(1,8)9(3,6)(11,10)12,13,7",5,2,6.5,False,"14,2,5(4,8)(1,3,9)10(6,11)13,12,7",6,3,3.0,False,"(*14,2)5(4,9)8(1,3,11)(13,6,12,10,7)",7,3,0.0,False,"(14,*2)(5,9)(4,11)(8,7)(3,12)(1,13,6,10)",11,4,0.0,False,26,
202302020511,11,第55回函館2歳S(GIII),芝,1200,曇,重,15:25,2023-07-15,函館,1,8,15,2021103080,ゼルトザーム,牡2,55,01115,浜中俊,1:11.7,,5-5,36.5,29.8,10,454(-4),00425,[西]加用正,350002,宮川純造,"3,153.2",,,,,,,,,,,"(*1,5)(9,7)(2,15)12(4,13)(6,10)(3,8)11=14",5,2,0.0,False,"(*1,5)9,7,15(12,13)(2,4,6,10)(3,8)11=14",5,1,3.0,False,26,
202302020511,11,第55回函館2歳S(GIII),芝,1200,曇,重,15:25,2023-07-15,函館,2,5,9,2021102392,ナナオ,牝2,55,01171,西村淳也,1:11.8,1,3-3,36.8,13.9,6,412(+2),01194,[西]小栗実,345033,増田和啓,"1,215.2",,,,,,,,,,,"(*1,5)(9,7)(2,15)12(4,13)(6,10)(3,8)11=14",3,2,0.0,False,"(*1,5)9,7,15(12,13)(2,4,6,10)(3,8)11=14",3,1,0.0,False,26,
202302020511,11,第55回函館2歳S(GIII),芝,1200,曇,重,15:25,2023-07-15,函館,3,1,1,2021100359,スカイキャンバス,牝2,55,01170,横山武史,1:12.0,3/4,1-1,37.3,6.5,4,422(0),01147,[東]武井亮,367803,ＭＹレーシング,787.6,,,,,,,,,,,"(*1,5)(9,7)(2,15)12(4,13)(6,10)(3,8)11=14",1,2,0.0,True,"(*1,5)9,7,15(12,13)(2,4,6,10)(3,8)11=14",1,2,0.0,True,26,
202302020511,11,第55回函館2歳S(GIII),芝,1200,曇,重,15:25,2023-07-15,函館,4,7,12,2021102775,レガテアドール,牡2,55,01178,斎藤新,1:12.4,2.1/2,7-6,37.0,14.4,7,428(+4),01101,[西]吉田直弘,032800,ローレルレーシング,470.0,,,,,,,,,,,"(*1,5)(9,7)(2,15)12(4,13)(6,10)(3,8)11=14",7,1,0.0,False,"(*1,5)9,7,15(12,13)(2,4,6,10)(3,8)11=14",6,2,3.0,False,26,
202302020511,11,第55回函館2歳S(GIII),芝,1200,曇,重,15:25,2023-07-15,函館,5,5,8,2021103325,カレンナオトメ,牝2,55,01109,黛弘人,1:12.4,アタマ,12-12,36.6,75.5,15,410(-4),01125,[東]小野次郎,629800,ミルファーム,310.0,,,,,,,,,,,"(*1,5)(9,7)(2,15)12(4,13)(6,10)(3,8)11=14",12,2,0.0,False,"(*1,5)9,7,15(12,13)(2,4,6,10)(3,8)11=14",12,2,3.0,False,26,
202302020511,11,第55回函館2歳S(GIII),芝,1200,曇,重,15:25,2023-07-15,函館,6,4,6,2021105668,バスターコール,牡2,55,05339,ルメール,1:12.6,1,10-8,37.0,5.7,2,484(0),01027,[東]田村康仁,226800,サンデーレーシング,,,,,,,,,,,,"(*1,5)(9,7)(2,15)12(4,13)(6,10)(3,8)11=14",10,2,0.0,False,"(*1,5)9,7,15(12,13)(2,4,6,10)(3,8)11=14",8,4,3.0,False,26,
202302020511,11,第55回函館2歳S(GIII),芝,1200,曇,重,15:25,2023-07-15,函館,7,2,3,2021103859,チークタイム,牝2,55,01018,和田竜二,1:12.7,1,12-12,36.9,45.4,12,444(-4),01111,[西]鈴木孝志,370008,岡浩二,,,,,,,,,,,,"(*1,5)(9,7)(2,15)12(4,13)(6,10)(3,8)11=14",12,2,0.0,False,"(*1,5)9,7,15(12,13)(2,4,6,10)(3,8)11=14",12,2,3.0,False,26,
202302020511,11,第55回函館2歳S(GIII),芝,1200,曇,重,15:25,2023-07-15,函館,8,7,13,2021103273,ベルパッション,牝2,55,01030,松田大作,1:12.9,1,8-6,37.4,3.9,1,452(-4),01028,[西]西園正都,275031,山崎太嗣,,,,,,,,,,,,"(*1,5)(9,7)(2,15)12(4,13)(6,10)(3,8)11=14",8,2,0.0,False,"(*1,5)9,7,15(12,13)(2,4,6,10)(3,8)11=14",6,2,3.0,False,26,
202302020511,11,第55回函館2歳S(GIII),芝,1200,曇,重,15:25,2023-07-15,函館,9,6,10,2021100653,アガシ,牡2,55,00666,武豊,1:12.9,クビ,10-8,37.2,39.7,11,472(-6),01087,[西]庄野靖志,389803,ケイズジャパン,,,,,,,,,,,,"(*1,5)(9,7)(2,15)12(4,13)(6,10)(3,8)11=14",10,2,0.0,False,"(*1,5)9,7,15(12,13)(2,4,6,10)(3,8)11=14",8,4,3.0,False,26,
202302020511,11,第55回函館2歳S(GIII),芝,1200,曇,重,15:25,2023-07-15,函館,10,6,11,2021102254,コルルディ,牝2,55,01157,鮫島克駿,1:13.0,クビ,14-14,37.0,67.0,14,448(-2),01159,[西]高柳大輔,997031,ＩＺＵＲＵジャパン,,,,,,,,,,,,"(*1,5)(9,7)(2,15)12(4,13)(6,10)(3,8)11=14",14,1,0.0,False,"(*1,5)9,7,15(12,13)(2,4,6,10)(3,8)11=14",14,1,3.0,False,26,
202302020511,11,第55回函館2歳S(GIII),芝,1200,曇,重,15:25,2023-07-15,函館,11,3,4,2021100527,タヤスロンドン,牡2,55,01091,丹内祐次,1:13.1,3/4,8-8,37.6,54.7,13,492(-4),01051,[東]岩戸孝樹,532002,横瀬兼二,,,,,,,,,,,,"(*1,5)(9,7)(2,15)12(4,13)(6,10)(3,8)11=14",8,2,0.0,False,"(*1,5)9,7,15(12,13)(2,4,6,10)(3,8)11=14",8,4,3.0,False,26,
202302020511,11,第55回函館2歳S(GIII),芝,1200,曇,重,15:25,2023-07-15,函館,12,4,7,2021100356,クールベイビー,牝2,55,01197,佐々木大,1:13.3,1.1/4,3-4,38.3,13.6,5,458(-4),01108,[東]矢野英一,762007,川上哲司,,,,,,,,,,,,"(*1,5)(9,7)(2,15)12(4,13)(6,10)(3,8)11=14",3,2,0.0,False,"(*1,5)9,7,15(12,13)(2,4,6,10)(3,8)11=14",4,1,1.5,False,26,
202302020511,11,第55回函館2歳S(GIII),芝,1200,曇,重,15:25,2023-07-15,函館,13,3,5,2021101703,ナスティウェザー,牡2,55,01168,富田暁,1:13.9,3.1/2,2-2,39.1,20.2,8,446(0),01059,[東]加藤征弘,003060,ゴドルフィン,,,,,,,,,,,,"(*1,5)(9,7)(2,15)12(4,13)(6,10)(3,8)11=14",2,2,0.0,False,"(*1,5)9,7,15(12,13)(2,4,6,10)(3,8)11=14",2,2,0.0,False,26,
202302020511,11,第55回函館2歳S(GIII),芝,1200,曇,重,15:25,2023-07-15,函館,14,8,14,2021105312,ルージュレベッカ,牝2,55,01140,横山和生,1:13.9,ハナ,15-15,36.2,23.9,9,446(-8),01044,[西]昆貢,180800,東京ホースレーシング,,,,,,,,,,,,"(*1,5)(9,7)(2,15)12(4,13)(6,10)(3,8)11=14",15,1,6.0,False,"(*1,5)9,7,15(12,13)(2,4,6,10)(3,8)11=14",15,1,9.0,False,26,
202302020511,11,第55回函館2歳S(GIII),芝,1200,曇,重,15:25,2023-07-15,函館,15,2,2,2021106655,ロータスワンド,牝2,55,01093,藤岡佑介,1:14.3,2,5-8,39.1,5.8,3,452(-4),01039,[西]中竹和也,041002,前田晋二,,,,,,,,,,,,"(*1,5)(9,7)(2,15)12(4,13)(6,10)(3,8)11=14",5,2,0.0,False,"(*1,5)9,7,15(12,13)(2,4,6,10)(3,8)11=14",8,4,3.0,False,26,
202302020512,12,3歳以上1勝クラス,ダ,1000,曇,不良,16:05,2023-07-15,函館,1,7,9,2020101492,シンリンゲンカイ,牝3,51,01177,小林凌大,0:58.5,,2-2,35.3,4.1,3,458(-2),01043,[東]石栗龍彦,714031,酒井孝敏,800.0,,,,,,,,,,,"(*7,9)(1,8,12)4,3(6,11)-2(5,10)",2,2,0.0,False,"(*7,9)8(1,4,12)(3,11)6,2,5,10",2,2,0.0,False,-26,
202302020512,12,3歳以上1勝クラス,ダ,1000,曇,不良,16:05,2023-07-15,函館,2,6,7,2018100107,アイファーベア,牡5,55,01205,小林勝太,0:58.6,1/2,1-1,35.4,37.0,8,464(0),01029,[東]根本康広,119007,中島稔,320.0,,,,,,,,,,,"(*7,9)(1,8,12)4,3(6,11)-2(5,10)",1,2,0.0,True,"(*7,9)8(1,4,12)(3,11)6,2,5,10",1,2,0.0,True,-26,
202302020512,12,3歳以上1勝クラス,ダ,1000,曇,不良,16:05,2023-07-15,函館,3,8,11,2017104266,カップッチョ,牡6,58,01109,黛弘人,0:59.0,2.1/2,8-7,35.1,24.5,6,490(+4),00428,[東]石毛善彦,629800,ミルファーム,200.0,,,,,,,,,,,"(*7,9)(1,8,12)4,3(6,11)-2(5,10)",8,2,1.5,False,"(*7,9)8(1,4,12)(3,11)6,2,5,10",7,2,0.0,False,-26,
202302020512,12,3歳以上1勝クラス,ダ,1000,曇,不良,16:05,2023-07-15,函館,4,6,8,2020101265,オコジュ,牝3,51,01197,佐々木大,0:59.1,クビ,3-3,35.7,3.5,1,450(-8),01010,[東]中野栄治,629800,ミルファーム,120.0,,,,,,,,,,,"(*7,9)(1,8,12)4,3(6,11)-2(5,10)",3,3,0.0,False,"(*7,9)8(1,4,12)(3,11)6,2,5,10",3,1,0.0,False,-26,
202302020512,12,3歳以上1勝クラス,ダ,1000,曇,不良,16:05,2023-07-15,函館,5,8,12,2020105298,ノースディーバ,牡3,55,01157,鮫島克駿,0:59.3,1.1/4,3-4,35.9,3.9,2,516(+4),01046,[西]鮫島一歩,694008,本間茂,80.0,,,,,,,,,,,"(*7,9)(1,8,12)4,3(6,11)-2(5,10)",3,3,0.0,False,"(*7,9)8(1,4,12)(3,11)6,2,5,10",4,3,0.0,False,-26,
202302020512,12,3歳以上1勝クラス,ダ,1000,曇,不良,16:05,2023-07-15,函館,6,4,4,2020104238,カマラードマリー,牝3,52,01192,横山琉人,0:59.5,1,6-4,36.0,39.7,10,460(-8),01076,[東]小笠倫弘,370008,岡浩二,,,,,,,,,,,,"(*7,9)(1,8,12)4,3(6,11)-2(5,10)",6,1,0.0,False,"(*7,9)8(1,4,12)(3,11)6,2,5,10",4,3,0.0,False,-26,
202302020512,12,3歳以上1勝クラス,ダ,1000,曇,不良,16:05,2023-07-15,函館,7,2,2,2019101462,シエラメンテ,牝4,52,01190,古川奈穂,0:59.5,ハナ,10-10,35.2,13.0,5,486(+6),00421,[東]浅野洋一,815033,木部厳生,,,,,,,,,,,,"(*7,9)(1,8,12)4,3(6,11)-2(5,10)",10,1,5.0,False,"(*7,9)8(1,4,12)(3,11)6,2,5,10",10,1,1.5,False,-26,
202302020512,12,3歳以上1勝クラス,ダ,1000,曇,不良,16:05,2023-07-15,函館,8,5,5,2020106495,サンスレッド,牡3,55,01170,横山武史,0:59.5,アタマ,11-11,34.9,4.5,4,468(+16),01174,[東]深山雅史,059803,加藤ステーブル,,,,,,,,,,,,"(*7,9)(1,8,12)4,3(6,11)-2(5,10)",11,2,5.0,False,"(*7,9)8(1,4,12)(3,11)6,2,5,10",11,1,3.0,False,-26,
202302020512,12,3歳以上1勝クラス,ダ,1000,曇,不良,16:05,2023-07-15,函館,9,5,6,2019104624,エコログロリアス,セ4,58,01171,西村淳也,0:59.6,1/2,8-9,35.6,37.2,9,468(-8),01059,[東]加藤征弘,783033,原村正紀,,,,,,,,,,,,"(*7,9)(1,8,12)4,3(6,11)-2(5,10)",8,2,1.5,False,"(*7,9)8(1,4,12)(3,11)6,2,5,10",9,1,0.0,False,-26,
202302020512,12,3歳以上1勝クラス,ダ,1000,曇,不良,16:05,2023-07-15,函館,10,1,1,2020101481,サザンレイク,牝3,53,01091,丹内祐次,0:59.7,3/4,3-4,36.3,68.0,11,474(+4),01029,[東]根本康広,369803,サザンホールディング,,,,,,,,,,,,"(*7,9)(1,8,12)4,3(6,11)-2(5,10)",3,3,0.0,False,"(*7,9)8(1,4,12)(3,11)6,2,5,10",4,3,0.0,False,-26,
202302020512,12,3歳以上1勝クラス,ダ,1000,曇,不良,16:05,2023-07-15,函館,11,3,3,2018100298,サンランシング,牝5,56,01015,古川吉洋,0:59.7,ハナ,7-7,36.0,34.4,7,486(+4),01189,[東]堀内岳志,059803,加藤ステーブル,,,,,,,,,,,,"(*7,9)(1,8,12)4,3(6,11)-2(5,10)",7,1,1.5,False,"(*7,9)8(1,4,12)(3,11)6,2,5,10",7,2,0.0,False,-26,
202302020512,12,3歳以上1勝クラス,ダ,1000,曇,不良,16:05,2023-07-15,函館,12,7,10,2020104163,エメラダ,牝3,53,01168,富田暁,1:00.2,3,11-12,35.7,75.0,12,436(-4),01173,[西]長谷川浩,348803,ゴールドアップ・カン...,,,,,,,,,,,,"(*7,9)(1,8,12)4,3(6,11)-2(5,10)",11,2,5.0,False,"(*7,9)8(1,4,12)(3,11)6,2,5,10",12,1,4.5,False,-26,
