race_id,race_number,race_name,surface,distance_m,weather,going,start_time,race_date,racecourse,finish_pos,waku,umaban,horse_id,horse_name,sex_age,kinryo,jockey_id,jockey_name,time,margin,passing_order,last_3f,odds_final,popularity,weight,trainer_id,trainer_name,owner_id,owner_name,prize,corner1_raw,corner1_rank,corner1_group_size,corner1_gap_len_est,corner1_is_leader,corner2_raw,corner2_rank,corner2_group_size,corner2_gap_len_est,corner2_is_leader,corner3_raw,corner3_rank,corner3_group_size,corner3_gap_len_est,corner3_is_leader,corner4_raw,corner4_rank,corner4_group_size,corner4_gap_len_est,corner4_is_leader,track_index,track_comment
202305020501,1,3歳未勝利,ダ,1600,晴,良,10:15,2023-05-06,東京,1,1,2,2020103565,フィールザオーラ,牝3,54,01122,三浦皇成,1:39.9,,1-1,40.1,4.5,2,452(-10),01147,[東]武井亮,463031,フィールドレーシング,550.0,,,,,,,,,,,"2(9,11)(1,12)-(8,16)5,10(15,13)-(7,14,3)4,6",1,1,0.0,False,"2(9,11)12,1(8,16)-5,15(10,13)(14,3)-(7,4,6)",1,1,0.0,False,-10,
202305020501,1,3歳未勝利,ダ,1600,晴,良,10:15,2023-05-06,東京,2,8,16,2020103628,サヴァリア,牝3,54,01092,津村明秀,1:40.2,1.3/4,6-6,39.7,8.1,3,458(-4),01068,[東]小島茂之,486800,キャロットファーム,220.0,,,,,,,,,,,"2(9,11)(1,12)-(8,16)5,10(15,13)-(7,14,3)4,6",6,2,3.5,False,"2(9,11)12,1(8,16)-5,15(10,13)(14,3)-(7,4,6)",6,2,1.5,False,-10,
202305020501,1,3歳未勝利,ダ,1600,晴,良,10:15,2023-05-06,東京,3,6,11,2020104634,スピリチュアル,牝3,54,00422,内田博幸,1:40.3,1,2-2,40.3,10.2,4,428(-6),01064,[東]武藤善則,852030,佐々木雄二,140.0,,,,,,,,,,,"2(9,11)(1,12)-(8,16)5,10(15,13)-(7,14,3)4,6",2,2,0.0,False,"2(9,11)12,1(8,16)-5,15(10,13)(14,3)-(7,4,6)",2,2,0.0,False,-10,
202305020501,1,3歳未勝利,ダ,1600,晴,良,10:15,2023-05-06,東京,4,2,3,2020105056,ヒメワカバ,牝3,54,00733,吉田豊,1:40.4,クビ,12-12,39.0,15.6,5,490(+6),01134,[東]高橋文雅,548009,岡田勇,83.0,,,,,,,,,,,"2(9,11)(1,12)-(8,16)5,10(15,13)-(7,14,3)4,6",12,3,8.5,False,"2(9,11)12,1(8,16)-5,15(10,13)(14,3)-(7,4,6)",12,2,6.5,False,-10,
202305020501,1,3歳未勝利,ダ,1600,晴,良,10:15,2023-05-06,東京,5,6,12,2020103564,パールシェル,牝3,54,05585,レーン,1:40.6,1,4-4,40.5,1.5,1,452(0),01017,[東]萩原清,808800,Ｇ１レーシング,55.0,,,,,,,,,,,"2(9,11)(1,12)-(8,16)5,10(15,13)-(7,14,3)4,6",4,2,0.0,False,"2(9,11)12,1(8,16)-5,15(10,13)(14,3)-(7,4,6)",4,1,0.0,False,-10,
202305020501,1,3歳未勝利,ダ,1600,晴,良,10:15,2023-05-06,東京,6,5,9,2020100709,モンセラット,牝3,54,01170,横山武史,1:40.9,2,2-2,40.9,40.6,7,464(-2),01086,[東]斎藤誠,464008,大野富生,,,,,,,,,,,,"2(9,11)(1,12)-(8,16)5,10(15,13)-(7,14,3)4,6",2,2,0.0,False,"2(9,11)12,1(8,16)-5,15(10,13)(14,3)-(7,4,6)",2,2,0.0,False,-10,
202305020501,1,3歳未勝利,ダ,1600,晴,良,10:15,2023-05-06,東京,7,4,8,2020103936,ホウオウヴィーナス,牝3,54,01179,菅原明良,1:41.2,1.3/4,6-6,40.6,85.2,8,504(-10),01088,[東]高木登,906033,小笹芳央,,,,,,,,,,,,"2(9,11)(1,12)-(8,16)5,10(15,13)-(7,14,3)4,6",6,2,3.5,False,"2(9,11)12,1(8,16)-5,15(10,13)(14,3)-(7,4,6)",6,2,1.5,False,-10,
202305020501,1,3歳未勝利,ダ,1600,晴,良,10:15,2023-05-06,東京,8,3,5,2020105943,キッカケ,牝3,54,01162,木幡巧也,1:41.3,3/4,8-8,40.4,28.6,6,412(-10),01109,[東]伊藤大士,504031,長島利治,,,,,,,,,,,,"2(9,11)(1,12)-(8,16)5,10(15,13)-(7,14,3)4,6",8,1,3.5,False,"2(9,11)12,1(8,16)-5,15(10,13)(14,3)-(7,4,6)",8,1,5.0,False,-10,
202305020501,1,3歳未勝利,ダ,1600,晴,良,10:15,2023-05-06,東京,9,3,6,2020107092,イチゴホイップ,牝3,54,01117,丸田恭介,1:41.4,クビ,16-14,39.6,498.7,16,454(-3),01063,[東]的場均,855030,田頭勇貴,,,,,,,,,,,,"2(9,11)(1,12)-(8,16)5,10(15,13)-(7,14,3)4,6",16,1,10.0,False,"2(9,11)12,1(8,16)-5,15(10,13)(14,3)-(7,4,6)",14,3,10.0,False,-10,
202305020501,1,3歳未勝利,ダ,1600,晴,良,10:15,2023-05-06,東京,10,7,13,2020101426,マリノファルコン,牝3,54,00641,柴田善臣,1:41.5,1/2,10-10,40.2,90.6,9,506(-6),01094,[東]水野貴広,817033,和田志保,,,,,,,,,,,,"2(9,11)(1,12)-(8,16)5,10(15,13)-(7,14,3)4,6",10,2,5.0,False,"2(9,11)12,1(8,16)-5,15(10,13)(14,3)-(7,4,6)",10,2,6.5,False,-10,
202305020501,1,3歳未勝利,ダ,1600,晴,良,10:15,2023-05-06,東京,11,2,4,2020102230,レイズオブスター,牝3,54,01009,柴田大知,1:41.7,1,15-14,39.8,223.7,10,462(+6),01100,[東]松山将樹,030803,コスモヴューファーム,,,,,,,,,,,,"2(9,11)(1,12)-(8,16)5,10(15,13)-(7,14,3)4,6",15,1,8.5,False,"2(9,11)12,1(8,16)-5,15(10,13)(14,3)-(7,4,6)",14,3,10.0,False,-10,
202305020501,1,3歳未勝利,ダ,1600,晴,良,10:15,2023-05-06,東京,12,5,10,2020104294,ブロードアクト,牝3,54,01015,古川吉洋,1:41.7,アタマ,9-10,40.5,471.3,15,460(-2),01008,[東]杉浦宏昭,934006,伊東純一,,,,,,,,,,,,"2(9,11)(1,12)-(8,16)5,10(15,13)-(7,14,3)4,6",9,1,5.0,False,"2(9,11)12,1(8,16)-5,15(10,13)(14,3)-(7,4,6)",10,2,6.5,False,-10,
202305020501,1,3歳未勝利,ダ,1600,晴,良,10:15,2023-05-06,東京,13,1,1,2020107024,モノノフピンク,牝3,51,01205,小林勝太,1:42.1,2.1/2,4-5,41.7,248.3,12,462(+8),01076,[東]小笠倫弘,368803,ウエスト．フォレスト...,,,,,,,,,,,,"2(9,11)(1,12)-(8,16)5,10(15,13)-(7,14,3)4,6",4,2,0.0,False,"2(9,11)12,1(8,16)-5,15(10,13)(14,3)-(7,4,6)",5,1,1.5,False,-10,
202305020501,1,3歳未勝利,ダ,1600,晴,良,10:15,2023-05-06,東京,14,8,15,2020106830,クラシカルタイプ,牝3,53,01188,永野猛蔵,1:42.4,1.1/2,10-9,41.3,297.3,13,454(+10),01150,[東]池上昌和,858800,大塚亮一,,,,,,,,,,,,"2(9,11)(1,12)-(8,16)5,10(15,13)-(7,14,3)4,6",10,2,5.0,False,"2(9,11)12,1(8,16)-5,15(10,13)(14,3)-(7,4,6)",9,1,6.5,False,-10,
202305020501,1,3歳未勝利,ダ,1600,晴,良,10:15,2023-05-06,東京,15,7,14,2020106989,アイヴカムバック,牝3,54,01096,大野拓弥,1:42.8,2.1/2,12-12,41.3,451.3,14,430(+2),01100,[東]松山将樹,016700,サミットレーシング,,,,,,,,,,,,"2(9,11)(1,12)-(8,16)5,10(15,13)-(7,14,3)4,6",12,3,8.5,False,"2(9,11)12,1(8,16)-5,15(10,13)(14,3)-(7,4,6)",12,2,6.5,False,-10,
202305020501,1,3歳未勝利,ダ,1600,晴,良,10:15,2023-05-06,東京,16,4,7,2020102893,ギフトオブザナイル,牝3,54,01135,杉原誠人,1:43.4,3.1/2,12-14,41.6,246.9,11,428(-4),01114,[東]和田正一,415800,社台レースホース,,,,,,,,,,,,"2(9,11)(1,12)-(8,16)5,10(15,13)-(7,14,3)4,6",12,3,8.5,False,"2(9,11)12,1(8,16)-5,15(10,13)(14,3)-(7,4,6)",14,3,10.0,False,-10,
202305020502,2,3歳未勝利,ダ,1300,晴,良,10:45,2023-05-06,東京,1,6,11,2020105049,ハヤブサジェット,セ3,56,01150,石川裕紀,1:18.9,,3-3,36.9,1.9,1,444(-14),01156,[東]青木孝文,317033,鈴木正浩,550.0,,,,,,,,,,,"(*8,9)11(7,2)5,15,1,13(10,16)-(4,6)14,12-3",3,1,0.0,False,"(*8,9)11-(7,2)5(1,15)-13(10,16)6-4,14,3-12",3,1,0.0,False,-10,
202305020502,2,3歳未勝利,ダ,1300,晴,良,10:45,2023-05-06,東京,2,8,16,2020101983,クリノアルバトロス,牡3,56,01085,松岡正海,1:19.8,5,10-10,36.7,10.1,3,496(0),01031,[東]伊藤伸一,970006,栗本博晴,220.0,,,,,,,,,,,"(*8,9)11(7,2)5,15,1,13(10,16)-(4,6)14,12-3",10,2,4.5,False,"(*8,9)11-(7,2)5(1,15)-13(10,16)6-4,14,3-12",10,2,7.0,False,-10,
202305020502,2,3歳未勝利,ダ,1300,晴,良,10:45,2023-05-06,東京,3,1,2,2020104898,サクセスバラード,牡3,56,01170,横山武史,1:20.1,1.1/2,4-4,37.8,2.6,2,460(+2),01152,[東]竹内正洋,027803,ブルースターズファー...,140.0,,,,,,,,,,,"(*8,9)11(7,2)5,15,1,13(10,16)-(4,6)14,12-3",4,2,0.0,False,"(*8,9)11-(7,2)5(1,15)-13(10,16)6-4,14,3-12",4,2,3.5,False,-10,
202305020502,2,3歳未勝利,ダ,1300,晴,良,10:45,2023-05-06,東京,4,4,8,2020100131,ジェイエルバルカー,牡3,56,01162,木幡巧也,1:20.2,1/2,1-1,38.4,330.1,11,496(+2),00405,[東]小西一男,173033,橋元幸人,83.0,,,,,,,,,,,"(*8,9)11(7,2)5,15,1,13(10,16)-(4,6)14,12-3",1,2,0.0,True,"(*8,9)11-(7,2)5(1,15)-13(10,16)6-4,14,3-12",1,2,0.0,True,-10,
202305020502,2,3歳未勝利,ダ,1300,晴,良,10:45,2023-05-06,東京,5,8,15,2020102384,イーデンテソーロ,牡3,56,05386,戸崎圭太,1:20.4,1,7-7,37.7,19.1,5,460(+4),01048,[東]畠山吉宏,089803,了徳寺健二ホールディ...,55.0,,,,,,,,,,,"(*8,9)11(7,2)5,15,1,13(10,16)-(4,6)14,12-3",7,1,1.5,False,"(*8,9)11-(7,2)5(1,15)-13(10,16)6-4,14,3-12",7,2,3.5,False,-10,
202305020502,2,3歳未勝利,ダ,1300,晴,良,10:45,2023-05-06,東京,6,2,3,2020100307,オブシディアン,牡3,56,01096,大野拓弥,1:21.3,5,16-15,37.4,52.6,9,504(-2),00421,[東]浅野洋一,855030,田頭勇貴,,,,,,,,,,,,"(*8,9)11(7,2)5,15,1,13(10,16)-(4,6)14,12-3",16,1,13.0,False,"(*8,9)11-(7,2)5(1,15)-13(10,16)6-4,14,3-12",15,1,13.5,False,-10,
202305020502,2,3歳未勝利,ダ,1300,晴,良,10:45,2023-05-06,東京,7,7,13,2020103935,ドラヴァイト,牡3,56,01117,丸田恭介,1:21.4,3/4,9-9,38.4,46.8,8,440(+2),01077,[東]加藤和宏,851009,岡田牧雄,,,,,,,,,,,,"(*8,9)11(7,2)5,15,1,13(10,16)-(4,6)14,12-3",9,1,4.5,False,"(*8,9)11-(7,2)5(1,15)-13(10,16)6-4,14,3-12",9,1,7.0,False,-10,
202305020502,2,3歳未勝利,ダ,1300,晴,良,10:45,2023-05-06,東京,8,3,6,2020100501,オータムエッジ,牡3,55,01188,永野猛蔵,1:21.5,クビ,12-12,38.3,20.1,6,460(+6),01132,[東]金成貴史,086803,レッドマジック,,,,,,,,,,,,"(*8,9)11(7,2)5,15,1,13(10,16)-(4,6)14,12-3",12,2,8.0,False,"(*8,9)11-(7,2)5(1,15)-13(10,16)6-4,14,3-12",12,1,7.0,False,-10,
202305020502,2,3歳未勝利,ダ,1300,晴,良,10:45,2023-05-06,東京,9,7,14,2020106426,マテンロウブルース,牡3,56,00726,岩部純二,1:21.7,1.1/2,14-14,38.0,469.2,12,446(+2),00421,[東]浅野洋一,855030,田頭勇貴,,,,,,,,,,,,"(*8,9)11(7,2)5,15,1,13(10,16)-(4,6)14,12-3",14,1,8.0,False,"(*8,9)11-(7,2)5(1,15)-13(10,16)6-4,14,3-12",14,1,12.0,False,-10,
202305020502,2,3歳未勝利,ダ,1300,晴,良,10:45,2023-05-06,東京,10,5,10,2020105332,フジジュンフェイス,牝3,54,01135,杉原誠人,1:21.9,3/4,10-10,38.8,18.1,4,438(-12),01109,[東]伊藤大士,874033,ＳＴレーシング,,,,,,,,,,,,"(*8,9)11(7,2)5,15,1,13(10,16)-(4,6)14,12-3",10,2,4.5,False,"(*8,9)11-(7,2)5(1,15)-13(10,16)6-4,14,3-12",10,2,7.0,False,-10,
202305020502,2,3歳未勝利,ダ,1300,晴,良,10:45,2023-05-06,東京,11,2,4,2020109124,イチザブレーヴ,牡3,56,01158,野中悠太,1:22.1,1.1/4,12-13,38.5,714.4,14,458(+2),01029,[東]根本康広,610006,奈良崎孝一郎,,,,,,,,,,,,"(*8,9)11(7,2)5,15,1,13(10,16)-(4,6)14,12-3",12,2,8.0,False,"(*8,9)11-(7,2)5(1,15)-13(10,16)6-4,14,3-12",13,1,10.5,False,-10,
202305020502,2,3歳未勝利,ダ,1300,晴,良,10:45,2023-05-06,東京,12,5,9,2020106361,ニシノレールガン,牝3,51,01205,小林勝太,1:22.1,ハナ,2-2,40.2,120.3,10,454(+2),01064,[東]武藤善則,897009,西山茂行,,,,,,,,,,,,"(*8,9)11(7,2)5,15,1,13(10,16)-(4,6)14,12-3",2,2,0.0,False,"(*8,9)11-(7,2)5(1,15)-13(10,16)6-4,14,3-12",2,2,0.0,False,-10,
202305020502,2,3歳未勝利,ダ,1300,晴,良,10:45,2023-05-06,東京,13,1,1,2020104047,グランドジャヌー,牡3,56,01118,宮崎北斗,1:22.1,クビ,8-7,39.4,718.7,15,462(+3),01056,[東]本間忍,464030,田畑利彦,,,,,,,,,,,,"(*8,9)11(7,2)5,15,1,13(10,16)-(4,6)14,12-3",8,1,3.0,False,"(*8,9)11-(7,2)5(1,15)-13(10,16)6-4,14,3-12",7,2,3.5,False,-10,
202305020502,2,3歳未勝利,ダ,1300,晴,良,10:45,2023-05-06,東京,14,3,5,2020101859,モモロイヤル,牝3,54,01075,田辺裕信,1:22.5,2.1/2,6-6,39.9,30.9,7,456(-8),01141,[東]尾形和幸,318803,ニッシンホールディン...,,,,,,,,,,,,"(*8,9)11(7,2)5,15,1,13(10,16)-(4,6)14,12-3",6,1,0.0,False,"(*8,9)11-(7,2)5(1,15)-13(10,16)6-4,14,3-12",6,1,3.5,False,-10,
202305020502,2,3歳未勝利,ダ,1300,晴,良,10:45,2023-05-06,東京,15,6,12,2020104583,ノースサイド,牡3,56,01015,古川吉洋,1:22.7,1,15-16,38.4,775.6,16,476(+6),01047,[東]勢司和浩,065031,油木大樹,,,,,,,,,,,,"(*8,9)11(7,2)5,15,1,13(10,16)-(4,6)14,12-3",15,1,9.5,False,"(*8,9)11-(7,2)5(1,15)-13(10,16)6-4,14,3-12",16,1,17.0,False,-10,
202305020502,2,3歳未勝利,ダ,1300,晴,良,10:45,2023-05-06,東京,16,4,7,2020103040,ジンジャーパン,牡3,56,01131,西村太一,1:23.5,5,4-4,41.2,559.8,13,426(-8),01023,[東]伊藤圭三,370803,是枝浩平,,,,,,,,,,,,"(*8,9)11(7,2)5,15,1,13(10,16)-(4,6)14,12-3",4,2,0.0,False,"(*8,9)11-(7,2)5(1,15)-13(10,16)6-4,14,3-12",4,2,3.5,False,-10,
202305020503,3,3歳未勝利,ダ,1400,晴,良,11:15,2023-05-06,東京,1,5,10,2020102562,レディアス,牝3,54,01092,津村明秀,1:25.7,,3-3,37.6,1.7,1,422(-2),01179,[東]鈴木慎太,763033,中山栄一,550.0,,,,,,,,,,,"(*4,11)(3,10)14,16-7(2,6)1-(13,12)15-8,9-5",3,2,0.0,False,"(*4,11)(3,10)14(7,16)2,1,6-(13,12)-15(8,9)=5",3,2,0.0,False,-10,
202305020503,3,3歳未勝利,ダ,1400,晴,良,11:15,2023-05-06,東京,2,2,3,2020106479,サイタブラウン,牡3,56,01162,木幡巧也,1:26.6,5,3-3,38.4,11.2,4,458(-4),01008,[東]杉浦宏昭,077700,サイタグローバル,220.0,,,,,,,,,,,"(*4,11)(3,10)14,16-7(2,6)1-(13,12)15-8,9-5",3,2,0.0,False,"(*4,11)(3,10)14(7,16)2,1,6-(13,12)-15(8,9)=5",3,2,0.0,False,-10,
202305020503,3,3歳未勝利,ダ,1400,晴,良,11:15,2023-05-06,東京,3,6,11,2020110003,エリカボニータ,牝3,51,01205,小林勝太,1:26.9,1.3/4,2-2,39.0,26.4,7,468(-18),01023,[東]伊藤圭三,195031,三木正浩,140.0,,,,,,,,,,,"(*4,11)(3,10)14,16-7(2,6)1-(13,12)15-8,9-5",2,2,0.0,False,"(*4,11)(3,10)14(7,16)2,1,6-(13,12)-15(8,9)=5",2,2,0.0,False,-10,
202305020503,3,3歳未勝利,ダ,1400,晴,良,11:15,2023-05-06,東京,4,7,14,2020100450,マーゴットバモス,牡3,56,01117,丸田恭介,1:27.1,1.1/4,5-5,38.8,5.4,2,484(-10),01177,[東]伊坂重信,900031,前田良平,83.0,,,,,,,,,,,"(*4,11)(3,10)14,16-7(2,6)1-(13,12)15-8,9-5",5,1,0.0,False,"(*4,11)(3,10)14(7,16)2,1,6-(13,12)-15(8,9)=5",5,1,0.0,False,-10,
202305020503,3,3歳未勝利,ダ,1400,晴,良,11:15,2023-05-06,東京,5,1,1,2020100785,ハクサンモンチュ,牡3,54,01183,小林脩斗,1:27.2,クビ,10-9,38.3,115.8,11,470(-10),01064,[東]武藤善則,841030,河崎五市,55.0,,,,,,,,,,,"(*4,11)(3,10)14,16-7(2,6)1-(13,12)15-8,9-5",10,1,5.0,False,"(*4,11)(3,10)14(7,16)2,1,6-(13,12)-15(8,9)=5",9,1,1.5,False,-10,
202305020503,3,3歳未勝利,ダ,1400,晴,良,11:15,2023-05-06,東京,6,8,16,2020100018,グングニル,牡3,56,01029,武士沢友,1:27.3,3/4,6-6,38.8,50.4,10,460(-4),01035,[東]佐藤吉勝,849033,松谷翔太,,,,,,,,,,,,"(*4,11)(3,10)14,16-7(2,6)1-(13,12)15-8,9-5",6,1,1.5,False,"(*4,11)(3,10)14(7,16)2,1,6-(13,12)-15(8,9)=5",6,2,0.0,False,-10,
202305020503,3,3歳未勝利,ダ,1400,晴,良,11:15,2023-05-06,東京,7,1,2,2020101045,シズカノウミ,牝3,54,00684,田中勝春,1:27.4,クビ,8-8,38.7,29.7,9,450(+2),01100,[東]松山将樹,081700,プレミアムレースホー...,,,,,,,,,,,,"(*4,11)(3,10)14,16-7(2,6)1-(13,12)15-8,9-5",8,2,5.0,False,"(*4,11)(3,10)14(7,16)2,1,6-(13,12)-15(8,9)=5",8,1,0.0,False,-10,
202305020503,3,3歳未勝利,ダ,1400,晴,良,11:15,2023-05-06,東京,8,6,12,2020104951,ブルーゴールド,牡3,56,01108,的場勇人,1:28.3,5,11-11,39.0,431.0,15,482(+6),01063,[東]的場均,585031,青山郁代,,,,,,,,,,,,"(*4,11)(3,10)14,16-7(2,6)1-(13,12)15-8,9-5",11,2,8.5,False,"(*4,11)(3,10)14(7,16)2,1,6-(13,12)-15(8,9)=5",11,2,6.5,False,-10,
202305020503,3,3歳未勝利,ダ,1400,晴,良,11:15,2023-05-06,東京,9,5,9,2020105366,タカラアーサー,牡3,56,01085,松岡正海,1:28.5,1.1/4,15-14,38.6,22.1,5,494(0),01189,[東]堀内岳志,480007,村山義男,,,,,,,,,,,,"(*4,11)(3,10)14,16-7(2,6)1-(13,12)15-8,9-5",15,1,13.5,False,"(*4,11)(3,10)14(7,16)2,1,6-(13,12)-15(8,9)=5",14,2,10.0,False,-10,
202305020503,3,3歳未勝利,ダ,1400,晴,良,11:15,2023-05-06,東京,10,7,13,2020110033,フロストシティ,牡3,55,01188,永野猛蔵,1:28.6,3/4,11-11,39.3,26.3,6,468(-2),01150,[東]池上昌和,003060,ゴドルフィン,,,,,,,,,,,,"(*4,11)(3,10)14,16-7(2,6)1-(13,12)15-8,9-5",11,2,8.5,False,"(*4,11)(3,10)14(7,16)2,1,6-(13,12)-15(8,9)=5",11,2,6.5,False,-10,
202305020503,3,3歳未勝利,ダ,1400,晴,良,11:15,2023-05-06,東京,11,3,6,2020102958,コンスピキュアス,牡3,56,05386,戸崎圭太,1:28.9,2,8-10,39.9,6.0,3,444(-6),01127,[東]栗田徹,338007,村野康司,,,,,,,,,,,,"(*4,11)(3,10)14,16-7(2,6)1-(13,12)15-8,9-5",8,2,5.0,False,"(*4,11)(3,10)14(7,16)2,1,6-(13,12)-15(8,9)=5",10,1,3.0,False,-10,
202305020503,3,3歳未勝利,ダ,1400,晴,良,11:15,2023-05-06,東京,12,2,4,2020101860,アールスペック,牡3,56,01077,石橋脩,1:29.1,1,1-1,41.2,26.4,8,510(+8),01106,[東]牧光二,427030,前原敏行,,,,,,,,,,,,"(*4,11)(3,10)14,16-7(2,6)1-(13,12)15-8,9-5",1,2,0.0,True,"(*4,11)(3,10)14(7,16)2,1,6-(13,12)-15(8,9)=5",1,2,0.0,True,-10,
202305020503,3,3歳未勝利,ダ,1400,晴,良,11:15,2023-05-06,東京,13,8,15,2020104970,アパラージタ,牡3,56,00733,吉田豊,1:29.3,1.1/4,13-13,39.6,600.5,16,404(+4),00421,[東]浅野洋一,855030,田頭勇貴,,,,,,,,,,,,"(*4,11)(3,10)14,16-7(2,6)1-(13,12)15-8,9-5",13,1,8.5,False,"(*4,11)(3,10)14(7,16)2,1,6-(13,12)-15(8,9)=5",13,1,10.0,False,-10,
202305020503,3,3歳未勝利,ダ,1400,晴,良,11:15,2023-05-06,東京,14,3,5,2020101740,メイショウイセ,牡3,56,01158,野中悠太,1:29.4,1/2,16-16,38.5,211.8,13,444(-4),01118,[東]高柳瑞樹,523005,松本好雄,,,,,,,,,,,,"(*4,11)(3,10)14,16-7(2,6)1-(13,12)15-8,9-5",16,1,17.0,False,"(*4,11)(3,10)14(7,16)2,1,6-(13,12)-15(8,9)=5",16,1,16.0,False,-10,
202305020503,3,3歳未勝利,ダ,1400,晴,良,11:15,2023-05-06,東京,15,4,8,2020104574,ペイシャボビー,牡3,56,01140,横山和生,1:29.9,3,14-14,40.0,194.6,12,506(-2),00405,[東]小西一男,163002,北所直人,,,,,,,,,,,,"(*4,11)(3,10)14,16-7(2,6)1-(13,12)15-8,9-5",14,1,12.0,False,"(*4,11)(3,10)14(7,16)2,1,6-(13,12)-15(8,9)=5",14,2,10.0,False,-10,
202305020503,3,3歳未勝利,ダ,1400,晴,良,11:15,2023-05-06,東京,16,4,7,2020105202,カラードレス,牝3,54,01009,柴田大知,1:30.9,6,7-6,42.4,369.7,14,448(+2),00420,[東]宗像義忠,030803,コスモヴューファーム,,,,,,,,,,,,"(*4,11)(3,10)14,16-7(2,6)1-(13,12)15-8,9-5",7,1,5.0,False,"(*4,11)(3,10)14(7,16)2,1,6-(13,12)-15(8,9)=5",6,2,0.0,False,-10,
202305020504,4,3歳未勝利,芝,1600,晴,良,11:45,2023-05-06,東京,1,7,15,2020100620,シロノクミキョク,牝3,54,01170,横山武史,1:34.8,,3-4,35.2,8.8,6,438(+2),01026,[東]鈴木伸尋,716800,ビッグレッドファーム,550.0,,,,,,,,,,,"(*18,16)(15,17)12(4,14)(1,13)(8,3)(2,5,7)(6,10)-(9,11)",3,2,0.0,False,"18(16,17)15(12,14)4(13,3)(1,8)(2,7)(5,6,10)(9,11)",4,1,0.0,False,-18,開幕3週目でAコース5日目。ダートコース側からかなり強い風が吹いて、直線は砂塵が舞っていた。イン追走だと砂をかなり被ることもあって、馬群の中と外を回った差し馬の好走が目立った。
202305020504,4,3歳未勝利,芝,1600,晴,良,11:45,2023-05-06,東京,2,6,12,2020102768,アリダンジェロ,牝3,54,05386,戸崎圭太,1:34.8,クビ,5-5,35.1,5.1,2,494(-8),01187,[東]西田雄一,148800,グリーンファーム,220.0,,,,,,,,,,,"(*18,16)(15,17)12(4,14)(1,13)(8,3)(2,5,7)(6,10)-(9,11)",5,1,0.0,False,"18(16,17)15(12,14)4(13,3)(1,8)(2,7)(5,6,10)(9,11)",5,2,0.0,False,-18,開幕3週目でAコース5日目。ダートコース側からかなり強い風が吹いて、直線は砂塵が舞っていた。イン追走だと砂をかなり被ることもあって、馬群の中と外を回った差し馬の好走が目立った。
202305020504,4,3歳未勝利,芝,1600,晴,良,11:45,2023-05-06,東京,3,3,6,2020106234,グランドカリナン,牡3,56,01092,津村明秀,1:34.9,1/2,15-14,34.4,2.3,1,450(0),01112,[東]田島俊明,464030,田畑利彦,140.0,,,,,,,,,,,"(*18,16)(15,17)12(4,14)(1,13)(8,3)(2,5,7)(6,10)-(9,11)",15,2,0.0,False,"18(16,17)15(12,14)4(13,3)(1,8)(2,7)(5,6,10)(9,11)",14,3,0.0,False,-18,開幕3週目でAコース5日目。ダートコース側からかなり強い風が吹いて、直線は砂塵が舞っていた。イン追走だと砂をかなり被ることもあって、馬群の中と外を回った差し馬の好走が目立った。
202305020504,4,3歳未勝利,芝,1600,晴,良,11:45,2023-05-06,東京,4,8,18,2020110122,ルージュナディア,牝3,54,01140,横山和生,1:35.1,1.1/4,1-1,35.8,7.5,3,430(-2),00399,[東]国枝栄,180800,東京ホースレーシング,83.0,,,,,,,,,,,"(*18,16)(15,17)12(4,14)(1,13)(8,3)(2,5,7)(6,10)-(9,11)",1,2,0.0,True,"18(16,17)15(12,14)4(13,3)(1,8)(2,7)(5,6,10)(9,11)",1,1,0.0,False,-18,開幕3週目でAコース5日目。ダートコース側からかなり強い風が吹いて、直線は砂塵が舞っていた。イン追走だと砂をかなり被ることもあって、馬群の中と外を回った差し馬の好走が目立った。
202305020504,4,3歳未勝利,芝,1600,晴,良,11:45,2023-05-06,東京,5,2,3,2020105570,マンスール,牡3,56,01150,石川裕紀,1:35.3,1.1/4,10-8,35.3,8.1,4,470(+2),01127,[東]栗田徹,506800,シルクレーシング,55.0,,,,,,,,,,,"(*18,16)(15,17)12(4,14)(1,13)(8,3)(2,5,7)(6,10)-(9,11)",10,2,0.0,False,"18(16,17)15(12,14)4(13,3)(1,8)(2,7)(5,6,10)(9,11)",8,2,0.0,False,-18,開幕3週目でAコース5日目。ダートコース側からかなり強い風が吹いて、直線は砂塵が舞っていた。イン追走だと砂をかなり被ることもあって、馬群の中と外を回った差し馬の好走が目立った。
202305020504,4,3歳未勝利,芝,1600,晴,良,11:45,2023-05-06,東京,6,7,13,2020110121,ルージュアマルフィ,牝3,54,01179,菅原明良,1:35.3,クビ,8-8,35.3,14.5,7,478(-6),01097,[東]鹿戸雄一,180800,東京ホースレーシング,,,,,,,,,,,,"(*18,16)(15,17)12(4,14)(1,13)(8,3)(2,5,7)(6,10)-(9,11)",8,2,0.0,False,"18(16,17)15(12,14)4(13,3)(1,8)(2,7)(5,6,10)(9,11)",8,2,0.0,False,-18,開幕3週目でAコース5日目。ダートコース側からかなり強い風が吹いて、直線は砂塵が舞っていた。イン追走だと砂をかなり被ることもあって、馬群の中と外を回った差し馬の好走が目立った。
202305020504,4,3歳未勝利,芝,1600,晴,良,11:45,2023-05-06,東京,7,7,14,2020106584,メトロフィルム,牝3,54,01135,杉原誠人,1:35.4,1/2,6-5,35.7,319.0,17,436(0),01080,[東]清水英克,018033,石川秀守,,,,,,,,,,,,"(*18,16)(15,17)12(4,14)(1,13)(8,3)(2,5,7)(6,10)-(9,11)",6,2,0.0,False,"18(16,17)15(12,14)4(13,3)(1,8)(2,7)(5,6,10)(9,11)",5,2,0.0,False,-18,開幕3週目でAコース5日目。ダートコース側からかなり強い風が吹いて、直線は砂塵が舞っていた。イン追走だと砂をかなり被ることもあって、馬群の中と外を回った差し馬の好走が目立った。
202305020504,4,3歳未勝利,芝,1600,晴,良,11:45,2023-05-06,東京,8,8,17,2020103158,ワビスケ,牝3,54,01009,柴田大知,1:35.5,クビ,3-2,36.1,209.9,13,458(0),01132,[東]金成貴史,027803,ブルースターズファー...,,,,,,,,,,,,"(*18,16)(15,17)12(4,14)(1,13)(8,3)(2,5,7)(6,10)-(9,11)",3,2,0.0,False,"18(16,17)15(12,14)4(13,3)(1,8)(2,7)(5,6,10)(9,11)",2,2,0.0,False,-18,開幕3週目でAコース5日目。ダートコース側からかなり強い風が吹いて、直線は砂塵が舞っていた。イン追走だと砂をかなり被ることもあって、馬群の中と外を回った差し馬の好走が目立った。
202305020504,4,3歳未勝利,芝,1600,晴,良,11:45,2023-05-06,東京,9,3,5,2020110142,ラピスパイライト,牝3,54,01162,木幡巧也,1:35.6,1/2,12-14,35.2,212.6,14,434(+15),01080,[東]清水英克,855030,田頭勇貴,,,,,,,,,,,,"(*18,16)(15,17)12(4,14)(1,13)(8,3)(2,5,7)(6,10)-(9,11)",12,3,0.0,False,"18(16,17)15(12,14)4(13,3)(1,8)(2,7)(5,6,10)(9,11)",14,3,0.0,False,-18,開幕3週目でAコース5日目。ダートコース側からかなり強い風が吹いて、直線は砂塵が舞っていた。イン追走だと砂をかなり被ることもあって、馬群の中と外を回った差し馬の好走が目立った。
202305020504,4,3歳未勝利,芝,1600,晴,良,11:45,2023-05-06,東京,10,5,10,2020105485,ニシノカナン,牡3,56,01096,大野拓弥,1:35.7,クビ,15-14,35.3,64.3,9,502(+2),01008,[東]杉浦宏昭,897009,西山茂行,,,,,,,,,,,,"(*18,16)(15,17)12(4,14)(1,13)(8,3)(2,5,7)(6,10)-(9,11)",15,2,0.0,False,"18(16,17)15(12,14)4(13,3)(1,8)(2,7)(5,6,10)(9,11)",14,3,0.0,False,-18,開幕3週目でAコース5日目。ダートコース側からかなり強い風が吹いて、直線は砂塵が舞っていた。イン追走だと砂をかなり被ることもあって、馬群の中と外を回った差し馬の好走が目立った。
202305020504,4,3歳未勝利,芝,1600,晴,良,11:45,2023-05-06,東京,11,2,4,2020106478,ナイトブレーカー,牡3,56,01122,三浦皇成,1:35.7,アタマ,6-7,35.8,8.7,5,466(-4),01147,[東]武井亮,969031,ＴＮレーシング,,,,,,,,,,,,"(*18,16)(15,17)12(4,14)(1,13)(8,3)(2,5,7)(6,10)-(9,11)",6,2,0.0,False,"18(16,17)15(12,14)4(13,3)(1,8)(2,7)(5,6,10)(9,11)",7,1,0.0,False,-18,開幕3週目でAコース5日目。ダートコース側からかなり強い風が吹いて、直線は砂塵が舞っていた。イン追走だと砂をかなり被ることもあって、馬群の中と外を回った差し馬の好走が目立った。
202305020504,4,3歳未勝利,芝,1600,晴,良,11:45,2023-05-06,東京,12,6,11,2020103244,メリープランク,牝3,53,01188,永野猛蔵,1:35.8,3/4,17-17,35.0,107.3,11,368(0),01020,[東]相沢郁,226800,サンデーレーシング,,,,,,,,,,,,"(*18,16)(15,17)12(4,14)(1,13)(8,3)(2,5,7)(6,10)-(9,11)",17,2,3.5,False,"18(16,17)15(12,14)4(13,3)(1,8)(2,7)(5,6,10)(9,11)",17,2,0.0,False,-18,開幕3週目でAコース5日目。ダートコース側からかなり強い風が吹いて、直線は砂塵が舞っていた。イン追走だと砂をかなり被ることもあって、馬群の中と外を回った差し馬の好走が目立った。
202305020504,4,3歳未勝利,芝,1600,晴,良,11:45,2023-05-06,東京,13,4,7,2020105700,キタノファルコン,牡3,56,01158,野中悠太,1:35.9,1/2,12-12,35.6,229.4,15,472(+2),00412,[東]高橋裕,163002,北所直人,,,,,,,,,,,,"(*18,16)(15,17)12(4,14)(1,13)(8,3)(2,5,7)(6,10)-(9,11)",12,3,0.0,False,"18(16,17)15(12,14)4(13,3)(1,8)(2,7)(5,6,10)(9,11)",12,2,0.0,False,-18,開幕3週目でAコース5日目。ダートコース側からかなり強い風が吹いて、直線は砂塵が舞っていた。イン追走だと砂をかなり被ることもあって、馬群の中と外を回った差し馬の好走が目立った。
202305020504,4,3歳未勝利,芝,1600,晴,良,11:45,2023-05-06,東京,14,1,1,2020104351,ブランディー,牝3,52,01183,小林脩斗,1:36.1,1.1/2,8-10,36.0,45.8,8,430(-4),01143,[東]和田雄二,057700,北駿競走馬組合,,,,,,,,,,,,"(*18,16)(15,17)12(4,14)(1,13)(8,3)(2,5,7)(6,10)-(9,11)",8,2,0.0,False,"18(16,17)15(12,14)4(13,3)(1,8)(2,7)(5,6,10)(9,11)",10,2,0.0,False,-18,開幕3週目でAコース5日目。ダートコース側からかなり強い風が吹いて、直線は砂塵が舞っていた。イン追走だと砂をかなり被ることもあって、馬群の中と外を回った差し馬の好走が目立った。
202305020504,4,3歳未勝利,芝,1600,晴,良,11:45,2023-05-06,東京,15,8,16,2020103843,スッピン,牝3,54,00422,内田博幸,1:36.2,1/2,2-2,36.8,113.5,12,470(0),01174,[東]深山雅史,929009,福島徳佑,,,,,,,,,,,,"(*18,16)(15,17)12(4,14)(1,13)(8,3)(2,5,7)(6,10)-(9,11)",2,2,0.0,False,"18(16,17)15(12,14)4(13,3)(1,8)(2,7)(5,6,10)(9,11)",2,2,0.0,False,-18,開幕3週目でAコース5日目。ダートコース側からかなり強い風が吹いて、直線は砂塵が舞っていた。イン追走だと砂をかなり被ることもあって、馬群の中と外を回った差し馬の好走が目立った。
202305020504,4,3歳未勝利,芝,1600,晴,良,11:45,2023-05-06,東京,16,1,2,2020105833,ゴールドモニター,牝3,54,01117,丸田恭介,1:36.3,3/4,12-12,36.0,105.6,10,420(-10),01090,[東]天間昭一,712033,居城寿与,,,,,,,,,,,,"(*18,16)(15,17)12(4,14)(1,13)(8,3)(2,5,7)(6,10)-(9,11)",12,3,0.0,False,"18(16,17)15(12,14)4(13,3)(1,8)(2,7)(5,6,10)(9,11)",12,2,0.0,False,-18,開幕3週目でAコース5日目。ダートコース側からかなり強い風が吹いて、直線は砂塵が舞っていた。イン追走だと砂をかなり被ることもあって、馬群の中と外を回った差し馬の好走が目立った。
202305020504,4,3歳未勝利,芝,1600,晴,良,11:45,2023-05-06,東京,17,5,9,2020100505,ラッキータリスマン,牡3,56,01077,石橋脩,1:36.6,2,17-17,35.8,267.1,16,480(0),01081,[東]中川公成,851009,岡田牧雄,,,,,,,,,,,,"(*18,16)(15,17)12(4,14)(1,13)(8,3)(2,5,7)(6,10)-(9,11)",17,2,3.5,False,"18(16,17)15(12,14)4(13,3)(1,8)(2,7)(5,6,10)(9,11)",17,2,0.0,False,-18,開幕3週目でAコース5日目。ダートコース側からかなり強い風が吹いて、直線は砂塵が舞っていた。イン追走だと砂をかなり被ることもあって、馬群の中と外を回った差し馬の好走が目立った。
202305020504,4,3歳未勝利,芝,1600,晴,良,11:45,2023-05-06,東京,18,4,8,2020105435,シバノナスタチウム,牝3,54,01129,菅原隆一,1:37.5,5,10-10,37.3,854.2,18,398(-2),01171,[東]小手川準,796033,柴一男,,,,,,,,,,,,"(*18,16)(15,17)12(4,14)(1,13)(8,3)(2,5,7)(6,10)-(9,11)",10,2,0.0,False,"18(16,17)15(12,14)4(13,3)(1,8)(2,7)(5,6,10)(9,11)",10,2,0.0,False,-18,開幕3週目でAコース5日目。ダートコース側からかなり強い風が吹いて、直線は砂塵が舞っていた。イン追走だと砂をかなり被ることもあって、馬群の中と外を回った差し馬の好走が目立った。
202305020505,5,3歳未勝利,ダ,2100,晴,良,12:35,2023-05-06,東京,1,5,6,2020103199,ビップスコーピオン,牡3,56,05212,Ｍ．デム,2:15.5,,2-2-5-4,38.6,2.7,2,456(0),01112,[東]田島俊明,524030,鈴木邦英,550.0,"1(6,8)-(2,3,10)-12-(7,4,9)-5-11",2,2,0.0,False,"(*1,6,8)-(2,3)-10-(12,4,9)-7-5-11",2,3,0.0,False,"1(8,3)2(6,9)10-(12,4)7,5-11",5,2,0.0,False,"1(8,3)(2,6,9)10(5,12)(4,7)11",4,3,0.0,False,-10,
202305020505,5,3歳未勝利,ダ,2100,晴,良,12:35,2023-05-06,東京,2,5,5,2020101684,シンボリタイプ,牡3,56,01075,田辺裕信,2:15.6,1.1/4,11-11-11-8,38.2,25.0,6,526(+4),01052,[東]菊川正達,431800,シンボリ牧場,220.0,"1(6,8)-(2,3,10)-12-(7,4,9)-5-11",11,1,14.0,False,"(*1,6,8)-(2,3)-10-(12,4,9)-7-5-11",11,1,17.5,False,"1(8,3)2(6,9)10-(12,4)7,5-11",11,1,5.0,False,"1(8,3)(2,6,9)10(5,12)(4,7)11",8,2,0.0,False,-10,
202305020505,5,3歳未勝利,ダ,2100,晴,良,12:35,2023-05-06,東京,3,7,9,2020105372,ショウナンガロ,牡3,56,00422,内田博幸,2:16.7,7,8-7-5-4,39.8,10.1,5,494(-2),01089,[東]武市康男,331002,国本哲秀,140.0,"1(6,8)-(2,3,10)-12-(7,4,9)-5-11",8,3,10.5,False,"(*1,6,8)-(2,3)-10-(12,4,9)-7-5-11",7,3,10.5,False,"1(8,3)2(6,9)10-(12,4)7,5-11",5,2,0.0,False,"1(8,3)(2,6,9)10(5,12)(4,7)11",4,3,0.0,False,-10,
202305020505,5,3歳未勝利,ダ,2100,晴,良,12:35,2023-05-06,東京,4,6,7,2020100417,セイウンデイスター,牡3,56,01096,大野拓弥,2:16.8,クビ,8-10-10-10,39.3,8.5,3,438(-8),01024,[東]萱野浩二,897009,西山茂行,83.0,"1(6,8)-(2,3,10)-12-(7,4,9)-5-11",8,3,10.5,False,"(*1,6,8)-(2,3)-10-(12,4,9)-7-5-11",10,1,14.0,False,"1(8,3)2(6,9)10-(12,4)7,5-11",10,1,3.5,False,"1(8,3)(2,6,9)10(5,12)(4,7)11",10,2,0.0,False,-10,
202305020505,5,3歳未勝利,ダ,2100,晴,良,12:35,2023-05-06,東京,5,3,3,2020100522,レッドルキフェル,牡3,56,05386,戸崎圭太,2:17.3,3,4-4-2-2,40.7,8.6,4,450(+6),01162,[東]田中博康,180800,東京ホースレーシング,55.0,"1(6,8)-(2,3,10)-12-(7,4,9)-5-11",4,3,3.5,False,"(*1,6,8)-(2,3)-10-(12,4,9)-7-5-11",4,2,3.5,False,"1(8,3)2(6,9)10-(12,4)7,5-11",2,2,0.0,False,"1(8,3)(2,6,9)10(5,12)(4,7)11",2,2,0.0,False,-10,
202305020505,5,3歳未勝利,ダ,2100,晴,良,12:35,2023-05-06,東京,6,8,12,2020106571,ワイルドハンター,牡3,56,01162,木幡巧也,2:17.6,1.1/2,7-7-8-8,40.3,66.3,8,454(-2),01076,[東]小笠倫弘,934006,伊東純一,,"1(6,8)-(2,3,10)-12-(7,4,9)-5-11",7,1,7.0,False,"(*1,6,8)-(2,3)-10-(12,4,9)-7-5-11",7,3,10.5,False,"1(8,3)2(6,9)10-(12,4)7,5-11",8,2,3.5,False,"1(8,3)(2,6,9)10(5,12)(4,7)11",8,2,0.0,False,-10,
202305020505,5,3歳未勝利,ダ,2100,晴,良,12:35,2023-05-06,東京,7,8,11,2020100066,タイムトラベラー,牡3,56,01029,武士沢友,2:18.2,4,12-12-12-12,40.5,268.9,12,464(+6),01035,[東]佐藤吉勝,855030,田頭勇貴,,"1(6,8)-(2,3,10)-12-(7,4,9)-5-11",12,1,17.5,False,"(*1,6,8)-(2,3)-10-(12,4,9)-7-5-11",12,1,21.0,False,"1(8,3)2(6,9)10-(12,4)7,5-11",12,1,8.5,False,"1(8,3)(2,6,9)10(5,12)(4,7)11",12,1,0.0,False,-10,
202305020505,5,3歳未勝利,ダ,2100,晴,良,12:35,2023-05-06,東京,8,1,1,2020106238,サクラトップハーツ,牡3,56,01092,津村明秀,2:18.3,クビ,1-1-1-1,41.9,74.6,9,484(+10),01074,[東]奥平雅士,018803,トップフェロウ,,"1(6,8)-(2,3,10)-12-(7,4,9)-5-11",1,1,0.0,False,"(*1,6,8)-(2,3)-10-(12,4,9)-7-5-11",1,3,0.0,True,"1(8,3)2(6,9)10-(12,4)7,5-11",1,1,0.0,False,"1(8,3)(2,6,9)10(5,12)(4,7)11",1,1,0.0,False,-10,
202305020505,5,3歳未勝利,ダ,2100,晴,良,12:35,2023-05-06,東京,9,2,2,2020100178,ウインクリエ,牡3,56,01085,松岡正海,2:18.6,1.3/4,4-4-4-4,41.7,166.6,10,462(0),01171,[東]小手川準,494800,ウイン,,"1(6,8)-(2,3,10)-12-(7,4,9)-5-11",4,3,3.5,False,"(*1,6,8)-(2,3)-10-(12,4,9)-7-5-11",4,2,3.5,False,"1(8,3)2(6,9)10-(12,4)7,5-11",4,1,0.0,False,"1(8,3)(2,6,9)10(5,12)(4,7)11",4,3,0.0,False,-10,
202305020505,5,3歳未勝利,ダ,2100,晴,良,12:35,2023-05-06,東京,10,6,8,2020102859,ステラデルシエロ,牡3,56,05585,レーン,2:18.6,クビ,2-2-2-2,42.1,2.2,1,476(+2),01048,[東]畠山吉宏,415800,社台レースホース,,"1(6,8)-(2,3,10)-12-(7,4,9)-5-11",2,2,0.0,False,"(*1,6,8)-(2,3)-10-(12,4,9)-7-5-11",2,3,0.0,False,"1(8,3)2(6,9)10-(12,4)7,5-11",2,2,0.0,False,"1(8,3)(2,6,9)10(5,12)(4,7)11",2,2,0.0,False,-10,
202305020505,5,3歳未勝利,ダ,2100,晴,良,12:35,2023-05-06,東京,11,7,10,2020102986,ルーフォン,牝3,54,01179,菅原明良,2:18.7,3/4,4-6-7-7,41.5,29.1,7,452(-2),01191,[東]蛯名正義,887800,ＮＩＣＫＳ,,"1(6,8)-(2,3,10)-12-(7,4,9)-5-11",4,3,3.5,False,"(*1,6,8)-(2,3)-10-(12,4,9)-7-5-11",6,1,7.0,False,"1(8,3)2(6,9)10-(12,4)7,5-11",7,1,0.0,False,"1(8,3)(2,6,9)10(5,12)(4,7)11",7,1,0.0,False,-10,
202305020505,5,3歳未勝利,ダ,2100,晴,良,12:35,2023-05-06,東京,12,4,4,2020103544,クレスティア,牝3,53,01188,永野猛蔵,2:22.2,大,8-7-8-10,44.7,264.4,11,580(+8),01133,[東]黒岩陽一,591031,小島章義,,"1(6,8)-(2,3,10)-12-(7,4,9)-5-11",8,3,10.5,False,"(*1,6,8)-(2,3)-10-(12,4,9)-7-5-11",7,3,10.5,False,"1(8,3)2(6,9)10-(12,4)7,5-11",8,2,3.5,False,"1(8,3)(2,6,9)10(5,12)(4,7)11",10,2,0.0,False,-10,
202305020506,6,3歳1勝クラス,ダ,1600,晴,良,13:05,2023-05-06,東京,1,2,2,2020106565,ブライアンセンス,牡3,56,01170,横山武史,1:36.5,,5-5,37.0,1.7,1,488(-4),01086,[東]斎藤誠,675030,林正道,780.0,,,,,,,,,,,"9,5(12,14)(2,7)(4,6)(8,11)(1,3)=(10,13)-15",5,2,1.5,False,"(*9,5)14,12(2,7)4-(8,6)11(1,3)=13-15-10",5,2,1.5,False,-10,
202305020506,6,3歳1勝クラス,ダ,1600,晴,良,13:05,2023-05-06,東京,2,3,5,2020100631,ブレイゼスト,牡3,56,01077,石橋脩,1:36.9,2.1/2,2-2,37.9,6.4,3,540(0),01106,[東]牧光二,482002,水上行雄,310.0,,,,,,,,,,,"9,5(12,14)(2,7)(4,6)(8,11)(1,3)=(10,13)-15",2,1,1.5,False,"(*9,5)14,12(2,7)4-(8,6)11(1,3)=13-15-10",2,2,0.0,False,-10,
202305020506,6,3歳1勝クラス,ダ,1600,晴,良,13:05,2023-05-06,東京,3,8,14,2020100572,ルルシュシュ,牝3,54,01043,北村宏司,1:37.9,6,3-3,38.7,245.7,13,484(-4),01132,[東]金成貴史,098803,Ｇリビエール・レーシ...,200.0,,,,,,,,,,,"9,5(12,14)(2,7)(4,6)(8,11)(1,3)=(10,13)-15",3,2,1.5,False,"(*9,5)14,12(2,7)4-(8,6)11(1,3)=13-15-10",3,1,0.0,False,-10,
202305020506,6,3歳1勝クラス,ダ,1600,晴,良,13:05,2023-05-06,東京,4,2,3,2020104567,ヴァナルガンド,牡3,56,05585,レーン,1:38.1,1.1/2,11-11,37.2,3.3,2,460(0),01167,[東]稲垣幸雄,854800,ノルマンディーサラブ...,120.0,,,,,,,,,,,"9,5(12,14)(2,7)(4,6)(8,11)(1,3)=(10,13)-15",11,2,1.5,False,"(*9,5)14,12(2,7)4-(8,6)11(1,3)=13-15-10",11,2,5.0,False,-10,
202305020506,6,3歳1勝クラス,ダ,1600,晴,良,13:05,2023-05-06,東京,5,5,9,2020103612,モンテイゾラ,牡3,56,01122,三浦皇成,1:38.6,3,1-1,39.7,90.2,10,486(0),01118,[東]高柳瑞樹,226800,サンデーレーシング,78.0,,,,,,,,,,,"9,5(12,14)(2,7)(4,6)(8,11)(1,3)=(10,13)-15",1,1,0.0,False,"(*9,5)14,12(2,7)4-(8,6)11(1,3)=13-15-10",1,2,0.0,True,-10,
202305020506,6,3歳1勝クラス,ダ,1600,晴,良,13:05,2023-05-06,東京,6,6,11,2020102896,ロミオボス,牡3,53,01205,小林勝太,1:38.6,ハナ,9-10,37.9,60.6,8,466(+6),01059,[東]加藤征弘,032030,加藤正二郎,,,,,,,,,,,,"9,5(12,14)(2,7)(4,6)(8,11)(1,3)=(10,13)-15",9,2,1.5,False,"(*9,5)14,12(2,7)4-(8,6)11(1,3)=13-15-10",10,1,5.0,False,-10,
202305020506,6,3歳1勝クラス,ダ,1600,晴,良,13:05,2023-05-06,東京,7,5,8,2020104134,ピッチパーフェクト,牝3,53,01188,永野猛蔵,1:38.7,1/2,9-8,38.1,190.0,11,480(+4),01023,[東]伊藤圭三,379803,ＯＵＭＡ,,,,,,,,,,,,"9,5(12,14)(2,7)(4,6)(8,11)(1,3)=(10,13)-15",9,2,1.5,False,"(*9,5)14,12(2,7)4-(8,6)11(1,3)=13-15-10",8,2,5.0,False,-10,
202305020506,6,3歳1勝クラス,ダ,1600,晴,良,13:05,2023-05-06,東京,8,4,7,2020102641,ペンティメント,牡3,56,01150,石川裕紀,1:38.8,クビ,5-5,39.2,10.5,4,506(+2),01195,[東]嘉藤貴行,138007,吉田和美,,,,,,,,,,,,"9,5(12,14)(2,7)(4,6)(8,11)(1,3)=(10,13)-15",5,2,1.5,False,"(*9,5)14,12(2,7)4-(8,6)11(1,3)=13-15-10",5,2,1.5,False,-10,
202305020506,6,3歳1勝クラス,ダ,1600,晴,良,13:05,2023-05-06,東京,9,1,1,2020101008,キープブライトン,牡3,56,01096,大野拓弥,1:38.8,クビ,11-11,37.9,86.5,9,464(-4),01127,[東]栗田徹,440030,高嶋航,,,,,,,,,,,,"9,5(12,14)(2,7)(4,6)(8,11)(1,3)=(10,13)-15",11,2,1.5,False,"(*9,5)14,12(2,7)4-(8,6)11(1,3)=13-15-10",11,2,5.0,False,-10,
202305020506,6,3歳1勝クラス,ダ,1600,晴,良,13:05,2023-05-06,東京,10,3,4,2020106457,スナイチゴールド,牡3,56,00733,吉田豊,1:39.3,3,7-7,39.5,291.1,14,522(+2),01077,[東]加藤和宏,385800,ゴールドレーシング,,,,,,,,,,,,"9,5(12,14)(2,7)(4,6)(8,11)(1,3)=(10,13)-15",7,2,1.5,False,"(*9,5)14,12(2,7)4-(8,6)11(1,3)=13-15-10",7,1,1.5,False,-10,
202305020506,6,3歳1勝クラス,ダ,1600,晴,良,13:05,2023-05-06,東京,11,7,12,2020103979,モカラエース,牡3,56,01015,古川吉洋,1:39.4,1/2,3-4,40.0,34.6,6,454(0),01159,[西]高柳大輔,894030,村上憲政,,,,,,,,,,,,"9,5(12,14)(2,7)(4,6)(8,11)(1,3)=(10,13)-15",3,2,1.5,False,"(*9,5)14,12(2,7)4-(8,6)11(1,3)=13-15-10",4,1,1.5,False,-10,
202305020506,6,3歳1勝クラス,ダ,1600,晴,良,13:05,2023-05-06,東京,12,7,13,2020104354,ジャクソン,牡3,56,01153,木幡初也,1:39.5,1/2,13-13,37.3,228.2,12,486(-8),01089,[東]武市康男,768006,薪浦亨,,,,,,,,,,,,"9,5(12,14)(2,7)(4,6)(8,11)(1,3)=(10,13)-15",13,2,7.5,False,"(*9,5)14,12(2,7)4-(8,6)11(1,3)=13-15-10",13,1,11.0,False,-10,
202305020506,6,3歳1勝クラス,ダ,1600,晴,良,13:05,2023-05-06,東京,13,4,6,2020103349,イルディヴィーノ,牡3,56,01092,津村明秀,1:40.5,6,7-8,40.0,55.6,7,480(+2),01167,[東]稲垣幸雄,486800,キャロットファーム,,,,,,,,,,,,"9,5(12,14)(2,7)(4,6)(8,11)(1,3)=(10,13)-15",7,2,1.5,False,"(*9,5)14,12(2,7)4-(8,6)11(1,3)=13-15-10",8,2,5.0,False,-10,
202305020506,6,3歳1勝クラス,ダ,1600,晴,良,13:05,2023-05-06,東京,14,8,15,2020100838,ポンサン,牡3,56,01140,横山和生,1:41.0,3,15-14,38.5,30.6,5,470(-4),00405,[東]小西一男,028031,天野克彦,,,,,,,,,,,,"9,5(12,14)(2,7)(4,6)(8,11)(1,3)=(10,13)-15",15,1,11.0,False,"(*9,5)14,12(2,7)4-(8,6)11(1,3)=13-15-10",14,1,14.5,False,-10,
202305020506,6,3歳1勝クラス,ダ,1600,晴,良,13:05,2023-05-06,東京,15,6,10,2020101937,セイジグラット,牡3,54,01183,小林脩斗,1:43.5,大,13-15,40.4,838.1,15,486(+2),01090,[東]天間昭一,376008,金田成基,,,,,,,,,,,,"9,5(12,14)(2,7)(4,6)(8,11)(1,3)=(10,13)-15",13,2,7.5,False,"(*9,5)14,12(2,7)4-(8,6)11(1,3)=13-15-10",15,1,18.0,False,-10,
202305020507,7,3歳1勝クラス,芝,1400,晴,良,13:35,2023-05-06,東京,1,1,2,2020109067,リサリサ,牝3,54,01122,三浦皇成,1:20.6,,8-9,33.9,46.9,9,472(+2),01027,[東]田村康仁,347803,山藤賢,780.0,,,,,,,,,,,"9,11(5,16)(1,8,13)(2,6,15)(3,4,12)(7,14)10   17",8,3,1.5,False,"9,11,16,5,13(1,8)6(3,2)(12,15)(4,14)7,10   17",9,2,6.0,False,-18,開幕3週目でAコース5日目。ダートコース側からかなり強い風が吹いて、直線は砂塵が舞っていた。イン追走だと砂をかなり被ることもあって、馬群の中と外を回った差し馬の好走が目立った。
202305020507,7,3歳1勝クラス,芝,1400,晴,良,13:35,2023-05-06,東京,2,8,16,2020103692,アルナージェイン,牝3,54,05585,レーン,1:20.6,ハナ,3-3,34.6,2.2,1,480(-4),01146,[西]奥村豊,731031,ＭＫレーシング,310.0,,,,,,,,,,,"9,11(5,16)(1,8,13)(2,6,15)(3,4,12)(7,14)10   17",3,2,1.5,False,"9,11,16,5,13(1,8)6(3,2)(12,15)(4,14)7,10   17",3,1,3.0,False,-18,開幕3週目でAコース5日目。ダートコース側からかなり強い風が吹いて、直線は砂塵が舞っていた。イン追走だと砂をかなり被ることもあって、馬群の中と外を回った差し馬の好走が目立った。
202305020507,7,3歳1勝クラス,芝,1400,晴,良,13:35,2023-05-06,東京,3,6,12,2020102488,トーセンエスクード,牡3,56,00733,吉田豊,1:20.7,クビ,11-11,33.9,13.8,6,432(-2),01115,[東]菊沢隆徳,270006,島川隆哉,200.0,,,,,,,,,,,"9,11(5,16)(1,8,13)(2,6,15)(3,4,12)(7,14)10   17",11,3,1.5,False,"9,11,16,5,13(1,8)6(3,2)(12,15)(4,14)7,10   17",11,2,6.0,False,-18,開幕3週目でAコース5日目。ダートコース側からかなり強い風が吹いて、直線は砂塵が舞っていた。イン追走だと砂をかなり被ることもあって、馬群の中と外を回った差し馬の好走が目立った。
202305020507,7,3歳1勝クラス,芝,1400,晴,良,13:35,2023-05-06,東京,4,4,7,2020104753,サトノヴィレ,牡3,56,01179,菅原明良,1:20.8,1/2,14-15,33.7,5.7,2,494(-2),01097,[東]鹿戸雄一,790031,里見治,120.0,,,,,,,,,,,"9,11(5,16)(1,8,13)(2,6,15)(3,4,12)(7,14)10   17",14,2,1.5,False,"9,11,16,5,13(1,8)6(3,2)(12,15)(4,14)7,10   17",15,1,6.0,False,-18,開幕3週目でAコース5日目。ダートコース側からかなり強い風が吹いて、直線は砂塵が舞っていた。イン追走だと砂をかなり被ることもあって、馬群の中と外を回った差し馬の好走が目立った。
202305020507,7,3歳1勝クラス,芝,1400,晴,良,13:35,2023-05-06,東京,5,7,14,2020104340,ハッピーパンニャ,牡3,55,01188,永野猛蔵,1:20.9,3/4,14-13,33.9,48.6,11,478(-4),01133,[東]黒岩陽一,016033,足立範子,78.0,,,,,,,,,,,"9,11(5,16)(1,8,13)(2,6,15)(3,4,12)(7,14)10   17",14,2,1.5,False,"9,11,16,5,13(1,8)6(3,2)(12,15)(4,14)7,10   17",13,2,6.0,False,-18,開幕3週目でAコース5日目。ダートコース側からかなり強い風が吹いて、直線は砂塵が舞っていた。イン追走だと砂をかなり被ることもあって、馬群の中と外を回った差し馬の好走が目立った。
202305020507,7,3歳1勝クラス,芝,1400,晴,良,13:35,2023-05-06,東京,6,7,13,2020106963,アンタノバラード,牝3,54,01075,田辺裕信,1:21.0,1,5-5,34.7,10.1,5,428(+2),01109,[東]伊藤大士,629800,ミルファーム,,,,,,,,,,,,"9,11(5,16)(1,8,13)(2,6,15)(3,4,12)(7,14)10   17",5,3,1.5,False,"9,11,16,5,13(1,8)6(3,2)(12,15)(4,14)7,10   17",5,1,6.0,False,-18,開幕3週目でAコース5日目。ダートコース側からかなり強い風が吹いて、直線は砂塵が舞っていた。イン追走だと砂をかなり被ることもあって、馬群の中と外を回った差し馬の好走が目立った。
202305020507,7,3歳1勝クラス,芝,1400,晴,良,13:35,2023-05-06,東京,7,3,5,2020103218,フミサウンド,牡3,56,01150,石川裕紀,1:21.1,クビ,3-4,34.9,26.3,7,438(-4),01097,[東]鹿戸雄一,131803,林文彦,,,,,,,,,,,,"9,11(5,16)(1,8,13)(2,6,15)(3,4,12)(7,14)10   17",3,2,1.5,False,"9,11,16,5,13(1,8)6(3,2)(12,15)(4,14)7,10   17",4,1,4.5,False,-18,開幕3週目でAコース5日目。ダートコース側からかなり強い風が吹いて、直線は砂塵が舞っていた。イン追走だと砂をかなり被ることもあって、馬群の中と外を回った差し馬の好走が目立った。
202305020507,7,3歳1勝クラス,芝,1400,晴,良,13:35,2023-05-06,東京,8,8,15,2020102926,フォーカルフラワー,牝3,54,01170,横山武史,1:21.2,3/4,8-11,34.4,6.5,3,436(0),00399,[東]国枝栄,415800,社台レースホース,,,,,,,,,,,,"9,11(5,16)(1,8,13)(2,6,15)(3,4,12)(7,14)10   17",8,3,1.5,False,"9,11,16,5,13(1,8)6(3,2)(12,15)(4,14)7,10   17",11,2,6.0,False,-18,開幕3週目でAコース5日目。ダートコース側からかなり強い風が吹いて、直線は砂塵が舞っていた。イン追走だと砂をかなり被ることもあって、馬群の中と外を回った差し馬の好走が目立った。
202305020507,7,3歳1勝クラス,芝,1400,晴,良,13:35,2023-05-06,東京,9,3,6,2020103701,ルージュイストリア,牝3,54,01096,大野拓弥,1:21.3,1/2,8-8,34.7,60.6,13,462(+6),01102,[東]大竹正博,180800,東京ホースレーシング,,,,,,,,,,,,"9,11(5,16)(1,8,13)(2,6,15)(3,4,12)(7,14)10   17",8,3,1.5,False,"9,11,16,5,13(1,8)6(3,2)(12,15)(4,14)7,10   17",8,1,6.0,False,-18,開幕3週目でAコース5日目。ダートコース側からかなり強い風が吹いて、直線は砂塵が舞っていた。イン追走だと砂をかなり被ることもあって、馬群の中と外を回った差し馬の好走が目立った。
202305020507,7,3歳1勝クラス,芝,1400,晴,良,13:35,2023-05-06,東京,10,6,11,2020105072,ブルーイングリーン,牝3,54,01029,武士沢友,1:21.4,1/2,2-2,35.5,263.7,14,474(+8),01171,[東]小手川準,407031,上村洋司,,,,,,,,,,,,"9,11(5,16)(1,8,13)(2,6,15)(3,4,12)(7,14)10   17",2,1,1.5,False,"9,11,16,5,13(1,8)6(3,2)(12,15)(4,14)7,10   17",2,1,1.5,False,-18,開幕3週目でAコース5日目。ダートコース側からかなり強い風が吹いて、直線は砂塵が舞っていた。イン追走だと砂をかなり被ることもあって、馬群の中と外を回った差し馬の好走が目立った。
202305020507,7,3歳1勝クラス,芝,1400,晴,良,13:35,2023-05-06,東京,11,1,1,2020102836,セフィロ,牝3,54,05386,戸崎圭太,1:21.5,1/2,5-6,35.1,7.6,4,452(-6),01115,[東]菊沢隆徳,338007,村野康司,,,,,,,,,,,,"9,11(5,16)(1,8,13)(2,6,15)(3,4,12)(7,14)10   17",5,3,1.5,False,"9,11,16,5,13(1,8)6(3,2)(12,15)(4,14)7,10   17",6,2,6.0,False,-18,開幕3週目でAコース5日目。ダートコース側からかなり強い風が吹いて、直線は砂塵が舞っていた。イン追走だと砂をかなり被ることもあって、馬群の中と外を回った差し馬の好走が目立った。
202305020507,7,3歳1勝クラス,芝,1400,晴,良,13:35,2023-05-06,東京,12,2,4,2020100818,マーブルマカロン,牝3,54,01092,津村明秀,1:21.8,2,11-13,34.8,29.3,8,414(-2),01163,[東]林徹,398030,保坂和孝,,,,,,,,,,,,"9,11(5,16)(1,8,13)(2,6,15)(3,4,12)(7,14)10   17",11,3,1.5,False,"9,11,16,5,13(1,8)6(3,2)(12,15)(4,14)7,10   17",13,2,6.0,False,-18,開幕3週目でAコース5日目。ダートコース側からかなり強い風が吹いて、直線は砂塵が舞っていた。イン追走だと砂をかなり被ることもあって、馬群の中と外を回った差し馬の好走が目立った。
202305020507,7,3歳1勝クラス,芝,1400,晴,良,13:35,2023-05-06,東京,13,4,8,2020106623,ゴキゲンサン,牝3,54,05212,Ｍ．デム,1:21.8,1/2,5-6,35.4,48.1,10,490(-4),01109,[東]伊藤大士,318803,ニッシンホールディン...,,,,,,,,,,,,"9,11(5,16)(1,8,13)(2,6,15)(3,4,12)(7,14)10   17",5,3,1.5,False,"9,11,16,5,13(1,8)6(3,2)(12,15)(4,14)7,10   17",6,2,6.0,False,-18,開幕3週目でAコース5日目。ダートコース側からかなり強い風が吹いて、直線は砂塵が舞っていた。イン追走だと砂をかなり被ることもあって、馬群の中と外を回った差し馬の好走が目立った。
202305020507,7,3歳1勝クラス,芝,1400,晴,良,13:35,2023-05-06,東京,14,5,9,2020106750,シルヴァーゴースト,牝3,54,01009,柴田大知,1:22.0,1,1-1,36.3,501.1,15,442(+2),01051,[東]岩戸孝樹,027803,ブルースターズファー...,,,,,,,,,,,,"9,11(5,16)(1,8,13)(2,6,15)(3,4,12)(7,14)10   17",1,1,0.0,False,"9,11,16,5,13(1,8)6(3,2)(12,15)(4,14)7,10   17",1,1,0.0,False,-18,開幕3週目でAコース5日目。ダートコース側からかなり強い風が吹いて、直線は砂塵が舞っていた。イン追走だと砂をかなり被ることもあって、馬群の中と外を回った差し馬の好走が目立った。
202305020507,7,3歳1勝クラス,芝,1400,晴,良,13:35,2023-05-06,東京,15,2,3,2020103575,シュバルツガイスト,牡3,56,01043,北村宏司,1:22.7,4,11-9,36.0,53.6,12,492(-4),00399,[東]国枝栄,356803,インゼルレーシング,,,,,,,,,,,,"9,11(5,16)(1,8,13)(2,6,15)(3,4,12)(7,14)10   17",11,3,1.5,False,"9,11,16,5,13(1,8)6(3,2)(12,15)(4,14)7,10   17",9,2,6.0,False,-18,開幕3週目でAコース5日目。ダートコース側からかなり強い風が吹いて、直線は砂塵が舞っていた。イン追走だと砂をかなり被ることもあって、馬群の中と外を回った差し馬の好走が目立った。
202305020507,7,3歳1勝クラス,芝,1400,晴,良,13:35,2023-05-06,東京,16,5,10,2020106973,デイドリームビーチ,牡3,56,01135,杉原誠人,1:23.1,2.1/2,16-16,35.8,597.1,16,452(+8),00428,[東]石毛善彦,629800,ミルファーム,,,,,,,,,,,,"9,11(5,16)(1,8,13)(2,6,15)(3,4,12)(7,14)10   17",16,1,1.5,False,"9,11,16,5,13(1,8)6(3,2)(12,15)(4,14)7,10   17",16,1,7.5,False,-18,開幕3週目でAコース5日目。ダートコース側からかなり強い風が吹いて、直線は砂塵が舞っていた。イン追走だと砂をかなり被ることもあって、馬群の中と外を回った差し馬の好走が目立った。
202305020507,7,3歳1勝クラス,芝,1400,晴,良,13:35,2023-05-06,東京,取,8,17,2020102982,ハーエクセレンシー,牝3,54,01140,横山和生,,,,,---,,計不,01124,[東]大和田成,415800,社台レースホース,,,,,,,,,,,,"9,11(5,16)(1,8,13)(2,6,15)(3,4,12)(7,14)10   17",17,1,7.5,False,"9,11,16,5,13(1,8)6(3,2)(12,15)(4,14)7,10   17",17,1,13.5,False,-18,開幕3週目でAコース5日目。ダートコース側からかなり強い風が吹いて、直線は砂塵が舞っていた。イン追走だと砂をかなり被ることもあって、馬群の中と外を回った差し馬の好走が目立った。
202305020508,8,4歳以上1勝クラス,ダ,1300,晴,良,14:05,2023-05-06,東京,1,7,13,2019101759,ムーヴ,牡4,58,01122,三浦皇成,1:18.1,,8-8,35.9,2.1,1,468(-4),01150,[東]池上昌和,245030,前田葉子,800.0,,,,,,,,,,,"2,16,11(6,14)12-7(5,13)(1,3,9,15)-10-4,8",8,2,6.5,False,"2,16,11(6,14)12-7(5,13)(1,3,15)-9,10,4-8",8,2,6.5,False,-10,
202305020508,8,4歳以上1勝クラス,ダ,1300,晴,良,14:05,2023-05-06,東京,2,1,2,2018103430,エスパダアスール,牝5,54,01183,小林脩斗,1:18.4,1.3/4,1-1,37.6,21.0,6,444(+4),01064,[東]武藤善則,047803,アスール,320.0,,,,,,,,,,,"2,16,11(6,14)12-7(5,13)(1,3,9,15)-10-4,8",1,1,0.0,False,"2,16,11(6,14)12-7(5,13)(1,3,15)-9,10,4-8",1,1,0.0,False,-10,
202305020508,8,4歳以上1勝クラス,ダ,1300,晴,良,14:05,2023-05-06,東京,3,6,11,2019100051,キャプテンローレル,牡4,58,01140,横山和生,1:18.5,1,3-3,37.3,10.4,5,470(-4),01027,[東]田村康仁,032800,ローレルレーシング,200.0,,,,,,,,,,,"2,16,11(6,14)12-7(5,13)(1,3,9,15)-10-4,8",3,1,3.0,False,"2,16,11(6,14)12-7(5,13)(1,3,15)-9,10,4-8",3,1,3.0,False,-10,
202305020508,8,4歳以上1勝クラス,ダ,1300,晴,良,14:05,2023-05-06,東京,4,3,5,2019102282,ウイスキータイム,牝4,56,01158,野中悠太,1:18.8,1.1/2,8-8,36.6,34.1,8,478(-4),01029,[東]根本康広,369803,サザンホールディング,120.0,,,,,,,,,,,"2,16,11(6,14)12-7(5,13)(1,3,9,15)-10-4,8",8,2,6.5,False,"2,16,11(6,14)12-7(5,13)(1,3,15)-9,10,4-8",8,2,6.5,False,-10,
202305020508,8,4歳以上1勝クラス,ダ,1300,晴,良,14:05,2023-05-06,東京,5,8,16,2018106472,シーオブドリームス,牝5,56,01092,津村明秀,1:19.0,1.1/4,2-2,38.0,56.0,10,492(+10),01108,[東]矢野英一,536800,大樹ファーム,80.0,,,,,,,,,,,"2,16,11(6,14)12-7(5,13)(1,3,9,15)-10-4,8",2,1,1.5,False,"2,16,11(6,14)12-7(5,13)(1,3,15)-9,10,4-8",2,1,1.5,False,-10,
202305020508,8,4歳以上1勝クラス,ダ,1300,晴,良,14:05,2023-05-06,東京,6,5,10,2018101519,ケイツーマルカ,牝5,56,01170,横山武史,1:19.3,1.3/4,14-14,36.1,24.3,7,504(-7),01026,[東]鈴木伸尋,103006,楠本勝美,,,,,,,,,,,,"2,16,11(6,14)12-7(5,13)(1,3,9,15)-10-4,8",14,1,10.0,False,"2,16,11(6,14)12-7(5,13)(1,3,15)-9,10,4-8",14,1,11.5,False,-10,
202305020508,8,4歳以上1勝クラス,ダ,1300,晴,良,14:05,2023-05-06,東京,7,2,3,2019105008,トーアスカーレット,牝4,56,01077,石橋脩,1:19.3,アタマ,10-10,36.8,10.4,4,474(+2),01047,[東]勢司和浩,784800,高山ランド,,,,,,,,,,,,"2,16,11(6,14)12-7(5,13)(1,3,9,15)-10-4,8",10,4,6.5,False,"2,16,11(6,14)12-7(5,13)(1,3,15)-9,10,4-8",10,3,6.5,False,-10,
202305020508,8,4歳以上1勝クラス,ダ,1300,晴,良,14:05,2023-05-06,東京,8,7,14,2018101744,レイデルマール,セ5,58,01150,石川裕紀,1:19.3,アタマ,4-4,37.9,3.9,2,502(0),01020,[東]相沢郁,854800,ノルマンディーサラブ...,,,,,,,,,,,,"2,16,11(6,14)12-7(5,13)(1,3,9,15)-10-4,8",4,2,3.0,False,"2,16,11(6,14)12-7(5,13)(1,3,15)-9,10,4-8",4,2,3.0,False,-10,
202305020508,8,4歳以上1勝クラス,ダ,1300,晴,良,14:05,2023-05-06,東京,9,4,7,2019103542,マイネルシトラス,牡4,58,05386,戸崎圭太,1:19.3,ハナ,7-7,37.2,6.9,3,532(+6),01089,[東]武市康男,546800,サラブレッドクラブ・...,,,,,,,,,,,,"2,16,11(6,14)12-7(5,13)(1,3,9,15)-10-4,8",7,1,6.5,False,"2,16,11(6,14)12-7(5,13)(1,3,15)-9,10,4-8",7,1,6.5,False,-10,
202305020508,8,4歳以上1勝クラス,ダ,1300,晴,良,14:05,2023-05-06,東京,10,5,9,2019102728,サフランブライト,牡4,58,01162,木幡巧也,1:19.4,1/2,10-13,36.5,89.3,12,526(+4),00405,[東]小西一男,471002,海原聖一,,,,,,,,,,,,"2,16,11(6,14)12-7(5,13)(1,3,9,15)-10-4,8",10,4,6.5,False,"2,16,11(6,14)12-7(5,13)(1,3,15)-9,10,4-8",13,1,10.0,False,-10,
202305020508,8,4歳以上1勝クラス,ダ,1300,晴,良,14:05,2023-05-06,東京,11,8,15,2018106044,ロイヤルブライド,牝5,56,01117,丸田恭介,1:20.1,4,10-10,37.6,484.8,16,464(-2),00437,[東]南田美知,932008,柴田洋一,,,,,,,,,,,,"2,16,11(6,14)12-7(5,13)(1,3,9,15)-10-4,8",10,4,6.5,False,"2,16,11(6,14)12-7(5,13)(1,3,15)-9,10,4-8",10,3,6.5,False,-10,
202305020508,8,4歳以上1勝クラス,ダ,1300,晴,良,14:05,2023-05-06,東京,12,6,12,2019101228,シャイニーデューク,牡4,55,01205,小林勝太,1:20.7,3.1/2,6-6,39.1,221.4,15,496(+4),01125,[東]小野次郎,531006,小林昌志,,,,,,,,,,,,"2,16,11(6,14)12-7(5,13)(1,3,9,15)-10-4,8",6,1,3.0,False,"2,16,11(6,14)12-7(5,13)(1,3,15)-9,10,4-8",6,1,3.0,False,-10,
202305020508,8,4歳以上1勝クラス,ダ,1300,晴,良,14:05,2023-05-06,東京,13,2,4,2019102982,ヒノデミッチー,牡4,58,01043,北村宏司,1:20.7,アタマ,15-15,37.2,47.2,9,518(0),01093,[東]松永康利,716031,茂木国久,,,,,,,,,,,,"2,16,11(6,14)12-7(5,13)(1,3,9,15)-10-4,8",15,1,13.5,False,"2,16,11(6,14)12-7(5,13)(1,3,15)-9,10,4-8",15,1,13.0,False,-10,
202305020508,8,4歳以上1勝クラス,ダ,1300,晴,良,14:05,2023-05-06,東京,14,4,8,2017103353,サーストンシカゴ,セ6,58,01108,的場勇人,1:21.1,2.1/2,16-16,36.9,83.5,11,498(-2),01063,[東]的場均,920031,齊藤宣彰,,,,,,,,,,,,"2,16,11(6,14)12-7(5,13)(1,3,9,15)-10-4,8",16,1,15.0,False,"2,16,11(6,14)12-7(5,13)(1,3,15)-9,10,4-8",16,1,16.5,False,-10,
202305020508,8,4歳以上1勝クラス,ダ,1300,晴,良,14:05,2023-05-06,東京,15,1,1,2019102785,ケイティマジック,セ4,57,01188,永野猛蔵,1:21.3,1.1/4,10-10,38.8,139.6,13,464(-28),01080,[東]清水英克,083006,瀧本和義,,,,,,,,,,,,"2,16,11(6,14)12-7(5,13)(1,3,9,15)-10-4,8",10,4,6.5,False,"2,16,11(6,14)12-7(5,13)(1,3,15)-9,10,4-8",10,3,6.5,False,-10,
202305020508,8,4歳以上1勝クラス,ダ,1300,晴,良,14:05,2023-05-06,東京,16,3,6,2018104601,ルージュブラン,牝5,56,01135,杉原誠人,1:21.4,1/2,4-4,39.9,217.9,14,460(-4),01177,[東]伊坂重信,180800,東京ホースレーシング,,,,,,,,,,,,"2,16,11(6,14)12-7(5,13)(1,3,9,15)-10-4,8",4,2,3.0,False,"2,16,11(6,14)12-7(5,13)(1,3,15)-9,10,4-8",4,2,3.0,False,-10,
202305020509,9,秩父特別(2勝),芝,2000,晴,良,14:35,2023-05-06,東京,1,5,5,2019104658,ボーンディスウェイ,牡4,58,01077,石橋脩,1:59.9,,2-2-2,33.9,2.4,2,490(-4),01106,[東]牧光二,011008,平田修,"1,571.0",,,,,,"2,5,8(1,9)(7,6)(3,4)",2,1,1.5,False,"2,5(1,8)(7,9)6(3,4)",2,1,1.5,False,"(*2,5)(1,8)6(7,9)-(3,4)",2,2,0.0,False,-18,開幕3週目でAコース5日目。ダートコース側からかなり強い風が吹いて、直線は砂塵が舞っていた。イン追走だと砂をかなり被ることもあって、馬群の中と外を回った差し馬の好走が目立った。
202305020509,9,秩父特別(2勝),芝,2000,晴,良,14:35,2023-05-06,東京,2,6,6,2018104841,リリーブライト,牡5,58,00422,内田博幸,2:00.0,1/2,6-7-5,33.6,31.2,6,472(-2),01187,[東]西田雄一,148800,グリーンファーム,626.0,,,,,,"2,5,8(1,9)(7,6)(3,4)",6,2,3.0,False,"2,5(1,8)(7,9)6(3,4)",7,1,1.5,False,"(*2,5)(1,8)6(7,9)-(3,4)",5,1,0.0,False,-18,開幕3週目でAコース5日目。ダートコース側からかなり強い風が吹いて、直線は砂塵が舞っていた。イン追走だと砂をかなり被ることもあって、馬群の中と外を回った差し馬の好走が目立った。
202305020509,9,秩父特別(2勝),芝,2000,晴,良,14:35,2023-05-06,東京,3,1,1,2019100792,マイネルクリソーラ,牡4,58,05585,レーン,2:00.0,クビ,4-3-3,33.7,2.3,1,454(-4),01010,[東]中野栄治,546800,サラブレッドクラブ・...,393.0,,,,,,"2,5,8(1,9)(7,6)(3,4)",4,2,3.0,False,"2,5(1,8)(7,9)6(3,4)",3,2,1.5,False,"(*2,5)(1,8)6(7,9)-(3,4)",3,2,0.0,False,-18,開幕3週目でAコース5日目。ダートコース側からかなり強い風が吹いて、直線は砂塵が舞っていた。イン追走だと砂をかなり被ることもあって、馬群の中と外を回った差し馬の好走が目立った。
202305020509,9,秩父特別(2勝),芝,2000,晴,良,14:35,2023-05-06,東京,4,8,8,2019105301,ロマンシングブルー,牝4,56,01170,横山武史,2:00.3,1.3/4,3-3-3,34.0,3.8,3,470(+8),01155,[西]渡辺薫彦,790005,吉田勝己,230.0,,,,,,"2,5,8(1,9)(7,6)(3,4)",3,1,3.0,False,"2,5(1,8)(7,9)6(3,4)",3,2,1.5,False,"(*2,5)(1,8)6(7,9)-(3,4)",3,2,0.0,False,-18,開幕3週目でAコース5日目。ダートコース側からかなり強い風が吹いて、直線は砂塵が舞っていた。イン追走だと砂をかなり被ることもあって、馬群の中と外を回った差し馬の好走が目立った。
202305020509,9,秩父特別(2勝),芝,2000,晴,良,14:35,2023-05-06,東京,5,7,7,2018100410,ダノンターキッシュ,牡5,58,01116,藤岡康太,2:00.6,1.3/4,6-5-6,34.1,38.9,7,452(-6),01158,[西]寺島良,619800,ダノックス,155.0,,,,,,"2,5,8(1,9)(7,6)(3,4)",6,2,3.0,False,"2,5(1,8)(7,9)6(3,4)",5,2,1.5,False,"(*2,5)(1,8)6(7,9)-(3,4)",6,2,0.0,False,-18,開幕3週目でAコース5日目。ダートコース側からかなり強い風が吹いて、直線は砂塵が舞っていた。イン追走だと砂をかなり被ることもあって、馬群の中と外を回った差し馬の好走が目立った。
202305020509,9,秩父特別(2勝),芝,2000,晴,良,14:35,2023-05-06,東京,6,8,9,2015105451,ブラックデビル,セ8,58,01188,永野猛蔵,2:01.1,3,4-5-6,34.6,248.8,8,474(+6),01010,[東]中野栄治,684030,岡田壮史,,,,,,,"2,5,8(1,9)(7,6)(3,4)",4,2,3.0,False,"2,5(1,8)(7,9)6(3,4)",5,2,1.5,False,"(*2,5)(1,8)6(7,9)-(3,4)",6,2,0.0,False,-18,開幕3週目でAコース5日目。ダートコース側からかなり強い風が吹いて、直線は砂塵が舞っていた。イン追走だと砂をかなり被ることもあって、馬群の中と外を回った差し馬の好走が目立った。
202305020509,9,秩父特別(2勝),芝,2000,晴,良,14:35,2023-05-06,東京,7,4,4,2018110086,バニシングポイント,セ5,58,05386,戸崎圭太,2:01.4,1.1/2,8-8-8,34.5,18.9,4,476(-12),01059,[東]加藤征弘,196031,長谷川祐司,,,,,,,"2,5,8(1,9)(7,6)(3,4)",8,2,3.0,False,"2,5(1,8)(7,9)6(3,4)",8,2,1.5,False,"(*2,5)(1,8)6(7,9)-(3,4)",8,2,3.5,False,-18,開幕3週目でAコース5日目。ダートコース側からかなり強い風が吹いて、直線は砂塵が舞っていた。イン追走だと砂をかなり被ることもあって、馬群の中と外を回った差し馬の好走が目立った。
202305020509,9,秩父特別(2勝),芝,2000,晴,良,14:35,2023-05-06,東京,8,2,2,2018102985,アオイゴールド,牝5,56,01009,柴田大知,2:01.5,3/4,1-1-1,35.6,26.1,5,470(-2),01143,[東]和田雄二,137030,鈴木照雄,,,,,,,"2,5,8(1,9)(7,6)(3,4)",1,1,0.0,False,"2,5(1,8)(7,9)6(3,4)",1,1,0.0,False,"(*2,5)(1,8)6(7,9)-(3,4)",1,2,0.0,True,-18,開幕3週目でAコース5日目。ダートコース側からかなり強い風が吹いて、直線は砂塵が舞っていた。イン追走だと砂をかなり被ることもあって、馬群の中と外を回った差し馬の好走が目立った。
202305020509,9,秩父特別(2勝),芝,2000,晴,良,14:35,2023-05-06,東京,9,3,3,2017105720,クリノキングボス,牡6,58,00726,岩部純二,2:02.4,5,8-8-8,35.5,376.6,9,472(-4),01090,[東]天間昭一,970006,栗本博晴,,,,,,,"2,5,8(1,9)(7,6)(3,4)",8,2,3.0,False,"2,5(1,8)(7,9)6(3,4)",8,2,1.5,False,"(*2,5)(1,8)6(7,9)-(3,4)",8,2,3.5,False,-18,開幕3週目でAコース5日目。ダートコース側からかなり強い風が吹いて、直線は砂塵が舞っていた。イン追走だと砂をかなり被ることもあって、馬群の中と外を回った差し馬の好走が目立った。
202305020510,10,立夏S(3勝),ダ,1600,晴,良,15:10,2023-05-06,東京,1,6,12,2018103116,サトノロイヤル,牡5,57,01092,津村明秀,1:36.5,,3-2,36.7,5.6,4,494(-12),01172,[西]新谷功一,790031,里見治,"1,875.0",,,,,,,,,,,"14,15(2,12)(6,13)11(5,16)(4,10)(3,8)7,1,9",3,2,1.5,False,"14(15,12)(2,13)(6,11)(5,16)(4,10,8)(3,7)(9,1)",2,2,0.0,False,-10,
202305020510,10,立夏S(3勝),ダ,1600,晴,良,15:10,2023-05-06,東京,2,3,6,2018105214,サトノアポロン,セ5,55,01117,丸田恭介,1:36.6,1/2,5-6,36.6,39.0,10,490(0),00438,[西]安田隆行,790031,里見治,750.0,,,,,,,,,,,"14,15(2,12)(6,13)11(5,16)(4,10)(3,8)7,1,9",5,2,1.5,False,"14(15,12)(2,13)(6,11)(5,16)(4,10,8)(3,7)(9,1)",6,2,0.0,False,-10,
202305020510,10,立夏S(3勝),ダ,1600,晴,良,15:10,2023-05-06,東京,3,4,7,2018106693,グランツアーテム,牡5,55,01122,三浦皇成,1:36.8,3/4,14-13,36.2,11.1,5,506(-6),01081,[東]中川公成,368803,ウエスト．フォレスト...,465.0,,,,,,,,,,,"14,15(2,12)(6,13)11(5,16)(4,10)(3,8)7,1,9",14,1,1.5,False,"14(15,12)(2,13)(6,11)(5,16)(4,10,8)(3,7)(9,1)",13,2,0.0,False,-10,
202305020510,10,立夏S(3勝),ダ,1600,晴,良,15:10,2023-05-06,東京,4,1,2,2019101324,テーオードレフォン,牡4,56,01015,古川吉洋,1:36.8,クビ,3-4,36.9,24.1,8,490(-6),01084,[西]梅田智之,304008,小笹公也,280.0,,,,,,,,,,,"14,15(2,12)(6,13)11(5,16)(4,10)(3,8)7,1,9",3,2,1.5,False,"14(15,12)(2,13)(6,11)(5,16)(4,10,8)(3,7)(9,1)",4,2,0.0,False,-10,
202305020510,10,立夏S(3勝),ダ,1600,晴,良,15:10,2023-05-06,東京,5,1,1,2019101613,ビヨンドザファザー,牡4,58,05386,戸崎圭太,1:37.1,1.3/4,15-15,36.4,4.2,2,516(+12),01062,[西]藤岡健一,072803,スリーエイチレーシン...,184.0,,,,,,,,,,,"14,15(2,12)(6,13)11(5,16)(4,10)(3,8)7,1,9",15,1,3.0,False,"14(15,12)(2,13)(6,11)(5,16)(4,10,8)(3,7)(9,1)",15,2,0.0,False,-10,
202305020510,10,立夏S(3勝),ダ,1600,晴,良,15:10,2023-05-06,東京,6,3,5,2018101075,モズマゾク,牡5,56,01085,松岡正海,1:37.3,1,8-8,37.0,132.8,13,494(+8),01178,[西]杉山佳明,005803,キャピタル・システム,,,,,,,,,,,,"14,15(2,12)(6,13)11(5,16)(4,10)(3,8)7,1,9",8,2,1.5,False,"14(15,12)(2,13)(6,11)(5,16)(4,10,8)(3,7)(9,1)",8,2,0.0,False,-10,
202305020510,10,立夏S(3勝),ダ,1600,晴,良,15:10,2023-05-06,東京,7,4,8,2017104743,サトノフウジン,牡6,55,05585,レーン,1:37.3,クビ,12-10,36.9,4.1,1,472(-6),01070,[東]堀宣行,790031,里見治,,,,,,,,,,,,"14,15(2,12)(6,13)11(5,16)(4,10)(3,8)7,1,9",12,2,1.5,False,"14(15,12)(2,13)(6,11)(5,16)(4,10,8)(3,7)(9,1)",10,3,0.0,False,-10,
202305020510,10,立夏S(3勝),ダ,1600,晴,良,15:10,2023-05-06,東京,8,6,11,2018100126,クリノクラール,牡5,55,01116,藤岡康太,1:37.4,クビ,7-6,37.4,93.0,12,492(-8),01161,[西]武英智,970006,栗本博晴,,,,,,,,,,,,"14,15(2,12)(6,13)11(5,16)(4,10)(3,8)7,1,9",7,1,1.5,False,"14(15,12)(2,13)(6,11)(5,16)(4,10,8)(3,7)(9,1)",6,2,0.0,False,-10,
202305020510,10,立夏S(3勝),ダ,1600,晴,良,15:10,2023-05-06,東京,9,2,3,2017105602,ラズルダズル,牡6,56,01150,石川裕紀,1:37.8,2.1/2,12-13,37.3,52.2,11,466(0),01181,[西]茶木太樹,226800,サンデーレーシング,,,,,,,,,,,,"14,15(2,12)(6,13)11(5,16)(4,10)(3,8)7,1,9",12,2,1.5,False,"14(15,12)(2,13)(6,11)(5,16)(4,10,8)(3,7)(9,1)",13,2,0.0,False,-10,
202305020510,10,立夏S(3勝),ダ,1600,晴,良,15:10,2023-05-06,東京,10,7,14,2018102196,ゴールドブリーズ,牡5,55,00733,吉田豊,1:37.8,クビ,1-1,38.3,27.7,9,504(0),01174,[東]深山雅史,712033,居城寿与,,,,,,,,,,,,"14,15(2,12)(6,13)11(5,16)(4,10)(3,8)7,1,9",1,1,0.0,False,"14(15,12)(2,13)(6,11)(5,16)(4,10,8)(3,7)(9,1)",1,1,0.0,False,-10,
202305020510,10,立夏S(3勝),ダ,1600,晴,良,15:10,2023-05-06,東京,11,7,13,2018104392,グリュースゴット,セ5,55,00684,田中勝春,1:37.8,ハナ,5-4,37.9,12.3,6,486(-2),01093,[東]松永康利,336030,小林竜太郎,,,,,,,,,,,,"14,15(2,12)(6,13)11(5,16)(4,10)(3,8)7,1,9",5,2,1.5,False,"14(15,12)(2,13)(6,11)(5,16)(4,10,8)(3,7)(9,1)",4,2,0.0,False,-10,
202305020510,10,立夏S(3勝),ダ,1600,晴,良,15:10,2023-05-06,東京,12,5,9,2016100297,カシノブレンド,セ7,55,01043,北村宏司,1:37.9,1/2,16-15,37.1,313.5,16,460(-10),01131,[東]蛯名利弘,514009,柏木務,,,,,,,,,,,,"14,15(2,12)(6,13)11(5,16)(4,10)(3,8)7,1,9",16,1,4.5,False,"14(15,12)(2,13)(6,11)(5,16)(4,10,8)(3,7)(9,1)",15,2,0.0,False,-10,
202305020510,10,立夏S(3勝),ダ,1600,晴,良,15:10,2023-05-06,東京,13,8,16,2017103621,ボルサリーノ,牡6,56,05212,Ｍ．デム,1:38.2,1.1/2,8-8,37.9,19.5,7,476(-4),01157,[西]杉山晴紀,909006,草間庸文,,,,,,,,,,,,"14,15(2,12)(6,13)11(5,16)(4,10)(3,8)7,1,9",8,2,1.5,False,"14(15,12)(2,13)(6,11)(5,16)(4,10,8)(3,7)(9,1)",8,2,0.0,False,-10,
202305020510,10,立夏S(3勝),ダ,1600,晴,良,15:10,2023-05-06,東京,14,2,4,2019105746,ホウオウルーレット,牡4,57,01140,横山和生,1:38.3,3/4,10-10,37.9,4.5,3,496(0),01127,[東]栗田徹,906033,小笹芳央,,,,,,,,,,,,"14,15(2,12)(6,13)11(5,16)(4,10)(3,8)7,1,9",10,2,1.5,False,"14(15,12)(2,13)(6,11)(5,16)(4,10,8)(3,7)(9,1)",10,3,0.0,False,-10,
202305020510,10,立夏S(3勝),ダ,1600,晴,良,15:10,2023-05-06,東京,15,8,15,2018105460,プレフェリータ,牝5,52,01188,永野猛蔵,1:38.3,ハナ,2-2,38.6,157.1,15,482(-4),01017,[東]萩原清,808800,Ｇ１レーシング,,,,,,,,,,,,"14,15(2,12)(6,13)11(5,16)(4,10)(3,8)7,1,9",2,1,1.5,False,"14(15,12)(2,13)(6,11)(5,16)(4,10,8)(3,7)(9,1)",2,2,0.0,False,-10,
202305020510,10,立夏S(3勝),ダ,1600,晴,良,15:10,2023-05-06,東京,16,5,10,2017106037,ラパンセソバージュ,牡6,55,01131,西村太一,1:38.4,クビ,10-10,38.0,142.3,14,470(-4),01102,[東]大竹正博,951033,諸岡慶,,,,,,,,,,,,"14,15(2,12)(6,13)11(5,16)(4,10)(3,8)7,1,9",10,2,1.5,False,"14(15,12)(2,13)(6,11)(5,16)(4,10,8)(3,7)(9,1)",10,3,0.0,False,-10,
202305020511,11,プリンシパルS(L),芝,2000,晴,良,15:45,2023-05-06,東京,1,3,3,2020103496,パクスオトマニカ,牡3,56,01075,田辺裕信,2:01.2,,1-1-1,33.6,3.2,2,476(-4),01067,[東]久保田貴,208008,窪田芳郎,"2,018.2",,,,,,"3(1,7)-5-6,4,2",1,1,0.0,False,"3(1,7)5-6(4,2)",1,1,0.0,False,"3(7,5,2)(1,4)6",1,1,0.0,False,-18,開幕3週目でAコース5日目。ダートコース側からかなり強い風が吹いて、直線は砂塵が舞っていた。イン追走だと砂をかなり被ることもあって、馬群の中と外を回った差し馬の好走が目立った。
202305020511,11,プリンシパルS(L),芝,2000,晴,良,15:45,2023-05-06,東京,2,5,5,2020103803,アヴニールドブリエ,牡3,56,05585,レーン,2:01.3,1,4-4-2,33.6,1.8,1,510(-6),01175,[東]宮田敬介,506800,シルクレーシング,805.2,,,,,,"3(1,7)-5-6,4,2",4,1,3.5,False,"3(1,7)5-6(4,2)",4,1,0.0,False,"3(7,5,2)(1,4)6",2,3,0.0,False,-18,開幕3週目でAコース5日目。ダートコース側からかなり強い風が吹いて、直線は砂塵が舞っていた。イン追走だと砂をかなり被ることもあって、馬群の中と外を回った差し馬の好走が目立った。
202305020511,11,プリンシパルS(L),芝,2000,晴,良,15:45,2023-05-06,東京,3,6,6,2020103405,フォトンブルー,牡3,56,05386,戸崎圭太,2:01.5,1,5-5-7,33.4,5.4,3,520(-4),01160,[西]武幸四郎,969031,ＴＮレーシング,502.6,,,,,,"3(1,7)-5-6,4,2",5,1,7.0,False,"3(1,7)5-6(4,2)",5,1,3.5,False,"3(7,5,2)(1,4)6",7,1,0.0,False,-18,開幕3週目でAコース5日目。ダートコース側からかなり強い風が吹いて、直線は砂塵が舞っていた。イン追走だと砂をかなり被ることもあって、馬群の中と外を回った差し馬の好走が目立った。
202305020511,11,プリンシパルS(L),芝,2000,晴,良,15:45,2023-05-06,東京,4,4,4,2020107121,イケイケドンドン,牡3,56,01096,大野拓弥,2:01.7,1.1/4,6-6-5,33.7,15.7,5,458(+2),01100,[東]松山将樹,208006,新井原博,300.0,,,,,,"3(1,7)-5-6,4,2",6,1,8.5,False,"3(1,7)5-6(4,2)",6,2,3.5,False,"3(7,5,2)(1,4)6",5,2,0.0,False,-18,開幕3週目でAコース5日目。ダートコース側からかなり強い風が吹いて、直線は砂塵が舞っていた。イン追走だと砂をかなり被ることもあって、馬群の中と外を回った差し馬の好走が目立った。
202305020511,11,プリンシパルS(L),芝,2000,晴,良,15:45,2023-05-06,東京,5,1,1,2020102973,ランプシー,牡3,56,01140,横山和生,2:02.0,1.3/4,2-2-5,34.1,9.3,4,458(-6),01086,[東]斎藤誠,415800,社台レースホース,200.0,,,,,,"3(1,7)-5-6,4,2",2,2,0.0,False,"3(1,7)5-6(4,2)",2,2,0.0,False,"3(7,5,2)(1,4)6",5,2,0.0,False,-18,開幕3週目でAコース5日目。ダートコース側からかなり強い風が吹いて、直線は砂塵が舞っていた。イン追走だと砂をかなり被ることもあって、馬群の中と外を回った差し馬の好走が目立った。
202305020511,11,プリンシパルS(L),芝,2000,晴,良,15:45,2023-05-06,東京,6,7,7,2020103502,トラストエムシー,牡3,56,01116,藤岡康太,2:02.1,3/4,2-2-2,34.4,23.3,6,430(-10),01078,[西]北出成人,360803,コスモ・コスモ,,,,,,,"3(1,7)-5-6,4,2",2,2,0.0,False,"3(1,7)5-6(4,2)",2,2,0.0,False,"3(7,5,2)(1,4)6",2,3,0.0,False,-18,開幕3週目でAコース5日目。ダートコース側からかなり強い風が吹いて、直線は砂塵が舞っていた。イン追走だと砂をかなり被ることもあって、馬群の中と外を回った差し馬の好走が目立った。
202305020511,11,プリンシパルS(L),芝,2000,晴,良,15:45,2023-05-06,東京,7,2,2,2020102535,トーセントラム,牡3,56,00684,田中勝春,2:02.4,1.3/4,7-6-2,34.6,72.0,7,432(-2),01005,[東]小桧山悟,270006,島川隆哉,,,,,,,"3(1,7)-5-6,4,2",7,1,10.0,False,"3(1,7)5-6(4,2)",6,2,3.5,False,"3(7,5,2)(1,4)6",2,3,0.0,False,-18,開幕3週目でAコース5日目。ダートコース側からかなり強い風が吹いて、直線は砂塵が舞っていた。イン追走だと砂をかなり被ることもあって、馬群の中と外を回った差し馬の好走が目立った。
202305020512,12,4歳以上2勝クラス,芝,1400,晴,良,16:25,2023-05-06,東京,1,5,5,2018100397,ハーツラプソディ,牝5,56,01116,藤岡康太,1:21.0,,9-9,33.8,5.9,3,510(+6),01128,[西]今野貞一,272008,下河辺隆行,"1,140.0",,,,,,,,,,,"10-9(1,8)7,2,6,3,5,4",9,1,9.5,False,"10,9(1,8)(2,7)(3,6)5-4",9,1,1.5,False,-18,開幕3週目でAコース5日目。ダートコース側からかなり強い風が吹いて、直線は砂塵が舞っていた。イン追走だと砂をかなり被ることもあって、馬群の中と外を回った差し馬の好走が目立った。
202305020512,12,4歳以上2勝クラス,芝,1400,晴,良,16:25,2023-05-06,東京,2,3,3,2019105529,ティーガーデン,牡4,58,05585,レーン,1:21.1,1/2,8-7,34.0,2.5,1,498(-6),01017,[東]萩原清,226800,サンデーレーシング,460.0,,,,,,,,,,,"10-9(1,8)7,2,6,3,5,4",8,1,8.0,False,"10,9(1,8)(2,7)(3,6)5-4",7,2,1.5,False,-18,開幕3週目でAコース5日目。ダートコース側からかなり強い風が吹いて、直線は砂塵が舞っていた。イン追走だと砂をかなり被ることもあって、馬群の中と外を回った差し馬の好走が目立った。
202305020512,12,4歳以上2勝クラス,芝,1400,晴,良,16:25,2023-05-06,東京,3,7,7,2018103957,ココリホウオウ,牡5,58,01043,北村宏司,1:21.1,クビ,5-5,34.4,3.8,2,472(-4),01079,[東]古賀慎明,675033,美崎光二郎,290.0,,,,,,,,,,,"10-9(1,8)7,2,6,3,5,4",5,1,3.5,False,"10,9(1,8)(2,7)(3,6)5-4",5,2,1.5,False,-18,開幕3週目でAコース5日目。ダートコース側からかなり強い風が吹いて、直線は砂塵が舞っていた。イン追走だと砂をかなり被ることもあって、馬群の中と外を回った差し馬の好走が目立った。
202305020512,12,4歳以上2勝クラス,芝,1400,晴,良,16:25,2023-05-06,東京,4,8,9,2018105874,ルルローズ,牝5,56,01135,杉原誠人,1:21.2,1/2,2-2,34.9,9.4,5,466(0),01109,[東]伊藤大士,766007,的場徹,170.0,,,,,,,,,,,"10-9(1,8)7,2,6,3,5,4",2,1,3.5,False,"10,9(1,8)(2,7)(3,6)5-4",2,1,1.5,False,-18,開幕3週目でAコース5日目。ダートコース側からかなり強い風が吹いて、直線は砂塵が舞っていた。イン追走だと砂をかなり被ることもあって、馬群の中と外を回った差し馬の好走が目立った。
202305020512,12,4歳以上2勝クラス,芝,1400,晴,良,16:25,2023-05-06,東京,5,1,1,2016106022,アルママ,牡7,58,01009,柴田大知,1:21.3,1/2,3-3,34.8,23.0,8,478(0),01048,[東]畠山吉宏,716800,ビッグレッドファーム,114.0,,,,,,,,,,,"10-9(1,8)7,2,6,3,5,4",3,2,3.5,False,"10,9(1,8)(2,7)(3,6)5-4",3,2,1.5,False,-18,開幕3週目でAコース5日目。ダートコース側からかなり強い風が吹いて、直線は砂塵が舞っていた。イン追走だと砂をかなり被ることもあって、馬群の中と外を回った差し馬の好走が目立った。
202305020512,12,4歳以上2勝クラス,芝,1400,晴,良,16:25,2023-05-06,東京,6,6,6,2019103442,クラリティスケール,牝4,56,01140,横山和生,1:21.3,クビ,7-7,34.3,20.0,7,452(+2),01115,[東]菊沢隆徳,854800,ノルマンディーサラブ...,,,,,,,,,,,,"10-9(1,8)7,2,6,3,5,4",7,1,6.5,False,"10,9(1,8)(2,7)(3,6)5-4",7,2,1.5,False,-18,開幕3週目でAコース5日目。ダートコース側からかなり強い風が吹いて、直線は砂塵が舞っていた。イン追走だと砂をかなり被ることもあって、馬群の中と外を回った差し馬の好走が目立った。
202305020512,12,4歳以上2勝クラス,芝,1400,晴,良,16:25,2023-05-06,東京,7,8,10,2017103871,ゲンパチアイアン,牡6,55,01205,小林勝太,1:21.3,ハナ,1-1,35.1,19.4,6,488(-10),01187,[東]西田雄一,689002,平野武志,,,,,,,,,,,,"10-9(1,8)7,2,6,3,5,4",1,1,0.0,False,"10,9(1,8)(2,7)(3,6)5-4",1,1,0.0,False,-18,開幕3週目でAコース5日目。ダートコース側からかなり強い風が吹いて、直線は砂塵が舞っていた。イン追走だと砂をかなり被ることもあって、馬群の中と外を回った差し馬の好走が目立った。
202305020512,12,4歳以上2勝クラス,芝,1400,晴,良,16:25,2023-05-06,東京,8,7,8,2019103563,アスターディゴン,牡4,58,01077,石橋脩,1:21.4,1/2,3-3,34.9,26.5,9,478(0),01039,[西]中竹和也,935003,加藤久枝,,,,,,,,,,,,"10-9(1,8)7,2,6,3,5,4",3,2,3.5,False,"10,9(1,8)(2,7)(3,6)5-4",3,2,1.5,False,-18,開幕3週目でAコース5日目。ダートコース側からかなり強い風が吹いて、直線は砂塵が舞っていた。イン追走だと砂をかなり被ることもあって、馬群の中と外を回った差し馬の好走が目立った。
202305020512,12,4歳以上2勝クラス,芝,1400,晴,良,16:25,2023-05-06,東京,9,4,4,2018105253,ベッラノーヴァ,牝5,56,01092,津村明秀,1:21.5,1/2,10-10,33.9,7.5,4,418(-4),01132,[東]金成貴史,506800,シルクレーシング,,,,,,,,,,,,"10-9(1,8)7,2,6,3,5,4",10,1,11.0,False,"10,9(1,8)(2,7)(3,6)5-4",10,1,5.0,False,-18,開幕3週目でAコース5日目。ダートコース側からかなり強い風が吹いて、直線は砂塵が舞っていた。イン追走だと砂をかなり被ることもあって、馬群の中と外を回った差し馬の好走が目立った。
202305020512,12,4歳以上2勝クラス,芝,1400,晴,良,16:25,2023-05-06,東京,10,2,2,2017102518,ネバーゴーンアウト,セ6,58,01162,木幡巧也,1:22.1,3.1/2,6-5,35.4,210.3,10,490(+2),01077,[東]加藤和宏,851009,岡田牧雄,,,,,,,,,,,,"10-9(1,8)7,2,6,3,5,4",6,1,5.0,False,"10,9(1,8)(2,7)(3,6)5-4",5,2,1.5,False,-18,開幕3週目でAコース5日目。ダートコース側からかなり強い風が吹いて、直線は砂塵が舞っていた。イン追走だと砂をかなり被ることもあって、馬群の中と外を回った差し馬の好走が目立った。
202308010501,1,3歳未勝利,ダ,1400,曇,良,10:01,2023-05-06,京都,1,8,15,2020105167,スナークメモリー,牝3,54,01124,国分恭介,1:25.7,,8-7,37.8,14.4,4,430(+2),01003,[西]川村禎彦,478030,杉本豊,550.0,,,,,,,,,,,"2(3,4,12)9,10,14,15(5,8,7)(1,11,13)6",8,1,4.5,False,"2,12(9,3,4)10,15(14,7)(5,8)1,13-11,6",7,1,3.0,False,-1,
202308010501,1,3歳未勝利,ダ,1400,曇,良,10:01,2023-05-06,京都,2,7,12,2020103710,ホウオウジュビリー,牝3,54,01126,松山弘平,1:25.9,1.1/4,2-2,38.7,4.7,2,462(-6),01002,[西]音無秀孝,906033,小笹芳央,220.0,,,,,,,,,,,"2(3,4,12)9,10,14,15(5,8,7)(1,11,13)6",2,3,0.0,False,"2,12(9,3,4)10,15(14,7)(5,8)1,13-11,6",2,1,1.5,False,-1,
202308010501,1,3歳未勝利,ダ,1400,曇,良,10:01,2023-05-06,京都,3,2,2,2020104429,エランティス,牝3,54,01154,松若風馬,1:26.3,2.1/2,1-1,39.3,1.7,1,492(+2),01157,[西]杉山晴紀,547800,ヒダカ・ブリーダーズ...,140.0,,,,,,,,,,,"2(3,4,12)9,10,14,15(5,8,7)(1,11,13)6",1,1,0.0,False,"2,12(9,3,4)10,15(14,7)(5,8)1,13-11,6",1,1,0.0,False,-1,
202308010501,1,3歳未勝利,ダ,1400,曇,良,10:01,2023-05-06,京都,4,1,1,2020100023,モズミヤビ,牝3,50,01190,古川奈穂,1:26.6,1.1/2,12-12,38.2,23.8,6,444(0),01075,[西]矢作芳人,005803,キャピタル・システム,83.0,,,,,,,,,,,"2(3,4,12)9,10,14,15(5,8,7)(1,11,13)6",12,3,4.5,False,"2,12(9,3,4)10,15(14,7)(5,8)1,13-11,6",12,1,3.0,False,-1,
202308010501,1,3歳未勝利,ダ,1400,曇,良,10:01,2023-05-06,京都,5,4,7,2020105537,タガノドゥリ,牝3,54,00732,幸英明,1:26.7,3/4,9-8,38.5,17.3,5,438(+6),01196,[西]西園翔太,859002,八木良司,55.0,,,,,,,,,,,"2(3,4,12)9,10,14,15(5,8,7)(1,11,13)6",9,3,4.5,False,"2,12(9,3,4)10,15(14,7)(5,8)1,13-11,6",8,2,3.0,False,-1,
202308010501,1,3歳未勝利,ダ,1400,曇,良,10:01,2023-05-06,京都,6,6,10,2020106310,カンノーリ,牝3,54,01032,池添謙一,1:26.9,1.1/2,6-6,39.4,46.0,9,436(+2),01033,[西]木原一良,841008,加藤千豊,,,,,,,,,,,,"2(3,4,12)9,10,14,15(5,8,7)(1,11,13)6",6,1,1.5,False,"2,12(9,3,4)10,15(14,7)(5,8)1,13-11,6",6,1,1.5,False,-1,
202308010501,1,3歳未勝利,ダ,1400,曇,良,10:01,2023-05-06,京都,7,5,8,2020100369,ココラフィネ,牝3,53,01185,小沢大仁,1:27.0,クビ,9-10,38.8,28.0,7,442(-2),01066,[西]岡田稲男,321800,友駿ホースクラブ,,,,,,,,,,,,"2(3,4,12)9,10,14,15(5,8,7)(1,11,13)6",9,3,4.5,False,"2,12(9,3,4)10,15(14,7)(5,8)1,13-11,6",10,2,3.0,False,-1,
202308010501,1,3歳未勝利,ダ,1400,曇,良,10:01,2023-05-06,京都,8,5,9,2020106887,サウンドシエル,牝3,54,01171,西村淳也,1:27.4,2.1/2,5-3,40.1,66.4,10,480(-4),01042,[西]安達昭夫,168006,増田雄一,,,,,,,,,,,,"2(3,4,12)9,10,14,15(5,8,7)(1,11,13)6",5,1,0.0,False,"2,12(9,3,4)10,15(14,7)(5,8)1,13-11,6",3,3,1.5,False,-1,
202308010501,1,3歳未勝利,ダ,1400,曇,良,10:01,2023-05-06,京都,9,3,5,2020101408,ペプチドカンナ,牝3,54,05203,岩田康誠,1:27.8,2,9-10,39.6,181.8,11,444(+6),01033,[西]木原一良,500007,沼川一彦,,,,,,,,,,,,"2(3,4,12)9,10,14,15(5,8,7)(1,11,13)6",9,3,4.5,False,"2,12(9,3,4)10,15(14,7)(5,8)1,13-11,6",10,2,3.0,False,-1,
202308010501,1,3歳未勝利,ダ,1400,曇,良,10:01,2023-05-06,京都,10,8,14,2020100634,ブライトノート,牝3,51,01208,田口貫太,1:28.0,1.1/2,7-8,40.2,279.2,14,444(-2),01091,[西]羽月友彦,482002,水上行雄,,,,,,,,,,,,"2(3,4,12)9,10,14,15(5,8,7)(1,11,13)6",7,1,3.0,False,"2,12(9,3,4)10,15(14,7)(5,8)1,13-11,6",8,2,3.0,False,-1,
202308010501,1,3歳未勝利,ダ,1400,曇,良,10:01,2023-05-06,京都,11,6,11,2020106938,キセキニャン,牝3,54,01128,川須栄彦,1:28.0,ハナ,12-14,39.3,328.3,15,434(0),01185,[西]小林真也,547800,ヒダカ・ブリーダーズ...,,,,,,,,,,,,"2(3,4,12)9,10,14,15(5,8,7)(1,11,13)6",12,3,4.5,False,"2,12(9,3,4)10,15(14,7)(5,8)1,13-11,6",14,1,8.0,False,-1,
202308010501,1,3歳未勝利,ダ,1400,曇,良,10:01,2023-05-06,京都,12,7,13,2020103406,シトラスタイム,牝3,54,01138,藤懸貴志,1:28.0,クビ,12-13,39.4,42.5,8,494(+2),01144,[西]池添学,790005,吉田勝己,,,,,,,,,,,,"2(3,4,12)9,10,14,15(5,8,7)(1,11,13)6",12,3,4.5,False,"2,12(9,3,4)10,15(14,7)(5,8)1,13-11,6",13,1,4.5,False,-1,
202308010501,1,3歳未勝利,ダ,1400,曇,良,10:01,2023-05-06,京都,13,3,4,2020105348,ラプトゥリー,牝3,53,01199,角田大河,1:29.0,6,2-3,41.8,201.9,12,484(-2),01039,[西]中竹和也,013803,ディアレストクラブ,,,,,,,,,,,,"2(3,4,12)9,10,14,15(5,8,7)(1,11,13)6",2,3,0.0,False,"2,12(9,3,4)10,15(14,7)(5,8)1,13-11,6",3,3,1.5,False,-1,
202308010501,1,3歳未勝利,ダ,1400,曇,良,10:01,2023-05-06,京都,14,4,6,2020101037,オーケーパイレーツ,牝3,54,01180,団野大成,1:29.0,アタマ,15-15,40.0,240.8,13,464(-2),01146,[西]奥村豊,612030,小野建,,,,,,,,,,,,"2(3,4,12)9,10,14,15(5,8,7)(1,11,13)6",15,1,4.5,False,"2,12(9,3,4)10,15(14,7)(5,8)1,13-11,6",15,1,9.5,False,-1,
202308010501,1,3歳未勝利,ダ,1400,曇,良,10:01,2023-05-06,京都,15,2,3,2020102972,リーチザアマゾネス,牝3,54,01174,岩田望来,1:29.2,1.1/4,2-3,42.0,5.7,3,508(+6),01168,[西]上村洋行,053803,杉山忠国,,,,,,,,,,,,"2(3,4,12)9,10,14,15(5,8,7)(1,11,13)6",2,3,0.0,False,"2,12(9,3,4)10,15(14,7)(5,8)1,13-11,6",3,3,1.5,False,-1,
202308010502,2,3歳未勝利,ダ,1800,曇,良,10:35,2023-05-06,京都,1,7,12,2020103123,マルカブリッツ,牡3,55,01185,小沢大仁,1:53.2,,1-1-1-1,38.4,52.0,6,494(-8),01083,[西]松永昌博,927033,日下部猛,550.0,"12,14,4,6(3,13)5(1,8)10,9(7,11)=2",1,1,0.0,False,"12-14,4(3,6)(1,5,13)-8,10,9(7,11)-2",1,1,0.0,False,"12,3(1,5,14,4)9-6(11,13)(7,8)10-2",1,1,0.0,False,"12(1,3,5)-9(11,4)-(6,8)(7,14)-10,2=13",1,1,0.0,False,-4,
202308010502,2,3歳未勝利,ダ,1800,曇,良,10:35,2023-05-06,京都,2,4,5,2020106922,メイショウクモイ,牡3,56,00666,武豊,1:53.7,3,7-6-3-2,38.4,2.6,2,466(0),01139,[西]飯田祐史,523005,松本好雄,220.0,"12,14,4,6(3,13)5(1,8)10,9(7,11)=2",7,1,4.5,False,"12-14,4(3,6)(1,5,13)-8,10,9(7,11)-2",6,3,5.0,False,"12,3(1,5,14,4)9-6(11,13)(7,8)10-2",3,4,1.5,False,"12(1,3,5)-9(11,4)-(6,8)(7,14)-10,2=13",2,3,0.0,False,-4,
202308010502,2,3歳未勝利,ダ,1800,曇,良,10:35,2023-05-06,京都,3,1,1,2020101200,ヒロノオオゾラ,牡3,56,01154,松若風馬,1:54.0,1.3/4,8-6-3-2,38.8,72.0,8,490(-8),01073,[西]宮本博,936033,高原将浩,140.0,"12,14,4,6(3,13)5(1,8)10,9(7,11)=2",8,2,4.5,False,"12-14,4(3,6)(1,5,13)-8,10,9(7,11)-2",6,3,5.0,False,"12,3(1,5,14,4)9-6(11,13)(7,8)10-2",3,4,1.5,False,"12(1,3,5)-9(11,4)-(6,8)(7,14)-10,2=13",2,3,0.0,False,-4,
202308010502,2,3歳未勝利,ダ,1800,曇,良,10:35,2023-05-06,京都,4,7,11,2020105938,マテンロウイーグル,牡3,56,00660,横山典弘,1:54.2,1.1/2,12-12-9-6,38.2,12.2,4,542(-8),01044,[西]昆貢,534006,寺田千代乃,83.0,"12,14,4,6(3,13)5(1,8)10,9(7,11)=2",12,2,6.0,False,"12-14,4(3,6)(1,5,13)-8,10,9(7,11)-2",12,2,11.5,False,"12,3(1,5,14,4)9-6(11,13)(7,8)10-2",9,2,5.0,False,"12(1,3,5)-9(11,4)-(6,8)(7,14)-10,2=13",6,2,3.5,False,-4,
202308010502,2,3歳未勝利,ダ,1800,曇,良,10:35,2023-05-06,京都,5,6,9,2020103136,レッドブラスト,牡3,56,05203,岩田康誠,1:54.5,1.1/2,11-11-7-5,39.0,15.2,5,490(-4),01092,[西]松永幹夫,180800,東京ホースレーシング,55.0,"12,14,4,6(3,13)5(1,8)10,9(7,11)=2",11,1,6.0,False,"12-14,4(3,6)(1,5,13)-8,10,9(7,11)-2",11,1,11.5,False,"12,3(1,5,14,4)9-6(11,13)(7,8)10-2",7,1,1.5,False,"12(1,3,5)-9(11,4)-(6,8)(7,14)-10,2=13",5,1,3.5,False,-4,
202308010502,2,3歳未勝利,ダ,1800,曇,良,10:35,2023-05-06,京都,6,3,3,2020100987,セレクティオ,牡3,56,01088,川田将雅,1:54.5,クビ,5-4-2-2,39.4,2.0,1,476(0),01154,[西]橋口慎介,073803,大冨智弘,,"12,14,4,6(3,13)5(1,8)10,9(7,11)=2",5,2,4.5,False,"12-14,4(3,6)(1,5,13)-8,10,9(7,11)-2",4,2,5.0,False,"12,3(1,5,14,4)9-6(11,13)(7,8)10-2",2,1,1.5,False,"12(1,3,5)-9(11,4)-(6,8)(7,14)-10,2=13",2,3,0.0,False,-4,
202308010502,2,3歳未勝利,ダ,1800,曇,良,10:35,2023-05-06,京都,7,4,6,2020105933,ダンツセリカ,牡3,56,01146,和田翼,1:55.4,5,4-4-8-8,39.4,105.1,9,478(-2),00431,[西]谷潔,248005,山元哲二,,"12,14,4,6(3,13)5(1,8)10,9(7,11)=2",4,1,4.5,False,"12-14,4(3,6)(1,5,13)-8,10,9(7,11)-2",4,2,5.0,False,"12,3(1,5,14,4)9-6(11,13)(7,8)10-2",8,1,5.0,False,"12(1,3,5)-9(11,4)-(6,8)(7,14)-10,2=13",8,2,7.0,False,-4,
202308010502,2,3歳未勝利,ダ,1800,曇,良,10:35,2023-05-06,京都,8,5,8,2020105914,ヒロピアーナ,牡3,56,01018,和田竜二,1:55.6,1,8-9-11-8,39.1,294.2,12,508(+2),01003,[西]川村禎彦,752006,石川博,,"12,14,4,6(3,13)5(1,8)10,9(7,11)=2",8,2,4.5,False,"12-14,4(3,6)(1,5,13)-8,10,9(7,11)-2",9,1,8.5,False,"12,3(1,5,14,4)9-6(11,13)(7,8)10-2",11,2,5.0,False,"12(1,3,5)-9(11,4)-(6,8)(7,14)-10,2=13",8,2,7.0,False,-4,
202308010502,2,3歳未勝利,ダ,1800,曇,良,10:35,2023-05-06,京都,9,3,4,2020102043,ライアンバローズ,牡3,56,01180,団野大成,1:56.0,2.1/2,3-3-3-6,40.5,56.0,7,520(0),01155,[西]渡辺薫彦,859007,猪熊広次,,"12,14,4,6(3,13)5(1,8)10,9(7,11)=2",3,1,3.0,False,"12-14,4(3,6)(1,5,13)-8,10,9(7,11)-2",3,1,5.0,False,"12,3(1,5,14,4)9-6(11,13)(7,8)10-2",3,4,1.5,False,"12(1,3,5)-9(11,4)-(6,8)(7,14)-10,2=13",6,2,3.5,False,-4,
202308010502,2,3歳未勝利,ダ,1800,曇,良,10:35,2023-05-06,京都,10,2,2,2020101013,トーホウグランツ,牡3,56,01124,国分恭介,1:56.3,1.1/2,14-14-14-13,39.5,329.5,13,542(+6),01003,[西]川村禎彦,965800,東豊物産,,"12,14,4,6(3,13)5(1,8)10,9(7,11)=2",14,1,12.0,False,"12-14,4(3,6)(1,5,13)-8,10,9(7,11)-2",14,1,15.0,False,"12,3(1,5,14,4)9-6(11,13)(7,8)10-2",14,1,8.5,False,"12(1,3,5)-9(11,4)-(6,8)(7,14)-10,2=13",13,1,12.0,False,-4,
202308010502,2,3歳未勝利,ダ,1800,曇,良,10:35,2023-05-06,京都,11,6,10,2020106943,コパノスタンリー,牝3,53,01182,泉谷楓真,1:57.2,5,10-10-13-12,40.6,273.0,11,458(-6),01018,[西]宮徹,966007,小林祥晃,,"12,14,4,6(3,13)5(1,8)10,9(7,11)=2",10,1,4.5,False,"12-14,4(3,6)(1,5,13)-8,10,9(7,11)-2",10,1,10.0,False,"12,3(1,5,14,4)9-6(11,13)(7,8)10-2",13,1,5.0,False,"12(1,3,5)-9(11,4)-(6,8)(7,14)-10,2=13",12,1,10.5,False,-4,
202308010502,2,3歳未勝利,ダ,1800,曇,良,10:35,2023-05-06,京都,12,8,14,2020103895,ソルデベラーノ,牡3,56,01138,藤懸貴志,1:57.3,1,2-2-3-10,41.8,177.8,10,470(0),01166,[西]石坂公一,854800,ノルマンディーサラブ...,,"12,14,4,6(3,13)5(1,8)10,9(7,11)=2",2,1,1.5,False,"12-14,4(3,6)(1,5,13)-8,10,9(7,11)-2",2,1,3.5,False,"12,3(1,5,14,4)9-6(11,13)(7,8)10-2",3,4,1.5,False,"12(1,3,5)-9(11,4)-(6,8)(7,14)-10,2=13",10,2,7.0,False,-4,
202308010502,2,3歳未勝利,ダ,1800,曇,良,10:35,2023-05-06,京都,13,5,7,2020102234,クリノコンドル,牡3,56,01133,水口優也,1:57.8,2.1/2,12-12-11-10,41.4,690.8,14,488(-4),01041,[西]藤沢則雄,970006,栗本博晴,,"12,14,4,6(3,13)5(1,8)10,9(7,11)=2",12,2,6.0,False,"12-14,4(3,6)(1,5,13)-8,10,9(7,11)-2",12,2,11.5,False,"12,3(1,5,14,4)9-6(11,13)(7,8)10-2",11,2,5.0,False,"12(1,3,5)-9(11,4)-(6,8)(7,14)-10,2=13",10,2,7.0,False,-4,
202308010502,2,3歳未勝利,ダ,1800,曇,良,10:35,2023-05-06,京都,14,8,13,2020101820,ロングウッド,牡3,56,01157,鮫島克駿,2:14.4,大,5-6-9-14,57.9,6.3,3,490(-4),01130,[西]吉村圭司,003060,ゴドルフィン,,"12,14,4,6(3,13)5(1,8)10,9(7,11)=2",5,2,4.5,False,"12-14,4(3,6)(1,5,13)-8,10,9(7,11)-2",6,3,5.0,False,"12,3(1,5,14,4)9-6(11,13)(7,8)10-2",9,2,5.0,False,"12(1,3,5)-9(11,4)-(6,8)(7,14)-10,2=13",14,1,18.0,False,-4,
202308010503,3,3歳未勝利,ダ,1200,曇,良,11:05,2023-05-06,京都,1,3,6,2020110079,アマルナ,牝3,54,00666,武豊,1:13.6,,2-2,37.2,4.4,2,468(+4),01180,[西]田中克典,045803,カナヤマホールディン...,550.0,,,,,,,,,,,"11,6(4,15)(3,14)(1,12)(5,10)9(7,8)=16   2,13",2,1,1.5,False,"11,6(4,15)(1,3)(5,14)(7,12,10)9,8=16   2,13",2,1,1.5,False,-1,
202308010503,3,3歳未勝利,ダ,1200,曇,良,11:05,2023-05-06,京都,2,2,3,2020110044,ボタニカルガーデン,牝3,54,01174,岩田望来,1:13.9,1.3/4,5-5,37.0,2.8,1,440(-2),01184,[西]四位洋文,003060,ゴドルフィン,220.0,,,,,,,,,,,"11,6(4,15)(3,14)(1,12)(5,10)9(7,8)=16   2,13",5,2,1.5,False,"11,6(4,15)(1,3)(5,14)(7,12,10)9,8=16   2,13",5,2,1.5,False,-1,
202308010503,3,3歳未勝利,ダ,1200,曇,良,11:05,2023-05-06,京都,3,4,7,2020100619,レヴィアタン,牡3,56,05203,岩田康誠,1:14.3,2.1/2,12-9,36.6,5.1,4,496(+4),01084,[西]梅田智之,768006,薪浦亨,140.0,,,,,,,,,,,"11,6(4,15)(3,14)(1,12)(5,10)9(7,8)=16   2,13",12,2,1.5,False,"11,6(4,15)(1,3)(5,14)(7,12,10)9,8=16   2,13",9,3,1.5,False,-1,
202308010503,3,3歳未勝利,ダ,1200,曇,良,11:05,2023-05-06,京都,4,1,1,2020104309,ミフネ,牡3,56,01126,松山弘平,1:14.4,クビ,7-5,37.5,34.9,8,490(+2),01078,[西]北出成人,297007,副島義久,83.0,,,,,,,,,,,"11,6(4,15)(3,14)(1,12)(5,10)9(7,8)=16   2,13",7,2,1.5,False,"11,6(4,15)(1,3)(5,14)(7,12,10)9,8=16   2,13",5,2,1.5,False,-1,
202308010503,3,3歳未勝利,ダ,1200,曇,良,11:05,2023-05-06,京都,5,5,10,2020104756,タマモメガジョッキ,牡3,55,01185,小沢大仁,1:14.5,1/2,9-9,37.1,15.5,5,468(+4),01193,[西]緒方努,515800,タマモ,55.0,,,,,,,,,,,"11,6(4,15)(3,14)(1,12)(5,10)9(7,8)=16   2,13",9,2,1.5,False,"11,6(4,15)(1,3)(5,14)(7,12,10)9,8=16   2,13",9,3,1.5,False,-1,
202308010503,3,3歳未勝利,ダ,1200,曇,良,11:05,2023-05-06,京都,6,8,15,2020101221,シュナップス,牡3,56,00732,幸英明,1:14.5,クビ,3-3,37.8,4.9,3,516(0),01155,[西]渡辺薫彦,045803,カナヤマホールディン...,,,,,,,,,,,,"11,6(4,15)(3,14)(1,12)(5,10)9(7,8)=16   2,13",3,2,1.5,False,"11,6(4,15)(1,3)(5,14)(7,12,10)9,8=16   2,13",3,2,1.5,False,-1,
202308010503,3,3歳未勝利,ダ,1200,曇,良,11:05,2023-05-06,京都,7,3,5,2020105731,パーペチュアル,牡3,56,01018,和田竜二,1:15.0,3,9-7,37.8,35.6,9,488(+2),01073,[西]宮本博,788800,ノースヒルズ,,,,,,,,,,,,"11,6(4,15)(3,14)(1,12)(5,10)9(7,8)=16   2,13",9,2,1.5,False,"11,6(4,15)(1,3)(5,14)(7,12,10)9,8=16   2,13",7,2,1.5,False,-1,
202308010503,3,3歳未勝利,ダ,1200,曇,良,11:05,2023-05-06,京都,8,4,8,2020100401,テイエムルンバ,牝3,54,01062,川島信二,1:15.1,クビ,12-13,37.3,88.1,12,470(+6),01188,[西]畑端省吾,356002,竹園正繼,,,,,,,,,,,,"11,6(4,15)(3,14)(1,12)(5,10)9(7,8)=16   2,13",12,2,1.5,False,"11,6(4,15)(1,3)(5,14)(7,12,10)9,8=16   2,13",13,1,3.0,False,-1,
202308010503,3,3歳未勝利,ダ,1200,曇,良,11:05,2023-05-06,京都,9,2,4,2020100728,ヘイローグラン,牡3,55,01199,角田大河,1:15.2,1/2,3-3,38.5,54.1,10,444(-2),01104,[西]笹田和秀,857004,林進,,,,,,,,,,,,"11,6(4,15)(3,14)(1,12)(5,10)9(7,8)=16   2,13",3,2,1.5,False,"11,6(4,15)(1,3)(5,14)(7,12,10)9,8=16   2,13",3,2,1.5,False,-1,
202308010503,3,3歳未勝利,ダ,1200,曇,良,11:05,2023-05-06,京都,10,6,11,2020102456,アエディフィカータ,牝3,54,01030,松田大作,1:15.2,クビ,1-1,39.0,56.4,11,438(-2),01161,[西]武英智,466033,今村明浩,,,,,,,,,,,,"11,6(4,15)(3,14)(1,12)(5,10)9(7,8)=16   2,13",1,1,0.0,False,"11,6(4,15)(1,3)(5,14)(7,12,10)9,8=16   2,13",1,1,0.0,False,-1,
202308010503,3,3歳未勝利,ダ,1200,曇,良,11:05,2023-05-06,京都,11,6,12,2020104270,テクノダイヤモンド,牡3,53,01208,田口貫太,1:15.2,ハナ,7-9,38.1,139.7,13,516(-4),01172,[西]新谷功一,266033,西村健,,,,,,,,,,,,"11,6(4,15)(3,14)(1,12)(5,10)9(7,8)=16   2,13",7,2,1.5,False,"11,6(4,15)(1,3)(5,14)(7,12,10)9,8=16   2,13",9,3,1.5,False,-1,
202308010503,3,3歳未勝利,ダ,1200,曇,良,11:05,2023-05-06,京都,12,7,14,2020101225,セレッソプラテアド,牝3,54,01128,川須栄彦,1:16.1,5,5-7,39.2,17.3,6,446(+6),01149,[西]松下武士,372008,三宅勝俊,,,,,,,,,,,,"11,6(4,15)(3,14)(1,12)(5,10)9(7,8)=16   2,13",5,2,1.5,False,"11,6(4,15)(1,3)(5,14)(7,12,10)9,8=16   2,13",7,2,1.5,False,-1,
202308010503,3,3歳未勝利,ダ,1200,曇,良,11:05,2023-05-06,京都,13,5,9,2020100034,ミランダ,牝3,54,01133,水口優也,1:16.9,5,11-12,39.3,200.0,14,444(-8),01101,[西]吉田直弘,820009,鈴木義孝,,,,,,,,,,,,"11,6(4,15)(3,14)(1,12)(5,10)9(7,8)=16   2,13",11,1,1.5,False,"11,6(4,15)(1,3)(5,14)(7,12,10)9,8=16   2,13",12,1,1.5,False,-1,
202308010503,3,3歳未勝利,ダ,1200,曇,良,11:05,2023-05-06,京都,14,8,16,2020110102,ソラカラノチカラ,牡3,56,01154,松若風馬,1:27.1,大,14-14,44.6,29.4,7,536(0),00427,[西]森秀行,232031,藤田晋,,,,,,,,,,,,"11,6(4,15)(3,14)(1,12)(5,10)9(7,8)=16   2,13",14,1,7.5,False,"11,6(4,15)(1,3)(5,14)(7,12,10)9,8=16   2,13",14,1,9.0,False,-1,
202308010503,3,3歳未勝利,ダ,1200,曇,良,11:05,2023-05-06,京都,取,1,2,2020105148,ゴッドホーネット,牡3,56,01180,団野大成,,,,,---,,計不,01139,[西]飯田祐史,998007,中西憲治,,,,,,,,,,,,"11,6(4,15)(3,14)(1,12)(5,10)9(7,8)=16   2,13",15,1,13.5,False,"11,6(4,15)(1,3)(5,14)(7,12,10)9,8=16   2,13",15,1,15.0,False,-1,
202308010503,3,3歳未勝利,ダ,1200,曇,良,11:05,2023-05-06,京都,取,7,13,2020106862,サトノトライアンフ,牡3,56,01095,吉田隼人,,,,,---,,計不,01028,[西]西園正都,790031,里見治,,,,,,,,,,,,"11,6(4,15)(3,14)(1,12)(5,10)9(7,8)=16   2,13",16,1,15.0,False,"11,6(4,15)(1,3)(5,14)(7,12,10)9,8=16   2,13",16,1,16.5,False,-1,
202308010504,4,3歳未勝利,芝,1400,曇,良,11:35,2023-05-06,京都,1,3,6,2020101570,レッドテンペスト,セ3,56,01157,鮫島克駿,1:21.1,,7-8,34.2,2.7,1,440(-8),01104,[西]笹田和秀,180800,東京ホースレーシング,550.0,,,,,,,,,,,"(*1,16)7(5,18)13(4,6,15)(14,12)(3,9,10,11)17(2,8)",7,3,0.0,False,"(*1,16)(5,7)(13,18)4(6,15)(3,12)(2,9,14,11)(10,17)8",8,2,0.0,False,-20,開幕3週目でAコース5日目。先週から馬場が回復して開幕週レベルの速い時計が出る条件。直近2週に比べると先行有利の馬場だった。
202308010504,4,3歳未勝利,芝,1400,曇,良,11:35,2023-05-06,京都,2,1,1,2020105561,ケイアイクビラ,牡3,56,01138,藤懸貴志,1:21.3,1.1/4,1-1,35.1,5.3,3,504(+10),01073,[西]宮本博,331803,ケイアイスタリオン,220.0,,,,,,,,,,,"(*1,16)7(5,18)13(4,6,15)(14,12)(3,9,10,11)17(2,8)",1,2,0.0,True,"(*1,16)(5,7)(13,18)4(6,15)(3,12)(2,9,14,11)(10,17)8",1,2,0.0,True,-20,開幕3週目でAコース5日目。先週から馬場が回復して開幕週レベルの速い時計が出る条件。直近2週に比べると先行有利の馬場だった。
202308010504,4,3歳未勝利,芝,1400,曇,良,11:35,2023-05-06,京都,3,2,4,2020103346,アラメダ,牝3,54,01174,岩田望来,1:21.6,1.1/2,7-7,34.8,15.3,6,436(+6),01071,[西]池江泰寿,708800,金子真人ホールディン...,140.0,,,,,,,,,,,"(*1,16)7(5,18)13(4,6,15)(14,12)(3,9,10,11)17(2,8)",7,3,0.0,False,"(*1,16)(5,7)(13,18)4(6,15)(3,12)(2,9,14,11)(10,17)8",7,1,0.0,False,-20,開幕3週目でAコース5日目。先週から馬場が回復して開幕週レベルの速い時計が出る条件。直近2週に比べると先行有利の馬場だった。
202308010504,4,3歳未勝利,芝,1400,曇,良,11:35,2023-05-06,京都,4,8,16,2020106866,サトノアダマス,牝3,54,01171,西村淳也,1:21.6,クビ,2-2,35.3,39.7,8,462(0),01157,[西]杉山晴紀,790031,里見治,83.0,,,,,,,,,,,"(*1,16)7(5,18)13(4,6,15)(14,12)(3,9,10,11)17(2,8)",2,2,0.0,False,"(*1,16)(5,7)(13,18)4(6,15)(3,12)(2,9,14,11)(10,17)8",2,2,0.0,False,-20,開幕3週目でAコース5日目。先週から馬場が回復して開幕週レベルの速い時計が出る条件。直近2週に比べると先行有利の馬場だった。
202308010504,4,3歳未勝利,芝,1400,曇,良,11:35,2023-05-06,京都,5,2,3,2020106796,アメイジングスター,牡3,56,01095,吉田隼人,1:21.7,1/2,12-10,34.6,7.0,4,454(+6),01181,[西]茶木太樹,005803,キャピタル・システム,55.0,,,,,,,,,,,"(*1,16)7(5,18)13(4,6,15)(14,12)(3,9,10,11)17(2,8)",12,4,0.0,False,"(*1,16)(5,7)(13,18)4(6,15)(3,12)(2,9,14,11)(10,17)8",10,2,0.0,False,-20,開幕3週目でAコース5日目。先週から馬場が回復して開幕週レベルの速い時計が出る条件。直近2週に比べると先行有利の馬場だった。
202308010504,4,3歳未勝利,芝,1400,曇,良,11:35,2023-05-06,京都,6,7,13,2020100154,ソニックライト,牝3,54,01126,松山弘平,1:21.7,アタマ,6-5,35.0,8.8,5,484(+4),01142,[西]森田直行,170800,ロードホースクラブ,,,,,,,,,,,,"(*1,16)7(5,18)13(4,6,15)(14,12)(3,9,10,11)17(2,8)",6,1,0.0,False,"(*1,16)(5,7)(13,18)4(6,15)(3,12)(2,9,14,11)(10,17)8",5,2,0.0,False,-20,開幕3週目でAコース5日目。先週から馬場が回復して開幕週レベルの速い時計が出る条件。直近2週に比べると先行有利の馬場だった。
202308010504,4,3歳未勝利,芝,1400,曇,良,11:35,2023-05-06,京都,7,3,5,2020100736,ビッグボーンリタ,牝3,54,01018,和田竜二,1:21.8,1/2,4-3,35.3,165.4,12,438(-2),01135,[西]高橋康之,117800,高昭牧場,,,,,,,,,,,,"(*1,16)7(5,18)13(4,6,15)(14,12)(3,9,10,11)17(2,8)",4,2,0.0,False,"(*1,16)(5,7)(13,18)4(6,15)(3,12)(2,9,14,11)(10,17)8",3,2,0.0,False,-20,開幕3週目でAコース5日目。先週から馬場が回復して開幕週レベルの速い時計が出る条件。直近2週に比べると先行有利の馬場だった。
202308010504,4,3歳未勝利,芝,1400,曇,良,11:35,2023-05-06,京都,8,5,9,2020104320,アジュールブルー,牝3,50,01190,古川奈穂,1:21.8,クビ,12-12,34.5,141.6,11,410(0),01110,[西]清水久詞,689033,犬塚悠治郎,,,,,,,,,,,,"(*1,16)7(5,18)13(4,6,15)(14,12)(3,9,10,11)17(2,8)",12,4,0.0,False,"(*1,16)(5,7)(13,18)4(6,15)(3,12)(2,9,14,11)(10,17)8",12,4,0.0,False,-20,開幕3週目でAコース5日目。先週から馬場が回復して開幕週レベルの速い時計が出る条件。直近2週に比べると先行有利の馬場だった。
202308010504,4,3歳未勝利,芝,1400,曇,良,11:35,2023-05-06,京都,9,6,11,2020101966,ダイシンベスパ,牝3,54,01165,森裕太朗,1:21.8,ハナ,12-12,34.5,324.9,15,376(+4),01101,[西]吉田直弘,255031,大八木秀子,,,,,,,,,,,,"(*1,16)7(5,18)13(4,6,15)(14,12)(3,9,10,11)17(2,8)",12,4,0.0,False,"(*1,16)(5,7)(13,18)4(6,15)(3,12)(2,9,14,11)(10,17)8",12,4,0.0,False,-20,開幕3週目でAコース5日目。先週から馬場が回復して開幕週レベルの速い時計が出る条件。直近2週に比べると先行有利の馬場だった。
202308010504,4,3歳未勝利,芝,1400,曇,良,11:35,2023-05-06,京都,10,1,2,2020104175,カシノインディード,牡3,56,01124,国分恭介,1:22.1,1.1/2,17-12,34.6,23.4,7,458(+2),01123,[西]牧田和弥,514009,柏木務,,,,,,,,,,,,"(*1,16)7(5,18)13(4,6,15)(14,12)(3,9,10,11)17(2,8)",17,2,0.0,False,"(*1,16)(5,7)(13,18)4(6,15)(3,12)(2,9,14,11)(10,17)8",12,4,0.0,False,-20,開幕3週目でAコース5日目。先週から馬場が回復して開幕週レベルの速い時計が出る条件。直近2週に比べると先行有利の馬場だった。
202308010504,4,3歳未勝利,芝,1400,曇,良,11:35,2023-05-06,京都,11,6,12,2020106712,ファルマリン,牝3,54,00732,幸英明,1:22.4,2,10-10,35.3,119.8,10,414(0),01142,[西]森田直行,418030,高樽さゆり,,,,,,,,,,,,"(*1,16)7(5,18)13(4,6,15)(14,12)(3,9,10,11)17(2,8)",10,2,0.0,False,"(*1,16)(5,7)(13,18)4(6,15)(3,12)(2,9,14,11)(10,17)8",10,2,0.0,False,-20,開幕3週目でAコース5日目。先週から馬場が回復して開幕週レベルの速い時計が出る条件。直近2週に比べると先行有利の馬場だった。
202308010504,4,3歳未勝利,芝,1400,曇,良,11:35,2023-05-06,京都,12,8,18,2020100974,テイエムサンローズ,牝3,54,01114,田中健,1:22.4,アタマ,4-5,35.8,272.4,14,454(+2),01050,[西]飯田雄三,356002,竹園正繼,,,,,,,,,,,,"(*1,16)7(5,18)13(4,6,15)(14,12)(3,9,10,11)17(2,8)",4,2,0.0,False,"(*1,16)(5,7)(13,18)4(6,15)(3,12)(2,9,14,11)(10,17)8",5,2,0.0,False,-20,開幕3週目でAコース5日目。先週から馬場が回復して開幕週レベルの速い時計が出る条件。直近2週に比べると先行有利の馬場だった。
202308010504,4,3歳未勝利,芝,1400,曇,良,11:35,2023-05-06,京都,13,7,15,2020100925,ダイゴショウリュウ,牡3,56,01128,川須栄彦,1:22.7,1.1/2,7-8,35.9,252.4,13,438(0),01046,[西]鮫島一歩,895002,長谷川光司,,,,,,,,,,,,"(*1,16)7(5,18)13(4,6,15)(14,12)(3,9,10,11)17(2,8)",7,3,0.0,False,"(*1,16)(5,7)(13,18)4(6,15)(3,12)(2,9,14,11)(10,17)8",8,2,0.0,False,-20,開幕3週目でAコース5日目。先週から馬場が回復して開幕週レベルの速い時計が出る条件。直近2週に比べると先行有利の馬場だった。
202308010504,4,3歳未勝利,芝,1400,曇,良,11:35,2023-05-06,京都,14,4,8,2020100972,フォルテカヴァロ,牡3,55,01199,角田大河,1:22.7,アタマ,17-18,35.0,416.9,16,470(-4),01140,[西]石橋守,651031,猪又晶介,,,,,,,,,,,,"(*1,16)7(5,18)13(4,6,15)(14,12)(3,9,10,11)17(2,8)",17,2,0.0,False,"(*1,16)(5,7)(13,18)4(6,15)(3,12)(2,9,14,11)(10,17)8",18,1,0.0,False,-20,開幕3週目でAコース5日目。先週から馬場が回復して開幕週レベルの速い時計が出る条件。直近2週に比べると先行有利の馬場だった。
202308010504,4,3歳未勝利,芝,1400,曇,良,11:35,2023-05-06,京都,15,8,17,2020109088,カシノフェリクス,牝3,51,01208,田口貫太,1:22.8,3/4,16-16,35.2,823.2,18,418(+4),01041,[西]藤沢則雄,514009,柏木務,,,,,,,,,,,,"(*1,16)7(5,18)13(4,6,15)(14,12)(3,9,10,11)17(2,8)",16,1,0.0,False,"(*1,16)(5,7)(13,18)4(6,15)(3,12)(2,9,14,11)(10,17)8",16,2,0.0,False,-20,開幕3週目でAコース5日目。先週から馬場が回復して開幕週レベルの速い時計が出る条件。直近2週に比べると先行有利の馬場だった。
202308010504,4,3歳未勝利,芝,1400,曇,良,11:35,2023-05-06,京都,16,5,10,2020103559,リプレゼント,牡3,56,01088,川田将雅,1:23.3,3,12-16,35.8,3.8,2,500(0),01137,[西]中内田充,232031,藤田晋,,,,,,,,,,,,"(*1,16)7(5,18)13(4,6,15)(14,12)(3,9,10,11)17(2,8)",12,4,0.0,False,"(*1,16)(5,7)(13,18)4(6,15)(3,12)(2,9,14,11)(10,17)8",16,2,0.0,False,-20,開幕3週目でAコース5日目。先週から馬場が回復して開幕週レベルの速い時計が出る条件。直近2週に比べると先行有利の馬場だった。
202308010504,4,3歳未勝利,芝,1400,曇,良,11:35,2023-05-06,京都,17,4,7,2020105430,クラシカルスカラー,牝3,54,01154,松若風馬,1:23.6,1.1/2,3-3,37.2,119.3,9,446(0),01128,[西]今野貞一,482002,水上行雄,,,,,,,,,,,,"(*1,16)7(5,18)13(4,6,15)(14,12)(3,9,10,11)17(2,8)",3,1,0.0,False,"(*1,16)(5,7)(13,18)4(6,15)(3,12)(2,9,14,11)(10,17)8",3,2,0.0,False,-20,開幕3週目でAコース5日目。先週から馬場が回復して開幕週レベルの速い時計が出る条件。直近2週に比べると先行有利の馬場だった。
202308010504,4,3歳未勝利,芝,1400,曇,良,11:35,2023-05-06,京都,18,7,14,2020102749,プライムトゥーレ,牡3,56,01152,小崎綾也,1:24.0,2.1/2,10-12,36.8,709.2,17,470(-4),01085,[西]小崎憲,015803,サイプレスホールディ...,,,,,,,,,,,,"(*1,16)7(5,18)13(4,6,15)(14,12)(3,9,10,11)17(2,8)",10,2,0.0,False,"(*1,16)(5,7)(13,18)4(6,15)(3,12)(2,9,14,11)(10,17)8",12,4,0.0,False,-20,開幕3週目でAコース5日目。先週から馬場が回復して開幕週レベルの速い時計が出る条件。直近2週に比べると先行有利の馬場だった。
202308010505,5,3歳未勝利,芝,1800,曇,良,12:25,2023-05-06,京都,1,4,5,2020102539,アレンテージョ,牡3,56,01126,松山弘平,1:47.3,,5-3,33.6,1.7,1,462(-4),01170,[西]坂口智康,808800,Ｇ１レーシング,550.0,,,,,,,,,,,"3-11(2,13)5(4,14)(7,8)(10,6,12)-(1,9)",5,1,3.5,False,"3-11(2,13,5)(4,7)(6,14)(10,8)12(1,9)",3,3,3.5,False,-20,開幕3週目でAコース5日目。先週から馬場が回復して開幕週レベルの速い時計が出る条件。直近2週に比べると先行有利の馬場だった。
202308010505,5,3歳未勝利,芝,1800,曇,良,12:25,2023-05-06,京都,2,5,7,2020103713,タイセイフェリーク,牝3,54,01154,松若風馬,1:47.3,アタマ,8-6,33.4,10.1,4,422(+6),01180,[西]田中克典,224007,田中成奉,220.0,,,,,,,,,,,"3-11(2,13)5(4,14)(7,8)(10,6,12)-(1,9)",8,2,3.5,False,"3-11(2,13,5)(4,7)(6,14)(10,8)12(1,9)",6,2,3.5,False,-20,開幕3週目でAコース5日目。先週から馬場が回復して開幕週レベルの速い時計が出る条件。直近2週に比べると先行有利の馬場だった。
202308010505,5,3歳未勝利,芝,1800,曇,良,12:25,2023-05-06,京都,3,3,3,2020100844,イーヴイ,牡3,56,01128,川須栄彦,1:48.2,5,1-1,35.0,136.0,11,444(0),01046,[西]鮫島一歩,237008,齊藤雅志,140.0,,,,,,,,,,,"3-11(2,13)5(4,14)(7,8)(10,6,12)-(1,9)",1,1,0.0,False,"3-11(2,13,5)(4,7)(6,14)(10,8)12(1,9)",1,1,0.0,False,-20,開幕3週目でAコース5日目。先週から馬場が回復して開幕週レベルの速い時計が出る条件。直近2週に比べると先行有利の馬場だった。
202308010505,5,3歳未勝利,芝,1800,曇,良,12:25,2023-05-06,京都,4,6,9,2020104297,ルクスビッグスター,牡3,56,01174,岩田望来,1:48.5,1.1/2,13-13,34.1,4.6,2,466(+2),01110,[西]清水久詞,397803,ルクス,83.0,,,,,,,,,,,"3-11(2,13)5(4,14)(7,8)(10,6,12)-(1,9)",13,2,7.0,False,"3-11(2,13,5)(4,7)(6,14)(10,8)12(1,9)",13,2,3.5,False,-20,開幕3週目でAコース5日目。先週から馬場が回復して開幕週レベルの速い時計が出る条件。直近2週に比べると先行有利の馬場だった。
202308010505,5,3歳未勝利,芝,1800,曇,良,12:25,2023-05-06,京都,5,3,4,2020105628,アリクテラー,セ3,56,01095,吉田隼人,1:48.6,1/2,6-6,34.7,45.7,8,500(0),01160,[西]武幸四郎,788800,ノースヒルズ,55.0,,,,,,,,,,,"3-11(2,13)5(4,14)(7,8)(10,6,12)-(1,9)",6,2,3.5,False,"3-11(2,13,5)(4,7)(6,14)(10,8)12(1,9)",6,2,3.5,False,-20,開幕3週目でAコース5日目。先週から馬場が回復して開幕週レベルの速い時計が出る条件。直近2週に比べると先行有利の馬場だった。
202308010505,5,3歳未勝利,芝,1800,曇,良,12:25,2023-05-06,京都,6,5,8,2020103765,キタイノオノコ,牡3,55,01182,泉谷楓真,1:48.8,1.1/2,8-10,34.7,178.1,13,436(-14),01099,[西]本田優,912002,中西宏彰,,,,,,,,,,,,"3-11(2,13)5(4,14)(7,8)(10,6,12)-(1,9)",8,2,3.5,False,"3-11(2,13,5)(4,7)(6,14)(10,8)12(1,9)",10,2,3.5,False,-20,開幕3週目でAコース5日目。先週から馬場が回復して開幕週レベルの速い時計が出る条件。直近2週に比べると先行有利の馬場だった。
202308010505,5,3歳未勝利,芝,1800,曇,良,12:25,2023-05-06,京都,7,8,14,2020100900,ピーシャ,牝3,54,01030,松田大作,1:48.9,1/2,6-8,34.9,14.8,5,464(0),01160,[西]武幸四郎,646030,中辻明,,,,,,,,,,,,"3-11(2,13)5(4,14)(7,8)(10,6,12)-(1,9)",6,2,3.5,False,"3-11(2,13,5)(4,7)(6,14)(10,8)12(1,9)",8,2,3.5,False,-20,開幕3週目でAコース5日目。先週から馬場が回復して開幕週レベルの速い時計が出る条件。直近2週に比べると先行有利の馬場だった。
202308010505,5,3歳未勝利,芝,1800,曇,良,12:25,2023-05-06,京都,8,7,11,2020103194,ギャラン,セ3,56,01157,鮫島克駿,1:49.1,1.1/4,2-2,35.6,18.9,6,442(-12),01149,[西]松下武士,506800,シルクレーシング,,,,,,,,,,,,"3-11(2,13)5(4,14)(7,8)(10,6,12)-(1,9)",2,1,3.5,False,"3-11(2,13,5)(4,7)(6,14)(10,8)12(1,9)",2,1,3.5,False,-20,開幕3週目でAコース5日目。先週から馬場が回復して開幕週レベルの速い時計が出る条件。直近2週に比べると先行有利の馬場だった。
202308010505,5,3歳未勝利,芝,1800,曇,良,12:25,2023-05-06,京都,9,1,1,2020104608,サンアレックス,牝3,54,01124,国分恭介,1:49.2,1/2,13-13,34.8,129.4,10,448(-2),01042,[西]安達昭夫,066700,サン,,,,,,,,,,,,"3-11(2,13)5(4,14)(7,8)(10,6,12)-(1,9)",13,2,7.0,False,"3-11(2,13,5)(4,7)(6,14)(10,8)12(1,9)",13,2,3.5,False,-20,開幕3週目でAコース5日目。先週から馬場が回復して開幕週レベルの速い時計が出る条件。直近2週に比べると先行有利の馬場だった。
202308010505,5,3歳未勝利,芝,1800,曇,良,12:25,2023-05-06,京都,10,4,6,2020101076,ララファンファーレ,牝3,53,01185,小沢大仁,1:49.4,3/4,10-8,35.3,170.1,12,408(+4),01170,[西]坂口智康,385803,子安裕樹ＲＣ,,,,,,,,,,,,"3-11(2,13)5(4,14)(7,8)(10,6,12)-(1,9)",10,3,3.5,False,"3-11(2,13,5)(4,7)(6,14)(10,8)12(1,9)",8,2,3.5,False,-20,開幕3週目でAコース5日目。先週から馬場が回復して開幕週レベルの速い時計が出る条件。直近2週に比べると先行有利の馬場だった。
202308010505,5,3歳未勝利,芝,1800,曇,良,12:25,2023-05-06,京都,11,2,2,2020103116,ルージュレヴール,牝3,54,01180,団野大成,1:49.5,1/2,3-3,35.9,7.5,3,458(-12),01105,[西]須貝尚介,180800,東京ホースレーシング,,,,,,,,,,,,"3-11(2,13)5(4,14)(7,8)(10,6,12)-(1,9)",3,2,3.5,False,"3-11(2,13,5)(4,7)(6,14)(10,8)12(1,9)",3,3,3.5,False,-20,開幕3週目でAコース5日目。先週から馬場が回復して開幕週レベルの速い時計が出る条件。直近2週に比べると先行有利の馬場だった。
202308010505,5,3歳未勝利,芝,1800,曇,良,12:25,2023-05-06,京都,12,8,13,2020104787,コンフルエンス,牡3,56,01171,西村淳也,1:50.6,7,3-3,37.0,87.0,9,484(-2),01104,[西]笹田和秀,202033,川勝裕之,,,,,,,,,,,,"3-11(2,13)5(4,14)(7,8)(10,6,12)-(1,9)",3,2,3.5,False,"3-11(2,13,5)(4,7)(6,14)(10,8)12(1,9)",3,3,3.5,False,-20,開幕3週目でAコース5日目。先週から馬場が回復して開幕週レベルの速い時計が出る条件。直近2週に比べると先行有利の馬場だった。
202308010505,5,3歳未勝利,芝,1800,曇,良,12:25,2023-05-06,京都,13,6,10,2020100065,タンバッフェ,牝3,54,05203,岩田康誠,1:50.9,1.3/4,10-10,36.8,26.4,7,468(0),01050,[西]飯田雄三,246033,荻野憲夫,,,,,,,,,,,,"3-11(2,13)5(4,14)(7,8)(10,6,12)-(1,9)",10,3,3.5,False,"3-11(2,13,5)(4,7)(6,14)(10,8)12(1,9)",10,2,3.5,False,-20,開幕3週目でAコース5日目。先週から馬場が回復して開幕週レベルの速い時計が出る条件。直近2週に比べると先行有利の馬場だった。
202308010505,5,3歳未勝利,芝,1800,曇,良,12:25,2023-05-06,京都,14,7,12,2020101041,ニホンピロベイリー,牝3,51,01208,田口貫太,1:51.2,1.3/4,10-12,37.1,423.9,14,420(-6),01040,[西]服部利之,587031,小林英一,,,,,,,,,,,,"3-11(2,13)5(4,14)(7,8)(10,6,12)-(1,9)",10,3,3.5,False,"3-11(2,13,5)(4,7)(6,14)(10,8)12(1,9)",12,1,3.5,False,-20,開幕3週目でAコース5日目。先週から馬場が回復して開幕週レベルの速い時計が出る条件。直近2週に比べると先行有利の馬場だった。
202308010506,6,3歳1勝クラス,ダ,1400,曇,良,12:55,2023-05-06,京都,1,8,15,2020101035,スズカコーズ,牡3,56,01088,川田将雅,1:25.6,,5-4,36.9,3.8,1,502(+4),01023,[東]伊藤圭三,382004,永井啓弍,780.0,,,,,,,,,,,"2,9,11,5,15,13(14,16)(1,10,8)(6,12)(3,4,7)",5,1,6.0,False,"2-(9,11)(5,15)(13,14)(1,16,8)(10,6,12)3-(4,7)",4,2,3.5,False,-1,
202308010506,6,3歳1勝クラス,ダ,1400,曇,良,12:55,2023-05-06,京都,2,7,14,2020104893,セミマル,牡3,56,01180,団野大成,1:25.8,1,7-6,36.8,25.4,11,502(-4),01148,[西]西村真幸,464030,田畑利彦,310.0,,,,,,,,,,,"2,9,11,5,15,13(14,16)(1,10,8)(6,12)(3,4,7)",7,2,7.5,False,"2-(9,11)(5,15)(13,14)(1,16,8)(10,6,12)3-(4,7)",6,2,3.5,False,-1,
202308010506,6,3歳1勝クラス,ダ,1400,曇,良,12:55,2023-05-06,京都,3,4,8,2020102993,シンゼンイズモ,牡3,56,01018,和田竜二,1:26.0,1.1/2,9-8,36.7,7.5,4,508(-2),01095,[西]荒川義之,043030,原司郎,200.0,,,,,,,,,,,"2,9,11,5,15,13(14,16)(1,10,8)(6,12)(3,4,7)",9,3,7.5,False,"2-(9,11)(5,15)(13,14)(1,16,8)(10,6,12)3-(4,7)",8,3,3.5,False,-1,
202308010506,6,3歳1勝クラス,ダ,1400,曇,良,12:55,2023-05-06,京都,4,7,13,2020110151,グレン,牡3,56,01030,松田大作,1:26.1,3/4,6-6,37.3,28.6,12,484(-2),01098,[西]野中賢二,045803,カナヤマホールディン...,120.0,,,,,,,,,,,"2,9,11,5,15,13(14,16)(1,10,8)(6,12)(3,4,7)",6,1,7.5,False,"2-(9,11)(5,15)(13,14)(1,16,8)(10,6,12)3-(4,7)",6,2,3.5,False,-1,
202308010506,6,3歳1勝クラス,ダ,1400,曇,良,12:55,2023-05-06,京都,5,6,12,2020101764,トーホウキザン,牡3,56,01124,国分恭介,1:26.2,クビ,12-11,36.7,54.8,13,464(-2),01135,[西]高橋康之,965800,東豊物産,78.0,,,,,,,,,,,"2,9,11,5,15,13(14,16)(1,10,8)(6,12)(3,4,7)",12,2,7.5,False,"2-(9,11)(5,15)(13,14)(1,16,8)(10,6,12)3-(4,7)",11,3,3.5,False,-1,
202308010506,6,3歳1勝クラス,ダ,1400,曇,良,12:55,2023-05-06,京都,6,3,6,2020100948,ウォーターリーダー,牡3,56,01174,岩田望来,1:26.6,2.1/2,12-11,37.1,19.1,9,436(0),00438,[西]安田隆行,312006,山岡正人,,,,,,,,,,,,"2,9,11,5,15,13(14,16)(1,10,8)(6,12)(3,4,7)",12,2,7.5,False,"2-(9,11)(5,15)(13,14)(1,16,8)(10,6,12)3-(4,7)",11,3,3.5,False,-1,
202308010506,6,3歳1勝クラス,ダ,1400,曇,良,12:55,2023-05-06,京都,7,2,3,2020105542,ドンアチェカ,牡3,56,00666,武豊,1:26.6,クビ,14-14,37.0,13.6,6,482(-4),01120,[西]千田輝彦,440006,山田貢一,,,,,,,,,,,,"2,9,11,5,15,13(14,16)(1,10,8)(6,12)(3,4,7)",14,3,7.5,False,"2-(9,11)(5,15)(13,14)(1,16,8)(10,6,12)3-(4,7)",14,1,3.5,False,-1,
202308010506,6,3歳1勝クラス,ダ,1400,曇,良,12:55,2023-05-06,京都,8,8,16,2020107082,ライジン,牡3,56,01171,西村淳也,1:26.6,ハナ,7-8,37.6,7.2,3,468(+4),01144,[西]池添学,097803,ＬＥＶＥＬーＫ,,,,,,,,,,,,"2,9,11,5,15,13(14,16)(1,10,8)(6,12)(3,4,7)",7,2,7.5,False,"2-(9,11)(5,15)(13,14)(1,16,8)(10,6,12)3-(4,7)",8,3,3.5,False,-1,
202308010506,6,3歳1勝クラス,ダ,1400,曇,良,12:55,2023-05-06,京都,9,1,2,2020106611,アロットドリーム,牝3,53,01199,角田大河,1:26.7,クビ,1-1,38.7,18.3,8,440(0),01099,[西]本田優,694008,本間茂,,,,,,,,,,,,"2,9,11,5,15,13(14,16)(1,10,8)(6,12)(3,4,7)",1,1,0.0,False,"2-(9,11)(5,15)(13,14)(1,16,8)(10,6,12)3-(4,7)",1,1,0.0,False,-1,
202308010506,6,3歳1勝クラス,ダ,1400,曇,良,12:55,2023-05-06,京都,10,6,11,2020110035,アフタヌーンドレス,牝3,54,01157,鮫島克駿,1:26.9,1,3-2,38.4,16.6,7,492(-8),01127,[東]栗田徹,003060,ゴドルフィン,,,,,,,,,,,,"2,9,11,5,15,13(14,16)(1,10,8)(6,12)(3,4,7)",3,1,3.0,False,"2-(9,11)(5,15)(13,14)(1,16,8)(10,6,12)3-(4,7)",2,2,3.5,False,-1,
202308010506,6,3歳1勝クラス,ダ,1400,曇,良,12:55,2023-05-06,京都,11,2,4,2020101582,アンジュフィールド,牝3,54,01095,吉田隼人,1:26.9,クビ,14-15,37.2,4.6,2,452(0),01075,[西]矢作芳人,405031,竹下浩一,,,,,,,,,,,,"2,9,11,5,15,13(14,16)(1,10,8)(6,12)(3,4,7)",14,3,7.5,False,"2-(9,11)(5,15)(13,14)(1,16,8)(10,6,12)3-(4,7)",15,2,7.0,False,-1,
202308010506,6,3歳1勝クラス,ダ,1400,曇,良,12:55,2023-05-06,京都,12,3,5,2020104572,ペイシャフラワー,牝3,54,00660,横山典弘,1:27.1,1.1/4,4-4,38.5,9.9,5,452(-6),01135,[西]高橋康之,163002,北所直人,,,,,,,,,,,,"2,9,11,5,15,13(14,16)(1,10,8)(6,12)(3,4,7)",4,1,4.5,False,"2-(9,11)(5,15)(13,14)(1,16,8)(10,6,12)3-(4,7)",4,2,3.5,False,-1,
202308010506,6,3歳1勝クラス,ダ,1400,曇,良,12:55,2023-05-06,京都,13,1,1,2020100784,アントニオヒロキ,牡3,56,01128,川須栄彦,1:27.2,1,9-8,38.1,160.6,16,456(-6),01078,[西]北出成人,087803,ＨｉｍＲｏｃｋＲａｃ...,,,,,,,,,,,,"2,9,11,5,15,13(14,16)(1,10,8)(6,12)(3,4,7)",9,3,7.5,False,"2-(9,11)(5,15)(13,14)(1,16,8)(10,6,12)3-(4,7)",8,3,3.5,False,-1,
202308010506,6,3歳1勝クラス,ダ,1400,曇,良,12:55,2023-05-06,京都,14,5,10,2020101795,レンダリング,牡3,56,00732,幸英明,1:27.6,2.1/2,9-11,38.3,134.4,15,494(0),01028,[西]西園正都,003060,ゴドルフィン,,,,,,,,,,,,"2,9,11,5,15,13(14,16)(1,10,8)(6,12)(3,4,7)",9,3,7.5,False,"2-(9,11)(5,15)(13,14)(1,16,8)(10,6,12)3-(4,7)",11,3,3.5,False,-1,
202308010506,6,3歳1勝クラス,ダ,1400,曇,良,12:55,2023-05-06,京都,15,5,9,2020104301,メアリー,牝3,54,01032,池添謙一,1:27.7,クビ,2-2,39.4,71.0,14,474(+6),01138,[西]浜田多実,686006,平井裕,,,,,,,,,,,,"2,9,11,5,15,13(14,16)(1,10,8)(6,12)(3,4,7)",2,1,1.5,False,"2-(9,11)(5,15)(13,14)(1,16,8)(10,6,12)3-(4,7)",2,2,3.5,False,-1,
202308010506,6,3歳1勝クラス,ダ,1400,曇,良,12:55,2023-05-06,京都,16,4,7,2020100960,マーブルロック,牡3,56,01126,松山弘平,1:28.7,6,14-15,38.9,21.8,10,498(-4),01028,[西]西園正都,090006,下村直,,,,,,,,,,,,"2,9,11,5,15,13(14,16)(1,10,8)(6,12)(3,4,7)",14,3,7.5,False,"2-(9,11)(5,15)(13,14)(1,16,8)(10,6,12)3-(4,7)",15,2,7.0,False,-1,
202308010507,7,3歳1勝クラス,芝,1600,曇,良,13:25,2023-05-06,京都,1,6,6,2020100680,エルトンバローズ,牡3,56,01171,西村淳也,1:33.6,,2-2,33.6,2.6,2,502(-6),01157,[西]杉山晴紀,859007,猪熊広次,780.0,,,,,,,,,,,"1(6,2)8(4,7)5,3",2,2,0.0,False,"1(6,2)(4,8)7(3,5)",2,2,0.0,False,-20,開幕3週目でAコース5日目。先週から馬場が回復して開幕週レベルの速い時計が出る条件。直近2週に比べると先行有利の馬場だった。
202308010507,7,3歳1勝クラス,芝,1600,曇,良,13:25,2023-05-06,京都,2,1,1,2020100052,シルヴァーデューク,牡3,56,01032,池添謙一,1:33.9,2,1-1,34.1,1.9,1,450(-4),01148,[西]西村真幸,464030,田畑利彦,310.0,,,,,,,,,,,"1(6,2)8(4,7)5,3",1,1,0.0,False,"1(6,2)(4,8)7(3,5)",1,1,0.0,False,-20,開幕3週目でAコース5日目。先週から馬場が回復して開幕週レベルの速い時計が出る条件。直近2週に比べると先行有利の馬場だった。
202308010507,7,3歳1勝クラス,芝,1600,曇,良,13:25,2023-05-06,京都,3,3,3,2020104520,アイルシャイン,牡3,56,00660,横山典弘,1:34.0,1/2,8-7,33.3,8.4,4,480(+2),01172,[西]新谷功一,268031,勝本竜二,200.0,,,,,,,,,,,"1(6,2)8(4,7)5,3",8,1,1.5,False,"1(6,2)(4,8)7(3,5)",7,2,0.0,False,-20,開幕3週目でAコース5日目。先週から馬場が回復して開幕週レベルの速い時計が出る条件。直近2週に比べると先行有利の馬場だった。
202308010507,7,3歳1勝クラス,芝,1600,曇,良,13:25,2023-05-06,京都,4,8,8,2020102977,オールアイウォント,牝3,54,01126,松山弘平,1:34.5,3,4-4,34.4,9.7,5,452(+6),01142,[西]森田直行,415800,社台レースホース,120.0,,,,,,,,,,,"1(6,2)8(4,7)5,3",4,1,0.0,False,"1(6,2)(4,8)7(3,5)",4,2,0.0,False,-20,開幕3週目でAコース5日目。先週から馬場が回復して開幕週レベルの速い時計が出る条件。直近2週に比べると先行有利の馬場だった。
202308010507,7,3歳1勝クラス,芝,1600,曇,良,13:25,2023-05-06,京都,5,4,4,2020106748,トリシューラ,牡3,56,01156,加藤祥太,1:34.7,1,5-4,34.5,200.4,8,450(0),01178,[西]杉山佳明,942031,篁真一郎,78.0,,,,,,,,,,,"1(6,2)8(4,7)5,3",5,2,0.0,False,"1(6,2)(4,8)7(3,5)",4,2,0.0,False,-20,開幕3週目でAコース5日目。先週から馬場が回復して開幕週レベルの速い時計が出る条件。直近2週に比べると先行有利の馬場だった。
202308010507,7,3歳1勝クラス,芝,1600,曇,良,13:25,2023-05-06,京都,6,2,2,2020100882,フレンドキング,牡3,52,01190,古川奈穂,1:35.0,2,2-2,35.0,116.0,6,436(-4),00437,[東]南田美知,145030,横尾晴人,,,,,,,,,,,,"1(6,2)8(4,7)5,3",2,2,0.0,False,"1(6,2)(4,8)7(3,5)",2,2,0.0,False,-20,開幕3週目でAコース5日目。先週から馬場が回復して開幕週レベルの速い時計が出る条件。直近2週に比べると先行有利の馬場だった。
202308010507,7,3歳1勝クラス,芝,1600,曇,良,13:25,2023-05-06,京都,7,7,7,2020100795,ベルタソ,牝3,54,01095,吉田隼人,1:35.0,クビ,5-6,34.6,8.4,3,442(-2),01085,[西]小崎憲,310031,細川大輔,,,,,,,,,,,,"1(6,2)8(4,7)5,3",5,2,0.0,False,"1(6,2)(4,8)7(3,5)",6,1,0.0,False,-20,開幕3週目でAコース5日目。先週から馬場が回復して開幕週レベルの速い時計が出る条件。直近2週に比べると先行有利の馬場だった。
202308010507,7,3歳1勝クラス,芝,1600,曇,良,13:25,2023-05-06,京都,8,5,5,2020106286,カズオルデアニ,牡3,55,01182,泉谷楓真,1:36.4,8,7-7,35.8,173.0,7,452(0),01181,[西]茶木太樹,879800,雅苑興業,,,,,,,,,,,,"1(6,2)8(4,7)5,3",7,1,0.0,False,"1(6,2)(4,8)7(3,5)",7,2,0.0,False,-20,開幕3週目でAコース5日目。先週から馬場が回復して開幕週レベルの速い時計が出る条件。直近2週に比べると先行有利の馬場だった。
202308010508,8,4歳以上1勝クラス,ダ,1800,曇,良,13:55,2023-05-06,京都,1,2,2,2019103791,マナウス,牝4,52,01190,古川奈穂,1:54.3,,1-1-1-2,36.2,2.9,1,462(+2),01180,[西]田中克典,477033,服部健太郎,800.0,"2(5,6)1,8(3,4)7,10,9",1,1,0.0,False,"2(1,5,6)8,4,3,7-(9,10)",1,1,0.0,False,"(*2,7)(5,6)(1,8)(4,3)-10,9",1,2,0.0,True,"7,2-(1,5,6)8(4,3)-10,9",2,1,1.5,False,-4,
202308010508,8,4歳以上1勝クラス,ダ,1800,曇,良,13:55,2023-05-06,京都,2,1,1,2018109002,バリコノユメ,牝5,53,01208,田口貫太,1:55.0,4,4-2-5-3,36.7,5.9,4,486(+10),01083,[西]松永昌博,333031,大田恭充,320.0,"2(5,6)1,8(3,4)7,10,9",4,1,0.0,False,"2(1,5,6)8,4,3,7-(9,10)",2,3,0.0,False,"(*2,7)(5,6)(1,8)(4,3)-10,9",5,2,0.0,False,"7,2-(1,5,6)8(4,3)-10,9",3,3,5.0,False,-4,
202308010508,8,4歳以上1勝クラス,ダ,1800,曇,良,13:55,2023-05-06,京都,3,7,7,2019105025,マテンロウアイ,牝4,56,00660,横山典弘,1:55.1,1/2,8-8-2-1,37.1,5.0,3,532(+12),01158,[西]寺島良,534006,寺田千代乃,200.0,"2(5,6)1,8(3,4)7,10,9",8,1,1.5,False,"2(1,5,6)8,4,3,7-(9,10)",8,1,4.5,False,"(*2,7)(5,6)(1,8)(4,3)-10,9",2,2,0.0,False,"7,2-(1,5,6)8(4,3)-10,9",1,1,0.0,False,-4,
202308010508,8,4歳以上1勝クラス,ダ,1800,曇,良,13:55,2023-05-06,京都,4,3,3,2018101572,シュピカ,牝5,56,01036,竹之下智,1:55.6,2.1/2,6-7-7-7,36.8,13.7,6,484(+2),01120,[西]千田輝彦,055803,平山靖,120.0,"2(5,6)1,8(3,4)7,10,9",6,2,1.5,False,"2(1,5,6)8,4,3,7-(9,10)",7,1,3.0,False,"(*2,7)(5,6)(1,8)(4,3)-10,9",7,2,0.0,False,"7,2-(1,5,6)8(4,3)-10,9",7,2,5.0,False,-4,
202308010508,8,4歳以上1勝クラス,ダ,1800,曇,良,13:55,2023-05-06,京都,5,6,6,2018105853,メイショウホタルビ,牝5,55,01185,小沢大仁,1:55.7,1,2-2-3-3,37.4,10.6,5,440(+4),01065,[西]大橋勇樹,789006,松本和子,80.0,"2(5,6)1,8(3,4)7,10,9",2,2,0.0,False,"2(1,5,6)8,4,3,7-(9,10)",2,3,0.0,False,"(*2,7)(5,6)(1,8)(4,3)-10,9",3,2,0.0,False,"7,2-(1,5,6)8(4,3)-10,9",3,3,5.0,False,-4,
202308010508,8,4歳以上1勝クラス,ダ,1800,曇,良,13:55,2023-05-06,京都,6,4,4,2018103386,ガールズヒロイン,牝5,55,01199,角田大河,1:55.7,ハナ,6-6-7-7,37.0,67.3,10,432(0),01040,[西]服部利之,158033,山下良子,,"2(5,6)1,8(3,4)7,10,9",6,2,1.5,False,"2(1,5,6)8,4,3,7-(9,10)",6,1,1.5,False,"(*2,7)(5,6)(1,8)(4,3)-10,9",7,2,0.0,False,"7,2-(1,5,6)8(4,3)-10,9",7,2,5.0,False,-4,
202308010508,8,4歳以上1勝クラス,ダ,1800,曇,良,13:55,2023-05-06,京都,7,7,8,2018104571,ワイドアウェイク,牝5,56,01018,和田竜二,1:55.8,クビ,5-5-5-6,37.3,27.6,7,500(-2),00425,[西]加用正,148800,グリーンファーム,,"2(5,6)1,8(3,4)7,10,9",5,1,1.5,False,"2(1,5,6)8,4,3,7-(9,10)",5,1,0.0,False,"(*2,7)(5,6)(1,8)(4,3)-10,9",5,2,0.0,False,"7,2-(1,5,6)8(4,3)-10,9",6,1,5.0,False,-4,
202308010508,8,4歳以上1勝クラス,ダ,1800,曇,良,13:55,2023-05-06,京都,8,8,9,2019102986,シゲルオトヒメ,牝4,56,00732,幸英明,1:56.4,3.1/2,10-9-10-10,37.0,33.5,8,420(-8),00431,[西]谷潔,552031,森中啓子,,"2(5,6)1,8(3,4)7,10,9",10,1,4.5,False,"2(1,5,6)8,4,3,7-(9,10)",9,2,8.0,False,"(*2,7)(5,6)(1,8)(4,3)-10,9",10,1,5.0,False,"7,2-(1,5,6)8(4,3)-10,9",10,1,10.0,False,-4,
202308010508,8,4歳以上1勝クラス,ダ,1800,曇,良,13:55,2023-05-06,京都,9,8,10,2018104796,レヴィーアクイーン,牝5,56,05203,岩田康誠,1:57.2,5,9-9-9-9,38.2,36.7,9,480(0),01104,[西]笹田和秀,140031,奥田貴敏,,"2(5,6)1,8(3,4)7,10,9",9,1,3.0,False,"2(1,5,6)8,4,3,7-(9,10)",9,2,8.0,False,"(*2,7)(5,6)(1,8)(4,3)-10,9",9,1,3.5,False,"7,2-(1,5,6)8(4,3)-10,9",9,1,8.5,False,-4,
202308010508,8,4歳以上1勝クラス,ダ,1800,曇,良,13:55,2023-05-06,京都,10,5,5,2019105849,ドゥライトアルディ,牝4,56,01174,岩田望来,1:57.5,2,2-2-3-3,39.2,3.7,2,492(+6),01148,[西]西村真幸,271008,安原浩司,,"2(5,6)1,8(3,4)7,10,9",2,2,0.0,False,"2(1,5,6)8,4,3,7-(9,10)",2,3,0.0,False,"(*2,7)(5,6)(1,8)(4,3)-10,9",3,2,0.0,False,"7,2-(1,5,6)8(4,3)-10,9",3,3,5.0,False,-4,
202308010509,9,鴨川特別(2勝),芝,2000,曇,良,14:25,2023-05-06,京都,1,4,4,2019104984,レッドラディエンス,牡4,58,01088,川田将雅,1:58.8,,6-7-7-6,33.7,1.6,1,488(-6),01061,[西]友道康夫,180800,東京ホースレーシング,"1,573.1","1,3(2,7)8(5,4)6(9,10)",6,2,1.5,False,"1,3(2,7)(5,8)(4,10)(9,6)",7,2,1.5,False,"(*1,3)(2,7)(9,8)(5,4)(6,10)",7,2,0.0,False,"(*1,3)(2,9,7)(5,4)(6,8,10)",6,2,0.0,False,-20,開幕3週目でAコース5日目。先週から馬場が回復して開幕週レベルの速い時計が出る条件。直近2週に比べると先行有利の馬場だった。
202308010509,9,鴨川特別(2勝),芝,2000,曇,良,14:25,2023-05-06,京都,2,8,9,2016105171,ピノクル,牡7,58,01018,和田竜二,1:58.9,3/4,9-9-5-3,33.9,24.8,4,486(-4),01002,[西]音無秀孝,708800,金子真人ホールディン...,626.6,"1,3(2,7)8(5,4)6(9,10)",9,2,1.5,False,"1,3(2,7)(5,8)(4,10)(9,6)",9,2,1.5,False,"(*1,3)(2,7)(9,8)(5,4)(6,10)",5,2,0.0,False,"(*1,3)(2,9,7)(5,4)(6,8,10)",3,3,0.0,False,-20,開幕3週目でAコース5日目。先週から馬場が回復して開幕週レベルの速い時計が出る条件。直近2週に比べると先行有利の馬場だった。
202308010509,9,鴨川特別(2勝),芝,2000,曇,良,14:25,2023-05-06,京都,3,6,6,2018101642,ウインミニヨン,牝5,56,01171,西村淳也,1:59.1,1.1/4,8-9-9-8,33.9,33.5,6,426(0),01173,[西]長谷川浩,494800,ウイン,393.3,"1,3(2,7)8(5,4)6(9,10)",8,1,1.5,False,"1,3(2,7)(5,8)(4,10)(9,6)",9,2,1.5,False,"(*1,3)(2,7)(9,8)(5,4)(6,10)",9,2,0.0,False,"(*1,3)(2,9,7)(5,4)(6,8,10)",8,3,0.0,False,-20,開幕3週目でAコース5日目。先週から馬場が回復して開幕週レベルの速い時計が出る条件。直近2週に比べると先行有利の馬場だった。
202308010509,9,鴨川特別(2勝),芝,2000,曇,良,14:25,2023-05-06,京都,4,5,5,2018104850,テーオーソロス,牡5,58,01182,泉谷楓真,1:59.1,クビ,6-5-7-6,34.0,31.1,5,470(-6),01018,[西]宮徹,304008,小笹公也,230.0,"1,3(2,7)8(5,4)6(9,10)",6,2,1.5,False,"1,3(2,7)(5,8)(4,10)(9,6)",5,2,1.5,False,"(*1,3)(2,7)(9,8)(5,4)(6,10)",7,2,0.0,False,"(*1,3)(2,9,7)(5,4)(6,8,10)",6,2,0.0,False,-20,開幕3週目でAコース5日目。先週から馬場が回復して開幕週レベルの速い時計が出る条件。直近2週に比べると先行有利の馬場だった。
202308010509,9,鴨川特別(2勝),芝,2000,曇,良,14:25,2023-05-06,京都,5,3,3,2019105276,ブラックボイス,牡4,58,01126,松山弘平,1:59.2,クビ,2-2-2-2,34.5,5.8,3,510(-2),01175,[東]宮田敬介,072803,スリーエイチレーシン...,155.0,"1,3(2,7)8(5,4)6(9,10)",2,1,1.5,False,"1,3(2,7)(5,8)(4,10)(9,6)",2,1,1.5,False,"(*1,3)(2,7)(9,8)(5,4)(6,10)",2,2,0.0,False,"(*1,3)(2,9,7)(5,4)(6,8,10)",2,2,0.0,False,-20,開幕3週目でAコース5日目。先週から馬場が回復して開幕週レベルの速い時計が出る条件。直近2週に比べると先行有利の馬場だった。
202308010509,9,鴨川特別(2勝),芝,2000,曇,良,14:25,2023-05-06,京都,6,2,2,2017104478,ヒューマンコメディ,牝6,56,01180,団野大成,1:59.4,1.1/4,3-3-3-3,34.5,76.3,9,488(-12),01094,[東]水野貴広,319007,野村茂雄,,"1,3(2,7)8(5,4)6(9,10)",3,2,1.5,False,"1,3(2,7)(5,8)(4,10)(9,6)",3,2,1.5,False,"(*1,3)(2,7)(9,8)(5,4)(6,10)",3,2,0.0,False,"(*1,3)(2,9,7)(5,4)(6,8,10)",3,3,0.0,False,-20,開幕3週目でAコース5日目。先週から馬場が回復して開幕週レベルの速い時計が出る条件。直近2週に比べると先行有利の馬場だった。
202308010509,9,鴨川特別(2勝),芝,2000,曇,良,14:25,2023-05-06,京都,7,8,10,2019105159,スカイフォール,牡4,58,00660,横山典弘,1:59.6,1.1/2,9-7-9-8,34.4,3.2,2,488(+4),01044,[西]昆貢,887800,ＮＩＣＫＳ,,"1,3(2,7)8(5,4)6(9,10)",9,2,1.5,False,"1,3(2,7)(5,8)(4,10)(9,6)",7,2,1.5,False,"(*1,3)(2,7)(9,8)(5,4)(6,10)",9,2,0.0,False,"(*1,3)(2,9,7)(5,4)(6,8,10)",8,3,0.0,False,-20,開幕3週目でAコース5日目。先週から馬場が回復して開幕週レベルの速い時計が出る条件。直近2週に比べると先行有利の馬場だった。
202308010509,9,鴨川特別(2勝),芝,2000,曇,良,14:25,2023-05-06,京都,8,1,1,2016104691,セグレドスペリオル,牡7,58,01154,松若風馬,1:59.6,クビ,1-1-1-1,34.9,69.8,8,490(-2),01073,[西]宮本博,463800,名古屋友豊,,"1,3(2,7)8(5,4)6(9,10)",1,1,0.0,False,"1,3(2,7)(5,8)(4,10)(9,6)",1,1,0.0,False,"(*1,3)(2,7)(9,8)(5,4)(6,10)",1,2,0.0,True,"(*1,3)(2,9,7)(5,4)(6,8,10)",1,2,0.0,True,-20,開幕3週目でAコース5日目。先週から馬場が回復して開幕週レベルの速い時計が出る条件。直近2週に比べると先行有利の馬場だった。
202308010509,9,鴨川特別(2勝),芝,2000,曇,良,14:25,2023-05-06,京都,9,7,8,2018104129,シューラヴァラ,牡5,58,01157,鮫島克駿,1:59.9,1.1/2,5-5-5-8,34.9,167.3,10,458(-4),01003,[西]川村禎彦,936033,高原将浩,,"1,3(2,7)8(5,4)6(9,10)",5,1,1.5,False,"1,3(2,7)(5,8)(4,10)(9,6)",5,2,1.5,False,"(*1,3)(2,7)(9,8)(5,4)(6,10)",5,2,0.0,False,"(*1,3)(2,9,7)(5,4)(6,8,10)",8,3,0.0,False,-20,開幕3週目でAコース5日目。先週から馬場が回復して開幕週レベルの速い時計が出る条件。直近2週に比べると先行有利の馬場だった。
202308010509,9,鴨川特別(2勝),芝,2000,曇,良,14:25,2023-05-06,京都,10,7,7,2019100295,ウン,牡4,58,01128,川須栄彦,1:59.9,クビ,3-3-3-3,35.1,34.8,7,474(-6),01101,[西]吉田直弘,716800,ビッグレッドファーム,,"1,3(2,7)8(5,4)6(9,10)",3,2,1.5,False,"1,3(2,7)(5,8)(4,10)(9,6)",3,2,1.5,False,"(*1,3)(2,7)(9,8)(5,4)(6,10)",3,2,0.0,False,"(*1,3)(2,9,7)(5,4)(6,8,10)",3,3,0.0,False,-20,開幕3週目でAコース5日目。先週から馬場が回復して開幕週レベルの速い時計が出る条件。直近2週に比べると先行有利の馬場だった。
202308010510,10,平城京S(OP),ダ,1800,曇,良,15:01,2023-05-06,京都,1,4,7,2019105308,タイセイドレフォン,牡4,57,00732,幸英明,1:51.1,,5-3-4-3,36.6,4.9,3,500(-8),01148,[西]西村真幸,224007,田中成奉,"2,233.6","9,11(1,12)7,15,2,6(3,4,14)-(5,8,10)-13",5,1,1.5,False,"9,11(1,7,12)-15,2(6,4)(3,14)-(5,8,10)-13",3,3,1.5,False,"9(11,12)(1,7,15)(3,2,4)-(5,14)(8,10)6-13",4,3,0.0,False,"9,11(7,12)1(3,2)(15,4)(5,14)8,10-13=6",3,2,1.5,False,-4,
202308010510,10,平城京S(OP),ダ,1800,曇,良,15:01,2023-05-06,京都,2,6,11,2019103393,ベストリーガード,牡4,57,00666,武豊,1:51.3,1.1/2,2-2-2-2,37.1,3.7,2,476(-2),01106,[東]牧光二,812008,石瀬浩三,889.6,"9,11(1,12)7,15,2,6(3,4,14)-(5,8,10)-13",2,1,1.5,False,"9,11(1,7,12)-15,2(6,4)(3,14)-(5,8,10)-13",2,1,1.5,False,"9(11,12)(1,7,15)(3,2,4)-(5,14)(8,10)6-13",2,2,0.0,False,"9,11(7,12)1(3,2)(15,4)(5,14)8,10-13=6",2,1,1.5,False,-4,
202308010510,10,平城京S(OP),ダ,1800,曇,良,15:01,2023-05-06,京都,3,7,13,2019104089,メイショウユズルハ,牡4,57,05203,岩田康誠,1:51.4,1/2,15-15-15-14,35.4,24.0,9,492(0),01066,[西]岡田稲男,523005,松本好雄,554.8,"9,11(1,12)7,15,2,6(3,4,14)-(5,8,10)-13",15,1,13.0,False,"9,11(1,7,12)-15,2(6,4)(3,14)-(5,8,10)-13",15,1,13.5,False,"9(11,12)(1,7,15)(3,2,4)-(5,14)(8,10)6-13",15,1,7.0,False,"9,11(7,12)1(3,2)(15,4)(5,14)8,10-13=6",14,1,6.5,False,-4,
202308010510,10,平城京S(OP),ダ,1800,曇,良,15:01,2023-05-06,京都,4,2,3,2015100887,ダブルシャープ,牡8,58,05243,柴山雄一,1:51.5,クビ,9-10-7-6,36.8,102.7,13,494(-6),01155,[西]渡辺薫彦,510033,天堀忠博,330.0,"9,11(1,12)7,15,2,6(3,4,14)-(5,8,10)-13",9,3,6.0,False,"9,11(1,7,12)-15,2(6,4)(3,14)-(5,8,10)-13",10,2,6.5,False,"9(11,12)(1,7,15)(3,2,4)-(5,14)(8,10)6-13",7,3,0.0,False,"9,11(7,12)1(3,2)(15,4)(5,14)8,10-13=6",6,2,1.5,False,-4,
202308010510,10,平城京S(OP),ダ,1800,曇,良,15:01,2023-05-06,京都,5,2,2,2018104059,ブラックアーメット,牡5,58,01182,泉谷楓真,1:51.5,クビ,7-7-7-6,36.8,14.4,5,512(+2),01121,[西]角田晃一,208008,窪田芳郎,220.0,"9,11(1,12)7,15,2,6(3,4,14)-(5,8,10)-13",7,1,4.5,False,"9,11(1,7,12)-15,2(6,4)(3,14)-(5,8,10)-13",7,1,6.5,False,"9(11,12)(1,7,15)(3,2,4)-(5,14)(8,10)6-13",7,3,0.0,False,"9,11(7,12)1(3,2)(15,4)(5,14)8,10-13=6",6,2,1.5,False,-4,
202308010510,10,平城京S(OP),ダ,1800,曇,良,15:01,2023-05-06,京都,6,5,9,2018105998,ロードエクレール,牡5,57,01171,西村淳也,1:51.8,2,1-1-1-1,37.9,34.3,10,476(-6),01086,[東]斎藤誠,170800,ロードホースクラブ,,"9,11(1,12)7,15,2,6(3,4,14)-(5,8,10)-13",1,1,0.0,False,"9,11(1,7,12)-15,2(6,4)(3,14)-(5,8,10)-13",1,1,0.0,False,"9(11,12)(1,7,15)(3,2,4)-(5,14)(8,10)6-13",1,1,0.0,False,"9,11(7,12)1(3,2)(15,4)(5,14)8,10-13=6",1,1,0.0,False,-4,
202308010510,10,平城京S(OP),ダ,1800,曇,良,15:01,2023-05-06,京都,7,8,14,2017104652,フィロロッソ,牡6,57,01032,池添謙一,1:51.9,クビ,9-10-10-10,36.8,9.2,4,488(+6),01039,[西]中竹和也,415800,社台レースホース,,"9,11(1,12)7,15,2,6(3,4,14)-(5,8,10)-13",9,3,6.0,False,"9,11(1,7,12)-15,2(6,4)(3,14)-(5,8,10)-13",10,2,6.5,False,"9(11,12)(1,7,15)(3,2,4)-(5,14)(8,10)6-13",10,2,3.5,False,"9,11(7,12)1(3,2)(15,4)(5,14)8,10-13=6",10,2,1.5,False,-4,
202308010510,10,平城京S(OP),ダ,1800,曇,良,15:01,2023-05-06,京都,8,3,5,2017100478,フィニステール,牡6,57,01174,岩田望来,1:52.0,1/2,12-12-10-10,36.9,43.3,11,484(0),01137,[西]中内田充,708800,金子真人ホールディン...,,"9,11(1,12)7,15,2,6(3,4,14)-(5,8,10)-13",12,3,9.5,False,"9,11(1,7,12)-15,2(6,4)(3,14)-(5,8,10)-13",12,3,10.0,False,"9(11,12)(1,7,15)(3,2,4)-(5,14)(8,10)6-13",10,2,3.5,False,"9,11(7,12)1(3,2)(15,4)(5,14)8,10-13=6",10,2,1.5,False,-4,
202308010510,10,平城京S(OP),ダ,1800,曇,良,15:01,2023-05-06,京都,9,7,12,2018105164,スレイマン,牡5,57,01095,吉田隼人,1:52.1,3/4,3-3-2-3,37.8,17.7,8,546(+6),01144,[西]池添学,226800,サンデーレーシング,,"9,11(1,12)7,15,2,6(3,4,14)-(5,8,10)-13",3,2,1.5,False,"9,11(1,7,12)-15,2(6,4)(3,14)-(5,8,10)-13",3,3,1.5,False,"9(11,12)(1,7,15)(3,2,4)-(5,14)(8,10)6-13",2,2,0.0,False,"9,11(7,12)1(3,2)(15,4)(5,14)8,10-13=6",3,2,1.5,False,-4,
202308010510,10,平城京S(OP),ダ,1800,曇,良,15:01,2023-05-06,京都,10,5,8,2016110013,デュープロセス,牡7,59,01180,団野大成,1:52.4,1.1/2,12-12-12-12,37.0,143.7,14,488(-10),01118,[東]高柳瑞樹,003060,ゴドルフィン,,"9,11(1,12)7,15,2,6(3,4,14)-(5,8,10)-13",12,3,9.5,False,"9,11(1,7,12)-15,2(6,4)(3,14)-(5,8,10)-13",12,3,10.0,False,"9(11,12)(1,7,15)(3,2,4)-(5,14)(8,10)6-13",12,2,3.5,False,"9,11(7,12)1(3,2)(15,4)(5,14)8,10-13=6",12,1,1.5,False,-4,
202308010510,10,平城京S(OP),ダ,1800,曇,良,15:01,2023-05-06,京都,11,3,4,2019101666,ハイエンド,牡4,57,01018,和田竜二,1:52.9,3,9-8-7-8,38.1,14.6,6,534(0),01110,[西]清水久詞,248030,石川達絵,,"9,11(1,12)7,15,2,6(3,4,14)-(5,8,10)-13",9,3,6.0,False,"9,11(1,7,12)-15,2(6,4)(3,14)-(5,8,10)-13",8,2,6.5,False,"9(11,12)(1,7,15)(3,2,4)-(5,14)(8,10)6-13",7,3,0.0,False,"9,11(7,12)1(3,2)(15,4)(5,14)8,10-13=6",8,2,1.5,False,-4,
202308010510,10,平城京S(OP),ダ,1800,曇,良,15:01,2023-05-06,京都,12,1,1,2019105609,ディパッセ,牡4,57,01154,松若風馬,1:53.7,5,3-3-4-5,39.3,62.9,12,500(+8),01159,[西]高柳大輔,870004,村上稔,,"9,11(1,12)7,15,2,6(3,4,14)-(5,8,10)-13",3,2,1.5,False,"9,11(1,7,12)-15,2(6,4)(3,14)-(5,8,10)-13",3,3,1.5,False,"9(11,12)(1,7,15)(3,2,4)-(5,14)(8,10)6-13",4,3,0.0,False,"9,11(7,12)1(3,2)(15,4)(5,14)8,10-13=6",5,1,1.5,False,-4,
202308010510,10,平城京S(OP),ダ,1800,曇,良,15:01,2023-05-06,京都,13,6,10,2016104451,シークレットラン,牡7,57,01199,角田大河,1:53.8,1/2,12-12-12-13,38.4,265.7,15,506(0),01107,[西]村山明,164008,亀井哲也,,"9,11(1,12)7,15,2,6(3,4,14)-(5,8,10)-13",12,3,9.5,False,"9,11(1,7,12)-15,2(6,4)(3,14)-(5,8,10)-13",12,3,10.0,False,"9(11,12)(1,7,15)(3,2,4)-(5,14)(8,10)6-13",12,2,3.5,False,"9,11(7,12)1(3,2)(15,4)(5,14)8,10-13=6",13,1,3.0,False,-4,
202308010510,10,平城京S(OP),ダ,1800,曇,良,15:01,2023-05-06,京都,14,8,15,2019106521,ヘラルドバローズ,牡4,57,01126,松山弘平,1:53.9,3/4,6-6-4-8,39.3,3.4,1,494(-6),01158,[西]寺島良,859007,猪熊広次,,"9,11(1,12)7,15,2,6(3,4,14)-(5,8,10)-13",6,1,3.0,False,"9,11(1,7,12)-15,2(6,4)(3,14)-(5,8,10)-13",6,1,5.0,False,"9(11,12)(1,7,15)(3,2,4)-(5,14)(8,10)6-13",4,3,0.0,False,"9,11(7,12)1(3,2)(15,4)(5,14)8,10-13=6",8,2,1.5,False,-4,
202308010510,10,平城京S(OP),ダ,1800,曇,良,15:01,2023-05-06,京都,中,4,6,2018100664,ホールシバン,牡5,57,01157,鮫島克駿,,,8-8-14-15,,17.1,7,544(+14),01129,[西]高橋義忠,003060,ゴドルフィン,,"9,11(1,12)7,15,2,6(3,4,14)-(5,8,10)-13",8,1,6.0,False,"9,11(1,7,12)-15,2(6,4)(3,14)-(5,8,10)-13",8,2,6.5,False,"9(11,12)(1,7,15)(3,2,4)-(5,14)(8,10)6-13",14,1,3.5,False,"9,11(7,12)1(3,2)(15,4)(5,14)8,10-13=6",15,1,12.5,False,-4,
202308010511,11,第71回京都新聞杯(GII),芝,2200,小雨,良,15:35,2023-05-06,京都,1,5,6,2020103473,サトノグランツ,牡3,56,01088,川田将雅,2:14.1,,5-5-6-5,33.3,2.8,1,494(+4),01061,[西]友道康夫,790031,里見治,"5,486.8","12-7(3,5)(2,6)1,4(10,11,9)-8",5,2,3.5,False,"12,7(3,5)(2,6,9)(1,4)(10,11)-8",5,3,1.5,False,"(*12,9)(7,1)5(3,6)(2,4)11,10-8",6,2,0.0,False,"12,9(7,1)(3,6,5)(2,4)(10,11)8",5,3,1.5,False,-13,開幕3週目でAコース5日目。先週から馬場が回復して開幕週レベルの速い時計が出る条件。直近2週に比べると先行有利の馬場だった。
202308010511,11,第71回京都新聞杯(GII),芝,2200,小雨,良,15:35,2023-05-06,京都,2,6,7,2020103413,ダノントルネード,牡3,56,01171,西村淳也,2:14.1,クビ,2-2-3-3,33.6,4.0,2,514(-6),01137,[西]中内田充,619800,ダノックス,"2,224.8","12-7(3,5)(2,6)1,4(10,11,9)-8",2,1,3.5,False,"12,7(3,5)(2,6,9)(1,4)(10,11)-8",2,1,1.5,False,"(*12,9)(7,1)5(3,6)(2,4)11,10-8",3,2,0.0,False,"12,9(7,1)(3,6,5)(2,4)(10,11)8",3,2,1.5,False,-13,開幕3週目でAコース5日目。先週から馬場が回復して開幕週レベルの速い時計が出る条件。直近2週に比べると先行有利の馬場だった。
202308010511,11,第71回京都新聞杯(GII),芝,2200,小雨,良,15:35,2023-05-06,京都,3,8,12,2020105633,リビアングラス,牡3,56,01157,鮫島克駿,2:14.1,アタマ,1-1-1-1,33.9,15.9,7,488(-6),01075,[西]矢作芳人,788800,ノースヒルズ,"1,412.4","12-7(3,5)(2,6)1,4(10,11,9)-8",1,1,0.0,False,"12,7(3,5)(2,6,9)(1,4)(10,11)-8",1,1,0.0,False,"(*12,9)(7,1)5(3,6)(2,4)11,10-8",1,2,0.0,True,"12,9(7,1)(3,6,5)(2,4)(10,11)8",1,1,0.0,False,-13,開幕3週目でAコース5日目。先週から馬場が回復して開幕週レベルの速い時計が出る条件。直近2週に比べると先行有利の馬場だった。
202308010511,11,第71回京都新聞杯(GII),芝,2200,小雨,良,15:35,2023-05-06,京都,4,7,9,2020103666,マキシ,牡3,56,01126,松山弘平,2:14.1,クビ,9-5-2-2,33.8,7.4,4,504(+16),01183,[西]辻野泰之,465030,大島昌也,810.0,"12-7(3,5)(2,6)1,4(10,11,9)-8",9,3,5.0,False,"12,7(3,5)(2,6,9)(1,4)(10,11)-8",5,3,1.5,False,"(*12,9)(7,1)5(3,6)(2,4)11,10-8",2,2,0.0,False,"12,9(7,1)(3,6,5)(2,4)(10,11)8",2,1,1.5,False,-13,開幕3週目でAコース5日目。先週から馬場が回復して開幕週レベルの速い時計が出る条件。直近2週に比べると先行有利の馬場だった。
202308010511,11,第71回京都新聞杯(GII),芝,2200,小雨,良,15:35,2023-05-06,京都,5,2,2,2020105794,マイネルラウレア,牡3,56,01018,和田竜二,2:14.2,クビ,5-5-8-8,33.2,5.4,3,502(-8),01018,[西]宮徹,546800,サラブレッドクラブ・...,540.0,"12-7(3,5)(2,6)1,4(10,11,9)-8",5,2,3.5,False,"12,7(3,5)(2,6,9)(1,4)(10,11)-8",5,3,1.5,False,"(*12,9)(7,1)5(3,6)(2,4)11,10-8",8,2,0.0,False,"12,9(7,1)(3,6,5)(2,4)(10,11)8",8,2,1.5,False,-13,開幕3週目でAコース5日目。先週から馬場が回復して開幕週レベルの速い時計が出る条件。直近2週に比べると先行有利の馬場だった。
202308010511,11,第71回京都新聞杯(GII),芝,2200,小雨,良,15:35,2023-05-06,京都,6,1,1,2020102800,オメガリッチマン,牡3,56,00660,横山典弘,2:14.5,1.3/4,7-8-3-3,34.0,9.2,5,440(0),01164,[西]安田翔伍,008803,原禮子,,"12-7(3,5)(2,6)1,4(10,11,9)-8",7,1,3.5,False,"12,7(3,5)(2,6,9)(1,4)(10,11)-8",8,2,1.5,False,"(*12,9)(7,1)5(3,6)(2,4)11,10-8",3,2,0.0,False,"12,9(7,1)(3,6,5)(2,4)(10,11)8",3,2,1.5,False,-13,開幕3週目でAコース5日目。先週から馬場が回復して開幕週レベルの速い時計が出る条件。直近2週に比べると先行有利の馬場だった。
202308010511,11,第71回京都新聞杯(GII),芝,2200,小雨,良,15:35,2023-05-06,京都,7,5,5,2020106678,マコトヴェリーキー,牡3,56,01154,松若風馬,2:14.8,1.3/4,3-3-5-5,34.0,80.4,10,470(-2),01168,[西]上村洋行,864800,ディアマント,,"12-7(3,5)(2,6)1,4(10,11,9)-8",3,2,3.5,False,"12,7(3,5)(2,6,9)(1,4)(10,11)-8",3,2,1.5,False,"(*12,9)(7,1)5(3,6)(2,4)11,10-8",5,1,0.0,False,"12,9(7,1)(3,6,5)(2,4)(10,11)8",5,3,1.5,False,-13,開幕3週目でAコース5日目。先週から馬場が回復して開幕週レベルの速い時計が出る条件。直近2週に比べると先行有利の馬場だった。
202308010511,11,第71回京都新聞杯(GII),芝,2200,小雨,良,15:35,2023-05-06,京都,8,6,8,2020101025,アスクドゥポルテ,牡3,56,05203,岩田康誠,2:15.0,1.1/4,12-12-12-12,33.5,22.7,8,460(0),01072,[西]河内洋,037803,廣崎利洋ＨＤ,,"12-7(3,5)(2,6)1,4(10,11,9)-8",12,1,8.5,False,"12,7(3,5)(2,6,9)(1,4)(10,11)-8",12,1,5.0,False,"(*12,9)(7,1)5(3,6)(2,4)11,10-8",12,1,5.0,False,"12,9(7,1)(3,6,5)(2,4)(10,11)8",12,1,1.5,False,-13,開幕3週目でAコース5日目。先週から馬場が回復して開幕週レベルの速い時計が出る条件。直近2週に比べると先行有利の馬場だった。
202308010511,11,第71回京都新聞杯(GII),芝,2200,小雨,良,15:35,2023-05-06,京都,9,7,10,2020104491,ファームツエンティ,牡3,56,01032,池添謙一,2:15.1,1,9-10-11-10,33.9,36.2,9,450(-2),01078,[西]北出成人,083803,ウエストヒルズ,,"12-7(3,5)(2,6)1,4(10,11,9)-8",9,3,5.0,False,"12,7(3,5)(2,6,9)(1,4)(10,11)-8",10,2,1.5,False,"(*12,9)(7,1)5(3,6)(2,4)11,10-8",11,1,1.5,False,"12,9(7,1)(3,6,5)(2,4)(10,11)8",10,2,1.5,False,-13,開幕3週目でAコース5日目。先週から馬場が回復して開幕週レベルの速い時計が出る条件。直近2週に比べると先行有利の馬場だった。
202308010511,11,第71回京都新聞杯(GII),芝,2200,小雨,良,15:35,2023-05-06,京都,10,3,3,2020101486,ドットクルー,牡3,56,01174,岩田望来,2:15.6,3,3-3-6-5,34.8,13.6,6,456(-4),01104,[西]笹田和秀,331007,幅田昌伸,,"12-7(3,5)(2,6)1,4(10,11,9)-8",3,2,3.5,False,"12,7(3,5)(2,6,9)(1,4)(10,11)-8",3,2,1.5,False,"(*12,9)(7,1)5(3,6)(2,4)11,10-8",6,2,0.0,False,"12,9(7,1)(3,6,5)(2,4)(10,11)8",5,3,1.5,False,-13,開幕3週目でAコース5日目。先週から馬場が回復して開幕週レベルの速い時計が出る条件。直近2週に比べると先行有利の馬場だった。
202308010511,11,第71回京都新聞杯(GII),芝,2200,小雨,良,15:35,2023-05-06,京都,11,8,11,2020104759,ディープマインド,牡3,56,01180,団野大成,2:15.7,クビ,9-10-10-10,34.5,174.2,11,520(-6),01099,[西]本田優,128008,深見敏男,,"12-7(3,5)(2,6)1,4(10,11,9)-8",9,3,5.0,False,"12,7(3,5)(2,6,9)(1,4)(10,11)-8",10,2,1.5,False,"(*12,9)(7,1)5(3,6)(2,4)11,10-8",10,1,0.0,False,"12,9(7,1)(3,6,5)(2,4)(10,11)8",10,2,1.5,False,-13,開幕3週目でAコース5日目。先週から馬場が回復して開幕週レベルの速い時計が出る条件。直近2週に比べると先行有利の馬場だった。
202308010511,11,第71回京都新聞杯(GII),芝,2200,小雨,良,15:35,2023-05-06,京都,12,4,4,2020101758,トーホウレーゲン,牡3,56,00732,幸英明,2:15.7,クビ,8-8-8-8,34.7,285.9,12,450(-6),01166,[西]石坂公一,965800,東豊物産,,"12-7(3,5)(2,6)1,4(10,11,9)-8",8,1,5.0,False,"12,7(3,5)(2,6,9)(1,4)(10,11)-8",8,2,1.5,False,"(*12,9)(7,1)5(3,6)(2,4)11,10-8",8,2,0.0,False,"12,9(7,1)(3,6,5)(2,4)(10,11)8",8,2,1.5,False,-13,開幕3週目でAコース5日目。先週から馬場が回復して開幕週レベルの速い時計が出る条件。直近2週に比べると先行有利の馬場だった。
202308010512,12,4歳以上2勝クラス,芝,1600,曇,良,16:10,2023-05-06,京都,1,1,1,2019105413,タイゲン,牡4,58,01018,和田竜二,1:33.2,,4-2,34.8,10.8,5,476(+4),01082,[西]平田修,922030,丸山担,"1,140.0",,,,,,,,,,,"(*7,10)-12(1,11)9(8,6)(3,4)2(5,14)13",4,2,3.5,False,"7(1,10,12,11)(8,9)6(3,4)2-5,14,13",2,4,0.0,False,-13,開幕3週目でAコース5日目。先週から馬場が回復して開幕週レベルの速い時計が出る条件。直近2週に比べると先行有利の馬場だった。
202308010512,12,4歳以上2勝クラス,芝,1600,曇,良,16:10,2023-05-06,京都,2,5,8,2019110060,モズゴールドバレル,牝4,56,01157,鮫島克駿,1:33.3,3/4,7-6,34.6,4.8,4,446(+10),01062,[西]藤岡健一,005803,キャピタル・システム,460.0,,,,,,,,,,,"(*7,10)-12(1,11)9(8,6)(3,4)2(5,14)13",7,2,3.5,False,"7(1,10,12,11)(8,9)6(3,4)2-5,14,13",6,2,0.0,False,-13,開幕3週目でAコース5日目。先週から馬場が回復して開幕週レベルの速い時計が出る条件。直近2週に比べると先行有利の馬場だった。
202308010512,12,4歳以上2勝クラス,芝,1600,曇,良,16:10,2023-05-06,京都,3,7,12,2018105392,レゾンドゥスリール,セ5,58,01154,松若風馬,1:33.4,クビ,3-2,35.1,51.9,10,450(-4),01183,[西]辻野泰之,506800,シルクレーシング,290.0,,,,,,,,,,,"(*7,10)-12(1,11)9(8,6)(3,4)2(5,14)13",3,1,3.5,False,"7(1,10,12,11)(8,9)6(3,4)2-5,14,13",2,4,0.0,False,-13,開幕3週目でAコース5日目。先週から馬場が回復して開幕週レベルの速い時計が出る条件。直近2週に比べると先行有利の馬場だった。
202308010512,12,4歳以上2勝クラス,芝,1600,曇,良,16:10,2023-05-06,京都,4,3,3,2017106086,メイショウベッピン,牝6,56,00666,武豊,1:33.6,1.1/4,9-9,34.6,3.9,1,492(0),01095,[西]荒川義之,523005,松本好雄,170.0,,,,,,,,,,,"(*7,10)-12(1,11)9(8,6)(3,4)2(5,14)13",9,2,3.5,False,"7(1,10,12,11)(8,9)6(3,4)2-5,14,13",9,2,0.0,False,-13,開幕3週目でAコース5日目。先週から馬場が回復して開幕週レベルの速い時計が出る条件。直近2週に比べると先行有利の馬場だった。
202308010512,12,4歳以上2勝クラス,芝,1600,曇,良,16:10,2023-05-06,京都,5,7,11,2018104674,サトノペルセウス,セ5,58,01126,松山弘平,1:33.6,クビ,4-2,35.2,4.8,3,480(-10),01055,[西]藤原英昭,790031,里見治,114.0,,,,,,,,,,,"(*7,10)-12(1,11)9(8,6)(3,4)2(5,14)13",4,2,3.5,False,"7(1,10,12,11)(8,9)6(3,4)2-5,14,13",2,4,0.0,False,-13,開幕3週目でAコース5日目。先週から馬場が回復して開幕週レベルの速い時計が出る条件。直近2週に比べると先行有利の馬場だった。
202308010512,12,4歳以上2勝クラス,芝,1600,曇,良,16:10,2023-05-06,京都,6,2,2,2015103983,メイショウカクウン,牡8,57,01199,角田大河,1:33.7,1/2,11-11,34.5,36.9,9,456(-6),01140,[西]石橋守,523005,松本好雄,,,,,,,,,,,,"(*7,10)-12(1,11)9(8,6)(3,4)2(5,14)13",11,1,3.5,False,"7(1,10,12,11)(8,9)6(3,4)2-5,14,13",11,1,0.0,False,-13,開幕3週目でAコース5日目。先週から馬場が回復して開幕週レベルの速い時計が出る条件。直近2週に比べると先行有利の馬場だった。
202308010512,12,4歳以上2勝クラス,芝,1600,曇,良,16:10,2023-05-06,京都,7,4,5,2017104963,オーマイダーリン,牝6,56,05203,岩田康誠,1:33.7,クビ,12-12,34.2,12.8,6,476(-2),01072,[西]河内洋,037803,廣崎利洋ＨＤ,,,,,,,,,,,,"(*7,10)-12(1,11)9(8,6)(3,4)2(5,14)13",12,2,3.5,False,"7(1,10,12,11)(8,9)6(3,4)2-5,14,13",12,1,3.5,False,-13,開幕3週目でAコース5日目。先週から馬場が回復して開幕週レベルの速い時計が出る条件。直近2週に比べると先行有利の馬場だった。
202308010512,12,4歳以上2勝クラス,芝,1600,曇,良,16:10,2023-05-06,京都,8,6,9,2018106513,シティレインボー,牡5,58,01032,池添謙一,1:33.8,アタマ,6-6,35.3,4.4,2,484(-4),01078,[西]北出成人,966002,深見富朗,,,,,,,,,,,,"(*7,10)-12(1,11)9(8,6)(3,4)2(5,14)13",6,1,3.5,False,"7(1,10,12,11)(8,9)6(3,4)2-5,14,13",6,2,0.0,False,-13,開幕3週目でAコース5日目。先週から馬場が回復して開幕週レベルの速い時計が出る条件。直近2週に比べると先行有利の馬場だった。
202308010512,12,4歳以上2勝クラス,芝,1600,曇,良,16:10,2023-05-06,京都,9,8,14,2018100395,ペドラフォルカ,牝5,56,01174,岩田望来,1:34.0,1.1/4,12-13,34.4,32.8,8,472(+2),01168,[西]上村洋行,272008,下河辺隆行,,,,,,,,,,,,"(*7,10)-12(1,11)9(8,6)(3,4)2(5,14)13",12,2,3.5,False,"7(1,10,12,11)(8,9)6(3,4)2-5,14,13",13,1,5.0,False,-13,開幕3週目でAコース5日目。先週から馬場が回復して開幕週レベルの速い時計が出る条件。直近2週に比べると先行有利の馬場だった。
202308010512,12,4歳以上2勝クラス,芝,1600,曇,良,16:10,2023-05-06,京都,10,8,13,2017103886,ラキ,牝6,56,01152,小崎綾也,1:34.2,1.1/4,14-14,34.3,217.9,14,468(-2),01085,[西]小崎憲,318803,ニッシンホールディン...,,,,,,,,,,,,"(*7,10)-12(1,11)9(8,6)(3,4)2(5,14)13",14,1,3.5,False,"7(1,10,12,11)(8,9)6(3,4)2-5,14,13",14,1,6.5,False,-13,開幕3週目でAコース5日目。先週から馬場が回復して開幕週レベルの速い時計が出る条件。直近2週に比べると先行有利の馬場だった。
202308010512,12,4歳以上2勝クラス,芝,1600,曇,良,16:10,2023-05-06,京都,11,4,6,2018101175,サイモンメガライズ,牡5,58,00732,幸英明,1:34.4,1.1/4,7-8,35.7,83.6,12,502(0),01185,[西]小林真也,132030,澤田昭紀,,,,,,,,,,,,"(*7,10)-12(1,11)9(8,6)(3,4)2(5,14)13",7,2,3.5,False,"7(1,10,12,11)(8,9)6(3,4)2-5,14,13",8,1,0.0,False,-13,開幕3週目でAコース5日目。先週から馬場が回復して開幕週レベルの速い時計が出る条件。直近2週に比べると先行有利の馬場だった。
202308010512,12,4歳以上2勝クラス,芝,1600,曇,良,16:10,2023-05-06,京都,12,3,4,2019105337,テーオーアリエス,牝4,55,01185,小沢大仁,1:34.6,1.1/4,9-9,35.6,150.7,13,496(+20),01066,[西]岡田稲男,304008,小笹公也,,,,,,,,,,,,"(*7,10)-12(1,11)9(8,6)(3,4)2(5,14)13",9,2,3.5,False,"7(1,10,12,11)(8,9)6(3,4)2-5,14,13",9,2,0.0,False,-13,開幕3週目でAコース5日目。先週から馬場が回復して開幕週レベルの速い時計が出る条件。直近2週に比べると先行有利の馬場だった。
202308010512,12,4歳以上2勝クラス,芝,1600,曇,良,16:10,2023-05-06,京都,13,5,7,2019103858,ヒルノショパン,牡4,58,01037,太宰啓介,1:34.8,1.1/4,1-1,36.8,13.4,7,446(0),01044,[西]昆貢,823800,ヒルノ,,,,,,,,,,,,"(*7,10)-12(1,11)9(8,6)(3,4)2(5,14)13",1,2,0.0,True,"7(1,10,12,11)(8,9)6(3,4)2-5,14,13",1,1,0.0,False,-13,開幕3週目でAコース5日目。先週から馬場が回復して開幕週レベルの速い時計が出る条件。直近2週に比べると先行有利の馬場だった。
202308010512,12,4歳以上2勝クラス,芝,1600,曇,良,16:10,2023-05-06,京都,14,6,10,2016106582,テーオーアマゾン,牡7,55,01208,田口貫太,1:36.0,7,2-2,37.9,55.1,11,486(-2),01138,[西]浜田多実,304008,小笹公也,,,,,,,,,,,,"(*7,10)-12(1,11)9(8,6)(3,4)2(5,14)13",2,2,0.0,False,"7(1,10,12,11)(8,9)6(3,4)2-5,14,13",2,4,0.0,False,-13,開幕3週目でAコース5日目。先週から馬場が回復して開幕週レベルの速い時計が出る条件。直近2週に比べると先行有利の馬場だった。
202304010301,1,障害4歳以上OP,芝,2890,雨,良,09:50,2023-05-06,新潟,1,6,9,2017100316,サペラヴィ,牡6,60,01023,江田勇亮,3:08.7,,2-2-1-1,13.1,6.5,2,474(-12),00437,[東]南田美知,910006,伊達敏明,"1,350.0","11(9,5)12,13,3,10(7,2)(6,4)1   8",2,2,0.0,False,"(*11,9,12)5,13-2(3,10)(7,6,4)-1   8",2,3,0.0,False,"9,11-5(12,13)-(3,2)-10(6,4)(7,1)   8",1,1,0.0,False,"9-(11,5)-12,13(3,2)10(6,4,7)1   8",1,1,0.0,False,,開幕2週目でBコース3日目。断続的に雨が降って馬場レベルが次第に悪化していき、後半戦は非常に時計を要するタフなコンディション。
202304010301,1,障害4歳以上OP,芝,2890,雨,良,09:50,2023-05-06,新潟,2,7,11,2013106055,アストラエンブレム,セ10,60,01069,五十嵐雄,3:09.2,3,1-1-2-2,13.1,9.5,5,490(-2),01068,[東]小島茂之,506800,シルクレーシング,540.0,"11(9,5)12,13,3,10(7,2)(6,4)1   8",1,1,0.0,False,"(*11,9,12)5,13-2(3,10)(7,6,4)-1   8",1,3,0.0,True,"9,11-5(12,13)-(3,2)-10(6,4)(7,1)   8",2,1,1.5,False,"9-(11,5)-12,13(3,2)10(6,4,7)1   8",2,2,3.5,False,,開幕2週目でBコース3日目。断続的に雨が降って馬場レベルが次第に悪化していき、後半戦は非常に時計を要するタフなコンディション。
202304010301,1,障害4歳以上OP,芝,2890,雨,良,09:50,2023-05-06,新潟,3,4,5,2016105167,ゴールドフレーム,セ7,60,01087,上野翔,3:09.3,1/2,2-4-3-2,13.1,18.7,8,482(-2),01116,[東]新開幸一,525030,外池榮一郎,340.0,"11(9,5)12,13,3,10(7,2)(6,4)1   8",2,2,0.0,False,"(*11,9,12)5,13-2(3,10)(7,6,4)-1   8",4,1,0.0,False,"9,11-5(12,13)-(3,2)-10(6,4)(7,1)   8",3,1,5.0,False,"9-(11,5)-12,13(3,2)10(6,4,7)1   8",2,2,3.5,False,,開幕2週目でBコース3日目。断続的に雨が降って馬場レベルが次第に悪化していき、後半戦は非常に時計を要するタフなコンディション。
202304010301,1,障害4歳以上OP,芝,2890,雨,良,09:50,2023-05-06,新潟,4,3,3,2017105254,リーガルマナー,セ6,60,00691,北沢伸也,3:09.8,3,6-7-6-6,13.1,33.8,12,494(-2),01184,[西]四位洋文,790005,吉田勝己,200.0,"11(9,5)12,13,3,10(7,2)(6,4)1   8",6,1,3.0,False,"(*11,9,12)5,13-2(3,10)(7,6,4)-1   8",7,2,5.0,False,"9,11-5(12,13)-(3,2)-10(6,4)(7,1)   8",6,2,8.5,False,"9-(11,5)-12,13(3,2)10(6,4,7)1   8",6,2,8.5,False,,開幕2週目でBコース3日目。断続的に雨が降って馬場レベルが次第に悪化していき、後半戦は非常に時計を要するタフなコンディション。
202304010301,1,障害4歳以上OP,芝,2890,雨,良,09:50,2023-05-06,新潟,5,2,2,2019105392,フロールシュタット,牡4,59,01113,草野太郎,3:09.8,ハナ,8-6-6-6,13.1,19.0,9,478(+10),01054,[東]戸田博文,790005,吉田勝己,135.0,"11(9,5)12,13,3,10(7,2)(6,4)1   8",8,2,4.5,False,"(*11,9,12)5,13-2(3,10)(7,6,4)-1   8",6,1,5.0,False,"9,11-5(12,13)-(3,2)-10(6,4)(7,1)   8",6,2,8.5,False,"9-(11,5)-12,13(3,2)10(6,4,7)1   8",6,2,8.5,False,,開幕2週目でBコース3日目。断続的に雨が降って馬場レベルが次第に悪化していき、後半戦は非常に時計を要するタフなコンディション。
202304010301,1,障害4歳以上OP,芝,2890,雨,良,09:50,2023-05-06,新潟,6,7,10,2018104865,レディステディゴー,牡5,60,01066,難波剛健,3:09.8,クビ,7-7-8-8,13.1,14.2,6,518(+2),01186,[西]中村直也,415800,社台レースホース,,"11(9,5)12,13,3,10(7,2)(6,4)1   8",7,1,4.5,False,"(*11,9,12)5,13-2(3,10)(7,6,4)-1   8",7,2,5.0,False,"9,11-5(12,13)-(3,2)-10(6,4)(7,1)   8",8,1,12.0,False,"9-(11,5)-12,13(3,2)10(6,4,7)1   8",8,1,8.5,False,,開幕2週目でBコース3日目。断続的に雨が降って馬場レベルが次第に悪化していき、後半戦は非常に時計を要するタフなコンディション。
202304010301,1,障害4歳以上OP,芝,2890,雨,良,09:50,2023-05-06,新潟,7,5,6,2017101730,タガノペルマネンテ,牝6,58,01072,黒岩悠,3:10.2,2,10-9-9-9,13.2,19.8,10,448(-10),01082,[西]平田修,859002,八木良司,,"11(9,5)12,13,3,10(7,2)(6,4)1   8",10,2,4.5,False,"(*11,9,12)5,13-2(3,10)(7,6,4)-1   8",9,3,5.0,False,"9,11-5(12,13)-(3,2)-10(6,4)(7,1)   8",9,2,12.0,False,"9-(11,5)-12,13(3,2)10(6,4,7)1   8",9,3,8.5,False,,開幕2週目でBコース3日目。断続的に雨が降って馬場レベルが次第に悪化していき、後半戦は非常に時計を要するタフなコンディション。
202304010301,1,障害4歳以上OP,芝,2890,雨,良,09:50,2023-05-06,新潟,8,8,12,2018104996,ヒストリアノワール,セ5,60,01149,伴啓太,3:10.3,1,4-2-4-4,13.2,20.7,11,442(+4),01195,[東]嘉藤貴行,506800,シルクレーシング,,"11(9,5)12,13,3,10(7,2)(6,4)1   8",4,1,0.0,False,"(*11,9,12)5,13-2(3,10)(7,6,4)-1   8",2,3,0.0,False,"9,11-5(12,13)-(3,2)-10(6,4)(7,1)   8",4,2,5.0,False,"9-(11,5)-12,13(3,2)10(6,4,7)1   8",4,1,7.0,False,,開幕2週目でBコース3日目。断続的に雨が降って馬場レベルが次第に悪化していき、後半戦は非常に時計を要するタフなコンディション。
202304010301,1,障害4歳以上OP,芝,2890,雨,良,09:50,2023-05-06,新潟,9,5,7,2017104302,ビクトリーシューズ,牡6,60,01101,中村将之,3:11.0,4,8-9-11-9,13.2,64.6,13,470(+2),01186,[西]中村直也,163031,呉本昌時,,"11(9,5)12,13,3,10(7,2)(6,4)1   8",8,2,4.5,False,"(*11,9,12)5,13-2(3,10)(7,6,4)-1   8",9,3,5.0,False,"9,11-5(12,13)-(3,2)-10(6,4)(7,1)   8",11,2,12.0,False,"9-(11,5)-12,13(3,2)10(6,4,7)1   8",9,3,8.5,False,,開幕2週目でBコース3日目。断続的に雨が降って馬場レベルが次第に悪化していき、後半戦は非常に時計を要するタフなコンディション。
202304010301,1,障害4歳以上OP,芝,2890,雨,良,09:50,2023-05-06,新潟,10,8,13,2015104707,グレンガリー,セ8,60,01068,蓑島靖典,3:11.1,1/2,5-5-4-5,13.2,8.0,4,448(+6),01017,[東]萩原清,790005,吉田勝己,,"11(9,5)12,13,3,10(7,2)(6,4)1   8",5,1,1.5,False,"(*11,9,12)5,13-2(3,10)(7,6,4)-1   8",5,1,1.5,False,"9,11-5(12,13)-(3,2)-10(6,4)(7,1)   8",4,2,5.0,False,"9-(11,5)-12,13(3,2)10(6,4,7)1   8",5,1,8.5,False,,開幕2週目でBコース3日目。断続的に雨が降って馬場レベルが次第に悪化していき、後半戦は非常に時計を要するタフなコンディション。
202304010301,1,障害4歳以上OP,芝,2890,雨,良,09:50,2023-05-06,新潟,11,4,4,2015104675,アンブロジオ,セ8,60,01059,石神深一,3:11.3,1.1/4,10-9-9-9,13.2,7.3,3,464(+6),01115,[東]菊沢隆徳,506800,シルクレーシング,,"11(9,5)12,13,3,10(7,2)(6,4)1   8",10,2,4.5,False,"(*11,9,12)5,13-2(3,10)(7,6,4)-1   8",9,3,5.0,False,"9,11-5(12,13)-(3,2)-10(6,4)(7,1)   8",9,2,12.0,False,"9-(11,5)-12,13(3,2)10(6,4,7)1   8",9,3,8.5,False,,開幕2週目でBコース3日目。断続的に雨が降って馬場レベルが次第に悪化していき、後半戦は非常に時計を要するタフなコンディション。
202304010301,1,障害4歳以上OP,芝,2890,雨,良,09:50,2023-05-06,新潟,12,1,1,2019101021,タマモワカムシャ,セ4,57,01196,小牧加矢,3:11.5,1.1/2,12-12-11-12,13.3,16.1,7,474(+2),01003,[西]川村禎彦,515800,タマモ,,"11(9,5)12,13,3,10(7,2)(6,4)1   8",12,1,4.5,False,"(*11,9,12)5,13-2(3,10)(7,6,4)-1   8",12,1,8.5,False,"9,11-5(12,13)-(3,2)-10(6,4)(7,1)   8",11,2,12.0,False,"9-(11,5)-12,13(3,2)10(6,4,7)1   8",12,1,8.5,False,,開幕2週目でBコース3日目。断続的に雨が降って馬場レベルが次第に悪化していき、後半戦は非常に時計を要するタフなコンディション。
202304010301,1,障害4歳以上OP,芝,2890,雨,良,09:50,2023-05-06,新潟,中,6,8,2017106395,オラコモエスタス,牡6,60,01120,大江原圭,,,,,2.8,1,500(+4),01109,[東]伊藤大士,960030,玉腰勇吉,,"11(9,5)12,13,3,10(7,2)(6,4)1   8",13,1,10.5,False,"(*11,9,12)5,13-2(3,10)(7,6,4)-1   8",13,1,14.5,False,"9,11-5(12,13)-(3,2)-10(6,4)(7,1)   8",13,1,18.0,False,"9-(11,5)-12,13(3,2)10(6,4,7)1   8",13,1,14.5,False,,開幕2週目でBコース3日目。断続的に雨が降って馬場レベルが次第に悪化していき、後半戦は非常に時計を要するタフなコンディション。
202304010302,2,3歳未勝利,ダ,1800,雨,良,10:25,2023-05-06,新潟,1,7,13,2020104148,タイセイウォリアー,牡3,56,01168,富田暁,1:55.3,,1-1-1-1,37.7,5.2,3,482(-4),01065,[西]大橋勇樹,224007,田中成奉,550.0,"13(15,11)(1,5,14)-(6,7)-3-(2,12)8,10,4,9",1,1,0.0,False,"13,15(1,11)5,14(6,7)-3(2,12)(8,10)(4,9)",1,1,0.0,False,"13(15,11)(1,5,14)7,12(6,3,9)(8,10,4)-2",1,1,0.0,False,"13(15,11)(1,5,14)-7,12(6,3,4)9(8,10)2",1,1,0.0,False,-2,
202304010302,2,3歳未勝利,ダ,1800,雨,良,10:25,2023-05-06,新潟,2,8,15,2020101216,テイエムヒショウ,牡3,53,01200,西塚洸二,1:55.4,1,2-2-2-2,37.6,21.8,7,486(+2),01138,[西]浜田多実,356002,竹園正繼,220.0,"13(15,11)(1,5,14)-(6,7)-3-(2,12)8,10,4,9",2,2,0.0,False,"13,15(1,11)5,14(6,7)-3(2,12)(8,10)(4,9)",2,1,1.5,False,"13(15,11)(1,5,14)7,12(6,3,9)(8,10,4)-2",2,2,0.0,False,"13(15,11)(1,5,14)-7,12(6,3,4)9(8,10)2",2,2,0.0,False,-2,
202304010302,2,3歳未勝利,ダ,1800,雨,良,10:25,2023-05-06,新潟,3,8,14,2020101551,ダノンワンナップ,牡3,56,01178,斎藤新,1:55.8,2.1/2,4-6-4-4,37.7,6.7,5,466(-2),01162,[東]田中博康,619800,ダノックス,140.0,"13(15,11)(1,5,14)-(6,7)-3-(2,12)8,10,4,9",4,3,0.0,False,"13,15(1,11)5,14(6,7)-3(2,12)(8,10)(4,9)",6,1,3.0,False,"13(15,11)(1,5,14)7,12(6,3,9)(8,10,4)-2",4,3,0.0,False,"13(15,11)(1,5,14)-7,12(6,3,4)9(8,10)2",4,3,0.0,False,-2,
202304010302,2,3歳未勝利,ダ,1800,雨,良,10:25,2023-05-06,新潟,4,6,11,2020100495,ドラゴンヘッド,牡3,56,01169,武藤雅,1:55.9,1/2,2-3-2-2,38.1,32.5,8,440(-10),01064,[東]武藤善則,053803,杉山忠国,83.0,"13(15,11)(1,5,14)-(6,7)-3-(2,12)8,10,4,9",2,2,0.0,False,"13,15(1,11)5,14(6,7)-3(2,12)(8,10)(4,9)",3,2,1.5,False,"13(15,11)(1,5,14)7,12(6,3,9)(8,10,4)-2",2,2,0.0,False,"13(15,11)(1,5,14)-7,12(6,3,4)9(8,10)2",2,2,0.0,False,-2,
202304010302,2,3歳未勝利,ダ,1800,雨,良,10:25,2023-05-06,新潟,5,3,4,2020103753,キタノワンダー,牡3,53,01187,永島まな,1:56.5,3.1/2,14-14-12-9,37.6,11.0,6,464(-4),01043,[東]石栗龍彦,163002,北所直人,55.0,"13(15,11)(1,5,14)-(6,7)-3-(2,12)8,10,4,9",14,1,13.5,False,"13,15(1,11)5,14(6,7)-3(2,12)(8,10)(4,9)",14,2,6.5,False,"13(15,11)(1,5,14)7,12(6,3,9)(8,10,4)-2",12,3,1.5,False,"13(15,11)(1,5,14)-7,12(6,3,4)9(8,10)2",9,3,5.0,False,-2,
202304010302,2,3歳未勝利,ダ,1800,雨,良,10:25,2023-05-06,新潟,6,3,5,2020104757,コモドアーズ,牡3,55,01191,松本大輝,1:56.6,1/2,4-5-4-4,38.5,4.8,2,518(0),01148,[西]西村真幸,271008,安原浩司,,"13(15,11)(1,5,14)-(6,7)-3-(2,12)8,10,4,9",4,3,0.0,False,"13,15(1,11)5,14(6,7)-3(2,12)(8,10)(4,9)",5,1,1.5,False,"13(15,11)(1,5,14)7,12(6,3,9)(8,10,4)-2",4,3,0.0,False,"13(15,11)(1,5,14)-7,12(6,3,4)9(8,10)2",4,3,0.0,False,-2,
202304010302,2,3歳未勝利,ダ,1800,雨,良,10:25,2023-05-06,新潟,7,2,2,2020103939,ホウオウプレシャス,牡3,52,01206,小林美駒,1:57.2,3.1/2,10-10-15-15,38.0,53.0,10,492(0),01127,[東]栗田徹,906033,小笹芳央,,"13(15,11)(1,5,14)-(6,7)-3-(2,12)8,10,4,9",10,2,10.5,False,"13,15(1,11)5,14(6,7)-3(2,12)(8,10)(4,9)",10,2,6.5,False,"13(15,11)(1,5,14)7,12(6,3,9)(8,10,4)-2",15,1,5.0,False,"13(15,11)(1,5,14)-7,12(6,3,4)9(8,10)2",15,1,5.0,False,-2,
202304010302,2,3歳未勝利,ダ,1800,雨,良,10:25,2023-05-06,新潟,8,4,7,2020100231,ワンダーエッジ,牡3,55,01186,角田大和,1:57.5,2,7-7-7-7,39.2,5.2,4,566(-4),01166,[西]石坂公一,184033,山本能成,,"13(15,11)(1,5,14)-(6,7)-3-(2,12)8,10,4,9",7,2,3.5,False,"13,15(1,11)5,14(6,7)-3(2,12)(8,10)(4,9)",7,2,3.0,False,"13(15,11)(1,5,14)7,12(6,3,9)(8,10,4)-2",7,1,0.0,False,"13(15,11)(1,5,14)-7,12(6,3,4)9(8,10)2",7,1,3.5,False,-2,
202304010302,2,3歳未勝利,ダ,1800,雨,良,10:25,2023-05-06,新潟,9,5,9,2020102463,トーセンアデル,牡3,54,01184,原優介,1:57.6,3/4,15-14-9-12,38.9,182.4,12,474(-2),01027,[東]田村康仁,270006,島川隆哉,,"13(15,11)(1,5,14)-(6,7)-3-(2,12)8,10,4,9",15,1,15.0,False,"13,15(1,11)5,14(6,7)-3(2,12)(8,10)(4,9)",14,2,6.5,False,"13(15,11)(1,5,14)7,12(6,3,9)(8,10,4)-2",9,3,1.5,False,"13(15,11)(1,5,14)-7,12(6,3,4)9(8,10)2",12,1,5.0,False,-2,
202304010302,2,3歳未勝利,ダ,1800,雨,良,10:25,2023-05-06,新潟,10,1,1,2020100822,ゼンダンミカメ,牡3,54,01177,小林凌大,1:57.6,ハナ,4-3-4-4,39.6,235.7,13,462(+2),00417,[東]土田稔,377031,ゼンレーシング,,"13(15,11)(1,5,14)-(6,7)-3-(2,12)8,10,4,9",4,3,0.0,False,"13,15(1,11)5,14(6,7)-3(2,12)(8,10)(4,9)",3,2,1.5,False,"13(15,11)(1,5,14)7,12(6,3,9)(8,10,4)-2",4,3,0.0,False,"13(15,11)(1,5,14)-7,12(6,3,4)9(8,10)2",4,3,0.0,False,-2,
202304010302,2,3歳未勝利,ダ,1800,雨,良,10:25,2023-05-06,新潟,11,5,8,2020107139,スカイウイングス,牡3,56,01173,山田敬士,1:57.7,クビ,12-12-12-13,38.8,128.6,11,474(-10),01005,[東]小桧山悟,701030,野田清水,,"13(15,11)(1,5,14)-(6,7)-3-(2,12)8,10,4,9",12,1,10.5,False,"13,15(1,11)5,14(6,7)-3(2,12)(8,10)(4,9)",12,2,6.5,False,"13(15,11)(1,5,14)7,12(6,3,9)(8,10,4)-2",12,3,1.5,False,"13(15,11)(1,5,14)-7,12(6,3,4)9(8,10)2",13,2,5.0,False,-2,
202304010302,2,3歳未勝利,ダ,1800,雨,良,10:25,2023-05-06,新潟,12,2,3,2020105641,サエッタ,牡3,56,01176,亀田温心,1:57.9,1,9-9-9-9,39.2,270.9,15,466(-2),01072,[西]河内洋,788800,ノースヒルズ,,"13(15,11)(1,5,14)-(6,7)-3-(2,12)8,10,4,9",9,1,7.0,False,"13,15(1,11)5,14(6,7)-3(2,12)(8,10)(4,9)",9,1,6.5,False,"13(15,11)(1,5,14)7,12(6,3,9)(8,10,4)-2",9,3,1.5,False,"13(15,11)(1,5,14)-7,12(6,3,4)9(8,10)2",9,3,5.0,False,-2,
202304010302,2,3歳未勝利,ダ,1800,雨,良,10:25,2023-05-06,新潟,13,6,10,2020103953,ヴォーグファラオ,牡3,56,01167,木幡育也,1:57.9,ハナ,13-12-12-13,39.0,241.7,14,470(+4),01119,[東]田中剛,893030,志村幸彦,,"13(15,11)(1,5,14)-(6,7)-3-(2,12)8,10,4,9",13,1,12.0,False,"13,15(1,11)5,14(6,7)-3(2,12)(8,10)(4,9)",12,2,6.5,False,"13(15,11)(1,5,14)7,12(6,3,9)(8,10,4)-2",12,3,1.5,False,"13(15,11)(1,5,14)-7,12(6,3,4)9(8,10)2",13,2,5.0,False,-2,
202304010302,2,3歳未勝利,ダ,1800,雨,良,10:25,2023-05-06,新潟,14,7,12,2020103958,スパーキングブルー,牡3,55,01181,秋山稔樹,1:57.9,クビ,10-10-8-8,39.4,37.4,9,482(+4),01123,[西]牧田和弥,854800,ノルマンディーサラブ...,,"13(15,11)(1,5,14)-(6,7)-3-(2,12)8,10,4,9",10,2,10.5,False,"13,15(1,11)5,14(6,7)-3(2,12)(8,10)(4,9)",10,2,6.5,False,"13(15,11)(1,5,14)7,12(6,3,9)(8,10,4)-2",8,1,1.5,False,"13(15,11)(1,5,14)-7,12(6,3,4)9(8,10)2",8,1,5.0,False,-2,
202304010302,2,3歳未勝利,ダ,1800,雨,良,10:25,2023-05-06,新潟,15,4,6,2020106385,ブレードキング,牡3,53,01197,佐々木大,1:58.0,1/2,7-7-9-9,39.3,3.6,1,524(-4),01051,[東]岩戸孝樹,620033,大島豊彦,,"13(15,11)(1,5,14)-(6,7)-3-(2,12)8,10,4,9",7,2,3.5,False,"13,15(1,11)5,14(6,7)-3(2,12)(8,10)(4,9)",7,2,3.0,False,"13(15,11)(1,5,14)7,12(6,3,9)(8,10,4)-2",9,3,1.5,False,"13(15,11)(1,5,14)-7,12(6,3,4)9(8,10)2",9,3,5.0,False,-2,
202304010303,3,3歳未勝利,ダ,1200,小雨,良,10:55,2023-05-06,新潟,1,4,6,2020102872,シャドウダッチェス,牝3,51,01197,佐々木大,1:11.8,,1-1,37.3,4.0,1,458(-12),01174,[東]深山雅史,308002,飯塚知一,550.0,,,,,,,,,,,"6(10,13)8,5(2,7,14)(3,15)-12-11-(4,9)-1",1,1,0.0,False,"6(10,13)8,5(2,7)14(3,15)-12-11-(4,9)-1",1,1,0.0,False,-5,
202304010303,3,3歳未勝利,ダ,1200,小雨,良,10:55,2023-05-06,新潟,2,6,10,2020101162,カレンチャンキー,牝3,54,01019,秋山真一,1:12.1,1.3/4,2-2,37.5,9.7,6,468(+12),01111,[西]鈴木孝志,869006,鈴木隆司,220.0,,,,,,,,,,,"6(10,13)8,5(2,7,14)(3,15)-12-11-(4,9)-1",2,2,0.0,False,"6(10,13)8,5(2,7)14(3,15)-12-11-(4,9)-1",2,2,0.0,False,-5,
202304010303,3,3歳未勝利,ダ,1200,小雨,良,10:55,2023-05-06,新潟,3,4,7,2020101271,アイファースキャン,牡3,54,01164,藤田菜七,1:12.4,2,6-6,37.2,8.0,4,474(-2),01029,[東]根本康広,119007,中島稔,140.0,,,,,,,,,,,"6(10,13)8,5(2,7,14)(3,15)-12-11-(4,9)-1",6,3,1.5,False,"6(10,13)8,5(2,7)14(3,15)-12-11-(4,9)-1",6,2,1.5,False,-5,
202304010303,3,3歳未勝利,ダ,1200,小雨,良,10:55,2023-05-06,新潟,4,3,5,2020106388,ディアナゼロス,牝3,54,01091,丹内祐次,1:12.7,2,5-5,37.7,4.7,3,470(+4),01106,[東]牧光二,510033,天堀忠博,83.0,,,,,,,,,,,"6(10,13)8,5(2,7,14)(3,15)-12-11-(4,9)-1",5,1,1.5,False,"6(10,13)8,5(2,7)14(3,15)-12-11-(4,9)-1",5,1,1.5,False,-5,
202304010303,3,3歳未勝利,ダ,1200,小雨,良,10:55,2023-05-06,新潟,5,2,3,2020101770,トリプルウイナー,牡3,53,01187,永島まな,1:13.0,1.1/2,9-9,37.5,4.2,2,434(+2),00429,[西]佐々木晶,087803,ＨｉｍＲｏｃｋＲａｃ...,55.0,,,,,,,,,,,"6(10,13)8,5(2,7,14)(3,15)-12-11-(4,9)-1",9,2,1.5,False,"6(10,13)8,5(2,7)14(3,15)-12-11-(4,9)-1",9,2,1.5,False,-5,
202304010303,3,3歳未勝利,ダ,1200,小雨,良,10:55,2023-05-06,新潟,6,2,2,2020105888,イナホ,牝3,54,01025,勝浦正樹,1:13.0,クビ,6-6,37.9,23.7,8,448(-2),01005,[東]小桧山悟,981002,中村勝彦,,,,,,,,,,,,"6(10,13)8,5(2,7,14)(3,15)-12-11-(4,9)-1",6,3,1.5,False,"6(10,13)8,5(2,7)14(3,15)-12-11-(4,9)-1",6,2,1.5,False,-5,
202304010303,3,3歳未勝利,ダ,1200,小雨,良,10:55,2023-05-06,新潟,7,7,13,2020104476,フォーサイティド,牝3,51,01193,今村聖奈,1:13.2,1.1/4,2-2,38.5,8.5,5,490(+4),01181,[西]茶木太樹,994002,飯田正剛,,,,,,,,,,,,"6(10,13)8,5(2,7,14)(3,15)-12-11-(4,9)-1",2,2,0.0,False,"6(10,13)8,5(2,7)14(3,15)-12-11-(4,9)-1",2,2,0.0,False,-5,
202304010303,3,3歳未勝利,ダ,1200,小雨,良,10:55,2023-05-06,新潟,8,8,15,2020101443,キタノトパーズ,牝3,54,01173,山田敬士,1:13.7,3,9-9,38.2,93.2,11,436(0),01093,[東]松永康利,163002,北所直人,,,,,,,,,,,,"6(10,13)8,5(2,7,14)(3,15)-12-11-(4,9)-1",9,2,1.5,False,"6(10,13)8,5(2,7)14(3,15)-12-11-(4,9)-1",9,2,1.5,False,-5,
202304010303,3,3歳未勝利,ダ,1200,小雨,良,10:55,2023-05-06,新潟,9,5,9,2020102399,エヌタンホイザー,牡3,55,01192,横山琉人,1:13.7,クビ,13-13,36.8,95.1,12,514(0),01047,[東]勢司和浩,863033,成富直行,,,,,,,,,,,,"6(10,13)8,5(2,7,14)(3,15)-12-11-(4,9)-1",13,2,12.0,False,"6(10,13)8,5(2,7)14(3,15)-12-11-(4,9)-1",13,2,12.0,False,-5,
202304010303,3,3歳未勝利,ダ,1200,小雨,良,10:55,2023-05-06,新潟,10,7,12,2020105846,クライアウト,牝3,52,01184,原優介,1:13.8,1/2,11-11,37.9,173.3,13,420(0),01156,[東]青木孝文,812008,石瀬浩三,,,,,,,,,,,,"6(10,13)8,5(2,7,14)(3,15)-12-11-(4,9)-1",11,1,5.0,False,"6(10,13)8,5(2,7)14(3,15)-12-11-(4,9)-1",11,1,5.0,False,-5,
202304010303,3,3歳未勝利,ダ,1200,小雨,良,10:55,2023-05-06,新潟,11,8,14,2020104287,サンガネーブ,牡3,56,01102,北村友一,1:13.9,クビ,6-8,38.7,12.4,7,496(+6),01180,[西]田中克典,281008,水上ふじ子,,,,,,,,,,,,"6(10,13)8,5(2,7,14)(3,15)-12-11-(4,9)-1",6,3,1.5,False,"6(10,13)8,5(2,7)14(3,15)-12-11-(4,9)-1",8,1,1.5,False,-5,
202304010303,3,3歳未勝利,ダ,1200,小雨,良,10:55,2023-05-06,新潟,12,6,11,2020107015,メイショウボンゴチ,牡3,52,01204,河原田菜,1:14.0,3/4,12-12,37.5,465.4,15,430(-14),01095,[西]荒川義之,523005,松本好雄,,,,,,,,,,,,"6(10,13)8,5(2,7,14)(3,15)-12-11-(4,9)-1",12,1,8.5,False,"6(10,13)8,5(2,7)14(3,15)-12-11-(4,9)-1",12,1,8.5,False,-5,
202304010303,3,3歳未勝利,ダ,1200,小雨,良,10:55,2023-05-06,新潟,13,5,8,2020101882,マサノゴールド,牡3,55,01186,角田大和,1:14.1,クビ,4-4,39.3,32.3,9,510(+8),01139,[西]飯田祐史,320803,古賀禎彦,,,,,,,,,,,,"6(10,13)8,5(2,7,14)(3,15)-12-11-(4,9)-1",4,1,0.0,False,"6(10,13)8,5(2,7)14(3,15)-12-11-(4,9)-1",4,1,0.0,False,-5,
202304010303,3,3歳未勝利,ダ,1200,小雨,良,10:55,2023-05-06,新潟,14,1,1,2020100765,ハクサンアルタイル,牡3,53,01203,石田拓郎,1:14.2,1/2,15-15,36.8,397.4,14,456(0),01116,[東]新開幸一,841030,河崎五市,,,,,,,,,,,,"6(10,13)8,5(2,7,14)(3,15)-12-11-(4,9)-1",15,1,15.5,False,"6(10,13)8,5(2,7)14(3,15)-12-11-(4,9)-1",15,1,15.5,False,-5,
202304010303,3,3歳未勝利,ダ,1200,小雨,良,10:55,2023-05-06,新潟,15,3,4,2020104139,スリーパイロ,セ3,56,01161,菊沢一樹,1:14.9,4,13-13,38.0,41.6,10,458(0),01023,[東]伊藤圭三,061800,永井商事,,,,,,,,,,,,"6(10,13)8,5(2,7,14)(3,15)-12-11-(4,9)-1",13,2,12.0,False,"6(10,13)8,5(2,7)14(3,15)-12-11-(4,9)-1",13,2,12.0,False,-5,
202304010304,4,障害4歳以上未勝利,芝,2890,小雨,稍重,11:25,2023-05-06,新潟,1,6,6,2018102060,ハンディーズピーク,牡5,58,01196,小牧加矢,3:10.3,,3-3-3-3,13.2,3.1,2,514(-2),01058,[西]大久保龍,948006,前田幸治,790.0,"3=4-(1,6)-5,7(2,8)",3,2,9.5,False,"3,4-6=5-7(1,2,8)",3,1,5.0,False,"(3,*4)-6=(5,2)=8=7=1",3,1,3.5,False,"4,3,6=(5,2)=8=7=1",3,1,3.0,False,,
202304010304,4,障害4歳以上未勝利,芝,2890,小雨,稍重,11:25,2023-05-06,新潟,2,2,2,2018100430,ゼンダンピューマ,セ5,60,01059,石神深一,3:10.8,3,7-6-4-4,13.2,19.6,5,462(-12),00417,[東]土田稔,377031,ゼンレーシング,320.0,"3=4-(1,6)-5,7(2,8)",7,2,14.5,False,"3,4-6=5-7(1,2,8)",6,3,14.5,False,"(3,*4)-6=(5,2)=8=7=1",4,2,9.5,False,"4,3,6=(5,2)=8=7=1",4,2,9.0,False,,
202304010304,4,障害4歳以上未勝利,芝,2890,小雨,稍重,11:25,2023-05-06,新潟,3,4,4,2019109053,グランシャーク,牡4,59,01069,五十嵐雄,3:11.2,2.1/2,2-2-1-1,13.2,3.5,3,506(+2),01112,[東]田島俊明,851009,岡田牧雄,200.0,"3=4-(1,6)-5,7(2,8)",2,1,6.0,False,"3,4-6=5-7(1,2,8)",2,1,1.5,False,"(3,*4)-6=(5,2)=8=7=1",1,2,0.0,True,"4,3,6=(5,2)=8=7=1",1,1,0.0,False,,
202304010304,4,障害4歳以上未勝利,芝,2890,小雨,稍重,11:25,2023-05-06,新潟,4,5,5,2018102226,ユーベルント,牝5,58,01061,大庭和弥,3:11.4,1.1/4,5-4-4-4,13.2,76.2,8,444(-2),01189,[東]堀内岳志,854800,ノルマンディーサラブ...,120.0,"3=4-(1,6)-5,7(2,8)",5,1,13.0,False,"3,4-6=5-7(1,2,8)",4,1,11.0,False,"(3,*4)-6=(5,2)=8=7=1",4,2,9.5,False,"4,3,6=(5,2)=8=7=1",4,2,9.0,False,,
202304010304,4,障害4歳以上未勝利,芝,2890,小雨,稍重,11:25,2023-05-06,新潟,5,3,3,2017103381,ティートラップ,牡6,60,01087,上野翔,3:11.9,3,1-1-2-2,13.3,2.7,1,474(+2),01031,[東]伊藤伸一,966002,深見富朗,79.0,"3=4-(1,6)-5,7(2,8)",1,1,0.0,False,"3,4-6=5-7(1,2,8)",1,1,0.0,False,"(3,*4)-6=(5,2)=8=7=1",2,2,0.0,False,"4,3,6=(5,2)=8=7=1",2,1,1.5,False,,
202304010304,4,障害4歳以上未勝利,芝,2890,小雨,稍重,11:25,2023-05-06,新潟,6,7,7,2019100522,ノアチェリー,牝4,57,01120,大江原圭,3:14.3,大,6-5-7-7,13.4,5.9,4,474(-2),01076,[東]小笠倫弘,861002,佐山公男,,"3=4-(1,6)-5,7(2,8)",6,1,14.5,False,"3,4-6=5-7(1,2,8)",5,1,14.5,False,"(3,*4)-6=(5,2)=8=7=1",7,1,21.5,False,"4,3,6=(5,2)=8=7=1",7,1,21.0,False,,
202304010304,4,障害4歳以上未勝利,芝,2890,小雨,稍重,11:25,2023-05-06,新潟,7,8,8,2019102850,イザトナレバ,セ4,59,01052,金子光希,3:14.4,クビ,7-6-6-6,13.5,45.2,7,454(0),01177,[東]伊坂重信,757033,大久保幸夫,,"3=4-(1,6)-5,7(2,8)",7,2,14.5,False,"3,4-6=5-7(1,2,8)",6,3,14.5,False,"(3,*4)-6=(5,2)=8=7=1",6,1,15.5,False,"4,3,6=(5,2)=8=7=1",6,1,15.0,False,,
202304010304,4,障害4歳以上未勝利,芝,2890,小雨,稍重,11:25,2023-05-06,新潟,8,1,1,2019105915,グッドグロウス,牡4,59,01123,小野寺祐,3:19.8,大,3-6-8-8,13.8,23.9,6,468(0),00425,[西]加用正,350002,宮川純造,,"3=4-(1,6)-5,7(2,8)",3,2,9.5,False,"3,4-6=5-7(1,2,8)",6,3,14.5,False,"(3,*4)-6=(5,2)=8=7=1",8,1,27.5,False,"4,3,6=(5,2)=8=7=1",8,1,27.0,False,,
202304010305,5,3歳未勝利,芝,1800,曇,稍重,12:15,2023-05-06,新潟,1,2,3,2020102561,インペリアルコート,牝3,54,01178,斎藤新,1:50.0,,3-3,35.9,4.0,2,430(-4),01097,[東]鹿戸雄一,231033,吉田晴哉,550.0,,,,,,,,,,,"10,4(3,11)(2,5)-1(6,9,15)(13,12)(7,8)-14",3,2,1.5,False,"10,4(3,11)(2,5)(1,9,15)(6,13,12)(7,8)-14",3,2,1.5,False,4,
202304010305,5,3歳未勝利,芝,1800,曇,稍重,12:15,2023-05-06,新潟,2,6,10,2020105618,オブリクア,牝3,53,01181,秋山稔樹,1:50.0,ハナ,1-1,36.2,6.4,4,448(-4),01017,[東]萩原清,788800,ノースヒルズ,220.0,,,,,,,,,,,"10,4(3,11)(2,5)-1(6,9,15)(13,12)(7,8)-14",1,1,0.0,False,"10,4(3,11)(2,5)(1,9,15)(6,13,12)(7,8)-14",1,1,0.0,False,4,
202304010305,5,3歳未勝利,芝,1800,曇,稍重,12:15,2023-05-06,新潟,3,3,4,2020104472,プレッジ,牝3,51,01197,佐々木大,1:50.2,1.1/4,2-2,36.2,6.4,5,464(-2),01137,[西]中内田充,994002,飯田正剛,140.0,,,,,,,,,,,"10,4(3,11)(2,5)-1(6,9,15)(13,12)(7,8)-14",2,1,1.5,False,"10,4(3,11)(2,5)(1,9,15)(6,13,12)(7,8)-14",2,1,1.5,False,4,
202304010305,5,3歳未勝利,芝,1800,曇,稍重,12:15,2023-05-06,新潟,4,5,9,2020105498,キタノチェロキー,牝3,52,01184,原優介,1:50.4,1.1/2,8-7,35.7,5.7,3,454(+2),01096,[東]粕谷昌央,163002,北所直人,83.0,,,,,,,,,,,"10,4(3,11)(2,5)-1(6,9,15)(13,12)(7,8)-14",8,3,5.0,False,"10,4(3,11)(2,5)(1,9,15)(6,13,12)(7,8)-14",7,3,1.5,False,4,
202304010305,5,3歳未勝利,芝,1800,曇,稍重,12:15,2023-05-06,新潟,5,4,6,2020102574,トゥルブレンツ,牝3,54,01168,富田暁,1:50.5,3/4,8-10,35.4,300.7,14,418(+4),01194,[西]小栗実,808800,Ｇ１レーシング,55.0,,,,,,,,,,,"10,4(3,11)(2,5)-1(6,9,15)(13,12)(7,8)-14",8,3,5.0,False,"10,4(3,11)(2,5)(1,9,15)(6,13,12)(7,8)-14",10,3,1.5,False,4,
202304010305,5,3歳未勝利,芝,1800,曇,稍重,12:15,2023-05-06,新潟,6,7,12,2020105797,アンノウンレディ,牝3,51,01187,永島まな,1:50.6,クビ,11-10,35.5,33.3,7,438(0),01080,[東]清水英克,546800,サラブレッドクラブ・...,,,,,,,,,,,,"10,4(3,11)(2,5)-1(6,9,15)(13,12)(7,8)-14",11,2,5.0,False,"10,4(3,11)(2,5)(1,9,15)(6,13,12)(7,8)-14",10,3,1.5,False,4,
202304010305,5,3歳未勝利,芝,1800,曇,稍重,12:15,2023-05-06,新潟,7,8,15,2020103561,エルモサミオ,牝3,54,01102,北村友一,1:50.9,1.3/4,8-7,36.2,3.8,1,480(0),01164,[西]安田翔伍,849030,山口功一郎,,,,,,,,,,,,"10,4(3,11)(2,5)-1(6,9,15)(13,12)(7,8)-14",8,3,5.0,False,"10,4(3,11)(2,5)(1,9,15)(6,13,12)(7,8)-14",7,3,1.5,False,4,
202304010305,5,3歳未勝利,芝,1800,曇,稍重,12:15,2023-05-06,新潟,8,5,8,2020105567,ステラポイント,牝3,54,01093,藤岡佑介,1:50.9,ハナ,13-13,35.4,9.3,6,442(0),01157,[西]杉山晴紀,358803,ホシノレーシング,,,,,,,,,,,,"10,4(3,11)(2,5)-1(6,9,15)(13,12)(7,8)-14",13,2,5.0,False,"10,4(3,11)(2,5)(1,9,15)(6,13,12)(7,8)-14",13,2,1.5,False,4,
202304010305,5,3歳未勝利,芝,1800,曇,稍重,12:15,2023-05-06,新潟,9,1,1,2020103112,ヒットザフロント,牝3,50,01204,河原田菜,1:51.0,1/2,7-7,36.3,51.7,10,474(-4),01161,[西]武英智,415800,社台レースホース,,,,,,,,,,,,"10,4(3,11)(2,5)-1(6,9,15)(13,12)(7,8)-14",7,1,5.0,False,"10,4(3,11)(2,5)(1,9,15)(6,13,12)(7,8)-14",7,3,1.5,False,4,
202304010305,5,3歳未勝利,芝,1800,曇,稍重,12:15,2023-05-06,新潟,10,7,13,2020102969,ルージュレクラン,牝3,51,01195,川端海翼,1:51.5,3,11-10,36.3,40.3,8,448(0),00438,[西]安田隆行,180800,東京ホースレーシング,,,,,,,,,,,,"10,4(3,11)(2,5)-1(6,9,15)(13,12)(7,8)-14",11,2,5.0,False,"10,4(3,11)(2,5)(1,9,15)(6,13,12)(7,8)-14",10,3,1.5,False,4,
202304010305,5,3歳未勝利,芝,1800,曇,稍重,12:15,2023-05-06,新潟,11,2,2,2020101691,ブリーゼ,牝3,52,01164,藤田菜七,1:51.5,ハナ,5-5,37.1,45.3,9,400(-2),01179,[東]鈴木慎太,985033,阿部東亜子,,,,,,,,,,,,"10,4(3,11)(2,5)-1(6,9,15)(13,12)(7,8)-14",5,2,1.5,False,"10,4(3,11)(2,5)(1,9,15)(6,13,12)(7,8)-14",5,2,1.5,False,4,
202304010305,5,3歳未勝利,芝,1800,曇,稍重,12:15,2023-05-06,新潟,12,4,7,2020102697,ウテナ,牝3,52,01177,小林凌大,1:51.5,クビ,13-13,36.0,61.2,12,406(+2),01112,[東]田島俊明,430033,林弘之,,,,,,,,,,,,"10,4(3,11)(2,5)-1(6,9,15)(13,12)(7,8)-14",13,2,5.0,False,"10,4(3,11)(2,5)(1,9,15)(6,13,12)(7,8)-14",13,2,1.5,False,4,
202304010305,5,3歳未勝利,芝,1800,曇,稍重,12:15,2023-05-06,新潟,13,3,5,2020100119,クーラント,牝3,54,01025,勝浦正樹,1:52.2,4,5-5,37.8,52.9,11,414(0),01187,[東]西田雄一,748030,市瀬章,,,,,,,,,,,,"10,4(3,11)(2,5)-1(6,9,15)(13,12)(7,8)-14",5,2,1.5,False,"10,4(3,11)(2,5)(1,9,15)(6,13,12)(7,8)-14",5,2,1.5,False,4,
202304010305,5,3歳未勝利,芝,1800,曇,稍重,12:15,2023-05-06,新潟,14,8,14,2020104654,レガロフィオリ,牝3,51,01202,鷲頭虎太,1:52.6,2.1/2,15-15,36.7,490.1,15,426(+4),01129,[西]高橋義忠,547800,ヒダカ・ブリーダーズ...,,,,,,,,,,,,"10,4(3,11)(2,5)-1(6,9,15)(13,12)(7,8)-14",15,1,8.5,False,"10,4(3,11)(2,5)(1,9,15)(6,13,12)(7,8)-14",15,1,5.0,False,4,
202304010305,5,3歳未勝利,芝,1800,曇,稍重,12:15,2023-05-06,新潟,15,6,11,2020105691,ココマンダリン,牝3,54,01144,菱田裕二,1:53.0,2.1/2,3-3,38.8,80.9,13,450(0),01067,[東]久保田貴,938031,越村洋子,,,,,,,,,,,,"10,4(3,11)(2,5)-1(6,9,15)(13,12)(7,8)-14",3,2,1.5,False,"10,4(3,11)(2,5)(1,9,15)(6,13,12)(7,8)-14",3,2,1.5,False,4,
202304010306,6,3歳未勝利,芝,1200,曇,稍重,12:45,2023-05-06,新潟,1,6,11,2020105365,ドーバーホーク,牡3,54,01184,原優介,1:09.9,,4-4,34.8,3.5,1,478(0),01080,[東]清水英克,399009,嶋田賢,550.0,,,,,,,,,,,"7,16,9(4,11)(3,12,14)(6,15)2,10(1,8)-5-13",4,2,3.0,False,"7,16-9(4,11)(12,14)3(6,15)(2,10)1,8,5-13",4,2,5.0,False,4,
202304010306,6,3歳未勝利,芝,1200,曇,稍重,12:45,2023-05-06,新潟,2,4,7,2020102050,サンポーニャ,牝3,51,01193,今村聖奈,1:10.1,1,1-1,35.6,4.0,2,428(-6),01071,[西]池江泰寿,708800,金子真人ホールディン...,220.0,,,,,,,,,,,"7,16,9(4,11)(3,12,14)(6,15)2,10(1,8)-5-13",1,1,0.0,False,"7,16-9(4,11)(12,14)3(6,15)(2,10)1,8,5-13",1,1,0.0,False,4,
202304010306,6,3歳未勝利,芝,1200,曇,稍重,12:45,2023-05-06,新潟,3,2,4,2020103844,フリントロック,牝3,51,01187,永島まな,1:10.2,1,4-4,35.1,12.0,6,422(-6),01115,[東]菊沢隆徳,013700,ディアレスト,140.0,,,,,,,,,,,"7,16,9(4,11)(3,12,14)(6,15)2,10(1,8)-5-13",4,2,3.0,False,"7,16-9(4,11)(12,14)3(6,15)(2,10)1,8,5-13",4,2,5.0,False,4,
202304010306,6,3歳未勝利,芝,1200,曇,稍重,12:45,2023-05-06,新潟,4,5,9,2020104545,スマートメイプル,牝3,54,01168,富田暁,1:10.3,クビ,3-3,35.4,7.2,5,456(-2),01075,[西]矢作芳人,007803,大川徹,83.0,,,,,,,,,,,"7,16,9(4,11)(3,12,14)(6,15)2,10(1,8)-5-13",3,1,3.0,False,"7,16-9(4,11)(12,14)3(6,15)(2,10)1,8,5-13",3,1,5.0,False,4,
202304010306,6,3歳未勝利,芝,1200,曇,稍重,12:45,2023-05-06,新潟,5,6,12,2020106055,アナザームーン,牡3,53,01207,佐藤翔馬,1:10.8,3,6-6,35.4,18.0,7,460(-6),01094,[東]水野貴広,029007,吉田好雄,55.0,,,,,,,,,,,"7,16,9(4,11)(3,12,14)(6,15)2,10(1,8)-5-13",6,3,3.0,False,"7,16-9(4,11)(12,14)3(6,15)(2,10)1,8,5-13",6,2,5.0,False,4,
202304010306,6,3歳未勝利,芝,1200,曇,稍重,12:45,2023-05-06,新潟,6,8,16,2020105562,パルフュメ,牝3,51,01197,佐々木大,1:11.0,1.1/2,2-2,36.4,5.2,3,454(-4),01051,[東]岩戸孝樹,073803,大冨智弘,,,,,,,,,,,,"7,16,9(4,11)(3,12,14)(6,15)2,10(1,8)-5-13",2,1,1.5,False,"7,16-9(4,11)(12,14)3(6,15)(2,10)1,8,5-13",2,1,1.5,False,4,
202304010306,6,3歳未勝利,芝,1200,曇,稍重,12:45,2023-05-06,新潟,7,2,3,2020103038,キャルキューレ,牝3,51,01194,大久保友,1:11.1,1/2,6-8,35.7,39.5,9,406(0),01097,[東]鹿戸雄一,658033,里見治紀,,,,,,,,,,,,"7,16,9(4,11)(3,12,14)(6,15)2,10(1,8)-5-13",6,3,3.0,False,"7,16-9(4,11)(12,14)3(6,15)(2,10)1,8,5-13",8,1,5.0,False,4,
202304010306,6,3歳未勝利,芝,1200,曇,稍重,12:45,2023-05-06,新潟,8,7,14,2020104598,ショウナンアウリイ,牝3,53,01186,角田大和,1:11.2,1/2,6-6,35.8,59.9,10,452(+4),01149,[西]松下武士,331002,国本哲秀,,,,,,,,,,,,"7,16,9(4,11)(3,12,14)(6,15)2,10(1,8)-5-13",6,3,3.0,False,"7,16-9(4,11)(12,14)3(6,15)(2,10)1,8,5-13",6,2,5.0,False,4,
202304010306,6,3歳未勝利,芝,1200,曇,稍重,12:45,2023-05-06,新潟,9,1,1,2020104626,クツワファミリー,牡3,56,01161,菊沢一樹,1:11.2,ハナ,13-13,35.1,36.6,8,472(-2),01051,[東]岩戸孝樹,247030,芳賀克也,,,,,,,,,,,,"7,16,9(4,11)(3,12,14)(6,15)2,10(1,8)-5-13",13,2,4.5,False,"7,16-9(4,11)(12,14)3(6,15)(2,10)1,8,5-13",13,1,5.0,False,4,
202304010306,6,3歳未勝利,芝,1200,曇,稍重,12:45,2023-05-06,新潟,10,3,6,2020104377,レッツプロミス,牝3,54,01134,嶋田純次,1:11.3,1/2,9-9,35.7,275.9,12,416(0),01056,[東]本間忍,629800,ミルファーム,,,,,,,,,,,,"7,16,9(4,11)(3,12,14)(6,15)2,10(1,8)-5-13",9,2,3.0,False,"7,16-9(4,11)(12,14)3(6,15)(2,10)1,8,5-13",9,2,5.0,False,4,
202304010306,6,3歳未勝利,芝,1200,曇,稍重,12:45,2023-05-06,新潟,11,1,2,2020100897,ルソレイユ,牡3,56,01160,荻野極,1:11.3,ハナ,11-11,35.5,6.1,4,508(0),01078,[西]北出成人,307700,サクラターフィークラ...,,,,,,,,,,,,"7,16,9(4,11)(3,12,14)(6,15)2,10(1,8)-5-13",11,1,3.0,False,"7,16-9(4,11)(12,14)3(6,15)(2,10)1,8,5-13",11,2,5.0,False,4,
202304010306,6,3歳未勝利,芝,1200,曇,稍重,12:45,2023-05-06,新潟,12,8,15,2020105932,キャロリン,牝3,54,00894,小牧太,1:11.6,1.1/2,9-9,35.9,387.2,14,410(+10),01104,[西]笹田和秀,914031,伊藤永二郎,,,,,,,,,,,,"7,16,9(4,11)(3,12,14)(6,15)2,10(1,8)-5-13",9,2,3.0,False,"7,16-9(4,11)(12,14)3(6,15)(2,10)1,8,5-13",9,2,5.0,False,4,
202304010306,6,3歳未勝利,芝,1200,曇,稍重,12:45,2023-05-06,新潟,13,5,10,2020103761,カンタベリースワン,牝3,52,01177,小林凌大,1:11.8,1.1/4,12-11,35.9,445.6,15,446(+8),01024,[東]萱野浩二,684006,峰哲馬,,,,,,,,,,,,"7,16,9(4,11)(3,12,14)(6,15)2,10(1,8)-5-13",12,1,4.5,False,"7,16-9(4,11)(12,14)3(6,15)(2,10)1,8,5-13",11,2,5.0,False,4,
202304010306,6,3歳未勝利,芝,1200,曇,稍重,12:45,2023-05-06,新潟,14,4,8,2020109083,センレツ,牡3,55,01181,秋山稔樹,1:12.5,4,13-14,36.4,475.4,16,432(+12),01047,[東]勢司和浩,663007,内藤好江,,,,,,,,,,,,"7,16,9(4,11)(3,12,14)(6,15)2,10(1,8)-5-13",13,2,4.5,False,"7,16-9(4,11)(12,14)3(6,15)(2,10)1,8,5-13",14,1,6.5,False,4,
202304010306,6,3歳未勝利,芝,1200,曇,稍重,12:45,2023-05-06,新潟,15,3,5,2020102402,ギャロップオー,牡3,53,01201,水沼元輝,1:12.6,1,15-15,36.1,315.5,13,450(-12),00437,[東]南田美知,307033,田畑富子,,,,,,,,,,,,"7,16,9(4,11)(3,12,14)(6,15)2,10(1,8)-5-13",15,1,8.0,False,"7,16-9(4,11)(12,14)3(6,15)(2,10)1,8,5-13",15,1,8.0,False,4,
202304010306,6,3歳未勝利,芝,1200,曇,稍重,12:45,2023-05-06,新潟,16,7,13,2020101903,アートオブサウンド,牝3,51,01198,土田真翔,1:15.8,大,16-16,38.9,125.3,11,512(0),01141,[東]尾形和幸,318803,ニッシンホールディン...,,,,,,,,,,,,"7,16,9(4,11)(3,12,14)(6,15)2,10(1,8)-5-13",16,1,11.5,False,"7,16-9(4,11)(12,14)3(6,15)(2,10)1,8,5-13",16,1,11.5,False,4,
202304010307,7,4歳以上1勝クラス,ダ,1800,曇,稍重,13:15,2023-05-06,新潟,1,5,5,2018105996,サムハンター,牡5,58,01127,丸山元気,1:56.5,,3-3-3-3,36.5,1.7,1,494(+2),01135,[西]高橋康之,436800,駒秀,800.0,"(*4,6)5-2,1,3,9,7   8",3,1,0.0,False,"4,6,5,2,1,3(7,9)   8",3,1,3.0,False,"(*4,6)5-(1,2)(3,9)7   8",3,1,0.0,False,"(*4,6)5-2,1(3,9)7   8",3,1,0.0,False,-4,
202304010307,7,4歳以上1勝クラス,ダ,1800,曇,稍重,13:15,2023-05-06,新潟,2,4,4,2019105649,ターゲサンブルック,牡4,58,01178,斎藤新,1:56.5,クビ,1-1-1-1,36.7,5.9,3,488(+4),01146,[西]奥村豊,320030,幅田京子,320.0,"(*4,6)5-2,1,3,9,7   8",1,2,0.0,True,"4,6,5,2,1,3(7,9)   8",1,1,0.0,False,"(*4,6)5-(1,2)(3,9)7   8",1,2,0.0,True,"(*4,6)5-2,1(3,9)7   8",1,2,0.0,True,-4,
202304010307,7,4歳以上1勝クラス,ダ,1800,曇,稍重,13:15,2023-05-06,新潟,3,6,6,2019102514,サパテアール,牡4,58,01091,丹内祐次,1:56.7,1,2-2-2-2,36.8,6.4,4,514(-2),01048,[東]畠山吉宏,716800,ビッグレッドファーム,200.0,"(*4,6)5-2,1,3,9,7   8",2,2,0.0,False,"4,6,5,2,1,3(7,9)   8",2,1,1.5,False,"(*4,6)5-(1,2)(3,9)7   8",2,2,0.0,False,"(*4,6)5-2,1(3,9)7   8",2,2,0.0,False,-4,
202304010307,7,4歳以上1勝クラス,ダ,1800,曇,稍重,13:15,2023-05-06,新潟,4,2,2,2018104738,コンテナジュニア,牡5,58,01099,鮫島良太,1:57.4,4,4-4-4-4,37.0,3.9,2,516(-10),01113,[西]牧浦充徳,836030,住谷孝一,120.0,"(*4,6)5-2,1,3,9,7   8",4,1,3.5,False,"4,6,5,2,1,3(7,9)   8",4,1,4.5,False,"(*4,6)5-(1,2)(3,9)7   8",4,2,3.5,False,"(*4,6)5-2,1(3,9)7   8",4,1,3.5,False,-4,
202304010307,7,4歳以上1勝クラス,ダ,1800,曇,稍重,13:15,2023-05-06,新潟,5,3,3,2016103409,ジェイエルフラッグ,牝7,54,01177,小林凌大,1:57.6,1.1/2,6-6-6-6,37.0,93.4,7,450(+4),00405,[東]小西一男,173033,橋元幸人,80.0,"(*4,6)5-2,1,3,9,7   8",6,1,6.5,False,"4,6,5,2,1,3(7,9)   8",6,1,7.5,False,"(*4,6)5-(1,2)(3,9)7   8",6,2,3.5,False,"(*4,6)5-2,1(3,9)7   8",6,2,5.0,False,-4,
202304010307,7,4歳以上1勝クラス,ダ,1800,曇,稍重,13:15,2023-05-06,新潟,6,7,7,2017101763,ラブエスポー,牝6,54,01184,原優介,1:57.7,1/2,8-7-8-8,36.8,12.5,5,450(0),01131,[東]蛯名利弘,291002,増田陽一,,"(*4,6)5-2,1,3,9,7   8",8,1,9.5,False,"4,6,5,2,1,3(7,9)   8",7,2,7.5,False,"(*4,6)5-(1,2)(3,9)7   8",8,1,3.5,False,"(*4,6)5-2,1(3,9)7   8",8,1,5.0,False,-4,
202304010307,7,4歳以上1勝クラス,ダ,1800,曇,稍重,13:15,2023-05-06,新潟,7,1,1,2018103468,チャーチャンテン,牝5,56,01161,菊沢一樹,1:58.4,4,5-5-4-5,38.0,146.7,8,420(+8),00421,[東]浅野洋一,855030,田頭勇貴,,"(*4,6)5-2,1,3,9,7   8",5,1,5.0,False,"4,6,5,2,1,3(7,9)   8",5,1,6.0,False,"(*4,6)5-(1,2)(3,9)7   8",4,2,3.5,False,"(*4,6)5-2,1(3,9)7   8",5,1,5.0,False,-4,
202304010307,7,4歳以上1勝クラス,ダ,1800,曇,稍重,13:15,2023-05-06,新潟,8,8,9,2017103569,バルンストック,セ6,57,01192,横山琉人,1:58.5,1/2,7-7-6-6,37.8,62.8,6,488(0),01090,[東]天間昭一,854800,ノルマンディーサラブ...,,"(*4,6)5-2,1,3,9,7   8",7,1,8.0,False,"4,6,5,2,1,3(7,9)   8",7,2,7.5,False,"(*4,6)5-(1,2)(3,9)7   8",6,2,3.5,False,"(*4,6)5-2,1(3,9)7   8",6,2,5.0,False,-4,
202304010307,7,4歳以上1勝クラス,ダ,1800,曇,稍重,13:15,2023-05-06,新潟,除,8,8,2019103772,ファンジオ,牡4,58,01147,城戸義政,,,,,---,,504(+10),01062,[西]藤岡健一,102800,ターフ・スポート,,"(*4,6)5-2,1,3,9,7   8",9,1,15.5,False,"4,6,5,2,1,3(7,9)   8",9,1,13.5,False,"(*4,6)5-(1,2)(3,9)7   8",9,1,9.5,False,"(*4,6)5-2,1(3,9)7   8",9,1,11.0,False,-4,
202304010308,8,4歳以上1勝クラス,芝,1800,曇,稍重,13:45,2023-05-06,新潟,1,1,1,2019105544,レッドベルアーム,牡4,55,01200,西塚洸二,1:50.1,,2-2,34.7,1.9,1,510(0),01055,[西]藤原英昭,180800,東京ホースレーシング,800.0,,,,,,,,,,,"11(1,9)10,6,3,8(5,2)7,4,12",2,2,0.0,False,"11(1,9)10(3,6)(5,8,2)7-4,12",2,2,0.0,False,12,
202304010308,8,4歳以上1勝クラス,芝,1800,曇,稍重,13:45,2023-05-06,新潟,2,3,3,2019105140,カレンマックナイト,牡4,55,01187,永島まな,1:50.3,3/4,6-5,34.4,9.3,3,442(0),01082,[西]平田修,869006,鈴木隆司,320.0,,,,,,,,,,,"11(1,9)10,6,3,8(5,2)7,4,12",6,1,3.0,False,"11(1,9)10(3,6)(5,8,2)7-4,12",5,2,0.0,False,12,
202304010308,8,4歳以上1勝クラス,芝,1800,曇,稍重,13:45,2023-05-06,新潟,3,5,5,2019106596,バトルシャイニング,牡4,57,01186,角田大和,1:50.3,アタマ,8-7,34.0,10.2,4,506(+6),01099,[西]本田優,813031,宮川豊美,200.0,,,,,,,,,,,"11(1,9)10,6,3,8(5,2)7,4,12",8,2,4.5,False,"11(1,9)10(3,6)(5,8,2)7-4,12",7,3,0.0,False,12,
202304010308,8,4歳以上1勝クラス,芝,1800,曇,稍重,13:45,2023-05-06,新潟,4,7,10,2019104746,イヴニングスター,牡4,58,01161,菊沢一樹,1:50.3,ハナ,4-4,34.7,18.9,7,502(+4),01054,[東]戸田博文,338007,村野康司,120.0,,,,,,,,,,,"11(1,9)10,6,3,8(5,2)7,4,12",4,1,0.0,False,"11(1,9)10(3,6)(5,8,2)7-4,12",4,1,0.0,False,12,
202304010308,8,4歳以上1勝クラス,芝,1800,曇,稍重,13:45,2023-05-06,新潟,5,6,8,2019105330,パーサヴィアランス,牡4,58,01168,富田暁,1:50.4,1,7-7,34.3,17.9,6,458(-4),01148,[西]西村真幸,431002,馬場幸夫,80.0,,,,,,,,,,,"11(1,9)10,6,3,8(5,2)7,4,12",7,1,4.5,False,"11(1,9)10(3,6)(5,8,2)7-4,12",7,3,0.0,False,12,
202304010308,8,4歳以上1勝クラス,芝,1800,曇,稍重,13:45,2023-05-06,新潟,6,7,9,2019105334,イヴィステラ,牝4,55,01192,横山琉人,1:50.5,クビ,2-2,35.1,11.0,5,466(+4),01068,[東]小島茂之,006030,佐々木主浩,,,,,,,,,,,,"11(1,9)10,6,3,8(5,2)7,4,12",2,2,0.0,False,"11(1,9)10(3,6)(5,8,2)7-4,12",2,2,0.0,False,12,
202304010308,8,4歳以上1勝クラス,芝,1800,曇,稍重,13:45,2023-05-06,新潟,7,5,6,2017105179,アウサンガテ,牡6,58,01093,藤岡佑介,1:50.9,2.1/2,5-5,35.0,4.4,2,454(+8),01137,[西]中内田充,708800,金子真人ホールディン...,,,,,,,,,,,,"11(1,9)10,6,3,8(5,2)7,4,12",5,1,1.5,False,"11(1,9)10(3,6)(5,8,2)7-4,12",5,2,0.0,False,12,
202304010308,8,4歳以上1勝クラス,芝,1800,曇,稍重,13:45,2023-05-06,新潟,8,4,4,2019105292,ヴァレッタカズマ,牡4,58,01102,北村友一,1:51.0,3/4,11-11,34.3,112.5,11,506(+8),00438,[西]安田隆行,879800,雅苑興業,,,,,,,,,,,,"11(1,9)10,6,3,8(5,2)7,4,12",11,1,6.0,False,"11(1,9)10(3,6)(5,8,2)7-4,12",11,1,3.5,False,12,
202304010308,8,4歳以上1勝クラス,芝,1800,曇,稍重,13:45,2023-05-06,新潟,9,6,7,2018103206,クオンタム,牝5,56,01109,黛弘人,1:51.3,1.3/4,10-10,35.0,155.9,12,452(+2),01190,[東]村田一誠,629800,ミルファーム,,,,,,,,,,,,"11(1,9)10,6,3,8(5,2)7,4,12",10,1,4.5,False,"11(1,9)10(3,6)(5,8,2)7-4,12",10,1,0.0,False,12,
202304010308,8,4歳以上1勝クラス,芝,1800,曇,稍重,13:45,2023-05-06,新潟,10,8,11,2019104529,シュガービート,牡4,55,01197,佐々木大,1:51.4,クビ,1-1,36.1,41.7,10,458(-4),00417,[東]土田稔,714031,酒井孝敏,,,,,,,,,,,,"11(1,9)10,6,3,8(5,2)7,4,12",1,1,0.0,False,"11(1,9)10(3,6)(5,8,2)7-4,12",1,1,0.0,False,12,
202304010308,8,4歳以上1勝クラス,芝,1800,曇,稍重,13:45,2023-05-06,新潟,11,8,12,2019105365,ミント,牝4,56,01119,伊藤工真,1:51.4,クビ,12-12,34.3,25.7,9,480(0),01163,[東]林徹,248030,石川達絵,,,,,,,,,,,,"11(1,9)10,6,3,8(5,2)7,4,12",12,1,7.5,False,"11(1,9)10(3,6)(5,8,2)7-4,12",12,1,5.0,False,12,
202304010308,8,4歳以上1勝クラス,芝,1800,曇,稍重,13:45,2023-05-06,新潟,12,2,2,2019105341,シュホ,牝4,56,01025,勝浦正樹,1:52.0,3.1/2,8-7,36.0,25.7,8,412(0),01103,[東]尾関知人,056803,岩切企画,,,,,,,,,,,,"11(1,9)10,6,3,8(5,2)7,4,12",8,2,4.5,False,"11(1,9)10(3,6)(5,8,2)7-4,12",7,3,0.0,False,12,
202304010309,9,わらび賞(1勝),ダ,1800,曇,稍重,14:15,2023-05-06,新潟,1,2,3,2020100665,ジャスパーバローズ,牡3,56,01127,丸山元気,1:53.8,,11-10-11-8,38.4,13.6,6,496(+2),01110,[西]清水久詞,859007,猪熊広次,"1,106.4","7,11,15,5,6,1,2(9,10,13)(3,8)12-4,14",11,2,9.0,False,"7,11(5,15)(1,6,9)(2,13)(3,10)-8,12,4,14",10,2,1.5,False,"6(11,15)-7(5,9)(2,13)(1,10)(3,8)(12,4)14",11,2,3.5,False,"6,15,11,7(1,5,9)(3,2,13,8)12(10,14,4)",8,4,4.5,False,-4,
202304010309,9,わらび賞(1勝),ダ,1800,曇,稍重,14:15,2023-05-06,新潟,2,4,6,2020103074,ディアサクセサー,牡3,56,01019,秋山真一,1:54.1,2,5-5-1-1,40.1,2.5,1,518(-2),01092,[西]松永幹夫,542800,ライオンレースホース,440.4,"7,11,15,5,6,1,2(9,10,13)(3,8)12-4,14",5,1,6.0,False,"7,11(5,15)(1,6,9)(2,13)(3,10)-8,12,4,14",5,3,1.5,False,"6(11,15)-7(5,9)(2,13)(1,10)(3,8)(12,4)14",1,1,0.0,False,"6,15,11,7(1,5,9)(3,2,13,8)12(10,14,4)",1,1,0.0,False,-4,
202304010309,9,わらび賞(1勝),ダ,1800,曇,稍重,14:15,2023-05-06,新潟,3,4,7,2020104304,スマートサニー,牡3,56,01193,今村聖奈,1:54.2,クビ,1-1-4-4,39.5,10.5,4,456(-4),01083,[西]松永昌博,007803,大川徹,275.2,"7,11,15,5,6,1,2(9,10,13)(3,8)12-4,14",1,1,0.0,False,"7,11(5,15)(1,6,9)(2,13)(3,10)-8,12,4,14",1,1,0.0,False,"6(11,15)-7(5,9)(2,13)(1,10)(3,8)(12,4)14",4,1,3.5,False,"6,15,11,7(1,5,9)(3,2,13,8)12(10,14,4)",4,1,4.5,False,-4,
202304010309,9,わらび賞(1勝),ダ,1800,曇,稍重,14:15,2023-05-06,新潟,4,6,11,2020100829,コパノパサディナ,牡3,56,01102,北村友一,1:54.4,1.1/2,2-2-2-3,40.2,6.2,3,522(0),01107,[西]村山明,966007,小林祥晃,160.0,"7,11,15,5,6,1,2(9,10,13)(3,8)12-4,14",2,1,1.5,False,"7,11(5,15)(1,6,9)(2,13)(3,10)-8,12,4,14",2,1,1.5,False,"6(11,15)-7(5,9)(2,13)(1,10)(3,8)(12,4)14",2,2,0.0,False,"6,15,11,7(1,5,9)(3,2,13,8)12(10,14,4)",3,1,3.0,False,-4,
202304010309,9,わらび賞(1勝),ダ,1800,曇,稍重,14:15,2023-05-06,新潟,5,7,12,2020101803,カムランベイ,牡3,56,01168,富田暁,1:54.4,ハナ,13-13-13-12,38.8,107.4,13,498(-8),01051,[東]岩戸孝樹,003060,ゴドルフィン,107.0,"7,11,15,5,6,1,2(9,10,13)(3,8)12-4,14",13,1,9.0,False,"7,11(5,15)(1,6,9)(2,13)(3,10)-8,12,4,14",13,1,6.5,False,"6(11,15)-7(5,9)(2,13)(1,10)(3,8)(12,4)14",13,2,3.5,False,"6,15,11,7(1,5,9)(3,2,13,8)12(10,14,4)",12,1,4.5,False,-4,
202304010309,9,わらび賞(1勝),ダ,1800,曇,稍重,14:15,2023-05-06,新潟,6,1,1,2020106209,メイショウコボケ,牝3,54,01191,松本大輝,1:54.6,1.1/4,6-5-9-5,39.4,30.7,9,496(+2),01072,[西]河内洋,523005,松本好雄,,"7,11,15,5,6,1,2(9,10,13)(3,8)12-4,14",6,1,7.5,False,"7,11(5,15)(1,6,9)(2,13)(3,10)-8,12,4,14",5,3,1.5,False,"6(11,15)-7(5,9)(2,13)(1,10)(3,8)(12,4)14",9,2,3.5,False,"6,15,11,7(1,5,9)(3,2,13,8)12(10,14,4)",5,3,4.5,False,-4,
202304010309,9,わらび賞(1勝),ダ,1800,曇,稍重,14:15,2023-05-06,新潟,7,5,8,2020100189,アレクサ,牡3,56,01178,斎藤新,1:54.7,クビ,11-12-11-8,39.3,12.3,5,492(-4),01086,[東]斎藤誠,313803,エクワインレーシング,,"7,11,15,5,6,1,2(9,10,13)(3,8)12-4,14",11,2,9.0,False,"7,11(5,15)(1,6,9)(2,13)(3,10)-8,12,4,14",12,1,5.0,False,"6(11,15)-7(5,9)(2,13)(1,10)(3,8)(12,4)14",11,2,3.5,False,"6,15,11,7(1,5,9)(3,2,13,8)12(10,14,4)",8,4,4.5,False,-4,
202304010309,9,わらび賞(1勝),ダ,1800,曇,稍重,14:15,2023-05-06,新潟,8,3,4,2020101913,タカサンフェイス,牡3,56,01187,永島まな,1:54.7,クビ,14-14-13-13,39.0,61.2,12,474(-6),01142,[西]森田直行,874033,ＳＴレーシング,,"7,11,15,5,6,1,2(9,10,13)(3,8)12-4,14",14,1,12.5,False,"7,11(5,15)(1,6,9)(2,13)(3,10)-8,12,4,14",14,1,8.0,False,"6(11,15)-7(5,9)(2,13)(1,10)(3,8)(12,4)14",13,2,3.5,False,"6,15,11,7(1,5,9)(3,2,13,8)12(10,14,4)",13,3,4.5,False,-4,
202304010309,9,わらび賞(1勝),ダ,1800,曇,稍重,14:15,2023-05-06,新潟,9,8,15,2020104818,レジュークレール,牝3,54,01184,原優介,1:54.9,1.1/4,3-3-2-2,40.6,24.9,8,440(+4),01156,[東]青木孝文,489031,山下貴,,"7,11,15,5,6,1,2(9,10,13)(3,8)12-4,14",3,1,3.0,False,"7,11(5,15)(1,6,9)(2,13)(3,10)-8,12,4,14",3,2,1.5,False,"6(11,15)-7(5,9)(2,13)(1,10)(3,8)(12,4)14",2,2,0.0,False,"6,15,11,7(1,5,9)(3,2,13,8)12(10,14,4)",2,1,1.5,False,-4,
202304010309,9,わらび賞(1勝),ダ,1800,曇,稍重,14:15,2023-05-06,新潟,10,3,5,2020100684,マルベリーシチー,牡3,56,01144,菱田裕二,1:55.0,アタマ,4-3-5-5,40.1,48.5,10,466(-2),01154,[西]橋口慎介,321800,友駿ホースクラブ,,"7,11,15,5,6,1,2(9,10,13)(3,8)12-4,14",4,1,4.5,False,"7,11(5,15)(1,6,9)(2,13)(3,10)-8,12,4,14",3,2,1.5,False,"6(11,15)-7(5,9)(2,13)(1,10)(3,8)(12,4)14",5,2,3.5,False,"6,15,11,7(1,5,9)(3,2,13,8)12(10,14,4)",5,3,4.5,False,-4,
202304010309,9,わらび賞(1勝),ダ,1800,曇,稍重,14:15,2023-05-06,新潟,11,5,9,2020103550,ダイヤグラフ,牡3,56,01160,荻野極,1:55.5,3,8-5-5-5,40.6,19.8,7,492(-6),01121,[西]角田晃一,010803,市川義美ホールディン...,,"7,11,15,5,6,1,2(9,10,13)(3,8)12-4,14",8,3,9.0,False,"7,11(5,15)(1,6,9)(2,13)(3,10)-8,12,4,14",5,3,1.5,False,"6(11,15)-7(5,9)(2,13)(1,10)(3,8)(12,4)14",5,2,3.5,False,"6,15,11,7(1,5,9)(3,2,13,8)12(10,14,4)",5,3,4.5,False,-4,
202304010309,9,わらび賞(1勝),ダ,1800,曇,稍重,14:15,2023-05-06,新潟,12,7,13,2020105361,エリンアキレウス,牡3,56,01181,秋山稔樹,1:56.0,3,8-8-7-8,40.9,128.6,14,512(-2),00421,[東]浅野洋一,855030,田頭勇貴,,"7,11,15,5,6,1,2(9,10,13)(3,8)12-4,14",8,3,9.0,False,"7,11(5,15)(1,6,9)(2,13)(3,10)-8,12,4,14",8,2,1.5,False,"6(11,15)-7(5,9)(2,13)(1,10)(3,8)(12,4)14",7,2,3.5,False,"6,15,11,7(1,5,9)(3,2,13,8)12(10,14,4)",8,4,4.5,False,-4,
202304010309,9,わらび賞(1勝),ダ,1800,曇,稍重,14:15,2023-05-06,新潟,13,2,2,2020103446,スマイルスルー,牡3,56,01186,角田大和,1:56.0,ハナ,7-8-7-8,40.9,60.6,11,510(+6),01151,[西]斉藤崇史,790005,吉田勝己,,"7,11,15,5,6,1,2(9,10,13)(3,8)12-4,14",7,1,9.0,False,"7,11(5,15)(1,6,9)(2,13)(3,10)-8,12,4,14",8,2,1.5,False,"6(11,15)-7(5,9)(2,13)(1,10)(3,8)(12,4)14",7,2,3.5,False,"6,15,11,7(1,5,9)(3,2,13,8)12(10,14,4)",8,4,4.5,False,-4,
202304010309,9,わらび賞(1勝),ダ,1800,曇,稍重,14:15,2023-05-06,新潟,14,8,14,2020105746,コスモバラタ,牡3,56,01091,丹内祐次,1:56.6,3.1/2,15-15-15-13,40.8,257.8,15,456(-4),01089,[東]武市康男,716800,ビッグレッドファーム,,"7,11,15,5,6,1,2(9,10,13)(3,8)12-4,14",15,1,14.0,False,"7,11(5,15)(1,6,9)(2,13)(3,10)-8,12,4,14",15,1,9.5,False,"6(11,15)-7(5,9)(2,13)(1,10)(3,8)(12,4)14",15,1,3.5,False,"6,15,11,7(1,5,9)(3,2,13,8)12(10,14,4)",13,3,4.5,False,-4,
202304010309,9,わらび賞(1勝),ダ,1800,曇,稍重,14:15,2023-05-06,新潟,15,6,10,2020101703,ワンライトスター,牡3,56,01115,浜中俊,1:57.6,6,8-10-9-13,42.3,4.0,2,468(-6),01181,[西]茶木太樹,245031,宮本育也,,"7,11,15,5,6,1,2(9,10,13)(3,8)12-4,14",8,3,9.0,False,"7,11(5,15)(1,6,9)(2,13)(3,10)-8,12,4,14",10,2,1.5,False,"6(11,15)-7(5,9)(2,13)(1,10)(3,8)(12,4)14",9,2,3.5,False,"6,15,11,7(1,5,9)(3,2,13,8)12(10,14,4)",13,3,4.5,False,-4,
202304010310,10,荒川峡特別(1勝),芝,2200,雨,稍重,14:50,2023-05-06,新潟,1,8,10,2019105370,ファンタジア,牝4,56,01197,佐々木大,2:18.7,,1-1-1-1,34.7,3.4,1,482(-4),01070,[東]堀宣行,248030,石川達絵,"1,135.9","10,9,4,5,7,3,6,2,8-1",1,1,0.0,False,"10(4,9)(5,7)3,6,2,8-1",1,1,0.0,False,"10(9,7)4(5,6)(3,8)2,1",1,1,0.0,False,"(*10,9)(4,7)(5,6)3,8,2,1",1,2,0.0,True,29,
202304010310,10,荒川峡特別(1勝),芝,2200,雨,稍重,14:50,2023-05-06,新潟,2,8,9,2019100221,リニュー,牡4,58,01091,丹内祐次,2:19.1,2,2-2-2-2,35.0,3.4,2,446(+2),01080,[東]清水英克,030803,コスモヴューファーム,447.4,"10,9,4,5,7,3,6,2,8-1",2,1,1.5,False,"10(4,9)(5,7)3,6,2,8-1",2,2,0.0,False,"10(9,7)4(5,6)(3,8)2,1",2,2,0.0,False,"(*10,9)(4,7)(5,6)3,8,2,1",2,2,0.0,False,29,
202304010310,10,荒川峡特別(1勝),芝,2200,雨,稍重,14:50,2023-05-06,新潟,3,6,6,2017104727,エルバルーチェ,牝6,56,01184,原優介,2:19.4,1.3/4,7-7-5-5,35.0,26.2,8,468(+2),01187,[東]西田雄一,852030,佐々木雄二,283.7,"10,9,4,5,7,3,6,2,8-1",7,1,9.0,False,"10(4,9)(5,7)3,6,2,8-1",7,1,1.5,False,"10(9,7)4(5,6)(3,8)2,1",5,2,0.0,False,"(*10,9)(4,7)(5,6)3,8,2,1",5,2,0.0,False,29,
202304010310,10,荒川峡特別(1勝),芝,2200,雨,稍重,14:50,2023-05-06,新潟,4,1,1,2018104791,タイセイアーサー,牡5,58,01178,斎藤新,2:19.5,3/4,10-10-10-10,34.3,5.4,4,484(-2),01086,[東]斎藤誠,224007,田中成奉,170.0,"10,9,4,5,7,3,6,2,8-1",10,1,15.5,False,"10(4,9)(5,7)3,6,2,8-1",10,1,8.0,False,"10(9,7)4(5,6)(3,8)2,1",10,1,1.5,False,"(*10,9)(4,7)(5,6)3,8,2,1",10,1,4.5,False,29,
202304010310,10,荒川峡特別(1勝),芝,2200,雨,稍重,14:50,2023-05-06,新潟,5,4,4,2019105776,ティズグロリアス,牝4,56,01144,菱田裕二,2:19.5,ハナ,3-2-4-3,35.2,4.6,3,426(-2),01192,[東]上原佑紀,486800,キャロットファーム,111.0,"10,9,4,5,7,3,6,2,8-1",3,1,3.0,False,"10(4,9)(5,7)3,6,2,8-1",2,2,0.0,False,"10(9,7)4(5,6)(3,8)2,1",4,1,0.0,False,"(*10,9)(4,7)(5,6)3,8,2,1",3,2,0.0,False,29,
202304010310,10,荒川峡特別(1勝),芝,2200,雨,稍重,14:50,2023-05-06,新潟,6,2,2,2018102665,サツキハピネス,牝5,56,01161,菊沢一樹,2:19.5,アタマ,8-8-9-9,34.6,137.0,10,462(0),00417,[東]土田稔,212008,小野博郷,,"10,9,4,5,7,3,6,2,8-1",8,1,10.5,False,"10(4,9)(5,7)3,6,2,8-1",8,1,3.0,False,"10(9,7)4(5,6)(3,8)2,1",9,1,0.0,False,"(*10,9)(4,7)(5,6)3,8,2,1",9,1,3.0,False,29,
202304010310,10,荒川峡特別(1勝),芝,2200,雨,稍重,14:50,2023-05-06,新潟,7,3,3,2018104730,シャドウエリス,牝5,56,01127,丸山元気,2:19.6,1/2,6-6-7-7,35.0,13.2,6,456(-4),01132,[東]金成貴史,308002,飯塚知一,,"10,9,4,5,7,3,6,2,8-1",6,1,7.5,False,"10(4,9)(5,7)3,6,2,8-1",6,1,0.0,False,"10(9,7)4(5,6)(3,8)2,1",7,2,0.0,False,"(*10,9)(4,7)(5,6)3,8,2,1",7,1,0.0,False,29,
202304010310,10,荒川峡特別(1勝),芝,2200,雨,稍重,14:50,2023-05-06,新潟,8,7,7,2019105440,ビヨンドザリミット,牝4,56,01186,角田大和,2:19.6,クビ,5-4-2-3,35.4,12.1,5,470(+10),01147,[東]武井亮,463031,フィールドレーシング,,"10,9,4,5,7,3,6,2,8-1",5,1,6.0,False,"10(4,9)(5,7)3,6,2,8-1",4,2,0.0,False,"10(9,7)4(5,6)(3,8)2,1",2,2,0.0,False,"(*10,9)(4,7)(5,6)3,8,2,1",3,2,0.0,False,29,
202304010310,10,荒川峡特別(1勝),芝,2200,雨,稍重,14:50,2023-05-06,新潟,9,7,8,2019104246,マコトチガネマル,牝4,56,01025,勝浦正樹,2:19.6,ハナ,9-9-7-8,34.9,90.4,9,444(+6),01190,[東]村田一誠,864800,ディアマント,,"10,9,4,5,7,3,6,2,8-1",9,1,12.0,False,"10(4,9)(5,7)3,6,2,8-1",9,1,4.5,False,"10(9,7)4(5,6)(3,8)2,1",7,2,0.0,False,"(*10,9)(4,7)(5,6)3,8,2,1",8,1,1.5,False,29,
202304010310,10,荒川峡特別(1勝),芝,2200,雨,稍重,14:50,2023-05-06,新潟,10,5,5,2019102826,テイエムナイスラン,牡4,58,01149,伴啓太,2:19.9,1.3/4,4-4-5-5,35.5,17.4,7,518(-6),01043,[東]石栗龍彦,356002,竹園正繼,,"10,9,4,5,7,3,6,2,8-1",4,1,4.5,False,"10(4,9)(5,7)3,6,2,8-1",4,2,0.0,False,"10(9,7)4(5,6)(3,8)2,1",5,2,0.0,False,"(*10,9)(4,7)(5,6)3,8,2,1",5,2,0.0,False,29,
202304010311,11,越後S(OP),ダ,1200,雨,稍重,15:25,2023-05-06,新潟,1,2,2,2016104746,スワーヴシャルル,牡7,57,01102,北村友一,1:10.8,,4-4,36.4,7.2,4,486(+6),00438,[西]安田隆行,887800,ＮＩＣＫＳ,"2,226.6",,,,,,,,,,,"11,12,1(2,7,10)(4,6,3)5-8   9",4,3,3.0,False,"11-12,1(2,7)(4,10)(6,3)5-8   9",4,2,5.0,False,-8,
202304010311,11,越後S(OP),ダ,1200,雨,稍重,15:25,2023-05-06,新潟,2,5,6,2014102562,アーバンイェーガー,牡9,58,01160,荻野極,1:10.8,クビ,7-8,36.2,58.5,10,508(-8),01134,[東]高橋文雅,555031,村木克成,887.6,,,,,,,,,,,"11,12,1(2,7,10)(4,6,3)5-8   9",7,3,3.0,False,"11-12,1(2,7)(4,10)(6,3)5-8   9",8,2,5.0,False,-8,
202304010311,11,越後S(OP),ダ,1200,雨,稍重,15:25,2023-05-06,新潟,3,3,3,2019102238,クロジシジョー,牡4,58,01115,浜中俊,1:10.9,クビ,7-8,36.3,3.1,1,450(0),01066,[西]岡田稲男,321004,河内孝夫,553.8,,,,,,,,,,,"11,12,1(2,7,10)(4,6,3)5-8   9",7,3,3.0,False,"11-12,1(2,7)(4,10)(6,3)5-8   9",8,2,5.0,False,-8,
202304010311,11,越後S(OP),ダ,1200,雨,稍重,15:25,2023-05-06,新潟,4,5,5,2017104744,エリモグリッター,セ6,58,01091,丹内祐次,1:10.9,ハナ,10-10,36.1,38.7,9,482(0),01010,[東]中野栄治,953030,山本三津子,330.0,,,,,,,,,,,"11,12,1(2,7,10)(4,6,3)5-8   9",10,1,3.0,False,"11-12,1(2,7)(4,10)(6,3)5-8   9",10,1,5.0,False,-8,
202304010311,11,越後S(OP),ダ,1200,雨,稍重,15:25,2023-05-06,新潟,5,6,7,2017105282,サイクロトロン,牡6,59,01178,斎藤新,1:10.9,ハナ,4-4,36.5,5.5,3,522(-4),01002,[西]音無秀孝,708800,金子真人ホールディン...,220.0,,,,,,,,,,,"11,12,1(2,7,10)(4,6,3)5-8   9",4,3,3.0,False,"11-12,1(2,7)(4,10)(6,3)5-8   9",4,2,5.0,False,-8,
202304010311,11,越後S(OP),ダ,1200,雨,稍重,15:25,2023-05-06,新潟,6,4,4,2019101681,サンライズホーク,セ4,58,01125,国分優作,1:11.3,2.1/2,7-6,36.7,3.6,2,498(-2),01113,[西]牧浦充徳,399803,ライフハウス,,,,,,,,,,,,"11,12,1(2,7,10)(4,6,3)5-8   9",7,3,3.0,False,"11-12,1(2,7)(4,10)(6,3)5-8   9",6,2,5.0,False,-8,
202304010311,11,越後S(OP),ダ,1200,雨,稍重,15:25,2023-05-06,新潟,7,8,11,2019101923,セイカフォルゴーレ,牡4,57,01192,横山琉人,1:11.5,1.1/4,1-1,37.7,12.7,6,510(-2),01020,[東]相沢郁,284008,久米大,,,,,,,,,,,,"11,12,1(2,7,10)(4,6,3)5-8   9",1,1,0.0,False,"11-12,1(2,7)(4,10)(6,3)5-8   9",1,1,0.0,False,-8,
202304010311,11,越後S(OP),ダ,1200,雨,稍重,15:25,2023-05-06,新潟,8,8,12,2017106018,コパノマーキュリー,牡6,58,01144,菱田裕二,1:11.5,クビ,2-2,37.5,26.0,8,510(+2),01107,[西]村山明,966007,小林祥晃,,,,,,,,,,,,"11,12,1(2,7,10)(4,6,3)5-8   9",2,1,1.5,False,"11-12,1(2,7)(4,10)(6,3)5-8   9",2,1,3.5,False,-8,
202304010311,11,越後S(OP),ダ,1200,雨,稍重,15:25,2023-05-06,新潟,9,6,8,2014103266,メイショウエイコウ,牡9,58,01019,秋山真一,1:11.6,クビ,11-11,36.0,238.8,11,456(-4),01095,[西]荒川義之,523005,松本好雄,,,,,,,,,,,,"11,12,1(2,7,10)(4,6,3)5-8   9",11,1,6.5,False,"11-12,1(2,7)(4,10)(6,3)5-8   9",11,1,8.5,False,-8,
202304010311,11,越後S(OP),ダ,1200,雨,稍重,15:25,2023-05-06,新潟,10,1,1,2018106074,ヴァガボンド,牡5,58,01127,丸山元気,1:12.2,3.1/2,3-3,38.0,10.1,5,488(-2),01110,[西]清水久詞,045803,カナヤマホールディン...,,,,,,,,,,,,"11,12,1(2,7,10)(4,6,3)5-8   9",3,1,3.0,False,"11-12,1(2,7)(4,10)(6,3)5-8   9",3,1,5.0,False,-8,
202304010311,11,越後S(OP),ダ,1200,雨,稍重,15:25,2023-05-06,新潟,11,7,10,2018110126,ジャスパーゴールド,牡5,58,01191,松本大輝,1:12.8,3.1/2,4-6,38.4,13.9,7,474(-4),00427,[西]森秀行,672033,加藤和夫,,,,,,,,,,,,"11,12,1(2,7,10)(4,6,3)5-8   9",4,3,3.0,False,"11-12,1(2,7)(4,10)(6,3)5-8   9",6,2,5.0,False,-8,
202304010311,11,越後S(OP),ダ,1200,雨,稍重,15:25,2023-05-06,新潟,除,7,9,2019106151,ヤマトコウセイ,牝4,56,01193,今村聖奈,,,,,---,,468(+2),01147,[東]武井亮,317033,鈴木正浩,,,,,,,,,,,,"11,12,1(2,7,10)(4,6,3)5-8   9",12,1,12.5,False,"11-12,1(2,7)(4,10)(6,3)5-8   9",12,1,14.5,False,-8,
202304010312,12,4歳以上1勝クラス,芝,1000,雨,稍重,16:01,2023-05-06,新潟,1,8,16,2019103137,ロサロッサーナ,牝4,55,01192,横山琉人,0:56.4,,1,34.0,2.8,1,506(-2),01177,[東]伊坂重信,385031,星加浩一,800.0,,,,,,,,,,,,,,,,,,,,,25,
202304010312,12,4歳以上1勝クラス,芝,1000,雨,稍重,16:01,2023-05-06,新潟,2,7,14,2018102757,ノアファンタジー,牝5,56,01169,武藤雅,0:57.3,5,10,34.3,7.6,2,486(-8),01094,[東]水野貴広,861002,佐山公男,320.0,,,,,,,,,,,,,,,,,,,,,25,
202304010312,12,4歳以上1勝クラス,芝,1000,雨,稍重,16:01,2023-05-06,新潟,3,1,2,2018109046,ユイノダンディズム,牡5,56,01164,藤田菜七,0:57.3,ハナ,14,34.1,25.4,11,484(+12),01152,[東]竹内正洋,044803,由井健太郎,200.0,,,,,,,,,,,,,,,,,,,,,25,
202304010312,12,4歳以上1勝クラス,芝,1000,雨,稍重,16:01,2023-05-06,新潟,4,3,5,2018106612,オリアメンディ,牝5,56,01134,嶋田純次,0:57.5,3/4,16,33.9,26.5,12,474(+6),00428,[東]石毛善彦,629800,ミルファーム,120.0,,,,,,,,,,,,,,,,,,,,,25,
202304010312,12,4歳以上1勝クラス,芝,1000,雨,稍重,16:01,2023-05-06,新潟,5,8,15,2018102580,ティフォーザ,牝5,56,01178,斎藤新,0:57.5,アタマ,4,34.8,10.6,4,430(0),00438,[西]安田隆行,170800,ロードホースクラブ,80.0,,,,,,,,,,,,,,,,,,,,,25,
202304010312,12,4歳以上1勝クラス,芝,1000,雨,稍重,16:01,2023-05-06,新潟,6,2,3,2018105231,ラヴォルタ,牝5,52,01206,小林美駒,0:57.6,1/2,4,34.9,10.9,5,502(+2),01027,[東]田村康仁,486800,キャロットファーム,,,,,,,,,,,,,,,,,,,,,,25,
202304010312,12,4歳以上1勝クラス,芝,1000,雨,稍重,16:01,2023-05-06,新潟,7,6,12,2018106407,ボレロ,牝5,53,01197,佐々木大,0:57.6,ハナ,8,34.7,8.4,3,466(-8),01108,[東]矢野英一,102800,ターフ・スポート,,,,,,,,,,,,,,,,,,,,,,25,
202304010312,12,4歳以上1勝クラス,芝,1000,雨,稍重,16:01,2023-05-06,新潟,8,5,9,2019106707,クインズコスモス,牝4,52,01204,河原田菜,0:57.7,3/4,7,34.9,17.6,9,436(+6),01169,[東]加藤士津,331803,ケイアイスタリオン,,,,,,,,,,,,,,,,,,,,,,25,
202304010312,12,4歳以上1勝クラス,芝,1000,雨,稍重,16:01,2023-05-06,新潟,9,1,1,2019101313,ルクスランページ,牡4,55,01194,大久保友,0:57.8,1/2,10,34.8,162.4,15,468(+2),01107,[西]村山明,397803,ルクス,,,,,,,,,,,,,,,,,,,,,,25,
202304010312,12,4歳以上1勝クラス,芝,1000,雨,稍重,16:01,2023-05-06,新潟,10,7,13,2018100773,ユナイテッドハーツ,牡5,55,01203,石田拓郎,0:57.9,クビ,10,34.9,11.8,6,450(+6),01116,[東]新開幸一,858800,大塚亮一,,,,,,,,,,,,,,,,,,,,,,25,
202304010312,12,4歳以上1勝クラス,芝,1000,雨,稍重,16:01,2023-05-06,新潟,11,4,7,2018106443,クレイジーリッチ,牡5,55,01207,佐藤翔馬,0:58.1,1.1/4,13,35.0,111.2,14,506(+6),01171,[東]小手川準,338006,江川伸夫,,,,,,,,,,,,,,,,,,,,,,25,
202304010312,12,4歳以上1勝クラス,芝,1000,雨,稍重,16:01,2023-05-06,新潟,12,2,4,2019105113,エルメニア,牝4,53,01195,川端海翼,0:58.1,アタマ,3,35.5,228.6,16,460(+14),01101,[西]吉田直弘,226800,サンデーレーシング,,,,,,,,,,,,,,,,,,,,,,25,
202304010312,12,4歳以上1勝クラス,芝,1000,雨,稍重,16:01,2023-05-06,新潟,13,3,6,2019102786,ウォータールグラン,牝4,56,01144,菱田裕二,0:58.1,クビ,2,35.6,12.1,7,502(+2),01072,[西]河内洋,312006,山岡正人,,,,,,,,,,,,,,,,,,,,,,25,
202304010312,12,4歳以上1勝クラス,芝,1000,雨,稍重,16:01,2023-05-06,新潟,14,6,11,2016101650,モメチョッタ,牝7,56,01147,城戸義政,0:58.2,クビ,15,34.7,19.3,10,470(+2),00428,[東]石毛善彦,411033,清水敏,,,,,,,,,,,,,,,,,,,,,,25,
202304010312,12,4歳以上1勝クラス,芝,1000,雨,稍重,16:01,2023-05-06,新潟,15,4,8,2018103063,フィルムスコア,牝5,53,01187,永島まな,0:58.2,クビ,8,35.3,16.5,8,460(+6),01082,[西]平田修,482002,水上行雄,,,,,,,,,,,,,,,,,,,,,,25,
202304010312,12,4歳以上1勝クラス,芝,1000,雨,稍重,16:01,2023-05-06,新潟,16,5,10,2018103001,ケヴィンズクロス,牡5,56,01177,小林凌大,0:59.2,6,4,36.5,35.3,13,510(+2),01189,[東]堀内岳志,542800,ライオンレースホース,,,,,,,,,,,,,,,,,,,,,,25,
