race_id,race_number,race_name,surface,distance_m,weather,going,start_time,race_date,racecourse,finish_pos,waku,umaban,horse_id,horse_name,sex_age,kinryo,jockey_id,jockey_name,time,margin,passing_order,last_3f,odds_final,popularity,weight,trainer_id,trainer_name,owner_id,owner_name,prize,corner1_raw,corner1_rank,corner1_group_size,corner1_gap_len_est,corner1_is_leader,corner2_raw,corner2_rank,corner2_group_size,corner2_gap_len_est,corner2_is_leader,corner3_raw,corner3_rank,corner3_group_size,corner3_gap_len_est,corner3_is_leader,corner4_raw,corner4_rank,corner4_group_size,corner4_gap_len_est,corner4_is_leader,track_index,track_comment
202306050601,1,2歳未勝利,ダ,1200,晴,良,09:55,2023-12-17,中山,1,7,14,2021104547,セリエル,牝2,55,01096,大野拓弥,1:12.8,,2-1,38.7,1.7,1,456(-2),01008,[東]杉浦宏昭,934006,伊東純一,550.0,,,,,,,,,,,"(*2,7,14)(3,4,6,12)-16,9,13(10,11,15)(8,5)=1",2,3,0.0,False,"(2,7,*14)(6,12)(3,4,16)-9(10,13)(8,11,15,5)=1",1,3,0.0,True,1,
202306050601,1,2歳未勝利,ダ,1200,晴,良,09:55,2023-12-17,中山,2,8,16,2021102057,サノノリッチ,牝2,55,01109,黛弘人,1:13.3,3,8-6,38.5,159.9,12,416(-8),01010,[東]中野栄治,735033,佐野信幸,220.0,,,,,,,,,,,"(*2,7,14)(3,4,6,12)-16,9,13(10,11,15)(8,5)=1",8,1,3.5,False,"(2,7,*14)(6,12)(3,4,16)-9(10,13)(8,11,15,5)=1",6,3,0.0,False,1,
202306050601,1,2歳未勝利,ダ,1200,晴,良,09:55,2023-12-17,中山,3,6,12,2021101261,マリノルージュ,牝2,54,01192,横山琉人,1:13.3,クビ,4-4,38.9,21.9,7,458(+2),01112,[東]田島俊明,251033,矢野まり子,140.0,,,,,,,,,,,"(*2,7,14)(3,4,6,12)-16,9,13(10,11,15)(8,5)=1",4,4,0.0,False,"(2,7,*14)(6,12)(3,4,16)-9(10,13)(8,11,15,5)=1",4,2,0.0,False,1,
202306050601,1,2歳未勝利,ダ,1200,晴,良,09:55,2023-12-17,中山,4,4,7,2021106008,プラビータ,牝2,54,01188,永野猛蔵,1:13.5,1.1/4,2-2,39.4,17.5,5,494(+12),01108,[東]矢野英一,330031,高岡浩行,83.0,,,,,,,,,,,"(*2,7,14)(3,4,6,12)-16,9,13(10,11,15)(8,5)=1",2,3,0.0,False,"(2,7,*14)(6,12)(3,4,16)-9(10,13)(8,11,15,5)=1",2,3,0.0,False,1,
202306050601,1,2歳未勝利,ダ,1200,晴,良,09:55,2023-12-17,中山,5,5,10,2021107259,レヴィテーション,牝2,51,01206,小林美駒,1:13.8,1.1/2,11-10,38.5,17.9,6,436(0),01081,[東]中川公成,065803,京都ホースレーシング,55.0,,,,,,,,,,,"(*2,7,14)(3,4,6,12)-16,9,13(10,11,15)(8,5)=1",11,3,6.5,False,"(2,7,*14)(6,12)(3,4,16)-9(10,13)(8,11,15,5)=1",10,2,3.5,False,1,
202306050601,1,2歳未勝利,ダ,1200,晴,良,09:55,2023-12-17,中山,6,3,6,2021103441,ヨッコサン,牝2,55,01009,柴田大知,1:13.9,1/2,4-4,39.5,10.7,4,498(+6),01096,[東]粕谷昌央,493006,村田哲朗,,,,,,,,,,,,"(*2,7,14)(3,4,6,12)-16,9,13(10,11,15)(8,5)=1",4,4,0.0,False,"(2,7,*14)(6,12)(3,4,16)-9(10,13)(8,11,15,5)=1",4,2,0.0,False,1,
202306050601,1,2歳未勝利,ダ,1200,晴,良,09:55,2023-12-17,中山,7,8,15,2021104663,ミスヨシゼン,牝2,55,00422,内田博幸,1:14.1,1,11-12,38.8,114.5,11,466(+6),01079,[東]古賀慎明,434006,橋本忠雄,,,,,,,,,,,,"(*2,7,14)(3,4,6,12)-16,9,13(10,11,15)(8,5)=1",11,3,6.5,False,"(2,7,*14)(6,12)(3,4,16)-9(10,13)(8,11,15,5)=1",12,4,3.5,False,1,
202306050601,1,2歳未勝利,ダ,1200,晴,良,09:55,2023-12-17,中山,8,4,8,2021109080,ヒナボンボン,牝2,52,01207,佐藤翔馬,1:14.2,3/4,14-12,38.7,244.8,14,490(-18),01171,[東]小手川準,547031,小野寺悠太,,,,,,,,,,,,"(*2,7,14)(3,4,6,12)-16,9,13(10,11,15)(8,5)=1",14,2,6.5,False,"(2,7,*14)(6,12)(3,4,16)-9(10,13)(8,11,15,5)=1",12,4,3.5,False,1,
202306050601,1,2歳未勝利,ダ,1200,晴,良,09:55,2023-12-17,中山,9,6,11,2021100323,ハーツケリー,牝2,55,01091,丹内祐次,1:14.2,ハナ,11-12,38.8,46.2,9,470(-4),01052,[東]菊川正達,469033,徳増栄治,,,,,,,,,,,,"(*2,7,14)(3,4,6,12)-16,9,13(10,11,15)(8,5)=1",11,3,6.5,False,"(2,7,*14)(6,12)(3,4,16)-9(10,13)(8,11,15,5)=1",12,4,3.5,False,1,
202306050601,1,2歳未勝利,ダ,1200,晴,良,09:55,2023-12-17,中山,10,3,5,2021105797,ブランシール,牝2,55,01043,北村宏司,1:14.3,クビ,14-12,38.7,7.6,3,452(+4),01167,[東]稲垣幸雄,790005,吉田勝己,,,,,,,,,,,,"(*2,7,14)(3,4,6,12)-16,9,13(10,11,15)(8,5)=1",14,2,6.5,False,"(2,7,*14)(6,12)(3,4,16)-9(10,13)(8,11,15,5)=1",12,4,3.5,False,1,
202306050601,1,2歳未勝利,ダ,1200,晴,良,09:55,2023-12-17,中山,11,5,9,2021100043,ユキノフルマチ,牝2,54,01184,原優介,1:14.3,クビ,9-9,39.3,102.7,10,478(+4),01108,[東]矢野英一,638033,鈴木慈雄,,,,,,,,,,,,"(*2,7,14)(3,4,6,12)-16,9,13(10,11,15)(8,5)=1",9,1,5.0,False,"(2,7,*14)(6,12)(3,4,16)-9(10,13)(8,11,15,5)=1",9,1,3.5,False,1,
202306050601,1,2歳未勝利,ダ,1200,晴,良,09:55,2023-12-17,中山,12,7,13,2021104134,ジーズデイズ,牝2,55,01162,木幡巧也,1:14.4,クビ,10-10,39.2,482.6,15,454(+10),01177,[東]伊坂重信,271031,飯田貴大,,,,,,,,,,,,"(*2,7,14)(3,4,6,12)-16,9,13(10,11,15)(8,5)=1",10,1,6.5,False,"(2,7,*14)(6,12)(3,4,16)-9(10,13)(8,11,15,5)=1",10,2,3.5,False,1,
202306050601,1,2歳未勝利,ダ,1200,晴,良,09:55,2023-12-17,中山,13,2,3,2021101299,サンリコリス,牝2,55,00726,岩部純二,1:14.8,2.1/2,4-6,40.3,40.3,8,442(-8),01024,[東]萱野浩二,059803,加藤ステーブル,,,,,,,,,,,,"(*2,7,14)(3,4,6,12)-16,9,13(10,11,15)(8,5)=1",4,4,0.0,False,"(2,7,*14)(6,12)(3,4,16)-9(10,13)(8,11,15,5)=1",6,3,0.0,False,1,
202306050601,1,2歳未勝利,ダ,1200,晴,良,09:55,2023-12-17,中山,14,2,4,2021103986,グラスファイン,牝2,53,01164,藤田菜七,1:15.6,5,4-6,41.2,207.7,13,440(-4),01035,[東]佐藤吉勝,541800,半沢,,,,,,,,,,,,"(*2,7,14)(3,4,6,12)-16,9,13(10,11,15)(8,5)=1",4,4,0.0,False,"(2,7,*14)(6,12)(3,4,16)-9(10,13)(8,11,15,5)=1",6,3,0.0,False,1,
202306050601,1,2歳未勝利,ダ,1200,晴,良,09:55,2023-12-17,中山,15,1,2,2021105915,レガシーオブエリザ,牝2,55,05386,戸崎圭太,1:15.9,1.3/4,1-2,41.8,7.3,2,432(+2),01156,[東]青木孝文,790005,吉田勝己,,,,,,,,,,,,"(*2,7,14)(3,4,6,12)-16,9,13(10,11,15)(8,5)=1",1,3,0.0,True,"(2,7,*14)(6,12)(3,4,16)-9(10,13)(8,11,15,5)=1",2,3,0.0,False,1,
202306050601,1,2歳未勝利,ダ,1200,晴,良,09:55,2023-12-17,中山,16,1,1,2021102206,シャボン,牝2,55,01135,杉原誠人,1:16.9,6,16-16,40.1,563.8,16,462(-18),00437,[東]南田美知,629800,ミルファーム,,,,,,,,,,,,"(*2,7,14)(3,4,6,12)-16,9,13(10,11,15)(8,5)=1",16,1,12.5,False,"(2,7,*14)(6,12)(3,4,16)-9(10,13)(8,11,15,5)=1",16,1,9.5,False,1,
202306050602,2,2歳未勝利,ダ,1800,晴,良,10:25,2023-12-17,中山,1,8,15,2021106583,ユイノコキュウ,牡2,56,01140,横山和生,1:58.4,,3-4-3-2,41.0,46.2,11,476(+20),01152,[東]竹内正洋,044803,由井健太郎,550.0,"(*14,12)(11,15)-(6,16)-3(1,5)(7,8)-10(4,9)   13,2",3,2,0.0,False,"(*14,12)11,15,6,16,3-5(1,7,8)-(4,9)-10   13,2",4,1,1.5,False,"14,12(11,15,16)(6,5,8)3,7(1,4,9)10   13,2",3,3,1.5,False,"(*14,15)(11,16)(12,6,8)(7,3,5)(1,9)-(4,10)   13,2",2,2,0.0,False,6,
202306050602,2,2歳未勝利,ダ,1800,晴,良,10:25,2023-12-17,中山,2,6,11,2021103051,グアラニア,牡2,56,01025,勝浦正樹,1:58.4,クビ,3-3-3-3,41.0,153.8,14,466(-10),01108,[東]矢野英一,098803,Ｇリビエール・レーシ...,220.0,"(*14,12)(11,15)-(6,16)-3(1,5)(7,8)-10(4,9)   13,2",3,2,0.0,False,"(*14,12)11,15,6,16,3-5(1,7,8)-(4,9)-10   13,2",3,1,0.0,False,"14,12(11,15,16)(6,5,8)3,7(1,4,9)10   13,2",3,3,1.5,False,"(*14,15)(11,16)(12,6,8)(7,3,5)(1,9)-(4,10)   13,2",3,2,0.0,False,6,
202306050602,2,2歳未勝利,ダ,1800,晴,良,10:25,2023-12-17,中山,3,3,6,2021106435,カマクラバクフ,牡2,56,01162,木幡巧也,1:58.6,3/4,5-5-6-5,41.0,31.9,8,494(+14),01051,[東]岩戸孝樹,024031,小菅誠,140.0,"(*14,12)(11,15)-(6,16)-3(1,5)(7,8)-10(4,9)   13,2",5,2,3.5,False,"(*14,12)11,15,6,16,3-5(1,7,8)-(4,9)-10   13,2",5,1,3.0,False,"14,12(11,15,16)(6,5,8)3,7(1,4,9)10   13,2",6,3,1.5,False,"(*14,15)(11,16)(12,6,8)(7,3,5)(1,9)-(4,10)   13,2",5,3,0.0,False,6,
202306050602,2,2歳未勝利,ダ,1800,晴,良,10:25,2023-12-17,中山,4,7,14,2021106900,ミツカネトーラス,牡2,52,01206,小林美駒,1:58.8,1.1/4,1-1-1-1,41.7,60.6,12,490(+4),01026,[東]鈴木伸尋,006803,小山田満,83.0,"(*14,12)(11,15)-(6,16)-3(1,5)(7,8)-10(4,9)   13,2",1,2,0.0,True,"(*14,12)11,15,6,16,3-5(1,7,8)-(4,9)-10   13,2",1,2,0.0,True,"14,12(11,15,16)(6,5,8)3,7(1,4,9)10   13,2",1,1,0.0,False,"(*14,15)(11,16)(12,6,8)(7,3,5)(1,9)-(4,10)   13,2",1,2,0.0,True,6,
202306050602,2,2歳未勝利,ダ,1800,晴,良,10:25,2023-12-17,中山,5,8,16,2021105882,ビアンケット,牝2,55,05386,戸崎圭太,1:58.9,1/2,5-6-3-3,41.4,7.4,3,466(-12),01076,[東]小笠倫弘,398030,保坂和孝,55.0,"(*14,12)(11,15)-(6,16)-3(1,5)(7,8)-10(4,9)   13,2",5,2,3.5,False,"(*14,12)11,15,6,16,3-5(1,7,8)-(4,9)-10   13,2",6,1,4.5,False,"14,12(11,15,16)(6,5,8)3,7(1,4,9)10   13,2",3,3,1.5,False,"(*14,15)(11,16)(12,6,8)(7,3,5)(1,9)-(4,10)   13,2",3,2,0.0,False,6,
202306050602,2,2歳未勝利,ダ,1800,晴,良,10:25,2023-12-17,中山,6,5,9,2021101403,ブラボーキングダム,牡2,56,00689,江田照男,1:59.1,1.1/2,13-12-11-11,41.1,8.1,4,472(-4),01190,[東]村田一誠,965031,エースレーシング,,"(*14,12)(11,15)-(6,16)-3(1,5)(7,8)-10(4,9)   13,2",13,2,10.5,False,"(*14,12)11,15,6,16,3-5(1,7,8)-(4,9)-10   13,2",12,2,13.0,False,"14,12(11,15,16)(6,5,8)3,7(1,4,9)10   13,2",11,3,3.0,False,"(*14,15)(11,16)(12,6,8)(7,3,5)(1,9)-(4,10)   13,2",11,2,0.0,False,6,
202306050602,2,2歳未勝利,ダ,1800,晴,良,10:25,2023-12-17,中山,7,2,3,2021101467,ケイシンリュウ,牡2,56,01179,菅原明良,1:59.2,クビ,7-7-9-8,41.4,23.0,6,496(+10),01108,[東]矢野英一,149002,井山登,,"(*14,12)(11,15)-(6,16)-3(1,5)(7,8)-10(4,9)   13,2",7,1,7.0,False,"(*14,12)11,15,6,16,3-5(1,7,8)-(4,9)-10   13,2",7,1,6.0,False,"14,12(11,15,16)(6,5,8)3,7(1,4,9)10   13,2",9,1,1.5,False,"(*14,15)(11,16)(12,6,8)(7,3,5)(1,9)-(4,10)   13,2",8,3,0.0,False,6,
202306050602,2,2歳未勝利,ダ,1800,晴,良,10:25,2023-12-17,中山,8,4,8,2021101530,ウインラムセス,牡2,56,01109,黛弘人,1:59.2,クビ,10-9-6-5,41.5,16.0,5,458(-2),01020,[東]相沢郁,494800,ウイン,,"(*14,12)(11,15)-(6,16)-3(1,5)(7,8)-10(4,9)   13,2",10,2,7.0,False,"(*14,12)11,15,6,16,3-5(1,7,8)-(4,9)-10   13,2",9,3,9.5,False,"14,12(11,15,16)(6,5,8)3,7(1,4,9)10   13,2",6,3,1.5,False,"(*14,15)(11,16)(12,6,8)(7,3,5)(1,9)-(4,10)   13,2",5,3,0.0,False,6,
202306050602,2,2歳未勝利,ダ,1800,晴,良,10:25,2023-12-17,中山,9,1,1,2021100929,フラムブランシュ,牡2,55,01188,永野猛蔵,1:59.6,2.1/2,8-9-11-11,41.5,5.3,2,490(+6),01167,[東]稲垣幸雄,082803,フロンティア,,"(*14,12)(11,15)-(6,16)-3(1,5)(7,8)-10(4,9)   13,2",8,2,7.0,False,"(*14,12)11,15,6,16,3-5(1,7,8)-(4,9)-10   13,2",9,3,9.5,False,"14,12(11,15,16)(6,5,8)3,7(1,4,9)10   13,2",11,3,3.0,False,"(*14,15)(11,16)(12,6,8)(7,3,5)(1,9)-(4,10)   13,2",11,2,0.0,False,6,
202306050602,2,2歳未勝利,ダ,1800,晴,良,10:25,2023-12-17,中山,10,4,7,2021105053,キープインマインド,牡2,56,01043,北村宏司,1:59.7,1/2,10-9-10-8,41.8,42.8,10,508(+8),01079,[東]古賀慎明,338007,村野康司,,"(*14,12)(11,15)-(6,16)-3(1,5)(7,8)-10(4,9)   13,2",10,2,7.0,False,"(*14,12)11,15,6,16,3-5(1,7,8)-(4,9)-10   13,2",9,3,9.5,False,"14,12(11,15,16)(6,5,8)3,7(1,4,9)10   13,2",10,1,3.0,False,"(*14,15)(11,16)(12,6,8)(7,3,5)(1,9)-(4,10)   13,2",8,3,0.0,False,6,
202306050602,2,2歳未勝利,ダ,1800,晴,良,10:25,2023-12-17,中山,11,5,10,2021105235,エンバーク,牡2,56,01091,丹内祐次,1:59.9,1.1/4,12-14-14-13,41.6,2.1,1,494(+12),01153,[東]中舘英二,758005,吉田照哉,,"(*14,12)(11,15)-(6,16)-3(1,5)(7,8)-10(4,9)   13,2",12,1,10.5,False,"(*14,12)11,15,6,16,3-5(1,7,8)-(4,9)-10   13,2",14,1,16.5,False,"14,12(11,15,16)(6,5,8)3,7(1,4,9)10   13,2",14,1,3.0,False,"(*14,15)(11,16)(12,6,8)(7,3,5)(1,9)-(4,10)   13,2",13,2,3.5,False,6,
202306050602,2,2歳未勝利,ダ,1800,晴,良,10:25,2023-12-17,中山,12,2,4,2021102786,タイセイフェイマス,牡2,56,05203,岩田康誠,2:02.3,大,13-12-11-13,44.2,63.6,13,476(-4),01145,[東]奥村武,224007,田中成奉,,"(*14,12)(11,15)-(6,16)-3(1,5)(7,8)-10(4,9)   13,2",13,2,10.5,False,"(*14,12)11,15,6,16,3-5(1,7,8)-(4,9)-10   13,2",12,2,13.0,False,"14,12(11,15,16)(6,5,8)3,7(1,4,9)10   13,2",11,3,3.0,False,"(*14,15)(11,16)(12,6,8)(7,3,5)(1,9)-(4,10)   13,2",13,2,3.5,False,6,
202306050602,2,2歳未勝利,ダ,1800,晴,良,10:25,2023-12-17,中山,13,3,5,2021106875,ゴールドジューク,牡2,56,01117,丸田恭介,2:02.4,1/2,8-8-6-8,44.8,29.6,7,462(-8),01090,[東]天間昭一,712033,居城寿与,,"(*14,12)(11,15)-(6,16)-3(1,5)(7,8)-10(4,9)   13,2",8,2,7.0,False,"(*14,12)11,15,6,16,3-5(1,7,8)-(4,9)-10   13,2",8,1,9.5,False,"14,12(11,15,16)(6,5,8)3,7(1,4,9)10   13,2",6,3,1.5,False,"(*14,15)(11,16)(12,6,8)(7,3,5)(1,9)-(4,10)   13,2",8,3,0.0,False,6,
202306050602,2,2歳未勝利,ダ,1800,晴,良,10:25,2023-12-17,中山,14,6,12,2021102364,ロマンスヒコー,牡2,54,01164,藤田菜七,2:02.9,3,2-2-2-5,45.6,312.2,15,454(0),01035,[東]佐藤吉勝,563002,片山博志,,"(*14,12)(11,15)-(6,16)-3(1,5)(7,8)-10(4,9)   13,2",2,2,0.0,False,"(*14,12)11,15,6,16,3-5(1,7,8)-(4,9)-10   13,2",2,2,0.0,False,"14,12(11,15,16)(6,5,8)3,7(1,4,9)10   13,2",2,1,1.5,False,"(*14,15)(11,16)(12,6,8)(7,3,5)(1,9)-(4,10)   13,2",5,3,0.0,False,6,
202306050602,2,2歳未勝利,ダ,1800,晴,良,10:25,2023-12-17,中山,取,1,2,2021100360,カラーオブジアース,牡2,56,01096,大野拓弥,,,,,---,,計不,01192,[東]上原佑紀,300803,ＫＲジャパン,,"(*14,12)(11,15)-(6,16)-3(1,5)(7,8)-10(4,9)   13,2",16,1,18.0,False,"(*14,12)11,15,6,16,3-5(1,7,8)-(4,9)-10   13,2",16,1,24.0,False,"14,12(11,15,16)(6,5,8)3,7(1,4,9)10   13,2",16,1,10.5,False,"(*14,15)(11,16)(12,6,8)(7,3,5)(1,9)-(4,10)   13,2",16,1,11.0,False,6,
202306050602,2,2歳未勝利,ダ,1800,晴,良,10:25,2023-12-17,中山,中,7,13,2021101646,タリスカーベイ,牝2,55,01075,田辺裕信,,,,,39.3,9,476(-8),01150,[東]池上昌和,003060,ゴドルフィン,,"(*14,12)(11,15)-(6,16)-3(1,5)(7,8)-10(4,9)   13,2",15,1,16.5,False,"(*14,12)11,15,6,16,3-5(1,7,8)-(4,9)-10   13,2",15,1,22.5,False,"14,12(11,15,16)(6,5,8)3,7(1,4,9)10   13,2",15,1,9.0,False,"(*14,15)(11,16)(12,6,8)(7,3,5)(1,9)-(4,10)   13,2",15,1,9.5,False,6,
202306050603,3,2歳未勝利,ダ,1200,晴,良,10:55,2023-12-17,中山,1,1,1,2021100641,ベルウッドワン,牡2,56,01075,田辺裕信,1:12.3,,1-1,38.8,1.3,1,450(+6),01153,[東]中舘英二,137030,鈴木照雄,550.0,,,,,,,,,,,"(*1,2)-14(13,16)(10,11,15)(8,12)9-6,3(5,7)4",1,2,0.0,True,"1,2-(14,16)-13-(15,12)-8-11(10,9)(6,7)(3,5)4",1,1,0.0,False,1,
202306050603,3,2歳未勝利,ダ,1200,晴,良,10:55,2023-12-17,中山,2,8,16,2021101930,ライングッドマン,牡2,56,01169,武藤雅,1:12.5,1.1/2,4-3,38.1,13.1,3,470(+2),01064,[東]武藤善則,796002,大澤繁昌,220.0,,,,,,,,,,,"(*1,2)-14(13,16)(10,11,15)(8,12)9-6,3(5,7)4",4,2,3.5,False,"1,2-(14,16)-13-(15,12)-8-11(10,9)(6,7)(3,5)4",3,2,5.0,False,1,
202306050603,3,2歳未勝利,ダ,1200,晴,良,10:55,2023-12-17,中山,3,1,2,2021102671,ヨリナエスポワール,牡2,56,01162,木幡巧也,1:13.0,3,2-2,39.4,15.5,4,528(0),01106,[東]牧光二,484031,辻子依旦,140.0,,,,,,,,,,,"(*1,2)-14(13,16)(10,11,15)(8,12)9-6,3(5,7)4",2,2,0.0,False,"1,2-(14,16)-13-(15,12)-8-11(10,9)(6,7)(3,5)4",2,1,1.5,False,1,
202306050603,3,2歳未勝利,ダ,1200,晴,良,10:55,2023-12-17,中山,4,7,13,2021105388,ゴンザーゴ,牡2,56,01043,北村宏司,1:13.0,ハナ,4-5,38.6,5.1,2,446(0),01133,[東]黒岩陽一,138007,吉田和美,83.0,,,,,,,,,,,"(*1,2)-14(13,16)(10,11,15)(8,12)9-6,3(5,7)4",4,2,3.5,False,"1,2-(14,16)-13-(15,12)-8-11(10,9)(6,7)(3,5)4",5,1,8.5,False,1,
202306050603,3,2歳未勝利,ダ,1200,晴,良,10:55,2023-12-17,中山,5,7,14,2021101363,アイランドピーク,牡2,55,01184,原優介,1:13.2,1.1/4,3-3,39.0,28.0,6,470(-4),01077,[東]加藤和宏,089002,小島將之,55.0,,,,,,,,,,,"(*1,2)-14(13,16)(10,11,15)(8,12)9-6,3(5,7)4",3,1,3.5,False,"1,2-(14,16)-13-(15,12)-8-11(10,9)(6,7)(3,5)4",3,2,5.0,False,1,
202306050603,3,2歳未勝利,ダ,1200,晴,良,10:55,2023-12-17,中山,6,8,15,2021101061,インヘリタンスエス,牡2,56,01029,武士沢友,1:13.4,1,6-6,38.7,54.1,7,490(-8),01038,[東]手塚貴久,491030,藤田在子,,,,,,,,,,,,"(*1,2)-14(13,16)(10,11,15)(8,12)9-6,3(5,7)4",6,3,3.5,False,"1,2-(14,16)-13-(15,12)-8-11(10,9)(6,7)(3,5)4",6,2,12.0,False,1,
202306050603,3,2歳未勝利,ダ,1200,晴,良,10:55,2023-12-17,中山,7,6,12,2021106245,マイネルウォーリア,牡2,56,01179,菅原明良,1:14.5,7,9-6,39.7,18.4,5,468(+8),01088,[東]高木登,546800,サラブレッドクラブ・...,,,,,,,,,,,,"(*1,2)-14(13,16)(10,11,15)(8,12)9-6,3(5,7)4",9,2,3.5,False,"1,2-(14,16)-13-(15,12)-8-11(10,9)(6,7)(3,5)4",6,2,12.0,False,1,
202306050603,3,2歳未勝利,ダ,1200,晴,良,10:55,2023-12-17,中山,8,4,8,2021106899,フェスティヴルディ,牡2,56,01091,丹内祐次,1:14.6,3/4,9-8,39.8,219.7,11,480(0),01080,[東]清水英克,070803,臼井義太郎,,,,,,,,,,,,"(*1,2)-14(13,16)(10,11,15)(8,12)9-6,3(5,7)4",9,2,3.5,False,"1,2-(14,16)-13-(15,12)-8-11(10,9)(6,7)(3,5)4",8,1,15.5,False,1,
202306050603,3,2歳未勝利,ダ,1200,晴,良,10:55,2023-12-17,中山,9,4,7,2021101283,ストロングハッピー,牡2,56,01108,的場勇人,1:14.9,2,14-12,39.1,566.3,15,490(+8),01063,[東]的場均,370033,長谷川守正,,,,,,,,,,,,"(*1,2)-14(13,16)(10,11,15)(8,12)9-6,3(5,7)4",14,2,8.5,False,"1,2-(14,16)-13-(15,12)-8-11(10,9)(6,7)(3,5)4",12,2,19.0,False,1,
202306050603,3,2歳未勝利,ダ,1200,晴,良,10:55,2023-12-17,中山,10,3,5,2021104551,オッチョラゴ,牡2,56,01134,嶋田純次,1:15.0,クビ,14-14,39.2,619.4,16,490(+4),01134,[東]高橋文雅,629800,ミルファーム,,,,,,,,,,,,"(*1,2)-14(13,16)(10,11,15)(8,12)9-6,3(5,7)4",14,2,8.5,False,"1,2-(14,16)-13-(15,12)-8-11(10,9)(6,7)(3,5)4",14,2,19.0,False,1,
202306050603,3,2歳未勝利,ダ,1200,晴,良,10:55,2023-12-17,中山,11,3,6,2021102485,ヤマタケプレーダ,牡2,56,01117,丸田恭介,1:15.3,1.3/4,12-12,39.9,280.8,12,492(+2),01108,[東]矢野英一,360030,山中佳代,,,,,,,,,,,,"(*1,2)-14(13,16)(10,11,15)(8,12)9-6,3(5,7)4",12,1,7.0,False,"1,2-(14,16)-13-(15,12)-8-11(10,9)(6,7)(3,5)4",12,2,19.0,False,1,
202306050603,3,2歳未勝利,ダ,1200,晴,良,10:55,2023-12-17,中山,12,2,4,2021102846,エターナルローズ,牝2,51,01206,小林美駒,1:15.4,1/2,16-16,39.4,185.6,10,436(+2),01026,[東]鈴木伸尋,102800,ターフ・スポート,,,,,,,,,,,,"(*1,2)-14(13,16)(10,11,15)(8,12)9-6,3(5,7)4",16,1,8.5,False,"1,2-(14,16)-13-(15,12)-8-11(10,9)(6,7)(3,5)4",16,1,19.0,False,1,
202306050603,3,2歳未勝利,ダ,1200,晴,良,10:55,2023-12-17,中山,13,5,9,2021106316,ミスターローズ,牡2,56,01135,杉原誠人,1:16.0,4,11-10,41.0,174.0,8,438(+4),01064,[東]武藤善則,911800,スピードファーム,,,,,,,,,,,,"(*1,2)-14(13,16)(10,11,15)(8,12)9-6,3(5,7)4",11,1,3.5,False,"1,2-(14,16)-13-(15,12)-8-11(10,9)(6,7)(3,5)4",10,2,19.0,False,1,
202306050603,3,2歳未勝利,ダ,1200,晴,良,10:55,2023-12-17,中山,14,5,10,2021109068,カミノカガヤキ,牝2,52,01201,水沼元輝,1:16.2,1.1/4,6-10,41.5,460.8,14,454(-2),00437,[東]南田美知,913008,村上正喜,,,,,,,,,,,,"(*1,2)-14(13,16)(10,11,15)(8,12)9-6,3(5,7)4",6,3,3.5,False,"1,2-(14,16)-13-(15,12)-8-11(10,9)(6,7)(3,5)4",10,2,19.0,False,1,
202306050603,3,2歳未勝利,ダ,1200,晴,良,10:55,2023-12-17,中山,15,2,3,2021106287,セイカボアソナード,牡2,55,01192,横山琉人,1:16.5,1.3/4,13-14,40.9,383.0,13,430(-4),01020,[東]相沢郁,284008,久米大,,,,,,,,,,,,"(*1,2)-14(13,16)(10,11,15)(8,12)9-6,3(5,7)4",13,1,8.5,False,"1,2-(14,16)-13-(15,12)-8-11(10,9)(6,7)(3,5)4",14,2,19.0,False,1,
202306050603,3,2歳未勝利,ダ,1200,晴,良,10:55,2023-12-17,中山,16,6,11,2021102053,サノノミッキー,牝2,54,01181,秋山稔樹,1:16.6,1/2,6-9,41.9,184.6,9,402(-2),01131,[東]蛯名利弘,735033,佐野信幸,,,,,,,,,,,,"(*1,2)-14(13,16)(10,11,15)(8,12)9-6,3(5,7)4",6,3,3.5,False,"1,2-(14,16)-13-(15,12)-8-11(10,9)(6,7)(3,5)4",9,1,19.0,False,1,
202306050604,4,障害3歳以上未勝利,芝,2880,晴,良,11:25,2023-12-17,中山,1,4,4,2017106153,エンデュミオン,牡6,57,01201,水沼元輝,3:12.5,,2-2-1-1,13.4,2.0,1,466(-6),01110,[西]清水久詞,102800,ターフ・スポート,790.0,"5-4-(10,7)=11=2-6(12,3)8-9   1,13",2,1,3.5,False,"5,4-10-7,11=(2,3)(6,12,8)=9   1,13",2,1,1.5,False,"4-10-5,11=8,7,6-(3,12)-9=2   1,13",1,1,0.0,False,"4=10,11=5=8-6-7-12,9=2   1,3,13",1,1,0.0,False,,開催6日目でAコース6日目。北風がやや強く、土曜に比べると上がりがかかるようになったが、外差しに偏ることもなかった。
202306050604,4,障害3歳以上未勝利,芝,2880,晴,良,11:25,2023-12-17,中山,2,7,11,2017106372,ワールドスケール,牡6,60,01196,小牧加矢,3:12.7,1.1/2,5-5-4-3,13.4,3.9,2,488(0),01107,[西]村山明,363800,三嶋牧場,320.0,"5-4-(10,7)=11=2-6(12,3)8-9   1,13",5,1,13.0,False,"5,4-10-7,11=(2,3)(6,12,8)=9   1,13",5,1,10.0,False,"4-10-5,11=8,7,6-(3,12)-9=2   1,13",4,1,8.5,False,"4=10,11=5=8-6-7-12,9=2   1,3,13",3,1,7.5,False,,開催6日目でAコース6日目。北風がやや強く、土曜に比べると上がりがかかるようになったが、外差しに偏ることもなかった。
202306050604,4,障害3歳以上未勝利,芝,2880,晴,良,11:25,2023-12-17,中山,3,7,10,2019110090,ピンクダイヤ,牡4,60,01139,森一馬,3:14.4,10,3-3-2-2,13.5,19.8,6,488(+14),00427,[西]森秀行,695008,木村久子,200.0,"5-4-(10,7)=11=2-6(12,3)8-9   1,13",3,2,7.0,False,"5,4-10-7,11=(2,3)(6,12,8)=9   1,13",3,1,5.0,False,"4-10-5,11=8,7,6-(3,12)-9=2   1,13",2,1,3.5,False,"4=10,11=5=8-6-7-12,9=2   1,3,13",2,1,6.0,False,,開催6日目でAコース6日目。北風がやや強く、土曜に比べると上がりがかかるようになったが、外差しに偏ることもなかった。
202306050604,4,障害3歳以上未勝利,芝,2880,晴,良,11:25,2023-12-17,中山,4,6,9,2019105023,アイスジャイアント,セ4,60,01068,蓑島靖典,3:17.7,大,11-11-10-9,13.7,9.6,4,506(0),01118,[東]高柳瑞樹,790005,吉田勝己,120.0,"5-4-(10,7)=11=2-6(12,3)8-9   1,13",11,1,26.0,False,"5,4-10-7,11=(2,3)(6,12,8)=9   1,13",11,1,22.0,False,"4-10-5,11=8,7,6-(3,12)-9=2   1,13",10,1,24.5,False,"4=10,11=5=8-6-7-12,9=2   1,3,13",9,1,31.5,False,,開催6日目でAコース6日目。北風がやや強く、土曜に比べると上がりがかかるようになったが、外差しに偏ることもなかった。
202306050604,4,障害3歳以上未勝利,芝,2880,晴,良,11:25,2023-12-17,中山,5,5,6,2018110131,アメリカンピース,セ5,60,01101,中村将之,3:18.1,2.1/2,7-8-7-6,13.8,26.0,7,462(+4),01002,[西]音無秀孝,346803,吉澤ホールディングス,79.0,"5-4-(10,7)=11=2-6(12,3)8-9   1,13",7,1,22.5,False,"5,4-10-7,11=(2,3)(6,12,8)=9   1,13",8,3,16.0,False,"4-10-5,11=8,7,6-(3,12)-9=2   1,13",7,1,17.5,False,"4=10,11=5=8-6-7-12,9=2   1,3,13",6,1,23.0,False,,開催6日目でAコース6日目。北風がやや強く、土曜に比べると上がりがかかるようになったが、外差しに偏ることもなかった。
202306050604,4,障害3歳以上未勝利,芝,2880,晴,良,11:25,2023-12-17,中山,6,8,12,2019102799,ニャンチンノン,牡4,60,01072,黒岩悠,3:18.4,1.1/2,8-8-8-8,13.8,48.5,9,466(-4),01039,[西]中竹和也,944030,加藤誠,,"5-4-(10,7)=11=2-6(12,3)8-9   1,13",8,2,22.5,False,"5,4-10-7,11=(2,3)(6,12,8)=9   1,13",8,3,16.0,False,"4-10-5,11=8,7,6-(3,12)-9=2   1,13",8,2,21.0,False,"4=10,11=5=8-6-7-12,9=2   1,3,13",8,1,30.0,False,,開催6日目でAコース6日目。北風がやや強く、土曜に比べると上がりがかかるようになったが、外差しに偏ることもなかった。
202306050604,4,障害3歳以上未勝利,芝,2880,晴,良,11:25,2023-12-17,中山,7,6,8,2018104196,タイセイコマンド,牡5,60,01113,草野太郎,3:18.5,1,10-8-5-5,13.8,6.9,3,506(0),01156,[東]青木孝文,224007,田中成奉,,"5-4-(10,7)=11=2-6(12,3)8-9   1,13",10,1,22.5,False,"5,4-10-7,11=(2,3)(6,12,8)=9   1,13",8,3,16.0,False,"4-10-5,11=8,7,6-(3,12)-9=2   1,13",5,1,14.5,False,"4=10,11=5=8-6-7-12,9=2   1,3,13",5,1,19.5,False,,開催6日目でAコース6日目。北風がやや強く、土曜に比べると上がりがかかるようになったが、外差しに偏ることもなかった。
202306050604,4,障害3歳以上未勝利,芝,2880,晴,良,11:25,2023-12-17,中山,8,5,7,2018102574,ロードシュトローム,牡5,60,01105,田村太雅,3:19.7,7,3-4-6-7,13.9,64.6,11,514(+8),01110,[西]清水久詞,170800,ロードホースクラブ,,"5-4-(10,7)=11=2-6(12,3)8-9   1,13",3,2,7.0,False,"5,4-10-7,11=(2,3)(6,12,8)=9   1,13",4,1,8.5,False,"4-10-5,11=8,7,6-(3,12)-9=2   1,13",6,1,16.0,False,"4=10,11=5=8-6-7-12,9=2   1,3,13",7,1,26.5,False,,開催6日目でAコース6日目。北風がやや強く、土曜に比べると上がりがかかるようになったが、外差しに偏ることもなかった。
202306050604,4,障害3歳以上未勝利,芝,2880,晴,良,11:25,2023-12-17,中山,9,4,5,2020104734,ユイノオトコヤマ,牡3,58,01120,大江原圭,3:20.5,5,1-1-3-4,13.9,13.1,5,474(+10),01174,[東]深山雅史,044803,由井健太郎,,"5-4-(10,7)=11=2-6(12,3)8-9   1,13",1,1,0.0,False,"5,4-10-7,11=(2,3)(6,12,8)=9   1,13",1,1,0.0,False,"4-10-5,11=8,7,6-(3,12)-9=2   1,13",3,1,7.0,False,"4=10,11=5=8-6-7-12,9=2   1,3,13",4,1,13.5,False,,開催6日目でAコース6日目。北風がやや強く、土曜に比べると上がりがかかるようになったが、外差しに偏ることもなかった。
202306050604,4,障害3歳以上未勝利,芝,2880,晴,良,11:25,2023-12-17,中山,10,2,2,2018103529,ハイレリーフ,牝5,58,01061,大庭和弥,3:21.0,3,6-6-11-10,14.0,190.3,13,462(-4),01096,[東]粕谷昌央,851009,岡田牧雄,,"5-4-(10,7)=11=2-6(12,3)8-9   1,13",6,1,19.0,False,"5,4-10-7,11=(2,3)(6,12,8)=9   1,13",6,2,16.0,False,"4-10-5,11=8,7,6-(3,12)-9=2   1,13",11,1,30.5,False,"4=10,11=5=8-6-7-12,9=2   1,3,13",10,1,37.5,False,,開催6日目でAコース6日目。北風がやや強く、土曜に比べると上がりがかかるようになったが、外差しに偏ることもなかった。
202306050604,4,障害3歳以上未勝利,芝,2880,晴,良,11:25,2023-12-17,中山,中,1,1,2020106641,オウケンデューク,牡3,58,01059,石神深一,,,,,135.8,12,456(+26),00417,[東]土田稔,731006,福井明,,"5-4-(10,7)=11=2-6(12,3)8-9   1,13",12,1,32.0,False,"5,4-10-7,11=(2,3)(6,12,8)=9   1,13",12,1,28.0,False,"4-10-5,11=8,7,6-(3,12)-9=2   1,13",12,1,36.5,False,"4=10,11=5=8-6-7-12,9=2   1,3,13",11,1,43.5,False,,開催6日目でAコース6日目。北風がやや強く、土曜に比べると上がりがかかるようになったが、外差しに偏ることもなかった。
202306050604,4,障害3歳以上未勝利,芝,2880,晴,良,11:25,2023-12-17,中山,中,3,3,2018104885,アスコルターレ,牡5,60,01123,小野寺祐,,,8-6-8,,46.8,8,458(+6),01148,[西]西村真幸,226800,サンデーレーシング,,"5-4-(10,7)=11=2-6(12,3)8-9   1,13",8,2,22.5,False,"5,4-10-7,11=(2,3)(6,12,8)=9   1,13",6,2,16.0,False,"4-10-5,11=8,7,6-(3,12)-9=2   1,13",8,2,21.0,False,"4=10,11=5=8-6-7-12,9=2   1,3,13",12,1,45.0,False,,開催6日目でAコース6日目。北風がやや強く、土曜に比べると上がりがかかるようになったが、外差しに偏ることもなかった。
202306050604,4,障害3歳以上未勝利,芝,2880,晴,良,11:25,2023-12-17,中山,中,8,13,2017101183,レッドライデン,セ6,60,01069,五十嵐雄,,,,,49.6,10,490(+24),01097,[東]鹿戸雄一,180800,東京ホースレーシング,,"5-4-(10,7)=11=2-6(12,3)8-9   1,13",13,1,33.5,False,"5,4-10-7,11=(2,3)(6,12,8)=9   1,13",13,1,29.5,False,"4-10-5,11=8,7,6-(3,12)-9=2   1,13",13,1,38.0,False,"4=10,11=5=8-6-7-12,9=2   1,3,13",13,1,46.5,False,,開催6日目でAコース6日目。北風がやや強く、土曜に比べると上がりがかかるようになったが、外差しに偏ることもなかった。
202306050605,5,2歳新馬,芝,1600,晴,良,12:15,2023-12-17,中山,1,5,9,2021105105,ミラビリスマジック,牝2,55,01075,田辺裕信,1:36.0,,2-4-4,34.9,4.1,2,452(0),00399,[東]国枝栄,415800,社台レースホース,720.0,,,,,,"16(3,8,9,15)(1,4,13)12(2,5)7,14,6-11,10",2,4,0.0,False,"(*16,8)15(3,9,13)(1,4,12)(2,5)-7,14-10=(11,6)",4,3,0.0,False,"16(8,15)9(13,12)(3,1)(4,5)-(2,14)7,10=11   6",4,1,0.0,False,-10,開催6日目でAコース6日目。北風がやや強く、土曜に比べると上がりがかかるようになったが、外差しに偏ることもなかった。
202306050605,5,2歳新馬,芝,1600,晴,良,12:15,2023-12-17,中山,2,8,16,2021100198,ホークレア,牝2,55,01077,石橋脩,1:36.1,1,1-1-1,35.4,12.9,5,440(0),01103,[東]尾関知人,854800,ノルマンディーサラブ...,290.0,,,,,,"16(3,8,9,15)(1,4,13)12(2,5)7,14,6-11,10",1,1,0.0,False,"(*16,8)15(3,9,13)(1,4,12)(2,5)-7,14-10=(11,6)",1,2,0.0,True,"16(8,15)9(13,12)(3,1)(4,5)-(2,14)7,10=11   6",1,1,0.0,False,-10,開催6日目でAコース6日目。北風がやや強く、土曜に比べると上がりがかかるようになったが、外差しに偏ることもなかった。
202306050605,5,2歳新馬,芝,1600,晴,良,12:15,2023-12-17,中山,3,6,12,2021105866,ミッキーキャンドル,牝2,55,01140,横山和生,1:36.1,アタマ,9-7-5,34.8,2.8,1,456(0),01115,[東]菊沢隆徳,441007,野田みづき,180.0,,,,,,"16(3,8,9,15)(1,4,13)12(2,5)7,14,6-11,10",9,1,0.0,False,"(*16,8)15(3,9,13)(1,4,12)(2,5)-7,14-10=(11,6)",7,3,0.0,False,"16(8,15)9(13,12)(3,1)(4,5)-(2,14)7,10=11   6",5,2,0.0,False,-10,開催6日目でAコース6日目。北風がやや強く、土曜に比べると上がりがかかるようになったが、外差しに偏ることもなかった。
202306050605,5,2歳新馬,芝,1600,晴,良,12:15,2023-12-17,中山,4,4,8,2021100338,テセラリアン,牝2,55,01179,菅原明良,1:36.4,1.1/2,2-2-2,35.6,46.0,10,420(0),01179,[東]鈴木慎太,294030,中村雄一,110.0,,,,,,"16(3,8,9,15)(1,4,13)12(2,5)7,14,6-11,10",2,4,0.0,False,"(*16,8)15(3,9,13)(1,4,12)(2,5)-7,14-10=(11,6)",2,2,0.0,False,"16(8,15)9(13,12)(3,1)(4,5)-(2,14)7,10=11   6",2,2,0.0,False,-10,開催6日目でAコース6日目。北風がやや強く、土曜に比べると上がりがかかるようになったが、外差しに偏ることもなかった。
202306050605,5,2歳新馬,芝,1600,晴,良,12:15,2023-12-17,中山,5,2,4,2021100564,エフォートレス,牡2,56,01118,宮崎北斗,1:36.7,2,6-7-9,35.3,18.5,7,482(0),01195,[東]嘉藤貴行,542800,ライオンレースホース,72.0,,,,,,"16(3,8,9,15)(1,4,13)12(2,5)7,14,6-11,10",6,3,0.0,False,"(*16,8)15(3,9,13)(1,4,12)(2,5)-7,14-10=(11,6)",7,3,0.0,False,"16(8,15)9(13,12)(3,1)(4,5)-(2,14)7,10=11   6",9,2,0.0,False,-10,開催6日目でAコース6日目。北風がやや強く、土曜に比べると上がりがかかるようになったが、外差しに偏ることもなかった。
202306050605,5,2歳新馬,芝,1600,晴,良,12:15,2023-12-17,中山,6,7,13,2021103228,ドゥザキャッチ,牝2,55,05386,戸崎圭太,1:37.0,1.1/2,6-4-5,35.9,5.5,3,446(0),01162,[東]田中博康,955033,鈴木剛史,,,,,,,"16(3,8,9,15)(1,4,13)12(2,5)7,14,6-11,10",6,3,0.0,False,"(*16,8)15(3,9,13)(1,4,12)(2,5)-7,14-10=(11,6)",4,3,0.0,False,"16(8,15)9(13,12)(3,1)(4,5)-(2,14)7,10=11   6",5,2,0.0,False,-10,開催6日目でAコース6日目。北風がやや強く、土曜に比べると上がりがかかるようになったが、外差しに偏ることもなかった。
202306050605,5,2歳新馬,芝,1600,晴,良,12:15,2023-12-17,中山,7,5,10,2021101950,フォレストゲート,牡2,56,01029,武士沢友,1:37.2,1,16-14-14,34.6,94.3,11,478(0),01171,[東]小手川準,069700,チームユッキレーシン...,,,,,,,"16(3,8,9,15)(1,4,13)12(2,5)7,14,6-11,10",16,1,8.0,False,"(*16,8)15(3,9,13)(1,4,12)(2,5)-7,14-10=(11,6)",14,1,8.5,False,"16(8,15)9(13,12)(3,1)(4,5)-(2,14)7,10=11   6",14,1,5.0,False,-10,開催6日目でAコース6日目。北風がやや強く、土曜に比べると上がりがかかるようになったが、外差しに偏ることもなかった。
202306050605,5,2歳新馬,芝,1600,晴,良,12:15,2023-12-17,中山,8,3,5,2021104975,マーシャリアーナ,牝2,55,01150,石川裕紀,1:37.2,クビ,10-10-9,35.6,38.1,9,394(0),01133,[東]黒岩陽一,758005,吉田照哉,,,,,,,"16(3,8,9,15)(1,4,13)12(2,5)7,14,6-11,10",10,2,0.0,False,"(*16,8)15(3,9,13)(1,4,12)(2,5)-7,14-10=(11,6)",10,2,0.0,False,"16(8,15)9(13,12)(3,1)(4,5)-(2,14)7,10=11   6",9,2,0.0,False,-10,開催6日目でAコース6日目。北風がやや強く、土曜に比べると上がりがかかるようになったが、外差しに偏ることもなかった。
202306050605,5,2歳新馬,芝,1600,晴,良,12:15,2023-12-17,中山,9,4,7,2021102704,グレースアイリス,牝2,54,01192,横山琉人,1:37.2,アタマ,12-12-13,35.2,12.3,4,426(0),01020,[東]相沢郁,361800,杵臼牧場,,,,,,,"16(3,8,9,15)(1,4,13)12(2,5)7,14,6-11,10",12,1,0.0,False,"(*16,8)15(3,9,13)(1,4,12)(2,5)-7,14-10=(11,6)",12,1,3.5,False,"16(8,15)9(13,12)(3,1)(4,5)-(2,14)7,10=11   6",13,1,3.5,False,-10,開催6日目でAコース6日目。北風がやや強く、土曜に比べると上がりがかかるようになったが、外差しに偏ることもなかった。
202306050605,5,2歳新馬,芝,1600,晴,良,12:15,2023-12-17,中山,10,1,2,2021105006,カイマナエレエレ,牝2,55,01162,木幡巧也,1:37.5,1.1/2,10-10-11,35.8,94.5,12,398(0),01064,[東]武藤善則,758005,吉田照哉,,,,,,,"16(3,8,9,15)(1,4,13)12(2,5)7,14,6-11,10",10,2,0.0,False,"(*16,8)15(3,9,13)(1,4,12)(2,5)-7,14-10=(11,6)",10,2,0.0,False,"16(8,15)9(13,12)(3,1)(4,5)-(2,14)7,10=11   6",11,2,3.5,False,-10,開催6日目でAコース6日目。北風がやや強く、土曜に比べると上がりがかかるようになったが、外差しに偏ることもなかった。
202306050605,5,2歳新馬,芝,1600,晴,良,12:15,2023-12-17,中山,11,7,14,2021101772,サニービーチ,牝2,55,01169,武藤雅,1:37.5,ハナ,13-13-11,35.2,16.6,6,492(0),01085,[西]小崎憲,002803,キーファーズ,,,,,,,"16(3,8,9,15)(1,4,13)12(2,5)7,14,6-11,10",13,1,1.5,False,"(*16,8)15(3,9,13)(1,4,12)(2,5)-7,14-10=(11,6)",13,1,5.0,False,"16(8,15)9(13,12)(3,1)(4,5)-(2,14)7,10=11   6",11,2,3.5,False,-10,開催6日目でAコース6日目。北風がやや強く、土曜に比べると上がりがかかるようになったが、外差しに偏ることもなかった。
202306050605,5,2歳新馬,芝,1600,晴,良,12:15,2023-12-17,中山,12,1,1,2021101491,ミッキーイーグル,牡2,56,00733,吉田豊,1:37.6,1,6-7-7,36.3,19.2,8,456(0),01067,[東]久保田貴,441007,野田みづき,,,,,,,"16(3,8,9,15)(1,4,13)12(2,5)7,14,6-11,10",6,3,0.0,False,"(*16,8)15(3,9,13)(1,4,12)(2,5)-7,14-10=(11,6)",7,3,0.0,False,"16(8,15)9(13,12)(3,1)(4,5)-(2,14)7,10=11   6",7,2,0.0,False,-10,開催6日目でAコース6日目。北風がやや強く、土曜に比べると上がりがかかるようになったが、外差しに偏ることもなかった。
202306050605,5,2歳新馬,芝,1600,晴,良,12:15,2023-12-17,中山,13,8,15,2021106356,ジュネスヒマリ,牝2,55,01143,原田和真,1:37.8,1,2-3-2,36.9,97.3,13,462(0),01125,[東]小野次郎,853002,松本俊廣,,,,,,,"16(3,8,9,15)(1,4,13)12(2,5)7,14,6-11,10",2,4,0.0,False,"(*16,8)15(3,9,13)(1,4,12)(2,5)-7,14-10=(11,6)",3,1,0.0,False,"16(8,15)9(13,12)(3,1)(4,5)-(2,14)7,10=11   6",2,2,0.0,False,-10,開催6日目でAコース6日目。北風がやや強く、土曜に比べると上がりがかかるようになったが、外差しに偏ることもなかった。
202306050605,5,2歳新馬,芝,1600,晴,良,12:15,2023-12-17,中山,14,2,3,2021104091,アーコレード,牝2,55,01135,杉原誠人,1:37.8,1/2,2-4-7,36.7,131.7,14,448(0),01027,[東]田村康仁,994002,飯田正剛,,,,,,,"16(3,8,9,15)(1,4,13)12(2,5)7,14,6-11,10",2,4,0.0,False,"(*16,8)15(3,9,13)(1,4,12)(2,5)-7,14-10=(11,6)",4,3,0.0,False,"16(8,15)9(13,12)(3,1)(4,5)-(2,14)7,10=11   6",7,2,0.0,False,-10,開催6日目でAコース6日目。北風がやや強く、土曜に比べると上がりがかかるようになったが、外差しに偏ることもなかった。
202306050605,5,2歳新馬,芝,1600,晴,良,12:15,2023-12-17,中山,15,6,11,2021102620,ネバシーンビフォー,牝2,55,01025,勝浦正樹,1:48.7,大,15-15-15,43.5,215.9,15,464(0),01125,[東]小野次郎,300803,ＫＲジャパン,,,,,,,"16(3,8,9,15)(1,4,13)12(2,5)7,14,6-11,10",15,1,6.5,False,"(*16,8)15(3,9,13)(1,4,12)(2,5)-7,14-10=(11,6)",15,2,14.5,False,"16(8,15)9(13,12)(3,1)(4,5)-(2,14)7,10=11   6",15,1,11.0,False,-10,開催6日目でAコース6日目。北風がやや強く、土曜に比べると上がりがかかるようになったが、外差しに偏ることもなかった。
202306050605,5,2歳新馬,芝,1600,晴,良,12:15,2023-12-17,中山,中,3,6,2021109025,キタノクラージュ,牡2,56,00726,岩部純二,,,14-15,,315.1,16,506(0),01024,[東]萱野浩二,163002,北所直人,,,,,,,"16(3,8,9,15)(1,4,13)12(2,5)7,14,6-11,10",14,1,3.0,False,"(*16,8)15(3,9,13)(1,4,12)(2,5)-7,14-10=(11,6)",15,2,14.5,False,"16(8,15)9(13,12)(3,1)(4,5)-(2,14)7,10=11   6",16,1,17.0,False,-10,開催6日目でAコース6日目。北風がやや強く、土曜に比べると上がりがかかるようになったが、外差しに偏ることもなかった。
202306050606,6,2歳新馬,ダ,1800,晴,良,12:45,2023-12-17,中山,1,5,10,2021104987,ボーイハンター,牝2,55,01091,丹内祐次,1:56.7,,3-3-1-1,40.6,6.0,4,458(0),01187,[東]西田雄一,310007,吉田千津,720.0,"(*4,8)(10,15)(1,6)11(2,9)-13,7-(3,12)-14,16=5",3,2,0.0,False,"(*4,8)(10,15)(1,6)(2,11)9,13,7-(3,12)-14-16=5",3,2,0.0,False,"(4,8,*10,15)-6-(11,2,9)-(7,13)=12(1,3,14)-16=5",1,4,0.0,True,"10-6,15(4,9)(8,2)11,7-13=(3,12)-14-16-1=5",1,1,0.0,False,6,
202306050606,6,2歳新馬,ダ,1800,晴,良,12:45,2023-12-17,中山,2,4,7,2021102247,ギースバッハ,牝2,55,00733,吉田豊,1:58.3,10,11-11-9-9,40.8,37.2,8,456(0),01059,[東]加藤征弘,675030,林正道,290.0,"(*4,8)(10,15)(1,6)11(2,9)-13,7-(3,12)-14,16=5",11,1,5.0,False,"(*4,8)(10,15)(1,6)(2,11)9,13,7-(3,12)-14-16=5",11,1,3.0,False,"(4,8,*10,15)-6-(11,2,9)-(7,13)=12(1,3,14)-16=5",9,2,10.5,False,"10-6,15(4,9)(8,2)11,7-13=(3,12)-14-16-1=5",9,1,6.5,False,6,
202306050606,6,2歳新馬,ダ,1800,晴,良,12:45,2023-12-17,中山,3,5,9,2021102753,サンセットブライト,牝2,54,01192,横山琉人,1:58.4,3/4,8-9-6-4,41.4,24.1,6,490(0),01020,[東]相沢郁,333007,神田紘爾,180.0,"(*4,8)(10,15)(1,6)11(2,9)-13,7-(3,12)-14,16=5",8,2,0.0,False,"(*4,8)(10,15)(1,6)(2,11)9,13,7-(3,12)-14-16=5",9,1,0.0,False,"(4,8,*10,15)-6-(11,2,9)-(7,13)=12(1,3,14)-16=5",6,3,7.0,False,"10-6,15(4,9)(8,2)11,7-13=(3,12)-14-16-1=5",4,2,5.0,False,6,
202306050606,6,2歳新馬,ダ,1800,晴,良,12:45,2023-12-17,中山,4,3,6,2021100295,アプラド,牝2,55,01077,石橋脩,1:58.8,2.1/2,5-5-5-2,42.3,3.4,1,468(0),01172,[西]新谷功一,788800,ノースヒルズ,110.0,"(*4,8)(10,15)(1,6)11(2,9)-13,7-(3,12)-14,16=5",5,2,0.0,False,"(*4,8)(10,15)(1,6)(2,11)9,13,7-(3,12)-14-16=5",5,2,0.0,False,"(4,8,*10,15)-6-(11,2,9)-(7,13)=12(1,3,14)-16=5",5,1,3.5,False,"10-6,15(4,9)(8,2)11,7-13=(3,12)-14-16-1=5",2,1,3.5,False,6,
202306050606,6,2歳新馬,ダ,1800,晴,良,12:45,2023-12-17,中山,5,6,12,2021104969,プレシュラージュ,牝2,55,00422,内田博幸,1:59.9,7,12-12-11-11,41.4,27.7,7,454(0),01119,[東]田中剛,415800,社台レースホース,72.0,"(*4,8)(10,15)(1,6)11(2,9)-13,7-(3,12)-14,16=5",12,2,8.5,False,"(*4,8)(10,15)(1,6)(2,11)9,13,7-(3,12)-14-16=5",12,2,6.5,False,"(4,8,*10,15)-6-(11,2,9)-(7,13)=12(1,3,14)-16=5",11,1,16.5,False,"10-6,15(4,9)(8,2)11,7-13=(3,12)-14-16-1=5",11,2,16.0,False,6,
202306050606,6,2歳新馬,ダ,1800,晴,良,12:45,2023-12-17,中山,6,8,15,2021105027,ヴェルミリオ,牝2,53,05629,及川烈,2:00.1,1.1/4,3-3-2-3,43.9,58.2,10,534(0),01010,[東]中野栄治,953030,山本三津子,,"(*4,8)(10,15)(1,6)11(2,9)-13,7-(3,12)-14,16=5",3,2,0.0,False,"(*4,8)(10,15)(1,6)(2,11)9,13,7-(3,12)-14-16=5",3,2,0.0,False,"(4,8,*10,15)-6-(11,2,9)-(7,13)=12(1,3,14)-16=5",2,4,0.0,False,"10-6,15(4,9)(8,2)11,7-13=(3,12)-14-16-1=5",3,1,5.0,False,6,
202306050606,6,2歳新馬,ダ,1800,晴,良,12:45,2023-12-17,中山,7,6,11,2021103174,アートハラン,牝2,55,01096,大野拓弥,2:00.2,クビ,7-7-6-8,43.2,10.2,5,438(0),01102,[東]大竹正博,536800,大樹ファーム,,"(*4,8)(10,15)(1,6)11(2,9)-13,7-(3,12)-14,16=5",7,1,0.0,False,"(*4,8)(10,15)(1,6)(2,11)9,13,7-(3,12)-14-16=5",7,2,0.0,False,"(4,8,*10,15)-6-(11,2,9)-(7,13)=12(1,3,14)-16=5",6,3,7.0,False,"10-6,15(4,9)(8,2)11,7-13=(3,12)-14-16-1=5",8,1,5.0,False,6,
202306050606,6,2歳新馬,ダ,1800,晴,良,12:45,2023-12-17,中山,8,4,8,2021103707,コアクト,牝2,55,01153,木幡初也,2:00.9,4,2-2-2-6,44.7,114.9,14,450(0),00420,[東]宗像義忠,368803,ウエスト．フォレスト...,,"(*4,8)(10,15)(1,6)11(2,9)-13,7-(3,12)-14,16=5",2,2,0.0,False,"(*4,8)(10,15)(1,6)(2,11)9,13,7-(3,12)-14-16=5",2,2,0.0,False,"(4,8,*10,15)-6-(11,2,9)-(7,13)=12(1,3,14)-16=5",2,4,0.0,False,"10-6,15(4,9)(8,2)11,7-13=(3,12)-14-16-1=5",6,2,5.0,False,6,
202306050606,6,2歳新馬,ダ,1800,晴,良,12:45,2023-12-17,中山,9,7,14,2021103822,ノーブルシェイド,牝2,55,01169,武藤雅,2:00.9,クビ,14-14-12-13,42.1,79.1,11,542(0),01094,[東]水野貴広,755030,吉木伸彦,,"(*4,8)(10,15)(1,6)11(2,9)-13,7-(3,12)-14,16=5",14,1,12.0,False,"(*4,8)(10,15)(1,6)(2,11)9,13,7-(3,12)-14-16=5",14,1,10.0,False,"(4,8,*10,15)-6-(11,2,9)-(7,13)=12(1,3,14)-16=5",12,3,16.5,False,"10-6,15(4,9)(8,2)11,7-13=(3,12)-14-16-1=5",13,1,19.5,False,6,
202306050606,6,2歳新馬,ダ,1800,晴,良,12:45,2023-12-17,中山,10,1,2,2021106707,ヴァズレーヌ,牝2,55,05386,戸崎圭太,2:01.0,クビ,8-7-6-6,44.0,3.7,2,468(0),01195,[東]嘉藤貴行,854800,ノルマンディーサラブ...,,"(*4,8)(10,15)(1,6)11(2,9)-13,7-(3,12)-14,16=5",8,2,0.0,False,"(*4,8)(10,15)(1,6)(2,11)9,13,7-(3,12)-14-16=5",7,2,0.0,False,"(4,8,*10,15)-6-(11,2,9)-(7,13)=12(1,3,14)-16=5",6,3,7.0,False,"10-6,15(4,9)(8,2)11,7-13=(3,12)-14-16-1=5",6,2,5.0,False,6,
202306050606,6,2歳新馬,ダ,1800,晴,良,12:45,2023-12-17,中山,11,7,13,2021100213,ベアエンジェル,牝2,55,01158,野中悠太,2:01.1,1/2,10-10-9-10,43.5,83.1,12,472(0),01008,[東]杉浦宏昭,372033,熊木浩,,"(*4,8)(10,15)(1,6)11(2,9)-13,7-(3,12)-14,16=5",10,1,3.5,False,"(*4,8)(10,15)(1,6)(2,11)9,13,7-(3,12)-14-16=5",10,1,1.5,False,"(4,8,*10,15)-6-(11,2,9)-(7,13)=12(1,3,14)-16=5",9,2,10.5,False,"10-6,15(4,9)(8,2)11,7-13=(3,12)-14-16-1=5",10,1,10.0,False,6,
202306050606,6,2歳新馬,ダ,1800,晴,良,12:45,2023-12-17,中山,12,2,3,2021102941,セイウンウィズミー,牝2,54,01188,永野猛蔵,2:01.5,2.1/2,12-12-12-11,42.8,161.0,15,472(0),01189,[東]堀内岳志,897009,西山茂行,,"(*4,8)(10,15)(1,6)11(2,9)-13,7-(3,12)-14,16=5",12,2,8.5,False,"(*4,8)(10,15)(1,6)(2,11)9,13,7-(3,12)-14-16=5",12,2,6.5,False,"(4,8,*10,15)-6-(11,2,9)-(7,13)=12(1,3,14)-16=5",12,3,16.5,False,"10-6,15(4,9)(8,2)11,7-13=(3,12)-14-16-1=5",11,2,16.0,False,6,
202306050606,6,2歳新馬,ダ,1800,晴,良,12:45,2023-12-17,中山,13,2,4,2021101833,ジェイエルジェティ,牝2,55,01075,田辺裕信,2:01.6,クビ,1-1-2-4,45.4,6.0,3,520(0),00405,[東]小西一男,173033,橋元幸人,,"(*4,8)(10,15)(1,6)11(2,9)-13,7-(3,12)-14,16=5",1,2,0.0,True,"(*4,8)(10,15)(1,6)(2,11)9,13,7-(3,12)-14-16=5",1,2,0.0,True,"(4,8,*10,15)-6-(11,2,9)-(7,13)=12(1,3,14)-16=5",2,4,0.0,False,"10-6,15(4,9)(8,2)11,7-13=(3,12)-14-16-1=5",4,2,5.0,False,6,
202306050606,6,2歳新馬,ダ,1800,晴,良,12:45,2023-12-17,中山,14,8,16,2021101816,プリンセスアメリカ,牝2,55,01109,黛弘人,2:04.3,大,15-15-15-14,45.0,175.3,16,468(0),01010,[東]中野栄治,663007,内藤好江,,"(*4,8)(10,15)(1,6)11(2,9)-13,7-(3,12)-14,16=5",15,1,13.5,False,"(*4,8)(10,15)(1,6)(2,11)9,13,7-(3,12)-14-16=5",15,1,13.5,False,"(4,8,*10,15)-6-(11,2,9)-(7,13)=12(1,3,14)-16=5",15,1,20.0,False,"10-6,15(4,9)(8,2)11,7-13=(3,12)-14-16-1=5",14,1,23.0,False,6,
202306050606,6,2歳新馬,ダ,1800,晴,良,12:45,2023-12-17,中山,15,1,1,2021106154,リベラメ,牝2,55,01162,木幡巧也,2:07.4,大,5-5-12-15,48.6,110.9,13,492(0),01106,[東]牧光二,393803,ＫＡＪＩＭＯＴＯホー...,,"(*4,8)(10,15)(1,6)11(2,9)-13,7-(3,12)-14,16=5",5,2,0.0,False,"(*4,8)(10,15)(1,6)(2,11)9,13,7-(3,12)-14-16=5",5,2,0.0,False,"(4,8,*10,15)-6-(11,2,9)-(7,13)=12(1,3,14)-16=5",12,3,16.5,False,"10-6,15(4,9)(8,2)11,7-13=(3,12)-14-16-1=5",15,1,26.5,False,6,
202306050606,6,2歳新馬,ダ,1800,晴,良,12:45,2023-12-17,中山,16,3,5,2021106433,ピースフルブラボー,牝2,54,01184,原優介,2:07.6,1.1/4,16-16-16-16,45.9,51.7,9,494(0),01054,[東]戸田博文,943033,北嶋義三,,"(*4,8)(10,15)(1,6)11(2,9)-13,7-(3,12)-14,16=5",16,1,19.5,False,"(*4,8)(10,15)(1,6)(2,11)9,13,7-(3,12)-14-16=5",16,1,19.5,False,"(4,8,*10,15)-6-(11,2,9)-(7,13)=12(1,3,14)-16=5",16,1,26.0,False,"10-6,15(4,9)(8,2)11,7-13=(3,12)-14-16-1=5",16,1,32.5,False,6,
202306050607,7,2歳未勝利,芝,2000,晴,良,13:15,2023-12-17,中山,1,4,8,2021106954,アスクナイスショー,牡2,56,01075,田辺裕信,2:02.2,,3-3-2-1,36.4,3.9,1,476(+6),01153,[東]中舘英二,539002,廣崎利洋,550.0,"4,5(3,8,15)(7,18)1(2,11)(13,17)(6,9)(10,14)(16,12)",3,3,1.5,False,"4,5(3,8)(7,15)(1,18)(2,11)(6,13,17)(10,9)14,16,12",3,2,1.5,False,"4(5,8)18(3,7)(15,17,14)2(1,11,9)13,6(10,16)-12",2,2,0.0,False,"(5,*8,18)14(4,7,17)(2,9)(3,15,11,10)13(1,6,16)12",1,3,0.0,True,-10,開催6日目でAコース6日目。北風がやや強く、土曜に比べると上がりがかかるようになったが、外差しに偏ることもなかった。
202306050607,7,2歳未勝利,芝,2000,晴,良,13:15,2023-12-17,中山,2,8,17,2021105352,ベンサレム,牡2,56,05203,岩田康誠,2:02.2,クビ,11-11-7-5,36.1,14.7,8,482(+14),01167,[東]稲垣幸雄,506800,シルクレーシング,220.0,"4,5(3,8,15)(7,18)1(2,11)(13,17)(6,9)(10,14)(16,12)",11,2,1.5,False,"4,5(3,8)(7,15)(1,18)(2,11)(6,13,17)(10,9)14,16,12",11,3,1.5,False,"4(5,8)18(3,7)(15,17,14)2(1,11,9)13,6(10,16)-12",7,3,0.0,False,"(5,*8,18)14(4,7,17)(2,9)(3,15,11,10)13(1,6,16)12",5,3,0.0,False,-10,開催6日目でAコース6日目。北風がやや強く、土曜に比べると上がりがかかるようになったが、外差しに偏ることもなかった。
202306050607,7,2歳未勝利,芝,2000,晴,良,13:15,2023-12-17,中山,3,3,5,2021100674,イモータルバード,牡2,56,01150,石川裕紀,2:02.4,1,2-2-2-2,36.6,14.5,7,478(+2),01127,[東]栗田徹,242031,前田幸大,140.0,"4,5(3,8,15)(7,18)1(2,11)(13,17)(6,9)(10,14)(16,12)",2,1,1.5,False,"4,5(3,8)(7,15)(1,18)(2,11)(6,13,17)(10,9)14,16,12",2,1,1.5,False,"4(5,8)18(3,7)(15,17,14)2(1,11,9)13,6(10,16)-12",2,2,0.0,False,"(5,*8,18)14(4,7,17)(2,9)(3,15,11,10)13(1,6,16)12",2,3,0.0,False,-10,開催6日目でAコース6日目。北風がやや強く、土曜に比べると上がりがかかるようになったが、外差しに偏ることもなかった。
202306050607,7,2歳未勝利,芝,2000,晴,良,13:15,2023-12-17,中山,4,7,13,2021103345,マイファミリー,牡2,56,01135,杉原誠人,2:02.4,クビ,11-11-14-14,35.9,8.0,5,428(0),01174,[東]深山雅史,629800,ミルファーム,83.0,"4,5(3,8,15)(7,18)1(2,11)(13,17)(6,9)(10,14)(16,12)",11,2,1.5,False,"4,5(3,8)(7,15)(1,18)(2,11)(6,13,17)(10,9)14,16,12",11,3,1.5,False,"4(5,8)18(3,7)(15,17,14)2(1,11,9)13,6(10,16)-12",14,1,0.0,False,"(5,*8,18)14(4,7,17)(2,9)(3,15,11,10)13(1,6,16)12",14,1,0.0,False,-10,開催6日目でAコース6日目。北風がやや強く、土曜に比べると上がりがかかるようになったが、外差しに偏ることもなかった。
202306050607,7,2歳未勝利,芝,2000,晴,良,13:15,2023-12-17,中山,5,5,10,2021106802,ヤルダバオト,牡2,56,01009,柴田大知,2:02.5,クビ,15-14-16-10,35.8,72.8,11,428(-2),01131,[東]蛯名利弘,716800,ビッグレッドファーム,55.0,"4,5(3,8,15)(7,18)1(2,11)(13,17)(6,9)(10,14)(16,12)",15,2,1.5,False,"4,5(3,8)(7,15)(1,18)(2,11)(6,13,17)(10,9)14,16,12",14,2,1.5,False,"4(5,8)18(3,7)(15,17,14)2(1,11,9)13,6(10,16)-12",16,2,1.5,False,"(5,*8,18)14(4,7,17)(2,9)(3,15,11,10)13(1,6,16)12",10,4,0.0,False,-10,開催6日目でAコース6日目。北風がやや強く、土曜に比べると上がりがかかるようになったが、外差しに偏ることもなかった。
202306050607,7,2歳未勝利,芝,2000,晴,良,13:15,2023-12-17,中山,6,4,7,2021106768,コスモアミマネラ,牡2,56,01091,丹内祐次,2:02.9,2.1/2,6-5-5-5,36.9,65.9,10,462(-4),00420,[東]宗像義忠,716800,ビッグレッドファーム,,"4,5(3,8,15)(7,18)1(2,11)(13,17)(6,9)(10,14)(16,12)",6,2,1.5,False,"4,5(3,8)(7,15)(1,18)(2,11)(6,13,17)(10,9)14,16,12",5,2,1.5,False,"4(5,8)18(3,7)(15,17,14)2(1,11,9)13,6(10,16)-12",5,2,0.0,False,"(5,*8,18)14(4,7,17)(2,9)(3,15,11,10)13(1,6,16)12",5,3,0.0,False,-10,開催6日目でAコース6日目。北風がやや強く、土曜に比べると上がりがかかるようになったが、外差しに偏ることもなかった。
202306050607,7,2歳未勝利,芝,2000,晴,良,13:15,2023-12-17,中山,7,1,2,2021103267,ブラックバラード,牡2,56,05386,戸崎圭太,2:03.2,1.1/2,9-9-10-8,37.0,5.7,3,456(-6),01195,[東]嘉藤貴行,399009,嶋田賢,,"4,5(3,8,15)(7,18)1(2,11)(13,17)(6,9)(10,14)(16,12)",9,2,1.5,False,"4,5(3,8)(7,15)(1,18)(2,11)(6,13,17)(10,9)14,16,12",9,2,1.5,False,"4(5,8)18(3,7)(15,17,14)2(1,11,9)13,6(10,16)-12",10,1,0.0,False,"(5,*8,18)14(4,7,17)(2,9)(3,15,11,10)13(1,6,16)12",8,2,0.0,False,-10,開催6日目でAコース6日目。北風がやや強く、土曜に比べると上がりがかかるようになったが、外差しに偏ることもなかった。
202306050607,7,2歳未勝利,芝,2000,晴,良,13:15,2023-12-17,中山,8,8,16,2021104974,ヒットアンドロール,牡2,56,01117,丸田恭介,2:03.3,1,17-17-16-15,36.6,241.1,15,448(+6),00420,[東]宗像義忠,960006,薗部博之,,"4,5(3,8,15)(7,18)1(2,11)(13,17)(6,9)(10,14)(16,12)",17,2,1.5,False,"4,5(3,8)(7,15)(1,18)(2,11)(6,13,17)(10,9)14,16,12",17,1,3.0,False,"4(5,8)18(3,7)(15,17,14)2(1,11,9)13,6(10,16)-12",16,2,1.5,False,"(5,*8,18)14(4,7,17)(2,9)(3,15,11,10)13(1,6,16)12",15,3,0.0,False,-10,開催6日目でAコース6日目。北風がやや強く、土曜に比べると上がりがかかるようになったが、外差しに偏ることもなかった。
202306050607,7,2歳未勝利,芝,2000,晴,良,13:15,2023-12-17,中山,9,6,12,2021107176,ファビュラスロード,牡2,56,00422,内田博幸,2:03.4,クビ,17-18-18-18,36.3,81.7,12,452(+6),01103,[東]尾関知人,148800,グリーンファーム,,"4,5(3,8,15)(7,18)1(2,11)(13,17)(6,9)(10,14)(16,12)",17,2,1.5,False,"4,5(3,8)(7,15)(1,18)(2,11)(6,13,17)(10,9)14,16,12",18,1,4.5,False,"4(5,8)18(3,7)(15,17,14)2(1,11,9)13,6(10,16)-12",18,1,5.0,False,"(5,*8,18)14(4,7,17)(2,9)(3,15,11,10)13(1,6,16)12",18,1,0.0,False,-10,開催6日目でAコース6日目。北風がやや強く、土曜に比べると上がりがかかるようになったが、外差しに偏ることもなかった。
202306050607,7,2歳未勝利,芝,2000,晴,良,13:15,2023-12-17,中山,10,3,6,2021106877,ゴールドミラクル,牡2,56,01043,北村宏司,2:03.4,アタマ,13-11-15-15,36.8,8.0,4,458(+2),01081,[東]中川公成,712033,居城寿与,,"4,5(3,8,15)(7,18)1(2,11)(13,17)(6,9)(10,14)(16,12)",13,2,1.5,False,"4,5(3,8)(7,15)(1,18)(2,11)(6,13,17)(10,9)14,16,12",11,3,1.5,False,"4(5,8)18(3,7)(15,17,14)2(1,11,9)13,6(10,16)-12",15,1,1.5,False,"(5,*8,18)14(4,7,17)(2,9)(3,15,11,10)13(1,6,16)12",15,3,0.0,False,-10,開催6日目でAコース6日目。北風がやや強く、土曜に比べると上がりがかかるようになったが、外差しに偏ることもなかった。
202306050607,7,2歳未勝利,芝,2000,晴,良,13:15,2023-12-17,中山,11,6,11,2021100825,エウロス,牡2,56,01134,嶋田純次,2:03.4,ハナ,9-9-11-10,37.0,379.1,18,432(0),01074,[東]奥平雅士,629800,ミルファーム,,"4,5(3,8,15)(7,18)1(2,11)(13,17)(6,9)(10,14)(16,12)",9,2,1.5,False,"4,5(3,8)(7,15)(1,18)(2,11)(6,13,17)(10,9)14,16,12",9,2,1.5,False,"4(5,8)18(3,7)(15,17,14)2(1,11,9)13,6(10,16)-12",11,3,0.0,False,"(5,*8,18)14(4,7,17)(2,9)(3,15,11,10)13(1,6,16)12",10,4,0.0,False,-10,開催6日目でAコース6日目。北風がやや強く、土曜に比べると上がりがかかるようになったが、外差しに偏ることもなかった。
202306050607,7,2歳未勝利,芝,2000,晴,良,13:15,2023-12-17,中山,12,7,14,2021103128,テルケンレンジョイ,牡2,56,01077,石橋脩,2:03.5,1,15-16-7-4,37.4,47.3,9,500(-10),01047,[東]勢司和浩,800031,桑田照夫,,"4,5(3,8,15)(7,18)1(2,11)(13,17)(6,9)(10,14)(16,12)",15,2,1.5,False,"4,5(3,8)(7,15)(1,18)(2,11)(6,13,17)(10,9)14,16,12",16,1,1.5,False,"4(5,8)18(3,7)(15,17,14)2(1,11,9)13,6(10,16)-12",7,3,0.0,False,"(5,*8,18)14(4,7,17)(2,9)(3,15,11,10)13(1,6,16)12",4,1,0.0,False,-10,開催6日目でAコース6日目。北風がやや強く、土曜に比べると上がりがかかるようになったが、外差しに偏ることもなかった。
202306050607,7,2歳未勝利,芝,2000,晴,良,13:15,2023-12-17,中山,13,8,18,2021105182,ドバイブルース,牡2,56,00733,吉田豊,2:03.6,クビ,6-7-4-2,37.7,10.7,6,492(0),01059,[東]加藤征弘,032030,加藤正二郎,,"4,5(3,8,15)(7,18)1(2,11)(13,17)(6,9)(10,14)(16,12)",6,2,1.5,False,"4,5(3,8)(7,15)(1,18)(2,11)(6,13,17)(10,9)14,16,12",7,2,1.5,False,"4(5,8)18(3,7)(15,17,14)2(1,11,9)13,6(10,16)-12",4,1,0.0,False,"(5,*8,18)14(4,7,17)(2,9)(3,15,11,10)13(1,6,16)12",2,3,0.0,False,-10,開催6日目でAコース6日目。北風がやや強く、土曜に比べると上がりがかかるようになったが、外差しに偏ることもなかった。
202306050607,7,2歳未勝利,芝,2000,晴,良,13:15,2023-12-17,中山,14,5,9,2021106794,ラヴーシュカ,牡2,56,01162,木幡巧也,2:04.0,2.1/2,13-14-11-8,37.7,295.1,16,484(+2),01109,[東]伊藤大士,716800,ビッグレッドファーム,,"4,5(3,8,15)(7,18)1(2,11)(13,17)(6,9)(10,14)(16,12)",13,2,1.5,False,"4,5(3,8)(7,15)(1,18)(2,11)(6,13,17)(10,9)14,16,12",14,2,1.5,False,"4(5,8)18(3,7)(15,17,14)2(1,11,9)13,6(10,16)-12",11,3,0.0,False,"(5,*8,18)14(4,7,17)(2,9)(3,15,11,10)13(1,6,16)12",8,2,0.0,False,-10,開催6日目でAコース6日目。北風がやや強く、土曜に比べると上がりがかかるようになったが、外差しに偏ることもなかった。
202306050607,7,2歳未勝利,芝,2000,晴,良,13:15,2023-12-17,中山,15,1,1,2021106213,ウインイメル,牡2,56,01109,黛弘人,2:04.2,1.1/2,8-7-11-15,37.9,104.2,13,480(+22),01174,[東]深山雅史,494800,ウイン,,"4,5(3,8,15)(7,18)1(2,11)(13,17)(6,9)(10,14)(16,12)",8,1,1.5,False,"4,5(3,8)(7,15)(1,18)(2,11)(6,13,17)(10,9)14,16,12",7,2,1.5,False,"4(5,8)18(3,7)(15,17,14)2(1,11,9)13,6(10,16)-12",11,3,0.0,False,"(5,*8,18)14(4,7,17)(2,9)(3,15,11,10)13(1,6,16)12",15,3,0.0,False,-10,開催6日目でAコース6日目。北風がやや強く、土曜に比べると上がりがかかるようになったが、外差しに偏ることもなかった。
202306050607,7,2歳未勝利,芝,2000,晴,良,13:15,2023-12-17,中山,16,7,15,2021106128,ラキアレクサンダー,牡2,56,01179,菅原明良,2:04.3,クビ,3-5-7-10,38.2,5.3,2,508(-2),01152,[東]竹内正洋,463031,フィールドレーシング,,"4,5(3,8,15)(7,18)1(2,11)(13,17)(6,9)(10,14)(16,12)",3,3,1.5,False,"4,5(3,8)(7,15)(1,18)(2,11)(6,13,17)(10,9)14,16,12",5,2,1.5,False,"4(5,8)18(3,7)(15,17,14)2(1,11,9)13,6(10,16)-12",7,3,0.0,False,"(5,*8,18)14(4,7,17)(2,9)(3,15,11,10)13(1,6,16)12",10,4,0.0,False,-10,開催6日目でAコース6日目。北風がやや強く、土曜に比べると上がりがかかるようになったが、外差しに偏ることもなかった。
202306050607,7,2歳未勝利,芝,2000,晴,良,13:15,2023-12-17,中山,17,2,3,2021101375,ブラックパーシモン,牡2,56,01169,武藤雅,2:05.4,7,3-3-5-10,39.4,351.2,17,480(-10),01064,[東]武藤善則,252030,落合幸弘,,"4,5(3,8,15)(7,18)1(2,11)(13,17)(6,9)(10,14)(16,12)",3,3,1.5,False,"4,5(3,8)(7,15)(1,18)(2,11)(6,13,17)(10,9)14,16,12",3,2,1.5,False,"4(5,8)18(3,7)(15,17,14)2(1,11,9)13,6(10,16)-12",5,2,0.0,False,"(5,*8,18)14(4,7,17)(2,9)(3,15,11,10)13(1,6,16)12",10,4,0.0,False,-10,開催6日目でAコース6日目。北風がやや強く、土曜に比べると上がりがかかるようになったが、外差しに偏ることもなかった。
202306050607,7,2歳未勝利,芝,2000,晴,良,13:15,2023-12-17,中山,18,2,4,2021106010,ショコラエクレール,牝2,54,01181,秋山稔樹,2:06.8,8,1-1-1-5,41.1,211.8,14,436(-16),01131,[東]蛯名利弘,855030,田頭勇貴,,"4,5(3,8,15)(7,18)1(2,11)(13,17)(6,9)(10,14)(16,12)",1,1,0.0,False,"4,5(3,8)(7,15)(1,18)(2,11)(6,13,17)(10,9)14,16,12",1,1,0.0,False,"4(5,8)18(3,7)(15,17,14)2(1,11,9)13,6(10,16)-12",1,1,0.0,False,"(5,*8,18)14(4,7,17)(2,9)(3,15,11,10)13(1,6,16)12",5,3,0.0,False,-10,開催6日目でAコース6日目。北風がやや強く、土曜に比べると上がりがかかるようになったが、外差しに偏ることもなかった。
202306050608,8,3歳以上1勝クラス,ダ,1800,晴,良,13:45,2023-12-17,中山,1,2,3,2019102654,コブラ,牡4,58,05386,戸崎圭太,1:55.1,,3-3-3-2,38.8,3.7,2,486(+2),01115,[東]菊沢隆徳,392803,高瀬正志,800.0,"(*8,9)(3,5,15)(11,6)13,7,14,10,12,1,4,2",3,3,0.0,False,"(*8,9)(3,5,15)(11,6)13,7,14,10,12,1(2,4)",3,3,0.0,False,"(*8,9)-3(15,6,14)(11,5)13,7,12,10(1,4)-2",3,1,3.5,False,"8(3,9,6,14)11-(7,15)(13,12)(10,5)(1,4)-2",2,4,0.0,False,6,
202306050608,8,3歳以上1勝クラス,ダ,1800,晴,良,13:45,2023-12-17,中山,2,8,14,2019104467,トーセンクライスト,牡4,58,01117,丸田恭介,1:55.1,アタマ,10-10-4-2,38.6,6.7,5,524(-6),00420,[東]宗像義忠,270006,島川隆哉,320.0,"(*8,9)(3,5,15)(11,6)13,7,14,10,12,1,4,2",10,1,3.0,False,"(*8,9)(3,5,15)(11,6)13,7,14,10,12,1(2,4)",10,1,3.0,False,"(*8,9)-3(15,6,14)(11,5)13,7,12,10(1,4)-2",4,3,3.5,False,"8(3,9,6,14)11-(7,15)(13,12)(10,5)(1,4)-2",2,4,0.0,False,6,
202306050608,8,3歳以上1勝クラス,ダ,1800,晴,良,13:45,2023-12-17,中山,3,7,12,2020102793,ルーラーリッチ,セ3,57,01179,菅原明良,1:55.3,1.1/4,12-12-11-9,38.1,4.5,3,488(+4),01068,[東]小島茂之,039030,宇田豊,200.0,"(*8,9)(3,5,15)(11,6)13,7,14,10,12,1,4,2",12,1,6.0,False,"(*8,9)(3,5,15)(11,6)13,7,14,10,12,1(2,4)",12,1,6.0,False,"(*8,9)-3(15,6,14)(11,5)13,7,12,10(1,4)-2",11,1,6.5,False,"8(3,9,6,14)11-(7,15)(13,12)(10,5)(1,4)-2",9,2,3.5,False,6,
202306050608,8,3歳以上1勝クラス,ダ,1800,晴,良,13:45,2023-12-17,中山,4,6,11,2020104354,ジャクソン,牡3,57,01153,木幡初也,1:55.3,クビ,6-6-7-6,38.7,75.8,11,496(0),01089,[東]武市康男,768006,薪浦亨,120.0,"(*8,9)(3,5,15)(11,6)13,7,14,10,12,1,4,2",6,2,0.0,False,"(*8,9)(3,5,15)(11,6)13,7,14,10,12,1(2,4)",6,2,0.0,False,"(*8,9)-3(15,6,14)(11,5)13,7,12,10(1,4)-2",7,2,3.5,False,"8(3,9,6,14)11-(7,15)(13,12)(10,5)(1,4)-2",6,1,0.0,False,6,
202306050608,8,3歳以上1勝クラス,ダ,1800,晴,良,13:45,2023-12-17,中山,5,4,6,2019100844,ミツカネヴィーナス,牝4,52,01206,小林美駒,1:55.5,3/4,6-6-4-2,39.1,24.0,7,454(0),01026,[東]鈴木伸尋,006803,小山田満,80.0,"(*8,9)(3,5,15)(11,6)13,7,14,10,12,1,4,2",6,2,0.0,False,"(*8,9)(3,5,15)(11,6)13,7,14,10,12,1(2,4)",6,2,0.0,False,"(*8,9)-3(15,6,14)(11,5)13,7,12,10(1,4)-2",4,3,3.5,False,"8(3,9,6,14)11-(7,15)(13,12)(10,5)(1,4)-2",2,4,0.0,False,6,
202306050608,8,3歳以上1勝クラス,ダ,1800,晴,良,13:45,2023-12-17,中山,6,5,9,2020102944,リュクススティール,牡3,57,01077,石橋脩,1:55.8,1.3/4,2-2-2-2,39.8,3.6,1,494(+2),01118,[東]高柳瑞樹,215008,田畑憲士,,"(*8,9)(3,5,15)(11,6)13,7,14,10,12,1,4,2",2,2,0.0,False,"(*8,9)(3,5,15)(11,6)13,7,14,10,12,1(2,4)",2,2,0.0,False,"(*8,9)-3(15,6,14)(11,5)13,7,12,10(1,4)-2",2,2,0.0,False,"8(3,9,6,14)11-(7,15)(13,12)(10,5)(1,4)-2",2,4,0.0,False,6,
202306050608,8,3歳以上1勝クラス,ダ,1800,晴,良,13:45,2023-12-17,中山,7,5,8,2020102185,アッティラ,牡3,57,01150,石川裕紀,1:56.1,2,1-1-1-1,40.2,6.5,4,448(+8),01020,[東]相沢郁,227007,高瀬真尚,,"(*8,9)(3,5,15)(11,6)13,7,14,10,12,1,4,2",1,2,0.0,True,"(*8,9)(3,5,15)(11,6)13,7,14,10,12,1(2,4)",1,2,0.0,True,"(*8,9)-3(15,6,14)(11,5)13,7,12,10(1,4)-2",1,2,0.0,True,"8(3,9,6,14)11-(7,15)(13,12)(10,5)(1,4)-2",1,1,0.0,False,6,
202306050608,8,3歳以上1勝クラス,ダ,1800,晴,良,13:45,2023-12-17,中山,8,4,7,2018105051,サトノブラーヴ,セ5,58,01096,大野拓弥,1:56.1,アタマ,9-9-10-7,39.0,23.1,6,488(-4),01070,[東]堀宣行,790031,里見治,,"(*8,9)(3,5,15)(11,6)13,7,14,10,12,1,4,2",9,1,1.5,False,"(*8,9)(3,5,15)(11,6)13,7,14,10,12,1(2,4)",9,1,1.5,False,"(*8,9)-3(15,6,14)(11,5)13,7,12,10(1,4)-2",10,1,5.0,False,"8(3,9,6,14)11-(7,15)(13,12)(10,5)(1,4)-2",7,2,3.5,False,6,
202306050608,8,3歳以上1勝クラス,ダ,1800,晴,良,13:45,2023-12-17,中山,9,6,10,2019105314,トゥザヒロイン,牝4,56,01135,杉原誠人,1:56.3,1,11-11-12-11,39.0,38.3,8,530(0),01182,[東]辻哲英,026803,ＤＭＭドリームクラブ,,"(*8,9)(3,5,15)(11,6)13,7,14,10,12,1,4,2",11,1,4.5,False,"(*8,9)(3,5,15)(11,6)13,7,14,10,12,1(2,4)",11,1,4.5,False,"(*8,9)-3(15,6,14)(11,5)13,7,12,10(1,4)-2",12,1,8.0,False,"8(3,9,6,14)11-(7,15)(13,12)(10,5)(1,4)-2",11,2,3.5,False,6,
202306050608,8,3歳以上1勝クラス,ダ,1800,晴,良,13:45,2023-12-17,中山,10,7,13,2020103633,クールトラッカー,牡3,57,01140,横山和生,1:56.6,2,8-8-9-9,39.8,53.5,10,504(+9),01017,[東]萩原清,866006,寺田寿男,,"(*8,9)(3,5,15)(11,6)13,7,14,10,12,1,4,2",8,1,0.0,False,"(*8,9)(3,5,15)(11,6)13,7,14,10,12,1(2,4)",8,1,0.0,False,"(*8,9)-3(15,6,14)(11,5)13,7,12,10(1,4)-2",9,1,3.5,False,"8(3,9,6,14)11-(7,15)(13,12)(10,5)(1,4)-2",9,2,3.5,False,6,
202306050608,8,3歳以上1勝クラス,ダ,1800,晴,良,13:45,2023-12-17,中山,11,1,1,2020106776,トゥピ,牝3,55,01043,北村宏司,1:56.7,1/2,13-13-13-13,39.2,88.3,12,468(0),01027,[東]田村康仁,013803,ディアレストクラブ,,"(*8,9)(3,5,15)(11,6)13,7,14,10,12,1,4,2",13,1,7.5,False,"(*8,9)(3,5,15)(11,6)13,7,14,10,12,1(2,4)",13,1,7.5,False,"(*8,9)-3(15,6,14)(11,5)13,7,12,10(1,4)-2",13,2,8.0,False,"8(3,9,6,14)11-(7,15)(13,12)(10,5)(1,4)-2",13,2,3.5,False,6,
202306050608,8,3歳以上1勝クラス,ダ,1800,晴,良,13:45,2023-12-17,中山,12,3,4,2017100682,サイモンルグラン,牡6,57,01192,横山琉人,1:57.0,1.3/4,14-14-13-13,39.6,176.5,13,508(+10),01047,[東]勢司和浩,132030,澤田昭紀,,"(*8,9)(3,5,15)(11,6)13,7,14,10,12,1,4,2",14,1,9.0,False,"(*8,9)(3,5,15)(11,6)13,7,14,10,12,1(2,4)",14,2,7.5,False,"(*8,9)-3(15,6,14)(11,5)13,7,12,10(1,4)-2",13,2,8.0,False,"8(3,9,6,14)11-(7,15)(13,12)(10,5)(1,4)-2",13,2,3.5,False,6,
202306050608,8,3歳以上1勝クラス,ダ,1800,晴,良,13:45,2023-12-17,中山,13,2,2,2016105014,テンナイトパール,牝7,56,01025,勝浦正樹,1:57.2,1,15-14-15-15,39.3,269.1,15,494(-4),00405,[東]小西一男,075006,天白泰司,,"(*8,9)(3,5,15)(11,6)13,7,14,10,12,1,4,2",15,1,10.5,False,"(*8,9)(3,5,15)(11,6)13,7,14,10,12,1(2,4)",14,2,7.5,False,"(*8,9)-3(15,6,14)(11,5)13,7,12,10(1,4)-2",15,1,11.5,False,"8(3,9,6,14)11-(7,15)(13,12)(10,5)(1,4)-2",15,1,7.0,False,6,
202306050608,8,3歳以上1勝クラス,ダ,1800,晴,良,13:45,2023-12-17,中山,14,8,15,2020105282,ワタシデイイデスカ,牝3,55,00422,内田博幸,1:57.5,1.3/4,3-3-4-7,41.0,38.9,9,512(+4),01056,[東]本間忍,304030,松田整二,,"(*8,9)(3,5,15)(11,6)13,7,14,10,12,1,4,2",3,3,0.0,False,"(*8,9)(3,5,15)(11,6)13,7,14,10,12,1(2,4)",3,3,0.0,False,"(*8,9)-3(15,6,14)(11,5)13,7,12,10(1,4)-2",4,3,3.5,False,"8(3,9,6,14)11-(7,15)(13,12)(10,5)(1,4)-2",7,2,3.5,False,6,
202306050608,8,3歳以上1勝クラス,ダ,1800,晴,良,13:45,2023-12-17,中山,15,3,5,2019101631,ヴァルドマルヌ,牝4,54,01164,藤田菜七,1:59.9,大,3-3-7-11,43.3,194.0,14,406(0),01124,[東]大和田成,338007,村野康司,,"(*8,9)(3,5,15)(11,6)13,7,14,10,12,1,4,2",3,3,0.0,False,"(*8,9)(3,5,15)(11,6)13,7,14,10,12,1(2,4)",3,3,0.0,False,"(*8,9)-3(15,6,14)(11,5)13,7,12,10(1,4)-2",7,2,3.5,False,"8(3,9,6,14)11-(7,15)(13,12)(10,5)(1,4)-2",11,2,3.5,False,6,
202306050609,9,ひいらぎ賞(1勝),芝,1600,晴,良,14:15,2023-12-17,中山,1,6,6,2021105724,シックスペンス,牡2,56,01150,石川裕紀,1:35.5,,2-2-2,34.9,3.2,2,496(+12),00399,[東]国枝栄,486800,キャロットファーム,"1,091.7",,,,,,"(*4,6)(3,5,9)(2,7,8)1",2,2,0.0,False,"4,6(3,5,9)(2,8)(7,1)",2,1,1.5,False,"4,6(3,5,9)8(2,7,1)",2,1,1.5,False,-10,開催6日目でAコース6日目。北風がやや強く、土曜に比べると上がりがかかるようになったが、外差しに偏ることもなかった。
202306050609,9,ひいらぎ賞(1勝),芝,1600,晴,良,14:15,2023-12-17,中山,2,5,5,2021106069,ポッドテオ,牡2,56,01043,北村宏司,1:35.7,1.1/2,3-3-3,34.8,5.2,3,470(0),01048,[東]畠山吉宏,042033,小川眞査雄,436.2,,,,,,"(*4,6)(3,5,9)(2,7,8)1",3,3,0.0,False,"4,6(3,5,9)(2,8)(7,1)",3,3,1.5,False,"4,6(3,5,9)8(2,7,1)",3,3,1.5,False,-10,開催6日目でAコース6日目。北風がやや強く、土曜に比べると上がりがかかるようになったが、外差しに偏ることもなかった。
202306050609,9,ひいらぎ賞(1勝),芝,1600,晴,良,14:15,2023-12-17,中山,3,8,8,2021105078,アトリウムチャペル,牝2,55,05386,戸崎圭太,1:35.9,1.1/4,6-6-6,34.8,2.6,1,418(-2),01126,[東]木村哲也,415800,社台レースホース,273.1,,,,,,"(*4,6)(3,5,9)(2,7,8)1",6,3,0.0,False,"4,6(3,5,9)(2,8)(7,1)",6,2,1.5,False,"4,6(3,5,9)8(2,7,1)",6,1,1.5,False,-10,開催6日目でAコース6日目。北風がやや強く、土曜に比べると上がりがかかるようになったが、外差しに偏ることもなかった。
202306050609,9,ひいらぎ賞(1勝),芝,1600,晴,良,14:15,2023-12-17,中山,4,3,3,2021103303,ドリーミングアップ,牡2,56,00733,吉田豊,1:36.0,1/2,3-3-3,35.2,9.8,5,454(-2),01134,[東]高橋文雅,768005,古賀和夫,160.0,,,,,,"(*4,6)(3,5,9)(2,7,8)1",3,3,0.0,False,"4,6(3,5,9)(2,8)(7,1)",3,3,1.5,False,"4,6(3,5,9)8(2,7,1)",3,3,1.5,False,-10,開催6日目でAコース6日目。北風がやや強く、土曜に比べると上がりがかかるようになったが、外差しに偏ることもなかった。
202306050609,9,ひいらぎ賞(1勝),芝,1600,晴,良,14:15,2023-12-17,中山,5,4,4,2021105334,トーアアイギス,牝2,55,01025,勝浦正樹,1:36.2,1.1/4,1-1-1,35.7,45.0,8,460(-10),01190,[東]村田一誠,784800,高山ランド,107.0,,,,,,"(*4,6)(3,5,9)(2,7,8)1",1,2,0.0,True,"4,6(3,5,9)(2,8)(7,1)",1,1,0.0,False,"4,6(3,5,9)8(2,7,1)",1,1,0.0,False,-10,開催6日目でAコース6日目。北風がやや強く、土曜に比べると上がりがかかるようになったが、外差しに偏ることもなかった。
202306050609,9,ひいらぎ賞(1勝),芝,1600,晴,良,14:15,2023-12-17,中山,6,8,9,2021104724,トーセンクライネ,牝2,55,01140,横山和生,1:36.3,1/2,3-3-3,35.5,17.0,6,450(+2),01027,[東]田村康仁,270006,島川隆哉,,,,,,,"(*4,6)(3,5,9)(2,7,8)1",3,3,0.0,False,"4,6(3,5,9)(2,8)(7,1)",3,3,1.5,False,"4,6(3,5,9)8(2,7,1)",3,3,1.5,False,-10,開催6日目でAコース6日目。北風がやや強く、土曜に比べると上がりがかかるようになったが、外差しに偏ることもなかった。
202306050609,9,ひいらぎ賞(1勝),芝,1600,晴,良,14:15,2023-12-17,中山,7,1,1,2021100189,ニシノコイゴコロ,牝2,55,01158,野中悠太,1:36.5,1.1/4,9-8-7,35.3,9.7,4,424(-4),01029,[東]根本康広,897009,西山茂行,,,,,,,"(*4,6)(3,5,9)(2,7,8)1",9,1,0.0,False,"4,6(3,5,9)(2,8)(7,1)",8,2,1.5,False,"4,6(3,5,9)8(2,7,1)",7,3,1.5,False,-10,開催6日目でAコース6日目。北風がやや強く、土曜に比べると上がりがかかるようになったが、外差しに偏ることもなかった。
202306050609,9,ひいらぎ賞(1勝),芝,1600,晴,良,14:15,2023-12-17,中山,8,7,7,2021100102,ココナツキュート,牝2,55,01117,丸田恭介,1:36.9,2.1/2,6-8-7,35.7,429.7,9,446(-6),00417,[東]土田稔,714031,酒井孝敏,,,,,,,"(*4,6)(3,5,9)(2,7,8)1",6,3,0.0,False,"4,6(3,5,9)(2,8)(7,1)",8,2,1.5,False,"4,6(3,5,9)8(2,7,1)",7,3,1.5,False,-10,開催6日目でAコース6日目。北風がやや強く、土曜に比べると上がりがかかるようになったが、外差しに偏ることもなかった。
202306050609,9,ひいらぎ賞(1勝),芝,1600,晴,良,14:15,2023-12-17,中山,9,2,2,2021103695,ビコーズウイキャン,牡2,56,05629,及川烈,1:36.9,クビ,6-6-7,35.8,35.7,7,420(+6),05779,[地]長谷川忍,013034,池田貴征,,,,,,,"(*4,6)(3,5,9)(2,7,8)1",6,3,0.0,False,"4,6(3,5,9)(2,8)(7,1)",6,2,1.5,False,"4,6(3,5,9)8(2,7,1)",7,3,1.5,False,-10,開催6日目でAコース6日目。北風がやや強く、土曜に比べると上がりがかかるようになったが、外差しに偏ることもなかった。
202306050610,10,北総S(3勝),ダ,1800,晴,良,14:50,2023-12-17,中山,1,2,2,2020105939,ナチュラルハイ,牡3,57,01188,永野猛蔵,1:54.1,,7-6-5-4,38.3,2.1,1,474(0),01133,[東]黒岩陽一,798033,山口裕介,"1,865.2","(*4,10)1(3,5)-7,2-6,9,8",7,1,5.0,False,"(*4,10)(3,1)5(7,2)-6(9,8)",6,2,0.0,False,"(4,10,*8)1(3,5,2)-7,6,9",5,3,0.0,False,"(4,*8)1(3,10,2)5,7,6,9",4,3,0.0,False,6,
202306050610,10,北総S(3勝),ダ,1800,晴,良,14:50,2023-12-17,中山,2,7,8,2019106387,トップスティール,牡4,58,01117,丸田恭介,1:54.4,1.1/2,10-9-1-1,39.1,7.0,3,508(+4),01174,[東]深山雅史,149002,井山登,747.2,"(*4,10)1(3,5)-7,2-6,9,8",10,1,11.5,False,"(*4,10)(3,1)5(7,2)-6(9,8)",9,2,3.5,False,"(4,10,*8)1(3,5,2)-7,6,9",1,3,0.0,True,"(4,*8)1(3,10,2)5,7,6,9",1,2,0.0,True,6,
202306050610,10,北総S(3勝),ダ,1800,晴,良,14:50,2023-12-17,中山,3,1,1,2019101168,レッドラパルマ,牡4,58,05386,戸崎圭太,1:54.6,1,3-3-4-3,39.0,3.4,2,500(+8),01059,[東]加藤征弘,180800,東京ホースレーシング,463.6,"(*4,10)1(3,5)-7,2-6,9,8",3,1,0.0,False,"(*4,10)(3,1)5(7,2)-6(9,8)",3,2,0.0,False,"(4,10,*8)1(3,5,2)-7,6,9",4,1,0.0,False,"(4,*8)1(3,10,2)5,7,6,9",3,1,0.0,False,6,
202306050610,10,北総S(3勝),ダ,1800,晴,良,14:50,2023-12-17,中山,4,6,6,2017104137,コパノリッチマン,牡6,58,01192,横山琉人,1:54.7,3/4,8-8-9-9,38.4,98.8,9,526(+18),01107,[西]村山明,966007,小林祥晃,280.0,"(*4,10)1(3,5)-7,2-6,9,8",8,1,8.5,False,"(*4,10)(3,1)5(7,2)-6(9,8)",8,1,3.5,False,"(4,10,*8)1(3,5,2)-7,6,9",9,1,5.0,False,"(4,*8)1(3,10,2)5,7,6,9",9,1,3.0,False,6,
202306050610,10,北総S(3勝),ダ,1800,晴,良,14:50,2023-12-17,中山,5,4,4,2019106684,イチネンエーグミ,牡4,58,01096,大野拓弥,1:55.1,2.1/2,1-1-2-2,39.8,8.9,4,556(+6),01181,[西]茶木太樹,253033,藤本彰,184.0,"(*4,10)1(3,5)-7,2-6,9,8",1,2,0.0,True,"(*4,10)(3,1)5(7,2)-6(9,8)",1,2,0.0,True,"(4,10,*8)1(3,5,2)-7,6,9",2,3,0.0,False,"(4,*8)1(3,10,2)5,7,6,9",2,2,0.0,False,6,
202306050610,10,北総S(3勝),ダ,1800,晴,良,14:50,2023-12-17,中山,6,3,3,2018101075,モズマゾク,牡5,58,01150,石川裕紀,1:55.1,クビ,4-3-5-4,39.3,9.4,5,504(+2),01178,[西]杉山佳明,005803,キャピタル・システム,,"(*4,10)1(3,5)-7,2-6,9,8",4,2,0.0,False,"(*4,10)(3,1)5(7,2)-6(9,8)",3,2,0.0,False,"(4,10,*8)1(3,5,2)-7,6,9",5,3,0.0,False,"(4,*8)1(3,10,2)5,7,6,9",4,3,0.0,False,6,
202306050610,10,北総S(3勝),ダ,1800,晴,良,14:50,2023-12-17,中山,7,7,7,2019106623,クロスマジェスティ,牝4,56,01169,武藤雅,1:55.2,1/2,6-6-8-8,39.1,65.3,8,474(+2),01094,[東]水野貴広,191033,辻高史,,"(*4,10)1(3,5)-7,2-6,9,8",6,1,3.5,False,"(*4,10)(3,1)5(7,2)-6(9,8)",6,2,0.0,False,"(4,10,*8)1(3,5,2)-7,6,9",8,1,3.5,False,"(4,*8)1(3,10,2)5,7,6,9",8,1,1.5,False,6,
202306050610,10,北総S(3勝),ダ,1800,晴,良,14:50,2023-12-17,中山,8,5,5,2017103607,ミヤビマドンナ,牝6,56,00733,吉田豊,1:55.3,クビ,4-5-5-7,39.5,31.3,7,448(0),01153,[東]中舘英二,127002,村上義勝,,"(*4,10)1(3,5)-7,2-6,9,8",4,2,0.0,False,"(*4,10)(3,1)5(7,2)-6(9,8)",5,1,0.0,False,"(4,10,*8)1(3,5,2)-7,6,9",5,3,0.0,False,"(4,*8)1(3,10,2)5,7,6,9",7,1,0.0,False,6,
202306050610,10,北総S(3勝),ダ,1800,晴,良,14:50,2023-12-17,中山,9,8,9,2018104346,ヴェノム,牡5,58,01135,杉原誠人,1:55.4,1/2,9-9-10-10,38.9,242.3,10,546(0),01090,[東]天間昭一,739009,栗嶋豊明,,"(*4,10)1(3,5)-7,2-6,9,8",9,1,10.0,False,"(*4,10)(3,1)5(7,2)-6(9,8)",9,2,3.5,False,"(4,10,*8)1(3,5,2)-7,6,9",10,1,6.5,False,"(4,*8)1(3,10,2)5,7,6,9",10,1,4.5,False,6,
202306050610,10,北総S(3勝),ダ,1800,晴,良,14:50,2023-12-17,中山,10,8,10,2018100821,タイセイスラッガー,牡5,58,01179,菅原明良,1:56.1,4,2-2-2-4,40.7,13.1,6,528(+4),00412,[東]高橋裕,224007,田中成奉,,"(*4,10)1(3,5)-7,2-6,9,8",2,2,0.0,False,"(*4,10)(3,1)5(7,2)-6(9,8)",2,2,0.0,False,"(4,10,*8)1(3,5,2)-7,6,9",2,3,0.0,False,"(4,*8)1(3,10,2)5,7,6,9",4,3,0.0,False,6,
202306050611,11,ディセンバーS(L),芝,1800,晴,良,15:30,2023-12-17,中山,1,8,13,2018104708,ロングラン,セ5,57,01091,丹内祐次,1:47.8,,12-12-12-12,34.4,8.9,6,482(+4),01165,[東]和田勇介,993033,梅澤明,"2,830.8","(*6,8)(1,7,12)-(2,3,5)9-(10,11)-13-4",12,1,10.5,False,"6,8(1,12)7-(2,3)-(10,5)9-11-13-4",12,1,15.5,False,"6(8,12)(1,7,3)(2,9)(10,5,11)-13=4",12,1,3.5,False,"(*6,8)12(1,7)3(2,9)(10,5)11,13=4",12,1,1.5,False,-8,開催6日目でAコース6日目。北風がやや強く、土曜に比べると上がりがかかるようになったが、外差しに偏ることもなかった。
202306050611,11,ディセンバーS(L),芝,1800,晴,良,15:30,2023-12-17,中山,2,5,7,2019104968,コスタボニータ,牝4,55,01077,石橋脩,1:47.9,クビ,3-5-4-4,35.4,5.4,2,464(0),01178,[西]杉山佳明,727008,谷掛龍夫,"1,108.8","(*6,8)(1,7,12)-(2,3,5)9-(10,11)-13-4",3,3,0.0,False,"6,8(1,12)7-(2,3)-(10,5)9-11-13-4",5,1,1.5,False,"6(8,12)(1,7,3)(2,9)(10,5,11)-13=4",4,3,0.0,False,"(*6,8)12(1,7)3(2,9)(10,5)11,13=4",4,2,0.0,False,-8,開催6日目でAコース6日目。北風がやや強く、土曜に比べると上がりがかかるようになったが、外差しに偏ることもなかった。
202306050611,11,ディセンバーS(L),芝,1800,晴,良,15:30,2023-12-17,中山,3,6,8,2019104998,ショウナンマグマ,牡4,58,01179,菅原明良,1:48.0,3/4,2-2-2-2,35.9,6.9,4,520(+8),01103,[東]尾関知人,331002,国本哲秀,704.4,"(*6,8)(1,7,12)-(2,3,5)9-(10,11)-13-4",2,2,0.0,False,"6,8(1,12)7-(2,3)-(10,5)9-11-13-4",2,1,1.5,False,"6(8,12)(1,7,3)(2,9)(10,5,11)-13=4",2,2,0.0,False,"(*6,8)12(1,7)3(2,9)(10,5)11,13=4",2,2,0.0,False,-8,開催6日目でAコース6日目。北風がやや強く、土曜に比べると上がりがかかるようになったが、外差しに偏ることもなかった。
202306050611,11,ディセンバーS(L),芝,1800,晴,良,15:30,2023-12-17,中山,4,3,3,2019105448,エリカヴィータ,牝4,56,01043,北村宏司,1:48.1,クビ,6-6-4-6,35.6,19.8,9,462(-2),00399,[東]国枝栄,195031,三木正浩,420.0,"(*6,8)(1,7,12)-(2,3,5)9-(10,11)-13-4",6,3,3.5,False,"6,8(1,12)7-(2,3)-(10,5)9-11-13-4",6,2,5.0,False,"6(8,12)(1,7,3)(2,9)(10,5,11)-13=4",4,3,0.0,False,"(*6,8)12(1,7)3(2,9)(10,5)11,13=4",6,1,0.0,False,-8,開催6日目でAコース6日目。北風がやや強く、土曜に比べると上がりがかかるようになったが、外差しに偏ることもなかった。
202306050611,11,ディセンバーS(L),芝,1800,晴,良,15:30,2023-12-17,中山,5,1,1,2017105109,フライライクバード,セ6,57,05386,戸崎圭太,1:48.2,1.1/4,3-3-4-4,35.8,5.9,3,452(-6),01061,[西]友道康夫,208008,窪田芳郎,280.0,"(*6,8)(1,7,12)-(2,3,5)9-(10,11)-13-4",3,3,0.0,False,"6,8(1,12)7-(2,3)-(10,5)9-11-13-4",3,2,1.5,False,"6(8,12)(1,7,3)(2,9)(10,5,11)-13=4",4,3,0.0,False,"(*6,8)12(1,7)3(2,9)(10,5)11,13=4",4,2,0.0,False,-8,開催6日目でAコース6日目。北風がやや強く、土曜に比べると上がりがかかるようになったが、外差しに偏ることもなかった。
202306050611,11,ディセンバーS(L),芝,1800,晴,良,15:30,2023-12-17,中山,6,2,2,2018105017,フラーズダルム,牝5,55,01075,田辺裕信,1:48.2,ハナ,6-6-7-7,35.5,9.4,7,496(-4),01083,[西]松永昌博,790005,吉田勝己,,"(*6,8)(1,7,12)-(2,3,5)9-(10,11)-13-4",6,3,3.5,False,"6,8(1,12)7-(2,3)-(10,5)9-11-13-4",6,2,5.0,False,"6(8,12)(1,7,3)(2,9)(10,5,11)-13=4",7,2,0.0,False,"(*6,8)12(1,7)3(2,9)(10,5)11,13=4",7,2,0.0,False,-8,開催6日目でAコース6日目。北風がやや強く、土曜に比べると上がりがかかるようになったが、外差しに偏ることもなかった。
202306050611,11,ディセンバーS(L),芝,1800,晴,良,15:30,2023-12-17,中山,7,6,9,2018101071,アサマノイタズラ,牡5,59,01134,嶋田純次,1:48.3,クビ,9-10-7-7,35.6,38.4,11,506(+6),01038,[東]手塚貴久,265006,星野壽市,,"(*6,8)(1,7,12)-(2,3,5)9-(10,11)-13-4",9,1,3.5,False,"6,8(1,12)7-(2,3)-(10,5)9-11-13-4",10,1,8.5,False,"6(8,12)(1,7,3)(2,9)(10,5,11)-13=4",7,2,0.0,False,"(*6,8)12(1,7)3(2,9)(10,5)11,13=4",7,2,0.0,False,-8,開催6日目でAコース6日目。北風がやや強く、土曜に比べると上がりがかかるようになったが、外差しに偏ることもなかった。
202306050611,11,ディセンバーS(L),芝,1800,晴,良,15:30,2023-12-17,中山,8,7,10,2019101422,サンストックトン,牡4,57,01140,横山和生,1:48.3,ハナ,10-8-9-9,35.4,4.8,1,478(+14),01097,[東]鹿戸雄一,059803,加藤ステーブル,,"(*6,8)(1,7,12)-(2,3,5)9-(10,11)-13-4",10,2,7.0,False,"6,8(1,12)7-(2,3)-(10,5)9-11-13-4",8,2,8.5,False,"6(8,12)(1,7,3)(2,9)(10,5,11)-13=4",9,3,0.0,False,"(*6,8)12(1,7)3(2,9)(10,5)11,13=4",9,2,0.0,False,-8,開催6日目でAコース6日目。北風がやや強く、土曜に比べると上がりがかかるようになったが、外差しに偏ることもなかった。
202306050611,11,ディセンバーS(L),芝,1800,晴,良,15:30,2023-12-17,中山,9,7,11,2016100272,ヴァンケドミンゴ,牡7,58,00422,内田博幸,1:48.3,クビ,10-11-9-11,35.3,118.7,12,478(+6),01062,[西]藤岡健一,331007,幅田昌伸,,"(*6,8)(1,7,12)-(2,3,5)9-(10,11)-13-4",10,2,7.0,False,"6,8(1,12)7-(2,3)-(10,5)9-11-13-4",11,1,12.0,False,"6(8,12)(1,7,3)(2,9)(10,5,11)-13=4",9,3,0.0,False,"(*6,8)12(1,7)3(2,9)(10,5)11,13=4",11,1,0.0,False,-8,開催6日目でAコース6日目。北風がやや強く、土曜に比べると上がりがかかるようになったが、外差しに偏ることもなかった。
202306050611,11,ディセンバーS(L),芝,1800,晴,良,15:30,2023-12-17,中山,10,4,5,2016103730,ザイツィンガー,牡7,57,01188,永野猛蔵,1:48.4,クビ,6-8-9-9,35.4,162.5,13,430(-6),01123,[西]牧田和弥,875006,永田和彦,,"(*6,8)(1,7,12)-(2,3,5)9-(10,11)-13-4",6,3,3.5,False,"6,8(1,12)7-(2,3)-(10,5)9-11-13-4",8,2,8.5,False,"6(8,12)(1,7,3)(2,9)(10,5,11)-13=4",9,3,0.0,False,"(*6,8)12(1,7)3(2,9)(10,5)11,13=4",9,2,0.0,False,-8,開催6日目でAコース6日目。北風がやや強く、土曜に比べると上がりがかかるようになったが、外差しに偏ることもなかった。
202306050611,11,ディセンバーS(L),芝,1800,晴,良,15:30,2023-12-17,中山,11,8,12,2018104756,バジオウ,牡5,57,00733,吉田豊,1:48.5,1/2,3-3-2-3,36.3,7.3,5,486(+4),01162,[東]田中博康,955033,鈴木剛史,,"(*6,8)(1,7,12)-(2,3,5)9-(10,11)-13-4",3,3,0.0,False,"6,8(1,12)7-(2,3)-(10,5)9-11-13-4",3,2,1.5,False,"6(8,12)(1,7,3)(2,9)(10,5,11)-13=4",2,2,0.0,False,"(*6,8)12(1,7)3(2,9)(10,5)11,13=4",3,1,0.0,False,-8,開催6日目でAコース6日目。北風がやや強く、土曜に比べると上がりがかかるようになったが、外差しに偏ることもなかった。
202306050611,11,ディセンバーS(L),芝,1800,晴,良,15:30,2023-12-17,中山,12,5,6,2020104056,オールパルフェ,牡3,56,01096,大野拓弥,1:48.9,2.1/2,1-1-1-1,36.9,29.9,10,502(0),01143,[東]和田雄二,525033,遠藤良一,,"(*6,8)(1,7,12)-(2,3,5)9-(10,11)-13-4",1,2,0.0,True,"6,8(1,12)7-(2,3)-(10,5)9-11-13-4",1,1,0.0,False,"6(8,12)(1,7,3)(2,9)(10,5,11)-13=4",1,1,0.0,False,"(*6,8)12(1,7)3(2,9)(10,5)11,13=4",1,2,0.0,True,-8,開催6日目でAコース6日目。北風がやや強く、土曜に比べると上がりがかかるようになったが、外差しに偏ることもなかった。
202306050611,11,ディセンバーS(L),芝,1800,晴,良,15:30,2023-12-17,中山,13,4,4,2018104907,ガンダルフ,牡5,57,01150,石川裕紀,1:52.3,大,13-13-13-13,37.5,15.2,8,482(0),00399,[東]国枝栄,226800,サンデーレーシング,,"(*6,8)(1,7,12)-(2,3,5)9-(10,11)-13-4",13,1,14.0,False,"6,8(1,12)7-(2,3)-(10,5)9-11-13-4",13,1,19.0,False,"6(8,12)(1,7,3)(2,9)(10,5,11)-13=4",13,1,9.5,False,"(*6,8)12(1,7)3(2,9)(10,5)11,13=4",13,1,7.5,False,-8,開催6日目でAコース6日目。北風がやや強く、土曜に比べると上がりがかかるようになったが、外差しに偏ることもなかった。
202306050612,12,3歳以上2勝クラス,芝,1800,晴,良,16:10,2023-12-17,中山,1,8,13,2019105559,ロジマンボ,牡4,58,01043,北村宏司,1:48.5,,5-6-6-4,34.7,5.2,3,488(0),01079,[東]古賀慎明,399030,久米田正明,"1,140.0","(*4,5)(1,9)(3,13)12-(6,7)-11(2,8)-10",5,2,0.0,False,"4,5(1,9)3,13,12-(6,7)-(2,11,8)-10",6,1,3.0,False,"(*4,5)9(1,3)13(12,7)6,8,2,11-10",6,1,0.0,False,"(*4,5,9)(1,3,13)(12,7)(6,8)2,11-10",4,3,0.0,False,-8,開催6日目でAコース6日目。北風がやや強く、土曜に比べると上がりがかかるようになったが、外差しに偏ることもなかった。
202306050612,12,3歳以上2勝クラス,芝,1800,晴,良,16:10,2023-12-17,中山,2,6,9,2019100768,マイネルニコラス,牡4,58,01009,柴田大知,1:48.5,アタマ,3-3-3-2,34.9,9.2,5,518(-2),00412,[東]高橋裕,546800,サラブレッドクラブ・...,460.0,"(*4,5)(1,9)(3,13)12-(6,7)-11(2,8)-10",3,2,0.0,False,"4,5(1,9)3,13,12-(6,7)-(2,11,8)-10",3,2,1.5,False,"(*4,5)9(1,3)13(12,7)6,8,2,11-10",3,1,0.0,False,"(*4,5,9)(1,3,13)(12,7)(6,8)2,11-10",2,3,0.0,False,-8,開催6日目でAコース6日目。北風がやや強く、土曜に比べると上がりがかかるようになったが、外差しに偏ることもなかった。
202306050612,12,3歳以上2勝クラス,芝,1800,晴,良,16:10,2023-12-17,中山,3,3,3,2019105136,モンタナアゲート,牡4,58,01150,石川裕紀,1:48.7,1.1/4,5-5-4-4,35.0,10.5,6,544(+2),01114,[東]和田正一,790005,吉田勝己,290.0,"(*4,5)(1,9)(3,13)12-(6,7)-11(2,8)-10",5,2,0.0,False,"4,5(1,9)3,13,12-(6,7)-(2,11,8)-10",5,1,1.5,False,"(*4,5)9(1,3)13(12,7)6,8,2,11-10",4,2,0.0,False,"(*4,5,9)(1,3,13)(12,7)(6,8)2,11-10",4,3,0.0,False,-8,開催6日目でAコース6日目。北風がやや強く、土曜に比べると上がりがかかるようになったが、外差しに偏ることもなかった。
202306050612,12,3歳以上2勝クラス,芝,1800,晴,良,16:10,2023-12-17,中山,4,6,8,2019100861,グランドライン,牡4,58,05386,戸崎圭太,1:48.8,1/2,11-10-10-9,34.5,3.5,1,550(+10),01088,[東]高木登,877800,ラ・メール,170.0,"(*4,5)(1,9)(3,13)12-(6,7)-11(2,8)-10",11,2,7.0,False,"4,5(1,9)3,13,12-(6,7)-(2,11,8)-10",10,3,11.5,False,"(*4,5)9(1,3)13(12,7)6,8,2,11-10",10,1,1.5,False,"(*4,5,9)(1,3,13)(12,7)(6,8)2,11-10",9,2,0.0,False,-8,開催6日目でAコース6日目。北風がやや強く、土曜に比べると上がりがかかるようになったが、外差しに偏ることもなかった。
202306050612,12,3歳以上2勝クラス,芝,1800,晴,良,16:10,2023-12-17,中山,5,4,5,2018101946,タガノチュール,牡5,57,01184,原優介,1:48.8,アタマ,2-2-2-2,35.3,39.2,9,476(0),01196,[西]西園翔太,859002,八木良司,114.0,"(*4,5)(1,9)(3,13)12-(6,7)-11(2,8)-10",2,2,0.0,False,"4,5(1,9)3,13,12-(6,7)-(2,11,8)-10",2,1,1.5,False,"(*4,5)9(1,3)13(12,7)6,8,2,11-10",2,2,0.0,False,"(*4,5,9)(1,3,13)(12,7)(6,8)2,11-10",2,3,0.0,False,-8,開催6日目でAコース6日目。北風がやや強く、土曜に比べると上がりがかかるようになったが、外差しに偏ることもなかった。
202306050612,12,3歳以上2勝クラス,芝,1800,晴,良,16:10,2023-12-17,中山,6,1,1,2020101198,メイテソーロ,牡3,57,01179,菅原明良,1:48.8,アタマ,3-3-4-4,35.1,5.9,4,490(-2),01089,[東]武市康男,089803,了徳寺健二ホールディ...,,"(*4,5)(1,9)(3,13)12-(6,7)-11(2,8)-10",3,2,0.0,False,"4,5(1,9)3,13,12-(6,7)-(2,11,8)-10",3,2,1.5,False,"(*4,5)9(1,3)13(12,7)6,8,2,11-10",4,2,0.0,False,"(*4,5,9)(1,3,13)(12,7)(6,8)2,11-10",4,3,0.0,False,-8,開催6日目でAコース6日目。北風がやや強く、土曜に比べると上がりがかかるようになったが、外差しに偏ることもなかった。
202306050612,12,3歳以上2勝クラス,芝,1800,晴,良,16:10,2023-12-17,中山,7,8,12,2018103796,ケンアンビシャス,牡5,58,00733,吉田豊,1:48.9,アタマ,7-7-7-7,34.9,91.0,12,478(-4),01067,[東]久保田貴,441033,中西健,,"(*4,5)(1,9)(3,13)12-(6,7)-11(2,8)-10",7,1,0.0,False,"4,5(1,9)3,13,12-(6,7)-(2,11,8)-10",7,1,4.5,False,"(*4,5)9(1,3)13(12,7)6,8,2,11-10",7,2,0.0,False,"(*4,5,9)(1,3,13)(12,7)(6,8)2,11-10",7,2,0.0,False,-8,開催6日目でAコース6日目。北風がやや強く、土曜に比べると上がりがかかるようになったが、外差しに偏ることもなかった。
202306050612,12,3歳以上2勝クラス,芝,1800,晴,良,16:10,2023-12-17,中山,8,4,4,2018101615,ウインシュクラン,セ5,58,01091,丹内祐次,1:48.9,クビ,1-1-1-1,35.5,4.4,2,458(-6),01097,[東]鹿戸雄一,494800,ウイン,,"(*4,5)(1,9)(3,13)12-(6,7)-11(2,8)-10",1,2,0.0,True,"4,5(1,9)3,13,12-(6,7)-(2,11,8)-10",1,1,0.0,False,"(*4,5)9(1,3)13(12,7)6,8,2,11-10",1,2,0.0,True,"(*4,5,9)(1,3,13)(12,7)(6,8)2,11-10",1,3,0.0,True,-8,開催6日目でAコース6日目。北風がやや強く、土曜に比べると上がりがかかるようになったが、外差しに偏ることもなかった。
202306050612,12,3歳以上2勝クラス,芝,1800,晴,良,16:10,2023-12-17,中山,9,5,7,2016106395,ゲバラ,牡7,58,01162,木幡巧也,1:49.1,1,8-8-7-7,35.1,57.0,10,476(-4),01109,[東]伊藤大士,318803,ニッシンホールディン...,,"(*4,5)(1,9)(3,13)12-(6,7)-11(2,8)-10",8,2,3.5,False,"4,5(1,9)3,13,12-(6,7)-(2,11,8)-10",8,2,8.0,False,"(*4,5)9(1,3)13(12,7)6,8,2,11-10",7,2,0.0,False,"(*4,5,9)(1,3,13)(12,7)(6,8)2,11-10",7,2,0.0,False,-8,開催6日目でAコース6日目。北風がやや強く、土曜に比べると上がりがかかるようになったが、外差しに偏ることもなかった。
202306050612,12,3歳以上2勝クラス,芝,1800,晴,良,16:10,2023-12-17,中山,10,5,6,2020105656,フルール,牝3,55,01140,横山和生,1:49.2,1/2,8-8-9-9,35.0,18.2,8,490(0),01192,[東]上原佑紀,788800,ノースヒルズ,,"(*4,5)(1,9)(3,13)12-(6,7)-11(2,8)-10",8,2,3.5,False,"4,5(1,9)3,13,12-(6,7)-(2,11,8)-10",8,2,8.0,False,"(*4,5)9(1,3)13(12,7)6,8,2,11-10",9,1,0.0,False,"(*4,5,9)(1,3,13)(12,7)(6,8)2,11-10",9,2,0.0,False,-8,開催6日目でAコース6日目。北風がやや強く、土曜に比べると上がりがかかるようになったが、外差しに偏ることもなかった。
202306050612,12,3歳以上2勝クラス,芝,1800,晴,良,16:10,2023-12-17,中山,11,7,11,2018103543,レヴォリオ,牡5,57,01188,永野猛蔵,1:49.4,1,10-10-12-12,34.8,211.1,13,492(+12),01177,[東]伊坂重信,854800,ノルマンディーサラブ...,,"(*4,5)(1,9)(3,13)12-(6,7)-11(2,8)-10",10,1,7.0,False,"4,5(1,9)3,13,12-(6,7)-(2,11,8)-10",10,3,11.5,False,"(*4,5)9(1,3)13(12,7)6,8,2,11-10",12,1,4.5,False,"(*4,5,9)(1,3,13)(12,7)(6,8)2,11-10",12,1,1.5,False,-8,開催6日目でAコース6日目。北風がやや強く、土曜に比べると上がりがかかるようになったが、外差しに偏ることもなかった。
202306050612,12,3歳以上2勝クラス,芝,1800,晴,良,16:10,2023-12-17,中山,12,2,2,2016102229,フィデリオグリーン,牡7,58,01158,野中悠太,1:49.6,1.1/2,11-10-11-11,35.1,61.8,11,488(-4),01029,[東]根本康広,295007,斎藤光政,,"(*4,5)(1,9)(3,13)12-(6,7)-11(2,8)-10",11,2,7.0,False,"4,5(1,9)3,13,12-(6,7)-(2,11,8)-10",10,3,11.5,False,"(*4,5)9(1,3)13(12,7)6,8,2,11-10",11,1,3.0,False,"(*4,5,9)(1,3,13)(12,7)(6,8)2,11-10",11,1,0.0,False,-8,開催6日目でAコース6日目。北風がやや強く、土曜に比べると上がりがかかるようになったが、外差しに偏ることもなかった。
202306050612,12,3歳以上2勝クラス,芝,1800,晴,良,16:10,2023-12-17,中山,13,7,10,2018100226,アラビアンナイト,牝5,56,01075,田辺裕信,1:49.8,1,13-13-13-13,34.7,16.9,7,466(+4),01027,[東]田村康仁,087803,ＨｉｍＲｏｃｋＲａｃ...,,"(*4,5)(1,9)(3,13)12-(6,7)-11(2,8)-10",13,1,10.5,False,"4,5(1,9)3,13,12-(6,7)-(2,11,8)-10",13,1,15.0,False,"(*4,5)9(1,3)13(12,7)6,8,2,11-10",13,1,8.0,False,"(*4,5,9)(1,3,13)(12,7)(6,8)2,11-10",13,1,5.0,False,-8,開催6日目でAコース6日目。北風がやや強く、土曜に比べると上がりがかかるようになったが、外差しに偏ることもなかった。
202309050601,1,2歳未勝利,ダ,1800,晴,稍重,10:05,2023-12-17,阪神,1,4,4,2021102993,ポルポラジール,牡2,56,01163,坂井瑠星,1:56.1,,1-1-1-1,39.3,12.2,6,504(+14),01172,[西]新谷功一,098803,Ｇリビエール・レーシ...,550.0,"(*4,6)9(1,10)(13,12)-(8,3)-(2,7)-11-5",1,2,0.0,True,"4(1,6,9)(13,10)(8,12)3-(2,7)-11=5",1,1,0.0,False,"4(6,9)(1,10)(13,8,12)(7,3)-2,11=5",1,1,0.0,False,"(*4,12)(6,13)(9,3)(1,8)7-10,11-2=5",1,2,0.0,True,2,
202309050601,1,2歳未勝利,ダ,1800,晴,稍重,10:05,2023-12-17,阪神,2,3,3,2021105811,アーマルコライト,牡2,56,05626,マーカン,1:56.2,1/2,8-9-9-5,38.8,2.5,1,502(-2),01158,[西]寺島良,486800,キャロットファーム,220.0,"(*4,6)9(1,10)(13,12)-(8,3)-(2,7)-11-5",8,2,3.5,False,"4(1,6,9)(13,10)(8,12)3-(2,7)-11=5",9,1,0.0,False,"4(6,9)(1,10)(13,8,12)(7,3)-2,11=5",9,2,0.0,False,"(*4,12)(6,13)(9,3)(1,8)7-10,11-2=5",5,2,0.0,False,2,
202309050601,1,2歳未勝利,ダ,1800,晴,稍重,10:05,2023-12-17,阪神,3,5,7,2021107295,アイファーキャップ,牡2,56,01138,藤懸貴志,1:56.5,1.3/4,10-10-9-9,38.9,19.7,7,458(-6),01046,[西]鮫島一歩,119007,中島稔,140.0,"(*4,6)9(1,10)(13,12)-(8,3)-(2,7)-11-5",10,2,7.0,False,"4(1,6,9)(13,10)(8,12)3-(2,7)-11=5",10,2,3.5,False,"4(6,9)(1,10)(13,8,12)(7,3)-2,11=5",9,2,0.0,False,"(*4,12)(6,13)(9,3)(1,8)7-10,11-2=5",9,1,0.0,False,2,
202309050601,1,2歳未勝利,ダ,1800,晴,稍重,10:05,2023-12-17,阪神,4,8,12,2021103283,ペロ,牡2,56,01032,池添謙一,1:56.5,1/2,6-7-6-2,39.5,6.3,3,496(+10),01154,[西]橋口慎介,028031,天野克彦,83.0,"(*4,6)9(1,10)(13,12)-(8,3)-(2,7)-11-5",6,2,0.0,False,"4(1,6,9)(13,10)(8,12)3-(2,7)-11=5",7,2,0.0,False,"4(6,9)(1,10)(13,8,12)(7,3)-2,11=5",6,3,0.0,False,"(*4,12)(6,13)(9,3)(1,8)7-10,11-2=5",2,2,0.0,False,2,
202309050601,1,2歳未勝利,ダ,1800,晴,稍重,10:05,2023-12-17,阪神,5,8,13,2021105448,アンモード,牡2,56,05627,ムルザバ,1:56.7,1.1/4,6-5-6-3,39.5,4.3,2,490(+6),01148,[西]西村真幸,226800,サンデーレーシング,55.0,"(*4,6)9(1,10)(13,12)-(8,3)-(2,7)-11-5",6,2,0.0,False,"4(1,6,9)(13,10)(8,12)3-(2,7)-11=5",5,2,0.0,False,"4(6,9)(1,10)(13,8,12)(7,3)-2,11=5",6,3,0.0,False,"(*4,12)(6,13)(9,3)(1,8)7-10,11-2=5",3,2,0.0,False,2,
202309050601,1,2歳未勝利,ダ,1800,晴,稍重,10:05,2023-12-17,阪神,6,7,11,2021106988,マテンロウタイム,牡2,56,00660,横山典弘,1:57.0,1.1/2,12-12-12-11,38.9,10.7,5,472(+6),01044,[西]昆貢,534006,寺田千代乃,,"(*4,6)9(1,10)(13,12)-(8,3)-(2,7)-11-5",12,1,10.5,False,"4(1,6,9)(13,10)(8,12)3-(2,7)-11=5",12,1,7.0,False,"4(6,9)(1,10)(13,8,12)(7,3)-2,11=5",12,1,5.0,False,"(*4,12)(6,13)(9,3)(1,8)7-10,11-2=5",11,1,5.0,False,2,
202309050601,1,2歳未勝利,ダ,1800,晴,稍重,10:05,2023-12-17,阪神,7,6,8,2021109129,コウユーカメサンヨ,牡2,56,01180,団野大成,1:57.7,4,8-7-6-7,40.4,256.9,12,506(+2),01151,[西]斉藤崇史,116033,加治屋貞光,,"(*4,6)9(1,10)(13,12)-(8,3)-(2,7)-11-5",8,2,3.5,False,"4(1,6,9)(13,10)(8,12)3-(2,7)-11=5",7,2,0.0,False,"4(6,9)(1,10)(13,8,12)(7,3)-2,11=5",6,3,0.0,False,"(*4,12)(6,13)(9,3)(1,8)7-10,11-2=5",7,2,0.0,False,2,
202309050601,1,2歳未勝利,ダ,1800,晴,稍重,10:05,2023-12-17,阪神,8,7,10,2021106628,レグロスヴァーグ,牡2,56,01018,和田竜二,1:58.2,3,4-5-4-10,40.9,33.3,8,508(+10),01111,[西]鈴木孝志,041002,前田晋二,,"(*4,6)9(1,10)(13,12)-(8,3)-(2,7)-11-5",4,2,0.0,False,"4(1,6,9)(13,10)(8,12)3-(2,7)-11=5",5,2,0.0,False,"4(6,9)(1,10)(13,8,12)(7,3)-2,11=5",4,2,0.0,False,"(*4,12)(6,13)(9,3)(1,8)7-10,11-2=5",10,1,3.5,False,2,
202309050601,1,2歳未勝利,ダ,1800,晴,稍重,10:05,2023-12-17,阪神,9,1,1,2021100199,シトロンヴェール,牡2,54,01208,田口貫太,1:58.2,アタマ,4-2-4-7,41.1,98.8,9,528(+2),01101,[西]吉田直弘,547800,ヒダカ・ブリーダーズ...,,"(*4,6)9(1,10)(13,12)-(8,3)-(2,7)-11-5",4,2,0.0,False,"4(1,6,9)(13,10)(8,12)3-(2,7)-11=5",2,3,0.0,False,"4(6,9)(1,10)(13,8,12)(7,3)-2,11=5",4,2,0.0,False,"(*4,12)(6,13)(9,3)(1,8)7-10,11-2=5",7,2,0.0,False,2,
202309050601,1,2歳未勝利,ダ,1800,晴,稍重,10:05,2023-12-17,阪神,10,6,9,2021106192,ウインアルドーレ,牡2,56,05641,モリス,1:58.4,1.1/2,3-2-2-5,41.4,134.9,10,468(-14),01196,[西]西園翔太,494800,ウイン,,"(*4,6)9(1,10)(13,12)-(8,3)-(2,7)-11-5",3,1,0.0,False,"4(1,6,9)(13,10)(8,12)3-(2,7)-11=5",2,3,0.0,False,"4(6,9)(1,10)(13,8,12)(7,3)-2,11=5",2,2,0.0,False,"(*4,12)(6,13)(9,3)(1,8)7-10,11-2=5",5,2,0.0,False,2,
202309050601,1,2歳未勝利,ダ,1800,晴,稍重,10:05,2023-12-17,阪神,11,5,6,2021103270,メイショウマツリ,牡2,56,05339,ルメール,1:58.5,1/2,2-2-2-3,41.5,7.4,4,496(+2),01092,[西]松永幹夫,523005,松本好雄,,"(*4,6)9(1,10)(13,12)-(8,3)-(2,7)-11-5",2,2,0.0,False,"4(1,6,9)(13,10)(8,12)3-(2,7)-11=5",2,3,0.0,False,"4(6,9)(1,10)(13,8,12)(7,3)-2,11=5",2,2,0.0,False,"(*4,12)(6,13)(9,3)(1,8)7-10,11-2=5",3,2,0.0,False,2,
202309050601,1,2歳未勝利,ダ,1800,晴,稍重,10:05,2023-12-17,阪神,12,4,5,2021103104,ムソウ,牝2,55,00732,幸英明,2:06.5,大,13-13-13-13,45.2,571.6,13,474(-6),01078,[西]北出成人,087803,ＨｉｍＲｏｃｋＲａｃ...,,"(*4,6)9(1,10)(13,12)-(8,3)-(2,7)-11-5",13,1,14.0,False,"4(1,6,9)(13,10)(8,12)3-(2,7)-11=5",13,1,13.0,False,"4(6,9)(1,10)(13,8,12)(7,3)-2,11=5",13,1,11.0,False,"(*4,12)(6,13)(9,3)(1,8)7-10,11-2=5",13,1,14.5,False,2,
202309050601,1,2歳未勝利,ダ,1800,晴,稍重,10:05,2023-12-17,阪神,13,2,2,2021104161,ミエノソニック,牡2,56,01062,川島信二,2:06.6,1/2,10-10-11-12,48.5,201.9,11,450(-6),01136,[西]高橋亮,414030,里見美惠子,,"(*4,6)9(1,10)(13,12)-(8,3)-(2,7)-11-5",10,2,7.0,False,"4(1,6,9)(13,10)(8,12)3-(2,7)-11=5",10,2,3.5,False,"4(6,9)(1,10)(13,8,12)(7,3)-2,11=5",11,1,3.5,False,"(*4,12)(6,13)(9,3)(1,8)7-10,11-2=5",12,1,8.5,False,2,
202309050602,2,2歳未勝利,芝,1800,晴,稍重,10:35,2023-12-17,阪神,1,7,13,2021102597,ラビットアイ,牝2,55,00660,横山典弘,1:48.1,,1-1,35.3,8.7,4,480(-10),01111,[西]鈴木孝志,542800,ライオンレースホース,550.0,,,,,,,,,,,"13,16,7,12,4(11,3)(5,8,6)(15,14)10(1,9)2",1,1,0.0,False,"(*13,16)(7,12)(4,11,3)(5,8,6,10)(15,14)(2,9)1",1,2,0.0,True,-11,
202309050602,2,2歳未勝利,芝,1800,晴,稍重,10:35,2023-12-17,阪神,2,4,7,2021105567,ダノンアルム,牝2,55,01174,岩田望来,1:48.9,5,3-3,35.8,8.7,5,448(-2),00429,[西]佐々木晶,619800,ダノックス,220.0,,,,,,,,,,,"13,16,7,12,4(11,3)(5,8,6)(15,14)10(1,9)2",3,1,3.0,False,"(*13,16)(7,12)(4,11,3)(5,8,6,10)(15,14)(2,9)1",3,2,0.0,False,-11,
202309050602,2,2歳未勝利,芝,1800,晴,稍重,10:35,2023-12-17,阪神,3,2,4,2021105844,ヒシグランディヴァ,牝2,55,05641,モリス,1:49.0,1,5-5,35.7,66.1,11,452(-2),01061,[西]友道康夫,044008,阿部雅英,140.0,,,,,,,,,,,"13,16,7,12,4(11,3)(5,8,6)(15,14)10(1,9)2",5,1,6.0,False,"(*13,16)(7,12)(4,11,3)(5,8,6,10)(15,14)(2,9)1",5,3,0.0,False,-11,
202309050602,2,2歳未勝利,芝,1800,晴,稍重,10:35,2023-12-17,阪神,4,8,16,2021106993,サクソンジェンヌ,牝2,55,01018,和田竜二,1:49.2,1,2-2,36.3,52.9,10,448(0),01129,[西]高橋義忠,520031,福盛訓之,83.0,,,,,,,,,,,"13,16,7,12,4(11,3)(5,8,6)(15,14)10(1,9)2",2,1,1.5,False,"(*13,16)(7,12)(4,11,3)(5,8,6,10)(15,14)(2,9)1",2,2,0.0,False,-11,
202309050602,2,2歳未勝利,芝,1800,晴,稍重,10:35,2023-12-17,阪神,5,4,8,2021106826,レッセパッセ,牝2,55,01170,横山武史,1:49.2,アタマ,8-8,35.7,15.6,7,372(-4),01196,[西]西園翔太,716800,ビッグレッドファーム,55.0,,,,,,,,,,,"13,16,7,12,4(11,3)(5,8,6)(15,14)10(1,9)2",8,3,6.0,False,"(*13,16)(7,12)(4,11,3)(5,8,6,10)(15,14)(2,9)1",8,4,0.0,False,-11,
202309050602,2,2歳未勝利,芝,1800,晴,稍重,10:35,2023-12-17,阪神,6,8,15,2021105141,パシフィックハイ,牝2,55,01126,松山弘平,1:49.2,アタマ,11-12,35.5,5.6,2,450(-2),01178,[西]杉山佳明,727008,谷掛龍夫,,,,,,,,,,,,"13,16,7,12,4(11,3)(5,8,6)(15,14)10(1,9)2",11,2,6.0,False,"(*13,16)(7,12)(4,11,3)(5,8,6,10)(15,14)(2,9)1",12,2,0.0,False,-11,
202309050602,2,2歳未勝利,芝,1800,晴,稍重,10:35,2023-12-17,阪神,7,3,5,2021105790,ローゼンモンターク,牝2,55,01157,鮫島克駿,1:49.2,クビ,8-8,35.7,39.5,9,422(-8),01092,[西]松永幹夫,486800,キャロットファーム,,,,,,,,,,,,"13,16,7,12,4(11,3)(5,8,6)(15,14)10(1,9)2",8,3,6.0,False,"(*13,16)(7,12)(4,11,3)(5,8,6,10)(15,14)(2,9)1",8,4,0.0,False,-11,
202309050602,2,2歳未勝利,芝,1800,晴,稍重,10:35,2023-12-17,阪神,8,1,2,2021105171,ダークファンタジー,牝2,55,05339,ルメール,1:49.3,クビ,16-14,35.4,8.5,3,410(+8),01105,[西]須貝尚介,887800,ＮＩＣＫＳ,,,,,,,,,,,,"13,16,7,12,4(11,3)(5,8,6)(15,14)10(1,9)2",16,1,6.0,False,"(*13,16)(7,12)(4,11,3)(5,8,6,10)(15,14)(2,9)1",14,2,0.0,False,-11,
202309050602,2,2歳未勝利,芝,1800,晴,稍重,10:35,2023-12-17,阪神,9,6,11,2021106969,ラヴベイ,牝2,53,01208,田口貫太,1:49.4,1/2,6-5,36.1,192.3,14,402(+4),01184,[西]四位洋文,032800,ローレルレーシング,,,,,,,,,,,,"13,16,7,12,4(11,3)(5,8,6)(15,14)10(1,9)2",6,2,6.0,False,"(*13,16)(7,12)(4,11,3)(5,8,6,10)(15,14)(2,9)1",5,3,0.0,False,-11,
202309050602,2,2歳未勝利,芝,1800,晴,稍重,10:35,2023-12-17,阪神,10,5,10,2021106537,タガノディオーサ,牝2,55,01115,浜中俊,1:49.4,クビ,13-8,35.8,38.7,8,454(+10),01173,[西]長谷川浩,859002,八木良司,,,,,,,,,,,,"13,16,7,12,4(11,3)(5,8,6)(15,14)10(1,9)2",13,1,6.0,False,"(*13,16)(7,12)(4,11,3)(5,8,6,10)(15,14)(2,9)1",8,4,0.0,False,-11,
202309050602,2,2歳未勝利,芝,1800,晴,稍重,10:35,2023-12-17,阪神,11,2,3,2021101116,エコテーラー,牝2,55,01163,坂井瑠星,1:49.4,クビ,6-5,36.1,2.4,1,490(-4),01140,[西]石橋守,730002,中西浩一,,,,,,,,,,,,"13,16,7,12,4(11,3)(5,8,6)(15,14)10(1,9)2",6,2,6.0,False,"(*13,16)(7,12)(4,11,3)(5,8,6,10)(15,14)(2,9)1",5,3,0.0,False,-11,
202309050602,2,2歳未勝利,芝,1800,晴,稍重,10:35,2023-12-17,阪神,12,1,1,2021101621,フラッシュフリーズ,牝2,55,05212,Ｍ．デム,1:49.5,アタマ,14-16,35.3,82.8,12,392(0),01130,[西]吉村圭司,003060,ゴドルフィン,,,,,,,,,,,,"13,16,7,12,4(11,3)(5,8,6)(15,14)10(1,9)2",14,2,6.0,False,"(*13,16)(7,12)(4,11,3)(5,8,6,10)(15,14)(2,9)1",16,1,0.0,False,-11,
202309050602,2,2歳未勝利,芝,1800,晴,稍重,10:35,2023-12-17,阪神,13,6,12,2021105538,ニエキヤ,牝2,55,05627,ムルザバ,1:49.5,アタマ,4-3,36.4,13.3,6,406(-10),01110,[西]清水久詞,226800,サンデーレーシング,,,,,,,,,,,,"13,16,7,12,4(11,3)(5,8,6)(15,14)10(1,9)2",4,1,4.5,False,"(*13,16)(7,12)(4,11,3)(5,8,6,10)(15,14)(2,9)1",3,2,0.0,False,-11,
202309050602,2,2歳未勝利,芝,1800,晴,稍重,10:35,2023-12-17,阪神,14,7,14,2021106235,シカンスイヨウ,牝2,51,01204,河原田菜,1:49.9,2.1/2,11-12,36.2,519.2,16,452(-2),01170,[西]坂口智康,545008,中内田克二,,,,,,,,,,,,"13,16,7,12,4(11,3)(5,8,6)(15,14)10(1,9)2",11,2,6.0,False,"(*13,16)(7,12)(4,11,3)(5,8,6,10)(15,14)(2,9)1",12,2,0.0,False,-11,
202309050602,2,2歳未勝利,芝,1800,晴,稍重,10:35,2023-12-17,阪神,15,5,9,2021101013,サウンドヴェール,牝2,55,01147,城戸義政,1:50.1,1.1/4,14-14,36.2,104.4,13,470(-4),01042,[西]安達昭夫,168006,増田雄一,,,,,,,,,,,,"13,16,7,12,4(11,3)(5,8,6)(15,14)10(1,9)2",14,2,6.0,False,"(*13,16)(7,12)(4,11,3)(5,8,6,10)(15,14)(2,9)1",14,2,0.0,False,-11,
202309050602,2,2歳未勝利,芝,1800,晴,稍重,10:35,2023-12-17,阪神,16,3,6,2021103294,ルミナスビューティ,牝2,52,01202,鷲頭虎太,1:50.3,1,8-8,36.8,298.5,15,446(+6),01172,[西]新谷功一,547800,ヒダカ・ブリーダーズ...,,,,,,,,,,,,"13,16,7,12,4(11,3)(5,8,6)(15,14)10(1,9)2",8,3,6.0,False,"(*13,16)(7,12)(4,11,3)(5,8,6,10)(15,14)(2,9)1",8,4,0.0,False,-11,
202309050603,3,2歳未勝利,芝,1400,晴,稍重,11:05,2023-12-17,阪神,1,4,7,2021100350,アレンジャー,牡2,56,00660,横山典弘,1:22.3,,7-8,35.6,4.3,2,464(0),01044,[西]昆貢,271008,安原浩司,550.0,,,,,,,,,,,"14,15,10(9,11,13)(4,7,12)(2,3)(8,6)1,5",7,3,3.0,False,"(*14,15)13(9,10)(11,12)(4,7,3)(2,8,6)1-5",8,3,0.0,False,-11,
202309050603,3,2歳未勝利,芝,1400,晴,稍重,11:05,2023-12-17,阪神,2,6,10,2021105706,フォルテローザ,牝2,55,05339,ルメール,1:22.6,2,3-4,36.2,2.8,1,436(+16),01151,[西]斉藤崇史,358803,ホシノレーシング,220.0,,,,,,,,,,,"14,15,10(9,11,13)(4,7,12)(2,3)(8,6)1,5",3,1,3.0,False,"(*14,15)13(9,10)(11,12)(4,7,3)(2,8,6)1-5",4,2,0.0,False,-11,
202309050603,3,2歳未勝利,芝,1400,晴,稍重,11:05,2023-12-17,阪神,3,2,3,2021105022,グローブアマランス,牝2,55,01115,浜中俊,1:22.6,ハナ,10-8,35.8,5.2,4,452(-6),01069,[西]中尾秀正,415800,社台レースホース,140.0,,,,,,,,,,,"14,15,10(9,11,13)(4,7,12)(2,3)(8,6)1,5",10,2,3.0,False,"(*14,15)13(9,10)(11,12)(4,7,3)(2,8,6)1-5",8,3,0.0,False,-11,
202309050603,3,2歳未勝利,芝,1400,晴,稍重,11:05,2023-12-17,阪神,4,6,11,2021102401,グランテレーズ,牝2,55,05627,ムルザバ,1:22.7,クビ,4-6,36.2,23.9,6,442(-8),01155,[西]渡辺薫彦,506800,シルクレーシング,83.0,,,,,,,,,,,"14,15,10(9,11,13)(4,7,12)(2,3)(8,6)1,5",4,3,3.0,False,"(*14,15)13(9,10)(11,12)(4,7,3)(2,8,6)1-5",6,2,0.0,False,-11,
202309050603,3,2歳未勝利,芝,1400,晴,稍重,11:05,2023-12-17,阪神,5,7,13,2021105098,ディーエストッキー,牡2,56,01126,松山弘平,1:22.7,アタマ,4-3,36.4,4.8,3,456(-2),01154,[西]橋口慎介,847031,石橋充教,55.0,,,,,,,,,,,"14,15,10(9,11,13)(4,7,12)(2,3)(8,6)1,5",4,3,3.0,False,"(*14,15)13(9,10)(11,12)(4,7,3)(2,8,6)1-5",3,1,0.0,False,-11,
202309050603,3,2歳未勝利,芝,1400,晴,稍重,11:05,2023-12-17,阪神,6,2,2,2021103903,ヴァシロペス,セ2,56,01157,鮫島克駿,1:22.9,1,10-11,35.9,83.1,9,450(-6),01193,[西]緒方努,547800,ヒダカ・ブリーダーズ...,,,,,,,,,,,,"14,15,10(9,11,13)(4,7,12)(2,3)(8,6)1,5",10,2,3.0,False,"(*14,15)13(9,10)(11,12)(4,7,3)(2,8,6)1-5",11,3,0.0,False,-11,
202309050603,3,2歳未勝利,芝,1400,晴,稍重,11:05,2023-12-17,阪神,7,1,1,2021104015,シャイニングキセキ,牝2,52,01202,鷲頭虎太,1:23.2,1.3/4,14-14,35.8,166.9,11,404(-6),01185,[西]小林真也,136007,平川浩之,,,,,,,,,,,,"14,15,10(9,11,13)(4,7,12)(2,3)(8,6)1,5",14,1,3.0,False,"(*14,15)13(9,10)(11,12)(4,7,3)(2,8,6)1-5",14,1,0.0,False,-11,
202309050603,3,2歳未勝利,芝,1400,晴,稍重,11:05,2023-12-17,阪神,8,8,14,2021100489,シルバヴール,牝2,55,01174,岩田望来,1:23.2,クビ,1-1,37.1,147.3,10,392(+10),01129,[西]高橋義忠,053803,杉山忠国,,,,,,,,,,,,"14,15,10(9,11,13)(4,7,12)(2,3)(8,6)1,5",1,1,0.0,False,"(*14,15)13(9,10)(11,12)(4,7,3)(2,8,6)1-5",1,2,0.0,True,-11,
202309050603,3,2歳未勝利,芝,1400,晴,稍重,11:05,2023-12-17,阪神,9,5,9,2021102060,ルクスルイナール,牝2,55,01018,和田竜二,1:23.3,3/4,4-4,36.9,321.5,13,442(-2),01085,[西]小崎憲,397803,ルクス,,,,,,,,,,,,"14,15,10(9,11,13)(4,7,12)(2,3)(8,6)1,5",4,3,3.0,False,"(*14,15)13(9,10)(11,12)(4,7,3)(2,8,6)1-5",4,2,0.0,False,-11,
202309050603,3,2歳未勝利,芝,1400,晴,稍重,11:05,2023-12-17,阪神,10,7,12,2021106564,ハヤブサソンタクン,牡2,54,01208,田口貫太,1:23.4,1/2,7-6,36.9,36.2,7,458(+4),01158,[西]寺島良,837008,武田修,,,,,,,,,,,,"14,15,10(9,11,13)(4,7,12)(2,3)(8,6)1,5",7,3,3.0,False,"(*14,15)13(9,10)(11,12)(4,7,3)(2,8,6)1-5",6,2,0.0,False,-11,
202309050603,3,2歳未勝利,芝,1400,晴,稍重,11:05,2023-12-17,阪神,11,3,4,2021109019,スターアドミラル,牡2,56,01032,池添謙一,1:23.4,アタマ,7-8,36.7,10.9,5,490(+4),01144,[西]池添学,846033,兼松康太,,,,,,,,,,,,"14,15,10(9,11,13)(4,7,12)(2,3)(8,6)1,5",7,3,3.0,False,"(*14,15)13(9,10)(11,12)(4,7,3)(2,8,6)1-5",8,3,0.0,False,-11,
202309050603,3,2歳未勝利,芝,1400,晴,稍重,11:05,2023-12-17,阪神,12,5,8,2021105579,ジェントルレイン,牝2,55,01138,藤懸貴志,1:23.6,1.1/4,12-11,36.5,617.6,15,378(-4),01129,[西]高橋義忠,872800,三田昌宏,,,,,,,,,,,,"14,15,10(9,11,13)(4,7,12)(2,3)(8,6)1,5",12,2,3.0,False,"(*14,15)13(9,10)(11,12)(4,7,3)(2,8,6)1-5",11,3,0.0,False,-11,
202309050603,3,2歳未勝利,芝,1400,晴,稍重,11:05,2023-12-17,阪神,13,8,15,2021101057,セールヴォラン,牡2,56,01092,津村明秀,1:23.8,1.1/4,2-2,37.6,45.4,8,444(-4),01078,[西]北出成人,853002,松本俊廣,,,,,,,,,,,,"14,15,10(9,11,13)(4,7,12)(2,3)(8,6)1,5",2,1,1.5,False,"(*14,15)13(9,10)(11,12)(4,7,3)(2,8,6)1-5",2,2,0.0,False,-11,
202309050603,3,2歳未勝利,芝,1400,晴,稍重,11:05,2023-12-17,阪神,14,4,6,2021106942,レイム,牝2,51,01204,河原田菜,1:23.8,クビ,12-11,36.7,219.1,12,432(-4),01135,[西]高橋康之,032800,ローレルレーシング,,,,,,,,,,,,"14,15,10(9,11,13)(4,7,12)(2,3)(8,6)1,5",12,2,3.0,False,"(*14,15)13(9,10)(11,12)(4,7,3)(2,8,6)1-5",11,3,0.0,False,-11,
202309050603,3,2歳未勝利,芝,1400,晴,稍重,11:05,2023-12-17,阪神,15,3,5,2021100188,セイウンラビリンス,牡2,56,01015,古川吉洋,1:24.8,6,15-15,37.0,468.1,14,482(0),01156,[東]青木孝文,897009,西山茂行,,,,,,,,,,,,"14,15,10(9,11,13)(4,7,12)(2,3)(8,6)1,5",15,1,4.5,False,"(*14,15)13(9,10)(11,12)(4,7,3)(2,8,6)1-5",15,1,3.5,False,-11,
202309050604,4,2歳新馬,ダ,1200,晴,稍重,11:35,2023-12-17,阪神,1,5,5,2021106542,タガノヒナタ,牝2,55,01126,松山弘平,1:14.2,,2-2,38.1,3.1,2,504(0),01140,[西]石橋守,859002,八木良司,720.0,,,,,,,,,,,"11,5(3,10)-4-(1,6)7-9-2=8=12",2,1,1.5,False,"(*11,5)(3,10)4-6,7(1,9)-2-8=12",2,2,0.0,False,-3,
202309050604,4,2歳新馬,ダ,1200,晴,稍重,11:35,2023-12-17,阪神,2,3,3,2021104834,マサレエトワール,牝2,55,01157,鮫島克駿,1:14.2,クビ,3-3,38.0,7.5,4,462(0),01164,[西]安田翔伍,415800,社台レースホース,290.0,,,,,,,,,,,"11,5(3,10)-4-(1,6)7-9-2=8=12",3,2,1.5,False,"(*11,5)(3,10)4-6,7(1,9)-2-8=12",3,2,0.0,False,-3,
202309050604,4,2歳新馬,ダ,1200,晴,稍重,11:35,2023-12-17,阪神,3,5,6,2021101577,カレンマウラー,牡2,56,01092,津村明秀,1:14.6,2.1/2,6-6,37.7,35.2,8,458(0),01164,[西]安田翔伍,869006,鈴木隆司,180.0,,,,,,,,,,,"11,5(3,10)-4-(1,6)7-9-2=8=12",6,2,8.5,False,"(*11,5)(3,10)4-6,7(1,9)-2-8=12",6,1,3.5,False,-3,
202309050604,4,2歳新馬,ダ,1200,晴,稍重,11:35,2023-12-17,阪神,4,7,9,2021110075,スターチスブーケ,牝2,55,05627,ムルザバ,1:14.6,ハナ,9-8,37.4,2.8,1,504(0),01110,[西]清水久詞,854800,ノルマンディーサラブ...,110.0,,,,,,,,,,,"11,5(3,10)-4-(1,6)7-9-2=8=12",9,1,12.0,False,"(*11,5)(3,10)4-6,7(1,9)-2-8=12",8,2,5.0,False,-3,
202309050604,4,2歳新馬,ダ,1200,晴,稍重,11:35,2023-12-17,阪神,5,2,2,2021101298,サンネリネ,牝2,55,01015,古川吉洋,1:15.2,3.1/2,10-10,37.5,15.9,6,446(0),01188,[西]畑端省吾,059803,加藤ステーブル,72.0,,,,,,,,,,,"11,5(3,10)-4-(1,6)7-9-2=8=12",10,1,15.5,False,"(*11,5)(3,10)4-6,7(1,9)-2-8=12",10,1,8.5,False,-3,
202309050604,4,2歳新馬,ダ,1200,晴,稍重,11:35,2023-12-17,阪神,6,4,4,2021101381,エーケーリターン,牡2,56,01147,城戸義政,1:15.6,2.1/2,5-5,39.1,24.2,7,460(0),01146,[西]奥村豊,311800,桂土地,,,,,,,,,,,,"11,5(3,10)-4-(1,6)7-9-2=8=12",5,1,5.0,False,"(*11,5)(3,10)4-6,7(1,9)-2-8=12",5,1,0.0,False,-3,
202309050604,4,2歳新馬,ダ,1200,晴,稍重,11:35,2023-12-17,阪神,7,6,8,2021107185,カリメロ,牝2,55,01174,岩田望来,1:15.8,1,11-11,37.7,7.3,3,428(0),01186,[西]中村直也,695033,永山勝敏,,,,,,,,,,,,"11,5(3,10)-4-(1,6)7-9-2=8=12",11,1,21.5,False,"(*11,5)(3,10)4-6,7(1,9)-2-8=12",11,1,12.0,False,-3,
202309050604,4,2歳新馬,ダ,1200,晴,稍重,11:35,2023-12-17,阪神,8,8,11,2021102726,ナリタヴィクトリー,牝2,53,01208,田口貫太,1:15.8,クビ,1-1,39.8,11.5,5,442(0),01041,[西]藤沢則雄,712800,オースミ,,,,,,,,,,,,"11,5(3,10)-4-(1,6)7-9-2=8=12",1,1,0.0,False,"(*11,5)(3,10)4-6,7(1,9)-2-8=12",1,2,0.0,True,-3,
202309050604,4,2歳新馬,ダ,1200,晴,稍重,11:35,2023-12-17,阪神,9,6,7,2021101944,テイエムリベスト,牝2,55,01114,田中健,1:17.2,8,8-7,40.1,194.5,12,432(0),01138,[西]浜田多実,356002,竹園正繼,,,,,,,,,,,,"11,5(3,10)-4-(1,6)7-9-2=8=12",8,1,8.5,False,"(*11,5)(3,10)4-6,7(1,9)-2-8=12",7,1,5.0,False,-3,
202309050604,4,2歳新馬,ダ,1200,晴,稍重,11:35,2023-12-17,阪神,10,7,10,2021110028,ポルカドットタイ,牡2,53,01194,大久保友,1:18.0,5,3-3,41.9,57.2,9,488(0),01185,[西]小林真也,004060,Ｈ．Ｈ．シェイク・ハ...,,,,,,,,,,,,"11,5(3,10)-4-(1,6)7-9-2=8=12",3,2,1.5,False,"(*11,5)(3,10)4-6,7(1,9)-2-8=12",3,2,0.0,False,-3,
202309050604,4,2歳新馬,ダ,1200,晴,稍重,11:35,2023-12-17,阪神,11,8,12,2021103590,アスターエルビウム,セ2,55,01182,泉谷楓真,1:19.2,7,12-12,39.1,117.1,11,490(0),01033,[西]木原一良,935003,加藤久枝,,,,,,,,,,,,"11,5(3,10)-4-(1,6)7-9-2=8=12",12,1,27.5,False,"(*11,5)(3,10)4-6,7(1,9)-2-8=12",12,1,18.0,False,-3,
202309050604,4,2歳新馬,ダ,1200,晴,稍重,11:35,2023-12-17,阪神,12,1,1,2021101303,サンブーゲンビリア,牝2,52,01202,鷲頭虎太,1:19.3,1/2,6-8,42.4,102.2,10,426(0),01120,[西]千田輝彦,059803,加藤ステーブル,,,,,,,,,,,,"11,5(3,10)-4-(1,6)7-9-2=8=12",6,2,8.5,False,"(*11,5)(3,10)4-6,7(1,9)-2-8=12",8,2,5.0,False,-3,
202309050605,5,2歳新馬,芝,1800,晴,稍重,12:25,2023-12-17,阪神,1,5,5,2021100745,トップオブザロック,牡2,56,05212,Ｍ．デム,1:49.0,,5-7,35.0,25.9,6,500(0),01166,[西]石坂公一,689033,犬塚悠治郎,720.0,,,,,,,,,,,"6,9(1,4)(5,8)(2,10)-3-7",5,2,1.5,False,"6,9,4(1,10)8,5,2-7,3",7,1,4.5,False,-11,
202309050605,5,2歳新馬,芝,1800,晴,稍重,12:25,2023-12-17,阪神,2,8,10,2021105570,シルバーカレッジ,牡2,56,05339,ルメール,1:49.0,クビ,7-4,35.3,3.0,2,508(0),01160,[西]武幸四郎,226800,サンデーレーシング,290.0,,,,,,,,,,,"6,9(1,4)(5,8)(2,10)-3-7",7,2,1.5,False,"6,9,4(1,10)8,5,2-7,3",4,2,3.0,False,-11,
202309050605,5,2歳新馬,芝,1800,晴,稍重,12:25,2023-12-17,阪神,3,7,8,2021103227,ジャズ,牡2,56,01174,岩田望来,1:49.1,クビ,5-6,35.2,9.6,4,476(0),01183,[西]辻野泰之,248030,石川達絵,180.0,,,,,,,,,,,"6,9(1,4)(5,8)(2,10)-3-7",5,2,1.5,False,"6,9,4(1,10)8,5,2-7,3",6,1,3.0,False,-11,
202309050605,5,2歳新馬,芝,1800,晴,稍重,12:25,2023-12-17,阪神,4,4,4,2021110091,フルオブサクセス,牡2,56,01088,川田将雅,1:49.8,4,3-3,36.2,2.3,1,516(0),01105,[西]須貝尚介,310007,吉田千津,110.0,,,,,,,,,,,"6,9(1,4)(5,8)(2,10)-3-7",3,2,1.5,False,"6,9,4(1,10)8,5,2-7,3",3,1,3.0,False,-11,
202309050605,5,2歳新馬,芝,1800,晴,稍重,12:25,2023-12-17,阪神,5,6,6,2021104421,デファイ,牝2,55,01170,横山武史,1:49.8,1/2,1-1,36.6,15.4,5,450(0),01086,[東]斎藤誠,010803,市川義美ホールディン...,72.0,,,,,,,,,,,"6,9(1,4)(5,8)(2,10)-3-7",1,1,0.0,False,"6,9,4(1,10)8,5,2-7,3",1,1,0.0,False,-11,
202309050605,5,2歳新馬,芝,1800,晴,稍重,12:25,2023-12-17,阪神,6,2,2,2021104643,マリエッティ,牝2,53,01208,田口貫太,1:49.9,クビ,7-8,35.7,89.7,9,420(0),01087,[西]庄野靖志,554008,吉田勝利,,,,,,,,,,,,"6,9(1,4)(5,8)(2,10)-3-7",7,2,1.5,False,"6,9,4(1,10)8,5,2-7,3",8,1,6.0,False,-11,
202309050605,5,2歳新馬,芝,1800,晴,稍重,12:25,2023-12-17,阪神,7,7,7,2021101025,リノラナキラ,牝2,55,00732,幸英明,1:49.9,アタマ,10-9,35.2,132.6,10,472(0),00431,[西]谷潔,279009,松岡雅昭,,,,,,,,,,,,"6,9(1,4)(5,8)(2,10)-3-7",10,1,8.5,False,"6,9,4(1,10)8,5,2-7,3",9,1,9.5,False,-11,
202309050605,5,2歳新馬,芝,1800,晴,稍重,12:25,2023-12-17,阪神,8,1,1,2021100150,クラヴィコード,牝2,55,01163,坂井瑠星,1:50.3,2,3-4,36.6,5.9,3,482(0),01186,[西]中村直也,170800,ロードホースクラブ,,,,,,,,,,,,"6,9(1,4)(5,8)(2,10)-3-7",3,2,1.5,False,"6,9,4(1,10)8,5,2-7,3",4,2,3.0,False,-11,
202309050605,5,2歳新馬,芝,1800,晴,稍重,12:25,2023-12-17,阪神,9,8,9,2021100380,スーパーバウンディ,牡2,56,05641,モリス,1:51.5,7,2-2,38.1,48.7,7,508(0),01123,[西]牧田和弥,208033,中西桂子,,,,,,,,,,,,"6,9(1,4)(5,8)(2,10)-3-7",2,1,1.5,False,"6,9,4(1,10)8,5,2-7,3",2,1,1.5,False,-11,
202309050605,5,2歳新馬,芝,1800,晴,稍重,12:25,2023-12-17,阪神,10,3,3,2021106368,テーオーニコラス,牡2,56,01126,松山弘平,1:54.2,大,9-10,39.3,53.3,8,490(0),01146,[西]奥村豊,304008,小笹公也,,,,,,,,,,,,"6,9(1,4)(5,8)(2,10)-3-7",9,1,5.0,False,"6,9,4(1,10)8,5,2-7,3",10,1,11.0,False,-11,
202309050606,6,2歳未勝利,芝,1600,晴,稍重,12:55,2023-12-17,阪神,1,5,5,2021105382,シンドリームシン,牡2,56,05339,ルメール,1:35.4,,10-9,35.3,2.4,2,480(-8),01160,[西]武幸四郎,232031,藤田晋,550.0,,,,,,,,,,,"6-(1,8)-7(2,12)10(3,11)5,9-4",10,1,7.0,False,"6(1,8)(2,7)-12,10,3(9,5,11)-4",9,3,6.5,False,-9,
202309050606,6,2歳未勝利,芝,1600,晴,稍重,12:55,2023-12-17,阪神,2,2,2,2021105765,ミッキースターダム,牡2,56,01088,川田将雅,1:35.5,クビ,5-4,36.3,1.9,1,460(-6),01002,[西]音無秀孝,441007,野田みづき,220.0,,,,,,,,,,,"6-(1,8)-7(2,12)10(3,11)5,9-4",5,2,7.0,False,"6(1,8)(2,7)-12,10,3(9,5,11)-4",4,2,0.0,False,-9,
202309050606,6,2歳未勝利,芝,1600,晴,稍重,12:55,2023-12-17,阪神,3,6,7,2021103821,ハイディージェン,牡2,56,01174,岩田望来,1:35.9,2.1/2,4-4,36.7,194.9,11,484(+4),01142,[西]森田直行,851009,岡田牧雄,140.0,,,,,,,,,,,"6-(1,8)-7(2,12)10(3,11)5,9-4",4,1,7.0,False,"6(1,8)(2,7)-12,10,3(9,5,11)-4",4,2,0.0,False,-9,
202309050606,6,2歳未勝利,芝,1600,晴,稍重,12:55,2023-12-17,阪神,4,8,12,2021105502,ルフトクス,牝2,55,01126,松山弘平,1:36.1,1,5-6,36.5,17.8,5,456(+2),01157,[西]杉山晴紀,486800,キャロットファーム,83.0,,,,,,,,,,,"6-(1,8)-7(2,12)10(3,11)5,9-4",5,2,7.0,False,"6(1,8)(2,7)-12,10,3(9,5,11)-4",6,1,3.5,False,-9,
202309050606,6,2歳未勝利,芝,1600,晴,稍重,12:55,2023-12-17,阪神,5,7,10,2021100816,フィオリトゥーラ,牝2,55,05626,マーカン,1:36.5,2.1/2,7-7,36.6,33.0,6,426(-6),01142,[西]森田直行,170800,ロードホースクラブ,55.0,,,,,,,,,,,"6-(1,8)-7(2,12)10(3,11)5,9-4",7,1,7.0,False,"6(1,8)(2,7)-12,10,3(9,5,11)-4",7,1,5.0,False,-9,
202309050606,6,2歳未勝利,芝,1600,晴,稍重,12:55,2023-12-17,阪神,6,5,6,2021100698,ヴィーケン,牡2,56,01157,鮫島克駿,1:36.7,1.1/2,1-1,37.8,74.6,9,476(+4),01135,[西]高橋康之,912002,中西宏彰,,,,,,,,,,,,"6-(1,8)-7(2,12)10(3,11)5,9-4",1,1,0.0,False,"6(1,8)(2,7)-12,10,3(9,5,11)-4",1,1,0.0,False,-9,
202309050606,6,2歳未勝利,芝,1600,晴,稍重,12:55,2023-12-17,阪神,7,7,9,2021101914,プレットリンド,牝2,55,01018,和田竜二,1:36.8,1/2,11-9,36.6,17.1,4,422(-2),01066,[西]岡田稲男,093803,日高大洋牧場,,,,,,,,,,,,"6-(1,8)-7(2,12)10(3,11)5,9-4",11,1,8.5,False,"6(1,8)(2,7)-12,10,3(9,5,11)-4",9,3,6.5,False,-9,
202309050606,6,2歳未勝利,芝,1600,晴,稍重,12:55,2023-12-17,阪神,8,4,4,2021100421,サンティヨン,牡2,56,00732,幸英明,1:37.2,2.1/2,12-12,36.5,126.3,10,440(-4),01032,[西]大根田裕,548033,奥裕嗣,,,,,,,,,,,,"6-(1,8)-7(2,12)10(3,11)5,9-4",12,1,12.0,False,"6(1,8)(2,7)-12,10,3(9,5,11)-4",12,1,10.0,False,-9,
202309050606,6,2歳未勝利,芝,1600,晴,稍重,12:55,2023-12-17,阪神,9,3,3,2021102547,メイショウポワロ,牝2,51,01204,河原田菜,1:37.4,3/4,8-8,37.4,222.3,12,424(-10),01104,[西]笹田和秀,911008,松本好隆,,,,,,,,,,,,"6-(1,8)-7(2,12)10(3,11)5,9-4",8,2,7.0,False,"6(1,8)(2,7)-12,10,3(9,5,11)-4",8,1,6.5,False,-9,
202309050606,6,2歳未勝利,芝,1600,晴,稍重,12:55,2023-12-17,阪神,10,8,11,2021104193,ウッドバイン,牝2,55,01032,池添謙一,1:38.1,4,8-9,38.0,15.0,3,444(+2),01072,[西]河内洋,464800,飛野牧場,,,,,,,,,,,,"6-(1,8)-7(2,12)10(3,11)5,9-4",8,2,7.0,False,"6(1,8)(2,7)-12,10,3(9,5,11)-4",9,3,6.5,False,-9,
202309050606,6,2歳未勝利,芝,1600,晴,稍重,12:55,2023-12-17,阪神,11,6,8,2021106425,ムーンウォーク,牡2,54,01208,田口貫太,1:38.5,2.1/2,2-2,39.5,60.9,8,456(-12),01156,[東]青木孝文,851009,岡田牧雄,,,,,,,,,,,,"6-(1,8)-7(2,12)10(3,11)5,9-4",2,2,3.5,False,"6(1,8)(2,7)-12,10,3(9,5,11)-4",2,2,0.0,False,-9,
202309050606,6,2歳未勝利,芝,1600,晴,稍重,12:55,2023-12-17,阪神,12,1,1,2021101154,ピエナリオン,牝2,55,01147,城戸義政,1:39.1,3.1/2,2-2,40.0,52.1,7,450(+2),01146,[西]奥村豊,023007,本谷兼三,,,,,,,,,,,,"6-(1,8)-7(2,12)10(3,11)5,9-4",2,2,3.5,False,"6(1,8)(2,7)-12,10,3(9,5,11)-4",2,2,0.0,False,-9,
202309050607,7,3歳以上1勝クラス,ダ,1800,晴,稍重,13:25,2023-12-17,阪神,1,3,3,2020102964,チュウワハート,牡3,57,01163,坂井瑠星,1:53.7,,1-1-1-1,38.1,3.5,2,508(+4),01058,[西]大久保龍,628007,中西忍,800.0,"(*3,4,8)5,6(2,7)-9,1",1,3,0.0,True,"3-4(6,8)5(2,7)-(9,1)",1,1,0.0,False,"3(4,8)-6-(2,5)7(1,9)",1,1,0.0,False,"(*3,4,8)6-(2,5)7-9-1",1,3,0.0,True,2,
202309050607,7,3歳以上1勝クラス,ダ,1800,晴,稍重,13:25,2023-12-17,阪神,2,4,4,2020105639,ハギノサステナブル,牡3,57,01157,鮫島克駿,1:53.8,3/4,2-2-2-2,38.0,18.0,5,476(+18),01117,[西]高野友和,950006,日隈良江,320.0,"(*3,4,8)5,6(2,7)-9,1",2,3,0.0,False,"3-4(6,8)5(2,7)-(9,1)",2,1,3.5,False,"3(4,8)-6-(2,5)7(1,9)",2,2,0.0,False,"(*3,4,8)6-(2,5)7-9-1",2,3,0.0,False,2,
202309050607,7,3歳以上1勝クラス,ダ,1800,晴,稍重,13:25,2023-12-17,阪神,3,8,8,2020104661,ダンテバローズ,牡3,57,01174,岩田望来,1:53.9,1,2-3-2-2,38.1,4.1,3,514(+4),01168,[西]上村洋行,859007,猪熊広次,200.0,"(*3,4,8)5,6(2,7)-9,1",2,3,0.0,False,"3-4(6,8)5(2,7)-(9,1)",3,2,3.5,False,"3(4,8)-6-(2,5)7(1,9)",2,2,0.0,False,"(*3,4,8)6-(2,5)7-9-1",2,3,0.0,False,2,
202309050607,7,3歳以上1勝クラス,ダ,1800,晴,稍重,13:25,2023-12-17,阪神,4,6,6,2020102687,バックトゥザライト,牡3,57,01126,松山弘平,1:54.7,5,5-3-4-4,38.6,10.0,4,520(-2),01183,[西]辻野泰之,686006,平井裕,120.0,"(*3,4,8)5,6(2,7)-9,1",5,1,1.5,False,"3-4(6,8)5(2,7)-(9,1)",3,2,3.5,False,"3(4,8)-6-(2,5)7(1,9)",4,1,3.5,False,"(*3,4,8)6-(2,5)7-9-1",4,1,0.0,False,2,
202309050607,7,3歳以上1勝クラス,ダ,1800,晴,稍重,13:25,2023-12-17,阪神,5,7,7,2019100617,ブライトホルン,牡4,58,05339,ルメール,1:55.2,3,6-6-7-7,38.2,2.2,1,502(-2),01155,[西]渡辺薫彦,788800,ノースヒルズ,80.0,"(*3,4,8)5,6(2,7)-9,1",6,2,1.5,False,"3-4(6,8)5(2,7)-(9,1)",6,2,3.5,False,"3(4,8)-6-(2,5)7(1,9)",7,1,7.0,False,"(*3,4,8)6-(2,5)7-9-1",7,1,3.5,False,2,
202309050607,7,3歳以上1勝クラス,ダ,1800,晴,稍重,13:25,2023-12-17,阪神,6,8,9,2019103506,エアフォースワン,牡4,58,00732,幸英明,1:55.8,3.1/2,8-8-8-8,38.6,19.5,7,466(0),01032,[西]大根田裕,311030,藤原征士郎,,"(*3,4,8)5,6(2,7)-9,1",8,1,5.0,False,"3-4(6,8)5(2,7)-(9,1)",8,2,7.0,False,"3(4,8)-6-(2,5)7(1,9)",8,2,7.0,False,"(*3,4,8)6-(2,5)7-9-1",8,1,7.0,False,2,
202309050607,7,3歳以上1勝クラス,ダ,1800,晴,稍重,13:25,2023-12-17,阪神,7,5,5,2020103280,エマヌエーレ,牡3,57,01018,和田竜二,1:56.3,3,4-5-5-5,39.5,19.4,6,508(+2),01082,[西]平田修,922030,丸山担,,"(*3,4,8)5,6(2,7)-9,1",4,1,0.0,False,"3-4(6,8)5(2,7)-(9,1)",5,1,3.5,False,"3(4,8)-6-(2,5)7(1,9)",5,2,7.0,False,"(*3,4,8)6-(2,5)7-9-1",5,2,3.5,False,2,
202309050607,7,3歳以上1勝クラス,ダ,1800,晴,稍重,13:25,2023-12-17,阪神,8,2,2,2020105228,ジョウショーパワー,牡3,57,01180,団野大成,1:56.3,クビ,6-6-5-5,39.7,64.5,8,466(+12),01069,[西]中尾秀正,380008,熊田義孝,,"(*3,4,8)5,6(2,7)-9,1",6,2,1.5,False,"3-4(6,8)5(2,7)-(9,1)",6,2,3.5,False,"3(4,8)-6-(2,5)7(1,9)",5,2,7.0,False,"(*3,4,8)6-(2,5)7-9-1",5,2,3.5,False,2,
202309050607,7,3歳以上1勝クラス,ダ,1800,晴,稍重,13:25,2023-12-17,阪神,9,1,1,2019106647,ハイグッドエース,牡4,58,01146,和田翼,1:58.8,大,9-8-8-9,41.6,363.0,9,446(+14),01032,[西]大根田裕,142006,服部新平,,"(*3,4,8)5,6(2,7)-9,1",9,1,6.5,False,"3-4(6,8)5(2,7)-(9,1)",8,2,7.0,False,"3(4,8)-6-(2,5)7(1,9)",8,2,7.0,False,"(*3,4,8)6-(2,5)7-9-1",9,1,10.5,False,2,
202309050608,8,3歳以上2勝クラス,ダ,1400,晴,稍重,13:55,2023-12-17,阪神,1,8,14,2020106396,スマートアンバー,牝3,55,05626,マーカン,1:25.4,,8-8,38.3,7.2,5,470(-6),01196,[西]西園翔太,007803,大川徹,"1,140.0",,,,,,,,,,,"2,7(1,9)(6,10,12)14(3,4,8)(5,13)11",8,1,1.5,False,"(*2,7)-1(9,12)(6,10)14(3,4,8)(13,11)-5",8,1,3.5,False,-3,
202309050608,8,3歳以上2勝クラス,ダ,1400,晴,稍重,13:55,2023-12-17,阪神,2,7,12,2020104046,ダイリュウホマレ,牝3,55,01126,松山弘平,1:25.4,クビ,5-4,38.6,4.4,1,452(-12),01154,[西]橋口慎介,597030,大野龍,460.0,,,,,,,,,,,"2,7(1,9)(6,10,12)14(3,4,8)(5,13)11",5,3,1.5,False,"(*2,7)-1(9,12)(6,10)14(3,4,8)(13,11)-5",4,2,3.5,False,-3,
202309050608,8,3歳以上2勝クラス,ダ,1400,晴,稍重,13:55,2023-12-17,阪神,3,5,7,2020106877,スマートアイ,牝3,55,05339,ルメール,1:25.5,1/2,2-2,39.2,5.3,3,502(+2),01158,[西]寺島良,007803,大川徹,290.0,,,,,,,,,,,"2,7(1,9)(6,10,12)14(3,4,8)(5,13)11",2,1,1.5,False,"(*2,7)-1(9,12)(6,10)14(3,4,8)(13,11)-5",2,2,0.0,False,-3,
202309050608,8,3歳以上2勝クラス,ダ,1400,晴,稍重,13:55,2023-12-17,阪神,4,5,8,2018102021,ヤマニンルリュール,牝5,56,01157,鮫島克駿,1:25.6,クビ,9-9,38.3,5.8,4,490(+6),01033,[西]木原一良,329004,土井肇,170.0,,,,,,,,,,,"2,7(1,9)(6,10,12)14(3,4,8)(5,13)11",9,3,1.5,False,"(*2,7)-1(9,12)(6,10)14(3,4,8)(13,11)-5",9,3,3.5,False,-3,
202309050608,8,3歳以上2勝クラス,ダ,1400,晴,稍重,13:55,2023-12-17,阪神,5,8,13,2019100635,ラニカイ,牝4,52,01204,河原田菜,1:25.7,1/2,12-12,38.2,7.5,6,506(-2),01092,[西]松永幹夫,788800,ノースヒルズ,114.0,,,,,,,,,,,"2,7(1,9)(6,10,12)14(3,4,8)(5,13)11",12,2,1.5,False,"(*2,7)-1(9,12)(6,10)14(3,4,8)(13,11)-5",12,2,3.5,False,-3,
202309050608,8,3歳以上2勝クラス,ダ,1400,晴,稍重,13:55,2023-12-17,阪神,6,3,4,2019106690,タマモタップダンス,牝4,56,01163,坂井瑠星,1:26.1,2,9-9,38.9,21.6,7,496(-4),01023,[東]伊藤圭三,515800,タマモ,,,,,,,,,,,,"2,7(1,9)(6,10,12)14(3,4,8)(5,13)11",9,3,1.5,False,"(*2,7)-1(9,12)(6,10)14(3,4,8)(13,11)-5",9,3,3.5,False,-3,
202309050608,8,3歳以上2勝クラス,ダ,1400,晴,稍重,13:55,2023-12-17,阪神,7,2,2,2020103198,メイデンタワー,牝3,55,01170,横山武史,1:26.2,1/2,1-1,40.0,4.7,2,448(-2),01167,[東]稲垣幸雄,226800,サンデーレーシング,,,,,,,,,,,,"2,7(1,9)(6,10,12)14(3,4,8)(5,13)11",1,1,0.0,False,"(*2,7)-1(9,12)(6,10)14(3,4,8)(13,11)-5",1,2,0.0,True,-3,
202309050608,8,3歳以上2勝クラス,ダ,1400,晴,稍重,13:55,2023-12-17,阪神,8,7,11,2018104262,ネフェルタリ,牝5,56,01115,浜中俊,1:26.4,1.1/2,14-12,38.9,174.6,13,498(0),01159,[西]高柳大輔,547800,ヒダカ・ブリーダーズ...,,,,,,,,,,,,"2,7(1,9)(6,10,12)14(3,4,8)(5,13)11",14,1,1.5,False,"(*2,7)-1(9,12)(6,10)14(3,4,8)(13,11)-5",12,2,3.5,False,-3,
202309050608,8,3歳以上2勝クラス,ダ,1400,晴,稍重,13:55,2023-12-17,阪神,9,6,10,2019104952,ロープスピニング,牝4,56,01092,津村明秀,1:26.4,ハナ,5-6,39.6,145.2,12,432(-2),01064,[東]武藤善則,758005,吉田照哉,,,,,,,,,,,,"2,7(1,9)(6,10,12)14(3,4,8)(5,13)11",5,3,1.5,False,"(*2,7)-1(9,12)(6,10)14(3,4,8)(13,11)-5",6,2,3.5,False,-3,
202309050608,8,3歳以上2勝クラス,ダ,1400,晴,稍重,13:55,2023-12-17,阪神,10,1,1,2019100578,クインズプリーズ,牝4,54,01208,田口貫太,1:26.8,2.1/2,3-3,40.3,56.5,11,442(-2),01176,[西]吉岡辰弥,390803,亀田和弘,,,,,,,,,,,,"2,7(1,9)(6,10,12)14(3,4,8)(5,13)11",3,2,1.5,False,"(*2,7)-1(9,12)(6,10)14(3,4,8)(13,11)-5",3,1,3.5,False,-3,
202309050608,8,3歳以上2勝クラス,ダ,1400,晴,稍重,13:55,2023-12-17,阪神,11,6,9,2020105649,モンネトワ,牝3,55,05641,モリス,1:27.4,3.1/2,3-4,40.7,23.8,9,432(+2),01154,[西]橋口慎介,117031,前田幸貴,,,,,,,,,,,,"2,7(1,9)(6,10,12)14(3,4,8)(5,13)11",3,2,1.5,False,"(*2,7)-1(9,12)(6,10)14(3,4,8)(13,11)-5",4,2,3.5,False,-3,
202309050608,8,3歳以上2勝クラス,ダ,1400,晴,稍重,13:55,2023-12-17,阪神,12,4,6,2019106099,ラブリアージェ,牝4,56,01015,古川吉洋,1:27.5,1/2,5-6,40.7,23.6,8,474(0),01044,[西]昆貢,854800,ノルマンディーサラブ...,,,,,,,,,,,,"2,7(1,9)(6,10,12)14(3,4,8)(5,13)11",5,3,1.5,False,"(*2,7)-1(9,12)(6,10)14(3,4,8)(13,11)-5",6,2,3.5,False,-3,
202309050608,8,3歳以上2勝クラス,ダ,1400,晴,稍重,13:55,2023-12-17,阪神,13,3,3,2019105391,アレマーナ,牝4,56,05627,ムルザバ,1:27.8,2,9-9,40.7,50.2,10,504(+4),01149,[西]松下武士,486800,キャロットファーム,,,,,,,,,,,,"2,7(1,9)(6,10,12)14(3,4,8)(5,13)11",9,3,1.5,False,"(*2,7)-1(9,12)(6,10)14(3,4,8)(13,11)-5",9,3,3.5,False,-3,
202309050608,8,3歳以上2勝クラス,ダ,1400,晴,稍重,13:55,2023-12-17,阪神,14,4,5,2019103311,ルパルテール,牝4,56,00732,幸英明,1:28.7,5,12-14,41.2,289.4,14,430(-5),01172,[西]新谷功一,547800,ヒダカ・ブリーダーズ...,,,,,,,,,,,,"2,7(1,9)(6,10,12)14(3,4,8)(5,13)11",12,2,1.5,False,"(*2,7)-1(9,12)(6,10)14(3,4,8)(13,11)-5",14,1,7.0,False,-3,
202309050609,9,高砂特別(2勝),ダ,1200,晴,稍重,14:25,2023-12-17,阪神,1,7,9,2018106391,メイショウイジゲン,牡5,58,01099,鮫島良太,1:12.7,,3-2,37.3,22.5,6,462(+2),01113,[西]牧浦充徳,523005,松本好雄,"1,577.3",,,,,,,,,,,"10-6(2,8,9)(4,11)-3,7-(5,1)",3,3,3.5,False,"10(6,8,9)(2,4,11)-3-7-1,5",2,3,0.0,False,-3,
202309050609,9,高砂特別(2勝),ダ,1200,晴,稍重,14:25,2023-12-17,阪神,2,7,8,2019104660,フラップシグナス,牡4,58,05339,ルメール,1:12.9,1.1/4,3-2,37.6,1.9,1,496(+12),01120,[西]千田輝彦,758005,吉田照哉,627.8,,,,,,,,,,,"10-6(2,8,9)(4,11)-3,7-(5,1)",3,3,3.5,False,"10(6,8,9)(2,4,11)-3-7-1,5",2,3,0.0,False,-3,
202309050609,9,高砂特別(2勝),ダ,1200,晴,稍重,14:25,2023-12-17,阪神,3,8,11,2020100168,ロードラディウス,牡3,57,05641,モリス,1:13.0,3/4,6-5,37.5,3.2,2,476(-2),01142,[西]森田直行,170800,ロードホースクラブ,393.9,,,,,,,,,,,"10-6(2,8,9)(4,11)-3,7-(5,1)",6,2,3.5,False,"10(6,8,9)(2,4,11)-3-7-1,5",5,3,0.0,False,-3,
202309050609,9,高砂特別(2勝),ダ,1200,晴,稍重,14:25,2023-12-17,阪神,4,4,4,2018104775,パルデンス,牡5,58,01092,津村明秀,1:13.2,1.1/4,6-5,37.7,30.3,9,490(-8),01010,[東]中野栄治,953030,山本三津子,230.0,,,,,,,,,,,"10-6(2,8,9)(4,11)-3,7-(5,1)",6,2,3.5,False,"10(6,8,9)(2,4,11)-3-7-1,5",5,3,0.0,False,-3,
202309050609,9,高砂特別(2勝),ダ,1200,晴,稍重,14:25,2023-12-17,阪神,5,1,1,2018106429,ルシャリーブル,牝5,56,01018,和田竜二,1:13.4,1.1/2,10-10,36.6,11.7,4,448(-8),01111,[西]鈴木孝志,100800,日進牧場,155.0,,,,,,,,,,,"10-6(2,8,9)(4,11)-3,7-(5,1)",10,2,12.0,False,"10(6,8,9)(2,4,11)-3-7-1,5",10,1,10.5,False,-3,
202309050609,9,高砂特別(2勝),ダ,1200,晴,稍重,14:25,2023-12-17,阪神,6,8,10,2018104406,ゴールドフィンガー,牝5,56,05212,Ｍ．デム,1:13.5,クビ,1-1,38.7,20.5,5,468(-10),01066,[西]岡田稲男,055700,グリーンスウォード,,,,,,,,,,,,"10-6(2,8,9)(4,11)-3,7-(5,1)",1,1,0.0,False,"10(6,8,9)(2,4,11)-3-7-1,5",1,1,0.0,False,-3,
202309050609,9,高砂特別(2勝),ダ,1200,晴,稍重,14:25,2023-12-17,阪神,7,3,3,2018110017,スカイナイル,牝5,56,01174,岩田望来,1:13.5,クビ,8-8,37.4,23.5,7,500(-2),01113,[西]牧浦充徳,415800,社台レースホース,,,,,,,,,,,,"10-6(2,8,9)(4,11)-3,7-(5,1)",8,1,7.0,False,"10(6,8,9)(2,4,11)-3-7-1,5",8,1,3.5,False,-3,
202309050609,9,高砂特別(2勝),ダ,1200,晴,稍重,14:25,2023-12-17,阪神,8,6,6,2019104328,タカラマドンナ,牝4,56,01202,鷲頭虎太,1:13.6,1/2,2-2,38.4,8.9,3,462(0),01178,[西]杉山佳明,451033,佐藤範夫,,,,,,,,,,,,"10-6(2,8,9)(4,11)-3,7-(5,1)",2,1,3.5,False,"10(6,8,9)(2,4,11)-3-7-1,5",2,3,0.0,False,-3,
202309050609,9,高砂特別(2勝),ダ,1200,晴,稍重,14:25,2023-12-17,阪神,9,6,7,2017102984,バーニングソウル,牝6,56,01146,和田翼,1:14.1,2.1/2,9-9,37.8,302.0,11,426(-2),00431,[西]谷潔,142006,服部新平,,,,,,,,,,,,"10-6(2,8,9)(4,11)-3,7-(5,1)",9,1,8.5,False,"10(6,8,9)(2,4,11)-3-7-1,5",9,1,7.0,False,-3,
202309050609,9,高砂特別(2勝),ダ,1200,晴,稍重,14:25,2023-12-17,阪神,10,2,2,2019102884,ゲンパチプライド,牡4,58,05626,マーカン,1:14.3,1.1/4,3-5,39.0,23.9,8,484(-2),01187,[東]西田雄一,689002,平野武志,,,,,,,,,,,,"10-6(2,8,9)(4,11)-3,7-(5,1)",3,3,3.5,False,"10(6,8,9)(2,4,11)-3-7-1,5",5,3,0.0,False,-3,
202309050609,9,高砂特別(2勝),ダ,1200,晴,稍重,14:25,2023-12-17,阪神,11,5,5,2018109160,アイアンムスメ,牝5,56,01180,団野大成,1:16.2,大,10-11,39.3,226.5,10,454(+14),01104,[西]笹田和秀,772002,西村新一郎,,,,,,,,,,,,"10-6(2,8,9)(4,11)-3,7-(5,1)",10,2,12.0,False,"10(6,8,9)(2,4,11)-3-7-1,5",11,1,12.0,False,-3,
202309050610,10,六甲アイランドS(3勝),芝,1400,晴,良,15:01,2023-12-17,阪神,1,7,14,2018106559,ダノンティンパニー,牡5,57,01088,川田将雅,1:20.3,,10-10,35.1,1.6,1,478(+4),01137,[西]中内田充,619800,ダノックス,"1,878.5",,,,,,,,,,,"1(4,15)(3,7,8)-(17,9)11(14,12)(2,5,16)(6,10)-18-13",10,2,3.5,False,"(*1,4,15)(3,7,8)(17,9,11)(14,12)(2,5,16)(6,10)-18=13",10,2,0.0,False,-9,開催6日目でAコース6日目。土曜から風が強くなり、差し・追込にかなり有利なコンディションへと変化した。イン有利は変わらず。
202309050610,10,六甲アイランドS(3勝),芝,1400,晴,良,15:01,2023-12-17,阪神,2,6,12,2020110155,レイベリング,牡3,56,01170,横山武史,1:20.6,1.3/4,10-10,35.4,6.2,2,478(0),01097,[東]鹿戸雄一,716800,ビッグレッドファーム,751.0,,,,,,,,,,,"1(4,15)(3,7,8)-(17,9)11(14,12)(2,5,16)(6,10)-18-13",10,2,3.5,False,"(*1,4,15)(3,7,8)(17,9,11)(14,12)(2,5,16)(6,10)-18=13",10,2,0.0,False,-9,開催6日目でAコース6日目。土曜から風が強くなり、差し・追込にかなり有利なコンディションへと変化した。イン有利は変わらず。
202309050610,10,六甲アイランドS(3勝),芝,1400,晴,良,15:01,2023-12-17,阪神,3,8,16,2019105415,ベルクレスタ,牝4,54,01034,酒井学,1:20.8,1.1/4,12-12,35.4,54.4,11,486(0),01105,[西]須貝尚介,226800,サンデーレーシング,465.5,,,,,,,,,,,"1(4,15)(3,7,8)-(17,9)11(14,12)(2,5,16)(6,10)-18-13",12,3,3.5,False,"(*1,4,15)(3,7,8)(17,9,11)(14,12)(2,5,16)(6,10)-18=13",12,3,0.0,False,-9,開催6日目でAコース6日目。土曜から風が強くなり、差し・追込にかなり有利なコンディションへと変化した。イン有利は変わらず。
202309050610,10,六甲アイランドS(3勝),芝,1400,晴,良,15:01,2023-12-17,阪神,4,8,17,2019105087,サンライズロナウド,牡4,56,00660,横山典弘,1:20.9,クビ,7-7,35.9,58.1,12,478(+4),00438,[西]安田隆行,399803,ライフハウス,280.0,,,,,,,,,,,"1(4,15)(3,7,8)-(17,9)11(14,12)(2,5,16)(6,10)-18-13",7,2,3.5,False,"(*1,4,15)(3,7,8)(17,9,11)(14,12)(2,5,16)(6,10)-18=13",7,3,0.0,False,-9,開催6日目でAコース6日目。土曜から風が強くなり、差し・追込にかなり有利なコンディションへと変化した。イン有利は変わらず。
202309050610,10,六甲アイランドS(3勝),芝,1400,晴,良,15:01,2023-12-17,阪神,5,3,5,2017105574,チュウワノキセキ,セ6,56,05627,ムルザバ,1:20.9,クビ,12-12,35.5,62.4,13,482(0),01058,[西]大久保龍,628007,中西忍,184.0,,,,,,,,,,,"1(4,15)(3,7,8)-(17,9)11(14,12)(2,5,16)(6,10)-18-13",12,3,3.5,False,"(*1,4,15)(3,7,8)(17,9,11)(14,12)(2,5,16)(6,10)-18=13",12,3,0.0,False,-9,開催6日目でAコース6日目。土曜から風が強くなり、差し・追込にかなり有利なコンディションへと変化した。イン有利は変わらず。
202309050610,10,六甲アイランドS(3勝),芝,1400,晴,良,15:01,2023-12-17,阪神,6,8,18,2017105321,アステロイドベルト,セ6,55,01126,松山弘平,1:20.9,クビ,17-17,34.6,31.8,9,490(+8),01071,[西]池江泰寿,486800,キャロットファーム,,,,,,,,,,,,"1(4,15)(3,7,8)-(17,9)11(14,12)(2,5,16)(6,10)-18-13",17,1,7.0,False,"(*1,4,15)(3,7,8)(17,9,11)(14,12)(2,5,16)(6,10)-18=13",17,1,3.5,False,-9,開催6日目でAコース6日目。土曜から風が強くなり、差し・追込にかなり有利なコンディションへと変化した。イン有利は変わらず。
202309050610,10,六甲アイランドS(3勝),芝,1400,晴,良,15:01,2023-12-17,阪神,7,5,10,2019105545,ルージュラテール,牝4,55,01163,坂井瑠星,1:21.0,クビ,15-15,35.3,10.6,3,496(-2),01075,[西]矢作芳人,180800,東京ホースレーシング,,,,,,,,,,,,"1(4,15)(3,7,8)-(17,9)11(14,12)(2,5,16)(6,10)-18-13",15,2,3.5,False,"(*1,4,15)(3,7,8)(17,9,11)(14,12)(2,5,16)(6,10)-18=13",15,2,0.0,False,-9,開催6日目でAコース6日目。土曜から風が強くなり、差し・追込にかなり有利なコンディションへと変化した。イン有利は変わらず。
202309050610,10,六甲アイランドS(3勝),芝,1400,晴,良,15:01,2023-12-17,阪神,8,4,8,2019100659,レベレンシア,牡4,56,01157,鮫島克駿,1:21.2,1.1/4,4-4,36.5,29.5,8,504(-2),01164,[西]安田翔伍,788800,ノースヒルズ,,,,,,,,,,,,"1(4,15)(3,7,8)-(17,9)11(14,12)(2,5,16)(6,10)-18-13",4,3,0.0,False,"(*1,4,15)(3,7,8)(17,9,11)(14,12)(2,5,16)(6,10)-18=13",4,3,0.0,False,-9,開催6日目でAコース6日目。土曜から風が強くなり、差し・追込にかなり有利なコンディションへと変化した。イン有利は変わらず。
202309050610,10,六甲アイランドS(3勝),芝,1400,晴,良,15:01,2023-12-17,阪神,9,5,9,2020103393,ダルエスサラーム,牝3,53,01115,浜中俊,1:21.5,2,7-7,36.5,44.4,10,454(0),01117,[西]高野友和,226800,サンデーレーシング,,,,,,,,,,,,"1(4,15)(3,7,8)-(17,9)11(14,12)(2,5,16)(6,10)-18-13",7,2,3.5,False,"(*1,4,15)(3,7,8)(17,9,11)(14,12)(2,5,16)(6,10)-18=13",7,3,0.0,False,-9,開催6日目でAコース6日目。土曜から風が強くなり、差し・追込にかなり有利なコンディションへと変化した。イン有利は変わらず。
202309050610,10,六甲アイランドS(3勝),芝,1400,晴,良,15:01,2023-12-17,阪神,10,6,11,2019104976,ミスボニータ,牝4,54,05212,Ｍ．デム,1:21.6,1/2,9-7,36.6,141.2,15,462(-2),01086,[東]斎藤誠,072803,スリーエイチレーシン...,,,,,,,,,,,,"1(4,15)(3,7,8)-(17,9)11(14,12)(2,5,16)(6,10)-18-13",9,1,3.5,False,"(*1,4,15)(3,7,8)(17,9,11)(14,12)(2,5,16)(6,10)-18=13",7,3,0.0,False,-9,開催6日目でAコース6日目。土曜から風が強くなり、差し・追込にかなり有利なコンディションへと変化した。イン有利は変わらず。
202309050610,10,六甲アイランドS(3勝),芝,1400,晴,良,15:01,2023-12-17,阪神,11,7,13,2018101579,シャイニングフジ,牝5,54,01092,津村明秀,1:21.8,1.1/4,18-18,34.7,162.8,16,506(+16),01104,[西]笹田和秀,857004,林進,,,,,,,,,,,,"1(4,15)(3,7,8)-(17,9)11(14,12)(2,5,16)(6,10)-18-13",18,1,10.5,False,"(*1,4,15)(3,7,8)(17,9,11)(14,12)(2,5,16)(6,10)-18=13",18,1,9.5,False,-9,開催6日目でAコース6日目。土曜から風が強くなり、差し・追込にかなり有利なコンディションへと変化した。イン有利は変わらず。
202309050610,10,六甲アイランドS(3勝),芝,1400,晴,良,15:01,2023-12-17,阪神,12,3,6,2014100555,ヤマニンペダラーダ,牡9,52,01146,和田翼,1:21.9,1/2,15-15,36.2,370.6,18,492(+6),01186,[西]中村直也,329004,土井肇,,,,,,,,,,,,"1(4,15)(3,7,8)-(17,9)11(14,12)(2,5,16)(6,10)-18-13",15,2,3.5,False,"(*1,4,15)(3,7,8)(17,9,11)(14,12)(2,5,16)(6,10)-18=13",15,2,0.0,False,-9,開催6日目でAコース6日目。土曜から風が強くなり、差し・追込にかなり有利なコンディションへと変化した。イン有利は変わらず。
202309050610,10,六甲アイランドS(3勝),芝,1400,晴,良,15:01,2023-12-17,阪神,13,4,7,2018100693,ブルーシンフォニー,牡5,55,05626,マーカン,1:21.9,クビ,4-4,37.2,18.5,5,482(+10),01023,[東]伊藤圭三,003060,ゴドルフィン,,,,,,,,,,,,"1(4,15)(3,7,8)-(17,9)11(14,12)(2,5,16)(6,10)-18-13",4,3,0.0,False,"(*1,4,15)(3,7,8)(17,9,11)(14,12)(2,5,16)(6,10)-18=13",4,3,0.0,False,-9,開催6日目でAコース6日目。土曜から風が強くなり、差し・追込にかなり有利なコンディションへと変化した。イン有利は変わらず。
202309050610,10,六甲アイランドS(3勝),芝,1400,晴,良,15:01,2023-12-17,阪神,14,7,15,2020100497,ベガリス,牝3,53,01138,藤懸貴志,1:21.9,アタマ,2-2,37.4,25.4,7,424(+2),01129,[西]高橋義忠,053803,杉山忠国,,,,,,,,,,,,"1(4,15)(3,7,8)-(17,9)11(14,12)(2,5,16)(6,10)-18-13",2,2,0.0,False,"(*1,4,15)(3,7,8)(17,9,11)(14,12)(2,5,16)(6,10)-18=13",2,3,0.0,False,-9,開催6日目でAコース6日目。土曜から風が強くなり、差し・追込にかなり有利なコンディションへと変化した。イン有利は変わらず。
202309050610,10,六甲アイランドS(3勝),芝,1400,晴,良,15:01,2023-12-17,阪神,15,1,1,2018105311,アンセーニュ,牝5,52,01032,池添謙一,1:22.0,アタマ,1-1,37.6,108.0,14,440(+10),01146,[西]奥村豊,790005,吉田勝己,,,,,,,,,,,,"1(4,15)(3,7,8)-(17,9)11(14,12)(2,5,16)(6,10)-18-13",1,1,0.0,False,"(*1,4,15)(3,7,8)(17,9,11)(14,12)(2,5,16)(6,10)-18=13",1,3,0.0,True,-9,開催6日目でAコース6日目。土曜から風が強くなり、差し・追込にかなり有利なコンディションへと変化した。イン有利は変わらず。
202309050610,10,六甲アイランドS(3勝),芝,1400,晴,良,15:01,2023-12-17,阪神,16,1,2,2019105459,ソウテン,牡4,56,05339,ルメール,1:22.5,3,12-12,37.1,13.5,4,504(-8),01059,[東]加藤征弘,675030,林正道,,,,,,,,,,,,"1(4,15)(3,7,8)-(17,9)11(14,12)(2,5,16)(6,10)-18-13",12,3,3.5,False,"(*1,4,15)(3,7,8)(17,9,11)(14,12)(2,5,16)(6,10)-18=13",12,3,0.0,False,-9,開催6日目でAコース6日目。土曜から風が強くなり、差し・追込にかなり有利なコンディションへと変化した。イン有利は変わらず。
202309050610,10,六甲アイランドS(3勝),芝,1400,晴,良,15:01,2023-12-17,阪神,17,2,3,2020102890,イティネラートル,牝3,53,01174,岩田望来,1:22.6,3/4,4-4,37.9,24.8,6,418(-2),01173,[西]長谷川浩,415800,社台レースホース,,,,,,,,,,,,"1(4,15)(3,7,8)-(17,9)11(14,12)(2,5,16)(6,10)-18-13",4,3,0.0,False,"(*1,4,15)(3,7,8)(17,9,11)(14,12)(2,5,16)(6,10)-18=13",4,3,0.0,False,-9,開催6日目でAコース6日目。土曜から風が強くなり、差し・追込にかなり有利なコンディションへと変化した。イン有利は変わらず。
202309050610,10,六甲アイランドS(3勝),芝,1400,晴,良,15:01,2023-12-17,阪神,18,2,4,2017105054,リヴェール,牝6,53,00732,幸英明,1:22.7,クビ,2-2,38.2,192.7,17,462(+4),01046,[西]鮫島一歩,797008,栗山良子,,,,,,,,,,,,"1(4,15)(3,7,8)-(17,9)11(14,12)(2,5,16)(6,10)-18-13",2,2,0.0,False,"(*1,4,15)(3,7,8)(17,9,11)(14,12)(2,5,16)(6,10)-18=13",2,3,0.0,False,-9,開催6日目でAコース6日目。土曜から風が強くなり、差し・追込にかなり有利なコンディションへと変化した。イン有利は変わらず。
202309050611,11,第75回朝日フューチュリティ(GI),芝,1600,晴,良,15:40,2023-12-17,阪神,1,2,3,2021107171,ジャンタルマンタル,牡2,56,01088,川田将雅,1:33.8,,7-4,34.8,2.7,1,490(0),01117,[西]高野友和,415800,社台レースホース,"7,121.8",,,,,,,,,,,"(6,*17)-(5,9)(8,10)(3,7,13,15)(2,11)(4,12)(1,16,14)",7,4,3.5,False,"17,6,5(3,8,9,10)(15,14)(7,13,12)(2,11)(4,16)1",4,4,3.0,False,-9,開催6日目でAコース6日目。土曜から風が強くなり、差し・追込にかなり有利なコンディションへと変化した。イン有利は変わらず。
202309050611,11,第75回朝日フューチュリティ(GI),芝,1600,晴,良,15:40,2023-12-17,阪神,2,1,1,2021101436,エコロヴァルツ,牡2,56,00666,武豊,1:33.9,1.1/4,15-17,34.1,10.0,4,492(+14),01113,[西]牧浦充徳,783033,原村正紀,"2,834.8",,,,,,,,,,,"(6,*17)-(5,9)(8,10)(3,7,13,15)(2,11)(4,12)(1,16,14)",15,3,3.5,False,"17,6,5(3,8,9,10)(15,14)(7,13,12)(2,11)(4,16)1",17,1,3.0,False,-9,開催6日目でAコース6日目。土曜から風が強くなり、差し・追込にかなり有利なコンディションへと変化した。イン有利は変わらず。
202309050611,11,第75回朝日フューチュリティ(GI),芝,1600,晴,良,15:40,2023-12-17,阪神,3,3,5,2021106550,タガノエルピーダ,牝2,55,01180,団野大成,1:34.0,クビ,3-3,35.2,13.2,5,438(-2),01151,[西]斉藤崇史,859002,八木良司,"1,817.4",,,,,,,,,,,"(6,*17)-(5,9)(8,10)(3,7,13,15)(2,11)(4,12)(1,16,14)",3,2,3.5,False,"17,6,5(3,8,9,10)(15,14)(7,13,12)(2,11)(4,16)1",3,1,3.0,False,-9,開催6日目でAコース6日目。土曜から風が強くなり、差し・追込にかなり有利なコンディションへと変化した。イン有利は変わらず。
202309050611,11,第75回朝日フューチュリティ(GI),芝,1600,晴,良,15:40,2023-12-17,阪神,4,7,14,2021100913,ジューンテイク,牡2,56,05212,Ｍ．デム,1:34.0,アタマ,15-8,34.9,112.4,11,482(-2),01161,[西]武英智,017803,吉川潤,"1,100.0",,,,,,,,,,,"(6,*17)-(5,9)(8,10)(3,7,13,15)(2,11)(4,12)(1,16,14)",15,3,3.5,False,"17,6,5(3,8,9,10)(15,14)(7,13,12)(2,11)(4,16)1",8,2,3.0,False,-9,開催6日目でAコース6日目。土曜から風が強くなり、差し・追込にかなり有利なコンディションへと変化した。イン有利は変わらず。
202309050611,11,第75回朝日フューチュリティ(GI),芝,1600,晴,良,15:40,2023-12-17,阪神,5,6,12,2021106548,タガノデュード,牡2,56,01015,古川吉洋,1:34.1,1/2,13-10,34.9,189.5,15,480(-6),01018,[西]宮徹,859002,八木良司,700.0,,,,,,,,,,,"(6,*17)-(5,9)(8,10)(3,7,13,15)(2,11)(4,12)(1,16,14)",13,2,3.5,False,"17,6,5(3,8,9,10)(15,14)(7,13,12)(2,11)(4,16)1",10,3,3.0,False,-9,開催6日目でAコース6日目。土曜から風が強くなり、差し・追込にかなり有利なコンディションへと変化した。イン有利は変わらず。
202309050611,11,第75回朝日フューチュリティ(GI),芝,1600,晴,良,15:40,2023-12-17,阪神,6,2,4,2021101429,サトミノキラリ,牡2,56,01092,津村明秀,1:34.2,3/4,13-15,34.6,116.0,13,456(+2),01026,[東]鈴木伸尋,425031,田代洋己,,,,,,,,,,,,"(6,*17)-(5,9)(8,10)(3,7,13,15)(2,11)(4,12)(1,16,14)",13,2,3.5,False,"17,6,5(3,8,9,10)(15,14)(7,13,12)(2,11)(4,16)1",15,2,3.0,False,-9,開催6日目でAコース6日目。土曜から風が強くなり、差し・追込にかなり有利なコンディションへと変化した。イン有利は変わらず。
202309050611,11,第75回朝日フューチュリティ(GI),芝,1600,晴,良,15:40,2023-12-17,阪神,7,3,6,2021104405,セットアップ,牡2,56,01170,横山武史,1:34.3,1/2,2-2,35.7,15.6,6,488(+14),01097,[東]鹿戸雄一,399009,嶋田賢,,,,,,,,,,,,"(6,*17)-(5,9)(8,10)(3,7,13,15)(2,11)(4,12)(1,16,14)",2,2,0.0,False,"17,6,5(3,8,9,10)(15,14)(7,13,12)(2,11)(4,16)1",2,1,1.5,False,-9,開催6日目でAコース6日目。土曜から風が強くなり、差し・追込にかなり有利なコンディションへと変化した。イン有利は変わらず。
202309050611,11,第75回朝日フューチュリティ(GI),芝,1600,晴,良,15:40,2023-12-17,阪神,8,4,8,2021105774,ダノンマッキンリー,牡2,56,05339,ルメール,1:34.3,ハナ,5-4,35.3,5.1,3,468(+4),01055,[西]藤原英昭,619800,ダノックス,,,,,,,,,,,,"(6,*17)-(5,9)(8,10)(3,7,13,15)(2,11)(4,12)(1,16,14)",5,2,3.5,False,"17,6,5(3,8,9,10)(15,14)(7,13,12)(2,11)(4,16)1",4,4,3.0,False,-9,開催6日目でAコース6日目。土曜から風が強くなり、差し・追込にかなり有利なコンディションへと変化した。イン有利は変わらず。
202309050611,11,第75回朝日フューチュリティ(GI),芝,1600,晴,良,15:40,2023-12-17,阪神,9,6,11,2021103171,タイキヴァンクール,牡2,56,01115,浜中俊,1:34.4,1/2,11-13,34.9,232.4,17,506(-4),01069,[西]中尾秀正,536800,大樹ファーム,,,,,,,,,,,,"(6,*17)-(5,9)(8,10)(3,7,13,15)(2,11)(4,12)(1,16,14)",11,2,3.5,False,"17,6,5(3,8,9,10)(15,14)(7,13,12)(2,11)(4,16)1",13,2,3.0,False,-9,開催6日目でAコース6日目。土曜から風が強くなり、差し・追込にかなり有利なコンディションへと変化した。イン有利は変わらず。
202309050611,11,第75回朝日フューチュリティ(GI),芝,1600,晴,良,15:40,2023-12-17,阪神,10,8,17,2021105744,シュトラウス,牡2,56,05626,マーカン,1:34.6,1,1-1,36.2,3.9,2,510(-10),01147,[東]武井亮,486800,キャロットファーム,,,,,,,,,,,,"(6,*17)-(5,9)(8,10)(3,7,13,15)(2,11)(4,12)(1,16,14)",1,2,0.0,True,"17,6,5(3,8,9,10)(15,14)(7,13,12)(2,11)(4,16)1",1,1,0.0,False,-9,開催6日目でAコース6日目。土曜から風が強くなり、差し・追込にかなり有利なコンディションへと変化した。イン有利は変わらず。
202309050611,11,第75回朝日フューチュリティ(GI),芝,1600,晴,良,15:40,2023-12-17,阪神,11,7,13,2021102510,ナムラフッカー,牡2,56,01126,松山弘平,1:34.7,1/2,7-10,35.4,89.8,10,468(0),01107,[西]村山明,972002,奈村睦弘,,,,,,,,,,,,"(6,*17)-(5,9)(8,10)(3,7,13,15)(2,11)(4,12)(1,16,14)",7,4,3.5,False,"17,6,5(3,8,9,10)(15,14)(7,13,12)(2,11)(4,16)1",10,3,3.0,False,-9,開催6日目でAコース6日目。土曜から風が強くなり、差し・追込にかなり有利なコンディションへと変化した。イン有利は変わらず。
202309050611,11,第75回朝日フューチュリティ(GI),芝,1600,晴,良,15:40,2023-12-17,阪神,12,5,10,2021102461,バンドシェル,牡2,56,01032,池添謙一,1:34.7,ハナ,5-4,35.7,114.8,12,464(+4),01148,[西]西村真幸,431002,馬場幸夫,,,,,,,,,,,,"(6,*17)-(5,9)(8,10)(3,7,13,15)(2,11)(4,12)(1,16,14)",5,2,3.5,False,"17,6,5(3,8,9,10)(15,14)(7,13,12)(2,11)(4,16)1",4,4,3.0,False,-9,開催6日目でAコース6日目。土曜から風が強くなり、差し・追込にかなり有利なコンディションへと変化した。イン有利は変わらず。
202309050611,11,第75回朝日フューチュリティ(GI),芝,1600,晴,良,15:40,2023-12-17,阪神,13,8,15,2021101737,エンヤラヴフェイス,牡2,56,00732,幸英明,1:34.7,クビ,7-8,35.6,52.9,8,488(+6),01142,[西]森田直行,874033,ＳＴレーシング,,,,,,,,,,,,"(6,*17)-(5,9)(8,10)(3,7,13,15)(2,11)(4,12)(1,16,14)",7,4,3.5,False,"17,6,5(3,8,9,10)(15,14)(7,13,12)(2,11)(4,16)1",8,2,3.0,False,-9,開催6日目でAコース6日目。土曜から風が強くなり、差し・追込にかなり有利なコンディションへと変化した。イン有利は変わらず。
202309050611,11,第75回朝日フューチュリティ(GI),芝,1600,晴,良,15:40,2023-12-17,阪神,14,4,7,2021100557,オーサムストローク,牡2,56,01163,坂井瑠星,1:34.8,クビ,7-10,35.6,21.5,7,440(-4),01023,[東]伊藤圭三,542800,ライオンレースホース,,,,,,,,,,,,"(6,*17)-(5,9)(8,10)(3,7,13,15)(2,11)(4,12)(1,16,14)",7,4,3.5,False,"17,6,5(3,8,9,10)(15,14)(7,13,12)(2,11)(4,16)1",10,3,3.0,False,-9,開催6日目でAコース6日目。土曜から風が強くなり、差し・追込にかなり有利なコンディションへと変化した。イン有利は変わらず。
202309050611,11,第75回朝日フューチュリティ(GI),芝,1600,晴,良,15:40,2023-12-17,阪神,15,8,16,2021102315,アスクワンタイム,牡2,56,01174,岩田望来,1:35.0,1,15-15,35.4,222.8,16,458(+6),01084,[西]梅田智之,539002,廣崎利洋,,,,,,,,,,,,"(6,*17)-(5,9)(8,10)(3,7,13,15)(2,11)(4,12)(1,16,14)",15,3,3.5,False,"17,6,5(3,8,9,10)(15,14)(7,13,12)(2,11)(4,16)1",15,2,3.0,False,-9,開催6日目でAコース6日目。土曜から風が強くなり、差し・追込にかなり有利なコンディションへと変化した。イン有利は変わらず。
202309050611,11,第75回朝日フューチュリティ(GI),芝,1600,晴,良,15:40,2023-12-17,阪神,16,5,9,2021101651,クリーンエア,牡2,56,01157,鮫島克駿,1:35.0,ハナ,3-4,36.0,134.8,14,470(+6),00423,[東]上原博之,003060,ゴドルフィン,,,,,,,,,,,,"(6,*17)-(5,9)(8,10)(3,7,13,15)(2,11)(4,12)(1,16,14)",3,2,3.5,False,"17,6,5(3,8,9,10)(15,14)(7,13,12)(2,11)(4,16)1",4,4,3.0,False,-9,開催6日目でAコース6日目。土曜から風が強くなり、差し・追込にかなり有利なコンディションへと変化した。イン有利は変わらず。
202309050611,11,第75回朝日フューチュリティ(GI),芝,1600,晴,良,15:40,2023-12-17,阪神,17,1,2,2021105771,ミルテンベルク,牡2,56,05627,ムルザバ,1:35.1,3/4,11-13,35.7,85.9,9,476(0),01161,[西]武英智,486800,キャロットファーム,,,,,,,,,,,,"(6,*17)-(5,9)(8,10)(3,7,13,15)(2,11)(4,12)(1,16,14)",11,2,3.5,False,"17,6,5(3,8,9,10)(15,14)(7,13,12)(2,11)(4,16)1",13,2,3.0,False,-9,開催6日目でAコース6日目。土曜から風が強くなり、差し・追込にかなり有利なコンディションへと変化した。イン有利は変わらず。
202309050612,12,御影S(3勝),ダ,1400,晴,稍重,16:20,2023-12-17,阪神,1,6,11,2020101547,エンペラーワケア,牡3,57,01088,川田将雅,1:23.4,,3-2,37.2,1.5,1,534(+4),01157,[西]杉山晴紀,909006,草間庸文,"1,877.8",,,,,,,,,,,"4,15(3,11)-(7,9)(6,8)(10,16)5(1,12)-(14,13)2",3,2,1.5,False,"(*15,11)(4,3)9-(7,16)(6,8,12)(10,1)(14,13)5,2",2,2,0.0,False,-3,
202309050612,12,御影S(3勝),ダ,1400,晴,稍重,16:20,2023-12-17,阪神,2,8,15,2019106575,サトノルフィアン,牡4,58,01163,坂井瑠星,1:24.0,3.1/2,2-1,38.0,14.3,5,520(+12),01135,[西]高橋康之,790031,里見治,750.8,,,,,,,,,,,"4,15(3,11)-(7,9)(6,8)(10,16)5(1,12)-(14,13)2",2,1,1.5,False,"(*15,11)(4,3)9-(7,16)(6,8,12)(10,1)(14,13)5,2",1,2,0.0,True,-3,
202309050612,12,御影S(3勝),ダ,1400,晴,稍重,16:20,2023-12-17,阪神,3,5,9,2019106699,モズリッキー,牡4,58,01126,松山弘平,1:24.1,クビ,5-5,37.5,7.5,3,472(0),01168,[西]上村洋行,005803,キャピタル・システム,465.4,,,,,,,,,,,"4,15(3,11)-(7,9)(6,8)(10,16)5(1,12)-(14,13)2",5,2,5.0,False,"(*15,11)(4,3)9-(7,16)(6,8,12)(10,1)(14,13)5,2",5,1,0.0,False,-3,
202309050612,12,御影S(3勝),ダ,1400,晴,稍重,16:20,2023-12-17,阪神,4,7,14,2019110040,ウラヤ,牡4,58,01180,団野大成,1:24.7,3.1/2,14-13,37.0,60.8,9,472(-6),01098,[西]野中賢二,003060,ゴドルフィン,280.0,,,,,,,,,,,"4,15(3,11)-(7,9)(6,8)(10,16)5(1,12)-(14,13)2",14,2,8.5,False,"(*15,11)(4,3)9-(7,16)(6,8,12)(10,1)(14,13)5,2",13,2,3.5,False,-3,
202309050612,12,御影S(3勝),ダ,1400,晴,稍重,16:20,2023-12-17,阪神,5,7,13,2018104481,ヴアーサ,牡5,58,01170,横山武史,1:24.9,1.1/2,14-13,37.1,13.2,4,466(+4),01046,[西]鮫島一歩,694008,本間茂,184.0,,,,,,,,,,,"4,15(3,11)-(7,9)(6,8)(10,16)5(1,12)-(14,13)2",14,2,8.5,False,"(*15,11)(4,3)9-(7,16)(6,8,12)(10,1)(14,13)5,2",13,2,3.5,False,-3,
202309050612,12,御影S(3勝),ダ,1400,晴,稍重,16:20,2023-12-17,阪神,6,8,16,2019101975,ナムラフランク,牡4,58,05212,Ｍ．デム,1:25.1,3/4,9-6,37.9,20.6,6,504(-2),01111,[西]鈴木孝志,972002,奈村睦弘,,,,,,,,,,,,"4,15(3,11)-(7,9)(6,8)(10,16)5(1,12)-(14,13)2",9,2,5.0,False,"(*15,11)(4,3)9-(7,16)(6,8,12)(10,1)(14,13)5,2",6,2,3.5,False,-3,
202309050612,12,御影S(3勝),ダ,1400,晴,稍重,16:20,2023-12-17,阪神,7,6,12,2018103738,ミラバーグマン,牝5,56,01032,池添謙一,1:25.2,1.1/4,12-8,37.8,304.4,14,452(-5),01148,[西]西村真幸,123031,宮崎俊也,,,,,,,,,,,,"4,15(3,11)-(7,9)(6,8)(10,16)5(1,12)-(14,13)2",12,2,5.0,False,"(*15,11)(4,3)9-(7,16)(6,8,12)(10,1)(14,13)5,2",8,3,3.5,False,-3,
202309050612,12,御影S(3勝),ダ,1400,晴,稍重,16:20,2023-12-17,阪神,8,2,3,2019101907,スプラウティング,牡4,58,05627,ムルザバ,1:25.3,クビ,3-3,39.1,5.8,2,518(+6),01028,[西]西園正都,003060,ゴドルフィン,,,,,,,,,,,,"4,15(3,11)-(7,9)(6,8)(10,16)5(1,12)-(14,13)2",3,2,1.5,False,"(*15,11)(4,3)9-(7,16)(6,8,12)(10,1)(14,13)5,2",3,2,0.0,False,-3,
202309050612,12,御影S(3勝),ダ,1400,晴,稍重,16:20,2023-12-17,阪神,9,4,8,2012100683,マイネルプロンプト,セ11,58,01208,田口貫太,1:25.4,3/4,7-8,38.3,107.7,10,482(+2),01170,[西]坂口智康,684030,岡田壮史,,,,,,,,,,,,"4,15(3,11)-(7,9)(6,8)(10,16)5(1,12)-(14,13)2",7,2,5.0,False,"(*15,11)(4,3)9-(7,16)(6,8,12)(10,1)(14,13)5,2",8,3,3.5,False,-3,
202309050612,12,御影S(3勝),ダ,1400,晴,稍重,16:20,2023-12-17,阪神,10,4,7,2019103586,ギャラクシーナイト,牡4,58,01092,津村明秀,1:25.5,クビ,5-6,38.6,288.4,12,508(+6),01115,[東]菊沢隆徳,542800,ライオンレースホース,,,,,,,,,,,,"4,15(3,11)-(7,9)(6,8)(10,16)5(1,12)-(14,13)2",5,2,5.0,False,"(*15,11)(4,3)9-(7,16)(6,8,12)(10,1)(14,13)5,2",6,2,3.5,False,-3,
202309050612,12,御影S(3勝),ダ,1400,晴,稍重,16:20,2023-12-17,阪神,11,5,10,2018102372,ランドボルケーノ,牡5,58,01015,古川吉洋,1:25.9,2.1/2,9-11,38.6,413.1,15,492(+2),01042,[西]安達昭夫,862009,木村昌三,,,,,,,,,,,,"4,15(3,11)-(7,9)(6,8)(10,16)5(1,12)-(14,13)2",9,2,5.0,False,"(*15,11)(4,3)9-(7,16)(6,8,12)(10,1)(14,13)5,2",11,2,3.5,False,-3,
202309050612,12,御影S(3勝),ダ,1400,晴,稍重,16:20,2023-12-17,阪神,12,1,2,2019103971,クレスコジョケツ,牝4,56,01138,藤懸貴志,1:26.2,1.3/4,16-16,38.2,443.4,16,470(-6),01033,[西]木原一良,143007,堀川三郎,,,,,,,,,,,,"4,15(3,11)-(7,9)(6,8)(10,16)5(1,12)-(14,13)2",16,1,8.5,False,"(*15,11)(4,3)9-(7,16)(6,8,12)(10,1)(14,13)5,2",16,1,5.0,False,-3,
202309050612,12,御影S(3勝),ダ,1400,晴,稍重,16:20,2023-12-17,阪神,13,1,1,2019101778,スマートムーラン,牝4,56,00666,武豊,1:26.5,1.3/4,12-11,39.1,22.5,7,466(-2),01058,[西]大久保龍,007803,大川徹,,,,,,,,,,,,"4,15(3,11)-(7,9)(6,8)(10,16)5(1,12)-(14,13)2",12,2,5.0,False,"(*15,11)(4,3)9-(7,16)(6,8,12)(10,1)(14,13)5,2",11,2,3.5,False,-3,
202309050612,12,御影S(3勝),ダ,1400,晴,稍重,16:20,2023-12-17,阪神,14,3,6,2019104496,ストームゾーン,牡4,58,01157,鮫島克駿,1:26.6,3/4,7-8,39.6,299.5,13,528(+10),01168,[西]上村洋行,808800,Ｇ１レーシング,,,,,,,,,,,,"4,15(3,11)-(7,9)(6,8)(10,16)5(1,12)-(14,13)2",7,2,5.0,False,"(*15,11)(4,3)9-(7,16)(6,8,12)(10,1)(14,13)5,2",8,3,3.5,False,-3,
202309050612,12,御影S(3勝),ダ,1400,晴,稍重,16:20,2023-12-17,阪神,15,3,5,2017100403,プライムライン,セ6,58,05626,マーカン,1:26.9,2,11-15,39.4,47.1,8,464(+8),01180,[西]田中克典,553800,広尾レース,,,,,,,,,,,,"4,15(3,11)-(7,9)(6,8)(10,16)5(1,12)-(14,13)2",11,1,5.0,False,"(*15,11)(4,3)9-(7,16)(6,8,12)(10,1)(14,13)5,2",15,1,3.5,False,-3,
202309050612,12,御影S(3勝),ダ,1400,晴,稍重,16:20,2023-12-17,阪神,16,2,4,2018100700,スカーレットスカイ,牝5,56,00732,幸英明,1:30.8,大,1-3,44.9,160.3,11,482(-6),01066,[西]岡田稲男,003060,ゴドルフィン,,,,,,,,,,,,"4,15(3,11)-(7,9)(6,8)(10,16)5(1,12)-(14,13)2",1,1,0.0,False,"(*15,11)(4,3)9-(7,16)(6,8,12)(10,1)(14,13)5,2",3,2,0.0,False,-3,
202307040601,1,2歳未勝利,ダ,1800,晴,稍重,09:50,2023-12-17,中京,1,2,3,2021100292,パフ,牡2,56,01171,西村淳也,1:54.6,,2-2-2-2,38.4,14.2,5,466(0),01154,[西]橋口慎介,788800,ノースヒルズ,550.0,"6,3,8(1,4,12)(7,5,15)(2,9,16)-(11,10,14)-13",2,1,1.5,False,"6,3(1,8)(4,12)(7,5,15)(2,9,16)14(11,10)-13",2,1,1.5,False,"(*6,3)(1,8,12)(4,15)(7,5,16)(2,9,14)(11,10)-13",2,2,0.0,False,"(*6,3)(1,8)4,15(7,5,16)12,2(11,9,14)10-13",2,2,0.0,False,0,
202307040601,1,2歳未勝利,ダ,1800,晴,稍重,09:50,2023-12-17,中京,2,1,1,2021100238,ケロシンドリームズ,牡2,56,01122,三浦皇成,1:55.3,4,4-3-3-3,38.9,8.5,4,518(-2),01172,[西]新谷功一,138007,吉田和美,220.0,"6,3,8(1,4,12)(7,5,15)(2,9,16)-(11,10,14)-13",4,3,3.0,False,"6,3(1,8)(4,12)(7,5,15)(2,9,16)14(11,10)-13",3,2,1.5,False,"(*6,3)(1,8,12)(4,15)(7,5,16)(2,9,14)(11,10)-13",3,3,0.0,False,"(*6,3)(1,8)4,15(7,5,16)12,2(11,9,14)10-13",3,2,0.0,False,0,
202307040601,1,2歳未勝利,ダ,1800,晴,稍重,09:50,2023-12-17,中京,3,4,8,2021110156,ドゥータップ,牡2,56,05625,ドイル,1:55.5,1.1/4,3-3-3-3,39.2,1.7,1,498(-2),01055,[西]藤原英昭,766800,グリーンフィールズ,140.0,"6,3,8(1,4,12)(7,5,15)(2,9,16)-(11,10,14)-13",3,1,3.0,False,"6,3(1,8)(4,12)(7,5,15)(2,9,16)14(11,10)-13",3,2,1.5,False,"(*6,3)(1,8,12)(4,15)(7,5,16)(2,9,14)(11,10)-13",3,3,0.0,False,"(*6,3)(1,8)4,15(7,5,16)12,2(11,9,14)10-13",3,2,0.0,False,0,
202307040601,1,2歳未勝利,ダ,1800,晴,稍重,09:50,2023-12-17,中京,4,3,5,2021104557,キタノハヤブサ,牡2,56,01133,水口優也,1:55.9,2.1/2,7-7-8-7,39.2,50.1,8,468(0),01101,[西]吉田直弘,163002,北所直人,83.0,"6,3,8(1,4,12)(7,5,15)(2,9,16)-(11,10,14)-13",7,3,3.0,False,"6,3(1,8)(4,12)(7,5,15)(2,9,16)14(11,10)-13",7,3,1.5,False,"(*6,3)(1,8,12)(4,15)(7,5,16)(2,9,14)(11,10)-13",8,3,0.0,False,"(*6,3)(1,8)4,15(7,5,16)12,2(11,9,14)10-13",7,3,1.5,False,0,
202307040601,1,2歳未勝利,ダ,1800,晴,稍重,09:50,2023-12-17,中京,5,1,2,2021100480,アンドゥーラ,牡2,53,01187,永島まな,1:56.2,2,10-10-11-11,39.1,14.2,6,474(-4),01105,[西]須貝尚介,053803,杉山忠国,55.0,"6,3,8(1,4,12)(7,5,15)(2,9,16)-(11,10,14)-13",10,3,3.0,False,"6,3(1,8)(4,12)(7,5,15)(2,9,16)14(11,10)-13",10,3,1.5,False,"(*6,3)(1,8,12)(4,15)(7,5,16)(2,9,14)(11,10)-13",11,3,0.0,False,"(*6,3)(1,8)4,15(7,5,16)12,2(11,9,14)10-13",11,1,3.0,False,0,
202307040601,1,2歳未勝利,ダ,1800,晴,稍重,09:50,2023-12-17,中京,6,2,4,2021101469,メイショウタダカツ,牡2,56,01156,加藤祥太,1:56.5,1.3/4,4-5-6-5,40.0,64.9,9,440(-4),01087,[西]庄野靖志,523005,松本好雄,,"6,3,8(1,4,12)(7,5,15)(2,9,16)-(11,10,14)-13",4,3,3.0,False,"6,3(1,8)(4,12)(7,5,15)(2,9,16)14(11,10)-13",5,2,1.5,False,"(*6,3)(1,8,12)(4,15)(7,5,16)(2,9,14)(11,10)-13",6,2,0.0,False,"(*6,3)(1,8)4,15(7,5,16)12,2(11,9,14)10-13",5,1,0.0,False,0,
202307040601,1,2歳未勝利,ダ,1800,晴,稍重,09:50,2023-12-17,中京,7,3,6,2021106191,コパノマイアミ,牝2,55,01116,藤岡康太,1:56.5,ハナ,1-1-1-1,40.3,18.4,7,468(0),01018,[西]宮徹,966007,小林祥晃,,"6,3,8(1,4,12)(7,5,15)(2,9,16)-(11,10,14)-13",1,1,0.0,False,"6,3(1,8)(4,12)(7,5,15)(2,9,16)14(11,10)-13",1,1,0.0,False,"(*6,3)(1,8,12)(4,15)(7,5,16)(2,9,14)(11,10)-13",1,2,0.0,True,"(*6,3)(1,8)4,15(7,5,16)12,2(11,9,14)10-13",1,2,0.0,True,0,
202307040601,1,2歳未勝利,ダ,1800,晴,稍重,09:50,2023-12-17,中京,8,8,16,2021100620,グランオース,牡2,55,01186,角田大和,1:56.6,1/2,10-10-8-7,39.8,8.2,3,508(0),01121,[西]角田晃一,331700,グランホース,,"6,3,8(1,4,12)(7,5,15)(2,9,16)-(11,10,14)-13",10,3,3.0,False,"6,3(1,8)(4,12)(7,5,15)(2,9,16)14(11,10)-13",10,3,1.5,False,"(*6,3)(1,8,12)(4,15)(7,5,16)(2,9,14)(11,10)-13",8,3,0.0,False,"(*6,3)(1,8)4,15(7,5,16)12,2(11,9,14)10-13",7,3,1.5,False,0,
202307040601,1,2歳未勝利,ダ,1800,晴,稍重,09:50,2023-12-17,中京,9,8,15,2021101157,ゲンヨウサイ,牡2,55,01197,佐々木大,1:57.3,4,7-7-6-6,40.8,7.7,2,478(-2),01196,[西]西園翔太,646030,中辻明,,"6,3,8(1,4,12)(7,5,15)(2,9,16)-(11,10,14)-13",7,3,3.0,False,"6,3(1,8)(4,12)(7,5,15)(2,9,16)14(11,10)-13",7,3,1.5,False,"(*6,3)(1,8,12)(4,15)(7,5,16)(2,9,14)(11,10)-13",6,2,0.0,False,"(*6,3)(1,8)4,15(7,5,16)12,2(11,9,14)10-13",6,1,1.5,False,0,
202307040601,1,2歳未勝利,ダ,1800,晴,稍重,09:50,2023-12-17,中京,10,7,13,2021101625,ワンウェイ,牡2,53,01205,小林勝太,1:57.6,2,16-16-16-16,39.7,403.4,14,534(+14),01182,[東]辻哲英,003060,ゴドルフィン,,"6,3,8(1,4,12)(7,5,15)(2,9,16)-(11,10,14)-13",16,1,10.0,False,"6,3(1,8)(4,12)(7,5,15)(2,9,16)14(11,10)-13",16,1,5.0,False,"(*6,3)(1,8,12)(4,15)(7,5,16)(2,9,14)(11,10)-13",16,1,3.5,False,"(*6,3)(1,8)4,15(7,5,16)12,2(11,9,14)10-13",16,1,6.5,False,0,
202307040601,1,2歳未勝利,ダ,1800,晴,稍重,09:50,2023-12-17,中京,11,5,10,2021106719,サンデーダイヤ,牡2,56,01178,斎藤新,1:57.7,クビ,13-14-14-15,40.3,408.0,15,492(0),01086,[東]斎藤誠,209031,山口雄司,,"6,3,8(1,4,12)(7,5,15)(2,9,16)-(11,10,14)-13",13,3,6.5,False,"6,3(1,8)(4,12)(7,5,15)(2,9,16)14(11,10)-13",14,2,1.5,False,"(*6,3)(1,8,12)(4,15)(7,5,16)(2,9,14)(11,10)-13",14,2,0.0,False,"(*6,3)(1,8)4,15(7,5,16)12,2(11,9,14)10-13",15,1,3.0,False,0,
202307040601,1,2歳未勝利,ダ,1800,晴,稍重,09:50,2023-12-17,中京,12,6,11,2021105841,メイケイアリッサム,牝2,54,01185,小沢大仁,1:57.8,3/4,13-14-14-12,40.3,284.8,12,444(+4),01039,[西]中竹和也,004800,名古屋競馬,,"6,3,8(1,4,12)(7,5,15)(2,9,16)-(11,10,14)-13",13,3,6.5,False,"6,3(1,8)(4,12)(7,5,15)(2,9,16)14(11,10)-13",14,2,1.5,False,"(*6,3)(1,8,12)(4,15)(7,5,16)(2,9,14)(11,10)-13",14,2,0.0,False,"(*6,3)(1,8)4,15(7,5,16)12,2(11,9,14)10-13",12,3,3.0,False,0,
202307040601,1,2歳未勝利,ダ,1800,晴,稍重,09:50,2023-12-17,中京,13,4,7,2021100388,エレガントフルール,牝2,52,01195,川端海翼,1:57.8,クビ,7-7-8-7,41.1,523.6,16,438(-6),01091,[西]羽月友彦,055700,グリーンスウォード,,"6,3,8(1,4,12)(7,5,15)(2,9,16)-(11,10,14)-13",7,3,3.0,False,"6,3(1,8)(4,12)(7,5,15)(2,9,16)14(11,10)-13",7,3,1.5,False,"(*6,3)(1,8,12)(4,15)(7,5,16)(2,9,14)(11,10)-13",8,3,0.0,False,"(*6,3)(1,8)4,15(7,5,16)12,2(11,9,14)10-13",7,3,1.5,False,0,
202307040601,1,2歳未勝利,ダ,1800,晴,稍重,09:50,2023-12-17,中京,14,5,9,2021100273,テイエムボビーダン,牡2,56,01168,富田暁,1:58.3,3,10-10-11-12,41.1,361.5,13,512(-10),01033,[西]木原一良,356002,竹園正繼,,"6,3,8(1,4,12)(7,5,15)(2,9,16)-(11,10,14)-13",10,3,3.0,False,"6,3(1,8)(4,12)(7,5,15)(2,9,16)14(11,10)-13",10,3,1.5,False,"(*6,3)(1,8,12)(4,15)(7,5,16)(2,9,14)(11,10)-13",11,3,0.0,False,"(*6,3)(1,8)4,15(7,5,16)12,2(11,9,14)10-13",12,3,3.0,False,0,
202307040601,1,2歳未勝利,ダ,1800,晴,稍重,09:50,2023-12-17,中京,15,7,14,2021103972,ヤルキゲンキフトシ,牡2,56,00894,小牧太,1:58.7,2.1/2,13-13-11-12,41.6,239.2,11,496(0),01104,[西]笹田和秀,914031,伊藤永二郎,,"6,3,8(1,4,12)(7,5,15)(2,9,16)-(11,10,14)-13",13,3,6.5,False,"6,3(1,8)(4,12)(7,5,15)(2,9,16)14(11,10)-13",13,1,1.5,False,"(*6,3)(1,8,12)(4,15)(7,5,16)(2,9,14)(11,10)-13",11,3,0.0,False,"(*6,3)(1,8)4,15(7,5,16)12,2(11,9,14)10-13",12,3,3.0,False,0,
202307040601,1,2歳未勝利,ダ,1800,晴,稍重,09:50,2023-12-17,中京,16,6,12,2021106765,ラディアントホース,牝2,54,01199,角田大河,2:00.1,8,4-5-3-10,43.7,152.3,10,472(+2),01132,[東]金成貴史,546800,サラブレッドクラブ・...,,"6,3,8(1,4,12)(7,5,15)(2,9,16)-(11,10,14)-13",4,3,3.0,False,"6,3(1,8)(4,12)(7,5,15)(2,9,16)14(11,10)-13",5,2,1.5,False,"(*6,3)(1,8,12)(4,15)(7,5,16)(2,9,14)(11,10)-13",3,3,0.0,False,"(*6,3)(1,8)4,15(7,5,16)12,2(11,9,14)10-13",10,1,1.5,False,0,
202307040602,2,3歳以上1勝クラス,ダ,1900,晴,稍重,10:15,2023-12-17,中京,1,7,12,2019103309,カフェカルマ,牡4,58,05625,ドイル,2:01.5,,7-7-8-8,39.1,9.0,5,542(+2),01079,[東]古賀慎明,629007,西川光一,800.0,"7-6,9,2(10,14)-(4,12)8-(11,15)(1,5)3,13",7,2,10.0,False,"(*7,9)6(2,10,14)-(4,8,12)-(11,15)5,1,3,13",7,3,3.5,False,"(*7,9)14(2,6)(8,10)(11,12)(4,15)5(1,3)13",8,2,0.0,False,"7,9(2,6,14)(8,10)(11,12)(4,15)5(1,13,3)",8,2,1.5,False,0,
202307040602,2,3歳以上1勝クラス,ダ,1900,晴,稍重,10:15,2023-12-17,中京,2,5,8,2020102724,クールブロン,牡3,57,01171,西村淳也,2:01.6,1/2,9-7-6-6,39.4,18.1,8,530(0),01160,[西]武幸四郎,486800,キャロットファーム,320.0,"7-6,9,2(10,14)-(4,12)8-(11,15)(1,5)3,13",9,1,10.0,False,"(*7,9)6(2,10,14)-(4,8,12)-(11,15)5,1,3,13",7,3,3.5,False,"(*7,9)14(2,6)(8,10)(11,12)(4,15)5(1,3)13",6,2,0.0,False,"7,9(2,6,14)(8,10)(11,12)(4,15)5(1,13,3)",6,2,1.5,False,0,
202307040602,2,3歳以上1勝クラス,ダ,1900,晴,稍重,10:15,2023-12-17,中京,3,7,13,2018104738,コンテナジュニア,牡5,57,01185,小沢大仁,2:01.8,1,15-15-15-13,38.5,4.1,1,536(+10),01113,[西]牧浦充徳,836030,住谷孝一,200.0,"7-6,9,2(10,14)-(4,12)8-(11,15)(1,5)3,13",15,1,15.0,False,"(*7,9)6(2,10,14)-(4,8,12)-(11,15)5,1,3,13",15,1,11.5,False,"(*7,9)14(2,6)(8,10)(11,12)(4,15)5(1,3)13",15,1,0.0,False,"7,9(2,6,14)(8,10)(11,12)(4,15)5(1,13,3)",13,3,1.5,False,0,
202307040602,2,3歳以上1勝クラス,ダ,1900,晴,稍重,10:15,2023-12-17,中京,4,4,6,2020103404,バッジオレディネロ,牡3,57,01178,斎藤新,2:02.1,2,2-3-4-3,40.1,88.4,14,528(-10),01144,[西]池添学,226800,サンデーレーシング,120.0,"7-6,9,2(10,14)-(4,12)8-(11,15)(1,5)3,13",2,1,3.5,False,"(*7,9)6(2,10,14)-(4,8,12)-(11,15)5,1,3,13",3,1,0.0,False,"(*7,9)14(2,6)(8,10)(11,12)(4,15)5(1,3)13",4,2,0.0,False,"7,9(2,6,14)(8,10)(11,12)(4,15)5(1,13,3)",3,3,1.5,False,0,
202307040602,2,3歳以上1勝クラス,ダ,1900,晴,稍重,10:15,2023-12-17,中京,5,3,4,2020103001,キレナイカ,牡3,54,01187,永島まな,2:02.1,ハナ,7-7-10-10,39.5,6.6,3,530(+4),01105,[西]須貝尚介,708800,金子真人ホールディン...,80.0,"7-6,9,2(10,14)-(4,12)8-(11,15)(1,5)3,13",7,2,10.0,False,"(*7,9)6(2,10,14)-(4,8,12)-(11,15)5,1,3,13",7,3,3.5,False,"(*7,9)14(2,6)(8,10)(11,12)(4,15)5(1,3)13",10,2,0.0,False,"7,9(2,6,14)(8,10)(11,12)(4,15)5(1,13,3)",10,2,1.5,False,0,
202307040602,2,3歳以上1勝クラス,ダ,1900,晴,稍重,10:15,2023-12-17,中京,6,5,9,2020103045,マサハヤウォルズ,牡3,57,01154,松若風馬,2:02.2,3/4,3-2-2-2,40.4,10.2,6,472(+6),01128,[西]今野貞一,471033,中村政夫,,"7-6,9,2(10,14)-(4,12)8-(11,15)(1,5)3,13",3,1,5.0,False,"(*7,9)6(2,10,14)-(4,8,12)-(11,15)5,1,3,13",2,2,0.0,False,"(*7,9)14(2,6)(8,10)(11,12)(4,15)5(1,3)13",2,2,0.0,False,"7,9(2,6,14)(8,10)(11,12)(4,15)5(1,13,3)",2,1,1.5,False,0,
202307040602,2,3歳以上1勝クラス,ダ,1900,晴,稍重,10:15,2023-12-17,中京,7,2,2,2020105550,タガノフリューゲル,牡3,57,01122,三浦皇成,2:02.3,クビ,4-4-4-3,40.3,4.2,2,504(+8),01046,[西]鮫島一歩,859002,八木良司,,"7-6,9,2(10,14)-(4,12)8-(11,15)(1,5)3,13",4,1,6.5,False,"(*7,9)6(2,10,14)-(4,8,12)-(11,15)5,1,3,13",4,3,0.0,False,"(*7,9)14(2,6)(8,10)(11,12)(4,15)5(1,3)13",4,2,0.0,False,"7,9(2,6,14)(8,10)(11,12)(4,15)5(1,13,3)",3,3,1.5,False,0,
202307040602,2,3歳以上1勝クラス,ダ,1900,晴,稍重,10:15,2023-12-17,中京,8,2,3,2018104984,マンオブカレッジ,セ5,55,01205,小林勝太,2:02.3,クビ,14-14-13-13,39.2,7.8,4,538(+2),01092,[西]松永幹夫,358803,ホシノレーシング,,"7-6,9,2(10,14)-(4,12)8-(11,15)(1,5)3,13",14,1,13.5,False,"(*7,9)6(2,10,14)-(4,8,12)-(11,15)5,1,3,13",14,1,10.0,False,"(*7,9)14(2,6)(8,10)(11,12)(4,15)5(1,3)13",13,2,0.0,False,"7,9(2,6,14)(8,10)(11,12)(4,15)5(1,13,3)",13,3,1.5,False,0,
202307040602,2,3歳以上1勝クラス,ダ,1900,晴,稍重,10:15,2023-12-17,中京,9,1,1,2019104918,フェニックスループ,牡4,58,01168,富田暁,2:02.4,クビ,12-13-13-13,39.2,50.4,12,470(0),01082,[西]平田修,415800,社台レースホース,,"7-6,9,2(10,14)-(4,12)8-(11,15)(1,5)3,13",12,2,13.5,False,"(*7,9)6(2,10,14)-(4,8,12)-(11,15)5,1,3,13",13,1,8.5,False,"(*7,9)14(2,6)(8,10)(11,12)(4,15)5(1,3)13",13,2,0.0,False,"7,9(2,6,14)(8,10)(11,12)(4,15)5(1,13,3)",13,3,1.5,False,0,
202307040602,2,3歳以上1勝クラス,ダ,1900,晴,稍重,10:15,2023-12-17,中京,10,6,11,2020103754,アマートカヴァロ,牡3,57,01116,藤岡康太,2:02.4,ハナ,10-10-8-8,39.9,46.9,11,482(+14),01104,[西]笹田和秀,651031,猪又晶介,,"7-6,9,2(10,14)-(4,12)8-(11,15)(1,5)3,13",10,2,13.5,False,"(*7,9)6(2,10,14)-(4,8,12)-(11,15)5,1,3,13",10,2,7.0,False,"(*7,9)14(2,6)(8,10)(11,12)(4,15)5(1,3)13",8,2,0.0,False,"7,9(2,6,14)(8,10)(11,12)(4,15)5(1,13,3)",8,2,1.5,False,0,
202307040602,2,3歳以上1勝クラス,ダ,1900,晴,稍重,10:15,2023-12-17,中京,11,4,7,2020104375,ボルネオ,セ3,57,01133,水口優也,2:02.4,アタマ,1-1-1-1,40.7,53.1,13,492(+4),01041,[西]藤沢則雄,884800,高橋ファーム,,"7-6,9,2(10,14)-(4,12)8-(11,15)(1,5)3,13",1,1,0.0,False,"(*7,9)6(2,10,14)-(4,8,12)-(11,15)5,1,3,13",1,2,0.0,True,"(*7,9)14(2,6)(8,10)(11,12)(4,15)5(1,3)13",1,2,0.0,True,"7,9(2,6,14)(8,10)(11,12)(4,15)5(1,13,3)",1,1,0.0,False,0,
202307040602,2,3歳以上1勝クラス,ダ,1900,晴,稍重,10:15,2023-12-17,中京,12,8,14,2019104822,キングレガリア,セ4,57,01199,角田大河,2:02.8,2.1/2,5-4-3-3,40.9,14.2,7,534(-2),01172,[西]新谷功一,854800,ノルマンディーサラブ...,,"7-6,9,2(10,14)-(4,12)8-(11,15)(1,5)3,13",5,2,6.5,False,"(*7,9)6(2,10,14)-(4,8,12)-(11,15)5,1,3,13",4,3,0.0,False,"(*7,9)14(2,6)(8,10)(11,12)(4,15)5(1,3)13",3,1,0.0,False,"7,9(2,6,14)(8,10)(11,12)(4,15)5(1,13,3)",3,3,1.5,False,0,
202307040602,2,3歳以上1勝クラス,ダ,1900,晴,稍重,10:15,2023-12-17,中京,13,8,15,2020101756,アンクルブラック,牡3,57,01046,高田潤,2:02.9,1/2,10-10-10-10,40.2,29.4,10,476(+6),01136,[西]高橋亮,952006,塚本能交,,"7-6,9,2(10,14)-(4,12)8-(11,15)(1,5)3,13",10,2,13.5,False,"(*7,9)6(2,10,14)-(4,8,12)-(11,15)5,1,3,13",10,2,7.0,False,"(*7,9)14(2,6)(8,10)(11,12)(4,15)5(1,3)13",10,2,0.0,False,"7,9(2,6,14)(8,10)(11,12)(4,15)5(1,13,3)",10,2,1.5,False,0,
202307040602,2,3歳以上1勝クラス,ダ,1900,晴,稍重,10:15,2023-12-17,中京,14,3,5,2017102942,ワンダーアマルフィ,牡6,55,01195,川端海翼,2:03.0,クビ,12-12-12-12,40.1,308.1,15,498(0),01140,[西]石橋守,184033,山本能成,,"7-6,9,2(10,14)-(4,12)8-(11,15)(1,5)3,13",12,2,13.5,False,"(*7,9)6(2,10,14)-(4,8,12)-(11,15)5,1,3,13",12,1,7.0,False,"(*7,9)14(2,6)(8,10)(11,12)(4,15)5(1,3)13",12,1,0.0,False,"7,9(2,6,14)(8,10)(11,12)(4,15)5(1,13,3)",12,1,1.5,False,0,
202307040602,2,3歳以上1勝クラス,ダ,1900,晴,稍重,10:15,2023-12-17,中京,15,6,10,2019104646,アーバンデザイン,セ4,57,01197,佐々木大,2:05.0,大,5-4-6-6,42.8,18.6,9,516(0),01143,[東]和田雄二,415800,社台レースホース,,"7-6,9,2(10,14)-(4,12)8-(11,15)(1,5)3,13",5,2,6.5,False,"(*7,9)6(2,10,14)-(4,8,12)-(11,15)5,1,3,13",4,3,0.0,False,"(*7,9)14(2,6)(8,10)(11,12)(4,15)5(1,3)13",6,2,0.0,False,"7,9(2,6,14)(8,10)(11,12)(4,15)5(1,13,3)",6,2,1.5,False,0,
202307040603,3,3歳以上1勝クラス,ダ,1400,晴,稍重,10:45,2023-12-17,中京,1,7,13,2020106062,ジュンウィンダム,牝3,55,01171,西村淳也,1:24.9,,3-3,38.0,5.7,3,492(-2),01138,[西]浜田多実,615033,河合裕明,800.0,,,,,,,,,,,"1,8,13(2,3)(4,10,12)(5,15)(9,11)16(7,14)6",3,1,3.0,False,"1,8,13(2,3)(4,10,12)(5,15)(9,11)(7,16)14,6",3,1,3.0,False,-2,
202307040603,3,3歳以上1勝クラス,ダ,1400,晴,稍重,10:45,2023-12-17,中京,2,4,7,2019104579,キャンデセント,牡4,55,01200,西塚洸二,1:25.1,1,14-13,37.0,8.1,5,486(+4),01055,[西]藤原英昭,226800,サンデーレーシング,320.0,,,,,,,,,,,"1,8,13(2,3)(4,10,12)(5,15)(9,11)16(7,14)6",14,2,3.0,False,"1,8,13(2,3)(4,10,12)(5,15)(9,11)(7,16)14,6",13,2,3.0,False,-2,
202307040603,3,3歳以上1勝クラス,ダ,1400,晴,稍重,10:45,2023-12-17,中京,3,2,3,2019106520,スノーホルンロード,セ4,55,01187,永島まな,1:25.1,アタマ,4-4,38.0,6.7,4,506(-6),01080,[東]清水英克,399009,嶋田賢,200.0,,,,,,,,,,,"1,8,13(2,3)(4,10,12)(5,15)(9,11)16(7,14)6",4,2,3.0,False,"1,8,13(2,3)(4,10,12)(5,15)(9,11)(7,16)14,6",4,2,3.0,False,-2,
202307040603,3,3歳以上1勝クラス,ダ,1400,晴,稍重,10:45,2023-12-17,中京,4,8,15,2020102468,トーセンサウダージ,牡3,56,01197,佐々木大,1:25.3,1.1/2,9-9,37.7,5.7,2,510(-2),01008,[東]杉浦宏昭,270006,島川隆哉,120.0,,,,,,,,,,,"1,8,13(2,3)(4,10,12)(5,15)(9,11)16(7,14)6",9,2,3.0,False,"1,8,13(2,3)(4,10,12)(5,15)(9,11)(7,16)14,6",9,2,3.0,False,-2,
202307040603,3,3歳以上1勝クラス,ダ,1400,晴,稍重,10:45,2023-12-17,中京,5,6,11,2019104548,イスラグランデ,セ4,58,01168,富田暁,1:25.4,クビ,11-11,37.6,37.7,7,526(-6),01028,[西]西園正都,415800,社台レースホース,80.0,,,,,,,,,,,"1,8,13(2,3)(4,10,12)(5,15)(9,11)16(7,14)6",11,2,3.0,False,"1,8,13(2,3)(4,10,12)(5,15)(9,11)(7,16)14,6",11,2,3.0,False,-2,
202307040603,3,3歳以上1勝クラス,ダ,1400,晴,稍重,10:45,2023-12-17,中京,6,1,1,2020101805,フィルムアクトレス,牝3,54,01199,角田大河,1:25.4,クビ,1-1,38.8,2.1,1,496(0),01140,[西]石橋守,003060,ゴドルフィン,,,,,,,,,,,,"1,8,13(2,3)(4,10,12)(5,15)(9,11)16(7,14)6",1,1,0.0,False,"1,8,13(2,3)(4,10,12)(5,15)(9,11)(7,16)14,6",1,1,0.0,False,-2,
202307040603,3,3歳以上1勝クラス,ダ,1400,晴,稍重,10:45,2023-12-17,中京,7,2,4,2020100948,ウォーターリーダー,牡3,57,01178,斎藤新,1:25.5,クビ,6-6,38.1,38.9,8,448(+12),00438,[西]安田隆行,312006,山岡正人,,,,,,,,,,,,"1,8,13(2,3)(4,10,12)(5,15)(9,11)16(7,14)6",6,3,3.0,False,"1,8,13(2,3)(4,10,12)(5,15)(9,11)(7,16)14,6",6,3,3.0,False,-2,
202307040603,3,3歳以上1勝クラス,ダ,1400,晴,稍重,10:45,2023-12-17,中京,8,4,8,2019102701,ネイト,牝4,53,01205,小林勝太,1:25.7,1.1/4,2-2,39.0,20.9,6,444(+16),01194,[西]小栗実,473008,武田茂男,,,,,,,,,,,,"1,8,13(2,3)(4,10,12)(5,15)(9,11)16(7,14)6",2,1,1.5,False,"1,8,13(2,3)(4,10,12)(5,15)(9,11)(7,16)14,6",2,1,1.5,False,-2,
202307040603,3,3歳以上1勝クラス,ダ,1400,晴,稍重,10:45,2023-12-17,中京,9,5,9,2020106928,グローリーカフェ,牝3,54,01185,小沢大仁,1:25.7,クビ,11-11,37.9,106.0,12,448(+2),01153,[東]中舘英二,629007,西川光一,,,,,,,,,,,,"1,8,13(2,3)(4,10,12)(5,15)(9,11)16(7,14)6",11,2,3.0,False,"1,8,13(2,3)(4,10,12)(5,15)(9,11)(7,16)14,6",11,2,3.0,False,-2,
202307040603,3,3歳以上1勝クラス,ダ,1400,晴,稍重,10:45,2023-12-17,中京,10,3,5,2020104898,サクセスバラード,牡3,55,01183,小林脩斗,1:25.8,1/2,9-9,38.2,121.8,13,458(-2),01152,[東]竹内正洋,027803,ブルースターズファー...,,,,,,,,,,,,"1,8,13(2,3)(4,10,12)(5,15)(9,11)16(7,14)6",9,2,3.0,False,"1,8,13(2,3)(4,10,12)(5,15)(9,11)(7,16)14,6",9,2,3.0,False,-2,
202307040603,3,3歳以上1勝クラス,ダ,1400,晴,稍重,10:45,2023-12-17,中京,11,8,16,2018100421,ライズンシャイン,牝5,56,01176,亀田温心,1:25.9,1/2,13-13,38.0,64.9,10,496(-8),01066,[西]岡田稲男,362800,下河辺牧場,,,,,,,,,,,,"1,8,13(2,3)(4,10,12)(5,15)(9,11)16(7,14)6",13,1,3.0,False,"1,8,13(2,3)(4,10,12)(5,15)(9,11)(7,16)14,6",13,2,3.0,False,-2,
202307040603,3,3歳以上1勝クラス,ダ,1400,晴,稍重,10:45,2023-12-17,中京,12,6,12,2019104560,ヘレンキムゼー,牡4,58,01167,木幡育也,1:26.0,1,6-6,38.6,71.0,11,482(+4),01097,[東]鹿戸雄一,338007,村野康司,,,,,,,,,,,,"1,8,13(2,3)(4,10,12)(5,15)(9,11)16(7,14)6",6,3,3.0,False,"1,8,13(2,3)(4,10,12)(5,15)(9,11)(7,16)14,6",6,3,3.0,False,-2,
202307040603,3,3歳以上1勝クラス,ダ,1400,晴,稍重,10:45,2023-12-17,中京,13,1,2,2018101744,レイデルマール,セ5,57,01191,松本大輝,1:26.8,5,4-4,39.6,291.8,14,500(-2),01048,[東]畠山吉宏,854800,ノルマンディーサラブ...,,,,,,,,,,,,"1,8,13(2,3)(4,10,12)(5,15)(9,11)16(7,14)6",4,2,3.0,False,"1,8,13(2,3)(4,10,12)(5,15)(9,11)(7,16)14,6",4,2,3.0,False,-2,
202307040603,3,3歳以上1勝クラス,ダ,1400,晴,稍重,10:45,2023-12-17,中京,14,7,14,2019100498,ニシノフウジン,牡4,55,01198,土田真翔,1:26.8,クビ,14-15,38.6,491.3,15,474(0),01010,[東]中野栄治,897009,西山茂行,,,,,,,,,,,,"1,8,13(2,3)(4,10,12)(5,15)(9,11)16(7,14)6",14,2,3.0,False,"1,8,13(2,3)(4,10,12)(5,15)(9,11)(7,16)14,6",15,1,3.0,False,-2,
202307040603,3,3歳以上1勝クラス,ダ,1400,晴,稍重,10:45,2023-12-17,中京,15,3,6,2020103735,ランフリーバンクス,牝3,52,01193,今村聖奈,1:27.0,1,16-16,38.7,54.4,9,444(+14),01160,[西]武幸四郎,232031,藤田晋,,,,,,,,,,,,"1,8,13(2,3)(4,10,12)(5,15)(9,11)16(7,14)6",16,1,3.0,False,"1,8,13(2,3)(4,10,12)(5,15)(9,11)(7,16)14,6",16,1,4.5,False,-2,
202307040603,3,3歳以上1勝クラス,ダ,1400,晴,稍重,10:45,2023-12-17,中京,16,5,10,2019101342,サンマルカーラ,牝4,53,01203,石田拓郎,1:29.6,大,6-6,42.2,773.4,16,494(+4),01035,[東]佐藤吉勝,580007,相馬勇,,,,,,,,,,,,"1,8,13(2,3)(4,10,12)(5,15)(9,11)16(7,14)6",6,3,3.0,False,"1,8,13(2,3)(4,10,12)(5,15)(9,11)(7,16)14,6",6,3,3.0,False,-2,
202307040604,4,2歳未勝利,芝,1400,晴,良,11:15,2023-12-17,中京,1,6,12,2021104242,ショウナンラウール,牝2,55,01171,西村淳也,1:22.6,,8-7,35.2,4.3,2,416(-2),01129,[西]高橋義忠,331002,国本哲秀,550.0,,,,,,,,,,,"(*6,14)-(3,15)(4,10)1(2,5,12)(7,11,16)13-9-8",8,3,3.5,False,"(*6,14)-15(3,4)10(1,2,12)(7,11,5)16,13,9-8",7,3,3.5,False,-8,開催6日目でAコース6日目。先行馬の負荷が高く、中団から後方で控えた差し馬が台頭。
202307040604,4,2歳未勝利,芝,1400,晴,良,11:15,2023-12-17,中京,2,1,2,2021102755,ジョウゲンノツキ,牝2,55,01154,松若風馬,1:22.6,アタマ,8-7,35.2,24.7,7,432(-2),01123,[西]牧田和弥,952033,二口雅一,220.0,,,,,,,,,,,"(*6,14)-(3,15)(4,10)1(2,5,12)(7,11,16)13-9-8",8,3,3.5,False,"(*6,14)-15(3,4)10(1,2,12)(7,11,5)16,13,9-8",7,3,3.5,False,-8,開催6日目でAコース6日目。先行馬の負荷が高く、中団から後方で控えた差し馬が台頭。
202307040604,4,2歳未勝利,芝,1400,晴,良,11:15,2023-12-17,中京,3,6,11,2021105289,オタルグリーン,牝2,54,01197,佐々木大,1:22.6,クビ,11-10,35.0,3.8,1,432(0),01039,[西]中竹和也,311031,住谷幾久子,140.0,,,,,,,,,,,"(*6,14)-(3,15)(4,10)1(2,5,12)(7,11,16)13-9-8",11,3,3.5,False,"(*6,14)-15(3,4)10(1,2,12)(7,11,5)16,13,9-8",10,3,3.5,False,-8,開催6日目でAコース6日目。先行馬の負荷が高く、中団から後方で控えた差し馬が台頭。
202307040604,4,2歳未勝利,芝,1400,晴,良,11:15,2023-12-17,中京,4,2,4,2021101064,ノイヤー,牝2,54,01186,角田大和,1:22.7,3/4,5-4,35.5,5.7,4,460(-2),01136,[西]高橋亮,045803,カナヤマホールディン...,83.0,,,,,,,,,,,"(*6,14)-(3,15)(4,10)1(2,5,12)(7,11,16)13-9-8",5,2,3.5,False,"(*6,14)-15(3,4)10(1,2,12)(7,11,5)16,13,9-8",4,2,3.5,False,-8,開催6日目でAコース6日目。先行馬の負荷が高く、中団から後方で控えた差し馬が台頭。
202307040604,4,2歳未勝利,芝,1400,晴,良,11:15,2023-12-17,中京,5,7,13,2021100362,ホウオウドルーリー,牝2,55,01116,藤岡康太,1:23.0,1.3/4,14-14,35.1,5.3,3,460(+4),01018,[西]宮徹,906033,小笹芳央,55.0,,,,,,,,,,,"(*6,14)-(3,15)(4,10)1(2,5,12)(7,11,16)13-9-8",14,1,3.5,False,"(*6,14)-15(3,4)10(1,2,12)(7,11,5)16,13,9-8",14,1,5.0,False,-8,開催6日目でAコース6日目。先行馬の負荷が高く、中団から後方で控えた差し馬が台頭。
202307040604,4,2歳未勝利,芝,1400,晴,良,11:15,2023-12-17,中京,6,3,5,2021105046,リプレット,牝2,54,01185,小沢大仁,1:23.1,クビ,8-10,35.5,177.0,13,402(-4),01139,[西]飯田祐史,148800,グリーンファーム,,,,,,,,,,,,"(*6,14)-(3,15)(4,10)1(2,5,12)(7,11,16)13-9-8",8,3,3.5,False,"(*6,14)-15(3,4)10(1,2,12)(7,11,5)16,13,9-8",10,3,3.5,False,-8,開催6日目でAコース6日目。先行馬の負荷が高く、中団から後方で控えた差し馬が台頭。
202307040604,4,2歳未勝利,芝,1400,晴,良,11:15,2023-12-17,中京,7,3,6,2021103982,ダイメイイチョウ,牝2,52,01200,西塚洸二,1:23.2,1/2,1-1,36.9,28.2,8,438(-10),01099,[西]本田優,688006,宮本孝一,,,,,,,,,,,,"(*6,14)-(3,15)(4,10)1(2,5,12)(7,11,16)13-9-8",1,2,0.0,True,"(*6,14)-15(3,4)10(1,2,12)(7,11,5)16,13,9-8",1,2,0.0,True,-8,開催6日目でAコース6日目。先行馬の負荷が高く、中団から後方で控えた差し馬が台頭。
202307040604,4,2歳未勝利,芝,1400,晴,良,11:15,2023-12-17,中京,8,5,9,2021109059,クリノラリマール,牝2,55,01128,川須栄彦,1:23.2,クビ,15-15,35.1,34.9,10,458(-2),01069,[西]中尾秀正,970006,栗本博晴,,,,,,,,,,,,"(*6,14)-(3,15)(4,10)1(2,5,12)(7,11,16)13-9-8",15,1,7.0,False,"(*6,14)-15(3,4)10(1,2,12)(7,11,5)16,13,9-8",15,1,6.5,False,-8,開催6日目でAコース6日目。先行馬の負荷が高く、中団から後方で控えた差し馬が台頭。
202307040604,4,2歳未勝利,芝,1400,晴,良,11:15,2023-12-17,中京,9,8,16,2021100265,コミックガール,牝2,52,01193,今村聖奈,1:23.2,ハナ,11-13,35.5,104.1,12,420(+8),01192,[東]上原佑紀,320803,古賀禎彦,,,,,,,,,,,,"(*6,14)-(3,15)(4,10)1(2,5,12)(7,11,16)13-9-8",11,3,3.5,False,"(*6,14)-15(3,4)10(1,2,12)(7,11,5)16,13,9-8",13,1,3.5,False,-8,開催6日目でAコース6日目。先行馬の負荷が高く、中団から後方で控えた差し馬が台頭。
202307040604,4,2歳未勝利,芝,1400,晴,良,11:15,2023-12-17,中京,10,4,7,2021100694,ナムラビオラ,牝2,55,01168,富田暁,1:23.3,1/2,11-10,35.7,23.3,6,420(-12),01065,[西]大橋勇樹,972002,奈村睦弘,,,,,,,,,,,,"(*6,14)-(3,15)(4,10)1(2,5,12)(7,11,16)13-9-8",11,3,3.5,False,"(*6,14)-15(3,4)10(1,2,12)(7,11,5)16,13,9-8",10,3,3.5,False,-8,開催6日目でAコース6日目。先行馬の負荷が高く、中団から後方で控えた差し馬が台頭。
202307040604,4,2歳未勝利,芝,1400,晴,良,11:15,2023-12-17,中京,11,8,15,2021103277,メイショウマサユメ,牝2,54,01199,角田大河,1:23.4,クビ,3-3,36.4,30.1,9,450(-6),01121,[西]角田晃一,523005,松本好雄,,,,,,,,,,,,"(*6,14)-(3,15)(4,10)1(2,5,12)(7,11,16)13-9-8",3,2,3.5,False,"(*6,14)-15(3,4)10(1,2,12)(7,11,5)16,13,9-8",3,1,3.5,False,-8,開催6日目でAコース6日目。先行馬の負荷が高く、中団から後方で控えた差し馬が台頭。
202307040604,4,2歳未勝利,芝,1400,晴,良,11:15,2023-12-17,中京,12,7,14,2021101474,マーメイド,牝2,52,01187,永島まな,1:23.4,ハナ,2-2,37.1,57.1,11,444(+2),01158,[西]寺島良,248030,石川達絵,,,,,,,,,,,,"(*6,14)-(3,15)(4,10)1(2,5,12)(7,11,16)13-9-8",2,2,0.0,False,"(*6,14)-15(3,4)10(1,2,12)(7,11,5)16,13,9-8",2,2,0.0,False,-8,開催6日目でAコース6日目。先行馬の負荷が高く、中団から後方で控えた差し馬が台頭。
202307040604,4,2歳未勝利,芝,1400,晴,良,11:15,2023-12-17,中京,13,1,1,2021105563,シャドフ,牝2,55,05625,ドイル,1:23.4,クビ,7-7,36.0,8.9,5,440(-2),01087,[西]庄野靖志,389803,ケイズジャパン,,,,,,,,,,,,"(*6,14)-(3,15)(4,10)1(2,5,12)(7,11,16)13-9-8",7,1,3.5,False,"(*6,14)-15(3,4)10(1,2,12)(7,11,5)16,13,9-8",7,3,3.5,False,-8,開催6日目でAコース6日目。先行馬の負荷が高く、中団から後方で控えた差し馬が台頭。
202307040604,4,2歳未勝利,芝,1400,晴,良,11:15,2023-12-17,中京,14,5,10,2021106715,ポカポカタイム,牝2,55,01119,伊藤工真,1:23.9,3,5-6,36.6,393.9,15,416(-8),01177,[東]伊坂重信,884800,高橋ファーム,,,,,,,,,,,,"(*6,14)-(3,15)(4,10)1(2,5,12)(7,11,16)13-9-8",5,2,3.5,False,"(*6,14)-15(3,4)10(1,2,12)(7,11,5)16,13,9-8",6,1,3.5,False,-8,開催6日目でAコース6日目。先行馬の負荷が高く、中団から後方で控えた差し馬が台頭。
202307040604,4,2歳未勝利,芝,1400,晴,良,11:15,2023-12-17,中京,15,4,8,2021100821,ネガイヲカナエテ,牝2,55,01085,松岡正海,1:25.9,大,16-16,37.2,418.4,16,432(0),01008,[東]杉浦宏昭,537006,西村憲人,,,,,,,,,,,,"(*6,14)-(3,15)(4,10)1(2,5,12)(7,11,16)13-9-8",16,1,10.5,False,"(*6,14)-15(3,4)10(1,2,12)(7,11,5)16,13,9-8",16,1,10.0,False,-8,開催6日目でAコース6日目。先行馬の負荷が高く、中団から後方で控えた差し馬が台頭。
202307040604,4,2歳未勝利,芝,1400,晴,良,11:15,2023-12-17,中京,16,2,3,2021102343,ラシェンテ,牝2,52,01205,小林勝太,1:31.7,大,3-4,44.6,229.5,14,438(+2),00431,[西]谷潔,018700,ロイヤルパーク,,,,,,,,,,,,"(*6,14)-(3,15)(4,10)1(2,5,12)(7,11,16)13-9-8",3,2,3.5,False,"(*6,14)-15(3,4)10(1,2,12)(7,11,5)16,13,9-8",4,2,3.5,False,-8,開催6日目でAコース6日目。先行馬の負荷が高く、中団から後方で控えた差し馬が台頭。
202307040605,5,2歳新馬,芝,2000,晴,良,12:05,2023-12-17,中京,1,6,7,2021105889,ミッドナイトホーク,牡2,56,01168,富田暁,2:04.3,,7-7-5-5,36.1,4.0,2,472(0),01184,[西]四位洋文,506800,シルクレーシング,720.0,"(*2,8)(4,3)(10,11)7-(5,9)-1-6",7,1,0.0,False,"2,8(4,10,11)3,7(5,9)-1-6",7,1,3.0,False,"2(8,10,11)(7,9)3(4,5,1)-6",5,2,0.0,False,"(*2,8)(10,11)(7,9)(3,5)1,4,6",5,2,0.0,False,-8,開催6日目でAコース6日目。先行馬の負荷が高く、中団から後方で控えた差し馬が台頭。
202307040605,5,2歳新馬,芝,2000,晴,良,12:05,2023-12-17,中京,2,5,5,2021104324,ディマイザキッド,牡2,56,05243,柴山雄一,2:04.4,1/2,8-8-8-7,35.8,7.2,5,440(0),01080,[東]清水英克,399009,嶋田賢,290.0,"(*2,8)(4,3)(10,11)7-(5,9)-1-6",8,2,3.5,False,"2,8(4,10,11)3,7(5,9)-1-6",8,2,3.0,False,"2(8,10,11)(7,9)3(4,5,1)-6",8,3,0.0,False,"(*2,8)(10,11)(7,9)(3,5)1,4,6",7,2,0.0,False,-8,開催6日目でAコース6日目。先行馬の負荷が高く、中団から後方で控えた差し馬が台頭。
202307040605,5,2歳新馬,芝,2000,晴,良,12:05,2023-12-17,中京,3,7,9,2021104943,ジーティーオウジャ,牡2,56,01116,藤岡康太,2:04.5,クビ,8-8-5-5,36.2,15.7,6,512(0),01102,[東]大竹正博,464030,田畑利彦,180.0,"(*2,8)(4,3)(10,11)7-(5,9)-1-6",8,2,3.5,False,"2,8(4,10,11)3,7(5,9)-1-6",8,2,3.0,False,"2(8,10,11)(7,9)3(4,5,1)-6",5,2,0.0,False,"(*2,8)(10,11)(7,9)(3,5)1,4,6",5,2,0.0,False,-8,開催6日目でAコース6日目。先行馬の負荷が高く、中団から後方で控えた差し馬が台頭。
202307040605,5,2歳新馬,芝,2000,晴,良,12:05,2023-12-17,中京,4,3,3,2021105530,ブラックルチル,牡2,56,05625,ドイル,2:04.5,アタマ,3-6-7-7,35.9,7.0,4,492(0),01071,[西]池江泰寿,486800,キャロットファーム,110.0,"(*2,8)(4,3)(10,11)7-(5,9)-1-6",3,2,0.0,False,"2,8(4,10,11)3,7(5,9)-1-6",6,1,1.5,False,"2(8,10,11)(7,9)3(4,5,1)-6",7,1,0.0,False,"(*2,8)(10,11)(7,9)(3,5)1,4,6",7,2,0.0,False,-8,開催6日目でAコース6日目。先行馬の負荷が高く、中団から後方で控えた差し馬が台頭。
202307040605,5,2歳新馬,芝,2000,晴,良,12:05,2023-12-17,中京,5,7,8,2021105887,リエータメンテ,牝2,55,01171,西村淳也,2:04.7,1.1/4,2-2-2-2,36.7,4.6,3,456(0),01055,[西]藤原英昭,226800,サンデーレーシング,72.0,"(*2,8)(4,3)(10,11)7-(5,9)-1-6",2,2,0.0,False,"2,8(4,10,11)3,7(5,9)-1-6",2,1,1.5,False,"2(8,10,11)(7,9)3(4,5,1)-6",2,3,0.0,False,"(*2,8)(10,11)(7,9)(3,5)1,4,6",2,2,0.0,False,-8,開催6日目でAコース6日目。先行馬の負荷が高く、中団から後方で控えた差し馬が台頭。
202307040605,5,2歳新馬,芝,2000,晴,良,12:05,2023-12-17,中京,6,1,1,2021102568,メイショウモモタ,牡2,56,01093,藤岡佑介,2:05.1,2.1/2,10-10-8-9,36.3,33.7,7,464(0),01129,[西]高橋義忠,911008,松本好隆,,"(*2,8)(4,3)(10,11)7-(5,9)-1-6",10,1,7.0,False,"2,8(4,10,11)3,7(5,9)-1-6",10,1,6.5,False,"2(8,10,11)(7,9)3(4,5,1)-6",8,3,0.0,False,"(*2,8)(10,11)(7,9)(3,5)1,4,6",9,1,0.0,False,-8,開催6日目でAコース6日目。先行馬の負荷が高く、中団から後方で控えた差し馬が台頭。
202307040605,5,2歳新馬,芝,2000,晴,良,12:05,2023-12-17,中京,7,8,10,2021103533,ホウオウシンデレラ,牝2,55,01095,吉田隼人,2:05.1,クビ,5-3-2-3,37.0,3.4,1,472(0),01145,[東]奥村武,906033,小笹芳央,,"(*2,8)(4,3)(10,11)7-(5,9)-1-6",5,2,0.0,False,"2,8(4,10,11)3,7(5,9)-1-6",3,3,1.5,False,"2(8,10,11)(7,9)3(4,5,1)-6",2,3,0.0,False,"(*2,8)(10,11)(7,9)(3,5)1,4,6",3,2,0.0,False,-8,開催6日目でAコース6日目。先行馬の負荷が高く、中団から後方で控えた差し馬が台頭。
202307040605,5,2歳新馬,芝,2000,晴,良,12:05,2023-12-17,中京,8,6,6,2021104820,メアヴィア,牝2,54,01197,佐々木大,2:05.4,1.1/2,11-11-11-11,36.1,39.4,8,466(0),01132,[東]金成貴史,982033,尾上寿夫,,"(*2,8)(4,3)(10,11)7-(5,9)-1-6",11,1,10.5,False,"2,8(4,10,11)3,7(5,9)-1-6",11,1,10.0,False,"2(8,10,11)(7,9)3(4,5,1)-6",11,1,3.5,False,"(*2,8)(10,11)(7,9)(3,5)1,4,6",11,1,3.0,False,-8,開催6日目でAコース6日目。先行馬の負荷が高く、中団から後方で控えた差し馬が台頭。
202307040605,5,2歳新馬,芝,2000,晴,良,12:05,2023-12-17,中京,9,2,2,2021101663,サイナシュア,牝2,55,01152,小崎綾也,2:06.8,9,1-1-1-1,38.9,102.6,11,400(0),01058,[西]大久保龍,003060,ゴドルフィン,,"(*2,8)(4,3)(10,11)7-(5,9)-1-6",1,2,0.0,True,"2,8(4,10,11)3,7(5,9)-1-6",1,1,0.0,False,"2(8,10,11)(7,9)3(4,5,1)-6",1,1,0.0,False,"(*2,8)(10,11)(7,9)(3,5)1,4,6",1,2,0.0,True,-8,開催6日目でAコース6日目。先行馬の負荷が高く、中団から後方で控えた差し馬が台頭。
202307040605,5,2歳新馬,芝,2000,晴,良,12:05,2023-12-17,中京,10,8,11,2021102216,サイモンベーネ,牝2,55,01127,丸山元気,2:07.4,3.1/2,5-3-2-3,39.3,94.0,10,434(0),01091,[西]羽月友彦,132030,澤田昭紀,,"(*2,8)(4,3)(10,11)7-(5,9)-1-6",5,2,0.0,False,"2,8(4,10,11)3,7(5,9)-1-6",3,3,1.5,False,"2(8,10,11)(7,9)3(4,5,1)-6",2,3,0.0,False,"(*2,8)(10,11)(7,9)(3,5)1,4,6",3,2,0.0,False,-8,開催6日目でAコース6日目。先行馬の負荷が高く、中団から後方で控えた差し馬が台頭。
202307040605,5,2歳新馬,芝,2000,晴,良,12:05,2023-12-17,中京,11,4,4,2021107366,ジャスパーサン,牡2,55,01191,松本大輝,2:09.2,大,3-3-8-10,40.2,64.6,9,484(0),00427,[西]森秀行,672033,加藤和夫,,"(*2,8)(4,3)(10,11)7-(5,9)-1-6",3,2,0.0,False,"2,8(4,10,11)3,7(5,9)-1-6",3,3,1.5,False,"2(8,10,11)(7,9)3(4,5,1)-6",8,3,0.0,False,"(*2,8)(10,11)(7,9)(3,5)1,4,6",10,1,1.5,False,-8,開催6日目でAコース6日目。先行馬の負荷が高く、中団から後方で控えた差し馬が台頭。
202307040606,6,3歳以上1勝クラス,芝,1600,晴,良,12:35,2023-12-17,中京,1,7,13,2020102907,ステラバルセロナ,牝3,55,01171,西村淳也,1:34.5,,10-9-7,35.1,2.9,1,414(-6),01052,[東]菊川正達,310007,吉田千津,800.0,,,,,,"11,12(1,5,15)(7,16)(2,14)(4,13,9)3,8-6-10",10,3,1.5,False,"11,12,15(1,5,16)(7,9)(2,13,14)(3,4)-8-6-10",9,3,3.0,False,"(*11,12)15,1(5,16)(2,13,7,14,9)(3,4)8-6-10",7,5,1.5,False,-8,開催6日目でAコース6日目。先行馬の負荷が高く、中団から後方で控えた差し馬が台頭。
202307040606,6,3歳以上1勝クラス,芝,1600,晴,良,12:35,2023-12-17,中京,2,4,7,2018102822,テイエムエメラルド,牝5,53,01200,西塚洸二,1:34.6,1/2,6-7-7,35.2,15.8,7,474(-10),01050,[西]飯田雄三,356002,竹園正繼,320.0,,,,,,"11,12(1,5,15)(7,16)(2,14)(4,13,9)3,8-6-10",6,2,1.5,False,"11,12,15(1,5,16)(7,9)(2,13,14)(3,4)-8-6-10",7,2,3.0,False,"(*11,12)15,1(5,16)(2,13,7,14,9)(3,4)8-6-10",7,5,1.5,False,-8,開催6日目でAコース6日目。先行馬の負荷が高く、中団から後方で控えた差し馬が台頭。
202307040606,6,3歳以上1勝クラス,芝,1600,晴,良,12:35,2023-12-17,中京,3,6,12,2018100096,キトゥンズマーチ,牝5,55,01186,角田大和,1:34.7,1/2,2-2-2,35.8,28.5,10,474(0),00423,[東]上原博之,854800,ノルマンディーサラブ...,200.0,,,,,,"11,12(1,5,15)(7,16)(2,14)(4,13,9)3,8-6-10",2,1,1.5,False,"11,12,15(1,5,16)(7,9)(2,13,14)(3,4)-8-6-10",2,1,1.5,False,"(*11,12)15,1(5,16)(2,13,7,14,9)(3,4)8-6-10",2,2,0.0,False,-8,開催6日目でAコース6日目。先行馬の負荷が高く、中団から後方で控えた差し馬が台頭。
202307040606,6,3歳以上1勝クラス,芝,1600,晴,良,12:35,2023-12-17,中京,4,6,11,2020103292,ハレアカラフラ,牝3,55,01154,松若風馬,1:34.7,アタマ,1-1-1,35.9,19.0,8,468(+2),01002,[西]音無秀孝,708800,金子真人ホールディン...,120.0,,,,,,"11,12(1,5,15)(7,16)(2,14)(4,13,9)3,8-6-10",1,1,0.0,False,"11,12,15(1,5,16)(7,9)(2,13,14)(3,4)-8-6-10",1,1,0.0,False,"(*11,12)15,1(5,16)(2,13,7,14,9)(3,4)8-6-10",1,2,0.0,True,-8,開催6日目でAコース6日目。先行馬の負荷が高く、中団から後方で控えた差し馬が台頭。
202307040606,6,3歳以上1勝クラス,芝,1600,晴,良,12:35,2023-12-17,中京,5,4,8,2020103365,ウィズダムハート,牝3,52,01193,今村聖奈,1:34.8,クビ,14-14-14,34.9,224.2,16,428(-4),01192,[東]上原佑紀,463031,フィールドレーシング,80.0,,,,,,"11,12(1,5,15)(7,16)(2,14)(4,13,9)3,8-6-10",14,1,3.0,False,"11,12,15(1,5,16)(7,9)(2,13,14)(3,4)-8-6-10",14,1,6.5,False,"(*11,12)15,1(5,16)(2,13,7,14,9)(3,4)8-6-10",14,1,1.5,False,-8,開催6日目でAコース6日目。先行馬の負荷が高く、中団から後方で控えた差し馬が台頭。
202307040606,6,3歳以上1勝クラス,芝,1600,晴,良,12:35,2023-12-17,中京,6,8,15,2019106048,ヘクトパスカル,牝4,55,01197,佐々木大,1:34.8,ハナ,3-3-3,35.8,8.1,4,464(0),01154,[西]橋口慎介,266033,西村健,,,,,,,"11,12(1,5,15)(7,16)(2,14)(4,13,9)3,8-6-10",3,3,1.5,False,"11,12,15(1,5,16)(7,9)(2,13,14)(3,4)-8-6-10",3,1,3.0,False,"(*11,12)15,1(5,16)(2,13,7,14,9)(3,4)8-6-10",3,1,0.0,False,-8,開催6日目でAコース6日目。先行馬の負荷が高く、中団から後方で控えた差し馬が台頭。
202307040606,6,3歳以上1勝クラス,芝,1600,晴,良,12:35,2023-12-17,中京,7,2,4,2019105550,レディズビーク,牝4,56,05625,ドイル,1:34.8,クビ,10-12-12,35.1,5.7,3,466(0),01071,[西]池江泰寿,831800,青芝商事,,,,,,,"11,12(1,5,15)(7,16)(2,14)(4,13,9)3,8-6-10",10,3,1.5,False,"11,12,15(1,5,16)(7,9)(2,13,14)(3,4)-8-6-10",12,2,3.0,False,"(*11,12)15,1(5,16)(2,13,7,14,9)(3,4)8-6-10",12,2,1.5,False,-8,開催6日目でAコース6日目。先行馬の負荷が高く、中団から後方で控えた差し馬が台頭。
202307040606,6,3歳以上1勝クラス,芝,1600,晴,良,12:35,2023-12-17,中京,8,3,5,2018103200,バーニングパワー,牝5,56,01128,川須栄彦,1:34.9,1/2,3-4-5,35.7,179.1,15,484(-2),01046,[西]鮫島一歩,895002,長谷川光司,,,,,,,"11,12(1,5,15)(7,16)(2,14)(4,13,9)3,8-6-10",3,3,1.5,False,"11,12,15(1,5,16)(7,9)(2,13,14)(3,4)-8-6-10",4,3,3.0,False,"(*11,12)15,1(5,16)(2,13,7,14,9)(3,4)8-6-10",5,2,1.5,False,-8,開催6日目でAコース6日目。先行馬の負荷が高く、中団から後方で控えた差し馬が台頭。
202307040606,6,3歳以上1勝クラス,芝,1600,晴,良,12:35,2023-12-17,中京,9,1,1,2020103237,サファイア,牝3,55,01102,北村友一,1:35.1,1.1/2,3-4-4,36.0,10.0,5,424(-8),01183,[西]辻野泰之,372006,近藤英子,,,,,,,"11,12(1,5,15)(7,16)(2,14)(4,13,9)3,8-6-10",3,3,1.5,False,"11,12,15(1,5,16)(7,9)(2,13,14)(3,4)-8-6-10",4,3,3.0,False,"(*11,12)15,1(5,16)(2,13,7,14,9)(3,4)8-6-10",4,1,1.5,False,-8,開催6日目でAコース6日目。先行馬の負荷が高く、中団から後方で控えた差し馬が台頭。
202307040606,6,3歳以上1勝クラス,芝,1600,晴,良,12:35,2023-12-17,中京,10,1,2,2020101845,フライウィズミー,牝3,55,01122,三浦皇成,1:35.1,ハナ,8-9-7,35.7,15.1,6,430(-2),01068,[東]小島茂之,003060,ゴドルフィン,,,,,,,"11,12(1,5,15)(7,16)(2,14)(4,13,9)3,8-6-10",8,2,1.5,False,"11,12,15(1,5,16)(7,9)(2,13,14)(3,4)-8-6-10",9,3,3.0,False,"(*11,12)15,1(5,16)(2,13,7,14,9)(3,4)8-6-10",7,5,1.5,False,-8,開催6日目でAコース6日目。先行馬の負荷が高く、中団から後方で控えた差し馬が台頭。
202307040606,6,3歳以上1勝クラス,芝,1600,晴,良,12:35,2023-12-17,中京,11,2,3,2018106701,ルヴァンノワール,牝5,56,01156,加藤祥太,1:35.1,ハナ,13-12-12,35.4,72.0,13,460(0),01087,[西]庄野靖志,092700,ＶｉｒｉｄｉａｎＫｅ...,,,,,,,"11,12(1,5,15)(7,16)(2,14)(4,13,9)3,8-6-10",13,1,1.5,False,"11,12,15(1,5,16)(7,9)(2,13,14)(3,4)-8-6-10",12,2,3.0,False,"(*11,12)15,1(5,16)(2,13,7,14,9)(3,4)8-6-10",12,2,1.5,False,-8,開催6日目でAコース6日目。先行馬の負荷が高く、中団から後方で控えた差し馬が台頭。
202307040606,6,3歳以上1勝クラス,芝,1600,晴,良,12:35,2023-12-17,中京,12,7,14,2020102208,マテンロウアネモス,牝3,54,01199,角田大河,1:35.2,クビ,8-9-7,35.8,73.8,14,436(-2),01067,[東]久保田貴,534006,寺田千代乃,,,,,,,"11,12(1,5,15)(7,16)(2,14)(4,13,9)3,8-6-10",8,2,1.5,False,"11,12,15(1,5,16)(7,9)(2,13,14)(3,4)-8-6-10",9,3,3.0,False,"(*11,12)15,1(5,16)(2,13,7,14,9)(3,4)8-6-10",7,5,1.5,False,-8,開催6日目でAコース6日目。先行馬の負荷が高く、中団から後方で控えた差し馬が台頭。
202307040606,6,3歳以上1勝クラス,芝,1600,晴,良,12:35,2023-12-17,中京,13,3,6,2020103191,ブライトサイン,牝3,52,01187,永島まな,1:35.4,1.1/4,15-15-15,35.1,71.3,12,464(+10),01151,[西]斉藤崇史,486800,キャロットファーム,,,,,,,"11,12(1,5,15)(7,16)(2,14)(4,13,9)3,8-6-10",15,1,6.5,False,"11,12,15(1,5,16)(7,9)(2,13,14)(3,4)-8-6-10",15,1,10.0,False,"(*11,12)15,1(5,16)(2,13,7,14,9)(3,4)8-6-10",15,1,5.0,False,-8,開催6日目でAコース6日目。先行馬の負荷が高く、中団から後方で控えた差し馬が台頭。
202307040606,6,3歳以上1勝クラス,芝,1600,晴,良,12:35,2023-12-17,中京,14,5,9,2020101582,アンジュフィールド,牝3,55,01095,吉田隼人,1:35.7,1.3/4,10-7-7,36.3,5.6,2,464(+18),01075,[西]矢作芳人,405031,竹下浩一,,,,,,,"11,12(1,5,15)(7,16)(2,14)(4,13,9)3,8-6-10",10,3,1.5,False,"11,12,15(1,5,16)(7,9)(2,13,14)(3,4)-8-6-10",7,2,3.0,False,"(*11,12)15,1(5,16)(2,13,7,14,9)(3,4)8-6-10",7,5,1.5,False,-8,開催6日目でAコース6日目。先行馬の負荷が高く、中団から後方で控えた差し馬が台頭。
202307040606,6,3歳以上1勝クラス,芝,1600,晴,良,12:35,2023-12-17,中京,15,5,10,2019100249,ツッチーフェイス,牝4,56,01116,藤岡康太,1:36.1,2.1/2,16-16-16,35.3,22.8,9,466(0),01128,[西]今野貞一,874033,ＳＴレーシング,,,,,,,"11,12(1,5,15)(7,16)(2,14)(4,13,9)3,8-6-10",16,1,10.0,False,"11,12,15(1,5,16)(7,9)(2,13,14)(3,4)-8-6-10",16,1,13.5,False,"(*11,12)15,1(5,16)(2,13,7,14,9)(3,4)8-6-10",16,1,8.5,False,-8,開催6日目でAコース6日目。先行馬の負荷が高く、中団から後方で控えた差し馬が台頭。
202307040606,6,3歳以上1勝クラス,芝,1600,晴,良,12:35,2023-12-17,中京,16,8,16,2020104676,マイレーヌ,牝3,52,01205,小林勝太,1:36.2,クビ,6-4-5,37.0,32.7,11,504(-4),01086,[東]斎藤誠,564033,小関昭次,,,,,,,"11,12(1,5,15)(7,16)(2,14)(4,13,9)3,8-6-10",6,2,1.5,False,"11,12,15(1,5,16)(7,9)(2,13,14)(3,4)-8-6-10",4,3,3.0,False,"(*11,12)15,1(5,16)(2,13,7,14,9)(3,4)8-6-10",5,2,1.5,False,-8,開催6日目でAコース6日目。先行馬の負荷が高く、中団から後方で控えた差し馬が台頭。
202307040607,7,3歳以上1勝クラス,ダ,1800,晴,稍重,13:05,2023-12-17,中京,1,1,1,2018101662,ヴォーグマチネ,牡5,57,01197,佐々木大,1:54.4,,5-5-5-5,38.8,10.3,5,502(+6),01189,[東]堀内岳志,893030,志村幸彦,800.0,"3(6,11)8(1,12)5-7-4-(2,9)-10",5,2,0.0,False,"3,6,11-8,1,12,5,7-4-9-2,10",5,1,8.0,False,"(*3,6)11-8-1(12,7)(5,4)=9(10,2)",5,1,7.0,False,"(*3,6)11-8-(1,7)12,5,4,2,9,10",5,2,7.0,False,3,
202307040607,7,3歳以上1勝クラス,ダ,1800,晴,稍重,13:05,2023-12-17,中京,2,6,8,2019103092,ワンダーウィルク,牡4,58,01154,松若風馬,1:54.5,1/2,4-4-4-4,39.3,4.3,3,510(0),01128,[西]今野貞一,184033,山本能成,320.0,"3(6,11)8(1,12)5-7-4-(2,9)-10",4,1,0.0,False,"3,6,11-8,1,12,5,7-4-9-2,10",4,1,6.5,False,"(*3,6)11-8-1(12,7)(5,4)=9(10,2)",4,1,3.5,False,"(*3,6)11-8-(1,7)12,5,4,2,9,10",4,1,3.5,False,3,
202307040607,7,3歳以上1勝クラス,ダ,1800,晴,稍重,13:05,2023-12-17,中京,3,8,11,2019104913,メジャークオリティ,牡4,57,01185,小沢大仁,1:54.6,1/2,2-3-3-3,39.7,3.0,1,488(-2),01028,[西]西園正都,415800,社台レースホース,200.0,"3(6,11)8(1,12)5-7-4-(2,9)-10",2,2,0.0,False,"3,6,11-8,1,12,5,7-4-9-2,10",3,1,3.0,False,"(*3,6)11-8-1(12,7)(5,4)=9(10,2)",3,1,0.0,False,"(*3,6)11-8-(1,7)12,5,4,2,9,10",3,1,0.0,False,3,
202307040607,7,3歳以上1勝クラス,ダ,1800,晴,稍重,13:05,2023-12-17,中京,4,5,6,2019103718,モズミツボシ,牡4,58,01168,富田暁,1:55.3,4,2-2-2-2,40.5,10.6,6,522(-2),01139,[西]飯田祐史,005803,キャピタル・システム,120.0,"3(6,11)8(1,12)5-7-4-(2,9)-10",2,2,0.0,False,"3,6,11-8,1,12,5,7-4-9-2,10",2,1,1.5,False,"(*3,6)11-8-1(12,7)(5,4)=9(10,2)",2,2,0.0,False,"(*3,6)11-8-(1,7)12,5,4,2,9,10",2,2,0.0,False,3,
202307040607,7,3歳以上1勝クラス,ダ,1800,晴,稍重,13:05,2023-12-17,中京,5,5,5,2019102178,サノラキ,牡4,55,01198,土田真翔,1:55.4,1/2,7-7-8-8,39.4,164.9,11,498(0),01131,[東]蛯名利弘,735033,佐野信幸,80.0,"3(6,11)8(1,12)5-7-4-(2,9)-10",7,1,0.0,False,"3,6,11-8,1,12,5,7-4-9-2,10",7,1,11.0,False,"(*3,6)11-8-1(12,7)(5,4)=9(10,2)",8,2,7.0,False,"(*3,6)11-8-(1,7)12,5,4,2,9,10",8,1,8.5,False,3,
202307040607,7,3歳以上1勝クラス,ダ,1800,晴,稍重,13:05,2023-12-17,中京,6,8,12,2019102874,ナオミニデレデレヤ,牝4,53,01195,川端海翼,1:55.7,1.3/4,5-6-6-7,39.8,71.4,9,486(+9),01188,[西]畑端省吾,915008,塩澤正樹,,"3(6,11)8(1,12)5-7-4-(2,9)-10",5,2,0.0,False,"3,6,11-8,1,12,5,7-4-9-2,10",6,1,9.5,False,"(*3,6)11-8-1(12,7)(5,4)=9(10,2)",6,2,7.0,False,"(*3,6)11-8-(1,7)12,5,4,2,9,10",7,1,7.0,False,3,
202307040607,7,3歳以上1勝クラス,ダ,1800,晴,稍重,13:05,2023-12-17,中京,7,3,3,2020100237,シゲルスナイパー,牡3,54,01205,小林勝太,1:56.2,3,1-1-1-1,41.5,26.6,7,492(-4),00431,[西]谷潔,088034,關美和,,"3(6,11)8(1,12)5-7-4-(2,9)-10",1,1,0.0,False,"3,6,11-8,1,12,5,7-4-9-2,10",1,1,0.0,False,"(*3,6)11-8-1(12,7)(5,4)=9(10,2)",1,2,0.0,True,"(*3,6)11-8-(1,7)12,5,4,2,9,10",1,2,0.0,True,3,
202307040607,7,3歳以上1勝クラス,ダ,1800,晴,稍重,13:05,2023-12-17,中京,8,6,7,2019105754,ルプランドル,牝4,53,01203,石田拓郎,1:56.4,1,8-8-6-5,40.6,81.3,10,480(0),01024,[東]萱野浩二,393803,ＫＡＪＩＭＯＴＯホー...,,"3(6,11)8(1,12)5-7-4-(2,9)-10",8,1,3.5,False,"3,6,11-8,1,12,5,7-4-9-2,10",8,1,12.5,False,"(*3,6)11-8-1(12,7)(5,4)=9(10,2)",6,2,7.0,False,"(*3,6)11-8-(1,7)12,5,4,2,9,10",5,2,7.0,False,3,
202307040607,7,3歳以上1勝クラス,ダ,1800,晴,稍重,13:05,2023-12-17,中京,9,2,2,2019106107,チョッピー,牝4,53,01187,永島まな,1:56.7,1.1/2,10-11-11-10,39.5,3.2,2,468(-2),01078,[西]北出成人,370008,岡浩二,,"3(6,11)8(1,12)5-7-4-(2,9)-10",10,2,10.5,False,"3,6,11-8,1,12,5,7-4-9-2,10",11,1,23.0,False,"(*3,6)11-8-1(12,7)(5,4)=9(10,2)",11,2,13.0,False,"(*3,6)11-8-(1,7)12,5,4,2,9,10",10,1,11.5,False,3,
202307040607,7,3歳以上1勝クラス,ダ,1800,晴,稍重,13:05,2023-12-17,中京,10,7,10,2019106069,ウインアラジン,牡4,57,01186,角田大和,1:56.9,1,12-12-11-12,39.6,50.8,8,504(-2),01158,[西]寺島良,494800,ウイン,,"3(6,11)8(1,12)5-7-4-(2,9)-10",12,1,14.0,False,"3,6,11-8,1,12,5,7-4-9-2,10",12,1,24.5,False,"(*3,6)11-8-1(12,7)(5,4)=9(10,2)",11,2,13.0,False,"(*3,6)11-8-(1,7)12,5,4,2,9,10",12,1,14.5,False,3,
202307040607,7,3歳以上1勝クラス,ダ,1800,晴,稍重,13:05,2023-12-17,中京,11,7,9,2020102273,ムーンスカイ,牡3,54,01193,今村聖奈,1:57.1,1.1/4,10-10-10-11,40.0,10.2,4,446(+4),01123,[西]牧田和弥,875006,永田和彦,,"3(6,11)8(1,12)5-7-4-(2,9)-10",10,2,10.5,False,"3,6,11-8,1,12,5,7-4-9-2,10",10,1,19.5,False,"(*3,6)11-8-1(12,7)(5,4)=9(10,2)",10,1,13.0,False,"(*3,6)11-8-(1,7)12,5,4,2,9,10",11,1,13.0,False,3,
202307040607,7,3歳以上1勝クラス,ダ,1800,晴,稍重,13:05,2023-12-17,中京,12,4,4,2020105031,シュハリ,牡3,55,01183,小林脩斗,1:57.6,3,9-9-8-9,41.5,176.5,12,438(0),01096,[東]粕谷昌央,851009,岡田牧雄,,"3(6,11)8(1,12)5-7-4-(2,9)-10",9,1,7.0,False,"3,6,11-8,1,12,5,7-4-9-2,10",9,1,16.0,False,"(*3,6)11-8-1(12,7)(5,4)=9(10,2)",8,2,7.0,False,"(*3,6)11-8-(1,7)12,5,4,2,9,10",9,1,10.0,False,3,
202307040608,8,3歳以上1勝クラス,芝,1600,晴,良,13:35,2023-12-17,中京,1,4,8,2019106335,タシット,牡4,57,01197,佐々木大,1:34.4,,6-4-5,34.3,5.2,3,466(-10),01081,[東]中川公成,281033,多田賢司,800.0,,,,,,"4,14(1,3,12)8(2,9,13)11(6,7)16,15(5,10)",6,1,1.5,False,"(*4,14)12(1,3,8)(9,13)2(7,11)(6,16)15,10-5",4,3,0.0,False,"(*4,14)(3,12)8(1,9,13)(2,7,11)(6,16)(15,10)=5",5,1,0.0,False,-6,開催6日目でAコース6日目。先行馬の負荷が高く、中団から後方で控えた差し馬が台頭。
202307040608,8,3歳以上1勝クラス,芝,1600,晴,良,13:35,2023-12-17,中京,2,5,9,2020100052,シルヴァーデューク,牡3,57,01095,吉田隼人,1:34.8,2.1/2,7-7-6,34.5,2.5,1,458(+2),01148,[西]西村真幸,464030,田畑利彦,320.0,,,,,,"4,14(1,3,12)8(2,9,13)11(6,7)16,15(5,10)",7,3,1.5,False,"(*4,14)12(1,3,8)(9,13)2(7,11)(6,16)15,10-5",7,2,0.0,False,"(*4,14)(3,12)8(1,9,13)(2,7,11)(6,16)(15,10)=5",6,3,0.0,False,-6,開催6日目でAコース6日目。先行馬の負荷が高く、中団から後方で控えた差し馬が台頭。
202307040608,8,3歳以上1勝クラス,芝,1600,晴,良,13:35,2023-12-17,中京,3,7,13,2020103168,トーアライデン,牡3,57,01141,中井裕二,1:34.9,クビ,7-7-6,34.6,58.6,13,494(-2),01107,[西]村山明,784800,高山ランド,200.0,,,,,,"4,14(1,3,12)8(2,9,13)11(6,7)16,15(5,10)",7,3,1.5,False,"(*4,14)12(1,3,8)(9,13)2(7,11)(6,16)15,10-5",7,2,0.0,False,"(*4,14)(3,12)8(1,9,13)(2,7,11)(6,16)(15,10)=5",6,3,0.0,False,-6,開催6日目でAコース6日目。先行馬の負荷が高く、中団から後方で控えた差し馬が台頭。
202307040608,8,3歳以上1勝クラス,芝,1600,晴,良,13:35,2023-12-17,中京,4,6,11,2020103007,エンファサイズ,牡3,57,01116,藤岡康太,1:34.9,クビ,10-10-9,34.4,14.7,4,450(+6),01184,[西]四位洋文,415800,社台レースホース,120.0,,,,,,"4,14(1,3,12)8(2,9,13)11(6,7)16,15(5,10)",10,1,1.5,False,"(*4,14)12(1,3,8)(9,13)2(7,11)(6,16)15,10-5",10,2,0.0,False,"(*4,14)(3,12)8(1,9,13)(2,7,11)(6,16)(15,10)=5",9,3,0.0,False,-6,開催6日目でAコース6日目。先行馬の負荷が高く、中団から後方で控えた差し馬が台頭。
202307040608,8,3歳以上1勝クラス,芝,1600,晴,良,13:35,2023-12-17,中京,5,2,3,2020110039,ユハンヌス,牡3,56,01186,角田大和,1:35.0,クビ,3-4-3,35.0,28.4,10,474(+2),01058,[西]大久保龍,003060,ゴドルフィン,80.0,,,,,,"4,14(1,3,12)8(2,9,13)11(6,7)16,15(5,10)",3,3,1.5,False,"(*4,14)12(1,3,8)(9,13)2(7,11)(6,16)15,10-5",4,3,0.0,False,"(*4,14)(3,12)8(1,9,13)(2,7,11)(6,16)(15,10)=5",3,2,0.0,False,-6,開催6日目でAコース6日目。先行馬の負荷が高く、中団から後方で控えた差し馬が台頭。
202307040608,8,3歳以上1勝クラス,芝,1600,晴,良,13:35,2023-12-17,中京,6,8,15,2019105542,クラシックステップ,牡4,58,01122,三浦皇成,1:35.0,ハナ,14-14-14,34.0,27.7,9,482(-2),00438,[西]安田隆行,506800,シルクレーシング,,,,,,,"4,14(1,3,12)8(2,9,13)11(6,7)16,15(5,10)",14,1,3.0,False,"(*4,14)12(1,3,8)(9,13)2(7,11)(6,16)15,10-5",14,1,0.0,False,"(*4,14)(3,12)8(1,9,13)(2,7,11)(6,16)(15,10)=5",14,2,0.0,False,-6,開催6日目でAコース6日目。先行馬の負荷が高く、中団から後方で控えた差し馬が台頭。
202307040608,8,3歳以上1勝クラス,芝,1600,晴,良,13:35,2023-12-17,中京,7,6,12,2020100678,アンテロース,牡3,56,01199,角田大河,1:35.1,1/2,3-3-3,35.2,16.0,5,446(+4),01066,[西]岡田稲男,356803,インゼルレーシング,,,,,,,"4,14(1,3,12)8(2,9,13)11(6,7)16,15(5,10)",3,3,1.5,False,"(*4,14)12(1,3,8)(9,13)2(7,11)(6,16)15,10-5",3,1,0.0,False,"(*4,14)(3,12)8(1,9,13)(2,7,11)(6,16)(15,10)=5",3,2,0.0,False,-6,開催6日目でAコース6日目。先行馬の負荷が高く、中団から後方で控えた差し馬が台頭。
202307040608,8,3歳以上1勝クラス,芝,1600,晴,良,13:35,2023-12-17,中京,8,1,2,2020110154,デッドリー,牝3,55,01171,西村淳也,1:35.1,ハナ,7-9-9,34.7,4.1,2,450(+6),01137,[西]中内田充,030060,Ｈ．Ｈ．シェイク・フ...,,,,,,,"4,14(1,3,12)8(2,9,13)11(6,7)16,15(5,10)",7,3,1.5,False,"(*4,14)12(1,3,8)(9,13)2(7,11)(6,16)15,10-5",9,1,0.0,False,"(*4,14)(3,12)8(1,9,13)(2,7,11)(6,16)(15,10)=5",9,3,0.0,False,-6,開催6日目でAコース6日目。先行馬の負荷が高く、中団から後方で控えた差し馬が台頭。
202307040608,8,3歳以上1勝クラス,芝,1600,晴,良,13:35,2023-12-17,中京,9,4,7,2019104746,イヴニングスター,牡4,58,01161,菊沢一樹,1:35.1,クビ,11-10-9,34.6,25.5,8,506(+2),01054,[東]戸田博文,338007,村野康司,,,,,,,"4,14(1,3,12)8(2,9,13)11(6,7)16,15(5,10)",11,2,1.5,False,"(*4,14)12(1,3,8)(9,13)2(7,11)(6,16)15,10-5",10,2,0.0,False,"(*4,14)(3,12)8(1,9,13)(2,7,11)(6,16)(15,10)=5",9,3,0.0,False,-6,開催6日目でAコース6日目。先行馬の負荷が高く、中団から後方で控えた差し馬が台頭。
202307040608,8,3歳以上1勝クラス,芝,1600,晴,良,13:35,2023-12-17,中京,10,7,14,2019106143,ショウナンダール,牡4,58,01178,斎藤新,1:35.1,アタマ,2-2-2,35.4,16.9,6,500(-4),00399,[東]国枝栄,331002,国本哲秀,,,,,,,"4,14(1,3,12)8(2,9,13)11(6,7)16,15(5,10)",2,1,1.5,False,"(*4,14)12(1,3,8)(9,13)2(7,11)(6,16)15,10-5",2,2,0.0,False,"(*4,14)(3,12)8(1,9,13)(2,7,11)(6,16)(15,10)=5",2,2,0.0,False,-6,開催6日目でAコース6日目。先行馬の負荷が高く、中団から後方で控えた差し馬が台頭。
202307040608,8,3歳以上1勝クラス,芝,1600,晴,良,13:35,2023-12-17,中京,11,8,16,2020105951,ヴェンチュラムーン,牡3,56,01185,小沢大仁,1:35.2,1/2,13-12-12,34.4,20.7,7,446(+8),01068,[東]小島茂之,266008,西見徹也,,,,,,,"4,14(1,3,12)8(2,9,13)11(6,7)16,15(5,10)",13,1,1.5,False,"(*4,14)12(1,3,8)(9,13)2(7,11)(6,16)15,10-5",12,2,0.0,False,"(*4,14)(3,12)8(1,9,13)(2,7,11)(6,16)(15,10)=5",12,2,0.0,False,-6,開催6日目でAコース6日目。先行馬の負荷が高く、中団から後方で控えた差し馬が台頭。
202307040608,8,3歳以上1勝クラス,芝,1600,晴,良,13:35,2023-12-17,中京,12,5,10,2019101446,ワンリオン,牡4,58,01176,亀田温心,1:35.6,2.1/2,15-15-14,34.6,336.0,16,488(+4),01078,[西]北出成人,889006,河村祥史,,,,,,,"4,14(1,3,12)8(2,9,13)11(6,7)16,15(5,10)",15,2,3.0,False,"(*4,14)12(1,3,8)(9,13)2(7,11)(6,16)15,10-5",15,1,1.5,False,"(*4,14)(3,12)8(1,9,13)(2,7,11)(6,16)(15,10)=5",14,2,0.0,False,-6,開催6日目でAコース6日目。先行馬の負荷が高く、中団から後方で控えた差し馬が台頭。
202307040608,8,3歳以上1勝クラス,芝,1600,晴,良,13:35,2023-12-17,中京,13,1,1,2020106407,ライブリームーラン,牝3,55,05625,ドイル,1:36.0,2.1/2,3-4-6,35.8,37.7,11,504(+4),01102,[東]大竹正博,309008,山科統,,,,,,,"4,14(1,3,12)8(2,9,13)11(6,7)16,15(5,10)",3,3,1.5,False,"(*4,14)12(1,3,8)(9,13)2(7,11)(6,16)15,10-5",4,3,0.0,False,"(*4,14)(3,12)8(1,9,13)(2,7,11)(6,16)(15,10)=5",6,3,0.0,False,-6,開催6日目でAコース6日目。先行馬の負荷が高く、中団から後方で控えた差し馬が台頭。
202307040608,8,3歳以上1勝クラス,芝,1600,晴,良,13:35,2023-12-17,中京,14,2,4,2020101184,シャイニースイフト,牡3,54,01205,小林勝太,1:36.4,2,1-1-1,36.7,45.8,12,438(+2),01052,[東]菊川正達,531006,小林昌志,,,,,,,"4,14(1,3,12)8(2,9,13)11(6,7)16,15(5,10)",1,1,0.0,False,"(*4,14)12(1,3,8)(9,13)2(7,11)(6,16)15,10-5",1,2,0.0,True,"(*4,14)(3,12)8(1,9,13)(2,7,11)(6,16)(15,10)=5",1,2,0.0,True,-6,開催6日目でAコース6日目。先行馬の負荷が高く、中団から後方で控えた差し馬が台頭。
202307040608,8,3歳以上1勝クラス,芝,1600,晴,良,13:35,2023-12-17,中京,15,3,6,2019105148,カズラポニアン,牡4,58,01127,丸山元気,1:36.5,1/2,11-12-12,35.7,255.8,14,482(-2),01175,[東]宮田敬介,879800,雅苑興業,,,,,,,"4,14(1,3,12)8(2,9,13)11(6,7)16,15(5,10)",11,2,1.5,False,"(*4,14)12(1,3,8)(9,13)2(7,11)(6,16)15,10-5",12,2,0.0,False,"(*4,14)(3,12)8(1,9,13)(2,7,11)(6,16)(15,10)=5",12,2,0.0,False,-6,開催6日目でAコース6日目。先行馬の負荷が高く、中団から後方で控えた差し馬が台頭。
202307040608,8,3歳以上1勝クラス,芝,1600,晴,良,13:35,2023-12-17,中京,16,3,5,2020104765,サトノウェーブ,牡3,57,01160,荻野極,1:37.5,6,15-16-16,35.3,259.5,15,496(+6),01162,[東]田中博康,790031,里見治,,,,,,,"4,14(1,3,12)8(2,9,13)11(6,7)16,15(5,10)",15,2,3.0,False,"(*4,14)12(1,3,8)(9,13)2(7,11)(6,16)15,10-5",16,1,5.0,False,"(*4,14)(3,12)8(1,9,13)(2,7,11)(6,16)(15,10)=5",16,1,6.0,False,-6,開催6日目でAコース6日目。先行馬の負荷が高く、中団から後方で控えた差し馬が台頭。
202307040609,9,寒椿賞(1勝),ダ,1400,晴,稍重,14:05,2023-12-17,中京,1,8,10,2021106640,ラムジェット,牡2,56,01122,三浦皇成,1:26.0,,8-6,36.5,3.9,2,496(-4),00429,[西]佐々木晶,948006,前田幸治,"1,095.2",,,,,,,,,,,"(*8,6)(2,9,11,5)7(1,10)4-3",8,2,0.0,False,"(*8,6)(2,5)11(1,9,10)7,4-3",6,3,0.0,False,3,
202307040609,9,寒椿賞(1勝),ダ,1400,晴,稍重,14:05,2023-12-17,中京,2,7,8,2021100895,サフランヒーロー,牡2,56,01171,西村淳也,1:26.2,1,1-1,37.3,20.1,6,446(-2),01010,[東]中野栄治,471002,海原聖一,437.2,,,,,,,,,,,"(*8,6)(2,9,11,5)7(1,10)4-3",1,2,0.0,True,"(*8,6)(2,5)11(1,9,10)7,4-3",1,2,0.0,True,3,
202307040609,9,寒椿賞(1勝),ダ,1400,晴,稍重,14:05,2023-12-17,中京,3,5,5,2021105849,オコタンペ,牡2,56,01095,吉田隼人,1:26.6,2.1/2,3-3,37.4,9.4,4,488(+2),01105,[西]須貝尚介,708800,金子真人ホールディン...,273.6,,,,,,,,,,,"(*8,6)(2,9,11,5)7(1,10)4-3",3,4,0.0,False,"(*8,6)(2,5)11(1,9,10)7,4-3",3,2,0.0,False,3,
202307040609,9,寒椿賞(1勝),ダ,1400,晴,稍重,14:05,2023-12-17,中京,4,6,6,2021101448,タイセイリアル,牡2,56,01085,松岡正海,1:26.8,1,2-2,37.9,2.6,1,452(+2),01075,[西]矢作芳人,224007,田中成奉,160.0,,,,,,,,,,,"(*8,6)(2,9,11,5)7(1,10)4-3",2,2,0.0,False,"(*8,6)(2,5)11(1,9,10)7,4-3",2,2,0.0,False,3,
202307040609,9,寒椿賞(1勝),ダ,1400,晴,稍重,14:05,2023-12-17,中京,5,6,7,2021106264,デュアルロンド,牡2,56,01178,斎藤新,1:26.9,1/2,7-9,37.5,197.7,11,452(+5),05615,[地]佐久間雅,014034,坂田栄一,107.0,,,,,,,,,,,"(*8,6)(2,9,11,5)7(1,10)4-3",7,1,0.0,False,"(*8,6)(2,5)11(1,9,10)7,4-3",9,1,0.0,False,3,
202307040609,9,寒椿賞(1勝),ダ,1400,晴,稍重,14:05,2023-12-17,中京,6,2,2,2021100709,カネトシゴウト,牡2,56,01019,秋山真一,1:27.0,1,3-3,37.8,53.8,8,458(-4),01065,[西]大橋勇樹,939006,兼松昌男,,,,,,,,,,,,"(*8,6)(2,9,11,5)7(1,10)4-3",3,4,0.0,False,"(*8,6)(2,5)11(1,9,10)7,4-3",3,2,0.0,False,3,
202307040609,9,寒椿賞(1勝),ダ,1400,晴,稍重,14:05,2023-12-17,中京,7,8,11,2021102629,モズパシュート,牡2,56,01176,亀田温心,1:27.1,1/2,3-5,37.9,30.4,7,512(-2),01180,[西]田中克典,005803,キャピタル・システム,,,,,,,,,,,,"(*8,6)(2,9,11,5)7(1,10)4-3",3,4,0.0,False,"(*8,6)(2,5)11(1,9,10)7,4-3",5,1,0.0,False,3,
202307040609,9,寒椿賞(1勝),ダ,1400,晴,稍重,14:05,2023-12-17,中京,8,4,4,2021107089,ニシノアウェイク,牡2,56,01127,丸山元気,1:27.1,アタマ,10-10,37.5,11.6,5,464(-4),01023,[東]伊藤圭三,897009,西山茂行,,,,,,,,,,,,"(*8,6)(2,9,11,5)7(1,10)4-3",10,1,0.0,False,"(*8,6)(2,5)11(1,9,10)7,4-3",10,1,1.5,False,3,
202307040609,9,寒椿賞(1勝),ダ,1400,晴,稍重,14:05,2023-12-17,中京,9,1,1,2021101289,ディーノサンライズ,牝2,55,01116,藤岡康太,1:27.3,3/4,8-6,37.8,57.0,9,448(+6),01135,[西]高橋康之,876033,坂本守孝,,,,,,,,,,,,"(*8,6)(2,9,11,5)7(1,10)4-3",8,2,0.0,False,"(*8,6)(2,5)11(1,9,10)7,4-3",6,3,0.0,False,3,
202307040609,9,寒椿賞(1勝),ダ,1400,晴,稍重,14:05,2023-12-17,中京,10,7,9,2021106033,トニーテソーロ,牡2,56,01187,永島まな,1:28.4,7,3-6,39.2,64.6,10,480(+2),01048,[東]畠山吉宏,089803,了徳寺健二ホールディ...,,,,,,,,,,,,"(*8,6)(2,9,11,5)7(1,10)4-3",3,4,0.0,False,"(*8,6)(2,5)11(1,9,10)7,4-3",6,3,0.0,False,3,
202307040609,9,寒椿賞(1勝),ダ,1400,晴,稍重,14:05,2023-12-17,中京,11,3,3,2021101576,レオテミス,牝2,55,01197,佐々木大,1:28.6,1.1/4,11-11,38.6,4.3,3,484(-6),01159,[西]高柳大輔,209800,レオ,,,,,,,,,,,,"(*8,6)(2,9,11,5)7(1,10)4-3",11,1,3.5,False,"(*8,6)(2,5)11(1,9,10)7,4-3",11,1,5.0,False,3,
202307040610,10,桑名特別(2勝),芝,1200,晴,良,14:40,2023-12-17,中京,1,2,4,2018104663,タウゼントシェーン,牝5,53,01116,藤岡康太,1:08.9,,3-3,34.3,9.1,4,444(0),01185,[西]小林真也,415800,社台レースホース,"1,584.3",,,,,,,,,,,"7,11-(3,4)(2,13)(1,8,15)14,5(6,10,9)-12-16",3,2,5.0,False,"7,11(3,4,13)(2,1)(8,15)5,14,9(6,10)12-16",3,3,1.5,False,-6,開催6日目でAコース6日目。先行馬の負荷が高く、中団から後方で控えた差し馬が台頭。
202307040610,10,桑名特別(2勝),芝,1200,晴,良,14:40,2023-12-17,中京,2,4,8,2017101991,テンジュイン,牝6,52,01154,松若風馬,1:09.1,1.1/4,7-8,34.2,70.4,15,468(+10),01120,[西]千田輝彦,471033,中村政夫,629.8,,,,,,,,,,,"7,11-(3,4)(2,13)(1,8,15)14,5(6,10,9)-12-16",7,3,5.0,False,"7,11(3,4,13)(2,1)(8,15)5,14,9(6,10)12-16",8,2,1.5,False,-6,開催6日目でAコース6日目。先行馬の負荷が高く、中団から後方で控えた差し馬が台頭。
202307040610,10,桑名特別(2勝),芝,1200,晴,良,14:40,2023-12-17,中京,3,7,13,2017102809,ガリレイ,セ6,57,01199,角田大河,1:09.1,クビ,5-3,34.4,5.1,2,516(+6),01136,[西]高橋亮,045803,カナヤマホールディン...,394.9,,,,,,,,,,,"7,11-(3,4)(2,13)(1,8,15)14,5(6,10,9)-12-16",5,2,5.0,False,"7,11(3,4,13)(2,1)(8,15)5,14,9(6,10)12-16",3,3,1.5,False,-6,開催6日目でAコース6日目。先行馬の負荷が高く、中団から後方で控えた差し馬が台頭。
202307040610,10,桑名特別(2勝),芝,1200,晴,良,14:40,2023-12-17,中京,4,1,1,2017101767,ベンガン,牡6,56,01085,松岡正海,1:09.2,クビ,7-6,34.4,11.8,7,476(+8),01120,[西]千田輝彦,892002,小林薫,230.0,,,,,,,,,,,"7,11-(3,4)(2,13)(1,8,15)14,5(6,10,9)-12-16",7,3,5.0,False,"7,11(3,4,13)(2,1)(8,15)5,14,9(6,10)12-16",6,2,1.5,False,-6,開催6日目でAコース6日目。先行馬の負荷が高く、中団から後方で控えた差し馬が台頭。
202307040610,10,桑名特別(2勝),芝,1200,晴,良,14:40,2023-12-17,中京,5,6,12,2018106455,メイショウハボタン,牝5,54,01127,丸山元気,1:09.2,クビ,15-15,33.5,46.2,13,478(-2),01099,[西]本田優,523005,松本好雄,155.0,,,,,,,,,,,"7,11-(3,4)(2,13)(1,8,15)14,5(6,10,9)-12-16",15,1,10.0,False,"7,11(3,4,13)(2,1)(8,15)5,14,9(6,10)12-16",15,1,4.5,False,-6,開催6日目でAコース6日目。先行馬の負荷が高く、中団から後方で控えた差し馬が台頭。
202307040610,10,桑名特別(2勝),芝,1200,晴,良,14:40,2023-12-17,中京,6,3,5,2020101262,エコロレジーナ,牝3,53,01161,菊沢一樹,1:09.3,クビ,11-10,34.2,4.8,1,488(+4),01115,[東]菊沢隆徳,783033,原村正紀,,,,,,,,,,,,"7,11-(3,4)(2,13)(1,8,15)14,5(6,10,9)-12-16",11,1,6.5,False,"7,11(3,4,13)(2,1)(8,15)5,14,9(6,10)12-16",10,1,1.5,False,-6,開催6日目でAコース6日目。先行馬の負荷が高く、中団から後方で控えた差し馬が台頭。
202307040610,10,桑名特別(2勝),芝,1200,晴,良,14:40,2023-12-17,中京,7,3,6,2020100736,ビッグボーンリタ,牝3,52,01187,永島まな,1:09.5,1.1/4,12-13,34.0,14.3,9,456(+4),01135,[西]高橋康之,117800,高昭牧場,,,,,,,,,,,,"7,11-(3,4)(2,13)(1,8,15)14,5(6,10,9)-12-16",12,3,6.5,False,"7,11(3,4,13)(2,1)(8,15)5,14,9(6,10)12-16",13,2,4.5,False,-6,開催6日目でAコース6日目。先行馬の負荷が高く、中団から後方で控えた差し馬が台頭。
202307040610,10,桑名特別(2勝),芝,1200,晴,良,14:40,2023-12-17,中京,8,1,2,2018103181,シゲルセンム,牝5,52,01019,秋山真一,1:09.5,ハナ,5-6,34.7,45.9,12,482(-6),00431,[西]谷潔,088034,關美和,,,,,,,,,,,,"7,11-(3,4)(2,13)(1,8,15)14,5(6,10,9)-12-16",5,2,5.0,False,"7,11(3,4,13)(2,1)(8,15)5,14,9(6,10)12-16",6,2,1.5,False,-6,開催6日目でAコース6日目。先行馬の負荷が高く、中団から後方で控えた差し馬が台頭。
202307040610,10,桑名特別(2勝),芝,1200,晴,良,14:40,2023-12-17,中京,9,7,14,2018105163,ドナウエレン,牝5,54,01178,斎藤新,1:09.5,クビ,10-11,34.3,5.7,3,502(0),01117,[西]高野友和,226800,サンデーレーシング,,,,,,,,,,,,"7,11-(3,4)(2,13)(1,8,15)14,5(6,10,9)-12-16",10,1,5.0,False,"7,11(3,4,13)(2,1)(8,15)5,14,9(6,10)12-16",11,1,3.0,False,-6,開催6日目でAコース6日目。先行馬の負荷が高く、中団から後方で控えた差し馬が台頭。
202307040610,10,桑名特別(2勝),芝,1200,晴,良,14:40,2023-12-17,中京,10,6,11,2019105050,メルヴィル,牝4,53,05625,ドイル,1:09.7,3/4,2-2,35.4,12.3,8,436(-6),01002,[西]音無秀孝,486800,キャロットファーム,,,,,,,,,,,,"7,11-(3,4)(2,13)(1,8,15)14,5(6,10,9)-12-16",2,1,1.5,False,"7,11(3,4,13)(2,1)(8,15)5,14,9(6,10)12-16",2,1,1.5,False,-6,開催6日目でAコース6日目。先行馬の負荷が高く、中団から後方で控えた差し馬が台頭。
202307040610,10,桑名特別(2勝),芝,1200,晴,良,14:40,2023-12-17,中京,11,4,7,2018105873,ミキノバスドラム,牡5,52,01205,小林勝太,1:09.9,1.1/4,1-1,35.8,127.8,16,514(-4),00437,[東]南田美知,918002,谷口久和,,,,,,,,,,,,"7,11-(3,4)(2,13)(1,8,15)14,5(6,10,9)-12-16",1,1,0.0,False,"7,11(3,4,13)(2,1)(8,15)5,14,9(6,10)12-16",1,1,0.0,False,-6,開催6日目でAコース6日目。先行馬の負荷が高く、中団から後方で控えた差し馬が台頭。
202307040610,10,桑名特別(2勝),芝,1200,晴,良,14:40,2023-12-17,中京,12,5,10,2020104942,シルフィードレーヴ,牝3,53,01102,北村友一,1:09.9,アタマ,12-13,34.4,10.3,6,446(0),01028,[西]西園正都,275031,山崎太嗣,,,,,,,,,,,,"7,11-(3,4)(2,13)(1,8,15)14,5(6,10,9)-12-16",12,3,6.5,False,"7,11(3,4,13)(2,1)(8,15)5,14,9(6,10)12-16",13,2,4.5,False,-6,開催6日目でAコース6日目。先行馬の負荷が高く、中団から後方で控えた差し馬が台頭。
202307040610,10,桑名特別(2勝),芝,1200,晴,良,14:40,2023-12-17,中京,13,8,15,2018103920,ノックオンウッド,セ5,54,01197,佐々木大,1:09.9,クビ,7-8,34.9,35.6,10,504(+10),01070,[東]堀宣行,506800,シルクレーシング,,,,,,,,,,,,"7,11-(3,4)(2,13)(1,8,15)14,5(6,10,9)-12-16",7,3,5.0,False,"7,11(3,4,13)(2,1)(8,15)5,14,9(6,10)12-16",8,2,1.5,False,-6,開催6日目でAコース6日目。先行馬の負荷が高く、中団から後方で控えた差し馬が台頭。
202307040610,10,桑名特別(2勝),芝,1200,晴,良,14:40,2023-12-17,中京,14,5,9,2018109052,エコロデイジー,牝5,55,01124,国分恭介,1:10.0,1/2,12-12,34.7,9.6,5,496(+12),01113,[西]牧浦充徳,783033,原村正紀,,,,,,,,,,,,"7,11-(3,4)(2,13)(1,8,15)14,5(6,10,9)-12-16",12,3,6.5,False,"7,11(3,4,13)(2,1)(8,15)5,14,9(6,10)12-16",12,1,4.5,False,-6,開催6日目でAコース6日目。先行馬の負荷が高く、中団から後方で控えた差し馬が台頭。
202307040610,10,桑名特別(2勝),芝,1200,晴,良,14:40,2023-12-17,中京,15,2,3,2020101492,シンリンゲンカイ,牝3,52,01160,荻野極,1:10.5,3,3-3,35.9,62.4,14,472(+4),01043,[東]石栗龍彦,714031,酒井孝敏,,,,,,,,,,,,"7,11-(3,4)(2,13)(1,8,15)14,5(6,10,9)-12-16",3,2,5.0,False,"7,11(3,4,13)(2,1)(8,15)5,14,9(6,10)12-16",3,3,1.5,False,-6,開催6日目でAコース6日目。先行馬の負荷が高く、中団から後方で控えた差し馬が台頭。
202307040610,10,桑名特別(2勝),芝,1200,晴,良,14:40,2023-12-17,中京,16,8,16,2019105224,テキサスフィズ,牝4,52,01186,角田大和,1:11.1,3.1/2,16-16,34.9,43.2,11,468(-10),01185,[西]小林真也,506800,シルクレーシング,,,,,,,,,,,,"7,11-(3,4)(2,13)(1,8,15)14,5(6,10,9)-12-16",16,1,13.5,False,"7,11(3,4,13)(2,1)(8,15)5,14,9(6,10)12-16",16,1,8.0,False,-6,開催6日目でAコース6日目。先行馬の負荷が高く、中団から後方で控えた差し馬が台頭。
202307040611,11,コールドムーンS(OP),ダ,1400,晴,良,15:20,2023-12-17,中京,1,2,4,2019106214,フルム,牡4,58,01133,水口優也,1:24.1,,9-9,37.5,7.8,5,488(+8),01138,[西]浜田多実,065803,京都ホースレーシング,"2,235.0",,,,,,,,,,,"(*11,15,13)(2,5,6,14)10(4,7)16-3,1,12(8,9)",9,2,0.0,False,"(11,*15,13)(2,5,6,14)10(4,7)16-3,1(12,9)8",9,2,0.0,False,0,
202307040611,11,コールドムーンS(OP),ダ,1400,晴,良,15:20,2023-12-17,中京,2,4,7,2019105859,エーティーマクフィ,牡4,58,01168,富田暁,1:24.2,クビ,9-9,37.6,4.7,1,480(-2),01161,[西]武英智,055030,岡田隆寛,890.0,,,,,,,,,,,"(*11,15,13)(2,5,6,14)10(4,7)16-3,1,12(8,9)",9,2,0.0,False,"(11,*15,13)(2,5,6,14)10(4,7)16-3,1(12,9)8",9,2,0.0,False,0,
202307040611,11,コールドムーンS(OP),ダ,1400,晴,良,15:20,2023-12-17,中京,3,7,14,2018100389,シャンブル,牝5,56,01095,吉田隼人,1:24.4,1.1/2,4-4,38.5,45.1,12,496(-8),01130,[西]吉村圭司,888800,ＣＨＥＶＡＬＡＴＴＡ...,555.0,,,,,,,,,,,"(*11,15,13)(2,5,6,14)10(4,7)16-3,1,12(8,9)",4,4,0.0,False,"(11,*15,13)(2,5,6,14)10(4,7)16-3,1(12,9)8",4,4,0.0,False,0,
202307040611,11,コールドムーンS(OP),ダ,1400,晴,良,15:20,2023-12-17,中京,4,1,2,2019100629,レオノーレ,牝4,56,01122,三浦皇成,1:24.5,1/2,4-4,38.6,8.8,6,492(-2),00438,[西]安田隆行,242031,前田幸大,330.0,,,,,,,,,,,"(*11,15,13)(2,5,6,14)10(4,7)16-3,1,12(8,9)",4,4,0.0,False,"(11,*15,13)(2,5,6,14)10(4,7)16-3,1(12,9)8",4,4,0.0,False,0,
202307040611,11,コールドムーンS(OP),ダ,1400,晴,良,15:20,2023-12-17,中京,5,2,3,2019100297,カセノダンサー,牝4,56,01093,藤岡佑介,1:24.6,クビ,12-12,37.4,6.9,4,486(-6),01069,[西]中尾秀正,759033,平川進,220.0,,,,,,,,,,,"(*11,15,13)(2,5,6,14)10(4,7)16-3,1,12(8,9)",12,1,3.5,False,"(11,*15,13)(2,5,6,14)10(4,7)16-3,1(12,9)8",12,1,3.5,False,0,
202307040611,11,コールドムーンS(OP),ダ,1400,晴,良,15:20,2023-12-17,中京,6,5,9,2019103593,ハセドン,牡4,59,01102,北村友一,1:24.8,1.1/2,15-14,36.8,10.3,7,480(+6),01164,[西]安田翔伍,195031,三木正浩,,,,,,,,,,,,"(*11,15,13)(2,5,6,14)10(4,7)16-3,1,12(8,9)",15,2,6.5,False,"(11,*15,13)(2,5,6,14)10(4,7)16-3,1(12,9)8",14,2,5.0,False,0,
202307040611,11,コールドムーンS(OP),ダ,1400,晴,良,15:20,2023-12-17,中京,7,6,12,2018101984,クインズメリッサ,牝5,56,01124,国分恭介,1:24.9,1/2,14-14,37.2,31.3,10,484(-2),01073,[西]宮本博,331803,ケイアイスタリオン,,,,,,,,,,,,"(*11,15,13)(2,5,6,14)10(4,7)16-3,1,12(8,9)",14,1,6.5,False,"(11,*15,13)(2,5,6,14)10(4,7)16-3,1(12,9)8",14,2,5.0,False,0,
202307040611,11,コールドムーンS(OP),ダ,1400,晴,良,15:20,2023-12-17,中京,8,3,6,2019105075,エルバリオ,牡4,58,01171,西村淳也,1:25.0,クビ,4-4,39.0,5.8,3,530(-10),01117,[西]高野友和,226800,サンデーレーシング,,,,,,,,,,,,"(*11,15,13)(2,5,6,14)10(4,7)16-3,1,12(8,9)",4,4,0.0,False,"(11,*15,13)(2,5,6,14)10(4,7)16-3,1(12,9)8",4,4,0.0,False,0,
202307040611,11,コールドムーンS(OP),ダ,1400,晴,良,15:20,2023-12-17,中京,9,8,15,2018105998,ロードエクレール,牡5,58,01178,斎藤新,1:25.3,2,2-1,39.6,88.3,15,482(+8),01086,[東]斎藤誠,170800,ロードホースクラブ,,,,,,,,,,,,"(*11,15,13)(2,5,6,14)10(4,7)16-3,1,12(8,9)",2,3,0.0,False,"(11,*15,13)(2,5,6,14)10(4,7)16-3,1(12,9)8",1,3,0.0,True,0,
202307040611,11,コールドムーンS(OP),ダ,1400,晴,良,15:20,2023-12-17,中京,10,8,16,2014102562,アーバンイェーガー,牡9,58,01160,荻野極,1:25.5,1.1/4,11-11,38.8,60.9,14,506(0),01134,[東]高橋文雅,555031,村木克成,,,,,,,,,,,,"(*11,15,13)(2,5,6,14)10(4,7)16-3,1,12(8,9)",11,1,0.0,False,"(11,*15,13)(2,5,6,14)10(4,7)16-3,1(12,9)8",11,1,0.0,False,0,
202307040611,11,コールドムーンS(OP),ダ,1400,晴,良,15:20,2023-12-17,中京,11,3,5,2018103116,サトノロイヤル,牡5,58,01152,小崎綾也,1:25.5,クビ,4-4,39.5,46.7,13,520(+22),01172,[西]新谷功一,790031,里見治,,,,,,,,,,,,"(*11,15,13)(2,5,6,14)10(4,7)16-3,1,12(8,9)",4,4,0.0,False,"(11,*15,13)(2,5,6,14)10(4,7)16-3,1(12,9)8",4,4,0.0,False,0,
202307040611,11,コールドムーンS(OP),ダ,1400,晴,良,15:20,2023-12-17,中京,12,1,1,2020103589,ブトンドール,牝3,55,01197,佐々木大,1:25.7,1,13-13,38.2,22.7,8,494(+12),01144,[西]池添学,879800,雅苑興業,,,,,,,,,,,,"(*11,15,13)(2,5,6,14)10(4,7)16-3,1,12(8,9)",13,1,5.0,False,"(11,*15,13)(2,5,6,14)10(4,7)16-3,1(12,9)8",13,1,5.0,False,0,
202307040611,11,コールドムーンS(OP),ダ,1400,晴,良,15:20,2023-12-17,中京,13,5,10,2017104172,メイショウチタン,牡6,58,01116,藤岡康太,1:26.3,3.1/2,8-8,40.0,30.7,9,476(+2),01099,[西]本田優,523005,松本好雄,,,,,,,,,,,,"(*11,15,13)(2,5,6,14)10(4,7)16-3,1,12(8,9)",8,1,0.0,False,"(11,*15,13)(2,5,6,14)10(4,7)16-3,1(12,9)8",8,1,0.0,False,0,
202307040611,11,コールドムーンS(OP),ダ,1400,晴,良,15:20,2023-12-17,中京,14,4,8,2016102534,イーサンパンサー,牡7,58,01198,土田真翔,1:26.5,1.1/4,15-16,38.6,393.9,16,486(+4),01010,[東]中野栄治,544008,国本勇,,,,,,,,,,,,"(*11,15,13)(2,5,6,14)10(4,7)16-3,1,12(8,9)",15,2,6.5,False,"(11,*15,13)(2,5,6,14)10(4,7)16-3,1(12,9)8",16,1,5.0,False,0,
202307040611,11,コールドムーンS(OP),ダ,1400,晴,良,15:20,2023-12-17,中京,15,7,13,2019105972,ジレトール,牡4,58,05625,ドイル,1:26.8,1.1/2,2-2,41.1,5.4,2,488(+6),01092,[西]松永幹夫,486800,キャロットファーム,,,,,,,,,,,,"(*11,15,13)(2,5,6,14)10(4,7)16-3,1,12(8,9)",2,3,0.0,False,"(11,*15,13)(2,5,6,14)10(4,7)16-3,1(12,9)8",2,3,0.0,False,0,
202307040611,11,コールドムーンS(OP),ダ,1400,晴,良,15:20,2023-12-17,中京,16,6,11,2017106084,メイショウテンスイ,牡6,60,01154,松若風馬,1:27.2,2.1/2,1-2,41.5,40.7,11,538(+16),01072,[西]河内洋,523005,松本好雄,,,,,,,,,,,,"(*11,15,13)(2,5,6,14)10(4,7)16-3,1,12(8,9)",1,3,0.0,True,"(11,*15,13)(2,5,6,14)10(4,7)16-3,1(12,9)8",2,3,0.0,False,0,
202307040612,12,尾張特別(2勝),芝,2200,晴,良,16:01,2023-12-17,中京,1,5,5,2020105786,マイネルエンペラー,牡3,56,01085,松岡正海,2:15.1,,4-4-4-4,34.1,3.7,3,472(0),01110,[西]清水久詞,546800,サラブレッドクラブ・...,"1,571.7","4(8,9)5,7,2,3-1=6",4,1,0.0,False,"4(8,9)5,7,2,3-1=6",4,1,0.0,False,"4(8,9)5(2,7)3,1-6",4,1,0.0,False,"4(8,9)5,2,7,3,1-6",4,1,0.0,False,-6,開催6日目でAコース6日目。先行馬の負荷が高く、中団から後方で控えた差し馬が台頭。
202307040612,12,尾張特別(2勝),芝,2200,晴,良,16:01,2023-12-17,中京,2,4,4,2019104092,メイショウゲキリン,牡4,58,01171,西村淳也,2:15.1,クビ,1-1-1-1,34.4,3.0,2,518(0),01104,[西]笹田和秀,523005,松本好雄,626.2,"4(8,9)5,7,2,3-1=6",1,1,0.0,False,"4(8,9)5,7,2,3-1=6",1,1,0.0,False,"4(8,9)5(2,7)3,1-6",1,1,0.0,False,"4(8,9)5,2,7,3,1-6",1,1,0.0,False,-6,開催6日目でAコース6日目。先行馬の負荷が高く、中団から後方で控えた差し馬が台頭。
202307040612,12,尾張特別(2勝),芝,2200,晴,良,16:01,2023-12-17,中京,3,3,3,2020100976,ハギノアルデバラン,牡3,56,01122,三浦皇成,2:15.3,1.1/4,7-7-7-7,34.0,2.5,1,516(+8),01046,[西]鮫島一歩,631006,安岡美津子,393.1,"4(8,9)5,7,2,3-1=6",7,1,4.5,False,"4(8,9)5,7,2,3-1=6",7,1,4.5,False,"4(8,9)5(2,7)3,1-6",7,1,0.0,False,"4(8,9)5,2,7,3,1-6",7,1,4.5,False,-6,開催6日目でAコース6日目。先行馬の負荷が高く、中団から後方で控えた差し馬が台頭。
202307040612,12,尾張特別(2勝),芝,2200,晴,良,16:01,2023-12-17,中京,4,8,8,2018104512,エルディアブロ,牡5,58,01168,富田暁,2:15.5,1.1/4,2-2-2-2,34.6,13.8,5,450(-2),00429,[西]佐々木晶,415800,社台レースホース,230.0,"4(8,9)5,7,2,3-1=6",2,2,0.0,False,"4(8,9)5,7,2,3-1=6",2,2,0.0,False,"4(8,9)5(2,7)3,1-6",2,2,0.0,False,"4(8,9)5,2,7,3,1-6",2,2,0.0,False,-6,開催6日目でAコース6日目。先行馬の負荷が高く、中団から後方で控えた差し馬が台頭。
202307040612,12,尾張特別(2勝),芝,2200,晴,良,16:01,2023-12-17,中京,5,1,1,2019105877,デルマグレムリン,牡4,58,05625,ドイル,2:15.6,1/2,8-8-8-8,34.0,10.1,4,450(+2),01193,[西]緒方努,274002,浅沼廣幸,155.0,"4(8,9)5,7,2,3-1=6",8,1,8.0,False,"4(8,9)5,7,2,3-1=6",8,1,8.0,False,"4(8,9)5(2,7)3,1-6",8,1,1.5,False,"4(8,9)5,2,7,3,1-6",8,1,6.0,False,-6,開催6日目でAコース6日目。先行馬の負荷が高く、中団から後方で控えた差し馬が台頭。
202307040612,12,尾張特別(2勝),芝,2200,晴,良,16:01,2023-12-17,中京,6,7,7,2016100126,ダディーズトリップ,牡7,58,01019,秋山真一,2:15.8,1,5-5-5-6,34.6,35.6,7,456(0),01120,[西]千田輝彦,754030,田島大史,,"4(8,9)5,7,2,3-1=6",5,1,1.5,False,"4(8,9)5,7,2,3-1=6",5,1,1.5,False,"4(8,9)5(2,7)3,1-6",5,2,0.0,False,"4(8,9)5,2,7,3,1-6",6,1,3.0,False,-6,開催6日目でAコース6日目。先行馬の負荷が高く、中団から後方で控えた差し馬が台頭。
202307040612,12,尾張特別(2勝),芝,2200,晴,良,16:01,2023-12-17,中京,7,2,2,2018105398,ブリングトゥライフ,牝5,56,01095,吉田隼人,2:16.2,2.1/2,6-6-5-5,35.1,70.4,8,484(+8),01188,[西]畑端省吾,808800,Ｇ１レーシング,,"4(8,9)5,7,2,3-1=6",6,1,3.0,False,"4(8,9)5,7,2,3-1=6",6,1,3.0,False,"4(8,9)5(2,7)3,1-6",5,2,0.0,False,"4(8,9)5,2,7,3,1-6",5,1,1.5,False,-6,開催6日目でAコース6日目。先行馬の負荷が高く、中団から後方で控えた差し馬が台頭。
202307040612,12,尾張特別(2勝),芝,2200,晴,良,16:01,2023-12-17,中京,8,8,9,2018101970,タガノカイ,牡5,58,01116,藤岡康太,2:16.2,クビ,2-2-2-2,35.3,22.7,6,508(-12),01018,[西]宮徹,859002,八木良司,,"4(8,9)5,7,2,3-1=6",2,2,0.0,False,"4(8,9)5,7,2,3-1=6",2,2,0.0,False,"4(8,9)5(2,7)3,1-6",2,2,0.0,False,"4(8,9)5,2,7,3,1-6",2,2,0.0,False,-6,開催6日目でAコース6日目。先行馬の負荷が高く、中団から後方で控えた差し馬が台頭。
202307040612,12,尾張特別(2勝),芝,2200,晴,良,16:01,2023-12-17,中京,9,6,6,2015102942,キボウノダイチ,セ8,58,01133,水口優也,2:17.9,10,9-9-9-9,35.6,205.5,9,514(+2),01050,[西]飯田雄三,372008,三宅勝俊,,"4(8,9)5,7,2,3-1=6",9,1,14.0,False,"4(8,9)5,7,2,3-1=6",9,1,14.0,False,"4(8,9)5(2,7)3,1-6",9,1,5.0,False,"4(8,9)5,2,7,3,1-6",9,1,9.5,False,-6,開催6日目でAコース6日目。先行馬の負荷が高く、中団から後方で控えた差し馬が台頭。
