race_id,race_number,race_name,surface,distance_m,weather,going,start_time,race_date,racecourse,finish_pos,waku,umaban,horse_id,horse_name,sex_age,kinryo,jockey_id,jockey_name,time,margin,passing_order,last_3f,odds_final,popularity,weight,trainer_id,trainer_name,owner_id,owner_name,prize,corner1_raw,corner1_rank,corner1_group_size,corner1_gap_len_est,corner1_is_leader,corner2_raw,corner2_rank,corner2_group_size,corner2_gap_len_est,corner2_is_leader,corner3_raw,corner3_rank,corner3_group_size,corner3_gap_len_est,corner3_is_leader,corner4_raw,corner4_rank,corner4_group_size,corner4_gap_len_est,corner4_is_leader,track_index,track_comment
202305040701,1,2歳未勝利,ダ,1600,晴,良,09:55,2023-10-22,東京,1,3,5,2021103140,メイプルタピット,牡2,56,00733,吉田豊,1:39.4,,10-8,37.2,58.2,10,504(+4),00437,[東]南田美知,390002,節英司,550.0,,,,,,,,,,,"2(8,6)(1,12,14,10)(4,7)(5,11,16)-13(3,15)-9",10,3,0.0,False,"2(8,6)(12,14)1,4(5,7,10)(11,16)13(3,15)9",8,3,1.5,False,-9,
202305040701,1,2歳未勝利,ダ,1600,晴,良,09:55,2023-10-22,東京,2,2,4,2021101459,ユイノコミチ,牡2,56,01153,木幡初也,1:39.6,1,8-7,37.6,72.1,12,486(0),01152,[東]竹内正洋,044803,由井健太郎,220.0,,,,,,,,,,,"2(8,6)(1,12,14,10)(4,7)(5,11,16)-13(3,15)-9",8,2,0.0,False,"2(8,6)(12,14)1,4(5,7,10)(11,16)13(3,15)9",7,1,1.5,False,-9,
202305040701,1,2歳未勝利,ダ,1600,晴,良,09:55,2023-10-22,東京,3,3,6,2021105193,マイフォーエバー,牡2,56,00422,内田博幸,1:40.1,3,2-2,38.7,7.3,5,480(+2),01108,[東]矢野英一,015008,青山洋一,140.0,,,,,,,,,,,"2(8,6)(1,12,14,10)(4,7)(5,11,16)-13(3,15)-9",2,2,0.0,False,"2(8,6)(12,14)1,4(5,7,10)(11,16)13(3,15)9",2,2,0.0,False,-9,
202305040701,1,2歳未勝利,ダ,1600,晴,良,09:55,2023-10-22,東京,4,7,13,2021105524,ダイクロアイト,牡2,56,01092,津村明秀,1:40.5,2.1/2,13-13,37.8,6.3,4,456(+12),01017,[東]萩原清,808800,Ｇ１レーシング,83.0,,,,,,,,,,,"2(8,6)(1,12,14,10)(4,7)(5,11,16)-13(3,15)-9",13,1,3.5,False,"2(8,6)(12,14)1,4(5,7,10)(11,16)13(3,15)9",13,1,1.5,False,-9,
202305040701,1,2歳未勝利,ダ,1600,晴,良,09:55,2023-10-22,東京,5,7,14,2021100588,ホワイトビーチ,牡2,55,01197,佐々木大,1:40.7,1.1/4,4-4,39.0,11.9,6,480(+4),01010,[東]中野栄治,312803,ライフエンタープライ...,55.0,,,,,,,,,,,"2(8,6)(1,12,14,10)(4,7)(5,11,16)-13(3,15)-9",4,4,0.0,False,"2(8,6)(12,14)1,4(5,7,10)(11,16)13(3,15)9",4,2,0.0,False,-9,
202305040701,1,2歳未勝利,ダ,1600,晴,良,09:55,2023-10-22,東京,6,6,12,2021105262,ラオラシオン,牡2,56,01150,石川裕紀,1:40.8,クビ,4-4,39.2,3.9,1,486(0),01086,[東]斎藤誠,026803,ＤＭＭドリームクラブ,,,,,,,,,,,,"2(8,6)(1,12,14,10)(4,7)(5,11,16)-13(3,15)-9",4,4,0.0,False,"2(8,6)(12,14)1,4(5,7,10)(11,16)13(3,15)9",4,2,0.0,False,-9,
202305040701,1,2歳未勝利,ダ,1600,晴,良,09:55,2023-10-22,東京,7,1,2,2021103044,ユニヴェール,牡2,56,01179,菅原明良,1:40.8,クビ,1-1,39.6,29.3,7,466(+10),01088,[東]高木登,320803,古賀禎彦,,,,,,,,,,,,"2(8,6)(1,12,14,10)(4,7)(5,11,16)-13(3,15)-9",1,1,0.0,False,"2(8,6)(12,14)1,4(5,7,10)(11,16)13(3,15)9",1,1,0.0,False,-9,
202305040701,1,2歳未勝利,ダ,1600,晴,良,09:55,2023-10-22,東京,8,4,7,2021105982,サンライズガッツ,牡2,56,05386,戸崎圭太,1:40.9,1/2,8-8,38.8,5.9,3,486(+4),01164,[西]安田翔伍,399803,ライフハウス,,,,,,,,,,,,"2(8,6)(1,12,14,10)(4,7)(5,11,16)-13(3,15)-9",8,2,0.0,False,"2(8,6)(12,14)1,4(5,7,10)(11,16)13(3,15)9",8,3,1.5,False,-9,
202305040701,1,2歳未勝利,ダ,1600,晴,良,09:55,2023-10-22,東京,9,8,15,2021102945,レオボヌール,牡2,55,01188,永野猛蔵,1:41.2,1.1/2,14-14,38.3,158.2,13,462(+6),01024,[東]萱野浩二,209800,レオ,,,,,,,,,,,,"2(8,6)(1,12,14,10)(4,7)(5,11,16)-13(3,15)-9",14,2,3.5,False,"2(8,6)(12,14)1,4(5,7,10)(11,16)13(3,15)9",14,2,1.5,False,-9,
202305040701,1,2歳未勝利,ダ,1600,晴,良,09:55,2023-10-22,東京,10,8,16,2021102204,リュウノハイル,牡2,56,01085,松岡正海,1:41.6,2,10-11,39.2,43.1,8,464(+6),01031,[東]伊藤伸一,099031,蓑島竜一,,,,,,,,,,,,"2(8,6)(1,12,14,10)(4,7)(5,11,16)-13(3,15)-9",10,3,0.0,False,"2(8,6)(12,14)1,4(5,7,10)(11,16)13(3,15)9",11,2,1.5,False,-9,
202305040701,1,2歳未勝利,ダ,1600,晴,良,09:55,2023-10-22,東京,11,4,8,2021104058,ライトニングゼウス,牡2,56,01140,横山和生,1:42.0,2.1/2,2-2,40.7,3.9,2,504(+4),01047,[東]勢司和浩,967033,谷岡毅,,,,,,,,,,,,"2(8,6)(1,12,14,10)(4,7)(5,11,16)-13(3,15)-9",2,2,0.0,False,"2(8,6)(12,14)1,4(5,7,10)(11,16)13(3,15)9",2,2,0.0,False,-9,
202305040701,1,2歳未勝利,ダ,1600,晴,良,09:55,2023-10-22,東京,12,5,9,2021101831,マイネルエタナ,牡2,56,01162,木幡巧也,1:42.2,1,16-16,39.0,321.9,15,436(+2),01112,[東]田島俊明,546800,サラブレッドクラブ・...,,,,,,,,,,,,"2(8,6)(1,12,14,10)(4,7)(5,11,16)-13(3,15)-9",16,1,7.0,False,"2(8,6)(12,14)1,4(5,7,10)(11,16)13(3,15)9",16,1,1.5,False,-9,
202305040701,1,2歳未勝利,ダ,1600,晴,良,09:55,2023-10-22,東京,13,2,3,2021103131,テーオーダムール,牡2,56,01096,大野拓弥,1:42.5,2,14-14,39.6,67.6,11,480(+4),01131,[東]蛯名利弘,985031,大橋利幸,,,,,,,,,,,,"2(8,6)(1,12,14,10)(4,7)(5,11,16)-13(3,15)-9",14,2,3.5,False,"2(8,6)(12,14)1,4(5,7,10)(11,16)13(3,15)9",14,2,1.5,False,-9,
202305040701,1,2歳未勝利,ダ,1600,晴,良,09:55,2023-10-22,東京,14,6,11,2021107391,ジクジタルオモイ,牝2,52,01207,佐藤翔馬,1:43.1,3.1/2,10-11,40.6,430.1,16,422(-2),01005,[東]小桧山悟,479031,小塩利文,,,,,,,,,,,,"2(8,6)(1,12,14,10)(4,7)(5,11,16)-13(3,15)-9",10,3,0.0,False,"2(8,6)(12,14)1,4(5,7,10)(11,16)13(3,15)9",11,2,1.5,False,-9,
202305040701,1,2歳未勝利,ダ,1600,晴,良,09:55,2023-10-22,東京,15,1,1,2021106378,キングスクラウン,牡2,56,00689,江田照男,1:44.4,8,4-6,42.5,258.7,14,448(-8),01103,[東]尾関知人,855030,田頭勇貴,,,,,,,,,,,,"2(8,6)(1,12,14,10)(4,7)(5,11,16)-13(3,15)-9",4,4,0.0,False,"2(8,6)(12,14)1,4(5,7,10)(11,16)13(3,15)9",6,1,0.0,False,-9,
202305040701,1,2歳未勝利,ダ,1600,晴,良,09:55,2023-10-22,東京,16,5,10,2021103437,ライヴパトラッシュ,セ2,53,01198,土田真翔,1:45.6,7,4-8,43.4,52.2,9,486(+2),01141,[東]尾形和幸,214033,澤田孝之,,,,,,,,,,,,"2(8,6)(1,12,14,10)(4,7)(5,11,16)-13(3,15)-9",4,4,0.0,False,"2(8,6)(12,14)1,4(5,7,10)(11,16)13(3,15)9",8,3,1.5,False,-9,
202305040702,2,2歳未勝利,芝,1600,晴,良,10:25,2023-10-22,東京,1,4,4,2021103303,ドリーミングアップ,牡2,56,00733,吉田豊,1:35.4,,8-8,33.5,8.5,3,456(+8),01134,[東]高橋文雅,768005,古賀和夫,550.0,,,,,,,,,,,"7,10(5,9)(2,6,8)(1,3,4)-11",8,3,1.5,False,"(*7,10)(5,9)(2,6,8)(1,3,4)-11",8,3,0.0,False,-14,開催7日目でAコース7日目。見た目以上に内ラチ沿いが傷んでいたのか、土曜に比べると外差し・追込傾向が強まった。
202305040702,2,2歳未勝利,芝,1600,晴,良,10:25,2023-10-22,東京,2,6,6,2021106102,エコロライジン,牡2,56,01179,菅原明良,1:35.7,2,5-5,34.0,13.8,6,452(+6),01108,[東]矢野英一,783033,原村正紀,220.0,,,,,,,,,,,"7,10(5,9)(2,6,8)(1,3,4)-11",5,3,1.5,False,"(*7,10)(5,9)(2,6,8)(1,3,4)-11",5,3,0.0,False,-14,開催7日目でAコース7日目。見た目以上に内ラチ沿いが傷んでいたのか、土曜に比べると外差し・追込傾向が強まった。
202305040702,2,2歳未勝利,芝,1600,晴,良,10:25,2023-10-22,東京,3,7,8,2021101595,ヴィヴァクラウン,牡2,56,01096,大野拓弥,1:35.8,3/4,5-5,34.2,13.6,5,458(+2),01008,[東]杉浦宏昭,537006,西村憲人,140.0,,,,,,,,,,,"7,10(5,9)(2,6,8)(1,3,4)-11",5,3,1.5,False,"(*7,10)(5,9)(2,6,8)(1,3,4)-11",5,3,0.0,False,-14,開催7日目でAコース7日目。見た目以上に内ラチ沿いが傷んでいたのか、土曜に比べると外差し・追込傾向が強まった。
202305040702,2,2歳未勝利,芝,1600,晴,良,10:25,2023-10-22,東京,4,7,9,2021102686,ニシノシャミナード,牝2,55,01158,野中悠太,1:35.9,クビ,3-3,34.4,14.5,7,414(0),01195,[東]嘉藤貴行,897009,西山茂行,83.0,,,,,,,,,,,"7,10(5,9)(2,6,8)(1,3,4)-11",3,2,1.5,False,"(*7,10)(5,9)(2,6,8)(1,3,4)-11",3,2,0.0,False,-14,開催7日目でAコース7日目。見た目以上に内ラチ沿いが傷んでいたのか、土曜に比べると外差し・追込傾向が強まった。
202305040702,2,2歳未勝利,芝,1600,晴,良,10:25,2023-10-22,東京,5,5,5,2021103000,ヴァルドルチャ,牡2,56,05386,戸崎圭太,1:36.0,1/2,3-3,34.5,1.8,1,452(0),01162,[東]田中博康,887800,ＮＩＣＫＳ,55.0,,,,,,,,,,,"7,10(5,9)(2,6,8)(1,3,4)-11",3,2,1.5,False,"(*7,10)(5,9)(2,6,8)(1,3,4)-11",3,2,0.0,False,-14,開催7日目でAコース7日目。見た目以上に内ラチ沿いが傷んでいたのか、土曜に比べると外差し・追込傾向が強まった。
202305040702,2,2歳未勝利,芝,1600,晴,良,10:25,2023-10-22,東京,6,8,10,2021101041,トモジャシャトー,牡2,56,01150,石川裕紀,1:36.1,1,2-2,34.9,31.6,8,478(-8),01076,[東]小笠倫弘,905033,吉冨学,,,,,,,,,,,,"7,10(5,9)(2,6,8)(1,3,4)-11",2,1,1.5,False,"(*7,10)(5,9)(2,6,8)(1,3,4)-11",2,2,0.0,False,-14,開催7日目でAコース7日目。見た目以上に内ラチ沿いが傷んでいたのか、土曜に比べると外差し・追込傾向が強まった。
202305040702,2,2歳未勝利,芝,1600,晴,良,10:25,2023-10-22,東京,7,8,11,2021100293,ホーハイト,牡2,56,01116,藤岡康太,1:36.2,クビ,11-11,33.9,132.1,10,426(+6),01150,[東]池上昌和,788800,ノースヒルズ,,,,,,,,,,,,"7,10(5,9)(2,6,8)(1,3,4)-11",11,1,5.0,False,"(*7,10)(5,9)(2,6,8)(1,3,4)-11",11,1,3.5,False,-14,開催7日目でAコース7日目。見た目以上に内ラチ沿いが傷んでいたのか、土曜に比べると外差し・追込傾向が強まった。
202305040702,2,2歳未勝利,芝,1600,晴,良,10:25,2023-10-22,東京,8,6,7,2021107133,オーヴァーザトップ,牡2,56,01085,松岡正海,1:36.5,2,1-1,35.4,6.6,2,468(-2),01031,[東]伊藤伸一,884033,西田順彦,,,,,,,,,,,,"7,10(5,9)(2,6,8)(1,3,4)-11",1,1,0.0,False,"(*7,10)(5,9)(2,6,8)(1,3,4)-11",1,2,0.0,True,-14,開催7日目でAコース7日目。見た目以上に内ラチ沿いが傷んでいたのか、土曜に比べると外差し・追込傾向が強まった。
202305040702,2,2歳未勝利,芝,1600,晴,良,10:25,2023-10-22,東京,9,1,1,2021102283,トーマステソーロ,牡2,55,01197,佐々木大,1:36.6,3/4,8-8,34.6,9.4,4,430(+10),01127,[東]栗田徹,089803,了徳寺健二ホールディ...,,,,,,,,,,,,"7,10(5,9)(2,6,8)(1,3,4)-11",8,3,1.5,False,"(*7,10)(5,9)(2,6,8)(1,3,4)-11",8,3,0.0,False,-14,開催7日目でAコース7日目。見た目以上に内ラチ沿いが傷んでいたのか、土曜に比べると外差し・追込傾向が強まった。
202305040702,2,2歳未勝利,芝,1600,晴,良,10:25,2023-10-22,東京,10,2,2,2021100520,ピースソックス,牝2,55,01162,木幡巧也,1:36.6,ハナ,5-5,34.9,43.8,9,438(0),01106,[東]牧光二,471031,中平和宏,,,,,,,,,,,,"7,10(5,9)(2,6,8)(1,3,4)-11",5,3,1.5,False,"(*7,10)(5,9)(2,6,8)(1,3,4)-11",5,3,0.0,False,-14,開催7日目でAコース7日目。見た目以上に内ラチ沿いが傷んでいたのか、土曜に比べると外差し・追込傾向が強まった。
202305040702,2,2歳未勝利,芝,1600,晴,良,10:25,2023-10-22,東京,11,3,3,2021103709,ソニャンド,牝2,54,01188,永野猛蔵,1:37.3,4,8-8,35.3,281.8,11,436(0),01023,[東]伊藤圭三,224031,河野孝明,,,,,,,,,,,,"7,10(5,9)(2,6,8)(1,3,4)-11",8,3,1.5,False,"(*7,10)(5,9)(2,6,8)(1,3,4)-11",8,3,0.0,False,-14,開催7日目でAコース7日目。見た目以上に内ラチ沿いが傷んでいたのか、土曜に比べると外差し・追込傾向が強まった。
202305040703,3,2歳未勝利,芝,2000,晴,良,10:55,2023-10-22,東京,1,5,5,2021105138,エセルフリーダ,牝2,55,01169,武藤雅,2:01.7,,2-3-2,35.0,3.6,2,482(+14),01064,[東]武藤善則,371009,高橋文男,550.0,,,,,,"1(5,9)-2,3-7,6-4   8",2,2,0.0,False,"9-1,5(2,3)(6,7)-4   8",3,1,5.0,False,"9-(1,5)(2,3)(6,7)4   8",2,2,3.5,False,-14,開催7日目でAコース7日目。見た目以上に内ラチ沿いが傷んでいたのか、土曜に比べると外差し・追込傾向が強まった。
202305040703,3,2歳未勝利,芝,2000,晴,良,10:55,2023-10-22,東京,2,6,6,2021104385,ユイノチョウシンキ,牡2,56,00733,吉田豊,2:02.1,2.1/2,7-6-6,34.8,2.0,1,478(+2),01174,[東]深山雅史,044803,由井健太郎,220.0,,,,,,"1(5,9)-2,3-7,6-4   8",7,1,10.0,False,"9-1,5(2,3)(6,7)-4   8",6,2,5.0,False,"9-(1,5)(2,3)(6,7)4   8",6,2,3.5,False,-14,開催7日目でAコース7日目。見た目以上に内ラチ沿いが傷んでいたのか、土曜に比べると外差し・追込傾向が強まった。
202305040703,3,2歳未勝利,芝,2000,晴,良,10:55,2023-10-22,東京,3,7,7,2021104927,リリエンフェルト,牝2,55,01150,石川裕紀,2:02.1,ハナ,6-6-6,34.9,5.1,3,440(-4),01020,[東]相沢郁,226800,サンデーレーシング,140.0,,,,,,"1(5,9)-2,3-7,6-4   8",6,1,8.5,False,"9-1,5(2,3)(6,7)-4   8",6,2,5.0,False,"9-(1,5)(2,3)(6,7)4   8",6,2,3.5,False,-14,開催7日目でAコース7日目。見た目以上に内ラチ沿いが傷んでいたのか、土曜に比べると外差し・追込傾向が強まった。
202305040703,3,2歳未勝利,芝,2000,晴,良,10:55,2023-10-22,東京,4,2,2,2021100514,キタノマキシム,牡2,56,01085,松岡正海,2:02.1,クビ,4-4-4,35.0,8.6,4,470(+8),01031,[東]伊藤伸一,163002,北所直人,83.0,,,,,,"1(5,9)-2,3-7,6-4   8",4,1,3.5,False,"9-1,5(2,3)(6,7)-4   8",4,2,5.0,False,"9-(1,5)(2,3)(6,7)4   8",4,2,3.5,False,-14,開催7日目でAコース7日目。見た目以上に内ラチ沿いが傷んでいたのか、土曜に比べると外差し・追込傾向が強まった。
202305040703,3,2歳未勝利,芝,2000,晴,良,10:55,2023-10-22,東京,5,8,9,2021106829,コスモレオナルド,牡2,56,01092,津村明秀,2:02.3,1,2-1-1,36.0,11.3,5,452(+2),01097,[東]鹿戸雄一,716800,ビッグレッドファーム,55.0,,,,,,"1(5,9)-2,3-7,6-4   8",2,2,0.0,False,"9-1,5(2,3)(6,7)-4   8",1,1,0.0,False,"9-(1,5)(2,3)(6,7)4   8",1,1,0.0,False,-14,開催7日目でAコース7日目。見た目以上に内ラチ沿いが傷んでいたのか、土曜に比べると外差し・追込傾向が強まった。
202305040703,3,2歳未勝利,芝,2000,晴,良,10:55,2023-10-22,東京,6,4,4,2021103824,インフレイサー,牝2,54,01188,永野猛蔵,2:02.4,1,8-8-8,35.0,174.7,8,448(+4),01094,[東]水野貴広,543800,桜井牧場,,,,,,,"1(5,9)-2,3-7,6-4   8",8,1,13.5,False,"9-1,5(2,3)(6,7)-4   8",8,1,8.5,False,"9-(1,5)(2,3)(6,7)4   8",8,1,3.5,False,-14,開催7日目でAコース7日目。見た目以上に内ラチ沿いが傷んでいたのか、土曜に比べると外差し・追込傾向が強まった。
202305040703,3,2歳未勝利,芝,2000,晴,良,10:55,2023-10-22,東京,7,3,3,2021104369,ワタシキレイ,牝2,52,01207,佐藤翔馬,2:02.9,3,5-4-4,35.9,127.8,7,430(-2),01187,[東]西田雄一,044803,由井健太郎,,,,,,,"1(5,9)-2,3-7,6-4   8",5,1,5.0,False,"9-1,5(2,3)(6,7)-4   8",4,2,5.0,False,"9-(1,5)(2,3)(6,7)4   8",4,2,3.5,False,-14,開催7日目でAコース7日目。見た目以上に内ラチ沿いが傷んでいたのか、土曜に比べると外差し・追込傾向が強まった。
202305040703,3,2歳未勝利,芝,2000,晴,良,10:55,2023-10-22,東京,8,1,1,2021106841,デルミオクオーレ,牡2,56,01158,野中悠太,2:03.8,5,1-2-2,37.1,43.0,6,442(-8),01190,[東]村田一誠,027803,ブルースターズファー...,,,,,,,"1(5,9)-2,3-7,6-4   8",1,1,0.0,False,"9-1,5(2,3)(6,7)-4   8",2,1,3.5,False,"9-(1,5)(2,3)(6,7)4   8",2,2,3.5,False,-14,開催7日目でAコース7日目。見た目以上に内ラチ沿いが傷んでいたのか、土曜に比べると外差し・追込傾向が強まった。
202305040703,3,2歳未勝利,芝,2000,晴,良,10:55,2023-10-22,東京,取,8,8,2021106694,ソウルアンドジャズ,牡2,56,01179,菅原明良,,,,,---,,計不,01147,[東]武井亮,148800,グリーンファーム,,,,,,,"1(5,9)-2,3-7,6-4   8",9,1,19.5,False,"9-1,5(2,3)(6,7)-4   8",9,1,14.5,False,"9-(1,5)(2,3)(6,7)4   8",9,1,9.5,False,-14,開催7日目でAコース7日目。見た目以上に内ラチ沿いが傷んでいたのか、土曜に比べると外差し・追込傾向が強まった。
202305040704,4,2歳新馬,ダ,1400,晴,良,11:25,2023-10-22,東京,1,3,4,2021105334,トーアアイギス,牝2,55,01025,勝浦正樹,1:27.3,,2-2,36.9,11.0,4,470(0),01190,[東]村田一誠,784800,高山ランド,720.0,,,,,,,,,,,"3,4(6,11)(9,13)10,1,14(2,5,15)-12-(7,8)",2,1,1.5,False,"3,4(6,11)(9,13)-(1,2,10)-(15,14)5-12-(7,8)",2,1,1.5,False,-9,
202305040704,4,2歳新馬,ダ,1400,晴,良,11:25,2023-10-22,東京,2,7,13,2021102066,アシャカデュメ,牡2,56,01150,石川裕紀,1:27.4,1/2,5-5,36.7,45.5,9,478(0),01076,[東]小笠倫弘,905033,吉冨学,290.0,,,,,,,,,,,"3,4(6,11)(9,13)10,1,14(2,5,15)-12-(7,8)",5,2,1.5,False,"3,4(6,11)(9,13)-(1,2,10)-(15,14)5-12-(7,8)",5,2,1.5,False,-9,
202305040704,4,2歳新馬,ダ,1400,晴,良,11:25,2023-10-22,東京,3,2,3,2021103435,ライヴアメデオ,牡2,56,01162,木幡巧也,1:27.8,2.1/2,1-1,37.6,7.6,3,454(0),01106,[東]牧光二,214033,澤田孝之,180.0,,,,,,,,,,,"3,4(6,11)(9,13)10,1,14(2,5,15)-12-(7,8)",1,1,0.0,False,"3,4(6,11)(9,13)-(1,2,10)-(15,14)5-12-(7,8)",1,1,0.0,False,-9,
202305040704,4,2歳新馬,ダ,1400,晴,良,11:25,2023-10-22,東京,4,8,15,2021103428,バルミーパール,牝2,55,01167,木幡育也,1:28.4,3.1/2,10-10,36.9,28.5,7,478(0),01191,[東]蛯名正義,261007,櫻井盛夫,110.0,,,,,,,,,,,"3,4(6,11)(9,13)10,1,14(2,5,15)-12-(7,8)",10,3,4.5,False,"3,4(6,11)(9,13)-(1,2,10)-(15,14)5-12-(7,8)",10,2,8.5,False,-9,
202305040704,4,2歳新馬,ダ,1400,晴,良,11:25,2023-10-22,東京,5,4,6,2021106307,モリノセピア,牡2,56,01092,津村明秀,1:28.6,1.1/4,3-3,38.1,31.9,8,472(0),01026,[東]鈴木伸尋,698033,森和久,72.0,,,,,,,,,,,"3,4(6,11)(9,13)10,1,14(2,5,15)-12-(7,8)",3,2,1.5,False,"3,4(6,11)(9,13)-(1,2,10)-(15,14)5-12-(7,8)",3,2,1.5,False,-9,
202305040704,4,2歳新馬,ダ,1400,晴,良,11:25,2023-10-22,東京,6,8,14,2021100639,アストラカ,牡2,56,01116,藤岡康太,1:28.9,2,9-10,37.5,1.9,1,496(0),01180,[西]田中克典,482002,水上行雄,,,,,,,,,,,,"3,4(6,11)(9,13)10,1,14(2,5,15)-12-(7,8)",9,1,4.5,False,"3,4(6,11)(9,13)-(1,2,10)-(15,14)5-12-(7,8)",10,2,8.5,False,-9,
202305040704,4,2歳新馬,ダ,1400,晴,良,11:25,2023-10-22,東京,7,2,2,2021106728,シセイダイキ,牡2,56,01030,松田大作,1:29.0,クビ,10-7,38.0,127.1,13,500(0),01078,[西]北出成人,441009,猪苗代勇,,,,,,,,,,,,"3,4(6,11)(9,13)10,1,14(2,5,15)-12-(7,8)",10,3,4.5,False,"3,4(6,11)(9,13)-(1,2,10)-(15,14)5-12-(7,8)",7,3,5.0,False,-9,
202305040704,4,2歳新馬,ダ,1400,晴,良,11:25,2023-10-22,東京,8,6,11,2021100043,ユキノフルマチ,牝2,54,01197,佐々木大,1:29.0,クビ,3-3,38.5,13.4,5,474(0),01108,[東]矢野英一,638033,鈴木慈雄,,,,,,,,,,,,"3,4(6,11)(9,13)10,1,14(2,5,15)-12-(7,8)",3,2,1.5,False,"3,4(6,11)(9,13)-(1,2,10)-(15,14)5-12-(7,8)",3,2,1.5,False,-9,
202305040704,4,2歳新馬,ダ,1400,晴,良,11:25,2023-10-22,東京,9,1,1,2021107354,ヒーリングピピ,牝2,55,00422,内田博幸,1:29.0,ハナ,8-7,38.0,212.5,15,426(0),01145,[東]奥村武,013803,ディアレストクラブ,,,,,,,,,,,,"3,4(6,11)(9,13)10,1,14(2,5,15)-12-(7,8)",8,1,3.0,False,"3,4(6,11)(9,13)-(1,2,10)-(15,14)5-12-(7,8)",7,3,5.0,False,-9,
202305040704,4,2歳新馬,ダ,1400,晴,良,11:25,2023-10-22,東京,10,7,12,2021106874,ゴールドアローン,牝2,55,01158,野中悠太,1:29.1,1/2,13-13,37.0,75.8,10,464(0),01156,[東]青木孝文,712033,居城寿与,,,,,,,,,,,,"3,4(6,11)(9,13)10,1,14(2,5,15)-12-(7,8)",13,1,8.0,False,"3,4(6,11)(9,13)-(1,2,10)-(15,14)5-12-(7,8)",13,1,12.0,False,-9,
202305040704,4,2歳新馬,ダ,1400,晴,良,11:25,2023-10-22,東京,11,6,10,2021105069,グシチャンノホシ,牡2,56,01169,武藤雅,1:29.4,1.3/4,7-7,38.4,6.3,2,502(0),01162,[東]田中博康,837033,眞保榮稔,,,,,,,,,,,,"3,4(6,11)(9,13)10,1,14(2,5,15)-12-(7,8)",7,1,1.5,False,"3,4(6,11)(9,13)-(1,2,10)-(15,14)5-12-(7,8)",7,3,5.0,False,-9,
202305040704,4,2歳新馬,ダ,1400,晴,良,11:25,2023-10-22,東京,12,5,9,2021103448,ゴールデンレイ,牡2,55,01188,永野猛蔵,1:29.6,1.1/4,5-5,39.0,92.3,12,474(0),01064,[東]武藤善則,504031,長島利治,,,,,,,,,,,,"3,4(6,11)(9,13)10,1,14(2,5,15)-12-(7,8)",5,2,1.5,False,"3,4(6,11)(9,13)-(1,2,10)-(15,14)5-12-(7,8)",5,2,1.5,False,-9,
202305040704,4,2歳新馬,ダ,1400,晴,良,11:25,2023-10-22,東京,13,5,8,2021102625,ペイシャエール,牡2,56,00689,江田照男,1:30.7,7,14-14,38.3,187.1,14,502(0),01043,[東]石栗龍彦,163002,北所直人,,,,,,,,,,,,"3,4(6,11)(9,13)10,1,14(2,5,15)-12-(7,8)",14,2,11.5,False,"3,4(6,11)(9,13)-(1,2,10)-(15,14)5-12-(7,8)",14,2,15.5,False,-9,
202305040704,4,2歳新馬,ダ,1400,晴,良,11:25,2023-10-22,東京,14,3,5,2021110150,アアル,牡2,56,01179,菅原明良,1:30.7,ハナ,10-12,39.0,14.7,6,470(0),01039,[西]中竹和也,944030,加藤誠,,,,,,,,,,,,"3,4(6,11)(9,13)10,1,14(2,5,15)-12-(7,8)",10,3,4.5,False,"3,4(6,11)(9,13)-(1,2,10)-(15,14)5-12-(7,8)",12,1,8.5,False,-9,
202305040704,4,2歳新馬,ダ,1400,晴,良,11:25,2023-10-22,東京,15,4,7,2021104311,スキップライト,牡2,56,00684,田中勝春,1:30.7,ハナ,14-14,38.3,88.5,11,506(0),00420,[東]宗像義忠,371009,高橋文男,,,,,,,,,,,,"3,4(6,11)(9,13)10,1,14(2,5,15)-12-(7,8)",14,2,11.5,False,"3,4(6,11)(9,13)-(1,2,10)-(15,14)5-12-(7,8)",14,2,15.5,False,-9,
202305040705,5,2歳新馬,芝,1800,晴,良,12:15,2023-10-22,東京,1,7,13,2021105486,トロピカルティー,牝2,55,05386,戸崎圭太,1:49.3,,9-9-9,33.9,3.4,1,434(0),01163,[東]林徹,398030,保坂和孝,720.0,,,,,,"5(6,10,14,15)(4,9,16)13(7,11)(3,12)-1,8-2",9,1,0.0,False,"5,15(6,10,14)4(9,16)(7,13)8(11,12)(3,1)-2",9,2,1.5,False,"(*5,15)(6,10,14)16(4,9)(7,13)(12,8)(11,1)3,2",9,2,0.0,False,-14,開催7日目でAコース7日目。見た目以上に内ラチ沿いが傷んでいたのか、土曜に比べると外差し・追込傾向が強まった。
202305040705,5,2歳新馬,芝,1800,晴,良,12:15,2023-10-22,東京,2,8,15,2021104320,キングベルベット,牡2,56,01179,菅原明良,1:49.4,3/4,2-2-2,34.5,43.3,10,490(0),00399,[東]国枝栄,399009,嶋田賢,290.0,,,,,,"5(6,10,14,15)(4,9,16)13(7,11)(3,12)-1,8-2",2,4,0.0,False,"5,15(6,10,14)4(9,16)(7,13)8(11,12)(3,1)-2",2,1,1.5,False,"(*5,15)(6,10,14)16(4,9)(7,13)(12,8)(11,1)3,2",2,2,0.0,False,-14,開催7日目でAコース7日目。見た目以上に内ラチ沿いが傷んでいたのか、土曜に比べると外差し・追込傾向が強まった。
202305040705,5,2歳新馬,芝,1800,晴,良,12:15,2023-10-22,東京,3,5,9,2021106595,ヤマニンアドホック,牡2,56,01092,津村明秀,1:49.5,クビ,6-7-7,34.2,17.1,7,444(0),01182,[東]辻哲英,329004,土井肇,180.0,,,,,,"5(6,10,14,15)(4,9,16)13(7,11)(3,12)-1,8-2",6,3,0.0,False,"5,15(6,10,14)4(9,16)(7,13)8(11,12)(3,1)-2",7,2,1.5,False,"(*5,15)(6,10,14)16(4,9)(7,13)(12,8)(11,1)3,2",7,2,0.0,False,-14,開催7日目でAコース7日目。見た目以上に内ラチ沿いが傷んでいたのか、土曜に比べると外差し・追込傾向が強まった。
202305040705,5,2歳新馬,芝,1800,晴,良,12:15,2023-10-22,東京,4,8,16,2021102381,パープルシャイン,牝2,55,01162,木幡巧也,1:49.7,1.1/2,6-7-6,34.5,66.6,11,458(0),01169,[東]加藤士津,034031,藤本栄史,110.0,,,,,,"5(6,10,14,15)(4,9,16)13(7,11)(3,12)-1,8-2",6,3,0.0,False,"5,15(6,10,14)4(9,16)(7,13)8(11,12)(3,1)-2",7,2,1.5,False,"(*5,15)(6,10,14)16(4,9)(7,13)(12,8)(11,1)3,2",6,1,0.0,False,-14,開催7日目でAコース7日目。見た目以上に内ラチ沿いが傷んでいたのか、土曜に比べると外差し・追込傾向が強まった。
202305040705,5,2歳新馬,芝,1800,晴,良,12:15,2023-10-22,東京,5,3,6,2021100476,ファイツオン,牡2,56,01093,藤岡佑介,1:49.8,1/2,2-3-3,34.8,4.9,2,514(0),01062,[西]藤岡健一,948006,前田幸治,72.0,,,,,,"5(6,10,14,15)(4,9,16)13(7,11)(3,12)-1,8-2",2,4,0.0,False,"5,15(6,10,14)4(9,16)(7,13)8(11,12)(3,1)-2",3,3,1.5,False,"(*5,15)(6,10,14)16(4,9)(7,13)(12,8)(11,1)3,2",3,3,0.0,False,-14,開催7日目でAコース7日目。見た目以上に内ラチ沿いが傷んでいたのか、土曜に比べると外差し・追込傾向が強まった。
202305040705,5,2歳新馬,芝,1800,晴,良,12:15,2023-10-22,東京,6,4,7,2021107261,ザソード,牡2,56,01150,石川裕紀,1:49.9,クビ,10-9-9,34.4,19.0,8,504(0),01020,[東]相沢郁,812008,石瀬浩三,,,,,,,"5(6,10,14,15)(4,9,16)13(7,11)(3,12)-1,8-2",10,2,0.0,False,"5,15(6,10,14)4(9,16)(7,13)8(11,12)(3,1)-2",9,2,1.5,False,"(*5,15)(6,10,14)16(4,9)(7,13)(12,8)(11,1)3,2",9,2,0.0,False,-14,開催7日目でAコース7日目。見た目以上に内ラチ沿いが傷んでいたのか、土曜に比べると外差し・追込傾向が強まった。
202305040705,5,2歳新馬,芝,1800,晴,良,12:15,2023-10-22,東京,7,1,1,2021103525,アデランテ,牡2,56,00422,内田博幸,1:49.9,ハナ,14-14-13,34.0,7.5,4,500(0),01052,[東]菊川正達,851009,岡田牧雄,,,,,,,"5(6,10,14,15)(4,9,16)13(7,11)(3,12)-1,8-2",14,1,3.5,False,"5,15(6,10,14)4(9,16)(7,13)8(11,12)(3,1)-2",14,2,1.5,False,"(*5,15)(6,10,14)16(4,9)(7,13)(12,8)(11,1)3,2",13,2,0.0,False,-14,開催7日目でAコース7日目。見た目以上に内ラチ沿いが傷んでいたのか、土曜に比べると外差し・追込傾向が強まった。
202305040705,5,2歳新馬,芝,1800,晴,良,12:15,2023-10-22,東京,8,7,14,2021105610,グリーズマン,牡2,55,01197,佐々木大,1:49.9,クビ,2-3-3,34.9,5.7,3,490(0),01194,[西]小栗実,345033,増田和啓,,,,,,,"5(6,10,14,15)(4,9,16)13(7,11)(3,12)-1,8-2",2,4,0.0,False,"5,15(6,10,14)4(9,16)(7,13)8(11,12)(3,1)-2",3,3,1.5,False,"(*5,15)(6,10,14)16(4,9)(7,13)(12,8)(11,1)3,2",3,3,0.0,False,-14,開催7日目でAコース7日目。見た目以上に内ラチ沿いが傷んでいたのか、土曜に比べると外差し・追込傾向が強まった。
202305040705,5,2歳新馬,芝,1800,晴,良,12:15,2023-10-22,東京,9,2,4,2021105877,ピュアスマイル,牝2,55,01102,北村友一,1:49.9,ハナ,6-6-7,34.6,14.9,6,420(0),01164,[西]安田翔伍,486800,キャロットファーム,,,,,,,"5(6,10,14,15)(4,9,16)13(7,11)(3,12)-1,8-2",6,3,0.0,False,"5,15(6,10,14)4(9,16)(7,13)8(11,12)(3,1)-2",6,1,1.5,False,"(*5,15)(6,10,14)16(4,9)(7,13)(12,8)(11,1)3,2",7,2,0.0,False,-14,開催7日目でAコース7日目。見た目以上に内ラチ沿いが傷んでいたのか、土曜に比べると外差し・追込傾向が強まった。
202305040705,5,2歳新馬,芝,1800,晴,良,12:15,2023-10-22,東京,10,5,10,2021105507,クーデメイン,牝2,55,01158,野中悠太,1:49.9,ハナ,2-3-3,34.8,21.9,9,476(0),01175,[東]宮田敬介,790005,吉田勝己,,,,,,,"5(6,10,14,15)(4,9,16)13(7,11)(3,12)-1,8-2",2,4,0.0,False,"5,15(6,10,14)4(9,16)(7,13)8(11,12)(3,1)-2",3,3,1.5,False,"(*5,15)(6,10,14)16(4,9)(7,13)(12,8)(11,1)3,2",3,3,0.0,False,-14,開催7日目でAコース7日目。見た目以上に内ラチ沿いが傷んでいたのか、土曜に比べると外差し・追込傾向が強まった。
202305040705,5,2歳新馬,芝,1800,晴,良,12:15,2023-10-22,東京,11,3,5,2021103295,アショカ,牡2,56,01140,横山和生,1:50.1,1.1/4,1-1-1,35.3,11.9,5,476(0),01067,[東]久保田貴,909006,草間庸文,,,,,,,"5(6,10,14,15)(4,9,16)13(7,11)(3,12)-1,8-2",1,1,0.0,False,"5,15(6,10,14)4(9,16)(7,13)8(11,12)(3,1)-2",1,1,0.0,False,"(*5,15)(6,10,14)16(4,9)(7,13)(12,8)(11,1)3,2",1,2,0.0,True,-14,開催7日目でAコース7日目。見た目以上に内ラチ沿いが傷んでいたのか、土曜に比べると外差し・追込傾向が強まった。
202305040705,5,2歳新馬,芝,1800,晴,良,12:15,2023-10-22,東京,12,4,8,2021104921,レッドハルバード,牡2,56,00733,吉田豊,1:50.2,1/2,15-11-11,34.5,75.5,12,470(0),01103,[東]尾関知人,180800,東京ホースレーシング,,,,,,,"5(6,10,14,15)(4,9,16)13(7,11)(3,12)-1,8-2",15,1,5.0,False,"5,15(6,10,14)4(9,16)(7,13)8(11,12)(3,1)-2",11,1,1.5,False,"(*5,15)(6,10,14)16(4,9)(7,13)(12,8)(11,1)3,2",11,2,0.0,False,-14,開催7日目でAコース7日目。見た目以上に内ラチ沿いが傷んでいたのか、土曜に比べると外差し・追込傾向が強まった。
202305040705,5,2歳新馬,芝,1800,晴,良,12:15,2023-10-22,東京,13,6,12,2021101467,ケイシンリュウ,牡2,55,01188,永野猛蔵,1:50.4,1,12-12-11,34.7,128.3,13,486(0),01108,[東]矢野英一,149002,井山登,,,,,,,"5(6,10,14,15)(4,9,16)13(7,11)(3,12)-1,8-2",12,2,0.0,False,"5,15(6,10,14)4(9,16)(7,13)8(11,12)(3,1)-2",12,2,1.5,False,"(*5,15)(6,10,14)16(4,9)(7,13)(12,8)(11,1)3,2",11,2,0.0,False,-14,開催7日目でAコース7日目。見た目以上に内ラチ沿いが傷んでいたのか、土曜に比べると外差し・追込傾向が強まった。
202305040705,5,2歳新馬,芝,1800,晴,良,12:15,2023-10-22,東京,14,2,3,2021106807,コスモガーディアン,牝2,55,01169,武藤雅,1:51.1,4,12-14-15,34.9,190.9,16,420(0),01174,[東]深山雅史,716800,ビッグレッドファーム,,,,,,,"5(6,10,14,15)(4,9,16)13(7,11)(3,12)-1,8-2",12,2,0.0,False,"5,15(6,10,14)4(9,16)(7,13)8(11,12)(3,1)-2",14,2,1.5,False,"(*5,15)(6,10,14)16(4,9)(7,13)(12,8)(11,1)3,2",15,1,0.0,False,-14,開催7日目でAコース7日目。見た目以上に内ラチ沿いが傷んでいたのか、土曜に比べると外差し・追込傾向が強まった。
202305040705,5,2歳新馬,芝,1800,晴,良,12:15,2023-10-22,東京,15,1,2,2021102786,タイセイフェイマス,牡2,56,01096,大野拓弥,1:51.3,1.1/2,16-16-16,34.9,165.1,14,480(0),01145,[東]奥村武,224007,田中成奉,,,,,,,"5(6,10,14,15)(4,9,16)13(7,11)(3,12)-1,8-2",16,1,8.5,False,"5,15(6,10,14)4(9,16)(7,13)8(11,12)(3,1)-2",16,1,5.0,False,"(*5,15)(6,10,14)16(4,9)(7,13)(12,8)(11,1)3,2",16,1,1.5,False,-14,開催7日目でAコース7日目。見た目以上に内ラチ沿いが傷んでいたのか、土曜に比べると外差し・追込傾向が強まった。
202305040705,5,2歳新馬,芝,1800,晴,良,12:15,2023-10-22,東京,16,6,11,2021103578,ビーンスターク,牡2,56,01085,松岡正海,1:51.5,1.1/4,10-12-13,35.6,169.5,15,446(0),01127,[東]栗田徹,851009,岡田牧雄,,,,,,,"5(6,10,14,15)(4,9,16)13(7,11)(3,12)-1,8-2",10,2,0.0,False,"5,15(6,10,14)4(9,16)(7,13)8(11,12)(3,1)-2",12,2,1.5,False,"(*5,15)(6,10,14)16(4,9)(7,13)(12,8)(11,1)3,2",13,2,0.0,False,-14,開催7日目でAコース7日目。見た目以上に内ラチ沿いが傷んでいたのか、土曜に比べると外差し・追込傾向が強まった。
202305040706,6,2歳1勝クラス,芝,1400,晴,良,12:45,2023-10-22,東京,1,4,4,2021105863,ルージュスエルテ,牝2,55,01140,横山和生,1:24.1,,1-1,33.4,1.1,1,468(0),00399,[東]国枝栄,180800,東京ホースレーシング,780.0,,,,,,,,,,,"4(1,5)(2,6)(3,8)-(7,9)",1,1,0.0,False,"4(1,5)(2,6)3,8,7,9",1,1,0.0,False,-14,開催7日目でAコース7日目。見た目以上に内ラチ沿いが傷んでいたのか、土曜に比べると外差し・追込傾向が強まった。
202305040706,6,2歳1勝クラス,芝,1400,晴,良,12:45,2023-10-22,東京,2,6,6,2021105364,ナックジュピター,牝2,55,01167,木幡育也,1:24.9,5,4-4,33.8,122.0,8,434(0),01008,[東]杉浦宏昭,931033,小松欣也,310.0,,,,,,,,,,,"4(1,5)(2,6)(3,8)-(7,9)",4,2,0.0,False,"4(1,5)(2,6)3,8,7,9",4,2,0.0,False,-14,開催7日目でAコース7日目。見た目以上に内ラチ沿いが傷んでいたのか、土曜に比べると外差し・追込傾向が強まった。
202305040706,6,2歳1勝クラス,芝,1400,晴,良,12:45,2023-10-22,東京,3,8,8,2021101189,ピンクヴェノム,牝2,55,01162,木幡巧也,1:24.9,クビ,6-7,33.6,12.3,2,470(+10),01106,[東]牧光二,185800,坂東牧場,200.0,,,,,,,,,,,"4(1,5)(2,6)(3,8)-(7,9)",6,2,0.0,False,"4(1,5)(2,6)3,8,7,9",7,1,1.5,False,-14,開催7日目でAコース7日目。見た目以上に内ラチ沿いが傷んでいたのか、土曜に比べると外差し・追込傾向が強まった。
202305040706,6,2歳1勝クラス,芝,1400,晴,良,12:45,2023-10-22,東京,4,5,5,2021101279,シャインヴィーナス,牝2,54,01197,佐々木大,1:24.9,クビ,2-2,34.0,24.6,4,438(-4),01177,[東]伊坂重信,055700,グリーンスウォード,120.0,,,,,,,,,,,"4(1,5)(2,6)(3,8)-(7,9)",2,2,0.0,False,"4(1,5)(2,6)3,8,7,9",2,2,0.0,False,-14,開催7日目でAコース7日目。見た目以上に内ラチ沿いが傷んでいたのか、土曜に比べると外差し・追込傾向が強まった。
202305040706,6,2歳1勝クラス,芝,1400,晴,良,12:45,2023-10-22,東京,5,8,9,2021104843,レトロタイプ,牡2,56,00422,内田博幸,1:25.0,クビ,8-9,33.4,109.8,7,518(+6),01169,[東]加藤士津,201031,松本貴嗣,78.0,,,,,,,,,,,"4(1,5)(2,6)(3,8)-(7,9)",8,2,3.5,False,"4(1,5)(2,6)3,8,7,9",9,1,4.5,False,-14,開催7日目でAコース7日目。見た目以上に内ラチ沿いが傷んでいたのか、土曜に比べると外差し・追込傾向が強まった。
202305040706,6,2歳1勝クラス,芝,1400,晴,良,12:45,2023-10-22,東京,6,1,1,2021100610,アサギリ,牝2,55,01150,石川裕紀,1:25.0,クビ,2-2,34.0,18.1,3,450(+8),01141,[東]尾形和幸,487800,大島牧場,,,,,,,,,,,,"4(1,5)(2,6)(3,8)-(7,9)",2,2,0.0,False,"4(1,5)(2,6)3,8,7,9",2,2,0.0,False,-14,開催7日目でAコース7日目。見た目以上に内ラチ沿いが傷んでいたのか、土曜に比べると外差し・追込傾向が強まった。
202305040706,6,2歳1勝クラス,芝,1400,晴,良,12:45,2023-10-22,東京,7,2,2,2021101197,コムダビチュード,牝2,54,01188,永野猛蔵,1:25.1,クビ,4-4,34.0,49.7,5,458(-2),00437,[東]南田美知,629800,ミルファーム,,,,,,,,,,,,"4(1,5)(2,6)(3,8)-(7,9)",4,2,0.0,False,"4(1,5)(2,6)3,8,7,9",4,2,0.0,False,-14,開催7日目でAコース7日目。見た目以上に内ラチ沿いが傷んでいたのか、土曜に比べると外差し・追込傾向が強まった。
202305040706,6,2歳1勝クラス,芝,1400,晴,良,12:45,2023-10-22,東京,8,3,3,2021100501,ディーファンクス,牡2,56,01029,武士沢友,1:25.2,3/4,6-6,34.0,100.1,6,470(+6),01035,[東]佐藤吉勝,849033,松谷翔太,,,,,,,,,,,,"4(1,5)(2,6)(3,8)-(7,9)",6,2,0.0,False,"4(1,5)(2,6)3,8,7,9",6,1,0.0,False,-14,開催7日目でAコース7日目。見た目以上に内ラチ沿いが傷んでいたのか、土曜に比べると外差し・追込傾向が強まった。
202305040706,6,2歳1勝クラス,芝,1400,晴,良,12:45,2023-10-22,東京,9,7,7,2021102830,アンパオ,牝2,55,01169,武藤雅,1:26.9,10,8-8,35.4,175.3,9,396(0),01035,[東]佐藤吉勝,855030,田頭勇貴,,,,,,,,,,,,"4(1,5)(2,6)(3,8)-(7,9)",8,2,3.5,False,"4(1,5)(2,6)3,8,7,9",8,1,3.0,False,-14,開催7日目でAコース7日目。見た目以上に内ラチ沿いが傷んでいたのか、土曜に比べると外差し・追込傾向が強まった。
202305040707,7,3歳以上1勝クラス,ダ,1600,晴,良,13:15,2023-10-22,東京,1,3,3,2019105822,パンテレリア,牡4,58,01119,伊藤工真,1:38.5,,5-4,36.6,7.7,4,496(+6),01163,[東]林徹,854800,ノルマンディーサラブ...,800.0,,,,,,,,,,,"(*6,10)(1,14)(11,3)(4,7)(2,12)5,13-9,8",5,2,0.0,False,"(*6,10,14)(1,11,3)(4,12,7)(2,5,13)-9,8",4,3,0.0,False,-9,
202305040707,7,3歳以上1勝クラス,ダ,1600,晴,良,13:15,2023-10-22,東京,2,6,9,2018105544,ホワイトクロウ,セ5,58,05386,戸崎圭太,1:38.5,クビ,13-13,35.9,2.5,1,476(+2),01108,[東]矢野英一,486800,キャロットファーム,320.0,,,,,,,,,,,"(*6,10)(1,14)(11,3)(4,7)(2,12)5,13-9,8",13,1,5.0,False,"(*6,10,14)(1,11,3)(4,12,7)(2,5,13)-9,8",13,1,3.5,False,-9,
202305040707,7,3歳以上1勝クラス,ダ,1600,晴,良,13:15,2023-10-22,東京,3,6,10,2020103088,ピックアップライン,牡3,56,01029,武士沢友,1:38.7,1.1/4,2-2,37.2,7.0,3,514(0),01119,[東]田中剛,415800,社台レースホース,200.0,,,,,,,,,,,"(*6,10)(1,14)(11,3)(4,7)(2,12)5,13-9,8",2,2,0.0,False,"(*6,10,14)(1,11,3)(4,12,7)(2,5,13)-9,8",2,3,0.0,False,-9,
202305040707,7,3歳以上1勝クラス,ダ,1600,晴,良,13:15,2023-10-22,東京,4,5,7,2019101325,アイファーエポック,牡4,58,01158,野中悠太,1:38.7,アタマ,7-7,36.6,14.6,7,480(+4),01029,[東]根本康広,119007,中島稔,120.0,,,,,,,,,,,"(*6,10)(1,14)(11,3)(4,7)(2,12)5,13-9,8",7,2,0.0,False,"(*6,10,14)(1,11,3)(4,12,7)(2,5,13)-9,8",7,3,0.0,False,-9,
202305040707,7,3歳以上1勝クラス,ダ,1600,晴,良,13:15,2023-10-22,東京,5,8,13,2020101809,ムーンフォレスト,牡3,56,01179,菅原明良,1:38.8,1/2,12-10,36.5,27.9,10,530(0),01068,[東]小島茂之,003060,ゴドルフィン,80.0,,,,,,,,,,,"(*6,10)(1,14)(11,3)(4,7)(2,12)5,13-9,8",12,1,1.5,False,"(*6,10,14)(1,11,3)(4,12,7)(2,5,13)-9,8",10,3,0.0,False,-9,
202305040707,7,3歳以上1勝クラス,ダ,1600,晴,良,13:15,2023-10-22,東京,6,1,1,2020105578,トウロウノオノ,牝3,51,01207,佐藤翔馬,1:39.0,1.1/4,3-4,37.2,54.8,11,436(0),01152,[東]竹内正洋,044803,由井健太郎,,,,,,,,,,,,"(*6,10)(1,14)(11,3)(4,7)(2,12)5,13-9,8",3,2,0.0,False,"(*6,10,14)(1,11,3)(4,12,7)(2,5,13)-9,8",4,3,0.0,False,-9,
202305040707,7,3歳以上1勝クラス,ダ,1600,晴,良,13:15,2023-10-22,東京,7,7,12,2019103427,イエヴァンポルッカ,牡4,57,01188,永野猛蔵,1:39.1,1/2,9-7,37.0,8.6,5,500(-2),01023,[東]伊藤圭三,542800,ライオンレースホース,,,,,,,,,,,,"(*6,10)(1,14)(11,3)(4,7)(2,12)5,13-9,8",9,2,0.0,False,"(*6,10,14)(1,11,3)(4,12,7)(2,5,13)-9,8",7,3,0.0,False,-9,
202305040707,7,3歳以上1勝クラス,ダ,1600,晴,良,13:15,2023-10-22,東京,8,4,6,2020102952,オーサムデアラー,牡3,55,01197,佐々木大,1:39.2,1/2,1-1,37.7,6.5,2,498(+6),00423,[東]上原博之,758005,吉田照哉,,,,,,,,,,,,"(*6,10)(1,14)(11,3)(4,7)(2,12)5,13-9,8",1,2,0.0,True,"(*6,10,14)(1,11,3)(4,12,7)(2,5,13)-9,8",1,3,0.0,True,-9,
202305040707,7,3歳以上1勝クラス,ダ,1600,晴,良,13:15,2023-10-22,東京,9,5,8,2019105376,ダノンアーリー,牡4,58,01102,北村友一,1:39.4,1.1/4,14-14,36.6,12.0,6,470(-4),00438,[西]安田隆行,619800,ダノックス,,,,,,,,,,,,"(*6,10)(1,14)(11,3)(4,7)(2,12)5,13-9,8",14,1,6.5,False,"(*6,10,14)(1,11,3)(4,12,7)(2,5,13)-9,8",14,1,5.0,False,-9,
202305040707,7,3歳以上1勝クラス,ダ,1600,晴,良,13:15,2023-10-22,東京,10,7,11,2020103747,アヴェッリーノ,牡3,56,00422,内田博幸,1:39.6,1,5-4,37.7,79.8,12,484(+8),01063,[東]的場均,917031,八嶋長久,,,,,,,,,,,,"(*6,10)(1,14)(11,3)(4,7)(2,12)5,13-9,8",5,2,0.0,False,"(*6,10,14)(1,11,3)(4,12,7)(2,5,13)-9,8",4,3,0.0,False,-9,
202305040707,7,3歳以上1勝クラス,ダ,1600,晴,良,13:15,2023-10-22,東京,11,4,5,2019103512,シャンダス,牡4,58,01150,石川裕紀,1:39.7,1,11-10,37.4,85.2,14,466(-14),01008,[東]杉浦宏昭,537006,西村憲人,,,,,,,,,,,,"(*6,10)(1,14)(11,3)(4,7)(2,12)5,13-9,8",11,1,0.0,False,"(*6,10,14)(1,11,3)(4,12,7)(2,5,13)-9,8",10,3,0.0,False,-9,
202305040707,7,3歳以上1勝クラス,ダ,1600,晴,良,13:15,2023-10-22,東京,12,8,14,2020106385,ブレードキング,牡3,56,01162,木幡巧也,1:39.8,1/2,3-2,38.2,26.9,9,530(+10),01051,[東]岩戸孝樹,620033,大島豊彦,,,,,,,,,,,,"(*6,10)(1,14)(11,3)(4,7)(2,12)5,13-9,8",3,2,0.0,False,"(*6,10,14)(1,11,3)(4,12,7)(2,5,13)-9,8",2,3,0.0,False,-9,
202305040707,7,3歳以上1勝クラス,ダ,1600,晴,良,13:15,2023-10-22,東京,13,3,4,2018106606,ビーマイセルフ,牝5,56,01085,松岡正海,1:39.8,アタマ,7-7,37.8,80.2,13,478(+4),01024,[東]萱野浩二,629800,ミルファーム,,,,,,,,,,,,"(*6,10)(1,14)(11,3)(4,7)(2,12)5,13-9,8",7,2,0.0,False,"(*6,10,14)(1,11,3)(4,12,7)(2,5,13)-9,8",7,3,0.0,False,-9,
202305040707,7,3歳以上1勝クラス,ダ,1600,晴,良,13:15,2023-10-22,東京,14,2,2,2020103612,モンテイゾラ,セ3,56,01096,大野拓弥,1:40.1,1.1/2,9-10,37.8,23.0,8,482(0),01118,[東]高柳瑞樹,226800,サンデーレーシング,,,,,,,,,,,,"(*6,10)(1,14)(11,3)(4,7)(2,12)5,13-9,8",9,2,0.0,False,"(*6,10,14)(1,11,3)(4,12,7)(2,5,13)-9,8",10,3,0.0,False,-9,
202305040708,8,3歳以上1勝クラス,ダ,1400,晴,良,13:45,2023-10-22,東京,1,8,13,2020100818,マーブルマカロン,牝3,54,05386,戸崎圭太,1:24.3,,5-4,35.8,4.1,2,418(+2),01163,[東]林徹,398030,保坂和孝,800.0,,,,,,,,,,,"7-3,11-1(10,13)-5(6,9)(8,12)2,4",5,2,8.5,False,"7-(3,11)(1,10,13)-6(5,8,12)-2-(9,4)",4,3,3.5,False,-9,
202305040708,8,3歳以上1勝クラス,ダ,1400,晴,良,13:45,2023-10-22,東京,2,3,3,2020106782,ニットウバジル,牡3,56,01179,菅原明良,1:24.6,1.3/4,2-2,36.5,4.6,3,502(+2),01134,[東]高橋文雅,115800,日東牧場,320.0,,,,,,,,,,,"7-3,11-1(10,13)-5(6,9)(8,12)2,4",2,1,3.5,False,"7-(3,11)(1,10,13)-6(5,8,12)-2-(9,4)",2,2,3.5,False,-9,
202305040708,8,3歳以上1勝クラス,ダ,1400,晴,良,13:45,2023-10-22,東京,3,7,11,2019104316,サヨノフィールド,牡4,58,00422,内田博幸,1:24.6,クビ,3-2,36.4,2.5,1,492(0),01076,[東]小笠倫弘,265005,吉岡泰治,200.0,,,,,,,,,,,"7-3,11-1(10,13)-5(6,9)(8,12)2,4",3,1,5.0,False,"7-(3,11)(1,10,13)-6(5,8,12)-2-(9,4)",2,2,3.5,False,-9,
202305040708,8,3歳以上1勝クラス,ダ,1400,晴,良,13:45,2023-10-22,東京,4,5,6,2020105813,マーゴットレーヴ,牝3,54,00733,吉田豊,1:24.8,1,8-7,35.9,12.4,5,462(+16),01177,[東]伊坂重信,900031,前田良平,120.0,,,,,,,,,,,"7-3,11-1(10,13)-5(6,9)(8,12)2,4",8,2,12.0,False,"7-(3,11)(1,10,13)-6(5,8,12)-2-(9,4)",7,1,7.0,False,-9,
202305040708,8,3歳以上1勝クラス,ダ,1400,晴,良,13:45,2023-10-22,東京,5,4,4,2019104135,レッツリブオン,セ4,57,01188,永野猛蔵,1:25.4,3.1/2,13-12,35.5,24.6,8,468(+4),01109,[東]伊藤大士,629800,ミルファーム,80.0,,,,,,,,,,,"7-3,11-1(10,13)-5(6,9)(8,12)2,4",13,1,13.5,False,"7-(3,11)(1,10,13)-6(5,8,12)-2-(9,4)",12,2,14.0,False,-9,
202305040708,8,3歳以上1勝クラス,ダ,1400,晴,良,13:45,2023-10-22,東京,6,6,8,2018105102,キャロライナリーパ,牝5,56,01140,横山和生,1:25.6,1.1/2,10-8,36.5,16.0,6,476(+6),01027,[東]田村康仁,258033,野嶋祥二,,,,,,,,,,,,"7-3,11-1(10,13)-5(6,9)(8,12)2,4",10,2,12.0,False,"7-(3,11)(1,10,13)-6(5,8,12)-2-(9,4)",8,3,7.0,False,-9,
202305040708,8,3歳以上1勝クラス,ダ,1400,晴,良,13:45,2023-10-22,東京,7,8,12,2019105142,ルミナスフラックス,セ4,58,01158,野中悠太,1:25.8,1,10-8,36.7,90.2,10,488(-8),01189,[東]堀内岳志,542800,ライオンレースホース,,,,,,,,,,,,"7-3,11-1(10,13)-5(6,9)(8,12)2,4",10,2,12.0,False,"7-(3,11)(1,10,13)-6(5,8,12)-2-(9,4)",8,3,7.0,False,-9,
202305040708,8,3歳以上1勝クラス,ダ,1400,晴,良,13:45,2023-10-22,東京,8,7,10,2020100714,オリビアジュテーム,牝3,54,00689,江田照男,1:26.5,4,5-4,38.1,18.4,7,456(-2),01187,[東]西田雄一,117800,高昭牧場,,,,,,,,,,,,"7-3,11-1(10,13)-5(6,9)(8,12)2,4",5,2,8.5,False,"7-(3,11)(1,10,13)-6(5,8,12)-2-(9,4)",4,3,3.5,False,-9,
202305040708,8,3歳以上1勝クラス,ダ,1400,晴,良,13:45,2023-10-22,東京,9,5,7,2020103570,ジャスティンカプリ,牡3,56,01102,北村友一,1:26.7,1.1/4,1-1,39.0,8.8,4,472(-8),00438,[西]安田隆行,195031,三木正浩,,,,,,,,,,,,"7-3,11-1(10,13)-5(6,9)(8,12)2,4",1,1,0.0,False,"7-(3,11)(1,10,13)-6(5,8,12)-2-(9,4)",1,1,0.0,False,-9,
202305040708,8,3歳以上1勝クラス,ダ,1400,晴,良,13:45,2023-10-22,東京,10,2,2,2020100552,ルビコントレイル,牡3,56,01029,武士沢友,1:26.7,クビ,12-11,37.2,294.9,12,450(-4),01179,[東]鈴木慎太,464030,田畑利彦,,,,,,,,,,,,"7-3,11-1(10,13)-5(6,9)(8,12)2,4",12,1,12.0,False,"7-(3,11)(1,10,13)-6(5,8,12)-2-(9,4)",11,1,10.5,False,-9,
202305040708,8,3歳以上1勝クラス,ダ,1400,晴,良,13:45,2023-10-22,東京,11,1,1,2020102645,タルマエロマエ,牝3,54,01096,大野拓弥,1:27.0,1.3/4,4-4,38.6,104.3,11,456(+8),01116,[東]新開幸一,310007,吉田千津,,,,,,,,,,,,"7-3,11-1(10,13)-5(6,9)(8,12)2,4",4,1,8.5,False,"7-(3,11)(1,10,13)-6(5,8,12)-2-(9,4)",4,3,3.5,False,-9,
202305040708,8,3歳以上1勝クラス,ダ,1400,晴,良,13:45,2023-10-22,東京,12,4,5,2019101340,ブルーデイジー,牝4,56,01108,的場勇人,1:28.4,8,7-8,39.3,430.1,13,454(0),01063,[東]的場均,585031,青山郁代,,,,,,,,,,,,"7-3,11-1(10,13)-5(6,9)(8,12)2,4",7,1,12.0,False,"7-(3,11)(1,10,13)-6(5,8,12)-2-(9,4)",8,3,7.0,False,-9,
202305040708,8,3歳以上1勝クラス,ダ,1400,晴,良,13:45,2023-10-22,東京,13,6,9,2020106488,トウカイラメール,セ3,55,01197,佐々木大,1:30.0,10,8-12,40.1,35.7,9,486(+8),01052,[東]菊川正達,695004,内村正則,,,,,,,,,,,,"7-3,11-1(10,13)-5(6,9)(8,12)2,4",8,2,12.0,False,"7-(3,11)(1,10,13)-6(5,8,12)-2-(9,4)",12,2,14.0,False,-9,
202305040709,9,山中湖特別(2勝),芝,2000,晴,良,14:15,2023-10-22,東京,1,4,4,2020102762,メインクーン,牝3,54,01092,津村明秀,1:59.0,,8-9-9,34.4,6.9,4,434(+6),01163,[東]林徹,808800,Ｇ１レーシング,"1,573.8",,,,,,"10-2,1(8,9)6,7,4-5-3",8,1,8.0,False,"10(2,9)1(8,5)(6,7)-4,3",9,1,3.5,False,"10,2(1,9)(8,5)(6,7)4,3",9,1,1.5,False,-14,開催7日目でAコース7日目。見た目以上に内ラチ沿いが傷んでいたのか、土曜に比べると外差し・追込傾向が強まった。
202305040709,9,山中湖特別(2勝),芝,2000,晴,良,14:15,2023-10-22,東京,2,3,3,2019105492,レッドミラージュ,牝4,56,01096,大野拓弥,1:59.1,1/2,10-10-10,34.3,26.7,7,440(+6),01127,[東]栗田徹,465030,大島昌也,626.8,,,,,,"10-2,1(8,9)6,7,4-5-3",10,1,15.0,False,"10(2,9)1(8,5)(6,7)-4,3",10,1,5.0,False,"10,2(1,9)(8,5)(6,7)4,3",10,1,3.0,False,-14,開催7日目でAコース7日目。見た目以上に内ラチ沿いが傷んでいたのか、土曜に比べると外差し・追込傾向が強まった。
202305040709,9,山中湖特別(2勝),芝,2000,晴,良,14:15,2023-10-22,東京,3,7,7,2020101343,ミヤビ,牝3,54,01150,石川裕紀,1:59.2,1/2,7-7-7,34.9,6.0,3,430(+14),01141,[東]尾形和幸,371009,高橋文男,393.4,,,,,,"10-2,1(8,9)6,7,4-5-3",7,1,6.5,False,"10(2,9)1(8,5)(6,7)-4,3",7,2,0.0,False,"10,2(1,9)(8,5)(6,7)4,3",7,2,1.5,False,-14,開催7日目でAコース7日目。見た目以上に内ラチ沿いが傷んでいたのか、土曜に比べると外差し・追込傾向が強まった。
202305040709,9,山中湖特別(2勝),芝,2000,晴,良,14:15,2023-10-22,東京,4,2,2,2020103304,アンリーロード,牝3,54,01140,横山和生,1:59.3,1,2-2-2,35.3,2.0,1,468(-4),01181,[西]茶木太樹,195031,三木正浩,230.0,,,,,,"10-2,1(8,9)6,7,4-5-3",2,1,3.5,False,"10(2,9)1(8,5)(6,7)-4,3",2,2,0.0,False,"10,2(1,9)(8,5)(6,7)4,3",2,1,1.5,False,-14,開催7日目でAコース7日目。見た目以上に内ラチ沿いが傷んでいたのか、土曜に比べると外差し・追込傾向が強まった。
202305040709,9,山中湖特別(2勝),芝,2000,晴,良,14:15,2023-10-22,東京,5,6,6,2020104266,ブライトジュエリー,牝3,54,01197,佐々木大,1:59.3,ハナ,6-7-7,34.9,5.0,2,442(-6),01154,[西]橋口慎介,444031,西村清子,155.0,,,,,,"10-2,1(8,9)6,7,4-5-3",6,1,5.0,False,"10(2,9)1(8,5)(6,7)-4,3",7,2,0.0,False,"10,2(1,9)(8,5)(6,7)4,3",7,2,1.5,False,-14,開催7日目でAコース7日目。見た目以上に内ラチ沿いが傷んでいたのか、土曜に比べると外差し・追込傾向が強まった。
202305040709,9,山中湖特別(2勝),芝,2000,晴,良,14:15,2023-10-22,東京,6,5,5,2020103641,アップトゥミー,牝3,54,01093,藤岡佑介,1:59.5,1,9-5-5,35.3,16.1,6,492(-6),00399,[東]国枝栄,708800,金子真人ホールディン...,,,,,,,"10-2,1(8,9)6,7,4-5-3",9,1,11.5,False,"10(2,9)1(8,5)(6,7)-4,3",5,2,0.0,False,"10,2(1,9)(8,5)(6,7)4,3",5,2,1.5,False,-14,開催7日目でAコース7日目。見た目以上に内ラチ沿いが傷んでいたのか、土曜に比べると外差し・追込傾向が強まった。
202305040709,9,山中湖特別(2勝),芝,2000,晴,良,14:15,2023-10-22,東京,7,7,8,2019104825,スタティスティクス,牝4,56,05386,戸崎圭太,1:59.5,ハナ,4-5-5,35.3,9.4,5,458(+10),01166,[西]石坂公一,415800,社台レースホース,,,,,,,"10-2,1(8,9)6,7,4-5-3",4,2,5.0,False,"10(2,9)1(8,5)(6,7)-4,3",5,2,0.0,False,"10,2(1,9)(8,5)(6,7)4,3",5,2,1.5,False,-14,開催7日目でAコース7日目。見た目以上に内ラチ沿いが傷んでいたのか、土曜に比べると外差し・追込傾向が強まった。
202305040709,9,山中湖特別(2勝),芝,2000,晴,良,14:15,2023-10-22,東京,8,1,1,2018102173,ヒットザシーン,牝5,56,01085,松岡正海,2:00.1,3.1/2,3-4-3,36.0,86.0,9,486(-6),01048,[東]畠山吉宏,546800,サラブレッドクラブ・...,,,,,,,"10-2,1(8,9)6,7,4-5-3",3,1,5.0,False,"10(2,9)1(8,5)(6,7)-4,3",4,1,0.0,False,"10,2(1,9)(8,5)(6,7)4,3",3,2,1.5,False,-14,開催7日目でAコース7日目。見た目以上に内ラチ沿いが傷んでいたのか、土曜に比べると外差し・追込傾向が強まった。
202305040709,9,山中湖特別(2勝),芝,2000,晴,良,14:15,2023-10-22,東京,9,8,10,2019101882,アメリカンスター,牝4,56,01179,菅原明良,2:00.6,3,1-1-1,36.7,97.9,10,510(+12),01051,[東]岩戸孝樹,003060,ゴドルフィン,,,,,,,"10-2,1(8,9)6,7,4-5-3",1,1,0.0,False,"10(2,9)1(8,5)(6,7)-4,3",1,1,0.0,False,"10,2(1,9)(8,5)(6,7)4,3",1,1,0.0,False,-14,開催7日目でAコース7日目。見た目以上に内ラチ沿いが傷んでいたのか、土曜に比べると外差し・追込傾向が強まった。
202305040709,9,山中湖特別(2勝),芝,2000,晴,良,14:15,2023-10-22,東京,10,8,9,2019105450,ショショローザ,牝4,56,01102,北村友一,2:00.7,1/2,4-2-3,36.6,33.9,8,476(-6),01194,[西]小栗実,226800,サンデーレーシング,,,,,,,"10-2,1(8,9)6,7,4-5-3",4,2,5.0,False,"10(2,9)1(8,5)(6,7)-4,3",2,2,0.0,False,"10,2(1,9)(8,5)(6,7)4,3",3,2,1.5,False,-14,開催7日目でAコース7日目。見た目以上に内ラチ沿いが傷んでいたのか、土曜に比べると外差し・追込傾向が強まった。
202305040710,10,甲斐路S(3勝),芝,2000,晴,良,14:50,2023-10-22,東京,1,5,9,2018104261,プラチナトレジャー,牡5,55,01179,菅原明良,1:59.0,,8-7-6,34.6,18.4,7,476(-2),00399,[東]国枝栄,399009,嶋田賢,"1,875.7",,,,,,"15,2-5-12(1,3)-7,9(6,11)(10,13)-(8,14)16,4",8,1,13.5,False,"2-15,5=3,12-1(7,9,11)(6,13)10(8,14)-16,4",7,3,16.0,False,"2,15,5-(3,12)(1,9,11)(7,6,13)10(8,14)16,4",6,3,6.5,False,-14,開催7日目でAコース7日目。見た目以上に内ラチ沿いが傷んでいたのか、土曜に比べると外差し・追込傾向が強まった。
202305040710,10,甲斐路S(3勝),芝,2000,晴,良,14:50,2023-10-22,東京,2,7,14,2018101660,ワイドエンペラー,牡5,57,00422,内田博幸,1:59.1,クビ,13-13-13,33.9,12.1,6,494(-16),01062,[西]藤岡健一,331007,幅田昌伸,750.2,,,,,,"15,2-5-12(1,3)-7,9(6,11)(10,13)-(8,14)16,4",13,2,17.0,False,"2-15,5=3,12-1(7,9,11)(6,13)10(8,14)-16,4",13,2,16.0,False,"2,15,5-(3,12)(1,9,11)(7,6,13)10(8,14)16,4",13,2,6.5,False,-14,開催7日目でAコース7日目。見た目以上に内ラチ沿いが傷んでいたのか、土曜に比べると外差し・追込傾向が強まった。
202305040710,10,甲斐路S(3勝),芝,2000,晴,良,14:50,2023-10-22,東京,3,1,1,2018104225,リフレーミング,牡5,57,01116,藤岡康太,1:59.2,3/4,5-6-6,34.8,3.9,1,476(+10),01046,[西]鮫島一歩,097031,栗山学,465.1,,,,,,"15,2-5-12(1,3)-7,9(6,11)(10,13)-(8,14)16,4",5,2,8.5,False,"2-15,5=3,12-1(7,9,11)(6,13)10(8,14)-16,4",6,1,16.0,False,"2,15,5-(3,12)(1,9,11)(7,6,13)10(8,14)16,4",6,3,6.5,False,-14,開催7日目でAコース7日目。見た目以上に内ラチ沿いが傷んでいたのか、土曜に比べると外差し・追込傾向が強まった。
202305040710,10,甲斐路S(3勝),芝,2000,晴,良,14:50,2023-10-22,東京,4,3,5,2018104697,サザンナイツ,セ5,55,01119,伊藤工真,1:59.6,2.1/2,3-3-3,36.1,27.1,11,448(-2),01163,[東]林徹,029803,ジャコモ,280.0,,,,,,"15,2-5-12(1,3)-7,9(6,11)(10,13)-(8,14)16,4",3,1,5.0,False,"2-15,5=3,12-1(7,9,11)(6,13)10(8,14)-16,4",3,1,5.0,False,"2,15,5-(3,12)(1,9,11)(7,6,13)10(8,14)16,4",3,1,3.0,False,-14,開催7日目でAコース7日目。見た目以上に内ラチ沿いが傷んでいたのか、土曜に比べると外差し・追込傾向が強まった。
202305040710,10,甲斐路S(3勝),芝,2000,晴,良,14:50,2023-10-22,東京,5,7,13,2019100787,エリオトローピオ,牝4,54,01162,木幡巧也,1:59.6,アタマ,11-10-9,34.9,19.8,8,416(+2),01174,[東]深山雅史,546800,サラブレッドクラブ・...,184.0,,,,,,"15,2-5-12(1,3)-7,9(6,11)(10,13)-(8,14)16,4",11,2,13.5,False,"2-15,5=3,12-1(7,9,11)(6,13)10(8,14)-16,4",10,2,16.0,False,"2,15,5-(3,12)(1,9,11)(7,6,13)10(8,14)16,4",9,3,6.5,False,-14,開催7日目でAコース7日目。見た目以上に内ラチ沿いが傷んでいたのか、土曜に比べると外差し・追込傾向が強まった。
202305040710,10,甲斐路S(3勝),芝,2000,晴,良,14:50,2023-10-22,東京,6,5,10,2018105321,カランドゥーラ,牡5,55,01093,藤岡佑介,1:59.6,クビ,11-12-12,34.7,23.3,10,506(+12),01191,[東]蛯名正義,208008,窪田芳郎,,,,,,,"15,2-5-12(1,3)-7,9(6,11)(10,13)-(8,14)16,4",11,2,13.5,False,"2-15,5=3,12-1(7,9,11)(6,13)10(8,14)-16,4",12,1,16.0,False,"2,15,5-(3,12)(1,9,11)(7,6,13)10(8,14)16,4",12,1,6.5,False,-14,開催7日目でAコース7日目。見た目以上に内ラチ沿いが傷んでいたのか、土曜に比べると外差し・追込傾向が強まった。
202305040710,10,甲斐路S(3勝),芝,2000,晴,良,14:50,2023-10-22,東京,7,6,12,2018104591,サウンドウォリアー,牡5,57,05386,戸崎圭太,1:59.6,アタマ,4-5-4,35.3,5.0,2,500(-2),01135,[西]高橋康之,168006,増田雄一,,,,,,,"15,2-5-12(1,3)-7,9(6,11)(10,13)-(8,14)16,4",4,1,8.5,False,"2-15,5=3,12-1(7,9,11)(6,13)10(8,14)-16,4",5,1,12.5,False,"2,15,5-(3,12)(1,9,11)(7,6,13)10(8,14)16,4",4,2,6.5,False,-14,開催7日目でAコース7日目。見た目以上に内ラチ沿いが傷んでいたのか、土曜に比べると外差し・追込傾向が強まった。
202305040710,10,甲斐路S(3勝),芝,2000,晴,良,14:50,2023-10-22,東京,8,4,7,2019105197,ブラックシールド,牡4,56,01102,北村友一,1:59.7,1/2,7-7-9,35.0,11.7,5,452(-8),01160,[西]武幸四郎,790005,吉田勝己,,,,,,,"15,2-5-12(1,3)-7,9(6,11)(10,13)-(8,14)16,4",7,1,12.0,False,"2-15,5=3,12-1(7,9,11)(6,13)10(8,14)-16,4",7,3,16.0,False,"2,15,5-(3,12)(1,9,11)(7,6,13)10(8,14)16,4",9,3,6.5,False,-14,開催7日目でAコース7日目。見た目以上に内ラチ沿いが傷んでいたのか、土曜に比べると外差し・追込傾向が強まった。
202305040710,10,甲斐路S(3勝),芝,2000,晴,良,14:50,2023-10-22,東京,9,8,15,2019102628,セイウンプラチナ,牡4,55,01188,永野猛蔵,1:59.8,クビ,1-2-2,36.5,58.5,12,504(+2),01005,[東]小桧山悟,897009,西山茂行,,,,,,,"15,2-5-12(1,3)-7,9(6,11)(10,13)-(8,14)16,4",1,1,0.0,False,"2-15,5=3,12-1(7,9,11)(6,13)10(8,14)-16,4",2,1,3.5,False,"2,15,5-(3,12)(1,9,11)(7,6,13)10(8,14)16,4",2,1,1.5,False,-14,開催7日目でAコース7日目。見た目以上に内ラチ沿いが傷んでいたのか、土曜に比べると外差し・追込傾向が強まった。
202305040710,10,甲斐路S(3勝),芝,2000,晴,良,14:50,2023-10-22,東京,10,8,16,2020103262,チャンスザローゼス,牡3,55,01092,津村明秀,1:59.8,ハナ,15-15-15,34.4,5.4,3,482(-2),01137,[西]中内田充,232031,藤田晋,,,,,,,"15,2-5-12(1,3)-7,9(6,11)(10,13)-(8,14)16,4",15,1,17.0,False,"2-15,5=3,12-1(7,9,11)(6,13)10(8,14)-16,4",15,1,19.5,False,"2,15,5-(3,12)(1,9,11)(7,6,13)10(8,14)16,4",15,1,6.5,False,-14,開催7日目でAコース7日目。見た目以上に内ラチ沿いが傷んでいたのか、土曜に比べると外差し・追込傾向が強まった。
202305040710,10,甲斐路S(3勝),芝,2000,晴,良,14:50,2023-10-22,東京,11,6,11,2019100547,タガノフィナーレ,牝4,53,00733,吉田豊,1:59.8,ハナ,9-7-6,35.3,145.4,16,510(-4),01186,[西]中村直也,859002,八木良司,,,,,,,"15,2-5-12(1,3)-7,9(6,11)(10,13)-(8,14)16,4",9,2,13.5,False,"2-15,5=3,12-1(7,9,11)(6,13)10(8,14)-16,4",7,3,16.0,False,"2,15,5-(3,12)(1,9,11)(7,6,13)10(8,14)16,4",6,3,6.5,False,-14,開催7日目でAコース7日目。見た目以上に内ラチ沿いが傷んでいたのか、土曜に比べると外差し・追込傾向が強まった。
202305040710,10,甲斐路S(3勝),芝,2000,晴,良,14:50,2023-10-22,東京,12,4,8,2017104988,ナリタブレード,牡6,54,01169,武藤雅,1:59.8,アタマ,13-13-13,34.6,88.2,13,508(-2),01069,[西]中尾秀正,712800,オースミ,,,,,,,"15,2-5-12(1,3)-7,9(6,11)(10,13)-(8,14)16,4",13,2,17.0,False,"2-15,5=3,12-1(7,9,11)(6,13)10(8,14)-16,4",13,2,16.0,False,"2,15,5-(3,12)(1,9,11)(7,6,13)10(8,14)16,4",13,2,6.5,False,-14,開催7日目でAコース7日目。見た目以上に内ラチ沿いが傷んでいたのか、土曜に比べると外差し・追込傾向が強まった。
202305040710,10,甲斐路S(3勝),芝,2000,晴,良,14:50,2023-10-22,東京,13,2,4,2019100215,ウインエクレール,牝4,54,01085,松岡正海,1:59.9,1/2,16-16-16,34.3,6.1,4,478(+2),01048,[東]畠山吉宏,494800,ウイン,,,,,,,"15,2-5-12(1,3)-7,9(6,11)(10,13)-(8,14)16,4",16,1,18.5,False,"2-15,5=3,12-1(7,9,11)(6,13)10(8,14)-16,4",16,1,21.0,False,"2,15,5-(3,12)(1,9,11)(7,6,13)10(8,14)16,4",16,1,8.0,False,-14,開催7日目でAコース7日目。見た目以上に内ラチ沿いが傷んでいたのか、土曜に比べると外差し・追込傾向が強まった。
202305040710,10,甲斐路S(3勝),芝,2000,晴,良,14:50,2023-10-22,東京,14,2,3,2018102172,マイネルマーティン,牡5,55,01197,佐々木大,2:00.1,1.1/2,5-4-4,35.8,88.2,14,510(0),01115,[東]菊沢隆徳,546800,サラブレッドクラブ・...,,,,,,,"15,2-5-12(1,3)-7,9(6,11)(10,13)-(8,14)16,4",5,2,8.5,False,"2-15,5=3,12-1(7,9,11)(6,13)10(8,14)-16,4",4,1,11.0,False,"2,15,5-(3,12)(1,9,11)(7,6,13)10(8,14)16,4",4,2,6.5,False,-14,開催7日目でAコース7日目。見た目以上に内ラチ沿いが傷んでいたのか、土曜に比べると外差し・追込傾向が強まった。
202305040710,10,甲斐路S(3勝),芝,2000,晴,良,14:50,2023-10-22,東京,15,3,6,2017105588,モーソンピーク,牡6,55,01150,石川裕紀,2:00.1,ハナ,9-10-9,35.4,23.1,9,494(-2),00399,[東]国枝栄,506800,シルクレーシング,,,,,,,"15,2-5-12(1,3)-7,9(6,11)(10,13)-(8,14)16,4",9,2,13.5,False,"2-15,5=3,12-1(7,9,11)(6,13)10(8,14)-16,4",10,2,16.0,False,"2,15,5-(3,12)(1,9,11)(7,6,13)10(8,14)16,4",9,3,6.5,False,-14,開催7日目でAコース7日目。見た目以上に内ラチ沿いが傷んでいたのか、土曜に比べると外差し・追込傾向が強まった。
202305040710,10,甲斐路S(3勝),芝,2000,晴,良,14:50,2023-10-22,東京,16,1,2,2016102362,エターナルヴィテス,牡7,52,00684,田中勝春,2:00.9,5,2-1-1,37.9,91.3,15,482(+2),01100,[東]松山将樹,062007,永井廣司,,,,,,,"15,2-5-12(1,3)-7,9(6,11)(10,13)-(8,14)16,4",2,1,1.5,False,"2-15,5=3,12-1(7,9,11)(6,13)10(8,14)-16,4",1,1,0.0,False,"2,15,5-(3,12)(1,9,11)(7,6,13)10(8,14)16,4",1,1,0.0,False,-14,開催7日目でAコース7日目。見た目以上に内ラチ沿いが傷んでいたのか、土曜に比べると外差し・追込傾向が強まった。
202305040711,11,ブラジルC(L),ダ,2100,晴,良,15:30,2023-10-22,東京,1,5,10,2018105088,テンカハル,牡5,56,01092,津村明秀,2:09.9,,12-12-12-10,36.1,4.0,2,500(-9),01075,[西]矢作芳人,542800,ライオンレースホース,"2,433.6","14,15(4,12)(6,9)3,11,1(2,13)10-8,7,16,5",12,1,4.5,False,"14,15,12(4,9)6(3,11)2,1,13,10=8-(7,16)5",12,1,7.5,False,"(*14,15)12(4,9)6(2,11)3,13,1,10-(8,16,5)-7",12,1,4.5,False,"(14,*15)-12(6,9)(4,2)-(3,11)(10,13)-(8,16,5)(1,7)",10,2,7.0,False,-9,
202305040711,11,ブラジルC(L),ダ,2100,晴,良,15:30,2023-10-22,東京,2,7,13,2016105206,ダノンラスター,セ7,57,01197,佐々木大,2:10.1,1.1/4,10-11-10-10,36.3,3.5,1,466(+2),01070,[東]堀宣行,619800,ダノックス,969.6,"14,15(4,12)(6,9)3,11,1(2,13)10-8,7,16,5",10,2,4.5,False,"14,15,12(4,9)6(3,11)2,1,13,10=8-(7,16)5",11,1,6.0,False,"(*14,15)12(4,9)6(2,11)3,13,1,10-(8,16,5)-7",10,1,1.5,False,"(14,*15)-12(6,9)(4,2)-(3,11)(10,13)-(8,16,5)(1,7)",10,2,7.0,False,-9,
202305040711,11,ブラジルC(L),ダ,2100,晴,良,15:30,2023-10-22,東京,3,8,15,2019103507,ロードヴァレンチ,セ4,55,01162,木幡巧也,2:10.3,1.1/4,2-2-2-1,37.9,38.4,10,476(0),01153,[東]中舘英二,170800,ロードホースクラブ,604.8,"14,15(4,12)(6,9)3,11,1(2,13)10-8,7,16,5",2,1,1.5,False,"14,15,12(4,9)6(3,11)2,1,13,10=8-(7,16)5",2,1,1.5,False,"(*14,15)12(4,9)6(2,11)3,13,1,10-(8,16,5)-7",2,2,0.0,False,"(14,*15)-12(6,9)(4,2)-(3,11)(10,13)-(8,16,5)(1,7)",1,2,0.0,True,-9,
202305040711,11,ブラジルC(L),ダ,2100,晴,良,15:30,2023-10-22,東京,4,3,5,2018105448,ディクテオン,セ5,57,01179,菅原明良,2:10.4,3/4,16-16-13-12,36.0,9.0,4,504(+6),01176,[西]吉岡辰弥,808800,Ｇ１レーシング,360.0,"14,15(4,12)(6,9)3,11,1(2,13)10-8,7,16,5",16,1,12.5,False,"14,15,12(4,9)6(3,11)2,1,13,10=8-(7,16)5",16,1,17.0,False,"(*14,15)12(4,9)6(2,11)3,13,1,10-(8,16,5)-7",13,3,8.0,False,"(14,*15)-12(6,9)(4,2)-(3,11)(10,13)-(8,16,5)(1,7)",12,3,10.5,False,-9,
202305040711,11,ブラジルC(L),ダ,2100,晴,良,15:30,2023-10-22,東京,5,4,8,2018102195,ゴールドハイアー,牡5,55,01140,横山和生,2:10.4,ハナ,13-13-13-12,36.0,18.5,8,496(+4),01058,[西]大久保龍,712033,居城寿与,240.0,"14,15(4,12)(6,9)3,11,1(2,13)10-8,7,16,5",13,1,8.0,False,"14,15,12(4,9)6(3,11)2,1,13,10=8-(7,16)5",13,1,13.5,False,"(*14,15)12(4,9)6(2,11)3,13,1,10-(8,16,5)-7",13,3,8.0,False,"(14,*15)-12(6,9)(4,2)-(3,11)(10,13)-(8,16,5)(1,7)",12,3,10.5,False,-9,
202305040711,11,ブラジルC(L),ダ,2100,晴,良,15:30,2023-10-22,東京,6,1,2,2017102011,キタノヴィジョン,牡6,57,00689,江田照男,2:10.5,クビ,10-9-7-6,37.3,26.1,9,484(-10),01024,[東]萱野浩二,163002,北所直人,,"14,15(4,12)(6,9)3,11,1(2,13)10-8,7,16,5",10,2,4.5,False,"14,15,12(4,9)6(3,11)2,1,13,10=8-(7,16)5",9,1,3.0,False,"(*14,15)12(4,9)6(2,11)3,13,1,10-(8,16,5)-7",7,2,0.0,False,"(14,*15)-12(6,9)(4,2)-(3,11)(10,13)-(8,16,5)(1,7)",6,2,3.5,False,-9,
202305040711,11,ブラジルC(L),ダ,2100,晴,良,15:30,2023-10-22,東京,7,3,6,2019104589,トウセツ,牡4,55,01116,藤岡康太,2:10.7,1.1/2,5-6-6-4,37.6,13.5,7,480(-6),01178,[西]杉山佳明,646030,中辻明,,"14,15(4,12)(6,9)3,11,1(2,13)10-8,7,16,5",5,2,1.5,False,"14,15,12(4,9)6(3,11)2,1,13,10=8-(7,16)5",6,1,3.0,False,"(*14,15)12(4,9)6(2,11)3,13,1,10-(8,16,5)-7",6,1,0.0,False,"(14,*15)-12(6,9)(4,2)-(3,11)(10,13)-(8,16,5)(1,7)",4,2,3.5,False,-9,
202305040711,11,ブラジルC(L),ダ,2100,晴,良,15:30,2023-10-22,東京,8,4,7,2015105868,サクラアリュール,牡8,56,01150,石川裕紀,2:11.4,4,14-14-16-15,36.7,10.8,6,482(+2),01107,[西]村山明,019800,さくらコマース,,"14,15(4,12)(6,9)3,11,1(2,13)10-8,7,16,5",14,1,9.5,False,"14,15,12(4,9)6(3,11)2,1,13,10=8-(7,16)5",14,2,17.0,False,"(*14,15)12(4,9)6(2,11)3,13,1,10-(8,16,5)-7",16,1,11.5,False,"(14,*15)-12(6,9)(4,2)-(3,11)(10,13)-(8,16,5)(1,7)",15,2,10.5,False,-9,
202305040711,11,ブラジルC(L),ダ,2100,晴,良,15:30,2023-10-22,東京,9,5,9,2018105561,ジュディッタ,牝5,53,01085,松岡正海,2:11.6,1,5-4-4-4,38.6,90.8,14,512(-2),01166,[西]石坂公一,506800,シルクレーシング,,"14,15(4,12)(6,9)3,11,1(2,13)10-8,7,16,5",5,2,1.5,False,"14,15,12(4,9)6(3,11)2,1,13,10=8-(7,16)5",4,2,3.0,False,"(*14,15)12(4,9)6(2,11)3,13,1,10-(8,16,5)-7",4,2,0.0,False,"(14,*15)-12(6,9)(4,2)-(3,11)(10,13)-(8,16,5)(1,7)",4,2,3.5,False,-9,
202305040711,11,ブラジルC(L),ダ,2100,晴,良,15:30,2023-10-22,東京,10,6,11,2020103295,エクロジャイト,牡3,55,01102,北村友一,2:11.8,1.1/2,8-7-7-8,38.2,9.1,5,502(-6),00438,[西]安田隆行,226800,サンデーレーシング,,"14,15(4,12)(6,9)3,11,1(2,13)10-8,7,16,5",8,1,3.0,False,"14,15,12(4,9)6(3,11)2,1,13,10=8-(7,16)5",7,2,3.0,False,"(*14,15)12(4,9)6(2,11)3,13,1,10-(8,16,5)-7",7,2,0.0,False,"(14,*15)-12(6,9)(4,2)-(3,11)(10,13)-(8,16,5)(1,7)",8,2,7.0,False,-9,
202305040711,11,ブラジルC(L),ダ,2100,晴,良,15:30,2023-10-22,東京,11,8,16,2015100274,ヴィジョンオブラヴ,牡8,54,01158,野中悠太,2:11.9,1/2,15-14-13-12,37.5,198.9,16,504(-8),01116,[東]新開幸一,858800,大塚亮一,,"14,15(4,12)(6,9)3,11,1(2,13)10-8,7,16,5",15,1,11.0,False,"14,15,12(4,9)6(3,11)2,1,13,10=8-(7,16)5",14,2,17.0,False,"(*14,15)12(4,9)6(2,11)3,13,1,10-(8,16,5)-7",13,3,8.0,False,"(14,*15)-12(6,9)(4,2)-(3,11)(10,13)-(8,16,5)(1,7)",12,3,10.5,False,-9,
202305040711,11,ブラジルC(L),ダ,2100,晴,良,15:30,2023-10-22,東京,12,6,12,2017101895,ペルセウスシチー,牡6,55,00422,内田博幸,2:12.1,1.1/4,3-3-3-3,39.3,101.3,15,484(+6),01150,[東]池上昌和,321800,友駿ホースクラブ,,"14,15(4,12)(6,9)3,11,1(2,13)10-8,7,16,5",3,2,1.5,False,"14,15,12(4,9)6(3,11)2,1,13,10=8-(7,16)5",3,1,3.0,False,"(*14,15)12(4,9)6(2,11)3,13,1,10-(8,16,5)-7",3,1,0.0,False,"(14,*15)-12(6,9)(4,2)-(3,11)(10,13)-(8,16,5)(1,7)",3,1,3.5,False,-9,
202305040711,11,ブラジルC(L),ダ,2100,晴,良,15:30,2023-10-22,東京,13,2,3,2019106521,ヘラルドバローズ,牡4,56,05386,戸崎圭太,2:13.1,6,7-7-9-8,39.4,6.8,3,494(+2),01158,[西]寺島良,859007,猪熊広次,,"14,15(4,12)(6,9)3,11,1(2,13)10-8,7,16,5",7,1,1.5,False,"14,15,12(4,9)6(3,11)2,1,13,10=8-(7,16)5",7,2,3.0,False,"(*14,15)12(4,9)6(2,11)3,13,1,10-(8,16,5)-7",9,1,0.0,False,"(14,*15)-12(6,9)(4,2)-(3,11)(10,13)-(8,16,5)(1,7)",8,2,7.0,False,-9,
202305040711,11,ブラジルC(L),ダ,2100,晴,良,15:30,2023-10-22,東京,14,2,4,2017104867,ヒロイックテイル,セ6,57,01030,松田大作,2:13.3,1.1/4,3-4-4-6,40.1,66.1,12,486(0),01099,[西]本田優,758005,吉田照哉,,"14,15(4,12)(6,9)3,11,1(2,13)10-8,7,16,5",3,2,1.5,False,"14,15,12(4,9)6(3,11)2,1,13,10=8-(7,16)5",4,2,3.0,False,"(*14,15)12(4,9)6(2,11)3,13,1,10-(8,16,5)-7",4,2,0.0,False,"(14,*15)-12(6,9)(4,2)-(3,11)(10,13)-(8,16,5)(1,7)",6,2,3.5,False,-9,
202305040711,11,ブラジルC(L),ダ,2100,晴,良,15:30,2023-10-22,東京,15,7,14,2018101498,ラブリークイーン,牝5,52,00733,吉田豊,2:13.8,3,1-1-1-2,41.4,55.2,11,482(+2),01195,[東]嘉藤貴行,810008,坂巻勝彦,,"14,15(4,12)(6,9)3,11,1(2,13)10-8,7,16,5",1,1,0.0,False,"14,15,12(4,9)6(3,11)2,1,13,10=8-(7,16)5",1,1,0.0,False,"(*14,15)12(4,9)6(2,11)3,13,1,10-(8,16,5)-7",1,2,0.0,True,"(14,*15)-12(6,9)(4,2)-(3,11)(10,13)-(8,16,5)(1,7)",2,2,0.0,False,-9,
202305040711,11,ブラジルC(L),ダ,2100,晴,良,15:30,2023-10-22,東京,16,1,1,2016104659,サトノルークス,牡7,54,01188,永野猛蔵,2:19.9,大,9-10-11-15,45.3,69.7,13,480(-16),01071,[西]池江泰寿,790031,里見治,,"14,15(4,12)(6,9)3,11,1(2,13)10-8,7,16,5",9,1,4.5,False,"14,15,12(4,9)6(3,11)2,1,13,10=8-(7,16)5",10,1,4.5,False,"(*14,15)12(4,9)6(2,11)3,13,1,10-(8,16,5)-7",11,1,3.0,False,"(14,*15)-12(6,9)(4,2)-(3,11)(10,13)-(8,16,5)(1,7)",15,2,10.5,False,-9,
202305040712,12,3歳以上2勝クラス,ダ,1600,晴,良,16:10,2023-10-22,東京,1,8,16,2018101243,オレデイイノカ,牡5,58,00422,内田博幸,1:36.8,,7-6,37.4,14.3,8,500(0),01079,[東]古賀慎明,929009,福島徳佑,"1,140.0",,,,,,,,,,,"14,6-(12,7)-15,8-16-1,13,2-4-10,9-3-5-11",7,1,13.5,False,"14,6-(12,7)15(16,8)-1(2,13)-4(9,10)-3-5=11",6,2,5.0,False,-9,
202305040712,12,3歳以上2勝クラス,ダ,1600,晴,良,16:10,2023-10-22,東京,2,1,1,2020101574,ギョウネン,牝3,54,01153,木幡初也,1:36.9,1/2,8-8,37.1,6.0,3,440(+4),01152,[東]竹内正洋,044803,由井健太郎,460.0,,,,,,,,,,,"14,6-(12,7)-15,8-16-1,13,2-4-10,9-3-5-11",8,1,17.0,False,"14,6-(12,7)15(16,8)-1(2,13)-4(9,10)-3-5=11",8,1,8.5,False,-9,
202305040712,12,3歳以上2勝クラス,ダ,1600,晴,良,16:10,2023-10-22,東京,3,1,2,2018105237,セラフィナイト,牡5,58,01150,石川裕紀,1:37.2,2,10-9,37.1,44.1,10,450(+4),01175,[東]宮田敬介,506800,シルクレーシング,290.0,,,,,,,,,,,"14,6-(12,7)-15,8-16-1,13,2-4-10,9-3-5-11",10,1,20.0,False,"14,6-(12,7)15(16,8)-1(2,13)-4(9,10)-3-5=11",9,2,8.5,False,-9,
202305040712,12,3歳以上2勝クラス,ダ,1600,晴,良,16:10,2023-10-22,東京,4,4,7,2020110109,トリプルループ,牝3,54,05386,戸崎圭太,1:37.3,1/2,3-3,38.2,12.2,6,498(-3),00427,[西]森秀行,543031,松島一晃,170.0,,,,,,,,,,,"14,6-(12,7)-15,8-16-1,13,2-4-10,9-3-5-11",3,2,5.0,False,"14,6-(12,7)15(16,8)-1(2,13)-4(9,10)-3-5=11",3,2,5.0,False,-9,
202305040712,12,3歳以上2勝クラス,ダ,1600,晴,良,16:10,2023-10-22,東京,5,7,13,2019101661,サトミノマロン,牡4,58,01092,津村明秀,1:37.4,クビ,9-9,37.4,8.9,5,530(+4),01026,[東]鈴木伸尋,425031,田代洋己,114.0,,,,,,,,,,,"14,6-(12,7)-15,8-16-1,13,2-4-10,9-3-5-11",9,1,18.5,False,"14,6-(12,7)15(16,8)-1(2,13)-4(9,10)-3-5=11",9,2,8.5,False,-9,
202305040712,12,3歳以上2勝クラス,ダ,1600,晴,良,16:10,2023-10-22,東京,6,5,10,2014100566,ヤマニンバンタジオ,セ9,58,05243,柴山雄一,1:37.7,1.3/4,12-12,36.9,246.9,16,552(+12),01112,[東]田島俊明,329004,土井肇,,,,,,,,,,,,"14,6-(12,7)-15,8-16-1,13,2-4-10,9-3-5-11",12,1,27.0,False,"14,6-(12,7)15(16,8)-1(2,13)-4(9,10)-3-5=11",12,2,12.0,False,-9,
202305040712,12,3歳以上2勝クラス,ダ,1600,晴,良,16:10,2023-10-22,東京,7,6,12,2019106146,リバーサルバレット,牡4,57,01197,佐々木大,1:37.7,クビ,3-3,38.5,3.7,1,494(+4),01067,[東]久保田貴,909006,草間庸文,,,,,,,,,,,,"14,6-(12,7)-15,8-16-1,13,2-4-10,9-3-5-11",3,2,5.0,False,"14,6-(12,7)15(16,8)-1(2,13)-4(9,10)-3-5=11",3,2,5.0,False,-9,
202305040712,12,3歳以上2勝クラス,ダ,1600,晴,良,16:10,2023-10-22,東京,8,2,4,2019102341,サイモンソーラン,牡4,58,00733,吉田豊,1:37.8,1/2,11-11,37.3,54.3,11,486(+8),01047,[東]勢司和浩,132030,澤田昭紀,,,,,,,,,,,,"14,6-(12,7)-15,8-16-1,13,2-4-10,9-3-5-11",11,1,23.5,False,"14,6-(12,7)15(16,8)-1(2,13)-4(9,10)-3-5=11",11,1,12.0,False,-9,
202305040712,12,3歳以上2勝クラス,ダ,1600,晴,良,16:10,2023-10-22,東京,9,4,8,2018106144,レオカクテル,牡5,58,01162,木幡巧也,1:37.9,クビ,6-6,38.4,12.9,7,490(-8),01024,[東]萱野浩二,209800,レオ,,,,,,,,,,,,"14,6-(12,7)-15,8-16-1,13,2-4-10,9-3-5-11",6,1,10.0,False,"14,6-(12,7)15(16,8)-1(2,13)-4(9,10)-3-5=11",6,2,5.0,False,-9,
202305040712,12,3歳以上2勝クラス,ダ,1600,晴,良,16:10,2023-10-22,東京,10,2,3,2019101121,ララエフォール,牡4,58,01179,菅原明良,1:37.9,クビ,14-14,36.4,6.3,4,494(+2),01143,[東]和田雄二,851800,フジイ興産,,,,,,,,,,,,"14,6-(12,7)-15,8-16-1,13,2-4-10,9-3-5-11",14,1,32.0,False,"14,6-(12,7)15(16,8)-1(2,13)-4(9,10)-3-5=11",14,1,15.5,False,-9,
202305040712,12,3歳以上2勝クラス,ダ,1600,晴,良,16:10,2023-10-22,東京,11,3,5,2019102163,フォーワンセルフ,牡4,58,01143,原田和真,1:38.1,1.1/4,15-15,36.3,242.0,15,518(+10),01005,[東]小桧山悟,970800,アドバンス・サッポロ,,,,,,,,,,,,"14,6-(12,7)-15,8-16-1,13,2-4-10,9-3-5-11",15,1,35.5,False,"14,6-(12,7)15(16,8)-1(2,13)-4(9,10)-3-5=11",15,1,19.0,False,-9,
202305040712,12,3歳以上2勝クラス,ダ,1600,晴,良,16:10,2023-10-22,東京,12,5,9,2017105433,ヤウガウ,セ6,58,01169,武藤雅,1:38.3,1,13-12,37.5,239.7,14,484(+6),01132,[東]金成貴史,098803,Ｇリビエール・レーシ...,,,,,,,,,,,,"14,6-(12,7)-15,8-16-1,13,2-4-10,9-3-5-11",13,1,28.5,False,"14,6-(12,7)15(16,8)-1(2,13)-4(9,10)-3-5=11",12,2,12.0,False,-9,
202305040712,12,3歳以上2勝クラス,ダ,1600,晴,良,16:10,2023-10-22,東京,13,3,6,2018104379,ロードレイライン,牡5,57,01188,永野猛蔵,1:38.5,1,2-2,39.8,37.0,9,470(+2),01167,[東]稲垣幸雄,170800,ロードホースクラブ,,,,,,,,,,,,"14,6-(12,7)-15,8-16-1,13,2-4-10,9-3-5-11",2,1,1.5,False,"14,6-(12,7)15(16,8)-1(2,13)-4(9,10)-3-5=11",2,1,1.5,False,-9,
202305040712,12,3歳以上2勝クラス,ダ,1600,晴,良,16:10,2023-10-22,東京,14,7,14,2019102484,クーシフォン,牝4,56,01093,藤岡佑介,1:39.8,8,1-1,41.3,148.0,13,458(-14),01106,[東]牧光二,482002,水上行雄,,,,,,,,,,,,"14,6-(12,7)-15,8-16-1,13,2-4-10,9-3-5-11",1,1,0.0,False,"14,6-(12,7)15(16,8)-1(2,13)-4(9,10)-3-5=11",1,1,0.0,False,-9,
202305040712,12,3歳以上2勝クラス,ダ,1600,晴,良,16:10,2023-10-22,東京,15,6,11,2017103184,トゥルブレンシア,セ6,58,01085,松岡正海,1:39.8,クビ,16-16,36.9,59.0,12,454(-2),01041,[西]藤沢則雄,851009,岡田牧雄,,,,,,,,,,,,"14,6-(12,7)-15,8-16-1,13,2-4-10,9-3-5-11",16,1,39.0,False,"14,6-(12,7)15(16,8)-1(2,13)-4(9,10)-3-5=11",16,1,25.0,False,-9,
202305040712,12,3歳以上2勝クラス,ダ,1600,晴,良,16:10,2023-10-22,東京,16,8,15,2020101721,ゴッドファーザー,牡3,56,01140,横山和生,1:39.9,1/2,5-5,40.6,4.5,2,508(+4),01017,[東]萩原清,887800,ＮＩＣＫＳ,,,,,,,,,,,,"14,6-(12,7)-15,8-16-1,13,2-4-10,9-3-5-11",5,1,8.5,False,"14,6-(12,7)15(16,8)-1(2,13)-4(9,10)-3-5=11",5,1,5.0,False,-9,
202308020701,1,2歳未勝利,ダ,1800,晴,良,10:05,2023-10-22,京都,1,4,4,2021105637,テンエースワン,牡2,56,01174,岩田望来,1:55.0,,4-4-3-3,37.6,5.1,3,486(+8),01058,[西]大久保龍,075006,天白泰司,550.0,"5,8,7(3,4,10)(2,6,9)-(1,11)",4,3,3.0,False,"5(8,7)(3,4)10(2,6)9(1,11)",4,2,0.0,False,"(*5,8)4-7-(3,9)6-(1,2)11=10",3,1,0.0,False,"8,5,4-7-3-(6,9,2)1,11=10",3,1,3.0,False,-3,
202308020701,1,2歳未勝利,ダ,1800,晴,良,10:05,2023-10-22,京都,2,7,8,2021100130,ロードフォアエース,牡2,56,01088,川田将雅,1:55.1,クビ,2-2-2-1,37.9,1.7,1,516(+4),01061,[西]友道康夫,170800,ロードホースクラブ,220.0,"5,8,7(3,4,10)(2,6,9)-(1,11)",2,1,1.5,False,"5(8,7)(3,4)10(2,6)9(1,11)",2,2,0.0,False,"(*5,8)4-7-(3,9)6-(1,2)11=10",2,2,0.0,False,"8,5,4-7-3-(6,9,2)1,11=10",1,1,0.0,False,-3,
202308020701,1,2歳未勝利,ダ,1800,晴,良,10:05,2023-10-22,京都,3,6,7,2021101226,クリノフィガロ,牡2,56,01180,団野大成,1:55.3,1.1/4,3-2-4-4,37.6,4.4,2,486(-8),01095,[西]荒川義之,970006,栗本博晴,140.0,"5,8,7(3,4,10)(2,6,9)-(1,11)",3,1,3.0,False,"5(8,7)(3,4)10(2,6)9(1,11)",2,2,0.0,False,"(*5,8)4-7-(3,9)6-(1,2)11=10",4,1,3.5,False,"8,5,4-7-3-(6,9,2)1,11=10",4,1,6.5,False,-3,
202308020701,1,2歳未勝利,ダ,1800,晴,良,10:05,2023-10-22,京都,4,3,3,2021104800,フォージドブリック,牡2,56,05212,Ｍ．デム,1:56.8,9,4-4-5-5,38.6,28.5,5,528(+6),01142,[西]森田直行,231033,吉田晴哉,83.0,"5,8,7(3,4,10)(2,6,9)-(1,11)",4,3,3.0,False,"5(8,7)(3,4)10(2,6)9(1,11)",4,2,0.0,False,"(*5,8)4-7-(3,9)6-(1,2)11=10",5,2,7.0,False,"8,5,4-7-3-(6,9,2)1,11=10",5,1,10.0,False,-3,
202308020701,1,2歳未勝利,ダ,1800,晴,良,10:05,2023-10-22,京都,5,5,5,2021103582,サンダーバース,牡2,56,01170,横山武史,1:56.9,1/2,1-1-1-2,39.8,13.1,4,484(+6),01159,[西]高柳大輔,055030,岡田隆寛,55.0,"5,8,7(3,4,10)(2,6,9)-(1,11)",1,1,0.0,False,"5(8,7)(3,4)10(2,6)9(1,11)",1,1,0.0,False,"(*5,8)4-7-(3,9)6-(1,2)11=10",1,2,0.0,True,"8,5,4-7-3-(6,9,2)1,11=10",2,1,1.5,False,-3,
202308020701,1,2歳未勝利,ダ,1800,晴,良,10:05,2023-10-22,京都,6,8,11,2021107239,シュレディンガー,牡2,56,01171,西村淳也,1:57.7,5,10-10-10-10,38.5,34.4,7,496(-10),01194,[西]小栗実,784033,風早信昭,,"5,8,7(3,4,10)(2,6,9)-(1,11)",10,2,6.5,False,"5(8,7)(3,4)10(2,6)9(1,11)",10,2,0.0,False,"(*5,8)4-7-(3,9)6-(1,2)11=10",10,1,10.5,False,"8,5,4-7-3-(6,9,2)1,11=10",10,1,15.0,False,-3,
202308020701,1,2歳未勝利,ダ,1800,晴,良,10:05,2023-10-22,京都,7,2,2,2021100794,ドナアフロディテ,牝2,55,01157,鮫島克駿,1:57.9,1.1/4,7-7-8-6,39.1,34.0,6,454(-10),01087,[西]庄野靖志,620031,山田容子,,"5,8,7(3,4,10)(2,6,9)-(1,11)",7,3,3.0,False,"5(8,7)(3,4)10(2,6)9(1,11)",7,2,0.0,False,"(*5,8)4-7-(3,9)6-(1,2)11=10",8,2,10.5,False,"8,5,4-7-3-(6,9,2)1,11=10",6,3,13.5,False,-3,
202308020701,1,2歳未勝利,ダ,1800,晴,良,10:05,2023-10-22,京都,8,1,1,2021106246,ダイシンサンディー,牝2,55,00732,幸英明,1:58.7,5,10-10-8-9,39.9,129.9,8,488(+10),01084,[西]梅田智之,929002,大八木信行,,"5,8,7(3,4,10)(2,6,9)-(1,11)",10,2,6.5,False,"5(8,7)(3,4)10(2,6)9(1,11)",10,2,0.0,False,"(*5,8)4-7-(3,9)6-(1,2)11=10",8,2,10.5,False,"8,5,4-7-3-(6,9,2)1,11=10",9,1,13.5,False,-3,
202308020701,1,2歳未勝利,ダ,1800,晴,良,10:05,2023-10-22,京都,9,6,6,2021103992,ベストオブキング,牡2,56,01133,水口優也,1:59.9,7,7-7-7-6,41.4,348.6,11,476(-4),01041,[西]藤沢則雄,055700,グリーンスウォード,,"5,8,7(3,4,10)(2,6,9)-(1,11)",7,3,3.0,False,"5(8,7)(3,4)10(2,6)9(1,11)",7,2,0.0,False,"(*5,8)4-7-(3,9)6-(1,2)11=10",7,1,7.0,False,"8,5,4-7-3-(6,9,2)1,11=10",6,3,13.5,False,-3,
202308020701,1,2歳未勝利,ダ,1800,晴,良,10:05,2023-10-22,京都,10,7,9,2021101597,テクノハッピー,牡2,52,01204,河原田菜,1:59.9,アタマ,7-9-5-6,41.5,268.4,9,482(+16),01073,[西]宮本博,879004,梶山高志,,"5,8,7(3,4,10)(2,6,9)-(1,11)",7,3,3.0,False,"5(8,7)(3,4)10(2,6)9(1,11)",9,1,0.0,False,"(*5,8)4-7-(3,9)6-(1,2)11=10",5,2,7.0,False,"8,5,4-7-3-(6,9,2)1,11=10",6,3,13.5,False,-3,
202308020701,1,2歳未勝利,ダ,1800,晴,良,10:05,2023-10-22,京都,11,8,10,2021101213,マッチョマン,牡2,56,01154,松若風馬,2:09.1,大,4-6-11-11,48.7,311.6,10,364(+4),01042,[西]安達昭夫,087803,ＨｉｍＲｏｃｋＲａｃ...,,"5,8,7(3,4,10)(2,6,9)-(1,11)",4,3,3.0,False,"5(8,7)(3,4)10(2,6)9(1,11)",6,1,0.0,False,"(*5,8)4-7-(3,9)6-(1,2)11=10",11,1,16.5,False,"8,5,4-7-3-(6,9,2)1,11=10",11,1,21.0,False,-3,
202308020702,2,2歳未勝利,ダ,1400,晴,良,10:35,2023-10-22,京都,1,1,2,2021103786,ヒルノドゴール,牡2,56,00666,武豊,1:25.7,,5-5,37.7,3.4,2,498(-4),01078,[西]北出成人,823800,ヒルノ,550.0,,,,,,,,,,,"(7,*8,11,4)(2,13)(1,3,15)(5,10,16)9,14,6-12",5,2,0.0,False,"8(7,11,4)(1,2)(3,13)(9,5)(10,15,16)-6,14-12",5,2,0.0,False,-3,
202308020702,2,2歳未勝利,ダ,1400,晴,良,10:35,2023-10-22,京都,2,2,4,2021106706,キャピタルサックス,牡2,56,01126,松山弘平,1:26.0,2,2-2,38.2,1.5,1,506(+6),01157,[西]杉山晴紀,909006,草間庸文,220.0,,,,,,,,,,,"(7,*8,11,4)(2,13)(1,3,15)(5,10,16)9,14,6-12",2,4,0.0,False,"8(7,11,4)(1,2)(3,13)(9,5)(10,15,16)-6,14-12",2,3,0.0,False,-3,
202308020702,2,2歳未勝利,ダ,1400,晴,良,10:35,2023-10-22,京都,3,2,3,2021102436,レッドリベルタ,牡2,56,01115,浜中俊,1:27.2,7,7-7,39.1,34.3,5,440(-6),01087,[西]庄野靖志,180800,東京ホースレーシング,140.0,,,,,,,,,,,"(7,*8,11,4)(2,13)(1,3,15)(5,10,16)9,14,6-12",7,3,0.0,False,"8(7,11,4)(1,2)(3,13)(9,5)(10,15,16)-6,14-12",7,2,0.0,False,-3,
202308020702,2,2歳未勝利,ダ,1400,晴,良,10:35,2023-10-22,京都,4,4,8,2021104639,ラストボーン,セ2,54,01208,田口貫太,1:27.5,2,1-1,39.9,36.0,6,450(+4),00425,[西]加用正,051030,阿部榮乃進,83.0,,,,,,,,,,,"(7,*8,11,4)(2,13)(1,3,15)(5,10,16)9,14,6-12",1,4,0.0,True,"8(7,11,4)(1,2)(3,13)(9,5)(10,15,16)-6,14-12",1,1,0.0,False,-3,
202308020702,2,2歳未勝利,ダ,1400,晴,良,10:35,2023-10-22,京都,5,6,11,2021101100,ルクスアドラー,牡2,56,01163,坂井瑠星,1:27.9,2.1/2,2-2,40.1,8.9,3,452(+2),01105,[西]須貝尚介,397803,ルクス,55.0,,,,,,,,,,,"(7,*8,11,4)(2,13)(1,3,15)(5,10,16)9,14,6-12",2,4,0.0,False,"8(7,11,4)(1,2)(3,13)(9,5)(10,15,16)-6,14-12",2,3,0.0,False,-3,
202308020702,2,2歳未勝利,ダ,1400,晴,良,10:35,2023-10-22,京都,6,7,13,2021104449,ドレープサンライズ,牝2,51,01204,河原田菜,1:28.0,1/2,5-7,39.9,62.4,8,476(+12),01072,[西]河内洋,306008,松岡隆雄,,,,,,,,,,,,"(7,*8,11,4)(2,13)(1,3,15)(5,10,16)9,14,6-12",5,2,0.0,False,"8(7,11,4)(1,2)(3,13)(9,5)(10,15,16)-6,14-12",7,2,0.0,False,-3,
202308020702,2,2歳未勝利,ダ,1400,晴,良,10:35,2023-10-22,京都,7,8,15,2021104504,ベント,牡2,56,01032,池添謙一,1:28.1,クビ,7-11,39.8,28.7,4,432(-2),01085,[西]小崎憲,334803,ケーエスＨＤ,,,,,,,,,,,,"(7,*8,11,4)(2,13)(1,3,15)(5,10,16)9,14,6-12",7,3,0.0,False,"8(7,11,4)(1,2)(3,13)(9,5)(10,15,16)-6,14-12",11,3,0.0,False,-3,
202308020702,2,2歳未勝利,ダ,1400,晴,良,10:35,2023-10-22,京都,8,3,5,2021100510,タイセイファルクス,牡2,56,01043,北村宏司,1:28.1,ハナ,10-9,39.8,384.3,13,500(+2),01185,[西]小林真也,224007,田中成奉,,,,,,,,,,,,"(7,*8,11,4)(2,13)(1,3,15)(5,10,16)9,14,6-12",10,3,0.0,False,"8(7,11,4)(1,2)(3,13)(9,5)(10,15,16)-6,14-12",9,2,0.0,False,-3,
202308020702,2,2歳未勝利,ダ,1400,晴,良,10:35,2023-10-22,京都,9,1,1,2021102631,エスオーライジング,牡2,56,01130,高倉稜,1:28.1,ハナ,7-5,40.1,137.5,11,468(-2),01033,[西]木原一良,150031,岡本昌市,,,,,,,,,,,,"(7,*8,11,4)(2,13)(1,3,15)(5,10,16)9,14,6-12",7,3,0.0,False,"8(7,11,4)(1,2)(3,13)(9,5)(10,15,16)-6,14-12",5,2,0.0,False,-3,
202308020702,2,2歳未勝利,ダ,1400,晴,良,10:35,2023-10-22,京都,10,5,10,2021100273,テイエムボビーダン,牡2,56,01114,田中健,1:28.6,3,10-11,40.2,41.7,7,530(-2),01033,[西]木原一良,356002,竹園正繼,,,,,,,,,,,,"(7,*8,11,4)(2,13)(1,3,15)(5,10,16)9,14,6-12",10,3,0.0,False,"8(7,11,4)(1,2)(3,13)(9,5)(10,15,16)-6,14-12",11,3,0.0,False,-3,
202308020702,2,2歳未勝利,ダ,1400,晴,良,10:35,2023-10-22,京都,11,3,6,2021100239,トウコンリュウジン,牡2,56,01018,和田竜二,1:28.9,2,15-14,40.1,164.5,12,464(-2),01138,[西]浜田多実,369030,宮田直也,,,,,,,,,,,,"(7,*8,11,4)(2,13)(1,3,15)(5,10,16)9,14,6-12",15,1,3.0,False,"8(7,11,4)(1,2)(3,13)(9,5)(10,15,16)-6,14-12",14,1,3.5,False,-3,
202308020702,2,2歳未勝利,ダ,1400,晴,良,10:35,2023-10-22,京都,12,5,9,2021103505,ウエストチェリー,牝2,55,00732,幸英明,1:29.7,5,13-9,41.4,113.4,10,460(-2),01083,[西]松永昌博,851009,岡田牧雄,,,,,,,,,,,,"(7,*8,11,4)(2,13)(1,3,15)(5,10,16)9,14,6-12",13,1,0.0,False,"8(7,11,4)(1,2)(3,13)(9,5)(10,15,16)-6,14-12",9,2,0.0,False,-3,
202308020702,2,2歳未勝利,ダ,1400,晴,良,10:35,2023-10-22,京都,13,4,7,2021100859,パルマノーヴァ,牝2,54,01199,角田大河,1:29.8,1/2,2-2,42.2,550.8,16,444(+6),01123,[西]牧田和弥,078006,畑佐博,,,,,,,,,,,,"(7,*8,11,4)(2,13)(1,3,15)(5,10,16)9,14,6-12",2,4,0.0,False,"8(7,11,4)(1,2)(3,13)(9,5)(10,15,16)-6,14-12",2,3,0.0,False,-3,
202308020702,2,2歳未勝利,ダ,1400,晴,良,10:35,2023-10-22,京都,14,8,16,2021101984,デルマプルシャ,牡2,56,01154,松若風馬,1:30.0,1,10-11,41.5,88.2,9,472(-2),01073,[西]宮本博,274002,浅沼廣幸,,,,,,,,,,,,"(7,*8,11,4)(2,13)(1,3,15)(5,10,16)9,14,6-12",10,3,0.0,False,"8(7,11,4)(1,2)(3,13)(9,5)(10,15,16)-6,14-12",11,3,0.0,False,-3,
202308020702,2,2歳未勝利,ダ,1400,晴,良,10:35,2023-10-22,京都,15,7,14,2021104687,テイエムスノーフジ,牡2,56,01142,長岡禎仁,1:30.7,4,14-15,41.9,480.8,15,498(-10),01138,[西]浜田多実,356002,竹園正繼,,,,,,,,,,,,"(7,*8,11,4)(2,13)(1,3,15)(5,10,16)9,14,6-12",14,1,1.5,False,"8(7,11,4)(1,2)(3,13)(9,5)(10,15,16)-6,14-12",15,1,5.0,False,-3,
202308020702,2,2歳未勝利,ダ,1400,晴,良,10:35,2023-10-22,京都,16,6,12,2021106397,ハッピーワンダー,牝2,55,01133,水口優也,1:32.4,10,16-16,43.2,389.9,14,456(0),01041,[西]藤沢則雄,855030,田頭勇貴,,,,,,,,,,,,"(7,*8,11,4)(2,13)(1,3,15)(5,10,16)9,14,6-12",16,1,6.5,False,"8(7,11,4)(1,2)(3,13)(9,5)(10,15,16)-6,14-12",16,1,8.5,False,-3,
202308020703,3,2歳未勝利,芝,2000,晴,良,11:05,2023-10-22,京都,1,6,6,2021104891,オールデュスヴラン,牡2,56,05509,モレイラ,2:01.9,,5-5-5-5,35.2,8.0,4,470(-2),01071,[西]池江泰寿,226800,サンデーレーシング,550.0,"(*4,9)(2,5)(6,8)(3,7)(1,10)",5,2,0.0,False,"4,9-(2,5)(6,8)-(3,7)(1,10)",5,2,5.0,False,"(*4,9)-(2,5)(6,8)-3-7,1,10",5,2,3.5,False,"(*4,9)(2,5)(6,8)3-(1,7)10",5,2,0.0,False,-14,土曜に比べると南風がやや強く、速い時計が出やすかった。速い上がりが要求される外差し馬場で人気と実力通りの決着が多かった。
202308020703,3,2歳未勝利,芝,2000,晴,良,11:05,2023-10-22,京都,2,7,8,2021110022,ヘザルフェン,牡2,56,00660,横山典弘,2:01.9,ハナ,5-5-5-5,35.2,5.4,3,492(-2),01044,[西]昆貢,004060,Ｈ．Ｈ．シェイク・ハ...,220.0,"(*4,9)(2,5)(6,8)(3,7)(1,10)",5,2,0.0,False,"4,9-(2,5)(6,8)-(3,7)(1,10)",5,2,5.0,False,"(*4,9)-(2,5)(6,8)-3-7,1,10",5,2,3.5,False,"(*4,9)(2,5)(6,8)3-(1,7)10",5,2,0.0,False,-14,土曜に比べると南風がやや強く、速い時計が出やすかった。速い上がりが要求される外差し馬場で人気と実力通りの決着が多かった。
202308020703,3,2歳未勝利,芝,2000,晴,良,11:05,2023-10-22,京都,3,8,10,2021105704,コルレオニス,牡2,56,05339,ルメール,2:02.2,1.1/2,9-9-10-10,34.4,3.4,2,442(0),01061,[西]友道康夫,486800,キャロットファーム,140.0,"(*4,9)(2,5)(6,8)(3,7)(1,10)",9,2,0.0,False,"4,9-(2,5)(6,8)-(3,7)(1,10)",9,2,8.5,False,"(*4,9)-(2,5)(6,8)-3-7,1,10",10,1,13.5,False,"(*4,9)(2,5)(6,8)3-(1,7)10",10,1,3.5,False,-14,土曜に比べると南風がやや強く、速い時計が出やすかった。速い上がりが要求される外差し馬場で人気と実力通りの決着が多かった。
202308020703,3,2歳未勝利,芝,2000,晴,良,11:05,2023-10-22,京都,4,3,3,2021103070,ヴァーニャ,牝2,55,05212,Ｍ．デム,2:02.2,クビ,7-7-7-7,35.2,100.0,8,484(+6),01178,[西]杉山佳明,646030,中辻明,83.0,"(*4,9)(2,5)(6,8)(3,7)(1,10)",7,2,0.0,False,"4,9-(2,5)(6,8)-(3,7)(1,10)",7,2,8.5,False,"(*4,9)-(2,5)(6,8)-3-7,1,10",7,1,7.0,False,"(*4,9)(2,5)(6,8)3-(1,7)10",7,1,0.0,False,-14,土曜に比べると南風がやや強く、速い時計が出やすかった。速い上がりが要求される外差し馬場で人気と実力通りの決着が多かった。
202308020703,3,2歳未勝利,芝,2000,晴,良,11:05,2023-10-22,京都,5,4,4,2021103250,サウンドノバ,牡2,56,01171,西村淳也,2:02.2,クビ,1-1-1-1,36.0,30.8,6,464(-4),01042,[西]安達昭夫,168006,増田雄一,55.0,"(*4,9)(2,5)(6,8)(3,7)(1,10)",1,2,0.0,True,"4,9-(2,5)(6,8)-(3,7)(1,10)",1,1,0.0,False,"(*4,9)-(2,5)(6,8)-3-7,1,10",1,2,0.0,True,"(*4,9)(2,5)(6,8)3-(1,7)10",1,2,0.0,True,-14,土曜に比べると南風がやや強く、速い時計が出やすかった。速い上がりが要求される外差し馬場で人気と実力通りの決着が多かった。
202308020703,3,2歳未勝利,芝,2000,晴,良,11:05,2023-10-22,京都,6,2,2,2021103866,クロダブシ,牡2,56,00732,幸英明,2:02.4,1,3-3-3-3,35.9,18.4,5,462(-4),01092,[西]松永幹夫,370008,岡浩二,,"(*4,9)(2,5)(6,8)(3,7)(1,10)",3,2,0.0,False,"4,9-(2,5)(6,8)-(3,7)(1,10)",3,2,5.0,False,"(*4,9)-(2,5)(6,8)-3-7,1,10",3,2,3.5,False,"(*4,9)(2,5)(6,8)3-(1,7)10",3,2,0.0,False,-14,土曜に比べると南風がやや強く、速い時計が出やすかった。速い上がりが要求される外差し馬場で人気と実力通りの決着が多かった。
202308020703,3,2歳未勝利,芝,2000,晴,良,11:05,2023-10-22,京都,7,5,5,2021105831,グラヴィス,牡2,56,01163,坂井瑠星,2:02.4,クビ,3-3-3-3,35.8,2.1,1,494(-6),01075,[西]矢作芳人,195031,三木正浩,,"(*4,9)(2,5)(6,8)(3,7)(1,10)",3,2,0.0,False,"4,9-(2,5)(6,8)-(3,7)(1,10)",3,2,5.0,False,"(*4,9)-(2,5)(6,8)-3-7,1,10",3,2,3.5,False,"(*4,9)(2,5)(6,8)3-(1,7)10",3,2,0.0,False,-14,土曜に比べると南風がやや強く、速い時計が出やすかった。速い上がりが要求される外差し馬場で人気と実力通りの決着が多かった。
202308020703,3,2歳未勝利,芝,2000,晴,良,11:05,2023-10-22,京都,8,1,1,2021106362,センカラット,牡2,52,01204,河原田菜,2:03.3,5,9-9-9-8,35.8,206.3,9,464(0),01155,[西]渡辺薫彦,089002,小島將之,,"(*4,9)(2,5)(6,8)(3,7)(1,10)",9,2,0.0,False,"4,9-(2,5)(6,8)-(3,7)(1,10)",9,2,8.5,False,"(*4,9)-(2,5)(6,8)-3-7,1,10",9,1,12.0,False,"(*4,9)(2,5)(6,8)3-(1,7)10",8,2,3.5,False,-14,土曜に比べると南風がやや強く、速い時計が出やすかった。速い上がりが要求される外差し馬場で人気と実力通りの決着が多かった。
202308020703,3,2歳未勝利,芝,2000,晴,良,11:05,2023-10-22,京都,9,7,7,2021100593,プリンスジョイ,牡2,56,01018,和田竜二,2:03.6,2,7-7-8-8,36.1,388.3,10,502(+6),01138,[西]浜田多実,208008,窪田芳郎,,"(*4,9)(2,5)(6,8)(3,7)(1,10)",7,2,0.0,False,"4,9-(2,5)(6,8)-(3,7)(1,10)",7,2,8.5,False,"(*4,9)-(2,5)(6,8)-3-7,1,10",8,1,10.5,False,"(*4,9)(2,5)(6,8)3-(1,7)10",8,2,3.5,False,-14,土曜に比べると南風がやや強く、速い時計が出やすかった。速い上がりが要求される外差し馬場で人気と実力通りの決着が多かった。
202308020703,3,2歳未勝利,芝,2000,晴,良,11:05,2023-10-22,京都,10,8,9,2021106975,ゼンノジーニー,牡2,55,01199,角田大河,2:04.1,3,2-2-2-2,37.8,79.9,7,470(+4),01139,[西]飯田祐史,461030,大迫基弘,,"(*4,9)(2,5)(6,8)(3,7)(1,10)",2,2,0.0,False,"4,9-(2,5)(6,8)-(3,7)(1,10)",2,1,1.5,False,"(*4,9)-(2,5)(6,8)-3-7,1,10",2,2,0.0,False,"(*4,9)(2,5)(6,8)3-(1,7)10",2,2,0.0,False,-14,土曜に比べると南風がやや強く、速い時計が出やすかった。速い上がりが要求される外差し馬場で人気と実力通りの決着が多かった。
202308020704,4,2歳新馬,ダ,1200,晴,良,11:35,2023-10-22,京都,1,1,1,2021101121,ミライテーラー,牝2,55,01141,中井裕二,1:12.6,,1-1,36.5,13.8,6,470(0),01050,[西]飯田雄三,730002,中西浩一,720.0,,,,,,,,,,,"(*1,11)(12,8)2(5,6)(3,4)10-9-7",1,2,0.0,True,"1(12,11)2-(5,8)(4,6)3-(9,10)-7",1,1,0.0,False,-3,
202308020704,4,2歳新馬,ダ,1200,晴,良,11:35,2023-10-22,京都,2,8,11,2021101033,サムデイ,牝2,55,05212,Ｍ．デム,1:13.1,3,2-2,36.8,5.2,2,428(0),01172,[西]新谷功一,818008,宮城寛也,290.0,,,,,,,,,,,"(*1,11)(12,8)2(5,6)(3,4)10-9-7",2,2,0.0,False,"1(12,11)2-(5,8)(4,6)3-(9,10)-7",2,2,0.0,False,-3,
202308020704,4,2歳新馬,ダ,1200,晴,良,11:35,2023-10-22,京都,3,2,2,2021106003,ファイヤーウィップ,牡2,56,01165,森裕太朗,1:13.3,1,5-4,36.7,75.4,11,486(0),01101,[西]吉田直弘,368803,ウエスト．フォレスト...,180.0,,,,,,,,,,,"(*1,11)(12,8)2(5,6)(3,4)10-9-7",5,1,0.0,False,"1(12,11)2-(5,8)(4,6)3-(9,10)-7",4,1,0.0,False,-3,
202308020704,4,2歳新馬,ダ,1200,晴,良,11:35,2023-10-22,京都,4,5,5,2021105857,ウィンターガーデン,牝2,55,05339,ルメール,1:13.7,2.1/2,6-5,36.8,2.8,1,466(0),01160,[西]武幸四郎,486800,キャロットファーム,110.0,,,,,,,,,,,"(*1,11)(12,8)2(5,6)(3,4)10-9-7",6,2,0.0,False,"1(12,11)2-(5,8)(4,6)3-(9,10)-7",5,2,3.5,False,-3,
202308020704,4,2歳新馬,ダ,1200,晴,良,11:35,2023-10-22,京都,5,4,4,2021106521,キングツェッペリン,牡2,56,01171,西村淳也,1:14.4,4,8-7,37.3,37.6,10,452(0),01123,[西]牧田和弥,398803,石川産業,72.0,,,,,,,,,,,"(*1,11)(12,8)2(5,6)(3,4)10-9-7",8,2,0.0,False,"1(12,11)2-(5,8)(4,6)3-(9,10)-7",7,2,3.5,False,-3,
202308020704,4,2歳新馬,ダ,1200,晴,良,11:35,2023-10-22,京都,6,8,12,2021102990,スリーウエーブ,牝2,53,01208,田口貫太,1:14.5,1/2,3-2,38.2,27.6,9,446(0),01033,[西]木原一良,061800,永井商事,,,,,,,,,,,,"(*1,11)(12,8)2(5,6)(3,4)10-9-7",3,2,0.0,False,"1(12,11)2-(5,8)(4,6)3-(9,10)-7",2,2,0.0,False,-3,
202308020704,4,2歳新馬,ダ,1200,晴,良,11:35,2023-10-22,京都,7,3,3,2021106753,ヴァルタリ,牡2,56,01157,鮫島克駿,1:14.6,1/2,8-9,37.5,6.0,3,514(0),01073,[西]宮本博,788800,ノースヒルズ,,,,,,,,,,,,"(*1,11)(12,8)2(5,6)(3,4)10-9-7",8,2,0.0,False,"1(12,11)2-(5,8)(4,6)3-(9,10)-7",9,1,3.5,False,-3,
202308020704,4,2歳新馬,ダ,1200,晴,良,11:35,2023-10-22,京都,8,6,8,2021100652,ラピダリア,牝2,55,01018,和田竜二,1:14.7,3/4,3-5,38.1,20.1,7,462(0),01101,[西]吉田直弘,482002,水上行雄,,,,,,,,,,,,"(*1,11)(12,8)2(5,6)(3,4)10-9-7",3,2,0.0,False,"1(12,11)2-(5,8)(4,6)3-(9,10)-7",5,2,3.5,False,-3,
202308020704,4,2歳新馬,ダ,1200,晴,良,11:35,2023-10-22,京都,9,6,7,2021102440,カレンメラメーラ,牝2,55,01126,松山弘平,1:15.0,1.3/4,12-12,37.0,7.0,4,436(0),01111,[西]鈴木孝志,869006,鈴木隆司,,,,,,,,,,,,"(*1,11)(12,8)2(5,6)(3,4)10-9-7",12,1,7.0,False,"1(12,11)2-(5,8)(4,6)3-(9,10)-7",12,1,10.5,False,-3,
202308020704,4,2歳新馬,ダ,1200,晴,良,11:35,2023-10-22,京都,10,7,9,2021102046,クリノクレセント,牡2,56,00732,幸英明,1:15.6,3.1/2,11-10,38.1,79.5,12,414(0),00431,[西]谷潔,970006,栗本博晴,,,,,,,,,,,,"(*1,11)(12,8)2(5,6)(3,4)10-9-7",11,1,3.5,False,"1(12,11)2-(5,8)(4,6)3-(9,10)-7",10,2,7.0,False,-3,
202308020704,4,2歳新馬,ダ,1200,晴,良,11:35,2023-10-22,京都,11,5,6,2021106693,ハツワカ,牡2,56,01174,岩田望来,1:15.9,1.3/4,6-7,39.0,12.4,5,462(0),01108,[東]矢野英一,051800,那須野牧場,,,,,,,,,,,,"(*1,11)(12,8)2(5,6)(3,4)10-9-7",6,2,0.0,False,"1(12,11)2-(5,8)(4,6)3-(9,10)-7",7,2,3.5,False,-3,
202308020704,4,2歳新馬,ダ,1200,晴,良,11:35,2023-10-22,京都,12,7,10,2021100996,ガンバルフトシ,牡2,56,00894,小牧太,1:17.2,8,10-10,39.9,22.4,8,482(0),01104,[西]笹田和秀,914031,伊藤永二郎,,,,,,,,,,,,"(*1,11)(12,8)2(5,6)(3,4)10-9-7",10,1,0.0,False,"1(12,11)2-(5,8)(4,6)3-(9,10)-7",10,2,7.0,False,-3,
202308020705,5,2歳新馬,芝,2000,晴,良,12:25,2023-10-22,京都,1,8,8,2021105560,サンライズアース,牡2,56,05212,Ｍ．デム,2:01.4,,1-1-1-1,35.2,50.3,7,538(0),01166,[西]石坂公一,399803,ライフハウス,720.0,"8(1,4)(2,7)(3,5)-6",1,1,0.0,False,"8,4(1,2,7)(3,5)6",1,1,0.0,False,"8,4(1,2)(3,6)7,5",1,1,0.0,False,"8,2(1,3,6)-5=7   4",1,1,0.0,False,-14,土曜に比べると南風がやや強く、速い時計が出やすかった。速い上がりが要求される外差し馬場で人気と実力通りの決着が多かった。
202308020705,5,2歳新馬,芝,2000,晴,良,12:25,2023-10-22,京都,2,3,3,2021105459,ヴィスマール,牡2,56,01171,西村淳也,2:01.5,3/4,6-6-5-3,34.8,12.7,5,450(0),01146,[西]奥村豊,486800,キャロットファーム,290.0,"8(1,4)(2,7)(3,5)-6",6,2,0.0,False,"8,4(1,2,7)(3,5)6",6,2,1.5,False,"8,4(1,2)(3,6)7,5",5,2,1.5,False,"8,2(1,3,6)-5=7   4",3,3,1.5,False,-14,土曜に比べると南風がやや強く、速い時計が出やすかった。速い上がりが要求される外差し馬場で人気と実力通りの決着が多かった。
202308020705,5,2歳新馬,芝,2000,晴,良,12:25,2023-10-22,京都,3,5,5,2021100303,ブリオメンテ,牡2,56,01174,岩田望来,2:02.5,6,6-6-8-6,35.5,29.6,6,544(0),01120,[西]千田輝彦,427030,前原敏行,180.0,"8(1,4)(2,7)(3,5)-6",6,2,0.0,False,"8,4(1,2,7)(3,5)6",6,2,1.5,False,"8,4(1,2)(3,6)7,5",8,1,3.0,False,"8,2(1,3,6)-5=7   4",6,1,5.0,False,-14,土曜に比べると南風がやや強く、速い時計が出やすかった。速い上がりが要求される外差し馬場で人気と実力通りの決着が多かった。
202308020705,5,2歳新馬,芝,2000,晴,良,12:25,2023-10-22,京都,4,2,2,2021104905,ザブライド,牝2,55,01088,川田将雅,2:02.6,クビ,4-3-3-2,36.0,1.7,1,476(0),01148,[西]西村真幸,486800,キャロットファーム,110.0,"8(1,4)(2,7)(3,5)-6",4,2,0.0,False,"8,4(1,2,7)(3,5)6",3,3,1.5,False,"8,4(1,2)(3,6)7,5",3,2,1.5,False,"8,2(1,3,6)-5=7   4",2,1,1.5,False,-14,土曜に比べると南風がやや強く、速い時計が出やすかった。速い上がりが要求される外差し馬場で人気と実力通りの決着が多かった。
202308020705,5,2歳新馬,芝,2000,晴,良,12:25,2023-10-22,京都,5,6,6,2021105217,プルミエプランタン,牡2,56,01126,松山弘平,2:02.8,1.1/4,8-8-5-3,36.0,8.9,4,498(0),01002,[西]音無秀孝,148800,グリーンファーム,72.0,"8(1,4)(2,7)(3,5)-6",8,1,3.5,False,"8,4(1,2,7)(3,5)6",8,1,1.5,False,"8,4(1,2)(3,6)7,5",5,2,1.5,False,"8,2(1,3,6)-5=7   4",3,3,1.5,False,-14,土曜に比べると南風がやや強く、速い時計が出やすかった。速い上がりが要求される外差し馬場で人気と実力通りの決着が多かった。
202308020705,5,2歳新馬,芝,2000,晴,良,12:25,2023-10-22,京都,6,1,1,2021103283,ペロ,牡2,56,01032,池添謙一,2:02.9,1,2-3-3-3,36.4,8.7,3,486(0),01154,[西]橋口慎介,028031,天野克彦,,"8(1,4)(2,7)(3,5)-6",2,2,0.0,False,"8,4(1,2,7)(3,5)6",3,3,1.5,False,"8,4(1,2)(3,6)7,5",3,2,1.5,False,"8,2(1,3,6)-5=7   4",3,3,1.5,False,-14,土曜に比べると南風がやや強く、速い時計が出やすかった。速い上がりが要求される外差し馬場で人気と実力通りの決着が多かった。
202308020705,5,2歳新馬,芝,2000,晴,良,12:25,2023-10-22,京都,7,7,7,2021106169,イナズマシルバー,牡2,56,01018,和田竜二,2:08.3,大,4-3-7-7,41.0,157.0,8,482(0),01082,[西]平田修,658002,小泉賢悟,,"8(1,4)(2,7)(3,5)-6",4,2,0.0,False,"8,4(1,2,7)(3,5)6",3,3,1.5,False,"8,4(1,2)(3,6)7,5",7,1,1.5,False,"8,2(1,3,6)-5=7   4",7,1,11.0,False,-14,土曜に比べると南風がやや強く、速い時計が出やすかった。速い上がりが要求される外差し馬場で人気と実力通りの決着が多かった。
202308020705,5,2歳新馬,芝,2000,晴,良,12:25,2023-10-22,京都,中,4,4,2021105566,シュクルノアール,牝2,55,05339,ルメール,,,2-2-2,,4.3,2,516(0),01183,[西]辻野泰之,506800,シルクレーシング,,"8(1,4)(2,7)(3,5)-6",2,2,0.0,False,"8,4(1,2,7)(3,5)6",2,1,1.5,False,"8,4(1,2)(3,6)7,5",2,1,1.5,False,"8,2(1,3,6)-5=7   4",8,1,17.0,False,-14,土曜に比べると南風がやや強く、速い時計が出やすかった。速い上がりが要求される外差し馬場で人気と実力通りの決着が多かった。
202308020706,6,3歳以上1勝クラス,芝,1600,晴,良,12:55,2023-10-22,京都,1,8,15,2020103099,ビヨンドザヴァレー,牝3,54,01126,松山弘平,1:32.8,,5-4,35.2,3.0,1,458(+8),01154,[西]橋口慎介,415800,社台レースホース,800.0,,,,,,,,,,,"11,14(9,10)15(2,7,8)(4,5,13)16,3,6,12,1",5,1,1.5,False,"11(14,10)(9,15)(7,8)(2,5,13)(4,16)(3,6,12)-1",4,2,0.0,False,-16,土曜に比べると南風がやや強く、速い時計が出やすかった。速い上がりが要求される外差し馬場で人気と実力通りの決着が多かった。
202308020706,6,3歳以上1勝クラス,芝,1600,晴,良,12:55,2023-10-22,京都,2,1,1,2018105073,サトノスカイターフ,牡5,58,01170,横山武史,1:32.9,1,16-16,34.0,9.4,4,496(-10),01071,[西]池江泰寿,790031,里見治,320.0,,,,,,,,,,,"11,14(9,10)15(2,7,8)(4,5,13)16,3,6,12,1",16,1,7.5,False,"11(14,10)(9,15)(7,8)(2,5,13)(4,16)(3,6,12)-1",16,1,3.5,False,-16,土曜に比べると南風がやや強く、速い時計が出やすかった。速い上がりが要求される外差し馬場で人気と実力通りの決着が多かった。
202308020706,6,3歳以上1勝クラス,芝,1600,晴,良,12:55,2023-10-22,京都,3,3,5,2020101147,トレチーメ,牡3,56,01171,西村淳也,1:33.1,1.1/4,9-8,35.2,17.7,6,514(0),01137,[西]中内田充,708800,金子真人ホールディン...,200.0,,,,,,,,,,,"11,14(9,10)15(2,7,8)(4,5,13)16,3,6,12,1",9,3,1.5,False,"11(14,10)(9,15)(7,8)(2,5,13)(4,16)(3,6,12)-1",8,3,0.0,False,-16,土曜に比べると南風がやや強く、速い時計が出やすかった。速い上がりが要求される外差し馬場で人気と実力通りの決着が多かった。
202308020706,6,3歳以上1勝クラス,芝,1600,晴,良,12:55,2023-10-22,京都,4,3,6,2019106251,スウィートスカー,牝4,56,01075,田辺裕信,1:33.2,3/4,14-13,34.7,13.5,5,470(-2),01046,[西]鮫島一歩,063700,池袋レーシング,120.0,,,,,,,,,,,"11,14(9,10)15(2,7,8)(4,5,13)16,3,6,12,1",14,1,4.5,False,"11(14,10)(9,15)(7,8)(2,5,13)(4,16)(3,6,12)-1",13,3,0.0,False,-16,土曜に比べると南風がやや強く、速い時計が出やすかった。速い上がりが要求される外差し馬場で人気と実力通りの決着が多かった。
202308020706,6,3歳以上1勝クラス,芝,1600,晴,良,12:55,2023-10-22,京都,5,6,12,2019102553,ゴールドローズ,牝4,56,00666,武豊,1:33.2,ハナ,15-13,34.5,31.8,8,448(0),01139,[西]飯田祐史,117800,高昭牧場,80.0,,,,,,,,,,,"11,14(9,10)15(2,7,8)(4,5,13)16,3,6,12,1",15,1,6.0,False,"11(14,10)(9,15)(7,8)(2,5,13)(4,16)(3,6,12)-1",13,3,0.0,False,-16,土曜に比べると南風がやや強く、速い時計が出やすかった。速い上がりが要求される外差し馬場で人気と実力通りの決着が多かった。
202308020706,6,3歳以上1勝クラス,芝,1600,晴,良,12:55,2023-10-22,京都,6,7,13,2020103280,エマヌエーレ,牡3,56,05509,モレイラ,1:33.3,クビ,9-8,35.3,3.8,2,494(-2),01082,[西]平田修,922030,丸山担,,,,,,,,,,,,"11,14(9,10)15(2,7,8)(4,5,13)16,3,6,12,1",9,3,1.5,False,"11(14,10)(9,15)(7,8)(2,5,13)(4,16)(3,6,12)-1",8,3,0.0,False,-16,土曜に比べると南風がやや強く、速い時計が出やすかった。速い上がりが要求される外差し馬場で人気と実力通りの決着が多かった。
202308020706,6,3歳以上1勝クラス,芝,1600,晴,良,12:55,2023-10-22,京都,7,2,3,2020103237,サファイア,牝3,54,01174,岩田望来,1:33.3,ハナ,13-13,34.9,19.1,7,432(+2),01183,[西]辻野泰之,372006,近藤英子,,,,,,,,,,,,"11,14(9,10)15(2,7,8)(4,5,13)16,3,6,12,1",13,1,3.0,False,"11(14,10)(9,15)(7,8)(2,5,13)(4,16)(3,6,12)-1",13,3,0.0,False,-16,土曜に比べると南風がやや強く、速い時計が出やすかった。速い上がりが要求される外差し馬場で人気と実力通りの決着が多かった。
202308020706,6,3歳以上1勝クラス,芝,1600,晴,良,12:55,2023-10-22,京都,8,5,10,2019103876,アパショナード,牡4,58,01180,団野大成,1:33.5,1.1/4,3-2,36.0,57.3,13,434(+14),01120,[西]千田輝彦,858800,大塚亮一,,,,,,,,,,,,"11,14(9,10)15(2,7,8)(4,5,13)16,3,6,12,1",3,2,1.5,False,"11(14,10)(9,15)(7,8)(2,5,13)(4,16)(3,6,12)-1",2,2,0.0,False,-16,土曜に比べると南風がやや強く、速い時計が出やすかった。速い上がりが要求される外差し馬場で人気と実力通りの決着が多かった。
202308020706,6,3歳以上1勝クラス,芝,1600,晴,良,12:55,2023-10-22,京都,9,8,16,2020101869,エレガントギフト,牝3,54,01018,和田竜二,1:33.5,ハナ,12-11,35.3,43.3,11,430(-4),01120,[西]千田輝彦,196031,長谷川祐司,,,,,,,,,,,,"11,14(9,10)15(2,7,8)(4,5,13)16,3,6,12,1",12,1,1.5,False,"11(14,10)(9,15)(7,8)(2,5,13)(4,16)(3,6,12)-1",11,2,0.0,False,-16,土曜に比べると南風がやや強く、速い時計が出やすかった。速い上がりが要求される外差し馬場で人気と実力通りの決着が多かった。
202308020706,6,3歳以上1勝クラス,芝,1600,晴,良,12:55,2023-10-22,京都,10,4,8,2020106737,メイショウコギク,牝3,53,01199,角田大河,1:33.6,クビ,6-6,35.8,32.8,9,448(+10),01140,[西]石橋守,523005,松本好雄,,,,,,,,,,,,"11,14(9,10)15(2,7,8)(4,5,13)16,3,6,12,1",6,3,1.5,False,"11(14,10)(9,15)(7,8)(2,5,13)(4,16)(3,6,12)-1",6,2,0.0,False,-16,土曜に比べると南風がやや強く、速い時計が出やすかった。速い上がりが要求される外差し馬場で人気と実力通りの決着が多かった。
202308020706,6,3歳以上1勝クラス,芝,1600,晴,良,12:55,2023-10-22,京都,11,5,9,2020103292,ハレアカラフラ,牝3,54,01154,松若風馬,1:34.0,2.1/2,3-4,36.5,59.9,14,466(+14),01002,[西]音無秀孝,708800,金子真人ホールディン...,,,,,,,,,,,,"11,14(9,10)15(2,7,8)(4,5,13)16,3,6,12,1",3,2,1.5,False,"11(14,10)(9,15)(7,8)(2,5,13)(4,16)(3,6,12)-1",4,2,0.0,False,-16,土曜に比べると南風がやや強く、速い時計が出やすかった。速い上がりが要求される外差し馬場で人気と実力通りの決着が多かった。
202308020706,6,3歳以上1勝クラス,芝,1600,晴,良,12:55,2023-10-22,京都,12,4,7,2020106660,スズカダブル,牡3,56,05339,ルメール,1:34.1,3/4,6-6,36.4,5.0,3,498(+4),01148,[西]西村真幸,382004,永井啓弍,,,,,,,,,,,,"11,14(9,10)15(2,7,8)(4,5,13)16,3,6,12,1",6,3,1.5,False,"11(14,10)(9,15)(7,8)(2,5,13)(4,16)(3,6,12)-1",6,2,0.0,False,-16,土曜に比べると南風がやや強く、速い時計が出やすかった。速い上がりが要求される外差し馬場で人気と実力通りの決着が多かった。
202308020706,6,3歳以上1勝クラス,芝,1600,晴,良,12:55,2023-10-22,京都,13,7,14,2020109092,ジャパンノウレッジ,牝3,54,01138,藤懸貴志,1:35.1,6,2-2,37.7,102.8,15,454(+8),01158,[西]寺島良,148800,グリーンファーム,,,,,,,,,,,,"11,14(9,10)15(2,7,8)(4,5,13)16,3,6,12,1",2,1,1.5,False,"11(14,10)(9,15)(7,8)(2,5,13)(4,16)(3,6,12)-1",2,2,0.0,False,-16,土曜に比べると南風がやや強く、速い時計が出やすかった。速い上がりが要求される外差し馬場で人気と実力通りの決着が多かった。
202308020706,6,3歳以上1勝クラス,芝,1600,晴,良,12:55,2023-10-22,京都,14,2,4,2020105996,ファルシオン,牝3,54,00732,幸英明,1:35.1,ハナ,9-11,37.0,34.4,10,448(+2),01091,[西]羽月友彦,102800,ターフ・スポート,,,,,,,,,,,,"11,14(9,10)15(2,7,8)(4,5,13)16,3,6,12,1",9,3,1.5,False,"11(14,10)(9,15)(7,8)(2,5,13)(4,16)(3,6,12)-1",11,2,0.0,False,-16,土曜に比べると南風がやや強く、速い時計が出やすかった。速い上がりが要求される外差し馬場で人気と実力通りの決着が多かった。
202308020706,6,3歳以上1勝クラス,芝,1600,晴,良,12:55,2023-10-22,京都,15,1,2,2020105897,ソアラ,牝3,50,01204,河原田菜,1:35.1,クビ,6-8,37.3,258.8,16,482(+4),01135,[西]高橋康之,032800,ローレルレーシング,,,,,,,,,,,,"11,14(9,10)15(2,7,8)(4,5,13)16,3,6,12,1",6,3,1.5,False,"11(14,10)(9,15)(7,8)(2,5,13)(4,16)(3,6,12)-1",8,3,0.0,False,-16,土曜に比べると南風がやや強く、速い時計が出やすかった。速い上がりが要求される外差し馬場で人気と実力通りの決着が多かった。
202308020706,6,3歳以上1勝クラス,芝,1600,晴,良,12:55,2023-10-22,京都,16,6,11,2020103356,クファシル,牡3,56,01032,池添謙一,1:35.2,クビ,1-1,38.0,52.1,12,492(0),01144,[西]池添学,226800,サンデーレーシング,,,,,,,,,,,,"11,14(9,10)15(2,7,8)(4,5,13)16,3,6,12,1",1,1,0.0,False,"11(14,10)(9,15)(7,8)(2,5,13)(4,16)(3,6,12)-1",1,1,0.0,False,-16,土曜に比べると南風がやや強く、速い時計が出やすかった。速い上がりが要求される外差し馬場で人気と実力通りの決着が多かった。
202308020707,7,3歳以上2勝クラス,ダ,1800,晴,良,13:25,2023-10-22,京都,1,1,1,2020102195,ガウラ,牝3,54,01018,和田竜二,1:52.5,,5-4-4-6,36.9,22.1,8,480(+2),01111,[西]鈴木孝志,334803,ケーエスＨＤ,"1,140.0","(*2,7,13)8(1,14)(3,16)5,9,15,10,11-(4,6,12)",5,2,0.0,False,"2(7,13)(1,8)(3,14)(5,16)9,15,10(11,12)(4,6)",4,2,0.0,False,"(*2,7,13)(1,8,16)5(3,14,11)9(15,12)(10,6)-4",4,3,0.0,False,"(2,*7)(13,8,16)1(3,5,14,11)(9,15,12,6)10,4",6,1,0.0,False,-3,
202308020707,7,3歳以上2勝クラス,ダ,1800,晴,良,13:25,2023-10-22,京都,2,6,11,2020103648,メテオリート,牝3,54,05339,ルメール,1:52.6,1,13-13-8-7,36.8,3.3,1,496(+8),01176,[西]吉岡辰弥,506800,シルクレーシング,460.0,"(*2,7,13)8(1,14)(3,16)5,9,15,10,11-(4,6,12)",13,1,6.0,False,"2(7,13)(1,8)(3,14)(5,16)9,15,10(11,12)(4,6)",13,2,3.0,False,"(*2,7,13)(1,8,16)5(3,14,11)9(15,12)(10,6)-4",8,3,0.0,False,"(2,*7)(13,8,16)1(3,5,14,11)(9,15,12,6)10,4",7,4,0.0,False,-3,
202308020707,7,3歳以上2勝クラス,ダ,1800,晴,良,13:25,2023-10-22,京都,3,4,7,2019105141,ヴァンルーラー,牝4,54,01208,田口貫太,1:52.8,1.1/4,2-2-2-1,37.4,67.1,14,462(-6),01176,[西]吉岡辰弥,015803,サイプレスホールディ...,290.0,"(*2,7,13)8(1,14)(3,16)5,9,15,10,11-(4,6,12)",2,3,0.0,False,"2(7,13)(1,8)(3,14)(5,16)9,15,10(11,12)(4,6)",2,2,0.0,False,"(*2,7,13)(1,8,16)5(3,14,11)9(15,12)(10,6)-4",2,3,0.0,False,"(2,*7)(13,8,16)1(3,5,14,11)(9,15,12,6)10,4",1,2,0.0,True,-3,
202308020707,7,3歳以上2勝クラス,ダ,1800,晴,良,13:25,2023-10-22,京都,4,5,10,2020102161,サノノエスポ,牝3,54,00666,武豊,1:52.9,1/2,12-12-14-15,36.5,19.9,7,450(+4),01010,[東]中野栄治,735033,佐野信幸,170.0,"(*2,7,13)8(1,14)(3,16)5,9,15,10,11-(4,6,12)",12,1,4.5,False,"2(7,13)(1,8)(3,14)(5,16)9,15,10(11,12)(4,6)",12,1,3.0,False,"(*2,7,13)(1,8,16)5(3,14,11)9(15,12)(10,6)-4",14,2,0.0,False,"(2,*7)(13,8,16)1(3,5,14,11)(9,15,12,6)10,4",15,1,0.0,False,-3,
202308020707,7,3歳以上2勝クラス,ダ,1800,晴,良,13:25,2023-10-22,京都,5,2,3,2019100546,タガノカンデラ,牝4,56,01171,西村淳也,1:52.9,アタマ,7-6-8-7,37.1,103.4,16,462(+12),01146,[西]奥村豊,859002,八木良司,114.0,"(*2,7,13)8(1,14)(3,16)5,9,15,10,11-(4,6,12)",7,2,0.0,False,"2(7,13)(1,8)(3,14)(5,16)9,15,10(11,12)(4,6)",6,2,0.0,False,"(*2,7,13)(1,8,16)5(3,14,11)9(15,12)(10,6)-4",8,3,0.0,False,"(2,*7)(13,8,16)1(3,5,14,11)(9,15,12,6)10,4",7,4,0.0,False,-3,
202308020707,7,3歳以上2勝クラス,ダ,1800,晴,良,13:25,2023-10-22,京都,6,5,9,2019104726,フォーランマリア,牝4,56,05212,Ｍ．デム,1:53.0,クビ,10-10-11-11,37.1,11.8,5,422(0),01142,[西]森田直行,415800,社台レースホース,,"(*2,7,13)8(1,14)(3,16)5,9,15,10,11-(4,6,12)",10,1,1.5,False,"2(7,13)(1,8)(3,14)(5,16)9,15,10(11,12)(4,6)",10,1,0.0,False,"(*2,7,13)(1,8,16)5(3,14,11)9(15,12)(10,6)-4",11,1,0.0,False,"(2,*7)(13,8,16)1(3,5,14,11)(9,15,12,6)10,4",11,4,0.0,False,-3,
202308020707,7,3歳以上2勝クラス,ダ,1800,晴,良,13:25,2023-10-22,京都,7,8,16,2019100635,ラニカイ,牝4,52,01204,河原田菜,1:53.1,3/4,7-8-4-3,37.5,76.6,15,512(+16),01092,[西]松永幹夫,788800,ノースヒルズ,,"(*2,7,13)8(1,14)(3,16)5,9,15,10,11-(4,6,12)",7,2,0.0,False,"2(7,13)(1,8)(3,14)(5,16)9,15,10(11,12)(4,6)",8,2,0.0,False,"(*2,7,13)(1,8,16)5(3,14,11)9(15,12)(10,6)-4",4,3,0.0,False,"(2,*7)(13,8,16)1(3,5,14,11)(9,15,12,6)10,4",3,3,0.0,False,-3,
202308020707,7,3歳以上2勝クラス,ダ,1800,晴,良,13:25,2023-10-22,京都,8,7,14,2018100185,バライロノキセキ,牝5,55,01199,角田大河,1:53.2,1/2,5-6-8-7,37.4,55.7,11,504(+16),01039,[西]中竹和也,370008,岡浩二,,"(*2,7,13)8(1,14)(3,16)5,9,15,10,11-(4,6,12)",5,2,0.0,False,"2(7,13)(1,8)(3,14)(5,16)9,15,10(11,12)(4,6)",6,2,0.0,False,"(*2,7,13)(1,8,16)5(3,14,11)9(15,12)(10,6)-4",8,3,0.0,False,"(2,*7)(13,8,16)1(3,5,14,11)(9,15,12,6)10,4",7,4,0.0,False,-3,
202308020707,7,3歳以上2勝クラス,ダ,1800,晴,良,13:25,2023-10-22,京都,9,8,15,2019102066,バレストラ,牝4,56,01126,松山弘平,1:53.5,2,11-11-12-11,37.4,36.1,10,488(0),01075,[西]矢作芳人,266031,ＸＩＡＯジャパン,,"(*2,7,13)8(1,14)(3,16)5,9,15,10,11-(4,6,12)",11,1,3.0,False,"2(7,13)(1,8)(3,14)(5,16)9,15,10(11,12)(4,6)",11,1,1.5,False,"(*2,7,13)(1,8,16)5(3,14,11)9(15,12)(10,6)-4",12,2,0.0,False,"(2,*7)(13,8,16)1(3,5,14,11)(9,15,12,6)10,4",11,4,0.0,False,-3,
202308020707,7,3歳以上2勝クラス,ダ,1800,晴,良,13:25,2023-10-22,京都,10,6,12,2020105552,タガノアレハンドラ,牝3,54,01124,国分恭介,1:53.6,クビ,14-13-12-11,37.5,6.7,3,494(+4),01196,[西]西園翔太,859002,八木良司,,"(*2,7,13)8(1,14)(3,16)5,9,15,10,11-(4,6,12)",14,3,9.5,False,"2(7,13)(1,8)(3,14)(5,16)9,15,10(11,12)(4,6)",13,2,3.0,False,"(*2,7,13)(1,8,16)5(3,14,11)9(15,12)(10,6)-4",12,2,0.0,False,"(2,*7)(13,8,16)1(3,5,14,11)(9,15,12,6)10,4",11,4,0.0,False,-3,
202308020707,7,3歳以上2勝クラス,ダ,1800,晴,良,13:25,2023-10-22,京都,11,4,8,2019106690,タマモタップダンス,牝4,56,01088,川田将雅,1:53.8,1,4-4-4-3,38.2,3.5,2,500(-10),01023,[東]伊藤圭三,515800,タマモ,,"(*2,7,13)8(1,14)(3,16)5,9,15,10,11-(4,6,12)",4,1,0.0,False,"2(7,13)(1,8)(3,14)(5,16)9,15,10(11,12)(4,6)",4,2,0.0,False,"(*2,7,13)(1,8,16)5(3,14,11)9(15,12)(10,6)-4",4,3,0.0,False,"(2,*7)(13,8,16)1(3,5,14,11)(9,15,12,6)10,4",3,3,0.0,False,-3,
202308020707,7,3歳以上2勝クラス,ダ,1800,晴,良,13:25,2023-10-22,京都,12,3,6,2018101742,クインズミモザ,牝5,56,01174,岩田望来,1:54.1,1.3/4,14-15-14-11,37.8,7.6,4,512(-12),01150,[東]池上昌和,331803,ケイアイスタリオン,,"(*2,7,13)8(1,14)(3,16)5,9,15,10,11-(4,6,12)",14,3,9.5,False,"2(7,13)(1,8)(3,14)(5,16)9,15,10(11,12)(4,6)",15,2,3.0,False,"(*2,7,13)(1,8,16)5(3,14,11)9(15,12)(10,6)-4",14,2,0.0,False,"(2,*7)(13,8,16)1(3,5,14,11)(9,15,12,6)10,4",11,4,0.0,False,-3,
202308020707,7,3歳以上2勝クラス,ダ,1800,晴,良,13:25,2023-10-22,京都,13,3,5,2017104095,ジャルジェ,牝6,56,01163,坂井瑠星,1:54.1,クビ,9-8-7-7,38.4,24.8,9,506(+10),01120,[西]千田輝彦,045803,カナヤマホールディン...,,"(*2,7,13)8(1,14)(3,16)5,9,15,10,11-(4,6,12)",9,1,0.0,False,"2(7,13)(1,8)(3,14)(5,16)9,15,10(11,12)(4,6)",8,2,0.0,False,"(*2,7,13)(1,8,16)5(3,14,11)9(15,12)(10,6)-4",7,1,0.0,False,"(2,*7)(13,8,16)1(3,5,14,11)(9,15,12,6)10,4",7,4,0.0,False,-3,
202308020707,7,3歳以上2勝クラス,ダ,1800,晴,良,13:25,2023-10-22,京都,14,2,4,2018105035,トレデマンド,牝5,56,01032,池添謙一,1:54.4,2,14-15-16-16,37.8,58.4,12,492(+4),01092,[西]松永幹夫,226800,サンデーレーシング,,"(*2,7,13)8(1,14)(3,16)5,9,15,10,11-(4,6,12)",14,3,9.5,False,"2(7,13)(1,8)(3,14)(5,16)9,15,10(11,12)(4,6)",15,2,3.0,False,"(*2,7,13)(1,8,16)5(3,14,11)9(15,12)(10,6)-4",16,1,3.5,False,"(2,*7)(13,8,16)1(3,5,14,11)(9,15,12,6)10,4",16,1,1.5,False,-3,
202308020707,7,3歳以上2勝クラス,ダ,1800,晴,良,13:25,2023-10-22,京都,15,1,2,2020103779,エンプレスペイ,牝3,54,01157,鮫島克駿,1:55.2,5,1-1-1-2,39.9,18.3,6,440(+10),01160,[西]武幸四郎,026803,ＤＭＭドリームクラブ,,"(*2,7,13)8(1,14)(3,16)5,9,15,10,11-(4,6,12)",1,3,0.0,True,"2(7,13)(1,8)(3,14)(5,16)9,15,10(11,12)(4,6)",1,1,0.0,False,"(*2,7,13)(1,8,16)5(3,14,11)9(15,12)(10,6)-4",1,3,0.0,True,"(2,*7)(13,8,16)1(3,5,14,11)(9,15,12,6)10,4",2,2,0.0,False,-3,
202308020707,7,3歳以上2勝クラス,ダ,1800,晴,良,13:25,2023-10-22,京都,16,7,13,2019103401,メイショウホマレ,牝4,55,01185,小沢大仁,1:55.3,クビ,2-2-2-3,39.8,65.7,13,452(-4),01083,[西]松永昌博,911008,松本好隆,,"(*2,7,13)8(1,14)(3,16)5,9,15,10,11-(4,6,12)",2,3,0.0,False,"2(7,13)(1,8)(3,14)(5,16)9,15,10(11,12)(4,6)",2,2,0.0,False,"(*2,7,13)(1,8,16)5(3,14,11)9(15,12)(10,6)-4",2,3,0.0,False,"(2,*7)(13,8,16)1(3,5,14,11)(9,15,12,6)10,4",3,3,0.0,False,-3,
202308020708,8,なでしこ賞(1勝),ダ,1400,晴,良,13:55,2023-10-22,京都,1,1,1,2021101703,ナスティウェザー,牡2,56,01174,岩田望来,1:24.7,,7-7,36.9,3.9,2,448(-4),01059,[東]加藤征弘,003060,ゴドルフィン,"1,087.5",,,,,,,,,,,"4(3,5,6)(2,7)1-8",7,1,0.0,False,"4(5,6)(3,2)7,1=8",7,1,1.5,False,-3,
202308020708,8,なでしこ賞(1勝),ダ,1400,晴,良,13:55,2023-10-22,京都,2,4,4,2021103204,アイアムユウシュン,牡2,56,00666,武豊,1:24.8,1/2,1-1,37.8,7.3,5,510(+16),01074,[東]奥平雅士,505006,堀紘一,435.0,,,,,,,,,,,"4(3,5,6)(2,7)1-8",1,1,0.0,False,"4(5,6)(3,2)7,1=8",1,1,0.0,False,-3,
202308020708,8,なでしこ賞(1勝),ダ,1400,晴,良,13:55,2023-10-22,京都,3,2,2,2021105606,オウバイトウリ,牝2,55,05339,ルメール,1:25.4,3.1/2,5-4,38.0,16.3,6,472(-4),01160,[西]武幸四郎,002803,キーファーズ,272.5,,,,,,,,,,,"4(3,5,6)(2,7)1-8",5,2,0.0,False,"4(5,6)(3,2)7,1=8",4,2,0.0,False,-3,
202308020708,8,なでしこ賞(1勝),ダ,1400,晴,良,13:55,2023-10-22,京都,4,3,3,2021110056,エコロガイア,牡2,56,05509,モレイラ,1:25.7,2,2-4,38.5,4.5,3,464(+2),00427,[西]森秀行,783033,原村正紀,160.0,,,,,,,,,,,"4(3,5,6)(2,7)1-8",2,3,0.0,False,"4(5,6)(3,2)7,1=8",4,2,0.0,False,-3,
202308020708,8,なでしこ賞(1勝),ダ,1400,晴,良,13:55,2023-10-22,京都,5,6,6,2021105849,オコタンペ,牡2,56,01088,川田将雅,1:25.8,クビ,2-2,38.6,3.4,1,486(0),01105,[西]須貝尚介,708800,金子真人ホールディン...,107.0,,,,,,,,,,,"4(3,5,6)(2,7)1-8",2,3,0.0,False,"4(5,6)(3,2)7,1=8",2,2,0.0,False,-3,
202308020708,8,なでしこ賞(1勝),ダ,1400,晴,良,13:55,2023-10-22,京都,6,5,5,2021103716,メイショウホウレン,牡2,56,01126,松山弘平,1:26.9,7,2-2,39.7,6.3,4,502(+6),01042,[西]安達昭夫,523005,松本好雄,,,,,,,,,,,,"4(3,5,6)(2,7)1-8",2,3,0.0,False,"4(5,6)(3,2)7,1=8",2,2,0.0,False,-3,
202308020708,8,なでしこ賞(1勝),ダ,1400,晴,良,13:55,2023-10-22,京都,7,8,8,2021102380,オーケーカルメン,牝2,55,01199,角田大河,1:26.9,クビ,8-8,38.5,40.5,8,420(+2),01146,[西]奥村豊,612030,小野建,,,,,,,,,,,,"4(3,5,6)(2,7)1-8",8,1,3.5,False,"4(5,6)(3,2)7,1=8",8,1,7.5,False,-3,
202308020708,8,なでしこ賞(1勝),ダ,1400,晴,良,13:55,2023-10-22,京都,8,7,7,2021102845,モズナイスバディー,牡2,56,01163,坂井瑠星,1:27.3,2.1/2,5-6,39.8,23.9,7,482(-2),01139,[西]飯田祐史,005803,キャピタル・システム,,,,,,,,,,,,"4(3,5,6)(2,7)1-8",5,2,0.0,False,"4(5,6)(3,2)7,1=8",6,1,0.0,False,-3,
202308020709,9,壬生特別(2勝),芝,1200,晴,良,14:25,2023-10-22,京都,1,3,6,2020100815,ミルトクレイモー,牡3,57,01174,岩田望来,1:07.7,,6-4,33.3,6.1,3,508(+2),01186,[西]中村直也,695033,永山勝敏,"1,585.7",,,,,,,,,,,"2(8,9,15)13,6,16(4,12)(7,11)(3,14)(1,5)10",6,1,1.5,False,"(*2,8,9)-6,15(4,13,16)(7,12,11)3(1,14)5-10",4,1,3.5,False,-14,土曜に比べると南風がやや強く、速い時計が出やすかった。速い上がりが要求される外差し馬場で人気と実力通りの決着が多かった。
202308020709,9,壬生特別(2勝),芝,1200,晴,良,14:25,2023-10-22,京都,2,1,1,2020101543,グランテスト,牝3,55,01163,坂井瑠星,1:08.0,1.3/4,14-13,32.6,2.2,1,472(0),01128,[西]今野貞一,272008,下河辺隆行,630.2,,,,,,,,,,,"2(8,9,15)13,6,16(4,12)(7,11)(3,14)(1,5)10",14,2,3.0,False,"(*2,8,9)-6,15(4,13,16)(7,12,11)3(1,14)5-10",13,2,5.0,False,-14,土曜に比べると南風がやや強く、速い時計が出やすかった。速い上がりが要求される外差し馬場で人気と実力通りの決着が多かった。
202308020709,9,壬生特別(2勝),芝,1200,晴,良,14:25,2023-10-22,京都,3,2,4,2019100666,イラーレ,牝4,56,00732,幸英明,1:08.0,アタマ,8-6,33.4,18.8,6,460(-4),01078,[西]北出成人,788800,ノースヒルズ,395.1,,,,,,,,,,,"2(8,9,15)13,6,16(4,12)(7,11)(3,14)(1,5)10",8,2,3.0,False,"(*2,8,9)-6,15(4,13,16)(7,12,11)3(1,14)5-10",6,3,5.0,False,-14,土曜に比べると南風がやや強く、速い時計が出やすかった。速い上がりが要求される外差し馬場で人気と実力通りの決着が多かった。
202308020709,9,壬生特別(2勝),芝,1200,晴,良,14:25,2023-10-22,京都,4,8,16,2020110090,ティニア,牡3,57,05509,モレイラ,1:08.1,クビ,7-6,33.5,12.9,5,494(+12),01071,[西]池江泰寿,948006,前田幸治,230.0,,,,,,,,,,,"2(8,9,15)13,6,16(4,12)(7,11)(3,14)(1,5)10",7,1,3.0,False,"(*2,8,9)-6,15(4,13,16)(7,12,11)3(1,14)5-10",6,3,5.0,False,-14,土曜に比べると南風がやや強く、速い時計が出やすかった。速い上がりが要求される外差し馬場で人気と実力通りの決着が多かった。
202308020709,9,壬生特別(2勝),芝,1200,晴,良,14:25,2023-10-22,京都,5,2,3,2018104633,テーオーダヴィンチ,牡5,58,05339,ルメール,1:08.3,1.1/4,12-12,33.2,4.8,2,504(-4),01066,[西]岡田稲男,304008,小笹公也,155.0,,,,,,,,,,,"2(8,9,15)13,6,16(4,12)(7,11)(3,14)(1,5)10",12,2,3.0,False,"(*2,8,9)-6,15(4,13,16)(7,12,11)3(1,14)5-10",12,1,5.0,False,-14,土曜に比べると南風がやや強く、速い時計が出やすかった。速い上がりが要求される外差し馬場で人気と実力通りの決着が多かった。
202308020709,9,壬生特別(2勝),芝,1200,晴,良,14:25,2023-10-22,京都,6,1,2,2019103562,ダテボレアス,牡4,58,01018,和田竜二,1:08.3,クビ,1-1,34.4,54.4,11,494(+10),01028,[西]西園正都,795033,渡邉直樹,,,,,,,,,,,,"2(8,9,15)13,6,16(4,12)(7,11)(3,14)(1,5)10",1,1,0.0,False,"(*2,8,9)-6,15(4,13,16)(7,12,11)3(1,14)5-10",1,3,0.0,True,-14,土曜に比べると南風がやや強く、速い時計が出やすかった。速い上がりが要求される外差し馬場で人気と実力通りの決着が多かった。
202308020709,9,壬生特別(2勝),芝,1200,晴,良,14:25,2023-10-22,京都,7,5,10,2018100736,アンフィニドール,牝5,56,00660,横山典弘,1:08.3,ハナ,16-16,32.6,10.7,4,500(+4),01120,[西]千田輝彦,427030,前原敏行,,,,,,,,,,,,"2(8,9,15)13,6,16(4,12)(7,11)(3,14)(1,5)10",16,1,3.0,False,"(*2,8,9)-6,15(4,13,16)(7,12,11)3(1,14)5-10",16,1,8.5,False,-14,土曜に比べると南風がやや強く、速い時計が出やすかった。速い上がりが要求される外差し馬場で人気と実力通りの決着が多かった。
202308020709,9,壬生特別(2勝),芝,1200,晴,良,14:25,2023-10-22,京都,8,4,7,2018103902,サウンドブライアン,牡5,58,01115,浜中俊,1:08.4,クビ,10-9,33.5,229.4,15,482(-2),01107,[西]村山明,168006,増田雄一,,,,,,,,,,,,"2(8,9,15)13,6,16(4,12)(7,11)(3,14)(1,5)10",10,2,3.0,False,"(*2,8,9)-6,15(4,13,16)(7,12,11)3(1,14)5-10",9,3,5.0,False,-14,土曜に比べると南風がやや強く、速い時計が出やすかった。速い上がりが要求される外差し馬場で人気と実力通りの決着が多かった。
202308020709,9,壬生特別(2勝),芝,1200,晴,良,14:25,2023-10-22,京都,9,6,11,2018104663,タウゼントシェーン,牝5,56,01126,松山弘平,1:08.4,クビ,10-9,33.5,20.1,8,444(-4),01185,[西]小林真也,415800,社台レースホース,,,,,,,,,,,,"2(8,9,15)13,6,16(4,12)(7,11)(3,14)(1,5)10",10,2,3.0,False,"(*2,8,9)-6,15(4,13,16)(7,12,11)3(1,14)5-10",9,3,5.0,False,-14,土曜に比べると南風がやや強く、速い時計が出やすかった。速い上がりが要求される外差し馬場で人気と実力通りの決着が多かった。
202308020709,9,壬生特別(2勝),芝,1200,晴,良,14:25,2023-10-22,京都,10,6,12,2020104613,タツダイヤモンド,牡3,57,01122,三浦皇成,1:08.5,クビ,8-9,33.8,34.3,9,486(+10),01046,[西]鮫島一歩,449030,野田政義,,,,,,,,,,,,"2(8,9,15)13,6,16(4,12)(7,11)(3,14)(1,5)10",8,2,3.0,False,"(*2,8,9)-6,15(4,13,16)(7,12,11)3(1,14)5-10",9,3,5.0,False,-14,土曜に比べると南風がやや強く、速い時計が出やすかった。速い上がりが要求される外差し馬場で人気と実力通りの決着が多かった。
202308020709,9,壬生特別(2勝),芝,1200,晴,良,14:25,2023-10-22,京都,11,5,9,2019102856,トーホウラビアン,牝4,56,01180,団野大成,1:08.6,1/2,2-2,34.6,172.4,14,438(+10),01003,[西]川村禎彦,965800,東豊物産,,,,,,,,,,,,"2(8,9,15)13,6,16(4,12)(7,11)(3,14)(1,5)10",2,3,0.0,False,"(*2,8,9)-6,15(4,13,16)(7,12,11)3(1,14)5-10",2,3,0.0,False,-14,土曜に比べると南風がやや強く、速い時計が出やすかった。速い上がりが要求される外差し馬場で人気と実力通りの決着が多かった。
202308020709,9,壬生特別(2勝),芝,1200,晴,良,14:25,2023-10-22,京都,12,4,8,2020105568,ハクサンパイオニア,牡3,57,01171,西村淳也,1:08.8,1,2-2,34.8,18.9,7,504(+18),01110,[西]清水久詞,841030,河崎五市,,,,,,,,,,,,"2(8,9,15)13,6,16(4,12)(7,11)(3,14)(1,5)10",2,3,0.0,False,"(*2,8,9)-6,15(4,13,16)(7,12,11)3(1,14)5-10",2,3,0.0,False,-14,土曜に比べると南風がやや強く、速い時計が出やすかった。速い上がりが要求される外差し馬場で人気と実力通りの決着が多かった。
202308020709,9,壬生特別(2勝),芝,1200,晴,良,14:25,2023-10-22,京都,13,7,14,2018103611,デルマカンノン,牝5,56,01185,小沢大仁,1:08.9,1/2,12-13,33.8,272.0,16,462(+2),01193,[西]緒方努,274002,浅沼廣幸,,,,,,,,,,,,"2(8,9,15)13,6,16(4,12)(7,11)(3,14)(1,5)10",12,2,3.0,False,"(*2,8,9)-6,15(4,13,16)(7,12,11)3(1,14)5-10",13,2,5.0,False,-14,土曜に比べると南風がやや強く、速い時計が出やすかった。速い上がりが要求される外差し馬場で人気と実力通りの決着が多かった。
202308020709,9,壬生特別(2勝),芝,1200,晴,良,14:25,2023-10-22,京都,14,3,5,2019104738,サウンドクレア,牝4,56,01157,鮫島克駿,1:09.0,1/2,14-15,33.6,57.8,12,450(+4),01042,[西]安達昭夫,168006,増田雄一,,,,,,,,,,,,"2(8,9,15)13,6,16(4,12)(7,11)(3,14)(1,5)10",14,2,3.0,False,"(*2,8,9)-6,15(4,13,16)(7,12,11)3(1,14)5-10",15,1,5.0,False,-14,土曜に比べると南風がやや強く、速い時計が出やすかった。速い上がりが要求される外差し馬場で人気と実力通りの決着が多かった。
202308020709,9,壬生特別(2勝),芝,1200,晴,良,14:25,2023-10-22,京都,15,7,13,2020104954,ウメムスビ,牡3,57,01199,角田大河,1:09.0,クビ,5-6,34.6,42.5,10,460(+6),01172,[西]新谷功一,376803,紀州ほそ川飼料,,,,,,,,,,,,"2(8,9,15)13,6,16(4,12)(7,11)(3,14)(1,5)10",5,1,0.0,False,"(*2,8,9)-6,15(4,13,16)(7,12,11)3(1,14)5-10",6,3,5.0,False,-14,土曜に比べると南風がやや強く、速い時計が出やすかった。速い上がりが要求される外差し馬場で人気と実力通りの決着が多かった。
202308020709,9,壬生特別(2勝),芝,1200,晴,良,14:25,2023-10-22,京都,16,8,15,2019100292,ダレモトメラレナイ,牝4,56,01170,横山武史,1:09.9,5,2-5,35.6,60.8,13,480(-14),01152,[東]竹内正洋,353803,ＧＥＴＮＥＸＴ,,,,,,,,,,,,"2(8,9,15)13,6,16(4,12)(7,11)(3,14)(1,5)10",2,3,0.0,False,"(*2,8,9)-6,15(4,13,16)(7,12,11)3(1,14)5-10",5,1,5.0,False,-14,土曜に比べると南風がやや強く、速い時計が出やすかった。速い上がりが要求される外差し馬場で人気と実力通りの決着が多かった。
202308020710,10,三年坂S(3勝),芝,1600,晴,良,15:01,2023-10-22,京都,1,8,13,2020102928,ソーダズリング,牝3,54,00666,武豊,1:33.7,,6-6,32.8,4.2,2,474(0),01002,[西]音無秀孝,415800,社台レースホース,"1,868.0",,,,,,,,,,,"7,9(8,11)10(4,13)(2,5,12)(6,3)-1",6,2,1.5,False,"11,7(8,9,10)(4,13)(2,5,12)3,6-1",6,2,1.5,False,-16,土曜に比べると南風がやや強く、速い時計が出やすかった。速い上がりが要求される外差し馬場で人気と実力通りの決着が多かった。
202308020710,10,三年坂S(3勝),芝,1600,晴,良,15:01,2023-10-22,京都,2,6,8,2019110060,モズゴールドバレル,牝4,56,01088,川田将雅,1:33.7,1/2,3-3,33.1,5.1,4,462(+2),01062,[西]藤岡健一,005803,キャピタル・システム,748.0,,,,,,,,,,,"7,9(8,11)10(4,13)(2,5,12)(6,3)-1",3,2,1.5,False,"11,7(8,9,10)(4,13)(2,5,12)3,6-1",3,3,1.5,False,-16,土曜に比べると南風がやや強く、速い時計が出やすかった。速い上がりが要求される外差し馬場で人気と実力通りの決着が多かった。
202308020710,10,三年坂S(3勝),芝,1600,晴,良,15:01,2023-10-22,京都,3,8,12,2020103271,ショウナンアレクサ,牡3,56,01174,岩田望来,1:34.0,2,8-8,32.9,3.1,1,500(+8),01110,[西]清水久詞,331002,国本哲秀,464.0,,,,,,,,,,,"7,9(8,11)10(4,13)(2,5,12)(6,3)-1",8,3,1.5,False,"11,7(8,9,10)(4,13)(2,5,12)3,6-1",8,3,1.5,False,-16,土曜に比べると南風がやや強く、速い時計が出やすかった。速い上がりが要求される外差し馬場で人気と実力通りの決着が多かった。
202308020710,10,三年坂S(3勝),芝,1600,晴,良,15:01,2023-10-22,京都,4,7,10,2020103393,ダルエスサラーム,牝3,54,01115,浜中俊,1:34.2,1.1/4,5-3,33.6,79.8,11,454(+10),01117,[西]高野友和,226800,サンデーレーシング,280.0,,,,,,,,,,,"7,9(8,11)10(4,13)(2,5,12)(6,3)-1",5,1,1.5,False,"11,7(8,9,10)(4,13)(2,5,12)3,6-1",3,3,1.5,False,-16,土曜に比べると南風がやや強く、速い時計が出やすかった。速い上がりが要求される外差し馬場で人気と実力通りの決着が多かった。
202308020710,10,三年坂S(3勝),芝,1600,晴,良,15:01,2023-10-22,京都,5,7,11,2018100043,ロワンディシー,牡5,58,01032,池添謙一,1:34.3,クビ,3-1,34.0,72.1,10,454(0),01078,[西]北出成人,853002,松本俊廣,184.0,,,,,,,,,,,"7,9(8,11)10(4,13)(2,5,12)(6,3)-1",3,2,1.5,False,"11,7(8,9,10)(4,13)(2,5,12)3,6-1",1,1,0.0,False,-16,土曜に比べると南風がやや強く、速い時計が出やすかった。速い上がりが要求される外差し馬場で人気と実力通りの決着が多かった。
202308020710,10,三年坂S(3勝),芝,1600,晴,良,15:01,2023-10-22,京都,6,4,5,2020110081,テーオーグランビル,牡3,56,01170,横山武史,1:34.3,クビ,8-8,33.2,4.4,3,506(+10),01168,[西]上村洋行,304008,小笹公也,,,,,,,,,,,,"7,9(8,11)10(4,13)(2,5,12)(6,3)-1",8,3,1.5,False,"11,7(8,9,10)(4,13)(2,5,12)3,6-1",8,3,1.5,False,-16,土曜に比べると南風がやや強く、速い時計が出やすかった。速い上がりが要求される外差し馬場で人気と実力通りの決着が多かった。
202308020710,10,三年坂S(3勝),芝,1600,晴,良,15:01,2023-10-22,京都,7,2,2,2018101945,タガノディアーナ,牝5,56,01018,和田竜二,1:34.5,1.1/4,8-8,33.3,126.5,13,472(+22),01173,[西]長谷川浩,859002,八木良司,,,,,,,,,,,,"7,9(8,11)10(4,13)(2,5,12)(6,3)-1",8,3,1.5,False,"11,7(8,9,10)(4,13)(2,5,12)3,6-1",8,3,1.5,False,-16,土曜に比べると南風がやや強く、速い時計が出やすかった。速い上がりが要求される外差し馬場で人気と実力通りの決着が多かった。
202308020710,10,三年坂S(3勝),芝,1600,晴,良,15:01,2023-10-22,京都,8,3,3,2018103590,リッケンバッカー,牡5,58,00732,幸英明,1:34.6,クビ,11-11,33.2,85.4,12,478(0),01148,[西]西村真幸,271008,安原浩司,,,,,,,,,,,,"7,9(8,11)10(4,13)(2,5,12)(6,3)-1",11,2,1.5,False,"11,7(8,9,10)(4,13)(2,5,12)3,6-1",11,1,1.5,False,-16,土曜に比べると南風がやや強く、速い時計が出やすかった。速い上がりが要求される外差し馬場で人気と実力通りの決着が多かった。
202308020710,10,三年坂S(3勝),芝,1600,晴,良,15:01,2023-10-22,京都,9,5,6,2019105415,ベルクレスタ,牝4,56,05509,モレイラ,1:34.6,ハナ,11-12,33.1,7.0,5,486(+6),01105,[西]須貝尚介,226800,サンデーレーシング,,,,,,,,,,,,"7,9(8,11)10(4,13)(2,5,12)(6,3)-1",11,2,1.5,False,"11,7(8,9,10)(4,13)(2,5,12)3,6-1",12,1,3.0,False,-16,土曜に比べると南風がやや強く、速い時計が出やすかった。速い上がりが要求される外差し馬場で人気と実力通りの決着が多かった。
202308020710,10,三年坂S(3勝),芝,1600,晴,良,15:01,2023-10-22,京都,10,4,4,2017105574,チュウワノキセキ,セ6,58,05203,岩田康誠,1:34.6,ハナ,6-6,33.6,41.6,7,482(+6),01058,[西]大久保龍,628007,中西忍,,,,,,,,,,,,"7,9(8,11)10(4,13)(2,5,12)(6,3)-1",6,2,1.5,False,"11,7(8,9,10)(4,13)(2,5,12)3,6-1",6,2,1.5,False,-16,土曜に比べると南風がやや強く、速い時計が出やすかった。速い上がりが要求される外差し馬場で人気と実力通りの決着が多かった。
202308020710,10,三年坂S(3勝),芝,1600,晴,良,15:01,2023-10-22,京都,11,1,1,2019103898,スーサンアッシャー,牡4,58,00660,横山典弘,1:34.7,1,13-13,32.9,45.6,8,474(+14),01111,[西]鈴木孝志,043008,林千枝子,,,,,,,,,,,,"7,9(8,11)10(4,13)(2,5,12)(6,3)-1",13,1,5.0,False,"11,7(8,9,10)(4,13)(2,5,12)3,6-1",13,1,6.5,False,-16,土曜に比べると南風がやや強く、速い時計が出やすかった。速い上がりが要求される外差し馬場で人気と実力通りの決着が多かった。
202308020710,10,三年坂S(3勝),芝,1600,晴,良,15:01,2023-10-22,京都,12,6,9,2018103021,タイセイシェダル,牡5,58,05212,Ｍ．デム,1:35.0,1.1/2,2-3,34.5,34.4,6,462(-2),01129,[西]高橋義忠,224007,田中成奉,,,,,,,,,,,,"7,9(8,11)10(4,13)(2,5,12)(6,3)-1",2,1,1.5,False,"11,7(8,9,10)(4,13)(2,5,12)3,6-1",3,3,1.5,False,-16,土曜に比べると南風がやや強く、速い時計が出やすかった。速い上がりが要求される外差し馬場で人気と実力通りの決着が多かった。
202308020710,10,三年坂S(3勝),芝,1600,晴,良,15:01,2023-10-22,京都,13,5,7,2019105146,ジャスティンエース,牡4,58,01157,鮫島克駿,1:35.6,3.1/2,1-2,35.2,69.2,9,472(-6),01157,[西]杉山晴紀,195031,三木正浩,,,,,,,,,,,,"7,9(8,11)10(4,13)(2,5,12)(6,3)-1",1,1,0.0,False,"11,7(8,9,10)(4,13)(2,5,12)3,6-1",2,1,1.5,False,-16,土曜に比べると南風がやや強く、速い時計が出やすかった。速い上がりが要求される外差し馬場で人気と実力通りの決着が多かった。
202308020711,11,第84回菊花賞(GI),芝,3000,晴,良,15:40,2023-10-22,京都,1,8,17,2020103650,ドゥレッツァ,牡3,57,05339,ルメール,3:03.1,,1-1-3-2,34.6,7.3,4,468(+12),01103,[東]尾関知人,486800,キャロットファーム,"22,703.4","17,5-6(4,12)15,9,16(3,7)(13,11,14,1)(10,2,8)",1,1,0.0,False,"(*17,5)(4,6)-12(9,15)(3,16,1)7(13,11,14)(10,2,8)",1,2,0.0,True,"(*6,5)(17,1,8)(4,12,15)(9,16,7)(10,13,3,14)11,2",3,3,0.0,False,"6(17,5,8)(4,1,15)(12,7,14)16(10,9,11)(13,3,2)",2,3,0.0,False,-16,土曜に比べると南風がやや強く、速い時計が出やすかった。速い上がりが要求される外差し馬場で人気と実力通りの決着が多かった。
202308020711,11,第84回菊花賞(GI),芝,3000,晴,良,15:40,2023-10-22,京都,2,4,7,2020103532,タスティエーラ,牡3,57,05509,モレイラ,3:03.7,3.1/2,9-11-9-8,34.8,4.7,2,480(+2),01070,[東]堀宣行,486800,キャロットファーム,"8,772.4","17,5-6(4,12)15,9,16(3,7)(13,11,14,1)(10,2,8)",9,2,8.0,False,"(*17,5)(4,6)-12(9,15)(3,16,1)7(13,11,14)(10,2,8)",11,1,3.5,False,"(*6,5)(17,1,8)(4,12,15)(9,16,7)(10,13,3,14)11,2",9,3,0.0,False,"6(17,5,8)(4,1,15)(12,7,14)16(10,9,11)(13,3,2)",8,3,0.0,False,-16,土曜に比べると南風がやや強く、速い時計が出やすかった。速い上がりが要求される外差し馬場で人気と実力通りの決着が多かった。
202308020711,11,第84回菊花賞(GI),芝,3000,晴,良,15:40,2023-10-22,京都,3,7,14,2020102899,ソールオリエンス,牡3,57,01170,横山武史,3:04.0,1.1/2,11-12-12-8,35.1,2.7,1,464(+4),01038,[東]手塚貴久,415800,社台レースホース,"5,386.2","17,5-6(4,12)15,9,16(3,7)(13,11,14,1)(10,2,8)",11,4,8.0,False,"(*17,5)(4,6)-12(9,15)(3,16,1)7(13,11,14)(10,2,8)",12,3,3.5,False,"(*6,5)(17,1,8)(4,12,15)(9,16,7)(10,13,3,14)11,2",12,4,0.0,False,"6(17,5,8)(4,1,15)(12,7,14)16(10,9,11)(13,3,2)",8,3,0.0,False,-16,土曜に比べると南風がやや強く、速い時計が出やすかった。速い上がりが要求される外差し馬場で人気と実力通りの決着が多かった。
202308020711,11,第84回菊花賞(GI),芝,3000,晴,良,15:40,2023-10-22,京都,4,3,6,2020105633,リビアングラス,牡3,57,01163,坂井瑠星,3:04.1,3/4,3-3-1-1,35.9,36.2,9,498(-2),01075,[西]矢作芳人,948006,前田幸治,"3,000.0","17,5-6(4,12)15,9,16(3,7)(13,11,14,1)(10,2,8)",3,1,5.0,False,"(*17,5)(4,6)-12(9,15)(3,16,1)7(13,11,14)(10,2,8)",3,2,0.0,False,"(*6,5)(17,1,8)(4,12,15)(9,16,7)(10,13,3,14)11,2",1,2,0.0,True,"6(17,5,8)(4,1,15)(12,7,14)16(10,9,11)(13,3,2)",1,1,0.0,False,-16,土曜に比べると南風がやや強く、速い時計が出やすかった。速い上がりが要求される外差し馬場で人気と実力通りの決着が多かった。
202308020711,11,第84回菊花賞(GI),芝,3000,晴,良,15:40,2023-10-22,京都,5,4,8,2020100734,サヴォーナ,牡3,57,01032,池添謙一,3:04.1,ハナ,15-15-3-2,35.6,22.3,7,536(+8),01039,[西]中竹和也,944030,加藤誠,"2,000.0","17,5-6(4,12)15,9,16(3,7)(13,11,14,1)(10,2,8)",15,3,8.0,False,"(*17,5)(4,6)-12(9,15)(3,16,1)7(13,11,14)(10,2,8)",15,3,3.5,False,"(*6,5)(17,1,8)(4,12,15)(9,16,7)(10,13,3,14)11,2",3,3,0.0,False,"6(17,5,8)(4,1,15)(12,7,14)16(10,9,11)(13,3,2)",2,3,0.0,False,-16,土曜に比べると南風がやや強く、速い時計が出やすかった。速い上がりが要求される外差し馬場で人気と実力通りの決着が多かった。
202308020711,11,第84回菊花賞(GI),芝,3000,晴,良,15:40,2023-10-22,京都,6,6,12,2020105681,ハーツコンチェルト,牡3,57,01126,松山弘平,3:04.1,クビ,4-5-6-8,35.3,9.3,5,498(+6),01147,[東]武井亮,148800,グリーンファーム,,"17,5-6(4,12)15,9,16(3,7)(13,11,14,1)(10,2,8)",4,2,5.0,False,"(*17,5)(4,6)-12(9,15)(3,16,1)7(13,11,14)(10,2,8)",5,1,3.5,False,"(*6,5)(17,1,8)(4,12,15)(9,16,7)(10,13,3,14)11,2",6,3,0.0,False,"6(17,5,8)(4,1,15)(12,7,14)16(10,9,11)(13,3,2)",8,3,0.0,False,-16,土曜に比べると南風がやや強く、速い時計が出やすかった。速い上がりが要求される外差し馬場で人気と実力通りの決着が多かった。
202308020711,11,第84回菊花賞(GI),芝,3000,晴,良,15:40,2023-10-22,京都,7,5,10,2020105794,マイネルラウレア,牡3,57,01174,岩田望来,3:04.1,ハナ,15-15-12-12,35.1,71.2,11,500(+4),01018,[西]宮徹,546800,サラブレッドクラブ・...,,"17,5-6(4,12)15,9,16(3,7)(13,11,14,1)(10,2,8)",15,3,8.0,False,"(*17,5)(4,6)-12(9,15)(3,16,1)7(13,11,14)(10,2,8)",15,3,3.5,False,"(*6,5)(17,1,8)(4,12,15)(9,16,7)(10,13,3,14)11,2",12,4,0.0,False,"6(17,5,8)(4,1,15)(12,7,14)16(10,9,11)(13,3,2)",12,3,0.0,False,-16,土曜に比べると南風がやや強く、速い時計が出やすかった。速い上がりが要求される外差し馬場で人気と実力通りの決着が多かった。
202308020711,11,第84回菊花賞(GI),芝,3000,晴,良,15:40,2023-10-22,京都,8,7,13,2020101152,ナイトインロンドン,牡3,57,01018,和田竜二,3:04.2,アタマ,11-12-12-15,35.1,88.1,12,472(-10),01102,[東]大竹正博,208008,窪田芳郎,,"17,5-6(4,12)15,9,16(3,7)(13,11,14,1)(10,2,8)",11,4,8.0,False,"(*17,5)(4,6)-12(9,15)(3,16,1)7(13,11,14)(10,2,8)",12,3,3.5,False,"(*6,5)(17,1,8)(4,12,15)(9,16,7)(10,13,3,14)11,2",12,4,0.0,False,"6(17,5,8)(4,1,15)(12,7,14)16(10,9,11)(13,3,2)",15,3,0.0,False,-16,土曜に比べると南風がやや強く、速い時計が出やすかった。速い上がりが要求される外差し馬場で人気と実力通りの決着が多かった。
202308020711,11,第84回菊花賞(GI),芝,3000,晴,良,15:40,2023-10-22,京都,9,8,15,2020106582,ファントムシーフ,牡3,57,00666,武豊,3:04.3,1/2,6-6-6-5,35.5,20.3,6,504(+2),01148,[西]西村真幸,102800,ターフ・スポート,,"17,5-6(4,12)15,9,16(3,7)(13,11,14,1)(10,2,8)",6,1,5.0,False,"(*17,5)(4,6)-12(9,15)(3,16,1)7(13,11,14)(10,2,8)",6,2,3.5,False,"(*6,5)(17,1,8)(4,12,15)(9,16,7)(10,13,3,14)11,2",6,3,0.0,False,"6(17,5,8)(4,1,15)(12,7,14)16(10,9,11)(13,3,2)",5,3,0.0,False,-16,土曜に比べると南風がやや強く、速い時計が出やすかった。速い上がりが要求される外差し馬場で人気と実力通りの決着が多かった。
202308020711,11,第84回菊花賞(GI),芝,3000,晴,良,15:40,2023-10-22,京都,10,6,11,2020103473,サトノグランツ,牡3,57,01088,川田将雅,3:04.3,ハナ,11-12-16-12,35.1,5.0,3,496(+4),01061,[西]友道康夫,790031,里見治,,"17,5-6(4,12)15,9,16(3,7)(13,11,14,1)(10,2,8)",11,4,8.0,False,"(*17,5)(4,6)-12(9,15)(3,16,1)7(13,11,14)(10,2,8)",12,3,3.5,False,"(*6,5)(17,1,8)(4,12,15)(9,16,7)(10,13,3,14)11,2",16,1,0.0,False,"6(17,5,8)(4,1,15)(12,7,14)16(10,9,11)(13,3,2)",12,3,0.0,False,-16,土曜に比べると南風がやや強く、速い時計が出やすかった。速い上がりが要求される外差し馬場で人気と実力通りの決着が多かった。
202308020711,11,第84回菊花賞(GI),芝,3000,晴,良,15:40,2023-10-22,京都,11,8,16,2020103333,ショウナンバシット,牡3,57,05212,Ｍ．デム,3:04.4,1/2,8-8-9-11,35.5,185.4,15,492(+6),01105,[西]須貝尚介,331002,国本哲秀,,"17,5-6(4,12)15,9,16(3,7)(13,11,14,1)(10,2,8)",8,1,8.0,False,"(*17,5)(4,6)-12(9,15)(3,16,1)7(13,11,14)(10,2,8)",8,3,3.5,False,"(*6,5)(17,1,8)(4,12,15)(9,16,7)(10,13,3,14)11,2",9,3,0.0,False,"6(17,5,8)(4,1,15)(12,7,14)16(10,9,11)(13,3,2)",11,1,0.0,False,-16,土曜に比べると南風がやや強く、速い時計が出やすかった。速い上がりが要求される外差し馬場で人気と実力通りの決着が多かった。
202308020711,11,第84回菊花賞(GI),芝,3000,晴,良,15:40,2023-10-22,京都,12,2,3,2020103275,シーズンリッチ,牡3,57,01199,角田大河,3:04.7,1.3/4,9-8-12-15,35.5,277.7,16,492(-6),01067,[東]久保田貴,039030,宇田豊,,"17,5-6(4,12)15,9,16(3,7)(13,11,14,1)(10,2,8)",9,2,8.0,False,"(*17,5)(4,6)-12(9,15)(3,16,1)7(13,11,14)(10,2,8)",8,3,3.5,False,"(*6,5)(17,1,8)(4,12,15)(9,16,7)(10,13,3,14)11,2",12,4,0.0,False,"6(17,5,8)(4,1,15)(12,7,14)16(10,9,11)(13,3,2)",15,3,0.0,False,-16,土曜に比べると南風がやや強く、速い時計が出やすかった。速い上がりが要求される外差し馬場で人気と実力通りの決着が多かった。
202308020711,11,第84回菊花賞(GI),芝,3000,晴,良,15:40,2023-10-22,京都,13,1,2,2020105217,ウインオーディン,牡3,57,01122,三浦皇成,3:05.0,2,15-15-17-15,35.6,120.4,13,474(-8),01097,[東]鹿戸雄一,494800,ウイン,,"17,5-6(4,12)15,9,16(3,7)(13,11,14,1)(10,2,8)",15,3,8.0,False,"(*17,5)(4,6)-12(9,15)(3,16,1)7(13,11,14)(10,2,8)",15,3,3.5,False,"(*6,5)(17,1,8)(4,12,15)(9,16,7)(10,13,3,14)11,2",17,1,1.5,False,"6(17,5,8)(4,1,15)(12,7,14)16(10,9,11)(13,3,2)",15,3,0.0,False,-16,土曜に比べると南風がやや強く、速い時計が出やすかった。速い上がりが要求される外差し馬場で人気と実力通りの決着が多かった。
202308020711,11,第84回菊花賞(GI),芝,3000,晴,良,15:40,2023-10-22,京都,14,1,1,2020106402,トップナイフ,牡3,57,00660,横山典弘,3:05.0,アタマ,11-8-3-5,36.4,23.5,8,482(0),01044,[西]昆貢,271008,安原浩司,,"17,5-6(4,12)15,9,16(3,7)(13,11,14,1)(10,2,8)",11,4,8.0,False,"(*17,5)(4,6)-12(9,15)(3,16,1)7(13,11,14)(10,2,8)",8,3,3.5,False,"(*6,5)(17,1,8)(4,12,15)(9,16,7)(10,13,3,14)11,2",3,3,0.0,False,"6(17,5,8)(4,1,15)(12,7,14)16(10,9,11)(13,3,2)",5,3,0.0,False,-16,土曜に比べると南風がやや強く、速い時計が出やすかった。速い上がりが要求される外差し馬場で人気と実力通りの決着が多かった。
202308020711,11,第84回菊花賞(GI),芝,3000,晴,良,15:40,2023-10-22,京都,15,5,9,2020103472,ノッキングポイント,牡3,57,01043,北村宏司,3:05.2,1,7-6-9-12,36.3,41.7,10,492(-2),01126,[東]木村哲也,226800,サンデーレーシング,,"17,5-6(4,12)15,9,16(3,7)(13,11,14,1)(10,2,8)",7,1,6.5,False,"(*17,5)(4,6)-12(9,15)(3,16,1)7(13,11,14)(10,2,8)",6,2,3.5,False,"(*6,5)(17,1,8)(4,12,15)(9,16,7)(10,13,3,14)11,2",9,3,0.0,False,"6(17,5,8)(4,1,15)(12,7,14)16(10,9,11)(13,3,2)",12,3,0.0,False,-16,土曜に比べると南風がやや強く、速い時計が出やすかった。速い上がりが要求される外差し馬場で人気と実力通りの決着が多かった。
202308020711,11,第84回菊花賞(GI),芝,3000,晴,良,15:40,2023-10-22,京都,16,2,4,2020103413,ダノントルネード,牡3,57,01171,西村淳也,3:06.7,9,4-3-6-5,38.0,177.2,14,508(-6),01137,[西]中内田充,619800,ダノックス,,"17,5-6(4,12)15,9,16(3,7)(13,11,14,1)(10,2,8)",4,2,5.0,False,"(*17,5)(4,6)-12(9,15)(3,16,1)7(13,11,14)(10,2,8)",3,2,0.0,False,"(*6,5)(17,1,8)(4,12,15)(9,16,7)(10,13,3,14)11,2",6,3,0.0,False,"6(17,5,8)(4,1,15)(12,7,14)16(10,9,11)(13,3,2)",5,3,0.0,False,-16,土曜に比べると南風がやや強く、速い時計が出やすかった。速い上がりが要求される外差し馬場で人気と実力通りの決着が多かった。
202308020711,11,第84回菊花賞(GI),芝,3000,晴,良,15:40,2023-10-22,京都,17,3,5,2020103496,パクスオトマニカ,牡3,57,01075,田辺裕信,3:07.8,7,2-2-2-2,39.5,299.2,17,472(-6),01067,[東]久保田貴,208008,窪田芳郎,,"17,5-6(4,12)15,9,16(3,7)(13,11,14,1)(10,2,8)",2,1,1.5,False,"(*17,5)(4,6)-12(9,15)(3,16,1)7(13,11,14)(10,2,8)",2,2,0.0,False,"(*6,5)(17,1,8)(4,12,15)(9,16,7)(10,13,3,14)11,2",2,2,0.0,False,"6(17,5,8)(4,1,15)(12,7,14)16(10,9,11)(13,3,2)",2,3,0.0,False,-16,土曜に比べると南風がやや強く、速い時計が出やすかった。速い上がりが要求される外差し馬場で人気と実力通りの決着が多かった。
202308020712,12,桂川S(3勝),ダ,1400,晴,良,16:25,2023-10-22,京都,1,2,2,2020110007,ペースセッティング,牡3,56,01180,団野大成,1:23.3,,3-2,35.8,3.5,2,490(-2),00438,[西]安田隆行,506800,シルクレーシング,"1,869.4",,,,,,,,,,,"1,7(2,11)(4,10,12)(6,8)3,9,13,14,5",3,2,1.5,False,"1(2,7)11(4,10,12)(3,6,8)(9,13)(14,5)",2,2,0.0,False,-3,
202308020712,12,桂川S(3勝),ダ,1400,晴,良,16:25,2023-10-22,京都,2,6,10,2019100631,フォーチュンテラー,牡4,56,01157,鮫島克駿,1:24.0,4,5-5,36.2,6.1,4,482(+8),01138,[西]浜田多実,788800,ノースヒルズ,748.4,,,,,,,,,,,"1,7(2,11)(4,10,12)(6,8)3,9,13,14,5",5,3,1.5,False,"1(2,7)11(4,10,12)(3,6,8)(9,13)(14,5)",5,3,0.0,False,-3,
202308020712,12,桂川S(3勝),ダ,1400,晴,良,16:25,2023-10-22,京都,3,8,13,2018104481,ヴアーサ,牡5,56,01154,松若風馬,1:24.1,3/4,12-11,35.6,3.4,1,460(+2),01046,[西]鮫島一歩,694008,本間茂,464.2,,,,,,,,,,,"1,7(2,11)(4,10,12)(6,8)3,9,13,14,5",12,1,4.5,False,"1(2,7)11(4,10,12)(3,6,8)(9,13)(14,5)",11,2,0.0,False,-3,
202308020712,12,桂川S(3勝),ダ,1400,晴,良,16:25,2023-10-22,京都,4,1,1,2017106264,ビアイ,牝6,53,01128,川須栄彦,1:24.3,1.1/4,1-1,37.0,63.9,10,530(+4),01188,[西]畑端省吾,297007,副島義久,280.0,,,,,,,,,,,"1,7(2,11)(4,10,12)(6,8)3,9,13,14,5",1,1,0.0,False,"1(2,7)11(4,10,12)(3,6,8)(9,13)(14,5)",1,1,0.0,False,-3,
202308020712,12,桂川S(3勝),ダ,1400,晴,良,16:25,2023-10-22,京都,5,3,4,2012100683,マイネルプロンプト,セ11,54,01208,田口貫太,1:24.3,アタマ,5-5,36.5,24.9,8,480(-2),01170,[西]坂口智康,684030,岡田壮史,184.0,,,,,,,,,,,"1,7(2,11)(4,10,12)(6,8)3,9,13,14,5",5,3,1.5,False,"1(2,7)11(4,10,12)(3,6,8)(9,13)(14,5)",5,3,0.0,False,-3,
202308020712,12,桂川S(3勝),ダ,1400,晴,良,16:25,2023-10-22,京都,6,4,6,2017105807,メイショウオーギシ,牡6,55,00666,武豊,1:24.5,1.1/4,8-8,36.5,12.4,6,496(+4),01139,[西]飯田祐史,523005,松本好雄,,,,,,,,,,,,"1,7(2,11)(4,10,12)(6,8)3,9,13,14,5",8,2,1.5,False,"1(2,7)11(4,10,12)(3,6,8)(9,13)(14,5)",8,3,0.0,False,-3,
202308020712,12,桂川S(3勝),ダ,1400,晴,良,16:25,2023-10-22,京都,7,8,14,2019105446,グットディール,セ4,56,01122,三浦皇成,1:24.6,1/2,13-13,36.0,11.4,5,492(0),01105,[西]須貝尚介,271008,安原浩司,,,,,,,,,,,,"1,7(2,11)(4,10,12)(6,8)3,9,13,14,5",13,1,6.0,False,"1(2,7)11(4,10,12)(3,6,8)(9,13)(14,5)",13,2,0.0,False,-3,
202308020712,12,桂川S(3勝),ダ,1400,晴,良,16:25,2023-10-22,京都,8,4,5,2019103971,クレスコジョケツ,牝4,53,01138,藤懸貴志,1:24.8,1.1/4,14-13,36.0,96.6,13,482(-12),01033,[西]木原一良,143007,堀川三郎,,,,,,,,,,,,"1,7(2,11)(4,10,12)(6,8)3,9,13,14,5",14,1,7.5,False,"1(2,7)11(4,10,12)(3,6,8)(9,13)(14,5)",13,2,0.0,False,-3,
202308020712,12,桂川S(3勝),ダ,1400,晴,良,16:25,2023-10-22,京都,9,6,9,2019101736,イイネイイネイイネ,牡4,52,01125,国分優作,1:25.0,1.1/2,11-11,36.7,125.8,14,450(0),01085,[西]小崎憲,554008,吉田勝利,,,,,,,,,,,,"1,7(2,11)(4,10,12)(6,8)3,9,13,14,5",11,1,3.0,False,"1(2,7)11(4,10,12)(3,6,8)(9,13)(14,5)",11,2,0.0,False,-3,
202308020712,12,桂川S(3勝),ダ,1400,晴,良,16:25,2023-10-22,京都,10,7,11,2017100403,プライムライン,セ6,56,01088,川田将雅,1:25.1,3/4,3-4,37.4,5.2,3,456(-22),01180,[西]田中克典,553800,広尾レース,,,,,,,,,,,,"1,7(2,11)(4,10,12)(6,8)3,9,13,14,5",3,2,1.5,False,"1(2,7)11(4,10,12)(3,6,8)(9,13)(14,5)",4,1,0.0,False,-3,
202308020712,12,桂川S(3勝),ダ,1400,晴,良,16:25,2023-10-22,京都,11,5,8,2018106345,スズカマクフィ,牝5,52,01199,角田大河,1:25.3,1,8-8,37.2,46.2,9,446(+2),01023,[東]伊藤圭三,382004,永井啓弍,,,,,,,,,,,,"1,7(2,11)(4,10,12)(6,8)3,9,13,14,5",8,2,1.5,False,"1(2,7)11(4,10,12)(3,6,8)(9,13)(14,5)",8,3,0.0,False,-3,
202308020712,12,桂川S(3勝),ダ,1400,晴,良,16:25,2023-10-22,京都,12,7,12,2019106604,スミ,牝4,52,01185,小沢大仁,1:25.4,1/2,5-5,37.5,91.1,12,482(-4),01136,[西]高橋亮,010803,市川義美ホールディン...,,,,,,,,,,,,"1,7(2,11)(4,10,12)(6,8)3,9,13,14,5",5,3,1.5,False,"1(2,7)11(4,10,12)(3,6,8)(9,13)(14,5)",5,3,0.0,False,-3,
202308020712,12,桂川S(3勝),ダ,1400,晴,良,16:25,2023-10-22,京都,13,3,3,2018102270,ケイサンフリーゼ,牝5,51,05429,岡田祥嗣,1:25.6,1.1/4,10-8,37.5,85.7,11,500(0),01188,[西]畑端省吾,208033,中西桂子,,,,,,,,,,,,"1,7(2,11)(4,10,12)(6,8)3,9,13,14,5",10,1,1.5,False,"1(2,7)11(4,10,12)(3,6,8)(9,13)(14,5)",8,3,0.0,False,-3,
202308020712,12,桂川S(3勝),ダ,1400,晴,良,16:25,2023-10-22,京都,14,5,7,2016110085,タイミングナウ,セ7,55,01115,浜中俊,1:26.0,2.1/2,2-2,38.6,24.8,7,482(-2),01184,[西]四位洋文,002803,キーファーズ,,,,,,,,,,,,"1,7(2,11)(4,10,12)(6,8)3,9,13,14,5",2,1,1.5,False,"1(2,7)11(4,10,12)(3,6,8)(9,13)(14,5)",2,2,0.0,False,-3,
202304040401,1,2歳未勝利,芝,1800,曇,重,09:50,2023-10-22,新潟,1,8,8,2021105160,カエルム,牡2,56,01178,斎藤新,1:49.8,,3-4,34.8,4.3,2,476(+2),01164,[西]安田翔伍,708800,金子真人ホールディン...,550.0,,,,,,,,,,,"9,3(1,7,8)4(5,6)=2",3,3,1.5,False,"9(1,3)(7,8)(4,6)5-2",4,2,0.0,False,10,
202304040401,1,2歳未勝利,芝,1800,曇,重,09:50,2023-10-22,新潟,2,6,6,2021100151,ロードアフェット,牡2,56,01091,丹内祐次,1:50.0,3/4,7-6,34.7,7.0,5,432(-4),01118,[東]高柳瑞樹,170800,ロードホースクラブ,220.0,,,,,,,,,,,"9,3(1,7,8)4(5,6)=2",7,2,1.5,False,"9(1,3)(7,8)(4,6)5-2",6,2,0.0,False,10,
202304040401,1,2歳未勝利,芝,1800,曇,重,09:50,2023-10-22,新潟,3,8,9,2021101157,ゲンヨウサイ,牡2,56,01077,石橋脩,1:50.0,ハナ,1-1,35.2,3.4,1,480(+6),01196,[西]西園翔太,646030,中辻明,140.0,,,,,,,,,,,"9,3(1,7,8)4(5,6)=2",1,1,0.0,False,"9(1,3)(7,8)(4,6)5-2",1,1,0.0,False,10,
202304040401,1,2歳未勝利,芝,1800,曇,重,09:50,2023-10-22,新潟,4,1,1,2021105285,ライフセービング,牡2,56,01015,古川吉洋,1:50.3,2,3-2,35.3,5.1,3,446(+6),01018,[西]宮徹,758005,吉田照哉,83.0,,,,,,,,,,,"9,3(1,7,8)4(5,6)=2",3,3,1.5,False,"9(1,3)(7,8)(4,6)5-2",2,2,0.0,False,10,
202304040401,1,2歳未勝利,芝,1800,曇,重,09:50,2023-10-22,新潟,5,4,4,2021104132,オンザプラネット,牡2,53,01187,永島まな,1:50.7,2.1/2,6-6,35.3,14.3,6,484(-4),00429,[西]佐々木晶,308033,久保田定,55.0,,,,,,,,,,,"9,3(1,7,8)4(5,6)=2",6,1,1.5,False,"9(1,3)(7,8)(4,6)5-2",6,2,0.0,False,10,
202304040401,1,2歳未勝利,芝,1800,曇,重,09:50,2023-10-22,新潟,6,7,7,2021104488,フォーゲルヴァイデ,牡2,56,01135,杉原誠人,1:50.8,クビ,3-4,35.7,23.3,7,478(+2),01174,[東]深山雅史,629800,ミルファーム,,,,,,,,,,,,"9,3(1,7,8)4(5,6)=2",3,3,1.5,False,"9(1,3)(7,8)(4,6)5-2",4,2,0.0,False,10,
202304040401,1,2歳未勝利,芝,1800,曇,重,09:50,2023-10-22,新潟,7,3,3,2021106574,マグナレガリア,牡2,55,01192,横山琉人,1:51.2,2.1/2,2-2,36.3,5.1,4,470(-8),01020,[東]相沢郁,547800,ヒダカ・ブリーダーズ...,,,,,,,,,,,,"9,3(1,7,8)4(5,6)=2",2,1,1.5,False,"9(1,3)(7,8)(4,6)5-2",2,2,0.0,False,10,
202304040401,1,2歳未勝利,芝,1800,曇,重,09:50,2023-10-22,新潟,8,5,5,2021104712,トーセンブレンダ,牝2,52,01205,小林勝太,1:51.6,2.1/2,7-8,36.2,89.9,8,442(+8),01008,[東]杉浦宏昭,270006,島川隆哉,,,,,,,,,,,,"9,3(1,7,8)4(5,6)=2",7,2,1.5,False,"9(1,3)(7,8)(4,6)5-2",8,1,0.0,False,10,
202304040401,1,2歳未勝利,芝,1800,曇,重,09:50,2023-10-22,新潟,9,2,2,2021106667,サノノブレイダー,牡2,55,01181,秋山稔樹,1:52.0,2,9-9,35.9,298.4,9,452(+4),01131,[東]蛯名利弘,735033,佐野信幸,,,,,,,,,,,,"9,3(1,7,8)4(5,6)=2",9,1,7.5,False,"9(1,3)(7,8)(4,6)5-2",9,1,3.5,False,10,
202304040402,2,2歳未勝利,芝,1600,曇,重,10:15,2023-10-22,新潟,1,7,9,2021105202,ポエットリー,牝2,52,01187,永島まな,1:36.8,,8-7,34.3,1.4,1,454(-4),01082,[西]平田修,479033,吉田昌久,550.0,,,,,,,,,,,"6-(5,10)(3,8,11)1,9(2,4)-7",8,1,5.0,False,"6-(5,10)(3,8,11)(1,9,4)2,7",7,3,3.5,False,10,
202304040402,2,2歳未勝利,芝,1600,曇,重,10:15,2023-10-22,新潟,2,3,3,2021104745,イノセントキャット,牝2,55,01095,吉田隼人,1:36.9,クビ,4-4,34.7,24.1,5,444(-14),01067,[東]久保田貴,808800,Ｇ１レーシング,220.0,,,,,,,,,,,"6-(5,10)(3,8,11)1,9(2,4)-7",4,3,3.5,False,"6-(5,10)(3,8,11)(1,9,4)2,7",4,3,3.5,False,10,
202304040402,2,2歳未勝利,芝,1600,曇,重,10:15,2023-10-22,新潟,3,6,6,2021106627,インフルブルーム,牝2,51,01190,古川奈穂,1:37.2,1.3/4,1-1,35.4,7.5,3,440(0),01075,[西]矢作芳人,788800,ノースヒルズ,140.0,,,,,,,,,,,"6-(5,10)(3,8,11)1,9(2,4)-7",1,1,0.0,False,"6-(5,10)(3,8,11)(1,9,4)2,7",1,1,0.0,False,10,
202304040402,2,2歳未勝利,芝,1600,曇,重,10:15,2023-10-22,新潟,4,1,1,2021101026,エコロアモーレ,牝2,55,01015,古川吉洋,1:37.4,1.1/2,7-7,34.9,37.5,8,462(-6),01113,[西]牧浦充徳,783033,原村正紀,83.0,,,,,,,,,,,"6-(5,10)(3,8,11)1,9(2,4)-7",7,1,3.5,False,"6-(5,10)(3,8,11)(1,9,4)2,7",7,3,3.5,False,10,
202304040402,2,2歳未勝利,芝,1600,曇,重,10:15,2023-10-22,新潟,5,7,8,2021106993,サクソンジェンヌ,牝2,55,01168,富田暁,1:37.5,1/2,4-4,35.2,6.3,2,450(-4),01129,[西]高橋義忠,520031,福盛訓之,55.0,,,,,,,,,,,"6-(5,10)(3,8,11)1,9(2,4)-7",4,3,3.5,False,"6-(5,10)(3,8,11)(1,9,4)2,7",4,3,3.5,False,10,
202304040402,2,2歳未勝利,芝,1600,曇,重,10:15,2023-10-22,新潟,6,2,2,2021104372,キョウエイスピール,牝2,53,01177,小林凌大,1:37.6,1/2,9-10,34.9,223.4,10,452(-4),01031,[東]伊藤伸一,619002,田中晴夫,,,,,,,,,,,,"6-(5,10)(3,8,11)1,9(2,4)-7",9,2,5.0,False,"6-(5,10)(3,8,11)(1,9,4)2,7",10,1,3.5,False,10,
202304040402,2,2歳未勝利,芝,1600,曇,重,10:15,2023-10-22,新潟,7,6,7,2021106961,ネクタール,牝2,54,01184,原優介,1:37.8,1,11-11,34.9,297.8,11,406(-2),01005,[東]小桧山悟,822031,新井利宜,,,,,,,,,,,,"6-(5,10)(3,8,11)1,9(2,4)-7",11,1,8.5,False,"6-(5,10)(3,8,11)(1,9,4)2,7",11,1,5.0,False,10,
202304040402,2,2歳未勝利,芝,1600,曇,重,10:15,2023-10-22,新潟,8,8,10,2021100265,コミックガール,牝2,54,01186,角田大和,1:37.9,3/4,2-2,35.8,32.6,6,412(+8),01192,[東]上原佑紀,320803,古賀禎彦,,,,,,,,,,,,"6-(5,10)(3,8,11)1,9(2,4)-7",2,2,3.5,False,"6-(5,10)(3,8,11)(1,9,4)2,7",2,2,3.5,False,10,
202304040402,2,2歳未勝利,芝,1600,曇,重,10:15,2023-10-22,新潟,9,5,5,2021104933,カントゥータ,牝2,55,01178,斎藤新,1:38.1,1.1/2,2-2,36.0,8.5,4,450(0),01181,[西]茶木太樹,808800,Ｇ１レーシング,,,,,,,,,,,,"6-(5,10)(3,8,11)1,9(2,4)-7",2,2,3.5,False,"6-(5,10)(3,8,11)(1,9,4)2,7",2,2,3.5,False,10,
202304040402,2,2歳未勝利,芝,1600,曇,重,10:15,2023-10-22,新潟,10,4,4,2021107212,ファイントパーズ,牝2,51,01206,小林美駒,1:38.1,クビ,9-7,35.5,168.0,9,472(+2),01026,[東]鈴木伸尋,047030,村山卓也,,,,,,,,,,,,"6-(5,10)(3,8,11)1,9(2,4)-7",9,2,5.0,False,"6-(5,10)(3,8,11)(1,9,4)2,7",7,3,3.5,False,10,
202304040402,2,2歳未勝利,芝,1600,曇,重,10:15,2023-10-22,新潟,11,8,11,2021103087,クレミーノ,牝2,55,01127,丸山元気,1:38.8,4,4-4,36.5,36.3,7,468(-2),01143,[東]和田雄二,547800,ヒダカ・ブリーダーズ...,,,,,,,,,,,,"6-(5,10)(3,8,11)1,9(2,4)-7",4,3,3.5,False,"6-(5,10)(3,8,11)(1,9,4)2,7",4,3,3.5,False,10,
202304040403,3,3歳以上1勝クラス,ダ,1800,曇,重,10:45,2023-10-22,新潟,1,5,6,2018104517,フロンタルクリス,牡5,58,01161,菊沢一樹,1:53.0,,7-7-6-6,38.5,30.2,10,496(-6),01177,[東]伊坂重信,665033,高橋正雄,800.0,"2,3(7,13)9,10(5,6,8)(4,11)1-12",7,3,3.0,False,"2,3(7,13)(10,9)6(5,4,8,11)1-12",7,1,1.5,False,"2(3,13)(7,10)(6,8,11)(4,9,12)(5,1)",6,3,0.0,False,"(*2,13)7(3,10)(6,11,12)(4,8)(5,1)9",6,3,0.0,False,-9,
202304040403,3,3歳以上1勝クラス,ダ,1800,曇,重,10:45,2023-10-22,新潟,2,5,7,2020103888,ベルシャンソン,牝3,51,01201,水沼元輝,1:53.1,1/2,3-3-4-3,38.8,2.7,1,470(+4),01187,[東]西田雄一,854800,ノルマンディーサラブ...,320.0,"2,3(7,13)9,10(5,6,8)(4,11)1-12",3,2,1.5,False,"2,3(7,13)(10,9)6(5,4,8,11)1-12",3,2,1.5,False,"2(3,13)(7,10)(6,8,11)(4,9,12)(5,1)",4,2,0.0,False,"(*2,13)7(3,10)(6,11,12)(4,8)(5,1)9",3,1,0.0,False,-9,
202304040403,3,3歳以上1勝クラス,ダ,1800,曇,重,10:45,2023-10-22,新潟,3,8,12,2019106107,チョッピー,牝4,53,01187,永島まな,1:53.2,1/2,13-13-9-6,38.3,5.7,2,468(+6),01078,[西]北出成人,370008,岡浩二,200.0,"2,3(7,13)9,10(5,6,8)(4,11)1-12",13,1,6.5,False,"2,3(7,13)(10,9)6(5,4,8,11)1-12",13,1,5.0,False,"2(3,13)(7,10)(6,8,11)(4,9,12)(5,1)",9,3,0.0,False,"(*2,13)7(3,10)(6,11,12)(4,8)(5,1)9",6,3,0.0,False,-9,
202304040403,3,3歳以上1勝クラス,ダ,1800,曇,重,10:45,2023-10-22,新潟,4,4,4,2020101020,ペイシャモノノフ,牡3,53,01195,川端海翼,1:53.7,3,10-8-9-9,38.9,14.7,7,474(+10),01188,[西]畑端省吾,163002,北所直人,120.0,"2,3(7,13)9,10(5,6,8)(4,11)1-12",10,2,3.0,False,"2,3(7,13)(10,9)6(5,4,8,11)1-12",8,4,1.5,False,"2(3,13)(7,10)(6,8,11)(4,9,12)(5,1)",9,3,0.0,False,"(*2,13)7(3,10)(6,11,12)(4,8)(5,1)9",9,2,0.0,False,-9,
202304040403,3,3歳以上1勝クラス,ダ,1800,曇,重,10:45,2023-10-22,新潟,5,1,1,2018101662,ヴォーグマチネ,牡5,58,01131,西村太一,1:53.7,アタマ,12-12-12-11,38.5,42.1,12,498(+4),01189,[東]堀内岳志,893030,志村幸彦,80.0,"2,3(7,13)9,10(5,6,8)(4,11)1-12",12,1,3.0,False,"2,3(7,13)(10,9)6(5,4,8,11)1-12",12,1,1.5,False,"2(3,13)(7,10)(6,8,11)(4,9,12)(5,1)",12,2,0.0,False,"(*2,13)7(3,10)(6,11,12)(4,8)(5,1)9",11,2,0.0,False,-9,
202304040403,3,3歳以上1勝クラス,ダ,1800,曇,重,10:45,2023-10-22,新潟,6,8,13,2019101753,アオカミ,セ4,57,01184,原優介,1:53.9,1.1/4,3-3-2-2,39.8,25.2,9,488(+14),01100,[東]松山将樹,081700,プレミアムレースホー...,,"2,3(7,13)9,10(5,6,8)(4,11)1-12",3,2,1.5,False,"2,3(7,13)(10,9)6(5,4,8,11)1-12",3,2,1.5,False,"2(3,13)(7,10)(6,8,11)(4,9,12)(5,1)",2,2,0.0,False,"(*2,13)7(3,10)(6,11,12)(4,8)(5,1)9",2,2,0.0,False,-9,
202304040403,3,3歳以上1勝クラス,ダ,1800,曇,重,10:45,2023-10-22,新潟,7,4,5,2020101508,ジャックパール,牡3,53,01205,小林勝太,1:54.0,1/2,7-8-12-11,38.9,8.1,4,450(+2),01179,[東]鈴木慎太,838030,吉川朋宏,,"2,3(7,13)9,10(5,6,8)(4,11)1-12",7,3,3.0,False,"2,3(7,13)(10,9)6(5,4,8,11)1-12",8,4,1.5,False,"2(3,13)(7,10)(6,8,11)(4,9,12)(5,1)",12,2,0.0,False,"(*2,13)7(3,10)(6,11,12)(4,8)(5,1)9",11,2,0.0,False,-9,
202304040403,3,3歳以上1勝クラス,ダ,1800,曇,重,10:45,2023-10-22,新潟,8,2,2,2020101919,ダイメイセブン,牡3,55,01182,泉谷楓真,1:54.3,1.3/4,1-1-1-1,40.4,13.4,6,512(+24),01099,[西]本田優,177033,宮本昇,,"2,3(7,13)9,10(5,6,8)(4,11)1-12",1,1,0.0,False,"2,3(7,13)(10,9)6(5,4,8,11)1-12",1,1,0.0,False,"2(3,13)(7,10)(6,8,11)(4,9,12)(5,1)",1,1,0.0,False,"(*2,13)7(3,10)(6,11,12)(4,8)(5,1)9",1,2,0.0,True,-9,
202304040403,3,3歳以上1勝クラス,ダ,1800,曇,重,10:45,2023-10-22,新潟,9,7,10,2020101377,ターコイズデュー,牝3,54,01009,柴田大知,1:54.3,アタマ,6-5-4-4,40.0,24.2,8,516(+4),01048,[東]畠山吉宏,888800,ＣＨＥＶＡＬＡＴＴＡ...,,"2,3(7,13)9,10(5,6,8)(4,11)1-12",6,1,3.0,False,"2,3(7,13)(10,9)6(5,4,8,11)1-12",5,2,1.5,False,"2(3,13)(7,10)(6,8,11)(4,9,12)(5,1)",4,2,0.0,False,"(*2,13)7(3,10)(6,11,12)(4,8)(5,1)9",4,2,0.0,False,-9,
202304040403,3,3歳以上1勝クラス,ダ,1800,曇,重,10:45,2023-10-22,新潟,10,7,11,2019104635,シャドウアイル,セ4,58,01168,富田暁,1:54.5,1,10-8-6-6,40.0,6.7,3,484(+17),01151,[西]斉藤崇史,308002,飯塚知一,,"2,3(7,13)9,10(5,6,8)(4,11)1-12",10,2,3.0,False,"2,3(7,13)(10,9)6(5,4,8,11)1-12",8,4,1.5,False,"2(3,13)(7,10)(6,8,11)(4,9,12)(5,1)",6,3,0.0,False,"(*2,13)7(3,10)(6,11,12)(4,8)(5,1)9",6,3,0.0,False,-9,
202304040403,3,3歳以上1勝クラス,ダ,1800,曇,重,10:45,2023-10-22,新潟,11,6,8,2018103437,ミルトボス,牡5,57,01186,角田大和,1:54.9,2.1/2,7-8-6-9,40.4,123.2,13,512(0),01039,[西]中竹和也,695033,永山勝敏,,"2,3(7,13)9,10(5,6,8)(4,11)1-12",7,3,3.0,False,"2,3(7,13)(10,9)6(5,4,8,11)1-12",8,4,1.5,False,"2(3,13)(7,10)(6,8,11)(4,9,12)(5,1)",6,3,0.0,False,"(*2,13)7(3,10)(6,11,12)(4,8)(5,1)9",9,2,0.0,False,-9,
202304040403,3,3歳以上1勝クラス,ダ,1800,曇,重,10:45,2023-10-22,新潟,12,3,3,2019103132,ブリンディジ,牡4,58,01091,丹内祐次,1:56.6,10,2-2-2-4,42.5,8.5,5,560(+2),01051,[東]岩戸孝樹,518002,山田弘,,"2,3(7,13)9,10(5,6,8)(4,11)1-12",2,1,1.5,False,"2,3(7,13)(10,9)6(5,4,8,11)1-12",2,1,1.5,False,"2(3,13)(7,10)(6,8,11)(4,9,12)(5,1)",2,2,0.0,False,"(*2,13)7(3,10)(6,11,12)(4,8)(5,1)9",4,2,0.0,False,-9,
202304040403,3,3歳以上1勝クラス,ダ,1800,曇,重,10:45,2023-10-22,新潟,13,6,9,2020104354,ジャクソン,牡3,56,01077,石橋脩,1:57.1,3,5-5-9-13,42.2,30.3,11,496(+10),01089,[東]武市康男,768006,薪浦亨,,"2,3(7,13)9,10(5,6,8)(4,11)1-12",5,1,1.5,False,"2,3(7,13)(10,9)6(5,4,8,11)1-12",5,2,1.5,False,"2(3,13)(7,10)(6,8,11)(4,9,12)(5,1)",9,3,0.0,False,"(*2,13)7(3,10)(6,11,12)(4,8)(5,1)9",13,1,0.0,False,-9,
202304040404,4,障害3歳以上未勝利,芝,2850,曇,重,11:15,2023-10-22,新潟,1,6,10,2018105605,セブンデイズ,牡5,60,01087,上野翔,3:07.6,,2-2-1-1,13.2,1.6,1,492(-4),01162,[東]田中博康,903007,前迫義幸,790.0,"(*14,10)1(5,11,9)(6,2,3)(13,7)4-8-12",2,2,0.0,False,"(*14,10)(5,11,1)(6,2)-(3,9,7)13,4=(12,8)",2,2,0.0,False,"10,11(5,1,4)(2,14,7)3-(13,6)=8-9=12",1,1,0.0,False,"10(11,4)5,1,7(14,2,3)6,13=8=9=12",1,1,0.0,False,,
202304040404,4,障害3歳以上未勝利,芝,2850,曇,重,11:15,2023-10-22,新潟,2,7,11,2017106372,ワールドスケール,牡6,60,01196,小牧加矢,3:08.7,7,4-3-2-2,13.2,4.8,2,488(+4),01107,[西]村山明,363800,三嶋牧場,320.0,"(*14,10)1(5,11,9)(6,2,3)(13,7)4-8-12",4,3,0.0,False,"(*14,10)(5,11,1)(6,2)-(3,9,7)13,4=(12,8)",3,3,0.0,False,"10,11(5,1,4)(2,14,7)3-(13,6)=8-9=12",2,1,1.5,False,"10(11,4)5,1,7(14,2,3)6,13=8=9=12",2,2,0.0,False,,
202304040404,4,障害3歳以上未勝利,芝,2850,曇,重,11:15,2023-10-22,新潟,3,4,5,2018103266,メルテミア,牡5,60,01066,難波剛健,3:09.0,1.3/4,4-3-3-4,13.3,85.0,10,466(-2),01194,[西]小栗実,473008,武田茂男,200.0,"(*14,10)1(5,11,9)(6,2,3)(13,7)4-8-12",4,3,0.0,False,"(*14,10)(5,11,1)(6,2)-(3,9,7)13,4=(12,8)",3,3,0.0,False,"10,11(5,1,4)(2,14,7)3-(13,6)=8-9=12",3,3,1.5,False,"10(11,4)5,1,7(14,2,3)6,13=8=9=12",4,1,0.0,False,,
202304040404,4,障害3歳以上未勝利,芝,2850,曇,重,11:15,2023-10-22,新潟,4,2,2,2019105826,ホウオウフラッシュ,牝4,58,01023,江田勇亮,3:09.2,1,7-6-6-7,13.3,38.9,7,454(+2),01100,[東]松山将樹,906033,小笹芳央,120.0,"(*14,10)1(5,11,9)(6,2,3)(13,7)4-8-12",7,3,0.0,False,"(*14,10)(5,11,1)(6,2)-(3,9,7)13,4=(12,8)",6,2,0.0,False,"10,11(5,1,4)(2,14,7)3-(13,6)=8-9=12",6,3,1.5,False,"10(11,4)5,1,7(14,2,3)6,13=8=9=12",7,3,3.0,False,,
202304040404,4,障害3歳以上未勝利,芝,2850,曇,重,11:15,2023-10-22,新潟,5,3,4,2018105328,アルマドラード,セ5,60,01113,草野太郎,3:09.5,1.3/4,12-12-3-2,13.3,12.5,4,520(-4),01175,[東]宮田敬介,486800,キャロットファーム,79.0,"(*14,10)1(5,11,9)(6,2,3)(13,7)4-8-12",12,1,0.0,False,"(*14,10)(5,11,1)(6,2)-(3,9,7)13,4=(12,8)",12,1,5.0,False,"10,11(5,1,4)(2,14,7)3-(13,6)=8-9=12",3,3,1.5,False,"10(11,4)5,1,7(14,2,3)6,13=8=9=12",2,2,0.0,False,,
202304040404,4,障害3歳以上未勝利,芝,2850,曇,重,11:15,2023-10-22,新潟,6,3,3,2017101525,ネオストーリー,牡6,57,01201,水沼元輝,3:09.6,1/2,7-8-9-7,13.3,20.1,5,492(0),00423,[東]上原博之,477030,藤澤眞佐子,,"(*14,10)1(5,11,9)(6,2,3)(13,7)4-8-12",7,3,0.0,False,"(*14,10)(5,11,1)(6,2)-(3,9,7)13,4=(12,8)",8,3,3.5,False,"10,11(5,1,4)(2,14,7)3-(13,6)=8-9=12",9,1,1.5,False,"10(11,4)5,1,7(14,2,3)6,13=8=9=12",7,3,3.0,False,,
202304040404,4,障害3歳以上未勝利,芝,2850,曇,重,11:15,2023-10-22,新潟,7,4,6,2020103877,アサクサアダム,牡3,58,01068,蓑島靖典,3:09.8,1.1/4,7-6-10-10,13.3,59.0,9,490(+2),01054,[東]戸田博文,353031,櫻井素子,,"(*14,10)1(5,11,9)(6,2,3)(13,7)4-8-12",7,3,0.0,False,"(*14,10)(5,11,1)(6,2)-(3,9,7)13,4=(12,8)",6,2,0.0,False,"10,11(5,1,4)(2,14,7)3-(13,6)=8-9=12",10,2,5.0,False,"10(11,4)5,1,7(14,2,3)6,13=8=9=12",10,1,3.0,False,,
202304040404,4,障害3歳以上未勝利,芝,2850,曇,重,11:15,2023-10-22,新潟,8,1,1,2019105029,ロックバウンド,牡4,60,01005,西谷誠,3:10.0,1.1/4,3-3-3-5,13.3,4.9,3,474(+4),01083,[西]松永昌博,226800,サンデーレーシング,,"(*14,10)1(5,11,9)(6,2,3)(13,7)4-8-12",3,1,0.0,False,"(*14,10)(5,11,1)(6,2)-(3,9,7)13,4=(12,8)",3,3,0.0,False,"10,11(5,1,4)(2,14,7)3-(13,6)=8-9=12",3,3,1.5,False,"10(11,4)5,1,7(14,2,3)6,13=8=9=12",5,1,1.5,False,,
202304040404,4,障害3歳以上未勝利,芝,2850,曇,重,11:15,2023-10-22,新潟,9,5,7,2017101556,スカイテラス,牡6,60,01059,石神深一,3:10.2,1.1/2,10-8-6-6,13.3,36.5,6,504(+12),01114,[東]和田正一,911800,スピードファーム,,"(*14,10)1(5,11,9)(6,2,3)(13,7)4-8-12",10,2,0.0,False,"(*14,10)(5,11,1)(6,2)-(3,9,7)13,4=(12,8)",8,3,3.5,False,"10,11(5,1,4)(2,14,7)3-(13,6)=8-9=12",6,3,1.5,False,"10(11,4)5,1,7(14,2,3)6,13=8=9=12",6,1,3.0,False,,
202304040404,4,障害3歳以上未勝利,芝,2850,曇,重,11:15,2023-10-22,新潟,10,8,13,2019106307,パワータイショウ,牡4,60,01123,小野寺祐,3:10.7,3,10-11-10-11,13.4,53.0,8,538(+2),01107,[西]村山明,772002,西村新一郎,,"(*14,10)1(5,11,9)(6,2,3)(13,7)4-8-12",10,2,0.0,False,"(*14,10)(5,11,1)(6,2)-(3,9,7)13,4=(12,8)",11,1,3.5,False,"10,11(5,1,4)(2,14,7)3-(13,6)=8-9=12",10,2,5.0,False,"10(11,4)5,1,7(14,2,3)6,13=8=9=12",11,1,4.5,False,,
202304040404,4,障害3歳以上未勝利,芝,2850,曇,重,11:15,2023-10-22,新潟,11,8,14,2019102649,ガイフウカイセイ,牡4,60,01069,五十嵐雄,3:11.6,5,1-1-6-7,13.4,135.4,11,536(+7),01100,[東]松山将樹,603033,木村廣太,,"(*14,10)1(5,11,9)(6,2,3)(13,7)4-8-12",1,2,0.0,True,"(*14,10)(5,11,1)(6,2)-(3,9,7)13,4=(12,8)",1,2,0.0,True,"10,11(5,1,4)(2,14,7)3-(13,6)=8-9=12",6,3,1.5,False,"10(11,4)5,1,7(14,2,3)6,13=8=9=12",7,3,3.0,False,,
202304040404,4,障害3歳以上未勝利,芝,2850,曇,重,11:15,2023-10-22,新潟,12,5,8,2018104723,マグナムハート,牡5,60,01151,井上敏樹,3:15.0,大,13-13-12-12,13.7,246.1,13,506(+10),01090,[東]天間昭一,367033,杉浦和也,,"(*14,10)1(5,11,9)(6,2,3)(13,7)4-8-12",13,1,3.5,False,"(*14,10)(5,11,1)(6,2)-(3,9,7)13,4=(12,8)",13,2,11.0,False,"10,11(5,1,4)(2,14,7)3-(13,6)=8-9=12",12,1,11.0,False,"10(11,4)5,1,7(14,2,3)6,13=8=9=12",12,1,10.5,False,,
202304040404,4,障害3歳以上未勝利,芝,2850,曇,重,11:15,2023-10-22,新潟,13,6,9,2018101929,スカリーワグ,牡5,60,01061,大庭和弥,3:15.8,5,4-8-13-13,13.7,160.4,12,508(-7),01096,[東]粕谷昌央,547800,ヒダカ・ブリーダーズ...,,"(*14,10)1(5,11,9)(6,2,3)(13,7)4-8-12",4,3,0.0,False,"(*14,10)(5,11,1)(6,2)-(3,9,7)13,4=(12,8)",8,3,3.5,False,"10,11(5,1,4)(2,14,7)3-(13,6)=8-9=12",13,1,14.5,False,"10(11,4)5,1,7(14,2,3)6,13=8=9=12",13,1,16.5,False,,
202304040404,4,障害3歳以上未勝利,芝,2850,曇,重,11:15,2023-10-22,新潟,14,7,12,2020103905,スピリットクークス,牡3,58,01120,大江原圭,3:22.7,大,14-13-14-14,14.2,305.8,14,458(-2),01150,[東]池上昌和,851009,岡田牧雄,,"(*14,10)1(5,11,9)(6,2,3)(13,7)4-8-12",14,1,7.0,False,"(*14,10)(5,11,1)(6,2)-(3,9,7)13,4=(12,8)",13,2,11.0,False,"10,11(5,1,4)(2,14,7)3-(13,6)=8-9=12",14,1,20.5,False,"10(11,4)5,1,7(14,2,3)6,13=8=9=12",14,1,22.5,False,,
202304040405,5,2歳新馬,ダ,1800,曇,重,12:05,2023-10-22,新潟,1,8,15,2021105329,カーマンライン,牡2,55,01192,横山琉人,1:56.9,,13-12-10-8,38.4,9.7,5,488(0),01068,[東]小島茂之,854800,ノルマンディーサラブ...,720.0,"(*7,8,10)(1,4)(2,13)12-(6,11)-(9,14)=15,3,5",13,1,13.0,False,"(*7,8,10)(1,4,13)2,12(6,11)9=(15,14)(3,5)",12,2,7.5,False,"(7,*8,13,12)9(1,4)(11,2)(6,15)3(10,5)=14",10,2,0.0,False,"(7,*8,13,12)(1,9)4(11,2,15)(3,6)5-10=14",8,3,0.0,False,-9,
202304040405,5,2歳新馬,ダ,1800,曇,重,12:05,2023-10-22,新潟,2,5,8,2021105235,エンバーク,牡2,56,01091,丹内祐次,1:57.4,3+ハナ,2-2-1-1,39.6,11.3,6,482(0),01153,[東]中舘英二,758005,吉田照哉,290.0,"(*7,8,10)(1,4)(2,13)12-(6,11)-(9,14)=15,3,5",2,3,0.0,False,"(*7,8,10)(1,4,13)2,12(6,11)9=(15,14)(3,5)",2,3,0.0,False,"(7,*8,13,12)9(1,4)(11,2)(6,15)3(10,5)=14",1,4,0.0,True,"(7,*8,13,12)(1,9)4(11,2,15)(3,6)5-10=14",1,4,0.0,True,-9,
202304040405,5,2歳新馬,ダ,1800,曇,重,12:05,2023-10-22,新潟,3(降),4,7,2021102242,サンライズマウレア,牡2,53,01200,西塚洸二,1:57.4,,1-1-2-2,39.6,6.2,3,460(0),01072,[西]河内洋,306008,松岡隆雄,180.0,"(*7,8,10)(1,4)(2,13)12-(6,11)-(9,14)=15,3,5",1,3,0.0,True,"(*7,8,10)(1,4,13)2,12(6,11)9=(15,14)(3,5)",1,3,0.0,True,"(7,*8,13,12)9(1,4)(11,2)(6,15)3(10,5)=14",2,4,0.0,False,"(7,*8,13,12)(1,9)4(11,2,15)(3,6)5-10=14",2,4,0.0,False,-9,
202304040405,5,2歳新馬,ダ,1800,曇,重,12:05,2023-10-22,新潟,4,4,6,2021107280,グランドエスケープ,牡2,56,01112,荻野琢真,1:58.0,3.1/2,9-9-10-11,39.4,23.1,8,462(0),01041,[西]藤沢則雄,855030,田頭勇貴,110.0,"(*7,8,10)(1,4)(2,13)12-(6,11)-(9,14)=15,3,5",9,2,3.5,False,"(*7,8,10)(1,4,13)2,12(6,11)9=(15,14)(3,5)",9,2,1.5,False,"(7,*8,13,12)9(1,4)(11,2)(6,15)3(10,5)=14",10,2,0.0,False,"(7,*8,13,12)(1,9)4(11,2,15)(3,6)5-10=14",11,2,0.0,False,-9,
202304040405,5,2歳新馬,ダ,1800,曇,重,12:05,2023-10-22,新潟,5,3,5,2021104424,グラティアスミノル,牡2,53,01187,永島まな,1:58.1,3/4,15-14-13-13,39.0,34.5,10,490(0),01078,[西]北出成人,265008,吉岡實,72.0,"(*7,8,10)(1,4)(2,13)12-(6,11)-(9,14)=15,3,5",15,1,16.0,False,"(*7,8,10)(1,4,13)2,12(6,11)9=(15,14)(3,5)",14,2,7.5,False,"(7,*8,13,12)9(1,4)(11,2)(6,15)3(10,5)=14",13,2,0.0,False,"(7,*8,13,12)(1,9)4(11,2,15)(3,6)5-10=14",13,1,0.0,False,-9,
202304040405,5,2歳新馬,ダ,1800,曇,重,12:05,2023-10-22,新潟,6,7,12,2021101294,ヴィレッジアップ,牡2,56,01152,小崎綾也,1:58.6,2.1/2,8-8-2-2,40.7,4.2,2,470(0),01085,[西]小崎憲,286031,坂口慎吾,,"(*7,8,10)(1,4)(2,13)12-(6,11)-(9,14)=15,3,5",8,1,0.0,False,"(*7,8,10)(1,4,13)2,12(6,11)9=(15,14)(3,5)",8,1,1.5,False,"(7,*8,13,12)9(1,4)(11,2)(6,15)3(10,5)=14",2,4,0.0,False,"(7,*8,13,12)(1,9)4(11,2,15)(3,6)5-10=14",2,4,0.0,False,-9,
202304040405,5,2歳新馬,ダ,1800,曇,重,12:05,2023-10-22,新潟,7,2,3,2021101421,グリマルディ,牡2,56,01135,杉原誠人,1:58.7,3/4,14-14-12-11,39.8,57.8,13,522(0),01124,[東]大和田成,338007,村野康司,,"(*7,8,10)(1,4)(2,13)12-(6,11)-(9,14)=15,3,5",14,1,14.5,False,"(*7,8,10)(1,4,13)2,12(6,11)9=(15,14)(3,5)",14,2,7.5,False,"(7,*8,13,12)9(1,4)(11,2)(6,15)3(10,5)=14",12,1,0.0,False,"(7,*8,13,12)(1,9)4(11,2,15)(3,6)5-10=14",11,2,0.0,False,-9,
202304040405,5,2歳新馬,ダ,1800,曇,重,12:05,2023-10-22,新潟,8,2,2,2021101940,テイエムエースコ,牝2,55,01161,菊沢一樹,1:58.9,1,6-7-8-8,40.6,76.8,15,476(0),01043,[東]石栗龍彦,356002,竹園正繼,,"(*7,8,10)(1,4)(2,13)12-(6,11)-(9,14)=15,3,5",6,2,0.0,False,"(*7,8,10)(1,4,13)2,12(6,11)9=(15,14)(3,5)",7,1,0.0,False,"(7,*8,13,12)9(1,4)(11,2)(6,15)3(10,5)=14",8,2,0.0,False,"(7,*8,13,12)(1,9)4(11,2,15)(3,6)5-10=14",8,3,0.0,False,-9,
202304040405,5,2歳新馬,ダ,1800,曇,重,12:05,2023-10-22,新潟,9,6,11,2021100755,ダックリン,牝2,55,01117,丸田恭介,1:58.9,アタマ,9-9-8-8,40.5,22.6,7,452(0),00420,[東]宗像義忠,013803,ディアレストクラブ,,"(*7,8,10)(1,4)(2,13)12-(6,11)-(9,14)=15,3,5",9,2,3.5,False,"(*7,8,10)(1,4,13)2,12(6,11)9=(15,14)(3,5)",9,2,1.5,False,"(7,*8,13,12)9(1,4)(11,2)(6,15)3(10,5)=14",8,2,0.0,False,"(7,*8,13,12)(1,9)4(11,2,15)(3,6)5-10=14",8,3,0.0,False,-9,
202304040405,5,2歳新馬,ダ,1800,曇,重,12:05,2023-10-22,新潟,10,5,9,2021100950,アラブル,牡2,55,01184,原優介,1:59.1,1.1/4,11-11-5-5,41.1,24.3,9,504(0),01089,[東]武市康男,816008,本田恒雄,,"(*7,8,10)(1,4)(2,13)12-(6,11)-(9,14)=15,3,5",11,2,7.0,False,"(*7,8,10)(1,4,13)2,12(6,11)9=(15,14)(3,5)",11,1,1.5,False,"(7,*8,13,12)9(1,4)(11,2)(6,15)3(10,5)=14",5,1,0.0,False,"(7,*8,13,12)(1,9)4(11,2,15)(3,6)5-10=14",5,2,0.0,False,-9,
202304040405,5,2歳新馬,ダ,1800,曇,重,12:05,2023-10-22,新潟,11,7,13,2021101715,ハマサン,牡2,56,01127,丸山元気,1:59.3,1.1/4,6-4-2-2,41.4,4.1,1,510(0),00405,[東]小西一男,028031,天野克彦,,"(*7,8,10)(1,4)(2,13)12-(6,11)-(9,14)=15,3,5",6,2,0.0,False,"(*7,8,10)(1,4,13)2,12(6,11)9=(15,14)(3,5)",4,3,0.0,False,"(7,*8,13,12)9(1,4)(11,2)(6,15)3(10,5)=14",2,4,0.0,False,"(7,*8,13,12)(1,9)4(11,2,15)(3,6)5-10=14",2,4,0.0,False,-9,
202304040405,5,2歳新馬,ダ,1800,曇,重,12:05,2023-10-22,新潟,12,6,10,2021104529,カシノシャンデリア,牝2,55,01146,和田翼,1:59.9,4,2-2-13-14,40.9,68.2,14,450(0),00431,[西]谷潔,514009,柏木務,,"(*7,8,10)(1,4)(2,13)12-(6,11)-(9,14)=15,3,5",2,3,0.0,False,"(*7,8,10)(1,4,13)2,12(6,11)9=(15,14)(3,5)",2,3,0.0,False,"(7,*8,13,12)9(1,4)(11,2)(6,15)3(10,5)=14",13,2,0.0,False,"(7,*8,13,12)(1,9)4(11,2,15)(3,6)5-10=14",14,1,3.5,False,-9,
202304040405,5,2歳新馬,ダ,1800,曇,重,12:05,2023-10-22,新潟,13,1,1,2021106256,ギガストーム,牡2,54,01164,藤田菜七,2:00.2,1.1/2,4-4-6-5,42.1,9.3,4,548(0),01190,[東]村田一誠,969031,ＴＮレーシング,,"(*7,8,10)(1,4)(2,13)12-(6,11)-(9,14)=15,3,5",4,2,0.0,False,"(*7,8,10)(1,4,13)2,12(6,11)9=(15,14)(3,5)",4,3,0.0,False,"(7,*8,13,12)9(1,4)(11,2)(6,15)3(10,5)=14",6,2,0.0,False,"(7,*8,13,12)(1,9)4(11,2,15)(3,6)5-10=14",5,2,0.0,False,-9,
202304040405,5,2歳新馬,ダ,1800,曇,重,12:05,2023-10-22,新潟,14,3,4,2021103715,ミトノダービー,牝2,55,01168,富田暁,2:01.0,5,4-4-6-7,42.9,34.7,11,440(0),01106,[東]牧光二,018700,ロイヤルパーク,,"(*7,8,10)(1,4)(2,13)12-(6,11)-(9,14)=15,3,5",4,2,0.0,False,"(*7,8,10)(1,4,13)2,12(6,11)9=(15,14)(3,5)",4,3,0.0,False,"(7,*8,13,12)9(1,4)(11,2)(6,15)3(10,5)=14",6,2,0.0,False,"(7,*8,13,12)(1,9)4(11,2,15)(3,6)5-10=14",7,1,0.0,False,-9,
202304040405,5,2歳新馬,ダ,1800,曇,重,12:05,2023-10-22,新潟,15,8,14,2021106288,ミオン,牝2,52,01202,鷲頭虎太,2:04.4,大,11-12-15-15,44.3,50.0,12,456(0),01018,[西]宮徹,161006,首藤徳,,"(*7,8,10)(1,4)(2,13)12-(6,11)-(9,14)=15,3,5",11,2,7.0,False,"(*7,8,10)(1,4,13)2,12(6,11)9=(15,14)(3,5)",12,2,7.5,False,"(7,*8,13,12)9(1,4)(11,2)(6,15)3(10,5)=14",15,1,6.0,False,"(7,*8,13,12)(1,9)4(11,2,15)(3,6)5-10=14",15,1,9.5,False,-9,
202304040406,6,3歳以上1勝クラス,ダ,1200,晴,重,12:35,2023-10-22,新潟,1,7,12,2020102568,ワイアウ,牝3,54,01181,秋山稔樹,1:10.7,,2-2,36.9,14.1,5,460(-4),01179,[東]鈴木慎太,808800,Ｇ１レーシング,800.0,,,,,,,,,,,"4(12,13)-(1,6,9)5(3,14)-(2,10)(11,8)-7",2,2,0.0,False,"4,12,13(1,6,9)(5,3)-(2,10,14)(11,8)-7",2,1,1.5,False,-14,
202304040406,6,3歳以上1勝クラス,ダ,1200,晴,重,12:35,2023-10-22,新潟,2,3,4,2020103900,プラティクレール,牝3,51,01206,小林美駒,1:11.2,3,1-1,37.6,13.3,4,478(-9),01112,[東]田島俊明,854800,ノルマンディーサラブ...,320.0,,,,,,,,,,,"4(12,13)-(1,6,9)5(3,14)-(2,10)(11,8)-7",1,1,0.0,False,"4,12,13(1,6,9)(5,3)-(2,10,14)(11,8)-7",1,1,0.0,False,-14,
202304040406,6,3歳以上1勝クラス,ダ,1200,晴,重,12:35,2023-10-22,新潟,3,1,1,2020104469,ゴッドセンド,牡3,54,01200,西塚洸二,1:11.4,1.1/4,4-4,37.2,4.4,3,484(-2),01138,[西]浜田多実,045803,カナヤマホールディン...,200.0,,,,,,,,,,,"4(12,13)-(1,6,9)5(3,14)-(2,10)(11,8)-7",4,3,3.5,False,"4,12,13(1,6,9)(5,3)-(2,10,14)(11,8)-7",4,3,3.0,False,-14,
202304040406,6,3歳以上1勝クラス,ダ,1200,晴,重,12:35,2023-10-22,新潟,4,4,5,2018100298,サンランシング,牝5,53,01205,小林勝太,1:11.4,クビ,7-7,37.0,28.0,9,488(+4),01189,[東]堀内岳志,059803,加藤ステーブル,120.0,,,,,,,,,,,"4(12,13)-(1,6,9)5(3,14)-(2,10)(11,8)-7",7,1,3.5,False,"4,12,13(1,6,9)(5,3)-(2,10,14)(11,8)-7",7,2,3.0,False,-14,
202304040406,6,3歳以上1勝クラス,ダ,1200,晴,重,12:35,2023-10-22,新潟,5,4,6,2020102599,リトルミム,牝3,55,01176,亀田温心,1:11.5,1/2,4-4,37.3,16.5,7,528(+6),01046,[西]鮫島一歩,797008,栗山良子,80.0,,,,,,,,,,,"4(12,13)-(1,6,9)5(3,14)-(2,10)(11,8)-7",4,3,3.5,False,"4,12,13(1,6,9)(5,3)-(2,10,14)(11,8)-7",4,3,3.0,False,-14,
202304040406,6,3歳以上1勝クラス,ダ,1200,晴,重,12:35,2023-10-22,新潟,6,3,3,2020100130,エスジースパークル,牝3,54,01184,原優介,1:11.9,2.1/2,8-7,37.3,3.4,2,456(-2),01179,[東]鈴木慎太,391803,後藤貞夫,,,,,,,,,,,,"4(12,13)-(1,6,9)5(3,14)-(2,10)(11,8)-7",8,2,3.5,False,"4,12,13(1,6,9)(5,3)-(2,10,14)(11,8)-7",7,2,3.0,False,-14,
202304040406,6,3歳以上1勝クラス,ダ,1200,晴,重,12:35,2023-10-22,新潟,7,5,8,2017103155,トモジャアルマンド,牡6,55,01202,鷲頭虎太,1:12.0,1/2,12-12,36.8,25.2,8,502(+1),01032,[西]大根田裕,905033,吉冨学,,,,,,,,,,,,"4(12,13)-(1,6,9)5(3,14)-(2,10)(11,8)-7",12,2,7.0,False,"4,12,13(1,6,9)(5,3)-(2,10,14)(11,8)-7",12,2,6.5,False,-14,
202304040406,6,3歳以上1勝クラス,ダ,1200,晴,重,12:35,2023-10-22,新潟,8,7,11,2017102927,メイショウニタボウ,牡6,57,01186,角田大和,1:12.1,クビ,12-12,36.9,61.1,11,510(-2),01139,[西]飯田祐史,523005,松本好雄,,,,,,,,,,,,"4(12,13)-(1,6,9)5(3,14)-(2,10)(11,8)-7",12,2,7.0,False,"4,12,13(1,6,9)(5,3)-(2,10,14)(11,8)-7",12,2,6.5,False,-14,
202304040406,6,3歳以上1勝クラス,ダ,1200,晴,重,12:35,2023-10-22,新潟,9,8,13,2020106021,マイネルサンテ,牡3,56,01182,泉谷楓真,1:12.5,2.1/2,2-3,38.6,87.1,12,474(+11),01076,[東]小笠倫弘,546800,サラブレッドクラブ・...,,,,,,,,,,,,"4(12,13)-(1,6,9)5(3,14)-(2,10)(11,8)-7",2,2,0.0,False,"4,12,13(1,6,9)(5,3)-(2,10,14)(11,8)-7",3,1,3.0,False,-14,
202304040406,6,3歳以上1勝クラス,ダ,1200,晴,重,12:35,2023-10-22,新潟,10,6,10,2020101823,ファイアネイド,牝3,52,01193,今村聖奈,1:12.8,1.3/4,10-9,37.9,3.1,1,462(-8),01164,[西]安田翔伍,003060,ゴドルフィン,,,,,,,,,,,,"4(12,13)-(1,6,9)5(3,14)-(2,10)(11,8)-7",10,2,7.0,False,"4,12,13(1,6,9)(5,3)-(2,10,14)(11,8)-7",9,3,6.5,False,-14,
202304040406,6,3歳以上1勝クラス,ダ,1200,晴,重,12:35,2023-10-22,新潟,11,2,2,2016101015,メイブツシャチョウ,セ7,56,01177,小林凌大,1:13.0,1.1/2,10-9,38.0,408.4,14,482(+8),01041,[西]藤沢則雄,756800,ミキハウスＨＫサービ...,,,,,,,,,,,,"4(12,13)-(1,6,9)5(3,14)-(2,10)(11,8)-7",10,2,7.0,False,"4,12,13(1,6,9)(5,3)-(2,10,14)(11,8)-7",9,3,6.5,False,-14,
202304040406,6,3歳以上1勝クラス,ダ,1200,晴,重,12:35,2023-10-22,新潟,12,6,9,2020106384,カイザーブリッツ,牡3,54,01201,水沼元輝,1:13.0,ハナ,4-4,38.8,14.6,6,474(+4),01023,[東]伊藤圭三,542800,ライオンレースホース,,,,,,,,,,,,"4(12,13)-(1,6,9)5(3,14)-(2,10)(11,8)-7",4,3,3.5,False,"4,12,13(1,6,9)(5,3)-(2,10,14)(11,8)-7",4,3,3.0,False,-14,
202304040406,6,3歳以上1勝クラス,ダ,1200,晴,重,12:35,2023-10-22,新潟,13,5,7,2018105065,ハクビ,牝5,54,01183,小林脩斗,1:13.1,クビ,14-14,37.2,304.1,13,496(-2),00417,[東]土田稔,074031,谷口祐人,,,,,,,,,,,,"4(12,13)-(1,6,9)5(3,14)-(2,10)(11,8)-7",14,1,10.5,False,"4,12,13(1,6,9)(5,3)-(2,10,14)(11,8)-7",14,1,10.0,False,-14,
202304040406,6,3歳以上1勝クラス,ダ,1200,晴,重,12:35,2023-10-22,新潟,14,8,14,2020101710,アスターチェンチ,牡3,56,01191,松本大輝,1:14.1,6,8-9,39.5,31.3,10,518(+4),01039,[西]中竹和也,935003,加藤久枝,,,,,,,,,,,,"4(12,13)-(1,6,9)5(3,14)-(2,10)(11,8)-7",8,2,3.5,False,"4,12,13(1,6,9)(5,3)-(2,10,14)(11,8)-7",9,3,6.5,False,-14,
202304040407,7,3歳以上1勝クラス,芝,1800,晴,稍重,13:05,2023-10-22,新潟,1,2,3,2020103305,アリーチェ,牝3,54,01161,菊沢一樹,1:48.5,,5-5,34.8,40.6,12,434(0),01054,[東]戸田博文,166033,小濱忠一,800.0,,,,,,,,,,,"16,15(5,8)(3,13,14)(2,4,7)11,1(12,6)(9,10)",5,3,1.5,False,"16(15,8)5(3,13,14)(2,4,7)(1,11)(12,6)10,9",5,3,0.0,False,10,
202304040407,7,3歳以上1勝クラス,芝,1800,晴,稍重,13:05,2023-10-22,新潟,2,3,5,2020105056,ヒメワカバ,牝3,54,01160,荻野極,1:48.6,1/2,3-4,35.1,8.7,5,484(-2),01134,[東]高橋文雅,548009,岡田勇,320.0,,,,,,,,,,,"16,15(5,8)(3,13,14)(2,4,7)11,1(12,6)(9,10)",3,2,1.5,False,"16(15,8)5(3,13,14)(2,4,7)(1,11)(12,6)10,9",4,1,0.0,False,10,
202304040407,7,3歳以上1勝クラス,芝,1800,晴,稍重,13:05,2023-10-22,新潟,3,1,2,2017102084,ヒルノアントラ,セ6,58,01015,古川吉洋,1:48.9,2,8-8,34.9,9.4,6,474(-2),01044,[西]昆貢,823800,ヒルノ,200.0,,,,,,,,,,,"16,15(5,8)(3,13,14)(2,4,7)11,1(12,6)(9,10)",8,3,1.5,False,"16(15,8)5(3,13,14)(2,4,7)(1,11)(12,6)10,9",8,3,0.0,False,10,
202304040407,7,3歳以上1勝クラス,芝,1800,晴,稍重,13:05,2023-10-22,新潟,4,7,14,2020105746,コスモバラタ,牡3,56,01091,丹内祐次,1:48.9,クビ,5-5,35.3,13.4,7,466(+12),01089,[東]武市康男,716800,ビッグレッドファーム,120.0,,,,,,,,,,,"16,15(5,8)(3,13,14)(2,4,7)11,1(12,6)(9,10)",5,3,1.5,False,"16(15,8)5(3,13,14)(2,4,7)(1,11)(12,6)10,9",5,3,0.0,False,10,
202304040407,7,3歳以上1勝クラス,芝,1800,晴,稍重,13:05,2023-10-22,新潟,5,6,12,2020101963,サツキスマイル,牝3,50,01190,古川奈穂,1:48.9,ハナ,13-13,34.5,29.8,10,412(+8),01158,[西]寺島良,212008,小野博郷,80.0,,,,,,,,,,,"16,15(5,8)(3,13,14)(2,4,7)11,1(12,6)(9,10)",13,2,3.0,False,"16(15,8)5(3,13,14)(2,4,7)(1,11)(12,6)10,9",13,2,0.0,False,10,
202304040407,7,3歳以上1勝クラス,芝,1800,晴,稍重,13:05,2023-10-22,新潟,6,5,10,2018101300,ドラミモン,牡5,58,01077,石橋脩,1:49.0,クビ,15-15,34.4,3.2,1,452(-6),01027,[東]田村康仁,385803,子安裕樹ＲＣ,,,,,,,,,,,,"16,15(5,8)(3,13,14)(2,4,7)11,1(12,6)(9,10)",15,2,3.0,False,"16(15,8)5(3,13,14)(2,4,7)(1,11)(12,6)10,9",15,1,0.0,False,10,
202304040407,7,3歳以上1勝クラス,芝,1800,晴,稍重,13:05,2023-10-22,新潟,7,4,7,2020103910,レジェンドシップ,牡3,56,01147,城戸義政,1:49.0,クビ,8-8,35.2,7.5,3,456(+16),01146,[西]奥村豊,026803,ＤＭＭドリームクラブ,,,,,,,,,,,,"16,15(5,8)(3,13,14)(2,4,7)11,1(12,6)(9,10)",8,3,1.5,False,"16(15,8)5(3,13,14)(2,4,7)(1,11)(12,6)10,9",8,3,0.0,False,10,
202304040407,7,3歳以上1勝クラス,芝,1800,晴,稍重,13:05,2023-10-22,新潟,8,5,9,2020105634,プロヴァーブ,牝3,51,01187,永島まな,1:49.2,1,15-16,34.6,13.6,8,430(-2),00429,[西]佐々木晶,788800,ノースヒルズ,,,,,,,,,,,,"16,15(5,8)(3,13,14)(2,4,7)11,1(12,6)(9,10)",15,2,3.0,False,"16(15,8)5(3,13,14)(2,4,7)(1,11)(12,6)10,9",16,1,1.5,False,10,
202304040407,7,3歳以上1勝クラス,芝,1800,晴,稍重,13:05,2023-10-22,新潟,9,2,4,2020101587,ガルムキャット,牡3,56,01178,斎藤新,1:49.2,ハナ,8-8,35.3,34.9,11,420(-2),00438,[西]安田隆行,072803,スリーエイチレーシン...,,,,,,,,,,,,"16,15(5,8)(3,13,14)(2,4,7)11,1(12,6)(9,10)",8,3,1.5,False,"16(15,8)5(3,13,14)(2,4,7)(1,11)(12,6)10,9",8,3,0.0,False,10,
202304040407,7,3歳以上1勝クラス,芝,1800,晴,稍重,13:05,2023-10-22,新潟,10,8,15,2017101624,クリノヴィンセント,牡6,54,01206,小林美駒,1:49.2,クビ,2-2,35.8,143.9,15,498(0),01056,[東]本間忍,970006,栗本博晴,,,,,,,,,,,,"16,15(5,8)(3,13,14)(2,4,7)11,1(12,6)(9,10)",2,1,1.5,False,"16(15,8)5(3,13,14)(2,4,7)(1,11)(12,6)10,9",2,2,0.0,False,10,
202304040407,7,3歳以上1勝クラス,芝,1800,晴,稍重,13:05,2023-10-22,新潟,11,3,6,2019105191,コナブラック,牡4,55,01193,今村聖奈,1:49.3,1/2,13-13,34.9,7.6,4,518(0),01110,[西]清水久詞,226800,サンデーレーシング,,,,,,,,,,,,"16,15(5,8)(3,13,14)(2,4,7)11,1(12,6)(9,10)",13,2,3.0,False,"16(15,8)5(3,13,14)(2,4,7)(1,11)(12,6)10,9",13,2,0.0,False,10,
202304040407,7,3歳以上1勝クラス,芝,1800,晴,稍重,13:05,2023-10-22,新潟,12,4,8,2019104075,タイクーン,牡4,57,01182,泉谷楓真,1:49.3,ハナ,3-2,35.8,25.3,9,532(+8),01099,[西]本田優,547800,ヒダカ・ブリーダーズ...,,,,,,,,,,,,"16,15(5,8)(3,13,14)(2,4,7)11,1(12,6)(9,10)",3,2,1.5,False,"16(15,8)5(3,13,14)(2,4,7)(1,11)(12,6)10,9",2,2,0.0,False,10,
202304040407,7,3歳以上1勝クラス,芝,1800,晴,稍重,13:05,2023-10-22,新潟,13,1,1,2018105030,スノーハレーション,牝5,56,01127,丸山元気,1:49.3,ハナ,12-11,35.2,118.4,14,430(+6),01132,[東]金成貴史,086803,レッドマジック,,,,,,,,,,,,"16,15(5,8)(3,13,14)(2,4,7)11,1(12,6)(9,10)",12,1,3.0,False,"16(15,8)5(3,13,14)(2,4,7)(1,11)(12,6)10,9",11,2,0.0,False,10,
202304040407,7,3歳以上1勝クラス,芝,1800,晴,稍重,13:05,2023-10-22,新潟,14,7,13,2017105940,ジェラペッシュ,牝6,53,01201,水沼元輝,1:49.5,1.1/4,5-5,35.9,357.0,16,466(-6),00437,[東]南田美知,932008,柴田洋一,,,,,,,,,,,,"16,15(5,8)(3,13,14)(2,4,7)11,1(12,6)(9,10)",5,3,1.5,False,"16(15,8)5(3,13,14)(2,4,7)(1,11)(12,6)10,9",5,3,0.0,False,10,
202304040407,7,3歳以上1勝クラス,芝,1800,晴,稍重,13:05,2023-10-22,新潟,15,6,11,2020101146,ガルヴァニック,牝3,54,01117,丸田恭介,1:49.9,2.1/2,11-11,35.8,67.6,13,458(+6),01077,[東]加藤和宏,542800,ライオンレースホース,,,,,,,,,,,,"16,15(5,8)(3,13,14)(2,4,7)11,1(12,6)(9,10)",11,1,1.5,False,"16(15,8)5(3,13,14)(2,4,7)(1,11)(12,6)10,9",11,2,0.0,False,10,
202304040407,7,3歳以上1勝クラス,芝,1800,晴,稍重,13:05,2023-10-22,新潟,16,8,16,2018103603,グラヴィテ,牝5,56,01168,富田暁,1:50.1,1,1-1,36.8,6.4,2,496(+2),01046,[西]鮫島一歩,097031,栗山学,,,,,,,,,,,,"16,15(5,8)(3,13,14)(2,4,7)11,1(12,6)(9,10)",1,1,0.0,False,"16(15,8)5(3,13,14)(2,4,7)(1,11)(12,6)10,9",1,1,0.0,False,10,
202304040408,8,3歳以上1勝クラス,ダ,1800,晴,稍重,13:35,2023-10-22,新潟,1,8,10,2019103772,ファンジオ,牡4,58,01147,城戸義政,1:53.8,,1-1-1-1,36.7,3.1,2,504(-8),01062,[西]藤岡健一,102800,ターフ・スポート,800.0,"10,2,8,5(6,7)-9,1,4-3",1,1,0.0,False,"10(8,2)5(6,7)-(1,9)4,3",1,1,0.0,False,"10(8,2)5(6,7)(1,9,4)3",1,1,0.0,False,"10(8,2)5(6,7)(1,4)3,9",1,1,0.0,False,-7,
202304040408,8,3歳以上1勝クラス,ダ,1800,晴,稍重,13:35,2023-10-22,新潟,2,7,8,2020104864,タマモヴェナトル,牡3,56,01161,菊沢一樹,1:53.9,3/4,3-2-2-2,36.6,3.4,3,448(+2),01115,[東]菊沢隆徳,515800,タマモ,320.0,"10,2,8,5(6,7)-9,1,4-3",3,1,3.0,False,"10(8,2)5(6,7)-(1,9)4,3",2,2,0.0,False,"10(8,2)5(6,7)(1,9,4)3",2,2,0.0,False,"10(8,2)5(6,7)(1,4)3,9",2,2,0.0,False,-7,
202304040408,8,3歳以上1勝クラス,ダ,1800,晴,稍重,13:35,2023-10-22,新潟,3,5,5,2020101412,パープルナイト,牡3,56,01131,西村太一,1:54.6,4,4-4-4-4,37.0,2.5,1,516(+26),01189,[東]堀内岳志,935800,木村牧場,200.0,"10,2,8,5(6,7)-9,1,4-3",4,1,4.5,False,"10(8,2)5(6,7)-(1,9)4,3",4,1,0.0,False,"10(8,2)5(6,7)(1,9,4)3",4,1,0.0,False,"10(8,2)5(6,7)(1,4)3,9",4,1,0.0,False,-7,
202304040408,8,3歳以上1勝クラス,ダ,1800,晴,稍重,13:35,2023-10-22,新潟,4,2,2,2020100498,ブライトファントム,牡3,53,01201,水沼元輝,1:55.2,3.1/2,2-2-2-2,37.9,26.0,5,500(-12),01056,[東]本間忍,053803,杉山忠国,120.0,"10,2,8,5(6,7)-9,1,4-3",2,1,1.5,False,"10(8,2)5(6,7)-(1,9)4,3",2,2,0.0,False,"10(8,2)5(6,7)(1,9,4)3",2,2,0.0,False,"10(8,2)5(6,7)(1,4)3,9",2,2,0.0,False,-7,
202304040408,8,3歳以上1勝クラス,ダ,1800,晴,稍重,13:35,2023-10-22,新潟,5,4,4,2019103410,トリグラフ,牡4,58,01091,丹内祐次,1:55.3,3/4,9-9-7-7,37.2,7.2,4,454(0),01100,[東]松山将樹,798033,山口裕介,80.0,"10,2,8,5(6,7)-9,1,4-3",9,1,11.0,False,"10(8,2)5(6,7)-(1,9)4,3",9,1,3.5,False,"10(8,2)5(6,7)(1,9,4)3",7,3,0.0,False,"10(8,2)5(6,7)(1,4)3,9",7,2,0.0,False,-7,
202304040408,8,3歳以上1勝クラス,ダ,1800,晴,稍重,13:35,2023-10-22,新潟,6,6,6,2019101814,チャールストン,セ4,57,01184,原優介,1:55.4,クビ,5-5-5-5,37.7,32.4,7,476(-6),01005,[東]小桧山悟,082031,三岡陽,,"10,2,8,5(6,7)-9,1,4-3",5,2,4.5,False,"10(8,2)5(6,7)-(1,9)4,3",5,2,0.0,False,"10(8,2)5(6,7)(1,9,4)3",5,2,0.0,False,"10(8,2)5(6,7)(1,4)3,9",5,2,0.0,False,-7,
202304040408,8,3歳以上1勝クラス,ダ,1800,晴,稍重,13:35,2023-10-22,新潟,7,7,7,2019104303,ミニョンルミエール,牝4,56,01009,柴田大知,1:55.6,1,5-5-5-5,37.8,32.2,6,446(-2),01143,[東]和田雄二,188800,ＹＧＧホースクラブ,,"10,2,8,5(6,7)-9,1,4-3",5,2,4.5,False,"10(8,2)5(6,7)-(1,9)4,3",5,2,0.0,False,"10(8,2)5(6,7)(1,9,4)3",5,2,0.0,False,"10(8,2)5(6,7)(1,4)3,9",5,2,0.0,False,-7,
202304040408,8,3歳以上1勝クラス,ダ,1800,晴,稍重,13:35,2023-10-22,新潟,8,3,3,2019103158,セイウンガレオン,牡4,58,01109,黛弘人,1:56.1,3.1/2,10-10-10-9,37.7,124.2,8,540(-8),01074,[東]奥平雅士,897009,西山茂行,,"10,2,8,5(6,7)-9,1,4-3",10,1,14.5,False,"10(8,2)5(6,7)-(1,9)4,3",10,1,5.0,False,"10(8,2)5(6,7)(1,9,4)3",10,1,0.0,False,"10(8,2)5(6,7)(1,4)3,9",9,1,0.0,False,-7,
202304040408,8,3歳以上1勝クラス,ダ,1800,晴,稍重,13:35,2023-10-22,新潟,9,1,1,2017103334,ルミナスナイト,牝6,56,01117,丸田恭介,1:56.1,ハナ,8-7-7-7,38.0,184.8,9,508(+6),01116,[東]新開幸一,851009,岡田牧雄,,"10,2,8,5(6,7)-9,1,4-3",8,1,9.5,False,"10(8,2)5(6,7)-(1,9)4,3",7,2,3.5,False,"10(8,2)5(6,7)(1,9,4)3",7,3,0.0,False,"10(8,2)5(6,7)(1,4)3,9",7,2,0.0,False,-7,
202304040408,8,3歳以上1勝クラス,ダ,1800,晴,稍重,13:35,2023-10-22,新潟,10,8,9,2019101151,ジュリエンヌ,牝4,56,01151,井上敏樹,1:56.3,1,7-7-7-10,38.1,272.6,10,472(-7),01090,[東]天間昭一,554008,吉田勝利,,"10,2,8,5(6,7)-9,1,4-3",7,1,8.0,False,"10(8,2)5(6,7)-(1,9)4,3",7,2,3.5,False,"10(8,2)5(6,7)(1,9,4)3",7,3,0.0,False,"10(8,2)5(6,7)(1,4)3,9",10,1,1.5,False,-7,
202304040409,9,柏崎特別(1勝),芝,1600,晴,稍重,14:05,2023-10-22,新潟,1,6,9,2020107030,ウインエーデル,牝3,54,01091,丹内祐次,1:36.2,,5-4,34.1,2.6,1,448(+6),01101,[西]吉田直弘,494800,ウイン,"1,149.2",,,,,,,,,,,"8(7,13,12)(9,10)(4,11)(2,6,14)3,5,1",5,2,0.0,False,"8(13,12)(7,9,10)(4,11)(2,6,14)3(5,1)",4,3,0.0,False,10,
202304040409,9,柏崎特別(1勝),芝,1600,晴,稍重,14:05,2023-10-22,新潟,2,2,2,2020100052,シルヴァーデューク,牡3,56,01095,吉田隼人,1:36.2,アタマ,9-9,33.7,5.3,3,458(+6),01148,[西]西村真幸,464030,田畑利彦,451.2,,,,,,,,,,,"8(7,13,12)(9,10)(4,11)(2,6,14)3,5,1",9,3,0.0,False,"8(13,12)(7,9,10)(4,11)(2,6,14)3(5,1)",9,3,0.0,False,10,
202304040409,9,柏崎特別(1勝),芝,1600,晴,稍重,14:05,2023-10-22,新潟,3,5,7,2019104746,イヴニングスター,牡4,58,01161,菊沢一樹,1:36.2,クビ,2-4,34.2,10.9,5,506(-8),01054,[東]戸田博文,338007,村野康司,285.6,,,,,,,,,,,"8(7,13,12)(9,10)(4,11)(2,6,14)3,5,1",2,3,0.0,False,"8(13,12)(7,9,10)(4,11)(2,6,14)3(5,1)",4,3,0.0,False,10,
202304040409,9,柏崎特別(1勝),芝,1600,晴,稍重,14:05,2023-10-22,新潟,4,8,14,2020104753,サトノヴィレ,牡3,56,00641,柴田善臣,1:36.5,1.1/2,9-9,34.1,4.5,2,500(+8),01097,[東]鹿戸雄一,790031,里見治,170.0,,,,,,,,,,,"8(7,13,12)(9,10)(4,11)(2,6,14)3,5,1",9,3,0.0,False,"8(13,12)(7,9,10)(4,11)(2,6,14)3(5,1)",9,3,0.0,False,10,
202304040409,9,柏崎特別(1勝),芝,1600,晴,稍重,14:05,2023-10-22,新潟,5,8,13,2019104586,リュミエールノワル,牡4,58,01077,石橋脩,1:36.5,クビ,2-2,34.6,17.2,7,470(+2),01192,[東]上原佑紀,808800,Ｇ１レーシング,111.0,,,,,,,,,,,"8(7,13,12)(9,10)(4,11)(2,6,14)3,5,1",2,3,0.0,False,"8(13,12)(7,9,10)(4,11)(2,6,14)3(5,1)",2,2,0.0,False,10,
202304040409,9,柏崎特別(1勝),芝,1600,晴,稍重,14:05,2023-10-22,新潟,6,6,10,2020106413,レッドバレンティア,牡3,56,01192,横山琉人,1:36.6,クビ,5-4,34.5,18.8,8,454(+4),01038,[東]手塚貴久,180800,東京ホースレーシング,,,,,,,,,,,,"8(7,13,12)(9,10)(4,11)(2,6,14)3,5,1",5,2,0.0,False,"8(13,12)(7,9,10)(4,11)(2,6,14)3(5,1)",4,3,0.0,False,10,
202304040409,9,柏崎特別(1勝),芝,1600,晴,稍重,14:05,2023-10-22,新潟,7,5,8,2020102507,トーセンサマンサ,牝3,54,01200,西塚洸二,1:36.6,アタマ,1-1,34.8,206.0,13,420(-6),01174,[東]深山雅史,270006,島川隆哉,,,,,,,,,,,,"8(7,13,12)(9,10)(4,11)(2,6,14)3,5,1",1,1,0.0,False,"8(13,12)(7,9,10)(4,11)(2,6,14)3(5,1)",1,1,0.0,False,10,
202304040409,9,柏崎特別(1勝),芝,1600,晴,稍重,14:05,2023-10-22,新潟,8,1,1,2017105471,ゴルトファルベン,牡6,58,01191,松本大輝,1:36.7,1/2,14-13,34.1,22.1,9,504(-2),01130,[西]吉村圭司,226800,サンデーレーシング,,,,,,,,,,,,"8(7,13,12)(9,10)(4,11)(2,6,14)3,5,1",14,1,3.0,False,"8(13,12)(7,9,10)(4,11)(2,6,14)3(5,1)",13,2,0.0,False,10,
202304040409,9,柏崎特別(1勝),芝,1600,晴,稍重,14:05,2023-10-22,新潟,9,4,6,2019106183,カフェクロニクル,牡4,58,01127,丸山元気,1:36.8,1/2,9-9,34.4,34.0,10,470(+4),01070,[東]堀宣行,629007,西川光一,,,,,,,,,,,,"8(7,13,12)(9,10)(4,11)(2,6,14)3,5,1",9,3,0.0,False,"8(13,12)(7,9,10)(4,11)(2,6,14)3(5,1)",9,3,0.0,False,10,
202304040409,9,柏崎特別(1勝),芝,1600,晴,稍重,14:05,2023-10-22,新潟,10,7,12,2018103117,カネトシディーバ,牝5,56,01187,永島まな,1:36.8,アタマ,2-2,34.8,174.9,12,484(+4),01135,[西]高橋康之,939006,兼松昌男,,,,,,,,,,,,"8(7,13,12)(9,10)(4,11)(2,6,14)3,5,1",2,3,0.0,False,"8(13,12)(7,9,10)(4,11)(2,6,14)3(5,1)",2,2,0.0,False,10,
202304040409,9,柏崎特別(1勝),芝,1600,晴,稍重,14:05,2023-10-22,新潟,11,3,4,2020103261,アウクソー,牝3,54,01178,斎藤新,1:36.8,ハナ,7-7,34.5,86.9,11,422(+2),00438,[西]安田隆行,465030,大島昌也,,,,,,,,,,,,"8(7,13,12)(9,10)(4,11)(2,6,14)3,5,1",7,2,0.0,False,"8(13,12)(7,9,10)(4,11)(2,6,14)3(5,1)",7,2,0.0,False,10,
202304040409,9,柏崎特別(1勝),芝,1600,晴,稍重,14:05,2023-10-22,新潟,12,3,3,2019106590,アンジェリーナ,牝4,56,01015,古川吉洋,1:36.9,クビ,12-12,34.3,13.6,6,438(0),01044,[西]昆貢,271008,安原浩司,,,,,,,,,,,,"8(7,13,12)(9,10)(4,11)(2,6,14)3,5,1",12,1,0.0,False,"8(13,12)(7,9,10)(4,11)(2,6,14)3(5,1)",12,1,0.0,False,10,
202304040409,9,柏崎特別(1勝),芝,1600,晴,稍重,14:05,2023-10-22,新潟,13,7,11,2020102655,ナイトキャッスル,牡3,56,01168,富田暁,1:37.0,1,7-7,34.7,10.3,4,534(+10),01002,[西]音無秀孝,506800,シルクレーシング,,,,,,,,,,,,"8(7,13,12)(9,10)(4,11)(2,6,14)3,5,1",7,2,0.0,False,"8(13,12)(7,9,10)(4,11)(2,6,14)3(5,1)",7,2,0.0,False,10,
202304040409,9,柏崎特別(1勝),芝,1600,晴,稍重,14:05,2023-10-22,新潟,14,4,5,2017100088,ツクバマサカド,牡6,58,01181,秋山稔樹,1:38.3,8,13-13,35.5,375.0,14,494(+6),01131,[東]蛯名利弘,083006,瀧本和義,,,,,,,,,,,,"8(7,13,12)(9,10)(4,11)(2,6,14)3,5,1",13,1,1.5,False,"8(13,12)(7,9,10)(4,11)(2,6,14)3(5,1)",13,2,0.0,False,10,
202304040410,10,妙高特別(2勝),ダ,1200,晴,稍重,14:41,2023-10-22,新潟,1,3,4,2019103946,フィーカ,牝4,53,01160,荻野極,1:10.6,,4-4,36.5,5.9,3,482(+2),01108,[東]矢野英一,100800,日進牧場,"1,588.5",,,,,,,,,,,"2(6,11)(4,7,15)5(3,10,8)(14,13)9-1-12",4,3,0.0,False,"2(6,11)(4,7,15)(5,8)(3,10)-(9,14,13)-1,12",4,3,0.0,False,-12,
202304040410,10,妙高特別(2勝),ダ,1200,晴,稍重,14:41,2023-10-22,新潟,2,5,8,2018105420,スキャッターシード,牝5,55,01178,斎藤新,1:11.0,2.1/2,8-7,36.5,2.9,1,556(-6),01086,[東]斎藤誠,808800,Ｇ１レーシング,631.0,,,,,,,,,,,"2(6,11)(4,7,15)5(3,10,8)(14,13)9-1-12",8,3,0.0,False,"2(6,11)(4,7,15)(5,8)(3,10)-(9,14,13)-1,12",7,2,0.0,False,-12,
202304040410,10,妙高特別(2勝),ダ,1200,晴,稍重,14:41,2023-10-22,新潟,3,3,5,2018105495,パロットビーク,牝5,54,01077,石橋脩,1:11.1,1/2,7-7,36.7,16.5,7,466(0),01196,[西]西園翔太,415800,社台レースホース,395.5,,,,,,,,,,,"2(6,11)(4,7,15)5(3,10,8)(14,13)9-1-12",7,1,0.0,False,"2(6,11)(4,7,15)(5,8)(3,10)-(9,14,13)-1,12",7,2,0.0,False,-12,
202304040410,10,妙高特別(2勝),ダ,1200,晴,稍重,14:41,2023-10-22,新潟,4,4,7,2019102761,グレタ,牝4,54,01091,丹内祐次,1:11.1,クビ,4-4,37.0,30.5,10,472(0),01080,[東]清水英克,719031,大脇佑樹,230.0,,,,,,,,,,,"2(6,11)(4,7,15)5(3,10,8)(14,13)9-1-12",4,3,0.0,False,"2(6,11)(4,7,15)(5,8)(3,10)-(9,14,13)-1,12",4,3,0.0,False,-12,
202304040410,10,妙高特別(2勝),ダ,1200,晴,稍重,14:41,2023-10-22,新潟,5,7,12,2017101041,パイプライン,セ6,56,01161,菊沢一樹,1:11.1,ハナ,15-15,35.3,26.4,8,488(0),01119,[東]田中剛,015008,青山洋一,155.0,,,,,,,,,,,"2(6,11)(4,7,15)5(3,10,8)(14,13)9-1-12",15,1,7.0,False,"2(6,11)(4,7,15)(5,8)(3,10)-(9,14,13)-1,12",15,1,8.5,False,-12,
202304040410,10,妙高特別(2勝),ダ,1200,晴,稍重,14:41,2023-10-22,新潟,6,8,15,2019100578,クインズプリーズ,牝4,54,01095,吉田隼人,1:11.2,1/2,4-4,37.1,5.4,2,444(+2),01176,[西]吉岡辰弥,390803,亀田和弘,,,,,,,,,,,,"2(6,11)(4,7,15)5(3,10,8)(14,13)9-1-12",4,3,0.0,False,"2(6,11)(4,7,15)(5,8)(3,10)-(9,14,13)-1,12",4,3,0.0,False,-12,
202304040410,10,妙高特別(2勝),ダ,1200,晴,稍重,14:41,2023-10-22,新潟,7,6,11,2018104208,プリティインピンク,牝5,53,01184,原優介,1:11.3,クビ,2-2,37.4,30.1,9,438(-4),01171,[東]小手川準,021006,新木鈴子,,,,,,,,,,,,"2(6,11)(4,7,15)5(3,10,8)(14,13)9-1-12",2,2,0.0,False,"2(6,11)(4,7,15)(5,8)(3,10)-(9,14,13)-1,12",2,2,0.0,False,-12,
202304040410,10,妙高特別(2勝),ダ,1200,晴,稍重,14:41,2023-10-22,新潟,8,1,1,2019106704,カンザシ,牝4,55,01127,丸山元気,1:11.5,1.1/4,14-14,36.0,11.1,5,498(+2),01175,[東]宮田敬介,399009,嶋田賢,,,,,,,,,,,,"2(6,11)(4,7,15)5(3,10,8)(14,13)9-1-12",14,1,3.5,False,"2(6,11)(4,7,15)(5,8)(3,10)-(9,14,13)-1,12",14,1,7.0,False,-12,
202304040410,10,妙高特別(2勝),ダ,1200,晴,稍重,14:41,2023-10-22,新潟,9,4,6,2018110017,スカイナイル,牝5,53,01193,今村聖奈,1:11.6,1/2,2-2,37.7,41.5,12,502(+6),01113,[西]牧浦充徳,415800,社台レースホース,,,,,,,,,,,,"2(6,11)(4,7,15)5(3,10,8)(14,13)9-1-12",2,2,0.0,False,"2(6,11)(4,7,15)(5,8)(3,10)-(9,14,13)-1,12",2,2,0.0,False,-12,
202304040410,10,妙高特別(2勝),ダ,1200,晴,稍重,14:41,2023-10-22,新潟,10,5,9,2017100660,ポピュラーソング,牝6,52,01009,柴田大知,1:11.8,1.1/4,13-11,36.7,155.8,14,448(-2),00417,[東]土田稔,714031,酒井孝敏,,,,,,,,,,,,"2(6,11)(4,7,15)5(3,10,8)(14,13)9-1-12",13,1,0.0,False,"2(6,11)(4,7,15)(5,8)(3,10)-(9,14,13)-1,12",11,3,3.5,False,-12,
202304040410,10,妙高特別(2勝),ダ,1200,晴,稍重,14:41,2023-10-22,新潟,11,8,14,2019104328,タカラマドンナ,牝4,53,01166,川又賢治,1:11.8,クビ,11-11,36.8,11.5,6,464(+2),01178,[西]杉山佳明,451033,佐藤範夫,,,,,,,,,,,,"2(6,11)(4,7,15)5(3,10,8)(14,13)9-1-12",11,2,0.0,False,"2(6,11)(4,7,15)(5,8)(3,10)-(9,14,13)-1,12",11,3,3.5,False,-12,
202304040410,10,妙高特別(2勝),ダ,1200,晴,稍重,14:41,2023-10-22,新潟,12,2,3,2017100614,コーリングローリー,牡6,54,01205,小林勝太,1:12.0,1,8-9,37.4,245.0,15,460(0),01125,[東]小野次郎,698002,伊藤恵子,,,,,,,,,,,,"2(6,11)(4,7,15)5(3,10,8)(14,13)9-1-12",8,3,0.0,False,"2(6,11)(4,7,15)(5,8)(3,10)-(9,14,13)-1,12",9,2,0.0,False,-12,
202304040410,10,妙高特別(2勝),ダ,1200,晴,稍重,14:41,2023-10-22,新潟,13,7,13,2019105161,オーガスタスカイ,牝4,54,01168,富田暁,1:12.3,2,11-11,37.4,6.8,4,486(+8),01151,[西]斉藤崇史,675030,林正道,,,,,,,,,,,,"2(6,11)(4,7,15)5(3,10,8)(14,13)9-1-12",11,2,0.0,False,"2(6,11)(4,7,15)(5,8)(3,10)-(9,14,13)-1,12",11,3,3.5,False,-12,
202304040410,10,妙高特別(2勝),ダ,1200,晴,稍重,14:41,2023-10-22,新潟,14,2,2,2019103726,ナツイロノオトメ,牝4,53,01187,永島まな,1:12.5,1.1/4,1-1,38.8,35.1,11,500(+10),01121,[西]角田晃一,370008,岡浩二,,,,,,,,,,,,"2(6,11)(4,7,15)5(3,10,8)(14,13)9-1-12",1,1,0.0,False,"2(6,11)(4,7,15)(5,8)(3,10)-(9,14,13)-1,12",1,1,0.0,False,-12,
202304040410,10,妙高特別(2勝),ダ,1200,晴,稍重,14:41,2023-10-22,新潟,15,6,10,2017104267,コルニリア,牡6,54,01135,杉原誠人,1:12.5,クビ,8-9,38.0,134.0,13,460(+4),01124,[東]大和田成,629800,ミルファーム,,,,,,,,,,,,"2(6,11)(4,7,15)5(3,10,8)(14,13)9-1-12",8,3,0.0,False,"2(6,11)(4,7,15)(5,8)(3,10)-(9,14,13)-1,12",9,2,0.0,False,-12,
202304040411,11,新潟牝馬S(L),芝,2200,晴,稍重,15:20,2023-10-22,新潟,1,2,2,2019101670,メモリーレゾン,牝4,55,01015,古川吉洋,2:14.8,,6-5-9-9,34.8,3.9,2,460(-2),01173,[西]長谷川浩,351800,シンザンクラブ,"2,729.4","12,7(1,6)4(2,9)(3,5,11)8,10-13",6,2,1.5,False,"12,7(1,6)(2,4,9)(3,5,11)(8,10)13",5,3,1.5,False,"(*12,7,11)1(4,6,9,5)(2,3)(8,10)13",9,2,0.0,False,"(*7,11)12(1,6)(4,9,5)(8,2,3,10)13",9,4,0.0,False,10,
202304040411,11,新潟牝馬S(L),芝,2200,晴,稍重,15:20,2023-10-22,新潟,2,3,3,2017104691,ホウオウエミーズ,牝6,56,01095,吉田隼人,2:15.0,1.1/2,8-8-9-9,35.0,3.5,1,450(+2),01150,[東]池上昌和,906033,小笹芳央,"1,108.4","12,7(1,6)4(2,9)(3,5,11)8,10-13",8,3,1.5,False,"12,7(1,6)(2,4,9)(3,5,11)(8,10)13",8,3,1.5,False,"(*12,7,11)1(4,6,9,5)(2,3)(8,10)13",9,2,0.0,False,"(*7,11)12(1,6)(4,9,5)(8,2,3,10)13",9,4,0.0,False,10,
202304040411,11,新潟牝馬S(L),芝,2200,晴,稍重,15:20,2023-10-22,新潟,3,1,1,2018102715,ローゼライト,牝5,55,01077,石橋脩,2:15.1,1/2,3-3-4-4,35.5,17.3,8,456(+18),01110,[西]清水久詞,723033,中村忠彦,684.2,"12,7(1,6)4(2,9)(3,5,11)8,10-13",3,2,1.5,False,"12,7(1,6)(2,4,9)(3,5,11)(8,10)13",3,2,1.5,False,"(*12,7,11)1(4,6,9,5)(2,3)(8,10)13",4,1,0.0,False,"(*7,11)12(1,6)(4,9,5)(8,2,3,10)13",4,2,0.0,False,10,
202304040411,11,新潟牝馬S(L),芝,2200,晴,稍重,15:20,2023-10-22,新潟,4,5,7,2018105017,フラーズダルム,牝5,55,01160,荻野極,2:15.1,クビ,2-2-2-1,35.8,11.2,5,500(+6),01083,[西]松永昌博,790005,吉田勝己,410.0,"12,7(1,6)4(2,9)(3,5,11)8,10-13",2,1,1.5,False,"12,7(1,6)(2,4,9)(3,5,11)(8,10)13",2,1,1.5,False,"(*12,7,11)1(4,6,9,5)(2,3)(8,10)13",2,3,0.0,False,"(*7,11)12(1,6)(4,9,5)(8,2,3,10)13",1,2,0.0,True,10,
202304040411,11,新潟牝馬S(L),芝,2200,晴,稍重,15:20,2023-10-22,新潟,5,6,8,2018105824,ホウオウイクセル,牝5,56,01117,丸田恭介,2:15.2,1/2,11-11-11-9,35.0,18.9,9,444(+2),01118,[東]高柳瑞樹,906033,小笹芳央,270.0,"12,7(1,6)4(2,9)(3,5,11)8,10-13",11,1,1.5,False,"12,7(1,6)(2,4,9)(3,5,11)(8,10)13",11,2,1.5,False,"(*12,7,11)1(4,6,9,5)(2,3)(8,10)13",11,2,0.0,False,"(*7,11)12(1,6)(4,9,5)(8,2,3,10)13",9,4,0.0,False,10,
202304040411,11,新潟牝馬S(L),芝,2200,晴,稍重,15:20,2023-10-22,新潟,6,8,13,2019105209,エピプランセス,牝4,55,01178,斎藤新,2:15.2,クビ,13-13-13-13,34.7,9.7,4,446(+2),01144,[西]池添学,226800,サンデーレーシング,,"12,7(1,6)4(2,9)(3,5,11)8,10-13",13,1,6.5,False,"12,7(1,6)(2,4,9)(3,5,11)(8,10)13",13,1,1.5,False,"(*12,7,11)1(4,6,9,5)(2,3)(8,10)13",13,1,0.0,False,"(*7,11)12(1,6)(4,9,5)(8,2,3,10)13",13,1,0.0,False,10,
202304040411,11,新潟牝馬S(L),芝,2200,晴,稍重,15:20,2023-10-22,新潟,7,4,4,2018102158,アインゲーブング,牝5,55,01009,柴田大知,2:15.3,クビ,5-5-5-6,35.6,142.9,13,446(+4),01133,[東]黒岩陽一,546800,サラブレッドクラブ・...,,"12,7(1,6)4(2,9)(3,5,11)8,10-13",5,1,1.5,False,"12,7(1,6)(2,4,9)(3,5,11)(8,10)13",5,3,1.5,False,"(*12,7,11)1(4,6,9,5)(2,3)(8,10)13",5,4,0.0,False,"(*7,11)12(1,6)(4,9,5)(8,2,3,10)13",6,3,0.0,False,10,
202304040411,11,新潟牝馬S(L),芝,2200,晴,稍重,15:20,2023-10-22,新潟,8,6,9,2020105795,フェアエールング,牝3,52,01091,丹内祐次,2:15.5,1.1/2,6-5-5-6,35.8,5.3,3,442(-2),01114,[東]和田正一,546800,サラブレッドクラブ・...,,"12,7(1,6)4(2,9)(3,5,11)8,10-13",6,2,1.5,False,"12,7(1,6)(2,4,9)(3,5,11)(8,10)13",5,3,1.5,False,"(*12,7,11)1(4,6,9,5)(2,3)(8,10)13",5,4,0.0,False,"(*7,11)12(1,6)(4,9,5)(8,2,3,10)13",6,3,0.0,False,10,
202304040411,11,新潟牝馬S(L),芝,2200,晴,稍重,15:20,2023-10-22,新潟,9,7,10,2018103558,パープルレディー,牝5,55,01192,横山琉人,2:15.6,3/4,12-11-11-9,35.5,66.2,12,424(+6),01145,[東]奥村武,149002,井山登,,"12,7(1,6)4(2,9)(3,5,11)8,10-13",12,1,3.0,False,"12,7(1,6)(2,4,9)(3,5,11)(8,10)13",11,2,1.5,False,"(*12,7,11)1(4,6,9,5)(2,3)(8,10)13",11,2,0.0,False,"(*7,11)12(1,6)(4,9,5)(8,2,3,10)13",9,4,0.0,False,10,
202304040411,11,新潟牝馬S(L),芝,2200,晴,稍重,15:20,2023-10-22,新潟,10,7,11,2019106410,ビジン,牝4,55,01168,富田暁,2:15.7,クビ,8-8-2-2,36.3,11.7,6,464(-2),01161,[西]武英智,646031,菅藤孝雄,,"12,7(1,6)4(2,9)(3,5,11)8,10-13",8,3,1.5,False,"12,7(1,6)(2,4,9)(3,5,11)(8,10)13",8,3,1.5,False,"(*12,7,11)1(4,6,9,5)(2,3)(8,10)13",2,3,0.0,False,"(*7,11)12(1,6)(4,9,5)(8,2,3,10)13",2,2,0.0,False,10,
202304040411,11,新潟牝馬S(L),芝,2200,晴,稍重,15:20,2023-10-22,新潟,11,4,5,2019104159,カヨウネンカ,牝4,55,01109,黛弘人,2:16.0,2,8-8-5-6,36.2,46.1,11,468(+6),01086,[東]斎藤誠,629800,ミルファーム,,"12,7(1,6)4(2,9)(3,5,11)8,10-13",8,3,1.5,False,"12,7(1,6)(2,4,9)(3,5,11)(8,10)13",8,3,1.5,False,"(*12,7,11)1(4,6,9,5)(2,3)(8,10)13",5,4,0.0,False,"(*7,11)12(1,6)(4,9,5)(8,2,3,10)13",6,3,0.0,False,10,
202304040411,11,新潟牝馬S(L),芝,2200,晴,稍重,15:20,2023-10-22,新潟,12,5,6,2019102220,モカフラワー,牝4,55,01127,丸山元気,2:17.6,10,3-3-5-4,37.9,14.9,7,458(-2),01020,[東]相沢郁,265006,星野壽市,,"12,7(1,6)4(2,9)(3,5,11)8,10-13",3,2,1.5,False,"12,7(1,6)(2,4,9)(3,5,11)(8,10)13",3,2,1.5,False,"(*12,7,11)1(4,6,9,5)(2,3)(8,10)13",5,4,0.0,False,"(*7,11)12(1,6)(4,9,5)(8,2,3,10)13",4,2,0.0,False,10,
202304040411,11,新潟牝馬S(L),芝,2200,晴,稍重,15:20,2023-10-22,新潟,13,8,12,2018103507,イヤサカ,牝5,55,01034,酒井学,2:18.1,3,1-1-1-3,38.8,31.1,10,488(0),01090,[東]天間昭一,684030,岡田壮史,,"12,7(1,6)4(2,9)(3,5,11)8,10-13",1,1,0.0,False,"12,7(1,6)(2,4,9)(3,5,11)(8,10)13",1,1,0.0,False,"(*12,7,11)1(4,6,9,5)(2,3)(8,10)13",1,3,0.0,True,"(*7,11)12(1,6)(4,9,5)(8,2,3,10)13",3,1,0.0,False,10,
202304040412,12,3歳以上1勝クラス,芝,1000,晴,稍重,16:01,2023-10-22,新潟,1,2,4,2020101262,エコロレジーナ,牝3,55,01161,菊沢一樹,0:55.9,,3,33.2,8.4,5,484(+8),01115,[東]菊沢隆徳,783033,原村正紀,800.0,,,,,,,,,,,,,,,,,,,,,7,
202304040412,12,3歳以上1勝クラス,芝,1000,晴,稍重,16:01,2023-10-22,新潟,2,8,16,2019100677,ビヨンドザタイム,牡4,58,01127,丸山元気,0:56.3,2.1/2,5,33.4,19.3,7,452(+4),01132,[東]金成貴史,086803,レッドマジック,320.0,,,,,,,,,,,,,,,,,,,,,7,
202304040412,12,3歳以上1勝クラス,芝,1000,晴,稍重,16:01,2023-10-22,新潟,3,8,18,2019104568,ビレッジスター,セ4,55,01200,西塚洸二,0:56.4,クビ,10,33.3,18.7,6,446(+8),01180,[西]田中克典,138007,吉田和美,200.0,,,,,,,,,,,,,,,,,,,,,7,
202304040412,12,3歳以上1勝クラス,芝,1000,晴,稍重,16:01,2023-10-22,新潟,4,7,13,2018106612,オリアメンディ,牝5,56,01134,嶋田純次,0:56.5,1/2,13,33.2,26.8,9,478(+6),00428,[東]石毛善彦,629800,ミルファーム,120.0,,,,,,,,,,,,,,,,,,,,,7,
202304040412,12,3歳以上1勝クラス,芝,1000,晴,稍重,16:01,2023-10-22,新潟,5,3,6,2020104911,キュベリン,牝3,53,01164,藤田菜七,0:56.5,クビ,16,32.8,32.2,10,424(-2),01195,[東]嘉藤貴行,607031,武田浩典,80.0,,,,,,,,,,,,,,,,,,,,,7,
202304040412,12,3歳以上1勝クラス,芝,1000,晴,稍重,16:01,2023-10-22,新潟,6,7,15,2018109046,ユイノダンディズム,牡5,54,01206,小林美駒,0:56.5,クビ,5,33.6,3.2,1,472(-6),01152,[東]竹内正洋,044803,由井健太郎,,,,,,,,,,,,,,,,,,,,,,7,
202304040412,12,3歳以上1勝クラス,芝,1000,晴,稍重,16:01,2023-10-22,新潟,7,4,7,2020100482,イルルージュ,牝3,52,01205,小林勝太,0:56.7,3/4,1,34.2,5.4,3,424(-6),01195,[東]嘉藤貴行,716800,ビッグレッドファーム,,,,,,,,,,,,,,,,,,,,,,7,
202304040412,12,3歳以上1勝クラス,芝,1000,晴,稍重,16:01,2023-10-22,新潟,8,3,5,2020106821,ピースフルナイト,牝3,55,01091,丹内祐次,0:56.8,1/2,18,32.8,57.1,13,400(-16),01117,[西]高野友和,536800,大樹ファーム,,,,,,,,,,,,,,,,,,,,,,7,
202304040412,12,3歳以上1勝クラス,芝,1000,晴,稍重,16:01,2023-10-22,新潟,9,8,17,2020105484,ニシノコウダイ,牡3,54,01193,今村聖奈,0:57.2,2.1/2,11,34.0,4.8,2,492(+10),01173,[西]長谷川浩,897009,西山茂行,,,,,,,,,,,,,,,,,,,,,,7,
202304040412,12,3歳以上1勝クラス,芝,1000,晴,稍重,16:01,2023-10-22,新潟,10,6,11,2018100773,ユナイテッドハーツ,牡5,57,01192,横山琉人,0:57.3,3/4,7,34.3,175.6,17,448(0),01116,[東]新開幸一,858800,大塚亮一,,,,,,,,,,,,,,,,,,,,,,7,
202304040412,12,3歳以上1勝クラス,芝,1000,晴,稍重,16:01,2023-10-22,新潟,11,1,2,2017101991,テンジュイン,牝6,56,01168,富田暁,0:57.3,クビ,15,33.7,82.9,15,456(-4),01120,[西]千田輝彦,471033,中村政夫,,,,,,,,,,,,,,,,,,,,,,7,
202304040412,12,3歳以上1勝クラス,芝,1000,晴,稍重,16:01,2023-10-22,新潟,12,5,10,2018106601,テセウス,牡5,56,01183,小林脩斗,0:57.6,1.3/4,7,34.6,69.1,14,444(-4),01074,[東]奥平雅士,629800,ミルファーム,,,,,,,,,,,,,,,,,,,,,,7,
202304040412,12,3歳以上1勝クラス,芝,1000,晴,稍重,16:01,2023-10-22,新潟,13,5,9,2018103120,フロスティクォーツ,牡5,55,01201,水沼元輝,0:57.7,クビ,11,34.5,8.0,4,478(-10),01077,[東]加藤和宏,542800,ライオンレースホース,,,,,,,,,,,,,,,,,,,,,,7,
202304040412,12,3歳以上1勝クラス,芝,1000,晴,稍重,16:01,2023-10-22,新潟,14,6,12,2018101215,クリノヴァニラ,牝5,52,01190,古川奈穂,0:57.8,1/2,17,34.0,43.6,11,500(-2),01135,[西]高橋康之,970006,栗本博晴,,,,,,,,,,,,,,,,,,,,,,7,
202304040412,12,3歳以上1勝クラス,芝,1000,晴,稍重,16:01,2023-10-22,新潟,15,2,3,2018106717,プロトサマニ,牝5,54,01177,小林凌大,0:58.1,1.1/2,2,35.5,266.2,18,502(+10),01010,[東]中野栄治,524033,福澤真吾,,,,,,,,,,,,,,,,,,,,,,7,
202304040412,12,3歳以上1勝クラス,芝,1000,晴,稍重,16:01,2023-10-22,新潟,16,4,8,2020101737,カレンハサウェイ,牝3,52,01195,川端海翼,0:58.7,3.1/2,4,35.9,54.3,12,450(-12),00438,[西]安田隆行,869006,鈴木隆司,,,,,,,,,,,,,,,,,,,,,,7,
202304040412,12,3歳以上1勝クラス,芝,1000,晴,稍重,16:01,2023-10-22,新潟,17,7,14,2018102294,ゲツレンカ,牝5,56,01118,宮崎北斗,0:59.0,1.1/2,14,35.6,164.3,16,448(+12),01094,[東]水野貴広,029007,吉田好雄,,,,,,,,,,,,,,,,,,,,,,7,
202304040412,12,3歳以上1勝クラス,芝,1000,晴,稍重,16:01,2023-10-22,新潟,18,1,1,2020102377,サンタアナテソーロ,牝3,52,01187,永島まな,0:59.3,2,7,36.3,25.7,8,388(+6),01127,[東]栗田徹,089803,了徳寺健二ホールディ...,,,,,,,,,,,,,,,,,,,,,,7,
