race_id,race_number,race_name,surface,distance_m,weather,going,start_time,race_date,racecourse,finish_pos,waku,umaban,horse_id,horse_name,sex_age,kinryo,jockey_id,jockey_name,time,margin,passing_order,last_3f,odds_final,popularity,weight,trainer_id,trainer_name,owner_id,owner_name,prize,corner1_raw,corner1_rank,corner1_group_size,corner1_gap_len_est,corner1_is_leader,corner2_raw,corner2_rank,corner2_group_size,corner2_gap_len_est,corner2_is_leader,corner3_raw,corner3_rank,corner3_group_size,corner3_gap_len_est,corner3_is_leader,corner4_raw,corner4_rank,corner4_group_size,corner4_gap_len_est,corner4_is_leader,track_index,track_comment
202305040401,1,2歳未勝利,ダ,1600,曇,良,10:15,2023-10-14,東京,1,1,1,2021106910,ヘヴンリーハンド,牡2,56,01122,三浦皇成,1:39.2,,9-7,38.1,18.8,6,508(0),01147,[東]武井亮,696031,ＦＡレーシング,550.0,,,,,,,,,,,"5,6,8-9,2(3,4)7,1-(10,11)",9,1,9.5,False,"(*5,6)8-9(2,4)1(3,7)(10,11)",7,1,3.5,False,-7,
202305040401,1,2歳未勝利,ダ,1600,曇,良,10:15,2023-10-14,東京,2,4,4,2021104961,サトノレイズ,牡2,56,01162,木幡巧也,1:39.2,クビ,6-5,38.4,16.7,5,446(+2),01162,[東]田中博康,790031,里見治,220.0,,,,,,,,,,,"5,6,8-9,2(3,4)7,1-(10,11)",6,2,8.0,False,"(*5,6)8-9(2,4)1(3,7)(10,11)",5,2,3.5,False,-7,
202305040401,1,2歳未勝利,ダ,1600,曇,良,10:15,2023-10-14,東京,3,6,6,2021102798,サイモンプレジール,牡2,56,01150,石川裕紀,1:39.4,1,2-2,39.4,2.1,1,468(+2),01167,[東]稲垣幸雄,132030,澤田昭紀,140.0,,,,,,,,,,,"5,6,8-9,2(3,4)7,1-(10,11)",2,1,1.5,False,"(*5,6)8-9(2,4)1(3,7)(10,11)",2,2,0.0,False,-7,
202305040401,1,2歳未勝利,ダ,1600,曇,良,10:15,2023-10-14,東京,4,7,8,2021110130,ドッビアーコ,牡2,56,01126,松山弘平,1:39.4,アタマ,3-3,39.3,2.8,2,518(0),01146,[西]奥村豊,879800,雅苑興業,83.0,,,,,,,,,,,"5,6,8-9,2(3,4)7,1-(10,11)",3,1,3.0,False,"(*5,6)8-9(2,4)1(3,7)(10,11)",3,1,0.0,False,-7,
202305040401,1,2歳未勝利,ダ,1600,曇,良,10:15,2023-10-14,東京,5,7,9,2021106965,アルヴィア,牡2,56,01179,菅原明良,1:39.9,3,4-4,39.3,15.6,4,466(+8),00405,[東]小西一男,842033,小泉修,55.0,,,,,,,,,,,"5,6,8-9,2(3,4)7,1-(10,11)",4,1,6.5,False,"(*5,6)8-9(2,4)1(3,7)(10,11)",4,1,3.5,False,-7,
202305040401,1,2歳未勝利,ダ,1600,曇,良,10:15,2023-10-14,東京,6,5,5,2021105553,デビルシズカチャン,牝2,55,05339,ルメール,1:40.3,2.1/2,1-1,40.4,6.8,3,450(-2),01160,[西]武幸四郎,680031,カカムーチョレーシン...,,,,,,,,,,,,"5,6,8-9,2(3,4)7,1-(10,11)",1,1,0.0,False,"(*5,6)8-9(2,4)1(3,7)(10,11)",1,2,0.0,True,-7,
202305040401,1,2歳未勝利,ダ,1600,曇,良,10:15,2023-10-14,東京,7,8,11,2021104297,ユイノオトシアナ,牡2,53,01207,佐藤翔馬,1:40.9,3.1/2,10-10,39.3,59.7,8,424(-2),01174,[東]深山雅史,044803,由井健太郎,,,,,,,,,,,,"5,6,8-9,2(3,4)7,1-(10,11)",10,2,13.0,False,"(*5,6)8-9(2,4)1(3,7)(10,11)",10,2,3.5,False,-7,
202305040401,1,2歳未勝利,ダ,1600,曇,良,10:15,2023-10-14,東京,8,2,2,2021103057,アーベントイアー,牡2,55,01188,永野猛蔵,1:41.3,2.1/2,5-5,40.4,170.9,9,470(0),01094,[東]水野貴広,013803,ディアレストクラブ,,,,,,,,,,,,"5,6,8-9,2(3,4)7,1-(10,11)",5,1,8.0,False,"(*5,6)8-9(2,4)1(3,7)(10,11)",5,2,3.5,False,-7,
202305040401,1,2歳未勝利,ダ,1600,曇,良,10:15,2023-10-14,東京,9,6,7,2021102830,アンパオ,牝2,54,01181,秋山稔樹,1:42.2,5,8-8,40.8,338.5,11,396(-8),01035,[東]佐藤吉勝,855030,田頭勇貴,,,,,,,,,,,,"5,6,8-9,2(3,4)7,1-(10,11)",8,1,8.0,False,"(*5,6)8-9(2,4)1(3,7)(10,11)",8,2,3.5,False,-7,
202305040401,1,2歳未勝利,ダ,1600,曇,良,10:15,2023-10-14,東京,10,3,3,2021100453,スコア,牡2,56,00422,内田博幸,1:42.2,アタマ,6-8,40.8,34.8,7,454(+6),01127,[東]栗田徹,466033,今村明浩,,,,,,,,,,,,"5,6,8-9,2(3,4)7,1-(10,11)",6,2,8.0,False,"(*5,6)8-9(2,4)1(3,7)(10,11)",8,2,3.5,False,-7,
202305040401,1,2歳未勝利,ダ,1600,曇,良,10:15,2023-10-14,東京,11,8,10,2021109052,トントンプー,牡2,56,01085,松岡正海,1:43.1,5,10-10,41.5,221.7,10,466(0),01010,[東]中野栄治,313008,友水達也,,,,,,,,,,,,"5,6,8-9,2(3,4)7,1-(10,11)",10,2,13.0,False,"(*5,6)8-9(2,4)1(3,7)(10,11)",10,2,3.5,False,-7,
202305040402,2,2歳未勝利,芝,2000,曇,良,10:45,2023-10-14,東京,1,3,3,2021100136,ロードヴェスパー,牡2,56,01170,横山武史,2:02.1,,2-2-2,34.1,3.5,3,436(0),01165,[東]和田勇介,170800,ロードホースクラブ,550.0,,,,,,"5-3,2(4,7)-6=1",2,1,3.5,False,"5-3,2(4,7)6-1",2,1,3.5,False,"5,3,2,4,7,6-1",2,1,1.5,False,-15,開催4日目でAコース4日目。逃げ残りが多く見られ、末脚重視というよりも位置取りが求められる状況。
202305040402,2,2歳未勝利,芝,2000,曇,良,10:45,2023-10-14,東京,2,2,2,2021105885,キャネル,牡2,56,05386,戸崎圭太,2:02.4,1.3/4,3-3-3,34.3,2.8,2,476(+2),01038,[東]手塚貴久,252030,落合幸弘,220.0,,,,,,"5-3,2(4,7)-6=1",3,1,5.0,False,"5-3,2(4,7)6-1",3,1,5.0,False,"5,3,2,4,7,6-1",3,1,3.0,False,-15,開催4日目でAコース4日目。逃げ残りが多く見られ、末脚重視というよりも位置取りが求められる状況。
202305040402,2,2歳未勝利,芝,2000,曇,良,10:45,2023-10-14,東京,3,5,5,2021106811,マイネルモメンタム,牡2,56,01150,石川裕紀,2:02.4,アタマ,1-1-1,34.5,2.4,1,472(0),01020,[東]相沢郁,546800,サラブレッドクラブ・...,140.0,,,,,,"5-3,2(4,7)-6=1",1,1,0.0,False,"5-3,2(4,7)6-1",1,1,0.0,False,"5,3,2,4,7,6-1",1,1,0.0,False,-15,開催4日目でAコース4日目。逃げ残りが多く見られ、末脚重視というよりも位置取りが求められる状況。
202305040402,2,2歳未勝利,芝,2000,曇,良,10:45,2023-10-14,東京,4,6,6,2021100817,プリティキッス,牝2,55,01092,津村明秀,2:02.7,1.3/4,6-6-6,34.1,83.1,6,448(0),01112,[東]田島俊明,546800,サラブレッドクラブ・...,83.0,,,,,,"5-3,2(4,7)-6=1",6,1,8.5,False,"5-3,2(4,7)6-1",6,1,5.0,False,"5,3,2,4,7,6-1",6,1,7.5,False,-15,開催4日目でAコース4日目。逃げ残りが多く見られ、末脚重視というよりも位置取りが求められる状況。
202305040402,2,2歳未勝利,芝,2000,曇,良,10:45,2023-10-14,東京,5,1,1,2021105978,ルーベンス,牡2,56,01179,菅原明良,2:02.8,クビ,7-7-7,33.6,8.8,4,516(+6),01017,[東]萩原清,172002,池谷誠一,55.0,,,,,,"5-3,2(4,7)-6=1",7,1,14.5,False,"5-3,2(4,7)6-1",7,1,8.5,False,"5,3,2,4,7,6-1",7,1,11.0,False,-15,開催4日目でAコース4日目。逃げ残りが多く見られ、末脚重視というよりも位置取りが求められる状況。
202305040402,2,2歳未勝利,芝,2000,曇,良,10:45,2023-10-14,東京,6,4,4,2021106209,プレジール,牡2,55,01188,永野猛蔵,2:02.8,ハナ,4-4-4,34.5,64.3,5,460(+2),01195,[東]嘉藤貴行,030803,コスモヴューファーム,,,,,,,"5-3,2(4,7)-6=1",4,2,5.0,False,"5-3,2(4,7)6-1",4,2,5.0,False,"5,3,2,4,7,6-1",4,1,4.5,False,-15,開催4日目でAコース4日目。逃げ残りが多く見られ、末脚重視というよりも位置取りが求められる状況。
202305040402,2,2歳未勝利,芝,2000,曇,良,10:45,2023-10-14,東京,7,7,7,2021104369,ワタシキレイ,牝2,52,01207,佐藤翔馬,2:03.5,4,4-4-5,35.1,148.2,7,432(0),01187,[東]西田雄一,044803,由井健太郎,,,,,,,"5-3,2(4,7)-6=1",4,2,5.0,False,"5-3,2(4,7)6-1",4,2,5.0,False,"5,3,2,4,7,6-1",5,1,6.0,False,-15,開催4日目でAコース4日目。逃げ残りが多く見られ、末脚重視というよりも位置取りが求められる状況。
202305040403,3,2歳新馬,芝,1400,晴,良,11:15,2023-10-14,東京,1,4,7,2021110160,ソンシ,牡2,56,01088,川田将雅,1:22.8,,3-3,34.1,3.2,1,480(0),01137,[西]中内田充,232031,藤田晋,720.0,,,,,,,,,,,"(3,*6)7(9,10,11)2(5,15,12)8(14,16)18-13(1,17)-4",3,1,0.0,False,"(3,*6)7(2,9,10)(8,5,11)15(18,14,12)16,13(1,17)4",3,1,0.0,False,-15,開催4日目でAコース4日目。逃げ残りが多く見られ、末脚重視というよりも位置取りが求められる状況。
202305040403,3,2歳新馬,芝,1400,晴,良,11:15,2023-10-14,東京,2,3,6,2021110059,エリカマルゲリータ,牝2,55,05212,Ｍ．デム,1:23.0,1,1-1,34.4,11.4,5,470(0),01164,[西]安田翔伍,613031,唐澤絵里加,290.0,,,,,,,,,,,"(3,*6)7(9,10,11)2(5,15,12)8(14,16)18-13(1,17)-4",1,2,0.0,True,"(3,*6)7(2,9,10)(8,5,11)15(18,14,12)16,13(1,17)4",1,2,0.0,True,-15,開催4日目でAコース4日目。逃げ残りが多く見られ、末脚重視というよりも位置取りが求められる状況。
202305040403,3,2歳新馬,芝,1400,晴,良,11:15,2023-10-14,東京,3,7,13,2021103284,ウォーオブサウンド,牡2,56,01170,横山武史,1:23.4,2.1/2,15-15,33.7,17.5,7,490(0),01017,[東]萩原清,271008,安原浩司,180.0,,,,,,,,,,,"(3,*6)7(9,10,11)2(5,15,12)8(14,16)18-13(1,17)-4",15,1,3.5,False,"(3,*6)7(2,9,10)(8,5,11)15(18,14,12)16,13(1,17)4",15,1,1.5,False,-15,開催4日目でAコース4日目。逃げ残りが多く見られ、末脚重視というよりも位置取りが求められる状況。
202305040403,3,2歳新馬,芝,1400,晴,良,11:15,2023-10-14,東京,4,5,9,2021105907,フォートボヤール,牡2,56,05339,ルメール,1:23.5,1/2,4-4,34.7,3.6,2,484(0),01182,[東]辻哲英,226800,サンデーレーシング,110.0,,,,,,,,,,,"(3,*6)7(9,10,11)2(5,15,12)8(14,16)18-13(1,17)-4",4,3,0.0,False,"(3,*6)7(2,9,10)(8,5,11)15(18,14,12)16,13(1,17)4",4,3,0.0,False,-15,開催4日目でAコース4日目。逃げ残りが多く見られ、末脚重視というよりも位置取りが求められる状況。
202305040403,3,2歳新馬,芝,1400,晴,良,11:15,2023-10-14,東京,5,1,1,2021105076,エンツォ,牡2,56,05203,岩田康誠,1:23.7,1.1/2,16-16,33.8,95.7,11,440(0),01165,[東]和田勇介,340031,小山大介,72.0,,,,,,,,,,,"(3,*6)7(9,10,11)2(5,15,12)8(14,16)18-13(1,17)-4",16,2,3.5,False,"(3,*6)7(2,9,10)(8,5,11)15(18,14,12)16,13(1,17)4",16,2,1.5,False,-15,開催4日目でAコース4日目。逃げ残りが多く見られ、末脚重視というよりも位置取りが求められる状況。
202305040403,3,2歳新馬,芝,1400,晴,良,11:15,2023-10-14,東京,6,6,12,2021110104,エコロエイト,牡2,56,01126,松山弘平,1:23.9,1.1/4,8-11,34.6,6.3,3,488(0),01105,[西]須貝尚介,783033,原村正紀,,,,,,,,,,,,"(3,*6)7(9,10,11)2(5,15,12)8(14,16)18-13(1,17)-4",8,3,0.0,False,"(3,*6)7(2,9,10)(8,5,11)15(18,14,12)16,13(1,17)4",11,3,0.0,False,-15,開催4日目でAコース4日目。逃げ残りが多く見られ、末脚重視というよりも位置取りが求められる状況。
202305040403,3,2歳新馬,芝,1400,晴,良,11:15,2023-10-14,東京,7,8,17,2021103550,キープライジング,牝2,55,01117,丸田恭介,1:24.0,1/2,16-16,34.0,12.6,6,466(0),01145,[東]奥村武,851009,岡田牧雄,,,,,,,,,,,,"(3,*6)7(9,10,11)2(5,15,12)8(14,16)18-13(1,17)-4",16,2,3.5,False,"(3,*6)7(2,9,10)(8,5,11)15(18,14,12)16,13(1,17)4",16,2,1.5,False,-15,開催4日目でAコース4日目。逃げ残りが多く見られ、末脚重視というよりも位置取りが求められる状況。
202305040403,3,2歳新馬,芝,1400,晴,良,11:15,2023-10-14,東京,8,4,8,2021101677,ソルレース,牝2,55,05386,戸崎圭太,1:24.3,1.3/4,11-7,35.2,8.5,4,468(0),01162,[東]田中博康,003060,ゴドルフィン,,,,,,,,,,,,"(3,*6)7(9,10,11)2(5,15,12)8(14,16)18-13(1,17)-4",11,1,0.0,False,"(3,*6)7(2,9,10)(8,5,11)15(18,14,12)16,13(1,17)4",7,3,0.0,False,-15,開催4日目でAコース4日目。逃げ残りが多く見られ、末脚重視というよりも位置取りが求められる状況。
202305040403,3,2歳新馬,芝,1400,晴,良,11:15,2023-10-14,東京,9,1,2,2021103986,グラスファイン,牝2,55,01162,木幡巧也,1:24.4,1,7-4,35.6,160.6,15,438(0),01035,[東]佐藤吉勝,541800,半沢,,,,,,,,,,,,"(3,*6)7(9,10,11)2(5,15,12)8(14,16)18-13(1,17)-4",7,1,0.0,False,"(3,*6)7(2,9,10)(8,5,11)15(18,14,12)16,13(1,17)4",4,3,0.0,False,-15,開催4日目でAコース4日目。逃げ残りが多く見られ、末脚重視というよりも位置取りが求められる状況。
202305040403,3,2歳新馬,芝,1400,晴,良,11:15,2023-10-14,東京,10,8,18,2021100449,グランテミス,牝2,55,01157,鮫島克駿,1:24.5,クビ,14-11,35.2,86.8,10,456(0),01123,[西]牧田和弥,152033,間宮秀直,,,,,,,,,,,,"(3,*6)7(9,10,11)2(5,15,12)8(14,16)18-13(1,17)-4",14,1,0.0,False,"(3,*6)7(2,9,10)(8,5,11)15(18,14,12)16,13(1,17)4",11,3,0.0,False,-15,開催4日目でAコース4日目。逃げ残りが多く見られ、末脚重視というよりも位置取りが求められる状況。
202305040403,3,2歳新馬,芝,1400,晴,良,11:15,2023-10-14,東京,11,6,11,2021106315,サンスイシサン,牡2,56,01135,杉原誠人,1:24.5,ハナ,4-7,35.5,194.0,16,436(0),01077,[東]加藤和宏,911800,スピードファーム,,,,,,,,,,,,"(3,*6)7(9,10,11)2(5,15,12)8(14,16)18-13(1,17)-4",4,3,0.0,False,"(3,*6)7(2,9,10)(8,5,11)15(18,14,12)16,13(1,17)4",7,3,0.0,False,-15,開催4日目でAコース4日目。逃げ残りが多く見られ、末脚重視というよりも位置取りが求められる状況。
202305040403,3,2歳新馬,芝,1400,晴,良,11:15,2023-10-14,東京,12,8,16,2021103699,フレンドマキ,牝2,55,01134,嶋田純次,1:24.5,クビ,12-14,35.0,248.9,18,438(0),00437,[東]南田美知,145030,横尾晴人,,,,,,,,,,,,"(3,*6)7(9,10,11)2(5,15,12)8(14,16)18-13(1,17)-4",12,2,0.0,False,"(3,*6)7(2,9,10)(8,5,11)15(18,14,12)16,13(1,17)4",14,1,0.0,False,-15,開催4日目でAコース4日目。逃げ残りが多く見られ、末脚重視というよりも位置取りが求められる状況。
202305040403,3,2歳新馬,芝,1400,晴,良,11:15,2023-10-14,東京,13,7,14,2021102074,ヤマタケボヌール,牝2,55,00726,岩部純二,1:24.6,クビ,12-11,35.3,155.6,14,416(0),01024,[東]萱野浩二,631002,山中和子,,,,,,,,,,,,"(3,*6)7(9,10,11)2(5,15,12)8(14,16)18-13(1,17)-4",12,2,0.0,False,"(3,*6)7(2,9,10)(8,5,11)15(18,14,12)16,13(1,17)4",11,3,0.0,False,-15,開催4日目でAコース4日目。逃げ残りが多く見られ、末脚重視というよりも位置取りが求められる状況。
202305040403,3,2歳新馬,芝,1400,晴,良,11:15,2023-10-14,東京,14,7,15,2021100974,キタノアマポーラ,牝2,55,01179,菅原明良,1:24.8,1.1/4,8-10,35.6,37.9,8,416(0),00412,[東]高橋裕,163002,北所直人,,,,,,,,,,,,"(3,*6)7(9,10,11)2(5,15,12)8(14,16)18-13(1,17)-4",8,3,0.0,False,"(3,*6)7(2,9,10)(8,5,11)15(18,14,12)16,13(1,17)4",10,1,0.0,False,-15,開催4日目でAコース4日目。逃げ残りが多く見られ、末脚重視というよりも位置取りが求められる状況。
202305040403,3,2歳新馬,芝,1400,晴,良,11:15,2023-10-14,東京,15,3,5,2021107348,グローリーロード,牡2,56,01122,三浦皇成,1:24.9,3/4,8-7,35.8,43.4,9,454(0),01196,[西]西園翔太,721008,久保博文,,,,,,,,,,,,"(3,*6)7(9,10,11)2(5,15,12)8(14,16)18-13(1,17)-4",8,3,0.0,False,"(3,*6)7(2,9,10)(8,5,11)15(18,14,12)16,13(1,17)4",7,3,0.0,False,-15,開催4日目でAコース4日目。逃げ残りが多く見られ、末脚重視というよりも位置取りが求められる状況。
202305040403,3,2歳新馬,芝,1400,晴,良,11:15,2023-10-14,東京,16,2,4,2021100373,ティファニーアイス,牝2,54,01188,永野猛蔵,1:24.9,クビ,18-18,34.7,195.6,17,436(0),01094,[東]水野貴広,029007,吉田好雄,,,,,,,,,,,,"(3,*6)7(9,10,11)2(5,15,12)8(14,16)18-13(1,17)-4",18,1,7.0,False,"(3,*6)7(2,9,10)(8,5,11)15(18,14,12)16,13(1,17)4",18,1,1.5,False,-15,開催4日目でAコース4日目。逃げ残りが多く見られ、末脚重視というよりも位置取りが求められる状況。
202305040403,3,2歳新馬,芝,1400,晴,良,11:15,2023-10-14,東京,17,5,10,2021103926,アルジョンテ,牡2,53,01207,佐藤翔馬,1:25.0,クビ,4-4,36.1,154.5,13,426(0),01171,[東]小手川準,349803,住宅データ,,,,,,,,,,,,"(3,*6)7(9,10,11)2(5,15,12)8(14,16)18-13(1,17)-4",4,3,0.0,False,"(3,*6)7(2,9,10)(8,5,11)15(18,14,12)16,13(1,17)4",4,3,0.0,False,-15,開催4日目でAコース4日目。逃げ残りが多く見られ、末脚重視というよりも位置取りが求められる状況。
202305040403,3,2歳新馬,芝,1400,晴,良,11:15,2023-10-14,東京,18,2,3,2021106973,ラトレラ,牝2,55,01118,宮崎北斗,1:25.1,3/4,2-2,36.5,137.8,12,482(0),01081,[東]中川公成,065803,京都ホースレーシング,,,,,,,,,,,,"(3,*6)7(9,10,11)2(5,15,12)8(14,16)18-13(1,17)-4",2,2,0.0,False,"(3,*6)7(2,9,10)(8,5,11)15(18,14,12)16,13(1,17)4",2,2,0.0,False,-15,開催4日目でAコース4日目。逃げ残りが多く見られ、末脚重視というよりも位置取りが求められる状況。
202305040404,4,3歳以上1勝クラス,ダ,1600,晴,良,11:45,2023-10-14,東京,1,4,5,2020102896,ロミオボス,牡3,56,05339,ルメール,1:37.5,,9-9,37.3,11.7,2,478(0),01059,[東]加藤征弘,032030,加藤正二郎,800.0,,,,,,,,,,,"(2,*3)(1,4,13)(6,8,10)-5(7,9)-11=12",9,1,3.5,False,"(2,*3)(1,4,13)(6,8,10)(7,9,5)-11=12",9,3,0.0,False,-7,
202305040404,4,3歳以上1勝クラス,ダ,1600,晴,良,11:45,2023-10-14,東京,2,6,9,2020106166,ヒルズカーン,牡3,56,00733,吉田豊,1:37.8,1.1/2,10-9,37.6,173.4,12,490(+14),01093,[東]松永康利,171002,湯澤寛,320.0,,,,,,,,,,,"(2,*3)(1,4,13)(6,8,10)-5(7,9)-11=12",10,2,3.5,False,"(2,*3)(1,4,13)(6,8,10)(7,9,5)-11=12",9,3,0.0,False,-7,
202305040404,4,3歳以上1勝クラス,ダ,1600,晴,良,11:45,2023-10-14,東京,3,2,2,2020100631,ブレイゼスト,牡3,56,01126,松山弘平,1:37.8,ハナ,2-2,38.4,1.1,1,532(-4),01106,[東]牧光二,482002,水上行雄,200.0,,,,,,,,,,,"(2,*3)(1,4,13)(6,8,10)-5(7,9)-11=12",2,2,0.0,False,"(2,*3)(1,4,13)(6,8,10)(7,9,5)-11=12",2,2,0.0,False,-7,
202305040404,4,3歳以上1勝クラス,ダ,1600,晴,良,11:45,2023-10-14,東京,4,7,10,2019105456,ダノンフューチャー,牡4,58,05212,Ｍ．デム,1:37.9,1/2,6-6,38.0,38.6,8,508(-2),01158,[西]寺島良,619800,ダノックス,120.0,,,,,,,,,,,"(2,*3)(1,4,13)(6,8,10)-5(7,9)-11=12",6,3,0.0,False,"(2,*3)(1,4,13)(6,8,10)(7,9,5)-11=12",6,3,0.0,False,-7,
202305040404,4,3歳以上1勝クラス,ダ,1600,晴,良,11:45,2023-10-14,東京,5,1,1,2020102771,トリオンファーレ,セ3,56,01150,石川裕紀,1:38.4,3,3-3,38.7,28.3,6,468(+8),01086,[東]斎藤誠,686006,平井裕,80.0,,,,,,,,,,,"(2,*3)(1,4,13)(6,8,10)-5(7,9)-11=12",3,3,0.0,False,"(2,*3)(1,4,13)(6,8,10)(7,9,5)-11=12",3,3,0.0,False,-7,
202305040404,4,3歳以上1勝クラス,ダ,1600,晴,良,11:45,2023-10-14,東京,6,5,7,2020101008,キープブライトン,牡3,56,01075,田辺裕信,1:38.5,1/2,10-9,38.2,18.8,4,458(+8),01127,[東]栗田徹,440030,高嶋航,,,,,,,,,,,,"(2,*3)(1,4,13)(6,8,10)-5(7,9)-11=12",10,2,3.5,False,"(2,*3)(1,4,13)(6,8,10)(7,9,5)-11=12",9,3,0.0,False,-7,
202305040404,4,3歳以上1勝クラス,ダ,1600,晴,良,11:45,2023-10-14,東京,7,4,4,2020101230,ヤングワールド,牡3,56,01134,嶋田純次,1:38.8,2,3-3,39.1,19.8,5,560(+16),01038,[東]手塚貴久,491030,藤田在子,,,,,,,,,,,,"(2,*3)(1,4,13)(6,8,10)-5(7,9)-11=12",3,3,0.0,False,"(2,*3)(1,4,13)(6,8,10)(7,9,5)-11=12",3,3,0.0,False,-7,
202305040404,4,3歳以上1勝クラス,ダ,1600,晴,良,11:45,2023-10-14,東京,8,6,8,2020105137,ヴァンナチュール,牡3,56,01092,津村明秀,1:38.9,クビ,6-6,39.0,33.5,7,456(0),01163,[東]林徹,486031,徳永雅樹,,,,,,,,,,,,"(2,*3)(1,4,13)(6,8,10)-5(7,9)-11=12",6,3,0.0,False,"(2,*3)(1,4,13)(6,8,10)(7,9,5)-11=12",6,3,0.0,False,-7,
202305040404,4,3歳以上1勝クラス,ダ,1600,晴,良,11:45,2023-10-14,東京,9,8,12,2019105996,ベンテイガ,牡4,58,00422,内田博幸,1:38.9,クビ,13-13,37.1,41.7,9,510(-5),01054,[東]戸田博文,346803,吉澤ホールディングス,,,,,,,,,,,,"(2,*3)(1,4,13)(6,8,10)-5(7,9)-11=12",13,1,13.0,False,"(2,*3)(1,4,13)(6,8,10)(7,9,5)-11=12",13,1,9.5,False,-7,
202305040404,4,3歳以上1勝クラス,ダ,1600,晴,良,11:45,2023-10-14,東京,10,3,3,2020105101,ロジホーム,牡3,56,01131,西村太一,1:39.3,2.1/2,1-1,39.9,51.5,10,552(+2),01102,[東]大竹正博,399030,久米田正明,,,,,,,,,,,,"(2,*3)(1,4,13)(6,8,10)-5(7,9)-11=12",1,2,0.0,True,"(2,*3)(1,4,13)(6,8,10)(7,9,5)-11=12",1,2,0.0,True,-7,
202305040404,4,3歳以上1勝クラス,ダ,1600,晴,良,11:45,2023-10-14,東京,11,5,6,2019103427,イエヴァンポルッカ,牡4,57,01188,永野猛蔵,1:39.4,クビ,6-6,39.4,14.9,3,502(+2),01023,[東]伊藤圭三,542800,ライオンレースホース,,,,,,,,,,,,"(2,*3)(1,4,13)(6,8,10)-5(7,9)-11=12",6,3,0.0,False,"(2,*3)(1,4,13)(6,8,10)(7,9,5)-11=12",6,3,0.0,False,-7,
202305040404,4,3歳以上1勝クラス,ダ,1600,晴,良,11:45,2023-10-14,東京,12,8,13,2020103503,クロスライセンス,牡3,56,01043,北村宏司,1:40.1,4,3-3,40.4,128.9,11,452(+14),01097,[東]鹿戸雄一,226800,サンデーレーシング,,,,,,,,,,,,"(2,*3)(1,4,13)(6,8,10)-5(7,9)-11=12",3,3,0.0,False,"(2,*3)(1,4,13)(6,8,10)(7,9,5)-11=12",3,3,0.0,False,-7,
202305040404,4,3歳以上1勝クラス,ダ,1600,晴,良,11:45,2023-10-14,東京,13,7,11,2016102333,マーベラスアゲン,牡7,58,01135,杉原誠人,1:41.5,9,12-12,40.8,401.3,13,482(+14),01077,[東]加藤和宏,350004,浅川皓司,,,,,,,,,,,,"(2,*3)(1,4,13)(6,8,10)-5(7,9)-11=12",12,1,7.0,False,"(2,*3)(1,4,13)(6,8,10)(7,9,5)-11=12",12,1,3.5,False,-7,
202305040405,5,2歳新馬,芝,1800,晴,良,12:35,2023-10-14,東京,1,8,11,2021105040,ルカランフィースト,牡2,56,01126,松山弘平,1:49.3,,2-2-2,33.6,5.2,3,462(0),01097,[東]鹿戸雄一,415800,社台レースホース,720.0,,,,,,"9,11(2,3,8)10,1-6(5,7)-4",2,1,1.5,False,"9,11,8,10(2,3)1-6,5,7,4",2,1,1.5,False,"9(8,11)10(2,3)(5,1)6,4,7",2,2,0.0,False,-15,開催4日目でAコース4日目。逃げ残りが多く見られ、末脚重視というよりも位置取りが求められる状況。
202305040405,5,2歳新馬,芝,1800,晴,良,12:35,2023-10-14,東京,2,7,9,2021105777,ボーモンド,牡2,56,05339,ルメール,1:49.4,3/4,1-1-1,33.9,2.1,1,474(0),00399,[東]国枝栄,226800,サンデーレーシング,290.0,,,,,,"9,11(2,3,8)10,1-6(5,7)-4",1,1,0.0,False,"9,11,8,10(2,3)1-6,5,7,4",1,1,0.0,False,"9(8,11)10(2,3)(5,1)6,4,7",1,1,0.0,False,-15,開催4日目でAコース4日目。逃げ残りが多く見られ、末脚重視というよりも位置取りが求められる状況。
202305040405,5,2歳新馬,芝,1800,晴,良,12:35,2023-10-14,東京,3,7,8,2021104968,オルドヴァイ,牡2,56,01088,川田将雅,1:49.7,1.1/2,3-3-2,33.9,2.8,2,450(0),01137,[西]中内田充,415800,社台レースホース,180.0,,,,,,"9,11(2,3,8)10,1-6(5,7)-4",3,3,1.5,False,"9,11,8,10(2,3)1-6,5,7,4",3,1,3.0,False,"9(8,11)10(2,3)(5,1)6,4,7",2,2,0.0,False,-15,開催4日目でAコース4日目。逃げ残りが多く見られ、末脚重視というよりも位置取りが求められる状況。
202305040405,5,2歳新馬,芝,1800,晴,良,12:35,2023-10-14,東京,4,8,10,2021105518,ヴェラベレッツァ,牝2,55,01179,菅原明良,1:50.3,3.1/2,6-4-4,34.3,11.9,4,466(0),01068,[東]小島茂之,486800,キャロットファーム,110.0,,,,,,"9,11(2,3,8)10,1-6(5,7)-4",6,1,1.5,False,"9,11,8,10(2,3)1-6,5,7,4",4,1,4.5,False,"9(8,11)10(2,3)(5,1)6,4,7",4,1,0.0,False,-15,開催4日目でAコース4日目。逃げ残りが多く見られ、末脚重視というよりも位置取りが求められる状況。
202305040405,5,2歳新馬,芝,1800,晴,良,12:35,2023-10-14,東京,5,1,1,2021105733,クランプダンス,牝2,55,00422,内田博幸,1:50.9,3.1/2,7-7-7,34.5,19.9,5,454(0),01175,[東]宮田敬介,486800,キャロットファーム,72.0,,,,,,"9,11(2,3,8)10,1-6(5,7)-4",7,1,3.0,False,"9,11,8,10(2,3)1-6,5,7,4",7,1,4.5,False,"9(8,11)10(2,3)(5,1)6,4,7",7,2,0.0,False,-15,開催4日目でAコース4日目。逃げ残りが多く見られ、末脚重視というよりも位置取りが求められる状況。
202305040405,5,2歳新馬,芝,1800,晴,良,12:35,2023-10-14,東京,6,5,5,2021106833,レクエルダメ,牝2,55,01135,杉原誠人,1:50.9,クビ,9-9-7,34.5,252.9,11,440(0),01090,[東]天間昭一,716800,ビッグレッドファーム,,,,,,,"9,11(2,3,8)10,1-6(5,7)-4",9,2,6.5,False,"9,11,8,10(2,3)1-6,5,7,4",9,1,9.5,False,"9(8,11)10(2,3)(5,1)6,4,7",7,2,0.0,False,-15,開催4日目でAコース4日目。逃げ残りが多く見られ、末脚重視というよりも位置取りが求められる状況。
202305040405,5,2歳新馬,芝,1800,晴,良,12:35,2023-10-14,東京,7,6,7,2021104974,ヒットアンドロール,牡2,56,01117,丸田恭介,1:51.6,4,9-10-11,34.8,84.1,7,442(0),00420,[東]宗像義忠,960006,薗部博之,,,,,,,"9,11(2,3,8)10,1-6(5,7)-4",9,2,6.5,False,"9,11,8,10(2,3)1-6,5,7,4",10,1,11.0,False,"9(8,11)10(2,3)(5,1)6,4,7",11,1,3.0,False,-15,開催4日目でAコース4日目。逃げ残りが多く見られ、末脚重視というよりも位置取りが求められる状況。
202305040405,5,2歳新馬,芝,1800,晴,良,12:35,2023-10-14,東京,8,2,2,2021100029,ネオグラン,牝2,55,01143,原田和真,1:51.7,3/4,3-5-5,35.6,207.1,10,438(0),01125,[東]小野次郎,502033,西田俊二,,,,,,,"9,11(2,3,8)10,1-6(5,7)-4",3,3,1.5,False,"9,11,8,10(2,3)1-6,5,7,4",5,2,4.5,False,"9(8,11)10(2,3)(5,1)6,4,7",5,2,0.0,False,-15,開催4日目でAコース4日目。逃げ残りが多く見られ、末脚重視というよりも位置取りが求められる状況。
202305040405,5,2歳新馬,芝,1800,晴,良,12:35,2023-10-14,東京,9,6,6,2021106780,クーペ,牡2,56,01150,石川裕紀,1:51.8,1/2,8-8-9,35.2,123.5,8,450(0),01047,[東]勢司和浩,716800,ビッグレッドファーム,,,,,,,"9,11(2,3,8)10,1-6(5,7)-4",8,1,6.5,False,"9,11,8,10(2,3)1-6,5,7,4",8,1,8.0,False,"9(8,11)10(2,3)(5,1)6,4,7",9,1,0.0,False,-15,開催4日目でAコース4日目。逃げ残りが多く見られ、末脚重視というよりも位置取りが求められる状況。
202305040405,5,2歳新馬,芝,1800,晴,良,12:35,2023-10-14,東京,10,4,4,2021103309,ワンダフルスパート,牡2,56,00684,田中勝春,1:52.2,2.1/2,11-11-10,35.5,149.1,9,484(0),01063,[東]的場均,598002,日向均,,,,,,,"9,11(2,3,8)10,1-6(5,7)-4",11,1,10.0,False,"9,11,8,10(2,3)1-6,5,7,4",11,1,12.5,False,"9(8,11)10(2,3)(5,1)6,4,7",10,1,1.5,False,-15,開催4日目でAコース4日目。逃げ残りが多く見られ、末脚重視というよりも位置取りが求められる状況。
202305040405,5,2歳新馬,芝,1800,晴,良,12:35,2023-10-14,東京,11,3,3,2021102627,ミユキフォーエバー,牝2,55,01162,木幡巧也,1:52.7,3,3-5-5,36.6,33.2,6,440(0),01106,[東]牧光二,890007,長井純一,,,,,,,"9,11(2,3,8)10,1-6(5,7)-4",3,3,1.5,False,"9,11,8,10(2,3)1-6,5,7,4",5,2,4.5,False,"9(8,11)10(2,3)(5,1)6,4,7",5,2,0.0,False,-15,開催4日目でAコース4日目。逃げ残りが多く見られ、末脚重視というよりも位置取りが求められる状況。
202305040406,6,3歳以上1勝クラス,ダ,1400,晴,良,13:05,2023-10-14,東京,1,4,7,2020103985,グラスシフォン,牝3,54,01092,津村明秀,1:25.2,,9-11,35.5,4.3,2,422(0),01100,[東]松山将樹,541800,半沢,800.0,,,,,,,,,,,"(*13,11)(10,6)12-(4,8)16(7,5)(2,3,1)-15,9,14",9,2,3.5,False,"13(11,6)10(8,12)(4,5,16)1(7,3)2,15,9-14",11,2,0.0,False,-7,
202305040406,6,3歳以上1勝クラス,ダ,1400,晴,良,13:05,2023-10-14,東京,2,4,8,2020106771,トモジャシーマ,牡3,56,01170,横山武史,1:25.3,1/2,6-5,36.2,2.6,1,498(-4),01026,[東]鈴木伸尋,238033,吉冨朝美,320.0,,,,,,,,,,,"(*13,11)(10,6)12-(4,8)16(7,5)(2,3,1)-15,9,14",6,2,3.5,False,"13(11,6)10(8,12)(4,5,16)1(7,3)2,15,9-14",5,2,0.0,False,-7,
202305040406,6,3歳以上1勝クラス,ダ,1400,晴,良,13:05,2023-10-14,東京,3,3,6,2020106930,シャーンゴッセ,牡3,56,05339,ルメール,1:25.3,ハナ,3-2,36.7,13.2,5,504(+2),01191,[東]蛯名正義,356803,インゼルレーシング,200.0,,,,,,,,,,,"(*13,11)(10,6)12-(4,8)16(7,5)(2,3,1)-15,9,14",3,2,0.0,False,"13(11,6)10(8,12)(4,5,16)1(7,3)2,15,9-14",2,2,0.0,False,-7,
202305040406,6,3歳以上1勝クラス,ダ,1400,晴,良,13:05,2023-10-14,東京,4,8,16,2020104174,レジーナローズ,牝3,53,01181,秋山稔樹,1:25.9,3.1/2,8-7,36.6,10.1,4,442(-2),01179,[東]鈴木慎太,695033,永山勝敏,120.0,,,,,,,,,,,"(*13,11)(10,6)12-(4,8)16(7,5)(2,3,1)-15,9,14",8,1,3.5,False,"13(11,6)10(8,12)(4,5,16)1(7,3)2,15,9-14",7,3,0.0,False,-7,
202305040406,6,3歳以上1勝クラス,ダ,1400,晴,良,13:05,2023-10-14,東京,5,1,2,2020104318,オーラビルス,牡3,56,01179,菅原明良,1:26.1,1.1/4,11-13,36.3,6.2,3,514(0),01068,[東]小島茂之,616031,高橋徳昭,80.0,,,,,,,,,,,"(*13,11)(10,6)12-(4,8)16(7,5)(2,3,1)-15,9,14",11,3,3.5,False,"13(11,6)10(8,12)(4,5,16)1(7,3)2,15,9-14",13,1,0.0,False,-7,
202305040406,6,3歳以上1勝クラス,ダ,1400,晴,良,13:05,2023-10-14,東京,6,3,5,2019104548,イスラグランデ,セ4,58,01122,三浦皇成,1:26.3,1,9-7,36.9,20.0,9,532(+2),01028,[西]西園正都,415800,社台レースホース,,,,,,,,,,,,"(*13,11)(10,6)12-(4,8)16(7,5)(2,3,1)-15,9,14",9,2,3.5,False,"13(11,6)10(8,12)(4,5,16)1(7,3)2,15,9-14",7,3,0.0,False,-7,
202305040406,6,3歳以上1勝クラス,ダ,1400,晴,良,13:05,2023-10-14,東京,7,5,10,2019105754,ルプランドル,牝4,55,01188,永野猛蔵,1:26.6,2,3-4,37.8,31.1,10,480(+10),01024,[東]萱野浩二,393803,ＫＡＪＩＭＯＴＯホー...,,,,,,,,,,,,"(*13,11)(10,6)12-(4,8)16(7,5)(2,3,1)-15,9,14",3,2,0.0,False,"13(11,6)10(8,12)(4,5,16)1(7,3)2,15,9-14",4,1,0.0,False,-7,
202305040406,6,3歳以上1勝クラス,ダ,1400,晴,良,13:05,2023-10-14,東京,8,1,1,2019101263,アポロリヤム,セ4,58,01157,鮫島克駿,1:26.6,アタマ,11-10,37.1,99.2,13,450(+2),01165,[東]和田勇介,036034,中村伊三美,,,,,,,,,,,,"(*13,11)(10,6)12-(4,8)16(7,5)(2,3,1)-15,9,14",11,3,3.5,False,"13(11,6)10(8,12)(4,5,16)1(7,3)2,15,9-14",10,1,0.0,False,-7,
202305040406,6,3歳以上1勝クラス,ダ,1400,晴,良,13:05,2023-10-14,東京,9,5,9,2020104545,スマートメイプル,牝3,54,05386,戸崎圭太,1:26.7,クビ,15-15,36.5,13.7,6,470(+10),01075,[西]矢作芳人,007803,大川徹,,,,,,,,,,,,"(*13,11)(10,6)12-(4,8)16(7,5)(2,3,1)-15,9,14",15,1,8.5,False,"13(11,6)10(8,12)(4,5,16)1(7,3)2,15,9-14",15,1,3.0,False,-7,
202305040406,6,3歳以上1勝クラス,ダ,1400,晴,良,13:05,2023-10-14,東京,10,8,15,2020106973,デイドリームビーチ,牡3,56,01134,嶋田純次,1:26.7,アタマ,14-14,36.8,439.9,15,450(+10),00428,[東]石毛善彦,629800,ミルファーム,,,,,,,,,,,,"(*13,11)(10,6)12-(4,8)16(7,5)(2,3,1)-15,9,14",14,1,7.0,False,"13(11,6)10(8,12)(4,5,16)1(7,3)2,15,9-14",14,1,1.5,False,-7,
202305040406,6,3歳以上1勝クラス,ダ,1400,晴,良,13:05,2023-10-14,東京,11,6,12,2019102728,サフランブライト,牡4,58,01162,木幡巧也,1:26.7,アタマ,5-5,37.7,83.0,11,528(+4),00405,[東]小西一男,471002,海原聖一,,,,,,,,,,,,"(*13,11)(10,6)12-(4,8)16(7,5)(2,3,1)-15,9,14",5,1,0.0,False,"13(11,6)10(8,12)(4,5,16)1(7,3)2,15,9-14",5,2,0.0,False,-7,
202305040406,6,3歳以上1勝クラス,ダ,1400,晴,良,13:05,2023-10-14,東京,12,7,14,2020100552,ルビコントレイル,牡3,56,01117,丸田恭介,1:26.7,ハナ,16-16,36.2,303.3,14,454(+16),01179,[東]鈴木慎太,464030,田畑利彦,,,,,,,,,,,,"(*13,11)(10,6)12-(4,8)16(7,5)(2,3,1)-15,9,14",16,1,10.0,False,"13(11,6)10(8,12)(4,5,16)1(7,3)2,15,9-14",16,1,6.5,False,-7,
202305040406,6,3歳以上1勝クラス,ダ,1400,晴,良,13:05,2023-10-14,東京,13,2,3,2020105456,トロピカルタウン,牡3,56,01075,田辺裕信,1:27.4,4,11-11,37.7,14.9,7,470(-2),01177,[東]伊坂重信,055700,グリーンスウォード,,,,,,,,,,,,"(*13,11)(10,6)12-(4,8)16(7,5)(2,3,1)-15,9,14",11,3,3.5,False,"13(11,6)10(8,12)(4,5,16)1(7,3)2,15,9-14",11,2,0.0,False,-7,
202305040406,6,3歳以上1勝クラス,ダ,1400,晴,良,13:05,2023-10-14,東京,14,7,13,2019104007,タイキマクスウェル,セ4,58,01135,杉原誠人,1:27.4,クビ,1-1,38.9,88.1,12,500(-4),01109,[東]伊藤大士,536800,大樹ファーム,,,,,,,,,,,,"(*13,11)(10,6)12-(4,8)16(7,5)(2,3,1)-15,9,14",1,2,0.0,True,"13(11,6)10(8,12)(4,5,16)1(7,3)2,15,9-14",1,1,0.0,False,-7,
202305040406,6,3歳以上1勝クラス,ダ,1400,晴,良,13:05,2023-10-14,東京,15,6,11,2019100354,イロハニオエ,牝4,56,01085,松岡正海,1:27.6,1,2-2,39.0,19.2,8,520(-6),01125,[東]小野次郎,853002,松本俊廣,,,,,,,,,,,,"(*13,11)(10,6)12-(4,8)16(7,5)(2,3,1)-15,9,14",2,2,0.0,False,"13(11,6)10(8,12)(4,5,16)1(7,3)2,15,9-14",2,2,0.0,False,-7,
202305040406,6,3歳以上1勝クラス,ダ,1400,晴,良,13:05,2023-10-14,東京,16,2,4,2019101340,ブルーデイジー,牝4,53,01207,佐藤翔馬,1:27.9,1.1/2,6-7,38.5,562.9,16,454(+4),01063,[東]的場均,585031,青山郁代,,,,,,,,,,,,"(*13,11)(10,6)12-(4,8)16(7,5)(2,3,1)-15,9,14",6,2,3.5,False,"13(11,6)10(8,12)(4,5,16)1(7,3)2,15,9-14",7,3,0.0,False,-7,
202305040407,7,3歳以上2勝クラス,芝,2500,晴,良,13:35,2023-10-14,東京,1,6,6,2018105524,エクセレントタイム,セ5,58,01043,北村宏司,2:32.0,,6-6-6-4,35.2,3.6,1,490(+8),01081,[東]中川公成,226800,サンデーレーシング,"1,140.0","7=4,3(2,5)-6,1",6,1,11.0,False,"7=4,3(2,5)6,1",6,1,7.5,False,"7=4(3,5)2(6,1)",6,2,6.0,False,"7=(4,5)(2,6)1,3",4,2,6.0,False,-15,開催4日目でAコース4日目。逃げ残りが多く見られ、末脚重視というよりも位置取りが求められる状況。
202305040407,7,3歳以上2勝クラス,芝,2500,晴,良,13:35,2023-10-14,東京,2,1,1,2019105300,ケリーズノベル,セ4,58,01162,木幡巧也,2:32.2,1.1/4,7-7-6-6,35.2,6.7,6,526(+16),01147,[東]武井亮,506800,シルクレーシング,460.0,"7=4,3(2,5)-6,1",7,1,12.5,False,"7=4,3(2,5)6,1",7,1,9.0,False,"7=4(3,5)2(6,1)",6,2,6.0,False,"7=(4,5)(2,6)1,3",6,1,6.0,False,-15,開催4日目でAコース4日目。逃げ残りが多く見られ、末脚重視というよりも位置取りが求められる状況。
202305040407,7,3歳以上2勝クラス,芝,2500,晴,良,13:35,2023-10-14,東京,3,2,2,2020104878,シルバープリペット,牡3,55,01134,嶋田純次,2:32.8,4,4-4-5-4,36.0,4.1,2,466(+6),01100,[東]松山将樹,629800,ミルファーム,290.0,"7=4,3(2,5)-6,1",4,2,7.5,False,"7=4,3(2,5)6,1",4,2,7.5,False,"7=4(3,5)2(6,1)",5,1,6.0,False,"7=(4,5)(2,6)1,3",4,2,6.0,False,-15,開催4日目でAコース4日目。逃げ残りが多く見られ、末脚重視というよりも位置取りが求められる状況。
202305040407,7,3歳以上2勝クラス,芝,2500,晴,良,13:35,2023-10-14,東京,4,7,7,2019100831,プリマヴィータ,牝4,55,01188,永野猛蔵,2:32.9,1/2,1-1-1-1,38.7,6.4,5,430(-8),01041,[西]藤沢則雄,714031,酒井孝敏,170.0,"7=4,3(2,5)-6,1",1,1,0.0,False,"7=4,3(2,5)6,1",1,1,0.0,False,"7=4(3,5)2(6,1)",1,1,0.0,False,"7=(4,5)(2,6)1,3",1,1,0.0,False,-15,開催4日目でAコース4日目。逃げ残りが多く見られ、末脚重視というよりも位置取りが求められる状況。
202305040407,7,3歳以上2勝クラス,芝,2500,晴,良,13:35,2023-10-14,東京,5,5,5,2018104841,リリーブライト,牡5,58,00422,内田博幸,2:33.3,2.1/2,4-4-3-2,36.7,4.2,3,480(+8),01187,[東]西田雄一,148800,グリーンファーム,114.0,"7=4,3(2,5)-6,1",4,2,7.5,False,"7=4,3(2,5)6,1",4,2,7.5,False,"7=4(3,5)2(6,1)",3,2,6.0,False,"7=(4,5)(2,6)1,3",2,2,6.0,False,-15,開催4日目でAコース4日目。逃げ残りが多く見られ、末脚重視というよりも位置取りが求められる状況。
202305040407,7,3歳以上2勝クラス,芝,2500,晴,良,13:35,2023-10-14,東京,6,4,4,2019104845,シャドウマッドネス,セ4,58,05212,Ｍ．デム,2:33.4,クビ,2-2-2-2,36.8,5.6,4,438(0),01165,[東]和田勇介,308002,飯塚知一,,"7=4,3(2,5)-6,1",2,1,6.0,False,"7=4,3(2,5)6,1",2,1,6.0,False,"7=4(3,5)2(6,1)",2,1,6.0,False,"7=(4,5)(2,6)1,3",2,2,6.0,False,-15,開催4日目でAコース4日目。逃げ残りが多く見られ、末脚重視というよりも位置取りが求められる状況。
202305040407,7,3歳以上2勝クラス,芝,2500,晴,良,13:35,2023-10-14,東京,7,3,3,2018102811,スズノイナズマ,セ5,58,01009,柴田大知,2:35.3,大,3-3-3-7,38.2,54.4,7,478(+10),01174,[東]深山雅史,835030,小紫嘉之,,"7=4,3(2,5)-6,1",3,1,7.5,False,"7=4,3(2,5)6,1",3,1,7.5,False,"7=4(3,5)2(6,1)",3,2,6.0,False,"7=(4,5)(2,6)1,3",7,1,7.5,False,-15,開催4日目でAコース4日目。逃げ残りが多く見られ、末脚重視というよりも位置取りが求められる状況。
202305040408,8,3歳以上1勝クラス,芝,1600,晴,良,14:05,2023-10-14,東京,1,7,13,2020101261,コスモスプモーニ,牡3,56,01162,木幡巧也,1:33.5,,1-1,34.6,14.5,5,470(+6),01100,[東]松山将樹,716800,ビッグレッドファーム,800.0,,,,,,,,,,,"13-12(7,18,16)(14,15)3,11(8,6)(2,9)1,17,4(10,5)",1,1,0.0,False,"13(12,18,16)(7,14,15)3,11(8,6)9(1,2)(4,17)(10,5)",1,1,0.0,False,-15,開催4日目でAコース4日目。逃げ残りが多く見られ、末脚重視というよりも位置取りが求められる状況。
202305040408,8,3歳以上1勝クラス,芝,1600,晴,良,14:05,2023-10-14,東京,2,2,3,2020103436,ネビュルーズ,牡3,56,05339,ルメール,1:33.6,1/2,8-8,34.0,4.3,3,478(+2),01097,[東]鹿戸雄一,356803,インゼルレーシング,320.0,,,,,,,,,,,"13-12(7,18,16)(14,15)3,11(8,6)(2,9)1,17,4(10,5)",8,1,3.5,False,"13(12,18,16)(7,14,15)3,11(8,6)9(1,2)(4,17)(10,5)",8,1,0.0,False,-15,開催4日目でAコース4日目。逃げ残りが多く見られ、末脚重視というよりも位置取りが求められる状況。
202305040408,8,3歳以上1勝クラス,芝,1600,晴,良,14:05,2023-10-14,東京,3,4,7,2020103534,ジュドー,牡3,56,01092,津村明秀,1:33.7,1/2,3-5,34.3,3.6,1,480(0),01038,[東]手塚貴久,506800,シルクレーシング,200.0,,,,,,,,,,,"13-12(7,18,16)(14,15)3,11(8,6)(2,9)1,17,4(10,5)",3,3,3.5,False,"13(12,18,16)(7,14,15)3,11(8,6)9(1,2)(4,17)(10,5)",5,3,0.0,False,-15,開催4日目でAコース4日目。逃げ残りが多く見られ、末脚重視というよりも位置取りが求められる状況。
202305040408,8,3歳以上1勝クラス,芝,1600,晴,良,14:05,2023-10-14,東京,4,7,14,2020102907,ステラバルセロナ,牝3,54,01170,横山武史,1:33.7,アタマ,6-5,34.3,3.6,2,420(0),01052,[東]菊川正達,310007,吉田千津,120.0,,,,,,,,,,,"13-12(7,18,16)(14,15)3,11(8,6)(2,9)1,17,4(10,5)",6,2,3.5,False,"13(12,18,16)(7,14,15)3,11(8,6)9(1,2)(4,17)(10,5)",5,3,0.0,False,-15,開催4日目でAコース4日目。逃げ残りが多く見られ、末脚重視というよりも位置取りが求められる状況。
202305040408,8,3歳以上1勝クラス,芝,1600,晴,良,14:05,2023-10-14,東京,5,8,16,2019105566,バーミリオンクリフ,牡4,58,01126,松山弘平,1:33.7,ハナ,3-2,34.5,14.6,6,490(+2),01132,[東]金成貴史,226800,サンデーレーシング,80.0,,,,,,,,,,,"13-12(7,18,16)(14,15)3,11(8,6)(2,9)1,17,4(10,5)",3,3,3.5,False,"13(12,18,16)(7,14,15)3,11(8,6)9(1,2)(4,17)(10,5)",2,3,0.0,False,-15,開催4日目でAコース4日目。逃げ残りが多く見られ、末脚重視というよりも位置取りが求められる状況。
202305040408,8,3歳以上1勝クラス,芝,1600,晴,良,14:05,2023-10-14,東京,6,3,6,2018104477,ヴィトーリア,牡5,58,01043,北村宏司,1:34.0,1.3/4,10-10,34.1,25.1,7,450(0),01161,[西]武英智,866006,寺田寿男,,,,,,,,,,,,"13-12(7,18,16)(14,15)3,11(8,6)(2,9)1,17,4(10,5)",10,2,5.0,False,"13(12,18,16)(7,14,15)3,11(8,6)9(1,2)(4,17)(10,5)",10,2,1.5,False,-15,開催4日目でAコース4日目。逃げ残りが多く見られ、末脚重視というよりも位置取りが求められる状況。
202305040408,8,3歳以上1勝クラス,芝,1600,晴,良,14:05,2023-10-14,東京,7,4,8,2020110020,コレクテイニア,牡3,56,00733,吉田豊,1:34.1,3/4,10-10,34.2,37.9,9,472(-2),01054,[東]戸田博文,808800,Ｇ１レーシング,,,,,,,,,,,,"13-12(7,18,16)(14,15)3,11(8,6)(2,9)1,17,4(10,5)",10,2,5.0,False,"13(12,18,16)(7,14,15)3,11(8,6)9(1,2)(4,17)(10,5)",10,2,1.5,False,-15,開催4日目でAコース4日目。逃げ残りが多く見られ、末脚重視というよりも位置取りが求められる状況。
202305040408,8,3歳以上1勝クラス,芝,1600,晴,良,14:05,2023-10-14,東京,8,6,12,2020100736,ビッグボーンリタ,牝3,54,05386,戸崎圭太,1:34.1,クビ,2-2,34.9,124.8,14,446(-10),01135,[西]高橋康之,117800,高昭牧場,,,,,,,,,,,,"13-12(7,18,16)(14,15)3,11(8,6)(2,9)1,17,4(10,5)",2,1,3.5,False,"13(12,18,16)(7,14,15)3,11(8,6)9(1,2)(4,17)(10,5)",2,3,0.0,False,-15,開催4日目でAコース4日目。逃げ残りが多く見られ、末脚重視というよりも位置取りが求められる状況。
202305040408,8,3歳以上1勝クラス,芝,1600,晴,良,14:05,2023-10-14,東京,9,5,9,2020103338,ダノンボレロ,牡3,56,01157,鮫島克駿,1:34.2,1/2,12-12,34.0,6.4,4,536(0),01070,[東]堀宣行,619800,ダノックス,,,,,,,,,,,,"13-12(7,18,16)(14,15)3,11(8,6)(2,9)1,17,4(10,5)",12,2,5.0,False,"13(12,18,16)(7,14,15)3,11(8,6)9(1,2)(4,17)(10,5)",12,1,1.5,False,-15,開催4日目でAコース4日目。逃げ残りが多く見られ、末脚重視というよりも位置取りが求められる状況。
202305040408,8,3歳以上1勝クラス,芝,1600,晴,良,14:05,2023-10-14,東京,10,8,17,2020103200,アウグーリ,牝3,54,01150,石川裕紀,1:34.3,クビ,15-15,33.8,86.5,13,406(+4),01038,[東]手塚貴久,790005,吉田勝己,,,,,,,,,,,,"13-12(7,18,16)(14,15)3,11(8,6)(2,9)1,17,4(10,5)",15,1,6.5,False,"13(12,18,16)(7,14,15)3,11(8,6)9(1,2)(4,17)(10,5)",15,2,1.5,False,-15,開催4日目でAコース4日目。逃げ残りが多く見られ、末脚重視というよりも位置取りが求められる状況。
202305040408,8,3歳以上1勝クラス,芝,1600,晴,良,14:05,2023-10-14,東京,11,5,10,2019106416,キセキノエンジェル,牝4,56,01117,丸田恭介,1:34.3,クビ,17-17,33.5,53.3,11,466(-2),00428,[東]石毛善彦,011033,川島与市,,,,,,,,,,,,"13-12(7,18,16)(14,15)3,11(8,6)(2,9)1,17,4(10,5)",17,2,8.0,False,"13(12,18,16)(7,14,15)3,11(8,6)9(1,2)(4,17)(10,5)",17,2,1.5,False,-15,開催4日目でAコース4日目。逃げ残りが多く見られ、末脚重視というよりも位置取りが求められる状況。
202305040408,8,3歳以上1勝クラス,芝,1600,晴,良,14:05,2023-10-14,東京,12,6,11,2020102499,トーセンアウローラ,牡3,53,01198,土田真翔,1:34.4,1/2,9-9,34.6,74.3,12,452(-4),01141,[東]尾形和幸,270006,島川隆哉,,,,,,,,,,,,"13-12(7,18,16)(14,15)3,11(8,6)(2,9)1,17,4(10,5)",9,1,5.0,False,"13(12,18,16)(7,14,15)3,11(8,6)9(1,2)(4,17)(10,5)",9,1,1.5,False,-15,開催4日目でAコース4日目。逃げ残りが多く見られ、末脚重視というよりも位置取りが求められる状況。
202305040408,8,3歳以上1勝クラス,芝,1600,晴,良,14:05,2023-10-14,東京,13,7,15,2020106767,ウェンス,牡3,53,01207,佐藤翔馬,1:34.7,1.1/2,6-5,35.2,184.2,15,434(+2),01008,[東]杉浦宏昭,510008,山岸桂市,,,,,,,,,,,,"13-12(7,18,16)(14,15)3,11(8,6)(2,9)1,17,4(10,5)",6,2,3.5,False,"13(12,18,16)(7,14,15)3,11(8,6)9(1,2)(4,17)(10,5)",5,3,0.0,False,-15,開催4日目でAコース4日目。逃げ残りが多く見られ、末脚重視というよりも位置取りが求められる状況。
202305040408,8,3歳以上1勝クラス,芝,1600,晴,良,14:05,2023-10-14,東京,14,1,2,2020102921,シャルレーヌ,牝3,54,01135,杉原誠人,1:34.8,1/2,12-13,34.5,186.4,16,452(-6),01102,[東]大竹正博,124008,山本英俊,,,,,,,,,,,,"13-12(7,18,16)(14,15)3,11(8,6)(2,9)1,17,4(10,5)",12,2,5.0,False,"13(12,18,16)(7,14,15)3,11(8,6)9(1,2)(4,17)(10,5)",13,2,1.5,False,-15,開催4日目でAコース4日目。逃げ残りが多く見られ、末脚重視というよりも位置取りが求められる状況。
202305040408,8,3歳以上1勝クラス,芝,1600,晴,良,14:05,2023-10-14,東京,15,8,18,2020102819,アイソラシー,牝3,54,01179,菅原明良,1:34.8,アタマ,3-2,35.6,34.3,8,436(+4),01059,[東]加藤征弘,063803,諸江幸祐,,,,,,,,,,,,"13-12(7,18,16)(14,15)3,11(8,6)(2,9)1,17,4(10,5)",3,3,3.5,False,"13(12,18,16)(7,14,15)3,11(8,6)9(1,2)(4,17)(10,5)",2,3,0.0,False,-15,開催4日目でAコース4日目。逃げ残りが多く見られ、末脚重視というよりも位置取りが求められる状況。
202305040408,8,3歳以上1勝クラス,芝,1600,晴,良,14:05,2023-10-14,東京,16,2,4,2019105420,シウン,牝4,55,01188,永野猛蔵,1:35.0,1.1/2,16-15,34.4,46.4,10,476(-4),01108,[東]矢野英一,098803,Ｇリビエール・レーシ...,,,,,,,,,,,,"13-12(7,18,16)(14,15)3,11(8,6)(2,9)1,17,4(10,5)",16,1,8.0,False,"13(12,18,16)(7,14,15)3,11(8,6)9(1,2)(4,17)(10,5)",15,2,1.5,False,-15,開催4日目でAコース4日目。逃げ残りが多く見られ、末脚重視というよりも位置取りが求められる状況。
202305040408,8,3歳以上1勝クラス,芝,1600,晴,良,14:05,2023-10-14,東京,17,1,1,2019102953,チャコワールド,牡4,58,01158,野中悠太,1:36.8,大,14-13,36.5,384.4,18,448(-4),01029,[東]根本康広,831033,中島俊房,,,,,,,,,,,,"13-12(7,18,16)(14,15)3,11(8,6)(2,9)1,17,4(10,5)",14,1,5.0,False,"13(12,18,16)(7,14,15)3,11(8,6)9(1,2)(4,17)(10,5)",13,2,1.5,False,-15,開催4日目でAコース4日目。逃げ残りが多く見られ、末脚重視というよりも位置取りが求められる状況。
202305040408,8,3歳以上1勝クラス,芝,1600,晴,良,14:05,2023-10-14,東京,18,3,5,2019101402,ダフニス,セ4,58,01129,菅原隆一,1:36.8,クビ,17-17,36.0,349.7,17,440(0),01131,[東]蛯名利弘,102800,ターフ・スポート,,,,,,,,,,,,"13-12(7,18,16)(14,15)3,11(8,6)(2,9)1,17,4(10,5)",17,2,8.0,False,"13(12,18,16)(7,14,15)3,11(8,6)9(1,2)(4,17)(10,5)",17,2,1.5,False,-15,開催4日目でAコース4日目。逃げ残りが多く見られ、末脚重視というよりも位置取りが求められる状況。
202305040409,9,プラタナス賞(1勝),ダ,1600,晴,良,14:35,2023-10-14,東京,1,8,13,2021107170,イーグルノワール,牡2,56,01126,松山弘平,1:37.3,,3-3,37.1,12.0,4,520(-2),01002,[西]音無秀孝,415800,社台レースホース,"1,100.8",,,,,,,,,,,"6,11(4,13)(5,14)8(1,2,9,12)3,10,7",3,2,1.5,False,"6,11(4,13)(5,14)(1,8,12)(3,10,2)9,7",3,2,1.5,False,-7,
202305040409,9,プラタナス賞(1勝),ダ,1600,晴,良,14:35,2023-10-14,東京,2,4,6,2021101449,ライジンマル,牡2,56,01092,津村明秀,1:37.4,クビ,1-1,37.6,3.5,2,530(-2),01152,[東]竹内正洋,680031,カカムーチョレーシン...,438.8,,,,,,,,,,,"6,11(4,13)(5,14)8(1,2,9,12)3,10,7",1,1,0.0,False,"6,11(4,13)(5,14)(1,8,12)(3,10,2)9,7",1,1,0.0,False,-7,
202305040409,9,プラタナス賞(1勝),ダ,1600,晴,良,14:35,2023-10-14,東京,3,7,12,2021105824,アマンテビアンコ,牡2,56,05339,ルメール,1:38.1,4,8-7,37.5,2.0,1,536(+2),01175,[東]宮田敬介,506800,シルクレーシング,274.4,,,,,,,,,,,"6,11(4,13)(5,14)8(1,2,9,12)3,10,7",8,4,1.5,False,"6,11(4,13)(5,14)(1,8,12)(3,10,2)9,7",7,3,1.5,False,-7,
202305040409,9,プラタナス賞(1勝),ダ,1600,晴,良,14:35,2023-10-14,東京,4,6,10,2021106063,ネオシルバー,牡2,56,01075,田辺裕信,1:38.4,1.3/4,13-10,37.6,73.2,10,500(+4),00405,[東]小西一男,502033,西田俊二,160.0,,,,,,,,,,,"6,11(4,13)(5,14)8(1,2,9,12)3,10,7",13,1,3.0,False,"6,11(4,13)(5,14)(1,8,12)(3,10,2)9,7",10,3,1.5,False,-7,
202305040409,9,プラタナス賞(1勝),ダ,1600,晴,良,14:35,2023-10-14,東京,5,5,7,2021104754,ベルフィーヌ,牝2,55,01085,松岡正海,1:38.6,1.1/2,14-14,37.5,190.9,14,510(+2),01189,[東]堀内岳志,763033,中山栄一,107.0,,,,,,,,,,,"6,11(4,13)(5,14)8(1,2,9,12)3,10,7",14,1,4.5,False,"6,11(4,13)(5,14)(1,8,12)(3,10,2)9,7",14,1,3.0,False,-7,
202305040409,9,プラタナス賞(1勝),ダ,1600,晴,良,14:35,2023-10-14,東京,6,5,8,2021101671,サンダーアラート,牡2,56,00422,内田博幸,1:38.7,3/4,7-7,38.2,22.3,6,470(+8),01162,[東]田中博康,003060,ゴドルフィン,,,,,,,,,,,,"6,11(4,13)(5,14)8(1,2,9,12)3,10,7",7,1,1.5,False,"6,11(4,13)(5,14)(1,8,12)(3,10,2)9,7",7,3,1.5,False,-7,
202305040409,9,プラタナス賞(1勝),ダ,1600,晴,良,14:35,2023-10-14,東京,7,8,14,2021102456,ハンデンカイザー,牡2,56,01162,木幡巧也,1:38.8,クビ,5-5,38.5,29.4,8,486(0),01106,[東]牧光二,244008,坂田行夫,,,,,,,,,,,,"6,11(4,13)(5,14)8(1,2,9,12)3,10,7",5,2,1.5,False,"6,11(4,13)(5,14)(1,8,12)(3,10,2)9,7",5,2,1.5,False,-7,
202305040409,9,プラタナス賞(1勝),ダ,1600,晴,良,14:35,2023-10-14,東京,8,3,4,2021103819,ストームバンガード,牡2,56,01133,水口優也,1:39.0,1,3-3,38.9,75.2,11,498(+4),01066,[西]岡田稲男,065803,京都ホースレーシング,,,,,,,,,,,,"6,11(4,13)(5,14)8(1,2,9,12)3,10,7",3,2,1.5,False,"6,11(4,13)(5,14)(1,8,12)(3,10,2)9,7",3,2,1.5,False,-7,
202305040409,9,プラタナス賞(1勝),ダ,1600,晴,良,14:35,2023-10-14,東京,9,1,1,2021106689,アセレラシオン,牡2,56,01157,鮫島克駿,1:39.1,3/4,8-7,38.6,24.5,7,524(0),01138,[西]浜田多実,226800,サンデーレーシング,,,,,,,,,,,,"6,11(4,13)(5,14)8(1,2,9,12)3,10,7",8,4,1.5,False,"6,11(4,13)(5,14)(1,8,12)(3,10,2)9,7",7,3,1.5,False,-7,
202305040409,9,プラタナス賞(1勝),ダ,1600,晴,良,14:35,2023-10-14,東京,10,7,11,2021104770,フォーディアライフ,牡2,56,05386,戸崎圭太,1:39.2,3/4,2-2,39.2,57.6,9,526(+8),01160,[西]武幸四郎,808800,Ｇ１レーシング,,,,,,,,,,,,"6,11(4,13)(5,14)8(1,2,9,12)3,10,7",2,1,1.5,False,"6,11(4,13)(5,14)(1,8,12)(3,10,2)9,7",2,1,1.5,False,-7,
202305040409,9,プラタナス賞(1勝),ダ,1600,晴,良,14:35,2023-10-14,東京,11,4,5,2021100703,ブループリマドンナ,牝2,55,01043,北村宏司,1:39.5,2,5-5,39.2,117.7,13,460(-8),01185,[西]小林真也,117800,高昭牧場,,,,,,,,,,,,"6,11(4,13)(5,14)8(1,2,9,12)3,10,7",5,2,1.5,False,"6,11(4,13)(5,14)(1,8,12)(3,10,2)9,7",5,2,1.5,False,-7,
202305040409,9,プラタナス賞(1勝),ダ,1600,晴,良,14:35,2023-10-14,東京,12,2,2,2021101659,バルミーウェザー,牡2,56,01176,亀田温心,1:39.8,1.3/4,8-10,39.0,21.9,5,466(+14),01046,[西]鮫島一歩,003060,ゴドルフィン,,,,,,,,,,,,"6,11(4,13)(5,14)8(1,2,9,12)3,10,7",8,4,1.5,False,"6,11(4,13)(5,14)(1,8,12)(3,10,2)9,7",10,3,1.5,False,-7,
202305040409,9,プラタナス賞(1勝),ダ,1600,晴,良,14:35,2023-10-14,東京,13,6,9,2021110062,ヒストリアイ,牡2,56,05212,Ｍ．デム,1:40.2,2,8-13,39.2,9.4,3,538(-2),01070,[東]堀宣行,138007,吉田和美,,,,,,,,,,,,"6,11(4,13)(5,14)8(1,2,9,12)3,10,7",8,4,1.5,False,"6,11(4,13)(5,14)(1,8,12)(3,10,2)9,7",13,1,1.5,False,-7,
202305040409,9,プラタナス賞(1勝),ダ,1600,晴,良,14:35,2023-10-14,東京,14,3,3,2021103125,コパノアントニオ,牡2,56,01179,菅原明良,1:41.3,7,12-10,40.4,82.6,12,470(+10),01084,[西]梅田智之,966007,小林祥晃,,,,,,,,,,,,"6,11(4,13)(5,14)8(1,2,9,12)3,10,7",12,1,1.5,False,"6,11(4,13)(5,14)(1,8,12)(3,10,2)9,7",10,3,1.5,False,-7,
202305040410,10,白秋S(3勝),芝,1400,晴,良,15:10,2023-10-14,東京,1,7,9,2020100909,ジューンオレンジ,牝3,54,01140,横山和生,1:20.8,,4-3,33.5,3.9,2,452(-4),01173,[西]長谷川浩,017803,吉川潤,"1,865.2",,,,,,,,,,,"7(6,10)9(3,8)11,1,4,2-5   12",4,1,0.0,False,"(*7,10)(6,9)8(3,11)(1,4,2)5   12",3,2,0.0,False,-15,開催4日目でAコース4日目。逃げ残りが多く見られ、末脚重視というよりも位置取りが求められる状況。
202305040410,10,白秋S(3勝),芝,1400,晴,良,15:10,2023-10-14,東京,2,2,2,2018102608,ヴェルトハイム,牝5,56,05386,戸崎圭太,1:21.1,1.3/4,10-8,33.4,5.3,3,478(-2),01061,[西]友道康夫,170800,ロードホースクラブ,747.2,,,,,,,,,,,"7(6,10)9(3,8)11,1,4,2-5   12",10,1,4.5,False,"(*7,10)(6,9)8(3,11)(1,4,2)5   12",8,3,0.0,False,-15,開催4日目でAコース4日目。逃げ残りが多く見られ、末脚重視というよりも位置取りが求められる状況。
202305040410,10,白秋S(3勝),芝,1400,晴,良,15:10,2023-10-14,東京,3,8,11,2019104976,ミスボニータ,牝4,56,05212,Ｍ．デム,1:21.1,ハナ,7-6,33.6,16.6,7,460(+4),01086,[東]斎藤誠,072803,スリーエイチレーシン...,463.6,,,,,,,,,,,"7(6,10)9(3,8)11,1,4,2-5   12",7,1,0.0,False,"(*7,10)(6,9)8(3,11)(1,4,2)5   12",6,2,0.0,False,-15,開催4日目でAコース4日目。逃げ残りが多く見られ、末脚重視というよりも位置取りが求められる状況。
202305040410,10,白秋S(3勝),芝,1400,晴,良,15:10,2023-10-14,東京,4,6,8,2018105183,インテグリフォリア,牝5,56,01043,北村宏司,1:21.1,クビ,5-5,33.7,17.0,8,478(-2),01079,[東]古賀慎明,226800,サンデーレーシング,280.0,,,,,,,,,,,"7(6,10)9(3,8)11,1,4,2-5   12",5,2,0.0,False,"(*7,10)(6,9)8(3,11)(1,4,2)5   12",5,1,0.0,False,-15,開催4日目でAコース4日目。逃げ残りが多く見られ、末脚重視というよりも位置取りが求められる状況。
202305040410,10,白秋S(3勝),芝,1400,晴,良,15:10,2023-10-14,東京,5,4,4,2017105321,アステロイドベルト,セ6,58,01092,津村明秀,1:21.1,ハナ,9-8,33.4,37.6,9,478(-8),01071,[西]池江泰寿,486800,キャロットファーム,184.0,,,,,,,,,,,"7(6,10)9(3,8)11,1,4,2-5   12",9,1,3.0,False,"(*7,10)(6,9)8(3,11)(1,4,2)5   12",8,3,0.0,False,-15,開催4日目でAコース4日目。逃げ残りが多く見られ、末脚重視というよりも位置取りが求められる状況。
202305040410,10,白秋S(3勝),芝,1400,晴,良,15:10,2023-10-14,東京,6,3,3,2019105555,ヴェールアンレーヴ,牝4,56,01088,川田将雅,1:21.3,3/4,5-6,33.8,3.0,1,448(+6),01175,[東]宮田敬介,026803,ＤＭＭドリームクラブ,,,,,,,,,,,,"7(6,10)9(3,8)11,1,4,2-5   12",5,2,0.0,False,"(*7,10)(6,9)8(3,11)(1,4,2)5   12",6,2,0.0,False,-15,開催4日目でAコース4日目。逃げ残りが多く見られ、末脚重視というよりも位置取りが求められる状況。
202305040410,10,白秋S(3勝),芝,1400,晴,良,15:10,2023-10-14,東京,7,5,6,2020110040,ヤクシマ,牡3,56,05339,ルメール,1:21.5,1.1/4,2-3,34.2,9.2,5,512(-2),01158,[西]寺島良,003060,ゴドルフィン,,,,,,,,,,,,"7(6,10)9(3,8)11,1,4,2-5   12",2,2,0.0,False,"(*7,10)(6,9)8(3,11)(1,4,2)5   12",3,2,0.0,False,-15,開催4日目でAコース4日目。逃げ残りが多く見られ、末脚重視というよりも位置取りが求められる状況。
202305040410,10,白秋S(3勝),芝,1400,晴,良,15:10,2023-10-14,東京,8,5,5,2019105139,スコールユニバンス,牝4,56,01157,鮫島克駿,1:21.5,ハナ,11-11,33.6,16.3,6,452(-10),01075,[西]矢作芳人,164008,亀井哲也,,,,,,,,,,,,"7(6,10)9(3,8)11,1,4,2-5   12",11,1,8.0,False,"(*7,10)(6,9)8(3,11)(1,4,2)5   12",11,1,0.0,False,-15,開催4日目でAコース4日目。逃げ残りが多く見られ、末脚重視というよりも位置取りが求められる状況。
202305040410,10,白秋S(3勝),芝,1400,晴,良,15:10,2023-10-14,東京,9,1,1,2020105365,ドーバーホーク,牡3,56,01179,菅原明良,1:21.6,1/2,8-8,34.0,8.6,4,480(0),01080,[東]清水英克,399009,嶋田賢,,,,,,,,,,,,"7(6,10)9(3,8)11,1,4,2-5   12",8,1,1.5,False,"(*7,10)(6,9)8(3,11)(1,4,2)5   12",8,3,0.0,False,-15,開催4日目でAコース4日目。逃げ残りが多く見られ、末脚重視というよりも位置取りが求められる状況。
202305040410,10,白秋S(3勝),芝,1400,晴,良,15:10,2023-10-14,東京,10,6,7,2019101705,ドリームビリーバー,牡4,58,00733,吉田豊,1:21.6,クビ,1-1,34.5,39.5,10,466(-6),01054,[東]戸田博文,686006,平井裕,,,,,,,,,,,,"7(6,10)9(3,8)11,1,4,2-5   12",1,1,0.0,False,"(*7,10)(6,9)8(3,11)(1,4,2)5   12",1,2,0.0,True,-15,開催4日目でAコース4日目。逃げ残りが多く見られ、末脚重視というよりも位置取りが求められる状況。
202305040410,10,白秋S(3勝),芝,1400,晴,良,15:10,2023-10-14,東京,11,7,10,2018103932,フミロア,牝5,56,01162,木幡巧也,1:21.7,1/2,2-2,34.5,68.4,11,466(+12),01133,[東]黒岩陽一,131803,林文彦,,,,,,,,,,,,"7(6,10)9(3,8)11,1,4,2-5   12",2,2,0.0,False,"(*7,10)(6,9)8(3,11)(1,4,2)5   12",2,2,0.0,False,-15,開催4日目でAコース4日目。逃げ残りが多く見られ、末脚重視というよりも位置取りが求められる状況。
202305040410,10,白秋S(3勝),芝,1400,晴,良,15:10,2023-10-14,東京,中,8,12,2019103280,モチベーション,牝4,56,01188,永野猛蔵,,,,,127.4,12,448(+2),01080,[東]清水英克,018033,石川秀守,,,,,,,,,,,,"7(6,10)9(3,8)11,1,4,2-5   12",12,1,14.0,False,"(*7,10)(6,9)8(3,11)(1,4,2)5   12",12,1,6.0,False,-15,開催4日目でAコース4日目。逃げ残りが多く見られ、末脚重視というよりも位置取りが求められる状況。
202305040411,11,第71回アイルランド府中牝馬(GII),芝,1800,晴,良,15:45,2023-10-14,東京,1,5,7,2018104947,ディヴィーナ,牝5,55,05212,Ｍ．デム,1:46.1,,1-1-1,33.9,4.7,1,428(+2),01061,[西]友道康夫,006030,佐々木主浩,"5,591.0",,,,,,"(1,*7)3(2,8,9)(4,11)(6,12)13,5-10",1,2,0.0,True,"7-1,3(2,9)(8,11)(4,12,5)6,13,10",1,1,0.0,False,"7-(1,3)9(2,8,11)(6,12,5)13-10   4",1,1,0.0,False,-15,開催4日目でAコース4日目。逃げ残りが多く見られ、末脚重視というよりも位置取りが求められる状況。
202305040411,11,第71回アイルランド府中牝馬(GII),芝,1800,晴,良,15:45,2023-10-14,東京,2,4,5,2019104831,ルージュエヴァイユ,牝4,55,01170,横山武史,1:46.1,ハナ,12-8-8,32.7,6.6,4,470(+4),01133,[東]黒岩陽一,180800,東京ホースレーシング,"2,226.0",,,,,,"(1,*7)3(2,8,9)(4,11)(6,12)13,5-10",12,1,1.5,False,"7-1,3(2,9)(8,11)(4,12,5)6,13,10",8,3,5.0,False,"7-(1,3)9(2,8,11)(6,12,5)13-10   4",8,3,3.5,False,-15,開催4日目でAコース4日目。逃げ残りが多く見られ、末脚重視というよりも位置取りが求められる状況。
202305040411,11,第71回アイルランド府中牝馬(GII),芝,1800,晴,良,15:45,2023-10-14,東京,3,6,8,2019103588,ライラック,牝4,55,05386,戸崎圭太,1:46.2,クビ,4-6-5,33.0,25.9,10,448(+18),01020,[東]相沢郁,683002,芹澤精一,"1,413.0",,,,,,"(1,*7)3(2,8,9)(4,11)(6,12)13,5-10",4,3,0.0,False,"7-1,3(2,9)(8,11)(4,12,5)6,13,10",6,2,5.0,False,"7-(1,3)9(2,8,11)(6,12,5)13-10   4",5,3,3.5,False,-15,開催4日目でAコース4日目。逃げ残りが多く見られ、末脚重視というよりも位置取りが求められる状況。
202305040411,11,第71回アイルランド府中牝馬(GII),芝,1800,晴,良,15:45,2023-10-14,東京,4,8,13,2018100671,フィアスプライド,牝5,55,01043,北村宏司,1:46.2,クビ,11-12-11,32.6,40.5,11,486(0),00399,[東]国枝栄,003060,ゴドルフィン,830.0,,,,,,"(1,*7)3(2,8,9)(4,11)(6,12)13,5-10",11,1,0.0,False,"7-1,3(2,9)(8,11)(4,12,5)6,13,10",12,1,6.5,False,"7-(1,3)9(2,8,11)(6,12,5)13-10   4",11,1,3.5,False,-15,開催4日目でAコース4日目。逃げ残りが多く見られ、末脚重視というよりも位置取りが求められる状況。
202305040411,11,第71回アイルランド府中牝馬(GII),芝,1800,晴,良,15:45,2023-10-14,東京,5,5,6,2019105226,プレサージュリフト,牝4,55,05339,ルメール,1:46.4,1,9-11-8,33.0,4.7,2,484(0),01126,[東]木村哲也,226800,サンデーレーシング,550.0,,,,,,"(1,*7)3(2,8,9)(4,11)(6,12)13,5-10",9,2,0.0,False,"7-1,3(2,9)(8,11)(4,12,5)6,13,10",11,1,5.0,False,"7-(1,3)9(2,8,11)(6,12,5)13-10   4",8,3,3.5,False,-15,開催4日目でAコース4日目。逃げ残りが多く見られ、末脚重視というよりも位置取りが求められる状況。
202305040411,11,第71回アイルランド府中牝馬(GII),芝,1800,晴,良,15:45,2023-10-14,東京,6,6,9,2018105020,アンドヴァラナウト,牝5,55,01157,鮫島克駿,1:46.4,ハナ,4-4-4,33.3,18.7,7,452(+6),01144,[西]池添学,226800,サンデーレーシング,,,,,,,"(1,*7)3(2,8,9)(4,11)(6,12)13,5-10",4,3,0.0,False,"7-1,3(2,9)(8,11)(4,12,5)6,13,10",4,2,5.0,False,"7-(1,3)9(2,8,11)(6,12,5)13-10   4",4,1,3.5,False,-15,開催4日目でAコース4日目。逃げ残りが多く見られ、末脚重視というよりも位置取りが求められる状況。
202305040411,11,第71回アイルランド府中牝馬(GII),芝,1800,晴,良,15:45,2023-10-14,東京,7,3,3,2019104982,ルージュスティリア,牝4,55,01088,川田将雅,1:46.4,クビ,3-3-2,33.5,7.5,5,490(+4),01055,[西]藤原英昭,180800,東京ホースレーシング,,,,,,,"(1,*7)3(2,8,9)(4,11)(6,12)13,5-10",3,1,0.0,False,"7-1,3(2,9)(8,11)(4,12,5)6,13,10",3,1,5.0,False,"7-(1,3)9(2,8,11)(6,12,5)13-10   4",2,2,3.5,False,-15,開催4日目でAコース4日目。逃げ残りが多く見られ、末脚重視というよりも位置取りが求められる状況。
202305040411,11,第71回アイルランド府中牝馬(GII),芝,1800,晴,良,15:45,2023-10-14,東京,8,1,1,2019104968,コスタボニータ,牝4,55,01126,松山弘平,1:46.6,1.1/4,2-2-2,33.6,19.3,8,464(+2),01178,[西]杉山佳明,727008,谷掛龍夫,,,,,,,"(1,*7)3(2,8,9)(4,11)(6,12)13,5-10",2,2,0.0,False,"7-1,3(2,9)(8,11)(4,12,5)6,13,10",2,1,3.5,False,"7-(1,3)9(2,8,11)(6,12,5)13-10   4",2,2,3.5,False,-15,開催4日目でAコース4日目。逃げ残りが多く見られ、末脚重視というよりも位置取りが求められる状況。
202305040411,11,第71回アイルランド府中牝馬(GII),芝,1800,晴,良,15:45,2023-10-14,東京,9,8,12,2017102294,イズジョーノキセキ,牝6,56,05203,岩田康誠,1:46.7,クビ,9-8-8,33.3,24.4,9,464(-10),01186,[西]中村直也,897030,泉一郎,,,,,,,"(1,*7)3(2,8,9)(4,11)(6,12)13,5-10",9,2,0.0,False,"7-1,3(2,9)(8,11)(4,12,5)6,13,10",8,3,5.0,False,"7-(1,3)9(2,8,11)(6,12,5)13-10   4",8,3,3.5,False,-15,開催4日目でAコース4日目。逃げ残りが多く見られ、末脚重視というよりも位置取りが求められる状況。
202305040411,11,第71回アイルランド府中牝馬(GII),芝,1800,晴,良,15:45,2023-10-14,東京,10,7,11,2020101608,シンリョクカ,牝3,53,00733,吉田豊,1:46.9,1.1/4,7-6-5,33.7,5.0,3,462(+20),01152,[東]竹内正洋,044803,由井健太郎,,,,,,,"(1,*7)3(2,8,9)(4,11)(6,12)13,5-10",7,2,0.0,False,"7-1,3(2,9)(8,11)(4,12,5)6,13,10",6,2,5.0,False,"7-(1,3)9(2,8,11)(6,12,5)13-10   4",5,3,3.5,False,-15,開催4日目でAコース4日目。逃げ残りが多く見られ、末脚重視というよりも位置取りが求められる状況。
202305040411,11,第71回アイルランド府中牝馬(GII),芝,1800,晴,良,15:45,2023-10-14,東京,11,2,2,2019105448,エリカヴィータ,牝4,55,01122,三浦皇成,1:47.0,3/4,4-4-5,33.8,94.2,12,464(+8),00399,[東]国枝栄,195031,三木正浩,,,,,,,"(1,*7)3(2,8,9)(4,11)(6,12)13,5-10",4,3,0.0,False,"7-1,3(2,9)(8,11)(4,12,5)6,13,10",4,2,5.0,False,"7-(1,3)9(2,8,11)(6,12,5)13-10   4",5,3,3.5,False,-15,開催4日目でAコース4日目。逃げ残りが多く見られ、末脚重視というよりも位置取りが求められる状況。
202305040411,11,第71回アイルランド府中牝馬(GII),芝,1800,晴,良,15:45,2023-10-14,東京,12,7,10,2018104011,ファユエン,牝5,55,01140,横山和生,1:47.2,1.1/2,13-13-12,33.3,137.5,13,474(+12),01047,[東]勢司和浩,967033,谷岡毅,,,,,,,"(1,*7)3(2,8,9)(4,11)(6,12)13,5-10",13,1,5.0,False,"7-1,3(2,9)(8,11)(4,12,5)6,13,10",13,1,8.0,False,"7-(1,3)9(2,8,11)(6,12,5)13-10   4",12,1,7.0,False,-15,開催4日目でAコース4日目。逃げ残りが多く見られ、末脚重視というよりも位置取りが求められる状況。
202305040411,11,第71回アイルランド府中牝馬(GII),芝,1800,晴,良,15:45,2023-10-14,東京,中,4,4,2019104124,ストーリア,牝4,55,01179,菅原明良,,,7-8,,8.0,6,494(-2),01157,[西]杉山晴紀,170800,ロードホースクラブ,,,,,,,"(1,*7)3(2,8,9)(4,11)(6,12)13,5-10",7,2,0.0,False,"7-1,3(2,9)(8,11)(4,12,5)6,13,10",8,3,5.0,False,"7-(1,3)9(2,8,11)(6,12,5)13-10   4",13,1,13.0,False,-15,開催4日目でAコース4日目。逃げ残りが多く見られ、末脚重視というよりも位置取りが求められる状況。
202305040412,12,3歳以上2勝クラス,ダ,1300,晴,良,16:25,2023-10-14,東京,1,5,9,2019106513,リッキーマジック,牝4,56,00733,吉田豊,1:18.0,,16-16,35.1,8.0,5,512(+2),01059,[東]加藤征弘,857800,ビリオンスター,"1,140.0",,,,,,,,,,,"2(10,11)(1,4,12,15)(7,13,14)3,8,6(5,16)9",16,1,3.0,False,"2(1,10)11(12,15)(3,4,7,14)13,8,6-(5,16)9",16,1,6.5,False,-7,
202305040412,12,3歳以上2勝クラス,ダ,1300,晴,良,16:25,2023-10-14,東京,2,3,6,2019101759,ムーヴ,牡4,58,01122,三浦皇成,1:18.1,1/2,13-13,35.8,2.9,1,466(-10),01150,[東]池上昌和,245030,前田葉子,460.0,,,,,,,,,,,"2(10,11)(1,4,12,15)(7,13,14)3,8,6(5,16)9",13,1,3.0,False,"2(1,10)11(12,15)(3,4,7,14)13,8,6-(5,16)9",13,1,3.0,False,-7,
202305040412,12,3歳以上2勝クラス,ダ,1300,晴,良,16:25,2023-10-14,東京,3,1,1,2019110112,キャンディドライヴ,牡4,58,05339,ルメール,1:18.2,1/2,4-2,36.7,4.6,2,484(-8),01133,[東]黒岩陽一,196031,長谷川祐司,290.0,,,,,,,,,,,"2(10,11)(1,4,12,15)(7,13,14)3,8,6(5,16)9",4,4,0.0,False,"2(1,10)11(12,15)(3,4,7,14)13,8,6-(5,16)9",2,2,0.0,False,-7,
202305040412,12,3歳以上2勝クラス,ダ,1300,晴,良,16:25,2023-10-14,東京,4,6,11,2017104092,プレシオーソ,セ6,58,01126,松山弘平,1:18.3,1/2,2-4,36.7,6.3,4,492(+8),01110,[西]清水久詞,045803,カナヤマホールディン...,170.0,,,,,,,,,,,"2(10,11)(1,4,12,15)(7,13,14)3,8,6(5,16)9",2,2,0.0,False,"2(1,10)11(12,15)(3,4,7,14)13,8,6-(5,16)9",4,1,0.0,False,-7,
202305040412,12,3歳以上2勝クラス,ダ,1300,晴,良,16:25,2023-10-14,東京,5,1,2,2019106581,アーサーテソーロ,牡4,58,01157,鮫島克駿,1:18.3,アタマ,1-1,37.1,76.5,11,528(+6),01127,[東]栗田徹,089803,了徳寺健二ホールディ...,114.0,,,,,,,,,,,"2(10,11)(1,4,12,15)(7,13,14)3,8,6(5,16)9",1,1,0.0,False,"2(1,10)11(12,15)(3,4,7,14)13,8,6-(5,16)9",1,1,0.0,False,-7,
202305040412,12,3歳以上2勝クラス,ダ,1300,晴,良,16:25,2023-10-14,東京,6,8,16,2019105773,フォトスフィア,牡4,57,01188,永野猛蔵,1:18.5,1.1/4,14-14,35.9,23.0,7,512(0),01048,[東]畠山吉宏,851009,岡田牧雄,,,,,,,,,,,,"2(10,11)(1,4,12,15)(7,13,14)3,8,6(5,16)9",14,2,3.0,False,"2(1,10)11(12,15)(3,4,7,14)13,8,6-(5,16)9",14,2,6.5,False,-7,
202305040412,12,3歳以上2勝クラス,ダ,1300,晴,良,16:25,2023-10-14,東京,7,7,14,2018102215,トップヴィヴィット,牡5,58,01118,宮崎北斗,1:18.9,2.1/2,8-7,36.9,88.9,12,520(+2),01081,[東]中川公成,358031,紅露純,,,,,,,,,,,,"2(10,11)(1,4,12,15)(7,13,14)3,8,6(5,16)9",8,3,0.0,False,"2(1,10)11(12,15)(3,4,7,14)13,8,6-(5,16)9",7,4,0.0,False,-7,
202305040412,12,3歳以上2勝クラス,ダ,1300,晴,良,16:25,2023-10-14,東京,8,5,10,2017103575,ケイアイメープル,牡6,58,05212,Ｍ．デム,1:19.2,2,2-2,37.7,46.8,10,482(-12),01068,[東]小島茂之,331803,ケイアイスタリオン,,,,,,,,,,,,"2(10,11)(1,4,12,15)(7,13,14)3,8,6(5,16)9",2,2,0.0,False,"2(1,10)11(12,15)(3,4,7,14)13,8,6-(5,16)9",2,2,0.0,False,-7,
202305040412,12,3歳以上2勝クラス,ダ,1300,晴,良,16:25,2023-10-14,東京,9,3,5,2018100748,アルマセクメト,牝5,56,01092,津村明秀,1:19.2,ハナ,14-14,36.5,28.4,8,498(+4),01027,[東]田村康仁,095700,コウトミックレーシン...,,,,,,,,,,,,"2(10,11)(1,4,12,15)(7,13,14)3,8,6(5,16)9",14,2,3.0,False,"2(1,10)11(12,15)(3,4,7,14)13,8,6-(5,16)9",14,2,6.5,False,-7,
202305040412,12,3歳以上2勝クラス,ダ,1300,晴,良,16:25,2023-10-14,東京,10,4,8,2019103440,ミラビリス,牝4,56,01150,石川裕紀,1:19.2,ハナ,12-12,37.0,131.2,15,466(0),01086,[東]斎藤誠,553031,石井輝昭,,,,,,,,,,,,"2(10,11)(1,4,12,15)(7,13,14)3,8,6(5,16)9",12,1,1.5,False,"2(1,10)11(12,15)(3,4,7,14)13,8,6-(5,16)9",12,1,1.5,False,-7,
202305040412,12,3歳以上2勝クラス,ダ,1300,晴,良,16:25,2023-10-14,東京,11,6,12,2018102120,ロードミッドナイト,牡5,58,05386,戸崎圭太,1:19.3,クビ,4-5,37.6,5.5,3,526(0),01162,[東]田中博康,170800,ロードホースクラブ,,,,,,,,,,,,"2(10,11)(1,4,12,15)(7,13,14)3,8,6(5,16)9",4,4,0.0,False,"2(1,10)11(12,15)(3,4,7,14)13,8,6-(5,16)9",5,2,0.0,False,-7,
202305040412,12,3歳以上2勝クラス,ダ,1300,晴,良,16:25,2023-10-14,東京,12,8,15,2019102863,ナツイチバン,牝4,56,01135,杉原誠人,1:19.4,1/2,4-5,37.7,114.8,14,474(+14),01190,[東]村田一誠,624007,鈴木康弘,,,,,,,,,,,,"2(10,11)(1,4,12,15)(7,13,14)3,8,6(5,16)9",4,4,0.0,False,"2(1,10)11(12,15)(3,4,7,14)13,8,6-(5,16)9",5,2,0.0,False,-7,
202305040412,12,3歳以上2勝クラス,ダ,1300,晴,良,16:25,2023-10-14,東京,13,7,13,2017110156,ジェットマックス,牡6,58,01179,菅原明良,1:19.5,1/2,8-11,37.4,96.8,13,528(+4),00427,[西]森秀行,550033,大野照旺,,,,,,,,,,,,"2(10,11)(1,4,12,15)(7,13,14)3,8,6(5,16)9",8,3,0.0,False,"2(1,10)11(12,15)(3,4,7,14)13,8,6-(5,16)9",11,1,0.0,False,-7,
202305040412,12,3歳以上2勝クラス,ダ,1300,晴,良,16:25,2023-10-14,東京,14,4,7,2019101139,ベアグッジョブ,牡4,58,01162,木幡巧也,1:19.7,1.1/2,8-7,37.7,19.0,6,498(+2),01008,[東]杉浦宏昭,372033,熊木浩,,,,,,,,,,,,"2(10,11)(1,4,12,15)(7,13,14)3,8,6(5,16)9",8,3,0.0,False,"2(1,10)11(12,15)(3,4,7,14)13,8,6-(5,16)9",7,4,0.0,False,-7,
202305040412,12,3歳以上2勝クラス,ダ,1300,晴,良,16:25,2023-10-14,東京,15,2,4,2019103563,アスターディゴン,牡4,58,01043,北村宏司,1:19.8,3/4,4-7,37.9,44.9,9,476(0),01039,[西]中竹和也,935003,加藤久枝,,,,,,,,,,,,"2(10,11)(1,4,12,15)(7,13,14)3,8,6(5,16)9",4,4,0.0,False,"2(1,10)11(12,15)(3,4,7,14)13,8,6-(5,16)9",7,4,0.0,False,-7,
202305040412,12,3歳以上2勝クラス,ダ,1300,晴,良,16:25,2023-10-14,東京,16,2,3,2020106381,リネンマリン,牝3,55,01009,柴田大知,1:20.6,5,11-7,38.6,157.5,16,478(-10),01096,[東]粕谷昌央,851005,戸山光男,,,,,,,,,,,,"2(10,11)(1,4,12,15)(7,13,14)3,8,6(5,16)9",11,1,0.0,False,"2(1,10)11(12,15)(3,4,7,14)13,8,6-(5,16)9",7,4,0.0,False,-7,
202308020401,1,2歳未勝利,ダ,1200,曇,良,10:01,2023-10-14,京都,1,6,7,2021100490,ドレシャス,牝2,52,01208,田口貫太,1:13.6,,2-1,37.1,1.9,1,480(+4),01028,[西]西園正都,053803,杉山忠国,550.0,,,,,,,,,,,"(*2,7,10)11(4,5,8,12)(3,1)9,6",2,3,0.0,False,"(2,*7,10,11)(4,12)(3,1)(5,9)8-6",1,4,0.0,True,-1,
202308020401,1,2歳未勝利,ダ,1200,曇,良,10:01,2023-10-14,京都,2,8,11,2021105916,ハッピーダンス,牝2,55,01171,西村淳也,1:14.2,4,4-2,37.5,5.6,2,460(0),01181,[西]茶木太樹,431002,馬場幸夫,220.0,,,,,,,,,,,"(*2,7,10)11(4,5,8,12)(3,1)9,6",4,1,0.0,False,"(2,*7,10,11)(4,12)(3,1)(5,9)8-6",2,4,0.0,False,-1,
202308020401,1,2歳未勝利,ダ,1200,曇,良,10:01,2023-10-14,京都,3,1,1,2021106296,アルピニスト,牝2,55,01142,長岡禎仁,1:14.6,2,9-7,37.5,14.4,5,468(0),01178,[西]杉山佳明,310803,キーウエスト,140.0,,,,,,,,,,,"(*2,7,10)11(4,5,8,12)(3,1)9,6",9,2,0.0,False,"(2,*7,10,11)(4,12)(3,1)(5,9)8-6",7,2,0.0,False,-1,
202308020401,1,2歳未勝利,ダ,1200,曇,良,10:01,2023-10-14,京都,4,8,12,2021104542,ディディット,牝2,55,01034,酒井学,1:14.9,1.3/4,5-5,38.1,74.8,9,442(+4),01033,[西]木原一良,381002,山内邦一,83.0,,,,,,,,,,,"(*2,7,10)11(4,5,8,12)(3,1)9,6",5,4,0.0,False,"(2,*7,10,11)(4,12)(3,1)(5,9)8-6",5,2,0.0,False,-1,
202308020401,1,2歳未勝利,ダ,1200,曇,良,10:01,2023-10-14,京都,5,4,4,2021105500,プエルタセクレタ,牝2,55,01174,岩田望来,1:15.8,5,5-5,39.0,6.4,3,418(-2),01098,[西]野中賢二,226800,サンデーレーシング,55.0,,,,,,,,,,,"(*2,7,10)11(4,5,8,12)(3,1)9,6",5,4,0.0,False,"(2,*7,10,11)(4,12)(3,1)(5,9)8-6",5,2,0.0,False,-1,
202308020401,1,2歳未勝利,ダ,1200,曇,良,10:01,2023-10-14,京都,6,7,10,2021103997,ラヴィンローゼス,牝2,55,00732,幸英明,1:15.8,ハナ,2-2,39.2,26.5,7,376(+2),01148,[西]西村真幸,783031,辻雄二,,,,,,,,,,,,"(*2,7,10)11(4,5,8,12)(3,1)9,6",2,3,0.0,False,"(2,*7,10,11)(4,12)(3,1)(5,9)8-6",2,4,0.0,False,-1,
202308020401,1,2歳未勝利,ダ,1200,曇,良,10:01,2023-10-14,京都,7,3,3,2021105176,クリノスピネル,牝2,55,01018,和田竜二,1:15.9,3/4,9-7,39.0,101.3,10,446(+6),01003,[西]川村禎彦,970006,栗本博晴,,,,,,,,,,,,"(*2,7,10)11(4,5,8,12)(3,1)9,6",9,2,0.0,False,"(2,*7,10,11)(4,12)(3,1)(5,9)8-6",7,2,0.0,False,-1,
202308020401,1,2歳未勝利,ダ,1200,曇,良,10:01,2023-10-14,京都,8,7,9,2021105621,アジアノハナ,牝2,55,01115,浜中俊,1:16.4,2.1/2,11-9,39.1,7.9,4,476(-16),01123,[西]牧田和弥,875006,永田和彦,,,,,,,,,,,,"(*2,7,10)11(4,5,8,12)(3,1)9,6",11,1,0.0,False,"(2,*7,10,11)(4,12)(3,1)(5,9)8-6",9,2,0.0,False,-1,
202308020401,1,2歳未勝利,ダ,1200,曇,良,10:01,2023-10-14,京都,9,5,5,2021103982,ダイメイイチョウ,牝2,51,01204,河原田菜,1:16.6,1,5-9,39.8,24.4,6,448(+2),01099,[西]本田優,688006,宮本孝一,,,,,,,,,,,,"(*2,7,10)11(4,5,8,12)(3,1)9,6",5,4,0.0,False,"(2,*7,10,11)(4,12)(3,1)(5,9)8-6",9,2,0.0,False,-1,
202308020401,1,2歳未勝利,ダ,1200,曇,良,10:01,2023-10-14,京都,10,6,8,2021100228,クリノカグヤ,牝2,55,01125,国分優作,1:16.8,1.1/4,5-11,39.8,180.2,12,436(-4),01170,[西]坂口智康,970006,栗本博晴,,,,,,,,,,,,"(*2,7,10)11(4,5,8,12)(3,1)9,6",5,4,0.0,False,"(2,*7,10,11)(4,12)(3,1)(5,9)8-6",11,1,0.0,False,-1,
202308020401,1,2歳未勝利,ダ,1200,曇,良,10:01,2023-10-14,京都,11,5,6,2021100882,スイートウィル,牝2,52,01194,大久保友,1:17.2,2.1/2,12-12,39.8,159.3,11,412(-2),01107,[西]村山明,321800,友駿ホースクラブ,,,,,,,,,,,,"(*2,7,10)11(4,5,8,12)(3,1)9,6",12,1,1.5,False,"(2,*7,10,11)(4,12)(3,1)(5,9)8-6",12,1,3.5,False,-1,
202308020401,1,2歳未勝利,ダ,1200,曇,良,10:01,2023-10-14,京都,12,2,2,2021100692,ジンチョウゲ,牝2,55,01030,松田大作,1:17.7,2.1/2,1-2,41.3,29.3,8,420(+6),01166,[西]石坂公一,379803,ＯＵＭＡ,,,,,,,,,,,,"(*2,7,10)11(4,5,8,12)(3,1)9,6",1,3,0.0,True,"(2,*7,10,11)(4,12)(3,1)(5,9)8-6",2,4,0.0,False,-1,
202308020402,2,2歳未勝利,ダ,1800,曇,良,10:35,2023-10-14,京都,1,1,1,2021104131,ヒロノラメール,牡2,56,01018,和田竜二,1:55.3,,3-3-2-2,39.5,2.0,1,474(+4),01003,[西]川村禎彦,936033,高原将浩,550.0,"6,8(1,2,3)-(4,5)7",3,3,1.5,False,"6,8,1,2,3(4,5)-7",3,1,3.0,False,"(*6,8,1)(2,3)-7-4,5",2,3,0.0,False,"(*6,1)8,2-3,7=4-5",2,2,0.0,False,-1,
202308020402,2,2歳未勝利,ダ,1800,曇,良,10:35,2023-10-14,京都,2,6,6,2021105211,ブーヤカ,牡2,56,01116,藤岡康太,1:55.4,クビ,1-1-1-1,39.9,6.5,3,464(0),01062,[西]藤岡健一,015008,青山洋一,220.0,"6,8(1,2,3)-(4,5)7",1,1,0.0,False,"6,8,1,2,3(4,5)-7",1,1,0.0,False,"(*6,8,1)(2,3)-7-4,5",1,3,0.0,True,"(*6,1)8,2-3,7=4-5",1,2,0.0,True,-1,
202308020402,2,2歳未勝利,ダ,1800,曇,良,10:35,2023-10-14,京都,3,2,2,2021100104,ダイシンバースディ,牡2,56,01171,西村淳也,1:57.1,10,3-4-4-4,41.2,11.5,4,478(+2),01087,[西]庄野靖志,929002,大八木信行,140.0,"6,8(1,2,3)-(4,5)7",3,3,1.5,False,"6,8,1,2,3(4,5)-7",4,1,4.5,False,"(*6,8,1)(2,3)-7-4,5",4,2,0.0,False,"(*6,1)8,2-3,7=4-5",4,1,1.5,False,-1,
202308020402,2,2歳未勝利,ダ,1800,曇,良,10:35,2023-10-14,京都,4,3,3,2021102150,カフジテルビウム,牡2,56,01142,長岡禎仁,1:58.1,6,3-5-4-5,41.8,15.4,6,450(-2),01178,[西]杉山佳明,019004,加藤守,83.0,"6,8(1,2,3)-(4,5)7",3,3,1.5,False,"6,8,1,2,3(4,5)-7",5,1,6.0,False,"(*6,8,1)(2,3)-7-4,5",4,2,0.0,False,"(*6,1)8,2-3,7=4-5",5,1,5.0,False,-1,
202308020402,2,2歳未勝利,ダ,1800,曇,良,10:35,2023-10-14,京都,5,4,4,2021100291,パシュミナ,牝2,52,01208,田口貫太,1:58.3,1.1/2,6-6-7-7,41.3,14.5,5,444(+10),01039,[西]中竹和也,788800,ノースヒルズ,55.0,"6,8(1,2,3)-(4,5)7",6,2,5.0,False,"6,8,1,2,3(4,5)-7",6,2,6.0,False,"(*6,8,1)(2,3)-7-4,5",7,1,7.0,False,"(*6,1)8,2-3,7=4-5",7,1,12.5,False,-1,
202308020402,2,2歳未勝利,ダ,1800,曇,良,10:35,2023-10-14,京都,6,7,7,2021100406,ブリザードベアー,牡2,56,01015,古川吉洋,1:58.8,3,8-8-6-6,42.2,75.4,7,492(+4),01003,[西]川村禎彦,535033,古賀慎一,,"6,8(1,2,3)-(4,5)7",8,1,5.0,False,"6,8,1,2,3(4,5)-7",8,1,9.5,False,"(*6,8,1)(2,3)-7-4,5",6,1,3.5,False,"(*6,1)8,2-3,7=4-5",6,1,6.5,False,-1,
202308020402,2,2歳未勝利,ダ,1800,曇,良,10:35,2023-10-14,京都,7,8,8,2021101412,スカイハイ,牡2,56,01174,岩田望来,2:01.3,大,2-2-2-3,45.6,3.2,2,520(+4),01110,[西]清水久詞,248030,石川達絵,,"6,8(1,2,3)-(4,5)7",2,1,1.5,False,"6,8,1,2,3(4,5)-7",2,1,1.5,False,"(*6,8,1)(2,3)-7-4,5",2,3,0.0,False,"(*6,1)8,2-3,7=4-5",3,1,0.0,False,-1,
202308020402,2,2歳未勝利,ダ,1800,曇,良,10:35,2023-10-14,京都,8,5,5,2021103188,ナンヨーノーマル,牝2,54,01185,小沢大仁,2:02.2,5,6-6-8-8,44.8,311.7,8,450(-6),01193,[西]緒方努,512031,中村徳也,,"6,8(1,2,3)-(4,5)7",6,2,5.0,False,"6,8,1,2,3(4,5)-7",6,2,6.0,False,"(*6,8,1)(2,3)-7-4,5",8,1,8.5,False,"(*6,1)8,2-3,7=4-5",8,1,16.0,False,-1,
202308020403,3,2歳未勝利,芝,1600,曇,良,11:05,2023-10-14,京都,1,7,9,2021104906,バレルターン,牡2,56,01171,西村淳也,1:34.5,,5-4,34.7,1.8,1,464(-6),01181,[西]茶木太樹,486800,キャロットファーム,550.0,,,,,,,,,,,"(*3,4)(5,8)(7,9)10,11,1,6,2",5,2,0.0,False,"(*3,4,8)(5,7,9)(10,11)(1,6)2",4,3,0.0,False,-20,開催4日目でAコース4日目。9R以降は若干遅くなったが、終日で開幕週より速い時計レベル。よほどハイペースでない限りはインの逃げ・先行有利。
202308020403,3,2歳未勝利,芝,1600,曇,良,11:05,2023-10-14,京都,2,8,11,2021103977,リチャードバローズ,牡2,56,01174,岩田望来,1:34.6,3/4,8-7,34.6,5.2,3,506(-6),01168,[西]上村洋行,859007,猪熊広次,220.0,,,,,,,,,,,"(*3,4)(5,8)(7,9)10,11,1,6,2",8,1,1.5,False,"(*3,4,8)(5,7,9)(10,11)(1,6)2",7,2,0.0,False,-20,開催4日目でAコース4日目。9R以降は若干遅くなったが、終日で開幕週より速い時計レベル。よほどハイペースでない限りはインの逃げ・先行有利。
202308020403,3,2歳未勝利,芝,1600,曇,良,11:05,2023-10-14,京都,3,6,7,2021110126,インユアパレス,牡2,56,01163,坂井瑠星,1:34.9,2,5-4,35.1,4.7,2,484(+4),01105,[西]須貝尚介,882800,小林英一ホールディン...,140.0,,,,,,,,,,,"(*3,4)(5,8)(7,9)10,11,1,6,2",5,2,0.0,False,"(*3,4,8)(5,7,9)(10,11)(1,6)2",4,3,0.0,False,-20,開催4日目でAコース4日目。9R以降は若干遅くなったが、終日で開幕週より速い時計レベル。よほどハイペースでない限りはインの逃げ・先行有利。
202308020403,3,2歳未勝利,芝,1600,曇,良,11:05,2023-10-14,京都,4,6,6,2021101781,ウィズユアハート,牝2,55,00660,横山典弘,1:34.9,クビ,10-9,34.5,80.4,7,422(+12),01184,[西]四位洋文,882800,小林英一ホールディン...,83.0,,,,,,,,,,,"(*3,4)(5,8)(7,9)10,11,1,6,2",10,1,4.5,False,"(*3,4,8)(5,7,9)(10,11)(1,6)2",9,2,0.0,False,-20,開催4日目でAコース4日目。9R以降は若干遅くなったが、終日で開幕週より速い時計レベル。よほどハイペースでない限りはインの逃げ・先行有利。
202308020403,3,2歳未勝利,芝,1600,曇,良,11:05,2023-10-14,京都,5,2,2,2021100617,ウォータープイプイ,牝2,55,00732,幸英明,1:35.3,2,11-11,34.7,180.0,9,474(-2),01066,[西]岡田稲男,312006,山岡正人,55.0,,,,,,,,,,,"(*3,4)(5,8)(7,9)10,11,1,6,2",11,1,6.0,False,"(*3,4,8)(5,7,9)(10,11)(1,6)2",11,1,0.0,False,-20,開催4日目でAコース4日目。9R以降は若干遅くなったが、終日で開幕週より速い時計レベル。よほどハイペースでない限りはインの逃げ・先行有利。
202308020403,3,2歳未勝利,芝,1600,曇,良,11:05,2023-10-14,京都,6,7,8,2021104991,スターターン,牡2,56,00666,武豊,1:35.3,アタマ,3-2,35.7,8.5,4,478(+10),01170,[西]坂口智康,208008,窪田芳郎,,,,,,,,,,,,"(*3,4)(5,8)(7,9)10,11,1,6,2",3,2,0.0,False,"(*3,4,8)(5,7,9)(10,11)(1,6)2",2,3,0.0,False,-20,開催4日目でAコース4日目。9R以降は若干遅くなったが、終日で開幕週より速い時計レベル。よほどハイペースでない限りはインの逃げ・先行有利。
202308020403,3,2歳未勝利,芝,1600,曇,良,11:05,2023-10-14,京都,7,3,3,2021110064,メイショウブルー,牡2,52,01204,河原田菜,1:35.3,アタマ,1-1,35.9,13.3,5,470(0),01072,[西]河内洋,523005,松本好雄,,,,,,,,,,,,"(*3,4)(5,8)(7,9)10,11,1,6,2",1,2,0.0,True,"(*3,4,8)(5,7,9)(10,11)(1,6)2",1,3,0.0,True,-20,開催4日目でAコース4日目。9R以降は若干遅くなったが、終日で開幕週より速い時計レベル。よほどハイペースでない限りはインの逃げ・先行有利。
202308020403,3,2歳未勝利,芝,1600,曇,良,11:05,2023-10-14,京都,8,5,5,2021102377,ヴェッターホルン,牡2,56,01018,和田竜二,1:35.5,1.1/4,3-4,35.9,58.9,6,466(-8),01101,[西]吉田直弘,716800,ビッグレッドファーム,,,,,,,,,,,,"(*3,4)(5,8)(7,9)10,11,1,6,2",3,2,0.0,False,"(*3,4,8)(5,7,9)(10,11)(1,6)2",4,3,0.0,False,-20,開催4日目でAコース4日目。9R以降は若干遅くなったが、終日で開幕週より速い時計レベル。よほどハイペースでない限りはインの逃げ・先行有利。
202308020403,3,2歳未勝利,芝,1600,曇,良,11:05,2023-10-14,京都,9,1,1,2021100983,ヤシマ,牡2,56,01156,加藤祥太,1:35.9,2.1/2,9-9,35.8,321.6,11,498(0),00425,[西]加用正,411030,平口信行,,,,,,,,,,,,"(*3,4)(5,8)(7,9)10,11,1,6,2",9,1,3.0,False,"(*3,4,8)(5,7,9)(10,11)(1,6)2",9,2,0.0,False,-20,開催4日目でAコース4日目。9R以降は若干遅くなったが、終日で開幕週より速い時計レベル。よほどハイペースでない限りはインの逃げ・先行有利。
202308020403,3,2歳未勝利,芝,1600,曇,良,11:05,2023-10-14,京都,10,8,10,2021103886,シュヴァイゲン,牡2,56,01180,団野大成,1:35.9,アタマ,7-7,36.0,122.5,8,480(0),01151,[西]斉藤崇史,675030,林正道,,,,,,,,,,,,"(*3,4)(5,8)(7,9)10,11,1,6,2",7,1,0.0,False,"(*3,4,8)(5,7,9)(10,11)(1,6)2",7,2,0.0,False,-20,開催4日目でAコース4日目。9R以降は若干遅くなったが、終日で開幕週より速い時計レベル。よほどハイペースでない限りはインの逃げ・先行有利。
202308020403,3,2歳未勝利,芝,1600,曇,良,11:05,2023-10-14,京都,11,4,4,2021102044,クリノトパーズ,牝2,52,01208,田口貫太,1:36.8,5,2-2,37.3,270.4,10,426(-4),01065,[西]大橋勇樹,970006,栗本博晴,,,,,,,,,,,,"(*3,4)(5,8)(7,9)10,11,1,6,2",2,2,0.0,False,"(*3,4,8)(5,7,9)(10,11)(1,6)2",2,3,0.0,False,-20,開催4日目でAコース4日目。9R以降は若干遅くなったが、終日で開幕週より速い時計レベル。よほどハイペースでない限りはインの逃げ・先行有利。
202308020404,4,2歳新馬,ダ,1800,曇,良,11:35,2023-10-14,京都,1,2,2,2021105727,フォーエバーヤング,牡2,56,01163,坂井瑠星,1:54.8,,4-4-5-4,37.7,4.2,2,526(0),01075,[西]矢作芳人,232031,藤田晋,720.0,"(*3,5)9(1,2,12)(4,6,10)(7,11)-(13,14)-8",4,3,0.0,False,"3(5,9)(1,2,12)(4,6,10)(7,11)13,14-8",4,3,0.0,False,"(5,*9,12,10)(2,6)(3,1,4)(7,11)(14,13)8",5,2,0.0,False,"(5,*9,12)(2,10,6)(4,7)1(8,14,11)13=3",4,3,0.0,False,-1,
202308020404,4,2歳新馬,ダ,1800,曇,良,11:35,2023-10-14,京都,2,5,7,2021106180,シーリュウシー,牡2,56,00732,幸英明,1:55.5,4,10-10-10-7,37.9,40.4,10,490(0),01066,[西]岡田稲男,798008,一村哲也,290.0,"(*3,5)9(1,2,12)(4,6,10)(7,11)-(13,14)-8",10,2,0.0,False,"3(5,9)(1,2,12)(4,6,10)(7,11)13,14-8",10,2,0.0,False,"(5,*9,12,10)(2,6)(3,1,4)(7,11)(14,13)8",10,2,0.0,False,"(5,*9,12)(2,10,6)(4,7)1(8,14,11)13=3",7,2,0.0,False,-1,
202308020404,4,2歳新馬,ダ,1800,曇,良,11:35,2023-10-14,京都,3,4,6,2021105276,バロンドール,牡2,56,00660,横山典弘,1:55.6,1,7-7-5-4,38.4,5.8,3,522(0),01092,[西]松永幹夫,866006,寺田寿男,180.0,"(*3,5)9(1,2,12)(4,6,10)(7,11)-(13,14)-8",7,3,0.0,False,"3(5,9)(1,2,12)(4,6,10)(7,11)13,14-8",7,3,0.0,False,"(5,*9,12,10)(2,6)(3,1,4)(7,11)(14,13)8",5,2,0.0,False,"(5,*9,12)(2,10,6)(4,7)1(8,14,11)13=3",4,3,0.0,False,-1,
202308020404,4,2歳新馬,ダ,1800,曇,良,11:35,2023-10-14,京都,4,3,4,2021104448,アンバードール,牡2,56,01171,西村淳也,1:55.8,1.1/2,7-7-7-7,38.4,9.7,5,520(0),01176,[西]吉岡辰弥,346803,吉澤ホールディングス,110.0,"(*3,5)9(1,2,12)(4,6,10)(7,11)-(13,14)-8",7,3,0.0,False,"3(5,9)(1,2,12)(4,6,10)(7,11)13,14-8",7,3,0.0,False,"(5,*9,12,10)(2,6)(3,1,4)(7,11)(14,13)8",7,3,0.0,False,"(5,*9,12)(2,10,6)(4,7)1(8,14,11)13=3",7,2,0.0,False,-1,
202308020404,4,2歳新馬,ダ,1800,曇,良,11:35,2023-10-14,京都,5,7,12,2021105021,ベラジオラオウ,牡2,56,01174,岩田望来,1:55.9,1/2,4-4-2-2,39.1,4.0,1,474(0),01168,[西]上村洋行,121031,林田祥来,72.0,"(*3,5)9(1,2,12)(4,6,10)(7,11)-(13,14)-8",4,3,0.0,False,"3(5,9)(1,2,12)(4,6,10)(7,11)13,14-8",4,3,0.0,False,"(5,*9,12,10)(2,6)(3,1,4)(7,11)(14,13)8",2,4,0.0,False,"(5,*9,12)(2,10,6)(4,7)1(8,14,11)13=3",2,3,0.0,False,-1,
202308020404,4,2歳新馬,ダ,1800,曇,良,11:35,2023-10-14,京都,6,4,5,2021100199,シトロンヴェール,牡2,56,01032,池添謙一,1:57.2,8,2-2-2-2,40.5,12.6,6,528(0),01101,[西]吉田直弘,547800,ヒダカ・ブリーダーズ...,,"(*3,5)9(1,2,12)(4,6,10)(7,11)-(13,14)-8",2,2,0.0,False,"3(5,9)(1,2,12)(4,6,10)(7,11)13,14-8",2,2,0.0,False,"(5,*9,12,10)(2,6)(3,1,4)(7,11)(14,13)8",2,4,0.0,False,"(5,*9,12)(2,10,6)(4,7)1(8,14,11)13=3",2,3,0.0,False,-1,
202308020404,4,2歳新馬,ダ,1800,曇,良,11:35,2023-10-14,京都,7,6,9,2021106565,ケイアイアンタレス,牡2,56,01138,藤懸貴志,1:57.8,3.1/2,3-2-1-1,41.1,17.7,7,446(0),01082,[西]平田修,331803,ケイアイスタリオン,,"(*3,5)9(1,2,12)(4,6,10)(7,11)-(13,14)-8",3,1,0.0,False,"3(5,9)(1,2,12)(4,6,10)(7,11)13,14-8",2,2,0.0,False,"(5,*9,12,10)(2,6)(3,1,4)(7,11)(14,13)8",1,4,0.0,True,"(5,*9,12)(2,10,6)(4,7)1(8,14,11)13=3",1,3,0.0,True,-1,
202308020404,4,2歳新馬,ダ,1800,曇,良,11:35,2023-10-14,京都,8,6,10,2021101612,スマッシュスルー,牡2,56,00666,武豊,1:57.9,3/4,7-7-2-4,40.9,7.4,4,540(0),01110,[西]清水久詞,754033,槙和美,,"(*3,5)9(1,2,12)(4,6,10)(7,11)-(13,14)-8",7,3,0.0,False,"3(5,9)(1,2,12)(4,6,10)(7,11)13,14-8",7,3,0.0,False,"(5,*9,12,10)(2,6)(3,1,4)(7,11)(14,13)8",2,4,0.0,False,"(5,*9,12)(2,10,6)(4,7)1(8,14,11)13=3",4,3,0.0,False,-1,
202308020404,4,2歳新馬,ダ,1800,曇,良,11:35,2023-10-14,京都,9,8,14,2021106091,グランレザンドール,牡2,56,01018,和田竜二,1:57.9,アタマ,12-13-12-10,40.1,69.1,12,510(0),01129,[西]高橋義忠,520031,福盛訓之,,"(*3,5)9(1,2,12)(4,6,10)(7,11)-(13,14)-8",12,2,3.5,False,"3(5,9)(1,2,12)(4,6,10)(7,11)13,14-8",13,1,1.5,False,"(5,*9,12,10)(2,6)(3,1,4)(7,11)(14,13)8",12,2,0.0,False,"(5,*9,12)(2,10,6)(4,7)1(8,14,11)13=3",10,3,0.0,False,-1,
202308020404,4,2歳新馬,ダ,1800,曇,良,11:35,2023-10-14,京都,10,5,8,2021106248,エピックナイト,牡2,55,01199,角田大河,1:58.8,5,14-14-14-10,40.9,54.5,11,436(0),01104,[西]笹田和秀,214031,福田達也,,"(*3,5)9(1,2,12)(4,6,10)(7,11)-(13,14)-8",14,1,7.0,False,"3(5,9)(1,2,12)(4,6,10)(7,11)13,14-8",14,1,5.0,False,"(5,*9,12,10)(2,6)(3,1,4)(7,11)(14,13)8",14,1,0.0,False,"(5,*9,12)(2,10,6)(4,7)1(8,14,11)13=3",10,3,0.0,False,-1,
202308020404,4,2歳新馬,ダ,1800,曇,良,11:35,2023-10-14,京都,11,1,1,2021106105,クアトロジャック,牡2,56,01156,加藤祥太,1:59.0,1.1/2,4-4-7-9,41.6,28.5,9,460(0),01087,[西]庄野靖志,194033,月舘範行,,"(*3,5)9(1,2,12)(4,6,10)(7,11)-(13,14)-8",4,3,0.0,False,"3(5,9)(1,2,12)(4,6,10)(7,11)13,14-8",4,3,0.0,False,"(5,*9,12,10)(2,6)(3,1,4)(7,11)(14,13)8",7,3,0.0,False,"(5,*9,12)(2,10,6)(4,7)1(8,14,11)13=3",9,1,0.0,False,-1,
202308020404,4,2歳新馬,ダ,1800,曇,良,11:35,2023-10-14,京都,12,8,13,2021100279,ハードメープル,牡2,53,01208,田口貫太,1:59.2,1,12-12-12-13,41.4,176.8,14,534(0),01166,[西]石坂公一,368803,ウエスト．フォレスト...,,"(*3,5)9(1,2,12)(4,6,10)(7,11)-(13,14)-8",12,2,3.5,False,"3(5,9)(1,2,12)(4,6,10)(7,11)13,14-8",12,1,0.0,False,"(5,*9,12,10)(2,6)(3,1,4)(7,11)(14,13)8",12,2,0.0,False,"(5,*9,12)(2,10,6)(4,7)1(8,14,11)13=3",13,1,0.0,False,-1,
202308020404,4,2歳新馬,ダ,1800,曇,良,11:35,2023-10-14,京都,13,7,11,2021100973,アマノメルシー,牝2,51,01204,河原田菜,1:59.3,クビ,10-10-10-10,41.7,139.9,13,420(0),01041,[西]藤沢則雄,933006,中村孝,,"(*3,5)9(1,2,12)(4,6,10)(7,11)-(13,14)-8",10,2,0.0,False,"3(5,9)(1,2,12)(4,6,10)(7,11)13,14-8",10,2,0.0,False,"(5,*9,12,10)(2,6)(3,1,4)(7,11)(14,13)8",10,2,0.0,False,"(5,*9,12)(2,10,6)(4,7)1(8,14,11)13=3",10,3,0.0,False,-1,
202308020404,4,2歳新馬,ダ,1800,曇,良,11:35,2023-10-14,京都,14,3,3,2021104151,カネコメファミリー,牝2,55,01180,団野大成,2:07.7,大,1-1-7-14,50.0,18.9,8,486(0),01069,[西]中尾秀正,871031,高岡義久,,"(*3,5)9(1,2,12)(4,6,10)(7,11)-(13,14)-8",1,2,0.0,True,"3(5,9)(1,2,12)(4,6,10)(7,11)13,14-8",1,1,0.0,False,"(5,*9,12,10)(2,6)(3,1,4)(7,11)(14,13)8",7,3,0.0,False,"(5,*9,12)(2,10,6)(4,7)1(8,14,11)13=3",14,1,6.0,False,-1,
202308020405,5,2歳新馬,芝,1600,曇,良,12:25,2023-10-14,京都,1,2,2,2021106550,タガノエルピーダ,牝2,55,01180,団野大成,1:34.3,,3-2,33.5,3.4,2,440(0),01151,[西]斉藤崇史,859002,八木良司,720.0,,,,,,,,,,,"10,12,2(11,13)(1,3,7)-(5,4)(6,8)-9",3,1,3.0,False,"10(2,12)(11,13)1(3,7)-(5,4)(6,8)9",2,2,0.0,False,-20,開催4日目でAコース4日目。9R以降は若干遅くなったが、終日で開幕週より速い時計レベル。よほどハイペースでない限りはインの逃げ・先行有利。
202308020405,5,2歳新馬,芝,1600,曇,良,12:25,2023-10-14,京都,2,7,10,2021100139,クランフォード,牝2,55,01171,西村淳也,1:34.4,3/4,1-1,33.8,4.9,3,466(0),01157,[西]杉山晴紀,170800,ロードホースクラブ,290.0,,,,,,,,,,,"10,12,2(11,13)(1,3,7)-(5,4)(6,8)-9",1,1,0.0,False,"10(2,12)(11,13)1(3,7)-(5,4)(6,8)9",1,1,0.0,False,-20,開催4日目でAコース4日目。9R以降は若干遅くなったが、終日で開幕週より速い時計レベル。よほどハイペースでない限りはインの逃げ・先行有利。
202308020405,5,2歳新馬,芝,1600,曇,良,12:25,2023-10-14,京都,3,5,7,2021105728,アドマイヤアストラ,牡2,56,00666,武豊,1:35.0,3.1/2,6-7,33.8,2.7,1,434(0),01061,[西]友道康夫,535031,近藤旬子,180.0,,,,,,,,,,,"10,12,2(11,13)(1,3,7)-(5,4)(6,8)-9",6,3,3.0,False,"10(2,12)(11,13)1(3,7)-(5,4)(6,8)9",7,2,0.0,False,-20,開催4日目でAコース4日目。9R以降は若干遅くなったが、終日で開幕週より速い時計レベル。よほどハイペースでない限りはインの逃げ・先行有利。
202308020405,5,2歳新馬,芝,1600,曇,良,12:25,2023-10-14,京都,4,7,11,2021105223,ルージュレイナス,牝2,55,01163,坂井瑠星,1:35.0,ハナ,4-4,34.0,5.8,4,476(0),01154,[西]橋口慎介,180800,東京ホースレーシング,110.0,,,,,,,,,,,"10,12,2(11,13)(1,3,7)-(5,4)(6,8)-9",4,2,3.0,False,"10(2,12)(11,13)1(3,7)-(5,4)(6,8)9",4,2,0.0,False,-20,開催4日目でAコース4日目。9R以降は若干遅くなったが、終日で開幕週より速い時計レベル。よほどハイペースでない限りはインの逃げ・先行有利。
202308020405,5,2歳新馬,芝,1600,曇,良,12:25,2023-10-14,京都,5,3,3,2021103003,メイショウカンムリ,牡2,56,00732,幸英明,1:36.0,6,6-7,34.8,107.8,12,460(0),01033,[西]木原一良,523005,松本好雄,72.0,,,,,,,,,,,"10,12,2(11,13)(1,3,7)-(5,4)(6,8)-9",6,3,3.0,False,"10(2,12)(11,13)1(3,7)-(5,4)(6,8)9",7,2,0.0,False,-20,開催4日目でAコース4日目。9R以降は若干遅くなったが、終日で開幕週より速い時計レベル。よほどハイペースでない限りはインの逃げ・先行有利。
202308020405,5,2歳新馬,芝,1600,曇,良,12:25,2023-10-14,京都,6,1,1,2021105137,カレンデリスモンド,牡2,56,01018,和田竜二,1:36.0,1/2,6-6,34.8,86.0,10,490(0),01082,[西]平田修,869006,鈴木隆司,,,,,,,,,,,,"10,12,2(11,13)(1,3,7)-(5,4)(6,8)-9",6,3,3.0,False,"10(2,12)(11,13)1(3,7)-(5,4)(6,8)9",6,1,0.0,False,-20,開催4日目でAコース4日目。9R以降は若干遅くなったが、終日で開幕週より速い時計レベル。よほどハイペースでない限りはインの逃げ・先行有利。
202308020405,5,2歳新馬,芝,1600,曇,良,12:25,2023-10-14,京都,7,4,4,2021103863,アマミツツキ,牝2,55,01015,古川吉洋,1:36.1,1/2,9-9,34.5,61.6,8,472(0),01073,[西]宮本博,370008,岡浩二,,,,,,,,,,,,"10,12,2(11,13)(1,3,7)-(5,4)(6,8)-9",9,2,6.5,False,"10(2,12)(11,13)1(3,7)-(5,4)(6,8)9",9,2,3.5,False,-20,開催4日目でAコース4日目。9R以降は若干遅くなったが、終日で開幕週より速い時計レベル。よほどハイペースでない限りはインの逃げ・先行有利。
202308020405,5,2歳新馬,芝,1600,曇,良,12:25,2023-10-14,京都,8,5,6,2021104753,バッジオブオナー,牡2,56,01093,藤岡佑介,1:36.5,2,11-11,34.7,23.4,5,454(0),01092,[西]松永幹夫,808800,Ｇ１レーシング,,,,,,,,,,,,"10,12,2(11,13)(1,3,7)-(5,4)(6,8)-9",11,2,6.5,False,"10(2,12)(11,13)1(3,7)-(5,4)(6,8)9",11,2,3.5,False,-20,開催4日目でAコース4日目。9R以降は若干遅くなったが、終日で開幕週より速い時計レベル。よほどハイペースでない限りはインの逃げ・先行有利。
202308020405,5,2歳新馬,芝,1600,曇,良,12:25,2023-10-14,京都,9,8,13,2021104679,ルパンモージュ,牡2,56,01174,岩田望来,1:36.7,1.1/4,4-4,35.7,41.5,7,490(0),01039,[西]中竹和也,944030,加藤誠,,,,,,,,,,,,"10,12,2(11,13)(1,3,7)-(5,4)(6,8)-9",4,2,3.0,False,"10(2,12)(11,13)1(3,7)-(5,4)(6,8)9",4,2,0.0,False,-20,開催4日目でAコース4日目。9R以降は若干遅くなったが、終日で開幕週より速い時計レベル。よほどハイペースでない限りはインの逃げ・先行有利。
202308020405,5,2歳新馬,芝,1600,曇,良,12:25,2023-10-14,京都,10,6,9,2021106362,センカラット,牡2,52,01204,河原田菜,1:36.7,クビ,13-13,34.6,38.5,6,464(0),01155,[西]渡辺薫彦,089002,小島將之,,,,,,,,,,,,"10,12,2(11,13)(1,3,7)-(5,4)(6,8)-9",13,1,10.0,False,"10(2,12)(11,13)1(3,7)-(5,4)(6,8)9",13,1,3.5,False,-20,開催4日目でAコース4日目。9R以降は若干遅くなったが、終日で開幕週より速い時計レベル。よほどハイペースでない限りはインの逃げ・先行有利。
202308020405,5,2歳新馬,芝,1600,曇,良,12:25,2023-10-14,京都,11,6,8,2021106200,ウインオーブ,牡2,56,01156,加藤祥太,1:36.8,3/4,11-11,35.0,172.3,13,436(0),01073,[西]宮本博,494800,ウイン,,,,,,,,,,,,"10,12,2(11,13)(1,3,7)-(5,4)(6,8)-9",11,2,6.5,False,"10(2,12)(11,13)1(3,7)-(5,4)(6,8)9",11,2,3.5,False,-20,開催4日目でAコース4日目。9R以降は若干遅くなったが、終日で開幕週より速い時計レベル。よほどハイペースでない限りはインの逃げ・先行有利。
202308020405,5,2歳新馬,芝,1600,曇,良,12:25,2023-10-14,京都,12,4,5,2021105579,ジェントルレイン,牝2,52,01208,田口貫太,1:36.9,1,9-9,35.4,100.3,11,386(0),01129,[西]高橋義忠,872800,三田昌宏,,,,,,,,,,,,"10,12,2(11,13)(1,3,7)-(5,4)(6,8)-9",9,2,6.5,False,"10(2,12)(11,13)1(3,7)-(5,4)(6,8)9",9,2,3.5,False,-20,開催4日目でAコース4日目。9R以降は若干遅くなったが、終日で開幕週より速い時計レベル。よほどハイペースでない限りはインの逃げ・先行有利。
202308020405,5,2歳新馬,芝,1600,曇,良,12:25,2023-10-14,京都,13,8,12,2021101293,ヨシミツ,牡2,56,01032,池添謙一,1:37.2,1.3/4,2-2,36.5,80.5,9,456(0),01139,[西]飯田祐史,646030,中辻明,,,,,,,,,,,,"10,12,2(11,13)(1,3,7)-(5,4)(6,8)-9",2,1,1.5,False,"10(2,12)(11,13)1(3,7)-(5,4)(6,8)9",2,2,0.0,False,-20,開催4日目でAコース4日目。9R以降は若干遅くなったが、終日で開幕週より速い時計レベル。よほどハイペースでない限りはインの逃げ・先行有利。
202308020406,6,3歳以上1勝クラス,芝,2400,曇,良,12:55,2023-10-14,京都,1,8,10,2020104881,ケイアイサンデラ,牡3,55,01138,藤懸貴志,2:24.8,,1-1-1-1,33.9,9.3,4,436(+8),01185,[西]小林真也,331803,ケイアイスタリオン,800.0,"10=4,8(2,9)(3,5,6)7,1",1,1,0.0,False,"10=4,8(2,5,9)(3,6)(1,7)",1,1,0.0,False,"10-(4,8)(2,5,9)(3,1,6)7",1,1,0.0,False,"10(4,8)2(5,9)(3,6)1,7",1,1,0.0,False,-20,開催4日目でAコース4日目。9R以降は若干遅くなったが、終日で開幕週より速い時計レベル。よほどハイペースでない限りはインの逃げ・先行有利。
202308020406,6,3歳以上1勝クラス,芝,2400,曇,良,12:55,2023-10-14,京都,2,2,2,2020105786,マイネルエンペラー,牡3,55,01174,岩田望来,2:25.2,2.1/2,4-4-4-4,33.9,3.2,2,464(+4),01110,[西]清水久詞,546800,サラブレッドクラブ・...,320.0,"10=4,8(2,9)(3,5,6)7,1",4,2,7.5,False,"10=4,8(2,5,9)(3,6)(1,7)",4,3,7.5,False,"10-(4,8)(2,5,9)(3,1,6)7",4,3,3.5,False,"10(4,8)2(5,9)(3,6)1,7",4,1,0.0,False,-20,開催4日目でAコース4日目。9R以降は若干遅くなったが、終日で開幕週より速い時計レベル。よほどハイペースでない限りはインの逃げ・先行有利。
202308020406,6,3歳以上1勝クラス,芝,2400,曇,良,12:55,2023-10-14,京都,3,3,3,2020100912,ジューンアヲニヨシ,牡3,55,01116,藤岡康太,2:25.3,3/4,6-7-7-7,33.8,8.6,3,486(+12),01149,[西]松下武士,017803,吉川潤,200.0,"10=4,8(2,9)(3,5,6)7,1",6,3,7.5,False,"10=4,8(2,5,9)(3,6)(1,7)",7,2,7.5,False,"10-(4,8)(2,5,9)(3,1,6)7",7,3,3.5,False,"10(4,8)2(5,9)(3,6)1,7",7,2,0.0,False,-20,開催4日目でAコース4日目。9R以降は若干遅くなったが、終日で開幕週より速い時計レベル。よほどハイペースでない限りはインの逃げ・先行有利。
202308020406,6,3歳以上1勝クラス,芝,2400,曇,良,12:55,2023-10-14,京都,4,6,6,2020103060,ヴェルテンベルク,牡3,55,01171,西村淳也,2:25.5,1.1/2,6-7-7-7,34.1,2.1,1,482(+8),01073,[西]宮本博,758005,吉田照哉,120.0,"10=4,8(2,9)(3,5,6)7,1",6,3,7.5,False,"10=4,8(2,5,9)(3,6)(1,7)",7,2,7.5,False,"10-(4,8)(2,5,9)(3,1,6)7",7,3,3.5,False,"10(4,8)2(5,9)(3,6)1,7",7,2,0.0,False,-20,開催4日目でAコース4日目。9R以降は若干遅くなったが、終日で開幕週より速い時計レベル。よほどハイペースでない限りはインの逃げ・先行有利。
202308020406,6,3歳以上1勝クラス,芝,2400,曇,良,12:55,2023-10-14,京都,5,7,8,2019105824,アレナリア,牝4,56,01180,団野大成,2:25.6,クビ,3-3-2-2,34.5,20.5,7,428(+4),01196,[西]西園翔太,854800,ノルマンディーサラブ...,80.0,"10=4,8(2,9)(3,5,6)7,1",3,1,7.5,False,"10=4,8(2,5,9)(3,6)(1,7)",3,1,7.5,False,"10-(4,8)(2,5,9)(3,1,6)7",2,2,3.5,False,"10(4,8)2(5,9)(3,6)1,7",2,2,0.0,False,-20,開催4日目でAコース4日目。9R以降は若干遅くなったが、終日で開幕週より速い時計レベル。よほどハイペースでない限りはインの逃げ・先行有利。
202308020406,6,3歳以上1勝クラス,芝,2400,曇,良,12:55,2023-10-14,京都,6,5,5,2018104713,サトノマジェスタ,牡5,58,01018,和田竜二,2:25.8,1.1/4,6-4-4-5,34.5,52.0,8,492(+6),01002,[西]音無秀孝,790031,里見治,,"10=4,8(2,9)(3,5,6)7,1",6,3,7.5,False,"10=4,8(2,5,9)(3,6)(1,7)",4,3,7.5,False,"10-(4,8)(2,5,9)(3,1,6)7",4,3,3.5,False,"10(4,8)2(5,9)(3,6)1,7",5,2,0.0,False,-20,開催4日目でAコース4日目。9R以降は若干遅くなったが、終日で開幕週より速い時計レベル。よほどハイペースでない限りはインの逃げ・先行有利。
202308020406,6,3歳以上1勝クラス,芝,2400,曇,良,12:55,2023-10-14,京都,7,4,4,2020102874,シャドウソニック,牡3,55,01163,坂井瑠星,2:25.8,クビ,2-2-2-2,34.7,10.2,5,504(+16),01183,[西]辻野泰之,308002,飯塚知一,,"10=4,8(2,9)(3,5,6)7,1",2,1,6.0,False,"10=4,8(2,5,9)(3,6)(1,7)",2,1,6.0,False,"10-(4,8)(2,5,9)(3,1,6)7",2,2,3.5,False,"10(4,8)2(5,9)(3,6)1,7",2,2,0.0,False,-20,開催4日目でAコース4日目。9R以降は若干遅くなったが、終日で開幕週より速い時計レベル。よほどハイペースでない限りはインの逃げ・先行有利。
202308020406,6,3歳以上1勝クラス,芝,2400,曇,良,12:55,2023-10-14,京都,8,1,1,2018105021,グルーヴビート,牡5,58,01154,松若風馬,2:26.1,2,10-9-7-9,34.5,86.9,10,492(+2),01186,[西]中村直也,226800,サンデーレーシング,,"10=4,8(2,9)(3,5,6)7,1",10,1,9.0,False,"10=4,8(2,5,9)(3,6)(1,7)",9,2,7.5,False,"10-(4,8)(2,5,9)(3,1,6)7",7,3,3.5,False,"10(4,8)2(5,9)(3,6)1,7",9,1,0.0,False,-20,開催4日目でAコース4日目。9R以降は若干遅くなったが、終日で開幕週より速い時計レベル。よほどハイペースでない限りはインの逃げ・先行有利。
202308020406,6,3歳以上1勝クラス,芝,2400,曇,良,12:55,2023-10-14,京都,9,8,9,2020104491,ファームツエンティ,牡3,55,00732,幸英明,2:26.2,1,4-4-4-5,35.0,14.0,6,460(+4),01078,[西]北出成人,083803,ウエストヒルズ,,"10=4,8(2,9)(3,5,6)7,1",4,2,7.5,False,"10=4,8(2,5,9)(3,6)(1,7)",4,3,7.5,False,"10-(4,8)(2,5,9)(3,1,6)7",4,3,3.5,False,"10(4,8)2(5,9)(3,6)1,7",5,2,0.0,False,-20,開催4日目でAコース4日目。9R以降は若干遅くなったが、終日で開幕週より速い時計レベル。よほどハイペースでない限りはインの逃げ・先行有利。
202308020406,6,3歳以上1勝クラス,芝,2400,曇,良,12:55,2023-10-14,京都,10,7,7,2020102570,ディアマイサン,牡3,54,01199,角田大河,2:26.3,クビ,9-9-10-10,34.7,54.3,9,522(-12),01149,[西]松下武士,231033,吉田晴哉,,"10=4,8(2,9)(3,5,6)7,1",9,1,7.5,False,"10=4,8(2,5,9)(3,6)(1,7)",9,2,7.5,False,"10-(4,8)(2,5,9)(3,1,6)7",10,1,3.5,False,"10(4,8)2(5,9)(3,6)1,7",10,1,1.5,False,-20,開催4日目でAコース4日目。9R以降は若干遅くなったが、終日で開幕週より速い時計レベル。よほどハイペースでない限りはインの逃げ・先行有利。
202308020407,7,3歳以上1勝クラス,ダ,1800,曇,良,13:25,2023-10-14,京都,1,2,2,2020104136,サンデーファンデー,牡3,56,01154,松若風馬,1:54.1,,2-2-2-2,37.7,3.4,1,498(-8),01002,[西]音無秀孝,346803,吉澤ホールディングス,800.0,"(*8,2)3(5,6)(9,7)-1-4",2,2,0.0,False,"8,2(3,6)(9,5)7,1-4",2,1,1.5,False,"8(2,6)(9,3)5(4,7,1)",2,2,0.0,False,"(*8,2)(9,3,6)(4,7,5)1",2,2,0.0,False,-2,
202308020407,7,3歳以上1勝クラス,ダ,1800,曇,良,13:25,2023-10-14,京都,2,3,3,2019104636,シュプリンガー,セ4,58,01142,長岡禎仁,1:54.1,クビ,3-3-4-3,37.5,4.5,2,492(0),01194,[西]小栗実,542800,ライオンレースホース,320.0,"(*8,2)3(5,6)(9,7)-1-4",3,1,0.0,False,"8,2(3,6)(9,5)7,1-4",3,2,1.5,False,"8(2,6)(9,3)5(4,7,1)",4,2,0.0,False,"(*8,2)(9,3,6)(4,7,5)1",3,3,0.0,False,-2,
202308020407,7,3歳以上1勝クラス,ダ,1800,曇,良,13:25,2023-10-14,京都,3,8,8,2019104533,ヒロシクン,セ4,58,01030,松田大作,1:54.2,クビ,1-1-1-1,38.0,29.6,9,548(+10),01073,[西]宮本博,775006,瀬谷隆雄,200.0,"(*8,2)3(5,6)(9,7)-1-4",1,2,0.0,True,"8,2(3,6)(9,5)7,1-4",1,1,0.0,False,"8(2,6)(9,3)5(4,7,1)",1,1,0.0,False,"(*8,2)(9,3,6)(4,7,5)1",1,2,0.0,True,-2,
202308020407,7,3歳以上1勝クラス,ダ,1800,曇,良,13:25,2023-10-14,京都,4,1,1,2018105853,メイショウホタルビ,牝5,53,01208,田口貫太,1:54.3,1,8-8-7-9,37.3,9.3,6,432(0),01065,[西]大橋勇樹,789006,松本和子,120.0,"(*8,2)3(5,6)(9,7)-1-4",8,1,3.5,False,"8,2(3,6)(9,5)7,1-4",8,1,3.0,False,"8(2,6)(9,3)5(4,7,1)",7,3,0.0,False,"(*8,2)(9,3,6)(4,7,5)1",9,1,0.0,False,-2,
202308020407,7,3歳以上1勝クラス,ダ,1800,曇,良,13:25,2023-10-14,京都,5,5,5,2020101335,ピエナパイロ,牝3,50,01204,河原田菜,1:54.8,2.1/2,4-5-6-6,38.0,4.9,3,482(+10),01155,[西]渡辺薫彦,023007,本谷兼三,80.0,"(*8,2)3(5,6)(9,7)-1-4",4,2,0.0,False,"8,2(3,6)(9,5)7,1-4",5,2,1.5,False,"8(2,6)(9,3)5(4,7,1)",6,1,0.0,False,"(*8,2)(9,3,6)(4,7,5)1",6,3,0.0,False,-2,
202308020407,7,3歳以上1勝クラス,ダ,1800,曇,良,13:25,2023-10-14,京都,6,7,7,2020101756,アンクルブラック,牡3,55,01199,角田大河,1:54.8,クビ,6-7-7-6,37.9,6.9,4,474(+6),01136,[西]高橋亮,952006,塚本能交,,"(*8,2)3(5,6)(9,7)-1-4",6,2,0.0,False,"8,2(3,6)(9,5)7,1-4",7,1,1.5,False,"8(2,6)(9,3)5(4,7,1)",7,3,0.0,False,"(*8,2)(9,3,6)(4,7,5)1",6,3,0.0,False,-2,
202308020407,7,3歳以上1勝クラス,ダ,1800,曇,良,13:25,2023-10-14,京都,7,4,4,2020106491,メイショウジェンマ,牡3,56,00732,幸英明,1:54.9,1/2,9-9-7-6,38.1,10.7,7,466(-6),01139,[西]飯田祐史,523005,松本好雄,,"(*8,2)3(5,6)(9,7)-1-4",9,1,7.0,False,"8,2(3,6)(9,5)7,1-4",9,1,6.5,False,"8(2,6)(9,3)5(4,7,1)",7,3,0.0,False,"(*8,2)(9,3,6)(4,7,5)1",6,3,0.0,False,-2,
202308020407,7,3歳以上1勝クラス,ダ,1800,曇,良,13:25,2023-10-14,京都,8,8,9,2020101806,ツクヨミ,牡3,56,01116,藤岡康太,1:55.5,3.1/2,6-5-4-3,39.0,21.0,8,466(+10),01170,[西]坂口智康,003060,ゴドルフィン,,"(*8,2)3(5,6)(9,7)-1-4",6,2,0.0,False,"8,2(3,6)(9,5)7,1-4",5,2,1.5,False,"8(2,6)(9,3)5(4,7,1)",4,2,0.0,False,"(*8,2)(9,3,6)(4,7,5)1",3,3,0.0,False,-2,
202308020407,7,3歳以上1勝クラス,ダ,1800,曇,良,13:25,2023-10-14,京都,9,6,6,2020100202,ゼットスティール,牡3,56,01018,和田竜二,1:57.1,10,4-3-2-3,40.6,8.9,5,516(-6),01003,[西]川村禎彦,730800,フォーレスト,,"(*8,2)3(5,6)(9,7)-1-4",4,2,0.0,False,"8,2(3,6)(9,5)7,1-4",3,2,1.5,False,"8(2,6)(9,3)5(4,7,1)",2,2,0.0,False,"(*8,2)(9,3,6)(4,7,5)1",3,3,0.0,False,-2,
202308020408,8,紫菊賞(1勝),芝,1800,曇,良,13:55,2023-10-14,京都,1,3,3,2021105591,ジュンゴールド,牡2,56,01163,坂井瑠星,1:47.2,,1-1,34.0,1.5,1,484(-6),01061,[西]友道康夫,165033,河合純二,"1,081.9",,,,,,,,,,,"(*3,2)(5,1)-4",1,2,0.0,True,"(*3,2)(5,1)4",1,2,0.0,True,-20,開催4日目でAコース4日目。9R以降は若干遅くなったが、終日で開幕週より速い時計レベル。よほどハイペースでない限りはインの逃げ・先行有利。
202308020408,8,紫菊賞(1勝),芝,1800,曇,良,13:55,2023-10-14,京都,2,4,4,2021103790,フナデ,牡2,56,01018,和田竜二,1:47.8,3.1/2,5-5,34.0,7.7,3,436(+6),01050,[西]飯田雄三,716800,ビッグレッドファーム,433.4,,,,,,,,,,,"(*3,2)(5,1)-4",5,1,3.5,False,"(*3,2)(5,1)4",5,1,0.0,False,-20,開催4日目でAコース4日目。9R以降は若干遅くなったが、終日で開幕週より速い時計レベル。よほどハイペースでない限りはインの逃げ・先行有利。
202308020408,8,紫菊賞(1勝),芝,1800,曇,良,13:55,2023-10-14,京都,3,5,5,2021102510,ナムラフッカー,牡2,56,01116,藤岡康太,1:47.9,3/4,3-3,34.4,3.7,2,470(0),01107,[西]村山明,972002,奈村睦弘,271.7,,,,,,,,,,,"(*3,2)(5,1)-4",3,2,0.0,False,"(*3,2)(5,1)4",3,2,0.0,False,-20,開催4日目でAコース4日目。9R以降は若干遅くなったが、終日で開幕週より速い時計レベル。よほどハイペースでない限りはインの逃げ・先行有利。
202308020408,8,紫菊賞(1勝),芝,1800,曇,良,13:55,2023-10-14,京都,4,1,1,2021102905,ホルトバージ,牡2,56,01174,岩田望来,1:47.9,ハナ,3-3,34.4,14.1,5,466(-6),01158,[西]寺島良,188800,ＹＧＧホースクラブ,160.0,,,,,,,,,,,"(*3,2)(5,1)-4",3,2,0.0,False,"(*3,2)(5,1)4",3,2,0.0,False,-20,開催4日目でAコース4日目。9R以降は若干遅くなったが、終日で開幕週より速い時計レベル。よほどハイペースでない限りはインの逃げ・先行有利。
202308020408,8,紫菊賞(1勝),芝,1800,曇,良,13:55,2023-10-14,京都,5,2,2,2021104832,モアリジット,牡2,56,01180,団野大成,1:48.0,1/2,2-2,34.7,10.7,4,478(0),01148,[西]西村真幸,415800,社台レースホース,107.0,,,,,,,,,,,"(*3,2)(5,1)-4",2,2,0.0,False,"(*3,2)(5,1)4",2,2,0.0,False,-20,開催4日目でAコース4日目。9R以降は若干遅くなったが、終日で開幕週より速い時計レベル。よほどハイペースでない限りはインの逃げ・先行有利。
202308020409,9,3歳以上2勝クラス,芝,1400,小雨,良,14:25,2023-10-14,京都,1,7,9,2019102106,ブリュットミレジメ,牡4,58,01180,団野大成,1:20.6,,10-10,33.8,6.8,4,508(0),01095,[西]荒川義之,036006,加藤徹,"1,140.0",,,,,,,,,,,"11(2,1)5-6(3,8)(7,4)(9,10)",10,2,3.5,False,"11(2,1)5,6,3,8(7,4)9,10",10,1,4.5,False,-16,開催4日目でAコース4日目。9R以降は若干遅くなったが、終日で開幕週より速い時計レベル。よほどハイペースでない限りはインの逃げ・先行有利。
202308020409,9,3歳以上2勝クラス,芝,1400,小雨,良,14:25,2023-10-14,京都,2,3,3,2017102940,ワンダーカタリナ,牡6,57,01199,角田大河,1:20.7,3/4,6-6,34.2,15.3,6,530(+2),01072,[西]河内洋,184033,山本能成,460.0,,,,,,,,,,,"11(2,1)5-6(3,8)(7,4)(9,10)",6,2,3.5,False,"11(2,1)5,6,3,8(7,4)9,10",6,1,3.0,False,-16,開催4日目でAコース4日目。9R以降は若干遅くなったが、終日で開幕週より速い時計レベル。よほどハイペースでない限りはインの逃げ・先行有利。
202308020409,9,3歳以上2勝クラス,芝,1400,小雨,良,14:25,2023-10-14,京都,3,6,6,2018104534,アスクキングコング,セ5,58,01174,岩田望来,1:20.7,アタマ,5-5,34.4,11.3,5,472(+4),01084,[西]梅田智之,037803,廣崎利洋ＨＤ,290.0,,,,,,,,,,,"11(2,1)5-6(3,8)(7,4)(9,10)",5,1,3.5,False,"11(2,1)5,6,3,8(7,4)9,10",5,1,1.5,False,-16,開催4日目でAコース4日目。9R以降は若干遅くなったが、終日で開幕週より速い時計レベル。よほどハイペースでない限りはインの逃げ・先行有利。
202308020409,9,3歳以上2勝クラス,芝,1400,小雨,良,14:25,2023-10-14,京都,4,7,8,2020101284,ルクスドヌーヴ,牝3,54,00666,武豊,1:20.9,3/4,6-7,34.4,15.6,7,452(+8),01105,[西]須貝尚介,397803,ルクス,170.0,,,,,,,,,,,"11(2,1)5-6(3,8)(7,4)(9,10)",6,2,3.5,False,"11(2,1)5,6,3,8(7,4)9,10",7,1,4.5,False,-16,開催4日目でAコース4日目。9R以降は若干遅くなったが、終日で開幕週より速い時計レベル。よほどハイペースでない限りはインの逃げ・先行有利。
202308020409,9,3歳以上2勝クラス,芝,1400,小雨,良,14:25,2023-10-14,京都,5,1,1,2020103668,マチカゼ,牡3,56,01171,西村淳也,1:20.9,アタマ,2-2,35.2,3.8,2,482(-4),01157,[西]杉山晴紀,232031,藤田晋,114.0,,,,,,,,,,,"11(2,1)5-6(3,8)(7,4)(9,10)",2,2,0.0,False,"11(2,1)5,6,3,8(7,4)9,10",2,2,0.0,False,-16,開催4日目でAコース4日目。9R以降は若干遅くなったが、終日で開幕週より速い時計レベル。よほどハイペースでない限りはインの逃げ・先行有利。
202308020409,9,3歳以上2勝クラス,芝,1400,小雨,良,14:25,2023-10-14,京都,6,4,4,2017101804,サヴァイヴ,牡6,55,01208,田口貫太,1:20.9,クビ,8-8,34.3,62.4,11,478(+2),01110,[西]清水久詞,723033,中村忠彦,,,,,,,,,,,,"11(2,1)5-6(3,8)(7,4)(9,10)",8,2,3.5,False,"11(2,1)5,6,3,8(7,4)9,10",8,2,4.5,False,-16,開催4日目でAコース4日目。9R以降は若干遅くなったが、終日で開幕週より速い時計レベル。よほどハイペースでない限りはインの逃げ・先行有利。
202308020409,9,3歳以上2勝クラス,芝,1400,小雨,良,14:25,2023-10-14,京都,7,6,7,2018101964,アルムファーツリー,牝5,56,01018,和田竜二,1:21.1,1,8-8,34.4,50.4,10,476(+2),01003,[西]川村禎彦,899030,崎川美枝子,,,,,,,,,,,,"11(2,1)5-6(3,8)(7,4)(9,10)",8,2,3.5,False,"11(2,1)5,6,3,8(7,4)9,10",8,2,4.5,False,-16,開催4日目でAコース4日目。9R以降は若干遅くなったが、終日で開幕週より速い時計レベル。よほどハイペースでない限りはインの逃げ・先行有利。
202308020409,9,3歳以上2勝クラス,芝,1400,小雨,良,14:25,2023-10-14,京都,8,2,2,2018105847,メイショウツワブキ,牝5,52,01204,河原田菜,1:21.3,1.1/2,2-2,35.5,42.1,9,506(+10),01083,[西]松永昌博,523005,松本好雄,,,,,,,,,,,,"11(2,1)5-6(3,8)(7,4)(9,10)",2,2,0.0,False,"11(2,1)5,6,3,8(7,4)9,10",2,2,0.0,False,-16,開催4日目でAコース4日目。9R以降は若干遅くなったが、終日で開幕週より速い時計レベル。よほどハイペースでない限りはインの逃げ・先行有利。
202308020409,9,3歳以上2勝クラス,芝,1400,小雨,良,14:25,2023-10-14,京都,9,5,5,2020104572,ペイシャフラワー,牝3,54,00732,幸英明,1:21.4,クビ,4-4,35.4,5.1,3,476(+4),01135,[西]高橋康之,163002,北所直人,,,,,,,,,,,,"11(2,1)5-6(3,8)(7,4)(9,10)",4,1,0.0,False,"11(2,1)5,6,3,8(7,4)9,10",4,1,0.0,False,-16,開催4日目でAコース4日目。9R以降は若干遅くなったが、終日で開幕週より速い時計レベル。よほどハイペースでない限りはインの逃げ・先行有利。
202308020409,9,3歳以上2勝クラス,芝,1400,小雨,良,14:25,2023-10-14,京都,10,8,10,2019101261,シゲルローズマリー,セ4,58,01130,高倉稜,1:21.4,クビ,10-11,34.5,40.3,8,466(0),01155,[西]渡辺薫彦,552031,森中啓子,,,,,,,,,,,,"11(2,1)5-6(3,8)(7,4)(9,10)",10,2,3.5,False,"11(2,1)5,6,3,8(7,4)9,10",11,1,6.0,False,-16,開催4日目でAコース4日目。9R以降は若干遅くなったが、終日で開幕週より速い時計レベル。よほどハイペースでない限りはインの逃げ・先行有利。
202308020409,9,3歳以上2勝クラス,芝,1400,小雨,良,14:25,2023-10-14,京都,11,8,11,2020102563,ルカン,牝3,54,00660,横山典弘,1:22.5,7,1-1,36.9,2.8,1,418(-4),01164,[西]安田翔伍,350031,小林昌子,,,,,,,,,,,,"11(2,1)5-6(3,8)(7,4)(9,10)",1,1,0.0,False,"11(2,1)5,6,3,8(7,4)9,10",1,1,0.0,False,-16,開催4日目でAコース4日目。9R以降は若干遅くなったが、終日で開幕週より速い時計レベル。よほどハイペースでない限りはインの逃げ・先行有利。
202308020410,10,北野特別(2勝),芝,2000,小雨,良,15:01,2023-10-14,京都,1,5,5,2018102718,ヘネラルカレーラ,牝5,56,01163,坂井瑠星,2:00.9,,1-1-1-1,33.4,2.2,2,470(-6),01121,[西]角田晃一,788800,ノースヒルズ,"1,566.8","5-(2,6)8(1,3)4-7",1,1,0.0,False,"5(2,6)8(1,3)4-7",1,1,0.0,False,"5-(2,6)8(1,3,4)7",1,1,0.0,False,"5-6(2,8)(1,3,4)-7",1,1,0.0,False,-16,開催4日目でAコース4日目。9R以降は若干遅くなったが、終日で開幕週より速い時計レベル。よほどハイペースでない限りはインの逃げ・先行有利。
202308020410,10,北野特別(2勝),芝,2000,小雨,良,15:01,2023-10-14,京都,2,8,8,2020102873,キミノナハマリア,牝3,54,00666,武豊,2:01.5,3.1/2,4-4-4-3,33.4,2.1,1,506(+12),01120,[西]千田輝彦,220031,浦野和由,624.8,"5-(2,6)8(1,3)4-7",4,1,3.5,False,"5(2,6)8(1,3)4-7",4,1,0.0,False,"5-(2,6)8(1,3,4)7",4,1,3.5,False,"5-6(2,8)(1,3,4)-7",3,2,3.5,False,-16,開催4日目でAコース4日目。9R以降は若干遅くなったが、終日で開幕週より速い時計レベル。よほどハイペースでない限りはインの逃げ・先行有利。
202308020410,10,北野特別(2勝),芝,2000,小雨,良,15:01,2023-10-14,京都,3,7,7,2018104850,テーオーソロス,牡5,58,00732,幸英明,2:01.6,3/4,8-8-8-8,32.9,47.7,8,468(+6),01018,[西]宮徹,304008,小笹公也,392.4,"5-(2,6)8(1,3)4-7",8,1,7.0,False,"5(2,6)8(1,3)4-7",8,1,3.5,False,"5-(2,6)8(1,3,4)7",8,1,3.5,False,"5-6(2,8)(1,3,4)-7",8,1,7.0,False,-16,開催4日目でAコース4日目。9R以降は若干遅くなったが、終日で開幕週より速い時計レベル。よほどハイペースでない限りはインの逃げ・先行有利。
202308020410,10,北野特別(2勝),芝,2000,小雨,良,15:01,2023-10-14,京都,4,6,6,2018102040,ヴィヴァン,牡5,58,01171,西村淳也,2:01.7,クビ,2-2-2-2,33.8,7.5,3,492(0),01071,[西]池江泰寿,242031,前田幸大,230.0,"5-(2,6)8(1,3)4-7",2,2,3.5,False,"5(2,6)8(1,3)4-7",2,2,0.0,False,"5-(2,6)8(1,3,4)7",2,2,3.5,False,"5-6(2,8)(1,3,4)-7",2,1,3.5,False,-16,開催4日目でAコース4日目。9R以降は若干遅くなったが、終日で開幕週より速い時計レベル。よほどハイペースでない限りはインの逃げ・先行有利。
202308020410,10,北野特別(2勝),芝,2000,小雨,良,15:01,2023-10-14,京都,5,3,3,2018104512,エルディアブロ,牡5,58,01093,藤岡佑介,2:01.7,アタマ,5-5-5-5,33.3,13.3,4,458(-2),00429,[西]佐々木晶,415800,社台レースホース,155.0,"5-(2,6)8(1,3)4-7",5,2,3.5,False,"5(2,6)8(1,3)4-7",5,2,0.0,False,"5-(2,6)8(1,3,4)7",5,3,3.5,False,"5-6(2,8)(1,3,4)-7",5,3,3.5,False,-16,開催4日目でAコース4日目。9R以降は若干遅くなったが、終日で開幕週より速い時計レベル。よほどハイペースでない限りはインの逃げ・先行有利。
202308020410,10,北野特別(2勝),芝,2000,小雨,良,15:01,2023-10-14,京都,6,2,2,2018101970,タガノカイ,牡5,58,01015,古川吉洋,2:01.8,1/2,2-2-2-3,33.9,31.5,6,508(-6),01018,[西]宮徹,859002,八木良司,,"5-(2,6)8(1,3)4-7",2,2,3.5,False,"5(2,6)8(1,3)4-7",2,2,0.0,False,"5-(2,6)8(1,3,4)7",2,2,3.5,False,"5-6(2,8)(1,3,4)-7",3,2,3.5,False,-16,開催4日目でAコース4日目。9R以降は若干遅くなったが、終日で開幕週より速い時計レベル。よほどハイペースでない限りはインの逃げ・先行有利。
202308020410,10,北野特別(2勝),芝,2000,小雨,良,15:01,2023-10-14,京都,7,1,1,2017104478,ヒューマンコメディ,牝6,56,00641,柴田善臣,2:01.9,1,5-5-5-5,33.5,42.9,7,486(0),01094,[東]水野貴広,319007,野村茂雄,,"5-(2,6)8(1,3)4-7",5,2,3.5,False,"5(2,6)8(1,3)4-7",5,2,0.0,False,"5-(2,6)8(1,3,4)7",5,3,3.5,False,"5-6(2,8)(1,3,4)-7",5,3,3.5,False,-16,開催4日目でAコース4日目。9R以降は若干遅くなったが、終日で開幕週より速い時計レベル。よほどハイペースでない限りはインの逃げ・先行有利。
202308020410,10,北野特別(2勝),芝,2000,小雨,良,15:01,2023-10-14,京都,8,4,4,2017104985,ナリタザクラ,牡6,58,01154,松若風馬,2:02.1,1,7-7-5-5,33.7,19.4,5,502(-2),01136,[西]高橋亮,712800,オースミ,,"5-(2,6)8(1,3)4-7",7,1,3.5,False,"5(2,6)8(1,3)4-7",7,1,0.0,False,"5-(2,6)8(1,3,4)7",5,3,3.5,False,"5-6(2,8)(1,3,4)-7",5,3,3.5,False,-16,開催4日目でAコース4日目。9R以降は若干遅くなったが、終日で開幕週より速い時計レベル。よほどハイペースでない限りはインの逃げ・先行有利。
202308020411,11,太秦S(OP),ダ,1800,曇,良,15:35,2023-10-14,京都,1,3,3,2018104948,ヴィクティファルス,セ5,58,01032,池添謙一,1:51.3,,7-7-6-2,37.8,28.9,7,480(+10),01144,[西]池添学,808800,Ｇ１レーシング,"2,225.2","(*1,2)9,4(8,11)-(3,6)-5-7-10,12",7,2,5.0,False,"(*1,2)9,4(8,11)3,6,5-7-10,12",7,1,1.5,False,"(*1,2)(4,9)11,3(5,8,6)(12,7,10)",6,1,1.5,False,"1(4,2,3)(11,9)(5,8,6)(12,7)-10",2,3,0.0,False,-4,
202308020411,11,太秦S(OP),ダ,1800,曇,良,15:35,2023-10-14,京都,2,4,4,2019105308,タイセイドレフォン,牡4,58,01180,団野大成,1:51.5,1.1/4,4-4-3-2,38.3,3.6,2,504(+6),01148,[西]西村真幸,224007,田中成奉,887.2,"(*1,2)9,4(8,11)-(3,6)-5-7-10,12",4,1,1.5,False,"(*1,2)9,4(8,11)3,6,5-7-10,12",4,1,1.5,False,"(*1,2)(4,9)11,3(5,8,6)(12,7,10)",3,2,0.0,False,"1(4,2,3)(11,9)(5,8,6)(12,7)-10",2,3,0.0,False,-4,
202308020411,11,太秦S(OP),ダ,1800,曇,良,15:35,2023-10-14,京都,3,8,12,2018104462,キタノリューオー,牡5,57,01154,松若風馬,1:51.5,アタマ,12-12-10-10,37.7,54.1,10,470(+4),01024,[東]萱野浩二,163002,北所直人,553.6,"(*1,2)9,4(8,11)-(3,6)-5-7-10,12",12,1,17.0,False,"(*1,2)9,4(8,11)3,6,5-7-10,12",12,1,13.0,False,"(*1,2)(4,9)11,3(5,8,6)(12,7,10)",10,3,1.5,False,"1(4,2,3)(11,9)(5,8,6)(12,7)-10",10,2,0.0,False,-4,
202308020411,11,太秦S(OP),ダ,1800,曇,良,15:35,2023-10-14,京都,4,6,7,2019101198,マリオロード,牡4,57,00666,武豊,1:51.5,クビ,10-10-10-10,37.7,17.0,5,502(+18),01042,[西]安達昭夫,066700,サン,330.0,"(*1,2)9,4(8,11)-(3,6)-5-7-10,12",10,1,12.0,False,"(*1,2)9,4(8,11)3,6,5-7-10,12",10,1,8.0,False,"(*1,2)(4,9)11,3(5,8,6)(12,7,10)",10,3,1.5,False,"1(4,2,3)(11,9)(5,8,6)(12,7)-10",10,2,0.0,False,-4,
202308020411,11,太秦S(OP),ダ,1800,曇,良,15:35,2023-10-14,京都,5,1,1,2019103908,メイクアリープ,牡4,57,00732,幸英明,1:51.6,クビ,1-1-1-1,38.6,2.3,1,478(-2),01032,[西]大根田裕,350002,宮川純造,220.0,"(*1,2)9,4(8,11)-(3,6)-5-7-10,12",1,2,0.0,True,"(*1,2)9,4(8,11)3,6,5-7-10,12",1,2,0.0,True,"(*1,2)(4,9)11,3(5,8,6)(12,7,10)",1,2,0.0,True,"1(4,2,3)(11,9)(5,8,6)(12,7)-10",1,1,0.0,False,-4,
202308020411,11,太秦S(OP),ダ,1800,曇,良,15:35,2023-10-14,京都,6,5,5,2019105656,カフジオクタゴン,牡4,58,01163,坂井瑠星,1:51.6,ハナ,9-9-7-7,38.1,5.7,3,544(-6),01075,[西]矢作芳人,019004,加藤守,,"(*1,2)9,4(8,11)-(3,6)-5-7-10,12",9,1,8.5,False,"(*1,2)9,4(8,11)3,6,5-7-10,12",9,1,4.5,False,"(*1,2)(4,9)11,3(5,8,6)(12,7,10)",7,3,1.5,False,"1(4,2,3)(11,9)(5,8,6)(12,7)-10",7,3,0.0,False,-4,
202308020411,11,太秦S(OP),ダ,1800,曇,良,15:35,2023-10-14,京都,7,5,6,2018104907,ガンダルフ,牡5,57,01171,西村淳也,1:51.8,1.1/4,7-8-7-7,38.1,6.6,4,482(-2),00399,[東]国枝栄,226800,サンデーレーシング,,"(*1,2)9,4(8,11)-(3,6)-5-7-10,12",7,2,5.0,False,"(*1,2)9,4(8,11)3,6,5-7-10,12",8,1,3.0,False,"(*1,2)(4,9)11,3(5,8,6)(12,7,10)",7,3,1.5,False,"1(4,2,3)(11,9)(5,8,6)(12,7)-10",7,3,0.0,False,-4,
202308020411,11,太秦S(OP),ダ,1800,曇,良,15:35,2023-10-14,京都,8,7,10,2019100094,エナハツホ,牝4,55,01138,藤懸貴志,1:52.0,1.1/4,11-11-10-12,38.0,40.4,9,454(+2),01101,[西]吉田直弘,052009,宮原廣伸,,"(*1,2)9,4(8,11)-(3,6)-5-7-10,12",11,1,15.5,False,"(*1,2)9,4(8,11)3,6,5-7-10,12",11,1,11.5,False,"(*1,2)(4,9)11,3(5,8,6)(12,7,10)",10,3,1.5,False,"1(4,2,3)(11,9)(5,8,6)(12,7)-10",12,1,3.5,False,-4,
202308020411,11,太秦S(OP),ダ,1800,曇,良,15:35,2023-10-14,京都,9,8,11,2017104232,ディアセオリー,牡6,57,01093,藤岡佑介,1:52.2,1.1/4,5-5-5-5,38.9,105.6,12,498(+2),01088,[東]高木登,013803,ディアレストクラブ,,"(*1,2)9,4(8,11)-(3,6)-5-7-10,12",5,2,1.5,False,"(*1,2)9,4(8,11)3,6,5-7-10,12",5,2,1.5,False,"(*1,2)(4,9)11,3(5,8,6)(12,7,10)",5,1,0.0,False,"1(4,2,3)(11,9)(5,8,6)(12,7)-10",5,2,0.0,False,-4,
202308020411,11,太秦S(OP),ダ,1800,曇,良,15:35,2023-10-14,京都,10,2,2,2017103688,リリーミニスター,セ6,57,01174,岩田望来,1:53.6,8,2-2-2-2,40.5,35.1,8,482(+2),01193,[西]緒方努,862006,土井孝夫,,"(*1,2)9,4(8,11)-(3,6)-5-7-10,12",2,2,0.0,False,"(*1,2)9,4(8,11)3,6,5-7-10,12",2,2,0.0,False,"(*1,2)(4,9)11,3(5,8,6)(12,7,10)",2,2,0.0,False,"1(4,2,3)(11,9)(5,8,6)(12,7)-10",2,3,0.0,False,-4,
202308020411,11,太秦S(OP),ダ,1800,曇,良,15:35,2023-10-14,京都,11,6,8,2019101179,ジャズブルース,牡4,57,01199,角田大河,1:53.7,3/4,5-5-7-7,40.1,68.8,11,472(+10),01130,[西]吉村圭司,506800,シルクレーシング,,"(*1,2)9,4(8,11)-(3,6)-5-7-10,12",5,2,1.5,False,"(*1,2)9,4(8,11)3,6,5-7-10,12",5,2,1.5,False,"(*1,2)(4,9)11,3(5,8,6)(12,7,10)",7,3,1.5,False,"1(4,2,3)(11,9)(5,8,6)(12,7)-10",7,3,0.0,False,-4,
202308020411,11,太秦S(OP),ダ,1800,曇,良,15:35,2023-10-14,京都,12,7,9,2018105998,ロードエクレール,牡5,57,01018,和田竜二,1:54.2,3,3-3-3-5,41.0,27.1,6,474(+4),01086,[東]斎藤誠,170800,ロードホースクラブ,,"(*1,2)9,4(8,11)-(3,6)-5-7-10,12",3,1,0.0,False,"(*1,2)9,4(8,11)3,6,5-7-10,12",3,1,0.0,False,"(*1,2)(4,9)11,3(5,8,6)(12,7,10)",3,2,0.0,False,"1(4,2,3)(11,9)(5,8,6)(12,7)-10",5,2,0.0,False,-4,
202308020412,12,3歳以上2勝クラス,ダ,1400,曇,良,16:10,2023-10-14,京都,1,6,10,2018104332,タマモダイジョッキ,牡5,58,00666,武豊,1:24.0,,12-11,36.2,3.2,2,490(+2),01193,[西]緒方努,515800,タマモ,"1,140.0",,,,,,,,,,,"(*1,3)4(2,6,13)8-(7,12)-(9,11)10-(5,14)",12,1,7.0,False,"(*1,3,4)(6,13)-8(7,12)-(9,11)(2,10)(5,14)",11,2,7.0,False,-6,
202308020412,12,3歳以上2勝クラス,ダ,1400,曇,良,16:10,2023-10-14,京都,2,4,6,2018110001,ジュストコル,牡5,58,01018,和田竜二,1:24.1,1/2,4-4,37.5,14.8,5,508(+2),01058,[西]大久保龍,758005,吉田照哉,460.0,,,,,,,,,,,"(*1,3)4(2,6,13)8-(7,12)-(9,11)10-(5,14)",4,3,0.0,False,"(*1,3,4)(6,13)-8(7,12)-(9,11)(2,10)(5,14)",4,2,0.0,False,-6,
202308020412,12,3歳以上2勝クラス,ダ,1400,曇,良,16:10,2023-10-14,京都,3,5,7,2019105186,スペクトログラム,牡4,58,01163,坂井瑠星,1:24.2,1/2,8-7,37.2,12.3,4,498(0),01071,[西]池江泰寿,506800,シルクレーシング,290.0,,,,,,,,,,,"(*1,3)4(2,6,13)8-(7,12)-(9,11)10-(5,14)",8,2,3.5,False,"(*1,3,4)(6,13)-8(7,12)-(9,11)(2,10)(5,14)",7,2,3.5,False,-6,
202308020412,12,3歳以上2勝クラス,ダ,1400,曇,良,16:10,2023-10-14,京都,4,6,9,2019102824,メイショウキッド,牡4,58,00660,横山典弘,1:24.3,1/2,10-9,36.8,15.1,6,514(-4),01099,[西]本田優,523005,松本好雄,170.0,,,,,,,,,,,"(*1,3)4(2,6,13)8-(7,12)-(9,11)10-(5,14)",10,2,7.0,False,"(*1,3,4)(6,13)-8(7,12)-(9,11)(2,10)(5,14)",9,2,7.0,False,-6,
202308020412,12,3歳以上2勝クラス,ダ,1400,曇,良,16:10,2023-10-14,京都,5,8,13,2019105915,グッドグロウス,牡4,58,01124,国分恭介,1:24.3,アタマ,4-4,37.6,61.8,11,466(-2),00425,[西]加用正,350002,宮川純造,114.0,,,,,,,,,,,"(*1,3)4(2,6,13)8-(7,12)-(9,11)10-(5,14)",4,3,0.0,False,"(*1,3,4)(6,13)-8(7,12)-(9,11)(2,10)(5,14)",4,2,0.0,False,-6,
202308020412,12,3歳以上2勝クラス,ダ,1400,曇,良,16:10,2023-10-14,京都,6,1,1,2020103367,ハンベルジャイト,牝3,54,01171,西村淳也,1:24.5,1,1-1,38.2,17.1,8,488(-2),01058,[西]大久保龍,486800,キャロットファーム,,,,,,,,,,,,"(*1,3)4(2,6,13)8-(7,12)-(9,11)10-(5,14)",1,2,0.0,True,"(*1,3,4)(6,13)-8(7,12)-(9,11)(2,10)(5,14)",1,3,0.0,True,-6,
202308020412,12,3歳以上2勝クラス,ダ,1400,曇,良,16:10,2023-10-14,京都,7,3,4,2018105187,ブレーヴジャッカル,セ5,58,01115,浜中俊,1:24.6,1/2,3-2,38.1,16.0,7,462(-14),01173,[西]長谷川浩,506800,シルクレーシング,,,,,,,,,,,,"(*1,3)4(2,6,13)8-(7,12)-(9,11)10-(5,14)",3,1,0.0,False,"(*1,3,4)(6,13)-8(7,12)-(9,11)(2,10)(5,14)",2,3,0.0,False,-6,
202308020412,12,3歳以上2勝クラス,ダ,1400,曇,良,16:10,2023-10-14,京都,8,7,12,2019106593,ゼットノヴァ,牡4,58,00732,幸英明,1:24.7,1/2,8-7,37.7,2.9,1,440(0),01101,[西]吉田直弘,730800,フォーレスト,,,,,,,,,,,,"(*1,3)4(2,6,13)8-(7,12)-(9,11)10-(5,14)",8,2,3.5,False,"(*1,3,4)(6,13)-8(7,12)-(9,11)(2,10)(5,14)",7,2,3.5,False,-6,
202308020412,12,3歳以上2勝クラス,ダ,1400,曇,良,16:10,2023-10-14,京都,9,4,5,2017102510,メタモルフォーゼ,牝6,56,01093,藤岡佑介,1:24.7,アタマ,13-13,36.6,73.6,12,480(+14),01155,[西]渡辺薫彦,788800,ノースヒルズ,,,,,,,,,,,,"(*1,3)4(2,6,13)8-(7,12)-(9,11)10-(5,14)",13,2,10.5,False,"(*1,3,4)(6,13)-8(7,12)-(9,11)(2,10)(5,14)",13,2,7.0,False,-6,
202308020412,12,3歳以上2勝クラス,ダ,1400,曇,良,16:10,2023-10-14,京都,10,5,8,2019101267,エルパソ,牡4,58,01030,松田大作,1:24.8,1/2,7-6,38.0,18.9,9,460(0),01147,[東]武井亮,345803,磯波勇Ｆ,,,,,,,,,,,,"(*1,3)4(2,6,13)8-(7,12)-(9,11)10-(5,14)",7,1,0.0,False,"(*1,3,4)(6,13)-8(7,12)-(9,11)(2,10)(5,14)",6,1,3.5,False,-6,
202308020412,12,3歳以上2勝クラス,ダ,1400,曇,良,16:10,2023-10-14,京都,11,8,14,2018105469,シュルレアリスト,牡5,58,01154,松若風馬,1:25.3,3,13-13,37.1,50.3,10,448(+4),01186,[西]中村直也,808800,Ｇ１レーシング,,,,,,,,,,,,"(*1,3)4(2,6,13)8-(7,12)-(9,11)10-(5,14)",13,2,10.5,False,"(*1,3,4)(6,13)-8(7,12)-(9,11)(2,10)(5,14)",13,2,7.0,False,-6,
202308020412,12,3歳以上2勝クラス,ダ,1400,曇,良,16:10,2023-10-14,京都,12,7,11,2019109159,カッコヨカ,牡4,54,01204,河原田菜,1:25.6,2,10-9,38.0,246.4,14,476(+8),01104,[西]笹田和秀,772002,西村新一郎,,,,,,,,,,,,"(*1,3)4(2,6,13)8-(7,12)-(9,11)10-(5,14)",10,2,7.0,False,"(*1,3,4)(6,13)-8(7,12)-(9,11)(2,10)(5,14)",9,2,7.0,False,-6,
202308020412,12,3歳以上2勝クラス,ダ,1400,曇,良,16:10,2023-10-14,京都,13,3,3,2017100447,リュクスウォリアー,牡6,58,01138,藤懸貴志,1:25.8,1.1/2,2-2,39.4,6.4,3,504(-6),01082,[西]平田修,215008,田畑憲士,,,,,,,,,,,,"(*1,3)4(2,6,13)8-(7,12)-(9,11)10-(5,14)",2,2,0.0,False,"(*1,3,4)(6,13)-8(7,12)-(9,11)(2,10)(5,14)",2,3,0.0,False,-6,
202308020412,12,3歳以上2勝クラス,ダ,1400,曇,良,16:10,2023-10-14,京都,中,2,2,2018105738,トーアエレクトロン,牡5,58,01116,藤岡康太,,,4-11,,209.5,13,474(-2),01091,[西]羽月友彦,784800,高山ランド,,,,,,,,,,,,"(*1,3)4(2,6,13)8-(7,12)-(9,11)10-(5,14)",4,3,0.0,False,"(*1,3,4)(6,13)-8(7,12)-(9,11)(2,10)(5,14)",11,2,7.0,False,-6,
202304040101,1,障害3歳以上未勝利,芝,2850,晴,良,09:50,2023-10-14,新潟,1,6,9,2020103386,メモリーズオブユー,牡3,58,01066,難波剛健,3:05.3,,8-8-5-4,13.0,16.7,6,528(+14),01129,[西]高橋義忠,872800,三田昌宏,790.0,"7-2-(10,14)12(4,5)-(9,8)-6-(1,13)3,11",8,2,10.5,False,"7-2(10,14)12-(4,5)-(9,8)-6-1-3,11-13",8,2,10.5,False,"7(10,2)12-9(4,5)=(14,8)-1-6,11=3=13",5,1,3.5,False,"7(10,2)(12,9)-4-5-8-1-(14,6)11=3=13",4,2,0.0,False,,秋の新潟開催開幕週。野芝のみのAコースを使用。全体時計はさほど速くなく、直線で先行馬が止まりやすい状況で、特に外回りと千直で追込有利が顕著だった。
202304040101,1,障害3歳以上未勝利,芝,2850,晴,良,09:50,2023-10-14,新潟,2,5,7,2018104700,ランドオブリバティ,牡5,60,01113,草野太郎,3:05.4,1/2,1-1-1-1,13.0,8.0,5,488(+12),01097,[東]鹿戸雄一,758005,吉田照哉,320.0,"7-2-(10,14)12(4,5)-(9,8)-6-(1,13)3,11",1,1,0.0,False,"7-2(10,14)12-(4,5)-(9,8)-6-1-3,11-13",1,1,0.0,False,"7(10,2)12-9(4,5)=(14,8)-1-6,11=3=13",1,1,0.0,False,"7(10,2)(12,9)-4-5-8-1-(14,6)11=3=13",1,1,0.0,False,,秋の新潟開催開幕週。野芝のみのAコースを使用。全体時計はさほど速くなく、直線で先行馬が止まりやすい状況で、特に外回りと千直で追込有利が顕著だった。
202304040101,1,障害3歳以上未勝利,芝,2850,晴,良,09:50,2023-10-14,新潟,3,7,12,2018105500,ヴィジュネル,牡5,60,01101,中村将之,3:05.5,1/2,5-5-4-4,13.0,3.8,2,488(+10),01155,[西]渡辺薫彦,486800,キャロットファーム,200.0,"7-2-(10,14)12(4,5)-(9,8)-6-(1,13)3,11",5,1,7.0,False,"7-2(10,14)12-(4,5)-(9,8)-6-1-3,11-13",5,1,3.5,False,"7(10,2)12-9(4,5)=(14,8)-1-6,11=3=13",4,1,0.0,False,"7(10,2)(12,9)-4-5-8-1-(14,6)11=3=13",4,2,0.0,False,,秋の新潟開催開幕週。野芝のみのAコースを使用。全体時計はさほど速くなく、直線で先行馬が止まりやすい状況で、特に外回りと千直で追込有利が顕著だった。
202304040101,1,障害3歳以上未勝利,芝,2850,晴,良,09:50,2023-10-14,新潟,4,6,10,2019102922,ゼンカイテン,牡4,60,01151,井上敏樹,3:05.6,3/4,3-3-2-2,13.0,17.7,7,470(-6),01108,[東]矢野英一,762007,川上哲司,120.0,"7-2-(10,14)12(4,5)-(9,8)-6-(1,13)3,11",3,2,7.0,False,"7-2(10,14)12-(4,5)-(9,8)-6-1-3,11-13",3,2,3.5,False,"7(10,2)12-9(4,5)=(14,8)-1-6,11=3=13",2,2,0.0,False,"7(10,2)(12,9)-4-5-8-1-(14,6)11=3=13",2,2,0.0,False,,秋の新潟開催開幕週。野芝のみのAコースを使用。全体時計はさほど速くなく、直線で先行馬が止まりやすい状況で、特に外回りと千直で追込有利が顕著だった。
202304040101,1,障害3歳以上未勝利,芝,2850,晴,良,09:50,2023-10-14,新潟,5,3,4,2018103264,マイバウム,牡5,60,01069,五十嵐雄,3:06.8,7,6-6-6-6,13.1,36.4,9,478(-2),01124,[東]大和田成,290006,栗坂崇,79.0,"7-2-(10,14)12(4,5)-(9,8)-6-(1,13)3,11",6,2,7.0,False,"7-2(10,14)12-(4,5)-(9,8)-6-1-3,11-13",6,2,7.0,False,"7(10,2)12-9(4,5)=(14,8)-1-6,11=3=13",6,2,3.5,False,"7(10,2)(12,9)-4-5-8-1-(14,6)11=3=13",6,1,3.5,False,,秋の新潟開催開幕週。野芝のみのAコースを使用。全体時計はさほど速くなく、直線で先行馬が止まりやすい状況で、特に外回りと千直で追込有利が顕著だった。
202304040101,1,障害3歳以上未勝利,芝,2850,晴,良,09:50,2023-10-14,新潟,6,5,8,2018104944,エイカイステラ,牝5,58,01196,小牧加矢,3:06.9,3/4,8-8-8-8,13.1,6.7,4,486(+2),01055,[西]藤原英昭,352031,二木英実,,"7-2-(10,14)12(4,5)-(9,8)-6-(1,13)3,11",8,2,10.5,False,"7-2(10,14)12-(4,5)-(9,8)-6-1-3,11-13",8,2,10.5,False,"7(10,2)12-9(4,5)=(14,8)-1-6,11=3=13",8,2,9.5,False,"7(10,2)(12,9)-4-5-8-1-(14,6)11=3=13",8,1,10.5,False,,秋の新潟開催開幕週。野芝のみのAコースを使用。全体時計はさほど速くなく、直線で先行馬が止まりやすい状況で、特に外回りと千直で追込有利が顕著だった。
202304040101,1,障害3歳以上未勝利,芝,2850,晴,良,09:50,2023-10-14,新潟,7,2,2,2017100641,カイトレッド,牝6,58,01087,上野翔,3:07.7,5,2-2-2-2,13.2,3.5,1,482(+4),01143,[東]和田雄二,816008,本田恒雄,,"7-2-(10,14)12(4,5)-(9,8)-6-(1,13)3,11",2,1,3.5,False,"7-2(10,14)12-(4,5)-(9,8)-6-1-3,11-13",2,1,3.5,False,"7(10,2)12-9(4,5)=(14,8)-1-6,11=3=13",2,2,0.0,False,"7(10,2)(12,9)-4-5-8-1-(14,6)11=3=13",2,2,0.0,False,,秋の新潟開催開幕週。野芝のみのAコースを使用。全体時計はさほど速くなく、直線で先行馬が止まりやすい状況で、特に外回りと千直で追込有利が顕著だった。
202304040101,1,障害3歳以上未勝利,芝,2850,晴,良,09:50,2023-10-14,新潟,8,7,11,2019105276,ブラックボイス,牡4,60,01059,石神深一,3:07.9,3/4,14-13-12-12,13.2,5.4,3,518(+8),01175,[東]宮田敬介,072803,スリーエイチレーシン...,,"7-2-(10,14)12(4,5)-(9,8)-6-(1,13)3,11",14,1,19.0,False,"7-2(10,14)12-(4,5)-(9,8)-6-1-3,11-13",13,1,22.5,False,"7(10,2)12-9(4,5)=(14,8)-1-6,11=3=13",12,1,18.0,False,"7(10,2)(12,9)-4-5-8-1-(14,6)11=3=13",12,1,17.5,False,,秋の新潟開催開幕週。野芝のみのAコースを使用。全体時計はさほど速くなく、直線で先行馬が止まりやすい状況で、特に外回りと千直で追込有利が顕著だった。
202304040101,1,障害3歳以上未勝利,芝,2850,晴,良,09:50,2023-10-14,新潟,9,4,6,2018103063,フィルムスコア,牝5,58,01067,平沢健治,3:08.6,4,10-10-11-10,13.2,72.9,12,456(-2),01082,[西]平田修,482002,水上行雄,,"7-2-(10,14)12(4,5)-(9,8)-6-(1,13)3,11",10,1,14.0,False,"7-2(10,14)12-(4,5)-(9,8)-6-1-3,11-13",10,1,14.0,False,"7(10,2)12-9(4,5)=(14,8)-1-6,11=3=13",11,1,16.5,False,"7(10,2)(12,9)-4-5-8-1-(14,6)11=3=13",10,2,17.5,False,,秋の新潟開催開幕週。野芝のみのAコースを使用。全体時計はさほど速くなく、直線で先行馬が止まりやすい状況で、特に外回りと千直で追込有利が顕著だった。
202304040101,1,障害3歳以上未勝利,芝,2850,晴,良,09:50,2023-10-14,新潟,10,1,1,2020105533,タガノチョコラータ,牝3,56,01072,黒岩悠,3:08.8,1.1/4,11-11-10-9,13.2,63.8,11,504(-8),01121,[西]角田晃一,859002,八木良司,,"7-2-(10,14)12(4,5)-(9,8)-6-(1,13)3,11",11,2,17.5,False,"7-2(10,14)12-(4,5)-(9,8)-6-1-3,11-13",11,1,17.5,False,"7(10,2)12-9(4,5)=(14,8)-1-6,11=3=13",10,1,13.0,False,"7(10,2)(12,9)-4-5-8-1-(14,6)11=3=13",9,1,14.0,False,,秋の新潟開催開幕週。野芝のみのAコースを使用。全体時計はさほど速くなく、直線で先行馬が止まりやすい状況で、特に外回りと千直で追込有利が顕著だった。
202304040101,1,障害3歳以上未勝利,芝,2850,晴,良,09:50,2023-10-14,新潟,11,4,5,2017101109,ヘイセイメジャー,牡6,60,01123,小野寺祐,3:10.4,10,6-6-6-7,13.4,40.5,10,496(+6),01033,[西]木原一良,646031,菅藤孝雄,,"7-2-(10,14)12(4,5)-(9,8)-6-(1,13)3,11",6,2,7.0,False,"7-2(10,14)12-(4,5)-(9,8)-6-1-3,11-13",6,2,7.0,False,"7(10,2)12-9(4,5)=(14,8)-1-6,11=3=13",6,2,3.5,False,"7(10,2)(12,9)-4-5-8-1-(14,6)11=3=13",7,1,7.0,False,,秋の新潟開催開幕週。野芝のみのAコースを使用。全体時計はさほど速くなく、直線で先行馬が止まりやすい状況で、特に外回りと千直で追込有利が顕著だった。
202304040101,1,障害3歳以上未勝利,芝,2850,晴,良,09:50,2023-10-14,新潟,12,3,3,2020106560,ニシノスナイパー,牡3,58,01120,大江原圭,3:10.5,クビ,13-12-13-13,13.4,33.4,8,464(+8),01005,[東]小桧山悟,897009,西山茂行,,"7-2-(10,14)12(4,5)-(9,8)-6-(1,13)3,11",13,1,17.5,False,"7-2(10,14)12-(4,5)-(9,8)-6-1-3,11-13",12,1,21.0,False,"7(10,2)12-9(4,5)=(14,8)-1-6,11=3=13",13,1,24.0,False,"7(10,2)(12,9)-4-5-8-1-(14,6)11=3=13",13,1,23.5,False,,秋の新潟開催開幕週。野芝のみのAコースを使用。全体時計はさほど速くなく、直線で先行馬が止まりやすい状況で、特に外回りと千直で追込有利が顕著だった。
202304040101,1,障害3歳以上未勝利,芝,2850,晴,良,09:50,2023-10-14,新潟,13,8,13,2019105743,プランセスカグヤ,牝4,57,01201,水沼元輝,3:16.7,大,11-14-14-14,13.8,76.1,13,462(+8),01096,[東]粕谷昌央,851009,岡田牧雄,,"7-2-(10,14)12(4,5)-(9,8)-6-(1,13)3,11",11,2,17.5,False,"7-2(10,14)12-(4,5)-(9,8)-6-1-3,11-13",14,1,26.0,False,"7(10,2)12-9(4,5)=(14,8)-1-6,11=3=13",14,1,30.0,False,"7(10,2)(12,9)-4-5-8-1-(14,6)11=3=13",14,1,29.5,False,,秋の新潟開催開幕週。野芝のみのAコースを使用。全体時計はさほど速くなく、直線で先行馬が止まりやすい状況で、特に外回りと千直で追込有利が顕著だった。
202304040101,1,障害3歳以上未勝利,芝,2850,晴,良,09:50,2023-10-14,新潟,中,8,14,2019100492,ニシノボルテージ,牡4,60,01023,江田勇亮,,,3-3-8-10,,99.2,14,454(-6),01027,[東]田村康仁,897009,西山茂行,,"7-2-(10,14)12(4,5)-(9,8)-6-(1,13)3,11",3,2,7.0,False,"7-2(10,14)12-(4,5)-(9,8)-6-1-3,11-13",3,2,3.5,False,"7(10,2)12-9(4,5)=(14,8)-1-6,11=3=13",8,2,9.5,False,"7(10,2)(12,9)-4-5-8-1-(14,6)11=3=13",10,2,17.5,False,,秋の新潟開催開幕週。野芝のみのAコースを使用。全体時計はさほど速くなく、直線で先行馬が止まりやすい状況で、特に外回りと千直で追込有利が顕著だった。
202304040102,2,2歳未勝利,ダ,1800,晴,良,10:25,2023-10-14,新潟,1,5,5,2021105958,ブリーズオンチーク,牝2,55,01102,北村友一,1:54.7,,3-3-3-3,38.6,3.9,2,460(-6),01117,[西]高野友和,862800,泉新キャピタル,550.0,"1,6(2,5)-12-7,11,9(4,10)8,3",3,2,1.5,False,"1,6(2,5)12,7,11,9(10,3)4-8",3,2,1.5,False,"(*1,6)(2,12,5)-(7,11)-(9,3)-10,4-8",3,3,0.0,False,"(*1,6)5,12(2,11)7-3-9,10,4,8",3,1,0.0,False,-6,
202304040102,2,2歳未勝利,ダ,1800,晴,良,10:25,2023-10-14,新潟,2,8,12,2021103566,アムレートゥム,牡2,56,01091,丹内祐次,1:55.3,3.1/2,5-5-3-4,39.1,24.1,5,478(0),01027,[東]田村康仁,798033,山口裕介,220.0,"1,6(2,5)-12-7,11,9(4,10)8,3",5,1,5.0,False,"1,6(2,5)12,7,11,9(10,3)4-8",5,1,1.5,False,"(*1,6)(2,12,5)-(7,11)-(9,3)-10,4-8",3,3,0.0,False,"(*1,6)5,12(2,11)7-3-9,10,4,8",4,1,1.5,False,-6,
202304040102,2,2歳未勝利,ダ,1800,晴,良,10:25,2023-10-14,新潟,3,8,11,2021100065,ジョードプル,牡2,55,01192,横山琉人,1:55.5,1.1/2,7-7-6-5,38.9,227.3,11,438(0),01020,[東]相沢郁,812008,石瀬浩三,140.0,"1,6(2,5)-12-7,11,9(4,10)8,3",7,1,10.0,False,"1,6(2,5)12,7,11,9(10,3)4-8",7,1,4.5,False,"(*1,6)(2,12,5)-(7,11)-(9,3)-10,4-8",6,2,3.5,False,"(*1,6)5,12(2,11)7-3-9,10,4,8",5,2,1.5,False,-6,
202304040102,2,2歳未勝利,ダ,1800,晴,良,10:25,2023-10-14,新潟,4,5,6,2021103770,スペイドアン,牡2,56,01095,吉田隼人,1:55.7,1.1/2,2-2-2-2,39.8,2.1,1,478(-8),01169,[東]加藤士津,028803,ＴＵＲＦレーシング,83.0,"1,6(2,5)-12-7,11,9(4,10)8,3",2,1,1.5,False,"1,6(2,5)12,7,11,9(10,3)4-8",2,1,1.5,False,"(*1,6)(2,12,5)-(7,11)-(9,3)-10,4-8",2,2,0.0,False,"(*1,6)5,12(2,11)7-3-9,10,4,8",2,2,0.0,False,-6,
202304040102,2,2歳未勝利,ダ,1800,晴,良,10:25,2023-10-14,新潟,5,6,7,2021101070,ピエサエルモソ,牝2,52,01195,川端海翼,1:56.1,2,6-6-6-7,39.5,168.7,8,472(+2),00425,[西]加用正,148800,グリーンファーム,55.0,"1,6(2,5)-12-7,11,9(4,10)8,3",6,1,8.5,False,"1,6(2,5)12,7,11,9(10,3)4-8",6,1,3.0,False,"(*1,6)(2,12,5)-(7,11)-(9,3)-10,4-8",6,2,3.5,False,"(*1,6)5,12(2,11)7-3-9,10,4,8",7,1,1.5,False,-6,
202304040102,2,2歳未勝利,ダ,1800,晴,良,10:25,2023-10-14,新潟,6,1,1,2021100715,エクステンシヴリー,牡2,53,01187,永島まな,1:56.1,クビ,1-1-1-1,40.3,8.2,4,514(+10),01194,[西]小栗実,542800,ライオンレースホース,,"1,6(2,5)-12-7,11,9(4,10)8,3",1,1,0.0,False,"1,6(2,5)12,7,11,9(10,3)4-8",1,1,0.0,False,"(*1,6)(2,12,5)-(7,11)-(9,3)-10,4-8",1,2,0.0,True,"(*1,6)5,12(2,11)7-3-9,10,4,8",1,2,0.0,True,-6,
202304040102,2,2歳未勝利,ダ,1800,晴,良,10:25,2023-10-14,新潟,7,3,3,2021104105,ルクスマーベリック,牡2,56,01019,秋山真一,1:56.4,1.3/4,12-9-8-8,39.3,4.6,3,446(-12),01092,[西]松永幹夫,397803,ルクス,,"1,6(2,5)-12-7,11,9(4,10)8,3",12,1,13.0,False,"1,6(2,5)12,7,11,9(10,3)4-8",9,2,6.0,False,"(*1,6)(2,12,5)-(7,11)-(9,3)-10,4-8",8,2,7.0,False,"(*1,6)5,12(2,11)7-3-9,10,4,8",8,1,5.0,False,-6,
202304040102,2,2歳未勝利,ダ,1800,晴,良,10:25,2023-10-14,新潟,8,4,4,2021102357,パレスパートナー,牝2,51,01206,小林美駒,1:56.8,2.1/2,9-11-11-11,39.2,208.8,10,482(-6),01026,[東]鈴木伸尋,787002,西村豊,,"1,6(2,5)-12-7,11,9(4,10)8,3",9,2,11.5,False,"1,6(2,5)12,7,11,9(10,3)4-8",11,1,6.0,False,"(*1,6)(2,12,5)-(7,11)-(9,3)-10,4-8",11,1,12.0,False,"(*1,6)5,12(2,11)7-3-9,10,4,8",11,1,11.5,False,-6,
202304040102,2,2歳未勝利,ダ,1800,晴,良,10:25,2023-10-14,新潟,9,7,10,2021100371,リュウノアラス,牡2,54,01177,小林凌大,1:56.9,クビ,9-9-10-10,39.4,32.7,7,486(+4),00405,[東]小西一男,099031,蓑島竜一,,"1,6(2,5)-12-7,11,9(4,10)8,3",9,2,11.5,False,"1,6(2,5)12,7,11,9(10,3)4-8",9,2,6.0,False,"(*1,6)(2,12,5)-(7,11)-(9,3)-10,4-8",10,1,10.5,False,"(*1,6)5,12(2,11)7-3-9,10,4,8",10,1,10.0,False,-6,
202304040102,2,2歳未勝利,ダ,1800,晴,良,10:25,2023-10-14,新潟,10,6,8,2021106317,キラーインキラーズ,牡2,53,01201,水沼元輝,1:57.3,2.1/2,11-12-12-12,39.3,370.0,12,408(+2),01035,[東]佐藤吉勝,911800,スピードファーム,,"1,6(2,5)-12-7,11,9(4,10)8,3",11,1,11.5,False,"1,6(2,5)12,7,11,9(10,3)4-8",12,1,9.5,False,"(*1,6)(2,12,5)-(7,11)-(9,3)-10,4-8",12,1,15.5,False,"(*1,6)5,12(2,11)7-3-9,10,4,8",12,1,13.0,False,-6,
202304040102,2,2歳未勝利,ダ,1800,晴,良,10:25,2023-10-14,新潟,11,2,2,2021106361,ボナーテソーロ,牡2,55,01184,原優介,1:57.5,1.1/4,3-3-3-5,41.3,28.0,6,462(+4),01048,[東]畠山吉宏,089803,了徳寺健二ホールディ...,,"1,6(2,5)-12-7,11,9(4,10)8,3",3,2,1.5,False,"1,6(2,5)12,7,11,9(10,3)4-8",3,2,1.5,False,"(*1,6)(2,12,5)-(7,11)-(9,3)-10,4-8",3,3,0.0,False,"(*1,6)5,12(2,11)7-3-9,10,4,8",5,2,1.5,False,-6,
202304040102,2,2歳未勝利,ダ,1800,晴,良,10:25,2023-10-14,新潟,12,7,9,2021101087,ウインライズ,牡2,56,01109,黛弘人,1:58.3,5,8-8-8-9,41.2,176.0,9,468(0),00420,[東]宗像義忠,494800,ウイン,,"1,6(2,5)-12-7,11,9(4,10)8,3",8,1,11.5,False,"1,6(2,5)12,7,11,9(10,3)4-8",8,1,6.0,False,"(*1,6)(2,12,5)-(7,11)-(9,3)-10,4-8",8,2,7.0,False,"(*1,6)5,12(2,11)7-3-9,10,4,8",9,1,8.5,False,-6,
202304040103,3,3歳以上1勝クラス,ダ,1800,晴,良,10:55,2023-10-14,新潟,1,4,4,2020103033,グレノークス,牝3,54,01127,丸山元気,1:53.8,,4-4-4-3,38.8,6.0,3,480(0),01175,[東]宮田敬介,758005,吉田照哉,800.0,"10(11,12)(1,4,7,9)-6,8,13(2,3)5",4,4,0.0,False,"10(11,12)(1,4,7,9)(6,8)13,2,3,5",4,4,0.0,False,"(10,*11,12)(4,9)(1,7,3)(6,8,13,5)2",4,2,0.0,False,"(*11,12)(4,9,3)(10,8,7,13,5)1(6,2)",3,3,0.0,False,-6,
202304040103,3,3歳以上1勝クラス,ダ,1800,晴,良,10:55,2023-10-14,新潟,2,4,5,2020102607,ロフティーイデアル,牝3,54,01095,吉田隼人,1:54.0,1.1/4,13-13-9-6,38.7,13.3,6,464(0),01163,[東]林徹,808800,Ｇ１レーシング,320.0,"10(11,12)(1,4,7,9)-6,8,13(2,3)5",13,1,6.5,False,"10(11,12)(1,4,7,9)(6,8)13,2,3,5",13,1,4.5,False,"(10,*11,12)(4,9)(1,7,3)(6,8,13,5)2",9,4,0.0,False,"(*11,12)(4,9,3)(10,8,7,13,5)1(6,2)",6,5,0.0,False,-6,
202304040103,3,3歳以上1勝クラス,ダ,1800,晴,良,10:55,2023-10-14,新潟,3,7,11,2020102642,パルメリータ,牝3,53,01197,佐々木大,1:54.1,3/4,2-2-1-1,39.3,6.5,5,486(+8),01028,[西]西園正都,486800,キャロットファーム,200.0,"10(11,12)(1,4,7,9)-6,8,13(2,3)5",2,2,0.0,False,"10(11,12)(1,4,7,9)(6,8)13,2,3,5",2,2,0.0,False,"(10,*11,12)(4,9)(1,7,3)(6,8,13,5)2",1,3,0.0,True,"(*11,12)(4,9,3)(10,8,7,13,5)1(6,2)",1,2,0.0,True,-6,
202304040103,3,3歳以上1勝クラス,ダ,1800,晴,良,10:55,2023-10-14,新潟,4,6,8,2019100390,トラストベル,牝4,56,01096,大野拓弥,1:54.2,1/2,9-8-9-6,38.9,6.3,4,446(+2),01027,[東]田村康仁,767008,菅波立知子,120.0,"10(11,12)(1,4,7,9)-6,8,13(2,3)5",9,1,5.0,False,"10(11,12)(1,4,7,9)(6,8)13,2,3,5",8,2,0.0,False,"(10,*11,12)(4,9)(1,7,3)(6,8,13,5)2",9,4,0.0,False,"(*11,12)(4,9,3)(10,8,7,13,5)1(6,2)",6,5,0.0,False,-6,
202304040103,3,3歳以上1勝クラス,ダ,1800,晴,良,10:55,2023-10-14,新潟,5,5,6,2018100895,スマイルヴィヴァン,牝5,56,01091,丹内祐次,1:54.8,3.1/2,8-8-9-12,39.4,24.5,9,418(-6),00412,[東]高橋裕,013803,ディアレストクラブ,80.0,"10(11,12)(1,4,7,9)-6,8,13(2,3)5",8,1,3.5,False,"10(11,12)(1,4,7,9)(6,8)13,2,3,5",8,2,0.0,False,"(10,*11,12)(4,9)(1,7,3)(6,8,13,5)2",9,4,0.0,False,"(*11,12)(4,9,3)(10,8,7,13,5)1(6,2)",12,2,0.0,False,-6,
202304040103,3,3歳以上1勝クラス,ダ,1800,晴,良,10:55,2023-10-14,新潟,6,5,7,2020101856,セイカティターニア,牝3,53,01192,横山琉人,1:54.8,クビ,4-4-6-6,39.6,4.2,1,408(0),01020,[東]相沢郁,284008,久米大,,"10(11,12)(1,4,7,9)-6,8,13(2,3)5",4,4,0.0,False,"10(11,12)(1,4,7,9)(6,8)13,2,3,5",4,4,0.0,False,"(10,*11,12)(4,9)(1,7,3)(6,8,13,5)2",6,3,0.0,False,"(*11,12)(4,9,3)(10,8,7,13,5)1(6,2)",6,5,0.0,False,-6,
202304040103,3,3歳以上1勝クラス,ダ,1800,晴,良,10:55,2023-10-14,新潟,7,1,1,2020106473,ゴーフォマームード,牝3,51,01193,今村聖奈,1:54.9,3/4,4-4-6-11,39.7,5.5,2,448(+10),01173,[西]長谷川浩,182033,前田剛,,"10(11,12)(1,4,7,9)-6,8,13(2,3)5",4,4,0.0,False,"10(11,12)(1,4,7,9)(6,8)13,2,3,5",4,4,0.0,False,"(10,*11,12)(4,9)(1,7,3)(6,8,13,5)2",6,3,0.0,False,"(*11,12)(4,9,3)(10,8,7,13,5)1(6,2)",11,1,0.0,False,-6,
202304040103,3,3歳以上1勝クラス,ダ,1800,晴,良,10:55,2023-10-14,新潟,8,8,13,2018102813,リキサンハート,牝5,56,01161,菊沢一樹,1:55.1,1,10-10-9-6,39.7,32.3,11,504(-4),01074,[東]奥平雅士,572800,ハイパワー商事,,"10(11,12)(1,4,7,9)-6,8,13(2,3)5",10,1,6.5,False,"10(11,12)(1,4,7,9)(6,8)13,2,3,5",10,1,0.0,False,"(10,*11,12)(4,9)(1,7,3)(6,8,13,5)2",9,4,0.0,False,"(*11,12)(4,9,3)(10,8,7,13,5)1(6,2)",6,5,0.0,False,-6,
202304040103,3,3歳以上1勝クラス,ダ,1800,晴,良,10:55,2023-10-14,新潟,9,2,2,2018101497,デリシュレーヌ,牝5,56,01160,荻野極,1:55.2,クビ,11-11-13-12,39.6,16.2,8,486(+2),01134,[東]高橋文雅,036006,加藤徹,,"10(11,12)(1,4,7,9)-6,8,13(2,3)5",11,2,6.5,False,"10(11,12)(1,4,7,9)(6,8)13,2,3,5",11,1,1.5,False,"(10,*11,12)(4,9)(1,7,3)(6,8,13,5)2",13,1,0.0,False,"(*11,12)(4,9,3)(10,8,7,13,5)1(6,2)",12,2,0.0,False,-6,
202304040103,3,3歳以上1勝クラス,ダ,1800,晴,良,10:55,2023-10-14,新潟,10,8,12,2019106001,ベレン,牝4,56,01168,富田暁,1:55.2,クビ,2-2-2-2,40.4,50.6,13,508(+16),01151,[西]斉藤崇史,379803,ＯＵＭＡ,,"10(11,12)(1,4,7,9)-6,8,13(2,3)5",2,2,0.0,False,"10(11,12)(1,4,7,9)(6,8)13,2,3,5",2,2,0.0,False,"(10,*11,12)(4,9)(1,7,3)(6,8,13,5)2",2,3,0.0,False,"(*11,12)(4,9,3)(10,8,7,13,5)1(6,2)",2,2,0.0,False,-6,
202304040103,3,3歳以上1勝クラス,ダ,1800,晴,良,10:55,2023-10-14,新潟,11,6,9,2019105059,エレアイム,牝4,55,01186,角田大和,1:56.3,7,4-4-4-3,41.3,28.9,10,490(+4),01146,[西]奥村豊,226800,サンデーレーシング,,"10(11,12)(1,4,7,9)-6,8,13(2,3)5",4,4,0.0,False,"10(11,12)(1,4,7,9)(6,8)13,2,3,5",4,4,0.0,False,"(10,*11,12)(4,9)(1,7,3)(6,8,13,5)2",4,2,0.0,False,"(*11,12)(4,9,3)(10,8,7,13,5)1(6,2)",3,3,0.0,False,-6,
202304040103,3,3歳以上1勝クラス,ダ,1800,晴,良,10:55,2023-10-14,新潟,12,3,3,2019105849,ドゥライトアルディ,牝4,56,01077,石橋脩,1:57.3,6,11-12-6-3,42.2,38.9,12,502(+10),01148,[西]西村真幸,271008,安原浩司,,"10(11,12)(1,4,7,9)-6,8,13(2,3)5",11,2,6.5,False,"10(11,12)(1,4,7,9)(6,8)13,2,3,5",12,1,3.0,False,"(10,*11,12)(4,9)(1,7,3)(6,8,13,5)2",6,3,0.0,False,"(*11,12)(4,9,3)(10,8,7,13,5)1(6,2)",3,3,0.0,False,-6,
202304040103,3,3歳以上1勝クラス,ダ,1800,晴,良,10:55,2023-10-14,新潟,13,7,10,2019106333,ジャマン,牝4,53,01187,永島まな,2:01.2,大,1-1-2-6,46.4,13.6,7,484(+18),01135,[西]高橋康之,140031,奥田貴敏,,"10(11,12)(1,4,7,9)-6,8,13(2,3)5",1,1,0.0,False,"10(11,12)(1,4,7,9)(6,8)13,2,3,5",1,1,0.0,False,"(10,*11,12)(4,9)(1,7,3)(6,8,13,5)2",2,3,0.0,False,"(*11,12)(4,9,3)(10,8,7,13,5)1(6,2)",6,5,0.0,False,-6,
202304040104,4,障害3歳以上未勝利,芝,2850,晴,良,11:25,2023-10-14,新潟,1,7,11,2018105438,ロスコフ,牡5,60,01113,草野太郎,3:05.8,,4-4-3-2,13.0,15.9,6,492(-14),01067,[東]久保田貴,231033,吉田晴哉,790.0,"1(9,12)(4,11)5(10,8)6,7,13,2,3",4,2,0.0,False,"1(9,12)(4,5,11)-10,8,6-(7,13)2-3",4,3,0.0,False,"(1,*12)(9,11)-4,5-8,10(7,6)-(13,3)-2",3,2,0.0,False,"(1,*12,11)9(4,5)-8,10(7,6)(13,3)=2",2,3,0.0,False,,秋の新潟開催開幕週。野芝のみのAコースを使用。全体時計はさほど速くなく、直線で先行馬が止まりやすい状況で、特に外回りと千直で追込有利が顕著だった。
202304040104,4,障害3歳以上未勝利,芝,2850,晴,良,11:25,2023-10-14,新潟,2,8,12,2018104196,タイセイコマンド,牡5,60,01087,上野翔,3:06.3,3,2-2-1-1,13.1,2.7,2,500(+8),01156,[東]青木孝文,224007,田中成奉,320.0,"1(9,12)(4,11)5(10,8)6,7,13,2,3",2,2,0.0,False,"1(9,12)(4,5,11)-10,8,6-(7,13)2-3",2,2,0.0,False,"(1,*12)(9,11)-4,5-8,10(7,6)-(13,3)-2",1,2,0.0,True,"(1,*12,11)9(4,5)-8,10(7,6)(13,3)=2",1,3,0.0,True,,秋の新潟開催開幕週。野芝のみのAコースを使用。全体時計はさほど速くなく、直線で先行馬が止まりやすい状況で、特に外回りと千直で追込有利が顕著だった。
202304040104,4,障害3歳以上未勝利,芝,2850,晴,良,11:25,2023-10-14,新潟,3,1,1,2018106492,メイショウキリモン,牡5,60,01067,平沢健治,3:06.8,3,1-1-2-2,13.1,2.7,1,478(-2),01095,[西]荒川義之,523005,松本好雄,200.0,"1(9,12)(4,11)5(10,8)6,7,13,2,3",1,1,0.0,False,"1(9,12)(4,5,11)-10,8,6-(7,13)2-3",1,1,0.0,False,"(1,*12)(9,11)-4,5-8,10(7,6)-(13,3)-2",2,2,0.0,False,"(1,*12,11)9(4,5)-8,10(7,6)(13,3)=2",2,3,0.0,False,,秋の新潟開催開幕週。野芝のみのAコースを使用。全体時計はさほど速くなく、直線で先行馬が止まりやすい状況で、特に外回りと千直で追込有利が顕著だった。
202304040104,4,障害3歳以上未勝利,芝,2850,晴,良,11:25,2023-10-14,新潟,4,6,8,2018102226,ユーベルント,牝5,58,01061,大庭和弥,3:07.1,1.3/4,7-8-7-7,13.1,16.2,7,444(-2),01189,[東]堀内岳志,854800,ノルマンディーサラブ...,120.0,"1(9,12)(4,11)5(10,8)6,7,13,2,3",7,2,0.0,False,"1(9,12)(4,5,11)-10,8,6-(7,13)2-3",8,1,5.0,False,"(1,*12)(9,11)-4,5-8,10(7,6)-(13,3)-2",7,1,8.5,False,"(1,*12,11)9(4,5)-8,10(7,6)(13,3)=2",7,1,3.5,False,,秋の新潟開催開幕週。野芝のみのAコースを使用。全体時計はさほど速くなく、直線で先行馬が止まりやすい状況で、特に外回りと千直で追込有利が顕著だった。
202304040104,4,障害3歳以上未勝利,芝,2850,晴,良,11:25,2023-10-14,新潟,5,4,4,2019101023,アルカンサス,牡4,57,01201,水沼元輝,3:07.1,クビ,4-4-5-5,13.1,7.9,3,470(-10),00417,[東]土田稔,798008,一村哲也,79.0,"1(9,12)(4,11)5(10,8)6,7,13,2,3",4,2,0.0,False,"1(9,12)(4,5,11)-10,8,6-(7,13)2-3",4,3,0.0,False,"(1,*12)(9,11)-4,5-8,10(7,6)-(13,3)-2",5,1,3.5,False,"(1,*12,11)9(4,5)-8,10(7,6)(13,3)=2",5,2,0.0,False,,秋の新潟開催開幕週。野芝のみのAコースを使用。全体時計はさほど速くなく、直線で先行馬が止まりやすい状況で、特に外回りと千直で追込有利が顕著だった。
202304040104,4,障害3歳以上未勝利,芝,2850,晴,良,11:25,2023-10-14,新潟,6,3,3,2018104611,スクリーンプロセス,セ5,60,01059,石神深一,3:07.3,1.1/4,13-13-11-11,13.1,39.2,10,538(-8),01081,[東]中川公成,415800,社台レースホース,,"1(9,12)(4,11)5(10,8)6,7,13,2,3",13,1,6.0,False,"1(9,12)(4,5,11)-10,8,6-(7,13)2-3",13,1,13.5,False,"(1,*12)(9,11)-4,5-8,10(7,6)-(13,3)-2",11,2,13.5,False,"(1,*12,11)9(4,5)-8,10(7,6)(13,3)=2",11,2,5.0,False,,秋の新潟開催開幕週。野芝のみのAコースを使用。全体時計はさほど速くなく、直線で先行馬が止まりやすい状況で、特に外回りと千直で追込有利が顕著だった。
202304040104,4,障害3歳以上未勝利,芝,2850,晴,良,11:25,2023-10-14,新潟,7,6,9,2019102399,テイエムクロマル,牡4,60,01120,大江原圭,3:07.5,1.1/4,2-2-3-4,13.2,11.4,4,494(+10),01043,[東]石栗龍彦,356002,竹園正繼,,"1(9,12)(4,11)5(10,8)6,7,13,2,3",2,2,0.0,False,"1(9,12)(4,5,11)-10,8,6-(7,13)2-3",2,2,0.0,False,"(1,*12)(9,11)-4,5-8,10(7,6)-(13,3)-2",3,2,0.0,False,"(1,*12,11)9(4,5)-8,10(7,6)(13,3)=2",4,1,0.0,False,,秋の新潟開催開幕週。野芝のみのAコースを使用。全体時計はさほど速くなく、直線で先行馬が止まりやすい状況で、特に外回りと千直で追込有利が顕著だった。
202304040104,4,障害3歳以上未勝利,芝,2850,晴,良,11:25,2023-10-14,新潟,8,8,13,2020100230,クリノマイスター,牡3,58,01101,中村将之,3:07.7,1.1/4,11-10-11-11,13.2,93.0,11,472(-8),01069,[西]中尾秀正,970006,栗本博晴,,"1(9,12)(4,11)5(10,8)6,7,13,2,3",11,1,3.0,False,"1(9,12)(4,5,11)-10,8,6-(7,13)2-3",10,2,10.0,False,"(1,*12)(9,11)-4,5-8,10(7,6)-(13,3)-2",11,2,13.5,False,"(1,*12,11)9(4,5)-8,10(7,6)(13,3)=2",11,2,5.0,False,,秋の新潟開催開幕週。野芝のみのAコースを使用。全体時計はさほど速くなく、直線で先行馬が止まりやすい状況で、特に外回りと千直で追込有利が顕著だった。
202304040104,4,障害3歳以上未勝利,芝,2850,晴,良,11:25,2023-10-14,新潟,9,7,10,2015106286,サダムラピュタ,牡8,60,01072,黒岩悠,3:07.7,ハナ,7-7-8-8,13.2,33.2,9,490(+10),01082,[西]平田修,420033,大西美生子,,"1(9,12)(4,11)5(10,8)6,7,13,2,3",7,2,0.0,False,"1(9,12)(4,5,11)-10,8,6-(7,13)2-3",7,1,3.5,False,"(1,*12)(9,11)-4,5-8,10(7,6)-(13,3)-2",8,1,10.0,False,"(1,*12,11)9(4,5)-8,10(7,6)(13,3)=2",8,1,5.0,False,,秋の新潟開催開幕週。野芝のみのAコースを使用。全体時計はさほど速くなく、直線で先行馬が止まりやすい状況で、特に外回りと千直で追込有利が顕著だった。
202304040104,4,障害3歳以上未勝利,芝,2850,晴,良,11:25,2023-10-14,新潟,10,4,5,2018104578,セブンフォールド,牡5,60,01123,小野寺祐,3:08.4,4,6-4-6-5,13.2,15.4,5,464(+12),01133,[東]黒岩陽一,415800,社台レースホース,,"1(9,12)(4,11)5(10,8)6,7,13,2,3",6,1,0.0,False,"1(9,12)(4,5,11)-10,8,6-(7,13)2-3",4,3,0.0,False,"(1,*12)(9,11)-4,5-8,10(7,6)-(13,3)-2",6,1,5.0,False,"(1,*12,11)9(4,5)-8,10(7,6)(13,3)=2",5,2,0.0,False,,秋の新潟開催開幕週。野芝のみのAコースを使用。全体時計はさほど速くなく、直線で先行馬が止まりやすい状況で、特に外回りと千直で追込有利が顕著だった。
202304040104,4,障害3歳以上未勝利,芝,2850,晴,良,11:25,2023-10-14,新潟,11,5,7,2020100007,ユーカリグニー,牡3,58,01066,難波剛健,3:08.5,クビ,10-10-9-9,13.2,132.0,12,510(-13),01032,[西]大根田裕,284030,山本堅治,,"1(9,12)(4,11)5(10,8)6,7,13,2,3",10,1,1.5,False,"1(9,12)(4,5,11)-10,8,6-(7,13)2-3",10,2,10.0,False,"(1,*12)(9,11)-4,5-8,10(7,6)-(13,3)-2",9,2,10.0,False,"(1,*12,11)9(4,5)-8,10(7,6)(13,3)=2",9,2,5.0,False,,秋の新潟開催開幕週。野芝のみのAコースを使用。全体時計はさほど速くなく、直線で先行馬が止まりやすい状況で、特に外回りと千直で追込有利が顕著だった。
202304040104,4,障害3歳以上未勝利,芝,2850,晴,良,11:25,2023-10-14,新潟,12,5,6,2019106591,サクセスミノル,牡4,60,01069,五十嵐雄,3:08.6,1/2,9-9-9-9,13.2,25.9,8,482(-4),01153,[東]中舘英二,265008,吉岡實,,"1(9,12)(4,11)5(10,8)6,7,13,2,3",9,1,0.0,False,"1(9,12)(4,5,11)-10,8,6-(7,13)2-3",9,1,6.5,False,"(1,*12)(9,11)-4,5-8,10(7,6)-(13,3)-2",9,2,10.0,False,"(1,*12,11)9(4,5)-8,10(7,6)(13,3)=2",9,2,5.0,False,,秋の新潟開催開幕週。野芝のみのAコースを使用。全体時計はさほど速くなく、直線で先行馬が止まりやすい状況で、特に外回りと千直で追込有利が顕著だった。
202304040104,4,障害3歳以上未勝利,芝,2850,晴,良,11:25,2023-10-14,新潟,13,2,2,2019106471,アイファーヴァンズ,牡4,60,01052,金子光希,3:10.5,大,12-12-13-13,13.4,200.1,13,468(-2),01063,[東]的場均,119007,中島稔,,"1(9,12)(4,11)5(10,8)6,7,13,2,3",12,1,4.5,False,"1(9,12)(4,5,11)-10,8,6-(7,13)2-3",12,1,10.0,False,"(1,*12)(9,11)-4,5-8,10(7,6)-(13,3)-2",13,1,17.0,False,"(1,*12,11)9(4,5)-8,10(7,6)(13,3)=2",13,1,11.0,False,,秋の新潟開催開幕週。野芝のみのAコースを使用。全体時計はさほど速くなく、直線で先行馬が止まりやすい状況で、特に外回りと千直で追込有利が顕著だった。
202304040105,5,2歳新馬,ダ,1200,晴,良,12:15,2023-10-14,新潟,1,6,11,2021106033,トニーテソーロ,牡2,55,01184,原優介,1:13.4,,1-1,37.5,3.4,1,474(0),01048,[東]畠山吉宏,089803,了徳寺健二ホールディ...,720.0,,,,,,,,,,,"11,4(3,5)(8,12)9-10-7(14,13)-1=2-15=6",1,1,0.0,False,"11(3,4,5)9(8,12)-10-7(14,13)-1=2=15=6",1,1,0.0,False,-9,
202304040105,5,2歳新馬,ダ,1200,晴,良,12:15,2023-10-14,新潟,2,2,3,2021102160,テイエムデンセツ,牡2,56,01147,城戸義政,1:14.5,7,3-2,38.3,9.8,5,482(0),01111,[西]鈴木孝志,356002,竹園正繼,290.0,,,,,,,,,,,"11,4(3,5)(8,12)9-10-7(14,13)-1=2-15=6",3,2,1.5,False,"11(3,4,5)9(8,12)-10-7(14,13)-1=2=15=6",2,3,0.0,False,-9,
202304040105,5,2歳新馬,ダ,1200,晴,良,12:15,2023-10-14,新潟,3,3,4,2021101793,オオゾラヒバリ,牝2,53,01164,藤田菜七,1:14.8,1.3/4,2-2,38.8,20.5,6,428(0),01029,[東]根本康広,468030,福本次雄,180.0,,,,,,,,,,,"11,4(3,5)(8,12)9-10-7(14,13)-1=2-15=6",2,1,1.5,False,"11(3,4,5)9(8,12)-10-7(14,13)-1=2=15=6",2,3,0.0,False,-9,
202304040105,5,2歳新馬,ダ,1200,晴,良,12:15,2023-10-14,新潟,4,6,10,2021102508,ジョウショータイプ,牝2,55,01178,斎藤新,1:14.8,クビ,8-8,37.6,21.2,7,472(0),01069,[西]中尾秀正,380008,熊田義孝,110.0,,,,,,,,,,,"11,4(3,5)(8,12)9-10-7(14,13)-1=2-15=6",8,1,5.0,False,"11(3,4,5)9(8,12)-10-7(14,13)-1=2=15=6",8,1,3.5,False,-9,
202304040105,5,2歳新馬,ダ,1200,晴,良,12:15,2023-10-14,新潟,5,3,5,2021100777,ベニスズメ,牝2,52,01187,永島まな,1:15.4,3.1/2,3-2,39.2,9.2,4,448(0),01135,[西]高橋康之,071803,大森悌次,72.0,,,,,,,,,,,"11,4(3,5)(8,12)9-10-7(14,13)-1=2-15=6",3,2,1.5,False,"11(3,4,5)9(8,12)-10-7(14,13)-1=2=15=6",2,3,0.0,False,-9,
202304040105,5,2歳新馬,ダ,1200,晴,良,12:15,2023-10-14,新潟,6,5,9,2021105341,クリスザブラック,牝2,52,01205,小林勝太,1:15.5,1/2,7-5,38.9,121.4,13,442(0),01080,[東]清水英克,310800,ユートピア牧場,,,,,,,,,,,,"11,4(3,5)(8,12)9-10-7(14,13)-1=2-15=6",7,1,1.5,False,"11(3,4,5)9(8,12)-10-7(14,13)-1=2=15=6",5,1,0.0,False,-9,
202304040105,5,2歳新馬,ダ,1200,晴,良,12:15,2023-10-14,新潟,7,8,14,2021104264,カドサンガンバル,牡2,56,01109,黛弘人,1:15.7,1.1/4,10-10,37.9,45.6,10,456(0),01051,[東]岩戸孝樹,247030,芳賀克也,,,,,,,,,,,,"11,4(3,5)(8,12)9-10-7(14,13)-1=2-15=6",10,2,8.5,False,"11(3,4,5)9(8,12)-10-7(14,13)-1=2=15=6",10,2,7.0,False,-9,
202304040105,5,2歳新馬,ダ,1200,晴,良,12:15,2023-10-14,新潟,8,1,1,2021106389,シャンパンコール,牝2,53,01177,小林凌大,1:15.7,アタマ,12-12,37.2,57.3,11,446(0),01031,[東]伊藤伸一,855030,田頭勇貴,,,,,,,,,,,,"11,4(3,5)(8,12)9-10-7(14,13)-1=2-15=6",12,1,12.0,False,"11(3,4,5)9(8,12)-10-7(14,13)-1=2=15=6",12,1,10.5,False,-9,
202304040105,5,2歳新馬,ダ,1200,晴,良,12:15,2023-10-14,新潟,9,4,7,2021103336,ファンタジー,牝2,55,01153,木幡初也,1:16.1,2.1/2,9-9,38.5,23.8,8,424(0),01089,[東]武市康男,629800,ミルファーム,,,,,,,,,,,,"11,4(3,5)(8,12)9-10-7(14,13)-1=2-15=6",9,1,8.5,False,"11(3,4,5)9(8,12)-10-7(14,13)-1=2=15=6",9,1,7.0,False,-9,
202304040105,5,2歳新馬,ダ,1200,晴,良,12:15,2023-10-14,新潟,10,7,13,2021103884,ミヤビハイジア,牝2,55,01167,木幡育也,1:16.4,1.1/2,10-10,38.7,153.5,15,474(0),01134,[東]高橋文雅,127002,村上義勝,,,,,,,,,,,,"11,4(3,5)(8,12)9-10-7(14,13)-1=2-15=6",10,2,8.5,False,"11(3,4,5)9(8,12)-10-7(14,13)-1=2=15=6",10,2,7.0,False,-9,
202304040105,5,2歳新馬,ダ,1200,晴,良,12:15,2023-10-14,新潟,11,7,12,2021103105,イデアガウディ,牡2,55,01197,佐々木大,1:16.8,2.1/2,5-6,40.3,6.6,3,478(0),01010,[東]中野栄治,949030,益田修一,,,,,,,,,,,,"11,4(3,5)(8,12)9-10-7(14,13)-1=2-15=6",5,2,1.5,False,"11(3,4,5)9(8,12)-10-7(14,13)-1=2=15=6",6,2,0.0,False,-9,
202304040105,5,2歳新馬,ダ,1200,晴,良,12:15,2023-10-14,新潟,12,5,8,2021105522,レアリザシオン,牡2,56,01168,富田暁,1:17.2,2.1/2,5-6,40.7,3.5,2,510(0),01185,[西]小林真也,506800,シルクレーシング,,,,,,,,,,,,"11,4(3,5)(8,12)9-10-7(14,13)-1=2-15=6",5,2,1.5,False,"11(3,4,5)9(8,12)-10-7(14,13)-1=2=15=6",6,2,0.0,False,-9,
202304040105,5,2歳新馬,ダ,1200,晴,良,12:15,2023-10-14,新潟,13,2,2,2021104541,アレスエルピーダ,牡2,56,01091,丹内祐次,1:17.3,クビ,13-13,37.7,31.3,9,466(0),01143,[東]和田雄二,854800,ノルマンディーサラブ...,,,,,,,,,,,,"11,4(3,5)(8,12)9-10-7(14,13)-1=2-15=6",13,1,18.0,False,"11(3,4,5)9(8,12)-10-7(14,13)-1=2=15=6",13,1,16.5,False,-9,
202304040105,5,2歳新馬,ダ,1200,晴,良,12:15,2023-10-14,新潟,14,8,15,2021107368,ローバウンス,牡2,52,01206,小林美駒,1:18.8,9,14-14,38.6,60.0,12,442(0),01089,[東]武市康男,351803,ＯＲＴＥＧＡ,,,,,,,,,,,,"11,4(3,5)(8,12)9-10-7(14,13)-1=2-15=6",14,1,21.5,False,"11(3,4,5)9(8,12)-10-7(14,13)-1=2=15=6",14,1,22.5,False,-9,
202304040105,5,2歳新馬,ダ,1200,晴,良,12:15,2023-10-14,新潟,15,4,6,2021107392,シュトウルム,牡2,54,01183,小林脩斗,1:29.7,大,15-15,44.2,145.1,14,468(0),01005,[東]小桧山悟,238009,柴原榮,,,,,,,,,,,,"11,4(3,5)(8,12)9-10-7(14,13)-1=2-15=6",15,1,27.5,False,"11(3,4,5)9(8,12)-10-7(14,13)-1=2=15=6",15,1,28.5,False,-9,
202304040106,6,2歳未勝利,芝,1600,晴,良,12:45,2023-10-14,新潟,1,7,8,2021106195,ウインディオーネ,牝2,55,01091,丹内祐次,1:35.1,,2-2,34.6,1.7,1,456(-6),01173,[西]長谷川浩,494800,ウイン,550.0,,,,,,,,,,,"(*2,8)9(1,7)11(3,4)(5,10)6",2,2,0.0,False,"(*2,8,9)(1,7,11)(3,4,5,10)6",2,3,0.0,False,-8,秋の新潟開催開幕週。野芝のみのAコースを使用。全体時計はさほど速くなく、直線で先行馬が止まりやすい状況で、特に外回りと千直で追込有利が顕著だった。
202304040106,6,2歳未勝利,芝,1600,晴,良,12:45,2023-10-14,新潟,2,8,11,2021100300,エンセリオ,牝2,55,01127,丸山元気,1:35.1,アタマ,6-4,34.3,37.9,6,438(-2),01076,[東]小笠倫弘,788800,ノースヒルズ,220.0,,,,,,,,,,,"(*2,8)9(1,7)11(3,4)(5,10)6",6,1,0.0,False,"(*2,8,9)(1,7,11)(3,4,5,10)6",4,3,0.0,False,-8,秋の新潟開催開幕週。野芝のみのAコースを使用。全体時計はさほど速くなく、直線で先行馬が止まりやすい状況で、特に外回りと千直で追込有利が顕著だった。
202304040106,6,2歳未勝利,芝,1600,晴,良,12:45,2023-10-14,新潟,3,6,7,2021104886,ドゥーカスコーリ,牝2,54,01197,佐々木大,1:35.7,3.1/2,4-4,34.9,5.3,2,438(+4),01166,[西]石坂公一,415800,社台レースホース,140.0,,,,,,,,,,,"(*2,8)9(1,7)11(3,4)(5,10)6",4,2,0.0,False,"(*2,8,9)(1,7,11)(3,4,5,10)6",4,3,0.0,False,-8,秋の新潟開催開幕週。野芝のみのAコースを使用。全体時計はさほど速くなく、直線で先行馬が止まりやすい状況で、特に外回りと千直で追込有利が顕著だった。
202304040106,6,2歳未勝利,芝,1600,晴,良,12:45,2023-10-14,新潟,4,1,1,2021102854,ノーブルウィスパー,牝2,55,01095,吉田隼人,1:35.8,1/2,4-4,35.0,6.8,4,426(-6),01067,[東]久保田貴,755030,吉木伸彦,83.0,,,,,,,,,,,"(*2,8)9(1,7)11(3,4)(5,10)6",4,2,0.0,False,"(*2,8,9)(1,7,11)(3,4,5,10)6",4,3,0.0,False,-8,秋の新潟開催開幕週。野芝のみのAコースを使用。全体時計はさほど速くなく、直線で先行馬が止まりやすい状況で、特に外回りと千直で追込有利が顕著だった。
202304040106,6,2歳未勝利,芝,1600,晴,良,12:45,2023-10-14,新潟,5,7,9,2021102717,ジャグアール,牡2,55,01184,原優介,1:36.5,4,3-2,35.9,6.5,3,438(+6),01108,[東]矢野英一,252030,落合幸弘,55.0,,,,,,,,,,,"(*2,8)9(1,7)11(3,4)(5,10)6",3,1,0.0,False,"(*2,8,9)(1,7,11)(3,4,5,10)6",2,3,0.0,False,-8,秋の新潟開催開幕週。野芝のみのAコースを使用。全体時計はさほど速くなく、直線で先行馬が止まりやすい状況で、特に外回りと千直で追込有利が顕著だった。
202304040106,6,2歳未勝利,芝,1600,晴,良,12:45,2023-10-14,新潟,6,2,2,2021101261,マリノルージュ,牝2,54,01192,横山琉人,1:36.6,クビ,1-1,36.1,19.3,5,456(+2),01112,[東]田島俊明,251033,矢野まり子,,,,,,,,,,,,"(*2,8)9(1,7)11(3,4)(5,10)6",1,2,0.0,True,"(*2,8,9)(1,7,11)(3,4,5,10)6",1,3,0.0,True,-8,秋の新潟開催開幕週。野芝のみのAコースを使用。全体時計はさほど速くなく、直線で先行馬が止まりやすい状況で、特に外回りと千直で追込有利が顕著だった。
202304040106,6,2歳未勝利,芝,1600,晴,良,12:45,2023-10-14,新潟,7,3,3,2021100638,アマルフィレモン,牡2,53,01202,鷲頭虎太,1:36.6,クビ,7-7,35.7,233.2,9,408(+6),01090,[東]天間昭一,851009,岡田牧雄,,,,,,,,,,,,"(*2,8)9(1,7)11(3,4)(5,10)6",7,2,0.0,False,"(*2,8,9)(1,7,11)(3,4,5,10)6",7,4,0.0,False,-8,秋の新潟開催開幕週。野芝のみのAコースを使用。全体時計はさほど速くなく、直線で先行馬が止まりやすい状況で、特に外回りと千直で追込有利が顕著だった。
202304040106,6,2歳未勝利,芝,1600,晴,良,12:45,2023-10-14,新潟,8,6,6,2021101709,マクルール,牡2,56,01109,黛弘人,1:36.9,2,11-11,35.6,72.1,7,462(+2),01094,[東]水野貴広,030803,コスモヴューファーム,,,,,,,,,,,,"(*2,8)9(1,7)11(3,4)(5,10)6",11,1,0.0,False,"(*2,8,9)(1,7,11)(3,4,5,10)6",11,1,0.0,False,-8,秋の新潟開催開幕週。野芝のみのAコースを使用。全体時計はさほど速くなく、直線で先行馬が止まりやすい状況で、特に外回りと千直で追込有利が顕著だった。
202304040106,6,2歳未勝利,芝,1600,晴,良,12:45,2023-10-14,新潟,9,4,4,2021101392,ファインデイ,牝2,52,01201,水沼元輝,1:37.2,1.1/2,7-7,36.2,112.8,8,450(0),00423,[東]上原博之,724031,石田勇,,,,,,,,,,,,"(*2,8)9(1,7)11(3,4)(5,10)6",7,2,0.0,False,"(*2,8,9)(1,7,11)(3,4,5,10)6",7,4,0.0,False,-8,秋の新潟開催開幕週。野芝のみのAコースを使用。全体時計はさほど速くなく、直線で先行馬が止まりやすい状況で、特に外回りと千直で追込有利が顕著だった。
202304040106,6,2歳未勝利,芝,1600,晴,良,12:45,2023-10-14,新潟,10,5,5,2021101616,ウルフキング,牡2,53,01200,西塚洸二,1:38.0,5,9-7,37.0,235.1,10,430(-8),00425,[西]加用正,959800,協栄,,,,,,,,,,,,"(*2,8)9(1,7)11(3,4)(5,10)6",9,2,0.0,False,"(*2,8,9)(1,7,11)(3,4,5,10)6",7,4,0.0,False,-8,秋の新潟開催開幕週。野芝のみのAコースを使用。全体時計はさほど速くなく、直線で先行馬が止まりやすい状況で、特に外回りと千直で追込有利が顕著だった。
202304040106,6,2歳未勝利,芝,1600,晴,良,12:45,2023-10-14,新潟,11,8,10,2021101254,クラウンフラッシュ,牡2,53,01205,小林勝太,1:38.7,4,9-7,37.6,298.1,11,440(+2),01052,[東]菊川正達,018034,矢野悦三,,,,,,,,,,,,"(*2,8)9(1,7)11(3,4)(5,10)6",9,2,0.0,False,"(*2,8,9)(1,7,11)(3,4,5,10)6",7,4,0.0,False,-8,秋の新潟開催開幕週。野芝のみのAコースを使用。全体時計はさほど速くなく、直線で先行馬が止まりやすい状況で、特に外回りと千直で追込有利が顕著だった。
202304040107,7,3歳以上1勝クラス,芝,2000,晴,良,13:15,2023-10-14,新潟,1,2,3,2019105341,シュホ,牝4,55,01184,原優介,1:59.8,,16-13,34.1,79.6,14,420(+8),01103,[東]尾関知人,056803,岩切企画,800.0,,,,,,,,,,,"14(15,2)(5,13,16)(11,6,10,8)7(4,12)(1,9)3",16,1,0.0,False,"(*14,15,2)(5,13,16)(11,6,10,8)(12,7)(4,3,9)1",13,3,0.0,False,-8,秋の新潟開催開幕週。野芝のみのAコースを使用。全体時計はさほど速くなく、直線で先行馬が止まりやすい状況で、特に外回りと千直で追込有利が顕著だった。
202304040107,7,3歳以上1勝クラス,芝,2000,晴,良,13:15,2023-10-14,新潟,2,3,6,2019104839,ゴルトシュミーデ,牝4,55,01182,泉谷楓真,2:00.1,1.1/2,7-7,34.8,3.7,2,440(+10),01107,[西]村山明,310007,吉田千津,320.0,,,,,,,,,,,"14(15,2)(5,13,16)(11,6,10,8)7(4,12)(1,9)3",7,4,0.0,False,"(*14,15,2)(5,13,16)(11,6,10,8)(12,7)(4,3,9)1",7,4,0.0,False,-8,秋の新潟開催開幕週。野芝のみのAコースを使用。全体時計はさほど速くなく、直線で先行馬が止まりやすい状況で、特に外回りと千直で追込有利が顕著だった。
202304040107,7,3歳以上1勝クラス,芝,2000,晴,良,13:15,2023-10-14,新潟,3,5,10,2020103407,スリリングチェイス,牡3,55,01186,角田大和,2:00.1,ハナ,7-7,34.8,3.3,1,512(+10),01155,[西]渡辺薫彦,790005,吉田勝己,200.0,,,,,,,,,,,"14(15,2)(5,13,16)(11,6,10,8)7(4,12)(1,9)3",7,4,0.0,False,"(*14,15,2)(5,13,16)(11,6,10,8)(12,7)(4,3,9)1",7,4,0.0,False,-8,秋の新潟開催開幕週。野芝のみのAコースを使用。全体時計はさほど速くなく、直線で先行馬が止まりやすい状況で、特に外回りと千直で追込有利が顕著だった。
202304040107,7,3歳以上1勝クラス,芝,2000,晴,良,13:15,2023-10-14,新潟,4,6,12,2019105764,スノーディザイア,牝4,53,01200,西塚洸二,2:00.1,クビ,12-11,34.6,21.1,7,472(-1),01048,[東]畠山吉宏,854800,ノルマンディーサラブ...,120.0,,,,,,,,,,,"14(15,2)(5,13,16)(11,6,10,8)7(4,12)(1,9)3",12,2,0.0,False,"(*14,15,2)(5,13,16)(11,6,10,8)(12,7)(4,3,9)1",11,2,0.0,False,-8,秋の新潟開催開幕週。野芝のみのAコースを使用。全体時計はさほど速くなく、直線で先行馬が止まりやすい状況で、特に外回りと千直で追込有利が顕著だった。
202304040107,7,3歳以上1勝クラス,芝,2000,晴,良,13:15,2023-10-14,新潟,5,3,5,2019105550,レディズビーク,牝4,53,01193,今村聖奈,2:00.2,1/2,4-4,35.1,11.7,5,466(+6),01071,[西]池江泰寿,831800,青芝商事,80.0,,,,,,,,,,,"14(15,2)(5,13,16)(11,6,10,8)7(4,12)(1,9)3",4,3,0.0,False,"(*14,15,2)(5,13,16)(11,6,10,8)(12,7)(4,3,9)1",4,3,0.0,False,-8,秋の新潟開催開幕週。野芝のみのAコースを使用。全体時計はさほど速くなく、直線で先行馬が止まりやすい状況で、特に外回りと千直で追込有利が顕著だった。
202304040107,7,3歳以上1勝クラス,芝,2000,晴,良,13:15,2023-10-14,新潟,6,2,4,2020102574,トゥルブレンツ,牝3,51,01187,永島まな,2:00.2,クビ,12-13,34.5,5.3,3,416(+2),01194,[西]小栗実,808800,Ｇ１レーシング,,,,,,,,,,,,"14(15,2)(5,13,16)(11,6,10,8)7(4,12)(1,9)3",12,2,0.0,False,"(*14,15,2)(5,13,16)(11,6,10,8)(12,7)(4,3,9)1",13,3,0.0,False,-8,秋の新潟開催開幕週。野芝のみのAコースを使用。全体時計はさほど速くなく、直線で先行馬が止まりやすい状況で、特に外回りと千直で追込有利が顕著だった。
202304040107,7,3歳以上1勝クラス,芝,2000,晴,良,13:15,2023-10-14,新潟,7,8,16,2017105874,ヒナノコバン,セ6,55,01205,小林勝太,2:00.4,1,4-4,35.3,174.8,15,454(-4),01056,[東]本間忍,031031,日向英二,,,,,,,,,,,,"14(15,2)(5,13,16)(11,6,10,8)7(4,12)(1,9)3",4,3,0.0,False,"(*14,15,2)(5,13,16)(11,6,10,8)(12,7)(4,3,9)1",4,3,0.0,False,-8,秋の新潟開催開幕週。野芝のみのAコースを使用。全体時計はさほど速くなく、直線で先行馬が止まりやすい状況で、特に外回りと千直で追込有利が顕著だった。
202304040107,7,3歳以上1勝クラス,芝,2000,晴,良,13:15,2023-10-14,新潟,8,1,2,2017106366,メイショウサンガ,牡6,55,01202,鷲頭虎太,2:00.7,2,2-2,35.8,32.4,11,520(-18),01120,[西]千田輝彦,523005,松本好雄,,,,,,,,,,,,"14(15,2)(5,13,16)(11,6,10,8)7(4,12)(1,9)3",2,2,0.0,False,"(*14,15,2)(5,13,16)(11,6,10,8)(12,7)(4,3,9)1",2,3,0.0,False,-8,秋の新潟開催開幕週。野芝のみのAコースを使用。全体時計はさほど速くなく、直線で先行馬が止まりやすい状況で、特に外回りと千直で追込有利が顕著だった。
202304040107,7,3歳以上1勝クラス,芝,2000,晴,良,13:15,2023-10-14,新潟,9,4,8,2018106506,シルバースピリット,セ5,57,01197,佐々木大,2:00.7,ハナ,7-7,35.4,27.3,8,448(-8),01191,[東]蛯名正義,399009,嶋田賢,,,,,,,,,,,,"14(15,2)(5,13,16)(11,6,10,8)7(4,12)(1,9)3",7,4,0.0,False,"(*14,15,2)(5,13,16)(11,6,10,8)(12,7)(4,3,9)1",7,4,0.0,False,-8,秋の新潟開催開幕週。野芝のみのAコースを使用。全体時計はさほど速くなく、直線で先行馬が止まりやすい状況で、特に外回りと千直で追込有利が顕著だった。
202304040107,7,3歳以上1勝クラス,芝,2000,晴,良,13:15,2023-10-14,新潟,10,6,11,2019102611,コスモダークナイト,牡4,57,01191,松本大輝,2:00.9,1.1/4,7-7,35.5,79.1,13,508(-2),01101,[西]吉田直弘,716800,ビッグレッドファーム,,,,,,,,,,,,"14(15,2)(5,13,16)(11,6,10,8)7(4,12)(1,9)3",7,4,0.0,False,"(*14,15,2)(5,13,16)(11,6,10,8)(12,7)(4,3,9)1",7,4,0.0,False,-8,秋の新潟開催開幕週。野芝のみのAコースを使用。全体時計はさほど速くなく、直線で先行馬が止まりやすい状況で、特に外回りと千直で追込有利が顕著だった。
202304040107,7,3歳以上1勝クラス,芝,2000,晴,良,13:15,2023-10-14,新潟,11,7,14,2020104940,マコトヴィクラント,牡3,56,01168,富田暁,2:00.9,アタマ,1-1,36.1,30.6,9,464(+2),01046,[西]鮫島一歩,864800,ディアマント,,,,,,,,,,,,"14(15,2)(5,13,16)(11,6,10,8)7(4,12)(1,9)3",1,1,0.0,False,"(*14,15,2)(5,13,16)(11,6,10,8)(12,7)(4,3,9)1",1,3,0.0,True,-8,秋の新潟開催開幕週。野芝のみのAコースを使用。全体時計はさほど速くなく、直線で先行馬が止まりやすい状況で、特に外回りと千直で追込有利が顕著だった。
202304040107,7,3歳以上1勝クラス,芝,2000,晴,良,13:15,2023-10-14,新潟,12,8,15,2019100620,アンブロジアーナ,牝4,53,01201,水沼元輝,2:01.1,1.1/4,2-2,36.2,37.1,12,416(+2),00423,[東]上原博之,138031,兼子尚也,,,,,,,,,,,,"14(15,2)(5,13,16)(11,6,10,8)7(4,12)(1,9)3",2,2,0.0,False,"(*14,15,2)(5,13,16)(11,6,10,8)(12,7)(4,3,9)1",2,3,0.0,False,-8,秋の新潟開催開幕週。野芝のみのAコースを使用。全体時計はさほど速くなく、直線で先行馬が止まりやすい状況で、特に外回りと千直で追込有利が顕著だった。
202304040107,7,3歳以上1勝クラス,芝,2000,晴,良,13:15,2023-10-14,新潟,13,5,9,2017104215,プリティユニバンス,牝6,55,01192,横山琉人,2:01.2,1/2,14-13,35.5,31.1,10,470(+1),01107,[西]村山明,164008,亀井哲也,,,,,,,,,,,,"14(15,2)(5,13,16)(11,6,10,8)7(4,12)(1,9)3",14,2,0.0,False,"(*14,15,2)(5,13,16)(11,6,10,8)(12,7)(4,3,9)1",13,3,0.0,False,-8,秋の新潟開催開幕週。野芝のみのAコースを使用。全体時計はさほど速くなく、直線で先行馬が止まりやすい状況で、特に外回りと千直で追込有利が顕著だった。
202304040107,7,3歳以上1勝クラス,芝,2000,晴,良,13:15,2023-10-14,新潟,14,7,13,2020103595,ハイランドリンクス,牝3,54,01178,斎藤新,2:01.2,クビ,4-4,36.1,7.9,4,458(-2),01146,[西]奥村豊,790005,吉田勝己,,,,,,,,,,,,"14(15,2)(5,13,16)(11,6,10,8)7(4,12)(1,9)3",4,3,0.0,False,"(*14,15,2)(5,13,16)(11,6,10,8)(12,7)(4,3,9)1",4,3,0.0,False,-8,秋の新潟開催開幕週。野芝のみのAコースを使用。全体時計はさほど速くなく、直線で先行馬が止まりやすい状況で、特に外回りと千直で追込有利が顕著だった。
202304040107,7,3歳以上1勝クラス,芝,2000,晴,良,13:15,2023-10-14,新潟,15,4,7,2020106986,エンライトメント,牡3,54,01183,小林脩斗,2:01.6,2,11-11,36.1,20.7,6,478(+2),01086,[東]斎藤誠,629800,ミルファーム,,,,,,,,,,,,"14(15,2)(5,13,16)(11,6,10,8)7(4,12)(1,9)3",11,1,0.0,False,"(*14,15,2)(5,13,16)(11,6,10,8)(12,7)(4,3,9)1",11,2,0.0,False,-8,秋の新潟開催開幕週。野芝のみのAコースを使用。全体時計はさほど速くなく、直線で先行馬が止まりやすい状況で、特に外回りと千直で追込有利が顕著だった。
202304040107,7,3歳以上1勝クラス,芝,2000,晴,良,13:15,2023-10-14,新潟,16,1,1,2018101114,クリノグリゴロス,牡5,55,01203,石田拓郎,2:02.0,2.1/2,14-16,36.1,392.3,16,518(-10),01090,[東]天間昭一,970006,栗本博晴,,,,,,,,,,,,"14(15,2)(5,13,16)(11,6,10,8)7(4,12)(1,9)3",14,2,0.0,False,"(*14,15,2)(5,13,16)(11,6,10,8)(12,7)(4,3,9)1",16,1,0.0,False,-8,秋の新潟開催開幕週。野芝のみのAコースを使用。全体時計はさほど速くなく、直線で先行馬が止まりやすい状況で、特に外回りと千直で追込有利が顕著だった。
202304040108,8,3歳以上1勝クラス,ダ,1800,晴,良,13:45,2023-10-14,新潟,1,8,10,2020100931,メイトースイ,牡3,53,01195,川端海翼,1:52.4,,4-4-4-4,37.7,3.5,2,424(+10),01091,[西]羽月友彦,549031,康本利幸,800.0,"(*1,2)-6-10(11,9)-3(4,8)-5,7",4,1,7.0,False,"(*1,2)-6-10,9,11-(4,3)8,5,7",4,1,7.0,False,"(1,*2)-6,10(11,9)(4,3)(7,8,5)",4,1,5.0,False,"2,1,6(11,10)(4,9,3)(7,8,5)",4,2,3.0,False,-6,
202304040108,8,3歳以上1勝クラス,ダ,1800,晴,良,13:45,2023-10-14,新潟,2,6,6,2020106205,メイショウクーガー,牡3,56,01141,中井裕二,1:52.5,クビ,3-3-3-3,38.0,2.9,1,490(-6),01137,[西]中内田充,911008,松本好隆,320.0,"(*1,2)-6-10(11,9)-3(4,8)-5,7",3,1,3.5,False,"(*1,2)-6-10,9,11-(4,3)8,5,7",3,1,3.5,False,"(1,*2)-6,10(11,9)(4,3)(7,8,5)",3,1,3.5,False,"2,1,6(11,10)(4,9,3)(7,8,5)",3,1,3.0,False,-6,
202304040108,8,3歳以上1勝クラス,ダ,1800,晴,良,13:45,2023-10-14,新潟,3,4,4,2018104738,コンテナジュニア,牡5,58,01161,菊沢一樹,1:53.0,3.1/2,8-7-7-6,37.9,15.2,5,518(-4),01113,[西]牧浦充徳,836030,住谷孝一,200.0,"(*1,2)-6-10(11,9)-3(4,8)-5,7",8,2,10.5,False,"(*1,2)-6-10,9,11-(4,3)8,5,7",7,2,13.5,False,"(1,*2)-6,10(11,9)(4,3)(7,8,5)",7,2,5.0,False,"2,1,6(11,10)(4,9,3)(7,8,5)",6,3,3.0,False,-6,
202304040108,8,3歳以上1勝クラス,ダ,1800,晴,良,13:45,2023-10-14,新潟,4,8,11,2020100987,セレクティオ,牡3,56,01102,北村友一,1:53.3,1.1/2,5-6-5-4,38.4,7.4,4,488(+14),01154,[西]橋口慎介,073803,大冨智弘,120.0,"(*1,2)-6-10(11,9)-3(4,8)-5,7",5,2,7.0,False,"(*1,2)-6-10,9,11-(4,3)8,5,7",6,1,10.0,False,"(1,*2)-6,10(11,9)(4,3)(7,8,5)",5,2,5.0,False,"2,1,6(11,10)(4,9,3)(7,8,5)",4,2,3.0,False,-6,
202304040108,8,3歳以上1勝クラス,ダ,1800,晴,良,13:45,2023-10-14,新潟,5,2,2,2020110120,ガンウルフ,牡3,56,01168,富田暁,1:53.4,1/2,2-2-1-1,39.3,3.5,3,488(-2),01062,[西]藤岡健一,427030,前原敏行,80.0,"(*1,2)-6-10(11,9)-3(4,8)-5,7",2,2,0.0,False,"(*1,2)-6-10,9,11-(4,3)8,5,7",2,2,0.0,False,"(1,*2)-6,10(11,9)(4,3)(7,8,5)",1,2,0.0,True,"2,1,6(11,10)(4,9,3)(7,8,5)",1,1,0.0,False,-6,
202304040108,8,3歳以上1勝クラス,ダ,1800,晴,良,13:45,2023-10-14,新潟,6,7,9,2020100508,スライスヘリテージ,牝3,54,01119,伊藤工真,1:53.4,ハナ,5-5-5-6,38.5,56.1,9,482(+6),01132,[東]金成貴史,752800,ニットー商事,,"(*1,2)-6-10(11,9)-3(4,8)-5,7",5,2,7.0,False,"(*1,2)-6-10,9,11-(4,3)8,5,7",5,1,8.5,False,"(1,*2)-6,10(11,9)(4,3)(7,8,5)",5,2,5.0,False,"2,1,6(11,10)(4,9,3)(7,8,5)",6,3,3.0,False,-6,
202304040108,8,3歳以上1勝クラス,ダ,1800,晴,良,13:45,2023-10-14,新潟,7,3,3,2019110076,ワンダフルヘヴン,牝4,53,01205,小林勝太,1:53.4,クビ,7-7-7-6,38.3,66.1,10,488(-6),01067,[東]久保田貴,086803,レッドマジック,,"(*1,2)-6-10(11,9)-3(4,8)-5,7",7,1,10.5,False,"(*1,2)-6-10,9,11-(4,3)8,5,7",7,2,13.5,False,"(1,*2)-6,10(11,9)(4,3)(7,8,5)",7,2,5.0,False,"2,1,6(11,10)(4,9,3)(7,8,5)",6,3,3.0,False,-6,
202304040108,8,3歳以上1勝クラス,ダ,1800,晴,良,13:45,2023-10-14,新潟,8,5,5,2019105148,カズラポニアン,牡4,57,01184,原優介,1:53.9,3,10-10-9-9,38.5,20.1,6,484(-2),01175,[東]宮田敬介,879800,雅苑興業,,"(*1,2)-6-10(11,9)-3(4,8)-5,7",10,1,14.0,False,"(*1,2)-6-10,9,11-(4,3)8,5,7",10,1,15.0,False,"(1,*2)-6,10(11,9)(4,3)(7,8,5)",9,3,5.0,False,"2,1,6(11,10)(4,9,3)(7,8,5)",9,3,3.0,False,-6,
202304040108,8,3歳以上1勝クラス,ダ,1800,晴,良,13:45,2023-10-14,新潟,9,7,8,2019104211,シゲルツキミザケ,牡4,55,01187,永島まな,1:54.2,2,8-9-9-9,38.8,90.1,11,468(+18),00431,[西]谷潔,552031,森中啓子,,"(*1,2)-6-10(11,9)-3(4,8)-5,7",8,2,10.5,False,"(*1,2)-6-10,9,11-(4,3)8,5,7",9,1,13.5,False,"(1,*2)-6,10(11,9)(4,3)(7,8,5)",9,3,5.0,False,"2,1,6(11,10)(4,9,3)(7,8,5)",9,3,3.0,False,-6,
202304040108,8,3歳以上1勝クラス,ダ,1800,晴,良,13:45,2023-10-14,新潟,10,6,7,2018102681,サプライズビュー,牡5,58,01096,大野拓弥,1:54.5,1.1/2,11-11-9-9,39.1,31.0,7,510(+2),01127,[東]栗田徹,888800,ＣＨＥＶＡＬＡＴＴＡ...,,"(*1,2)-6-10(11,9)-3(4,8)-5,7",11,1,15.5,False,"(*1,2)-6-10,9,11-(4,3)8,5,7",11,1,16.5,False,"(1,*2)-6,10(11,9)(4,3)(7,8,5)",9,3,5.0,False,"2,1,6(11,10)(4,9,3)(7,8,5)",9,3,3.0,False,-6,
202304040108,8,3歳以上1勝クラス,ダ,1800,晴,良,13:45,2023-10-14,新潟,11,1,1,2019101887,セイバートゥース,セ4,55,01200,西塚洸二,1:56.3,大,1-1-2-2,42.2,51.6,8,456(0),01098,[西]野中賢二,003060,ゴドルフィン,,"(*1,2)-6-10(11,9)-3(4,8)-5,7",1,2,0.0,True,"(*1,2)-6-10,9,11-(4,3)8,5,7",1,2,0.0,True,"(1,*2)-6,10(11,9)(4,3)(7,8,5)",2,2,0.0,False,"2,1,6(11,10)(4,9,3)(7,8,5)",2,1,1.5,False,-6,
202304040109,9,十日町特別(1勝),芝,1200,晴,良,14:15,2023-10-14,新潟,1,2,4,2020102738,エールレヴリー,牝3,55,01168,富田暁,1:08.8,,11-10,34.0,3.6,2,488(+10),01161,[西]武英智,934033,佐伯由加理,"1,159.0",,,,,,,,,,,"(*15,16,18)(5,6,17)(7,8,10)-9(2,4,14)1(3,13)11   12",11,3,3.5,False,"(*15,16)18(5,6,17)(7,8,10)(9,4)(2,14)1-3(11,13)   12",10,2,0.0,False,-8,秋の新潟開催開幕週。野芝のみのAコースを使用。全体時計はさほど速くなく、直線で先行馬が止まりやすい状況で、特に外回りと千直で追込有利が顕著だった。
202304040109,9,十日町特別(1勝),芝,1200,晴,良,14:15,2023-10-14,新潟,2,8,16,2019105412,プリモカリーナ,牝4,56,01102,北村友一,1:08.9,1/2,2-2,35.0,3.0,1,440(+2),00438,[西]安田隆行,542800,ライオンレースホース,454.0,,,,,,,,,,,"(*15,16,18)(5,6,17)(7,8,10)-9(2,4,14)1(3,13)11   12",2,3,0.0,False,"(*15,16)18(5,6,17)(7,8,10)(9,4)(2,14)1-3(11,13)   12",2,2,0.0,False,-8,秋の新潟開催開幕週。野芝のみのAコースを使用。全体時計はさほど速くなく、直線で先行馬が止まりやすい状況で、特に外回りと千直で追込有利が顕著だった。
202304040109,9,十日町特別(1勝),芝,1200,晴,良,14:15,2023-10-14,新潟,3,3,5,2018102069,ラナキラ,牝5,56,01077,石橋脩,1:09.0,クビ,4-4,34.9,15.6,7,448(-6),01103,[東]尾関知人,788800,ノースヒルズ,287.0,,,,,,,,,,,"(*15,16,18)(5,6,17)(7,8,10)-9(2,4,14)1(3,13)11   12",4,3,0.0,False,"(*15,16)18(5,6,17)(7,8,10)(9,4)(2,14)1-3(11,13)   12",4,3,0.0,False,-8,秋の新潟開催開幕週。野芝のみのAコースを使用。全体時計はさほど速くなく、直線で先行馬が止まりやすい状況で、特に外回りと千直で追込有利が顕著だった。
202304040109,9,十日町特別(1勝),芝,1200,晴,良,14:15,2023-10-14,新潟,4,4,7,2019102068,シャウビンダー,牝4,56,01186,角田大和,1:09.1,1/2,7-7,34.7,14.0,6,422(-2),01105,[西]須貝尚介,708800,金子真人ホールディン...,170.0,,,,,,,,,,,"(*15,16,18)(5,6,17)(7,8,10)-9(2,4,14)1(3,13)11   12",7,3,0.0,False,"(*15,16)18(5,6,17)(7,8,10)(9,4)(2,14)1-3(11,13)   12",7,3,0.0,False,-8,秋の新潟開催開幕週。野芝のみのAコースを使用。全体時計はさほど速くなく、直線で先行馬が止まりやすい状況で、特に外回りと千直で追込有利が顕著だった。
202304040109,9,十日町特別(1勝),芝,1200,晴,良,14:15,2023-10-14,新潟,5,5,9,2018104561,エンブレムコード,牝5,56,01096,大野拓弥,1:09.2,3/4,10-10,34.5,40.8,12,456(-10),01103,[東]尾関知人,849030,山口功一郎,111.0,,,,,,,,,,,"(*15,16,18)(5,6,17)(7,8,10)-9(2,4,14)1(3,13)11   12",10,1,3.5,False,"(*15,16)18(5,6,17)(7,8,10)(9,4)(2,14)1-3(11,13)   12",10,2,0.0,False,-8,秋の新潟開催開幕週。野芝のみのAコースを使用。全体時計はさほど速くなく、直線で先行馬が止まりやすい状況で、特に外回りと千直で追込有利が顕著だった。
202304040109,9,十日町特別(1勝),芝,1200,晴,良,14:15,2023-10-14,新潟,6,6,11,2020103578,ロッククリーク,セ3,57,01169,武藤雅,1:09.3,3/4,17-16,33.6,24.7,10,488(+4),01127,[東]栗田徹,226800,サンデーレーシング,,,,,,,,,,,,"(*15,16,18)(5,6,17)(7,8,10)-9(2,4,14)1(3,13)11   12",17,1,3.5,False,"(*15,16)18(5,6,17)(7,8,10)(9,4)(2,14)1-3(11,13)   12",16,2,3.5,False,-8,秋の新潟開催開幕週。野芝のみのAコースを使用。全体時計はさほど速くなく、直線で先行馬が止まりやすい状況で、特に外回りと千直で追込有利が顕著だった。
202304040109,9,十日町特別(1勝),芝,1200,晴,良,14:15,2023-10-14,新潟,7,4,8,2018105357,ラピカズマ,牡5,58,01160,荻野極,1:09.3,ハナ,7-7,35.0,23.7,8,504(-2),01134,[東]高橋文雅,879800,雅苑興業,,,,,,,,,,,,"(*15,16,18)(5,6,17)(7,8,10)-9(2,4,14)1(3,13)11   12",7,3,0.0,False,"(*15,16)18(5,6,17)(7,8,10)(9,4)(2,14)1-3(11,13)   12",7,3,0.0,False,-8,秋の新潟開催開幕週。野芝のみのAコースを使用。全体時計はさほど速くなく、直線で先行馬が止まりやすい状況で、特に外回りと千直で追込有利が顕著だった。
202304040109,9,十日町特別(1勝),芝,1200,晴,良,14:15,2023-10-14,新潟,8,7,15,2019104002,タイキバンディエラ,牡4,58,01178,斎藤新,1:09.5,3/4,1-1,35.6,79.6,13,500(+2),01113,[西]牧浦充徳,536800,大樹ファーム,,,,,,,,,,,,"(*15,16,18)(5,6,17)(7,8,10)-9(2,4,14)1(3,13)11   12",1,3,0.0,True,"(*15,16)18(5,6,17)(7,8,10)(9,4)(2,14)1-3(11,13)   12",1,2,0.0,True,-8,秋の新潟開催開幕週。野芝のみのAコースを使用。全体時計はさほど速くなく、直線で先行馬が止まりやすい状況で、特に外回りと千直で追込有利が顕著だった。
202304040109,9,十日町特別(1勝),芝,1200,晴,良,14:15,2023-10-14,新潟,9,5,10,2020103670,ショウナンハクウン,牡3,57,01095,吉田隼人,1:09.5,ハナ,7-7,35.2,13.2,5,502(0),01102,[東]大竹正博,331002,国本哲秀,,,,,,,,,,,,"(*15,16,18)(5,6,17)(7,8,10)-9(2,4,14)1(3,13)11   12",7,3,0.0,False,"(*15,16)18(5,6,17)(7,8,10)(9,4)(2,14)1-3(11,13)   12",7,3,0.0,False,-8,秋の新潟開催開幕週。野芝のみのAコースを使用。全体時計はさほど速くなく、直線で先行馬が止まりやすい状況で、特に外回りと千直で追込有利が顕著だった。
202304040109,9,十日町特別(1勝),芝,1200,晴,良,14:15,2023-10-14,新潟,10,1,1,2018100618,トーホウジュナール,牝5,56,01187,永島まな,1:09.6,3/4,14-14,34.5,7.4,3,476(0),00431,[西]谷潔,965800,東豊物産,,,,,,,,,,,,"(*15,16,18)(5,6,17)(7,8,10)-9(2,4,14)1(3,13)11   12",14,1,3.5,False,"(*15,16)18(5,6,17)(7,8,10)(9,4)(2,14)1-3(11,13)   12",14,1,0.0,False,-8,秋の新潟開催開幕週。野芝のみのAコースを使用。全体時計はさほど速くなく、直線で先行馬が止まりやすい状況で、特に外回りと千直で追込有利が顕著だった。
202304040109,9,十日町特別(1勝),芝,1200,晴,良,14:15,2023-10-14,新潟,11,1,2,2018104946,ドリームオン,牡5,58,01108,的場勇人,1:09.6,ハナ,11-12,34.8,157.3,17,534(+10),01063,[東]的場均,370033,長谷川守正,,,,,,,,,,,,"(*15,16,18)(5,6,17)(7,8,10)-9(2,4,14)1(3,13)11   12",11,3,3.5,False,"(*15,16)18(5,6,17)(7,8,10)(9,4)(2,14)1-3(11,13)   12",12,2,0.0,False,-8,秋の新潟開催開幕週。野芝のみのAコースを使用。全体時計はさほど速くなく、直線で先行馬が止まりやすい状況で、特に外回りと千直で追込有利が顕著だった。
202304040109,9,十日町特別(1勝),芝,1200,晴,良,14:15,2023-10-14,新潟,12,8,17,2020101517,ソノママソノママ,牝3,55,01128,川須栄彦,1:09.7,1/2,4-4,35.6,12.7,4,446(0),01146,[西]奥村豊,320030,幅田京子,,,,,,,,,,,,"(*15,16,18)(5,6,17)(7,8,10)-9(2,4,14)1(3,13)11   12",4,3,0.0,False,"(*15,16)18(5,6,17)(7,8,10)(9,4)(2,14)1-3(11,13)   12",4,3,0.0,False,-8,秋の新潟開催開幕週。野芝のみのAコースを使用。全体時計はさほど速くなく、直線で先行馬が止まりやすい状況で、特に外回りと千直で追込有利が顕著だった。
202304040109,9,十日町特別(1勝),芝,1200,晴,良,14:15,2023-10-14,新潟,13,3,6,2020102299,アシャカタカ,牡3,57,01206,小林美駒,1:09.7,アタマ,4-4,35.6,24.4,9,460(+2),01026,[東]鈴木伸尋,905033,吉冨学,,,,,,,,,,,,"(*15,16,18)(5,6,17)(7,8,10)-9(2,4,14)1(3,13)11   12",4,3,0.0,False,"(*15,16)18(5,6,17)(7,8,10)(9,4)(2,14)1-3(11,13)   12",4,3,0.0,False,-8,秋の新潟開催開幕週。野芝のみのAコースを使用。全体時計はさほど速くなく、直線で先行馬が止まりやすい状況で、特に外回りと千直で追込有利が顕著だった。
202304040109,9,十日町特別(1勝),芝,1200,晴,良,14:15,2023-10-14,新潟,14,7,14,2020100305,セイウンスイート,牝3,55,01201,水沼元輝,1:09.7,ハナ,11-12,34.8,121.8,15,432(+4),01127,[東]栗田徹,897009,西山茂行,,,,,,,,,,,,"(*15,16,18)(5,6,17)(7,8,10)-9(2,4,14)1(3,13)11   12",11,3,3.5,False,"(*15,16)18(5,6,17)(7,8,10)(9,4)(2,14)1-3(11,13)   12",12,2,0.0,False,-8,秋の新潟開催開幕週。野芝のみのAコースを使用。全体時計はさほど速くなく、直線で先行馬が止まりやすい状況で、特に外回りと千直で追込有利が顕著だった。
202304040109,9,十日町特別(1勝),芝,1200,晴,良,14:15,2023-10-14,新潟,15,2,3,2019101032,ユキヤナギ,牝4,56,01025,勝浦正樹,1:10.0,1.1/2,15-15,34.6,132.2,16,468(+6),01063,[東]的場均,895030,山口敦広,,,,,,,,,,,,"(*15,16,18)(5,6,17)(7,8,10)-9(2,4,14)1(3,13)11   12",15,2,3.5,False,"(*15,16)18(5,6,17)(7,8,10)(9,4)(2,14)1-3(11,13)   12",15,1,3.5,False,-8,秋の新潟開催開幕週。野芝のみのAコースを使用。全体時計はさほど速くなく、直線で先行馬が止まりやすい状況で、特に外回りと千直で追込有利が顕著だった。
202304040109,9,十日町特別(1勝),芝,1200,晴,良,14:15,2023-10-14,新潟,16,7,13,2020104478,アルルカン,牡3,57,01200,西塚洸二,1:10.0,クビ,15-16,34.5,85.4,14,468(+4),01158,[西]寺島良,045803,カナヤマホールディン...,,,,,,,,,,,,"(*15,16,18)(5,6,17)(7,8,10)-9(2,4,14)1(3,13)11   12",15,2,3.5,False,"(*15,16)18(5,6,17)(7,8,10)(9,4)(2,14)1-3(11,13)   12",16,2,3.5,False,-8,秋の新潟開催開幕週。野芝のみのAコースを使用。全体時計はさほど速くなく、直線で先行馬が止まりやすい状況で、特に外回りと千直で追込有利が顕著だった。
202304040109,9,十日町特別(1勝),芝,1200,晴,良,14:15,2023-10-14,新潟,17,8,18,2020103885,クリノゴッホ,牡3,57,01091,丹内祐次,1:10.6,3.1/2,2-3,36.7,32.7,11,464(+6),01051,[東]岩戸孝樹,118002,栗原正雄,,,,,,,,,,,,"(*15,16,18)(5,6,17)(7,8,10)-9(2,4,14)1(3,13)11   12",2,3,0.0,False,"(*15,16)18(5,6,17)(7,8,10)(9,4)(2,14)1-3(11,13)   12",3,1,0.0,False,-8,秋の新潟開催開幕週。野芝のみのAコースを使用。全体時計はさほど速くなく、直線で先行馬が止まりやすい状況で、特に外回りと千直で追込有利が顕著だった。
202304040109,9,十日町特別(1勝),芝,1200,晴,良,14:15,2023-10-14,新潟,除,6,12,2018100406,ヴィントミューレ,セ5,58,01197,佐々木大,,,,,---,,426(+6),01126,[東]木村哲也,272008,下河辺隆行,,,,,,,,,,,,"(*15,16,18)(5,6,17)(7,8,10)-9(2,4,14)1(3,13)11   12",18,1,9.5,False,"(*15,16)18(5,6,17)(7,8,10)(9,4)(2,14)1-3(11,13)   12",18,1,9.5,False,-8,秋の新潟開催開幕週。野芝のみのAコースを使用。全体時計はさほど速くなく、直線で先行馬が止まりやすい状況で、特に外回りと千直で追込有利が顕著だった。
202304040110,10,松浜特別(1勝),芝,2000,晴,良,14:50,2023-10-14,新潟,1,4,6,2020105789,ヴァイルマティ,牝3,54,01091,丹内祐次,1:59.1,,6-6,35.1,12.9,4,502(+6),01097,[東]鹿戸雄一,546800,サラブレッドクラブ・...,"1,150.6",,,,,,,,,,,"10,15(3,4,14)(6,8,11,12)(7,13)2,9-(1,5)",6,4,1.5,False,"10,15(3,4,14)(6,8,11,12)(7,13)2,9(1,5)",6,4,1.5,False,-8,秋の新潟開催開幕週。野芝のみのAコースを使用。全体時計はさほど速くなく、直線で先行馬が止まりやすい状況で、特に外回りと千直で追込有利が顕著だった。
202304040110,10,松浜特別(1勝),芝,2000,晴,良,14:50,2023-10-14,新潟,2,5,9,2020106925,メイショウノブカ,牝3,54,00689,江田照男,1:59.3,1,13-13,34.8,5.0,2,510(+6),01099,[西]本田優,523005,松本好雄,451.6,,,,,,,,,,,"10,15(3,4,14)(6,8,11,12)(7,13)2,9-(1,5)",13,1,3.0,False,"10,15(3,4,14)(6,8,11,12)(7,13)2,9(1,5)",13,1,3.0,False,-8,秋の新潟開催開幕週。野芝のみのAコースを使用。全体時計はさほど速くなく、直線で先行馬が止まりやすい状況で、特に外回りと千直で追込有利が顕著だった。
202304040110,10,松浜特別(1勝),芝,2000,晴,良,14:50,2023-10-14,新潟,3,2,2,2018106352,キヨラ,牝5,56,01161,菊沢一樹,1:59.3,ハナ,12-12,35.0,95.8,15,480(+8),01189,[東]堀内岳志,020803,三度屋,285.8,,,,,,,,,,,"10,15(3,4,14)(6,8,11,12)(7,13)2,9-(1,5)",12,1,1.5,False,"10,15(3,4,14)(6,8,11,12)(7,13)2,9(1,5)",12,1,1.5,False,-8,秋の新潟開催開幕週。野芝のみのAコースを使用。全体時計はさほど速くなく、直線で先行馬が止まりやすい状況で、特に外回りと千直で追込有利が顕著だった。
202304040110,10,松浜特別(1勝),芝,2000,晴,良,14:50,2023-10-14,新潟,4,2,3,2020103560,ジェモロジー,牝3,54,01102,北村友一,1:59.3,クビ,3-3,35.5,2.1,1,490(0),01154,[西]橋口慎介,226800,サンデーレーシング,170.0,,,,,,,,,,,"10,15(3,4,14)(6,8,11,12)(7,13)2,9-(1,5)",3,3,1.5,False,"10,15(3,4,14)(6,8,11,12)(7,13)2,9(1,5)",3,3,1.5,False,-8,秋の新潟開催開幕週。野芝のみのAコースを使用。全体時計はさほど速くなく、直線で先行馬が止まりやすい状況で、特に外回りと千直で追込有利が顕著だった。
202304040110,10,松浜特別(1勝),芝,2000,晴,良,14:50,2023-10-14,新潟,5,4,7,2019105570,ローブエリタージュ,牝4,56,01169,武藤雅,1:59.4,クビ,10-10,35.0,19.4,6,404(+4),01038,[東]手塚貴久,506800,シルクレーシング,111.0,,,,,,,,,,,"10,15(3,4,14)(6,8,11,12)(7,13)2,9-(1,5)",10,2,1.5,False,"10,15(3,4,14)(6,8,11,12)(7,13)2,9(1,5)",10,2,1.5,False,-8,秋の新潟開催開幕週。野芝のみのAコースを使用。全体時計はさほど速くなく、直線で先行馬が止まりやすい状況で、特に外回りと千直で追込有利が顕著だった。
202304040110,10,松浜特別(1勝),芝,2000,晴,良,14:50,2023-10-14,新潟,6,3,5,2020105325,クインズカムイ,牝3,54,01019,秋山真一,1:59.5,1/2,14-14,34.9,35.9,12,472(+6),01059,[東]加藤征弘,331803,ケイアイスタリオン,,,,,,,,,,,,"10,15(3,4,14)(6,8,11,12)(7,13)2,9-(1,5)",14,2,6.5,False,"10,15(3,4,14)(6,8,11,12)(7,13)2,9(1,5)",14,2,3.0,False,-8,秋の新潟開催開幕週。野芝のみのAコースを使用。全体時計はさほど速くなく、直線で先行馬が止まりやすい状況で、特に外回りと千直で追込有利が顕著だった。
202304040110,10,松浜特別(1勝),芝,2000,晴,良,14:50,2023-10-14,新潟,7,1,1,2020103792,アドマイヤサジー,牝3,54,01096,大野拓弥,1:59.5,クビ,14-14,34.9,30.4,9,426(-6),01175,[東]宮田敬介,535031,近藤旬子,,,,,,,,,,,,"10,15(3,4,14)(6,8,11,12)(7,13)2,9-(1,5)",14,2,6.5,False,"10,15(3,4,14)(6,8,11,12)(7,13)2,9(1,5)",14,2,3.0,False,-8,秋の新潟開催開幕週。野芝のみのAコースを使用。全体時計はさほど速くなく、直線で先行馬が止まりやすい状況で、特に外回りと千直で追込有利が顕著だった。
202304040110,10,松浜特別(1勝),芝,2000,晴,良,14:50,2023-10-14,新潟,8,5,8,2020102862,レシプロシティ,牝3,54,01178,斎藤新,1:59.6,クビ,6-6,35.5,28.8,8,454(-6),01027,[東]田村康仁,415800,社台レースホース,,,,,,,,,,,,"10,15(3,4,14)(6,8,11,12)(7,13)2,9-(1,5)",6,4,1.5,False,"10,15(3,4,14)(6,8,11,12)(7,13)2,9(1,5)",6,4,1.5,False,-8,秋の新潟開催開幕週。野芝のみのAコースを使用。全体時計はさほど速くなく、直線で先行馬が止まりやすい状況で、特に外回りと千直で追込有利が顕著だった。
202304040110,10,松浜特別(1勝),芝,2000,晴,良,14:50,2023-10-14,新潟,9,7,13,2020104570,ルージュクレセント,牝3,54,01197,佐々木大,2:00.1,3.1/2,10-10,35.8,19.0,5,452(-14),00399,[東]国枝栄,180800,東京ホースレーシング,,,,,,,,,,,,"10,15(3,4,14)(6,8,11,12)(7,13)2,9-(1,5)",10,2,1.5,False,"10,15(3,4,14)(6,8,11,12)(7,13)2,9(1,5)",10,2,1.5,False,-8,秋の新潟開催開幕週。野芝のみのAコースを使用。全体時計はさほど速くなく、直線で先行馬が止まりやすい状況で、特に外回りと千直で追込有利が顕著だった。
202304040110,10,松浜特別(1勝),芝,2000,晴,良,14:50,2023-10-14,新潟,10,3,4,2020105652,トリオンファルマン,牝3,54,01186,角田大和,2:00.4,2,3-3,36.4,24.9,7,426(-6),01104,[西]笹田和秀,788800,ノースヒルズ,,,,,,,,,,,,"10,15(3,4,14)(6,8,11,12)(7,13)2,9-(1,5)",3,3,1.5,False,"10,15(3,4,14)(6,8,11,12)(7,13)2,9(1,5)",3,3,1.5,False,-8,秋の新潟開催開幕週。野芝のみのAコースを使用。全体時計はさほど速くなく、直線で先行馬が止まりやすい状況で、特に外回りと千直で追込有利が顕著だった。
202304040110,10,松浜特別(1勝),芝,2000,晴,良,14:50,2023-10-14,新潟,11,8,15,2019105272,セルケト,牝4,56,01160,荻野極,2:00.5,1/2,2-2,36.7,34.4,11,498(+2),01151,[西]斉藤崇史,790005,吉田勝己,,,,,,,,,,,,"10,15(3,4,14)(6,8,11,12)(7,13)2,9-(1,5)",2,1,1.5,False,"10,15(3,4,14)(6,8,11,12)(7,13)2,9(1,5)",2,1,1.5,False,-8,秋の新潟開催開幕週。野芝のみのAコースを使用。全体時計はさほど速くなく、直線で先行馬が止まりやすい状況で、特に外回りと千直で追込有利が顕著だった。
202304040110,10,松浜特別(1勝),芝,2000,晴,良,14:50,2023-10-14,新潟,12,8,14,2020101143,イージーオンミー,牝3,54,01095,吉田隼人,2:00.8,2,3-3,36.9,52.0,14,428(-12),01153,[東]中舘英二,185800,坂東牧場,,,,,,,,,,,,"10,15(3,4,14)(6,8,11,12)(7,13)2,9-(1,5)",3,3,1.5,False,"10,15(3,4,14)(6,8,11,12)(7,13)2,9(1,5)",3,3,1.5,False,-8,秋の新潟開催開幕週。野芝のみのAコースを使用。全体時計はさほど速くなく、直線で先行馬が止まりやすい状況で、特に外回りと千直で追込有利が顕著だった。
202304040110,10,松浜特別(1勝),芝,2000,晴,良,14:50,2023-10-14,新潟,13,6,10,2020105618,オブリクア,牝3,54,01127,丸山元気,2:00.8,ハナ,1-1,37.2,33.9,10,462(+2),01017,[東]萩原清,788800,ノースヒルズ,,,,,,,,,,,,"10,15(3,4,14)(6,8,11,12)(7,13)2,9-(1,5)",1,1,0.0,False,"10,15(3,4,14)(6,8,11,12)(7,13)2,9(1,5)",1,1,0.0,False,-8,秋の新潟開催開幕週。野芝のみのAコースを使用。全体時計はさほど速くなく、直線で先行馬が止まりやすい状況で、特に外回りと千直で追込有利が顕著だった。
202304040110,10,松浜特別(1勝),芝,2000,晴,良,14:50,2023-10-14,新潟,14,7,12,2020106566,エルチェリーナ,牝3,54,01077,石橋脩,2:01.2,2.1/2,6-6,37.1,6.1,3,488(+4),01117,[西]高野友和,102800,ターフ・スポート,,,,,,,,,,,,"10,15(3,4,14)(6,8,11,12)(7,13)2,9-(1,5)",6,4,1.5,False,"10,15(3,4,14)(6,8,11,12)(7,13)2,9(1,5)",6,4,1.5,False,-8,秋の新潟開催開幕週。野芝のみのAコースを使用。全体時計はさほど速くなく、直線で先行馬が止まりやすい状況で、特に外回りと千直で追込有利が顕著だった。
202304040110,10,松浜特別(1勝),芝,2000,晴,良,14:50,2023-10-14,新潟,15,6,11,2020105185,ウインレイアー,牝3,54,01109,黛弘人,2:01.4,1.1/4,6-6,37.2,46.6,13,444(+8),01143,[東]和田雄二,494800,ウイン,,,,,,,,,,,,"10,15(3,4,14)(6,8,11,12)(7,13)2,9-(1,5)",6,4,1.5,False,"10,15(3,4,14)(6,8,11,12)(7,13)2,9(1,5)",6,4,1.5,False,-8,秋の新潟開催開幕週。野芝のみのAコースを使用。全体時計はさほど速くなく、直線で先行馬が止まりやすい状況で、特に外回りと千直で追込有利が顕著だった。
202304040111,11,飛翼特別(2勝),芝,1000,晴,良,15:25,2023-10-14,新潟,1,7,14,2018101145,アジアノジュンシン,牝5,56,01187,永島まな,0:54.9,,13,32.4,49.4,10,470(+4),01145,[東]奥村武,751033,植村仁,"1,589.9",,,,,,,,,,,,,,,,,,,,,-4,秋の新潟開催開幕週。野芝のみのAコースを使用。全体時計はさほど速くなく、直線で先行馬が止まりやすい状況で、特に外回りと千直で追込有利が顕著だった。
202304040111,11,飛翼特別(2勝),芝,1000,晴,良,15:25,2023-10-14,新潟,2,5,9,2018104322,プレジールミノル,牡5,58,01160,荻野極,0:55.6,4,8,33.4,9.3,5,502(+4),01078,[西]北出成人,265008,吉岡實,631.4,,,,,,,,,,,,,,,,,,,,,-4,秋の新潟開催開幕週。野芝のみのAコースを使用。全体時計はさほど速くなく、直線で先行馬が止まりやすい状況で、特に外回りと千直で追込有利が顕著だった。
202304040111,11,飛翼特別(2勝),芝,1000,晴,良,15:25,2023-10-14,新潟,3,4,7,2019104697,ショウナンマッハ,牡4,58,01178,斎藤新,0:55.6,クビ,14,32.8,14.6,8,496(-2),01181,[西]茶木太樹,331002,国本哲秀,395.7,,,,,,,,,,,,,,,,,,,,,-4,秋の新潟開催開幕週。野芝のみのAコースを使用。全体時計はさほど速くなく、直線で先行馬が止まりやすい状況で、特に外回りと千直で追込有利が顕著だった。
202304040111,11,飛翼特別(2勝),芝,1000,晴,良,15:25,2023-10-14,新潟,4,8,18,2019100038,バオバブスピリット,牝4,56,01102,北村友一,0:55.6,クビ,1,34.0,2.4,1,446(-2),01086,[東]斎藤誠,087803,ＨｉｍＲｏｃｋＲａｃ...,230.0,,,,,,,,,,,,,,,,,,,,,-4,秋の新潟開催開幕週。野芝のみのAコースを使用。全体時計はさほど速くなく、直線で先行馬が止まりやすい状況で、特に外回りと千直で追込有利が顕著だった。
202304040111,11,飛翼特別(2勝),芝,1000,晴,良,15:25,2023-10-14,新潟,5,5,10,2019100132,ペイシャカレン,牝4,56,00689,江田照男,0:55.7,クビ,4,33.9,66.0,13,454(+4),01096,[東]粕谷昌央,163002,北所直人,155.0,,,,,,,,,,,,,,,,,,,,,-4,秋の新潟開催開幕週。野芝のみのAコースを使用。全体時計はさほど速くなく、直線で先行馬が止まりやすい状況で、特に外回りと千直で追込有利が顕著だった。
202304040111,11,飛翼特別(2勝),芝,1000,晴,良,15:25,2023-10-14,新潟,6,4,8,2019104842,ボルタドマール,セ4,58,01184,原優介,0:55.7,クビ,14,32.9,169.7,16,498(+14),01133,[東]黒岩陽一,428033,今中俊平,,,,,,,,,,,,,,,,,,,,,,-4,秋の新潟開催開幕週。野芝のみのAコースを使用。全体時計はさほど速くなく、直線で先行馬が止まりやすい状況で、特に外回りと千直で追込有利が顕著だった。
202304040111,11,飛翼特別(2勝),芝,1000,晴,良,15:25,2023-10-14,新潟,7,1,1,2019103120,リトス,牝4,56,01202,鷲頭虎太,0:55.8,クビ,11,33.4,199.9,17,418(+2),00412,[東]高橋裕,013803,ディアレストクラブ,,,,,,,,,,,,,,,,,,,,,,-4,秋の新潟開催開幕週。野芝のみのAコースを使用。全体時計はさほど速くなく、直線で先行馬が止まりやすい状況で、特に外回りと千直で追込有利が顕著だった。
202304040111,11,飛翼特別(2勝),芝,1000,晴,良,15:25,2023-10-14,新潟,8,6,11,2018102551,エスジープリンセス,牝5,56,01168,富田暁,0:55.8,クビ,18,32.6,9.2,4,474(+2),01165,[東]和田勇介,391803,後藤貞夫,,,,,,,,,,,,,,,,,,,,,,-4,秋の新潟開催開幕週。野芝のみのAコースを使用。全体時計はさほど速くなく、直線で先行馬が止まりやすい状況で、特に外回りと千直で追込有利が顕著だった。
202304040111,11,飛翼特別(2勝),芝,1000,晴,良,15:25,2023-10-14,新潟,9,8,17,2018100636,ステラダイヤ,牝5,56,01077,石橋脩,0:55.9,クビ,6,34.0,10.5,6,508(+6),01118,[東]高柳瑞樹,092700,ＶｉｒｉｄｉａｎＫｅ...,,,,,,,,,,,,,,,,,,,,,,-4,秋の新潟開催開幕週。野芝のみのAコースを使用。全体時計はさほど速くなく、直線で先行馬が止まりやすい状況で、特に外回りと千直で追込有利が顕著だった。
202304040111,11,飛翼特別(2勝),芝,1000,晴,良,15:25,2023-10-14,新潟,10,8,16,2018100378,ディアナグラン,牝5,56,01164,藤田菜七,0:56.0,1/2,6,34.1,8.2,3,492(-4),01102,[東]大竹正博,793030,湊義明,,,,,,,,,,,,,,,,,,,,,,-4,秋の新潟開催開幕週。野芝のみのAコースを使用。全体時計はさほど速くなく、直線で先行馬が止まりやすい状況で、特に外回りと千直で追込有利が顕著だった。
202304040111,11,飛翼特別(2勝),芝,1000,晴,良,15:25,2023-10-14,新潟,11,1,2,2018106152,ルルルージュ,牝5,56,01161,菊沢一樹,0:56.0,クビ,14,33.2,46.2,9,476(-6),01115,[東]菊沢隆徳,766007,的場徹,,,,,,,,,,,,,,,,,,,,,,-4,秋の新潟開催開幕週。野芝のみのAコースを使用。全体時計はさほど速くなく、直線で先行馬が止まりやすい状況で、特に外回りと千直で追込有利が顕著だった。
202304040111,11,飛翼特別(2勝),芝,1000,晴,良,15:25,2023-10-14,新潟,12,7,13,2020101633,ダノンセシボン,牝3,55,01037,太宰啓介,0:56.1,クビ,2,34.4,11.5,7,506(+2),01120,[西]千田輝彦,619800,ダノックス,,,,,,,,,,,,,,,,,,,,,,-4,秋の新潟開催開幕週。野芝のみのAコースを使用。全体時計はさほど速くなく、直線で先行馬が止まりやすい状況で、特に外回りと千直で追込有利が顕著だった。
202304040111,11,飛翼特別(2勝),芝,1000,晴,良,15:25,2023-10-14,新潟,13,6,12,2016100927,モテモテ,牝7,56,01095,吉田隼人,0:56.1,ハナ,11,33.7,130.2,15,482(+14),01193,[西]緒方努,459800,イクタ,,,,,,,,,,,,,,,,,,,,,,-4,秋の新潟開催開幕週。野芝のみのAコースを使用。全体時計はさほど速くなく、直線で先行馬が止まりやすい状況で、特に外回りと千直で追込有利が顕著だった。
202304040111,11,飛翼特別(2勝),芝,1000,晴,良,15:25,2023-10-14,新潟,14,2,4,2020102940,ダンシングニードル,牝3,55,01091,丹内祐次,0:56.1,クビ,4,34.3,7.5,2,468(0),01151,[西]斉藤崇史,208008,窪田芳郎,,,,,,,,,,,,,,,,,,,,,,-4,秋の新潟開催開幕週。野芝のみのAコースを使用。全体時計はさほど速くなく、直線で先行馬が止まりやすい状況で、特に外回りと千直で追込有利が顕著だった。
202304040111,11,飛翼特別(2勝),芝,1000,晴,良,15:25,2023-10-14,新潟,15,3,6,2019103137,ロサロッサーナ,牝4,56,01192,横山琉人,0:56.3,1,8,34.1,55.4,11,510(+4),01177,[東]伊坂重信,385031,星加浩一,,,,,,,,,,,,,,,,,,,,,,-4,秋の新潟開催開幕週。野芝のみのAコースを使用。全体時計はさほど速くなく、直線で先行馬が止まりやすい状況で、特に外回りと千直で追込有利が顕著だった。
202304040111,11,飛翼特別(2勝),芝,1000,晴,良,15:25,2023-10-14,新潟,16,2,3,2019109140,ヒノクニ,牝4,56,01153,木幡初也,0:56.4,1/2,14,33.6,289.8,18,454(0),01174,[東]深山雅史,044803,由井健太郎,,,,,,,,,,,,,,,,,,,,,,-4,秋の新潟開催開幕週。野芝のみのAコースを使用。全体時計はさほど速くなく、直線で先行馬が止まりやすい状況で、特に外回りと千直で追込有利が顕著だった。
202304040111,11,飛翼特別(2勝),芝,1000,晴,良,15:25,2023-10-14,新潟,17,3,5,2019106870,カジュフェイス,牡4,58,01127,丸山元気,0:56.6,1.1/2,8,34.4,68.4,14,498(-2),01142,[西]森田直行,874033,ＳＴレーシング,,,,,,,,,,,,,,,,,,,,,,-4,秋の新潟開催開幕週。野芝のみのAコースを使用。全体時計はさほど速くなく、直線で先行馬が止まりやすい状況で、特に外回りと千直で追込有利が顕著だった。
202304040111,11,飛翼特別(2勝),芝,1000,晴,良,15:25,2023-10-14,新潟,18,7,15,2019101714,デルマシルフ,牝4,56,01186,角田大和,0:57.2,3.1/2,2,35.5,65.2,12,470(0),01188,[西]畑端省吾,274002,浅沼廣幸,,,,,,,,,,,,,,,,,,,,,,-4,秋の新潟開催開幕週。野芝のみのAコースを使用。全体時計はさほど速くなく、直線で先行馬が止まりやすい状況で、特に外回りと千直で追込有利が顕著だった。
202304040112,12,3歳以上1勝クラス,ダ,1200,晴,良,16:01,2023-10-14,新潟,1,5,9,2019110013,シラキヌ,牝4,53,01200,西塚洸二,1:10.2,,2-2,36.1,3.1,1,496(-6),01185,[西]小林真也,003060,ゴドルフィン,800.0,,,,,,,,,,,"1,9-6(2,14)12,11,10,15(8,13)(5,7)=4=3",2,1,1.5,False,"(*1,9)-(2,14,6)-(11,12)-(10,15)(8,5,13)-7,4=3",2,2,0.0,False,-9,
202304040112,12,3歳以上1勝クラス,ダ,1200,晴,良,16:01,2023-10-14,新潟,2,1,1,2019105819,バンドールロゼ,牡4,58,01091,丹内祐次,1:12.0,大,1-1,38.0,3.4,2,476(0),01080,[東]清水英克,854800,ノルマンディーサラブ...,320.0,,,,,,,,,,,"1,9-6(2,14)12,11,10,15(8,13)(5,7)=4=3",1,1,0.0,False,"(*1,9)-(2,14,6)-(11,12)-(10,15)(8,5,13)-7,4=3",1,2,0.0,True,-9,
202304040112,12,3歳以上1勝クラス,ダ,1200,晴,良,16:01,2023-10-14,新潟,3,3,4,2019102102,ゲキザル,牡4,58,01161,菊沢一樹,1:12.1,1/2,14-14,35.6,18.1,8,468(-6),01156,[東]青木孝文,483007,橘倍男,200.0,,,,,,,,,,,"1,9-6(2,14)12,11,10,15(8,13)(5,7)=4=3",14,1,15.5,False,"(*1,9)-(2,14,6)-(11,12)-(10,15)(8,5,13)-7,4=3",14,1,15.5,False,-9,
202304040112,12,3歳以上1勝クラス,ダ,1200,晴,良,16:01,2023-10-14,新潟,4,2,2,2020106353,リリージェーン,牝3,54,01184,原優介,1:12.1,アタマ,4-3,37.4,10.7,5,430(+4),01171,[東]小手川準,460031,馬目時宗,120.0,,,,,,,,,,,"1,9-6(2,14)12,11,10,15(8,13)(5,7)=4=3",4,2,5.0,False,"(*1,9)-(2,14,6)-(11,12)-(10,15)(8,5,13)-7,4=3",3,3,3.5,False,-9,
202304040112,12,3歳以上1勝クラス,ダ,1200,晴,良,16:01,2023-10-14,新潟,5,8,15,2018104533,サンフィニティ,牝5,56,01178,斎藤新,1:12.6,3,9-8,37.3,35.0,10,450(-6),01026,[東]鈴木伸尋,415800,社台レースホース,80.0,,,,,,,,,,,"1,9-6(2,14)12,11,10,15(8,13)(5,7)=4=3",9,1,9.5,False,"(*1,9)-(2,14,6)-(11,12)-(10,15)(8,5,13)-7,4=3",8,2,10.5,False,-9,
202304040112,12,3歳以上1勝クラス,ダ,1200,晴,良,16:01,2023-10-14,新潟,6,7,13,2019110115,アルムマッツ,牡4,57,01186,角田大和,1:12.6,アタマ,10-10,37.0,79.3,12,498(-6),01039,[西]中竹和也,944030,加藤誠,,,,,,,,,,,,"1,9-6(2,14)12,11,10,15(8,13)(5,7)=4=3",10,2,9.5,False,"(*1,9)-(2,14,6)-(11,12)-(10,15)(8,5,13)-7,4=3",10,3,10.5,False,-9,
202304040112,12,3歳以上1勝クラス,ダ,1200,晴,良,16:01,2023-10-14,新潟,7,6,11,2019103553,シルバーキングダム,牡4,58,01025,勝浦正樹,1:12.7,クビ,7-6,37.7,92.1,13,496(-2),01187,[東]西田雄一,729005,平賀久枝,,,,,,,,,,,,"1,9-6(2,14)12,11,10,15(8,13)(5,7)=4=3",7,1,6.5,False,"(*1,9)-(2,14,6)-(11,12)-(10,15)(8,5,13)-7,4=3",6,2,7.0,False,-9,
202304040112,12,3歳以上1勝クラス,ダ,1200,晴,良,16:01,2023-10-14,新潟,8,3,5,2017100426,グレアミラージュ,牡6,58,00894,小牧太,1:12.9,1.1/2,12-10,37.2,128.6,14,464(-4),01104,[西]笹田和秀,547800,ヒダカ・ブリーダーズ...,,,,,,,,,,,,"1,9-6(2,14)12,11,10,15(8,13)(5,7)=4=3",12,2,9.5,False,"(*1,9)-(2,14,6)-(11,12)-(10,15)(8,5,13)-7,4=3",10,3,10.5,False,-9,
202304040112,12,3歳以上1勝クラス,ダ,1200,晴,良,16:01,2023-10-14,新潟,9,5,8,2020110145,スモーキンビリー,牡3,54,01187,永島まな,1:13.0,クビ,10-10,37.5,9.2,4,496(0),01002,[西]音無秀孝,879033,江馬由将,,,,,,,,,,,,"1,9-6(2,14)12,11,10,15(8,13)(5,7)=4=3",10,2,9.5,False,"(*1,9)-(2,14,6)-(11,12)-(10,15)(8,5,13)-7,4=3",10,3,10.5,False,-9,
202304040112,12,3歳以上1勝クラス,ダ,1200,晴,良,16:01,2023-10-14,新潟,10,8,14,2020110140,グランファラオ,牡3,57,01168,富田暁,1:13.0,アタマ,4-3,38.3,8.5,3,496(-4),01129,[西]高橋義忠,520031,福盛訓之,,,,,,,,,,,,"1,9-6(2,14)12,11,10,15(8,13)(5,7)=4=3",4,2,5.0,False,"(*1,9)-(2,14,6)-(11,12)-(10,15)(8,5,13)-7,4=3",3,3,3.5,False,-9,
202304040112,12,3歳以上1勝クラス,ダ,1200,晴,良,16:01,2023-10-14,新潟,11,6,10,2020101540,タイセイランナー,牡3,53,01190,古川奈穂,1:13.1,クビ,8-8,38.0,13.5,6,494(0),01113,[西]牧浦充徳,224007,田中成奉,,,,,,,,,,,,"1,9-6(2,14)12,11,10,15(8,13)(5,7)=4=3",8,1,8.0,False,"(*1,9)-(2,14,6)-(11,12)-(10,15)(8,5,13)-7,4=3",8,2,10.5,False,-9,
202304040112,12,3歳以上1勝クラス,ダ,1200,晴,良,16:01,2023-10-14,新潟,12,2,3,2020102393,ゼンリョクダンス,牝3,51,01206,小林美駒,1:13.2,3/4,15-15,35.9,13.7,7,448(+4),01179,[東]鈴木慎太,149033,内田玄祥,,,,,,,,,,,,"1,9-6(2,14)12,11,10,15(8,13)(5,7)=4=3",15,1,21.5,False,"(*1,9)-(2,14,6)-(11,12)-(10,15)(8,5,13)-7,4=3",15,1,21.5,False,-9,
202304040112,12,3歳以上1勝クラス,ダ,1200,晴,良,16:01,2023-10-14,新潟,13,7,12,2019106305,キリシマタウン,牡4,55,01203,石田拓郎,1:13.6,2.1/2,6-6,38.8,256.2,15,450(+2),01090,[東]天間昭一,772002,西村新一郎,,,,,,,,,,,,"1,9-6(2,14)12,11,10,15(8,13)(5,7)=4=3",6,1,5.0,False,"(*1,9)-(2,14,6)-(11,12)-(10,15)(8,5,13)-7,4=3",6,2,7.0,False,-9,
202304040112,12,3歳以上1勝クラス,ダ,1200,晴,良,16:01,2023-10-14,新潟,14,4,7,2019110067,マスキエッタ,牝4,55,01182,泉谷楓真,1:13.9,1.1/2,12-13,38.2,43.8,11,456(-12),01098,[西]野中賢二,045803,カナヤマホールディン...,,,,,,,,,,,,"1,9-6(2,14)12,11,10,15(8,13)(5,7)=4=3",12,2,9.5,False,"(*1,9)-(2,14,6)-(11,12)-(10,15)(8,5,13)-7,4=3",13,1,14.0,False,-9,
202304040112,12,3歳以上1勝クラス,ダ,1200,晴,良,16:01,2023-10-14,新潟,15,4,6,2020100632,アイノセンシ,牡3,57,01077,石橋脩,1:18.3,大,3-3,43.8,29.0,9,514(-2),01106,[東]牧光二,641030,日下部勝徳,,,,,,,,,,,,"1,9-6(2,14)12,11,10,15(8,13)(5,7)=4=3",3,1,5.0,False,"(*1,9)-(2,14,6)-(11,12)-(10,15)(8,5,13)-7,4=3",3,3,3.5,False,-9,
