race_id,race_number,race_name,surface,distance_m,weather,going,start_time,race_date,racecourse,finish_pos,waku,umaban,horse_id,horse_name,sex_age,kinryo,jockey_id,jockey_name,time,margin,passing_order,last_3f,odds_final,popularity,weight,trainer_id,trainer_name,owner_id,owner_name,prize,corner1_raw,corner1_rank,corner1_group_size,corner1_gap_len_est,corner1_is_leader,corner2_raw,corner2_rank,corner2_group_size,corner2_gap_len_est,corner2_is_leader,corner3_raw,corner3_rank,corner3_group_size,corner3_gap_len_est,corner3_is_leader,corner4_raw,corner4_rank,corner4_group_size,corner4_gap_len_est,corner4_is_leader,track_index,track_comment
202303020701,1,2歳未勝利,芝,1200,曇,良,10:10,2023-07-22,福島,1,6,11,2021105057,オンザヴィーナス,牝2,55,05386,戸崎圭太,1:10.2,,3-3,35.3,3.1,1,420(0),01124,[東]大和田成,308033,久保田定,550.0,,,,,,,,,,,"(*4,5)-11,3(6,13)(1,15)(14,8)(12,9)7,2-10",3,1,3.5,False,"(4,*5)11,3-13,8(1,6,14)(15,9)12-7-2-10",3,1,0.0,False,-1,開催7日目でBコース3日目。内ラチ沿いは荒れており、道中から外を通って直線も馬場の中央付近を通った馬がよく伸びていた。そこまで差し有利に働かなかった。
202303020701,1,2歳未勝利,芝,1200,曇,良,10:10,2023-07-22,福島,2,2,3,2021105297,マースフルガール,牝2,55,01096,大野拓弥,1:10.6,2.1/2,4-4,35.5,8.7,3,404(-2),01008,[東]杉浦宏昭,415800,社台レースホース,220.0,,,,,,,,,,,"(*4,5)-11,3(6,13)(1,15)(14,8)(12,9)7,2-10",4,1,5.0,False,"(4,*5)11,3-13,8(1,6,14)(15,9)12-7-2-10",4,1,1.5,False,-1,開催7日目でBコース3日目。内ラチ沿いは荒れており、道中から外を通って直線も馬場の中央付近を通った馬がよく伸びていた。そこまで差し有利に働かなかった。
202303020701,1,2歳未勝利,芝,1200,曇,良,10:10,2023-07-22,福島,3,7,13,2021100236,デアパーディタ,牝2,51,01206,小林美駒,1:11.0,2.1/2,5-5,35.8,14.2,7,422(+2),01147,[東]武井亮,463031,フィールドレーシング,140.0,,,,,,,,,,,"(*4,5)-11,3(6,13)(1,15)(14,8)(12,9)7,2-10",5,2,5.0,False,"(4,*5)11,3-13,8(1,6,14)(15,9)12-7-2-10",5,1,5.0,False,-1,開催7日目でBコース3日目。内ラチ沿いは荒れており、道中から外を通って直線も馬場の中央付近を通った馬がよく伸びていた。そこまで差し有利に働かなかった。
202303020701,1,2歳未勝利,芝,1200,曇,良,10:10,2023-07-22,福島,4,1,1,2021106804,グレンノアラシ,牡2,55,01009,柴田大知,1:11.1,クビ,7-7,35.6,24.9,8,470(+6),01051,[東]岩戸孝樹,716800,ビッグレッドファーム,83.0,,,,,,,,,,,"(*4,5)-11,3(6,13)(1,15)(14,8)(12,9)7,2-10",7,2,5.0,False,"(4,*5)11,3-13,8(1,6,14)(15,9)12-7-2-10",7,3,6.5,False,-1,開催7日目でBコース3日目。内ラチ沿いは荒れており、道中から外を通って直線も馬場の中央付近を通った馬がよく伸びていた。そこまで差し有利に働かなかった。
202303020701,1,2歳未勝利,芝,1200,曇,良,10:10,2023-07-22,福島,5,4,6,2021105060,メイザーキック,牝2,55,01179,菅原明良,1:11.1,ハナ,5-7,35.9,10.5,5,406(-2),01152,[東]竹内正洋,566031,ＫＩＣレーシング,55.0,,,,,,,,,,,"(*4,5)-11,3(6,13)(1,15)(14,8)(12,9)7,2-10",5,2,5.0,False,"(4,*5)11,3-13,8(1,6,14)(15,9)12-7-2-10",7,3,6.5,False,-1,開催7日目でBコース3日目。内ラチ沿いは荒れており、道中から外を通って直線も馬場の中央付近を通った馬がよく伸びていた。そこまで差し有利に働かなかった。
202303020701,1,2歳未勝利,芝,1200,曇,良,10:10,2023-07-22,福島,6,8,14,2021104618,タリスマン,牡2,55,01119,伊藤工真,1:11.3,1.1/4,9-7,35.7,81.6,10,452(0),01132,[東]金成貴史,064803,リトルブルーファーム,,,,,,,,,,,,"(*4,5)-11,3(6,13)(1,15)(14,8)(12,9)7,2-10",9,2,5.0,False,"(4,*5)11,3-13,8(1,6,14)(15,9)12-7-2-10",7,3,6.5,False,-1,開催7日目でBコース3日目。内ラチ沿いは荒れており、道中から外を通って直線も馬場の中央付近を通った馬がよく伸びていた。そこまで差し有利に働かなかった。
202303020701,1,2歳未勝利,芝,1200,曇,良,10:10,2023-07-22,福島,7,7,12,2021104127,スグラフィート,牡2,55,05212,Ｍ．デム,1:11.4,3/4,11-12,35.6,9.6,4,488(+2),01106,[東]牧光二,482002,水上行雄,,,,,,,,,,,,"(*4,5)-11,3(6,13)(1,15)(14,8)(12,9)7,2-10",11,2,5.0,False,"(4,*5)11,3-13,8(1,6,14)(15,9)12-7-2-10",12,1,6.5,False,-1,開催7日目でBコース3日目。内ラチ沿いは荒れており、道中から外を通って直線も馬場の中央付近を通った馬がよく伸びていた。そこまで差し有利に働かなかった。
202303020701,1,2歳未勝利,芝,1200,曇,良,10:10,2023-07-22,福島,8,3,4,2021103343,ハヌル,牝2,55,01161,菊沢一樹,1:11.5,クビ,1-2,36.9,214.5,13,478(-2),01051,[東]岩戸孝樹,629800,ミルファーム,,,,,,,,,,,,"(*4,5)-11,3(6,13)(1,15)(14,8)(12,9)7,2-10",1,2,0.0,True,"(4,*5)11,3-13,8(1,6,14)(15,9)12-7-2-10",2,2,0.0,False,-1,開催7日目でBコース3日目。内ラチ沿いは荒れており、道中から外を通って直線も馬場の中央付近を通った馬がよく伸びていた。そこまで差し有利に働かなかった。
202303020701,1,2歳未勝利,芝,1200,曇,良,10:10,2023-07-22,福島,9,3,5,2021106866,ラブリエスト,牝2,54,01188,永野猛蔵,1:11.7,1.1/4,2-1,37.1,3.1,2,472(-4),00417,[東]土田稔,704031,檜森高史,,,,,,,,,,,,"(*4,5)-11,3(6,13)(1,15)(14,8)(12,9)7,2-10",2,2,0.0,False,"(4,*5)11,3-13,8(1,6,14)(15,9)12-7-2-10",1,2,0.0,True,-1,開催7日目でBコース3日目。内ラチ沿いは荒れており、道中から外を通って直線も馬場の中央付近を通った馬がよく伸びていた。そこまで差し有利に働かなかった。
202303020701,1,2歳未勝利,芝,1200,曇,良,10:10,2023-07-22,福島,10,5,9,2021101023,アイファーバトル,牡2,53,01164,藤田菜七,1:11.7,クビ,11-10,35.9,13.1,6,438(-4),01029,[東]根本康広,119007,中島稔,,,,,,,,,,,,"(*4,5)-11,3(6,13)(1,15)(14,8)(12,9)7,2-10",11,2,5.0,False,"(4,*5)11,3-13,8(1,6,14)(15,9)12-7-2-10",10,2,6.5,False,-1,開催7日目でBコース3日目。内ラチ沿いは荒れており、道中から外を通って直線も馬場の中央付近を通った馬がよく伸びていた。そこまで差し有利に働かなかった。
202303020701,1,2歳未勝利,芝,1200,曇,良,10:10,2023-07-22,福島,11,5,8,2021102391,ルルディルッカ,牝2,55,01092,津村明秀,1:11.7,クビ,9-6,36.0,51.7,9,440(0),01052,[東]菊川正達,013803,ディアレストクラブ,,,,,,,,,,,,"(*4,5)-11,3(6,13)(1,15)(14,8)(12,9)7,2-10",9,2,5.0,False,"(4,*5)11,3-13,8(1,6,14)(15,9)12-7-2-10",6,1,6.5,False,-1,開催7日目でBコース3日目。内ラチ沿いは荒れており、道中から外を通って直線も馬場の中央付近を通った馬がよく伸びていた。そこまで差し有利に働かなかった。
202303020701,1,2歳未勝利,芝,1200,曇,良,10:10,2023-07-22,福島,12,8,15,2021100746,ワイワイサンデー,牡2,55,01162,木幡巧也,1:11.9,1.1/4,7-10,36.4,136.3,12,462(+2),01051,[東]岩戸孝樹,731033,山田泰司,,,,,,,,,,,,"(*4,5)-11,3(6,13)(1,15)(14,8)(12,9)7,2-10",7,2,5.0,False,"(4,*5)11,3-13,8(1,6,14)(15,9)12-7-2-10",10,2,6.5,False,-1,開催7日目でBコース3日目。内ラチ沿いは荒れており、道中から外を通って直線も馬場の中央付近を通った馬がよく伸びていた。そこまで差し有利に働かなかった。
202303020701,1,2歳未勝利,芝,1200,曇,良,10:10,2023-07-22,福島,13,4,7,2021107294,アースヒロイン,牝2,55,01143,原田和真,1:12.4,3,13-13,36.4,454.7,15,448(-2),01131,[東]蛯名利弘,119007,中島稔,,,,,,,,,,,,"(*4,5)-11,3(6,13)(1,15)(14,8)(12,9)7,2-10",13,1,5.0,False,"(4,*5)11,3-13,8(1,6,14)(15,9)12-7-2-10",13,1,10.0,False,-1,開催7日目でBコース3日目。内ラチ沿いは荒れており、道中から外を通って直線も馬場の中央付近を通った馬がよく伸びていた。そこまで差し有利に働かなかった。
202303020701,1,2歳未勝利,芝,1200,曇,良,10:10,2023-07-22,福島,14,2,2,2021102302,タマディープ,牡2,55,01150,石川裕紀,1:12.6,1.1/4,14-14,36.5,112.7,11,444(0),01020,[東]相沢郁,898004,玉井鶴枝,,,,,,,,,,,,"(*4,5)-11,3(6,13)(1,15)(14,8)(12,9)7,2-10",14,1,6.5,False,"(4,*5)11,3-13,8(1,6,14)(15,9)12-7-2-10",14,1,13.5,False,-1,開催7日目でBコース3日目。内ラチ沿いは荒れており、道中から外を通って直線も馬場の中央付近を通った馬がよく伸びていた。そこまで差し有利に働かなかった。
202303020701,1,2歳未勝利,芝,1200,曇,良,10:10,2023-07-22,福島,15,6,10,2021101152,リネンワールド,牡2,53,01184,原優介,1:12.8,1.1/2,15-15,36.3,239.1,14,454(+2),01096,[東]粕谷昌央,851005,戸山光男,,,,,,,,,,,,"(*4,5)-11,3(6,13)(1,15)(14,8)(12,9)7,2-10",15,1,10.0,False,"(4,*5)11,3-13,8(1,6,14)(15,9)12-7-2-10",15,1,17.0,False,-1,開催7日目でBコース3日目。内ラチ沿いは荒れており、道中から外を通って直線も馬場の中央付近を通った馬がよく伸びていた。そこまで差し有利に働かなかった。
202303020702,2,2歳未勝利,芝,1800,晴,良,10:45,2023-07-22,福島,1,4,4,2021104994,ティンク,牝2,55,01096,大野拓弥,1:51.5,,3-3-3-3,35.1,1.4,1,494(+4),01067,[東]久保田貴,415800,社台レースホース,550.0,"1,2-4(3,7)(6,5)",3,1,5.0,False,"1,2-4(3,7)(6,5)",3,1,5.0,False,"1,2,4(3,7,5)=6",3,1,3.0,False,"1,2,4(3,7)-5=6",3,1,3.0,False,-1,開催7日目でBコース3日目。内ラチ沿いは荒れており、道中から外を通って直線も馬場の中央付近を通った馬がよく伸びていた。そこまで差し有利に働かなかった。
202303020702,2,2歳未勝利,芝,1800,晴,良,10:45,2023-07-22,福島,2,1,1,2021106963,グラビティブラスト,牡2,55,01092,津村明秀,1:51.7,1.1/2,1-1-1-1,35.7,3.1,2,468(0),01195,[東]嘉藤貴行,716800,ビッグレッドファーム,220.0,"1,2-4(3,7)(6,5)",1,1,0.0,False,"1,2-4(3,7)(6,5)",1,1,0.0,False,"1,2,4(3,7,5)=6",1,1,0.0,False,"1,2,4(3,7)-5=6",1,1,0.0,False,-1,開催7日目でBコース3日目。内ラチ沿いは荒れており、道中から外を通って直線も馬場の中央付近を通った馬がよく伸びていた。そこまで差し有利に働かなかった。
202303020702,2,2歳未勝利,芝,1800,晴,良,10:45,2023-07-22,福島,3,2,2,2021104112,ローンウルフ,牡2,55,01162,木幡巧也,1:51.7,アタマ,2-2-2-2,35.5,9.0,3,454(0),01089,[東]武市康男,994002,飯田正剛,140.0,"1,2-4(3,7)(6,5)",2,1,1.5,False,"1,2-4(3,7)(6,5)",2,1,1.5,False,"1,2,4(3,7,5)=6",2,1,1.5,False,"1,2,4(3,7)-5=6",2,1,1.5,False,-1,開催7日目でBコース3日目。内ラチ沿いは荒れており、道中から外を通って直線も馬場の中央付近を通った馬がよく伸びていた。そこまで差し有利に働かなかった。
202303020702,2,2歳未勝利,芝,1800,晴,良,10:45,2023-07-22,福島,4,3,3,2021103128,テルケンレンジョイ,牡2,55,01161,菊沢一樹,1:51.8,3/4,4-4-4-4,35.1,19.4,4,480(0),01047,[東]勢司和浩,800031,桑田照夫,83.0,"1,2-4(3,7)(6,5)",4,2,5.0,False,"1,2-4(3,7)(6,5)",4,2,5.0,False,"1,2,4(3,7,5)=6",4,3,3.0,False,"1,2,4(3,7)-5=6",4,2,3.0,False,-1,開催7日目でBコース3日目。内ラチ沿いは荒れており、道中から外を通って直線も馬場の中央付近を通った馬がよく伸びていた。そこまで差し有利に働かなかった。
202303020702,2,2歳未勝利,芝,1800,晴,良,10:45,2023-07-22,福島,5,7,7,2021107028,ストロベリーナイト,牡2,55,01158,野中悠太,1:52.5,4,4-4-4-4,35.8,69.2,6,462(0),01029,[東]根本康広,855030,田頭勇貴,55.0,"1,2-4(3,7)(6,5)",4,2,5.0,False,"1,2-4(3,7)(6,5)",4,2,5.0,False,"1,2,4(3,7,5)=6",4,3,3.0,False,"1,2,4(3,7)-5=6",4,2,3.0,False,-1,開催7日目でBコース3日目。内ラチ沿いは荒れており、道中から外を通って直線も馬場の中央付近を通った馬がよく伸びていた。そこまで差し有利に働かなかった。
202303020702,2,2歳未勝利,芝,1800,晴,良,10:45,2023-07-22,福島,6,5,5,2021104475,アルテミーナ,牝2,54,01188,永野猛蔵,1:54.9,大,6-6-4-6,38.3,33.7,5,492(-16),01107,[西]村山明,216005,内田滋三,,"1,2-4(3,7)(6,5)",6,2,5.0,False,"1,2-4(3,7)(6,5)",6,2,5.0,False,"1,2,4(3,7,5)=6",4,3,3.0,False,"1,2,4(3,7)-5=6",6,1,6.5,False,-1,開催7日目でBコース3日目。内ラチ沿いは荒れており、道中から外を通って直線も馬場の中央付近を通った馬がよく伸びていた。そこまで差し有利に働かなかった。
202303020702,2,2歳未勝利,芝,1800,晴,良,10:45,2023-07-22,福島,7,6,6,2021106352,パイナップルソーダ,牝2,55,01129,菅原隆一,1:56.4,9,6-6-7-7,38.6,165.4,7,396(-4),00421,[東]浅野洋一,855030,田頭勇貴,,"1,2-4(3,7)(6,5)",6,2,5.0,False,"1,2-4(3,7)(6,5)",6,2,5.0,False,"1,2,4(3,7,5)=6",7,1,9.0,False,"1,2,4(3,7)-5=6",7,1,12.5,False,-1,開催7日目でBコース3日目。内ラチ沿いは荒れており、道中から外を通って直線も馬場の中央付近を通った馬がよく伸びていた。そこまで差し有利に働かなかった。
202303020703,3,3歳未勝利,芝,1200,晴,良,11:15,2023-07-22,福島,1,7,13,2020101586,エルフレスアリー,牝3,54,01092,津村明秀,1:09.8,,1-1,35.5,2.0,1,420(+2),01126,[東]木村哲也,362800,下河辺牧場,550.0,,,,,,,,,,,"13-(5,8)-12(7,10)(3,16)(2,9,6)15(4,11)-(1,14)",1,1,0.0,False,"13-(5,8)-12,7(3,10)16(2,6)(4,9)(11,15)14,1",1,1,0.0,False,-1,開催7日目でBコース3日目。内ラチ沿いは荒れており、道中から外を通って直線も馬場の中央付近を通った馬がよく伸びていた。そこまで差し有利に働かなかった。
202303020703,3,3歳未勝利,芝,1200,晴,良,11:15,2023-07-22,福島,2,4,8,2020100295,メリトリオ,牡3,56,01179,菅原明良,1:10.2,2.1/2,2-2,35.6,6.6,2,472(0),01102,[東]大竹正博,788800,ノースヒルズ,220.0,,,,,,,,,,,"13-(5,8)-12(7,10)(3,16)(2,9,6)15(4,11)-(1,14)",2,2,3.5,False,"13-(5,8)-12,7(3,10)16(2,6)(4,9)(11,15)14,1",2,2,3.5,False,-1,開催7日目でBコース3日目。内ラチ沿いは荒れており、道中から外を通って直線も馬場の中央付近を通った馬がよく伸びていた。そこまで差し有利に働かなかった。
202303020703,3,3歳未勝利,芝,1200,晴,良,11:15,2023-07-22,福島,3,3,5,2020104646,ショーウェイコ,牝3,54,01169,武藤雅,1:10.2,ハナ,2-2,35.5,51.7,12,490(0),01076,[東]小笠倫弘,905033,吉冨学,140.0,,,,,,,,,,,"13-(5,8)-12(7,10)(3,16)(2,9,6)15(4,11)-(1,14)",2,2,3.5,False,"13-(5,8)-12,7(3,10)16(2,6)(4,9)(11,15)14,1",2,2,3.5,False,-1,開催7日目でBコース3日目。内ラチ沿いは荒れており、道中から外を通って直線も馬場の中央付近を通った馬がよく伸びていた。そこまで差し有利に働かなかった。
202303020703,3,3歳未勝利,芝,1200,晴,良,11:15,2023-07-22,福島,4,4,7,2020100721,アンナプルナ,牝3,51,01201,水沼元輝,1:10.7,3,5-5,35.5,7.3,3,444(0),01080,[東]清水英克,464030,田畑利彦,83.0,,,,,,,,,,,"13-(5,8)-12(7,10)(3,16)(2,9,6)15(4,11)-(1,14)",5,2,7.0,False,"13-(5,8)-12,7(3,10)16(2,6)(4,9)(11,15)14,1",5,1,8.5,False,-1,開催7日目でBコース3日目。内ラチ沿いは荒れており、道中から外を通って直線も馬場の中央付近を通った馬がよく伸びていた。そこまで差し有利に働かなかった。
202303020703,3,3歳未勝利,芝,1200,晴,良,11:15,2023-07-22,福島,5,6,12,2020100119,クーラント,牝3,53,01188,永野猛蔵,1:10.7,ハナ,4-4,35.7,114.3,13,412(0),01187,[東]西田雄一,748030,市瀬章,55.0,,,,,,,,,,,"13-(5,8)-12(7,10)(3,16)(2,9,6)15(4,11)-(1,14)",4,1,7.0,False,"13-(5,8)-12,7(3,10)16(2,6)(4,9)(11,15)14,1",4,1,7.0,False,-1,開催7日目でBコース3日目。内ラチ沿いは荒れており、道中から外を通って直線も馬場の中央付近を通った馬がよく伸びていた。そこまで差し有利に働かなかった。
202303020703,3,3歳未勝利,芝,1200,晴,良,11:15,2023-07-22,福島,6,2,4,2020104968,ワレハカゼノコ,牡3,56,01075,田辺裕信,1:10.8,1/2,13-11,34.8,21.4,8,470(-12),01115,[東]菊沢隆徳,243008,國分純,,,,,,,,,,,,"13-(5,8)-12(7,10)(3,16)(2,9,6)15(4,11)-(1,14)",13,2,7.0,False,"13-(5,8)-12,7(3,10)16(2,6)(4,9)(11,15)14,1",11,2,8.5,False,-1,開催7日目でBコース3日目。内ラチ沿いは荒れており、道中から外を通って直線も馬場の中央付近を通った馬がよく伸びていた。そこまで差し有利に働かなかった。
202303020703,3,3歳未勝利,芝,1200,晴,良,11:15,2023-07-22,福島,7,2,3,2020105935,サクラ,牝3,54,01129,菅原隆一,1:10.8,アタマ,7-6,35.4,202.1,15,466(-8),01171,[東]小手川準,192033,篠田くみ子,,,,,,,,,,,,"13-(5,8)-12(7,10)(3,16)(2,9,6)15(4,11)-(1,14)",7,2,7.0,False,"13-(5,8)-12,7(3,10)16(2,6)(4,9)(11,15)14,1",6,2,8.5,False,-1,開催7日目でBコース3日目。内ラチ沿いは荒れており、道中から外を通って直線も馬場の中央付近を通った馬がよく伸びていた。そこまで差し有利に働かなかった。
202303020703,3,3歳未勝利,芝,1200,晴,良,11:15,2023-07-22,福島,8,1,2,2020103804,ボールズピラミッド,牡3,56,01085,松岡正海,1:11.0,3/4,9-9,35.3,20.2,7,468(-4),01054,[東]戸田博文,208008,窪田芳郎,,,,,,,,,,,,"13-(5,8)-12(7,10)(3,16)(2,9,6)15(4,11)-(1,14)",9,3,7.0,False,"13-(5,8)-12,7(3,10)16(2,6)(4,9)(11,15)14,1",9,2,8.5,False,-1,開催7日目でBコース3日目。内ラチ沿いは荒れており、道中から外を通って直線も馬場の中央付近を通った馬がよく伸びていた。そこまで差し有利に働かなかった。
202303020703,3,3歳未勝利,芝,1200,晴,良,11:15,2023-07-22,福島,9,5,10,2020110096,シールテソーロ,牝3,52,01184,原優介,1:11.0,ハナ,5-6,35.8,10.0,4,416(-2),01088,[東]高木登,089803,了徳寺健二ホールディ...,,,,,,,,,,,,"13-(5,8)-12(7,10)(3,16)(2,9,6)15(4,11)-(1,14)",5,2,7.0,False,"13-(5,8)-12,7(3,10)16(2,6)(4,9)(11,15)14,1",6,2,8.5,False,-1,開催7日目でBコース3日目。内ラチ沿いは荒れており、道中から外を通って直線も馬場の中央付近を通った馬がよく伸びていた。そこまで差し有利に働かなかった。
202303020703,3,3歳未勝利,芝,1200,晴,良,11:15,2023-07-22,福島,10,8,16,2020103038,キャルキューレ,牝3,54,05386,戸崎圭太,1:11.0,クビ,7-8,35.5,10.2,5,394(-10),01097,[東]鹿戸雄一,658033,里見治紀,,,,,,,,,,,,"13-(5,8)-12(7,10)(3,16)(2,9,6)15(4,11)-(1,14)",7,2,7.0,False,"13-(5,8)-12,7(3,10)16(2,6)(4,9)(11,15)14,1",8,1,8.5,False,-1,開催7日目でBコース3日目。内ラチ沿いは荒れており、道中から外を通って直線も馬場の中央付近を通った馬がよく伸びていた。そこまで差し有利に働かなかった。
202303020703,3,3歳未勝利,芝,1200,晴,良,11:15,2023-07-22,福島,11,7,14,2020109109,サンアマランス,牝3,54,01161,菊沢一樹,1:11.0,ハナ,15-15,34.7,38.7,11,454(0),01189,[東]堀内岳志,527031,小濱正智,,,,,,,,,,,,"13-(5,8)-12(7,10)(3,16)(2,9,6)15(4,11)-(1,14)",15,2,10.5,False,"13-(5,8)-12,7(3,10)16(2,6)(4,9)(11,15)14,1",15,1,8.5,False,-1,開催7日目でBコース3日目。内ラチ沿いは荒れており、道中から外を通って直線も馬場の中央付近を通った馬がよく伸びていた。そこまで差し有利に働かなかった。
202303020703,3,3歳未勝利,芝,1200,晴,良,11:15,2023-07-22,福島,12,8,15,2020102102,デルマネコダマシ,牝3,50,01206,小林美駒,1:11.1,3/4,12-13,35.3,33.6,10,450(-2),01103,[東]尾関知人,274002,浅沼廣幸,,,,,,,,,,,,"13-(5,8)-12(7,10)(3,16)(2,9,6)15(4,11)-(1,14)",12,1,7.0,False,"13-(5,8)-12,7(3,10)16(2,6)(4,9)(11,15)14,1",13,2,8.5,False,-1,開催7日目でBコース3日目。内ラチ沿いは荒れており、道中から外を通って直線も馬場の中央付近を通った馬がよく伸びていた。そこまで差し有利に働かなかった。
202303020703,3,3歳未勝利,芝,1200,晴,良,11:15,2023-07-22,福島,13,5,9,2020104922,トラファルガー,セ3,56,01117,丸田恭介,1:11.2,アタマ,9-11,35.5,183.0,14,482(-2),01077,[東]加藤和宏,464030,田畑利彦,,,,,,,,,,,,"13-(5,8)-12(7,10)(3,16)(2,9,6)15(4,11)-(1,14)",9,3,7.0,False,"13-(5,8)-12,7(3,10)16(2,6)(4,9)(11,15)14,1",11,2,8.5,False,-1,開催7日目でBコース3日目。内ラチ沿いは荒れており、道中から外を通って直線も馬場の中央付近を通った馬がよく伸びていた。そこまで差し有利に働かなかった。
202303020703,3,3歳未勝利,芝,1200,晴,良,11:15,2023-07-22,福島,14,6,11,2020100215,サラサグッドワーク,牡3,56,00641,柴田善臣,1:11.3,3/4,13-13,35.4,15.6,6,508(+6),01190,[東]村田一誠,430031,横井良明,,,,,,,,,,,,"13-(5,8)-12(7,10)(3,16)(2,9,6)15(4,11)-(1,14)",13,2,7.0,False,"13-(5,8)-12,7(3,10)16(2,6)(4,9)(11,15)14,1",13,2,8.5,False,-1,開催7日目でBコース3日目。内ラチ沿いは荒れており、道中から外を通って直線も馬場の中央付近を通った馬がよく伸びていた。そこまで差し有利に働かなかった。
202303020703,3,3歳未勝利,芝,1200,晴,良,11:15,2023-07-22,福島,15,3,6,2020106411,フェルマータ,牡3,56,00733,吉田豊,1:11.9,3.1/2,9-9,36.2,31.7,9,478(+2),01112,[東]田島俊明,258033,野嶋祥二,,,,,,,,,,,,"13-(5,8)-12(7,10)(3,16)(2,9,6)15(4,11)-(1,14)",9,3,7.0,False,"13-(5,8)-12,7(3,10)16(2,6)(4,9)(11,15)14,1",9,2,8.5,False,-1,開催7日目でBコース3日目。内ラチ沿いは荒れており、道中から外を通って直線も馬場の中央付近を通った馬がよく伸びていた。そこまで差し有利に働かなかった。
202303020703,3,3歳未勝利,芝,1200,晴,良,11:15,2023-07-22,福島,16,1,1,2020106151,アステーラス,牝3,51,01203,石田拓郎,1:14.0,大,15-16,37.7,514.5,16,482(+2),01080,[東]清水英克,510033,天堀忠博,,,,,,,,,,,,"13-(5,8)-12(7,10)(3,16)(2,9,6)15(4,11)-(1,14)",15,2,10.5,False,"13-(5,8)-12,7(3,10)16(2,6)(4,9)(11,15)14,1",16,1,10.0,False,-1,開催7日目でBコース3日目。内ラチ沿いは荒れており、道中から外を通って直線も馬場の中央付近を通った馬がよく伸びていた。そこまで差し有利に働かなかった。
202303020704,4,3歳未勝利,ダ,1150,晴,良,11:45,2023-07-22,福島,1,2,3,2020106586,ハクサンアイ,牝3,54,01075,田辺裕信,1:09.2,,4-5,37.4,6.2,4,472(-2),01169,[東]加藤士津,841030,河崎五市,550.0,,,,,,,,,,,"(*1,2,8)(3,12)-13,6-(7,14)9,10,11=5-15=4",4,2,0.0,False,"(*1,8)(2,12)3-6,13,7(10,9)14=(5,11)15=4",5,1,0.0,False,-3,
202303020704,4,3歳未勝利,ダ,1150,晴,良,11:45,2023-07-22,福島,2,5,9,2020100130,エスジースパークル,牝3,52,01184,原優介,1:09.7,3,10-9,36.9,8.7,5,452(-4),01179,[東]鈴木慎太,391803,後藤貞夫,220.0,,,,,,,,,,,"(*1,2,8)(3,12)-13,6-(7,14)9,10,11=5-15=4",10,1,8.5,False,"(*1,8)(2,12)3-6,13,7(10,9)14=(5,11)15=4",9,2,6.5,False,-3,
202303020704,4,3歳未勝利,ダ,1150,晴,良,11:45,2023-07-22,福島,3,1,1,2020103957,レアジーニアス,牝3,54,01179,菅原明良,1:09.7,ハナ,1-1,38.2,5.0,3,452(0),01074,[東]奥平雅士,851009,岡田牧雄,140.0,,,,,,,,,,,"(*1,2,8)(3,12)-13,6-(7,14)9,10,11=5-15=4",1,3,0.0,True,"(*1,8)(2,12)3-6,13,7(10,9)14=(5,11)15=4",1,2,0.0,True,-3,
202303020704,4,3歳未勝利,ダ,1150,晴,良,11:45,2023-07-22,福島,4,4,6,2020101700,テイエムクリエイト,牡3,56,05212,Ｍ．デム,1:09.7,アタマ,7-6,37.5,9.5,6,440(+6),01043,[東]石栗龍彦,356002,竹園正繼,83.0,,,,,,,,,,,"(*1,2,8)(3,12)-13,6-(7,14)9,10,11=5-15=4",7,1,5.0,False,"(*1,8)(2,12)3-6,13,7(10,9)14=(5,11)15=4",6,1,3.5,False,-3,
202303020704,4,3歳未勝利,ダ,1150,晴,良,11:45,2023-07-22,福島,5,7,12,2020101362,モノノフレッド,牡3,56,00422,内田博幸,1:09.7,ハナ,4-3,37.9,4.4,2,480(-2),01174,[東]深山雅史,368803,ウエスト．フォレスト...,55.0,,,,,,,,,,,"(*1,2,8)(3,12)-13,6-(7,14)9,10,11=5-15=4",4,2,0.0,False,"(*1,8)(2,12)3-6,13,7(10,9)14=(5,11)15=4",3,2,0.0,False,-3,
202303020704,4,3歳未勝利,ダ,1150,晴,良,11:45,2023-07-22,福島,6,4,7,2020102060,ストリートジャガー,牡3,56,01092,津村明秀,1:09.8,3/4,8-8,37.3,3.7,1,478(0),01100,[東]松山将樹,265005,吉岡泰治,,,,,,,,,,,,"(*1,2,8)(3,12)-13,6-(7,14)9,10,11=5-15=4",8,2,8.5,False,"(*1,8)(2,12)3-6,13,7(10,9)14=(5,11)15=4",8,1,6.5,False,-3,
202303020704,4,3歳未勝利,ダ,1150,晴,良,11:45,2023-07-22,福島,7,5,8,2020105678,ハッピーミーク,牝3,54,01077,石橋脩,1:10.0,3/4,2-2,38.5,33.1,9,432(0),01103,[東]尾関知人,849030,山口功一郎,,,,,,,,,,,,"(*1,2,8)(3,12)-13,6-(7,14)9,10,11=5-15=4",2,3,0.0,False,"(*1,8)(2,12)3-6,13,7(10,9)14=(5,11)15=4",2,2,0.0,False,-3,
202303020704,4,3歳未勝利,ダ,1150,晴,良,11:45,2023-07-22,福島,8,6,10,2020105366,タカラアーサー,牡3,56,01085,松岡正海,1:10.8,5,11-9,37.8,33.2,10,482(-4),01189,[東]堀内岳志,480007,村山義男,,,,,,,,,,,,"(*1,2,8)(3,12)-13,6-(7,14)9,10,11=5-15=4",11,1,10.0,False,"(*1,8)(2,12)3-6,13,7(10,9)14=(5,11)15=4",9,2,6.5,False,-3,
202303020704,4,3歳未勝利,ダ,1150,晴,良,11:45,2023-07-22,福島,9,8,14,2020101360,ローズミカ,牝3,51,01201,水沼元輝,1:11.1,2,8-11,38.5,36.6,11,420(-8),01109,[東]伊藤大士,609009,冨沢敦子,,,,,,,,,,,,"(*1,2,8)(3,12)-13,6-(7,14)9,10,11=5-15=4",8,2,8.5,False,"(*1,8)(2,12)3-6,13,7(10,9)14=(5,11)15=4",11,1,6.5,False,-3,
202303020704,4,3歳未勝利,ダ,1150,晴,良,11:45,2023-07-22,福島,10,7,13,2020106693,ラルミナ,牝3,52,01164,藤田菜七,1:11.3,1.1/2,6-7,39.2,167.7,12,434(-2),01027,[東]田村康仁,013803,ディアレストクラブ,,,,,,,,,,,,"(*1,2,8)(3,12)-13,6-(7,14)9,10,11=5-15=4",6,1,3.5,False,"(*1,8)(2,12)3-6,13,7(10,9)14=(5,11)15=4",7,1,5.0,False,-3,
202303020704,4,3歳未勝利,ダ,1150,晴,良,11:45,2023-07-22,福島,11,2,2,2020101304,ラブスレンダー,牝3,53,01188,永野猛蔵,1:11.5,1.1/4,2-3,40.0,26.5,8,430(-4),01119,[東]田中剛,291002,増田陽一,,,,,,,,,,,,"(*1,2,8)(3,12)-13,6-(7,14)9,10,11=5-15=4",2,3,0.0,False,"(*1,8)(2,12)3-6,13,7(10,9)14=(5,11)15=4",3,2,0.0,False,-3,
202303020704,4,3歳未勝利,ダ,1150,晴,良,11:45,2023-07-22,福島,12,8,15,2020101409,アシャカドリュー,牡3,56,01161,菊沢一樹,1:11.7,3/4,14-14,37.1,374.4,15,456(+2),01076,[東]小笠倫弘,905033,吉冨学,,,,,,,,,,,,"(*1,2,8)(3,12)-13,6-(7,14)9,10,11=5-15=4",14,1,21.0,False,"(*1,8)(2,12)3-6,13,7(10,9)14=(5,11)15=4",14,1,12.5,False,-3,
202303020704,4,3歳未勝利,ダ,1150,晴,良,11:45,2023-07-22,福島,13,3,5,2020102917,デルマイサミアシ,牝3,54,01151,井上敏樹,1:11.8,1/2,13-12,37.6,292.4,14,498(0),01090,[東]天間昭一,274002,浅沼廣幸,,,,,,,,,,,,"(*1,2,8)(3,12)-13,6-(7,14)9,10,11=5-15=4",13,1,17.5,False,"(*1,8)(2,12)3-6,13,7(10,9)14=(5,11)15=4",12,2,12.5,False,-3,
202303020704,4,3歳未勝利,ダ,1150,晴,良,11:45,2023-07-22,福島,14,3,4,2020104502,ザスターオブチグサ,セ3,52,01206,小林美駒,1:13.5,10,15-15,37.7,230.1,13,400(-46),01010,[東]中野栄治,247030,芳賀克也,,,,,,,,,,,,"(*1,2,8)(3,12)-13,6-(7,14)9,10,11=5-15=4",15,1,27.0,False,"(*1,8)(2,12)3-6,13,7(10,9)14=(5,11)15=4",15,1,18.5,False,-3,
202303020704,4,3歳未勝利,ダ,1150,晴,良,11:45,2023-07-22,福島,15,6,11,2020101860,アールスペック,牡3,56,01162,木幡巧也,1:14.4,5,12-12,41.3,25.0,7,498(-12),01106,[東]牧光二,427030,前原敏行,,,,,,,,,,,,"(*1,2,8)(3,12)-13,6-(7,14)9,10,11=5-15=4",12,1,11.5,False,"(*1,8)(2,12)3-6,13,7(10,9)14=(5,11)15=4",12,2,12.5,False,-3,
202303020705,5,2歳新馬,芝,1800,晴,良,12:35,2023-07-22,福島,1,4,4,2021105625,アレグロブリランテ,牡2,55,05386,戸崎圭太,1:51.2,,4-4-3-1,36.8,2.0,1,446(0),01192,[東]上原佑紀,226800,サンデーレーシング,720.0,"6(7,9)-(4,8)2-(1,3)-5",4,2,3.5,False,"6(7,9)4(2,8)(1,3)5",4,1,0.0,False,"(*7,3)(4,9)5(2,8)6,1",3,2,0.0,False,"(2,*4,7)(8,9,3,5)-1=6",1,3,0.0,True,-1,開催7日目でBコース3日目。内ラチ沿いは荒れており、道中から外を通って直線も馬場の中央付近を通った馬がよく伸びていた。そこまで差し有利に働かなかった。
202303020705,5,2歳新馬,芝,1800,晴,良,12:35,2023-07-22,福島,2,2,2,2021105980,キットハナガサク,牝2,55,01122,三浦皇成,1:51.3,1/2,6-5-6-2,36.7,4.6,2,444(0),01147,[東]武井亮,969031,ＴＮレーシング,290.0,"6(7,9)-(4,8)2-(1,3)-5",6,1,3.5,False,"6(7,9)4(2,8)(1,3)5",5,2,0.0,False,"(*7,3)(4,9)5(2,8)6,1",6,2,0.0,False,"(2,*4,7)(8,9,3,5)-1=6",2,3,0.0,False,-1,開催7日目でBコース3日目。内ラチ沿いは荒れており、道中から外を通って直線も馬場の中央付近を通った馬がよく伸びていた。そこまで差し有利に働かなかった。
202303020705,5,2歳新馬,芝,1800,晴,良,12:35,2023-07-22,福島,3,8,8,2021106965,アルヴィア,牡2,55,01179,菅原明良,1:51.7,2.1/2,4-5-6-4,37.0,43.4,7,464(0),00405,[東]小西一男,842033,小泉修,180.0,"6(7,9)-(4,8)2-(1,3)-5",4,2,3.5,False,"6(7,9)4(2,8)(1,3)5",5,2,0.0,False,"(*7,3)(4,9)5(2,8)6,1",6,2,0.0,False,"(2,*4,7)(8,9,3,5)-1=6",4,4,0.0,False,-1,開催7日目でBコース3日目。内ラチ沿いは荒れており、道中から外を通って直線も馬場の中央付近を通った馬がよく伸びていた。そこまで差し有利に働かなかった。
202303020705,5,2歳新馬,芝,1800,晴,良,12:35,2023-07-22,福島,4,5,5,2021104049,バイデンテソーロ,牡2,55,01009,柴田大知,1:51.8,1/2,9-9-5-4,37.3,16.0,6,466(0),01048,[東]畠山吉宏,089803,了徳寺健二ホールディ...,110.0,"6(7,9)-(4,8)2-(1,3)-5",9,1,10.5,False,"6(7,9)4(2,8)(1,3)5",9,1,0.0,False,"(*7,3)(4,9)5(2,8)6,1",5,1,0.0,False,"(2,*4,7)(8,9,3,5)-1=6",4,4,0.0,False,-1,開催7日目でBコース3日目。内ラチ沿いは荒れており、道中から外を通って直線も馬場の中央付近を通った馬がよく伸びていた。そこまで差し有利に働かなかった。
202303020705,5,2歳新馬,芝,1800,晴,良,12:35,2023-07-22,福島,5,3,3,2021105811,アーマルコライト,牡2,55,01077,石橋脩,1:52.4,4,7-7-2-4,38.2,8.0,4,514(0),01158,[西]寺島良,486800,キャロットファーム,72.0,"6(7,9)-(4,8)2-(1,3)-5",7,2,7.0,False,"6(7,9)4(2,8)(1,3)5",7,2,0.0,False,"(*7,3)(4,9)5(2,8)6,1",2,2,0.0,False,"(2,*4,7)(8,9,3,5)-1=6",4,4,0.0,False,-1,開催7日目でBコース3日目。内ラチ沿いは荒れており、道中から外を通って直線も馬場の中央付近を通った馬がよく伸びていた。そこまで差し有利に働かなかった。
202303020705,5,2歳新馬,芝,1800,晴,良,12:35,2023-07-22,福島,6,8,9,2021106816,マイネルブリックス,牡2,55,05212,Ｍ．デム,1:52.9,3,2-2-3-4,38.5,9.9,5,448(0),01133,[東]黒岩陽一,546800,サラブレッドクラブ・...,,"6(7,9)-(4,8)2-(1,3)-5",2,2,0.0,False,"6(7,9)4(2,8)(1,3)5",2,2,0.0,False,"(*7,3)(4,9)5(2,8)6,1",3,2,0.0,False,"(2,*4,7)(8,9,3,5)-1=6",4,4,0.0,False,-1,開催7日目でBコース3日目。内ラチ沿いは荒れており、道中から外を通って直線も馬場の中央付近を通った馬がよく伸びていた。そこまで差し有利に働かなかった。
202303020705,5,2歳新馬,芝,1800,晴,良,12:35,2023-07-22,福島,7,1,1,2021104060,ノーブルビーチ,牡2,55,01158,野中悠太,1:53.1,3/4,7-7-9-8,38.1,81.2,8,440(0),01052,[東]菊川正達,755030,吉木伸彦,,"6(7,9)-(4,8)2-(1,3)-5",7,2,7.0,False,"6(7,9)4(2,8)(1,3)5",7,2,0.0,False,"(*7,3)(4,9)5(2,8)6,1",9,1,1.5,False,"(2,*4,7)(8,9,3,5)-1=6",8,1,3.5,False,-1,開催7日目でBコース3日目。内ラチ沿いは荒れており、道中から外を通って直線も馬場の中央付近を通った馬がよく伸びていた。そこまで差し有利に働かなかった。
202303020705,5,2歳新馬,芝,1800,晴,良,12:35,2023-07-22,福島,8,7,7,2021104007,エーオークイーン,牝2,55,00733,吉田豊,1:53.4,2,2-2-1-2,39.2,7.1,3,484(0),01067,[東]久保田貴,383803,ネクストトライ,,"6(7,9)-(4,8)2-(1,3)-5",2,2,0.0,False,"6(7,9)4(2,8)(1,3)5",2,2,0.0,False,"(*7,3)(4,9)5(2,8)6,1",1,2,0.0,True,"(2,*4,7)(8,9,3,5)-1=6",2,3,0.0,False,-1,開催7日目でBコース3日目。内ラチ沿いは荒れており、道中から外を通って直線も馬場の中央付近を通った馬がよく伸びていた。そこまで差し有利に働かなかった。
202303020705,5,2歳新馬,芝,1800,晴,良,12:35,2023-07-22,福島,9,6,6,2021106722,マーゴットファブ,牡2,55,01150,石川裕紀,1:59.3,大,1-1-8-9,44.5,86.3,9,518(0),01177,[東]伊坂重信,900031,前田良平,,"6(7,9)-(4,8)2-(1,3)-5",1,1,0.0,False,"6(7,9)4(2,8)(1,3)5",1,1,0.0,False,"(*7,3)(4,9)5(2,8)6,1",8,1,0.0,False,"(2,*4,7)(8,9,3,5)-1=6",9,1,9.5,False,-1,開催7日目でBコース3日目。内ラチ沿いは荒れており、道中から外を通って直線も馬場の中央付近を通った馬がよく伸びていた。そこまで差し有利に働かなかった。
202303020706,6,2歳新馬,芝,1200,晴,良,13:05,2023-07-22,福島,1,3,3,2021104894,セントメモリーズ,牝2,55,01150,石川裕紀,1:10.8,,5-5,34.9,2.2,1,470(0),01086,[東]斎藤誠,486800,キャロットファーム,720.0,,,,,,,,,,,"(*4,6)-(2,5)(1,3,7)-8-(9,12)=10   11",5,3,3.5,False,"(*4,6)(2,5)(3,7)8,1-9,12=10   11",5,2,0.0,False,-1,開催7日目でBコース3日目。内ラチ沿いは荒れており、道中から外を通って直線も馬場の中央付近を通った馬がよく伸びていた。そこまで差し有利に働かなかった。
202303020706,6,2歳新馬,芝,1200,晴,良,13:05,2023-07-22,福島,2,2,2,2021101394,モンレーヴ,牝2,55,05212,Ｍ．デム,1:10.9,1,3-3,35.2,7.1,3,458(0),01132,[東]金成貴史,443007,細谷典幸,290.0,,,,,,,,,,,"(*4,6)-(2,5)(1,3,7)-8-(9,12)=10   11",3,2,3.5,False,"(*4,6)(2,5)(3,7)8,1-9,12=10   11",3,2,0.0,False,-1,開催7日目でBコース3日目。内ラチ沿いは荒れており、道中から外を通って直線も馬場の中央付近を通った馬がよく伸びていた。そこまで差し有利に働かなかった。
202303020706,6,2歳新馬,芝,1200,晴,良,13:05,2023-07-22,福島,3,4,4,2021104096,ミッキージャスミン,牝2,55,05386,戸崎圭太,1:11.0,クビ,1-1,35.7,3.1,2,444(0),01002,[西]音無秀孝,441007,野田みづき,180.0,,,,,,,,,,,"(*4,6)-(2,5)(1,3,7)-8-(9,12)=10   11",1,2,0.0,True,"(*4,6)(2,5)(3,7)8,1-9,12=10   11",1,2,0.0,True,-1,開催7日目でBコース3日目。内ラチ沿いは荒れており、道中から外を通って直線も馬場の中央付近を通った馬がよく伸びていた。そこまで差し有利に働かなかった。
202303020706,6,2歳新馬,芝,1200,晴,良,13:05,2023-07-22,福島,4,6,8,2021100287,ミルミル,牝2,55,01135,杉原誠人,1:11.5,3.1/2,8-7,35.1,10.7,5,398(0),00420,[東]宗像義忠,629800,ミルファーム,110.0,,,,,,,,,,,"(*4,6)-(2,5)(1,3,7)-8-(9,12)=10   11",8,1,7.0,False,"(*4,6)(2,5)(3,7)8,1-9,12=10   11",7,1,0.0,False,-1,開催7日目でBコース3日目。内ラチ沿いは荒れており、道中から外を通って直線も馬場の中央付近を通った馬がよく伸びていた。そこまで差し有利に働かなかった。
202303020706,6,2歳新馬,芝,1200,晴,良,13:05,2023-07-22,福島,5,5,5,2021102030,キタノジョンヌ,牝2,55,01009,柴田大知,1:11.6,1/2,3-3,35.9,35.0,6,448(0),01096,[東]粕谷昌央,163002,北所直人,72.0,,,,,,,,,,,"(*4,6)-(2,5)(1,3,7)-8-(9,12)=10   11",3,2,3.5,False,"(*4,6)(2,5)(3,7)8,1-9,12=10   11",3,2,0.0,False,-1,開催7日目でBコース3日目。内ラチ沿いは荒れており、道中から外を通って直線も馬場の中央付近を通った馬がよく伸びていた。そこまで差し有利に働かなかった。
202303020706,6,2歳新馬,芝,1200,晴,良,13:05,2023-07-22,福島,6,5,6,2021102518,ペイシャローズ,牝2,55,00689,江田照男,1:12.3,4,2-2,36.9,10.7,4,478(0),01024,[東]萱野浩二,163002,北所直人,,,,,,,,,,,,"(*4,6)-(2,5)(1,3,7)-8-(9,12)=10   11",2,2,0.0,False,"(*4,6)(2,5)(3,7)8,1-9,12=10   11",2,2,0.0,False,-1,開催7日目でBコース3日目。内ラチ沿いは荒れており、道中から外を通って直線も馬場の中央付近を通った馬がよく伸びていた。そこまで差し有利に働かなかった。
202303020706,6,2歳新馬,芝,1200,晴,良,13:05,2023-07-22,福島,7,7,9,2021105336,トーアナタリー,牝2,55,01161,菊沢一樹,1:12.9,3.1/2,9-9,35.9,111.0,10,464(0),01047,[東]勢司和浩,784800,高山ランド,,,,,,,,,,,,"(*4,6)-(2,5)(1,3,7)-8-(9,12)=10   11",9,2,10.5,False,"(*4,6)(2,5)(3,7)8,1-9,12=10   11",9,1,5.0,False,-1,開催7日目でBコース3日目。内ラチ沿いは荒れており、道中から外を通って直線も馬場の中央付近を通った馬がよく伸びていた。そこまで差し有利に働かなかった。
202303020706,6,2歳新馬,芝,1200,晴,良,13:05,2023-07-22,福島,8,6,7,2021104002,ドリームチェイサー,牝2,55,01134,嶋田純次,1:13.1,1.1/2,5-5,37.3,128.5,11,440(0),01031,[東]伊藤伸一,609009,冨沢敦子,,,,,,,,,,,,"(*4,6)-(2,5)(1,3,7)-8-(9,12)=10   11",5,3,3.5,False,"(*4,6)(2,5)(3,7)8,1-9,12=10   11",5,2,0.0,False,-1,開催7日目でBコース3日目。内ラチ沿いは荒れており、道中から外を通って直線も馬場の中央付近を通った馬がよく伸びていた。そこまで差し有利に働かなかった。
202303020706,6,2歳新馬,芝,1200,晴,良,13:05,2023-07-22,福島,9,8,12,2021100016,ポリトナリティー,牝2,55,01162,木幡巧也,1:13.2,クビ,9-10,36.2,56.5,8,414(0),01143,[東]和田雄二,851009,岡田牧雄,,,,,,,,,,,,"(*4,6)-(2,5)(1,3,7)-8-(9,12)=10   11",9,2,10.5,False,"(*4,6)(2,5)(3,7)8,1-9,12=10   11",10,1,6.5,False,-1,開催7日目でBコース3日目。内ラチ沿いは荒れており、道中から外を通って直線も馬場の中央付近を通った馬がよく伸びていた。そこまで差し有利に働かなかった。
202303020706,6,2歳新馬,芝,1200,晴,良,13:05,2023-07-22,福島,10,1,1,2021106451,クインズシリウス,牝2,55,01158,野中悠太,1:13.3,1/2,5-8,37.4,67.2,9,414(0),01150,[東]池上昌和,331803,ケイアイスタリオン,,,,,,,,,,,,"(*4,6)-(2,5)(1,3,7)-8-(9,12)=10   11",5,3,3.5,False,"(*4,6)(2,5)(3,7)8,1-9,12=10   11",8,1,1.5,False,-1,開催7日目でBコース3日目。内ラチ沿いは荒れており、道中から外を通って直線も馬場の中央付近を通った馬がよく伸びていた。そこまで差し有利に働かなかった。
202303020706,6,2歳新馬,芝,1200,晴,良,13:05,2023-07-22,福島,11,7,10,2021102750,ブルーアース,牝2,52,01201,水沼元輝,1:30.7,大,11-11,51.9,35.8,7,440(0),01114,[東]和田正一,911800,スピードファーム,,,,,,,,,,,,"(*4,6)-(2,5)(1,3,7)-8-(9,12)=10   11",11,1,16.5,False,"(*4,6)(2,5)(3,7)8,1-9,12=10   11",11,1,12.5,False,-1,開催7日目でBコース3日目。内ラチ沿いは荒れており、道中から外を通って直線も馬場の中央付近を通った馬がよく伸びていた。そこまで差し有利に働かなかった。
202303020706,6,2歳新馬,芝,1200,晴,良,13:05,2023-07-22,福島,取,8,11,2021100272,ミッレマンドルリ,牝2,53,01164,藤田菜七,,,,,---,,計不,01114,[東]和田正一,911800,スピードファーム,,,,,,,,,,,,"(*4,6)-(2,5)(1,3,7)-8-(9,12)=10   11",12,1,22.5,False,"(*4,6)(2,5)(3,7)8,1-9,12=10   11",12,1,18.5,False,-1,開催7日目でBコース3日目。内ラチ沿いは荒れており、道中から外を通って直線も馬場の中央付近を通った馬がよく伸びていた。そこまで差し有利に働かなかった。
202303020707,7,3歳未勝利,芝,2000,晴,良,13:35,2023-07-22,福島,1,2,3,2020105205,ウインネモフィラ,牝3,54,01085,松岡正海,2:02.5,,11-12-11-10,36.2,23.6,9,416(-2),01074,[東]奥平雅士,494800,ウイン,550.0,"13,12,4(9,15)(8,16)(2,11)14(3,10)-(1,5)6,7",11,2,3.0,False,"13(4,12)(9,15)(8,11)16-(2,14)10(3,1)-5,6,7",12,2,3.5,False,"(*13,12,15)(4,9,11)8(14,1)16(2,10,3)(6,5)-7",11,3,0.0,False,"(*13,12)(4,15,11)9(8,14,1)3(10,5)6,2,7,16",10,1,0.0,False,-1,開催7日目でBコース3日目。内ラチ沿いは荒れており、道中から外を通って直線も馬場の中央付近を通った馬がよく伸びていた。そこまで差し有利に働かなかった。
202303020707,7,3歳未勝利,芝,2000,晴,良,13:35,2023-07-22,福島,2,6,11,2020102191,グランツグリーン,牡3,55,01188,永野猛蔵,2:02.5,アタマ,8-6-4-3,36.8,7.7,4,408(-10),01020,[東]相沢郁,295007,斎藤光政,220.0,"13,12,4(9,15)(8,16)(2,11)14(3,10)-(1,5)6,7",8,2,3.0,False,"13(4,12)(9,15)(8,11)16-(2,14)10(3,1)-5,6,7",6,2,0.0,False,"(*13,12,15)(4,9,11)8(14,1)16(2,10,3)(6,5)-7",4,3,0.0,False,"(*13,12)(4,15,11)9(8,14,1)3(10,5)6,2,7,16",3,3,0.0,False,-1,開催7日目でBコース3日目。内ラチ沿いは荒れており、道中から外を通って直線も馬場の中央付近を通った馬がよく伸びていた。そこまで差し有利に働かなかった。
202303020707,7,3歳未勝利,芝,2000,晴,良,13:35,2023-07-22,福島,3,6,12,2020105618,オブリクア,牝3,54,05386,戸崎圭太,2:02.6,3/4,2-2-2-2,37.1,7.3,3,460(+6),01017,[東]萩原清,788800,ノースヒルズ,140.0,"13,12,4(9,15)(8,16)(2,11)14(3,10)-(1,5)6,7",2,1,1.5,False,"13(4,12)(9,15)(8,11)16-(2,14)10(3,1)-5,6,7",2,2,0.0,False,"(*13,12,15)(4,9,11)8(14,1)16(2,10,3)(6,5)-7",2,3,0.0,False,"(*13,12)(4,15,11)9(8,14,1)3(10,5)6,2,7,16",2,2,0.0,False,-1,開催7日目でBコース3日目。内ラチ沿いは荒れており、道中から外を通って直線も馬場の中央付近を通った馬がよく伸びていた。そこまで差し有利に働かなかった。
202303020707,7,3歳未勝利,芝,2000,晴,良,13:35,2023-07-22,福島,4,7,13,2020110082,エアグリフォン,牡3,56,01179,菅原明良,2:02.8,1.1/4,1-1-1-1,37.3,14.7,6,538(0),01102,[東]大竹正博,084800,ラッキーフィールド,83.0,"13,12,4(9,15)(8,16)(2,11)14(3,10)-(1,5)6,7",1,1,0.0,False,"13(4,12)(9,15)(8,11)16-(2,14)10(3,1)-5,6,7",1,1,0.0,False,"(*13,12,15)(4,9,11)8(14,1)16(2,10,3)(6,5)-7",1,3,0.0,True,"(*13,12)(4,15,11)9(8,14,1)3(10,5)6,2,7,16",1,2,0.0,True,-1,開催7日目でBコース3日目。内ラチ沿いは荒れており、道中から外を通って直線も馬場の中央付近を通った馬がよく伸びていた。そこまで差し有利に働かなかった。
202303020707,7,3歳未勝利,芝,2000,晴,良,13:35,2023-07-22,福島,5,4,8,2020106767,ウェンス,牡3,54,01164,藤田菜七,2:02.9,クビ,6-6-7-7,36.9,190.6,13,430(-2),01008,[東]杉浦宏昭,510008,山岸桂市,55.0,"13,12,4(9,15)(8,16)(2,11)14(3,10)-(1,5)6,7",6,2,3.0,False,"13(4,12)(9,15)(8,11)16-(2,14)10(3,1)-5,6,7",6,2,0.0,False,"(*13,12,15)(4,9,11)8(14,1)16(2,10,3)(6,5)-7",7,1,0.0,False,"(*13,12)(4,15,11)9(8,14,1)3(10,5)6,2,7,16",7,3,0.0,False,-1,開催7日目でBコース3日目。内ラチ沿いは荒れており、道中から外を通って直線も馬場の中央付近を通った馬がよく伸びていた。そこまで差し有利に働かなかった。
202303020707,7,3歳未勝利,芝,2000,晴,良,13:35,2023-07-22,福島,6,3,5,2020101358,キラメクホシ,牡3,56,05212,Ｍ．デム,2:03.0,1/2,13-14-14-11,36.5,4.5,2,442(0),01109,[東]伊藤大士,629800,ミルファーム,,"13,12,4(9,15)(8,16)(2,11)14(3,10)-(1,5)6,7",13,2,6.5,False,"13(4,12)(9,15)(8,11)16-(2,14)10(3,1)-5,6,7",14,1,7.0,False,"(*13,12,15)(4,9,11)8(14,1)16(2,10,3)(6,5)-7",14,2,0.0,False,"(*13,12)(4,15,11)9(8,14,1)3(10,5)6,2,7,16",11,2,0.0,False,-1,開催7日目でBコース3日目。内ラチ沿いは荒れており、道中から外を通って直線も馬場の中央付近を通った馬がよく伸びていた。そこまで差し有利に働かなかった。
202303020707,7,3歳未勝利,芝,2000,晴,良,13:35,2023-07-22,福島,7,1,1,2020104829,オールアイズオン,牡3,56,00641,柴田善臣,2:03.0,クビ,13-12-8-7,36.9,2.7,1,482(-2),01191,[東]蛯名正義,685030,和泉憲一,,"13,12,4(9,15)(8,16)(2,11)14(3,10)-(1,5)6,7",13,2,6.5,False,"13(4,12)(9,15)(8,11)16-(2,14)10(3,1)-5,6,7",12,2,3.5,False,"(*13,12,15)(4,9,11)8(14,1)16(2,10,3)(6,5)-7",8,2,0.0,False,"(*13,12)(4,15,11)9(8,14,1)3(10,5)6,2,7,16",7,3,0.0,False,-1,開催7日目でBコース3日目。内ラチ沿いは荒れており、道中から外を通って直線も馬場の中央付近を通った馬がよく伸びていた。そこまで差し有利に働かなかった。
202303020707,7,3歳未勝利,芝,2000,晴,良,13:35,2023-07-22,福島,8,7,14,2020105611,ピーターサイト,牡3,56,00689,江田照男,2:03.2,1.1/4,10-9-8-7,37.1,64.8,11,468(-4),01190,[東]村田一誠,788800,ノースヒルズ,,"13,12,4(9,15)(8,16)(2,11)14(3,10)-(1,5)6,7",10,1,3.0,False,"13(4,12)(9,15)(8,11)16-(2,14)10(3,1)-5,6,7",9,2,3.5,False,"(*13,12,15)(4,9,11)8(14,1)16(2,10,3)(6,5)-7",8,2,0.0,False,"(*13,12)(4,15,11)9(8,14,1)3(10,5)6,2,7,16",7,3,0.0,False,-1,開催7日目でBコース3日目。内ラチ沿いは荒れており、道中から外を通って直線も馬場の中央付近を通った馬がよく伸びていた。そこまで差し有利に働かなかった。
202303020707,7,3歳未勝利,芝,2000,晴,良,13:35,2023-07-22,福島,9,8,15,2020106858,ライコウノヒカリ,牡3,56,01162,木幡巧也,2:03.3,1/2,4-4-2-3,37.7,90.1,12,426(+2),01052,[東]菊川正達,960030,玉腰勇吉,,"13,12,4(9,15)(8,16)(2,11)14(3,10)-(1,5)6,7",4,2,3.0,False,"13(4,12)(9,15)(8,11)16-(2,14)10(3,1)-5,6,7",4,2,0.0,False,"(*13,12,15)(4,9,11)8(14,1)16(2,10,3)(6,5)-7",2,3,0.0,False,"(*13,12)(4,15,11)9(8,14,1)3(10,5)6,2,7,16",3,3,0.0,False,-1,開催7日目でBコース3日目。内ラチ沿いは荒れており、道中から外を通って直線も馬場の中央付近を通った馬がよく伸びていた。そこまで差し有利に働かなかった。
202303020707,7,3歳未勝利,芝,2000,晴,良,13:35,2023-07-22,福島,10,2,4,2020102754,アンナジーク,牝3,54,01096,大野拓弥,2:03.5,1.1/4,3-2-4-3,37.8,15.9,7,390(0),01153,[東]中舘英二,148800,グリーンファーム,,"13,12,4(9,15)(8,16)(2,11)14(3,10)-(1,5)6,7",3,1,3.0,False,"13(4,12)(9,15)(8,11)16-(2,14)10(3,1)-5,6,7",2,2,0.0,False,"(*13,12,15)(4,9,11)8(14,1)16(2,10,3)(6,5)-7",4,3,0.0,False,"(*13,12)(4,15,11)9(8,14,1)3(10,5)6,2,7,16",3,3,0.0,False,-1,開催7日目でBコース3日目。内ラチ沿いは荒れており、道中から外を通って直線も馬場の中央付近を通った馬がよく伸びていた。そこまで差し有利に働かなかった。
202303020707,7,3歳未勝利,芝,2000,晴,良,13:35,2023-07-22,福島,11,5,10,2020101206,ワイワイキュート,牝3,54,01161,菊沢一樹,2:03.9,2,11-11-11-11,37.6,8.7,5,440(0),01051,[東]岩戸孝樹,731033,山田泰司,,"13,12,4(9,15)(8,16)(2,11)14(3,10)-(1,5)6,7",11,2,3.0,False,"13(4,12)(9,15)(8,11)16-(2,14)10(3,1)-5,6,7",11,1,3.5,False,"(*13,12,15)(4,9,11)8(14,1)16(2,10,3)(6,5)-7",11,3,0.0,False,"(*13,12)(4,15,11)9(8,14,1)3(10,5)6,2,7,16",11,2,0.0,False,-1,開催7日目でBコース3日目。内ラチ沿いは荒れており、道中から外を通って直線も馬場の中央付近を通った馬がよく伸びていた。そこまで差し有利に働かなかった。
202303020707,7,3歳未勝利,芝,2000,晴,良,13:35,2023-07-22,福島,12,1,2,2020103160,ケイツークローン,セ3,52,01206,小林美駒,2:03.9,ハナ,8-9-11-14,37.5,388.3,15,466(-2),01080,[東]清水英克,103006,楠本勝美,,"13,12,4(9,15)(8,16)(2,11)14(3,10)-(1,5)6,7",8,2,3.0,False,"13(4,12)(9,15)(8,11)16-(2,14)10(3,1)-5,6,7",9,2,3.5,False,"(*13,12,15)(4,9,11)8(14,1)16(2,10,3)(6,5)-7",11,3,0.0,False,"(*13,12)(4,15,11)9(8,14,1)3(10,5)6,2,7,16",14,1,1.5,False,-1,開催7日目でBコース3日目。内ラチ沿いは荒れており、道中から外を通って直線も馬場の中央付近を通った馬がよく伸びていた。そこまで差し有利に働かなかった。
202303020707,7,3歳未勝利,芝,2000,晴,良,13:35,2023-07-22,福島,13,5,9,2020106681,ドゥフタハ,牡3,56,01117,丸田恭介,2:04.4,3,4-4-4-6,38.7,34.1,10,518(-4),01145,[東]奥村武,850030,熊谷貴之,,"13,12,4(9,15)(8,16)(2,11)14(3,10)-(1,5)6,7",4,2,3.0,False,"13(4,12)(9,15)(8,11)16-(2,14)10(3,1)-5,6,7",4,2,0.0,False,"(*13,12,15)(4,9,11)8(14,1)16(2,10,3)(6,5)-7",4,3,0.0,False,"(*13,12)(4,15,11)9(8,14,1)3(10,5)6,2,7,16",6,1,0.0,False,-1,開催7日目でBコース3日目。内ラチ沿いは荒れており、道中から外を通って直線も馬場の中央付近を通った馬がよく伸びていた。そこまで差し有利に働かなかった。
202303020707,7,3歳未勝利,芝,2000,晴,良,13:35,2023-07-22,福島,14,4,7,2020105776,マイネルツァーリ,牡3,56,01009,柴田大知,2:04.4,クビ,16-16-16-15,37.3,248.4,14,488(+2),01094,[東]水野貴広,546800,サラブレッドクラブ・...,,"13,12,4(9,15)(8,16)(2,11)14(3,10)-(1,5)6,7",16,1,8.0,False,"13(4,12)(9,15)(8,11)16-(2,14)10(3,1)-5,6,7",16,1,10.0,False,"(*13,12,15)(4,9,11)8(14,1)16(2,10,3)(6,5)-7",16,1,3.5,False,"(*13,12)(4,15,11)9(8,14,1)3(10,5)6,2,7,16",15,1,3.0,False,-1,開催7日目でBコース3日目。内ラチ沿いは荒れており、道中から外を通って直線も馬場の中央付近を通った馬がよく伸びていた。そこまで差し有利に働かなかった。
202303020707,7,3歳未勝利,芝,2000,晴,良,13:35,2023-07-22,福島,15,3,6,2020102554,グランリュー,牡3,56,01122,三浦皇成,2:04.7,2,15-15-14-13,38.1,23.2,8,524(0),01070,[東]堀宣行,808800,Ｇ１レーシング,,"13,12,4(9,15)(8,16)(2,11)14(3,10)-(1,5)6,7",15,1,6.5,False,"13(4,12)(9,15)(8,11)16-(2,14)10(3,1)-5,6,7",15,1,8.5,False,"(*13,12,15)(4,9,11)8(14,1)16(2,10,3)(6,5)-7",14,2,0.0,False,"(*13,12)(4,15,11)9(8,14,1)3(10,5)6,2,7,16",13,1,0.0,False,-1,開催7日目でBコース3日目。内ラチ沿いは荒れており、道中から外を通って直線も馬場の中央付近を通った馬がよく伸びていた。そこまで差し有利に働かなかった。
202303020707,7,3歳未勝利,芝,2000,晴,良,13:35,2023-07-22,福島,16,8,16,2020100505,ラッキータリスマン,牡3,56,01118,宮崎北斗,2:05.5,5,6-8-10-16,39.3,423.9,16,480(-2),01081,[東]中川公成,851009,岡田牧雄,,"13,12,4(9,15)(8,16)(2,11)14(3,10)-(1,5)6,7",6,2,3.0,False,"13(4,12)(9,15)(8,11)16-(2,14)10(3,1)-5,6,7",8,1,0.0,False,"(*13,12,15)(4,9,11)8(14,1)16(2,10,3)(6,5)-7",10,1,0.0,False,"(*13,12)(4,15,11)9(8,14,1)3(10,5)6,2,7,16",16,1,4.5,False,-1,開催7日目でBコース3日目。内ラチ沿いは荒れており、道中から外を通って直線も馬場の中央付近を通った馬がよく伸びていた。そこまで差し有利に働かなかった。
202303020708,8,3歳以上1勝クラス,ダ,1700,晴,良,14:05,2023-07-22,福島,1,3,5,2020100583,レイズカイザー,牡3,55,01075,田辺裕信,1:46.2,,1-1-1-1,38.4,5.5,3,518(0),01027,[東]田村康仁,652031,吉井盛治,800.0,"(*5,10,15)(1,6,11,14)-8(3,13)7,4(2,9)12",1,3,0.0,True,"(*5,10,15)-(1,6,11)14(3,8)(7,13)4,2,9,12",1,3,0.0,True,"5(10,15)6(14,11)(1,8,13,4)(3,7,2,9)12",1,1,0.0,False,"5(10,15)(6,14)13(1,4)(3,8)2(7,9)(12,11)",1,1,0.0,False,-3,
202303020708,8,3歳以上1勝クラス,ダ,1700,晴,良,14:05,2023-07-22,福島,2,8,15,2020103148,ショウナンライシン,牡3,55,01179,菅原明良,1:46.6,2.1/2,2-2-2-2,38.7,1.8,1,500(-2),01102,[東]大竹正博,331002,国本哲秀,320.0,"(*5,10,15)(1,6,11,14)-8(3,13)7,4(2,9)12",2,3,0.0,False,"(*5,10,15)-(1,6,11)14(3,8)(7,13)4,2,9,12",2,3,0.0,False,"5(10,15)6(14,11)(1,8,13,4)(3,7,2,9)12",2,2,0.0,False,"5(10,15)(6,14)13(1,4)(3,8)2(7,9)(12,11)",2,2,0.0,False,-3,
202303020708,8,3歳以上1勝クラス,ダ,1700,晴,良,14:05,2023-07-22,福島,3,2,3,2019103542,マイネルシトラス,牡4,56,01184,原優介,1:47.2,3.1/2,9-8-11-9,38.4,112.8,13,522(-8),01089,[東]武市康男,546800,サラブレッドクラブ・...,200.0,"(*5,10,15)(1,6,11,14)-8(3,13)7,4(2,9)12",9,2,3.5,False,"(*5,10,15)-(1,6,11)14(3,8)(7,13)4,2,9,12",8,2,3.5,False,"5(10,15)6(14,11)(1,8,13,4)(3,7,2,9)12",11,4,0.0,False,"5(10,15)(6,14)13(1,4)(3,8)2(7,9)(12,11)",9,2,0.0,False,-3,
202303020708,8,3歳以上1勝クラス,ダ,1700,晴,良,14:05,2023-07-22,福島,4,4,6,2019102676,リゼレインボー,牡4,58,01077,石橋脩,1:47.2,クビ,4-4-4-4,39.1,75.4,10,486(0),01100,[東]松山将樹,661030,飯田訓大,120.0,"(*5,10,15)(1,6,11,14)-8(3,13)7,4(2,9)12",4,4,0.0,False,"(*5,10,15)-(1,6,11)14(3,8)(7,13)4,2,9,12",4,3,3.5,False,"5(10,15)6(14,11)(1,8,13,4)(3,7,2,9)12",4,1,0.0,False,"5(10,15)(6,14)13(1,4)(3,8)2(7,9)(12,11)",4,2,0.0,False,-3,
202303020708,8,3歳以上1勝クラス,ダ,1700,晴,良,14:05,2023-07-22,福島,5,7,13,2020102641,ペンティメント,牡3,55,05386,戸崎圭太,1:47.5,1.3/4,9-10-7-6,39.0,6.4,4,516(+10),01195,[東]嘉藤貴行,138007,吉田和美,80.0,"(*5,10,15)(1,6,11,14)-8(3,13)7,4(2,9)12",9,2,3.5,False,"(*5,10,15)-(1,6,11)14(3,8)(7,13)4,2,9,12",10,2,3.5,False,"5(10,15)6(14,11)(1,8,13,4)(3,7,2,9)12",7,4,0.0,False,"5(10,15)(6,14)13(1,4)(3,8)2(7,9)(12,11)",6,1,0.0,False,-3,
202303020708,8,3歳以上1勝クラス,ダ,1700,晴,良,14:05,2023-07-22,福島,6,2,2,2020101008,キープブライトン,牡3,53,01164,藤田菜七,1:47.5,アタマ,13-13-11-11,38.6,32.6,6,462(+4),01127,[東]栗田徹,440030,高嶋航,,"(*5,10,15)(1,6,11,14)-8(3,13)7,4(2,9)12",13,2,5.0,False,"(*5,10,15)-(1,6,11)14(3,8)(7,13)4,2,9,12",13,1,5.0,False,"5(10,15)6(14,11)(1,8,13,4)(3,7,2,9)12",11,4,0.0,False,"5(10,15)(6,14)13(1,4)(3,8)2(7,9)(12,11)",11,1,0.0,False,-3,
202303020708,8,3歳以上1勝クラス,ダ,1700,晴,良,14:05,2023-07-22,福島,7,1,1,2020100818,マーブルマカロン,牝3,50,01206,小林美駒,1:47.5,クビ,4-4-7-7,38.9,44.1,9,414(+4),01163,[東]林徹,398030,保坂和孝,,"(*5,10,15)(1,6,11,14)-8(3,13)7,4(2,9)12",4,4,0.0,False,"(*5,10,15)-(1,6,11)14(3,8)(7,13)4,2,9,12",4,3,3.5,False,"5(10,15)6(14,11)(1,8,13,4)(3,7,2,9)12",7,4,0.0,False,"5(10,15)(6,14)13(1,4)(3,8)2(7,9)(12,11)",7,2,0.0,False,-3,
202303020708,8,3歳以上1勝クラス,ダ,1700,晴,良,14:05,2023-07-22,福島,8,8,14,2020101655,マンダリンボレロ,牡3,55,01085,松岡正海,1:47.9,2,4-7-5-4,39.6,27.7,5,476(-20),01031,[東]伊藤伸一,855030,田頭勇貴,,"(*5,10,15)(1,6,11,14)-8(3,13)7,4(2,9)12",4,4,0.0,False,"(*5,10,15)-(1,6,11)14(3,8)(7,13)4,2,9,12",7,1,3.5,False,"5(10,15)6(14,11)(1,8,13,4)(3,7,2,9)12",5,2,0.0,False,"5(10,15)(6,14)13(1,4)(3,8)2(7,9)(12,11)",4,2,0.0,False,-3,
202303020708,8,3歳以上1勝クラス,ダ,1700,晴,良,14:05,2023-07-22,福島,9,3,4,2019102376,オリ,牡4,58,00689,江田照男,1:48.1,1,12-12-7-7,39.6,39.5,8,482(-2),01074,[東]奥平雅士,032800,ローレルレーシング,,"(*5,10,15)(1,6,11,14)-8(3,13)7,4(2,9)12",12,1,5.0,False,"(*5,10,15)-(1,6,11)14(3,8)(7,13)4,2,9,12",12,1,3.5,False,"5(10,15)6(14,11)(1,8,13,4)(3,7,2,9)12",7,4,0.0,False,"5(10,15)(6,14)13(1,4)(3,8)2(7,9)(12,11)",7,2,0.0,False,-3,
202303020708,8,3歳以上1勝クラス,ダ,1700,晴,良,14:05,2023-07-22,福島,10,4,7,2020103503,クロスライセンス,牡3,55,01150,石川裕紀,1:48.6,3,11-10-11-12,39.8,95.9,12,438(-10),01097,[東]鹿戸雄一,226800,サンデーレーシング,,"(*5,10,15)(1,6,11,14)-8(3,13)7,4(2,9)12",11,1,3.5,False,"(*5,10,15)-(1,6,11)14(3,8)(7,13)4,2,9,12",10,2,3.5,False,"5(10,15)6(14,11)(1,8,13,4)(3,7,2,9)12",11,4,0.0,False,"5(10,15)(6,14)13(1,4)(3,8)2(7,9)(12,11)",12,2,0.0,False,-3,
202303020708,8,3歳以上1勝クラス,ダ,1700,晴,良,14:05,2023-07-22,福島,11,6,10,2020107103,ターンソウル,牡3,55,01118,宮崎北斗,1:48.6,クビ,2-2-2-2,40.7,268.3,14,480(+2),01179,[東]鈴木慎太,055700,グリーンスウォード,,"(*5,10,15)(1,6,11,14)-8(3,13)7,4(2,9)12",2,3,0.0,False,"(*5,10,15)-(1,6,11)14(3,8)(7,13)4,2,9,12",2,3,0.0,False,"5(10,15)6(14,11)(1,8,13,4)(3,7,2,9)12",2,2,0.0,False,"5(10,15)(6,14)13(1,4)(3,8)2(7,9)(12,11)",2,2,0.0,False,-3,
202303020708,8,3歳以上1勝クラス,ダ,1700,晴,良,14:05,2023-07-22,福島,12,7,12,2020103705,レッドロスタム,牡3,55,01122,三浦皇成,1:48.7,1/2,15-15-15-14,39.6,34.2,7,506(+16),00399,[東]国枝栄,180800,東京ホースレーシング,,"(*5,10,15)(1,6,11,14)-8(3,13)7,4(2,9)12",15,1,5.0,False,"(*5,10,15)-(1,6,11)14(3,8)(7,13)4,2,9,12",15,1,8.0,False,"5(10,15)6(14,11)(1,8,13,4)(3,7,2,9)12",15,1,0.0,False,"5(10,15)(6,14)13(1,4)(3,8)2(7,9)(12,11)",14,2,0.0,False,-3,
202303020708,8,3歳以上1勝クラス,ダ,1700,晴,良,14:05,2023-07-22,福島,13,5,9,2020102796,ミラーオブマインド,牡3,55,01096,大野拓弥,1:48.8,1/2,13-14-11-12,39.9,5.2,2,480(-4),01116,[東]新開幸一,415800,社台レースホース,,"(*5,10,15)(1,6,11,14)-8(3,13)7,4(2,9)12",13,2,5.0,False,"(*5,10,15)-(1,6,11)14(3,8)(7,13)4,2,9,12",14,1,6.5,False,"5(10,15)6(14,11)(1,8,13,4)(3,7,2,9)12",11,4,0.0,False,"5(10,15)(6,14)13(1,4)(3,8)2(7,9)(12,11)",12,2,0.0,False,-3,
202303020708,8,3歳以上1勝クラス,ダ,1700,晴,良,14:05,2023-07-22,福島,14,5,8,2020104132,スーパーリベロ,セ3,54,01188,永野猛蔵,1:49.7,5,8-8-7-9,41.1,76.3,11,456(+6),01023,[東]伊藤圭三,530033,星野隆男,,"(*5,10,15)(1,6,11,14)-8(3,13)7,4(2,9)12",8,1,3.5,False,"(*5,10,15)-(1,6,11)14(3,8)(7,13)4,2,9,12",8,2,3.5,False,"5(10,15)6(14,11)(1,8,13,4)(3,7,2,9)12",7,4,0.0,False,"5(10,15)(6,14)13(1,4)(3,8)2(7,9)(12,11)",9,2,0.0,False,-3,
202303020708,8,3歳以上1勝クラス,ダ,1700,晴,良,14:05,2023-07-22,福島,15,6,11,2020105571,レイフォール,牡3,55,01169,武藤雅,1:51.7,大,4-4-5-14,43.4,335.6,15,454(-8),01064,[東]武藤善則,252030,落合幸弘,,"(*5,10,15)(1,6,11,14)-8(3,13)7,4(2,9)12",4,4,0.0,False,"(*5,10,15)-(1,6,11)14(3,8)(7,13)4,2,9,12",4,3,3.5,False,"5(10,15)6(14,11)(1,8,13,4)(3,7,2,9)12",5,2,0.0,False,"5(10,15)(6,14)13(1,4)(3,8)2(7,9)(12,11)",14,2,0.0,False,-3,
202303020709,9,伊達特別(1勝),芝,1800,晴,良,14:36,2023-07-22,福島,1,3,4,2020105656,フルール,牝3,53,01179,菅原明良,1:49.5,,9-10-8-6,35.4,21.0,7,480(-2),01192,[東]上原佑紀,788800,ノースヒルズ,"1,142.9","5(9,13)(1,6,10,12)7(3,4)(8,14)-(2,11)",9,2,0.0,False,"5(9,13)(1,6,10,12)(3,7)4(8,14)-(2,11)",10,1,0.0,False,"5(9,13)(6,12)(1,10)(3,4)(7,8,14)(2,11)",8,2,0.0,False,"5,9,12(6,13)(3,4)(1,7,10)14(2,8,11)",6,2,3.0,False,-1,開催7日目でBコース3日目。内ラチ沿いは荒れており、道中から外を通って直線も馬場の中央付近を通った馬がよく伸びていた。そこまで差し有利に働かなかった。
202303020709,9,伊達特別(1勝),芝,1800,晴,良,14:36,2023-07-22,福島,2,4,5,2019105297,ニューノーマル,牝4,56,05386,戸崎圭太,1:49.5,クビ,1-1-1-1,36.0,2.8,1,446(-2),01192,[東]上原佑紀,463031,フィールドレーシング,449.4,"5(9,13)(1,6,10,12)7(3,4)(8,14)-(2,11)",1,1,0.0,False,"5(9,13)(1,6,10,12)(3,7)4(8,14)-(2,11)",1,1,0.0,False,"5(9,13)(6,12)(1,10)(3,4)(7,8,14)(2,11)",1,1,0.0,False,"5,9,12(6,13)(3,4)(1,7,10)14(2,8,11)",1,1,0.0,False,-1,開催7日目でBコース3日目。内ラチ沿いは荒れており、道中から外を通って直線も馬場の中央付近を通った馬がよく伸びていた。そこまで差し有利に働かなかった。
202303020709,9,伊達特別(1勝),芝,1800,晴,良,14:36,2023-07-22,福島,3,7,12,2020105760,エリダヌス,牝3,53,05212,Ｍ．デム,1:49.6,クビ,4-4-4-3,35.8,5.6,3,470(-4),01156,[東]青木孝文,716800,ビッグレッドファーム,284.7,"5(9,13)(1,6,10,12)7(3,4)(8,14)-(2,11)",4,4,0.0,False,"5(9,13)(1,6,10,12)(3,7)4(8,14)-(2,11)",4,4,0.0,False,"5(9,13)(6,12)(1,10)(3,4)(7,8,14)(2,11)",4,2,0.0,False,"5,9,12(6,13)(3,4)(1,7,10)14(2,8,11)",3,1,3.0,False,-1,開催7日目でBコース3日目。内ラチ沿いは荒れており、道中から外を通って直線も馬場の中央付近を通った馬がよく伸びていた。そこまで差し有利に働かなかった。
202303020709,9,伊達特別(1勝),芝,1800,晴,良,14:36,2023-07-22,福島,4,7,11,2018105047,ホウオウサンデー,牡5,58,01075,田辺裕信,1:49.6,クビ,13-13-13-12,35.0,9.7,5,450(-10),01145,[東]奥村武,906033,小笹芳央,170.0,"5(9,13)(1,6,10,12)7(3,4)(8,14)-(2,11)",13,2,3.5,False,"5(9,13)(1,6,10,12)(3,7)4(8,14)-(2,11)",13,2,3.5,False,"5(9,13)(6,12)(1,10)(3,4)(7,8,14)(2,11)",13,2,0.0,False,"5,9,12(6,13)(3,4)(1,7,10)14(2,8,11)",12,3,3.0,False,-1,開催7日目でBコース3日目。内ラチ沿いは荒れており、道中から外を通って直線も馬場の中央付近を通った馬がよく伸びていた。そこまで差し有利に働かなかった。
202303020709,9,伊達特別(1勝),芝,1800,晴,良,14:36,2023-07-22,福島,5,8,14,2018106352,キヨラ,牝5,56,01161,菊沢一樹,1:49.7,1/2,11-11-10-11,35.3,52.0,10,472(+2),01189,[東]堀内岳志,020803,三度屋,111.0,"5(9,13)(1,6,10,12)7(3,4)(8,14)-(2,11)",11,2,0.0,False,"5(9,13)(1,6,10,12)(3,7)4(8,14)-(2,11)",11,2,0.0,False,"5(9,13)(6,12)(1,10)(3,4)(7,8,14)(2,11)",10,3,0.0,False,"5,9,12(6,13)(3,4)(1,7,10)14(2,8,11)",11,1,3.0,False,-1,開催7日目でBコース3日目。内ラチ沿いは荒れており、道中から外を通って直線も馬場の中央付近を通った馬がよく伸びていた。そこまで差し有利に働かなかった。
202303020709,9,伊達特別(1勝),芝,1800,晴,良,14:36,2023-07-22,福島,6,3,3,2020102973,ランプシー,牡3,55,01092,津村明秀,1:49.8,クビ,9-8-8-6,35.6,4.7,2,462(+2),01086,[東]斎藤誠,415800,社台レースホース,,"5(9,13)(1,6,10,12)7(3,4)(8,14)-(2,11)",9,2,0.0,False,"5(9,13)(1,6,10,12)(3,7)4(8,14)-(2,11)",8,2,0.0,False,"5(9,13)(6,12)(1,10)(3,4)(7,8,14)(2,11)",8,2,0.0,False,"5,9,12(6,13)(3,4)(1,7,10)14(2,8,11)",6,2,3.0,False,-1,開催7日目でBコース3日目。内ラチ沿いは荒れており、道中から外を通って直線も馬場の中央付近を通った馬がよく伸びていた。そこまで差し有利に働かなかった。
202303020709,9,伊達特別(1勝),芝,1800,晴,良,14:36,2023-07-22,福島,7,5,7,2020106413,レッドバレンティア,牡3,55,01150,石川裕紀,1:49.9,3/4,8-8-10-8,35.6,5.7,4,440(-4),01038,[東]手塚貴久,180800,東京ホースレーシング,,"5(9,13)(1,6,10,12)7(3,4)(8,14)-(2,11)",8,1,0.0,False,"5(9,13)(1,6,10,12)(3,7)4(8,14)-(2,11)",8,2,0.0,False,"5(9,13)(6,12)(1,10)(3,4)(7,8,14)(2,11)",10,3,0.0,False,"5,9,12(6,13)(3,4)(1,7,10)14(2,8,11)",8,3,3.0,False,-1,開催7日目でBコース3日目。内ラチ沿いは荒れており、道中から外を通って直線も馬場の中央付近を通った馬がよく伸びていた。そこまで差し有利に働かなかった。
202303020709,9,伊達特別(1勝),芝,1800,晴,良,14:36,2023-07-22,福島,8,6,10,2019106851,ラエール,牝4,56,01077,石橋脩,1:50.1,1.1/2,4-4-6-8,36.1,26.8,8,398(0),00417,[東]土田稔,714031,酒井孝敏,,"5(9,13)(1,6,10,12)7(3,4)(8,14)-(2,11)",4,4,0.0,False,"5(9,13)(1,6,10,12)(3,7)4(8,14)-(2,11)",4,4,0.0,False,"5(9,13)(6,12)(1,10)(3,4)(7,8,14)(2,11)",6,2,0.0,False,"5,9,12(6,13)(3,4)(1,7,10)14(2,8,11)",8,3,3.0,False,-1,開催7日目でBコース3日目。内ラチ沿いは荒れており、道中から外を通って直線も馬場の中央付近を通った馬がよく伸びていた。そこまで差し有利に働かなかった。
202303020709,9,伊達特別(1勝),芝,1800,晴,良,14:36,2023-07-22,福島,9,1,1,2020100838,ポンサン,牡3,55,01043,北村宏司,1:50.2,1/2,4-4-6-8,36.2,134.7,13,466(-4),00405,[東]小西一男,028031,天野克彦,,"5(9,13)(1,6,10,12)7(3,4)(8,14)-(2,11)",4,4,0.0,False,"5(9,13)(1,6,10,12)(3,7)4(8,14)-(2,11)",4,4,0.0,False,"5(9,13)(6,12)(1,10)(3,4)(7,8,14)(2,11)",6,2,0.0,False,"5,9,12(6,13)(3,4)(1,7,10)14(2,8,11)",8,3,3.0,False,-1,開催7日目でBコース3日目。内ラチ沿いは荒れており、道中から外を通って直線も馬場の中央付近を通った馬がよく伸びていた。そこまで差し有利に働かなかった。
202303020709,9,伊達特別(1勝),芝,1800,晴,良,14:36,2023-07-22,福島,10,8,13,2018102151,マイネルヒッツェ,牡5,58,01009,柴田大知,1:50.2,ハナ,2-2-2-4,36.6,47.7,9,468(-6),01080,[東]清水英克,546800,サラブレッドクラブ・...,,"5(9,13)(1,6,10,12)7(3,4)(8,14)-(2,11)",2,2,0.0,False,"5(9,13)(1,6,10,12)(3,7)4(8,14)-(2,11)",2,2,0.0,False,"5(9,13)(6,12)(1,10)(3,4)(7,8,14)(2,11)",2,2,0.0,False,"5,9,12(6,13)(3,4)(1,7,10)14(2,8,11)",4,2,3.0,False,-1,開催7日目でBコース3日目。内ラチ沿いは荒れており、道中から外を通って直線も馬場の中央付近を通った馬がよく伸びていた。そこまで差し有利に働かなかった。
202303020709,9,伊達特別(1勝),芝,1800,晴,良,14:36,2023-07-22,福島,11,5,8,2019106416,キセキノエンジェル,牝4,56,00641,柴田善臣,1:50.2,アタマ,11-11-10-12,35.8,52.0,11,468(+2),00428,[東]石毛善彦,011033,川島与市,,"5(9,13)(1,6,10,12)7(3,4)(8,14)-(2,11)",11,2,0.0,False,"5(9,13)(1,6,10,12)(3,7)4(8,14)-(2,11)",11,2,0.0,False,"5(9,13)(6,12)(1,10)(3,4)(7,8,14)(2,11)",10,3,0.0,False,"5,9,12(6,13)(3,4)(1,7,10)14(2,8,11)",12,3,3.0,False,-1,開催7日目でBコース3日目。内ラチ沿いは荒れており、道中から外を通って直線も馬場の中央付近を通った馬がよく伸びていた。そこまで差し有利に働かなかった。
202303020709,9,伊達特別(1勝),芝,1800,晴,良,14:36,2023-07-22,福島,12,2,2,2016102615,ゾロ,牡7,58,01184,原優介,1:50.5,1.1/2,13-13-13-12,35.9,193.6,14,470(-4),01171,[東]小手川準,789002,北山敏隆,,"5(9,13)(1,6,10,12)7(3,4)(8,14)-(2,11)",13,2,3.5,False,"5(9,13)(1,6,10,12)(3,7)4(8,14)-(2,11)",13,2,3.5,False,"5(9,13)(6,12)(1,10)(3,4)(7,8,14)(2,11)",13,2,0.0,False,"5,9,12(6,13)(3,4)(1,7,10)14(2,8,11)",12,3,3.0,False,-1,開催7日目でBコース3日目。内ラチ沿いは荒れており、道中から外を通って直線も馬場の中央付近を通った馬がよく伸びていた。そこまで差し有利に働かなかった。
202303020709,9,伊達特別(1勝),芝,1800,晴,良,14:36,2023-07-22,福島,13,4,6,2018102144,マイネルパリオート,牡5,58,01085,松岡正海,1:51.4,5,4-4-4-4,37.5,121.1,12,462(-2),00412,[東]高橋裕,546800,サラブレッドクラブ・...,,"5(9,13)(1,6,10,12)7(3,4)(8,14)-(2,11)",4,4,0.0,False,"5(9,13)(1,6,10,12)(3,7)4(8,14)-(2,11)",4,4,0.0,False,"5(9,13)(6,12)(1,10)(3,4)(7,8,14)(2,11)",4,2,0.0,False,"5,9,12(6,13)(3,4)(1,7,10)14(2,8,11)",4,2,3.0,False,-1,開催7日目でBコース3日目。内ラチ沿いは荒れており、道中から外を通って直線も馬場の中央付近を通った馬がよく伸びていた。そこまで差し有利に働かなかった。
202303020709,9,伊達特別(1勝),芝,1800,晴,良,14:36,2023-07-22,福島,14,6,9,2020100847,グランヒマラヤ,牡3,55,01096,大野拓弥,1:52.4,6,2-2-2-2,38.8,14.7,6,494(-4),01100,[東]松山将樹,661030,飯田訓大,,"5(9,13)(1,6,10,12)7(3,4)(8,14)-(2,11)",2,2,0.0,False,"5(9,13)(1,6,10,12)(3,7)4(8,14)-(2,11)",2,2,0.0,False,"5(9,13)(6,12)(1,10)(3,4)(7,8,14)(2,11)",2,2,0.0,False,"5,9,12(6,13)(3,4)(1,7,10)14(2,8,11)",2,1,1.5,False,-1,開催7日目でBコース3日目。内ラチ沿いは荒れており、道中から外を通って直線も馬場の中央付近を通った馬がよく伸びていた。そこまで差し有利に働かなかった。
202303020710,10,郡山特別(2勝),芝,1200,晴,良,15:11,2023-07-22,福島,1,8,14,2020101419,ブーケファロス,牡3,55,05386,戸崎圭太,1:09.1,,7-8,34.5,2.2,1,434(+2),01080,[東]清水英克,251033,矢野まり子,"1,583.6",,,,,,,,,,,"1(11,15)10(3,13)(5,14)(12,9)(6,8)-7,2-4",7,2,0.0,False,"1(11,15)(3,10,13)5,14(12,9)(6,8)(2,7)4",8,1,1.5,False,-1,開催7日目でBコース3日目。内ラチ沿いは荒れており、道中から外を通って直線も馬場の中央付近を通った馬がよく伸びていた。そこまで差し有利に働かなかった。
202303020710,10,郡山特別(2勝),芝,1200,晴,良,15:11,2023-07-22,福島,2,3,5,2019103897,ハピネスアゲン,牝4,56,00689,江田照男,1:09.3,1.1/2,7-7,34.7,9.2,4,458(+2),01024,[東]萱野浩二,350004,浅川皓司,629.6,,,,,,,,,,,"1(11,15)10(3,13)(5,14)(12,9)(6,8)-7,2-4",7,2,0.0,False,"1(11,15)(3,10,13)5,14(12,9)(6,8)(2,7)4",7,1,0.0,False,-1,開催7日目でBコース3日目。内ラチ沿いは荒れており、道中から外を通って直線も馬場の中央付近を通った馬がよく伸びていた。そこまで差し有利に働かなかった。
202303020710,10,郡山特別(2勝),芝,1200,晴,良,15:11,2023-07-22,福島,3,7,13,2019105238,フリートオブフット,牝4,56,05212,Ｍ．デム,1:09.4,クビ,5-4,35.0,19.4,5,444(+4),01145,[東]奥村武,506800,シルクレーシング,394.8,,,,,,,,,,,"1(11,15)10(3,13)(5,14)(12,9)(6,8)-7,2-4",5,2,0.0,False,"1(11,15)(3,10,13)5,14(12,9)(6,8)(2,7)4",4,3,0.0,False,-1,開催7日目でBコース3日目。内ラチ沿いは荒れており、道中から外を通って直線も馬場の中央付近を通った馬がよく伸びていた。そこまで差し有利に働かなかった。
202303020710,10,郡山特別(2勝),芝,1200,晴,良,15:11,2023-07-22,福島,4,6,10,2020106015,バグラダス,牡3,55,01122,三浦皇成,1:09.4,ハナ,4-4,35.1,5.4,3,468(-8),01195,[東]嘉藤貴行,077800,村田牧場,230.0,,,,,,,,,,,"1(11,15)10(3,13)(5,14)(12,9)(6,8)-7,2-4",4,1,0.0,False,"1(11,15)(3,10,13)5,14(12,9)(6,8)(2,7)4",4,3,0.0,False,-1,開催7日目でBコース3日目。内ラチ沿いは荒れており、道中から外を通って直線も馬場の中央付近を通った馬がよく伸びていた。そこまで差し有利に働かなかった。
202303020710,10,郡山特別(2勝),芝,1200,晴,良,15:11,2023-07-22,福島,5,5,9,2017101767,ベンガン,牡6,58,00422,内田博幸,1:09.4,クビ,9-9,34.5,41.1,9,466(+6),01120,[西]千田輝彦,892002,小林薫,155.0,,,,,,,,,,,"1(11,15)10(3,13)(5,14)(12,9)(6,8)-7,2-4",9,2,0.0,False,"1(11,15)(3,10,13)5,14(12,9)(6,8)(2,7)4",9,2,1.5,False,-1,開催7日目でBコース3日目。内ラチ沿いは荒れており、道中から外を通って直線も馬場の中央付近を通った馬がよく伸びていた。そこまで差し有利に働かなかった。
202303020710,10,郡山特別(2勝),芝,1200,晴,良,15:11,2023-07-22,福島,6,6,11,2019103562,ダテボレアス,牡4,58,01150,石川裕紀,1:09.6,1,2-2,35.6,44.0,10,480(-2),01028,[西]西園正都,795033,渡邉直樹,,,,,,,,,,,,"1(11,15)10(3,13)(5,14)(12,9)(6,8)-7,2-4",2,2,0.0,False,"1(11,15)(3,10,13)5,14(12,9)(6,8)(2,7)4",2,2,0.0,False,-1,開催7日目でBコース3日目。内ラチ沿いは荒れており、道中から外を通って直線も馬場の中央付近を通った馬がよく伸びていた。そこまで差し有利に働かなかった。
202303020710,10,郡山特別(2勝),芝,1200,晴,良,15:11,2023-07-22,福島,7,4,6,2019100898,タッカーシルバー,牝4,56,01206,小林美駒,1:09.7,1/2,11-11,34.7,175.5,13,456(-2),01026,[東]鈴木伸尋,248033,小松崎孝,,,,,,,,,,,,"1(11,15)10(3,13)(5,14)(12,9)(6,8)-7,2-4",11,2,0.0,False,"1(11,15)(3,10,13)5,14(12,9)(6,8)(2,7)4",11,2,1.5,False,-1,開催7日目でBコース3日目。内ラチ沿いは荒れており、道中から外を通って直線も馬場の中央付近を通った馬がよく伸びていた。そこまで差し有利に働かなかった。
202303020710,10,郡山特別(2勝),芝,1200,晴,良,15:11,2023-07-22,福島,8,8,15,2018103920,ノックオンウッド,セ5,58,01092,津村明秀,1:09.8,1,2-2,35.8,33.4,7,490(-14),01070,[東]堀宣行,506800,シルクレーシング,,,,,,,,,,,,"1(11,15)10(3,13)(5,14)(12,9)(6,8)-7,2-4",2,2,0.0,False,"1(11,15)(3,10,13)5,14(12,9)(6,8)(2,7)4",2,2,0.0,False,-1,開催7日目でBコース3日目。内ラチ沿いは荒れており、道中から外を通って直線も馬場の中央付近を通った馬がよく伸びていた。そこまで差し有利に働かなかった。
202303020710,10,郡山特別(2勝),芝,1200,晴,良,15:11,2023-07-22,福島,9,1,1,2019104697,ショウナンマッハ,牡4,58,01077,石橋脩,1:09.8,アタマ,1-1,35.9,21.0,6,490(-4),01181,[西]茶木太樹,331002,国本哲秀,,,,,,,,,,,,"1(11,15)10(3,13)(5,14)(12,9)(6,8)-7,2-4",1,1,0.0,False,"1(11,15)(3,10,13)5,14(12,9)(6,8)(2,7)4",1,1,0.0,False,-1,開催7日目でBコース3日目。内ラチ沿いは荒れており、道中から外を通って直線も馬場の中央付近を通った馬がよく伸びていた。そこまで差し有利に働かなかった。
202303020710,10,郡山特別(2勝),芝,1200,晴,良,15:11,2023-07-22,福島,10,5,8,2019101917,エテルナメンテ,牝4,56,01162,木幡巧也,1:10.0,1,11-11,35.0,45.7,11,458(0),01068,[東]小島茂之,003060,ゴドルフィン,,,,,,,,,,,,"1(11,15)10(3,13)(5,14)(12,9)(6,8)-7,2-4",11,2,0.0,False,"1(11,15)(3,10,13)5,14(12,9)(6,8)(2,7)4",11,2,1.5,False,-1,開催7日目でBコース3日目。内ラチ沿いは荒れており、道中から外を通って直線も馬場の中央付近を通った馬がよく伸びていた。そこまで差し有利に働かなかった。
202303020710,10,郡山特別(2勝),芝,1200,晴,良,15:11,2023-07-22,福島,11,7,12,2019103261,ニシノラーナ,牝4,56,01158,野中悠太,1:10.1,1/2,9-9,35.3,38.8,8,488(+6),01077,[東]加藤和宏,897009,西山茂行,,,,,,,,,,,,"1(11,15)10(3,13)(5,14)(12,9)(6,8)-7,2-4",9,2,0.0,False,"1(11,15)(3,10,13)5,14(12,9)(6,8)(2,7)4",9,2,1.5,False,-1,開催7日目でBコース3日目。内ラチ沿いは荒れており、道中から外を通って直線も馬場の中央付近を通った馬がよく伸びていた。そこまで差し有利に働かなかった。
202303020710,10,郡山特別(2勝),芝,1200,晴,良,15:11,2023-07-22,福島,12,4,7,2019103246,ゲンパチレオニダス,牡4,58,01085,松岡正海,1:10.3,1.1/2,13-13,34.9,220.8,14,502(+18),01113,[西]牧浦充徳,689002,平野武志,,,,,,,,,,,,"1(11,15)10(3,13)(5,14)(12,9)(6,8)-7,2-4",13,1,3.5,False,"1(11,15)(3,10,13)5,14(12,9)(6,8)(2,7)4",13,2,1.5,False,-1,開催7日目でBコース3日目。内ラチ沿いは荒れており、道中から外を通って直線も馬場の中央付近を通った馬がよく伸びていた。そこまで差し有利に働かなかった。
202303020710,10,郡山特別(2勝),芝,1200,晴,良,15:11,2023-07-22,福島,13,3,4,2019100604,ヤマニンアンフィル,牝4,56,01179,菅原明良,1:10.4,3/4,15-15,34.6,3.7,2,460(-6),01151,[西]斉藤崇史,329004,土井肇,,,,,,,,,,,,"1(11,15)10(3,13)(5,14)(12,9)(6,8)-7,2-4",15,1,8.5,False,"1(11,15)(3,10,13)5,14(12,9)(6,8)(2,7)4",15,1,1.5,False,-1,開催7日目でBコース3日目。内ラチ沿いは荒れており、道中から外を通って直線も馬場の中央付近を通った馬がよく伸びていた。そこまで差し有利に働かなかった。
202303020710,10,郡山特別(2勝),芝,1200,晴,良,15:11,2023-07-22,福島,14,2,2,2017101777,ヤマニンプティパ,牝6,56,00684,田中勝春,1:10.5,3/4,14-13,35.0,69.4,12,434(+2),01120,[西]千田輝彦,329004,土井肇,,,,,,,,,,,,"1(11,15)10(3,13)(5,14)(12,9)(6,8)-7,2-4",14,1,5.0,False,"1(11,15)(3,10,13)5,14(12,9)(6,8)(2,7)4",13,2,1.5,False,-1,開催7日目でBコース3日目。内ラチ沿いは荒れており、道中から外を通って直線も馬場の中央付近を通った馬がよく伸びていた。そこまで差し有利に働かなかった。
202303020710,10,郡山特別(2勝),芝,1200,晴,良,15:11,2023-07-22,福島,15,2,3,2017104258,セイラブミー,牝6,56,01135,杉原誠人,1:10.6,1/2,5-4,36.2,228.0,15,498(+8),01109,[東]伊藤大士,629800,ミルファーム,,,,,,,,,,,,"1(11,15)10(3,13)(5,14)(12,9)(6,8)-7,2-4",5,2,0.0,False,"1(11,15)(3,10,13)5,14(12,9)(6,8)(2,7)4",4,3,0.0,False,-1,開催7日目でBコース3日目。内ラチ沿いは荒れており、道中から外を通って直線も馬場の中央付近を通った馬がよく伸びていた。そこまで差し有利に働かなかった。
202303020711,11,TUF杯(3勝),ダ,1700,晴,良,15:45,2023-07-22,福島,1,1,1,2019105028,キャリックアリード,牝4,55,05386,戸崎圭太,1:45.7,,6-5-3-2,38.1,2.7,1,436(-6),01134,[東]高橋文雅,506800,シルクレーシング,"1,872.9","(*5,9)12(13,14)1(3,15)-4,6(2,8,10)(7,11)",6,1,0.0,False,"5,9(12,13)(1,3,15,14)-(6,4,10)(2,8)-(7,11)",5,4,1.5,False,"(*5,9)(1,12,13)(3,15,14)(6,8,4)(2,10)(7,11)",3,3,0.0,False,"5(1,9,12)(15,13)(3,4)8(6,2,14)(7,11,10)",2,3,0.0,False,-3,
202303020711,11,TUF杯(3勝),ダ,1700,晴,良,15:45,2023-07-22,福島,2,3,5,2019102869,カズプレスト,牡4,57,01092,津村明秀,1:45.9,1.1/4,1-1-1-1,38.6,4.8,3,528(-6),01159,[西]高柳大輔,879800,雅苑興業,749.4,"(*5,9)12(13,14)1(3,15)-4,6(2,8,10)(7,11)",1,2,0.0,True,"5,9(12,13)(1,3,15,14)-(6,4,10)(2,8)-(7,11)",1,1,0.0,False,"(*5,9)(1,12,13)(3,15,14)(6,8,4)(2,10)(7,11)",1,2,0.0,True,"5(1,9,12)(15,13)(3,4)8(6,2,14)(7,11,10)",1,1,0.0,False,-3,
202303020711,11,TUF杯(3勝),ダ,1700,晴,良,15:45,2023-07-22,福島,3,8,15,2017105602,ラズルダズル,牡6,55,01077,石橋脩,1:46.0,1/2,7-5-6-5,38.3,30.9,8,470(+4),01181,[西]茶木太樹,226800,サンデーレーシング,464.7,"(*5,9)12(13,14)1(3,15)-4,6(2,8,10)(7,11)",7,2,0.0,False,"5,9(12,13)(1,3,15,14)-(6,4,10)(2,8)-(7,11)",5,4,1.5,False,"(*5,9)(1,12,13)(3,15,14)(6,8,4)(2,10)(7,11)",6,3,0.0,False,"5(1,9,12)(15,13)(3,4)8(6,2,14)(7,11,10)",5,2,0.0,False,-3,
202303020711,11,TUF杯(3勝),ダ,1700,晴,良,15:45,2023-07-22,福島,4,2,2,2019109100,メンアットワーク,牡4,57,01075,田辺裕信,1:46.5,3.1/2,11-12-12-10,38.3,8.1,4,460(0),01086,[東]斎藤誠,075800,千明牧場,280.0,"(*5,9)12(13,14)1(3,15)-4,6(2,8,10)(7,11)",11,3,5.0,False,"5,9(12,13)(1,3,15,14)-(6,4,10)(2,8)-(7,11)",12,2,5.0,False,"(*5,9)(1,12,13)(3,15,14)(6,8,4)(2,10)(7,11)",12,2,0.0,False,"5(1,9,12)(15,13)(3,4)8(6,2,14)(7,11,10)",10,3,0.0,False,-3,
202303020711,11,TUF杯(3勝),ダ,1700,晴,良,15:45,2023-07-22,福島,5,4,7,2018104346,ヴェノム,牡5,52,01135,杉原誠人,1:46.6,1/2,14-14-14-13,38.1,230.9,14,540(+8),01090,[東]天間昭一,739009,栗嶋豊明,184.0,"(*5,9)12(13,14)1(3,15)-4,6(2,8,10)(7,11)",14,2,5.0,False,"5,9(12,13)(1,3,15,14)-(6,4,10)(2,8)-(7,11)",14,2,8.5,False,"(*5,9)(1,12,13)(3,15,14)(6,8,4)(2,10)(7,11)",14,2,0.0,False,"5(1,9,12)(15,13)(3,4)8(6,2,14)(7,11,10)",13,3,0.0,False,-3,
202303020711,11,TUF杯(3勝),ダ,1700,晴,良,15:45,2023-07-22,福島,6,4,6,2019106684,イチネンエーグミ,牡4,56,00733,吉田豊,1:46.9,1.1/2,10-9-9-10,38.9,15.9,6,552(0),01181,[西]茶木太樹,253033,藤本彰,,"(*5,9)12(13,14)1(3,15)-4,6(2,8,10)(7,11)",10,1,5.0,False,"5,9(12,13)(1,3,15,14)-(6,4,10)(2,8)-(7,11)",9,3,5.0,False,"(*5,9)(1,12,13)(3,15,14)(6,8,4)(2,10)(7,11)",9,3,0.0,False,"5(1,9,12)(15,13)(3,4)8(6,2,14)(7,11,10)",10,3,0.0,False,-3,
202303020711,11,TUF杯(3勝),ダ,1700,晴,良,15:45,2023-07-22,福島,7,2,3,2017102892,ショウナンマリオ,牡6,55,01179,菅原明良,1:46.9,クビ,7-5-6-7,39.1,34.0,9,494(-6),01169,[東]加藤士津,679800,湘南,,"(*5,9)12(13,14)1(3,15)-4,6(2,8,10)(7,11)",7,2,0.0,False,"5,9(12,13)(1,3,15,14)-(6,4,10)(2,8)-(7,11)",5,4,1.5,False,"(*5,9)(1,12,13)(3,15,14)(6,8,4)(2,10)(7,11)",6,3,0.0,False,"5(1,9,12)(15,13)(3,4)8(6,2,14)(7,11,10)",7,2,0.0,False,-3,
202303020711,11,TUF杯(3勝),ダ,1700,晴,良,15:45,2023-07-22,福島,8,6,10,2016100297,カシノブレンド,セ7,54,01043,北村宏司,1:47.0,1/2,11-9-12-13,38.7,122.7,13,456(-4),01131,[東]蛯名利弘,514009,柏木務,,"(*5,9)12(13,14)1(3,15)-4,6(2,8,10)(7,11)",11,3,5.0,False,"5,9(12,13)(1,3,15,14)-(6,4,10)(2,8)-(7,11)",9,3,5.0,False,"(*5,9)(1,12,13)(3,15,14)(6,8,4)(2,10)(7,11)",12,2,0.0,False,"5(1,9,12)(15,13)(3,4)8(6,2,14)(7,11,10)",13,3,0.0,False,-3,
202303020711,11,TUF杯(3勝),ダ,1700,晴,良,15:45,2023-07-22,福島,9,6,11,2018102454,ラグラスドシエル,牝5,52,01117,丸田恭介,1:47.3,1.1/2,14-14-14-13,38.8,94.9,11,462(+6),01186,[西]中村直也,393803,ＫＡＪＩＭＯＴＯホー...,,"(*5,9)12(13,14)1(3,15)-4,6(2,8,10)(7,11)",14,2,5.0,False,"5,9(12,13)(1,3,15,14)-(6,4,10)(2,8)-(7,11)",14,2,8.5,False,"(*5,9)(1,12,13)(3,15,14)(6,8,4)(2,10)(7,11)",14,2,0.0,False,"5(1,9,12)(15,13)(3,4)8(6,2,14)(7,11,10)",13,3,0.0,False,-3,
202303020711,11,TUF杯(3勝),ダ,1700,晴,良,15:45,2023-07-22,福島,10,3,4,2019101168,レッドラパルマ,牡4,57,05212,Ｍ．デム,1:47.4,3/4,9-9-9-7,39.5,4.2,2,492(0),01059,[東]加藤征弘,180800,東京ホースレーシング,,"(*5,9)12(13,14)1(3,15)-4,6(2,8,10)(7,11)",9,1,3.5,False,"5,9(12,13)(1,3,15,14)-(6,4,10)(2,8)-(7,11)",9,3,5.0,False,"(*5,9)(1,12,13)(3,15,14)(6,8,4)(2,10)(7,11)",9,3,0.0,False,"5(1,9,12)(15,13)(3,4)8(6,2,14)(7,11,10)",7,2,0.0,False,-3,
202303020711,11,TUF杯(3勝),ダ,1700,晴,良,15:45,2023-07-22,福島,11,5,8,2017110122,コスモセイリュウ,牡6,54,01085,松岡正海,1:47.5,3/4,11-12-9-9,39.5,107.6,12,492(-4),01010,[東]中野栄治,716800,ビッグレッドファーム,,"(*5,9)12(13,14)1(3,15)-4,6(2,8,10)(7,11)",11,3,5.0,False,"5,9(12,13)(1,3,15,14)-(6,4,10)(2,8)-(7,11)",12,2,5.0,False,"(*5,9)(1,12,13)(3,15,14)(6,8,4)(2,10)(7,11)",9,3,0.0,False,"5(1,9,12)(15,13)(3,4)8(6,2,14)(7,11,10)",9,1,0.0,False,-3,
202303020711,11,TUF杯(3勝),ダ,1700,晴,良,15:45,2023-07-22,福島,12,7,13,2019105167,セイルオンセイラー,セ4,56,01169,武藤雅,1:48.4,5,4-3-3-5,40.8,27.7,7,496(0),01162,[東]田中博康,943030,橋元勇氣,,"(*5,9)12(13,14)1(3,15)-4,6(2,8,10)(7,11)",4,2,0.0,False,"5,9(12,13)(1,3,15,14)-(6,4,10)(2,8)-(7,11)",3,2,1.5,False,"(*5,9)(1,12,13)(3,15,14)(6,8,4)(2,10)(7,11)",3,3,0.0,False,"5(1,9,12)(15,13)(3,4)8(6,2,14)(7,11,10)",5,2,0.0,False,-3,
202303020711,11,TUF杯(3勝),ダ,1700,晴,良,15:45,2023-07-22,福島,13,5,9,2018103705,サイファーシチー,牡5,54,01188,永野猛蔵,1:48.9,3.1/2,2-2-2-2,41.5,245.6,15,492(+10),01023,[東]伊藤圭三,321800,友駿ホースクラブ,,"(*5,9)12(13,14)1(3,15)-4,6(2,8,10)(7,11)",2,2,0.0,False,"5,9(12,13)(1,3,15,14)-(6,4,10)(2,8)-(7,11)",2,1,1.5,False,"(*5,9)(1,12,13)(3,15,14)(6,8,4)(2,10)(7,11)",2,2,0.0,False,"5(1,9,12)(15,13)(3,4)8(6,2,14)(7,11,10)",2,3,0.0,False,-3,
202303020711,11,TUF杯(3勝),ダ,1700,晴,良,15:45,2023-07-22,福島,14,7,12,2018103150,レイニーデイ,牡5,56,00689,江田照男,1:50.0,7,3-3-3-2,42.5,9.8,5,540(-12),01027,[東]田村康仁,858800,大塚亮一,,"(*5,9)12(13,14)1(3,15)-4,6(2,8,10)(7,11)",3,1,0.0,False,"5,9(12,13)(1,3,15,14)-(6,4,10)(2,8)-(7,11)",3,2,1.5,False,"(*5,9)(1,12,13)(3,15,14)(6,8,4)(2,10)(7,11)",3,3,0.0,False,"5(1,9,12)(15,13)(3,4)8(6,2,14)(7,11,10)",2,3,0.0,False,-3,
202303020711,11,TUF杯(3勝),ダ,1700,晴,良,15:45,2023-07-22,福島,15,8,14,2018101498,ラブリークイーン,牝5,53,00641,柴田善臣,1:50.3,1.3/4,4-5-6-10,42.6,55.1,10,490(0),01195,[東]嘉藤貴行,810008,坂巻勝彦,,"(*5,9)12(13,14)1(3,15)-4,6(2,8,10)(7,11)",4,2,0.0,False,"5,9(12,13)(1,3,15,14)-(6,4,10)(2,8)-(7,11)",5,4,1.5,False,"(*5,9)(1,12,13)(3,15,14)(6,8,4)(2,10)(7,11)",6,3,0.0,False,"5(1,9,12)(15,13)(3,4)8(6,2,14)(7,11,10)",10,3,0.0,False,-3,
202303020712,12,3歳以上1勝クラス,ダ,1150,晴,良,16:30,2023-07-22,福島,1,1,2,2019110009,シアージスト,牡4,58,01096,大野拓弥,1:08.3,,4-2,37.3,2.9,1,558(-4),01070,[東]堀宣行,003060,ゴドルフィン,800.0,,,,,,,,,,,"(*14,3,7)(2,10,12)-5,16,11(8,13,15)-4,6,9-1",4,3,0.0,False,"14(2,3)7(10,12)16(5,11,15)13-9(8,4,6)-1",2,2,0.0,False,-3,
202303020712,12,3歳以上1勝クラス,ダ,1150,晴,良,16:30,2023-07-22,福島,2,8,16,2019101351,セキテイオー,牡4,58,00684,田中勝春,1:08.7,2.1/2,8-7,36.9,6.7,3,470(0),01119,[東]田中剛,564031,杉山元洋,320.0,,,,,,,,,,,"(*14,3,7)(2,10,12)-5,16,11(8,13,15)-4,6,9-1",8,1,5.0,False,"14(2,3)7(10,12)16(5,11,15)13-9(8,4,6)-1",7,1,0.0,False,-3,
202303020712,12,3歳以上1勝クラス,ダ,1150,晴,良,16:30,2023-07-22,福島,3,7,14,2020106047,フェイマスドクター,牡3,55,01122,三浦皇成,1:09.1,2.1/2,1-1,38.3,16.2,7,486(+10),01081,[東]中川公成,631031,山崎康,200.0,,,,,,,,,,,"(*14,3,7)(2,10,12)-5,16,11(8,13,15)-4,6,9-1",1,3,0.0,True,"14(2,3)7(10,12)16(5,11,15)13-9(8,4,6)-1",1,1,0.0,False,-3,
202303020712,12,3歳以上1勝クラス,ダ,1150,晴,良,16:30,2023-07-22,福島,4,8,15,2020103575,シュバルツガイスト,牡3,55,05212,Ｍ．デム,1:09.2,1,10-8,37.2,8.5,5,500(+8),00399,[東]国枝栄,356803,インゼルレーシング,120.0,,,,,,,,,,,"(*14,3,7)(2,10,12)-5,16,11(8,13,15)-4,6,9-1",10,3,6.5,False,"14(2,3)7(10,12)16(5,11,15)13-9(8,4,6)-1",8,3,0.0,False,-3,
202303020712,12,3歳以上1勝クラス,ダ,1150,晴,良,16:30,2023-07-22,福島,5,6,11,2020107199,ダンスインザリング,牡3,52,01207,佐藤翔馬,1:09.3,クビ,9-8,37.4,41.9,10,448(+4),01147,[東]武井亮,535033,古賀慎一,80.0,,,,,,,,,,,"(*14,3,7)(2,10,12)-5,16,11(8,13,15)-4,6,9-1",9,1,6.5,False,"14(2,3)7(10,12)16(5,11,15)13-9(8,4,6)-1",8,3,0.0,False,-3,
202303020712,12,3歳以上1勝クラス,ダ,1150,晴,良,16:30,2023-07-22,福島,6,2,3,2019103705,データアナリシス,牝4,56,01117,丸田恭介,1:09.4,3/4,2-2,38.5,385.9,14,512(+4),00423,[東]上原博之,138031,兼子尚也,,,,,,,,,,,,"(*14,3,7)(2,10,12)-5,16,11(8,13,15)-4,6,9-1",2,3,0.0,False,"14(2,3)7(10,12)16(5,11,15)13-9(8,4,6)-1",2,2,0.0,False,-3,
202303020712,12,3歳以上1勝クラス,ダ,1150,晴,良,16:30,2023-07-22,福島,7,3,6,2019101749,モネ,牝4,56,01162,木幡巧也,1:09.4,アタマ,14-13,36.8,26.4,9,470(+2),01106,[東]牧光二,318803,ニッシンホールディン...,,,,,,,,,,,,"(*14,3,7)(2,10,12)-5,16,11(8,13,15)-4,6,9-1",14,1,11.5,False,"14(2,3)7(10,12)16(5,11,15)13-9(8,4,6)-1",13,3,3.5,False,-3,
202303020712,12,3歳以上1勝クラス,ダ,1150,晴,良,16:30,2023-07-22,福島,8,5,9,2018100562,ノーブルハーバー,牝5,52,01206,小林美駒,1:09.6,1,15-12,36.8,100.0,13,460(+2),01026,[東]鈴木伸尋,755030,吉木伸彦,,,,,,,,,,,,"(*14,3,7)(2,10,12)-5,16,11(8,13,15)-4,6,9-1",15,1,13.0,False,"14(2,3)7(10,12)16(5,11,15)13-9(8,4,6)-1",12,1,3.5,False,-3,
202303020712,12,3歳以上1勝クラス,ダ,1150,晴,良,16:30,2023-07-22,福島,9,5,10,2020106384,カイザーブリッツ,牡3,54,01188,永野猛蔵,1:09.9,2,4-5,38.9,26.0,8,478(-2),01023,[東]伊藤圭三,542800,ライオンレースホース,,,,,,,,,,,,"(*14,3,7)(2,10,12)-5,16,11(8,13,15)-4,6,9-1",4,3,0.0,False,"14(2,3)7(10,12)16(5,11,15)13-9(8,4,6)-1",5,2,0.0,False,-3,
202303020712,12,3歳以上1勝クラス,ダ,1150,晴,良,16:30,2023-07-22,福島,10,7,13,2020101112,フェスティヴラジャ,牝3,53,01161,菊沢一樹,1:09.9,ハナ,10-11,37.9,13.3,6,452(0),01112,[東]田島俊明,070803,臼井義太郎,,,,,,,,,,,,"(*14,3,7)(2,10,12)-5,16,11(8,13,15)-4,6,9-1",10,3,6.5,False,"14(2,3)7(10,12)16(5,11,15)13-9(8,4,6)-1",11,1,0.0,False,-3,
202303020712,12,3歳以上1勝クラス,ダ,1150,晴,良,16:30,2023-07-22,福島,11,3,5,2020102872,シャドウダッチェス,牝3,51,01184,原優介,1:10.0,1/2,7-8,38.4,7.6,4,454(0),01174,[東]深山雅史,308002,飯塚知一,,,,,,,,,,,,"(*14,3,7)(2,10,12)-5,16,11(8,13,15)-4,6,9-1",7,1,3.5,False,"14(2,3)7(10,12)16(5,11,15)13-9(8,4,6)-1",8,3,0.0,False,-3,
202303020712,12,3歳以上1勝クラス,ダ,1150,晴,良,16:30,2023-07-22,福島,12,2,4,2019106576,サトノラッシュ,牡4,58,01043,北村宏司,1:10.2,1,13-13,37.8,99.1,12,514(-9),01079,[東]古賀慎明,790031,里見治,,,,,,,,,,,,"(*14,3,7)(2,10,12)-5,16,11(8,13,15)-4,6,9-1",13,1,10.0,False,"14(2,3)7(10,12)16(5,11,15)13-9(8,4,6)-1",13,3,3.5,False,-3,
202303020712,12,3歳以上1勝クラス,ダ,1150,晴,良,16:30,2023-07-22,福島,13,4,7,2019102479,フエキ,牝4,56,01167,木幡育也,1:10.7,3,2-4,39.8,4.2,2,514(-6),01114,[東]和田正一,251800,和田牧場,,,,,,,,,,,,"(*14,3,7)(2,10,12)-5,16,11(8,13,15)-4,6,9-1",2,3,0.0,False,"14(2,3)7(10,12)16(5,11,15)13-9(8,4,6)-1",4,1,0.0,False,-3,
202303020712,12,3歳以上1勝クラス,ダ,1150,晴,良,16:30,2023-07-22,福島,14,6,12,2020106763,イデアミラーグロ,牡3,55,00641,柴田善臣,1:10.8,1/2,4-5,39.8,68.9,11,482(+2),01056,[東]本間忍,949030,益田修一,,,,,,,,,,,,"(*14,3,7)(2,10,12)-5,16,11(8,13,15)-4,6,9-1",4,3,0.0,False,"14(2,3)7(10,12)16(5,11,15)13-9(8,4,6)-1",5,2,0.0,False,-3,
202303020712,12,3歳以上1勝クラス,ダ,1150,晴,良,16:30,2023-07-22,福島,15,4,8,2018103931,サクラトップメジャ,牝5,56,01153,木幡初也,1:11.1,1.3/4,10-13,39.1,432.2,15,456(+17),01089,[東]武市康男,018803,櫻井秀樹,,,,,,,,,,,,"(*14,3,7)(2,10,12)-5,16,11(8,13,15)-4,6,9-1",10,3,6.5,False,"14(2,3)7(10,12)16(5,11,15)13-9(8,4,6)-1",13,3,3.5,False,-3,
202303020712,12,3歳以上1勝クラス,ダ,1150,晴,良,16:30,2023-07-22,福島,16,1,1,2018101114,クリノグリゴロス,牡5,55,01201,水沼元輝,1:11.8,4,16-16,38.7,475.4,16,514(-4),01090,[東]天間昭一,970006,栗本博晴,,,,,,,,,,,,"(*14,3,7)(2,10,12)-5,16,11(8,13,15)-4,6,9-1",16,1,16.5,False,"14(2,3)7(10,12)16(5,11,15)13-9(8,4,6)-1",16,1,7.0,False,-3,
202307030701,1,障害3歳以上未勝利,芝,3000,晴,良,10:01,2023-07-22,中京,1,1,1,2017103174,ディアマンミノル,牡6,60,01101,中村将之,3:18.9,,5-5-4-3,13.3,2.1,1,468(0),01099,[西]本田優,265008,吉岡實,790.0,"(*5,2)(8,9)(7,1)10,6-3-4",5,2,0.0,False,"(*5,2)(8,9)(7,1)10,6-3,4",5,2,0.0,False,"2,9-5(1,8,10)-6-7=4=3",4,3,5.0,False,"(2,*9)-1-8-10,6=7,5=4=3",3,1,3.5,False,,開催7日目でBコース3日目。開催が進んで直線はやや上がりを要したが、インが伸びる状態は継続。直線で速い脚を使える差し馬が優位に立った。
202307030701,1,障害3歳以上未勝利,芝,3000,晴,良,10:01,2023-07-22,中京,2,2,2,2016104987,コバルトブルー,牡7,59,01196,小牧加矢,3:18.9,クビ,2-2-1-2,13.3,15.7,4,480(-4),01071,[西]池江泰寿,831800,青芝商事,320.0,"(*5,2)(8,9)(7,1)10,6-3-4",2,2,0.0,False,"(*5,2)(8,9)(7,1)10,6-3,4",2,2,0.0,False,"2,9-5(1,8,10)-6-7=4=3",1,1,0.0,False,"(2,*9)-1-8-10,6=7,5=4=3",2,2,0.0,False,,開催7日目でBコース3日目。開催が進んで直線はやや上がりを要したが、インが伸びる状態は継続。直線で速い脚を使える差し馬が優位に立った。
202307030701,1,障害3歳以上未勝利,芝,3000,晴,良,10:01,2023-07-22,中京,3,8,9,2018105605,セブンデイズ,牡5,60,01087,上野翔,3:19.0,クビ,3-3-2-1,13.3,2.3,2,496(+4),01162,[東]田中博康,903007,前迫義幸,200.0,"(*5,2)(8,9)(7,1)10,6-3-4",3,2,0.0,False,"(*5,2)(8,9)(7,1)10,6-3,4",3,2,0.0,False,"2,9-5(1,8,10)-6-7=4=3",2,1,1.5,False,"(2,*9)-1-8-10,6=7,5=4=3",1,2,0.0,True,,開催7日目でBコース3日目。開催が進んで直線はやや上がりを要したが、インが伸びる状態は継続。直線で速い脚を使える差し馬が優位に立った。
202307030701,1,障害3歳以上未勝利,芝,3000,晴,良,10:01,2023-07-22,中京,4,7,8,2017103868,スマートルミエール,牡6,60,01069,五十嵐雄,3:21.2,大,3-3-4-4,13.4,6.8,3,454(-6),01134,[東]高橋文雅,007803,大川徹,120.0,"(*5,2)(8,9)(7,1)10,6-3-4",3,2,0.0,False,"(*5,2)(8,9)(7,1)10,6-3,4",3,2,0.0,False,"2,9-5(1,8,10)-6-7=4=3",4,3,5.0,False,"(2,*9)-1-8-10,6=7,5=4=3",4,1,7.0,False,,開催7日目でBコース3日目。開催が進んで直線はやや上がりを要したが、インが伸びる状態は継続。直線で速い脚を使える差し馬が優位に立った。
202307030701,1,障害3歳以上未勝利,芝,3000,晴,良,10:01,2023-07-22,中京,5,6,6,2019105826,ホウオウフラッシュ,牝4,58,01113,草野太郎,3:22.1,5,8-8-7-6,13.5,20.4,5,442(+2),01100,[東]松山将樹,906033,小笹芳央,79.0,"(*5,2)(8,9)(7,1)10,6-3-4",8,1,1.5,False,"(*5,2)(8,9)(7,1)10,6-3,4",8,1,1.5,False,"2,9-5(1,8,10)-6-7=4=3",7,1,8.5,False,"(2,*9)-1-8-10,6=7,5=4=3",6,1,12.0,False,,開催7日目でBコース3日目。開催が進んで直線はやや上がりを要したが、インが伸びる状態は継続。直線で速い脚を使える差し馬が優位に立った。
202307030701,1,障害3歳以上未勝利,芝,3000,晴,良,10:01,2023-07-22,中京,6,8,10,2018105790,フランコイメル,牡5,60,01072,黒岩悠,3:22.7,3.1/2,7-7-4-5,13.5,22.2,6,520(-4),01161,[西]武英智,334803,ケーエスＨＤ,,"(*5,2)(8,9)(7,1)10,6-3-4",7,1,0.0,False,"(*5,2)(8,9)(7,1)10,6-3,4",7,1,0.0,False,"2,9-5(1,8,10)-6-7=4=3",4,3,5.0,False,"(2,*9)-1-8-10,6=7,5=4=3",5,1,10.5,False,,開催7日目でBコース3日目。開催が進んで直線はやや上がりを要したが、インが伸びる状態は継続。直線で速い脚を使える差し馬が優位に立った。
202307030701,1,障害3歳以上未勝利,芝,3000,晴,良,10:01,2023-07-22,中京,7,7,7,2019106471,アイファーヴァンズ,牡4,60,01120,大江原圭,3:24.2,9,5-5-8-7,13.6,136.1,10,470(-4),01063,[東]的場均,119007,中島稔,,"(*5,2)(8,9)(7,1)10,6-3-4",5,2,0.0,False,"(*5,2)(8,9)(7,1)10,6-3,4",5,2,0.0,False,"2,9-5(1,8,10)-6-7=4=3",8,1,12.0,False,"(2,*9)-1-8-10,6=7,5=4=3",7,1,18.0,False,,開催7日目でBコース3日目。開催が進んで直線はやや上がりを要したが、インが伸びる状態は継続。直線で速い脚を使える差し馬が優位に立った。
202307030701,1,障害3歳以上未勝利,芝,3000,晴,良,10:01,2023-07-22,中京,8,4,4,2016101493,パドカトル,牡7,60,01123,小野寺祐,3:28.2,大,10-10-9-9,13.9,81.4,8,488(+10),01170,[西]坂口智康,466033,今村明浩,,"(*5,2)(8,9)(7,1)10,6-3-4",10,1,8.5,False,"(*5,2)(8,9)(7,1)10,6-3,4",10,1,6.5,False,"2,9-5(1,8,10)-6-7=4=3",9,1,18.0,False,"(2,*9)-1-8-10,6=7,5=4=3",9,1,25.5,False,,開催7日目でBコース3日目。開催が進んで直線はやや上がりを要したが、インが伸びる状態は継続。直線で速い脚を使える差し馬が優位に立った。
202307030701,1,障害3歳以上未勝利,芝,3000,晴,良,10:01,2023-07-22,中京,9,5,5,2018106697,エイユーストロング,牡5,60,01066,難波剛健,3:29.6,9,1-1-3-8,14.0,46.7,7,472(-2),01111,[西]鈴木孝志,529002,笹部義則,,"(*5,2)(8,9)(7,1)10,6-3-4",1,2,0.0,True,"(*5,2)(8,9)(7,1)10,6-3,4",1,2,0.0,True,"2,9-5(1,8,10)-6-7=4=3",3,1,5.0,False,"(2,*9)-1-8-10,6=7,5=4=3",8,1,19.5,False,,開催7日目でBコース3日目。開催が進んで直線はやや上がりを要したが、インが伸びる状態は継続。直線で速い脚を使える差し馬が優位に立った。
202307030701,1,障害3歳以上未勝利,芝,3000,晴,良,10:01,2023-07-22,中京,10,3,3,2020110015,スターリングナウ,牡3,58,01059,石神深一,3:33.7,大,9-9-10-10,14.2,96.8,9,466(+4),01114,[東]和田正一,768005,古賀和夫,,"(*5,2)(8,9)(7,1)10,6-3-4",9,1,5.0,False,"(*5,2)(8,9)(7,1)10,6-3,4",9,1,5.0,False,"2,9-5(1,8,10)-6-7=4=3",10,1,24.0,False,"(2,*9)-1-8-10,6=7,5=4=3",10,1,31.5,False,,開催7日目でBコース3日目。開催が進んで直線はやや上がりを要したが、インが伸びる状態は継続。直線で速い脚を使える差し馬が優位に立った。
202307030702,2,3歳未勝利,ダ,1800,晴,良,10:35,2023-07-22,中京,1,8,15,2020106927,リュクスドレフォン,牡3,56,01138,藤懸貴志,1:53.5,,2-2-2-2,37.8,13.5,5,508(+8),01082,[西]平田修,215008,田畑憲士,550.0,"(*8,15)(4,3,10)11,6,2,13,16(7,5)(9,14)-(1,12)",2,2,0.0,False,"(*8,15)(4,3,10)11(2,6)-(7,13,16)5,9,14-(1,12)",2,2,0.0,False,"(*8,15,10)3(4,11,6)2(7,13)(9,5,16)(12,14)=1",2,3,0.0,False,"(*8,15)(3,10)-(4,11)(2,7)(5,6)(9,13,16)(12,14)=1",2,2,0.0,False,-14,
202307030702,2,3歳未勝利,ダ,1800,晴,良,10:35,2023-07-22,中京,2,2,3,2020104472,プレッジ,牝3,54,01171,西村淳也,1:54.4,5,3-3-4-3,38.5,6.2,4,472(+4),01137,[西]中内田充,994002,飯田正剛,220.0,"(*8,15)(4,3,10)11,6,2,13,16(7,5)(9,14)-(1,12)",3,3,0.0,False,"(*8,15)(4,3,10)11(2,6)-(7,13,16)5,9,14-(1,12)",3,3,0.0,False,"(*8,15,10)3(4,11,6)2(7,13)(9,5,16)(12,14)=1",4,1,0.0,False,"(*8,15)(3,10)-(4,11)(2,7)(5,6)(9,13,16)(12,14)=1",3,2,0.0,False,-14,
202307030702,2,3歳未勝利,ダ,1800,晴,良,10:35,2023-07-22,中京,3,3,5,2020101960,フミヤングフェイス,牡3,55,01199,角田大河,1:54.6,1,11-12-11-9,37.7,28.6,8,494(0),01172,[西]新谷功一,874033,ＳＴレーシング,140.0,"(*8,15)(4,3,10)11,6,2,13,16(7,5)(9,14)-(1,12)",11,2,6.0,False,"(*8,15)(4,3,10)11(2,6)-(7,13,16)5,9,14-(1,12)",12,1,3.5,False,"(*8,15,10)3(4,11,6)2(7,13)(9,5,16)(12,14)=1",11,3,0.0,False,"(*8,15)(3,10)-(4,11)(2,7)(5,6)(9,13,16)(12,14)=1",9,2,3.5,False,-14,
202307030702,2,3歳未勝利,ダ,1800,晴,良,10:35,2023-07-22,中京,4,5,10,2020110073,イサイアス,牡3,56,01180,団野大成,1:54.7,3/4,3-3-2-3,39.0,5.0,3,446(0),01130,[西]吉村圭司,994002,飯田正剛,83.0,"(*8,15)(4,3,10)11,6,2,13,16(7,5)(9,14)-(1,12)",3,3,0.0,False,"(*8,15)(4,3,10)11(2,6)-(7,13,16)5,9,14-(1,12)",3,3,0.0,False,"(*8,15,10)3(4,11,6)2(7,13)(9,5,16)(12,14)=1",2,3,0.0,False,"(*8,15)(3,10)-(4,11)(2,7)(5,6)(9,13,16)(12,14)=1",3,2,0.0,False,-14,
202307030702,2,3歳未勝利,ダ,1800,晴,良,10:35,2023-07-22,中京,5,2,4,2020104834,ロットゥーラ,牡3,53,01200,西塚洸二,1:55.2,3,3-3-5-5,39.0,385.6,16,454(0),01183,[西]辻野泰之,160031,牧埜幸一,55.0,"(*8,15)(4,3,10)11,6,2,13,16(7,5)(9,14)-(1,12)",3,3,0.0,False,"(*8,15)(4,3,10)11(2,6)-(7,13,16)5,9,14-(1,12)",3,3,0.0,False,"(*8,15,10)3(4,11,6)2(7,13)(9,5,16)(12,14)=1",5,3,0.0,False,"(*8,15)(3,10)-(4,11)(2,7)(5,6)(9,13,16)(12,14)=1",5,2,3.5,False,-14,
202307030702,2,3歳未勝利,ダ,1800,晴,良,10:35,2023-07-22,中京,6,4,7,2020106315,シャンドゥルン,牝3,54,01125,国分優作,1:55.3,クビ,11-9-9-7,38.7,167.7,13,438(-4),01042,[西]安達昭夫,702002,玉井宏和,,"(*8,15)(4,3,10)11,6,2,13,16(7,5)(9,14)-(1,12)",11,2,6.0,False,"(*8,15)(4,3,10)11(2,6)-(7,13,16)5,9,14-(1,12)",9,3,3.5,False,"(*8,15,10)3(4,11,6)2(7,13)(9,5,16)(12,14)=1",9,2,0.0,False,"(*8,15)(3,10)-(4,11)(2,7)(5,6)(9,13,16)(12,14)=1",7,2,3.5,False,-14,
202307030702,2,3歳未勝利,ダ,1800,晴,良,10:35,2023-07-22,中京,7,6,12,2020106645,アッチェレランド,牡3,56,01163,坂井瑠星,1:55.8,3,15-15-14-14,38.6,4.0,2,578(-2),01075,[西]矢作芳人,877800,ラ・メール,,"(*8,15)(4,3,10)11,6,2,13,16(7,5)(9,14)-(1,12)",15,2,9.5,False,"(*8,15)(4,3,10)11(2,6)-(7,13,16)5,9,14-(1,12)",15,2,10.0,False,"(*8,15,10)3(4,11,6)2(7,13)(9,5,16)(12,14)=1",14,2,0.0,False,"(*8,15)(3,10)-(4,11)(2,7)(5,6)(9,13,16)(12,14)=1",14,2,3.5,False,-14,
202307030702,2,3歳未勝利,ダ,1800,晴,良,10:35,2023-07-22,中京,8,4,8,2020104937,ヴォアプレット,牡3,56,01116,藤岡康太,1:55.8,アタマ,1-1-1-1,40.1,36.0,9,450(-2),01137,[西]中内田充,708800,金子真人ホールディン...,,"(*8,15)(4,3,10)11,6,2,13,16(7,5)(9,14)-(1,12)",1,2,0.0,True,"(*8,15)(4,3,10)11(2,6)-(7,13,16)5,9,14-(1,12)",1,2,0.0,True,"(*8,15,10)3(4,11,6)2(7,13)(9,5,16)(12,14)=1",1,3,0.0,True,"(*8,15)(3,10)-(4,11)(2,7)(5,6)(9,13,16)(12,14)=1",1,2,0.0,True,-14,
202307030702,2,3歳未勝利,ダ,1800,晴,良,10:35,2023-07-22,中京,9,1,2,2020100302,アルフェニン,牝3,54,01154,松若風馬,1:55.9,1,8-7-8-7,39.6,25.9,7,470(0),01173,[西]長谷川浩,788800,ノースヒルズ,,"(*8,15)(4,3,10)11,6,2,13,16(7,5)(9,14)-(1,12)",8,1,3.0,False,"(*8,15)(4,3,10)11(2,6)-(7,13,16)5,9,14-(1,12)",7,2,0.0,False,"(*8,15,10)3(4,11,6)2(7,13)(9,5,16)(12,14)=1",8,1,0.0,False,"(*8,15)(3,10)-(4,11)(2,7)(5,6)(9,13,16)(12,14)=1",7,2,3.5,False,-14,
202307030702,2,3歳未勝利,ダ,1800,晴,良,10:35,2023-07-22,中京,10,5,9,2020106036,タガノマカロン,牝3,54,00732,幸英明,1:55.9,ハナ,13-13-11-11,39.0,75.8,12,456(0),01041,[西]藤沢則雄,859002,八木良司,,"(*8,15)(4,3,10)11,6,2,13,16(7,5)(9,14)-(1,12)",13,2,6.0,False,"(*8,15)(4,3,10)11(2,6)-(7,13,16)5,9,14-(1,12)",13,1,5.0,False,"(*8,15,10)3(4,11,6)2(7,13)(9,5,16)(12,14)=1",11,3,0.0,False,"(*8,15)(3,10)-(4,11)(2,7)(5,6)(9,13,16)(12,14)=1",11,3,3.5,False,-14,
202307030702,2,3歳未勝利,ダ,1800,晴,良,10:35,2023-07-22,中京,11,6,11,2020110067,カウピリ,牝3,54,01160,荻野極,1:56.0,クビ,6-6-5-5,39.9,64.8,11,452(0),01092,[西]松永幹夫,788800,ノースヒルズ,,"(*8,15)(4,3,10)11,6,2,13,16(7,5)(9,14)-(1,12)",6,1,0.0,False,"(*8,15)(4,3,10)11(2,6)-(7,13,16)5,9,14-(1,12)",6,1,0.0,False,"(*8,15,10)3(4,11,6)2(7,13)(9,5,16)(12,14)=1",5,3,0.0,False,"(*8,15)(3,10)-(4,11)(2,7)(5,6)(9,13,16)(12,14)=1",5,2,3.5,False,-14,
202307030702,2,3歳未勝利,ダ,1800,晴,良,10:35,2023-07-22,中京,12,7,13,2020110057,ホシノスナ,牡3,56,01130,高倉稜,1:56.4,2.1/2,9-9-9-11,39.7,21.6,6,540(-2),01157,[西]杉山晴紀,003060,ゴドルフィン,,"(*8,15)(4,3,10)11,6,2,13,16(7,5)(9,14)-(1,12)",9,1,4.5,False,"(*8,15)(4,3,10)11(2,6)-(7,13,16)5,9,14-(1,12)",9,3,3.5,False,"(*8,15,10)3(4,11,6)2(7,13)(9,5,16)(12,14)=1",9,2,0.0,False,"(*8,15)(3,10)-(4,11)(2,7)(5,6)(9,13,16)(12,14)=1",11,3,3.5,False,-14,
202307030702,2,3歳未勝利,ダ,1800,晴,良,10:35,2023-07-22,中京,13,7,14,2020103362,ハーベストデイ,牡3,52,01204,河原田菜,1:58.1,10,13-14-14-14,40.9,282.6,15,480(-6),01149,[西]松下武士,226800,サンデーレーシング,,"(*8,15)(4,3,10)11,6,2,13,16(7,5)(9,14)-(1,12)",13,2,6.0,False,"(*8,15)(4,3,10)11(2,6)-(7,13,16)5,9,14-(1,12)",14,1,6.5,False,"(*8,15,10)3(4,11,6)2(7,13)(9,5,16)(12,14)=1",14,2,0.0,False,"(*8,15)(3,10)-(4,11)(2,7)(5,6)(9,13,16)(12,14)=1",14,2,3.5,False,-14,
202307030702,2,3歳未勝利,ダ,1800,晴,良,10:35,2023-07-22,中京,14,8,16,2020100115,キュールエスグリ,牝3,51,01187,永島まな,1:58.3,1.1/4,10-9-11-11,41.4,37.3,10,446(-12),01069,[西]中尾秀正,131030,岡本良三,,"(*8,15)(4,3,10)11,6,2,13,16(7,5)(9,14)-(1,12)",10,1,6.0,False,"(*8,15)(4,3,10)11(2,6)-(7,13,16)5,9,14-(1,12)",9,3,3.5,False,"(*8,15,10)3(4,11,6)2(7,13)(9,5,16)(12,14)=1",11,3,0.0,False,"(*8,15)(3,10)-(4,11)(2,7)(5,6)(9,13,16)(12,14)=1",11,3,3.5,False,-14,
202307030702,2,3歳未勝利,ダ,1800,晴,良,10:35,2023-07-22,中京,15,3,6,2020101820,ロングウッド,牡3,56,01174,岩田望来,1:59.4,7,7-7-5-9,43.3,2.8,1,488(-2),01130,[西]吉村圭司,003060,ゴドルフィン,,"(*8,15)(4,3,10)11,6,2,13,16(7,5)(9,14)-(1,12)",7,1,1.5,False,"(*8,15)(4,3,10)11(2,6)-(7,13,16)5,9,14-(1,12)",7,2,0.0,False,"(*8,15,10)3(4,11,6)2(7,13)(9,5,16)(12,14)=1",5,3,0.0,False,"(*8,15)(3,10)-(4,11)(2,7)(5,6)(9,13,16)(12,14)=1",9,2,3.5,False,-14,
202307030702,2,3歳未勝利,ダ,1800,晴,良,10:35,2023-07-22,中京,16,1,1,2020103249,マンオブグリット,牡3,56,01034,酒井学,2:01.8,大,15-15-16-16,42.6,204.6,14,550(0),01092,[西]松永幹夫,358803,ホシノレーシング,,"(*8,15)(4,3,10)11,6,2,13,16(7,5)(9,14)-(1,12)",15,2,9.5,False,"(*8,15)(4,3,10)11(2,6)-(7,13,16)5,9,14-(1,12)",15,2,10.0,False,"(*8,15,10)3(4,11,6)2(7,13)(9,5,16)(12,14)=1",16,1,6.0,False,"(*8,15)(3,10)-(4,11)(2,7)(5,6)(9,13,16)(12,14)=1",16,1,9.5,False,-14,
202307030703,3,3歳未勝利,ダ,1200,晴,良,11:05,2023-07-22,中京,1,4,8,2020105084,ビナカントー,牝3,50,01204,河原田菜,1:12.8,,4-5,36.7,10.6,4,478(+4),01040,[西]服部利之,310030,井之口二三雄,550.0,,,,,,,,,,,"(*3,12)14(7,8)-2(5,16,6)(1,4)(10,13)15,11   9",4,2,0.0,False,"3,12(7,14)8,2(16,6)5(1,4,13)10(11,15)   9",5,1,1.5,False,-14,
202307030703,3,3歳未勝利,ダ,1200,晴,良,11:05,2023-07-22,中京,2,2,3,2020100743,ホッコーアリス,牝3,54,01141,中井裕二,1:12.8,クビ,1-1,37.1,269.5,12,436(-2),01139,[西]飯田祐史,057803,北幸商事,220.0,,,,,,,,,,,"(*3,12)14(7,8)-2(5,16,6)(1,4)(10,13)15,11   9",1,2,0.0,True,"3,12(7,14)8,2(16,6)5(1,4,13)10(11,15)   9",1,1,0.0,False,-14,
202307030703,3,3歳未勝利,ダ,1200,晴,良,11:05,2023-07-22,中京,3,4,7,2020106321,タノムデホンマ,セ3,56,01133,水口優也,1:12.8,アタマ,4-3,36.8,10.7,5,416(+2),01040,[西]服部利之,372008,三宅勝俊,140.0,,,,,,,,,,,"(*3,12)14(7,8)-2(5,16,6)(1,4)(10,13)15,11   9",4,2,0.0,False,"3,12(7,14)8,2(16,6)5(1,4,13)10(11,15)   9",3,2,1.5,False,-14,
202307030703,3,3歳未勝利,ダ,1200,晴,良,11:05,2023-07-22,中京,4,6,12,2020106845,メイショウバラッド,牝3,54,01018,和田竜二,1:13.1,1.3/4,2-2,37.3,26.7,6,470(-8),01173,[西]長谷川浩,523005,松本好雄,83.0,,,,,,,,,,,"(*3,12)14(7,8)-2(5,16,6)(1,4)(10,13)15,11   9",2,2,0.0,False,"3,12(7,14)8,2(16,6)5(1,4,13)10(11,15)   9",2,1,1.5,False,-14,
202307030703,3,3歳未勝利,ダ,1200,晴,良,11:05,2023-07-22,中京,5,1,2,2020110044,ボタニカルガーデン,牝3,54,01174,岩田望来,1:13.4,1.3/4,6-6,37.0,2.5,2,436(-2),01184,[西]四位洋文,003060,ゴドルフィン,55.0,,,,,,,,,,,"(*3,12)14(7,8)-2(5,16,6)(1,4)(10,13)15,11   9",6,1,3.5,False,"3,12(7,14)8,2(16,6)5(1,4,13)10(11,15)   9",6,1,3.0,False,-14,
202307030703,3,3歳未勝利,ダ,1200,晴,良,11:05,2023-07-22,中京,6,7,14,2020105682,ウルトラワールド,牡3,53,01187,永島まな,1:13.4,クビ,3-3,37.5,45.3,9,460(-4),01069,[西]中尾秀正,629002,中野義一,,,,,,,,,,,,"(*3,12)14(7,8)-2(5,16,6)(1,4)(10,13)15,11   9",3,1,0.0,False,"3,12(7,14)8,2(16,6)5(1,4,13)10(11,15)   9",3,2,1.5,False,-14,
202307030703,3,3歳未勝利,ダ,1200,晴,良,11:05,2023-07-22,中京,7,7,13,2020102910,ハイクライテリア,セ3,56,01125,国分優作,1:13.5,クビ,12-10,36.5,149.3,10,464(0),01180,[西]田中克典,542800,ライオンレースホース,,,,,,,,,,,,"(*3,12)14(7,8)-2(5,16,6)(1,4)(10,13)15,11   9",12,2,3.5,False,"3,12(7,14)8,2(16,6)5(1,4,13)10(11,15)   9",10,3,3.0,False,-14,
202307030703,3,3歳未勝利,ダ,1200,晴,良,11:05,2023-07-22,中京,8,8,16,2020104476,フォーサイティド,牝3,54,01163,坂井瑠星,1:13.6,3/4,7-7,37.0,8.4,3,490(-2),01181,[西]茶木太樹,994002,飯田正剛,,,,,,,,,,,,"(*3,12)14(7,8)-2(5,16,6)(1,4)(10,13)15,11   9",7,3,3.5,False,"3,12(7,14)8,2(16,6)5(1,4,13)10(11,15)   9",7,2,3.0,False,-14,
202307030703,3,3歳未勝利,ダ,1200,晴,良,11:05,2023-07-22,中京,9,2,4,2020104756,タマモメガジョッキ,牡3,55,01182,泉谷楓真,1:13.8,3/4,10-10,37.0,41.6,8,460(-10),01193,[西]緒方努,515800,タマモ,,,,,,,,,,,,"(*3,12)14(7,8)-2(5,16,6)(1,4)(10,13)15,11   9",10,2,3.5,False,"3,12(7,14)8,2(16,6)5(1,4,13)10(11,15)   9",10,3,3.0,False,-14,
202307030703,3,3歳未勝利,ダ,1200,晴,良,11:05,2023-07-22,中京,10,8,15,2020102979,チリセラーノ,牡3,56,01138,藤懸貴志,1:13.8,ハナ,14-14,36.6,30.3,7,494(0),01082,[西]平田修,415800,社台レースホース,,,,,,,,,,,,"(*3,12)14(7,8)-2(5,16,6)(1,4)(10,13)15,11   9",14,1,3.5,False,"3,12(7,14)8,2(16,6)5(1,4,13)10(11,15)   9",14,2,3.0,False,-14,
202307030703,3,3歳未勝利,ダ,1200,晴,良,11:05,2023-07-22,中京,11,1,1,2020100752,エレナユニヴァース,牝3,54,01105,田村太雅,1:14.0,1.1/4,10-10,37.2,469.7,15,452(0),01188,[西]畑端省吾,710033,上山牧,,,,,,,,,,,,"(*3,12)14(7,8)-2(5,16,6)(1,4)(10,13)15,11   9",10,2,3.5,False,"3,12(7,14)8,2(16,6)5(1,4,13)10(11,15)   9",10,3,3.0,False,-14,
202307030703,3,3歳未勝利,ダ,1200,晴,良,11:05,2023-07-22,中京,12,6,11,2020104417,メイショウスイケイ,牡3,56,01147,城戸義政,1:14.2,1.1/2,15-14,36.9,386.7,14,440(+4),01095,[西]荒川義之,523005,松本好雄,,,,,,,,,,,,"(*3,12)14(7,8)-2(5,16,6)(1,4)(10,13)15,11   9",15,1,5.0,False,"3,12(7,14)8,2(16,6)5(1,4,13)10(11,15)   9",14,2,3.0,False,-14,
202307030703,3,3歳未勝利,ダ,1200,晴,良,11:05,2023-07-22,中京,13,3,6,2020103339,ナゲットモンスター,牡3,56,01126,松山弘平,1:14.3,3/4,7-7,37.7,2.4,1,528(-14),01148,[西]西村真幸,431002,馬場幸夫,,,,,,,,,,,,"(*3,12)14(7,8)-2(5,16,6)(1,4)(10,13)15,11   9",7,3,3.5,False,"3,12(7,14)8,2(16,6)5(1,4,13)10(11,15)   9",7,2,3.0,False,-14,
202307030703,3,3歳未勝利,ダ,1200,晴,良,11:05,2023-07-22,中京,14,5,10,2020105883,シンゼンアツタ,牡3,53,01195,川端海翼,1:15.3,6,12-13,38.3,309.2,13,484(+2),01139,[西]飯田祐史,043030,原司郎,,,,,,,,,,,,"(*3,12)14(7,8)-2(5,16,6)(1,4)(10,13)15,11   9",12,2,3.5,False,"3,12(7,14)8,2(16,6)5(1,4,13)10(11,15)   9",13,1,3.0,False,-14,
202307030703,3,3歳未勝利,ダ,1200,晴,良,11:05,2023-07-22,中京,15,3,5,2020102297,マロンアルジャン,牝3,51,01208,田口貫太,1:15.4,クビ,7-9,38.8,201.7,11,458(+2),01040,[西]服部利之,188800,ＹＧＧホースクラブ,,,,,,,,,,,,"(*3,12)14(7,8)-2(5,16,6)(1,4)(10,13)15,11   9",7,3,3.5,False,"3,12(7,14)8,2(16,6)5(1,4,13)10(11,15)   9",9,1,3.0,False,-14,
202307030703,3,3歳未勝利,ダ,1200,晴,良,11:05,2023-07-22,中京,除,5,9,2020103971,エースオブスペーズ,セ3,56,01171,西村淳也,,,,,---,,442(-14),01181,[西]茶木太樹,547800,ヒダカ・ブリーダーズ...,,,,,,,,,,,,"(*3,12)14(7,8)-2(5,16,6)(1,4)(10,13)15,11   9",16,1,11.0,False,"3,12(7,14)8,2(16,6)5(1,4,13)10(11,15)   9",16,1,9.0,False,-14,
202307030704,4,障害3歳以上OP,芝,3330,晴,良,11:35,2023-07-22,中京,1,2,2,2019101614,エコロデュエル,牡4,60,01113,草野太郎,3:42.3,,5-4-6-6,13.4,2.9,1,468(+4),01051,[東]岩戸孝樹,783033,原村正紀,"1,350.0","6(1,5,4)(2,9)(3,7,8)",5,2,0.0,False,"(*6,1,5)-(2,9,4)8(3,7)",4,3,3.5,False,"(*6,1)(9,5)8(2,4)7-3",6,2,0.0,False,"(*1,8)5(6,7)(2,9,4)3",6,3,0.0,False,,開催7日目でBコース3日目。開催が進んで直線はやや上がりを要したが、インが伸びる状態は継続。直線で速い脚を使える差し馬が優位に立った。
202307030704,4,障害3歳以上OP,芝,3330,晴,良,11:35,2023-07-22,中京,2,3,3,2013104030,ホシルミエール,セ10,60,01063,小坂忠士,3:42.8,3,7-8-9-9,13.4,36.6,8,474(+10),01087,[西]庄野靖志,362031,永井孝明,540.0,"6(1,5,4)(2,9)(3,7,8)",7,3,0.0,False,"(*6,1,5)-(2,9,4)8(3,7)",8,2,3.5,False,"(*6,1)(9,5)8(2,4)7-3",9,1,3.5,False,"(*1,8)5(6,7)(2,9,4)3",9,1,0.0,False,,開催7日目でBコース3日目。開催が進んで直線はやや上がりを要したが、インが伸びる状態は継続。直線で速い脚を使える差し馬が優位に立った。
202307030704,4,障害3歳以上OP,芝,3330,晴,良,11:35,2023-07-22,中京,3,8,9,2017100360,ハーツシンフォニー,セ6,60,01059,石神深一,3:43.0,3/4,5-4-3-6,13.4,3.6,2,470(+2),01182,[東]辻哲英,026803,ＤＭＭドリームクラブ,340.0,"6(1,5,4)(2,9)(3,7,8)",5,2,0.0,False,"(*6,1,5)-(2,9,4)8(3,7)",4,3,3.5,False,"(*6,1)(9,5)8(2,4)7-3",3,2,0.0,False,"(*1,8)5(6,7)(2,9,4)3",6,3,0.0,False,,開催7日目でBコース3日目。開催が進んで直線はやや上がりを要したが、インが伸びる状態は継続。直線で速い脚を使える差し馬が優位に立った。
202307030704,4,障害3歳以上OP,芝,3330,晴,良,11:35,2023-07-22,中京,4,7,7,2015105583,イベリア,牡8,60,00691,北沢伸也,3:43.2,1.1/4,7-8-8-4,13.4,8.4,4,524(+2),01041,[西]藤沢則雄,819031,森田和豊,200.0,"6(1,5,4)(2,9)(3,7,8)",7,3,0.0,False,"(*6,1,5)-(2,9,4)8(3,7)",8,2,3.5,False,"(*6,1)(9,5)8(2,4)7-3",8,1,0.0,False,"(*1,8)5(6,7)(2,9,4)3",4,2,0.0,False,,開催7日目でBコース3日目。開催が進んで直線はやや上がりを要したが、インが伸びる状態は継続。直線で速い脚を使える差し馬が優位に立った。
202307030704,4,障害3歳以上OP,芝,3330,晴,良,11:35,2023-07-22,中京,5,1,1,2014103896,メイショウハチク,セ9,60,01101,中村将之,3:43.4,1.1/4,2-2-2-1,13.4,9.6,5,472(+2),01042,[西]安達昭夫,523005,松本好雄,135.0,"6(1,5,4)(2,9)(3,7,8)",2,3,0.0,False,"(*6,1,5)-(2,9,4)8(3,7)",2,3,0.0,False,"(*6,1)(9,5)8(2,4)7-3",2,2,0.0,False,"(*1,8)5(6,7)(2,9,4)3",1,2,0.0,True,,開催7日目でBコース3日目。開催が進んで直線はやや上がりを要したが、インが伸びる状態は継続。直線で速い脚を使える差し馬が優位に立った。
202307030704,4,障害3歳以上OP,芝,3330,晴,良,11:35,2023-07-22,中京,6,5,5,2017106400,ポールトゥウィン,牡6,59,01196,小牧加矢,3:43.4,クビ,2-2-3-3,13.4,4.2,3,522(+6),01170,[西]坂口智康,045803,カナヤマホールディン...,,"6(1,5,4)(2,9)(3,7,8)",2,3,0.0,False,"(*6,1,5)-(2,9,4)8(3,7)",2,3,0.0,False,"(*6,1)(9,5)8(2,4)7-3",3,2,0.0,False,"(*1,8)5(6,7)(2,9,4)3",3,1,0.0,False,,開催7日目でBコース3日目。開催が進んで直線はやや上がりを要したが、インが伸びる状態は継続。直線で速い脚を使える差し馬が優位に立った。
202307030704,4,障害3歳以上OP,芝,3330,晴,良,11:35,2023-07-22,中京,7,8,8,2019102005,ドンシャーク,牡4,60,01067,平沢健治,3:43.6,1.1/4,7-7-5-2,13.4,38.5,9,494(+4),01128,[西]今野貞一,440006,山田貢一,,"6(1,5,4)(2,9)(3,7,8)",7,3,0.0,False,"(*6,1,5)-(2,9,4)8(3,7)",7,1,3.5,False,"(*6,1)(9,5)8(2,4)7-3",5,1,0.0,False,"(*1,8)5(6,7)(2,9,4)3",2,2,0.0,False,,開催7日目でBコース3日目。開催が進んで直線はやや上がりを要したが、インが伸びる状態は継続。直線で速い脚を使える差し馬が優位に立った。
202307030704,4,障害3歳以上OP,芝,3330,晴,良,11:35,2023-07-22,中京,8,6,6,2016105367,ルヴォルグ,セ7,60,01069,五十嵐雄,3:50.3,大,1-1-1-4,13.8,15.3,6,522(+12),01114,[東]和田正一,046803,フクキタル,,"6(1,5,4)(2,9)(3,7,8)",1,1,0.0,False,"(*6,1,5)-(2,9,4)8(3,7)",1,3,0.0,True,"(*6,1)(9,5)8(2,4)7-3",1,2,0.0,True,"(*1,8)5(6,7)(2,9,4)3",4,2,0.0,False,,開催7日目でBコース3日目。開催が進んで直線はやや上がりを要したが、インが伸びる状態は継続。直線で速い脚を使える差し馬が優位に立った。
202307030704,4,障害3歳以上OP,芝,3330,晴,良,11:35,2023-07-22,中京,9,4,4,2018104996,ヒストリアノワール,セ5,60,01149,伴啓太,3:54.5,大,2-4-6-6,14.1,16.6,7,442(0),01195,[東]嘉藤貴行,506800,シルクレーシング,,"6(1,5,4)(2,9)(3,7,8)",2,3,0.0,False,"(*6,1,5)-(2,9,4)8(3,7)",4,3,3.5,False,"(*6,1)(9,5)8(2,4)7-3",6,2,0.0,False,"(*1,8)5(6,7)(2,9,4)3",6,3,0.0,False,,開催7日目でBコース3日目。開催が進んで直線はやや上がりを要したが、インが伸びる状態は継続。直線で速い脚を使える差し馬が優位に立った。
202307030705,5,2歳新馬,芝,1600,晴,良,12:25,2023-07-22,中京,1,3,3,2021105529,ルクスノア,牝2,52,01187,永島まな,1:37.0,,3-3-3,35.1,4.9,4,466(0),01082,[西]平田修,397803,ルクス,720.0,,,,,,"(*2,6)3(1,8)-5,4,7",3,1,0.0,False,"(*2,6)3,1,5,8,4=7",3,1,0.0,False,"(*2,6)(3,1)5(4,8)-7",3,2,0.0,False,-10,開催7日目でBコース3日目。開催が進んで直線はやや上がりを要したが、インが伸びる状態は継続。直線で速い脚を使える差し馬が優位に立った。
202307030705,5,2歳新馬,芝,1600,晴,良,12:25,2023-07-22,中京,2,2,2,2021101400,マックスセレナーデ,牝2,55,01126,松山弘平,1:37.5,3,1-1-1,35.9,3.4,2,502(0),01154,[西]橋口慎介,463031,フィールドレーシング,290.0,,,,,,"(*2,6)3(1,8)-5,4,7",1,2,0.0,True,"(*2,6)3,1,5,8,4=7",1,2,0.0,True,"(*2,6)(3,1)5(4,8)-7",1,2,0.0,True,-10,開催7日目でBコース3日目。開催が進んで直線はやや上がりを要したが、インが伸びる状態は継続。直線で速い脚を使える差し馬が優位に立った。
202307030705,5,2歳新馬,芝,1600,晴,良,12:25,2023-07-22,中京,3,1,1,2021105689,エヴァンスウィート,牝2,55,01163,坂井瑠星,1:37.9,2.1/2,4-4-3,36.0,2.6,1,428(0),01061,[西]友道康夫,006030,佐々木主浩,180.0,,,,,,"(*2,6)3(1,8)-5,4,7",4,2,0.0,False,"(*2,6)3,1,5,8,4=7",4,1,1.5,False,"(*2,6)(3,1)5(4,8)-7",3,2,0.0,False,-10,開催7日目でBコース3日目。開催が進んで直線はやや上がりを要したが、インが伸びる状態は継続。直線で速い脚を使える差し馬が優位に立った。
202307030705,5,2歳新馬,芝,1600,晴,良,12:25,2023-07-22,中京,4,5,5,2021104886,ドゥーカスコーリ,牝2,55,01088,川田将雅,1:38.2,2,6-5-5,36.2,4.5,3,434(0),01166,[西]石坂公一,415800,社台レースホース,110.0,,,,,,"(*2,6)3(1,8)-5,4,7",6,1,3.5,False,"(*2,6)3,1,5,8,4=7",5,1,3.0,False,"(*2,6)(3,1)5(4,8)-7",5,1,0.0,False,-10,開催7日目でBコース3日目。開催が進んで直線はやや上がりを要したが、インが伸びる状態は継続。直線で速い脚を使える差し馬が優位に立った。
202307030705,5,2歳新馬,芝,1600,晴,良,12:25,2023-07-22,中京,5,4,4,2021103161,トーレ,牡2,54,01199,角田大河,1:39.0,5,7-7-6,36.8,95.4,8,468(0),01136,[西]高橋亮,651031,猪又晶介,72.0,,,,,,"(*2,6)3(1,8)-5,4,7",7,1,5.0,False,"(*2,6)3,1,5,8,4=7",7,1,6.0,False,"(*2,6)(3,1)5(4,8)-7",6,2,0.0,False,-10,開催7日目でBコース3日目。開催が進んで直線はやや上がりを要したが、インが伸びる状態は継続。直線で速い脚を使える差し馬が優位に立った。
202307030705,5,2歳新馬,芝,1600,晴,良,12:25,2023-07-22,中京,6,8,8,2021103176,タイキエルキーオ,牡2,52,01208,田口貫太,1:39.2,1,4-6-6,37.0,40.9,7,470(0),00431,[西]谷潔,536800,大樹ファーム,,,,,,,"(*2,6)3(1,8)-5,4,7",4,2,0.0,False,"(*2,6)3,1,5,8,4=7",6,1,4.5,False,"(*2,6)(3,1)5(4,8)-7",6,2,0.0,False,-10,開催7日目でBコース3日目。開催が進んで直線はやや上がりを要したが、インが伸びる状態は継続。直線で速い脚を使える差し馬が優位に立った。
202307030705,5,2歳新馬,芝,1600,晴,良,12:25,2023-07-22,中京,7,7,7,2021104512,ランゲル,牝2,55,01018,和田竜二,1:39.6,2.1/2,8-8-8,36.9,27.3,5,438(0),01111,[西]鈴木孝志,836008,桑畑隆信,,,,,,,"(*2,6)3(1,8)-5,4,7",8,1,6.5,False,"(*2,6)3,1,5,8,4=7",8,1,12.0,False,"(*2,6)(3,1)5(4,8)-7",8,1,3.5,False,-10,開催7日目でBコース3日目。開催が進んで直線はやや上がりを要したが、インが伸びる状態は継続。直線で速い脚を使える差し馬が優位に立った。
202307030705,5,2歳新馬,芝,1600,晴,良,12:25,2023-07-22,中京,8,6,6,2021106171,ブルーサン,牡2,55,01174,岩田望来,1:41.1,9,2-2-2,39.4,35.5,6,510(0),01003,[西]川村禎彦,812008,石瀬浩三,,,,,,,"(*2,6)3(1,8)-5,4,7",2,2,0.0,False,"(*2,6)3,1,5,8,4=7",2,2,0.0,False,"(*2,6)(3,1)5(4,8)-7",2,2,0.0,False,-10,開催7日目でBコース3日目。開催が進んで直線はやや上がりを要したが、インが伸びる状態は継続。直線で速い脚を使える差し馬が優位に立った。
202307030706,6,3歳未勝利,ダ,1400,晴,良,12:55,2023-07-22,中京,1,1,1,2020106518,エイシンレジューム,牡3,56,01180,団野大成,1:24.6,,3-3,37.6,1.5,1,492(-10),01069,[西]中尾秀正,785800,栄進堂,550.0,,,,,,,,,,,"(*4,6)(1,13)-(2,14)8(3,9)12(7,10)11(5,16)   15",3,2,0.0,False,"(*4,6)(1,13)-(2,14)8-3,9(7,12)10,16,11,5   15",3,2,0.0,False,-12,
202307030706,6,3歳未勝利,ダ,1400,晴,良,12:55,2023-07-22,中京,2,6,12,2020105585,カズペトシーン,牡3,56,01163,坂井瑠星,1:25.3,4,10-10,37.2,12.0,5,478(+8),01144,[西]池添学,879800,雅苑興業,220.0,,,,,,,,,,,"(*4,6)(1,13)-(2,14)8(3,9)12(7,10)11(5,16)   15",10,1,3.5,False,"(*4,6)(1,13)-(2,14)8-3,9(7,12)10,16,11,5   15",10,2,8.5,False,-12,
202307030706,6,3歳未勝利,ダ,1400,晴,良,12:55,2023-07-22,中京,3,3,6,2020104947,アルティジャナーレ,牝3,54,01126,松山弘平,1:25.4,1/2,2-2,38.6,61.8,9,450(-6),01181,[西]茶木太樹,346803,吉澤ホールディングス,140.0,,,,,,,,,,,"(*4,6)(1,13)-(2,14)8(3,9)12(7,10)11(5,16)   15",2,2,0.0,False,"(*4,6)(1,13)-(2,14)8-3,9(7,12)10,16,11,5   15",2,2,0.0,False,-12,
202307030706,6,3歳未勝利,ダ,1400,晴,良,12:55,2023-07-22,中京,4,2,3,2020101594,セブンスストリート,牡3,56,01018,和田竜二,1:25.4,クビ,8-8,37.4,6.6,2,442(0),01176,[西]吉岡辰弥,272008,下河辺隆行,83.0,,,,,,,,,,,"(*4,6)(1,13)-(2,14)8(3,9)12(7,10)11(5,16)   15",8,2,3.5,False,"(*4,6)(1,13)-(2,14)8-3,9(7,12)10,16,11,5   15",8,1,7.0,False,-12,
202307030706,6,3歳未勝利,ダ,1400,晴,良,12:55,2023-07-22,中京,5,7,14,2020102186,ルクスメテオール,牡3,53,01187,永島まな,1:25.4,クビ,5-5,37.8,9.5,4,478(-2),01185,[西]小林真也,397803,ルクス,55.0,,,,,,,,,,,"(*4,6)(1,13)-(2,14)8(3,9)12(7,10)11(5,16)   15",5,2,3.5,False,"(*4,6)(1,13)-(2,14)8-3,9(7,12)10,16,11,5   15",5,2,3.5,False,-12,
202307030706,6,3歳未勝利,ダ,1400,晴,良,12:55,2023-07-22,中京,6,2,4,2020100542,ワンダーカラフル,牡3,56,01128,川須栄彦,1:25.6,1,1-1,38.8,26.4,6,494(0),01072,[西]河内洋,184033,山本能成,,,,,,,,,,,,"(*4,6)(1,13)-(2,14)8(3,9)12(7,10)11(5,16)   15",1,2,0.0,True,"(*4,6)(1,13)-(2,14)8-3,9(7,12)10,16,11,5   15",1,2,0.0,True,-12,
202307030706,6,3歳未勝利,ダ,1400,晴,良,12:55,2023-07-22,中京,7,8,16,2020105591,ヤマニンリジッド,牡3,53,01195,川端海翼,1:26.1,3,14-13,37.4,214.2,12,472(0),01140,[西]石橋守,329004,土井肇,,,,,,,,,,,,"(*4,6)(1,13)-(2,14)8(3,9)12(7,10)11(5,16)   15",14,2,3.5,False,"(*4,6)(1,13)-(2,14)8-3,9(7,12)10,16,11,5   15",13,1,10.0,False,-12,
202307030706,6,3歳未勝利,ダ,1400,晴,良,12:55,2023-07-22,中京,8,4,8,2020102813,ミエノリュウセイ,牡3,56,01142,長岡禎仁,1:26.2,1/2,7-7,38.5,143.1,10,474(-6),01136,[西]高橋亮,414030,里見美惠子,,,,,,,,,,,,"(*4,6)(1,13)-(2,14)8(3,9)12(7,10)11(5,16)   15",7,1,3.5,False,"(*4,6)(1,13)-(2,14)8-3,9(7,12)10,16,11,5   15",7,1,3.5,False,-12,
202307030706,6,3歳未勝利,ダ,1400,晴,良,12:55,2023-07-22,中京,9,4,7,2020102841,ノイアーターク,セ3,56,05619,ホー,1:26.2,クビ,11-10,37.9,8.7,3,448(-2),00438,[西]安田隆行,415800,社台レースホース,,,,,,,,,,,,"(*4,6)(1,13)-(2,14)8(3,9)12(7,10)11(5,16)   15",11,2,3.5,False,"(*4,6)(1,13)-(2,14)8-3,9(7,12)10,16,11,5   15",10,2,8.5,False,-12,
202307030706,6,3歳未勝利,ダ,1400,晴,良,12:55,2023-07-22,中京,10,5,10,2020106464,メイケイビューティ,牝3,54,01114,田中健,1:26.8,3.1/2,11-12,38.6,194.6,11,470(-12),01033,[西]木原一良,004800,名古屋競馬,,,,,,,,,,,,"(*4,6)(1,13)-(2,14)8(3,9)12(7,10)11(5,16)   15",11,2,3.5,False,"(*4,6)(1,13)-(2,14)8-3,9(7,12)10,16,11,5   15",12,1,8.5,False,-12,
202307030706,6,3歳未勝利,ダ,1400,晴,良,12:55,2023-07-22,中京,11,6,11,2020105373,バトーボヌール,牡3,53,01208,田口貫太,1:26.9,1/2,13-14,38.5,326.2,15,508(-8),01087,[西]庄野靖志,346803,吉澤ホールディングス,,,,,,,,,,,,"(*4,6)(1,13)-(2,14)8(3,9)12(7,10)11(5,16)   15",13,1,3.5,False,"(*4,6)(1,13)-(2,14)8-3,9(7,12)10,16,11,5   15",14,1,11.5,False,-12,
202307030706,6,3歳未勝利,ダ,1400,晴,良,12:55,2023-07-22,中京,12,3,5,2020104847,レガリア,牝3,50,01204,河原田菜,1:27.0,1/2,14-15,38.3,27.1,8,440(-2),01180,[西]田中克典,045803,カナヤマホールディン...,,,,,,,,,,,,"(*4,6)(1,13)-(2,14)8(3,9)12(7,10)11(5,16)   15",14,2,3.5,False,"(*4,6)(1,13)-(2,14)8-3,9(7,12)10,16,11,5   15",15,1,13.0,False,-12,
202307030706,6,3歳未勝利,ダ,1400,晴,良,12:55,2023-07-22,中京,13,5,9,2020106206,メイショウマニス,牝3,54,01171,西村淳也,1:27.2,1,8-9,39.2,26.5,7,414(-3),01129,[西]高橋義忠,911008,松本好隆,,,,,,,,,,,,"(*4,6)(1,13)-(2,14)8(3,9)12(7,10)11(5,16)   15",8,2,3.5,False,"(*4,6)(1,13)-(2,14)8-3,9(7,12)10,16,11,5   15",9,1,8.5,False,-12,
202307030706,6,3歳未勝利,ダ,1400,晴,良,12:55,2023-07-22,中京,14,7,13,2020100634,ブライトノート,牝3,54,01125,国分優作,1:27.3,1,3-3,40.4,323.6,14,450(+6),01091,[西]羽月友彦,482002,水上行雄,,,,,,,,,,,,"(*4,6)(1,13)-(2,14)8(3,9)12(7,10)11(5,16)   15",3,2,0.0,False,"(*4,6)(1,13)-(2,14)8-3,9(7,12)10,16,11,5   15",3,2,0.0,False,-12,
202307030706,6,3歳未勝利,ダ,1400,晴,良,12:55,2023-07-22,中京,15,1,2,2020102694,デルマシタテナゲ,牝3,54,01154,松若風馬,1:27.7,2.1/2,5-5,40.2,250.9,13,438(-6),01142,[西]森田直行,274002,浅沼廣幸,,,,,,,,,,,,"(*4,6)(1,13)-(2,14)8(3,9)12(7,10)11(5,16)   15",5,2,3.5,False,"(*4,6)(1,13)-(2,14)8-3,9(7,12)10,16,11,5   15",5,2,3.5,False,-12,
202307030706,6,3歳未勝利,ダ,1400,晴,良,12:55,2023-07-22,中京,取,8,15,2020101234,ザゴート,牝3,54,01116,藤岡康太,,,,,---,,計不,01123,[西]牧田和弥,966002,深見富朗,,,,,,,,,,,,"(*4,6)(1,13)-(2,14)8(3,9)12(7,10)11(5,16)   15",16,1,9.5,False,"(*4,6)(1,13)-(2,14)8-3,9(7,12)10,16,11,5   15",16,1,19.0,False,-12,
202307030707,7,3歳未勝利,芝,1600,晴,良,13:25,2023-07-22,中京,1,6,11,2020103664,バトルハーデン,牡3,56,01163,坂井瑠星,1:34.8,,7-8-8,35.6,2.9,1,510(+4),01075,[西]矢作芳人,226800,サンデーレーシング,550.0,,,,,,"5,4,1,7(3,12)(2,8,11,15)(6,9,16)(10,14)13",7,4,4.5,False,"5,4(1,12)(3,15)7(8,11)(2,6,14,16)10,9,13",8,2,1.5,False,"5,4,12(1,3,15)7(8,11)2(6,14,16)10(13,9)",8,2,3.0,False,-10,開催7日目でBコース3日目。開催が進んで直線はやや上がりを要したが、インが伸びる状態は継続。直線で速い脚を使える差し馬が優位に立った。
202307030707,7,3歳未勝利,芝,1600,晴,良,13:25,2023-07-22,中京,2,2,3,2020103713,タイセイフェリーク,牝3,54,01154,松若風馬,1:34.8,クビ,5-5-4,36.0,3.8,2,422(0),01180,[西]田中克典,224007,田中成奉,220.0,,,,,,"5,4,1,7(3,12)(2,8,11,15)(6,9,16)(10,14)13",5,2,4.5,False,"5,4(1,12)(3,15)7(8,11)(2,6,14,16)10,9,13",5,2,1.5,False,"5,4,12(1,3,15)7(8,11)2(6,14,16)10(13,9)",4,3,3.0,False,-10,開催7日目でBコース3日目。開催が進んで直線はやや上がりを要したが、インが伸びる状態は継続。直線で速い脚を使える差し馬が優位に立った。
202307030707,7,3歳未勝利,芝,1600,晴,良,13:25,2023-07-22,中京,3,2,4,2020105196,ウインフランシーズ,牝3,51,01187,永島まな,1:35.0,1.1/4,2-2-2,36.4,9.1,4,458(+4),01050,[西]飯田雄三,494800,ウイン,140.0,,,,,,"5,4,1,7(3,12)(2,8,11,15)(6,9,16)(10,14)13",2,1,1.5,False,"5,4(1,12)(3,15)7(8,11)(2,6,14,16)10,9,13",2,1,1.5,False,"5,4,12(1,3,15)7(8,11)2(6,14,16)10(13,9)",2,1,1.5,False,-10,開催7日目でBコース3日目。開催が進んで直線はやや上がりを要したが、インが伸びる状態は継続。直線で速い脚を使える差し馬が優位に立った。
202307030707,7,3歳未勝利,芝,1600,晴,良,13:25,2023-07-22,中京,4,8,15,2020106337,ダンツクリスタル,牝3,53,01199,角田大河,1:35.3,2,7-5-4,36.4,8.3,3,434(-2),01099,[西]本田優,248005,山元哲二,83.0,,,,,,"5,4,1,7(3,12)(2,8,11,15)(6,9,16)(10,14)13",7,4,4.5,False,"5,4(1,12)(3,15)7(8,11)(2,6,14,16)10,9,13",5,2,1.5,False,"5,4,12(1,3,15)7(8,11)2(6,14,16)10(13,9)",4,3,3.0,False,-10,開催7日目でBコース3日目。開催が進んで直線はやや上がりを要したが、インが伸びる状態は継続。直線で速い脚を使える差し馬が優位に立った。
202307030707,7,3歳未勝利,芝,1600,晴,良,13:25,2023-07-22,中京,5,3,6,2020104000,メイショウタクボク,牡3,56,01037,太宰啓介,1:35.3,クビ,11-10-11,35.9,16.0,7,464(0),01136,[西]高橋亮,523005,松本好雄,55.0,,,,,,"5,4,1,7(3,12)(2,8,11,15)(6,9,16)(10,14)13",11,3,4.5,False,"5,4(1,12)(3,15)7(8,11)(2,6,14,16)10,9,13",10,4,1.5,False,"5,4,12(1,3,15)7(8,11)2(6,14,16)10(13,9)",11,3,3.0,False,-10,開催7日目でBコース3日目。開催が進んで直線はやや上がりを要したが、インが伸びる状態は継続。直線で速い脚を使える差し馬が優位に立った。
202307030707,7,3歳未勝利,芝,1600,晴,良,13:25,2023-07-22,中京,6,8,16,2020104162,ティータイム,牝3,54,01034,酒井学,1:35.5,3/4,11-10-11,36.1,208.4,14,452(-6),01173,[西]長谷川浩,052006,三木久史,,,,,,,"5,4,1,7(3,12)(2,8,11,15)(6,9,16)(10,14)13",11,3,4.5,False,"5,4(1,12)(3,15)7(8,11)(2,6,14,16)10,9,13",10,4,1.5,False,"5,4,12(1,3,15)7(8,11)2(6,14,16)10(13,9)",11,3,3.0,False,-10,開催7日目でBコース3日目。開催が進んで直線はやや上がりを要したが、インが伸びる状態は継続。直線で速い脚を使える差し馬が優位に立った。
202307030707,7,3歳未勝利,芝,1600,晴,良,13:25,2023-07-22,中京,7,6,12,2020103706,デュメイカズマ,牡3,56,01180,団野大成,1:35.5,クビ,5-3-3,36.8,15.4,6,464(-8),00438,[西]安田隆行,879800,雅苑興業,,,,,,,"5,4,1,7(3,12)(2,8,11,15)(6,9,16)(10,14)13",5,2,4.5,False,"5,4(1,12)(3,15)7(8,11)(2,6,14,16)10,9,13",3,2,1.5,False,"5,4,12(1,3,15)7(8,11)2(6,14,16)10(13,9)",3,1,3.0,False,-10,開催7日目でBコース3日目。開催が進んで直線はやや上がりを要したが、インが伸びる状態は継続。直線で速い脚を使える差し馬が優位に立った。
202307030707,7,3歳未勝利,芝,1600,晴,良,13:25,2023-07-22,中京,8,7,13,2020105612,ジャンマギアーナ,牡3,56,01126,松山弘平,1:35.5,クビ,16-16-15,35.7,14.8,5,478(-6),01039,[西]中竹和也,944030,加藤誠,,,,,,,"5,4,1,7(3,12)(2,8,11,15)(6,9,16)(10,14)13",16,1,4.5,False,"5,4(1,12)(3,15)7(8,11)(2,6,14,16)10,9,13",16,1,4.5,False,"5,4,12(1,3,15)7(8,11)2(6,14,16)10(13,9)",15,2,3.0,False,-10,開催7日目でBコース3日目。開催が進んで直線はやや上がりを要したが、インが伸びる状態は継続。直線で速い脚を使える差し馬が優位に立った。
202307030707,7,3歳未勝利,芝,1600,晴,良,13:25,2023-07-22,中京,9,3,5,2020110087,ユージェニー,牝3,54,01160,荻野極,1:35.7,1.1/4,1-1-1,37.3,76.7,13,486(-12),01178,[西]杉山佳明,310007,吉田千津,,,,,,,"5,4,1,7(3,12)(2,8,11,15)(6,9,16)(10,14)13",1,1,0.0,False,"5,4(1,12)(3,15)7(8,11)(2,6,14,16)10,9,13",1,1,0.0,False,"5,4,12(1,3,15)7(8,11)2(6,14,16)10(13,9)",1,1,0.0,False,-10,開催7日目でBコース3日目。開催が進んで直線はやや上がりを要したが、インが伸びる状態は継続。直線で速い脚を使える差し馬が優位に立った。
202307030707,7,3歳未勝利,芝,1600,晴,良,13:25,2023-07-22,中京,10,4,7,2020104854,ストーンヘンジ,牡3,56,01018,和田竜二,1:35.8,1/2,4-7-7,36.8,21.4,9,486(-4),01111,[西]鈴木孝志,702033,桑畑夏美,,,,,,,"5,4,1,7(3,12)(2,8,11,15)(6,9,16)(10,14)13",4,1,4.5,False,"5,4(1,12)(3,15)7(8,11)(2,6,14,16)10,9,13",7,1,1.5,False,"5,4,12(1,3,15)7(8,11)2(6,14,16)10(13,9)",7,1,3.0,False,-10,開催7日目でBコース3日目。開催が進んで直線はやや上がりを要したが、インが伸びる状態は継続。直線で速い脚を使える差し馬が優位に立った。
202307030707,7,3歳未勝利,芝,1600,晴,良,13:25,2023-07-22,中京,11,5,9,2020106450,メイショウオジマ,牡3,53,01195,川端海翼,1:35.9,クビ,11-15-15,36.0,266.0,15,490(-14),01140,[西]石橋守,523005,松本好雄,,,,,,,"5,4,1,7(3,12)(2,8,11,15)(6,9,16)(10,14)13",11,3,4.5,False,"5,4(1,12)(3,15)7(8,11)(2,6,14,16)10,9,13",15,1,3.0,False,"5,4,12(1,3,15)7(8,11)2(6,14,16)10(13,9)",15,2,3.0,False,-10,開催7日目でBコース3日目。開催が進んで直線はやや上がりを要したが、インが伸びる状態は継続。直線で速い脚を使える差し馬が優位に立った。
202307030707,7,3歳未勝利,芝,1600,晴,良,13:25,2023-07-22,中京,12,7,14,2020103194,ギャラン,セ3,56,05619,ホー,1:36.0,3/4,14-10-11,36.6,58.8,12,444(+2),01149,[西]松下武士,506800,シルクレーシング,,,,,,,"5,4,1,7(3,12)(2,8,11,15)(6,9,16)(10,14)13",14,2,4.5,False,"5,4(1,12)(3,15)7(8,11)(2,6,14,16)10,9,13",10,4,1.5,False,"5,4,12(1,3,15)7(8,11)2(6,14,16)10(13,9)",11,3,3.0,False,-10,開催7日目でBコース3日目。開催が進んで直線はやや上がりを要したが、インが伸びる状態は継続。直線で速い脚を使える差し馬が優位に立った。
202307030707,7,3歳未勝利,芝,1600,晴,良,13:25,2023-07-22,中京,13,1,1,2020103250,ソパーズレーン,牝3,54,01116,藤岡康太,1:36.4,2.1/2,3-3-4,37.6,17.2,8,482(+16),01146,[西]奥村豊,486800,キャロットファーム,,,,,,,"5,4,1,7(3,12)(2,8,11,15)(6,9,16)(10,14)13",3,1,3.0,False,"5,4(1,12)(3,15)7(8,11)(2,6,14,16)10,9,13",3,2,1.5,False,"5,4,12(1,3,15)7(8,11)2(6,14,16)10(13,9)",4,3,3.0,False,-10,開催7日目でBコース3日目。開催が進んで直線はやや上がりを要したが、インが伸びる状態は継続。直線で速い脚を使える差し馬が優位に立った。
202307030707,7,3歳未勝利,芝,1600,晴,良,13:25,2023-07-22,中京,14,4,8,2020103107,デルマモナーク,牡3,56,01171,西村淳也,1:37.3,5,7-8-8,38.1,28.1,11,448(-10),01164,[西]安田翔伍,274002,浅沼廣幸,,,,,,,"5,4,1,7(3,12)(2,8,11,15)(6,9,16)(10,14)13",7,4,4.5,False,"5,4(1,12)(3,15)7(8,11)(2,6,14,16)10,9,13",8,2,1.5,False,"5,4,12(1,3,15)7(8,11)2(6,14,16)10(13,9)",8,2,3.0,False,-10,開催7日目でBコース3日目。開催が進んで直線はやや上がりを要したが、インが伸びる状態は継続。直線で速い脚を使える差し馬が優位に立った。
202307030707,7,3歳未勝利,芝,1600,晴,良,13:25,2023-07-22,中京,15,1,2,2020101480,ムーンダイヤモンド,牝3,51,01208,田口貫太,1:37.4,3/4,7-10-10,38.1,23.7,10,448(+2),01111,[西]鈴木孝志,032800,ローレルレーシング,,,,,,,"5,4,1,7(3,12)(2,8,11,15)(6,9,16)(10,14)13",7,4,4.5,False,"5,4(1,12)(3,15)7(8,11)(2,6,14,16)10,9,13",10,4,1.5,False,"5,4,12(1,3,15)7(8,11)2(6,14,16)10(13,9)",10,1,3.0,False,-10,開催7日目でBコース3日目。開催が進んで直線はやや上がりを要したが、インが伸びる状態は継続。直線で速い脚を使える差し馬が優位に立った。
202307030707,7,3歳未勝利,芝,1600,晴,良,13:25,2023-07-22,中京,16,5,10,2020101871,ゼロライン,牝3,50,01204,河原田菜,1:37.9,3,14-14-14,38.3,277.1,16,426(-4),01154,[西]橋口慎介,071700,ザ・ヒルズ,,,,,,,"5,4,1,7(3,12)(2,8,11,15)(6,9,16)(10,14)13",14,2,4.5,False,"5,4(1,12)(3,15)7(8,11)(2,6,14,16)10,9,13",14,1,1.5,False,"5,4,12(1,3,15)7(8,11)2(6,14,16)10(13,9)",14,1,3.0,False,-10,開催7日目でBコース3日目。開催が進んで直線はやや上がりを要したが、インが伸びる状態は継続。直線で速い脚を使える差し馬が優位に立った。
202307030708,8,3歳以上1勝クラス,芝,2200,晴,良,13:55,2023-07-22,中京,1,3,4,2020101548,アイザックバローズ,牡3,55,01088,川田将雅,2:14.4,,10-9-6-6,35.7,2.4,1,474(-2),01061,[西]友道康夫,859007,猪熊広次,800.0,"9(7,8)(5,13)3(1,6,10)(4,14)-(11,12)-2",10,2,0.0,False,"9,7(5,8)3(6,13)1(4,10)14(11,12)2",9,2,1.5,False,"(*9,7)8(5,3)(4,13)1(14,10,6,12)11,2",6,2,0.0,False,"(*9,7)(5,3,8)(1,4,13)(14,6,12)(11,10)2",6,3,0.0,False,-8,開催7日目でBコース3日目。開催が進んで直線はやや上がりを要したが、インが伸びる状態は継続。直線で速い脚を使える差し馬が優位に立った。
202307030708,8,3歳以上1勝クラス,芝,2200,晴,良,13:55,2023-07-22,中京,2,7,11,2018100722,オーパンバル,牝5,56,01180,団野大成,2:14.6,1.1/4,12-12-13-12,35.7,70.0,10,472(+20),01098,[西]野中賢二,318803,ニッシンホールディン...,320.0,"9(7,8)(5,13)3(1,6,10)(4,14)-(11,12)-2",12,2,3.5,False,"9,7(5,8)3(6,13)1(4,10)14(11,12)2",12,2,1.5,False,"(*9,7)8(5,3)(4,13)1(14,10,6,12)11,2",13,1,0.0,False,"(*9,7)(5,3,8)(1,4,13)(14,6,12)(11,10)2",12,2,0.0,False,-8,開催7日目でBコース3日目。開催が進んで直線はやや上がりを要したが、インが伸びる状態は継続。直線で速い脚を使える差し馬が優位に立った。
202307030708,8,3歳以上1勝クラス,芝,2200,晴,良,13:55,2023-07-22,中京,3,6,9,2019104126,ミアステラ,牡4,55,01200,西塚洸二,2:14.7,3/4,1-1-1-1,36.6,44.5,7,498(-4),01032,[西]大根田裕,548033,奥裕嗣,200.0,"9(7,8)(5,13)3(1,6,10)(4,14)-(11,12)-2",1,1,0.0,False,"9,7(5,8)3(6,13)1(4,10)14(11,12)2",1,1,0.0,False,"(*9,7)8(5,3)(4,13)1(14,10,6,12)11,2",1,2,0.0,True,"(*9,7)(5,3,8)(1,4,13)(14,6,12)(11,10)2",1,2,0.0,True,-8,開催7日目でBコース3日目。開催が進んで直線はやや上がりを要したが、インが伸びる状態は継続。直線で速い脚を使える差し馬が優位に立った。
202307030708,8,3歳以上1勝クラス,芝,2200,晴,良,13:55,2023-07-22,中京,4,1,1,2020103791,ブレイクボーイ,牡3,55,01174,岩田望来,2:14.7,クビ,7-8-8-6,36.1,7.4,4,470(0),01184,[西]四位洋文,232031,藤田晋,120.0,"9(7,8)(5,13)3(1,6,10)(4,14)-(11,12)-2",7,3,0.0,False,"9,7(5,8)3(6,13)1(4,10)14(11,12)2",8,1,1.5,False,"(*9,7)8(5,3)(4,13)1(14,10,6,12)11,2",8,1,0.0,False,"(*9,7)(5,3,8)(1,4,13)(14,6,12)(11,10)2",6,3,0.0,False,-8,開催7日目でBコース3日目。開催が進んで直線はやや上がりを要したが、インが伸びる状態は継続。直線で速い脚を使える差し馬が優位に立った。
202307030708,8,3歳以上1勝クラス,芝,2200,晴,良,13:55,2023-07-22,中京,5,6,10,2020101354,サンスノーフレーク,牝3,53,01034,酒井学,2:14.8,1/2,7-9-9-12,35.9,3.5,2,460(0),01173,[西]長谷川浩,059803,加藤ステーブル,80.0,"9(7,8)(5,13)3(1,6,10)(4,14)-(11,12)-2",7,3,0.0,False,"9,7(5,8)3(6,13)1(4,10)14(11,12)2",9,2,1.5,False,"(*9,7)8(5,3)(4,13)1(14,10,6,12)11,2",9,4,0.0,False,"(*9,7)(5,3,8)(1,4,13)(14,6,12)(11,10)2",12,2,0.0,False,-8,開催7日目でBコース3日目。開催が進んで直線はやや上がりを要したが、インが伸びる状態は継続。直線で速い脚を使える差し馬が優位に立った。
202307030708,8,3歳以上1勝クラス,芝,2200,晴,良,13:55,2023-07-22,中京,6,8,13,2020103553,バロッサヴァレー,牝3,53,01163,坂井瑠星,2:15.0,1.1/2,4-6-6-6,36.4,5.2,3,458(+14),01117,[西]高野友和,506800,シルクレーシング,,"9(7,8)(5,13)3(1,6,10)(4,14)-(11,12)-2",4,2,0.0,False,"9,7(5,8)3(6,13)1(4,10)14(11,12)2",6,2,1.5,False,"(*9,7)8(5,3)(4,13)1(14,10,6,12)11,2",6,2,0.0,False,"(*9,7)(5,3,8)(1,4,13)(14,6,12)(11,10)2",6,3,0.0,False,-8,開催7日目でBコース3日目。開催が進んで直線はやや上がりを要したが、インが伸びる状態は継続。直線で速い脚を使える差し馬が優位に立った。
202307030708,8,3歳以上1勝クラス,芝,2200,晴,良,13:55,2023-07-22,中京,7,3,3,2020101288,ナムララジベラ,牝3,53,01130,高倉稜,2:15.1,クビ,6-5-4-3,36.7,26.1,6,454(+4),01157,[西]杉山晴紀,972002,奈村睦弘,,"9(7,8)(5,13)3(1,6,10)(4,14)-(11,12)-2",6,1,0.0,False,"9,7(5,8)3(6,13)1(4,10)14(11,12)2",5,1,1.5,False,"(*9,7)8(5,3)(4,13)1(14,10,6,12)11,2",4,2,0.0,False,"(*9,7)(5,3,8)(1,4,13)(14,6,12)(11,10)2",3,3,0.0,False,-8,開催7日目でBコース3日目。開催が進んで直線はやや上がりを要したが、インが伸びる状態は継続。直線で速い脚を使える差し馬が優位に立った。
202307030708,8,3歳以上1勝クラス,芝,2200,晴,良,13:55,2023-07-22,中京,8,4,5,2020104224,ニホンピロアリー,牝3,50,01208,田口貫太,2:15.3,1.1/2,4-3-4-3,36.9,45.6,8,414(-10),01040,[西]服部利之,587031,小林英一,,"9(7,8)(5,13)3(1,6,10)(4,14)-(11,12)-2",4,2,0.0,False,"9,7(5,8)3(6,13)1(4,10)14(11,12)2",3,2,1.5,False,"(*9,7)8(5,3)(4,13)1(14,10,6,12)11,2",4,2,0.0,False,"(*9,7)(5,3,8)(1,4,13)(14,6,12)(11,10)2",3,3,0.0,False,-8,開催7日目でBコース3日目。開催が進んで直線はやや上がりを要したが、インが伸びる状態は継続。直線で速い脚を使える差し馬が優位に立った。
202307030708,8,3歳以上1勝クラス,芝,2200,晴,良,13:55,2023-07-22,中京,9,5,7,2016102904,ボンベール,牡7,58,05619,ホー,2:15.5,1,2-2-2-2,37.3,47.7,9,490(0),01182,[東]辻哲英,815033,木部厳生,,"9(7,8)(5,13)3(1,6,10)(4,14)-(11,12)-2",2,2,0.0,False,"9,7(5,8)3(6,13)1(4,10)14(11,12)2",2,1,1.5,False,"(*9,7)8(5,3)(4,13)1(14,10,6,12)11,2",2,2,0.0,False,"(*9,7)(5,3,8)(1,4,13)(14,6,12)(11,10)2",2,2,0.0,False,-8,開催7日目でBコース3日目。開催が進んで直線はやや上がりを要したが、インが伸びる状態は継続。直線で速い脚を使える差し馬が優位に立った。
202307030708,8,3歳以上1勝クラス,芝,2200,晴,良,13:55,2023-07-22,中京,10,4,6,2020104881,ケイアイサンデラ,牡3,55,01138,藤懸貴志,2:15.8,2,7-6-9-9,37.0,12.8,5,432(0),01185,[西]小林真也,331803,ケイアイスタリオン,,"9(7,8)(5,13)3(1,6,10)(4,14)-(11,12)-2",7,3,0.0,False,"9,7(5,8)3(6,13)1(4,10)14(11,12)2",6,2,1.5,False,"(*9,7)8(5,3)(4,13)1(14,10,6,12)11,2",9,4,0.0,False,"(*9,7)(5,3,8)(1,4,13)(14,6,12)(11,10)2",9,3,0.0,False,-8,開催7日目でBコース3日目。開催が進んで直線はやや上がりを要したが、インが伸びる状態は継続。直線で速い脚を使える差し馬が優位に立った。
202307030708,8,3歳以上1勝クラス,芝,2200,晴,良,13:55,2023-07-22,中京,11,8,14,2020101806,ツクヨミ,牡3,55,01116,藤岡康太,2:15.9,1/2,10-11-9-9,37.1,96.9,13,456(-4),01170,[西]坂口智康,003060,ゴドルフィン,,"9(7,8)(5,13)3(1,6,10)(4,14)-(11,12)-2",10,2,0.0,False,"9,7(5,8)3(6,13)1(4,10)14(11,12)2",11,1,1.5,False,"(*9,7)8(5,3)(4,13)1(14,10,6,12)11,2",9,4,0.0,False,"(*9,7)(5,3,8)(1,4,13)(14,6,12)(11,10)2",9,3,0.0,False,-8,開催7日目でBコース3日目。開催が進んで直線はやや上がりを要したが、インが伸びる状態は継続。直線で速い脚を使える差し馬が優位に立った。
202307030708,8,3歳以上1勝クラス,芝,2200,晴,良,13:55,2023-07-22,中京,12,2,2,2017100169,ソルトキャピタル,牡6,58,01037,太宰啓介,2:16.4,3.1/2,14-14-14-14,37.3,247.7,14,510(-8),01033,[西]木原一良,781033,杉浦敏夫,,"9(7,8)(5,13)3(1,6,10)(4,14)-(11,12)-2",14,1,7.0,False,"9,7(5,8)3(6,13)1(4,10)14(11,12)2",14,1,1.5,False,"(*9,7)8(5,3)(4,13)1(14,10,6,12)11,2",14,1,1.5,False,"(*9,7)(5,3,8)(1,4,13)(14,6,12)(11,10)2",14,1,0.0,False,-8,開催7日目でBコース3日目。開催が進んで直線はやや上がりを要したが、インが伸びる状態は継続。直線で速い脚を使える差し馬が優位に立った。
202307030708,8,3歳以上1勝クラス,芝,2200,晴,良,13:55,2023-07-22,中京,13,5,8,2020104980,ヒメナデシコ,牝3,53,00732,幸英明,2:16.7,2,2-3-3-3,38.3,82.0,11,434(+10),01142,[西]森田直行,675030,林正道,,"9(7,8)(5,13)3(1,6,10)(4,14)-(11,12)-2",2,2,0.0,False,"9,7(5,8)3(6,13)1(4,10)14(11,12)2",3,2,1.5,False,"(*9,7)8(5,3)(4,13)1(14,10,6,12)11,2",3,1,0.0,False,"(*9,7)(5,3,8)(1,4,13)(14,6,12)(11,10)2",3,3,0.0,False,-8,開催7日目でBコース3日目。開催が進んで直線はやや上がりを要したが、インが伸びる状態は継続。直線で速い脚を使える差し馬が優位に立った。
202307030708,8,3歳以上1勝クラス,芝,2200,晴,良,13:55,2023-07-22,中京,14,7,12,2019100632,レイリ,牡4,58,01160,荻野極,2:16.9,1,12-12-9-9,38.1,92.2,12,524(-8),01192,[東]上原佑紀,948006,前田幸治,,"9(7,8)(5,13)3(1,6,10)(4,14)-(11,12)-2",12,2,3.5,False,"9,7(5,8)3(6,13)1(4,10)14(11,12)2",12,2,1.5,False,"(*9,7)8(5,3)(4,13)1(14,10,6,12)11,2",9,4,0.0,False,"(*9,7)(5,3,8)(1,4,13)(14,6,12)(11,10)2",9,3,0.0,False,-8,開催7日目でBコース3日目。開催が進んで直線はやや上がりを要したが、インが伸びる状態は継続。直線で速い脚を使える差し馬が優位に立った。
202307030709,9,香嵐渓特別(1勝),芝,2000,晴,良,14:25,2023-07-22,中京,1,6,7,2020104302,スマートファントム,牡3,55,01199,角田大河,2:02.3,,10-10-10-9,34.6,6.5,3,460(0),01140,[西]石橋守,007803,大川徹,"1,142.2","2=1-(4,3)6(5,9)(8,12)-(7,11)10",10,2,13.0,False,"2=1-(4,3)-6(5,9)(8,12)(7,11)10",10,2,13.0,False,"2,1-(4,3)(8,6)(9,12,11)(5,7,10)",10,3,5.0,False,"2(1,11)3(4,8,6)9(5,7,12)10",9,3,0.0,False,-8,開催7日目でBコース3日目。開催が進んで直線はやや上がりを要したが、インが伸びる状態は継続。直線で速い脚を使える差し馬が優位に立った。
202307030709,9,香嵐渓特別(1勝),芝,2000,晴,良,14:25,2023-07-22,中京,2,3,3,2019101190,サクセスドレーク,牡4,58,01116,藤岡康太,2:02.4,クビ,3-3-3-4,35.2,8.8,5,508(-10),01098,[西]野中賢二,395803,タカシマ,449.2,"2=1-(4,3)6(5,9)(8,12)-(7,11)10",3,2,9.5,False,"2=1-(4,3)-6(5,9)(8,12)(7,11)10",3,2,9.5,False,"2,1-(4,3)(8,6)(9,12,11)(5,7,10)",3,2,5.0,False,"2(1,11)3(4,8,6)9(5,7,12)10",4,1,0.0,False,-8,開催7日目でBコース3日目。開催が進んで直線はやや上がりを要したが、インが伸びる状態は継続。直線で速い脚を使える差し馬が優位に立った。
202307030709,9,香嵐渓特別(1勝),芝,2000,晴,良,14:25,2023-07-22,中京,3,7,9,2020103060,ヴェルテンベルク,牡3,55,01171,西村淳也,2:02.4,クビ,6-6-7-8,34.8,2.5,1,474(0),01073,[西]宮本博,758005,吉田照哉,284.6,"2=1-(4,3)6(5,9)(8,12)-(7,11)10",6,2,9.5,False,"2=1-(4,3)-6(5,9)(8,12)(7,11)10",6,2,13.0,False,"2,1-(4,3)(8,6)(9,12,11)(5,7,10)",7,3,5.0,False,"2(1,11)3(4,8,6)9(5,7,12)10",8,1,0.0,False,-8,開催7日目でBコース3日目。開催が進んで直線はやや上がりを要したが、インが伸びる状態は継続。直線で速い脚を使える差し馬が優位に立った。
202307030709,9,香嵐渓特別(1勝),芝,2000,晴,良,14:25,2023-07-22,中京,4,6,8,2020101025,アスクドゥポルテ,牡3,55,01174,岩田望来,2:02.4,アタマ,8-8-5-5,35.0,7.3,4,462(+2),01072,[西]河内洋,037803,廣崎利洋ＨＤ,170.0,"2=1-(4,3)6(5,9)(8,12)-(7,11)10",8,2,9.5,False,"2=1-(4,3)-6(5,9)(8,12)(7,11)10",8,2,13.0,False,"2,1-(4,3)(8,6)(9,12,11)(5,7,10)",5,2,5.0,False,"2(1,11)3(4,8,6)9(5,7,12)10",5,3,0.0,False,-8,開催7日目でBコース3日目。開催が進んで直線はやや上がりを要したが、インが伸びる状態は継続。直線で速い脚を使える差し馬が優位に立った。
202307030709,9,香嵐渓特別(1勝),芝,2000,晴,良,14:25,2023-07-22,中京,5,2,2,2020102802,イリスレーン,牝3,53,01018,和田竜二,2:02.5,クビ,1-1-1-1,35.7,48.9,8,480(+6),01110,[西]清水久詞,356803,インゼルレーシング,111.0,"2=1-(4,3)6(5,9)(8,12)-(7,11)10",1,1,0.0,False,"2=1-(4,3)-6(5,9)(8,12)(7,11)10",1,1,0.0,False,"2,1-(4,3)(8,6)(9,12,11)(5,7,10)",1,1,0.0,False,"2(1,11)3(4,8,6)9(5,7,12)10",1,1,0.0,False,-8,開催7日目でBコース3日目。開催が進んで直線はやや上がりを要したが、インが伸びる状態は継続。直線で速い脚を使える差し馬が優位に立った。
202307030709,9,香嵐渓特別(1勝),芝,2000,晴,良,14:25,2023-07-22,中京,6,7,10,2018105021,グルーヴビート,牡5,58,05619,ホー,2:03.2,4,12-12-10-12,35.4,31.1,7,478(-2),01186,[西]中村直也,226800,サンデーレーシング,,"2=1-(4,3)6(5,9)(8,12)-(7,11)10",12,1,13.0,False,"2=1-(4,3)-6(5,9)(8,12)(7,11)10",12,1,13.0,False,"2,1-(4,3)(8,6)(9,12,11)(5,7,10)",10,3,5.0,False,"2(1,11)3(4,8,6)9(5,7,12)10",12,1,0.0,False,-8,開催7日目でBコース3日目。開催が進んで直線はやや上がりを要したが、インが伸びる状態は継続。直線で速い脚を使える差し馬が優位に立った。
202307030709,9,香嵐渓特別(1勝),芝,2000,晴,良,14:25,2023-07-22,中京,7,1,1,2019104735,コートパルフェ,牝4,56,01144,菱田裕二,2:03.6,2.1/2,2-2-2-2,36.6,204.1,10,446(+2),01193,[西]緒方努,415800,社台レースホース,,"2=1-(4,3)6(5,9)(8,12)-(7,11)10",2,1,6.0,False,"2=1-(4,3)-6(5,9)(8,12)(7,11)10",2,1,6.0,False,"2,1-(4,3)(8,6)(9,12,11)(5,7,10)",2,1,1.5,False,"2(1,11)3(4,8,6)9(5,7,12)10",2,2,0.0,False,-8,開催7日目でBコース3日目。開催が進んで直線はやや上がりを要したが、インが伸びる状態は継続。直線で速い脚を使える差し馬が優位に立った。
202307030709,9,香嵐渓特別(1勝),芝,2000,晴,良,14:25,2023-07-22,中京,8,8,11,2019101691,ファインバーグ,牡4,58,00732,幸英明,2:03.7,クビ,10-10-7-2,36.7,30.2,6,514(+2),01110,[西]清水久詞,675030,林正道,,"2=1-(4,3)6(5,9)(8,12)-(7,11)10",10,2,13.0,False,"2=1-(4,3)-6(5,9)(8,12)(7,11)10",10,2,13.0,False,"2,1-(4,3)(8,6)(9,12,11)(5,7,10)",7,3,5.0,False,"2(1,11)3(4,8,6)9(5,7,12)10",2,2,0.0,False,-8,開催7日目でBコース3日目。開催が進んで直線はやや上がりを要したが、インが伸びる状態は継続。直線で速い脚を使える差し馬が優位に立った。
202307030709,9,香嵐渓特別(1勝),芝,2000,晴,良,14:25,2023-07-22,中京,9,5,6,2020103402,ベルシャンブル,牝3,53,01088,川田将雅,2:03.8,1/2,5-5-5-5,36.4,2.8,2,460(-12),01137,[西]中内田充,506800,シルクレーシング,,"2=1-(4,3)6(5,9)(8,12)-(7,11)10",5,1,9.5,False,"2=1-(4,3)-6(5,9)(8,12)(7,11)10",5,1,13.0,False,"2,1-(4,3)(8,6)(9,12,11)(5,7,10)",5,2,5.0,False,"2(1,11)3(4,8,6)9(5,7,12)10",5,3,0.0,False,-8,開催7日目でBコース3日目。開催が進んで直線はやや上がりを要したが、インが伸びる状態は継続。直線で速い脚を使える差し馬が優位に立った。
202307030709,9,香嵐渓特別(1勝),芝,2000,晴,良,14:25,2023-07-22,中京,10,5,5,2016100288,クワイエット,牝7,56,01114,田中健,2:04.0,1.1/4,6-6-10-9,36.3,274.9,11,452(+4),01040,[西]服部利之,188800,ＹＧＧホースクラブ,,"2=1-(4,3)6(5,9)(8,12)-(7,11)10",6,2,9.5,False,"2=1-(4,3)-6(5,9)(8,12)(7,11)10",6,2,13.0,False,"2,1-(4,3)(8,6)(9,12,11)(5,7,10)",10,3,5.0,False,"2(1,11)3(4,8,6)9(5,7,12)10",9,3,0.0,False,-8,開催7日目でBコース3日目。開催が進んで直線はやや上がりを要したが、インが伸びる状態は継続。直線で速い脚を使える差し馬が優位に立った。
202307030709,9,香嵐渓特別(1勝),芝,2000,晴,良,14:25,2023-07-22,中京,11,4,4,2019102568,マーゴットワーズ,牡4,58,01124,国分恭介,2:04.0,クビ,3-3-3-5,36.7,118.2,9,466(+4),01185,[西]小林真也,900031,前田良平,,"2=1-(4,3)6(5,9)(8,12)-(7,11)10",3,2,9.5,False,"2=1-(4,3)-6(5,9)(8,12)(7,11)10",3,2,9.5,False,"2,1-(4,3)(8,6)(9,12,11)(5,7,10)",3,2,5.0,False,"2(1,11)3(4,8,6)9(5,7,12)10",5,3,0.0,False,-8,開催7日目でBコース3日目。開催が進んで直線はやや上がりを要したが、インが伸びる状態は継続。直線で速い脚を使える差し馬が優位に立った。
202307030709,9,香嵐渓特別(1勝),芝,2000,晴,良,14:25,2023-07-22,中京,12,8,12,2018106584,シュアーウィナー,牡5,58,01141,中井裕二,2:04.6,3.1/2,8-8-7-9,36.9,401.9,12,474(0),00438,[西]安田隆行,721008,久保博文,,"2=1-(4,3)6(5,9)(8,12)-(7,11)10",8,2,9.5,False,"2=1-(4,3)-6(5,9)(8,12)(7,11)10",8,2,13.0,False,"2,1-(4,3)(8,6)(9,12,11)(5,7,10)",7,3,5.0,False,"2(1,11)3(4,8,6)9(5,7,12)10",9,3,0.0,False,-8,開催7日目でBコース3日目。開催が進んで直線はやや上がりを要したが、インが伸びる状態は継続。直線で速い脚を使える差し馬が優位に立った。
202307030710,10,清洲特別(2勝),ダ,1200,晴,良,15:01,2023-07-22,中京,1,1,2,2020100484,アームズレイン,牡3,55,01126,松山弘平,1:10.4,,1-1,36.1,2.6,2,490(+8),01168,[西]上村洋行,053803,杉山忠国,"1,586.4",,,,,,,,,,,"2,3(1,7,10)(4,9,11)(8,13,15)(5,12,16)-(14,6)",1,1,0.0,False,"2,3(1,7)(4,10)9(5,11)8(12,15)(6,13,16)14",1,1,0.0,False,-12,
202307030710,10,清洲特別(2勝),ダ,1200,晴,良,15:01,2023-07-22,中京,2,1,1,2020106901,メイショウピース,牝3,53,01019,秋山真一,1:11.0,4,3-3,36.5,9.0,4,466(+4),01136,[西]高橋亮,911008,松本好隆,630.4,,,,,,,,,,,"2,3(1,7,10)(4,9,11)(8,13,15)(5,12,16)-(14,6)",3,3,1.5,False,"2,3(1,7)(4,10)9(5,11)8(12,15)(6,13,16)14",3,2,1.5,False,-12,
202307030710,10,清洲特別(2勝),ダ,1200,晴,良,15:01,2023-07-22,中京,3,4,7,2020103790,レディフォース,牝3,53,01142,長岡禎仁,1:11.9,5,3-3,37.4,2.0,1,516(+12),01178,[西]杉山佳明,041033,藤田好紀,395.2,,,,,,,,,,,"2,3(1,7,10)(4,9,11)(8,13,15)(5,12,16)-(14,6)",3,3,1.5,False,"2,3(1,7)(4,10)9(5,11)8(12,15)(6,13,16)14",3,2,1.5,False,-12,
202307030710,10,清洲特別(2勝),ダ,1200,晴,良,15:01,2023-07-22,中京,4,3,5,2018104333,スカーレットジンク,牡5,58,01181,秋山稔樹,1:11.9,アタマ,12-8,36.5,99.7,10,470(+2),01018,[西]宮徹,730800,フォーレスト,230.0,,,,,,,,,,,"2,3(1,7,10)(4,9,11)(8,13,15)(5,12,16)-(14,6)",12,3,1.5,False,"2,3(1,7)(4,10)9(5,11)8(12,15)(6,13,16)14",8,2,1.5,False,-12,
202307030710,10,清洲特別(2勝),ダ,1200,晴,良,15:01,2023-07-22,中京,5,2,3,2018104687,デアリングウーマン,牝5,56,01199,角田大河,1:12.3,2.1/2,2-2,37.9,100.0,11,448(-2),01121,[西]角田晃一,370008,岡浩二,155.0,,,,,,,,,,,"2,3(1,7,10)(4,9,11)(8,13,15)(5,12,16)-(14,6)",2,1,1.5,False,"2,3(1,7)(4,10)9(5,11)8(12,15)(6,13,16)14",2,1,1.5,False,-12,
202307030710,10,清洲特別(2勝),ダ,1200,晴,良,15:01,2023-07-22,中京,6,5,9,2018104406,ゴールドフィンガー,牝5,56,01133,水口優也,1:12.3,ハナ,6-7,37.6,124.1,13,476(+2),01066,[西]岡田稲男,055700,グリーンスウォード,,,,,,,,,,,,"2,3(1,7,10)(4,9,11)(8,13,15)(5,12,16)-(14,6)",6,3,1.5,False,"2,3(1,7)(4,10)9(5,11)8(12,15)(6,13,16)14",7,1,1.5,False,-12,
202307030710,10,清洲特別(2勝),ダ,1200,晴,良,15:01,2023-07-22,中京,7,3,6,2018109160,アイアンムスメ,牝5,56,01160,荻野極,1:12.4,1/2,15-13,36.5,377.8,16,448(+2),01104,[西]笹田和秀,772002,西村新一郎,,,,,,,,,,,,"2,3(1,7,10)(4,9,11)(8,13,15)(5,12,16)-(14,6)",15,2,5.0,False,"2,3(1,7)(4,10)9(5,11)8(12,15)(6,13,16)14",13,3,1.5,False,-12,
202307030710,10,清洲特別(2勝),ダ,1200,晴,良,15:01,2023-07-22,中京,8,4,8,2019103421,テイエムフェロー,牡4,58,01114,田中健,1:12.5,クビ,9-10,37.4,37.3,6,488(0),01050,[西]飯田雄三,356002,竹園正繼,,,,,,,,,,,,"2,3(1,7,10)(4,9,11)(8,13,15)(5,12,16)-(14,6)",9,3,1.5,False,"2,3(1,7)(4,10)9(5,11)8(12,15)(6,13,16)14",10,1,1.5,False,-12,
202307030710,10,清洲特別(2勝),ダ,1200,晴,良,15:01,2023-07-22,中京,9,8,15,2019104536,カイカノキセキ,牝4,56,01180,団野大成,1:12.6,3/4,9-11,37.4,8.2,3,494(+4),01144,[西]池添学,486800,キャロットファーム,,,,,,,,,,,,"2,3(1,7,10)(4,9,11)(8,13,15)(5,12,16)-(14,6)",9,3,1.5,False,"2,3(1,7)(4,10)9(5,11)8(12,15)(6,13,16)14",11,2,1.5,False,-12,
202307030710,10,清洲特別(2勝),ダ,1200,晴,良,15:01,2023-07-22,中京,10,8,16,2019103440,ミラビリス,牝4,56,01034,酒井学,1:12.7,1/2,12-13,37.2,177.2,15,466(0),01086,[東]斎藤誠,553031,石井輝昭,,,,,,,,,,,,"2,3(1,7,10)(4,9,11)(8,13,15)(5,12,16)-(14,6)",12,3,1.5,False,"2,3(1,7)(4,10)9(5,11)8(12,15)(6,13,16)14",13,3,1.5,False,-12,
202307030710,10,清洲特別(2勝),ダ,1200,晴,良,15:01,2023-07-22,中京,11,2,4,2018102181,コスモノアゼット,牡5,58,01174,岩田望来,1:13.1,2.1/2,6-5,38.3,101.3,12,502(-6),01162,[東]田中博康,716800,ビッグレッドファーム,,,,,,,,,,,,"2,3(1,7,10)(4,9,11)(8,13,15)(5,12,16)-(14,6)",6,3,1.5,False,"2,3(1,7)(4,10)9(5,11)8(12,15)(6,13,16)14",5,2,1.5,False,-12,
202307030710,10,清洲特別(2勝),ダ,1200,晴,良,15:01,2023-07-22,中京,12,7,14,2019105970,スリードレフォン,牡4,58,01130,高倉稜,1:13.3,1,15-16,37.4,25.2,5,510(-2),01033,[西]木原一良,061800,永井商事,,,,,,,,,,,,"2,3(1,7,10)(4,9,11)(8,13,15)(5,12,16)-(14,6)",15,2,5.0,False,"2,3(1,7)(4,10)9(5,11)8(12,15)(6,13,16)14",16,1,1.5,False,-12,
202307030710,10,清洲特別(2勝),ダ,1200,晴,良,15:01,2023-07-22,中京,13,6,12,2016100040,カネコメアサヒ,牡7,58,01144,菱田裕二,1:13.9,3.1/2,12-11,38.5,78.5,8,432(-14),01069,[西]中尾秀正,330031,高岡浩行,,,,,,,,,,,,"2,3(1,7,10)(4,9,11)(8,13,15)(5,12,16)-(14,6)",12,3,1.5,False,"2,3(1,7)(4,10)9(5,11)8(12,15)(6,13,16)14",11,2,1.5,False,-12,
202307030710,10,清洲特別(2勝),ダ,1200,晴,良,15:01,2023-07-22,中京,14,5,10,2019103004,グラストンベリー,牝4,56,01128,川須栄彦,1:14.0,1/2,3-5,39.4,125.5,14,434(+12),01062,[西]藤岡健一,170800,ロードホースクラブ,,,,,,,,,,,,"2,3(1,7,10)(4,9,11)(8,13,15)(5,12,16)-(14,6)",3,3,1.5,False,"2,3(1,7)(4,10)9(5,11)8(12,15)(6,13,16)14",5,2,1.5,False,-12,
202307030710,10,清洲特別(2勝),ダ,1200,晴,良,15:01,2023-07-22,中京,15,7,13,2019103236,テイエムヒマラヤ,牡4,58,05619,ホー,1:14.2,1,9-13,39.1,46.2,7,470(+6),01161,[西]武英智,356002,竹園正繼,,,,,,,,,,,,"2,3(1,7,10)(4,9,11)(8,13,15)(5,12,16)-(14,6)",9,3,1.5,False,"2,3(1,7)(4,10)9(5,11)8(12,15)(6,13,16)14",13,3,1.5,False,-12,
202307030710,10,清洲特別(2勝),ダ,1200,晴,良,15:01,2023-07-22,中京,16,6,11,2019101685,ドンフクリン,牡4,58,01116,藤岡康太,1:16.4,大,6-8,41.6,91.7,9,466(-4),01087,[西]庄野靖志,440006,山田貢一,,,,,,,,,,,,"2,3(1,7,10)(4,9,11)(8,13,15)(5,12,16)-(14,6)",6,3,1.5,False,"2,3(1,7)(4,10)9(5,11)8(12,15)(6,13,16)14",8,2,1.5,False,-12,
202307030711,11,豊明S(3勝),芝,1400,晴,良,15:35,2023-07-22,中京,1,8,16,2018110050,サマートゥリスト,牝5,56,01163,坂井瑠星,1:20.8,,6-5,34.6,10.7,5,486(+12),01055,[西]藤原英昭,003060,ゴドルフィン,"1,879.9",,,,,,,,,,,"11,14(4,10)5(1,16)15(3,18)(9,13)(6,17)(12,8)(2,7)",6,2,1.5,False,"11,14(4,10)(1,5,16)(3,15,18)(9,13)(6,17)8(2,12)7",5,3,1.5,False,-8,開催7日目でBコース3日目。開催が進んで直線はやや上がりを要したが、インが伸びる状態は継続。直線で速い脚を使える差し馬が優位に立った。
202307030711,11,豊明S(3勝),芝,1400,晴,良,15:35,2023-07-22,中京,2,2,4,2018101966,タガノペカ,牝5,56,01124,国分恭介,1:20.8,アタマ,3-3,34.9,28.8,11,508(-4),01196,[西]西園翔太,859002,八木良司,751.4,,,,,,,,,,,"11,14(4,10)5(1,16)15(3,18)(9,13)(6,17)(12,8)(2,7)",3,2,1.5,False,"11,14(4,10)(1,5,16)(3,15,18)(9,13)(6,17)8(2,12)7",3,2,1.5,False,-8,開催7日目でBコース3日目。開催が進んで直線はやや上がりを要したが、インが伸びる状態は継続。直線で速い脚を使える差し馬が優位に立った。
202307030711,11,豊明S(3勝),芝,1400,晴,良,15:35,2023-07-22,中京,3,6,11,2020110007,ペースセッティング,牡3,55,01180,団野大成,1:20.9,3/4,1-1,35.4,4.3,1,486(+2),00438,[西]安田隆行,506800,シルクレーシング,465.7,,,,,,,,,,,"11,14(4,10)5(1,16)15(3,18)(9,13)(6,17)(12,8)(2,7)",1,1,0.0,False,"11,14(4,10)(1,5,16)(3,15,18)(9,13)(6,17)8(2,12)7",1,1,0.0,False,-8,開催7日目でBコース3日目。開催が進んで直線はやや上がりを要したが、インが伸びる状態は継続。直線で速い脚を使える差し馬が優位に立った。
202307030711,11,豊明S(3勝),芝,1400,晴,良,15:35,2023-07-22,中京,4,7,13,2018104757,ジュノー,セ5,58,01128,川須栄彦,1:21.1,3/4,11-11,34.4,137.8,17,518(-14),01002,[西]音無秀孝,708800,金子真人ホールディン...,280.0,,,,,,,,,,,"11,14(4,10)5(1,16)15(3,18)(9,13)(6,17)(12,8)(2,7)",11,2,1.5,False,"11,14(4,10)(1,5,16)(3,15,18)(9,13)(6,17)8(2,12)7",11,2,1.5,False,-8,開催7日目でBコース3日目。開催が進んで直線はやや上がりを要したが、インが伸びる状態は継続。直線で速い脚を使える差し馬が優位に立った。
202307030711,11,豊明S(3勝),芝,1400,晴,良,15:35,2023-07-22,中京,5,8,18,2017105574,チュウワノキセキ,セ6,58,01018,和田竜二,1:21.1,アタマ,9-8,34.7,39.6,13,476(+4),01058,[西]大久保龍,628007,中西忍,184.0,,,,,,,,,,,"11,14(4,10)5(1,16)15(3,18)(9,13)(6,17)(12,8)(2,7)",9,2,1.5,False,"11,14(4,10)(1,5,16)(3,15,18)(9,13)(6,17)8(2,12)7",8,3,1.5,False,-8,開催7日目でBコース3日目。開催が進んで直線はやや上がりを要したが、インが伸びる状態は継続。直線で速い脚を使える差し馬が優位に立った。
202307030711,11,豊明S(3勝),芝,1400,晴,良,15:35,2023-07-22,中京,6,3,5,2018103406,トーホウディアス,牡5,58,01019,秋山真一,1:21.2,1/2,5-5,35.0,12.0,6,454(0),01194,[西]小栗実,965800,東豊物産,,,,,,,,,,,,"11,14(4,10)5(1,16)15(3,18)(9,13)(6,17)(12,8)(2,7)",5,1,1.5,False,"11,14(4,10)(1,5,16)(3,15,18)(9,13)(6,17)8(2,12)7",5,3,1.5,False,-8,開催7日目でBコース3日目。開催が進んで直線はやや上がりを要したが、インが伸びる状態は継続。直線で速い脚を使える差し馬が優位に立った。
202307030711,11,豊明S(3勝),芝,1400,晴,良,15:35,2023-07-22,中京,7,5,10,2018103021,タイセイシェダル,牡5,58,01174,岩田望来,1:21.2,クビ,3-3,35.2,4.9,2,464(-6),01129,[西]高橋義忠,224007,田中成奉,,,,,,,,,,,,"11,14(4,10)5(1,16)15(3,18)(9,13)(6,17)(12,8)(2,7)",3,2,1.5,False,"11,14(4,10)(1,5,16)(3,15,18)(9,13)(6,17)8(2,12)7",3,2,1.5,False,-8,開催7日目でBコース3日目。開催が進んで直線はやや上がりを要したが、インが伸びる状態は継続。直線で速い脚を使える差し馬が優位に立った。
202307030711,11,豊明S(3勝),芝,1400,晴,良,15:35,2023-07-22,中京,8,4,8,2017105054,リヴェール,牝6,56,01034,酒井学,1:21.3,1/2,15-15,34.2,103.5,16,456(-2),01046,[西]鮫島一歩,797008,栗山良子,,,,,,,,,,,,"11,14(4,10)5(1,16)15(3,18)(9,13)(6,17)(12,8)(2,7)",15,2,1.5,False,"11,14(4,10)(1,5,16)(3,15,18)(9,13)(6,17)8(2,12)7",15,1,1.5,False,-8,開催7日目でBコース3日目。開催が進んで直線はやや上がりを要したが、インが伸びる状態は継続。直線で速い脚を使える差し馬が優位に立った。
202307030711,11,豊明S(3勝),芝,1400,晴,良,15:35,2023-07-22,中京,9,5,9,2019102327,ケデシュ,牝4,56,01126,松山弘平,1:21.3,ハナ,11-11,34.6,29.6,12,486(-6),01168,[西]上村洋行,451800,ヤナガワ牧場,,,,,,,,,,,,"11,14(4,10)5(1,16)15(3,18)(9,13)(6,17)(12,8)(2,7)",11,2,1.5,False,"11,14(4,10)(1,5,16)(3,15,18)(9,13)(6,17)8(2,12)7",11,2,1.5,False,-8,開催7日目でBコース3日目。開催が進んで直線はやや上がりを要したが、インが伸びる状態は継続。直線で速い脚を使える差し馬が優位に立った。
202307030711,11,豊明S(3勝),芝,1400,晴,良,15:35,2023-07-22,中京,10,2,3,2016105060,トオヤリトセイト,牡7,58,01154,松若風馬,1:21.3,ハナ,9-8,34.8,57.7,14,492(+8),01149,[西]松下武士,634033,村田能光,,,,,,,,,,,,"11,14(4,10)5(1,16)15(3,18)(9,13)(6,17)(12,8)(2,7)",9,2,1.5,False,"11,14(4,10)(1,5,16)(3,15,18)(9,13)(6,17)8(2,12)7",8,3,1.5,False,-8,開催7日目でBコース3日目。開催が進んで直線はやや上がりを要したが、インが伸びる状態は継続。直線で速い脚を使える差し馬が優位に立った。
202307030711,11,豊明S(3勝),芝,1400,晴,良,15:35,2023-07-22,中京,11,6,12,2019104915,バンデルオーラ,牡4,58,01144,菱田裕二,1:21.7,2,15-16,34.5,24.6,9,472(+4),01113,[西]牧浦充徳,415800,社台レースホース,,,,,,,,,,,,"11,14(4,10)5(1,16)15(3,18)(9,13)(6,17)(12,8)(2,7)",15,2,1.5,False,"11,14(4,10)(1,5,16)(3,15,18)(9,13)(6,17)8(2,12)7",16,2,1.5,False,-8,開催7日目でBコース3日目。開催が進んで直線はやや上がりを要したが、インが伸びる状態は継続。直線で速い脚を使える差し馬が優位に立った。
202307030711,11,豊明S(3勝),芝,1400,晴,良,15:35,2023-07-22,中京,12,3,6,2016106292,オールイズウェル,牡7,58,05619,ホー,1:21.7,クビ,13-13,34.8,14.5,7,498(0),00429,[西]佐々木晶,336030,小林竜太郎,,,,,,,,,,,,"11,14(4,10)5(1,16)15(3,18)(9,13)(6,17)(12,8)(2,7)",13,2,1.5,False,"11,14(4,10)(1,5,16)(3,15,18)(9,13)(6,17)8(2,12)7",13,2,1.5,False,-8,開催7日目でBコース3日目。開催が進んで直線はやや上がりを要したが、インが伸びる状態は継続。直線で速い脚を使える差し馬が優位に立った。
202307030711,11,豊明S(3勝),芝,1400,晴,良,15:35,2023-07-22,中京,13,7,15,2018100397,ハーツラプソディ,牝5,56,01116,藤岡康太,1:21.7,ハナ,8-8,35.3,22.5,8,520(+6),01128,[西]今野貞一,272008,下河辺隆行,,,,,,,,,,,,"11,14(4,10)5(1,16)15(3,18)(9,13)(6,17)(12,8)(2,7)",8,1,1.5,False,"11,14(4,10)(1,5,16)(3,15,18)(9,13)(6,17)8(2,12)7",8,3,1.5,False,-8,開催7日目でBコース3日目。開催が進んで直線はやや上がりを要したが、インが伸びる状態は継続。直線で速い脚を使える差し馬が優位に立った。
202307030711,11,豊明S(3勝),芝,1400,晴,良,15:35,2023-07-22,中京,14,4,7,2017106086,メイショウベッピン,牝6,56,01182,泉谷楓真,1:22.1,2.1/2,17-18,34.8,71.7,15,490(0),01095,[西]荒川義之,523005,松本好雄,,,,,,,,,,,,"11,14(4,10)5(1,16)15(3,18)(9,13)(6,17)(12,8)(2,7)",17,2,1.5,False,"11,14(4,10)(1,5,16)(3,15,18)(9,13)(6,17)8(2,12)7",18,1,1.5,False,-8,開催7日目でBコース3日目。開催が進んで直線はやや上がりを要したが、インが伸びる状態は継続。直線で速い脚を使える差し馬が優位に立った。
202307030711,11,豊明S(3勝),芝,1400,晴,良,15:35,2023-07-22,中京,15,8,17,2020103393,ダルエスサラーム,牝3,53,01171,西村淳也,1:22.2,アタマ,13-13,35.3,5.6,3,440(+8),01117,[西]高野友和,226800,サンデーレーシング,,,,,,,,,,,,"11,14(4,10)5(1,16)15(3,18)(9,13)(6,17)(12,8)(2,7)",13,2,1.5,False,"11,14(4,10)(1,5,16)(3,15,18)(9,13)(6,17)8(2,12)7",13,2,1.5,False,-8,開催7日目でBコース3日目。開催が進んで直線はやや上がりを要したが、インが伸びる状態は継続。直線で速い脚を使える差し馬が優位に立った。
202307030711,11,豊明S(3勝),芝,1400,晴,良,15:35,2023-07-22,中京,16,7,14,2019105514,ラクスバラディー,牝4,56,00732,幸英明,1:22.3,1,2-2,36.6,7.7,4,516(-6),01110,[西]清水久詞,486800,キャロットファーム,,,,,,,,,,,,"11,14(4,10)5(1,16)15(3,18)(9,13)(6,17)(12,8)(2,7)",2,1,1.5,False,"11,14(4,10)(1,5,16)(3,15,18)(9,13)(6,17)8(2,12)7",2,1,1.5,False,-8,開催7日目でBコース3日目。開催が進んで直線はやや上がりを要したが、インが伸びる状態は継続。直線で速い脚を使える差し馬が優位に立った。
202307030711,11,豊明S(3勝),芝,1400,晴,良,15:35,2023-07-22,中京,17,1,2,2017100461,ワンスカイ,牡6,58,01199,角田大河,1:22.3,アタマ,17-16,35.1,28.0,10,494(0),01086,[東]斎藤誠,686006,平井裕,,,,,,,,,,,,"11,14(4,10)5(1,16)15(3,18)(9,13)(6,17)(12,8)(2,7)",17,2,1.5,False,"11,14(4,10)(1,5,16)(3,15,18)(9,13)(6,17)8(2,12)7",16,2,1.5,False,-8,開催7日目でBコース3日目。開催が進んで直線はやや上がりを要したが、インが伸びる状態は継続。直線で速い脚を使える差し馬が優位に立った。
202307030711,11,豊明S(3勝),芝,1400,晴,良,15:35,2023-07-22,中京,18,1,1,2019100268,カプティフ,牡4,58,01125,国分優作,1:23.1,5,6-5,36.9,397.2,18,476(-2),01066,[西]岡田稲男,714031,酒井孝敏,,,,,,,,,,,,"11,14(4,10)5(1,16)15(3,18)(9,13)(6,17)(12,8)(2,7)",6,2,1.5,False,"11,14(4,10)(1,5,16)(3,15,18)(9,13)(6,17)8(2,12)7",5,3,1.5,False,-8,開催7日目でBコース3日目。開催が進んで直線はやや上がりを要したが、インが伸びる状態は継続。直線で速い脚を使える差し馬が優位に立った。
202307030712,12,3歳以上1勝クラス,ダ,1800,晴,良,16:15,2023-07-22,中京,1,6,12,2020110118,エアメテオラ,牡3,55,01126,松山弘平,1:53.0,,3-3-3-3,37.3,2.0,1,506(+8),01144,[西]池添学,084800,ラッキーフィールド,800.0,"(*3,4)(12,15)(2,16)-(5,13)(7,14)1(8,11)10,6,9",3,2,0.0,False,"3,4(12,15)(2,16)-13,14,5(7,11)(1,8,10)6,9",3,2,1.5,False,"(*3,4)(12,15)(14,16)2(13,11,10)6(8,9)(7,1)=5",3,2,0.0,False,"3,4(12,15)(14,16)2(11,10)13,6(7,8,9)1=5",3,2,1.5,False,-10,
202307030712,12,3歳以上1勝クラス,ダ,1800,晴,良,16:15,2023-07-22,中京,2,2,4,2020110132,ティルドーン,牡3,55,00732,幸英明,1:53.9,5,2-2-2-2,38.4,15.4,6,512(0),00427,[西]森秀行,232031,藤田晋,320.0,"(*3,4)(12,15)(2,16)-(5,13)(7,14)1(8,11)10,6,9",2,2,0.0,False,"3,4(12,15)(2,16)-13,14,5(7,11)(1,8,10)6,9",2,1,1.5,False,"(*3,4)(12,15)(14,16)2(13,11,10)6(8,9)(7,1)=5",2,2,0.0,False,"3,4(12,15)(14,16)2(11,10)13,6(7,8,9)1=5",2,1,1.5,False,-10,
202307030712,12,3歳以上1勝クラス,ダ,1800,晴,良,16:15,2023-07-22,中京,3,2,3,2020110147,インヒズアイズ,牝3,53,01088,川田将雅,1:54.1,1.1/2,1-1-1-1,38.7,4.5,2,468(0),01075,[西]矢作芳人,879033,江馬由将,200.0,"(*3,4)(12,15)(2,16)-(5,13)(7,14)1(8,11)10,6,9",1,2,0.0,True,"3,4(12,15)(2,16)-13,14,5(7,11)(1,8,10)6,9",1,1,0.0,False,"(*3,4)(12,15)(14,16)2(13,11,10)6(8,9)(7,1)=5",1,2,0.0,True,"3,4(12,15)(14,16)2(11,10)13,6(7,8,9)1=5",1,1,0.0,False,-10,
202307030712,12,3歳以上1勝クラス,ダ,1800,晴,良,16:15,2023-07-22,中京,4,7,14,2020102843,アッチャゴーラ,牡3,55,01018,和田竜二,1:54.3,1.1/2,9-8-5-5,38.4,29.0,8,488(-2),01107,[西]村山明,310007,吉田千津,120.0,"(*3,4)(12,15)(2,16)-(5,13)(7,14)1(8,11)10,6,9",9,2,3.5,False,"3,4(12,15)(2,16)-13,14,5(7,11)(1,8,10)6,9",8,1,6.5,False,"(*3,4)(12,15)(14,16)2(13,11,10)6(8,9)(7,1)=5",5,2,0.0,False,"3,4(12,15)(14,16)2(11,10)13,6(7,8,9)1=5",5,2,1.5,False,-10,
202307030712,12,3歳以上1勝クラス,ダ,1800,晴,良,16:15,2023-07-22,中京,5,7,13,2020106576,モノクロームスター,牡3,55,01142,長岡禎仁,1:54.3,ハナ,7-7-8-10,38.0,237.2,14,496(+6),01128,[西]今野貞一,385031,星加浩一,80.0,"(*3,4)(12,15)(2,16)-(5,13)(7,14)1(8,11)10,6,9",7,2,3.5,False,"3,4(12,15)(2,16)-13,14,5(7,11)(1,8,10)6,9",7,1,5.0,False,"(*3,4)(12,15)(14,16)2(13,11,10)6(8,9)(7,1)=5",8,3,0.0,False,"3,4(12,15)(14,16)2(11,10)13,6(7,8,9)1=5",10,1,1.5,False,-10,
202307030712,12,3歳以上1勝クラス,ダ,1800,晴,良,16:15,2023-07-22,中京,6,4,7,2019100592,カライカマウリオラ,牡4,58,01124,国分恭介,1:54.5,1.1/4,9-10-14-12,37.5,268.0,15,484(-2),01196,[西]西園翔太,643031,土井久美子,,"(*3,4)(12,15)(2,16)-(5,13)(7,14)1(8,11)10,6,9",9,2,3.5,False,"3,4(12,15)(2,16)-13,14,5(7,11)(1,8,10)6,9",10,2,8.0,False,"(*3,4)(12,15)(14,16)2(13,11,10)6(8,9)(7,1)=5",14,2,0.0,False,"3,4(12,15)(14,16)2(11,10)13,6(7,8,9)1=5",12,3,3.0,False,-10,
202307030712,12,3歳以上1勝クラス,ダ,1800,晴,良,16:15,2023-07-22,中京,7,6,11,2019103278,クラップサンダー,牡4,58,01116,藤岡康太,1:54.6,アタマ,12-10-8-8,38.4,37.8,9,448(-10),01123,[西]牧田和弥,966002,深見富朗,,"(*3,4)(12,15)(2,16)-(5,13)(7,14)1(8,11)10,6,9",12,2,3.5,False,"3,4(12,15)(2,16)-13,14,5(7,11)(1,8,10)6,9",10,2,8.0,False,"(*3,4)(12,15)(14,16)2(13,11,10)6(8,9)(7,1)=5",8,3,0.0,False,"3,4(12,15)(14,16)2(11,10)13,6(7,8,9)1=5",8,2,1.5,False,-10,
202307030712,12,3歳以上1勝クラス,ダ,1800,晴,良,16:15,2023-07-22,中京,8,5,9,2020101758,トーホウレーゲン,牡3,55,01144,菱田裕二,1:54.7,1/2,16-16-12-12,38.0,47.1,10,442(-8),01166,[西]石坂公一,965800,東豊物産,,"(*3,4)(12,15)(2,16)-(5,13)(7,14)1(8,11)10,6,9",16,1,6.5,False,"3,4(12,15)(2,16)-13,14,5(7,11)(1,8,10)6,9",16,1,9.5,False,"(*3,4)(12,15)(14,16)2(13,11,10)6(8,9)(7,1)=5",12,2,0.0,False,"3,4(12,15)(14,16)2(11,10)13,6(7,8,9)1=5",12,3,3.0,False,-10,
202307030712,12,3歳以上1勝クラス,ダ,1800,晴,良,16:15,2023-07-22,中京,9,3,6,2019104761,ジルバーン,牡4,58,05619,ホー,1:54.8,1,15-15-11-11,38.3,11.1,4,420(-8),01161,[西]武英智,415800,社台レースホース,,"(*3,4)(12,15)(2,16)-(5,13)(7,14)1(8,11)10,6,9",15,1,5.0,False,"3,4(12,15)(2,16)-13,14,5(7,11)(1,8,10)6,9",15,1,8.0,False,"(*3,4)(12,15)(14,16)2(13,11,10)6(8,9)(7,1)=5",11,1,0.0,False,"3,4(12,15)(14,16)2(11,10)13,6(7,8,9)1=5",11,1,3.0,False,-10,
202307030712,12,3歳以上1勝クラス,ダ,1800,晴,良,16:15,2023-07-22,中京,10,8,15,2020107203,イツモハラペコ,牡3,55,01154,松若風馬,1:55.2,2.1/2,3-3-3-3,39.6,133.6,12,474(+6),01188,[西]畑端省吾,975030,小田切光,,"(*3,4)(12,15)(2,16)-(5,13)(7,14)1(8,11)10,6,9",3,2,0.0,False,"3,4(12,15)(2,16)-13,14,5(7,11)(1,8,10)6,9",3,2,1.5,False,"(*3,4)(12,15)(14,16)2(13,11,10)6(8,9)(7,1)=5",3,2,0.0,False,"3,4(12,15)(14,16)2(11,10)13,6(7,8,9)1=5",3,2,1.5,False,-10,
202307030712,12,3歳以上1勝クラス,ダ,1800,晴,良,16:15,2023-07-22,中京,11,1,2,2018103386,ガールズヒロイン,牝5,53,01208,田口貫太,1:55.2,ハナ,5-5-7-7,39.2,311.0,16,428(-4),01040,[西]服部利之,158033,山下良子,,"(*3,4)(12,15)(2,16)-(5,13)(7,14)1(8,11)10,6,9",5,2,0.0,False,"3,4(12,15)(2,16)-13,14,5(7,11)(1,8,10)6,9",5,2,1.5,False,"(*3,4)(12,15)(14,16)2(13,11,10)6(8,9)(7,1)=5",7,1,0.0,False,"3,4(12,15)(14,16)2(11,10)13,6(7,8,9)1=5",7,1,1.5,False,-10,
202307030712,12,3歳以上1勝クラス,ダ,1800,晴,良,16:15,2023-07-22,中京,12,8,16,2019103718,モズミツボシ,牡4,58,01163,坂井瑠星,1:55.8,3.1/2,5-5-5-5,39.9,7.1,3,516(-2),01139,[西]飯田祐史,005803,キャピタル・システム,,"(*3,4)(12,15)(2,16)-(5,13)(7,14)1(8,11)10,6,9",5,2,0.0,False,"3,4(12,15)(2,16)-13,14,5(7,11)(1,8,10)6,9",5,2,1.5,False,"(*3,4)(12,15)(14,16)2(13,11,10)6(8,9)(7,1)=5",5,2,0.0,False,"3,4(12,15)(14,16)2(11,10)13,6(7,8,9)1=5",5,2,1.5,False,-10,
202307030712,12,3歳以上1勝クラス,ダ,1800,晴,良,16:15,2023-07-22,中京,13,1,1,2017104884,オーマイオーマイ,牡6,57,01199,角田大河,1:56.5,4,11-12-14-15,39.6,191.3,13,466(-11),01085,[西]小崎憲,002803,キーファーズ,,"(*3,4)(12,15)(2,16)-(5,13)(7,14)1(8,11)10,6,9",11,1,3.5,False,"3,4(12,15)(2,16)-13,14,5(7,11)(1,8,10)6,9",12,3,8.0,False,"(*3,4)(12,15)(14,16)2(13,11,10)6(8,9)(7,1)=5",14,2,0.0,False,"3,4(12,15)(14,16)2(11,10)13,6(7,8,9)1=5",15,1,3.0,False,-10,
202307030712,12,3歳以上1勝クラス,ダ,1800,晴,良,16:15,2023-07-22,中京,14,5,10,2019100807,ビナホイアン,牡4,55,01187,永島まな,1:58.3,大,14-12-8-8,42.1,26.2,7,452(+10),01178,[西]杉山佳明,310030,井之口二三雄,,"(*3,4)(12,15)(2,16)-(5,13)(7,14)1(8,11)10,6,9",14,1,3.5,False,"3,4(12,15)(2,16)-13,14,5(7,11)(1,8,10)6,9",12,3,8.0,False,"(*3,4)(12,15)(14,16)2(13,11,10)6(8,9)(7,1)=5",8,3,0.0,False,"3,4(12,15)(14,16)2(11,10)13,6(7,8,9)1=5",8,2,1.5,False,-10,
202307030712,12,3歳以上1勝クラス,ダ,1800,晴,良,16:15,2023-07-22,中京,15,4,8,2018110095,パラディズム,セ5,58,01174,岩田望来,1:58.6,1.1/2,12-12-12-12,41.9,105.8,11,480(-24),01098,[西]野中賢二,045803,カナヤマホールディン...,,"(*3,4)(12,15)(2,16)-(5,13)(7,14)1(8,11)10,6,9",12,2,3.5,False,"3,4(12,15)(2,16)-13,14,5(7,11)(1,8,10)6,9",12,3,8.0,False,"(*3,4)(12,15)(14,16)2(13,11,10)6(8,9)(7,1)=5",12,2,0.0,False,"3,4(12,15)(14,16)2(11,10)13,6(7,8,9)1=5",12,3,3.0,False,-10,
202307030712,12,3歳以上1勝クラス,ダ,1800,晴,良,16:15,2023-07-22,中京,中,3,5,2020105638,インザビギニング,牡3,55,01171,西村淳也,,,7-9-16-16,,11.1,5,484(0),01085,[西]小崎憲,788800,ノースヒルズ,,"(*3,4)(12,15)(2,16)-(5,13)(7,14)1(8,11)10,6,9",7,2,3.5,False,"3,4(12,15)(2,16)-13,14,5(7,11)(1,8,10)6,9",9,1,8.0,False,"(*3,4)(12,15)(14,16)2(13,11,10)6(8,9)(7,1)=5",16,1,6.0,False,"3,4(12,15)(14,16)2(11,10)13,6(7,8,9)1=5",16,1,9.0,False,-10,
202301010101,1,2歳未勝利,芝,1200,晴,良,09:50,2023-07-22,札幌,1,5,5,2021101429,サトミノキラリ,牡2,55,01170,横山武史,1:09.5,,2-2,34.3,1.2,1,452(-4),01026,[東]鈴木伸尋,425031,田代洋己,550.0,,,,,,,,,,,"8,5(4,7)(2,6,3)1",2,1,1.5,False,"8,5,4(6,7)(2,3)1",2,1,1.5,False,-25,開催初日でAコース使用。芝と路盤の状態が非常に良く、洋芝としてはかなり高速馬場となった。内も外も使えるが、上級条件では差し優勢だった。
202301010101,1,2歳未勝利,芝,1200,晴,良,09:50,2023-07-22,札幌,2,8,8,2021105872,ベアゴーゴー,牝2,55,01115,浜中俊,1:09.5,クビ,1-1,34.5,4.1,2,454(+2),01008,[東]杉浦宏昭,372033,熊木浩,220.0,,,,,,,,,,,"8,5(4,7)(2,6,3)1",1,1,0.0,False,"8,5,4(6,7)(2,3)1",1,1,0.0,False,-25,開催初日でAコース使用。芝と路盤の状態が非常に良く、洋芝としてはかなり高速馬場となった。内も外も使えるが、上級条件では差し優勢だった。
202301010101,1,2歳未勝利,芝,1200,晴,良,09:50,2023-07-22,札幌,3,6,6,2021106854,ハピアーザンエバー,牡2,55,01093,藤岡佑介,1:10.0,2.1/2,5-4,34.5,59.9,6,438(-6),01091,[西]羽月友彦,464030,田畑利彦,140.0,,,,,,,,,,,"8,5(4,7)(2,6,3)1",5,3,1.5,False,"8,5,4(6,7)(2,3)1",4,2,3.0,False,-25,開催初日でAコース使用。芝と路盤の状態が非常に良く、洋芝としてはかなり高速馬場となった。内も外も使えるが、上級条件では差し優勢だった。
202301010101,1,2歳未勝利,芝,1200,晴,良,09:50,2023-07-22,札幌,4,4,4,2021105553,デビルシズカチャン,牝2,55,05339,ルメール,1:10.2,1.1/2,3-3,34.9,16.6,3,450(+2),01160,[西]武幸四郎,680031,カカムーチョレーシン...,83.0,,,,,,,,,,,"8,5(4,7)(2,6,3)1",3,2,1.5,False,"8,5,4(6,7)(2,3)1",3,1,3.0,False,-25,開催初日でAコース使用。芝と路盤の状態が非常に良く、洋芝としてはかなり高速馬場となった。内も外も使えるが、上級条件では差し優勢だった。
202301010101,1,2歳未勝利,芝,1200,晴,良,09:50,2023-07-22,札幌,5,1,1,2021100648,ウィスピースノー,牝2,55,01095,吉田隼人,1:10.3,1/2,8-8,34.5,23.9,5,434(-10),01128,[西]今野貞一,281008,水上ふじ子,55.0,,,,,,,,,,,"8,5(4,7)(2,6,3)1",8,1,1.5,False,"8,5,4(6,7)(2,3)1",8,1,3.0,False,-25,開催初日でAコース使用。芝と路盤の状態が非常に良く、洋芝としてはかなり高速馬場となった。内も外も使えるが、上級条件では差し優勢だった。
202301010101,1,2歳未勝利,芝,1200,晴,良,09:50,2023-07-22,札幌,6,2,2,2021100159,ロードスタウト,牡2,55,01157,鮫島克駿,1:10.7,2.1/2,5-6,35.1,61.8,7,454(-6),01186,[西]中村直也,170800,ロードホースクラブ,,,,,,,,,,,,"8,5(4,7)(2,6,3)1",5,3,1.5,False,"8,5,4(6,7)(2,3)1",6,2,3.0,False,-25,開催初日でAコース使用。芝と路盤の状態が非常に良く、洋芝としてはかなり高速馬場となった。内も外も使えるが、上級条件では差し優勢だった。
202301010101,1,2歳未勝利,芝,1200,晴,良,09:50,2023-07-22,札幌,7,3,3,2021100265,コミックガール,牝2,53,01197,佐々木大,1:10.9,1.1/4,5-6,35.3,18.8,4,404(-2),01192,[東]上原佑紀,320803,古賀禎彦,,,,,,,,,,,,"8,5(4,7)(2,6,3)1",5,3,1.5,False,"8,5,4(6,7)(2,3)1",6,2,3.0,False,-25,開催初日でAコース使用。芝と路盤の状態が非常に良く、洋芝としてはかなり高速馬場となった。内も外も使えるが、上級条件では差し優勢だった。
202301010101,1,2歳未勝利,芝,1200,晴,良,09:50,2023-07-22,札幌,8,7,7,2021103762,ヒポカンポ,牝2,52,01205,小林勝太,1:11.9,6,3-4,36.6,251.3,8,394(-2),01023,[東]伊藤圭三,379803,ＯＵＭＡ,,,,,,,,,,,,"8,5(4,7)(2,6,3)1",3,2,1.5,False,"8,5,4(6,7)(2,3)1",4,2,3.0,False,-25,開催初日でAコース使用。芝と路盤の状態が非常に良く、洋芝としてはかなり高速馬場となった。内も外も使えるが、上級条件では差し優勢だった。
202301010102,2,3歳未勝利,ダ,1000,晴,良,10:25,2023-07-22,札幌,1,7,9,2020106547,クリーデンス,牝3,54,05339,ルメール,0:58.7,,1-2,35.6,2.4,1,496(+12),01130,[西]吉村圭司,943030,橋元勇氣,550.0,,,,,,,,,,,"(8,*9)-4,1,6(2,3,5,7)(11,12)-10",1,2,0.0,True,"(*8,9)=4(1,6,7)(3,5)-2(11,12,10)",2,2,0.0,False,-6,
202301010102,2,3歳未勝利,ダ,1000,晴,良,10:25,2023-07-22,札幌,2,6,8,2020100879,ビップナージャ,牝3,54,01170,横山武史,0:59.6,5,2-1,36.5,15.1,5,420(-6),01118,[東]高柳瑞樹,524030,鈴木邦英,220.0,,,,,,,,,,,"(8,*9)-4,1,6(2,3,5,7)(11,12)-10",2,2,0.0,False,"(*8,9)=4(1,6,7)(3,5)-2(11,12,10)",1,2,0.0,True,-6,
202301010102,2,3歳未勝利,ダ,1000,晴,良,10:25,2023-07-22,札幌,3,3,3,2020100391,リキサンクー,牡3,53,01205,小林勝太,0:59.6,ハナ,6-7,35.5,99.0,11,446(-4),01074,[東]奥平雅士,572800,ハイパワー商事,140.0,,,,,,,,,,,"(8,*9)-4,1,6(2,3,5,7)(11,12)-10",6,4,6.5,False,"(*8,9)=4(1,6,7)(3,5)-2(11,12,10)",7,2,6.0,False,-6,
202301010102,2,3歳未勝利,ダ,1000,晴,良,10:25,2023-07-22,札幌,4,4,4,2020104346,イミュータブル,牡3,56,01157,鮫島克駿,0:59.8,1.1/4,3-3,36.1,8.6,4,474(+10),01138,[西]浜田多実,948006,前田幸治,83.0,,,,,,,,,,,"(8,*9)-4,1,6(2,3,5,7)(11,12)-10",3,1,3.5,False,"(*8,9)=4(1,6,7)(3,5)-2(11,12,10)",3,1,6.0,False,-6,
202301010102,2,3歳未勝利,ダ,1000,晴,良,10:25,2023-07-22,札幌,5,6,7,2020102908,ステラヴェスパー,牝3,54,01093,藤岡佑介,1:00.0,1.1/4,6-4,35.9,31.8,9,430(-4),01181,[西]茶木太樹,758005,吉田照哉,55.0,,,,,,,,,,,"(8,*9)-4,1,6(2,3,5,7)(11,12)-10",6,4,6.5,False,"(*8,9)=4(1,6,7)(3,5)-2(11,12,10)",4,3,6.0,False,-6,
202301010102,2,3歳未勝利,ダ,1000,晴,良,10:25,2023-07-22,札幌,6,5,5,2020100551,ディーン,牝3,54,01140,横山和生,1:00.0,ハナ,6-7,35.8,5.2,3,460(+2),01043,[東]石栗龍彦,464030,田畑利彦,,,,,,,,,,,,"(8,*9)-4,1,6(2,3,5,7)(11,12)-10",6,4,6.5,False,"(*8,9)=4(1,6,7)(3,5)-2(11,12,10)",7,2,6.0,False,-6,
202301010102,2,3歳未勝利,ダ,1000,晴,良,10:25,2023-07-22,札幌,7,1,1,2020105380,トウケイチョウテン,牡3,56,01178,斎藤新,1:00.3,1.3/4,4-4,36.5,243.5,12,454(-2),01182,[東]辻哲英,258006,木村信彦,,,,,,,,,,,,"(8,*9)-4,1,6(2,3,5,7)(11,12)-10",4,1,5.0,False,"(*8,9)=4(1,6,7)(3,5)-2(11,12,10)",4,3,6.0,False,-6,
202301010102,2,3歳未勝利,ダ,1000,晴,良,10:25,2023-07-22,札幌,8,5,6,2020104250,マジカルガール,牝3,54,01109,黛弘人,1:00.3,クビ,5-4,36.3,17.0,6,412(+2),01195,[東]嘉藤貴行,629800,ミルファーム,,,,,,,,,,,,"(8,*9)-4,1,6(2,3,5,7)(11,12)-10",5,1,6.5,False,"(*8,9)=4(1,6,7)(3,5)-2(11,12,10)",4,3,6.0,False,-6,
202301010102,2,3歳未勝利,ダ,1000,晴,良,10:25,2023-07-22,札幌,9,7,10,2020104087,グランツベリー,牝3,51,01193,今村聖奈,1:00.6,1.3/4,12-10,35.8,3.5,2,450(+4),01180,[西]田中克典,553800,広尾レース,,,,,,,,,,,,"(8,*9)-4,1,6(2,3,5,7)(11,12)-10",12,1,10.0,False,"(*8,9)=4(1,6,7)(3,5)-2(11,12,10)",10,3,9.5,False,-6,
202301010102,2,3歳未勝利,ダ,1000,晴,良,10:25,2023-07-22,札幌,10,8,11,2020106395,エイユーマックス,牡3,55,01185,小沢大仁,1:00.8,3/4,10-10,36.3,22.0,7,476(-2),01066,[西]岡田稲男,589007,笹部和子,,,,,,,,,,,,"(8,*9)-4,1,6(2,3,5,7)(11,12)-10",10,2,6.5,False,"(*8,9)=4(1,6,7)(3,5)-2(11,12,10)",10,3,9.5,False,-6,
202301010102,2,3歳未勝利,ダ,1000,晴,良,10:25,2023-07-22,札幌,11,2,2,2020107102,ジュレーヴ,牡3,54,01197,佐々木大,1:00.9,1,6-9,36.7,59.5,10,442(+8),01189,[東]堀内岳志,373008,中村祐子,,,,,,,,,,,,"(8,*9)-4,1,6(2,3,5,7)(11,12)-10",6,4,6.5,False,"(*8,9)=4(1,6,7)(3,5)-2(11,12,10)",9,1,9.5,False,-6,
202301010102,2,3歳未勝利,ダ,1000,晴,良,10:25,2023-07-22,札幌,12,8,12,2020101946,メジャーエール,牝3,53,01191,松本大輝,1:01.1,1,10-10,36.7,31.7,8,450(+4),01174,[東]深山雅史,344803,マークス,,,,,,,,,,,,"(8,*9)-4,1,6(2,3,5,7)(11,12)-10",10,2,6.5,False,"(*8,9)=4(1,6,7)(3,5)-2(11,12,10)",10,3,9.5,False,-6,
202301010103,3,3歳未勝利,ダ,1700,晴,良,10:55,2023-07-22,札幌,1,7,11,2020104215,ケイアイメキラ,セ3,56,01176,亀田温心,1:47.6,,11-10-6-4,38.4,8.4,6,462(+4),01107,[西]村山明,390803,亀田和弘,550.0,"(*4,12)8-(1,2,13)7(3,6,14)(10,11)-5-9",11,2,3.5,False,"4,12(1,8)2,13(3,7)14(6,11)(5,10)9",10,2,3.0,False,"(*4,12)8(13,9)(1,11)3(7,10)2(5,14)6",6,2,0.0,False,"(*4,12)9(8,11)13(3,7,10)-1-5,14-6,2",4,2,0.0,False,-3,
202301010103,3,3歳未勝利,ダ,1700,晴,良,10:55,2023-07-22,札幌,2,3,4,2020103939,ホウオウプレシャス,牡3,56,01091,丹内祐次,1:47.7,1/2,1-1-1-1,39.3,3.4,1,496(+2),01127,[東]栗田徹,906033,小笹芳央,220.0,"(*4,12)8-(1,2,13)7(3,6,14)(10,11)-5-9",1,2,0.0,True,"4,12(1,8)2,13(3,7)14(6,11)(5,10)9",1,1,0.0,False,"(*4,12)8(13,9)(1,11)3(7,10)2(5,14)6",1,2,0.0,True,"(*4,12)9(8,11)13(3,7,10)-1-5,14-6,2",1,2,0.0,True,-3,
202301010103,3,3歳未勝利,ダ,1700,晴,良,10:55,2023-07-22,札幌,3,6,9,2020102347,ナイトスピアー,牡3,56,01140,横山和生,1:48.2,3,14-14-4-3,39.4,4.8,2,472(0),01125,[東]小野次郎,997031,ＩＺＵＲＵジャパン,140.0,"(*4,12)8-(1,2,13)7(3,6,14)(10,11)-5-9",14,1,10.5,False,"4,12(1,8)2,13(3,7)14(6,11)(5,10)9",14,1,3.0,False,"(*4,12)8(13,9)(1,11)3(7,10)2(5,14)6",4,2,0.0,False,"(*4,12)9(8,11)13(3,7,10)-1-5,14-6,2",3,1,0.0,False,-3,
202301010103,3,3歳未勝利,ダ,1700,晴,良,10:55,2023-07-22,札幌,4,3,3,2020105632,ジラルデ,牡3,56,01032,池添謙一,1:48.3,クビ,8-7-8-7,38.9,6.2,4,468(+12),01139,[西]飯田祐史,948006,前田幸治,83.0,"(*4,12)8-(1,2,13)7(3,6,14)(10,11)-5-9",8,3,3.5,False,"4,12(1,8)2,13(3,7)14(6,11)(5,10)9",7,2,3.0,False,"(*4,12)8(13,9)(1,11)3(7,10)2(5,14)6",8,1,0.0,False,"(*4,12)9(8,11)13(3,7,10)-1-5,14-6,2",7,3,0.0,False,-3,
202301010103,3,3歳未勝利,ダ,1700,晴,良,10:55,2023-07-22,札幌,5,7,12,2020103126,レイジングスラスト,牡3,56,01102,北村友一,1:48.5,1.1/2,2-2-2-2,40.0,5.7,3,536(+14),01075,[西]矢作芳人,346803,吉澤ホールディングス,55.0,"(*4,12)8-(1,2,13)7(3,6,14)(10,11)-5-9",2,2,0.0,False,"4,12(1,8)2,13(3,7)14(6,11)(5,10)9",2,1,1.5,False,"(*4,12)8(13,9)(1,11)3(7,10)2(5,14)6",2,2,0.0,False,"(*4,12)9(8,11)13(3,7,10)-1-5,14-6,2",2,2,0.0,False,-3,
202301010103,3,3歳未勝利,ダ,1700,晴,良,10:55,2023-07-22,札幌,6,6,10,2020100863,アルセリア,牝3,52,01197,佐々木大,1:48.7,1.1/2,11-12-9-7,39.2,7.4,5,430(-8),01143,[東]和田雄二,290006,栗坂崇,,"(*4,12)8-(1,2,13)7(3,6,14)(10,11)-5-9",11,2,3.5,False,"4,12(1,8)2,13(3,7)14(6,11)(5,10)9",12,2,3.0,False,"(*4,12)8(13,9)(1,11)3(7,10)2(5,14)6",9,2,0.0,False,"(*4,12)9(8,11)13(3,7,10)-1-5,14-6,2",7,3,0.0,False,-3,
202301010103,3,3歳未勝利,ダ,1700,晴,良,10:55,2023-07-22,札幌,7,5,7,2020105061,エイチエヌバンピー,牡3,56,01173,山田敬士,1:48.8,クビ,7-7-9-7,39.3,214.9,14,430(-17),01005,[東]小桧山悟,382008,鳴田啓志,,"(*4,12)8-(1,2,13)7(3,6,14)(10,11)-5-9",7,1,3.5,False,"4,12(1,8)2,13(3,7)14(6,11)(5,10)9",7,2,3.0,False,"(*4,12)8(13,9)(1,11)3(7,10)2(5,14)6",9,2,0.0,False,"(*4,12)9(8,11)13(3,7,10)-1-5,14-6,2",7,3,0.0,False,-3,
202301010103,3,3歳未勝利,ダ,1700,晴,良,10:55,2023-07-22,札幌,8,8,13,2020101252,グレートキングベア,牡3,56,01170,横山武史,1:48.9,1,4-6-4-6,40.0,20.1,8,452(-2),01026,[東]鈴木伸尋,303030,山崎泰博,,"(*4,12)8-(1,2,13)7(3,6,14)(10,11)-5-9",4,3,3.5,False,"4,12(1,8)2,13(3,7)14(6,11)(5,10)9",6,1,3.0,False,"(*4,12)8(13,9)(1,11)3(7,10)2(5,14)6",4,2,0.0,False,"(*4,12)9(8,11)13(3,7,10)-1-5,14-6,2",6,1,0.0,False,-3,
202301010103,3,3歳未勝利,ダ,1700,晴,良,10:55,2023-07-22,札幌,9,4,5,2020101681,ロードイモータル,牡3,56,01157,鮫島克駿,1:49.0,クビ,13-12-12-11,39.2,15.1,7,502(+8),01165,[東]和田勇介,170800,ロードホースクラブ,,"(*4,12)8-(1,2,13)7(3,6,14)(10,11)-5-9",13,1,7.0,False,"4,12(1,8)2,13(3,7)14(6,11)(5,10)9",12,2,3.0,False,"(*4,12)8(13,9)(1,11)3(7,10)2(5,14)6",12,2,0.0,False,"(*4,12)9(8,11)13(3,7,10)-1-5,14-6,2",11,1,7.0,False,-3,
202301010103,3,3歳未勝利,ダ,1700,晴,良,10:55,2023-07-22,札幌,10,5,8,2020102875,シャンデル,牝3,54,01178,斎藤新,1:49.5,3,3-3-3-4,40.8,67.5,9,474(+12),01156,[東]青木孝文,415800,社台レースホース,,"(*4,12)8-(1,2,13)7(3,6,14)(10,11)-5-9",3,1,0.0,False,"4,12(1,8)2,13(3,7)14(6,11)(5,10)9",3,2,1.5,False,"(*4,12)8(13,9)(1,11)3(7,10)2(5,14)6",3,1,0.0,False,"(*4,12)9(8,11)13(3,7,10)-1-5,14-6,2",4,2,0.0,False,-3,
202301010103,3,3歳未勝利,ダ,1700,晴,良,10:55,2023-07-22,札幌,11,8,14,2020105472,オレノアイバ,牡3,52,01190,古川奈穂,1:50.2,4,8-9-12-12,40.3,175.3,12,446(-8),01135,[西]高橋康之,333031,大田恭充,,"(*4,12)8-(1,2,13)7(3,6,14)(10,11)-5-9",8,3,3.5,False,"4,12(1,8)2,13(3,7)14(6,11)(5,10)9",9,1,3.0,False,"(*4,12)8(13,9)(1,11)3(7,10)2(5,14)6",12,2,0.0,False,"(*4,12)9(8,11)13(3,7,10)-1-5,14-6,2",12,1,8.5,False,-3,
202301010103,3,3歳未勝利,ダ,1700,晴,良,10:55,2023-07-22,札幌,12,1,1,2020106970,スングリダンダン,牝3,54,01109,黛弘人,1:50.6,2,4-3-6-10,41.4,179.8,13,446(+6),00437,[東]南田美知,629800,ミルファーム,,"(*4,12)8-(1,2,13)7(3,6,14)(10,11)-5-9",4,3,3.5,False,"4,12(1,8)2,13(3,7)14(6,11)(5,10)9",3,2,1.5,False,"(*4,12)8(13,9)(1,11)3(7,10)2(5,14)6",6,2,0.0,False,"(*4,12)9(8,11)13(3,7,10)-1-5,14-6,2",10,1,3.5,False,-3,
202301010103,3,3歳未勝利,ダ,1700,晴,良,10:55,2023-07-22,札幌,13,4,6,2020100036,イズジョーノバトン,牝3,51,01193,今村聖奈,1:51.0,2.1/2,8-10-14-13,40.9,92.5,11,468(-6),01056,[東]本間忍,897030,泉一郎,,"(*4,12)8-(1,2,13)7(3,6,14)(10,11)-5-9",8,3,3.5,False,"4,12(1,8)2,13(3,7)14(6,11)(5,10)9",10,2,3.0,False,"(*4,12)8(13,9)(1,11)3(7,10)2(5,14)6",14,1,0.0,False,"(*4,12)9(8,11)13(3,7,10)-1-5,14-6,2",13,1,12.0,False,-3,
202301010103,3,3歳未勝利,ダ,1700,晴,良,10:55,2023-07-22,札幌,14,2,2,2020101849,カンパナーダス,牡3,55,01192,横山琉人,1:52.2,7,4-5-11-14,42.6,81.9,10,490(-14),01067,[東]久保田貴,003060,ゴドルフィン,,"(*4,12)8-(1,2,13)7(3,6,14)(10,11)-5-9",4,3,3.5,False,"4,12(1,8)2,13(3,7)14(6,11)(5,10)9",5,1,1.5,False,"(*4,12)8(13,9)(1,11)3(7,10)2(5,14)6",11,1,0.0,False,"(*4,12)9(8,11)13(3,7,10)-1-5,14-6,2",14,1,13.5,False,-3,
202301010104,4,3歳未勝利,芝,1500,晴,良,11:25,2023-07-22,札幌,1,6,9,2020105354,サクセスアイ,牝3,54,01176,亀田温心,1:27.7,,13-10-9,34.3,19.7,8,426(+8),01078,[西]北出成人,395803,タカシマ,550.0,,,,,,"2,10(1,6,13)(4,8)5(3,11)(7,12)9",13,1,1.5,False,"2(10,13,8)1(4,6,5,11)(3,9,12)7",10,3,0.0,False,"(*2,10)13(1,8)6(4,11)(3,9)5(7,12)",9,2,0.0,False,-25,開催初日でAコース使用。芝と路盤の状態が非常に良く、洋芝としてはかなり高速馬場となった。内も外も使えるが、上級条件では差し優勢だった。
202301010104,4,3歳未勝利,芝,1500,晴,良,11:25,2023-07-22,札幌,2,1,1,2020103018,ヒラリ,牝3,54,05339,ルメール,1:27.7,アタマ,3-5-4,34.8,4.1,2,456(-4),01160,[西]武幸四郎,232031,藤田晋,220.0,,,,,,"2,10(1,6,13)(4,8)5(3,11)(7,12)9",3,3,1.5,False,"2(10,13,8)1(4,6,5,11)(3,9,12)7",5,1,0.0,False,"(*2,10)13(1,8)6(4,11)(3,9)5(7,12)",4,2,0.0,False,-25,開催初日でAコース使用。芝と路盤の状態が非常に良く、洋芝としてはかなり高速馬場となった。内も外も使えるが、上級条件では差し優勢だった。
202301010104,4,3歳未勝利,芝,1500,晴,良,11:25,2023-07-22,札幌,3,8,13,2020105782,マルメラーダ,牝3,54,01170,横山武史,1:28.1,2,3-2-3,35.3,3.8,1,444(+4),00412,[東]高橋裕,546800,サラブレッドクラブ・...,140.0,,,,,,"2,10(1,6,13)(4,8)5(3,11)(7,12)9",3,3,1.5,False,"2(10,13,8)1(4,6,5,11)(3,9,12)7",2,3,0.0,False,"(*2,10)13(1,8)6(4,11)(3,9)5(7,12)",3,1,0.0,False,-25,開催初日でAコース使用。芝と路盤の状態が非常に良く、洋芝としてはかなり高速馬場となった。内も外も使えるが、上級条件では差し優勢だった。
202301010104,4,3歳未勝利,芝,1500,晴,良,11:25,2023-07-22,札幌,4,5,6,2020102563,ルカン,牝3,54,00660,横山典弘,1:28.1,クビ,3-6-6,35.0,8.3,5,418(0),01164,[西]安田翔伍,350031,小林昌子,83.0,,,,,,"2,10(1,6,13)(4,8)5(3,11)(7,12)9",3,3,1.5,False,"2(10,13,8)1(4,6,5,11)(3,9,12)7",6,4,0.0,False,"(*2,10)13(1,8)6(4,11)(3,9)5(7,12)",6,1,0.0,False,-25,開催初日でAコース使用。芝と路盤の状態が非常に良く、洋芝としてはかなり高速馬場となった。内も外も使えるが、上級条件では差し優勢だった。
202301010104,4,3歳未勝利,芝,1500,晴,良,11:25,2023-07-22,札幌,5,4,4,2020103346,アラメダ,牝3,54,01115,浜中俊,1:28.2,3/4,6-6-7,35.1,9.9,6,442(+6),01071,[西]池江泰寿,708800,金子真人ホールディン...,55.0,,,,,,"2,10(1,6,13)(4,8)5(3,11)(7,12)9",6,2,1.5,False,"2(10,13,8)1(4,6,5,11)(3,9,12)7",6,4,0.0,False,"(*2,10)13(1,8)6(4,11)(3,9)5(7,12)",7,2,0.0,False,-25,開催初日でAコース使用。芝と路盤の状態が非常に良く、洋芝としてはかなり高速馬場となった。内も外も使えるが、上級条件では差し優勢だった。
202301010104,4,3歳未勝利,芝,1500,晴,良,11:25,2023-07-22,札幌,6,7,10,2020105792,クライノート,牝3,54,01091,丹内祐次,1:28.4,3/4,2-2-2,35.6,6.2,4,448(+14),01048,[東]畠山吉宏,546800,サラブレッドクラブ・...,,,,,,,"2,10(1,6,13)(4,8)5(3,11)(7,12)9",2,1,1.5,False,"2(10,13,8)1(4,6,5,11)(3,9,12)7",2,3,0.0,False,"(*2,10)13(1,8)6(4,11)(3,9)5(7,12)",2,2,0.0,False,-25,開催初日でAコース使用。芝と路盤の状態が非常に良く、洋芝としてはかなり高速馬場となった。内も外も使えるが、上級条件では差し優勢だった。
202301010104,4,3歳未勝利,芝,1500,晴,良,11:25,2023-07-22,札幌,7,2,2,2020105059,エルフサイエン,牝3,53,01192,横山琉人,1:28.5,1/2,1-1-1,35.8,112.5,11,434(-6),01068,[東]小島茂之,036006,加藤徹,,,,,,,"2,10(1,6,13)(4,8)5(3,11)(7,12)9",1,1,0.0,False,"2(10,13,8)1(4,6,5,11)(3,9,12)7",1,1,0.0,False,"(*2,10)13(1,8)6(4,11)(3,9)5(7,12)",1,2,0.0,True,-25,開催初日でAコース使用。芝と路盤の状態が非常に良く、洋芝としてはかなり高速馬場となった。内も外も使えるが、上級条件では差し優勢だった。
202301010104,4,3歳未勝利,芝,1500,晴,良,11:25,2023-07-22,札幌,8,3,3,2020104015,ロゼアクアリオ,牝3,53,01185,小沢大仁,1:28.6,1/2,9-10-9,35.2,197.1,12,404(+20),01159,[西]高柳大輔,616030,水谷昌晃,,,,,,,"2,10(1,6,13)(4,8)5(3,11)(7,12)9",9,2,1.5,False,"2(10,13,8)1(4,6,5,11)(3,9,12)7",10,3,0.0,False,"(*2,10)13(1,8)6(4,11)(3,9)5(7,12)",9,2,0.0,False,-25,開催初日でAコース使用。芝と路盤の状態が非常に良く、洋芝としてはかなり高速馬場となった。内も外も使えるが、上級条件では差し優勢だった。
202301010104,4,3歳未勝利,芝,1500,晴,良,11:25,2023-07-22,札幌,9,5,7,2020105587,マノレア,牝3,52,01177,小林凌大,1:28.8,1.1/2,11-13-12,35.1,326.0,13,454(+4),01028,[西]西園正都,643031,土井久美子,,,,,,,"2,10(1,6,13)(4,8)5(3,11)(7,12)9",11,2,1.5,False,"2(10,13,8)1(4,6,5,11)(3,9,12)7",13,1,0.0,False,"(*2,10)13(1,8)6(4,11)(3,9)5(7,12)",12,2,0.0,False,-25,開催初日でAコース使用。芝と路盤の状態が非常に良く、洋芝としてはかなり高速馬場となった。内も外も使えるが、上級条件では差し優勢だった。
202301010104,4,3歳未勝利,芝,1500,晴,良,11:25,2023-07-22,札幌,10,7,11,2020103104,リスノワール,牝3,54,01025,勝浦正樹,1:28.9,クビ,9-6-7,35.8,20.2,9,462(0),01190,[東]村田一誠,415800,社台レースホース,,,,,,,"2,10(1,6,13)(4,8)5(3,11)(7,12)9",9,2,1.5,False,"2(10,13,8)1(4,6,5,11)(3,9,12)7",6,4,0.0,False,"(*2,10)13(1,8)6(4,11)(3,9)5(7,12)",7,2,0.0,False,-25,開催初日でAコース使用。芝と路盤の状態が非常に良く、洋芝としてはかなり高速馬場となった。内も外も使えるが、上級条件では差し優勢だった。
202301010104,4,3歳未勝利,芝,1500,晴,良,11:25,2023-07-22,札幌,11,8,12,2020106011,レーヴスレアリーズ,牝3,51,01193,今村聖奈,1:29.0,3/4,11-10-12,35.6,19.0,7,456(-4),01158,[西]寺島良,032800,ローレルレーシング,,,,,,,"2,10(1,6,13)(4,8)5(3,11)(7,12)9",11,2,1.5,False,"2(10,13,8)1(4,6,5,11)(3,9,12)7",10,3,0.0,False,"(*2,10)13(1,8)6(4,11)(3,9)5(7,12)",12,2,0.0,False,-25,開催初日でAコース使用。芝と路盤の状態が非常に良く、洋芝としてはかなり高速馬場となった。内も外も使えるが、上級条件では差し優勢だった。
202301010104,4,3歳未勝利,芝,1500,晴,良,11:25,2023-07-22,札幌,12,6,8,2020104556,スマートヴィーヴル,牝3,50,01190,古川奈穂,1:29.5,3,6-2-4,36.7,5.2,3,462(+4),01075,[西]矢作芳人,007803,大川徹,,,,,,,"2,10(1,6,13)(4,8)5(3,11)(7,12)9",6,2,1.5,False,"2(10,13,8)1(4,6,5,11)(3,9,12)7",2,3,0.0,False,"(*2,10)13(1,8)6(4,11)(3,9)5(7,12)",4,2,0.0,False,-25,開催初日でAコース使用。芝と路盤の状態が非常に良く、洋芝としてはかなり高速馬場となった。内も外も使えるが、上級条件では差し優勢だった。
202301010104,4,3歳未勝利,芝,1500,晴,良,11:25,2023-07-22,札幌,13,4,5,2020106487,フューチャーアゲン,牝3,52,01197,佐々木大,1:30.1,3.1/2,8-6-11,37.0,82.8,10,442(-12),01077,[東]加藤和宏,350004,浅川皓司,,,,,,,"2,10(1,6,13)(4,8)5(3,11)(7,12)9",8,1,1.5,False,"2(10,13,8)1(4,6,5,11)(3,9,12)7",6,4,0.0,False,"(*2,10)13(1,8)6(4,11)(3,9)5(7,12)",11,1,0.0,False,-25,開催初日でAコース使用。芝と路盤の状態が非常に良く、洋芝としてはかなり高速馬場となった。内も外も使えるが、上級条件では差し優勢だった。
202301010105,5,2歳新馬,ダ,1700,晴,良,12:15,2023-07-22,札幌,1,4,4,2021106689,アセレラシオン,牡2,55,01157,鮫島克駿,1:48.6,,5-5-4-3,38.7,4.6,3,524(0),01138,[西]浜田多実,226800,サンデーレーシング,720.0,"7,9(6,8)(4,10)(1,5)3,2",5,2,1.5,False,"7,9(6,8)(4,10)5-(1,3)2",5,2,1.5,False,"(*7,9)10(6,4,8)5-(2,3)-1",4,3,0.0,False,"(*7,10)(9,4)(6,8,5)(2,3)=1",3,2,0.0,False,-3,
202301010105,5,2歳新馬,ダ,1700,晴,良,12:15,2023-07-22,札幌,2,8,10,2021103728,カリフォルニア,牡2,55,05339,ルメール,1:49.1,3,5-5-3-2,39.4,3.1,1,482(0),01023,[東]伊藤圭三,811033,岡本真二,290.0,"7,9(6,8)(4,10)(1,5)3,2",5,2,1.5,False,"7,9(6,8)(4,10)5-(1,3)2",5,2,1.5,False,"(*7,9)10(6,4,8)5-(2,3)-1",3,1,0.0,False,"(*7,10)(9,4)(6,8,5)(2,3)=1",2,2,0.0,False,-3,
202301010105,5,2歳新馬,ダ,1700,晴,良,12:15,2023-07-22,札幌,3,7,7,2021104889,ラファールドール,牡2,55,01170,横山武史,1:49.6,3,1-1-1-1,40.0,6.2,4,504(0),01112,[東]田島俊明,415800,社台レースホース,180.0,"7,9(6,8)(4,10)(1,5)3,2",1,1,0.0,False,"7,9(6,8)(4,10)5-(1,3)2",1,1,0.0,False,"(*7,9)10(6,4,8)5-(2,3)-1",1,2,0.0,True,"(*7,10)(9,4)(6,8,5)(2,3)=1",1,2,0.0,True,-3,
202301010105,5,2歳新馬,ダ,1700,晴,良,12:15,2023-07-22,札幌,4,5,5,2021101661,デトネイション,牡2,55,00666,武豊,1:49.7,クビ,7-7-7-5,39.6,13.8,5,496(0),01140,[西]石橋守,003060,ゴドルフィン,110.0,"7,9(6,8)(4,10)(1,5)3,2",7,2,1.5,False,"7,9(6,8)(4,10)5-(1,3)2",7,1,1.5,False,"(*7,9)10(6,4,8)5-(2,3)-1",7,1,0.0,False,"(*7,10)(9,4)(6,8,5)(2,3)=1",5,3,0.0,False,-3,
202301010105,5,2歳新馬,ダ,1700,晴,良,12:15,2023-07-22,札幌,5,6,6,2021103385,リワードファラオン,牡2,55,00660,横山典弘,1:49.8,1,3-3-4-5,39.9,21.1,7,506(0),01190,[東]村田一誠,988002,宮崎冴子,72.0,"7,9(6,8)(4,10)(1,5)3,2",3,2,1.5,False,"7,9(6,8)(4,10)5-(1,3)2",3,2,1.5,False,"(*7,9)10(6,4,8)5-(2,3)-1",4,3,0.0,False,"(*7,10)(9,4)(6,8,5)(2,3)=1",5,3,0.0,False,-3,
202301010105,5,2歳新馬,ダ,1700,晴,良,12:15,2023-07-22,札幌,6,3,3,2021102150,カフジテルビウム,牡2,55,01178,斎藤新,1:50.2,2,9-8-8-8,39.7,17.1,6,456(0),01178,[西]杉山佳明,019004,加藤守,,"7,9(6,8)(4,10)(1,5)3,2",9,1,1.5,False,"7,9(6,8)(4,10)5-(1,3)2",8,2,5.0,False,"(*7,9)10(6,4,8)5-(2,3)-1",8,2,3.5,False,"(*7,10)(9,4)(6,8,5)(2,3)=1",8,2,0.0,False,-3,
202301010105,5,2歳新馬,ダ,1700,晴,良,12:15,2023-07-22,札幌,7,2,2,2021107255,ゼットスパンキー,牡2,55,01015,古川吉洋,1:50.8,3.1/2,10-10-8-8,40.3,49.9,9,452(0),01018,[西]宮徹,730800,フォーレスト,,"7,9(6,8)(4,10)(1,5)3,2",10,1,3.0,False,"7,9(6,8)(4,10)5-(1,3)2",10,1,5.0,False,"(*7,9)10(6,4,8)5-(2,3)-1",8,2,3.5,False,"(*7,10)(9,4)(6,8,5)(2,3)=1",8,2,0.0,False,-3,
202301010105,5,2歳新馬,ダ,1700,晴,良,12:15,2023-07-22,札幌,8,7,8,2021102855,フルハートビート,牡2,55,01115,浜中俊,1:51.5,4,3-3-4-5,41.5,3.9,2,488(0),01133,[東]黒岩陽一,226800,サンデーレーシング,,"7,9(6,8)(4,10)(1,5)3,2",3,2,1.5,False,"7,9(6,8)(4,10)5-(1,3)2",3,2,1.5,False,"(*7,9)10(6,4,8)5-(2,3)-1",4,3,0.0,False,"(*7,10)(9,4)(6,8,5)(2,3)=1",5,3,0.0,False,-3,
202301010105,5,2歳新馬,ダ,1700,晴,良,12:15,2023-07-22,札幌,9,1,1,2021102825,チーチャン,牝2,54,01192,横山琉人,1:52.4,5,7-8-10-10,41.1,33.5,8,466(0),01047,[東]勢司和浩,493006,村田哲朗,,"7,9(6,8)(4,10)(1,5)3,2",7,2,1.5,False,"7,9(6,8)(4,10)5-(1,3)2",8,2,5.0,False,"(*7,9)10(6,4,8)5-(2,3)-1",10,1,7.0,False,"(*7,10)(9,4)(6,8,5)(2,3)=1",10,1,6.0,False,-3,
202301010105,5,2歳新馬,ダ,1700,晴,良,12:15,2023-07-22,札幌,10,8,9,2021101598,アンクルクロス,牡2,54,01186,角田大和,1:52.7,1.1/2,2-2-2-3,43.1,75.3,10,466(0),01136,[西]高橋亮,952006,塚本能交,,"7,9(6,8)(4,10)(1,5)3,2",2,1,1.5,False,"7,9(6,8)(4,10)5-(1,3)2",2,1,1.5,False,"(*7,9)10(6,4,8)5-(2,3)-1",2,2,0.0,False,"(*7,10)(9,4)(6,8,5)(2,3)=1",3,2,0.0,False,-3,
202301010106,6,3歳未勝利,芝,1800,晴,良,12:45,2023-07-22,札幌,1,3,3,2020105073,ガットネロ,牝3,54,01170,横山武史,1:47.7,,2-2-2-1,36.2,2.2,1,478(+4),01168,[西]上村洋行,895030,山口敦広,550.0,"14(2,3)6(7,9)11,8,13(1,12)10-4,5",2,2,0.0,False,"14,3(2,6)7,9-11(8,13)(1,12)10-(4,5)",2,1,1.5,False,"(*14,3)(2,6)(7,9)(11,13)8(1,12)(10,5)-4",2,2,0.0,False,"(14,*3)(2,6)7(11,9,13)(1,8)10,12-(5,4)",1,2,0.0,True,-25,開催初日でAコース使用。芝と路盤の状態が非常に良く、洋芝としてはかなり高速馬場となった。内も外も使えるが、上級条件では差し優勢だった。
202301010106,6,3歳未勝利,芝,1800,晴,良,12:45,2023-07-22,札幌,2,4,6,2020103660,ライジングホープ,牝3,53,01185,小沢大仁,1:47.7,クビ,4-3-3-3,36.0,30.2,6,412(-12),01149,[西]松下武士,486800,キャロットファーム,220.0,"14(2,3)6(7,9)11,8,13(1,12)10-4,5",4,1,0.0,False,"14,3(2,6)7,9-11(8,13)(1,12)10-(4,5)",3,2,1.5,False,"(*14,3)(2,6)(7,9)(11,13)8(1,12)(10,5)-4",3,2,0.0,False,"(14,*3)(2,6)7(11,9,13)(1,8)10,12-(5,4)",3,2,0.0,False,-25,開催初日でAコース使用。芝と路盤の状態が非常に良く、洋芝としてはかなり高速馬場となった。内も外も使えるが、上級条件では差し優勢だった。
202301010106,6,3歳未勝利,芝,1800,晴,良,12:45,2023-07-22,札幌,3,5,7,2020102579,ルヴェルリドー,牡3,56,01091,丹内祐次,1:47.7,アタマ,5-5-5-5,35.7,5.5,3,478(+2),01017,[東]萩原清,808800,Ｇ１レーシング,140.0,"14(2,3)6(7,9)11,8,13(1,12)10-4,5",5,2,0.0,False,"14,3(2,6)7,9-11(8,13)(1,12)10-(4,5)",5,1,1.5,False,"(*14,3)(2,6)(7,9)(11,13)8(1,12)(10,5)-4",5,2,0.0,False,"(14,*3)(2,6)7(11,9,13)(1,8)10,12-(5,4)",5,1,0.0,False,-25,開催初日でAコース使用。芝と路盤の状態が非常に良く、洋芝としてはかなり高速馬場となった。内も外も使えるが、上級条件では差し優勢だった。
202301010106,6,3歳未勝利,芝,1800,晴,良,12:45,2023-07-22,札幌,4,6,10,2020104281,アムブロシアー,牝3,54,01176,亀田温心,1:47.9,1.1/4,12-12-12-11,35.1,80.2,10,422(0),01058,[西]大久保龍,547800,ヒダカ・ブリーダーズ...,83.0,"14(2,3)6(7,9)11,8,13(1,12)10-4,5",12,1,3.0,False,"14,3(2,6)7,9-11(8,13)(1,12)10-(4,5)",12,1,6.5,False,"(*14,3)(2,6)(7,9)(11,13)8(1,12)(10,5)-4",12,2,0.0,False,"(14,*3)(2,6)7(11,9,13)(1,8)10,12-(5,4)",11,1,0.0,False,-25,開催初日でAコース使用。芝と路盤の状態が非常に良く、洋芝としてはかなり高速馬場となった。内も外も使えるが、上級条件では差し優勢だった。
202301010106,6,3歳未勝利,芝,1800,晴,良,12:45,2023-07-22,札幌,5,1,1,2020101146,ガルヴァニック,牝3,53,01186,角田大和,1:48.0,クビ,10-10-10-9,35.4,11.5,5,448(+4),01176,[西]吉岡辰弥,542800,ライオンレースホース,55.0,"14(2,3)6(7,9)11,8,13(1,12)10-4,5",10,2,3.0,False,"14,3(2,6)7,9-11(8,13)(1,12)10-(4,5)",10,2,6.5,False,"(*14,3)(2,6)(7,9)(11,13)8(1,12)(10,5)-4",10,2,0.0,False,"(14,*3)(2,6)7(11,9,13)(1,8)10,12-(5,4)",9,2,0.0,False,-25,開催初日でAコース使用。芝と路盤の状態が非常に良く、洋芝としてはかなり高速馬場となった。内も外も使えるが、上級条件では差し優勢だった。
202301010106,6,3歳未勝利,芝,1800,晴,良,12:45,2023-07-22,札幌,6,2,2,2020100175,アンブレラダンス,牝3,54,01140,横山和生,1:48.0,クビ,2-3-3-3,36.3,32.2,7,442(+2),01165,[東]和田勇介,669033,中村智幸,,"14(2,3)6(7,9)11,8,13(1,12)10-4,5",2,2,0.0,False,"14,3(2,6)7,9-11(8,13)(1,12)10-(4,5)",3,2,1.5,False,"(*14,3)(2,6)(7,9)(11,13)8(1,12)(10,5)-4",3,2,0.0,False,"(14,*3)(2,6)7(11,9,13)(1,8)10,12-(5,4)",3,2,0.0,False,-25,開催初日でAコース使用。芝と路盤の状態が非常に良く、洋芝としてはかなり高速馬場となった。内も外も使えるが、上級条件では差し優勢だった。
202301010106,6,3歳未勝利,芝,1800,晴,良,12:45,2023-07-22,札幌,7,7,11,2020106584,メトロフィルム,牝3,51,01205,小林勝太,1:48.1,クビ,7-7-7-6,35.9,120.4,11,432(0),01080,[東]清水英克,018033,石川秀守,,"14(2,3)6(7,9)11,8,13(1,12)10-4,5",7,1,0.0,False,"14,3(2,6)7,9-11(8,13)(1,12)10-(4,5)",7,1,6.5,False,"(*14,3)(2,6)(7,9)(11,13)8(1,12)(10,5)-4",7,2,0.0,False,"(14,*3)(2,6)7(11,9,13)(1,8)10,12-(5,4)",6,3,0.0,False,-25,開催初日でAコース使用。芝と路盤の状態が非常に良く、洋芝としてはかなり高速馬場となった。内も外も使えるが、上級条件では差し優勢だった。
202301010106,6,3歳未勝利,芝,1800,晴,良,12:45,2023-07-22,札幌,8,8,14,2020110071,エレガントメイデン,牝3,52,01197,佐々木大,1:48.2,3/4,1-1-1-2,36.8,69.5,9,446(-2),01129,[西]高橋義忠,520031,福盛訓之,,"14(2,3)6(7,9)11,8,13(1,12)10-4,5",1,1,0.0,False,"14,3(2,6)7,9-11(8,13)(1,12)10-(4,5)",1,1,0.0,False,"(*14,3)(2,6)(7,9)(11,13)8(1,12)(10,5)-4",1,2,0.0,True,"(14,*3)(2,6)7(11,9,13)(1,8)10,12-(5,4)",2,2,0.0,False,-25,開催初日でAコース使用。芝と路盤の状態が非常に良く、洋芝としてはかなり高速馬場となった。内も外も使えるが、上級条件では差し優勢だった。
202301010106,6,3歳未勝利,芝,1800,晴,良,12:45,2023-07-22,札幌,9,5,8,2020101296,アイヲヨブテーラー,牝3,54,00666,武豊,1:48.5,1.3/4,8-8-9-9,36.1,4.2,2,472(0),01072,[西]河内洋,730002,中西浩一,,"14(2,3)6(7,9)11,8,13(1,12)10-4,5",8,1,1.5,False,"14,3(2,6)7,9-11(8,13)(1,12)10-(4,5)",8,2,6.5,False,"(*14,3)(2,6)(7,9)(11,13)8(1,12)(10,5)-4",9,1,0.0,False,"(14,*3)(2,6)7(11,9,13)(1,8)10,12-(5,4)",9,2,0.0,False,-25,開催初日でAコース使用。芝と路盤の状態が非常に良く、洋芝としてはかなり高速馬場となった。内も外も使えるが、上級条件では差し優勢だった。
202301010106,6,3歳未勝利,芝,1800,晴,良,12:45,2023-07-22,札幌,10,8,13,2020101653,モズマーカッシン,牡3,56,01157,鮫島克駿,1:48.5,クビ,9-8-7-6,36.4,6.6,4,438(-16),01159,[西]高柳大輔,005803,キャピタル・システム,,"14(2,3)6(7,9)11,8,13(1,12)10-4,5",9,1,3.0,False,"14,3(2,6)7,9-11(8,13)(1,12)10-(4,5)",8,2,6.5,False,"(*14,3)(2,6)(7,9)(11,13)8(1,12)(10,5)-4",7,2,0.0,False,"(14,*3)(2,6)7(11,9,13)(1,8)10,12-(5,4)",6,3,0.0,False,-25,開催初日でAコース使用。芝と路盤の状態が非常に良く、洋芝としてはかなり高速馬場となった。内も外も使えるが、上級条件では差し優勢だった。
202301010106,6,3歳未勝利,芝,1800,晴,良,12:45,2023-07-22,札幌,11,6,9,2020101679,シゲルノヴァ,牝3,54,01146,和田翼,1:48.6,3/4,5-6-5-6,36.7,185.9,13,440(-6),00431,[西]谷潔,552031,森中啓子,,"14(2,3)6(7,9)11,8,13(1,12)10-4,5",5,2,0.0,False,"14,3(2,6)7,9-11(8,13)(1,12)10-(4,5)",6,1,3.0,False,"(*14,3)(2,6)(7,9)(11,13)8(1,12)(10,5)-4",5,2,0.0,False,"(14,*3)(2,6)7(11,9,13)(1,8)10,12-(5,4)",6,3,0.0,False,-25,開催初日でAコース使用。芝と路盤の状態が非常に良く、洋芝としてはかなり高速馬場となった。内も外も使えるが、上級条件では差し優勢だった。
202301010106,6,3歳未勝利,芝,1800,晴,良,12:45,2023-07-22,札幌,12,3,4,2020106674,ヒルノグラスゴー,牡3,56,00660,横山典弘,1:48.7,クビ,13-13-14-13,35.2,37.6,8,484(+10),01044,[西]昆貢,823800,ヒルノ,,"14(2,3)6(7,9)11,8,13(1,12)10-4,5",13,1,6.5,False,"14,3(2,6)7,9-11(8,13)(1,12)10-(4,5)",13,2,10.0,False,"(*14,3)(2,6)(7,9)(11,13)8(1,12)(10,5)-4",14,1,3.5,False,"(14,*3)(2,6)7(11,9,13)(1,8)10,12-(5,4)",13,2,5.0,False,-25,開催初日でAコース使用。芝と路盤の状態が非常に良く、洋芝としてはかなり高速馬場となった。内も外も使えるが、上級条件では差し優勢だった。
202301010106,6,3歳未勝利,芝,1800,晴,良,12:45,2023-07-22,札幌,13,7,12,2020102577,ホンマモン,牝3,54,01095,吉田隼人,1:49.5,5,10-10-10-12,36.9,127.3,12,488(+6),01109,[東]伊藤大士,318803,ニッシンホールディン...,,"14(2,3)6(7,9)11,8,13(1,12)10-4,5",10,2,3.0,False,"14,3(2,6)7,9-11(8,13)(1,12)10-(4,5)",10,2,6.5,False,"(*14,3)(2,6)(7,9)(11,13)8(1,12)(10,5)-4",10,2,0.0,False,"(14,*3)(2,6)7(11,9,13)(1,8)10,12-(5,4)",12,1,1.5,False,-25,開催初日でAコース使用。芝と路盤の状態が非常に良く、洋芝としてはかなり高速馬場となった。内も外も使えるが、上級条件では差し優勢だった。
202301010106,6,3歳未勝利,芝,1800,晴,良,12:45,2023-07-22,札幌,14,4,5,2020103829,ヒロノサクセス,牡3,53,01202,鷲頭虎太,1:49.7,1.1/2,14-13-12-13,36.8,531.0,14,410(-8),01124,[東]大和田成,752006,石川博,,"14(2,3)6(7,9)11,8,13(1,12)10-4,5",14,1,8.0,False,"14,3(2,6)7,9-11(8,13)(1,12)10-(4,5)",13,2,10.0,False,"(*14,3)(2,6)(7,9)(11,13)8(1,12)(10,5)-4",12,2,0.0,False,"(14,*3)(2,6)7(11,9,13)(1,8)10,12-(5,4)",13,2,5.0,False,-25,開催初日でAコース使用。芝と路盤の状態が非常に良く、洋芝としてはかなり高速馬場となった。内も外も使えるが、上級条件では差し優勢だった。
202301010107,7,3歳以上1勝クラス,芝,1200,晴,良,13:15,2023-07-22,札幌,1,6,12,2018100480,デルマヤクシ,牡5,58,05339,ルメール,1:08.1,,10-10,33.9,5.6,4,456(-4),01180,[西]田中克典,274002,浅沼廣幸,800.0,,,,,,,,,,,"(*4,8)(10,16)5(6,15)(1,2)(14,12)3(7,9,13)11",10,2,0.0,False,"(*4,8,10,16)5(6,15)(1,2)(3,12)(14,13)9(7,11)",10,2,0.0,False,-25,開催初日でAコース使用。芝と路盤の状態が非常に良く、洋芝としてはかなり高速馬場となった。内も外も使えるが、上級条件では差し優勢だった。
202301010107,7,3歳以上1勝クラス,芝,1200,晴,良,13:15,2023-07-22,札幌,2,2,3,2019106194,コーリングユー,牝4,56,01102,北村友一,1:08.3,1,12-10,34.0,4.2,1,440(+4),00438,[西]安田隆行,154800,タイヘイ牧場,320.0,,,,,,,,,,,"(*4,8)(10,16)5(6,15)(1,2)(14,12)3(7,9,13)11",12,1,0.0,False,"(*4,8,10,16)5(6,15)(1,2)(3,12)(14,13)9(7,11)",10,2,0.0,False,-25,開催初日でAコース使用。芝と路盤の状態が非常に良く、洋芝としてはかなり高速馬場となった。内も外も使えるが、上級条件では差し優勢だった。
202301010107,7,3歳以上1勝クラス,芝,1200,晴,良,13:15,2023-07-22,札幌,3,3,5,2017103309,ホウオウエンジェル,牝6,56,01091,丹内祐次,1:08.6,1.3/4,5-5,34.8,21.7,7,482(0),01077,[東]加藤和宏,906033,小笹芳央,200.0,,,,,,,,,,,"(*4,8)(10,16)5(6,15)(1,2)(14,12)3(7,9,13)11",5,1,0.0,False,"(*4,8,10,16)5(6,15)(1,2)(3,12)(14,13)9(7,11)",5,1,0.0,False,-25,開催初日でAコース使用。芝と路盤の状態が非常に良く、洋芝としてはかなり高速馬場となった。内も外も使えるが、上級条件では差し優勢だった。
202301010107,7,3歳以上1勝クラス,芝,1200,晴,良,13:15,2023-07-22,札幌,4,7,13,2020106712,ファルマリン,牝3,53,01157,鮫島克駿,1:08.7,1,13-12,34.1,34.1,9,406(+4),01142,[西]森田直行,418030,高樽さゆり,120.0,,,,,,,,,,,"(*4,8)(10,16)5(6,15)(1,2)(14,12)3(7,9,13)11",13,3,0.0,False,"(*4,8,10,16)5(6,15)(1,2)(3,12)(14,13)9(7,11)",12,2,0.0,False,-25,開催初日でAコース使用。芝と路盤の状態が非常に良く、洋芝としてはかなり高速馬場となった。内も外も使えるが、上級条件では差し優勢だった。
202301010107,7,3歳以上1勝クラス,芝,1200,晴,良,13:15,2023-07-22,札幌,5,8,15,2018105201,デイトンウェイ,牡5,58,01176,亀田温心,1:08.7,クビ,6-6,34.8,14.2,6,512(+6),01098,[西]野中賢二,506800,シルクレーシング,80.0,,,,,,,,,,,"(*4,8)(10,16)5(6,15)(1,2)(14,12)3(7,9,13)11",6,2,0.0,False,"(*4,8,10,16)5(6,15)(1,2)(3,12)(14,13)9(7,11)",6,2,0.0,False,-25,開催初日でAコース使用。芝と路盤の状態が非常に良く、洋芝としてはかなり高速馬場となった。内も外も使えるが、上級条件では差し優勢だった。
202301010107,7,3歳以上1勝クラス,芝,1200,晴,良,13:15,2023-07-22,札幌,6,6,11,2018105814,マケルナマサムネ,牡5,58,01166,川又賢治,1:08.8,アタマ,16-15,34.0,121.7,15,460(+2),01178,[西]杉山佳明,915008,塩澤正樹,,,,,,,,,,,,"(*4,8)(10,16)5(6,15)(1,2)(14,12)3(7,9,13)11",16,1,0.0,False,"(*4,8,10,16)5(6,15)(1,2)(3,12)(14,13)9(7,11)",15,2,0.0,False,-25,開催初日でAコース使用。芝と路盤の状態が非常に良く、洋芝としてはかなり高速馬場となった。内も外も使えるが、上級条件では差し優勢だった。
202301010107,7,3歳以上1勝クラス,芝,1200,晴,良,13:15,2023-07-22,札幌,7,1,1,2020102321,テーオーヴァイナー,牡3,55,01093,藤岡佑介,1:08.8,クビ,8-8,34.8,44.2,10,494(+12),01062,[西]藤岡健一,304008,小笹公也,,,,,,,,,,,,"(*4,8)(10,16)5(6,15)(1,2)(14,12)3(7,9,13)11",8,2,0.0,False,"(*4,8,10,16)5(6,15)(1,2)(3,12)(14,13)9(7,11)",8,2,0.0,False,-25,開催初日でAコース使用。芝と路盤の状態が非常に良く、洋芝としてはかなり高速馬場となった。内も外も使えるが、上級条件では差し優勢だった。
202301010107,7,3歳以上1勝クラス,芝,1200,晴,良,13:15,2023-07-22,札幌,8,2,4,2019102747,マキアージュ,牝4,54,01197,佐々木大,1:08.8,ハナ,1-1,35.3,5.1,3,458(+2),01052,[東]菊川正達,373008,中村祐子,,,,,,,,,,,,"(*4,8)(10,16)5(6,15)(1,2)(14,12)3(7,9,13)11",1,2,0.0,True,"(*4,8,10,16)5(6,15)(1,2)(3,12)(14,13)9(7,11)",1,4,0.0,True,-25,開催初日でAコース使用。芝と路盤の状態が非常に良く、洋芝としてはかなり高速馬場となった。内も外も使えるが、上級条件では差し優勢だった。
202301010107,7,3歳以上1勝クラス,芝,1200,晴,良,13:15,2023-07-22,札幌,9,5,9,2019101100,キーチズカンパニー,牡4,54,01190,古川奈穂,1:08.8,ハナ,13-14,34.2,150.2,16,478(-8),01171,[東]小手川準,592031,山本益臣,,,,,,,,,,,,"(*4,8)(10,16)5(6,15)(1,2)(14,12)3(7,9,13)11",13,3,0.0,False,"(*4,8,10,16)5(6,15)(1,2)(3,12)(14,13)9(7,11)",14,1,0.0,False,-25,開催初日でAコース使用。芝と路盤の状態が非常に良く、洋芝としてはかなり高速馬場となった。内も外も使えるが、上級条件では差し優勢だった。
202301010107,7,3歳以上1勝クラス,芝,1200,晴,良,13:15,2023-07-22,札幌,10,8,16,2019104693,ポメランチェ,牝4,53,01202,鷲頭虎太,1:09.0,3/4,3-2,35.4,22.1,8,416(+8),01123,[西]牧田和弥,415800,社台レースホース,,,,,,,,,,,,"(*4,8)(10,16)5(6,15)(1,2)(14,12)3(7,9,13)11",3,2,0.0,False,"(*4,8,10,16)5(6,15)(1,2)(3,12)(14,13)9(7,11)",2,4,0.0,False,-25,開催初日でAコース使用。芝と路盤の状態が非常に良く、洋芝としてはかなり高速馬場となった。内も外も使えるが、上級条件では差し優勢だった。
202301010107,7,3歳以上1勝クラス,芝,1200,晴,良,13:15,2023-07-22,札幌,11,3,6,2018103063,フィルムスコア,牝5,56,01178,斎藤新,1:09.1,1/2,6-6,35.2,62.6,12,456(-6),01082,[西]平田修,482002,水上行雄,,,,,,,,,,,,"(*4,8)(10,16)5(6,15)(1,2)(14,12)3(7,9,13)11",6,2,0.0,False,"(*4,8,10,16)5(6,15)(1,2)(3,12)(14,13)9(7,11)",6,2,0.0,False,-25,開催初日でAコース使用。芝と路盤の状態が非常に良く、洋芝としてはかなり高速馬場となった。内も外も使えるが、上級条件では差し優勢だった。
202301010107,7,3歳以上1勝クラス,芝,1200,晴,良,13:15,2023-07-22,札幌,12,4,7,2019102320,サイモンカーチス,牡4,58,01015,古川吉洋,1:09.3,1.1/4,13-15,34.6,49.5,11,476(+2),01084,[西]梅田智之,132030,澤田昭紀,,,,,,,,,,,,"(*4,8)(10,16)5(6,15)(1,2)(14,12)3(7,9,13)11",13,3,0.0,False,"(*4,8,10,16)5(6,15)(1,2)(3,12)(14,13)9(7,11)",15,2,0.0,False,-25,開催初日でAコース使用。芝と路盤の状態が非常に良く、洋芝としてはかなり高速馬場となった。内も外も使えるが、上級条件では差し優勢だった。
202301010107,7,3歳以上1勝クラス,芝,1200,晴,良,13:15,2023-07-22,札幌,13,5,10,2019102240,マメコ,牝4,56,01168,富田暁,1:09.3,ハナ,3-2,35.7,4.9,2,444(-2),01161,[西]武英智,117030,中西功,,,,,,,,,,,,"(*4,8)(10,16)5(6,15)(1,2)(14,12)3(7,9,13)11",3,2,0.0,False,"(*4,8,10,16)5(6,15)(1,2)(3,12)(14,13)9(7,11)",2,4,0.0,False,-25,開催初日でAコース使用。芝と路盤の状態が非常に良く、洋芝としてはかなり高速馬場となった。内も外も使えるが、上級条件では差し優勢だった。
202301010107,7,3歳以上1勝クラス,芝,1200,晴,良,13:15,2023-07-22,札幌,14,7,14,2020102049,ハウピア,牝3,52,01185,小沢大仁,1:09.4,1/2,10-12,35.2,115.5,14,430(0),01066,[西]岡田稲男,093803,日高大洋牧場,,,,,,,,,,,,"(*4,8)(10,16)5(6,15)(1,2)(14,12)3(7,9,13)11",10,2,0.0,False,"(*4,8,10,16)5(6,15)(1,2)(3,12)(14,13)9(7,11)",12,2,0.0,False,-25,開催初日でAコース使用。芝と路盤の状態が非常に良く、洋芝としてはかなり高速馬場となった。内も外も使えるが、上級条件では差し優勢だった。
202301010107,7,3歳以上1勝クラス,芝,1200,晴,良,13:15,2023-07-22,札幌,15,4,8,2018105231,ラヴォルタ,牝5,56,01170,横山武史,1:09.6,1.1/4,2-2,36.1,6.7,5,502(0),01027,[東]田村康仁,486800,キャロットファーム,,,,,,,,,,,,"(*4,8)(10,16)5(6,15)(1,2)(14,12)3(7,9,13)11",2,2,0.0,False,"(*4,8,10,16)5(6,15)(1,2)(3,12)(14,13)9(7,11)",2,4,0.0,False,-25,開催初日でAコース使用。芝と路盤の状態が非常に良く、洋芝としてはかなり高速馬場となった。内も外も使えるが、上級条件では差し優勢だった。
202301010107,7,3歳以上1勝クラス,芝,1200,晴,良,13:15,2023-07-22,札幌,16,1,2,2020100441,ハナサキポプラ,牝3,52,01192,横山琉人,1:09.6,クビ,8-8,35.6,63.4,13,428(+6),01178,[西]杉山佳明,018033,石川秀守,,,,,,,,,,,,"(*4,8)(10,16)5(6,15)(1,2)(14,12)3(7,9,13)11",8,2,0.0,False,"(*4,8,10,16)5(6,15)(1,2)(3,12)(14,13)9(7,11)",8,2,0.0,False,-25,開催初日でAコース使用。芝と路盤の状態が非常に良く、洋芝としてはかなり高速馬場となった。内も外も使えるが、上級条件では差し優勢だった。
202301010108,8,3歳以上1勝クラス,ダ,1700,晴,良,13:45,2023-07-22,札幌,1,6,8,2019105025,マテンロウアイ,牝4,53,01193,今村聖奈,1:46.5,,11-11-5-2,37.3,8.6,5,524(-12),01158,[西]寺島良,534006,寺田千代乃,800.0,"6(2,10,12)5,9(1,3)(4,13)-8,11-7",11,1,5.0,False,"6(2,10,12)5(1,9)(3,13)4,8,11,7",11,1,1.5,False,"12,13(6,5)(10,8)(2,3,9)4,1(7,11)",5,2,1.5,False,"12(13,5,8)4(3,9)10,7(6,2)(1,11)",2,3,0.0,False,-3,
202301010108,8,3歳以上1勝クラス,ダ,1700,晴,良,13:45,2023-07-22,札幌,2,8,12,2019106690,タマモタップダンス,牝4,54,01177,小林凌大,1:46.7,1.1/2,2-2-1-1,37.9,5.0,2,502(-4),01023,[東]伊藤圭三,515800,タマモ,320.0,"6(2,10,12)5,9(1,3)(4,13)-8,11-7",2,3,0.0,False,"6(2,10,12)5(1,9)(3,13)4,8,11,7",2,3,0.0,False,"12,13(6,5)(10,8)(2,3,9)4,1(7,11)",1,1,0.0,False,"12(13,5,8)4(3,9)10,7(6,2)(1,11)",1,1,0.0,False,-3,
202301010108,8,3歳以上1勝クラス,ダ,1700,晴,良,13:45,2023-07-22,札幌,3,4,5,2019104486,イモータルフェイム,牝4,56,01091,丹内祐次,1:47.1,2,5-5-3-2,38.0,2.9,1,484(+22),01097,[東]鹿戸雄一,808800,Ｇ１レーシング,200.0,"6(2,10,12)5,9(1,3)(4,13)-8,11-7",5,1,0.0,False,"6(2,10,12)5(1,9)(3,13)4,8,11,7",5,1,0.0,False,"12,13(6,5)(10,8)(2,3,9)4,1(7,11)",3,2,1.5,False,"12(13,5,8)4(3,9)10,7(6,2)(1,11)",2,3,0.0,False,-3,
202301010108,8,3歳以上1勝クラス,ダ,1700,晴,良,13:45,2023-07-22,札幌,4,6,9,2020105533,タガノチョコラータ,牝3,50,01205,小林勝太,1:47.8,4,6-6-7-6,38.4,11.9,6,504(-8),01121,[西]角田晃一,859002,八木良司,120.0,"6(2,10,12)5,9(1,3)(4,13)-8,11-7",6,1,1.5,False,"6(2,10,12)5(1,9)(3,13)4,8,11,7",6,2,0.0,False,"12,13(6,5)(10,8)(2,3,9)4,1(7,11)",7,3,1.5,False,"12(13,5,8)4(3,9)10,7(6,2)(1,11)",6,2,0.0,False,-3,
202301010108,8,3歳以上1勝クラス,ダ,1700,晴,良,13:45,2023-07-22,札幌,5,8,13,2019105528,デームフォーチュン,牝4,56,01157,鮫島克駿,1:48.0,3/4,9-8-2-2,39.1,24.5,9,474(-12),01117,[西]高野友和,790005,吉田勝己,80.0,"6(2,10,12)5,9(1,3)(4,13)-8,11-7",9,2,1.5,False,"6(2,10,12)5(1,9)(3,13)4,8,11,7",8,2,0.0,False,"12,13(6,5)(10,8)(2,3,9)4,1(7,11)",2,1,1.5,False,"12(13,5,8)4(3,9)10,7(6,2)(1,11)",2,3,0.0,False,-3,
202301010108,8,3歳以上1勝クラス,ダ,1700,晴,良,13:45,2023-07-22,札幌,6,3,3,2020103929,オルノア,牝3,50,01190,古川奈穂,1:48.3,2,7-8-7-6,38.9,5.1,3,492(+4),01172,[西]新谷功一,854800,ノルマンディーサラブ...,,"6(2,10,12)5,9(1,3)(4,13)-8,11-7",7,2,1.5,False,"6(2,10,12)5(1,9)(3,13)4,8,11,7",8,2,0.0,False,"12,13(6,5)(10,8)(2,3,9)4,1(7,11)",7,3,1.5,False,"12(13,5,8)4(3,9)10,7(6,2)(1,11)",6,2,0.0,False,-3,
202301010108,8,3歳以上1勝クラス,ダ,1700,晴,良,13:45,2023-07-22,札幌,7,4,4,2020104636,ノーブルマルシェ,牝3,53,01095,吉田隼人,1:48.4,クビ,9-10-10-5,38.8,65.1,11,450(-12),01067,[東]久保田貴,755030,吉木伸彦,,"6(2,10,12)5,9(1,3)(4,13)-8,11-7",9,2,1.5,False,"6(2,10,12)5(1,9)(3,13)4,8,11,7",10,1,0.0,False,"12,13(6,5)(10,8)(2,3,9)4,1(7,11)",10,1,1.5,False,"12(13,5,8)4(3,9)10,7(6,2)(1,11)",5,1,0.0,False,-3,
202301010108,8,3歳以上1勝クラス,ダ,1700,晴,良,13:45,2023-07-22,札幌,8,5,7,2020103441,フラッシングレート,牝3,53,01102,北村友一,1:48.7,2,13-13-12-9,38.6,23.8,8,458(-6),01002,[西]音無秀孝,790005,吉田勝己,,"6(2,10,12)5,9(1,3)(4,13)-8,11-7",13,1,10.0,False,"6(2,10,12)5(1,9)(3,13)4,8,11,7",13,1,4.5,False,"12,13(6,5)(10,8)(2,3,9)4,1(7,11)",12,2,3.0,False,"12(13,5,8)4(3,9)10,7(6,2)(1,11)",9,1,1.5,False,-3,
202301010108,8,3歳以上1勝クラス,ダ,1700,晴,良,13:45,2023-07-22,札幌,9,7,11,2018104348,ジョリーブレス,牝5,53,01202,鷲頭虎太,1:48.9,1,12-12-12-12,38.9,255.0,13,476(-6),01146,[西]奥村豊,616800,フジワラ・ファーム,,"6(2,10,12)5,9(1,3)(4,13)-8,11-7",12,1,6.5,False,"6(2,10,12)5(1,9)(3,13)4,8,11,7",12,1,3.0,False,"12,13(6,5)(10,8)(2,3,9)4,1(7,11)",12,2,3.0,False,"12(13,5,8)4(3,9)10,7(6,2)(1,11)",12,2,1.5,False,-3,
202301010108,8,3歳以上1勝クラス,ダ,1700,晴,良,13:45,2023-07-22,札幌,10,7,10,2020102990,シャドウレディー,牝3,51,01197,佐々木大,1:48.9,アタマ,2-2-5-8,39.7,15.5,7,436(+2),01176,[西]吉岡辰弥,308002,飯塚知一,,"6(2,10,12)5,9(1,3)(4,13)-8,11-7",2,3,0.0,False,"6(2,10,12)5(1,9)(3,13)4,8,11,7",2,3,0.0,False,"12,13(6,5)(10,8)(2,3,9)4,1(7,11)",5,2,1.5,False,"12(13,5,8)4(3,9)10,7(6,2)(1,11)",8,1,0.0,False,-3,
202301010108,8,3歳以上1勝クラス,ダ,1700,晴,良,13:45,2023-07-22,札幌,11,1,1,2019101631,ヴァルドマルヌ,牝4,55,01192,横山琉人,1:49.3,2.1/2,7-6-11-12,39.5,148.4,12,414(+4),01124,[東]大和田成,338007,村野康司,,"6(2,10,12)5,9(1,3)(4,13)-8,11-7",7,2,1.5,False,"6(2,10,12)5(1,9)(3,13)4,8,11,7",6,2,0.0,False,"12,13(6,5)(10,8)(2,3,9)4,1(7,11)",11,1,3.0,False,"12(13,5,8)4(3,9)10,7(6,2)(1,11)",12,2,1.5,False,-3,
202301010108,8,3歳以上1勝クラス,ダ,1700,晴,良,13:45,2023-07-22,札幌,12,2,2,2020104171,グァルジャー,牝3,52,01186,角田大和,1:49.5,1,2-2-7-10,40.1,46.1,10,462(+6),01101,[西]吉田直弘,952033,二口雅一,,"6(2,10,12)5,9(1,3)(4,13)-8,11-7",2,3,0.0,False,"6(2,10,12)5(1,9)(3,13)4,8,11,7",2,3,0.0,False,"12,13(6,5)(10,8)(2,3,9)4,1(7,11)",7,3,1.5,False,"12(13,5,8)4(3,9)10,7(6,2)(1,11)",10,2,1.5,False,-3,
202301010108,8,3歳以上1勝クラス,ダ,1700,晴,良,13:45,2023-07-22,札幌,13,5,6,2019104610,リトルポピー,牝4,56,01170,横山武史,1:49.8,1.3/4,1-1-3-10,40.7,7.7,4,476(+4),01145,[東]奥村武,226800,サンデーレーシング,,"6(2,10,12)5,9(1,3)(4,13)-8,11-7",1,1,0.0,False,"6(2,10,12)5(1,9)(3,13)4,8,11,7",1,1,0.0,False,"12,13(6,5)(10,8)(2,3,9)4,1(7,11)",3,2,1.5,False,"12(13,5,8)4(3,9)10,7(6,2)(1,11)",10,2,1.5,False,-3,
202301010109,9,北辰特別(1勝),芝,1800,晴,良,14:15,2023-07-22,札幌,1,8,9,2020110155,レイベリング,牡3,55,01170,横山武史,1:47.4,,4-5-5-5,34.0,1.8,1,472(0),01097,[東]鹿戸雄一,716800,ビッグレッドファーム,"1,138.7","8,3,6(1,9)4(2,5)-7",4,2,3.0,False,"8,3(1,6)(4,9)-(2,5)-7",5,2,1.5,False,"8,3(1,6)(4,9)(2,5)7",5,2,1.5,False,"8(1,3,6)(4,9)(2,5)7",5,2,0.0,False,-25,開催初日でAコース使用。芝と路盤の状態が非常に良く、洋芝としてはかなり高速馬場となった。内も外も使えるが、上級条件では差し優勢だった。
202301010109,9,北辰特別(1勝),芝,1800,晴,良,14:15,2023-07-22,札幌,2,4,4,2019103829,キングロコマイカイ,牡4,58,05339,ルメール,1:47.6,1.1/2,6-5-5-5,34.1,12.4,5,494(0),01105,[西]須貝尚介,324030,大和屋暁,448.2,"8,3,6(1,9)4(2,5)-7",6,1,3.0,False,"8,3(1,6)(4,9)-(2,5)-7",5,2,1.5,False,"8,3(1,6)(4,9)(2,5)7",5,2,1.5,False,"8(1,3,6)(4,9)(2,5)7",5,2,0.0,False,-25,開催初日でAコース使用。芝と路盤の状態が非常に良く、洋芝としてはかなり高速馬場となった。内も外も使えるが、上級条件では差し優勢だった。
202301010109,9,北辰特別(1勝),芝,1800,晴,良,14:15,2023-07-22,札幌,3,8,8,2020101721,ゴッドファーザー,牡3,55,01140,横山和生,1:47.6,アタマ,1-1-1-1,34.7,4.7,2,508(+6),01017,[東]萩原清,887800,ＮＩＣＫＳ,284.1,"8,3,6(1,9)4(2,5)-7",1,1,0.0,False,"8,3(1,6)(4,9)-(2,5)-7",1,1,0.0,False,"8,3(1,6)(4,9)(2,5)7",1,1,0.0,False,"8(1,3,6)(4,9)(2,5)7",1,1,0.0,False,-25,開催初日でAコース使用。芝と路盤の状態が非常に良く、洋芝としてはかなり高速馬場となった。内も外も使えるが、上級条件では差し優勢だった。
202301010109,9,北辰特別(1勝),芝,1800,晴,良,14:15,2023-07-22,札幌,4,5,5,2019105542,クラシックステップ,牡4,58,01178,斎藤新,1:47.7,アタマ,7-7-7-7,34.0,27.8,7,472(-6),00438,[西]安田隆行,506800,シルクレーシング,170.0,"8,3,6(1,9)4(2,5)-7",7,2,3.0,False,"8,3(1,6)(4,9)-(2,5)-7",7,2,5.0,False,"8,3(1,6)(4,9)(2,5)7",7,2,1.5,False,"8(1,3,6)(4,9)(2,5)7",7,2,0.0,False,-25,開催初日でAコース使用。芝と路盤の状態が非常に良く、洋芝としてはかなり高速馬場となった。内も外も使えるが、上級条件では差し優勢だった。
202301010109,9,北辰特別(1勝),芝,1800,晴,良,14:15,2023-07-22,札幌,5,2,2,2020103280,エマヌエーレ,牡3,55,01102,北村友一,1:47.7,アタマ,7-7-7-7,34.0,6.7,4,496(+6),01082,[西]平田修,922030,丸山担,111.0,"8,3,6(1,9)4(2,5)-7",7,2,3.0,False,"8,3(1,6)(4,9)-(2,5)-7",7,2,5.0,False,"8,3(1,6)(4,9)(2,5)7",7,2,1.5,False,"8(1,3,6)(4,9)(2,5)7",7,2,0.0,False,-25,開催初日でAコース使用。芝と路盤の状態が非常に良く、洋芝としてはかなり高速馬場となった。内も外も使えるが、上級条件では差し優勢だった。
202301010109,9,北辰特別(1勝),芝,1800,晴,良,14:15,2023-07-22,札幌,6,1,1,2019103100,サルサロッサ,牝4,56,01157,鮫島克駿,1:47.9,1.1/4,4-3-3-2,34.7,24.0,6,454(-2),01118,[東]高柳瑞樹,851009,岡田牧雄,,"8,3,6(1,9)4(2,5)-7",4,2,3.0,False,"8,3(1,6)(4,9)-(2,5)-7",3,2,1.5,False,"8,3(1,6)(4,9)(2,5)7",3,2,1.5,False,"8(1,3,6)(4,9)(2,5)7",2,3,0.0,False,-25,開催初日でAコース使用。芝と路盤の状態が非常に良く、洋芝としてはかなり高速馬場となった。内も外も使えるが、上級条件では差し優勢だった。
202301010109,9,北辰特別(1勝),芝,1800,晴,良,14:15,2023-07-22,札幌,7,7,7,2020106131,ジオパーククラウン,牡3,55,00666,武豊,1:48.1,1.1/4,9-9-9-9,34.1,57.6,8,446(0),01173,[西]長谷川浩,513033,小関勝紀,,"8,3,6(1,9)4(2,5)-7",9,1,6.5,False,"8,3(1,6)(4,9)-(2,5)-7",9,1,8.5,False,"8,3(1,6)(4,9)(2,5)7",9,1,1.5,False,"8(1,3,6)(4,9)(2,5)7",9,1,0.0,False,-25,開催初日でAコース使用。芝と路盤の状態が非常に良く、洋芝としてはかなり高速馬場となった。内も外も使えるが、上級条件では差し優勢だった。
202301010109,9,北辰特別(1勝),芝,1800,晴,良,14:15,2023-07-22,札幌,8,6,6,2020100681,ジーニアスバローズ,牡3,55,01032,池添謙一,1:48.2,1.1/4,3-3-3-2,35.0,6.0,3,460(+12),01183,[西]辻野泰之,859007,猪熊広次,,"8,3,6(1,9)4(2,5)-7",3,1,3.0,False,"8,3(1,6)(4,9)-(2,5)-7",3,2,1.5,False,"8,3(1,6)(4,9)(2,5)7",3,2,1.5,False,"8(1,3,6)(4,9)(2,5)7",2,3,0.0,False,-25,開催初日でAコース使用。芝と路盤の状態が非常に良く、洋芝としてはかなり高速馬場となった。内も外も使えるが、上級条件では差し優勢だった。
202301010109,9,北辰特別(1勝),芝,1800,晴,良,14:15,2023-07-22,札幌,9,3,3,2018106443,クレイジーリッチ,牡5,58,01173,山田敬士,1:48.9,4,2-2-2-2,35.9,244.8,9,498(-4),01171,[東]小手川準,338006,江川伸夫,,"8,3,6(1,9)4(2,5)-7",2,1,1.5,False,"8,3(1,6)(4,9)-(2,5)-7",2,1,1.5,False,"8,3(1,6)(4,9)(2,5)7",2,1,1.5,False,"8(1,3,6)(4,9)(2,5)7",2,3,0.0,False,-25,開催初日でAコース使用。芝と路盤の状態が非常に良く、洋芝としてはかなり高速馬場となった。内も外も使えるが、上級条件では差し優勢だった。
202301010110,10,ライラック賞(2勝),芝,2000,晴,良,14:50,2023-07-22,札幌,1,6,6,2019105628,インザオベーション,牝4,56,01115,浜中俊,2:00.4,,1-1-1-1,34.5,9.4,3,476(-8),01160,[西]武幸四郎,463031,フィールドレーシング,"1,569.6","6,7,4,5,2,9(1,8)3",1,1,0.0,False,"(*6,7)(4,5)(2,9)(1,8)-3",1,2,0.0,True,"(*6,8)7(4,5)(2,9)-1,3",1,2,0.0,True,"(*6,8)(7,5,9)(4,2)1,3",1,2,0.0,True,-25,開催初日でAコース使用。芝と路盤の状態が非常に良く、洋芝としてはかなり高速馬場となった。内も外も使えるが、上級条件では差し優勢だった。
202301010110,10,ライラック賞(2勝),芝,2000,晴,良,14:50,2023-07-22,札幌,2,1,1,2020106669,ハウゼ,牡3,55,05203,岩田康誠,2:00.5,クビ,7-7-8-8,33.4,5.4,2,506(+4),01162,[東]田中博康,888800,ＣＨＥＶＡＬＡＴＴＡ...,625.6,"6,7,4,5,2,9(1,8)3",7,2,7.5,False,"(*6,7)(4,5)(2,9)(1,8)-3",7,2,0.0,False,"(*6,8)7(4,5)(2,9)-1,3",8,1,3.5,False,"(*6,8)(7,5,9)(4,2)1,3",8,1,0.0,False,-25,開催初日でAコース使用。芝と路盤の状態が非常に良く、洋芝としてはかなり高速馬場となった。内も外も使えるが、上級条件では差し優勢だった。
202301010110,10,ライラック賞(2勝),芝,2000,晴,良,14:50,2023-07-22,札幌,3,7,7,2018104512,エルディアブロ,牡5,58,01168,富田暁,2:00.5,ハナ,2-2-3-3,34.3,18.7,6,458(-2),00429,[西]佐々木晶,415800,社台レースホース,392.8,"6,7,4,5,2,9(1,8)3",2,1,1.5,False,"(*6,7)(4,5)(2,9)(1,8)-3",2,2,0.0,False,"(*6,8)7(4,5)(2,9)-1,3",3,1,0.0,False,"(*6,8)(7,5,9)(4,2)1,3",3,3,0.0,False,-25,開催初日でAコース使用。芝と路盤の状態が非常に良く、洋芝としてはかなり高速馬場となった。内も外も使えるが、上級条件では差し優勢だった。
202301010110,10,ライラック賞(2勝),芝,2000,晴,良,14:50,2023-07-22,札幌,4,5,5,2020103803,アヴニールドブリエ,牡3,55,05339,ルメール,2:00.5,アタマ,4-3-4-3,34.0,1.5,1,510(0),01175,[東]宮田敬介,506800,シルクレーシング,230.0,"6,7,4,5,2,9(1,8)3",4,1,4.5,False,"(*6,7)(4,5)(2,9)(1,8)-3",3,2,0.0,False,"(*6,8)7(4,5)(2,9)-1,3",4,2,0.0,False,"(*6,8)(7,5,9)(4,2)1,3",3,3,0.0,False,-25,開催初日でAコース使用。芝と路盤の状態が非常に良く、洋芝としてはかなり高速馬場となった。内も外も使えるが、上級条件では差し優勢だった。
202301010110,10,ライラック賞(2勝),芝,2000,晴,良,14:50,2023-07-22,札幌,5,3,3,2019100606,ヤマニンループ,牡4,58,00660,横山典弘,2:00.6,1,9-9-9-9,33.3,11.5,4,442(+6),01092,[西]松永幹夫,329004,土井肇,155.0,"6,7,4,5,2,9(1,8)3",9,1,7.5,False,"(*6,7)(4,5)(2,9)(1,8)-3",9,1,3.5,False,"(*6,8)7(4,5)(2,9)-1,3",9,1,5.0,False,"(*6,8)(7,5,9)(4,2)1,3",9,1,1.5,False,-25,開催初日でAコース使用。芝と路盤の状態が非常に良く、洋芝としてはかなり高速馬場となった。内も外も使えるが、上級条件では差し優勢だった。
202301010110,10,ライラック賞(2勝),芝,2000,晴,良,14:50,2023-07-22,札幌,6,8,8,2019104845,シャドウマッドネス,セ4,58,01140,横山和生,2:00.9,1.3/4,7-7-2-2,34.9,32.3,8,440(+8),01165,[東]和田勇介,308002,飯塚知一,,"6,7,4,5,2,9(1,8)3",7,2,7.5,False,"(*6,7)(4,5)(2,9)(1,8)-3",7,2,0.0,False,"(*6,8)7(4,5)(2,9)-1,3",2,2,0.0,False,"(*6,8)(7,5,9)(4,2)1,3",2,2,0.0,False,-25,開催初日でAコース使用。芝と路盤の状態が非常に良く、洋芝としてはかなり高速馬場となった。内も外も使えるが、上級条件では差し優勢だった。
202301010110,10,ライラック賞(2勝),芝,2000,晴,良,14:50,2023-07-22,札幌,7,2,2,2019104929,エコルフリューゲル,牝4,56,01095,吉田隼人,2:00.9,アタマ,5-5-6-6,34.2,50.5,9,474(+4),01179,[東]鈴木慎太,956031,鈴木昌樹,,"6,7,4,5,2,9(1,8)3",5,1,6.0,False,"(*6,7)(4,5)(2,9)(1,8)-3",5,2,0.0,False,"(*6,8)7(4,5)(2,9)-1,3",6,2,0.0,False,"(*6,8)(7,5,9)(4,2)1,3",6,2,0.0,False,-25,開催初日でAコース使用。芝と路盤の状態が非常に良く、洋芝としてはかなり高速馬場となった。内も外も使えるが、上級条件では差し優勢だった。
202301010110,10,ライラック賞(2勝),芝,2000,晴,良,14:50,2023-07-22,札幌,8,4,4,2019102937,コスモフロイデ,牡4,58,01170,横山武史,2:01.0,1/2,3-3-4-6,34.6,14.6,5,472(+6),01090,[東]天間昭一,716800,ビッグレッドファーム,,"6,7,4,5,2,9(1,8)3",3,1,3.0,False,"(*6,7)(4,5)(2,9)(1,8)-3",3,2,0.0,False,"(*6,8)7(4,5)(2,9)-1,3",4,2,0.0,False,"(*6,8)(7,5,9)(4,2)1,3",6,2,0.0,False,-25,開催初日でAコース使用。芝と路盤の状態が非常に良く、洋芝としてはかなり高速馬場となった。内も外も使えるが、上級条件では差し優勢だった。
202301010110,10,ライラック賞(2勝),芝,2000,晴,良,14:50,2023-07-22,札幌,9,8,9,2018105226,カトルショセット,牝5,56,01091,丹内祐次,2:01.1,クビ,6-5-6-3,34.5,21.8,7,472(+6),01133,[東]黒岩陽一,808800,Ｇ１レーシング,,"6,7,4,5,2,9(1,8)3",6,1,7.5,False,"(*6,7)(4,5)(2,9)(1,8)-3",5,2,0.0,False,"(*6,8)7(4,5)(2,9)-1,3",6,2,0.0,False,"(*6,8)(7,5,9)(4,2)1,3",3,3,0.0,False,-25,開催初日でAコース使用。芝と路盤の状態が非常に良く、洋芝としてはかなり高速馬場となった。内も外も使えるが、上級条件では差し優勢だった。
202301010111,11,TVh賞(3勝),芝,1200,晴,良,15:25,2023-07-22,札幌,1,7,13,2019110031,エクセトラ,牡4,58,05339,ルメール,1:07.5,,8-8,33.4,2.3,1,524(-8),01130,[西]吉村圭司,003060,ゴドルフィン,"1,871.5",,,,,,,,,,,"(*8,11)(4,12)5(3,9)(6,13)(1,14)15,10,2-7",8,2,0.0,False,"(*8,11)(4,12)(3,5,9)(6,13,1)(10,14,15)2,7",8,3,0.0,False,-25,開催初日でAコース使用。芝と路盤の状態が非常に良く、洋芝としてはかなり高速馬場となった。内も外も使えるが、上級条件では差し優勢だった。
202301010111,11,TVh賞(3勝),芝,1200,晴,良,15:25,2023-07-22,札幌,2,2,3,2018110037,ブルースピリット,セ5,58,01091,丹内祐次,1:07.5,クビ,6-5,33.6,10.0,4,496(+6),01051,[東]岩戸孝樹,003060,ゴドルフィン,749.0,,,,,,,,,,,"(*8,11)(4,12)5(3,9)(6,13)(1,14)15,10,2-7",6,2,0.0,False,"(*8,11)(4,12)(3,5,9)(6,13,1)(10,14,15)2,7",5,3,0.0,False,-25,開催初日でAコース使用。芝と路盤の状態が非常に良く、洋芝としてはかなり高速馬場となった。内も外も使えるが、上級条件では差し優勢だった。
202301010111,11,TVh賞(3勝),芝,1200,晴,良,15:25,2023-07-22,札幌,3,3,4,2019105846,ブライトオンベイス,牝4,56,01186,角田大和,1:07.8,1.3/4,3-3,34.2,23.3,10,446(+4),01110,[西]清水久詞,547800,ヒダカ・ブリーダーズ...,464.5,,,,,,,,,,,"(*8,11)(4,12)5(3,9)(6,13)(1,14)15,10,2-7",3,2,0.0,False,"(*8,11)(4,12)(3,5,9)(6,13,1)(10,14,15)2,7",3,2,0.0,False,-25,開催初日でAコース使用。芝と路盤の状態が非常に良く、洋芝としてはかなり高速馬場となった。内も外も使えるが、上級条件では差し優勢だった。
202301010111,11,TVh賞(3勝),芝,1200,晴,良,15:25,2023-07-22,札幌,4,2,2,2018100756,シュアーヴアリア,牝5,56,01025,勝浦正樹,1:07.8,アタマ,14-14,32.9,81.7,13,490(+2),00412,[東]高橋裕,013803,ディアレストクラブ,280.0,,,,,,,,,,,"(*8,11)(4,12)5(3,9)(6,13)(1,14)15,10,2-7",14,1,3.0,False,"(*8,11)(4,12)(3,5,9)(6,13,1)(10,14,15)2,7",14,1,0.0,False,-25,開催初日でAコース使用。芝と路盤の状態が非常に良く、洋芝としてはかなり高速馬場となった。内も外も使えるが、上級条件では差し優勢だった。
202301010111,11,TVh賞(3勝),芝,1200,晴,良,15:25,2023-07-22,札幌,5,3,5,2019105806,ドロップオブライト,牝4,56,01185,小沢大仁,1:07.8,ハナ,5-5,34.1,8.3,3,436(+6),01083,[西]松永昌博,851009,岡田牧雄,184.0,,,,,,,,,,,"(*8,11)(4,12)5(3,9)(6,13)(1,14)15,10,2-7",5,1,0.0,False,"(*8,11)(4,12)(3,5,9)(6,13,1)(10,14,15)2,7",5,3,0.0,False,-25,開催初日でAコース使用。芝と路盤の状態が非常に良く、洋芝としてはかなり高速馬場となった。内も外も使えるが、上級条件では差し優勢だった。
202301010111,11,TVh賞(3勝),芝,1200,晴,良,15:25,2023-07-22,札幌,6,6,11,2019106184,カフジテトラゴン,牝4,56,01168,富田暁,1:07.9,クビ,2-2,34.5,7.2,2,460(0),01161,[西]武英智,019004,加藤守,,,,,,,,,,,,"(*8,11)(4,12)5(3,9)(6,13)(1,14)15,10,2-7",2,2,0.0,False,"(*8,11)(4,12)(3,5,9)(6,13,1)(10,14,15)2,7",2,2,0.0,False,-25,開催初日でAコース使用。芝と路盤の状態が非常に良く、洋芝としてはかなり高速馬場となった。内も外も使えるが、上級条件では差し優勢だった。
202301010111,11,TVh賞(3勝),芝,1200,晴,良,15:25,2023-07-22,札幌,7,6,10,2019104525,ラキエータ,牝4,56,01102,北村友一,1:07.9,クビ,13-11,33.2,19.5,8,422(-4),01002,[西]音無秀孝,506800,シルクレーシング,,,,,,,,,,,,"(*8,11)(4,12)5(3,9)(6,13)(1,14)15,10,2-7",13,1,1.5,False,"(*8,11)(4,12)(3,5,9)(6,13,1)(10,14,15)2,7",11,3,0.0,False,-25,開催初日でAコース使用。芝と路盤の状態が非常に良く、洋芝としてはかなり高速馬場となった。内も外も使えるが、上級条件では差し優勢だった。
202301010111,11,TVh賞(3勝),芝,1200,晴,良,15:25,2023-07-22,札幌,8,1,1,2018105223,モンファボリ,牝5,56,00666,武豊,1:07.9,ハナ,10-8,33.5,14.1,6,456(+6),01105,[西]須貝尚介,226800,サンデーレーシング,,,,,,,,,,,,"(*8,11)(4,12)5(3,9)(6,13)(1,14)15,10,2-7",10,2,0.0,False,"(*8,11)(4,12)(3,5,9)(6,13,1)(10,14,15)2,7",8,3,0.0,False,-25,開催初日でAコース使用。芝と路盤の状態が非常に良く、洋芝としてはかなり高速馬場となった。内も外も使えるが、上級条件では差し優勢だった。
202301010111,11,TVh賞(3勝),芝,1200,晴,良,15:25,2023-07-22,札幌,9,5,9,2020100443,エイシンエイト,牝3,53,01197,佐々木大,1:08.0,アタマ,6-5,34.2,15.0,7,486(+2),01119,[東]田中剛,785800,栄進堂,,,,,,,,,,,,"(*8,11)(4,12)5(3,9)(6,13)(1,14)15,10,2-7",6,2,0.0,False,"(*8,11)(4,12)(3,5,9)(6,13,1)(10,14,15)2,7",5,3,0.0,False,-25,開催初日でAコース使用。芝と路盤の状態が非常に良く、洋芝としてはかなり高速馬場となった。内も外も使えるが、上級条件では差し優勢だった。
202301010111,11,TVh賞(3勝),芝,1200,晴,良,15:25,2023-07-22,札幌,10,4,6,2017104873,エグレムニ,牡6,58,01030,松田大作,1:08.2,1.1/4,8-8,34.1,146.4,15,508(-4),00425,[西]加用正,758005,吉田照哉,,,,,,,,,,,,"(*8,11)(4,12)5(3,9)(6,13)(1,14)15,10,2-7",8,2,0.0,False,"(*8,11)(4,12)(3,5,9)(6,13,1)(10,14,15)2,7",8,3,0.0,False,-25,開催初日でAコース使用。芝と路盤の状態が非常に良く、洋芝としてはかなり高速馬場となった。内も外も使えるが、上級条件では差し優勢だった。
202301010111,11,TVh賞(3勝),芝,1200,晴,良,15:25,2023-07-22,札幌,11,4,7,2018104949,フォイアーロート,牡5,58,05203,岩田康誠,1:08.3,3/4,15-15,32.9,109.6,14,482(+4),01186,[西]中村直也,790005,吉田勝己,,,,,,,,,,,,"(*8,11)(4,12)5(3,9)(6,13)(1,14)15,10,2-7",15,1,6.5,False,"(*8,11)(4,12)(3,5,9)(6,13,1)(10,14,15)2,7",15,1,1.5,False,-25,開催初日でAコース使用。芝と路盤の状態が非常に良く、洋芝としてはかなり高速馬場となった。内も外も使えるが、上級条件では差し優勢だった。
202301010111,11,TVh賞(3勝),芝,1200,晴,良,15:25,2023-07-22,札幌,12,8,14,2019103010,オードゥメール,牝4,56,01178,斎藤新,1:08.3,ハナ,10-11,34.0,35.4,12,468(-4),01086,[東]斎藤誠,669033,中村智幸,,,,,,,,,,,,"(*8,11)(4,12)5(3,9)(6,13)(1,14)15,10,2-7",10,2,0.0,False,"(*8,11)(4,12)(3,5,9)(6,13,1)(10,14,15)2,7",11,3,0.0,False,-25,開催初日でAコース使用。芝と路盤の状態が非常に良く、洋芝としてはかなり高速馬場となった。内も外も使えるが、上級条件では差し優勢だった。
202301010111,11,TVh賞(3勝),芝,1200,晴,良,15:25,2023-07-22,札幌,13,5,8,2018102491,メイショウエニシア,牝5,56,01093,藤岡佑介,1:08.5,1.1/2,1-1,35.2,20.1,9,454(-4),01099,[西]本田優,911008,松本好隆,,,,,,,,,,,,"(*8,11)(4,12)5(3,9)(6,13)(1,14)15,10,2-7",1,2,0.0,True,"(*8,11)(4,12)(3,5,9)(6,13,1)(10,14,15)2,7",1,2,0.0,True,-25,開催初日でAコース使用。芝と路盤の状態が非常に良く、洋芝としてはかなり高速馬場となった。内も外も使えるが、上級条件では差し優勢だった。
202301010111,11,TVh賞(3勝),芝,1200,晴,良,15:25,2023-07-22,札幌,14,7,12,2018105004,アップリバー,牝5,56,01095,吉田隼人,1:08.6,アタマ,3-3,35.1,23.4,11,496(-4),01106,[東]牧光二,011008,平田修,,,,,,,,,,,,"(*8,11)(4,12)5(3,9)(6,13)(1,14)15,10,2-7",3,2,0.0,False,"(*8,11)(4,12)(3,5,9)(6,13,1)(10,14,15)2,7",3,2,0.0,False,-25,開催初日でAコース使用。芝と路盤の状態が非常に良く、洋芝としてはかなり高速馬場となった。内も外も使えるが、上級条件では差し優勢だった。
202301010111,11,TVh賞(3勝),芝,1200,晴,良,15:25,2023-07-22,札幌,15,8,15,2019100659,レベレンシア,牡4,58,01157,鮫島克駿,1:08.7,3/4,12-11,34.2,12.4,5,506(0),01164,[西]安田翔伍,788800,ノースヒルズ,,,,,,,,,,,,"(*8,11)(4,12)5(3,9)(6,13)(1,14)15,10,2-7",12,1,0.0,False,"(*8,11)(4,12)(3,5,9)(6,13,1)(10,14,15)2,7",11,3,0.0,False,-25,開催初日でAコース使用。芝と路盤の状態が非常に良く、洋芝としてはかなり高速馬場となった。内も外も使えるが、上級条件では差し優勢だった。
202301010112,12,3歳以上1勝クラス,ダ,1700,晴,良,16:05,2023-07-22,札幌,1,8,13,2019102163,フォーワンセルフ,牡4,58,00666,武豊,1:46.3,,12-12-12-4,37.6,4.7,2,528(+2),01005,[東]小桧山悟,970800,アドバンス・サッポロ,800.0,"2(1,9)10,3,5(6,8)11-(4,14)-13,7-12",12,1,10.0,False,"(*2,10)(1,9)(5,3)(6,8)11-(4,14)13,7,12",12,1,3.5,False,"2,10,9(1,5,8)11(6,3)(4,14)13-(7,12)",12,1,3.0,False,"(*2,10)9(5,11,8,13)-(3,14)1(6,12)(4,7)",4,4,0.0,False,-3,
202301010112,12,3歳以上1勝クラス,ダ,1700,晴,良,16:05,2023-07-22,札幌,2,6,10,2020106873,オウギノカナメ,牡3,55,01170,横山武史,1:46.6,1.3/4,4-2-2-2,39.2,6.9,4,464(-2),01088,[東]高木登,399009,嶋田賢,320.0,"2(1,9)10,3,5(6,8)11-(4,14)-13,7-12",4,1,0.0,False,"(*2,10)(1,9)(5,3)(6,8)11-(4,14)13,7,12",2,2,0.0,False,"2,10,9(1,5,8)11(6,3)(4,14)13-(7,12)",2,1,1.5,False,"(*2,10)9(5,11,8,13)-(3,14)1(6,12)(4,7)",2,2,0.0,False,-3,
202301010112,12,3歳以上1勝クラス,ダ,1700,晴,良,16:05,2023-07-22,札幌,3,8,14,2020106639,カビーリア,牡3,52,01193,今村聖奈,1:46.6,クビ,10-10-10-8,38.0,14.6,7,482(-10),01139,[西]飯田祐史,983033,竹下千亜子,200.0,"2(1,9)10,3,5(6,8)11-(4,14)-13,7-12",10,2,6.5,False,"(*2,10)(1,9)(5,3)(6,8)11-(4,14)13,7,12",10,2,3.5,False,"2,10,9(1,5,8)11(6,3)(4,14)13-(7,12)",10,2,3.0,False,"(*2,10)9(5,11,8,13)-(3,14)1(6,12)(4,7)",8,2,3.5,False,-3,
202301010112,12,3歳以上1勝クラス,ダ,1700,晴,良,16:05,2023-07-22,札幌,4,7,11,2019106284,サクラソーレ,牡4,56,01197,佐々木大,1:46.6,アタマ,9-9-7-4,38.4,8.5,6,468(0),01070,[東]堀宣行,019800,さくらコマース,120.0,"2(1,9)10,3,5(6,8)11-(4,14)-13,7-12",9,1,3.0,False,"(*2,10)(1,9)(5,3)(6,8)11-(4,14)13,7,12",9,1,0.0,False,"2,10,9(1,5,8)11(6,3)(4,14)13-(7,12)",7,1,3.0,False,"(*2,10)9(5,11,8,13)-(3,14)1(6,12)(4,7)",4,4,0.0,False,-3,
202301010112,12,3歳以上1勝クラス,ダ,1700,晴,良,16:05,2023-07-22,札幌,5,7,12,2019106923,ウッドショック,牡4,55,01205,小林勝太,1:47.1,3,14-14-13-11,38.0,65.9,11,512(+2),01008,[東]杉浦宏昭,880033,小林善一,80.0,"2(1,9)10,3,5(6,8)11-(4,14)-13,7-12",14,1,15.0,False,"(*2,10)(1,9)(5,3)(6,8)11-(4,14)13,7,12",14,1,6.5,False,"2,10,9(1,5,8)11(6,3)(4,14)13-(7,12)",13,2,6.5,False,"(*2,10)9(5,11,8,13)-(3,14)1(6,12)(4,7)",11,2,3.5,False,-3,
202301010112,12,3歳以上1勝クラス,ダ,1700,晴,良,16:05,2023-07-22,札幌,6,2,2,2020100498,ブライトファントム,牡3,55,01091,丹内祐次,1:47.5,2,1-1-1-1,40.3,7.2,5,502(-2),01157,[西]杉山晴紀,053803,杉山忠国,,"2(1,9)10,3,5(6,8)11-(4,14)-13,7-12",1,1,0.0,False,"(*2,10)(1,9)(5,3)(6,8)11-(4,14)13,7,12",1,2,0.0,True,"2,10,9(1,5,8)11(6,3)(4,14)13-(7,12)",1,1,0.0,False,"(*2,10)9(5,11,8,13)-(3,14)1(6,12)(4,7)",1,2,0.0,True,-3,
202301010112,12,3歳以上1勝クラス,ダ,1700,晴,良,16:05,2023-07-22,札幌,7,6,9,2018105996,サムハンター,牡5,58,01140,横山和生,1:47.6,3/4,2-3-3-3,39.9,3.6,1,486(-8),01135,[西]高橋康之,436800,駒秀,,"2(1,9)10,3,5(6,8)11-(4,14)-13,7-12",2,2,0.0,False,"(*2,10)(1,9)(5,3)(6,8)11-(4,14)13,7,12",3,2,0.0,False,"2,10,9(1,5,8)11(6,3)(4,14)13-(7,12)",3,1,3.0,False,"(*2,10)9(5,11,8,13)-(3,14)1(6,12)(4,7)",3,1,0.0,False,-3,
202301010112,12,3歳以上1勝クラス,ダ,1700,晴,良,16:05,2023-07-22,札幌,8,4,5,2020101850,ウェザーコック,牡3,55,01157,鮫島克駿,1:47.9,1.1/2,6-5-4-4,39.9,6.1,3,444(+6),01066,[西]岡田稲男,003060,ゴドルフィン,,"2(1,9)10,3,5(6,8)11-(4,14)-13,7-12",6,1,3.0,False,"(*2,10)(1,9)(5,3)(6,8)11-(4,14)13,7,12",5,2,0.0,False,"2,10,9(1,5,8)11(6,3)(4,14)13-(7,12)",4,3,3.0,False,"(*2,10)9(5,11,8,13)-(3,14)1(6,12)(4,7)",4,4,0.0,False,-3,
202301010112,12,3歳以上1勝クラス,ダ,1700,晴,良,16:05,2023-07-22,札幌,9,4,6,2019101413,ミユキザストロング,牡4,58,01025,勝浦正樹,1:47.9,クビ,7-7-8-11,39.5,48.7,10,542(+4),00405,[東]小西一男,890007,長井純一,,"2(1,9)10,3,5(6,8)11-(4,14)-13,7-12",7,2,3.0,False,"(*2,10)(1,9)(5,3)(6,8)11-(4,14)13,7,12",7,2,0.0,False,"2,10,9(1,5,8)11(6,3)(4,14)13-(7,12)",8,2,3.0,False,"(*2,10)9(5,11,8,13)-(3,14)1(6,12)(4,7)",11,2,3.5,False,-3,
202301010112,12,3歳以上1勝クラス,ダ,1700,晴,良,16:05,2023-07-22,札幌,10,5,7,2019106629,ブラックルパン,牡4,58,01109,黛弘人,1:48.0,1/2,13-13-13-13,38.9,303.4,14,550(-2),00428,[東]石毛善彦,464030,田畑利彦,,"2(1,9)10,3,5(6,8)11-(4,14)-13,7-12",13,1,11.5,False,"(*2,10)(1,9)(5,3)(6,8)11-(4,14)13,7,12",13,1,5.0,False,"2,10,9(1,5,8)11(6,3)(4,14)13-(7,12)",13,2,6.5,False,"(*2,10)9(5,11,8,13)-(3,14)1(6,12)(4,7)",13,2,3.5,False,-3,
202301010112,12,3歳以上1勝クラス,ダ,1700,晴,良,16:05,2023-07-22,札幌,11,3,4,2019105142,ルミナスフラックス,セ4,58,05203,岩田康誠,1:48.1,クビ,10-10-10-13,39.5,175.5,13,492(+10),01189,[東]堀内岳志,542800,ライオンレースホース,,"2(1,9)10,3,5(6,8)11-(4,14)-13,7-12",10,2,6.5,False,"(*2,10)(1,9)(5,3)(6,8)11-(4,14)13,7,12",10,2,3.5,False,"2,10,9(1,5,8)11(6,3)(4,14)13-(7,12)",10,2,3.0,False,"(*2,10)9(5,11,8,13)-(3,14)1(6,12)(4,7)",13,2,3.5,False,-3,
202301010112,12,3歳以上1勝クラス,ダ,1700,晴,良,16:05,2023-07-22,札幌,12,5,8,2020106661,フォーサイドナイン,牡3,55,01032,池添謙一,1:48.3,1.1/4,7-7-4-4,40.4,15.4,8,460(-10),01146,[西]奥村豊,072803,スリーエイチレーシン...,,"2(1,9)10,3,5(6,8)11-(4,14)-13,7-12",7,2,3.0,False,"(*2,10)(1,9)(5,3)(6,8)11-(4,14)13,7,12",7,2,0.0,False,"2,10,9(1,5,8)11(6,3)(4,14)13-(7,12)",4,3,3.0,False,"(*2,10)9(5,11,8,13)-(3,14)1(6,12)(4,7)",4,4,0.0,False,-3,
202301010112,12,3歳以上1勝クラス,ダ,1700,晴,良,16:05,2023-07-22,札幌,13,3,3,2017103278,シアープレジャー,牝6,53,01202,鷲頭虎太,1:49.3,6,5-5-8-8,41.0,110.8,12,446(+14),01194,[西]小栗実,851009,岡田牧雄,,"2(1,9)10,3,5(6,8)11-(4,14)-13,7-12",5,1,1.5,False,"(*2,10)(1,9)(5,3)(6,8)11-(4,14)13,7,12",5,2,0.0,False,"2,10,9(1,5,8)11(6,3)(4,14)13-(7,12)",8,2,3.0,False,"(*2,10)9(5,11,8,13)-(3,14)1(6,12)(4,7)",8,2,3.5,False,-3,
202301010112,12,3歳以上1勝クラス,ダ,1700,晴,良,16:05,2023-07-22,札幌,14,1,1,2018105564,レッドヴァイス,セ5,58,01168,富田暁,1:50.0,4,2-3-4-10,42.1,44.1,9,496(-2),01129,[西]高橋義忠,180800,東京ホースレーシング,,"2(1,9)10,3,5(6,8)11-(4,14)-13,7-12",2,2,0.0,False,"(*2,10)(1,9)(5,3)(6,8)11-(4,14)13,7,12",3,2,0.0,False,"2,10,9(1,5,8)11(6,3)(4,14)13-(7,12)",4,3,3.0,False,"(*2,10)9(5,11,8,13)-(3,14)1(6,12)(4,7)",10,1,3.5,False,-3,
